1,1010001138614,12,0,2026-09-18,2026-08-25,"株式会社百吉",,301,"東京都","港区","北青山１丁目３番１号",,13,103,1070061,,,,,,,2015-10-05,1,,,,,"モモキチ",0
2,1010001171342,12,0,2026-09-18,2026-09-08,"ヴェルテックス・アドバイザーズ株式会社",,301,"広島県","広島市中区","江波東２丁目３番２９号",,34,101,7300832,,,,,,,2015-10-28,1,,,,,"ヴェルテックスアドバイザーズ",0
3,1010001190152,12,0,2026-09-18,2026-09-15,"Ｂｅｙｏｎｄｇｅ　Ｍ＆Ａパートナーズ株式会社",,301,"東京都","渋谷区","渋谷１丁目１番３号アミーホール",,13,113,1500002,,,,,,,2018-03-13,1,,,,,"ビヨンジエムアンドエーパートナーズ",0
4,1010001197437,12,0,2026-09-18,2026-09-15,"株式会社ＯＫＦＭ",,301,"東京都","渋谷区","桜丘町２６番１号",,13,113,1500031,,,,,,,2018-12-28,1,,,,,"オーケーエフエム",0
5,1010001230131,01,1,2026-09-18,2022-10-18,"株式会社ＪＹプラス",,301,"東京都","中央区","銀座１丁目１２番４号Ｎ＆ＥＢＬＤ．６Ｆ",,13,102,1040061,,,,,,,2022-10-18,1,"J-Y-PLUS INC.","Tokyo","N&E BLD. 6F, 1-12-4 Ginza, Chuo-ku",,"ジェイワイプラス",0
6,1010001259831,11,0,2026-09-18,2026-09-10,"株式会社メタモルフォーシス・コンサルティング",,301,"東京都","中央区","八丁堀２丁目２９番５号日興パレス八重洲８０１",,13,102,1040032,,,,,,,2025-10-31,1,,,,,,0
7,1010001259848,11,0,2026-09-18,2026-09-01,"ＢＢＶＡ証券株式会社",,301,"東京都","中央区","八重洲２丁目１番１号ＹＡＮＭＡＲ－ＴＯＫＹＯ",,13,102,1040028,,,,,,,2025-10-30,1,"BBVA Japan Securities Preparation K.K.","Tokyo","12F YANMAR-TOKYO, 2-1-1 Yaesu, Chuo ku",,"ビービーブイエーショウケン",0
8,1010001268857,01,0,2026-09-18,2026-09-18,"株式会社Ｄアセットマネジメント",,301,"東京都","千代田区","神田小川町１丁目１１番地千代田小川町クロスタ１０階",,13,101,1010052,,,,,,,2026-09-18,1,,,,,"ディーアセットマネジメント",0
9,1010001268898,01,0,2026-09-18,2026-09-18,"株式会社ＲｅｓｉＬｉＮＸ",,301,"東京都","中央区","銀座６丁目１３－１６ヒューリック銀座ウォールビル９Ｆ",,13,102,1040061,,,,,,,2026-09-18,1,,,,,"レジリンクス",0
10,1010003042764,12,0,2026-09-18,2026-08-24,"合同会社Ｕ",,305,"東京都","港区","南青山６丁目８－２エス・テラス南青山４０３号室",,13,103,1070062,,,,,,,2024-01-25,1,,,,,"ユー",0
11,1010401104059,12,0,2026-09-18,2026-09-04,"ＳＧキャピタル株式会社",,301,"東京都","港区","麻布台１丁目１番１－１２２２号",,13,103,1060041,,,,,,,2015-10-05,1,,,,,"エスジーキャピタル",0
12,1010401152388,21,0,2026-09-18,2026-08-28,"ＯＮＷＡＲＤ　ＳＥＣＵＲＩＴＹ　ＪＡＰＡＮ株式会社",,301,"東京都","港区","西新橋３丁目２３番６号第一白川ビル２階Ｅ室",,13,103,1050003,,,2026-08-28,01,,,2020-04-21,1,,,,,"オンワードセキュリティジャパン",0
13,1010401183318,12,0,2026-09-18,2026-09-15,"キャリウム株式会社",,301,"東京都","千代田区","大手町１丁目２番１号",,13,101,1000004,,,,,,,2024-06-24,1,,,,,"キャリウム",0
14,1010401188011,12,0,2026-09-18,2026-09-08,"株式会社東京ＴＨＡＮＫ",,301,"東京都","港区","南青山１丁目２０番２号",,13,103,1070062,,,,,,,2025-02-05,1,,,,,"トウキョウサンク",0
15,1010401201855,01,0,2026-09-18,2026-09-18,"株式会社パンゲア商会",,301,"東京都","港区","港南２丁目１７番１号京王品川ビル２Ｆ",,13,103,1080075,,,,,,,2026-09-18,1,,,,,"パンゲアショウカイ",0
16,1010401202036,01,0,2026-09-18,2026-09-18,"株式会社ｓｕｒｓｕｒａ",,301,"東京都","港区","北青山１丁目３番１号アールキューブ青山３階",,13,103,1070061,,,,,,,2026-09-18,1,,,,,"シュルシュラ",0
17,1010401202102,01,0,2026-09-18,2026-09-18,"株式会社ＴＨＲＥＥ",,301,"東京都","港区","南青山５丁目５－１１ハウス南青山４０３",,13,103,1070062,,,,,,,2026-09-18,1,,,,,"スリー",0
18,1010401202135,01,0,2026-09-18,2026-09-18,"株式会社Ｉｎｃｒｅｍｅｎｔ　Ｃａｒｅｅｒ",,301,"東京都","港区","六本木２丁目１番１９号Ｓ‐Ｂｕｉｌｄｉｎｇ３階",,13,103,1060032,,,,,,,2026-09-18,1,,,,,"インクリメントキャリア",0
19,1010401202176,01,0,2026-09-18,2026-09-18,"株式会社ＫＧＰ２",,301,"東京都","港区","愛宕２丁目５番１号愛宕グリーンヒルズＭＯＲＩタワー",,13,103,1050002,,,,,,,2026-09-18,1,,,,,"ケージーピーツー",0
20,1010403016491,12,0,2026-09-18,2026-08-20,"シリウス・ソーラー・ジャパン４０合同会社",,305,"東京都","港区","赤坂１丁目１２番３２号アーク森ビル東京国際法律事務所内",,13,103,1070052,,,,,,,2017-04-26,1,,,,,"シリウスソーラージャパンヨンジュウ",0
21,1010403018991,12,0,2026-09-18,2026-08-20,"シリウス・ソーラー・ジャパン５１合同会社",,305,"東京都","港区","赤坂１丁目１２番３２号アーク森ビル東京国際法律事務所内",,13,103,1070052,,,,,,,2018-07-23,1,,,,,"シリウスソーラージャパンゴジュウイチ",0
22,1010403024115,12,0,2026-09-18,2026-09-15,"株式会社ＭＩＫＫＥ",,301,"埼玉県","さいたま市大宮区","桜木町１丁目１９５番地１大宮ソラミチＫＯＺ４階",,11,103,3300854,,,,,,,2020-11-12,1,,,,,"ミッケ",0
23,1010403032662,12,0,2026-09-18,2026-09-16,"合同会社Ｗｉｓｅｌｙ",,305,"神奈川県","茅ヶ崎市","緑が浜９－１５－７０２",,14,207,2530034,,,,,,,2024-05-24,1,,,,,"ワイズリー",0
24,1010403038998,01,0,2026-09-18,2026-09-18,"合同会社Ｏｋｅｎ",,305,"東京都","港区","六本木３丁目１６番１２号六本木ＫＳビル５Ｆ",,13,103,1060032,,,,,,,2026-09-18,1,,,,,"オークン",0
25,1010403039138,01,0,2026-09-18,2026-09-18,"合同会社ＴＷＲ侍ＲＭＰｔｉｃｋａｌｏｎｇ",,305,"東京都","港区","北青山１丁目３－３－３Ｆ",,13,103,1070061,,,,,,,2026-09-18,1,,,,,"ティーダブリューアールサムライアールエムピー",0
26,1010405013826,12,0,2026-09-18,2026-09-16,"行政書士法人かなえリーガル",,399,"東京都","千代田区","内神田１丁目１３番１号豊島屋ビル３階",,13,101,1010047,,,,,,,2015-10-05,1,,,,,"カナエリーガル",0
27,1010405022505,21,0,2026-09-18,2026-08-31,"ジー・エイ・ワン・レジデンス・ファイブ一般社団法人",,399,"東京都","港区","六本木１丁目９番１０号アークヒルズ仙石山森タワー４０階",,13,103,1060032,,,2026-08-31,01,,,2023-09-14,1,,,,,"ジーエイワンレジデンスファイブ",0
28,1010405026175,01,0,2026-09-18,2026-09-18,"一般社団法人美容師キャリア協会",,399,"東京都","港区","高輪３丁目２５番２９号",,13,103,1080074,,,,,,,2026-09-18,1,,,,,"ビヨウシキャリアキョウカイ",0
29,1010501007095,21,0,2026-09-18,2026-09-16,"大絖タオル株式会社",,301,"東京都","荒川区","東日暮里４丁目２５番１号",,13,118,1160014,,,2026-09-16,01,,,2015-10-05,1,,,,,"タイコウタオル",0
30,1010501040798,01,1,2026-09-18,2017-03-21,"株式会社Ｋｏｒｅａ　Ｍａｎａｇｅｍｅｎｔ　Ｊａｐａｎ",,301,"東京都","台東区","台東４丁目５番５号",,13,106,1100016,,,,,,,2017-03-21,1,,,,,"コリアマネジメントジャパン",0
31,1010501056464,01,0,2026-09-18,2026-09-18,"株式会社日本医療ヘルスケアサービス",,301,"東京都","台東区","千束４丁目４６番１０号",,13,106,1110031,,,,,,,2026-09-18,1,,,,,"ニホンイリョウヘルスケアサービス",0
32,1010601055498,12,0,2026-09-18,2026-09-16,"株式会社マイルバンク",,301,"東京都","中野区","中央４丁目２６番９号",,13,114,1640011,,,,,,,2019-05-21,1,,,,,"マイルバンク",0
33,1010801011607,21,0,2026-09-18,2026-09-14,"株式会社三松",,301,"東京都","大田区","西蒲田７丁目６６番４号",,13,111,1440051,,,2026-09-14,01,,,2015-10-05,1,,,,,"ミマツ",0
34,1010901060272,01,0,2026-09-18,2026-09-18,"マイティアーチ株式会社",,301,"東京都","世田谷区","奥沢２丁目４３番２０号",,13,112,1580083,,,,,,,2026-09-18,1,,,,,"マイティアーチ",0
35,1011001012313,12,0,2026-09-18,2026-09-04,"株式会社オリエンタルウインド",,301,"東京都","渋谷区","神南１丁目５番１４号三船ビル４０３号",,13,113,1500041,,,,,,,2015-10-05,1,,,,,"オリエンタルウインド",0
36,1011001115413,01,1,2026-09-18,2017-03-21,"笑５株式会社",,301,"東京都","渋谷区","神宮前５丁目３７番１３号",,13,113,1500001,,,,,,,2017-03-21,0,,,,,"ショウゴ",0
37,1011001115413,12,1,2026-09-18,2022-09-08,"笑５株式会社",,301,"東京都","中央区","銀座８丁目８番１号",,13,102,1040061,,,,,,,2017-03-21,0,,,,,"ショウゴ",0
38,1011001115413,12,1,2026-09-18,2024-05-31,"笑５株式会社",,301,"東京都","港区","赤坂１丁目３番５号赤坂アビタシオン８Ｆ",,13,103,1070052,,,,,,,2017-03-21,0,,,,,"ショウゴ",0
39,1011001115413,11,1,2026-09-18,2026-09-01,"株式会社ＶＡＳＥ　ＫＵＪＵ",,301,"東京都","港区","赤坂１丁目３番５号赤坂アビタシオン８Ｆ",,13,103,1070052,,,,,,,2017-03-21,0,,,,,,0
40,1011001115413,12,0,2026-09-18,2026-09-10,"株式会社ＶＡＳＥ　ＫＵＪＵ",,301,"大分県","竹田市","久住町大字久住４０５０番地",,44,208,8780201,,,,,,,2017-03-21,1,,,,,,0
41,1011001118300,12,0,2026-09-18,2026-09-11,"株式会社Ｌｉｔ",,301,"東京都","渋谷区","神宮前３丁目２２番１０号斉藤ビル３－Ａ",,13,113,1500001,,,,,,,2017-09-11,1,,,,,"リット",0
42,1011001135361,12,0,2026-09-18,2026-09-04,"株式会社イルグォットクリエイティブ",,301,"東京都","渋谷区","神宮前２丁目１３番５号第６渡辺ビル１階",,13,113,1500001,,,,,,,2020-08-19,1,,,,,"イルグォットクリエイティブ",0
43,1011001158932,12,0,2026-09-18,2026-09-02,"株式会社Ｍｉｎｉｍａｌｉ",,301,"神奈川県","横須賀市","安針台１７番２－１００５号",,14,201,2380048,,,,,,,2023-12-20,1,,,,,"ミニマリ",0
44,1011003020652,11,0,2026-09-18,2026-09-10,"ＴＣＲＥ１号合同会社",,305,"東京都","渋谷区","千駄ヶ谷３丁目１１番８号",,13,113,1510051,,,,,,,2024-12-24,1,,,,,"ティーシーアールイーイチゴウ",0
45,1011003025321,01,0,2026-09-18,2026-09-18,"合同会社３６９Ｌａｂ",,305,"東京都","渋谷区","道玄坂１丁目１０番８号渋谷道玄坂東急ビル２Ｆ－Ｃ",,13,113,1500043,,,,,,,2026-09-18,1,,,,,"ミロクラボ",0
46,1011101025330,01,1,2026-09-18,2015-10-05,"株式会社パインコム",,301,"東京都","新宿区","北新宿１丁目２０番１０号",,13,104,1690074,,,,,,,2015-10-05,1,,,,,"パインコム",0
47,1011101062365,01,1,2026-09-18,2015-10-05,"株式会社Ｋ’ｓ　Ａｃｃｏｕｎｔｉｎｇ",,301,"東京都","新宿区","新宿４丁目３番地１７号",,13,104,1600022,,,,,,,2015-10-05,0,,,,,"ケーズアカウンティング",0
48,1011101062365,12,1,2026-09-18,2017-04-18,"株式会社Ｋ’ｓ　Ａｃｃｏｕｎｔｉｎｇ",,301,"東京都","新宿区","西新宿７丁目２１番９号",,13,104,1600023,,,,,,,2015-10-05,1,,,,,"ケーズアカウンティング",0
49,1011101108663,12,0,2026-09-18,2026-08-24,"株式会社グローバルドア",,301,"東京都","新宿区","新宿５丁目１番１９号７０２",,13,104,1600022,,,,,,,2024-09-10,1,,,,,"グローバルドア",0
50,1011102029719,12,0,2026-09-18,2026-09-11,"Ｒ＆Ｃ有限会社",,302,"東京都","港区","西新橋１丁目５番１０号天野ビル７階",,13,103,1050003,,,,,,,2015-10-05,1,,,,,"アールアンドシー",0
51,1011105008422,01,1,2026-09-18,2018-07-17,"特定非営利活動法人私の安息死研究会",,399,"東京都","新宿区","早稲田鶴巻町５１８番地司ビル３ＦＩＢＩ国際ビジネス研究センター内",,13,104,1620041,,,,,,,2018-07-17,1,,,,,"ワタシノアンソクシケンキュウカイ",0
52,1011301026640,12,0,2026-09-18,2026-09-14,"酷＿株式会社",00122262,301,"東京都","多摩市","関戸５丁目５多摩ビレッジ１号１Ａ－２０１号室",,13,224,2060011,,,,,,,2021-03-01,1,,,,,"コクキ",0
53,1011402017836,01,1,2026-09-18,2015-10-05,"有限会社赤塚ダンススクール",,302,"東京都","板橋区","赤塚２丁目１番１２号",00066410,13,119,1750092,,,,,,,2015-10-05,1,,,,,"アカツカダンススクール",0
54,1011403001244,01,1,2026-09-18,2015-10-05,"合同会社ＣＡマネジメント",,305,"東京都","板橋区","高島平２丁目４番１４－１０４号",,13,119,1750082,,,,,,,2015-10-05,1,,,,,"シーエーマネジメント",0
55,1011403005220,01,0,2026-09-18,2026-09-18,"姫君合同会社",,305,"東京都","板橋区","高島平８丁目８番１０号",,13,119,1750082,,,,,,,2026-09-18,1,,,,,"ヒメギミ",0
56,1011501017605,12,0,2026-09-18,2026-09-16,"株式会社アップビートサウンドワークス",,301,"東京都","渋谷区","恵比寿西２丁目８番４号ＥＸ恵比寿西ビル５階",,13,113,1500021,,,,,,,2015-10-05,1,,,,,"アップビートサウンドワークス",0
57,1011701015012,12,0,2026-09-18,2026-09-14,"ブレン総合設計株式会社",,301,"山形県","鶴岡市","みどり町１４番４１号",,06,203,9970046,,,,,,,2015-10-05,1,,,,,"ブレンソウゴウセッケイ",0
58,1011701021497,01,1,2026-09-18,2018-01-31,"株式会社易和",,301,"東京都","江戸川区","南小岩５丁目１４番１号",,13,123,1330056,,,,,,,2018-01-31,1,,,,,"エキワ",0
59,1011701029714,12,0,2026-09-18,2026-09-11,"株式会社三創",,301,"東京都","江戸川区","松島３丁目３６番８号",,13,123,1320031,,,,,,,2026-09-03,1,,,,,"サンソウ",0
60,1011801035356,12,0,2026-09-18,2026-09-14,"株式会社ホンメイデザイン",,301,"東京都","足立区","綾瀬３丁目１５番２０－５０２号",,13,121,1200005,,,,,,,2018-11-07,1,,,,,"ホンメイデザイン",0
61,1012301015006,01,0,2026-09-18,2026-09-18,"ＯＮ株式会社",,301,"東京都","町田市","鶴間６丁目９番１－６０７号",,13,209,1940004,,,,,,,2026-09-18,1,,,,,"オン",0
62,1012401008322,12,0,2026-09-18,2026-09-14,"株式会社東名",,301,"東京都","世田谷区","成城９丁目３０－１２東高成城ペアシティ三船１０６号",,13,112,1570066,,,,,,,2015-10-05,1,,,,,"トウメイ",0
63,1012401043724,12,0,2026-09-18,2026-09-14,"ベゼルアップ株式会社",,301,"東京都","大田区","蒲田５丁目２８－４ＥＣＳ第２７ビル３階",,13,111,1440052,,,,,,,2025-10-20,1,,,,,"ベゼルアップ",0
64,1012703003624,01,0,2026-09-18,2026-09-18,"合同会社ＲｅＣｏｒｔａ",,305,"東京都","西東京市","柳沢５丁目７番５－２６号",,13,229,2020022,,,,,,,2026-09-18,1,,,,,"レコルタ",0
65,1013201017364,71,0,2026-09-18,2026-08-31,"株式会社ノモスコーポレーション",,301,"東京都","中央区","東日本橋１丁目４番６号",,13,102,1030004,,,,,,"令和８年８月３１日東京都品川区荏原六丁目４番４号株式会社エクセルケアーズ（2010001136195）を合併令和８年８月３１日東京都大田区蒲田三丁目１３番１３号株式会社スペースホームズ（2010401103786）を合併",2015-10-05,1,,,,,"ノモスコーポレーション",0
66,1020001046857,01,1,2026-09-18,2015-10-05,"株式会社イトウグリーン",,301,"神奈川県","横浜市都筑区","勝田町１２９０番１",,14,118,2240034,,,,,,,2015-10-05,1,,,,,"イトウグリーン",0
67,1020001063308,11,0,2026-09-18,2026-08-25,"株式会社レスコ",,301,"神奈川県","横浜市中区","曙町５丁目７２番地９",,14,104,2310057,,,,,,,2015-10-05,1,,,,,"レスコ",0
68,1020001090228,12,0,2026-09-18,2026-08-25,"レスコ株式会社",,301,"神奈川県","横浜市中区","曙町５丁目７２番地９",,14,104,2310057,,,,,,,2015-10-05,0,,,,,"レスコ",0
69,1020001090228,11,0,2026-09-18,2026-08-25,"株式会社テイムス",,301,"神奈川県","横浜市中区","曙町５丁目７２番地９",,14,104,2310057,,,,,,,2015-10-05,1,,,,,"テイムス",0
70,1020001113590,01,1,2026-09-18,2015-11-16,"株式会社ＭＩ　ｎｅｘｔ’ｓ",,301,"神奈川県","横浜市鶴見区","元宮１丁目７番２号",,14,101,2300004,,,,,,,2015-11-16,0,,,,,"エムアイネックス",0
71,1020001113590,12,1,2026-09-18,2019-07-22,"株式会社ＭＩ　ｎｅｘｔ’ｓ",,301,"神奈川県","横浜市鶴見区","大東町９番地１",,14,101,2300032,,,,,,,2015-11-16,1,,,,,"エムアイネックス",0
72,1020001126221,12,0,2026-09-18,2026-09-03,"株式会社トラストビジネストレーディング",,301,"神奈川県","横浜市西区","浜松町９番３０号",,14,103,2200055,,,,,,,2018-05-08,1,,,,,"トラストビジネストレーディング",0
73,1020001166151,12,0,2026-09-18,2026-09-16,"驛道新能源株式会社",,301,"東京都","豊島区","北大塚３丁目１７番５号アルシェ大塚５０６号",,13,116,1700004,,,,,,,2025-12-03,1,,,,,"イーダァォエネルギー",0
74,1021001089219,01,0,2026-09-18,2026-09-18,"株式会社ＳｈｅｌｌＸ",,301,"神奈川県","横須賀市","岩戸３丁目２２番１０号",,14,201,2390844,,,,,,,2026-09-18,1,,,,,"シェルエックス",0
75,1021003017895,01,0,2026-09-18,2026-09-18,"ＳＥＡＳＯＮ‐ＰＲＯ合同会社",,305,"神奈川県","藤沢市","川名１丁目２－１２ストンフィールド川名２０２号室",,14,205,2510015,,,,,,,2026-09-18,1,,,,,"シーズンプロ",0
76,1030001051765,01,1,2026-09-18,2015-10-05,"株式会社オリエント環境ステーション",,301,"埼玉県","春日部市","下柳７１５番地",,11,214,3440122,,,,,,,2015-10-05,0,,,,,"オリエントカンキョウステーション",0
77,1030001051765,11,1,2026-09-18,2024-09-11,"株式会社大興エコステーション",,301,"埼玉県","春日部市","下柳７１５番地",,11,214,3440122,,,,,,,2015-10-05,1,,,,,"タイコウエコステーション",0
78,1030001068446,12,0,2026-09-18,2026-09-03,"シンコー住建株式会社",,301,"埼玉県","越谷市","大字野島３１４番地",,11,222,3430801,,,,,,,2015-10-05,1,,,,,,0
79,1030001116733,01,1,2026-09-18,2016-10-12,"株式会社ラッキートレーディング",,301,"埼玉県","春日部市","藤塚１２９６－６第二コーポオカモトＢ－２０１",,11,214,3440011,,,,,,,2016-10-12,0,,,,,"ラッキートレーディング",0
80,1030001116733,12,1,2026-09-18,2018-05-10,"株式会社ラッキートレーディング",,301,"青森県","三戸郡五戸町","字大学沢１６番地２",,02,442,0391563,,,,,,,2016-10-12,0,,,,,"ラッキートレーディング",0
81,1030001116733,11,1,2026-09-18,2021-06-03,"株式会社カンインターナショナル",,301,"青森県","三戸郡五戸町","字大学沢１６番地２",,02,442,0391563,,,,,,,2016-10-12,0,,,,,"カンインターナショナル",0
82,1030001116733,11,1,2026-09-18,2022-03-16,"株式会社ラッキーＴＲＤ",,301,"青森県","三戸郡五戸町","字大学沢１６番地２",,02,442,0391563,,,,,,,2016-10-12,1,,,,,"ラッキーティーアールディー",0
83,1030001126385,12,0,2026-09-18,2026-09-04,"株式会社ＭＯＲＥ　ＣＲＡＦＴ",,301,"埼玉県","北本市","北本２丁目５０番地グレースヒル大和４０２",,11,233,3640006,,,,,,,2018-07-02,1,,,,,"モアクラフト",0
84,1030001170383,12,0,2026-09-18,2026-09-15,"風光藏株式会社",,301,"東京都","中野区","本町２丁目４６番１号サンブライトツインビル北棟１５階１５０１－３",,13,114,1640012,,,,,,,2026-01-08,1,,,,,"フウコウソウ",0
85,1030001174161,01,0,2026-09-18,2026-09-18,"株式会社Ｊ’ｓ　ＥＮＴＥＲＰＲＩＳＥ",,301,"埼玉県","新座市","東１丁目５番２１‐３号",,11,230,3520002,,,,,,,2026-09-18,1,,,,,"ジェイズエンタープライズ",0
86,1030002013335,01,1,2026-09-18,2015-10-05,"有限会社宮下海苔店",,302,"埼玉県","さいたま市西区","プラザ２６番４号",,11,101,3310063,,,,,,,2015-10-05,1,,,,,"ミヤシタノリテン",0
87,1030005022647,01,0,2026-09-18,2026-09-18,"一般社団法人愛は勝つ",,399,"埼玉県","草加市","草加３丁目３番３７号",,11,221,3400043,,,,,,,2026-09-18,1,,,,,"アイハカツ",0
88,1040001144659,12,0,2026-09-18,2026-08-31,"株式会社リバティ",,301,"千葉県","成田市","幸町９１１－１ＷｏｒｋＷｏｒｋ１Ｆ",,12,211,2860028,,,,,,,2026-07-17,1,,,,,"リバティ",0
89,1040001145302,01,0,2026-09-18,2026-09-18,"株式会社ＴＢ　Ｈｏｌｄｉｎｇｓ　Ｊａｐａｎ",,301,"千葉県","千葉市中央区","新宿２丁目２番２号",,12,101,2600021,,,,,,,2026-09-18,1,,,,,"ティービーホールディングスジャパン",0
90,1040001145327,01,0,2026-09-18,2026-09-18,"勝浦塩株式会社",,301,"千葉県","勝浦市","鵜原１０１６番地４",,12,218,2995243,,,,,,,2026-09-18,1,,,,,"カツウラエン",0
91,1040001145343,01,0,2026-09-18,2026-09-18,"ハマモト株式会社",,301,"千葉県","千葉市若葉区","小倉台７丁目２４番２号",,12,104,2640006,,,,,,,2026-09-18,1,,,,,"ハマモト",0
92,1040005017084,01,1,2026-09-18,2015-10-05,"特定非営利活動法人Ｐｕｒｅ　Ｗｉｎｇｓ　Ｌａｂｅｌ",,399,"千葉県","千葉市美浜区","打瀬２丁目１４番地パティオス１１番街４０５号",,12,106,2610013,,,,,,,2015-10-05,1,,,,,"ピュアウイングスレーベル",0
93,1050001009299,01,1,2026-09-18,2015-10-05,"島岡商事株式会社",,301,"茨城県","土浦市","右籾１８８２番地",00021997,08,203,3000837,,,,,,,2015-10-05,1,,,,,"シマオカショウジ",0
94,1050001025569,01,1,2026-09-18,2015-10-05,"株式会社明和",,301,"茨城県","稲敷市","椎塚１６２２番地",,08,229,3000512,,,,,,,2015-10-05,1,,,,,"メイワ",0
95,1050001028431,12,0,2026-09-18,2026-09-09,"株式会社キノフーズ",,301,"茨城県","土浦市","下高津１丁目２２番１７号",,08,203,3000812,,,,,,,2015-10-05,1,,,,,"キノフーズ",0
96,1050001044107,21,0,2026-09-18,2026-09-09,"株式会社カンティーヌ",,301,"茨城県","取手市","小浮気７９０番地２",,08,217,3001531,,,2026-09-09,01,,,2018-03-06,1,,,,,"カンティーヌ",0
97,1050001044288,12,0,2026-09-18,2026-09-08,"株式会社Ｆｉｎｅ",,301,"茨城県","日立市","弁天町１丁目２０番７号",,08,202,3170072,,,,,,,2018-04-16,1,,,,,"ファイン",0
98,1050001058949,01,0,2026-09-18,2026-09-18,"株式会社ＨＡＲＭＯＮＩＡ",,301,"茨城県","水戸市","吉沢町３３１番地の９",,08,201,3100845,,,,,,,2026-09-18,1,,,,,"ハルモニア",0
99,1050003009314,12,0,2026-09-18,2026-09-14,"合同会社ＬＬ　ＩＮＴＥＲＮＡＴＩＯＮＡＬ",,305,"茨城県","古河市","下辺見９６４番地",,08,204,3060235,,,,,,,2025-05-30,1,,,,,"エルエルインターナショナル",0
100,1050003010379,01,0,2026-09-18,2026-09-18,"合同会社ＡＵＲＡ",,305,"茨城県","鉾田市","徳宿１６１３番地２",,08,234,3111503,,,,,,,2026-09-18,1,,,,,"アウラ",0
101,1060003006228,01,0,2026-09-18,2026-09-18,"合同会社Ｇｅｎ",,305,"栃木県","宇都宮市","上戸祭町２８３４―２６４",,09,201,3200051,,,,,,,2026-09-18,1,,,,,"ゲン",0
102,1060003006236,01,0,2026-09-18,2026-09-18,"ＲＡＶＡＬ合同会社",,305,"栃木県","小山市","駅南町５丁目５－１エムロード２０５号",,09,208,3230822,,,,,,,2026-09-18,1,,,,,"ラウル",0
103,1070001033867,01,1,2026-09-18,2017-09-01,"株式会社ＭＵＲＡＫＡＭＩ",,301,"群馬県","太田市","福沢町９４番地１",,10,205,3730831,,,,,,,2017-09-01,1,,,,,"ムラカミ",0
104,1070005007231,01,1,2026-09-18,2015-10-05,"龍＿院",00026138,399,"群馬県","沼田市","上発知町４４５番地",,10,206,3780071,,,,,,,2015-10-05,0,,,,,,0
105,1070005007231,11,1,2026-09-18,2018-05-11,"迦葉山龍華院",,399,"群馬県","沼田市","上発知町４４５番地",,10,206,3780071,,,,,,,2015-10-05,1,,,,,"カショウザンリュウゲイン",0
106,1080401028854,01,0,2026-09-18,2026-09-18,"株式会社ラグランジュＣＡＴ",,301,"静岡県","磐田市","千手堂１０２２‐７プリオール２０１",,22,211,4380057,,,,,,,2026-09-18,1,,,,,"ラグランジュキャット",0
107,1080402004128,01,1,2026-09-18,2015-10-05,"有限会社スターハウス",,302,"静岡県","浜松市中区","富塚町１７１３番地の１",00079923,22,131,4328002,,,,,,,2015-10-05,0,,,,,"スターハウス",0
108,1080402004128,12,1,2026-09-18,2024-01-04,"有限会社スターハウス",,302,"静岡県","浜松市中央区","富塚町１７１３番地の１",,22,138,4328002,,,,,,,2015-10-05,1,,,,,"スターハウス",0
109,1090002002464,01,1,2026-09-18,2015-10-05,"有限会社林食料品店",,302,"山梨県","甲府市","西田町５番５５号",,19,201,4000004,,,,,,,2015-10-05,1,,,,,"ハヤシショクリョウヒンテン",0
110,1100002006281,01,1,2026-09-18,2015-10-05,"有限会社豊野自販",,302,"長野県","長野市","豊野町大倉２０１１番地の２",,20,201,3891102,,,,,,,2015-10-05,1,,,,,"トヨノジハン",0
111,1110001015613,21,0,2026-09-18,2026-09-08,"株式会社金子謹衛商店",,301,"新潟県","燕市","水道町１丁目２番１号",,15,213,9591262,,,2026-09-08,01,,,2015-10-05,1,,,,,"カネコキンエイショウテン",0
112,1120001061086,01,1,2026-09-18,2015-10-05,"株式会社梅新アド・センター",,301,"大阪府","大阪市北区","曾根崎２丁目７番５号",,27,127,5300057,,,,,,,2015-10-05,1,,,,,"ウメシンアドセンター",0
113,1120001090234,21,0,2026-09-18,2026-09-14,"株式会社マンダム",,301,"大阪府","大阪市中央区","十二軒町５番１２号",,27,128,5400015,,,2026-09-14,11,2010001257149,"令和８年９月１日東京都千代田区霞が関三丁目２番５号カロンホールディングス株式会社（2010001257149）に合併し解散",2015-10-05,1,,,,,"マンダム",0
114,1120001159698,01,1,2026-09-18,2015-10-05,"株式会社ＣＯＺＹ　ＣＯＲＰＯＲＡＴＩＯＮ",,301,"大阪府","大阪市中央区","大手前１丁目７番３１号",,27,128,5400008,,,,,,,2015-10-05,1,,,,,"コージィコーポレーション",0
115,1120001160730,71,0,2026-09-18,2026-09-01,"トラオム株式会社",,301,"大阪府","大阪市浪速区","立葉１丁目２番１２号ナミコービル３階",,27,111,5560020,,,,,,"令和８年９月１日兵庫県宝塚市中山台一丁目５番１５号株式会社キャン（4140001083365）を合併令和８年９月１日大阪市浪速区立葉一丁目２番１２号ナミコービル３階ゲミュート株式会社（1120001160961）を合併",2015-10-05,1,,,,,"トラオム",0
116,1120001193078,01,1,2026-09-18,2015-10-05,"セントラルハウス株式会社",,301,"大阪府","大阪市北区","西天満５丁目５番６号",,27,127,5300047,,,,,,,2015-10-05,0,,,,,"セントラルハウス",0
117,1120001193078,12,1,2026-09-18,2022-10-03,"セントラルハウス株式会社",,301,"大阪府","豊中市","上野東３丁目１８番１３号２０３号",,27,203,5600013,,,,,,,2015-10-05,1,,,,,"セントラルハウス",0
118,1120001199678,01,1,2026-09-18,2016-07-27,"株式会社Ｋｉｍｕｒａ",,301,"大阪府","守口市","南寺方南通２丁目５番３号",,27,209,5700044,,,,,,,2016-07-27,1,,,,,"キムラ",0
119,1120001224295,21,0,2026-09-18,2026-09-10,"株式会社和",,301,"大阪府","大阪市中央区","内平野町１丁目２－９グランドビル大手前３階３０４号",,27,128,5400037,,,2026-09-10,01,,,2019-10-08,1,,,,,"ヤワラギ",0
120,1120001250589,12,0,2026-09-18,2026-09-14,"大水株式会社",,301,"大阪府","大阪市福島区","海老江３丁目２３番２５号",,27,103,5530001,,,,,,,2022-12-05,1,,,,,"ダイスイ",0
121,1120001254425,12,0,2026-09-18,2026-09-15,"Ｃｒａｆｔ　Ｂａｍｂｏｏ　Ｒａｃｉｎｇ　Ｊａｐａｎ株式会社",,301,"大阪府","大阪市北区","中之島４丁目３番５１号中之島クロス１１階",,27,127,5300005,,,,,,,2023-04-26,1,,,,,"クラフトバンブーレーシングジャパン",0
122,1120001256545,12,0,2026-09-18,2026-09-11,"ナニコレソリューションズ株式会社",,301,"大阪府","大阪市中央区","南久宝寺町２丁目１番２号竹田ビル８０６号室",,27,128,5410058,,,,,,,2023-07-18,1,,,,,"ナニコレソリューションズ",0
123,1120001274282,12,0,2026-09-18,2026-09-15,"Ｒａｄｉｃａｌ　Ｊａｐａｎ株式会社",,301,"大阪府","大阪市北区","中之島４丁目３番５１号中之島クロス１１階",,27,127,5300005,,,,,,,2025-04-10,1,,,,,"ラディカルジャパン",0
124,1120001282954,12,0,2026-09-18,2026-09-14,"日環ハイテク株式会社",,301,"大阪府","大阪市旭区","森小路１丁目１４番２１号４０３号",,27,117,5350013,,,,,,,2025-12-24,1,,,,,"ニチカンハイテク",0
125,1120001289223,01,0,2026-09-18,2026-09-18,"オプティマエッジ株式会社",,301,"大阪府","大阪市中央区","道修町４丁目１番１号武田御堂筋ビル２階",,27,128,5410045,,,,,,,2026-09-18,1,,,,,"オプティマエッジ",0
126,1120001289231,01,0,2026-09-18,2026-09-18,"株式会社ＬＩＦＥ　ＬＩＮＫ",,301,"大阪府","大阪市淀川区","新北野２丁目４番２３－５０２号",,27,123,5320025,,,,,,,2026-09-18,1,,,,,"ライフリンク",0
127,1120002027508,12,0,2026-09-18,2026-09-10,"有限会社大鳳製作所",,302,"大阪府","大阪市淀川区","加島１丁目１９番１１号",,27,123,5320031,,,,,,,2015-10-05,1,,,,,"タイホウセイサクショ",0
128,1120002076307,12,0,2026-09-18,2026-09-10,"有限会社ワン・オフ",,302,"大阪府","寝屋川市","上神田１丁目３８番６号",,27,215,5720052,,,,,,,2015-10-05,1,,,,,"ワンオフ",0
129,1120003014587,12,0,2026-09-18,2026-09-15,"合同会社ババ通商",,305,"大阪府","大阪市北区","梅田１丁目１番３号大阪駅前第３ビル１１階２号室",,27,127,5300001,,,,,,,2018-08-08,1,,,,,"ババツウショウ",0
130,1120005001336,21,0,2026-09-18,2026-09-17,"清福寺",,399,"大阪府","大阪市生野区","小路１丁目２３番１３号",,27,116,5440002,,,2026-09-17,01,,,2015-10-05,1,,,,,"セイフクジ",0
131,1120101022995,12,0,2026-09-18,2026-09-15,"株式会社澄川組",,301,"大阪府","堺市中区","宮園町２番１１号",,27,142,5998274,,,,,,,2015-10-05,1,,,,,"スミカワグミ",0
132,1120101071415,12,0,2026-09-18,2026-09-16,"株式会社フジオ",,301,"大阪府","堺市南区","野々井１５８番地",,27,145,5900155,,,,,,,2025-04-04,1,,,,,"フジオ",0
133,1120101074376,01,0,2026-09-18,2026-09-18,"株式会社Ｅ’ｔｏｉｌｅ　ＣＡＦＥ",,301,"大阪府","和泉市","のぞみ野３丁目１番２３号",,27,219,5941105,,,,,,,2026-09-18,1,,,,,"エトワールカフェ",0
134,1122001029674,01,1,2026-09-18,2016-06-06,"株式会社辻本鉄筋工業",00106899,301,"大阪府","大東市","諸福６丁目２番４０号",,27,218,5740044,,,,,,,2016-06-06,1,,,,,"ツジモトテッキンコウギョウ",0
135,1130001000175,01,1,2026-09-18,2015-10-05,"株式会社石田製作所",,301,"京都府","京都市右京区","太秦海正寺町１７番地",,26,108,6168123,,,,,,,2015-10-05,1,,,,,"イシダセイサクショ",0
136,1130001016089,12,0,2026-09-18,2026-09-09,"理研ヘルス株式会社",,301,"京都府","京都市伏見区","深草向川原町４８番地",,26,109,6128404,,,,,,,2015-10-05,1,,,,,"リケンヘルス",0
137,1130001021469,21,0,2026-09-18,2026-09-08,"タカギデザイン工芸株式会社",,301,"京都府","京都市中京区","夷川通寺町西入松本町５７６番地の３",,26,104,6040982,,,2026-09-08,01,,,2015-10-05,1,,,,,"タカギデザインコウゲイ",0
138,1130001027061,01,1,2026-09-18,2015-10-05,"株式会社スターワン・グラントシステム",,301,"京都府","京都市西京区","下津林六反田３番地２７",,26,111,6158063,,,,,,,2015-10-05,1,,,,,"スターワングラントシステム",0
139,1130001028357,11,0,2026-09-18,2026-09-15,"株式会社京都フレーバーズ",,301,"京都府","京都市中京区","間之町通御池下る綿屋町５３６番地",,26,104,6048181,,,,,,,2015-10-05,1,,,,,"キョウトフレーバーズ",0
140,1140001044601,01,1,2026-09-18,2015-10-05,"株式会社日本パック運送",,301,"兵庫県","加古郡稲美町","中一色７８０番地",,28,381,6751127,,,,,,,2015-10-05,0,,,,,"ニホンパックウンソウ",0
141,1140001044601,12,1,2026-09-18,2017-02-06,"株式会社日本パック運送",,301,"兵庫県","加西市","島町１５１番地",,28,220,6752431,,,,,,,2015-10-05,1,,,,,"ニホンパックウンソウ",0
142,1140001135912,12,0,2026-09-18,2026-08-31,"株式会社美ら家",,301,"兵庫県","川西市","中央町１３番地８クレインビル中央町",,28,217,6660016,,,,,,,2024-09-27,1,,,,,"ミライエ",0
143,1140003024089,01,0,2026-09-18,2026-09-18,"合同会社フェイス・マーベラス",,305,"兵庫県","尼崎市","南武庫之荘１丁目２０－２５－６０４",,28,202,6610033,,,,,,,2026-09-18,1,,,,,"フェイスマーベラス",0
144,1150001022003,12,0,2026-09-18,2026-09-15,"大福建工株式会社",,301,"大阪府","大東市","中垣内１丁目１番１３号",,27,218,5740013,,,,,,,2017-12-20,1,,,,,"ダイフクケンコウ",0
145,1160005006793,12,0,2026-09-18,2026-09-11,"医療法人社団日生会",,399,"大阪府","大阪市北区","梅田１丁目２番２号大阪駅前第２ビル１階２８号",,27,127,5300001,,,,,,,2015-10-05,1,,,,,"シャダンニッセイカイ",0
146,1170001007547,01,1,2026-09-18,2015-10-05,"株式会社カガセツビ",,301,"和歌山県","有田郡広川町","大字上中野１５０番地５",,30,362,6430064,,,,,,,2015-10-05,1,,,,,"カガセツビ",0
147,1170001019261,01,0,2026-09-18,2026-09-18,"株式会社ＬＩＴ　ＳＥＣＵＲＩＴＹ",,301,"和歌山県","田辺市","下万呂４７５番地の１",,30,206,6460004,,,,,,,2026-09-18,1,,,,,"エルアイティセキュリティ",0
148,1180001006515,12,0,2026-09-18,2026-09-11,"三洋運輸株式会社",,301,"千葉県","浦安市","入船１丁目５番２号プライムタワー新浦安１９階１９０１号",,12,227,2790012,,,,,,,2015-10-05,1,,,,,"サンヨウウンユ",0
149,1180001026827,01,1,2026-09-18,2015-10-05,"株式会社美工社",,301,"愛知県","名古屋市西区","花の木２丁目１９番６号",,23,104,4510062,,,,,,,2015-10-05,1,,,,,"ビコウシャ",0
150,1180001077580,01,1,2026-09-18,2015-10-05,"株式会社エンジェルハート",,301,"沖縄県","那覇市","松島１丁目１１番地２２号－４０１",,47,201,9020069,,,,,,,2015-10-05,0,"AngelHeart Inc.",,,,,0
151,1180001077580,12,1,2026-09-18,2017-11-30,"株式会社エンジェルハート",,301,"沖縄県","那覇市","おもろまち１丁目１番２５－４２１号",,47,201,9000006,,,,,,,2015-10-05,1,"AngelHeart Inc.","Okinawa","1-1-25-421, Omoromachi, Naha-shi",,,0
152,1180001079305,01,1,2026-09-18,2015-10-05,"株式会社三木",,301,"愛知県","瀬戸市","西松山町２丁目２１７番地",,23,204,4890912,,,,,,,2015-10-05,1,,,,,,0
153,1180001111620,12,0,2026-09-18,2026-09-03,"アイウィル株式会社",,301,"愛知県","名古屋市緑区","池上台３丁目１０３番地の３０",,23,114,4580044,,,,,,,2015-10-05,1,,,,,"アイウィル",0
154,1180001125496,21,0,2026-09-18,2026-09-07,"ＭＰＳ株式会社",,301,"愛知県","名古屋市南区","宝生町１丁目１３番地",,23,112,4570828,,,2026-09-07,01,,,2016-11-11,1,,,,,"エムピーエス",0
155,1180001144406,12,0,2026-09-18,2026-09-11,"株式会社ＹＵＴＡＫＡ",,301,"愛知県","名古屋市中村区","佐古前町２１番１６号",,23,105,4530018,,,,,,,2021-01-15,1,,,,,"ユタカ",0
156,1180001159552,01,1,2026-09-18,2024-01-16,"くうが株式会社",,301,"愛知県","名古屋市中村区","名駅４丁目２４番５号第２森ビル４０１",,23,105,4500002,,,,,,,2024-01-16,1,"Kuga Inc.","Aichi","Meieki4-24-5, Daini Mori biru 401, Nakamura ku Nagoya shi",,"クウガ",0
157,1180001162457,12,0,2026-09-18,2026-09-02,"株式会社ＢＥＬＬＥ　ＨＯＭＥ",,301,"愛知県","名古屋市中川区","八田町２３０１番地",,23,110,4540877,,,,,,,2024-07-26,1,,,,,"ベルホーム",0
158,1180002076664,12,0,2026-09-18,2026-09-14,"有限会社ステップ",,302,"愛知県","一宮市","天王３丁目１番３１号",,23,203,4910046,,,,,,,2015-10-05,1,,,,,"ステップ",0
159,1180002088172,01,1,2026-09-18,2015-10-05,"有限会社栄洋印刷",,302,"愛知県","知多市","新刀池２丁目２２番地",,23,224,4780069,,,,,,,2015-10-05,1,,,,,"エイヨウインサツ",0
160,1180002088313,01,1,2026-09-18,2015-10-05,"有限会社竹内管工店",,302,"愛知県","知多市","新知東町２丁目１９番地の４",,23,224,4780065,,,,,,,2015-10-05,1,,,,,"タケウチカンコウテン",0
161,1180003023640,12,0,2026-09-18,2026-09-07,"るるるーぷ合同会社",,305,"愛知県","名古屋市中区","正木３丁目１３番１７号",,23,106,4600024,,,,,,,2022-03-25,1,,,,,"ルルループ",0
162,1180005015867,01,1,2026-09-18,2015-10-05,"特定非営利活動法人ピープル",,399,"愛知県","あま市","石作北浦２５番地１",,23,237,4901102,,,,,,,2015-10-05,0,,,,,"ピープル",0
163,1180005015867,12,1,2026-09-18,2016-07-20,"特定非営利活動法人ピープル",,399,"愛知県","清須市","上条１丁目１番地３０",,23,233,4520944,,,,,,,2015-10-05,1,,,,,"ピープル",0
164,1180005017252,12,0,2026-09-18,2026-09-14,"一般社団法人栄東女子大小路ビル協会",,399,"愛知県","名古屋市中区","栄５丁目６番４号",,23,106,4600008,,,,,,,2017-04-10,1,,,,,"サカエヒガシジョシダイコウジビルキョウカイ",0
165,1180301015983,21,0,2026-09-18,2026-09-01,"株式会社テクノアーム小松",,301,"愛知県","刈谷市","大手町２丁目１５番地",,23,210,4480857,,,2026-09-01,11,7180301017462,"令和８年９月１日愛知県刈谷市大手町二丁目１５番地株式会社小松（7180301017462）に合併し解散",2015-10-05,1,,,,,"テクノアームコマツ",0
166,1180301032525,12,0,2026-09-18,2026-09-07,"中京エレク株式会社",,301,"愛知県","高浜市","沢渡町５丁目３番地６",,23,227,4441333,,,,,,,2019-04-24,1,,,,,"チュウキョウエレク",0
167,1190001021579,12,0,2026-09-18,2026-09-10,"株式会社サクシードインブェストメント",,301,"三重県","鈴鹿市","高岡町６５４番地の１",,24,207,5130014,,,,,,,2015-10-05,1,,,,,"サクシードインブェストメント",0
168,1190001025076,12,0,2026-09-18,2026-09-07,"株式会社ピースウエーブラボ",,301,"三重県","伊勢市","宮町１丁目３－１０",,24,203,5160077,,,,,,,2017-11-15,1,,,,,"ピースウエーブラボ",0
169,1190001025704,12,0,2026-09-18,2026-09-10,"株式会社オフィス桐生",,301,"三重県","鈴鹿市","南旭が丘３丁目２番３５号",,24,207,5100213,,,,,,,2018-07-10,1,,,,,"オフィスキリュウ",0
170,1190001033450,01,0,2026-09-18,2026-09-18,"株式会社大阪屋",,301,"三重県","桑名市","北魚町８番地",,24,205,5110024,,,,,,,2026-09-18,1,,,,,"オオサカヤ",0
171,1200001007948,21,0,2026-09-18,2026-09-14,"サン・イースト株式会社",,301,"岐阜県","岐阜市","北鶉５丁目３１番地ノースクワイル５－１０１",,21,201,5008287,,,2026-09-14,01,,,2015-10-05,1,,,,,"サンイースト",0
172,1200002000638,21,0,2026-09-18,2026-09-16,"有限会社エデュケーション岐阜",,302,"岐阜県","岐阜市","徹明通７丁目１３番地",,21,201,5008879,,,2026-09-16,01,,,2015-10-05,1,,,,,"エデュケーションギフ",0
173,1200002012278,01,1,2026-09-18,2015-10-05,"有限会社石田錺工",,302,"岐阜県","大垣市","割田３丁目５５番地の１",,21,202,5030953,,,,,,,2015-10-05,1,,,,,"イシダボウコウ",0
174,1200002017558,01,1,2026-09-18,2015-10-05,"森下電工有限会社",,302,"岐阜県","可児郡御嵩町","上恵土２５１番地の２",,21,521,5050126,,,,,,,2015-10-05,1,,,,,"モリシタデンコウ",0
175,1200003004191,12,0,2026-09-18,2026-09-14,"セファ建設合同会社",,305,"愛知県","津島市","大坪町字蛤田５２",,23,208,4960012,,,,,,,2018-05-14,1,,,,,"セファケンセツ",0
176,1200003007475,01,0,2026-09-18,2026-09-18,"合同会社シニフィエ",,305,"岐阜県","羽島市","足近町７丁目５８８－１",,21,209,5016207,,,,,,,2026-09-18,1,,,,,"シニフィエ",0
177,1210002014026,21,0,2026-09-18,2026-09-11,"有限会社共和ハイテック",,302,"福井県","小浜市","駅前町９番５号",,18,204,9170077,,,2026-09-11,01,,,2015-10-05,1,,,,,"キョウワハイテック",0
178,1230001021599,01,0,2026-09-18,2026-09-18,"ＡＲＡＲＡＴ株式会社",,301,"富山県","射水市","作道１９６４番地８",,16,211,9340042,,,,,,,2026-09-18,1,,,,,"アララト",0
179,1240001056842,12,0,2026-09-18,2026-09-16,"株式会社イイコトカンパニー",,301,"広島県","東広島市","黒瀬町菅田２７０番地",,34,212,7392624,,,,,,,2020-10-28,1,,,,,"イイコトカンパニー",0
180,1240001060547,21,0,2026-09-18,2026-08-31,"株式会社ＭＡＴＣＨＯ",,301,"広島県","広島市中区","本通７－２９アイビービル７階",,34,101,7300035,,,2026-08-31,01,,,2022-11-01,1,,,,,"マッチョ",0
181,1240001067047,01,0,2026-09-18,2026-09-18,"清和商事株式会社",,301,"広島県","広島市中区","西白島町２７番２－１１１８号",,34,101,7300005,,,,,,,2026-09-18,1,,,,,,0
182,1240001067063,01,0,2026-09-18,2026-09-18,"株式会社ｍｅｒｕ",,301,"広島県","広島市中区","大手町１丁目１番２６号大手町一番ビル３０５",,34,101,7300051,,,,,,,2026-09-18,1,,,,,"メル",0
183,1240003007934,01,0,2026-09-18,2026-09-18,"ミツバヨイ合同会社",,305,"広島県","安芸郡海田町","新町２番１８号",,34,304,7360068,,,,,,,2026-09-18,1,,,,,"ミツバヨイ",0
184,1250002015202,12,0,2026-09-18,2026-09-10,"有限会社カルディア",,302,"山口県","周南市","銀南街４番地徳山銀南街ビル１階",,35,215,7450031,,,,,,,2015-10-05,1,,,,,"カルディア",0
185,1250002015318,21,0,2026-09-18,2026-09-16,"有限会社マエダ洋服店",,302,"山口県","周南市","銀南街２６番地",,35,215,7450031,,,2026-09-16,01,,,2015-10-05,1,,,,,"マエダヨウフクテン",0
186,1250003003214,01,1,2026-09-18,2023-01-30,"合同会社ＫＳＲ",,305,"山口県","山口市","楠木町８番１８－１０５号",,35,203,7530065,,,,,,,2023-01-30,1,,,,,"ケイエスアール",0
187,1250005008640,21,0,2026-09-18,2026-09-16,"一般社団法人げんき",,399,"山口県","周南市","桜木２丁目９番９号",,35,215,7450806,,,2026-09-16,01,,,2021-01-29,1,,,,,"ゲンキ",0
188,1260001020623,21,0,2026-09-18,2026-09-16,"株式会社Ｎ．Ｓ．Ｃ",,301,"岡山県","津山市","中原１７１７番地",,33,203,7080854,,,2026-09-16,11,2140001040186,"令和８年９月１０日兵庫県赤穂郡上郡町井上１９２番地１株式会社Ｎ．Ｇ．Ｃ．（2140001040186）に合併し解散",2015-10-05,1,,,,,"エヌエスシー",0
189,1260005005430,01,1,2026-09-18,2015-10-05,"正本寺",,399,"岡山県","井原市","青野町４０４３番地",,33,207,7150012,,,,,,,2015-10-05,1,,,,,"ショウホンジ",0
190,1290001020752,21,0,2026-09-18,2026-09-08,"株式会社ディーテクノ",,301,"福岡県","福岡市南区","若久２丁目８番３号",,40,134,8150042,,,2026-09-08,01,,,2015-10-05,1,,,,,"ディーテクノ",0
191,1290001100785,12,0,2026-09-18,2026-09-07,"株式会社ＹＡＨＭＡＮ",,301,"福岡県","福岡市博多区","御供所町６番１１－２号",,40,132,8120037,,,,,,,2023-03-03,1,,,,,"ヤーマン",0
192,1290001115461,01,0,2026-09-18,2026-09-18,"株式会社ＳＩＮＣＥＲＥ　ＰＥＡＫ",,301,"福岡県","福岡市南区","三宅２丁目１６番３－２０２号",,40,134,8111344,,,,,,,2026-09-18,1,,,,,"シンシアピーク",0
193,1290002032292,21,0,2026-09-18,2026-09-02,"株式会社オータム",,301,"神奈川県","横浜市中区","弥生町２丁目１５番地",,14,104,2310058,,,2026-09-02,01,,,2015-10-05,1,,,,,"オータム",0
194,1290801008798,21,0,2026-09-18,2026-09-11,"株式会社Ｚｅｓｔ",,301,"福岡県","北九州市戸畑区","福柳木２丁目１１番１６号",,40,105,8040025,,,2026-09-11,01,,,2015-10-05,1,,,,,"ゼスト",0
195,1290801032823,01,0,2026-09-18,2026-09-18,"株式会社旺三",,301,"福岡県","中間市","通谷２丁目３５番３１号",,40,215,8090018,,,,,,,2026-09-18,1,,,,,"オウミ",0
196,1290802001414,01,1,2026-09-18,2015-10-05,"有限会社甘味喫茶若竹",,302,"福岡県","北九州市小倉北区","船場町１－１井筒屋内新館４Ｆ",,40,106,8020007,,,,,,,2015-10-05,1,,,,,"カンミキッサワカタケ",0
197,1310001020262,01,0,2026-09-18,2026-09-18,"五島福江不動産パートナーズ株式会社",,301,"長崎県","五島市","吉久木町７３１",,42,211,8530031,,,,,,,2026-09-18,1,,,,,"ゴトウフクエフドウサンパートナーズ",0
198,1330001018692,21,0,2026-09-18,2026-09-16,"ＴａｋｅＥｎｅｒｇｙＣｏｒｐｏｒａｔｉｏｎ株式会社",,301,"熊本県","菊池郡菊陽町","大字原水１１５７－３",,43,404,8691102,,,2026-09-16,01,,,2015-10-05,1,,,,,,0
199,1350001014021,21,0,2026-09-18,2026-09-10,"福島工務店株式会社",,301,"宮崎県","延岡市","出北５丁目１５番３２号",,45,203,8820856,,,2026-09-10,01,,,2016-05-11,1,,,,,"フクシマコウムテン",0
200,1350001014203,01,1,2026-09-18,2016-08-08,"株式会社宮崎中西牧場",,301,"宮崎県","小林市","真方５０４番地７",,45,205,8860007,,,,,,,2016-08-08,1,,,,,"ミヤザキナカニシボクジョウ",0
201,1360003013904,12,0,2026-09-18,2026-09-14,"合同会社コンストラクションマテリアルズ",,305,"香川県","高松市","林町２５３８番地８",,37,201,7610301,,,,,,,2024-04-18,1,,,,,"コンストラクションマテリアルズ",0
202,1370001054255,01,0,2026-09-18,2026-09-18,"Ｎｏｒｉｏ株式会社",,301,"宮城県","黒川郡大和町","吉田字窪２４番地の２",,04,421,9813625,,,,,,,2026-09-18,1,,,,,"ノリオ",0
203,1370003007756,01,0,2026-09-18,2026-09-18,"合同会社Ｓ＆Ｌ　Ｗｏｒｋｓ",,305,"宮城県","遠田郡涌谷町","字渋江１５０番地５",,04,501,9870113,,,,,,,2026-09-18,1,,,,,"エスアンドエルワークス",0
204,1370602001044,12,0,2026-09-18,2026-09-08,"有限会社スリーエスコーポレーション",,302,"宮城県","塩竈市","字庚塚９７番地２",,04,203,9850085,,,,,,,2015-10-05,1,,,,,"スリーエスコーポレーション",0
205,1370605000241,01,1,2026-09-18,2015-10-05,"仁和多利神社",,399,"宮城県","多賀城市","笠神１丁目７番２０号",,04,209,9850831,,,,,,,2015-10-05,1,,,,,"ニワタリジンジャ",0
206,1370605000258,01,1,2026-09-18,2015-10-05,"東宮神社",,399,"宮城県","宮城郡七ヶ浜町","東宮浜字鶴ヶ湊１番地",,04,404,9850804,,,,,,,2015-10-05,1,,,,,"トウグウジンジャ",0
207,1380002006196,01,1,2026-09-18,2015-10-05,"有限会社熊田商店",,302,"福島県","伊達市","保原町字九丁目３番地",,07,213,9600619,,,,,,,2015-10-05,1,,,,,"クマダショウテン",0
208,1380002011683,01,0,2026-09-18,2026-09-18,"有限会社東日本環境",,302,"福島県","郡山市","田村町細田字時内８５番地の３",,07,203,9631152,,,,,,,2026-09-18,1,,,,,"ヒガシニホンカンキョウ",0
209,1380005003414,21,0,2026-09-18,2026-09-14,"百目木沢牧野利用農業協同組合",,399,"福島県","田村市","大越町上大越字大田立６７番地１",,07,211,9634111,,,2026-09-14,01,,,2015-10-05,1,,,,,"ドウメキザワボクヤリヨウ",0
210,1390002014405,01,1,2026-09-18,2015-10-05,"有限会社手塚商店",,302,"山形県","南陽市","漆山１９４８番地",,06,213,9920474,,,,,,,2015-10-05,1,,,,,"テヅカショウテン",0
211,1400002008215,01,1,2026-09-18,2015-10-05,"有限会社菅原サッシ工業所",,302,"岩手県","花巻市","膝立字十二位４０２番地４",,03,205,0250041,,,,,,,2015-10-05,1,,,,,"スガワラサッシコウギョウショ",0
212,1400003002068,12,0,2026-09-18,2026-09-11,"合同会社さくら",,305,"岩手県","八幡平市","大更第２５地割５",,03,214,0287111,,,,,,,2016-06-07,1,,,,,"サクラ",0
213,1400005008591,01,0,2026-09-18,2026-09-18,"一般社団法人ジモピア",,399,"岩手県","盛岡市","東松園１丁目１３番１号",,03,201,0200106,,,,,,,2026-09-18,1,,,,,"ジモピア",0
214,1410003003131,11,0,2026-09-18,2026-09-14,"株式会社ＹＫＳ",,301,"秋田県","能代市","浜通町１番４５号",,05,202,0160801,,,,,,,2018-01-17,1,,,,,"ワイケーエス",0
215,1420002007553,01,1,2026-09-18,2015-10-05,"有限会社大土商事",,302,"青森県","八戸市","大字売市字左水門下１２番地８",,02,203,0310073,,,,,,,2015-10-05,1,,,,,"ダイドショウジ",0
216,1430001038549,12,0,2026-09-18,2026-09-15,"プライムクレスト株式会社",,301,"北海道","札幌市北区","北三十五条西９丁目１番１３号２０１",,01,102,0010035,,,,,,,2015-10-05,1,,,,,"プライムクレスト",0
217,1430001040521,12,0,2026-09-18,2026-09-14,"株式会社リンク",,301,"北海道","札幌市南区","澄川三条１丁目１１番１１号",,01,106,0050003,,,,,,,2015-10-05,1,,,,,"リンク",0
218,1430001047475,01,1,2026-09-18,2015-10-05,"株式会社かねひろ",,301,"北海道","夕張郡長沼町","錦町南１丁目１番１９号",,01,428,0691334,,,,,,,2015-10-05,1,,,,,"カネヒロ",0
219,1430001086275,12,0,2026-09-18,2026-09-15,"株式会社大王技研",,301,"兵庫県","神戸市西区","伊川谷町有瀬８４６番地１０ギャラリエオフィス２",,28,111,6512113,,,,,,,2022-03-28,1,,,,,"ダイオウギケン",0
220,1430001093404,12,0,2026-09-18,2026-09-10,"株式会社Ｇｉｆｔｅｄ",,301,"北海道","札幌市清田区","里塚一条３丁目１１番８号",,01,110,0040801,,,,,,,2025-01-08,1,,,,,"ギフテッド",0
221,1430001097710,01,0,2026-09-18,2026-09-18,"株式会社ｕ．Ｌｅｘ",,301,"北海道","札幌市中央区","南一条東３丁目１０番地１北海道日伊文化会館新館３階",,01,101,0600051,,,,,,,2026-09-18,1,,,,,"ユーレックス",0
222,1430001097719,01,0,2026-09-18,2026-09-18,"株式会社くに",,301,"北海道","札幌市北区","北三十一条西２丁目１番８－５０３号",,01,102,0010031,,,,,,,2026-09-18,1,,,,,"クニ",0
223,1430001097727,01,0,2026-09-18,2026-09-18,"北斗重工ホールディングス株式会社",,301,"北海道","札幌市西区","発寒十五条１３丁目３番２０号",,01,107,0630835,,,,,,,2026-09-18,1,,,,,"ホクトジュウコウホールディングス",0
224,1430002029308,01,1,2026-09-18,2015-10-05,"有限会社大谷商店",,302,"北海道","札幌市東区","栄町６２５番地",,01,103,0070852,,,,,,,2015-10-05,1,,,,,"オオタニショウテン",0
225,1430005015569,01,0,2026-09-18,2026-09-18,"医療法人社団もとえべつ皮フ科スキンケアクリニック",,399,"北海道","江別市","元江別本町３５番地の２０",,01,217,0670041,,,,,,,2026-09-18,1,,,,,"モトエベツヒフカスキンケアクリニック",0
226,1440005001535,01,1,2026-09-18,2015-10-05,"特定非営利活動法人ワーカーズコープ茜",,399,"北海道","函館市","松陰町２７番１４号",,01,202,0400003,,,,,,,2015-10-05,0,,,,,,0
227,1440005001535,12,1,2026-09-18,2021-04-05,"特定非営利活動法人ワーカーズコープ茜",,399,"北海道","函館市","五稜郭町２５番６号",,01,202,0400001,,,,,,,2015-10-05,1,,,,,,0
228,1450001010811,12,0,2026-09-18,2026-09-15,"プレジャート株式会社",,301,"北海道","旭川市","五条通７丁目１６１５番地の７レジデンス５条２Ｆ",,01,204,0700035,,,,,,,2015-10-05,1,,,,,"プレジャート",0
229,1450003002872,01,0,2026-09-18,2026-09-18,"合同会社朱雀",,305,"北海道","旭川市","川端町六条１０丁目１－１１",,01,204,0700816,,,,,,,2026-09-18,1,,,,,"スザク",0
230,1470002002590,21,0,2026-09-18,2026-09-14,"有限会社ケイ・エス・テイ",,302,"香川県","高松市","丸の内４番２２号",,37,201,7600033,,,2026-09-14,01,,,2015-10-05,1,,,,,"ケイエステイ",0
231,1470002003944,01,1,2026-09-18,2015-10-05,"世興商事有限会社",,302,"香川県","高松市","花園町１丁目２番１号",,37,201,7600072,,,,,,,2015-10-05,0,,,,,"セイコウショウジ",0
232,1470002003944,12,1,2026-09-18,2025-05-01,"世興商事有限会社",,302,"香川県","高松市","花ノ宮町２丁目１２番１０号",,37,201,7618063,,,,,,,2015-10-05,1,,,,,"セイコウショウジ",0
233,1480001002021,21,0,2026-09-18,2026-09-16,"株式会社フジタ商会",,301,"徳島県","徳島市","佐古五番町９番３号",,36,201,7700025,,,2026-09-16,01,,,2015-10-05,1,,,,,"フジタショウカイ",0
234,1480001009751,01,1,2026-09-18,2016-09-08,"株式会社桐川",,301,"徳島県","三好市","池田町シンマチ１４９９番地３",,36,208,7780004,,,,,,,2016-09-08,1,,,,,"キリカワ",0
235,1480001013274,01,0,2026-09-18,2026-09-18,"ＦＩＴ　ＳＴＹＬＥ株式会社",,301,"徳島県","徳島市","新町橋２丁目２６―２新田ビル３Ｆ",,36,201,7700904,,,,,,,2026-09-18,1,,,,,"フィットスタイル",0
236,1480003001979,12,0,2026-09-18,2026-09-15,"合同会社コトハ",,305,"徳島県","阿波市","阿波町東原１５７－４西",,36,206,7711703,,,,,,,2023-05-12,1,,,,,"コトハ",0
237,1480005004781,01,1,2026-09-18,2015-10-05,"八幡神社",,399,"徳島県","那賀郡那賀町","請ノ谷字岡田９番地",,36,368,7715328,,,,,,,2015-10-05,1,,,,,,0
238,1500001007083,01,1,2026-09-18,2015-10-05,"キシホ工業株式会社",,301,"愛媛県","東温市","北方甲５３０番地",,38,215,7910303,,,,,,,2015-10-05,1,,,,,"キシホコウギョウ",0
239,1700150115377,13,0,2026-09-18,2026-08-21,"ＭＹ．Ａｌｐｈａ　Ｍａｎａｇｅｍｅｎｔ　Ｏｖｅｒｓｅａｓ　Ｌｉｍｉｔｅｄ",,401,"東京都","港区","麻布台１丁目１１番１０号日総第２２ビル３階",,13,103,1060041,"中華人民共和国香港特別行政区中環皇后大道中１００號１００ＱＲＣ２樓２０１室",,,,,,2023-04-12,1,,,,,"エムワイアルフアマネージメントオーバーシーズリミテツド",0
240,1700150122398,13,0,2026-09-18,2024-11-28,"ｓｈｅｎｚｈｅｎｓｈｉ　ｌｉｗｅｉ　ｄｉａｎｚｉｓｈａｎｇｗｕｙｏｕｘｉａｎｇｏｎｇｓｉ",,401,,,,,,,,"ｓｈｅｎｚｈｅｎｓｈｉｌｏｎｇｈｕａｑｕｍｉｎｚｈｉｊｉｅｄａｏｍｉｎｌｅｓｈｅｑｕｘｉｎｇｈｅＷＯＲＬＤｅｒｑｉＣｄｏｎｇ３０６Ａ－１",,,,,,2024-05-24,1,,,,,"シェンジェンシリウエイディエンズシャンウヨウシエンゴンス",0
241,2010001038945,12,0,2026-09-18,2026-08-25,"永全株式会社",,301,"東京都","中央区","日本橋茅場町３丁目１３番２号",,13,102,1030025,,,,,,,2015-10-05,1,,,,,"エイゼン",0
242,2010001202336,12,0,2026-09-18,2026-09-01,"ククレブ・アドバイザーズ株式会社",,301,"東京都","中央区","八重洲１丁目６番１号",,13,102,1030028,,,,,,,2019-07-22,1,,,,,"ククレブアドバイザーズ",0
243,2010001257149,71,0,2026-09-18,2026-09-01,"カロンホールディングス株式会社",,301,"東京都","千代田区","霞が関３丁目２番５号",,13,101,1000013,,,,,,"令和８年９月１日大阪市中央区十二軒町５番１２号株式会社マンダム（1120001090234）を合併",2025-07-29,1,,,,,"カロンホールディングス",0
244,2010001267296,11,0,2026-09-18,2026-09-10,"ＦＬＯＮＥＸＡ株式会社",,301,"東京都","中央区","日本橋人形町２丁目３１番１１号",,13,102,1030013,,,,,,,2026-07-17,1,,,,,"フロネクサ",0
245,2010001268856,01,0,2026-09-18,2026-09-18,"株式会社コトリエ",,301,"東京都","千代田区","神田神保町３丁目１１番地６神保町ビル１０階",,13,101,1010051,,,,,,,2026-09-18,1,,,,,"コトリエ",0
246,2010001268864,01,0,2026-09-18,2026-09-18,"Ｓｉｎｋ　Ｌｏｏｐ株式会社",,301,"東京都","千代田区","神田錦町３丁目１５番地錦精社神田ビル天翔オフィス大手町竹橋１１０号室",,13,101,1010054,,,,,,,2026-09-18,1,,,,,"シンクループ",0
247,2010001268872,01,0,2026-09-18,2026-09-18,"株式会社ｕｎａｇｉ．ｌａｂ",,301,"東京都","千代田区","丸の内１丁目１１番１号パシフィックセンチュリープレイス丸の内１３Ｆ",,13,101,1000005,,,,,,,2026-09-18,1,,,,,"ウナギラボ",0
248,2010005042431,01,0,2026-09-18,2026-09-18,"一般社団法人訪日観光デジタルインフラ協議会",,399,"東京都","千代田区","丸の内３丁目２番２号",,13,101,1000005,,,,,,,2026-09-18,1,,,,,"ホウニチカンコウデジタルインフラキョウギカイ",0
249,2010101017205,12,0,2026-09-18,2026-09-16,"ブランド構造研究所株式会社",,301,"東京都","八王子市","丸山町３１－３４",,13,201,1920021,,,,,,,2026-04-21,0,,,,,"ブランドコウゾウケンキュウジョ",0
250,2010101017205,11,0,2026-09-18,2026-09-16,"株式会社ＵＲＢＡＮ　ＲＥＮＴＡＬ",,301,"東京都","八王子市","丸山町３１－３４",,13,201,1920021,,,,,,,2026-04-21,1,,,,,"アーバンレンタル",0
251,2010401088160,21,0,2026-09-18,2026-08-31,"株式会社ルーチェ",,301,"東京都","港区","北青山３丁目１４番４号",,13,103,1070061,,,2026-08-31,01,,,2015-10-05,1,,,,,"ルーチェ",0
252,2010401115848,12,0,2026-09-18,2026-08-31,"株式会社Ｔ・Ｖエナジーホールディングス",,301,"東京都","港区","芝浦１丁目１番１号",,13,103,1050023,,,,,,,2015-10-05,1,,,,,"ティーブイエナジーホールディングス",0
253,2010401176923,01,1,2026-09-18,2023-09-01,"Ｔｒａｎｓｒｅｐｏｒｔ　Ｊａｐａｎ株式会社",,301,"東京都","港区","元麻布３丁目１番６号",,13,103,1060046,,,,,,,2023-09-01,0,,,,,"トランスレポートジャパン",0
254,2010401176923,12,1,2026-09-18,2026-05-21,"Ｔｒａｎｓｒｅｐｏｒｔ　Ｊａｐａｎ株式会社",,301,"東京都","渋谷区","道玄坂１丁目１０番８号渋谷道玄坂東急ビル２Ｆ－Ｃ",,13,113,1500043,,,,,,,2023-09-01,1,,,,,"トランスレポートジャパン",0
255,2010401201920,01,0,2026-09-18,2026-09-18,"虎ノ門コンサルティンググループ株式会社",,301,"東京都","港区","虎ノ門３丁目５番１号",,13,103,1050001,,,,,,,2026-09-18,1,,,,,"トラノモンコンサルティンググループ",0
256,2010401202092,01,0,2026-09-18,2026-09-18,"株式会社アクシオン",,301,"東京都","港区","海岸１丁目２番３号汐留芝離宮ビルディング２１階",,13,103,1050022,,,,,,,2026-09-18,1,,,,,"アクシオン",0
257,2010401202101,01,0,2026-09-18,2026-09-18,"株式会社ＴＨＥ　ＥＶＯＬＵＴ１ＯＮＳ",,301,"東京都","港区","麻布十番１丁目９番９号柴崎ビル３０１",,13,103,1060045,,,,,,,2026-09-18,1,,,,,"ジエボリューションズ",0
258,2010401202209,01,0,2026-09-18,2026-09-18,"株式会社瑞祥",,301,"東京都","港区","芝公園１丁目１番８号",,13,103,1050011,,,,,,,2026-09-18,1,,,,,"ズイショウ",0
259,2010403014412,12,0,2026-09-18,2026-08-25,"合同会社Ｂｌｕｅ　Ｐｏｗｅｒ　Ｏｉｔａ　Ｋｉｔｓｕｋｉ２",,305,"東京都","中央区","銀座８丁目１８番７－６０６号",,13,102,1040061,,,,,,,2016-02-12,1,,,,,"ブルーパワーオオイタキツキツー",0
260,2010403019709,12,0,2026-09-18,2026-08-20,"シリウス・ソーラー・ジャパン５７合同会社",,305,"東京都","港区","赤坂１丁目１２番３２号アーク森ビル東京国際法律事務所内",,13,103,1070052,,,,,,,2018-11-20,1,,,,,"シリウスソーラージャパンゴジュウナナ",0
261,2010403019717,12,0,2026-09-18,2026-08-20,"シリウス・ソーラー・ジャパン６５合同会社",,305,"東京都","港区","赤坂１丁目１２番３２号アーク森ビル東京国際法律事務所内",,13,103,1070052,,,,,,,2018-11-20,1,,,,,"シリウスソーラージャパンロクジュウゴ",0
262,2010405012967,21,0,2026-09-18,2026-08-21,"一般社団法人ＴＩＦ０３号",,399,"東京都","港区","六本木１丁目９番１０号アークヒルズ仙石山森タワー２５階",,13,103,1060032,,,2026-08-21,01,,,2015-10-05,1,,,,,"ティーアイエフゼロサンゴウ",0
263,2010405026174,01,0,2026-09-18,2026-09-18,"穂高岳一般社団法人",,399,"東京都","港区","六本木１丁目６番１号泉ガーデンタワーＫＰＭＧ税理士法人内",,13,103,1060032,,,,,,,2026-09-18,1,,,,,"ホタカダケ",0
264,2010501025550,01,1,2026-09-18,2015-10-05,"株式会社フィフスアベニュー",,301,"東京都","台東区","西浅草２丁目３番４－１０１号",,13,106,1110035,,,,,,,2015-10-05,1,,,,,"フィフスアベニュー",0
265,2010501056430,01,0,2026-09-18,2026-09-18,"ＮｏｒｔｈＲａｙ　Ｓｔｕｄｉｏ株式会社",,301,"東京都","台東区","上野１丁目１７番６号広小路ビル８Ｆ－Ｂ",,13,106,1100005,,,,,,,2026-09-18,1,,,,,"ノースレイスタジオ",0
266,2010503006004,12,0,2026-09-18,2026-09-15,"合同会社ＭＡＩＬＡＢ",,305,"東京都","台東区","池之端４丁目２４番１０号サマディテラス４０３",,13,106,1100008,,,,,,,2020-08-27,1,,,,,"マイラボ",0
267,2010602009064,01,1,2026-09-18,2015-10-05,"有限会社池田製本所",,302,"東京都","墨田区","八広２丁目４２番４号",,13,107,1310041,,,,,,,2015-10-05,0,,,,,"イケダセイホンジョ",0
268,2010602009064,12,1,2026-09-18,2026-09-14,"有限会社池田製本所",,302,"東京都","墨田区","東墨田３丁目２１番１３号",,13,107,1310042,,,,,,,2015-10-05,1,,,,,"イケダセイホンジョ",0
269,2010701047799,12,0,2026-09-18,2026-09-15,"株式会社Ｍ．Ａ．Ｃ桜",,301,"東京都","渋谷区","神宮前３丁目４２番２号バイリンクビル神宮前３階",,13,113,1500001,,,,,,,2025-06-04,1,,,,,"エムエーシーサクラ",0
270,2010802003552,21,0,2026-09-18,2026-09-16,"有限会社関東ディップモールド",,302,"東京都","大田区","大森北３丁目２４番２０号サンハイツ大森１０２",,13,111,1430016,,,2026-09-16,01,,,2015-10-05,1,,,,,"カントウディップモールド",0
271,2010901033459,01,1,2026-09-18,2015-10-05,"株式会社辺輝",,301,"東京都","世田谷区","下馬３丁目１６番１７－３０１号",,13,112,1540002,,,,,,,2015-10-05,0,,,,,"ベテル",0
272,2010901033459,12,0,2026-09-18,2026-09-16,"株式会社辺輝",,301,"東京都","江戸川区","船堀３丁目７番５－３０３号",,13,123,1340091,,,,,,,2015-10-05,1,,,,,"ベテル",0
273,2010901058753,12,0,2026-09-18,2026-09-15,"株式会社ＴＣＫ",,301,"東京都","世田谷区","太子堂４丁目１８番１５号３Ｆ－３",,13,112,1540004,,,,,,,2026-01-08,1,,,,,"ティーシーケー",0
274,2010901060255,01,0,2026-09-18,2026-09-18,"株式会社ＬＵＣＥ",,301,"東京都","世田谷区","三宿１丁目１４番１２－１０１号",,13,112,1540005,,,,,,,2026-09-18,1,,,,,"ルーチェ",0
275,2010901060271,01,0,2026-09-18,2026-09-18,"株式会社ベルウッド",,301,"東京都","世田谷区","等々力４丁目９－５",,13,112,1580082,,,,,,,2026-09-18,1,,,,,"ベルウッド",0
276,2010901060288,01,0,2026-09-18,2026-09-18,"株式会社ＡＵＭＥＮＴＥＲＡ",,301,"東京都","世田谷区","中町３丁目３２番１４号",,13,112,1580091,,,,,,,2026-09-18,1,,,,,"アウメンテラ",0
277,2011001126376,12,0,2026-09-18,2026-09-11,"株式会社１ｓｅｃ",,301,"東京都","目黒区","下目黒１丁目１番１４号コノトラビル７Ｆ",,13,110,1530064,,,,,,,2019-02-04,1,,,,,"ワンセック",0
278,2011001156217,21,0,2026-09-18,2026-09-15,"ＮＡＰＤＳ株式会社",,301,"東京都","渋谷区","千駄ヶ谷３丁目１１番８号（ＴＯＳグループ内）",,13,113,1510051,,,2026-09-15,01,,,2023-08-08,1,,,,,"ノットアピーディーエス",0
279,2011001161159,11,0,2026-09-18,2026-09-01,"株式会社ＯＲＤＩＶＥＮＡ",,301,"東京都","渋谷区","恵比寿西２丁目４番８号ウィンド恵比寿ビル８Ｆ",,13,113,1500021,,,,,,,2024-04-10,1,,,,,"オルディヴェナ",0
280,2011003005504,12,0,2026-09-18,2026-09-08,"合同会社ブルー・ホライゾン",,305,"東京都","渋谷区","広尾３丁目５番２６号",,13,113,1500012,,,,,,,2015-10-05,1,,,,,"ブルーホライゾン",0
281,2011003012426,21,0,2026-09-18,2026-08-31,"合同会社モラン",,305,"神奈川県","横浜市神奈川区","台町１３－８シェリーヒルズ２０４",,14,102,2210834,,,2026-08-31,01,,,2021-03-17,1,,,,,"モラン",0
282,2011101117432,01,0,2026-09-18,2026-09-18,"株式会社アドバンスド・コンピュート",,301,"東京都","新宿区","西新宿３丁目３番１３号西新宿水間ビル６Ｆ",,13,104,1600023,,,,,,,2026-09-18,1,,,,,"アドバンスドコンピュート",0
283,2011103004868,01,1,2026-09-18,2015-10-05,"合同会社ＳＫＣ",,305,"東京都","新宿区","新宿１丁目２５番１１－３０２号",,13,104,1600022,,,,,,,2015-10-05,1,,,,,"エスケーシー",0
284,2011103007012,12,0,2026-09-18,2026-09-03,"ネイキッド合同会社",,305,"埼玉県","狭山市","大字北入曽１９３番地の３１",,11,215,3501315,,,,,,,2017-04-25,1,,,,,"ネイキッド",0
285,2011201003334,12,0,2026-09-18,2026-09-15,"株式会社中大産業",,301,"東京都","武蔵野市","緑町３丁目３番－２",,13,203,1800012,,,,,,,2015-10-05,1,,,,,"ナカダイサンギョウ",0
286,2011303005336,21,0,2026-09-18,2026-09-15,"ＳＩＢＳパートナーズ合同会社",,305,"東京都","杉並区","本天沼３丁目２－５",,13,115,1670031,,,2026-09-15,01,,,2024-11-06,1,,,,,"エスアイビーエスパートナーズ",0
287,2011403005112,12,0,2026-09-18,2026-09-08,"合同会社ウェルビー",,305,"東京都","板橋区","三園１丁目３８番４号",,13,119,1750091,,,,,,,2026-04-21,1,,,,,"ウェルビー",0
288,2011501026118,12,0,2026-09-18,2026-09-15,"株式会社ＬＩＦ",,301,"埼玉県","川口市","芝５丁目９－２３－２０３号",,11,203,3330866,,,,,,,2020-08-19,1,,,,,"リフ",0
289,2011701017932,21,0,2026-09-18,2026-09-14,"株式会社グランド・ユニオン",,301,"東京都","江戸川区","松江２丁目４３番２５号",,13,123,1320025,,,2026-09-14,01,,,2015-10-05,1,,,,,"グランドユニオン",0
290,2011701029746,01,0,2026-09-18,2026-09-18,"株式会社ＮＥＸＵＳ　ＴＯＫＹＯ",,301,"東京都","江戸川区","瑞江１丁目２４番２号パームロード瑞江２０３",,13,123,1320011,,,,,,,2026-09-18,1,,,,,"ネクサストーキョー",0
291,2011801047664,12,0,2026-09-18,2026-09-14,"光影メディア株式会社",,301,"東京都","文京区","白山４丁目３０番１０号",,13,105,1120001,,,,,,,2026-04-10,1,,,,,"コウエイメディア",0
292,2012401039267,21,0,2026-09-18,2026-09-02,"株式会社ヒューマンアセッツサービス",,301,"東京都","府中市","宮町１丁目４０番地ＫＤＸ府中ビル３階",,13,206,1830023,,,2026-09-02,01,,,2022-06-06,1,,,,,"ヒューマンアセッツサービス",0
293,2012401044911,01,0,2026-09-18,2026-09-18,"フェイトス株式会社",,301,"東京都","府中市","宮西町５丁目６番地の２アローランドマンション２０３",,13,206,1830022,,,,,,,2026-09-18,1,,,,,"フェイトス",0
294,2012402019648,01,1,2026-09-18,2015-10-05,"有限会社ベストワーク",,302,"東京都","三鷹市","牟礼４丁目１２番２号",,13,204,1810002,,,,,,,2015-10-05,1,,,,,"ベストワーク",0
295,2012702000043,21,0,2026-09-18,2026-09-10,"有限会社ダイキ",,302,"東京都","東村山市","恩多町１丁目４８番地４６",,13,213,1890011,,,2026-09-10,01,,,2015-10-05,1,,,,,"ダイキ",0
296,2012703001998,01,1,2026-09-18,2020-07-08,"遠希合同会社",,305,"東京都","東村山市","美住町１丁目４番地１グリーンタウン美住一番街１９－２０３",,13,213,1890023,,,,,,,2020-07-08,0,,,,,"エンキ",0
297,2012703001998,12,1,2026-09-18,2022-10-06,"遠希合同会社",,305,"東京都","東村山市","栄町３丁目１７－６ＭＡＣ久米川コート２１２",,13,213,1890013,,,,,,,2020-07-08,1,,,,,"エンキ",0
298,2012802000884,12,0,2026-09-18,2026-09-15,"有限会社小林工務店",,302,"埼玉県","狭山市","大字南入曽９９８番地の６",,11,215,3501316,,,,,,,2015-10-05,1,,,,,"コバヤシコウムテン",0
299,2013201004659,12,0,2026-09-18,2026-09-11,"株式会社パスコ東京",,301,"愛知県","名古屋市東区","白壁５丁目３番地",,23,102,4610011,,,,,,,2015-10-05,1,,,,,"パスコトウキョウ",0
300,2013301017841,21,0,2026-09-18,2026-09-02,"進栄興業株式会社",,301,"神奈川県","足柄下郡湯河原町","城堀７１番地４城堀マンション",,14,384,2590305,,,2026-09-02,01,,,2015-10-05,1,,,,,"シンエイコウギョウ",0
301,2013301050909,11,0,2026-09-18,2026-09-09,"株式会社Ｄ’２ｐｌｕｓ＆Ｃ",,301,"東京都","中央区","日本橋堀留町１丁目１１番１０堀留ファーストビル８階",,13,102,1030012,,,,,,,2023-06-14,1,,,,,"ディーツープラスアンドシー",0
302,2020001010110,71,0,2026-09-18,2026-09-01,"株式会社スズキ自販神奈川",,301,"神奈川県","横浜市保土ケ谷区","狩場町１６９番地６号",,14,106,2400025,,,,,,"令和８年９月１日神奈川県平塚市田村六丁目２３番２号株式会社スズキ自販湘南（9021001037979）を合併",2015-10-05,1,,,,,"スズキジハンカナガワ",0
303,2020001149601,01,1,2026-09-18,2022-12-28,"株式会社ＹＵＩＴＳ",,301,"神奈川県","横浜市戸塚区","川上町４９７番地２８－２１２３号室",,14,110,2440805,,,,,,,2022-12-28,0,,,,,"ユイツ",0
304,2020001149601,12,1,2026-09-18,2026-09-07,"株式会社ＹＵＩＴＳ",,301,"神奈川県","横浜市中区","福富町東通５番地４シオン福富町２階",,14,104,2310044,,,,,,,2022-12-28,1,,,,,"ユイツ",0
305,2020001170482,01,0,2026-09-18,2026-09-18,"株式会社ツギノビ",,301,"神奈川県","横浜市神奈川区","金港町５－１４クアドリフォリオ８階",,14,102,2210056,,,,,,,2026-09-18,1,,,,,"ツギノビ",0
306,2020002031048,01,1,2026-09-18,2015-10-05,"有限会社野口印刷",,302,"神奈川県","横浜市南区","堀ノ内町１丁目１番地の６",,14,105,2320042,,,,,,,2015-10-05,1,,,,,"ノグチインサツ",0
307,2020002076687,01,1,2026-09-18,2015-10-05,"有限会社ＪＯＩＮＴ　ＷＯＲＫＳ",,302,"神奈川県","横浜市旭区","中白根３丁目２７番６号",,14,112,2410004,,,,,,,2015-10-05,1,,,,,"ジョイントワークス",0
308,2020002100661,01,1,2026-09-18,2015-10-05,"有限会社キック",,302,"神奈川県","川崎市麻生区","千代ケ丘７丁目２３番地３",,14,137,2150005,,,,,,,2015-10-05,1,,,,,"キック",0
309,2020003031856,01,0,2026-09-18,2026-09-18,"Ｃｏｃｏｌｉｎａ合同会社",,305,"神奈川県","川崎市高津区","久本１丁目７番地１２号",,14,134,2130011,,,,,,,2026-09-18,1,,,,,"ココリナ",0
310,2021001005091,01,1,2026-09-18,2015-10-05,"山光いなもと株式会社",,301,"神奈川県","藤沢市","鵠沼桜が岡４丁目５番２２号",,14,205,2510027,,,,,,,2015-10-05,1,,,,,"サンコウイナモト",0
311,2021001014654,12,0,2026-09-18,2026-09-01,"株式会社ランティク",,301,"神奈川県","相模原市中央区","小町通２丁目１２番４号",,14,152,2520217,,,,,,,2015-10-05,1,,,,,"ランティク",0
312,2021001089135,01,0,2026-09-18,2026-09-18,"ＮＥＷ　ＬＯＣＡＬ株式会社",,301,"神奈川県","伊勢原市","桜台１丁目２２番５号ｊ－ｏｎｅビル２－Ａ",,14,214,2591132,,,,,,,2026-09-18,1,,,,,"ニューローカル",0
313,2021001089218,01,0,2026-09-18,2026-09-18,"ＭＺＹ株式会社",,301,"神奈川県","座間市","緑ケ丘６丁目２５番１７号ＳＨマンション１０２号",,14,216,2520021,,,,,,,2026-09-18,1,,,,,"エムジーワイ",0
314,2030001022195,12,0,2026-09-18,2026-09-16,"株式会社ＮＰＣ",,301,"埼玉県","戸田市","美女木東１丁目４番１号",,11,224,3350032,,,,,,,2015-10-05,1,,,,,"エヌピーシー",0
315,2030001109439,71,0,2026-09-18,2026-09-01,"株式会社貴瞬",,301,"東京都","台東区","台東４丁目３３番１号クロスポイント御徒町",,13,106,1100016,,,,,,"令和８年９月１日東京都台東区台東四丁目１３番２１号Ｄ＿ｓＶＡＲＩＥ御徒町ビル３階株式会社ＹＯＵＧＯ（9010501053933）を合併",2015-10-05,1,,,,,"キシュン",0
316,2030001158436,12,0,2026-09-18,2026-09-04,"株式会社こどな屋",,301,"埼玉県","北本市","中丸２丁目２３番２",,11,233,3640013,,,,,,,2024-02-01,1,,,,,"コドナヤ",0
317,2030001173022,12,0,2026-09-18,2026-09-01,"アイテック不動産株式会社",,301,"埼玉県","さいたま市南区","別所３丁目１４番１５号エステートピアＫ２０１",,11,108,3360021,,,,,,,2026-06-25,1,,,,,"アイテックフドウサン",0
318,2030001174235,01,0,2026-09-18,2026-09-18,"株式会社Ｌａ　Ｂｅｌｌｅ",,301,"埼玉県","川越市","脇田本町７番地７",,11,201,3501123,,,,,,,2026-09-18,1,,,,,"ラベル",0
319,2030001174243,01,0,2026-09-18,2026-09-18,"株式会社嘉祥",,301,"埼玉県","草加市","神明１丁目１２番１１号３階",,11,221,3400012,,,,,,,2026-09-18,1,,,,,"カショウ",0
320,2030001174292,01,0,2026-09-18,2026-09-18,"株式会社Ａｌｅｘ",,301,"埼玉県","さいたま市浦和区","岸町７丁目６番５号",,11,107,3300064,,,,,,,2026-09-18,1,,,,,"アレックス",0
321,2030002009893,01,1,2026-09-18,2015-10-05,"有限会社永井総業",,302,"埼玉県","さいたま市浦和区","高砂１丁目８番３号",,11,107,3300063,,,,,,,2015-10-05,0,,,,,,0
322,2030002009893,12,1,2026-09-18,2022-04-11,"有限会社永井総業",,302,"埼玉県","さいたま市浦和区","高砂４丁目５番１８号",,11,107,3300063,,,,,,,2015-10-05,0,,,,,,0
323,2030002009893,12,1,2026-09-18,2026-09-04,"有限会社永井総業",,302,"埼玉県","さいたま市浦和区","高砂１丁目１０番１－１２１０号",,11,107,3300063,,,,,,,2015-10-05,1,,,,,,0
324,2030003008110,12,0,2026-09-18,2026-09-14,"木礼合同会社",,305,"東京都","台東区","浅草橋２丁目２２－８－６０１",,13,106,1110053,,,,,,,2015-11-18,1,,,,,"キレイ",0
325,2030003029973,01,0,2026-09-18,2026-09-18,"ＹＡＭＳ合同会社",,305,"埼玉県","入間市","大字野田６８９番地１",,11,225,3580054,,,,,,,2026-09-18,1,,,,,"ヤムズ",0
326,2030005003654,11,0,2026-09-18,2026-09-01,"特定非営利活動法人ＳＨＹＳＩＡ",,399,"埼玉県","所沢市","東狭山ケ丘６丁目２７９６番１",,11,208,3591106,,,,,,,2015-10-05,1,,,,,"サイシア",0
327,2040001012113,01,1,2026-09-18,2015-10-05,"株式会社臼倉事務サービス",,301,"千葉県","千葉市若葉区","桜木２丁目１６番２２号",,12,104,2640028,,,,,,,2015-10-05,1,,,,,"ウスクラジムサービス",0
328,2040001040592,21,0,2026-09-18,2026-08-31,"株式会社カイト",,301,"千葉県","流山市","大字鰭ケ崎１７７２番地の２",,12,220,2700161,,,2026-08-31,01,,,2015-10-05,1,,,,,"カイト",0
329,2040001145301,01,0,2026-09-18,2026-09-18,"株式会社鈴家",,301,"千葉県","千葉市稲毛区","作草部町５５９番地４－５０４",,12,103,2630014,,,,,,,2026-09-18,1,,,,,"スズヤ",0
330,2040001145326,01,0,2026-09-18,2026-09-18,"株式会社定岡設備",,301,"千葉県","千葉市稲毛区","稲毛町５丁目８８番地６",,12,103,2630035,,,,,,,2026-09-18,1,,,,,"サダオカセツビ",0
331,2040001145350,01,0,2026-09-18,2026-09-18,"株式会社丸庭",,301,"千葉県","千葉市若葉区","小倉台７丁目３番１号",,12,104,2640006,,,,,,,2026-09-18,1,,,,,"マルニワ",0
332,2040002051580,01,1,2026-09-18,2015-10-05,"有限会社サン企画",,302,"千葉県","流山市","平和台２丁目７番地の１７",,12,220,2700157,,,,,,,2015-10-05,1,,,,,"サンキカク",0
333,2040005005971,21,0,2026-09-18,2026-08-28,"千葉県千葉不動産取引業協同組合",,399,"千葉県","千葉市中央区","中央４丁目１４番１号",,12,101,2600013,,,2026-08-28,01,,,2018-01-29,1,,,,,"チバケンチバフドウサントリヒキギョウ",0
334,2050001005165,01,1,2026-09-18,2015-10-05,"株式会社ヘップジャパン",,301,"茨城県","水戸市","住吉町５５番地",,08,201,3100844,,,,,,,2015-10-05,1,,,,,"ヘップジャパン",0
335,2050001042530,01,1,2026-09-18,2017-03-31,"株式会社ＵＮＩＴ",,301,"茨城県","石岡市","東光台５丁目１１番３２号",,08,205,3150033,,,,,,,2017-03-31,1,,,,,"ユニット",0
336,2050001043280,12,0,2026-09-18,2026-09-16,"株式会社ＤＨＲ　ＩＮＴＥＲＮＡＴＩＯＮＡＬ",,301,"茨城県","下妻市","北大宝２５９番地１",,08,210,3040021,,,,,,,2017-08-21,1,,,,,"ディーエイチアールインターナショナル",0
337,2050001058948,01,0,2026-09-18,2026-09-18,"株式会社Ｙｏｕ　Ｓｍｉｌｅ",,301,"茨城県","筑西市","藤ケ谷９１６番地２",,08,227,3080112,,,,,,,2026-09-18,1,,,,,"ユースマイル",0
338,2050003009528,01,1,2026-09-18,2025-09-04,"Ｍｉｔｏｌｏｇｉｅ合同会社",,305,"茨城県","水戸市","南町１丁目２－３２Ｍ－Ｗｏｒｋビル３０１号",,08,201,3100021,,,,,,,2025-09-04,1,"Mitologie LLC","Ibaraki","M-Work Bldg. Room 301, 1-2-32, Minamimachi, Mito",,"ミトロジー",0
339,2060003006235,01,0,2026-09-18,2026-09-18,"合同会社品質管理研究所",,305,"栃木県","小山市","大字羽川５９番地６",,09,208,3230012,,,,,,,2026-09-18,1,,,,,"ヒンシツカンリケンキュウショ",0
340,2060005003024,01,1,2026-09-18,2015-10-05,"農事組合法人西宿営農組合",,399,"栃木県","芳賀郡市貝町","大字赤羽７６３番地６",,09,344,3213426,,,,,,,2015-10-05,1,,,,,,0
341,2070001044509,01,0,2026-09-18,2026-09-18,"株式会社ＡＲＣＯＢＡＬＥＮＯ",,301,"群馬県","前橋市","下川町４８番地１６",,10,201,3792144,,,,,,,2026-09-18,1,,,,,"アルコバレーノ",0
342,2080001014782,01,1,2026-09-18,2015-10-05,"協和興産株式会社",,301,"静岡県","焼津市","田尻２９８番地の３",,22,212,4250052,,,,,,,2015-10-05,1,,,,,"キョウワコウサン",0
343,2080002003289,12,0,2026-09-18,2026-09-16,"有限会社ソーシャルグッドプランナー",,302,"静岡県","伊豆市","上船原３７４番地",,22,222,4103216,,,,,,,2015-10-05,1,,,,,"ソーシャルグッドプランナー",0
344,2080003002819,12,0,2026-09-18,2026-09-15,"合同会社アンドティーカンパニー",,305,"静岡県","藤枝市","田沼１丁目４番２６号－１２０３アルファステイツ藤枝駅南",,22,214,4260061,,,,,,,2022-06-13,1,,,,,"アンドティーカンパニー",0
345,2080102010284,01,1,2026-09-18,2015-10-05,"有限会社佐藤建材",,302,"静岡県","駿東郡清水町","戸田９１番地の９",,22,341,4110913,,,,,,,2015-10-05,0,,,,,"サトウケンザイ",0
346,2080102010284,12,1,2026-09-18,2026-09-11,"有限会社佐藤建材",,302,"静岡県","駿東郡清水町","久米田５番地の１",,22,341,4110911,,,,,,,2015-10-05,1,,,,,"サトウケンザイ",0
347,2080401014886,11,0,2026-09-18,2026-09-15,"スター精密エンジニアリング株式会社",,301,"静岡県","牧之原市","布引原９４６番地",,22,226,4210407,,,,,,,2015-10-05,1,,,,,"スターセイミツエンジニアリング",0
348,2080402003517,01,1,2026-09-18,2015-10-05,"有限会社ＺＯＮＥ建築設計事務所",,302,"静岡県","浜松市中区","曳馬１丁目６番２０号",,22,131,4300901,,,,,,,2015-10-05,0,,,,,"ゾーンケンチクセッケイジムショ",0
349,2080402003517,12,1,2026-09-18,2024-01-04,"有限会社ＺＯＮＥ建築設計事務所",,302,"静岡県","浜松市中央区","曳馬１丁目６番２０号",,22,138,4300901,,,,,,,2015-10-05,1,,,,,"ゾーンケンチクセッケイジムショ",0
350,2090001007406,01,1,2026-09-18,2015-10-05,"株式会社ＡＵＲＡ　ＤＩＡＭＯＮＤ",,301,"山梨県","甲府市","国母４丁目１１番２号メゾン中楯Ｂ－２",,19,201,4000043,,,,,,,2015-10-05,0,,,,,"オーラダイヤモンド",0
351,2090001007406,12,1,2026-09-18,2019-01-17,"株式会社ＡＵＲＡ　ＤＩＡＭＯＮＤ",,301,"山梨県","甲府市","国母１丁目７番８号",,19,201,4000043,,,,,,,2015-10-05,0,,,,,"オーラダイヤモンド",0
352,2090001007406,12,1,2026-09-18,2023-04-24,"株式会社ＡＵＲＡ　ＤＩＡＭＯＮＤ",,301,"山梨県","甲府市","上石田４丁目２番１５号",,19,201,4000041,,,,,,,2015-10-05,1,,,,,"オーラダイヤモンド",0
353,2100001012387,01,1,2026-09-18,2015-10-05,"株式会社タガワ",,301,"長野県","下高井郡山ノ内町","大字夜間瀬１１７００番地９６",,20,561,3810405,,,,,,,2015-10-05,1,,,,,"タガワ",0
354,2100001019226,01,1,2026-09-18,2015-10-05,"株式会社マシーンアンドマテリアル",,301,"長野県","茅野市","米沢５４２１番地２",,20,214,3910216,,,,,,,2015-10-05,1,,,,,"マシーンアンドマテリアル",0
355,2100001036477,01,1,2026-09-18,2023-06-05,"株式会社ＬＩＦＡＣＴ",,301,"長野県","千曲市","大字戸倉３２８番地３",,20,218,3890804,,,,,,,2023-06-05,1,,,,,"リフアクト",0
356,2100003008945,01,0,2026-09-18,2026-09-18,"ＹＭＧ合同会社",,305,"長野県","茅野市","宮川８４７１",,20,214,3910013,,,,,,,2026-09-18,1,,,,,"ワイエムジー",0
357,2100003008953,01,0,2026-09-18,2026-09-18,"合同会社彩和",,305,"長野県","松本市","大字笹賀２３１７番地３",,20,202,3990033,,,,,,,2026-09-18,1,,,,,"アヤワ",0
358,2110001000960,01,1,2026-09-18,2015-10-05,"株式会社オリエント新潟",,301,"新潟県","新潟市中央区","南笹口１丁目１番３８号",,15,103,9500912,,,,,,,2015-10-05,1,,,,,"オリエントニイガタ",0
359,2110001008608,01,1,2026-09-18,2015-10-05,"株式会社長谷川総合設備",,301,"新潟県","新潟市中央区","南笹口１丁目１１番１１号６",,15,103,9500912,,,,,,,2015-10-05,0,,,,,"ハセガワソウゴウセツビ",0
360,2110001008608,12,1,2026-09-18,2026-09-07,"株式会社長谷川総合設備",,301,"新潟県","新潟市中央区","新島町通２ノ町２００２番地３",,15,103,9518051,,,,,,,2015-10-05,1,,,,,"ハセガワソウゴウセツビ",0
361,2110001035932,12,0,2026-09-18,2026-09-04,"株式会社華越実業",,301,"新潟県","燕市","小関７２５番地",,15,213,9591286,,,,,,,2021-07-27,1,,,,,"カエツジツギョウ",0
362,2110002002568,21,0,2026-09-18,2026-09-03,"有限会社佐藤建具製作所",,302,"新潟県","新潟市東区","秋葉通２丁目１５番地",,15,102,9500052,,,2026-09-03,01,,,2015-10-05,1,,,,,"サトウタテグセイサクジョ",0
363,2110002032656,01,1,2026-09-18,2015-10-05,"有限会社一本杉観光",,302,"新潟県","南魚沼郡湯沢町","大字湯沢２５２１番地",,15,461,9496101,,,,,,,2015-10-05,1,,,,,"イッポンスギカンコウ",0
364,2120001150078,21,0,2026-09-18,2026-09-01,"大東観光株式会社",,301,"大阪府","枚方市","東香里３丁目２９３６番地",,27,210,5730075,,,2026-09-01,11,6120001150082,"令和８年９月１日大阪府枚方市東香里三丁目３番１８号大東興産株式会社（6120001150082）に合併し解散",2015-10-05,1,,,,,"ダイトウカンコウ",0
365,2120001165068,12,0,2026-09-18,2026-09-16,"株式会社アキュイール",,301,"大阪府","大阪市福島区","福島３丁目１２番２０号ツインコート福島１ＦＢ号",,27,103,5530003,,,,,,,2015-10-05,1,,,,,"アキュイール",0
366,2120001190768,11,0,2026-09-18,2026-09-14,"株式会社トラストビューティーリンク",,301,"大阪府","大阪市中央区","北久宝寺町２丁目２番７号",,27,128,5410057,,,,,,,2015-10-05,1,,,,,"トラストビューティーリンク",0
367,2120001225417,11,0,2026-09-18,2026-09-17,"大政建設株式会社",,301,"奈良県","香芝市","上中１２０",,29,210,6390265,,,,,,,2019-12-04,1,,,,,"タイセイケンセツ",0
368,2120001239474,12,0,2026-09-18,2026-09-15,"株式会社Ｄ－ＧＲＯＵＰ",,301,"大阪府","大阪市都島区","毛馬町５丁目９番２０号１Ｆ",,27,102,5340001,,,,,,,2021-08-05,1,,,,,"ディーグループ",0
369,2120001248426,12,0,2026-09-18,2026-09-16,"株式会社Ｏｎｅ　Ｓｔｅｐ",,301,"大阪府","堺市東区","日置荘原寺町３８番地４－１０１",,27,143,5998112,,,,,,,2022-08-25,1,,,,,"ワンステップ",0
370,2120001261313,12,0,2026-09-18,2026-09-15,"金耀株式会社",,301,"大阪府","大阪市北区","天神橋４丁目７番２号５０２号室",,27,127,5300041,,,,,,,2024-01-17,1,,,,,"キンヨウ",0
371,2120001289180,01,0,2026-09-18,2026-09-18,"株式会社ＡＮＤ　ＥＬＥＶＥＮ",,301,"大阪府","大阪市中央区","南船場３丁目１２番１４号ＱＵＡＲＴＺＳＨＩＮＳＡＩＢＡＳＨＩ１３階",,27,128,5420081,,,,,,,2026-09-18,1,,,,,"アンドイレブン",0
372,2120001289189,01,0,2026-09-18,2026-09-18,"ＧＬ‐ＵＮＤＥＲ株式会社",,301,"大阪府","大阪市福島区","鷺洲５丁目３番１１号東和印刷別館２０１号",,27,103,5530002,,,,,,,2026-09-18,1,,,,,"ジーエルアンダー",0
373,2120001289197,01,0,2026-09-18,2026-09-18,"株式会社ＺＥＴＴＯＮ",,301,"大阪府","大阪市福島区","大開１丁目１３番３５号３階",,27,103,5530007,,,,,,,2026-09-18,1,,,,,"ゼットン",0
374,2120001289222,01,0,2026-09-18,2026-09-18,"株式会社ヴィアロンタ",,301,"大阪府","大阪市東住吉区","今林４丁目８番１７号",,27,121,5460001,,,,,,,2026-09-18,1,,,,,"ヴィアロンタ",0
375,2120101045038,01,1,2026-09-18,2015-10-05,"南海ショップ株式会社",,301,"大阪府","泉南市","樽井４７０番地",,27,228,5900521,,,,,,,2015-10-05,0,,,,,"ナンカイショップ",0
376,2120101045038,21,1,2026-09-18,2016-02-03,"南海ショップ株式会社",,301,"大阪府","泉南市","樽井４７０番地",,27,228,5900521,,,2016-02-03,21,,,2015-10-05,0,,,,,"ナンカイショップ",0
377,2120101045038,22,1,2026-09-18,2026-09-11,"南海ショップ株式会社",,301,"大阪府","泉南市","樽井４７０番地",,27,228,5900521,,,,,,,2015-10-05,1,,,,,"ナンカイショップ",0
378,2120101074251,01,0,2026-09-18,2026-09-18,"ＭＭライフプランニング株式会社",,301,"大阪府","河内長野市","寺元４９３番地４",,27,216,5860053,,,,,,,2026-09-18,1,,,,,"エムエムライフプランニング",0
379,2120101074383,01,0,2026-09-18,2026-09-18,"株式会社中村空調設備",,301,"大阪府","松原市","岡７丁目２６２",,27,217,5800014,,,,,,,2026-09-18,1,,,,,"ナカムラクウチョウセツビ",0
380,2120101074400,01,0,2026-09-18,2026-09-18,"アウラホスピタリティマネジメント株式会社",,301,"大阪府","堺市中区","辻之１１４７番地３６",00145017,27,142,5998245,,,,,,,2026-09-18,1,,,,,"アウラホスピタリティマネジメント",0
381,2120901053215,01,0,2026-09-18,2026-09-18,"株式会社さくら",,301,"大阪府","豊中市","庄内幸町２丁目１９番１０－９０１号",,27,203,5610833,,,,,,,2026-09-18,1,,,,,"サクラ",0
382,2122001038617,12,0,2026-09-18,2026-09-16,"株式会社テトラスペース",,301,"兵庫県","明石市","大久保町江井島１６４６番地の１プレステージ明石大久保ＩＶ－２０５号",00145016,28,203,6740064,,,,,,,2024-11-13,1,,,,,"テトラスペース",0
383,2122001040903,01,0,2026-09-18,2026-09-18,"株式会社ＲＯＷＩＳ　ＡＲＣＨＩＴＥＣＴＳ",,301,"大阪府","大東市","三箇４丁目１８番７号",,27,218,5740077,,,,,,,2026-09-18,1,,,,,"ロイズアーキテクツ",0
384,2122002006127,01,1,2026-09-18,2015-10-05,"有限会社松柏",,302,"大阪府","東大阪市","若江東町４丁目４番１３号",,27,227,5780935,,,,,,,2015-10-05,1,,,,,"ショウハク",0
385,2130001027548,11,0,2026-09-18,2026-09-03,"株式会社二条工房",,301,"京都府","京都市中京区","高倉通二条下る瓦町５４９番地",,26,104,6040827,,,,,,,2015-10-05,1,,,,,"ニジョウコウボウ",0
386,2130001038132,12,0,2026-09-18,2026-09-16,"株式会社タカギ",,301,"大阪府","交野市","郡津２丁目４４番５号",,27,230,5760053,,,,,,,2015-10-05,1,,,,,"タカギ",0
387,2130001043099,01,1,2026-09-18,2015-10-05,"株式会社ＡＴＴＡ",,301,"京都府","京丹後市","網野町網野１４０番地の７",,26,212,6293101,,,,,,,2015-10-05,1,,,,,"エーティーティーエー",0
388,2130001075613,71,0,2026-09-18,2026-08-31,"浦川設備工業株式会社",,301,"京都府","舞鶴市","字万願寺１２３番地",,26,202,6240814,,,,,,"令和８年８月３１日京都府舞鶴市字万願寺１２３番地浦川設備工業株式会社（3130001055077）を合併",2023-10-27,1,,,,,"ウラカワセツビコウギョウ",0
389,2130002031879,21,0,2026-09-18,2026-09-01,"有限会社セイワ",,302,"京都府","八幡市","美濃山ヒル塚１０１番地の６",,26,210,6148271,,,2026-09-01,01,,,2015-10-05,1,,,,,"セイワ",0
390,2130003002549,12,0,2026-09-18,2026-09-16,"合資会社後藤商店",,304,"大阪府","枚方市","東牧野町１１番３－２１０号",,27,210,5731151,,,,,,,2015-10-05,1,,,,,"ゴトウショウテン",0
391,2140001010643,21,0,2026-09-18,2026-09-11,"株式会社フタバ",,301,"兵庫県","姫路市","元町６３番地２－７０４",,28,201,6700049,,,2026-09-11,01,,,2015-10-05,1,,,,,"フタバ",0
392,2140001040186,71,0,2026-09-18,2026-09-10,"株式会社Ｎ．Ｇ．Ｃ．",,301,"兵庫県","赤穂郡上郡町","井上１９２番地１",,28,481,6781251,,,,,,"令和８年９月１０日岡山県津山市中原１７１７番地株式会社Ｎ．Ｓ．Ｃ（1260001020623）を合併",2015-10-05,1,,,,,"エヌジーシー",0
393,2140001088671,12,0,2026-09-18,2026-09-10,"株式会社ホームウェイズ",,301,"兵庫県","西宮市","本町１２番１７－４０１号",,28,204,6620914,,,,,,,2015-10-05,0,,,,,,0
394,2140001088671,11,0,2026-09-18,2026-09-10,"株式会社アルファホーム",,301,"兵庫県","西宮市","本町１２番１７－４０１号",,28,204,6620914,,,,,,,2015-10-05,1,,,,,"アルファホーム",0
395,2140001125672,71,0,2026-09-18,2026-09-01,"プライムキャピタル株式会社",,301,"兵庫県","尼崎市","御園町２４番地尼崎第一ビル４０２号",,28,202,6600861,,,,,,"令和８年９月１日兵庫県尼崎市御園町２４番地尼崎第一ビル４０２号株式会社ｆ‐伊勢（1240001058574）を合併令和８年９月１日兵庫県尼崎市御園町２４番地尼崎第一ビル４０２号株式会社ｆ‐海老名（8240001058576）を合併令和８年９月１日兵庫県尼崎市御園町２４番地尼崎第一ビル４０２号株式会社ｆ‐志摩（2240001058672）を合併令和８年９月１日兵庫県尼崎市御園町２４番地尼崎第一ビル４０２号株式会社ｆ‐浜松（1240001060539）を合併",2022-04-18,1,,,,,"プライムキャピタル",0
396,2140005009145,01,1,2026-09-18,2015-10-05,"医療法人社団宮地医院",,399,"兵庫県","加古川市","平岡町土山１５８番地の３",,28,210,6750104,,,,,,,2015-10-05,1,,,,,"ミヤチイイン",0
397,2160001027925,01,0,2026-09-18,2026-09-18,"株式会社グッドワンホールディングス",,301,"滋賀県","高島市","武曽横山字飛惣橋３０００番地",,25,212,5201101,,,,,,,2026-09-18,1,,,,,"グッドワンホールディングス",0
398,2170001019260,01,0,2026-09-18,2026-09-18,"株式会社エヌ・レスキュー",,301,"和歌山県","御坊市","野口１１８４番地",,30,205,6440031,,,,,,,2026-09-18,1,,,,,"エヌレスキュー",0
399,2170005007212,12,0,2026-09-18,2026-09-09,"一般社団法人ＮＯＢＬＥＳＳＥ　ＯＢＬＩＧＥ",,399,"和歌山県","和歌山市","黒田２丁目１８番５号ＫｅｙＳｉｔｅ５２１号室",,30,201,6408341,,,,,,,2026-06-23,1,,,,,"ノブレスオブリージュ",0
400,2180001055651,01,1,2026-09-18,2015-10-05,"株式会社グローバルセレクション",,301,"愛知県","名古屋市中区","錦１丁目７番３１号",,23,106,4600003,,,,,,,2015-10-05,0,,,,,"グローバルセレクション",0
401,2180001055651,12,1,2026-09-18,2021-10-01,"株式会社グローバルセレクション",,301,"愛知県","名古屋市中区","錦１丁目７番３４号",,23,106,4600003,,,,,,,2015-10-05,1,,,,,"グローバルセレクション",0
402,2180001060131,01,1,2026-09-18,2015-10-05,"株式会社エスネットプラス",,301,"愛知県","名古屋市中区","錦３丁目１１番２５号",,23,106,4600003,,,,,,,2015-10-05,0,,,,,"エスネットプラス",0
403,2180001060131,12,1,2026-09-18,2016-05-19,"株式会社エスネットプラス",,301,"愛知県","名古屋市中区","錦２丁目１８番５号",,23,106,4600003,,,,,,,2015-10-05,1,,,,,"エスネットプラス",0
404,2180001097256,01,1,2026-09-18,2015-10-05,"株式会社ＢＲＩＬＬＩＡＮＴ",,301,"愛知県","愛西市","草平町草場９５番地",,23,232,4968015,,,,,,,2015-10-05,1,,,,,"ブリリアント",0
405,2180001122922,01,1,2026-09-18,2016-04-15,"株式会社ウェルマイン",,301,"愛知県","江南市","飛高町宮町１４５番地",,23,217,4838069,,,,,,,2016-04-15,1,,,,,"ウェルマイン",0
406,2180001124308,01,1,2026-09-18,2016-08-02,"株式会社スリーエム",,301,"愛知県","名古屋市天白区","池場２丁目５０２番地",,23,116,4680055,,,,,,,2016-08-02,1,,,,,"スリーエム",0
407,2180001152069,01,1,2026-09-18,2022-07-07,"株式会社ラッキーリバーＴ＆Ｋ",,301,"愛知県","名古屋市中村区","椿町８番６号",,23,105,4530015,,,,,,,2022-07-07,1,,,,,"ラッキーリバーティーアンドケイ",0
408,2180001157068,21,0,2026-09-18,2026-09-14,"株式会社ＭＮエステート",,301,"愛知県","名古屋市中川区","尾頭橋３丁目４番３２号プラウド金山１１０４号",,23,110,4540012,,,2026-09-14,01,,,2023-07-11,1,,,,,"エムエヌエステート",0
409,2180001172447,12,0,2026-09-18,2026-08-28,"株式会社ＨＡＬＸ",,301,"愛知県","知多郡武豊町","字二ケ崎２丁目１１４",,23,447,4702316,,,,,,,2026-06-23,1,,,,,"ハルクス",0
410,2180001173445,01,0,2026-09-18,2026-09-18,"株式会社セカンドハウス",,301,"愛知県","名古屋市千種区","千種３丁目７番９号",,23,101,4640858,,,,,,,2026-09-18,1,,,,,"セカンドハウス",0
411,2180001173511,01,0,2026-09-18,2026-09-18,"株式会社ＡＩＲ　ＲＡＩＳＥ",,301,"愛知県","名古屋市北区","駒止町２丁目５９カイラーサ・アネックス・ナカ",,23,103,4620059,,,,,,,2026-09-18,1,,,,,"エアレイズ",0
412,2180001173552,01,0,2026-09-18,2026-09-18,"株式会社新創グループ",,301,"愛知県","春日井市","堀ノ内町４丁目４番地９",,23,206,4860829,,,,,,,2026-09-18,1,,,,,"シンソウグループ",0
413,2180002001679,01,1,2026-09-18,2015-10-05,"有限会社山内産業",,302,"愛知県","名古屋市守山区","新守山９０５番地",,23,113,4630070,,,,,,,2015-10-05,1,,,,,"ヤマウチサンギョウ",0
414,2180002030760,01,1,2026-09-18,2015-10-05,"有限会社光里",,302,"愛知県","名古屋市北区","黒川本通１丁目４０番地",,23,103,4620841,,,,,,,2015-10-05,0,,,,,"ミツリ",0
415,2180002030760,12,1,2026-09-18,2026-09-11,"有限会社光里",,302,"愛知県","知多郡武豊町","字壱町田１８４番地５８",,23,447,4702301,,,,,,,2015-10-05,1,,,,,"ミツリ",0
416,2180003021767,12,0,2026-09-18,2026-09-08,"合同会社ＮＣＵ",,305,"愛知県","名古屋市西区","上名古屋４丁目１３番２５号",,23,104,4510025,,,,,,,2020-10-23,1,,,,,"エヌシーユー",0
417,2180301010240,01,1,2026-09-18,2015-10-05,"丸富運輸株式会社",,301,"愛知県","豊川市","下長山町天王下１３１番地１",,23,207,4420824,,,,,,,2015-10-05,1,,,,,"マルトミウンユ",0
418,2180301015215,71,0,2026-09-18,2026-09-01,"壽金属工業株式会社",,301,"愛知県","碧南市","石橋町３丁目８５番地",,23,209,4470858,,,,,,"令和８年９月１日愛知県碧南市浅間町五丁目２番地１２コトブキ精機株式会社（2180301015231）を合併",2015-10-05,1,,,,,"コトブキキンゾクコウギョウ",0
419,2180301015231,21,0,2026-09-18,2026-09-01,"コトブキ精機株式会社",,301,"愛知県","碧南市","浅間町５丁目２番地１２",,23,209,4470865,,,2026-09-01,11,2180301015215,"令和８年９月１日愛知県碧南市石橋町三丁目８５番地壽金属工業株式会社（2180301015215）に合併し解散",2015-10-05,1,,,,,"コトブキセイキ",0
420,2180301030759,01,1,2026-09-18,2017-09-14,"株式会社ＡＣＯホールディングス",,301,"愛知県","刈谷市","新田町６丁目１４番地４",,23,210,4480015,,,,,,,2017-09-14,0,,,,,"エーシーオーホールディングス",0
421,2180301030759,12,1,2026-09-18,2019-06-21,"株式会社ＡＣＯホールディングス",,301,"愛知県","刈谷市","東刈谷町１丁目１１番地１",,23,210,4480807,,,,,,,2017-09-14,1,,,,,"エーシーオーホールディングス",0
422,2180302001478,21,0,2026-09-18,2026-09-04,"有限会社しもまえ",,302,"愛知県","岡崎市","柱３丁目２番地９",,23,202,4440837,,,2026-09-04,01,,,2015-10-05,1,,,,,"シモマエ",0
423,2180302004349,12,0,2026-09-18,2026-09-04,"Ｍａｒｕｋｉ　Ｃｒａｆｔ有限会社",,302,"愛知県","岡崎市","羽根１丁目７番地３",,23,202,4440818,,,,,,,2015-10-05,1,,,,,"マルキクラフト",0
424,2190001019639,21,0,2026-09-18,2026-09-10,"中辻ケア・サービス株式会社",,301,"三重県","津市","高茶屋小森上野町１３３６番地の１",,24,201,5140816,,,2026-09-10,01,,,2015-10-05,1,,,,,"ナカツジケアサービス",0
425,2190002015760,01,1,2026-09-18,2015-10-05,"有限会社ヨタニ自動車販売",,302,"三重県","多気郡大台町","佐原５３３番地の５",,24,443,5192404,,,,,,,2015-10-05,1,,,,,"ヨタニジドウシャハンバイ",0
426,2200002021526,01,1,2026-09-18,2015-10-05,"有限会社ひとものくらし",,302,"岐阜県","土岐市","土岐津町高山８３番地の１",,21,212,5095121,,,,,,,2015-10-05,1,,,,,"ヒトモノクラシ",0
427,2200002024297,12,0,2026-09-18,2026-09-10,"有限会社東海テレネット",,302,"愛知県","春日井市","神屋町２２５４番地の１２",,23,206,4800304,,,,,,,2015-10-05,1,,,,,"トウカイテレネット",0
428,2230001016516,01,1,2026-09-18,2016-06-27,"株式会社ＡＳＭ",,301,"富山県","高岡市","能町７５０番地",,16,202,9330003,,,,,,,2016-06-27,1,,,,,"エーエスエム",0
429,2240001067054,01,0,2026-09-18,2026-09-18,"株式会社ＯＮＥＳ",,301,"広島県","福山市","神辺町大字川北１５３３番地",,34,207,7202123,,,,,,,2026-09-18,1,,,,,"ワンズ",0
430,2240002049308,21,0,2026-09-18,2026-09-15,"有限会社八洲サービス",,302,"広島県","安芸郡熊野町","新宮１丁目２３番４号",,34,307,7314211,,,2026-09-15,01,,,2015-10-05,1,,,,,"ヤシマサービス",0
431,2260001000616,01,1,2026-09-18,2015-10-05,"株式会社上神食糧",,301,"岡山県","岡山市中区","中井４丁目１２番１０号",,33,102,7038205,,,,,,,2015-10-05,1,,,,,"ウワガミショクリョウ",0
432,2260002002966,12,0,2026-09-18,2026-09-17,"株式会社そらいろのこどものとも社",,301,"岡山県","岡山市南区","植松４２０番地",,33,104,7100151,,,,,,,2015-10-05,1,,,,,"ソライロノコドモノトモシャ",0
433,2260002020241,01,1,2026-09-18,2015-10-05,"西岡稔有限会社",,302,"岡山県","倉敷市","茶屋町３６５番地",,33,202,7101101,,,,,,,2015-10-05,1,,,,,"ニシオカミノル",0
434,2260002023780,01,1,2026-09-18,2015-10-05,"株式会社コクブ土地開発",,301,"岡山県","総社市","井手９５７番地",,33,208,7191125,,,,,,,2015-10-05,1,,,,,"コクブトチカイハツ",0
435,2270002007353,21,0,2026-09-18,2026-08-07,"有限会社両ごく",,302,"鳥取県","米子市","朝日町２６番地",,31,202,6830813,,,2026-08-07,11,3270001008319,"令和８年７月３１日鳥取県米子市西福原一丁目４番地１８号株式会社モアプラス（3270001008319）に合併し解散",2015-10-05,1,,,,,"リョウゴク",0
436,2290001022129,71,0,2026-09-18,2026-09-01,"株式会社ＡＢＣビジョン",,301,"福岡県","福岡市博多区","博多駅南４丁目２番１０号",,40,132,8120016,,,,,,"令和８年９月１日福岡市博多区寿町二丁目４番１２号株式会社シビルビジョン（3290001102152）を合併令和８年９月１日福岡市南区井尻三丁目１５番１２号株式会社アルファービジョン（9290001110620）を合併令和８年９月１日福岡市博多区東雲町三丁目４番２８号株式会社ベータビジョン（8290001110621）を合併",2015-10-05,1,,,,,"エービーシービジョン",0
437,2290001064633,01,1,2026-09-18,2015-10-05,"株式会社八紘堂",,301,"福岡県","福岡市中央区","白金２丁目２番１４号",,40,133,8100012,,,,,,,2015-10-05,0,,,,,"ハッコウドウ",0
438,2290001064633,12,1,2026-09-18,2016-04-14,"株式会社八紘堂",,301,"福岡県","福岡市中央区","薬院４丁目３番１３－２０１号",,40,133,8100022,,,,,,,2015-10-05,1,,,,,"ハッコウドウ",0
439,2290001074500,01,1,2026-09-18,2016-07-06,"株式会社森永紙器",,301,"福岡県","糟屋郡須惠町","大字旅石１１５番地１",,40,344,8112221,,,,,,,2016-07-06,1,,,,,"モリナガシキ",0
440,2290002022128,01,1,2026-09-18,2015-10-05,"有限会社エリア福岡",,302,"福岡県","福岡市博多区","博多駅前３丁目７番３号",,40,132,8120011,,,,,,,2015-10-05,1,,,,,"エリアフクオカ",0
441,2290002025667,21,0,2026-09-18,2026-09-04,"有限会社九州ペット美容専門学院",,302,"福岡県","福岡市中央区","平尾２丁目１８番５号",,40,133,8100014,,,2026-09-04,01,,,2015-10-05,1,,,,,"キュウシュウペットビヨウセンモンガクイン",0
442,2290002048230,01,1,2026-09-18,2015-10-05,"有限会社システムテック通信",,302,"福岡県","八女郡広川町","大字広川７０７番地１",,40,544,8340121,,,,,,,2015-10-05,1,,,,,"システムテックツウシン",0
443,2290003011591,12,0,2026-09-18,2026-09-03,"ＷＯＲＱＵＥＳ　Ｐｒｏｄｕｃｔｉｏｎｓ合同会社",,305,"福岡県","福岡市中央区","六本松４丁目８番１２－１１０３",,40,133,8100044,,,,,,,2021-09-08,1,,,,,"ワークスプロダクションズ",0
444,2290801015307,21,0,2026-09-18,2026-09-14,"株式会社ビッグバン",,301,"福岡県","行橋市","大字金屋字辰６８７番地１０号",,40,213,8240004,,,2026-09-14,01,,,2015-10-05,1,,,,,"ビッグバン",0
445,2290801024282,12,0,2026-09-18,2026-09-14,"株式会社スカイロープ",,301,"福岡県","北九州市門司区","大里本町３丁目３番１号",,40,101,8000063,,,,,,,2018-01-15,1,,,,,"スカイロープ",0
446,2300003001475,12,0,2026-09-18,2026-09-16,"ジャスミン合同会社",,305,"福岡県","大牟田市","大字草木７７３番地１",,40,202,8370917,,,,,,,2019-10-25,1,,,,,"ジャスミン",0
447,2300005003635,01,1,2026-09-18,2015-10-05,"黒住教白石教会所",,399,"佐賀県","杵島郡白石町","大字福田１６８番地",,41,425,8491112,,,,,,,2015-10-05,1,,,,,"クロズミキョウシロイシキョウカイショ",0
448,2310001006657,01,0,2026-09-18,2026-09-18,"北伸協産株式会社",,301,"長崎県","佐世保市","早苗町７２６番地",,42,202,8593211,,,,,,,2026-09-18,1,,,,,"ホクシンキョウサン",0
449,2320003005012,12,0,2026-09-18,2026-09-11,"合同会社ＴＢエナジー",,305,"三重県","四日市市","生桑町１１４番地３",,24,202,5120911,,,,,,,2026-06-30,1,,,,,"ティービーエナジー",0
450,2350002013863,21,0,2026-09-18,2026-09-10,"株式会社関西総合食品",,301,"宮崎県","都城市","庄内町１２５５５番地３",,45,202,8850114,,,2026-09-10,01,,,2015-10-05,1,,,,,"カンサイソウゴウショクヒン",0
451,2360001037251,01,0,2026-09-18,2026-09-18,"株式会社ミサキング",,301,"沖縄県","石垣市","新栄町８番地３",,47,207,9070014,,,,,,,2026-09-18,1,,,,,"ミサキング",0
452,2360003011799,12,0,2026-09-18,2026-08-25,"ＣＥＳ宮城１太陽光発電所合同会社",,305,"東京都","中央区","銀座８丁目１８番７－６０６号",,13,102,1040061,,,,,,,2022-02-16,1,,,,,"シーイーエスミヤギワンタイヨウコウハツデンショ",0
453,2360003013903,12,0,2026-09-18,2026-09-14,"合同会社名護テック",,305,"香川県","高松市","林町２５３８番地８",,37,201,7610301,,,,,,,2024-04-18,1,,,,,"ナゴテック",0
454,2370003000487,21,0,2026-09-18,2026-09-11,"株式会社松平商店",,301,"宮城県","仙台市青葉区","国分町３丁目８番２０号",,04,101,9800803,,,2026-09-11,01,,,2015-10-05,1,,,,,"マツダイラショウテン",0
455,2370602001992,21,0,2026-09-18,2026-09-10,"有限会社横山商店",,302,"宮城県","塩竈市","宮町１番１１号",,04,203,9850051,,,2026-09-10,01,,,2015-10-05,1,,,,,"ヨコヤマショウテン",0
456,2380001004596,12,0,2026-09-18,2026-09-14,"株式会社今川",,301,"福島県","郡山市","安積荒井３丁目３２１番地",,07,203,9630117,,,,,,,2015-10-05,1,,,,,"イマカワ",0
457,2380002021302,21,0,2026-09-18,2026-09-15,"有限会社瀬谷工業",,302,"福島県","石川郡古殿町","大字山上字松久保３８番地",,07,505,9638302,,,2026-09-15,01,,,2015-10-05,1,,,,,"セヤコウギョウ",0
458,2390002010857,21,0,2026-09-18,2026-09-14,"有限会社斎藤住建",,302,"山形県","新庄市","大字本合海２３４番地",,06,205,9960112,,,2026-09-14,01,,,2015-10-05,1,,,,,"サイトウジュウケン",0
459,2400001000972,22,0,2026-09-18,2026-09-07,"橘産業株式会社",,301,"岩手県","盛岡市","下ノ橋町５番２２号",,03,201,0200877,,,,,,,2015-10-05,1,,,,,"タチバナサンギョウ",0
460,2400001017546,01,0,2026-09-18,2026-09-18,"株式会社雉子",,301,"岩手県","花巻市","二枚橋町南１丁目１１６番地３",,03,205,0250315,,,,,,,2026-09-18,1,,,,,"キギス",0
461,2400005004251,01,1,2026-09-18,2015-10-05,"一般社団法人田野畑村産業開発公社",,399,"岩手県","下閉伊郡田野畑村","尾肝要３９番地１",,03,484,0288401,,,,,,,2015-10-05,1,,,,,"タノハタムラサンギョウカイハツコウシャ",0
462,2410001009575,21,0,2026-09-18,2026-09-16,"株式会社ＤＹ秋田",,301,"秋田県","秋田市","川尻町字大川反２３３番地の６０",,05,201,0100941,,,2026-09-16,01,,,2015-10-05,1,,,,,"デーワイアキタ",0
463,2410001014591,01,0,2026-09-18,2026-09-18,"株式会社アンドハウス",,301,"秋田県","秋田市","中通２丁目２番３２号山二ビル６階",,05,201,0100001,,,,,,,2026-09-18,1,,,,,"アンドハウス",0
464,2430001064734,12,0,2026-09-18,2026-09-11,"株式会社ＴＳＰ",,301,"北海道","札幌市豊平区","中の島一条１丁目２番１４号",,01,105,0620921,,,,,,,2015-10-05,1,,,,,"ティーエスピー",0
465,2430001072514,01,1,2026-09-18,2016-10-13,"株式会社タンデム・プランニング",,301,"北海道","札幌市中央区","南一条西２３丁目１番１号",,01,101,0640801,,,,,,,2016-10-13,1,,,,,"タンデムプランニング",0
466,2430001092875,12,0,2026-09-18,2026-09-15,"株式会社ＨＩＴ　ＭＡＴＥ",,301,"北海道","札幌市白石区","東札幌四条２丁目５番２７号",,01,104,0030004,,,,,,,2024-10-18,1,,,,,"ヒットマイト",0
467,2430001097726,01,0,2026-09-18,2026-09-18,"株式会社ＢＬＯＯＭ",,301,"北海道","札幌市北区","屯田九条９丁目１番１２号",,01,102,0020859,,,,,,,2026-09-18,1,,,,,"ブルーム",0
468,2430003019430,01,0,2026-09-18,2026-09-18,"合同会社エスワイコーポレーション",,305,"北海道","札幌市北区","東茨戸三条１丁目９番３号",,01,102,0028044,,,,,,,2026-09-18,1,,,,,"エスワイコーポレーション",0
469,2430005015568,01,0,2026-09-18,2026-09-18,"医療法人社団ことり",,399,"北海道","札幌市中央区","南一条西１３丁目３１７番地３フナコシヤ南１条ビル１階",,01,101,0600061,,,,,,,2026-09-18,1,,,,,"コトリ",0
470,2450002001321,21,0,2026-09-18,2026-09-16,"有限会社カネジョウうえだ",,302,"北海道","旭川市","永山四条２丁目１番１号",,01,204,0798414,,,2026-09-16,01,,,2015-10-05,1,,,,,"カネジョウウエダ",0
471,2480002015467,22,0,2026-09-18,2026-09-14,"有限会社菓子工房ウエダ",,302,"徳島県","三好市","井川町西井川５０１番地",,36,208,7794806,,,,,,,2015-10-05,1,,,,,,0
472,2480005004780,01,1,2026-09-18,2015-10-05,"八幡神社",,399,"徳島県","那賀郡那賀町","馬路字桑内８６番地",,36,368,7715321,,,,,,,2015-10-05,1,,,,,,0
473,2480005004797,12,0,2026-09-18,2026-09-15,"和田都美神社",,399,"徳島県","那賀郡那賀町","延野字槙谷５８番地",,36,368,7715406,,,,,,,2015-10-05,1,,,,,,0
474,3010001098088,01,1,2026-09-18,2015-10-05,"株式会社ダイスコミュニケーション",,301,"東京都","中央区","新富１丁目１６番８号",,13,102,1040041,,,,,,,2015-10-05,0,,,,,,0
475,3010001098088,12,1,2026-09-18,2016-05-13,"株式会社ダイスコミュニケーション",,301,"東京都","中央区","湊２丁目６番４号ＲＫビル",,13,102,1040043,,,,,,,2015-10-05,1,,,,,,0
476,3010001257726,12,0,2026-09-18,2026-09-15,"株式会社Ｆｉｖｅ　ｂｏｘｅｓ",,301,"京都府","京都市中京区","手洗水町６４７番地トキワビル３－Ｂ",,26,104,6048152,,,,,,,2025-08-13,1,,,,,"ファイブボクシーズ",0
477,3010001268871,01,0,2026-09-18,2026-09-18,"株式会社ｍｉｎｄｅｒｚ",,301,"東京都","中央区","日本橋兜町１７番２号兜町第６葉山ビル４Ｆ",,13,102,1030026,,,,,,,2026-09-18,1,,,,,"マインダーズ",0
478,3010001268888,01,0,2026-09-18,2026-09-18,"ＣＯＶＲ　Ｊａｐａｎ株式会社",,301,"東京都","千代田区","九段北１丁目１５番２号九段坂パークビル１階",,13,101,1020073,,,,,,,2026-09-18,1,,,,,"カバージャパン",0
479,3010003020033,12,0,2026-09-18,2026-09-15,"合同会社スタン",,305,"神奈川県","茅ヶ崎市","中島１３７９番地２",,14,207,2530073,,,,,,,2015-10-05,1,,,,,"スタン",0
480,3010005025055,01,1,2026-09-18,2016-03-08,"特定非営利活動法人シンビオシス",,399,"東京都","文京区","本郷１丁目１０番１４号加奈利屋館ビル２階",,13,105,1130033,,,,,,,2016-03-08,1,,,,,"シンビオシス",0
481,3010401123379,12,0,2026-09-18,2026-08-24,"株式会社ユニコーン・パートナーズ",,301,"東京都","港区","六本木６丁目１番２４号",,13,103,1060032,,,,,,,2016-02-29,1,,,,,"ユニコーンパートナーズ",0
482,3010401125565,01,1,2026-09-18,2016-06-28,"株式会社ｇｒａｓｓ",,301,"東京都","港区","南青山７丁目１番２７－８０１号",,13,103,1070062,,,,,,,2016-06-28,0,,,,,"グラス",0
483,3010401125565,12,1,2026-09-18,2017-12-25,"株式会社ｇｒａｓｓ",,301,"東京都","港区","南青山７丁目１番２７－１１０２号",,13,103,1070062,,,,,,,2016-06-28,1,,,,,"グラス",0
484,3010401143105,11,0,2026-09-18,2026-09-17,"株式会社ＣＲＵＤ",,301,"東京都","港区","南麻布４丁目５番６６号",,13,103,1060047,,,,,,,2019-01-21,1,,,,,"クリュード",0
485,3010401184289,12,0,2026-09-18,2026-08-31,"メトレック株式会社",,301,"東京都","港区","芝浦１丁目１番１号",,13,103,1050023,,,,,,,2024-08-07,1,,,,,"メトレック",0
486,3010401191987,11,0,2026-09-18,2026-09-02,"株式会社Ｗ　Ｖｉｌｌａｇｅ",,301,"東京都","港区","芝２丁目２４－１１センターコート芝３０３",,13,103,1050014,,,,,,,2025-07-25,1,,,,,"ダブルヴィレッジ",0
487,3010401202208,01,0,2026-09-18,2026-09-18,"株式会社経営革新基盤",,301,"東京都","港区","西新橋３丁目２３番５号御成門郵船ビルディング７階",,13,103,1050003,,,,,,,2026-09-18,1,,,,,"ケイエイカクシンキバン",0
488,3010402006351,12,0,2026-09-18,2026-09-02,"有限会社品川配ぜん人紹介所",,302,"東京都","港区","高輪３丁目２４番１８号高輪エンパイヤビル４Ｆ",,13,103,1080074,,,,,,,2015-10-05,1,,,,,"シナガワハイゼンニンショウカイショ",0
489,3010402008488,21,0,2026-09-18,2026-08-24,"有限会社翼観光",00050917,302,"東京都","港区","六本木７丁目１５番１３－７１０号",,13,103,1060032,,,2026-08-24,01,,,2015-10-05,1,,,,,"ツバサカンコウ",0
490,3010402033379,01,1,2026-09-18,2015-10-05,"有限会社Ｋ＆Ｓ",,302,"東京都","港区","西麻布４丁目１６番１３号",,13,103,1060031,,,,,,,2015-10-05,0,,,,,"ケイアンドエス",0
491,3010402033379,12,1,2026-09-18,2020-02-12,"有限会社Ｋ＆Ｓ",,302,"東京都","港区","愛宕１丁目６番７号",,13,103,1050002,,,,,,,2015-10-05,0,,,,,"ケイアンドエス",0
492,3010402033379,12,1,2026-09-18,2022-03-09,"有限会社Ｋ＆Ｓ",,302,"東京都","千代田区","九段南４丁目７番１３号市ヶ谷安田ビル７階",,13,101,1020074,,,,,,,2015-10-05,1,,,,,"ケイアンドエス",0
493,3010403019716,12,0,2026-09-18,2026-08-20,"シリウス・ソーラー・ジャパン６４合同会社",,305,"東京都","港区","赤坂１丁目１２番３２号アーク森ビル東京国際法律事務所内",,13,103,1070052,,,,,,,2018-11-20,1,,,,,"シリウスソーラージャパンロクジュウヨン",0
494,3010403032009,11,0,2026-09-18,2026-08-18,"日清港区不動産株式会社",,301,"東京都","港区","西麻布３丁目２１番２０号霞町コーポ１０１１室",,13,103,1060031,,,,,,,2024-02-19,1,,,,,"ニッシンミナトクフドウサン",0
495,3010403039169,01,0,2026-09-18,2026-09-18,"祐策キャピタル合同会社",,305,"東京都","港区","虎ノ門５丁目９番１号",,13,103,1050001,,,,,,,2026-09-18,1,,,,,"ユウサクキャピタル",0
496,3010405020424,21,0,2026-09-18,2026-09-01,"ジー・ジェイ・レジデンス・シックス一般社団法人",,399,"東京都","港区","六本木１丁目９番１０号アークヒルズ仙石山森タワー４０階",,13,103,1060032,,,2026-09-01,01,,,2021-11-15,1,,,,,"ジージェイレジデンスシックス",0
497,3010405023823,11,0,2026-09-18,2026-09-10,"京浜島東一般社団法人",,399,"東京都","港区","元赤坂１丁目１番７－１２０９号株式会社赤坂国際会計内",,13,103,1070051,,,,,,,2024-11-28,1,,,,,"ケイヒンジマヒガシ",0
498,3010405026207,01,0,2026-09-18,2026-09-18,"ＡＣＰ５一般社団法人",,399,"東京都","港区","六本木１丁目６番１号泉ガーデンタワー",,13,103,1060032,,,,,,,2026-09-18,1,,,,,"エーシーピーファイブ",0
499,3010501023487,01,1,2026-09-18,2015-10-05,"ユニカ建設工業株式会社",,301,"東京都","台東区","元浅草２丁目１１番１３号",,13,106,1110041,,,,,,,2015-10-05,0,,,,,"ユニカケンセツコウギョウ",0
500,3010501023487,12,1,2026-09-18,2023-06-20,"ユニカ建設工業株式会社",,301,"東京都","台東区","東上野２丁目２４番４号東京銀器会館６Ｆ",,13,106,1100015,,,,,,,2015-10-05,0,,,,,"ユニカケンセツコウギョウ",0
501,3010501023487,12,1,2026-09-18,2025-09-25,"ユニカ建設工業株式会社",,301,"東京都","台東区","上野７丁目７番１１号伸栄ビル",,13,106,1100005,,,,,,,2015-10-05,0,,,,,"ユニカケンセツコウギョウ",0
502,3010501023487,12,0,2026-09-18,2026-09-11,"ユニカ建設工業株式会社",,301,"神奈川県","海老名市","杉久保南１丁目２９番１７号",,14,215,2430427,,,,,,,2015-10-05,1,,,,,"ユニカケンセツコウギョウ",0
503,3010501026275,01,1,2026-09-18,2015-10-05,"レインボー商事株式会社",,301,"東京都","台東区","根岸３丁目６番４号城北ビル２０１室",,13,106,1100003,,,,,,,2015-10-05,1,,,,,"レインボーショウジ",0
504,3010501051612,21,0,2026-09-18,2026-09-15,"三喜堂株式会社",,301,"東京都","台東区","北上野２丁目２５番７号利達ビル２０４号室",,13,106,1100014,,,2026-09-15,01,,,2024-01-15,1,,,,,"サンキドウ",0
505,3010501056462,01,0,2026-09-18,2026-09-18,"東京音楽文化株式会社",,301,"東京都","台東区","上野５丁目２３番４号",,13,106,1100005,,,,,,,2026-09-18,1,,,,,"トウキョウオンガクブンカ",0
506,3010503005046,11,0,2026-09-18,2026-09-15,"株式会社アークモア",,301,"東京都","台東区","入谷１丁目２５－６－１Ｆ",,13,106,1100013,,,,,,,2017-08-01,1,,,,,"アークモア",0
507,3010701024384,71,0,2026-09-18,2026-08-31,"株式会社スホ",,301,"東京都","新宿区","住吉町１番２０号角張ビル５Ｆ",,13,104,1620065,,,,,,"令和８年８月３１日東京都新宿区住吉町１番２０号角張ビル５Ｆ株式会社Ｍｉｒａｋｕ（7011101101142）を合併",2015-10-05,1,,,,,"スホ",0
508,3010703008014,12,0,2026-09-18,2026-09-15,"合同会社ヒューマンリソース",,305,"東京都","中央区","日本橋室町１丁目１１番１２号日本橋水野ビル７階",,13,102,1030022,,,,,,,2025-12-01,1,,,,,"ヒューマンリソース",0
509,3010801037749,01,0,2026-09-18,2026-09-18,"株式会社Ｐｌａｔａ",,301,"東京都","大田区","下丸子２丁目１３番２－５０３号",,13,111,1460092,,,,,,,2026-09-18,1,,,,,"プラタ",0
510,3010802020489,01,1,2026-09-18,2015-10-05,"有限会社スターマンビジョン",,302,"東京都","大田区","平和島５丁目１０番３号",,13,111,1430006,,,,,,,2015-10-05,1,,,,,"スターマンビジョン",0
511,3010901060262,01,0,2026-09-18,2026-09-18,"株式会社ＭＰ　ＬＯＧＩＣＡＬ",,301,"東京都","世田谷区","祖師谷３丁目３０番４号ＳＡビル１階Ｂ",,13,112,1570072,,,,,,,2026-09-18,1,,,,,"エムピーロジカル",0
512,3010901060287,01,0,2026-09-18,2026-09-18,"株式会社Ｎ　ＬＩＮＥＡＧＥ　ＰＡＲＴＮＥＲＳ",,301,"東京都","世田谷区","成城８丁目３３番１０号メゾンローゼ成城Ｂ棟１０２",,13,112,1570066,,,,,,,2026-09-18,1,,,,,"エヌリネージパートナーズ",0
513,3010903011164,01,0,2026-09-18,2026-09-18,"合同会社コンパクトデザイン",,305,"東京都","世田谷区","太子堂４丁目１８番１５号ＴＡＳＵＫＩＰＲＩＭＥＳＡＮＧＥＮＪＡＹＡ３Ｆ－３",,13,112,1540004,,,,,,,2026-09-18,1,,,,,"コンパクトデザイン",0
514,3011001155597,12,0,2026-09-18,2026-09-15,"株式会社ｍｏｂａｍｉ",,301,"福岡県","福岡市中央区","高砂１丁目１番２７号",,40,133,8100011,,,,,,,2023-07-11,1,,,,,"モバミ",0
515,3011001161653,12,0,2026-09-18,2026-09-16,"株式会社ＬＩＫＡＩ　ＳＴＵＤＩＯ",,301,"新潟県","新潟市中央区","東大通１丁目１番１号",,15,103,9500087,,,,,,,2024-05-02,1,,,,,"リカイスタジオ",0
516,3011101043933,01,1,2026-09-18,2015-10-05,"株式会社ＲＥＡＬ",,301,"東京都","新宿区","高田馬場１丁目２８番１０号三慶ビル４Ｆ、ＣＡＳＥ・Ｓｈｉｎｊｕｋｕ",,13,104,1690075,,,,,,,2015-10-05,0,"REAL Corp",,,,"リアル",0
517,3011101043933,12,1,2026-09-18,2024-11-01,"株式会社ＲＥＡＬ",,301,"東京都","新宿区","高田馬場１丁目１７番１４号サウンズビル８Ｆ－ＷＥＳＴ",,13,104,1690075,,,,,,,2015-10-05,1,"REAL Corp","Tokyo","8F-WEST Sounds Building, 1-17-14, Takadanobaba, Shinjuku ku",,"リアル",0
518,3011101045987,01,1,2026-09-18,2015-10-05,"ブレーンバンクグループ株式会社",,301,"東京都","新宿区","四谷１丁目１０番地",,13,104,1600004,,,,,,,2015-10-05,1,,,,,"ブレーンバンクグループ",0
519,3011101067313,01,1,2026-09-18,2015-10-05,"デュケインジャパン株式会社",,301,"東京都","千代田区","神田東松下町１７ファーストビル６Ｆ",,13,101,1010042,,,,,,,2015-10-05,0,"Dukane Japan Co., Ltd.",,,,,0
520,3011101067313,12,1,2026-09-18,2015-11-11,"デュケインジャパン株式会社",,301,"千葉県","柏市","根戸２０６－３北柏ビル１Ｆ",,12,217,2770831,,,,,,,2015-10-05,1,"Dukane Japan Co., Ltd.","Chiba","Kita-Kashiwa Bldg. 1F, 206-3, Nedo, Kashiwa shi",,,0
521,3011101086577,11,0,2026-09-18,2026-08-24,"ＬＩＡＮ株式会社",,301,"東京都","新宿区","西新宿３丁目３番１３号西新宿水間ビル６階",,13,104,1600023,,,,,,,2019-01-18,1,,,,,"リアン",0
522,3011101106590,12,0,2026-09-18,2026-08-24,"株式会社好知",,301,"東京都","新宿区","西新宿４丁目２２－２２風香西新宿３０３号室",,13,104,1600023,,,,,,,2024-03-21,1,,,,,"スチ",0
523,3011201013225,12,0,2026-09-18,2026-09-15,"株式会社ＢＦ．ＲＥＣ",,301,"東京都","台東区","浅草橋２丁目２６番１７号",,13,106,1110053,,,,,,,2015-10-05,1,,,,,"ビーエフレック",0
524,3011401003182,01,1,2026-09-18,2015-10-05,"秀峰システム株式会社",,301,"東京都","板橋区","東新町２丁目２３番５号",,13,119,1740074,,,,,,,2015-10-05,1,"Syuhou System Co., Ltd.","Tokyo","2-23-5, Toshincho, Itabashi ku",,"シュウホウシステム",0
525,3011502009038,01,1,2026-09-18,2015-10-05,"集光印刷有限会社",,302,"東京都","荒川区","東日暮里５丁目８番３号",,13,118,1160014,,,,,,,2015-10-05,0,,,,,"シュウコウインサツ",0
526,3011502009038,12,1,2026-09-18,2017-04-12,"集光印刷有限会社",,302,"東京都","荒川区","東日暮里４丁目２８番４号",,13,118,1160014,,,,,,,2015-10-05,0,,,,,"シュウコウインサツ",0
527,3011502009038,12,1,2026-09-18,2026-09-14,"集光印刷有限会社",,302,"東京都","荒川区","東日暮里６丁目４２番１号",,13,118,1160014,,,,,,,2015-10-05,1,,,,,"シュウコウインサツ",0
528,3011601029358,12,0,2026-09-18,2026-09-16,"株式会社ＴＡＮＥ　ＷＯＲＫＳ",,301,"東京都","渋谷区","神宮前２丁目２４番６号",,13,113,1500001,,,,,,,2026-02-03,1,,,,,"タネワークス",0
529,3011701013823,12,0,2026-09-18,2026-09-14,"株式会社アシスト",,301,"東京都","江戸川区","東小松川２丁目３５番９号",,13,123,1320033,,,,,,,2015-10-05,1,,,,,,0
530,3011701021545,12,0,2026-09-18,2026-09-15,"株式会社ＳＩＮＣＥ",,301,"京都府","京都市下京区","七条通油小路東入大黒町２２７番地第２キョートビル４０２",,26,106,6008223,,,,,,,2018-02-20,1,,,,,"シンス",0
531,3011803005644,12,0,2026-09-18,2026-09-15,"合同会社ＤｒｅａｍＢｏｘ",,305,"東京都","北区","上十条２丁目５番９号イートンハウス１０２号",,13,117,1140034,,,,,,,2023-05-11,1,,,,,"ドリームボックス",0
532,3012401024904,01,1,2026-09-18,2015-10-05,"株式会社しのんプラス",,301,"東京都","武蔵野市","関前５丁目１９番２０号",,13,203,1800014,,,,,,,2015-10-05,1,,,,,"シノンプラス",0
533,3012402001794,01,1,2026-09-18,2015-10-05,"有限会社ティーアールエム",,302,"東京都","府中市","宮町２丁目１番地１５府中宮町パークホームズ１０１号",,13,206,1830023,,,,,,,2015-10-05,1,,,,,"ティーアールエム",0
534,3012701019645,01,0,2026-09-18,2026-09-18,"ピアノ総合株式会社",,301,"東京都","東久留米市","八幡町２丁目１４番４８号１階",,13,222,2030042,,,,,,,2026-09-18,1,,,,,"ピアノソウゴウ",0
535,3012803004198,01,0,2026-09-18,2026-09-18,"合同会社ＥＸＴＡＳＹ　ＤＥＳＩＧＮ",,305,"東京都","国立市","谷保７丁目２－３０",,13,215,1860011,,,,,,,2026-09-18,1,,,,,"エクスタシーデザイン",0
536,3013301025785,12,0,2026-09-18,2026-09-16,"株式会社ＲＳコーポレーション",,301,"東京都","豊島区","巣鴨２丁目５番２号",,13,116,1700002,,,,,,,2015-10-05,1,,,,,"アールエスコーポレーション",0
537,3013301038812,12,0,2026-09-18,2026-09-15,"研行者株式会社",,301,"東京都","港区","浜松町１丁目１２番２号",,13,103,1050013,,,,,,,2016-05-10,1,,,,,"ケンコウシャ",0
538,3013301042153,12,0,2026-09-18,2026-09-14,"株式会社ｗｉｔｈ",,301,"東京都","練馬区","練馬１丁目２０番８号日建練馬ビル２階",,13,120,1760001,,,,,,,2018-04-18,1,,,,,"ウィズ",0
539,3020001009085,71,0,2026-09-18,2026-09-01,"トモエ工業株式会社",,301,"神奈川県","横浜市都筑区","池辺町４７０９番地",,14,118,2240053,,,,,,"令和８年９月１日横浜市都筑区池辺町４７０９番地株式会社アングル（8020001030094）を合併",2015-10-05,1,,,,,"トモエコウギョウ",0
540,3020001048257,01,1,2026-09-18,2015-10-05,"株式会社ＹＴＣ",,301,"神奈川県","横浜市栄区","小山台２丁目３７番２４号",,14,115,2470002,,,,,,,2015-10-05,1,,,,,"ワイティーシー",0
541,3020001049016,12,0,2026-09-18,2026-09-16,"株式会社ケーズファクトリー",,301,"東京都","台東区","寿２丁目１０番１５号",,13,106,1110042,,,,,,,2015-10-05,1,,,,,"ケーズファクトリー",0
542,3020001112013,12,0,2026-09-18,2026-09-04,"株式会社サニタ・ホールディングス",,301,"神奈川県","横浜市緑区","長津田みなみ台６丁目１０番地９の１０１号",,14,113,2260018,,,,,,,2015-10-05,1,,,,,"サニタホールディングス",0
543,3020001112640,01,1,2026-09-18,2015-10-05,"株式会社ＥＮ企画",,301,"神奈川県","川崎市中原区","小杉陣屋町１丁目２３番７－３０５号",,14,133,2110062,,,,,,,2015-10-05,1,,,,,"イーエヌキカク",0
544,3020001169656,01,1,2026-09-18,2026-08-03,"株式会社トモニアル",,301,"神奈川県","横浜市西区","北幸２丁目１０番４８号むつみビル３階",,14,103,2200004,,,,,,,2026-08-03,1,"Tomonial Inc.","Kanagawa","3F, Mutsumi Bldg., 2-10-48, Kitasaiwai, Nishi ku Yokohama shi",,"トモニアル",0
545,3020002062521,01,1,2026-09-18,2015-10-05,"有限会社アイ・エム・エー・エス",,302,"神奈川県","横浜市神奈川区","浦島丘６番地の１４",,14,102,2210062,,,,,,,2015-10-05,1,,,,,"アイエムエーエス",0
546,3020003031855,01,0,2026-09-18,2026-09-18,"真テクノロジー合同会社",,305,"神奈川県","川崎市宮前区","宮崎５丁目３－１６",,14,136,2160033,,,,,,,2026-09-18,1,,,,,"シンテクノロジー",0
547,3020005017407,01,0,2026-09-18,2026-09-18,"行政書士法人信長",,399,"神奈川県","横浜市磯子区","杉田９丁目１３番１３号",,14,107,2350033,,,,,,,2026-09-18,1,,,,,"ノブナガ",0
548,3020005017415,01,0,2026-09-18,2026-09-18,"一般社団法人日本学術会計学会",,399,"神奈川県","横浜市港北区","日吉４丁目１番１号",,14,109,2230061,,,,,,,2026-09-18,1,,,,,"ニホンガクジュツカイケイガッカイ",0
549,3021001007104,12,0,2026-09-18,2026-09-02,"井亀泉株式会社",,301,"神奈川県","茅ヶ崎市","新栄町７番５号Ｃｈｉｇａｓａｋｉ・Ｂｉｚ－ｎａｚ３Ｆ・ＢＩＺｃｏｍｆｏｒｔ湘南茅ヶ崎３号室",,14,207,2530044,,,,,,,2015-10-05,1,,,,,"セイキセン",0
550,3021001089217,01,0,2026-09-18,2026-09-18,"株式会社ＳＨＩＧＥ　ＧＡＲＤＥＮＳ",,301,"神奈川県","茅ヶ崎市","白浜町６番１号",,14,207,2530036,,,,,,,2026-09-18,1,,,,,"シゲガーデンズ",0
551,3021002019040,01,1,2026-09-18,2015-10-05,"有限会社カクボ",,302,"神奈川県","相模原市南区","古淵４丁目４番８号",,14,153,2520344,,,,,,,2015-10-05,0,,,,,"カクボ",0
552,3021002019040,12,1,2026-09-18,2016-01-22,"有限会社カクボ",,302,"神奈川県","相模原市南区","相模台５丁目５番４号",,14,153,2520321,,,,,,,2015-10-05,0,,,,,"カクボ",0
553,3021002019040,12,1,2026-09-18,2026-09-02,"有限会社カクボ",,302,"神奈川県","相模原市南区","西大沼１丁目１１番２４号",,14,153,2520332,,,,,,,2015-10-05,1,,,,,"カクボ",0
554,3021002067007,21,0,2026-09-18,2026-09-02,"有限会社マルチュウストアー",,302,"神奈川県","横須賀市","浦上台４丁目１番１３号",,14,201,2390815,,,2026-09-02,01,,,2015-10-05,1,,,,,"マルチュウストアー",0
555,3021003011194,12,0,2026-09-18,2026-09-15,"合同会社平九郎",,305,"神奈川県","横浜市西区","岡野１丁目１６番４号Ｒ＆Ｂ横浜ビル",,14,103,2200073,,,,,,,2021-12-17,1,,,,,"ヘイクロウ",0
556,3021003017885,01,0,2026-09-18,2026-09-18,"合同会社杉浦建築",,305,"神奈川県","横須賀市","富士見町１丁目５４番地",,14,201,2380021,,,,,,,2026-09-18,1,,,,,"スギウラケンチク",0
557,3030001117770,01,1,2026-09-18,2016-12-21,"株式会社ＵＳトラスト",,301,"埼玉県","さいたま市緑区","大字下野田２６８番地",,11,109,3360962,,,,,,,2016-12-21,1,,,,,,0
558,3030001167106,01,1,2026-09-18,2025-06-20,"ＴＨＣ株式会社",,301,"埼玉県","川口市","仲町１－１５－３",,11,203,3320022,,,,,,,2025-06-20,1,,,,,"ティーエイチシー",0
559,3030001174234,01,0,2026-09-18,2026-09-18,"株式会社山下ハウジング",,301,"埼玉県","春日部市","上金崎５０９番地５",,11,214,3440111,,,,,,,2026-09-18,1,,,,,"ヤマシタハウジング",0
560,3030002037530,01,1,2026-09-18,2015-10-05,"有限会社前田愛犬訓練所",,302,"埼玉県","狭山市","大字上赤坂５９３番地の１２",,11,215,3501313,,,,,,,2015-10-05,1,,,,,"マエダアイケンクンレンジョ",0
561,3030002075118,21,0,2026-09-18,2026-09-02,"有限会社松屋菓子店",,302,"埼玉県","川越市","新富町１丁目１６番地１２",,11,201,3500043,,,2026-09-02,01,,,2015-10-05,1,,,,,"マツヤカシテン",0
562,3030002104917,21,0,2026-09-18,2026-09-03,"有限会社千葉測量設計",,302,"埼玉県","川口市","飯塚１丁目１６番２９号",,11,203,3320023,,,2026-09-03,01,,,2015-10-05,1,,,,,"チバソクリョウセッケイ",0
563,3030003029964,01,0,2026-09-18,2026-09-18,"合同会社ワンライザー",,305,"埼玉県","富士見市","関沢２丁目１５番１２号",,11,235,3540025,,,,,,,2026-09-18,1,,,,,"ワンライザー",0
564,3040001039634,21,0,2026-09-18,2026-08-31,"メネリーク株式会社",,301,"千葉県","松戸市","新松戸１丁目３７４番１号",,12,207,2700034,,,2026-08-31,01,,,2015-10-05,1,,,,,"メネリーク",0
565,3040001050748,01,1,2026-09-18,2015-10-05,"株式会社千葉ワーク",,301,"千葉県","木更津市","清見台東２丁目２番１１号",,12,206,2920041,,,,,,,2015-10-05,1,,,,,"チバワーク",0
566,3040001080019,12,0,2026-09-18,2026-09-14,"株式会社ダブルスターデザイン",,301,"茨城県","常総市","相野谷町６１番地４",,08,211,3030002,,,,,,,2015-10-05,1,,,,,"ダブルスターデザイン",0
567,3040001114478,12,0,2026-09-18,2026-08-31,"株式会社ＺＹＮＡＳ",,301,"千葉県","千葉市美浜区","打瀬１丁目２番地３セントラルパーク・ウエスト・シータワー２６０１号",,12,106,2610013,,,,,,,2020-07-28,1,,,,,"ザイナス",0
568,3040001145300,01,0,2026-09-18,2026-09-18,"佑和ホールディングス株式会社",,301,"千葉県","船橋市","習志野台８丁目３７番２棟３０８号",,12,204,2740063,,,,,,,2026-09-18,1,,,,,"ユウワホールディングス",0
569,3040002015147,01,1,2026-09-18,2015-10-05,"有限会社ラビン",,302,"千葉県","千葉市稲毛区","稲毛１丁目１３番７号",,12,103,2630034,,,,,,,2015-10-05,1,,,,,"ラビン",0
570,3040002041746,12,0,2026-09-18,2026-09-16,"有限会社マルケープラントサービス",,302,"埼玉県","三郷市","早稲田２丁目８番３号",,11,237,3410018,,,,,,,2015-10-05,1,,,,,"マルケープラントサービス",0
571,3040002042892,21,0,2026-09-18,2026-08-31,"有限会社なゆたコンサルティング",,302,"千葉県","浦安市","美浜１丁目５番１４０２号",,12,227,2790011,,,2026-08-31,01,,,2015-10-05,1,,,,,"ナユタコンサルティング",0
572,3040003030310,12,0,2026-09-18,2026-08-31,"合同会社さくら",,305,"千葉県","船橋市","海神１丁目３１番２２号",,12,204,2730021,,,,,,,2026-07-14,1,,,,,"サクラ",0
573,3050001014363,21,0,2026-09-18,2026-09-07,"岩井流通輸送株式会社",,301,"茨城県","坂東市","上出島８３１番地",,08,228,3060654,,,2026-09-07,01,,,2015-10-05,1,,,,,,0
574,3050001058955,01,0,2026-09-18,2026-09-18,"株式会社鴨川技建",,301,"茨城県","神栖市","知手４６７８番地５６",,08,232,3140115,,,,,,,2026-09-18,1,,,,,"カモガワギケン",0
575,3050003004750,12,0,2026-09-18,2026-09-14,"株式会社ＴＥＣＯ",,301,"茨城県","水戸市","泉町３丁目７番３０号２Ｆ",,08,201,3100026,,,,,,,2019-07-12,1,,,,,"テコ",0
576,3060001008380,21,0,2026-09-18,2026-09-16,"大西電器株式会社",,301,"栃木県","日光市","今市７７３番地",,09,206,3211261,,,2026-09-16,01,,,2015-10-05,1,,,,,"オオニシデンキ",0
577,3070001039169,01,1,2026-09-18,2022-04-25,"Ａ．Ｄ．ＩＮＴＥＲＮＡＴＩＯＮＡＬ株式会社",,301,"群馬県","太田市","東本町２９番３２号",,10,205,3730026,,,,,,,2022-04-25,0,,,,,"エイディーインターナショナル",0
578,3070001039169,12,1,2026-09-18,2026-09-11,"Ａ．Ｄ．ＩＮＴＥＲＮＡＴＩＯＮＡＬ株式会社",,301,"群馬県","太田市","上小林町８－１",,10,205,3730024,,,,,,,2022-04-25,1,,,,,"エイディーインターナショナル",0
579,3080002001770,01,1,2026-09-18,2015-10-05,"有限会社クリオカプラスチック",,302,"静岡県","静岡市葵区","吉津６１６番地",,22,101,4211223,,,,,,,2015-10-05,1,,,,,"クリオカプラスチック",0
580,3080002004518,21,0,2026-09-18,2026-09-15,"有限会社日本地下タンク清掃",,302,"静岡県","静岡市葵区","南沼上３丁目２２番８号",,22,101,4200905,,,2026-09-15,01,,,2015-10-05,1,,,,,"ニホンチカタンクセイソウ",0
581,3080101002513,12,0,2026-09-18,2026-09-11,"株式会社デンケン",,301,"静岡県","沼津市","杉崎町１１番９４号",,22,203,4100033,,,,,,,2015-10-05,1,,,,,"デンケン",0
582,3080101010466,01,1,2026-09-18,2015-10-05,"株式会社フカデン",,301,"静岡県","富士市","中里４４８番地の５",,22,210,4170826,,,,,,,2015-10-05,1,,,,,"フカデン",0
583,3080101025134,12,0,2026-09-18,2026-09-15,"ＧｒｏｖｅＫｉｄｓ株式会社",,301,"神奈川県","横浜市中区","黄金町２丁目８番地６ＹＡＲＤビル８階",,14,104,2310054,,,,,,,2024-11-19,1,,,,,"グローブキッズ",0
584,3080102013344,21,0,2026-09-18,2026-09-14,"有限会社イチフジ",,302,"静岡県","富士市","依田橋３６９番地の２",,22,210,4170002,,,2026-09-14,01,,,2015-10-05,1,,,,,"イチフジ",0
585,3080102019226,01,1,2026-09-18,2015-10-05,"有限会社太田工業",,302,"静岡県","伊東市","赤沢３５番地の１",,22,208,4130233,,,,,,,2015-10-05,1,,,,,"オオタコウギョウ",0
586,3080105006618,01,0,2026-09-18,2026-09-18,"医療法人社団照徳会",,399,"静岡県","駿東郡長泉町","下土狩１３７５番地の１若葉ビル３階",,22,342,4110943,,,,,,,2026-09-18,1,,,,,"ショウトクカイ",0
587,3080401028852,01,0,2026-09-18,2026-09-18,"ＬＩＦＥ８ＷＯＲＫＳ株式会社",,301,"静岡県","浜松市中央区","相生町１４番３６号ブランルージュ相生１０１号室",,22,138,4300805,,,,,,,2026-09-18,1,,,,,"ライフエイトワークス",0
588,3100002026294,01,1,2026-09-18,2015-10-05,"有限会社かじくら",,302,"長野県","北安曇郡白馬村","大字北城瑞穂３０１０番地",,20,485,3999301,,,,,,,2015-10-05,1,,,,,"カジクラ",0
589,3100002032573,01,1,2026-09-18,2015-10-05,"有限会社エビスホテル",,302,"長野県","伊那市","西町４９４１番地",,20,209,3960026,,,,,,,2015-10-05,1,,,,,"エビスホテル",0
590,3110001020438,21,0,2026-09-18,2026-09-09,"株式会社ケアサポートのぞみ",,301,"新潟県","妙高市","末広町２番７号",,15,217,9440036,,,2026-09-09,01,,,2015-10-05,1,,,,,"ケアサポートノゾミ",0
591,3110001026377,21,0,2026-09-18,2026-09-01,"株式会社関口商店",,301,"新潟県","新潟市中央区","東出来島１１番１８号",,15,103,9500961,,,2026-09-01,11,9110001003908,"令和８年９月１日新潟市中央区東出来島１１番１８号新潟サンリン株式会社（9110001003908）に合併し解散",2015-10-05,1,,,,,"セキグチショウテン",0
592,3110001039511,12,0,2026-09-18,2026-09-08,"コメ工房株式会社",,301,"新潟県","南魚沼市","大木六１７２番地",,15,226,9496416,,,,,,,2025-08-15,1,,,,,"コメコウボウ",0
593,3110002021708,01,1,2026-09-18,2015-10-05,"有限会社ヒノマルクリーニング",,302,"新潟県","村上市","久保多町５番１７号",,15,212,9580871,,,,,,,2015-10-05,1,,,,,"ヒノマルクリーニング",0
594,3120001019289,21,0,2026-09-18,2026-09-15,"大阪オートメ工業株式会社",,301,"大阪府","大阪市生野区","生野東３丁目７番３６号",,27,116,5440025,,,2026-09-15,01,,,2015-10-05,1,,,,,"オオサカオートメコウギョウ",0
595,3120001208734,11,0,2026-09-18,2026-09-07,"株式会社健康プラットフォーム",,301,"大阪府","大阪市北区","天満２丁目１２番３号",,27,127,5300043,,,,,,,2017-10-13,1,,,,,"ケンコウプラットフォーム",0
596,3120001223700,12,0,2026-09-18,2026-09-15,"プラウデストレジデンス城東株式会社",,301,"大阪府","大阪市北区","曾根崎新地２丁目１番２３号ＪＰＲ堂島ビル",,27,127,5300002,,,,,,,2019-09-11,1,,,,,"プラウデストレジデンスジョウトウ",0
597,3120001229672,12,0,2026-09-18,2026-09-16,"株式会社エイル",,301,"東京都","品川区","大井１丁目３１番１－２９１６号",,13,109,1400014,,,,,,,2020-06-10,1,,,,,"エイル",0
598,3120001249051,12,0,2026-09-18,2026-09-16,"競播商貿株式会社",,301,"大阪府","堺市堺区","甲斐町西３丁４番４号２階",,27,141,5900950,,,,,,,2022-09-27,1,,,,,"ケイハンショウボウ",0
599,3120001249745,71,0,2026-09-18,2026-08-03,"ＡＩｄｅａ　Ｅｎｇｉｎｅｅｒｓ株式会社",,301,"東京都","港区","六本木６丁目１０番１号六本木ヒルズ森タワー３７Ｆ",,13,103,1060032,,,,,,"令和８年８月１日東京都港区愛宕二丁目５番１号愛宕グリーンヒルズＭＯＲＩタワー２７階インフラゲート株式会社（8010401187337）を合併令和８年８月１日東京都港区愛宕二丁目５番１号愛宕グリーンヒルズＭＯＲＩタワー２７階プライムコード株式会社（1010401187335）を合併",2022-10-25,1,,,,,"アイデアエンジニアーズ",0
600,3120001264232,21,0,2026-09-18,2026-09-15,"宏達株式会社",,301,"大阪府","大阪市北区","西天満３丁目４－２１－２０４",,27,127,5300047,,,2026-09-15,01,,,2024-04-24,1,,,,,"コウタツ",0
601,3120001275048,12,0,2026-09-18,2026-09-16,"グローリー株式会社",,301,"大阪府","羽曳野市","川向３番１",,27,222,5830848,,,,,,,2025-04-30,1,,,,,"グローリー",0
602,3120001279585,01,1,2026-09-18,2025-09-16,"ＦＴＳ株式会社",,301,"大阪府","大阪市西淀川区","出来島３丁目１－１８－１Ｆ",,27,113,5550031,,,,,,,2025-09-16,1,,,,,"エフティーエス",0
603,3120001280774,21,0,2026-09-18,2026-09-11,"合成株式会社",,301,"大阪府","大阪市西成区","松３丁目１１番２２－２０９号",,27,122,5570034,,,2026-09-11,01,,,2025-10-08,1,,,,,"ゴウセイ",0
604,3120001280840,21,0,2026-09-18,2026-08-31,"和光教育株式会社",,301,"大阪府","大阪市淀川区","宮原２丁目１２番１４号",,27,123,5320003,,,2026-08-31,01,,,2025-10-14,1,,,,,"ワコウキョウイク",0
605,3120001289171,01,0,2026-09-18,2026-09-18,"株式会社ＲＩＴＴＯ",,301,"大阪府","大阪市西区","江戸堀２丁目７番２７－９０２号",,27,106,5500002,,,,,,,2026-09-18,1,,,,,"リット",0
606,3120001289196,01,0,2026-09-18,2026-09-18,"株式会社ＭＵＳＥ",,301,"大阪府","大阪市東成区","東小橋３丁目１５番８号",,27,115,5370024,,,,,,,2026-09-18,1,,,,,"ミューズ",0
607,3120002004570,01,1,2026-09-18,2015-10-05,"富屋製菓有限会社",,302,"大阪府","大阪市都島区","内代町２丁目１番１８号",,27,102,5340013,,,,,,,2015-10-05,1,,,,,"トミヤセイカ",0
608,3120002044311,12,0,2026-09-18,2026-09-14,"有限会社ノーサイド",,302,"大阪府","大阪市都島区","中野町４丁目９番９号",,27,102,5340027,,,,,,,2015-10-05,1,,,,,,0
609,3120002081206,12,0,2026-09-18,2026-09-16,"三宅産業有限会社",,302,"香川県","丸亀市","城西町２丁目２番９号",,37,202,7630032,,,,,,,2015-10-05,1,,,,,"ミヤケサンギョウ",0
610,3120003011038,01,1,2026-09-18,2015-10-05,"ドリッププロダクツ合同会社",,305,"大阪府","大阪市中央区","南船場４丁目１０番５号南船場ＳＯＨＯ７０２",,27,128,5420081,,,,,,,2015-10-05,1,"DRIP PRODUCTS LIMITED LIABILITY CO.","Osaka","Minamisemba SOHO 702, 4-10-5 Minamisemba, Chuo-ku, Osaka-shi",,"ドリッププロダクツ",0
611,3120003033503,01,0,2026-09-18,2026-09-18,"合同会社サムライフ",,305,"大阪府","大阪市中央区","南船場３丁目２番２２号おおきに南船場ビル２０５",,27,128,5420081,,,,,,,2026-09-18,1,,,,,"サムライフ",0
612,3120005022512,12,0,2026-09-18,2026-09-15,"一般社団法人日本キャンサーアピアランスケア協会",,399,"東京都","多摩市","鶴牧３丁目４番地",,13,224,2060034,,,,,,,2021-09-27,1,,,,,"ニホンキャンサーアピアランスケアキョウカイ",0
613,3120005025779,01,0,2026-09-18,2026-09-18,"特定非営利活動法人寝屋川市親子金融経済学校",,399,"大阪府","寝屋川市","成美町２３番８号",,27,215,5720046,,,,,,,2026-09-18,1,,,,,"ネヤガワシオヤコキンユウケイザイガッコウ",0
614,3120101045887,12,0,2026-09-18,2026-09-16,"株式会社アスナロ",,301,"大阪府","堺市南区","畑８４８番地の５",,27,145,5900124,,,,,,,2015-10-05,1,,,,,"アスナロ",0
615,3120101049401,01,1,2026-09-18,2015-10-05,"株式会社生駒メディカル",,301,"大阪府","堺市中区","東山１４４番地２",,27,142,5998247,,,,,,,2015-10-05,1,,,,,"イコマメディカル",0
616,3120101059937,12,0,2026-09-18,2026-09-11,"株式会社インタッチ",,301,"広島県","東広島市","西条町西条東８１５番地",,34,212,7390042,,,,,,,2019-05-28,1,,,,,"インタッチ",0
617,3122001040919,01,0,2026-09-18,2026-09-18,"株式会社ＯｖｅｒＷｅｉｇｈｔ",,301,"大阪府","八尾市","久宝園１丁目５７－８",,27,212,5810817,,,,,,,2026-09-18,1,,,,,"オーバーウェイト",0
618,3130001043701,01,1,2026-09-18,2015-10-05,"株式会社マイジン",,301,"京都府","舞鶴市","字上安久１４番地１相生グリーンビル",,26,202,6240913,,,,,,,2015-10-05,1,,,,,"マイジン",0
619,3140001004223,21,0,2026-09-18,2026-09-11,"株式会社ワークスタイル研究所",,301,"兵庫県","神戸市灘区","楠丘町５丁目３番５号",,28,102,6570024,,,2026-09-11,01,,,2015-10-05,1,,,,,"ワークスタイルケンキュウジョ",0
620,3140001138723,12,0,2026-09-18,2026-09-08,"株式会社弁慶",,301,"兵庫県","姫路市","広畑区北河原町７８－１北河原マンション２号棟４０２",,28,201,6711111,,,,,,,2025-06-02,1,,,,,"ベンケイ",0
621,3160001027692,12,0,2026-09-18,2026-09-14,"ＡＳＵＫＡ商事株式会社",,301,"京都府","京都市中京区","両替町通竹屋町上る西方寺町１６０番地の２",,26,104,6040866,,,,,,,2026-06-11,1,,,,,"アスカショウジ",0
622,3160003003915,01,0,2026-09-18,2026-09-18,"合同会社クウ・ネル・ワラウ",,305,"滋賀県","米原市","大野木７４６番地",,25,214,5210244,,,,,,,2026-09-18,1,,,,,"クウネルワラウ",0
623,3180001008022,01,1,2026-09-18,2015-10-05,"株式会社大橋木工所",,301,"愛知県","名古屋市昭和区","緑町１丁目２６番地",,23,107,4660013,,,,,,,2015-10-05,1,,,,,"オオハシモッコウショ",0
624,3180001083288,01,1,2026-09-18,2015-10-05,"中日本織物株式会社",,301,"愛知県","一宮市","多加木５丁目３番８号",,23,203,4910837,,,,,,,2015-10-05,1,,,,,"ナカニホンオリモノ",0
625,3180001124018,01,1,2026-09-18,2016-07-13,"株式会社大真カンパニー",,301,"愛知県","大府市","長草町東寄合３９番地の３５",,23,223,4740052,,,,,,,2016-07-13,1,,,,,"ダイシンカンパニー",0
626,3180001160401,12,0,2026-09-18,2026-09-08,"株式会社ランドマークプラス",,301,"愛知県","名古屋市中村区","名駅３丁目１９番１４号第２名古屋三交ビル１３階",,23,105,4500002,,,,,,,2024-03-07,1,,,,,"ランドマークプラス",0
627,3180001173576,01,0,2026-09-18,2026-09-18,"株式会社丸進ヘルスケア研究所",,301,"愛知県","西春日井郡豊山町","大字豊場字沢口７７番地",,23,342,4800202,,,,,,,2026-09-18,1,,,,,"マルシンヘルスケアケンキュウジョ",0
628,3180002044099,01,1,2026-09-18,2015-10-05,"有限会社ニュートラル",,302,"愛知県","名古屋市中区","錦１丁目７番１３号",,23,106,4600003,,,,,,,2015-10-05,1,,,,,"ニュートラル",0
629,3180002082677,01,1,2026-09-18,2015-10-05,"有限会社ミワ加工",,302,"愛知県","江南市","草井町若草４１番地",,23,217,4838072,,,,,,,2015-10-05,1,,,,,"ミワカコウ",0
630,3180003009101,01,1,2026-09-18,2015-10-05,"合同会社ユニティス",,305,"愛知県","名古屋市昭和区","吹上町２丁目１０番地の８",,23,107,4660002,,,,,,,2015-10-05,1,,,,,"ユニティス",0
631,3180005011492,01,1,2026-09-18,2015-10-05,"ホワイトキャッスル平針７管理組合法人",,399,"愛知県","名古屋市天白区","平針１丁目１５０１番",,23,116,4680011,,,,,,,2015-10-05,1,,,,,"ホワイトキャッスルヒラバリセブン",0
632,3180005018810,21,0,2026-09-18,2026-09-11,"一般社団法人ビーケアリンク協会",,399,"愛知県","名古屋市熱田区","白鳥３丁目１０番１９号",,23,109,4560035,,,2026-09-11,01,,,2020-05-22,1,,,,,"ビーケアリンクキョウカイ",0
633,3180301017664,01,1,2026-09-18,2015-10-05,"マサキ住建株式会社",,301,"愛知県","碧南市","田尻町１丁目２８番地４",,23,209,4470867,,,,,,,2015-10-05,1,,,,,"マサキジュウケン",0
634,3180303001204,01,1,2026-09-18,2015-10-05,"合資会社大澤スタジオ",,304,"愛知県","豊橋市","新吉町４９番地",,23,201,4400871,,,,,,,2015-10-05,0,,,,,"オオサワスタジオ",0
635,3180303001204,12,1,2026-09-18,2026-09-01,"合資会社大澤スタジオ",,304,"愛知県","豊橋市","新吉町４９番地の１",,23,201,4400871,,,,,,,2015-10-05,1,,,,,"オオサワスタジオ",0
636,3180303001344,01,1,2026-09-18,2015-10-05,"山安平松食品合資会社",,304,"愛知県","豊橋市","梅薮町字浜田２５番地",,23,201,4410155,,,,,,,2015-10-05,1,,,,,"ヤマヤスヒラマツショクヒン",0
637,3190001030421,11,0,2026-09-18,2026-09-03,"株式会社ＦＵＫＵ　ＴＥＡ　ＷＯＲＫＳ",,301,"三重県","四日市市","広永町５７７番地",,24,202,5128061,,,,,,,2023-05-18,1,,,,,"フクティーワークス",0
638,3190002013978,21,0,2026-09-18,2026-09-11,"ススキ産機株式会社",,301,"三重県","松阪市","和屋町２３１番地５",,24,204,5150025,,,2026-09-11,11,1170001011441,"令和８年９月１日和歌山県新宮市浮島１番２５号株式会社キナン（1170001011441）に合併し解散",2015-10-05,1,,,,,"ススキサンキ",0
639,3200001025436,01,1,2026-09-18,2015-10-05,"新穂高佳留萱温泉株式会社",,301,"岐阜県","高山市","奥飛騨温泉郷神坂字モイケ５５５番地",00080973,21,203,5061421,,,,,,,2015-10-05,1,,,,,"シンホダカカルカヤオンセン",0
640,3200002018769,01,1,2026-09-18,2015-10-05,"有限会社ｄｏｇｐｌａｃｅシン",,302,"岐阜県","関市","戸田８４４番地１",,21,205,5013958,,,,,,,2015-10-05,1,,,,,"ドッグプレイスシン",0
641,3200005010780,01,1,2026-09-18,2015-10-05,"地方独立行政法人岐阜県立下呂温泉病院",,399,"岐阜県","下呂市","森２２１１番地",,21,220,5092202,,,,,,,2015-10-05,1,,,,,,0
642,3220003003000,12,0,2026-09-18,2026-09-01,"株式会社ＯＸＳＶ",,301,"東京都","渋谷区","神宮前６丁目２３－４桑野ビル２階",,13,113,1500001,,,,,,,2021-04-05,1,,,,,"オクシブ",0
643,3220003003702,12,0,2026-09-18,2026-09-17,"合同会社貴咲",,305,"石川県","金沢市","額谷１丁目７８番地",,17,201,9218145,,,,,,,2024-03-22,1,,,,,"タカショウ",0
644,3230002003371,01,1,2026-09-18,2015-10-05,"有限会社マツセ商事",,302,"富山県","富山市","大泉北町１０番５号",,16,201,9398097,,,,,,,2015-10-05,0,,,,,"マツセショウジ",0
645,3230002003371,12,1,2026-09-18,2026-09-11,"有限会社マツセ商事",,302,"富山県","富山市","神通本町２丁目３番１２号",,16,201,9300008,,,,,,,2015-10-05,1,,,,,"マツセショウジ",0
646,3240001052385,12,0,2026-09-18,2026-09-10,"株式会社キヨミネ",,301,"広島県","福山市","城見町１丁目２番２号",,34,207,7200054,,,,,,,2018-02-19,0,,,,,"キヨミネ",0
647,3240001052385,11,0,2026-09-18,2026-09-10,"株式会社海洋プラットホーム",,301,"広島県","福山市","城見町１丁目２番２号",,34,207,7200054,,,,,,,2018-02-19,1,,,,,"カイヨウプラットホーム",0
648,3240001066476,12,0,2026-09-18,2026-09-14,"株式会社エフォート",,301,"広島県","大竹市","木野１丁目１３－７",,34,211,7390616,,,,,,,2026-05-08,1,,,,,"エフォート",0
649,3240001067053,01,0,2026-09-18,2026-09-18,"株式会社豊文館",,301,"広島県","府中市","元町４３９番地１６",,34,208,7260003,,,,,,,2026-09-18,1,,,,,"ホウブンカン",0
650,3240002003263,12,0,2026-09-18,2026-09-16,"有限会社沖原美装",,302,"広島県","広島市安佐北区","可部南２丁目１３－５－１",,34,106,7310223,,,,,,,2015-10-05,1,,,,,,0
651,3240002031413,01,1,2026-09-18,2015-10-05,"有限会社神原木工",,302,"広島県","庄原市","三日市町３４５番地の２",,34,210,7270021,,,,,,,2015-10-05,1,,,,,"カミハラモッコウ",0
652,3240005001132,11,0,2026-09-18,2026-09-10,"医療法人ＴＲＥ",,399,"広島県","広島市中区","江波南１丁目３９番９号",,34,101,7300835,,,,,,,2015-10-05,1,,,,,"ティーアールイー",0
653,3250002020134,01,1,2026-09-18,2015-10-05,"有限会社曾我建設",,302,"山口県","熊毛郡田布施町","大字麻郷２３４番地",,35,343,7421513,,,,,,,2015-10-05,1,,,,,"ソガケンセツ",0
654,3250003003410,12,0,2026-09-18,2026-09-07,"合同会社ＳＰＳ",,305,"愛知県","一宮市","浜町４丁目１８－１プチメゾンＫ２０２",,23,203,4910034,,,,,,,2024-01-16,1,,,,,"エスピーエス",0
655,3250005006329,12,0,2026-09-18,2026-09-16,"医療法人頌栄会松井医院",,399,"山口県","岩国市","周東町下久原１００８番地１",,35,208,7420417,,,,,,,2015-10-05,1,,,,,"ショウエイカイマツイイイン",0
656,3260001036122,21,0,2026-09-18,2026-09-15,"株式会社おりえ",,301,"岡山県","倉敷市","酒津２７３９",,33,202,7100801,,,2026-09-15,01,,,2021-10-26,1,,,,,"オリエ",0
657,3260001041626,01,0,2026-09-18,2026-09-18,"株式会社ｆｒａｎｃ",,301,"岡山県","倉敷市","阿知２丁目１７－１倉敷セントラルビル２Ｆ",,33,202,7100055,,,,,,,2026-09-18,1,,,,,"フラン",0
658,3260002002263,12,0,2026-09-18,2026-09-15,"有限会社岡屋生魚店",,302,"岡山県","岡山市北区","伊福町３丁目３番２４号",,33,101,7000013,,,,,,,2015-10-05,1,,,,,,0
659,3260002003162,12,0,2026-09-18,2026-09-14,"有限会社キリマウント",,302,"岡山県","岡山市北区","津島本町１番１３－２号",,33,101,7000089,,,,,,,2015-10-05,1,,,,,"キリマウント",0
660,3270001008319,71,0,2026-09-18,2026-08-07,"株式会社モアプラス",,301,"鳥取県","米子市","西福原１丁目４番地１８号",,31,202,6830805,,,,,,"令和８年７月３１日鳥取県米子市朝日町２６番地有限会社両ごく（2270002007353）を合併",2021-07-29,1,,,,,"モアプラス",0
661,3270003001775,12,0,2026-09-18,2026-09-01,"シネマドア鳥取合同会社",,305,"鳥取県","鳥取市","元町２２２番地",,31,201,6800037,,,,,,,2025-08-14,1,,,,,"シネマドアトットリ",0
662,3280002008283,21,0,2026-09-18,2026-09-16,"有限会社国分ストアー",,302,"島根県","浜田市","国分町１９８１番地１８６",,32,202,6970003,,,2026-09-16,01,,,2015-10-05,1,,,,,"コクブストアー",0
663,3290001115484,01,0,2026-09-18,2026-09-18,"株式会社スリーＦ",,301,"福岡県","福岡市博多区","山王１丁目８番２５号",,40,132,8120015,,,,,,,2026-09-18,1,,,,,"スリーエフ",0
664,3290801000299,01,1,2026-09-18,2015-10-05,"イマージ株式会社",,301,"福岡県","北九州市小倉北区","魚町２丁目６番１７号",,40,106,8020006,,,,,,,2015-10-05,1,,,,,"イマージ",0
665,3290801027235,01,1,2026-09-18,2021-03-08,"株式会社ＴＯＧＯ",,301,"福岡県","北九州市門司区","白野江２丁目８番１１－１号",,40,101,8010802,,,,,,,2021-03-08,0,,,,,"トウゴウ",0
666,3290801027235,12,1,2026-09-18,2026-09-08,"株式会社ＴＯＧＯ",,301,"福岡県","北九州市門司区","恒見町２１番１０号",,40,101,8000116,,,,,,,2021-03-08,1,,,,,"トウゴウ",0
667,3290801032813,01,0,2026-09-18,2026-09-18,"ゆかいテック株式会社",,301,"福岡県","北九州市八幡西区","藤原１丁目１５番５号",,40,109,8070873,,,,,,,2026-09-18,1,,,,,"ユカイテック",0
668,3290803005445,01,0,2026-09-18,2026-09-18,"合同会社桜都",,305,"福岡県","北九州市八幡西区","黒崎１丁目９番１３号",,40,109,8060021,,,,,,,2026-09-18,1,,,,,"オト",0
669,3300001006987,12,0,2026-09-18,2026-09-17,"株式会社ビルアシスト",,301,"佐賀県","小城市","小城町松尾４２２３番地１",,41,208,8450004,,,,,,,2015-10-05,1,,,,,"ビルアシスト",0
670,3310001007943,21,0,2026-09-18,2026-09-16,"株式会社県央企画",,301,"長崎県","諫早市","小野島町２２３２番地",,42,204,8540031,,,2026-09-16,01,,,2015-10-05,1,,,,,"ケンオウキカク",0
671,3310002013305,12,0,2026-09-18,2026-09-17,"サキト設備設計有限会社",,302,"長崎県","西海市","大島町１９２２番地４３",,42,212,8572427,,,,,,,2015-10-05,1,,,,,"サキトセツビセッケイ",0
672,3320001003966,12,0,2026-09-18,2026-09-14,"株式会社安東建設",,301,"大分県","大分市","竹下２丁目８番１５号",,44,201,8700265,,,,,,,2015-10-05,1,,,,,"アンドウケンセツ",0
673,3320003004500,12,0,2026-09-18,2026-09-14,"合同会社ジッキョ",,305,"大分県","大分市","大字家島３０２番１",,44,201,8700113,,,,,,,2024-10-22,1,,,,,"ジッキョ",0
674,3320005008136,01,1,2026-09-18,2015-10-05,"特定非営利活動法人ＡｍａＲｉ",,399,"大分県","宇佐市","院内町大坪２９３番地",,44,211,8720458,,,,,,,2015-10-05,1,,,,,"アマリ",0
675,3330001032626,12,0,2026-09-18,2026-09-15,"ＥＧＩＮＣＩ　Ｉｎｔｅｒｎａｔｉｏｎａｌ株式会社",,301,"石川県","金沢市","南町３番１号南町中央ビル２Ｆ",,17,201,9200919,,,,,,,2024-11-08,1,,,,,"エギンジインターナショナル",0
676,3330003003245,11,0,2026-09-18,2026-09-08,"株式会社ＴＯＭＩＴＡ",,301,"熊本県","八代市","本町３丁目３番１号",,43,202,8660861,,,,,,,2015-10-05,1,,,,,"トミタ",0
677,3330005011114,01,0,2026-09-18,2026-09-18,"一般社団法人夢のキッカケ授業創造社ＳＣＲＡＭＢＬＥ",,399,"熊本県","熊本市東区","江津１丁目１７番３６号",,43,102,8620942,,,,,,,2026-09-18,1,,,,,"ユメノキッカケジュギョウソウゾウシャスクランブル",0
678,3340001028441,01,0,2026-09-18,2026-09-18,"株式会社ｎａｋａｓｈｉｍａ",,301,"鹿児島県","鹿児島市","唐湊４丁目１４番１１－２号",,46,201,8900081,,,,,,,2026-09-18,1,,,,,"ナカシマ",0
679,3340002009390,01,1,2026-09-18,2015-10-05,"有限会社宮里兄弟工務店",,302,"鹿児島県","鹿児島市","川上町３５５６番地４",,46,201,8920875,,,,,,,2015-10-05,1,,,,,"ミヤザトキョウダイコウムテン",0
680,3360001020900,01,1,2026-09-18,2016-06-06,"株式会社城田設備",,301,"沖縄県","南城市","大里字古堅６９０番地",,47,215,9011207,,,,,,,2016-06-06,1,,,,,"シロタセツビ",0
681,3370001002253,01,1,2026-09-18,2015-10-05,"株式会社水沢商会",,301,"宮城県","仙台市太白区","八本松１丁目１３番１１－２２９号",,04,104,9820001,,,,,,,2015-10-05,1,,,,,"ミズサワショウカイ",0
682,3370001040360,01,1,2026-09-18,2016-10-14,"株式会社キムラ企画",,301,"宮城県","大崎市","古川小野字小高１７番地",,04,215,9896251,,,,,,,2016-10-14,1,,,,,"キムラキカク",0
683,3370001044683,71,0,2026-09-18,2026-09-02,"株式会社アンサンワークス",,301,"山形県","山形市","あさひ町７－２２",,06,201,9900024,,,,,,"令和８年９月１日札幌市中央区北四条西十七丁目１番地ＶＥＲＩＴＡＳ美術館通１０６号株式会社ウェルスタート（8430001087325）を合併令和８年９月１日山形市桜田東二丁目９番１９号株式会社ＹＡＱＴＡＳＵ（7390001015209）を合併令和８年９月１日山形市嶋北四丁目５番２号株式会社プラスワン（7390001005473）を合併",2019-08-09,1,,,,,"アンサンワークス",0
684,3370003007003,21,0,2026-09-18,2026-09-08,"フジワラ電気合同会社",,305,"宮城県","登米市","迫町佐沼字錦２０６番地２",,04,212,9870511,,,2026-09-08,01,,,2025-04-01,1,,,,,"フジワラデンキ",0
685,3370005003990,21,0,2026-09-18,2026-09-09,"一般社団法人ブレスみやぎ",,399,"宮城県","仙台市青葉区","八幡６丁目２番１６－２０１号",,04,101,9800871,,,2026-09-09,01,,,2015-10-05,1,,,,,"ブレスミヤギ",0
686,3370605000207,01,1,2026-09-18,2015-10-05,"神明社",,399,"宮城県","塩竈市","小松崎２番１５号",,04,203,9850072,,,,,,,2015-10-05,1,,,,,"シンメイシャ",0
687,3370605000256,01,1,2026-09-18,2015-10-05,"諏訪神社",,399,"宮城県","宮城郡七ヶ浜町","菖蒲田浜字和田１番地",,04,404,9850811,,,,,,,2015-10-05,1,,,,,"スワジンジャ",0
688,3370605000264,01,1,2026-09-18,2015-10-05,"吉田神社",,399,"宮城県","宮城郡七ヶ浜町","吉田浜字宮ノ前２９番地１",,04,404,9850802,,,,,,,2015-10-05,1,,,,,"ヨシタジンジャ",0
689,3380001035649,12,0,2026-09-18,2026-09-14,"株式会社Ｓｅｎｓｅ．",,301,"福島県","いわき市","小名浜字辰巳町４３番地の１",,07,204,9718101,,,,,,,2025-10-17,1,,,,,"センス",0
690,3380003004585,12,0,2026-09-18,2026-09-14,"合同会社昌栄",,305,"福島県","いわき市","小川町三島字上川原１１１番地",,07,204,9793113,,,,,,,2020-01-07,1,,,,,"ショウエイ",0
691,3390002011342,01,1,2026-09-18,2015-10-05,"有限会社下山商会",,302,"山形県","最上郡最上町","大字志茂２４９番地の１４",,06,362,9996212,,,,,,,2015-10-05,1,,,,,"シモヤマショウカイ",0
692,3430001086851,12,0,2026-09-18,2026-09-11,"株式会社Ｔａｂｌｉｓｓ",,301,"北海道","岩内郡岩内町","字高台１９２番地３",,01,402,0450013,,,,,,,2022-06-17,1,,,,,"テーブリス",0
693,3430001096248,01,1,2026-09-18,2026-02-13,"株式会社ＢＥＬＩＥＶＥ",,301,"北海道","札幌市手稲区","手稲前田４９８番１２",,01,109,0060829,,,,,,,2026-02-13,0,,,,,"ビリーブ",0
694,3430001096248,12,1,2026-09-18,2026-09-11,"株式会社ＢＥＬＩＥＶＥ",,301,"北海道","札幌市白石区","中央二条１丁目４－１８",,01,104,0030012,,,,,,,2026-02-13,1,,,,,"ビリーブ",0
695,3430001097725,01,0,2026-09-18,2026-09-18,"株式会社ノースモビリティジャパン",,301,"北海道","千歳市","根志越１６７４番地１０",,01,224,0660008,,,,,,,2026-09-18,1,,,,,"ノースモビリティジャパン",0
696,3430002012311,21,0,2026-09-18,2026-09-16,"有限会社Ｔたかや",,302,"北海道","札幌市中央区","南十一条西１丁目５番１７－５０２号",,01,101,0640811,,,2026-09-16,01,,,2015-10-05,1,,,,,"ティータカヤ",0
697,3430003001544,21,0,2026-09-18,2026-09-17,"合同会社ステージアップ札幌",,305,"北海道","札幌市北区","篠路町拓北８番地１４",,01,102,0028054,,,2026-09-17,01,,,2015-10-05,1,,,,,,0
698,3430003012095,21,0,2026-09-18,2026-09-14,"合同会社ｐｏｎｐｏｎｇ",,305,"北海道","札幌市中央区","南十二条西９丁目１番１－４０１号",,01,101,0640912,,,2026-09-14,01,,,2020-10-29,1,,,,,"ポンポング",0
699,3430003019347,01,0,2026-09-18,2026-09-18,"合同会社ＲＡＷ　ＤＲＥＡＭ",,305,"北海道","札幌市白石区","菊水六条２丁目４－５",,01,104,0030806,,,,,,,2026-09-18,1,,,,,"ロウドリーム",0
700,3440002004489,12,0,2026-09-18,2026-09-17,"有限会社マルゼンビル",,302,"北海道","函館市","花園町１６番１５号",,01,202,0410843,,,,,,,2015-10-05,1,,,,,"マルゼンビル",0
701,3460305000159,01,1,2026-09-18,2015-10-05,"医療法人社団小西歯科医院",,399,"北海道","北見市","本町４丁目２番９号",,01,208,0900818,,,,,,,2015-10-05,1,,,,,"コニシシカイイン",0
702,3470001007671,21,0,2026-09-18,2026-09-14,"丸栄産業株式会社",,301,"香川県","丸亀市","金倉町１９４８番地",,37,202,7630053,,,2026-09-14,01,,,2015-10-05,1,,,,,"マルエイサンギョウ",0
703,3470001021417,01,0,2026-09-18,2026-09-18,"株式会社ゆめ吉",,301,"香川県","善通寺市","木徳町６９９番地１",,37,204,7650033,,,,,,,2026-09-18,1,,,,,"ユメキチ",0
704,3470002005229,21,0,2026-09-18,2026-09-14,"有限会社西岡洋服店",,302,"香川県","高松市","塩上町１丁目５番５号",,37,201,7600062,,,2026-09-14,01,,,2015-10-05,1,,,,,"ニシオカヨウフクテン",0
705,3490002011506,01,1,2026-09-18,2015-10-05,"有限会社小松重機",,302,"高知県","南国市","岡豊町小篭１７３番地１",,39,204,7830048,,,,,,,2015-10-05,0,,,,,"コマツジュウキ",0
706,3490002011506,12,0,2026-09-18,2026-09-17,"有限会社小松重機",,302,"高知県","南国市","岡豊町小篭１８０番地１",,39,204,7830048,,,,,,,2015-10-05,1,,,,,"コマツジュウキ",0
707,4010001092783,01,1,2026-09-18,2015-10-05,"株式会社モーリス・ホーム",,301,"東京都","文京区","水道１丁目４番６号",,13,105,1120005,,,,,,,2015-10-05,0,,,,,,0
708,4010001092783,11,1,2026-09-18,2017-06-16,"株式会社スペースハウジング",,301,"東京都","文京区","水道１丁目４番６号",,13,105,1120005,,,,,,,2015-10-05,1,,,,,,0
709,4010001159657,11,0,2026-09-18,2026-08-27,"タビモノ株式会社",,301,"東京都","千代田区","麹町１丁目４番地４－２階",,13,101,1020083,,,,,,,2015-10-05,1,,,,,"タビモノ",0
710,4010001223776,12,0,2026-09-18,2026-06-17,"株式会社絢雅コネクション",,301,"東京都","港区","新橋４丁目２６番５",,13,103,1050004,,,,,,,2022-01-19,1,,,,,"アヤカコネクション",0
711,4010001237520,01,1,2026-09-18,2023-08-09,"株式会社小石川ビレッジ",,301,"東京都","文京区","大塚３丁目３３番５号",00131457,13,105,1120012,,,,,,,2023-08-09,0,,,,,"コイシカワビレッジ",0
712,4010001237520,11,1,2026-09-18,2024-09-09,"株式会社白山ヴィレッジ",,301,"東京都","文京区","大塚３丁目３３番５号",00131457,13,105,1120012,,,,,,,2023-08-09,0,,,,,"ハクサンヴィレッジ",0
713,4010001237520,12,1,2026-09-18,2026-08-24,"株式会社白山ヴィレッジ",,301,"東京都","文京区","小石川１丁目２３番２－１２０１号",,13,105,1120002,,,,,,,2023-08-09,1,,,,,"ハクサンヴィレッジ",0
714,4010001237537,12,0,2026-09-18,2026-06-29,"株式会社あおはる",,301,"東京都","港区","海岸３丁目２－９、９２１",,13,103,1080022,,,,,,,2023-08-09,1,,,,,"アオハル",0
715,4010003025287,11,0,2026-09-18,2026-09-02,"合同会社ＲｏｏｔＴｒｅｅ",,305,"東京都","渋谷区","恵比寿１丁目７番２号エビスオークビルＩＩ２３号室",00143746,13,113,1500013,,,,,,,2017-05-08,1,,,,,"ルートツリー",0
716,4010003052736,01,0,2026-09-18,2026-09-18,"合同会社ＳＹ５",,305,"東京都","千代田区","丸の内１丁目４番１号東京共同会計事務所内",,13,101,1000005,,,,,,,2026-09-18,1,,,,,"エスワイファイブ",0
717,4010101014002,01,1,2026-09-18,2020-01-09,"株式会社ヒルトル",,301,"東京都","八王子市","長房町１５４６番地６",,13,201,1930824,,,,,,,2020-01-09,1,"HILTL, Inc.","Tokyo","1546-6, Nagabusamachi, Hachioji shi",,"ヒルトル",0
718,4010401060191,12,0,2026-09-18,2026-09-03,"株式会社ＰＲ　ＴＩＭＥＳ",,301,"東京都","港区","虎ノ門１丁目１７番１号",,13,103,1050001,,,,,,,2015-10-05,1,,,,,"ピーアールタイムズ",0
719,4010401152682,12,0,2026-09-18,2026-08-31,"株式会社タケエイ林業",,301,"東京都","港区","芝浦１丁目１番１号",,13,103,1050023,,,,,,,2020-05-13,1,,,,,"タケエイリンギョウ",0
720,4010401193140,12,0,2026-09-18,2026-09-14,"柴野商店株式会社",,301,"東京都","港区","麻布台１丁目３番１号麻布台ヒルズ森ＪＰタワー５１階",,13,103,1060041,,,,,,,2025-09-18,1,,,,,"シバノショウテン",0
721,4010401201935,01,0,2026-09-18,2026-09-18,"株式会社ｐｒｉｍｅｐａｓｓ",,301,"東京都","港区","芝５丁目３１番１７号",,13,103,1080014,,,,,,,2026-09-18,1,,,,,"プライムパス",0
722,4010401202082,01,0,2026-09-18,2026-09-18,"株式会社ＳＭＩＬＩＡ",,301,"東京都","港区","南青山２丁目２番１５号ウィン青山９４２",,13,103,1070062,,,,,,,2026-09-18,1,,,,,"スマイリア",0
723,4010403033939,11,0,2026-09-18,2026-09-10,"京浜島東合同会社",,305,"東京都","港区","元赤坂１丁目１番７－１２０９号株式会社赤坂国際会計内",,13,103,1070051,,,,,,,2024-12-04,1,,,,,"ケイヒンジマヒガシ",0
724,4010405026081,01,0,2026-09-18,2026-09-18,"特定非営利活動法人白金科学研究教育センター",,399,"東京都","港区","白金１丁目２５番３１号レジデンス白金１０２",,13,103,1080072,,,,,,,2026-09-18,1,,,,,"シロカネカガクケンキュウキョウイクセンター",0
725,4010502018997,01,1,2026-09-18,2015-10-05,"有限会社グロッサー",,302,"東京都","台東区","千束１丁目１９番１４号",,13,106,1110031,,,,,,,2015-10-05,1,,,,,"グロッサー",0
726,4010701050157,01,0,2026-09-18,2026-09-18,"株式会社ｉＳｔａｇｉｎｇ　Ｊａｐａｎ",,301,"東京都","品川区","旗の台２丁目４番２号",,13,109,1420064,,,,,,,2026-09-18,1,,,,,"アイステージングジャパン",0
727,4010701050173,01,0,2026-09-18,2026-09-18,"啓善良實株式会社",,301,"東京都","品川区","上大崎３丁目１４番３４号プラスワン４０２",,13,109,1410021,,,,,,,2026-09-18,1,,,,,"ケイゼンリョウジツ",0
728,4010703008509,01,0,2026-09-18,2026-09-18,"合同会社Ｅｉｎｈｅｉｔ",,305,"東京都","品川区","荏原３丁目８番１４－１００２号",,13,109,1420063,,,,,,,2026-09-18,1,,,,,"アインハイト",0
729,4010801029076,12,0,2026-09-18,2026-09-14,"株式会社森元工業所",,301,"神奈川県","横須賀市","西浦賀３丁目４番９号",,14,201,2390824,,,,,,,2018-08-14,1,,,,,"モリモトコウギョウショ",0
730,4010801030629,12,0,2026-09-18,2026-09-16,"Ｔｏｔａｌ　Ｓｏｌｕｔｉｏｎ株式会社",,301,"東京都","板橋区","永川町４６－１高畑ビル３０２号室",,13,119,1740000,,,,,,,2020-02-12,1,,,,,"トータルソリューション",0
731,4010803005827,12,0,2026-09-18,2026-09-15,"サステナブル合同会社",,305,"東京都","練馬区","立野町一丁目２４番",,13,120,1770054,,,,,,,2026-05-19,1,,,,,"サステナブル",0
732,4010901020587,01,1,2026-09-18,2015-10-05,"株式会社レップアンドマーケティング",,301,"東京都","世田谷区","桜３丁目２６番３号",,13,112,1560053,,,,,,,2015-10-05,1,,,,,"レップアンドマーケティング",0
733,4010901027921,21,0,2026-09-18,2026-08-24,"吉田電設株式会社",,301,"東京都","新宿区","西新宿５丁目８番５号",,13,104,1600023,,,2026-08-24,01,,,2015-10-05,1,,,,,"ヨシダデンセツ",0
734,4010901043745,12,0,2026-09-18,2026-09-01,"株式会社城南電気",,301,"東京都","目黒区","青葉台４丁目４番１２号",,13,110,1530042,,,,,,,2019-03-05,1,,,,,"ジョウナンデンキ",0
735,4010901056672,12,0,2026-09-18,2026-09-01,"株式会社メルシーボク",,301,"東京都","世田谷区","世田谷１丁目１３－１９",,13,112,1540017,,,,,,,2025-01-29,1,,,,,"メルシーボク",0
736,4010901060237,01,0,2026-09-18,2026-09-18,"株式会社Ｚ‐ＬＩＦＥ",,301,"東京都","世田谷区","駒沢１丁目７番１３号ｃｉｒｃｏ２０４",,13,112,1540012,,,,,,,2026-09-18,1,,,,,"ジライフ",0
737,4010902020545,12,0,2026-09-18,2026-09-15,"有限会社プロメーテ",,302,"東京都","町田市","三輪緑山４丁目９番１８号",,13,209,1950055,,,,,,,2015-10-05,1,,,,,"プロメーテ",0
738,4010903011163,01,0,2026-09-18,2026-09-18,"合同会社プリンシプル",,305,"東京都","世田谷区","上用賀１丁目２５番３号－１４",,13,112,1580098,,,,,,,2026-09-18,1,,,,,"プリンシプル",0
739,4010903011171,01,0,2026-09-18,2026-09-18,"ＲＩＣＯＭＡＲ合同会社",,305,"東京都","世田谷区","瀬田５丁目３０番２３号",,13,112,1580095,,,,,,,2026-09-18,1,,,,,"リコマール",0
740,4010905004990,01,0,2026-09-18,2026-09-18,"特定非営利活動法人リトル・インクルーシブ・ジャパン",,399,"東京都","世田谷区","赤堤５丁目１７番２０号",,13,112,1560044,,,,,,,2026-09-18,1,,,,,"リトルインクルーシブジャパン",0
741,4011001091973,12,0,2026-09-18,2026-09-04,"株式会社ツクルバボックス",,301,"東京都","渋谷区","恵比寿４丁目３番１４号",,13,113,1500013,,,,,,,2015-10-05,1,,,,,"ツクルバボックス",0
742,4011001105394,01,1,2026-09-18,2015-10-05,"株式会社運動通信社",,301,"東京都","渋谷区","神宮前４丁目１１番６号",,13,113,1500001,,,,,,,2015-10-05,0,,,,,"ウンドウツウシンシャ",0
743,4011001105394,12,1,2026-09-18,2019-03-04,"株式会社運動通信社",,301,"東京都","港区","西新橋２丁目１９番５号",,13,103,1050003,,,,,,,2015-10-05,0,,,,,"ウンドウツウシンシャ",0
744,4011001105394,12,1,2026-09-18,2023-07-10,"株式会社運動通信社",,301,"東京都","港区","西新橋３丁目１６番１１号愛宕イーストビル１３階",,13,103,1050003,,,,,,,2015-10-05,0,,"Tokyo","3-16-11-13F,Nishishinbashi, Minato ku",,"ウンドウツウシンシャ",0
745,4011001105394,11,1,2026-09-18,2026-05-26,"スポーツブル株式会社",,301,"東京都","港区","西新橋３丁目１６番１１号愛宕イーストビル１３階",,13,103,1050003,,,,,,,2015-10-05,1,"SPORTS BULL CO., LTD.","Tokyo","3-16-11-13F,Nishishinbashi, Minato ku",,"スポーツブル",0
746,4011001180454,01,0,2026-09-18,2026-09-18,"イチド株式会社",,301,"東京都","渋谷区","円山町５番３号ＭＩＥＵＸ渋谷ビル８階",,13,113,1500044,,,,,,,2026-09-18,1,,,,,"イチド",0
747,4011003024782,01,0,2026-09-18,2026-09-18,"ＥＮＪＩＮ合同会社",,305,"東京都","目黒区","下目黒１丁目１－１４コノトラビル７階",,13,110,1530064,,,,,,,2026-09-18,1,,,,,"エンジン",0
748,4011005011614,01,0,2026-09-18,2026-09-18,"医療法人社団４Ｄ",,399,"東京都","渋谷区","宇田川町３３番１号５階５０２区画",,13,113,1500042,,,,,,,2026-09-18,1,,,,,"フォーディー",0
749,4011101083813,12,0,2026-09-18,2026-09-01,"ＳＹ管理株式会社",,301,"東京都","新宿区","高田馬場１丁目１７番１８号ＳＴ高田馬場ビル３階",,13,104,1690075,,,,,,,2018-04-12,1,,,,,"エスワイカンリ",0
750,4011101117447,01,0,2026-09-18,2026-09-18,"株式会社ＭＩＳＯＧＩ　Ｐｒｏｊｅｃｔ",,301,"東京都","新宿区","荒木町７番地１野崎ビル２０２",,13,104,1600007,,,,,,,2026-09-18,1,,,,,"ミソギプロジェクト",0
751,4011102029781,01,1,2026-09-18,2015-10-05,"有限会社セッサアンドユーティリティー",,302,"東京都","新宿区","新宿５丁目４番１号",,13,104,1600022,,,,,,,2015-10-05,0,,,,,,0
752,4011102029781,11,1,2026-09-18,2018-11-05,"有限会社ガーベラズ",,302,"東京都","新宿区","新宿５丁目４番１号",,13,104,1600022,,,,,,,2015-10-05,1,,,,,"ガーベラズ",0
753,4011103011318,12,0,2026-09-18,2026-08-25,"グリーン管理合同会社",,305,"東京都","新宿区","高田馬場３丁目１１－６",,13,104,1690075,,,,,,,2021-12-23,1,,,,,"グリーンカンリ",0
754,4011301031836,01,0,2026-09-18,2026-09-18,"ロード株式会社",,301,"東京都","杉並区","和泉４丁目１８番１７号",,13,115,1680063,,,,,,,2026-09-18,1,,,,,"ロード",0
755,4011401006226,01,1,2026-09-18,2015-10-05,"株式会社深山工務店",,301,"東京都","板橋区","常盤台２丁目３番７号",,13,119,1740071,,,,,,,2015-10-05,1,,,,,"ミヤマコウムテン",0
756,4011401027528,12,0,2026-09-18,2026-09-15,"株式会社漢方テクノロジー研究所",,301,"大阪府","豊中市","上野東３丁目１０番２号",,27,203,5600013,,,,,,,2025-10-30,1,,,,,"カンポウテクノロジーケンキュウショ",0
757,4011501020564,21,0,2026-09-18,2026-09-03,"株式会社Ｌｉｆｅ　ｉｎｎｏｖａｔｉｏｎ",,301,"埼玉県","越谷市","大字大杉７７番１３号",,11,222,3430005,,,2026-09-03,01,,,2015-10-05,1,,,,,"ライフイノベーション",0
758,4011501031396,21,0,2026-09-18,2026-09-14,"日尚株式会社",,301,"東京都","北区","浮間１丁目１番１４号リムジンビル３５３",,13,117,1150051,,,2026-09-14,01,,,2024-11-22,1,,,,,"ニチショウ",0
759,4011502000441,01,1,2026-09-18,2015-10-05,"有限会社飯野商店",,302,"東京都","北区","豊島８丁目１２番９号",,13,117,1140003,,,,,,,2015-10-05,1,,,,,"イイノショウテン",0
760,4011503007089,01,0,2026-09-18,2026-09-18,"合同会社テトワークス",,305,"東京都","北区","豊島７丁目４－６",,13,117,1140003,,,,,,,2026-09-18,1,,,,,"テトワークス",0
761,4011601024622,12,0,2026-09-18,2026-09-16,"株式会社那樹電",,301,"東京都","練馬区","桜台５丁目３５番５号",,13,120,1760002,,,,,,,2020-11-11,1,,,,,"ナギデン",0
762,4011601029885,01,0,2026-09-18,2026-09-18,"高橋アセットマネジメント株式会社",00145018,301,"東京都","練馬区","上石神井２丁目１９番５号",,13,120,1770044,,,,,,,2026-09-18,1,,,,,"タカハシアセットマネジメント",0
763,4011603002312,12,0,2026-09-18,2026-09-04,"ＨＲクオーレ合同会社",,305,"埼玉県","飯能市","東町２８番５号",,11,209,3570034,,,,,,,2018-04-06,1,,,,,"エイチアールクオーレ",0
764,4011605001659,01,1,2026-09-18,2015-10-05,"特定非営利活動法人まちの駅大泉学園",,399,"東京都","練馬区","大泉学園町７丁目８番１２号",,13,120,1780061,,,,,,,2015-10-05,0,,,,,"マチノエキオオイズミガクエン",0
765,4011605001659,12,1,2026-09-18,2026-09-15,"特定非営利活動法人まちの駅大泉学園",,399,"東京都","練馬区","大泉学園町６丁目２０番１２号",,13,120,1780061,,,,,,,2015-10-05,1,,,,,"マチノエキオオイズミガクエン",0
766,4011701010877,12,0,2026-09-18,2026-09-14,"株式会社ＡＳＡＫＵＷＡ・ＨＯＵＳＥ",,301,"愛知県","日進市","浅田町西前田６１番地",,23,230,4700124,,,,,,,2015-10-05,1,,,,,"アサクワハウス",0
767,4011702007674,01,1,2026-09-18,2015-10-05,"有限会社テイーエフ商事",,302,"東京都","江戸川区","北小岩７丁目２４番６号",,13,123,1330051,,,,,,,2015-10-05,1,,,,,"テイーエフショウジ",0
768,4011703003210,11,0,2026-09-18,2026-09-14,"株式会社航和ハウジング",,301,"東京都","江戸川区","一之江３丁目１３番３号",,13,123,1320024,,,,,,,2022-08-02,1,,,,,"コウワハウジング",0
769,4011703004324,12,0,2026-09-18,2026-09-16,"喜び逢う株式会社",,301,"東京都","練馬区","豊玉南１丁目６番８号",,13,120,1760014,,,,,,,2025-07-29,1,,,,,"ヨロコビアウ",0
770,4011805002440,01,1,2026-09-18,2015-10-05,"一般社団法人足立市場協会",,399,"東京都","足立区","千住橋戸町５０番地",,13,121,1200038,,,,,,,2015-10-05,1,,,,,"アダチシジョウキョウカイ",0
771,4012401030959,01,1,2026-09-18,2016-01-15,"親父ライフ不動産株式会社",,301,"東京都","多摩市","永山５丁目２１番地３３－２",,13,224,2060025,,,,,,,2016-01-15,1,,,,,"オヤジライフフドウサン",0
772,4012403006981,12,0,2026-09-18,2026-09-14,"合同会社トラストライン",,305,"兵庫県","姫路市","大塩町４２４－３",,28,201,6710101,,,,,,,2025-02-19,1,,,,,"トラストライン",0
773,4012801002987,21,0,2026-09-18,2026-09-11,"株式会社東光企画",,301,"東京都","東村山市","栄町２丁目２０番地４３丸周司ビル",,13,213,1890013,,,2026-09-11,11,4050001000635,"令和８年８月１日茨城県水戸市千波町２４８２番地の１株式会社小貫写真館（4050001000635）に合併し解散",2015-10-05,1,,,,,"トウコウキカク",0
774,4012803004197,01,0,2026-09-18,2026-09-18,"合同会社Ｌ‐ｌｉｎｅ",,305,"東京都","立川市","曙町３丁目２７番１１号４０５号",00145020,13,202,1900012,,,,,,,2026-09-18,1,,,,,"エルライン",0
775,4013103001595,01,0,2026-09-18,2026-09-18,"合同会社ＣＲＯＳＳ",,305,"東京都","青梅市","日向和田２丁目３０２番地",,13,205,1980046,,,,,,,2026-09-18,1,,,,,"クロス",0
776,4013301006859,21,0,2026-09-18,2026-09-07,"大勝運輸株式会社",,301,"東京都","葛飾区","立石５丁目７番２６号",,13,122,1240012,,,2026-09-07,01,,,2015-10-05,1,,,,,"ダイカツウンユ",0
777,4013301040536,12,0,2026-09-18,2026-08-21,"株式会社ＷｉｓｅＪｉｎ",,301,"東京都","新宿区","西新宿３丁目２番９号２階",,13,104,1600023,,,,,,,2017-05-17,1,,,,,"ワイズジン",0
778,4020001016477,12,0,2026-09-18,2026-09-01,"アピア株式会社",,301,"神奈川県","横浜市鶴見区","市場大和町１０番４３－６２９号",,14,101,2300025,,,,,,,2015-10-05,1,,,,,"アピア",0
779,4020001077981,01,1,2026-09-18,2015-10-05,"エムテック株式会社",,301,"神奈川県","川崎市幸区","塚越２丁目２４１番地",,14,132,2120024,,,,,,,2015-10-05,1,,,,,"エムテック",0
780,4020001088599,21,0,2026-09-18,2026-09-07,"株式会社タグチ食品",,301,"神奈川県","横浜市磯子区","汐見台３丁目５番地１－３５０１棟１４２号",,14,107,2350022,,,2026-09-07,01,,,2015-10-05,1,,,,,"タグチショクヒン",0
781,4020001098375,01,1,2026-09-18,2015-10-05,"株式会社ＰＬＡＤＥＳ",,301,"神奈川県","横浜市緑区","長津田町２１８４番地１０",,14,113,2260026,,,,,,,2015-10-05,1,,,,,"プラディス",0
782,4020001111955,12,0,2026-09-18,2026-09-16,"アイビー株式会社",,301,"神奈川県","藤沢市","藤沢１００９－６、３ＦＢ",,14,205,2510052,,,,,,,2015-10-05,1,,,,,"アイビー",0
783,4020001112846,12,0,2026-09-18,2026-09-04,"株式会社ｃａｒｅ　ｂｙ　ｓｔｒｅｔｃｈ",,301,"神奈川県","横浜市港北区","高田東１丁目４２番２",,14,109,2230065,,,,,,,2015-10-05,1,,,,,"ケアバイストレッチ",0
784,4020001118926,01,1,2026-09-18,2016-12-06,"株式会社クレインサウス",,301,"神奈川県","横浜市旭区","川島町２１４８番地４",,14,112,2410011,,,,,,,2016-12-06,1,,,,,"クレインサウス",0
785,4020001125385,01,1,2026-09-18,2018-03-06,"株式会社ＮＯＢＵ",,301,"神奈川県","横浜市鶴見区","汐入町３丁目４７番地３４",,14,101,2300043,,,,,,,2018-03-06,1,,,,,"ノブ",0
786,4020001152157,12,0,2026-09-18,2026-09-02,"株式会社ＭＩＹＡＣＨＩ",,301,"神奈川県","横浜市港北区","樽町３丁目２番２１－Ｂ６０６号",,14,109,2220001,,,,,,,2023-06-21,1,,,,,"ミヤチ",0
787,4020001170472,01,0,2026-09-18,2026-09-18,"ＷＬ商社株式会社",,301,"神奈川県","横浜市西区","みなとみらい４丁目４番２号横浜ブルーアベニュー１２階",,14,103,2200012,,,,,,,2026-09-18,1,,,,,"ダブルエルショウシャ",0
788,4020003029997,12,0,2026-09-18,2026-09-07,"合同会社ｓｗｏｎｋ",,305,"神奈川県","横浜市西区","浅間町１丁目４番３号ウィザードビル４０２",,14,103,2200072,,,,,,,2025-12-18,1,,,,,"スウォンク",0
789,4020005017422,01,0,2026-09-18,2026-09-18,"一般社団法人菁藍会",,399,"神奈川県","横浜市港北区","篠原北２丁目１３番１７号",,14,109,2220021,,,,,,,2026-09-18,1,,,,,"セイランカイ",0
790,4021001005718,12,0,2026-09-18,2026-09-02,"株式会社カプセルＺ",,301,"神奈川県","横須賀市","安針台１７番２－１００５号",,14,201,2380048,,,,,,,2015-10-05,1,,,,,"カプセルゼット",0
791,4021001034758,01,1,2026-09-18,2015-10-05,"株式会社ワンボイス",,301,"神奈川県","小田原市","上新田２１番地",,14,206,2500877,,,,,,,2015-10-05,1,,,,,"ワンボイス",0
792,4021001056851,21,0,2026-09-18,2026-09-04,"株式会社サンテック",,301,"神奈川県","横浜市泉区","和泉町４９２９番地",,14,116,2450016,,,2026-09-04,01,,,2015-10-05,1,,,,,"サンテック",0
793,4021001066990,12,0,2026-09-18,2026-08-31,"株式会社タケエイでんき",,301,"東京都","港区","芝浦１丁目１番１号",,13,103,1050023,,,,,,,2019-04-05,1,,,,,"タケエイデンキ",0
794,4021002028874,01,1,2026-09-18,2015-10-05,"有限会社金澤工業",,302,"神奈川県","相模原市緑区","大島１１番地２１",,14,151,2520135,,,,,,,2015-10-05,1,,,,,"カナザワコウギョウ",0
795,4021003017851,01,0,2026-09-18,2026-09-18,"合同会社Ｓｏｎｇ　Ｌｏｎｇ　Ｊａｐａｎ",,305,"神奈川県","小田原市","久野１８－１",,14,206,2500055,,,,,,,2026-09-18,1,,,,,"ソンロンジャパン",0
796,4021003017892,01,0,2026-09-18,2026-09-18,"合同会社ＥＴＬＩＦＥ",,305,"神奈川県","海老名市","泉２丁目１４番１－８２７号",,14,215,2430437,,,,,,,2026-09-18,1,,,,,"イーティーライフ",0
797,4030001034511,71,0,2026-09-18,2026-09-01,"株式会社ツイングロウス",,301,"埼玉県","さいたま市南区","内谷７丁目３番１７号",,11,108,3360034,,,,,,"令和８年９月１日東京都北区王子二丁目２３番１３号国際ユニ株式会社（5011501001522）を合併",2015-10-05,1,,,,,"ツイングロウス",0
798,4030001074706,12,0,2026-09-18,2026-09-02,"株式会社コウエイ",,301,"埼玉県","川口市","芝西２丁目２７番１５号",,11,203,3330855,,,,,,,2015-10-05,1,,,,,"コウエイ",0
799,4030001107151,21,0,2026-09-18,2026-09-10,"株式会社鈴木中央研究所",,301,"東京都","新宿区","高田馬場３丁目２－１４天翔高田馬場ビル５０８",,13,104,1690075,,,2026-09-10,01,,,2015-10-05,1,,,,,"スズキチュウオウケンキュウショ",0
800,4030001109593,01,1,2026-09-18,2015-10-05,"株式会社吉野電設",,301,"埼玉県","鶴ヶ島市","大字脚折１９１６番地２",,11,241,3502213,,,,,,,2015-10-05,1,,,,,"ヨシノデンセツ",0
801,4030001111145,12,0,2026-09-18,2026-09-16,"株式会社理企画",,301,"東京都","台東区","清川２丁目２番６号升本第二ビル３０１",,13,106,1110022,,,,,,,2015-11-02,1,,,,,"リキカク",0
802,4030001118603,12,0,2026-09-18,2026-09-03,"株式会社有賀自動車",,301,"埼玉県","越谷市","川柳町４丁目６０番１号",,11,222,3430827,,,,,,,2017-02-13,1,,,,,"アリガジドウシャ",0
803,4030001174209,01,0,2026-09-18,2026-09-18,"株式会社ＢＲＩＧＨＴ　ＬＡＮＥ",,301,"埼玉県","新座市","野寺４丁目１０番１－４０２号",,11,230,3520034,,,,,,,2026-09-18,1,,,,,"ブライトレーン",0
804,4030002028900,01,1,2026-09-18,2015-10-05,"有限会社菊屋書店",,302,"埼玉県","所沢市","小手指町３丁目２０番",,11,208,3591141,,,,,,,2015-10-05,0,,,,,"キクヤショテン",0
805,4030002028900,12,0,2026-09-18,2026-09-15,"有限会社菊屋書店",,302,"東京都","東村山市","秋津町４丁目３８番地３３",,13,213,1890001,,,,,,,2015-10-05,1,,,,,"キクヤショテン",0
806,4030002089653,01,1,2026-09-18,2015-10-05,"有限会社永松",,302,"埼玉県","北葛飾郡松伏町","田中２丁目２２番地１３",,11,465,3430117,,,,,,,2015-10-05,1,,,,,"ナガマツ",0
807,4030003029996,01,0,2026-09-18,2026-09-18,"合同会社ＴＯＭ’Ｓ　ＷＯＲＫＳ",,305,"埼玉県","本庄市","銀座１丁目６－２１",,11,211,3670052,,,,,,,2026-09-18,1,,,,,"トムズワークス",0
808,4030005022636,01,0,2026-09-18,2026-09-18,"一般社団法人つながる支援ネットかわぐち",,399,"埼玉県","川口市","西川口１丁目６番１７号扶桑ビル７Ｆ",,11,203,3320021,,,,,,,2026-09-18,1,,,,,"ツナガルシエンネットカワグチ",0
809,4040001020048,21,0,2026-09-18,2026-09-14,"株式会社白石",,301,"千葉県","船橋市","豊富町６４３番地５",,12,204,2740053,,,2026-09-14,11,5010601003180,"令和８年９月１日茨城県桜川市西小塙１６４５番地白石工業株式会社（5010601003180）に合併し解散",2015-10-05,1,,,,,"シライシ",0
810,4040001028603,01,1,2026-09-18,2015-10-05,"共立鋼機株式会社",,301,"千葉県","市川市","欠真間１丁目１０番５号",,12,203,2720142,,,,,,,2015-10-05,1,,,,,"キョウリツコウキ",0
811,4040001061521,21,0,2026-09-18,2026-08-28,"株式会社スズショウ",,301,"千葉県","匝瑳市","八日市場イの２５００番地",,12,235,2892144,,,2026-08-28,01,,,2015-10-05,1,,,,,"スズショウ",0
812,4040001096848,01,1,2026-09-18,2016-09-07,"株式会社ＲＩＺＥ塗装",,301,"千葉県","野田市","七光台９６番地１",,12,208,2780051,,,,,,,2016-09-07,1,,,,,"ライズトソウ",0
813,4040001145299,01,0,2026-09-18,2026-09-18,"株式会社ＴＲＩＢＥ",,301,"千葉県","市川市","曽谷６丁目１４番２号",,12,203,2720832,,,,,,,2026-09-18,1,,,,,"トライブ",0
814,4040001145308,01,0,2026-09-18,2026-09-18,"株式会社オフィス白樺",,301,"千葉県","千葉市稲毛区","山王町６８番地１",,12,103,2630002,,,,,,,2026-09-18,1,,,,,"オフィスシラカバ",0
815,4040001145349,01,0,2026-09-18,2026-09-18,"勇工業株式会社",,301,"千葉県","白井市","神々廻８３１番地の２４",,12,232,2701416,,,,,,,2026-09-18,1,,,,,"ユウコウギョウ",0
816,4040003024311,12,0,2026-09-18,2026-09-14,"Ｈｉクリーン合同会社",,305,"京都府","木津川市","木津川台７丁目５－１７",,26,214,6190225,,,,,,,2024-02-13,1,,,,,"ハイクリーン",0
817,4040003030755,01,0,2026-09-18,2026-09-18,"合同会社Ｔｈｉｎｋ　Ａ　Ｌｏｔ",,305,"千葉県","大網白里市","柳橋９８１番地１１",,12,239,2993263,,,,,,,2026-09-18,1,,,,,"シンクアロット",0
818,4050001000635,71,0,2026-09-18,2026-09-01,"株式会社小貫写真館",,301,"茨城県","水戸市","千波町２４８２番地の１",,08,201,3100851,,,,,,"令和８年８月１日東京都東村山市栄町二丁目２０番地４３丸周司ビル株式会社東光企画（4012801002987）を合併",2015-10-05,1,,,,,"オヌキシャシンカン",0
819,4050001058946,01,0,2026-09-18,2026-09-18,"株式会社黒羽重機",,301,"茨城県","常陸太田市","中利員町２６５５番地の２",,08,212,3130105,,,,,,,2026-09-18,1,,,,,"クロハジュウキ",0
820,4050001058954,01,0,2026-09-18,2026-09-18,"株式会社ＣＳ　ＦＡＣＴ",,301,"茨城県","つくばみらい市","筒戸１７８６－５みらいコーポ１０１",,08,235,3002435,,,,,,,2026-09-18,1,,,,,,0
821,4050002001525,01,1,2026-09-18,2015-10-05,"有限会社サンテクニカ",,302,"茨城県","水戸市","堀町１３５２番地",,08,201,3100903,,,,,,,2015-10-05,0,,,,,"サンテクニカ",0
822,4050002001525,12,1,2026-09-18,2026-09-04,"有限会社サンテクニカ",,302,"茨城県","水戸市","堀町１２８３番地の１",,08,201,3100903,,,,,,,2015-10-05,1,,,,,"サンテクニカ",0
823,4060001032454,21,0,2026-09-18,2026-09-16,"株式会社ミサオ技研",,301,"栃木県","さくら市","氏家３２７０番地６２",,09,214,3291311,,,2026-09-16,01,,,2020-04-07,1,,,,,"ミサオギケン",0
824,4060001039631,01,0,2026-09-18,2026-09-18,"株式会社アマイ",,301,"栃木県","大田原市","親園１３３８番地",,09,210,3240044,,,,,,,2026-09-18,1,,,,,"アマイ",0
825,4080002010746,21,0,2026-09-18,2026-09-14,"有限会社東光不動産",,302,"静岡県","静岡市葵区","西草深町３４番２２号２０５",,22,101,4200866,,,2026-09-14,01,,,2015-10-05,1,,,,,"トウコウフドウサン",0
826,4080005004019,12,0,2026-09-18,2026-09-08,"アオイ・テクノパーク協同組合",,399,"静岡県","静岡市葵区","新間１０８９番地の７５３",,22,101,4211201,,,,,,,2015-10-05,1,,,,,"アオイテクノパーク",0
827,4080102016874,21,0,2026-09-18,2026-09-14,"有限会社誠進建設",,302,"静岡県","富士宮市","猪之頭１４５１番地",,22,207,4180108,,,2026-09-14,01,,,2015-10-05,1,,,,,,0
828,4080401006361,21,0,2026-09-18,2026-09-11,"静岡カナメ株式会社",,301,"静岡県","浜松市中央区","富塚町３７８０－１６３",,22,138,4328002,,,2026-09-11,01,,,2015-10-05,1,,,,,"シズオカカナメ",0
829,4080402018819,21,0,2026-09-18,2026-09-14,"有限会社武蔵",,302,"静岡県","御前崎市","上朝比奈７５７番地の１",,22,223,4371601,,,2026-09-14,01,,,2015-10-05,1,,,,,"ムサシ",0
830,4100002023621,01,1,2026-09-18,2015-10-05,"有限会社下里工務店",,302,"長野県","安曇野市","豊科南穂高５２４３番地２",,20,220,3998201,,,,,,,2015-10-05,0,,,,,"シモザトコウムテン",0
831,4100002023621,21,0,2026-09-18,2026-09-16,"有限会社下里工務店",,302,"長野県","安曇野市","豊科南穂高５２４３番地２",,20,220,3998201,,,2026-09-16,01,,,2015-10-05,1,,,,,"シモザトコウムテン",0
832,4100003008951,01,0,2026-09-18,2026-09-18,"合同会社ねこの手",,305,"長野県","上田市","天神１丁目５番２８－９０２号",,20,203,3860025,,,,,,,2026-09-18,1,,,,,"ネコノテ",0
833,4110001040377,01,0,2026-09-18,2026-09-18,"Ｍｕｓｕｂｉ　Ｈｏｓｐｉｔａｌｉｔｙ株式会社",,301,"新潟県","妙高市","大字赤倉１０７番地２",,15,217,9492111,,,,,,,2026-09-18,1,,,,,"ムスビホスピタリティ",0
834,4110001040410,01,0,2026-09-18,2026-09-18,"越後穂菜株式会社",,301,"新潟県","長岡市","与板町岩方８２５番地",,15,202,9402405,,,,,,,2026-09-18,1,,,,,"エチゴスイサイ",0
835,4110002001007,01,1,2026-09-18,2015-10-05,"有限会社上田製作所",,302,"新潟県","新潟市東区","船江町１丁目７７番地３",,15,102,9500031,,,,,,,2015-10-05,0,,,,,"ウエダセイサクジョ",0
836,4110002001007,21,1,2026-09-18,2018-01-19,"有限会社上田製作所",,302,"新潟県","新潟市東区","船江町１丁目７７番地３",,15,102,9500031,,,2018-01-19,21,,,2015-10-05,0,,,,,"ウエダセイサクジョ",0
837,4110002001007,22,1,2026-09-18,2026-09-07,"有限会社上田製作所",,302,"新潟県","新潟市東区","船江町１丁目７７番地３",,15,102,9500031,,,,,,,2015-10-05,1,,,,,"ウエダセイサクジョ",0
838,4120001059821,01,1,2026-09-18,2015-10-05,"株式会社アイトピア",,301,"大阪府","大阪市北区","曾根崎２丁目７番５号",,27,127,5300057,,,,,,,2015-10-05,1,,,,,"アイトピア",0
839,4120001115079,01,1,2026-09-18,2015-10-05,"株式会社アバグリーン",,301,"大阪府","大阪市住吉区","遠里小野７丁目６番２１号",,27,120,5580032,,,,,,,2015-10-05,1,,,,,"アバグリーン",0
840,4120001159919,12,0,2026-09-18,2026-09-16,"株式会社カーチョイス",,301,"大阪府","摂津市","三島３丁目１６番４４号",,27,224,5660022,,,,,,,2015-10-05,1,,,,,"カーチョイス",0
841,4120001239051,12,0,2026-09-18,2026-09-08,"株式会社社長の専門学校",,301,"大阪府","大阪市西区","江戸堀２丁目１番１号江戸堀センタービル９階",,27,106,5500002,,,,,,,2021-07-15,1,,,,,"シャチョウノセンモンガッコウ",0
842,4120001239662,12,0,2026-09-18,2026-09-14,"株式会社ＨＫ　ＳＯＵＬ",,301,"大阪府","大阪市中央区","平野町２丁目５番１２号みすや２１ＢＬＤＧ４階",,27,128,5410046,,,,,,,2021-08-12,1,,,,,"エイチケイソウル",0
843,4120001240091,21,0,2026-09-18,2026-09-09,"夢の扉株式会社",,301,"大阪府","守口市","八雲東町２丁目２６番５号",,27,209,5700021,,,2026-09-09,01,,,2021-09-02,1,,,,,"ユメノトビラ",0
844,4120001289063,01,0,2026-09-18,2026-09-18,"株式会社Ｖｉｃｓｏｌ　Ｅｎｅｒｇｙ",,301,"大阪府","大阪市中央区","本町３丁目１番１０号",,27,128,5410053,,,,,,,2026-09-18,1,,,,,"ビクソルエナジー",0
845,4120001289179,01,0,2026-09-18,2026-09-18,"株式会社ＴＥＣ",,301,"大阪府","寝屋川市","音羽町１０番１６号",,27,215,5720023,,,,,,,2026-09-18,1,,,,,"テック",0
846,4120001289187,01,0,2026-09-18,2026-09-18,"株式会社ＴＨＩＲＴＹ　ＴＨＲＥＥ",,301,"大阪府","大阪市中央区","南本町１丁目６番７－２２１３号",,27,128,5410054,,,,,,,2026-09-18,1,,,,,"サーティースリー",0
847,4120001289204,01,0,2026-09-18,2026-09-18,"Ｍ＆Ｆマネジメント株式会社",,301,"大阪府","大阪市阿倍野区","阿倍野筋１丁目５番１０－１７０３号",,27,119,5450052,,,,,,,2026-09-18,1,,,,,"エムアンドエフマネジメント",0
848,4120002014701,21,0,2026-09-18,2026-09-16,"光立産業有限会社",,302,"大阪府","大阪市大正区","泉尾７丁目１番２０号",,27,108,5510031,,,2026-09-16,01,,,2015-10-05,1,,,,,"コウリツサンギョウ",0
849,4120003033493,01,0,2026-09-18,2026-09-18,"合同会社仲村渠工業",,305,"大阪府","大阪市北区","長柄西２丁目１１番１０号",,27,127,5310061,,,,,,,2026-09-18,1,,,,,"ナカンダカリコウギョウ",0
850,4120005021728,12,0,2026-09-18,2026-09-15,"医療法人入澤会",,399,"大阪府","大阪市中央区","難波３丁目７番１２号３Ｆ３０２号",,27,128,5420076,,,,,,,2020-07-21,1,,,,,"イリサワカイ",0
851,4120101022803,01,1,2026-09-18,2015-10-05,"株式会社ＥＣＡＳＴ",,301,"大阪府","堺市堺区","錦綾町３丁５番１７号",,27,141,5900006,,,,,,,2015-10-05,1,,,,,"イーキャスト",0
852,4120103005236,11,0,2026-09-18,2026-09-14,"株式会社ＨＡＴ",,301,"大阪府","堺市堺区","田出井町１－３－３１０７",,27,141,5900014,,,,,,,2023-05-26,1,,,,,"エイチエイテイ",0
853,4120901053221,01,0,2026-09-18,2026-09-18,"株式会社ＳＴネクスト",,301,"大阪府","豊中市","利倉２丁目１８番１４号",,27,203,5610845,,,,,,,2026-09-18,1,,,,,"エスティーネクスト",0
854,4120903005699,12,0,2026-09-18,2026-09-15,"合同会社レトロユキ",,305,"栃木県","足利市","緑町２丁目２０番地１",,09,202,3260816,,,,,,,2025-06-02,1,,,,,"レトロユキ",0
855,4130001027372,01,1,2026-09-18,2015-10-05,"株式会社Ａｓｓｅｔ　Ｍａｎａｇｅｒ’ｓ　Ｖｉｅｗ",,301,"京都府","京都市伏見区","土橋町３５１番地",,26,109,6128351,,,,,,,2015-10-05,0,,,,,,0
856,4130001027372,11,1,2026-09-18,2016-08-09,"株式会社知エトカ",,301,"京都府","京都市伏見区","土橋町３５１番地",,26,109,6128351,,,,,,,2015-10-05,0,,,,,"チエトカ",0
857,4130001027372,12,1,2026-09-18,2017-04-20,"株式会社知エトカ",,301,"京都府","京都市伏見区","深草西浦町７丁目５番地ＬＩＢＥＲＴＹＦ１号室",,26,109,6120029,,,,,,,2015-10-05,1,,,,,"チエトカ",0
858,4140001057682,71,0,2026-09-18,2026-09-01,"株式会社アルバータダイニング",,301,"兵庫県","姫路市","白国１丁目５番１７号",,28,201,6700808,,,,,,"令和８年８月３１日兵庫県姫路市白国一丁目５番１７号有限会社アテンド（7140002047300）を合併令和８年８月３１日兵庫県姫路市白国一丁目５番１７号有限会社アマート（5140002047343）を合併令和８年８月３１日兵庫県姫路市白国一丁目５番１７号ずっとダイニング有限会社（1140002049153）を合併令和８年８月３１日兵庫県姫路市白国一丁目５番１７号有限会社ハミングバード（7140002052060）を合併",2015-10-05,1,,,,,"アルバータダイニング",0
859,4140001069570,01,1,2026-09-18,2015-10-05,"東和ハイム株式会社",,301,"兵庫県","西宮市","市庭町１番２７号",,28,204,6620975,,,,,,,2015-10-05,1,,,,,"トウワハイム",0
860,4140001093397,11,0,2026-09-18,2026-09-14,"株式会社ヒロパートナーズ",,301,"兵庫県","神戸市東灘区","岡本２丁目２番２７号",,28,101,6580072,,,,,,,2015-10-05,1,,,,,"ヒロパートナーズ",0
861,4140001108725,11,0,2026-09-18,2026-09-14,"株式会社ＫＴＴパートナーズ",,301,"兵庫県","神戸市灘区","鶴甲２丁目８番１０号",,28,102,6570011,,,,,,,2018-01-10,1,,,,,"ケイティティパートナーズ",0
862,4140001130084,12,0,2026-09-18,2026-09-16,"株式会社Ａｒｉｈ",,301,"大阪府","大阪市北区","梅田２丁目２－２ヒルトンプラザウエスト１９階",,27,127,5300001,,,,,,,2023-05-08,1,,,,,"アリー",0
863,4140003006794,21,0,2026-09-18,2026-09-09,"合同会社片山電気",,305,"兵庫県","尼崎市","猪名寺２丁目６番２５－６０２号",,28,202,6610981,,,2026-09-09,01,,,2015-10-05,1,,,,,"カタヤマデンキ",0
864,4140005028060,01,0,2026-09-18,2026-09-18,"一般社団法人Ｉｇｎｉｔｅ　Ｆｉｅｌｄ　Ｃａｍｐｕｓ",,399,"兵庫県","神戸市中央区","相生町１丁目１番１－７０９号",,28,110,6500025,,,,,,,2026-09-18,1,,,,,"イグナイトフィールドキャンパス",0
865,4150001019590,01,1,2026-09-18,2015-10-05,"菓子工房秦製菓株式会社",,301,"奈良県","大和郡山市","小泉町２８０１番地８",,29,203,6391042,,,,,,,2015-10-05,1,,,,,"カシコウボウハタセイカ",0
866,4150003001241,12,0,2026-09-18,2026-09-09,"Ｂユニオン合同会社",,305,"広島県","東広島市","高屋町中島１１９０番地６７",,34,212,7392125,,,,,,,2015-10-05,1,,,,,"ビーユニオン",0
867,4160001027931,01,0,2026-09-18,2026-09-18,"近江ベットファーマ株式会社",,301,"滋賀県","大津市","馬場１丁目１４番１８号",,25,201,5200802,,,,,,,2026-09-18,1,,,,,"オウミベットファーマ",0
868,4180001001141,01,1,2026-09-18,2015-10-05,"株式会社フジヨシ",,301,"愛知県","名古屋市守山区","四軒家１丁目１２３１番地",,23,113,4630034,,,,,,,2015-10-05,1,,,,,"フジヨシ",0
869,4180001063735,12,0,2026-09-18,2026-09-03,"株式会社フジワラ・サービス",,301,"愛知県","北名古屋市","法成寺中道５０番地",,23,234,4810039,,,,,,,2015-10-05,1,,,,,"フジワラサービス",0
870,4180001133190,12,0,2026-09-18,2026-09-16,"佐々木商事株式会社",,301,"東京都","目黒区","柿の木坂３丁目５番１号シャーメゾンステージ柿の木坂３０１",,13,110,1520022,,,,,,,2018-07-27,1,,,,,"ササキショウジ",0
871,4180001138033,12,0,2026-09-18,2026-09-14,"株式会社ヴィスタリア不動産",,301,"愛知県","名古屋市中村区","太閤５丁目４番１２号",,23,105,4530801,,,,,,,2019-09-06,1,,,,,"ヴィスタリアフドウサン",0
872,4180001155755,12,0,2026-09-18,2026-09-07,"株式会社ばんどう",,301,"愛知県","名古屋市千種区","神田町２８番２３号青山マンション１Ｅ",,23,101,4640077,,,,,,,2023-04-10,1,,,,,"バンドウ",0
873,4180001162545,21,0,2026-09-18,2026-09-10,"株式会社ＨＡＬ　ＡＩＲ　ＳＹＳＴＥＭ",,301,"愛知県","春日井市","春見町３９番地２ダノイ２０１",,23,206,4860837,,,2026-09-10,01,,,2024-08-02,1,,,,,"ハルエアーシステム",0
874,4180001173575,01,0,2026-09-18,2026-09-18,"大榮希株式会社",,301,"愛知県","名古屋市瑞穂区","白砂町３丁目２４－１",,23,108,4670056,,,,,,,2026-09-18,1,,,,,"ダイエイキ",0
875,4180002029850,01,1,2026-09-18,2015-10-05,"有限会社犬飼商店",,302,"愛知県","名古屋市中区","正木３丁目１３番６号",,23,106,4600024,,,,,,,2015-10-05,1,,,,,"イヌカイショウテン",0
876,4180002049246,01,1,2026-09-18,2015-10-05,"有限会社エスエムティー",,302,"愛知県","名古屋市中区","栄４丁目１８番２０号",,23,106,4600008,,,,,,,2015-10-05,0,,,,,"エスエムティー",0
877,4180002049246,12,1,2026-09-18,2017-06-02,"有限会社エスエムティー",,302,"愛知県","名古屋市南区","明円町２５８番地",,23,112,4570022,,,,,,,2015-10-05,1,,,,,"エスエムティー",0
878,4180002068832,21,0,2026-09-18,2026-09-04,"有限会社カメテック",,302,"愛知県","小牧市","中央１丁目１４７番地",,23,219,4850029,,,2026-09-04,01,,,2015-10-05,1,,,,,"カメテック",0
879,4180002081802,12,0,2026-09-18,2026-08-13,"有限会社キャロライナ",,302,"愛知県","江南市","尾崎町上田９５",,23,217,4838161,,,,,,,2015-10-05,1,,,,,"キャロライナ",0
880,4180003023191,21,0,2026-09-18,2026-08-21,"合同会社プラント",,305,"愛知県","江南市","宮田町藤ノ森８１番地",,23,217,4838376,,,2026-08-21,01,,,2021-11-15,1,,,,,"プラント",0
881,4180003026905,21,0,2026-09-18,2026-09-08,"合同会社せーの",,305,"愛知県","名古屋市中区","錦２丁目９番６号名和丸の内ビル４Ｃ",,23,106,4600003,,,2026-09-08,01,,,2024-06-11,1,,,,,"セーノ",0
882,4180301029270,01,1,2026-09-18,2016-06-13,"株式会社エムアールエス",,301,"愛知県","豊田市","高崎町欠ノ上１０番地４",,23,211,4710048,,,,,,,2016-06-13,1,,,,,"エムアールエス",0
883,4180303000287,21,0,2026-09-18,2026-09-04,"合同会社ロコモコ",,305,"愛知県","額田郡幸田町","大字坂崎字粳原４１番地２",,23,501,4440104,,,2026-09-04,01,,,2015-10-05,1,,,,,"ロコモコ",0
884,4200001005767,01,1,2026-09-18,2015-10-05,"株式会社ラヴファミリー",,301,"岐阜県","岐阜市","早田東町１０丁目４７番地の１",,21,201,5020843,,,,,,,2015-10-05,0,,,,,"ラヴファミリー",0
885,4200001005767,21,0,2026-09-18,2026-09-14,"株式会社ラヴファミリー",,301,"岐阜県","岐阜市","早田東町１０丁目４７番地の１",,21,201,5020843,,,2026-09-14,01,,,2015-10-05,1,,,,,"ラヴファミリー",0
886,4200001020114,01,1,2026-09-18,2015-10-05,"株式会社カトーメテック",,301,"岐阜県","関市","新迫間７２番地",,21,205,5013923,,,,,,,2015-10-05,1,,,,,"カトーメテック",0
887,4200001027191,01,1,2026-09-18,2015-10-05,"株式会社ｗｏｏｄ　ｗｏｒｋｓ　ＳＯＲＡ",,301,"岐阜県","中津川市","加子母３０８９番地２",,21,206,5080421,,,,,,,2015-10-05,1,,,,,"ウッドワークスソラ",0
888,4200001033231,01,1,2026-09-18,2016-09-07,"Ｇｌｏｂａｌ　ｓｅｅｄ株式会社",,301,"岐阜県","岐阜市","茜部寺屋敷１丁目８番地２",,21,201,5008267,,,,,,,2016-09-07,1,,,,,"グローバルシード",0
889,4200001033363,01,1,2026-09-18,2016-10-21,"市川工業株式会社",,301,"岐阜県","美濃市","２８４８番地",,21,207,5013701,,,,,,,2016-10-21,1,,,,,"イチカワコウギョウ",0
890,4210001008744,01,1,2026-09-18,2015-10-05,"丹尾デザイン事務所株式会社",,301,"福井県","福井市","順化１丁目２４番８号",,18,201,9100023,,,,,,,2015-10-05,1,,,,,"ニオデザインジムショ",0
891,4240001038986,01,1,2026-09-18,2015-10-05,"メディエント・システムズ株式会社",,301,"広島県","尾道市","平原１丁目１４番１８号",,34,205,7220018,,,,,,,2015-10-05,1,,,,,"メディエントシステムズ",0
892,4240001067060,01,0,2026-09-18,2026-09-18,"ダンドリー株式会社",,301,"広島県","三原市","大和町箱川１４１９番地４",,34,204,7291322,,,,,,,2026-09-18,1,,,,,"ダンドリー",0
893,4240002003782,01,1,2026-09-18,2015-10-05,"有限会社神崎経営管理センター",,302,"広島県","広島市中区","上八丁堀７番２０号",,34,101,7300012,,,,,,,2015-10-05,1,,,,,"カンザキケイエイカンリセンター",0
894,4240005012194,01,1,2026-09-18,2015-10-05,"天理教椹梨分教会",,399,"広島県","三原市","大和町椋梨字中塚１７番地",,34,204,7291331,,,,,,,2015-10-05,0,,,,,"テンリキョウクワナシブンキョウカイ",0
895,4240005012194,71,1,2026-09-18,2019-06-27,"天理教椹梨分教会",,399,"広島県","三原市","大和町椋梨字中塚１７番地",,34,204,7291331,,,,,,"広島県東広島市豊栄町能良２０６１番地天理教天乃原分教会（7240005003892）を合併",2015-10-05,1,,,,,"テンリキョウクワナシブンキョウカイ",0
896,4260001008038,21,0,2026-09-18,2026-09-15,"デンマテリアル株式会社",,301,"岡山県","岡山市中区","門田文化町３丁目４番１９号",,33,102,7038273,,,2026-09-15,01,,,2015-10-05,1,,,,,"デンマテリアル",0
897,4260001041625,01,0,2026-09-18,2026-09-18,"株式会社ロコロコカンパニー",,301,"岡山県","井原市","野上町３２２２番地４",,33,207,7150001,,,,,,,2026-09-18,1,,,,,"ロコロコカンパニー",0
898,4260005002219,21,0,2026-09-18,2026-09-15,"医療法人ヒゴヤ内科医院",,399,"岡山県","岡山市北区","建部町福渡４１９番地の３",,33,101,7093111,,,2026-09-15,01,,,2015-10-05,1,,,,,"ヒゴヤナイカイイン",0
899,4270003001907,01,0,2026-09-18,2026-09-18,"ＡＭＯ合同会社",,305,"鳥取県","東伯郡北栄町","亀谷４０３番地２１",,31,372,6892211,,,,,,,2026-09-18,1,,,,,"アモ",0
900,4290001062412,01,1,2026-09-18,2015-10-05,"株式会社フレッシュＪＢ",,301,"福岡県","福岡市博多区","豊２丁目４番５７号",,40,132,8120042,,,,,,,2015-10-05,0,,,,,"フレッシュジェービー",0
901,4290001062412,12,1,2026-09-18,2026-09-08,"株式会社フレッシュＪＢ",,301,"福岡県","福岡市東区","みなと香椎３丁目１番１－４２５号",,40,131,8130019,,,,,,,2015-10-05,1,,,,,"フレッシュジェービー",0
902,4290001089199,12,0,2026-09-18,2026-09-04,"株式会社ゼンワシーケンス",,301,"福岡県","福岡市博多区","博多駅前３丁目２７番１８号ｒｅｍｉｘはかた駅前通り６Ｆ",,40,132,8120011,,,,,,,2020-06-23,1,,,,,"ゼンワシーケンス",0
903,4290001098522,12,0,2026-09-18,2026-09-04,"株式会社ＲＯＬＬ",,301,"福岡県","福岡市東区","松田３丁目１１番１－３０１号",,40,131,8120064,,,,,,,2022-08-09,1,,,,,"ロール",0
904,4290001115418,01,0,2026-09-18,2026-09-18,"株式会社希幸",,301,"福岡県","福岡市南区","野間１丁目１番１９号",,40,134,8150041,,,,,,,2026-09-18,1,,,,,"キコウ",0
905,4290002027678,01,1,2026-09-18,2015-10-05,"有限会社ビューティーサロン長谷川",,302,"福岡県","福岡市西区","内浜２丁目６番１４－５０３号",,40,135,8190005,,,,,,,2015-10-05,1,,,,,"ビューティーサロンハセガワ",0
906,4290002032281,12,0,2026-09-18,2026-09-07,"株式会社阿部情報技術研究所",,301,"福岡県","福岡市博多区","博多駅前２丁目１０番１２号",,40,132,8120011,,,,,,,2015-10-05,1,,,,,"アベジョウホウギジュツケンキュウジョ",0
907,4290003006210,01,1,2026-09-18,2015-12-28,"合同会社近代農業研究会",,305,"福岡県","飯塚市","横田１０番地",,40,205,8200044,,,,,,,2015-12-28,0,,,,,"キンダイノウギョウケンキュウショ",0
908,4290003006210,12,1,2026-09-18,2016-11-11,"合同会社近代農業研究会",,305,"福岡県","飯塚市","横田２５３－３",,40,205,8200044,,,,,,,2015-12-28,1,,,,,"キンダイノウギョウケンキュウショ",0
909,4290802002392,01,1,2026-09-18,2015-10-05,"有限会社紺屋町ビル",,302,"福岡県","北九州市小倉北区","紺屋町６番２号",,40,106,8020081,,,,,,,2015-10-05,0,,,,,"コンヤマチビル",0
910,4290802002392,12,1,2026-09-18,2026-09-09,"有限会社紺屋町ビル",,302,"福岡県","北九州市小倉北区","足立３丁目１番２１－７０５号",,40,106,8020042,,,,,,,2015-10-05,1,,,,,"コンヤマチビル",0
911,4290802006294,01,1,2026-09-18,2015-10-05,"有限会社ミニョン",,302,"福岡県","北九州市小倉北区","泉台４丁目４番４１号",,40,106,8030842,,,,,,,2015-10-05,1,,,,,"ミニョン",0
912,4300001008124,12,0,2026-09-18,2026-09-16,"株式会社医療福祉システムズ",,301,"佐賀県","神埼郡吉野ヶ里町","三津２２４１番地１",,41,327,8420104,,,,,,,2015-10-05,1,,,,,"イリョウフクシシステムズ",0
913,4300005006033,71,0,2026-09-18,2026-09-01,"公益財団法人さがのみどり未来創造基金",,399,"佐賀県","佐賀市","城内１丁目１番５９号",,41,201,8400041,,,,,,"令和８年９月１日佐賀市城内一丁目１番５９号公益財団法人佐賀県森林整備担い手育成基金（5300005000134）を合併",2015-10-05,1,,,,,,0
914,4310003005309,01,0,2026-09-18,2026-09-18,"合同会社そよぎ",,305,"長崎県","大村市","植松３丁目８４０番地市営植松アパートＡ棟１０４号",,42,205,8560027,,,,,,,2026-09-18,1,,,,,"ソヨギ",0
915,4330001008427,12,0,2026-09-18,2026-09-14,"株式会社トータルウォッシュ",,301,"熊本県","上益城郡嘉島町","大字下仲間７７０番地２",,43,442,8613108,,,,,,,2015-10-05,1,,,,,"トータルウォッシュ",0
916,4330001008930,12,0,2026-09-18,2026-09-15,"株式会社レバレンス",,301,"大分県","宇佐市","大字長洲１１１８番地のどか園内",,44,211,8720001,,,,,,,2015-10-05,1,,,,,"レバレンス",0
917,4370001039815,12,0,2026-09-18,2026-09-09,"株式会社スマイルアップ",,301,"宮城県","仙台市青葉区","中央２丁目２－１０仙都会館５階",,04,101,9800021,,,,,,,2016-06-20,1,,,,,"スマイルアップ",0
918,4370001053304,11,0,2026-09-18,2026-09-10,"株式会社アクアワークス",,301,"宮城県","大崎市","古川栄町１５番３０号２階",,04,215,9896157,,,,,,,2025-12-10,1,,,,,"アクアワークス",0
919,4370202004898,01,1,2026-09-18,2015-10-05,"有限会社グローバルベリーファームそね",,302,"宮城県","栗原市","志波姫沼崎大谷地８８番地",,04,213,9895615,,,,,,,2015-10-05,1,,,,,"グローバルベリーファームソネ",0
920,4370601000192,12,0,2026-09-18,2026-09-08,"株式会社共栄サービス",,301,"宮城県","塩竈市","字庚塚９７番地２",,04,203,9850085,,,,,,,2015-10-05,1,,,,,"キョウエイサービス",0
921,4370605000255,01,1,2026-09-18,2015-10-05,"神明社",,399,"宮城県","宮城郡七ヶ浜町","松ヶ浜字神明裏３２番地",,04,404,9850812,,,,,,,2015-10-05,1,,,,,"シンメイシャ",0
922,4370802000124,01,1,2026-09-18,2015-10-05,"有限会社エムアールエス",,302,"宮城県","名取市","杉ケ袋字杉北４－３－１",,04,207,9811214,,,,,,,2015-10-05,1,,,,,"エムアールエス",0
923,4380001036316,01,0,2026-09-18,2026-09-18,"ＥｉｇｅｎＦｌｉｇｈｔ株式会社",,301,"福島県","南相馬市","小高区本町１丁目８７",,07,212,9792124,,,,,,,2026-09-18,1,,,,,"アイゲンフライト",0
924,4380002013578,21,0,2026-09-18,2026-09-15,"有限会社エレテツク福島",,302,"福島県","郡山市","堤１丁目７１番地",,07,203,9630205,,,2026-09-15,01,,,2015-10-05,1,,,,,"エレテツクフクシマ",0
925,4380002024393,01,1,2026-09-18,2015-10-05,"有限会社スマイルいわき",,302,"福島県","いわき市","植田町南町１丁目５番地の１１",,07,204,9748261,,,,,,,2015-10-05,1,,,,,"スマイルイワキ",0
926,4380002033907,21,0,2026-09-18,2026-09-11,"有限会社会津四季さい",,302,"福島県","会津若松市","大町１丁目１番２４号",,07,202,9650042,,,2026-09-11,01,,,2015-10-05,1,,,,,"アイヅシキサイ",0
927,4380003001284,11,0,2026-09-18,2026-09-15,"合同会社吉田材木店",,305,"福島県","いわき市","平中山字宮下８５番地の５７",,07,204,9708031,,,,,,,2015-10-05,1,,,,,"ヨシダザイモクテン",0
928,4380003006440,01,0,2026-09-18,2026-09-18,"合同会社Ｓ　ａｎｄ",,305,"福島県","福島市","吉倉字前田３８番地の１",,07,201,9608165,,,,,,,2026-09-18,1,,,,,"エスアンド",0
929,4390002015185,01,1,2026-09-18,2015-10-05,"長岡造園有限会社",,302,"山形県","西置賜郡白鷹町","大字高岡２４６５番地",,06,402,9920778,,,,,,,2015-10-05,1,,,,,"ナガオカゾウエン",0
930,4420003001577,21,0,2026-09-18,2026-09-16,"合同会社ナレッジ・アソシエイツ",,305,"青森県","八戸市","小中野３丁目１０番１４号",,02,203,0310802,,,2026-09-16,01,,,2016-05-20,1,,,,,"ナレッジアソシエイツ",0
931,4430001008144,21,0,2026-09-18,2026-09-16,"株式会社アスペックホームデザイン",,301,"北海道","札幌市東区","北二十六条東１９丁目７番１号",,01,103,0650026,,,2026-09-16,01,,,2015-10-05,1,,,,,"アスペックホームデザイン",0
932,4430001083641,12,0,2026-09-18,2026-09-15,"株式会社呂久",,301,"北海道","札幌市厚別区","厚別中央二条５丁目２番３０号",,01,108,0040052,,,,,,,2021-03-18,1,,,,,"ロク",0
933,4430001097724,01,0,2026-09-18,2026-09-18,"株式会社ｒａｙｔ３",,301,"北海道","札幌市中央区","北一条西３丁目３番地３３リープロビル３０２",,01,101,0600001,,,,,,,2026-09-18,1,,,,,"レイトスリー",0
934,4430002006907,01,1,2026-09-18,2015-10-05,"有限会社倉本道新販売店",,302,"北海道","札幌市手稲区","前田八条１０丁目５番１８号",,01,109,0060818,,,,,,,2015-10-05,1,,,,,"クラモトドウシンハンバイテン",0
935,4430002039709,01,1,2026-09-18,2015-10-05,"有限会社川村鋼業",,302,"北海道","札幌市東区","伏古十四条３丁目１０番８号",,01,103,0070874,,,,,,,2015-10-05,1,,,,,"カワムラコウギョウ",0
936,4480005004333,21,0,2026-09-18,2026-09-07,"王子神社",,399,"徳島県","阿南市","長生町南川４３番地",,36,204,7740046,,,2026-09-07,11,9480005004477,"令和８年９月７日徳島県阿南市長生町北浦４８番地豊守神社（9480005004477）に合併し解散",2015-10-05,1,,,,,,0
937,4500001027079,11,0,2026-09-18,2026-09-14,"ＮＡＧＩホーム株式会社",,301,"愛媛県","松山市","高砂町４丁目１０３",,38,201,7900822,,,,,,,2026-08-12,1,,,,,"ナギホーム",0
938,5010001041541,22,0,2026-09-18,2026-08-14,"株式会社キット",,301,"東京都","中央区","新川１丁目９番９号",,13,102,1040033,,,,,,,2015-10-05,1,,,,,"キット",0
939,5010001136944,12,0,2026-09-18,2026-09-14,"株式会社七かまど",,301,"東京都","調布市","深大寺南町４丁目２８番地３",,13,208,1820013,,,,,,,2015-10-05,1,,,,,"ナナカマド",0
940,5010001214790,21,0,2026-09-18,2026-08-31,"株式会社ＣＥＮＴＥＲＴＯＳＥＣＯＮＤＳ",,301,"東京都","中央区","銀座１丁目１２番４号Ｎ＆ＥＢＬＤ．７階",,13,102,1040061,,,2026-08-31,01,,,2020-12-28,1,,,,,"センタートゥセカンドズ",0
941,5010001256321,11,0,2026-09-18,2026-08-27,"トーインホールディングス株式会社",,301,"東京都","千代田区","大手町２丁目２番１号",,13,101,1000004,,,,,,,2025-06-27,1,,,,,"トーインホールディングス",0
942,5010001268861,01,0,2026-09-18,2026-09-18,"株式会社猫目",,301,"東京都","文京区","本郷６丁目１３番６号",,13,105,1130033,,,,,,,2026-09-18,1,,,,,"ネコメ",0
943,5010001268886,01,0,2026-09-18,2026-09-18,"株式会社溝田企画",,301,"東京都","中央区","湊３丁目１７番８－１１０４号",,13,102,1040043,,,,,,,2026-09-18,1,,,,,"ミゾタキカク",0
944,5010003048337,12,0,2026-09-18,2026-08-26,"Ｄｒａｇｏｎｓｌａｙｅｒ　Ｇａｍｅｓ合同会社",,305,"東京都","中央区","日本橋２丁目２－３ＲＩＳＨＥビルＵＣＦ４階",,13,102,1030027,,,,,,,2025-08-15,1,,,,,"ドラゴンスレイヤーゲームズ",0
945,5010005033493,12,0,2026-09-18,2026-09-16,"一般社団法人国際医療安全推進機構",,399,"神奈川県","平塚市","東中原１丁目９番１５号",,14,203,2540077,,,,,,,2021-07-08,1,,,,,"コクサイイリョウアンゼンスイシンキコウ",0
946,5010005036372,01,1,2026-09-18,2023-03-14,"特定非営利活動法人ウィーログ",,399,"東京都","千代田区","九段北１丁目１５番２号九段坂パークビル４階",,13,101,1020073,,,,,,,2023-03-14,0,"Non-Profit Organization WheeLog","Tokyo","4F Kudanzaka Park BLDG, 1-15-2, Kudankita, Chiyoda-ku",,,0
947,5010005036372,12,1,2026-09-18,2026-08-21,"特定非営利活動法人ウィーログ",,399,"東京都","港区","芝４丁目７番１号西山ビル４階",,13,103,1080014,,,,,,,2023-03-14,1,"Non-Profit Organization WheeLog","Tokyo","Nishiyama Bldg. 4F, 4-7-1, Shiba, Minato ku",,,0
948,5010401193172,21,0,2026-09-18,2026-08-28,"ＲＩＣＨ　ＷＯＲＬＤ株式会社",,301,"東京都","港区","芝大門２丁目４番４号",,13,103,1050012,,,2026-08-28,01,,,2025-09-30,1,,,,,"リッチワールド",0
949,5010401202081,01,0,2026-09-18,2026-09-18,"ＨＨＳ　Ｊａｐａｎ株式会社",,301,"東京都","港区","赤坂２丁目１４番５号Ｄａｉｗａ赤坂ビル４階",,13,103,1070052,,,,,,,2026-09-18,1,,,,,"エイチエイチエスジャパン",0
950,5010401202123,01,0,2026-09-18,2026-09-18,"ＭＨＸ株式会社",,301,"東京都","港区","高輪１丁目２７番３７－１０１４号",,13,103,1080074,,,,,,,2026-09-18,1,,,,,"エムエイチエックス",0
951,5010401202214,01,0,2026-09-18,2026-09-18,"株式会社大森商会",,301,"東京都","港区","赤坂９丁目４番１－３４０５号",,13,103,1070052,,,,,,,2026-09-18,1,,,,,"オオモリショウカイ",0
952,5010401202222,01,0,2026-09-18,2026-09-18,"株式会社ＡＣ‐２２",,301,"東京都","港区","麻布台１丁目１番２号麻布台ヒルズＳ－Ｏｆｆｉｃｅ５１４",,13,103,1060041,,,,,,,2026-09-18,1,,,,,"エーシートゥエンティートゥー",0
953,5010403011927,12,0,2026-09-18,2026-09-04,"ＳＯＵＴＨＧＡＴＥ合同会社",,305,"東京都","港区","麻布台１丁目１番１－１２２２号",,13,103,1060041,,,,,,,2015-10-05,1,,,,,"サウスゲート",0
954,5010403023617,12,0,2026-09-18,2026-09-15,"ターンイットイン・ジャパン合同会社",,305,"東京都","渋谷区","千駄ヶ谷５丁目２７番３号やまとビル８Ｆ",,13,113,1510051,,,,,,,2020-08-31,1,,,,,"ターンイットインジャパン",0
955,5010403028351,12,0,2026-09-18,2026-08-25,"ＣＥＳ北海道１太陽光発電所合同会社",,305,"東京都","中央区","銀座８丁目１８番７－６０６号",,13,102,1040061,,,,,,,2022-08-24,1,,,,,"シーイーエスホッカイドウイチタイヨウコウハツデンショ",0
956,5010403039118,01,0,2026-09-18,2026-09-18,"ソーラーブリッジ４号合同会社",,305,"東京都","港区","赤坂２丁目１５番１５－７０３号ＦＯＲＴＥＱ内",,13,103,1070052,,,,,,,2026-09-18,1,,,,,"ソーラーブリッジヨンゴウ",0
957,5010405018243,12,0,2026-09-18,2026-09-16,"弁護士法人かなえリーガル",,399,"東京都","千代田区","内神田１丁目１３番１号豊島屋ビル３階",,13,101,1010047,,,,,,,2019-11-08,1,,,,,"カナエリーガル",0
958,5010501010194,01,1,2026-09-18,2015-10-05,"トウキヨウジエムズグレイデイング株式会社",,301,"東京都","台東区","東上野１丁目２５番９号",,13,106,1100015,,,,,,,2015-10-05,1,,,,,"トウキヨウジエムズグレイデイング",0
959,5010501056469,01,0,2026-09-18,2026-09-18,"株式会社ＯＭＯＴＥＮＡＳＨＩＬＡＢ",,301,"東京都","台東区","上野２丁目９番６号大和ビル３０２号室",,13,106,1100005,,,,,,,2026-09-18,1,,,,,"オモテナシラボ",0
960,5010601003180,71,0,2026-09-18,2026-09-01,"白石工業株式会社",,301,"茨城県","桜川市","西小塙１６４５番地",,08,231,3091451,,,,,,"令和８年９月１日千葉県船橋市豊富町６４３番地５株式会社白石（4040001020048）を合併",2015-10-05,1,,,,,"シライシコウギョウ",0
961,5010701048043,12,0,2026-09-18,2026-09-16,"大空設備工業株式会社",,301,"東京都","小平市","美園町２丁目１９番２０－６０４号",,13,211,1870041,,,,,,,2025-07-24,1,,,,,"オオゾラセツビコウギョウ",0
962,5010701050131,01,0,2026-09-18,2026-09-18,"株式会社Ａｒｃ　Ｌａｂｓ",,301,"東京都","品川区","上大崎２丁目３番３－６０１号",,13,109,1410021,,,,,,,2026-09-18,1,,,,,"アークラブス",0
963,5010701050180,01,0,2026-09-18,2026-09-18,"株式会社ＡＬＬＯ",,301,"東京都","品川区","戸越１丁目１７番７－１００３号",,13,109,1420041,,,,,,,2026-09-18,1,,,,,"アロ",0
964,5010801018020,21,0,2026-09-18,2026-09-15,"株式会社バイクブーン",,301,"東京都","大田区","北嶺町３４番１４号",,13,111,1450073,,,2026-09-15,01,,,2015-10-05,1,,,,,"バイクブーン",0
965,5010803003598,11,0,2026-09-18,2026-09-11,"ＥＶＥＲＹＤＡＹ合同会社",,305,"東京都","大田区","本羽田１丁目２２－９ピュアハウス２０４号",,13,111,1440044,,,,,,,2021-01-27,1,,,,,"エブリデイ",0
966,5010803004126,12,0,2026-09-18,2026-09-07,"株式会社ｍｏｕ‐ｓｏｕ",,301,"東京都","千代田区","神田猿楽町１丁目３－１北村ビル３０１",,13,101,1010064,,,,,,,2022-04-25,1,,,,,"モウソウ",0
967,5010901057926,11,0,2026-09-18,2026-09-11,"日進建設株式会社",,301,"東京都","世田谷区","岡本３丁目１０番４号",,13,112,1570076,,,,,,,2025-08-19,1,,,,,"ニッシンケンセツ",0
968,5010901060269,01,0,2026-09-18,2026-09-18,"株式会社Ｎｏｒｒｉｅ",,301,"東京都","世田谷区","羽根木１丁目２９番２号",,13,112,1560042,,,,,,,2026-09-18,1,,,,,"ノリー",0
969,5010903011170,01,0,2026-09-18,2026-09-18,"ＴＲＪ合同会社",,305,"東京都","世田谷区","等々力６丁目２４番１０号",,13,112,1580082,,,,,,,2026-09-18,1,,,,,"ティーアールジェイ",0
970,5011001132487,12,0,2026-09-18,2026-09-14,"ＣｉＸホールディングス株式会社",,301,"大阪府","大阪市生野区","桃谷５丁目５番３７号いくのパークＣ棟２－１０",,27,116,5440034,,,,,,,2020-02-18,1,,,,,"シクロスホールディングス",0
971,5011101113429,11,0,2026-09-18,2026-09-11,"株式会社Ｃ‐メンテナンス",,301,"東京都","新宿区","西新宿６丁目５番１号新宿アイランドタワー２階",,13,104,1600023,,,,,,,2025-09-29,1,,,,,"シーメンテナンス",0
972,5011102005286,71,0,2026-09-18,2026-08-31,"株式会社三共モータース",,301,"東京都","新宿区","北新宿４丁目３６番１号",,13,104,1690074,,,,,,"令和８年８月３１日東京都新宿区北新宿四丁目９番１８－６０１号株式会社トモエ（7011101054539）を合併",2015-10-05,1,,,,,"サンキョウモータース",0
973,5011102009031,12,0,2026-09-18,2026-09-15,"有限会社インタープラン",,302,"東京都","葛飾区","柴又３丁目４番１２号",,13,122,1250052,,,,,,,2015-10-05,1,,,,,"インタープラン",0
974,5011201023585,12,0,2026-09-18,2026-09-01,"株式会社ＰＲＩＭＥ　ＷＯＲＫＳ",,301,"東京都","新宿区","西新宿６丁目５番１号",,13,104,1600023,,,,,,,2022-01-25,1,,,,,"プライムワークス",0
975,5011501001522,21,0,2026-09-18,2026-09-16,"国際ユニ株式会社",,301,"東京都","北区","王子２丁目２３番１３号",,13,117,1140002,,,2026-09-16,11,4030001034511,"令和８年９月１日埼玉県さいたま市南区内谷七丁目３番１７号株式会社ツイングロウス（4030001034511）に合併し解散",2015-10-05,1,,,,,"コクサイユニ",0
976,5011502004367,01,1,2026-09-18,2015-10-05,"有限会社ＰＨＹＳＩＣＳＳ",,302,"東京都","北区","中十条１丁目１０番１９号",,13,117,1140032,,,,,,,2015-10-05,0,,,,,"フィジックス",0
977,5011502004367,12,0,2026-09-18,2026-09-15,"有限会社ＰＨＹＳＩＣＳＳ",,302,"茨城県","小美玉市","羽鳥１７０３番地３１９",,08,236,3190123,,,,,,,2015-10-05,1,,,,,"フィジックス",0
978,5011502006355,01,1,2026-09-18,2015-10-05,"ライトグリーン有限会社",,302,"東京都","北区","浮間３丁目１９番２号",,13,117,1150051,,,,,,,2015-10-05,1,,,,,"ライトグリーン",0
979,5011801041508,12,0,2026-09-18,2026-09-08,"株式会社ＢＬＵＥ　ＣＡｐＴｉｏｎ",,301,"東京都","足立区","入谷１丁目２番６－４０３号",,13,121,1210836,,,,,,,2022-11-07,1,,,,,"ブルーキャプション",0
980,5011801043875,21,0,2026-09-18,2026-09-08,"株式会社Ｄｏ　Ｗｅｌｌ　Ｅｓｔａｔｅ",,301,"東京都","足立区","花畑１丁目７番７号",,13,121,1210061,,,2026-09-08,01,,,2024-03-05,1,,,,,"ドゥウェルエステイト",0
981,5011803007589,12,0,2026-09-18,2026-09-08,"地域ケア合同会社",,305,"東京都","葛飾区","亀有４丁目５－１２",,13,122,1250061,,,,,,,2026-08-26,1,,,,,"チイキケア",0
982,5012301010317,01,1,2026-09-18,2015-11-16,"株式会社麒麟",,301,"東京都","町田市","本町田３４５０番地８８",,13,209,1940032,,,,,,,2015-11-16,0,,,,,"キリン",0
983,5012301010317,12,1,2026-09-18,2026-09-14,"株式会社麒麟",,301,"東京都","町田市","中町１丁目２番５号３Ｆ",,13,209,1940021,,,,,,,2015-11-16,1,,,,,"キリン",0
984,5012301015002,01,0,2026-09-18,2026-09-18,"株式会社ＮＵＲＵ　ＭＵ‐ＲＯ",,301,"東京都","町田市","小山ヶ丘４丁目６番地１パテラ多摩境４０５",,13,209,1940215,,,,,,,2026-09-18,1,,,,,"ヌルムーロ",0
985,5012401035874,01,1,2026-09-18,2019-10-28,"株式会社ＡＩＲ　ＤＡＳＨ",,301,"東京都","府中市","白糸台４丁目４８番地の４ＪＯＹ６１９－２０３",,13,206,1830011,,,,,,,2019-10-28,0,,,,,"エアーダッシュ",0
986,5012401035874,12,1,2026-09-18,2020-08-05,"株式会社ＡＩＲ　ＤＡＳＨ",,301,"東京都","府中市","白糸台２丁目６７番地の１シャトレー武蔵野３０３",,13,206,1830011,,,,,,,2019-10-28,0,,,,,"エアーダッシュ",0
987,5012401035874,12,0,2026-09-18,2026-09-14,"株式会社ＡＩＲ　ＤＡＳＨ",,301,"埼玉県","さいたま市中央区","鈴谷４丁目６番１０号",,11,105,3380013,,,,,,,2019-10-28,1,,,,,"エアーダッシュ",0
988,5012402010414,21,0,2026-09-18,2026-09-08,"有限会社上村商店",,302,"東京都","調布市","入間町１丁目１３番地１５",,13,208,1820004,,,2026-09-08,01,,,2015-10-05,1,,,,,"カミムラショウテン",0
989,5012701008233,01,1,2026-09-18,2015-10-05,"株式会社ｅ‐ＦＬＡＧＳ",,301,"東京都","東村山市","萩山町３丁目２２番地３２",,13,213,1890012,,,,,,,2015-10-05,1,,,,,"イーフラッグス",0
990,5012701019643,01,0,2026-09-18,2026-09-18,"株式会社ＩＬＵＭＡＲＩ",,301,"東京都","東久留米市","中央町４丁目１番２１号",,13,222,2030054,,,,,,,2026-09-18,1,,,,,"イルマリ",0
991,5013201017451,12,0,2026-09-18,2026-09-15,"株式会社工作舎",,301,"神奈川県","茅ヶ崎市","柳島海岸８番１号クリオ茅ヶ崎柳島海岸１０３",,14,207,2530063,,,,,,,2015-10-05,1,,,,,"コウサクシャ",0
992,5013202000976,12,0,2026-09-18,2026-09-02,"有限会社リシュ",,302,"東京都","武蔵野市","緑町３丁目７番８号",,13,203,1800012,,,,,,,2015-10-05,1,,,,,"リシュ",0
993,5020001088490,01,1,2026-09-18,2015-10-05,"株式会社マルカ設備",,301,"神奈川県","横浜市神奈川区","菅田町１０４７番地６５",,14,102,2210864,,,,,,,2015-10-05,1,,,,,"マルカセツビ",0
994,5020001101749,01,1,2026-09-18,2015-10-05,"株式会社ロケットベース",,301,"神奈川県","横浜市都筑区","茅ケ崎中央２４番１２",,14,118,2240032,,,,,,,2015-10-05,1,"ROCKET BASE, CO., LTD.","Kanagawa","24-12, Chigasakichuo, Tsuzuki ku Yokohama shi",,,0
995,5020001154615,12,0,2026-09-18,2026-09-02,"株式会社原企画",,301,"神奈川県","川崎市中原区","上小田中２丁目４０番３５号",,14,133,2110053,,,,,,,2023-11-22,1,,,,,"ハラキカク",0
996,5020002029849,21,0,2026-09-18,2026-09-02,"有限会社互恵商事",,302,"神奈川県","横浜市金沢区","六浦２丁目１５番２１号",,14,108,2360031,,,2026-09-02,01,,,2015-10-05,1,,,,,"ゴケイショウジ",0
997,5020002088944,01,1,2026-09-18,2015-10-05,"有限会社光洋企画",,302,"神奈川県","川崎市高津区","新作５丁目２５番５号",,14,134,2130014,,,,,,,2015-10-05,0,,,,,"コウヨウキカク",0
998,5020002088944,21,0,2026-09-18,2026-09-03,"有限会社光洋企画",,302,"神奈川県","川崎市高津区","新作５丁目２５番５号",,14,134,2130014,,,2026-09-03,01,,,2015-10-05,1,,,,,"コウヨウキカク",0
999,5020003005857,01,1,2026-09-18,2015-10-05,"合名会社エルパック",,303,"神奈川県","川崎市中原区","上小田中２丁目３２番１７号",,14,133,2110053,,,,,,,2015-10-05,1,,,,,"エルパック",0
1000,5020003031845,01,0,2026-09-18,2026-09-18,"ワンツリーヒル合同会社",,305,"神奈川県","川崎市中原区","木月２丁目１７－５－４０",,14,133,2110025,,,,,,,2026-09-18,1,,,,,"ワンツリーヒル",0
1001,5021001024122,01,1,2026-09-18,2015-10-05,"オフィス・まかべ株式会社",,301,"神奈川県","厚木市","鳶尾４丁目１６番９号",,14,212,2430204,,,,,,,2015-10-05,0,,,,,"オフィスマカベ",0
1002,5021001024122,12,1,2026-09-18,2022-08-30,"オフィス・まかべ株式会社",,301,"神奈川県","横浜市青葉区","黒須田２４番地１９",,14,117,2250022,,,,,,,2015-10-05,0,,,,,"オフィスマカベ",0
1003,5021001024122,12,1,2026-09-18,2023-09-04,"オフィス・まかべ株式会社",,301,"神奈川県","厚木市","鳶尾４丁目１６番９号",,14,212,2430204,,,,,,,2015-10-05,0,,,,,"オフィスマカベ",0
1004,5021001024122,12,1,2026-09-18,2024-08-19,"オフィス・まかべ株式会社",,301,"山梨県","北杜市","高根町東井出４４９８６－６０４",,19,209,4080003,,,,,,,2015-10-05,0,,,,,"オフィスマカベ",0
1005,5021001024122,12,1,2026-09-18,2024-09-17,"オフィス・まかべ株式会社",,301,"山梨県","北杜市","高根町東井出４９８６－６０４",,19,209,4080003,,,,,,,2015-10-05,1,,,,,"オフィスマカベ",0
1006,5021001030509,12,0,2026-09-18,2026-09-01,"株式会社勇光コーポレーション",,301,"神奈川県","大和市","大和東２丁目６番１８号２０７",,14,213,2420017,,,,,,,2015-10-05,1,,,,,"ユウヒコーポレーション",0
1007,5021001089165,01,0,2026-09-18,2026-09-18,"株式会社ＳＴＯＲＫＹ",,301,"神奈川県","鎌倉市","材木座２丁目３番１号",,14,204,2480013,,,,,,,2026-09-18,1,,,,,"ストーキー",0
1008,5021001089223,01,0,2026-09-18,2026-09-18,"株式会社ＯＣＢ",,301,"神奈川県","小田原市","東町５丁目３番４３ー２号",,14,206,2500003,,,,,,,2026-09-18,1,,,,,"オーシービー",0
1009,5030001174240,01,0,2026-09-18,2026-09-18,"栄光武道具株式会社",,301,"埼玉県","越谷市","千間台東１丁目７番２０号",,11,222,3430042,,,,,,,2026-09-18,1,,,,,"エイコウブドウグ",0
1010,5030001174257,01,0,2026-09-18,2026-09-18,"株式会社ラボリフーズ",,301,"埼玉県","川越市","田町３番地５",,11,201,3501113,,,,,,,2026-09-18,1,,,,,"ラボリフーズ",0
1011,5030002004677,12,0,2026-09-18,2026-09-01,"有限会社ケイユー産商",,302,"埼玉県","さいたま市見沼区","東大宮６丁目６３番地５",,11,104,3370051,,,,,,,2015-10-05,1,,,,,"ケイユーサンショウ",0
1012,5030002031614,01,1,2026-09-18,2015-10-05,"有限会社ユーシン工業",,302,"埼玉県","所沢市","東所沢３丁目３０番地の８",,11,208,3590021,,,,,,,2015-10-05,1,,,,,"ユーシンコウギョウ",0
1013,5030003016688,11,0,2026-09-18,2026-09-03,"合同会社ｏｏｍｏＲｉ",,305,"埼玉県","さいたま市中央区","桜丘１丁目５－１１－５",,11,105,3380005,,,,,,,2021-02-15,1,,,,,"オオモリ",0
1014,5040001008208,01,1,2026-09-18,2015-10-05,"株式会社大成コーポレーション",,301,"千葉県","千葉市中央区","本千葉町４番１０号",,12,101,2600014,,,,,,,2015-10-05,1,,,,,"タイセイコーポレーション",0
1015,5040001034154,12,0,2026-09-18,2026-09-02,"株式会社功樹建設",,301,"千葉県","市川市","鬼越１丁目９番１０号",,12,203,2720022,,,,,,,2015-10-05,1,,,,,"コウキケンセツ",0
1016,5040001047164,12,0,2026-09-18,2026-09-01,"脇さくらコーポレーション株式会社",,301,"千葉県","千葉市中央区","星久喜町２１１番地１",,12,101,2600808,,,,,,,2015-10-05,1,,,,,"ワキサクラコーポレーション",0
1017,5040001058871,01,1,2026-09-18,2015-10-05,"ＤＡＮＩＥＬ株式会社",,301,"千葉県","千葉市若葉区","高品町１９５番地３８",,12,104,2640024,,,,,,,2015-10-05,1,,,,,"ダニエル",0
1018,5040001127412,12,0,2026-09-18,2026-09-16,"株式会社ＯＲＳＫ",,301,"東京都","葛飾区","金町３丁目３１番４号",,13,122,1250042,,,,,,,2023-03-08,1,,,,,"オーアールエスケー",0
1019,5040001144861,01,0,2026-09-18,2026-09-18,"株式会社ＢｉｔＣｉｔｙ",,301,"千葉県","浦安市","北栄１丁目１１番１１号",,12,227,2790002,,,,,,,2026-09-18,1,,,,,"ビットシティ",0
1020,5040001145348,01,0,2026-09-18,2026-09-18,"株式会社Ｗｉｔｈ　Ｐｌｅａｓｕｒｅ",,301,"千葉県","八千代市","緑が丘１丁目１１０６－５",,12,221,2760049,,,,,,,2026-09-18,1,,,,,"ウィズプレジャー",0
1021,5040001145364,01,0,2026-09-18,2026-09-18,"株式会社パトナ",,301,"千葉県","千葉市美浜区","打瀬１丁目７番地４パティオスアバンセ１０５号",,12,106,2610013,,,,,,,2026-09-18,1,,,,,"パトナ",0
1022,5040001145372,01,0,2026-09-18,2026-09-18,"株式会社生光",,301,"千葉県","八千代市","大和田新田９４９番地４５",,12,221,2760046,,,,,,,2026-09-18,1,,,,,"セイコウ",0
1023,5040003030738,01,0,2026-09-18,2026-09-18,"合同会社藤森",,305,"千葉県","大網白里市","みどりが丘３丁目１９番地２３",,12,239,2993255,,,,,,,2026-09-18,1,,,,,"フジモリ",0
1024,5050001020376,21,0,2026-09-18,2026-09-01,"株式会社Ｋ・Ｉ",,301,"茨城県","神栖市","奥野谷７７５０番地２",,08,232,3140116,,,2026-09-01,11,4050003005599,"令和８年９月１日茨城県神栖市奥野谷７７３４番地３ＲＩＣＨ　ＢＩＺ　ＪＡＰＡＮ合同会社（4050003005599）に合併し解散",2015-10-05,1,,,,,"ケイアイ",0
1025,5050001058937,01,0,2026-09-18,2026-09-18,"株式会社ストーリー",,301,"茨城県","日立市","神峰町１丁目１番１３号",,08,202,3170064,,,,,,,2026-09-18,1,,,,,"ストーリー",0
1026,5050001058953,01,0,2026-09-18,2026-09-18,"株式会社ＡＰ",,301,"茨城県","石岡市","東成井８７６番地１",,08,205,3150122,,,,,,,2026-09-18,1,,,,,,0
1027,5050002015879,12,0,2026-09-18,2026-09-10,"有限会社福田工務店",,302,"茨城県","石岡市","行里川１３２１０番４",,08,205,3150022,,,,,,,2015-10-05,1,,,,,"フクダコウムテン",0
1028,5050003010383,01,0,2026-09-18,2026-09-18,"合同会社基礎出版",,305,"茨城県","小美玉市","山野４０７―１３６",,08,236,3113413,,,,,,,2026-09-18,1,,,,,"キソシュッパン",0
1029,5060001009526,01,1,2026-09-18,2015-10-05,"株式会社杉村薬局",,301,"栃木県","真岡市","久下田７７６番地",,09,209,3214521,,,,,,,2015-10-05,1,,,,,"スギムラヤッキョク",0
1030,5060001017974,01,1,2026-09-18,2015-10-05,"株式会社ＢＡＢＡＺＡＩ　ＣＯ．，ＬＴＤ．",,301,"茨城県","筑西市","船玉２２６－６船玉アパート１号棟１０３号",,08,227,3080121,,,,,,,2015-10-05,0,,,,,"ババザイシーオーエルティディー",0
1031,5060001017974,12,1,2026-09-18,2019-07-04,"株式会社ＢＡＢＡＺＡＩ　ＣＯ．，ＬＴＤ．",,301,"茨城県","筑西市","船玉２２６番地２船玉アパート１号棟１０３号",,08,227,3080121,,,,,,,2015-10-05,1,,,,,"ババザイシーオーエルティディー",0
1032,5060001038987,12,0,2026-09-18,2026-09-16,"株式会社ＣｒｏｓｓＢａｓｅ",,301,"東京都","墨田区","京島３丁目４８番４号",,13,107,1310046,,,,,,,2026-02-05,1,,,,,"クロスベース",0
1033,5060002009120,21,0,2026-09-18,2026-09-15,"有限会社谷中商店",,302,"栃木県","宇都宮市","中戸祭１丁目９番１４号",,09,201,3200057,,,2026-09-15,01,,,2026-08-24,1,,,,,"ヤナカショウテン",0
1034,5060002030662,01,1,2026-09-18,2015-10-05,"有限会社セイコーオートサービス",,302,"栃木県","下野市","下古山１１６番地１",,09,216,3290502,,,,,,,2015-10-05,1,,,,,"セイコーオートサービス",0
1035,5060002035026,01,1,2026-09-18,2015-10-05,"有限会社エクセレントパートナーズ",,302,"栃木県","栃木市","吹上町６８９番地２",,09,203,3280125,,,,,,,2015-10-05,0,,,,,"エクセレントパートナーズ",0
1036,5060002035026,12,1,2026-09-18,2016-06-20,"有限会社エクセレントパートナーズ",,302,"栃木県","栃木市","吹上町１６３０番地７",,09,203,3280125,,,,,,,2015-10-05,1,,,,,"エクセレントパートナーズ",0
1037,5070002000482,21,0,2026-09-18,2026-09-11,"有限会社石井型枠",,302,"群馬県","前橋市","野中町２６６番地",,10,201,3792166,,,2026-09-11,01,,,2015-10-05,1,,,,,"イシイカタワク",0
1038,5070003006603,01,0,2026-09-18,2026-09-18,"合同会社甲泉工業",,305,"群馬県","伊勢崎市","西久保町３丁目１１１３番地２０",,10,204,3792204,,,,,,,2026-09-18,1,,,,,"コウセンコウギョウ",0
1039,5080001014656,01,1,2026-09-18,2015-10-05,"石竹水産株式会社",,301,"静岡県","焼津市","中港１丁目１１番９号",,22,212,4250021,,,,,,,2015-10-05,1,,,,,"イシタケスイサン",0
1040,5080003002436,21,0,2026-09-18,2026-08-31,"Ｕ＆Ａ・Ｊａｐａｎ合同会社",,305,"静岡県","静岡市清水区","鳥坂５４３番地",,22,103,4240067,,,2026-08-31,01,,,2020-06-08,1,,,,,"ユーアンドエージャパン",0
1041,5080102002634,12,0,2026-09-18,2026-09-16,"有限会社長倉建設",,302,"東京都","豊島区","南池袋１丁目５番１５号",,13,116,1710022,,,,,,,2015-10-05,1,,,,,"ナガクラケンセツ",0
1042,5080103000983,12,0,2026-09-18,2026-09-09,"ＴＡＯ　Ｌａｂ合同会社",,305,"静岡県","伊東市","八幡野１７５９－３７３大室高原８－４５１",,22,208,4130232,,,,,,,2015-10-05,0,,,,,,0
1043,5080103000983,11,0,2026-09-18,2026-09-09,"ＴＡＯ　ＬＡＢ合同会社",,305,"静岡県","伊東市","八幡野１７５９－３７３大室高原８－４５１",,22,208,4130232,,,,,,,2015-10-05,1,,,,,"タオラボ",0
1044,5080402010758,21,0,2026-09-18,2026-09-10,"有限会社食品館",,302,"静岡県","浜松市中央区","新貝町２３９番地の１",,22,138,4350023,,,2026-09-10,01,,,2015-10-05,1,,,,,"ショクヒンカン",0
1045,5090001003162,01,1,2026-09-18,2015-10-05,"株式会社富士フードサービス",,301,"山梨県","甲斐市","玉川１４３３番地２",,19,210,4000116,,,,,,,2015-10-05,1,,,,,"フジフードサービス",0
1046,5090001006776,12,0,2026-09-18,2026-09-14,"株式会社エムズデザイン",,301,"山梨県","甲府市","上曽根町３６６２番地４３２",,19,201,4001501,,,,,,,2015-10-05,1,,,,,"エムズデザイン",0
1047,5090001015736,12,0,2026-09-18,2026-09-15,"シラキ企画株式会社",,301,"山梨県","上野原市","新田１１４０番地",,19,212,4090113,,,,,,,2018-09-21,1,,,,,"シラキキカク",0
1048,5090001018540,01,1,2026-09-18,2024-02-13,"株式会社Ｎｏｇ",,301,"山梨県","南都留郡山中湖村","平野２１９７－１１５９芙蓉台別荘地６２０号",,19,425,4010502,,,,,,,2024-02-13,1,"Nog Inc.","Yamanashi","Hirano 2197-1159 Fuyodai 620, Yamanakako mura Minamitsuru gun",,"ノグ",0
1049,5100001027911,12,0,2026-09-18,2026-09-15,"株式会社マシニカル",,301,"長野県","駒ヶ根市","赤須東８番１４号",,20,210,3994105,,,,,,,2015-10-05,1,,,,,"マシニカル",0
1050,5110001039897,12,0,2026-09-18,2026-09-14,"株式会社桜コーポレーション",,301,"茨城県","古河市","緑町１９番１３号",,08,204,3060003,,,,,,,2026-02-24,1,,,,,"サクラコーポレーション",0
1051,5120001021268,01,1,2026-09-18,2015-10-05,"株式会社西杭全",,301,"大阪府","大阪市東住吉区","杭全２丁目１３番１７号",,27,121,5460002,,,,,,,2015-10-05,1,,,,,"ニシクマタ",0
1052,5120001061479,71,0,2026-09-18,2026-09-09,"尾家産業株式会社",,301,"大阪府","大阪市北区","豊崎６丁目１１番２７号",,27,127,5310072,,,,,,"令和８年８月３１日茨城県土浦市神立町３６０９番地２、Ａ棟ウェルユー・フード株式会社（8050001055774）を合併",2015-10-05,1,,,,,"オイエサンギョウ",0
1053,5120001127981,01,1,2026-09-18,2015-10-05,"茶谷産業株式会社",,301,"大阪府","大阪市中央区","安土町１丁目８番１５号野村不動産大阪ビル",,27,128,5410052,,,,,,,2015-10-05,0,"T.Chatani & Co.,Ltd.",,,,"チャタニサンギョウ",0
1054,5120001127981,12,1,2026-09-18,2021-02-15,"茶谷産業株式会社",,301,"大阪府","大阪市淀川区","宮原４丁目１番４３号",,27,123,5320003,,,,,,,2015-10-05,1,"T.Chatani & Co.,Ltd.","Osaka","1-43, Miyahara 4-chome, Yodogawa ku Osaka shi",,"チャタニサンギョウ",0
1055,5120001190534,01,1,2026-09-18,2015-10-05,"亜新投資株式会社",,301,"大阪府","大阪市中央区","本町橋６番２１号",,27,128,5400029,,,,,,,2015-10-05,0,,,,,"アシントウキ",0
1056,5120001190534,12,1,2026-09-18,2026-09-15,"亜新投資株式会社",,301,"大阪府","大阪市北区","中之島４丁目３番５１号中之島クロス１１階",,27,127,5300005,,,,,,,2015-10-05,1,,,,,"アシントウキ",0
1057,5120001217188,12,0,2026-09-18,2026-09-14,"ＷＲＤトレード株式会社",,301,"大阪府","大阪市北区","天神橋４丁目７－１３－４０１号室",,27,127,5300041,,,,,,,2018-11-14,1,,,,,"ワールドトレード",0
1058,5120001235487,12,0,2026-09-18,2026-09-14,"株式会社ドリームループ",,301,"大阪府","枚方市","高田２丁目３番１０号",,27,210,5730073,,,,,,,2021-02-25,1,,,,,"ドリームループ",0
1059,5120001244620,12,0,2026-09-18,2026-09-16,"株式会社バンデ・ライン",,301,"大阪府","大阪市平野区","長吉六反３丁目３番５号",,27,126,5470012,,,,,,,2022-03-23,1,,,,,"バンデライン",0
1060,5120001254074,11,0,2026-09-18,2026-09-11,"ＧＣＰペンキケミカル株式会社",,301,"大阪府","大阪市北区","豊崎３丁目１５－５ＴＫビル",,27,127,5310072,,,,,,,2023-04-19,1,,,,,"ジーシーピーペンキケミカル",0
1061,5120001271680,01,1,2026-09-18,2025-01-09,"株式会社ｆｉｘ　ｌａｓｈ",,301,"大阪府","大阪市福島区","海老江８丁目１３番３号エムズコート１０１号室",,27,103,5530001,,,,,,,2025-01-09,0,,,,,"フィックスラッシュ",0
1062,5120001271680,12,1,2026-09-18,2026-01-08,"株式会社ｆｉｘ　ｌａｓｈ",,301,"沖縄県","うるま市","勝連南風原３１８８－２２－Ｂ",,47,213,9042311,,,,,,,2025-01-09,0,,,,,"フィックスラッシュ",0
1063,5120001271680,12,1,2026-09-18,2026-08-24,"株式会社ｆｉｘ　ｌａｓｈ",,301,"沖縄県","中頭郡読谷村","字長浜１７６３－１",,47,324,9040324,,,,,,,2025-01-09,1,,,,,"フィックスラッシュ",0
1064,5120001289203,01,0,2026-09-18,2026-09-18,"株式会社拓新",,301,"大阪府","大阪市中央区","安堂寺町２丁目６番１５－１４０２号",,27,128,5420061,,,,,,,2026-09-18,1,,,,,"タクシン",0
1065,5120002033601,12,0,2026-09-18,2026-09-15,"有限会社アンタイトル",,302,"大阪府","大阪市中央区","平野町１丁目５番９号井上ビル１階",,27,128,5410046,,,,,,,2015-10-05,1,,,,,"アンタイトル",0
1066,5120003027288,21,0,2026-09-18,2026-09-15,"合同会社ＳＩＢ",,305,"大阪府","大阪市中央区","南本町４丁目５番７号東亜ビル５階",,27,128,5410054,,,2026-09-15,01,,,2024-08-14,1,,,,,"エスアイビー",0
1067,5120003033492,01,0,2026-09-18,2026-09-18,"合同会社エイザン",,305,"大阪府","大阪市中央区","内本町１丁目４番６‐２０１号",,27,128,5400026,,,,,,,2026-09-18,1,,,,,"エイザン",0
1068,5120005025785,01,0,2026-09-18,2026-09-18,"行政書士法人ネクストビルド",,399,"大阪府","大阪市北区","曾根崎２丁目８－５、６Ｆ－２９",,27,127,5300057,,,,,,,2026-09-18,1,,,,,"ネクストビルド",0
1069,5120101062352,12,0,2026-09-18,2026-09-14,"株式会社百年商店",,301,"大阪府","大阪市都島区","東野田町２丁目９番１５号山佐ビル４階",,27,102,5340024,,,,,,,2020-09-17,1,,,,,"ヒャクネンショウテン",0
1070,5120101074372,01,0,2026-09-18,2026-09-18,"株式会社Ｓｉｒｉｕｓ",,301,"大阪府","堺市中区","深井沢町３２６３番地",,27,142,5998236,,,,,,,2026-09-18,1,,,,,"シリウス",0
1071,5120101074397,01,0,2026-09-18,2026-09-18,"株式会社樹",,301,"大阪府","松原市","丹南３丁目３番１９号",,27,217,5800013,,,,,,,2026-09-18,1,,,,,"イツキ",0
1072,5120101074406,01,0,2026-09-18,2026-09-18,"株式会社盾と未来",,301,"大阪府","和泉市","伯太町４丁目１５番８号",,27,219,5940023,,,,,,,2026-09-18,1,,,,,"タテトミライ",0
1073,5120901016061,12,0,2026-09-18,2026-09-16,"株式会社皆川設備",,301,"大阪府","門真市","柳田町１８番２３－３号",,27,223,5710038,,,,,,,2015-10-05,1,,,,,"ミナガワセツビ",0
1074,5120901053187,01,0,2026-09-18,2026-09-18,"株式会社ダルマ",,301,"大阪府","吹田市","泉町４丁目３８番４号（２０２）",,27,205,5640041,,,,,,,2026-09-18,1,,,,,"ダルマ",0
1075,5120901053220,01,0,2026-09-18,2026-09-18,"株式会社Ｓｅｉｎａｎ",,301,"大阪府","茨木市","花園１丁目１番１７号",,27,211,5670017,,,,,,,2026-09-18,1,,,,,"セイナン",0
1076,5122005003259,12,0,2026-09-18,2026-09-16,"阪奈家電・住設事業協同組合",,399,"奈良県","橿原市","四分町５６番地",,29,205,6340074,,,,,,,2017-07-12,1,,,,,"ハンナカデンジュウセツ",0
1077,5130001058210,01,1,2026-09-18,2016-09-09,"株式会社ＲｉｇｈｔＬｉｇｈｔ",,301,"京都府","京都市伏見区","桃山町遠山１００番地２１",,26,109,6128012,,,,,,,2016-09-09,1,,,,,"ライトライト",0
1078,5130001083084,01,0,2026-09-18,2026-09-18,"株式会社Ｔ‐すまいる",,301,"京都府","京都市伏見区","羽束師鴨川町３０９－８",,26,109,6128484,,,,,,,2026-09-18,1,,,,,"ティースマイル",0
1079,5140001087778,12,0,2026-09-18,2026-09-16,"株式会社友栄商事",,301,"大阪府","寝屋川市","三井が丘１丁目３番１３－２０２号",,27,215,5720013,,,,,,,2015-10-05,1,,,,,"ユウエイショウジ",0
1080,5140001103485,01,1,2026-09-18,2016-09-27,"株式会社ゴールドスマイルライン",,301,"兵庫県","尼崎市","南塚口町５丁目１５番２６－０５号",,28,202,6610012,,,,,,,2016-09-27,1,,,,,"ゴールドスマイルライン",0
1081,5140002042666,01,1,2026-09-18,2015-10-05,"有限会社丸五恒産",,302,"兵庫県","尼崎市","西長洲町２丁目１９番７号",,28,202,6600805,,,,,,,2015-10-05,1,,,,,"マルゴコウサン",0
1082,5140005027045,12,0,2026-09-18,2026-09-10,"一般社団法人わかば",,399,"兵庫県","丹波篠山市","大沢２丁目９番地７篠山口駅前ビル１０４号",,28,221,6692212,,,,,,,2024-04-19,1,,,,,"ワカバ",0
1083,5170001003674,12,0,2026-09-18,2026-09-15,"株式会社ワッソ物流",,301,"和歌山県","和歌山市","直川５１０番地３",,30,201,6408481,,,,,,,2015-10-05,1,,,,,"ワッソブツリュウ",0
1084,5180001072792,12,0,2026-09-18,2026-09-11,"株式会社ＡＳＡＰプロモーション",,301,"愛知県","名古屋市守山区","幸心１丁目１２６番地１Ａ",,23,113,4630079,,,,,,,2015-10-05,1,,,,,"エーエスエーピープロモーション",0
1085,5180001081884,01,1,2026-09-18,2015-10-05,"株式会社アモン松岡",,301,"愛知県","清須市","廻間３丁目８番地２",,23,233,4520946,,,,,,,2015-10-05,1,,,,,"アモンマツオカ",0
1086,5180001092741,01,1,2026-09-18,2015-10-05,"メイナンマーキング株式会社",,301,"愛知県","大府市","森岡町６丁目３３９番地",,23,223,4740038,,,,,,,2015-10-05,1,,,,,"メイナンマーキング",0
1087,5180001110387,01,1,2026-09-18,2015-10-05,"株式会社メイテックＥＸ",,301,"愛知県","名古屋市西区","康生通２丁目２０番地１",,23,104,4510075,,,,,,,2015-10-05,0,,,,,"メイテックイーエックス",0
1088,5180001110387,12,1,2026-09-18,2025-03-06,"株式会社メイテックＥＸ",,301,"愛知県","名古屋市中区","千代田４丁目２３番２号",,23,106,4600012,,,,,,,2015-10-05,1,,,,,"メイテックイーエックス",0
1089,5180001162899,12,0,2026-09-18,2026-09-01,"ＣＡＳＭＴ　ＪＡＰＡＮ株式会社",,301,"愛知県","稲沢市","正明寺１丁目２－２２番",,23,220,4928145,,,,,,,2024-08-16,1,,,,,"カスマットジャパン",0
1090,5180001172386,12,0,2026-09-18,2026-09-11,"株式会社喜戸建装",,301,"愛知県","知多郡阿久比町","大字宮津字石下根２５番地２",,23,441,4702204,,,,,,,2026-06-17,1,,,,,"キドケンソウ",0
1091,5180002082519,12,0,2026-09-18,2026-09-07,"有限会社ピットイン",,302,"愛知県","名古屋市千種区","仲田２丁目１９番１８号マノアールナカタ６０１号",,23,101,4640074,,,,,,,2015-10-05,1,,,,,"ピットイン",0
1092,5180301021672,11,0,2026-09-18,2026-09-01,"株式会社Ｌｅａ．Ｌｉｔ",,301,"愛知県","豊田市","若林東町棚田１６２番地１２",,23,211,4730914,,,,,,,2015-10-05,1,,,,,"レアリット",0
1093,5180301033627,12,0,2026-09-18,2026-09-07,"株式会社エディくろ",,301,"愛知県","岡崎市","小呂町字１丁目４５番地",,23,202,4440009,,,,,,,2020-04-09,1,,,,,"エディクロ",0
1094,5180301036183,12,0,2026-09-18,2026-09-07,"株式会社ＫＣプロデュース",,301,"愛知県","西尾市","寄住町灯籠下４３番地１",,23,213,4450073,,,,,,,2022-05-02,1,,,,,"ケーシープロデュース",0
1095,5180302012398,21,0,2026-09-18,2026-09-04,"有限会社興進建設",,302,"愛知県","豊橋市","瓜郷町一新替３７番地の１１",,23,201,4400092,,,2026-09-04,01,,,2015-10-05,1,,,,,"コウシンケンセツ",0
1096,5190001033447,01,0,2026-09-18,2026-09-18,"こころグループホールディングス株式会社",,301,"三重県","四日市市","東坂部町５３番地１",,24,202,5120904,,,,,,,2026-09-18,1,,,,,"ココログループホールディングス",0
1097,5200001008422,01,1,2026-09-18,2015-10-05,"株式会社アイジェイアイ",,301,"岐阜県","各務原市","蘇原菊園町４丁目１４番地３",,21,213,5040823,,,,,,,2015-10-05,1,,,,,"アイジェイアイ",0
1098,5200001045481,01,0,2026-09-18,2026-09-18,"株式会社ポテンシャル",,301,"岐阜県","岐阜市","金町６丁目２１番地岐阜ステーションビル３０４",,21,201,5008842,,,,,,,2026-09-18,1,,,,,"ポテンシャル",0
1099,5200002006391,12,0,2026-09-18,2026-09-11,"有限会社勝手屋",,302,"愛知県","名古屋市中区","大須４丁目７番２５号",,23,106,4600011,,,,,,,2015-10-05,1,,,,,"カッテヤ",0
1100,5200002006706,21,0,2026-09-18,2026-09-14,"有限会社ＧＥＴビジネス学習舘",,302,"岐阜県","岐阜市","入舟町３丁目２０番ｅｃｈｏビル１階",,21,201,5008152,,,2026-09-14,01,,,2015-10-05,1,,,,,,0
1101,5200002013891,01,1,2026-09-18,2015-10-05,"有限会社大橋水道",,302,"岐阜県","養老郡養老町","金屋４０７番地４",,21,341,5031339,,,,,,,2015-10-05,1,,,,,"オオハシスイドウ",0
1102,5200003007471,01,0,2026-09-18,2026-09-18,"リアン・ファースト・コンサルタント合同会社",,305,"岐阜県","各務原市","那加新那加町２７－８－６０１",,21,213,5040961,,,,,,,2026-09-18,1,,,,,"リアンファーストコンサルタント",0
1103,5200005013922,01,0,2026-09-18,2026-09-18,"司法書士法人はなまる事務所",,399,"岐阜県","中津川市","落合１００番地の８",,21,206,5080006,,,,,,,2026-09-18,1,,,,,"ハナマルジムショ",0
1104,5210002000377,01,1,2026-09-18,2015-10-05,"有限会社岩武",,302,"福井県","福井市","和田３丁目２０３番地",,18,201,9188238,,,,,,,2015-10-05,1,,,,,"イワタケ",0
1105,5230001007198,01,1,2026-09-18,2015-10-05,"株式会社北陸プラント建設",,301,"富山県","魚津市","道坂１０３番地の２",,16,204,9370031,,,,,,,2015-10-05,1,,,,,"ホクリクプラントケンセツ",0
1106,5230001018567,12,0,2026-09-18,2026-09-15,"株式会社ユニバーサルバンク",,301,"東京都","渋谷区","神宮前６丁目１９番１５号",,13,113,1500001,,,,,,,2020-12-02,1,,,,,"ユニバーサルバンク",0
1107,5240001067051,01,0,2026-09-18,2026-09-18,"結ノ葉株式会社",,301,"広島県","福山市","御門町２丁目８番２２－４０４号",,34,207,7200805,,,,,,,2026-09-18,1,,,,,"ユイノハ",0
1108,5240002023953,21,0,2026-09-18,2026-09-16,"有限会社いちよんさん",,302,"広島県","広島市安佐北区","可部南４丁目２３番２５号",,34,106,7310223,,,2026-09-16,01,,,2015-10-05,1,,,,,"イチヨンサン",0
1109,5240003007922,01,0,2026-09-18,2026-09-18,"合同会社Ｍａｋａｈｏｕ",,305,"広島県","広島市安佐南区","毘沙門台３丁目１７番５号",,34,105,7310152,,,,,,,2026-09-18,1,,,,,"マカホウ",0
1110,5250005002111,01,1,2026-09-18,2015-10-05,"社会福祉法人あそか童園",,399,"山口県","宇部市","山門５丁目１番１号",,35,202,7550077,,,,,,,2015-10-05,0,,,,,"アソカドウエン",0
1111,5250005002111,11,1,2026-09-18,2018-07-02,"社会福祉法人向学会",,399,"山口県","宇部市","山門５丁目１番１号",,35,202,7550077,,,,,,,2015-10-05,0,,,,,,0
1112,5250005002111,12,1,2026-09-18,2020-06-08,"社会福祉法人向学会",,399,"山口県","宇部市","山門５丁目８番１８号",,35,202,7550077,,,,,,,2015-10-05,1,,,,,,0
1113,5260001033175,21,0,2026-09-18,2026-09-16,"株式会社Ａ＆Ｈ",,301,"岡山県","岡山市北区","中山下１丁目３番３号",,33,101,7000821,,,2026-09-16,01,,,2019-05-29,1,,,,,"エーアンドエイチ",0
1114,5260002029081,01,1,2026-09-18,2015-10-05,"有限会社波商店",,302,"岡山県","津山市","大手町４番地の１３",,33,203,7080023,,,,,,,2015-10-05,1,,,,,"ナミショウテン",0
1115,5260003002021,21,0,2026-09-18,2026-09-17,"合同会社ＡＮＤＯ",,305,"岡山県","岡山市北区","表町２丁目２番５６号",,33,101,7000822,,,2026-09-17,01,,,2016-06-08,1,,,,,"アンドー",0
1116,5290001028288,71,0,2026-09-18,2026-09-01,"株式会社プロシス",,301,"福岡県","福岡市南区","向野２丁目１１番１０号",,40,134,8150035,,,,,,"令和８年９月１日福岡市早良区百道浜二丁目３番２号有限会社ファシリティメンテナンス共栄（1290002021840）を合併令和８年９月１日福岡市南区向野二丁目１１番１０号有限会社オフィスサービス共栄（6290002020813）を合併",2015-10-05,1,,,,,"プロシス",0
1117,5290001051026,01,1,2026-09-18,2015-10-05,"株式会社タナカエンジニア",,301,"福岡県","久留米市","城島町江上上７９４番地２",,40,203,8300212,,,,,,,2015-10-05,1,,,,,"タナカエンジニア",0
1118,5290001101177,12,0,2026-09-18,2026-09-08,"株式会社高井美和",00130113,301,"福岡県","春日市","春日原東町２丁目７番地２階",,40,218,8160801,,,,,,,2023-04-14,1,,,,,"タカイミワ",0
1119,5290002029491,21,0,2026-09-18,2026-09-04,"有限会社あおば",,302,"福岡県","福岡市東区","みどりが丘３丁目１番２５号",,40,131,8130021,,,2026-09-04,01,,,2015-10-05,1,,,,,"アオバ",0
1120,5290002055892,01,1,2026-09-18,2015-10-05,"有限会社モリ建設",,302,"福岡県","大牟田市","大字久福木７３６番地５",,40,202,8370915,,,,,,,2015-10-05,1,,,,,"モリケンセツ",0
1121,5290003007463,01,1,2026-09-18,2017-08-29,"合同会社月組",,305,"福岡県","福岡市西区","北原１丁目１０－２",,40,135,8190379,,,,,,,2017-08-29,0,,,,,"ツキグミ",0
1122,5290003007463,12,1,2026-09-18,2026-09-07,"合同会社月組",,305,"福岡県","福岡市早良区","南庄６丁目２１番２６－６０３号",,40,137,8140031,,,,,,,2017-08-29,1,,,,,"ツキグミ",0
1123,5290801022738,01,1,2026-09-18,2016-07-14,"株式会社萬楽",,301,"福岡県","北九州市小倉北区","中津口１丁目１０番４５－９０３号",,40,106,8020018,,,,,,,2016-07-14,0,,,,,"マンラク",0
1124,5290801022738,12,1,2026-09-18,2016-12-28,"株式会社萬楽",,301,"福岡県","北九州市小倉北区","清水３丁目１３番３９－７０１号",,40,106,8030841,,,,,,,2016-07-14,1,,,,,"マンラク",0
1125,5290802019584,01,1,2026-09-18,2015-10-05,"株式会社若松花のチモト",,301,"福岡県","北九州市若松区","本町２丁目３番２３号",,40,103,8080034,,,,,,,2015-10-05,1,,,,,"ワカマツハナノチモト",0
1126,5300001013107,21,0,2026-09-18,2026-09-17,"株式会社アークプロジェクト",,301,"佐賀県","佐賀市","中の小路７番３号",,41,201,8400833,,,2026-09-17,01,,,2022-10-28,1,,,,,"アークプロジェクト",0
1127,5310001006349,01,1,2026-09-18,2015-10-05,"株式会社シー・アール・ピー",,301,"長崎県","佐世保市","戸尾町６番１９号",,42,202,8570864,,,,,,,2015-10-05,1,,,,,"シーアールピー",0
1128,5320002017039,01,1,2026-09-18,2015-10-05,"有限会社東和宅建",,302,"大分県","佐伯市","長島町１丁目２３番１６号",,44,205,8760813,,,,,,,2015-10-05,1,,,,,"トウワタッケン",0
1129,5330005007952,21,0,2026-09-18,2026-09-14,"一般財団法人創造くまもと",,399,"熊本県","熊本市中央区","安政町５番９号",,43,101,8600801,,,2026-09-14,01,,,2015-10-05,1,,,,,"ソウゾウクマモト",0
1130,5340001016246,21,0,2026-09-18,2026-09-03,"株式会社保険サービス未来",,301,"埼玉県","さいたま市緑区","原山４丁目２８番１号３０３",,11,109,3360931,,,2026-09-03,01,,,2015-10-05,1,,,,,"ホケンサービスミライ",0
1131,5350001008044,21,0,2026-09-18,2026-09-10,"株式会社東京物流商事",,301,"宮崎県","都城市","鷹尾３丁目４街区６号",,45,202,8850081,,,2026-09-10,01,,,2015-10-05,1,,,,,"トウキョウブツリュウショウジ",0
1132,5350003005295,01,0,2026-09-18,2026-09-18,"Ｓ‐ＳＴＹＬＥ合同会社",,305,"宮崎県","宮崎市","清武町加納乙３１０番地１３",,45,201,8891605,,,,,,,2026-09-18,1,,,,,"エススタイル",0
1133,5360001006682,01,1,2026-09-18,2015-10-05,"株式会社遠東企画",,301,"沖縄県","島尻郡南風原町","字宮平４９６番地の２３",,47,350,9011104,,,,,,,2015-10-05,1,,,,,,0
1134,5360001035517,12,0,2026-09-18,2026-09-11,"株式会社ニクロッツ",,301,"沖縄県","那覇市","久茂地３丁目２４番９号",,47,201,9000015,,,,,,,2025-07-18,1,,,,,"ニクロッツ",0
1135,5360003011020,12,0,2026-09-18,2026-08-25,"ＣＥＳ鳥取太陽光発電所合同会社",,305,"東京都","中央区","銀座８丁目１８番７－６０６号",,13,102,1040061,,,,,,,2021-03-31,1,,,,,"シーイーエストットリタイヨウコウハツデンショ",0
1136,5360003016168,01,0,2026-09-18,2026-09-18,"合同会社Ｋ’ｓ企画",,305,"沖縄県","那覇市","小禄１丁目２１番２４号ＲｅａｎｇｅＮＡＨＡ３０１",,47,201,9010152,,,,,,,2026-09-18,1,,,,,"ケーズキカク",0
1137,5370003004394,01,1,2026-09-18,2019-02-08,"合同会社ＭＳＴ",,305,"宮城県","仙台市宮城野区","福室字久保野一番１６番",,04,102,9830005,,,,,,,2019-02-08,0,,,,,"エムエスティ",0
1138,5370003004394,12,1,2026-09-18,2019-12-25,"合同会社ＭＳＴ",,305,"宮城県","仙台市宮城野区","岩切字鴻巣３０－３",,04,102,9830821,,,,,,,2019-02-08,0,,,,,"エムエスティ",0
1139,5370003004394,12,1,2026-09-18,2023-04-03,"合同会社ＭＳＴ",,305,"宮城県","宮城郡利府町","花園１丁目４番地２",,04,406,9810132,,,,,,,2019-02-08,0,,,,,"エムエスティ",0
1140,5370003004394,12,1,2026-09-18,2026-09-08,"合同会社ＭＳＴ",,305,"宮城県","仙台市宮城野区","田子１丁目１１番３５号メゾン田子１０１号",,04,102,9830021,,,,,,,2019-02-08,1,,,,,"エムエスティ",0
1141,5380001016531,12,0,2026-09-18,2026-09-09,"ササモク株式会社",,301,"福島県","福島市","南沢又字上番匠田１２番地の２６",,07,201,9608254,,,,,,,2015-10-05,1,,,,,"ササモク",0
1142,5380002004015,01,1,2026-09-18,2015-10-05,"有限会社ワイ・シー福島北部",,302,"福島県","福島市","笹谷字清水１番地の１１",,07,201,9600241,,,,,,,2015-10-05,1,,,,,"ワイシーフクシマホクブ",0
1143,5380002005194,21,0,2026-09-18,2026-09-15,"有限会社桑折自動車整備工場",,302,"福島県","伊達郡桑折町","大字成田字元宿１２番地の３",,07,301,9691652,,,2026-09-15,01,,,2015-10-05,1,,,,,"コオリジドウシャセイビコウジョウ",0
1144,5380005013120,01,0,2026-09-18,2026-09-18,"特定非営利活動法人Ｗｏｍｂｉｚ　Ｌｉｎｋ",,399,"福島県","郡山市","田村町守山字カカヤ坦２８６番地の３",,07,203,9631155,,,,,,,2026-09-18,1,,,,,"ウーマンビズリンク",0
1145,5390002011596,01,1,2026-09-18,2015-10-05,"有限会社井澤土木",,302,"山形県","村山市","大字稲下１１９３番地",,06,208,9950204,,,,,,,2015-10-05,1,,,,,"イザワドボク",0
1146,5420001019653,01,0,2026-09-18,2026-09-18,"株式会社ＦＤ１",,301,"青森県","青森市","虹ケ丘１丁目３番地１０",,02,201,0300948,,,,,,,2026-09-18,1,,,,,,0
1147,5420005005476,21,0,2026-09-18,2026-09-14,"学校法人弘前厚生学院",,399,"青森県","弘前市","大字御幸町８番地１０",,02,202,0368185,,,2026-09-14,01,,,2015-10-05,1,,,,,"ヒロサキコウセイガクイン",0
1148,5430001097731,01,0,2026-09-18,2026-09-18,"株式会社ＥＬ",,301,"北海道","札幌市中央区","南六条西７丁目５－２第８２松井ビル１０１号室",,01,101,0640806,,,,,,,2026-09-18,1,,,,,"イーエル",0
1149,5430005009914,01,1,2026-09-18,2015-10-05,"道南バス労働組合",,399,"北海道","室蘭市","東町３丁目２８番２号",,01,205,0500083,,,,,,,2015-10-05,0,,,,,,0
1150,5430005009914,11,1,2026-09-18,2017-04-28,"日本私鉄労働組合総連合会北海道地方労働組合道南バス支部",,399,"北海道","室蘭市","東町３丁目２８番２号",,01,205,0500083,,,,,,,2015-10-05,1,,,,,"ニホンシテツソウレンゴウカイホッカイドウチホウロウドウクミアイドウナンバスシブ",0
1151,5440002003951,21,0,2026-09-18,2026-09-17,"有限会社ドーエープラス",,302,"北海道","函館市","本通３丁目１６番４号",,01,202,0410851,,,2026-09-17,01,,,2015-10-05,1,,,,,,0
1152,5440003001806,01,0,2026-09-18,2026-09-18,"合同会社Ｂｒａｖｅｒｙ",,305,"北海道","函館市","高松町５３３番地４３",,01,202,0420952,,,,,,,2026-09-18,1,,,,,"ブラベリー",0
1153,5450001015063,01,0,2026-09-18,2026-09-18,"株式会社美心堂",,301,"北海道","旭川市","旭町二条７丁目２５番地の１９０",,01,204,0700832,,,,,,,2026-09-18,1,,,,,"ビシンドウ",0
1154,5470001017181,11,0,2026-09-18,2026-09-10,"株式会社ＴＯＭＭＹ　ＰＥＡＲＬ",,301,"徳島県","徳島市","沖浜東２丁目４５番地",,36,201,7708053,,,,,,,2018-12-05,1,,,,,,0
1155,5470001018469,21,0,2026-09-18,2026-09-17,"株式会社さぬき玉浦",,301,"香川県","さぬき市","前山９３６番地１３",,37,206,7692305,,,2026-09-17,01,,,2021-04-09,1,,,,,"サヌキタマウラ",0
1156,5470001021431,01,0,2026-09-18,2026-09-18,"ＪＥＮＯＶＡ株式会社",,301,"香川県","観音寺市","凪瀬町７番地１",,37,205,7680077,,,,,,,2026-09-18,1,,,,,"ジェノヴァ",0
1157,5470002009772,11,0,2026-09-18,2026-09-15,"有限会社ＹＡＳＨＡ",,302,"香川県","高松市","香川町川東下４６２番地２",,37,201,7611705,,,,,,,2015-10-05,1,,,,,"ヤシャ",0
1158,5480001010499,11,0,2026-09-18,2026-08-10,"ＨＩＫＡＲＩ　ＣＡＰＩＴＡＬ株式会社",,301,"東京都","品川区","小山４丁目９番１２号ＴＨハイム１０１",,13,109,1420062,,,,,,,2018-10-05,1,,,,,"ヒカリキャピタル",0
1159,5490001011439,01,0,2026-09-18,2026-09-18,"株式会社ＶＥＬＶＥＴ",,301,"高知県","高知市","追手筋１丁目５番２１号サンフィールドビル３Ｆ西",,39,201,7800842,,,,,,,2026-09-18,1,,,,,"ベルベット",0
1160,5490002003773,01,1,2026-09-18,2015-10-05,"有限会社中嶋電器",,302,"高知県","高知市","北本町２丁目４番６号",,39,201,7800056,,,,,,,2015-10-05,1,,,,,"ナカジマデンキ",0
1161,5490002009366,12,0,2026-09-18,2026-09-14,"有限会社ユウ・シビル",,302,"高知県","高知市","はりまや町１丁目２番１２号ビ・ウェル京町５０４号",,39,201,7800822,,,,,,,2015-10-05,1,,,,,"ユウシビル",0
1162,5500001020181,01,1,2026-09-18,2016-11-16,"新泰発展株式会社",,301,"愛媛県","松山市","勝山町２丁目１５番地４",,38,201,7900878,,,,,,,2016-11-16,0,,,,,"シンタイハッテン",0
1163,5500001020181,12,1,2026-09-18,2016-12-08,"新泰発展株式会社",,301,"愛媛県","西条市","丹原町池田１７６７番地４",,38,206,7910508,,,,,,,2016-11-16,1,,,,,"シンタイハッテン",0
1164,5700150134191,13,0,2026-09-18,2026-04-27,"Ｃｈｕａｎｇｙｉｈｕｉ　Ｓｈｅｎｚｈｅｎ　Ｔｅｃｈｎｏｌｏｇｙ　Ｃｏ．，Ｌｔｄ",,401,,,,,,,,"Ｒｏｏｍ　３１０４，Ｕｎｉｔ　１，Ｂｕｉｌｄｉｎｇ　１，Ｚｈｏｎｇｓｈｅｎｇ　Ｌａｎｄ　Ｂｕｉｌｄｉｎｇ，Ｎｏ．９９　Ｌｏｎｇｇｕａｎ　Ｗｅｓｔ　Ｒｏａｄ，Ｇａｏｆｅｎｇ　Ｃｏｍｍｕｎｉｔｙ，Ｄａｌａｎｇ　Ｓｕｂｄｉｓｔｒｉｃｔ，Ｌｏｎｇｈｕａ　Ｄｉｓｔｒｉｃｔ，Ｓｈｅｎｚｈｅｎ，Ｇｕａｎｇｄｏｎｇ，Ｃｈｉｎａ　５１８１０９",,,,,,2026-01-28,1,,,,,"チュアンイーホイシンセンテクノロジーカンパニーリミテッド",0
1165,6010001034032,01,1,2026-09-18,2015-10-05,"株式会社東京営業部",,301,"東京都","千代田区","外神田６丁目１０番地８号",,13,101,1010021,,,,,,,2015-10-05,0,,,,,,0
1166,6010001034032,12,1,2026-09-18,2019-05-09,"株式会社東京営業部",,301,"千葉県","柏市","新富町２丁目８番１２号",,12,217,2770856,,,,,,,2015-10-05,1,,,,,,0
1167,6010001048783,01,1,2026-09-18,2015-10-05,"富士フイルムＲＩファーマ株式会社",,301,"東京都","中央区","京橋２丁目１４番１号",,13,102,1040031,,,,,,,2015-10-05,0,,"Tokyo","2-14-1 Kyobashi, Chuo ku",,"フジフイルムアールアイファーマ",0
1168,6010001048783,11,1,2026-09-18,2018-10-03,"富士フイルム富山化学株式会社",,301,"東京都","中央区","京橋２丁目１４番１号",,13,102,1040031,,,,,,,2015-10-05,0,"FUJIFILM Toyama Chemical Co., Ltd.","Tokyo","2-14-1 Kyobashi, Chuo ku",,"フジフイルムトヤマカガク",0
1169,6010001048783,71,1,2026-09-18,2018-10-03,"富士フイルム富山化学株式会社",,301,"東京都","中央区","京橋２丁目１４番１号",,13,102,1040031,,,,,,"平成３０年１０月１日東京都新宿区西新宿三丁目２番５号富山化学工業株式会社（8011101014590）を合併平成３０年１０月１日東京都港区西麻布二丁目２６番３０号セルラー・ダイナミクス・インターナショナル・ジャパン株式会社（5010401120762）を合併",2015-10-05,1,"FUJIFILM Toyama Chemical Co., Ltd.","Tokyo","2-14-1 Kyobashi, Chuo ku",,"フジフイルムトヤマカガク",0
1170,6010001130855,01,1,2026-09-18,2015-10-05,"株式会社サン・ビジュアル・コミュニケーション",,301,"東京都","中央区","銀座８丁目１８番地４号東銀座ビル４階",,13,102,1040061,,,,,,,2015-10-05,0,,,,,"サンビジュアルコミュニケーション",0
1171,6010001130855,12,1,2026-09-18,2020-12-01,"株式会社サン・ビジュアル・コミュニケーション",,301,"東京都","中央区","銀座８丁目１８番地４号東銀座ビル３階",,13,102,1040061,,,,,,,2015-10-05,0,,,,,"サンビジュアルコミュニケーション",0
1172,6010001130855,12,0,2026-09-18,2026-09-15,"株式会社サン・ビジュアル・コミュニケーション",,301,"千葉県","白井市","南山１丁目５番４棟１０１号",,12,232,2701423,,,,,,,2015-10-05,1,,,,,"サンビジュアルコミュニケーション",0
1173,6010001169448,12,0,2026-09-18,2026-08-12,"株式会社Ｇｒａｃｅ　ｏｆ　Ｊａｐａｎ",,301,"東京都","中央区","銀座６丁目１３番９号ｂｉｚｃｕｂｅ",,13,102,1040061,,,,,,,2015-10-05,0,,,,,,0
1174,6010001169448,11,0,2026-09-18,2026-08-12,"株式会社Ｇｒａｃｅ　ｏｆ　Ｊａｐａｎ　Ｇｌｏｂａｌ",,301,"東京都","中央区","銀座６丁目１３番９号ｂｉｚｃｕｂｅ",,13,102,1040061,,,,,,,2015-10-05,1,,,,,"グレースオブジャパングローバル",0
1175,6010001185387,71,0,2026-09-18,2026-09-07,"株式会社フォレストック",,301,"東京都","千代田区","永田町２丁目１１番１号",,13,101,1000014,,,,,,"令和８年９月１日東京都千代田区永田町二丁目１１番１号株式会社フォレストック東日本（8010001203799）を合併令和８年９月１日東京都千代田区永田町二丁目１１番１号株式会社フォレストック西日本（9010001203798）を合併令和８年９月１日東京都千代田区永田町二丁目１１番１号株式会社フォレストック東海（4010001207093）を合併令和８年９月１日東京都千代田区永田町二丁目１１番１号株式会社フォレストック九州（5010001207092）を合併",2017-08-14,1,,,,,"フォレストック",0
1176,6010001226918,12,0,2026-09-18,2026-09-14,"三軒貿易株式会社",,301,"神奈川県","藤沢市","辻堂新町１丁目１－２－５Ｆ",,14,205,2510042,,,,,,,2022-05-27,1,,,,,"サンケンボウエキ",0
1177,6010001251544,01,1,2026-09-18,2025-01-20,"ソラナリンク株式会社",,301,"東京都","文京区","本駒込４丁目３９番４－３０２号",,13,105,1130021,,,,,,,2025-01-20,0,"SolanaLink Co., Ltd.",,,,"ソラナリンク",0
1178,6010001251544,12,1,2026-09-18,2025-12-05,"ソラナリンク株式会社",,301,"東京都","新宿区","西早稲田３丁目１３番３号ＧＣ西早稲田１０１号",,13,104,1690051,,,,,,,2025-01-20,1,"SolanaLink Co., Ltd.","Tokyo","3-13-3, Nishiwaseda, GC Nishiwaseda 101, Shinjuku ku",,"ソラナリンク",0
1179,6010001268860,01,0,2026-09-18,2026-09-18,"株式会社成和",,301,"東京都","千代田区","神田紺屋町４３番地共同ビル",,13,101,1010035,,,,,,,2026-09-18,1,,,,,"セイワ",0
1180,6010003012894,01,1,2026-09-18,2015-10-05,"合同会社ＪＬＩＮＥ　ＣＯ．ＬＴＤ",,305,"東京都","台東区","台東１丁目９番４号",,13,106,1100016,,,,,,,2015-10-05,1,,,,,"ジェイラインコーポレットリミテッド",0
1181,6010003033148,12,0,2026-09-18,2026-09-09,"株式会社ＴＳＵＩＤＥ",,301,"東京都","千代田区","平河町２丁目１６番１号平河町森タワー",,13,101,1020093,,,,,,,2020-10-01,1,,,,,"ツイデ",0
1182,6010003042207,01,1,2026-09-18,2023-11-15,"Ｍａｒｉａｎａ　Ｂｌｕｅ　Ｓｏｕｎｄ合同会社",,305,"東京都","文京区","本駒込５丁目５９番１３号",,13,105,1130021,,,,,,,2023-11-15,1,"Mariana Blue Sound LLC","Tokyo","5-59-13, Honkomagome, Bunkyo ku",,"マリアナブルーサウンド",0
1183,6010005042345,01,0,2026-09-18,2026-09-18,"一般社団法人ＭＲ４Ａコンソーシアム",,399,"東京都","文京区","本郷１丁目１番１９号元町ウェルネスパーク西館２０９号室",,13,105,1130033,,,,,,,2026-09-18,1,,,,,"エムアールフォーエーコンソーシアム",0
1184,6010005042436,01,0,2026-09-18,2026-09-18,"一般社団法人トリニティカナダ",,399,"東京都","中央区","日本橋１丁目４番１号",,13,102,1030027,,,,,,,2026-09-18,1,,,,,"トリニティカナダ",0
1185,6010101016450,01,1,2026-09-18,2024-12-16,"株式会社ＵＲＢＡＮ　ＧＡＲＡＧＥ",,301,"東京都","八王子市","丸山町３１－３４",,13,201,1920021,,,,,,,2024-12-16,1,,,,,"アーバンガレージ",0
1186,6010401078100,12,0,2026-09-18,2026-08-25,"株式会社ティー・エム・ディー",,301,"東京都","新宿区","高田馬場４丁目２番３３号龍ビル２０１",,13,104,1690075,,,,,,,2015-10-05,1,,,,,"ティーエムディー",0
1187,6010401091202,12,0,2026-09-18,2026-08-31,"株式会社タケエイエナジー＆パーク",,301,"東京都","港区","芝浦１丁目１番１号",,13,103,1050023,,,,,,,2015-10-05,1,,,,,"タケエイエナジーアンドパーク",0
1188,6010401106819,11,0,2026-09-18,2026-09-01,"Ｋｉｒａｋｕアセットマネジメント株式会社",,301,"東京都","港区","赤坂２丁目１１番２号",,13,103,1070052,,,,,,,2015-10-05,1,,,,,"キラクアセットマネジメント",0
1189,6010401170625,01,1,2026-09-18,2022-11-07,"株式会社アールスクエア",,301,"東京都","港区","六本木３丁目１１番６号２１泰明ビル５階",,13,103,1060032,,,,,,,2022-11-07,1,,,,,"アールスクエア",0
1190,6010401202056,01,0,2026-09-18,2026-09-18,"Ｋ＆Ｃ株式会社",,301,"東京都","港区","新橋３丁目５番６号",,13,103,1050004,,,,,,,2026-09-18,1,,,,,"ケーアンドシー",0
1191,6010401202213,01,0,2026-09-18,2026-09-18,"株式会社研",,301,"東京都","港区","六本木３丁目６番９号Ｋ２ビル",,13,103,1060032,,,,,,,2026-09-18,1,,,,,"ケン",0
1192,6010401202221,01,0,2026-09-18,2026-09-18,"株式会社ＡＣ‐２１",,301,"東京都","港区","麻布台１丁目１番２号麻布台ヒルズＳ－Ｏｆｆｉｃｅ５１４",,13,103,1060041,,,,,,,2026-09-18,1,,,,,"エーシートゥエンティーワン",0
1193,6010402020028,12,0,2026-09-18,2026-09-16,"有限会社デザート",,302,"東京都","練馬区","豊玉中２丁目１０－８ファミーユ豊玉４０１号",,13,120,1760013,,,,,,,2015-10-05,1,,,,,,0
1194,6010403018987,12,0,2026-09-18,2026-08-20,"シリウス・ソーラー・ジャパン４７合同会社",,305,"東京都","港区","赤坂１丁目１２番３２号アーク森ビル東京国際法律事務所内",,13,103,1070052,,,,,,,2018-07-23,1,,,,,"シリウスソーラージャパンヨンジュウナナ",0
1195,6010403019713,12,0,2026-09-18,2026-08-20,"シリウス・ソーラー・ジャパン６１合同会社",,305,"東京都","港区","赤坂１丁目１２番３２号アーク森ビル東京国際法律事務所内",,13,103,1070052,,,,,,,2018-11-20,1,,,,,"シリウスソーラージャパンロクジュウイチ",0
1196,6010403037772,12,0,2026-09-18,2026-08-21,"合同会社ＦＡＩＲＹ　ＧＵＩＬＤ",,305,"東京都","港区","六本木４丁目８番７号六本木嶋田ビル",,13,103,1060032,,,,,,,2026-04-09,0,,,,,"フェアリーギルド",0
1197,6010403037772,11,0,2026-09-18,2026-08-21,"ＦＡＩＲＹＴＡＩＬ　ＢＥＡＵＴＥ合同会社",,305,"東京都","港区","六本木４丁目８番７号六本木嶋田ビル",,13,103,1060032,,,,,,,2026-04-09,1,,,,,,0
1198,6010403039109,01,0,2026-09-18,2026-09-18,"Ｍｏｎ　Ｓｏｕｒｉｒｅ合同会社",,305,"東京都","港区","浜松町２丁目２番１５号浜松町ダイヤビル２Ｆ",,13,103,1050013,,,,,,,2026-09-18,1,,,,,"モンスリール",0
1199,6010403039117,01,0,2026-09-18,2026-09-18,"ソーラーブリッジ３号合同会社",,305,"東京都","港区","赤坂２丁目１５番１５－７０３号ＦＯＲＴＥＱ内",,13,103,1070052,,,,,,,2026-09-18,1,,,,,"ソーラーブリッジサンゴウ",0
1200,6010405019967,21,0,2026-09-18,2026-08-31,"一般社団法人ながとろ町太陽光発電",,399,"東京都","港区","虎ノ門３丁目２２番１０－２０１号",,13,103,1050001,,,2026-08-31,01,,,2021-07-01,1,,,,,"ナガトロマチタイヨウコウハツデン",0
1201,6010405021601,21,0,2026-09-18,2026-09-01,"ジー・エイ・ワン・レジデンス・ワン一般社団法人",,399,"東京都","港区","六本木１丁目９番１０号アークヒルズ仙石山森タワー４０階",,13,103,1060032,,,2026-09-01,01,,,2022-11-18,1,,,,,"ジーエイワンレジデンスワン",0
1202,6010405023878,11,0,2026-09-18,2026-09-10,"京浜島東特定目的会社",,399,"東京都","港区","元赤坂１丁目１番７－１２０９号株式会社赤坂国際会計内",,13,103,1070051,,,,,,,2024-12-05,1,,,,,"ケイヒンジマヒガシ",0
1203,6010501017180,12,0,2026-09-18,2026-09-16,"株式会社東央コーポレーション",,301,"東京都","足立区","梅島３丁目３３番５号",,13,121,1210816,,,,,,,2015-10-05,1,,,,,"トウオウコーポレーション",0
1204,6010501030282,01,1,2026-09-18,2015-10-05,"株式会社ＶＩＳＩＴＵＳ",,301,"東京都","台東区","上野桜木２丁目１０番３号",,13,106,1100002,,,,,,,2015-10-05,1,,,,,"ヴィジタス",0
1205,6010501039167,12,0,2026-09-18,2026-09-15,"株式会社コーラルベリー",,301,"東京都","台東区","浅草５丁目５６－９",,13,106,1110032,,,,,,,2016-02-23,1,,,,,"コーラルベリー",0
1206,6010501039877,01,1,2026-09-18,2016-08-04,"株式会社ＴＥＮＴ",,301,"東京都","台東区","東上野１丁目６番２号荒井ビル５Ｆ",,13,106,1100015,,,,,,,2016-08-04,1,,,,,"テント",0
1207,6010502014103,01,1,2026-09-18,2015-10-05,"有限会社谷中岡埜栄泉",,302,"東京都","台東区","谷中６丁目１番２６号",,13,106,1100001,,,,,,,2015-10-05,1,,,,,"ヤナカオカノエイセン",0
1208,6010503007824,01,1,2026-09-18,2025-05-20,"ＭＫＴ合同会社",,305,"東京都","台東区","橋場１丁目２７番１０号",,13,106,1110023,,,,,,,2025-05-20,0,,,,,,0
1209,6010503007824,12,1,2026-09-18,2026-08-05,"ＭＫＴ合同会社",,305,"埼玉県","蕨市","塚越７丁目３１番６号",,11,223,3350002,,,,,,,2025-05-20,1,,,,,,0
1210,6010503008005,12,0,2026-09-18,2026-09-15,"ＭＣ商事合同会社",,305,"東京都","台東区","千束４丁目３４－１０",,13,106,1110031,,,,,,,2025-09-26,1,,,,,"エムシーショウジ",0
1211,6010803005973,01,0,2026-09-18,2026-09-18,"合同会社Ａｌｌ　ＬＥＡＤｓ",,305,"東京都","大田区","池上６丁目３６番１３号",,13,111,1460082,,,,,,,2026-09-18,1,,,,,"オールリーズ",0
1212,6010901052042,12,0,2026-09-18,2026-09-15,"株式会社エムツーエフコーポレーション",,301,"神奈川県","相模原市中央区","相模原２丁目３番１６号山崎ビルＢ棟３０２号室",,14,152,2520231,,,,,,,2022-11-28,1,,,,,"エムツーエフコーポレーション",0
1213,6010901060268,01,0,2026-09-18,2026-09-18,"株式会社ケイアイエムミュージックラボ",,301,"東京都","世田谷区","奥沢５丁目２番１号",,13,112,1580083,,,,,,,2026-09-18,1,,,,,"ケイアイエムミュージックラボ",0
1214,6010901060276,01,0,2026-09-18,2026-09-18,"ＴＯＹＢＡＳＥ株式会社",,301,"東京都","世田谷区","太子堂４丁目１８番１５号ＴＡＳＵＫＩＰＲＩＭＥＳＡＮＧＥＮＪＡＹＡ３Ｆ－３",,13,112,1540004,,,,,,,2026-09-18,1,,,,,"トイベース",0
1215,6010903011161,01,0,2026-09-18,2026-09-18,"合同会社ＭＡＴＳＵＲＩ",,305,"東京都","世田谷区","経堂３丁目１９番１４－８０６号",,13,112,1560052,,,,,,,2026-09-18,1,,,,,"マツリ",0
1216,6011001055142,71,0,2026-09-18,2026-09-01,"アドセック株式会社",,301,"東京都","渋谷区","初台１丁目４６番３号シモモトビル３階",,13,113,1510061,,,,,,"令和８年９月１日東京都渋谷区初台一丁目４６番３号アドセックエコロジー株式会社（8011001072747）を合併",2015-10-05,1,,,,,"アドセック",0
1217,6011001128311,12,0,2026-09-18,2026-09-04,"株式会社レモンアンドオレンジ",,301,"東京都","渋谷区","代官山町１番１号グラバ代官山５Ｆ",,13,113,1500034,,,,,,,2019-06-05,1,,,,,"レモンアンドオレンジ",0
1218,6011001178653,21,0,2026-09-18,2026-09-04,"株式会社オザワプランニング",,301,"東京都","目黒区","三田１丁目５番６－９０３号",,13,110,1530062,,,2026-09-04,01,,,2026-06-19,1,,,,,"オザワプランニング",0
1219,6011101105292,21,0,2026-09-18,2026-08-21,"Ｇ＆Ｅ株式会社",,301,"東京都","中央区","日本橋小網町１８番１６号８０１号室",,13,102,1030016,,,2026-08-21,01,,,2023-12-01,1,,,,,"ジーアンドイー",0
1220,6011101117445,01,0,2026-09-18,2026-09-18,"旭坤堂藥業株式会社",,301,"東京都","新宿区","下落合３丁目１番７号",,13,104,1610033,,,,,,,2026-09-18,1,,,,,"アサヒコンドウヤクギョウ",0
1221,6011103012727,12,0,2026-09-18,2026-09-04,"株式会社Ｋｉｅｉ",,301,"東京都","港区","虎ノ門２丁目２番１号住友不動産虎ノ門タワー１３Ｆ",,13,103,1050001,,,,,,,2023-03-07,1,,,,,"キエイ",0
1222,6011301021843,01,1,2026-09-18,2015-12-04,"株式会社ロンフー",,301,"東京都","杉並区","西荻北３丁目２１番１５号",,13,115,1670042,,,,,,,2015-12-04,1,,,,,"ロンフー",0
1223,6011402005563,01,1,2026-09-18,2015-10-05,"有限会社高島平フルヤ時計店",,302,"東京都","板橋区","高島平２丁目３３番１号",,13,119,1750082,,,,,,,2015-10-05,0,,,,,,0
1224,6011402005563,11,1,2026-09-18,2016-07-13,"株式会社高島平フルヤ時計店",,301,"東京都","板橋区","高島平２丁目３３番１号",,13,119,1750082,,,,,,,2015-10-05,1,,,,,"タカシマダイラフルヤトケイテン",0
1225,6011501031956,21,0,2026-09-18,2026-09-17,"韓洋商事株式会社",,301,"東京都","荒川区","東尾久２丁目２－９三祥ビル２１５室",,13,118,1160012,,,2026-09-17,01,,,2025-04-18,1,,,,,"カンヨウショウジ",0
1226,6011701021328,01,1,2026-09-18,2017-11-21,"ライズ株式会社",,301,"東京都","江戸川区","東小松川４丁目５番１２号",,13,123,1320033,,,,,,,2017-11-21,0,,,,,"ライズ",0
1227,6011701021328,12,1,2026-09-18,2026-09-11,"ライズ株式会社",,301,"東京都","江戸川区","東小岩１丁目２番１５号２０３",,13,123,1330052,,,,,,,2017-11-21,1,,,,,"ライズ",0
1228,6011701029759,01,0,2026-09-18,2026-09-18,"株式会社マイホーム",,301,"東京都","江戸川区","平井５丁目２７番１－２０１号",,13,123,1320035,,,,,,,2026-09-18,1,,,,,"マイホーム",0
1229,6011702001873,12,0,2026-09-18,2026-09-14,"有限会社アイホーム",,302,"東京都","江戸川区","上篠崎３丁目１３番１５号セレスト１０１",,13,123,1330054,,,,,,,2015-10-05,1,,,,,"アイホーム",0
1230,6011801046365,12,0,2026-09-18,2026-09-15,"株式会社仲平食健",,301,"東京都","中央区","八丁堀３丁目７番７号原田ビル１階",,13,102,1040032,,,,,,,2025-06-26,1,,,,,"ナカヒラショクケン",0
1231,6012301000507,21,0,2026-09-18,2026-09-17,"岡三建設株式会社",,301,"東京都","町田市","本町田２９０２番地１",,13,209,1940032,,,2026-09-17,01,,,2015-10-05,1,,,,,"オカサンケンセツ",0
1232,6012301010539,01,1,2026-09-18,2016-05-13,"株式会社シブヤプレイス",,301,"東京都","町田市","木曽町４９３番地",,13,209,1940033,,,,,,,2016-05-13,1,,,,,"シブヤプレイス",0
1233,6012402017425,21,0,2026-09-18,2026-09-04,"有限会社中村電機商会",,302,"東京都","武蔵野市","八幡町１丁目４番１号",,13,203,1800011,,,2026-09-04,01,,,2015-10-05,1,,,,,"ナカムラデンキショウカイ",0
1234,6013201003401,21,0,2026-09-18,2026-09-14,"大日繊維産業株式会社",,301,"東京都","大田区","京浜島３丁目３番８号",,13,111,1430003,,,2026-09-14,01,,,2015-10-05,1,,,,,"ダイニチセンイサンギョウ",0
1235,6013301039477,01,1,2026-09-18,2016-09-29,"ＬＯＯＰ　Ｒｅａｌ　Ｃｒｅｄｉｔｏ株式会社",,301,"東京都","豊島区","池袋２丁目４０番１３号池袋デュープレックスビズ９階",,13,116,1710014,,,,,,,2016-09-29,0,,,,,,0
1236,6013301039477,12,1,2026-09-18,2018-03-07,"ＬＯＯＰ　Ｒｅａｌ　Ｃｒｅｄｉｔｏ株式会社",,301,"東京都","豊島区","池袋２丁目６番１号ＫＤＸビル２階",,13,116,1710014,,,,,,,2016-09-29,0,,,,,,0
1237,6013301039477,12,1,2026-09-18,2020-04-02,"ＬＯＯＰ　Ｒｅａｌ　Ｃｒｅｄｉｔｏ株式会社",,301,"東京都","豊島区","池袋２丁目５３－１１タカイワビル３階",,13,116,1710014,,,,,,,2016-09-29,0,,,,,,0
1238,6013301039477,12,1,2026-09-18,2026-09-11,"ＬＯＯＰ　Ｒｅａｌ　Ｃｒｅｄｉｔｏ株式会社",,301,"東京都","豊島区","池袋２丁目４０番１４－１３０７号",,13,116,1710014,,,,,,,2016-09-29,1,,,,,,0
1239,6013301056811,01,0,2026-09-18,2026-09-18,"株式会社ＴＭソフトウェアエンジニアリング",,301,"東京都","豊島区","東池袋２丁目６２番８号ＢＩＧオフィスプラザ池袋１２０６",,13,116,1700013,,,,,,,2026-09-18,1,,,,,"ティーエムソフトウェアエンジニアリング",0
1240,6013303008323,12,0,2026-09-18,2026-09-15,"ＭＩＮＥＲＶＡ　ＧＲＯＵＰ合同会社",,305,"埼玉県","川口市","西川口１丁目２３番１０号西川口小川ビル４０２号室",,11,203,3320021,,,,,,,2026-07-15,1,,,,,"ミネルバグループ",0
1241,6020001096880,01,1,2026-09-18,2015-10-05,"株式会社シードタイム",,301,"神奈川県","横浜市青葉区","美しが丘２丁目５１番地１",,14,117,2250002,,,,,,,2015-10-05,0,,,,,"シードタイム",0
1242,6020001096880,12,1,2026-09-18,2016-10-12,"株式会社シードタイム",,301,"神奈川県","横浜市神奈川区","白幡仲町４２番４号",,14,102,2210071,,,,,,,2015-10-05,1,,,,,"シードタイム",0
1243,6020001112332,12,0,2026-09-18,2026-08-25,"ＭｅｄＶｉｇｉｌａｎｃｅ株式会社",,301,"神奈川県","横浜市中区","赤門町１丁目３番７号",,14,104,2310051,,,,,,,2015-10-05,1,,,,,"メドビジランス",0
1244,6020001130549,12,0,2026-09-18,2026-09-16,"株式会社ブルーノート",,301,"東京都","目黒区","自由が丘１丁目３－３１－２Ｅ",,13,110,1520035,,,,,,,2019-04-03,1,,,,,"ブルーノート",0
1245,6020001134137,12,0,2026-09-18,2026-09-15,"株式会社ＤＡＬＩＦＩＬＭＳ",,301,"東京都","目黒区","柿の木坂１丁目１４番３号柿木坂あらた１０１",,13,110,1520022,,,,,,,2019-12-19,1,,,,,"ダリフィルムス",0
1246,6020001149382,12,0,2026-09-18,2026-08-31,"株式会社ｒｉｐｐｌｅｓ",,301,"東京都","渋谷区","東１丁目３－１０いちご渋谷イーストビル３Ｆ",,13,113,1500011,,,,,,,2022-12-13,1,,,,,"リップルズ",0
1247,6020001155133,11,0,2026-09-18,2026-09-07,"株式会社Ｅｔｏｒａ",,301,"神奈川県","横浜市中区","花咲町１丁目１０番地",,14,104,2310063,,,,,,,2024-01-04,1,,,,,"エトラ",0
1248,6020001167756,12,0,2026-09-18,2026-09-02,"株式会社シード",,301,"神奈川県","横浜市中区","浜松町１２番１３号日東コーポ西横浜１０２",,14,104,2310000,,,,,,,2026-03-23,1,,,,,"シード",0
1249,6020001170413,01,0,2026-09-18,2026-09-18,"株式会社希色",,301,"神奈川県","川崎市麻生区","栗平２丁目２番９－２０１号",,14,137,2150031,,,,,,,2026-09-18,1,,,,,"キイロ",0
1250,6020001170470,01,0,2026-09-18,2026-09-18,"株式会社Ｔ．ｌｉｅｎ",,301,"神奈川県","横浜市西区","南幸１丁目５番２９号チェガーズ西口ビルＢ１",,14,103,2200005,,,,,,,2026-09-18,1,,,,,"ティーリアン",0
1251,6020003024641,11,0,2026-09-18,2026-09-04,"共和ハウス合同会社",,305,"神奈川県","横浜市旭区","二俣川２丁目２１番地１－４０３",,14,112,2410821,,,,,,,2023-09-25,1,,,,,"キョウワハウス",0
1252,6020003031720,01,1,2026-09-18,2026-08-27,"合同会社オシロクロック",,305,"神奈川県","川崎市多摩区","長尾６丁目２４番１号",,14,135,2140023,,,,,,,2026-08-27,1,"Oscilloclock LLC","Kanagawa","6-24-1 Nagao, Tama-ku, Kawasaki-shi",,"オシロクロック",0
1253,6021001041653,11,0,2026-09-18,2026-09-02,"株式会社港南台資産管理",,301,"神奈川県","横浜市港南区","港南台４丁目１番１号テスコビル４０５",,14,111,2340054,,,,,,,2015-10-05,1,,,,,"コウナンダイシサンカンリ",0
1254,6021001083258,12,0,2026-09-18,2026-09-02,"株式会社ユーアーホーム",,301,"神奈川県","相模原市中央区","星が丘１丁目１番２２号１０２号室",,14,152,2520238,,,,,,,2024-09-18,1,,,,,"ユーアーホーム",0
1255,6021001089255,01,0,2026-09-18,2026-09-18,"株式会社ＳＥＣ＆ＲＯＰＥ",,301,"神奈川県","大和市","中央７丁目１番３号",,14,213,2420021,,,,,,,2026-09-18,1,,,,,"セカンドロープ",0
1256,6021002033030,21,0,2026-09-18,2026-09-02,"有限会社プロショップ・ワダ",,302,"神奈川県","厚木市","金田３９４番地１",,14,212,2430807,,,2026-09-02,01,,,2015-10-05,1,,,,,"プロショップワダ",0
1257,6021002050711,01,1,2026-09-18,2015-10-05,"有限会社らをや大場商店",,302,"神奈川県","足柄下郡箱根町","元箱根４３番地",,14,382,2500522,,,,,,,2015-10-05,1,,,,,"ラヲヤオオバショウテン",0
1258,6021003016612,21,0,2026-09-18,2026-09-02,"Ａｆｔｅｒｎｏｏｎ合同会社",,305,"神奈川県","横須賀市","日の出町１丁目６リアライズ横須賀ＢＩＺｃｏｍｆｏｒｔ横須賀中央３階２７号室",,14,201,2380006,,,2026-09-02,01,,,2025-10-03,1,,,,,"アフターヌーン",0
1259,6021005013698,01,0,2026-09-18,2026-09-18,"ジョイフル本厚木管理組合法人",,399,"神奈川県","厚木市","長谷１３５０番地１",,14,212,2430036,,,,,,,2026-09-18,1,,,,,"ジョイフルホンアツギ",0
1260,6030001060571,01,1,2026-09-18,2015-10-05,"アルプス工業株式会社",,301,"埼玉県","本庄市","児玉町田端３９０番地",,11,211,3670222,,,,,,,2015-10-05,1,,,,,"アルプスコウギョウ",0
1261,6030001083820,01,1,2026-09-18,2015-10-05,"株式会社アルコグランデ",,301,"埼玉県","さいたま市浦和区","岸町４丁目９番９号",,11,107,3300064,,,,,,,2015-10-05,1,,,,,"アルコグランデ",0
1262,6030001105921,01,1,2026-09-18,2015-10-05,"株式会社ＴＫインベストメント",,301,"山口県","宇部市","大字妻崎開作２８１番地３黒石ヒルズ２０１号",,35,202,7590204,,,,,,,2015-10-05,1,,,,,"ティーケーインベストメント",0
1263,6030001114740,01,1,2026-09-18,2016-06-06,"株式会社イシカワ",,301,"埼玉県","久喜市","菖蒲町小林３５０７番地２",,11,232,3460115,,,,,,,2016-06-06,1,,,,,"イシカワ",0
1264,6030001123031,12,0,2026-09-18,2026-09-03,"株式会社ＨｏｔｃｈＰｏｔｃｈ",,301,"埼玉県","上尾市","大字原市４１６２原市ビル",,11,219,3620021,,,,,,,2017-11-16,1,,,,,"ハッチポッチ",0
1265,6030001150249,12,0,2026-09-18,2026-09-04,"株式会社大心美装",,301,"埼玉県","川口市","中青木２丁目４番３４号",,11,203,3320032,,,,,,,2022-09-28,1,,,,,"ダイシンビソウ",0
1266,6030001174231,01,0,2026-09-18,2026-09-18,"小野工業株式会社",,301,"埼玉県","加須市","騎西６３１番地１５",,11,210,3470105,,,,,,,2026-09-18,1,,,,,"オノコウギョウ",0
1267,6030002001112,12,0,2026-09-18,2026-09-03,"有限会社インターナショナル・ビュウティー・アカデミー",,302,"埼玉県","さいたま市中央区","上落合９丁目９番４－５０４号",,11,105,3380001,,,,,,,2015-10-05,1,,,,,"インターナショナルビュウティーアカデミー",0
1268,6030002070231,01,1,2026-09-18,2015-10-05,"有限会社阿部運送",,302,"埼玉県","北葛飾郡杉戸町","大字下高野５０９番地７",,11,464,3450043,,,,,,,2015-10-05,0,,,,,"アベウンソウ",0
1269,6030002070231,12,1,2026-09-18,2026-09-02,"有限会社阿部運送",,302,"埼玉県","北葛飾郡杉戸町","大字杉戸３０００番地４９",,11,464,3450036,,,,,,,2015-10-05,1,,,,,"アベウンソウ",0
1270,6030002100277,01,1,2026-09-18,2015-10-05,"有限会社池田電設工業",,302,"埼玉県","川口市","芝新町７番１１号",,11,203,3330851,,,,,,,2015-10-05,1,,,,,"イケダデンセツコウギョウ",0
1271,6030003029945,01,0,2026-09-18,2026-09-18,"合同会社ＫＭＴ",,305,"埼玉県","羽生市","南７丁目４番地２８",,11,216,3480053,,,,,,,2026-09-18,1,,,,,"ケイエムティー",0
1272,6040001030359,01,1,2026-09-18,2015-10-05,"株式会社行徳繊維",,301,"千葉県","浦安市","北栄４丁目２８番８号",,12,227,2790002,,,,,,,2015-10-05,1,,,,,"ギョウトクセンイ",0
1273,6040001069777,01,1,2026-09-18,2015-10-05,"株式会社ｎｅｘｔ",,301,"千葉県","柏市","藤ケ谷８０５番地１",,12,217,2770931,,,,,,,2015-10-05,1,,,,,"ネクスト",0
1274,6040001070925,01,1,2026-09-18,2015-10-05,"株式会社システムメイト",,301,"千葉県","柏市","みどり台２丁目１１－２７",,12,217,2770884,,,,,,,2015-10-05,0,,,,,"システムメイト",0
1275,6040001070925,21,0,2026-09-18,2026-08-31,"株式会社システムメイト",,301,"千葉県","柏市","みどり台２丁目１１－２７",,12,217,2770884,,,2026-08-31,01,,,2015-10-05,1,,,,,"システムメイト",0
1276,6040001112660,12,0,2026-09-18,2026-08-31,"株式会社Ａｓｔｒｏ　Ｐｒｏｄｕｃｔｉｏｎ",,301,"千葉県","松戸市","新松戸３丁目２８９番地",,12,207,2700034,,,,,,,2020-02-27,1,,,,,"アストロプロダクション",0
1277,6040001140620,21,0,2026-09-18,2026-09-14,"ＰＢＨ人材サポート株式会社",,301,"東京都","江戸川区","平井１丁目３－１５－１Ｆ",,13,123,1320035,,,2026-09-14,01,,,2025-09-29,1,,,,,"ピービーエイチジンザイサポート",0
1278,6040001145280,01,0,2026-09-18,2026-09-18,"ＡＬＪＡＷＨＡＲＡ株式会社",,301,"千葉県","四街道市","大日４２７番地１",,12,228,2840001,,,,,,,2026-09-18,1,,,,,"アルジャワハラ",0
1279,6040001145314,01,0,2026-09-18,2026-09-18,"株式会社植晴造園",,301,"千葉県","船橋市","夏見台２丁目２２番２４号",,12,204,2730866,,,,,,,2026-09-18,1,,,,,"ウエハルゾウエン",0
1280,6040001145371,01,0,2026-09-18,2026-09-18,"株式会社ＴＩＧＥＲ　ＪＡＰＡＮ　ＨＯＬＤＩＮＧＳ",,301,"千葉県","柏市","手賀の杜１丁目６－１９",,12,217,2701447,,,,,,,2026-09-18,1,,,,,"タイガージャパンホールディングス",0
1281,6040002019335,01,1,2026-09-18,2015-10-05,"有限会社ビッグアルファサービス",,302,"千葉県","習志野市","谷津３丁目１番４７－４１０号",,12,216,2750026,,,,,,,2015-10-05,1,,,,,"ビッグアルファサービス",0
1282,6050001010079,01,1,2026-09-18,2015-10-05,"筑波小野田レミコン株式会社",,301,"茨城県","土浦市","藤沢３５７８番地",,08,203,3004115,,,,,,,2015-10-05,0,,,,,,0
1283,6050001010079,12,1,2026-09-18,2026-09-04,"筑波小野田レミコン株式会社",,301,"茨城県","土浦市","大畑９５０番地",,08,203,3004111,,,,,,,2015-10-05,1,,,,,,0
1284,6050001015887,01,1,2026-09-18,2015-10-05,"つくばゴルフガーデン株式会社",,301,"茨城県","つくば市","水堀大塚４７５番地",,08,220,3002654,,,,,,,2015-10-05,1,,,,,"ツクバゴルフガーデン",0
1285,6050001015937,21,0,2026-09-18,2026-09-10,"ウエルシア介護サービス株式会社",,301,"茨城県","つくば市","稲荷前８番地１布川ビル２階",,08,220,3050061,,,2026-09-10,11,7010601035701,"令和８年９月１日東京都豊島区北大塚一丁目１２番１５号ウエルシアパートナーズ株式会社（7010601035701）に合併し解散",2015-10-05,1,,,,,"ウエルシアカイゴサービス",0
1286,6050001017108,01,1,2026-09-18,2015-10-05,"つくばＯＡサービス株式会社",,301,"茨城県","つくば市","二の宮１丁目２番２号",,08,220,3050051,,,,,,,2015-10-05,1,,,,,"ツクバオウエイサービス",0
1287,6050001048763,12,0,2026-09-18,2026-09-11,"株式会社マストコーポレーション",,301,"茨城県","稲敷郡阿見町","よしわら１丁目２７番地１２",,08,443,3001161,,,,,,,2021-02-18,1,,,,,"マストコーポレーション",0
1288,6050001058944,01,0,2026-09-18,2026-09-18,"ループエナジー株式会社",,301,"茨城県","土浦市","上坂田１４４４番地２",,08,203,3004114,,,,,,,2026-09-18,1,,,,,"ループエナジー",0
1289,6050001058952,01,0,2026-09-18,2026-09-18,"株式会社ｓｅｎ",,301,"茨城県","古河市","駒羽根６４１番地",,08,204,3060221,,,,,,,2026-09-18,1,,,,,"セン",0
1290,6050002028632,01,1,2026-09-18,2015-10-05,"有限会社日の丸家具デパート",,302,"茨城県","潮来市","辻２１９番地",00023026,08,223,3112421,,,,,,,2015-10-05,1,,,,,"ヒノマルカグデパート",0
1291,6050002033830,21,0,2026-09-18,2026-09-08,"有限会社フジサキ",,302,"茨城県","稲敷郡河内町","長竿３８３８番地",,08,447,3001312,,,2026-09-08,01,,,2015-10-05,1,,,,,"フジサキ",0
1292,6070001044505,01,0,2026-09-18,2026-09-18,"株式会社ＭＩＫＡＤＯ",,301,"群馬県","高崎市","寄合町２８番地おしゃれテナント１０１号室",,10,202,3700822,,,,,,,2026-09-18,1,,,,,"ミカド",0
1293,6070001044513,01,0,2026-09-18,2026-09-18,"株式会社ＲＥＹＰＲＯ　Ｈｏｌｄｉｎｇｓ",,301,"群馬県","前橋市","千代田町５丁目６番８号銀座ＦＯＸビル３０１号室",,10,201,3710022,,,,,,,2026-09-18,1,,,,,"レイプロホールディングス",0
1294,6080001018994,12,0,2026-09-18,2026-09-14,"株式会社凛凛カンパニー",,301,"静岡県","静岡市葵区","両替町２丁目４－９－３Ｆ",,22,101,4200032,,,,,,,2015-10-05,1,,,,,"リンリンカンパニー",0
1295,6080001021032,01,1,2026-09-18,2016-07-07,"株式会社三輪工業",,301,"静岡県","静岡市葵区","千代２丁目９番３号",,22,101,4211212,,,,,,,2016-07-07,1,,,,,"ミワコウギョウ",0
1296,6080002010356,01,1,2026-09-18,2015-10-05,"有限会社千番閣",,302,"静岡県","静岡市清水区","大坪１丁目３番１３号",,22,103,4240847,,,,,,,2015-10-05,0,,,,,"センバンカク",0
1297,6080002010356,12,1,2026-09-18,2026-09-09,"有限会社千番閣",,302,"静岡県","静岡市清水区","大坪１丁目１番１８号",,22,103,4240847,,,,,,,2015-10-05,1,,,,,"センバンカク",0
1298,6080003002492,21,0,2026-09-18,2026-09-15,"ＹＮＩ　ＪＡＰＡＮ合同会社",,305,"静岡県","静岡市葵区","人宿町２丁目６－３",,22,101,4200037,,,2026-09-15,01,,,2020-10-16,1,,,,,"ワイエヌアイジャパン",0
1299,6080101000951,21,0,2026-09-18,2026-09-14,"株式会社スルガ",,301,"静岡県","沼津市","北今沢１９番１２号",,22,203,4100876,,,2026-09-14,01,,,2015-10-05,1,,,,,"スルガ",0
1300,6090002002055,01,1,2026-09-18,2015-10-05,"有限会社つなや",,302,"山梨県","甲府市","国母４丁目１２番１０号",,19,201,4000043,,,,,,,2015-10-05,1,,,,,"ツナヤ",0
1301,6100001019172,01,1,2026-09-18,2015-10-05,"Ｄｏ　ｃｏｒｐｏｒａｔｉｏｎ株式会社",,301,"長野県","茅野市","玉川１１０８４番地６",,20,214,3910011,,,,,,,2015-10-05,1,,,,,"ドゥコーポレーション",0
1302,6100001022829,01,1,2026-09-18,2015-10-05,"ヨコタインターナショナル株式会社",,301,"長野県","飯田市","上郷飯沼１８４７番地１ヨコタビル内",,20,205,3950002,,,,,,,2015-10-05,1,,,,,"ヨコタインターナシヨナル",0
1303,6100003008900,12,0,2026-09-18,2026-09-17,"Ｔａｙｏｕｋｉ合同会社",,305,"長野県","上水内郡信濃町","大字野尻３８８４番地２４９",,20,583,3891303,,,,,,,2026-08-18,1,,,,,"タヨウキ",0
1304,6110001040409,01,0,2026-09-18,2026-09-18,"株式会社ＰＯＳＩＢＵＩＬ",,301,"新潟県","長岡市","下山１丁目１２５番地１５",,15,202,9402115,,,,,,,2026-09-18,1,,,,,"ポジビル",0
1305,6110002026828,01,1,2026-09-18,2015-10-05,"有限会社インター・ドリーム",,302,"新潟県","長岡市","南七日町８９番地２６",,15,202,9402116,,,,,,,2015-10-05,1,,,,,"インタードリーム",0
1306,6110005000706,01,1,2026-09-18,2015-10-05,"医療法人社団根津歯科医院",,399,"新潟県","新潟市西区","寺尾東３丁目１番１２号",,15,107,9502054,,,,,,,2015-10-05,1,,,,,"ネヅシカイイン",0
1307,6120001003653,21,0,2026-09-18,2026-09-14,"創合設備株式会社",,301,"大阪府","大阪市西成区","南津守４丁目２番１０号",,27,122,5570063,,,2026-09-14,01,,,2015-10-05,1,,,,,"ソウゴウセツビ",0
1308,6120001004131,21,0,2026-09-18,2026-09-14,"株式会社速水龍文堂",,301,"大阪府","大阪市西成区","玉出中１丁目１２番１２号",,27,122,5570044,,,2026-09-14,01,,,2015-10-05,1,,,,,"ハヤミリュウブンドウ",0
1309,6120001029649,12,0,2026-09-18,2026-09-16,"株式会社番屋",,301,"大阪府","枚方市","南中振２丁目４０番２２号",,27,210,5730094,,,,,,,2015-10-05,1,,,,,"バンヤ",0
1310,6120001118352,12,0,2026-09-18,2026-09-15,"淀川交通株式会社",,301,"大阪府","大阪市淀川区","新高１丁目１１番２号",,27,123,5320033,,,,,,,2015-10-05,1,,,,,"ヨドガワコウツウ",0
1311,6120001150082,71,0,2026-09-18,2026-09-01,"大東興産株式会社",,301,"大阪府","枚方市","東香里３丁目３番１８号",,27,210,5730075,,,,,,"令和８年９月１日大阪府枚方市東香里三丁目２９３６番地大東観光株式会社（2120001150078）を合併",2015-10-05,1,,,,,"ダイトウコウサン",0
1312,6120001199376,01,1,2026-09-18,2016-07-06,"田島技建株式会社",,301,"大阪府","大阪市東住吉区","照ケ丘矢田１丁目４番９号",,27,121,5460021,,,,,,,2016-07-06,1,,,,,"タジマギケン",0
1313,6120001199590,01,1,2026-09-18,2016-07-15,"株式会社システムデザインプロジェクト",,301,"大阪府","大阪市城東区","今福東２丁目９番１６号",,27,118,5360002,,,,,,,2016-07-15,1,,,,,"システムデザインプロジェクト",0
1314,6120001201422,01,1,2026-09-18,2016-10-21,"ジョリーメゾン株式会社",,301,"大阪府","大阪市北区","大深町３番４０－１５０４号",,27,127,5300011,,,,,,,2016-10-21,1,,,,,"ジョリーメゾン",0
1315,6120001213995,12,0,2026-09-18,2026-09-10,"株式会社西野田商事",,301,"大阪府","大阪市淀川区","加島１丁目１９番１１号",,27,123,5320031,,,,,,,2018-06-11,1,,,,,"ニシノダショウジ",0
1316,6120001245171,12,0,2026-09-18,2026-09-15,"Ｍａｘｔｏｎｅ　Ｊａｐａｎ株式会社",,301,"大阪府","大阪市北区","中之島４丁目３番５１号中之島クロス１１階",,27,127,5300005,,,,,,,2022-04-13,1,,,,,"マックストーンジャパン",0
1317,6120001277925,12,0,2026-09-18,2026-09-16,"環博産業株式会社",,301,"石川県","金沢市","北安江３丁目６番６号メッセ・ヤスダ３０１",,17,201,9200022,,,,,,,2025-07-18,1,,,,,"カンハクサンギョウ",0
1318,6120001278717,12,0,2026-09-18,2026-09-15,"株式会社リノハグプラス",,301,"大阪府","大阪市港区","磯路３丁目８番２４－２０４号",,27,107,5520003,,,,,,,2025-08-15,1,,,,,"リノハグプラス",0
1319,6120001289227,01,0,2026-09-18,2026-09-18,"株式会社セブンデイズ",,301,"大阪府","大阪市中央区","日本橋１丁目５番２２号",,27,128,5420073,,,,,,,2026-09-18,1,,,,,"セブンデイズ",0
1320,6120002068308,01,1,2026-09-18,2015-10-05,"有限会社宅間塗装",,302,"大阪府","大阪市平野区","長吉六反４丁目２番４８号",,27,126,5470012,,,,,,,2015-10-05,0,,,,,"タクマトソウ",0
1321,6120002068308,21,0,2026-09-18,2026-09-14,"有限会社宅間塗装",,302,"大阪府","大阪市平野区","長吉六反４丁目２番４８号",,27,126,5470012,,,2026-09-14,01,,,2015-10-05,1,,,,,"タクマトソウ",0
1322,6120003017668,12,0,2026-09-18,2026-09-11,"合同会社眺装",,305,"大阪府","大阪市中央区","久太郎町３丁目５番２６号谷口悦第二ビル",,27,128,5410056,,,,,,,2020-06-23,1,,,,,"チョウソウ",0
1323,6120003033533,01,0,2026-09-18,2026-09-18,"合同会社キャリクレア",,305,"大阪府","大阪市北区","梅田１丁目１番３号大阪駅前第３ビル１１階２号室",,27,127,5300001,,,,,,,2026-09-18,1,,,,,"キャリクレア",0
1324,6120101055256,01,1,2026-09-18,2016-08-19,"株式会社ウィズアグリ",,301,"大阪府","堺市中区","楢葉１７０番地フェルティ・メイツ泉ヶ丘参番館１４０７号",,27,142,5998252,,,,,,,2016-08-19,1,,,,,"ウィズアグリ",0
1325,6120101063713,12,0,2026-09-18,2026-09-15,"株式会社ガジュマルＨＯＵＳＥ",,301,"大阪府","岸和田市","紙屋町１４番５号",,27,202,5960064,,,,,,,2021-05-27,1,,,,,"ガジュマルハウス",0
1326,6120101071096,12,0,2026-09-18,2026-09-15,"株式会社農地開発研究機構",,301,"大阪府","和泉市","浦田町６９番地の１",,27,219,5941103,,,,,,,2025-02-20,1,,,,,"ノウチカイハツケンキュウキコウ",0
1327,6120101074355,01,0,2026-09-18,2026-09-18,"株式会社ＴＮプランニング",,301,"大阪府","貝塚市","小瀬１丁目１２番５－９号",,27,208,5970021,,,,,,,2026-09-18,1,,,,,"ティーエヌプランニング",0
1328,6120101074396,01,0,2026-09-18,2026-09-18,"三番株式会社",,301,"大阪府","堺市堺区","甲斐町西１丁１－２８サンハイム宿院８０４号",,27,141,5900950,,,,,,,2026-09-18,1,,,,,"ミハン",0
1329,6120103002009,21,0,2026-09-18,2026-09-01,"合同会社朝来メガソーラー",,305,"東京都","渋谷区","千駄ヶ谷１丁目３０番８号",,13,113,1510051,,,2026-09-01,01,,,2015-10-05,1,,,,,"アサゴメガソーラー",0
1330,6120103007346,01,0,2026-09-18,2026-09-18,"合同会社玄澹社",,305,"大阪府","堺市堺区","中瓦町１－４－２２大阪信用金庫堺東ビル２Ｆ",,27,141,5900000,,,,,,,2026-09-18,1,,,,,"ゲンタンシャ",0
1331,6120901042081,12,0,2026-09-18,2026-09-15,"株式会社ワイズホーム",,301,"大阪府","大阪市北区","天神橋１丁目１４番１１号",,27,127,5300041,,,,,,,2019-12-09,1,,,,,"ワイズホーム",0
1332,6122001040908,01,0,2026-09-18,2026-09-18,"株式会社ｗｅｓｔｗｏｏｄｓ",,301,"大阪府","八尾市","山本町１丁目８番１７号山本八幡宮駅前ビル",,27,212,5810867,,,,,,,2026-09-18,1,,,,,"ウエストウッズ",0
1333,6122003002303,01,1,2026-09-18,2022-04-01,"ａｃｉｅｒ．ｎｃｋｃ合同会社",,305,"大阪府","東大阪市","若江南町２丁目７番１１号",,27,227,5780943,,,,,,,2022-04-01,1,,,,,"アシエエヌシーケーシー",0
1334,6130001067763,01,1,2026-09-18,2020-10-08,"株式会社アートリサーチ",,301,"京都府","京都市西京区","御陵大原１－３６京大桂ベンチャープラザ北館３０３",,26,111,6158245,,,,,,,2020-10-08,0,"ART Research Inc.","Kyoto","303 Kyodai Katsura Venture Plaza Kitakan, 1-36, Goryo Ohara, Nishikyo-ku, Kyoto-Shi",,"アートリサーチ",0
1335,6130001067763,12,1,2026-09-18,2026-08-06,"株式会社アートリサーチ",,301,"京都府","京都市西京区","山田猫塚町６番１８",,26,111,6158251,,,,,,,2020-10-08,1,"ART Research Inc.","Kyoto","6-18, Nekotsuka-cho, Yamada, Nishikyo-ku, Kyoto-shi",,"アートリサーチ",0
1336,6130005012815,12,0,2026-09-18,2026-09-01,"一般財団法人宗教文化研究所",,399,"京都府","京都市下京区","烏丸通松原上る因幡堂町７１３番地",,26,106,6008415,,,,,,,2015-10-05,1,,,,,"シュウキョウブンカケンキュウショ",0
1337,6140001038359,21,0,2026-09-18,2026-09-10,"株式会社新又産業",,301,"兵庫県","たつの市","龍野町堂本８１番地",,28,229,6794129,,,2026-09-10,01,,,2015-10-05,1,,,,,"シンユウサンギョウ",0
1338,6140001062020,12,0,2026-09-18,2026-09-10,"ヤスダ産業株式会社",,301,"兵庫県","揖保郡太子町","立岡２９３番地１",,28,464,6711531,,,,,,,2015-10-05,1,,,,,"ヤスダサンギョウ",0
1339,6140001064330,01,1,2026-09-18,2015-10-05,"株式会社ステージ",,301,"兵庫県","姫路市","書写１６３番地７",,28,201,6712201,,,,,,,2015-10-05,1,,,,,"ステージ",0
1340,6140001073496,01,1,2026-09-18,2015-10-05,"株式会社齊藤",,301,"兵庫県","西宮市","石在町１６番１４号",,28,204,6620928,,,,,,,2015-10-05,1,,,,,"サイトウ",0
1341,6140001144074,01,0,2026-09-18,2026-09-18,"株式会社ＳＥＲＥＶＩＡ",,301,"兵庫県","神戸市北区","八多町中１３１４番地",,28,109,6511351,,,,,,,2026-09-18,1,,,,,"セレヴィア",0
1342,6140001144099,01,0,2026-09-18,2026-09-18,"株式会社ＹＹラボラトリー",,301,"兵庫県","芦屋市","平田町４番２０号",,28,206,6590074,,,,,,,2026-09-18,1,,,,,"ワイワイラボラトリー",0
1343,6140002043184,01,1,2026-09-18,2015-10-05,"有限会社リバーアイランド",,302,"兵庫県","尼崎市","田能３丁目１８番３号",,28,202,6610951,,,,,,,2015-10-05,1,,,,,"リバーアイランド",0
1344,6140002045916,21,0,2026-09-18,2026-09-11,"かずや産業有限会社",,302,"兵庫県","豊岡市","千代田町１２番３６号",,28,209,6680032,,,2026-09-11,01,,,2015-10-05,1,,,,,"カズヤサンギョウ",0
1345,6140002060411,01,1,2026-09-18,2015-10-05,"有限会社福",,302,"兵庫県","西宮市","二見町９番１７号",,28,204,6638111,,,,,,,2015-10-05,1,,,,,"フク",0
1346,6140002062952,01,1,2026-09-18,2015-10-05,"有限会社森本直道石材店",,302,"兵庫県","小野市","住吉町６７８番地の１",,28,218,6751361,,,,,,,2015-10-05,1,,,,,"モリモトナオミチセキザイテン",0
1347,6140003023854,12,0,2026-09-18,2026-09-14,"合同会社クリニカルウェブ",,305,"兵庫県","神戸市中央区","磯辺通１丁目１番１８号カサベラ国際プラザビル７０７号室",,28,110,6510084,,,,,,,2026-07-13,1,,,,,"クリニカルウェブ",0
1348,6140003024118,01,0,2026-09-18,2026-09-18,"合同会社陽和",,305,"兵庫県","神戸市兵庫区","中道通１丁目４－２６Ｍ，ｓレジデンス神戸４０６",,28,105,6520801,,,,,,,2026-09-18,1,,,,,"ヒヨリ",0
1349,6140005027424,01,1,2026-09-18,2025-04-02,"医療法人社団慧昌会",,399,"兵庫県","神戸市中央区","加納町３丁目１番２０号１Ｆ",,28,110,6500001,,,,,,,2025-04-02,1,,,,,"シャダンケイショウカイ",0
1350,6150001006166,01,1,2026-09-18,2015-10-05,"株式会社慶屋コーポレーション",,301,"奈良県","奈良市","学園緑ヶ丘１丁目７番１号",,29,201,6310026,,,,,,,2015-10-05,0,,,,,"ヨシヤコーポレーション",0
1351,6150001006166,12,1,2026-09-18,2015-12-03,"株式会社慶屋コーポレーション",,301,"大阪府","大阪市西区","新町１丁目１４番２１－５３０８号",,27,106,5500013,,,,,,,2015-10-05,1,,,,,"ヨシヤコーポレーション",0
1352,6170005005930,12,0,2026-09-18,2026-09-17,"一般社団法人和歌山県鍼灸マッサージ師会",,399,"和歌山県","和歌山市","黒田１丁目７番２６号",,30,201,6408341,,,,,,,2015-10-05,1,,,,,"ワカヤマケンシンキュウマッサージシカイ",0
1353,6180001059343,21,0,2026-09-18,2026-09-14,"株式会社創建",,301,"愛知県","名古屋市名東区","藤森西町１８０６番地トーカンマンション３０６号",,23,115,4650022,,,2026-09-14,01,,,2015-10-05,1,,,,,"ソウケン",0
1354,6180001071414,12,0,2026-09-18,2026-09-11,"株式会社デフレックストア",,301,"愛知県","名古屋市中村区","名駅南３丁目６番６号",,23,105,4500003,,,,,,,2015-10-05,1,,,,,"デフレックストア",0
1355,6180001071835,12,0,2026-09-18,2026-08-31,"株式会社エルエスプロ",,301,"愛知県","名古屋市中村区","名駅４丁目８番２６号エニシオ名駅１６階",,23,105,4500002,,,,,,,2015-10-05,1,,,,,"エルエスプロ",0
1356,6180001160076,12,0,2026-09-18,2026-09-11,"株式会社Ｂ　ｅｉｇｈｔ",,301,"愛知県","名古屋市中区","栄２丁目２番１号広小路伏見中駒ビル２Ｆ‐９",,23,106,4600008,,,,,,,2024-02-07,1,,,,,"ビーエイト",0
1357,6180001173565,01,0,2026-09-18,2026-09-18,"株式会社ｍｉｔｏ",,301,"愛知県","名古屋市中区","錦３丁目６番２９号サウスハウスＢ１",,23,106,4600003,,,,,,,2026-09-18,1,,,,,"ミト",0
1358,6180003029963,12,0,2026-09-18,2026-09-04,"合同会社ザ・メタルキャッツ",,305,"愛知県","名古屋市中村区","大宮町１丁目２８花の木シェルター２号館",,23,105,4530821,,,,,,,2026-03-25,1,,,,,"ザメタルキャッツ",0
1359,6180301008009,11,0,2026-09-18,2026-08-25,"株式会社バイオフィリアＤＣ",,301,"東京都","千代田区","神田小川町３丁目２８－５ａｘｌｅ御茶ノ水ＰＢ０１",,13,101,1010052,,,,,,,2015-10-05,1,,,,,"バイオフィリアディーシー",0
1360,6180301029186,01,1,2026-09-18,2016-05-11,"ＹＭＫ株式会社",,301,"愛知県","西尾市","寺津町四ノ割横道西１０番地１",,23,213,4440324,,,,,,,2016-05-11,1,,,,,"ワイエムケー",0
1361,6180301029277,01,1,2026-09-18,2016-06-13,"株式会社マサキ設備",,301,"愛知県","新城市","野田字西浄悦３０番地８",,23,221,4411343,,,,,,,2016-06-13,1,,,,,"マサキセツビ",0
1362,6180301029574,01,1,2026-09-18,2016-09-08,"株式会社榊原",,301,"愛知県","田原市","八王子町道上５７番地",,23,231,4413602,,,,,,,2016-09-08,1,,,,,"サカキバラ",0
1363,6200001036380,01,1,2026-09-18,2019-06-25,"ＧＨＢインターナショナル株式会社",,301,"岐阜県","岐阜市","野一色８丁目１７番５号",,21,201,5008226,,,,,,,2019-06-25,0,,,,,"ジィエッチビィインターナショナル",0
1364,6200001036380,12,1,2026-09-18,2026-09-14,"ＧＨＢインターナショナル株式会社",,301,"岐阜県","羽島郡岐南町","三宅１丁目１０７番１号",,21,302,5016002,,,,,,,2019-06-25,1,,,,,"ジィエッチビィインターナショナル",0
1365,6200001045084,01,1,2026-09-18,2026-05-26,"株式会社２４８",,301,"岐阜県","高山市","花川町４１番地",,21,203,5060015,,,,,,,2026-05-26,0,,,,,"ニヨンハチ",0
1366,6200001045084,12,1,2026-09-18,2026-09-04,"株式会社２４８",,301,"岐阜県","高山市","花川町３０番地",,21,203,5060015,,,,,,,2026-05-26,1,,,,,"ニヨンハチ",0
1367,6200002007918,01,1,2026-09-18,2015-10-05,"長屋縫製有限会社",,302,"岐阜県","各務原市","那加西浦町１丁目４８番地",,21,213,5040959,,,,,,,2015-10-05,1,,,,,"ナガヤホウセイ",0
1368,6200003007082,01,1,2026-09-18,2025-10-02,"ＭＡＬＩＫ　ＡＨＭＡＤ　ＴＲＡＤＩＮＧ合同会社",,305,"岐阜県","岐阜市","折立長瀬４７９－１８朝霧コーポ１０２",,21,201,5011132,,,,,,,2025-10-02,1,,,,,"マリクアハマドトレーディング",0
1369,6200005013392,12,0,2026-09-18,2026-08-03,"一般社団法人長良川リトリート",,399,"岐阜県","美濃市","２２８１番地",,21,207,5013701,,,,,,,2022-09-30,1,,,,,"ナガラガワリトリート",0
1370,6210001016456,12,0,2026-09-18,2026-09-14,"株式会社Ｋ３クリエイト",,301,"福井県","福井市","西開発２丁目２１８番地３",,18,201,9100843,,,,,,,2016-09-06,1,,,,,"ケースリークリエイト",0
1371,6220001007545,12,0,2026-09-18,2026-09-14,"株式会社ローザンヌ",,301,"石川県","金沢市","直江西１丁目１０番地",,17,201,9208215,,,,,,,2015-10-05,1,,,,,"ローザンヌ",0
1372,6220001015325,01,1,2026-09-18,2015-10-05,"株式会社グリーン開発",,301,"石川県","七尾市","細口町マイダリ山２００番１",,17,202,9260822,,,,,,,2015-10-05,1,,,,,"グリーンカイハツ",0
1373,6230001016636,21,0,2026-09-18,2026-09-15,"オート・ヴァンズ株式会社",,301,"富山県","高岡市","伏木矢田上町７番６号",,16,202,9330122,,,2026-09-15,01,,,2016-09-12,1,,,,,"オートヴァンズ",0
1374,6240001059007,11,0,2026-09-18,2026-09-15,"Ｙｓ土木株式会社",,301,"広島県","福山市","松永町４丁目１６番４５－２号",,34,207,7290104,,,,,,,2021-12-03,1,,,,,"ワイエスドボク",0
1375,6240003007938,01,0,2026-09-18,2026-09-18,"合同会社ココロ",,305,"広島県","福山市","新市町大字新市３６１番地２",,34,207,7293103,,,,,,,2026-09-18,1,,,,,"ココロ",0
1376,6250002014892,01,1,2026-09-18,2015-10-05,"有限会社西部新宿交通",,302,"山口県","周南市","大字栗屋字開作北８１９番地１",,35,215,7450802,,,,,,,2015-10-05,1,,,,,"セイブシンジュクコウツウ",0
1377,6260001030972,01,1,2026-09-18,2017-06-20,"株式会社寿吉",,301,"岡山県","笠岡市","西大島新田１番地５",,33,205,7140031,,,,,,,2017-06-20,1,,,,,"ヒサヨシ",0
1378,6270005003486,21,0,2026-09-18,2026-09-15,"医療法人社団遠藤医院",,399,"鳥取県","境港市","上道町９１４番地１",,31,204,6840033,,,2026-09-15,01,,,2015-10-05,1,,,,,"エンドウイイン",0
1379,6280002011318,01,1,2026-09-18,2015-10-05,"有限会社ギムティー",,302,"島根県","雲南市","木次町木次５５番地１",,32,209,6991332,,,,,,,2015-10-05,0,,,,,"ギムティー",0
1380,6280002011318,12,1,2026-09-18,2026-09-16,"有限会社ギムティー",,302,"島根県","雲南市","三刀屋町下熊谷１７７４番地",,32,209,6902403,,,,,,,2015-10-05,1,,,,,"ギムティー",0
1381,6290001074629,21,0,2026-09-18,2026-09-08,"株式会社住生活サポート福岡",,301,"福岡県","小郡市","三国が丘７丁目２０７番地",,40,216,8380103,,,2026-09-08,01,,,2016-07-25,1,,,,,"ジュウセイカツサポートフクオカ",0
1382,6290001074694,01,1,2026-09-18,2016-07-28,"株式会社よかばい",,301,"福岡県","福岡市早良区","田村７丁目２０番６号",,40,137,8140175,,,,,,,2016-07-28,1,,,,,"ヨカバイ",0
1383,6290001115473,01,0,2026-09-18,2026-09-18,"株式会社ＣＯＮＮＥＣＴ　ＡＮＤ",,301,"福岡県","福岡市博多区","博多駅前１丁目２３番２号ＰａｒｋＦｒｏｎｔ博多駅前１丁目５Ｆ－Ｂ",,40,132,8120011,,,,,,,2026-09-18,1,,,,,"コネクトアンド",0
1384,6290005018565,01,1,2026-09-18,2022-02-18,"一般社団法人わんらいふ",,399,"福岡県","福岡市早良区","祖原１４－１３ロマネスク西新１１０１号",,40,137,8140005,,,,,,,2022-02-18,0,,,,,"ワンライフ",0
1385,6290005018565,12,1,2026-09-18,2025-04-16,"一般社団法人わんらいふ",,399,"福岡県","福岡市早良区","田隈３丁目２５番１７号",,40,137,8140174,,,,,,,2022-02-18,1,,,,,"ワンライフ",0
1386,6290801022324,01,1,2026-09-18,2016-03-09,"株式会社ヒサ電工",,301,"福岡県","北九州市小倉南区","中吉田４丁目２０番５８号",,40,107,8000204,,,,,,,2016-03-09,1,,,,,"ヒサデンコウ",0
1387,6290801032819,01,0,2026-09-18,2026-09-18,"株式会社エイケイ",,301,"福岡県","北九州市小倉北区","紺屋町４番２－７０３号",,40,106,8020081,,,,,,,2026-09-18,1,,,,,"エイケイ",0
1388,6300003001133,21,0,2026-09-18,2026-09-16,"合同会社ＴＫ",,305,"佐賀県","鳥栖市","江島町３２５５番地５９７",,41,203,8410073,,,2026-09-16,01,,,2015-10-05,1,,,,,"ティーケー",0
1389,6300003002511,01,0,2026-09-18,2026-09-18,"合同会社ＹＲ２",,305,"佐賀県","唐津市","神田１５１７番地６８",,41,202,8470824,,,,,,,2026-09-18,1,,,,,"ワイアールツー",0
1390,6310001013138,01,1,2026-09-18,2015-10-05,"株式会社モリゼン",,301,"長崎県","平戸市","大石脇町字通り山２０２４",,42,207,8595376,,,,,,,2015-10-05,1,,,,,"モリゼン",0
1391,6320002019083,21,0,2026-09-18,2026-09-14,"有限会社川津商店",,302,"大分県","日田市","大字日高１３４７番地の１",,44,204,8770000,,,2026-09-14,01,,,2015-10-05,1,,,,,,0
1392,6330001007575,01,1,2026-09-18,2015-10-05,"株式会社ＷＩＬＬＧＯ",,301,"熊本県","熊本市中央区","新屋敷３丁目１６番１１号",,43,101,8620975,,,,,,,2015-10-05,0,,,,,"ウィルゴ",0
1393,6330001007575,12,1,2026-09-18,2016-06-30,"株式会社ＷＩＬＬＧＯ",,301,"熊本県","熊本市中央区","新屋敷３丁目１２番２０号",,43,101,8620975,,,,,,,2015-10-05,1,,,,,"ウィルゴ",0
1394,6340002010544,01,1,2026-09-18,2015-10-05,"有限会社ワールド・クリーンズ",,302,"鹿児島県","鹿児島市","桜ヶ丘８丁目２０番１７号",,46,201,8900075,,,,,,,2015-10-05,1,,,,,"ワールドクリーンズ",0
1395,6350003004180,12,0,2026-09-18,2026-09-15,"合同会社佐和田",,305,"宮崎県","延岡市","博労町４番７",,45,203,8820044,,,,,,,2022-10-04,0,,,,,"サワダ",0
1396,6350003004180,11,0,2026-09-18,2026-09-15,"合同会社ＨＡＧＵ",,305,"宮崎県","延岡市","博労町４番７",,45,203,8820044,,,,,,,2022-10-04,1,,,,,"ハグ",0
1397,6350005003156,12,0,2026-09-18,2026-09-03,"上赤生産森林組合",,399,"宮崎県","延岡市","北川町川内名９８５７番地１",,45,203,8890101,,,,,,,2015-10-05,1,,,,,"カミアカ",0
1398,6360001034303,01,1,2026-09-18,2024-10-15,"株式会社配食おきなわ",,301,"沖縄県","豊見城市","字真玉橋２９７",,47,212,9010201,,,,,,,2024-10-15,0,,,,,"ハイショクオキナワ",0
1399,6360001034303,21,0,2026-09-18,2026-08-19,"株式会社配食おきなわ",,301,"沖縄県","豊見城市","字真玉橋２９７",,47,212,9010201,,,2026-08-19,01,,,2024-10-15,1,,,,,"ハイショクオキナワ",0
1400,6360002001401,01,1,2026-09-18,2015-10-05,"有限会社キタミ商会",,302,"沖縄県","那覇市","字小禄７８５番地堅幸ビル",,47,201,9010152,,,,,,,2015-10-05,0,,,,,"キタミショウカイ",0
1401,6360002001401,21,1,2026-09-18,2020-01-09,"有限会社キタミ商会",,302,"沖縄県","那覇市","字小禄７８５番地堅幸ビル",,47,201,9010152,,,2020-01-09,21,,,2015-10-05,0,,,,,"キタミショウカイ",0
1402,6360002001401,22,1,2026-09-18,2026-09-09,"有限会社キタミ商会",,302,"沖縄県","那覇市","字小禄７８５番地堅幸ビル",,47,201,9010152,,,,,,,2015-10-05,1,,,,,"キタミショウカイ",0
1403,6360003016150,01,0,2026-09-18,2026-09-18,"合同会社ＺＩＮＮＩＡ",,305,"沖縄県","那覇市","長田１丁目１７番１８号ファインステージ長田３０４",,47,201,9020077,,,,,,,2026-09-18,1,,,,,"ジニア",0
1404,6370001014527,01,1,2026-09-18,2015-10-05,"株式会社東北ホームテック",,301,"宮城県","仙台市宮城野区","五輪２丁目１２－３－２０３",,04,102,9830842,,,,,,,2015-10-05,1,,,,,"トウホクホームテック",0
1405,6370001022240,12,0,2026-09-18,2026-09-07,"宮城地所株式会社",,301,"宮城県","仙台市青葉区","堤町３丁目４番７号",,04,101,9810912,,,,,,,2015-10-05,1,,,,,"ミヤギチショ",0
1406,6370001043575,21,0,2026-09-18,2026-09-07,"株式会社ＡＪＩＮ",,301,"宮城県","仙台市太白区","柳生７丁目２２番地の１",,04,104,9811106,,,2026-09-07,01,,,2018-10-04,1,,,,,"エイジン",0
1407,6370001053442,12,0,2026-09-18,2026-09-10,"株式会社トレジャーハント",,301,"宮城県","仙台市宮城野区","高砂１丁目１８１番地の１",,04,102,9830014,,,,,,,2026-02-02,1,,,,,"トレジャーハント",0
1408,6370602000058,01,1,2026-09-18,2015-10-05,"有限会社アクシス",,302,"宮城県","宮城郡利府町","神谷沢字館ノ内６３番地２",,04,406,9810121,,,,,,,2015-10-05,1,,,,,"アクシス",0
1409,6370605000195,01,1,2026-09-18,2015-10-05,"愛宕神社",,399,"宮城県","塩竈市","泉ケ岡１１番７号",,04,203,9850056,,,,,,,2015-10-05,1,,,,,"アタゴジンジャ",0
1410,6380002020754,21,0,2026-09-18,2026-09-15,"有限会社大須賀縫製",,302,"福島県","岩瀬郡天栄村","大字牧之内字惣五郎内１番地",,07,344,9620501,,,2026-09-15,01,,,2015-10-05,1,,,,,"オオスガホウセイ",0
1411,6380005009720,21,0,2026-09-18,2026-09-15,"特定非営利活動法人会津国際女性協会",,399,"福島県","会津若松市","花畑東５番３号",,07,202,9650027,,,2026-09-15,01,,,2015-10-05,1,,,,,"アイズコクサイジョセイキョウカイ",0
1412,6400001017542,01,0,2026-09-18,2026-09-18,"株式会社ＷＯＷ　ＣＲＥＡＴＥ",,301,"岩手県","盛岡市","仙北２丁目１２番３５号",,03,201,0200861,,,,,,,2026-09-18,1,,,,,"ワウクリエイト",0
1413,6430001097714,01,0,2026-09-18,2026-09-18,"株式会社めぐり家",,301,"北海道","恵庭市","大町２丁目５番１１号",,01,231,0611424,,,,,,,2026-09-18,1,,,,,"メグリヤ",0
1414,6430001097722,01,0,2026-09-18,2026-09-18,"株式会社ＳＵＮ　ＡＢＯＶＥ",,301,"北海道","札幌市中央区","南十一条西８丁目３番１９－３０２号",,01,101,0640811,,,,,,,2026-09-18,1,,,,,"サンアボウヴ",0
1415,6430003019443,01,0,2026-09-18,2026-09-18,"合同会社ボーグ",,305,"北海道","札幌市東区","北二十条東７丁目１番１１号",,01,103,0650020,,,,,,,2026-09-18,1,,,,,"ボーグ",0
1416,6450001012233,12,0,2026-09-18,2026-09-16,"株式会社紅葉商事",,301,"北海道","旭川市","神居一条１９丁目７９番地の７９",,01,204,0708011,,,,,,,2017-11-08,1,,,,,"コウヨウショウジ",0
1417,6450003001952,12,0,2026-09-18,2026-09-15,"美瑛ライフ合同会社",,305,"北海道","旭川市","二条通８丁目２２３番地の３",,01,204,0700032,,,,,,,2020-05-26,1,,,,,"ビエイライフ",0
1418,6460101007909,01,0,2026-09-18,2026-09-18,"株式会社環境リペアサービス",,301,"北海道","帯広市","西二十四条北４丁目５番地４",,01,207,0802464,,,,,,,2026-09-18,1,,,,,"カンキョウリペアサービス",0
1419,6470001017981,01,1,2026-09-18,2020-04-03,"株式会社Ｊ．＆　Ｌｉｂｅｒｔａ",,301,"香川県","高松市","出作町４７４番地１",,37,201,7618077,,,,,,,2020-04-03,1,,,,,"ジェイアンドリベルタ",0
1420,6470002019358,21,0,2026-09-18,2026-09-15,"有限会社山善木材商店",,302,"香川県","小豆郡小豆島町","馬木甲４３番地",,37,324,7614426,,,2026-09-15,01,,,2015-10-05,1,,,,,"ヤマゼンモクザイショウテン",0
1421,6490001005613,12,0,2026-09-18,2026-09-10,"株式会社ニアファーマシー",,301,"高知県","土佐市","高岡町甲１８９４番１０",,39,205,7811101,,,,,,,2015-10-05,1,,,,,"ニアファーマシー",0
1422,6500001025106,12,0,2026-09-18,2026-09-17,"にしうわフーズ株式会社",,301,"愛媛県","八幡浜市","保内町川之石１番耕地２４２番地１",,38,204,7960201,,,,,,,2023-08-04,1,,,,,"ニシウワフーズ",0
1423,6700150120348,13,0,2026-09-18,2026-09-15,"ｈｕｚｈｏｕｌａｉｊｉｎｇｆｕｓｈｉ　ｙｏｕｘｉａｎｚｅｒｅｎｇｏｎｇｓｉ",,401,,,,,,,,"ｗｕｘｉｎｇｑｕｈｕａｎｚｈｕｊｉｅｄａｏｈｕｉｌａｎｌｕ９９ｈａｏ１０ｚｈｕａｎｇｚｈｅｊｉａｎｇｈｕｉｌａｎｋｅｃｈｕａｎｇｚｈｏｎｇｘｉｎ３ｃｅｎｇ３０６－２ｓｈｉ　Ｈｕｚｈｏｕ　Ｚｈｅｊｉａｎｇ　３１３０００　ＣＮ",,,,,,2023-09-15,1,,,,,"フゾォウライジンフシユウゲンセキニンコウシ",0
1424,7010001145745,01,1,2026-09-18,2015-10-05,"株式会社ｋａｓｈｏコーポレーション",,301,"東京都","中央区","勝どき１丁目８番１－５１０８号",,13,102,1040054,,,,,,,2015-10-05,0,,,,,,0
1425,7010001145745,11,1,2026-09-18,2022-02-04,"株式会社香昭コーポレーション",,301,"東京都","中央区","勝どき１丁目８番１－５１０８号",,13,102,1040054,,,,,,,2015-10-05,0,,,,,"カショウコーポレーション",0
1426,7010001145745,12,1,2026-09-18,2025-05-27,"株式会社香昭コーポレーション",,301,"沖縄県","那覇市","おもろまち３丁目６番１号プレミスト那覇新都心ザ・パークフロント３０２",,47,201,9000006,,,,,,,2015-10-05,0,,,,,"カショウコーポレーション",0
1427,7010001145745,11,1,2026-09-18,2026-09-08,"株式会社綾高",,301,"沖縄県","那覇市","おもろまち３丁目６番１号プレミスト那覇新都心ザ・パークフロント３０２",,47,201,9000006,,,,,,,2015-10-05,0,,,,,"アヤタカ",0
1428,7010001145745,12,0,2026-09-18,2026-09-14,"株式会社綾高",,301,"東京都","中央区","勝どき１丁目８番１－５１０８号",,13,102,1040054,,,,,,,2015-10-05,1,,,,,"アヤタカ",0
1429,7010001146396,12,0,2026-09-18,2026-08-21,"株式会社Ａ",,301,"東京都","港区","海岸１丁目４－２２ＳＮビル９階",,13,103,1050022,,,,,,,2015-10-05,1,,,,,"エイス",0
1430,7010001268975,01,0,2026-09-18,2026-09-18,"株式会社Ｒｅｐｒｏｂａｓｅ",,301,"東京都","文京区","本駒込１丁目２番５－９０２号",,13,105,1130021,,,,,,,2026-09-18,1,,,,,"リプロベース",0
1431,7010002028115,11,0,2026-09-18,2026-09-10,"マーズリーシング４有限会社",,302,"東京都","港区","虎ノ門２丁目２番３号",,13,103,1050001,,,,,,,2015-10-05,1,,,,,"マーズリーシングフォー",0
1432,7010003041265,12,0,2026-09-18,2026-08-25,"ＣＥＳ中部３太陽光発電所合同会社",,305,"東京都","中央区","銀座８丁目１８番７－６０６号",,13,102,1040061,,,,,,,2023-08-03,1,,,,,"シーイーエスチュウブスリータイヨウコウハツデンショ",0
1433,7010003052691,01,0,2026-09-18,2026-09-18,"合同会社シルクロード",,305,"東京都","千代田区","神田和泉町１番地６－１６ヤマトビル４０５",,13,101,1010024,,,,,,,2026-09-18,1,,,,,"シルクロード",0
1434,7010005035604,12,0,2026-09-18,2026-08-18,"一般社団法人林業技能向上センター",,399,"東京都","千代田区","内神田１丁目１番１６号",,13,101,1010047,,,,,,,2022-09-28,1,,,,,"リンギョウギノウコウジョウセンター",0
1435,7010005042311,01,0,2026-09-18,2026-09-18,"一般社団法人日本小鴻雁芸術団",,399,"東京都","文京区","水道２丁目１７番１号",,13,105,1120005,,,,,,,2026-09-18,1,,,,,"シャオホンイェンゲイジュツダン",0
1436,7010401196289,12,0,2026-09-18,2026-08-21,"株式会社ホーミーズ",,301,"東京都","港区","三田４丁目１８－２０－１１０４",,13,103,1080073,,,,,,,2026-02-06,1,,,,,"ホーミーズ",0
1437,7010401201081,12,0,2026-09-18,2026-09-16,"いぬねこ日和株式会社",,301,"東京都","港区","南青山２丁目２番１５号",,13,103,1070062,,,,,,,2026-08-17,1,,,,,"イヌネコビヨリ",0
1438,7010401202220,01,0,2026-09-18,2026-09-18,"株式会社ＡＣ‐２０",,301,"東京都","港区","麻布台１丁目１番２号麻布台ヒルズＳ－Ｏｆｆｉｃｅ５１４",,13,103,1060041,,,,,,,2026-09-18,1,,,,,"エーシートゥエンティー",0
1439,7010403027616,21,0,2026-09-18,2026-08-31,"合同会社ｃｏｎｓｉｄｅｒ",,305,"東京都","港区","南青山２丁目２番１５号",,13,103,1070062,,,2026-08-31,01,,,2022-05-09,1,,,,,"コンシダー",0
1440,7010403039124,01,0,2026-09-18,2026-09-18,"合同会社ＴＡＭＳ",,305,"東京都","港区","六本木３丁目１６番１２号六本木ＫＳビル５Ｆ",,13,103,1060032,,,,,,,2026-09-18,1,,,,,"タムズ",0
1441,7010405026186,01,0,2026-09-18,2026-09-18,"ソーラーブリッジホールディングス４号一般社団法人",,399,"東京都","港区","赤坂２丁目１５番１５－７０３号ＦＯＲＴＥＱ内",,13,103,1070052,,,,,,,2026-09-18,1,,,,,"ソーラーブリッジホールディングスヨンゴウ",0
1442,7010501009986,71,0,2026-09-18,2026-09-01,"日本オプチカル株式会社",,301,"東京都","豊島区","駒込１丁目１０番１１号",,13,116,1700003,,,,,,"令和８年９月１日東京都豊島区駒込一丁目１０番１１号株式会社ミラール（5010501013817）を合併令和８年９月１日東京都豊島区駒込一丁目１０番１１号有限会社聞こえる（5010502011217）を合併",2015-10-05,1,,,,,"ニホンオプチカル",0
1443,7010501032567,01,1,2026-09-18,2015-10-05,"株式会社中田仏具店",,301,"東京都","台東区","東上野３丁目３４番７号",,13,106,1100015,,,,,,,2015-10-05,1,,,,,"ナカタブツグテン",0
1444,7010601015133,01,1,2026-09-18,2015-10-05,"株式会社福善",,301,"東京都","墨田区","東駒形２丁目１６番２号",,13,107,1300005,,,,,,,2015-10-05,1,,,,,"フクゼン",0
1445,7010603008738,12,0,2026-09-18,2026-09-14,"株式会社しらすとたまご",,301,"東京都","江東区","豊洲５丁目６番３６号豊洲プライムスクエア１０階",,13,108,1350061,,,,,,,2021-01-27,1,,,,,"シラストタマゴ",0
1446,7010701048561,12,0,2026-09-18,2026-09-08,"株式会社Ｄｅｇｕｃｈｉ　Ｔｅｃｈ",,301,"東京都","品川区","上大崎３丁目１４番３４号プラスワン４０２",,13,109,1410021,,,,,,,2025-11-06,1,,,,,"デグチテック",0
1447,7010701050162,01,0,2026-09-18,2026-09-18,"株式会社中央構想研究所",,301,"東京都","品川区","西品川１丁目２番１－１０１２号",,13,109,1410033,,,,,,,2026-09-18,1,,,,,"チュオウコウソウケンキュウジョ",0
1448,7010701050170,01,0,2026-09-18,2026-09-18,"株式会社歓宴舎",,301,"東京都","品川区","東五反田３丁目１６番３６号ＬＯＴＵＳ島津山４０２",,13,109,1410022,,,,,,,2026-09-18,1,,,,,"カンエンシャ",0
1449,7010801023951,12,0,2026-09-18,2026-09-16,"株式会社ｂｅ　Ｕ",,301,"東京都","大田区","南馬込６丁目１３番１６号",,13,111,1430025,,,,,,,2015-10-05,1,,,,,"ビーユー",0
1450,7010801037753,01,0,2026-09-18,2026-09-18,"株式会社カオトミ",,301,"東京都","大田区","山王４丁目９番２８号",,13,111,1430023,,,,,,,2026-09-18,1,,,,,"カオトミ",0
1451,7010901027092,12,0,2026-09-18,2026-09-01,"株式会社レアドゥ",,301,"東京都","世田谷区","砧６丁目２２－３－３００１",,13,112,1570073,,,,,,,2015-10-05,1,,,,,"レアドゥ",0
1452,7010901060275,01,0,2026-09-18,2026-09-18,"株式会社Ａｌｉｉ",,301,"東京都","世田谷区","東玉川２丁目５－７",,13,112,1580084,,,,,,,2026-09-18,1,,,,,"アリー",0
1453,7010903011169,01,0,2026-09-18,2026-09-18,"合同会社Ｓｏｌａｎｎ",,305,"東京都","世田谷区","代沢４丁目３８－３",,13,112,1550032,,,,,,,2026-09-18,1,,,,,"ソラン",0
1454,7010903011177,01,0,2026-09-18,2026-09-18,"ＹＡＪＩＲＩ合同会社",,305,"東京都","世田谷区","太子堂４丁目１８番１５号ＴＡＳＵＫＩＰＲＩＭＥ３Ｆ‐３",,13,112,1540004,,,,,,,2026-09-18,1,,,,,"ヤジリ",0
1455,7011001004684,12,0,2026-09-18,2026-09-10,"株式会社オア・グローリー",,301,"東京都","渋谷区","神宮前３丁目３４番８号",,13,113,1500001,,,,,,,2015-10-05,1,,,,,"オアグローリー",0
1456,7011001042164,12,0,2026-09-18,2026-09-16,"株式会社セラ",,301,"東京都","杉並区","久我山５丁目１７番２４号",,13,115,1680082,,,,,,,2015-10-05,1,,,,,,0
1457,7011001164719,21,0,2026-09-18,2026-08-21,"株式会社カイズワンダーラボ",,301,"東京都","渋谷区","神宮前５丁目３９番６号",,13,113,1500001,,,2026-08-21,01,,,2024-09-24,1,,,,,"カイズワンダーラボ",0
1458,7011001169073,11,0,2026-09-18,2026-09-02,"株式会社Ｊ‐ＫＮＯＴ",,301,"東京都","渋谷区","神宮前６丁目１２番２５号",,13,113,1500001,,,,,,,2025-04-23,1,,,,,"ジェイノット",0
1459,7011001180443,01,0,2026-09-18,2026-09-18,"ＭＩＷＡ株式会社",,301,"東京都","渋谷区","神南１丁目４番１３号プラウドジェム渋谷神南６０１",,13,113,1500041,,,,,,,2026-09-18,1,,,,,"ミワ",0
1460,7011001180451,01,0,2026-09-18,2026-09-18,"株式会社ＳＥＣＴＯＲ３",,301,"東京都","渋谷区","恵比寿西２丁目４番８号ウィンド恵比寿ビル８Ｆ",,13,113,1500021,,,,,,,2026-09-18,1,,,,,"セクタースリー",0
1461,7011002027040,01,1,2026-09-18,2015-10-05,"セベベ有限会社",,302,"東京都","渋谷区","神宮前３丁目３１番２号",,13,113,1500001,,,,,,,2015-10-05,1,,,,,"セベベ",0
1462,7011003025316,01,0,2026-09-18,2026-09-18,"合同会社Ｃｏｎｔｒｉｖａ",,305,"東京都","渋谷区","道玄坂１丁目１０番８号",,13,113,1500043,,,,,,,2026-09-18,1,,,,,"コントライバ",0
1463,7011003025365,01,0,2026-09-18,2026-09-18,"合同会社オダギリ",,305,"東京都","渋谷区","道玄坂１丁目１０番８号渋谷道玄坂東急ビル２Ｆ－Ｃ",,13,113,1500043,,,,,,,2026-09-18,1,,,,,"オダギリ",0
1464,7011101054539,21,0,2026-09-18,2026-08-31,"株式会社トモエ",,301,"東京都","新宿区","北新宿４丁目９番１８－６０１号",,13,104,1690074,,,2026-08-31,11,5011102005286,"令和８年８月３１日東京都新宿区北新宿四丁目３６番１号株式会社三共モータース（5011102005286）に合併し解散",2015-10-05,1,,,,,"トモエ",0
1465,7011101077985,01,1,2026-09-18,2016-08-16,"吉晴株式会社",,301,"東京都","新宿区","高田馬場３丁目１番３号",,13,104,1690075,,,,,,,2016-08-16,1,,,,,"ヨシハル",0
1466,7011101081863,01,1,2026-09-18,2017-09-29,"株式会社ワイマックス",,301,"東京都","新宿区","西新宿７丁目５番５号",,13,104,1600023,,,,,,,2017-09-29,1,,,,,"ワイマックス",0
1467,7011101087365,12,0,2026-09-18,2026-09-14,"株式会社ヴァリ",,301,"東京都","千代田区","神田鍛冶町３丁目４",,13,101,1010045,,,,,,,2019-04-15,1,,,,,"ヴァリ",0
1468,7011101101142,21,0,2026-09-18,2026-08-31,"株式会社Ｍｉｒａｋｕ",,301,"東京都","新宿区","住吉町１番２０号角張ビル５Ｆ",,13,104,1620065,,,2026-08-31,11,3010701024384,"令和８年８月３１日東京都新宿区住吉町１番２０号角張ビル５Ｆ株式会社スホ（3010701024384）に合併し解散",2022-12-13,1,,,,,"ミラク",0
1469,7011201027378,01,0,2026-09-18,2026-09-18,"株式会社ＮＥＫＫＹＯ",,301,"東京都","中野区","中野５丁目５３－２、１Ｆ",,13,114,1640001,,,,,,,2026-09-18,1,,,,,"ネッキョウ",0
1470,7011401023904,12,0,2026-09-18,2026-09-16,"高丁商事株式会社",,301,"東京都","板橋区","東坂下２丁目１０－１０－２０３",,13,119,1740042,,,,,,,2021-12-14,1,,,,,"コウテイショウジ",0
1471,7011401024877,12,0,2026-09-18,2026-09-16,"ＺＥＲ０１ＣＨＩ　ＨＯＬＤＩＮＧＳ株式会社",,301,"東京都","渋谷区","千駄ヶ谷１丁目１０番６号Ｍｏｎ‐Ｒｅｐｏｓ２０２",,13,113,1510051,,,,,,,2023-02-06,1,,,,,"ゼロイチホールディングス",0
1472,7011501032854,21,0,2026-09-18,2026-09-17,"株式会社勝確",,301,"東京都","北区","赤羽南２丁目１１番１４号",,13,117,1150044,,,2026-09-17,01,,,2025-12-01,1,,,,,"カチカク",0
1473,7011501033745,01,0,2026-09-18,2026-09-18,"株式会社近代交通社",,301,"東京都","北区","上十条５丁目２７番３号",,13,117,1140034,,,,,,,2026-09-18,1,,,,,"キンダイコウツウシャ",0
1474,7011601029890,01,0,2026-09-18,2026-09-18,"株式会社ｂｅｌｌｅ",,301,"東京都","練馬区","練馬１丁目２０－８日建練馬ビル２Ｆ",,13,120,1760001,,,,,,,2026-09-18,1,,,,,"ベル",0
1475,7011701001221,01,1,2026-09-18,2015-10-05,"株式会社エアテック",,301,"東京都","江戸川区","鹿骨５丁目３４番７号",,13,123,1330073,,,,,,,2015-10-05,1,,,,,"エアテック",0
1476,7011701011220,01,1,2026-09-18,2015-10-05,"株式会社原オフィスＦＰ＆Ｄｒｓ．",,301,"東京都","江戸川区","南葛西２丁目１番１１号",,13,123,1340085,,,,,,,2015-10-05,0,,,,,"ハラオフィスエフピーアンドドクターズ",0
1477,7011701011220,12,1,2026-09-18,2016-09-06,"株式会社原オフィスＦＰ＆Ｄｒｓ．",,301,"東京都","江戸川区","東葛西６丁目１１番３号",,13,123,1340084,,,,,,,2015-10-05,1,,,,,"ハラオフィスエフピーアンドドクターズ",0
1478,7011801032513,11,0,2026-09-18,2026-09-01,"株式会社高岩グループ",,301,"東京都","新宿区","大久保２丁目５－２０シティプラザ新宿１００５号",,13,104,1690072,,,,,,,2016-11-11,1,,,,,"タカイワグループ",0
1479,7011802023214,01,1,2026-09-18,2015-10-05,"有限会社芝野ビジネスサービス",,302,"東京都","足立区","千住３丁目３７番７号",,13,121,1200034,,,,,,,2015-10-05,1,,,,,"シバノビジネスサービス",0
1480,7012302002410,01,1,2026-09-18,2015-10-05,"有限会社渋谷商店",,302,"東京都","町田市","山崎町１０５４番地",,13,209,1950074,,,,,,,2015-10-05,1,,,,,"シブヤショウテン",0
1481,7012401015107,21,0,2026-09-18,2026-09-04,"株式会社制作室ＴＡＯ",,301,"東京都","武蔵野市","吉祥寺南町５丁目１３番１６号",,13,203,1800003,,,2026-09-04,01,,,2015-10-05,1,,,,,"セイサクシツタオ",0
1482,7012401031723,12,0,2026-09-18,2026-09-16,"株式会社ビューエンタープライズ",,301,"東京都","東久留米市","柳窪３丁目３－１－１０６",,13,222,2030044,,,,,,,2016-08-08,1,,,,,"ビューエンタープライズ",0
1483,7012401040922,12,0,2026-09-18,2026-09-14,"株式会社ＧＯＭＡＲＵ",,301,"東京都","杉並区","西荻南２丁目６番６号ＲｏｙａｌＣｉｔｙ西荻窪ＩＩ５０１",00145010,13,115,1670053,,,,,,,2023-08-30,1,,,,,"ゴマル",0
1484,7012402015460,01,1,2026-09-18,2015-10-05,"有限会社ＰＲクリエーション",,302,"東京都","小金井市","緑町１丁目２番３４－３０５号",,13,210,1840003,,,,,,,2015-10-05,1,,,,,"ピーアールクリエーション",0
1485,7012403001542,12,0,2026-09-18,2026-09-07,"合同会社中村義洋事務所",,305,"東京都","調布市","深大寺東町６丁目３１番１５",,13,208,1820012,,,,,,,2015-10-05,1,,,,,"ナカムラヨシヒロジムショ",0
1486,7012403007985,01,0,2026-09-18,2026-09-18,"合同会社リンクスエッジ",,305,"東京都","多摩市","鶴牧３丁目５番地の７ザ・グランクロス多摩センター７０１",,13,224,2060034,,,,,,,2026-09-18,1,,,,,"リンクスエッジ",0
1487,7013301052339,12,0,2026-09-18,2026-09-15,"株式会社Ｐｒｏｔｅｃｔｏｒ",,301,"東京都","豊島区","東池袋５丁目７番３号アゼリア東池袋４０１",,13,116,1700013,,,,,,,2024-04-12,1,,,,,"プロテクター",0
1488,7013301054095,01,1,2026-09-18,2025-04-17,"永新株式会社",,301,"東京都","豊島区","要町１丁目４５－９ｅｍｉｏ２０２号",,13,116,1710043,,,,,,,2025-04-17,0,"Eishin Co., Ltd.",,,,"エイシン",0
1489,7013301054095,12,1,2026-09-18,2025-12-03,"永新株式会社",,301,"東京都","千代田区","飯田橋３丁目９番７号６階",,13,101,1020072,,,,,,,2025-04-17,1,"Eishin Co., Ltd.","Tokyo","6F, 3-9-7 Iidabashi, Chiyoda ku",,"エイシン",0
1490,7013401006987,12,0,2026-09-18,2026-09-14,"株式会社ＭＡＳＡＨＡＡＮ",,301,"東京都","渋谷区","桜丘町２３番１７号シティコート桜丘４０４",,13,113,1500031,,,,,,,2015-10-05,1,,,,,"マサハーン",0
1491,7020001051141,01,1,2026-09-18,2015-10-05,"株式会社笹森",,301,"神奈川県","横浜市神奈川区","栄町８９番地１８フシキビル",,14,102,2210052,,,,,,,2015-10-05,1,,,,,"ササモリ",0
1492,7020001078564,01,1,2026-09-18,2015-10-05,"株式会社青木商事",,301,"神奈川県","川崎市中原区","丸子通２丁目４４３番地２",,14,133,2110006,,,,,,,2015-10-05,1,,,,,"アオキショウジ",0
1493,7020001097250,71,0,2026-09-18,2026-08-03,"株式会社ワーク・イノベーション",,301,"神奈川県","横浜市都筑区","仲町台１丁目３－７",,14,118,2240041,,,,,,"令和８年８月１日神奈川県横浜市都筑区仲町台一丁目３番７号株式会社Ｂｉｚｌｉｎｅ（9020001156401）を合併令和８年８月１日神奈川県横浜市都筑区仲町台一丁目３番７号株式会社Ｂｉｚｌｉｎｅライフスタイル（6020001159175）を合併",2015-10-05,1,,,,,"ワークイノベーション",0
1494,7020001143558,12,0,2026-09-18,2026-09-07,"Ｃｒｅｄｏ　Ｐａｒｔｎｅｒｓ株式会社",,301,"神奈川県","横浜市青葉区","あざみ野２丁目２９番地１",,14,117,2250011,,,,,,,2021-10-20,1,,,,,"クレドパートナーズ",0
1495,7020001144977,21,0,2026-09-18,2026-09-07,"株式会社Ｋｎｏｗｌｅｄｇｅ＆Ｃｏｎｎｅｃｔｉｏｎ",,301,"神奈川県","横浜市緑区","長津田４丁目１７－９コンフォート長津田１１５号",,14,113,2260027,,,2026-09-07,01,,,2022-01-27,1,,,,,"ナレッジアンドコネクション",0
1496,7020001170437,01,0,2026-09-18,2026-09-18,"株式会社Ｌｕｍｉｓｉａ",,301,"神奈川県","横浜市港北区","綱島西１丁目４番２６－３０５号",,14,109,2230053,,,,,,,2026-09-18,1,,,,,"ルミシア",0
1497,7020003013437,21,0,2026-09-18,2026-09-07,"Ｔｅｋｎｉａ　Ｊａｐａｎ合同会社",,305,"神奈川県","横浜市西区","浅間町１丁目４－３",,14,103,2200072,,,2026-09-07,01,,,2017-10-23,1,,,,,"テクニアジャパン",0
1498,7020003020004,21,0,2026-09-18,2026-09-07,"横浜エース合同会社",,305,"神奈川県","川崎市川崎区","駅前本町１８番１号メルスサイトー７０２",,14,131,2100007,,,2026-09-07,01,,,2021-06-17,1,,,,,"ヨコハマエース",0
1499,7020003029730,12,0,2026-09-18,2026-07-23,"合同会社和興",,305,"神奈川県","横浜市瀬谷区","瀬谷４丁目８－１６",,14,114,2460031,,,,,,,2025-11-07,1,,,,,"ワコウ",0
1500,7020003031843,01,0,2026-09-18,2026-09-18,"合同会社ＴＭ商会",,305,"神奈川県","横浜市鶴見区","寛政町２３番４号",,14,101,2300034,,,,,,,2026-09-18,1,,,,,"ティーエムショウカイ",0
1501,7020005001984,21,0,2026-09-18,2026-09-08,"医療法人香仁会",,399,"神奈川県","横浜市緑区","十日市場町８５１番地１３河口ビル",,14,113,2260025,,,2026-09-08,01,,,2015-10-05,1,,,,,"コウジンカイ",0
1502,7021001038351,01,1,2026-09-18,2015-10-05,"株式会社コンプラウト",,301,"神奈川県","平塚市","老松町１７番１１号",,14,203,2540033,,,,,,,2015-10-05,1,,,,,"コンプラウト",0
1503,7021001054084,01,1,2026-09-18,2015-10-05,"株式会社レバンタリオス",,301,"神奈川県","厚木市","金田５１９番地４",,14,212,2430807,,,,,,,2015-10-05,1,,,,,"レバンタリオス",0
1504,7021002013510,01,1,2026-09-18,2015-10-05,"有限会社プロディール",,302,"神奈川県","茅ヶ崎市","若松町３番１６－５０１号",,14,207,2530051,,,,,,,2015-10-05,1,,,,,"プロディール",0
1505,7021003005119,12,0,2026-09-18,2026-09-07,"株式会社プロパティタイクーン",,301,"神奈川県","横浜市中区","港町１丁目１番地１ＢＡＳＥＧＡＴＥ横浜関内タワー１１階",,14,104,2310017,,,,,,,2015-10-05,1,,,,,"プロパティタイクーン",0
1506,7021003016917,12,0,2026-09-18,2026-09-15,"合同会社ＬＵＣＫＹ",,305,"大阪府","大阪市淀川区","加島１丁目２番３－２０８",,27,123,5320031,,,,,,,2025-12-24,1,,,,,"ラッキー",0
1507,7030001140166,12,0,2026-09-18,2026-09-16,"エルスプラン株式会社",,301,"東京都","渋谷区","恵比寿南１丁目１番１号ＨｕｍａｘＥｂｉｓｕリージャス恵比寿センター",,13,113,1500022,,,,,,,2021-01-13,1,,,,,"エルスプラン",0
1508,7030001140570,11,0,2026-09-18,2026-09-02,"大福興業株式会社",,301,"埼玉県","蕨市","中央２丁目８番１１号",,11,223,3350004,,,,,,,2021-02-03,1,,,,,"ダイフクコウギョウ",0
1509,7030001166392,12,0,2026-09-18,2026-08-26,"株式会社ライフハーモニー",,301,"埼玉県","さいたま市岩槻区","宮町２丁目６番３９－６号",,11,110,3390065,,,,,,,2025-05-08,1,,,,,"ライフハーモニー",0
1510,7030002074058,01,1,2026-09-18,2015-10-05,"有限会社高井光学",00017089,302,"埼玉県","川越市","大字藤間１００２番地５",,11,201,3501142,,,,,,,2015-10-05,1,,,,,"タカイコウガク",0
1511,7030003011679,12,0,2026-09-18,2026-09-11,"合同会社マーケティング出版",,305,"茨城県","つくば市","並木３丁目２６番２３号ＣｈａｔｅａｕＰｒｉｎｃｅｓｓ１階",,08,220,3050044,,,,,,,2018-04-10,1,,,,,"マーケティングシュッパン",0
1512,7030003029977,01,0,2026-09-18,2026-09-18,"合同会社ルーフ",,305,"埼玉県","志木市","本町５丁目１８－１８",,11,228,3530004,,,,,,,2026-09-18,1,,,,,"ルーフ",0
1513,7040001060561,12,0,2026-09-18,2026-09-16,"株式会社シーステージ",,301,"東京都","江東区","富岡１丁目２４番３号富岡足立ビル３階",,13,108,1350047,,,,,,,2015-10-05,1,,,,,"シーステージ",0
1514,7040001065420,01,1,2026-09-18,2015-10-05,"株式会社柏市建設業センター",,301,"千葉県","柏市","松ケ崎９５番地の３４",,12,217,2770835,,,,,,,2015-10-05,1,,,,,"カシワシケンセツギョウセンター",0
1515,7040001089493,21,0,2026-09-18,2026-09-14,"株式会社リリィレミ",,301,"東京都","大田区","南馬込１丁目２６番５号",,13,111,1430025,,,2026-09-14,01,,,2015-10-05,1,,,,,"リリィレミ",0
1516,7040001091474,01,1,2026-09-18,2015-10-05,"株式会社ルームアイ",,301,"千葉県","我孫子市","下ケ戸１８１６番地の５",,12,222,2701138,,,,,,,2015-10-05,0,,,,,"ルームアイ",0
1517,7040001091474,12,1,2026-09-18,2020-09-16,"株式会社ルームアイ",,301,"千葉県","我孫子市","柴崎台４丁目７番１４号１０１号",,12,222,2701176,,,,,,,2015-10-05,1,,,,,"ルームアイ",0
1518,7040001096143,01,1,2026-09-18,2016-07-21,"グローバルウイング株式会社",,301,"千葉県","野田市","中野台１２６番地の４",,12,208,2780035,,,,,,,2016-07-21,1,,,,,"グローバルウイング",0
1519,7040001109350,12,0,2026-09-18,2026-09-16,"ＶＯＹＡＧＥＲ　ＪＡＰＡＮ株式会社",,301,"東京都","江東区","東陽２丁目４番３９号",,13,108,1350016,,,,,,,2019-05-30,1,,,,,"ボイジャージャパン",0
1520,7040001130827,21,0,2026-09-18,2026-08-31,"株式会社ミーズ",,301,"千葉県","千葉市中央区","新宿２丁目１３番８号アーバンライフ愛宕４０２号",,12,101,2600021,,,2026-08-31,01,,,2023-11-06,1,,,,,"ミーズ",0
1521,7040001145296,01,0,2026-09-18,2026-09-18,"株式会社ケイコーポレーション",,301,"千葉県","千葉市中央区","登戸４丁目２番１０号",,12,101,2600032,,,,,,,2026-09-18,1,,,,,"ケイコーポレーション",0
1522,7040001145346,01,0,2026-09-18,2026-09-18,"株式会社ｃａｐｒｉ",,301,"千葉県","市川市","妙典５丁目１３番３３号妙典オフィス３Ｆ－１６",,12,203,2720111,,,,,,,2026-09-18,1,,,,,"カプリ",0
1523,7040002017032,01,1,2026-09-18,2015-10-05,"有限会社ケイエヌエス",,302,"千葉県","千葉市美浜区","磯辺６丁目２番１８号",,12,106,2610012,,,,,,,2015-10-05,0,,,,,"ケイエヌエス",0
1524,7040002017032,12,1,2026-09-18,2026-08-31,"有限会社ケイエヌエス",,302,"千葉県","千葉市美浜区","真砂２丁目１５－１－３０２",,12,106,2610011,,,,,,,2015-10-05,1,,,,,"ケイエヌエス",0
1525,7040002050958,01,1,2026-09-18,2015-10-05,"有限会社秋元ケアーステーション",,302,"千葉県","流山市","野々下６丁目６５７番地の１３",,12,220,2700135,,,,,,,2015-10-05,1,,,,,"アキモトケアーステーション",0
1526,7040002085005,01,1,2026-09-18,2015-10-05,"有限会社越川石油",,302,"千葉県","旭市","入野１０８８番地７",,12,215,2890515,,,,,,,2015-10-05,1,,,,,"コシカワセキユ",0
1527,7040003030752,01,0,2026-09-18,2026-09-18,"合同会社ユウケン",,305,"千葉県","千葉市稲毛区","山王町３０２番地２",,12,103,2630002,,,,,,,2026-09-18,1,,,,,"ユウケン",0
1528,7040003030760,01,0,2026-09-18,2026-09-18,"合同会社ソレアード",,305,"千葉県","市川市","市川１丁目２２番８－１００３号（ルフォン市川一丁目ザ・タワー＆レジデンス）",,12,203,2720034,,,,,,,2026-09-18,1,,,,,"ソレアード",0
1529,7050001014723,01,1,2026-09-18,2015-10-05,"稲毛田エンジニアリング株式会社",,301,"茨城県","坂東市","逆井２８２８番地３２",,08,228,3060501,,,,,,,2015-10-05,1,,,,,"イナゲダエンジニアリング",0
1530,7060001005556,01,1,2026-09-18,2015-10-05,"住環境衛生センター株式会社",,301,"栃木県","宇都宮市","清原台２丁目６番地１６",,09,201,3213223,,,,,,,2015-10-05,1,,,,,"ジュウカンキョウエイセイセンター",0
1531,7060001020761,01,1,2026-09-18,2015-10-05,"株式会社キラクヤ",,301,"栃木県","佐野市","戸奈良町８５６番地",,09,204,3270323,,,,,,,2015-10-05,1,,,,,,0
1532,7060001039620,01,0,2026-09-18,2026-09-18,"株式会社ヤマダイ重量",,301,"栃木県","足利市","本城２丁目１９０５番地１３",,09,202,3260808,,,,,,,2026-09-18,1,,,,,"ヤマダイジュウリョウ",0
1533,7060002024175,21,0,2026-09-18,2026-09-15,"那須孝鋭モーター有限会社",,302,"栃木県","那須塩原市","南赤田３２１番地１４５",,09,213,3292743,,,2026-09-15,01,,,2015-10-05,1,,,,,"ナスコウエイモーター",0
1534,7060003003632,01,1,2026-09-18,2021-03-16,"合同会社Ｄａｉｓｙ",,305,"栃木県","那須塩原市","鍋掛１０８５番地４９７",,09,213,3250013,,,,,,,2021-03-16,0,,,,,"デイシー",0
1535,7060003003632,12,1,2026-09-18,2026-09-15,"合同会社Ｄａｉｓｙ",,305,"栃木県","那須塩原市","鍋掛１４７５番地１７４",,09,213,3250013,,,,,,,2021-03-16,1,,,,,"デイシー",0
1536,7060005009347,01,1,2026-09-18,2017-08-03,"エホバの証人の栃木県宇都宮市清原会衆",,399,"栃木県","宇都宮市","清原台４丁目３２番地１４",,09,201,3213223,,,,,,,2017-08-03,1,,,,,"エホバノショウニンノトチギケンウツノミヤシキヨハラカイシュウ",0
1537,7060005009966,01,1,2026-09-18,2022-04-19,"一般社団法人栃木県レクリエーション協会",,399,"栃木県","宇都宮市","駒生１丁目１番６号",,09,201,3200066,,,,,,,2022-04-19,1,,,,,"トチギケンレクリエーションキョウカイ",0
1538,7070001028028,01,1,2026-09-18,2015-10-05,"株式会社上毛福祉会",,301,"群馬県","佐波郡玉村町","大字斎田３１１番地１",,10,464,3701131,,,,,,,2015-10-05,1,,,,,"ジョウモウフクシカイ",0
1539,7070001028663,12,0,2026-09-18,2026-09-14,"ＪＡＰＡＮインテリア・シルク株式会社",,301,"群馬県","伊勢崎市","太田町８０３番地１３",,10,204,3720006,,,,,,,2015-10-05,1,,,,,"ジャパンインテリアシルク",0
1540,7080001003731,01,1,2026-09-18,2015-10-05,"東和工業株式会社",,301,"静岡県","静岡市葵区","水落町５番１５号",,22,101,4200831,,,,,,,2015-10-05,1,,,,,"トウワコウギョウ",0
1541,7080101005751,21,0,2026-09-18,2026-09-14,"スズキ工業株式会社",,301,"静岡県","駿東郡清水町","的場１９１番地の３",,22,341,4110915,,,2026-09-14,01,,,2015-10-05,1,,,,,"スズキコウギョウ",0
1542,7080102001048,01,1,2026-09-18,2015-10-05,"有限会社久栄創業",,302,"静岡県","沼津市","西間門４２番地の３",,22,203,4100871,,,,,,,2015-10-05,1,,,,,"キュウエイソウギョウ",0
1543,7080401027784,12,0,2026-09-18,2026-09-14,"株式会社ＬＩＧＡＲＥＦＹ",,301,"静岡県","浜松市中央区","半田山６丁目３番２１－３号",,22,138,4313125,,,,,,,2025-03-05,0,,,,,"リガレファイ",0
1544,7080401027784,11,0,2026-09-18,2026-09-14,"株式会社マルカト",,301,"静岡県","浜松市中央区","半田山６丁目３番２１－３号",,22,138,4313125,,,,,,,2025-03-05,1,,,,,"マルカト",0
1545,7080403005581,01,0,2026-09-18,2026-09-18,"合同会社ライフアタック",,305,"静岡県","浜松市中央区","西都台町４‐３",,22,138,4328071,,,,,,,2026-09-18,1,,,,,"ライフアタック",0
1546,7090005007819,01,0,2026-09-18,2026-09-18,"一般社団法人ふえふき農泊",,399,"山梨県","笛吹市","境川町三椚１４０",,19,211,4060846,,,,,,,2026-09-18,1,,,,,"フエフキノウハク",0
1547,7100001027323,01,1,2026-09-18,2015-10-05,"株式会社扇屋",,301,"長野県","松本市","村井町南１丁目３０番２５号",,20,202,3990036,,,,,,,2015-10-05,1,,,,,"オウギヤ",0
1548,7100002003397,01,1,2026-09-18,2015-10-05,"有限会社ドンキホーテ",,302,"長野県","長野市","上松３丁目３９番１６号",,20,201,3800802,,,,,,,2015-10-05,0,,,,,"ドンキホーテ",0
1549,7100002003397,12,1,2026-09-18,2026-09-14,"有限会社ドンキホーテ",,302,"長野県","長野市","南千歳１丁目１５番地３",,20,201,3800823,,,,,,,2015-10-05,1,,,,,"ドンキホーテ",0
1550,7100003007686,12,0,2026-09-18,2026-09-17,"ＳＯＮＤＥＲ合同会社",,305,"長野県","北安曇郡白馬村","大字北城５９５０番地４ＦｕｊｉｙａＳｔｏｒｅＢ",,20,485,3999301,,,,,,,2024-08-07,1,,,,,"ソンダー",0
1551,7110001010773,12,0,2026-09-18,2026-09-08,"株式会社クロス",,301,"新潟県","新潟市中央区","姥ケ山４丁目７番５４号メゾンタムラ２０６",,15,103,9500923,,,,,,,2015-10-05,1,,,,,"クロス",0
1552,7110002011044,01,1,2026-09-18,2015-10-05,"有限会社いしだや",,302,"新潟県","新潟市西蒲区","曽根３０９番地１",,15,108,9590422,,,,,,,2015-10-05,1,,,,,"イシダヤ",0
1553,7110005011090,12,0,2026-09-18,2026-08-31,"ワールドスクエア協同組合",,399,"新潟県","上越市","鴨島１丁目５番２号",,15,222,9430153,,,,,,,2015-10-05,1,,,,,"ワールドスクエア",0
1554,7120001055561,01,1,2026-09-18,2015-10-05,"三輝興業株式会社",,301,"大阪府","大阪市淀川区","塚本２丁目２８番２０号",,27,123,5320026,,,,,,,2015-10-05,1,,,,,"サンキコウギョウ",0
1555,7120001077077,01,1,2026-09-18,2015-10-05,"カヤノスタジオ株式会社",,301,"大阪府","大阪市中央区","（大阪市東区上町一丁目１２番７号）",,27,128,5390000,,,,,,,2015-10-05,0,,,,,"カヤノスタジオ",0
1556,7120001077077,12,1,2026-09-18,2017-11-02,"カヤノスタジオ株式会社",,301,"大阪府","大阪市中央区","上町１丁目１２番７号",,27,128,5400005,,,,,,,2015-10-05,1,,,,,"カヤノスタジオ",0
1557,7120001094691,12,0,2026-09-18,2026-09-15,"株式会社企楽社",,301,"大阪府","大阪市中央区","平野町１丁目５番９号井上ビル１階",,27,128,5410046,,,,,,,2015-10-05,1,,,,,"キガクシャ",0
1558,7120001157300,12,0,2026-09-18,2026-09-15,"株式会社門建",,301,"大阪府","門真市","島頭３丁目１番７号",,27,223,5710016,,,,,,,2015-10-05,1,,,,,"カドケン",0
1559,7120001162275,21,0,2026-09-18,2026-09-01,"プログレス株式会社",,301,"兵庫県","尼崎市","東本町４丁目１０番地",,28,202,6600824,,,2026-09-01,11,9120101004623,"令和８年９月１日兵庫県尼崎市東本町四丁目１０番地株式会社ビリーヴ（9120101004623）と合併し解散",2015-10-05,1,,,,,"プログレス",0
1560,7120001185441,01,1,2026-09-18,2015-10-05,"株式会社Ｇ．ＶＩＮＴＡＧＥ",,301,"大阪府","大阪市鶴見区","浜４丁目２０番４号",,27,124,5380035,,,,,,,2015-10-05,1,,,,,"ジービンテージ",0
1561,7120001204688,12,0,2026-09-18,2026-09-15,"日本国際体育連盟株式会社",,301,"大阪府","大阪市北区","太融寺町２番２１号１１０７",,27,127,5300051,,,,,,,2017-03-31,1,,,,,"ニホンコクサイタイイクレンメイ",0
1562,7120001249849,12,0,2026-09-18,2026-09-14,"株式会社カツオザブリッチ",,301,"大阪府","大阪市西区","新町４丁目８－２２ディオフェルティ本町西８０５号",,27,106,5500013,,,,,,,2022-10-31,1,,,,,"カツオザブリッチ",0
1563,7120001289218,01,0,2026-09-18,2026-09-18,"株式会社イグニート",,301,"大阪府","大阪市北区","梅田１丁目１番３号大阪駅前第３ビル１１階２号室",,27,127,5300001,,,,,,,2026-09-18,1,,,,,"イグニート",0
1564,7120002020812,01,1,2026-09-18,2015-10-05,"有限会社ヤマシタ",,302,"大阪府","大阪市浪速区","桜川２丁目１０番１３号",,27,111,5560022,,,,,,,2015-10-05,0,,,,,"ヤマシタ",0
1565,7120002020812,11,1,2026-09-18,2024-02-22,"株式会社ビリーヴ",,301,"大阪府","大阪市浪速区","桜川２丁目１０番１３号",,27,111,5560022,,,,,,,2015-10-05,0,,,,,"ビリーヴ",0
1566,7120002020812,12,1,2026-09-18,2024-02-27,"株式会社ビリーヴ",,301,"兵庫県","尼崎市","東本町４丁目１０番地",,28,202,6600824,,,,,,,2015-10-05,0,,,,,"ビリーヴ",0
1567,7120002020812,21,0,2026-09-18,2026-09-01,"株式会社ビリーヴ",,301,"兵庫県","尼崎市","東本町４丁目１０番地",,28,202,6600824,,,2026-09-01,11,9120101004623,"令和８年９月１日兵庫県尼崎市東本町四丁目１０番地株式会社ビリーヴ（9120101004623）と合併し解散",2015-10-05,1,,,,,"ビリーヴ",0
1568,7120002032353,01,1,2026-09-18,2015-10-05,"有限会社久徳ビル",,302,"大阪府","大阪市北区","天神橋２丁目北１番１号",,27,127,5300041,,,,,,,2015-10-05,1,,,,,"ヒサトクビル",0
1569,7120101068950,12,0,2026-09-18,2026-09-16,"新日友貿易株式会社",,301,"大阪府","和泉市","阪本町４４３番１号",,27,219,5940052,,,,,,,2024-01-26,1,"Shinnichiyu Trading Co., Ltd.",,,,"シンニチユウボウエキ",0
1570,7120101074379,01,0,2026-09-18,2026-09-18,"株式会社ＷＥＳＴ　ＴＡＩＬ",,301,"大阪府","岸和田市","小松里町２３１０番地",,27,202,5960821,,,,,,,2026-09-18,1,,,,,"ウエストテイル",0
1571,7120101074404,01,0,2026-09-18,2026-09-18,"株式会社松原温泉かつらぎの湯",,301,"大阪府","松原市","丹南４丁目１１４番地の１",,27,217,5800013,,,,,,,2026-09-18,1,,,,,"マツバラオンセンカツラギノユ",0
1572,7120103007345,01,0,2026-09-18,2026-09-18,"合同会社ＰＩＡＮＯ",,305,"大阪府","堺市中区","楢葉１７０－３４",00145019,27,142,5998252,,,,,,,2026-09-18,1,,,,,"ピアノ",0
1573,7120901043483,12,0,2026-09-18,2026-09-11,"株式会社Ｈａｒｖｅｓｔ　Ｃｏｎｓｕｌｔｉｎｇ",,301,"大阪府","大阪市中央区","内本町２丁目２番１４号",,27,128,5400026,,,,,,,2020-11-16,1,,,,,"ハーベストコンサルティング",0
1574,7120901053219,01,0,2026-09-18,2026-09-18,"株式会社ミライトシ",,301,"大阪府","豊中市","新千里東町２丁目５番４－３０３号",,27,203,5600082,,,,,,,2026-09-18,1,,,,,"ミライトシ",0
1575,7120903006356,01,0,2026-09-18,2026-09-18,"合同会社ＬＩＮＫ",,305,"大阪府","池田市","天神１丁目１１番４号メゾン天神３０３号",,27,204,5630031,,,,,,,2026-09-18,1,,,,,"リンク",0
1576,7122001040907,01,0,2026-09-18,2026-09-18,"株式会社テックヨシオカ",,301,"大阪府","八尾市","太田新町６丁目１６８番地",,27,212,5810039,,,,,,,2026-09-18,1,,,,,"テックヨシオカ",0
1577,7122001040915,01,0,2026-09-18,2026-09-18,"株式会社毎日興産",,301,"大阪府","東大阪市","本町１５－４毎日興産ビル",,27,227,5798045,,,,,,,2026-09-18,1,,,,,"マイニチコウサン",0
1578,7130001006679,01,1,2026-09-18,2015-10-05,"株式会社石俊",,301,"京都府","京都市左京区","一乗寺東浦町５９番地２",,26,103,6068136,,,,,,,2015-10-05,1,,,,,"イシシュン",0
1579,7130001083074,01,0,2026-09-18,2026-09-18,"株式会社ＯＲＣＡ",,301,"京都府","京都市中京区","高倉通錦小路下る西魚屋町５９２－１－３０１",,26,104,6048142,,,,,,,2026-09-18,1,,,,,"オルカ",0
1580,7130001083090,01,0,2026-09-18,2026-09-18,"ＫＹＯＧＬＯＢＡＬＦＯＯＤＳ株式会社",,301,"京都府","京都市東山区","東大路松原上る３丁目下弁天町５８番地",,26,105,6050823,,,,,,,2026-09-18,1,,,,,"キョウグローバルフーズ",0
1581,7130002011364,01,1,2026-09-18,2015-10-05,"有限会社万味湯葉",,302,"京都府","京都市南区","西九条開ケ町１６７番地",,26,107,6018439,,,,,,,2015-10-05,1,,,,,"バンミユバマンアジユバ",0
1582,7130003011693,01,0,2026-09-18,2026-09-18,"合同会社イロドリ",,305,"京都府","京都市東山区","博多町６１番１号",,26,105,6050805,,,,,,,2026-09-18,1,,,,,"イロドリ",0
1583,7140001017989,12,0,2026-09-18,2026-09-04,"メデイカルサービス株式会社",,301,"兵庫県","神戸市西区","伊川谷町有瀬１２４８－１",,28,111,6512113,,,,,,,2015-10-05,1,,,,,"メディカルサービス",0
1584,7140001064288,01,1,2026-09-18,2015-10-05,"株式会社ケアショップニシキ姫路",,301,"兵庫県","姫路市","飾磨区英賀宮町２丁目１２２番地１",,28,201,6728080,,,,,,,2015-10-05,1,,,,,"ケアショップニシキヒメジ",0
1585,7140001088287,01,1,2026-09-18,2015-10-05,"株式会社ＴＡＫＡＨＩＲＯ",,301,"兵庫県","神戸市中央区","中山手通３丁目２番１－２５０４号",,28,110,6500004,,,,,,,2015-10-05,1,,,,,"タカヒロ",0
1586,7140001102287,01,1,2026-09-18,2016-06-14,"株式会社ＴＯＴＡＬ　ＰＬＡＮミヤモト",,301,"兵庫県","たつの市","揖保川町金剛山３９０番地",,28,229,6711664,,,,,,,2016-06-14,1,,,,,"トータルプランミヤモト",0
1587,7140001112542,12,0,2026-09-18,2026-09-10,"株式会社ヨシタロウ",,301,"兵庫県","姫路市","二階町５０番地ローレルコート姫路大手前通り１００４号",,28,201,6700922,,,,,,,2019-01-23,1,,,,,"ヨシタロウ",0
1588,7140001144107,01,0,2026-09-18,2026-09-18,"株式会社ＷＡＴＡＮＡＢＥ建設",,301,"兵庫県","姫路市","香寺町田野６６－１",,28,201,6792153,,,,,,,2026-09-18,1,,,,,"ワタナベケンセツ",0
1589,7140003018572,12,0,2026-09-18,2026-09-14,"合同会社ティーアクティビスト",,305,"兵庫県","神戸市中央区","浪花町５６番地起業プラザひょうご内",,28,110,6500035,,,,,,,2023-01-13,1,,,,,"ティーアクティビスト",0
1590,7150003004051,01,0,2026-09-18,2026-09-18,"合同会社ＤＨＲＵＶＥＬＡ",,305,"奈良県","橿原市","中曽司町１２２－１－１１３",,29,205,6340845,,,,,,,2026-09-18,1,,,,,"ドルベラ",0
1591,7160002010504,01,1,2026-09-18,2015-10-05,"有限会社加登脇建材",,302,"滋賀県","近江八幡市","野村町２２８８番地の３７",,25,204,5230075,,,,,,,2015-10-05,0,,,,,,0
1592,7160002010504,21,0,2026-09-18,2026-09-16,"有限会社加登脇建材",,302,"滋賀県","近江八幡市","野村町２２８８番地の３７",,25,204,5230075,,,2026-09-16,01,,,2015-10-05,1,,,,,,0
1593,7170001005702,01,1,2026-09-18,2015-10-05,"株式会社口井商店",,301,"和歌山県","海南市","原野３２６番地１７",,30,202,6400442,,,,,,,2015-10-05,1,,,,,"クチイショウテン",0
1594,7170001017020,12,0,2026-09-18,2026-09-17,"株式会社Ｌｉｖｉｎｇ‐ｉｎ",,301,"和歌山県","和歌山市","黒田１丁目５番２号、２Ｆ",,30,201,6408341,,,,,,,2022-03-23,1,,,,,"リビングイン",0
1595,7180001003408,01,1,2026-09-18,2015-10-05,"株式会社五十鈴インテリア",,301,"愛知県","名古屋市千種区","若水３丁目１８番８号",,23,101,4640071,,,,,,,2015-10-05,1,,,,,"イスズインテリア",0
1596,7180001021013,01,1,2026-09-18,2015-10-05,"株式会社みなみニツト",,301,"愛知県","名古屋市中川区","東中島町４丁目１７番地の５",,23,110,4540866,,,,,,,2015-10-05,1,,,,,"ミナミニット",0
1597,7180001066066,12,0,2026-09-18,2026-09-03,"株式会社エッコ",,301,"愛知県","名古屋市中区","栄５丁目２２番７号坪井南久屋ビル５階",,23,106,4600008,,,,,,,2015-10-05,1,,,,,"エッコ",0
1598,7180001131241,01,1,2026-09-18,2018-02-16,"株式会社瑠璃光運輸",,301,"愛知県","名古屋市北区","上飯田北町１丁目８番地グランドメゾン上飯田１０７号",,23,103,4620802,,,,,,,2018-02-16,0,,,,,,0
1599,7180001131241,12,1,2026-09-18,2019-04-10,"株式会社瑠璃光運輸",,301,"愛知県","大府市","北崎町茨山４４番地",,23,223,4740001,,,,,,,2018-02-16,0,,,,,,0
1600,7180001131241,11,1,2026-09-18,2019-04-10,"株式会社金孝トランス",,301,"愛知県","大府市","北崎町茨山４４番地",,23,223,4740001,,,,,,,2018-02-16,0,,,,,"カネタカトランス",0
1601,7180001131241,11,1,2026-09-18,2020-11-06,"株式会社ＫＩＮＧＳ　ＦＥＮＩＸ　ＥＸＰＲＥＳＳ",,301,"愛知県","大府市","北崎町茨山４４番地",,23,223,4740001,,,,,,,2018-02-16,0,,,,,"キングスフェニックスエクスプレス",0
1602,7180001131241,12,1,2026-09-18,2021-11-12,"株式会社ＫＩＮＧＳ　ＦＥＮＩＸ　ＥＸＰＲＥＳＳ",,301,"愛知県","名古屋市緑区","大将ケ根２丁目１００７",,23,114,4580822,,,,,,,2018-02-16,0,,,,,"キングスフェニックスエクスプレス",0
1603,7180001131241,12,1,2026-09-18,2025-02-07,"株式会社ＫＩＮＧＳ　ＦＥＮＩＸ　ＥＸＰＲＥＳＳ",,301,"愛知県","名古屋市北区","大我麻町１１６番地",,23,103,4620064,,,,,,,2018-02-16,1,,,,,"キングスフェニックスエクスプレス",0
1604,7180001137635,12,0,2026-09-18,2026-09-14,"株式会社ヴィスタリア・エステート",,301,"愛知県","名古屋市中村区","太閤５丁目４番１２号",,23,105,4530801,,,,,,,2019-08-13,1,,,,,"ヴィスタリアエステート",0
1605,7180001168812,21,0,2026-09-18,2026-09-01,"家風株式会社",,301,"愛知県","津島市","神守町字古道４５番地",,23,208,4960005,,,2026-09-01,01,,,2025-09-30,1,,,,,"カフウ",0
1606,7180001171295,12,0,2026-09-18,2026-09-07,"株式会社ＣＲＡＦＴ　ＧＥＮＥＲＡＴＥ",,301,"愛知県","名古屋市中村区","名駅３丁目４番１０号アルティメイト名駅１ｓｔ２階",,23,105,4500002,,,,,,,2026-04-01,1,,,,,"クラフトジェネレイト",0
1607,7180002025104,01,1,2026-09-18,2015-10-05,"有限会社六句小川屋商店",,302,"愛知県","名古屋市西区","幅下１丁目１３番１６号",,23,104,4510041,,,,,,,2015-10-05,1,,,,,"ロックオガワヤショウテン",0
1608,7180003028766,12,0,2026-09-18,2026-09-04,"ＫＫ合同会社",,305,"愛知県","名古屋市中川区","松葉町１丁目３０番地ＮＡＧＯＹＡｔｈｅＧＡＲＤＥＮ１０３",,23,110,4540818,,,,,,,2025-07-28,1,,,,,"ケーケー",0
1609,7180003030722,01,0,2026-09-18,2026-09-18,"合同会社未来の笑顔",,305,"愛知県","名古屋市中村区","烏森町８丁目３０６",,23,105,4530855,,,,,,,2026-09-18,1,,,,,"ミライノエガオ",0
1610,7180301027305,12,0,2026-09-18,2026-09-07,"株式会社ミカワホールディングス",,301,"愛知県","安城市","小堤町６番３号",,23,212,4460036,,,,,,,2015-10-05,1,,,,,"ミカワホールディングス",0
1611,7180302012454,01,1,2026-09-18,2015-10-05,"有限会社タマキ総合ホーム",,302,"愛知県","豊橋市","牟呂町字東明治郷下５３番地",,23,201,4418087,,,,,,,2015-10-05,1,,,,,"タマキソウゴウホーム",0
1612,7200001017396,01,1,2026-09-18,2015-10-05,"安田建設株式会社",,301,"岐阜県","加茂郡白川町","上佐見１３１番地",,21,506,5091221,,,,,,,2015-10-05,1,,,,,,0
1613,7200001045488,01,0,2026-09-18,2026-09-18,"ロアマーノ株式会社",,301,"岐阜県","可児市","羽生ケ丘５丁目１５５番地",,21,214,5090223,,,,,,,2026-09-18,1,,,,,"ロアマーノ",0
1614,7200002018699,21,0,2026-09-18,2026-09-14,"有限会社酒井田木工所",,302,"岐阜県","関市","山田４１６番地",,21,205,5013944,,,2026-09-14,01,,,2015-10-05,1,,,,,,0
1615,7200002027064,01,1,2026-09-18,2015-10-05,"有限会社吉田屋食料品店",,302,"岐阜県","飛騨市","古川町殿町１１番１号",,21,217,5094224,,,,,,,2015-10-05,1,,,,,"ヨシダヤショクリョウヒンテン",0
1616,7200003005639,21,0,2026-09-18,2026-09-11,"合同会社エヌプラス",,305,"岐阜県","多治見市","大針町６番地４７",,21,204,5070062,,,2026-09-11,01,,,2022-09-01,1,,,,,"エヌプラス",0
1617,7210001018955,12,0,2026-09-18,2026-09-10,"株式会社Ｋ",,301,"福井県","小浜市","生守第１４号６９番地の１",,18,204,9170027,,,,,,,2022-06-07,1,,,,,"ケイ",0
1618,7210003001240,12,0,2026-09-18,2026-09-11,"合同会社岩崎企画",,305,"福井県","敦賀市","岡山町６２０番地",,18,202,9140044,,,,,,,2020-06-18,1,,,,,"イワサキキカク",0
1619,7240001002048,21,0,2026-09-18,2026-09-16,"株式会社オリジン",,301,"広島県","広島市安佐南区","八木９丁目２１番８号",,34,105,7310101,,,2026-09-16,01,,,2015-10-05,1,,,,,"オリジン",0
1620,7240001022095,12,0,2026-09-18,2026-09-16,"株式会社レップ",,301,"広島県","広島市安佐南区","川内４丁目１３番３５－６０３号",,34,105,7310102,,,,,,,2015-10-05,1,,,,,,0
1621,7240002002402,21,0,2026-09-18,2026-09-15,"有限会社エヌ・ティー・シー",,302,"広島県","広島市安佐北区","倉掛２丁目１０番６号",,34,106,7391743,,,2026-09-15,01,,,2015-10-05,1,,,,,"エヌティーシー",0
1622,7240003007937,01,0,2026-09-18,2026-09-18,"合同会社アイビルディング",,305,"広島県","福山市","大門町７丁目３３番２５号",,34,207,7210926,,,,,,,2026-09-18,1,,,,,"アイビルディング",0
1623,7250001009918,01,1,2026-09-18,2015-10-05,"株式会社小早川運送",,301,"山口県","周南市","古泉２丁目１３番１２号",,35,215,7460024,,,,,,,2015-10-05,1,,,,,,0
1624,7250002000652,21,0,2026-09-18,2026-09-17,"有限会社笹川畳店",,302,"山口県","山口市","三和町１１番３６号",,35,203,7530052,,,2026-09-17,01,,,2015-10-05,1,,,,,"ササガワタタミテン",0
1625,7260001009446,21,0,2026-09-18,2026-09-17,"株式会社ユーズド・ハウジング岡山",,301,"岡山県","岡山市南区","新保６０５番地２",,33,104,7000945,,,2026-09-17,01,,,2015-10-05,1,,,,,"ユーズドハウジングオカヤマ",0
1626,7260005011530,12,0,2026-09-18,2026-09-03,"一般社団法人ＭＯＴフィロソフィア",,399,"岡山県","岡山市北区","表町１丁目４番３５号",,33,101,7000822,,,,,,,2025-10-10,1,,,,,"エムオーティーフィロソフィア",0
1627,7280001005591,12,0,2026-09-18,2026-09-16,"株式会社こばやし",,301,"島根県","雲南市","三刀屋町下熊谷１７２４番地１０",,32,209,6902403,,,,,,,2015-10-05,1,,,,,"コバヤシ",0
1628,7280002008544,11,0,2026-09-18,2026-09-14,"株式会社浜田浄化センター",,301,"島根県","浜田市","原井町９５７番地",,32,202,6970017,,,,,,,2015-10-05,1,,,,,"ハマダジョウカセンター",0
1629,7290001026389,12,0,2026-09-18,2026-09-09,"株式会社ヌーラボ",,301,"福岡県","福岡市中央区","天神１丁目１１番１号",,40,133,8100001,,,,,,,2015-10-05,1,,,,,"ヌーラボ",0
1630,7290001078728,11,0,2026-09-18,2026-09-15,"株式会社湯の森ホテル",,301,"熊本県","熊本市北区","植木町田底６番地",,43,105,8610112,,,,,,,2017-08-14,1,,,,,"ユノモリホテル",0
1631,7290001115480,01,0,2026-09-18,2026-09-18,"株式会社九州事業承継パートナーズ",,301,"福岡県","福岡市博多区","博多駅中央街８番１号ＪＲＪＰ博多ビル３Ｆ",,40,132,8120012,,,,,,,2026-09-18,1,,,,,"キュウシュウジギョウショウケイパートナーズ",0
1632,7290001115547,01,0,2026-09-18,2026-09-18,"株式会社哲エンジニアリング",,301,"福岡県","福岡市南区","曰佐３丁目２６番１６号",,40,134,8111313,,,,,,,2026-09-18,1,,,,,"テツエンジニアリング",0
1633,7290003006554,01,1,2026-09-18,2016-06-30,"セレッソ＆カンパニー合同会社",,305,"福岡県","福岡市西区","北原１丁目１０－２",,40,135,8190379,,,,,,,2016-06-30,0,,,,,"セレッソアンドカンパニー",0
1634,7290003006554,12,1,2026-09-18,2026-09-07,"セレッソ＆カンパニー合同会社",,305,"福岡県","福岡市早良区","南庄６丁目２１番２６－６０３号",,40,137,8140031,,,,,,,2016-06-30,1,,,,,"セレッソアンドカンパニー",0
1635,7290003017205,12,0,2026-09-18,2026-09-01,"ＲＥＷＩＮＤ　ＪＡＰＡＮ合同会社",,305,"福岡県","福岡市中央区","警固２丁目１９番１３号ロイヤルビル６Ｆ＃６０５",,40,133,8100023,,,,,,,2025-08-12,1,,,,,"リワインドジャパン",0
1636,7290801019947,01,1,2026-09-18,2015-10-05,"株式会社ハピネス",,301,"福岡県","北九州市八幡西区","則松７丁目９番９号",,40,109,8070831,,,,,,,2015-10-05,0,,,,,,0
1637,7290801019947,12,1,2026-09-18,2025-04-07,"株式会社ハピネス",,301,"福岡県","北九州市八幡西区","則松７丁目９番１０号",,40,109,8070831,,,,,,,2015-10-05,1,,,,,,0
1638,7300003002048,12,0,2026-09-18,2026-09-04,"合同会社Ｋｈｏｙ",,305,"佐賀県","鳥栖市","東町１丁目１０２７番４号",,41,203,8410035,,,,,,,2023-11-22,1,,,,,"ホイ",0
1639,7330003000684,01,1,2026-09-18,2015-10-05,"合資会社濱崎倉庫",,304,"熊本県","熊本市西区","春日２丁目９番２８号",,43,103,8600047,,,,,,,2015-10-05,1,,,,,"ハマサキソウコ",0
1640,7350001017027,12,0,2026-09-18,2026-09-14,"株式会社ＥＹＬ",,301,"宮崎県","宮崎市","西池町７番１４号",,45,201,8800027,,,,,,,2021-04-21,1,,,,,"エイル",0
1641,7350002014130,21,0,2026-09-18,2026-09-10,"有限会社興和",,302,"宮崎県","都城市","祝吉１丁目１８番地２",,45,202,8850019,,,2026-09-10,01,,,2015-10-05,1,,,,,"コウワ",0
1642,7360001029608,12,0,2026-09-18,2026-09-15,"大浜通商株式会社",,301,"静岡県","浜松市中央区","領家２丁目１１番１２号",,22,138,4300852,,,,,,,2021-11-11,1,,,,,"オオハマツウショウ",0
1643,7370001039283,01,1,2026-09-18,2016-03-07,"株式会社川瀬建設",,301,"宮城県","仙台市青葉区","水の森２丁目３番７号",,04,101,9810962,,,,,,,2016-03-07,1,,,,,"カワセケンセツ",0
1644,7370001042519,21,0,2026-09-18,2026-09-08,"株式会社ＴＥＮＰＯ計画",,301,"宮城県","仙台市太白区","東中田１丁目１１番２３号",,04,104,9811107,,,2026-09-08,11,8370001006943,"令和８年９月８日仙台市青葉区北目町５番９号株式会社アプリー・ヨミウリ（8370001006943）に合併し解散",2018-01-10,1,,,,,"テンポケイカク",0
1645,7370001050042,12,0,2026-09-18,2026-09-10,"株式会社８‐ｅｉｇｈｔ",,301,"宮城県","仙台市太白区","長町５丁目３番１号１０１",,04,104,9820011,,,,,,,2023-06-05,1,,,,,"エイト",0
1646,7370605000194,01,1,2026-09-18,2015-10-05,"青木神社",,399,"宮城県","塩竈市","南町８番１４号",,04,203,9850053,,,,,,,2015-10-05,1,,,,,"アオキジンジャ",0
1647,7370605000228,01,1,2026-09-18,2015-10-05,"柏木神社",,399,"宮城県","多賀城市","大代５丁目１７番５０号",,04,209,9850832,,,,,,,2015-10-05,1,,,,,"カシワギジンジャ",0
1648,7370605000252,01,1,2026-09-18,2015-10-05,"稲荷神社",,399,"宮城県","宮城郡七ヶ浜町","菖蒲田浜字招又４８番地",,04,404,9850811,,,,,,,2015-10-05,1,,,,,"イナリジンジャ",0
1649,7370605000260,01,1,2026-09-18,2015-10-05,"鼻節神社",,399,"宮城県","宮城郡七ヶ浜町","花渕浜字誰道１",,04,404,9850803,,,,,,,2015-10-05,1,,,,,"ハナブシジンジャ",0
1650,7380002001563,21,0,2026-09-18,2026-09-17,"有限会社佐野屋食品",,302,"福島県","福島市","飯坂町字月崎町１１番地の２",,07,201,9600201,,,2026-09-17,01,,,2015-10-05,1,,,,,"サノヤショクヒン",0
1651,7380002007899,21,0,2026-09-18,2026-09-15,"有限会社市浦電設工業所",,302,"福島県","郡山市","中田町赤沼字下永田９３番地の８０",,07,203,9630714,,,2026-09-15,01,,,2015-10-05,1,,,,,"イチウラデンセツコウギョウショ",0
1652,7390001007791,12,0,2026-09-18,2026-09-14,"ブレンスタッフ株式会社",,301,"山形県","鶴岡市","みどり町１４番４１号",,06,203,9970046,,,,,,,2015-10-05,1,,,,,"ブレンスタッフ",0
1653,7390005008448,21,0,2026-09-18,2026-09-14,"特定非営利活動法人おいしい庄内を全国に広げよう会",,399,"山形県","鶴岡市","桜新町８番３３号",,06,203,9970861,,,2026-09-14,01,,,2015-10-05,1,,,,,"オイシイショウナイヲゼンコクニヒロゲヨウカイ",0
1654,7400001008648,11,0,2026-09-18,2026-09-11,"株式会社ＴＮコーポレーション",,301,"岩手県","紫波郡矢巾町","大字広宮沢第５地割５０番地１",,03,322,0283621,,,,,,,2015-10-05,1,,,,,"ティーエヌコーポレーション",0
1655,7420001018777,01,1,2026-09-18,2024-07-10,"株式会社ＳＡＮＤＷＩＣＨ",,301,"青森県","弘前市","大字城東５丁目１３－６、２Ｆ",,02,202,0368095,,,,,,,2024-07-10,1,,,,,"サンドイッチ",0
1656,7430001060134,01,1,2026-09-18,2015-10-05,"株式会社キョーワ",,301,"北海道","札幌市東区","北四十六条東２丁目１番２２号",,01,103,0070846,,,,,,,2015-10-05,1,,,,,"キョーワ",0
1657,7430001097432,12,0,2026-09-18,2026-09-11,"株式会社ＩｎｆｏＤｒｉｖｅ",,301,"北海道","札幌市中央区","南一条西４丁目５番１号",,01,101,0600061,,,,,,,2026-08-05,1,,,,,"インフォドライブ",0
1658,7430001097713,01,0,2026-09-18,2026-09-18,"ＨＡＳＥＧＡＷＡ　ＨＯＬＤＩＮＧＳ株式会社",,301,"北海道","滝川市","栄町２丁目２番２０号",,01,225,0730031,,,,,,,2026-09-18,1,,,,,"ハセガワホールディングス",0
1659,7430003019442,01,0,2026-09-18,2026-09-18,"合同会社ハウスクリーン永井",,305,"北海道","札幌市清田区","平岡三条６丁目２８２－３４鈴木アパート２Ｆ",,01,110,0040873,,,,,,,2026-09-18,1,,,,,"ハウスクリーンナガイ",0
1660,7440001008248,21,0,2026-09-18,2026-09-16,"株式会社河津木工製作所",,301,"北海道","亀田郡七飯町","大川１丁目５番６号",,01,337,0411122,,,2026-09-16,01,,,2018-01-15,1,,,,,"カワツモッコウセイサクショ",0
1661,7450002010730,21,0,2026-09-18,2026-09-15,"有限会社ファイブドア・カンパニー",,302,"北海道","名寄市","西五条南７丁目１８番地",,01,221,0960015,,,2026-09-15,01,,,2015-10-05,1,,,,,"ファイブドアカンパニー",0
1662,7460001003032,01,1,2026-09-18,2015-10-05,"栗林電機株式会社",,301,"北海道","厚岸郡厚岸町","真栄２丁目６７番地",,01,662,0881151,,,,,,,2015-10-05,1,,,,,,0
1663,7460105001543,21,0,2026-09-18,2026-09-04,"天理教膽昭分教会",,399,"北海道","広尾郡大樹町","字石坂４０５番地",,01,641,0892125,,,2026-09-04,11,9460105001277,"令和８年９月４日北海道上川郡清水町御影東三条南三丁目１８番地１天理教勝佐分教会（9460105001277）に合併し解散",2015-10-05,1,,,,,"テンリキョウタンショウブンキョウカイ",0
1664,7470005002459,12,0,2026-09-18,2026-09-11,"社会福祉法人厚仁会",,399,"香川県","丸亀市","飯野町東二甲９１１番地１",,37,202,7630084,,,,,,,2015-10-05,1,,,,,"コウジンカイ",0
1665,7480002001223,01,1,2026-09-18,2015-10-05,"有限会社柏木電機商会",,302,"徳島県","徳島市","南矢三町２丁目１番５６号",,36,201,7700005,,,,,,,2015-10-05,1,,,,,"カシワギデンキシヨウカイ",0
1666,8010001074811,01,1,2026-09-18,2015-10-05,"株式会社ジャングル",,301,"東京都","千代田区","神田錦町３丁目１５番地",,13,101,1010054,,,,,,,2015-10-05,0,"JUNGLE INC.",,,,"ジャングル",0
1667,8010001074811,12,1,2026-09-18,2019-04-22,"株式会社ジャングル",,301,"東京都","千代田区","西神田２丁目８番５号",,13,101,1010065,,,,,,,2015-10-05,0,"JUNGLE INC.",,,,"ジャングル",0
1668,8010001074811,12,1,2026-09-18,2021-07-01,"株式会社ジャングル",,301,"東京都","千代田区","神田錦町２丁目２番地１",,13,101,1010054,,,,,,,2015-10-05,1,"JUNGLE INC.","Tokyo","11F 2-2-1 Kanda-Nishikicho, Chiyoda ku",,"ジャングル",0
1669,8010001268859,01,0,2026-09-18,2026-09-18,"日の出パートナーズ株式会社",,301,"東京都","千代田区","九段北１丁目１３番６号千客万来九段ビル２階",,13,101,1020073,,,,,,,2026-09-18,1,,,,,"ヒノデパートナーズ",0
1670,8010001268891,01,0,2026-09-18,2026-09-18,"株式会社ＬＡＩＤＯＵＴ",,301,"東京都","中央区","銀座１丁目１２番４号Ｎ＆ＥＢＬＤ．６Ｆ",,13,102,1040061,,,,,,,2026-09-18,1,,,,,"レイドアウト",0
1671,8010001268909,01,0,2026-09-18,2026-09-18,"ＮＯＡＨ’Ｓ　ＡＲＣＨＩＶＥ株式会社",,301,"東京都","中央区","日本橋馬喰町２丁目５番７号－２階",,13,102,1030002,,,,,,,2026-09-18,1,,,,,"ノアズアーカイブ",0
1672,8010002031695,12,0,2026-09-18,2026-09-03,"有限会社シー・ツウ",,302,"埼玉県","さいたま市桜区","西堀６丁目１７－２１",,11,106,3380832,,,,,,,2015-10-05,1,,,,,"シーツウ",0
1673,8010003041900,12,0,2026-09-18,2026-08-25,"函南太陽光発電所合同会社",,305,"東京都","中央区","銀座８丁目１８番７－６０６号",,13,102,1040061,,,,,,,2023-10-10,1,,,,,"カンナミタイヨウコウハツデンショ",0
1674,8010003046957,12,0,2026-09-18,2026-08-25,"ＣＥＩＳＩＥＣ　Ａｓｓｅｔ　Ｍａｎａｇｅｍｅｎｔ合同会社",,305,"東京都","千代田区","丸の内３丁目２番２号丸の内二重橋ビル２階",,13,101,1000005,,,,,,,2025-04-04,1,,,,,"サイズィクアセットマネジメント",0
1675,8010005042434,01,0,2026-09-18,2026-09-18,"一般社団法人歌舞伎",,399,"東京都","中央区","京橋２丁目１２番６号ＡＯＪ税理士法人内",,13,102,1040031,,,,,,,2026-09-18,1,,,,,"カブキ",0
1676,8010005042442,01,0,2026-09-18,2026-09-18,"ＥＳＲ　Ｃｈａｒｇｅｒ一般社団法人",,399,"東京都","中央区","日本橋１丁目４番１号日本橋一丁目ビルディング",,13,102,1030027,,,,,,,2026-09-18,1,,,,,"イーエスアールチャージャー",0
1677,8010401107939,12,0,2026-09-18,2026-08-31,"株式会社ミルブルックホールディングス",,301,"東京都","港区","南麻布４丁目１番１４号",,13,103,1060047,,,,,,,2015-10-05,1,,,,,"ミルブルックホールディングス",0
1678,8010401146680,12,0,2026-09-18,2026-09-07,"株式会社ｃｏｔｏｎ",,301,"神奈川県","川崎市高津区","溝口２丁目１７番３５号タチバナビル３０３号室",,14,134,2130001,,,,,,,2019-07-09,1,,,,,"コトン",0
1679,8010401183187,12,0,2026-09-18,2026-08-25,"ＬＩＮＫＥＲ株式会社",,301,"東京都","港区","六本木３丁目６番９号",,13,103,1060032,,,,,,,2024-06-20,1,,,,,"リンカー",0
1680,8010401194003,11,0,2026-09-18,2026-09-04,"スター精密株式会社",,301,"東京都","港区","六本木６丁目１０番１号",,13,103,1060032,,,,,,,2025-10-23,1,,,,,"スターセイミツ",0
1681,8010401201980,01,0,2026-09-18,2026-09-18,"ナビリンク・ジャパン株式会社",,301,"東京都","港区","芝５丁目３６番４号",,13,103,1080014,,,,,,,2026-09-18,1,,,,,"ナビリンクジャパン",0
1682,8010401202153,01,0,2026-09-18,2026-09-18,"株式会社寰界",,301,"東京都","港区","南青山３丁目８番４０号青山センタービル２Ｆ",,13,103,1070062,,,,,,,2026-09-18,1,,,,,"カンカイ",0
1683,8010401202178,01,0,2026-09-18,2026-09-18,"株式会社ＫＧＰ４",,301,"東京都","港区","愛宕２丁目５番１号愛宕グリーンヒルズＭＯＲＩタワー",,13,103,1050002,,,,,,,2026-09-18,1,,,,,"ケージーピーフォー",0
1684,8010405026185,01,0,2026-09-18,2026-09-18,"ソーラーブリッジホールディングス３号一般社団法人",,399,"東京都","港区","赤坂２丁目１５番１５－７０３号ＦＯＲＴＥＱ内",,13,103,1070052,,,,,,,2026-09-18,1,,,,,"ソーラーブリッジホールディングスサンゴウ",0
1685,8010501025074,01,1,2026-09-18,2015-10-05,"株式会社吉住モータース",,301,"東京都","台東区","東上野６丁目１２番２号",,13,106,1100015,,,,,,,2015-10-05,0,,,,,"ヨシズミモータース",0
1686,8010501025074,12,1,2026-09-18,2016-08-31,"株式会社吉住モータース",,301,"東京都","台東区","駒形２丁目６番６号オンダビル５０３",,13,106,1110043,,,,,,,2015-10-05,1,,,,,"ヨシズミモータース",0
1687,8010501044487,01,1,2026-09-18,2019-08-07,"株式会社ＤＥＬＴＡ　Ｅｓｔａｔｅ",,301,"東京都","台東区","根岸３丁目１番１６－３０２号ラウレア",,13,106,1100003,,,,,,,2019-08-07,0,,,,,"デルタエステート",0
1688,8010501044487,12,1,2026-09-18,2019-10-29,"株式会社ＤＥＬＴＡ　Ｅｓｔａｔｅ",,301,"東京都","中央区","日本橋小網町１番４号",,13,102,1030016,,,,,,,2019-08-07,0,,,,,"デルタエステート",0
1689,8010501044487,11,1,2026-09-18,2020-10-01,"株式会社ＧＲＯＵＮＤ　ｅｓｔａｔｅ",,301,"東京都","中央区","日本橋小網町１番４号",,13,102,1030016,,,,,,,2019-08-07,0,,,,,,0
1690,8010501044487,12,1,2026-09-18,2025-12-09,"株式会社ＧＲＯＵＮＤ　ｅｓｔａｔｅ",,301,"東京都","中央区","日本橋茅場町２丁目８番８号",,13,102,1030025,,,,,,,2019-08-07,1,,,,,,0
1691,8010501051145,12,0,2026-09-18,2026-09-15,"ＢＬＵＥ株式会社",,301,"大阪府","大阪市北区","菅原町１０番３６－１１０１号",,27,127,5300046,,,,,,,2023-10-11,1,,,,,"ブルー",0
1692,8010503008044,21,0,2026-09-18,2026-09-14,"マイジン合同会社",,305,"東京都","台東区","柳橋１丁目２－１２－５階ＡＢＳ－Ｃ－６号",,13,106,1110052,,,2026-09-14,01,,,2025-10-23,1,,,,,"マイジン",0
1693,8010701037976,12,0,2026-09-18,2026-09-15,"泰誠株式会社",,301,"東京都","渋谷区","道玄坂１丁目１０番８号渋谷道玄坂東急ビル２Ｆ－Ｃ",,13,113,1500043,,,,,,,2019-08-02,1,,,,,"タイセイ",0
1694,8010701042183,01,1,2026-09-18,2022-02-08,"ジョーシス株式会社",,301,"東京都","品川区","上大崎２丁目２４番９号",,13,109,1410021,,,,,,,2022-02-08,0,"Josys inc.",,,,"ジョーシス",0
1695,8010701042183,12,1,2026-09-18,2025-02-19,"ジョーシス株式会社",,301,"東京都","港区","麻布台１丁目３番１号麻布台ヒルズ森ＪＰタワー２３階",,13,103,1060041,,,,,,,2022-02-08,1,"Josys inc.","Tokyo","Mori JP Tower 23F, Azabudai Hills, 1-3-1 Azabudai, Minato ku",,"ジョーシス",0
1696,8010801036787,12,0,2026-09-18,2026-09-15,"株式会社ｃｅ",,301,"東京都","渋谷区","代官山町６番６号ＳＰＴ代官山２－Ｂ",,13,113,1500034,,,,,,,2025-11-14,1,,,,,"シー",0
1697,8010803002531,01,1,2026-09-18,2017-11-28,"合同会社ＥＭＹ",,305,"東京都","大田区","多摩川２丁目２１番１２号",,13,111,1460095,,,,,,,2017-11-28,0,,,,,"エミイ",0
1698,8010803002531,12,0,2026-09-18,2026-09-15,"合同会社ＥＭＹ",,305,"東京都","品川区","東中延２丁目８番１５号",,13,109,1420052,,,,,,,2017-11-28,1,,,,,"エミイ",0
1699,8010901013018,01,1,2026-09-18,2015-10-05,"株式会社六藤",,301,"東京都","世田谷区","東玉川１丁目２０番１０号",,13,112,1580084,,,,,,,2015-10-05,1,,,,,"ムトウ",0
1700,8010901060241,01,0,2026-09-18,2026-09-18,"株式会社Ｓｏｌｅｌｉａ",,301,"東京都","世田谷区","岡本３丁目１９番１８号",,13,112,1570076,,,,,,,2026-09-18,1,,,,,"ソレリア",0
1701,8010901060282,01,0,2026-09-18,2026-09-18,"株式会社Ｓｏｌｅｖａ",,301,"東京都","世田谷区","砧６丁目２２－１４",,13,112,1570073,,,,,,,2026-09-18,1,,,,,"ソレヴァ",0
1702,8011001072747,21,0,2026-09-18,2026-09-01,"アドセックエコロジー株式会社",,301,"東京都","渋谷区","初台１丁目４６番３号",,13,113,1510061,,,2026-09-01,11,6011001055142,"令和８年９月１日東京都渋谷区初台一丁目４６番３号シモモトビル３階アドセック株式会社（6011001055142）に合併し解散",2015-10-05,1,,,,,"アドセックエコロジー",0
1703,8011001090484,12,0,2026-09-18,2026-09-01,"株式会社ケーススタディ",,301,"東京都","渋谷区","神宮前１丁目１０番３４号",,13,113,1500001,,,,,,,2015-10-05,1,,,,,"ケーススタディ",0
1704,8011001094733,21,0,2026-09-18,2026-09-02,"ＤｅｌｔａＯｍｅｇａ株式会社",,301,"東京都","渋谷区","千駄ヶ谷３丁目３番２３－１０４号",,13,113,1510051,,,2026-09-02,01,,,2015-10-05,1,,,,,"デルタオメガ",0
1705,8011001118979,01,1,2026-09-18,2017-10-26,"ＧＡＮＹＭＥＤＥ株式会社",,301,"東京都","渋谷区","猿楽町４番３号",,13,113,1500033,,,,,,,2017-10-26,0,"GANYMEDE, Inc.",,,,"ガニメデ",0
1706,8011001118979,12,1,2026-09-18,2021-06-25,"ＧＡＮＹＭＥＤＥ株式会社",,301,"東京都","港区","白金台５丁目１１番２号",,13,103,1080071,,,,,,,2017-10-26,0,"GANYMEDE, Inc.","Tokyo","4F BARBIZON20 5-11-2 SHIROKANEDAI, Minato ku",,"ガニメデ",0
1707,8011001118979,12,1,2026-09-18,2023-08-29,"ＧＡＮＹＭＥＤＥ株式会社",,301,"東京都","港区","麻布台１丁目８番１０号",,13,103,1060041,,,,,,,2017-10-26,1,"GANYMEDE, Inc.","Tokyo","5F AZABUKAISEI BLDG, 1-8-10 AZABUDAI Minato ku",,"ガニメデ",0
1708,8011001179063,12,0,2026-09-18,2026-09-15,"ＰＲＩＣＥＬＥＳＳ株式会社",,301,"石川県","金沢市","彦三町１丁目２番１号アソルティ金沢彦三１Ｆ",,17,201,9200901,,,,,,,2026-07-21,1,,,,,"プライスレス",0
1709,8011003009846,12,0,2026-09-18,2026-09-16,"株式会社ベトナム先端技術",,301,"東京都","目黒区","下目黒２丁目８番２号ハイネス目黒５０４号室",,13,110,1530064,,,,,,,2019-04-11,1,,,,,"ベトナムセンタンギジュツ",0
1710,8011003025249,01,0,2026-09-18,2026-09-18,"合同会社たがやしびと",,305,"東京都","目黒区","鷹番３丁目４番１３号笹崎ボクシングビル５０１",,13,110,1520004,,,,,,,2026-09-18,1,,,,,"タガヤシビト",0
1711,8011003025323,01,0,2026-09-18,2026-09-18,"Ｔａｎｏｚａｋｉ　Ａｄｖｉｓｏｒｙ合同会社",,305,"東京都","渋谷区","恵比寿１丁目３４番１１号グランドヒルズ恵比寿２００８号",,13,113,1500013,,,,,,,2026-09-18,1,,,,,"タノザキアドヴァイザリー",0
1712,8011003025348,01,0,2026-09-18,2026-09-18,"合同会社ＮｅｘｔＢｙｔｅ",,305,"東京都","渋谷区","道玄坂１丁目１０番８号渋谷道玄坂東急ビル２Ｆ―Ｃ",,13,113,1500043,,,,,,,2026-09-18,1,,,,,"ネクストバイト",0
1713,8011005010827,11,0,2026-09-18,2026-09-10,"ＴＣＲＥ１号一般社団法人",,399,"東京都","渋谷区","千駄ヶ谷３丁目１１番８号",,13,113,1510051,,,,,,,2024-12-20,1,,,,,"ティーシーアールイーイチゴウ",0
1714,8011103012700,21,0,2026-09-18,2026-09-03,"合同会社恵比寿",,305,"東京都","新宿区","四谷２丁目９番地１５東京ユナイテッド綜合事務所内",,13,104,1600004,,,2026-09-03,01,,,2023-02-16,1,,,,,"エビス",0
1715,8011105005784,21,0,2026-09-18,2026-08-21,"医療法人社団成優会",,399,"東京都","新宿区","歌舞伎町１丁目５番４号第２２東ビル６階",,13,104,1600021,,,2026-08-21,01,,,2015-10-05,1,,,,,"セイユウカイ",0
1716,8011301031832,01,0,2026-09-18,2026-09-18,"株式会社Ｐｏｍａｌｏ",,301,"東京都","杉並区","宮前４丁目２４番３－７号",,13,115,1680081,,,,,,,2026-09-18,1,,,,,"ポマーロ",0
1717,8011501033050,12,0,2026-09-18,2026-09-15,"基膳株式会社",,301,"埼玉県","川口市","大字安行原７９０番地の５",,11,203,3340057,,,,,,,2026-01-29,1,,,,,"キゼン",0
1718,8011502001717,12,0,2026-09-18,2026-09-16,"木村商事有限会社",,302,"東京都","練馬区","高野台３丁目３７番１２号－１９",,13,120,1770033,,,,,,,2015-10-05,1,,,,,"キムラショウジ",0
1719,8011603004742,21,0,2026-09-18,2026-09-10,"合同会社東京水道設備",,305,"東京都","練馬区","石神井台７丁目２７番１０号メゾンドゥミシェＩＩ１０１",00139701,13,120,1770045,,,2026-09-10,01,,,2025-06-26,1,,,,,"トウキョウスイドウセツビ",0
1720,8011801033485,21,0,2026-09-18,2026-08-31,"株式会社スタイル",,301,"東京都","港区","南青山３丁目１０番４１号",,13,103,1070062,,,2026-08-31,01,,,2017-06-20,1,,,,,"スタイル",0
1721,8012401030006,01,1,2026-09-18,2015-10-05,"株式会社スタジオポノック",,301,"東京都","武蔵野市","境南町２丁目１０番地の２１",,13,203,1800023,,,,,,,2015-10-05,1,"Studio Ponoc, Inc.","Tokyo","Niikura Bldg., 2-10-21 Kyonancho, Musashino-shi",,"スタジオポノック",0
1722,8012401031937,12,0,2026-09-18,2026-09-07,"コード株式会社",,301,"東京都","武蔵野市","吉祥寺本町３丁目８番１１－３０３号",,13,203,1800004,,,,,,,2016-10-14,1,,,,,"コード",0
1723,8012401044897,01,0,2026-09-18,2026-09-18,"株式会社オルヴィクス",,301,"東京都","多摩市","落合１丁目７番地の１２ライティングビル３０１号室",,13,224,2060033,,,,,,,2026-09-18,1,,,,,"オルヴィクス",0
1724,8012402023157,12,0,2026-09-18,2026-09-15,"有限会社悠悠",,302,"埼玉県","新座市","東北２丁目３０番１６号細田ビル６Ｆ",,11,230,3520001,,,,,,,2015-10-05,1,,,,,,0
1725,8012403007976,01,0,2026-09-18,2026-09-18,"さかきや合同会社",,305,"東京都","武蔵野市","吉祥寺東町２丁目３１番１３号マ・メゾン吉祥寺東２０２",,13,203,1800002,,,,,,,2026-09-18,1,,,,,"サカキヤ",0
1726,8013201013150,12,0,2026-09-18,2026-09-16,"株式会社アイビルディングシステム",,301,"東京都","豊島区","池袋２丁目６８番１０号池袋ダイカンプラザ１０１Ａ",,13,116,1710014,,,,,,,2015-10-05,1,,,,,"アイビルディングシステム",0
1727,8013301016185,71,0,2026-09-18,2026-09-01,"株式会社ヒト・コミュニケーションズ",,301,"東京都","豊島区","東池袋１丁目９番６号",,13,116,1700013,,,,,,"令和８年９月１日名古屋市中村区名駅四丁目１７番３号株式会社ＷＳＳ（8180001105401）を合併",2015-10-05,1,,,,,"ヒトコミュニケーションズ",0
1728,8020001030094,21,0,2026-09-18,2026-09-01,"株式会社アングル",,301,"神奈川県","横浜市都筑区","池辺町４７０９番地",,14,118,2240053,,,2026-09-01,11,3020001009085,"令和８年９月１日横浜市都筑区池辺町４７０９番地トモエ工業株式会社（3020001009085）に合併し解散",2015-10-05,1,,,,,"アングル",0
1729,8020001120168,01,1,2026-09-18,2017-03-03,"株式会社条光",,301,"神奈川県","横浜市南区","宿町１丁目２３番地",,14,105,2320017,,,,,,,2017-03-03,1,,,,,"ジョウコウ",0
1730,8020001151898,12,0,2026-09-18,2026-09-01,"株式会社ココサポ",,301,"神奈川県","川崎市麻生区","片平２丁目１６－２",,14,137,2150023,,,,,,,2023-06-06,1,,,,,"ココサポ",0
1731,8020001170485,01,0,2026-09-18,2026-09-18,"株式会社市川総業ホールディングス",,301,"神奈川県","横浜市磯子区","磯子３丁目２番２６号",,14,107,2350016,,,,,,,2026-09-18,1,,,,,"イチカワソウギョウホールディングス",0
1732,8020001170493,01,0,2026-09-18,2026-09-18,"株式会社小池電設",,301,"神奈川県","横浜市都筑区","川和町１５２５番地１６",,14,118,2240057,,,,,,,2026-09-18,1,,,,,"コイケデンセツ",0
1733,8020002050356,01,1,2026-09-18,2015-10-05,"有限会社ケイ・プランニング",,302,"神奈川県","横浜市青葉区","藤が丘２丁目３１番地２０",,14,117,2270043,,,,,,,2015-10-05,0,,,,,"ケイプランニング",0
1734,8020002050356,12,1,2026-09-18,2016-06-03,"有限会社ケイ・プランニング",,302,"神奈川県","横浜市青葉区","もえぎ野１７番地１０",,14,117,2270044,,,,,,,2015-10-05,1,,,,,"ケイプランニング",0
1735,8020002060124,01,1,2026-09-18,2015-10-05,"有限会社藤庭園",,302,"神奈川県","横浜市港北区","高田町２０２７番地",,14,109,2230063,,,,,,,2015-10-05,1,,,,,"フジテイエン",0
1736,8020002071047,01,1,2026-09-18,2015-10-05,"有限会社重光エンジニアリング",,302,"神奈川県","横浜市鶴見区","上末吉４丁目２３番１０号",,14,101,2300011,,,,,,,2015-10-05,1,,,,,"シゲミツエンジニアリング",0
1737,8020002091672,01,1,2026-09-18,2015-10-05,"有限会社大野建設",,302,"神奈川県","川崎市多摩区","宿河原６丁目２０番１５－３号",,14,135,2140021,,,,,,,2015-10-05,1,,,,,"オオノケンセツ",0
1738,8020002106653,21,0,2026-09-18,2026-09-07,"有限会社佐久間建業",,302,"神奈川県","川崎市麻生区","王禅寺東３丁目３５番１４号",,14,137,2150018,,,2026-09-07,01,,,2015-10-05,1,,,,,"サクマケンギョウ",0
1739,8020003026371,12,0,2026-09-18,2026-09-02,"合同会社香住",,305,"神奈川県","横浜市青葉区","新石川３丁目３０番地２",,14,117,2250003,,,,,,,2024-06-20,1,,,,,"カスミ",0
1740,8020003031842,01,0,2026-09-18,2026-09-18,"合同会社エクセル・パートナーズ",,305,"神奈川県","横浜市保土ケ谷区","境木本町４１番１５号",,14,106,2400033,,,,,,,2026-09-18,1,,,,,"エクセルパートナーズ",0
1741,8020003031859,01,0,2026-09-18,2026-09-18,"合同会社ＢＬＩＴＺ　Ｓｃ　Ｐａｒｔｎｅｒｓ",,305,"神奈川県","川崎市川崎区","浜町３丁目２番１６号パワーハウスザレジデンス６０３",,14,131,2100851,,,,,,,2026-09-18,1,,,,,"ブリッツエスシーパートナーズ",0
1742,8020005017419,01,0,2026-09-18,2026-09-18,"一般社団法人神奈川県土木建設業協会",,399,"神奈川県","横浜市緑区","長津田みなみ台５丁目２４番１２号",,14,113,2260018,,,,,,,2026-09-18,1,,,,,"カナガワケンドボクケンセツギョウキョウカイ",0
1743,8021001025043,01,1,2026-09-18,2015-10-05,"株式会社カナメ電研",,301,"神奈川県","大和市","草柳１丁目１９番地の７",,14,213,2420026,,,,,,,2015-10-05,1,,,,,"カナメデンケン",0
1744,8021001037641,01,1,2026-09-18,2015-10-05,"株式会社スーパーウィングまるやま",,301,"神奈川県","中郡大磯町","高麗３丁目２の３９",,14,341,2550001,,,,,,,2015-10-05,1,,,,,"スーパーウィングマルヤマ",0
1745,8021001068059,11,0,2026-09-18,2026-08-27,"株式会社ＫＯＳＨＩＹＡ　ＡＲＣＵＳ",,301,"神奈川県","海老名市","柏ケ谷４丁目５番１４－２０３号",,14,215,2430402,,,,,,,2019-09-02,1,,,,,"コシヤアルクス",0
1746,8021001089220,01,0,2026-09-18,2026-09-18,"株式会社葉音",,301,"神奈川県","足柄下郡箱根町","二ノ平１２３０番地８４",,14,382,2500407,,,,,,,2026-09-18,1,,,,,"ハオン",0
1747,8030001134167,12,0,2026-09-18,2026-09-03,"丸山建設株式会社",,301,"埼玉県","さいたま市大宮区","桜木町２丁目９０２大宮サクラスクエアモール２ＦＷＡＷ大宮",,11,103,3300854,,,,,,,2019-12-09,1,,,,,"マルヤマケンセツ",0
1748,8030001174163,01,0,2026-09-18,2026-09-18,"百合優利健康未来産業投資株式会社",,301,"埼玉県","川口市","栄町３丁目８番２号ヤナトリビル４階",,11,203,3320017,,,,,,,2026-09-18,1,,,,,"ユリユウリケンコウミライサンギョウトウシ",0
1749,8030001174221,01,0,2026-09-18,2026-09-18,"株式会社田中工業",,301,"埼玉県","さいたま市見沼区","大字御蔵９６４番地",,11,104,3370033,,,,,,,2026-09-18,1,,,,,"タナカコウギョウ",0
1750,8030001174246,01,0,2026-09-18,2026-09-18,"株式会社Ｇｅｎｊｉ",,301,"埼玉県","川口市","大字東本郷２０２番地の１０",,11,203,3340063,,,,,,,2026-09-18,1,,,,,"ゲンジ",0
1751,8030003007866,12,0,2026-09-18,2026-09-17,"合同会社ＡＰホーム",,305,"埼玉県","川口市","大字峯１３９１番地の１",,11,203,3340056,,,,,,,2015-10-05,1,,,,,"エーピーホーム",0
1752,8030003011991,12,0,2026-09-18,2026-09-09,"合同会社大森",,305,"神奈川県","茅ヶ崎市","東海岸南１丁目１６番１１－１１５号",,14,207,2530054,,,,,,,2018-06-06,1,,,,,"オオモリ",0
1753,8030003018046,01,1,2026-09-18,2021-10-05,"Ｊａｂｒ合同会社",,305,"埼玉県","比企郡吉見町","大字北吉見３９３９番地１１５",,11,347,3550155,,,,,,,2021-10-05,0,"Jabr LLC",,,,"ジャブル",0
1754,8030003018046,12,1,2026-09-18,2024-07-26,"Ｊａｂｒ合同会社",,305,"埼玉県","比企郡吉見町","大字長谷１２３６番地１７",,11,347,3550156,,,,,,,2021-10-05,1,"Jabr LLC","Saitama","1236-17 Nagayatsu, Yoshimi-machi, Hiki-gun",,"ジャブル",0
1755,8030003020704,11,0,2026-09-18,2026-08-13,"ＫＲ　Ｃｏｒｐｏｒａｔｉｏｎ合同会社",,305,"埼玉県","川口市","西青木２丁目４番３２号モール青木２０６",,11,203,3320035,,,,,,,2022-12-12,1,,,,,,0
1756,8040001054307,01,1,2026-09-18,2015-10-05,"株式会社茶花屋",,301,"千葉県","市原市","牛久１１５１番地",,12,219,2900225,,,,,,,2015-10-05,1,,,,,"チャバナヤ",0
1757,8040001058183,01,1,2026-09-18,2015-10-05,"株式会社第一興産",,301,"千葉県","山武市","蓮沼ロの２１４８番地の１",,12,237,2891802,,,,,,,2015-10-05,1,,,,,"ダイイチコウサン",0
1758,8040001064628,21,0,2026-09-18,2026-08-31,"Ｍｏｉ　Ｃｒｅａｔｉｏｎ株式会社",,301,"千葉県","市川市","真間１丁目５番２号",,12,203,2720826,,,2026-08-31,01,,,2015-10-05,1,,,,,"モアクリエーション",0
1759,8040001131774,12,0,2026-09-18,2026-09-16,"株式会社羽ごこち",,301,"東京都","豊島区","池袋２丁目１７番８号天翔オフィス池袋西口ＡＮＮＥＸ４０５号室",,13,116,1710014,,,,,,,2024-01-16,1,,,,,"ハネゴコチ",0
1760,8040002062325,01,1,2026-09-18,2015-10-05,"有限会社大日化成",,302,"千葉県","四街道市","大日４３１番地１１",,12,228,2840001,,,,,,,2015-10-05,1,,,,,"ダイニチカセイ",0
1761,8040002066565,01,1,2026-09-18,2015-10-05,"有限会社京葉実業",,302,"千葉県","木更津市","高柳２丁目１番４号京葉実業ビル３階",,12,206,2920014,,,,,,,2015-10-05,1,,,,,"ケイヨウジツギョウ",0
1762,8040003030751,01,0,2026-09-18,2026-09-18,"合同会社ＢＯＳＯ",,305,"千葉県","千葉市若葉区","桜木８丁目８番２６号",,12,104,2640028,,,,,,,2026-09-18,1,,,,,"ボウソウ",0
1763,8050001039678,12,0,2026-09-18,2026-09-03,"株式会社ソウエイ",,301,"埼玉県","鶴ヶ島市","大字鶴ヶ丘８１－６",,11,241,3502204,,,,,,,2015-10-05,1,,,,,"ソウエイ",0
1764,8050001050230,12,0,2026-09-18,2026-09-10,"たちばな産業株式会社",,301,"茨城県","稲敷郡阿見町","うずら野４丁目６番地２５",,08,443,3000341,,,,,,,2021-12-03,1,,,,,"タチバナサンギョウ",0
1765,8050001055270,12,0,2026-09-18,2026-09-09,"株式会社ねはんドットギフト",,301,"茨城県","つくば市","柴崎７６５番地１",,08,220,3050004,,,,,,,2024-08-19,1,,,,,"ネハンドットギフト",0
1766,8050001055774,21,0,2026-09-18,2026-09-14,"ウェルユー・フード株式会社",,301,"茨城県","土浦市","神立町３６０９番地２、Ａ棟",,08,203,3000013,,,2026-09-14,11,5120001061479,"令和８年８月３１日大阪市北区豊崎六丁目１１番２７号尾家産業株式会社（5120001061479）に合併し解散",2024-11-28,1,,,,,"ウェルユーフード",0
1767,8050002000366,01,1,2026-09-18,2015-10-05,"有限会社一興社",,302,"茨城県","水戸市","酒門町１１２２番地４",,08,201,3100841,,,,,,,2015-10-05,1,,,,,"イッコウシャ",0
1768,8050002043588,01,1,2026-09-18,2015-10-05,"中嶋工業有限会社",,302,"茨城県","筑西市","成井３８７番地",,08,227,3004533,,,,,,,2015-10-05,1,,,,,"ナカジマコウギョウ",0
1769,8060001025033,01,1,2026-09-18,2015-10-05,"株式会社大匠",,301,"栃木県","日光市","土沢１７２５番地１",,09,206,3211274,,,,,,,2015-10-05,1,,,,,"ダイタク",0
1770,8060003002773,01,1,2026-09-18,2018-02-28,"合同会社フロンティアサポート",,305,"栃木県","鹿沼市","東町１丁目１番４号",,09,205,3220022,,,,,,,2018-02-28,1,,,,,,0
1771,8060005002508,01,1,2026-09-18,2015-10-05,"おじか・きぬ漁業協同組合",,399,"栃木県","日光市","鬼怒川温泉大原１３３１番地６",,09,206,3212522,,,,,,,2015-10-05,0,,,,,,0
1772,8060005002508,12,1,2026-09-18,2017-12-05,"おじか・きぬ漁業協同組合",,399,"栃木県","日光市","藤原１１０３番地６",,09,206,3212521,,,,,,,2015-10-05,1,,,,,,0
1773,8080005007819,01,0,2026-09-18,2026-09-18,"医療法人社団謙翔会",,399,"静岡県","焼津市","駅北２丁目１２－１７ベルモア１０３号室",,22,212,4250028,,,,,,,2026-09-18,1,,,,,"ケンショウカイ",0
1774,8080101020907,12,0,2026-09-18,2026-09-11,"木産緑化株式会社",,301,"静岡県","御殿場市","駒門６３５番地の１",,22,215,4120038,,,,,,,2019-01-18,1,,,,,"モクサンリョッカ",0
1775,8080401027024,12,0,2026-09-18,2026-09-14,"株式会社ＯＲＩＧＡＭＩＣＯＭＰＡＮＹ",,301,"静岡県","浜松市中央区","山下町２－１",,22,138,4300941,,,,,,,2024-02-26,1,,,,,"オリガミカンパニー",0
1776,8090002004974,01,1,2026-09-18,2015-10-05,"有限会社佐野装身具商会",,302,"山梨県","甲府市","住吉１丁目１１番１５号",,19,201,4000851,,,,,,,2015-10-05,1,,,,,"サノソウシングショウカイ",0
1777,8120001152853,12,0,2026-09-18,2026-09-16,"株式会社ハーモニー",,301,"大阪府","枚方市","枚方元町５番１５号",,27,210,5730052,,,,,,,2015-10-05,1,,,,,"ハーモニー",0
1778,8120001199291,01,1,2026-09-18,2016-07-05,"株式会社西田技研",,301,"大阪府","大阪市鶴見区","諸口２丁目８番２号",,27,124,5380051,,,,,,,2016-07-05,1,,,,,"ニシダギケン",0
1779,8120001225428,12,0,2026-09-18,2026-09-15,"明基投資株式会社",,301,"大阪府","大阪市北区","中之島４丁目３番５１号中之島クロス１１階",,27,127,5300005,,,,,,,2019-11-27,1,,,,,"メイキトウシ",0
1780,8120001279911,12,0,2026-09-18,2026-09-15,"大田株式会社",,301,"埼玉県","草加市","瀬崎１丁目９番１－２５１４号",,11,221,3400022,,,,,,,2025-09-25,1,,,,,"オオタ",0
1781,8120001289183,01,0,2026-09-18,2026-09-18,"資産運用株式会社",,301,"大阪府","大阪市中央区","南船場２丁目１２番１０号",,27,128,5420081,,,,,,,2026-09-18,1,,,,,"シサンウンヨウ",0
1782,8120001289191,01,0,2026-09-18,2026-09-18,"株式会社キングスリンク",,301,"大阪府","枚方市","山之上２丁目８番２１号",,27,210,5730047,,,,,,,2026-09-18,1,,,,,"キングスリンク",0
1783,8120001289266,01,0,2026-09-18,2026-09-18,"辰野ホールディングス株式会社",,301,"大阪府","大阪市中央区","南本町２丁目２番９号",,27,128,5410054,,,,,,,2026-09-18,1,,,,,"タツノホールディングス",0
1784,8120003023524,12,0,2026-09-18,2026-09-15,"Ｂｅｔａ合同会社",,305,"大阪府","大阪市北区","中之島４丁目３番５１号中之島クロス１１階",,27,127,5300005,,,,,,,2023-03-06,1,,,,,"ベータ",0
1785,8120003024019,12,0,2026-09-18,2026-09-14,"合同会社百信",,305,"大阪府","大阪市西成区","花園北１丁目５番６－１２０５号",,27,122,5570016,,,,,,,2023-05-11,1,,,,,"ヒャクシン",0
1786,8120003025322,12,0,2026-09-18,2026-09-14,"ある民合同会社",,305,"大阪府","枚方市","岡山手町１３－１５－３０１",,27,210,5730034,,,,,,,2023-11-13,1,,,,,"アルミン",0
1787,8120003026774,21,0,2026-09-18,2026-09-15,"合同会社ヴィエトアン",,305,"大阪府","大阪市生野区","巽北１丁目２番１０号９号室",00135042,27,116,5440004,,,2026-09-15,01,,,2024-06-06,1,,,,,"ヴィエトアン",0
1788,8120003033507,01,0,2026-09-18,2026-09-18,"合同会社三九",,305,"大阪府","大阪市阿倍野区","北畠３丁目６番３６号",,27,119,5450035,,,,,,,2026-09-18,1,,,,,"サンキュウ",0
1789,8120103007344,01,0,2026-09-18,2026-09-18,"藤桜合同会社",,305,"大阪府","岸和田市","磯上町２丁目１２番４号",,27,202,5960001,,,,,,,2026-09-18,1,,,,,"トウオウ",0
1790,8122001036763,21,0,2026-09-18,2026-09-16,"株式会社ＹＭホールディングス",,301,"大阪府","八尾市","柏村町３丁目１０９７番地",,27,212,5810022,,,2026-09-16,01,,,2023-03-08,1,,,,,"ワイエムホールディングス",0
1791,8130001041403,01,1,2026-09-18,2015-10-05,"上田土建株式会社",,301,"京都府","福知山市","三和町菟原下８６６番地",,26,201,6201425,,,,,,,2015-10-05,1,,,,,"ウエダドケン",0
1792,8130001083057,01,0,2026-09-18,2026-09-18,"株式会社大健",,301,"京都府","京都市伏見区","桃山町下野２７番地１エトワール桃山ＩＩ２０３号室",00145015,26,109,6128021,,,,,,,2026-09-18,1,,,,,"ダイケン",0
1793,8130002022105,01,1,2026-09-18,2015-10-05,"有限会社コンプリートリリーフ",,302,"京都府","京都市伏見区","向島清水町４６番地",,26,109,6128134,,,,,,,2015-10-05,1,,,,,"コンプリートリリーフ",0
1794,8130002028135,21,0,2026-09-18,2026-09-01,"有限会社伸栄",,302,"京都府","久世郡久御山町","森村東４２０番地の２",,26,322,6130024,,,2026-09-01,01,,,2015-10-05,1,,,,,"シンエイ",0
1795,8130003011684,01,0,2026-09-18,2026-09-18,"合同会社ＴＡＫＫＯＮ　ＣＲＯＳＳ　ＢＯＲＤＥＲ　ＳＯＬＵＴＩＯＮＳ",,305,"京都府","京都市中京区","御池通東洞院東入笹屋町４３６永和御池ビル６０６号",,26,104,6048187,,,,,,,2026-09-18,1,,,,,"タッコンクロスボーダーソリューションズ",0
1796,8140001103037,01,1,2026-09-18,2016-08-08,"株式会社さくら",,301,"兵庫県","明石市","北王子町２番２１号",,28,203,6730021,,,,,,,2016-08-08,1,,,,,"サクラ",0
1797,8140001144106,01,0,2026-09-18,2026-09-18,"株式会社プレシャスゴールドアシスト",,301,"兵庫県","神戸市東灘区","御影郡家１丁目１０番１８号３０２号室",,28,101,6580048,,,,,,,2026-09-18,1,,,,,"プレシャスゴールドアシスト",0
1798,8140002053322,01,1,2026-09-18,2015-10-05,"有限会社ＮＨＩ",,302,"兵庫県","姫路市","伊伝居４５７番地",,28,201,6700871,,,,,,,2015-10-05,1,,,,,"エヌエイチアイ",0
1799,8140003012137,01,1,2026-09-18,2017-05-16,"和音合同会社",,305,"兵庫県","川西市","一庫字井補野２８",,28,217,6660153,,,,,,,2017-05-16,0,,,,,"ワノン",0
1800,8140003012137,12,1,2026-09-18,2026-09-14,"和音合同会社",,305,"兵庫県","川西市","一庫３丁目２３－２シャルムヴェール１０６",,28,217,6660153,,,,,,,2017-05-16,1,,,,,"ワノン",0
1801,8140003024116,01,0,2026-09-18,2026-09-18,"合同会社スピカ",,305,"兵庫県","神戸市中央区","多聞通４丁目４－１１－２０１",,28,110,6500015,,,,,,,2026-09-18,1,,,,,"スピカ",0
1802,8170002004784,12,0,2026-09-18,2026-09-17,"株式会社ティーエスメディカル",,301,"和歌山県","和歌山市","黒田３丁目６番１５号",,30,201,6408341,,,,,,,2015-10-05,1,,,,,,0
1803,8180001015212,01,1,2026-09-18,2015-10-05,"株式会社西出組",,301,"愛知県","名古屋市南区","白雲町８５番地",,23,112,4570025,,,,,,,2015-10-05,0,,,,,"ニシデグミ",0
1804,8180001015212,12,1,2026-09-18,2026-09-11,"株式会社西出組",,301,"愛知県","名古屋市南区","城下町２丁目７番地",,23,112,4570047,,,,,,,2015-10-05,1,,,,,"ニシデグミ",0
1805,8180001057485,12,0,2026-09-18,2026-09-14,"株式会社あんず屋",,301,"愛知県","名古屋市西区","花の木２丁目１３番１７号",,23,104,4510062,,,,,,,2015-10-05,1,,,,,"アンズヤ",0
1806,8180001104709,01,1,2026-09-18,2015-10-05,"ジーエルマーケット株式会社",,301,"愛知県","常滑市","新開町１丁目１番地ボナール中部国際６０１号",,23,216,4790837,,,,,,,2015-10-05,1,,,,,"ジーエルマーケット",0
1807,8180001105401,21,0,2026-09-18,2026-09-11,"株式会社ＷＳＳ",,301,"愛知県","名古屋市中村区","名駅４丁目１７番３号",,23,105,4500002,,,2026-09-11,11,8013301016185,"令和８年９月１日東京都豊島区東池袋一丁目９番６号株式会社ヒト・コミュニケーションズ（8013301016185）に合併し解散",2015-10-05,1,,,,,"ダブリューエスエス",0
1808,8180001141347,12,0,2026-09-18,2026-09-17,"アースクラフト株式会社",,301,"愛知県","春日井市","鳥居松町６丁目４１番地２トリイマツＳ．Ｔ．Ｏ２階東号室",,23,206,4860844,,,,,,,2020-05-27,1,,,,,"アースクラフト",0
1809,8180001155925,12,0,2026-09-18,2026-09-04,"株式会社じぶんごと",,301,"愛知県","名古屋市千種区","星が丘元町１７番１号クリエイティブガレージ星が丘内",,23,101,4640802,,,,,,,2023-04-18,1,,,,,"ジブンゴト",0
1810,8180003015227,21,0,2026-09-18,2026-09-03,"合同会社ゼータ",,305,"愛知県","名古屋市守山区","新守町７９",,23,113,4630071,,,2026-09-03,01,,,2015-10-05,1,,,,,"ゼータ",0
1811,8180003019293,12,0,2026-09-18,2026-09-04,"セブシティ合同会社",,305,"愛知県","名古屋市中村区","名駅３丁目１番２号グラン・アベニュー名駅２０７号",,23,105,4500002,,,,,,,2018-10-01,1,,,,,"セブシティ",0
1812,8180005021669,01,0,2026-09-18,2026-09-18,"一般社団法人災害福祉実践研究所",,399,"愛知県","半田市","板山町１３丁目３１１番地",,23,205,4750936,,,,,,,2026-09-18,1,,,,,"サイガイフクシジッセンケンキュウショ",0
1813,8180302023987,12,0,2026-09-18,2026-09-02,"有限会社石川組",,302,"愛知県","安城市","篠目町３丁目１８番地１５",,23,212,4460073,,,,,,,2015-10-05,1,,,,,"イシカワグミ",0
1814,8180303005539,12,0,2026-09-18,2026-09-04,"合同会社さくらコンサルティング",,305,"愛知県","豊田市","土橋町６丁目２７番地１",,23,211,4710842,,,,,,,2022-12-16,1,,,,,"サクラコンサルティング",0
1815,8190001017835,21,0,2026-09-18,2026-09-08,"株式会社Ｏ－ＺＡ",,301,"三重県","四日市市","大字羽津４６４５番地３",,24,202,5100012,,,2026-09-08,01,,,2015-10-05,1,,,,,"オーザ",0
1816,8200001024053,01,1,2026-09-18,2015-10-05,"株式会社ヨコー",,301,"岐阜県","恵那市","明智町字大久手１００１番地２６１",,21,210,5097731,,,,,,,2015-10-05,0,,,,,"ヨコー",0
1817,8200001024053,12,1,2026-09-18,2015-12-18,"株式会社ヨコー",,301,"愛知県","豊田市","神池町２丁目１２３６番地",,23,211,4710804,,,,,,,2015-10-05,1,,,,,"ヨコー",0
1818,8200001035406,12,0,2026-09-18,2026-09-11,"株式会社ウイズ・ユー",,301,"愛知県","名古屋市中区","正木３丁目２番４５号ライオンズマンション金山第３－１１０３号",,23,106,4600024,,,,,,,2018-07-26,1,,,,,"ウイズユー",0
1819,8200001045479,01,0,2026-09-18,2026-09-18,"エムアセットマネジメント株式会社",,301,"岐阜県","高山市","花川町２番地３",,21,203,5060015,,,,,,,2026-09-18,1,,,,,"エムアセットマネジメント",0
1820,8210001011199,01,1,2026-09-18,2015-10-05,"株式会社吉田工業",,301,"福井県","敦賀市","堂５７号１６０３番地の２",,18,202,9140036,,,,,,,2015-10-05,1,,,,,"ヨシダコウギョウ",0
1821,8220001027582,01,0,2026-09-18,2026-09-18,"株式会社ＲＡＯＩＮＧ＆ＣＯ．",,301,"石川県","金沢市","金石西１丁目１９番１３号",,17,201,9200337,,,,,,,2026-09-18,1,,,,,"ローイングアンドコー",0
1822,8220003003598,12,0,2026-09-18,2026-09-17,"合同会社Ｔｏｈｄａ　ｍａｎａｇｅｍｅｎｔ",,305,"石川県","小松市","波佐谷町ヲ２７２－２",,17,203,9230182,,,,,,,2023-10-04,1,,,,,"トウダマネジメント",0
1823,8230005002127,01,1,2026-09-18,2015-10-05,"ＧＴＣ協同組合",,399,"富山県","富山市","向新庄町２丁目１４番２０号",,16,201,9300916,,,,,,,2015-10-05,0,,,,,"ジィティシィ",0
1824,8230005002127,12,1,2026-09-18,2024-09-09,"ＧＴＣ協同組合",,399,"富山県","富山市","向新庄町２丁目１０番４７号",,16,201,9300916,,,,,,,2015-10-05,1,,,,,"ジィティシィ",0
1825,8240001067057,01,0,2026-09-18,2026-09-18,"ＫＰネクストパック株式会社",,301,"広島県","福山市","柳津町３丁目２番４１号",,34,207,7290114,,,,,,,2026-09-18,1,,,,,,0
1826,8240003007936,01,0,2026-09-18,2026-09-18,"合同会社きゅおる",,305,"広島県","広島市佐伯区","楽々園１丁目１番１１号",,34,108,7315136,,,,,,,2026-09-18,1,,,,,"キュオル",0
1827,8250001007573,12,0,2026-09-18,2026-09-16,"株式会社よしとし医療サービス",,301,"山口県","下関市","椋野町１丁目２３番４８号",,35,201,7510816,,,,,,,2015-10-05,1,,,,,"ヨシトシイリョウサービス",0
1828,8250001021822,01,1,2026-09-18,2026-09-03,"ＴＳｅ株式会社",,301,"山口県","宇部市","大字西岐波２５９１番地６",,35,202,7550151,,,,,,,2026-09-03,1,,,,,"ティエスイー",0
1829,8250005007099,01,1,2026-09-18,2015-10-05,"宗教法人周防岩屋文珠堂",,399,"山口県","大島郡周防大島町","大字西三蒲１０１０番地５０",,35,305,7422101,,,,,,,2015-10-05,0,,,,,"スオウイワヤモンジュドウ",0
1830,8250005007099,12,1,2026-09-18,2026-09-16,"宗教法人周防岩屋文珠堂",,399,"山口県","大島郡周防大島町","大字西三蒲１１０１０番地５０",,35,305,7422101,,,,,,,2015-10-05,1,,,,,"スオウイワヤモンジュドウ",0
1831,8260002023940,21,0,2026-09-18,2026-09-15,"有限会社東電機商会",,302,"岡山県","総社市","門田２９４番地の２",,33,208,7191156,,,2026-09-15,01,,,2015-10-05,1,,,,,,0
1832,8260003004592,21,0,2026-09-18,2026-09-10,"ＰＯＷＥＲ合同会社",,305,"岡山県","岡山市北区","津島京町３丁目６－１１－１０５号室",,33,101,7000087,,,2026-09-10,01,,,2024-02-26,1,,,,,"パワー",0
1833,8290001115471,01,0,2026-09-18,2026-09-18,"株式会社テクノクエストホールディングス",,301,"福岡県","うきは市","吉井町８８番地８",,40,225,8391321,,,,,,,2026-09-18,1,,,,,"テクノクエストホールディングス",0
1834,8290002007370,01,1,2026-09-18,2015-10-05,"有限会社森川工務店",,302,"福岡県","福岡市城南区","長尾４丁目８番１０号",,40,136,8140123,,,,,,,2015-10-05,1,,,,,"モリカワコウムテン",0
1835,8290003011314,21,0,2026-09-18,2026-09-04,"ハイト合同会社",,305,"福岡県","福岡市博多区","博多駅前２丁目１９番１７号",,40,132,8120011,,,2026-09-04,01,,,2021-06-16,1,,,,,"ハイト",0
1836,8290003013797,21,0,2026-09-18,2026-09-07,"合同会社太宰府ロケット研究所",,305,"福岡県","太宰府市","宰府６丁目８－１",,40,221,8180117,,,2026-09-07,01,,,2023-04-19,1,,,,,"ダザイフロケットケンキュウショ",0
1837,8290801032742,12,0,2026-09-18,2026-09-14,"ＬＯＯＬＹ株式会社",,301,"福岡県","北九州市若松区","本町１丁目１３－１５石炭会館２Ｆ",,40,103,8080034,,,,,,,2026-08-18,1,,,,,"ルーリィ",0
1838,8310001013078,01,1,2026-09-18,2015-10-05,"株式会社ゲントラスト",,301,"長崎県","南島原市","布津町乙１８９８番地１",,42,214,8592112,,,,,,,2015-10-05,0,,,,,"ゲントラスト",0
1839,8310001013078,12,1,2026-09-18,2015-10-29,"株式会社ゲントラスト",,301,"長崎県","南島原市","布津町乙１９０５番地",,42,214,8592112,,,,,,,2015-10-05,0,,,,,"ゲントラスト",0
1840,8310001013078,12,1,2026-09-18,2017-03-30,"株式会社ゲントラスト",,301,"長崎県","島原市","栄町８５０１番地１６",,42,203,8550842,,,,,,,2015-10-05,1,,,,,"ゲントラスト",0
1841,8310001018820,01,1,2026-09-18,2024-01-24,"株式会社Ｉｍｐａｃｔ",,301,"長崎県","佐世保市","大塔町２１４２－１",,42,202,8571161,,,,,,,2024-01-24,1,,,,,,0
1842,8320001012475,01,1,2026-09-18,2015-10-05,"株式会社寿泉",,301,"大分県","臼杵市","大字井村１４３２番地の１",,44,206,8750083,,,,,,,2015-10-05,1,,,,,"ジュセン",0
1843,8320005003041,21,0,2026-09-18,2026-09-14,"社会福祉法人貴船会",,399,"大分県","別府市","大字野田５８５番地１",,44,202,8740016,,,2026-09-14,01,,,2015-10-05,1,,,,,"キフネカイ",0
1844,8330005007677,01,1,2026-09-18,2015-10-05,"農事組合法人豊穣",,399,"熊本県","球磨郡錦町","大字木上東１１７８番地５",,43,501,8680301,,,,,,,2015-10-05,0,,,,,"ホウジョウ",0
1845,8330005007677,12,1,2026-09-18,2016-10-19,"農事組合法人豊穣",,399,"熊本県","球磨郡相良村","大字川辺９６番地１６",,43,510,8680093,,,,,,,2015-10-05,0,,,,,"ホウジョウ",0
1846,8330005007677,12,1,2026-09-18,2025-11-06,"農事組合法人豊穣",,399,"熊本県","球磨郡錦町","大字一武２０９９番地９",,43,501,8680302,,,,,,,2015-10-05,1,,,,,"ホウジョウ",0
1847,8340001004933,21,0,2026-09-18,2026-09-16,"南日本通商株式会社",,301,"鹿児島県","鹿児島市","東坂元４丁目１番１号",,46,201,8920861,,,2026-09-16,01,,,2015-10-05,1,,,,,"ミナミニホンツウショウ",0
1848,8340002010427,01,1,2026-09-18,2015-10-05,"有限会社柳月堂",,302,"鹿児島県","鹿児島市","中町７番４号",,46,201,8920827,,,,,,,2015-10-05,1,,,,,"リュウゲツドウ",0
1849,8350001019014,12,0,2026-09-18,2026-09-15,"株式会社Ａｉｄ‐Ｏｎ",,301,"宮崎県","宮崎市","橘通東４丁目１番４号河北ビル１Ｆ",,45,201,8800805,,,,,,,2024-06-13,1,,,,,"エイドオン",0
1850,8360003016198,01,0,2026-09-18,2026-09-18,"合同会社ＡＲＣ",,305,"沖縄県","宮古島市","平良字下里１４２０－２・２階",,47,214,9060013,,,,,,,2026-09-18,1,,,,,"アーク",0
1851,8360005003013,01,1,2026-09-18,2015-10-05,"社会福祉法人光和福祉会",,399,"沖縄県","糸満市","字賀数２１８番地の１",,47,210,9010313,,,,,,,2015-10-05,1,,,,,,0
1852,8360005006189,12,0,2026-09-18,2026-08-20,"一般社団法人沖縄カメセンター",,399,"沖縄県","国頭郡今帰仁村","字諸志２０３１番地３９",,47,306,9050426,,,,,,,2020-04-01,1,,,,,"オキナワカメセンター",0
1853,8370001006943,71,0,2026-09-18,2026-09-08,"株式会社アプリー・ヨミウリ",,301,"宮城県","仙台市青葉区","北目町５番９号",,04,101,9800023,,,,,,"令和８年９月８日仙台市太白区東中田一丁目１１番２３号株式会社ＴＥＮＰＯ計画（7370001042519）を合併",2015-10-05,1,,,,,"アプリーヨミウリ",0
1854,8370001054257,01,0,2026-09-18,2026-09-18,"株式会社ＬＵＭＯＡ",,301,"宮城県","仙台市青葉区","片平１丁目１番３－４０２号",,04,101,9800812,,,,,,,2026-09-18,1,,,,,"ルモア",0
1855,8370003007758,01,0,2026-09-18,2026-09-18,"合同会社駱駝堂",,305,"宮城県","仙台市青葉区","福沢町５番５号",,04,101,9800002,,,,,,,2026-09-18,1,,,,,"ラクダドウ",0
1856,8370301000539,01,1,2026-09-18,2015-10-05,"株式会社サトミ",,301,"宮城県","石巻市","中央２丁目１０番２１号",,04,202,9860822,,,,,,,2015-10-05,1,,,,,"サトミ",0
1857,8370605000210,01,1,2026-09-18,2015-10-05,"須賀神社",,399,"宮城県","塩竈市","牛生町８番１１号",,04,203,9850013,,,,,,,2015-10-05,1,,,,,"スカジンジャ",0
1858,8370605000235,01,1,2026-09-18,2015-10-05,"多賀神社",,399,"宮城県","多賀城市","高崎１丁目１４番１３号",,04,209,9850862,,,,,,,2015-10-05,1,,,,,"タガジンジャ",0
1859,8380001036320,01,0,2026-09-18,2026-09-18,"ロードエクスプレス株式会社",,301,"福島県","いわき市","内郷御厩町下宿１０９番地の３",00145011,07,204,9738402,,,,,,,2026-09-18,1,,,,,"ロードエクスプレス",0
1860,8380002035247,01,1,2026-09-18,2015-10-05,"有限会社山口電装",,302,"福島県","喜多方市","豊川町高堂太字橋向２７４５番地",,07,208,9660911,,,,,,,2015-10-05,1,,,,,"ヤマグチデンソウ",0
1861,8400001017540,01,0,2026-09-18,2026-09-18,"株式会社北部貨物二戸",,301,"岩手県","二戸市","米沢字下村１３番１",,03,213,0286104,,,,,,,2026-09-18,1,,,,,"ホクブカモツニノヘ",0
1862,8400002006427,21,0,2026-09-18,2026-09-14,"有限会社三栄興業",,302,"岩手県","盛岡市","湯沢６地割１０番地１",,03,201,0200842,,,2026-09-14,01,,,2015-10-05,1,,,,,"サンエイコウギョウ",0
1863,8400003001427,12,0,2026-09-18,2026-09-08,"合同会社マークワン",,305,"岩手県","盛岡市","盛岡駅前北通９番９号木伏ＡＰ２－５号",,03,201,0200033,,,,,,,2015-10-05,0,,,,,"マークワン",0
1864,8400003001427,11,0,2026-09-18,2026-09-08,"合同会社シナジークリエート",,305,"岩手県","盛岡市","盛岡駅前北通９番９号木伏ＡＰ２－５号",,03,201,0200033,,,,,,,2015-10-05,1,,,,,"シナジークリエート",0
1865,8410001007920,21,0,2026-09-18,2026-09-16,"協伸精鋼株式会社",,301,"秋田県","大仙市","内小友字中沢１１番地４",,05,212,0140073,,,2026-09-16,01,,,2015-10-05,1,,,,,"キョウシンセイコウ",0
1866,8420001001369,01,1,2026-09-18,2015-10-05,"株式会社中央コピーセンター",,301,"青森県","青森市","長島２丁目２４番２号",,02,201,0300861,,,,,,,2015-10-05,1,,,,,"チュウオウコピーセンター",0
1867,8420001015253,01,1,2026-09-18,2016-06-08,"株式会社松山電気",,301,"青森県","北津軽郡鶴田町","大字中野字種元８９番地５",,02,384,0383514,,,,,,,2016-06-08,1,,,,,"マツヤマデンキ",0
1868,8420001017349,12,0,2026-09-18,2026-09-16,"このは不動産株式会社",,301,"青森県","青森市","本町５丁目７番２号コーポ本町１階",,02,201,0300802,,,,,,,2021-03-12,1,,,,,"コノハフドウサン",0
1869,8430001071345,01,1,2026-09-18,2016-04-14,"株式会社相和建設",,301,"北海道","札幌市北区","屯田九条１丁目１番１５",,01,102,0020859,,,,,,,2016-04-14,0,,,,,"アイワケンセツ",0
1870,8430001071345,12,1,2026-09-18,2018-02-09,"株式会社相和建設",,301,"北海道","札幌市北区","屯田九条１丁目６番１４号",,01,102,0020859,,,,,,,2016-04-14,1,,,,,"アイワケンセツ",0
1871,8430001082631,12,0,2026-09-18,2026-09-15,"株式会社ＦＥＥＤ",,301,"北海道","札幌市清田区","平岡十条１丁目１２番２７号",,01,110,0040880,,,,,,,2020-11-02,1,,,,,"フィード",0
1872,8430001087325,71,0,2026-09-18,2026-09-02,"株式会社ウェルスタート",,301,"北海道","札幌市中央区","北四条西１７丁目１番地ＶＥＲＩＴＡＳ美術館通１０６号",,01,101,0600004,,,,,,"令和８年９月１日横浜市磯子区森一丁目１０番９号中銀磯子マンシオン１０２号有限会社上永谷薬局（8020002018386）を合併令和８年９月１日神奈川県川崎市高津区宇奈根６３８番２株式会社うなね（4010101012939）を合併",2022-08-19,0,,,,,"ウェルスタート",0
1873,8430001087325,21,0,2026-09-18,2026-09-10,"株式会社ウェルスタート",,301,"北海道","札幌市中央区","北四条西１７丁目１番地ＶＥＲＩＴＡＳ美術館通１０６号",,01,101,0600004,,,2026-09-10,11,3370001044683,"令和８年９月１日山形県山形市あさひ町７－２２株式会社アンサンワークス（3370001044683）に合併し解散",2022-08-19,1,,,,,"ウェルスタート",0
1874,8430002031570,21,0,2026-09-18,2026-09-16,"有限会社札幌ドライウォール",,302,"北海道","札幌市東区","北三十二条東１８丁目６番２号",,01,103,0650032,,,2026-09-16,01,,,2015-10-05,1,,,,,"サッポロドライウォール",0
1875,8430003019433,01,0,2026-09-18,2026-09-18,"合同会社アヴェル",,305,"北海道","札幌市中央区","南五条西３丁目８Ｎグランデビル４Ｆ　Ｏ",,01,101,0640805,,,,,,,2026-09-18,1,,,,,"アヴェル",0
1876,8430005015067,12,0,2026-09-18,2026-09-14,"一般財団法人整形外科手術スキルトレーニングセンター",,399,"北海道","札幌市厚別区","上野幌三条６丁目３番２０号",,01,108,0040033,,,,,,,2024-09-13,1,,,,,"セイケイゲカシュジュツスキルトレーニングセンター",0
1877,8440001008511,01,1,2026-09-18,2019-05-15,"株式会社竹村工務店",,301,"北海道","函館市","見晴町１１番１５号",,01,202,0420956,,,,,,,2019-05-15,1,,,,,,0
1878,8450001001705,12,0,2026-09-18,2026-09-16,"太洋飲料株式会社",,301,"北海道","旭川市","北門町１３丁目２９４０番地３",,01,204,0700825,,,,,,,2015-10-05,1,,,,,"タイヨウインリョウ",0
1879,8470003001908,12,0,2026-09-18,2026-09-17,"ＤＳＫ合同会社",,305,"香川県","高松市","牟礼町大町２０９２番地５６",,37,201,7610122,,,,,,,2021-02-02,1,,,,,,0
1880,8490001008663,01,1,2026-09-18,2017-05-08,"ユウアンドアイ株式会社",,301,"高知県","高知市","桟橋通３丁目１４番１１号田中ビル２階",,39,201,7808010,,,,,,,2017-05-08,1,,,,,"ユウアンドアイ",0
1881,8500001026250,12,0,2026-09-18,2026-09-17,"株式会社英和建設工業",,301,"愛媛県","松山市","水泥町６４番地１",,38,201,7910244,,,,,,,2025-04-21,1,,,,,"エイワケンセツコウギョウ",0
1882,8500001027141,01,0,2026-09-18,2026-09-18,"株式会社ＪＩＭＵ",,301,"愛媛県","松山市","御幸２丁目１２番１２号ＦＬＥＵＲＥＴ１０１",,38,201,7900824,,,,,,,2026-09-18,1,,,,,"ジム",0
1883,8700150118068,13,0,2026-09-18,2025-03-13,"ｙｉｗｕｓｈｉ　ｓｏｎｇｔｅｎｇ　ｍａｏｙｉ　ｙｏｕｘｉａｎ　ｇｏｎｇｓｉ",,401,,,,,,,,"３Ｆ，Ｕｎｉｔ　２，Ｂｕｉｌｄｉｎｇ　２９，Ａｒｅａ　１，Ｌｉｚｈａｉ　Ｖｉｌｌａｇｅ　Ｓｕｘｉ　Ｔｏｗｎ，Ｊｉｎｈｕａ　Ｃｉｔｙ　Ｙｉｗｕ　Ｃｉｔｙ　Ｚｈｅｊｉａｎｇ　Ｐｒｏｖｉｎｃｅ",,,,,,2023-07-03,1,,,,,"ギチョウシマツテンボウエキユウゲンコウシ",0
1884,9010001255988,12,0,2026-09-18,2026-09-15,"ＮＩＮＥ　ＧＲＯＵＰ株式会社",,301,"東京都","中央区","銀座１丁目２３－１０グランド・ガーラ銀座２０１号",,13,102,1040061,,,,,,,2025-06-13,1,,,,,"ナイングループ",0
1885,9010001261441,01,1,2026-09-18,2025-12-25,"株式会社ロケットモバイル",,301,"東京都","千代田区","外神田５丁目１番２号末広ビル４階",,13,101,1010021,,,,,,,2025-12-25,0,,,,,"ロケットモバイル",0
1886,9010001261441,12,1,2026-09-18,2026-02-06,"株式会社ロケットモバイル",,301,"東京都","千代田区","神田松永町１３番地ＶＯＲＴ秋葉原ＩＩ",00142558,13,101,1010023,,,,,,,2025-12-25,1,,,,,"ロケットモバイル",0
1887,9010001261763,12,0,2026-09-18,2026-08-18,"株式会社ＮａｔｉｏｎＸ",,301,"東京都","文京区","湯島２丁目１６番１３号",,13,105,1130034,,,,,,,2026-01-09,1,,,,,"ネイションエックス",0
1888,9010003041271,12,0,2026-09-18,2026-08-25,"ＣＥＳ宮城２太陽光発電所合同会社",,305,"東京都","中央区","銀座８丁目１８番７－６０６号",,13,102,1040061,,,,,,,2023-08-03,1,,,,,"シーイーエスミヤギツータイヨウコウハツデンショ",0
1889,9010003048291,21,0,2026-09-18,2026-08-25,"和興合同会社",,305,"東京都","千代田区","岩本町３丁目１０－７東自機ビル７Ｆ５０２室",,13,101,1010032,,,2026-08-25,01,,,2025-08-12,1,,,,,"ワキョウ",0
1890,9010005008442,12,0,2026-09-18,2026-08-18,"特定非営利活動法人日本免疫学会",,399,"東京都","千代田区","神田和泉町１番地１３の１３－３Ｆ",,13,101,1010024,,,,,,,2015-10-05,1,,,,,"ニホンメンエキガッカイ",0
1891,9010005042433,01,0,2026-09-18,2026-09-18,"一般社団法人神楽",,399,"東京都","中央区","京橋２丁目１２番６号ＡＯＪ税理士法人内",,13,102,1040031,,,,,,,2026-09-18,1,,,,,"カグラ",0
1892,9010103000895,12,0,2026-09-18,2026-09-17,"東海合同会社",,305,"東京都","八王子市","八日町３－１パークホームズ八王子１６１１",,13,201,1920071,,,,,,,2015-10-05,1,,,,,"トウカイ",0
1893,9010401029315,12,0,2026-09-18,2026-08-21,"メディアセンス株式会社",,301,"東京都","港区","南青山４丁目１８番１１号フォレストヒルズイーストウィング２階",,13,103,1070062,,,,,,,2015-10-05,1,,,,,"メディアセンス",0
1894,9010401069947,21,0,2026-09-18,2026-08-25,"五州アセットサービス株式会社",,301,"東京都","港区","新橋１丁目１８番１９号",,13,103,1050004,,,2026-08-25,01,,,2015-10-05,1,,,,,,0
1895,9010401070921,21,0,2026-09-18,2026-08-24,"株式会社コンチネンタルコーポレーション",,301,"東京都","港区","六本木３丁目４番２－１０３号",,13,103,1060032,,,2026-08-24,01,,,2015-10-05,1,,,,,,0
1896,9010401097510,01,1,2026-09-18,2015-10-05,"株式会社花の宴",,301,"東京都","港区","高輪３丁目１９番８号メゾン高輪５０２",,13,103,1080074,,,,,,,2015-10-05,0,,,,,"ハナノエン",0
1897,9010401097510,12,1,2026-09-18,2026-08-31,"株式会社花の宴",,301,"東京都","港区","南青山３丁目１番３６号青山丸竹ビル６Ｆ",,13,103,1070062,,,,,,,2015-10-05,1,,,,,"ハナノエン",0
1898,9010401202177,01,0,2026-09-18,2026-09-18,"株式会社ＫＧＰ３",,301,"東京都","港区","愛宕２丁目５番１号愛宕グリーンヒルズＭＯＲＩタワー",,13,103,1050002,,,,,,,2026-09-18,1,,,,,"ケージーピースリー",0
1899,9010401202185,01,0,2026-09-18,2026-09-18,"高輪あんしん堂株式会社",,301,"東京都","港区","港南２丁目４番１０号",,13,103,1080075,,,,,,,2026-09-18,1,,,,,"タカナワアンシンドウ",0
1900,9010401202219,01,0,2026-09-18,2026-09-18,"株式会社ＡＣ‐１９",,301,"東京都","港区","麻布台１丁目１番２号麻布台ヒルズＳ－Ｏｆｆｉｃｅ５１４",,13,103,1060041,,,,,,,2026-09-18,1,,,,,"エーシーナインティーン",0
1901,9010402017013,01,1,2026-09-18,2015-10-05,"有限会社オフィス・ユウ",,302,"東京都","港区","三田２丁目１番４５号三田ロイヤル２０１",,13,103,1080073,,,,,,,2015-10-05,1,,,,,"オフィスユウ",0
1902,9010402036319,11,0,2026-09-18,2026-09-10,"マーズリーシング３有限会社",,302,"東京都","港区","虎ノ門２丁目２番３号",,13,103,1050001,,,,,,,2015-10-05,1,,,,,"マーズリーシングスリー",0
1903,9010403015825,11,0,2026-09-18,2026-09-01,"サスアセット合同会社",,305,"東京都","渋谷区","広尾１丁目１５－６ヒーロービル７階",,13,113,1500012,,,,,,,2016-12-27,1,,,,,"サスアセット",0
1904,9010403018992,12,0,2026-09-18,2026-08-20,"シリウス・ソーラー・ジャパン５２合同会社",,305,"東京都","港区","赤坂１丁目１２番３２号アーク森ビル東京国際法律事務所内",,13,103,1070052,,,,,,,2018-07-23,1,,,,,"シリウスソーラージャパンゴジュウニ",0
1905,9010403038941,01,0,2026-09-18,2026-09-18,"合同会社光幸",,305,"東京都","港区","東麻布２丁目１３番１０号",,13,103,1060044,,,,,,,2026-09-18,1,,,,,"コウコウ",0
1906,9010403039163,01,0,2026-09-18,2026-09-18,"合同会社Ｃｙｍｂａｌ",,305,"東京都","港区","虎ノ門５丁目１番４号",,13,103,1050001,,,,,,,2026-09-18,1,,,,,"シンバル",0
1907,9010405025632,12,0,2026-09-18,2026-08-20,"一般社団法人ワークコンパス",,399,"東京都","港区","芝３丁目２１番１０号パークハウス芝タワー１９０４号室",,13,103,1050014,,,,,,,2026-05-26,1,,,,,"ワークコンパス",0
1908,9010501014167,01,1,2026-09-18,2015-10-05,"株式会社山宮商店",,301,"東京都","台東区","西浅草３丁目４番１号",,13,106,1110035,,,,,,,2015-10-05,1,,,,,"ヤミミヤショウテン",0
1909,9010501053933,21,0,2026-09-18,2026-09-01,"株式会社ＹＯＵＧＯ",,301,"東京都","台東区","台東４丁目１３番２１号Ｄ＿ｓＶＡＲＩＥ御徒町ビル３階",00140978,13,106,1100016,,,2026-09-01,11,2030001109439,"令和８年９月１日東京都台東区台東四丁目３３番１号クロスポイント御徒町株式会社貴瞬（2030001109439）に合併し解散",2025-04-16,1,,,,,"ユーゴー",0
1910,9010601065424,12,0,2026-09-18,2026-09-17,"株式会社ＳＨＡＤＥＺ　ＯＦ　ＢＬＵＥ",,301,"福岡県","福岡市早良区","荒江３丁目２２－１６",,40,137,8140021,,,,,,,2024-07-02,1,,,,,"シェイズオブブルー",0
1911,9010602029205,01,1,2026-09-18,2015-10-05,"有限会社レンタルのオクヤマ",,302,"東京都","江東区","南砂２丁目３番５－１０１０号",,13,108,1360076,,,,,,,2015-10-05,1,,,,,"レンタルノオクヤマ",0
1912,9010603007036,11,0,2026-09-18,2026-09-01,"株式会社Ｃｒｅｓｃｅｎｔ　Ｃａｐｉｔａｌ",,301,"東京都","目黒区","東山３丁目４番８号東北林業ビル２０１",,13,110,1530043,,,,,,,2017-12-21,1,,,,,"クレセントキャピタル",0
1913,9010701008902,01,1,2026-09-18,2015-10-05,"株式会社ベルエア",,301,"東京都","品川区","大崎１丁目１４番３－１９０６号",,13,109,1410032,,,,,,,2015-10-05,1,,,,,"ベルエア",0
1914,9010701050169,01,0,2026-09-18,2026-09-18,"株式会社ＣＰＷ",,301,"東京都","品川区","東品川２丁目２番４号天王洲ファーストタワー７階７９３号室",,13,109,1400002,,,,,,,2026-09-18,1,,,,,"シーピーダブリュー",0
1915,9010901048450,11,0,2026-09-18,2026-09-08,"株式会社絶対音感テクノロジー",,301,"東京都","世田谷区","北烏山４丁目１８番３号",,13,112,1570061,,,,,,,2021-04-08,1,,,,,"ゼッタイオンカンテクノロジー",0
1916,9010901060273,01,0,2026-09-18,2026-09-18,"株式会社ＢＣ１３５",,301,"東京都","世田谷区","代沢１丁目２０番９号",,13,112,1550032,,,,,,,2026-09-18,1,,,,,"ビーシーワンサーティーファイブ",0
1917,9010901060281,01,0,2026-09-18,2026-09-18,"株式会社ＨＡＲＲＹ",,301,"東京都","世田谷区","太子堂４丁目１８番１５号ＴＡＳＵＫＩ－ＰＲＩＭＥ－ＳＡＮＧＥＮＪＡＹＡ－３Ｆ－３",,13,112,1540004,,,,,,,2026-09-18,1,,,,,"ハリー",0
1918,9010903011159,01,0,2026-09-18,2026-09-18,"合同会社ＮＥＸＹＵ",,305,"東京都","世田谷区","上北沢５丁目１２番２－３０１号",,13,112,1560057,,,,,,,2026-09-18,1,,,,,"ネクスユー",0
1919,9011001043714,12,0,2026-09-18,2026-09-15,"株式会社ビジョンワンコミュニケーション",,301,"山梨県","中巨摩郡昭和町","築地新居２１２３番地",,19,384,4093853,,,,,,,2015-10-05,1,,,,,"ビジョンワンコミュニケーション",0
1920,9011001134934,12,0,2026-09-18,2026-09-15,"株式会社２ＰＳ",,301,"大阪府","大阪市中央区","南本町１丁目３－２３－２０２",,27,128,5410054,,,,,,,2020-07-22,1,,,,,"ツーピーエス",0
1921,9011001166795,12,0,2026-09-18,2026-09-07,"株式会社Ｔｒｕｅ　Ａｉｍ",,301,"東京都","港区","芝大門１丁目２－１４Ｈ＿Ｏ浜松町３１６",00145012,13,103,1050012,,,,,,,2025-01-07,1,,,,,"トゥルーエイム",0
1922,9011003025297,01,0,2026-09-18,2026-09-18,"合同会社ＨＡＬＦＷＡＹ",,305,"東京都","渋谷区","道玄坂１丁目１０番８号渋谷道玄坂東急ビル２Ｆ－Ｃ",,13,113,1500043,,,,,,,2026-09-18,1,,,,,"ハーフウェイ",0
1923,9011101008377,12,0,2026-09-18,2026-08-24,"株式会社シーエーティーエス",,301,"東京都","新宿区","河田町２番３号",,13,104,1620054,,,,,,,2015-10-05,1,,,,,,0
1924,9011101056970,01,1,2026-09-18,2015-10-05,"株式会社デジタルハーツ",,301,"東京都","新宿区","西新宿３丁目２０番２号",,13,104,1600023,,,,,,,2015-10-05,0,"DIGITAL HEARTS Co.,Ltd","Tokyo","3-20-2, Nishi-Shinjuku, Shinjuku-ku",,"デジタルハーツ",0
1925,9011101056970,71,1,2026-09-18,2017-10-04,"株式会社デジタルハーツ",,301,"東京都","新宿区","西新宿３丁目２０番２号",,13,104,1600023,,,,,,"平成２９年１０月１日東京都渋谷区代々木二丁目４番９号株式会社ネットワーク二一（9010001071246）を合併",2015-10-05,1,"DIGITAL HEARTS Co.,Ltd","Tokyo","3-20-2, Nishi-Shinjuku, Shinjuku-ku",,"デジタルハーツ",0
1926,9011101073999,12,0,2026-09-18,2026-08-31,"株式会社九匠企画",,301,"東京都","新宿区","新宿１丁目２４番７号",,13,104,1600022,,,,,,,2015-10-05,1,,,,,"クショウキカク",0
1927,9011101084360,21,0,2026-09-18,2026-09-10,"ＮＥＸＴ　Ｌｏｇｉｓｔｉｃｓ　Ｊａｐａｎ株式会社",,301,"東京都","日野市","日野台３丁目１番地１",,13,212,1910003,,,2026-09-10,01,,,2018-06-06,1,,,,,"ネクストロジスティクスジャパン",0
1928,9011102024010,01,1,2026-09-18,2015-10-05,"有限会社ケー・ティー・エス",,302,"東京都","新宿区","高田馬場１丁目１７番１８号",,13,104,1690075,,,,,,,2015-10-05,0,,,,,,0
1929,9011102024010,12,1,2026-09-18,2019-08-01,"有限会社ケー・ティー・エス",,302,"東京都","新宿区","西新宿３丁目７番１号",,13,104,1600023,,,,,,,2015-10-05,1,,,,,,0
1930,9011103018003,01,0,2026-09-18,2026-09-18,"Ｓｅｋｉｚａｎ合同会社",,305,"東京都","新宿区","四谷２丁目９番地１５東京ユナイテッド綜合事務所内",,13,104,1600004,,,,,,,2026-09-18,1,,,,,"セキザン",0
1931,9011105011699,12,0,2026-09-18,2026-08-18,"一般社団法人日本未来基盤機構",,399,"東京都","新宿区","西新宿６丁目１５－１セントラルパークタワーラ・トゥール新宿６０５",,13,104,1600023,,,,,,,2026-01-27,1,,,,,"ニホンミライキバンキコウ",0
1932,9011501033743,01,0,2026-09-18,2026-09-18,"株式会社ＩｎｓｉｇｈｔＡ",,301,"東京都","荒川区","西日暮里６丁目５４番２号",,13,118,1160013,,,,,,,2026-09-18,1,,,,,"インサイタ",0
1933,9011601006590,01,1,2026-09-18,2015-10-05,"株式会社マツモトリース",,301,"東京都","練馬区","土支田１丁目１３番１号",,13,120,1790076,,,,,,,2015-10-05,1,,,,,"マツモトリース",0
1934,9011601013356,12,0,2026-09-18,2026-09-16,"株式会社スペースアートデザイン",,301,"東京都","板橋区","高島平２丁目５－７",,13,119,1750082,,,,,,,2015-10-05,1,,,,,"スペースアートデザイン",0
1935,9011602000378,01,1,2026-09-18,2015-10-05,"有限会社赤松マンション",,302,"東京都","練馬区","東大泉３丁目３２番１１－１０１号",,13,120,1780063,,,,,,,2015-10-05,1,,,,,"アカマツマンション",0
1936,9011602002457,21,0,2026-09-18,2026-09-16,"有限会社薫コーポレーション",,302,"東京都","練馬区","光が丘３丁目３番７－２０５号",,13,120,1790072,,,2026-09-16,01,,,2015-10-05,1,,,,,"カオルコーポレーション",0
1937,9011701002928,21,0,2026-09-18,2026-09-14,"株式会社小岩酒販会館",,301,"東京都","江戸川区","北小岩２丁目３９番４号プラザイシバシＢ棟１０１",,13,123,1330051,,,2026-09-14,01,,,2015-10-05,1,,,,,"コイワシュハンカイカン",0
1938,9011801002927,01,1,2026-09-18,2015-10-05,"株式会社長栄",,301,"東京都","葛飾区","白鳥４丁目８番１４号",,13,122,1250063,,,,,,,2015-10-05,1,,,,,"チョウエイ",0
1939,9012301010957,21,0,2026-09-18,2026-09-14,"株式会社Ｋａｉｆａ　Ｔｅｃｈｎｏｌｏｇｙ　Ｊａｐａｎ",,301,"秋田県","秋田市","旭北錦町１番１４号秋田ファーストビル５０５号室",,05,201,0100923,,,2026-09-14,01,,,2017-05-10,1,,,,,"カイファテクノロジージャパン",0
1940,9012405005300,01,0,2026-09-18,2026-09-18,"一般社団法人日本リゾット協会",,399,"東京都","武蔵野市","吉祥寺本町１丁目３２－９－００４",,13,203,1800004,,,,,,,2026-09-18,1,,,,,"ニホンリゾットキョウカイ",0
1941,9012701010516,12,0,2026-09-18,2026-09-15,"株式会社エバープロテクト",,301,"東京都","狛江市","猪方４丁目６番１号レジデンス多摩川３０１号",,13,219,2010015,,,,,,,2015-10-05,1,,,,,"エバープロテクト",0
1942,9012702012767,01,1,2026-09-18,2015-10-05,"有限会社トマス・アキナス",,302,"東京都","東久留米市","前沢１丁目２番１１号",,13,222,2030032,,,,,,,2015-10-05,1,,,,,"トマスアキナス",0
1943,9012703003625,01,0,2026-09-18,2026-09-18,"合同会社アウルコンサルティング",,305,"東京都","小平市","上水本町４丁目２０‐２６",,13,211,1870022,,,,,,,2026-09-18,1,,,,,"アウルコンサルティング",0
1944,9012705002534,01,0,2026-09-18,2026-09-18,"医療法人社団眞誠会",,399,"東京都","小平市","上水本町４丁目２２番１号アクロスプラザ小平２－３",,13,211,1870022,,,,,,,2026-09-18,1,,,,,"シンセイカイ",0
1945,9020001060108,71,0,2026-09-18,2026-09-01,"株式会社ティスナ",,301,"神奈川県","横浜市中区","松影町１丁目４番地８",,14,104,2310025,,,,,,"令和８年９月１日横浜市中区松影町一丁目４番地８株式会社コマツ（9020001117849）を合併",2015-10-05,1,,,,,"ティスナ",0
1946,9020001081376,12,0,2026-09-18,2026-09-07,"株式会社クオリア",,301,"神奈川県","横浜市神奈川区","神大寺２丁目５番３－５１１号",,14,102,2210801,,,,,,,2015-10-05,1,,,,,"クオリア",0
1947,9020001091929,12,0,2026-09-18,2026-09-02,"株式会社ケイアイ",,301,"神奈川県","川崎市中原区","下沼部１７６４番地",,14,133,2110011,,,,,,,2015-10-05,1,,,,,"ケイアイ",0
1948,9020001117849,21,0,2026-09-18,2026-09-01,"株式会社コマツ",,301,"神奈川県","横浜市中区","松影町１丁目４番地８",,14,104,2310025,,,2026-09-01,11,9020001060108,"令和８年９月１日横浜市中区松影町一丁目４番地８株式会社ティスナ（9020001060108）に合併し解散",2016-09-14,1,,,,,"コマツ",0
1949,9020001147565,12,0,2026-09-18,2026-09-07,"株式会社ミライエ製作所",,301,"神奈川県","横浜市神奈川区","三枚町１０８番地７山王森タウンビル２０２号",,14,102,2210862,,,,,,,2022-08-12,1,,,,,"ミライエセイサクショ",0
1950,9020001154859,12,0,2026-09-18,2026-09-02,"オオソネ技研株式会社",,301,"神奈川県","横浜市保土ケ谷区","峰岡町１丁目６４番地３",,14,106,2400064,,,,,,,2023-12-13,1,,,,,"オオソネギケン",0
1951,9020001161310,11,0,2026-09-18,2026-08-31,"株式会社ＡＳＩＡＮ　ＳＴＡＲ不動産",,301,"神奈川県","横浜市西区","高島２丁目６番３２号",,14,103,2200011,,,,,,,2025-02-03,1,,,,,"エイシアンスターフドウサン",0
1952,9020001165022,21,0,2026-09-18,2026-09-07,"ノボリ産業株式会社",,301,"神奈川県","川崎市川崎区","砂子２丁目８－１川崎互恵ビル１００９",,14,131,2100006,,,2026-09-07,01,,,2025-10-07,1,,,,,"ノボリサンギョウ",0
1953,9020002105860,12,0,2026-09-18,2026-09-16,"株式会社ボニリス",,301,"東京都","世田谷区","深沢７丁目１８番３－１０１号",,13,112,1580081,,,,,,,2015-10-05,1,,,,,"ボニリス",0
1954,9020005004614,21,0,2026-09-18,2026-09-03,"横浜相模原質屋協同組合",,399,"神奈川県","横浜市中区","末吉町１丁目１９番地明和ビル１０３号",,14,104,2310055,,,2026-09-03,01,,,2015-10-05,1,,,,,"ヨコハマサガミハラシチヤ",0
1955,9021001037979,21,0,2026-09-18,2026-09-16,"株式会社スズキ自販湘南",,301,"神奈川県","平塚市","田村６丁目２３番２号",,14,203,2540013,,,2026-09-16,11,2020001010110,"令和８年９月１日横浜市保土ケ谷区狩場町１６９番地６号株式会社スズキ自販神奈川（2020001010110）に合併し解散",2015-10-05,1,,,,,"スズキジハンショウナン",0
1956,9021002042986,01,1,2026-09-18,2015-10-05,"有限会社和智製作所",,302,"神奈川県","大和市","代官４丁目３番地の７",,14,213,2420025,,,,,,,2015-10-05,0,,,,,,0
1957,9021002042986,11,1,2026-09-18,2018-02-13,"有限会社ワーク・リペア",,302,"神奈川県","大和市","代官４丁目３番地の７",,14,213,2420025,,,,,,,2015-10-05,1,,,,,"ワークリペア",0
1958,9030001058415,01,1,2026-09-18,2015-10-05,"伊藤興業株式会社",,301,"埼玉県","川越市","大字福田３４番地４",,11,201,3500821,,,,,,,2015-10-05,1,,,,,"イトウコウギョウ",0
1959,9030001082407,21,0,2026-09-18,2026-09-03,"株式会社小林建装",,301,"埼玉県","川口市","赤井４丁目２２番１４号",,11,203,3340073,,,2026-09-03,01,,,2015-10-05,1,,,,,,0
1960,9030001174220,01,0,2026-09-18,2026-09-18,"株式会社有希建築デザイン",,301,"埼玉県","蕨市","中央４丁目１４番１４号",,11,223,3350004,,,,,,,2026-09-18,1,,,,,"ユキケンチクデザイン",0
1961,9030002033094,21,0,2026-09-18,2026-09-01,"有限会社アールイーエイシイ",,302,"埼玉県","狭山市","広瀬台１丁目５０番２０号",,11,215,3501328,,,2026-09-01,01,,,2015-10-05,1,,,,,"アールイーエイシイ",0
1962,9030002036931,01,1,2026-09-18,2015-10-05,"有限会社おかの電気",,302,"埼玉県","入間市","豊岡１丁目９番１０号",,11,225,3580003,,,,,,,2015-10-05,1,,,,,"オカノデンキ",0
1963,9030002074171,01,1,2026-09-18,2015-10-05,"有限会社タミヤ",,302,"埼玉県","川越市","上戸新町２１番地４",,11,201,3500817,,,,,,,2015-10-05,1,,,,,"タミヤ",0
1964,9030002094608,12,0,2026-09-18,2026-09-04,"有限会社高梨トレーデイング",,302,"埼玉県","坂戸市","大字成願寺２７５番地９",,11,239,3500255,,,,,,,2015-10-05,1,,,,,"タカナシトレーディング",0
1965,9030003029983,01,0,2026-09-18,2026-09-18,"ＡＲＣ合同会社",,305,"埼玉県","坂戸市","仲町１２番４１号",,11,239,3500227,,,,,,,2026-09-18,1,,,,,"エーアールシー",0
1966,9040001018392,01,1,2026-09-18,2015-10-05,"糠信瀝青株式会社",,301,"千葉県","船橋市","藤原６丁目２７番３号",,12,204,2730047,,,,,,,2015-10-05,1,,,,,"ヌカノブレキセイ",0
1967,9040001089483,01,1,2026-09-18,2015-10-05,"株式会社Ｔｏｔａｌ　Ｃａｒ　Ｓｕｐｐｏｒｔ　ＳＴＥＰ",,301,"千葉県","柏市","塚崎１０００番地８",,12,217,2770923,,,,,,,2015-10-05,1,,,,,,0
1968,9040001139560,12,0,2026-09-18,2026-09-14,"株式会社徳稲",,301,"愛知県","名古屋市東区","泉３丁目１番２号ライオンズマンション橦木５０６号",,23,102,4610001,,,,,,,2025-07-09,1,,,,,"トクイナリ",0
1969,9040001144791,12,0,2026-09-18,2026-09-16,"株式会社魚結",,301,"東京都","渋谷区","東１丁目２７番７号",,13,113,1500011,,,,,,,2026-08-06,1,,,,,"ウオムスビ",0
1970,9040001145286,01,0,2026-09-18,2026-09-18,"株式会社インクテック",,301,"千葉県","松戸市","小山８２１番地の１",,12,207,2710093,,,,,,,2026-09-18,1,,,,,"インクテック",0
1971,9040001145352,01,0,2026-09-18,2026-09-18,"株式会社アラシ",,301,"千葉県","松戸市","八ケ崎４丁目１７番地の１３",,12,207,2700023,,,,,,,2026-09-18,1,,,,,"アラシ",0
1972,9040001145360,01,0,2026-09-18,2026-09-18,"株式会社ＦＲＥＤＤＩＥ　ＣＯＬＬＥＣＴＩＯＮ",,301,"千葉県","松戸市","松戸２２９９番地の７",,12,207,2710092,,,,,,,2026-09-18,1,,,,,"フレディコレクション",0
1973,9040001145369,01,0,2026-09-18,2026-09-18,"株式会社由久里亞",,301,"千葉県","市川市","相之川１丁目１４番１２号",,12,203,2720143,,,,,,,2026-09-18,1,,,,,"ユクリア",0
1974,9040003010496,01,1,2026-09-18,2017-08-23,"合同会社ＡＪＭ　Ｉｎｔｅｒｎａｔｉｏｎａｌ",,305,"千葉県","船橋市","坪井東１丁目１４－６田中ハイツＡ号",,12,204,2740060,,,,,,,2017-08-23,0,,,,,"エイジェイエムインターナショナル",0
1975,9040003010496,12,0,2026-09-18,2026-09-16,"合同会社ＡＪＭ　Ｉｎｔｅｒｎａｔｉｏｎａｌ",,305,"東京都","日野市","神明３丁目１０－５エスプリ日野２０６",,13,212,1910016,,,,,,,2017-08-23,1,,,,,"エイジェイエムインターナショナル",0
1976,9040003019364,12,0,2026-09-18,2026-08-31,"合同会社Ｔｏｉｒｏ",,305,"千葉県","柏市","船戸山高野字中井８４－１５",,12,217,2770801,,,,,,,2022-01-24,1,,,,,"トイロ",0
1977,9040005001106,01,1,2026-09-18,2015-10-05,"社会医療法人社団千葉県勤労者医療協会",,399,"千葉県","千葉市花見川区","幕張町４丁目５２４番地の２",,12,102,2620032,,,,,,,2015-10-05,0,,,,,"チバケンキンロウシャイリョウキョウカイ",0
1978,9040005001106,12,1,2026-09-18,2021-10-08,"社会医療法人社団千葉県勤労者医療協会",,399,"千葉県","千葉市花見川区","幕張町５丁目３９２番地の４",,12,102,2620032,,,,,,,2015-10-05,1,,,,,"チバケンキンロウシャイリョウキョウカイ",0
1979,9050001041427,01,1,2026-09-18,2016-08-10,"株式会社アイ・エム・エイチ",,301,"茨城県","石岡市","柿岡２７０８番地３",,08,205,3150116,,,,,,,2016-08-10,1,,,,,"アイエムエイチ",0
1980,9050001053744,12,0,2026-09-18,2026-09-15,"ＨＢ　ＴＲＡＤＩＮＧ株式会社",,301,"千葉県","千葉市若葉区","川井町７１９番地",,12,104,2650062,,,,,,,2023-10-31,1,,,,,"エイチビートレーディング",0
1981,9050001053884,12,0,2026-09-18,2026-09-16,"株式会社和",,301,"群馬県","桐生市","巴町２丁目１８３２番地９アンカービル３－Ｃ",,10,203,3760021,,,,,,,2023-12-26,1,,,,,"ナゴミ",0
1982,9050002009893,11,0,2026-09-18,2026-09-11,"有限会社ＫＳライン",,302,"茨城県","東茨城郡茨城町","大字神谷字平成８６２",,08,302,3113141,,,,,,,2015-10-05,1,,,,,"ケイエスライン",0
1983,9050002035766,12,0,2026-09-18,2026-09-10,"有限会社ヒロセヤ",,302,"茨城県","常陸大宮市","上町８５４番地の１",,08,225,3192261,,,,,,,2015-10-05,1,,,,,"ヒロセヤ",0
1984,9070001006758,22,0,2026-09-18,2026-09-07,"群昭石油株式会社",,301,"群馬県","高崎市","石原町４２０８番地１",,10,202,3700864,,,,,,,2015-10-05,1,,,,,"グンショウセキユ",0
1985,9070001022672,12,0,2026-09-18,2026-09-10,"株式会社経理サポートシステム",,301,"群馬県","太田市","東矢島町７６３番地１４",,10,205,3730816,,,,,,,2015-10-05,0,,,,,,0
1986,9070001022672,11,0,2026-09-18,2026-09-10,"株式会社真下総合経営研究所",,301,"群馬県","太田市","東矢島町７６３番地１４",,10,205,3730816,,,,,,,2015-10-05,1,,,,,"マシモソウゴウケイエイケンキュウジョ",0
1987,9070001032267,01,1,2026-09-18,2016-06-08,"株式会社糸井工務店",,301,"群馬県","伊勢崎市","ひろせ町４０８４番地９",,10,204,3720039,,,,,,,2016-06-08,1,,,,,"イトイコウムテン",0
1988,9070002002013,01,1,2026-09-18,2015-10-05,"有限会社小池商店",,302,"群馬県","前橋市","千代田町２丁目４番３号",,10,201,3710022,,,,,,,2015-10-05,1,,,,,"コイケショウテン",0
1989,9080001019123,01,1,2026-09-18,2015-10-05,"株式会社Ｔ・プラン",,301,"静岡県","静岡市葵区","東鷹匠町２番３１号",,22,101,4200833,,,,,,,2015-10-05,1,,,,,"ティープラン",0
1990,9080001026441,12,0,2026-09-18,2026-09-11,"ＦｏｒＹｏｕ　Ｓ株式会社",,301,"静岡県","静岡市清水区","草薙１丁目６番１５号ブルーワンマンション３０６号室",,22,103,4240886,,,,,,,2024-08-15,1,,,,,"フォーユーエス",0
1991,9090001014908,01,1,2026-09-18,2016-12-28,"株式会社春日コーポレーション",,301,"山梨県","甲府市","青葉町８番１７号",,19,201,4000828,,,,,,,2016-12-28,1,,,,,"カスガコーポレーション",0
1992,9090001020088,01,0,2026-09-18,2026-09-18,"株式会社Ｏｎｅ　ｆｏｒ　Ａｌｌ",,301,"山梨県","西八代郡市川三郷町","市川大門３６１番地５",,19,346,4093601,,,,,,,2026-09-18,1,,,,,"ワンフォーオール",0
1993,9110001003908,71,0,2026-09-18,2026-09-01,"新潟サンリン株式会社",,301,"新潟県","新潟市中央区","東出来島１１番１８号",,15,103,9500961,,,,,,"令和８年９月１日新潟市中央区東出来島１１番１８号株式会社関口商店（3110001026377）を合併令和８年９月１日山形県鶴岡市文下字沼田５番地の１有限会社サンリン庄内（2390002009362）を合併",2015-10-05,1,,,,,"ニイガタサンリン",0
1994,9110003005885,12,0,2026-09-18,2026-09-07,"ＰａｎｄＣ合同会社",,305,"新潟県","新潟市中央区","花園１丁目１番１４号１３０４号",,15,103,9500086,,,,,,,2025-09-10,1,,,,,"ピーアンドシー",0
1995,9110003006297,01,0,2026-09-18,2026-09-18,"合同会社にいがた住まいるサポート",,305,"新潟県","加茂市","横江１０番３号",,15,209,9591362,,,,,,,2026-09-18,1,,,,,"ニイガタスマイルサポート",0
1996,9120001100373,21,0,2026-09-18,2026-09-14,"株式会社ＪＭＣ損害貨物",,301,"大阪府","大阪市城東区","中央１丁目１－２２エスコーポ城東２０７号",,27,118,5360005,,,2026-09-14,01,,,2015-10-05,1,,,,,"ジェイエムシーソンガイカモツ",0
1997,9120001169608,12,0,2026-09-18,2026-09-16,"カーチョイス・レンタカーサービス株式会社",,301,"大阪府","摂津市","三島３丁目１６番４４号",,27,224,5660022,,,,,,,2015-10-05,1,,,,,"カーチョイスレンタカーサービス",0
1998,9120001179409,12,0,2026-09-18,2026-09-15,"あさひ鑑定株式会社",,301,"大阪府","大阪市西区","江戸堀１丁目７番１６号サンライズ肥後橋ビル７階",,27,106,5500002,,,,,,,2015-10-05,1,,,,,"アサヒカンテイ",0
1999,9120001188302,12,0,2026-09-18,2026-09-15,"才門商事株式会社",,301,"大阪府","大阪市北区","中之島４丁目３番５１号中之島クロス１１階",,27,127,5300005,,,,,,,2015-10-05,1,,,,,"サイモンショウジ",0
2000,9120001190324,12,0,2026-09-18,2026-09-15,"才門建設株式会社",,301,"大阪府","大阪市北区","中之島４丁目３番５１号中之島クロス１１階",,27,127,5300005,,,,,,,2015-10-05,1,,,,,"サイモンケンセツ",0
2001,9120001193657,01,1,2026-09-18,2015-10-05,"永和土木株式会社",,301,"大阪府","大阪市住之江区","柴谷２丁目６番１８号",,27,125,5590021,,,,,,,2015-10-05,1,,,,,"エイワドボク",0
2002,9120001199506,01,1,2026-09-18,2016-07-20,"株式会社パークレジデンス",,301,"大阪府","大阪市東成区","深江南２丁目１８番１６号",,27,115,5370002,,,,,,,2016-07-20,1,,,,,"パークレジデンス",0
2003,9120001213927,12,0,2026-09-18,2026-08-31,"株式会社Ｆｅｅｌ　Ｌｉｖｅ",,301,"東京都","港区","赤坂９丁目５番２６号ＡＫＡＳＡＫＡＨＥＩＧＨＴＳ１０２",,13,103,1070052,,,,,,,2018-06-07,1,,,,,"フィールライブ",0
2004,9120001272312,12,0,2026-09-18,2026-09-16,"株式会社エフブンノイチ",,301,"大阪府","東大阪市","荒本西４丁目２番６号",,27,227,5770024,,,,,,,2025-01-28,1,,,,,"エフブンノイチ",0
2005,9120001272997,12,0,2026-09-18,2026-09-14,"株式会社ポスト",,301,"大阪府","大阪市中央区","瓦屋町１丁目１４番２２号",,27,128,5420066,,,,,,,2025-02-19,0,,,,,"ポスト",0
2006,9120001272997,11,0,2026-09-18,2026-09-14,"株式会社ブロン",,301,"大阪府","大阪市中央区","瓦屋町１丁目１４番２２号",,27,128,5420066,,,,,,,2025-02-19,1,,,,,"ブロン",0
2007,9120001278391,12,0,2026-09-18,2026-09-16,"株式会社ＡＫＡ",,301,"大阪府","豊中市","東豊中町３丁目１５３－３・２Ｆ",,27,203,5600003,,,,,,,2025-08-05,1,,,,,"アカ",0
2008,9120001289174,01,0,2026-09-18,2026-09-18,"株式会社ぐりーんほーぷ",,301,"大阪府","大阪市中央区","東心斎橋１丁目４－１",,27,128,5420083,,,,,,,2026-09-18,1,,,,,"グリーンホープ",0
2009,9120001289199,01,0,2026-09-18,2026-09-18,"株式会社Ｌｉｅｎ　Ｐａｒｔｎｅｒｓ",,301,"大阪府","大阪市北区","梅田１丁目１－３大阪駅前第３ビル２３０７",,27,127,5300001,,,,,,,2026-09-18,1,,,,,"リアンパートナーズ",0
2010,9120001289249,01,0,2026-09-18,2026-09-18,"株式会社Ｍ＆Ｋ",,301,"大阪府","大阪市北区","梅田１丁目１番３号大阪駅前第３ビル１１階２号室",,27,127,5300001,,,,,,,2026-09-18,1,,,,,"エムアンドケー",0
2011,9120003033497,01,0,2026-09-18,2026-09-18,"ＫＡＲＡＤＥＮＩＺ合同会社",,305,"大阪府","大阪市中央区","船場中央４丁目１－１０－１１８号",,27,128,5410055,,,,,,,2026-09-18,1,,,,,"カラデニズ",0
2012,9120005024593,12,0,2026-09-18,2026-09-16,"なにわ行政書士法人",,399,"大阪府","大阪市中央区","瓦屋町２丁目１２番１５－３０４号",,27,128,5420066,,,,,,,2024-10-29,1,,,,,"ナニワ",0
2013,9120101004623,71,0,2026-09-18,2026-09-01,"株式会社ビリーヴ",,301,"兵庫県","尼崎市","東本町４丁目１０番地",,28,202,6600824,,,,,,"令和８年９月１日兵庫県尼崎市東本町四丁目１０番地株式会社ビリーヴ（7120002020812）を合併令和８年９月１日兵庫県尼崎市東本町四丁目１０番地プログレス株式会社（7120001162275）を合併",2015-10-05,1,,,,,"ビリーヴ",0
2014,9120101006537,01,1,2026-09-18,2015-10-05,"株式会社ニュータウン金岡藥局",,301,"大阪府","堺市北区","新金岡町１丁３番３３号",,27,146,5918021,,,,,,,2015-10-05,1,,,,,"ニュータウンカナオカヤッキョク",0
2015,9120103007343,01,0,2026-09-18,2026-09-18,"Ａ‐Ｄｅｓｉｇｎ合同会社",,305,"大阪府","岸和田市","磯上町２丁目１２番４号２階",,27,202,5960001,,,,,,,2026-09-18,1,,,,,"エーデザイン",0
2016,9120901053217,01,0,2026-09-18,2026-09-18,"株式会社ＫｎｏｔＭ",,301,"大阪府","箕面市","彩都粟生南４丁目１番４－４０４号",,27,220,5620028,,,,,,,2026-09-18,1,,,,,"ノットエム",0
2017,9120903006412,01,0,2026-09-18,2026-09-18,"睦美合同会社",,305,"大阪府","豊中市","東豊中町４丁目１番４５－６０４号",,27,203,5600003,,,,,,,2026-09-18,1,,,,,"ムツミ",0
2018,9122001022341,12,0,2026-09-18,2026-09-15,"株式会社平和化研",,301,"大阪府","八尾市","西弓削１丁目３８番地の１",,27,212,5810035,,,,,,,2015-10-05,1,,,,,"ヘイワカケン",0
2019,9130001051665,01,1,2026-09-18,2015-10-05,"株式会社ＳＫ食品ジャパン",,301,"京都府","京都市中京区","壬生東高田町２番地２",,26,104,6048845,,,,,,,2015-10-05,1,,,,,"エスケーショクヒンジャパン",0
2020,9130001076349,21,0,2026-09-18,2026-09-08,"ＫＭＳｅｒｖｉｃｅ株式会社",,301,"京都府","亀岡市","曽我部町南条宮田筋１６",,26,206,6210022,,,2026-09-08,01,,,2024-02-14,1,,,,,"ケーエムサービス",0
2021,9130001080375,21,0,2026-09-18,2026-09-08,"株式会社きかい",,301,"京都府","宮津市","字万年１０６１番地の１",,26,205,6260008,,,2026-09-08,01,,,2025-09-01,1,,,,,"キカイ",0
2022,9130002014365,11,0,2026-09-18,2026-08-28,"株式会社辻元",00145014,301,"東京都","港区","赤坂４丁目５番２１号バルミー赤坂３１７号室",,13,103,1070052,,,,,,,2015-10-05,1,,,,,"ツジモト",0
2023,9140001066150,01,1,2026-09-18,2015-10-05,"株式会社エコ・ワールド",,301,"兵庫県","姫路市","四郷町坂元１７１番地４",,28,201,6710246,,,,,,,2015-10-05,1,,,,,"エコワールド",0
2024,9140001116582,01,1,2026-09-18,2020-02-25,"Ｓｕｎ　Ｒｅｄ　Ｖｅｎｕｓ株式会社",,301,"兵庫県","神戸市中央区","中山手通１丁目６番１１号荒賀ビル２Ｆ",,28,110,6500004,,,,,,,2020-02-25,0,,,,,,0
2025,9140001116582,12,1,2026-09-18,2021-08-03,"Ｓｕｎ　Ｒｅｄ　Ｖｅｎｕｓ株式会社",,301,"滋賀県","草津市","東矢倉１丁目９番２３号",,25,206,5250054,,,,,,,2020-02-25,1,,,,,,0
2026,9140001127679,12,0,2026-09-18,2026-09-15,"株式会社かなえる企画",,301,"愛知県","津島市","西愛宕町２丁目１８８番地１１",,23,208,4960037,,,,,,,2022-10-11,1,,,,,"カナエルキカク",0
2027,9140001130187,12,0,2026-09-18,2026-09-11,"ワイズ株式会社",,301,"愛知県","名古屋市昭和区","檀溪通５丁目２８番地メイツ石川橋５０１号",,23,107,4660842,,,,,,,2023-05-12,1,,,,,"ワイズ",0
2028,9140002012954,12,0,2026-09-18,2026-09-11,"有限会社稲葉商店",,302,"兵庫県","神戸市灘区","水道筋６丁目３－１ＩＭビル５階",,28,102,6570831,,,,,,,2015-10-05,1,,,,,"イナバショウテン",0
2029,9140002035088,01,1,2026-09-18,2015-10-05,"有限会社丹波篠山菓子本舗",,302,"兵庫県","丹波篠山市","坂本３２７番地６４",,28,221,6692712,,,,,,,2015-10-05,0,,,,,"タンバササヤマカシホンポ",0
2030,9140002035088,12,1,2026-09-18,2016-11-04,"有限会社丹波篠山菓子本舗",,302,"兵庫県","丹波篠山市","倉本２０５番地",,28,221,6692713,,,,,,,2015-10-05,0,,,,,"タンバササヤマカシホンポ",0
2031,9140002035088,12,1,2026-09-18,2019-05-10,"有限会社丹波篠山菓子本舗",,302,"兵庫県","丹波篠山市","倉本２０５番地",,28,221,6692713,,,,,,,2015-10-05,0,,,,,"タンバササヤマカシホンポ",0
2032,9140002035088,12,1,2026-09-18,2026-09-09,"有限会社丹波篠山菓子本舗",,302,"兵庫県","神戸市北区","道場町塩田５２８番地",,28,109,6511502,,,,,,,2015-10-05,1,,,,,"タンバササヤマカシホンポ",0
2033,9140003011360,01,1,2026-09-18,2016-04-22,"Ｋプロパティー合同会社",,305,"兵庫県","西宮市","剣谷町１０番１５号",,28,204,6620099,,,,,,,2016-04-22,1,,,,,"ケイプロパティー",0
2034,9150002010528,12,0,2026-09-18,2026-09-14,"有限会社食彩いろどり",,302,"兵庫県","神戸市長田区","大丸町１丁目１７番５号",,28,106,6530806,,,,,,,2015-10-05,1,,,,,"ショクサイイロドリ",0
2035,9160005011539,01,0,2026-09-18,2026-09-18,"特定非営利活動法人からだにいいこと",,399,"滋賀県","東近江市","五個荘金堂町８５５番地",,25,213,5291405,,,,,,,2026-09-18,1,,,,,"カラダニイイコト",0
2036,9170001012721,12,0,2026-09-18,2026-09-09,"株式会社あかり",,301,"和歌山県","和歌山市","黒田１丁目７番２０号",,30,201,6408341,,,,,,,2015-10-05,1,,,,,"アカリ",0
2037,9180001009626,01,1,2026-09-18,2015-10-05,"株式会社ヤマダユタカ",,301,"愛知県","名古屋市昭和区","隼人町６番地の１８",,23,107,4660833,,,,,,,2015-10-05,0,,,,,"ヤマダユタカ",0
2038,9180001009626,12,1,2026-09-18,2026-09-10,"株式会社ヤマダユタカ",,301,"愛知県","稲沢市","祖父江町森上本郷七１番地",,23,220,4950011,,,,,,,2015-10-05,1,,,,,"ヤマダユタカ",0
2039,9180001013215,01,1,2026-09-18,2015-10-05,"株式会社馬場器械店",,301,"愛知県","名古屋市北区","東味鋺１丁目７２２番地",,23,103,4620013,,,,,,,2015-10-05,1,,,,,"ババキカイテン",0
2040,9180001123996,01,1,2026-09-18,2016-07-12,"株式会社Ｃｒｅｌｌｉｏ",,301,"愛知県","名古屋市西区","則武新町１丁目６番１３号ハーティ則武３０１号室",,23,104,4510051,,,,,,,2016-07-12,1,,,,,"クレリオ",0
2041,9180001156633,01,1,2026-09-18,2023-06-08,"コージィラボ株式会社",,301,"愛知県","名古屋市中村区","名駅３丁目４－１０アルティメイト名駅１ｓｔ　２階",,23,105,4500002,,,,,,,2023-06-08,1,,,,,"コージイラボ",0
2042,9180002035547,01,1,2026-09-18,2015-10-05,"有限会社ナカニシ",,302,"愛知県","名古屋市昭和区","八事富士見８０１番地",,23,107,4660812,,,,,,,2015-10-05,1,,,,,"ナカニシ",0
2043,9180002063713,21,0,2026-09-18,2026-09-03,"有限会社空民",,302,"愛知県","名古屋市名東区","山の手３丁目７０１番地の３",,23,115,4650011,,,2026-09-03,01,,,2015-10-05,1,,,,,"クウミン",0
2044,9180003030786,01,0,2026-09-18,2026-09-18,"合同会社ＤＥＣＯ　ＬＡＢ",,305,"愛知県","名古屋市中区","新栄１丁目３２番１６号中駒新栄レオンビル１階",,23,106,4600007,,,,,,,2026-09-18,1,,,,,"デコラボ",0
2045,9180005009465,21,0,2026-09-18,2026-09-14,"特定非営利活動法人共生ホーム結",,399,"愛知県","丹羽郡大口町","上小口１丁目１８１番地",,23,361,4800141,,,2026-09-14,01,,,2015-10-05,1,,,,,"キョウセイホームユイ",0
2046,9190001030218,12,0,2026-09-18,2026-09-14,"株式会社ＪＵデザイン",,301,"三重県","四日市市","東坂部町５３番地１",,24,202,5120904,,,,,,,2023-03-09,1,,,,,"ジェーユーデザイン",0
2047,9190001033451,01,0,2026-09-18,2026-09-18,"プリム株式会社",,301,"三重県","四日市市","尾平町３３３０番地８３",,24,202,5120921,,,,,,,2026-09-18,1,,,,,"プリム",0
2048,9190003005556,01,0,2026-09-18,2026-09-18,"菜健アセット合同会社",,305,"三重県","津市","観音寺町１０４２番地１６",,24,201,5140062,,,,,,,2026-09-18,1,,,,,"サイケンアセット",0
2049,9200001000961,21,0,2026-09-18,2026-09-11,"葛西製材株式会社",,301,"岐阜県","岐阜市","敷島町１０丁目１０７番地ツインハイツカサイ１０２",,21,201,5008369,,,2026-09-11,01,,,2015-10-05,1,,,,,"カサイセイザイ",0
2050,9200001001877,01,1,2026-09-18,2015-10-05,"株式会社ケイ・ワールド",,301,"岐阜県","岐阜市","鏡島中１丁目１２番９号",,21,201,5010124,,,,,,,2015-10-05,1,,,,,"ケイワールド",0
2051,9200001007115,01,1,2026-09-18,2015-10-05,"酒井缶詰工業株式会社",,301,"岐阜県","各務原市","那加西市場町１丁目２４番地",,21,213,5040018,,,,,,,2015-10-05,1,,,,,,0
2052,9200001035009,12,0,2026-09-18,2026-09-09,"株式会社ＢＩＧ　ＳＭＩＬＥ",,301,"岐阜県","多治見市","太平町４丁目５１番地アサヒ太平ＩＩ２階",00145013,21,204,5070041,,,,,,,2018-04-09,1,,,,,"ビッグスマイル",0
2053,9220002005842,21,0,2026-09-18,2026-09-17,"有限会社村本商事",,302,"石川県","金沢市","泉野出町１丁目８番３６号",,17,201,9218116,,,2026-09-17,01,,,2015-10-05,1,,,,,"ムラモトショウジ",0
2054,9230001008515,01,1,2026-09-18,2015-10-05,"株式会社トナミビニール",,301,"富山県","南砺市","柴田屋５７１番地",,16,210,9391552,,,,,,,2015-10-05,1,,,,,"トナミビニール",0
2055,9240001004802,01,1,2026-09-18,2015-10-05,"株式会社清水清人商店",,301,"広島県","広島市安佐北区","三入１丁目１８番５１号",,34,106,7310211,,,,,,,2015-10-05,1,,,,,"シミズキヨトショウテン",0
2056,9240001067056,01,0,2026-09-18,2026-09-18,"ミモリス株式会社",,301,"広島県","広島市東区","東蟹屋町５番９－８０２号",,34,102,7320055,,,,,,,2026-09-18,1,,,,,,0
2057,9240001067064,01,0,2026-09-18,2026-09-18,"ＡＬＣＥＮＯＡ株式会社",,301,"広島県","廿日市市","宮園２丁目３番地１４",,34,213,7380035,,,,,,,2026-09-18,1,,,,,"アルセノア",0
2058,9240003001847,11,0,2026-09-18,2026-09-04,"合同会社ふじや",,305,"広島県","安芸郡府中町","大須１丁目６番２８－３０６号",,34,302,7350021,,,,,,,2015-10-05,1,,,,,"フジヤ",0
2059,9240003007943,01,0,2026-09-18,2026-09-18,"合同会社Ｈ．Ｙ",,305,"広島県","広島市佐伯区","五日市中央５丁目８番１５号",,34,108,7315128,,,,,,,2026-09-18,1,,,,,"エイチワイ",0
2060,9240005016174,01,0,2026-09-18,2026-09-18,"一般社団法人Ｓｅｔｏｕｃｈｉ　ＡＩ",,399,"広島県","廿日市市","佐方本町１番１号",,34,213,7380003,,,,,,,2026-09-18,1,,,,,"セトウチエーアイ",0
2061,9250001013199,21,0,2026-09-18,2026-09-17,"株式会社藤井商店",,301,"山口県","宇部市","大字東須恵２６８２番地１",,35,202,7590206,,,2026-09-17,01,,,2015-10-05,1,,,,,"フジイショウテン",0
2062,9260001039912,12,0,2026-09-18,2026-09-11,"株式会社ＤＸＸＸ",,301,"岡山県","岡山市北区","今２丁目２番７号",,33,101,7000975,,,,,,,2025-02-19,0,,,,,"ディークロス",0
2063,9260001039912,11,0,2026-09-18,2026-09-11,"株式会社まもるアセットマネジメント",,301,"岡山県","岡山市北区","今２丁目２番７号",,33,101,7000975,,,,,,,2025-02-19,1,,,,,"マモルアセットマネジメント",0
2064,9290001024515,21,0,2026-09-18,2026-09-09,"株式会社ファーベル",,301,"福岡県","福岡市西区","生の松原３丁目２９番１４号",,40,135,8190055,,,2026-09-09,01,,,2015-10-05,1,,,,,"ファーベル",0
2065,9290001047243,21,0,2026-09-18,2026-09-08,"株式会社斎藤寝装",,301,"福岡県","筑後市","大字山ノ井２７２番地",,40,211,8330031,,,2026-09-08,01,,,2015-10-05,1,,,,,"サイトウシンソウ",0
2066,9290001093312,12,0,2026-09-18,2026-09-07,"竜王株式会社",,301,"福岡県","福岡市中央区","高砂２丁目２０番１３号－５０２",,40,133,8100011,,,,,,,2021-05-28,1,,,,,"リュウオウ",0
2067,9290001110819,12,0,2026-09-18,2026-08-31,"健和ウェルネス株式会社",,301,"福岡県","福岡市博多区","東光寺町１丁目２３番３－３０７号",,40,132,8120896,,,,,,,2025-07-28,1,,,,,"ケンワウェルネス",0
2068,9290001112922,12,0,2026-09-18,2026-09-15,"株式会社太陽",,301,"岡山県","倉敷市","玉島乙島６８８８番地１",,33,202,7138103,,,,,,,2026-01-26,1,,,,,"タイヨウ",0
2069,9290001115495,01,0,2026-09-18,2026-09-18,"株式会社Ｔｉｍｅ　Ｃｒａｆｔｅｒ",,301,"福岡県","福岡市中央区","天神２丁目２番１２号Ｔ＆Ｊビルディング７Ｆ",,40,133,8100001,,,,,,,2026-09-18,1,,,,,"タイムクラフター",0
2070,9290002031345,12,0,2026-09-18,2026-09-04,"有限会社ファーストネット",,302,"福岡県","福岡市博多区","博多駅前１丁目２３－２ＰａｒｋＦｒｏｎｔ博多駅前１丁目５Ｆ－Ｂ",,40,132,8120011,,,,,,,2015-10-05,1,,,,,"ファーストネット",0
2071,9290002056103,21,0,2026-09-18,2026-09-08,"有限会社嶋五月堂",,302,"福岡県","大牟田市","泉町１番地６",,40,202,8360831,,,2026-09-08,01,,,2015-10-05,1,,,,,"シマサツキドウ",0
2072,9290801023492,21,0,2026-09-18,2026-09-14,"株式会社オルケスタ",,301,"福岡県","北九州市八幡西区","大浦３丁目１２番３号",,40,109,8070874,,,2026-09-14,01,,,2017-04-12,1,,,,,"オルケスタ",0
2073,9290802005060,12,0,2026-09-18,2026-09-11,"有限会社服部建築事務所",,302,"福岡県","北九州市八幡東区","日の出１丁目２番８号",,40,108,8050004,,,,,,,2015-10-05,0,,,,,,0
2074,9290802005060,11,0,2026-09-18,2026-09-11,"有限会社服部建設",,302,"福岡県","北九州市八幡東区","日の出１丁目２番８号",,40,108,8050004,,,,,,,2015-10-05,1,,,,,"ハットリケンセツ",0
2075,9310001020263,01,0,2026-09-18,2026-09-18,"株式会社ＰｏＴｉＶＥ",,301,"長崎県","佐世保市","天神４丁目２５番３０号",,42,202,8571174,,,,,,,2026-09-18,1,,,,,"ポーティブ",0
2076,9310002012012,01,1,2026-09-18,2015-10-05,"有限会社柚元工務店",,302,"長崎県","佐世保市","柚木元町３０番地",,42,202,8570115,,,,,,,2015-10-05,1,,,,,"ユモトコウムテン",0
2077,9320001021921,01,0,2026-09-18,2026-09-18,"株式会社スグユク",,301,"大分県","大分市","大分流通業務団地１丁目３番地の７",,44,201,8700319,,,,,,,2026-09-18,1,,,,,"スグユク",0
2078,9330001034286,21,0,2026-09-18,2026-09-17,"株式会社グリーン",,301,"熊本県","熊本市中央区","大江２丁目１５番５号",,43,101,8620971,,,2026-09-17,01,,,2026-05-20,1,,,,,"グリーン",0
2079,9340001006953,01,1,2026-09-18,2015-10-05,"Ｍ’Ｓコーポレーション株式会社",,301,"鹿児島県","鹿児島市","祇園之洲町２５番地中拂アパート１－Ａ",,46,201,8920803,,,,,,,2015-10-05,1,,,,,"エムズコーポレーション",0
2080,9340001021399,12,0,2026-09-18,2026-09-15,"株式会社ＣＲ",,301,"鹿児島県","鹿児島市","武岡５丁目４５番３２号",,46,201,8900031,,,,,,,2018-08-06,1,,,,,,0
2081,9340001023255,21,0,2026-09-18,2026-09-15,"株式会社Ｍ＆Ｍ",,301,"鹿児島県","鹿児島市","高麗町３８番１０号セントラルステージ高麗町４０３号",,46,201,8900051,,,2026-09-15,01,,,2020-11-11,1,,,,,"エムアンドエム",0
2082,9340002000947,01,1,2026-09-18,2015-10-05,"有限会社朝日観光開発",,302,"鹿児島県","鹿児島市","中央町３５番地３１",,46,201,8900053,,,,,,,2015-10-05,0,,,,,,0
2083,9340002000947,11,1,2026-09-18,2016-03-01,"株式会社朝日観光開発",,301,"鹿児島県","鹿児島市","中央町３５番地３１",,46,201,8900053,,,,,,,2015-10-05,1,,,,,"アサヒカンコウカイハツ",0
2084,9360003010324,12,0,2026-09-18,2026-08-25,"ＣＥＳ九州２太陽光発電所合同会社",,305,"東京都","中央区","銀座８丁目１８番７－６０６号",,13,102,1040061,,,,,,,2020-05-29,1,,,,,"シーイーエスキュウシュウツータイヨウコウハツデンショ",0
2085,9370001011158,12,0,2026-09-18,2026-09-11,"日本鐵建株式会社",,301,"宮城県","仙台市泉区","長命ケ丘１丁目２番７号",,04,105,9813212,,,,,,,2015-10-05,1,,,,,"ニホンテッケン",0
2086,9370001054256,01,0,2026-09-18,2026-09-18,"株式会社みらいのちから",,301,"宮城県","仙台市青葉区","一番町３丁目３番２０号",,04,101,9800811,,,,,,,2026-09-18,1,,,,,"ミライノチカラ",0
2087,9370002020604,12,0,2026-09-18,2026-09-10,"株式会社デザインアソート",,301,"宮城県","富谷市","富谷仏所２２５番地５",,04,216,9813311,,,,,,,2015-10-05,1,,,,,"デザインアソート",0
2088,9370202000174,01,1,2026-09-18,2015-10-05,"有限会社小高産業",,302,"宮城県","遠田郡美里町","北浦字谷地１２０番地",,04,505,9870005,,,,,,,2015-10-05,1,,,,,"オダカサンギョウ",0
2089,9370605000250,01,1,2026-09-18,2015-10-05,"荒崎神社",,399,"宮城県","宮城郡七ヶ浜町","松ヶ浜字浜屋敷５３番地",,04,404,9850812,,,,,,,2015-10-05,1,,,,,"アラサキジンジャ",0
2090,9390001012682,01,1,2026-09-18,2015-10-05,"株式会社月山じょいふるふぁーむ",,301,"山形県","西村山郡西川町","大字入間９６番地",,06,322,9900714,,,,,,,2015-10-05,1,,,,,"ガッサンジョイフルファーム",0
2091,9420002009402,01,1,2026-09-18,2015-10-05,"有限会社尾川冷熱",,302,"青森県","三戸郡階上町","蒼前東７丁目６番地８",,02,446,0391211,,,,,,,2015-10-05,1,,,,,"オガワレイネツ",0
2092,9430001047014,21,0,2026-09-18,2026-09-14,"株式会社長岡建設",,301,"北海道","三笠市","堤町４番地１０",,01,222,0682158,,,2026-09-14,01,,,2015-10-05,1,,,,,"ナガオカケンセツ",0
2093,9430001094436,12,0,2026-09-18,2026-09-11,"株式会社北栄建設",,301,"北海道","岩内郡岩内町","字高台１９２番地３",,01,402,0450013,,,,,,,2025-05-30,1,,,,,"ホクエイケンセツ",0
2094,9430001095095,12,0,2026-09-18,2026-09-15,"株式会社ａｋｉｎＡＩ",,301,"北海道","札幌市中央区","南十一条西１５丁目１番２２号－３０１",,01,101,0640811,,,,,,,2025-08-26,1,,,,,"アキナイ",0
2095,9430001097694,01,0,2026-09-18,2026-09-18,"株式会社勇進",,301,"北海道","札幌市厚別区","厚別東五条３丁目２４番地１３０",,01,108,0040005,,,,,,,2026-09-18,1,,,,,"ユウシン",0
2096,9430001097728,01,0,2026-09-18,2026-09-18,"株式会社祐誠工業",,301,"北海道","千歳市","幸福４丁目６番３号",,01,224,0660082,,,,,,,2026-09-18,1,,,,,,0
2097,9430002030869,21,0,2026-09-18,2026-09-16,"有限会社ティアラ・サッポロ",,302,"北海道","札幌市北区","北二十七条西１６丁目６番２１号",,01,102,0010027,,,2026-09-16,01,,,2015-10-05,1,,,,,"ティアラサッポロ",0
2098,9430002034390,01,1,2026-09-18,2015-10-05,"イー・ティー・シーエンターテイメント有限会社",,302,"北海道","札幌市西区","八軒二条東４丁目１番３０号",,01,107,0630862,,,,,,,2015-10-05,0,,,,,"イーティーシーエンターテイメント",0
2099,9430002034390,12,1,2026-09-18,2026-09-15,"イー・ティー・シーエンターテイメント有限会社",,302,"北海道","札幌市中央区","北二条西１２丁目１番５号１２０５号",,01,101,0600002,,,,,,,2015-10-05,1,,,,,"イーティーシーエンターテイメント",0
2100,9430002063266,01,1,2026-09-18,2015-10-05,"有限会社小玉観光商事",,302,"北海道","伊達市","萩原町１０７番地４",,01,233,0520004,,,,,,,2015-10-05,1,,,,,"コダマカンコウショウジ",0
2101,9430003016173,21,0,2026-09-18,2026-09-17,"合同会社すし研究所",,305,"北海道","札幌市中央区","北一条西２２丁目１番６号セブンスコート円山４０１号",,01,101,0640821,,,2026-09-17,01,,,2024-04-09,1,,,,,"スシケンキュウジョ",0
2102,9450001007544,01,1,2026-09-18,2015-10-05,"株式会社カミイエ農機具製作所",,301,"北海道","士別市","上士別町十六線南２番地",,01,220,0950371,,,,,,,2015-10-05,1,,,,,"カミイエノウキグセイサクジョ",0
2103,9460105001277,01,1,2026-09-18,2015-10-05,"天理教勝佐分教会",,399,"北海道","上川郡清水町","御影東三条南３丁目１８番地１",,01,636,0890363,,,,,,,2015-10-05,0,,,,,"テンリキョウカツサブンキョウカイ",0
2104,9460105001277,71,1,2026-09-18,2026-09-04,"天理教勝佐分教会",,399,"北海道","上川郡清水町","御影東三条南３丁目１８番地１",,01,636,0890363,,,,,,"北海道広尾郡大樹町字石坂４０５番地天理教膽昭分教会（7460105001543）を合併",2015-10-05,1,,,,,"テンリキョウカツサブンキョウカイ",0
2105,9480005004477,01,1,2026-09-18,2015-10-05,"豊守神社",,399,"徳島県","阿南市","長生町明谷字西山２４４番地",,36,204,7740046,,,,,,,2015-10-05,0,,,,,,0
2106,9480005004477,12,1,2026-09-18,2025-07-29,"豊守神社",,399,"徳島県","阿南市","長生町西山２４４番地",,36,204,7740046,,,,,,,2015-10-05,0,,,,,,0
2107,9480005004477,12,1,2026-09-18,2025-12-12,"豊守神社",,399,"徳島県","阿南市","長生町北浦４８番地",,36,204,7740046,,,,,,,2015-10-05,0,,,,,,0
2108,9480005004477,71,1,2026-09-18,2026-09-07,"豊守神社",,399,"徳島県","阿南市","長生町北浦４８番地",,36,204,7740046,,,,,,"徳島県阿南市長生町南川４３番地王子神社（4480005004333）を合併",2015-10-05,1,,,,,,0
2109,9490005006373,01,1,2026-09-18,2015-10-05,"特定非営利活動法人れいほく田舎暮らしネットワーク",,399,"高知県","土佐郡土佐町","田井１４５０番地",,39,363,7813521,,,,,,,2015-10-05,0,,,,,"レイホクイナカグラシネットワーク",0
2110,9490005006373,12,1,2026-09-18,2017-07-18,"特定非営利活動法人れいほく田舎暮らしネットワーク",,399,"高知県","土佐郡土佐町","田井１６６７番地",,39,363,7813521,,,,,,,2015-10-05,0,,,,,"レイホクイナカグラシネットワーク",0
2111,9490005006373,12,1,2026-09-18,2025-06-30,"特定非営利活動法人れいほく田舎暮らしネットワーク",,399,"高知県","土佐郡土佐町","田井１４９５番地１",,39,363,7813521,,,,,,,2015-10-05,1,,,,,"レイホクイナカグラシネットワーク",0
2112,9500001023420,12,0,2026-09-18,2026-09-17,"株式会社トリニティ・ブレイン",,301,"愛媛県","松山市","祝谷６丁目１０７８番地８－８ＭＩＸ２Ａ号室",,38,201,7900833,,,,,,,2021-05-14,1,,,,,"トリニティブレイン",0
2113,9700150129428,13,0,2026-09-18,2026-07-24,"ｓｈａｎｔｏｕｓｈｉｂｕｌｕｏｋｅｋｅｊｉｙｏｕｘｉａｎｇｏｎｇｓｉ",,401,,,,,,,,"Ｒｏｏｍ　８０７，Ｂｕｉｌｄｉｎｇ　１，Ｃｈａｏｈｏｎｇｊｉ　Ｐｌａｚａ，Ｎｏ．９８　Ｎａｎｂｉｎ　Ｒｏａｄ，Ｓｈａｎｔｏｕ，Ｑｕｅｓｈｉ　Ｓｕｂｄｉｓｔｒｉｃｔ，Ｈａｏｊｉａｎｇ　Ｄｉｓｔｒｉｃｔ，Ｇｕａｎｇｄｏｎｇ，ＣＮ",,,,,,2025-03-04,1,,,,,"サントウシブロウケカギユウゲンコウシ",0
