1,1010001042023,21,0,2026-07-06,2026-06-12,"クラウンニツト株式会社",,301,"東京都","中央区","日本橋人形町２丁目３２番１３号",,13,102,1030013,,,2026-06-12,01,,,2015-10-05,1,,,,,"クラウンニット",0
2,1010001053160,01,1,2026-07-06,2015-10-05,"日軽物流株式会社",,301,"東京都","中央区","八丁堀３丁目４番８号",,13,102,1040032,,,,,,,2015-10-05,0,,,,,"ニッケイブツリュウ",0
3,1010001053160,12,1,2026-07-06,2019-12-05,"日軽物流株式会社",,301,"東京都","港区","新橋１丁目１番１３号",,13,103,1050004,,,,,,,2015-10-05,1,,,,,"ニッケイブツリュウ",0
4,1010001168727,12,0,2026-07-06,2026-06-22,"武田教育研究所株式会社",,301,"東京都","文京区","湯島２丁目４番３号ソフィアお茶の水３階",,13,105,1130034,,,,,,,2015-10-05,1,,,,,"タケダキョウイクケンキュウジョ",0
5,1010001178172,11,0,2026-07-06,2026-07-02,"株式会社ｅｖａｌｕｎｉ",,301,"東京都","江東区","佐賀１丁目７番４号",,13,108,1350031,,,,,,,2016-09-08,1,,,,,"エヴァルニ",0
6,1010001197809,01,1,2026-07-06,2019-01-23,"株式会社ＦＰコーチングＬａｂｏ",,301,"東京都","千代田区","神田三崎町２丁目１６番８号萩原ビル３Ｆ",,13,101,1010061,,,,,,,2019-01-23,0,,,,,"エルピーコーチングラボ",0
7,1010001197809,12,1,2026-07-06,2019-08-13,"株式会社ＦＰコーチングＬａｂｏ",,301,"東京都","千代田区","麹町３丁目１２－４麹町ＫＹビル８Ｆ",,13,101,1020083,,,,,,,2019-01-23,0,,,,,"エルピーコーチングラボ",0
8,1010001197809,12,1,2026-07-06,2023-10-18,"株式会社ＦＰコーチングＬａｂｏ",,301,"東京都","千代田区","麹町４丁目３－３０麹町ＭＫビル４階",,13,101,1020083,,,,,,,2019-01-23,1,,,,,"エルピーコーチングラボ",0
9,1010001205042,21,0,2026-07-06,2026-06-22,"株式会社Ｕｎｖｅｒｓｅ",,301,"東京都","港区","南青山２丁目２番１５号",,13,103,1070062,,,2026-06-22,01,,,2019-11-01,1,,,,,"アンバース",0
10,1010001226063,11,0,2026-07-06,2026-06-12,"株式会社ＳａＲ",,301,"東京都","港区","芝大門１丁目１番２３号ＡｘｏｎＨＡＭＡＭＡＴＳＵＣＨＯ７Ｆ",,13,103,1050012,,,,,,,2022-04-25,1,,,,,"エスエーアール",0
11,1010001231393,21,0,2026-07-06,2026-06-17,"株式会社徳寧商事",,301,"東京都","千代田区","神田淡路町１丁目９－５天翔御茶ノ水ビル４階４１４号室",,13,101,1010063,,,2026-06-17,01,,,2022-12-20,1,,,,,"トクネイショウジ",0
12,1010001234702,01,1,2026-07-06,2023-04-21,"株式会社ＡＩ　Ｍｅｄｉａ　Ｌａｂ",,301,"東京都","中央区","銀座１丁目２２番地１１号銀座大竹ビジデンス２Ｆ",,13,102,1040061,,,,,,,2023-04-21,0,,,,,"エーアイメディアラボ",0
13,1010001234702,11,1,2026-07-06,2025-07-24,"ＣａｓａＢａｓｅＭａｎａｇｅｍｅｎｔ株式会社",,301,"東京都","中央区","銀座１丁目２２番地１１号銀座大竹ビジデンス２Ｆ",,13,102,1040061,,,,,,,2023-04-21,1,,,,,"ケースベースマネジメント",0
14,1010001235254,01,1,2026-07-06,2023-05-16,"株式会社日本プロフィックス・テクノロジー",,301,"東京都","千代田区","九段南２丁目４番１２号",,13,101,1020074,,,,,,,2023-05-16,1,,,,,"ニホンプロフィックステクノロジー",0
15,1010001244791,12,0,2026-07-06,2026-06-15,"Ｒｈｅａ株式会社",,301,"東京都","千代田区","有楽町１丁目７番１号有楽町電気ビル北館１３階スリーアイズキャピタル株式会社内",,13,101,1000006,,,,,,,2024-05-14,1,,,,,"レア",0
16,1010001252836,12,0,2026-07-06,2026-06-15,"Ｔｅｉａ　ＩＩＩ株式会社",,301,"東京都","千代田区","有楽町１丁目７番１号有楽町電気ビル北館１３階スリーアイズキャピタル株式会社内",,13,101,1000006,,,,,,,2025-03-06,1,,,,,"テイアスリー",0
17,1010001258057,12,0,2026-07-06,2026-06-15,"スリーアイズ・アセット・サーキュラー株式会社",,301,"東京都","千代田区","有楽町１丁目７番１号有楽町電気ビル北館１３階スリーアイズキャピタル株式会社内",,13,101,1000006,,,,,,,2025-08-29,1,,,,,"スリーアイズアセットサーキュラー",0
18,1010001258899,12,0,2026-07-06,2026-06-30,"ねこねこパラダイス株式会社",,301,"東京都","武蔵野市","吉祥寺本町１丁目５－１吉祥寺ＰＡＲＣＯ８Ｆ",,13,203,1800004,,,,,,,2025-09-29,1,,,,,"ネコネコパラダイス",0
19,1010001266753,01,0,2026-07-06,2026-07-06,"株式会社ＣＦＣ",,301,"東京都","中央区","勝どき３丁目４番１号",,13,102,1040054,,,,,,,2026-07-06,1,,,,,"シーエフシー",0
20,1010001266852,01,0,2026-07-06,2026-07-06,"株式会社コーチ・エィ準備会社１",,301,"東京都","千代田区","九段南２丁目１番３０号",,13,101,1020074,,,,,,,2026-07-06,1,,,,,"コーチエィジュンビガイシャイチ",0
21,1010002016760,01,1,2026-07-06,2015-10-05,"有限会社一不二",,302,"東京都","中央区","築地４丁目１４番１４号",,13,102,1040045,,,,,,,2015-10-05,1,,,,,"イチフジ",0
22,1010002029696,12,0,2026-07-06,2026-07-02,"有限会社大原メーゾン",,302,"東京都","豊島区","東池袋２丁目１８番６号",,13,116,1700013,,,,,,,2015-10-05,1,,,,,"オオハラメーゾン",0
23,1010002029944,21,0,2026-07-06,2026-06-15,"有限会社オフィスバビロン",,302,"東京都","中央区","日本橋人形町１丁目１６番５号",,13,102,1030013,,,2026-06-15,01,,,2015-10-05,1,,,,,"オフィスバビロン",0
24,1010003038944,21,0,2026-07-06,2026-06-16,"合同会社ＺＥＨＰＪ３",,305,"東京都","中央区","銀座４丁目６番１号三幸アセットマネジメント株式会社内",,13,102,1040061,,,2026-06-16,01,,,2022-10-28,1,,,,,"ゼッチピージェースリー",0
25,1010005017194,12,0,2026-07-06,2026-06-15,"新栄税理士法人",,399,"東京都","千代田区","飯田橋３丁目４番４号第５田中ビル５１号室",,13,101,1020072,,,,,,,2015-10-05,1,,,,,"シンエイ",0
26,1010005034066,12,0,2026-07-06,2026-06-16,"一般社団法人西舞子ヘルスケア",,399,"東京都","中央区","銀座２丁目１１番８号ラウンドクロス銀座２丁目１１階",,13,102,1040061,,,,,,,2021-10-12,1,,,,,"ニシマイコヘルスケア",0
27,1010401049205,12,0,2026-07-06,2026-06-24,"株式会社でり坊",,301,"東京都","港区","新橋２丁目１６番１号ニュー新橋ビル１０階（区画番号１０３４号）",,13,103,1050004,,,,,,,2015-10-05,1,,,,,"デリボウ",0
28,1010401180240,71,0,2026-07-06,2026-06-01,"古河電池株式会社",,301,"東京都","港区","虎ノ門４丁目１番２８号虎ノ門タワーズオフィス１７階",,13,103,1050001,,,,,,"令和８年６月１日横浜市保土ケ谷区星川二丁目４番１号古河電池株式会社（7020001010527）を合併",2024-02-05,1,,,,,"フルカワデンチ",0
29,1010401195908,12,0,2026-07-06,2026-06-12,"株式会社Ｌｅａｐ",,301,"東京都","港区","六本木７丁目１４番２号三清会館９Ｆ",,13,103,1060032,,,,,,,2026-01-23,1,,,,,"リープ",0
30,1010401199941,01,0,2026-07-06,2026-07-06,"ＪＩＡＲＥ第１５号株式会社",,301,"東京都","港区","赤坂１丁目８番１号",,13,103,1070052,,,,,,,2026-07-06,1,,,,,"ジェイアイエーアールイーダイジュウゴゴウ",0
31,1010403038503,01,0,2026-07-06,2026-07-06,"合同会社Ｎ２",,305,"東京都","港区","西麻布１丁目２番１４号デュオ・スカーラ西麻布タワーウエスト６０２",,13,103,1060031,,,,,,,2026-07-06,1,,,,,"エヌツー",0
32,1010501027861,12,0,2026-07-06,2026-06-30,"エアラック・ジャパン株式会社",,301,"千葉県","八千代市","八千代台南１丁目７－１",,12,221,2760033,,,,,,,2015-10-05,1,,,,,"エアラックジャパン",0
33,1010601009504,01,1,2026-07-06,2015-10-05,"株式会社小田ゴム",,301,"東京都","墨田区","八広５丁目６番１１号",,13,107,1310041,,,,,,,2015-10-05,1,,,,,"オダゴム",0
34,1010801030103,12,0,2026-07-06,2026-05-01,"株式会社ＧＭＳコンサルティング",,301,"東京都","目黒区","自由が丘３丁目１０－１",,13,110,1520035,,,,,,,2019-08-08,1,,,,,"ジーエムエスコンサルティング",0
35,1010801037528,01,0,2026-07-06,2026-07-06,"株式会社テセウスカンパニー",,301,"東京都","大田区","山王２丁目５番６号ＳＡＮＮＯＢＲＩＤＧＥ",,13,111,1430023,,,,,,,2026-07-06,1,,,,,"テセウスカンパニー",0
36,1010801037544,01,0,2026-07-06,2026-07-06,"株式会社Ｌｉｇａｒ",,301,"東京都","大田区","中央７丁目５番７号",,13,111,1430024,,,,,,,2026-07-06,1,,,,,"リガー",0
37,1010901028039,01,1,2026-07-06,2015-10-05,"株式会社新日本エージエンシー",,301,"東京都","世田谷区","船橋１丁目１番１２号",,13,112,1560055,,,,,,,2015-10-05,1,,,,,"シンニホンエージエンシー",0
38,1010901059851,01,0,2026-07-06,2026-07-06,"株式会社フリーダム",,301,"東京都","世田谷区","瀬田１丁目５番６号",,13,112,1580095,,,,,,,2026-07-06,1,,,,,"フリーダム",0
39,1010903010977,01,0,2026-07-06,2026-07-06,"Ｓｈｉｇｅｋａｗａ　Ｔｒａｄｉｎｇ合同会社",,305,"東京都","世田谷区","玉川２丁目１１番１２号ハイツＴ１―１０１",,13,112,1580094,,,,,,,2026-07-06,1,,,,,"シゲカワトレーディング",0
40,1011001006579,21,0,2026-07-06,2026-06-19,"共和薬品株式会社",,301,"東京都","渋谷区","鶯谷町７番１－３０７号",,13,113,1500032,,,2026-06-19,01,,,2015-10-05,1,,,,,"キョウワヤクヒン",0
41,1011001095044,21,0,2026-07-06,2026-06-22,"ＦＲＥＥ　ＷＡＹ　ＩＮＴＥＲＮＡＴＩＯＮＡＬ株式会社",,301,"東京都","渋谷区","幡ヶ谷３丁目３９番１２号渋谷ウェストビル１階",,13,113,1510072,,,2026-06-22,01,,,2015-10-05,1,,,,,"フリーウェイインターナショナル",0
42,1011001145880,12,0,2026-07-06,2026-06-30,"株式会社ｄａｒｕｍａ",,301,"東京都","港区","北青山１丁目３番１号アールキューブ青山３階",,13,103,1070061,,,,,,,2022-02-24,1,,,,,"ダルマ",0
43,1011001152935,21,0,2026-07-06,2026-06-17,"株式会社ｃｏｔａｅｔ",,301,"東京都","渋谷区","神宮前６丁目２３番４号桑野ビル２階",,13,113,1500001,,,2026-06-17,01,,,2023-03-06,1,,,,,"コタエット",0
44,1011001162827,12,0,2026-07-06,2026-07-01,"株式会社クローバー",,301,"東京都","板橋区","大山東町３３－５ザパークハビオ板橋区役所前３０１",,13,119,1730014,,,,,,,2024-06-20,1,,,,,"クローバー",0
45,1011001176281,12,0,2026-07-06,2026-06-17,"株式会社ＣＯＲＥＴＯ",,301,"東京都","渋谷区","桜丘町１４－１０－３０９",,13,113,1500031,,,,,,,2026-03-27,1,,,,,"コレト",0
46,1011001178947,01,0,2026-07-06,2026-07-06,"株式会社ＤＥＮ　Ｊａｐａｎ",,301,"東京都","渋谷区","広尾４丁目１番１０－３０３号",,13,113,1500012,,,,,,,2026-07-06,1,,,,,"デンジャパン",0
47,1011001178996,01,0,2026-07-06,2026-07-06,"株式会社Ｂｅｓｐｏｋｅ　Ｄｉｓｃｏｖｅｒｙ",,301,"東京都","渋谷区","神南１丁目６番５号５－６区画",,13,113,1500041,,,,,,,2026-07-06,1,,,,,"ビスポークディスカバリー",0
48,1011002010175,01,1,2026-07-06,2015-10-05,"有限会社原宿バンビ",,302,"東京都","渋谷区","神宮前１丁目１６番８号",,13,113,1500001,,,,,,,2015-10-05,1,,,,,"ハラジュクバンビ",0
49,1011002035981,12,0,2026-07-06,2026-06-11,"有限会社ボードウォーク",,302,"東京都","目黒区","中目黒３丁目１９番７号パークプレース中目黒",,13,110,1530061,,,,,,,2015-10-05,1,,,,,,0
50,1011003021080,11,0,2026-07-06,2026-07-01,"株式会社ユニコーンスター",,301,"東京都","渋谷区","道玄坂１丁目１０番８号渋谷道玄坂東急ビル２Ｆ－Ｃ",,13,113,1500043,,,,,,,2025-03-03,1,,,,,"ユニコーンスター",0
51,1011101108110,12,0,2026-07-06,2026-07-02,"株式会社ナンバーシックス",,301,"東京都","中野区","東中野４丁目７番１３号",,13,114,1640003,,,,,,,2024-07-22,1,,,,,"ナンバーシックス",0
52,1011102005430,01,1,2026-07-06,2015-10-05,"有限会社エスポワール",,302,"東京都","新宿区","早稲田鶴巻町５３８番地",,13,104,1620041,,,,,,,2015-10-05,1,,,,,"エスポワール",0
53,1011105011871,01,0,2026-07-06,2026-07-06,"一般社団法人日本・ベンガル協会",,399,"東京都","新宿区","新宿１丁目３４番１３号貝塚ビル２０３号",,13,104,1600022,,,,,,,2026-07-06,1,,,,,"ニホンベンガルキョウカイ",0
54,1011201006668,01,1,2026-07-06,2015-10-05,"株式会社ワイ・エヌ・プロジェクト",,301,"東京都","中野区","新井１丁目１２番１４号",,13,114,1650026,,,,,,,2015-10-05,1,,,,,"ワイエヌプロジェクト",0
55,1011201025610,12,0,2026-07-06,2026-07-02,"株式会社ＮＥＷ　ＦＲＯＮＴＩＥＲ",,301,"東京都","台東区","浅草２丁目３３－３ベルファース浅草０１０１号室",,13,106,1110032,,,,,,,2024-07-04,1,,,,,"ニューフロンティア",0
56,1011303002078,12,0,2026-07-06,2026-07-02,"合同会社Ｍ＆Ｉコンサルティング",,305,"東京都","渋谷区","笹塚３丁目５５番９号",,13,113,1510073,,,,,,,2015-10-05,1,,,,,"エムアンドアイコンサルティング",0
57,1011303006038,01,0,2026-07-06,2026-07-06,"見立てデザイン事務所合同会社",,305,"東京都","杉並区","清水２丁目２３番５号",,13,115,1670033,,,,,,,2026-07-06,1,,,,,"ミタテデザインジムショ",0
58,1011501020542,12,0,2026-07-06,2026-07-03,"株式会社東翔",,301,"東京都","北区","中十条３丁目１１番６号１階",,13,117,1140032,,,,,,,2015-10-05,1,,,,,"トウショウ",0
59,1011501033536,01,0,2026-07-06,2026-07-06,"株式会社プラスプランニング",,301,"東京都","北区","赤羽２丁目３５番４号",,13,117,1150045,,,,,,,2026-07-06,1,,,,,"プラスプランニング",0
60,1011503007034,01,0,2026-07-06,2026-07-06,"合同会社ＫＡＩ",,305,"東京都","荒川区","南千住７丁目１１番７号酒井方",,13,118,1160003,,,,,,,2026-07-06,1,,,,,"カイ",0
61,1011701025630,21,0,2026-07-06,2026-06-29,"ナカハラコーポレーション株式会社",,301,"東京都","江戸川区","東小松川１丁目１２番１０号",,13,123,1320033,,,2026-06-29,01,,,2022-09-20,1,,,,,"ナカハラコーポレーション",0
62,1011703004673,01,0,2026-07-06,2026-07-06,"合同会社ＲＵＩＸ",,305,"東京都","江戸川区","東小松川３丁目１２番１５号",,13,123,1320033,,,,,,,2026-07-06,1,,,,,"ルイックス",0
63,1011801046725,21,0,2026-07-06,2026-07-01,"イズモシング株式会社",,301,"東京都","足立区","中川４丁目３３番４号亀有中川マンション２０６号室",,13,121,1200002,,,2026-07-01,01,,,2025-09-12,1,,,,,"イズモシング",0
64,1011801048102,01,0,2026-07-06,2026-07-06,"株式会社ＰｏｎＧｅｅ",,301,"東京都","葛飾区","柴又２丁目５番２８－２１８号",,13,122,1250052,,,,,,,2026-07-06,1,,,,,"ポンジー",0
65,1011803007428,12,0,2026-07-06,2026-07-01,"合同会社つむぐ",,305,"東京都","足立区","神明２丁目５番１４号",,13,121,1210051,,,,,,,2026-04-28,1,,,,,"ツムグ",0
66,1011803007510,01,0,2026-07-06,2026-07-06,"合同会社ＴｉＥ",,305,"東京都","足立区","六町１丁目１６番１２号",,13,121,1210073,,,,,,,2026-07-06,1,,,,,"ティーアイイー",0
67,1012402008866,01,1,2026-07-06,2015-10-05,"有限会社ジオアナリシス研究所",,302,"東京都","小金井市","中町３丁目２０番１３－４０４号ルイシャトレ武蔵小金井",,13,210,1840012,,,,,,,2015-10-05,1,,,,,"ジオアナリシスケンキュウジョ",0
68,1012403007859,01,0,2026-07-06,2026-07-06,"合同会社ミライノベース",,305,"東京都","武蔵野市","吉祥寺北町４丁目９番２３号",,13,203,1800001,,,,,,,2026-07-06,1,,,,,"ミライノベース",0
69,1013101010056,01,0,2026-07-06,2026-07-06,"株式会社ＫＩＣＫ　ＲＯＣＫ",,301,"東京都","あきる野市","山田７４３番地５",,13,228,1900144,,,,,,,2026-07-06,1,,,,,"キックロック",0
70,1013301017479,12,0,2026-07-06,2026-06-23,"株式会社あかつき総研",,301,"東京都","千代田区","丸の内１丁目８番１号丸の内トラストタワーＮ館１８階",,13,101,1000005,,,,,,,2015-10-05,1,,,,,"アカツキソウケン",0
71,1013301036776,12,0,2026-07-06,2026-07-02,"Ｈ・Ｃ・Ｌ株式会社",,301,"東京都","中央区","日本橋本町４丁目７番１０号ＨＲ．ＮＥＴ日本橋ビル１０階",,13,102,1030023,,,,,,,2015-10-05,1,,,,,"エイチシーエル",0
72,1013301040101,01,1,2026-07-06,2017-02-16,"株式会社百合物産",,301,"東京都","豊島区","上池袋２丁目１４番１３号ガーラ・レジデンス池袋１００３号",,13,116,1700012,,,,,,,2017-02-16,0,,,,,"ユリブッサン",0
73,1013301040101,12,0,2026-07-06,2026-07-02,"株式会社百合物産",,301,"東京都","中央区","佃２丁目１１番６－３１０７号",,13,102,1040051,,,,,,,2017-02-16,1,,,,,"ユリブッサン",0
74,1013302015804,01,1,2026-07-06,2015-10-05,"有限会社ビリティス",,302,"東京都","豊島区","西池袋５丁目５番２１－１５０５号",,13,116,1710021,,,,,,,2015-10-05,1,,,,,"ビリティス",0
75,1013305000539,01,1,2026-07-06,2015-10-05,"日個連東京都交通共済協同組合",,399,"東京都","豊島区","南大塚１丁目２番１２号",,13,116,1700005,,,,,,,2015-10-05,1,,,,,,0
76,1020001000905,01,1,2026-07-06,2015-10-05,"株式会社平井製作所",,301,"神奈川県","横浜市泉区","弥生台２０番地の４８",,14,116,2450008,,,,,,,2015-10-05,1,,,,,"ヒライセイサクショ",0
77,1020001034614,21,0,2026-07-06,2026-06-25,"株式会社イマジカ",,301,"神奈川県","横浜市青葉区","鴨志田町８２４番地１７",,14,117,2270033,,,2026-06-25,01,,,2015-10-05,1,,,,,"イマジカ",0
78,1020001130371,12,0,2026-07-06,2026-06-24,"アンセルフィッシュ株式会社",,301,"神奈川県","横浜市磯子区","岡村３丁目３番４－２",,14,107,2350021,,,,,,,2019-03-20,1,,,,,"アンセルフィッシュ",0
79,1020001163553,01,1,2026-07-06,2025-06-25,"Ｆａｔａｒｅ株式会社",,301,"神奈川県","横浜市戸塚区","上矢部町２１９６－２",,14,110,2450053,,,,,,,2025-06-25,1,,,,,"ファタアーレ",0
80,1020001169303,01,0,2026-07-06,2026-07-06,"華源バイオテクノロジー株式会社",,301,"神奈川県","横浜市中区","尾上町３丁目３５番地３Ｆ３１７",,14,104,2310015,,,,,,,2026-07-06,1,,,,,"カゲンバイオテクノロジー",0
81,1020001169328,01,0,2026-07-06,2026-07-06,"株式会社ユイビアークス",,301,"神奈川県","川崎市多摩区","菅野戸呂１５番３４号クレストシンコウ１０１",,14,135,2140002,,,,,,,2026-07-06,1,,,,,"ユイビアークス",0
82,1020001169336,01,0,2026-07-06,2026-07-06,"株式会社郡司警備",,301,"神奈川県","川崎市高津区","上作延３丁目１番１６号リヴィエールＡ２０３",,14,134,2130034,,,,,,,2026-07-06,1,,,,,"グンジケイビ",0
83,1020001169385,01,0,2026-07-06,2026-07-06,"ＮｅｏＬｏｇｉｃ株式会社",,301,"神奈川県","横浜市保土ケ谷区","岡沢町３６３番地１０",,14,106,2400062,,,,,,,2026-07-06,1,,,,,"ネオロジック",0
84,1021001059196,01,1,2026-07-06,2016-05-10,"原Ｄ＆Ｓ株式会社",,301,"神奈川県","相模原市中央区","淵野辺本町４丁目２３番７号",,14,152,2520202,,,,,,,2016-05-10,1,,,,,"ハラディーアンドエス",0
85,1021001078667,12,0,2026-07-06,2026-07-01,"株式会社ＲｅａｌＩｍａｇｅ",,301,"大阪府","豊中市","曽根東町６丁目９番２２号",,27,203,5610802,,,,,,,2023-04-06,1,,,,,"リアルイメージ",0
86,1021001087759,12,0,2026-07-06,2026-06-12,"株式会社そしじ",,301,"神奈川県","藤沢市","湘南台５丁目３１番地の１",,14,205,2520804,,,,,,,2026-03-17,1,,,,,"ソシジ",0
87,1021001088600,01,0,2026-07-06,2026-07-06,"フィデス株式会社",,301,"神奈川県","厚木市","三田南３丁目９番３号",,14,212,2430217,,,,,,,2026-07-06,1,,,,,"フィデス",0
88,1021003017664,01,0,2026-07-06,2026-07-06,"合同会社さんとお舎",,305,"神奈川県","鎌倉市","寺分３丁目２４番１号",,14,204,2470064,,,,,,,2026-07-06,1,,,,,"サントオシャ",0
89,1030001088700,12,0,2026-07-06,2026-06-23,"匯豊貿易株式会社",,301,"埼玉県","羽生市","南６丁目１９番地１",,11,216,3480053,,,,,,,2015-10-05,1,,,,,"カイホウボウエキ",0
90,1030001114068,12,0,2026-07-06,2026-06-22,"株式会社バスケットボール・ジャパン・ラボ",,301,"東京都","中央区","八丁堀３丁目９番７号",,13,102,1040032,,,,,,,2016-04-26,1,,,,,"バスケットボールジャパンラボ",0
91,1030001151994,21,0,2026-07-06,2026-06-23,"株式会社Ｆｕｎｔａｓｔｉｃ",,301,"埼玉県","富士見市","水谷東２丁目２９番２２号",,11,235,3540013,,,2026-06-23,01,,,2023-01-17,1,,,,,"ファンタスティック",0
92,1030001154097,01,1,2026-07-06,2023-05-29,"株式会社ＺＯＺＡＮ",,301,"埼玉県","川口市","大字東内野５２８番地の１７",,11,203,3330821,,,,,,,2023-05-29,1,,,,,"ゾウザン",0
93,1030001173155,01,0,2026-07-06,2026-07-06,"株式会社貴繊",,301,"埼玉県","ふじみ野市","大井５１４番地５コスモふじみ野センターフォーラムＣ４０４",,11,245,3560053,,,,,,,2026-07-06,1,,,,,"キセン",0
94,1030002038233,01,1,2026-07-06,2015-10-05,"有限会社田中",,302,"埼玉県","久喜市","青毛１１０６番地",,11,232,3460011,,,,,,,2015-10-05,0,,,,,"タナカ",0
95,1030002038233,12,1,2026-07-06,2026-06-24,"有限会社田中",,302,"埼玉県","久喜市","青毛１１０６番地２",,11,232,3460011,,,,,,,2015-10-05,1,,,,,"タナカ",0
96,1030003029545,01,0,2026-07-06,2026-07-06,"カリュエイト合同会社",,305,"埼玉県","三郷市","早稲田６丁目９番１１号Ａ３",,11,237,3410018,,,,,,,2026-07-06,1,,,,,"カリュエイト",0
97,1030003029561,01,0,2026-07-06,2026-07-06,"ＪＡＰＡＳＩＡ合同会社",,305,"埼玉県","戸田市","笹目３丁目３－５ＭＡＫＩＮＯビル２０３号",,11,224,3350034,,,,,,,2026-07-06,1,,,,,"ジャパジア",0
98,1030003029586,01,0,2026-07-06,2026-07-06,"合同会社ｒｏｂｏｒｏｂａ",,305,"埼玉県","さいたま市緑区","大字下野田３６０番地",,11,109,3360962,,,,,,,2026-07-06,1,,,,,"ロボロバ",0
99,1030003029594,01,0,2026-07-06,2026-07-06,"合同会社中元工業",,305,"埼玉県","さいたま市見沼区","深作３丁目４４番地１６",,11,104,3370003,,,,,,,2026-07-06,1,,,,,"ナカモトコウギョウ",0
100,1030005008753,12,0,2026-07-06,2026-06-23,"特定非営利活動法人日本モデルロケット協会",,399,"埼玉県","富士見市","関沢３丁目５－１トリポッド１－１０１号",,11,235,3540025,,,,,,,2015-10-05,1,,,,,"ニホンモデルロケットキョウカイ",0
101,1040001020075,21,0,2026-07-06,2026-07-01,"株式会社京葉ビルド",,301,"京都府","京都市下京区","烏丸通仏光寺下る大政所町６８０番地",,26,106,6008413,,,2026-07-01,11,6130001048284,"令和８年７月１日京都市下京区烏丸通仏光寺下ル大政所町６８０番地株式会社ハウスドゥ販売管理（6130001048284）に合併し解散",2015-10-05,1,,,,,"ケイヨウビルド",0
102,1040001089664,21,0,2026-07-06,2026-06-29,"株式会社島組",,301,"東京都","江戸川区","西葛西７丁目２９番２４－２０６",,13,123,1340088,,,2026-06-29,01,,,2015-10-05,1,,,,,"シマグミ",0
103,1040001144411,01,0,2026-07-06,2026-07-06,"株式会社千石臓器",,301,"千葉県","野田市","関宿台町４０４番地１",,12,208,2700202,,,,,,,2026-07-06,1,,,,,"センゴクゾウキ",0
104,1040003030320,01,0,2026-07-06,2026-07-06,"合同会社ネクストデイ",,305,"千葉県","習志野市","藤崎６丁目３番１７－２０４号",,12,216,2750017,,,,,,,2026-07-06,1,,,,,"ネクストデイ",0
105,1050001040799,01,1,2026-07-06,2016-04-13,"日本美研株式会社",,301,"茨城県","笠間市","大田町２０８番地２４３",,08,216,3091738,,,,,,,2016-04-13,1,,,,,"ニホンビケン",0
106,1050001058610,01,0,2026-07-06,2026-07-06,"株式会社ＢＥＳＴ　ＨＯＬＤＩＮＧＳ",,301,"茨城県","守谷市","百合ケ丘１丁目４８０８番地の２２１",,08,224,3020110,,,,,,,2026-07-06,1,,,,,"ベストホールディングス",0
107,1050001058635,01,0,2026-07-06,2026-07-06,"株式会社ＴＧＦ",,301,"茨城県","ひたちなか市","笹野町１丁目９－２５アーバンスポットビル４Ｆ",,08,221,3120018,,,,,,,2026-07-06,1,,,,,"ティージーエフ",0
108,1060001035336,12,0,2026-07-06,2026-06-29,"ＥＧＹＰＴ　ＴＲＡＤＩＮＧ株式会社",,301,"栃木県","小山市","大字東黒田１０２番地７",,09,208,3290204,,,,,,,2022-10-07,1,,,,,"エジプトトレーディング",0
109,1060001039023,12,0,2026-07-06,2026-07-01,"Ｌｕｘｅ　Ａｓｓｅｔ　Ｈｏｌｄｉｎｇｓ株式会社",,301,"新潟県","新潟市中央区","米山３丁目１番１７号",,15,103,9500916,,,,,,,2026-02-20,1,,,,,"リュクスアセットホールディングス",0
110,1060001039403,01,0,2026-07-06,2026-07-06,"ベルフォースホールディングス株式会社",,301,"栃木県","那須塩原市","三区町５６３番地１",,09,213,3292745,,,,,,,2026-07-06,1,,,,,"ベルフォースホールディングス",0
111,1060002034246,01,1,2026-07-06,2015-10-05,"有限会社カミウトラスト",,302,"栃木県","下都賀郡壬生町","大字羽生田１３３０番地１",,09,361,3210234,,,,,,,2015-10-05,1,,,,,"カミウトラスト",0
112,1060005009939,01,1,2026-07-06,2022-01-17,"一般社団法人とちぎウェルネスツーリズム協会",,399,"栃木県","宇都宮市","西川田本町４丁目１９番４号",,09,201,3210158,,,,,,,2022-01-17,0,,,,,,0
113,1060005009939,21,0,2026-07-06,2026-06-26,"一般社団法人とちぎウェルネスツーリズム協会",,399,"栃木県","宇都宮市","西川田本町４丁目１９番４号",,09,201,3210158,,,2026-06-26,01,,,2022-01-17,1,,,,,,0
114,1070001004967,01,1,2026-07-06,2015-10-05,"株式会社関東プランニング",,301,"群馬県","前橋市","天川原町１丁目３１番地８",,10,201,3710803,,,,,,,2015-10-05,1,,,,,"カントウプランニング",0
115,1070001020510,01,1,2026-07-06,2015-10-05,"株式会社テクノクラフト",,301,"群馬県","太田市","鳥山下町４８５番地７",,10,205,3730063,,,,,,,2015-10-05,1,,,,,"テクノクラフト",0
116,1070001041077,12,0,2026-07-06,2026-06-15,"株式会社ＧＯＩＮＧ",,301,"千葉県","千葉市中央区","本町１丁目４番２号サガビル１Ｆ",,12,101,2600012,,,,,,,2023-11-17,1,,,,,"ゴーイング",0
117,1070001044286,01,0,2026-07-06,2026-07-06,"株式会社河了工業",,301,"群馬県","前橋市","東上野町１３９番地１エトワールＡ２０３号",,10,201,3792164,,,,,,,2026-07-06,1,,,,,"カリョウコウギョウ",0
118,1070003001673,12,0,2026-07-06,2026-06-30,"ｆｒｏｍ　ｅｇｇ株式会社",,301,"群馬県","太田市","由良町３５６番地１",,10,205,3730036,,,,,,,2015-10-05,1,,,,,"フロムエッグ",0
119,1080001027686,01,0,2026-07-06,2026-07-06,"株式会社国京",,301,"静岡県","焼津市","下小田上町１７番地の３",,22,212,4250059,,,,,,,2026-07-06,1,,,,,"クニキョウ",0
120,1080101007927,21,0,2026-07-06,2026-07-01,"株式会社ＣＳ・Ｊａｐａｎ",,301,"静岡県","沼津市","東間門８２９番地の７",,22,203,4100865,,,2026-07-01,01,,,2015-10-05,1,,,,,"シーエスジャパン",0
121,1080102015739,01,1,2026-07-06,2015-10-05,"有限会社ベネフィットサービス",,302,"静岡県","富士宮市","小泉３３６番１７",,22,207,4180022,,,,,,,2015-10-05,1,,,,,"ベネフィットサービス",0
122,1080102017396,21,0,2026-07-06,2026-07-01,"有限会社山田米店",,302,"静岡県","富士宮市","東町１９番１７号",,22,207,4180077,,,2026-07-01,01,,,2015-10-05,1,,,,,"ヤマダコメテン",0
123,1080401013781,11,0,2026-07-06,2026-07-01,"ヤマエ不動産株式会社",,301,"静岡県","浜松市浜名区","本沢合１６４番地の１",,22,139,4340014,,,,,,,2015-10-05,1,,,,,"ヤマエフドウサン",0
124,1080401028697,01,0,2026-07-06,2026-07-06,"株式会社ＧＥＮＥＯＵＳ",,301,"静岡県","浜松市中央区","龍禅寺町３９２番地",,22,138,4300924,,,,,,,2026-07-06,1,,,,,"ジェニアス",0
125,1080403005538,01,0,2026-07-06,2026-07-06,"Ｍａｋａｒｉｎａ　Ｃａｐｉｔａｌ合同会社",,305,"静岡県","浜松市中央区","広沢２丁目４４番１２－７０７号",,22,138,4328013,,,,,,,2026-07-06,1,,,,,"マカリナキャピタル",0
126,1090002009542,01,1,2026-07-06,2015-10-05,"立正堂印刷有限会社",,302,"山梨県","大月市","御太刀１丁目８番１４号",,19,206,4010012,,,,,,,2015-10-05,1,,,,,"リツセイドウインサツ",0
127,1090002014484,21,0,2026-07-06,2026-06-30,"有限会社パック",,302,"山梨県","北杜市","高根町小池２５０番地３",,19,209,4080014,,,2026-06-30,01,,,2015-10-05,1,,,,,"パック",0
128,1090003003081,01,0,2026-07-06,2026-07-06,"スマイル補聴器センター合同会社",,305,"山梨県","中巨摩郡昭和町","西条２２０６番地５",,19,384,4093866,,,,,,,2026-07-06,1,,,,,"スマイルホチョウキセンター",0
129,1100001026289,01,1,2026-07-06,2015-10-05,"株式会社長野地質工業",,301,"長野県","長野市","篠ノ井東福寺２２６３番地８",,20,201,3888002,,,,,,,2015-10-05,1,,,,,"ナガノチシツコウギョウ",0
130,1100001039811,01,0,2026-07-06,2026-07-06,"株式会社小須田設備",,301,"長野県","北佐久郡軽井沢町","大字長倉５５４３番地１１",,20,321,3890111,,,,,,,2026-07-06,1,,,,,"コスダセツビ",0
131,1100002010003,21,0,2026-07-06,2026-07-01,"有限会社有楽",,302,"長野県","千曲市","上山田温泉１丁目６５番地１",,20,218,3890821,,,2026-07-01,01,,,2015-10-05,1,,,,,"ユウラク",0
132,1110001040215,01,0,2026-07-06,2026-07-06,"ＴＫＲ株式会社",,301,"新潟県","魚沼市","米沢１２５番地",,15,225,9460054,,,,,,,2026-07-06,1,,,,,"ティーケーアール",0
133,1110001040256,01,0,2026-07-06,2026-07-06,"シンフォニックブレイン株式会社",,301,"新潟県","新潟市中央区","南笹口１丁目１－３８コープオリンピア８０８",,15,103,9500912,,,,,,,2026-07-06,1,,,,,"シンフォニックブレイン",0
134,1110002022559,12,0,2026-07-06,2026-06-25,"木村屋商事有限会社",,302,"新潟県","上越市","本町２丁目４番２１号",,15,222,9430832,,,,,,,2015-10-05,1,,,,,"キムラヤショウジ",0
135,1120001081381,12,0,2026-07-06,2026-07-02,"イオンディライト株式会社",,301,"東京都","千代田区","神田錦町１丁目１番地１",,13,101,1010054,,,,,,,2015-10-05,1,,,,,"イオンディライト",0
136,1120001189448,12,0,2026-07-06,2026-06-30,"株式会社エスタスプロパティ",,301,"大阪府","大阪市中央区","瓦町４丁目３番２－３０１号",,27,128,5410048,,,,,,,2015-10-05,1,,,,,"エスタスプロパティ",0
137,1120001212928,12,0,2026-07-06,2026-07-02,"株式会社ワンダージャパン",,301,"兵庫県","尼崎市","浜３丁目１３番２７号",,28,202,6610967,,,,,,,2018-04-23,1,,,,,"ワンダージャパン",0
138,1120001224031,21,0,2026-07-06,2026-07-01,"株式会社日和ペットサービス",,301,"大阪府","大阪市北区","南森町１丁目４番１９号サウスホレストビル",,27,127,5300054,,,2026-07-01,01,,,2019-10-01,1,,,,,"ヒヨリペットサービス",0
139,1120001224048,12,0,2026-07-06,2026-07-02,"株式会社ＳＯＲＡ",,301,"大阪府","大阪市東淀川区","小松４丁目２番２０号サンサーラ翁１階",,27,114,5330004,,,,,,,2019-10-01,1,,,,,"ソラ",0
140,1120001267740,11,0,2026-07-06,2026-06-30,"隆盛技研株式会社",,301,"大阪府","寝屋川市","対馬江西町６番１２号",,27,215,5720065,,,,,,,2024-08-14,1,,,,,"タカモリギケン",0
141,1120001275330,21,0,2026-07-06,2026-06-30,"株式会社Ｃｏｍｉｎｇ　Ｈｏｍｅ",,301,"大阪府","大阪市中央区","南久宝寺町１丁目９番１０号日宝船場ビル４Ｆ１号",,27,128,5410058,,,2026-06-30,01,,,2025-04-25,1,,,,,"カミングホーム",0
142,1120001287482,01,0,2026-07-06,2026-07-06,"株式会社ＰＧ　Ａｓｓｅｔｓ",,301,"大阪府","大阪市中央区","南久宝寺町４丁目１番２号",,27,128,5410058,,,,,,,2026-07-06,1,,,,,"ピージーアセッツ",0
143,1120001287565,01,0,2026-07-06,2026-07-06,"株式会社ＳＬＯＰＥ　ＵＰ　ＣＬＵＢ２",,301,"大阪府","大阪市北区","西天満６丁目４番１３号７０２",,27,127,5300047,,,,,,,2026-07-06,1,,,,,"スロープアップクラブツー",0
144,1120001287598,01,0,2026-07-06,2026-07-06,"ゴーツー建装株式会社",,301,"大阪府","大阪市阿倍野区","播磨町２丁目４番８号",,27,119,5450022,,,,,,,2026-07-06,1,,,,,"ゴーツーケンソウ",0
145,1120001287607,01,0,2026-07-06,2026-07-06,"株式会社ｓｏｌｏｌｏｇｕｅ",,301,"大阪府","大阪市北区","梅田１丁目１－３大阪駅前第３ビル２９階１－１－１号室",,27,127,5300001,,,,,,,2026-07-06,1,,,,,"ソロローグ",0
146,1120003032969,01,0,2026-07-06,2026-07-06,"合同会社ウィステリア",,305,"大阪府","大阪市旭区","高殿２丁目２０番１２－２０１号",,27,117,5350031,,,,,,,2026-07-06,1,,,,,"ウィステリア",0
147,1120003032985,01,0,2026-07-06,2026-07-06,"ＬａｕｇｈＴａｌｅ合同会社",,305,"大阪府","大阪市浪速区","幸町３丁目１番２０号３０１号",,27,111,5560021,,,,,,,2026-07-06,1,,,,,"ラフテル",0
148,1120003032993,01,0,2026-07-06,2026-07-06,"ＭＴＭ合同会社",,305,"大阪府","大阪市淀川区","塚本２丁目２７番８号",00144197,27,123,5320026,,,,,,,2026-07-06,1,,,,,"エムティーエム",0
149,1120005007804,12,0,2026-07-06,2026-07-01,"医療法人海真会",,399,"大阪府","大阪市住之江区","西加賀屋１丁目１番３４号",,27,125,5590016,,,,,,,2015-10-05,1,,,,,"カイシンカイ",0
150,1120101073989,01,0,2026-07-06,2026-07-06,"タカラエステート株式会社",,301,"大阪府","堺市北区","金岡町５４９番地９西川ビル３階",,27,146,5918022,,,,,,,2026-07-06,1,,,,,"タカラエステート",0
151,1120105007638,21,0,2026-07-06,2026-06-29,"医療法人泉心会",,399,"大阪府","泉南市","樽井４丁目１８番５１号",,27,228,5900521,,,2026-06-29,01,,,2015-10-05,1,,,,,"センシンカイ",0
152,1120105009295,12,0,2026-07-06,2026-06-29,"特定非営利活動法人ほな山行こか",,399,"大阪府","阪南市","山中渓４０９番地１",,27,232,5990214,,,,,,,2020-10-14,1,,,,,"ホナヤマイコカ",0
153,1120901030677,11,0,2026-07-06,2026-06-19,"株式会社ｅｎｅｎ",,301,"京都府","京都市下京区","烏丸通仏光寺下る大政所町６８０‐１第八長谷ビル２Ｆ",,26,106,6008413,,,,,,,2015-10-05,1,,,,,"エンエン",0
154,1120901044207,12,0,2026-07-06,2026-07-02,"ベアエステート株式会社",,301,"兵庫県","神戸市北区","上津台１丁目４番３号",,28,109,6511515,,,,,,,2021-04-16,1,,,,,"ベアエステート",0
155,1120901050386,12,0,2026-07-06,2026-07-02,"株式会社グローバル人財サポート",,301,"大阪府","大阪市北区","堂島２丁目３番２号",,27,127,5300003,,,,,,,2025-02-04,1,,,,,"グローバルジンザイサポート",0
156,1120905002730,01,1,2026-07-06,2015-10-05,"社会福祉法人秀明会",,399,"大阪府","吹田市","岸部中２丁目７番１２号",,27,205,5640002,,,,,,,2015-10-05,1,,,,,,0
157,1122001003398,21,0,2026-07-06,2026-06-26,"株式会社新保軽合金鋳造所",,301,"奈良県","生駒郡平群町","緑ケ丘２丁目１０番３号",,29,342,6360941,,,2026-06-26,01,,,2015-10-05,1,,,,,"シンポケイゴウキンチュウゾウショ",0
158,1122001018784,11,0,2026-07-06,2026-07-01,"株式会社ＳＨＯＴＯＫ",,301,"奈良県","磯城郡川西町","大字保田４４１番地の６",,29,361,6360205,,,,,,,2015-10-05,1,,,,,"ショートク",0
159,1122001030269,11,0,2026-07-06,2026-06-30,"株式会社ティ・ケイ",,301,"大阪府","東大阪市","渋川町３丁目９番２５号",,27,227,5770836,,,,,,,2017-01-19,1,,,,,"ティケイ",0
160,1122001036984,12,0,2026-07-06,2026-07-03,"株式会社一蓮",,301,"大阪府","八尾市","福万寺町４丁目１番地",,27,212,5810842,,,,,,,2023-05-17,1,,,,,"イチレン",0
161,1122001040680,01,0,2026-07-06,2026-07-06,"株式会社Ｏｅｎ",,301,"大阪府","八尾市","光南町２丁目３番１７号",,27,212,5810007,,,,,,,2026-07-06,1,,,,,"オーエン",0
162,1122002001475,11,0,2026-07-06,2026-06-29,"株式会社ケイアールピー",,301,"大阪府","東大阪市","長田３丁目８番１３号",,27,227,5770015,,,,,,,2015-10-05,1,,,,,"ケイアールピー",0
163,1130001013672,01,1,2026-07-06,2015-10-05,"日本情報通信株式会社",,301,"京都府","京都市伏見区","竹田藁屋町７５番地",,26,109,6128443,,,,,,,2015-10-05,0,,,,,"ニホンジョウホウツウシン",0
164,1130001013672,12,1,2026-07-06,2026-06-09,"日本情報通信株式会社",,301,"京都府","京都市北区","紫竹下町４８番地３",,26,101,6030000,,,,,,,2015-10-05,1,,,,,"ニホンジョウホウツウシン",0
165,1130001082593,01,0,2026-07-06,2026-07-06,"株式会社しゃぶくら",,301,"京都府","相楽郡精華町","大字祝園小字長塚１５番地報文堂マルコビル２０４号",,26,366,6190241,,,,,,,2026-07-06,1,,,,,"シャブクラ",0
166,1130001082602,01,0,2026-07-06,2026-07-06,"株式会社純玲",,301,"京都府","木津川市","城山台７丁目３番地７",,26,214,6190218,,,,,,,2026-07-06,1,,,,,"スミレ",0
167,1130001082635,01,0,2026-07-06,2026-07-06,"株式会社ｅｎ．",,301,"京都府","京都市山科区","上花山桜谷６５番地４９",,26,110,6078466,,,,,,,2026-07-06,1,,,,,"エン",0
168,1130003011534,01,0,2026-07-06,2026-07-06,"合同会社ノーティー",,305,"京都府","木津川市","加茂町里西大間田４０番地２３",,26,214,6191152,,,,,,,2026-07-06,1,,,,,"ノーティー",0
169,1140001077931,01,1,2026-07-06,2015-10-05,"株式会社アクト",,301,"兵庫県","伊丹市","寺本１丁目１５２番地",,28,207,6640026,,,,,,,2015-10-05,0,,,,,"アクト",0
170,1140001077931,12,1,2026-07-06,2015-12-11,"株式会社アクト",,301,"兵庫県","宝塚市","すみれガ丘３丁目２番２－５０２号",,28,214,6650847,,,,,,,2015-10-05,1,,,,,"アクト",0
171,1140001105221,21,0,2026-07-06,2026-07-03,"ショウエイテック株式会社",,301,"兵庫県","加古川市","尾上町養田１２８２－１１",,28,210,6750025,,,2026-07-03,01,,,2017-03-01,1,,,,,"ショウエイテック",0
172,1140001143295,01,0,2026-07-06,2026-07-06,"株式会社ＳＡＫＵ",,301,"兵庫県","神戸市東灘区","御影中町２丁目８番２－２号",,28,101,6580054,,,,,,,2026-07-06,1,,,,,"サク",0
173,1140003023834,01,0,2026-07-06,2026-07-06,"合同会社Ｇａｒ‐Ｇａｒ‐ｒｅｐｔｉｌｅ",,305,"兵庫県","加古川市","加古川町稲屋３９１番地の８",,28,210,6750034,,,,,,,2026-07-06,1,,,,,"ガーガーレプタイル",0
174,1140005018592,21,0,2026-07-06,2026-06-26,"特定非営利活動法人あいらんど",,399,"兵庫県","川西市","小花２丁目７番シャンテ川西１号棟１０７号",,28,217,6660015,,,2026-06-26,01,,,2015-10-05,1,,,,,"アイランド",0
175,1140005023007,12,0,2026-07-06,2026-06-25,"姫てっく協同組合",,399,"兵庫県","姫路市","神子岡前１丁目２番１号神子岡エイトビル２階",,28,201,6700055,,,,,,,2016-06-07,1,,,,,"ヒメテック",0
176,1150001013860,11,0,2026-07-06,2026-06-29,"マルケイ株式会社",,301,"奈良県","御所市","大字蛇穴２３０番地",,29,208,6392272,,,,,,,2015-10-05,1,,,,,"マルケイ",0
177,1150001017457,71,0,2026-07-06,2026-07-01,"株式会社カインドライフ",,301,"京都府","木津川市","城山台１丁目２８番地１",,26,214,6190218,,,,,,"令和８年７月１日京都府相楽郡精華町大字祝園小字長塚１８番地２株式会社美カインド（8150001021213）を合併",2015-10-05,1,,,,,"カインドライフ",0
178,1150001018810,12,0,2026-07-06,2026-07-01,"株式会社ＦＲＩＥＮＤ",,301,"奈良県","生駒市","西畑町１０８２番",,29,209,6300236,,,,,,,2015-10-05,1,,,,,"フレンド",0
179,1150001023570,11,0,2026-07-06,2026-07-01,"株式会社和州物流",,301,"大阪府","大阪市中央区","南本町１丁目４番１０号",,27,128,5410054,,,,,,,2020-03-03,1,,,,,"ワシュウブツリュウ",0
180,1150001027398,12,0,2026-07-06,2026-06-30,"ＢａｓｅＢｕｉｌｄ株式会社",,301,"奈良県","奈良市","法蓮町４６２番地の１",,29,201,6308113,,,,,,,2024-07-02,1,,,,,"ベースビルド",0
181,1160001027752,01,0,2026-07-06,2026-07-06,"株式会社浅井造園",,301,"滋賀県","大津市","秋葉台３０番１５号",,25,201,5200822,,,,,,,2026-07-06,1,,,,,"アサイゾウエン",0
182,1160005005886,01,1,2026-07-06,2015-10-05,"田中神社",,399,"滋賀県","東近江市","合戸町３９番地",,25,213,5291536,,,,,,,2015-10-05,1,,,,,"タナカジンジャ",0
183,1170002011515,01,1,2026-07-06,2015-10-05,"有限会社橋本水道",,302,"和歌山県","東牟婁郡那智勝浦町","大字天満８３０番地１９",,30,421,6495331,,,,,,,2015-10-05,1,,,,,"ハシモトスイドウ",0
184,1170002011614,01,1,2026-07-06,2015-10-05,"有限会社ハマシュウ",,302,"和歌山県","東牟婁郡那智勝浦町","大字宇久井１７３０番地６２",,30,421,6495312,,,,,,,2015-10-05,0,,,,,"ハマシュウ",0
185,1170002011614,12,1,2026-07-06,2026-07-01,"有限会社ハマシュウ",,302,"和歌山県","新宮市","谷王子町２番地７",,30,207,6470016,,,,,,,2015-10-05,1,,,,,"ハマシュウ",0
186,1180001040968,71,0,2026-07-06,2026-07-01,"万兵株式会社",,301,"愛知県","名古屋市中区","錦２丁目１２番１４号",,23,106,4600003,,,,,,"令和８年７月１日名古屋市中区錦二丁目１２番１４号万兵サービス株式会社（7180001040970）を合併",2015-10-05,1,,,,,"マンヒョウ",0
187,1180001172588,01,0,2026-07-06,2026-07-06,"株式会社アール",,301,"愛知県","名古屋市港区","東蟹田１３３５番地ダイアクレインＩＩＩＡ－２０１",00144187,23,111,4550886,,,,,,,2026-07-06,1,,,,,"アール",0
188,1180001172596,01,0,2026-07-06,2026-07-06,"株式会社Ｈｏｎｅｙｂｅｅｓ",,301,"愛知県","名古屋市緑区","池上台３丁目９３番地の７",,23,114,4580044,,,,,,,2026-07-06,1,,,,,"ハニービーズ",0
189,1180003001118,01,1,2026-07-06,2015-10-05,"株式会社鬼頭商会",,301,"愛知県","名古屋市瑞穂区","牛巻町４番２１号",,23,108,4670863,,,,,,,2015-10-05,1,,,,,"キトウショウカイ",0
190,1180003026593,21,0,2026-07-06,2026-06-30,"合同会社ＧＴＹ",,305,"愛知県","名古屋市緑区","鳴海町字清水寺１１８番地の２",,23,114,4580801,,,2026-06-30,01,,,2024-04-09,1,,,,,"ジーティーワイ",0
191,1180005021592,01,0,2026-07-06,2026-07-06,"医療法人ＭＡＲＵ",,399,"愛知県","名古屋市中区","丸の内２丁目１６番８号フレア丸の内４階",,23,106,4600002,,,,,,,2026-07-06,1,,,,,"マル",0
192,1180301039883,12,0,2026-07-06,2026-07-01,"株式会社ＤＥＦＥＮＤＥＲ",,301,"愛知県","名古屋市北区","平安２丁目２３番４３号",,23,103,4620819,,,,,,,2025-06-09,1,,,,,"ディフェンダー",0
193,1190001033260,01,0,2026-07-06,2026-07-06,"株式会社Ｉ．ｔｈｒｅｅ",,301,"三重県","いなべ市","員弁町松之木１５６６番地４",,24,214,5110216,,,,,,,2026-07-06,1,,,,,"アイスリー",0
194,1190002022980,01,1,2026-07-06,2015-10-05,"有限会社サンロード",,302,"三重県","四日市市","南垂坂町８１０番地１０４",,24,202,5108036,,,,,,,2015-10-05,1,,,,,"サンロード",0
195,1200001045213,01,0,2026-07-06,2026-07-06,"株式会社ＹＡＭＡＥＩ",,301,"岐阜県","岐阜市","細畑華南２０番地",,21,201,5008243,,,,,,,2026-07-06,1,,,,,"ヤマエイ",0
196,1200003007079,01,1,2026-07-06,2025-10-07,"ＡＧ　Ｔｒａｄｉｎｇ合同会社",,305,"岐阜県","岐阜市","鏡島西３丁目１－３６サンテラス１０５",,21,201,5010123,,,,,,,2025-10-07,0,,,,,"エージートレーディング",0
197,1200003007079,12,1,2026-07-06,2026-06-29,"ＡＧ　Ｔｒａｄｉｎｇ合同会社",,305,"岐阜県","大垣市","木呂町８１－１木呂ビル２Ｆ西",,21,202,5030991,,,,,,,2025-10-07,1,,,,,"エージートレーディング",0
198,1210003001048,01,1,2026-07-06,2018-02-15,"合同会社Ｐｒｏｆｉｔ",,305,"福井県","福井市","照手町４丁目２２０３番地",,18,201,9100025,,,,,,,2018-02-15,1,,,,,,0
199,1210005005162,01,1,2026-07-06,2015-10-05,"社会福祉法人あおい福祉会",,399,"福井県","福井市","川合鷲塚町１２字長田６番１",,18,201,9100102,,,,,,,2015-10-05,1,,,,,,0
200,1220001008110,01,1,2026-07-06,2015-10-05,"株式会社ハイ・サポート",,301,"石川県","金沢市","森戸１丁目９７番地５",,17,201,9218061,,,,,,,2015-10-05,1,,,,,"ハイサポート",0
201,1220002015675,01,1,2026-07-06,2015-10-05,"有限会社長栄商店",,302,"石川県","輪島市","輪島崎町１部１４３番地",,17,204,9280071,,,,,,,2015-10-05,0,,,,,"チョウエイショウテン",0
202,1220002015675,12,1,2026-07-06,2017-01-19,"有限会社長栄商店",,302,"石川県","輪島市","光浦町４５字２１番地２",,17,204,9280067,,,,,,,2015-10-05,1,,,,,"チョウエイショウテン",0
203,1220003004322,01,0,2026-07-06,2026-07-06,"合同会社Ａｒｃａ",,305,"石川県","かほく市","外日角ニ２５番地１",,17,209,9291176,,,,,,,2026-07-06,1,,,,,,0
204,1220005008890,01,1,2026-07-06,2024-10-10,"一般社団法人能登官民連携復興センター",,399,"石川県","輪島市","三井町洲衛１０部１１番１",,17,204,9292372,,,,,,,2024-10-10,1,,,,,,0
205,1230001021500,01,0,2026-07-06,2026-07-06,"北陸電力Ｖｉｓｕａｌ　ＡＩ　Ｓｏｌｕｔｉｏｎｓ株式会社",,301,"富山県","富山市","久方町２番５４号",,16,201,9300848,,,,,,,2026-07-06,1,,,,,"ホクリクデンリョクビジュアルエイアイソリューションズ",0
206,1240001065752,12,0,2026-07-06,2026-06-26,"株式会社Ｔ‐ＳＴＡＲ",,301,"広島県","広島市西区","観音本町１丁目１６番２１号",,34,104,7330033,,,,,,,2025-11-11,1,,,,,"ティースター",0
207,1240001066726,01,0,2026-07-06,2026-07-06,"株式会社ＡＫＡＭＡＴＳＵ",,301,"広島県","広島市中区","鉄砲町８番２４号にしたやビル６０６号室",,34,101,7300017,,,,,,,2026-07-06,1,,,,,"アカマツ",0
208,1240001066734,01,0,2026-07-06,2026-07-06,"株式会社三縁",,301,"広島県","広島市中区","舟入町１１番２５号レジデンス木野川",,34,101,7300841,,,,,,,2026-07-06,1,,,,,"サンエン",0
209,1240001066742,01,0,2026-07-06,2026-07-06,"株式会社シャトン",,301,"広島県","福山市","神村町６３０５番地１",,34,207,7290112,,,,,,,2026-07-06,1,,,,,"シャトン",0
210,1240001066759,01,0,2026-07-06,2026-07-06,"株式会社ＣＯＮＮＥＣＴ",,301,"広島県","広島市安佐北区","可部町綾ケ谷２７６６番地１",,34,106,7391700,,,,,,,2026-07-06,1,,,,,"コネクト",0
211,1240002006714,21,0,2026-07-06,2026-06-29,"有限会社さかね",,302,"広島県","広島市東区","上大須賀町１番１２－６０２号",,34,102,7320056,,,2026-06-29,01,,,2015-10-05,1,,,,,"サカネ",0
212,1240002032347,01,1,2026-07-06,2015-10-05,"有限会社小田食品",,302,"広島県","呉市","広白岳１丁目１番２８号",,34,202,7370144,,,,,,,2015-10-05,1,,,,,"オダショクヒン",0
213,1260001012884,01,1,2026-07-06,2015-10-05,"株式会社笠岡スズヤ",,301,"岡山県","倉敷市","生坂４７５番地の６",,33,202,7100002,,,,,,,2015-10-05,1,,,,,"カサオカスズヤ",0
214,1260001015326,71,0,2026-07-06,2026-07-01,"ひだかや株式会社",,301,"岡山県","倉敷市","西富井１０７６番地",,33,202,7100845,,,,,,"令和８年７月１日岡山県総社市新本７１１６番地農村エナジー株式会社（3260001025216）を合併",2015-10-05,1,,,,,"ヒダカヤ",0
215,1260001021638,12,0,2026-07-06,2026-07-01,"セリオデベロップメント株式会社",,301,"岡山県","岡山市中区","国富１丁目６番１０号",,33,102,7038236,,,,,,,2015-10-05,1,,,,,"セリオデベロップメント",0
216,1260001037171,21,0,2026-07-06,2026-06-25,"株式会社ペイントラッシュ",,301,"岡山県","津山市","川崎４３５番地２３",,33,203,7080841,,,2026-06-25,01,,,2022-08-26,1,,,,,"ペイントラッシュ",0
217,1260001041413,01,0,2026-07-06,2026-07-06,"株式会社村建",,301,"岡山県","都窪郡早島町","早島２０６２番地８",,33,423,7010304,,,,,,,2026-07-06,1,,,,,"ムラケン",0
218,1260003005688,01,0,2026-07-06,2026-07-06,"合同会社ヴィルナ",,305,"岡山県","岡山市北区","野田３丁目１３番３０号アルファステイツ野田ＩＩＩ８０３号",00144183,33,101,7000971,,,,,,,2026-07-06,1,,,,,"ヴィルナ",0
219,1270002004335,21,0,2026-07-06,2026-07-02,"有限会社東和セメント工業",,302,"鳥取県","八頭郡八頭町","郡家７５番地１",,31,329,6800461,,,2026-07-02,01,,,2015-10-05,1,,,,,"トウワセメントコウギョウ",0
220,1270002010977,11,0,2026-07-06,2026-07-01,"株式会社カーグレイス",,301,"鳥取県","倉吉市","穴沢１４２番３地",,31,203,6820901,,,,,,,2015-10-05,1,,,,,"カーグレイス",0
221,1270005000199,01,1,2026-07-06,2015-10-05,"鳥取県運輸観光事業協同組合",,399,"鳥取県","鳥取市","雲山２１９番地",,31,201,6800862,,,,,,,2015-10-05,1,,,,,"トットリケンウンユカンコウジギョウ",0
222,1280001006067,71,0,2026-07-06,2026-07-01,"株式会社浜田あけぼの水産",,301,"島根県","浜田市","原井町３０５０番地２８",,32,202,6970017,,,,,,"令和８年７月１日島根県浜田市殿町３５番地２有限会社あけぼの丸ＦＡＣＴＯＲＹ（5280002008298）を合併",2015-10-05,1,,,,,"ハマダアケボノスイサン",0
223,1280001009672,01,0,2026-07-06,2026-07-06,"株式会社ハルテック",,301,"島根県","出雲市","湖陵町三部１５４番地",,32,203,6990813,,,,,,,2026-07-06,1,,,,,"ハルテック",0
224,1280005007706,01,0,2026-07-06,2026-07-06,"弁護士法人中井総合法律事務所",,399,"島根県","出雲市","渡橋町６１番地アイギスビル２階",,32,203,6930004,,,,,,,2026-07-06,1,,,,,"ナカイソウゴウホウリツジムショ",0
225,1290001061573,21,0,2026-07-06,2026-06-26,"株式会社ＧＡＫＫＯ",,301,"福岡県","福岡市中央区","大濠２丁目４番１６号２０１号室",,40,133,8100052,,,2026-06-26,01,,,2015-10-05,1,,,,,"ガッコー",0
226,1290001069534,01,1,2026-07-06,2015-10-05,"株式会社アバヒミ",,301,"福岡県","福岡市中央区","舞鶴３丁目２番３１－４０３号",,40,133,8100073,,,,,,,2015-10-05,0,,,,,"アバヒミ",0
227,1290001069534,12,1,2026-07-06,2017-03-24,"株式会社アバヒミ",,301,"長崎県","長崎市","宿町３２－６０８号",,42,201,8510121,,,,,,,2015-10-05,0,,,,,"アバヒミ",0
228,1290001069534,12,1,2026-07-06,2026-06-30,"株式会社アバヒミ",,301,"長崎県","長崎市","万才町２番９－２０３号",,42,201,8500033,,,,,,,2015-10-05,1,,,,,"アバヒミ",0
229,1290002027706,21,0,2026-07-06,2026-06-16,"有限会社中小企業サポート福岡",,302,"福岡県","福岡市中央区","赤坂３丁目８番２６－１００２号",,40,133,8100042,,,2026-06-16,01,,,2015-10-05,1,,,,,"チュウショウキギョウサポートフクオカ",0
230,1290005014692,12,0,2026-07-06,2026-06-16,"特定非営利活動法人三沢遺跡の森を育む会",,399,"福岡県","小郡市","三国が丘６丁目８９番地",,40,216,8380103,,,,,,,2015-10-05,1,,,,,"ミサワイセキノモリヲハグクムカイ",0
231,1290005014882,01,1,2026-07-06,2015-10-05,"一般社団法人日本ＷＩＸ振興プロジェクト",,399,"福岡県","福岡市博多区","吉塚１丁目４４番１２－２１号",,40,132,8120041,,,,,,,2015-10-05,0,,,,,,0
232,1290005014882,11,1,2026-07-06,2018-08-07,"一般社団法人日本ワークパフォーマンス協会",,399,"福岡県","福岡市博多区","吉塚１丁目４４番１２－２１号",,40,132,8120041,,,,,,,2015-10-05,0,,,,,,0
233,1290005014882,12,1,2026-07-06,2018-08-15,"一般社団法人日本ワークパフォーマンス協会",,399,"熊本県","熊本市北区","飛田３丁目５－８",,43,105,8615514,,,,,,,2015-10-05,0,,,,,,0
234,1290005014882,12,1,2026-07-06,2020-11-24,"一般社団法人日本ワークパフォーマンス協会",,399,"熊本県","熊本市中央区","山崎町５番",,43,101,8600016,,,,,,,2015-10-05,1,,,,,,0
235,1290005017729,11,0,2026-07-06,2026-06-18,"特定非営利活動法人グリーフケアサイエンス協会心理カウンセリングセンター",,399,"福岡県","筑紫野市","二日市中央３丁目９番４５号山村ビル４０３",,40,217,8180072,,,,,,,2020-04-09,1,,,,,"グリーフケアサイエンスキョウカイシンリカウンセリングセンター",0
236,1290802004648,12,0,2026-07-06,2026-06-29,"有限会社中村製作所",,302,"福岡県","北九州市小倉南区","沼南町３丁目５番２１号",,40,107,8000205,,,,,,,2015-10-05,1,,,,,"ナカムラセイサクショ",0
237,1290802006545,01,1,2026-07-06,2015-10-05,"有限会社矢上商会",,302,"福岡県","北九州市小倉南区","葛原東１丁目３番３３号",,40,107,8000206,,,,,,,2015-10-05,1,,,,,"ヤガミショウカイ",0
238,1290805009702,01,1,2026-07-06,2024-01-04,"一般社団法人オレンジママ",,399,"福岡県","北九州市若松区","青葉台西２丁目１番１１号",,40,103,8080143,,,,,,,2024-01-04,1,,,,,,0
239,1300001014661,01,0,2026-07-06,2026-07-06,"株式会社グリーンハウス犬塚",00144196,301,"佐賀県","伊万里市","瀬戸町３０１３番地の１１８",,41,205,8480043,,,,,,,2026-07-06,1,,,,,"グリーンハウスイヌツカ",0
240,1300005007315,01,0,2026-07-06,2026-07-06,"一般社団法人タカオ",,399,"佐賀県","鳥栖市","高田町２１０番地１",,41,203,8410044,,,,,,,2026-07-06,1,,,,,"タカオ",0
241,1320001019329,21,0,2026-07-06,2026-06-29,"株式会社行成",,301,"大分県","別府市","浜町２０番１７号",,44,202,8740945,,,2026-06-29,01,,,2022-09-12,1,,,,,"ユキナリ",0
242,1330003011654,01,0,2026-07-06,2026-07-06,"合同会社ｎｉｃｏ",,305,"熊本県","熊本市南区","近見６丁目９－５２",,43,104,8614101,,,,,,,2026-07-06,1,,,,,"ニコ",0
243,1330005010258,12,0,2026-07-06,2026-06-16,"一般社団法人市房山源流水基地",,399,"熊本県","球磨郡多良木町","大字多良木１４２０番地２",,43,505,8680501,,,,,,,2020-10-30,1,,,,,"イチフサヤマゲンリュウスイキチ",0
244,1340001010376,12,0,2026-07-06,2026-06-22,"大輝組株式会社",,301,"鹿児島県","鹿児島市","石谷町１２４９番地６",,46,201,8992701,,,,,,,2015-10-05,1,,,,,"ダイキグミ",0
245,1340001028286,01,0,2026-07-06,2026-07-06,"株式会社Ｔｏｚａｗａ　Ｔｒａｄｉｎｇ",,301,"鹿児島県","垂水市","柊原３４５６番地２階",,46,214,8912116,,,,,,,2026-07-06,1,,,,,"トザワトレーディング",0
246,1340002005846,11,0,2026-07-06,2026-07-01,"株式会社武石建設",,301,"鹿児島県","鹿児島市","真砂本町３番８号",,46,201,8900067,,,,,,,2015-10-05,1,,,,,"タケイシケンセツ",0
247,1340002026347,11,0,2026-07-06,2026-06-30,"株式会社水口ホールディングス",,301,"鹿児島県","鹿屋市","札元１丁目１３番３０号",,46,203,8930013,,,,,,,2015-10-05,1,,,,,"ミズグチホールディングス",0
248,1350003005010,21,0,2026-07-06,2026-06-29,"ＳＡＩＧＯＮＭＡＲＴ合同会社",,305,"宮崎県","宮崎市","月見ケ丘２丁目１１－９チェリーハイツ１０２号",,45,201,8800926,,,2026-06-29,01,,,2025-08-18,1,,,,,"サイゴンマート",0
249,1360001036964,01,0,2026-07-06,2026-07-06,"ゆいゆい損害調査株式会社",,301,"沖縄県","宜野湾市","大謝名２丁目１３番１号１階",,47,205,9012225,,,,,,,2026-07-06,1,,,,,"ユイユイソンガイチョウサ",0
250,1360002009449,01,1,2026-07-06,2015-10-05,"有限会社ヴイラ東風平",,302,"沖縄県","島尻郡八重瀬町","字東風平３９８番地",,47,362,9010401,,,,,,,2015-10-05,1,,,,,,0
251,1370001017781,01,1,2026-07-06,2015-10-05,"株式会社万葉まちづくりセンター",,301,"宮城県","黒川郡大衡村","松の平３丁目４番３４号",,04,424,9813608,,,,,,,2015-10-05,1,,,,,,0
252,1370001040239,01,1,2026-07-06,2016-09-20,"株式会社メディカルクリエーション",,301,"宮城県","大崎市","古川大宮７丁目７番２５号",,04,215,9896221,,,,,,,2016-09-20,1,,,,,"メディカルクリエーション",0
253,1380002006114,12,0,2026-07-06,2026-06-26,"有限会社ＡＥＬ",,302,"福島県","伊達市","保原町字一丁目１１番地１",,07,213,9600624,,,,,,,2015-10-05,1,,,,,"エーイーエル",0
254,1380002009934,01,1,2026-07-06,2015-10-05,"有限会社新清",,302,"福島県","郡山市","安積町日出山３丁目１８８番地",,07,203,9630101,,,,,,,2015-10-05,1,,,,,"シンセイ",0
255,1380002012715,01,1,2026-07-06,2015-10-05,"有限会社樅木商興",,302,"福島県","郡山市","堤１丁目１３４番地",,07,203,9630205,,,,,,,2015-10-05,1,,,,,"モミキショウコウ",0
256,1390001008738,01,1,2026-07-06,2015-10-05,"東北金属興業株式会社",,301,"山形県","最上郡戸沢村","大字名高１０４２番地の４",,06,367,9996313,,,,,,,2015-10-05,1,,,,,"トウホクキンゾクコウギョウ",0
257,1390001017631,12,0,2026-07-06,2026-06-29,"株式会社ＲＣ",,301,"山形県","山形市","大字下東山９４番地",,06,201,9902232,,,,,,,2024-06-07,0,,,,,"アールシー",0
258,1390001017631,11,0,2026-07-06,2026-06-29,"株式会社山澤総業",,301,"山形県","山形市","大字下東山９４番地",,06,201,9902232,,,,,,,2024-06-07,1,,,,,"ヤマザワソウギョウ",0
259,1390003002565,01,0,2026-07-06,2026-07-06,"合同会社ＡＭＢＩＴ",,305,"山形県","長井市","舟場２１番２３号セレーナＪ",,06,209,9930082,,,,,,,2026-07-06,1,,,,,"アンビット",0
260,1390005004114,11,0,2026-07-06,2026-06-12,"鶴岡市あつみ森林組合",,399,"山形県","鶴岡市","大岩川字木揚場８番地",,06,203,9997123,,,,,,,2015-10-05,1,,,,,"ツルオカシアツミ",0
261,1410001004180,12,0,2026-07-06,2026-06-18,"ソフトアドバンス株式会社",,301,"秋田県","男鹿市","船川港船川字新浜町４７番地テノハ男鹿２０３号室",,05,206,0100511,,,,,,,2015-10-05,1,,,,,,0
262,1420001006077,01,0,2026-07-06,2026-07-06,"株式会社太洋地所",,301,"青森県","八戸市","根城９丁目１３番２号",,02,203,0391166,,,,,,,2026-07-06,1,,,,,"タイヨウチショ",0
263,1420001019582,01,0,2026-07-06,2026-07-06,"株式会社またあした",,301,"青森県","青森市","桜川２丁目１８番５号",,02,201,0300945,,,,,,,2026-07-06,1,,,,,"マタアシタ",0
264,1420003003304,12,0,2026-07-06,2026-06-25,"合同会社フルラック",,305,"青森県","八戸市","類家５丁目１４番１号",,02,203,0310001,,,,,,,2026-05-18,1,,,,,,0
265,1420005002238,01,1,2026-07-06,2015-10-05,"社会福祉法人公正福祉会",,399,"青森県","青森市","浪岡福田１丁目９番地６",,02,201,0381306,,,,,,,2015-10-05,1,,,,,"コウセイフクシカイ",0
266,1430001006258,12,0,2026-07-06,2026-06-30,"株式会社小貫",,301,"北海道","江別市","野幌東町３番地２８",,01,217,0690825,,,,,,,2015-10-05,1,,,,,"コヌキ",0
267,1430001086242,12,0,2026-07-06,2026-06-30,"札幌蟹販株式会社",,301,"北海道","札幌市中央区","南二条東１丁目１番地４札幌蟹販ビル",,01,101,0600052,,,,,,,2022-03-23,1,,,,,"サッポロカニハン",0
268,1430001087736,21,0,2026-07-06,2026-06-29,"株式会社アカリ",,301,"北海道","札幌市白石区","東札幌二条６丁目５番１－５０１号",,01,104,0030002,,,2026-06-29,01,,,2022-10-28,1,,,,,"アカリ",0
269,1430001092422,12,0,2026-07-06,2026-06-30,"株式会社セレク",,301,"北海道","札幌市南区","藤野二条９丁目２番３６－２０２号",,01,106,0612282,,,,,,,2024-08-07,0,,,,,"セレク",0
270,1430001092422,11,0,2026-07-06,2026-06-30,"株式会社工藤工務店",,301,"北海道","札幌市南区","藤野二条９丁目２番３６－２０２号",,01,106,0612282,,,,,,,2024-08-07,1,,,,,"クドウコウムテン",0
271,1430001097198,01,0,2026-07-06,2026-07-06,"株式会社ｔｓｕｋｉ",,301,"北海道","札幌市白石区","川北二条１丁目４番１号",,01,104,0030852,,,,,,,2026-07-06,1,,,,,"ツキ",0
272,1430003014523,12,0,2026-07-06,2026-06-30,"美的生活ヘルシーライフ合同会社",,305,"埼玉県","さいたま市北区","日進町２丁目４３０番地６フラット日進１０２",,11,102,3310823,,,,,,,2022-12-09,1,,,,,"ビテキセイカツヘルシーライフ",0
273,1450001002437,01,1,2026-07-06,2015-10-05,"株式会社橋本川島コーポレーション",,301,"北海道","旭川市","旭町二条７丁目１２番地９０",,01,204,0700832,,,,,,,2015-10-05,1,,,,,"ハシモトカワシマ",0
274,1460101007277,21,0,2026-07-06,2026-06-29,"株式会社帯広住宅販売",,301,"北海道","帯広市","東四条南１４丁目６番地３",,01,207,0800804,,,2026-06-29,01,,,2022-11-10,1,,,,,"オビヒロジュウタクハンバイ",0
275,1480002011780,01,1,2026-07-06,2015-10-05,"有限会社小僧寿し徳島第二地区本部",,302,"徳島県","板野郡板野町","下の庄字神の木３番地４",,36,404,7790100,,,,,,,2015-10-05,0,,,,,"コゾウズシトクシマダイニチクホンブ",0
276,1480002011780,12,1,2026-07-06,2026-06-29,"有限会社小僧寿し徳島第二地区本部",,302,"徳島県","板野郡藍住町","奥野字猪熊２２５番地１",,36,403,7711202,,,,,,,2015-10-05,1,,,,,"コゾウズシトクシマダイニチクホンブ",0
277,1500001016662,12,0,2026-07-06,2026-07-02,"株式会社ＳＩＤ",,301,"愛媛県","今治市","末広町２丁目４番地１１",,38,202,7940038,,,,,,,2015-10-05,1,,,,,"エスアイディー",0
278,1500002022115,21,0,2026-07-06,2026-07-01,"有限会社深川工業",,302,"愛媛県","四国中央市","土居町畑野４１２番地２",,38,213,7990714,,,2026-07-01,01,,,2015-10-05,1,,,,,"フカガワコウギョウ",0
279,1500003003774,01,0,2026-07-06,2026-07-06,"合同会社愛の和",,305,"愛媛県","西条市","神拝甲１５９番地５",,38,206,7930041,,,,,,,2026-07-06,1,,,,,"アイノワ",0
280,2010001029556,21,0,2026-07-06,2026-06-22,"株式会社萬代家",,301,"東京都","千代田区","神田淡路町２丁目１０番地",,13,101,1010063,,,2026-06-22,01,,,2015-10-05,1,,,,,"バンダイヤ",0
281,2010001049901,01,1,2026-07-06,2015-10-05,"株式会社タカハシスタンプ商会",,301,"東京都","中央区","銀座７丁目５番１９号銀座龍櫻閣７階",,13,102,1040061,,,,,,,2015-10-05,0,,,,,"タカハシスタンプショウカイ",0
282,2010001049901,12,1,2026-07-06,2026-06-11,"株式会社タカハシスタンプ商会",,301,"東京都","中央区","銀座７丁目１１番１４号ＧＩＮＺＡカムイビル４階",,13,102,1040061,,,,,,,2015-10-05,1,,,,,"タカハシスタンプショウカイ",0
283,2010001135437,12,0,2026-07-06,2026-06-19,"アップリバーコンサルティング株式会社",,301,"東京都","渋谷区","神宮前１丁目１番１号",,13,113,1500001,,,,,,,2015-10-05,1,,,,,"アップリバーコンサルティング",0
284,2010001138695,12,0,2026-07-06,2026-06-22,"株式会社ぐいっと",,301,"東京都","千代田区","九段北１丁目９番７号",,13,101,1020073,,,,,,,2015-10-05,1,,,,,"グイット",0
285,2010001160526,21,0,2026-07-06,2026-06-11,"ＪＰＡＸ株式会社",,301,"東京都","中央区","日本橋本町３丁目３番６号",,13,102,1030023,,,2026-06-11,01,,,2015-10-05,1,,,,,"ジェィパックス",0
286,2010001198590,12,0,2026-07-06,2026-07-02,"まいくろ商店株式会社",,301,"東京都","中央区","日本橋小伝馬町２番８号新小伝馬町ビル４階",,13,102,1030001,,,,,,,2019-02-19,1,,,,,"マイクロショウテン",0
287,2010001202534,12,0,2026-07-06,2026-07-01,"株式会社プルーフコーポレーション",,301,"東京都","墨田区","八広３丁目３９番５号ライオンズマンション墨田１階",,13,107,1310041,,,,,,,2019-07-22,1,,,,,"プルーフコーポレーション",0
288,2010001239428,12,0,2026-07-06,2026-06-22,"株式会社Ｈｉｂｉｋｉ　Ｅｄｕｃａｔｉｏｎ",,301,"東京都","文京区","湯島２丁目４番３号ソフィアお茶の水３階",,13,105,1130034,,,,,,,2023-10-20,1,,,,,"ヒビキエデュケーション",0
289,2010001244790,12,0,2026-07-06,2026-06-15,"Ｑｕｉｒｉｎｕｓ株式会社",,301,"東京都","千代田区","有楽町１丁目７番１号有楽町電気ビル北館１３階スリーアイズキャピタル株式会社内",,13,101,1000006,,,,,,,2024-05-14,1,,,,,"クイリヌス",0
290,2010001258056,12,0,2026-07-06,2026-06-15,"Ｗａｎｄａ株式会社",,301,"東京都","千代田区","有楽町１丁目７番１号有楽町電気ビル北館１３階スリーアイズキャピタル株式会社内",,13,101,1000006,,,,,,,2025-08-28,1,,,,,"ヴァンダ",0
291,2010001261431,12,0,2026-07-06,2026-06-15,"Ｘａｎｔｈｅ株式会社",,301,"東京都","千代田区","有楽町１丁目７番１号有楽町電気ビル北館１３階スリーアイズキャピタル株式会社内",,13,101,1000006,,,,,,,2025-12-24,1,,,,,"ザンテ",0
292,2010001262099,12,0,2026-07-06,2026-07-01,"Ｐａｐｏｔｅｒ株式会社",,301,"東京都","台東区","台東４丁目２２－４エスパルハイム３０３",,13,106,1100016,,,,,,,2026-02-02,1,,,,,"パポテ",0
293,2010001266884,01,0,2026-07-06,2026-07-06,"株式会社アクシスネオ",,301,"東京都","中央区","日本橋本石町４丁目２番２号ＵＳビル３０２",,13,102,1030021,,,,,,,2026-07-06,1,,,,,"アクシスネオ",0
294,2010001266934,01,0,2026-07-06,2026-07-06,"株式会社Ｖｅｘａ",,301,"東京都","文京区","本郷１丁目３２―３、１３０１",,13,105,1130033,,,,,,,2026-07-06,1,,,,,"ベクサ",0
295,2010003038943,21,0,2026-07-06,2026-06-16,"合同会社ＺＥＨＰＪ２",,305,"東京都","中央区","銀座４丁目６番１号三幸アセットマネジメント株式会社内",,13,102,1040061,,,2026-06-16,01,,,2022-10-28,1,,,,,"ゼッチピージェーツー",0
296,2010003039149,12,0,2026-07-06,2026-07-01,"ｕｋ　ａｓｓｅｔ合同会社",,305,"東京都","荒川区","西日暮里１丁目４２番２号ライオンズマンション西日暮里第二２０１",,13,118,1160013,,,,,,,2022-11-22,1,,,,,"ユーケーアセット",0
297,2010003045824,12,0,2026-07-06,2026-06-18,"ｉプロパティ１９合同会社",,305,"東京都","千代田区","有楽町１丁目７番１号北館１３階スリーアイズキャピタル株式会社内",,13,101,1000006,,,,,,,2024-12-20,1,,,,,"アイプロパティナインティーン",0
298,2010101017163,12,0,2026-07-06,2026-07-03,"緑匠工業株式会社",,301,"東京都","八王子市","中町４番３号二葉ビル６０２号",,13,201,1920085,,,,,,,2026-03-31,1,,,,,"リョクショウコウギョウ",0
299,2010401031855,12,0,2026-07-06,2026-07-02,"株式会社レガロ",,301,"神奈川県","横浜市都筑区","川和町２３１９番地３",,14,118,2240057,,,,,,,2015-10-05,1,,,,,"レガロ",0
300,2010401175314,12,0,2026-07-06,2026-07-02,"Ｔ‐ＧＬＯＢＡＬ　ＴＥＣＨＮＯＬＯＧＹ株式会社",,301,"東京都","千代田区","丸の内１丁目８番２号鉄鋼ビルデイング４階",,13,101,1000005,,,,,,,2023-07-07,1,,,,,"ティーグローバルテクノジー",0
301,2010401182351,12,0,2026-07-06,2026-07-02,"ＧＣＪＩ１４株式会社",,301,"大阪府","大阪市北区","西天満４丁目１１番２３号満電ビル",,27,127,5300047,,,,,,,2024-05-10,1,,,,,"ジーシージェイアイフォーティーン",0
302,2010401196599,12,0,2026-07-06,2026-07-01,"株式会社Ｅｔｈｉｃａ",,301,"東京都","港区","六本木３丁目１６番１２号六本木ＫＳビル５Ｆ",,13,103,1060032,,,,,,,2026-02-18,1,,,,,"エチカ",0
303,2010401199940,01,0,2026-07-06,2026-07-06,"ＪＩＡＲＥ第１４号株式会社",,301,"東京都","港区","赤坂１丁目８番１号",,13,103,1070052,,,,,,,2026-07-06,1,,,,,"ジェイアイエーアールイーダイジュウヨンゴウ",0
304,2010403037256,01,1,2026-07-06,2026-02-10,"大阪・ＪＤ・ホテル・インベストメンツ合同会社",,305,"東京都","港区","虎ノ門３丁目２２番１０－２０１号",,13,103,1050001,,,,,,,2026-02-10,1,,,,,"オオサカジェーディーホテルインベストメンツ",0
305,2010403038386,01,0,2026-07-06,2026-07-06,"リーガライツ合同会社",,305,"東京都","港区","新橋６丁目１３－１３ジプラス新橋２階",,13,103,1050004,,,,,,,2026-07-06,1,,,,,"リーガライツ",0
306,2010403038502,01,0,2026-07-06,2026-07-06,"合同会社イズモ",,305,"東京都","港区","虎ノ門３丁目２２番１０－２０１号",,13,103,1050001,,,,,,,2026-07-06,1,,,,,"イズモ",0
307,2010403038510,01,0,2026-07-06,2026-07-06,"合同会社プロパリー",,305,"東京都","港区","白金台３丁目１４番３―４０１号",,13,103,1080071,,,,,,,2026-07-06,1,,,,,"プロパリー",0
308,2010405018576,21,0,2026-07-06,2026-06-12,"一般社団法人先進運動器科学研究会",,399,"東京都","港区","南麻布４丁目９番３４－５０３号",,13,103,1060047,,,2026-06-12,01,,,2020-03-10,1,,,,,"センシンウンドウキカガクケンキュウカイ",0
309,2010502006772,21,0,2026-07-06,2026-07-01,"有限会社大聖サービス",,302,"東京都","台東区","清川１丁目５番１号１階",,13,106,1110022,,,2026-07-01,01,,,2015-10-05,1,,,,,"タイセイサービス",0
310,2010503006763,12,0,2026-07-06,2026-06-19,"ＡＬＣＭＹＳ合同会社",,305,"東京都","目黒区","中目黒４丁目８－８－１５０５",,13,110,1530061,,,,,,,2022-10-24,1,,,,,"アルクミス",0
311,2010601004082,01,1,2026-07-06,2015-10-05,"株式会社大東設計事務所",,301,"東京都","江東区","越中島３丁目６番３－１０８号",,13,108,1350044,,,,,,,2015-10-05,1,,,,,"ダイトウセッケイジムショ",0
312,2010601047536,01,1,2026-07-06,2015-10-05,"株式会社建造社",,301,"東京都","江東区","亀戸５丁目３２番３号川久保ビル１０２",,13,108,1360071,,,,,,,2015-10-05,0,,,,,"ケンゾウシャ",0
313,2010601047536,12,1,2026-07-06,2020-10-06,"株式会社建造社",,301,"千葉県","市川市","鬼高３丁目２５－８",,12,203,2720015,,,,,,,2015-10-05,1,,,,,"ケンゾウシャ",0
314,2010601069480,01,0,2026-07-06,2026-07-06,"株式会社ＧＰ４アシスト",,301,"東京都","江東区","東雲１丁目９番４２－２８０８号",,13,108,1350062,,,,,,,2026-07-06,1,,,,,"ジーピーフォーアシスト",0
315,2010603012356,01,0,2026-07-06,2026-07-06,"合同会社Ｔ‐ＣＲＡＦＴ",,305,"東京都","墨田区","立花５丁目５０番２８－１２７号",,13,107,1310043,,,,,,,2026-07-06,1,,,,,"ティークラフト",0
316,2010701013603,01,1,2026-07-06,2015-10-05,"コムシスネット株式会社",,301,"東京都","品川区","東五反田１丁目２５番１３号",,13,109,1410022,,,,,,,2015-10-05,1,,,,,"コムシスネット",0
317,2010801019558,01,1,2026-07-06,2015-10-05,"株式会社テレ・ショット",,301,"東京都","大田区","上池台４丁目４５番５号石垣ビル",,13,111,1450064,,,,,,,2015-10-05,1,,,,,"テレショット",0
318,2010801036537,01,1,2026-07-06,2025-09-30,"株式会社東吉",,301,"東京都","大田区","萩中１丁目６－９東昇ビル２０３",,13,111,1440047,,,,,,,2025-09-30,1,,,,,"トウキチ",0
319,2010901059842,01,0,2026-07-06,2026-07-06,"楽天不動産株式会社",,301,"東京都","世田谷区","玉川１丁目１４番１号",,13,112,1580094,,,,,,,2026-07-06,1,,,,,"ラクテンフドウサン",0
320,2011001140055,12,0,2026-07-06,2026-07-01,"株式会社ＩＭＡＪＵＮ",,301,"東京都","港区","高輪２丁目２１番２号ＴＨＥ・ＬＩＮＫＰＩＬＬＡＲ１・ＳＯＵＴＨ９Ｆ・ＬｉＳＨ２",,13,103,1080074,,,,,,,2021-04-23,1,,,,,"イマジュン",0
321,2011001148189,12,0,2026-07-06,2026-07-02,"株式会社文運堂",,301,"東京都","中央区","新川１丁目２８番３８号",,13,102,1040033,,,,,,,2022-06-22,1,,,,,"ブンウンドウ",0
322,2011001155037,21,0,2026-07-06,2026-06-22,"Ｌｉｖｅｆｏｒ株式会社",,301,"東京都","渋谷区","猿楽町１８番８号",,13,113,1500033,,,2026-06-22,11,8011001067978,"令和８年６月１日東京都渋谷区猿楽町１８番８号株式会社ＣＡＭＰＦＩＲＥ（8011001067978）に合併し解散",2023-06-13,1,,,,,"リブフォー",0
323,2011001173419,12,0,2026-07-06,2026-06-30,"株式会社ラブキャラ",,301,"東京都","渋谷区","渋谷２丁目２４番１２号３９ＦＷｅＷｏｒｋ渋谷スクランブルスクエア",,13,113,1500002,,,,,,,2025-10-29,1,,,,,"ラブキャラ",0
324,2011001177766,12,0,2026-07-06,2026-06-19,"株式会社ｓｏｌｕａ",,301,"東京都","渋谷区","恵比寿３丁目１番４号モンシャトー恵比寿４０３号",,13,113,1500013,,,,,,,2026-05-27,1,,,,,"ソルア",0
325,2011001178681,01,0,2026-07-06,2026-07-06,"株式会社アンビエント",,301,"東京都","渋谷区","渋谷２丁目１番１２号ＶＯＲＴＡＯＹＡＭＡ２－９階",,13,113,1500002,,,,,,,2026-07-06,1,,,,,"アンビエント",0
326,2011001178995,01,0,2026-07-06,2026-07-06,"倉方姉妹株式会社",,301,"東京都","目黒区","祐天寺２丁目７番２０号ヴィラクラカタ４０１",,13,110,1530052,,,,,,,2026-07-06,1,,,,,"クラカタシマイ",0
327,2011003013358,12,0,2026-07-06,2026-07-02,"合同会社グランドセントラル",,305,"東京都","中央区","日本橋兜町１７番２号兜町第６葉山ビル４階",,13,102,1030026,,,,,,,2021-09-14,1,,,,,"グランドセントラル",0
328,2011101109702,12,0,2026-07-06,2026-07-02,"東成テクノロジー株式会社",,301,"大阪府","大阪市都島区","都島北通２丁目１５－１５－１１０１",,27,102,5340014,,,,,,,2024-11-25,1,,,,,"トウセイテクノロジー",0
329,2011301002178,01,1,2026-07-06,2015-10-05,"株式会社ケーエム商事",,301,"東京都","杉並区","高円寺南１丁目２２番２７号",,13,115,1660003,,,,,,,2015-10-05,1,,,,,"ケーエムショウジ",0
330,2011301024370,12,0,2026-07-06,2026-07-01,"グッドベリー株式会社",,301,"千葉県","船橋市","本郷町６７７番地３リュウブランカ１０２号",,12,204,2730033,,,,,,,2018-08-07,1,,,,,"グッドベリー",0
331,2011301031664,01,0,2026-07-06,2026-07-06,"株式会社スタジオマヌル",,301,"東京都","杉並区","桃井２丁目２０番２号",,13,115,1670034,,,,,,,2026-07-06,1,,,,,"スタジオマヌル",0
332,2011505002767,01,0,2026-07-06,2026-07-06,"一般社団法人Ｄｉａ　ｈｅａｒｔ　Ｄｏｌｐｈｉｎｓ",,399,"東京都","荒川区","町屋３丁目２番１号Ｂ１－１１３",,13,118,1160001,,,,,,,2026-07-06,1,,,,,"ディアハートドルフィンズ",0
333,2012403007486,12,0,2026-07-06,2026-06-19,"合同会社野森ペット",,305,"東京都","稲城市","東長沼８０１番地",,13,225,2060802,,,,,,,2025-12-04,1,,,,,"ノモリペット",0
334,2013101010055,01,0,2026-07-06,2026-07-06,"株式会社エムエス",,301,"東京都","西多摩郡日の出町","大字大久野３５４１番地２",,13,305,1900181,,,,,,,2026-07-06,1,,,,,"エムエス",0
335,2013201011960,01,1,2026-07-06,2015-10-05,"株式会社アルテック",,301,"東京都","目黒区","中目黒１丁目３番５号目黒プリンスコーポ３０６",,13,110,1530061,,,,,,,2015-10-05,1,,,,,"アルテック",0
336,2013301018427,12,0,2026-07-06,2026-07-02,"大洋通信工業株式会社",,301,"東京都","練馬区","東大泉２丁目１－１",,13,120,1780063,,,,,,,2015-10-05,1,,,,,"タイヨウツウシンコウギョウ",0
337,2013301038838,01,1,2026-07-06,2016-05-13,"フェリーチェ企画株式会社",,301,"東京都","豊島区","駒込１丁目１０番９号",,13,116,1700003,,,,,,,2016-05-13,1,,,,,"フェリーチェキカク",0
338,2020001015984,12,0,2026-07-06,2026-07-01,"株式会社保坂商店",,301,"神奈川県","横浜市西区","戸部本町３１番２号ＦＫ＆Ｙ２階",,14,103,2200041,,,,,,,2015-10-05,1,,,,,"ホサカショウテン",0
339,2020001117013,01,1,2026-07-06,2016-07-20,"ユニーク・コネクト株式会社",,301,"神奈川県","川崎市幸区","幸町２丁目５９３番地モリファーストビル４階",,14,132,2120011,,,,,,,2016-07-20,1,,,,,"ユニークコネクト",0
340,2020001169327,01,0,2026-07-06,2026-07-06,"株式会社中山ＨＤ",,301,"神奈川県","横浜市鶴見区","下末吉５丁目４番２２号",,14,101,2300012,,,,,,,2026-07-06,1,,,,,"ナカヤマホールディングス",0
341,2020001169351,01,0,2026-07-06,2026-07-06,"縁尋株式会社",,301,"神奈川県","横浜市港北区","大豆戸町８７番地１－３０３",,14,109,2220032,,,,,,,2026-07-06,1,,,,,"エンジン",0
342,2020001169392,01,0,2026-07-06,2026-07-06,"株式会社ピタニ",,301,"神奈川県","川崎市多摩区","菅野戸呂１１－３",,14,135,2140002,,,,,,,2026-07-06,1,,,,,"ピタニ",0
343,2020001169467,01,0,2026-07-06,2026-07-06,"株式会社ｒａｉｋａｋｕ",,301,"神奈川県","横浜市中区","新山下１丁目１５番６－３０１号",,14,104,2310801,,,,,,,2026-07-06,1,,,,,"ライカク",0
344,2020003031344,01,0,2026-07-06,2026-07-06,"合同会社ＫＡＲＩＮＥＳＴ",,305,"神奈川県","横浜市神奈川区","白楽３２番地３７",,14,102,2210065,,,,,,,2026-07-06,1,,,,,"カリネスト",0
345,2020003031352,01,0,2026-07-06,2026-07-06,"プレアレ合同会社",,305,"神奈川県","横浜市中区","西之谷町１６８番地１３",,14,104,2310844,,,,,,,2026-07-06,1,,,,,"プレアレ",0
346,2020003031402,01,0,2026-07-06,2026-07-06,"ハビタスタジオ合同会社",,305,"神奈川県","横浜市保土ケ谷区","岩間町２丁目１６１番地１",,14,106,2400004,,,,,,,2026-07-06,1,,,,,"ハビタスタジオ",0
347,2021001075696,12,0,2026-07-06,2026-07-01,"株式会社ブリスワークス",,301,"神奈川県","海老名市","門沢橋６丁目４０６番地７",,14,215,2430426,,,,,,,2022-04-14,1,,,,,"ブリスワークス",0
348,2021001088582,01,0,2026-07-06,2026-07-06,"株式会社高籠",00144180,301,"神奈川県","小田原市","蓮正寺２５２番地の１",,14,206,2500865,,,,,,,2026-07-06,1,,,,,"タカゴメ",0
349,2021001088599,01,0,2026-07-06,2026-07-06,"株式会社エスアール建装",,301,"神奈川県","座間市","ひばりが丘１丁目３１番２７号",,14,216,2520003,,,,,,,2026-07-06,1,,,,,"エスアールケンソウ",0
350,2021002023761,01,1,2026-07-06,2015-10-05,"有限会社福原興業",,302,"神奈川県","相模原市中央区","相生４丁目３番１５号",,14,152,2520235,,,,,,,2015-10-05,1,,,,,"フクハラコウギョウ",0
351,2030001028011,01,1,2026-07-06,2015-10-05,"株式会社オンリーワン．ＪＰ",,301,"埼玉県","所沢市","美原町３丁目２９５７番地３アドバンス新所沢５０１",,11,208,3590045,,,,,,,2015-10-05,1,,,,,"オンリーワンドットジェイピー",0
352,2030001079962,12,0,2026-07-06,2026-06-22,"イノベーションクリエイター株式会社",,301,"埼玉県","川口市","栄町２丁目１番５号パルクヒサダ１階",,11,203,3320017,,,,,,,2015-10-05,1,,,,,,0
353,2030001100389,12,0,2026-07-06,2026-06-24,"株式会社鈴木総合美建",,301,"埼玉県","熊谷市","佐谷田７９番地１",,11,202,3600023,,,,,,,2015-10-05,0,,,,,,0
354,2030001100389,11,0,2026-07-06,2026-06-24,"株式会社Ｌｉｎｋ　Ｏｎｅ",,301,"埼玉県","熊谷市","佐谷田７９番地１",,11,202,3600023,,,,,,,2015-10-05,1,,,,,"リンクワン",0
355,2030001115668,01,1,2026-07-06,2016-08-02,"ＹＳエネルギー株式会社",,301,"埼玉県","川口市","本町３丁目２番２１－７０２号",,11,203,3320012,,,,,,,2016-08-02,1,,,,,"ワイエスエネルギー",0
356,2030001150194,12,0,2026-07-06,2026-07-01,"Ｈｏｍｅｒｏｏｏｍ株式会社",,301,"東京都","品川区","西五反田８丁目４番１３号",,13,109,1410031,,,,,,,2022-09-26,1,,,,,"ホームルーム",0
357,2030001171372,12,0,2026-07-06,2026-07-01,"株式会社ＡＸＩＯＭ",,301,"東京都","杉並区","荻窪４丁目５番２号",,13,115,1670051,,,,,,,2026-03-09,1,,,,,"アクシオム",0
358,2030001173105,01,0,2026-07-06,2026-07-06,"株式会社ＩＧ住まいパートナーズ",,301,"埼玉県","熊谷市","須賀広６２９番地１",,11,202,3600102,,,,,,,2026-07-06,1,,,,,"アイジースマイパートナーズ",0
359,2030001173162,01,0,2026-07-06,2026-07-06,"株式会社ＨｉｔｏＤｅ",,301,"埼玉県","蓮田市","東５丁目８番６１号まつしまやビル１Ｆ－Ｂ",,11,238,3490111,,,,,,,2026-07-06,1,,,,,"ヒトデ",0
360,2030001173170,01,0,2026-07-06,2026-07-06,"株式会社ＴＭグループ",,301,"埼玉県","東松山市","材木町２２番地１６ノザキビル２Ｆ",,11,212,3550016,,,,,,,2026-07-06,1,,,,,"ティーエムグループ",0
361,2030001173187,01,0,2026-07-06,2026-07-06,"株式会社ＫＲＡＦＴ",,301,"埼玉県","さいたま市見沼区","大和田町２丁目１５８９番地１９",,11,104,3370053,,,,,,,2026-07-06,1,,,,,,0
362,2030001173229,01,0,2026-07-06,2026-07-06,"株式会社ｎｕｋｕｍｏｒｉ",,301,"埼玉県","新座市","池田３丁目６番３５号",,11,230,3520015,,,,,,,2026-07-06,1,,,,,"ヌクモリ",0
363,2030002008458,01,1,2026-07-06,2015-10-05,"有限会社大越",,302,"埼玉県","さいたま市大宮区","大門町２丁目１０９番地",,11,103,3300846,,,,,,,2015-10-05,1,,,,,"オオコシ",0
364,2030002065292,12,0,2026-07-06,2026-06-24,"有限会社アイエムピィ",,302,"埼玉県","朝霞市","東弁財１丁目２番１５号",,11,227,3510022,,,,,,,2015-10-05,1,,,,,,0
365,2030003029528,01,0,2026-07-06,2026-07-06,"合同会社ｈａｋａｎａｉ",,305,"埼玉県","桶川市","大字川田谷２８１７番地",,11,231,3630027,,,,,,,2026-07-06,1,,,,,,0
366,2030003029585,01,0,2026-07-06,2026-07-06,"合同会社ＥＬＦ",,305,"埼玉県","さいたま市大宮区","仲町１丁目３３番地２野口ビル４階",,11,103,3300845,,,,,,,2026-07-06,1,,,,,"エルフ",0
367,2030003029593,01,0,2026-07-06,2026-07-06,"ＩＣＯＮＩＣ合同会社",,305,"埼玉県","飯能市","大字永田１０２番地１",,11,209,3570062,,,,,,,2026-07-06,1,,,,,"アイコニック",0
368,2040001018300,12,0,2026-07-06,2026-06-17,"南満建材工業株式会社",,301,"千葉県","白井市","冨士７１番地１１",,12,232,2701432,,,,,,,2015-10-05,1,,,,,,0
369,2040001040989,01,1,2026-07-06,2015-10-05,"株式会社リンクマイクロ",,301,"千葉県","松戸市","新松戸４丁目２８４番地の４",,12,207,2700034,,,,,,,2015-10-05,0,,,,,"リンクマイクロ",0
370,2040001040989,21,0,2026-07-06,2026-06-19,"株式会社リンクマイクロ",,301,"千葉県","松戸市","新松戸４丁目２８４番地の４",,12,207,2700034,,,2026-06-19,01,,,2015-10-05,1,,,,,"リンクマイクロ",0
371,2040001053594,01,1,2026-07-06,2015-10-05,"株式会社市原塗裝",,301,"千葉県","市原市","鶴舞１１２３番地",,12,219,2900512,,,,,,,2015-10-05,1,,,,,"イチハラトソウ",0
372,2040003021244,21,0,2026-07-06,2026-06-11,"合同会社Ｋ．Ａｒｙ",,305,"千葉県","千葉市中央区","村田町８９３－９６７Ｅ１０５",,12,101,2600825,,,2026-06-11,01,,,2022-11-10,1,,,,,"ケアリー",0
373,2040003029717,11,0,2026-07-06,2026-07-02,"合同会社グレードワン",,305,"東京都","世田谷区","桜丘５丁目３９番７号（トップルーム千歳船橋）１０２",,13,112,1560054,,,,,,,2026-03-25,1,,,,,"グレードワン",0
374,2040005006144,01,1,2026-07-06,2015-10-05,"学校法人富里学園",,399,"千葉県","富里市","七栄６４７－４１番地",,12,233,2860221,,,,,,,2015-10-05,1,,,,,"トミサトガクエン",0
375,2050001040617,01,1,2026-07-06,2016-03-09,"株式会社田中",,301,"茨城県","取手市","桜が丘２丁目１６番１号",,08,217,3001525,,,,,,,2016-03-09,0,,,,,,0
376,2050001040617,12,1,2026-07-06,2018-05-30,"株式会社田中",,301,"東京都","千代田区","神田錦町２丁目５番地１クラッシィハウス神田錦町１１０５号",,13,101,1010054,,,,,,,2016-03-09,0,,,,,,0
377,2050001040617,12,1,2026-07-06,2018-08-28,"株式会社田中",,301,"東京都","千代田区","神田錦町２丁目５番地クラッシィハウス神田錦町１１０５号",,13,101,1010054,,,,,,,2016-03-09,1,,,,,,0
378,2050001058618,01,0,2026-07-06,2026-07-06,"株式会社はなさとみ",,301,"茨城県","北茨城市","華川町小豆畑４０３",,08,215,3191538,,,,,,,2026-07-06,1,,,,,"ハナサトミ",0
379,2060001011121,01,1,2026-07-06,2015-10-05,"株式会社ＴＨＫ　ＣｌｅａｎＴｅｃｈ",,301,"栃木県","鹿沼市","口粟野２０９１番地２",,09,205,3220305,,,,,,,2015-10-05,1,,,,,"ティエイチケイクリーンテック",0
380,2060001034394,12,0,2026-07-06,2026-06-29,"株式会社ｂｒｉｇｈｔｅｒ　ａｈｃ",,301,"栃木県","宇都宮市","細谷町６５５番地６",,09,201,3200074,,,,,,,2021-12-20,1,,,,,"ブライターエイエッチシー",0
381,2060001034964,12,0,2026-07-06,2026-06-29,"株式会社菱田建設",,301,"栃木県","宇都宮市","竹林町１１９番地",,09,201,3210974,,,,,,,2022-06-13,1,,,,,"ヒシダケンセツ",0
382,2060001039419,01,0,2026-07-06,2026-07-06,"株式会社尊氏重機",,301,"栃木県","足利市","毛野新町２丁目１８０番地７",,09,202,3260016,,,,,,,2026-07-06,1,,,,,"タカウジジュウキ",0
383,2070001044277,01,0,2026-07-06,2026-07-06,"株式会社ＡＳＫ",,301,"群馬県","渋川市","渋川９００番地２６コート・ドール３０２",,10,208,3770008,,,,,,,2026-07-06,1,,,,,"アスク",0
384,2070001044285,01,0,2026-07-06,2026-07-06,"株式会社Ｂｌｕｅ　ｆｒｏｎｔ",,301,"群馬県","桐生市","本町５丁目５２番地",,10,203,3760031,,,,,,,2026-07-06,1,,,,,"ブルーフロント",0
385,2080002014402,21,0,2026-07-06,2026-07-01,"有限会社伸光建業",,302,"静岡県","榛原郡川根本町","上長尾７２４番地の４",,22,429,4280313,,,2026-07-01,01,,,2015-10-05,1,,,,,"シンコウケンギョウ",0
386,2080003003313,12,0,2026-07-06,2026-07-02,"合同会社ネクスト",,305,"神奈川県","藤沢市","宮原３２７５－１４",,14,205,2520826,,,,,,,2024-10-16,1,,,,,"ネクスト",0
387,2080101014294,12,0,2026-07-06,2026-06-22,"株式会社シーピーブロッサム",,301,"東京都","渋谷区","道玄坂１丁目１９番１２号道玄坂今井ビル６Ｆ",,13,113,1500043,,,,,,,2015-10-05,1,,,,,"シーピーブロッサム",0
388,2080102016918,21,0,2026-07-06,2026-07-01,"有限会社ダイチ製作所",,302,"静岡県","富士宮市","淀平町９００番地",,22,207,4180052,,,2026-07-01,01,,,2015-10-05,1,,,,,"ダイチセイサクショ",0
389,2080403005537,01,0,2026-07-06,2026-07-06,"合同会社きじとら",,305,"静岡県","掛川市","三俣６８４番地",,22,213,4371416,,,,,,,2026-07-06,1,,,,,"キジトラ",0
390,2100001034472,21,0,2026-07-06,2026-07-01,"株式会社未来工房",,301,"長野県","松本市","野溝西１丁目６－２９のみぞビル２階",,20,202,3990006,,,2026-07-01,01,,,2021-07-27,1,,,,,"ミライコウボウ",0
391,2100001039777,01,0,2026-07-06,2026-07-06,"株式会社坂井総業",,301,"長野県","大町市","常盤９４１番地５",,20,212,3980004,,,,,,,2026-07-06,1,,,,,"サカイソウギョウ",0
392,2100001039810,01,0,2026-07-06,2026-07-06,"株式会社エソラビレッジ",,301,"長野県","諏訪市","高島４丁目２７２０番地２",,20,206,3920022,,,,,,,2026-07-06,1,,,,,"エソラビレッジ",0
393,2100003004242,21,0,2026-07-06,2026-07-01,"さかえ地産開発合同会社",,305,"長野県","下水内郡栄村","大字堺５８０６番地",,20,602,3892703,,,2026-07-01,01,,,2015-10-05,1,,,,,"サカエチサンカイハツ",0
394,2110001040247,01,0,2026-07-06,2026-07-06,"株式会社Ｍｅｔｅｏｒ　Ｓｈｏｗｅｒ",,301,"新潟県","新潟市秋葉区","下興野町３番２０号",,15,105,9560866,,,,,,,2026-07-06,1,,,,,"メテオシャワー",0
395,2110001040255,01,0,2026-07-06,2026-07-06,"株式会社青芝堂",,301,"新潟県","上越市","大字高和町１４７番地１",,15,222,9430421,,,,,,,2026-07-06,1,,,,,"アオシバドウ",0
396,2110002018903,21,0,2026-07-06,2026-06-24,"有限会社岩谷鉄工所",,302,"新潟県","燕市","杉柳２６５番地",,15,213,9591272,,,2026-06-24,01,,,2015-10-05,1,,,,,"イワヤテッコウショ",0
397,2120001127670,12,0,2026-07-06,2026-07-02,"株式会社クロノブレイン",,301,"大阪府","豊中市","新千里西町２丁目２１番２１－９１２号",,27,203,5600083,,,,,,,2015-10-05,1,,,,,"クロノブレイン",0
398,2120001144609,01,1,2026-07-06,2015-10-05,"株式会社アルデ設計事務所",,301,"大阪府","大阪市淀川区","西中島５丁目１１番１号",,27,123,5320011,,,,,,,2015-10-05,1,,,,,"アルデセッケイジムショ",0
399,2120001149005,01,1,2026-07-06,2015-10-05,"株式会社アダチ",,301,"大阪府","枚方市","出口２丁目１８番８号",,27,210,5730065,,,,,,,2015-10-05,1,,,,,"アダチ",0
400,2120001149590,01,1,2026-07-06,2015-10-05,"弘伸産業株式会社",,301,"大阪府","枚方市","出口４丁目１９番２号",,27,210,5730065,,,,,,,2015-10-05,1,,,,,"コウシンサンギョウ",0
401,2120001287498,01,0,2026-07-06,2026-07-06,"株式会社Ｒａｃｃｏｏｎ　Ａｌｐｈａ",,301,"大阪府","門真市","小路町１番７－６０１号",,27,223,5710058,,,,,,,2026-07-06,1,,,,,"ラクーンアルファ",0
402,2120001287507,01,0,2026-07-06,2026-07-06,"株式会社Ｎｏｍａｄ　Ｃｏｌｌｅｃｔｉｖｅ",,301,"大阪府","大阪市北区","天神橋２丁目２番１４－２０２号",,27,127,5300041,,,,,,,2026-07-06,1,,,,,"ノマドコレクティブ",0
403,2120001287515,01,0,2026-07-06,2026-07-06,"株式会社Ｎセキュリティー",,301,"大阪府","大阪市福島区","大開１丁目１３番３５号３階",,27,103,5530007,,,,,,,2026-07-06,1,,,,,"エヌセキュリティー",0
404,2120002019149,12,0,2026-07-06,2026-07-01,"日の出装飾有限会社",,302,"大阪府","大阪市東住吉区","山坂２丁目９番１８号",,27,121,5460035,,,,,,,2015-10-05,1,,,,,"ヒノデソウショク",0
405,2120002048965,12,0,2026-07-06,2026-06-24,"有限会社ホットスタッフ",,302,"大阪府","大阪市中央区","北久宝寺町３丁目６－１本町南ガーデンシティ７階",,27,128,5410057,,,,,,,2015-10-05,1,,,,,"ホットスタッフ",0
406,2120002072783,21,0,2026-07-06,2026-07-02,"有限会社中川紙工",,302,"大阪府","寝屋川市","緑町１８番８号",,27,215,5720022,,,2026-07-02,01,,,2015-10-05,1,,,,,"ナカガワシコウ",0
407,2120003026251,12,0,2026-07-06,2026-06-30,"唐古合同会社",,305,"大阪府","大阪市城東区","関目１丁目１５番２０号関目井上ビル２０２号",,27,118,5360008,,,,,,,2024-03-28,1,,,,,"カラコ",0
408,2120003027621,12,0,2026-07-06,2026-07-01,"合同会社ルフト一級建築士事務所",,305,"大阪府","大阪市北区","中之島５丁目３－９２ルイシャトレ中之島５０２号室",,27,127,5300005,,,,,,,2024-10-02,1,,,,,"ルフトイッキュウケンチクシジムショ",0
409,2120003032951,01,0,2026-07-06,2026-07-06,"合同会社ｓｏｒａｌｙ",,305,"大阪府","大阪市北区","中崎西４丁目１番１号中崎１２３ビル４Ｆ",,27,127,5300015,,,,,,,2026-07-06,1,,,,,"ソラリー",0
410,2120003032984,01,0,2026-07-06,2026-07-06,"合同会社ナカイアセット",,305,"大阪府","大阪市中央区","日本橋１丁目２５番９－１１０１号",,27,128,5420073,,,,,,,2026-07-06,1,,,,,"ナカイアセット",0
411,2120005016721,12,0,2026-07-06,2026-07-01,"一般社団法人相続ステーション",,399,"大阪府","大阪市北区","角田町８番１号大阪梅田ツインタワーズ・ノース",,27,127,5300017,,,,,,,2015-10-05,1,,,,,"ソウゾクステーション",0
412,2120101038256,01,1,2026-07-06,2015-10-05,"株式会社田代製作所",,301,"大阪府","岸和田市","河合町２００９番地の２",,27,202,5960113,,,,,,,2015-10-05,1,,,,,"タシロセイサクショ",0
413,2120101074004,01,0,2026-07-06,2026-07-06,"株式会社よねかわ",,301,"大阪府","岸和田市","土生町４丁目２番２７－１５０３号",,27,202,5960825,,,,,,,2026-07-06,1,,,,,"ヨネカワ",0
414,2120101074012,01,0,2026-07-06,2026-07-06,"ＴＳＳ株式会社",,301,"大阪府","松原市","天美東１丁目９－２２",,27,217,5800032,,,,,,,2026-07-06,1,,,,,"ティーエスエス",0
415,2120101074020,01,0,2026-07-06,2026-07-06,"株式会社Ｓｈｉｍｏｄｅｎ",,301,"大阪府","岸和田市","箕土路町２丁目３番２号",,27,202,5960801,,,,,,,2026-07-06,1,,,,,"シモデン",0
416,2120102011674,01,1,2026-07-06,2015-10-05,"有限会社浦上特殊工業",,302,"大阪府","堺市中区","辻之３４０番地の１",00032811,27,142,5998245,,,,,,,2015-10-05,1,,,,,"ウラガミトクシュコウギョウ",0
417,2120102020493,12,0,2026-07-06,2026-06-16,"ゴールドエクスプレス株式会社",,301,"大阪府","交野市","星田５丁目５－２０トリヴァンベール星田３０２",,27,230,5760016,,,,,,,2015-10-05,1,,,,,"ゴールドエクスプレス",0
418,2120103007242,01,0,2026-07-06,2026-07-06,"安住空間計画合同会社",,305,"大阪府","堺市北区","百舌鳥本町３丁８番地４",,27,146,5918036,,,,,,,2026-07-06,1,,,,,"アンジュウクウカンケイカク",0
419,2120901012435,01,1,2026-07-06,2015-10-05,"株式会社日本福建興業",,301,"大阪府","三島郡島本町","広瀬３丁目１３番９号",,27,301,6180011,,,,,,,2015-10-05,0,,,,,"ニホンフクケンコウギョウ",0
420,2120901012435,21,1,2026-07-06,2025-01-29,"株式会社日本福建興業",,301,"大阪府","三島郡島本町","広瀬３丁目１３番９号",,27,301,6180011,,,2025-01-29,21,,,2015-10-05,0,,,,,"ニホンフクケンコウギョウ",0
421,2120901012435,22,1,2026-07-06,2026-06-29,"株式会社日本福建興業",,301,"大阪府","三島郡島本町","広瀬３丁目１３番９号",,27,301,6180011,,,,,,,2015-10-05,1,,,,,"ニホンフクケンコウギョウ",0
422,2120901016056,12,0,2026-07-06,2026-06-29,"株式会社ピーエムコーポレーション",,301,"大阪府","高槻市","月見町４－１コーポ朝風１８号室",,27,207,5691122,,,,,,,2015-10-05,1,,,,,"ピーエムコーポレーション",0
423,2120901052902,01,0,2026-07-06,2026-07-06,"株式会社グランディール",,301,"大阪府","豊中市","走井２丁目７番９－０２号",,27,203,5610891,,,,,,,2026-07-06,1,,,,,"グランディール",0
424,2122001040688,01,0,2026-07-06,2026-07-06,"株式会社ＡＭＵ",,301,"大阪府","東大阪市","川俣１丁目１３番１２号グリーンハイツ東野３０３号",,27,227,5770063,,,,,,,2026-07-06,1,,,,,"アム",0
425,2130001027671,21,0,2026-07-06,2026-07-01,"株式会社コスモスリンク",,301,"京都府","京都市中京区","烏丸通錦小路上る手洗水町６５９烏丸中央ビル９Ｆ",,26,104,6048152,,,2026-07-01,11,8130001019622,"令和８年７月１日京都市右京区西院六反田町１５番地デ・リード西京極パークフロント８０６号株式会社希倫館（8130001019622）に合併し解散",2015-10-05,1,,,,,"コスモスリンク",0
426,2130001028496,01,1,2026-07-06,2015-10-05,"株式会社福田式経営研究所",,301,"京都府","京都市中京区","間之町通御池下る綿屋町５２０番地１",,26,104,6048181,,,,,,,2015-10-05,1,,,,,"フクダシキケイエイケンキュウショ",0
427,2130001042828,21,0,2026-07-06,2026-06-12,"三和化成株式会社",,301,"京都府","京丹後市","弥栄町和田野６０８番地",,26,212,6270131,,,2026-06-12,01,,,2015-10-05,1,,,,,"サンワカセイ",0
428,2130001079093,21,0,2026-07-06,2026-06-09,"株式会社Ｋａｎｐａｉ　Ｐｒｏｍｏｔｉｏｎ",,301,"大阪府","大阪市北区","梅田１丁目１－３大阪駅前第３ビル２９階１－１－１号室",,27,127,5300001,,,2026-06-09,01,,,2025-03-05,1,,,,,"カンパイプロモーション",0
429,2130001082519,01,0,2026-07-06,2026-07-06,"株式会社Ｔｒｉ‐Ｃｒｙｓｔａｌｓ",,301,"京都府","八幡市","西山足立３番地６",,26,210,6148351,,,,,,,2026-07-06,1,,,,,"トライクリスタルズ",0
430,2130003008273,12,0,2026-07-06,2026-06-18,"合同会社ＶＩＬＬＡ　ＴＥＲＲＡＣＥ",,305,"京都府","京都市下京区","善長寺町１４３番地マスギビル３０１号",,26,106,6008431,,,,,,,2022-11-02,1,,,,,"ヴィラテラス",0
431,2130003011500,01,0,2026-07-06,2026-07-06,"ＯＮＭＡＥ合同会社",,305,"京都府","京都市下京区","水銀屋町６２０古今烏丸シティラボ４Ｆ",,26,106,6008411,,,,,,,2026-07-06,1,,,,,"オンマエ",0
432,2140001026375,12,0,2026-07-06,2026-07-01,"株式会社ケイ・テイ・エス",,301,"兵庫県","神戸市中央区","熊内町４丁目３番１２号",,28,110,6510056,,,,,,,2015-10-05,1,,,,,"ケイテイエス",0
433,2140001128808,12,0,2026-07-06,2026-07-02,"株式会社エコファシリティ西宮",,301,"兵庫県","西宮市","鳴尾浜２丁目１番４号",,28,204,6638142,,,,,,,2023-01-19,1,,,,,"エコファシリティニシノミヤ",0
434,2140001133972,12,0,2026-07-06,2026-07-01,"株式会社プラスゲート",,301,"兵庫県","高砂市","荒井町若宮町１２番２２号木村ビル２Ｂ号室",,28,216,6760018,,,,,,,2024-04-15,1,,,,,"プラスゲート",0
435,2140001143303,01,0,2026-07-06,2026-07-06,"双和貿易株式会社",,301,"兵庫県","神戸市北区","鹿の子台南町６丁目２５番１７号",,28,109,6511514,,,,,,,2026-07-06,1,,,,,"ソウワボウエキ",0
436,2140001143328,01,0,2026-07-06,2026-07-06,"株式会社大西工業",,301,"兵庫県","神戸市垂水区","神陵台６丁目３番４－１２５号",,28,108,6550041,,,,,,,2026-07-06,1,,,,,"オオニシコウギョウ",0
437,2140002028998,21,0,2026-07-06,2026-06-30,"有限会社神明工芸",,302,"兵庫県","明石市","大久保町松陰２３５番地の４",,28,203,6740053,,,2026-06-30,01,,,2015-10-05,1,,,,,"シンメイコウゲイ",0
438,2140005005243,01,1,2026-07-06,2015-10-05,"特定非営利活動法人認知症予防ネット神戸",,399,"兵庫県","神戸市東灘区","住吉本町２丁目１３番７号２階",,28,101,6580051,,,,,,,2015-10-05,1,,,,,"ニンチショウヨボウネットコウベ",0
439,2140005009005,01,1,2026-07-06,2015-10-05,"特定非営利活動法人みらい",,399,"兵庫県","丹波篠山市","東岡屋８０番地１",,28,221,6692345,,,,,,,2015-10-05,0,,,,,"ミライ",0
440,2140005009005,12,1,2026-07-06,2019-05-10,"特定非営利活動法人みらい",,399,"兵庫県","丹波篠山市","東岡屋８０番地１",,28,221,6692345,,,,,,,2015-10-05,1,,,,,"ミライ",0
441,2150001029096,01,0,2026-07-06,2026-07-06,"呉竹マテリアルズリサーチ株式会社",,301,"奈良県","奈良市","南京終町７丁目５７６番地",,29,201,6308141,,,,,,,2026-07-06,1,,,,,"クレタケマテリアルズリサーチ",0
442,2150002007266,12,0,2026-07-06,2026-06-26,"有限会社ヤマグチ",,302,"奈良県","奈良市","帝塚山３丁目２０番２５号",,29,201,6310062,,,,,,,2015-10-05,1,,,,,,0
443,2160001027231,12,0,2026-07-06,2026-07-02,"美佳美株式会社",,301,"東京都","葛飾区","水元１丁目１１－７",,13,122,1250032,,,,,,,2025-11-17,1,,,,,"ミカミ",0
444,2160005006660,01,1,2026-07-06,2015-10-05,"正眼寺",,399,"滋賀県","東近江市","勝堂町３６８番地",,25,213,5270131,,,,,,,2015-10-05,1,,,,,"ショウゲンジ",0
445,2180001052285,01,1,2026-07-06,2015-10-05,"三協株式会社",,301,"愛知県","西春日井郡豊山町","大字豊場字八反１０７番地",,23,342,4800202,,,,,,,2015-10-05,0,,,,,,0
446,2180001052285,21,0,2026-07-06,2026-06-22,"三協株式会社",,301,"愛知県","西春日井郡豊山町","大字豊場字八反１０７番地",,23,342,4800202,,,2026-06-22,01,,,2015-10-05,1,,,,,,0
447,2180001139388,12,0,2026-07-06,2026-07-01,"株式会社アンパ",,301,"神奈川県","相模原市中央区","星が丘１丁目９番８号メゾン田中２０３",,14,152,2520238,,,,,,,2020-01-07,1,,,,,"アンパ",0
448,2180001172595,01,0,2026-07-06,2026-07-06,"株式会社三福",,301,"愛知県","名古屋市守山区","桔梗平３丁目８０３番地の２",,23,113,4630814,,,,,,,2026-07-06,1,,,,,"サンフク",0
449,2180003030446,01,0,2026-07-06,2026-07-06,"合同会社Ｕｓａｇｉ　Ｃｒｅａｔｅ",,305,"愛知県","一宮市","今伊勢町本神戸字目久井４７２番地１",,23,203,4910053,,,,,,,2026-07-06,1,,,,,"ウサギクリエイト",0
450,2180003030454,01,0,2026-07-06,2026-07-06,"合同会社Ｐ．１",,305,"愛知県","名古屋市中村区","名駅３丁目２８番１２号大名古屋ビルヂング１１階",,23,105,4500002,,,,,,,2026-07-06,1,,,,,"ピーワン",0
451,2180003030470,01,0,2026-07-06,2026-07-06,"合同会社山田企画",,305,"愛知県","海部郡大治町","大字花常字本郷西３８番地の１",,23,424,4901136,,,,,,,2026-07-06,1,,,,,"ヤマダキカク",0
452,2180005021022,21,0,2026-07-06,2026-06-29,"一般社団法人こたろう整健術養成学院",,399,"愛知県","名古屋市守山区","城土町２１９番地",,23,113,4630093,,,2026-06-29,01,,,2025-04-04,1,,,,,"コタロウセイケンジュツヨウセイガクイン",0
453,2180005021237,01,1,2026-07-06,2025-09-22,"一般社団法人あいち未来創生プラットフォーム",,399,"愛知県","名古屋市天白区","鴻の巣２丁目３１５番地の２",,23,116,4680003,,,,,,,2025-09-22,1,,,,,"アイチミライソウセイプラットフォーム",0
454,2190001033251,01,0,2026-07-06,2026-07-06,"株式会社燈乃工房",,301,"三重県","鈴鹿市","安塚町７７８番地の６",00144193,24,207,5130818,,,,,,,2026-07-06,1,,,,,"アカリノコウボウ",0
455,2190001033268,01,0,2026-07-06,2026-07-06,"株式会社ボスケ",,301,"三重県","四日市市","安島１丁目１番４２号",,24,202,5100075,,,,,,,2026-07-06,1,,,,,"ボスケ",0
456,2190002011339,21,0,2026-07-06,2026-06-25,"有限会社木場鉄工所",,302,"三重県","志摩市","磯部町下之郷４２８番地１",,24,215,5170207,,,2026-06-25,01,,,2015-10-05,1,,,,,"キバテッコウショ",0
457,2200001017302,01,1,2026-07-06,2015-10-05,"株式会社ミノシマ製作所",,301,"岐阜県","美濃加茂市","加茂野町稲辺字東野４３３番地の１",,21,211,5050055,,,,,,,2015-10-05,1,,,,,"ミノシマセイサクショ",0
458,2200001045204,01,0,2026-07-06,2026-07-06,"ｗｉｎｗｉｎ株式会社",,301,"岐阜県","瑞穂市","別府２７６番地",,21,216,5010222,,,,,,,2026-07-06,1,,,,,"ウインウイン",0
459,2200003007409,01,0,2026-07-06,2026-07-06,"下北通販合同会社",,305,"岐阜県","土岐市","肥田浅野笠神町３丁目５０",,21,212,5095112,,,,,,,2026-07-06,1,,,,,"シモキタツウハン",0
460,2200005004651,01,1,2026-07-06,2015-10-05,"明寂寺",,399,"岐阜県","大垣市","藤江町２丁目１２７番地",,21,202,5030893,,,,,,,2015-10-05,1,,,,,"ミョウジャクジ",0
461,2210001000892,01,1,2026-07-06,2015-10-05,"勝啓建設株式会社",,301,"福井県","福井市","桃園１丁目３番４号",,18,201,9188051,,,,,,,2015-10-05,1,,,,,"ショウケイケンセツ",0
462,2210001016162,12,0,2026-07-06,2026-07-01,"ゴトウホールディング株式会社",,301,"福井県","福井市","和田東１丁目２４０２番地プチアベニュー和田東１００３号",,18,201,9188237,,,,,,,2015-12-14,1,,,,,"ゴトウホールディング",0
463,2220001027456,01,0,2026-07-06,2026-07-06,"株式会社アイデアを",,301,"石川県","金沢市","額新保３丁目２１２番地２",,17,201,9218148,,,,,,,2026-07-06,1,,,,,"アイデアヲ",0
464,2220002010551,01,1,2026-07-06,2015-10-05,"有限会社グレート",,302,"石川県","小松市","大領町ロ２２４番地",,17,203,9230854,,,,,,,2015-10-05,1,,,,,"グレート",0
465,2220003002564,12,0,2026-07-06,2026-06-29,"株式会社Ｆｉｎａｄｙ",,301,"東京都","新宿区","西新宿３丁目３番１３号西新宿水間ビル２Ｆ",,13,104,1600023,,,,,,,2019-03-04,1,,,,,"ファイナディ",0
466,2230001018198,12,0,2026-07-06,2026-07-01,"メガバクス株式会社",,301,"富山県","富山市","針原中町４８９番地１",,16,201,9318431,,,,,,,2020-02-03,1,,,,,"メガバクス",0
467,2230001020220,12,0,2026-07-06,2026-06-29,"株式会社サムモータース",,301,"富山県","黒部市","岡５番地１",,16,207,9380054,,,,,,,2024-02-19,1,,,,,"サムモータース",0
468,2240001005229,21,0,2026-07-06,2026-06-29,"株式会社スタジオカーサ",,301,"広島県","広島市中区","鉄砲町４番７号",,34,101,7300017,,,2026-06-29,01,,,2015-10-05,1,,,,,"スタジオカーサ",0
469,2240001066741,01,0,2026-07-06,2026-07-06,"ＮＨコンサルティング株式会社",,301,"広島県","広島市中区","十日市町２丁目９番５号",,34,101,7300805,,,,,,,2026-07-06,1,,,,,"エヌエイチコンサルティング",0
470,2240002039135,01,1,2026-07-06,2015-10-05,"有限会社アスターメデイカルエージエント",,302,"広島県","福山市","木之庄町３丁目１０番４５号",,34,207,7200082,,,,,,,2015-10-05,1,,,,,"アスターメディカルエージェント",0
471,2260001001969,12,0,2026-07-06,2026-07-02,"吉晨株式会社",,301,"岡山県","岡山市南区","芳泉３丁目８番２０号Ｂ２０１",,33,104,7028027,,,,,,,2015-10-05,1,,,,,"キッシン",0
472,2260001041395,01,0,2026-07-06,2026-07-06,"株式会社ＰＬＡＮＴＳ",,301,"岡山県","高梁市","和田町２０６１‐７",,33,209,7160008,,,,,,,2026-07-06,1,,,,,"プランツ",0
473,2260001041420,01,0,2026-07-06,2026-07-06,"株式会社エクラ",,301,"岡山県","倉敷市","中央１丁目１５番１４号２階",,33,202,7100046,,,,,,,2026-07-06,1,,,,,"エクラ",0
474,2280002011115,01,1,2026-07-06,2015-10-05,"有限会社奥田モータース",,302,"島根県","隠岐郡西ノ島町","大字美田字江崎２４７０番地５",,32,526,6840303,,,,,,,2015-10-05,1,,,,,"オクダモータース",0
475,2280005007705,01,0,2026-07-06,2026-07-06,"税理士法人松江会計事務所",,399,"島根県","松江市","黒田町４３５番地７",,32,201,6900876,,,,,,,2026-07-06,1,,,,,"マツエカイケイジムショ",0
476,2290001010760,21,0,2026-07-06,2026-06-25,"株式会社メロン",,301,"福岡県","福岡市中央区","春吉２丁目１番４号",,40,133,8100003,,,2026-06-25,01,,,2015-10-05,1,,,,,"メロン",0
477,2290001033704,21,0,2026-07-06,2026-06-25,"株式会社カズ",,301,"福岡県","福岡市城南区","田島１丁目２番３０号－２",,40,136,8140113,,,2026-06-25,01,,,2015-10-05,1,,,,,"カズ",0
478,2290001111253,21,0,2026-07-06,2026-06-25,"旭陽株式会社",,301,"福岡県","福岡市早良区","次郎丸６丁目５番１－２０２号",,40,137,8140165,,,2026-06-25,01,,,2025-08-29,1,,,,,"キョクヨウ",0
479,2290003018637,01,0,2026-07-06,2026-07-06,"合同会社日ノ間",,305,"福岡県","福岡市東区","美和台２丁目２０番６号",,40,131,8110212,,,,,,,2026-07-06,1,,,,,"ヒノマ",0
480,2290003018653,01,0,2026-07-06,2026-07-06,"ＢＡＳＥ　Ｐｌｕｓ合同会社",,305,"福岡県","飯塚市","安恒９３番地５",,40,205,8200085,,,,,,,2026-07-06,1,,,,,"ベースプラス",0
481,2290801011875,12,0,2026-07-06,2026-06-24,"株式会社宝山",,301,"福岡県","北九州市若松区","赤崎町３番７号",,40,103,8080003,,,,,,,2015-10-05,1,,,,,"ホウザン",0
482,2290802001355,01,1,2026-07-06,2015-10-05,"和工業有限会社",,302,"福岡県","北九州市小倉北区","赤坂５丁目３番２号",,40,106,8020032,,,,,,,2015-10-05,0,,,,,"カズコウギョウ",0
483,2290802001355,12,1,2026-07-06,2016-02-08,"和工業有限会社",,302,"福岡県","北九州市小倉北区","田町１９番５－１１０３号",,40,106,8030817,,,,,,,2015-10-05,1,,,,,"カズコウギョウ",0
484,2290802007690,01,1,2026-07-06,2015-10-05,"有限会社ユー・エイチ・ビル",,302,"福岡県","北九州市小倉南区","下石田１丁目２番８号",,40,107,8020832,,,,,,,2015-10-05,1,,,,,,0
485,2300001014660,01,0,2026-07-06,2026-07-06,"サイドウエストジャパン株式会社",,301,"佐賀県","三養基郡上峰町","大字堤字屋形原３４２４－１",,41,345,8490124,,,,,,,2026-07-06,1,,,,,"サイドウエストジャパン",0
486,2300001014669,01,0,2026-07-06,2026-07-06,"株式会社ＫＡＭＥＹＡ",,301,"佐賀県","唐津市","呼子町殿ノ浦１５９４番地２",,41,202,8470304,,,,,,,2026-07-06,1,,,,,"カメヤ",0
487,2320002002514,21,0,2026-07-06,2026-07-01,"有限会社建商",,302,"大分県","大分市","小野鶴南１丁目２番４号",,44,201,8701150,,,2026-07-01,01,,,2015-10-05,1,,,,,"ケンショウ",0
488,2330002030225,21,0,2026-07-06,2026-06-26,"有限会社進友",,302,"熊本県","人吉市","下田代町６９１番地",,43,203,8680802,,,2026-06-26,01,,,2015-10-05,1,,,,,"シンユウ",0
489,2330003011645,01,0,2026-07-06,2026-07-06,"ＮｉＫＡｉＤＯ合同会社",,305,"熊本県","菊池市","下河原５０７７－１",,43,210,8611302,,,,,,,2026-07-06,1,,,,,"ニカイドウ",0
490,2340001016439,12,0,2026-07-06,2026-06-29,"株式会社ラテオ",,301,"東京都","港区","六本木７丁目１８番１５号六本木７１８ビル１１階",,13,103,1060032,,,,,,,2015-10-05,1,,,,,"ラテオ",0
491,2340001028277,01,0,2026-07-06,2026-07-06,"株式会社天晴",,301,"鹿児島県","鹿児島市","下荒田１丁目３５番１５号",,46,201,8900056,,,,,,,2026-07-06,1,,,,,"テンセイ",0
492,2340005005883,21,0,2026-07-06,2026-06-23,"特定非営利活動法人プロジェクト南からの潮流",,399,"鹿児島県","南さつま市","加世田川畑２７７０番地１６",,46,220,8970003,,,2026-06-23,01,,,2015-10-05,1,,,,,"プロジェクトミナミカラノチョウリュウ",0
493,2360001035263,01,1,2026-07-06,2025-05-28,"株式会社ＳＨＩＮ",,301,"沖縄県","糸満市","字阿波根１５５１番地３",,47,210,9010301,,,,,,,2025-05-28,1,,,,,,0
494,2360001036955,01,0,2026-07-06,2026-07-06,"株式会社ななきん商店",,301,"沖縄県","島尻郡与那原町","字東浜８７－８－３０６",,47,348,9011304,,,,,,,2026-07-06,1,,,,,"ナナキンショウテン",0
495,2360005003885,01,1,2026-07-06,2015-10-05,"社会福祉法人みやこ福祉会",,399,"沖縄県","宮古島市","平良字下里３１０７番地の２４３",,47,214,9060013,,,,,,,2015-10-05,1,,,,,,0
496,2360005005213,01,1,2026-07-06,2015-10-28,"社会福祉法人育伸福祉会",,399,"沖縄県","うるま市","字田場１４２８番１",,47,213,9042213,,,,,,,2015-10-28,1,,,,,,0
497,2370001053966,01,0,2026-07-06,2026-07-06,"株式会社Ａｃｕ‐Ｔｅｃｈ　ＬＡＢ",,301,"宮城県","仙台市青葉区","大町２丁目２－２ヴィラフォレスタ５０６",,04,101,9800804,,,,,,,2026-07-06,1,,,,,"アキュテックラボ",0
498,2370005011136,01,0,2026-07-06,2026-07-06,"一般社団法人ａｉａｉａｉ事業継続サポート協会",,399,"宮城県","白石市","字長町１０番地",,04,206,9890274,,,,,,,2026-07-06,1,,,,,"アイアイアイジギョウケイゾクサポートキョウカイ",0
499,2370301002945,12,0,2026-07-06,2026-06-29,"ワイズ株式会社",,301,"宮城県","石巻市","泉町２丁目１番１７号",,04,202,9860832,,,,,,,2015-10-05,1,,,,,"ワイズ",0
500,2390001018430,01,0,2026-07-06,2026-07-06,"株式会社くまきちコミュニティデザイン",,301,"山形県","西置賜郡白鷹町","大字黒鴨３５３番地",,06,402,9920775,,,,,,,2026-07-06,1,,,,,"クマキチコミュニティデザイン",0
501,2400003002133,11,0,2026-07-06,2026-06-24,"合同会社ヒート",,305,"岩手県","二戸郡一戸町","奥中山字西田子１２００番地２９",,03,524,0285134,,,,,,,2016-12-08,1,,,,,"ヒート",0
502,2410001014534,01,0,2026-07-06,2026-07-06,"株式会社Ｐ＆Ｒ",,301,"秋田県","秋田市","泉北３丁目５番１５号サンシティ泉１３０２",,05,201,0100916,,,,,,,2026-07-06,1,,,,,"ピーアンドアール",0
503,2420001005581,01,1,2026-07-06,2015-10-05,"株式会社石万",,301,"青森県","八戸市","大字廿三日町１０番地",,02,203,0310041,,,,,,,2015-10-05,1,,,,,"イシマン",0
504,2420001019581,01,0,2026-07-06,2026-07-06,"六ヶ所プラントエンジニアリング株式会社",,301,"青森県","上北郡六ヶ所村","大字倉内字道ノ下１３９番地８",,02,411,0393215,,,,,,,2026-07-06,1,,,,,"ロッカショプラントエンジニアリング",0
505,2420005008028,01,0,2026-07-06,2026-07-06,"農事組合法人屏風山蔬菜生産組合",,399,"青森県","つがる市","木造館岡上稲元８９番地１",,02,209,0383283,,,,,,,2026-07-06,1,,,,,"ビョウブザンソサイセイサンクミアイ",0
506,2430001035297,01,1,2026-07-06,2015-10-05,"株式会社中尾塗装工業",,301,"北海道","札幌市南区","藤野六条９丁目１１番１２号",,01,106,0612286,,,,,,,2015-10-05,1,,,,,"ナカオトソウコウギョウ",0
507,2430001081507,12,0,2026-07-06,2026-06-29,"株式会社Ｈ・Ｋ",,301,"千葉県","千葉市若葉区","貝塚町３７２番地１生活支援集合住宅ふるさと",,12,104,2640023,,,,,,,2020-05-19,1,,,,,"エイチケー",0
508,2430001096199,12,0,2026-07-06,2026-07-01,"株式会社ステラシン・モルランタ",,301,"北海道","札幌市豊平区","月寒東一条７丁目５番１５号クロップビル２階",,01,105,0620051,,,,,,,2026-02-06,1,,,,,"ステラシンモルランタ",0
509,2430001097222,01,0,2026-07-06,2026-07-06,"北海道クラフト株式会社",,301,"北海道","石狩市","樽川五条３丁目６番地",,01,235,0613255,,,,,,,2026-07-06,1,,,,,"ホッカイドウクラフト",0
510,2430001097230,01,0,2026-07-06,2026-07-06,"株式会社マークサポート",,301,"北海道","札幌市東区","北十五条東７丁目１番２０号ＫＡＮＴＩＮＥ－Ｎ１５",,01,103,0650015,,,,,,,2026-07-06,1,,,,,"マークサポート",0
511,2440001005893,01,1,2026-07-06,2015-10-05,"株式会社エンドレス・ライフ",,301,"北海道","北斗市","追分４丁目１１番４０号",,01,236,0490101,,,,,,,2015-10-05,0,,,,,,0
512,2440001005893,12,1,2026-07-06,2015-11-02,"株式会社エンドレス・ライフ",,301,"北海道","北斗市","追分３丁目１番６６号",,01,236,0490101,,,,,,,2015-10-05,0,,,,,,0
513,2440001005893,12,1,2026-07-06,2026-07-02,"株式会社エンドレス・ライフ",,301,"北海道","北斗市","追分４丁目１１番４０号",,01,236,0490101,,,,,,,2015-10-05,1,,,,,,0
514,2450002004002,01,1,2026-07-06,2015-10-05,"有限会社永井木材店",,302,"北海道","旭川市","二条通１６丁目右３号",,01,204,0700032,,,,,,,2015-10-05,1,,,,,"ナガイモクザイテン",0
515,2450005002630,01,1,2026-07-06,2015-10-05,"公益社団法人士別市シルバー人材センター",,399,"北海道","士別市","東五条７丁目２０番地１４",,01,220,0950015,,,,,,,2015-10-05,1,,,,,"シベツシシルバージンザイセンター",0
516,2460305000110,12,0,2026-07-06,2026-07-01,"学校法人白川学園",,399,"北海道","北見市","若葉２丁目３番２号",,01,208,0900057,,,,,,,2015-10-05,1,,,,,"シラカワガクエン",0
517,2470001010024,21,0,2026-07-06,2026-07-02,"株式会社中村ふとん店",,301,"香川県","観音寺市","昭和町１丁目７番１８号",,37,205,7680066,,,2026-07-02,01,,,2015-10-05,1,,,,,"ナカムラフトンテン",0
518,2480001003514,01,1,2026-07-06,2015-10-05,"株式会社八百久商店",,301,"徳島県","小松島市","松島町３番１３号",,36,203,7730003,,,,,,,2015-10-05,0,,,,,"ヤオキュウショウテン",0
519,2480001003514,12,1,2026-07-06,2018-04-20,"株式会社八百久商店",,301,"徳島県","小松島市","松島町１３番２５号",,36,203,7730003,,,,,,,2015-10-05,1,,,,,"ヤオキュウショウテン",0
520,2490001011383,01,0,2026-07-06,2026-07-06,"株式会社上村住建",,301,"高知県","長岡郡本山町","本山４３４番地９",,39,341,7813601,,,,,,,2026-07-06,1,,,,,"カミムラジュウケン",0
521,2500001009426,21,0,2026-07-06,2026-07-01,"株式会社渡部自動車",,301,"愛媛県","西条市","丹原町久妙寺６１９番地５",,38,206,7910504,,,2026-07-01,11,8500001011203,"令和８年７月１日愛媛県松山市土居田町７４０番地２株式会社ホンダカーズ愛媛北（8500001011203）に合併し解散",2015-10-05,1,,,,,"ワタナベジドウシャ",0
522,2500001027023,01,0,2026-07-06,2026-07-06,"四国空間技研株式会社",,301,"愛媛県","上浮穴郡久万高原町","下畑野川甲７１０番地",,38,386,7911212,,,,,,,2026-07-06,1,,,,,"シコククウカンギケン",0
523,2700150136513,01,0,2026-07-06,2026-07-06,"Ｓｔａｆｆ　Ｎｏｗ　Ｓｅｒｖｉｃｅｓ　ＧｍｂＨ",,401,,,,,,,,"Ｇｉｓｅｌａｓｔｒａβｅ　４，１０３１７　Ｂｅｒｌｉｎ，Ｂｅｒｌｉｎ，Ｇｅｒｍａｎｙ",,,,,,2026-07-06,1,,,,,"スタッフナウサービスゲーエムベーハー",0
524,3010001046641,01,1,2026-07-06,2015-10-05,"株式会社シーデイーエス",,301,"東京都","中央区","入船２丁目２番１４号",,13,102,1040042,,,,,,,2015-10-05,1,,,,,"シーディーエス",0
525,3010001124224,01,1,2026-07-06,2015-10-05,"ベンチャーズプラットフォーム株式会社",,301,"東京都","千代田区","三崎町３丁目６番１５号",,13,101,1010061,,,,,,,2015-10-05,0,,,,,"ベンチャーズプラットフォーム",0
526,3010001124224,12,1,2026-07-06,2018-01-04,"ベンチャーズプラットフォーム株式会社",,301,"東京都","千代田区","神田三崎町３丁目６番１５号",,13,101,1010061,,,,,,,2015-10-05,0,,,,,"ベンチャーズプラットフォーム",0
527,3010001124224,12,1,2026-07-06,2018-01-23,"ベンチャーズプラットフォーム株式会社",,301,"埼玉県","上尾市","本町６丁目１３番４－１０３号",,11,219,3620014,,,,,,,2015-10-05,1,,,,,"ベンチャーズプラットフォーム",0
528,3010001128324,21,0,2026-07-06,2026-06-22,"株式会社ＡＳサービス",,301,"東京都","中央区","日本橋３丁目１２番２号",,13,102,1030027,,,2026-06-22,01,,,2015-10-05,1,,,,,"エーエスサービス",0
529,3010001144338,12,0,2026-07-06,2026-06-16,"株式会社ＨＧ＆カンパニー",,301,"東京都","中央区","日本橋富沢町１０番１４号日本橋ＢＳビル３階",,13,102,1030006,,,,,,,2015-10-05,1,,,,,"エイチジーアンドカンパニー",0
530,3010001235178,21,0,2026-07-06,2026-06-19,"盧氏株式会社",,301,"東京都","千代田区","神田須田町１丁目３番地ＮＡビル地下１階",,13,101,1010041,,,2026-06-19,01,,,2023-05-11,1,,,,,"ロウシ",0
531,3010001241977,12,0,2026-07-06,2026-06-15,"Ｎｏｔｏｓ株式会社",,301,"東京都","千代田区","有楽町１丁目７番１号有楽町電気ビル北館１３階スリーアイズキャピタル株式会社内",,13,101,1000006,,,,,,,2024-02-02,1,,,,,"ノトス",0
532,3010001250103,12,0,2026-07-06,2026-06-12,"ＪＰｉＸ３号株式会社",,301,"東京都","千代田区","丸の内２丁目５番１号丸の内二丁目ビル６階",,13,101,1000005,,,,,,,2024-11-22,1,,,,,"ジェイピックスサンゴウ",0
533,3010001258055,12,0,2026-07-06,2026-06-15,"Ｖｅｓｔａ株式会社",,301,"東京都","千代田区","有楽町１丁目７番１号有楽町電気ビル北館１３階スリーアイズキャピタル株式会社内",,13,101,1000006,,,,,,,2025-08-29,1,,,,,"ウェスタ",0
534,3010001260408,12,0,2026-07-06,2026-07-01,"株式会社ｈａｋｕ",,301,"東京都","品川区","東品川２丁目２－４天王洲ファーストタワーオフィス７４２号室",,13,109,1400002,,,,,,,2025-12-01,1,,,,,"ハク",0
535,3010001264391,12,0,2026-07-06,2026-06-12,"ホーコス株式会社",,301,"東京都","中央区","銀座１丁目１２番４号",,13,102,1040061,,,,,,,2026-04-08,1,,,,,"ホーコス",0
536,3010001266363,01,0,2026-07-06,2026-07-06,"コスマックスビーティーアイジャパン株式会社",,301,"東京都","中央区","日本橋２丁目９番１０号Ｌ．Ｂｉｚ日本橋５階",,13,102,1030027,,,,,,,2026-07-06,1,,,,,"コスマックスビーティーアイジャパン",0
537,3010001266727,01,0,2026-07-06,2026-07-06,"ＫＴ　Ｓｔｒａｔｅｇｉｃ　Ｃｒｅａｔｉｏｎ株式会社",,301,"東京都","中央区","銀座１丁目２２番１１号銀座大竹ビジデンス２Ｆ",,13,102,1040061,,,,,,,2026-07-06,1,,,,,"ケーティーストラテジッククリエイション",0
538,3010001266875,01,0,2026-07-06,2026-07-06,"株式会社コーチ・エィ準備会社２",,301,"東京都","千代田区","九段南２丁目１番３０号",,13,101,1020074,,,,,,,2026-07-06,1,,,,,"コーチエィジュンビガイシャニ",0
539,3010001266917,01,0,2026-07-06,2026-07-06,"株式会社ＢＥＬＤＡＮＴ",,301,"東京都","中央区","日本橋室町１丁目１１番１２号日本橋水野ビル７階",,13,102,1030022,,,,,,,2026-07-06,1,,,,,"ベルダント",0
540,3010003031732,12,0,2026-07-06,2026-06-18,"ｉプロパティ２合同会社",,305,"東京都","千代田区","有楽町１丁目７番１号北館１３階スリーアイズキャピタル株式会社内",,13,101,1000006,,,,,,,2020-02-28,1,,,,,"アイプロパティツー",0
541,3010003044206,12,0,2026-07-06,2026-06-18,"ｉプロパティ１６合同会社",,305,"東京都","千代田区","有楽町１丁目７番１号北館１３階スリーアイズキャピタル株式会社内",,13,101,1000006,,,,,,,2024-07-03,1,,,,,"アイプロパティシックスティーン",0
542,3010003045716,12,0,2026-07-06,2026-06-16,"合同会社ＥＱＵＥ",,305,"東京都","中央区","日本橋兜町５番１号兜町第一平和ビル３階",,13,102,1030026,,,,,,,2024-12-09,1,,,,,"エクエ",0
543,3010003047381,12,0,2026-07-06,2026-06-18,"ｉプロパティ２２合同会社",,305,"東京都","千代田区","有楽町１丁目７番１号北館１３階スリーアイズキャピタル株式会社内",,13,101,1000006,,,,,,,2025-05-19,1,,,,,"アイプロパティトゥエンティツー",0
544,3010003051912,01,0,2026-07-06,2026-07-06,"合同会社ヒミツキチ",,305,"東京都","中央区","銀座１丁目２２番１１号銀座大竹ビジデンス２Ｆ",,13,102,1040061,,,,,,,2026-07-06,1,,,,,"ヒミツキチ",0
545,3010005037158,12,0,2026-07-06,2026-06-16,"一般財団法人聖徳學院",,399,"東京都","文京区","小石川５丁目１８番５聖徳ビル",,13,105,1120002,,,,,,,2023-08-25,1,,,,,"セイトクガクイン",0
546,3010005042075,01,0,2026-07-06,2026-07-06,"一般社団法人アケボノ・フォー",,399,"東京都","千代田区","内幸町２丁目１番６号",,13,101,1000011,,,,,,,2026-07-06,1,,,,,"アケボノフォー",0
547,3010401062825,01,1,2026-07-06,2015-10-05,"パシフィックマーケティングジャパン株式会社",,301,"東京都","港区","六本木１丁目６番１号泉ガーデンタワー",,13,103,1060032,,,,,,,2015-10-05,0,,,,,"パシフィックマーケティングジャパン",0
548,3010401062825,12,1,2026-07-06,2026-06-11,"パシフィックマーケティングジャパン株式会社",,301,"東京都","港区","西新橋３丁目２３番５号御成門郵船ビルディング",,13,103,1050003,,,,,,,2015-10-05,1,,,,,"パシフィックマーケティングジャパン",0
549,3010401104619,12,0,2026-07-06,2026-06-16,"株式会社Ｃｏｕｎｔｅｒｃｕｌｔｕｒｅ",,301,"沖縄県","名護市","宮里１丁目２８番８号南西ビル２階",,47,209,9050011,,,,,,,2015-10-05,1,,,,,"カウンターカルチャー",0
550,3010401191426,11,0,2026-07-06,2026-06-11,"株式会社Ｂｉｚｍｅｅ",,301,"東京都","港区","六本木６丁目１０番１号六本木ヒルズ森タワー１６階",,13,103,1060032,,,,,,,2025-07-03,1,,,,,"ビズミー",0
551,3010401197646,12,0,2026-07-06,2026-07-01,"Ｏｎｅ　Ｔｈｏｕｓａｎｄ　Ｃａｐｉｔａｌ株式会社",,301,"愛知県","名古屋市中区","栄２丁目１１番２１号",,23,106,4600008,,,,,,,2026-03-31,1,,,,,"ワンサウザンドキャピタル",0
552,3010402001113,01,1,2026-07-06,2015-10-05,"有限会社イオネス",,302,"東京都","港区","六本木７丁目３番８号",,13,103,1060032,,,,,,,2015-10-05,1,,,,,"イオネス",0
553,3010403019798,12,0,2026-07-06,2026-07-02,"ｍｙｓａ株式会社",,301,"東京都","墨田区","業平４丁目１３－５ベルハイツ１０１",,13,107,1300002,,,,,,,2019-01-17,1,,,,,"ミーサ",0
554,3010403038468,01,0,2026-07-06,2026-07-06,"Ｊアセットマネジメント合同会社",,305,"東京都","港区","赤坂８丁目２番７－１０１",,13,103,1070052,,,,,,,2026-07-06,1,,,,,"ジェイアセットマネジメント",0
555,3010501036191,01,1,2026-07-06,2015-10-05,"株式会社サイライズ",,301,"東京都","台東区","東浅草１丁目１１番１１号",,13,106,1110025,,,,,,,2015-10-05,1,,,,,"サイライズ",0
556,3010501052585,12,0,2026-07-06,2026-07-02,"ＲＩＶＯＲＡ株式会社",,301,"東京都","渋谷区","広尾５丁目４－１２大成鋼機ビル４階・５階",,13,113,1500012,,,,,,,2024-07-11,1,,,,,"リヴォラ",0
557,3010503008362,01,0,2026-07-06,2026-07-06,"ＮＥＸＩＡ合同会社",,305,"東京都","台東区","蔵前２丁目５番５－７０７号ライオンズ蔵前レジデンス",,13,106,1110051,,,,,,,2026-07-06,1,,,,,"ネクシア",0
558,3010601001211,21,0,2026-07-06,2026-06-18,"株式会社大西",,301,"東京都","江東区","東砂８丁目１９番１０号",,13,108,1360074,,,2026-06-18,01,,,2015-10-05,1,,,,,"オオニシ",0
559,3010601001715,21,0,2026-07-06,2026-06-29,"株式会社コーエイ折本",,301,"東京都","墨田区","江東橋５丁目４番７号",,13,107,1300022,,,2026-06-29,01,,,2015-10-05,1,,,,,"コーエイオリホン",0
560,3010601069488,01,0,2026-07-06,2026-07-06,"株式会社ＴＸＴＡ建築設計事務所",,301,"東京都","江東区","門前仲町２丁目６番２号",,13,108,1350048,,,,,,,2026-07-06,1,,,,,"テクスタケンチクセッケイジムショ",0
561,3010603005540,12,0,2026-07-06,2026-06-26,"ＮＫスタイル合同会社",,305,"東京都","江東区","豊洲２丁目５番１－７０１号",,13,108,1350061,,,,,,,2015-10-05,1,,,,,"エヌケースタイル",0
562,3010603012355,01,0,2026-07-06,2026-07-06,"ＫａｍｏｇａｗａＯｃｅａｎＬｅｍｏｎＬａｂ合同会社",,305,"東京都","墨田区","菊川３丁目２１‐６‐１００１",,13,107,1300024,,,,,,,2026-07-06,1,,,,,"カモガワオーシャンレモンラボ",0
563,3010801006968,11,0,2026-07-06,2026-06-29,"高輪株式会社",,301,"東京都","大田区","西馬込２丁目２４番３号",,13,111,1430026,,,,,,,2015-10-05,1,,,,,"タカナワ",0
564,3010801037534,01,0,2026-07-06,2026-07-06,"ジオサーチ・ホールディングス株式会社",,301,"東京都","大田区","西蒲田７丁目３７番１０号",,13,111,1440051,,,,,,,2026-07-06,1,,,,,"ジオサーチホールディングス",0
565,3010901028581,01,1,2026-07-06,2015-10-05,"株式会社グラッシー",,301,"東京都","世田谷区","深沢５丁目２番１９号",,13,112,1580081,,,,,,,2015-10-05,0,,,,,,0
566,3010901028581,11,1,2026-07-06,2016-01-21,"株式会社ＧＲＥＥＮＥＴＴＡ",,301,"東京都","世田谷区","深沢５丁目２番１９号",,13,112,1580081,,,,,,,2015-10-05,1,,,,,"グリネッタ",0
567,3010901043127,12,0,2026-07-06,2026-07-02,"ＭＹＫ株式会社",,301,"東京都","千代田区","神田紺屋町４６風月堂ビル３０３号",,13,101,1010035,,,,,,,2018-11-19,1,,,,,"エムワイケー",0
568,3010902002486,11,0,2026-07-06,2026-06-24,"株式会社エスケー化成",,301,"東京都","世田谷区","三軒茶屋２丁目１９番１７－１００１号",,13,112,1540024,,,,,,,2015-10-05,1,,,,,"エスケーカセイ",0
569,3011001131177,01,1,2026-07-06,2019-12-04,"ＬＨ　ＣＯＮＳＵＬＴＩＮＧ株式会社",,301,"東京都","渋谷区","神宮前１丁目５番８号神宮前タワービルディング",,13,113,1500001,,,,,,,2019-12-04,0,,,,,,0
570,3011001131177,12,1,2026-07-06,2020-05-11,"ＬＨ　ＣＯＮＳＵＬＴＩＮＧ株式会社",,301,"東京都","中央区","京橋２丁目２－１京橋エドグラン２６階",,13,102,1040031,,,,,,,2019-12-04,0,,,,,,0
571,3011001131177,12,1,2026-07-06,2021-01-27,"ＬＨ　ＣＯＮＳＵＬＴＩＮＧ株式会社",,301,"東京都","中央区","銀座１丁目１６番７号銀座大栄ビル５階",,13,102,1040061,,,,,,,2019-12-04,0,,,,,,0
572,3011001131177,12,1,2026-07-06,2022-12-23,"ＬＨ　ＣＯＮＳＵＬＴＩＮＧ株式会社",,301,"東京都","中央区","京橋２丁目２番１号京橋エドグラン２６階",,13,102,1040031,,,,,,,2019-12-04,0,,,,,,0
573,3011001131177,12,1,2026-07-06,2026-02-20,"ＬＨ　ＣＯＮＳＵＬＴＩＮＧ株式会社",,301,"東京都","中央区","銀座６丁目１３番９号ｂｉｚｃｕｂｅ",,13,102,1040061,,,,,,,2019-12-04,1,,,,,,0
574,3011001179051,01,0,2026-07-06,2026-07-06,"ＨＡＮＢＹＥＯＬ株式会社",,301,"東京都","渋谷区","神南１丁目１１番４号ＦＰＧリンクス神南５階",,13,113,1500041,,,,,,,2026-07-06,1,,,,,"ハンビョル",0
575,3011002012855,01,1,2026-07-06,2015-10-05,"有限会社みつわ堂",,302,"東京都","渋谷区","笹塚１丁目５６番１８号",00064849,13,113,1510073,,,,,,,2015-10-05,1,,,,,"ミツワドウ",0
576,3011002030254,01,1,2026-07-06,2015-10-05,"有限会社ＪＰＮウィザード",,302,"東京都","世田谷区","三軒茶屋２丁目５１番３０号",,13,112,1540024,,,,,,,2015-10-05,1,,,,,"ジェイピイエヌウィザード",0
577,3011003017804,12,0,2026-07-06,2026-07-02,"合同会社ＡＲＬＥＯＮ",,305,"東京都","中央区","日本橋室町４丁目３番９号",,13,102,1030022,,,,,,,2023-10-27,1,,,,,"アーリオン",0
578,3011005011532,01,0,2026-07-06,2026-07-06,"一般社団法人Ｔｈｅ　Ｄｉｇｉｔａｌ　Ａｒｔ　Ａｐｅｘ国際組織委員会",,399,"東京都","渋谷区","東２丁目１４番３号",,13,113,1500011,,,,,,,2026-07-06,1,,,,,,0
579,3011101081504,11,0,2026-07-06,2026-06-08,"Ｔａｋｕｗａ　Ｊａｐａｎ株式会社",,301,"東京都","新宿区","百人町２丁目４番５号ライオンズマンション６０５",,13,104,1690073,,,,,,,2017-08-17,1,,,,,"タクワジャパン",0
580,3011101087435,12,0,2026-07-06,2026-06-29,"株式会社和青メディカル",,301,"埼玉県","戸田市","喜沢１丁目３０－５ブライトンＩ２０２室",00144194,11,224,3350013,,,,,,,2019-04-18,1,,,,,"ワセイメディカル",0
581,3011101116400,12,0,2026-07-06,2026-07-02,"株式会社ＭＡＩＳＯＮ　ＮＩＤ",,301,"東京都","中央区","銀座３丁目１４銀座三丁目ビル７階",,13,102,1040061,,,,,,,2026-06-18,1,,,,,"マイソンニッド",0
582,3011105011894,01,0,2026-07-06,2026-07-06,"税理士法人ラグランジュ",,399,"東京都","新宿区","新宿３丁目５－６",,13,104,1600022,,,,,,,2026-07-06,1,,,,,"ラグランジュ",0
583,3011201014751,01,1,2026-07-06,2015-10-05,"株式会社エムクリエイティブオフィス",,301,"東京都","新宿区","上落合２丁目２８番１０号",,13,104,1610034,,,,,,,2015-10-05,1,,,,,"エムクリエイティブオフィス",0
584,3011202011129,21,0,2026-07-06,2026-06-19,"有限会社オールウェーブ",,302,"東京都","中野区","野方４丁目１番１２号",,13,114,1650027,,,2026-06-19,01,,,2015-10-05,1,,,,,"オールウェーブ",0
585,3011302005501,12,0,2026-07-06,2026-07-02,"有限会社大知",,302,"東京都","渋谷区","上原２丁目２１番１８－２０７号",,13,113,1510064,,,,,,,2015-10-05,1,,,,,"ダイチ",0
586,3011403004419,11,0,2026-07-06,2026-07-02,"合同会社グロウトレーディング",,305,"東京都","板橋区","南常盤台２丁目４番１８号",,13,119,1740072,,,,,,,2024-06-21,1,,,,,"グロウトレーディング",0
587,3011601020647,01,1,2026-07-06,2016-01-26,"株式会社住田電設",,301,"東京都","練馬区","豊玉上２丁目１１番３号クレスト桜台２０１",,13,120,1760011,,,,,,,2016-01-26,0,,,,,"スミダデンセツ",0
588,3011601020647,12,1,2026-07-06,2018-03-06,"株式会社住田電設",,301,"東京都","練馬区","豊玉北６丁目２２番９－４０１号",,13,120,1760012,,,,,,,2016-01-26,1,,,,,"スミダデンセツ",0
589,3011601022858,12,0,2026-07-06,2026-06-30,"ミーティング株式会社",,301,"東京都","練馬区","関町南３丁目２１番５号",,13,120,1770053,,,,,,,2018-10-05,1,,,,,"ミーティング",0
590,3011801011017,01,1,2026-07-06,2015-10-05,"日東建設工業株式会社",,301,"東京都","足立区","千住緑町２丁目１４番１６号",,13,121,1200044,,,,,,,2015-10-05,1,,,,,"ニットウケンセツコウギョウ",0
591,3011801020777,21,0,2026-07-06,2026-07-01,"株式会社石原商店",,301,"東京都","葛飾区","奥戸３丁目１９番２０号",,13,122,1240022,,,2026-07-01,01,,,2015-10-05,1,,,,,"イシハラショウテン",0
592,3011801048109,01,0,2026-07-06,2026-07-06,"株式会社Ｈｉｒｏｋｉ",,301,"東京都","足立区","舎人５丁目２８－２９",,13,121,1210831,,,,,,,2026-07-06,1,,,,,"ヒロキ",0
593,3011803007509,01,0,2026-07-06,2026-07-06,"合同会社ＫＩＥＮ",,305,"東京都","葛飾区","堀切２丁目３３番６号",,13,122,1240006,,,,,,,2026-07-06,1,,,,,"キエン",0
594,3012403006611,11,0,2026-07-06,2026-06-19,"アセットマネジメント株式会社",,301,"東京都","小金井市","東町２丁目１５番１８号ハイブリッドタウンＩ",,13,210,1840011,,,,,,,2024-06-11,1,,,,,"アセットマネジメント",0
595,3012701013706,01,1,2026-07-06,2016-05-09,"石渡電気工事株式会社",,301,"東京都","小平市","花小金井７丁目２番２２号",,13,211,1870002,,,,,,,2016-05-09,1,,,,,"イシワタリデンキコウジ",0
596,3013301006249,01,1,2026-07-06,2015-10-05,"西武建設株式会社",,301,"東京都","豊島区","南池袋１丁目１６番１５号",,13,116,1710022,,,,,,,2015-10-05,0,,,,,,0
597,3013301006249,12,1,2026-07-06,2022-09-02,"西武建設株式会社",,301,"東京都","江東区","豊洲５丁目６番３６号",,13,108,1350061,,,,,,,2015-10-05,0,,,,,,0
598,3013301006249,12,1,2026-07-06,2025-10-07,"西武建設株式会社",,301,"東京都","豊島区","長崎５丁目１番３４号",,13,116,1710051,,,,,,,2015-10-05,1,,,,,,0
599,3013301050701,12,0,2026-07-06,2026-06-22,"株式会社唐盛",,301,"東京都","豊島区","東池袋３丁目２１番２１－１００１号",,13,116,1700013,,,,,,,2023-05-08,1,,,,,"トウセイ",0
600,3013302018532,01,1,2026-07-06,2015-10-05,"有限会社江戸商事",,302,"東京都","豊島区","東池袋３丁目２番４号",,13,116,1700013,,,,,,,2015-10-05,0,,,,,"エドショウジ",0
601,3013302018532,12,0,2026-07-06,2026-06-30,"有限会社江戸商事",,302,"埼玉県","川越市","大字寺尾３４５番地１６",,11,201,3501141,,,,,,,2015-10-05,1,,,,,"エドショウジ",0
602,3020001101973,12,0,2026-07-06,2026-06-25,"株式会社ジュウカン",,301,"神奈川県","横浜市港北区","鳥山町１０６９番地",,14,109,2220035,,,,,,,2015-10-05,1,,,,,"ジュウカン",0
603,3020001111394,01,1,2026-07-06,2015-10-05,"株式会社サンアメニティ",,301,"神奈川県","川崎市中原区","下小田中２丁目１９番１－１１１号",,14,133,2110041,,,,,,,2015-10-05,1,,,,,"サンアメニティ",0
604,3020001121534,12,0,2026-07-06,2026-07-01,"株式会社イワセエステート",,301,"東京都","小平市","鈴木町２丁目１７６番地の４ザ・パークハウス花小金井ガーデンＩ街区３３９号",00144178,13,211,1870011,,,,,,,2017-05-30,1,,,,,"イワセエステート",0
605,3020001159310,21,0,2026-07-06,2026-06-23,"ＹＴＹＧ投資事業株式会社",,301,"奈良県","吉野郡下市町","大字新住１１１８番地",,29,443,6380045,,,2026-06-23,11,7150001016073,"令和８年６月１日奈良県吉野郡下市町大字新住１１１８番地株式会社吉銘（7150001016073）に合併し解散",2024-10-01,1,,,,,"ワイティーワイジートウシジギョウ",0
606,3020001169342,01,0,2026-07-06,2026-07-06,"株式会社大空建設",,301,"神奈川県","川崎市多摩区","南生田７丁目１３番１－１号",,14,135,2140036,,,,,,,2026-07-06,1,,,,,"オオゾラケンセツ",0
607,3020001169375,01,0,2026-07-06,2026-07-06,"株式会社それで",,301,"神奈川県","横浜市西区","浅間町１丁目４番３号ウィザードビル４０２",,14,103,2200072,,,,,,,2026-07-06,1,,,,,"ソレデ",0
608,3020002097419,01,1,2026-07-06,2015-10-05,"有限会社新生工具店",,302,"神奈川県","川崎市川崎区","新川通１０番１５号",,14,131,2100013,,,,,,,2015-10-05,1,,,,,"シンセイコウグテン",0
609,3020003025832,12,0,2026-07-06,2026-06-26,"合同会社ファーストスター",,305,"神奈川県","横浜市神奈川区","金港町５番地１４クアドリフォリオ８階",,14,102,2210056,,,,,,,2024-03-28,1,,,,,"ファーストスター",0
610,3020003031343,01,0,2026-07-06,2026-07-06,"合同会社港南中央オフィス",,305,"神奈川県","横浜市港南区","港南２丁目１５番１０－５０８号",,14,111,2330003,,,,,,,2026-07-06,1,,,,,"コウナンチュウオウオフィス",0
611,3020005008521,12,0,2026-07-06,2026-06-26,"特定非営利活動法人麻生環境会",,399,"神奈川県","川崎市麻生区","上麻生６丁目１３番４１号ファミーユＵＴＳＵＧＩ－Ｃ",,14,137,2150021,,,,,,,2015-10-05,1,,,,,"アサオカンキョウカイ",0
612,3020005015559,12,0,2026-07-06,2026-07-01,"司法書士法人グランツ",,399,"神奈川県","川崎市中原区","新丸子東２丁目９０７番地イオンビル６０１",,14,133,2110004,,,,,,,2022-06-13,1,,,,,"グランツ",0
613,3021001001115,01,1,2026-07-06,2015-10-05,"株式会社湘南洋食器",,301,"神奈川県","藤沢市","川名２丁目１番３号",,14,205,2510015,,,,,,,2015-10-05,1,,,,,"ショウナンヨウショッキ",0
614,3021001084176,12,0,2026-07-06,2026-06-12,"株式会社福原自動車",,301,"神奈川県","綾瀬市","上土棚北４丁目６番３９号",,14,218,2521111,,,,,,,2025-01-09,1,,,,,"フクハラジドウシャ",0
615,3021001088573,01,0,2026-07-06,2026-07-06,"株式会社ＳＳＫ",,301,"神奈川県","相模原市中央区","上溝３丁目６番１０号",,14,152,2520243,,,,,,,2026-07-06,1,,,,,"エスエスケイ",0
616,3021001088598,01,0,2026-07-06,2026-07-06,"ＳＯＦＴ　ＡＩＲ株式会社",,301,"神奈川県","座間市","入谷西５丁目６番５号プレステージホール３０２号",,14,216,2520029,,,,,,,2026-07-06,1,,,,,"ソフトエアー",0
617,3030001113398,01,1,2026-07-06,2016-03-23,"株式会社三樹建",,301,"埼玉県","志木市","中宗岡５丁目２０番３０号",,11,228,3530002,,,,,,,2016-03-23,1,,,,,"ミキケン",0
618,3030001171710,12,0,2026-07-06,2026-06-24,"株式会社阿部商事",,301,"埼玉県","熊谷市","中西２丁目７番２６号",,11,202,3600013,,,,,,,2026-04-03,1,,,,,"アベショウジ",0
619,3030001173095,01,0,2026-07-06,2026-07-06,"株式会社エムズソリューション",,301,"埼玉県","三郷市","鷹野５丁目７０番地２",,11,237,3410035,,,,,,,2026-07-06,1,,,,,"エムズソリューション",0
620,3030001173145,01,0,2026-07-06,2026-07-06,"株式会社恵比寿",,301,"埼玉県","春日部市","増富１５８番地とよはる台サンハイツＢ－４０６",,11,214,3440041,,,,,,,2026-07-06,1,,,,,"エビス",0
621,3030001173153,01,0,2026-07-06,2026-07-06,"株式会社吉健電工",,301,"埼玉県","さいたま市浦和区","大東３丁目３２番７号",,11,107,3300043,,,,,,,2026-07-06,1,,,,,"ヨシケンデンコウ",0
622,3030001173161,01,0,2026-07-06,2026-07-06,"株式会社ＳＡＮＥＩ",,301,"埼玉県","三郷市","新和１丁目４２８番地高橋ビル２階Ａ号室",,11,237,3410034,,,,,,,2026-07-06,1,,,,,"サンエイ",0
623,3030001173186,01,0,2026-07-06,2026-07-06,"株式会社ＳＵＮＳＣＡＰＥ",,301,"埼玉県","さいたま市見沼区","大字膝子５７番地４",,11,104,3370021,,,,,,,2026-07-06,1,,,,,"サンスケイプ",0
624,3030002056605,21,0,2026-07-06,2026-06-23,"有限会社竹内技研工業",,302,"埼玉県","北足立郡伊奈町","大字小室２５４７番地１",,11,301,3620806,,,2026-06-23,01,,,2015-10-05,1,,,,,"タケウチギケンコウギョウ",0
625,3030002079473,01,1,2026-07-06,2015-10-05,"有限会社トネガワ",,302,"埼玉県","比企郡川島町","大字戸守７９６番地",,11,346,3500166,,,,,,,2015-10-05,1,,,,,"トネガワ",0
626,3030003008522,01,1,2026-07-06,2016-03-08,"合同会社ケアパートナーえん",,305,"埼玉県","朝霞市","栄町３丁目５番１５－４０６号",,11,227,3510012,,,,,,,2016-03-08,0,,,,,"ケアパートナーエン",0
627,3030003008522,12,1,2026-07-06,2026-06-10,"合同会社ケアパートナーえん",,305,"埼玉県","朝霞市","栄町２丁目１番３１－２０３号",,11,227,3510012,,,,,,,2016-03-08,1,,,,,"ケアパートナーエン",0
628,3030003024486,21,0,2026-07-06,2026-06-16,"合同会社Ｍａｈｍｕｄ　Ｉｎｔｅｒｎａｔｉｏｎａｌ　ＬＬＣ",,305,"埼玉県","狭山市","大字堀兼２５８７－５",,11,215,3501312,,,2026-06-16,01,,,2024-06-12,1,,,,,"マハモドインターナショナルエルエルシー",0
629,3030003029592,01,0,2026-07-06,2026-07-06,"合同会社ＡＳＯＢＩＸ",,305,"埼玉県","桶川市","鴨川１丁目１番４０－５０１号",,11,231,3630024,,,,,,,2026-07-06,1,,,,,"アソビックス",0
630,3030003029601,01,0,2026-07-06,2026-07-06,"合同会社Ｍｏｎａｃａ　ＡＩ",,305,"埼玉県","さいたま市中央区","上落合３丁目８番２号",,11,105,3380001,,,,,,,2026-07-06,1,,,,,"モナカエイアイ",0
631,3040001004844,01,1,2026-07-06,2015-10-05,"中央日化サービス株式会社",,301,"千葉県","千葉市花見川区","犢橋町１６２７番地１２",,12,102,2620013,,,,,,,2015-10-05,1,,,,,"チュウオウニッカサービス",0
632,3040001015387,12,0,2026-07-06,2026-06-12,"株式会社ラ・マイレ",,301,"千葉県","千葉市美浜区","打瀬１丁目２番２セントラルパーク・イースト幕張パークタワー３２０４",,12,106,2610013,,,,,,,2015-10-05,1,,,,,,0
633,3040001089761,12,0,2026-07-06,2026-07-02,"株式会社ＴＩＭＥ　ＢＡＳＥ",,301,"福岡県","福津市","津屋崎５丁目３９番３３号",,40,224,8113304,,,,,,,2015-10-05,1,,,,,"タイムベース",0
634,3040001094910,01,1,2026-07-06,2016-04-15,"Ｃ－ＯＮＬＹ株式会社",,301,"千葉県","松戸市","根本１４番地の２パークスカイタワー・松戸１３１５号",,12,207,2710077,,,,,,,2016-04-15,1,,,,,"シオンリー",0
635,3040001108645,12,0,2026-07-06,2026-06-25,"株式会社京葉銀キャピタル＆コンサルティング",,301,"千葉県","千葉市中央区","富士見１丁目１１番１１号",,12,101,2600015,,,,,,,2019-04-04,1,,,,,"ケイヨウギンキャピタルアンドコンサルティング",0
636,3040001128833,12,0,2026-07-06,2026-06-22,"株式会社Ｔｒｙ　Ｍａｒｋｅｔ",,301,"東京都","中央区","日本橋小舟町８番１３号天翔日本橋ビル４階４０７",,13,102,1030024,,,,,,,2023-06-14,1,,,,,"トライマーケット",0
637,3040005022693,12,0,2026-07-06,2026-06-18,"ＮＰＯ法人キャンプファイヤー屋",,399,"千葉県","木更津市","大久保４丁目１３番７号",,12,206,2920815,,,,,,,2025-03-19,1,,,,,"キャンプファイヤーヤ",0
638,3050001058609,01,0,2026-07-06,2026-07-06,"株式会社Ｒｉｎｉｔｙ",,301,"茨城県","土浦市","桜町２丁目１番７号８２Ｆｌｕｓｈ",,08,203,3000037,,,,,,,2026-07-06,1,,,,,"リニティ",0
639,3050001058625,01,0,2026-07-06,2026-07-06,"株式会社和田農園",,301,"茨城県","日立市","十王町伊師３１８５番地５",,08,202,3191301,,,,,,,2026-07-06,1,,,,,"ワダノウエン",0
640,3060003006127,01,0,2026-07-06,2026-07-06,"合同会社ＧＲＡＣＩＡ",,305,"栃木県","宇都宮市","東宿郷２丁目５－１６秀月館ビルＡ４Ｆ",,09,201,3210953,,,,,,,2026-07-06,1,,,,,"グラシア",0
641,3070001044251,01,0,2026-07-06,2026-07-06,"株式会社ＮＥＸＴＯＲＩＡ",,301,"群馬県","前橋市","箱田町３８７番地１",,10,201,3710837,,,,,,,2026-07-06,1,,,,,"ネクストリア",0
642,3070002011531,01,1,2026-07-06,2015-10-05,"有限会社博芳堂印刷所",,302,"群馬県","高崎市","石原町５０３番地７",,10,202,3700864,,,,,,,2015-10-05,1,,,,,"ハクホウドウインサツジョ",0
643,3070002016101,01,1,2026-07-06,2015-10-05,"有限会社大里製作所",,302,"群馬県","甘楽郡甘楽町","大字福島１５３７番地２",,10,384,3702212,,,,,,,2015-10-05,1,,,,,"オオサトセイサクショ",0
644,3080001010913,12,0,2026-07-06,2026-07-01,"株式会社ナチュラルスタイル",,301,"静岡県","静岡市葵区","常磐町１丁目８番地の６常磐町アイワビル５階",,22,101,4200034,,,,,,,2015-10-05,1,,,,,"ナチュラルスタイル",0
645,3080001027684,01,0,2026-07-06,2026-07-06,"株式会社シャイニングプラス",,301,"静岡県","静岡市葵区","北５丁目３番３号",,22,101,4200961,,,,,,,2026-07-06,1,,,,,"シャイニングプラス",0
646,3080101025547,21,0,2026-07-06,2026-06-24,"得海株式会社",,301,"静岡県","伊東市","岡１３９１番２７",,22,208,4140055,,,2026-06-24,01,,,2025-06-12,1,,,,,"トクカイ",0
647,3080102007107,01,1,2026-07-06,2015-10-05,"有限会社芹沢植木",,302,"静岡県","御殿場市","東山２０７番地の１",,22,215,4120024,,,,,,,2015-10-05,1,,,,,"セリザワウエキ",0
648,3080401028687,01,0,2026-07-06,2026-07-06,"株式会社アキラモータース",,301,"静岡県","浜松市中央区","西山町１２０６番地の１６",,22,138,4328001,,,,,,,2026-07-06,1,,,,,"アキラモータース",0
649,3080401028695,01,0,2026-07-06,2026-07-06,"株式会社西建",,301,"静岡県","浜松市中央区","高丘北２丁目２８番５号",,22,138,4338119,,,,,,,2026-07-06,1,,,,,"ニシケン",0
650,3090002014144,21,0,2026-07-06,2026-06-30,"有限会社坂本土地開発",,302,"山梨県","北杜市","長坂町小荒間７９０番地",,19,209,4080031,,,2026-06-30,01,,,2015-10-05,1,,,,,"サカモトトチカイハツ",0
651,3090002014706,01,1,2026-07-06,2015-10-05,"有限会社秋山板金工業所",,302,"山梨県","南巨摩郡富士川町","舂米１４９０番地の乙",,19,368,4000515,,,,,,,2015-10-05,1,,,,,"アキヤマバンキンコウギョウショ",0
652,3100001019563,01,1,2026-07-06,2015-10-05,"株式会社ジャジー",,301,"長野県","岡谷市","２４０９番地ロ",,20,204,3940091,,,,,,,2015-10-05,1,,,,,"ジャジー",0
653,3100003008837,01,0,2026-07-06,2026-07-06,"英偉研究所合同会社",,305,"長野県","北佐久郡軽井沢町","大字長倉２１４７番地１２３７",,20,321,3890111,,,,,,,2026-07-06,1,,,,,"エイイケンキュウジョ",0
654,3110002001767,21,0,2026-07-06,2026-06-24,"有限会社カメヤマ乳販",,302,"新潟県","新潟市中央区","姥ケ山４丁目１７番３号",,15,103,9500923,,,2026-06-24,01,,,2015-10-05,1,,,,,"カメヤマニュウハン",0
655,3110002009050,21,0,2026-07-06,2026-06-24,"有限会社ニード不動産事務所",,302,"新潟県","新潟市江南区","早通１丁目７番１２号",,15,104,9500168,,,2026-06-24,01,,,2015-10-05,1,,,,,"ニードフドウサンジムショ",0
656,3120001029247,12,0,2026-07-06,2026-07-01,"株式会社ケイ・アイサービス",,301,"愛媛県","今治市","大西町新町甲９４５番地",,38,202,7992203,,,,,,,2015-10-05,1,,,,,"ケイアイサービス",0
657,3120001033117,01,1,2026-07-06,2015-10-05,"大熱工業株式会社",,301,"大阪府","大阪市住吉区","我孫子東３丁目１番３０号",,27,120,5580013,,,,,,,2015-10-05,1,,,,,"ダイネツコウギョウ",0
658,3120001040419,01,1,2026-07-06,2015-10-05,"ラツキー製菓株式会社",,301,"大阪府","大阪市浪速区","戎本町１丁目５番７号",,27,111,5560013,,,,,,,2015-10-05,0,,,,,"ラツキーセイカ",0
659,3120001040419,12,1,2026-07-06,2019-11-07,"ラツキー製菓株式会社",,301,"大阪府","堺市美原区","太井４４２番地",,27,147,5870062,,,,,,,2015-10-05,1,,,,,"ラツキーセイカ",0
660,3120001135937,11,0,2026-07-06,2026-06-30,"株式会社Ｉｄｏ",,301,"大阪府","大阪市北区","中崎２丁目１番４号嶌野ビル５Ｆ",,27,127,5300016,,,,,,,2015-10-05,1,,,,,"アイドゥ",0
661,3120001190239,01,1,2026-07-06,2015-10-05,"山元林業株式会社",,301,"大阪府","大阪市中央区","大手通２丁目４番１号",,27,128,5400021,,,,,,,2015-10-05,0,,,,,"ヤマゲンリンギョウ",0
662,3120001190239,12,1,2026-07-06,2016-08-26,"山元林業株式会社",,301,"奈良県","香芝市","磯壁５丁目２番２２号",,29,210,6390236,,,,,,,2015-10-05,1,,,,,"ヤマゲンリンギョウ",0
663,3120001243467,12,0,2026-07-06,2026-07-01,"株式会社リウォール",,301,"大阪府","大阪市東住吉区","矢田１丁目９番２８号",,27,121,5460023,,,,,,,2022-01-31,1,,,,,"リウォール",0
664,3120001270932,12,0,2026-07-06,2026-06-30,"ＰＵＲＥ　ＣＬＥＡＮ株式会社",,301,"大阪府","大阪市淀川区","木川東４丁目５番３－４０１号室",,27,123,5320012,,,,,,,2024-12-10,1,,,,,"ピュアクリーン",0
665,3120001277250,21,0,2026-07-06,2026-06-30,"エルマノワイズ株式会社",,301,"大阪府","大阪市城東区","関目１丁目１２－７サンライズ関目６０１",,27,118,5360008,,,2026-06-30,01,,,2025-07-03,1,,,,,"エルマノワイズ",0
666,3120001281153,21,0,2026-07-06,2026-07-01,"潤和株式会社",,301,"大阪府","大阪市東住吉区","中野４丁目１番１６号サラオリエンテ中野５０６Ｂ",,27,121,5460012,,,2026-07-01,01,,,2025-10-16,1,,,,,"ジュンワ",0
667,3120001287522,01,0,2026-07-06,2026-07-06,"株式会社オフィスエフ",,301,"大阪府","大阪市福島区","大開１丁目１３番３５号３階",,27,103,5530007,,,,,,,2026-07-06,1,,,,,"オフィスエフ",0
668,3120001287530,01,0,2026-07-06,2026-07-06,"株式会社Ｋ３Ｈｏｌｄｉｎｇｓ",,301,"大阪府","大阪市中央区","上汐２丁目３－６－４Ｆ",,27,128,5420064,,,,,,,2026-07-06,1,,,,,"ケースリーホールディングス",0
669,3120001287605,01,0,2026-07-06,2026-07-06,"豊吉株式会社",,301,"大阪府","大阪市北区","浪花町４番２６－９０２号",,27,127,5300022,,,,,,,2026-07-06,1,,,,,"ホウキチ",0
670,3120001287621,01,0,2026-07-06,2026-07-06,"株式会社リベルタ",,301,"大阪府","大阪市中央区","南船場３丁目２番２２号おおきに南船場ビル２０５",,27,128,5420081,,,,,,,2026-07-06,1,,,,,"リベルタ",0
671,3120003032983,01,0,2026-07-06,2026-07-06,"合同会社イージュー",,305,"大阪府","大阪市北区","梅田１丁目１番３号大阪駅前第３ビル１１階２号室",,27,127,5300001,,,,,,,2026-07-06,1,,,,,"イージュー",0
672,3120003032991,01,0,2026-07-06,2026-07-06,"ハラダワークス合同会社",,305,"大阪府","大阪市此花区","西九条５丁目３番２９－５０３号",,27,104,5540012,,,,,,,2026-07-06,1,,,,,"ハラダワークス",0
673,3120101057206,01,1,2026-07-06,2017-10-11,"株式会社川端内装",,301,"大阪府","岸和田市","土生町８丁目２３番２９号２Ｆ",,27,202,5960825,,,,,,,2017-10-11,1,,,,,"カワバタナイソウ",0
674,3120101074036,01,0,2026-07-06,2026-07-06,"株式会社福留電気",,301,"大阪府","大阪狭山市","東野西１丁目９５０番地の７４",,27,231,5890001,,,,,,,2026-07-06,1,,,,,"フクトメデンキ",0
675,3120901016666,12,0,2026-07-06,2026-07-01,"株式会社Ｓ　Ｇｒｏｕｐ",,301,"大阪府","吹田市","広芝町９番１２号５Ｆ",,27,205,5640052,,,,,,,2015-10-05,1,,,,,"エスグループ",0
676,3120901023786,21,0,2026-07-06,2026-07-01,"株式会社てらしま",,301,"大阪府","豊中市","岡町北１丁目４番２４－２０４号",,27,203,5610884,,,2026-07-01,01,,,2015-10-05,1,,,,,,0
677,3120902020295,01,1,2026-07-06,2015-10-05,"有限会社和田酒店",,302,"大阪府","豊中市","服部本町４丁目５番３８号",,27,203,5610852,,,,,,,2015-10-05,1,,,,,"ワダサケテン",0
678,3122001024368,12,0,2026-07-06,2026-06-30,"株式会社菱和工作所",,301,"大阪府","東大阪市","高井田元町１丁目１８番２４号",,27,227,5770054,,,,,,,2015-10-05,1,,,,,"リョウワコウサクショ",0
679,3122001040679,01,0,2026-07-06,2026-07-06,"株式会社ＭＫワークス",,301,"大阪府","八尾市","緑ヶ丘５丁目３５番地の１８",,27,212,5810837,,,,,,,2026-07-06,1,,,,,"エムケイワークス",0
680,3122001040687,01,0,2026-07-06,2026-07-06,"ハンズエイド株式会社",,301,"大阪府","東大阪市","小若江３丁目１２番２１号、１Ｆ",,27,227,5770818,,,,,,,2026-07-06,1,,,,,"ハンズエイド",0
681,3130001017556,01,1,2026-07-06,2015-10-05,"株式会社島田商店",,301,"京都府","京都市下京区","岩上通仏光寺上る雁金町４１１番地",,26,106,6008393,,,,,,,2015-10-05,0,,,,,"シマダショウテン",0
682,3130001017556,12,1,2026-07-06,2017-07-05,"株式会社島田商店",,301,"京都府","京都市中京区","壬生森町２２番地３",,26,104,6048862,,,,,,,2015-10-05,1,,,,,"シマダショウテン",0
683,3130001059193,12,0,2026-07-06,2026-06-18,"株式会社ＨＦＧ",,301,"京都府","京都市伏見区","横大路菅本２番地１９ＢＯＳＳＣＬＵＢ４Ｆ",,26,109,6128251,,,,,,,2017-02-09,1,,,,,"エイチエフジー",0
684,3130003008272,12,0,2026-07-06,2026-06-18,"合同会社ＣＡＦＥ　ＬＡ　ＴＥＲＲＡＣＥ",,305,"京都府","京都市下京区","善長寺町１４３番地マスギビル３０１号",,26,106,6008431,,,,,,,2022-11-02,1,,,,,"カフェラテラス",0
685,3130005017726,01,0,2026-07-06,2026-07-06,"一般社団法人石崎良子基金",00144186,399,"京都府","京都市上京区","河原町通丸太町上る桝屋町３５４番地の２毎日新聞京都ビル３階",,26,102,6020877,,,,,,,2026-07-06,1,,,,,"イシザキナガコキキン",0
686,3140001075792,01,1,2026-07-06,2015-10-05,"橋武工業株式会社",,301,"兵庫県","西脇市","黒田庄町小苗３３番地の１",,28,213,6790301,,,,,,,2015-10-05,1,,,,,"ハシタケコウギョウ",0
687,3140001127338,12,0,2026-07-06,2026-07-02,"株式会社ＥＡＲＬ",,301,"兵庫県","姫路市","小姓町８５－１０",,28,201,6700043,,,,,,,2022-09-12,1,,,,,"アール",0
688,3140001143285,01,0,2026-07-06,2026-07-06,"株式会社ヨハク",,301,"兵庫県","加西市","下道山町６２０番地",,28,220,6752454,,,,,,,2026-07-06,1,,,,,"ヨハク",0
689,3140001143319,01,0,2026-07-06,2026-07-06,"株式会社大台",,301,"兵庫県","尼崎市","西大物町７番２－１０１号",,28,202,6600827,,,,,,,2026-07-06,1,,,,,"オオダイ",0
690,3140005022691,21,0,2026-07-06,2026-06-30,"一般社団法人播磨講師協会",,399,"兵庫県","姫路市","勝原区朝日谷６００番地５５",,28,201,6711204,,,2026-06-30,01,,,2015-12-11,1,,,,,"ハリマコウシキョウカイ",0
691,3150001029095,01,0,2026-07-06,2026-07-06,"株式会社正清設備",,301,"奈良県","大和高田市","大字池尻１９０番地６",,29,202,6350021,,,,,,,2026-07-06,1,,,,,"マサキヨセツビ",0
692,3160002007561,22,0,2026-07-06,2026-06-29,"有限会社活魚センターかとり",,302,"滋賀県","米原市","入江１３０８番地",,25,214,5210003,,,,,,,2015-10-05,1,,,,,,0
693,3160005006379,01,1,2026-07-06,2015-10-05,"社会福祉法人めぐみ会",,399,"滋賀県","東近江市","八日市町３番２３号",,25,213,5270029,,,,,,,2015-10-05,1,,,,,,0
694,3170001001655,21,0,2026-07-06,2026-07-01,"株式会社シンヤ印刷",,301,"和歌山県","和歌山市","西小二里２丁目４番９７号",,30,201,6410031,,,2026-07-01,01,,,2015-10-05,1,,,,,"シンヤインサツ",0
695,3170002008658,01,1,2026-07-06,2015-10-05,"有限会社加藤運送",,302,"和歌山県","田辺市","新万３４番４３号",,30,206,6460014,,,,,,,2015-10-05,1,,,,,"カトウウンソウ",0
696,3180001033160,21,0,2026-07-06,2026-06-24,"株式会社森平",,301,"愛知県","名古屋市中村区","名駅１丁目２番２号",,23,105,4500002,,,2026-06-24,01,,,2015-10-05,1,,,,,"モリヘイ",0
697,3180001079419,01,1,2026-07-06,2015-10-05,"株式会社アステックス",,301,"愛知県","尾張旭市","旭前町新田洞５０５０番地の１",,23,226,4880852,,,,,,,2015-10-05,1,,,,,,0
698,3180001083560,01,1,2026-07-06,2015-10-05,"株式会社ファシック",,301,"愛知県","一宮市","三条字郷西６３番地１",,23,203,4940003,,,,,,,2015-10-05,0,,,,,,0
699,3180001083560,71,1,2026-07-06,2020-06-03,"株式会社ファシック",,301,"愛知県","一宮市","三条字郷西６３番地１",,23,203,4940003,,,,,,"令和２年６月１日東京都渋谷区千駄ヶ谷五丁目１３番１８号株式会社ゼノ（8011001102000）を合併",2015-10-05,0,,,,,,0
700,3180001083560,71,1,2026-07-06,2021-02-01,"株式会社ファシック",,301,"愛知県","一宮市","三条字郷西６３番地１",,23,203,4940003,,,,,,"令和３年２月１日神奈川県横浜市中区元町四丁目１７５番地１田邊ビル３階株式会社ショップエンドショップス（3011001090464）を合併",2015-10-05,1,,,,,,0
701,3180001094013,11,0,2026-07-06,2026-07-01,"株式会社フローター",,301,"愛知県","大府市","北崎町遠山２２８番地の１",,23,223,4740001,,,,,,,2015-10-05,1,,,,,"フローター",0
702,3180001119414,21,0,2026-07-06,2026-07-01,"アイチエンジニアリング株式会社",,301,"愛知県","名古屋市瑞穂区","弥富通三丁目１９番２号",,23,108,4670000,,,2026-07-01,11,4180001110545,"令和８年７月１日名古屋市瑞穂区弥富通三丁目１９番２号株式会社スマートテクニカ（4180001110545）に合併し解散",2015-10-05,1,,,,,"アイチエンジニアリング",0
703,3180001129347,21,0,2026-07-06,2026-06-30,"株式会社永浩社",,301,"愛知県","名古屋市西区","上名古屋１丁目１２番１１号",,23,104,4510025,,,2026-06-30,01,,,2017-09-06,1,,,,,"エイコウシャ",0
704,3180001161597,21,0,2026-07-06,2026-06-26,"株式会社縁",,301,"愛知県","名古屋市中村区","名駅５丁目４番１４号花車ビル北館１階",,23,105,4500002,,,2026-06-26,01,,,2024-05-22,1,,,,,,0
705,3180001165623,01,1,2026-07-06,2025-03-03,"大聖観光ＳＴＰ株式会社",,301,"愛知県","名古屋市港区","野跡２丁目３番６号",,23,111,4550845,,,,,,,2025-03-03,1,,,,,,0
706,3180001172611,01,0,2026-07-06,2026-07-06,"株式会社みやま財務コンサルティング",,301,"愛知県","名古屋市中区","丸の内１丁目２番２８号吉村ビル４０１Ａ号室",,23,106,4600002,,,,,,,2026-07-06,1,,,,,"ミヤマザイムコンサルティング",0
707,3180002065310,21,0,2026-07-06,2026-06-24,"有限会社エンジニアウエノハラ",,302,"愛知県","春日井市","白山町４丁目６番地の２０",,23,206,4870034,,,2026-06-24,01,,,2015-10-05,1,,,,,"エンジニアウエノハラ",0
708,3180005001675,01,1,2026-07-06,2015-10-05,"東宝寺",,399,"愛知県","名古屋市南区","西桜町９８番地",,23,112,4570039,,,,,,,2015-10-05,1,,,,,"トウホウジ",0
709,3190001013855,21,0,2026-07-06,2026-06-25,"株式会社オフィスサポート",,301,"三重県","桑名市","筒尾１丁目１５番地１３",,24,205,5110901,,,2026-06-25,01,,,2015-10-05,1,,,,,"オフィスサポート",0
710,3190001033250,01,0,2026-07-06,2026-07-06,"ｂｅｅｈｉｖｅ株式会社",,301,"三重県","四日市市","北浜田町１０番３号",,24,202,5100062,,,,,,,2026-07-06,1,,,,,"ビーハイブ",0
711,3190001033259,01,0,2026-07-06,2026-07-06,"株式会社市川設備",,301,"三重県","桑名市","多度町多度２丁目１５番地４",,24,205,5110106,,,,,,,2026-07-06,1,,,,,"イチカワセツビ",0
712,3200001023456,01,1,2026-07-06,2015-10-05,"東濃食品株式会社",,301,"岐阜県","中津川市","かやの木町４番３０号",,21,206,5080045,,,,,,,2015-10-05,1,,,,,"トウノウショクヒン",0
713,3210001009009,12,0,2026-07-06,2026-07-01,"株式会社ＴＭ",,301,"福井県","福井市","長本町１００３番地２",,18,201,9100844,,,,,,,2015-10-05,1,,,,,"ティーエム",0
714,3210002008505,12,0,2026-07-06,2026-07-02,"有限会社一青",,302,"石川県","加賀市","山中温泉菅谷町ト１６１番地",,17,206,9220139,,,,,,,2015-10-05,1,,,,,"イチセイ",0
715,3210005006506,01,1,2026-07-06,2015-10-05,"沓見生産森林組合",,399,"福井県","敦賀市","沓見１７４号３番地",,18,202,9140823,,,,,,,2015-10-05,1,,,,,,0
716,3210005008270,01,1,2026-07-06,2015-10-05,"社会福祉法人越前市社会福祉協議会",,399,"福井県","越前市","杉尾町第１号２７番地１",,18,209,9150221,,,,,,,2015-10-05,0,,,,,,0
717,3210005008270,12,1,2026-07-06,2023-04-11,"社会福祉法人越前市社会福祉協議会",,399,"福井県","越前市","府中１丁目１１番２号",,18,209,9150071,,,,,,,2015-10-05,1,,,,,,0
718,3220001017844,01,1,2026-07-06,2015-10-05,"山久商事株式会社",,301,"石川県","かほく市","浜北ホ５４番地２",,17,209,9291174,,,,,,,2015-10-05,1,,,,,"ヤマキュウショウジ",0
719,3220001027471,01,0,2026-07-06,2026-07-06,"株式会社Ｓａｖ・ＭＥ",,301,"石川県","金沢市","湊２丁目９０番地４",,17,201,9200211,,,,,,,2026-07-06,1,,,,,"サブミー",0
720,3220002011177,01,1,2026-07-06,2015-10-05,"有限会社北陸調製土",,302,"石川県","小松市","金平町ヲ２７番地１",,17,203,9230153,,,,,,,2015-10-05,1,,,,,"ホクリクチョウセイド",0
721,3220005007759,01,1,2026-07-06,2015-10-05,"社会福祉法人美川福祉会",,399,"石川県","白山市","美川和波町北６８番地",,17,210,9290231,,,,,,,2015-10-05,1,,,,,"ミカワフクシカイ",0
722,3230001021498,01,0,2026-07-06,2026-07-06,"ＫＩインダストリー株式会社",,301,"富山県","高岡市","鐘紡町７番１７号",,16,202,9330856,,,,,,,2026-07-06,1,,,,,"ケーアイインダストリー",0
723,3240001024871,12,0,2026-07-06,2026-06-29,"株式会社コジマ",,301,"広島県","広島市安佐北区","亀山２丁目１７番４７－９号",,34,106,7310231,,,,,,,2015-10-05,1,,,,,"コジマ",0
724,3240001066732,01,0,2026-07-06,2026-07-06,"株式会社相川重建",,301,"広島県","三次市","江田川之内町５１０番地５",,34,209,7296215,,,,,,,2026-07-06,1,,,,,"アイカワジュウケン",0
725,3240001066757,01,0,2026-07-06,2026-07-06,"株式会社ＣＲＥＶＩＡ",,301,"広島県","広島市安佐南区","西原５丁目１３番１４号",,34,105,7310113,,,,,,,2026-07-06,1,,,,,"クレヴィア",0
726,3250001015944,01,1,2026-07-06,2016-05-10,"ホーユウテクノ株式会社",,301,"山口県","玖珂郡和木町","和木４丁目３番２５－１５号",,35,321,7400061,,,,,,,2016-05-10,1,,,,,"ホーユウテクノ",0
727,3250001021736,01,0,2026-07-06,2026-07-06,"株式会社みつよし",,301,"山口県","山口市","小郡明治１丁目１番１号アールテラス新山口２０６号室",,35,203,7540043,,,,,,,2026-07-06,1,,,,,"ミツヨシ",0
728,3250005009083,01,0,2026-07-06,2026-07-06,"トレイス土地家屋調査士法人山口",,399,"山口県","岩国市","南岩国町１丁目３３番３１号",,35,208,7400034,,,,,,,2026-07-06,1,,,,,"トレイスヤマグチ",0
729,3260001005903,12,0,2026-07-06,2026-07-01,"株式会社二子不動産",,301,"岡山県","岡山市北区","柳町１丁目１番５号月光幸町１階",,33,101,7000904,,,,,,,2015-10-05,1,,,,,"フタゴフドウサン",0
730,3260001025216,21,0,2026-07-06,2026-07-01,"農村エナジー株式会社",,301,"岡山県","総社市","新本７１１６番地",,33,208,7101203,,,2026-07-01,11,1260001015326,"令和８年７月１日岡山県倉敷市西富井１０７６番地ひだかや株式会社（1260001015326）に合併し解散",2015-10-05,1,,,,,"ノウソンエナジー",0
731,3260001037038,12,0,2026-07-06,2026-07-01,"株式会社アスシード",,301,"岡山県","岡山市中区","江並７５番地２７",,33,102,7028004,,,,,,,2022-07-11,1,,,,,"アスシード",0
732,3260002016180,12,0,2026-07-06,2026-06-24,"有限会社アクト建築デザイン",,302,"岡山県","倉敷市","児島駅前１丁目１０２番地",,33,202,7110921,,,,,,,2015-10-05,0,,,,,,0
733,3260002016180,11,0,2026-07-06,2026-06-24,"有限会社Ａｓｓｅｍｂｌａｇｅ",,302,"岡山県","倉敷市","児島駅前１丁目１０２番地",,33,202,7110921,,,,,,,2015-10-05,1,,,,,"アッサンブラージュ",0
734,3260005010742,12,0,2026-07-06,2026-07-01,"一般社団法人くろがね",,399,"岡山県","岡山市南区","下中野１４０１番地７",,33,104,7000973,,,,,,,2020-04-09,1,,,,,"クロガネ",0
735,3280001009679,01,0,2026-07-06,2026-07-06,"株式会社登進",,301,"島根県","松江市","西津田６丁目８－１西津田東ビル２階東側テナント",,32,201,6900017,,,,,,,2026-07-06,1,,,,,"トウシン",0
736,3290001002831,01,1,2026-07-06,2015-10-05,"株式会社川島弘文社",,301,"福岡県","福岡市中央区","浄水通１番１８－５０４号",,40,133,8100028,,,,,,,2015-10-05,1,,,,,"カワシマコウブンシャ",0
737,3290001099703,12,0,2026-07-06,2026-06-19,"株式会社ミチオコーポレーション",,301,"福岡県","福岡市東区","香椎照葉４丁目４番８－１１０２号",,40,131,8130017,,,,,,,2022-12-09,1,,,,,"ミチオコーポレーション",0
738,3290001114676,01,0,2026-07-06,2026-07-06,"株式会社ＢＭ",,301,"福岡県","福岡市城南区","別府団地１０番１－８１１号",,40,136,8140106,,,,,,,2026-07-06,1,,,,,"ビーエム",0
739,3290003011252,12,0,2026-07-06,2026-06-26,"株式会社Ｎｅｘｔａｇｅ",,301,"福岡県","飯塚市","柏の森１４６－１０",,40,205,8200011,,,,,,,2021-05-31,1,,,,,"ネクステージ",0
740,3290801022376,01,1,2026-07-06,2016-04-12,"株式会社こがねビレッジ",,301,"福岡県","北九州市小倉北区","黄金１丁目２番１号",,40,106,8020071,,,,,,,2016-04-12,1,,,,,"コガネビレッジ",0
741,3290801022491,01,1,2026-07-06,2016-05-06,"株式会社木村工務店",,301,"福岡県","北九州市小倉南区","企救丘６丁目１８番１３号",,40,107,8020981,,,,,,,2016-05-06,1,,,,,"キムラコウムテン",0
742,3290801027953,12,0,2026-07-06,2026-06-22,"株式会社ギタンジャリ",,301,"福岡県","北九州市小倉北区","大門１丁目３番１０号",,40,106,8030811,,,,,,,2021-11-02,1,,,,,"ギタンジャリ",0
743,3290802002402,01,1,2026-07-06,2015-10-05,"小倉植木有限会社",,302,"福岡県","北九州市小倉南区","葛原１丁目１番２３号",,40,107,8000251,,,,,,,2015-10-05,1,,,,,"コクラウエキ",0
744,3290802002666,21,0,2026-07-06,2026-06-26,"有限会社桜井設備",,302,"福岡県","北九州市戸畑区","西大谷２丁目１０番３６号",,40,105,8040032,,,2026-06-26,01,,,2015-10-05,1,,,,,"サクライセツビ",0
745,3290802004695,01,1,2026-07-06,2015-10-05,"有限会社なかた",,302,"福岡県","北九州市小倉北区","黒原２丁目３１番１１号",,40,106,8020051,,,,,,,2015-10-05,1,,,,,"ナカタ",0
746,3290802020809,12,0,2026-07-06,2026-06-29,"有限会社大協工業",,302,"福岡県","鞍手郡鞍手町","大字中山２２６３番地１",,40,402,8071312,,,,,,,2015-10-05,1,,,,,"ダイキョウコウギョウ",0
747,3290803004819,12,0,2026-07-06,2026-06-15,"合同会社ＫＡＷＡＲＩＭＥ",,305,"福岡県","北九州市八幡西区","八千代町１－７サンヒルズ八千代１０２",,40,109,8060023,,,,,,,2024-08-13,1,,,,,"カワリメ",0
748,3300002002226,01,1,2026-07-06,2015-10-05,"有限会社アイディプロ",,302,"佐賀県","佐賀市","鍋島町大字森田２１０番地",,41,201,8490936,,,,,,,2015-10-05,1,,,,,"アイディプロ",0
749,3310001014007,01,1,2026-07-06,2016-01-07,"株式会社ＩＫＥＤＡ",,301,"長崎県","佐世保市","矢峰町１０２０番地",,42,202,8570133,,,,,,,2016-01-07,1,,,,,"イケダ",0
750,3310002000360,01,1,2026-07-06,2015-10-05,"有限会社池本商会",,302,"長崎県","長崎市","界２丁目３番２２号",,42,201,8510122,,,,,,,2015-10-05,1,,,,,"イケモトショウカイ",0
751,3310002019673,01,1,2026-07-06,2015-10-05,"有限会社魚義",,302,"長崎県","松浦市","御厨町里免３５０番地１",,42,208,8594752,,,,,,,2015-10-05,1,,,,,"ウオヨシ",0
752,3320001021786,01,0,2026-07-06,2026-07-06,"株式会社ＶＥＲＴＥＸ",,301,"大分県","大分市","都町２丁目４番２１号都プラザ５０３",,44,201,8700034,,,,,,,2026-07-06,1,,,,,"バーテックス",0
753,3330002017460,11,0,2026-07-06,2026-06-24,"熊本ロジネット株式会社",,301,"熊本県","菊池市","泗水町吉富３２１５番地２５",,43,210,8611201,,,,,,,2015-10-05,1,,,,,"クマモトロジネット",0
754,3330005000257,01,1,2026-07-06,2015-10-05,"池上日吉神社",,399,"熊本県","熊本市西区","池上町１３７０番地",,43,103,8600048,,,,,,,2015-10-05,1,,,,,"イケノウエヒヨシジンジャ",0
755,3340001028268,01,0,2026-07-06,2026-07-06,"安大工務店株式会社",,301,"鹿児島県","鹿児島市","喜入町３８１番地１",,46,201,8910203,,,,,,,2026-07-06,1,,,,,"アンダイコウムテン",0
756,3340001028276,01,0,2026-07-06,2026-07-06,"株式会社アスピレーショングループ",,301,"鹿児島県","姶良市","加治木町新富町２１０－５グッドイン加治木１Ｆ",,46,225,8995211,,,,,,,2026-07-06,1,,,,,"アスピレーショングループ",0
757,3340002010497,21,0,2026-07-06,2026-06-26,"有限会社鹿成通信",,302,"鹿児島県","鹿児島市","小川町２２番１７号",,46,201,8920817,,,2026-06-26,01,,,2015-10-05,1,,,,,"ロクセイツウシン",0
758,3360001036946,01,0,2026-07-06,2026-07-06,"仲間不動産株式会社",,301,"沖縄県","沖縄市","知花６丁目１１番４０号１Ｆ",,47,211,9042143,,,,,,,2026-07-06,1,,,,,"ナカマフドウサン",0
759,3360003016013,01,0,2026-07-06,2026-07-06,"合同会社ＫＵＴＡＮＤＡ",,305,"沖縄県","宜野湾市","宇地泊２丁目２１番３５号",,47,205,9012227,,,,,,,2026-07-06,1,,,,,"クタンダ",0
760,3370001053949,01,0,2026-07-06,2026-07-06,"株式会社佐藤住設",,301,"宮城県","栗原市","築館字留場中川原３６番地２",,04,213,9872272,,,,,,,2026-07-06,1,,,,,"サトウジュウセツ",0
761,3370001053973,01,0,2026-07-06,2026-07-06,"Ｓｅｎｄ‐Ｉ株式会社",,301,"宮城県","仙台市青葉区","本町２丁目１７番３号花泉ビル",,04,101,9800014,,,,,,,2026-07-06,1,,,,,"センドアイ",0
762,3370105001011,01,1,2026-07-06,2015-10-05,"龍雲寺",,399,"宮城県","柴田郡川崎町","大字小野字龍雲寺前１８番地",,04,324,9891505,,,,,,,2015-10-05,1,,,,,"リュウウンジ",0
763,3380003002044,01,1,2026-07-06,2015-10-05,"合同会社たすき",,305,"福島県","大沼郡三島町","大字宮下字宮下２６２番地の１",,07,444,9697511,,,,,,,2015-10-05,1,,,,,"タスキ",0
764,3400001017462,01,0,2026-07-06,2026-07-06,"株式会社マルセンファーム",,301,"岩手県","滝沢市","後２６８番地５５３",,03,216,0200601,,,,,,,2026-07-06,1,,,,,"マルセンファーム",0
765,3400002006753,01,1,2026-07-06,2015-10-05,"有限会社めがねのトップアイ",,302,"岩手県","盛岡市","三ツ割５丁目１０番２１号",,03,201,0200011,,,,,,,2015-10-05,1,,,,,"メガネノトップアイ",0
766,3420001000350,71,0,2026-07-06,2026-07-01,"青森みちのくリース株式会社",,301,"青森県","青森市","橋本１丁目４番１０号",,02,201,0300823,,,,,,"令和８年７月１日青森市橋本一丁目４番１０号みちのくリース株式会社（5420001002031）を合併",2015-10-05,1,,,,,"アオモリミチノクリース",0
767,3430001096058,12,0,2026-07-06,2026-07-01,"ニチメンライフパートナーズ株式会社",,301,"北海道","札幌市北区","太平十二条１丁目１番１号",,01,102,0028012,,,,,,,2026-01-15,1,,,,,"ニチメンライフパートナーズ",0
768,3430001097238,01,0,2026-07-06,2026-07-06,"株式会社アリス",,301,"北海道","札幌市南区","常盤三条２丁目１８番３号",,01,106,0050853,,,,,,,2026-07-06,1,,,,,"アリス",0
769,3430002060954,21,0,2026-07-06,2026-06-30,"有限会社ユウケイ工業",,302,"北海道","苫小牧市","字沼ノ端９１９番地の５４",,01,213,0591364,,,2026-06-30,01,,,2015-10-05,1,,,,,"ユウケイコウギョウ",0
770,3430003019124,01,0,2026-07-06,2026-07-06,"合同会社藤商",,305,"北海道","札幌市中央区","北十六条西１５丁目３番６号",,01,101,0600016,,,,,,,2026-07-06,1,,,,,"フジショウ",0
771,3430003019132,01,0,2026-07-06,2026-07-06,"合同会社ユザワ",,305,"北海道","札幌市豊平区","西岡三条６丁目４番１８号",,01,105,0620033,,,,,,,2026-07-06,1,,,,,"ユザワ",0
772,3430005015518,01,0,2026-07-06,2026-07-06,"一般社団法人北海道グローバルコミュニティ",,399,"北海道","札幌市東区","北八条東４丁目１番２０号サツドラホールディングス株式会社本社２階ＥＺＯＨＵＢ　ＳＡＰＰＯＲＯ",,01,103,0600908,,,,,,,2026-07-06,1,,,,,"ホッカイドウグローバルコミュニティ",0
773,3450002000561,21,0,2026-07-06,2026-07-01,"有限会社イースト宅建",,302,"北海道","旭川市","東光四条５丁目５番１５号",,01,204,0788344,,,2026-07-01,01,,,2015-10-05,1,,,,,"イーストタッケン",0
774,3450002010016,01,1,2026-07-06,2015-10-05,"有限会社三喜屋洋品店",,302,"北海道","名寄市","風連町本町６８番地",,01,221,0980504,,,,,,,2015-10-05,1,,,,,"ミキヤヨウヒンテン",0
775,3450003002838,01,0,2026-07-06,2026-07-06,"合同会社ツキハ",,305,"北海道","旭川市","神楽六条１丁目４番１１号",,01,204,0708006,,,,,,,2026-07-06,1,,,,,,0
776,3470003003140,01,0,2026-07-06,2026-07-06,"合同会社ＤＢＪ",,305,"香川県","善通寺市","原田町６４７番地２０",,37,204,7650032,,,,,,,2026-07-06,1,,,,,"ディービージェー",0
777,3480001005749,21,0,2026-07-06,2026-06-30,"徳島梱包輸送株式会社",,301,"徳島県","鳴門市","大津町矢倉字六ノ越３２番地",,36,202,7720035,,,2026-06-30,01,,,2015-10-05,1,,,,,"トクシマコンポウユソウ",0
778,3480001009626,01,1,2026-07-06,2016-04-19,"株式会社エムテクノ",,301,"徳島県","板野郡上板町","高瀬９７８番地１０",,36,405,7711347,,,,,,,2016-04-19,1,,,,,"エムテクノ",0
779,3490005006932,01,1,2026-07-06,2024-04-11,"一般社団法人海ギャラＣＨＩＬＬ　ＯＵＴ",,399,"高知県","土佐清水市","竜串２３番８号",,39,209,7870452,,,,,,,2024-04-11,1,,,,,"ウミギャラチルアウト",0
780,3500001015869,01,1,2026-07-06,2015-10-05,"株式会社オフィストラスト",,301,"愛媛県","宇和島市","恵美須町１丁目６番１０号伊達ビル１Ｆ",,38,203,7980032,,,,,,,2015-10-05,1,,,,,"オフィストラスト",0
781,4010001011529,21,0,2026-07-06,2026-06-22,"株式会社ウエルズ",,301,"東京都","千代田区","神田多町２丁目３番５号",,13,101,1010046,,,2026-06-22,01,,,2015-10-05,1,,,,,"ウエルズ",0
782,4010001053026,01,1,2026-07-06,2015-10-05,"ナシヨナル商事株式会社",,301,"東京都","千代田区","五番町１２番地４",,13,101,1020076,,,,,,,2015-10-05,1,,,,,"ナショナルショウジ",0
783,4010001077636,21,0,2026-07-06,2026-06-18,"株式会社フォーカス・ワン",,301,"東京都","千代田区","神田神保町１丁目１６番９号",,13,101,1010051,,,2026-06-18,01,,,2015-10-05,1,,,,,"フォーカスワン",0
784,4010001186701,01,1,2026-07-06,2017-10-05,"キョーリン製薬グループ工場株式会社",,301,"東京都","千代田区","神田駿河台４丁目６番地",,13,101,1010062,,,,,,,2017-10-05,0,,,,,"キョーリンセイヤクグループコウジョウ",0
785,4010001186701,71,1,2026-07-06,2018-04-02,"キョーリン製薬グループ工場株式会社",,301,"東京都","千代田区","神田駿河台４丁目６番地",,13,101,1010062,,,,,,"平成３０年４月１日滋賀県甲賀市水口町笹が丘１番地４キョーリン製薬グループ工場株式会社（4160001016637）を合併",2017-10-05,0,,,,,"キョーリンセイヤクグループコウジョウ",0
786,4010001186701,71,1,2026-07-06,2020-04-01,"キョーリン製薬グループ工場株式会社",,301,"東京都","千代田区","神田駿河台４丁目６番地",,13,101,1010062,,,,,,"令和２年４月１日東京都千代田区神田司町二丁目２番地１１キョーリンメディカルサプライ株式会社（3011101027820）を合併",2017-10-05,0,,,,,"キョーリンセイヤクグループコウジョウ",0
787,4010001186701,12,1,2026-07-06,2024-05-07,"キョーリン製薬グループ工場株式会社",,301,"東京都","千代田区","大手町１丁目３番７号",,13,101,1000004,,,,,,,2017-10-05,1,,,,,"キョーリンセイヤクグループコウジョウ",0
788,4010001213042,12,0,2026-07-06,2026-07-01,"株式会社Ｄｉｚ",,301,"埼玉県","ふじみ野市","うれし野１丁目６番１２－３０６号",,11,245,3560056,,,,,,,2020-10-14,1,,,,,"ディズ",0
789,4010001222530,12,0,2026-07-06,2026-06-15,"Ｊｕｎｏ株式会社",,301,"東京都","千代田区","有楽町１丁目７番１号有楽町電気ビル北館１３階スリーアイズキャピタル株式会社内",,13,101,1000006,,,,,,,2021-11-17,1,,,,,"ジュノ",0
790,4010001222555,12,0,2026-07-06,2026-06-17,"Ｘ　Ｖｉｓｉｏｎ株式会社",,301,"東京都","中央区","京橋２丁目７番８号２階",,13,102,1040031,,,,,,,2021-11-18,1,,,,,"エックスビジョン",0
791,4010001235656,12,0,2026-07-06,2026-07-01,"株式会社東北十和田青葉会",,301,"東京都","港区","虎ノ門２丁目４番７号Ｔ－ＬＩＴＥ１３階",,13,103,1050001,,,,,,,2023-05-29,1,,,,,"トウホクトワダアオバカイ",0
792,4010001241976,12,0,2026-07-06,2026-06-15,"Ｏｐｓ株式会社",,301,"東京都","千代田区","有楽町１丁目７番１号有楽町電気ビル北館１３階スリーアイズキャピタル株式会社内",,13,101,1000006,,,,,,,2024-02-02,1,,,,,"オプス",0
793,4010001244789,12,0,2026-07-06,2026-06-15,"Ｐａｌｌａｓ株式会社",,301,"東京都","千代田区","有楽町１丁目７番１号有楽町電気ビル北館１３階スリーアイズキャピタル株式会社内",,13,101,1000006,,,,,,,2024-05-14,1,,,,,"パラス",0
794,4010001250837,21,0,2026-07-06,2026-06-15,"育川株式会社",,301,"東京都","文京区","音羽１丁目２３－１２第一晃和堂ビル４１５号室",,13,105,1120013,,,2026-06-15,01,,,2024-12-18,1,,,,,"イクガワ",0
795,4010001258748,12,0,2026-07-06,2026-06-30,"家楽商事株式会社",,301,"東京都","港区","南青山２丁目１１番１４号５階",,13,103,1070062,,,,,,,2025-09-29,1,,,,,"カラクショウジ",0
796,4010001266750,01,0,2026-07-06,2026-07-06,"株式会社ｈｅｄｇｅｈｏｇ",,301,"東京都","文京区","水道１丁目２番２２号水道住宅２０６",,13,105,1120005,,,,,,,2026-07-06,1,,,,,"ヘッジホッグ",0
797,4010001267030,01,0,2026-07-06,2026-07-06,"株式会社ＧＬＩＱ",,301,"東京都","中央区","銀座１丁目２２番１１号銀座大竹ビジデンス２Ｆ",,13,102,1040061,,,,,,,2026-07-06,1,,,,,"グリック",0
798,4010002047704,01,1,2026-07-06,2015-10-05,"有限会社沖倉商店",,302,"東京都","三宅島三宅村","阿古６９１番地１",,13,381,1001212,,,,,,,2015-10-05,1,,,,,"オキクラショウテン",0
799,4010003041441,12,0,2026-07-06,2026-06-18,"ｉプロパティ１４合同会社",,305,"東京都","千代田区","有楽町１丁目７番１号北館１３階スリーアイズキャピタル株式会社内",,13,101,1000006,,,,,,,2023-08-23,1,,,,,"アイプロパティフォーティーン",0
800,4010003043339,21,0,2026-07-06,2026-06-17,"合同会社ＪＯＵＲＮＥＹ",,305,"東京都","中央区","日本橋室町１丁目１１番１２号日本橋水野ビル７階",,13,102,1030022,,,2026-06-17,01,,,2024-03-28,1,,,,,"ジャーニー",0
801,4010003044972,12,0,2026-07-06,2026-06-18,"ｉプロパティ１８合同会社",,305,"東京都","千代田区","有楽町１丁目７番１号北館１３階スリーアイズキャピタル株式会社内",,13,101,1000006,,,,,,,2024-09-20,1,,,,,"アイプロパティエイティーン",0
802,4010003046424,21,0,2026-07-06,2026-06-17,"合同会社ＫＲＦ１１２",,305,"東京都","千代田区","内幸町２丁目１番６号",,13,101,1000011,,,2026-06-17,01,,,2025-02-19,1,,,,,"ケイアールエフヒャクジュウニ",0
803,4010003047380,12,0,2026-07-06,2026-06-18,"ｉプロパティ２１合同会社",,305,"東京都","千代田区","有楽町１丁目７番１号北館１３階スリーアイズキャピタル株式会社内",,13,101,1000006,,,,,,,2025-05-19,1,,,,,"アイプロパティトゥエンティワン",0
804,4010003048874,12,0,2026-07-06,2026-06-18,"ｉプロパティ２５合同会社",,305,"東京都","千代田区","有楽町１丁目７番１号北館１３階スリーアイズキャピタル株式会社内",,13,101,1000006,,,,,,,2025-10-02,1,,,,,"アイプロパティトゥエンティファイブ",0
805,4010003049261,12,0,2026-07-06,2026-06-18,"ｉプロパティ２６合同会社",,305,"東京都","千代田区","有楽町１丁目７番１号北館１３階スリーアイズキャピタル株式会社内",,13,101,1000006,,,,,,,2025-10-31,1,,,,,"アイプロパティトゥエンティシックス",0
806,4010005042058,01,0,2026-07-06,2026-07-06,"一般社団法人ＭＫトラスト１",,399,"東京都","千代田区","一ツ橋２丁目６番３号アクシスインベストメントアドバイザーズ株式会社内",,13,101,1010003,,,,,,,2026-07-06,1,,,,,"エムケートラストワン",0
807,4010005042074,01,0,2026-07-06,2026-07-06,"一般社団法人アケボノ・スリー",,399,"東京都","千代田区","内幸町２丁目１番６号",,13,101,1000011,,,,,,,2026-07-06,1,,,,,"アケボノスリー",0
808,4010005042090,01,0,2026-07-06,2026-07-06,"一般社団法人鋸岳",,399,"東京都","千代田区","丸の内１丁目４番１号東京共同会計事務所内",,13,101,1000005,,,,,,,2026-07-06,1,,,,,"ノコギリダケ",0
809,4010101014910,21,0,2026-07-06,2026-06-29,"羽川商事株式会社",,301,"東京都","大田区","東海３丁目７番３号東海ビル",,13,111,1430001,,,2026-06-29,01,,,2021-10-18,1,,,,,"ハガワショウジ",0
810,4010401068887,12,0,2026-07-06,2026-07-02,"Ｔｒａｎｓｆｏｒｍ　Ｎｅｘｕｓ株式会社",,301,"東京都","千代田区","大手町１丁目７番２号東京サンケイビル２７階",,13,101,1000004,,,,,,,2015-10-05,1,,,,,"トランスフォームネクサス",0
811,4010401125390,01,1,2026-07-06,2016-06-16,"株式会社グノクロス",,301,"東京都","港区","六本木３丁目４－３３マルマン六本木ビル３Ｆ",,13,103,1060032,,,,,,,2016-06-16,1,"GUENOCROSS INC.","Tokyo","3-4-33, Roppongi Maruman Roppongi Bldg. 3F., Minato ku",,"グノクロス",0
812,4010401155603,12,0,2026-07-06,2026-07-02,"株式会社ＲＹＤＥＡＬ",,301,"東京都","渋谷区","東２丁目１８番７号渋谷アトウビル４０２",,13,113,1500011,,,,,,,2020-10-27,1,,,,,"リディアル",0
813,4010401169041,12,0,2026-07-06,2026-07-01,"株式会社ヒロインターナショナル",,301,"東京都","港区","南青山２丁目３番３号",,13,103,1070062,,,,,,,2022-08-18,1,,,,,"ヒロインターナショナル",0
814,4010401173373,12,0,2026-07-06,2026-07-02,"Ｂｏｉｓｓｅｔ　Ｊａｐａｎ株式会社",,301,"東京都","千代田区","神田神保町２丁目１１番１５号住友商事神保町ビル２階",,13,101,1010051,,,,,,,2023-03-30,1,,,,,"ボワセジャパン",0
815,4010401184123,21,0,2026-07-06,2026-06-12,"Ｖｉｔａｂｒｅｅ株式会社",,301,"東京都","港区","南青山３丁目１番３６号青山丸竹ビル６階",,13,103,1070062,,,2026-06-12,01,,,2024-08-05,1,,,,,"ヴィタブリー",0
816,4010401195310,12,0,2026-07-06,2026-06-15,"株式会社Ｓｙｎｅｒｇｙ　ｅｆｆｅｃｔ",,301,"東京都","港区","北青山１丁目３番３号三橋ビル３階",,13,103,1070061,,,,,,,2025-12-22,1,,,,,"シナジーエフェクト",0
817,4010401199939,01,0,2026-07-06,2026-07-06,"ＪＩＡＲＥ第１３号株式会社",,301,"東京都","港区","赤坂１丁目８番１号",,13,103,1070052,,,,,,,2026-07-06,1,,,,,"ジェイアイエーアールイーダイジュウサンゴウ",0
818,4010401200177,01,0,2026-07-06,2026-07-06,"エキストラ株式会社",,301,"東京都","港区","芝５丁目３１番１７号ＰＭＯ田町",,13,103,1080014,,,,,,,2026-07-06,1,,,,,"エキストラ",0
819,4010501056098,01,0,2026-07-06,2026-07-06,"株式会社ｍｅｇｕｍｏｇｕ",,301,"東京都","台東区","鳥越２丁目３番１－４０２号",,13,106,1110054,,,,,,,2026-07-06,1,,,,,"メグモグ",0
820,4010501056115,01,0,2026-07-06,2026-07-06,"Ｔ＆Ｋ　Ｌｕｋｅ株式会社",,301,"東京都","台東区","竜泉３丁目２６番８号",,13,106,1100012,,,,,,,2026-07-06,1,,,,,"ティーアンドケールーク",0
821,4010601037535,11,0,2026-07-06,2026-07-01,"ＩＢＩモビリティ株式会社",,301,"東京都","江東区","亀戸７丁目２４番１号",,13,108,1360071,,,,,,,2015-10-05,1,,,,,"アイビーアイモビリティ",0
822,4010601064612,01,1,2026-07-06,2024-02-08,"百悦メディカルヘルス株式会社",,301,"東京都","江東区","亀戸６丁目５９番１０号サンシャレード亀戸５０１号室",,13,108,1360071,,,,,,,2024-02-08,0,,,,,"ヒャクエツメディカルヘルス",0
823,4010601064612,12,1,2026-07-06,2025-07-31,"百悦メディカルヘルス株式会社",,301,"東京都","港区","麻布十番２丁目１１－５麻布新和ビル４０１号室",,13,103,1060045,,,,,,,2024-02-08,0,,,,,"ヒャクエツメディカルヘルス",0
824,4010601064612,11,1,2026-07-06,2025-10-06,"Ｆａｖｏｒｉｔｅ　Ｂａｙ株式会社",,301,"東京都","港区","麻布十番２丁目１１－５麻布新和ビル４０１号室",,13,103,1060045,,,,,,,2024-02-08,1,,,,,"フェーバリットベイ",0
825,4010603012354,01,0,2026-07-06,2026-07-06,"魚真合同会社",,305,"東京都","墨田区","墨田４丁目１番２号",,13,107,1310031,,,,,,,2026-07-06,1,,,,,"ウオマサ",0
826,4010803001454,12,0,2026-07-06,2026-06-29,"株式会社ＯＺＴＥＣ",,301,"東京都","大田区","蒲田５丁目２１－１３ペガサスステーションプラザ蒲田Ｂ２",,13,111,1440052,,,,,,,2015-10-05,1,,,,,"オズテック",0
827,4010803005892,01,0,2026-07-06,2026-07-06,"合同会社Ｎｏｒａｎｅｋｏ　Ｌａｂ",,305,"東京都","大田区","山王２丁目１１－４－２０２",,13,111,1430023,,,,,,,2026-07-06,1,,,,,"ノラネコラボ",0
828,4010901006974,12,0,2026-07-06,2026-06-24,"株式会社ダイメイ",,301,"東京都","世田谷区","南烏山３丁目１６番２号",,13,112,1570062,,,,,,,2015-10-05,1,,,,,"ダイメイ",0
829,4010901059816,01,0,2026-07-06,2026-07-06,"株式会社Ｗｉｎａｒｃ",,301,"東京都","世田谷区","下馬６丁目５１－３フォレスト学芸大学１０６",,13,112,1540002,,,,,,,2026-07-06,1,,,,,"ウィナーク",0
830,4010901059849,01,0,2026-07-06,2026-07-06,"ＡＢＣ株式会社",,301,"東京都","世田谷区","成城２丁目１０－８ＳＤＣ３０４",,13,112,1570066,,,,,,,2026-07-06,1,,,,,"エービーシー",0
831,4011001034107,21,0,2026-07-06,2026-07-01,"株式会社ファクトリアル",,301,"東京都","三鷹市","下連雀３丁目４３番３号",,13,204,1810013,,,2026-07-01,11,7010001161164,"令和８年６月１日東京都千代田区大手町一丁目２番１号株式会社アイデミー（7010001161164）に合併し解散",2015-10-05,1,,,,,"ファクトリアル",0
832,4011001046705,01,1,2026-07-06,2015-10-05,"株式会社エムクルー",,301,"東京都","渋谷区","千駄ヶ谷３丁目５９番８号",,13,113,1510051,,,,,,,2015-10-05,1,,,,,"エムクルー",0
833,4011001170141,12,0,2026-07-06,2026-06-10,"株式会社ＭｃＣａｉｎ　Ａｄｖｉｓｏｒｙ",,301,"東京都","千代田区","丸の内１丁目８－３丸の内トラストタワー本館２０階",,13,101,1000005,,,,,,,2025-06-27,1,,,,,"マックケインアドバイザリー",0
834,4011001176320,12,0,2026-07-06,2026-06-18,"ｆｏｃＡｓ　ｆｕｔｕｒｅ株式会社",,301,"東京都","渋谷区","代々木１丁目２５番５号ＢＩＺＳＭＡＲＴ代々木",,13,113,1510053,,,,,,,2026-03-26,1,,,,,"フォーカスフューチャー",0
835,4011001178985,01,0,2026-07-06,2026-07-06,"紫電一閃株式会社",,301,"東京都","渋谷区","円山町５番３号ＭＩＥＵＸ渋谷ビル８階",,13,113,1500044,,,,,,,2026-07-06,1,,,,,"シデンイッセン",0
836,4011001179042,01,0,2026-07-06,2026-07-06,"株式会社ＶＡＲＥ",,301,"東京都","渋谷区","広尾１丁目２番地１号ヒカリビル４階",,13,113,1500012,,,,,,,2026-07-06,1,,,,,"ヴェール",0
837,4011002013415,12,0,2026-07-06,2026-06-17,"有限会社白鳳堂表装店",,302,"東京都","渋谷区","東２丁目２８番６号",,13,113,1500011,,,,,,,2015-10-05,1,,,,,"ハクホウドウヒョウソウテン",0
838,4011003017935,12,0,2026-07-06,2026-06-12,"株式会社ＮＯＵＬ",,301,"東京都","港区","赤坂２丁目１４－１１",,13,103,1070052,,,,,,,2023-11-15,1,,,,,"ノウル",0
839,4011003022927,12,0,2026-07-06,2026-06-11,"合同会社ヤード",,305,"東京都","渋谷区","千駄ヶ谷３丁目３番１６－７０２号",,13,113,1510051,,,,,,,2025-11-10,1,,,,,"ヤード",0
840,4011003024816,01,0,2026-07-06,2026-07-06,"Ｔｓｕｍｕｇｕ合同会社",,305,"東京都","渋谷区","円山町５番３号ＭＩＥＵＸ渋谷ビル８階",,13,113,1500044,,,,,,,2026-07-06,1,,,,,"ツムグ",0
841,4011101001766,12,0,2026-07-06,2026-06-26,"株式会社勇駒",,301,"東京都","渋谷区","神宮前６丁目３４番２３号",,13,113,1500001,,,,,,,2015-10-05,1,,,,,"イサコマ",0
842,4011101090462,21,0,2026-07-06,2026-07-01,"ラストマン株式会社",,301,"山口県","防府市","大字佐野１８１－１",,35,206,7470067,,,2026-07-01,01,,,2020-02-19,1,,,,,"ラストマン",0
843,4011101116457,01,0,2026-07-06,2026-07-06,"株式会社ＢＬＡＺＥ　ＬＡＢ",,301,"東京都","新宿区","百人町２丁目２－４１－１０２",,13,104,1690073,,,,,,,2026-07-06,1,,,,,"ブレイズラボ",0
844,4011105002703,12,0,2026-07-06,2026-07-01,"特定非営利活動法人起業家ホットライン",,399,"東京都","中野区","本町４丁目４４番１４号",,13,114,1640012,,,,,,,2015-10-05,1,,,,,"キギョウカホットライン",0
845,4011201027257,01,0,2026-07-06,2026-07-06,"株式会社ＣＯＲＥ　ＦＩＥＬＤ",,301,"東京都","中野区","沼袋４丁目２９番１７号",,13,114,1650025,,,,,,,2026-07-06,1,,,,,"コアフィールド",0
846,4011301031646,01,0,2026-07-06,2026-07-06,"株式会社ＳＧＫ",,301,"東京都","杉並区","阿佐谷南３丁目２０番２号",,13,115,1660004,,,,,,,2026-07-06,1,,,,,,0
847,4011301031662,01,0,2026-07-06,2026-07-06,"ファーストライトインダストリー株式会社",,301,"東京都","杉並区","和泉４丁目１５番３号",,13,115,1680063,,,,,,,2026-07-06,1,,,,,"ファーストライトインダストリー",0
848,4011501019805,12,0,2026-07-06,2026-07-02,"アース千代田株式会社",,301,"東京都","千代田区","内神田３丁目４番１４号",,13,101,1010047,,,,,,,2015-10-05,1,,,,,"アースチヨダ",0
849,4011501030968,12,0,2026-07-06,2026-07-02,"株式会社Ｚｏｒｏ",,301,"埼玉県","蕨市","塚越５丁目５０－９－１０２号",,11,223,3350002,,,,,,,2024-07-25,1,,,,,"ゾロ",0
850,4011502015456,12,0,2026-07-06,2026-07-02,"有限会社サイバーゼット",,302,"東京都","葛飾区","東堀切３丁目２番７号",,13,122,1240004,,,,,,,2015-10-05,1,,,,,"サイバーゼット",0
851,4011601029720,01,0,2026-07-06,2026-07-06,"株式会社ＥＮ",,301,"東京都","練馬区","中村南２丁目３番９号",,13,120,1760025,,,,,,,2026-07-06,1,,,,,"イーエヌ",0
852,4011701009548,12,0,2026-07-06,2026-07-02,"株式会社ＨＩＧＨ　ＢＲＩＤＧＥ",,301,"東京都","千代田区","三番町２０番地１",,13,101,1020075,,,,,,,2015-10-05,1,,,,,"ハイブリッジ",0
853,4011701013392,12,0,2026-07-06,2026-07-02,"ファンタジスタ株式会社",,301,"埼玉県","草加市","長栄３丁目３番地１",,11,221,3400051,,,,,,,2015-10-05,1,,,,,"ファンタジスタ",0
854,4011801048099,01,0,2026-07-06,2026-07-06,"株式会社ＡＪＴＣ",,301,"東京都","葛飾区","亀有１丁目１０番２－５１０号",,13,122,1250061,,,,,,,2026-07-06,1,,,,,"エージェイティーシー",0
855,4011803007508,01,0,2026-07-06,2026-07-06,"合同会社マスタープラン・マネジメント",,305,"東京都","葛飾区","亀有４丁目１８－１０",,13,122,1250061,,,,,,,2026-07-06,1,,,,,"マスタープランマネジメント",0
856,4012403007856,01,0,2026-07-06,2026-07-06,"合同会社めぐり",,305,"東京都","三鷹市","井の頭１丁目２７番２号",,13,204,1810001,,,,,,,2026-07-06,1,,,,,"メグリ",0
857,4012801006914,21,0,2026-07-06,2026-07-01,"第一ハウス工業株式会社",,301,"東京都","立川市","砂川町８丁目３６番地の１０",,13,202,1900031,,,2026-07-01,01,,,2015-10-05,1,,,,,"ダイイチハウスコウギョウ",0
858,4013301053595,12,0,2026-07-06,2026-06-29,"株式会社リプロジャパン",,301,"東京都","豊島区","東池袋２丁目５０番１３号マガザン東池袋６階",,13,116,1700013,,,,,,,2025-01-06,1,,,,,"リプロジャパン",0
859,4013301056417,01,0,2026-07-06,2026-07-06,"株式会社インテグラル・ガバナンス",,301,"東京都","豊島区","雑司が谷１丁目１３番６号",,13,116,1710032,,,,,,,2026-07-06,1,,,,,"インテグラルガバナンス",0
860,4013303008267,11,0,2026-07-06,2026-07-02,"合同会社リビングサポート",,305,"東京都","豊島区","西池袋１丁目３８番６号西池袋ＴＹビル８Ｆ",,13,116,1710021,,,,,,,2026-06-10,1,,,,,"リビングサポート",0
861,4020001116161,01,1,2026-07-06,2016-05-13,"株式会社オフィスＩ＆Ａ",,301,"神奈川県","横浜市港北区","大豆戸町４９２番地１菊名スカイマンションＡ棟６０７号",,14,109,2220032,,,,,,,2016-05-13,0,,,,,"オフィスアイアンドエー",0
862,4020001116161,12,1,2026-07-06,2017-09-19,"株式会社オフィスＩ＆Ａ",,301,"神奈川県","横浜市磯子区","岡村１丁目２９番３０号",,14,107,2350021,,,,,,,2016-05-13,1,,,,,"オフィスアイアンドエー",0
863,4020001169300,01,0,2026-07-06,2026-07-06,"ＧＲＡＭＯＲＰＨ株式会社",,301,"神奈川県","横浜市西区","浅間町１丁目４番３号ウィザードビル４０２",,14,103,2200072,,,,,,,2026-07-06,1,,,,,"グラモルフ",0
864,4020001169341,01,0,2026-07-06,2026-07-06,"株式会社ＫＭＳリアルエステート",,301,"神奈川県","横浜市戸塚区","戸塚町１２７１番地２３",,14,110,2440003,,,,,,,2026-07-06,1,,,,,"ケーエムエスリアルエステート",0
865,4020002017986,01,1,2026-07-06,2015-10-05,"有限会社荒井管工",,302,"神奈川県","横浜市港南区","日野南１丁目１番２５号",,14,111,2340055,,,,,,,2015-10-05,1,,,,,"アライカンコウ",0
866,4020002020899,12,0,2026-07-06,2026-06-24,"有限会社角菱製作所",,302,"神奈川県","川崎市中原区","上平間１４０２番地",,14,133,2110013,,,,,,,2015-10-05,1,,,,,"カクビシセイサクジョ",0
867,4020002024941,01,1,2026-07-06,2015-10-05,"有限会社丸山商会",,302,"神奈川県","横浜市金沢区","幸浦２丁目１５番地３",,14,108,2360003,,,,,,,2015-10-05,1,,,,,"マルヤマショウカイ",0
868,4020003030757,12,0,2026-07-06,2026-06-24,"合同会社エスミット",,305,"神奈川県","横浜市中区","尾上町６丁目８７－１－７－Ｂ",,14,104,2310015,,,,,,,2026-04-13,1,,,,,"エスミット",0
869,4020003031334,01,0,2026-07-06,2026-07-06,"合同会社ｇｕｕ",,305,"神奈川県","川崎市宮前区","犬蔵２丁目３２－１Ｅ３２５",,14,136,2160011,,,,,,,2026-07-06,1,,,,,"グゥ",0
870,4020003031342,01,0,2026-07-06,2026-07-06,"スマジャジャパン合同会社",,305,"神奈川県","横浜市中区","本牧和田１３番２７号",,14,104,2310827,,,,,,,2026-07-06,1,,,,,"スマジャジャパン",0
871,4020003031391,01,0,2026-07-06,2026-07-06,"合同会社ＴＤＭ",,305,"神奈川県","川崎市高津区","二子１丁目１７番１－１３０４号",,14,134,2130002,,,,,,,2026-07-06,1,,,,,"ティディエム",0
872,4020005012241,21,0,2026-07-06,2026-06-29,"一般社団法人Ｐｅａｃｅ　Ｃｏｍｂ",,399,"神奈川県","横浜市西区","岡野１丁目１０番３号ストーク横浜参番館４０１号室",,14,103,2200073,,,2026-06-29,01,,,2015-10-05,1,,,,,"ピースコム",0
873,4021001088580,01,0,2026-07-06,2026-07-06,"株式会社アーチ・フォー・トゥモロー",,301,"神奈川県","相模原市中央区","田名７４４３番地１",,14,152,2520244,,,,,,,2026-07-06,1,,,,,"アーチフォートゥモロー",0
874,4021001088597,01,0,2026-07-06,2026-07-06,"株式会社ＯＮＥ　ＳＴＥＰ",,301,"神奈川県","茅ヶ崎市","東海岸南２丁目２番１号内藤ビル１Ｆ－Ｂ",,14,207,2530054,,,,,,,2026-07-06,1,,,,,"ワンステップ",0
875,4021003017661,01,0,2026-07-06,2026-07-06,"ＺＡＩ合同会社",,305,"神奈川県","愛甲郡愛川町","三増１７００番地１３",,14,401,2430308,,,,,,,2026-07-06,1,,,,,"ザイ",0
876,4030001017375,11,0,2026-07-06,2026-06-23,"株式会社電創リアリティ",,301,"埼玉県","さいたま市南区","松本４丁目６番１５号",,11,108,3360035,,,,,,,2015-10-05,1,,,,,,0
877,4030001063205,01,1,2026-07-06,2015-10-05,"ユークリッドラボ株式会社",,301,"埼玉県","朝霞市","根岸台４丁目１番３３号",,11,227,3510005,,,,,,,2015-10-05,0,,,,,,0
878,4030001063205,11,1,2026-07-06,2015-11-05,"株式会社Ｓｐｅｃｔｅｅ",,301,"埼玉県","朝霞市","根岸台４丁目１番３３号",,11,227,3510005,,,,,,,2015-10-05,0,,,,,"スペクティ",0
879,4030001063205,12,1,2026-07-06,2016-08-19,"株式会社Ｓｐｅｃｔｅｅ",,301,"東京都","新宿区","新宿３丁目１番１３号",,13,104,1600022,,,,,,,2015-10-05,0,,,,,"スペクティ",0
880,4030001063205,12,1,2026-07-06,2017-09-29,"株式会社Ｓｐｅｃｔｅｅ",,301,"東京都","新宿区","荒木町５番４号",,13,104,1600007,,,,,,,2015-10-05,0,,,,,"スペクティ",0
881,4030001063205,12,1,2026-07-06,2019-06-18,"株式会社Ｓｐｅｃｔｅｅ",,301,"東京都","千代田区","五番町１２－３",,13,101,1020076,,,,,,,2015-10-05,1,,,,,"スペクティ",0
882,4030001150886,12,0,2026-07-06,2026-06-24,"株式会社フレキシブル",,301,"埼玉県","越谷市","大字袋山１４２２番地５",,11,222,3430032,,,,,,,2022-11-08,1,,,,,"フレキシブル",0
883,4030001165141,12,0,2026-07-06,2026-06-23,"株式会社ＨＲＫ",,301,"埼玉県","熊谷市","上中条１４１０番地１",,11,202,3600001,,,,,,,2025-03-04,1,,,,,"エイチアールケー",0
884,4030001173094,01,0,2026-07-06,2026-07-06,"株式会社Ｒｅｍａｔｅ",,301,"埼玉県","本庄市","東台２丁目３－１ＫＲＳ本庄ビル１Ｆ",,11,211,3670021,,,,,,,2026-07-06,1,,,,,"レマーテ",0
885,4030001173144,01,0,2026-07-06,2026-07-06,"株式会社ＳＫ　Ｈａｒｍｏｎｙ",,301,"埼玉県","吉川市","保１丁目２６－３ライオンズマンション吉川６０２号",,11,243,3420041,,,,,,,2026-07-06,1,,,,,"エスケーハーモニー",0
886,4030001173152,01,0,2026-07-06,2026-07-06,"株式会社ＦＲＵＩＴＩＯＮ　ＰＡＲＴＮＥＲＳ",,301,"埼玉県","さいたま市浦和区","常盤９丁目２２－７フィルージュ浦和常盤１Ｆ",,11,107,3300061,,,,,,,2026-07-06,1,,,,,"フルーションパートナーズ",0
887,4030001173160,01,0,2026-07-06,2026-07-06,"株式会社グレイス",,301,"埼玉県","川越市","脇田本町７番地８‐８０１号室",,11,201,3501123,,,,,,,2026-07-06,1,,,,,"グレイス",0
888,4030001173169,01,0,2026-07-06,2026-07-06,"株式会社ｍｏｃｈｉｔｏ",,301,"埼玉県","川越市","幸町４番地１りそなコエドテラス３階",,11,201,3500063,,,,,,,2026-07-06,1,,,,,"モチト",0
889,4030001173177,01,0,2026-07-06,2026-07-06,"株式会社ＦＩＮＥ",,301,"埼玉県","川越市","大字笠幡１９９６番地３",,11,201,3501175,,,,,,,2026-07-06,1,,,,,"ファイン",0
890,4030002033405,01,1,2026-07-06,2015-10-05,"有限会社荻野電気工事",,302,"埼玉県","狭山市","広瀬２丁目３４番７号",,11,215,3501319,,,,,,,2015-10-05,1,,,,,"オギノデンキコウジ",0
891,4030002044146,01,1,2026-07-06,2015-10-05,"有限会社小宮せんべい本舗",,302,"埼玉県","草加市","吉町５丁目４番８号",,11,221,3400017,,,,,,,2015-10-05,1,,,,,"コミヤセンベイホンポ",0
892,4030002061703,21,0,2026-07-06,2026-06-24,"有限会社ダスキン志木",,302,"埼玉県","新座市","東３丁目１番２６号",,11,230,3520002,,,2026-06-24,01,,,2015-10-05,1,,,,,,0
893,4030003029591,01,0,2026-07-06,2026-07-06,"合同会社ふくまる",,305,"埼玉県","入間市","東藤沢２丁目１８―９アイディーコート狭山ヶ丘６０３",,11,225,3580012,,,,,,,2026-07-06,1,,,,,"フクマル",0
894,4030003029600,01,0,2026-07-06,2026-07-06,"合同会社ヨウシン",,305,"埼玉県","さいたま市桜区","田島４丁目２０番２１号",,11,106,3380837,,,,,,,2026-07-06,1,,,,,"ヨウシン",0
895,4040001014529,01,1,2026-07-06,2015-10-05,"株式会社シェアーコーポレイション",,301,"千葉県","習志野市","谷津４丁目６番２９号",,12,216,2750026,,,,,,,2015-10-05,1,,,,,"シェアーコーポレイション",0
896,4040001085545,01,1,2026-07-06,2015-10-05,"株式会社恵の花",,301,"千葉県","千葉市稲毛区","長沼原町３１７番地１ヴィルフォーレ稲毛３番館８０８号",,12,103,2630001,,,,,,,2015-10-05,1,,,,,"メグミノハナ",0
897,4040001144409,01,0,2026-07-06,2026-07-06,"ライン株式会社",,301,"千葉県","八千代市","米本２１３１番地",,12,221,2760015,,,,,,,2026-07-06,1,,,,,"ライン",0
898,4040001144417,01,0,2026-07-06,2026-07-06,"株式会社Ｙｏｕｂｉ　Ｄｅｓｉｇｎ",,301,"千葉県","市川市","新田４丁目３番４号",,12,203,2720035,,,,,,,2026-07-06,1,,,,,"ヨウビデザイン",0
899,4040002070133,12,0,2026-07-06,2026-06-18,"有限会社創栄",,302,"千葉県","木更津市","ほたる野２丁目５０番地２",,12,206,2920038,,,,,,,2015-10-05,1,,,,,"ソウエイ",0
900,4040003030334,01,0,2026-07-06,2026-07-06,"ＳＫＬａｎｅ合同会社",,305,"千葉県","市川市","末広２丁目４番１‐５０２号（市川妙典南パーク・ホームズ）",,12,203,2720121,,,,,,,2026-07-06,1,,,,,"エスケーレーン",0
901,4040005008048,01,1,2026-07-06,2015-10-05,"天性院",,399,"千葉県","木更津市","永井作１丁目６番２３号",,12,206,2920053,,,,,,,2015-10-05,1,,,,,"テンショウイン",0
902,4050001040805,01,1,2026-07-06,2016-04-13,"株式会社やんしゅうばんや八角",,301,"茨城県","那珂郡東海村","舟石川駅西２丁目１４番１５号",,08,341,3191116,,,,,,,2016-04-13,1,,,,,"ヤンシュウバンヤハッカク",0
903,4050001052354,12,0,2026-07-06,2026-07-01,"株式会社アグベル桜川",,301,"山梨県","山梨市","大工３１５番地１",,19,205,4050045,,,,,,,2023-02-07,1,,,,,"アグベルサクラガワ",0
904,4050001058608,01,0,2026-07-06,2026-07-06,"３Ｂ株式会社",,301,"茨城県","筑西市","花橋２５２番地２",,08,227,3080115,,,,,,,2026-07-06,1,,,,,"ミツビ",0
905,4060001028741,21,0,2026-07-06,2026-06-29,"ブレイン株式会社",,301,"栃木県","足利市","高松町５９６番地７",,09,202,3260325,,,2026-06-29,01,,,2016-10-21,1,,,,,,0
906,4060001039417,01,0,2026-07-06,2026-07-06,"株式会社片山総外構",,301,"栃木県","宇都宮市","御田長島町２９３番地",,09,201,3210125,,,,,,,2026-07-06,1,,,,,"カタヤマソウガイコウ",0
907,4060003005879,12,0,2026-07-06,2026-06-26,"合同会社春吉",,305,"栃木県","栃木市","平井町６８８",,09,203,3280054,,,,,,,2025-12-05,1,,,,,"ハルヨシ",0
908,4060003006134,01,0,2026-07-06,2026-07-06,"オフィスＣＯＨＡＲＥ合同会社",,305,"栃木県","宇都宮市","三番町１番５号三番町ハイツ２０４",,09,201,3200814,,,,,,,2026-07-06,1,,,,,"オフィスコハレ",0
909,4070001018535,12,0,2026-07-06,2026-06-29,"株式会社関東興運",,301,"群馬県","前橋市","西善町２５１７番地１",,10,201,3792131,,,,,,,2015-10-05,1,,,,,"カントウコウウン",0
910,4070001041371,12,0,2026-07-06,2026-07-01,"株式会社ＤｏＮ",,301,"群馬県","前橋市","総社町総社１２９７番地３",,10,201,3710852,,,,,,,2024-02-09,1,,,,,"ディーオーエヌ",0
911,4070002011274,21,0,2026-07-06,2026-06-29,"有限会社ナガイサンショー",,302,"群馬県","高崎市","上大類町１３０３番地",,10,202,3700031,,,2026-06-29,01,,,2015-10-05,1,,,,,"ナガイサンショー",0
912,4080101011488,01,1,2026-07-06,2015-10-05,"株式会社須走タクシー",,301,"静岡県","富士宮市","大宮町１６番１２号",,22,207,4180066,,,,,,,2015-10-05,1,,,,,"スバシリタクシー",0
913,4080103003640,01,0,2026-07-06,2026-07-06,"Ｂｅ‐ｃｒａｆｔ合同会社",,305,"静岡県","御殿場市","印野１６７４",,22,215,4120008,,,,,,,2026-07-06,1,,,,,"ビークラフト",0
914,4080401012979,11,0,2026-07-06,2026-06-26,"株式会社山仁建築",,301,"静岡県","浜松市中央区","上島３丁目９番７号",,22,138,4338122,,,,,,,2015-10-05,1,,,,,"ヤマニケンチク",0
915,4080401028686,01,0,2026-07-06,2026-07-06,"株式会社笑たまファーム",,301,"静岡県","浜松市天竜区","二俣町二俣１７６８番地の８",,22,140,4313314,,,,,,,2026-07-06,1,,,,,"ニコタマファーム",0
916,4080401028703,01,0,2026-07-06,2026-07-06,"株式会社外構屋サハラ",,301,"静岡県","湖西市","新居町中之郷３６１３番地の８０",,22,221,4310301,,,,,,,2026-07-06,1,,,,,"ガイコウヤサハラ",0
917,4080401028711,01,0,2026-07-06,2026-07-06,"Ｖｅｌｌｉｎｋ株式会社",,301,"静岡県","浜松市中央区","寺島町１９―１クラシック２―１階",,22,138,4300925,,,,,,,2026-07-06,1,,,,,"ベルリンク",0
918,4100001018060,01,1,2026-07-06,2015-10-05,"株式会社プランネット",,301,"長野県","小諸市","東雲３丁目１０番５号",,20,208,3840023,,,,,,,2015-10-05,1,,,,,"プランネット",0
919,4100001039809,01,0,2026-07-06,2026-07-06,"株式会社エコロ商事",,301,"長野県","北佐久郡軽井沢町","大字長倉５２９５番地１７",,20,321,3890111,,,,,,,2026-07-06,1,,,,,"エコロショウジ",0
920,4110001031228,01,1,2026-07-06,2016-01-20,"株式会社Ｃｏｂａエンジ",,301,"新潟県","新潟市中央区","万代２丁目３番２５－２００２号",,15,103,9500088,,,,,,,2016-01-20,1,,,,,"コバエンジ",0
921,4110001040237,01,0,2026-07-06,2026-07-06,"松尾朝日管理株式会社",,301,"新潟県","新潟市秋葉区","朝日８６番地３",,15,105,9560835,,,,,,,2026-07-06,1,,,,,"マツオアサヒカンリ",0
922,4110001040253,01,0,2026-07-06,2026-07-06,"株式会社武拉忙カンパニー",,301,"新潟県","燕市","大曲６２６番地１",,15,213,9591263,,,,,,,2026-07-06,1,,,,,"ブラボーカンパニー",0
923,4110002018918,01,1,2026-07-06,2015-10-05,"有限会社インターカルチャーネットワーク",,302,"東京都","足立区","西竹の塚１丁目１２番６号",,13,121,1210822,,,,,,,2015-10-05,0,,,,,"インターカルチャーネットワーク",0
924,4110002018918,12,0,2026-07-06,2026-06-30,"有限会社インターカルチャーネットワーク",,302,"埼玉県","川口市","大字安行原１９４３番地の８",,11,203,3340057,,,,,,,2015-10-05,1,,,,,"インターカルチャーネットワーク",0
925,4120001030617,01,1,2026-07-06,2015-10-05,"株式会社小崎工務店",00028002,301,"大阪府","大阪市住之江区","粉浜１丁目２番１４号",,27,125,5590001,,,,,,,2015-10-05,1,,,,,"コザキコウムテン",0
926,4120001077617,01,1,2026-07-06,2015-10-05,"日本臓器製薬株式会社",,301,"大阪府","大阪市中央区","平野町２丁目１番２号",,27,128,5410046,,,,,,,2015-10-05,0,"Nippon Zoki Pharmaceutical Co.,Ltd.","Osaka","1-2,Hiranomachi Nichome, Chuo ku Osaka shi",,"ニホンゾウキセイヤク",0
927,4120001077617,12,1,2026-07-06,2020-08-04,"日本臓器製薬株式会社",,301,"大阪府","大阪市中央区","平野町４丁目２番３号",,27,128,5410046,,,,,,,2015-10-05,1,"Nippon Zoki Pharmaceutical Co.,Ltd.",,,,"ニホンゾウキセイヤク",0
928,4120001198850,01,1,2026-07-06,2016-06-10,"株式会社Ｈ・Ｓ・Ｔエムプロイメントサポート",,301,"大阪府","大阪市東成区","東小橋２丁目３番９号",,27,115,5370024,,,,,,,2016-06-10,0,,,,,"エイチエスティエムプロイメントサポート",0
929,4120001198850,12,1,2026-07-06,2019-02-06,"株式会社Ｈ・Ｓ・Ｔエムプロイメントサポート",,301,"大阪府","大阪市中央区","南船場２丁目５番１２号",,27,128,5420081,,,,,,,2016-06-10,0,,,,,"エイチエスティエムプロイメントサポート",0
930,4120001198850,12,1,2026-07-06,2026-06-05,"株式会社Ｈ・Ｓ・Ｔエムプロイメントサポート",,301,"大阪府","大阪市北区","梅田１丁目１番３－２２００号",,27,127,5300001,,,,,,,2016-06-10,1,,,,,"エイチエスティエムプロイメントサポート",0
931,4120001234085,21,0,2026-07-06,2026-06-30,"日月株式会社",,301,"大阪府","大阪市中央区","備後町１丁目４番１６号備一ビル２０２号",,27,128,5410051,,,2026-06-30,01,,,2020-12-23,1,,,,,"ニチゲツ",0
932,4120001240884,12,0,2026-07-06,2026-06-29,"株式会社関西ＳＴ",,301,"大阪府","大阪市中央区","南船場１丁目１８番２４号",,27,128,5420081,,,,,,,2021-10-06,1,,,,,"カンサイエスティー",0
933,4120001245826,12,0,2026-07-06,2026-06-23,"株式会社ＮＯＭＵ",,301,"福岡県","春日市","千歳町１丁目２０番地６",,40,218,8160805,,,,,,,2022-05-13,1,,,,,"ノム",0
934,4120001246238,21,0,2026-07-06,2026-06-30,"ＺＨＮ株式会社",,301,"大阪府","大阪市西成区","橘１丁目３番３号",,27,122,5570051,,,2026-06-30,01,,,2022-06-03,1,,,,,"ゼットエイチエヌ",0
935,4120001249570,12,0,2026-07-06,2026-07-02,"国度復興株式会社",,301,"東京都","中央区","晴海３丁目１３－１ドゥトゥールイースト４２１３室",,13,102,1040053,,,,,,,2022-10-14,1,,,,,"コクドフッコウ",0
936,4120001262648,12,0,2026-07-06,2026-07-01,"株式会社ボスコンサルティング",,301,"大阪府","吹田市","豊津町１１－３４第１０マイダビル２０３",,27,205,5640051,,,,,,,2024-02-27,1,,,,,"ボスコンサルティング",0
937,4120001287521,01,0,2026-07-06,2026-07-06,"株式会社ＲＯＯＸ",,301,"大阪府","大阪市福島区","大開１丁目１３番３５号３階",,27,103,5530007,,,,,,,2026-07-06,1,,,,,"ルークス",0
938,4120001287579,01,0,2026-07-06,2026-07-06,"ナワタ情報開発株式会社",,301,"大阪府","枚方市","星丘４丁目６番６号",,27,210,5730013,,,,,,,2026-07-06,1,,,,,"ナワタジョウホウカイハツ",0
939,4120001287620,01,0,2026-07-06,2026-07-06,"株式会社ほっこり花",,301,"大阪府","枚方市","岡山手町１１番４７号",,27,210,5730034,,,,,,,2026-07-06,1,,,,,"ホッコリカ",0
940,4120002022019,01,1,2026-07-06,2015-10-05,"有限会社四季香",,302,"大阪府","大阪市西区","北堀江３丁目１１番２６号",,27,106,5500014,,,,,,,2015-10-05,1,,,,,"シキカ",0
941,4120002049978,21,0,2026-07-06,2026-06-08,"Ｅｉｇｈｔ　Ｈｏｌｄｉｎｇｓ株式会社",,301,"大阪府","大阪市東淀川区","瑞光２丁目１１番１１号",,27,114,5330005,,,2026-06-08,11,7120001182018,"令和８年５月１日大阪市東淀川区瑞光二丁目１１番１１号株式会社アビリティ（7120001182018）に合併し解散",2015-10-05,1,,,,,"エイトホールディングス",0
942,4120002066908,12,0,2026-07-06,2026-06-30,"株式会社フーガ",,301,"大阪府","大阪市阿倍野区","松崎町２丁目２番２８号",,27,119,5450053,,,,,,,2015-10-05,1,,,,,"フーガ",0
943,4120003019798,12,0,2026-07-06,2026-06-30,"合同会社ＡＫＭ",,305,"大阪府","大阪市北区","梅田２丁目４－３６上島ビル５階",,27,127,5300001,,,,,,,2021-07-09,1,,,,,"エーケーエム",0
944,4120003032958,01,0,2026-07-06,2026-07-06,"合同会社ＮＡＩＳコーポレーション",,305,"大阪府","大阪市天王寺区","上本町６丁目９－９－５０３",,27,109,5430001,,,,,,,2026-07-06,1,,,,,,0
945,4120003032966,01,0,2026-07-06,2026-07-06,"合同会社ピュア・カレンシー",,305,"大阪府","大阪市都島区","網島町１２番５－５１０号",,27,102,5340026,,,,,,,2026-07-06,1,,,,,"ピュアカレンシー",0
946,4120905005805,21,0,2026-07-06,2026-06-24,"一般社団法人十人十色",,399,"大阪府","豊中市","末広町２丁目１番４号末広ビル３階",,27,203,5600024,,,2026-06-24,01,,,2018-12-13,1,,,,,"ジュウニントイロ",0
947,4122001017965,01,1,2026-07-06,2015-10-05,"株式会社オクムラ",,301,"大阪府","八尾市","本町７丁目１０番１１号",,27,212,5810003,,,,,,,2015-10-05,0,,,,,"オクムラ",0
948,4122001017965,12,1,2026-07-06,2026-06-26,"株式会社オクムラ",,301,"大阪府","八尾市","桜ヶ丘４丁目６２番地",,27,212,5810869,,,,,,,2015-10-05,1,,,,,"オクムラ",0
949,4122001040678,01,0,2026-07-06,2026-07-06,"株式会社生きる喜び",,301,"大阪府","大東市","浜町１０－１７住道センタービル１Ｆ",,27,218,5740041,,,,,,,2026-07-06,1,,,,,"イキルヨロコビ",0
950,4122002001349,21,0,2026-07-06,2026-07-01,"有限会社かるらえん",,302,"大阪府","東大阪市","東石切町５丁目５番２７号",,27,227,5798011,,,2026-07-01,01,,,2015-10-05,1,,,,,"カルラエン",0
951,4122005002889,12,0,2026-07-06,2026-07-02,"医療法人クローバー",,399,"大阪府","門真市","島頭３丁目３番５号クレール白鳩１階",,27,223,5710016,,,,,,,2015-10-05,1,,,,,"クローバー",0
952,4130001049821,21,0,2026-07-06,2026-06-22,"ＫＡＴＯ株式会社",,301,"京都府","京都市下京区","堀川通五条上る柿本町５７１番地ファミール京都グランアクシス１２０５号",,26,106,6008357,,,2026-06-22,01,,,2015-10-05,1,,,,,"カトウ",0
953,4130001077599,12,0,2026-07-06,2026-06-12,"吉澤設備工業株式会社",,301,"京都府","京都市右京区","太秦前ノ田町３６番地４アン・リ・シール１０２号室",,26,108,6168146,,,,,,,2024-07-31,1,,,,,"ヨシザワセツビコウギョウ",0
954,4130002011061,01,1,2026-07-06,2015-10-05,"有限会社炭谷設備工業",,302,"京都府","京都市南区","東九条南松ノ木町１番地の１松ノ木町団地１号館５１５号室",,26,107,6018023,,,,,,,2015-10-05,1,,,,,"スミタニセツビコウギョウ",0
955,4130003005938,12,0,2026-07-06,2026-06-12,"合同会社カーニバルライフ",,305,"京都府","宇治市","木幡金草原３４番地３、２０２号室",,26,204,6110002,,,,,,,2019-04-05,1,,,,,"カーニバルライフ",0
956,4130005007032,01,1,2026-07-06,2015-10-05,"宇治管工事業協同組合",,399,"京都府","宇治市","大久保町旦椋１３番地６",,26,204,6110033,,,,,,,2015-10-05,1,,,,,"ウジカンコウ",0
957,4140001092746,01,1,2026-07-06,2015-10-05,"株式会社あすかコーポレーション",,301,"兵庫県","たつの市","新宮町千本７２５番地",,28,229,6794346,,,,,,,2015-10-05,0,,,,,"アスカコーポレーション",0
958,4140001092746,12,1,2026-07-06,2017-06-06,"株式会社あすかコーポレーション",,301,"兵庫県","揖保郡太子町","立岡２７４番地１６",,28,464,6711531,,,,,,,2015-10-05,1,,,,,"アスカコーポレーション",0
959,4140001106588,12,0,2026-07-06,2026-07-01,"株式会社ＪＭＯＲＩ",,301,"福岡県","糟屋郡須惠町","大字植木１６７０－１パストラーレ植木Ｂ号",,40,344,8112112,,,,,,,2017-06-16,1,,,,,"ジェイモリ",0
960,4140001136049,12,0,2026-07-06,2026-07-02,"株式会社ＣＨＡＴ　ＨＯＵＳＥ",,301,"兵庫県","尼崎市","三反田町３丁目６番２３－２０１号",,28,202,6610024,,,,,,,2024-10-08,1,,,,,"チャットハウス",0
961,4140001140991,12,0,2026-07-06,2026-07-01,"株式会社スマイル",,301,"兵庫県","神戸市長田区","松野通４丁目７番１－２",,28,106,6530841,,,,,,,2025-12-04,1,,,,,"スマイル",0
962,4140001143284,01,0,2026-07-06,2026-07-06,"メディカルケア株式会社",,301,"兵庫県","加古川市","加古川町備後３８５番地の４",,28,210,6750032,,,,,,,2026-07-06,1,,,,,"メディカルケア",0
963,4140001143301,01,0,2026-07-06,2026-07-06,"株式会社クレスマイア",,301,"兵庫県","神戸市中央区","磯辺通１丁目１番１８号カサベラ国際プラザビル７０７号室",,28,110,6510084,,,,,,,2026-07-06,1,,,,,"クレスマイア",0
964,4140001143326,01,0,2026-07-06,2026-07-06,"藤和設計株式会社",,301,"兵庫県","明石市","明南町２丁目１４番１５号",,28,203,6730001,,,,,,,2026-07-06,1,,,,,"トウワセッケイ",0
965,4140003023831,01,0,2026-07-06,2026-07-06,"合同会社進化システム",,305,"兵庫県","西宮市","久出ケ谷町１２－３－２",,28,204,6620077,,,,,,,2026-07-06,1,,,,,"シンカシステム",0
966,4150002004113,01,1,2026-07-06,2015-10-05,"有限会社ディアーフィールド",,302,"奈良県","生駒市","鹿畑町１５０７番地",,29,209,6300115,,,,,,,2015-10-05,0,,,,,,0
967,4150002004113,11,1,2026-07-06,2024-03-25,"株式会社ディアーフィールド",,301,"奈良県","生駒市","鹿畑町１５０７番地",,29,209,6300115,,,,,,,2015-10-05,1,,,,,,0
968,4150002011191,12,0,2026-07-06,2026-06-29,"有限会社亀井集成材",,302,"奈良県","吉野郡大淀町","大字佐名伝２４番地の１",,29,442,6380831,,,,,,,2015-10-05,1,,,,,"カメイシュウセイザイ",0
969,4160001017973,12,0,2026-07-06,2026-07-01,"株式会社オーネックステックセンター",,301,"東京都","港区","芝５丁目２９番１８号",,13,103,1080014,,,,,,,2015-10-05,1,,,,,"オーネックステックセンター",0
970,4160001019227,01,1,2026-07-06,2016-01-06,"株式会社松井",,301,"滋賀県","近江八幡市","安土町大中３７番地",,25,204,5211301,,,,,,,2016-01-06,1,,,,,"マツイ",0
971,4160005001008,01,1,2026-07-06,2015-10-05,"社会福祉法人志賀福祉会",,399,"滋賀県","大津市","南小松９０番地",,25,201,5200502,,,,,,,2015-10-05,1,,,,,,0
972,4160005005941,01,1,2026-07-06,2015-10-05,"八幡神社",,399,"滋賀県","東近江市","合戸町１４３番地",,25,213,5291536,,,,,,,2015-10-05,1,,,,,"ハチマンジンジャ",0
973,4160005010215,01,1,2026-07-06,2016-03-09,"特定非営利活動法人クラブネクスト",,399,"滋賀県","彦根市","千尋町３７番地",,25,202,5291154,,,,,,,2016-03-09,1,,,,,"クラブネクスト",0
974,4170003000456,01,1,2026-07-06,2015-10-05,"楠本合名会社",,303,"和歌山県","橋本市","清水１２８番地",,30,203,6480041,,,,,,,2015-10-05,1,,,,,"クスモト",0
975,4180001023920,01,1,2026-07-06,2015-10-05,"坪井商事株式会社",,301,"愛知県","名古屋市天白区","野並１丁目８３番地泉第一ビル",,23,116,4680045,,,,,,,2015-10-05,1,,,,,"ツボイショウジ",0
976,4180001094160,01,1,2026-07-06,2015-10-05,"株式会社安東興業",,301,"愛知県","東海市","横須賀町天宝新田１４番地の１",,23,222,4770036,,,,,,,2015-10-05,0,,,,,,0
977,4180001094160,21,0,2026-07-06,2026-06-25,"株式会社安東興業",,301,"愛知県","東海市","横須賀町天宝新田１４番地の１",,23,222,4770036,,,2026-06-25,01,,,2015-10-05,1,,,,,,0
978,4180001103540,21,0,2026-07-06,2026-06-26,"株式会社エヌエステック",,301,"愛知県","豊明市","新田町村合７番地",,23,229,4701112,,,2026-06-26,01,,,2015-10-05,1,,,,,"エヌエステック",0
979,4180001110545,71,0,2026-07-06,2026-07-01,"株式会社スマートテクニカ",,301,"愛知県","名古屋市瑞穂区","弥富通三丁目１９番２号",,23,108,4670000,,,,,,"令和８年７月１日名古屋市瑞穂区弥富通三丁目１９番２号アイチエンジニアリング株式会社（3180001119414）を合併",2015-10-05,1,,,,,"スマートテクニカ",0
980,4180001164748,12,0,2026-07-06,2026-06-29,"株式会社ＺＥＲＯＰＬＵＳＯＮＥ",,301,"愛知県","愛西市","勝幡町河畔１０７０番地３",,23,232,4968001,,,,,,,2025-01-06,1,,,,,"ゼロプラスワン",0
981,4180001172627,01,0,2026-07-06,2026-07-06,"株式会社Ｃ　ＢＥＡＵＴＥ",,301,"愛知県","春日井市","藤山台９丁目１０番地１０",,23,206,4870035,,,,,,,2026-07-06,1,,,,,"シーボーテ",0
982,4180001172643,01,0,2026-07-06,2026-07-06,"株式会社やまて工務店",,301,"愛知県","名古屋市昭和区","御器所２丁目１番２号",,23,107,4660051,,,,,,,2026-07-06,1,,,,,"ヤマテコウムテン",0
983,4180002026658,01,1,2026-07-06,2015-10-05,"有限会社緑測量設計",,302,"愛知県","名古屋市緑区","東神の倉２丁目２００２番地",,23,114,4580808,,,,,,,2015-10-05,1,,,,,"ミドリソクリョウセッケイ",0
984,4180003012748,12,0,2026-07-06,2026-06-29,"株式会社神谷商店",,301,"愛知県","半田市","宮本町６丁目２１３番地の１",,23,205,4750925,,,,,,,2015-10-05,0,,,,,"カミヤショウテン",0
985,4180003012748,11,0,2026-07-06,2026-06-29,"株式会社賀實屋",,301,"愛知県","半田市","宮本町６丁目２１３番地の１",,23,205,4750925,,,,,,,2015-10-05,1,,,,,"カミヤ",0
986,4180003030452,01,0,2026-07-06,2026-07-06,"合同会社Ｏｍｉｋａｍｉ",,305,"愛知県","名古屋市中区","丸の内２丁目１７番２６号アップルパレス丸の内１１０６号",,23,106,4600002,,,,,,,2026-07-06,1,,,,,"オミカミ",0
987,4190001028209,21,0,2026-07-06,2026-06-22,"株式会社Ｒｉｎｇｓ",,301,"三重県","伊勢市","小俣町本町３４１番地２０９",,24,203,5190505,,,2026-06-22,01,,,2021-04-08,1,,,,,"リングス",0
988,4190001033258,01,0,2026-07-06,2026-07-06,"株式会社大志圧送",,301,"三重県","四日市市","伊坂台１丁目４４番地",,24,202,5128066,,,,,,,2026-07-06,1,,,,,"タイシアッソウ",0
989,4200001015246,01,1,2026-07-06,2015-10-05,"ミズノテクニクス株式会社",,301,"岐阜県","養老郡養老町","高田３０７番地５",,21,341,5031314,,,,,,,2015-10-05,1,,,,,,0
990,4200005003486,01,1,2026-07-06,2015-10-05,"社会福祉法人岐南町社会福祉協議会",,399,"岐阜県","羽島郡岐南町","野中８丁目７５番地",,21,302,5016004,,,,,,,2015-10-05,1,,,,,,0
991,4210001020674,01,0,2026-07-06,2026-07-06,"株式会社Ｖｅｘｔａ",,301,"福井県","福井市","中央１丁目１４－４",,18,201,9100006,,,,,,,2026-07-06,1,,,,,"ヴェクスタ",0
992,4220001017785,01,1,2026-07-06,2015-10-05,"株式会社富士通ＩＴプロダクツ",,301,"石川県","かほく市","笠島ト１番地１",,17,209,9291104,,,,,,,2015-10-05,1,,,,,,0
993,4220001020946,01,1,2026-07-06,2016-04-21,"神樂株式会社",,301,"石川県","加賀市","冨塚町チ５８番地８",,17,206,9220421,,,,,,,2016-04-21,1,,,,,"カグラ",0
994,4220002004394,01,1,2026-07-06,2015-10-05,"有限会社西商店",,302,"石川県","金沢市","笠舞２丁目１番１９号",,17,201,9200965,,,,,,,2015-10-05,1,,,,,"ニシショウテン",0
995,4220003004311,01,0,2026-07-06,2026-07-06,"合同会社大協",,305,"石川県","金沢市","笠舞本町２丁目６番３号エクセルコート笠舞７０４",,17,201,9200947,,,,,,,2026-07-06,1,,,,,"ダイキョウ",0
996,4230001021497,01,0,2026-07-06,2026-07-06,"株式会社ルミーナ",,301,"富山県","射水市","鷲塚１４２番地１０",,16,211,9390305,,,,,,,2026-07-06,1,,,,,"ルミーナ",0
997,4240001041214,01,1,2026-07-06,2015-10-05,"株式会社野崎マリンサービス",,301,"広島県","広島市南区","仁保３丁目１番９号",,34,103,7340026,,,,,,,2015-10-05,1,,,,,"ノザキマリンサービス",0
998,4240001049100,01,1,2026-07-06,2016-04-08,"株式会社共同産業",,301,"広島県","尾道市","瀬戸田町名荷１４３６番地２",,34,205,7222417,,,,,,,2016-04-08,1,,,,,"キョウドウサンギョウ",0
999,4240001066748,01,0,2026-07-06,2026-07-06,"株式会社ＩＮＦＩＮＩＴＹ",,301,"広島県","広島市安佐北区","あさひが丘２丁目１５番６号",,34,106,7313361,,,,,,,2026-07-06,1,,,,,"インフィニティ",0
1000,4240002006026,01,1,2026-07-06,2015-10-05,"有限会社小島松風園",,302,"広島県","広島市西区","古江新町２番３号",,34,104,7330873,,,,,,,2015-10-05,1,,,,,"コジマショウフウエン",0
1001,4240003007824,01,0,2026-07-06,2026-07-06,"リンクワークス合同会社",,305,"広島県","広島市西区","横川町１丁目７番１１－２０２号",,34,104,7330011,,,,,,,2026-07-06,1,,,,,"リンクワークス",0
1002,4250001001869,22,0,2026-07-06,2026-06-29,"株式会社イシダ",,301,"山口県","防府市","国分寺町２番１０号",,35,206,7470021,,,,,,,2015-10-05,1,,,,,"イシダ",0
1003,4250001002149,01,1,2026-07-06,2015-10-05,"株式会社日電社",,301,"山口県","防府市","警固町１丁目６番５１号",,35,206,7470821,,,,,,,2015-10-05,1,,,,,"ニチデンシャ",0
1004,4250002018656,21,0,2026-07-06,2026-07-02,"三井食品有限会社",,302,"山口県","岩国市","通津２５６９番地",,35,208,7400044,,,2026-07-02,01,,,2015-10-05,1,,,,,"ミツイショクヒン",0
1005,4250003003046,21,0,2026-07-06,2026-07-01,"合同会社シエル",,305,"山口県","下関市","王司川端１丁目７番２４号",,35,201,7520912,,,2026-07-01,01,,,2022-04-19,1,,,,,"シエル",0
1006,4260001039339,12,0,2026-07-06,2026-07-01,"株式会社ホクラ",,301,"岡山県","岡山市南区","青江６丁目２番３３号",,33,104,7000941,,,,,,,2024-08-06,1,,,,,"ホクラ",0
1007,4260001041410,01,0,2026-07-06,2026-07-06,"株式会社ルミナスロード",,301,"岡山県","岡山市中区","国富３丁目７番３号",,33,102,7038236,,,,,,,2026-07-06,1,,,,,"ルミナスロード",0
1008,4260001041419,01,0,2026-07-06,2026-07-06,"株式会社ひとすじ",,301,"岡山県","岡山市北区","京橋町６番２１号有松ビル１Ｆ",,33,101,7000831,,,,,,,2026-07-06,1,,,,,"ヒトスジ",0
1009,4260002025767,01,1,2026-07-06,2015-10-05,"有限会社利休屋",,302,"岡山県","井原市","笹賀町１丁目８番地の２",,33,207,7150025,,,,,,,2015-10-05,1,,,,,"リキュウヤ",0
1010,4260003005693,01,0,2026-07-06,2026-07-06,"合同会社丸本建築",,305,"岡山県","倉敷市","中庄２９５０番地１",,33,202,7100016,,,,,,,2026-07-06,1,,,,,"マルモトケンチク",0
1011,4290001069176,12,0,2026-07-06,2026-06-25,"ショウエイホーム株式会社",,301,"福岡県","福津市","中央６丁目１番１－１２０６号",,40,224,8113217,,,,,,,2015-10-05,1,,,,,"ショウエイホーム",0
1012,4290001074250,12,0,2026-07-06,2026-06-25,"株式会社ＩｎｆｉｎｉｔｅＰ",,301,"福岡県","福岡市中央区","警固３丁目２－１４ＨＡＭＯＲＥＢＩｋｅｇｏ２０２号室",,40,133,8100023,,,,,,,2016-06-09,1,,,,,"インフィニットピー",0
1013,4290001099966,12,0,2026-07-06,2026-06-25,"株式会社ＵＰＨＩＬＬ　ＮＥＯＢＲＩＧＨＴ",,301,"福岡県","久留米市","西町１１８６番地９－３０２",,40,203,8300038,,,,,,,2022-12-21,1,,,,,"アップヒルネオブライト",0
1014,4290001108231,12,0,2026-07-06,2026-06-22,"株式会社ＬｕＲｃｈｅ",,301,"福岡県","宗像市","城西ヶ丘３丁目２３－７９",,40,220,8113404,,,,,,,2024-12-09,1,,,,,"ルルシェ",0
1015,4290003002589,21,0,2026-07-06,2026-06-26,"合同会社ＹＵＭＩＣ画像診断コンサルタント",,305,"福岡県","福岡市西区","姪浜駅南２丁目３２番２０－３１０号ロイヤルアーク室見川ハウス",,40,135,8190006,,,2026-06-26,01,,,2015-10-05,1,,,,,,0
1016,4290003011243,12,0,2026-07-06,2026-06-25,"合同会社ドゥブルヴェ",,305,"福岡県","福岡市博多区","板付４丁目４－３６コーポ諸岡２０７号室",,40,132,8120888,,,,,,,2021-05-31,1,,,,,"ドゥブルヴェ",0
1017,4290801023497,01,1,2026-07-06,2017-04-13,"株式会社フジヒロ",,301,"福岡県","遠賀郡芦屋町","中ノ浜２番１号",,40,381,8070113,,,,,,,2017-04-13,1,,,,,"フジヒロ",0
1018,4290801027746,21,0,2026-07-06,2026-06-10,"株式会社福澤マテリアル",,301,"福岡県","中間市","朝霧１丁目２０番１５号",,40,215,8090021,,,2026-06-10,01,,,2021-09-06,1,,,,,"フクザワマテリアル",0
1019,4290801029742,01,1,2026-07-06,2023-08-02,"株式会社ビーケアフル",,301,"福岡県","北九州市小倉北区","日明４丁目６番３０－５０９",,40,106,8030831,,,,,,,2023-08-02,0,,,,,,0
1020,4290801029742,12,1,2026-07-06,2026-06-15,"株式会社ビーケアフル",,301,"福岡県","北九州市小倉北区","清水２丁目１２番１ライブリーアベニュー３０１号",,40,106,8030841,,,,,,,2023-08-02,1,,,,,,0
1021,4290802021525,01,1,2026-07-06,2015-10-05,"有限会社ウィン２クリエイト",,302,"福岡県","宮若市","長井鶴２０４番地２",,40,226,8230012,,,,,,,2015-10-05,0,,,,,,0
1022,4290802021525,11,1,2026-07-06,2016-09-15,"株式会社クリエイティブアクト",,301,"福岡県","宮若市","長井鶴２０４番地２",,40,226,8230012,,,,,,,2015-10-05,0,,,,,"クリエイティブアクト",0
1023,4290802021525,71,1,2026-07-06,2016-11-01,"株式会社クリエイティブアクト",,301,"福岡県","宮若市","長井鶴２０４番地２",,40,226,8230012,,,,,,"平成２８年１１月１日福岡県宮若市長井鶴２０４番地２株式会社ひまわり（1290801015002）を合併",2015-10-05,1,,,,,"クリエイティブアクト",0
1024,4300001014642,12,0,2026-07-06,2026-06-25,"株式会社楠の木",,301,"佐賀県","佐賀市","大和町大字久池井１００９番地８",,41,201,8400202,,,,,,,2026-06-09,1,,,,,"クスノキ",0
1025,4300001014667,01,0,2026-07-06,2026-07-06,"Ｅ１１ＶＥＮ　Ｌｉｅｎ株式会社",,301,"佐賀県","佐賀市","鍋島３丁目３番２０号",,41,201,8490937,,,,,,,2026-07-06,1,,,,,"イレブンリアン",0
1026,4310005003252,21,0,2026-07-06,2026-06-29,"佐世保花き園芸農業協同組合",,399,"長崎県","佐世保市","日宇町１７７０番地２",,42,202,8571151,,,2026-06-29,01,,,2015-10-05,1,,,,,"サセボカキエンゲイ",0
1027,4320001020696,11,0,2026-07-06,2026-07-03,"株式会社くわの商事",,301,"大分県","大分市","高江南１丁目１番地の４",,44,201,8701118,,,,,,,2024-09-03,1,,,,,"クワノショウジ",0
1028,4320002012189,21,0,2026-07-06,2026-06-29,"有限会社広瀬産業",,302,"大分県","別府市","石垣東４丁目４番２２号",,44,202,8740919,,,2026-06-29,01,,,2015-10-05,1,,,,,,0
1029,4330001016438,12,0,2026-07-06,2026-06-29,"株式会社ＡＲＵＭＯＫ",,301,"熊本県","人吉市","土手町２２番地４",,43,203,8680057,,,,,,,2015-10-05,1,,,,,"アルモック",0
1030,4330003001454,11,0,2026-07-06,2026-07-03,"合同会社ＬＩＢＥＲＴＡ",,305,"熊本県","熊本市南区","元三町２丁目９番２２号３Ｆ",,43,104,8614105,,,,,,,2015-10-05,1,,,,,"リベルタ",0
1031,4340001013847,11,0,2026-07-06,2026-06-23,"Ｙ‐ＴＥＸＩＡ株式会社",,301,"鹿児島県","鹿屋市","吾平町麓４２４５番地２",,46,203,8931103,,,,,,,2015-10-05,1,,,,,"ワイテクシア",0
1032,4340001022501,21,0,2026-07-06,2026-06-24,"Ｍ＆Ｎ株式会社",,301,"鹿児島県","志布志市","志布志町安楽２７６７番地５",,46,221,8997104,,,2026-06-24,01,,,2019-12-20,1,,,,,"エムアンドエヌ",0
1033,4340001028275,01,0,2026-07-06,2026-07-06,"株式会社イツキ",,301,"鹿児島県","鹿児島市","光山２丁目２番２０号",,46,201,8910151,,,,,,,2026-07-06,1,,,,,"イツキ",0
1034,4340001028291,01,0,2026-07-06,2026-07-06,"株式会社ＡＪプランニング",,301,"鹿児島県","鹿児島市","明和５丁目４７番１号",,46,201,8900024,,,,,,,2026-07-06,1,,,,,"エージェープランニング",0
1035,4340002015636,01,1,2026-07-06,2015-10-05,"有限会社加治木南州パン",,302,"鹿児島県","姶良市","加治木町本町２６番地",,46,225,8995215,,,,,,,2015-10-05,1,,,,,"カジキナンシュウパン",0
1036,4340003005264,01,0,2026-07-06,2026-07-06,"合同会社はぶ削蹄所",,305,"鹿児島県","曽於郡大崎町","井俣２０３４番地１",,46,468,8997309,,,,,,,2026-07-06,1,,,,,"ハブサクテイジョ",0
1037,4360002013588,01,1,2026-07-06,2015-10-05,"有限会社マルセイ",,302,"沖縄県","うるま市","字西原８６４番地",,47,213,9042204,,,,,,,2015-10-05,1,,,,,"マルセイ",0
1038,4360003009461,01,1,2026-07-06,2019-04-08,"合同会社島頭",,305,"沖縄県","宮古島市","平良字島尻５３３番地",,47,214,9060003,,,,,,,2019-04-08,0,,,,,"シマズ",0
1039,4360003009461,12,1,2026-07-06,2023-10-05,"合同会社島頭",,305,"沖縄県","宮古島市","平良字島尻２２番地１",,47,214,9060003,,,,,,,2019-04-08,0,,,,,"シマズ",0
1040,4360003009461,21,0,2026-07-06,2026-06-09,"合同会社島頭",,305,"沖縄県","宮古島市","平良字島尻２２番地１",,47,214,9060003,,,2026-06-09,11,6360001021474,"令和８年４月２２日沖縄県宮古島市平良字下里１５５９番地７株式会社喜山（6360001021474）に合併し解散",2019-04-08,1,,,,,"シマズ",0
1041,4360003015996,01,0,2026-07-06,2026-07-06,"合同会社ＰＩＶＯＴ　ＷＯＲＫＳ",,305,"沖縄県","糸満市","字束里３１０番地１",,47,210,9010353,,,,,,,2026-07-06,1,,,,,"ピボットワークス",0
1042,4360005005302,01,1,2026-07-06,2016-03-17,"社会福祉法人愛恵福祉会",,399,"沖縄県","島尻郡南風原町","字与那覇１５３番地２",,47,350,9011103,,,,,,,2016-03-17,1,,,,,,0
1043,4370001023026,01,1,2026-07-06,2015-10-05,"株式会社アースメント",,301,"宮城県","仙台市太白区","鈎取２丁目１０番４５号",,04,104,9820804,,,,,,,2015-10-05,1,,,,,"アースメント",0
1044,4370201000485,01,1,2026-07-06,2015-10-05,"株式会社森建設工業所",,301,"宮城県","大崎市","古川下中目字小袋１５５番地",,04,215,9896123,,,,,,,2015-10-05,1,,,,,"モリケンセツコウギョウショ",0
1045,4380001025748,12,0,2026-07-06,2026-07-02,"株式会社ＭＹＳ",,301,"福島県","相馬市","石上字宝田４３番１",,07,209,9760006,,,,,,,2015-10-05,1,,,,,"エムワイエス",0
1046,4380002008917,01,0,2026-07-06,2026-07-06,"有限会社久下特産",,302,"福島県","郡山市","湖南町赤津字辰己ヶ沢２４２８番地",,07,203,9631631,,,,,,,2026-07-06,1,,,,,"ヒサシタトクサン",0
1047,4380005002652,12,0,2026-07-06,2026-06-25,"農事組合法人布引高原野菜生産組合",,399,"福島県","郡山市","湖南町舟津字片貝堀３８４番地の１",,07,203,9631411,,,,,,,2015-10-05,1,,,,,"ヌノビキコウゲンヤサイセイサンクミアイ",0
1048,4400001017461,01,0,2026-07-06,2026-07-06,"株式会社ＭＩＮＯＲＩ",,301,"岩手県","花巻市","東十二丁目第２１地割１１４番地１",,03,205,0250015,,,,,,,2026-07-06,1,,,,,"ミノリ",0
1049,4410001009185,01,1,2026-07-06,2015-10-05,"株式会社フルヤ紙巧",,301,"秋田県","横手市","十文字町仁井田字大道西４２番地",,05,203,0190505,,,,,,,2015-10-05,1,,,,,"フルヤシコウ",0
1050,4410001014532,01,0,2026-07-06,2026-07-06,"株式会社アランマーレ",,301,"秋田県","潟上市","昭和大久保字北野蓮沼前山１番５",,05,211,0181401,,,,,,,2026-07-06,1,,,,,"アランマーレ",0
1051,4410005002780,21,0,2026-07-06,2026-07-01,"農事組合法人こまちの里",,399,"秋田県","湯沢市","字川原田４１番地３",,05,207,0120000,,,2026-07-01,01,,,2015-10-05,1,,,,,"コマチノサト",0
1052,4430001000935,01,1,2026-07-06,2015-10-05,"株式会社アベニユー",,301,"北海道","札幌市豊平区","美園七条１丁目４番１７号",,01,105,0620007,,,,,,,2015-10-05,0,,,,,"アベニユー",0
1053,4430001000935,21,1,2026-07-06,2025-01-24,"株式会社アベニユー",,301,"北海道","札幌市豊平区","美園七条１丁目４番１７号",,01,105,0620007,,,2025-01-24,21,,,2015-10-05,0,,,,,"アベニユー",0
1054,4430001000935,22,1,2026-07-06,2026-06-24,"株式会社アベニユー",,301,"北海道","札幌市豊平区","美園七条１丁目４番１７号",,01,105,0620007,,,,,,,2015-10-05,1,,,,,"アベニユー",0
1055,4430001056390,01,1,2026-07-06,2015-10-05,"吉田石材株式会社",,301,"北海道","伊達市","竹原町７７番地３７",,01,233,0520011,,,,,,,2015-10-05,1,,,,,"ヨシダセキザイ",0
1056,4430001065689,12,0,2026-07-06,2026-06-30,"株式会社あとひとつ",,301,"北海道","札幌市白石区","南郷通１９丁目北２番１－１４０１号",,01,104,0030023,,,,,,,2015-10-05,1,,,,,"アトヒトツ",0
1057,4430001071010,11,0,2026-07-06,2026-07-01,"みずタス株式会社",,301,"北海道","北広島市","大曲緑ヶ丘３丁目７番８号",,01,234,0611276,,,,,,,2016-03-03,1,,,,,"ミズタス",0
1058,4430002014109,01,1,2026-07-06,2015-10-05,"豊岡電気工業有限会社",,302,"北海道","札幌市白石区","菊水元町一条１丁目７番１４号",,01,104,0030821,,,,,,,2015-10-05,0,,,,,"トヨオカデンキコウギョウ",0
1059,4430002014109,12,1,2026-07-06,2026-06-30,"豊岡電気工業有限会社",,302,"北海道","札幌市白石区","菊水元町一条１丁目７番１６号",,01,104,0030821,,,,,,,2015-10-05,1,,,,,"トヨオカデンキコウギョウ",0
1060,4430002024818,01,1,2026-07-06,2015-10-05,"有限会社マルエス清栄商会",,302,"北海道","札幌市東区","北四十四条東８丁目１番３８号",,01,103,0070844,,,,,,,2015-10-05,1,,,,,"マルエスセイエイショウカイ",0
1061,4430003012961,01,1,2026-07-06,2021-07-26,"合同会社ＪＰＳＲ",,305,"北海道","札幌市北区","新川西五条４丁目７－２",,01,102,0010935,,,,,,,2021-07-26,0,,,,,"ジェーピーエスアール",0
1062,4430003012961,11,1,2026-07-06,2026-06-25,"合同会社ＴｈｅＮｅｘｔＣｒｅａｔｅ",,305,"北海道","札幌市北区","新川西五条４丁目７－２",,01,102,0010935,,,,,,,2021-07-26,0,,,,,"ザネクストクリエイト",0
1063,4430003012961,12,0,2026-07-06,2026-06-30,"合同会社ＴｈｅＮｅｘｔＣｒｅａｔｅ",,305,"東京都","港区","西麻布１丁目２番１３号デュオ・スカーラ西麻布タワーＣＥＮＴＲＡＬ２０１号室",,13,103,1060031,,,,,,,2021-07-26,1,,,,,"ザネクストクリエイト",0
1064,4440001007095,01,1,2026-07-06,2015-10-05,"メディアシステム株式会社",,301,"北海道","函館市","富岡町２丁目６５番１７号",,01,202,0410811,,,,,,,2015-10-05,0,,,,,,0
1065,4440001007095,12,1,2026-07-06,2026-07-01,"メディアシステム株式会社",,301,"北海道","函館市","本通３丁目１６番４号",,01,202,0410851,,,,,,,2015-10-05,1,,,,,,0
1066,4470001000139,01,1,2026-07-06,2015-10-05,"株式会社西山石材",,301,"香川県","高松市","牟礼町牟礼３１２６番地",,37,201,7610121,,,,,,,2015-10-05,1,,,,,"ニシヤマセキザイ",0
1067,4470001012729,01,1,2026-07-06,2015-10-05,"株式会社匠栄",,301,"香川県","丸亀市","津森町８４１番地５",,37,202,7630052,,,,,,,2015-10-05,1,,,,,"ショウエイ",0
1068,4490003001059,01,1,2026-07-06,2016-06-06,"合同会社はまうず企画",,305,"高知県","高知市","桜井町２丁目７番",,39,201,7800821,,,,,,,2016-06-06,0,,,,,"ハマウズキカク",0
1069,4490003001059,12,1,2026-07-06,2026-06-29,"合同会社はまうず企画",,305,"高知県","高知市","桜井町２丁目７番３２－１３１１号",,39,201,7800821,,,,,,,2016-06-06,1,,,,,"ハマウズキカク",0
1070,4500001027021,01,0,2026-07-06,2026-07-06,"株式会社Ｔ‐ＮＥＸ",,301,"愛媛県","新居浜市","萩生２６０６番地の１",,38,205,7920050,,,,,,,2026-07-06,1,,,,,"ティーネックス",0
1071,4500005008050,01,1,2026-07-06,2019-03-22,"自動車整備技術協同組合",,399,"愛媛県","松山市","宮西２丁目８番２７号",,38,201,7900065,,,,,,,2019-03-22,0,,,,,"ジドウシャセイビギジュツ",0
1072,4500005008050,12,1,2026-07-06,2020-04-27,"自動車整備技術協同組合",,399,"愛媛県","松山市","宮西２丁目９番４１号",,38,201,7900065,,,,,,,2019-03-22,0,,,,,"ジドウシャセイビギジュツ",0
1073,4500005008050,12,1,2026-07-06,2024-04-01,"自動車整備技術協同組合",,399,"愛媛県","松山市","宮西２丁目８番２７号",,38,201,7900065,,,,,,,2019-03-22,0,,,,,"ジドウシャセイビギジュツ",0
1074,4500005008050,12,1,2026-07-06,2026-04-01,"自動車整備技術協同組合",,399,"愛媛県","松山市","萱町６丁目１１０番地１",,38,201,7900813,,,,,,,2019-03-22,1,,,,,"ジドウシャセイビギジュツ",0
1075,5010001011577,01,1,2026-07-06,2015-10-05,"江戸新金網株式会社",,301,"東京都","千代田区","岩本町２丁目４番２号",,13,101,1010032,,,,,,,2015-10-05,1,,,,,"エドシンカナアミ",0
1076,5010001012187,21,0,2026-07-06,2026-06-22,"エーゼット株式会社",,301,"東京都","千代田区","神田佐久間町４丁目２２番地",,13,101,1010025,,,2026-06-22,01,,,2015-10-05,1,,,,,"エーゼット",0
1077,5010001012848,11,0,2026-07-06,2026-07-01,"株式会社ユポ",,301,"東京都","千代田区","神田駿河台４丁目３番地",,13,101,1010062,,,,,,,2015-10-05,1,,"Tokyo","4-3 Kanda Surugadai, Chiyoda ku",,"ユポ",0
1078,5010001017392,01,1,2026-07-06,2015-10-05,"山京地所株式会社",,301,"東京都","千代田区","飯田橋４丁目４番８号",,13,101,1020072,,,,,,,2015-10-05,1,,,,,"サンキョウジショ",0
1079,5010001036608,01,1,2026-07-06,2015-10-05,"足立不動産株式会社",,301,"東京都","中央区","日本橋蛎殻町１丁目１４番９号",,13,102,1030014,,,,,,,2015-10-05,1,,,,,"アダチフドウサン",0
1080,5010001037779,21,0,2026-07-06,2026-06-16,"株式会社宇寿井陶苑",,301,"東京都","中央区","築地４丁目５番４号",,13,102,1040045,,,2026-06-16,01,,,2015-10-05,1,,,,,"ウスイトウエン",0
1081,5010001074137,01,1,2026-07-06,2015-10-05,"株式会社ジャパンエンジェル",,301,"東京都","中央区","銀座７丁目３番１３号ニューギンザビル１－５",,13,102,1040061,,,,,,,2015-10-05,0,,,,,"ジャパンエンジェル",0
1082,5010001074137,12,1,2026-07-06,2022-06-28,"株式会社ジャパンエンジェル",,301,"東京都","中央区","銀座７丁目３－１３ニューギンザビル",,13,102,1040061,,,,,,,2015-10-05,1,,,,,"ジャパンエンジェル",0
1083,5010001086867,12,0,2026-07-06,2026-07-01,"株式会社きっとあーる",,301,"神奈川県","横浜市西区","みなとみらい４丁目４番２号",,14,103,2200012,,,,,,,2015-10-05,1,,,,,"キットアール",0
1084,5010001122176,01,1,2026-07-06,2015-10-05,"キャピタルラボ株式会社",,301,"東京都","中央区","明石町４番３－６０２号",,13,102,1040044,,,,,,,2015-10-05,0,,,,,,0
1085,5010001122176,12,1,2026-07-06,2017-03-29,"キャピタルラボ株式会社",,301,"東京都","港区","新橋６丁目５番４号",,13,103,1050004,,,,,,,2015-10-05,0,,,,,,0
1086,5010001122176,12,1,2026-07-06,2019-03-07,"キャピタルラボ株式会社",,301,"東京都","港区","西新橋２丁目８番１７号",,13,103,1050003,,,,,,,2015-10-05,0,,,,,,0
1087,5010001122176,11,1,2026-07-06,2019-03-07,"株式会社電磁シールド研究所",,301,"東京都","港区","西新橋２丁目８番１７号",,13,103,1050003,,,,,,,2015-10-05,0,,,,,"デンジシールドケンキュウジョ",0
1088,5010001122176,12,1,2026-07-06,2022-03-28,"株式会社電磁シールド研究所",,301,"東京都","新宿区","新宿７丁目２０番６号大久保マンション",,13,104,1600022,,,,,,,2015-10-05,0,,,,,"デンジシールドケンキュウジョ",0
1089,5010001122176,12,1,2026-07-06,2024-07-23,"株式会社電磁シールド研究所",,301,"東京都","千代田区","平河町２丁目４番地１４号平河町ｋｓビル２階",,13,101,1020093,,,,,,,2015-10-05,1,,,,,"デンジシールドケンキュウジョ",0
1090,5010001135013,01,1,2026-07-06,2015-10-05,"株式会社ア・レステ",,301,"東京都","渋谷区","東１丁目３番１号常盤松ロイアルハイツ３０７号",,13,113,1500011,,,,,,,2015-10-05,0,,,,,"アレステ",0
1091,5010001135013,12,1,2026-07-06,2016-01-08,"株式会社ア・レステ",,301,"東京都","渋谷区","渋谷１丁目８番６号宮益坂ＳＴビル５０１号",,13,113,1500002,,,,,,,2015-10-05,1,,,,,"アレステ",0
1092,5010001136127,01,1,2026-07-06,2015-10-05,"株式会社ヴォスコーポレーション",,301,"東京都","中央区","銀座３丁目８番４号",,13,102,1040061,,,,,,,2015-10-05,1,,,,,"ヴォスコーポレーション",0
1093,5010001210815,21,0,2026-07-06,2026-06-18,"株式会社ｖａｌｕ",,301,"東京都","千代田区","神田小川町１丁目８番３号小川町北ビル７階",,13,101,1010052,,,2026-06-18,01,,,2020-07-08,1,,,,,"バリュー",0
1094,5010001228634,12,0,2026-07-06,2026-06-19,"株式会社ＭａｎｄＩ",,301,"東京都","中央区","日本橋兜町１５番１２号八重洲カトウビル８階",,13,102,1030026,,,,,,,2022-08-09,1,,,,,"エムアンドアイ",0
1095,5010001239755,12,0,2026-07-06,2026-06-15,"Ｍａｉａ株式会社",,301,"東京都","千代田区","有楽町１丁目７番１号有楽町電気ビル北館１３階スリーアイズキャピタル株式会社内",,13,101,1000006,,,,,,,2023-11-07,1,,,,,"マイア",0
1096,5010001240234,12,0,2026-07-06,2026-06-23,"株式会社ケイシンエステート",,301,"東京都","文京区","小石川１丁目１２番１０号",,13,105,1120002,,,,,,,2023-11-22,1,,,,,"ケイシンエステート",0
1097,5010001244301,21,0,2026-07-06,2026-06-11,"中潤株式会社",,301,"東京都","中央区","銀座８丁目１０－１佛蘭西屋ビル１Ｆ",,13,102,1040061,,,2026-06-11,01,,,2024-04-24,1,,,,,"チュウジュン",0
1098,5010001245885,12,0,2026-07-06,2026-06-19,"株式会社エム",,301,"東京都","千代田区","神田多町２丁目３番地１１ディームス大手町ノース７０３",,13,101,1010046,,,,,,,2024-06-20,1,,,,,"エム",0
1099,5010001249572,12,0,2026-07-06,2026-06-15,"Ｓｅｌｅｎｅ　ＩＩ株式会社",,301,"東京都","千代田区","有楽町１丁目７番１号有楽町電気ビル北館１３階スリーアイズキャピタル株式会社内",,13,101,1000006,,,,,,,2024-11-01,1,,,,,"セレネツー",0
1100,5010001255100,12,0,2026-07-06,2026-06-15,"Ｕｌｔｉｏ株式会社",,301,"東京都","千代田区","有楽町１丁目７番１号有楽町電気ビル北館１３階スリーアイズキャピタル株式会社内",,13,101,1000006,,,,,,,2025-05-19,1,,,,,"ウルティオ",0
1101,5010001266816,01,0,2026-07-06,2026-07-06,"株式会社ＫＮＯＴホールディングス",,301,"東京都","中央区","日本橋室町１丁目１１番１２号日本橋水野ビル７階",,13,102,1030022,,,,,,,2026-07-06,1,,,,,"ノットホールディングス",0
1102,5010001266840,01,0,2026-07-06,2026-07-06,"株式会社計画技術",,301,"東京都","中央区","日本橋小舟町８番１３号",,13,102,1030024,,,,,,,2026-07-06,1,,,,,"ケイカクギジュツ",0
1103,5010001266915,01,0,2026-07-06,2026-07-06,"リスキリングＨＲ株式会社",,301,"東京都","千代田区","神田佐久間河岸５１番地第一スレートビル２階",,13,101,1010026,,,,,,,2026-07-06,1,,,,,"リスキリングエイチアール",0
1104,5010001266964,01,0,2026-07-06,2026-07-06,"ＰＯＷＥＲＳＯＬ株式会社",,301,"東京都","中央区","日本橋室町１丁目１１番１２号日本橋水野ビル７階",,13,102,1030022,,,,,,,2026-07-06,1,,,,,"パワーソル",0
1105,5010003021434,21,0,2026-07-06,2026-06-19,"ＳＳＪメガソーラー３８合同会社",,305,"東京都","千代田区","神田三崎町２丁目４番１号ＴＵＧ－Ｉビル９Ｆ",,13,101,1010061,,,2026-06-19,01,,,2015-10-05,1,,,,,"エスエスジェイメガソーラーサンジュウハチ",0
1106,5010003032588,12,0,2026-07-06,2026-06-11,"合同会社ＩＮＳ－ＢＩＺｓｕｐｐｏｒｔ",,305,"東京都","千代田区","東神田３丁目２番５－１１０４号",,13,101,1010031,,,,,,,2020-07-09,1,,,,,"アイエヌエスビズサポート",0
1107,5010003033099,21,0,2026-07-06,2026-06-11,"合同会社オリエント３号",,305,"東京都","中央区","八丁堀４丁目２番１０号ＡＯＪ税理士法人内",,13,102,1040032,,,2026-06-11,01,,,2020-09-30,1,,,,,"オリエントサンゴウ",0
1108,5010003041804,12,0,2026-07-06,2026-06-30,"ワークツリー合同会社",,305,"千葉県","市川市","菅野５丁目７番１７号",,12,203,2720824,,,,,,,2023-09-29,1,,,,,"ワークツリー",0
1109,5010003048527,12,0,2026-07-06,2026-06-18,"ｉプロパティ２４合同会社",,305,"東京都","千代田区","有楽町１丁目７番１号北館１３階スリーアイズキャピタル株式会社内",,13,101,1000006,,,,,,,2025-08-27,1,,,,,"アイプロパティトゥエンティフォー",0
1110,5010003049483,12,0,2026-07-06,2026-06-18,"ｉプロパティ２７合同会社",,305,"東京都","千代田区","有楽町１丁目７番１号北館１３階スリーアイズキャピタル株式会社内",,13,101,1000006,,,,,,,2025-11-20,1,,,,,"アイプロパティトゥエンティセブン",0
1111,5010003051984,01,0,2026-07-06,2026-07-06,"合同会社ビーハンター",,305,"東京都","千代田区","神田須田町１丁目７番８号ＶＯＲＴ秋葉原ＩＶ２Ｆ",,13,101,1010041,,,,,,,2026-07-06,1,,,,,"ビーハンター",0
1112,5010005038526,11,0,2026-07-06,2026-06-15,"一般社団法人東京科学大学循環器内科同門会",,399,"東京都","文京区","湯島１丁目５番４５号",,13,105,1130034,,,,,,,2024-07-19,1,,,,,"トウキョウカガクダイガクジュンカンキナイカドウモンカイ",0
1113,5010005041752,11,0,2026-07-06,2026-06-23,"オーロラ一般社団法人",,399,"東京都","千代田区","霞が関３丁目２番５号",,13,101,1000013,,,,,,,2026-05-21,1,,,,,"オーロラ",0
1114,5010005041975,01,0,2026-07-06,2026-07-06,"行政書士法人ＮＥＸＡ",,399,"東京都","中央区","銀座８丁目１８番４号ＴＨＥＦＯＲＭＥＧＩＮＺＡ８Ｆ",,13,102,1040061,,,,,,,2026-07-06,1,,,,,"ネクサ",0
1115,5010005042073,01,0,2026-07-06,2026-07-06,"一般社団法人アケボノ・ツー",,399,"東京都","千代田区","内幸町２丁目１番６号",,13,101,1000011,,,,,,,2026-07-06,1,,,,,"アケボノツー",0
1116,5010101007797,12,0,2026-07-06,2026-07-02,"株式会社モリワキット・ジャパン",,301,"東京都","多摩市","関戸４丁目４番地の２プラウド京王聖蹟桜ヶ丘１７０６",,13,224,2060011,,,,,,,2015-10-05,1,,,,,"モリワキットジャパン",0
1117,5010401097092,12,0,2026-07-06,2026-07-01,"クールクラブス株式会社",,301,"東京都","港区","高輪２丁目１５番８号",,13,103,1080074,,,,,,,2015-10-05,1,,,,,"クールクラブス",0
1118,5010401120259,12,0,2026-07-06,2026-06-30,"ＫＥＩＫＯＵ株式会社",,301,"千葉県","船橋市","飯山満町３丁目１５２０番３号５２８",,12,204,2740822,,,,,,,2015-10-05,1,,,,,"ケイコウ",0
1119,5010401188148,12,0,2026-07-06,2026-06-11,"株式会社どんぞこ",,301,"東京都","港区","六本木７丁目１２番２Ｒ７ビルディングＳｐａｃｅｓ六本木Ｓ‐０４",,13,103,1060032,,,,,,,2025-02-14,1,,,,,"ドンゾコ",0
1120,5010401199888,01,0,2026-07-06,2026-07-06,"株式会社ＳＳ",,301,"東京都","港区","三田１丁目４番５９－Ｗ６０６号",,13,103,1080073,,,,,,,2026-07-06,1,,,,,"エスエス",0
1121,5010401199938,01,0,2026-07-06,2026-07-06,"ＪＩＡＲＥ第１２号株式会社",,301,"東京都","港区","赤坂１丁目８番１号",,13,103,1070052,,,,,,,2026-07-06,1,,,,,"ジェイアイエーアールイーダイジュウニゴウ",0
1122,5010401199970,01,0,2026-07-06,2026-07-06,"ラヴォックスホールディングス株式会社",,301,"東京都","港区","西新橋２丁目８番６号",,13,103,1050003,,,,,,,2026-07-06,1,,,,,"ラヴォックスホールディングス",0
1123,5010402018618,01,1,2026-07-06,2015-10-05,"有限会社ケイズワークス",,302,"東京都","港区","北青山３丁目１３番８号",,13,103,1070061,,,,,,,2015-10-05,1,,,,,"ケイズワークス",0
1124,5010402036149,12,0,2026-07-06,2026-06-11,"有限会社パークプレース",,302,"東京都","目黒区","中目黒３丁目１９番７号パークプレース中目黒",,13,110,1530061,,,,,,,2015-10-05,1,,,,,,0
1125,5010403038417,01,0,2026-07-06,2026-07-06,"合同会社ＴＣ　Ｇｌｏｂａｌ",,305,"東京都","港区","南麻布２丁目８番１７号",,13,103,1060047,,,,,,,2026-07-06,1,,,,,"ティーシーグローバル",0
1126,5010405018680,01,1,2026-07-06,2020-04-22,"一般社団法人Ｇｌｏｃａｌ　Ｓｏｌｕｔｉｏｎｓ　Ｊａｐａｎ",,399,"東京都","港区","西新橋１丁目５番１０号天野ビル７階",,13,103,1050003,,,,,,,2020-04-22,0,,,,,"グローカルソリューションジャパン",0
1127,5010405018680,12,1,2026-07-06,2020-08-17,"一般社団法人Ｇｌｏｃａｌ　Ｓｏｌｕｔｉｏｎｓ　Ｊａｐａｎ",,399,"東京都","千代田区","九段北１丁目１２番４号徳海屋ビル２階３号室",,13,101,1020073,,,,,,,2020-04-22,0,,,,,"グローカルソリューションジャパン",0
1128,5010405018680,12,1,2026-07-06,2023-06-21,"一般社団法人Ｇｌｏｃａｌ　Ｓｏｌｕｔｉｏｎｓ　Ｊａｐａｎ",,399,"東京都","中央区","銀座３丁目９番１９号吉澤ビル７Ｆ",,13,102,1040061,,,,,,,2020-04-22,1,,,,,"グローカルソリューションジャパン",0
1129,5010501009559,12,0,2026-07-06,2026-07-01,"トップラン株式会社",,301,"東京都","台東区","浅草５丁目６５番６号",,13,106,1110032,,,,,,,2015-10-05,1,,,,,"トップラン",0
1130,5010501056114,01,0,2026-07-06,2026-07-06,"株式会社ＲＩＴＯ",,301,"東京都","台東区","谷中５丁目１－１０木村ビル２０１号室",,13,106,1100001,,,,,,,2026-07-06,1,,,,,"リト",0
1131,5010501056122,01,0,2026-07-06,2026-07-06,"ヘリオス株式会社",,301,"東京都","台東区","元浅草１丁目１９番４－２０２号",,13,106,1110041,,,,,,,2026-07-06,1,,,,,"ヘリオス",0
1132,5010502014896,21,0,2026-07-06,2026-06-30,"有限会社ヒカリ・グループ三鈴靴店",,302,"東京都","台東区","清川１丁目１６番１２号",,13,106,1110022,,,2026-06-30,01,,,2015-10-05,1,,,,,"ヒカリグループミスズクツテン",0
1133,5010601023971,21,0,2026-07-06,2026-06-19,"株式会社ブルーム",,301,"千葉県","柏市","関場町５番４６号",,12,217,2770028,,,2026-06-19,01,,,2015-10-05,1,,,,,"ブルーム",0
1134,5010601065262,12,0,2026-07-06,2026-07-02,"株式会社アベリア",,301,"東京都","中央区","銀座１丁目１６－７銀座大栄ビル５Ｆ",,13,102,1040061,,,,,,,2024-05-28,1,,,,,"アベリア",0
1135,5010601069486,01,0,2026-07-06,2026-07-06,"株式会社ライフ・リデザイン",,301,"東京都","江東区","越中島２丁目１番３２－８０２号",,13,108,1350044,,,,,,,2026-07-06,1,,,,,"ライフリデザイン",0
1136,5010602020290,12,0,2026-07-06,2026-07-01,"９７１株式会社",,301,"埼玉県","白岡市","高岩１２８０番地１５ツインルーフおもだか１号棟",,11,246,3490213,,,,,,,2015-10-05,1,,,,,"クナイ",0
1137,5010603012353,01,0,2026-07-06,2026-07-06,"魚真総合サービス合同会社",,305,"東京都","墨田区","墨田２丁目２７番１４号",,13,107,1310031,,,,,,,2026-07-06,1,,,,,"ウオマサソウゴウサービス",0
1138,5010701002520,01,1,2026-07-06,2015-10-05,"株式会社錦成堂",,301,"東京都","品川区","荏原３丁目６番１３－１１０２号",,13,109,1420063,,,,,,,2015-10-05,1,,,,,"キンセイドウ",0
1139,5010801037532,01,0,2026-07-06,2026-07-06,"株式会社ＳＥＩＨＯＫＵ‐ＮＥＸＴ",,301,"東京都","大田区","南馬込３丁目１７番１６号",,13,111,1430025,,,,,,,2026-07-06,1,,,,,"セイホクネクスト",0
1140,5010803005891,01,0,2026-07-06,2026-07-06,"合同会社縁",,305,"東京都","大田区","矢口３丁目１番１２－２０２号",,13,111,1460093,,,,,,,2026-07-06,1,,,,,"エニシ",0
1141,5010901036780,12,0,2026-07-06,2026-06-22,"株式会社Ａｒｔｅｆａｃｔ",,301,"東京都","目黒区","自由が丘２丁目１６番１２号ＲＪ３",,13,110,1520035,,,,,,,2015-10-05,1,,,,,"アーティファクト",0
1142,5010901042291,12,0,2026-07-06,2026-06-11,"ＳＵＮＣＨＯＩ株式会社",,301,"東京都","千代田区","内神田１丁目８－９福田ビル２０４号",,13,101,1010047,,,,,,,2018-06-20,1,,,,,"サンチョイ",0
1143,5010901059872,01,0,2026-07-06,2026-07-06,"株式会社アポロス",,301,"東京都","世田谷区","北沢３丁目２０番１８号",,13,112,1550031,,,,,,,2026-07-06,1,,,,,"アポロス",0
1144,5010902001560,01,1,2026-07-06,2015-10-05,"有限会社Ｉｎｔｅｒｆａｃｅ",,302,"東京都","世田谷区","上北沢１丁目２６番１号",,13,112,1560057,,,,,,,2015-10-05,1,,,,,"インターフェイス",0
1145,5011001052644,12,0,2026-07-06,2026-06-11,"株式会社吉村靖孝建築設計事務所",,301,"東京都","渋谷区","千駄ヶ谷３丁目３番１６－７０２号",,13,113,1510051,,,,,,,2015-10-05,1,,,,,"ヨシムラヤスタカケンチクセッケイジムショ",0
1146,5011001067279,12,0,2026-07-06,2026-06-16,"いろは株式会社",,301,"東京都","渋谷区","神泉町２－８小島ハイツ２０４",,13,113,1500045,,,,,,,2015-10-05,1,,,,,"イロハ",0
1147,5011001069309,12,0,2026-07-06,2026-06-16,"株式会社ハイフン",,301,"東京都","渋谷区","千駄ヶ谷４丁目２９番１２号北参道ダイヤモンドパレス６０１号室",,13,113,1510051,,,,,,,2015-10-05,1,,,,,"ハイフン",0
1148,5011001093135,12,0,2026-07-06,2026-06-16,"あしカラダ株式会社",,301,"東京都","渋谷区","渋谷３丁目１７－４アクシーズ７号館ビル３Ｆ",,13,113,1500002,,,,,,,2015-10-05,1,,,,,"アシカラダ",0
1149,5011001100650,12,0,2026-07-06,2026-06-16,"株式会社００ｗｏｒｋｓ",,301,"東京都","渋谷区","円山町５－１８道玄坂スクエア５０３",,13,113,1500044,,,,,,,2015-10-05,1,,,,,"ゼロゼロワークス",0
1150,5011001105385,01,1,2026-07-06,2015-10-05,"ＤＯＵＢＬＥ　ＲＡＩＮＢＯＷ株式会社",,301,"東京都","渋谷区","千駄ヶ谷１丁目２７番１３－Ｂ３２号",,13,113,1510051,,,,,,,2015-10-05,1,,,,,"ダブルレインボウ",0
1151,5011001112084,12,0,2026-07-06,2026-06-11,"ボードウォーク・キャピタル株式会社",,301,"東京都","目黒区","中目黒３丁目１９番７号パークプレース中目黒",,13,110,1530061,,,,,,,2016-07-28,1,,,,,,0
1152,5011001162996,12,0,2026-07-06,2026-07-02,"株式会社ＰＧ　Ａｓｓｅｔ",,301,"東京都","品川区","西五反田８丁目２番１３－４０５号",,13,109,1410031,,,,,,,2024-06-27,1,,,,,"ピージーアセット",0
1153,5011001178927,01,0,2026-07-06,2026-07-06,"株式会社ｙｏｋ．",,301,"東京都","渋谷区","富ヶ谷２丁目２２－１２－５Ｆ",,13,113,1510063,,,,,,,2026-07-06,1,,,,,"ヨーク",0
1154,5011002017712,12,0,2026-07-06,2026-06-24,"有限会社スタジオ・ジィー・ボイス",,302,"東京都","渋谷区","神宮前５丁目５番２号メゾン・ダルブル２０１号",,13,113,1500001,,,,,,,2015-10-05,1,,,,,"スタジオジィーボイス",0
1155,5011101014073,12,0,2026-07-06,2026-07-02,"東新重機販売株式会社",,301,"東京都","中野区","東中野４丁目７番１３号",,13,114,1640003,,,,,,,2015-10-05,1,,,,,"トウシンジュウキハンバイ",0
1156,5011101073730,12,0,2026-07-06,2026-07-02,"ＷＨＯＯＰ　ＪＡＰＡＮ株式会社",,301,"東京都","港区","赤坂７丁目１０－９伊藤ビル３Ｆ",,13,103,1070052,,,,,,,2015-10-05,1,,,,,"フープジャパン",0
1157,5011101074737,12,0,2026-07-06,2026-07-02,"ＴＭＧ株式会社",,301,"東京都","中野区","東中野４丁目７番１３号",,13,114,1640003,,,,,,,2015-10-05,1,,,,,"ティーエムジー",0
1158,5011105000714,01,1,2026-07-06,2015-10-05,"日本基督教団千代田教会",,399,"東京都","新宿区","四谷坂町４番３４号",,13,104,1600002,,,,,,,2015-10-05,1,,,,,"ニホンキリストキョウダンチヨダキョウカイ",0
1159,5011203003346,11,0,2026-07-06,2026-05-20,"株式会社Ｄｉｇｉｔａｌ　Ｓｍａｒｔｈａｎｄｓ",,301,"東京都","中野区","中野４丁目１０番２号中野セントラルパークサウス２階",,13,114,1640001,,,,,,,2020-07-14,1,,,,,"デジタルスマートハンズ",0
1160,5011301028906,12,0,2026-07-06,2026-07-02,"株式会社善和",,301,"東京都","文京区","本郷１丁目３５番２６号ＳＫＹＴＥＣビル４階",,13,105,1130033,,,,,,,2023-08-10,1,,,,,"ゼンワ",0
1161,5011301031661,01,0,2026-07-06,2026-07-06,"株式会社ＭＡ",,301,"東京都","杉並区","荻窪５丁目１３番３号和光ビル４０３",,13,115,1670051,,,,,,,2026-07-06,1,,,,,"エムエー",0
1162,5011402004624,21,0,2026-07-06,2026-07-01,"有限会社城北装美",,302,"東京都","荒川区","荒川６丁目５２番４号",,13,118,1160002,,,2026-07-01,01,,,2015-10-05,1,,,,,"ジョウホクソウビ",0
1163,5011403003138,12,0,2026-07-06,2026-06-11,"株式会社クラウドホスト",,301,"東京都","港区","麻布十番１丁目２番７号",,13,103,1060045,,,,,,,2020-10-16,1,,,,,"クラウドホスト",0
1164,5011501033532,01,0,2026-07-06,2026-07-06,"株式会社美ＲＥ",,301,"東京都","荒川区","南千住７丁目１７番５号－６０３",,13,118,1160003,,,,,,,2026-07-06,1,,,,,"ミレ",0
1165,5011503007030,01,0,2026-07-06,2026-07-06,"合同会社ＬＵＣＡ",,305,"東京都","北区","東田端１丁目２番８－４０１号早川住建（株）田端マンション",,13,117,1140013,,,,,,,2026-07-06,1,,,,,"ルカ",0
1166,5011601027450,12,0,2026-07-06,2026-06-26,"元宝の富株式会社",,301,"東京都","北区","滝野川２丁目１０番１４号カーサ・アルスール",,13,117,1140023,,,,,,,2024-01-16,1,,,,,"ゲンポウノトミ",0
1167,5011601029711,01,0,2026-07-06,2026-07-06,"株式会社佐藤舗道",,301,"東京都","練馬区","大泉町１丁目８番８号ヴィラ清水山２０２",,13,120,1780062,,,,,,,2026-07-06,1,,,,,"サトウホドウ",0
1168,5011603005181,01,0,2026-07-06,2026-07-06,"フロントアカデミア合同会社",,305,"東京都","練馬区","東大泉１丁目２８番２－１８０５号",,13,120,1780063,,,,,,,2026-07-06,1,,,,,"フロントアカデミア",0
1169,5011801000620,01,1,2026-07-06,2015-10-05,"エステート中栄株式会社",,301,"東京都","葛飾区","青戸２丁目２１番２号",,13,122,1250062,,,,,,,2015-10-05,1,,,,,"エステートチュウエイ",0
1170,5011805002183,12,0,2026-07-06,2026-06-05,"特定非営利活動法人足立ほがらかネットワーク",,399,"東京都","足立区","中央本町３丁目１４－２５－１２３",,13,121,1210011,,,,,,,2015-10-05,1,,,,,"アダチホガラカネットワーク",0
1171,5012401044644,01,0,2026-07-06,2026-07-06,"株式会社Ｂ．Ｐ．Ｃｏｎｓｕｌｔｉｎｇ",,301,"東京都","小金井市","東町１丁目１８番５号",,13,210,1840011,,,,,,,2026-07-06,1,,,,,"ビーピーコンサルティング",0
1172,5012402013037,12,0,2026-07-06,2026-06-30,"有限会社湯舟材木店",,302,"埼玉県","さいたま市大宮区","上小町１１４０番地コスモ大宮プレステージ４０５号室",,11,103,3300855,,,,,,,2015-10-05,1,,,,,"ユフネザイモクテン",0
1173,5012402022681,11,0,2026-07-06,2026-06-24,"ＩＳＥＩ有限会社",,302,"東京都","武蔵野市","吉祥寺南町３丁目１２番１１号船津方",,13,203,1800003,,,,,,,2015-10-05,1,,,,,"イセイ",0
1174,5012403007855,01,0,2026-07-06,2026-07-06,"ＢＵＧ‐ＳＹＳＴＥＭ合同会社",,305,"東京都","多摩市","貝取１５０８番地の４チェリー商事ビル２階",,13,224,2060012,,,,,,,2026-07-06,1,,,,,"バグシステム",0
1175,5013301038645,12,0,2026-07-06,2026-06-29,"株式会社システムサポート",,301,"長野県","松本市","中央１丁目１５番７号ハネサム松本６０３号",,20,202,3900811,,,,,,,2016-04-08,1,,,,,"システムサポート",0
1176,5013301056440,01,0,2026-07-06,2026-07-06,"株式会社ＢＬＡＳＴ",,301,"東京都","豊島区","東池袋２丁目６２番８号ＢＩＧオフィスプラザ池袋１２０６",,13,116,1700013,,,,,,,2026-07-06,1,,,,,"ブラスト",0
1177,5020001088169,01,1,2026-07-06,2015-10-05,"株式会社ワイズ",,301,"神奈川県","横浜市保土ケ谷区","峰沢町１０５番地－１－２０２",,14,106,2400061,,,,,,,2015-10-05,0,,,,,"ワイズ",0
1178,5020001088169,12,1,2026-07-06,2026-06-17,"株式会社ワイズ",,301,"神奈川県","横浜市都筑区","茅ケ崎中央３１－１２ネオプラザプリッツ２０２",,14,118,2240032,,,,,,,2015-10-05,1,,,,,"ワイズ",0
1179,5020001104207,01,1,2026-07-06,2015-10-05,"株式会社ＫＥＹ３ｐｌｕｓ",,301,"神奈川県","横浜市青葉区","荏子田２丁目３４番地６",,14,117,2250005,,,,,,,2015-10-05,1,,,,,,0
1180,5020001142999,11,0,2026-07-06,2026-06-18,"株式会社モモノハナ",,301,"東京都","渋谷区","渋谷２丁目１９番１５号宮益坂ビルディング６０９",,13,113,1500002,,,,,,,2021-09-17,1,,,,,"ワカキ",0
1181,5020001169316,01,0,2026-07-06,2026-07-06,"Ｖｉｒｅｎｔｏ　Ｊａｐａｎ株式会社",,301,"神奈川県","川崎市中原区","新丸子東３丁目１１００番地１５－Ｓ３７０１",,14,133,2110004,,,,,,,2026-07-06,1,,,,,"ヴィレントジャパン",0
1182,5020001169332,01,0,2026-07-06,2026-07-06,"株式会社ＭＫＣＮ",,301,"神奈川県","横浜市青葉区","藤が丘２丁目１０番地３",,14,117,2270043,,,,,,,2026-07-06,1,,,,,"エムケーシーエヌ",0
1183,5020002016616,12,0,2026-07-06,2026-07-01,"有限会社榮商事",,302,"神奈川県","横浜市西区","戸部本町３１番２号ＦＫ＆Ｙ２階",,14,103,2200041,,,,,,,2015-10-05,1,,,,,,0
1184,5020002069036,01,1,2026-07-06,2015-10-05,"有限会社中嶋綜合企画",,302,"神奈川県","横浜市中区","南仲通１丁目１３番地アール・ケープラザ横浜関内１０８",,14,104,2310006,,,,,,,2015-10-05,1,,,,,"ナカジマソウゴウキカク",0
1185,5020002075067,01,1,2026-07-06,2015-10-05,"有限会社ウィッシュ・コーポレーション",,302,"神奈川県","横浜市港北区","篠原東１丁目４番１０号",,14,109,2220022,,,,,,,2015-10-05,0,,,,,"ウィッシュコーポレーション",0
1186,5020002075067,12,1,2026-07-06,2016-08-05,"有限会社ウィッシュ・コーポレーション",,302,"神奈川県","横浜市港北区","綱島東１丁目１３番７－５０４号",,14,109,2230052,,,,,,,2015-10-05,0,,,,,"ウィッシュコーポレーション",0
1187,5020002075067,12,1,2026-07-06,2026-06-24,"有限会社ウィッシュ・コーポレーション",,302,"神奈川県","横浜市港北区","樽町１丁目１８番４３－４０４号",,14,109,2220001,,,,,,,2015-10-05,1,,,,,"ウィッシュコーポレーション",0
1188,5020005001367,01,1,2026-07-06,2015-10-05,"医療法人横浜柏堤会",,399,"神奈川県","横浜市戸塚区","戸塚町１１６番地",,14,110,2440003,,,,,,,2015-10-05,0,,,,,"ヨコハマハクテイカイ",0
1189,5020005001367,11,1,2026-07-06,2020-03-27,"医療法人横浜未来ヘルスケアシステム",,399,"神奈川県","横浜市戸塚区","戸塚町１１６番地",,14,110,2440003,,,,,,,2015-10-05,0,,,,,"ヨコハマミライヘルスケアシステム",0
1190,5020005001367,71,1,2026-07-06,2023-04-03,"医療法人横浜未来ヘルスケアシステム",,399,"神奈川県","横浜市戸塚区","戸塚町１１６番地",,14,110,2440003,,,,,,"東京都大田区池上二丁目７番１０号医療法人社団松井病院（5010805000701）を合併",2015-10-05,1,,,,,"ヨコハマミライヘルスケアシステム",0
1191,5020005010343,12,0,2026-07-06,2026-06-11,"特定非営利活動法人中国留学生援護会",,399,"神奈川県","横浜市西区","浅間町１丁目４番３号ウィザードビル４０２",,14,103,2200072,,,,,,,2015-10-05,1,,,,,"チュウゴクリュウガクセイエンゴカイ",0
1192,5021001009453,01,1,2026-07-06,2015-10-05,"株式会社ハウスオブポタリー",,301,"神奈川県","鎌倉市","鎌倉山３丁目１７番２５号",,14,204,2480031,,,,,,,2015-10-05,1,,,,,"ハウスオブポタリー",0
1193,5021001088596,01,0,2026-07-06,2026-07-06,"株式会社ＳＯＡＲ　ｐｌｕｓ",,301,"神奈川県","藤沢市","鵠沼石上１丁目９番１～４０１号",,14,205,2510025,,,,,,,2026-07-06,1,,,,,"ソアプラス",0
1194,5021003017660,01,0,2026-07-06,2026-07-06,"合同会社クセジュ",,305,"神奈川県","茅ヶ崎市","幸町４番６号ル・ペシェ３０２",,14,207,2530052,,,,,,,2026-07-06,1,,,,,"クセジュ",0
1195,5030001092888,11,0,2026-07-06,2026-06-26,"株式会社天穹",,301,"東京都","豊島区","東池袋１丁目３９番１５シャトレー東池袋５０６号室",,13,116,1700013,,,,,,,2015-10-05,1,,,,,"テンキュウ",0
1196,5030001116309,21,0,2026-07-06,2026-06-19,"ウルトラ警備保障株式会社",,301,"埼玉県","さいたま市北区","東大成町２丁目４５８番地１",,11,102,3310814,,,2026-06-19,11,7030001004164,"令和８年６月１日埼玉県さいたま市北区東大成町二丁目４５８番地１新興建設工業株式会社（7030001004164）に合併し解散",2016-09-08,1,,,,,"ウルトラケイビホショウ",0
1197,5030001117430,21,0,2026-07-06,2026-06-24,"株式会社Ｇｒａｓｓ　Ｈａｒｐ",,301,"埼玉県","さいたま市南区","鹿手袋４丁目１６番１７号",,11,108,3360031,,,2026-06-24,01,,,2016-11-29,1,,,,,,0
1198,5030001152576,12,0,2026-07-06,2026-06-30,"株式会社Ｅａｒｔｈ　Ｂｒｉｇｈｔ",,301,"埼玉県","さいたま市大宮区","宮町２丁目７４番地４第３秀宝ビル３階",,11,103,3300802,,,,,,,2023-02-28,1,,,,,"アースブライト",0
1199,5030001159522,12,0,2026-07-06,2026-06-29,"ビジュアライズ株式会社",,301,"東京都","練馬区","旭丘１丁目１８番１号アクシス１Ｆ",,13,120,1760005,,,,,,,2024-04-03,1,,,,,"ビジュアライズ",0
1200,5030001173143,01,0,2026-07-06,2026-07-06,"株式会社ＯＫＡＫｅＮ",,301,"埼玉県","深谷市","針ヶ谷１４３３番地７",,11,218,3690213,,,,,,,2026-07-06,1,,,,,"オカケン",0
1201,5030001173151,01,0,2026-07-06,2026-07-06,"Ａ‐ｆｒａｍｅ株式会社",,301,"埼玉県","越谷市","川柳町４丁目２５１番地２",,11,222,3430827,,,,,,,2026-07-06,1,,,,,"エーフレーム",0
1202,5030001173168,01,0,2026-07-06,2026-07-06,"株式会社ＳＧＳ",,301,"埼玉県","坂戸市","大字小沼４２７番地１",,11,239,3500202,,,,,,,2026-07-06,1,,,,,"エスジーエス",0
1203,5030001173176,01,0,2026-07-06,2026-07-06,"ル・メイユール株式会社",,301,"埼玉県","川越市","菅原町２番地３２、２Ｆ",,11,201,3500046,,,,,,,2026-07-06,1,,,,,"ルメイユール",0
1204,5030001173184,01,0,2026-07-06,2026-07-06,"株式会社布施塗装興業",,301,"埼玉県","川口市","東領家４丁目１４番２０号",,11,203,3320003,,,,,,,2026-07-06,1,,,,,"フセトソウコウギョウ",0
1205,5030002100245,01,1,2026-07-06,2015-10-05,"有限会社飯田ビル",,302,"埼玉県","川口市","幸町３丁目８番８号",,11,203,3320016,,,,,,,2015-10-05,1,,,,,"イイダビル",0
1206,5030003016894,12,0,2026-07-06,2026-06-26,"株式会社エイト",,301,"栃木県","鹿沼市","茂呂２４８４番地５",,09,205,3220026,,,,,,,2021-03-23,1,,,,,"エイト",0
1207,5030003029574,01,0,2026-07-06,2026-07-06,"ＡＧＲＩＣＵＬＴＵＲＥ　ＫＵＭＡＧＡＹＡ合同会社",,305,"埼玉県","熊谷市","下奈良１０１３番地",,11,202,3600802,,,,,,,2026-07-06,1,,,,,"アグリカルチャークマガヤ",0
1208,5030003029582,01,0,2026-07-06,2026-07-06,"テイケイワークス合同会社",,305,"埼玉県","熊谷市","下奈良１３３１番地１ピュアメゾンシエロ２１０号室",,11,202,3600802,,,,,,,2026-07-06,1,,,,,"テイケイワークス",0
1209,5030005022560,01,0,2026-07-06,2026-07-06,"ＮＰＯ法人Ｇｒｅｅｎ　Ｍｏｎｓｔｅｒ",,399,"埼玉県","さいたま市岩槻区","大字飯塚字宮下７３４－１",,11,110,3390031,,,,,,,2026-07-06,1,,,,,"グリーンモンスター",0
1210,5040001089495,12,0,2026-07-06,2026-06-19,"株式会社プレミアム",,301,"千葉県","袖ケ浦市","神納４０７１番地１０６",,12,229,2990257,,,,,,,2015-10-05,1,,,,,"プレミアム",0
1211,5040001095444,01,1,2026-07-06,2016-05-27,"株式会社真松会",,301,"千葉県","松戸市","小金原５丁目７番地の１１",,12,207,2700021,,,,,,,2016-05-27,1,,,,,"シンショウカイ",0
1212,5040001144408,01,0,2026-07-06,2026-07-06,"株式会社Ｌｉｎｋａｇｅ",,301,"千葉県","船橋市","宮本６丁目３１番１４号",,12,204,2730003,,,,,,,2026-07-06,1,,,,,"リンケージ",0
1213,5040002015566,01,1,2026-07-06,2015-10-05,"有限会社コンサルティー",,302,"千葉県","千葉市花見川区","千種町３４０番地の６７",,12,102,2620012,,,,,,,2015-10-05,0,,,,,"コンサルティー",0
1214,5040002015566,12,1,2026-07-06,2017-09-07,"有限会社コンサルティー",,302,"千葉県","千葉市稲毛区","宮野木町２１０９番地１８",,12,103,2630054,,,,,,,2015-10-05,1,,,,,"コンサルティー",0
1215,5050005010407,01,1,2026-07-06,2015-10-05,"東持寺",,399,"茨城県","結城市","大字上山川３２２６番地",,08,207,3070021,,,,,,,2015-10-05,1,,,,,"トウジジ",0
1216,5060001018485,01,1,2026-07-06,2015-10-05,"亀清産業株式会社",,301,"栃木県","足利市","多田木町７４番地",,09,202,3294214,,,,,,,2015-10-05,1,,,,,"カメキヨサンギョウ",0
1217,5060001039424,01,0,2026-07-06,2026-07-06,"株式会社サン・フィールド・ゲート",,301,"栃木県","下都賀郡野木町","大字友沼６４０９番地１４",,09,364,3290101,,,,,,,2026-07-06,1,,,,,"サンフィールドゲート",0
1218,5070001008709,12,0,2026-07-06,2026-06-30,"株式会社ヨシカワ",,301,"群馬県","高崎市","中大類町３８７番地２",,10,202,3700033,,,,,,,2015-10-05,1,,,,,"ヨシカワ",0
1219,5070001039968,12,0,2026-07-06,2026-06-30,"株式会社ＮＩＰＵＮＩＫＡ　ＩＮＴＥＲＮＡＴＩＯＮＡＬ",,301,"埼玉県","深谷市","小前田９２８番地２",,11,218,3691246,,,,,,,2023-01-06,1,,,,,"ニプニカインターナショナル",0
1220,5070001044274,01,0,2026-07-06,2026-07-06,"株式会社黒沢組",,301,"群馬県","前橋市","富士見町時沢７４７番地１１",,10,201,3710104,,,,,,,2026-07-06,1,,,,,"クロサワグミ",0
1221,5070002013897,01,1,2026-07-06,2015-10-05,"有限会社筒井",,302,"群馬県","高崎市","金古町１８１１番地５",,10,202,3703511,,,,,,,2015-10-05,1,,,,,"ツツイ",0
1222,5070003006479,01,0,2026-07-06,2026-07-06,"ＧＵＮＭＡ　ＲＯＣＯＭＡＲＹ合同会社",,305,"群馬県","館林市","北成島町１８３５番地２",,10,207,3740057,,,,,,,2026-07-06,1,,,,,"グンマロコマリ",0
1223,5080001027690,01,0,2026-07-06,2026-07-06,"日昇ホールディングス株式会社",,301,"静岡県","静岡市葵区","紺屋町１７番地の１葵タワー１階",,22,101,4200852,,,,,,,2026-07-06,1,,,,,"ニッショウホールディングス",0
1224,5080005007805,01,0,2026-07-06,2026-07-06,"一般社団法人ＡｚｕｌＮｅｓｔ",,399,"静岡県","静岡市駿河区","宮川３９番地の２０",,22,102,4228024,,,,,,,2026-07-06,1,,,,,"アズールネスト",0
1225,5080101023177,21,0,2026-07-06,2026-06-30,"鈴木商事株式会社",,301,"静岡県","富士市","八代町８番１７号",,22,210,4170024,,,2026-06-30,01,,,2022-03-30,1,,,,,"スズキショウジ",0
1226,5080401015510,21,0,2026-07-06,2026-06-26,"株式会社つり道場",,301,"静岡県","御前崎市","白羽６５１０番地の１",,22,223,4371622,,,2026-06-26,01,,,2015-10-05,1,,,,,"ツリドウジョウ",0
1227,5080401017721,01,1,2026-07-06,2015-10-05,"株式会社ユタカ工業",,301,"静岡県","袋井市","鷲巣３７５番地の６",,22,216,4370017,,,,,,,2015-10-05,1,,,,,"ユタカコウギョウ",0
1228,5080401028693,01,0,2026-07-06,2026-07-06,"あすかや株式会社",,301,"静岡県","掛川市","細田１６８番地の４",,22,213,4360048,,,,,,,2026-07-06,1,,,,,"アスカヤ",0
1229,5080401028702,01,0,2026-07-06,2026-07-06,"ＡＸＩＳ　Ｂｕｉｌｄ　Ｐａｒｔｎｅｒ株式会社",,301,"静岡県","御前崎市","新野８１１番地の２",,22,223,4371611,,,,,,,2026-07-06,1,,,,,"アクシズビルドパートナー",0
1230,5080402010758,01,1,2026-07-06,2015-10-05,"有限会社食品館",,302,"静岡県","浜松市南区","新貝町２３９番地の１",,22,134,4350023,,,,,,,2015-10-05,0,,,,,"ショクヒンカン",0
1231,5080402010758,12,1,2026-07-06,2024-01-09,"有限会社食品館",,302,"静岡県","浜松市中央区","新貝町２３９番地の１",,22,138,4350023,,,,,,,2015-10-05,1,,,,,"ショクヒンカン",0
1232,5100001017061,12,0,2026-07-06,2026-07-01,"株式会社アンティエイジングリサーチセンター",,301,"長野県","松本市","桐２丁目２番１３－３号",,20,202,3900871,,,,,,,2015-10-05,1,,,,,"アンティエイジングリサーチセンター",0
1233,5100001024652,12,0,2026-07-06,2026-07-01,"株式会社亜天",,301,"長野県","松本市","平田東１丁目１３番１４号",,20,202,3990014,,,,,,,2015-10-05,1,,,,,"アテン",0
1234,5100001026129,01,1,2026-07-06,2015-10-05,"株式会社Ｍｙ保険工房",,301,"長野県","長野市","三輪１丁目１２番８号",,20,201,3800803,,,,,,,2015-10-05,0,,,,,"マイホケンコウボウ",0
1235,5100001026129,12,1,2026-07-06,2026-07-01,"株式会社Ｍｙ保険工房",,301,"長野県","長野市","三輪２丁目４番３４号アザレビル２０１",,20,201,3800803,,,,,,,2015-10-05,1,,,,,"マイホケンコウボウ",0
1236,5100001037877,12,0,2026-07-06,2026-07-01,"株式会社ツミカサネ",,301,"長野県","木曽郡木曽町","新開１９４２番地",,20,432,3970002,,,,,,,2024-09-30,1,,,,,"ツミカサネ",0
1237,5100002027621,01,1,2026-07-06,2015-10-05,"有限会社ホットスマイル介護サービス",,302,"長野県","木曽郡木曽町","福島４８９７番地３",,20,432,3970001,,,,,,,2015-10-05,1,,,,,"ホットスマイルカイゴサービス",0
1238,5110001023802,01,1,2026-07-06,2015-10-05,"株式会社内田",,301,"新潟県","長岡市","与板町与板乙５８７９番地１３",,15,202,9402402,,,,,,,2015-10-05,1,,,,,"ウチダ",0
1239,5110001027051,01,1,2026-07-06,2015-10-05,"株式会社星健",,301,"新潟県","魚沼市","田戸４１３番地１",,15,225,9497402,,,,,,,2015-10-05,1,,,,,"ホシケン",0
1240,5110003006210,01,0,2026-07-06,2026-07-06,"合同会社ｂｅｎｅａｔｈ",,305,"新潟県","新潟市西区","松海が丘２丁目７番２２号",,15,107,9502075,,,,,,,2026-07-06,1,,,,,"ベニース",0
1241,5110003006227,01,0,2026-07-06,2026-07-06,"合同会社ギブワン",,305,"新潟県","新潟市中央区","上大川前通７番町１２４１番地１ライオンズシティ新潟５０３号",,15,103,9518068,,,,,,,2026-07-06,1,,,,,"ギブワン",0
1242,5110005009665,21,0,2026-07-06,2026-06-29,"特定非営利活動法人フェニックス",,399,"新潟県","上越市","南城町２丁目９番１１号",,15,222,9430837,,,2026-06-29,01,,,2015-10-05,1,,,,,"フェニックス",0
1243,5120001014643,11,0,2026-07-06,2026-06-26,"株式会社Ｅｓｔｅｌｌａ",,301,"大阪府","大阪市城東区","関目５丁目１５番３１号",,27,118,5360008,,,,,,,2015-10-05,1,,,,,"エステラ",0
1244,5120001084785,01,1,2026-07-06,2015-10-05,"Ｔ・Ｓエンジニアリング株式会社",,301,"大阪府","大阪市西区","立売堀１丁目４番９号",,27,106,5500012,,,,,,,2015-10-05,1,,,,,"ティーエスエンジニアリング",0
1245,5120001204401,01,1,2026-07-06,2017-03-16,"株式会社おうび",,301,"大阪府","大阪市北区","梅田１丁目２番２－２００号",,27,127,5300001,,,,,,,2017-03-16,0,,,,,"オウビ",0
1246,5120001204401,12,1,2026-07-06,2023-08-21,"株式会社おうび",,301,"大阪府","大阪市天王寺区","南河堀町９番４３号",,27,109,5430054,,,,,,,2017-03-16,0,,,,,"オウビ",0
1247,5120001204401,12,1,2026-07-06,2026-07-01,"株式会社おうび",,301,"大阪府","大阪市阿倍野区","阿倍野筋３丁目４番１２号",,27,119,5450052,,,,,,,2017-03-16,1,,,,,"オウビ",0
1248,5120001237896,12,0,2026-07-06,2026-07-01,"株式会社ＧＥＮ",,301,"東京都","新宿区","新宿６丁目１０番１号ＮＩＳＳＥＩＳＨＩＮＪＵＫＵＢｌｄｇ．４階",,13,104,1600022,,,,,,,2021-06-02,1,,,,,"ゲン",0
1249,5120001255626,12,0,2026-07-06,2026-06-26,"株式会社エンリッチ",,301,"大阪府","大阪市中央区","玉造２丁目２５番１号アバンティオ玉造４階",,27,128,5400004,,,,,,,2023-06-13,1,,,,,"エンリッチ",0
1250,5120001258397,21,0,2026-07-06,2026-06-30,"魔鏡株式会社",,301,"大阪府","大阪市福島区","大開２丁目６番９－４０３号",,27,103,5530007,,,2026-06-30,01,,,2023-09-29,1,,,,,"マキョウ",0
1251,5120001269147,12,0,2026-07-06,2026-07-01,"株式会社ｆｏｕｒ　ｎｉｎｅ",,301,"愛知県","名古屋市中村区","名駅４丁目２４番５号第２森ビル４０１",,23,105,4500002,,,,,,,2024-10-07,1,,,,,"フォーナイン",0
1252,5120001276622,12,0,2026-07-06,2026-06-30,"優衣尚株式会社",,301,"大阪府","大阪市城東区","鴫野東１丁目６番９－Ｂ４０２号",,27,118,5360013,,,,,,,2025-06-09,1,,,,,"ユウイショウ",0
1253,5120001282562,11,0,2026-07-06,2026-06-30,"株式会社ＣＲＯＳＳ．ＡＤＸ",,301,"大阪府","大阪市中央区","南船場１丁目５番１８号南船場第２クロスビル７０３号室",,27,128,5420081,,,,,,,2025-12-08,1,,,,,"クロスアデックス",0
1254,5120001283379,12,0,2026-07-06,2026-06-29,"心斎橋ホスピタリティマネジメント株式会社",,301,"大阪府","大阪市中央区","南船場３丁目１２番１４号ＱＵＡＲＴＺＳＨＩＮＳＡＩＢＡＳＨＩ１３階",,27,128,5420081,,,,,,,2026-01-08,1,,,,,"シンサイバシホスピタリティマネジメント",0
1255,5120001287504,01,0,2026-07-06,2026-07-06,"ＶＩＲＥＡ株式会社",,301,"大阪府","大阪市浪速区","日本橋５丁目６番２２号",,27,111,5560005,,,,,,,2026-07-06,1,,,,,"ヴィレア",0
1256,5120001287520,01,0,2026-07-06,2026-07-06,"株式会社ＫＳ",,301,"大阪府","大阪市福島区","大開１丁目１３番３５号３階",,27,103,5530007,,,,,,,2026-07-06,1,,,,,"ケーエス",0
1257,5120001287561,01,0,2026-07-06,2026-07-06,"株式会社ブリリアントフーズ",,301,"大阪府","大阪市西区","西本町１丁目２番１号ＡＸＩＳ本町ビル８０１号",,27,106,5500005,,,,,,,2026-07-06,1,,,,,"ブリリアントフーズ",0
1258,5120003032973,01,0,2026-07-06,2026-07-06,"合同会社トラストサポート",,305,"大阪府","大阪市北区","西天満５丁目８番１５号",,27,127,5300047,,,,,,,2026-07-06,1,,,,,"トラストサポート",0
1259,5120003032998,01,0,2026-07-06,2026-07-06,"唯識工房合同会社",,305,"大阪府","大阪市旭区","太子橋１丁目２６番３号",,27,117,5350001,,,,,,,2026-07-06,1,,,,,"ユイシキコウボウ",0
1260,5120005020654,12,0,2026-07-06,2026-07-01,"医療法人晴琉会",,399,"大阪府","大阪市西成区","鶴見橋２丁目８番５号ふじのやハウス１階",,27,122,5570031,,,,,,,2019-01-16,1,,,,,"セイリュウカイ",0
1261,5120101073960,01,0,2026-07-06,2026-07-06,"株式会社ホープハウジング",,301,"大阪府","堺市東区","大美野１６２番地９９ＣｉｔｙＬｉｆｅＢｕｉｌｄＩＩ４Ｆ",00144184,27,143,5998126,,,,,,,2026-07-06,1,,,,,"ホープハウジング",0
1262,5120101074018,01,0,2026-07-06,2026-07-06,"株式会社栄和防災",,301,"大阪府","堺市西区","菱木３丁２６０３番地２",,27,144,5938315,,,,,,,2026-07-06,1,,,,,"エイワボウサイ",0
1263,5120103007231,01,0,2026-07-06,2026-07-06,"弘泰建設合同会社",,305,"大阪府","和泉市","伏屋町１丁目５番１９－１０１号",,27,219,5940031,,,,,,,2026-07-06,1,,,,,"コウダイケンセツ",0
1264,5120105000341,12,0,2026-07-06,2026-06-30,"協同組合南大阪商工振興会",,399,"大阪府","大阪市住之江区","西住之江１丁目４番３号１０６号",,27,125,5590005,,,,,,,2015-10-05,1,,,,,"ミナミオオサカショウコウシンコウカイ",0
1265,5120902006160,01,1,2026-07-06,2015-10-05,"有限会社木陰",,302,"大阪府","吹田市","山田東２丁目２５番１６号",,27,205,5650821,,,,,,,2015-10-05,1,,,,,"キカゲ",0
1266,5120902008330,21,0,2026-07-06,2026-06-30,"有限会社エムテクニカ",,302,"大阪府","摂津市","千里丘東４丁目２０番２９号",,27,224,5660011,,,2026-06-30,01,,,2015-10-05,1,,,,,"エムテクニカ",0
1267,5120902019658,01,1,2026-07-06,2015-10-05,"有限会社フローレンス",,302,"大阪府","豊中市","若竹町２丁目１３番３２号",,27,203,5610811,,,,,,,2015-10-05,1,,,,,"フローレンス",0
1268,5122001012981,01,1,2026-07-06,2015-10-05,"株式会社イヨパック",,301,"大阪府","東大阪市","日下町５丁目８番１２号",,27,227,5798003,,,,,,,2015-10-05,1,,,,,"イヨパック",0
1269,5122001040685,01,0,2026-07-06,2026-07-06,"株式会社富商",,301,"大阪府","大東市","三箇４丁目１０番７号インテンス大東１Ｂ",,27,218,5740077,,,,,,,2026-07-06,1,,,,,"トミショウ",0
1270,5130001068812,21,0,2026-07-06,2026-06-18,"株式会社ビーコーポレーション",,301,"京都府","宇治市","宇治蛇塚１番地の２１",00122377,26,204,6110021,,,2026-06-18,01,,,2021-03-11,1,,,,,"ビーコーポレーション",0
1271,5130002002729,01,1,2026-07-06,2015-10-05,"有限会社西陣鳥岩楼",,302,"京都府","京都市上京区","五辻通大宮西入五辻町７５番地",00036897,26,102,6028446,,,,,,,2015-10-05,1,,,,,"ニシジントリイワロウ",0
1272,5140001133598,12,0,2026-07-06,2026-07-01,"株式会社咲良",,301,"兵庫県","姫路市","飾磨区今在家７丁目８番地",,28,201,6728079,,,,,,,2024-03-07,1,,,,,"サクラ",0
1273,5140001142814,12,0,2026-07-06,2026-07-02,"ファースト陸送株式会社",,301,"兵庫県","神戸市中央区","布引町１丁目１番８号新神戸ＳＯＵＴＨＥＲＮビル３０３",,28,110,6510097,,,,,,,2026-05-19,1,,,,,"ファーストリクソウ",0
1274,5140001143259,01,0,2026-07-06,2026-07-06,"ＫＵＭＵＡ株式会社",,301,"兵庫県","芦屋市","松ノ内町４番２３号",,28,206,6590094,,,,,,,2026-07-06,1,,,,,"クムア",0
1275,5140001143317,01,0,2026-07-06,2026-07-06,"株式会社ユズシマクリエイト",,301,"兵庫県","伊丹市","北野６丁目１５番地２",,28,207,6640007,,,,,,,2026-07-06,1,,,,,"ユズシマクリエイト",0
1276,5140003023822,01,0,2026-07-06,2026-07-06,"合同会社ボジラール",,305,"兵庫県","神戸市中央区","中山手通３丁目７番２８－５１２号",,28,110,6500004,,,,,,,2026-07-06,1,,,,,"ボジラール",0
1277,5160001027749,01,0,2026-07-06,2026-07-06,"株式会社山秀ファーム",,301,"滋賀県","東近江市","建部堺町２１５番地",,25,213,5270004,,,,,,,2026-07-06,1,,,,,"ヤマヒデファーム",0
1278,5160005005858,01,1,2026-07-06,2015-10-05,"猿田彦神社",,399,"滋賀県","東近江市","市子殿町７３６番地",,25,213,5291537,,,,,,,2015-10-05,1,,,,,"サルタヒコジンジャ",0
1279,5160005005908,01,1,2026-07-06,2015-10-05,"天満神社",,399,"滋賀県","東近江市","市子川原町３８２番地",,25,213,5291531,,,,,,,2015-10-05,1,,,,,"テンマンジンジャ",0
1280,5160005008027,01,1,2026-07-06,2015-10-05,"農事組合法人白王町集落営農組合",,399,"滋賀県","近江八幡市","白王町１６５２番地２",,25,204,5230803,,,,,,,2015-10-05,1,,,,,"シラオウチョウシュウラクエイノウクミアイ",0
1281,5180001020594,01,1,2026-07-06,2015-10-05,"ノハラ株式会社",,301,"愛知県","名古屋市中川区","露橋１丁目２６番５号",,23,110,4540022,,,,,,,2015-10-05,0,,,,,"ノハラ",0
1282,5180001020594,12,1,2026-07-06,2016-06-28,"ノハラ株式会社",,301,"愛知県","名古屋市中川区","露橋１丁目１６番９号",,23,110,4540022,,,,,,,2015-10-05,1,,,,,"ノハラ",0
1283,5180002018530,01,1,2026-07-06,2015-10-05,"有限会社田口工機",,302,"愛知県","名古屋市中川区","明徳町２丁目３３番地",,23,110,4540857,,,,,,,2015-10-05,1,,,,,"タグチコウキ",0
1284,5180002020008,01,1,2026-07-06,2015-10-05,"有限会社伊藤和鉄工所",,302,"愛知県","名古屋市緑区","鹿山２丁目６０番地の１０",,23,114,4580045,,,,,,,2015-10-05,1,,,,,"イトウカズテッコウショ",0
1285,5180002022672,01,1,2026-07-06,2015-10-05,"有限会社石黒菓子道具店",,302,"愛知県","名古屋市西区","新道１丁目２２番１２号",,23,104,4510043,,,,,,,2015-10-05,1,,,,,"イシグロカシドウグテン",0
1286,5180002060540,21,0,2026-07-06,2026-07-01,"有限会社ヌエストロ",,302,"長野県","飯田市","東新町２丁目２６番地",,20,205,3950017,,,2026-07-01,01,,,2015-10-05,1,,,,,"ヌエストロ",0
1287,5180003025096,01,1,2026-07-06,2023-04-13,"パンダモビリティランド合同会社",,305,"愛知県","名古屋市名東区","高間町７５番地の１",,23,115,4650081,,,,,,,2023-04-13,0,,,,,,0
1288,5180003025096,21,0,2026-07-06,2026-06-25,"パンダモビリティランド合同会社",,305,"愛知県","名古屋市名東区","高間町７５番地の１",,23,115,4650081,,,2026-06-25,01,,,2023-04-13,1,,,,,,0
1289,5180003030476,01,0,2026-07-06,2026-07-06,"合同会社正廣設備",,305,"愛知県","春日井市","柏井町４丁目５５番地２",,23,206,4860927,,,,,,,2026-07-06,1,,,,,"マサヒロセツビ",0
1290,5180003030484,01,0,2026-07-06,2026-07-06,"合同会社伊藤紙器製造所",,305,"愛知県","名古屋市中村区","高道町１丁目４番２０号",,23,105,4530037,,,,,,,2026-07-06,1,,,,,"イトウシキセイゾウショ",0
1291,5180005006862,21,0,2026-07-06,2026-07-02,"特定非営利活動法人なないろ",,399,"愛知県","名古屋市守山区","下志段味２丁目９０９番地",,23,113,4630003,,,2026-07-02,01,,,2015-10-05,1,,,,,"ナナイロ",0
1292,5180301025665,22,0,2026-07-06,2026-06-16,"株式会社Ａｉｒｓ　Ｃｒｏｗｄ",,301,"愛知県","豊橋市","大岩町字黒下３５番地",,23,201,4413147,,,,,,,2015-10-05,1,,,,,"エアーズクラウド",0
1293,5180301030087,01,1,2026-07-06,2017-03-01,"株式会社リベルケア",,301,"愛知県","碧南市","山神町２丁目４５番地",,23,209,4470869,,,,,,,2017-03-01,0,,,,,,0
1294,5180301030087,12,1,2026-07-06,2023-07-19,"株式会社リベルケア",,301,"愛知県","名古屋市中村区","名駅３丁目２８番１２号",,23,105,4500002,,,,,,,2017-03-01,0,,,,,,0
1295,5180301030087,71,1,2026-07-06,2025-01-06,"株式会社リベルケア",,301,"愛知県","名古屋市中村区","名駅３丁目２８番１２号",,23,105,4500002,,,,,,"令和７年１月１日長崎市緑が丘町１番４号２株式会社リベルケア九州（1310003003595）を合併",2017-03-01,1,,,,,,0
1296,5180305002520,01,1,2026-07-06,2015-10-05,"田原旭町通り商店街協同組合",,399,"愛知県","田原市","田原町築出５７番地１５",,23,231,4413421,,,,,,,2015-10-05,1,,,,,"タハラアサヒマチドオリショウテンガイ",0
1297,5190001033249,01,0,2026-07-06,2026-07-06,"株式会社ＡＲＣＡＮＡ",,301,"三重県","津市","桜橋１丁目８０番地２",,24,201,5140003,,,,,,,2026-07-06,1,,,,,"アルカナ",0
1298,5190001033265,01,0,2026-07-06,2026-07-06,"株式会社山陽平",,301,"三重県","度会郡度会町","南中村７６３番地",,24,470,5161244,,,,,,,2026-07-06,1,,,,,"サンヨウタイラ",0
1299,5200001018149,01,1,2026-07-06,2015-10-05,"ワイズ株式会社",,301,"岐阜県","可児郡御嵩町","御嵩１８２２番地の６０３",,21,521,5050116,,,,,,,2015-10-05,1,,,,,"ワイズ",0
1300,5200001035805,01,1,2026-07-06,2018-12-21,"株式会社ＢＥＳＳ岐阜",,301,"岐阜県","岐阜市","日野南１丁目４番１号",,21,201,5008212,,,,,,,2018-12-21,1,,,,,"ベスギフ",0
1301,5200001036695,21,0,2026-07-06,2026-06-29,"株式会社アヴァンシー",,301,"岐阜県","岐阜市","六条東１丁目３－１６ジャスティンビルディング１Ｆ",,21,201,5008353,,,2026-06-29,01,,,2019-10-04,1,,,,,"アヴァンシー",0
1302,5200001045226,01,0,2026-07-06,2026-07-06,"株式会社ＴＳＵＭＵＧＩコネクト",,301,"岐阜県","大垣市","静里町２７８番１号一光静里ビル１０８",,21,202,5030983,,,,,,,2026-07-06,1,,,,,"ツムギコネクト",0
1303,5210005000630,01,1,2026-07-06,2015-10-05,"社会福祉法人福井県社会福祉協議会",,399,"福井県","福井市","光陽２丁目３番２２号",,18,201,9100026,,,,,,,2015-10-05,1,,,,,,0
1304,5220001027453,01,0,2026-07-06,2026-07-06,"株式会社まるほ",,301,"石川県","金沢市","西金沢新町１８６番地",,17,201,9218055,,,,,,,2026-07-06,1,,,,,"マルホ",0
1305,5230001003445,01,1,2026-07-06,2015-10-05,"ワールドフラワー・花竹株式会社",,301,"富山県","富山市","掛尾町５００番地",,16,201,9398212,,,,,,,2015-10-05,1,,,,,"ワールドフラワーハナタケ",0
1306,5230001021496,01,0,2026-07-06,2026-07-06,"株式会社ＨＡＰ",,301,"富山県","富山市","上大久保８４２番地",,16,201,9392252,,,,,,,2026-07-06,1,,,,,"エイチエイピイ",0
1307,5240001007841,21,0,2026-07-06,2026-06-26,"株式会社ナカシマ",,301,"広島県","広島市南区","大州１丁目３番３０号",,34,103,7320802,,,2026-06-26,01,,,2015-10-05,1,,,,,"ナカシマ",0
1308,5240001056285,21,0,2026-07-06,2026-06-17,"ユーミー株式会社",,301,"広島県","福山市","新市町大字下安井９７３番地",,34,207,7293105,,,2026-06-17,01,,,2020-06-23,1,,,,,"ユーミー",0
1309,5240001066739,01,0,2026-07-06,2026-07-06,"株式会社ｍｉｙａ建設",,301,"広島県","広島市中区","舟入本町７‐１４ラクセス舟入５０２",,34,101,7300843,,,,,,,2026-07-06,1,,,,,"ミヤケンセツ",0
1310,5240002029661,01,1,2026-07-06,2015-10-05,"有限会社林風月堂",,302,"広島県","山県郡北広島町","大朝２４８４番地",,34,369,7312104,,,,,,,2015-10-05,1,,,,,"ハヤシフウゲツドウ",0
1311,5240002054313,01,1,2026-07-06,2015-10-05,"有限会社昭和工業",,302,"広島県","三原市","幸崎能地１丁目２１番２４号",,34,204,7292252,,,,,,,2015-10-05,1,,,,,"ショウワコウギョウ",0
1312,5240003007823,01,0,2026-07-06,2026-07-06,"合同会社ＡＲＣ",,305,"広島県","広島市中区","西白島町１６番３０－６０１号",,34,101,7300005,,,,,,,2026-07-06,1,,,,,"アーク",0
1313,5250003001965,21,0,2026-07-06,2026-07-02,"合同会社アール",,305,"山口県","下関市","長府松原町３番３号",,35,201,7520983,,,2026-07-02,01,,,2016-11-16,1,,,,,"アール",0
1314,5250003002740,01,1,2026-07-06,2020-12-14,"ＳＯＬＯＴＵＳ合同会社",,305,"山口県","宇部市","恩田町４丁目２番１７号",,35,202,7550023,,,,,,,2020-12-14,0,,,,,"ソロータス",0
1315,5250003002740,12,1,2026-07-06,2021-09-09,"ＳＯＬＯＴＵＳ合同会社",,305,"東京都","中央区","銀座１丁目２２番１１号",,13,102,1040061,,,,,,,2020-12-14,1,,,,,"ソロータス",0
1316,5250005007795,01,1,2026-07-06,2015-10-05,"農事組合法人佰の匠",,399,"山口県","山口市","阿東生雲中１３６６番地３",,35,203,7591342,,,,,,,2015-10-05,1,,,,,"ヒャクノタクミ",0
1317,5260001009877,12,0,2026-07-06,2026-07-01,"４Ｃ株式会社",,301,"岡山県","岡山市北区","牟佐１３７２番地８",,33,101,7012141,,,,,,,2015-10-05,1,,,,,"ヨンシー",0
1318,5260001009919,01,1,2026-07-06,2015-10-05,"エスケイプラン株式会社",,301,"岡山県","岡山市北区","万成西町１番１２号",,33,101,7000073,,,,,,,2015-10-05,0,,,,,,0
1319,5260001009919,11,1,2026-07-06,2016-10-21,"株式会社大翔産業",,301,"岡山県","岡山市北区","万成西町１番１２号",,33,101,7000073,,,,,,,2015-10-05,1,,,,,"ダイショウサンギョウ",0
1320,5260001029454,01,1,2026-07-06,2016-04-11,"株式会社吉田設備",,301,"岡山県","倉敷市","玉島勇崎５０１番地２",,33,202,7138125,,,,,,,2016-04-11,1,,,,,"ヨシダセツビ",0
1321,5260001035799,12,0,2026-07-06,2026-07-01,"株式会社サンワクリーンサービス",,301,"岡山県","岡山市中区","藤崎１８９番地１",,33,102,7028006,,,,,,,2021-07-30,1,,,,,"サンワクリーンサービス",0
1322,5260001041418,01,0,2026-07-06,2026-07-06,"株式会社而在",,301,"岡山県","倉敷市","北畝５丁目２１番９号",,33,202,7128032,,,,,,,2026-07-06,1,,,,,"ニザイ",0
1323,5280001009677,01,0,2026-07-06,2026-07-06,"株式会社稲村建築",,301,"島根県","雲南市","木次町里方８４番地１８",,32,209,6991311,,,,,,,2026-07-06,1,,,,,"イナムラケンチク",0
1324,5280002008298,21,0,2026-07-06,2026-07-01,"有限会社あけぼの丸ＦＡＣＴＯＲＹ",,302,"島根県","浜田市","殿町３５番地２",,32,202,6970027,,,2026-07-01,11,1280001006067,"令和８年７月１日島根県浜田市原井町３０５０番地２８株式会社浜田あけぼの水産（1280001006067）に合併し解散",2015-10-05,1,,,,,"アケボノマルファクトリー",0
1325,5290001073631,12,0,2026-07-06,2026-06-25,"株式会社ＳｕｎＣｒｅａｔｅＩｄｅａ",,301,"福岡県","福岡市中央区","天神２丁目２番１２号Ｔ＆Ｊビルディング７Ｆ",,40,133,8100001,,,,,,,2016-05-02,1,,,,,"サンクリエイトアイディア",0
1326,5290001092598,11,0,2026-07-06,2026-06-25,"株式会社ＫＴＲ",,301,"福岡県","久留米市","安武町武島６１７番地２",,40,203,8300071,,,,,,,2021-04-09,1,,,,,"ケーティーアール",0
1327,5290002049465,01,1,2026-07-06,2015-10-05,"有限会社タニモト",,302,"福岡県","久留米市","大石町５３４番地",,40,203,8300049,,,,,,,2015-10-05,1,,,,,"タニモト",0
1328,5290002051636,01,1,2026-07-06,2015-10-05,"有限会社カトレア美容室",,302,"福岡県","小郡市","祇園１丁目１０番地の２０",,40,216,8380144,,,,,,,2015-10-05,0,,,,,"カトレアビヨウシツ",0
1329,5290002051636,12,1,2026-07-06,2026-06-26,"有限会社カトレア美容室",,302,"福岡県","小郡市","津古１４２９番地の７",,40,216,8380102,,,,,,,2015-10-05,1,,,,,"カトレアビヨウシツ",0
1330,5290801022894,12,0,2026-07-06,2026-06-15,"株式会社一栄",,301,"福岡県","遠賀郡芦屋町","大字芦屋１０４１番地１",00144198,40,381,8070133,,,,,,,2016-09-21,1,,,,,"イチエイ",0
1331,5290802013100,01,1,2026-07-06,2015-10-05,"有限会社吉田溶工",,302,"福岡県","北九州市八幡東区","高見２丁目１０番２－１０２号",,40,108,8050016,,,,,,,2015-10-05,1,,,,,"ヨシダヨウコウ",0
1332,5300002000401,01,1,2026-07-06,2015-10-05,"有限会社草場金属",,302,"佐賀県","佐賀市","金立町大字千布３５７９番地１",,41,201,8490905,,,,,,,2015-10-05,1,,,,,"クサバキンゾク",0
1333,5310001005202,01,1,2026-07-06,2015-10-05,"大島商事株式会社",,301,"長崎県","佐世保市","黒髪町７５９番地３",,42,202,8571152,,,,,,,2015-10-05,1,,,,,"オオシマジョウジ",0
1334,5310001010615,11,0,2026-07-06,2026-06-25,"株式会社きでん",,301,"福岡県","福岡市東区","多の津５丁目２１番１０号",,40,131,8130034,,,,,,,2015-10-05,1,,,,,"キデン",0
1335,5310002005622,01,1,2026-07-06,2015-10-05,"有限会社明和商会",,302,"長崎県","長崎市","新戸町３丁目２２番３１号",,42,201,8500954,,,,,,,2015-10-05,1,,,,,"メイワショウカイ",0
1336,5320001000045,21,0,2026-07-06,2026-07-01,"大分運輸株式会社",,301,"大分県","大分市","金池町２丁目１１番１号",,44,201,8700026,,,2026-07-01,01,,,2015-10-05,1,,,,,"オオイタウンユ",0
1337,5320005009066,11,0,2026-07-06,2026-06-25,"一般社団法人日本会議大分",,399,"大分県","大分市","大字津留六本松２０１１番地の４",,44,201,8700930,,,,,,,2015-10-05,1,,,,,"ニッポンカイギオオイタ",0
1338,5330002019604,01,1,2026-07-06,2015-10-05,"有限会社緒方建設",,302,"熊本県","上益城郡御船町","大字滝尾２７６３番地",,43,441,8613208,,,,,,,2015-10-05,0,,,,,,0
1339,5330002019604,11,1,2026-07-06,2020-11-04,"有限会社オガタ",,302,"熊本県","上益城郡御船町","大字滝尾２７６３番地",,43,441,8613208,,,,,,,2015-10-05,1,,,,,"オガタ",0
1340,5340001028282,01,0,2026-07-06,2026-07-06,"あつまる商店株式会社",,301,"鹿児島県","霧島市","国分広瀬４丁目２７番１３号",,46,218,8994321,,,,,,,2026-07-06,1,,,,,"アツマルショウテン",0
1341,5340001028290,01,0,2026-07-06,2026-07-06,"Ｋ３株式会社",,301,"鹿児島県","薩摩郡さつま町","湯田２０８４番地９",,46,392,8951817,,,,,,,2026-07-06,1,,,,,"ケイスリー",0
1342,5340002003615,01,1,2026-07-06,2015-10-05,"有限会社ケイオーシー企画",,302,"鹿児島県","鹿児島市","田上６丁目９番３４号",,46,201,8900034,,,,,,,2015-10-05,1,,,,,"ケイオーシーキカク",0
1343,5340003005263,01,0,2026-07-06,2026-07-06,"合同会社ｎｅｉ",,305,"鹿児島県","志布志市","志布志町安楽８６４番地４",,46,221,8997104,,,,,,,2026-07-06,1,,,,,"ネイ",0
1344,5350001008291,01,1,2026-07-06,2015-10-05,"丸高共聴株式会社",00100541,301,"宮崎県","都城市","都原町７３６３番地１",,45,202,8850094,,,,,,,2015-10-05,1,,,,,"マルタカキョウチョウ",0
1345,5350001013837,12,0,2026-07-06,2026-06-29,"株式会社陸真",,301,"宮崎県","日向市","梶木町２丁目５５番地",,45,206,8830053,,,,,,,2016-01-20,1,,,,,"リクシン",0
1346,5350005003272,21,0,2026-07-06,2026-06-29,"西臼杵地区素材生産事業協同組合",,399,"宮崎県","西臼杵郡日之影町","大字七折８９２６番地１１",,45,442,8820401,,,2026-06-29,01,,,2015-10-05,1,,,,,"ニシウスキチクソザイセイサン",0
1347,5360001036960,01,0,2026-07-06,2026-07-06,"株式会社トーマス建設",,301,"沖縄県","宜野湾市","大山１丁目１２番１２号",,47,205,9012223,,,,,,,2026-07-06,1,,,,,"トーマスケンセツ",0
1348,5370001020443,21,0,2026-07-06,2026-06-19,"株式会社Ｒｅｖｉｖｅ",,301,"東京都","中央区","日本橋３丁目２番１４号",,13,102,1030027,,,2026-06-19,01,,,2015-10-05,1,,,,,"リヴァイヴ",0
1349,5370001053939,01,0,2026-07-06,2026-07-06,"Ｂｒａｖｅ株式会社",,301,"宮城県","仙台市青葉区","上杉５丁目６番７－３０３号",,04,101,9800011,,,,,,,2026-07-06,1,,,,,"ブレイブ",0
1350,5370302000879,01,1,2026-07-06,2015-10-05,"有限会社ケイ・トレーディング",,302,"宮城県","石巻市","魚町３丁目４番地の２２",,04,202,9860022,,,,,,,2015-10-05,1,,,,,"ケイトレーディング",0
1351,5390001006713,01,1,2026-07-06,2015-10-05,"庄司建設工業株式会社",,301,"山形県","飽海郡遊佐町","菅里字十里塚１９３番４９９",,06,461,9998431,,,,,,,2015-10-05,0,,,,,"ショウジケンセツコウギョウ",0
1352,5390001006713,21,0,2026-07-06,2026-06-23,"庄司建設工業株式会社",,301,"山形県","飽海郡遊佐町","菅里字十里塚１９３番４９９",,06,461,9998431,,,2026-06-23,01,,,2015-10-05,1,,,,,"ショウジケンセツコウギョウ",0
1353,5400001000367,12,0,2026-07-06,2026-06-23,"株式会社大坂工務店",,301,"岩手県","滝沢市","篠木黒畑１３５番地６",,03,216,0200735,,,,,,,2015-10-05,1,,,,,"オオサカコウムテン",0
1354,5400001015745,21,0,2026-07-06,2026-06-23,"あさひクレーン株式会社",,301,"岩手県","奥州市","水沢字桜屋敷５３７番地",,03,215,0230865,,,2026-06-23,01,,,2022-01-21,1,,,,,"アサヒクレーン",0
1355,5400001017469,01,0,2026-07-06,2026-07-06,"株式会社ビクトリーサポート",,301,"岩手県","盛岡市","大館町２３番１１号",,03,201,0200147,,,,,,,2026-07-06,1,,,,,"ビクトリーサポート",0
1356,5400003003748,01,0,2026-07-06,2026-07-06,"報恩行合同会社",,305,"岩手県","北上市","常盤台２丁目１１番１４号",,03,206,0240012,,,,,,,2026-07-06,1,,,,,"ホウオンコウ",0
1357,5410003004274,01,0,2026-07-06,2026-07-06,"合同会社峯",,305,"秋田県","潟上市","天王字北野２８９番地５３",,05,211,0100201,,,,,,,2026-07-06,1,,,,,"ミネ",0
1358,5420001002031,21,0,2026-07-06,2026-07-01,"みちのくリース株式会社",,301,"青森県","青森市","橋本１丁目４番１０号",,02,201,0300823,,,2026-07-01,11,3420001000350,"令和８年７月１日青森県青森市橋本一丁目４番１０号青森みちのくリース株式会社（3420001000350）に合併し解散",2015-10-05,1,,,,,"ミチノクリース",0
1359,5420001009869,21,0,2026-07-06,2026-06-25,"株式会社新宅製材所",,301,"青森県","南津軽郡大鰐町","大字大鰐字大鰐１９１番地",,02,362,0380211,,,2026-06-25,01,,,2015-10-05,1,,,,,"シンタクセイザイショ",0
1360,5420001015289,12,0,2026-07-06,2026-07-01,"株式会社丸勝水産",,301,"北海道","二海郡八雲町","落部７４８番地１",,01,346,0492562,,,,,,,2016-06-24,1,,,,,"マルカツスイサン",0
1361,5420001019579,01,0,2026-07-06,2026-07-06,"株式会社青森ゼネラル",,301,"青森県","上北郡七戸町","字荒熊内６７番地２",,02,402,0392501,,,,,,,2026-07-06,1,,,,,,0
1362,5420005005708,01,1,2026-07-06,2015-10-05,"社会福祉法人恩和会",,399,"青森県","十和田市","大字八斗沢字家ノ下３１０番地１",,02,206,0340105,,,,,,,2015-10-05,1,,,,,"オンワカイ",0
1363,5430001035146,01,1,2026-07-06,2015-10-05,"株式会社エイチ・アイ・シー",,301,"北海道","札幌市東区","北四十五条東１丁目２番５号",,01,103,0070845,,,,,,,2015-10-05,0,,,,,"エイチアイシー",0
1364,5430001035146,12,1,2026-07-06,2016-03-03,"株式会社エイチ・アイ・シー",,301,"北海道","札幌市東区","北九条東２丁目２番３号",,01,103,0600909,,,,,,,2015-10-05,0,,,,,"エイチアイシー",0
1365,5430001035146,12,1,2026-07-06,2020-12-01,"株式会社エイチ・アイ・シー",,301,"北海道","札幌市東区","北二十三条東８丁目２－１３",,01,103,0650023,,,,,,,2015-10-05,1,,,,,"エイチアイシー",0
1366,5430001065374,12,0,2026-07-06,2026-07-01,"株式会社ｎｏｒｔｈ－ＡＣＴ",,301,"北海道","札幌市北区","北二十三条西５丁目２番３９号Ｎ２３ビル５階Ｂ",,01,102,0010023,,,,,,,2015-10-05,1,,,,,"ノースアクト",0
1367,5430001071554,01,1,2026-07-06,2016-05-13,"株式会社ティーエスケイ",,301,"北海道","苫小牧市","川沿町１丁目１番１８号",,01,213,0530822,,,,,,,2016-05-13,1,,,,,"ティーエスケイ",0
1368,5430001078475,12,0,2026-07-06,2026-07-01,"リベックスグループ株式会社",,301,"北海道","札幌市中央区","北五条西１１丁目１５番４号５階",,01,101,0600005,,,,,,,2019-03-11,1,,,,,"リベックスグループ",0
1369,5430001094010,12,0,2026-07-06,2026-06-30,"株式会社海老仙人",,301,"北海道","札幌市中央区","南三条西１丁目１２－３タカラビル１階",,01,101,0600063,,,,,,,2025-03-26,1,,,,,"エビセンニン",0
1370,5430001097203,01,0,2026-07-06,2026-07-06,"株式会社丸恵",,301,"北海道","恵庭市","末広町１１９番地",,01,231,0611446,,,,,,,2026-07-06,1,,,,,"マルエ",0
1371,5430001097211,01,0,2026-07-06,2026-07-06,"株式会社恭和",,301,"北海道","札幌市東区","北二十四条東１２丁目２番１－１０５号",,01,103,0650024,,,,,,,2026-07-06,1,,,,,"キョウワ",0
1372,5430005011250,12,0,2026-07-06,2026-06-26,"特定非営利活動法人北海道地域・自治体問題研究所",,399,"北海道","札幌市中央区","北四条西７丁目５番地緑苑第二ビル８０３号室",,01,101,0600004,,,,,,,2015-10-05,1,,,,,"ホッカイドウチイキジチタイモンダイケンキュウショ",0
1373,5440003001632,12,0,2026-07-06,2026-06-29,"合同会社ＬＩＢｓＵｎｉｏｎ",,305,"青森県","青森市","大字浦町字奥野３３１－２６号",,02,201,0300842,,,,,,,2024-09-27,1,,,,,,0
1374,5450002002085,01,1,2026-07-06,2015-10-05,"有限会社鋼成興業",,302,"北海道","旭川市","豊岡十三条８丁目２番６号",,01,204,0788243,,,,,,,2015-10-05,1,,,,,"コウセイコウギョウ",0
1375,5450002012992,01,1,2026-07-06,2015-10-05,"有限会社北海緑化",,302,"北海道","紋別郡西興部村","字上興部１６６番地",,01,562,0981421,,,,,,,2015-10-05,1,,,,,"ホッカイリョッカ",0
1376,5460001006111,01,0,2026-07-06,2026-07-06,"株式会社創和",,301,"北海道","釧路市","阿寒町新町１丁目１０番１号",,01,206,0850218,,,,,,,2026-07-06,1,,,,,"ソウワ",0
1377,5470002010631,21,0,2026-07-06,2026-07-02,"有限会社真田精密工業",,302,"香川県","木田郡三木町","大字井戸２３０番地",,37,341,7610823,,,2026-07-02,01,,,2015-10-05,1,,,,,"サナダセイミツコウギョウ",0
1378,5480001009186,01,1,2026-07-06,2015-10-05,"株式会社オーエヌケー",,301,"徳島県","板野郡藍住町","住吉字逆藤３番地１",,36,403,7711265,,,,,,,2015-10-05,1,,,,,,0
1379,5480002013798,21,0,2026-07-06,2026-07-01,"八重潮海運有限会社",,302,"徳島県","阿南市","住吉町西畭３８番地の３４",,36,204,7740041,,,2026-07-01,01,,,2015-10-05,1,,,,,"ヤエシオカイウン",0
1380,5500001027020,01,0,2026-07-06,2026-07-06,"株式会社アウトライン",,301,"愛媛県","松山市","久米窪田町３３７－１",,38,201,7911101,,,,,,,2026-07-06,1,,,,,"アウトライン",0
1381,5500002015791,21,0,2026-07-06,2026-06-30,"有限会社赤鬼",,302,"愛媛県","新居浜市","宇高町２丁目１０番１７号",,38,205,7920866,,,2026-06-30,01,,,2015-10-05,1,,,,,"アカオニ",0
1382,6010001005743,21,0,2026-07-06,2026-06-22,"株式会社名川徽章製作所",,301,"東京都","文京区","後楽２丁目２番１８号",,13,105,1120004,,,2026-06-22,01,,,2015-10-05,1,,,,,"ナガワキショウセイサクショ",0
1383,6010001013804,01,1,2026-07-06,2015-10-05,"株式会社開新舎商事",,301,"東京都","中央区","日本橋浜町３丁目２８番２－９０２号",,13,102,1030007,,,,,,,2015-10-05,1,,,,,,0
1384,6010001168937,01,1,2026-07-06,2015-10-05,"株式会社ＢＯＯＭＡＣＨＩＮＥ",,301,"東京都","千代田区","紀尾井町３番２９",,13,101,1020094,,,,,,,2015-10-05,1,,,,,"ブーマシーン",0
1385,6010001179158,01,1,2026-07-06,2016-10-24,"株式会社Ｄａｙ　Ｃｒｅｗ",,301,"東京都","文京区","小石川２丁目１０番７号",,13,105,1120002,,,,,,,2016-10-24,0,,,,,"ダイクルー",0
1386,6010001179158,12,1,2026-07-06,2021-11-17,"株式会社Ｄａｙ　Ｃｒｅｗ",,301,"東京都","文京区","小石川５丁目１１番１５号",,13,105,1120002,,,,,,,2016-10-24,1,,,,,"ダイクルー",0
1387,6010001222529,12,0,2026-07-06,2026-06-15,"Ｉｒｉｓ株式会社",,301,"東京都","千代田区","有楽町１丁目７番１号有楽町電気ビル北館１３階スリーアイズキャピタル株式会社内",,13,101,1000006,,,,,,,2021-11-15,1,,,,,"アイリス",0
1388,6010001224632,12,0,2026-07-06,2026-06-11,"株式会社喜喜",,301,"東京都","中央区","日本橋室町１丁目１１番１２号日本橋水野ビル７階",,13,102,1030022,,,,,,,2022-02-16,1,,,,,"キキ",0
1389,6010001225267,21,0,2026-07-06,2026-06-16,"株式会社Ｓａａｙａ　Ｎａｔｕｒａｌ",,301,"東京都","中央区","日本橋小舟町１４番９－８０２号",,13,102,1030024,,,2026-06-16,01,,,2022-03-22,1,,,,,"サアヤナチュラル",0
1390,6010001233658,12,0,2026-07-06,2026-07-06,"株式会社ＴＳＣ",,301,"宮城県","仙台市青葉区","星陵町２番１号",,04,101,9800872,,,,,,,2023-03-16,1,,,,,"ティーエスシー",0
1391,6010001239754,12,0,2026-07-06,2026-06-15,"Ｌｕｎａ株式会社",,301,"東京都","千代田区","有楽町１丁目７番１号有楽町電気ビル北館１３階スリーアイズキャピタル株式会社内",,13,101,1000006,,,,,,,2023-11-07,1,,,,,"ルナ",0
1392,6010001249571,12,0,2026-07-06,2026-06-15,"Ｓｅｌｅｎｅ　Ｉ株式会社",,301,"東京都","千代田区","有楽町１丁目７番１号有楽町電気ビル北館１３階スリーアイズキャピタル株式会社内",,13,101,1000006,,,,,,,2024-11-05,1,,,,,"セレネワン",0
1393,6010001250843,12,0,2026-07-06,2026-06-19,"株式会社ＥＮＩＳＩＡ",,301,"東京都","中央区","銀座８丁目７番２号",,13,102,1040061,,,,,,,2024-12-25,1,,,,,"エニシア",0
1394,6010001263705,12,0,2026-07-06,2026-06-15,"Ａｇｕｉｌａ株式会社",,301,"東京都","千代田区","有楽町１丁目７番１号有楽町電気ビル北館１３階スリーアイズキャピタル株式会社内",,13,101,1000006,,,,,,,2026-03-12,1,,,,,"アギラ",0
1395,6010001266716,01,0,2026-07-06,2026-07-06,"株式会社エニプラン",,301,"東京都","中央区","築地６丁目２番１２－２０３号",,13,102,1040045,,,,,,,2026-07-06,1,,,,,"エニプラン",0
1396,6010001266724,01,0,2026-07-06,2026-07-06,"株式会社Ｌｉｎｋｉｎ　Ｓｅａ",,301,"東京都","千代田区","神田神保町３丁目１１番６号神保町ビル１０階",,13,101,1010051,,,,,,,2026-07-06,1,,,,,"リンクインシー",0
1397,6010003034914,21,0,2026-07-06,2026-06-11,"合同会社ＧＨインベストメント",,305,"東京都","千代田区","神田錦町１丁目２１番１号",,13,101,1010054,,,2026-06-11,01,,,2021-05-26,1,,,,,"ジーエイチインベストメント",0
1398,6010003037867,21,0,2026-07-06,2026-06-19,"ＣＯＴＯＮＡ　Ｃｏｎｓｕｌｔｉｎｇ合同会社",,305,"東京都","中央区","銀座１丁目１２－４Ｎ＆Ｅ・ＢＬＤ．７階",,13,102,1040061,,,2026-06-19,01,,,2022-06-14,1,,,,,"コトナコンサルティング",0
1399,6010003044434,12,0,2026-07-06,2026-06-18,"ｉプロパティ１７合同会社",,305,"東京都","千代田区","有楽町１丁目７番１号北館１３階スリーアイズキャピタル株式会社内",,13,101,1000006,,,,,,,2024-07-30,1,,,,,"アイプロパティセブンティーン",0
1400,6010003045291,12,0,2026-07-06,2026-06-15,"合同会社ＴＣＬ　Ｊａｐａｎ",,305,"東京都","千代田区","神田須田町２丁目２番地５",,13,101,1010041,,,,,,,2024-10-23,1,,,,,"ティーシーエルジャパン",0
1401,6010003051736,01,1,2026-07-06,2026-06-22,"Ｅｖｅｉｌ　Ｇｌｏｂａｌ　Ａｄｖｉｓｏｒｙ合同会社",,305,"東京都","千代田区","丸の内１丁目８番３号",,13,101,1000005,,,,,,,2026-06-22,1,,,,,"エヴェイユグローバルアドバイザリー",0
1402,6010005034144,21,0,2026-07-06,2026-06-16,"ＧＳＳＧ　Ｓｏｌａｒ　Ｊａｐａｎ　Ｈｏｌｄｉｎｇｓ４ａ一般社団法人",,399,"東京都","千代田区","丸の内１丁目４番１号東京共同会計事務所内",,13,101,1000005,,,2026-06-16,01,,,2021-10-26,1,,,,,"ジーエスエスジーソーラージャパンホールディングスフォーエー",0
1403,6010005036801,21,0,2026-07-06,2026-06-17,"一般社団法人予防カウンセリング協会",,399,"東京都","中央区","銀座１丁目３番９号",,13,102,1040061,,,2026-06-17,01,,,2023-06-08,1,,,,,"ヨボウカウンセリングキョウカイ",0
1404,6010005042072,01,0,2026-07-06,2026-07-06,"一般社団法人アケボノ・ワン",,399,"東京都","千代田区","内幸町２丁目１番６号",,13,101,1000011,,,,,,,2026-07-06,1,,,,,"アケボノワン",0
1405,6010005042080,01,0,2026-07-06,2026-07-06,"一般社団法人ＷＳ７",,399,"東京都","中央区","新川１丁目１７番２４号",,13,102,1040033,,,,,,,2026-07-06,1,,,,,"ダブリューエスセブン",0
1406,6010101012334,01,1,2026-07-06,2016-05-12,"中西工業株式会社",,301,"東京都","八王子市","大塚２４０番地１３３",,13,201,1920352,,,,,,,2016-05-12,1,,,,,"ナカニシコウギョウ",0
1407,6010101017309,01,0,2026-07-06,2026-07-06,"株式会社Ｆｕｔｕｒｅ　Ａｓｓｅｔ",,301,"東京都","八王子市","横山町２５番５号",,13,201,1920081,,,,,,,2026-07-06,1,,,,,"フューチャーアセット",0
1408,6010102000718,01,1,2026-07-06,2015-10-05,"有限会社伊藤電気設備工事",,302,"東京都","八王子市","西寺方町１０１９番地４１",,13,201,1920153,,,,,,,2015-10-05,1,,,,,"イトウデンキセツビコウジ",0
1409,6010102000957,01,1,2026-07-06,2015-10-05,"有限会社宇津木台パストラル",,302,"東京都","八王子市","明神町１丁目１２番９号コンドミニアム八王子１０４号室",,13,201,1920046,,,,,,,2015-10-05,0,,,,,"ウツギダイパストラル",0
1410,6010102000957,12,1,2026-07-06,2026-07-01,"有限会社宇津木台パストラル",,302,"東京都","八王子市","宇津木町６０７番地",,13,201,1920024,,,,,,,2015-10-05,1,,,,,"ウツギダイパストラル",0
1411,6010401022289,12,0,2026-07-06,2026-07-01,"日本音響設計株式会社",,301,"東京都","世田谷区","下馬５丁目２７番１１号",,13,112,1540002,,,,,,,2015-10-05,1,,,,,"ニホンオンキョウセッケイ",0
1412,6010401180260,12,0,2026-07-06,2026-06-12,"株式会社オルカ",,301,"東京都","港区","北青山１丁目３番１号アールキューブ青山３階",,13,103,1070061,,,,,,,2024-02-08,1,,,,,"オルカ",0
1413,6010401192090,12,0,2026-07-06,2026-06-12,"株式会社Ｃｌａｂｏ",,301,"東京都","港区","南麻布３丁目２０番１号Ｄａｉｗａ麻布テラス５Ｆ",,13,103,1060047,,,,,,,2025-07-30,1,,,,,"クラボ",0
1414,6010401199895,01,0,2026-07-06,2026-07-06,"絶対に諦めない株式会社",,301,"東京都","港区","六本木４丁目５番６号南蛮ビル３階",,13,103,1060032,,,,,,,2026-07-06,1,,,,,"ゼッタイニアキラメナイ",0
1415,6010405002683,01,1,2026-07-06,2015-10-05,"東京都興行生活衛生同業組合",,399,"東京都","港区","新橋６丁目８番２号",,13,103,1050004,,,,,,,2015-10-05,1,,,,,"トウキョウトコウギョウ",0
1416,6010501032808,12,0,2026-07-06,2026-07-01,"株式会社草思庵",,301,"神奈川県","横浜市南区","永楽町２丁目２３星ビル４階",,14,105,2320031,,,,,,,2015-10-05,1,,,,,"ソウシアン",0
1417,6010501050966,12,0,2026-07-06,2026-07-02,"株式会社Ｕ‐Ｗｈｉｔｅ",,301,"東京都","中央区","晴海５丁目６番７－１８０１号",,13,102,1040053,,,,,,,2023-08-31,1,,,,,"ユーホワイト",0
1418,6010501051782,12,0,2026-07-06,2026-07-01,"株式会社ＴＫ　Ｈｏｌｄｉｎｇｓ",,301,"東京都","大田区","西蒲田８丁目４番４号岸・東海ビル５階",,13,111,1440051,,,,,,,2024-02-14,1,,,,,"ティーケーホールディングス",0
1419,6010601067027,12,0,2026-07-06,2026-06-15,"株式会社Ｔｗｏｍｉ",,301,"東京都","千代田区","神田和泉町１番地６－１６ヤマトビル４０５",,13,101,1010024,,,,,,,2025-03-31,1,,,,,"ツオミ",0
1420,6010601069477,01,0,2026-07-06,2026-07-06,"株式会社ＮＥＸＵＳ　ＡＲＫ",,301,"東京都","江東区","毛利１丁目２１番７号",,13,108,1350001,,,,,,,2026-07-06,1,,,,,"ネクサスアーク",0
1421,6010601069485,01,0,2026-07-06,2026-07-06,"株式会社ＤＡＷＬ　ＦＲＡＭＥ",,301,"東京都","江東区","南砂２丁目３４番８－３１７号",,13,108,1360076,,,,,,,2026-07-06,1,,,,,"ダウルフレーム",0
1422,6010603006899,01,1,2026-07-06,2017-08-30,"合同会社カンパニーＭ",,305,"東京都","江東区","豊洲６丁目２番３１－２１１１号",,13,108,1350061,,,,,,,2017-08-30,1,,,,,"カンパニーエム",0
1423,6010603011437,12,0,2026-07-06,2026-07-01,"Ｅｔｉｅｒ　Ｊａｐａｎ合同会社",,305,"東京都","世田谷区","下馬１丁目９番３号－１",,13,112,1540002,,,,,,,2025-03-14,1,,,,,"エティアジャパン",0
1424,6010603012360,01,0,2026-07-06,2026-07-06,"ｅＴｅｒｒａ合同会社",,305,"東京都","墨田区","向島４丁目２４番２１－４０５号向島ハイツ",,13,107,1310033,,,,,,,2026-07-06,1,,,,,"イテラ",0
1425,6010701004177,01,1,2026-07-06,2015-10-05,"株式会社ジー・エム・シー",,301,"東京都","品川区","東五反田１丁目２番３９号",,13,109,1410022,,,,,,,2015-10-05,1,,,,,"ジーエムシー",0
1426,6010703008374,01,0,2026-07-06,2026-07-06,"合同会社キメラコア",,305,"東京都","品川区","西品川２丁目７－４ビューノ．ｓ大崎４０１",,13,109,1410033,,,,,,,2026-07-06,1,,,,,"キメラコア",0
1427,6010803005890,01,0,2026-07-06,2026-07-06,"合同会社Ｍ‐ＢＲＩＧＨＴ‐Ｖ",,305,"東京都","大田区","中央７丁目１２番１２号",,13,111,1430024,,,,,,,2026-07-06,1,,,,,"エムブライトブイ",0
1428,6010901022722,12,0,2026-07-06,2026-07-02,"株式会社アイプラフ",,301,"東京都","千代田区","神田駿河台１丁目５－６コトー駿河台１１３号室",,13,101,1010062,,,,,,,2015-10-05,1,,,,,,0
1429,6010901035385,12,0,2026-07-06,2026-06-18,"スリーアイズキャピタル株式会社",,301,"東京都","千代田区","有楽町１丁目７番１号",,13,101,1000006,,,,,,,2015-10-05,1,,,,,"スリーアイズキャピタル",0
1430,6010901059814,01,0,2026-07-06,2026-07-06,"株式会社エモクレア",,301,"東京都","世田谷区","太子堂４丁目１８番１５号マガザン三軒茶屋２－３Ｆ－３",,13,112,1540004,,,,,,,2026-07-06,1,,,,,"エモクレア",0
1431,6011001179008,01,0,2026-07-06,2026-07-06,"ｙｕｒａ　ｉｎｖｅｓｔｍｅｎｔ株式会社",,301,"東京都","渋谷区","西原２丁目３５番７号",,13,113,1510066,,,,,,,2026-07-06,1,,,,,"ユラインベストメント",0
1432,6011002007415,01,1,2026-07-06,2015-10-05,"有限会社玉川屋ユニホームセンター",,302,"東京都","渋谷区","円山町２８番７号",,13,113,1500044,,,,,,,2015-10-05,1,,,,,"タマガワヤユニホームセンター",0
1433,6011003006894,11,0,2026-07-06,2026-06-17,"合同会社Ｒｅｌｅａｓｅ",,305,"東京都","渋谷区","恵比寿南３丁目１０－１４－５１２",,13,113,1500022,,,,,,,2016-07-06,1,,,,,"リリース",0
1434,6011003024789,01,0,2026-07-06,2026-07-06,"ＳＲＹキューブ合同会社",,305,"東京都","渋谷区","道玄坂１丁目１０番８号渋谷道玄坂東急ビル２Ｆ－Ｃ",,13,113,1500043,,,,,,,2026-07-06,1,,,,,"エスアールワイキューブ",0
1435,6011003024806,01,0,2026-07-06,2026-07-06,"吉武ホールディングス合同会社",,305,"東京都","目黒区","目黒本町５丁目１８番９号",,13,110,1520002,,,,,,,2026-07-06,1,,,,,"ヨシタケホールディングス",0
1436,6011005011546,01,0,2026-07-06,2026-07-06,"一般社団法人高齢者住まい紹介事業者協会",,399,"東京都","渋谷区","恵比寿４丁目２０番３号恵比寿ガーデンプレイスタワー１８階",,13,113,1500013,,,,,,,2026-07-06,1,,,,,"コウレイシャスマイショウカイジギョウシャキョウカイ",0
1437,6011101094412,01,1,2026-07-06,2021-03-15,"株式会社新日創",,301,"東京都","新宿区","北新宿４丁目１５－１０－５０４号室",,13,104,1690074,,,,,,,2021-03-15,1,,,,,,0
1438,6011101100756,21,0,2026-07-06,2026-07-02,"ＩＴテクノロジー株式会社",,301,"東京都","新宿区","西新宿３丁目３番１３号西新宿水間ビル２Ｆ",,13,104,1600023,,,2026-07-02,01,,,2022-11-09,1,,,,,"アイティテクノロジー",0
1439,6011201023931,01,1,2026-07-06,2022-07-04,"レオパレスグリーンエネルギー株式会社",,301,"東京都","中野区","本町２丁目５４番１１号",,13,114,1640012,,,,,,,2022-07-04,1,,,,,,0
1440,6011201027263,01,0,2026-07-06,2026-07-06,"株式会社Ｔｗｉｎ　ａｎｇｅ　Ｇ",,301,"東京都","中野区","中野５丁目６８番９号ＡＫビル２Ｆ",,13,114,1640001,,,,,,,2026-07-06,1,,,,,"ツインアンジュジー",0
1441,6011301031652,01,0,2026-07-06,2026-07-06,"株式会社ＥＩＧＨＴ",,301,"東京都","杉並区","桃井２丁目１１番２号",,13,115,1670034,,,,,,,2026-07-06,1,,,,,"エイト",0
1442,6011303006041,01,0,2026-07-06,2026-07-06,"合同会社杏仁堂",,305,"東京都","杉並区","西荻南４丁目１７番１６号",,13,115,1670053,,,,,,,2026-07-06,1,,,,,"キョウジンドウ",0
1443,6011402019431,21,0,2026-07-06,2026-07-02,"ストダジャパン有限会社",,302,"東京都","板橋区","坂下２丁目２６番１９号",,13,119,1740043,,,2026-07-02,01,,,2015-10-05,1,,,,,,0
1444,6011501022856,21,0,2026-07-06,2026-07-02,"株式会社ＴＧスタッフサービス",,301,"東京都","北区","中十条１丁目２番２２号東京技官ビル",,13,117,1140032,,,2026-07-02,01,,,2017-07-21,1,,,,,"ティージースタッフサービス",0
1445,6011501025041,12,0,2026-07-06,2026-07-02,"株式会社ＵＹカンパニー",,301,"東京都","渋谷区","代々木２丁目６番８号ｓｈｉｎｊｕｋｕｅｘビル８階",,13,113,1510053,,,,,,,2019-08-14,1,,,,,"ユーワイカンパニー",0
1446,6011501033531,01,0,2026-07-06,2026-07-06,"株式会社コミヤ",,301,"東京都","荒川区","西日暮里６丁目４７番１０号",,13,118,1160013,,,,,,,2026-07-06,1,,,,,"コミヤ",0
1447,6011601020479,21,0,2026-07-06,2026-06-29,"株式会社ｔａａｐ",,301,"東京都","練馬区","大泉学園町８丁目３０番２３号アムールコート１０３",,13,120,1780061,,,2026-06-29,01,,,2015-11-18,1,,,,,,0
1448,6011701021856,12,0,2026-07-06,2026-07-02,"シィ・ジェイ・ワールド・トレーディング株式会社",,301,"東京都","中央区","晴海５丁目５番３－２１２号",,13,102,1040053,,,,,,,2018-07-02,1,,,,,"シィジェイワールドトレーディング",0
1449,6011801041647,12,0,2026-07-06,2026-07-01,"株式会社アドバンス",,301,"東京都","足立区","西伊興１丁目３－１３",,13,121,1210824,,,,,,,2022-12-07,1,,,,,"アドバンス",0
1450,6011801048106,01,0,2026-07-06,2026-07-06,"ＭＨアセットマネジメント株式会社",,301,"東京都","葛飾区","西水元１丁目６番５号リーブセレブリテＩＩ１０３",00144182,13,122,1250031,,,,,,,2026-07-06,1,,,,,"エムエイチアセットマネジメント",0
1451,6012702005360,01,1,2026-07-06,2015-10-05,"有限会社北原フォトスタジオ",,302,"東京都","西東京市","田無町２丁目１６番９号",,13,229,1880011,,,,,,,2015-10-05,1,,,,,"キタハラフォトスタジオ",0
1452,6012803004121,01,0,2026-07-06,2026-07-06,"合同会社ゴッサム",,305,"東京都","立川市","曙町２丁目１５番１４号ヒロセビル１１Ｂ１Ｆ",00144181,13,202,1900012,,,,,,,2026-07-06,1,,,,,,0
1453,6013201011453,21,0,2026-07-06,2026-06-17,"株式会社スムーズ",,301,"東京都","目黒区","下目黒２丁目２２番１７号",,13,110,1530064,,,2026-06-17,01,,,2015-10-05,1,,,,,"スムーズ",0
1454,6013301040625,12,0,2026-07-06,2026-06-22,"株式会社エニゴ",,301,"東京都","豊島区","西池袋１丁目３７－８Ｊ・Ｐビル６階",,13,116,1710021,,,,,,,2017-06-01,0,,,,,"エニゴ",0
1455,6013301040625,11,0,2026-07-06,2026-06-22,"株式会社ＫＡＮＯ",,301,"東京都","豊島区","西池袋１丁目３７－８Ｊ・Ｐビル６階",,13,116,1710021,,,,,,,2017-06-01,1,,,,,"カノ",0
1456,6013303003662,12,0,2026-07-06,2026-07-02,"合同会社ＭＩ２",,305,"埼玉県","所沢市","緑町１丁目４番１号デュオヒルズ新所沢駅前５１２",,11,208,3591111,,,,,,,2017-04-19,1,,,,,"エムアイニ",0
1457,6013303008315,01,0,2026-07-06,2026-07-06,"合同会社Ｃｒａｆｔｎａｕｔｓ",,305,"東京都","豊島区","東池袋２丁目６２番８号ＢＩＧオフィスプラザ池袋１２０６",,13,116,1700013,,,,,,,2026-07-06,1,,,,,"クラフトノーツ",0
1458,6020001135069,12,0,2026-07-06,2026-06-30,"株式会社Ｒｅｓｐ",,301,"東京都","港区","芝４丁目６番１６号ライオンズ三田７０４",,13,103,1080014,,,,,,,2020-02-25,1,,,,,"レスプ",0
1459,6020001150737,12,0,2026-07-06,2026-07-01,"Ｗｈｙ　Ｄｏ株式会社",,301,"東京都","品川区","西五反田７丁目２２番１７号ＴＯＣビル８階４９号",,13,109,1410031,,,,,,,2023-03-22,1,,,,,"ワイドゥ",0
1460,6020001169323,01,0,2026-07-06,2026-07-06,"株式会社トラストセキュリティ",,301,"神奈川県","川崎市中原区","井田１丁目２番１７号",,14,133,2110035,,,,,,,2026-07-06,1,,,,,"トラストセキュリティ",0
1461,6020001169331,01,0,2026-07-06,2026-07-06,"株式会社サンライズ",,301,"神奈川県","横浜市西区","浅間町１丁目５－１インテンション横浜３０２",,14,103,2200072,,,,,,,2026-07-06,1,,,,,"サンライズ",0
1462,6020001169348,01,0,2026-07-06,2026-07-06,"株式会社江口工業",,301,"神奈川県","横浜市都筑区","川和町８１９番地",,14,118,2240057,,,,,,,2026-07-06,1,,,,,"エグチコウギョウ",0
1463,6020001169380,01,0,2026-07-06,2026-07-06,"株式会社リ・ビルド",,301,"神奈川県","横浜市中区","伊勢佐木町７丁目１５６番地",,14,104,2310045,,,,,,,2026-07-06,1,,,,,"リビルド",0
1464,6020003015450,12,0,2026-07-06,2026-06-23,"株式会社シンフォテック",,301,"神奈川県","横浜市中区","山下町４６",,14,104,2310023,,,,,,,2019-01-16,1,,,,,"シンフォテック",0
1465,6020005017338,01,0,2026-07-06,2026-07-06,"一般社団法人大学応援団文化振興機構",,399,"神奈川県","川崎市宮前区","梶ケ谷１４４９番地１ステージ宮崎台１０４",,14,136,2160034,,,,,,,2026-07-06,1,,,,,"オウエンダンブンカシンコウキコウ",0
1466,6021001035580,12,0,2026-07-06,2026-06-12,"山水株式会社",,301,"神奈川県","茅ヶ崎市","下寺尾２２５９番地４",,14,207,2530081,,,,,,,2015-10-05,1,,,,,"サンスイ",0
1467,6021001088570,01,0,2026-07-06,2026-07-06,"株式会社ＴＡＫＵＭＩ",,301,"神奈川県","横須賀市","安浦町１丁目１番地２２ベイルーム横須賀中央ＩＩ２０２号",00144179,14,201,2380012,,,,,,,2026-07-06,1,,,,,"タクミ",0
1468,6021001088579,01,0,2026-07-06,2026-07-06,"株式会社ＹＭＴランド",,301,"神奈川県","相模原市南区","大野台３丁目２２番２１号",,14,153,2520331,,,,,,,2026-07-06,1,,,,,"ワイエムティーランド",0
1469,6021001088587,01,0,2026-07-06,2026-07-06,"木村ダイバース株式会社",,301,"神奈川県","平塚市","老松町４番９号",,14,203,2540033,,,,,,,2026-07-06,1,,,,,"キムラダイバース",0
1470,6021002063985,21,0,2026-07-06,2026-06-12,"有限会社久里浜タイヤ",,302,"神奈川県","横須賀市","ハイランド２丁目１１番１号",,14,201,2390833,,,2026-06-12,01,,,2015-10-05,1,,,,,"クリハマタイヤ",0
1471,6021003008774,12,0,2026-07-06,2026-06-12,"ＣＬＩＦＴＯＮ合同会社",,305,"神奈川県","鎌倉市","岩瀬５６５番地６",,14,204,2470051,,,,,,,2019-10-18,1,,,,,"クリフトン",0
1472,6021003017668,01,0,2026-07-06,2026-07-06,"合同会社旭コンサルティング",,305,"神奈川県","横須賀市","鴨居３丁目２５番１３号",,14,201,2390813,,,,,,,2026-07-06,1,,,,,"アサヒコンサルティング",0
1473,6030001023784,12,0,2026-07-06,2026-06-24,"株式会社オーエス・テック",,301,"埼玉県","さいたま市見沼区","大字風渡野３９５番地１６",,11,104,3370017,,,,,,,2015-10-05,1,,,,,"オーエステック",0
1474,6030001058426,01,1,2026-07-06,2015-10-05,"株式会社イデア総合研究所",,301,"東京都","中央区","銀座８丁目１２番１５号",,13,102,1040061,,,,,,,2015-10-05,0,,,,,"イデアソウゴウケンキュウジョ",0
1475,6030001058426,12,1,2026-07-06,2018-07-20,"株式会社イデア総合研究所",,301,"東京都","中央区","銀座１丁目２０番１１号",,13,102,1040061,,,,,,,2015-10-05,1,,,,,"イデアソウゴウケンキュウジョ",0
1476,6030001144424,12,0,2026-07-06,2026-06-25,"サクセスライン株式会社",,301,"千葉県","流山市","流山２丁目２８２番地の２",,12,220,2700164,,,,,,,2021-09-27,1,,,,,"サクセスライン",0
1477,6030001173150,01,0,2026-07-06,2026-07-06,"株式会社キャリプロ",,301,"埼玉県","上尾市","大字上２９６番地７号",,11,219,3620001,,,,,,,2026-07-06,1,,,,,"キャリプロ",0
1478,6030001173159,01,0,2026-07-06,2026-07-06,"株式会社Ｃｒａｆｔ",,301,"埼玉県","北本市","宮内１丁目９番地１",,11,233,3640002,,,,,,,2026-07-06,1,,,,,"クラフト",0
1479,6030001173167,01,0,2026-07-06,2026-07-06,"ユーテック株式会社",,301,"埼玉県","熊谷市","籠原南２丁目３４番地コーポニューウェル２０２号",,11,202,3600847,,,,,,,2026-07-06,1,,,,,"ユーテック",0
1480,6030001173175,01,0,2026-07-06,2026-07-06,"株式会社歩夢設備",,301,"埼玉県","幸手市","大字下川崎４４１番地５",,11,240,3400162,,,,,,,2026-07-06,1,,,,,"アユムセツビ",0
1481,6030001173183,01,0,2026-07-06,2026-07-06,"株式会社エム電気",,301,"埼玉県","川口市","江戸袋１丁目１９番１５号",,11,203,3340075,,,,,,,2026-07-06,1,,,,,"エムデンキ",0
1482,6030001173191,01,0,2026-07-06,2026-07-06,"株式会社Ｒｅｆｉｎｅ　Ｌａｂ",,301,"埼玉県","戸田市","下戸田１丁目７番１６号ダイヤメゾン戸田公園２－１号",,11,224,3350011,,,,,,,2026-07-06,1,,,,,"リファインラボ",0
1483,6030001173209,01,0,2026-07-06,2026-07-06,"株式会社朝日ファシリティーズ",,301,"埼玉県","春日部市","永沼６２３－１",,11,214,3440123,,,,,,,2026-07-06,1,,,,,"アサヒファシリティーズ",0
1484,6030002102884,21,0,2026-07-06,2026-06-24,"有限会社斉藤運送店",,302,"埼玉県","川口市","南町２丁目１番１０号",,11,203,3320026,,,2026-06-24,01,,,2015-10-05,1,,,,,"サイトウウンソウテン",0
1485,6030005014367,01,1,2026-07-06,2015-10-05,"特定非営利活動法人エコネットくまがや",,399,"埼玉県","熊谷市","村岡２２８８番地",,11,202,3600162,,,,,,,2015-10-05,1,,,,,"エコネットクマガヤ",0
1486,6030005017964,01,1,2026-07-06,2016-05-16,"特定非営利活動法人クローバー",,399,"埼玉県","さいたま市中央区","鈴谷３丁目３番１１号",,11,105,3380013,,,,,,,2016-05-16,0,,,,,"クローバー",0
1487,6030005017964,12,1,2026-07-06,2017-07-03,"特定非営利活動法人クローバー",,399,"埼玉県","さいたま市南区","松本４丁目２２番７号",,11,108,3360035,,,,,,,2016-05-16,1,,,,,"クローバー",0
1488,6030005019267,12,0,2026-07-06,2026-06-22,"一般社団法人ＤＭＯ川越",,399,"埼玉県","川越市","松江町２丁目９番地２",,11,201,3500056,,,,,,,2018-12-03,1,,,,,"ディーエムオーカワゴエ",0
1489,6030005022568,01,0,2026-07-06,2026-07-06,"一般社団法人保護犬保護猫はっぴー",,399,"埼玉県","上尾市","泉台２丁目１８番地１６",,11,219,3620062,,,,,,,2026-07-06,1,,,,,"ホゴイヌホゴネコハッピー",0
1490,6040001080957,01,1,2026-07-06,2015-10-05,"サイバーシストロン株式会社",,301,"千葉県","四街道市","さちが丘１丁目１番１４号",,12,228,2840025,,,,,,,2015-10-05,1,,,,,"サイバーシストロン",0
1491,6040001105788,12,0,2026-07-06,2026-06-22,"株式会社Ｔ－Ａ",,301,"千葉県","市原市","海保２６２１",,12,219,2900266,,,,,,,2018-08-14,1,,,,,"ティーエース",0
1492,6040001144407,01,0,2026-07-06,2026-07-06,"株式会社永井型枠建設",,301,"千葉県","八街市","八街は７番地１６９",,12,230,2891107,,,,,,,2026-07-06,1,,,,,"ナガイカタワクケンセツ",0
1493,6040001144423,01,0,2026-07-06,2026-07-06,"株式会社ＹＧ",,301,"千葉県","八千代市","勝田台北１丁目２番１０号猪飼ビル",,12,221,2760020,,,,,,,2026-07-06,1,,,,,"ワイジー",0
1494,6040002062905,01,1,2026-07-06,2015-10-05,"有限会社マサル",,302,"千葉県","富里市","七栄１８６番地６",,12,233,2860221,,,,,,,2015-10-05,1,,,,,"マサル",0
1495,6040003020028,12,0,2026-07-06,2026-06-12,"合同会社フロム・ツー",,305,"千葉県","流山市","おおたかの森西４丁目１７７番４号",,12,220,2700128,,,,,,,2022-05-13,1,,,,,"フロムツー",0
1496,6040003030332,01,0,2026-07-06,2026-07-06,"合同会社クール",,305,"千葉県","茂原市","六田台１６２番地",,12,210,2970056,,,,,,,2026-07-06,1,,,,,"クール",0
1497,6040005013657,21,0,2026-07-06,2026-06-10,"医療法人社団歯優会",,399,"千葉県","柏市","松葉町６丁目９番地の１",,12,217,2770827,,,2026-06-10,01,,,2015-10-05,1,,,,,"シユウカイ",0
1498,6040005019712,21,0,2026-07-06,2026-06-16,"企業組合新舞子の風",,399,"千葉県","富津市","亀田５４２番地",,12,226,2930057,,,2026-06-16,01,,,2017-10-18,1,,,,,"シンマイコノカゼ",0
1499,6050001017628,01,1,2026-07-06,2015-10-05,"株式会社文",,301,"茨城県","水戸市","吉沢町３５４番地３０",,08,201,3100845,,,,,,,2015-10-05,1,,,,,"フミ",0
1500,6050001058630,01,0,2026-07-06,2026-07-06,"株式会社Ｖｅｇｅｔａｂｌｅ　ｆａｒｍ",,301,"茨城県","水戸市","本町３丁目２０番３２号",,08,201,3100815,,,,,,,2026-07-06,1,,,,,"ベジタブルファーム",0
1501,6060001035975,21,0,2026-07-06,2026-06-29,"株式会社インテリアＲｏｏｔ",,301,"栃木県","宇都宮市","陽東５丁目７番４０号２Ｆ北側",,09,201,3210904,,,2026-06-29,01,,,2023-05-10,1,,,,,"インテリアルーツ",0
1502,6060002037888,01,1,2026-07-06,2015-10-05,"有限会社トムデント",,302,"栃木県","足利市","有楽町８４５番地１１",,09,202,3260801,,,,,,,2015-10-05,1,,,,,"トムデント",0
1503,6070002005340,12,0,2026-07-06,2026-06-30,"有限会社村上食品",,302,"群馬県","渋川市","半田３２１０番地",,10,208,3770004,,,,,,,2015-10-05,1,,,,,"ムラカミショクヒン",0
1504,6070003006486,01,0,2026-07-06,2026-07-06,"合同会社タイム",,305,"群馬県","前橋市","江木町９１６番地３",,10,201,3710002,,,,,,,2026-07-06,1,,,,,"タイム",0
1505,6080002015396,12,0,2026-07-06,2026-07-01,"有限会社ビューティーライフ",,302,"静岡県","静岡市葵区","紺屋町４番地の３ホワイトホライズンビル６階",,22,101,4200852,,,,,,,2015-10-05,1,,,,,"ビューティーライフ",0
1506,6080101011783,21,0,2026-07-06,2026-07-01,"株式会社豚源商店",,301,"静岡県","富士宮市","宝町１７番５号",,22,207,4180055,,,2026-07-01,01,,,2015-10-05,1,,,,,"ブタゲンショウテン",0
1507,6080101018928,01,1,2026-07-06,2016-02-26,"株式会社ＨＡＮＳＯＯ貿易",,301,"静岡県","沼津市","足高１７３番地の８",,22,203,4100001,,,,,,,2016-02-26,0,,,,,"ハンスーボウエキ",0
1508,6080101018928,12,1,2026-07-06,2018-06-07,"株式会社ＨＡＮＳＯＯ貿易",,301,"静岡県","沼津市","東椎路１５６２番地の３ビューテラス愛鷹６０３号",,22,203,4100302,,,,,,,2016-02-26,0,,,,,"ハンスーボウエキ",0
1509,6080101018928,12,1,2026-07-06,2019-03-06,"株式会社ＨＡＮＳＯＯ貿易",,301,"岡山県","笠岡市","東大戸４４６４番地１",,33,205,7140071,,,,,,,2016-02-26,1,,,,,"ハンスーボウエキ",0
1510,6080102000298,12,0,2026-07-06,2026-07-01,"有限会社泉保険事務所",,302,"静岡県","掛川市","青葉台７７５番地の２０",,22,213,4360019,,,,,,,2015-10-05,1,,,,,"イズミホケンジムショ",0
1511,6080103003639,01,0,2026-07-06,2026-07-06,"Ｏｎ　ｔｈｅ　Ｒｉｃｅ　Ｔｒａｄｅ　Ｊａｐａｎ合同会社",,305,"静岡県","熱海市","泉２４１番地の１２フェアモントビュー伊豆Ｄ４０７",,22,205,4130001,,,,,,,2026-07-06,1,,,,,"オンザライストレードジャパン",0
1512,6080401017431,12,0,2026-07-06,2026-06-25,"秋葉バスサービス株式会社",,301,"静岡県","周智郡森町","森２６１番地の５",,22,461,4370215,,,,,,,2015-10-05,1,,,,,"アキハバスサービス",0
1513,6080405000136,01,1,2026-07-06,2015-10-05,"社会福祉法人真徳会",,399,"静岡県","浜松市中区","下池川町２７番１号",,22,131,4300905,,,,,,,2015-10-05,0,,,,,,0
1514,6080405000136,12,1,2026-07-06,2024-01-04,"社会福祉法人真徳会",,399,"静岡県","浜松市中央区","下池川町２７番１号",,22,138,4300905,,,,,,,2015-10-05,1,,,,,,0
1515,6090001017509,01,1,2026-07-06,2022-04-06,"菊水エムズ株式会社",,301,"山梨県","南都留郡富士河口湖町","勝山２８０５番地",,19,430,4010310,,,,,,,2022-04-06,1,,,,,"キクスイエムズ",0
1516,6090001019587,01,1,2026-07-06,2025-10-31,"株式会社ＭＳ法人天石会",,301,"山梨県","富士吉田市","下吉田２丁目３番７号１階",,19,202,4030004,,,,,,,2025-10-31,1,,,,,"エムエスホウジンテンセキカイ",0
1517,6090002010124,01,1,2026-07-06,2015-10-05,"小沢運送有限会社",00068906,302,"山梨県","都留市","田野倉１４９９番地の４",,19,204,4020001,,,,,,,2015-10-05,1,,,,,"オザワウンソウ",0
1518,6100001011204,11,0,2026-07-06,2026-07-01,"一途株式会社",,301,"長野県","東御市","田中１番地３",,20,219,3890516,,,,,,,2015-10-05,1,,,,,"イチズ",0
1519,6100001011872,01,1,2026-07-06,2015-10-05,"株式会社長野ライス",,301,"長野県","飯山市","大字蓮３３３番地",,20,213,3892256,,,,,,,2015-10-05,1,,,,,"ナガノライス",0
1520,6100001021764,01,1,2026-07-06,2015-10-05,"株式会社高山産業",,301,"長野県","伊那市","美篶１０４８２番地１",,20,209,3960111,,,,,,,2015-10-05,1,,,,,"タカヤマサンギョウ",0
1521,6100001039807,01,0,2026-07-06,2026-07-06,"おぎわら電工株式会社",,301,"長野県","上田市","緑が丘３丁目７番６号",,20,203,3860022,,,,,,,2026-07-06,1,,,,,"オギワラデンコウ",0
1522,6100002020294,01,1,2026-07-06,2015-10-05,"有限会社正栄技術サービス",,302,"長野県","松本市","大字島立１０８０番地６",,20,202,3900852,,,,,,,2015-10-05,1,,,,,"ショウエイギジュツサービス",0
1523,6110001013637,01,1,2026-07-06,2015-10-05,"株式会社嵐製作所",,301,"新潟県","胎内市","大出字中島１７８１番地２",,15,227,9592604,,,,,,,2015-10-05,1,,,,,"アラシセイサクショ",0
1524,6110002001129,11,0,2026-07-06,2026-06-24,"有限会社エス・プロ",,302,"新潟県","魚沼市","七日市新田２２４番地１",,15,225,9460072,,,,,,,2015-10-05,1,,,,,"エスプロ",0
1525,6110003006226,01,0,2026-07-06,2026-07-06,"北京合同会社",,305,"新潟県","柏崎市","錦町４番１１号",,15,205,9450052,,,,,,,2026-07-06,1,,,,,"ペキン",0
1526,6120001038253,12,0,2026-07-06,2026-07-01,"株式会社相続ステーション",,301,"大阪府","大阪市北区","角田町８番１号大阪梅田ツインタワーズ・ノース",,27,127,5300017,,,,,,,2015-10-05,1,,,,,"ソウゾクステーション",0
1527,6120001093851,12,0,2026-07-06,2026-07-01,"ファルコン株式会社",,301,"大阪府","大阪市都島区","善源寺町１丁目６番１２号",,27,102,5340015,,,,,,,2015-10-05,1,,,,,"ファルコン",0
1528,6120001181400,21,0,2026-07-06,2026-07-01,"株式会社ＭＫ会計センター",,301,"大阪府","大阪市中央区","淡路町２丁目２番６号サンマイン北浜１２０３号室",,27,128,5410047,,,2026-07-01,01,,,2015-10-05,1,,,,,"エムケーカイケイセンター",0
1529,6120001202486,12,0,2026-07-06,2026-06-30,"株式会社１１１",,301,"大阪府","大阪市中央区","南船場４丁目１３－８エステート心斎橋７０３",,27,128,5420081,,,,,,,2016-12-14,1,,,,,"トリプルワン",0
1530,6120001215496,12,0,2026-07-06,2026-06-30,"Ｌｏｎｇ　Ｄａ　Ａｒｔｉｓｔ株式会社",,301,"大阪府","守口市","滝井西町１丁目１０－７－２Ｆ",,27,209,5700076,,,,,,,2018-08-28,1,,,,,"ロンダアーティスト",0
1531,6120001230363,12,0,2026-07-06,2026-07-01,"株式会社Ｔｈｅ　ｂｅｓＴ",,301,"大阪府","大阪市西成区","旭３丁目４－１４－４０５",,27,122,5570032,,,,,,,2020-07-14,1,,,,,"ザベスト",0
1532,6120001236922,01,1,2026-07-06,2021-04-26,"株式会社Ｐｏｓｅｉｄｏｎ．ｃｏｍ",,301,"大阪府","大阪市福島区","福島７丁目３－１８",,27,103,5530003,,,,,,,2021-04-26,0,,,,,"ポセイドンドットコム",0
1533,6120001236922,11,1,2026-07-06,2022-03-07,"株式会社ゼストグランテックリゾート",,301,"大阪府","大阪市福島区","福島７丁目３－１８",,27,103,5530003,,,,,,,2021-04-26,0,,,,,,0
1534,6120001236922,12,1,2026-07-06,2022-03-16,"株式会社ゼストグランテックリゾート",,301,"沖縄県","宮古島市","伊良部字長浜１４４３番地",,47,214,9060506,,,,,,,2021-04-26,1,,,,,,0
1535,6120001267133,12,0,2026-07-06,2026-06-30,"古戸建リノベーション大阪株式会社",,301,"神奈川県","横浜市港北区","日吉本町５丁目４２番５－３号",,14,109,2230062,,,,,,,2024-07-26,1,,,,,"フルコダテリノベーションオオサカ",0
1536,6120001287494,01,0,2026-07-06,2026-07-06,"株式会社ＷＩＮＧ",,301,"大阪府","大阪市平野区","喜連７丁目６－３１",,27,126,5470027,,,,,,,2026-07-06,1,,,,,"ウィング",0
1537,6120001287503,01,0,2026-07-06,2026-07-06,"ＭＡ　ＴＲＡＤＩＮＧ株式会社",,301,"大阪府","枚方市","楠葉面取町１丁目６番１８号",,27,210,5731113,,,,,,,2026-07-06,1,,,,,"エムエイトレーディング",0
1538,6120001287511,01,0,2026-07-06,2026-07-06,"未来産業コーポレーション株式会社",,301,"大阪府","大阪市西成区","梅南１丁目３番２１－２０２号室",,27,122,5570033,,,,,,,2026-07-06,1,,,,,"ミライサンギョウコーポレーション",0
1539,6120001287528,01,0,2026-07-06,2026-07-06,"株式会社Ｒｏｏｍａ",,301,"大阪府","大阪市北区","梅田１丁目１番３号大阪駅前第３ビル１１階２号室",,27,127,5300001,,,,,,,2026-07-06,1,,,,,"ルーマ",0
1540,6120001287560,01,0,2026-07-06,2026-07-06,"株式会社４ＰＭ",,301,"大阪府","大阪市阿倍野区","天王寺町南１丁目５番１０号サンパール４０１号",,27,119,5450002,,,,,,,2026-07-06,1,,,,,"フォーピーエム",0
1541,6120001287585,01,0,2026-07-06,2026-07-06,"株式会社モアクト",,301,"大阪府","大阪市中央区","安土町３丁目５番１３号",,27,128,5410052,,,,,,,2026-07-06,1,,,,,"モアクト",0
1542,6120001287602,01,0,2026-07-06,2026-07-06,"株式会社ＴＯＮＹＣＯＤＥ",,301,"大阪府","大阪市淀川区","十三東２丁目１０－１７－２０４号",,27,123,5320023,,,,,,,2026-07-06,1,,,,,"トニーコード",0
1543,6120001287627,01,0,2026-07-06,2026-07-06,"株式会社ＴＯＰ",,301,"大阪府","枚方市","田口山１丁目３番９号",,27,210,5730001,,,,,,,2026-07-06,1,,,,,"トップ",0
1544,6120002057590,12,0,2026-07-06,2026-07-01,"有限会社にしぜん",,302,"大阪府","大阪市浪速区","桜川１丁目２番６号ＺｅｎＩＩ１００１号",00144191,27,111,5560022,,,,,,,2015-10-05,1,,,,,"ニシゼン",0
1545,6120003032980,01,0,2026-07-06,2026-07-06,"合同会社ＥＮＲＩＣＨ",,305,"大阪府","大阪市淀川区","十八条１丁目１番３２号",,27,123,5320001,,,,,,,2026-07-06,1,,,,,"エンリッチ",0
1546,6120003032989,01,0,2026-07-06,2026-07-06,"アーバンテック合同会社",,305,"大阪府","大阪市北区","梅田１丁目２番２号大阪駅前第二ビル２階５－６",,27,127,5300001,,,,,,,2026-07-06,1,,,,,"アーバンテック",0
1547,6120101062252,11,0,2026-07-06,2026-07-01,"尚Ｓｏｕｒｃｅ　ＬＡＢ株式会社",,301,"大阪府","岸和田市","上松町３５８番地の８３",,27,202,5960827,,,,,,,2020-09-03,1,,,,,"ショウソースラボ",0
1548,6120101073992,01,0,2026-07-06,2026-07-06,"株式会社アンディオール",,301,"大阪府","富田林市","富田林町２２番２８号",,27,214,5840033,,,,,,,2026-07-06,1,,,,,"アンディオール",0
1549,6120101074009,01,0,2026-07-06,2026-07-06,"まさき不動産株式会社",,301,"大阪府","高石市","西取石３丁目１６番２３号",,27,225,5920012,,,,,,,2026-07-06,1,,,,,"マサキフドウサン",0
1550,6120101074017,01,0,2026-07-06,2026-07-06,"株式会社立石開発",,301,"大阪府","泉南市","信達大苗代５０５番地２０８",,27,228,5900505,,,,,,,2026-07-06,1,,,,,"タテイシカイハツ",0
1551,6120102006885,01,1,2026-07-06,2015-10-05,"有限会社リバーズ",,302,"大阪府","堺市北区","北長尾町５丁３番２号",,27,146,5918043,,,,,,,2015-10-05,0,,,,,"リバーズ",0
1552,6120102006885,12,0,2026-07-06,2026-07-01,"有限会社リバーズ",,302,"三重県","鈴鹿市","阿古曽町８－５－２Ｆ",,24,207,5130828,,,,,,,2015-10-05,1,,,,,"リバーズ",0
1553,6120102012636,01,1,2026-07-06,2015-10-05,"有限会社アスカム",,302,"大阪府","堺市美原区","小寺６８番地の１",,27,147,5870065,,,,,,,2015-10-05,1,,,,,"アスカム",0
1554,6120103001456,01,1,2026-07-06,2015-10-05,"野田建物合同会社",,305,"大阪府","泉南郡熊取町","野田２丁目９番２３号",,27,361,5900451,,,,,,,2015-10-05,1,,,,,"ノダタテモノ",0
1555,6120902006168,01,1,2026-07-06,2015-10-05,"有限会社寿",,302,"大阪府","吹田市","山田東１丁目２６番１１号",,27,205,5650821,,,,,,,2015-10-05,1,,,,,"コトブキ",0
1556,6120903006299,01,0,2026-07-06,2026-07-06,"ＴＡＣ合同会社",,305,"大阪府","吹田市","末広町８番２５号",,27,205,5640022,,,,,,,2026-07-06,1,,,,,"ティーエーシー",0
1557,6120905004739,01,1,2026-07-06,2015-10-05,"医療法人碧水会",,399,"大阪府","高槻市","西町６５番３号",,27,207,5690854,,,,,,,2015-10-05,0,,,,,"ヘキスイカイ",0
1558,6120905004739,12,1,2026-07-06,2024-06-04,"医療法人碧水会",,399,"大阪府","高槻市","西町６５番２号",,27,207,5690854,,,,,,,2015-10-05,1,,,,,"ヘキスイカイ",0
1559,6122001000218,21,0,2026-07-06,2026-06-08,"旭鉄建株式会社",,301,"大阪府","東大阪市","衣摺４丁目３０番８号",00034144,27,227,5770827,,,2026-06-08,01,,,2015-10-05,1,,,,,"アサヒテッケン",0
1560,6122001022823,21,0,2026-07-06,2026-07-01,"株式会社ライス",,301,"大阪府","八尾市","跡部本町１丁目３番４号",,27,212,5810064,,,2026-07-01,01,,,2015-10-05,1,,,,,"ライス",0
1561,6122001040676,01,0,2026-07-06,2026-07-06,"株式会社ルイ・コーポレーション",,301,"大阪府","八尾市","跡部北の町２丁目１番３２－３１０号",,27,212,5810068,,,,,,,2026-07-06,1,,,,,"ルイコーポレーション",0
1562,6122003003573,01,0,2026-07-06,2026-07-06,"合同会社ｐｏｉｎｔｓ　ｓｋｙ",,305,"大阪府","八尾市","中田４丁目１５０番地の２－２０３号",,27,212,5810014,,,,,,,2026-07-06,1,,,,,"ポイントスカイ",0
1563,6130001033625,01,1,2026-07-06,2015-10-05,"株式会社藤林商店",,301,"京都府","久世郡久御山町","下津屋富ノ城２６番地６",,26,322,6130035,,,,,,,2015-10-05,1,,,,,"フジバヤシショウテン",0
1564,6130001048284,71,0,2026-07-06,2026-07-01,"株式会社ハウスドゥ販売管理",,301,"京都府","京都市下京区","烏丸通仏光寺下る大政所町６８０番地",,26,106,6008413,,,,,,"令和８年７月１日京都市下京区烏丸通仏光寺下ル大政所町６８０番地株式会社京葉ビルド（1040001020075）を合併",2015-10-05,1,,,,,"ハウスドゥハンバイカンリ",0
1565,6130001050488,12,0,2026-07-06,2026-07-01,"徳栄株式会社",,301,"埼玉県","川口市","並木２丁目１５－１５－３０６",,11,203,3320034,,,,,,,2015-10-05,1,,,,,"トクエイ",0
1566,6130001082515,01,0,2026-07-06,2026-07-06,"株式会社オクトメア",,301,"京都府","京都市伏見区","醍醐大構町７番地ディークラディア醍醐駅前１０５",,26,109,6011366,,,,,,,2026-07-06,1,,,,,"オクトメア",0
1567,6140001045652,01,1,2026-07-06,2015-10-05,"株式会社アンリミテッド",,301,"兵庫県","加古川市","加古川町粟津４１９－１早瀬ビル",,28,210,6750039,,,,,,,2015-10-05,1,,,,,"アンリミテッド",0
1568,6140001110621,12,0,2026-07-06,2026-06-25,"株式会社伽羅",,301,"兵庫県","神戸市東灘区","鴨子ケ原１丁目４番１５－７２２号",,28,101,6580064,,,,,,,2018-07-05,1,,,,,"キャラ",0
1569,6140001114184,12,0,2026-07-06,2026-07-01,"株式会社Ｓ＆Ｅ",,301,"兵庫県","神戸市中央区","北長狭通４丁目２番１２号",,28,110,6500012,,,,,,,2019-07-04,1,,,,,"エスアンドイー",0
1570,6140001143299,01,0,2026-07-06,2026-07-06,"海平の郷株式会社",,301,"兵庫県","淡路市","里５７３番地６",,28,226,6562143,,,,,,,2026-07-06,1,,,,,"ウミヒラノサト",0
1571,6160001027748,01,0,2026-07-06,2026-07-06,"株式会社ｌｅ　ｌａｃ",,301,"滋賀県","大津市","浜大津４丁目９番１６－８０１号",,25,201,5200047,,,,,,,2026-07-06,1,,,,,"ルラック",0
1572,6160001027756,01,0,2026-07-06,2026-07-06,"株式会社ニューズデンタルラボラトリー",,301,"滋賀県","甲賀市","甲南町野田５９９番地",,25,209,5203308,,,,,,,2026-07-06,1,,,,,"ニューズデンタルラボラトリー",0
1573,6160001027764,01,0,2026-07-06,2026-07-06,"株式会社ＫＲＧ",,301,"滋賀県","大津市","伊香立下龍華町５８４番地の９",,25,201,5200363,,,,,,,2026-07-06,1,,,,,"ケーアールジー",0
1574,6160005005799,01,1,2026-07-06,2015-10-05,"雨宮社",,399,"滋賀県","東近江市","市子殿町４４３番地",,25,213,5291537,,,,,,,2015-10-05,1,,,,,"アメミヤシャ",0
1575,6160005008348,01,1,2026-07-06,2015-10-05,"一般社団法人滋賀県薬剤師会",,399,"滋賀県","草津市","笠山７丁目４番５２号",,25,206,5250072,,,,,,,2015-10-05,1,,,,,,0
1576,6170001014324,12,0,2026-07-06,2026-07-01,"株式会社上友農園",,301,"和歌山県","有田市","千田４０９番地２",,30,204,6490313,,,,,,,2016-07-05,1,,,,,"ウエトモノウエン",0
1577,6180001036086,01,1,2026-07-06,2015-10-05,"株式会社三交不動産鑑定所",,301,"愛知県","名古屋市中村区","名駅３丁目２１番７号",,23,105,4500002,,,,,,,2015-10-05,0,,,,,"サンコウフドウサンカンテイショ",0
1578,6180001036086,12,1,2026-07-06,2017-08-21,"株式会社三交不動産鑑定所",,301,"愛知県","名古屋市中村区","名駅３丁目１５番１号",,23,105,4500002,,,,,,,2015-10-05,0,,,,,"サンコウフドウサンカンテイショ",0
1579,6180001036086,12,1,2026-07-06,2020-05-26,"株式会社三交不動産鑑定所",,301,"愛知県","名古屋市中村区","名駅３丁目２１番７号",,23,105,4500002,,,,,,,2015-10-05,1,,,,,"サンコウフドウサンカンテイショ",0
1580,6180001067164,01,1,2026-07-06,2015-10-05,"株式会社西之川住建",,301,"愛知県","日進市","藤塚３丁目２０９番地",,23,230,4700117,,,,,,,2015-10-05,1,,,,,"ニシノカワジュウケン",0
1581,6180001093821,01,1,2026-07-06,2015-10-05,"株式会社創建設計",,301,"愛知県","半田市","花園町２丁目１番地の１７",,23,205,4750833,,,,,,,2015-10-05,1,,,,,"ソウケンセッケイ",0
1582,6180001136183,12,0,2026-07-06,2026-06-29,"株式会社藤匠",,301,"愛知県","一宮市","伝法寺２丁目１２番地１５",,23,203,4910828,,,,,,,2019-04-16,1,,,,,"フジショウ",0
1583,6180001145151,01,1,2026-07-06,2021-03-11,"ＷＭＯ株式会社",,301,"愛知県","名古屋市中区","錦１丁目７番３号熊澤産業ビル６階",,23,106,4600003,,,,,,,2021-03-11,1,,,,,,0
1584,6180001172583,01,0,2026-07-06,2026-07-06,"株式会社ＵＴＢ",,301,"愛知県","日進市","赤池２丁目１０３番地１プラセシオン赤池ファースト７０５",,23,230,4700125,,,,,,,2026-07-06,1,,,,,"ユーティービー",0
1585,6180002059796,01,1,2026-07-06,2015-10-05,"有限会社トップアッププロダクション",,302,"愛知県","名古屋市中区","新栄２丁目４７番２号",,23,106,4600007,,,,,,,2015-10-05,0,,,,,,0
1586,6180002059796,21,0,2026-07-06,2026-06-25,"有限会社トップアッププロダクション",,302,"愛知県","名古屋市中区","新栄２丁目４７番２号",,23,106,4600007,,,2026-06-25,01,,,2015-10-05,1,,,,,,0
1587,6180002083508,01,1,2026-07-06,2015-10-05,"有限会社柴田ゴム",,302,"愛知県","半田市","有楽町７丁目１０２番地",,23,205,4750837,,,,,,,2015-10-05,1,,,,,"シバタゴム",0
1588,6180002086485,01,1,2026-07-06,2015-10-05,"有限会社風水土",,302,"愛知県","大府市","若草町１丁目５９４番地",,23,223,4740022,,,,,,,2015-10-05,1,,,,,"フウスイド",0
1589,6180003023223,21,0,2026-07-06,2026-06-24,"合同会社キャーラン",,305,"愛知県","豊明市","大久伝町南４－１フレア大久伝１Ａ",,23,229,4701111,,,2026-06-24,01,,,2021-11-24,1,,,,,,0
1590,6180003030418,01,0,2026-07-06,2026-07-06,"合同会社ＦＩＮＥ",,305,"愛知県","名古屋市南区","内田橋２丁目１９－１８－２０１",,23,112,4570862,,,,,,,2026-07-06,1,,,,,"ファイン",0
1591,6180003030475,01,0,2026-07-06,2026-07-06,"三石商事合同会社",,305,"愛知県","名古屋市中川区","明徳町１丁目２９番地の１",,23,110,4540857,,,,,,,2026-07-06,1,,,,,"ミツイシショウジ",0
1592,6180005004171,12,0,2026-07-06,2026-07-01,"名古屋葬祭業協同組合",,399,"愛知県","名古屋市中区","栄３丁目１４番１１号",,23,106,4600008,,,,,,,2015-10-05,1,,,,,"ナゴヤソウサイギョウ",0
1593,6190001033264,01,0,2026-07-06,2026-07-06,"株式会社スリーアールズコーポレーション",,301,"三重県","松阪市","中道町５３０番地４こむぎむら９号地",,24,204,5152115,,,,,,,2026-07-06,1,,,,,"スリーアールズコーポレーション",0
1594,6200002026587,01,1,2026-07-06,2015-10-05,"有限会社湯元長座",,302,"岐阜県","高山市","奥飛騨温泉郷福地７８６番地",00081089,21,203,5061434,,,,,,,2015-10-05,1,,,,,,0
1595,6200003007198,12,0,2026-07-06,2026-06-30,"合同会社ＨＹ",,305,"岐阜県","加茂郡八百津町","野上９６２－５",,21,505,5050307,,,,,,,2026-01-21,1,,,,,"エイチワイ",0
1596,6200003007405,01,0,2026-07-06,2026-07-06,"合同会社ＺＩＶＡ　Ａｇｒｉｂａｓｅ",,305,"岐阜県","各務原市","前渡東町１丁目１８番",,21,213,5040922,,,,,,,2026-07-06,1,,,,,"ジバアグリベース",0
1597,6200005009837,21,0,2026-07-06,2026-06-22,"御嶽教覚動教会",,399,"岐阜県","高山市","松之木町３４８７番地の１",,21,203,5060802,,,2026-06-22,01,,,2015-10-05,1,,,,,"オンタケキョウカクドウキョウカイ",0
1598,6200005011529,01,1,2026-07-06,2015-10-05,"一般社団法人岐阜県自動車会議所",,399,"岐阜県","岐阜市","日置江２６４８番地の２",,21,201,5016133,,,,,,,2015-10-05,1,,,,,,0
1599,6200005013905,01,0,2026-07-06,2026-07-06,"Ｅｔｅｒｎａｌ　Ｐａｒｔｎｅｒｓ協同組合",,399,"岐阜県","下呂市","野尻２８３番地",,21,220,5092313,,,,,,,2026-07-06,1,,,,,"エターナルパートナーズ",0
1600,6210005008417,01,1,2026-07-06,2015-10-05,"社会福祉法人高浜町社会福祉協議会",,399,"福井県","大飯郡高浜町","緑ケ丘１丁目１番地の１",,18,481,9192372,,,,,,,2015-10-05,0,,,,,,0
1601,6210005008417,12,1,2026-07-06,2026-04-08,"社会福祉法人高浜町社会福祉協議会",,399,"福井県","大飯郡高浜町","宮崎第６７号１番地１",,18,481,9192225,,,,,,,2015-10-05,1,,,,,,0
1602,6210005009472,01,1,2026-07-06,2015-10-05,"特定非営利活動法人はぁもにぃ永平寺",,399,"福井県","吉田郡永平寺町","松岡神明１丁目１２８番地",,18,322,9101117,,,,,,,2015-10-05,0,,,,,,0
1603,6210005009472,12,1,2026-07-06,2020-04-03,"特定非営利活動法人はぁもにぃ永平寺",,399,"福井県","吉田郡永平寺町","松岡吉野堺１８号５番地１",,18,322,9101127,,,,,,,2015-10-05,1,,,,,,0
1604,6220001027452,01,0,2026-07-06,2026-07-06,"株式会社Ｔｋ‐Ｒｅｐｒｏ",,301,"石川県","金沢市","永安町１１０番地",,17,201,9201301,,,,,,,2026-07-06,1,,,,,"ティーケーリプロ",0
1605,6220001027460,01,0,2026-07-06,2026-07-06,"株式会社ＦＵＵＭＯ",,301,"石川県","金沢市","長田町３番１号ファーストレーベン長田・２０２号",,17,201,9200042,,,,,,,2026-07-06,1,,,,,"フーモ",0
1606,6220003004301,01,0,2026-07-06,2026-07-06,"合同会社ＺＥＮＯ",,305,"石川県","金沢市","片町２丁目２１－２７オーロラビル４階４０３号室",,17,201,9200981,,,,,,,2026-07-06,1,,,,,,0
1607,6230001015274,11,0,2026-07-06,2026-07-01,"マルホファーマ株式会社",,301,"富山県","中新川郡立山町","利田１９７番地１",,16,323,9300275,,,,,,,2015-10-05,1,,,,,"マルホファーマ",0
1608,6240001066738,01,0,2026-07-06,2026-07-06,"株式会社リスタ",,301,"広島県","広島市西区","南観音７丁目１１番１３－４０１号",,34,104,7330035,,,,,,,2026-07-06,1,,,,,"リスタ",0
1609,6240001066754,01,0,2026-07-06,2026-07-06,"松田ライフサポート株式会社",,301,"広島県","広島市中区","南千田東町２番２８－８０５号",,34,101,7300054,,,,,,,2026-07-06,1,,,,,"マツダライフサポート",0
1610,6250002001809,21,0,2026-07-06,2026-07-03,"有限会社ロジュマントクダ",,302,"山口県","山口市","宮野下１０５９番地",,35,203,7530011,,,2026-07-03,01,,,2015-10-05,1,,,,,"ロジュマントクダ",0
1611,6250002010628,12,0,2026-07-06,2026-07-02,"有限会社弘中製作所",,302,"山口県","下関市","筋川町１８番５号",,35,201,7500057,,,,,,,2015-10-05,1,,,,,"ヒロナカセイサクショ",0
1612,6260001041409,01,0,2026-07-06,2026-07-06,"中山内装株式会社",,301,"岡山県","総社市","久代４９３６番地１",,33,208,7101201,,,,,,,2026-07-06,1,,,,,"ナカヤマナイソウ",0
1613,6260002003779,01,1,2026-07-06,2015-10-05,"有限会社後神自動車",,302,"岡山県","岡山市北区","大安寺南町１丁目１番１２号",,33,101,7000064,,,,,,,2015-10-05,1,,,,,"ゴカンジドウシャ",0
1614,6260002004083,01,1,2026-07-06,2015-10-05,"有限会社三洋地所",,302,"岡山県","岡山市中区","平井５丁目６番３号",,33,102,7038282,,,,,,,2015-10-05,0,,,,,"サンヨウチショ",0
1615,6260002004083,12,1,2026-07-06,2026-07-01,"有限会社三洋地所",,302,"岡山県","岡山市北区","辰巳２９番地１０１",,33,101,7000976,,,,,,,2015-10-05,1,,,,,"サンヨウチショ",0
1616,6270002007110,01,1,2026-07-06,2015-10-05,"有限会社美さご",,302,"鳥取県","米子市","朝日町４７番地",,31,202,6830813,,,,,,,2015-10-05,1,,,,,"ミサゴ",0
1617,6290001058061,12,0,2026-07-06,2026-06-23,"株式会社濱田空調",,301,"福岡県","福岡市西区","上山門２丁目４３番２３－７０１号",,40,135,8190054,,,,,,,2015-10-05,1,,,,,,0
1618,6290001069819,01,1,2026-07-06,2015-10-05,"株式会社カメリアジャパンプロジェクト",,301,"福岡県","久留米市","野中町１４０番地の１５",,40,203,8390862,,,,,,,2015-10-05,1,,,,,"カメリアジャパンプロジェクト",0
1619,6290001111472,01,1,2026-07-06,2025-09-25,"株式会社福岡中央地所",,301,"福岡県","福岡市南区","若久４丁目１０番２０号",,40,134,8150042,,,,,,,2025-09-25,0,,,,,"フクオカチュウオウチショ",0
1620,6290001111472,12,1,2026-07-06,2026-06-24,"株式会社福岡中央地所",,301,"福岡県","福岡市南区","野間１丁目１番１９号",,40,134,8150041,,,,,,,2025-09-25,1,,,,,"フクオカチュウオウチショ",0
1621,6290001114715,01,0,2026-07-06,2026-07-06,"ホウゴコネクト株式会社",,301,"福岡県","福岡市中央区","天神１丁目１１番１号ＯＮＥＦＵＫＵＯＫＡＢＬＤＧ．７階",,40,133,8100001,,,,,,,2026-07-06,1,,,,,"ホウゴコネクト",0
1622,6290002033154,01,1,2026-07-06,2015-10-05,"有限会社諸熊石油",,302,"福岡県","糸島市","二丈福井２４４６番地の７",,40,230,8191631,,,,,,,2015-10-05,1,,,,,"モロクマセキユ",0
1623,6290003018633,01,0,2026-07-06,2026-07-06,"合同会社エフライン",,305,"福岡県","福岡市東区","香椎浜２丁目３番５－３１２号",,40,131,8130016,,,,,,,2026-07-06,1,,,,,"エフライン",0
1624,6290005016602,12,0,2026-07-06,2026-05-11,"一般社団法人ＹＳＪアセットマネジメント",,399,"福岡県","福岡市早良区","西新７丁目６番１７－１号",,40,137,8140002,,,,,,,2017-10-18,1,,,,,"アセットマネジメント",0
1625,6290801000511,01,1,2026-07-06,2015-10-05,"株式会社オイルライン岡田",,301,"福岡県","北九州市小倉南区","曽根新田北３丁目１３番７号",,40,107,8000219,,,,,,,2015-10-05,1,,,,,"オイルラインオカダ",0
1626,6290801002144,01,1,2026-07-06,2015-10-05,"株式会社匠工務店",,301,"福岡県","北九州市小倉北区","田町１５番６号",,40,106,8030817,,,,,,,2015-10-05,1,,,,,,0
1627,6290801010147,21,0,2026-07-06,2026-06-26,"西部給食株式会社",,301,"福岡県","北九州市八幡西区","青山２丁目１０番４３号福寿コーポ青山１号",,40,109,8060043,,,2026-06-26,01,,,2015-10-05,1,,,,,"セイブキュウショク",0
1628,6290802006144,21,0,2026-07-06,2026-06-25,"有限会社松昌ビル",,302,"福岡県","北九州市小倉北区","中島１丁目１８番２４号",,40,106,8020076,,,2026-06-25,01,,,2015-10-05,1,,,,,"マツショウビル",0
1629,6290802012670,21,0,2026-07-06,2026-06-17,"有限会社伸宝堂",,302,"福岡県","北九州市八幡東区","高見２丁目１番６号",,40,108,8050016,,,2026-06-17,01,,,2015-10-05,1,,,,,"シンホウドウ",0
1630,6300001006811,12,0,2026-07-06,2026-07-01,"株式会社アンダーズハイプランニング",,301,"佐賀県","鳥栖市","本鳥栖町５４７番地１－１階",,41,203,8410026,,,,,,,2015-10-05,1,,,,,"アンダーズハイプランニング",0
1631,6300005003136,01,1,2026-07-06,2015-10-05,"光明寺",,399,"佐賀県","武雄市","朝日町大字甘久２６２２番地",,41,206,8430001,,,,,,,2015-10-05,1,,,,,"コウミョウジ",0
1632,6310001020159,01,0,2026-07-06,2026-07-06,"株式会社長崎三ツ星フーズ",,301,"長崎県","佐世保市","大塔町８番地２",,42,202,8571161,,,,,,,2026-07-06,1,,,,,"ナガサキミツボシフーズ",0
1633,6310002014424,01,1,2026-07-06,2015-10-05,"有限会社住屋建設",,302,"長崎県","南松浦郡新上五島町","浦桑郷１９０番地１",,42,411,8574511,,,,,,,2015-10-05,1,,,,,"スミヤケンセツ",0
1634,6310005006435,01,1,2026-07-06,2015-10-05,"新松浦漁業協同組合",,399,"長崎県","松浦市","鷹島町阿翁浦免６３７番地",,42,208,8594301,,,,,,,2015-10-05,1,,,,,"シンマツウラギョギョウ",0
1635,6320002006866,01,1,2026-07-06,2015-10-05,"有限会社目代食品",,302,"大分県","大分市","豊海３丁目２番１号",,44,201,8700018,,,,,,,2015-10-05,1,,,,,"モクダイショクヒン",0
1636,6330001000381,22,0,2026-07-06,2026-06-24,"株式会社イワイホーム",,301,"熊本県","熊本市北区","清水東町７番５０号",,43,105,8618065,,,,,,,2015-10-05,1,,,,,"イワイホーム",0
1637,6330001033704,12,0,2026-07-06,2026-06-30,"株式会社葉月",,301,"熊本県","熊本市北区","植木町轟２４７４番地１",,43,105,8610155,,,,,,,2025-10-29,1,,,,,"ハヅキ",0
1638,6330002013960,01,1,2026-07-06,2015-10-05,"有限会社掛板",,302,"熊本県","熊本市西区","河内町岳１７０８番地３",,43,103,8615344,,,,,,,2015-10-05,1,,,,,"カケイタ",0
1639,6340001028273,01,0,2026-07-06,2026-07-06,"株式会社南電工ホールディングス",,301,"鹿児島県","鹿児島市","天保山町２２番２８号",,46,201,8900061,,,,,,,2026-07-06,1,,,,,"ナンデンコウホールディングス",0
1640,6340002007549,01,1,2026-07-06,2015-10-05,"有限会社野本パーツ商会",,302,"鹿児島県","鹿児島市","西千石町７番４０号",,46,201,8920847,,,,,,,2015-10-05,1,,,,,"ノモトパーツショウカイ",0
1641,6340002018422,01,1,2026-07-06,2015-10-05,"有限会社神園タクシー",,302,"鹿児島県","薩摩郡さつま町","宮之城屋地１０７７番地２",,46,392,8951803,,,,,,,2015-10-05,0,,,,,,0
1642,6340002018422,11,1,2026-07-06,2015-10-08,"株式会社神園サービス",,301,"鹿児島県","薩摩郡さつま町","宮之城屋地１０７７番地２",,46,392,8951803,,,,,,,2015-10-05,1,,,,,"カミゾノサービス",0
1643,6340005003925,01,1,2026-07-06,2015-10-05,"社会福祉法人吉祥福祉会",,399,"鹿児島県","薩摩郡さつま町","虎居町１７７９番地１",,46,392,8951812,,,,,,,2015-10-05,1,,,,,"キツシヨウフクシカイ",0
1644,6350003005245,01,0,2026-07-06,2026-07-06,"ｍｓｋｋ合同会社",,305,"宮崎県","日向市","大字財光寺１１１９番地２",,45,206,8830021,,,,,,,2026-07-06,1,,,,,"エムエスケイケイ",0
1645,6360001007399,01,1,2026-07-06,2015-10-05,"株式会社日本デジタル",,301,"沖縄県","沖縄市","上地２丁目１番１号",,47,211,9040031,,,,,,,2015-10-05,0,,,,,,0
1646,6360001007399,12,1,2026-07-06,2018-02-01,"株式会社日本デジタル",,301,"沖縄県","沖縄市","上地２丁目１番２９号",,47,211,9040031,,,,,,,2015-10-05,0,,,,,,0
1647,6360001007399,11,1,2026-07-06,2018-02-01,"株式会社ＤＩＧＩＴＡＬ",,301,"沖縄県","沖縄市","上地２丁目１番２９号",,47,211,9040031,,,,,,,2015-10-05,1,,,,,,0
1648,6360001021474,71,0,2026-07-06,2026-06-09,"株式会社喜山",,301,"沖縄県","宮古島市","平良字下里１５５９番地７",,47,214,9060013,,,,,,"令和８年４月２２日沖縄県宮古島市平良字島尻２２番地１合同会社島頭（4360003009461）を合併",2016-10-28,1,,,,,"キヤマ",0
1649,6360001036951,01,0,2026-07-06,2026-07-06,"株式会社ＨａｎａＦｕｋｕ",,301,"沖縄県","那覇市","字仲井真２４６－１８",,47,201,9020074,,,,,,,2026-07-06,1,,,,,"ハナフク",0
1650,6360001036968,01,0,2026-07-06,2026-07-06,"株式会社おやかわ商事",,301,"沖縄県","沖縄市","中央１丁目１４番１７号",,47,211,9040004,,,,,,,2026-07-06,1,,,,,"オヤカワショウジ",0
1651,6360003002415,01,0,2026-07-06,2026-07-06,"合資会社久米島総合自動車整備センター",,304,"沖縄県","島尻郡久米島町","字儀間３６７番地の１",,47,361,9013115,,,,,,,2026-07-06,1,,,,,,0
1652,6360005002215,01,1,2026-07-06,2015-10-05,"社会福祉法人緑和会",,399,"沖縄県","うるま市","字栄野比９３９番地",,47,213,9042205,,,,,,,2015-10-05,1,,,,,,0
1653,6360005007453,01,0,2026-07-06,2026-07-06,"一般社団法人獅心会",,399,"沖縄県","国頭郡今帰仁村","字今泊１７０番地",,47,306,9050428,,,,,,,2026-07-06,1,,,,,"シシンカイ",0
1654,6370001053962,01,0,2026-07-06,2026-07-06,"ＧＫＤ　ＷＯＲＸ株式会社",,301,"宮城県","柴田郡村田町","大字小泉字高田１６番地１",,04,322,9891302,,,,,,,2026-07-06,1,,,,,"ジーケーディーワークス",0
1655,6370002003553,01,1,2026-07-06,2015-10-05,"有限会社中嶋電機",,302,"宮城県","仙台市太白区","山田北前町２３番５号",,04,104,9820813,,,,,,,2015-10-05,1,,,,,"ナカジマデンキ",0
1656,6370003007669,01,0,2026-07-06,2026-07-06,"合同会社ＴＣＯ　Ｆｉｅｌｄ　Ｓｕｐｐｏｒｔ",,305,"宮城県","仙台市太白区","西多賀２丁目４番２０号",,04,104,9820034,,,,,,,2026-07-06,1,,,,,"トコフィールドサポート",0
1657,6390001018427,01,0,2026-07-06,2026-07-06,"株式会社ＨＡＧＳ",,301,"山形県","山形市","飯沢５０６－５",,06,201,9902476,,,,,,,2026-07-06,1,,,,,"ハグス",0
1658,6400003003747,01,0,2026-07-06,2026-07-06,"合同会社オオサワ",,305,"岩手県","盛岡市","北飯岡２丁目２１番３１号パブロハニーＡ１０１号",,03,201,0200857,,,,,,,2026-07-06,1,,,,,"オオサワ",0
1659,6410001007773,12,0,2026-07-06,2026-07-01,"株式会社テクノステージ",,301,"神奈川県","横浜市西区","北幸２丁目１０番４８号むつみビル３階",,14,103,2200004,,,,,,,2015-10-05,1,,,,,"テクノステージ",0
1660,6410003004273,01,0,2026-07-06,2026-07-06,"合同会社ミルセミージャ",,305,"秋田県","秋田市","新屋松美ガ丘北町８番３０号",,05,201,0101618,,,,,,,2026-07-06,1,,,,,"ミルセミージャ",0
1661,6420001019578,01,0,2026-07-06,2026-07-06,"株式会社ＳＥＡ・Ｋラボテック",,301,"青森県","八戸市","根城９丁目２６番７号",,02,203,0391166,,,,,,,2026-07-06,1,,,,,"シーケーラボテック",0
1662,6420002005684,01,1,2026-07-06,2015-10-05,"有限会社雪田種苗店",,302,"青森県","青森市","浪岡大字女鹿沢字東種本１２番地４",,02,201,0381331,,,,,,,2015-10-05,1,,,,,"ユキタシュビョウテン",0
1663,6430001061678,01,1,2026-07-06,2015-10-05,"株式会社福祉ケア",,301,"北海道","札幌市中央区","北五条西６丁目１番地",,01,101,0600005,,,,,,,2015-10-05,0,,,,,"フクシケア",0
1664,6430001061678,12,1,2026-07-06,2017-02-03,"株式会社福祉ケア",,301,"北海道","札幌市西区","平和二条３丁目５番９号",,01,107,0630022,,,,,,,2015-10-05,1,,,,,"フクシケア",0
1665,6430001097210,01,0,2026-07-06,2026-07-06,"株式会社ハレノヒ製作所",,301,"北海道","札幌市中央区","南三条西１丁目１２番３号タカラビル１階",,01,101,0600063,,,,,,,2026-07-06,1,,,,,"ハレノヒセイサクショ",0
1666,6430001097251,01,0,2026-07-06,2026-07-06,"株式会社パルシス",,301,"北海道","札幌市白石区","平和通２丁目南５番１４－１０２号",,01,104,0030028,,,,,,,2026-07-06,1,,,,,"パルシス",0
1667,6430002047726,01,1,2026-07-06,2015-10-05,"有限会社ジョイコーポレーション",,302,"北海道","千歳市","幸町２丁目８番地の３",,01,224,0660063,,,,,,,2015-10-05,1,,,,,"ジョイコーポレーション",0
1668,6430005014368,12,0,2026-07-06,2026-06-26,"一般社団法人ＤＩＹプランナー協会",,399,"北海道","小樽市","朝里３丁目１４番１８号コーポラスカナヤＩＩ１０１号",00144190,01,203,0470151,,,,,,,2022-01-17,1,,,,,"ディアイワイプランナーキョウカイ",0
1669,6450001014832,12,0,2026-07-06,2026-07-01,"株式会社Ｙ’ｓ．ｃｏｍ",,301,"北海道","札幌市白石区","平和通１３丁目北２番３５号サントアリオ・デ・平和通１０５号",,01,104,0030029,,,,,,,2026-01-13,1,,,,,"ワイズドットコム",0
1670,6450001014997,01,0,2026-07-06,2026-07-06,"株式会社セブンスナイン",,301,"北海道","旭川市","末広六条１丁目３番２号",,01,204,0718136,,,,,,,2026-07-06,1,,,,,"セブンスナイン",0
1671,6450002002976,01,1,2026-07-06,2015-10-05,"有限会社創健社",,302,"北海道","旭川市","末広東三条３丁目２番１２号",,01,204,0718123,,,,,,,2015-10-05,1,,,,,"ソウケンシャ",0
1672,6460001005847,12,0,2026-07-06,2026-07-03,"エヌエスセキュリティー株式会社",,301,"北海道","釧路市","昭和町４丁目１８番６号中山荘２階",,01,206,0840903,,,,,,,2023-11-22,1,,,,,"エヌエスセキュリティー",0
1673,6460101001647,21,0,2026-07-06,2026-06-26,"豊國油脂工業株式会社",,301,"北海道","帯広市","西八条南９丁目２２番地",,01,207,0800018,,,2026-06-26,01,,,2015-10-05,1,,,,,"トヨクニユシコウギョウ",0
1674,6470001011142,12,0,2026-07-06,2026-06-25,"株式会社ヤシマ",,301,"香川県","さぬき市","志度字石立１０３９番地１",,37,206,7692101,,,,,,,2015-10-05,1,,,,,"ヤシマ",0
1675,6480002005002,21,0,2026-07-06,2026-06-29,"有限会社元木木工所",,302,"徳島県","徳島市","上八万町広田２４５番地１",,36,201,7708040,,,2026-06-29,01,,,2015-10-05,1,,,,,"モトキモッコウショ",0
1676,6490001007832,01,1,2026-07-06,2015-10-05,"株式会社羽方青果",,301,"高知県","高知市","鴨部１丁目１９番３５号",,39,201,7808052,,,,,,,2015-10-05,1,,,,,"ハカタセイカ",0
1677,6490002012781,21,0,2026-07-06,2026-06-30,"有限会社上岡電機商会",,302,"高知県","安芸市","港町２丁目５番２７号",,39,203,7840005,,,2026-06-30,01,,,2015-10-05,1,,,,,"カミオカデンキショウカイ",0
1678,6500001004646,01,1,2026-07-06,2015-10-05,"ＲＮＢコーポレーション株式会社",,301,"愛媛県","松山市","本町１丁目１番地１",,38,201,7900811,,,,,,,2015-10-05,1,,,,,,0
1679,6500002014883,01,1,2026-07-06,2015-10-05,"有限会社桑村メディカルサービス",,302,"愛媛県","西条市","桑村１０９番地３",,38,206,7991323,,,,,,,2015-10-05,1,,,,,"クワムラメディカルサービス",0
1680,6500002015163,01,1,2026-07-06,2015-10-05,"有限会社西日本レンタカー",,302,"愛媛県","西条市","楠甲２８３番地３",,38,206,7991302,,,,,,,2015-10-05,1,,,,,"ニシニホンレンタカー",0
1681,6500005008164,12,0,2026-07-06,2026-07-01,"一般社団法人えひめ暮らしネットワーク",,399,"愛媛県","松山市","一番町４丁目１番地２愛媛県自治会館５階",,38,201,7900001,,,,,,,2020-03-05,1,,,,,"エヒメクラシネットワーク",0
1682,6700150066979,12,0,2026-07-06,2025-04-22,"Ｍａｎａｇｅｍｅｎｔ　Ｒｅｐｏｒｔｓ　Ｉｎｔｅｒｎａｔｉｏｎａｌ　Ｐｔｅ　Ｌｔｄ",,401,,,,,,,,"シンガポール共和国０４８５８３ワン・ラッフルズ・クェイ＃２５－００",,,,,,2015-10-09,1,,,,,"マネジメントレポーツインターナシヨナルピーテイーイーリミテツド",0
1683,7010001087772,12,0,2026-07-06,2026-06-22,"株式会社アジェンテ",,301,"東京都","千代田区","九段北１丁目９番７号",,13,101,1020073,,,,,,,2015-10-05,1,,,,,"アジェンテ",0
1684,7010001099883,01,1,2026-07-06,2015-10-05,"トライコーン株式会社",,301,"東京都","渋谷区","神宮前３丁目３７番１－９１２号",,13,113,1500001,,,,,,,2015-10-05,1,,,,,"トライコーン",0
1685,7010001105889,12,0,2026-07-06,2026-06-11,"株式会社ＭＴＫ",,301,"東京都","中央区","日本橋茅場町１丁目３番７号千代田ビル６階",,13,102,1030025,,,,,,,2015-10-05,1,,,,,,0
1686,7010001135515,12,0,2026-07-06,2026-06-18,"株式会社ＨＪ　ＰＩＬＯＴ",,301,"東京都","八丈島八丈町","大賀郷２４３８番地１",,13,401,1001401,,,,,,,2015-10-05,1,,,,,,0
1687,7010001155496,12,0,2026-07-06,2026-07-02,"株式会社ヌーボーコミュニケーションズ",,301,"東京都","世田谷区","八幡山１丁目２５番２６－２０３号",,13,112,1560056,,,,,,,2015-10-05,1,,,,,"ヌーボーコミュニケーションズ",0
1688,7010001186392,12,0,2026-07-06,2026-06-11,"株式会社ケーアイエステート",,301,"神奈川県","小田原市","千代１０７１番地の８",,14,206,2500215,,,,,,,2017-09-25,0,,,,,"ケーアイエステート",0
1689,7010001186392,11,0,2026-07-06,2026-06-11,"株式会社ＫＧ",,301,"神奈川県","小田原市","千代１０７１番地の８",,14,206,2500215,,,,,,,2017-09-25,1,,,,,"ケージー",0
1690,7010001225167,21,0,2026-07-06,2026-06-22,"ｄ．ｃｏｄｅ株式会社",,301,"東京都","千代田区","丸の内１丁目１１番１号",,13,101,1000005,,,2026-06-22,01,,,2022-03-18,1,,,,,"ディーコード",0
1691,7010001252673,12,0,2026-07-06,2026-06-15,"Ｔｅｉａ　ＩＩ株式会社",,301,"東京都","千代田区","有楽町１丁目７番１号有楽町電気ビル北館１３階スリーアイズキャピタル株式会社内",,13,101,1000006,,,,,,,2025-02-28,1,,,,,"テイアツー",0
1692,7010001259487,12,0,2026-07-06,2026-06-11,"ＭＣＣ　Ｌｏｇｉｓｔｉｃｓ株式会社",,301,"東京都","中央区","築地７丁目２番１号",,13,102,1040045,,,,,,,2025-10-17,1,,,,,"エムシーシーロジスティクス",0
1693,7010001266830,01,0,2026-07-06,2026-07-06,"株式会社プレオーダー",,301,"東京都","千代田区","神田和泉町１番地６－１６ヤマトビル４０５",,13,101,1010024,,,,,,,2026-07-06,1,,,,,"プレオーダー",0
1694,7010003039573,21,0,2026-07-06,2026-06-16,"合同会社ＺＥＨＰＪ４",,305,"東京都","中央区","銀座４丁目６番１号三幸アセットマネジメント株式会社内",,13,102,1040061,,,2026-06-16,01,,,2023-01-13,1,,,,,"ゼッチピージェーフォー",0
1695,7010003051917,01,0,2026-07-06,2026-07-06,"合同会社コアキースタジオ",,305,"東京都","中央区","日本橋２丁目１６―４ｒｅｍｉｘ日本橋６階",,13,102,1030027,,,,,,,2026-07-06,1,,,,,"コアキースタジオ",0
1696,7010003051925,01,0,2026-07-06,2026-07-06,"合同会社ＥＴＪパートナーズ",,305,"東京都","千代田区","三番町７番地６ローレルコート三番町３０３号",,13,101,1020075,,,,,,,2026-07-06,1,,,,,"イーティージェーパートナーズ",0
1697,7010003051966,01,0,2026-07-06,2026-07-06,"合同会社Ｕｎａ",,305,"東京都","中央区","日本橋２丁目１６―４ｒｅｍｉｘ日本橋６階",,13,102,1030027,,,,,,,2026-07-06,1,,,,,"ウーナ",0
1698,7010005034143,21,0,2026-07-06,2026-06-16,"ＧＳＳＧ　Ｓｏｌａｒ　Ｊａｐａｎ　Ｈｏｌｄｉｎｇｓ３ａ一般社団法人",,399,"東京都","千代田区","丸の内１丁目４番１号東京共同会計事務所内",,13,101,1000005,,,2026-06-16,01,,,2021-10-26,1,,,,,"ジーエスエスジーソーラージャパンホールディングススリーエー",0
1699,7010101008265,01,1,2026-07-06,2015-10-05,"街づくりサポート株式会社",,301,"東京都","八王子市","追分町７番１１－１１０１号",,13,201,1920056,,,,,,,2015-10-05,1,,,,,"マチヅクリサポート",0
1700,7010101017308,01,0,2026-07-06,2026-07-06,"株式会社Ｎｅｘｔ　Ａｓｓｅｔ",,301,"東京都","八王子市","横山町２５番５号",,13,201,1920081,,,,,,,2026-07-06,1,,,,,"ネクストアセット",0
1701,7010103002852,01,0,2026-07-06,2026-07-06,"合同会社バイタルスター・エンジニアリング",,305,"東京都","八王子市","楢原町１０１５番地１２",,13,201,1930803,,,,,,,2026-07-06,1,,,,,"バイタルスターエンジニアリング",0
1702,7010401073546,22,0,2026-07-06,2026-06-12,"株式会社四国屋",,301,"東京都","港区","赤坂６丁目４番２０－５０１号",,13,103,1070052,,,,,,,2015-10-05,1,,,,,,0
1703,7010401087463,01,1,2026-07-06,2015-10-05,"株式会社ＨＩＲＹＵ",,301,"東京都","港区","海岸２丁目５番２３号",,13,103,1050022,,,,,,,2015-10-05,0,,,,,"ヒリュウ",0
1704,7010401087463,12,1,2026-07-06,2016-02-03,"株式会社ＨＩＲＹＵ",,301,"東京都","江東区","青海２丁目７番４号",,13,108,1350064,,,,,,,2015-10-05,1,,,,,"ヒリュウ",0
1705,7010401093230,11,0,2026-07-06,2026-07-01,"ＧＥエアロスペース・ジャパン株式会社",,301,"東京都","港区","赤坂５丁目２番２０号赤坂パークビル",,13,103,1070052,,,,,,,2015-10-05,1,,,,,"ジーイーエアロスペースジャパン",0
1706,7010401150493,21,0,2026-07-06,2026-06-12,"株式会社スタディウム",,301,"東京都","港区","六本木７丁目３－２６パークノヴァ乃木坂２０４",,13,103,1060032,,,2026-06-12,01,,,2020-01-28,1,,,,,"スタディウム",0
1707,7010401159469,12,0,2026-07-06,2026-07-01,"株式会社ミーアンドユー",,301,"東京都","世田谷区","池尻２丁目４－５ＭＩＤＯＲＩ．ｓｏＩｋｅｊｉｒｉ２Ｆ２０１",,13,112,1540001,,,,,,,2021-04-09,1,,,,,"ミーアンドユー",0
1708,7010401160550,12,0,2026-07-06,2026-07-01,"株式会社ＥＨＲａｄｉｃｓ",,301,"和歌山県","和歌山市","平井８２番地３０",,30,201,6408442,,,,,,,2021-06-03,1,,,,,"イーエイチラディックス",0
1709,7010401171606,12,0,2026-07-06,2026-06-11,"Ｌｉｍｉｔｅｄ　Ｍｅｍｂｅｒｓ　Ａｓｓｏｃｉａｔｅ株式会社",,301,"東京都","港区","麻布十番１丁目２番７号",,13,103,1060045,,,,,,,2022-12-28,1,,,,,"リミテッドメンバーズアソシエイト",0
1710,7010401199894,01,0,2026-07-06,2026-07-06,"株式会社ドルフィン・バリュー・アップ２０号",,301,"東京都","港区","赤坂２丁目４番６号赤坂グリーンクロス２１階",,13,103,1070052,,,,,,,2026-07-06,1,,,,,"ドルフィンバリューアップニジュウゴウ",0
1711,7010403031510,12,0,2026-07-06,2026-07-01,"インフィニッチ合同会社",,305,"愛知県","名古屋市中区","松原２丁目１６番３号",,23,106,4600017,,,,,,,2023-12-11,1,,,,,"インフィニッチ",0
1712,7010403038530,01,0,2026-07-06,2026-07-06,"ＮＥＸ合同会社",,305,"東京都","港区","西麻布３丁目８－１１－７０３",,13,103,1060031,,,,,,,2026-07-06,1,,,,,"ネックス",0
1713,7010405002682,01,1,2026-07-06,2015-10-05,"全国興行生活衛生同業組合連合会",,399,"東京都","港区","新橋６丁目８番２号",,13,103,1050004,,,,,,,2015-10-05,1,,,,,"ゼンコクコウギョウ",0
1714,7010405025163,01,1,2026-07-06,2026-01-20,"特定非営利活動法人ＭＥＥＲ　Ｊａｐａｎ",,399,"東京都","港区","南麻布３丁目１１番１２－３０１号",,13,103,1060047,,,,,,,2026-01-20,1,,,,,"メアージャパン",0
1715,7010501033540,12,0,2026-07-06,2026-06-30,"株式会社細井",,301,"東京都","台東区","浅草４丁目３９番１号",,13,106,1110032,,,,,,,2015-10-05,1,,,,,"ホソイ",0
1716,7010501056120,01,0,2026-07-06,2026-07-06,"株式会社ＡＷＡＫＥ",,301,"東京都","台東区","三筋１丁目７番１号ニューウィング蔵前６階６０１号室",,13,106,1110055,,,,,,,2026-07-06,1,,,,,"アウェイク",0
1717,7010601069468,01,0,2026-07-06,2026-07-06,"Ｔ＆Ｆ株式会社",,301,"東京都","江東区","深川１丁目１１番５－６０２号",,13,108,1350033,,,,,,,2026-07-06,1,,,,,"ティーアンドエフ",0
1718,7010601069476,01,0,2026-07-06,2026-07-06,"株式会社Ｌｉｆｉｎ　Ｈｏｌｄｉｎｇｓ",,301,"東京都","江東区","越中島２丁目１３－１０北沢ビル２Ｆ",,13,108,1350044,,,,,,,2026-07-06,1,,,,,"ライフィンホールディングス",0
1719,7010603012351,01,0,2026-07-06,2026-07-06,"日本インフラ基盤本部合同会社",,305,"東京都","江東区","佐賀１丁目１番６号",,13,108,1350031,,,,,,,2026-07-06,1,,,,,"ニッポンインフラキバンホンブ",0
1720,7010701029371,01,1,2026-07-06,2015-10-05,"ディーエム・アヨニックス株式会社",,301,"東京都","品川区","東五反田５丁目１５番１１－２Ｆ",,13,109,1410022,,,,,,,2015-10-05,0,,,,,"ディーエムアヨニックス",0
1721,7010701029371,12,1,2026-07-06,2026-06-15,"ディーエム・アヨニックス株式会社",,301,"東京都","品川区","西五反田８丁目１番３号ＰＭＯ五反田３階",,13,109,1410031,,,,,,,2015-10-05,1,,,,,"ディーエムアヨニックス",0
1722,7010701032929,01,1,2026-07-06,2016-08-29,"株式会社ＡＧＰコンサルティング",,301,"東京都","品川区","南大井５丁目５番１０号Ｔハイム１０１",,13,109,1400013,,,,,,,2016-08-29,0,,,,,"エイジーピーコンサルティング",0
1723,7010701032929,12,1,2026-07-06,2018-10-26,"株式会社ＡＧＰコンサルティング",,301,"東京都","品川区","大井１丁目１６番１－１６０６号",,13,109,1400014,,,,,,,2016-08-29,0,,,,,"エイジーピーコンサルティング",0
1724,7010701032929,12,0,2026-07-06,2026-07-02,"株式会社ＡＧＰコンサルティング",,301,"東京都","世田谷区","桜新町２丁目２５番１２－５０７号",,13,112,1540015,,,,,,,2016-08-29,1,,,,,"エイジーピーコンサルティング",0
1725,7010701037523,21,0,2026-07-06,2026-06-15,"株式会社ブレインゲージ",,301,"東京都","品川区","二葉１丁目６番２号",,13,109,1420043,,,2026-06-15,01,,,2019-05-10,1,,,,,"ブレインゲージ",0
1726,7010701049799,01,0,2026-07-06,2026-07-06,"株式会社ＦＩＲＥ　ＵＰ",,301,"東京都","品川区","小山３丁目１５－２－４１５",,13,109,1420062,,,,,,,2026-07-06,1,,,,,"ファイヤーアップ",0
1727,7010702002600,01,1,2026-07-06,2015-10-05,"有限会社クレスト産業",,302,"東京都","品川区","荏原２丁目１５番１２号",,13,109,1420063,,,,,,,2015-10-05,1,,,,,"クレストサンギョウ",0
1728,7010705002325,01,1,2026-07-06,2015-10-05,"一般社団法人アドバンスト・ビジネス創造協会",,399,"東京都","品川区","東五反田１丁目７－１１アイオス五反田アネックス５０４号室",,13,109,1410022,,,,,,,2015-10-05,0,,,,,"アドバンストビジネスソウゾウキョウカイ",0
1729,7010705002325,12,1,2026-07-06,2017-08-22,"一般社団法人アドバンスト・ビジネス創造協会",,399,"東京都","品川区","東五反田１丁目７－１１アイオス五反田アネックス６０１号室",,13,109,1410022,,,,,,,2015-10-05,0,,,,,"アドバンストビジネスソウゾウキョウカイ",0
1730,7010705002325,12,1,2026-07-06,2021-12-27,"一般社団法人アドバンスト・ビジネス創造協会",,399,"東京都","品川区","東五反田１丁目１０－７アイオス五反田８０７号室",,13,109,1410022,,,,,,,2015-10-05,1,,,,,"アドバンストビジネスソウゾウキョウカイ",0
1731,7010801007459,01,1,2026-07-06,2015-10-05,"株式会社ティージュ",,301,"東京都","大田区","田園調布２丁目２１番１７号",,13,111,1450071,,,,,,,2015-10-05,1,,,,,"ティージュ",0
1732,7010801031475,12,0,2026-07-06,2026-06-04,"Ｈｅａｒｔ　Ｓｏｕｎｄ株式会社",,301,"東京都","渋谷区","道玄坂１丁目１０番８号渋谷道玄坂東急ビル２Ｆ－Ｃ",,13,113,1500043,,,,,,,2020-12-04,1,,,,,"ハートサウンド",0
1733,7010801031509,12,0,2026-07-06,2026-06-30,"ウィンテグラル株式会社",,301,"東京都","大田区","西蒲田７丁目４番４号小山第二ビル６Ｆ",,13,111,1440051,,,,,,,2020-12-15,1,,,,,"ウィンテグラル",0
1734,7010802014363,01,1,2026-07-06,2015-10-05,"有限会社武藤熱処理研究所",,302,"東京都","大田区","大森南２丁目２０番１８号",,13,111,1430013,,,,,,,2015-10-05,1,,,,,"ムトウネツショリケンキュウショ",0
1735,7010803005519,21,0,2026-07-06,2026-06-30,"合同会社おもろ企画",,305,"東京都","大田区","上池台５丁目１７番２１－１１０９号",,13,111,1450064,,,2026-06-30,01,,,2025-08-25,1,,,,,"オモロキカク",0
1736,7010903006375,12,0,2026-07-06,2026-06-24,"Ｅａｒｔｈｙ　Ｂｌｕｅ合同会社",,305,"東京都","世田谷区","上馬４丁目２７番１９号",,13,112,1540011,,,,,,,2021-03-22,1,,,,,"アーシーブルー",0
1737,7011001047551,12,0,2026-07-06,2026-06-16,"株式会社カタクリコ",,301,"東京都","渋谷区","道玄坂１丁目１０番８号渋谷道玄坂東急ビル２Ｆ－Ｃ",,13,113,1500043,,,,,,,2015-10-05,1,,,,,"カタクリコ",0
1738,7011001137245,12,0,2026-07-06,2026-07-01,"株式会社いいんじゃ",,301,"東京都","新宿区","新宿７丁目２０－６大久保マンション１階",,13,104,1600022,,,,,,,2020-12-08,1,,,,,"イインジャ",0
1739,7011001161419,12,0,2026-07-06,2026-06-19,"Ｖｉｓｉｏｎ　Ｂａｓｅ株式会社",,301,"東京都","千代田区","神田神保町１丁目５４番地４ＪＨＶビル６階",,13,101,1010051,,,,,,,2024-04-19,1,,,,,"ビジョンベース",0
1740,7011002018568,01,1,2026-07-06,2015-10-05,"有限会社ムーヴィング・オン",,302,"東京都","渋谷区","恵比寿南２丁目８番１２号",,13,113,1500022,,,,,,,2015-10-05,1,,,,,"ムーヴィングオン",0
1741,7011101006250,01,1,2026-07-06,2015-10-05,"慶和商事株式会社",,301,"東京都","新宿区","西新宿８丁目５番３号",,13,104,1600023,,,,,,,2015-10-05,0,,,,,"ケイワショウジ",0
1742,7011101006250,12,0,2026-07-06,2026-07-01,"慶和商事株式会社",,301,"東京都","世田谷区","等々力４丁目１番６号",,13,112,1580082,,,,,,,2015-10-05,1,,,,,"ケイワショウジ",0
1743,7011101048557,01,1,2026-07-06,2015-10-05,"株式会社南口建築設計事務所",,301,"東京都","新宿区","信濃町６番地",,13,104,1600016,,,,,,,2015-10-05,0,,,,,"ナンコウケンチクセッケイジムショ",0
1744,7011101048557,12,1,2026-07-06,2016-07-28,"株式会社南口建築設計事務所",,301,"東京都","武蔵野市","中町１丁目１１番１６－４１２号",,13,203,1800006,,,,,,,2015-10-05,1,,,,,"ナンコウケンチクセッケイジムショ",0
1745,7011101113006,12,0,2026-07-06,2026-07-02,"株式会社ＳＨＩＮＫＡＩ",,301,"東京都","杉並区","下井草３丁目４１番５号ドミール下井草Ｂ１０１号室",,13,115,1670022,,,,,,,2025-09-02,1,,,,,"シンカイ",0
1746,7011103015225,12,0,2026-07-06,2026-06-29,"株式会社レイズ",,301,"東京都","新宿区","西新宿７丁目８番１２号昇立西新宿ビル８階",,13,104,1600023,,,,,,,2024-11-26,1,,,,,"レイズ",0
1747,7011105005067,01,1,2026-07-06,2015-10-05,"一般財団法人運輸・交通ＳＡＳ対策支援センター",,399,"東京都","新宿区","四谷３丁目２番５",,13,104,1600004,,,,,,,2015-10-05,1,,,,,"サスタイサクシエンセンター",0
1748,7011301031651,01,0,2026-07-06,2026-07-06,"株式会社Ｒｏｄｎｅｙ",,301,"東京都","杉並区","西荻南２丁目３－８",,13,115,1670053,,,,,,,2026-07-06,1,,,,,"ロドニー",0
1749,7011403002856,12,0,2026-07-06,2026-06-29,"合同会社ＮＡＡＴＳ　Ｉｎｔｅｒｎａｔｉｏｎａｌ",,305,"長崎県","諫早市","鷲崎町７２９－１ベルソレイユＡ",,42,204,8540051,,,,,,,2019-12-12,1,,,,,"ナーツインターナショナル",0
1750,7011501009373,01,1,2026-07-06,2015-10-05,"渡邉製本株式会社",,301,"東京都","荒川区","東日暮里３丁目４番２号",,13,118,1160014,,,,,,,2015-10-05,1,,,,,"ワタナベセイホン",0
1751,7011501022302,01,1,2026-07-06,2017-02-06,"太上インベストメント株式会社",,301,"東京都","荒川区","南千住３丁目４０番１０号",,13,118,1160003,,,,,,,2017-02-06,1,,,,,"オオカミインベストメント",0
1752,7011501033530,01,0,2026-07-06,2026-07-06,"株式会社三光",,301,"東京都","北区","東十条４丁目１２番１４号",,13,117,1140001,,,,,,,2026-07-06,1,,,,,"サンコウ",0
1753,7011503007037,01,0,2026-07-06,2026-07-06,"合同会社ＥＤＡ",,305,"東京都","北区","東十条３丁目３番１－３１２号",,13,117,1140001,,,,,,,2026-07-06,1,,,,,"エダ",0
1754,7011603005188,01,0,2026-07-06,2026-07-06,"スキアキ合同会社",,305,"東京都","練馬区","栄町２１番１８号",,13,120,1760006,,,,,,,2026-07-06,1,,,,,"スキアキ",0
1755,7011701027266,12,0,2026-07-06,2026-07-01,"株式会社清衛産業",,301,"東京都","中央区","日本橋横山町８－１５－４Ｆ",,13,102,1030003,,,,,,,2024-05-15,1,,,,,"キヨエサンギョウ",0
1756,7011703004049,12,0,2026-07-06,2026-07-02,"合同会社ＮＵＲＵ　ｃｏｍｐａｎｙ",,305,"東京都","葛飾区","亀有３丁目１８番１号",,13,122,1250061,,,,,,,2024-12-05,1,,,,,"ヌルカンパニー",0
1757,7011801024502,01,1,2026-07-06,2015-10-05,"株式会社フリースタイル",,301,"東京都","足立区","竹の塚１丁目１９番１７号",,13,121,1210813,,,,,,,2015-10-05,1,,,,,"フリースタイル",0
1758,7012301006057,12,0,2026-07-06,2026-07-01,"セレモハイネス株式会社",,301,"東京都","日野市","万願寺５丁目１４番地の２",,13,212,1910024,,,,,,,2015-10-05,1,,,,,"セレモハイネス",0
1759,7012401033216,11,0,2026-07-06,2026-07-06,"ｓｅｉｋｉｎｅｘ株式会社",,301,"東京都","北区","浮間１丁目７－２３兆豊浮間ビル５０２号室",,13,117,1150051,,,,,,,2017-10-02,1,,,,,"セイキネックス",0
1760,7012401044634,01,0,2026-07-06,2026-07-06,"株式会社Ｋｎｏｔ　ｐｌｕｓ",,301,"東京都","小金井市","本町４丁目７番３３号",,13,210,1840004,,,,,,,2026-07-06,1,,,,,"ノットプラス",0
1761,7012403000949,21,0,2026-07-06,2026-06-30,"合資会社ソロー",,304,"東京都","国立市","西２丁目１１番地の６",,13,215,1860005,,,2026-06-30,01,,,2015-10-05,1,,,,,"ソロー",0
1762,7012403006723,12,0,2026-07-06,2026-07-01,"合同会社ローカル・エイド",,305,"長野県","諏訪市","大字湖南４１２４番地１１",,20,206,3920131,,,,,,,2024-08-26,1,,,,,"ローカルエイド",0
1763,7012801006952,01,1,2026-07-06,2015-10-05,"ステルス・ネットワークス株式会社",,301,"東京都","立川市","砂川町８丁目６０番１６号砂建ビル２Ｄ",,13,202,1900031,,,,,,,2015-10-05,0,,,,,"ステルスネットワークス",0
1764,7012801006952,12,1,2026-07-06,2017-02-08,"ステルス・ネットワークス株式会社",,301,"東京都","中央区","築地６丁目４番５号",,13,102,1040045,,,,,,,2015-10-05,1,,,,,"ステルスネットワークス",0
1765,7012805003418,01,0,2026-07-06,2026-07-06,"特定非営利活動法人高次脳機能障害ピアサポート推進協議会",,399,"東京都","国立市","富士見台１丁目２８番地の１９、１－３６－４０６",,13,215,1860003,,,,,,,2026-07-06,1,,,,,,0
1766,7013103001576,01,0,2026-07-06,2026-07-06,"合同会社悠々自適",,305,"東京都","西多摩郡日の出町","大字平井２５１２番地１",,13,305,1900182,,,,,,,2026-07-06,1,,,,,"ユウユウジテキ",0
1767,7013202002806,01,1,2026-07-06,2015-10-05,"有限会社三角橋不動産",,302,"東京都","目黒区","駒場４丁目７番７号",,13,110,1530041,,,,,,,2015-10-05,1,,,,,"サンカクバシフドウサン",0
1768,7013301045350,12,0,2026-07-06,2026-07-01,"Ｐ‐ｌｕｃｋ株式会社",,301,"東京都","豊島区","目白３丁目４番１２号",,13,116,1710031,,,,,,,2020-03-16,1,,,,,"プラック",0
1769,7013303008297,01,0,2026-07-06,2026-07-06,"パパトストア合同会社",,305,"東京都","豊島区","東池袋２丁目６２番８号ＢＩＧオフィスプラザ池袋１１Ｆ",,13,116,1700013,,,,,,,2026-07-06,1,,,,,"パパトストア",0
1770,7013303008306,01,0,2026-07-06,2026-07-06,"ＤＵＣＫＷＯＲＫＳ合同会社",,305,"東京都","豊島区","東池袋２丁目５０－１３マザガン東池袋６Ｆ",,13,116,1700013,,,,,,,2026-07-06,1,,,,,"ダックワークス",0
1771,7013305003874,01,1,2026-07-06,2026-06-04,"一般社団法人豊清会",,399,"東京都","豊島区","西巣鴨１丁目１５番２０号－１",,13,116,1700001,,,,,,,2026-06-04,1,,,,,,0
1772,7020001121778,12,0,2026-07-06,2026-06-24,"ライジングエステート株式会社",,301,"神奈川県","横浜市中区","本牧町１丁目４２番地４ライオンズグローベル本牧５０１",,14,104,2310806,,,,,,,2017-06-13,1,,,,,"ライジングエステート",0
1773,7020002000733,01,1,2026-07-06,2015-10-05,"有限会社ホームメイク・モリ",,302,"神奈川県","横浜市栄区","庄戸４丁目１０番２７号",,14,115,2470022,,,,,,,2015-10-05,1,,,,,"ホームメイクモリ",0
1774,7020002006557,01,1,2026-07-06,2015-10-05,"有限会社富岡製作所",,302,"神奈川県","横浜市都筑区","勝田町６３９番地",,14,118,2240034,,,,,,,2015-10-05,1,,,,,"トミオカセイサクショ",0
1775,7020003031331,01,0,2026-07-06,2026-07-06,"合同会社建工",,305,"神奈川県","横浜市南区","浦舟町２丁目２３番地７",,14,105,2320024,,,,,,,2026-07-06,1,,,,,"ケンコウ",0
1776,7021001066600,12,0,2026-07-06,2026-06-12,"ユニロムジャパン株式会社",,301,"神奈川県","相模原市中央区","上溝１８８０番地２さがみはら産業創造センター３３０６",,14,152,2520243,,,,,,,2019-02-08,1,,,,,"ユニロムジャパン",0
1777,7021001088578,01,0,2026-07-06,2026-07-06,"株式会社バ",,301,"神奈川県","平塚市","袖ケ浜１－２－２０２",,14,203,2540813,,,,,,,2026-07-06,1,,,,,"バ",0
1778,7021001088594,01,0,2026-07-06,2026-07-06,"ＣＯＬＮＥＸ株式会社",,301,"神奈川県","綾瀬市","上土棚北２丁目１４番１６号",,14,218,2521111,,,,,,,2026-07-06,1,,,,,"コルネックス",0
1779,7030001004164,71,0,2026-07-06,2026-06-19,"新興建設工業株式会社",,301,"埼玉県","さいたま市北区","東大成町２丁目４５８番地１",,11,102,3310814,,,,,,"令和８年６月１日埼玉県さいたま市北区東大成町二丁目４５８番地１ウルトラ警備保障株式会社（5030001116309）を合併",2015-10-05,1,,,,,"シンコウケンセツコウギョウ",0
1780,7030001119466,12,0,2026-07-06,2026-06-22,"龍昇株式会社",,301,"埼玉県","さいたま市南区","太田窪２丁目１７番４号",,11,108,3360015,,,,,,,2017-03-31,1,,,,,"リュウショウ",0
1781,7030001129688,11,0,2026-07-06,2026-06-25,"松永ハウジング株式会社",,301,"大阪府","大阪市西成区","橘１丁目３－２０",,27,122,5570051,,,,,,,2019-02-27,1,,,,,"マツナガハウジング",0
1782,7030001152599,12,0,2026-07-06,2026-07-01,"花子株式会社",,301,"北海道","苫小牧市","もえぎ町２丁目１２番３号",,01,213,0591274,,,,,,,2023-03-01,1,,,,,"ハナコ",0
1783,7030001169131,12,0,2026-07-06,2026-07-02,"アイジスファミリーオフィス株式会社",,301,"東京都","千代田区","丸の内１丁目８番２号鉄鋼ビルディング４階",,13,101,1000005,,,,,,,2025-10-09,1,,,,,"アイジスファミリーオフィス",0
1784,7030001172069,12,0,2026-07-06,2026-07-01,"Ｙ＆Ｅ株式会社",,301,"神奈川県","横浜市南区","白妙町４丁目４３－１７ルセアン白妙１０１号室",,14,105,2320023,,,,,,,2026-04-21,1,,,,,"ワイアンドイー",0
1785,7030001173166,01,0,2026-07-06,2026-07-06,"株式会社二橋",,301,"埼玉県","さいたま市桜区","町谷４丁目１８番３号",,11,106,3380836,,,,,,,2026-07-06,1,,,,,"ニハシ",0
1786,7030001173174,01,0,2026-07-06,2026-07-06,"株式会社ＯｐｅｎＢａｓｅ",,301,"埼玉県","久喜市","菖蒲町三箇７４４番地２",,11,232,3460104,,,,,,,2026-07-06,1,,,,,"オープンベース",0
1787,7030001173190,01,0,2026-07-06,2026-07-06,"ＥＮＯＨＵＢ株式会社",,301,"埼玉県","志木市","下宗岡４丁目２４番１０号",,11,228,3530003,,,,,,,2026-07-06,1,,,,,"エノハブ",0
1788,7030002047575,11,0,2026-07-06,2026-06-23,"株式会社ナカフジ運送",,301,"埼玉県","八潮市","大字二丁目１０３番地４",,11,234,3400811,,,,,,,2015-10-05,1,,,,,"ナカフジウンソウ",0
1789,7030002051882,12,0,2026-07-06,2026-06-23,"有限会社千田",,302,"埼玉県","上尾市","大字上１１３１番地９２",,11,219,3620001,,,,,,,2015-10-05,1,,,,,"チダ",0
1790,7030002069611,21,0,2026-07-06,2026-06-24,"有限会社渡邉企画",,302,"埼玉県","春日部市","牛島２１４番地７",,11,214,3440004,,,2026-06-24,01,,,2015-10-05,1,,,,,"ワタナベキカク",0
1791,7030002096952,01,1,2026-07-06,2015-10-05,"有限会社マックス",,302,"埼玉県","比企郡吉見町","大字高尾新田８４番地",,11,347,3550122,,,,,,,2015-10-05,1,,,,,"マックス",0
1792,7030003005251,01,1,2026-07-06,2015-10-05,"合同会社戎や",,305,"埼玉県","深谷市","栄町１番１３号",,11,218,3660827,,,,,,,2015-10-05,1,,,,,"エビスヤ",0
1793,7030003029556,01,0,2026-07-06,2026-07-06,"合同会社ＵＮＴＩＴＬＥＤ",,305,"埼玉県","さいたま市西区","大字佐知川１３２１番地２３",,11,101,3310064,,,,,,,2026-07-06,1,,,,,"アンタイトル",0
1794,7030003029572,01,0,2026-07-06,2026-07-06,"ＱＵＭＩＱＵＥ合同会社",,305,"埼玉県","和光市","下新倉４丁目３番５５号志幸ホームＩＩＩ２０４",00144177,11,229,3510111,,,,,,,2026-07-06,1,,,,,"クミーク",0
1795,7040001087638,12,0,2026-07-06,2026-06-18,"株式会社ゲッコー",,301,"千葉県","松戸市","南花島３丁目４０番地４",,12,207,2710065,,,,,,,2015-10-05,1,,,,,"ゲッコー",0
1796,7040001120761,21,0,2026-07-06,2026-06-18,"株式会社創若",00124688,301,"千葉県","千葉市稲毛区","宮野木町１２６６番地８",,12,103,2630054,,,2026-06-18,01,,,2021-10-28,1,,,,,"ソウワ",0
1797,7040001140347,21,0,2026-07-06,2026-06-22,"インスパーク株式会社",,301,"千葉県","船橋市","印内２丁目３番１５号ＴＯＰ西船橋第一３０２",,12,204,2730039,,,2026-06-22,01,,,2025-09-12,1,,,,,"インスパーク",0
1798,7040001144406,01,0,2026-07-06,2026-07-06,"株式会社ＴＡＳＵＫＵ",,301,"千葉県","東金市","田間３丁目５６番地１",,12,213,2830005,,,,,,,2026-07-06,1,,,,,"タスク",0
1799,7040001144422,01,0,2026-07-06,2026-07-06,"株式会社極装",,301,"千葉県","千葉市中央区","蘇我３丁目４１番２０号",,12,101,2600822,,,,,,,2026-07-06,1,,,,,"キョクソウ",0
1800,7040002035868,12,0,2026-07-06,2026-06-18,"有限会社ノーブルクリエーション",,302,"千葉県","鎌ケ谷市","中沢１０１９番地",,12,224,2730118,,,,,,,2015-10-05,1,,,,,"ノーブルクリエーション",0
1801,7040003022452,12,0,2026-07-06,2026-07-01,"ＭＥＮＡＣ　ＥＮＴＥＲＰＲＩＳＥＳ合同会社",,305,"埼玉県","越谷市","東越谷３丁目１８番地３６",,11,222,3430023,,,,,,,2023-04-21,1,,,,,"メナックインタープライズィズ",0
1802,7040003030331,01,0,2026-07-06,2026-07-06,"合同会社Ｓｔｅｌｌａ",,305,"千葉県","千葉市美浜区","若葉３丁目１番地１幕張ベイパークスカイグランドタワー１４１６号",,12,106,2610014,,,,,,,2026-07-06,1,,,,,"ステラ",0
1803,7050001046106,11,0,2026-07-06,2026-07-02,"ＭＹ　ＴＥＲＲＡ株式会社",,301,"東京都","江東区","牡丹２丁目９番１６号",,13,108,1350046,,,,,,,2019-06-10,1,,,,,"マイテラ",0
1804,7060002036105,01,1,2026-07-06,2015-10-05,"小崎有限会社",00024776,302,"栃木県","足利市","柳原町８６２番地１",,09,202,3260806,,,,,,,2015-10-05,1,,,,,"オザキ",0
1805,7060005007433,01,1,2026-07-06,2015-10-05,"第一電子工業労働組合",,399,"栃木県","真岡市","松山町１４番地",,09,209,3214346,,,,,,,2015-10-05,0,,,,,"ダイイチデンシコウギョウ",0
1806,7060005007433,12,1,2026-07-06,2018-10-09,"第一電子工業労働組合",,399,"栃木県","下野市","下古山２２３７番地１",,09,216,3290502,,,,,,,2015-10-05,1,,,,,"ダイイチデンシコウギョウ",0
1807,7070003006485,01,0,2026-07-06,2026-07-06,"合同会社ＭＷ",,305,"群馬県","安中市","原市１６６９番地１４",,10,211,3790133,,,,,,,2026-07-06,1,,,,,"エムダブリュー",0
1808,7070005007028,01,1,2026-07-06,2015-10-05,"農事組合法人生枝養蚕組合",,399,"群馬県","沼田市","白沢町生枝１４８０番地",,10,206,3780122,,,,,,,2015-10-05,0,,,,,"ナマエヨウサンクミアイ",0
1809,7070005007028,21,1,2026-07-06,2016-02-02,"農事組合法人生枝養蚕組合",,399,"群馬県","沼田市","白沢町生枝１４８０番地",,10,206,3780122,,,2016-02-02,21,,,2015-10-05,0,,,,,"ナマエヨウサンクミアイ",0
1810,7070005007028,22,1,2026-07-06,2025-02-25,"農事組合法人生枝養蚕組合",,399,"群馬県","沼田市","白沢町生枝１４８０番地",,10,206,3780122,,,,,,,2015-10-05,0,,,,,"ナマエヨウサンクミアイ",0
1811,7070005007028,21,0,2026-07-06,2026-06-29,"農事組合法人生枝養蚕組合",,399,"群馬県","沼田市","白沢町生枝１４８０番地",,10,206,3780122,,,2026-06-29,01,,,2015-10-05,1,,,,,"ナマエヨウサンクミアイ",0
1812,7080001010001,12,0,2026-07-06,2026-07-01,"中部川崎株式会社",,301,"静岡県","静岡市葵区","末広町８３番地２０",,22,101,4200004,,,,,,,2015-10-05,1,,,,,"チュウブカワサキ",0
1813,7080001025222,01,1,2026-07-06,2022-10-04,"株式会社茂津目精肉店",,301,"静岡県","静岡市清水区","桜が丘町１５番６号",,22,103,4240836,,,,,,,2022-10-04,1,,,,,"モズメセイニクテン",0
1814,7080001025437,12,0,2026-07-06,2026-07-01,"ＣＴＴ株式会社",,301,"静岡県","静岡市葵区","紺屋町４番地の３ホワイトホライズンビル６階",,22,101,4200852,,,,,,,2023-02-01,1,,,,,"シーティーティー",0
1815,7080003001881,12,0,2026-07-06,2026-07-01,"ＩＮＴコンサルティング合同会社",,305,"静岡県","静岡市駿河区","中田２丁目１２番２５号",,22,102,4228041,,,,,,,2016-07-06,1,,,,,,0
1816,7080101002410,12,0,2026-07-06,2026-07-01,"ショウレイ自動車株式会社",,301,"静岡県","三島市","松本２６５番地の８",,22,206,4110822,,,,,,,2015-10-05,1,,,,,"ショウレイジドウシャ",0
1817,7080101022714,12,0,2026-07-06,2026-07-01,"株式会社ヤマグチ建設",,301,"静岡県","御殿場市","二の岡１丁目４番１号",,22,215,4120025,,,,,,,2021-08-16,1,,,,,"ヤマグチケンセツ",0
1818,7080105002745,01,1,2026-07-06,2015-10-05,"医療法人社団長寿会",,399,"静岡県","富士市","柚木２４２番地の１",,22,210,4160908,,,,,,,2015-10-05,1,,,,,"チョウジュカイ",0
1819,7080401028691,01,0,2026-07-06,2026-07-06,"株式会社Ｐｅｒｓｉｓｔ",,301,"静岡県","御前崎市","御前崎８４番地の１０",,22,223,4371621,,,,,,,2026-07-06,1,,,,,"パーシスト",0
1820,7080401028700,01,0,2026-07-06,2026-07-06,"株式会社深田内装",,301,"静岡県","掛川市","本郷８８８番地の５",,22,213,4360111,,,,,,,2026-07-06,1,,,,,"フカダナイソウ",0
1821,7090002000132,01,1,2026-07-06,2015-10-05,"有限会社アズサ",,302,"山梨県","甲府市","小松町４４０番地",,19,201,4000002,,,,,,,2015-10-05,1,,,,,"アズサ",0
1822,7100001021904,01,1,2026-07-06,2015-10-05,"株式会社金丸松井鉄工所",,301,"長野県","駒ヶ根市","飯坂１丁目２１番２０号",,20,210,3994102,,,,,,,2015-10-05,1,,,,,"カネマルマツイテッコウジョ",0
1823,7100001023215,21,0,2026-07-06,2026-07-01,"株式会社グロス",,301,"長野県","飯田市","中村１３１７番地３",,20,205,3950156,,,2026-07-01,01,,,2015-10-05,1,,,,,"グロス",0
1824,7100001038642,12,0,2026-07-06,2026-07-01,"株式会社中部エネテック",,301,"愛知県","名古屋市中区","新栄１丁目５番２５号新栄第２Ｍビル",,23,106,4600007,,,,,,,2025-05-28,1,,,,,"チュウブエネテック",0
1825,7100002016804,12,0,2026-07-06,2026-07-01,"有限会社スーパー北沢",,302,"長野県","埴科郡坂城町","大字南条７７０番地",,20,521,3890603,,,,,,,2015-10-05,1,,,,,"スーパーキタザワ",0
1826,7100002037841,01,1,2026-07-06,2015-10-05,"有限会社旭建",,302,"長野県","下伊那郡阿智村","伍和６２１７番地",,20,407,3950302,,,,,,,2015-10-05,1,,,,,"アサヒケン",0
1827,7110001031803,01,1,2026-07-06,2016-09-16,"国義商会株式会社",,301,"新潟県","新潟市江南区","梅見台２丁目７番６号",,15,104,9500140,,,,,,,2016-09-16,1,,,,,"クニヨシショウカイ",0
1828,7110001040218,01,0,2026-07-06,2026-07-06,"日本終活遺品整理総合支援センター株式会社",,301,"新潟県","魚沼市","堀之内４１１３番地１号",,15,225,9497413,,,,,,,2026-07-06,1,,,,,"ニホンシュウカツイヒンセイリソウゴウシエンセンター",0
1829,7110001040242,01,0,2026-07-06,2026-07-06,"株式会社ＷＯＲＫ　ＦＬＡＴ",,301,"新潟県","南魚沼市","畔地新田３０５番地１",,15,226,9496751,,,,,,,2026-07-06,1,,,,,"ワークフラット",0
1830,7110001040250,01,0,2026-07-06,2026-07-06,"株式会社カーパラ",,301,"新潟県","新潟市中央区","女池２丁目３番１８号六角木ビル１Ｆ・Ｂ室",,15,103,9500941,,,,,,,2026-07-06,1,,,,,"カーパラ",0
1831,7110005009110,01,1,2026-07-06,2015-10-05,"光明寺",,399,"新潟県","上越市","吉川区下町１０２０番地子",,15,222,9493443,,,,,,,2015-10-05,1,,,,,"コウミョウジ",0
1832,7120001035514,01,1,2026-07-06,2015-10-05,"大進電設工業株式会社",,301,"大阪府","東大阪市","西堤本通西１丁目３番２７号",,27,227,5770046,,,,,,,2015-10-05,1,,,,,"ダイシンデンセツコウギョウ",0
1833,7120001077143,21,0,2026-07-06,2026-07-01,"株式会社松浦",,301,"大阪府","大阪市西区","京町堀２丁目４番１－２８０２号",,27,106,5500003,,,2026-07-01,01,,,2015-10-05,1,,,,,"マツウラ",0
1834,7120001182018,01,1,2026-07-06,2015-10-05,"株式会社アビリティ",,301,"大阪府","大阪市東淀川区","瑞光２丁目１１番１１号",,27,114,5330005,,,,,,,2015-10-05,0,,,,,"アビリティ",0
1835,7120001182018,71,1,2026-07-06,2026-06-08,"株式会社アビリティ",,301,"大阪府","大阪市東淀川区","瑞光２丁目１１番１１号",,27,114,5330005,,,,,,"令和８年５月１日大阪市東淀川区瑞光二丁目１１番１１号Ｅｉｇｈｔ　Ｈｏｌｄｉｎｇｓ株式会社（4120002049978）を合併",2015-10-05,1,,,,,"アビリティ",0
1836,7120001245435,12,0,2026-07-06,2026-07-01,"ＨＩＫＯＧＡＯ株式会社",,301,"大阪府","大阪市北区","万歳町３－４１城野ビル３０１号室",,27,127,5300028,,,,,,,2022-04-26,1,,,,,"ハイコガオ",0
1837,7120001256300,11,0,2026-07-06,2026-06-30,"株式会社Ｂｌｏｏｍｉｎｇ",,301,"大阪府","大阪市北区","芝田２丁目２－１３",,27,127,5300012,,,,,,,2023-07-12,1,,,,,"ブルーミング",0
1838,7120001275993,12,0,2026-07-06,2026-06-29,"株式会社ＺＩＮ",,301,"大阪府","大阪市中央区","瓦町２丁目５番８号瓦町スクエアビル５階",,27,128,5410048,,,,,,,2025-05-22,1,,,,,"ジン",0
1839,7120001278294,12,0,2026-07-06,2026-07-02,"株式会社ＴＫＳ企画",,301,"大阪府","大阪市北区","梅田３丁目２番２号ＪＰタワー大阪１８Ｆ",,27,127,5300001,,,,,,,2025-07-31,1,,,,,"ティーケイエスキカク",0
1840,7120001287519,01,0,2026-07-06,2026-07-06,"株式会社ＡＣ",,301,"大阪府","大阪市福島区","大開１丁目１３番３５号３階",,27,103,5530007,,,,,,,2026-07-06,1,,,,,"エーシー",0
1841,7120001287543,01,0,2026-07-06,2026-07-06,"株式会社Ｕ．",,301,"大阪府","大阪市東住吉区","今川４丁目１１番２０－２１０号",,27,121,5460003,,,,,,,2026-07-06,1,,,,,"ユー",0
1842,7120001287618,01,0,2026-07-06,2026-07-06,"ＡＩＤ　Ｔｅｃｈｎｏｌｏｇｙ株式会社",,301,"大阪府","大阪市中央区","船越町１丁目６番６号",,27,128,5400036,,,,,,,2026-07-06,1,,,,,"エーアイディーテクノロジイ",0
1843,7120002072861,12,0,2026-07-06,2026-07-01,"有限会社寝屋川コンタクトレンズセンター",,302,"大阪府","寝屋川市","早子町９番３号楠－Ｗｅｌｌｎｅｓｓ寝屋川駅前ビル２階",,27,215,5720837,,,,,,,2015-10-05,1,,,,,"ネヤガワコンタクトレンズセンター",0
1844,7120003032749,01,0,2026-07-06,2026-07-06,"合同会社Ｊａｃｕ",,305,"大阪府","大阪市北区","梅田１丁目２番２号大阪駅前第２ビル１２‐１２",,27,127,5300001,,,,,,,2026-07-06,1,,,,,"ジャク",0
1845,7120005010884,12,0,2026-07-06,2026-07-01,"行政書士法人サポートプラス",,399,"大阪府","大阪市北区","角田町８番１号大阪梅田ツインタワーズ・ノース",,27,127,5300017,,,,,,,2015-10-05,1,,,,,"サポートプラス",0
1846,7120005020149,21,0,2026-07-06,2026-06-30,"一般社団法人大正・港エリア空き家活用協議会",,399,"大阪府","大阪市大正区","三軒家西２丁目１３番１９号",,27,108,5510001,,,2026-06-30,01,,,2018-04-13,1,,,,,"タイショウミナトエリアアキヤカツヨウキョウギカイ",0
1847,7120101073983,01,0,2026-07-06,2026-07-06,"リアンライフ株式会社",,301,"大阪府","藤井寺市","沢田１丁目３０－２１オースクレインハイツ１０１",,27,226,5830011,,,,,,,2026-07-06,1,,,,,"リアンライフ",0
1848,7120101073991,01,0,2026-07-06,2026-07-06,"阪口興業株式会社",,301,"大阪府","和泉市","仏並町１０９１番地の４",,27,219,5941136,,,,,,,2026-07-06,1,,,,,"サカグチコウギョウ",0
1849,7120102004310,01,1,2026-07-06,2015-10-05,"有限会社ブルーライト",,302,"大阪府","堺市北区","船堂町１丁１２番１５号",,27,146,5918003,,,,,,,2015-10-05,1,,,,,"ブルーライト",0
1850,7120102016181,12,0,2026-07-06,2026-07-01,"有限会社総合医療企画",,302,"大阪府","大阪狭山市","西山台３丁目５番１８号",,27,231,5890022,,,,,,,2015-10-05,1,,,,,"ソウゴウイリョウキカク",0
1851,7120901009146,01,1,2026-07-06,2015-10-05,"株式会社岡モールド",,301,"大阪府","摂津市","鳥飼中２丁目５番１２号",,27,224,5660064,,,,,,,2015-10-05,0,,,,,,0
1852,7120901009146,21,0,2026-07-06,2026-07-01,"株式会社岡モールド",,301,"大阪府","摂津市","鳥飼中２丁目５番１２号",,27,224,5660064,,,2026-07-01,01,,,2015-10-05,1,,,,,,0
1853,7120901050018,01,1,2026-07-06,2024-11-13,"株式会社堂島建設",,301,"大阪府","茨木市","小柳町１２番１６号プレシャスマンション１０２",,27,211,5670852,,,,,,,2024-11-13,1,,,,,,0
1854,7120902014500,01,1,2026-07-06,2015-10-05,"有限会社オートボックス豊能",,302,"大阪府","池田市","古江町７８番地の１",,27,204,5630015,,,,,,,2015-10-05,1,,,,,"オートボックストヨノ",0
1855,7120905005216,01,1,2026-07-06,2015-10-05,"社会福祉法人香聖会",,399,"大阪府","豊中市","永楽荘４丁目２９番１",,27,203,5600051,,,,,,,2015-10-05,0,,,,,,0
1856,7120905005216,12,1,2026-07-06,2015-10-14,"社会福祉法人香聖会",,399,"大阪府","豊中市","永楽荘４丁目１番３号",,27,203,5600051,,,,,,,2015-10-05,1,,,,,,0
1857,7122001006239,01,1,2026-07-06,2015-10-05,"富士商事株式会社",,301,"大阪府","東大阪市","足代南１丁目６番５号",,27,227,5770842,,,,,,,2015-10-05,0,,,,,"フジショウジ",0
1858,7122001006239,12,1,2026-07-06,2026-07-01,"富士商事株式会社",,301,"大阪府","東大阪市","足代１丁目１９番１１号２階",,27,227,5770841,,,,,,,2015-10-05,1,,,,,"フジショウジ",0
1859,7122001040675,01,0,2026-07-06,2026-07-06,"株式会社心月",,301,"大阪府","東大阪市","菱屋東１丁目１３番６号",,27,227,5780948,,,,,,,2026-07-06,1,,,,,"シンゲツ",0
1860,7130001008080,01,1,2026-07-06,2015-10-05,"共管サービス株式会社",,301,"京都府","京都市西京区","桂上野中町２４０番地",,26,111,6158002,,,,,,,2015-10-05,1,,,,,"キョウカンサービス",0
1861,7130001057747,01,1,2026-07-06,2016-06-15,"アーネストワークス株式会社",,301,"京都府","京都市上京区","下長者町通六軒町西入利生町２８８番地１",,26,102,6028343,,,,,,,2016-06-15,1,,,,,"アーネストワークス",0
1862,7130001066491,01,1,2026-07-06,2020-03-13,"株式会社Ｋ－ＲＩＳＥ",,301,"京都府","京都市右京区","太秦安井春日町１番地１９",,26,108,6168062,,,,,,,2020-03-13,0,,,,,"ケーライズ",0
1863,7130001066491,12,1,2026-07-06,2026-04-15,"株式会社Ｋ－ＲＩＳＥ",,301,"京都府","京都市東山区","本町１９番地４２７，１０１",,26,105,6050000,,,,,,,2020-03-13,0,,,,,"ケーライズ",0
1864,7130001066491,12,1,2026-07-06,2026-06-01,"株式会社Ｋ－ＲＩＳＥ",,301,"京都府","京都市東山区","本町１９丁目４２７番地、１０１",,26,105,6050981,,,,,,,2020-03-13,1,,,,,"ケーライズ",0
1865,7130001076061,12,0,2026-07-06,2026-06-16,"株式会社ｉｌｌｕｘ",,301,"京都府","京都市下京区","新町通四条下る四条町３６９番地綾小路ビルヂング四条烏丸３０１",,26,106,6008441,,,,,,,2024-01-05,1,,,,,"イルックス",0
1866,7130001082547,01,0,2026-07-06,2026-07-06,"株式会社山禎建創",,301,"京都府","京都市伏見区","竹田中内畑町７０番地",,26,109,6128446,,,,,,,2026-07-06,1,,,,,"ヤマサダケンソウ",0
1867,7130005016393,12,0,2026-07-06,2026-06-19,"一般社団法人こえのつばさ",,399,"京都府","京都市上京区","宮垣町９１－１０２",,26,102,6020853,,,,,,,2022-03-03,1,,,,,"コエノツバサ",0
1868,7140001015217,01,1,2026-07-06,2015-10-05,"辻尾産業株式会社",00039188,301,"兵庫県","神戸市北区","南五葉１丁目２番４号",,28,109,6511132,,,,,,,2015-10-05,1,,,,,"ツジオサンギョウ",0
1869,7140001025249,01,1,2026-07-06,2015-10-05,"株式会社アイエムケー",,301,"兵庫県","神戸市東灘区","西岡本２丁目７番３号",,28,101,6580073,,,,,,,2015-10-05,1,,,,,"アイエムケー",0
1870,7150001016073,71,0,2026-07-06,2026-06-23,"株式会社吉銘",,301,"奈良県","吉野郡下市町","大字新住１１１８番地",,29,443,6380045,,,,,,"令和８年６月１日奈良県吉野郡下市町大字新住１１１８番地ＹＴＹＧ投資事業株式会社（3020001159310）を合併",2015-10-05,1,,,,,"ヨシメイ",0
1871,7150001029083,01,0,2026-07-06,2026-07-06,"株式会社飛鳥モビリティサービス",,301,"奈良県","桜井市","大字赤尾７６番地の３",,29,206,6330006,,,,,,,2026-07-06,1,,,,,"アスカモビリティサービス",0
1872,7150005000263,12,0,2026-07-06,2026-06-29,"天神社",,399,"奈良県","奈良市","高畑町１０４９番地",,29,201,6308301,,,,,,,2015-10-05,1,,,,,"テンジンジャ",0
1873,7160005004965,01,1,2026-07-06,2015-10-05,"社会福祉法人慈水会",,399,"滋賀県","彦根市","高宮町１７５５番地",,25,202,5220201,,,,,,,2015-10-05,1,,,,,,0
1874,7160005005798,01,1,2026-07-06,2015-10-05,"雨神社",,399,"滋賀県","東近江市","市子殿町２５８番地",,25,213,5291537,,,,,,,2015-10-05,1,,,,,"アメジンジャ",0
1875,7160005005906,01,1,2026-07-06,2015-10-05,"天神社",,399,"滋賀県","東近江市","上南町２８８番地",,25,213,5291535,,,,,,,2015-10-05,1,,,,,"テンジンジャ",0
1876,7170001017210,12,0,2026-07-06,2026-06-25,"株式会社Ｂｅｅ　Ｊａｐａｎ",,301,"和歌山県","日高郡みなべ町","芝４９６番地２",,30,391,6450002,,,,,,,2022-08-01,1,,,,,"ビージャパン",0
1877,7170003002458,01,0,2026-07-06,2026-07-06,"Ｓ．Ｏ．Ｃｏｎｎｅｃｔ合同会社",,305,"和歌山県","岩出市","山３８８‐４",,30,209,6496258,,,,,,,2026-07-06,1,,,,,"エスオーコネクト",0
1878,7180001040970,21,0,2026-07-06,2026-07-01,"万兵サービス株式会社",,301,"愛知県","名古屋市中区","錦２丁目１２番１４号",,23,106,4600003,,,2026-07-01,11,1180001040968,"令和８年７月１日名古屋市中区錦二丁目１２番１４号万兵株式会社（1180001040968）に合併し解散",2015-10-05,1,,,,,"マンヒョウサービス",0
1879,7180001087079,01,1,2026-07-06,2015-10-05,"株式会社オープンワークス",,301,"愛知県","名古屋市北区","成願寺１丁目６番",,23,103,4620021,,,,,,,2015-10-05,1,,,,,"オープンワークス",0
1880,7180001096220,21,0,2026-07-06,2026-06-24,"株式会社ＷＭ",,301,"愛知県","豊明市","新田町広長２３番地１、２Ｆ",,23,229,4701114,,,2026-06-24,01,,,2015-10-05,1,,,,,"ダブリュエム",0
1881,7180001150662,12,0,2026-07-06,2026-07-01,"株式会社ビートラスト",,301,"愛知県","名古屋市名東区","牧の里２丁目１１８番地の１",,23,115,4650068,,,,,,,2022-04-11,1,,,,,"ビートラスト",0
1882,7180001172640,01,0,2026-07-06,2026-07-06,"株式会社ＪＩＮＴＥＣ",,301,"愛知県","清須市","清洲３丁目３番地７",,23,233,4520942,,,,,,,2026-07-06,1,,,,,"ジンテック",0
1883,7180001172649,01,0,2026-07-06,2026-07-06,"飛翔建築株式会社",,301,"愛知県","名古屋市天白区","植田西２丁目１４０７番地",,23,116,4680058,,,,,,,2026-07-06,1,,,,,"ヒショウケンチク",0
1884,7180301021621,12,0,2026-07-06,2026-06-30,"株式会社アリエヌサンズ",,301,"愛知県","愛西市","宮地町長代４１番地",,23,232,4960937,,,,,,,2015-10-05,1,,,,,"アリエヌサンズ",0
1885,7180301029458,21,0,2026-07-06,2026-05-28,"株式会社りあふ",,301,"愛知県","豊橋市","駅前大通１丁目１１４豊橋ビル１Ｆ",,23,201,4400888,,,2026-05-28,01,,,2016-07-27,1,,,,,"リアフ",0
1886,7180301041149,01,0,2026-07-06,2026-07-06,"株式会社メック",,301,"愛知県","西尾市","今川町大城１５番地３",,23,213,4450063,,,,,,,2026-07-06,1,,,,,"メック",0
1887,7180303003015,12,0,2026-07-06,2026-06-23,"合同会社ＨｏｎｄａＪ",,305,"愛知県","岡崎市","康生通西２丁目２０番地２",,23,202,4440059,,,,,,,2015-10-05,1,,,,,"ホンダジェイ",0
1888,7190001032257,12,0,2026-07-06,2026-06-23,"株式会社ＹＯＩＮ",,301,"三重県","度会郡度会町","小川５３３‐１",,24,470,5161236,,,,,,,2025-06-03,1,,,,,"ヨイン",0
1889,7190001033255,01,0,2026-07-06,2026-07-06,"株式会社ジェイドアセット",,301,"三重県","多気郡明和町","大字金剛坂９１６番地６",,24,442,5150324,,,,,,,2026-07-06,1,,,,,"ジェイドアセット",0
1890,7190001033263,01,0,2026-07-06,2026-07-06,"株式会社モンルル",,301,"三重県","四日市市","滝川町２０番３号",,24,202,5100034,,,,,,,2026-07-06,1,,,,,"モンルル",0
1891,7190003005491,01,0,2026-07-06,2026-07-06,"合同会社シンク",,305,"三重県","津市","垂水２０２６－１１",,24,201,5140821,,,,,,,2026-07-06,1,,,,,"シンク",0
1892,7200001002043,01,1,2026-07-06,2015-10-05,"株式会社小林三之助商店",,301,"岐阜県","岐阜市","加納天神町４丁目２４番地",,21,201,5008473,,,,,,,2015-10-05,1,,,,,,0
1893,7200001008206,21,0,2026-07-06,2026-07-01,"株式会社クリエイトプランニング",,301,"岐阜県","岐阜市","石谷６１４－３２",,21,201,5011106,,,2026-07-01,01,,,2015-10-05,1,,,,,"クリエイトプランニング",0
1894,7200001042543,12,0,2026-07-06,2026-07-01,"株式会社グッドラック",,301,"岐阜県","各務原市","鵜沼東町６丁目７６－１",,21,213,5090126,,,,,,,2024-05-24,1,,,,,"グッドラック",0
1895,7200002026537,01,1,2026-07-06,2015-10-05,"有限会社シャングリラ",,302,"岐阜県","高山市","奥飛騨温泉郷中尾７６番地",00081065,21,203,5061422,,,,,,,2015-10-05,1,,,,,"シャングリラ",0
1896,7210002007651,01,1,2026-07-06,2015-10-05,"有限会社山形屋",,302,"福井県","あわら市","二面第４１号２１番地の２",,18,208,9104103,,,,,,,2015-10-05,1,,,,,"ヤマガタヤ",0
1897,7210002010416,21,0,2026-07-06,2026-06-29,"有限会社中日産業",,302,"福井県","敦賀市","三島町１丁目５番２８号",,18,202,9140058,,,2026-06-29,01,,,2015-10-05,1,,,,,"チュウニチサンギョウ",0
1898,7210005001759,01,1,2026-07-06,2015-10-05,"白山神社",,399,"福井県","福井市","島寺町５５号１０番地",,18,201,9103623,,,,,,,2015-10-05,1,,,,,"ハクサンジンジャ",0
1899,7220001027468,01,0,2026-07-06,2026-07-06,"ＲＲＲ株式会社",,301,"石川県","金沢市","此花町５番６号ライフ金沢第１ビル６０１Ａ",,17,201,9200852,,,,,,,2026-07-06,1,,,,,"スリーアール",0
1900,7230001006157,12,0,2026-07-06,2026-07-01,"アークジャパン株式会社",,301,"富山県","富山市","中川原１２８番１",,16,201,9398015,,,,,,,2015-10-05,1,,,,,"アークジャパン",0
1901,7230001016131,01,1,2026-07-06,2015-10-05,"株式会社アズキ",,301,"富山県","富山市","総曲輪４丁目１０番３号",,16,201,9300083,,,,,,,2015-10-05,0,,,,,,0
1902,7230001016131,12,1,2026-07-06,2018-11-15,"株式会社アズキ",,301,"富山県","富山市","中央通り２丁目２番１１－１１０３号サーパスシティ中央通り",,16,201,9300044,,,,,,,2015-10-05,0,,,,,,0
1903,7230001016131,11,1,2026-07-06,2018-11-15,"株式会社ナガショウ",,301,"富山県","富山市","中央通り２丁目２番１１－１１０３号サーパスシティ中央通り",,16,201,9300044,,,,,,,2015-10-05,1,,,,,"ナガショウ",0
1904,7230001018185,12,0,2026-07-06,2026-07-01,"グレース株式会社",,301,"兵庫県","尼崎市","南武庫之荘３丁目２９－１０",,28,202,6610033,,,,,,,2020-01-28,1,,,,,"グレース",0
1905,7240001023944,01,1,2026-07-06,2015-10-05,"株式会社チヨダコーポレーション",,301,"広島県","山県郡北広島町","春木字小山１１２５番地",,34,369,7311531,,,,,,,2015-10-05,1,,,,,"チヨダコーポレーション",0
1906,7250002000594,12,0,2026-07-06,2026-06-30,"株式会社山栄商事",,301,"東京都","世田谷区","祖師谷４丁目１番２２号",,13,112,1570072,,,,,,,2015-10-05,1,,,,,"サンエイショウジ",0
1907,7250003003200,12,0,2026-07-06,2026-07-02,"合同会社奏空商会",,305,"山口県","防府市","松崎町１５号シェアスペース松ざき内",,35,206,7470029,,,,,,,2022-12-16,1,,,,,"カナタショウカイ",0
1908,7250003003290,12,0,2026-07-06,2026-07-01,"合同会社ＨＡＹＡＳＨＩ企画",,305,"山口県","宇部市","南小羽山町２丁目１８番７号",,35,202,7550083,,,,,,,2023-06-13,1,,,,,"ハヤシキカク",0
1909,7260001005809,11,0,2026-07-06,2026-07-01,"株式会社アーヴァント．",,301,"岡山県","岡山市北区","北長瀬本町１３番２５号",,33,101,7000961,,,,,,,2015-10-05,1,,,,,"アーヴァント",0
1910,7270001009486,01,0,2026-07-06,2026-07-06,"株式会社にこあ",,301,"鳥取県","鳥取市","浜坂１丁目６番２２号",,31,201,6800001,,,,,,,2026-07-06,1,,,,,"ニコア",0
1911,7270002007737,01,1,2026-07-06,2015-10-05,"有限会社境進学塾",,302,"鳥取県","境港市","上道町３１１８番地",,31,204,6840033,,,,,,,2015-10-05,1,,,,,"サカイシンガクジュク",0
1912,7280001002705,12,0,2026-07-06,2026-07-03,"Ｇｗｉｎｄ株式会社",,301,"島根県","松江市","東出雲町錦新町６丁目２番１６号",,32,201,6990110,,,,,,,2015-10-05,1,,,,,"ジーウィンド",0
1913,7280001008223,01,1,2026-07-06,2020-07-08,"株式会社ストラテジープロッツ",,301,"島根県","松江市","学園１丁目２２番１号",,32,201,6900825,,,,,,,2020-07-08,0,,,,,,0
1914,7280001008223,12,1,2026-07-06,2020-10-21,"株式会社ストラテジープロッツ",,301,"島根県","松江市","東朝日町１５１番地３４",,32,201,6900001,,,,,,,2020-07-08,1,,,,,,0
1915,7280005000085,01,1,2026-07-06,2015-10-05,"一般財団法人紅陵会",,399,"島根県","松江市","奥谷町１６４番地",,32,201,6900872,,,,,,,2015-10-05,1,,,,,"コウリョウカイ",0
1916,7290001089196,12,0,2026-07-06,2026-06-12,"株式会社ホーカム",,301,"福岡県","北九州市小倉北区","浅野２丁目１４－１ＫＭＭビル５１６",,40,106,8020001,,,,,,,2020-06-23,1,,,,,"ホーカム",0
1917,7290001094361,12,0,2026-07-06,2026-06-30,"大手門ビジネスコンサルティング株式会社",,301,"福岡県","福岡市中央区","赤坂１丁目１５番３３号",,40,133,8100042,,,,,,,2021-08-23,1,,,,,"オオテモンビジネスコンサルティング",0
1918,7290001106059,12,0,2026-07-06,2026-06-16,"モダンキャリア株式会社",,301,"福岡県","みやま市","高田町濃施５６８番地１",,40,229,8390215,,,,,,,2024-06-06,1,,,,,"モダンキャリア",0
1919,7290001114722,01,0,2026-07-06,2026-07-06,"株式会社Ｃｒａｆｔｅｄ　ｉｎ　Ｊａｐａｎ",,301,"福岡県","福岡市博多区","博多駅南３丁目１６番１３－８０３号",,40,132,8120016,,,,,,,2026-07-06,1,,,,,"クラフティッドインジャパン",0
1920,7290003017873,12,0,2026-07-06,2026-07-02,"合同会社シーアンドピーワークス",,305,"福岡県","福岡市中央区","六本松２丁目５番１号ＴｈｅＡｒｂｏｒｏｆｆｉｃｅ内",,40,133,8100044,,,,,,,2025-12-23,1,,,,,"シーアンドピーワークス",0
1921,7290802012950,01,1,2026-07-06,2015-10-05,"有限会社ブランジェリークラウン",,302,"福岡県","北九州市八幡東区","大蔵２丁目６８０番地の３６",,40,108,8050048,,,,,,,2015-10-05,0,,,,,"ブランジェリークラウン",0
1922,7290802012950,12,1,2026-07-06,2022-03-01,"有限会社ブランジェリークラウン",,302,"福岡県","北九州市八幡東区","大蔵２丁目４番１号",,40,108,8050048,,,,,,,2015-10-05,1,,,,,"ブランジェリークラウン",0
1923,7290802015714,12,0,2026-07-06,2026-06-25,"有限会社菱油サービス",,302,"福岡県","北九州市八幡西区","楠橋上方２丁目５番３８号",,40,109,8071141,,,,,,,2015-10-05,1,,,,,"リョウユサービス",0
1924,7290803005037,01,1,2026-07-06,2025-04-28,"マヴィ合同会社",,305,"福岡県","遠賀郡岡垣町","松ケ台２丁目６番１４号",,40,383,8114214,,,,,,,2025-04-28,1,,,,,,0
1925,7300001014664,01,0,2026-07-06,2026-07-06,"株式会社ＮＯＮＡＫＡ",,301,"佐賀県","三養基郡上峰町","大字前牟田６４０番地８",,41,345,8490122,,,,,,,2026-07-06,1,,,,,"ノナカ",0
1926,7300002001728,01,1,2026-07-06,2015-10-05,"有限会社塚原盛男商店",,302,"佐賀県","佐賀市","久保田町大字徳万９３４番地",,41,201,8490201,,,,,,,2015-10-05,1,,,,,"ツカハラモリオショウテン",0
1927,7300003001207,11,0,2026-07-06,2026-07-01,"株式会社北島不動産",,301,"佐賀県","佐賀市","西魚町８５番地",,41,201,8400046,,,,,,,2016-08-26,1,,,,,"キタジマフドウサン",0
1928,7300003002485,01,0,2026-07-06,2026-07-06,"Ｒｉｆ　Ａｓｓｅｔ合同会社",,305,"佐賀県","唐津市","千代田町２１０９番地６７－２階",,41,202,8470041,,,,,,,2026-07-06,1,,,,,"リフアセット",0
1929,7310001018763,01,1,2026-07-06,2023-12-22,"株式会社リワード",,301,"長崎県","諫早市","久山台１１",,42,204,8540067,,,,,,,2023-12-22,1,,,,,"リワード",0
1930,7310002013656,01,1,2026-07-06,2015-10-05,"有限会社豊山",,302,"長崎県","佐世保市","吉井町乙石尾４３２番地１",,42,202,8596316,,,,,,,2015-10-05,1,,,,,"ホウザン",0
1931,7320001017731,21,0,2026-07-06,2026-06-29,"株式会社みやび",,301,"大分県","津久見市","大字上青江５３１９番地",,44,207,8792461,,,2026-06-29,01,,,2020-06-03,1,,,,,"ミヤビ",0
1932,7320005010311,01,0,2026-07-06,2026-07-06,"一般社団法人なかつ和楽",,399,"大分県","中津市","大字島田３７４番地",,44,203,8710033,,,,,,,2026-07-06,1,,,,,"ナカツワラク",0
1933,7330005009369,01,1,2026-07-06,2015-12-10,"一般社団法人熊本環境革新支援センター",,399,"熊本県","人吉市","宝来町１２番地１０人吉壱番館１００８",,43,203,8680011,,,,,,,2015-12-10,0,,,,,"クマモトカンキョウカクシンシエンセンター",0
1934,7330005009369,12,1,2026-07-06,2017-03-06,"一般社団法人熊本環境革新支援センター",,399,"熊本県","熊本市北区","武蔵ケ丘６丁目５番１２号",,43,105,8618001,,,,,,,2015-12-10,0,,,,,"クマモトカンキョウカクシンシエンセンター",0
1935,7330005009369,12,1,2026-07-06,2019-02-04,"一般社団法人熊本環境革新支援センター",,399,"熊本県","熊本市西区","城山半田１丁目２番２５号",,43,103,8600064,,,,,,,2015-12-10,1,,,,,"クマモトカンキョウカクシンシエンセンター",0
1936,7340001028280,01,0,2026-07-06,2026-07-06,"株式会社ａｔｅｌｉｅｒＡ",,301,"鹿児島県","日置市","東市来町湯田１８５３番地１",,46,216,8992201,,,,,,,2026-07-06,1,,,,,"アトリエエー",0
1937,7340002024725,12,0,2026-07-06,2026-06-25,"マカヤ住建有限会社",,302,"鹿児島県","枕崎市","まかや町１０７番地",,46,204,8980096,,,,,,,2015-10-05,1,,,,,,0
1938,7360001016985,21,0,2026-07-06,2026-06-12,"株式会社必上首尾",,301,"沖縄県","那覇市","字仲井真７９番地２タウンハウス仲井真Ａ",,47,201,9020074,,,2026-06-12,01,,,2015-10-05,1,,,,,"ヒツジョウシュビ",0
1939,7360001036967,01,0,2026-07-06,2026-07-06,"株式会社Ｆｏｏｄｌｉｅｒ",,301,"沖縄県","浦添市","港川２丁目１４番１号ステイツサイドタウン３９番ＥｔｈｉｃａｌｉｆｅＬａｂ内",,47,208,9012134,,,,,,,2026-07-06,1,,,,,"フードリエ",0
1940,7360005001703,01,1,2026-07-06,2015-10-05,"社会福祉法人翠福祉会",,399,"沖縄県","那覇市","字小禄７０３番地１",,47,201,9010152,,,,,,,2015-10-05,1,,,,,,0
1941,7360005005092,01,1,2026-07-06,2015-10-05,"社会福祉法人ラポール福祉会",,399,"沖縄県","宜野湾市","字宇地泊８５８番地、８５５番地、８８１番地、８５０番地１（仮換地６５街区１－１、１－２、２－２画地）",,47,205,9012227,,,,,,,2015-10-05,0,,,,,,0
1942,7360005005092,12,1,2026-07-06,2023-04-07,"社会福祉法人ラポール福祉会",,399,"沖縄県","宜野湾市","字宇地泊８５５番地",,47,205,9012227,,,,,,,2015-10-05,0,,,,,,0
1943,7360005005092,12,1,2026-07-06,2023-04-07,"社会福祉法人ラポール福祉会",,399,"沖縄県","宜野湾市","宇地泊１丁目１９番１３号",,47,205,9012227,,,,,,,2015-10-05,1,,,,,,0
1944,7370001053945,01,0,2026-07-06,2026-07-06,"株式会社小野寺自動車整備工場",,301,"宮城県","栗原市","瀬峰寺浦９番地",,04,213,9894572,,,,,,,2026-07-06,1,,,,,"オノデラジドウシャセイビコウジョウ",0
1945,7370003003519,12,0,2026-07-06,2026-07-01,"ＣＤａｔａ　Ｓｏｆｔｗａｒｅ　Ｊａｐａｎ合同会社",,305,"宮城県","仙台市青葉区","中央２丁目２番１号",,04,101,9800021,,,,,,,2016-06-17,1,,,,,"シーデータソフトウェアジャパン",0
1946,7370201002149,01,1,2026-07-06,2015-10-05,"株式会社寒澤建設",,301,"宮城県","遠田郡涌谷町","字田町裏１２７番地",,04,501,9870141,,,,,,,2015-10-05,1,,,,,"サムサワケンセツ",0
1947,7380001036164,01,0,2026-07-06,2026-07-06,"株式会社ホートク",,301,"福島県","郡山市","南２丁目５０番地",,07,203,9630115,,,,,,,2026-07-06,1,,,,,"ホートク",0
1948,7400001013937,01,1,2026-07-06,2017-11-28,"大船渡下水道マネジメント株式会社",,301,"岩手県","大船渡市","大船渡町字欠ノ下向１番地２",,03,203,0220002,,,,,,,2017-11-28,1,,,,,"オオフナトゲスイドウマネジメント",0
1949,7400001017467,01,0,2026-07-06,2026-07-06,"株式会社星北",,301,"岩手県","岩手郡岩手町","大字一方井第２地割４１番地３",,03,303,0284421,,,,,,,2026-07-06,1,,,,,"セイホク",0
1950,7400005008537,01,1,2026-07-06,2026-01-09,"社会福祉法人幸福会",,399,"岩手県","奥州市","江刺稲瀬字柏原４４６番地１",,03,215,0231132,,,,,,,2026-01-09,1,,,,,"コウフクカイ",0
1951,7410003004272,01,0,2026-07-06,2026-07-06,"合同会社ＲＥＧＡＬＯ",,305,"秋田県","潟上市","昭和乱橋字宅地家後４番地",,05,211,0181402,,,,,,,2026-07-06,1,,,,,"レガーロ",0
1952,7420001018232,21,0,2026-07-06,2026-06-25,"株式会社フライハイト",,301,"青森県","弘前市","大字青山１丁目１９番地２",,02,202,0368062,,,2026-06-25,01,,,2023-04-18,1,,,,,"フライハイト",0
1953,7420001019577,01,0,2026-07-06,2026-07-06,"八戸活性推進株式会社",,301,"青森県","八戸市","大字廿三日町３９番地東奥朝日ワークステーション４階",,02,203,0310041,,,,,,,2026-07-06,1,,,,,"ハチノヘカッセイスイシン",0
1954,7430001038907,12,0,2026-07-06,2026-06-29,"株式会社北凰",,301,"北海道","札幌市豊平区","西岡四条１３丁目１６番１１号",,01,105,0620034,,,,,,,2015-10-05,1,,,,,"ホクオウ",0
1955,7430001047230,01,1,2026-07-06,2015-10-05,"朝日産業株式会社",,301,"北海道","夕張郡栗山町","朝日４丁目３２番地３",,01,429,0691513,,,,,,,2015-10-05,1,,,,,"アサヒサンギョウ",0
1956,7430001047437,21,0,2026-07-06,2026-06-29,"株式会社正木商店",,301,"北海道","夕張市","紅葉山５０番地１",,01,209,0680755,,,2026-06-29,01,,,2015-10-05,1,,,,,"マサキショウテン",0
1957,7430001095436,12,0,2026-07-06,2026-06-25,"株式会社榮道",,301,"北海道","苫小牧市","北栄町４丁目１２番２９号",,01,213,0591304,,,,,,,2025-10-20,1,,,,,"エイドウ",0
1958,7430001096756,12,0,2026-07-06,2026-06-30,"木下不動産株式会社",,301,"北海道","札幌市中央区","南三条東２丁目９－１木下丸見ビル２階",,01,101,0600053,,,,,,,2026-04-21,1,,,,,"キノシタフドウサン",0
1959,7430001097201,01,0,2026-07-06,2026-07-06,"株式会社ＮＩＳＥＫＯ　ＯＮＥ",,301,"北海道","虻田郡倶知安町","ニセコひらふ四条１丁目１－２５",,01,400,0440087,,,,,,,2026-07-06,1,,,,,"ニセコワン",0
1960,7430001097218,01,0,2026-07-06,2026-07-06,"株式会社ぬいタウン",,301,"北海道","札幌市中央区","大通西１丁目１４番地２桂和大通ビル５０　９Ｆ",,01,101,0600042,,,,,,,2026-07-06,1,,,,,"ヌイタウン",0
1961,7430001097234,01,0,2026-07-06,2026-07-06,"株式会社ＴＷＯ　ＮＩＮＥ",,301,"北海道","札幌市厚別区","厚別西二条６丁目１１４４番地７",,01,108,0040062,,,,,,,2026-07-06,1,,,,,"トゥーナイン",0
1962,7430001097242,01,0,2026-07-06,2026-07-06,"Ｔｗｏｒｋｓ株式会社",,301,"北海道","札幌市南区","川沿一条４丁目６番１号",,01,106,0050801,,,,,,,2026-07-06,1,,,,,"ティーワークス",0
1963,7430003018238,12,0,2026-07-06,2026-06-29,"合同会社ＹＳＴＡＧＥ",,305,"北海道","札幌市清田区","北野六条３丁目６番２２号",,01,110,0040866,,,,,,,2025-10-15,1,,,,,"ワイステージ",0
1964,7440005002429,01,1,2026-07-06,2015-10-05,"一般社団法人ノースランドレンジャー",,399,"北海道","函館市","桔梗町３７９番地２６",,01,202,0410801,,,,,,,2015-10-05,0,,,,,"ノースランドレンジャー",0
1965,7440005002429,12,1,2026-07-06,2016-02-29,"一般社団法人ノースランドレンジャー",,399,"北海道","函館市","鍛治１丁目２５番２号",,01,202,0410852,,,,,,,2015-10-05,1,,,,,"ノースランドレンジャー",0
1966,7462503000242,01,0,2026-07-06,2026-07-06,"合同会社Ｍｉｃｈｅｌｌｅ’ｓ　Ａｕｔｏ",,305,"北海道","標津郡中標津町","緑町南１丁目２番地５６",,01,692,0861166,,,,,,,2026-07-06,1,,,,,"ミシェルズオート",0
1967,7470002008921,01,1,2026-07-06,2015-10-05,"有限会社永木屋建材店",,302,"香川県","高松市","塩上町１丁目１番１３号",,37,201,7600062,,,,,,,2015-10-05,1,,,,,"ナガキヤケンザイテン",0
1968,7470002012923,01,1,2026-07-06,2015-10-05,"有限会社四国農園",,302,"香川県","善通寺市","善通寺町３丁目８番３０号",,37,204,7650003,,,,,,,2015-10-05,1,,,,,"シコクノウエン",0
1969,7480001007618,21,0,2026-07-06,2026-07-01,"三豊被服工業株式会社",,301,"徳島県","三好市","池田町白地本名１１４番地１",,36,208,7785251,,,2026-07-01,01,,,2015-10-05,1,,,,,"ミトヨヒフクコウギョウ",0
1970,8010001010717,01,1,2026-07-06,2015-10-05,"稲光商事株式会社",,301,"東京都","千代田区","外神田２丁目８番９号",,13,101,1010021,,,,,,,2015-10-05,1,,,,,"イナミツショウジ",0
1971,8010001018710,01,1,2026-07-06,2015-10-05,"株式会社食品資材研究会",,301,"東京都","千代田区","神田美倉町１０番地",,13,101,1010038,,,,,,,2015-10-05,0,,,,,"ショクヒンシザイケンキュウカイ",0
1972,8010001018710,12,1,2026-07-06,2017-06-05,"株式会社食品資材研究会",,301,"東京都","杉並区","浜田山２丁目１７番１２－２０８号",,13,115,1680065,,,,,,,2015-10-05,0,,,,,"ショクヒンシザイケンキュウカイ",0
1973,8010001018710,12,1,2026-07-06,2017-06-21,"株式会社食品資材研究会",,301,"東京都","千代田区","神田美倉町１０番地",,13,101,1010038,,,,,,,2015-10-05,1,,,,,"ショクヒンシザイケンキュウカイ",0
1974,8010001038114,01,1,2026-07-06,2015-10-05,"株式会社エクシード・リサーチ",,301,"東京都","中央区","日本橋小網町１５番８号大宗小網ビル２号館２階",,13,102,1030016,,,,,,,2015-10-05,0,,,,,"エクシードリサーチ",0
1975,8010001038114,12,1,2026-07-06,2015-11-05,"株式会社エクシード・リサーチ",,301,"東京都","中央区","築地２丁目８番１号",,13,102,1040045,,,,,,,2015-10-05,1,,,,,"エクシードリサーチ",0
1976,8010001059432,12,0,2026-07-06,2026-06-22,"株式会社安田松慶堂",,301,"東京都","中央区","銀座８丁目１８番４号",,13,102,1040061,,,,,,,2015-10-05,1,,,,,"ヤスダショウケイドウ",0
1977,8010001102753,12,0,2026-07-06,2026-06-22,"株式会社Ａ．ｖｅｒ",,301,"東京都","文京区","湯島２丁目４番３号ソフィアお茶の水３階",,13,105,1130034,,,,,,,2015-10-05,1,,,,,"エイバー",0
1978,8010001108098,12,0,2026-07-06,2026-06-23,"株式会社オーリスデザイン",,301,"東京都","中央区","銀座１丁目２２番１１号銀座大竹ビジデンス２Ｆ",,13,102,1040061,,,,,,,2015-10-05,1,,,,,"オーリスデザイン",0
1979,8010001203106,01,1,2026-07-06,2019-08-08,"ＫＵＡＩＰＡＯ　ＪＡＰＡＮ株式会社",,301,"東京都","千代田区","丸の内１丁目五番一号新丸の内ビルディング",,13,101,1000005,,,,,,,2019-08-08,1,,,,,,0
1980,8010001217618,12,0,2026-07-06,2026-06-15,"Ｇａｉａ株式会社",,301,"東京都","千代田区","有楽町１丁目７番１号有楽町電気ビル北館１３階スリーアイズキャピタル株式会社内",,13,101,1000006,,,,,,,2021-04-22,1,,,,,"ガイア",0
1981,8010001236130,12,0,2026-07-06,2026-06-15,"Ｋａｌｅ株式会社",,301,"東京都","千代田区","有楽町１丁目７番１号有楽町電気ビル北館１３階スリーアイズキャピタル株式会社内",,13,101,1000006,,,,,,,2023-06-13,1,,,,,"カレ",0
1982,8010001246567,21,0,2026-07-06,2026-06-15,"ＳＥＢ　Ｌａｂｏ株式会社",,301,"東京都","中央区","日本橋小伝馬町４番２号日本法令小伝馬町ビル１階",,13,102,1030001,,,2026-06-15,01,,,2024-07-11,1,,,,,"エスイービーラボ",0
1983,8010001250718,12,0,2026-07-06,2026-06-12,"ＪＰｉＸ４号株式会社",,301,"東京都","千代田区","丸の内２丁目５番１号丸の内二丁目ビル６階",,13,101,1000005,,,,,,,2024-12-16,1,,,,,"ジェイピックスヨンゴウ",0
1984,8010001251204,12,0,2026-07-06,2026-06-11,"ＢＢｙｏｍｙ株式会社",,301,"東京都","中央区","日本橋室町１丁目１１番１２号日本橋水野ビル７階",,13,102,1030022,,,,,,,2025-01-27,1,,,,,"ビビユミ",0
1985,8010001252672,12,0,2026-07-06,2026-06-15,"Ｔｅｉａ　Ｉ株式会社",,301,"東京都","千代田区","有楽町１丁目７番１号有楽町電気ビル北館１３階スリーアイズキャピタル株式会社内",,13,101,1000006,,,,,,,2025-02-28,1,,,,,"テイアワン",0
1986,8010001256442,12,0,2026-07-06,2026-06-16,"Ｅｓｇ　Ｊａｐａｎ　Ｒｅａｌ　Ｅｓｔａｔｅ株式会社",,301,"東京都","中央区","日本橋大伝馬町１７番６号ＳｋｙｌｉｎｅＴｏｋｙｏ２階",,13,102,1030011,,,,,,,2025-07-02,1,,,,,"イーエスジージャパンリアルエステート",0
1987,8010001266788,01,0,2026-07-06,2026-07-06,"日中恒創テクノロジーズ株式会社",,301,"東京都","千代田区","神田佐久間町３丁目２８星野ビル４Ｆ６３号",,13,101,1010025,,,,,,,2026-07-06,1,,,,,"ニッチュウコウソウテクノロジーズ",0
1988,8010001266846,01,0,2026-07-06,2026-07-06,"株式会社Ｃａｎａｒｉｓｅ",,301,"東京都","中央区","新川１丁目２７番７－９０１号",,13,102,1040033,,,,,,,2026-07-06,1,,,,,"カナライズ",0
1989,8010003051973,01,0,2026-07-06,2026-07-06,"ＬＩＴＡＲＩＺＥ合同会社",,305,"東京都","千代田区","神田神保町２丁目１０番３１号ＩＷビル１階",,13,101,1010051,,,,,,,2026-07-06,1,,,,,"リタライズ",0
1990,8010005042079,01,0,2026-07-06,2026-07-06,"一般社団法人日本スリランカ振興協会",,399,"東京都","千代田区","麹町１丁目６－９ＤＩＫ麹町ビル４階",,13,101,1020083,,,,,,,2026-07-06,1,,,,,"ニホンスリランカシンコウキョウカイ",0
1991,8010102004262,01,1,2026-07-06,2015-10-05,"有限会社高水米穀店",,302,"東京都","八王子市","台町４丁目９番５号",,13,201,1930931,,,,,,,2015-10-05,1,,,,,"タカミズベイコクテン",0
1992,8010105001496,01,1,2026-07-06,2015-10-05,"特定非営利活動法人５５の会",,399,"東京都","八王子市","松木５番地１３",,13,201,1920362,,,,,,,2015-10-05,0,,,,,"ゴジュウゴノカイ",0
1993,8010105001496,21,0,2026-07-06,2026-07-01,"特定非営利活動法人５５の会",,399,"東京都","八王子市","松木５番地１３",,13,201,1920362,,,2026-07-01,01,,,2015-10-05,1,,,,,"ゴジュウゴノカイ",0
1994,8010401033268,01,1,2026-07-06,2015-10-05,"株式会社真名子",,301,"東京都","港区","三田３丁目２番１号弓和三田ビジデンス８０９",,13,103,1080073,,,,,,,2015-10-05,1,,,,,"マナゴ",0
1995,8010401164328,12,0,2026-07-06,2026-07-02,"株式会社ＮＯＢＩＬＩＡＩＲＥ　ＪＡＰＡＮ",,301,"東京都","港区","南青山１丁目１５番１８号リーラ乃木坂９０３号",,13,103,1070062,,,,,,,2021-12-09,1,,,,,"ノブリエジャパン",0
1996,8010401199927,01,0,2026-07-06,2026-07-06,"株式会社ＫＹＳＭ",,301,"東京都","港区","南麻布３丁目２０番１号Ｄａｉｗａ麻布テラス５Ｆ",,13,103,1060047,,,,,,,2026-07-06,1,,,,,"ケーワイエスエム",0
1997,8010401200041,01,0,2026-07-06,2026-07-06,"Ｂｅｋｅｎ　Ｊａｐａｎ株式会社",,301,"東京都","港区","南青山１丁目１番１号新青山ビル東館７階",,13,103,1070062,,,,,,,2026-07-06,1,,,,,"ベケンジャパン",0
1998,8010401200066,01,0,2026-07-06,2026-07-06,"株式会社Ｅｘａ　Ｉｎｔｅｒａｃｔｉｏｎ　Ｄｅｓｉｇｎ　Ｌａｂ",,301,"東京都","港区","芝浦４丁目２番８号",,13,103,1080023,,,,,,,2026-07-06,1,,,,,"エクサインタラクションデザインラボ",0
1999,8010403030412,21,0,2026-07-06,2026-06-12,"ＬＡＳＥＮＡＳ合同会社",,305,"東京都","港区","浜松町２丁目２番１５号浜松町ダイヤビル２Ｆ",,13,103,1050013,,,2026-06-12,01,,,2023-07-03,1,,,,,"ラセーニャス",0
2000,8010405024800,12,0,2026-07-06,2026-07-02,"一般社団法人日本不動産エージェント協会",,399,"東京都","渋谷区","神宮前６丁目１２番２０号",,13,113,1500001,,,,,,,2025-10-21,1,,,,,"ニホンフドウサンエージェントキョウカイ",0
2001,8010501009556,12,0,2026-07-06,2026-07-01,"トップラン企画株式会社",,301,"東京都","台東区","浅草５丁目６５番６号",,13,106,1110032,,,,,,,2015-10-05,1,,,,,"トップランキカク",0
2002,8010501050989,12,0,2026-07-06,2026-07-02,"株式会社リビルド",,301,"東京都","千代田区","神田和泉町一丁目２番３号エクシト秋葉原３０１",,13,101,1010024,,,,,,,2023-09-06,1,,,,,"リビルド",0
2003,8010502018804,01,1,2026-07-06,2015-10-05,"有限会社甲冑娘",,302,"東京都","台東区","千束４丁目１１番８号",,13,106,1110031,,,,,,,2015-10-05,1,,,,,"カッチュウムスメ",0
2004,8010601069483,01,0,2026-07-06,2026-07-06,"株式会社エンカラット",,301,"東京都","江東区","辰巳１丁目６番１７－５１０号",,13,108,1350053,,,,,,,2026-07-06,1,,,,,"エンカラット",0
2005,8010603012359,01,0,2026-07-06,2026-07-06,"合同会社ＮＥＳＴ",,305,"東京都","江東区","東雲１丁目１番１６－５１５号",,13,108,1350062,,,,,,,2026-07-06,1,,,,,"ネスト",0
2006,8010701003004,12,0,2026-07-06,2026-06-29,"ケイホーキ株式会社",,301,"東京都","品川区","旗の台４丁目１番２号",,13,109,1420064,,,,,,,2015-10-05,1,,,,,"ケイホーキ",0
2007,8010701023472,12,0,2026-07-06,2026-06-11,"株式会社品川デリバリーサービス",,301,"東京都","品川区","旗の台２丁目１番２５－１０３号",,13,109,1420064,,,,,,,2015-10-05,1,,,,,"シナガワデリバリーサービス",0
2008,8010701044865,11,0,2026-07-06,2026-06-30,"株式会社ＩＭＡ　Ｃｏｒｅ",,301,"東京都","品川区","東五反田３丁目１０番２０号",,13,109,1410022,,,,,,,2023-09-20,1,,,,,"イマコア",0
2009,8010701049798,01,0,2026-07-06,2026-07-06,"株式会社ワッグル",,301,"東京都","品川区","東品川２丁目５番８号",,13,109,1400002,,,,,,,2026-07-06,1,,,,,"ワッグル",0
2010,8010705001202,01,1,2026-07-06,2015-10-05,"フロンティア監査法人",,399,"東京都","品川区","西五反田２丁目２５番３号",,13,109,1410031,,,,,,,2015-10-05,1,,,,,"フロンティア",0
2011,8010801005338,12,0,2026-07-06,2026-07-01,"株式会社宍戸庄工務店",,301,"東京都","大田区","羽田６丁目１８番１２号コーポ鈴木",,13,111,1440043,,,,,,,2015-10-05,1,,,,,"シシドショウコウムテン",0
2012,8010802002755,12,0,2026-07-06,2026-06-29,"有限会社オーシャンカンパニー",,302,"東京都","大田区","中央６丁目２２番１０号",,13,111,1430024,,,,,,,2015-10-05,1,,,,,"オーシャンカンパニー",0
2013,8011001030234,12,0,2026-07-06,2026-06-19,"株式会社ディスク",,301,"東京都","渋谷区","渋谷３丁目２６番１６号第五叶ビル３階",,13,113,1500002,,,,,,,2015-10-05,1,,,,,"ディスク",0
2014,8011001067978,71,0,2026-07-06,2026-06-22,"株式会社ＣＡＭＰＦＩＲＥ",,301,"東京都","渋谷区","猿楽町１８番８号",,13,113,1500033,,,,,,"令和８年６月１日東京都渋谷区猿楽町１８番８号Ｌｉｖｅｆｏｒ株式会社（2011001155037）を合併",2015-10-05,1,,,,,"キャンプファイヤー",0
2015,8011001108963,01,1,2026-07-06,2016-01-08,"株式会社ギャブ",,301,"東京都","渋谷区","恵比寿西１丁目１３番２号サンキビル",,13,113,1500021,,,,,,,2016-01-08,1,,,,,"ギャブ",0
2016,8011001148803,12,0,2026-07-06,2026-07-01,"株式会社ＺＲＩ",,301,"東京都","新宿区","新宿１丁目２８－９新宿高山ビル６階",,13,104,1600022,,,,,,,2022-07-28,1,,,,,"ゼットアールアイ",0
2017,8011001160436,21,0,2026-07-06,2026-06-22,"株式会社ＡＴＥＮＡ",,301,"東京都","渋谷区","道玄坂１丁目１０番８号",,13,113,1500043,,,2026-06-22,01,,,2024-03-06,1,,,,,"アテナ",0
2018,8011001162275,12,0,2026-07-06,2026-07-01,"株式会社ＤＡＲＥ",,301,"大阪府","豊中市","新千里東町１丁目４－１阪急千里中央ビル８Ｆ",,27,203,5600082,,,,,,,2024-05-28,1,,,,,"ダーレ",0
2019,8011001174056,12,0,2026-07-06,2026-06-16,"株式会社ＭＡＨＨＡＵＳ",,301,"東京都","渋谷区","恵比寿南２丁目２０－１只木ビル１階Ａ号室",,13,113,1500022,,,,,,,2025-12-08,1,,,,,"マウス",0
2020,8011001178536,01,0,2026-07-06,2026-07-06,"株式会社Ｈｕｍａｎｉｔｅ　Ｇｒｏｕｐ",,301,"東京都","渋谷区","道玄坂１丁目１０番８号渋谷道玄坂東急ビル２Ｆ‐Ｃ",,13,113,1500043,,,,,,,2026-07-06,1,,,,,"ユマニテグループ",0
2021,8011002036073,01,1,2026-07-06,2015-10-05,"有限会社シー・オー・エムエージェント",,302,"東京都","渋谷区","恵比寿南２丁目８番１２号",,13,113,1500022,,,,,,,2015-10-05,1,,,,,"シーオーエム",0
2022,8011003024779,01,0,2026-07-06,2026-07-06,"Ｏｐｔｉｍｕｓ合同会社",,305,"東京都","渋谷区","神南１丁目１１－４ＦＰＧリンクス神南５階",,13,113,1500041,,,,,,,2026-07-06,1,,,,,"オプティマス",0
2023,8011101034705,12,0,2026-07-06,2026-07-02,"インフォトランス株式会社",,301,"東京都","千代田区","飯田橋３丁目１１番６号",,13,101,1020072,,,,,,,2015-10-05,1,,,,,"インフォトランス",0
2024,8011101080947,12,0,2026-07-06,2026-07-01,"株式会社マウンテンワン",,301,"奈良県","奈良市","学園南１丁目８番１８－１号",,29,201,6310034,,,,,,,2017-06-30,1,,,,,"マウンテンワン",0
2025,8011101112080,12,0,2026-07-06,2026-07-02,"東宿建投株式会社",,301,"東京都","台東区","寿３丁目１９－２シュロス浅草４０１",,13,106,1110042,,,,,,,2025-06-13,1,,,,,"トウシンケントウ",0
2026,8011201022097,12,0,2026-07-06,2026-07-01,"株式会社ｄａｔａｉｓ",,301,"東京都","港区","芝４丁目７番８号",,13,103,1080014,,,,,,,2020-04-22,1,,,,,"データイズ",0
2027,8011301017732,01,1,2026-07-06,2015-10-05,"株式会社ＡＳＫＬＥＹ",,301,"埼玉県","新座市","池田４丁目６番１０号",,11,230,3520015,,,,,,,2015-10-05,1,,,,,"アスクレー",0
2028,8011301021874,12,0,2026-07-06,2026-07-01,"大有商事株式会社",,301,"東京都","三鷹市","井の頭３丁目１２番１０号ＰａｎｄａＦａｎＨｏｕｓｅ１Ｆ",,13,204,1810001,,,,,,,2015-12-11,1,,,,,"ダイユウショウジ",0
2029,8011301031659,01,0,2026-07-06,2026-07-06,"株式会社色景",,301,"東京都","杉並区","西荻北２丁目１１番１０号城西ビル３階",,13,115,1670042,,,,,,,2026-07-06,1,,,,,"イロカゲ",0
2030,8011401012559,01,1,2026-07-06,2015-10-05,"ヘイワ商事株式会社",,301,"東京都","板橋区","中台２丁目５番７号南坂コーポ１０２号",,13,119,1740064,,,,,,,2015-10-05,0,,,,,"ヘイワショウジ",0
2031,8011401012559,12,1,2026-07-06,2016-07-04,"ヘイワ商事株式会社",,301,"東京都","板橋区","大原町２９番１２号",,13,119,1740061,,,,,,,2015-10-05,0,,,,,"ヘイワショウジ",0
2032,8011401012559,12,1,2026-07-06,2026-03-24,"ヘイワ商事株式会社",,301,"東京都","板橋区","新河岸３丁目１４番９－２０４",,13,119,1750081,,,,,,,2015-10-05,1,,,,,"ヘイワショウジ",0
2033,8011401028101,01,0,2026-07-06,2026-07-06,"株式会社ひかり会計事務所",,301,"東京都","板橋区","成増２丁目２７番８－４０６号エクセレントシティ成増二丁目",,13,119,1750094,,,,,,,2026-07-06,1,,,,,"ヒカリカイケイジムショ",0
2034,8011402002658,01,1,2026-07-06,2015-10-05,"有限会社ギボン建機",,302,"東京都","板橋区","徳丸４丁目１６番９号",,13,119,1750083,,,,,,,2015-10-05,0,,,,,,0
2035,8011402002658,11,1,2026-07-06,2016-12-27,"株式会社Ｈ・Ｔハウジング",,301,"東京都","板橋区","徳丸４丁目１６番９号",,13,119,1750083,,,,,,,2015-10-05,0,,,,,"エイチティハウジング",0
2036,8011402002658,12,1,2026-07-06,2017-01-26,"株式会社Ｈ・Ｔハウジング",,301,"東京都","板橋区","徳丸３丁目３７番１７号",,13,119,1750083,,,,,,,2015-10-05,0,,,,,"エイチティハウジング",0
2037,8011402002658,12,1,2026-07-06,2023-07-24,"株式会社Ｈ・Ｔハウジング",,301,"東京都","板橋区","赤塚７丁目２５番１８号ＨＴビル",,13,119,1750092,,,,,,,2015-10-05,1,,,,,"エイチティハウジング",0
2038,8011501019454,21,0,2026-07-06,2026-07-02,"ＭＩＳＵＺＵ＆Ｙ’ｓ株式会社",,301,"東京都","荒川区","南千住７丁目１番１－１１０２号",,13,118,1160003,,,2026-07-02,01,,,2015-10-05,1,,,,,,0
2039,8011502004538,01,1,2026-07-06,2015-10-05,"有限会社日東クリーンベスト",,302,"東京都","北区","王子５丁目２０番１８－５０５号",,13,117,1140002,,,,,,,2015-10-05,1,,,,,"ニットウクリーンベスト",0
2040,8011601018447,21,0,2026-07-06,2026-06-15,"アセンテック株式会社",,301,"東京都","千代田区","神田平河町１番地第３東ビル６ＦイーオフィスＡＫＩＢＡ３番館３２号室",,13,101,1010027,,,2026-06-15,01,,,2015-10-05,1,,,,,"アセンテック",0
2041,8011601020089,01,1,2026-07-06,2015-10-05,"株式会社サンフォーレスト",,301,"東京都","練馬区","石神井台６丁目１３番１９号",,13,120,1770045,,,,,,,2015-10-05,1,,,,,"サンフォーレスト",0
2042,8011801032223,01,1,2026-07-06,2016-08-23,"吉兆物産株式会社",,301,"東京都","足立区","千住緑町２丁目２７番７号１Ｃ",,13,121,1200044,,,,,,,2016-08-23,0,,,,,"キッチョウブッサン",0
2043,8011801032223,12,1,2026-07-06,2017-01-10,"吉兆物産株式会社",,301,"埼玉県","さいたま市西区","大字指扇２８５６番地２１９－１Ｆ",,11,101,3310047,,,,,,,2016-08-23,1,,,,,"キッチョウブッサン",0
2044,8012401015147,01,1,2026-07-06,2015-10-05,"株式会社Ｋ＆Ｍ",,301,"東京都","小金井市","本町４丁目１２番２６号",,13,210,1840004,,,,,,,2015-10-05,1,,,,,"ケイアンドエム",0
2045,8012401044633,01,0,2026-07-06,2026-07-06,"株式会社スリーワイズ",,301,"東京都","府中市","府中町１丁目１５番地の１シティハウス府中けやき通り８０３",,13,206,1830055,,,,,,,2026-07-06,1,,,,,"スリーワイズ",0
2046,8012401044641,01,0,2026-07-06,2026-07-06,"株式会社Ｒｅｎａｉｓｓａｎｃｅ　ＭｅｄＴｅｃｈ",,301,"東京都","小金井市","中町３丁目２４番地２１号",,13,210,1840012,,,,,,,2026-07-06,1,,,,,"ルネサンスメドテック",0
2047,8012402007093,12,0,2026-07-06,2026-06-25,"有限会社摂南電子研究所",,302,"東京都","府中市","小柳町６丁目２１番地の４６",,13,206,1830013,,,,,,,2015-10-05,1,,,,,,0
2048,8012405005210,12,0,2026-07-06,2026-06-24,"一般社団法人晴風学舎",,399,"東京都","狛江市","元和泉２丁目１４番２号",,13,219,2010013,,,,,,,2026-01-20,1,,,,,"セイフウガクシャ",0
2049,8012801003016,01,1,2026-07-06,2015-10-05,"中村精機株式会社",,301,"東京都","武蔵村山市","伊奈平２丁目５６番地３",,13,223,2080023,,,,,,,2015-10-05,1,,,,,"ナカムラセイキ",0
2050,8013101007335,21,0,2026-07-06,2026-07-02,"株式会社スニフトレーディング",,301,"東京都","武蔵村山市","中原３丁目２５番地２２",,13,223,2080035,,,2026-07-02,01,,,2016-05-31,1,,,,,"スニフトレーディング",0
2051,8013103001575,01,0,2026-07-06,2026-07-06,"合同会社ＭＴＺ",,305,"東京都","あきる野市","原小宮３１３番地１５",,13,228,1970811,,,,,,,2026-07-06,1,,,,,"エムティーゼット",0
2052,8013201012581,21,0,2026-07-06,2026-07-01,"アヴェクト株式会社",,301,"長野県","北佐久郡軽井沢町","大字長倉５５０１－５",,20,321,3890111,,,2026-07-01,01,,,2015-10-05,1,,,,,"アヴェクト",0
2053,8013303006969,12,0,2026-07-06,2026-06-30,"合同会社ねこいえ",,305,"千葉県","香取郡東庄町","新宿字伊勢１３０９番地５",,12,349,2890611,,,,,,,2024-01-26,1,,,,,,0
2054,8020001103833,01,1,2026-07-06,2015-10-05,"株式会社ＰＭ＆Ｒ",,301,"神奈川県","横浜市都筑区","池辺町２３０４番地",,14,118,2240053,,,,,,,2015-10-05,0,,,,,,0
2055,8020001103833,12,1,2026-07-06,2016-01-25,"株式会社ＰＭ＆Ｒ",,301,"神奈川県","横浜市青葉区","すすき野２丁目６－１０",,14,117,2250021,,,,,,,2015-10-05,1,,,,,,0
2056,8020001128533,12,0,2026-07-06,2026-07-01,"株式会社コネクト",,301,"東京都","港区","虎ノ門１丁目１５番１０号名和ビル４階",,13,103,1050001,,,,,,,2018-11-01,1,,,,,"コネクト",0
2057,8020001151064,12,0,2026-07-06,2026-06-25,"株式会社ＡＷ",,301,"神奈川県","川崎市高津区","溝口１丁目９－７",,14,134,2130001,,,,,,,2023-04-07,1,,,,,"アウ",0
2058,8020003031355,01,0,2026-07-06,2026-07-06,"合同会社Ｌｉｍｕ",,305,"神奈川県","横浜市鶴見区","駒岡４丁目３３－３",,14,101,2300071,,,,,,,2026-07-06,1,,,,,"ライム",0
2059,8020005000168,11,0,2026-07-06,2026-06-26,"宗教法人天理教市元分教会",,399,"神奈川県","横浜市南区","大岡２丁目１２番１２号",,14,105,2320061,,,,,,,2015-10-05,1,,,,,"テンリキョウイチモトブンキョウカイ",0
2060,8021001004518,01,1,2026-07-06,2015-10-05,"株式会社まちづくり支援機構",,301,"東京都","大田区","蒲田５丁目４４番１４号",,13,111,1440052,,,,,,,2015-10-05,1,,,,,"マチヅクリシエンキコウ",0
2061,8021001081557,12,0,2026-07-06,2026-06-26,"うみまち株式会社",,301,"神奈川県","逗子市","桜山５丁目７－６ＳＴビル３０１",,14,208,2490005,,,,,,,2024-02-27,1,,,,,"ウミマチ",0
2062,8021001088585,01,0,2026-07-06,2026-07-06,"株式会社ｈｏｕｓｅ　ｏｆ　ｂｉｊｏｕ",,301,"神奈川県","大和市","下鶴間１８９９番地２４",,14,213,2420001,,,,,,,2026-07-06,1,,,,,"ハウスオブビジュー",0
2063,8021003017666,01,0,2026-07-06,2026-07-06,"合同会社ヨリミチ",,305,"神奈川県","足柄下郡湯河原町","宮上３６５番地湯治宿かふね",,14,384,2590314,,,,,,,2026-07-06,1,,,,,"ヨリミチ",0
2064,8021005011270,01,1,2026-07-06,2018-04-09,"一般社団法人Ｐ．Ｓ．Ｔ．Ｃ．ＬＯＮＤＲＩＮＡ",,399,"神奈川県","足柄上郡大井町","上大井４０８番地１",,14,362,2580016,,,,,,,2018-04-09,1,,,,,"ピーエスティーシーロンドリーナ",0
2065,8030001082317,01,1,2026-07-06,2015-10-05,"株式会社バレルズ",,301,"埼玉県","川口市","芝２丁目２３番地８号",,11,203,3330866,,,,,,,2015-10-05,0,,,,,"バレルズ",0
2066,8030001082317,12,1,2026-07-06,2021-08-04,"株式会社バレルズ",,301,"東京都","中央区","勝どき６丁目３番１号ザ・トウキョウタワーズシータワー４７０６",,13,102,1040054,,,,,,,2015-10-05,0,,"Tokyo","6-3-1-4706, Kachidoki, Chuo-ku",,"バレルズ",0
2067,8030001082317,11,1,2026-07-06,2022-05-09,"Ｓｐｒｉｎｇ　Ｓｔａｒ　Ｃａｐｉｔａｌ株式会社",,301,"東京都","中央区","勝どき６丁目３番１号ザ・トウキョウタワーズシータワー４７０６",,13,102,1040054,,,,,,,2015-10-05,0,"Spring Star Capital Co., Ltd.","Tokyo","6-3-1-4706, Kachidoki, Chuo-ku",,"スプリングスターキャピタル",0
2068,8030001082317,12,1,2026-07-06,2025-07-10,"Ｓｐｒｉｎｇ　Ｓｔａｒ　Ｃａｐｉｔａｌ株式会社",,301,"東京都","文京区","本駒込６丁目１８番１５号",,13,105,1130021,,,,,,,2015-10-05,1,"Spring Star Capital Co., Ltd.","Tokyo","6-18-15, Honkomagome, Bunkyo ku",,"スプリングスターキャピタル",0
2069,8030001113889,01,1,2026-07-06,2016-04-15,"オニキス株式会社",,301,"埼玉県","川口市","本町４丁目７番２１号",,11,203,3320012,,,,,,,2016-04-15,1,,,,,"オニキス",0
2070,8030001166499,12,0,2026-07-06,2026-06-22,"ＴＫトレイド株式会社",,301,"埼玉県","川口市","西川口１丁目４０番地２－２Ｆ",,11,203,3320021,,,,,,,2025-05-13,1,,,,,"ティーケートレイド",0
2071,8030001173149,01,0,2026-07-06,2026-07-06,"株式会社Ｌｉｃｏ",,301,"埼玉県","さいたま市大宮区","桜木町２丁目３番地大宮マルイ７階",,11,103,3300854,,,,,,,2026-07-06,1,,,,,"リコ",0
2072,8030001173157,01,0,2026-07-06,2026-07-06,"株式会社木長建築",,301,"埼玉県","本庄市","児玉町金屋１２２６番地２",,11,211,3670216,,,,,,,2026-07-06,1,,,,,"ボクチョウケンチク",0
2073,8030001173173,01,0,2026-07-06,2026-07-06,"株式会社Ｒｉｃｈｅ",,301,"埼玉県","さいたま市浦和区","仲町１丁目３番８号ホワイトビル４階",,11,107,3300062,,,,,,,2026-07-06,1,,,,,"リッシュ",0
2074,8030001173207,01,0,2026-07-06,2026-07-06,"株式会社ＴＪＣＯＲＥＮＥＸ",,301,"埼玉県","坂戸市","関間４丁目１５－１０",,11,239,3500215,,,,,,,2026-07-06,1,,,,,"ティージェーコアネックス",0
2075,8030003029588,01,0,2026-07-06,2026-07-06,"合同会社ＴＡ",,305,"埼玉県","新座市","北野２丁目５－５",,11,230,3520003,,,,,,,2026-07-06,1,,,,,"ティーエー",0
2076,8030003029596,01,0,2026-07-06,2026-07-06,"スノーアセット合同会社",,305,"埼玉県","川口市","青木１丁目１０番３ー１０８号グリーンプラザ",,11,203,3320031,,,,,,,2026-07-06,1,,,,,"スノーアセット",0
2077,8040001080930,01,1,2026-07-06,2015-10-05,"山田測量株式会社",,301,"千葉県","市川市","大町１８８番地２０",,12,203,2720801,,,,,,,2015-10-05,1,,,,,"ヤマダソクリョウ",0
2078,8040001094773,01,1,2026-07-06,2016-04-05,"ＰＪホーム株式会社",,301,"千葉県","千葉市中央区","長洲１丁目３２番１１号",,12,101,2600854,,,,,,,2016-04-05,0,,,,,"ピージェーホーム",0
2079,8040001094773,12,1,2026-07-06,2016-04-18,"ＰＪホーム株式会社",,301,"千葉県","千葉市中央区","長洲１丁目２９番１号",,12,101,2600854,,,,,,,2016-04-05,1,,,,,"ピージェーホーム",0
2080,8040001128424,01,1,2026-07-06,2023-05-17,"株式会社ＭＯＴ",,301,"千葉県","船橋市","本中山２丁目１８番１号フローラ中山３０２",,12,204,2730035,,,,,,,2023-05-17,1,,,,,"エムオーティー",0
2081,8040001144405,01,0,2026-07-06,2026-07-06,"株式会社Ｈ１",,301,"千葉県","鎌ケ谷市","南初富６丁目５－４３コネクトパークヒルズ１Ｆ",,12,224,2730123,,,,,,,2026-07-06,1,,,,,"エイチワン",0
2082,8040001144413,01,0,2026-07-06,2026-07-06,"株式会社ＳＫＲ",,301,"千葉県","君津市","人見３丁目２５番１８号",,12,225,2991147,,,,,,,2026-07-06,1,,,,,"エスケーアール",0
2083,8040002015002,12,0,2026-07-06,2026-06-22,"有限会社百楽門",,302,"千葉県","千葉市若葉区","西都賀１丁目１５番４号ユアサビル３Ｄ",,12,104,2640026,,,,,,,2015-10-05,1,,,,,"ヒャクラクモン",0
2084,8040003030330,01,0,2026-07-06,2026-07-06,"合同会社土屋畜産食品",,305,"千葉県","山武市","早船１５２５番地",,12,237,2891311,,,,,,,2026-07-06,1,,,,,"ツチヤチクサンショクヒン",0
2085,8040003030339,01,0,2026-07-06,2026-07-06,"Ｓｏｎｇ　Ａｓｓｏｃｉａｔｅｓ合同会社",,305,"千葉県","千葉市花見川区","浪花町１５―２１",,12,102,2620024,,,,,,,2026-07-06,1,,,,,"ソンアソシエーツ",0
2086,8040005014050,21,0,2026-07-06,2026-06-18,"特定非営利活動法人自立支援ネット我孫子",,399,"千葉県","我孫子市","湖北台１丁目１番１３号",,12,222,2701132,,,2026-06-18,01,,,2015-10-05,1,,,,,"ジリツシエンネットアビコ",0
2087,8050003002576,01,1,2026-07-06,2015-10-05,"アヤメアンティーコ合同会社",,305,"茨城県","結城市","大字結城２１４１番地６",,08,207,3070001,,,,,,,2015-10-05,0,,,,,,0
2088,8050003002576,11,1,2026-07-06,2016-04-01,"アヤメアンティーコ株式会社",,301,"茨城県","結城市","大字結城２１４１番地６",,08,207,3070001,,,,,,,2015-10-05,1,,,,,"アヤメアンティーコ",0
2089,8070001024496,01,1,2026-07-06,2015-10-05,"株式会社ワールドアクシス",,301,"群馬県","太田市","大久保町７１番地５",,10,205,3792306,,,,,,,2015-10-05,1,,,,,"ワールドアクシス",0
2090,8070002014777,21,0,2026-07-06,2026-06-30,"有限会社コバヤシテレビ",,302,"群馬県","安中市","安中２丁目１１番２７号",,10,211,3790116,,,2026-06-30,01,,,2015-10-05,1,,,,,"コバヤシテレビ",0
2091,8080401028708,01,0,2026-07-06,2026-07-06,"株式会社石英",,301,"静岡県","掛川市","初馬５２８番地の５",,22,213,4360081,,,,,,,2026-07-06,1,,,,,"セキエイ",0
2092,8080402010895,21,0,2026-07-06,2026-07-01,"有限会社ケアホームきんもくせい",,302,"静岡県","浜松市中央区","神ケ谷町８９３５番地の４",,22,138,4328005,,,2026-07-01,01,,,2015-10-05,1,,,,,"ケアホームキンモクセイ",0
2093,8090001019973,01,0,2026-07-06,2026-07-06,"株式会社明電社",,301,"山梨県","北杜市","明野町上手５００３番地１",,19,209,4080204,,,,,,,2026-07-06,1,,,,,"メイデンシャ",0
2094,8100002015508,01,1,2026-07-06,2015-10-05,"有限会社鈴木コンサルタント",,302,"長野県","上田市","小泉７２２番地２",,20,203,3861106,,,,,,,2015-10-05,1,,,,,"スズキコンサルタント",0
2095,8100002017842,01,1,2026-07-06,2015-10-05,"有限会社カネマン芋川きのこ園",,302,"長野県","中野市","大字立ケ花１５番地１",,20,211,3830054,,,,,,,2015-10-05,1,,,,,"カネマンイモガワキノコエン",0
2096,8100003008840,01,0,2026-07-06,2026-07-06,"Ｔａｎｕｋｉ　Ｈｏｓｐｉｔａｌｉｔｙ合同会社",,305,"長野県","上水内郡信濃町","大字野尻３８８４番地２２７",,20,583,3891303,,,,,,,2026-07-06,1,,,,,"タヌキホスピタリティ",0
2097,8110001009286,01,1,2026-07-06,2015-10-05,"株式会社恒成",,301,"新潟県","新潟市西区","寺地６６９番地１",,15,107,9501104,,,,,,,2015-10-05,1,,,,,"コウセイ",0
2098,8110001040241,01,0,2026-07-06,2026-07-06,"一正蒲鉾分割準備株式会社",,301,"新潟県","新潟市東区","津島屋７丁目７７番地",,15,102,9500801,,,,,,,2026-07-06,1,,,,,"イチマサカマボコブンカツジュンビ",0
2099,8120001161350,12,0,2026-07-06,2026-06-23,"マガンダ株式会社",,301,"大阪府","大阪市東淀川区","西淡路４丁目１５番２３号",,27,114,5330031,,,,,,,2015-10-05,1,,,,,"マガンダ",0
2100,8120001179756,12,0,2026-07-06,2026-07-01,"株式会社ＳＯＬ",,301,"大阪府","大阪市西成区","旭３丁目４－１４－２階",,27,122,5570032,,,,,,,2015-10-05,1,,,,,"ソル",0
2101,8120001220354,12,0,2026-07-06,2026-07-01,"プラスハウス株式会社",,301,"大阪府","大阪市都島区","大東町２丁目１７番２４号",,27,102,5340002,,,,,,,2019-04-16,1,,,,,"プラスハウス",0
2102,8120001238974,12,0,2026-07-06,2026-06-30,"株式会社アンディアモ",,301,"大阪府","吹田市","金田町２４番１０号ＫＳコート江坂東２０２",,27,205,5640045,,,,,,,2021-07-13,1,,,,,"アンディアモ",0
2103,8120001245995,12,0,2026-07-06,2026-07-02,"株式会社アクションプラン",,301,"大阪府","松原市","天美西２丁目１番２０－２１１号",,27,217,5800034,,,,,,,2022-05-24,1,,,,,"アクションプラン",0
2104,8120001255581,21,0,2026-07-06,2026-07-02,"小森株式会社",,301,"大阪府","大阪市東成区","中道２丁目１番１６号天守閣名邸ＯｓａｋａＣａｓｔｌｅ２０２号",,27,115,5370025,,,2026-07-02,01,,,2023-06-13,1,,,,,"コモリ",0
2105,8120001277312,21,0,2026-07-06,2026-07-01,"旭沃株式会社",,301,"大阪府","大阪市東成区","大今里３丁目１５番６号ＩｍａｚａｔｏＴｏｗｅｒ５１０Ｃ",,27,115,5370012,,,2026-07-01,01,,,2025-06-27,1,,,,,"キョクヨク",0
2106,8120001287492,01,0,2026-07-06,2026-07-06,"株式会社プロＨＤ",,301,"大阪府","大阪市北区","堂島２丁目４番４号ブリリアタワー堂島１４０６号",,27,127,5300003,,,,,,,2026-07-06,1,,,,,"プロホールディングス",0
2107,8120001287518,01,0,2026-07-06,2026-07-06,"株式会社ＶＩＴＡ",,301,"大阪府","大阪市福島区","大開１丁目１３番３５号３階",,27,103,5530007,,,,,,,2026-07-06,1,,,,,"ヴィータ",0
2108,8120001287542,01,0,2026-07-06,2026-07-06,"株式会社ロマンテイル",,301,"大阪府","大阪市住吉区","苅田７丁目３番１０号",,27,120,5580011,,,,,,,2026-07-06,1,,,,,"ロマンテイル",0
2109,8120001287583,01,0,2026-07-06,2026-07-06,"株式会社Ａｎｄ　Ｏｎｅ",,301,"大阪府","大阪市東淀川区","豊新１丁目１９番４－３０４号",,27,114,5330014,,,,,,,2026-07-06,1,,,,,"アンドワン",0
2110,8120001287609,01,0,2026-07-06,2026-07-06,"株式会社ルヴェール",,301,"大阪府","大阪市北区","曾根崎新地１丁目１番１６号クリスタルコートビル４階",,27,127,5300002,,,,,,,2026-07-06,1,,,,,"ルヴェール",0
2111,8120001287617,01,0,2026-07-06,2026-07-06,"株式会社ＮＥＳＴａ",,301,"大阪府","大阪市鶴見区","今津中１丁目１０番１９号大都ハイツ５０２",,27,124,5380042,,,,,,,2026-07-06,1,,,,,"ネスタ",0
2112,8120002004913,01,1,2026-07-06,2015-10-05,"都地所有限会社",,302,"大阪府","大阪市都島区","都島本通３丁目２２番１号",,27,102,5340021,,,,,,,2015-10-05,1,,,,,"ミヤコジショ",0
2113,8120003008491,12,0,2026-07-06,2026-07-01,"ビーマス・ジャパン合同会社",,305,"大阪府","大阪市北区","茶屋町１６番１号Ｈ１Ｏ梅田茶屋町５０６号室",,27,127,5300013,,,,,,,2015-10-05,1,,,,,"ビーマスジャパン",0
2114,8120003018152,12,0,2026-07-06,2026-06-19,"合同会社ロミック",,305,"宮崎県","宮崎市","吉村町南田甲１０６２番地アステル・カロン２０１号",,45,201,8800841,,,,,,,2020-09-25,1,,,,,"ロミック",0
2115,8120003032954,01,0,2026-07-06,2026-07-06,"合同会社Ｎｏｒｔｈ　Ｌｉｎｋ",,305,"大阪府","大阪市西区","九条１丁目１２番７号３０２号室",,27,106,5500027,,,,,,,2026-07-06,1,,,,,"ノースリンク",0
2116,8120005014785,12,0,2026-07-06,2026-07-02,"一般社団法人日本脊髄外科学会",,399,"東京都","中央区","新川１丁目２８番２３号東京ダイヤビルディング５号館９階",,13,102,1040033,,,,,,,2015-10-05,1,,,,,"ニホンセキズイゲカガッカイ",0
2117,8120101039307,01,1,2026-07-06,2015-10-05,"株式会社フィールド",,301,"大阪府","岸和田市","流木町１７３番地",,27,202,5960835,,,,,,,2015-10-05,1,,,,,"フィールド",0
2118,8120101073982,01,0,2026-07-06,2026-07-06,"アンシャカ株式会社",,301,"大阪府","堺市北区","野遠町１５番地５",,27,146,5918013,,,,,,,2026-07-06,1,,,,,"アンシャカ",0
2119,8120901049091,12,0,2026-07-06,2026-07-01,"株式会社スイング",,301,"大阪府","大阪市淀川区","宮原１丁目１番１号新大阪阪急ビル３階",,27,123,5320003,,,,,,,2024-05-01,1,,,,,"スイング",0
2120,8122001016963,11,0,2026-07-06,2026-07-01,"株式会社ＴＲＡＸＩＯＮ",,301,"大阪府","大東市","深野３丁目２６番３号",,27,218,5740072,,,,,,,2015-10-05,1,,,,,"トラクション",0
2121,8130001019622,71,0,2026-07-06,2026-07-01,"株式会社希倫館",,301,"京都府","京都市右京区","西院六反田町１５番地デ・リード西京極パークフロント８０６号",,26,108,6150047,,,,,,"令和８年７月１日京都市中京区烏丸通錦小路上ル手洗水町６５９烏丸中央ビル９Ｆ株式会社コスモスリンク（2130001027671）を合併",2015-10-05,1,,,,,"キリンカン",0
2122,8130001082604,01,0,2026-07-06,2026-07-06,"株式会社Ａ＆Ｒ",,301,"京都府","京都市右京区","山ノ内宮前町２２番地",,26,108,6150093,,,,,,,2026-07-06,1,,,,,"エーアンドアール",0
2123,8130002001851,12,0,2026-07-06,2026-06-18,"有限会社ワードラン",,302,"京都府","亀岡市","千代川町千原安田３番地",,26,206,6210052,,,,,,,2015-10-05,1,,,,,"ワードラン",0
2124,8130002018160,12,0,2026-07-06,2026-06-18,"有限会社寛寿庵",,302,"京都府","京都市北区","紫野下若草町３０番地２",,26,101,6038234,,,,,,,2015-10-05,1,,,,,"カンジュアン",0
2125,8140001119982,01,1,2026-07-06,2021-01-08,"株式会社七翔",,301,"兵庫県","尼崎市","杭瀬本町２丁目５番３号",,28,202,6600814,,,,,,,2021-01-08,0,,,,,,0
2126,8140001119982,12,1,2026-07-06,2023-10-12,"株式会社七翔",,301,"兵庫県","尼崎市","神田中通９丁目２９３番地",,28,202,6600884,,,,,,,2021-01-08,0,,,,,,0
2127,8140001119982,21,0,2026-07-06,2026-07-02,"株式会社七翔",,301,"兵庫県","尼崎市","神田中通９丁目２９３番地",,28,202,6600884,,,2026-07-02,01,,,2021-01-08,1,,,,,,0
2128,8140001143306,01,0,2026-07-06,2026-07-06,"株式会社ＡＮＳ",,301,"兵庫県","神戸市灘区","桜口町５丁目１－１ウェルブ六甲道５番街１番館２０８",,28,102,6570036,,,,,,,2026-07-06,1,,,,,"アンズ",0
2129,8140003023811,01,0,2026-07-06,2026-07-06,"Ｅａｓｔ　Ｒｉｖｅｒ３１合同会社",,305,"兵庫県","尼崎市","名神町３丁目１０番２５号",,28,202,6610021,,,,,,,2026-07-06,1,,,,,"イーストリバーサンジュウイチ",0
2130,8140003023828,01,0,2026-07-06,2026-07-06,"一福管財合同会社",,305,"兵庫県","神戸市東灘区","向洋町中３丁目２番地５、１８２０号",,28,101,6580032,,,,,,,2026-07-06,1,,,,,"イチフクカンザイ",0
2131,8140005017778,01,1,2026-07-06,2015-10-05,"福恵寺",,399,"兵庫県","小野市","福住町７９番地の１",,28,218,6751309,,,,,,,2015-10-05,1,,,,,"フクエイジ",0
2132,8150001021213,21,0,2026-07-06,2026-07-01,"株式会社美カインド",,301,"京都府","相楽郡精華町","大字祝園小字長塚１８番地２",,26,366,6190241,,,2026-07-01,11,1150001017457,"令和８年７月１日京都府木津川市城山台一丁目２８番地１株式会社カインドライフ（1150001017457）に合併し解散",2017-01-12,1,,,,,"ビカインド",0
2133,8150001029082,01,0,2026-07-06,2026-07-06,"株式会社ケセライノベーション",,301,"奈良県","葛城市","新在家７３１番地１",,29,211,6390272,,,,,,,2026-07-06,1,,,,,"ケセライノベーション",0
2134,8160001000851,01,1,2026-07-06,2015-10-05,"株式会社サニー商事",,301,"滋賀県","大津市","本宮１丁目３番３９号",,25,201,5200804,,,,,,,2015-10-05,1,,,,,"サニー",0
2135,8160001027762,01,0,2026-07-06,2026-07-06,"Ｅａｓｔ　Ｄｏｇｓ　Ｏｎｌｉｎｅ株式会社",,301,"滋賀県","近江八幡市","野田町１６２番地",,25,204,5230002,,,,,,,2026-07-06,1,,,,,"イーストドッグスオンライン",0
2136,8160003003852,01,0,2026-07-06,2026-07-06,"合同会社小嶋農園",,305,"滋賀県","東近江市","大中町２１番地",,25,213,5211244,,,,,,,2026-07-06,1,,,,,"コジマノウエン",0
2137,8170002011112,01,1,2026-07-06,2015-10-05,"有限会社第一企画",,302,"和歌山県","新宮市","あけぼの４番２２号",,30,207,6470025,,,,,,,2015-10-05,1,,,,,"ダイイチキカク",0
2138,8180001060365,01,1,2026-07-06,2015-10-05,"株式会社イノベル",,301,"愛知県","名古屋市中区","上前津２丁目６番６号",,23,106,4600013,,,,,,,2015-10-05,0,,,,,,0
2139,8180001060365,12,1,2026-07-06,2017-10-19,"株式会社イノベル",,301,"愛知県","名古屋市名東区","一社１丁目７９番地第六名昭ビル３階",,23,115,4650093,,,,,,,2015-10-05,1,,,,,,0
2140,8180001125663,01,1,2026-07-06,2016-11-28,"株式会社ビーエイト",,301,"愛知県","小牧市","小木１丁目４０番地",,23,219,4850058,,,,,,,2016-11-28,1,,,,,"ビーエイト",0
2141,8180001128682,12,0,2026-07-06,2026-07-01,"丹羽ハウジング株式会社",,301,"愛知県","名古屋市中村区","八社１丁目２２２番地",,23,105,4530863,,,,,,,2017-07-24,1,,,,,"ニワハウジング",0
2142,8180001132536,01,1,2026-07-06,2018-06-07,"株式会社東海中央建設",,301,"愛知県","豊明市","西川町笹原１０番地２キャッスル丸の内１Ｅ",,23,229,4701123,,,,,,,2018-06-07,0,,,,,,0
2143,8180001132536,12,1,2026-07-06,2018-09-19,"株式会社東海中央建設",,301,"愛知県","豊明市","二村台２丁目１７番地８プラザ二村台１－Ｅ",,23,229,4701131,,,,,,,2018-06-07,1,,,,,,0
2144,8180001149068,12,0,2026-07-06,2026-06-10,"３リングス株式会社",,301,"東京都","港区","六本木３丁目１６番１２号六本木ＫＳビル５Ｆ",,13,103,1060032,,,,,,,2021-12-09,1,,,,,"スリーリングス",0
2145,8180001151197,12,0,2026-07-06,2026-06-19,"株式会社クオリテム",,301,"愛知県","名古屋市中川区","荒中町２２５番地",,23,110,4540922,,,,,,,2022-05-11,1,,,,,"クオリテム",0
2146,8180002086129,01,1,2026-07-06,2015-10-05,"有限会社竹春",,302,"愛知県","常滑市","鯉江本町１丁目１１５番地",,23,216,4790838,,,,,,,2015-10-05,1,,,,,"チクシュン",0
2147,8180003000815,21,0,2026-07-06,2026-06-30,"合資会社豊美電気商会",,304,"愛知県","名古屋市昭和区","曙町２丁目６番地",00073702,23,107,4660003,,,2026-06-30,01,,,2015-10-05,1,,,,,"トヨミデンキショウカイ",0
2148,8180003023849,12,0,2026-07-06,2026-06-30,"合同会社アメノシラハ",,305,"東京都","清瀬市","竹丘２丁目２‐３８清瀬パークハウス７０１",,13,221,2040023,,,,,,,2022-05-23,1,,,,,"アメノシラハ",0
2149,8180003030465,01,0,2026-07-06,2026-07-06,"Ｐ．Ｍ．Ｅ合同会社",,305,"愛知県","名古屋市天白区","焼山２丁目１５２６番地",,23,116,4680002,,,,,,,2026-07-06,1,,,,,"ピーエムイー",0
2150,8180005019473,12,0,2026-07-06,2026-06-30,"特定非営利活動法人えんむすび",,399,"愛知県","名古屋市北区","大曽根１丁目１６番１７号",,23,103,4620825,,,,,,,2021-10-11,1,,,,,"エンムスビ",0
2151,8180305004241,01,1,2026-07-06,2015-10-05,"長存寺",,399,"愛知県","蒲郡市","上本町４番５号",,23,214,4430058,,,,,,,2015-10-05,1,,,,,"チョウゾンジ",0
2152,8200002018723,01,1,2026-07-06,2015-10-05,"有限会社サカイ食器",,302,"岐阜県","関市","桜台３丁目１２番５号",,21,205,5013931,,,,,,,2015-10-05,0,,,,,"サカイショッキ",0
2153,8200002018723,12,1,2026-07-06,2026-06-29,"有限会社サカイ食器",,302,"岐阜県","岐阜市","水海道１丁目１番２号",,21,201,5008223,,,,,,,2015-10-05,1,,,,,"サカイショッキ",0
2154,8200002019713,11,0,2026-07-06,2026-06-26,"株式会社システムエムピィ",,301,"岐阜県","美濃市","極楽寺２７８",,21,207,5013763,,,,,,,2015-10-05,1,,,,,"システムエムピィ",0
2155,8210001020464,01,1,2026-07-06,2026-01-16,"株式会社きりん薬局",,301,"福井県","福井市","春日３丁目２０３番地４４",,18,201,9188108,,,,,,,2026-01-16,1,,,,,,0
2156,8210005001840,01,1,2026-07-06,2015-10-05,"白山神社",,399,"福井県","福井市","御油町１３号５９番地",,18,201,9103617,,,,,,,2015-10-05,1,,,,,"ハクサンジンジャ",0
2157,8220001027467,01,0,2026-07-06,2026-07-06,"株式会社モーメント",,301,"石川県","金沢市","長田２丁目２４番３３号",,17,201,9200043,,,,,,,2026-07-06,1,,,,,"モーメント",0
2158,8230001019439,12,0,2026-07-06,2026-07-01,"アセットプラス株式会社",,301,"富山県","氷見市","鞍川１３７８番地",,16,205,9350025,,,,,,,2022-07-06,1,,,,,"アセットプラス",0
2159,8230001020462,12,0,2026-07-06,2026-07-01,"とやまアリーナコンセッション株式会社",,301,"富山県","富山市","湊入船町１２番１号",,16,201,9300805,,,,,,,2024-07-31,1,,,,,"トヤマアリーナコンセッション",0
2160,8240001066744,01,0,2026-07-06,2026-07-06,"ＮＯＤＥ株式会社",,301,"広島県","福山市","三吉町４丁目１番４０号積和ビル２階",,34,207,7200031,,,,,,,2026-07-06,1,,,,,"ノード",0
2161,8240001066752,01,0,2026-07-06,2026-07-06,"株式会社ＭＴＢ　ｔｒａｎｓｐｏｒｔ",,301,"広島県","広島市南区","宇品西１丁目７番１８－１０２号",,34,103,7340014,,,,,,,2026-07-06,1,,,,,"エムティービートランスポート",0
2162,8250001001642,12,0,2026-07-06,2026-07-02,"アサ新山口株式会社",,301,"山口県","山口市","小郡柳井田１丁目２番１９号",,35,203,7540077,,,,,,,2015-10-05,1,,,,,"アサシンヤマグチ",0
2163,8250005007181,01,1,2026-07-06,2015-10-05,"西光寺",,399,"山口県","大島郡周防大島町","大字外入１５６６番地",,35,305,7422924,,,,,,,2015-10-05,1,,,,,"サイコウジ",0
2164,8290001021752,11,0,2026-07-06,2026-07-01,"株式会社ＵＭリアルエステート",,301,"福岡県","福岡市博多区","博多駅前２丁目１２番９号",,40,132,8120011,,,,,,,2015-10-05,1,,,,,,0
2165,8290001060858,01,1,2026-07-06,2015-10-05,"株式会社にた",,301,"福岡県","福岡市早良区","有田３丁目９番２０号",,40,137,8140033,,,,,,,2015-10-05,1,,,,,"ニタ",0
2166,8290001063068,21,0,2026-07-06,2026-06-25,"株式会社ていねい",,301,"福岡県","飯塚市","堀池１番地１１",,40,205,8200070,,,2026-06-25,01,,,2015-10-05,1,,,,,"テイネイ",0
2167,8290001110976,12,0,2026-07-06,2026-06-19,"株式会社ＬＩＶＥＮＴ",,301,"福岡県","朝倉郡筑前町","朝日７５４番地１２",,40,447,8380227,,,,,,,2025-08-15,1,,,,,"リベント",0
2168,8290003006231,12,0,2026-07-06,2026-06-25,"合同会社Ｋ－ＦＬＯＷ",,305,"福岡県","大野城市","平野台４丁目２７番７号",,40,219,8160972,,,,,,,2016-01-07,1,,,,,"ケーフロー",0
2169,8290003018648,01,0,2026-07-06,2026-07-06,"合同会社ＡＳＡＰ　ＴＨＯＭＡＳ",,305,"福岡県","福岡市中央区","天神２丁目２番１２号Ｔ＆Ｊビルディング７Ｆ",,40,133,8100001,,,,,,,2026-07-06,1,,,,,"エーサップトーマス",0
2170,8290005003326,01,1,2026-07-06,2015-10-05,"税理士法人ＴＩＣ",,399,"福岡県","福岡市中央区","天神２丁目１２番１号",,40,133,8100001,,,,,,,2015-10-05,1,,,,,"ティーアイシー",0
2171,8290005012252,01,1,2026-07-06,2015-10-05,"社会福祉法人白銀園",,399,"福岡県","大牟田市","大字白銀９６７番地の２９",,40,202,8370912,,,,,,,2015-10-05,1,,,,,"シラガネエン",0
2172,8290801017512,01,1,2026-07-06,2015-10-05,"株式会社未来都市コンサルタント",,301,"福岡県","北九州市八幡西区","町上津役東１丁目１１番４１号",,40,109,8070073,,,,,,,2015-10-05,1,,,,,"ミライトシコンサルタント",0
2173,8290801030044,21,0,2026-07-06,2026-06-24,"パワーソリューション株式会社",,301,"福岡県","北九州市八幡西区","陣原３丁目２６番７号",,40,109,8070821,,,2026-06-24,01,,,2023-11-14,1,,,,,"パワーソリューション",0
2174,8300001014663,01,0,2026-07-06,2026-07-06,"株式会社ＨＯＰＥ",,301,"佐賀県","佐賀市","兵庫南４丁目１番３１号",,41,201,8490918,,,,,,,2026-07-06,1,,,,,"ホープ",0
2175,8310002011601,11,0,2026-07-06,2026-07-01,"株式会社まさるフーズ",,301,"長崎県","佐世保市","大塔町８番地２",,42,202,8571161,,,,,,,2015-10-05,1,,,,,"マサルフーズ",0
2176,8310003005081,12,0,2026-07-06,2026-06-30,"ＭＯＶＥ合同会社",,305,"長崎県","壱岐市","芦辺町諸吉大石触辻６８９番地１",00144188,42,210,8115316,,,,,,,2025-09-05,1,,,,,"ムーブ",0
2177,8310005004420,01,1,2026-07-06,2015-10-05,"社会福祉法人法性福祉会",,399,"長崎県","雲仙市","吾妻町大木場名３８番地５",,42,213,8591106,,,,,,,2015-10-05,1,,,,,"ホッショウフクシカイ",0
2178,8310005007935,21,0,2026-07-06,2026-06-30,"特定非営利活動法人和装文化研究会",,399,"長崎県","長崎市","春木町９番１７号",,42,201,8528015,,,2026-06-30,01,,,2016-03-23,1,,,,,"ワソウブンカケンキュウカイ",0
2179,8330001003894,01,1,2026-07-06,2015-10-05,"肥後地質調査株式会社",,301,"熊本県","熊本市東区","戸島西１丁目１８番２５号",,43,102,8618043,,,,,,,2015-10-05,1,,,,,,0
2180,8330001007466,01,1,2026-07-06,2015-10-05,"株式会社ＨＤ住設",,301,"熊本県","熊本市南区","護藤町３５０６番地２",,43,104,8614117,,,,,,,2015-10-05,0,,,,,"エイチディージュウセツ",0
2181,8330001007466,12,1,2026-07-06,2023-04-18,"株式会社ＨＤ住設",,301,"熊本県","熊本市南区","砂原町５４７番地",,43,104,8615255,,,,,,,2015-10-05,1,,,,,"エイチディージュウセツ",0
2182,8330003011648,01,0,2026-07-06,2026-07-06,"合同会社Ｅｎ＆Ｏｎ",,305,"熊本県","熊本市西区","出町４番４０－９０１号",,43,103,8600074,,,,,,,2026-07-06,1,,,,,"エンアンドオン",0
2183,8340001028271,01,0,2026-07-06,2026-07-06,"株式会社ＭＣＤ工務店",,301,"鹿児島県","鹿児島市","荒田１丁目２２番８号サンハイツ中洲通り１００３号",,46,201,8900054,,,,,,,2026-07-06,1,,,,,"エムシーディーコウムテン",0
2184,8340001028288,01,0,2026-07-06,2026-07-06,"株式会社縁",,301,"鹿児島県","指宿市","開聞十町４８３３番地４",,46,210,8910603,,,,,,,2026-07-06,1,,,,,"エン",0
2185,8340005009994,01,0,2026-07-06,2026-07-06,"一般社団法人本格焼酎協議会",,399,"鹿児島県","鹿児島市","錦江町８番１５号",,46,201,8920836,,,,,,,2026-07-06,1,,,,,"ホンカクショウチュウキョウギカイ",0
2186,8350001016845,12,0,2026-07-06,2026-06-29,"株式会社ＳＡＺＡＮＫＡ　ＦＡＲＭ",,301,"宮崎県","宮崎市","田野町甲２７４１番地６",,45,201,8891701,,,,,,,2021-01-14,1,,,,,"サザンカファーム",0
2187,8350001020161,01,0,2026-07-06,2026-07-06,"株式会社星テラス",,301,"宮崎県","宮崎市","大字郡司分丙９７６４番地１ヴィラコートＪ３（Ｗｅｓｔ）１０５号",,45,201,8800924,,,,,,,2026-07-06,1,,,,,"ホシテラス",0
2188,8360001004709,01,1,2026-07-06,2015-10-05,"新星出版株式会社",,301,"沖縄県","那覇市","港町２丁目１６番１号",,47,201,9000001,,,,,,,2015-10-05,1,,,,,,0
2189,8360005004052,01,1,2026-07-06,2015-10-05,"ＮＰＯ法人ナハ・シー・パラダイス協議会",,399,"沖縄県","那覇市","通堂町２番１号那覇ふ頭船客待合所１Ｆ",,47,201,9000035,,,,,,,2015-10-05,0,,,,,,0
2190,8360005004052,12,1,2026-07-06,2016-08-26,"ＮＰＯ法人ナハ・シー・パラダイス協議会",,399,"沖縄県","那覇市","西１丁目１９番１号",,47,201,9000036,,,,,,,2015-10-05,1,,,,,,0
2191,8370002011125,12,0,2026-07-06,2026-06-24,"有限会社デービッツ",,302,"宮城県","刈田郡蔵王町","遠刈田温泉字新地西裏山３６－８５",,04,301,9890916,,,,,,,2015-10-05,0,,,,,"デービッツ",0
2192,8370002011125,11,0,2026-07-06,2026-06-24,"有限会社ＢＩＤＬＹ",,302,"宮城県","刈田郡蔵王町","遠刈田温泉字新地西裏山３６－８５",,04,301,9890916,,,,,,,2015-10-05,1,,,,,"ビッドリィ",0
2193,8370002014672,21,0,2026-07-06,2026-06-24,"有限会社リーテック",,302,"宮城県","仙台市太白区","土手内１丁目６番１３号",,04,104,9820026,,,2026-06-24,01,,,2015-10-05,1,,,,,"リーテック",0
2194,8370103000753,01,1,2026-07-06,2015-10-05,"合同会社ＳＴＳ管理サービス",,305,"宮城県","刈田郡蔵王町","遠刈田温泉字小妻坂７８番地５６",,04,301,9890916,,,,,,,2015-10-05,1,,,,,"エスティーエスカンリサービス",0
2195,8370202003616,01,1,2026-07-06,2015-10-05,"有限会社あかざわ",,302,"宮城県","加美郡加美町","字岡町１３番地の１",,04,445,9814255,,,,,,,2015-10-05,1,,,,,"アカザワ",0
2196,8380001017510,11,0,2026-07-06,2026-07-02,"株式会社天恵苑ホールディングス",,301,"福島県","会津若松市","亀賀１丁目２番地の２",,07,202,9650028,,,,,,,2015-10-05,1,,,,,"テンケイエンホールディングス",0
2197,8390001018425,01,0,2026-07-06,2026-07-06,"カモメカンパニー株式会社",,301,"山形県","酒田市","入船町２番３８号",,06,204,9980836,,,,,,,2026-07-06,1,,,,,"カモメカンパニー",0
2198,8390005002788,12,0,2026-07-06,2026-07-02,"特定非営利活動法人日本腎泌尿器疾患研究ネットワーク",,399,"新潟県","新潟市中央区","旭町通１番町７５７番地",,15,103,9518122,,,,,,,2015-10-05,1,,,,,"ニホンジンヒニョウキシッカンケンキュウネットワーク",0
2199,8400002012383,21,0,2026-07-06,2026-06-16,"有限会社田村フレーミング",,302,"岩手県","二戸郡一戸町","鳥越字竹林１７番地",,03,524,0285313,,,2026-06-16,01,,,2015-10-05,1,,,,,"タムラフレーミング",0
2200,8420001019584,01,0,2026-07-06,2026-07-06,"株式会社ＰＩＣＫ　ＵＰ",,301,"青森県","青森市","造道２丁目６番１号",,02,201,0300911,,,,,,,2026-07-06,1,,,,,"ピックアップ",0
2201,8420005002512,01,1,2026-07-06,2015-10-05,"社会福祉法人八陽会",,399,"青森県","八戸市","大字十日市字黒坂３５番地",,02,203,0310012,,,,,,,2015-10-05,1,,,,,"ハチヨウカイ",0
2202,8430001000287,21,0,2026-07-06,2026-06-29,"株式会社青山興産",,301,"北海道","札幌市白石区","平和通１丁目南１番１２号",,01,104,0030028,,,2026-06-29,01,,,2015-10-05,1,,,,,"アオヤマコウサン",0
2203,8430001031919,01,1,2026-07-06,2015-10-05,"株式会社北海道環境バイオセクター",,301,"北海道","札幌市中央区","南一条西１９丁目２９１番５０",,01,101,0600061,,,,,,,2015-10-05,1,,,,,"ホッカイドウカンキョウバイオセクター",0
2204,8430001036075,01,1,2026-07-06,2015-10-05,"株式会社北の豆源郷",,301,"北海道","札幌市清田区","平岡二条１丁目１番１号",,01,110,0040872,,,,,,,2015-10-05,1,,,,,"キタノトウゲンキョウ",0
2205,8430001036463,12,0,2026-07-06,2026-06-29,"平清商事株式会社",,301,"北海道","札幌市白石区","東札幌四条５丁目３番１２－２１５号",,01,104,0030004,,,,,,,2015-10-05,1,,,,,"ヘイセイショウジ",0
2206,8430001097175,01,0,2026-07-06,2026-07-06,"ｎｅｗｍｏ北海道株式会社",,301,"北海道","札幌市中央区","北二条西３丁目１番２号ＴＨＥ　ＶＩＬＬＡＧＥ　ＳＡＰＰＯＲＯ２Ｆ",,01,101,0600002,,,,,,,2026-07-06,1,,,,,"ニューモホッカイドウ",0
2207,8430001097200,01,0,2026-07-06,2026-07-06,"株式会社Ｎｉｓｅｋｏ　Ｋｉｔｃｈｅｎ",,301,"北海道","虻田郡倶知安町","北五条東３丁目１番地４９",,01,400,0440005,,,,,,,2026-07-06,1,,,,,"ニセコキッチン",0
2208,8430001097217,01,0,2026-07-06,2026-07-06,"株式会社メディリタ",,301,"北海道","札幌市中央区","南三条西１２丁目３２５番地９ＳＡＫＵＲＡ　Ｗ１２ビル",,01,101,0600063,,,,,,,2026-07-06,1,,,,,"メディリタ",0
2209,8430002029680,01,1,2026-07-06,2015-10-05,"有限会社藤澤不動産鑑定事務所",,302,"北海道","札幌市中央区","南三条東２丁目１０番地１リビオ大通１０１号",,01,101,0600053,,,,,,,2015-10-05,1,,,,,"フジサワフドウサンカンテイジムショ",0
2210,8430003019128,01,0,2026-07-06,2026-07-06,"合同会社いとなみ",,305,"北海道","札幌市中央区","北二条西２３丁目１番２８－５０１号",,01,101,0640822,,,,,,,2026-07-06,1,,,,,"イトナミ",0
2211,8430003019144,01,0,2026-07-06,2026-07-06,"合同会社松野電気",,305,"北海道","札幌市西区","八軒六条東３丁目８番４－２０３号",,01,107,0630866,,,,,,,2026-07-06,1,,,,,"マツノデンキ",0
2212,8450001014995,01,0,2026-07-06,2026-07-06,"株式会社ボウ",,301,"北海道","旭川市","神居三条４丁目１番２号",,01,204,0708013,,,,,,,2026-07-06,1,,,,,"ボウ",0
2213,8450002010738,01,1,2026-07-06,2015-10-05,"有限会社山田砂利工業",,302,"北海道","枝幸郡浜頓別町","字頓別",,01,512,0985701,,,,,,,2015-10-05,1,,,,,"ヤマダジャリコウギョウ",0
2214,8460101000523,01,1,2026-07-06,2015-10-05,"株式会社香栄寝装",,301,"北海道","河東郡音更町","木野大通西８丁目１番地",,01,631,0800301,,,,,,,2015-10-05,1,,,,,"コウエイシンソウ",0
2215,8470001012898,01,1,2026-07-06,2015-10-05,"株式会社プラニング・Ｋ",,301,"香川県","高松市","亀田町１２３番地１",,37,201,7610323,,,,,,,2015-10-05,1,,,,,"プラニングケイ",0
2216,8470003003152,01,0,2026-07-06,2026-07-06,"合同会社Ｙｎｏエステート",,305,"香川県","東かがわ市","南野字畑方１０８番地",,37,207,7692903,,,,,,,2026-07-06,1,,,,,"ワイノエステート",0
2217,8470005006104,01,1,2026-07-06,2018-06-28,"川古第一農事實行組合",,399,"香川県","丸亀市","土器町",,37,202,,,,,,,,2018-06-28,0,,,,,"カワゴダイイチノウジ",1
2218,8470005006104,21,1,2026-07-06,2024-01-10,"川古第一農事實行組合",,399,"香川県","丸亀市","土器町",,37,202,,,,2024-01-10,21,,,2018-06-28,0,,,,,"カワゴダイイチノウジ",1
2219,8470005006104,22,1,2026-07-06,2026-06-24,"川古第一農事實行組合",,399,"香川県","丸亀市","土器町",,37,202,,,,,,,,2018-06-28,1,,,,,"カワゴダイイチノウジ",1
2220,8490002012516,01,1,2026-07-06,2015-10-05,"有限会社レイホクメディカルサービス",,302,"高知県","土佐郡土佐町","田井１３７２番地",,39,363,7813521,,,,,,,2015-10-05,1,,,,,"レイホクメデイカルサービス",0
2221,8500001011203,71,0,2026-07-06,2026-07-01,"株式会社ホンダカーズ愛媛北",,301,"愛媛県","松山市","土居田町７４０番地２",,38,201,7900056,,,,,,"令和８年７月１日愛媛県西条市丹原町久妙寺６１９番地５株式会社渡部自動車（2500001009426）を合併",2015-10-05,1,,,,,"ホンダカーズエヒメキタ",0
2222,8500002017843,01,1,2026-07-06,2015-10-05,"有限会社エイワイモード",,302,"愛媛県","今治市","国分３丁目１０番１５号",,38,202,7991533,,,,,,,2015-10-05,1,,,,,"エイワイモード",0
2223,9010001048830,12,0,2026-07-06,2026-06-11,"エコテック株式会社",,301,"東京都","中央区","日本橋蛎殻町１丁目２６番６号第２こまビル３階",,13,102,1030014,,,,,,,2015-10-05,1,,,,,"エコテック",0
2224,9010001065900,12,0,2026-07-06,2026-07-02,"株式会社ビジネスキャリアマネジメント",,301,"東京都","台東区","上野３丁目１６番２号５０２号室",,13,106,1100005,,,,,,,2015-10-05,1,,,,,"ビジネスキャリアマネジメント",0
2225,9010001080528,01,1,2026-07-06,2015-10-05,"株式会社リソース・インターナショナル",,301,"東京都","文京区","西片１丁目１７番８号",,13,105,1130024,,,,,,,2015-10-05,1,,,,,,0
2226,9010001081451,12,0,2026-07-06,2026-06-12,"株式会社ワイケイワイ",,301,"東京都","千代田区","神田淡路町２丁目４番地",,13,101,1010063,,,,,,,2015-10-05,1,,,,,"ワイケイワイ",0
2227,9010001102538,01,1,2026-07-06,2015-10-05,"ルルド株式会社",,301,"東京都","中央区","銀座６丁目６番１号銀座風月堂ビル５Ｆ",,13,102,1040061,,,,,,,2015-10-05,1,,,,,"ルルド",0
2228,9010001110169,01,1,2026-07-06,2015-10-05,"株式会社エステック",,301,"東京都","台東区","根岸１丁目３番２１号",,13,106,1100003,,,,,,,2015-10-05,1,,,,,"エステック",0
2229,9010001170460,01,1,2026-07-06,2015-10-05,"Ｄ＆ＴＧｒｏｕｐ株式会社",,301,"東京都","千代田区","内神田１丁目１１番１０号",,13,101,1010047,,,,,,,2015-10-05,0,,,,,,0
2230,9010001170460,11,1,2026-07-06,2017-06-12,"リッチシーフジアン株式会社",,301,"東京都","千代田区","内神田１丁目１１番１０号",,13,101,1010047,,,,,,,2015-10-05,0,,,,,"リッチシーフジアン",0
2231,9010001170460,12,1,2026-07-06,2024-06-10,"リッチシーフジアン株式会社",,301,"東京都","中央区","日本橋小舟町９番３号日本橋相互ビル３０２号",,13,102,1030024,,,,,,,2015-10-05,1,,,,,"リッチシーフジアン",0
2232,9010001186416,12,0,2026-07-06,2026-07-02,"ＸＰＡＮＤ株式会社",,301,"東京都","中央区","銀座６丁目６番１号銀座風月堂ビル５階",,13,102,1040061,,,,,,,2017-09-22,1,"XPAND K.K.",,,,"エクスパンド",0
2233,9010001199459,21,0,2026-07-06,2026-06-15,"プロアクション株式会社",,301,"東京都","中央区","京橋２丁目１８番２号明海京橋ビル６Ｆ",,13,102,1040031,,,2026-06-15,01,,,2019-03-22,1,,,,,"プロアクション",0
2234,9010001230537,21,0,2026-07-06,2026-06-19,"株式会社いもや",,301,"東京都","中央区","銀座１丁目２７番１０号",,13,102,1040061,,,2026-06-19,01,,,2022-11-09,1,,,,,"イモヤ",0
2235,9010001266820,01,0,2026-07-06,2026-07-06,"株式会社ＴＨＲＩＦＴＹ",,301,"東京都","千代田区","神田和泉町１番地６－１６ヤマトビル４０５",,13,101,1010024,,,,,,,2026-07-06,1,,,,,"スリフティ",0
2236,9010001266911,01,0,2026-07-06,2026-07-06,"株式会社つむぎ共創会計社",,301,"東京都","中央区","銀座７丁目１３番２０号銀座ＴＨビル９階",,13,102,1040061,,,,,,,2026-07-06,1,,,,,"ツムギキョウソウカイケイシャ",0
2237,9010003030332,12,0,2026-07-06,2026-06-11,"合同会社ＩＮＳ－ａｃｃｏｕｎｔａｎｔｓ",,305,"東京都","千代田区","東神田３丁目２番５－１１０４号",,13,101,1010031,,,,,,,2019-08-02,1,,,,,"アイエヌエスアカウンタンツ",0
2238,9010003036305,21,0,2026-07-06,2026-06-30,"Ｈ１合同会社",,305,"山梨県","富士吉田市","上吉田４３０５番地の７",,19,202,4030005,,,2026-06-30,01,,,2021-11-17,1,,,,,"エイチワン",0
2239,9010003042939,12,0,2026-07-06,2026-06-18,"ｉプロパティ１５合同会社",,305,"東京都","千代田区","有楽町１丁目７番１号北館１３階スリーアイズキャピタル株式会社内",,13,101,1000006,,,,,,,2024-02-16,1,,,,,"アイプロパティフィフティーン",0
2240,9010003046353,12,0,2026-07-06,2026-06-18,"ｉプロパティ２０合同会社",,305,"東京都","千代田区","有楽町１丁目７番１号北館１３階スリーアイズキャピタル株式会社内",,13,101,1000006,,,,,,,2025-02-12,1,,,,,"アイプロパティトゥエンティ",0
2241,9010003047814,12,0,2026-07-06,2026-06-22,"Ｓｋｙｌｉｎｅ　Ｓｅｍｉｃｏｎｄｕｃｔｏｒ　Ｓｅｒｖｉｃｅｓ　Ｊａｐａｎ合同会社",,305,"東京都","中央区","日本橋兜町５－１兜町第一平和ビル３階",,13,102,1030026,,,,,,,2025-06-30,1,,,,,"スカイラインセミコンダクターサービシズジャパン",0
2242,9010003047946,12,0,2026-07-06,2026-06-18,"ｉプロパティ２３合同会社",,305,"東京都","千代田区","有楽町１丁目７番１号北館１３階スリーアイズキャピタル株式会社内",,13,101,1000006,,,,,,,2025-07-09,1,,,,,"アイプロパティトゥエンティスリー",0
2243,9010003051948,01,0,2026-07-06,2026-07-06,"安城ロジスティクス合同会社",,305,"東京都","中央区","日本橋１丁目４番１号",,13,102,1030027,,,,,,,2026-07-06,1,,,,,"アンジョウロジスティクス",0
2244,9010003051972,01,0,2026-07-06,2026-07-06,"合同会社鋸岳",,305,"東京都","千代田区","丸の内１丁目４番１号東京共同会計事務所内",,13,101,1000005,,,,,,,2026-07-06,1,,,,,"ノコギリダケ",0
2245,9010005032491,21,0,2026-07-06,2026-06-16,"ＬＡＭＢＤＡ一般社団法人",,399,"東京都","千代田区","丸の内１丁目４番１号東京共同会計事務所内",,13,101,1000005,,,2026-06-16,01,,,2020-11-04,1,,,,,"ラムダ",0
2246,9010101012802,21,0,2026-07-06,2026-06-11,"株式会社チョッパー",,301,"東京都","千代田区","神田佐久間町２丁目１８番地１秋葉原ＳＴＮフロント１０階",,13,101,1010025,,,2026-06-11,01,,,2017-04-19,1,,,,,"チョッパー",0
2247,9010401097279,12,0,2026-07-06,2026-06-12,"ｉｎＭｕｓｉｃ　Ｊａｐａｎ株式会社",,301,"東京都","港区","海岸１丁目２番２０号汐留ビルディング３階",,13,103,1050022,,,,,,,2015-10-05,1,,,,,"インミュージックジャパン",0
2248,9010401144452,12,0,2026-07-06,2026-06-15,"郵船出光グリーンソリューションズ株式会社",,301,"東京都","品川区","東品川２丁目３番１２号ＴｅｎｎｏｚｕＢａｙＴｏｗｅｒ１３階",,13,109,1400002,,,,,,,2019-03-18,1,,,,,"ユウセンイデミツグリーンソリューションズ",0
2249,9010401169053,12,0,2026-07-06,2026-06-15,"株式会社ＬＢＦ",,301,"東京都","港区","麻布台３丁目１－５麻布台日ノ樹ビル３０１",,13,103,1060041,,,,,,,2022-08-10,1,,,,,"エルビーエフ",0
2250,9010401178649,12,0,2026-07-06,2026-06-12,"Ｌｕｘｕｒｙ　Ｃａｐｉｔａｌ株式会社",,301,"東京都","港区","東麻布３丁目７番３号",,13,103,1060044,,,,,,,2023-11-22,1,,,,,"ラグジュアリーキャピタル",0
2251,9010401187170,21,0,2026-07-06,2026-06-18,"株式会社１２３４ａｂｃｄ　ｈｏｌｄｉｎｇｓ",,301,"東京都","港区","赤坂４丁目８番１９号",,13,103,1070052,,,2026-06-18,01,,,2024-12-23,1,,,,,"イチニーサンシエービーシーディーホールディングス",0
2252,9010401200057,01,0,2026-07-06,2026-07-06,"ＮＴＴサーキュラスト株式会社",,301,"東京都","港区","赤坂３丁目１７番３号",,13,103,1070052,,,,,,,2026-07-06,1,,,,,"エヌティティサーキュラスト",0
2253,9010401200115,01,0,2026-07-06,2026-07-06,"株式会社不及",,301,"東京都","港区","高輪３丁目２５番２９号Ａｖｅ．Ｔａｋａｎａｗａ５階",,13,103,1080074,,,,,,,2026-07-06,1,,,,,"ブキュウ",0
2254,9010402020958,01,1,2026-07-06,2015-10-05,"有限会社青山ジュウリーデザインスタジオ",,302,"東京都","港区","北青山１丁目４番４号帝国建物北青山ビル",,13,103,1070061,,,,,,,2015-10-05,0,,,,,"アオヤマジュウリーデザインスタジオ",0
2255,9010402020958,12,1,2026-07-06,2016-04-06,"有限会社青山ジュウリーデザインスタジオ",,302,"東京都","港区","南青山１丁目１５番１号みいでらビル６階",,13,103,1070062,,,,,,,2015-10-05,0,,,,,"アオヤマジュウリーデザインスタジオ",0
2256,9010402020958,12,1,2026-07-06,2020-02-04,"有限会社青山ジュウリーデザインスタジオ",,302,"東京都","港区","赤坂９丁目２番９号",,13,103,1070052,,,,,,,2015-10-05,1,,,,,"アオヤマジュウリーデザインスタジオ",0
2257,9010403038009,11,0,2026-07-06,2026-06-10,"株式会社ＦＬＥＸＩＩ　Ｊａｐａｎ",,301,"東京都","港区","南青山３丁目１番３６号青山丸竹ビル６階",,13,103,1070062,,,,,,,2026-05-12,1,,,,,"フレキシージャパン",0
2258,9010501033431,11,0,2026-07-06,2026-07-01,"ＮＴＴテレコン株式会社",,301,"東京都","台東区","雷門１丁目４番４号",,13,106,1110034,,,,,,,2015-10-05,1,,,,,"エヌティティテレコン",0
2259,9010501037548,01,1,2026-07-06,2015-10-05,"株式会社ＭＹインターナショナル",,301,"東京都","台東区","浅草橋４丁目１８番１０号",,13,106,1110053,,,,,,,2015-10-05,1,,,,,"マイインターナショナル",0
2260,9010501049535,01,1,2026-07-06,2022-10-25,"麦頌株式会社",,301,"東京都","台東区","松が谷２丁目１５番８号浅草Ｋ２ビル６０１号室",,13,106,1110036,,,,,,,2022-10-25,0,,,,,"ハクジュウ",0
2261,9010501049535,12,0,2026-07-06,2026-07-01,"麦頌株式会社",,301,"東京都","豊島区","南大塚１丁目６０番２０号天翔オフィス大塚Ｓ８０９号室",,13,116,1700005,,,,,,,2022-10-25,1,,,,,"ハクジュウ",0
2262,9010503008118,12,0,2026-07-06,2026-06-30,"嘉宝合同会社",,305,"東京都","台東区","台東４丁目６番５号御徒町グリーンプラザ３階３０４号室",,13,106,1100016,,,,,,,2025-12-15,1,,,,,"カホウ",0
2263,9010601022004,01,1,2026-07-06,2015-10-05,"株式会社白井商店",,301,"東京都","江東区","猿江１丁目１８番１６号",,13,108,1350003,,,,,,,2015-10-05,1,,,,,"シライショウテン",0
2264,9010601067981,11,0,2026-07-06,2026-06-29,"マーケティングストラテジー株式会社",,301,"東京都","江東区","亀戸５丁目３２番９号",,13,108,1360071,,,,,,,2025-09-17,1,,,,,"マーケティングストラテジー",0
2265,9010601069474,01,0,2026-07-06,2026-07-06,"ＳＴＡＹＮＯＶＡ株式会社",,301,"東京都","江東区","新大橋３丁目１１番１－８０３号",,13,108,1350007,,,,,,,2026-07-06,1,,,,,"ステイノヴァ",0
2266,9010601069482,01,0,2026-07-06,2026-07-06,"Ｓａｉｔｏ　Ｐｒｏｐｅｒｔｙ株式会社",,301,"東京都","墨田区","向島２丁目１９番１２－２０２号",,13,107,1310033,,,,,,,2026-07-06,1,,,,,"サイトウプロパティ",0
2267,9010602002368,01,1,2026-07-06,2015-10-05,"有限会社サンスター商会",,302,"東京都","江東区","亀戸５丁目４４番２０号",,13,108,1360071,,,,,,,2015-10-05,1,,,,,"サンスターショウカイ",0
2268,9010701049772,01,0,2026-07-06,2026-07-06,"株式会社福島熱海町蓄電所",,301,"東京都","品川区","大井１丁目２３番１号カクタビル７階",,13,109,1400014,,,,,,,2026-07-06,1,,,,,"フクシマアタミチョウチクデンショ",0
2269,9010701049780,01,0,2026-07-06,2026-07-06,"株式会社ＫＷＡＲＧ",,301,"東京都","品川区","南品川２丁目１２番２号ＫｅａｓｌｅｒＢＬＤＧ１階",,13,109,1400004,,,,,,,2026-07-06,1,,,,,"クウォーグ",0
2270,9010801020162,01,1,2026-07-06,2015-10-05,"株式会社デリカファクトリー",,301,"東京都","港区","虎ノ門５丁目２番８号",,13,103,1050001,,,,,,,2015-10-05,0,,,,,"デリカファクトリー",0
2271,9010801020162,12,1,2026-07-06,2026-06-29,"株式会社デリカファクトリー",,301,"東京都","港区","新橋２丁目１６番１号ニュー新橋ビル１０階（区画番号１０３４号）",,13,103,1050004,,,,,,,2015-10-05,1,,,,,"デリカファクトリー",0
2272,9010803005888,01,0,2026-07-06,2026-07-06,"Ｗ‐ｓｈｉｐ合同会社",,305,"東京都","大田区","山王２丁目５番１３号",,13,111,1430023,,,,,,,2026-07-06,1,,,,,"ダブリューシップ",0
2273,9010901059852,01,0,2026-07-06,2026-07-06,"株式会社スタジオスリーディー",,301,"東京都","世田谷区","池尻２丁目４番５－２０１号",,13,112,1540001,,,,,,,2026-07-06,1,,,,,"スタジオスリーディー",0
2274,9010902025440,01,1,2026-07-06,2015-10-05,"有限会社ティー・ブレイク",,302,"東京都","世田谷区","羽根木１丁目１９番１５号",,13,112,1560042,,,,,,,2015-10-05,0,,,,,"ティーブレイク",0
2275,9010902025440,12,1,2026-07-06,2020-07-21,"有限会社ティー・ブレイク",,302,"東京都","世田谷区","羽根木１丁目１９番１９号",,13,112,1560042,,,,,,,2015-10-05,0,,,,,"ティーブレイク",0
2276,9010902025440,12,0,2026-07-06,2026-07-02,"有限会社ティー・ブレイク",,302,"東京都","杉並区","高井戸東１丁目３１番２０－２０２パークシティ浜田山Ｉ棟",00144185,13,115,1680072,,,,,,,2015-10-05,1,,,,,"ティーブレイク",0
2277,9011001049950,21,0,2026-07-06,2026-06-11,"イリアール株式会社",,301,"東京都","港区","芝浦４丁目１２番３３号",,13,103,1080023,,,2026-06-11,01,,,2015-10-05,1,,,,,"イリアール",0
2278,9011001069395,12,0,2026-07-06,2026-07-01,"株式会社アセット・バリュエーション・パートナーズ",,301,"東京都","世田谷区","用賀４丁目２０番２号",,13,112,1580097,,,,,,,2015-10-05,1,,,,,"アセットバリュエーションパートナーズ",0
2279,9011001126931,12,0,2026-07-06,2026-06-22,"株式会社Ｂ‐ＰＬＡＮＴ２",,301,"東京都","文京区","湯島２丁目４番３号ソフィアお茶の水３階",,13,105,1130034,,,,,,,2019-03-07,1,,,,,"ビープラントツー",0
2280,9011001127616,12,0,2026-07-06,2026-07-01,"株式会社みやこ",,301,"山梨県","西八代郡市川三郷町","市川大門６３２２番地３",,19,346,4093601,,,,,,,2019-04-18,1,,,,,"ミヤコ",0
2281,9011001141641,12,0,2026-07-06,2026-07-02,"株式会社ＣＯＮＴＥＸＴ　ＳＯＵＮＤ",,301,"東京都","中央区","日本橋２丁目１６番４号",,13,102,1030027,,,,,,,2021-07-26,1,,,,,"コンテクストサウンド",0
2282,9011001171812,11,0,2026-07-06,2026-07-03,"株式会社コエドテック",,301,"東京都","渋谷区","円山町５番３号ＭＩＥＵＸ渋谷ビル８階",,13,113,1500044,,,,,,,2025-08-14,1,,,,,"コエドテック",0
2283,9011001178956,01,0,2026-07-06,2026-07-06,"アシスト株式会社",,301,"東京都","渋谷区","恵比寿西２丁目８番４号ＥＸ恵比寿西ビル５階",,13,113,1500021,,,,,,,2026-07-06,1,,,,,"アシスト",0
2284,9011003023846,01,0,2026-07-06,2026-07-06,"ＵｎｄｅｒＣｏｒｅ合同会社",,305,"東京都","渋谷区","道玄坂１丁目１０番８号渋谷道玄坂東急ビル２Ｆ－Ｃ",,13,113,1500043,,,,,,,2026-07-06,1,,,,,"アンダーコア",0
2285,9011101026809,12,0,2026-07-06,2026-07-01,"ウェブスタッフ株式会社",,301,"東京都","新宿区","西新宿１丁目５番１１号新宿三葉ビル９Ｆ",,13,104,1600023,,,,,,,2015-10-05,1,,,,,"ウェブスタッフ",0
2286,9011102003014,01,1,2026-07-06,2015-10-05,"有限会社カンゴロー事務所",,302,"東京都","新宿区","左門町１１番地６",,13,104,1600017,,,,,,,2015-10-05,0,,,,,"カンゴロージムショ",0
2287,9011102003014,12,1,2026-07-06,2026-06-05,"有限会社カンゴロー事務所",,302,"東京都","新宿区","大京町４－７",,13,104,1600015,,,,,,,2015-10-05,1,,,,,"カンゴロージムショ",0
2288,9011303006039,01,0,2026-07-06,2026-07-06,"合同会社中の橋設計事務所",,305,"東京都","杉並区","上高井戸２丁目２番３４－８０３号マイキャッスル高井戸",,13,115,1680074,,,,,,,2026-07-06,1,,,,,"ナカノハシセッケイジムショ",0
2289,9011502015328,01,1,2026-07-06,2015-10-05,"有限会社東洋メディックＪＰ",,302,"東京都","荒川区","荒川３丁目６４番３号",,13,118,1160002,,,,,,,2015-10-05,1,,,,,"トウヨウメディックジェイピー",0
2290,9011601020204,01,1,2026-07-06,2015-10-05,"株式会社ＴＭエステート",,301,"東京都","練馬区","石神井台６丁目１３番１９号",,13,120,1770045,,,,,,,2015-10-05,1,,,,,"ティーエムエステート",0
2291,9011603004857,21,0,2026-07-06,2026-06-08,"ミミカゾク合同会社",,305,"東京都","新宿区","西早稲田１丁目１１番１号コーポ草間６０６号室",,13,104,1690051,,,2026-06-08,01,,,2025-09-29,1,,,,,"ミミカゾク",0
2292,9011701025631,21,0,2026-07-06,2026-06-29,"株式会社ナカハラ",,301,"東京都","江戸川区","東小松川１丁目１２番１０号",,13,123,1320033,,,2026-06-29,01,,,2022-09-21,1,,,,,"ナカハラ",0
2293,9011801048094,01,0,2026-07-06,2026-07-06,"嶌根商事株式会社",,301,"東京都","足立区","島根２丁目２８番４号",,13,121,1210815,,,,,,,2026-07-06,1,,,,,"シマネショウジ",0
2294,9011802026933,21,0,2026-07-06,2026-07-01,"有限会社三恵開発",,302,"東京都","足立区","入谷８丁目３番２号",,13,121,1210836,,,2026-07-01,01,,,2015-10-05,1,,,,,"サンケイカイハツ",0
2295,9011803005069,12,0,2026-07-06,2026-06-30,"シンクユナイト合同会社",,305,"茨城県","鹿嶋市","大字粟生３１０４－２中央住宅Ｂ室",,08,222,3140021,,,,,,,2022-05-06,1,,,,,"シンクユナイト",0
2296,9012402020954,01,1,2026-07-06,2015-10-05,"有限会社コーチ・プロスタッフ",,302,"東京都","武蔵野市","中町２丁目２０番１－３０２号",,13,203,1800006,,,,,,,2015-10-05,0,,,,,"コーチプロスタッフ",0
2297,9012402020954,12,1,2026-07-06,2021-08-10,"有限会社コーチ・プロスタッフ",,302,"東京都","小平市","小川町１丁目３４１番地の５５",,13,211,1870032,,,,,,,2015-10-05,1,,,,,"コーチプロスタッフ",0
2298,9012701018286,12,0,2026-07-06,2026-07-01,"株式会社小針架設",,301,"埼玉県","さいたま市南区","辻５丁目６番１２号４０６",00144195,11,108,3360026,,,,,,,2024-06-05,1,,,,,"コバリカセツ",0
2299,9013202013982,01,1,2026-07-06,2015-10-05,"有限会社ｔｔ－ｕｎｉｔ",,302,"神奈川県","横浜市港北区","日吉本町６丁目６７－３２",,14,109,2230062,,,,,,,2015-10-05,1,,,,,"ティティーユニット",0
2300,9013302021687,01,1,2026-07-06,2015-10-05,"有限会社アイビス",,302,"東京都","豊島区","南大塚３丁目６番２－２０２号",,13,116,1700005,,,,,,,2015-10-05,1,,,,,"アイビス",0
2301,9020001051461,21,0,2026-07-06,2026-06-25,"株式会社ＣＰＰ",,301,"神奈川県","横浜市神奈川区","東神奈川１丁目８番地２０ブリリアタワー横浜東神奈川１４０２号",,14,102,2210044,,,2026-06-25,01,,,2015-10-05,1,,,,,"シーピーピー",0
2302,9020001074108,01,1,2026-07-06,2015-10-05,"株式会社日本情報開発",,301,"神奈川県","川崎市川崎区","駅前本町１４番地５",,14,131,2100007,,,,,,,2015-10-05,1,,,,,"ニホンジョウホウカイハツ",0
2303,9020001082234,01,1,2026-07-06,2015-10-05,"株式会社エヌ・アイ・シー",,301,"神奈川県","川崎市高津区","宇奈根７７９番地４",,14,134,2130031,,,,,,,2015-10-05,1,,,,,"エヌアイシー",0
2304,9020001113906,01,1,2026-07-06,2015-12-15,"ＣＰＡフィナンシャルアカデミー株式会社",,301,"神奈川県","川崎市宮前区","宮崎２丁目８－５１",,14,136,2160033,,,,,,,2015-12-15,1,,,,,"シーピーエーフィナンシャルアカデミー",0
2305,9020001115381,01,1,2026-07-06,2016-03-23,"株式会社Ｚｉｏｎ　Ｔｅｃｈｎｏｌｏｇｉｅｓ",,301,"神奈川県","横浜市西区","浅間町４丁目３４２番地１リステージ横浜浅間町５０５号",,14,103,2200072,,,,,,,2016-03-23,0,,,,,"ザイオンテクノロジーズ",0
2306,9020001115381,12,1,2026-07-06,2026-06-22,"株式会社Ｚｉｏｎ　Ｔｅｃｈｎｏｌｏｇｉｅｓ",,301,"神奈川県","横浜市西区","北幸２丁目７番１０号高見澤ビルディング９階",,14,103,2200004,,,,,,,2016-03-23,1,,,,,"ザイオンテクノロジーズ",0
2307,9020001134035,21,0,2026-07-06,2026-06-26,"株式会社Ｌｅａｐ　ｍａｋｅｒ",,301,"神奈川県","横浜市港北区","新横浜２丁目１４番地２４ＳＫ－ＩＩビル５階Ｂ号室",00129123,14,109,2220033,,,2026-06-26,01,,,2019-12-13,1,,,,,"リープメーカー",0
2308,9020001169254,01,0,2026-07-06,2026-07-06,"株式会社横浜スポーツマネジメント",,301,"神奈川県","横浜市中区","本牧間門２番８－１０３号",,14,104,2310825,,,,,,,2026-07-06,1,,,,,"ヨコハマスポーツマネジメント",0
2309,9020001169353,01,0,2026-07-06,2026-07-06,"株式会社Ｃｌｅａｒ",,301,"神奈川県","横浜市中区","扇町２丁目４番２号横浜関内京浜ビル９０３号",,14,104,2310027,,,,,,,2026-07-06,1,,,,,"クリア",0
2310,9020002035249,01,1,2026-07-06,2015-10-05,"有限会社萩栄",,302,"神奈川県","横浜市港北区","綱島西１丁目９番３号",,14,109,2230053,,,,,,,2015-10-05,1,,,,,"ハギエ",0
2311,9020002063349,01,1,2026-07-06,2015-10-05,"有限会社オフィス・ドコ",,302,"神奈川県","横浜市瀬谷区","三ツ境１０８番地の６",,14,114,2460022,,,,,,,2015-10-05,1,,,,,"オフィスドコ",0
2312,9020002092637,01,1,2026-07-06,2015-10-05,"有限会社ディップ",,302,"神奈川県","川崎市多摩区","南生田４丁目２４番１号",,14,135,2140036,,,,,,,2015-10-05,1,,,,,"ディップ",0
2313,9020003018104,11,0,2026-07-06,2026-06-19,"合同会社クロノスフューチャーテクノロジーズ",,305,"神奈川県","横浜市都筑区","富士見が丘２８番１３号",,14,118,2240051,,,,,,,2020-07-06,1,,,,,"クロノスフューチャーテクノロジーズ",0
2314,9020003031098,01,1,2026-07-06,2026-05-29,"Ａｕｒａｔａｃｋ　Ｉｎｔｅｒｎａｔｉｏｎａｌ合同会社",,305,"神奈川県","横浜市南区","永田東２丁目７番１９号",,14,105,2320072,,,,,,,2026-05-29,1,,,,,"オーラタックインターナショナル",0
2315,9020003031338,01,0,2026-07-06,2026-07-06,"合同会社ＷＳＴ",,305,"神奈川県","横浜市旭区","東希望が丘３８番地２",,14,112,2410826,,,,,,,2026-07-06,1,,,,,"ダブリューエスティー",0
2316,9020003031387,01,0,2026-07-06,2026-07-06,"合同会社ＭＭＳ",,305,"神奈川県","横浜市戸塚区","品濃町５３６番地４中央街区Ｂ棟３２０４号",,14,110,2440801,,,,,,,2026-07-06,1,,,,,"エムエムエス",0
2317,9021001000342,01,1,2026-07-06,2015-10-05,"扇重機株式会社",,301,"神奈川県","藤沢市","宮原３６４１番地藤沢長後スカイハイツ３０６号",,14,205,2520826,,,,,,,2015-10-05,1,,,,,"オウギジュウキ",0
2318,9021001050890,01,1,2026-07-06,2015-10-05,"株式会社ファイナルヒーローズ",,301,"神奈川県","藤沢市","江の島１丁目６番７号",,14,205,2510036,,,,,,,2015-10-05,0,,,,,"ファイナルヒーローズ",0
2319,9021001050890,12,1,2026-07-06,2016-03-15,"株式会社ファイナルヒーローズ",,301,"神奈川県","鎌倉市","腰越５丁目５番５－２０５号",,14,204,2480033,,,,,,,2015-10-05,0,,,,,"ファイナルヒーローズ",0
2320,9021001050890,12,1,2026-07-06,2026-06-11,"株式会社ファイナルヒーローズ",,301,"神奈川県","足柄下郡箱根町","宮城野１４７５番地の１ナイスシーン強羅壱番館１０３",,14,382,2500401,,,,,,,2015-10-05,1,,,,,"ファイナルヒーローズ",0
2321,9021001051427,01,1,2026-07-06,2015-10-05,"株式会社ニューヨークコレクションジャパン",,301,"神奈川県","三浦郡葉山町","堀内１８８７番地",,14,301,2400112,,,,,,,2015-10-05,1,,,,,"ニューヨークコレクションジャパン",0
2322,9021001085747,12,0,2026-07-06,2026-06-30,"株式会社Ｉｎｔｅｇｒｙ",,301,"千葉県","八千代市","ゆりのき台６丁目１番地２グリーンハイツＢ‐１０２",,12,221,2760042,,,,,,,2025-07-24,1,,,,,,0
2323,9021001088568,01,0,2026-07-06,2026-07-06,"株式会社ＫＵＲＡＳＯ",,301,"神奈川県","鎌倉市","岡本１丁目７－２－１０２",,14,204,2470072,,,,,,,2026-07-06,1,,,,,"クラソウ",0
2324,9021001088584,01,0,2026-07-06,2026-07-06,"株式会社ネクスト知研",,301,"神奈川県","相模原市南区","東大沼１丁目２－７０－１３",,14,153,2520333,,,,,,,2026-07-06,1,,,,,"ネクストチケン",0
2325,9021003017640,01,0,2026-07-06,2026-07-06,"ＳＯＴＯ　ＬＩＮＫ合同会社",,305,"神奈川県","相模原市南区","相南３丁目１番１７号テラスハウス中島３号",,14,153,2520312,,,,,,,2026-07-06,1,,,,,"ソトリンク",0
2326,9021003017665,01,0,2026-07-06,2026-07-06,"合同会社庭英",,305,"神奈川県","三浦郡葉山町","一色１００１番地の１ロータスヒル葉山１０１",,14,301,2400111,,,,,,,2026-07-06,1,,,,,"ニワフサ",0
2327,9030001045710,01,1,2026-07-06,2015-10-05,"株式会社アイズ",,301,"埼玉県","新座市","野寺４丁目６番３８号",,11,230,3520034,,,,,,,2015-10-05,0,,,,,"アイズ",0
2328,9030001045710,12,1,2026-07-06,2026-06-10,"株式会社アイズ",,301,"埼玉県","所沢市","大字松郷２５７番地の５",,11,208,3590027,,,,,,,2015-10-05,1,,,,,"アイズ",0
2329,9030001070345,12,0,2026-07-06,2026-06-23,"株式会社エージーホームズ",,301,"埼玉県","川越市","大字吉田６１０番地１６",,11,201,3500807,,,,,,,2015-10-05,1,,,,,"エージーホームズ",0
2330,9030001079634,21,0,2026-07-06,2026-06-24,"株式会社ユウワ産業",,301,"埼玉県","川口市","本町２丁目５番１７号",,11,203,3320012,,,2026-06-24,01,,,2015-10-05,1,,,,,"ユウワサンギョウ",0
2331,9030001131725,12,0,2026-07-06,2026-06-30,"株式会社カペラ",,301,"茨城県","猿島郡境町","１３４５番地２",,08,546,3060433,,,,,,,2019-07-03,1,,,,,"カペラ",0
2332,9030001173172,01,0,2026-07-06,2026-07-06,"株式会社佐藤電業",,301,"埼玉県","川越市","大字鴨田１０１６番地",,11,201,3500844,,,,,,,2026-07-06,1,,,,,"サトウデンギョウ",0
2333,9030001173180,01,0,2026-07-06,2026-07-06,"株式会社ＳＨＩＮＳＥＩ　ＧＲＯＵＰ",,301,"埼玉県","八潮市","八潮８丁目６番地２２",,11,234,3400815,,,,,,,2026-07-06,1,,,,,,0
2334,9030001173230,01,0,2026-07-06,2026-07-06,"株式会社関根興業",,301,"埼玉県","久喜市","菖蒲町河原井１２６番地５",,11,232,3460102,,,,,,,2026-07-06,1,,,,,"セキネコウギョウ",0
2335,9030002033680,01,1,2026-07-06,2015-10-05,"有限会社狭山小沢土建",,302,"埼玉県","狭山市","大字堀兼１３７５番地",,11,215,3501312,,,,,,,2015-10-05,1,,,,,"サヤマオザワドケン",0
2336,9030003008921,01,1,2026-07-06,2016-06-17,"合同会社ｆｉｔ",,305,"埼玉県","大里郡寄居町","大字赤浜９２０番地１",,11,408,3691211,,,,,,,2016-06-17,0,,,,,"フィット",0
2337,9030003008921,12,1,2026-07-06,2026-06-23,"合同会社ｆｉｔ",,305,"埼玉県","さいたま市大宮区","桜木町２丁目３番地大宮マルイ７階",,11,103,3300854,,,,,,,2016-06-17,1,,,,,"フィット",0
2338,9030003029595,01,0,2026-07-06,2026-07-06,"ＭＯＡＴ合同会社",,305,"埼玉県","さいたま市北区","宮原町２丁目９０番地２４",,11,102,3310812,,,,,,,2026-07-06,1,,,,,"モート",0
2339,9030003029620,01,0,2026-07-06,2026-07-06,"合同会社Ｃａｓａ　ｄｅｉ　Ｂａｍｂｉｎｉ",,305,"埼玉県","行田市","本丸１１番２０号",,11,206,3610052,,,,,,,2026-07-06,1,,,,,"カーサデバンビーニ",0
2340,9030005022573,01,0,2026-07-06,2026-07-06,"税理士法人ＭＡＲＵＹＡＭＡ",,399,"埼玉県","さいたま市中央区","本町東３丁目５番３号",,11,105,3380003,,,,,,,2026-07-06,1,,,,,"マルヤマ",0
2341,9040001032872,01,1,2026-07-06,2015-10-05,"株式会社ＡＩケアプランニング",,301,"千葉県","市川市","千鳥町１６番３",,12,203,2720126,,,,,,,2015-10-05,0,,,,,,0
2342,9040001032872,12,1,2026-07-06,2017-07-13,"株式会社ＡＩケアプランニング",,301,"千葉県","市川市","本行徳１３５０",,12,203,2720103,,,,,,,2015-10-05,0,,,,,,0
2343,9040001032872,12,1,2026-07-06,2026-06-18,"株式会社ＡＩケアプランニング",,301,"千葉県","市川市","高谷１５１６",,12,203,2720013,,,,,,,2015-10-05,1,,,,,,0
2344,9040001125552,01,1,2026-07-06,2022-10-25,"株式会社アンドティー",,301,"千葉県","浦安市","北栄４丁目１３番３２号",,12,227,2790002,,,,,,,2022-10-25,0,,,,,"アンドテイー",0
2345,9040001125552,12,1,2026-07-06,2026-06-18,"株式会社アンドティー",,301,"千葉県","市川市","新井１丁目１２番２６号",,12,203,2720144,,,,,,,2022-10-25,1,,,,,"アンドテイー",0
2346,9040001142498,12,0,2026-07-06,2026-06-17,"いえちく株式会社",,301,"千葉県","船橋市","日の出２丁目９番１６号コーポサンライズ西田３０４",,12,204,2730015,,,,,,,2026-02-19,1,,,,,"イエチク",0
2347,9040001144395,01,0,2026-07-06,2026-07-06,"株式会社ＫＧＣ",,301,"千葉県","勝浦市","市野川７０１番地３",,12,218,2995202,,,,,,,2026-07-06,1,,,,,"ケージーシー",0
2348,9040001144404,01,0,2026-07-06,2026-07-06,"株式会社今関モータース",,301,"千葉県","旭市","鎌数４３６４番地",,12,215,2892505,,,,,,,2026-07-06,1,,,,,"イマゼキモータース",0
2349,9040001144412,01,0,2026-07-06,2026-07-06,"株式会社クレストホーム",,301,"千葉県","千葉市美浜区","若葉３丁目１番地１",,12,106,2610014,,,,,,,2026-07-06,1,,,,,"クレストホーム",0
2350,9040001144420,01,0,2026-07-06,2026-07-06,"株式会社ＢＳＪ",,301,"千葉県","香取市","北３丁目８番地９",,12,236,2870002,,,,,,,2026-07-06,1,,,,,"ビーエスジェイ",0
2351,9040003025866,12,0,2026-07-06,2026-06-15,"合同会社カスエ",,305,"千葉県","松戸市","小金原５丁目１９番地の３１",,12,207,2700021,,,,,,,2024-10-07,1,,,,,"カスエ",0
2352,9040003030305,01,0,2026-07-06,2026-07-06,"Ｍ‐アセット合同会社",,305,"千葉県","東金市","下谷７９－１２",,12,213,2830054,,,,,,,2026-07-06,1,,,,,"エムアセット",0
2353,9040005003829,12,0,2026-07-06,2026-07-02,"特定非営利活動法人ＪｉＳＣ",,399,"埼玉県","越谷市","南越谷１丁目６－５６",,11,222,3430845,,,,,,,2015-10-05,1,,,,,"ジェイアイエスシー",0
2354,9050001058636,01,0,2026-07-06,2026-07-06,"株式会社Ｔｏｍｕ　Ｆａｒｍ",,301,"茨城県","常陸大宮市","上岩瀬３６２番地",,08,225,3192142,,,,,,,2026-07-06,1,,,,,"トムファーム",0
2355,9050005009552,01,1,2026-07-06,2015-10-05,"医療法人社団修徳会",,399,"茨城県","常総市","水海道宝町２８４１番地",,08,211,3030023,,,,,,,2015-10-05,1,,,,,"シュウトクカイ",0
2356,9060001016279,12,0,2026-07-06,2026-06-29,"株式会社オリエンタルトラスト",,301,"栃木県","栃木市","西方町金崎２６３番地１",,09,203,3220601,,,,,,,2015-10-05,1,,,,,"オリエンタルトラスト",0
2357,9060001039412,01,0,2026-07-06,2026-07-06,"株式会社ＡＬＬ　ＵＰ",,301,"栃木県","足利市","五十部町６７８番地１",,09,202,3260843,,,,,,,2026-07-06,1,,,,,"オールアップ",0
2358,9060001039420,01,0,2026-07-06,2026-07-06,"株式会社Ｄ‐ＲＯＵＴＥ",,301,"栃木県","河内郡上三川町","大字上蒲生２３３５番地５",,09,301,3290617,,,,,,,2026-07-06,1,,,,,"ディールート",0
2359,9070001032151,12,0,2026-07-06,2026-06-26,"株式会社槻岡",,301,"群馬県","前橋市","住吉町１丁目１３番２４号",,10,201,3710021,,,,,,,2016-05-13,1,,,,,"ツキオカ",0
2360,9070001044270,01,0,2026-07-06,2026-07-06,"株式会社恭伸工業",,301,"群馬県","桐生市","新里町新川１９０８番地８",,10,203,3760121,,,,,,,2026-07-06,1,,,,,"キョウシンコウギョウ",0
2361,9070001044287,01,0,2026-07-06,2026-07-06,"株式会社ミネルバ",,301,"群馬県","太田市","高林南町２８３番地４３",,10,205,3730827,,,,,,,2026-07-06,1,,,,,"ミネルバ",0
2362,9070002017829,21,0,2026-07-06,2026-06-29,"有限会社宮田製作所",,302,"群馬県","藤岡市","立石１５３７番地の５",,10,209,3750002,,,2026-06-29,01,,,2015-10-05,1,,,,,"ミヤタセイサクショ",0
2363,9070003004330,12,0,2026-07-06,2026-06-30,"合同会社トリアージョ",,305,"群馬県","高崎市","宮元町１１２番地６",,10,202,3700828,,,,,,,2021-12-14,1,,,,,"トリアージョ",0
2364,9080001027679,01,0,2026-07-06,2026-07-06,"株式会社クッキー",,301,"静岡県","静岡市葵区","一番町６８番地の１",,22,101,4200071,,,,,,,2026-07-06,1,,,,,"クッキー",0
2365,9080105002537,01,1,2026-07-06,2015-10-05,"特定非営利活動法人こるり",,399,"静岡県","田方郡函南町","間宮６３６番地の４",,22,325,4190123,,,,,,,2015-10-05,0,,,,,"コルリ",0
2366,9080105002537,12,1,2026-07-06,2024-08-21,"特定非営利活動法人こるり",,399,"静岡県","田方郡函南町","塚本９７３番地の２",,22,325,4190124,,,,,,,2015-10-05,1,,,,,"コルリ",0
2367,9080401028698,01,0,2026-07-06,2026-07-06,"株式会社ごんた",,301,"静岡県","浜松市中央区","舘山寺町２４４６番地の２",,22,138,4311209,,,,,,,2026-07-06,1,,,,,"ゴンタ",0
2368,9080401028707,01,0,2026-07-06,2026-07-06,"株式会社スズイチホールディングス",,301,"静岡県","浜松市中央区","篠原町２００７５番地",,22,138,4310201,,,,,,,2026-07-06,1,,,,,"スズイチホールディングス",0
2369,9080402019093,21,0,2026-07-06,2026-06-26,"有限会社石泉堂",,302,"静岡県","御前崎市","池新田３９６９番地の１",,22,223,4371612,,,2026-06-26,01,,,2015-10-05,1,,,,,"セキセンドウ",0
2370,9090001009420,21,0,2026-07-06,2026-07-02,"株式会社五百藏造園土木",,301,"山梨県","甲州市","塩山赤尾５４３番地２",,19,213,4040033,,,2026-07-02,01,,,2015-10-05,1,,,,,"イオロイゾウエンドボク",0
2371,9100001011886,01,0,2026-07-06,2026-07-06,"株式会社プレイランド斑尾",,301,"長野県","飯山市","大字飯山１１４９２番地１９６",,20,213,3892253,,,,,,,2026-07-06,1,,,,,"プレイランドマダラオ",0
2372,9100001034623,12,0,2026-07-06,2026-07-01,"株式会社Ｃｏｃｃｏｌｅ",,301,"長野県","松本市","井川城３丁目１０番５８号エスポワールカサイＩＩ棟１－Ｄ号室",00144189,20,202,3900831,,,,,,,2021-09-22,1,,,,,"コッコレ",0
2373,9100001039804,01,0,2026-07-06,2026-07-06,"株式会社ワンダードリーム",,301,"長野県","上田市","上田原８８８番地１８－２０３",,20,203,3861102,,,,,,,2026-07-06,1,,,,,"ワンダードリーム",0
2374,9100002018518,01,1,2026-07-06,2015-10-05,"有限会社佐藤商店",,302,"長野県","下高井郡山ノ内町","大字平穏２９２６番地３６",,20,561,3810401,,,,,,,2015-10-05,1,,,,,"サトウショウテン",0
2375,9110001040232,01,0,2026-07-06,2026-07-06,"株式会社カタリスト＆カンパニー",,301,"新潟県","新潟市西区","五十嵐２の町８０５０番地",,15,107,9502102,,,,,,,2026-07-06,1,,,,,"カタリストアンドカンパニー",0
2376,9110001040249,01,0,2026-07-06,2026-07-06,"株式会社大家養殖場",,301,"新潟県","小千谷市","大字小栗山１６９５番地２",,15,208,9470211,,,,,,,2026-07-06,1,,,,,"オオヤヨウショクジョウ",0
2377,9110001040257,01,0,2026-07-06,2026-07-06,"株式会社ＳＡＴ",,301,"新潟県","新潟市江南区","沢海３丁目７番５０号",,15,104,9500205,,,,,,,2026-07-06,1,,,,,"エスエーティー",0
2378,9110003006223,01,0,2026-07-06,2026-07-06,"井上ミュージックアーツ合同会社",,305,"新潟県","南魚沼市","五箇７１４番２",,15,226,9497301,,,,,,,2026-07-06,1,,,,,"イノウエミュージックアーツ",0
2379,9120001121584,12,0,2026-07-06,2026-06-30,"株式会社ＫＡＲＡ",,301,"大阪府","大阪市北区","梅田２丁目６番２０号パシフィックマークス西梅田４階",,27,127,5300001,,,,,,,2015-10-05,1,,,,,"カラ",0
2380,9120001185118,12,0,2026-07-06,2026-06-25,"株式会社からく",,301,"東京都","三鷹市","下連雀３丁目３５番１号ネオシティ三鷹６階",,13,204,1810013,,,,,,,2015-10-05,1,,,,,"カラク",0
2381,9120001269432,12,0,2026-07-06,2026-06-30,"霊獺デジタルコンサル株式会社",00136680,301,"大阪府","大阪市天王寺区","東高津町８－１８ピアッツァタワー上本町ＥＡＳＴ２６０３号",,27,109,5430021,,,,,,,2024-10-18,1,,,,,"レイダデジタルコンサル",0
2382,9120001275199,21,0,2026-07-06,2026-07-01,"志博株式会社",,301,"大阪府","大阪市都島区","中野町４丁目３番６号Ｈ２Ｈ大阪桜之宮邸３Ｃ－２",,27,102,5340027,,,2026-07-01,01,,,2025-05-07,1,,,,,"シハク",0
2383,9120001281222,12,0,2026-07-06,2026-06-29,"ゼリオ株式会社",,301,"大阪府","大阪市福島区","海老江２丁目１０－２２アクティ福島５Ｄ",,27,103,5530001,,,,,,,2025-10-22,1,,,,,"ゼリオ",0
2384,9120001281965,12,0,2026-07-06,2026-07-01,"チームエステート株式会社",,301,"大阪府","大阪市都島区","大東町２丁目１７番２４号",,27,102,5340002,,,,,,,2025-11-13,1,,,,,"チームエステート",0
2385,9120001287351,01,0,2026-07-06,2026-07-06,"株式会社ＭＥＧＵＲＵ",,301,"大阪府","大阪市北区","鶴野町４番４号コープ野村梅田Ｂ棟８０１号室",,27,127,5300014,,,,,,,2026-07-06,1,,,,,"メグル",0
2386,9120001287517,01,0,2026-07-06,2026-07-06,"株式会社Ｎクリーニング",,301,"大阪府","大阪市福島区","大開１丁目１３番３５号３階",,27,103,5530007,,,,,,,2026-07-06,1,,,,,"エヌクリーニング",0
2387,9120001287541,01,0,2026-07-06,2026-07-06,"株式会社大阪ビルダー",,301,"大阪府","大阪市東成区","深江北２丁目４番９－５０２号",,27,115,5370001,,,,,,,2026-07-06,1,,,,,"オオサカビルダー",0
2388,9120001287616,01,0,2026-07-06,2026-07-06,"株式会社ＡＶＥＲＡ",,301,"大阪府","大阪市中央区","島之内１丁目１５番１１－１００３号",,27,128,5420082,,,,,,,2026-07-06,1,,,,,"アヴェラ",0
2389,9120002065145,12,0,2026-07-06,2026-07-01,"有限会社華廈",,302,"大阪府","大阪市福島区","野田３丁目１３番１９号野田ハイツ２０１",,27,103,5530005,,,,,,,2015-10-05,1,,,,,"カア",0
2390,9120002077017,01,1,2026-07-06,2015-10-05,"有限会社作哲建設",,302,"大阪府","枚方市","高田２丁目１番２６号",,27,210,5730073,,,,,,,2015-10-05,1,,,,,"サテツケンセツ",0
2391,9120003024166,12,0,2026-07-06,2026-07-02,"株式会社Ｓｅｌｌ　ｕｐ",,301,"大阪府","大阪市中央区","南久宝寺町４丁目４－７エムバランス御堂筋本町９Ｆ",,27,128,5410058,,,,,,,2023-05-31,1,,,,,"セルアップ",0
2392,9120003032128,12,0,2026-07-06,2026-07-03,"ｃａｒｅ　ｎｅＸ合同会社",,305,"大阪府","大阪市東成区","東小橋１丁目１９番１１－４０３号",,27,115,5370024,,,,,,,2026-03-16,1,,,,,"ケアネックス",0
2393,9120003032986,01,0,2026-07-06,2026-07-06,"合同会社ｃ‐Ｈｏ",,305,"大阪府","大阪市北区","梅田１丁目２番２号大阪駅前第２ビル１２‐１２",,27,127,5300001,,,,,,,2026-07-06,1,,,,,"シーエイチオー",0
2394,9120003032994,01,0,2026-07-06,2026-07-06,"合同会社アケビフォージ",,305,"大阪府","大阪市北区","梅田１丁目２番２号大阪駅前第２ビル１２－１２",,27,127,5300001,,,,,,,2026-07-06,1,,,,,"アケビフォージ",0
2395,9120003033010,01,0,2026-07-06,2026-07-06,"合同会社ＹＭＴ",,305,"大阪府","大阪市西成区","鶴見橋２丁目１０番２９号",,27,122,5570031,,,,,,,2026-07-06,1,,,,,"ワイエムティー",0
2396,9120005025641,01,0,2026-07-06,2026-07-06,"インテグラパートナーズ税理士法人",,399,"大阪府","大阪市中央区","谷町２丁目７番４号スリースリーズビル４Ａ",,27,128,5400012,,,,,,,2026-07-06,1,,,,,"インテグラパートナーズ",0
2397,9120101038621,12,0,2026-07-06,2026-07-02,"株式会社モノテック",,301,"大阪府","大阪市北区","堂島２丁目３番２号堂北ビルディング６０５号",,27,127,5300003,,,,,,,2015-10-05,1,,,,,"モノテック",0
2398,9120101062712,12,0,2026-07-06,2026-07-01,"株式会社エムズコーポレーション",,301,"大阪府","大阪市中央区","北久宝寺町４丁目２番１０号",,27,128,5410057,,,,,,,2020-12-09,1,,,,,"エムズコーポレーション",0
2399,9120101074014,01,0,2026-07-06,2026-07-06,"ＣｘＤ　Ｂｒａｎｄｉｎｇ　Ｓｔｕｄｉｏ株式会社",,301,"大阪府","堺市堺区","中瓦町１－４－２２大阪信用金庫堺東ビル２Ｆ",,27,141,5900000,,,,,,,2026-07-06,1,,,,,"シーバイディーブランディングスタジオ",0
2400,9120101074022,01,0,2026-07-06,2026-07-06,"アクティブエンジニアリング株式会社",,301,"大阪府","松原市","上田８丁目４番１９号",,27,217,5800016,,,,,,,2026-07-06,1,,,,,"アクティブエンジニアリング",0
2401,9120105006772,01,1,2026-07-06,2015-10-05,"和泉市水道管工事業協同組合",,399,"大阪府","和泉市","繁和町８番９号",,27,219,5940075,,,,,,,2015-10-05,1,,,,,"イズミシスイドウカンコウ",0
2402,9120902016940,01,1,2026-07-06,2015-10-05,"有限会社クレアヴィレ",,302,"大阪府","箕面市","船場東１丁目１１番１６号",,27,220,5620035,,,,,,,2015-10-05,1,,,,,,0
2403,9122001029650,01,1,2026-07-06,2016-06-01,"株式会社葛城断熱工業",,301,"大阪府","八尾市","南木の本２丁目１４番地の２",,27,212,5810042,,,,,,,2016-06-01,1,,,,,"カツラギダンネツコウギョウ",0
2404,9122001040681,01,0,2026-07-06,2026-07-06,"株式会社和希ウェルド",,301,"大阪府","四條畷市","北出町３１番６号",,27,229,5750043,,,,,,,2026-07-06,1,,,,,"カズキウェルド",0
2405,9130001067083,12,0,2026-07-06,2026-07-02,"株式会社ハバリーズ",,301,"京都府","京都市中京区","河原町通御池下る下丸屋町３９０－２ＱＵＥＳＴＩＯＮ内",,26,104,6048006,,,,,,,2020-06-12,1,,,,,"ハバリーズ",0
2406,9130001082594,01,0,2026-07-06,2026-07-06,"株式会社和束利開発",,301,"京都府","相楽郡和束町","大字中小字平田７７番地２９",,26,365,6191205,,,,,,,2026-07-06,1,,,,,,0
2407,9140001025354,21,0,2026-07-06,2026-07-01,"株式会社アクト・コーポレーション",,301,"兵庫県","神戸市垂水区","神陵台７丁目１１番１１号",,28,108,6550041,,,2026-07-01,01,,,2015-10-05,1,,,,,"アクトコーポレーション",0
2408,9140001078195,12,0,2026-07-06,2026-07-01,"株式会社関西ハウジング",,301,"兵庫県","西宮市","上鳴尾町３－７－３０８",,28,204,6638186,,,,,,,2015-10-05,1,,,,,"カンサイハウジング",0
2409,9140001096049,21,0,2026-07-06,2026-06-12,"株式会社ＳＨＯＢＥ",,301,"東京都","港区","北青山１丁目３番１号アールキューブ青山３階",,13,103,1070061,,,2026-06-12,01,,,2015-10-05,1,,,,,"ショウベ",0
2410,9140001141630,12,0,2026-07-06,2026-06-22,"株式会社ｏｎｙｘ",,301,"東京都","新宿区","西新宿３丁目３番１３号西新宿水間ビル６階",,13,104,1600023,,,,,,,2026-02-05,1,,,,,"オニキス",0
2411,9140001143288,01,0,2026-07-06,2026-07-06,"株式会社ＶＯＹＧＬＥ",,301,"兵庫県","尼崎市","西御園町１１５番地の２大和ビル１階",,28,202,6600868,,,,,,,2026-07-06,1,,,,,"ヴォイグル",0
2412,9140001143305,01,0,2026-07-06,2026-07-06,"株式会社ＭＩＲＯＫＵ",,301,"兵庫県","三田市","駅前町１１－１レバンテ三田１ＦＭＯＤＥＫ’ｓ",,28,219,6691528,,,,,,,2026-07-06,1,,,,,"ミロク",0
2413,9140003023835,01,0,2026-07-06,2026-07-06,"合同会社Ｓａｌｔｕｓ",,305,"兵庫県","神戸市北区","鈴蘭台南町９丁目１番３５－１０２号",,28,109,6511113,,,,,,,2026-07-06,1,,,,,,0
2414,9150001011510,21,0,2026-07-06,2026-06-26,"株式会社三進ハウスサービス",,301,"奈良県","橿原市","葛本町６９１－３",,29,205,6340007,,,2026-06-26,01,,,2015-10-05,1,,,,,"サンシンハウスサービス",0
2415,9150001023118,12,0,2026-07-06,2026-06-29,"Ｍ＆Ｍ２株式会社",,301,"奈良県","橿原市","醍醐町２９６番地１",,29,205,6340072,,,,,,,2019-07-02,0,,,,,"エムアンドエムツー",0
2416,9150001023118,11,0,2026-07-06,2026-06-29,"株式会社飛鳥",,301,"奈良県","橿原市","醍醐町２９６番地１",,29,205,6340072,,,,,,,2019-07-02,1,,,,,"アスカ",0
2417,9160001027761,01,0,2026-07-06,2026-07-06,"Ｅａｓｔ　Ｄｏｇｓ株式会社",,301,"滋賀県","大津市","粟津町１２番１６号Ｇ２４ＢＬＤ．３Ｆ",,25,201,5200832,,,,,,,2026-07-06,1,,,,,"イーストドッグス",0
2418,9160005005838,01,1,2026-07-06,2015-10-05,"春日神社",,399,"滋賀県","東近江市","市子沖町２５４番地",,25,213,5291533,,,,,,,2015-10-05,1,,,,,"カスガジンジャ",0
2419,9160005005978,01,1,2026-07-06,2015-10-05,"松井神社",,399,"滋賀県","東近江市","市子松井町４９番地",,25,213,5291532,,,,,,,2015-10-05,1,,,,,"マツイジンジャ",0
2420,9170001019163,01,0,2026-07-06,2026-07-06,"和歌山空き家再生賃貸株式会社",,301,"和歌山県","和歌山市","築港３丁目６番地",,30,201,6408287,,,,,,,2026-07-06,1,,,,,"ワカヤマアキヤサイセイチンタイ",0
2421,9170002008272,01,1,2026-07-06,2015-10-05,"有限会社加藤製作所",,302,"和歌山県","紀の川市","荒見８８２番地の４",,30,208,6496561,,,,,,,2015-10-05,1,,,,,"カトウセイサクショ",0
2422,9180001104625,01,1,2026-07-06,2015-10-05,"株式会社前輝",,301,"愛知県","清須市","須ケ口駅前１丁目３番地",,23,233,4520912,,,,,,,2015-10-05,0,,,,,,0
2423,9180001104625,12,1,2026-07-06,2018-03-01,"株式会社前輝",,301,"愛知県","名古屋市中区","栄３丁目８番２７号",,23,106,4600008,,,,,,,2015-10-05,0,,,,,,0
2424,9180001104625,12,1,2026-07-06,2022-11-22,"株式会社前輝",,301,"愛知県","北名古屋市","九之坪天下地５７番地１",,23,234,4810041,,,,,,,2015-10-05,1,,,,,,0
2425,9180001157169,12,0,2026-07-06,2026-07-02,"桂昌株式会社",,301,"東京都","千代田区","丸の内１丁目１１番１号パシフィックセンチュリープレイス丸の内１３階",,13,101,1000005,,,,,,,2023-07-20,1,,,,,"ケイショウ",0
2426,9180001172531,01,0,2026-07-06,2026-07-06,"株式会社開地",,301,"愛知県","名古屋市中川区","乗越町１丁目５９番地の１ルミエールコガネ２０２号",,23,110,4540813,,,,,,,2026-07-06,1,,,,,"カイジ",0
2427,9180001172589,01,0,2026-07-06,2026-07-06,"株式会社大",,301,"愛知県","名古屋市中村区","太閤通３丁目２５番１号",,23,105,4530811,,,,,,,2026-07-06,1,,,,,"ダイ",0
2428,9180001172614,01,0,2026-07-06,2026-07-06,"株式会社エムズクリーン",,301,"愛知県","西春日井郡豊山町","大字豊場字中之町１１２番地１",,23,342,4800202,,,,,,,2026-07-06,1,,,,,"エムズクリーン",0
2429,9180002059637,21,0,2026-07-06,2026-06-25,"有限会社幸生電気",,302,"愛知県","名古屋市緑区","曽根１丁目７６番地",,23,114,4580035,,,2026-06-25,01,,,2015-10-05,1,,,,,,0
2430,9180003030464,01,0,2026-07-06,2026-07-06,"合同会社ひまわり",,305,"愛知県","名古屋市北区","辻町４丁目３１番の９",,23,103,4620032,,,,,,,2026-07-06,1,,,,,"ヒマワリ",0
2431,9180301019457,12,0,2026-07-06,2026-07-01,"株式会社餅",00074698,301,"愛知県","名古屋市昭和区","南山町１３番地の８",,23,107,4660835,,,,,,,2015-10-05,1,,,,,"モチ",0
2432,9180303007030,01,0,2026-07-06,2026-07-06,"合同会社ＮＡＳ",,305,"愛知県","刈谷市","相生町２丁目１０番地５ＺＯＨＹＡＢＬＤＧ２Ｆ",,23,210,4480027,,,,,,,2026-07-06,1,,,,,"ナス",0
2433,9190001033253,01,0,2026-07-06,2026-07-06,"株式会社志城",,301,"三重県","亀山市","関町鷲山１８５番地",,24,210,5191105,,,,,,,2026-07-06,1,,,,,"シキ",0
2434,9190001033261,01,0,2026-07-06,2026-07-06,"株式会社舘ファーム",00144192,301,"三重県","三重郡菰野町","大字田口新田１９２２番地１",,24,341,5101322,,,,,,,2026-07-06,1,,,,,,0
2435,9200001010440,01,1,2026-07-06,2015-10-05,"株式会社アイリスコンタクトレンズ",,301,"岐阜県","瑞穂市","本田１０１８番地１",,21,216,5010236,,,,,,,2015-10-05,1,,,,,"アイリスコンタクトレンズ",0
2436,9200001035264,12,0,2026-07-06,2026-07-01,"株式会社ＳＴ保険サービス",,301,"岐阜県","安八郡輪之内町","中郷新田２０７４",,21,382,5030212,,,,,,,2018-06-11,1,,,,,"エスティーホケンサービス",0
2437,9200002010984,21,0,2026-07-06,2026-06-30,"有限会社東海羽島薬品",,302,"岐阜県","羽島市","桑原町小薮４２３番地",,21,209,5016324,,,2026-06-30,01,,,2015-10-05,1,"Tokai Hashima YakuhinCo.,Ltd.","Gifu","423,koyabu kuwabara tyo, Hashima shi",,"トウカイハシマヤクヒン",0
2438,9200003007410,01,0,2026-07-06,2026-07-06,"ｉｃｏｉホールディングス合同会社",,305,"岐阜県","各務原市","緑苑中３丁目２７番地",,21,213,5090114,,,,,,,2026-07-06,1,,,,,"イコイホールディングス",0
2439,9210001000853,12,0,2026-07-06,2026-06-30,"株式会社カルチロード",,301,"東京都","杉並区","本天沼３丁目３４番２０号",,13,115,1670031,,,,,,,2015-10-05,1,,,,,"カルチロード",0
2440,9210001017121,21,0,2026-07-06,2026-06-30,"株式会社ＦＵＫＵＩ　Ｎｏｒｔｈ",,301,"福井県","福井市","高木中央２丁目２７１４番地２",,18,201,9100804,,,2026-06-30,01,,,2018-05-07,1,,,,,"フクイノース",0
2441,9210003002063,01,0,2026-07-06,2026-07-06,"合同会社ヤドリア",,305,"福井県","敦賀市","相生町２０－１",,18,202,9140062,,,,,,,2026-07-06,1,,,,,"ヤドリア",0
2442,9210005006442,01,1,2026-07-06,2015-10-05,"学校法人嶺南学園",,399,"福井県","敦賀市","沓見１６４号元坂ノ尻１番地",,18,202,9140823,,,,,,,2015-10-05,1,,,,,,0
2443,9220002012616,01,1,2026-07-06,2015-10-05,"有限会社東栄商事",,302,"石川県","加賀市","山代温泉桔梗丘１丁目６９番地",,17,206,9220257,,,,,,,2015-10-05,1,,,,,"トウエイショウジ",0
2444,9220005002176,12,0,2026-07-06,2026-07-02,"近江町市場商店街振興組合",,399,"石川県","金沢市","上近江町５０番地１",,17,201,9200905,,,,,,,2015-10-05,1,,,,,"オウミチョウイチバ",0
2445,9230002010222,01,1,2026-07-06,2015-10-05,"有限会社長澤実業",,302,"富山県","南砺市","山見４９４番地の４",,16,210,9320231,,,,,,,2015-10-05,1,,,,,"ナガサワジツギョウ",0
2446,9240001009454,21,0,2026-07-06,2026-06-30,"＿島電機リース株式会社",00000100,301,"広島県","広島市東区","曙５丁目５番５号",00000101,34,102,7320045,,,2026-06-30,01,,,2015-10-05,1,,,,,"ヒロシマデンキリース",0
2447,9240003004180,21,0,2026-07-06,2026-06-26,"合同会社ヘルスプロモーション３１３",,305,"広島県","福山市","伊勢丘８丁目８番１６号",,34,207,7210915,,,2026-06-26,01,,,2019-03-26,1,,,,,"ヘルスプロモーションサンイチサン",0
2448,9250002000642,12,0,2026-07-06,2026-07-01,"有限会社さかた設備社",,302,"山口県","山口市","平井３９１番地１３　２０３号",,35,203,7530831,,,,,,,2015-10-05,1,,,,,"サカタセツビシャ",0
2449,9250002019773,21,0,2026-07-06,2026-07-02,"有限会社ともづる",,302,"山口県","柳井市","伊保庄２５６２番地の２",,35,212,7421352,,,2026-07-02,01,,,2015-10-05,1,,,,,"トモヅル",0
2450,9250005002719,12,0,2026-07-06,2026-07-02,"特定非営利活動法人おもしろファーム",,399,"山口県","宇部市","南小羽山町２丁目１番１３号",,35,202,7550083,,,,,,,2015-10-05,1,,,,,"オモシロファーム",0
2451,9260001041422,01,0,2026-07-06,2026-07-06,"株式会社ＡＢＣ",,301,"岡山県","倉敷市","浅原５３番地３",,33,202,7100007,,,,,,,2026-07-06,1,,,,,"エービーシー",0
2452,9270001009484,01,0,2026-07-06,2026-07-06,"株式会社陸栄",,301,"鳥取県","鳥取市","国府町新町１丁目１１６番地１",,31,201,6808065,,,,,,,2026-07-06,1,,,,,"リクエイ",0
2453,9280001003420,01,1,2026-07-06,2015-10-05,"島根島津株式会社",,301,"島根県","出雲市","斐川町直江２６９８番地",,32,203,6990631,,,,,,,2015-10-05,1,,,,,"シマネシマヅ",0
2454,9280003001562,12,0,2026-07-06,2026-07-01,"ＬｉＭ合同会社",,305,"島根県","出雲市","今市町南本町２０番地１内田興産第二ビルＤ",,32,203,6930003,,,,,,,2021-12-21,1,,,,,"リム",0
2455,9290001068792,01,1,2026-07-06,2015-10-05,"株式会社ニック",,301,"福岡県","糸島市","多久５１０番地４",,40,230,8191134,,,,,,,2015-10-05,1,,,,,"ニック",0
2456,9290001084451,01,1,2026-07-06,2019-03-07,"株式会社ＫＹＳ竜口",,301,"福岡県","福津市","福間南１丁目２９番１号",,40,224,8113212,,,,,,,2019-03-07,1,,,,,"ケーワイエスタツグチ",0
2457,9290001085012,12,0,2026-07-06,2026-06-22,"フォースウェーブ・パートナーズ株式会社",,301,"福岡県","福岡市中央区","天神１丁目１０番２０号天神ビジネスセンタービル６Ｆリージャス天神ビジネスセンター",,40,133,8100001,,,,,,,2019-04-26,1,,,,,"フォースウェーブパートナーズ",0
2458,9290001097684,12,0,2026-07-06,2026-06-26,"株式会社ＯＮＥ　ＳＴＯＲＹ　ＡＷＡＲＤ",,301,"福岡県","福岡市博多区","博多駅前１丁目１５番２０号",,40,132,8120011,,,,,,,2022-05-31,1,,,,,"ワンストーリーアワード",0
2459,9290001114679,01,0,2026-07-06,2026-07-06,"株式会社ネクストリード",,301,"福岡県","福岡市早良区","原２丁目１３番２５－６０３号",,40,137,8140022,,,,,,,2026-07-06,1,,,,,"ネクストリード",0
2460,9290001114704,01,0,2026-07-06,2026-07-06,"株式会社プロスパ",,301,"福岡県","福岡市西区","生の松原２丁目３番２５号",,40,135,8190055,,,,,,,2026-07-06,1,,,,,"プロスパ",0
2461,9290002032830,01,1,2026-07-06,2015-10-05,"有限会社中村商事",,302,"福岡県","糸島市","浦志２丁目１１番１２号",,40,230,8191112,,,,,,,2015-10-05,1,,,,,"ナカムラショウジ",0
2462,9290802024548,01,1,2026-07-06,2015-10-05,"有限会社読売筑豊ビジネスセンター",,302,"福岡県","田川市","千代町１番１８号",,40,206,8260031,,,,,,,2015-10-05,1,,,,,"ヨミウリチクホウビジネスセンター",0
2463,9300001014662,01,0,2026-07-06,2026-07-06,"株式会社原田技研",,301,"佐賀県","佐賀市","諸富町大字徳富１２８５番地１",,41,201,8402104,,,,,,,2026-07-06,1,,,,,"ハラダギケン",0
2464,9300001014670,01,0,2026-07-06,2026-07-06,"株式会社ＲＭＫ　ＡＳＳＥＴ",,301,"佐賀県","神埼市","神埼町鶴３９０１番地１８",,41,210,8420007,,,,,,,2026-07-06,1,,,,,"アールエムケーアセット",0
2465,9300002007509,01,1,2026-07-06,2015-10-05,"有限会社ハママル開発",,302,"佐賀県","藤津郡太良町","大字糸岐１６６５番地１４",,41,441,8491603,,,,,,,2015-10-05,1,,,,,"ハママルカイハツ",0
2466,9300003002483,01,0,2026-07-06,2026-07-06,"合同会社ティーゴーマル",,305,"佐賀県","唐津市","厳木町中島１３５９番地１２",,41,202,8493112,,,,,,,2026-07-06,1,,,,,"ティーゴーマル",0
2467,9310001019140,12,0,2026-07-06,2026-07-02,"株式会社ＳＦＩグループ",,301,"長崎県","東彼杵郡波佐見町","井石郷１５５５番地１",,42,323,8593711,,,,,,,2024-08-06,1,,,,,"エスエフアイグループ",0
2468,9310005000930,01,1,2026-07-06,2015-10-05,"長崎県旅館ホテル生活衛生同業組合",,399,"長崎県","長崎市","栄町５番５号",,42,201,8500875,,,,,,,2015-10-05,1,,,,,"ナガサキケンリョカンホテルセイカツエイセイ",0
2469,9330001017299,12,0,2026-07-06,2026-06-30,"ライトガーデン株式会社",,301,"熊本県","上益城郡益城町","大字広崎２２０７番地",,43,443,8612236,,,,,,,2015-10-05,1,,,,,"ライトガーデン",0
2470,9330001022704,01,1,2026-07-06,2016-04-13,"壱義総合物流株式会社",,301,"熊本県","熊本市北区","清水万石１丁目７番２９号",,43,105,8618068,,,,,,,2016-04-13,1,,,,,"モロミチソウゴウブツリュウ",0
2471,9330002001888,01,1,2026-07-06,2015-10-05,"有限会社おん田",,302,"熊本県","熊本市中央区","帯山７丁目１６番５号",,43,101,8620924,,,,,,,2015-10-05,1,,,,,"オンダ",0
2472,9330002006433,01,1,2026-07-06,2015-10-05,"有限会社高田設備",00097610,302,"熊本県","熊本市南区","畠口町２１５番地",,43,104,8615265,,,,,,,2015-10-05,1,,,,,"タカタセツビ",0
2473,9330005006744,01,1,2026-07-06,2015-10-05,"社会福祉法人慈恵会",,399,"熊本県","天草市","諏訪町１５番５号",,43,215,8630037,,,,,,,2015-10-05,1,,,,,"ジケイカイ",0
2474,9340001028270,01,0,2026-07-06,2026-07-06,"シーエスクリーン株式会社",,301,"鹿児島県","薩摩川内市","中郷町２３４８番地６",,46,215,8950072,,,,,,,2026-07-06,1,,,,,"シーエスクリーン",0
2475,9340001028279,01,0,2026-07-06,2026-07-06,"株式会社八重山製茶",,301,"鹿児島県","霧島市","牧園町万膳１５４７番地５８",,46,218,8996501,,,,,,,2026-07-06,1,,,,,"ヤエヤマセイチャ",0
2476,9350001015615,12,0,2026-07-06,2026-07-03,"宮崎中央建設株式会社",,301,"宮崎県","宮崎市","清武町今泉乙２８９５番地",,45,201,8891602,,,,,,,2019-01-18,1,,,,,"ミヤザキチュウオウケンセツ",0
2477,9360001016959,01,1,2026-07-06,2015-10-05,"株式会社なががに家",,301,"沖縄県","宮古島市","平良字下里１２３６番地１",,47,214,9060013,,,,,,,2015-10-05,1,,,,,"ナガガニヤ",0
2478,9360003013723,12,0,2026-07-06,2026-06-12,"Ｋａｉ　ｎａｎｉ合同会社",,305,"沖縄県","那覇市","前島２丁目１－１６Ｄ．ｇｒａｎＧＥＮ６０１",,47,201,9000016,,,,,,,2024-02-21,1,,,,,"カイナニ",0
2479,9370001039612,01,1,2026-07-06,2016-05-11,"株式会社アシストむとう",,301,"宮城県","仙台市若林区","沖野６丁目２５番１５号",,04,103,9840831,,,,,,,2016-05-11,1,,,,,"アシストムトウ",0
2480,9370001039703,01,1,2026-07-06,2016-05-27,"株式会社日本エナジーカンパニー",,301,"宮城県","仙台市太白区","上野山１丁目１３番３３号",,04,104,9820812,,,,,,,2016-05-27,0,,,,,"ニホンエナジーカンパニー",0
2481,9370001039703,12,1,2026-07-06,2016-10-14,"株式会社日本エナジーカンパニー",,301,"宮城県","仙台市若林区","卸町５丁目２番地の３喜和ビル２Ｆ",,04,103,9840015,,,,,,,2016-05-27,1,,,,,"ニホンエナジーカンパニー",0
2482,9370001046162,01,1,2026-07-06,2020-09-16,"Ｕエステート株式会社",,301,"宮城県","仙台市若林区","なないろの里１丁目１９番地の３メリディアンなないろの里四番館１０１",,04,103,9840017,,,,,,,2020-09-16,0,,,,,,0
2483,9370001046162,12,1,2026-07-06,2021-04-05,"Ｕエステート株式会社",,301,"宮城県","仙台市若林区","なないろの里１丁目１９番地の３伍番館３０５",,04,103,9840017,,,,,,,2020-09-16,0,,,,,,0
2484,9370001046162,12,1,2026-07-06,2024-04-02,"Ｕエステート株式会社",,301,"宮城県","仙台市青葉区","小松島４丁目３１番９－１号",,04,101,9810905,,,,,,,2020-09-16,0,,,,,,0
2485,9370001046162,12,1,2026-07-06,2026-06-29,"Ｕエステート株式会社",,301,"宮城県","仙台市宮城野区","宮城野１丁目４－２８榴ヶ岡パークパレス１階Ｂ",,04,102,9830045,,,,,,,2020-09-16,1,,,,,,0
2486,9370001053951,01,0,2026-07-06,2026-07-06,"株式会社ＳＥＳメディカルサービス",,301,"宮城県","仙台市泉区","泉ケ丘３丁目１９番２３号",,04,105,9813201,,,,,,,2026-07-06,1,,,,,"エスイーエスメディカルサービス",0
2487,9380001026147,12,0,2026-07-06,2026-06-12,"株式会社ＫＦＳライフ設計",,301,"福島県","福島市","舟場町１番２０号リアライズ福島駅前通ビル４階",,07,201,9608103,,,,,,,2015-11-10,0,,,,,"ケーエフエスライフセッケイ",0
2488,9380001026147,11,0,2026-07-06,2026-06-12,"株式会社キャピタル・マネジメント",,301,"福島県","福島市","舟場町１番２０号リアライズ福島駅前通ビル４階",,07,201,9608103,,,,,,,2015-11-10,1,,,,,"キャピタルマネジメント",0
2489,9390001018424,01,0,2026-07-06,2026-07-06,"株式会社ＳｔａｒＬｉｎｋやまがた",,301,"山形県","山形市","大字前明石１１０番地",,06,201,9902352,,,,,,,2026-07-06,1,,,,,"スターリンクヤマガタ",0
2490,9410001014536,01,0,2026-07-06,2026-07-06,"株式会社オートボディコダマ",,301,"秋田県","山本郡三種町","川尻字熊屋敷１３番地１",,05,348,0182402,,,,,,,2026-07-06,1,,,,,"オートボディコダマ",0
2491,9420002010293,21,0,2026-07-06,2026-06-24,"有限会社トータルセフティプランナー",,302,"青森県","八戸市","城下４丁目１０番１７号",,02,203,0310072,,,2026-06-24,01,,,2015-10-05,1,,,,,"トータルセフティプランナー",0
2492,9430001000518,01,1,2026-07-06,2015-10-05,"株式会社安積製茶工場",,301,"北海道","札幌市西区","琴似二条２丁目２番２０号",,01,107,0630812,,,,,,,2015-10-05,1,,,,,"アズミセイチャコウジョウ",0
2493,9430001035992,01,1,2026-07-06,2015-10-05,"株式会社ブレスト",,301,"北海道","札幌市北区","北二十三条西６丁目２番１－１２０１号",,01,102,0010023,,,,,,,2015-10-05,1,,,,,"ブレスト",0
2494,9430003019127,01,0,2026-07-06,2026-07-06,"リンクス合同会社",,305,"北海道","札幌市白石区","本通１８丁目南４番１７－４０２号",,01,104,0030026,,,,,,,2026-07-06,1,,,,,"リンクス",0
2495,9460301003184,01,1,2026-07-06,2015-10-05,"株式会社高間楽器",,301,"北海道","網走市","駒場南７丁目２番１号",,01,211,0930035,,,,,,,2015-10-05,1,,,,,"タカマガッキ",0
2496,9470001009737,01,1,2026-07-06,2015-10-05,"ＳＫトランスポート株式会社",,301,"香川県","善通寺市","原田町１０９０番地１",,37,204,7650032,,,,,,,2015-10-05,0,,,,,"エスケートランスポート",0
2497,9470001009737,12,1,2026-07-06,2020-05-07,"ＳＫトランスポート株式会社",,301,"香川県","三豊市","詫間町松崎２８１５番地１０",,37,208,7691102,,,,,,,2015-10-05,1,,,,,"エスケートランスポート",0
2498,9470001012484,11,0,2026-07-06,2026-06-29,"株式会社茶遊",,301,"香川県","小豆郡小豆島町","馬木甲７３番地１",,37,324,7614426,,,,,,,2015-10-05,1,,,,,"サユウ",0
2499,9470001013697,01,1,2026-07-06,2015-10-05,"エスワイコーポレーション株式会社",,301,"香川県","高松市","多肥下町１５２７番地１",,37,201,7618075,,,,,,,2015-10-05,0,,,,,"エイワイコーポレーション",0
2500,9470001013697,12,1,2026-07-06,2022-02-24,"エスワイコーポレーション株式会社",,301,"香川県","坂出市","川津町６１２２番地",,37,203,7620025,,,,,,,2015-10-05,1,,,,,"エイワイコーポレーション",0
2501,9470002016170,01,1,2026-07-06,2015-10-05,"有限会社ベルワールドヤナギヤ",,302,"香川県","観音寺市","観音寺町甲１１７５番地",,37,205,7680060,,,,,,,2015-10-05,1,,,,,"ベルワールドヤナギヤ",0
2502,9480005004221,21,0,2026-07-06,2026-06-30,"医療法人木下産婦人科内科医院",,399,"徳島県","阿南市","学原町上水田１１番地７",,36,204,7740014,,,2026-06-30,01,,,2015-10-05,1,,,,,"キノシタサンフジンカナイカイイン",0
2503,9500002004403,01,1,2026-07-06,2015-10-05,"中央産業有限会社",,302,"愛媛県","松山市","港山町１番２３号",,38,201,7918085,,,,,,,2015-10-05,0,,,,,"チュウオウサンギョウ",0
2504,9500002004403,12,1,2026-07-06,2026-07-02,"中央産業有限会社",,302,"愛媛県","松山市","清住１丁目６番３号",,38,201,7918055,,,,,,,2015-10-05,1,,,,,"チュウオウサンギョウ",0
2505,9500003003775,01,0,2026-07-06,2026-07-06,"合同会社眞栄",,305,"愛媛県","大洲市","長浜町沖浦丙２１４２",,38,207,7993406,,,,,,,2026-07-06,1,,,,,"シンエイ",0
2506,9500005004400,01,1,2026-07-06,2015-10-05,"社会福祉法人角野町みどり園",,399,"愛媛県","新居浜市","喜光地町２丁目６番８号",,38,205,7920826,,,,,,,2015-10-05,1,,,,,"スミノチョウミドリエン",0
