1,1010001030440,12,0,2026-10-09,2026-09-14,"三井住友海上エイジェンシー・サービス株式会社",,301,"東京都","千代田区","神田司町２丁目１番地",,13,101,1010048,,,,,,,2015-10-05,1,,,,,"ミツイスミトモカイジョウエイジェンシーサービス",0
2,1010001038748,11,0,2026-10-09,2026-10-07,"アルソシアＲｅビルド株式会社",,301,"東京都","中央区","新川２丁目２７番１号",,13,102,1040033,,,,,,,2015-10-05,1,,,,,"アルソシアリビルド",0
3,1010001044382,01,1,2026-10-09,2015-10-05,"株式会社三興水産",,301,"東京都","中央区","入船３丁目１番２号",,13,102,1040042,,,,,,,2015-10-05,0,,,,,"サンコウスイサン",0
4,1010001044382,12,1,2026-10-09,2017-02-14,"株式会社三興水産",,301,"埼玉県","川口市","戸塚東１丁目２４番４号",,11,203,3330802,,,,,,,2015-10-05,1,,,,,"サンコウスイサン",0
5,1010001044837,01,1,2026-10-09,2015-10-05,"ザインエレクトロニクス株式会社",,301,"東京都","千代田区","神田美土代町９番地１",,13,101,1010053,,,,,,,2015-10-05,1,,,,,"ザインエレクトロニクス",0
6,1010001056122,12,0,2026-10-09,2026-10-07,"株式会社ブライト",,301,"東京都","杉並区","下高井戸４丁目４４番１５号",,13,115,1680073,,,,,,,2015-10-05,1,,,,,"ブライト",0
7,1010001087670,21,0,2026-10-09,2026-10-07,"株式会社イトーキシェアードバリュー",,301,"東京都","中央区","入船１丁目８番２号住友入船２号館",,13,102,1040042,,,2026-10-07,11,9120001014301,"令和８年１０月１日大阪市中央区淡路町一丁目６番１１号株式会社イトーキ（9120001014301）に合併し解散",2015-10-05,1,,,,,"イトーキシェアードバリュー",0
8,1010001137013,12,0,2026-10-09,2026-10-06,"ミラクロンジャパン株式会社",,301,"山梨県","南巨摩郡身延町","下山１０２３４番地",,19,365,4092522,,,,,,,2015-10-05,1,,,,,"ミラクロンジャパン",0
9,1010001138085,01,1,2026-10-09,2015-10-05,"株式会社エル・シー・エーホールディングス",,301,"東京都","港区","虎ノ門１丁目１７番１号",,13,103,1050001,,,,,,,2015-10-05,0,,,,,"エルシーエーホールディングス",0
10,1010001138085,12,1,2026-10-09,2016-07-08,"株式会社エル・シー・エーホールディングス",,301,"東京都","港区","南青山２丁目２番１５号ウィン青山９４２",,13,103,1070062,,,,,,,2015-10-05,1,,,,,"エルシーエーホールディングス",0
11,1010001152004,12,0,2026-10-09,2026-09-11,"ジパングアウトソーシングサービス株式会社",,301,"東京都","中央区","新富１丁目１８番８号",,13,102,1040041,,,,,,,2015-10-05,1,,,,,"ジパングアウトソーシングサービス",0
12,1010001222285,12,0,2026-10-09,2026-10-05,"田辺薬局鹿島株式会社",,301,"茨城県","神栖市","砂山１０１４番地３５",,08,232,3140255,,,,,,,2021-11-04,1,,,,,"タナベヤッキョクカシマ",0
13,1010001229264,12,0,2026-10-09,2026-09-11,"株式会社ＥＬＩＮＨＡ　Ｊａｐａｎ",,301,"東京都","中央区","銀座６丁目１０番１号",,13,102,1040061,,,,,,,2022-09-07,1,,,,,"エリナジャパン",0
14,1010001256820,12,0,2026-10-09,2026-09-24,"スコル株式会社",,301,"東京都","文京区","本郷６丁目２２番３－１１０",,13,105,1130033,,,,,,,2025-07-14,1,,,,,"スコル",0
15,1010001269351,01,0,2026-10-09,2026-10-09,"株式会社コアクレスト・パートナーズ",,301,"東京都","中央区","銀座１丁目１２番４号Ｎ＆Ｅ・ＢＬＤ．６Ｆ",,13,102,1040061,,,,,,,2026-10-09,1,,,,,"コアクレストパートナーズ",0
16,1010001269376,01,0,2026-10-09,2026-10-09,"株式会社Ａｇｅｎｔ　Ｆｌｅｅｔ",,301,"東京都","中央区","八丁堀２丁目１４－１住友不動産八重洲通ビル４階",,13,102,1040032,,,,,,,2026-10-09,1,,,,,"エージェントフリート",0
17,1010001269401,01,0,2026-10-09,2026-10-09,"煌源ホールディングス株式会社",,301,"東京都","中央区","日本橋蛎殻町１丁目３番６号１階",,13,102,1030014,,,,,,,2026-10-09,1,,,,,"コウゲンホールディングス",0
18,1010003035124,12,0,2026-10-09,2026-10-06,"ｐｏｎｏ合同会社",,305,"東京都","世田谷区","用賀４丁目９番１２号Ａｓｔａｇｅ用賀Ｂ１",,13,112,1580097,,,,,,,2021-06-24,1,,,,,"ポノ",0
19,1010003048489,12,0,2026-10-09,2026-10-06,"ＡＤＩＦ　ＪＡＰＡＮスマートファンド合同会社",,305,"東京都","港区","麻布十番１丁目１０番１０号ジュールＡ６階",,13,103,1060045,,,,,,,2025-08-22,1,,,,,"アディフジャパンスマートファンド",0
20,1010003052284,12,0,2026-10-09,2026-09-09,"Ｋ．ＹＡＳＵＩ合同会社",,305,"東京都","中央区","銀座１丁目２２番１１号銀座大竹ビジデンス２階",,13,102,1040061,,,,,,,2026-08-20,1,,,,,"ケイドットワイエーエスユーアイ",0
21,1010005022475,12,0,2026-10-09,2026-10-06,"一般社団法人日本毒性学会",,399,"宮城県","仙台市宮城野区","日の出町２丁目４－２",,04,102,9830035,,,,,,,2015-10-05,1,,,,,"ニホンドクセイガッカイ",0
22,1010401029826,11,0,2026-10-09,2026-10-01,"株式会社ヤナセホールディングス",,301,"東京都","港区","芝浦１丁目６番３８号",,13,103,1050023,,,,,,,2015-10-05,1,,,,,"ヤナセホールディングス",0
23,1010401077486,12,0,2026-10-09,2026-09-09,"Ｐｅｐｐｅｒ　Ｆｉｎａｎｃｅ　Ｊａｐａｎ株式会社",,301,"東京都","港区","六本木５丁目１５番１２号",,13,103,1060032,,,,,,,2015-10-05,1,,,,,,0
24,1010401080498,12,0,2026-10-09,2026-10-06,"ライフダインキャピタル株式会社",,301,"東京都","港区","北青山１丁目４番１号",,13,103,1070061,,,,,,,2015-10-05,1,,,,,"ライフダインキャピタル",0
25,1010401083410,21,0,2026-10-09,2026-10-01,"八重洲商工株式会社",,301,"東京都","中央区","八重洲２丁目１０番１７号",,13,102,1040028,,,2026-10-01,11,3010001046105,"令和８年１０月１日東京都中央区八重洲二丁目１０番１７号商工中金オペレーションパートナーズ株式会社（3010001046105）に合併し解散",2015-10-05,1,,,,,"ヤエスショウコウ",0
26,1010401120114,12,0,2026-10-09,2026-10-06,"成上株式会社",,301,"東京都","港区","赤坂２丁目５番８号ヒューリックＪＰ赤坂ビル３Ｆ",,13,103,1070052,,,,,,,2015-10-05,1,,,,,"セイジョウ",0
27,1010401125856,21,0,2026-10-09,2026-10-05,"株式会社Ｒ－ＧＡＴＥ八幡平",,301,"岩手県","八幡平市","叺田７０番地",,03,214,0287533,,,2026-10-05,01,,,2016-07-20,1,,,,,"アールゲートハチマンタイ",0
28,1010401176115,12,0,2026-10-09,2026-09-28,"ＢＴＣリンク株式会社",,301,"東京都","港区","虎ノ門４丁目１番４０号江戸見坂森ビル５階",,13,103,1050001,,,,,,,2023-08-03,1,,,,,"ビーティーシーリンク",0
29,1010401184893,71,0,2026-10-09,2026-10-01,"Ｂｉｌｌホールディングス株式会社",,301,"愛知県","名古屋市昭和区","御器所３丁目１０番５号",,23,107,4660051,,,,,,"令和８年１０月１日名古屋市港区大西一丁目１２４番地の１Ａホールディングス株式会社（5180001157296）を合併",2024-09-04,1,,,,,"ビルホールディングス",0
30,1010401192070,12,0,2026-10-09,2026-09-04,"株式会社地域医療革新機構",,301,"東京都","港区","三田３丁目９番１１号日本生命三田ビルＲａｎｄＬＴＡＫＡＮＡＷＡＧＡＴＥＷＡＹ",,13,103,1080073,,,,,,,2025-07-29,1,,,,,"チイキイリョウカクシンキコウ",0
31,1010401202275,01,0,2026-10-09,2026-10-09,"株式会社ダイバースホームズ",,301,"東京都","港区","白金６丁目３番５号",,13,103,1080072,,,,,,,2026-10-09,1,,,,,"ダイバースホームズ",0
32,1010401202498,01,0,2026-10-09,2026-10-09,"インサイドマーケティング株式会社",,301,"東京都","港区","新橋１丁目１番１号日比谷フォートタワー１０Ｆ",,13,103,1050004,,,,,,,2026-10-09,1,,,,,"インサイドマーケティング",0
33,1010401202507,01,0,2026-10-09,2026-10-09,"ｍｙｔｏ株式会社",,301,"東京都","港区","芝３丁目８番１－３０２号",,13,103,1050014,,,,,,,2026-10-09,1,,,,,"マイト",0
34,1010401202523,01,0,2026-10-09,2026-10-09,"株式会社ＬＥＮＯＭ",,301,"東京都","港区","六本木６丁目１番２４号ラピロス六本木５階５－６２",,13,103,1060032,,,,,,,2026-10-09,1,,,,,"レノム",0
35,1010401202564,01,0,2026-10-09,2026-10-09,"株式会社ランプレイ瞬道",,301,"東京都","港区","南青山３丁目９番９号",,13,103,1070062,,,,,,,2026-10-09,1,,,,,"ランプレイシュンドウ",0
36,1010401202671,01,0,2026-10-09,2026-10-09,"株式会社タキノル",,301,"東京都","港区","白金１丁目１番８号グレース白金３０２",,13,103,1080072,,,,,,,2026-10-09,1,,,,,"タキノル",0
37,1010401202705,01,0,2026-10-09,2026-10-09,"株式会社琥珀の杜",,301,"東京都","港区","虎ノ門３丁目１８番６号朝日虎ノ門マンション６１４号",,13,103,1050001,,,,,,,2026-10-09,1,,,,,"コハクノモリ",0
38,1010401202721,01,0,2026-10-09,2026-10-09,"Ｒａｇｉｃ　Ｊａｐａｎ株式会社",,301,"東京都","港区","六本木７丁目１５番７号",,13,103,1060032,,,,,,,2026-10-09,1,,,,,"ラジックジャパン",0
39,1010401202738,01,0,2026-10-09,2026-10-09,"株式会社くろこ",,301,"東京都","港区","北青山１丁目３番３号三橋ビル３階",,13,103,1070061,,,,,,,2026-10-09,1,,,,,"クロコ",0
40,1010403039212,01,0,2026-10-09,2026-10-09,"Ｒａｖｏｎａ　Ｐａｒｔｎｅｒｓ合同会社",,305,"東京都","港区","高輪１丁目４－２６ザ・パークハウス高輪松ヶ丘１０４号室",,13,103,1080074,,,,,,,2026-10-09,1,,,,,"ラヴォナパートナーズ",0
41,1010403039229,01,0,2026-10-09,2026-10-09,"合同会社ＸＹＺＦＯＲＧＥ",,305,"東京都","港区","北青山２丁目１２－８、１Ｆ～４Ｆ",,13,103,1070061,,,,,,,2026-10-09,1,,,,,"エックスワイゼットフォージ",0
42,1010403039237,01,0,2026-10-09,2026-10-09,"合同会社ＸＹＺＮＥＳＴ",,305,"東京都","港区","東麻布２丁目２２－５ＡＺＡＢＵＥＡＳＴＣＯＵＲＴ１Ｆ",,13,103,1060044,,,,,,,2026-10-09,1,,,,,"エックスワイゼットネスト",0
43,1010403039328,01,0,2026-10-09,2026-10-09,"ＡＰＡＣ　Ｔａｒｇｅｔｅｄ２Ｈｏｌｄｉｎｇ合同会社",,305,"東京都","港区","六本木１丁目９番１０号アークヒルズ仙石山森タワー４０階",,13,103,1060032,,,,,,,2026-10-09,1,,,,,"エイパックターゲテッドツーホールディング",0
44,1010405020946,21,0,2026-10-09,2026-10-02,"一般社団法人Ｗｏｍｅｎ’ｓ　Ｌｅａｄｅｒｓｈｉｐ　Ｐｉｐｅｌｉｎｅ",,399,"東京都","中央区","銀座７丁目１３番６号",,13,102,1040061,,,2026-10-02,01,,,2022-05-11,1,,,,,"ウィメンズリーダーシップパイプライン",0
45,1010405026258,01,0,2026-10-09,2026-10-09,"一般社団法人ＴＭパワーリンク",,399,"東京都","港区","西新橋１丁目１８番１７号明産西新橋ビル３Ｆ",,13,103,1050003,,,,,,,2026-10-09,1,,,,,"ティーエムパワーリンク",0
46,1010405026266,01,0,2026-10-09,2026-10-09,"ＡＴＦ　Ｈｏｌｄｉｎｇ一般社団法人",,399,"東京都","港区","六本木１丁目９番１０号アークヒルズ仙石山森タワー４０階",,13,103,1060032,,,,,,,2026-10-09,1,,,,,"エーティーエフホールディング",0
47,1010505000591,11,0,2026-10-09,2026-10-05,"医療法人社団森海星",,399,"東京都","台東区","三筋１丁目７番３号",,13,106,1110055,,,,,,,2015-10-05,1,,,,,,0
48,1010601003110,71,0,2026-10-09,2026-09-30,"木村物産株式会社",,301,"東京都","江東区","新木場２丁目６番１号",,13,108,1360082,,,,,,"令和８年９月３０日東京都江東区新木場二丁目６番１号株式会社ティー・ピー・シー（3010601004899）を合併",2015-10-05,1,,,,,"キムラブッサン",0
49,1010601058550,12,0,2026-10-09,2026-10-06,"株式会社Ｂｉｏｐｈｉｌｉｃ　Ｄｅｓｉｇｎ",,301,"東京都","小平市","鈴木町１丁目４８９番８号",,13,211,1870011,,,,,,,2020-12-24,1,,,,,"バイオフィリックデザイン",0
50,1010602034063,01,1,2026-10-09,2015-10-05,"有限会社むうずネットワーク",,302,"東京都","江東区","亀戸５丁目１７番１６号",,13,108,1360071,,,,,,,2015-10-05,1,,,,,"ムウズネットワーク",0
51,1010701023396,12,0,2026-10-09,2026-10-06,"株式会社ニワカンパニー",,301,"神奈川県","川崎市中原区","新丸子東１丁目８３２番地８－３０３",,14,133,2110004,,,,,,,2015-10-05,1,,,,,"ニワカンパニー",0
52,1010701050259,01,0,2026-10-09,2026-10-09,"株式会社エース",,301,"東京都","品川区","西五反田１丁目２６番２－９１１号",,13,109,1410031,,,,,,,2026-10-09,1,,,,,"エース",0
53,1010801037809,01,0,2026-10-09,2026-10-09,"株式会社サンテック",,301,"東京都","大田区","中央４丁目７番１号",,13,111,1430024,,,,,,,2026-10-09,1,,,,,"サンテック",0
54,1010803006002,01,0,2026-10-09,2026-10-09,"松嶋合同会社",,305,"東京都","大田区","田園調布１丁目５９番１号",,13,111,1450071,,,,,,,2026-10-09,1,,,,,"マツシマ",0
55,1010901015441,12,0,2026-10-09,2026-10-01,"株式会社グランデ",,301,"東京都","渋谷区","渋谷１丁目７番７号",,13,113,1500002,,,,,,,2015-10-05,1,,,,,"グランデ",0
56,1010901040613,21,0,2026-10-09,2026-09-16,"株式会社ＪＦアイビー",,301,"東京都","世田谷区","上北沢１丁目２０番２６－１０３号",,13,112,1560057,,,2026-09-16,01,,,2017-08-04,1,,,,,"ジェイエフアイビー",0
57,1010901041669,12,0,2026-10-09,2026-10-07,"株式会社ＵＲＩ",,301,"千葉県","市原市","惣社１丁目１１番地６",,12,219,2900023,,,,,,,2018-03-12,1,,,,,"ユーアールアイ",0
58,1010901045018,12,0,2026-10-09,2026-10-06,"イーランサー・ジャパン株式会社",,301,"東京都","港区","虎ノ門４丁目１番１号神谷町トラストタワー２３階",,13,103,1050001,,,,,,,2019-10-17,1,,,,,"イーランサージャパン",0
59,1010901058944,12,0,2026-10-09,2026-09-17,"株式会社ｃａｄｅｎａ",,301,"東京都","世田谷区","太子堂４丁目１８番１５号ＴＡＳＵＫＩ・ＰＲＩＭＥ・ＳＡＮＧＥＮＪＡＹＡ３Ｆ－３",,13,112,1540004,,,,,,,2026-02-12,1,,,,,"カデナ",0
60,1011001117178,01,1,2026-10-09,2017-07-13,"株式会社デジタルアイデンティティ",,301,"東京都","渋谷区","恵比寿南１丁目１５番１号",,13,113,1500022,,,,,,,2017-07-13,0,,,,,"デジタルアイデンティティ",0
61,1011001117178,71,1,2026-10-09,2022-09-08,"株式会社デジタルアイデンティティ",,301,"東京都","渋谷区","恵比寿南１丁目１５番１号",,13,113,1500022,,,,,,"令和４年９月１日東京都渋谷区恵比寿南一丁目１５番１号株式会社ＭｅｄｉａＦｏｘ（4012801019593）を合併",2017-07-13,0,,,,,"デジタルアイデンティティ",0
62,1011001117178,71,1,2026-10-09,2023-01-04,"株式会社デジタルアイデンティティ",,301,"東京都","渋谷区","恵比寿南１丁目１５番１号",,13,113,1500022,,,,,,"令和５年１月１日東京都渋谷区恵比寿南一丁目１５番１号株式会社ＤＩ　Ｍａｒｋｅｔｉｎｇ　Ｐａｒｔｎｅｒｓ（7011001045786）を合併",2017-07-13,0,,,,,"デジタルアイデンティティ",0
63,1011001117178,71,1,2026-10-09,2026-04-10,"株式会社デジタルアイデンティティ",,301,"東京都","渋谷区","恵比寿南１丁目１５番１号",,13,113,1500022,,,,,,"令和８年４月１日東京都渋谷区広尾一丁目３番１８号広尾オフィス・ビル１０階株式会社ミンツプランニング（2011001070640）を合併",2017-07-13,1,,,,,"デジタルアイデンティティ",0
64,1011001129322,12,0,2026-10-09,2026-09-14,"株式会社マフィン",,301,"東京都","港区","赤坂２丁目１６番６号ＢＩＺＭＡＲＫＳ赤坂",,13,103,1070052,,,,,,,2019-08-05,1,,,,,"マフィン",0
65,1011001180812,01,0,2026-10-09,2026-10-09,"株式会社４９",,301,"東京都","渋谷区","猿楽町２番１号アベニューサイド代官山ＩＩＩ２階・３階",00145210,13,113,1500033,,,,,,,2026-10-09,1,,,,,"シック",0
66,1011001180928,01,0,2026-10-09,2026-10-09,"グランベルク株式会社",,301,"東京都","渋谷区","本町６丁目３４番８号ＨＡＯ６３４ビル２０５",,13,113,1510071,,,,,,,2026-10-09,1,,,,,"グランベルク",0
67,1011001180936,01,0,2026-10-09,2026-10-09,"株式会社ＫＩＳＨＯ",,301,"東京都","渋谷区","広尾２丁目１４番２４号",,13,113,1500012,,,,,,,2026-10-09,1,,,,,"キショウ",0
68,1011001180944,01,0,2026-10-09,2026-10-09,"ペリーリッジ株式会社",,301,"東京都","渋谷区","渋谷１丁目１５番１５－１４０９号テラス渋谷美竹",,13,113,1500002,,,,,,,2026-10-09,1,,,,,"ペリーリッジ",0
69,1011001180993,01,0,2026-10-09,2026-10-09,"スカイアンツ株式会社",,301,"東京都","渋谷区","神宮前４丁目２３番３号",,13,113,1500001,,,,,,,2026-10-09,1,,,,,"スカイアンツ",0
70,1011003025453,01,0,2026-10-09,2026-10-09,"ＦｉＭＺ　ＡＧＥＮＣＹ合同会社",,305,"東京都","渋谷区","恵比寿西２丁目４番８号ウィンド恵比寿ビル８Ｆ",,13,113,1500021,,,,,,,2026-10-09,1,,,,,"フィムズエージェンシー",0
71,1011003025478,01,0,2026-10-09,2026-10-09,"合同会社ＴＥＮＴＯＮ　ＷＯＲＫＳ",,305,"東京都","渋谷区","恵比寿西２丁目４番８号ウィンド恵比寿ビル８Ｆ",,13,113,1500021,,,,,,,2026-10-09,1,,,,,"テントオンワークス",0
72,1011003025503,01,0,2026-10-09,2026-10-09,"合同会社コンバン",,305,"東京都","渋谷区","神宮前５丁目５１番８号ラ・ポルト青山２Ｆ－７",,13,113,1500001,,,,,,,2026-10-09,1,,,,,"コンバン",0
73,1011101015348,01,1,2026-10-09,2015-10-05,"株式会社中陣",,301,"東京都","新宿区","西新宿８丁目１２番７号",,13,104,1600023,,,,,,,2015-10-05,1,,,,,"ナカジン",0
74,1011101052184,12,0,2026-10-09,2026-10-01,"株式会社リコルド",,301,"東京都","千代田区","九段北１丁目１５番１２号",,13,101,1020073,,,,,,,2015-10-05,1,,,,,"リコルド",0
75,1011101056623,12,0,2026-10-09,2026-10-06,"株式会社グロービズ",,301,"東京都","中央区","日本橋本町３丁目９番４号",,13,102,1030023,,,,,,,2015-10-05,1,,,,,"グロービズ",0
76,1011101096363,12,0,2026-10-09,2026-09-24,"株式会社ＹＯＯＨ",,301,"神奈川県","横浜市港北区","大曽根１丁目２５番１６号大倉山ビル２Ｆ",,14,109,2220003,,,,,,,2021-09-27,1,,,,,"ヨー",0
77,1011101117499,01,0,2026-10-09,2026-10-09,"株式会社ＩＡ　ＭＩＲＡＣＯＬＯ",,301,"東京都","新宿区","西新宿３丁目３番１３号西新宿水間ビル２Ｆ",,13,104,1600023,,,,,,,2026-10-09,1,,,,,"イアミラコロ",0
78,1011101117598,01,0,2026-10-09,2026-10-09,"ＭＯＲＩ　ＡＳＡＨＩ　ＤＥＶＥＬＯＰＭＥＮＴ株式会社",,301,"東京都","新宿区","四谷三栄町１１番１６号",,13,104,1600008,,,,,,,2026-10-09,1,,,,,"モリアサヒデベロップメント",0
79,1011103011295,12,0,2026-10-09,2026-10-06,"合同会社やったるで",,305,"愛知県","名古屋市中区","栄４丁目１２番５号和光ビル２階",,23,106,4600008,,,,,,,2021-12-21,1,,,,,"ヤッタルデ",0
80,1011103013358,21,0,2026-10-09,2026-09-11,"ＯＭ　Ｃｒｅａｔｉｖｅ合同会社",,305,"東京都","新宿区","西新宿３丁目３番１３号西新宿水間ビル２Ｆ",,13,104,1600023,,,2026-09-11,01,,,2023-08-08,1,,,,,"オーエムクリエイティブ",0
81,1011103013589,21,0,2026-10-09,2026-09-10,"合同会社蓮華",,305,"東京都","新宿区","若松町１６－６パセオ東新宿２０３",,13,104,1620056,,,2026-09-10,01,,,2023-10-11,1,,,,,"レンゲ",0
82,1011103018084,01,0,2026-10-09,2026-10-09,"合同会社Ｍｅｒｃａ",,305,"東京都","新宿区","西新宿７丁目５番５号ＰＬＡＺＡ西新宿４０６",,13,104,1600023,,,,,,,2026-10-09,1,,,,,"メルカ",0
83,1011301025683,12,0,2026-10-09,2026-10-07,"株式会社ＨＩＫＡＲＩ　ＰＯＷＥＲ",,301,"東京都","中央区","新富１丁目９番９号",,13,102,1040041,,,,,,,2020-02-10,1,,,,,"ヒカリパワー",0
84,1011601026349,12,0,2026-10-09,2026-09-10,"株式会社ＯＨＡＮＡ",,301,"東京都","新宿区","西新宿３丁目３番１３号西新宿水間ビル２Ｆ",,13,104,1600023,,,,,,,2022-11-07,1,,,,,"オハナ",0
85,1011701025036,12,0,2026-10-09,2026-09-14,"株式会社リルームプロ",,301,"東京都","千代田区","麹町６丁目２番地６－３０３",,13,101,1020083,,,,,,,2022-02-08,1,,,,,"リルームプロ",0
86,1011701029813,01,0,2026-10-09,2026-10-09,"株式会社ＫＴＹ",,301,"東京都","江戸川区","松江３丁目１４番９号",,13,123,1320025,,,,,,,2026-10-09,1,,,,,"ケーティーワイ",0
87,1011702013171,21,0,2026-10-09,2026-10-02,"有限会社宮遠",,302,"東京都","江戸川区","春江町２丁目６番１４号",,13,123,1320003,,,2026-10-02,01,,,2015-10-05,1,,,,,"ミヤトオ",0
88,1011801044332,12,0,2026-10-09,2026-10-05,"株式会社ケアサービス末広",,301,"東京都","足立区","足立３丁目３６番１６号山川ビル１階１号室",,13,121,1200015,,,,,,,2024-06-05,1,,,,,"ケアサービススエヒロ",0
89,1011802001679,01,1,2026-10-09,2015-10-05,"有限会社オフィスホサカ",,302,"東京都","葛飾区","四つ木４丁目４番６号",,13,122,1240011,,,,,,,2015-10-05,0,,,,,"オフィスホサカ",0
90,1011802001679,12,1,2026-10-09,2026-10-02,"有限会社オフィスホサカ",,302,"東京都","葛飾区","四つ木４丁目４番５号ガーデンズソレイユ１Ｆ",,13,122,1240011,,,,,,,2015-10-05,1,,,,,"オフィスホサカ",0
91,1011802011546,21,0,2026-10-09,2026-10-05,"有限会社河内陶業",,302,"東京都","足立区","東和５丁目１０番１５－１０１号",,13,121,1200003,,,2026-10-05,01,,,2015-10-05,1,,,,,,0
92,1012801017773,21,0,2026-10-09,2026-09-17,"株式会社ライズ",,301,"東京都","日野市","程久保２丁目２４番地の１０",,13,212,1910042,,,2026-09-17,01,,,2017-02-08,1,,,,,"ライズ",0
93,1012802001693,21,0,2026-10-09,2026-09-15,"有限会社鳥豊",,302,"東京都","立川市","柴崎町３丁目４番８号",,13,202,1900023,,,2026-09-15,01,,,2015-10-05,1,,,,,"トリトヨ",0
94,1012802004928,01,1,2026-10-09,2015-10-05,"有限会社ファミリア",,302,"東京都","武蔵村山市","学園３丁目３４番地の２",,13,223,2080011,,,,,,,2015-10-05,0,,,,,"ファミリア",0
95,1012802004928,12,1,2026-10-09,2017-07-19,"有限会社ファミリア",,302,"東京都","武蔵村山市","神明３丁目１１９番地の６",,13,223,2080002,,,,,,,2015-10-05,0,,,,,"ファミリア",0
96,1012802004928,12,1,2026-10-09,2026-04-07,"有限会社ファミリア",,302,"東京都","東大和市","新堀２丁目１４８９番地の２",,13,220,2070012,,,,,,,2015-10-05,1,,,,,"ファミリア",0
97,1013301007133,01,1,2026-10-09,2015-10-05,"株式会社タカノカイロプラクティックオフィス",,301,"東京都","豊島区","上池袋２丁目２番８号",,13,116,1700012,,,,,,,2015-10-05,0,,,,,"タカノカイロプラクティックオフィス",0
98,1013301007133,21,0,2026-10-09,2026-09-29,"株式会社タカノカイロプラクティックオフィス",,301,"東京都","豊島区","上池袋２丁目２番８号",,13,116,1700012,,,2026-09-29,01,,,2015-10-05,1,,,,,"タカノカイロプラクティックオフィス",0
99,1013301056675,12,0,2026-10-09,2026-10-07,"株式会社ＮＥＸＥＥＤ",,301,"東京都","千代田区","神田松永町１３番地ＶＯＲＴ秋葉原ＩＩ８階",00145209,13,101,1010023,,,,,,,2026-09-01,1,,,,,"ネクシード",0
100,1013301056873,01,0,2026-10-09,2026-10-09,"ＧＯＯＤＳＰＡＲＴＹ株式会社",,301,"東京都","豊島区","東池袋２丁目６２番８号ＢＩＧオフィスプラザ池袋１２０６",,13,116,1700013,,,,,,,2026-10-09,1,,,,,"グッズパーティー",0
101,1013301056881,01,0,2026-10-09,2026-10-09,"カズテム株式会社",,301,"東京都","豊島区","巣鴨３丁目３４番３号",,13,116,1700002,,,,,,,2026-10-09,1,,,,,"カズテム",0
102,1020001035372,01,1,2026-10-09,2015-10-05,"株式会社細谷興業",,301,"神奈川県","横浜市瀬谷区","本郷１丁目７７番地１",,14,114,2460015,,,,,,,2015-10-05,1,,,,,"ホソヤコウギョウ",0
103,1020001096605,01,1,2026-10-09,2015-10-05,"株式会社さかのうえ",,301,"神奈川県","横浜市港北区","日吉４丁目５番３号",,14,109,2230061,,,,,,,2015-10-05,1,,,,,"サカノウエ",0
104,1020001145683,12,0,2026-10-09,2026-09-25,"株式会社Ｔｒｕｓｔ",,301,"神奈川県","川崎市多摩区","登戸２８５３－３－１０１",,14,135,2140014,,,,,,,2022-03-17,1,,,,,"トラスト",0
105,1020001170748,01,0,2026-10-09,2026-10-09,"株式会社ナカガワ",,301,"神奈川県","横浜市金沢区","六浦１丁目１３番８号",,14,108,2360031,,,,,,,2026-10-09,1,,,,,"ナカガワ",0
106,1020003029876,12,0,2026-10-09,2026-09-08,"合同会社ｉｎａｒｅ",,305,"神奈川県","川崎市麻生区","王禅寺東４丁目２８番４号",,14,137,2150018,,,,,,,2025-12-08,1,,,,,"イナリ",0
107,1021001025207,12,0,2026-10-09,2026-09-17,"株式会社コスモグラフ",,301,"神奈川県","大和市","南林間１丁目８番７号デルタビルディング３Ｆ",,14,213,2420006,,,,,,,2015-10-05,1,,,,,"コスモグラフ",0
108,1021001060039,01,1,2026-10-09,2016-08-15,"株式会社ワンハート",,301,"神奈川県","藤沢市","遠藤６９０番地の３羽根沢１－５０５",,14,205,2520816,,,,,,,2016-08-15,1,,,,,"ワンハート",0
109,1021002047555,12,0,2026-10-09,2026-09-25,"有限会社ｄｅｓｔｉｎｏ",,302,"神奈川県","大和市","大和南１丁目６－１１",,14,213,2420016,,,,,,,2015-10-05,1,,,,,,0
110,1021002061721,21,0,2026-10-09,2026-09-17,"有限会社エコファンドジャパン",,302,"神奈川県","平塚市","田村８丁目１２番２２号",,14,203,2540013,,,2026-09-17,01,,,2015-10-05,1,,,,,"エコファンドジャパン",0
111,1021003010322,12,0,2026-10-09,2026-10-07,"Ｍａｒｉｃｉ合同会社",,305,"東京都","渋谷区","道玄坂１丁目１０番８号渋谷道玄坂東急ビル２Ｆ－Ｃ",,13,113,1500043,,,,,,,2021-04-06,1,,,,,"マリーチ",0
112,1021003014397,12,0,2026-10-09,2026-09-17,"ＪＤＭ　ＣＡＲＦＯＲＴ合同会社",,305,"神奈川県","愛甲郡愛川町","中津１０６４番地３－１０３号",,14,401,2430303,,,,,,,2024-04-24,1,,,,,"ジェイディエムカーフォート",0
113,1021003017953,01,0,2026-10-09,2026-10-09,"ＳＡＮＫＩＲＫ　ＡＤＶＩＳＯＲＹ合同会社",,305,"神奈川県","藤沢市","辻堂西海岸３丁目１番４１～５０１号",,14,205,2510046,,,,,,,2026-10-09,1,,,,,"サンカークアドバイザリー",0
114,1030001012874,01,1,2026-10-09,2015-10-05,"株式会社アートガレージ",,301,"埼玉県","さいたま市大宮区","堀の内町１丁目２３０番地２武井荘１０２",,11,103,3300804,,,,,,,2015-10-05,1,,,,,"アートガレージ",0
115,1030001145195,21,0,2026-10-09,2026-09-24,"株式会社ＩＸＩＴ",,301,"埼玉県","新座市","野寺４丁目１番９号",,11,230,3520034,,,2026-09-24,01,,,2021-11-05,1,,,,,"イグジット",0
116,1030001167710,12,0,2026-10-09,2026-10-06,"株式会社ＤａｖｉｎｃｉＸ",,301,"東京都","渋谷区","恵比寿１丁目５番７号昭和えびすビル６０４号室",,13,113,1500013,,,,,,,2025-07-17,1,,,,,"ダヴィンチエックス",0
117,1030001173956,12,0,2026-10-09,2026-10-02,"ＩＡＳ株式会社",,301,"埼玉県","北葛飾郡松伏町","大字下赤岩５２番地１",,11,465,3430116,,,,,,,2026-08-26,1,,,,,"アイエイエス",0
118,1030001174533,01,0,2026-10-09,2026-10-09,"株式会社ビリブラ",,301,"埼玉県","和光市","新倉１丁目２９番５６号",,11,229,3510115,,,,,,,2026-10-09,1,,,,,"ビリブラ",0
119,1030002097477,01,1,2026-10-09,2015-10-05,"有限会社スギタ",,302,"埼玉県","比企郡小川町","大字増尾４４１番地の１",,11,343,3550332,,,,,,,2015-10-05,0,,,,,"スギタ",0
120,1030002097477,12,1,2026-10-09,2016-04-13,"有限会社スギタ",,302,"埼玉県","比企郡小川町","大字増尾６１番地２",,11,343,3550332,,,,,,,2015-10-05,1,,,,,"スギタ",0
121,1030003020082,12,0,2026-10-09,2026-10-06,"ＨＹパートナーズ合同会社",,305,"東京都","文京区","千石１丁目１５番２号",,13,105,1120011,,,,,,,2022-08-25,1,,,,,"エイチワイパートナーズ",0
122,1030003030115,01,0,2026-10-09,2026-10-09,"合同会社アセットフロー",,305,"埼玉県","川口市","安行出羽３丁目７番２３号",,11,203,3340052,,,,,,,2026-10-09,1,,,,,"アセットフロー",0
123,1040001081869,12,0,2026-10-09,2026-09-14,"青真エンタープライズ株式会社",,301,"千葉県","市川市","南行徳４丁目４番５号",,12,203,2720138,,,,,,,2015-10-05,1,,,,,"アオシンエンタープライズ",0
124,1040001145500,01,0,2026-10-09,2026-10-09,"Ｋａｋｉｈｉｒｏ株式会社",,301,"千葉県","柏市","西原２丁目６番２８号ハイツ藤１０６号",,12,217,2770885,,,,,,,2026-10-09,1,,,,,"カキヒロ",0
125,1040001145525,01,0,2026-10-09,2026-10-09,"ランドブリッジ不動産株式会社",,301,"千葉県","浦安市","堀江３丁目２１番１０号",,12,227,2790041,,,,,,,2026-10-09,1,,,,,"ランドブリッジフドウサン",0
126,1040001145599,01,0,2026-10-09,2026-10-09,"株式会社山貴",,301,"千葉県","船橋市","行田町３５４番地２５",,12,204,2730043,,,,,,,2026-10-09,1,,,,,"ヤマタカ",0
127,1040002007352,01,1,2026-10-09,2015-10-05,"有限会社千印商事",,302,"千葉県","千葉市美浜区","高浜２丁目１番１５号株式会社シンヨウ・ロジ内",,12,106,2610003,,,,,,,2015-10-05,1,,,,,"チジルシショウジ",0
128,1040002045583,01,1,2026-10-09,2015-10-05,"有限会社けんもち",,302,"千葉県","松戸市","南花島３丁目５６番地の１７",,12,207,2710065,,,,,,,2015-10-05,1,,,,,"ケンモチ",0
129,1040003009208,12,0,2026-10-09,2026-10-07,"合同会社ヘイスト",,305,"東京都","新宿区","筑土八幡町６番１６号Ａｐｔ．Ａ２０２",,13,104,1620815,,,,,,,2016-10-25,1,,,,,"ヘイスト",0
130,1040003030840,01,0,2026-10-09,2026-10-09,"合同会社とろや興業",,305,"千葉県","千葉市中央区","都町３丁目３２－１１－２０３",,12,101,2600001,,,,,,,2026-10-09,1,,,,,"トロヤコウギョウ",0
131,1050001035080,12,0,2026-10-09,2026-10-08,"株式会社リベリオン",,301,"東京都","渋谷区","恵比寿４丁目９番１５号ＨＡＧＩＷＡＲＡＢＬＤＧ．５－６Ｆ",,13,113,1500013,,,,,,,2015-10-05,1,,,,,"リベリオン",0
132,1050001059022,01,0,2026-10-09,2026-10-09,"弘農園株式会社",,301,"茨城県","猿島郡境町","大字山崎１２８４番地５",,08,546,3060413,,,,,,,2026-10-09,1,,,,,"コウノウエン",0
133,1050005013883,01,0,2026-10-09,2026-10-09,"医療法人うめはら",,399,"茨城県","神栖市","大野原２丁目６番６号",,08,232,3140144,,,,,,,2026-10-09,1,,,,,"ウメハラ",0
134,1060001023563,12,0,2026-10-09,2026-10-02,"株式会社パワーライフサポート",,301,"栃木県","宇都宮市","東簗瀬１丁目３番地２１",,09,201,3210925,,,,,,,2015-10-05,1,,,,,"パワーライフサポート",0
135,1060001036516,21,0,2026-10-09,2026-09-30,"株式会社ブービーメーカー",,301,"栃木県","栃木市","西方町金崎７５４－３",,09,203,3220601,,,2026-09-30,01,,,2023-11-09,1,,,,,"ブービーメーカー",0
136,1060002025427,12,0,2026-10-09,2026-10-01,"株式会社相馬運輸",,301,"栃木県","那須塩原市","一区町１０４番地８９",,09,213,3292732,,,,,,,2015-10-05,1,,,,,"ソウマウンユ",0
137,1070002030054,01,1,2026-10-09,2015-10-05,"中央流通有限会社",,302,"群馬県","太田市","西新町１０６番地２",,10,205,3730847,,,,,,,2015-10-05,0,,,,,"チュウオウリュウツウ",0
138,1070002030054,12,1,2026-10-09,2026-10-01,"中央流通有限会社",,302,"群馬県","太田市","泉町１３４８番地１",,10,205,3730845,,,,,,,2015-10-05,1,,,,,"チュウオウリュウツウ",0
139,1070005005417,01,1,2026-10-09,2015-10-05,"日本化学エネルギー産業労働組合連合会日本カーリット労働組合",,399,"群馬県","渋川市","半田２４７０番地",,10,208,3770004,,,,,,,2015-10-05,0,,,,,,0
140,1070005005417,11,1,2026-10-09,2024-10-01,"カーリット労働組合",,399,"群馬県","渋川市","半田２４７０番地",,10,208,3770004,,,,,,,2015-10-05,1,,,,,"カーリット",0
141,1080001001906,12,0,2026-10-09,2026-10-07,"汐入産業株式会社",,301,"静岡県","静岡市駿河区","有東２丁目９番２５号",,22,102,4228032,,,,,,,2015-10-05,0,,,,,"シオイリサンギョウ",0
142,1080001001906,11,0,2026-10-09,2026-10-07,"ＮＢ株式会社",,301,"静岡県","静岡市駿河区","有東２丁目９番２５号",,22,102,4228032,,,,,,,2015-10-05,1,,,,,"エヌビー",0
143,1080002012191,01,1,2026-10-09,2015-10-05,"有限会社市民衛生社",,302,"静岡県","静岡市駿河区","寿町７番１９号",,22,102,4228055,,,,,,,2015-10-05,1,,,,,"シミンエイセイシャ",0
144,1080101019212,01,1,2026-10-09,2016-07-08,"ノリタケ工業株式会社",,301,"静岡県","富士市","岩本２０５２番地の７",,22,210,4160901,,,,,,,2016-07-08,1,,,,,"ノリタケコウギョウ",0
145,1080102020672,01,1,2026-10-09,2015-10-05,"有限会社ＮＣ技研",,302,"静岡県","伊東市","八幡野１２０４番地の３",,22,208,4130232,,,,,,,2015-10-05,1,,,,,"エヌシーギケン",0
146,1080102020953,01,1,2026-10-09,2015-10-05,"有限会社幸栄商店",,302,"静岡県","下田市","白浜２６５５番地",,22,219,4150012,,,,,,,2015-10-05,1,,,,,"コウエイショウテン",0
147,1080401028895,01,0,2026-10-09,2026-10-09,"株式会社Ｄｏｔｓ",,301,"静岡県","磐田市","富士見町３丁目１番地６",,22,211,4380083,,,,,,,2026-10-09,1,,,,,"ドッツ",0
148,1080403004201,21,0,2026-10-09,2026-10-01,"合同会社ＳＡＰＨＩＲ",,305,"静岡県","浜松市浜名区","小松４６２７番地１０",,22,139,4340042,,,2026-10-01,01,,,2021-02-12,1,,,,,"サフィール",0
149,1090001018123,21,0,2026-10-09,2026-10-05,"ＧＬＯＢＡＬ株式会社",,301,"山梨県","上野原市","上野原３２８４番地",,19,212,4090112,,,2026-10-05,01,,,2023-05-16,1,,,,,"グローバル",0
150,1090002009427,21,0,2026-10-09,2026-10-05,"有限会社丹波山観光",,302,"山梨県","北都留郡丹波山村","２０７９番地",,19,443,4090300,,,2026-10-05,01,,,2015-10-05,1,,,,,"タバヤマカンコウ",0
151,1110001014739,01,1,2026-10-09,2015-10-05,"株式会社みずの",,301,"新潟県","三条市","西大崎１丁目１３番１５号",,15,204,9550033,,,,,,,2015-10-05,1,,,,,"ミズノ",0
152,1110001040462,01,0,2026-10-09,2026-10-09,"株式会社妙高モータース",,301,"新潟県","妙高市","大字田口１１９９番地１",,15,217,9492106,,,,,,,2026-10-09,1,,,,,"ミョウコウモータース",0
153,1110003005810,11,0,2026-10-09,2026-09-17,"Ｎｉｃｏ　Ｃａｐｉｔａｌ　Ｉｎｖｅｓｔｍｅｎｔｓ株式会社",,301,"新潟県","妙高市","大字樽本１１０１番地７６",,15,217,9492223,,,,,,,2025-07-08,1,,,,,"ニコキャピタルインベストメンツ",0
154,1120001002040,11,0,2026-10-09,2026-10-01,"タイガーエナジー株式会社",,301,"大阪府","大阪市鶴見区","鶴見４丁目３番２８号",,27,124,5380053,,,,,,,2015-10-05,1,,"Osaka","4-3-28,Tsurumi, Tsurumi ku Osaka shi",,"タイガーエナジー",0
155,1120001021940,71,0,2026-10-09,2026-10-05,"山口金属曲板工業株式会社",,301,"大阪府","大阪市阿倍野区","阪南町５丁目２３番１５号",,27,119,5450021,,,,,,"令和８年１０月５日大阪市阿倍野区阪南町五丁目２３番１５号株式会社山金工業（3120001132265）を合併",2015-10-05,1,,,,,"ヤマグチキンゾクキョクバンコウギョウ",0
156,1120001117490,01,1,2026-10-09,2015-10-05,"株式会社ロザンパートナーズ",,301,"大阪府","大阪市西成区","太子１丁目２番４号",,27,122,5570002,,,,,,,2015-10-05,1,,,,,"ロザンパートナーズ",0
157,1120001197228,01,1,2026-10-09,2016-03-31,"株式会社ｌｕｃｅ",,301,"大阪府","大阪市城東区","東中浜２丁目１４番２号",,27,118,5360023,,,,,,,2016-03-31,1,,,,,"ルーチェ",0
158,1120001201682,12,0,2026-10-09,2026-09-29,"ＭＩＢソリューションズ株式会社",,301,"大阪府","枚方市","北山１丁目１４番２号",,27,210,5730171,,,,,,,2016-11-08,1,,,,,"エムアイビーソリューションズ",0
159,1120001219072,12,0,2026-10-09,2026-10-01,"カシオペイア株式会社",,301,"大阪府","大阪市西区","江戸堀２丁目１－１江戸堀センタービルＢ１",,27,106,5500002,,,,,,,2019-02-20,1,,,,,"カシオペイア",0
160,1120001243353,01,1,2026-10-09,2022-01-24,"株式会社古賀経営プランニング",,301,"大阪府","大阪市住之江区","中加賀屋１丁目１５番１４－４０９号",,27,125,5590017,,,,,,,2022-01-24,0,,,,,"コガケイエイ",0
161,1120001243353,12,1,2026-10-09,2024-03-29,"株式会社古賀経営プランニング",,301,"大阪府","阪南市","鳥取６５３－２－２０１",,27,232,5990204,,,,,,,2022-01-24,1,,,,,"コガケイエイ",0
162,1120001244673,21,0,2026-10-09,2026-10-05,"謙順株式会社",,301,"大阪府","吹田市","朝日が丘町２６番３ロイヤルハイツ朝日が丘５０６号",,27,205,5640083,,,2026-10-05,01,,,2022-03-28,1,,,,,"ケンジュン",0
163,1120001273739,12,0,2026-10-09,2026-10-01,"株式会社ＰＢＢ",,301,"大阪府","大阪市北区","梅田１丁目２番２号大阪駅前第２ビル１２－１２",,27,127,5300001,,,,,,,2025-03-17,1,,,,,"ピービービー",0
164,1120001284777,11,0,2026-10-09,2026-10-01,"株式会社バリュエージェンシー",,301,"大阪府","大阪市北区","梅田１丁目１番３号大阪駅前第三ビル１１２４号",,27,127,5300001,,,,,,,2026-03-12,1,,,,,"バリューエージェンシー",0
165,1120001286229,12,0,2026-10-09,2026-10-07,"ユニオンサーブホールディングス株式会社",,301,"大阪府","東大阪市","荒本北１丁目４－１７クリエイションコア東大阪３０７",,27,227,5770011,,,,,,,2026-05-11,1,,,,,"ユニオンサーブホールディングス",0
166,1120001289470,01,0,2026-10-09,2026-10-09,"株式会社寿",,301,"大阪府","大阪市生野区","桃谷５丁目３番１７号",,27,116,5440034,,,,,,,2026-10-09,1,,,,,"コトブキ",0
167,1120001289479,01,0,2026-10-09,2026-10-09,"株式会社医療発信",,301,"大阪府","大阪市北区","梅田１丁目１番３号大阪駅前第３ビル２９階１－１－１号室",,27,127,5300001,,,,,,,2026-10-09,1,,,,,"イリョウハッシン",0
168,1120001289512,01,0,2026-10-09,2026-10-09,"株式会社カーニバル",,301,"大阪府","大阪市西区","北堀江１丁目３番１７号（ＨＯＬＩＥＨＩＬＬＳ）",,27,106,5500014,,,,,,,2026-10-09,1,,,,,"カーニバル",0
169,1120002023234,01,1,2026-10-09,2015-10-05,"有限会社三角建設",,302,"大阪府","大阪市西区","本田１丁目３番３１号",,27,106,5500022,,,,,,,2015-10-05,1,,,,,"ミスミケンセツ",0
170,1120002061787,12,0,2026-10-09,2026-10-07,"有限会社リッツプラン",,302,"兵庫県","伊丹市","伊丹３丁目２番１０－１０１号",,28,207,6640846,,,,,,,2015-10-05,1,,,,,,0
171,1120003017251,11,0,2026-10-09,2026-10-02,"合同会社ＫＵＭＡ",,305,"大阪府","大阪市北区","曾根崎２丁目１５番１６－３５１１号",,27,127,5300057,,,,,,,2020-04-02,1,,,,,"クマ",0
172,1120005020187,12,0,2026-10-09,2026-10-05,"一般社団法人マーケティングパートナー協会",,399,"埼玉県","さいたま市北区","植竹町１丁目３３０番地４",,11,102,3310813,,,,,,,2018-05-09,1,,,,,"マーケティングパートナーキョウカイ",0
173,1120901037755,01,1,2026-10-09,2016-12-07,"株式会社アンターント",,301,"大阪府","高槻市","月見町７番２２号",,27,207,5691122,,,,,,,2016-12-07,1,,,,,"アンターント",0
174,1120901050691,21,0,2026-10-09,2026-10-01,"ＧＲＯＷ　ＵＰ株式会社",,301,"大阪府","豊中市","中桜塚３丁目２番１号",,27,203,5610881,,,2026-10-01,11,9120001048786,"令和８年１０月１日大阪府豊中市中桜塚三丁目２番１号豊食株式会社（9120001048786）に合併し解散",2025-04-10,1,,,,,"グロウアップ",0
175,1120901051839,12,0,2026-10-09,2026-10-02,"株式会社はる建築設計",,301,"大阪府","茨木市","西駅前町４番２０７号",,27,211,5670032,,,,,,,2025-11-20,1,,,,,"ハルケンチクセッケイ",0
176,1120901052300,12,0,2026-10-09,2026-10-02,"株式会社ＰＥＡＫＳ",,301,"大阪府","豊中市","新千里東町１丁目４－１阪急千里中央ビル８Ｆ",,27,203,5600082,,,,,,,2026-03-06,1,,,,,"ピークス",0
177,1120901053281,01,0,2026-10-09,2026-10-09,"株式会社ヴァーテックス",,301,"大阪府","吹田市","佐井寺４丁目５１番１０号リエス南千里１",,27,205,5650836,,,,,,,2026-10-09,1,,,,,"ヴァーテックス",0
178,1122001030368,12,0,2026-10-09,2026-10-05,"株式会社泰志",,301,"奈良県","奈良市","西木辻町１２１番地２号朝日プラザ奈良プレシオ４０３",,29,201,6308325,,,,,,,2017-02-24,1,,,,,"タイシ",0
179,1122001040961,01,0,2026-10-09,2026-10-09,"株式会社ＪＵＤＩＡＮ",,301,"大阪府","東大阪市","永和２丁目２番２号",,27,227,5770809,,,,,,,2026-10-09,1,,,,,"ジュディアン",0
180,1130001004564,01,1,2026-10-09,2015-10-05,"株式会社カワラケンソー",,301,"京都府","京都市北区","西賀茂上庄田町１２番地の１８",,26,101,6038802,,,,,,,2015-10-05,1,,,,,,0
181,1140001014538,21,0,2026-10-09,2026-10-01,"株式会社リード",,301,"兵庫県","神戸市北区","筑紫が丘３丁目１４番地の２０",,28,109,6511212,,,2026-10-01,01,,,2015-10-05,1,,,,,"リード",0
182,1140001031921,11,0,2026-10-09,2026-10-01,"阪神こうのとり株式会社",,301,"兵庫県","神戸市中央区","脇浜町２丁目３番１２号",,28,110,6510072,,,,,,,2015-10-05,1,,,,,"ハンシンコウノトリ",0
183,1140001037547,11,0,2026-10-09,2026-10-01,"株式会社ＫＳ",,301,"兵庫県","三木市","大村３５０番地１",,28,215,6730404,,,,,,,2015-10-05,1,,,,,"ケーエス",0
184,1140001074326,01,1,2026-10-09,2015-10-05,"株式会社アイル",,301,"兵庫県","西宮市","甲子園口２丁目２７番１０号",,28,204,6638113,,,,,,,2015-10-05,1,,,,,"アイル",0
185,1140001087666,01,1,2026-10-09,2015-10-05,"株式会社コダニ",,301,"兵庫県","神戸市中央区","東川崎町１丁目２番３号デュオこうべ浜の手",,28,110,6500044,,,,,,,2015-10-05,1,,,,,"コダニ",0
186,1140001128379,12,0,2026-10-09,2026-10-01,"株式会社ＳＫネット",,301,"兵庫県","尼崎市","南初島町８－９６",,28,202,6600833,,,,,,,2022-12-16,1,,,,,"エスケイネット",0
187,1140001129757,11,0,2026-10-09,2026-09-30,"株式会社ＴＯＹＯＯＫＡ　ＳＥＬＥＣＴ",,301,"兵庫県","豊岡市","日高町国分寺１０９番地の１",,28,209,6695341,,,,,,,2023-04-14,1,,,,,"トヨオカセレクト",0
188,1140001144211,01,0,2026-10-09,2026-10-09,"株式会社小川屋",,301,"兵庫県","伊丹市","平松７丁目６番１号ウェルスクエア伊丹９２０号室",,28,207,6640853,,,,,,,2026-10-09,1,,,,,"オガワヤ",0
189,1140001144228,01,0,2026-10-09,2026-10-09,"株式会社久後モータース",,301,"兵庫県","小野市","小田町１６７２番地の７",,28,218,6751301,,,,,,,2026-10-09,1,,,,,"クゴモータース",0
190,1140001144277,01,0,2026-10-09,2026-10-09,"株式会社新こうべＨＲパートナーズ",,301,"兵庫県","神戸市中央区","伊藤町１２１神戸伊藤町ビルディング１０階",,28,110,6500032,,,,,,,2026-10-09,1,,,,,"シンコウベエイチアールパートナーズ",0
191,1140002044773,01,1,2026-10-09,2015-10-05,"有限会社ミナモト",,302,"兵庫県","尼崎市","大庄北１丁目７番２号",,28,202,6600063,,,,,,,2015-10-05,1,,,,,"ミナモト",0
192,1150001002590,01,1,2026-10-09,2015-10-05,"株式会社吉山トレーディング",00042670,301,"奈良県","奈良市","学園北２丁目３番１８号",,29,201,6310036,,,,,,,2015-10-05,1,,,,,"ヨシヤマトレーディング",0
193,1150001029287,01,0,2026-10-09,2026-10-09,"株式会社ＲＩＺＥＲ",,301,"奈良県","大和郡山市","小林町４２０番地の７４",,29,203,6391026,,,,,,,2026-10-09,1,,,,,"リゼル",0
194,1160001026548,21,0,2026-10-09,2026-10-06,"株式会社ＡＭ",,301,"滋賀県","草津市","追分南３丁目１２番２号",,25,206,5250048,,,2026-10-06,01,,,2025-02-17,1,,,,,"エーエム",0
195,1160002012935,21,0,2026-10-09,2026-10-06,"有限会社栗東安養寺山ゴルフセンター",,302,"滋賀県","栗東市","安養寺９２番地",,25,208,5203015,,,2026-10-06,01,,,2015-10-05,1,,,,,"リットウアンヨウジヤマゴルフセンター",0
196,1160005010837,21,0,2026-10-09,2026-10-06,"一般社団法人笑縁プロジェクト",,399,"滋賀県","大津市","今堅田１丁目５番２９号",,25,201,5200241,,,2026-10-06,01,,,2020-07-08,1,,,,,"エンプロジェクト",0
197,1170001018874,12,0,2026-10-09,2026-10-05,"株式会社ＫＩＮＴＡＲＯ",,301,"和歌山県","和歌山市","黒田１丁目１２番２２－７０４号",,30,201,6408341,,,,,,,2025-11-19,1,,,,,"キンタロウ",0
198,1170003001093,01,1,2026-10-09,2016-12-02,"合同会社ウイル",,305,"和歌山県","日高郡由良町","大字里２９４番地の４",,30,383,6491111,,,,,,,2016-12-02,1,,,,,"ウイル",0
199,1180001071377,12,0,2026-10-09,2026-09-25,"株式会社ベルトレード",,301,"愛知県","名古屋市中村区","中村町２丁目２９番地の１",,23,105,4530053,,,,,,,2015-10-05,1,,,,,"ベルトレード",0
200,1180001173818,01,0,2026-10-09,2026-10-09,"株式会社オルタナアーキテクト",,301,"愛知県","名古屋市西区","名駅１丁目１番１７号名駅ダイヤメイテツビル１１階",,23,104,4510045,,,,,,,2026-10-09,1,,,,,"オルタナアーキテクト",0
201,1180001173834,01,0,2026-10-09,2026-10-09,"株式会社Ｍａｔｅ",,301,"愛知県","名古屋市中区","新栄３丁目９番１０号マリオン千種４０４号",,23,106,4600007,,,,,,,2026-10-09,1,,,,,"メイト",0
202,1180002084238,01,1,2026-10-09,2015-10-05,"有限会社坂田ブルドーザー",,302,"愛知県","知多郡武豊町","大字冨貴字市場３４番地",,23,447,4702531,,,,,,,2015-10-05,1,,,,,"サカタブルドーザー",0
203,1180003000441,11,0,2026-10-09,2026-09-17,"合同会社福島商店",,305,"愛知県","名古屋市千種区","今池３丁目３１番６号",,23,101,4640850,,,,,,,2015-10-05,1,,,,,"フクシマショウテン",0
204,1180003004649,01,1,2026-10-09,2015-10-05,"合資会社森部商店",,304,"愛知県","名古屋市中村区","中村本町１丁目５６番地",,23,105,4530828,,,,,,,2015-10-05,0,,,,,,0
205,1180003004649,11,1,2026-10-09,2017-08-01,"株式会社森部商店",,301,"愛知県","名古屋市中村区","中村本町１丁目５６番地",,23,105,4530828,,,,,,,2015-10-05,1,,,,,"モリベショウテン",0
206,1180003024325,12,0,2026-10-09,2026-09-11,"ＨＯＭＩＥ合同会社",,305,"愛知県","名古屋市中村区","靖国町２丁目４番地の２",,23,105,4530065,,,,,,,2022-10-03,1,,,,,"ホーミー",0
207,1180003030884,01,0,2026-10-09,2026-10-09,"合同会社エイジレス・ラボ",,305,"愛知県","名古屋市千種区","今池１丁目６番７号",,23,101,4640850,,,,,,,2026-10-09,1,,,,,"エイジレスラボ",0
208,1180003030901,01,0,2026-10-09,2026-10-09,"合同会社ＨＪ",,305,"愛知県","小牧市","小牧５丁目２１１番地",,23,219,4850041,,,,,,,2026-10-09,1,,,,,"エイチジェイ",0
209,1180301001240,21,0,2026-10-09,2026-09-28,"セキュリティーヤマモト株式会社",,301,"愛知県","岡崎市","康生通西３丁目１５番地７岡崎タワーレジデンスビル２４０１",,23,202,4440059,,,2026-09-28,01,,,2015-10-05,1,,,,,"セキュリティーヤマモト",0
210,1180301010407,01,1,2026-10-09,2015-10-05,"豊川電機製造株式会社",,301,"愛知県","豊川市","牧野町１丁目４１番地",,23,207,4420806,,,,,,,2015-10-05,1,,,,,"トヨカワデンキセイゾウ",0
211,1180301033721,12,0,2026-10-09,2026-09-25,"株式会社ゴセイ",,301,"愛知県","西尾市","寄住町泡原２８番地１",,23,213,4450073,,,,,,,2020-05-21,1,,,,,"ゴセイ",0
212,1190001029226,12,0,2026-10-09,2026-09-17,"株式会社Ｄ＆Ｙ",,301,"東京都","世田谷区","代沢４丁目４４－１",,13,112,1550032,,,,,,,2022-03-15,1,,,,,"ディーアンドワイ",0
213,1200001043398,12,0,2026-10-09,2026-10-06,"株式会社栄進警備",,301,"岐阜県","本巣郡北方町","高屋白木１丁目５１",,21,421,5010454,,,,,,,2025-01-30,1,,,,,"エイシンケイビ",0
214,1200002016262,01,1,2026-10-09,2015-10-05,"有限会社宮本運輸",,302,"岐阜県","美濃加茂市","加茂野町鷹之巣１３７４番地の１３",,21,211,5050051,,,,,,,2015-10-05,1,,,,,"ミヤモトウンユ",0
215,1200005011632,01,1,2026-10-09,2015-10-05,"医療法人社団よろず矯正歯科クリニック",,399,"岐阜県","大垣市","林町１０丁目１３０９番地１",,21,202,5030015,,,,,,,2015-10-05,1,,,,,"ヨロズキョウセイシカクリニック",0
216,1200005013620,01,1,2026-10-09,2024-05-13,"一般社団法人Ｒｅｏｎ",,399,"岐阜県","岐阜市","上材木町３７３番地１０ライオンズマンション岐阜公園６０３号室",,21,201,5008005,,,,,,,2024-05-13,0,,,,,,0
217,1200005013620,12,1,2026-10-09,2025-02-04,"一般社団法人Ｒｅｏｎ",,399,"岐阜県","岐阜市","本町１丁目８２番地",,21,201,5008034,,,,,,,2024-05-13,1,,,,,,0
218,1220001027291,12,0,2026-10-09,2026-10-05,"研山科技株式会社",,301,"石川県","金沢市","西念２丁目１－１ゼンリン金沢ビル２０２号室",,17,201,9200024,,,,,,,2026-04-13,1,,,,,"ケンヤマカギ",0
219,1240001015542,21,0,2026-10-09,2026-10-02,"株式会社ビーアールホールディングス",,301,"広島県","広島市東区","光町２丁目６番３１号",,34,102,7320052,,,2026-10-02,11,8240001002773,"令和８年１０月１日広島市東区光町二丁目６番３１号極東興和株式会社（8240001002773）に合併し解散",2015-10-05,1,,,,,"ビーアールホールディングス",0
220,1240002020236,21,0,2026-10-09,2026-10-02,"有限会社縫製憩乃家",,302,"広島県","広島市安佐北区","白木町志路２８８３－２",,34,106,7391700,,,2026-10-02,01,,,2015-10-05,1,,,,,"ホウセイイコイノイエ",0
221,1240002030929,01,1,2026-10-09,2015-10-05,"有限会社エヌ・エス・エス",,302,"広島県","安芸高田市","高宮町佐々部３９２番地の４",,34,214,7391802,,,,,,,2015-10-05,1,,,,,"エヌエスエス",0
222,1240002040283,11,0,2026-10-09,2026-10-01,"株式会社キャッツ",,301,"広島県","福山市","神村町３１０７番地の６",,34,207,7290112,,,,,,,2015-10-05,1,,,,,"キャッツ",0
223,1240003007967,01,0,2026-10-09,2026-10-09,"合同会社財務のチカラ８",,305,"広島県","広島市中区","三川町６番３－５０１号プリシアダイコウビル",,34,101,7300029,,,,,,,2026-10-09,1,,,,,"ザイムノチカラエイト",0
224,1250005009102,01,0,2026-10-09,2026-10-09,"社会福祉法人ハローフレンズ",,399,"山口県","萩市","大字土原５２０番地２",,35,204,7580025,,,,,,,2026-10-09,1,,,,,"ハローフレンズ",0
225,1260001012645,01,1,2026-10-09,2015-10-05,"株式会社エムコーポレーション",,301,"岡山県","倉敷市","松島１０６５番地の２",,33,202,7010114,,,,,,,2015-10-05,1,,,,,"エムコーポレーション",0
226,1260001018964,21,0,2026-10-09,2026-10-01,"今井商事株式会社",,301,"岡山県","岡山市中区","赤田３１４番地４",,33,102,7038231,,,2026-10-01,01,,,2015-10-05,1,,,,,"イマイショウジ",0
227,1260001041693,01,0,2026-10-09,2026-10-09,"株式会社ＫＮＯＴＳ　ＮＥＸＴ",,301,"岡山県","倉敷市","児島唐琴３丁目８番３７号",,33,202,7110904,,,,,,,2026-10-09,1,,,,,"ノッツネクスト",0
228,1260002022172,21,0,2026-10-09,2026-10-07,"有限会社リカートップ",,302,"岡山県","倉敷市","平田８４番地の１",,33,202,7100003,,,2026-10-07,01,,,2015-10-05,1,,,,,"リカートップ",0
229,1260002030290,01,1,2026-10-09,2015-10-05,"有限会社有友工務店",,302,"岡山県","美作市","粟井中１番地の１",,33,215,7094205,,,,,,,2015-10-05,1,,,,,"アリトモコウムテン",0
230,1270001003305,01,1,2026-10-09,2015-10-05,"株式会社清水設計",,301,"鳥取県","米子市","石井３２２番地",,31,202,6830021,,,,,,,2015-10-05,1,,,,,"シミズセッケイ",0
231,1270001009533,01,0,2026-10-09,2026-10-09,"株式会社ＲＥＫＯＲＡ",,301,"鳥取県","鳥取市","宮長２２４番地１０ピース１０１",,31,201,6800872,,,,,,,2026-10-09,1,,,,,"レコラ",0
232,1290001054585,01,1,2026-10-09,2015-10-05,"株式会社元氣創造ひがしやま",,301,"福岡県","みやま市","瀬高町長田８０５番地１",,40,229,8350007,,,,,,,2015-10-05,1,,,,,"ゲンキソウゾウヒガシヤマ",0
233,1290001111618,21,0,2026-10-09,2026-09-28,"ＭｅＬｉｋｅ　Ｃｏｍｐａｎｙ株式会社",,301,"福岡県","福岡市中央区","天神２丁目２番１２Ｔ＆Ｊビルディング７Ｆ",,40,133,8100001,,,2026-09-28,01,,,2025-10-09,1,,,,,"ミーライクカンパニー",0
234,1290001115560,01,0,2026-10-09,2026-10-09,"株式会社Ｃｏｒｅ　Ｐａｒｔｎｅｒｓ　Ｊａｐａｎ",,301,"福岡県","福岡市中央区","天神２丁目２番１２号Ｔ＆Ｊビルディング７Ｆ",,40,133,8100001,,,,,,,2026-10-09,1,,,,,"コアパートナーズジャパン",0
235,1290001115668,01,0,2026-10-09,2026-10-09,"株式会社こんどう",,301,"福岡県","筑後市","大字長浜２１７２番地２",,40,211,8330005,,,,,,,2026-10-09,1,,,,,"コンドウ",0
236,1290001115767,01,0,2026-10-09,2026-10-09,"株式会社グリーングループ",,301,"福岡県","福津市","本木２４１８－１",,40,224,8113203,,,,,,,2026-10-09,1,,,,,"グリーングループ",0
237,1290003019000,01,0,2026-10-09,2026-10-09,"合同会社やぐるま草",,305,"福岡県","福岡市博多区","吉塚４丁目８番３６号アンピール空港通り５０９",,40,132,8120041,,,,,,,2026-10-09,1,,,,,"ヤグルマソウ",0
238,1290005015872,12,0,2026-10-09,2026-10-06,"一般社団法人福岡県社会保険医療協会",,399,"福岡県","福岡市中央区","渡辺通３丁目６番３号",,40,133,8100004,,,,,,,2016-04-08,1,,,,,"フクオカケンシャカイホケンイリョウキョウカイ",0
239,1290005016029,12,0,2026-10-09,2026-09-18,"一般社団法人九州国技振興会",,399,"福岡県","福岡市西区","拾六町２丁目１３番２９号",,40,135,8190041,,,,,,,2016-08-03,1,,,,,,0
240,1290801032864,01,0,2026-10-09,2026-10-09,"株式会社Ｉ＆Ｍ",,301,"福岡県","北九州市小倉北区","船場町６番１号４Ｆ",,40,106,8020007,,,,,,,2026-10-09,1,,,,,"アイアンドエム",0
241,1300001006171,21,0,2026-10-09,2026-10-05,"株式会社ティーズトレード",,301,"佐賀県","鳥栖市","古賀町３０９番地１",,41,203,8410083,,,2026-10-05,01,,,2015-10-05,1,,,,,"ティーズトレード",0
242,1300001008069,01,1,2026-10-09,2015-10-05,"株式会社クレール",,301,"佐賀県","佐賀市","川副町大字小々森１２５０番地４",,41,201,8402214,,,,,,,2015-10-05,0,,,,,,0
243,1300001008069,12,1,2026-10-09,2026-10-05,"株式会社クレール",,301,"佐賀県","佐賀市","川副町大字鹿江９５３番地",,41,201,8402213,,,,,,,2015-10-05,1,,,,,,0
244,1300001010792,01,1,2026-10-09,2017-04-21,"株式会社Ｏｕｒｓ　ｂｌａｎｃ",,301,"佐賀県","嬉野市","嬉野町大字岩屋川内乙２５２８番地３",,41,209,8430304,,,,,,,2017-04-21,0,,,,,,0
245,1300001010792,12,1,2026-10-09,2018-12-21,"株式会社Ｏｕｒｓ　ｂｌａｎｃ",,301,"佐賀県","鹿島市","大字高津原４４１３番地",,41,207,8491311,,,,,,,2017-04-21,0,,,,,,0
246,1300001010792,11,1,2026-10-09,2018-12-21,"株式会社楽婚",,301,"佐賀県","鹿島市","大字高津原４４１３番地",,41,207,8491311,,,,,,,2017-04-21,1,,,,,"ラクコン",0
247,1300002004983,01,1,2026-10-09,2015-10-05,"有限会社片桐薬局",,302,"佐賀県","多久市","北多久町大字小侍８４１番地３",,41,204,8460002,,,,,,,2015-10-05,0,,,,,"カタキリヤッキョク",0
248,1300002004983,12,1,2026-10-09,2023-02-03,"有限会社片桐薬局",,302,"佐賀県","多久市","北多久町大字小侍５９５１番地",,41,204,8460002,,,,,,,2015-10-05,1,,,,,"カタキリヤッキョク",0
249,1330001027512,71,0,2026-10-09,2026-10-01,"ヒノマル株式会社",,301,"熊本県","熊本市中央区","九品寺５丁目７番２９号",,43,101,8620976,,,,,,"令和８年１０月１日鹿児島県鹿屋市西原二丁目５３９番地４株式会社九州農材（1340002025282）を合併",2020-06-03,1,,,,,"ヒノマル",0
250,1330001029236,12,0,2026-10-09,2026-10-05,"めぐみ工業株式会社",,301,"熊本県","上益城郡山都町","浜町２５５番地",,43,447,8613518,,,,,,,2021-12-03,1,,,,,"メグミコウギョウ",0
251,1330002010351,21,0,2026-10-09,2026-10-05,"有限会社御幸坂田工務店",,302,"熊本県","熊本市南区","御幸笛田７丁目８番６号",,43,104,8614172,,,2026-10-05,01,,,2015-10-05,1,,,,,"ミユキサカタコウムテン",0
252,1330002014906,12,0,2026-10-09,2026-10-02,"有限会社ビット・シグナル",,302,"熊本県","熊本市中央区","黒髪６丁目１４番１７－１０６号グレイス熊本壱番館",,43,101,8600862,,,,,,,2015-10-05,1,,,,,"ビットシグナル",0
253,1330002023774,01,1,2026-10-09,2015-10-05,"有限会社あさひ",,302,"熊本県","宇城市","不知火町高良２２１４番地の２",,43,213,8690552,,,,,,,2015-10-05,0,,,,,"アサヒ",0
254,1330002023774,12,1,2026-10-09,2026-10-02,"有限会社あさひ",,302,"熊本県","宇城市","松橋町曲野２４３番地２",,43,213,8690511,,,,,,,2015-10-05,1,,,,,"アサヒ",0
255,1340002001309,21,0,2026-10-09,2026-10-05,"有限会社いそや包装",,302,"鹿児島県","鹿児島市","東開町１１番地１",,46,201,8910115,,,2026-10-05,01,,,2015-10-05,1,,,,,"イソヤホウソウ",0
256,1340002020804,12,0,2026-10-09,2026-10-08,"共栄商事有限会社",,302,"鹿児島県","奄美市","名瀬幸町８番１３号ＳＨビル５階",,46,222,8940025,,,,,,,2015-10-05,1,,,,,"キョウエイショウジ",0
257,1340002025282,21,0,2026-10-09,2026-10-06,"株式会社九州農材",,301,"鹿児島県","鹿屋市","西原２丁目５３９番地４",,46,203,8930064,,,2026-10-06,11,1330001027512,"令和８年１０月１日熊本市中央区九品寺五丁目７番２９号ヒノマル株式会社（1330001027512）に合併し解散",2015-10-05,1,,,,,"キュウシュウノウザイ",0
258,1350001001886,12,0,2026-10-09,2026-10-02,"株式会社宮崎放送",,301,"宮崎県","宮崎市","錦本町４番４号",,45,201,8800818,,,,,,,2015-10-05,1,,,,,"ミヤザキホウソウ",0
259,1350002014103,01,1,2026-10-09,2015-10-05,"有限会社ケイエイ薬品",,302,"宮崎県","都城市","豊満町８１７番地５",,45,202,8850043,,,,,,,2015-10-05,0,,,,,"ケイエイヤクヒン",0
260,1350002014103,12,1,2026-10-09,2026-10-01,"有限会社ケイエイ薬品",,302,"宮崎県","都城市","中町１５街区１９号",,45,202,8850071,,,,,,,2015-10-05,1,,,,,"ケイエイヤクヒン",0
261,1360001018186,01,1,2026-10-09,2015-10-05,"株式会社オトコギ",,301,"沖縄県","那覇市","字国場２１０番地２",,47,201,9020075,,,,,,,2015-10-05,1,,,,,"オトコギ",0
262,1360001029150,12,0,2026-10-09,2026-09-11,"株式会社てぃーだカンカン不動産うるま",,301,"沖縄県","名護市","字宮里４４８番地５",,47,209,9050011,,,,,,,2021-07-30,0,,,,,"ティーダカンカンフドウサンウルマ",0
263,1360001029150,11,0,2026-10-09,2026-09-11,"株式会社てぃーだカンカン不動産名護",,301,"沖縄県","名護市","字宮里４４８番地５",,47,209,9050011,,,,,,,2021-07-30,1,,,,,"ティーダカンカンフドウサンナゴ",0
264,1360001036997,01,1,2026-10-09,2026-07-22,"ＳＪエンジニアリング株式会社",,301,"沖縄県","中頭郡西原町","字小那覇１２１９番地",,47,329,9030103,,,,,,,2026-07-22,1,,,,,"エスジェーエンジニアリング",0
265,1370001015455,01,1,2026-10-09,2015-10-05,"株式会社エムシス",,301,"宮城県","仙台市泉区","北中山３丁目３２番地の１３",,04,105,9813215,,,,,,,2015-10-05,0,,,,,"エムシス",0
266,1370001015455,12,1,2026-10-09,2015-11-12,"株式会社エムシス",,301,"宮城県","仙台市青葉区","国分町３丁目５番３１号",,04,101,9800803,,,,,,,2015-10-05,0,,,,,"エムシス",0
267,1370001015455,12,1,2026-10-09,2017-02-06,"株式会社エムシス",,301,"宮城県","仙台市青葉区","国分町３丁目６番１１号",,04,101,9800803,,,,,,,2015-10-05,1,,,,,"エムシス",0
268,1380002024371,01,1,2026-10-09,2015-10-05,"有限会社ステージトラベル",,302,"福島県","いわき市","鹿島町久保１丁目５番地の１４",,07,204,9718144,,,,,,,2015-10-05,1,,,,,"ステージトラベル",0
269,1380002024669,21,0,2026-10-09,2026-10-06,"有限会社竹島食肉店",,302,"福島県","いわき市","平字大町３５番地",,07,204,9708026,,,2026-10-06,01,,,2015-10-05,1,,,,,"タケジマショクニクテン",0
270,1410001013025,12,0,2026-10-09,2026-10-01,"株式会社かるむ",,301,"秋田県","大仙市","花館字中大戸３３番地１",,05,212,0140001,,,,,,,2021-11-24,1,,,,,"カルム",0
271,1410002006647,12,0,2026-10-09,2026-10-02,"有限会社小松電業",,302,"秋田県","由利本荘市","藤崎字新田前１３４番地",,05,210,0150047,,,,,,,2015-10-05,1,,,,,"コマツデンギョウ",0
272,1420001001375,12,0,2026-10-09,2026-10-01,"株式会社中央医科酸器",,301,"青森県","青森市","第二問屋町３丁目２４番５号",,02,201,0300113,,,,,,,2015-10-05,1,,,,,"チュウオウイカサンキ",0
273,1420001019467,12,0,2026-10-09,2026-10-01,"株式会社ＬＥＶＥＡ",,301,"青森県","青森市","新町２丁目８番２０号柳ビル６階",,02,201,0300801,,,,,,,2026-04-08,1,,,,,"レベア",0
274,1420001019657,01,0,2026-10-09,2026-10-09,"株式会社中村和コーポレーション",,301,"青森県","八戸市","大字白銀町字砂森１４番地１６",,02,203,0310822,,,,,,,2026-10-09,1,,,,,"ナカムラカズコーポレーション",0
275,1420002000698,01,1,2026-10-09,2015-10-05,"有限会社オフィス・ホールドオン",,302,"青森県","青森市","古川１丁目１０番２メゾンオーラ８１０",,02,201,0300862,,,,,,,2015-10-05,1,,,,,,0
276,1430001031826,01,1,2026-10-09,2015-10-05,"株式会社シリアルプラス",,301,"北海道","札幌市中央区","南二十七条西１１丁目１番２３号",,01,101,0640927,,,,,,,2015-10-05,0,,,,,"シリアルプラス",0
277,1430001031826,12,1,2026-10-09,2016-08-25,"株式会社シリアルプラス",,301,"北海道","札幌市白石区","菊水元町六条１丁目２番１２号",,01,104,0030826,,,,,,,2015-10-05,1,,,,,"シリアルプラス",0
278,1430001097850,01,0,2026-10-09,2026-10-09,"株式会社ＰＯＮＴＥ　ＮＯＲＤ",,301,"北海道","札幌市東区","北八条東８丁目２番１６―３０５号",,01,103,0650008,,,,,,,2026-10-09,1,,,,,"ポンテノルド",0
279,1430001097859,01,0,2026-10-09,2026-10-09,"都市開発不動産株式会社",,301,"北海道","札幌市中央区","南一条西２２丁目２番１号ＣＯＲＥＸ円山３Ｆ",,01,101,0640801,,,,,,,2026-10-09,1,,,,,"トシカイハツフドウサン",0
280,1430003019480,01,0,2026-10-09,2026-10-09,"Ｉ＆Ｓ　ＲＡＭＥＮ　ＷＯＲＫＳ合同会社",,305,"北海道","虻田郡倶知安町","北二条東１丁目１番地１",,01,400,0440002,,,,,,,2026-10-09,1,,,,,"アイアンドエスラーメンワークス",0
281,1430003019514,01,0,2026-10-09,2026-10-09,"合同会社ＳＡワークス",,305,"北海道","札幌市中央区","南八条西６丁目２８９－３５Ｌｃ拾弐番館７０８",,01,101,0640808,,,,,,,2026-10-09,1,,,,,"エスエーワークス",0
282,1430005015577,01,0,2026-10-09,2026-10-09,"弁護士法人田代総合法律事務所",,399,"北海道","札幌市中央区","北五条西１１丁目１７番２号",,01,101,0600005,,,,,,,2026-10-09,1,,,,,"タシロソウゴウホウリツジムショ",0
283,1450001014011,01,1,2026-10-09,2023-06-12,"株式会社小山田ファーム",,301,"北海道","天塩郡豊富町","字上サロベツ西九線２９０番地",,01,516,0984100,,,,,,,2023-06-12,1,,,,,,0
284,1470002013258,21,0,2026-10-09,2026-10-05,"有限会社壽美屋",,302,"香川県","仲多度郡琴平町","上櫛梨４６５番地",,37,403,7660006,,,2026-10-05,01,,,2015-10-05,1,,,,,"スミヤ",0
285,1480001005908,21,0,2026-10-09,2026-10-02,"共富産業株式会社",,301,"徳島県","鳴門市","撫養町木津小屋ヶ谷９８",,36,202,7720004,,,2026-10-02,01,,,2015-10-05,1,,,,,"キョウトミサンギョウ",0
286,1500001018527,01,1,2026-10-09,2015-10-05,"株式会社頼登",,301,"愛媛県","今治市","末広町２丁目２番地３",,38,202,7940038,,,,,,,2015-10-05,1,,,,,"ヨリト",0
287,2010001015630,01,1,2026-10-09,2015-10-05,"ケージーベラウ石油開発株式会社",,301,"東京都","千代田区","丸の内１丁目１番３号",,13,101,1000005,,,,,,,2015-10-05,0,,,,,"ケージーベラウセキユカイハツ",0
288,2010001015630,12,1,2026-10-09,2020-05-08,"ケージーベラウ石油開発株式会社",,301,"東京都","千代田区","大手町１丁目２番１号",,13,101,1000004,,,,,,,2015-10-05,1,,,,,"ケージーベラウセキユカイハツ",0
289,2010001067184,21,0,2026-10-09,2026-10-01,"株式会社ニコンクリエイツ",,301,"東京都","大田区","平和島６丁目１番１号",,13,111,1430006,,,2026-10-01,01,,,2015-10-05,1,,,,,"ニコンクリエイツ",0
290,2010001092703,11,0,2026-10-09,2026-10-05,"ＳＭＢＣ日興証券ホールディングス株式会社",,301,"東京都","千代田区","丸の内１丁目５番１号",,13,101,1000005,,,,,,,2015-10-05,1,,,,,"エスエムビーシーニッコウショウケンホールディングス",0
291,2010001143786,12,0,2026-10-09,2026-10-06,"株式会社ＬＥＧＥＮＤ",,301,"東京都","港区","六本木３丁目７番１－３４１０号",,13,103,1060032,,,,,,,2015-10-05,1,,,,,"レジェンド",0
292,2010001161615,12,0,2026-10-09,2026-09-25,"株式会社ビーラウンジジャパン",,301,"福岡県","福岡市博多区","金の隈２丁目２０番６９号２階",,40,132,8120863,,,,,,,2015-10-05,1,,,,,"ビーラウンジジャパン",0
293,2010001223547,12,0,2026-10-09,2026-10-07,"株式会社かもめ広告社",,301,"東京都","中央区","晴海３丁目１０番１号Ｄａｉｗａ晴海ビル２階",,13,102,1040053,,,,,,,2022-01-04,1,,,,,"カモメコウコクシャ",0
294,2010001229544,12,0,2026-10-09,2026-10-06,"株式会社エキスプレスナノ",,301,"東京都","江東区","新木場１丁目８番１６号",,13,108,1360082,,,,,,,2022-09-16,1,,,,,"エキスプレスナノ",0
295,2010001241722,01,1,2026-10-09,2024-01-24,"株式会社ＳＢＹプロモーションズ",,301,"東京都","中央区","日本橋室町１丁目１１番１２号日本橋水野ビル７階",,13,102,1030022,,,,,,,2024-01-24,0,,,,,"エスビーワイプロモーションズ",0
296,2010001241722,11,1,2026-10-09,2026-09-02,"株式会社ＡＩＯ総合研究所",,301,"東京都","中央区","日本橋室町１丁目１１番１２号日本橋水野ビル７階",,13,102,1030022,,,,,,,2024-01-24,1,,,,,"エーアイオーソウゴウケンキュウショ",0
297,2010001269400,01,0,2026-10-09,2026-10-09,"株式会社ＩＳＬＡ　ＳＰＡＣＥ",,301,"東京都","千代田区","神田神保町２丁目４４石坂本社ビル１階",,13,101,1010051,,,,,,,2026-10-09,1,,,,,"イスラスペース",0
298,2010001269557,01,0,2026-10-09,2026-10-09,"ＧＣリートマネジメント株式会社",,301,"東京都","中央区","新川１丁目１７番２４号",,13,102,1040033,,,,,,,2026-10-09,1,,,,,"ジーシーリートマネジメント",0
299,2010003031790,21,0,2026-10-09,2026-09-25,"合同会社ｆｏｒｔｗｏ８",,305,"埼玉県","さいたま市大宮区","三橋１丁目１２１３番地１",,11,103,3300856,,,2026-09-25,01,,,2020-03-05,1,,,,,"フォートゥーエイト",0
300,2010003032616,21,0,2026-10-09,2026-10-05,"ライズ合同会社",,305,"大阪府","大阪市中央区","道修町２丁目４－１２",,27,128,5410045,,,2026-10-05,01,,,2020-07-17,1,,,,,"ライズ",0
301,2010003039941,21,0,2026-10-09,2026-09-11,"ＲＢソーラーディタ合同会社",,305,"東京都","中央区","八丁堀４丁目２番１０号ＡＯＪ税理士法人内",,13,102,1040032,,,2026-09-11,01,,,2023-03-06,1,,,,,"アールビーソーラーディタ",0
302,2010003052969,01,0,2026-10-09,2026-10-09,"合同会社Ｅｋｉａｔｏ大阪福島",,305,"東京都","中央区","日本橋１丁目４番１号",,13,102,1030027,,,,,,,2026-10-09,1,,,,,"エキアトオオサカフクシマ",0
303,2010003052985,01,0,2026-10-09,2026-10-09,"合同会社はちいちろく",,305,"東京都","中央区","日本橋２丁目１６－４ｒｅｍｉｘ日本橋６階",,13,102,1030027,,,,,,,2026-10-09,1,,,,,"ハチイチロク",0
304,2010005036425,12,0,2026-10-09,2026-10-01,"一般社団法人御茶ノ水消化器医療推進機構",,399,"東京都","文京区","湯島４丁目１－１６ＧａｔｅＣｒｏｓｓＨＯＮＧＯ３Ｆ（ＭＩＤＰＯＩＮＴ本郷三丁目）",,13,105,1130034,,,,,,,2023-04-10,1,,,,,"オチャノミズショウカキイリョウスイシンキコウ",0
305,2010005037638,12,0,2026-10-09,2026-10-07,"一般社団法人サウンドアーカイブスジャパン",,399,"埼玉県","志木市","本町３丁目１番５９号",,11,228,3530004,,,,,,,2023-12-14,1,,,,,"サウンドアーカイブスジャパン",0
306,2010005042522,01,0,2026-10-09,2026-10-09,"Ｓｐｒｏｕｔ特定目的会社",,399,"東京都","千代田区","丸の内１丁目８番２号鉄鋼ビルディング４階",,13,101,1000005,,,,,,,2026-10-09,1,,,,,"スプラウト",0
307,2010101000631,12,0,2026-10-09,2026-10-06,"株式会社関口グループホールディングス",,301,"東京都","世田谷区","奥沢１丁目４８番１５号",,13,112,1580083,,,,,,,2015-10-05,1,,,,,"セキグチグループホールディングス",0
308,2010401074004,12,0,2026-10-09,2026-10-07,"株式会社エディグラフィック",,301,"東京都","新宿区","西新宿３丁目３番１３号西新宿水間ビル６階",,13,104,1600023,,,,,,,2015-10-05,1,,,,,"エディグラフィック",0
309,2010401101848,01,1,2026-10-09,2015-10-05,"株式会社クレバリア",,301,"東京都","港区","赤坂４丁目２番３号",,13,103,1070052,,,,,,,2015-10-05,0,,,,,"クレバリア",0
310,2010401101848,12,1,2026-10-09,2025-11-27,"株式会社クレバリア",,301,"東京都","中央区","銀座１丁目１２番４号Ｎ＆ＥＢＬＤ．６Ｆ",,13,102,1040061,,,,,,,2015-10-05,1,,,,,"クレバリア",0
311,2010401131878,21,0,2026-10-09,2026-09-09,"株式会社きずなホールディングス",,301,"東京都","港区","浜松町２丁目２番１２号",,13,103,1050013,,,2026-09-09,11,6010401121066,"令和８年９月１日東京都港区浜松町二丁目２番１２号株式会社家族葬のファミーユ（6010401121066）に合併し解散",2017-06-06,1,,,,,"キズナホールディングス",0
312,2010401144228,11,0,2026-10-09,2026-09-16,"株式会社ポンドカンパニー",,301,"東京都","港区","港南１丁目８番１５号",,13,103,1080075,,,,,,,2019-03-06,1,,,,,"ポンドカンパニー",0
313,2010401202555,01,0,2026-10-09,2026-10-09,"株式会社ＥｘａＳｅｃｕｒｉｔｙ",,301,"東京都","港区","芝浦４丁目２番８号",,13,103,1080023,,,,,,,2026-10-09,1,,,,,"エクサセキュリティ",0
314,2010401202687,01,0,2026-10-09,2026-10-09,"株式会社紅谷１０３",,301,"東京都","港区","南青山２丁目１７番１１号",,13,103,1070062,,,,,,,2026-10-09,1,,,,,"ベニヤイチマルサン",0
315,2010401202720,01,0,2026-10-09,2026-10-09,"株式会社しんきょう",,301,"東京都","港区","南青山２丁目２６－３４・４階セイザンＩＩ",00145235,13,103,1070062,,,,,,,2026-10-09,1,,,,,"シンキョウ",0
316,2010401202753,01,0,2026-10-09,2026-10-09,"株式会社ＢＡＳＥ‐ＣＲＡＦＴ",,301,"東京都","港区","北青山１丁目３番３号三橋ビル３階",,13,103,1070061,,,,,,,2026-10-09,1,,,,,"ベースクラフト",0
317,2010403039228,01,0,2026-10-09,2026-10-09,"合同会社ＪＰＹＲＩＳＥ",,305,"東京都","港区","元赤坂１丁目２－７赤坂Ｋタワー４Ｆ",,13,103,1070051,,,,,,,2026-10-09,1,,,,,"ジェイピーワイライズ",0
318,2010403039236,01,0,2026-10-09,2026-10-09,"合同会社ＳＵＰＥＲＦＲＡＭＥ",,305,"東京都","港区","虎ノ門１丁目１７－１虎ノ門ヒルズビジネスタワー１５Ｆ",,13,103,1050001,,,,,,,2026-10-09,1,,,,,"スーパーフレーム",0
319,2010403039244,01,0,2026-10-09,2026-10-09,"合同会社ＣＲＯＳＳＰＥＡＫ",,305,"東京都","港区","西新橋１丁目２－９日比谷セントラルビル１４Ｆ",,13,103,1050003,,,,,,,2026-10-09,1,,,,,"クロスピーク",0
320,2010403039260,01,0,2026-10-09,2026-10-09,"サステナブルローンファンド３９号合同会社",,305,"東京都","港区","芝大門２丁目１２番３号共生ビル２号館７階環境エネルギー会計事務所内",,13,103,1050012,,,,,,,2026-10-09,1,,,,,"サステナブルローンファンドサンジュウキュウゴウ",0
321,2010405024533,11,0,2026-10-09,2026-09-14,"ＭＦ５ＪＰＮ３特定目的会社",,399,"東京都","港区","虎ノ門３丁目２２番１０‐２０１号",,13,103,1050001,,,,,,,2025-07-02,1,,,,,"エムエフファイブジェイピーエヌスリー",0
322,2010405026265,01,0,2026-10-09,2026-10-09,"京浜島西特定目的会社",,399,"東京都","港区","元赤坂１丁目１番７－１２０９号株式会社赤坂国際会計内",,13,103,1070051,,,,,,,2026-10-09,1,,,,,"ケイヒンジマニシ",0
323,2010501049756,01,1,2026-10-09,2022-12-16,"株式会社ＮＳＣ",,301,"東京都","台東区","浅草橋５丁目２番３号",,13,106,1110053,,,,,,,2022-12-16,0,"NSC CO., LTD.",,,,"エヌエスシー",0
324,2010501049756,12,1,2026-10-09,2023-01-31,"株式会社ＮＳＣ",,301,"東京都","台東区","三筋２丁目１９番３号",,13,106,1110055,,,,,,,2022-12-16,0,"NSC CO., LTD.",,,,"エヌエスシー",0
325,2010501049756,12,1,2026-10-09,2025-01-29,"株式会社ＮＳＣ",,301,"東京都","台東区","浅草橋５丁目２番３号",,13,106,1110053,,,,,,,2022-12-16,1,"NSC CO., LTD.","Tokyo","5-2-3, Asakusabashi, Taito ku",,"エヌエスシー",0
326,2010501053956,12,0,2026-10-09,2026-10-07,"智天株式会社",,301,"神奈川県","横浜市中区","太田町５丁目６６番地深堀ビル３０２号室",,14,104,2310011,,,,,,,2025-04-25,1,,,,,"チテン",0
327,2010601056181,12,0,2026-10-09,2026-09-17,"株式会社前",,301,"東京都","新宿区","西新宿６丁目１５番１号セントラルパークタワー・ラ・トゥール新宿６０７号室",,13,104,1600023,,,,,,,2019-10-01,1,,,,,"マエ",0
328,2010603012216,21,0,2026-10-09,2026-09-30,"合同会社ＮＷＧ",,305,"東京都","江東区","東雲２丁目２－１４－７１１",,13,108,1350062,,,2026-09-30,01,,,2026-04-30,1,,,,,"エヌダブリュージー",0
329,2010701050225,01,0,2026-10-09,2026-10-09,"株式会社Ｌｅｙ",,301,"東京都","品川区","東五反田２丁目２１番１１－４１０号",,13,109,1410022,,,,,,,2026-10-09,1,,,,,"レイ",0
330,2010701050258,01,0,2026-10-09,2026-10-09,"株式会社ＱＬＯＱＯ",,301,"東京都","品川区","東品川４丁目２番２１－６０１号",,13,109,1400002,,,,,,,2026-10-09,1,,,,,"クロコ",0
331,2010801033947,12,0,2026-10-09,2026-10-06,"株式会社ハウオリライフ",,301,"東京都","町田市","森野２丁目３１番１７号カタバミメイン２－Ｈ号室",,13,209,1940022,,,,,,,2023-05-15,1,,,,,"ハウオリライフ",0
332,2010903001439,01,1,2026-10-09,2015-10-05,"Ｏ．Ｇ．Ｔｅｃｈ合同会社",,305,"東京都","世田谷区","東玉川１丁目１４番２号",,13,112,1580084,,,,,,,2015-10-05,0,,,,,,0
333,2010903001439,11,1,2026-10-09,2016-05-09,"アドバンテック合同会社",,305,"東京都","世田谷区","東玉川１丁目１４番２号",,13,112,1580084,,,,,,,2015-10-05,0,,,,,,0
334,2010903001439,11,1,2026-10-09,2020-02-04,"Ｏ．Ｇ．Ｔｅｃｈ合同会社",,305,"東京都","世田谷区","東玉川１丁目１４番２号",,13,112,1580084,,,,,,,2015-10-05,0,"O.G. TECH LIMITED LIABILITY COMPANY",,,,"オージーテック",0
335,2010903001439,12,1,2026-10-09,2020-02-10,"Ｏ．Ｇ．Ｔｅｃｈ合同会社",,305,"埼玉県","所沢市","松が丘２丁目２５番地の１３",,11,208,3591132,,,,,,,2015-10-05,1,"O.G. TECH LIMITED LIABILITY COMPANY","Saitama","2-25-13, MATSUGAOKA, TOKOROZAWA",,"オージーテック",0
336,2010903011223,01,0,2026-10-09,2026-10-09,"合同会社ｙ．ｋ",,305,"東京都","世田谷区","南烏山５丁目２５番８号下山ビル３Ｆ",,13,112,1570062,,,,,,,2026-10-09,1,,,,,"ワイドットケー",0
337,2011001073362,11,0,2026-10-09,2026-10-01,"リフォームテクノロジー株式会社",,301,"東京都","渋谷区","東１丁目２６番２０号",,13,113,1500011,,,,,,,2015-10-05,1,,,,,"リフォームテクノロジー",0
338,2011001104357,12,0,2026-10-09,2026-10-07,"Ｓ＆ｉ　Ｔｒｕｓｔ　Ｃｏｍｐａｎｙ株式会社",,301,"東京都","杉並区","和泉３丁目２７番１９号",,13,115,1680063,,,,,,,2015-10-05,1,,,,,"エスアンドアイトラストカンパニー",0
339,2011001168583,12,0,2026-10-09,2026-10-07,"ＳｉｇｍａＢｒａｉｎ株式会社",,301,"東京都","千代田区","東神田２丁目１０番１６号ＢｉｚＦｅｅｌＫａｎｄａＥａｓｔ８階",,13,101,1010031,,,,,,,2025-04-02,1,,,,,"シグマブレイン",0
340,2011001180836,01,0,2026-10-09,2026-10-09,"株式会社ナインワットジャパン",,301,"東京都","渋谷区","桜丘町１－２渋谷サクラステージセントラルビル１２階",,13,113,1500031,,,,,,,2026-10-09,1,,,,,"ナインワットジャパン",0
341,2011001180869,01,0,2026-10-09,2026-10-09,"株式会社交換できるくん",,301,"東京都","渋谷区","東１丁目２６番２０号東京建物東渋谷ビル",,13,113,1500011,,,,,,,2026-10-09,1,,,,,"コウカンデキルクン",0
342,2011001180877,01,0,2026-10-09,2026-10-09,"ＳＨＩＭＡ株式会社",,301,"東京都","渋谷区","広尾１丁目２番地１号ヒカリビル４階",,13,113,1500012,,,,,,,2026-10-09,1,,,,,"シマ",0
343,2011101045864,12,0,2026-10-09,2026-10-07,"株式会社ゼロメディカル",,301,"東京都","千代田区","霞が関３丁目２番５号",,13,101,1000013,,,,,,,2015-10-05,1,,,,,"ゼロメディカル",0
344,2011101054824,12,0,2026-10-09,2026-10-06,"スピンシェル株式会社",,301,"東京都","北区","赤羽１丁目４０番２号",,13,117,1150045,,,,,,,2015-10-05,1,,,,,"スピンシェル",0
345,2011101068023,12,0,2026-10-09,2026-09-14,"株式会社ＩＴＤホールディングス",,301,"東京都","新宿区","西新宿７丁目２０番１号住友不動産西新宿ビル２７階",,13,104,1600023,,,,,,,2015-10-05,1,,,,,"アイティディホールディングス",0
346,2011101071349,01,1,2026-10-09,2015-10-05,"株式会社ＩＴＤ建設",,301,"東京都","新宿区","西新宿７丁目２０番１号住友不動産西新宿ビル２３階",,13,104,1600023,,,,,,,2015-10-05,0,,,,,"アイティディケンセツ",0
347,2011101071349,12,1,2026-10-09,2020-12-08,"株式会社ＩＴＤ建設",,301,"東京都","新宿区","西新宿７丁目１９番３号",,13,104,1600023,,,,,,,2015-10-05,0,,,,,"アイティディケンセツ",0
348,2011101071349,12,1,2026-10-09,2026-09-14,"株式会社ＩＴＤ建設",,301,"東京都","新宿区","西新宿７丁目２０番１号住友不動産西新宿ビル２７階",,13,104,1600023,,,,,,,2015-10-05,1,,,,,"アイティディケンセツ",0
349,2011101097055,12,0,2026-10-09,2026-09-10,"株式会社ＳＵＳエンターテイメント",,301,"東京都","新宿区","市谷仲之町３番３４号",,13,104,1620064,,,,,,,2021-11-30,1,,,,,"エスユーエスエンターテイメント",0
350,2011101117630,01,0,2026-10-09,2026-10-09,"株式会社アルカナＡＩ",,301,"東京都","新宿区","西新宿１丁目２５番１号新宿センタービル４７階",,13,104,1600023,,,,,,,2026-10-09,1,,,,,"アルカナエーアイ",0
351,2011102028587,12,0,2026-10-09,2026-10-05,"有限会社プレストメディア",,302,"神奈川県","横須賀市","平作１丁目１４番８号",,14,201,2380032,,,,,,,2015-10-05,1,,,,,"プレストメディア",0
352,2011103015691,12,0,2026-10-09,2026-09-07,"Ｃｏｍｆｙ　Ｆｏｏｄｓ　Ｊａｐａｎ合同会社",,305,"東京都","港区","北青山３丁目６番１０号青山パラシオタワー１１階",,13,103,1070061,,,,,,,2025-03-27,1,,,,,"コンフィフーズジャパン",0
353,2011303004214,12,0,2026-10-09,2026-10-07,"合同会社Ｓｏｌａｘ　Ｐｏｗｅｒ　Ｎｅｔｗｏｒｋ",,305,"東京都","千代田区","神田錦町１丁目８番地９ＣＩＲＣＬＥ大手町ｔｈｅＮｏｒｔｈ５階",,13,101,1010054,,,,,,,2021-11-09,1,,,,,"ソラックスパワーネットワーク",0
354,2011401001658,01,1,2026-10-09,2015-10-05,"キモト総業株式会社",,301,"東京都","板橋区","前野町３丁目３１番３号",,13,119,1740063,,,,,,,2015-10-05,1,,,,,"キモトソウギョウ",0
355,2011401028313,01,0,2026-10-09,2026-10-09,"株式会社ワンデイズ",,301,"東京都","板橋区","南常盤台１丁目１１番６号レフア南常盤台１０１",,13,119,1740072,,,,,,,2026-10-09,1,,,,,"ワンデイズ",0
356,2011501016151,71,0,2026-10-09,2026-09-02,"株式会社吉野家ホールディングス",00055691,301,"東京都","中央区","日本橋箱崎町３６番２号",,13,102,1030015,,,,,,"令和８年９月１日東京都中央区日本橋箱崎町３６番２号株式会社理想環境（6010001198810）を合併",2015-10-05,1,,,,,"ヨシノヤホールディングス",0
357,2011502010830,01,1,2026-10-09,2015-10-05,"有限会社ふくち工芸",,302,"東京都","荒川区","東尾久６丁目１７番９－５０１号",,13,118,1160012,,,,,,,2015-10-05,1,,,,,"フクチコウゲイ",0
358,2011701014970,01,1,2026-10-09,2015-10-05,"株式会社リボンティーノジャパン",,301,"東京都","江戸川区","東葛西５丁目３２番１０号ロングエイト３－５０３号室",,13,123,1340084,,,,,,,2015-10-05,1,,,,,"リボンティーノジャパン",0
359,2011701026537,12,0,2026-10-09,2026-10-06,"株式会社克・建",,301,"千葉県","千葉市中央区","仁戸名町３４１－１９",,12,101,2600801,,,,,,,2023-08-22,1,,,,,"カツケン",0
360,2011702007073,01,1,2026-10-09,2015-10-05,"有限会社拓水樓",,302,"東京都","江戸川区","東葛西８丁目３０番８号",,13,123,1340084,,,,,,,2015-10-05,1,,,,,"タクスイロウ",0
361,2011801010192,21,0,2026-10-09,2026-10-05,"株式会社東京ラック",,301,"東京都","足立区","佐野１丁目３２番９号",,13,121,1210053,,,2026-10-05,01,,,2015-10-05,1,,,,,"トウキョウラック",0
362,2011801020051,71,0,2026-10-09,2026-10-01,"ニューロング精機株式会社",,301,"東京都","葛飾区","白鳥４丁目８番１４号",,13,122,1250063,,,,,,"令和８年１０月１日東京都足立区神明南一丁目１４番２６号株式会社クドー機械開発（8011801007308）を合併",2015-10-05,1,,,,,"ニューロングセイキ",0
363,2011801042863,12,0,2026-10-09,2026-10-02,"明輝株式会社",,301,"東京都","足立区","千住竜田町８－８関口ビル２Ｆ",,13,121,1200000,,,,,,,2023-08-09,1,,,,,"メイキ",0
364,2011802007997,01,1,2026-10-09,2015-10-05,"有限会社八幡苑",,302,"東京都","葛飾区","金町６丁目２番１号",,13,122,1250042,,,,,,,2015-10-05,1,,,,,"ヤワタエン",0
365,2011802025487,21,0,2026-10-09,2026-10-05,"有限会社トムラ",,302,"東京都","葛飾区","奥戸５丁目１６番７－１０４号ベルドゥムール新小岩",,13,122,1240022,,,2026-10-05,01,,,2015-10-05,1,,,,,"トムラ",0
366,2011803005364,12,0,2026-10-09,2026-10-05,"合同会社るりか",,305,"東京都","足立区","西新井栄町１丁目１０－１－１０１",,13,121,1230843,,,,,,,2022-11-11,1,,,,,"ルリカ",0
367,2012302007554,01,1,2026-10-09,2015-10-05,"有限会社ナイスサイン",,302,"東京都","町田市","上小山田町４９８番地１８",,13,209,1940201,,,,,,,2015-10-05,1,,,,,"ナイスサイン",0
368,2012401037353,12,0,2026-10-09,2026-10-06,"Ｐｒｏｖｅｒ株式会社",,301,"山口県","下関市","彦島向井町１丁目７番１号",,35,201,7500084,,,,,,,2021-01-05,1,,,,,"プルーバー",0
369,2012403008014,01,0,2026-10-09,2026-10-09,"合同会社ＴＡＭＡ‐ＢＡＳＥ",,305,"東京都","多摩市","落合３丁目４－３－３０３",,13,224,2060033,,,,,,,2026-10-09,1,,,,,"タマベース",0
370,2012701019670,01,0,2026-10-09,2026-10-09,"ＤｏＢ株式会社",,301,"東京都","東村山市","美住町１丁目４番地１８Ｋ－３２９",,13,213,1890023,,,,,,,2026-10-09,1,,,,,"ドゥービー",0
371,2013301056880,01,0,2026-10-09,2026-10-09,"株式会社Ｂｅｋｉｔｏ",,301,"東京都","豊島区","東池袋２丁目６２番８号ＢＩＧオフィスプラザ池袋１２０６",,13,116,1700013,,,,,,,2026-10-09,1,,,,,"ベキート",0
372,2013305001981,01,1,2026-10-09,2015-10-05,"特定非営利活動法人全国初等教育研究会",,399,"東京都","豊島区","東池袋４丁目２１番１号アウルタワー２Ｆ",,13,116,1700013,,,,,,,2015-10-05,1,,,,,"ゼンコクショトウキョウイクケンキュウカイ",0
373,2020001062952,11,0,2026-10-09,2026-09-25,"アールボア株式会社",,301,"神奈川県","横浜市港北区","新横浜１丁目１７番１２号インテリックス新横浜ビル２階",,14,109,2220033,,,,,,,2015-10-05,1,,,,,"アールボア",0
374,2020001157843,01,1,2026-10-09,2024-06-25,"株式会社ＡＫＰコンサルティング",,301,"神奈川県","横浜市港北区","師岡町３６０番地１８",,14,109,2220002,,,,,,,2024-06-25,0,,,,,"エーケーピーコンサルティング",0
375,2020001157843,12,0,2026-10-09,2026-10-07,"株式会社ＡＫＰコンサルティング",,301,"東京都","世田谷区","玉川２丁目１６番６号",,13,112,1580094,,,,,,,2024-06-25,1,,,,,"エーケーピーコンサルティング",0
376,2020003031930,01,0,2026-10-09,2026-10-09,"合同会社ＦＭアセット",,305,"神奈川県","横浜市西区","浅間町１丁目４番３号ウィザードビル４０２",,14,103,2200072,,,,,,,2026-10-09,1,,,,,"エフエムアセット",0
377,2021001052737,01,1,2026-10-09,2015-10-05,"木和田総業株式会社",,301,"神奈川県","小田原市","小竹１８４１番地の１",,14,206,2560802,,,,,,,2015-10-05,1,,,,,"キワダソウギョウ",0
378,2021001083658,11,0,2026-10-09,2026-09-18,"ＮｅｕｎＷａｎＬｉ株式会社",,301,"神奈川県","横浜市戸塚区","下倉田町２５０番地４９ライヴリーメゾン２０３号室",,14,110,2440815,,,,,,,2024-11-13,1,,,,,"ヌンワリ",0
379,2021001089333,01,0,2026-10-09,2026-10-09,"株式会社Ｂｌａｃｋｇｕａｒｄ",,301,"神奈川県","海老名市","上今泉５丁目１７番３４号",,14,215,2430431,,,,,,,2026-10-09,1,,,,,"ブラックガード",0
380,2021001089341,01,0,2026-10-09,2026-10-09,"株式会社旅縁",,301,"神奈川県","逗子市","桜山８丁目７番１０号",,14,208,2490005,,,,,,,2026-10-09,1,,,,,"リョエン",0
381,2021003017993,01,0,2026-10-09,2026-10-09,"合同会社ＫＡＺＥＷＡ",,305,"神奈川県","大和市","渋谷６丁目２番６号",,14,213,2420023,,,,,,,2026-10-09,1,,,,,"カゼワ",0
382,2021005013710,01,0,2026-10-09,2026-10-09,"ＫＲＭＳ協同組合",,399,"神奈川県","厚木市","戸室１丁目２８番２７－４０１号",,14,212,2430031,,,,,,,2026-10-09,1,,,,,"ケーアールエムエス",0
383,2030001077545,01,1,2026-10-09,2015-10-05,"モリタ建装株式会社",,301,"埼玉県","川口市","大字東内野５５５番地の１",,11,203,3330821,,,,,,,2015-10-05,1,,,,,"モリタケンソウ",0
384,2030001147884,01,1,2026-10-09,2022-04-26,"株式会社ハルカ",,301,"埼玉県","坂戸市","大字横沼６２９番地７",,11,239,3500203,,,,,,,2022-04-26,1,,,,,,0
385,2030001174367,01,0,2026-10-09,2026-10-09,"株式会社Ｒｉｍｉｌｙ",,301,"埼玉県","深谷市","西大沼４２番地３",,11,218,3660829,,,,,,,2026-10-09,1,,,,,"リミリー",0
386,2030001174524,01,0,2026-10-09,2026-10-09,"株式会社ＳＨＵＳＥＩ",,301,"埼玉県","さいたま市大宮区","宮町３丁目１番地６明秀ビル２０５号",,11,103,3300802,,,,,,,2026-10-09,1,,,,,"シュウセイ",0
387,2030002033646,21,0,2026-10-09,2026-09-18,"有限会社コイズミ",,302,"埼玉県","狭山市","狭山台１丁目１２番地の５",,11,215,3501304,,,2026-09-18,01,,,2015-10-05,1,,,,,"コイズミ",0
388,2030003030089,01,0,2026-10-09,2026-10-09,"ＦＯＲＮＥＸＡ合同会社",,305,"埼玉県","春日部市","赤沼１３４７番地２",,11,214,3440015,,,,,,,2026-10-09,1,,,,,"フォルネクサ",0
389,2040001000506,21,0,2026-10-09,2026-09-14,"い組建設株式会社",,301,"千葉県","千葉市若葉区","下田町１２６２番地１",,12,104,2650076,,,2026-09-14,01,,,2015-10-05,1,,,,,"イグミケンセツ",0
390,2040001059237,01,1,2026-10-09,2015-10-05,"株式会社シンワ設計",,301,"千葉県","茂原市","法目１６５３番地",,12,210,2994113,,,,,,,2015-10-05,1,,,,,"シンワセッケイ",0
391,2040001067322,01,1,2026-10-09,2015-10-05,"宮本不動産株式会社",,301,"千葉県","柏市","今谷上町４５番地３３",,12,217,2770074,,,,,,,2015-10-05,1,,,,,"ミヤモトフドウサン",0
392,2040001145598,01,0,2026-10-09,2026-10-09,"株式会社トヨテックホールディングス",,301,"千葉県","野田市","西三ケ尾７７番地２",,12,208,2780015,,,,,,,2026-10-09,1,,,,,"トヨテックホールディングス",0
393,2040002013102,01,1,2026-10-09,2015-10-05,"有限会社エヌピーシー",,302,"千葉県","千葉市緑区","おゆみ野中央８丁目２６番地２",,12,105,2660032,,,,,,,2015-10-05,0,,,,,"エヌピーシー",0
394,2040002013102,12,1,2026-10-09,2026-09-29,"有限会社エヌピーシー",,302,"千葉県","市原市","ちはら台西４丁目３番１１",,12,219,2900143,,,,,,,2015-10-05,1,,,,,"エヌピーシー",0
395,2040002024124,01,1,2026-10-09,2015-10-05,"有限会社トランパーズ",,302,"東京都","中野区","中野５丁目５２番１５号",,13,114,1640001,,,,,,,2015-10-05,1,,,,,"トランパーズ",0
396,2040002079507,21,0,2026-10-09,2026-09-14,"有限会社小池電気",,302,"千葉県","山武市","五木田２８７０番地の１",,12,237,2891316,,,2026-09-14,01,,,2015-10-05,1,,,,,"コイケデンキ",0
397,2040002082667,01,1,2026-10-09,2015-10-05,"今井電氣工業有限会社",,302,"千葉県","長生郡長生村","七井土１５２９番地の１",,12,423,2994333,,,,,,,2015-10-05,1,,,,,"イマイデンキコウギョウ",0
398,2040003022746,12,0,2026-10-09,2026-09-15,"Ａｔａｒ合同会社",,305,"千葉県","船橋市","本町７丁目１２番２０号",,12,204,2730005,,,,,,,2023-06-07,1,,,,,"アタル",0
399,2040003023001,21,0,2026-10-09,2026-09-14,"けいざい相互支援合同会社",,305,"千葉県","我孫子市","布佐８６４番地の１",,12,222,2701101,,,2026-09-14,01,,,2023-07-25,1,,,,,"ケイザイソウゴシエン",0
400,2050001026582,01,1,2026-10-09,2015-10-05,"株式会社やまと",,301,"茨城県","常陸太田市","栄町３３２５番地の１",,08,212,3130005,,,,,,,2015-10-05,1,,,,,"ヤマト",0
401,2050001026632,12,0,2026-10-09,2026-10-07,"株式会社イースタンマーブル",,301,"神奈川県","横浜市保土ケ谷区","桜ケ丘２丁目１９番６号",,14,106,2400011,,,,,,,2015-10-05,1,,,,,"イースタンマーブル",0
402,2050001059013,01,0,2026-10-09,2026-10-09,"株式会社ＭＡＣＩＲＯ",,301,"茨城県","土浦市","天川２丁目１９番２号",,08,203,3000818,,,,,,,2026-10-09,1,,,,,"マシロ",0
403,2050001059038,01,0,2026-10-09,2026-10-09,"株式会社ＣＲＡＦＴ　ＥＤＧＥ",,301,"茨城県","取手市","浜田３２５番地１",,08,217,3001507,,,,,,,2026-10-09,1,,,,,"クラフトエッジ",0
404,2050002034865,01,1,2026-10-09,2015-10-05,"有限会社ヨシタカ",,302,"宮城県","石巻市","千石町４－４３",,04,202,9860827,,,,,,,2015-10-05,0,,,,,,0
405,2050002034865,12,1,2026-10-09,2016-07-12,"有限会社ヨシタカ",,302,"茨城県","龍ケ崎市","城ノ内３丁目１５番地３",,08,208,3010847,,,,,,,2015-10-05,0,,,,,,0
406,2050002034865,12,1,2026-10-09,2026-07-09,"有限会社ヨシタカ",,302,"石川県","珠洲市","野々江町ワ部６６番１－１０２",,17,205,9271213,,,,,,,2015-10-05,1,,,,,,0
407,2050002037380,01,1,2026-10-09,2015-10-05,"有限会社多田機工",,302,"茨城県","取手市","宮和田６４２番地の３",,08,217,3001514,,,,,,,2015-10-05,1,,,,,"タダキコウ",0
408,2050003010428,01,0,2026-10-09,2026-10-09,"エーゼン・Ｋ内装設備合同会社",,305,"茨城県","龍ケ崎市","松ケ丘２丁目２番地１６",,08,208,3010853,,,,,,,2026-10-09,1,,,,,"エーゼンケーナイソウセツビ",0
409,2060001001171,01,1,2026-10-09,2015-10-05,"株式会社関東林業",,301,"栃木県","宇都宮市","下金井町６６１番地８",,09,201,3212114,,,,,,,2015-10-05,1,,,,,"カントウリンギョウ",0
410,2060001029270,01,1,2026-10-09,2017-04-17,"株式会社佐山建設",,301,"栃木県","小山市","大字東黒田３３１番地４",,09,208,3290204,,,,,,,2017-04-17,1,,,,,"サヤマケンセツ",0
411,2060002035821,01,1,2026-10-09,2015-10-05,"有限会社鹿沼工業",,302,"栃木県","足利市","南大町１１６２番地",,09,202,3260836,,,,,,,2015-10-05,0,,,,,"カヌマコウギョウ",0
412,2060002035821,12,1,2026-10-09,2015-12-17,"有限会社鹿沼工業",,302,"栃木県","足利市","堀込町３００８番地１",,09,202,3260831,,,,,,,2015-10-05,1,,,,,"カヌマコウギョウ",0
413,2070001044541,01,0,2026-10-09,2026-10-09,"株式会社ＫＮＳ",,301,"群馬県","前橋市","元総社町１９４番地",,10,201,3710846,,,,,,,2026-10-09,1,,,,,"ケーエヌエス",0
414,2070001044566,01,0,2026-10-09,2026-10-09,"株式会社ハロ",,301,"群馬県","館林市","栄町１７番３１号",,10,207,3740052,,,,,,,2026-10-09,1,,,,,"ハロ",0
415,2070002025953,12,0,2026-10-09,2026-10-06,"有限会社伊藤建築事務所",,302,"東京都","北区","堀船１丁目２４番５号",,13,117,1140004,,,,,,,2015-10-05,1,,,,,"イトウケンチクジムショ",0
416,2080001020509,21,0,2026-10-09,2026-10-06,"株式会社平松保険サービス",,301,"静岡県","藤枝市","岡出山２丁目１４番１５号",,22,214,4260026,,,2026-10-06,01,,,2015-10-05,1,,,,,"ヒラマツホケンサービス",0
417,2080101000617,12,0,2026-10-09,2026-10-01,"株式会社サンエース",,301,"静岡県","沼津市","西間門２６２－１大成ビル１０２",,22,203,4100871,,,,,,,2015-10-05,1,,,,,"サンエース",0
418,2080101005599,01,1,2026-10-09,2015-10-05,"株式会社三光製作所",,301,"静岡県","駿東郡清水町","八幡４３番地の１",,22,341,4110906,,,,,,,2015-10-05,1,,,,,"サンコウセイサクジョ",0
419,2080101013940,01,1,2026-10-09,2015-10-05,"株式会社早坂組",,301,"静岡県","伊東市","玖須美元和田７３０番地の１６０",,22,208,4140045,,,,,,,2015-10-05,1,,,,,"ハヤサカグミ",0
420,2080103003709,01,0,2026-10-09,2026-10-09,"合同会社ワイズ",,305,"静岡県","富士市","森島５１８番地の３",,22,210,4160948,,,,,,,2026-10-09,1,,,,,"ワイズ",0
421,2090001020103,01,0,2026-10-09,2026-10-09,"株式会社ＡＭＥＮＢＯ",,301,"山梨県","韮崎市","富士見ケ丘２丁目１２０番地１",,19,207,4070021,,,,,,,2026-10-09,1,,,,,"アメンボ",0
422,2100001018599,71,0,2026-10-09,2026-09-28,"ひかり味噌株式会社",00069291,301,"長野県","諏訪郡下諏訪町","４８４８番地１",,20,361,3930000,,,,,,"令和８年９月２８日東京都文京区大塚三丁目５番１０号住友成泉小石川ビルディング本館株式会社禅味堂（5010001103903）を合併",2015-10-05,1,,,,,"ヒカリミソ",0
423,2100002006306,01,1,2026-10-09,2015-10-05,"有限会社丸ト福澤商店",,302,"長野県","長野市","豊野町豊野９４０番地",,20,201,3891105,,,,,,,2015-10-05,1,,,,,"マルトフクザワショウテン",0
424,2100002030652,01,1,2026-10-09,2015-10-05,"有限会社ｏｒｂｉｔ",,302,"長野県","諏訪市","城南１丁目２５６１番地２",,20,206,3920017,,,,,,,2015-10-05,1,,,,,"オービット",0
425,2120001014506,01,1,2026-10-09,2015-10-05,"株式会社岡崎設計",,301,"大阪府","大阪市城東区","今福西４丁目４番３０号",,27,118,5360004,,,,,,,2015-10-05,1,,,,,"オカザキセッケイ",0
426,2120001022979,12,0,2026-10-09,2026-10-05,"関西乳製品株式会社",,301,"大阪府","大阪市中央区","玉造１丁目１４番１４号",,27,128,5400004,,,,,,,2015-10-05,1,,,,,"カンサイニュウセイヒン",0
427,2120001046838,01,1,2026-10-09,2015-10-05,"平田ネジ株式会社",,301,"大阪府","大阪市西区","九条南３丁目２８番１７号",,27,106,5500025,,,,,,,2015-10-05,1,,,,,"ヒタラネジ",0
428,2120001062579,71,0,2026-10-09,2026-10-02,"株式会社かんそく",,301,"大阪府","大阪市北区","西天満５丁目６番５号",,27,127,5300047,,,,,,"令和８年１０月１日大阪市北区西天満五丁目６番５号株式会社関即サービス（4120001133808）を合併",2015-10-05,1,,,,,"カンソク",0
429,2120001072545,12,0,2026-10-09,2026-10-02,"株式会社大阪スタジオ",,301,"大阪府","大阪市北区","西天満６丁目３番７号光栄ビル",,27,127,5300047,,,,,,,2015-10-05,1,,,,,"オオサカスタジオ",0
430,2120001152339,01,1,2026-10-09,2015-10-05,"株式会社フォプル",,301,"大阪府","寝屋川市","上神田１丁目１８番９号",,27,215,5720052,,,,,,,2015-10-05,1,,,,,"フォプル",0
431,2120001188944,12,0,2026-10-09,2026-10-05,"株式会社フロンティアガイド",,301,"大阪府","大阪市大正区","北村１丁目５番９号",,27,108,5510032,,,,,,,2015-10-05,1,,,,,"フロンティアガイド",0
432,2120001206771,12,0,2026-10-09,2026-10-05,"株式会社エステートカフェ",,301,"大阪府","豊中市","山ノ上町３番３５号",,27,203,5610892,,,,,,,2017-07-11,0,,,,,"エステートカフェ",0
433,2120001206771,11,0,2026-10-09,2026-10-05,"株式会社ストアベース",,301,"大阪府","豊中市","山ノ上町３番３５号",,27,203,5610892,,,,,,,2017-07-11,1,,,,,"ストアベース",0
434,2120001211549,01,1,2026-10-09,2018-02-22,"Ｏｖｅｒａｌｌ株式会社",,301,"大阪府","枚方市","牧野本町１丁目１６番１１号",,27,210,5731144,,,,,,,2018-02-22,0,,,,,"オーバーオール",0
435,2120001211549,12,0,2026-10-09,2026-10-07,"Ｏｖｅｒａｌｌ株式会社",,301,"東京都","新宿区","西新宿４丁目３１－３",,13,104,1600023,,,,,,,2018-02-22,1,,,,,"オーバーオール",0
436,2120001228089,12,0,2026-10-09,2026-10-05,"株式会社レッドホットネットワーク",,301,"大阪府","大阪市西区","南堀江２丁目５番２４－３０３号",,27,106,5500015,,,,,,,2020-03-26,1,,,,,"レッドホットネットワーク",0
437,2120001237841,12,0,2026-10-09,2026-09-28,"ＭＧＧｓ　Ｐａｒｔｎｅｒｓ株式会社",,301,"福岡県","福岡市西区","姪の浜５丁目１０番２０号",,40,135,8190002,,,,,,,2021-06-01,1,,,,,"エムジージーズパートナーズ",0
438,2120001271023,01,1,2026-10-09,2024-12-16,"Ｄａｒｋ　ｈｏｒｓｅ　ｐｒｉｎｃｅｓｓ株式会社",,301,"大阪府","大阪市中央区","松屋町９番２０号ローレルステート松屋町７０４Ｂ",,27,128,5420067,,,,,,,2024-12-16,0,,,,,"ダークホースプリンセス",0
439,2120001271023,21,0,2026-10-09,2026-10-06,"Ｄａｒｋ　ｈｏｒｓｅ　ｐｒｉｎｃｅｓｓ株式会社",,301,"大阪府","大阪市中央区","松屋町９番２０号ローレルステート松屋町７０４Ｂ",,27,128,5420067,,,2026-10-06,01,,,2024-12-16,1,,,,,"ダークホースプリンセス",0
440,2120001278043,21,0,2026-10-09,2026-10-05,"中金集団株式会社",,301,"大阪府","大阪市東成区","大今里３丁目１５番６号ＩｍａｚａｔｏＴｏｗｅｒ５０１Ｃ",,27,115,5370012,,,2026-10-05,01,,,2025-07-17,1,,,,,"チュウキンシュウダン",0
441,2120001289478,01,0,2026-10-09,2026-10-09,"株式会社Ｐａｎｎｄｒｙテクノロジー",,301,"大阪府","大阪市平野区","加美正覚寺２丁目３番１９号",,27,126,5470006,,,,,,,2026-10-09,1,,,,,"パンドリーテクノロジー",0
442,2120001289486,01,0,2026-10-09,2026-10-09,"株式会社ＲＡＩＳＥ　ＪＡＰＡＮ",,301,"大阪府","大阪市淀川区","宮原１丁目１－１新大阪阪急ビル３Ｆ",,27,123,5320003,,,,,,,2026-10-09,1,,,,,"レイズジャパン",0
443,2120002001247,11,0,2026-10-09,2026-10-02,"株式会社タガミ花店",,301,"大阪府","大阪市北区","樋之口町１番２０－３１１３号",,27,127,5300032,,,,,,,2015-10-05,1,,,,,"タガミハナテン",0
444,2120003024593,12,0,2026-10-09,2026-10-06,"新秀合同会社",,305,"東京都","港区","六本木２丁目１番１９号Ｓ－Ｂｕｉｌｄｉｎｇ３階",,13,103,1060032,,,,,,,2023-08-01,1,,,,,"シンシュウ",0
445,2120003027175,12,0,2026-10-09,2026-10-07,"合同会社ＴＳＵＮＡＧＵ",,305,"大阪府","高槻市","紺屋町１番１号高槻グリーンプラザ１号館２０９号",,27,207,5690804,,,,,,,2024-08-01,1,,,,,"ツナグ",0
446,2120003030757,11,0,2026-10-09,2026-10-02,"ミロク技研合同会社",,305,"大阪府","大阪市都島区","高倉町３丁目１５番１５号３Ｆ",,27,102,5340011,,,,,,,2025-10-01,1,,,,,"ミロクギケン",0
447,2120101066463,21,0,2026-10-09,2026-10-05,"株式会社松川商事",,301,"大阪府","堺市中区","陶器北４４６番地５",,27,142,5998242,,,2026-10-05,01,,,2022-11-02,1,,,,,"マツカワショウジ",0
448,2120101074499,01,0,2026-10-09,2026-10-09,"株式会社涼真不動産",,301,"大阪府","富田林市","喜志町３丁目４－２７",,27,214,5840005,,,,,,,2026-10-09,1,,,,,"リョウシンフドウサン",0
449,2120901016130,21,0,2026-10-09,2026-10-01,"株式会社ミライト・ワン・システムズ",,301,"東京都","港区","東新橋２丁目３番３号",,13,103,1050021,,,2026-10-01,11,6010601040090,"令和８年１０月１日東京都港区虎ノ門二丁目２番３号株式会社ミライト・ワン（6010601040090）に合併し解散",2015-10-05,1,,,,,"ミライトワンシステムズ",0
450,2120901042507,71,0,2026-10-09,2026-10-01,"株式会社ドリームゲート",,301,"大阪府","箕面市","粟生新家２丁目５番９号",,27,220,5620024,,,,,,"令和８年１０月１日大阪府吹田市川岸町９番１号株式会社タカハシ商事（5120901039070）を合併",2020-03-09,1,,,,,"ドリームゲート",0
451,2120901048529,12,0,2026-10-09,2026-10-05,"ａｎｄＡｎｊｕ株式会社",,301,"大阪府","高槻市","上田辺町１７番１１号",,27,207,5690805,,,,,,,2023-12-22,1,,,,,"アンドアンジュ",0
452,2120901053264,01,0,2026-10-09,2026-10-09,"株式会社Ｂｏａｒｄ　Ｌｉｎｋ",,301,"大阪府","豊中市","宮山町２丁目２２番３１号",,27,203,5600056,,,,,,,2026-10-09,1,,,,,"ボードリンク",0
453,2120903004942,12,0,2026-10-09,2026-10-07,"合同会社ＱＵＩＮＤＹ",,305,"兵庫県","尼崎市","武庫之荘３丁目１７番８号キューブＡＭＸ６０４号室",,28,202,6610035,,,,,,,2023-12-06,1,,,,,"クインディ",0
454,2120903006435,01,0,2026-10-09,2026-10-09,"合同会社アルキオネ",,305,"大阪府","箕面市","船場東３丁目８番１－２７１１号",,27,220,5620035,,,,,,,2026-10-09,1,,,,,"アルキオネ",0
455,2120905006929,01,0,2026-10-09,2026-10-09,"一般社団法人関西鳥獣被害対策協会",,399,"大阪府","高槻市","高垣町７２番３号",,27,207,5690097,,,,,,,2026-10-09,1,,,,,"カンサイチョウジュウヒガイタイサクキョウカイ",0
456,2122001038716,21,0,2026-10-09,2026-10-02,"エネルギーライフサポート株式会社",,301,"大阪府","東大阪市","長田東３丁目２番４３号長田ＳＫパークビル",,27,227,5770012,,,2026-10-02,01,,,2024-12-05,1,,,,,"エネルギーライフサポート",0
457,2122001040977,01,0,2026-10-09,2026-10-09,"株式会社暁晃商会",,301,"大阪府","東大阪市","池島町３丁目２番４６号",,27,227,5798064,,,,,,,2026-10-09,1,,,,,"アキテルショウカイ",0
458,2122002014567,01,1,2026-10-09,2015-10-05,"早川撚糸有限会社",,302,"大阪府","八尾市","竹渕東１丁目１８３番地",,27,212,5810053,,,,,,,2015-10-05,1,,,,,"ハヤカワネンシ",0
459,2130001041879,01,1,2026-10-09,2015-10-05,"八津合工業株式会社",,301,"京都府","綾部市","八津合町片山１０６番地",,26,203,6231122,,,,,,,2015-10-05,1,,,,,"ヤツアイコウギョウ",0
460,2130001052471,21,0,2026-10-09,2026-09-29,"株式会社ＴＰＳＬ",,301,"京都府","相楽郡精華町","桜が丘３丁目２番地１－１－５０６",,26,366,6190232,,,2026-09-29,01,,,2015-10-05,1,,,,,"ティーピーエスエル",0
461,2130001076248,12,0,2026-10-09,2026-10-06,"株式会社友信産業",,301,"兵庫県","姫路市","大津区勘兵衛町４丁目３４－１",,28,201,6711132,,,,,,,2024-01-30,1,,,,,"ユウシンサンギョウ",0
462,2130001079738,12,0,2026-10-09,2026-09-29,"数字力量株式会社",,301,"京都府","京都市東山区","今熊野日吉町３９番地３",,26,105,6050925,,,,,,,2025-06-02,1,,,,,"スウジリキリョウ",0
463,2130001083120,01,0,2026-10-09,2026-10-09,"株式会社Ｒｉｓｃａｔｔｏ",,301,"京都府","宇治市","木幡御蔵山３９番地の６９１",,26,204,6110002,,,,,,,2026-10-09,1,,,,,"リスカット",0
464,2130002012004,01,1,2026-10-09,2015-10-05,"有限会社荻野商店",,302,"京都府","京都市山科区","音羽八ノ坪８番地の５",,26,110,6078064,,,,,,,2015-10-05,0,,,,,"オギノショウテン",0
465,2130002012004,21,0,2026-10-09,2026-10-01,"有限会社荻野商店",,302,"京都府","京都市山科区","音羽八ノ坪８番地の５",,26,110,6078064,,,2026-10-01,01,,,2015-10-05,1,,,,,"オギノショウテン",0
466,2130003011046,12,0,2026-10-09,2026-09-29,"合同会社ｇｒｏｗｔｈ",,305,"京都府","京都市伏見区","淀木津町１９７番地１エイジングコート淀城公園１Ｆ",,26,109,6130911,,,,,,,2026-01-07,1,,,,,"グロース",0
467,2130003011764,01,0,2026-10-09,2026-10-09,"合同会社オクトラボ",,305,"京都府","京都市下京区","小稲荷町８５－２Ｇｒａｎｄ－Ｋ京都駅前ビル２０１",,26,106,6008208,,,,,,,2026-10-09,1,,,,,"オクトラボ",0
468,2130005008494,01,1,2026-10-09,2015-10-05,"正法寺",,399,"京都府","相楽郡和束町","大字南小字下河原７１番地",,26,365,6191213,,,,,,,2015-10-05,1,,,,,"ショウホウジ",0
469,2130005012496,12,0,2026-10-09,2026-10-07,"特定非営利活動法人京都イノベーション・リソース",,399,"大阪府","大阪市城東区","鴫野西２丁目２番２１号",,27,118,5360014,,,,,,,2015-10-05,1,,,,,"キョウトイノベーションリソース",0
470,2140001046596,01,1,2026-10-09,2015-10-05,"福井運送株式会社",,301,"兵庫県","養父市","薮崎１６６番地",,28,222,6670113,,,,,,,2015-10-05,1,,,,,"フクイウンソウ",0
471,2140001057825,01,1,2026-10-09,2015-10-05,"株式会社井上マーク製作所",,301,"兵庫県","姫路市","大津区平松２２５番地の１",,28,201,6711145,,,,,,,2015-10-05,1,,,,,"イノウエマークセイサクショ",0
472,2140001075356,71,0,2026-10-09,2026-10-01,"株式会社オーナーばり",,301,"兵庫県","西脇市","富田町１２０番地",,28,213,6770018,,,,,,"令和８年１０月１日兵庫県西脇市富田町１２０番地有限会社泰平（9140002061828）を合併",2015-10-05,1,"OWNER HOOKS CO., LTD.","Hyogo","120, Tomita-cho, Nishiwaki-shi",,"オーナーバリ",0
473,2140001094075,11,0,2026-10-09,2026-10-01,"株式会社つむぐ",,301,"兵庫県","宝塚市","旭町３丁目８番４号",,28,214,6650835,,,,,,,2015-10-05,1,,,,,"ツムグ",0
474,2140001133642,12,0,2026-10-09,2026-10-06,"東建金属株式会社",,301,"兵庫県","加東市","久美字大垣内６３７番地３",,28,228,6731400,,,,,,,2024-03-13,1,,,,,"トウケンキンゾク",0
475,2140001144210,01,0,2026-10-09,2026-10-09,"株式会社ビケンリレーション",,301,"兵庫県","姫路市","広畑区高浜町４丁目２１番地１",,28,201,6711153,,,,,,,2026-10-09,1,,,,,"ビケンリレーション",0
476,2140001144243,01,0,2026-10-09,2026-10-09,"株式会社ＹＵＩＮＥＳＳ",,301,"兵庫県","明石市","大久保町大窪２０３９番地の１７１",,28,203,6740051,,,,,,,2026-10-09,1,,,,,"ユイネス",0
477,2140001144268,01,0,2026-10-09,2026-10-09,"株式会社ｅｎ．",,301,"兵庫県","西脇市","野村町４８２番地の５",,28,213,6770054,,,,,,,2026-10-09,1,,,,,"エン",0
478,2140003010344,01,1,2026-10-09,2015-10-05,"合同会社ＫＳＣ",,305,"兵庫県","尼崎市","塚口町３丁目２９番地の３",,28,202,6610002,,,,,,,2015-10-05,1,,,,,"ケイエスシー",0
479,2140005028079,01,0,2026-10-09,2026-10-09,"社会保険労務士法人レクシード",,399,"兵庫県","姫路市","南駅前町１００番地パラシオ第２ビル",,28,201,6700962,,,,,,,2026-10-09,1,,,,,"レクシード",0
480,2150001027389,12,0,2026-10-09,2026-10-05,"株式会社ＨＡＮＡＢＡＴＳＵ",,301,"兵庫県","神戸市北区","星和台５丁目７番４９",,28,109,6511121,,,,,,,2024-07-02,1,,,,,"ハナバツ",0
481,2170001011366,11,0,2026-10-09,2026-10-06,"株式会社寝台サービスたにむら",,301,"和歌山県","和歌山市","内原５６６番地の３",,30,201,6410013,,,,,,,2015-10-05,1,,,,,"シンダイサービスタニムラ",0
482,2180001058852,01,1,2026-10-09,2015-10-05,"株式会社Ｍ・Ｓコーポレーション",,301,"愛知県","名古屋市中村区","椿町１６番７号",,23,105,4530015,,,,,,,2015-10-05,1,,,,,"エムエスコーポレーション",0
483,2180001173800,01,0,2026-10-09,2026-10-09,"レジシオン株式会社",,301,"愛知県","岩倉市","中本町西出口６４番地９",,23,228,4820042,,,,,,,2026-10-09,1,,,,,"レジシオン",0
484,2180001173825,01,1,2026-10-09,2026-10-07,"株式会社Ｊ‐ＤＲＩＶＥ",,301,"愛知県","清須市","朝日貝塚３６",,23,233,4520932,,,,,,,2026-10-07,1,,,,,"ジェイドライブ",0
485,2180001173858,01,0,2026-10-09,2026-10-09,"株式会社アイエス",,301,"愛知県","海部郡大治町","大字八ツ屋字堤添８５番地の１",,23,424,4901133,,,,,,,2026-10-09,1,,,,,"アイエス",0
486,2180001173882,01,0,2026-10-09,2026-10-09,"ＱＳＣプランニング株式会社",,301,"愛知県","春日井市","篠田町６３９番地２６",,23,206,4860922,,,,,,,2026-10-09,1,,,,,"キューエスシープランニング",0
487,2180002010176,01,1,2026-10-09,2015-10-05,"富嶽有限会社",,302,"愛知県","名古屋市瑞穂区","松園町２丁目３４番地",,23,108,4670065,,,,,,,2015-10-05,1,,,,,"フガク",0
488,2180002063810,01,1,2026-10-09,2015-10-05,"株式会社ＴＩＣ",,301,"愛知県","名古屋市千種区","徳川山町６丁目２番２６号",,23,101,4640031,,,,,,,2015-10-05,1,,,,,"ティーアイシー",0
489,2180003030883,01,0,2026-10-09,2026-10-09,"合同会社近藤事務所",,305,"愛知県","名古屋市千種区","本山町２丁目４５番エンゼル本山１０１号",,23,101,4640036,,,,,,,2026-10-09,1,,,,,"コンドウジムショ",0
490,2180003030900,01,0,2026-10-09,2026-10-09,"ふく・ふく合同会社",,305,"愛知県","一宮市","三ツ井１丁目２０番１９号",,23,203,4910827,,,,,,,2026-10-09,1,,,,,"フクフク",0
491,2180005021690,01,0,2026-10-09,2026-10-09,"行政書士法人山田法務事務所",,399,"愛知県","海部郡蟹江町","大字西之森字硴場５０番地１",,23,425,4970052,,,,,,,2026-10-09,1,,,,,"ヤマダホウムジムショ",0
492,2180301015578,21,0,2026-10-09,2026-10-06,"名曲堂楽器株式会社",,301,"愛知県","碧南市","末広町２丁目８０番地",,23,209,4470044,,,2026-10-06,11,6180001092039,"令和８年１０月１日愛知県半田市天王町二丁目２７番地の６株式会社マツイシ楽器店（6180001092039）に合併し解散",2015-10-05,1,,,,,"メイキョクドウガッキ",0
493,2200001015413,01,1,2026-10-09,2015-10-05,"株式会社波乃家",,301,"岐阜県","海津市","海津町高須町１１１３番地の３",,21,221,5030653,,,,,,,2015-10-05,1,,,,,"ナミノヤ",0
494,2200001019240,01,1,2026-10-09,2015-10-05,"株式会社スギモト",,301,"岐阜県","関市","武芸川町平５０２番地",,21,205,5012606,,,,,,,2015-10-05,1,,,,,"スギモト",0
495,2200001035510,12,0,2026-10-09,2026-10-02,"クラウドパワー株式会社",,301,"岐阜県","岐阜市","東鶉４丁目８番地石の杜Ａ",,21,201,5008281,,,,,,,2018-09-07,1,,,,,"クラウドパワー",0
496,2200002002278,21,0,2026-10-09,2026-10-02,"有限会社新ハルピン",,302,"岐阜県","岐阜市","雄総柳町２丁目３９番地",,21,201,5020015,,,2026-10-02,01,,,2015-10-05,1,,,,,"シンハルピン",0
497,2200003007004,01,1,2026-10-09,2025-09-04,"合同会社ＡＤＥＥＬ　ＴＲＡＤＩＮＧ",,305,"岐阜県","美濃加茂市","本郷町１丁目４番１０号本郷マンション３Ｅ",,21,211,5050027,,,,,,,2025-09-04,1,,,,,,0
498,2200005013925,01,0,2026-10-09,2026-10-09,"一般社団法人ともなり福祉サービス",,399,"岐阜県","各務原市","鵜沼東町３丁目６０番地３",,21,213,5090126,,,,,,,2026-10-09,1,,,,,"トモナリフクシサービス",0
499,2210001020759,01,0,2026-10-09,2026-10-09,"株式会社Ｐａｔｏｒａｋｕ",,301,"福井県","坂井市","丸岡町熊堂第３号７番地１－１６",,18,210,9100347,,,,,,,2026-10-09,1,,,,,"パトラク",0
500,2210002012292,21,0,2026-10-09,2026-09-30,"有限会社サンエー建材",,302,"福井県","丹生郡越前町","上山中第２６号２３番地１",,18,423,9160225,,,2026-09-30,01,,,2015-10-05,1,,,,,"サンエーケンザイ",0
501,2220001016244,01,1,2026-10-09,2015-10-05,"七尾リフォーム株式会社",,301,"石川県","七尾市","塗師町４３番地３",,17,202,9260056,,,,,,,2015-10-05,1,,,,,"ナナオリフォーム",0
502,2220001024602,12,0,2026-10-09,2026-10-07,"株式会社トロワ",,301,"石川県","金沢市","木越町ト３５番地１",,17,201,9200203,,,,,,,2021-12-20,1,,,,,"トロワ",0
503,2220003002432,11,0,2026-10-09,2026-10-01,"株式会社さくら自動車オートサービス",,301,"石川県","羽咋郡志賀町","北吉田ヤの３４番地１",,17,384,9250152,,,,,,,2018-05-25,1,,,,,"サクラジドウシャオートサービス",0
504,2240001005550,01,1,2026-10-09,2015-10-05,"株式会社設備計画",,301,"広島県","広島市西区","中広町２丁目６番７号ベルマーレ中広１階",,34,104,7330012,,,,,,,2015-10-05,1,,,,,"セツビケイカク",0
505,2240001032314,21,0,2026-10-09,2026-10-01,"株式会社ミヤノメディックス",,301,"広島県","福山市","吉津町１２番５号",,34,207,7200072,,,2026-10-01,11,7240001005439,"令和８年１０月１日広島市西区商工センター一丁目２番１９号ティーエスアルフレッサ株式会社（7240001005439）に合併し解散",2015-10-05,1,,,,,"ミヤノメディックス",0
506,2240001064745,21,0,2026-10-09,2026-10-01,"株式会社想創堂",,301,"広島県","廿日市市","宮内１９５３番地２",,34,213,7380034,,,2026-10-01,01,,,2025-04-08,1,,,,,"ソウソウドウ",0
507,2240003007982,01,0,2026-10-09,2026-10-09,"合同会社村上装工",,305,"広島県","呉市","本通５丁目２番２号",,34,202,7370045,,,,,,,2026-10-09,1,,,,,"ムラカミソウコウ",0
508,2250001020441,12,0,2026-10-09,2026-10-06,"株式会社ハビタブル",,301,"東京都","渋谷区","代々木３丁目９番５号",,13,113,1510053,,,,,,,2023-12-21,1,,,,,"ハビタブル",0
509,2260002024259,01,1,2026-10-09,2015-10-05,"坂手商事有限会社",,302,"岡山県","倉敷市","玉島柏島６５８番地２",,33,202,7138123,,,,,,,2015-10-05,1,,,,,"サカテショウジ",0
510,2270001009532,01,0,2026-10-09,2026-10-09,"株式会社アルクス",,301,"鳥取県","鳥取市","叶３３８番地１",,31,201,6800874,,,,,,,2026-10-09,1,,,,,"アルクス",0
511,2290001039288,01,1,2026-10-09,2015-10-05,"西日本物流サービス株式会社",,301,"福岡県","糟屋郡粕屋町","大字上大隈８４８番地１",,40,349,8112301,,,,,,,2015-10-05,0,,,,,"ニシニホンブツリュウ",0
512,2290001039288,12,1,2026-10-09,2025-10-20,"西日本物流サービス株式会社",,301,"福岡県","糟屋郡粕屋町","江辻６丁目３番１号",00141276,40,349,8112313,,,,,,,2015-10-05,1,,,,,"ニシニホンブツリュウ",0
513,2290001040493,01,1,2026-10-09,2015-10-05,"株式会社栄進",,301,"福岡県","太宰府市","水城１丁目１１番１１号",,40,221,8180131,,,,,,,2015-10-05,1,,,,,"エイシン",0
514,2290001060310,21,0,2026-10-09,2026-09-30,"ＭＭエナジー株式会社",,301,"福岡県","福岡市中央区","大手門１丁目１番１２号",,40,133,8100074,,,2026-09-30,01,,,2015-10-05,1,,,,,"エムエムエナジー",0
515,2290001069327,01,1,2026-10-09,2015-10-05,"ワイ・エス・インベストメント株式会社",,301,"福岡県","久留米市","大手町２番地１５",,40,203,8300034,,,,,,,2015-10-05,1,,,,,"ワイエスインベストメント",0
516,2290001074558,01,1,2026-10-09,2016-07-14,"株式会社ＣＩＰ",,301,"福岡県","福岡市早良区","西新１丁目１１番１６号",,40,137,8140002,,,,,,,2016-07-14,1,,,,,"シーアイピー",0
517,2290001079441,01,1,2026-10-09,2017-10-13,"株式会社有延",,301,"福岡県","福岡市博多区","博多駅前２丁目１９番１７号トーカン博多第５ビル３１２号室",,40,132,8120011,,,,,,,2017-10-13,1,,,,,"アリノブ",0
518,2290001115758,01,0,2026-10-09,2026-10-09,"株式会社ＩＧＮＵＳ",,301,"福岡県","福岡市早良区","城西３丁目１７番２－２０２号フィオーレ西新",,40,137,8140003,,,,,,,2026-10-09,1,,,,,"イグナス",0
519,2290001115782,01,0,2026-10-09,2026-10-09,"株式会社ＳＨＵＮＡ",,301,"福岡県","飯塚市","幸袋５４６番地２Ａ１０３号",,40,205,8200066,,,,,,,2026-10-09,1,,,,,"シュナ",0
520,2290003003696,12,0,2026-10-09,2026-09-28,"合同会社モバイルエンペラー",,305,"福岡県","福岡市博多区","南本町１丁目４番３号さくら・さくら１０１",,40,132,8120883,,,,,,,2015-10-05,1,,,,,"モバイルエンペラー",0
521,2290005016069,21,0,2026-10-09,2026-09-28,"ＮＰＯ法人Ｈｏｐｅ　Ｓｕｐｐｏｒｔ",,399,"福岡県","福岡市南区","曰佐３丁目３９番２１号",,40,134,8111313,,,2026-09-28,01,,,2016-09-26,1,,,,,"ホープサポート",0
522,2290801012584,01,1,2026-10-09,2015-10-05,"株式会社ビートテック",,301,"福岡県","北九州市若松区","南二島２丁目３番２９号",,40,103,8080109,,,,,,,2015-10-05,1,,,,,"ビートテック",0
523,2290801022807,01,1,2026-10-09,2016-08-09,"株式会社ＴＦＧ",,301,"福岡県","田川市","大字伊田１５２４番地３",,40,206,8250002,,,,,,,2016-08-09,1,,,,,"ティーエフジー",0
524,2290801027698,12,0,2026-10-09,2026-10-01,"株式会社正覚",,301,"福岡県","北九州市八幡西区","茶屋の原２丁目１３番３号オフィスパレア八幡西Ｉ　Ａ棟３号",00145214,40,109,8071134,,,,,,,2021-08-13,1,,,,,"ショウカク",0
525,2290801027748,12,0,2026-10-09,2026-10-01,"株式会社ライム",,301,"福岡県","北九州市小倉北区","浅野１丁目１番１号ビエラ小倉１Ｆ　ＤＩＳＣＯＶＥＲＹ－１２３号",,40,106,8020001,,,,,,,2021-08-31,1,,,,,"ライム",0
526,2310002016341,11,0,2026-10-09,2026-10-05,"有限会社伊藤鋼業",,302,"長崎県","雲仙市","小浜町南木指字浜口平１番４",,42,213,8540511,,,,,,,2015-10-05,1,,,,,"イトウコウギョウ",0
527,2320002012463,12,0,2026-10-09,2026-10-01,"有限会社政建工業",,302,"大分県","速見郡日出町","大字平道７１３番地１",,44,341,8791508,,,,,,,2015-10-05,1,,,,,"マサケンコウギョウ",0
528,2330002020127,12,0,2026-10-09,2026-10-02,"有限会社西山設備工業",,302,"熊本県","熊本市東区","昭和町１２番２７号１Ｆ",,43,102,8612108,,,,,,,2015-10-05,1,,,,,"ニシヤマセツビコウギョウ",0
529,2330002026256,21,0,2026-10-09,2026-10-02,"有限会社ピー・シー",,302,"熊本県","八代市","迎町１丁目壱六号７番地",,43,202,8660055,,,2026-10-02,01,,,2015-10-05,1,,,,,"ピーシー",0
530,2340001028500,01,0,2026-10-09,2026-10-09,"株式会社エステートエイト",,301,"鹿児島県","鹿児島市","唐湊１丁目２０番１９号ちざきエルシティ４０４号",,46,201,8900081,,,,,,,2026-10-09,1,,,,,"エステートエイト",0
531,2340002006018,01,1,2026-10-09,2015-10-05,"有限会社辰巳地所",,302,"鹿児島県","鹿児島市","宇宿８丁目８番１号",,46,201,8900073,,,,,,,2015-10-05,1,,,,,"タツミヂショ",0
532,2340003000317,21,0,2026-10-09,2026-10-08,"合資会社山城",,304,"鹿児島県","鹿児島市","中山町５２０９番地",,46,201,8910105,,,2026-10-08,01,,,2015-10-05,1,,,,,"ヤマシロ",0
533,2340003004474,11,0,2026-10-09,2026-09-29,"株式会社ＣＵＲＡＩＭ",,301,"鹿児島県","霧島市","国分府中町２２番１１号",,46,218,8994346,,,,,,,2024-05-10,0,,,,,"キュライム",0
534,2340003004474,12,0,2026-10-09,2026-10-07,"株式会社ＣＵＲＡＩＭ",,301,"鹿児島県","霧島市","国分野口東８番４０号２Ｆ",,46,218,8994341,,,,,,,2024-05-10,1,,,,,"キュライム",0
535,2350001018871,12,0,2026-10-09,2026-10-05,"株式会社ｄａｙｓ",,301,"宮崎県","宮崎市","瀬頭２丁目２番１０",,45,201,8800867,,,,,,,2024-04-02,1,,,,,"デイズ",0
536,2360002004028,01,1,2026-10-09,2015-10-05,"有限会社丸宮産業",,302,"沖縄県","那覇市","古波蔵１丁目２９番３９号",,47,201,9000024,,,,,,,2015-10-05,1,,,,,"マルミヤサンギョウ",0
537,2360003013960,12,0,2026-10-09,2026-09-03,"合同会社Ｒｅｓｃｕｅ　Ｓｈｉｓａ",,305,"沖縄県","沖縄市","山内３丁目１２番９号",,47,211,9040034,,,,,,,2024-05-21,1,,,,,"レスキューシーサー",0
538,2370001016114,21,0,2026-10-09,2026-10-06,"東北いづみ運輸株式会社",,301,"宮城県","仙台市宮城野区","中野４丁目２番地の３５",,04,102,9830013,,,2026-10-06,11,1120001239178,"令和８年１０月１日大阪府高石市高砂二丁目２番７号いづみ運輸株式会社（1120001239178）に合併し解散",2015-10-05,1,,,,,"トウホクイヅミウンユ",0
539,2370001052134,01,1,2026-10-09,2025-01-17,"株式会社ＤＥ　ｇｒｏｕｐ",,301,"宮城県","仙台市青葉区","立町１－１２－２０３",,04,101,9800822,,,,,,,2025-01-17,0,,,,,"ディーイーグループ",0
540,2370001052134,12,1,2026-10-09,2026-09-30,"株式会社ＤＥ　ｇｒｏｕｐ",,301,"宮城県","仙台市青葉区","立町１４－３パリスビルＢ１－Ｂ",,04,101,9800822,,,,,,,2025-01-17,1,,,,,"ディーイーグループ",0
541,2370001054147,12,0,2026-10-09,2026-10-06,"株式会社ＢＩＧ　ＳＱＵＡＲＥ",,301,"東京都","新宿区","歌舞伎町１丁目１４番６号第２１東京ビル地下１階",,13,104,1600021,,,,,,,2026-08-14,1,,,,,"ビッグスクエア",0
542,2390001002252,21,0,2026-10-09,2026-09-30,"やまぎんキャピタル株式会社",,301,"山形県","山形市","七日町３丁目１番２号",,06,201,9900042,,,2026-09-30,01,,,2015-10-05,1,,,,,"ヤマギンキャピタル",0
543,2390005009046,01,1,2026-10-09,2023-12-12,"医療法人Ｗｉｎ　Ｔｒｅｅ",,399,"山形県","山形市","馬見ケ崎２丁目１０－１４",,06,201,9900810,,,,,,,2023-12-12,1,,,,,"ウィンツリー",0
544,2400001000832,71,0,2026-10-09,2026-10-01,"株式会社みちのりホテルズ",,301,"岩手県","盛岡市","繋字湯ノ舘１３７番地１",00091703,03,201,0200055,,,,,,"令和８年１０月１日福島県会津若松市大戸町大字芦ノ牧字下タ平１１２８番地株式会社丸峰観光ホテル（4380001017860）を合併",2015-10-05,1,,,,,"ミチノリホテルズ",0
545,2400001007497,71,0,2026-10-09,2026-10-01,"株式会社トータル・リユース",,301,"岩手県","釜石市","上中島町２丁目２番３３号",,03,211,0260041,,,,,,"令和８年１０月１日岩手県釜石市上中島町一丁目１番３３号有限会社ドクターヒューズマン岩手（6400002011726）を合併",2015-10-05,1,,,,,"トータルリユース",0
546,2410002013840,01,1,2026-10-09,2015-10-05,"有限会社風光",,302,"秋田県","横手市","十文字町仁井田字大道西１４番地",,05,203,0190505,,,,,,,2015-10-05,1,,,,,"フウコウ",0
547,2410003004302,01,0,2026-10-09,2026-10-09,"菊地甚助商店合同会社",,305,"秋田県","潟上市","飯田川和田妹川字石田１１番地１",,05,211,0181503,,,,,,,2026-10-09,1,,,,,"キクチジンスケショウテン",0
548,2420001019664,01,0,2026-10-09,2026-10-09,"株式会社アオレン希望ファーム",,301,"青森県","弘前市","大字外瀬２丁目２番地１",,02,202,0368317,,,,,,,2026-10-09,1,,,,,"アオレンキボウファーム",0
549,2420003002313,11,0,2026-10-09,2026-10-01,"おさむ合同会社",,305,"青森県","弘前市","大字寒沢町１９番地２７",,02,202,0368226,,,,,,,2021-05-25,1,,,,,"オサムフドウサン",0
550,2430001006802,21,0,2026-10-09,2026-10-02,"しんきん北海道ビジネスサービス株式会社",,301,"北海道","札幌市中央区","南二条西３丁目１５番地の１",,01,101,0600062,,,2026-10-02,01,,,2015-10-05,1,,,,,"シンキンホッカイドウビジネスサービス",0
551,2430001032162,01,1,2026-10-09,2015-10-05,"株式会社クイーンズ電工",,301,"北海道","札幌市中央区","南十五条西６丁目２番２３号プラザ１５　１０３号室",,01,101,0640915,,,,,,,2015-10-05,1,,,,,"クイーンズデンコウ",0
552,2430001066251,21,0,2026-10-09,2026-10-02,"株式会社コレクト",,301,"北海道","札幌市南区","澄川四条２丁目６番２２号アレフ澄川１階",,01,106,0050004,,,2026-10-02,01,,,2015-10-05,1,,,,,"コレクト",0
553,2430001072712,12,0,2026-10-09,2026-10-06,"株式会社河原デザイン",,301,"北海道","札幌市豊平区","月寒西二条１０丁目１番２－６０９号",,01,105,0620022,,,,,,,2016-11-14,1,,,,,"カワハラデザイン",0
554,2430001097387,12,0,2026-10-09,2026-10-02,"株式会社北海道こどもフーズ",,301,"北海道","札幌市中央区","南二条西５丁目３１－１ＲＭＢｌｄ．７０１",,01,101,0600062,,,,,,,2026-07-27,1,,,,,"ホッカイドウコドモフーズ",0
555,2430002024448,01,1,2026-10-09,2015-10-05,"有限会社北海道キリスト教書店",,302,"北海道","札幌市北区","北七条西６丁目北海道クリスチャンセンター内",,01,102,0600807,,,,,,,2015-10-05,0,,,,,"ホッカイドウキリストキョウショテン",0
556,2430002024448,12,1,2026-10-09,2025-10-09,"有限会社北海道キリスト教書店",,302,"北海道","札幌市清田区","北野二条２丁目９番１７号",,01,110,0040862,,,,,,,2015-10-05,0,,,,,"ホッカイドウキリストキョウショテン",0
557,2430002024448,21,1,2026-10-09,2026-09-11,"有限会社北海道キリスト教書店",,302,"北海道","札幌市清田区","北野二条２丁目９番１７号",,01,110,0040862,,,2026-09-11,01,,,2015-10-05,0,,,,,"ホッカイドウキリストキョウショテン",0
558,2430002024448,22,1,2026-10-09,2026-09-28,"有限会社北海道キリスト教書店",,302,"北海道","札幌市清田区","北野二条２丁目９番１７号",,01,110,0040862,,,,,,,2015-10-05,0,,,,,"ホッカイドウキリストキョウショテン",0
559,2430002024448,21,1,2026-10-09,2026-09-28,"有限会社北海道キリスト教書店",,302,"北海道","札幌市清田区","北野二条２丁目９番１７号",,01,110,0040862,,,2026-09-28,01,,,2015-10-05,1,,,,,"ホッカイドウキリストキョウショテン",0
560,2430003011387,21,0,2026-10-09,2026-10-06,"合同会社ノースケア工房",,305,"北海道","札幌市東区","北三十四条東２８丁目８番１号",,01,103,0070834,,,2026-10-06,01,,,2020-03-18,1,,,,,"ノースケアコウボウ",0
561,2430003019240,12,0,2026-10-09,2026-10-05,"合同会社ＡＷＡＫＥ",,305,"北海道","札幌市清田区","北野二条２丁目２３－１０",,01,110,0040862,,,,,,,2026-07-30,1,,,,,"アウェイク",0
562,2430003019513,01,0,2026-10-09,2026-10-09,"合同会社Ｐａｔｒａ",,305,"北海道","札幌市北区","東茨戸二条１丁目１０番３号",,01,102,0028042,,,,,,,2026-10-09,1,,,,,"パトラ",0
563,2440001004581,21,0,2026-10-09,2026-10-05,"協立システム株式会社",,301,"北海道","札幌市白石区","菊水上町四条４丁目９５番１号",,01,104,0030814,,,2026-10-05,01,,,2015-10-05,1,,,,,"キョウリツシステム",0
564,2440003001809,01,0,2026-10-09,2026-10-09,"トマーツ合同会社",,305,"北海道","函館市","湯川町３丁目４７‐７‐２０１",,01,202,0420932,,,,,,,2026-10-09,1,,,,,"トマーツ",0
565,2450001014729,01,1,2026-10-09,2025-09-09,"株式会社Ａｔｅｌｉｅｒ　Ｎｏｌｉｅ",,301,"北海道","上川郡東川町","南町２丁目４番１０号",,01,458,0711424,,,,,,,2025-09-09,0,,,,,,0
566,2450001014729,12,1,2026-10-09,2026-10-05,"株式会社Ａｔｅｌｉｅｒ　Ｎｏｌｉｅ",,301,"北海道","上川郡東川町","東町１丁目７番４号",,01,458,0711423,,,,,,,2025-09-09,1,,,,,,0
567,2470001007664,01,1,2026-10-09,2015-10-05,"株式会社松柳船具店",,301,"香川県","丸亀市","福島町７２番地の１",,37,202,7630044,,,,,,,2015-10-05,1,,,,,"マツヤナギセングテン",0
568,2480002005294,01,1,2026-10-09,2015-10-05,"有限会社ユーアイオートサービス",,302,"徳島県","徳島市","中島田町２丁目２９番地１",,36,201,7700052,,,,,,,2015-10-05,1,,,,,"ユーアイオートサービス",0
569,2480002013479,12,0,2026-10-09,2026-10-05,"有限会社ノブサト",,302,"徳島県","阿南市","新野町信里６番地１",,36,204,7791510,,,,,,,2015-10-05,1,,,,,"ノブサト",0
570,2490005007048,01,0,2026-10-09,2026-10-09,"一般社団法人シーバードとさ",,399,"高知県","高知市","朝倉西町２丁目１６番２５号",,39,201,7808077,,,,,,,2026-10-09,1,,,,,"シーバードトサ",0
571,2500001027171,01,0,2026-10-09,2026-10-09,"株式会社ｇｏｈａｎｙａ",,301,"愛媛県","松山市","安城寺町５１７番地５セルフマンション１階",,38,201,7918006,,,,,,,2026-10-09,1,,,,,"ゴハンヤ",0
572,3010001006629,12,0,2026-10-09,2026-10-06,"株式会社ビッグネットワーク",,301,"東京都","板橋区","東新町１丁目１－１ツインタワー１００３号",,13,119,1740074,,,,,,,2015-10-05,1,,,,,"ビッグネットワーク",0
573,3010001020844,21,0,2026-10-09,2026-10-01,"株式会社税研情報センター",,301,"東京都","千代田区","丸の内１丁目８番２号",,13,101,1000005,,,2026-10-01,11,9010001020855,"令和８年１０月１日東京都千代田区丸の内一丁目８番２号株式会社税務研究会（9010001020855）に合併し解散",2015-10-05,1,,,,,"ゼイケンジョウホウセンター",0
574,3010001046105,11,0,2026-10-09,2026-10-01,"商工中金オペレーションパートナーズ株式会社",,301,"東京都","中央区","八重洲２丁目１０番１７号",,13,102,1040028,,,,,,,2015-10-05,1,,,,,"ショウコウチュウキンオペレーションパートナーズ",0
575,3010001046443,01,1,2026-10-09,2015-10-05,"株式会社ジエイ・アール・シー",,301,"神奈川県","横浜市神奈川区","菅田町２９５４番地",,14,102,2210864,,,,,,,2015-10-05,1,,,,,"ジエイアールシー",0
576,3010001052994,12,0,2026-10-09,2026-09-14,"ナガセ情報開発株式会社",,301,"東京都","中央区","日本橋小舟町５番１号",,13,102,1030024,,,,,,,2015-10-05,1,,,,,"ナガセジョウホウカイハツ",0
577,3010001066053,01,1,2026-10-09,2015-10-05,"株式会社プログレ",,301,"東京都","千代田区","三崎町２丁目１８番６号",,13,101,1010061,,,,,,,2015-10-05,0,,,,,"プログレ",0
578,3010001066053,12,1,2026-10-09,2018-01-04,"株式会社プログレ",,301,"東京都","千代田区","神田三崎町２丁目１８番６号",,13,101,1010061,,,,,,,2015-10-05,0,,,,,"プログレ",0
579,3010001066053,21,0,2026-10-09,2026-09-10,"株式会社プログレ",,301,"東京都","千代田区","神田三崎町２丁目１８番６号",,13,101,1010061,,,2026-09-10,01,,,2015-10-05,1,,,,,"プログレ",0
580,3010001089698,11,0,2026-10-09,2026-10-02,"ポラリス・バイアウツ株式会社",,301,"東京都","千代田区","丸の内１丁目９番１号",,13,101,1000005,,,,,,,2015-10-05,1,,,,,"ポラリスバイアウツ",0
581,3010001093444,12,0,2026-10-09,2026-10-06,"株式会社アカウンタックス",,301,"東京都","新宿区","市谷船河原町１１番地",,13,104,1620826,,,,,,,2015-10-05,1,,,,,"アカウンタックス",0
582,3010001148446,01,1,2026-10-09,2015-10-05,"株式会社べるでん",,301,"東京都","中央区","日本橋蛎殻町２丁目１３番５号",,13,102,1030014,,,,,,,2015-10-05,1,,,,,,0
583,3010001179202,21,0,2026-10-09,2026-09-09,"九段うなぎ株式会社",,301,"東京都","千代田区","四番町３番地番町ＭＫビル５階",,13,101,1020081,,,2026-09-09,01,,,2016-10-26,1,,,,,"クダンウナギ",0
584,3010001258534,21,0,2026-10-09,2026-09-14,"Ａｒｅａ　Ｔｏｋｙｏ株式会社",,301,"東京都","中央区","八重洲２丁目１番１号１２階",,13,102,1040028,,,2026-09-14,01,,,2025-09-22,1,,,,,"エリアトウキョウ",0
585,3010001269416,01,0,2026-10-09,2026-10-09,"株式会社ＫＩＴＡＢＯ　Ｓｏｌｕｔｉｏｎｓ",,301,"東京都","中央区","日本橋人形町２丁目２９番９号",,13,102,1030013,,,,,,,2026-10-09,1,,,,,"キタボウソリューションズ",0
586,3010001269432,01,0,2026-10-09,2026-10-09,"医学書院Ｈｅａｌｔｈｃａｒｅ株式会社",,301,"東京都","文京区","本郷１丁目２８番２３号",,13,105,1130033,,,,,,,2026-10-09,1,,,,,"イガクショインヘルスケア",0
587,3010001269589,01,0,2026-10-09,2026-10-09,"株式会社ＤａｔｕｍＳｐａｃｅ",,301,"東京都","千代田区","神田和泉町１番地６－１６ヤマトビル４０５",,13,101,1010024,,,,,,,2026-10-09,1,,,,,"デイタムスペース",0
588,3010003029231,21,0,2026-10-09,2026-09-14,"ナインアワーズプロパティファンド４号合同会社",,305,"東京都","千代田区","丸の内２丁目１番１号",,13,101,1000005,,,2026-09-14,01,,,2019-02-07,1,,,,,"ナインアワーズプロパティファンドヨンゴウ",0
589,3010003043447,12,0,2026-10-09,2026-10-05,"Ｆｏｒ　Ａｌｌ　Ｃｏｎｓｕｌｔｉｎｇ合同会社",,305,"岡山県","岡山市北区","中山下１丁目１１番５４号１６１１",,33,101,7000821,,,,,,,2024-04-18,1,,,,,"フォーオールコンサルティング",0
590,3010003048603,12,0,2026-10-09,2026-10-07,"Ｂｅｔｔｅｒｗｈｅｎ合同会社",,305,"神奈川県","横浜市都筑区","中川５丁目１２番１４号",,14,118,2240001,,,,,,,2025-09-03,1,,,,,"ベターウェン",0
591,3010005010718,12,0,2026-10-09,2026-09-04,"全国合同漁業共済組合",,399,"東京都","千代田区","内神田１丁目１番１６号",,13,101,1010047,,,,,,,2015-10-05,1,,,,,"ゼンコクゴウドウ",0
592,3010005041358,12,0,2026-10-09,2026-10-07,"司法書士法人エルノア",,399,"埼玉県","川口市","飯塚１丁目２番１６号川口ホームズ１Ｆ－０５",,11,203,3320023,,,,,,,2026-02-09,1,,,,,"エルノア",0
593,3010005042521,01,0,2026-10-09,2026-10-09,"Ｔｏｋｙｏ２６特定目的会社",,399,"東京都","千代田区","丸の内１丁目８番２号鉄鋼ビルディング４階",,13,101,1000005,,,,,,,2026-10-09,1,,,,,"トウキョウトゥエンティシックス",0
594,3010401129087,01,1,2026-10-09,2017-01-17,"株式会社おかべ",,301,"東京都","港区","麻布十番２丁目１３番９号",,13,103,1060045,,,,,,,2017-01-17,1,,,,,"オカベ",0
595,3010401184982,12,0,2026-10-09,2026-10-07,"株式会社７１２",,301,"東京都","渋谷区","道玄坂１丁目１０番８号渋谷道玄坂東急ビル２Ｆ－Ｃ",,13,113,1500043,,,,,,,2024-09-06,1,,,,,"ナナイチニ",0
596,3010401198066,12,0,2026-10-09,2026-10-07,"株式会社ＭＩＸＩキャピタルマネジメント",,301,"東京都","渋谷区","渋谷２丁目２４番１２号渋谷スクランブルスクエア",,13,113,1500002,,,,,,,2026-04-17,1,,,,,"ミクシィキャピタルマネジメント",0
597,3010401202521,01,0,2026-10-09,2026-10-09,"株式会社ＪＡＮＵＳ",,301,"東京都","港区","北青山１丁目３－１アールキューブ３階",,13,103,1070061,,,,,,,2026-10-09,1,,,,,"ヤヌス",0
598,3010401202579,01,0,2026-10-09,2026-10-09,"ＮＥＸＣＯ中日本パートナーズ株式会社",,301,"東京都","港区","虎ノ門４丁目３番１号",,13,103,1050001,,,,,,,2026-10-09,1,,,,,"ネクスコナカニホンパートナーズ",0
599,3010401202587,01,0,2026-10-09,2026-10-09,"ＹＯＨＡ　ＨＯＬＤＩＮＧＳ株式会社",,301,"東京都","港区","浜松町２丁目２番１５号浜松町ダイヤビル２Ｆ",,13,103,1050013,,,,,,,2026-10-09,1,,,,,"ヨハホールディングス",0
600,3010401202604,01,0,2026-10-09,2026-10-09,"株式会社ＬＩＥＴＯ",,301,"東京都","港区","芝大門２丁目２番１号ＡＣＮ芝大門ビルディング６Ｆ",,13,103,1050012,,,,,,,2026-10-09,1,,,,,"リエト",0
601,3010401202637,01,0,2026-10-09,2026-10-09,"Ａｕｄａｙｔｏ株式会社",,301,"東京都","港区","六本木２丁目１番１９号Ｓ－Ｂｕｉｌｄｉｎｇ３階",,13,103,1060032,,,,,,,2026-10-09,1,,,,,"オーデイト",0
602,3010401202653,01,0,2026-10-09,2026-10-09,"Ｐａｙｏｌａ株式会社",,301,"東京都","港区","麻布十番３丁目７番１１号",,13,103,1060045,,,,,,,2026-10-09,1,,,,,"パヨラ",0
603,3010401202703,01,0,2026-10-09,2026-10-09,"株式会社ライフレア",,301,"東京都","港区","南麻布２丁目５番２１号丸善ビル３０２号",,13,103,1060047,,,,,,,2026-10-09,1,,,,,"ライフレア",0
604,3010401202752,01,0,2026-10-09,2026-10-09,"ＢＥＬＯＮＧＡ株式会社",,301,"東京都","港区","六本木３丁目１６番１２号六本木ＫＳビル５Ｆ",,13,103,1060032,,,,,,,2026-10-09,1,,,,,"ベロンガ",0
605,3010402029237,11,0,2026-10-09,2026-10-01,"有限会社エヌワークス",,302,"神奈川県","横浜市南区","六ツ川２丁目１１９番地３０",,14,105,2320066,,,,,,,2015-10-05,1,,,,,"エヌワークス",0
606,3010403039227,01,0,2026-10-09,2026-10-09,"合同会社ＪＰＹＰＯＩＮＴ",,305,"東京都","港区","芝大門２丁目２－１ＡＣＮ芝大門ビルディング６Ｆ・７Ｆ",,13,103,1050012,,,,,,,2026-10-09,1,,,,,"ジェイピーワイポイント",0
607,3010403039235,01,0,2026-10-09,2026-10-09,"合同会社ＳＵＰＥＲＷＩＳＥ",,305,"東京都","港区","虎ノ門４丁目３－１城山トラストタワー２７Ｆ",,13,103,1050001,,,,,,,2026-10-09,1,,,,,"スーパーワイズ",0
608,3010403039243,01,0,2026-10-09,2026-10-09,"合同会社ＣＲＯＳＳＶＩＳＩＯＮ",,305,"東京都","港区","南青山４丁目１８－１１フォレストヒルズイーストウィング２Ｆ",,13,103,1070062,,,,,,,2026-10-09,1,,,,,"クロスビジョン",0
609,3010403039301,01,0,2026-10-09,2026-10-09,"合同会社ＮｅｘＬｅａｄ",,305,"東京都","港区","北青山１丁目３－３三橋ビル３階",,13,103,1070061,,,,,,,2026-10-09,1,,,,,"ネクスリード",0
610,3010403039334,01,0,2026-10-09,2026-10-09,"ＬＳ‐ＣＭＰ第４号合同会社",,305,"東京都","港区","六本木１丁目６番１号",,13,103,1060032,,,,,,,2026-10-09,1,,,,,"エルエスシーエムピーダイヨンゴウ",0
611,3010405015143,01,1,2026-10-09,2016-09-27,"一般社団法人教師の日普及委員会",,399,"東京都","港区","新橋６丁目１８番３号中村ビル４階",,13,103,1050004,,,,,,,2016-09-27,0,,,,,"キョウシノヒフキュウイインカイ",0
612,3010405015143,12,1,2026-10-09,2018-01-31,"一般社団法人教師の日普及委員会",,399,"東京都","渋谷区","渋谷３丁目３番５号",,13,113,1500002,,,,,,,2016-09-27,1,,,,,"キョウシノヒフキュウイインカイ",0
613,3010405026041,01,0,2026-10-09,2026-10-09,"一般社団法人リハビリ職キャリア推進研究会",,399,"東京都","港区","南青山６丁目１１番３号南青山三樹ビル９ＦＢ室",,13,103,1070062,,,,,,,2026-10-09,1,,,,,"リハビリショクキャリアスイシンケンキュウカイ",0
614,3010405026264,01,0,2026-10-09,2026-10-09,"鷲羽山一般社団法人",,399,"東京都","港区","六本木１丁目６番１号泉ガーデンタワーＫＰＭＧ税理士法人内",,13,103,1060032,,,,,,,2026-10-09,1,,,,,"ワシュウザン",0
615,3010501026432,01,1,2026-10-09,2015-10-05,"株式会社Ｋａｎｍｉ",,301,"東京都","台東区","雷門１丁目１番１１号",,13,106,1110034,,,,,,,2015-10-05,1,,,,,"カンミ",0
616,3010601004899,21,0,2026-10-09,2026-09-30,"株式会社ティー・ピー・シー",,301,"東京都","江東区","新木場２丁目６番１号",,13,108,1360082,,,2026-09-30,11,1010601003110,"令和８年９月３０日東京都江東区新木場二丁目６番１号木村物産株式会社（1010601003110）に合併し解散",2015-10-05,1,,,,,"ティーピーシー",0
617,3010601045175,01,1,2026-10-09,2015-10-05,"株式会社ＦＩＮＤ",,301,"東京都","江東区","豊洲１丁目３番１８－１８０１号",,13,108,1350061,,,,,,,2015-10-05,1,,,,,"ファインド",0
618,3010603006679,12,0,2026-10-09,2026-09-14,"合同会社みやびマネージメント",,305,"東京都","港区","赤坂２丁目１６番６号ＢＩＺＭＡＲＫＳ赤坂",,13,103,1070052,,,,,,,2017-03-16,1,,,,,"ミヤビマネージメント",0
619,3010701050257,01,0,2026-10-09,2026-10-09,"株式会社ハイゼロ",,301,"東京都","品川区","西五反田５丁目２番４号レキシントン・プラザ西五反田９Ｆ",,13,109,1410031,,,,,,,2026-10-09,1,,,,,"ハイゼロ",0
620,3010801037807,01,0,2026-10-09,2026-10-09,"日本害虫駆除・消毒センター株式会社",,301,"東京都","大田区","新蒲田２丁目１番８号",,13,111,1440054,,,,,,,2026-10-09,1,,,,,"ニホンガイチュウクジョショウドクセンター",0
621,3010801037815,01,0,2026-10-09,2026-10-09,"株式会社Ｗｉｓｄｏｍ",,301,"東京都","大田区","萩中２丁目１６番１２号",,13,111,1440047,,,,,,,2026-10-09,1,,,,,"ウィズダム",0
622,3010905002780,01,1,2026-10-09,2015-10-05,"一般社団法人子ども・若者応援団",,399,"東京都","世田谷区","瀬田２丁目３１番１号４０５",,13,112,1580095,,,,,,,2015-10-05,0,,,,,"コドモワカモノオウエンダン",0
623,3010905002780,12,1,2026-10-09,2026-09-17,"一般社団法人子ども・若者応援団",,399,"東京都","世田谷区","池尻４丁目３４番１５号",,13,112,1540001,,,,,,,2015-10-05,1,,,,,"コドモワカモノオウエンダン",0
624,3011001069351,01,1,2026-10-09,2015-10-05,"株式会社ＤＥＦＴ",,301,"東京都","渋谷区","笹塚１丁目２１番６号",,13,113,1510073,,,,,,,2015-10-05,1,,,,,"デフト",0
625,3011001125419,12,0,2026-10-09,2026-10-07,"株式会社Ｌｉｂｅｒｔｅ",,301,"東京都","新宿区","四谷４丁目３０番２３号ビルド吉田５０３号室",,13,104,1600004,,,,,,,2018-11-30,1,,,,,"リベルテ",0
626,3011001178383,12,0,2026-10-09,2026-10-07,"株式会社ＴＭＳ",,301,"東京都","港区","新橋２丁目２０番１５号",,13,103,1050004,,,,,,,2026-06-22,1,,,,,"ティエムエス",0
627,3011001180744,01,0,2026-10-09,2026-10-09,"Ｓｅｒｅｎｉｔｙ　Ｈｏｌｄｉｎｇｓ株式会社",,301,"東京都","渋谷区","恵比寿西１丁目３６番２号－１００８",,13,113,1500021,,,,,,,2026-10-09,1,,,,,"セレニティホールディングス",0
628,3011001180876,01,0,2026-10-09,2026-10-09,"株式会社Ｖｅｄａ",,301,"東京都","渋谷区","西原３丁目３８番１０号ＬＯＴＵＳ１０２",,13,113,1510066,,,,,,,2026-10-09,1,,,,,"ヴェーダ",0
629,3011001180950,01,0,2026-10-09,2026-10-09,"株式会社Ｖｉｖｉ波",,301,"東京都","渋谷区","神宮前５丁目５１番８号ラ・ポルト青山２Ｆ－７",,13,113,1500001,,,,,,,2026-10-09,1,,,,,"ヴィヴィウエーヴ",0
630,3011002035641,12,0,2026-10-09,2026-09-14,"株式会社テクノスタジオ",,301,"東京都","渋谷区","渋谷２丁目９番１０号",,13,113,1500002,,,,,,,2015-10-05,1,,,,,"テクノスタジオ",0
631,3011003014537,01,1,2026-10-09,2022-04-13,"手嶌エステート合同会社",,305,"東京都","渋谷区","神南１丁目８番１０号ＫＤＸレジデンス渋谷神南１０２号",,13,113,1500041,,,,,,,2022-04-13,0,,,,,"テシマエステート",0
632,3011003014537,12,1,2026-10-09,2022-04-22,"手嶌エステート合同会社",,305,"東京都","渋谷区","宇田川町３番１４号ザ・パークハウスアーバンス渋谷１１０７号",,13,113,1500042,,,,,,,2022-04-13,0,,,,,"テシマエステート",0
633,3011003014537,12,1,2026-10-09,2022-10-14,"手嶌エステート合同会社",,305,"東京都","中央区","新川２丁目１８番１号シティハウス東京八重洲通り６０４号",,13,102,1040033,,,,,,,2022-04-13,0,,,,,"テシマエステート",0
634,3011003014537,12,1,2026-10-09,2025-08-18,"手嶌エステート合同会社",,305,"東京都","中央区","日本橋蛎殻町１丁目２番４－６０１号",,13,102,1030014,,,,,,,2022-04-13,0,,,,,"テシマエステート",0
635,3011003014537,12,0,2026-10-09,2026-10-07,"手嶌エステート合同会社",,305,"東京都","中野区","本町２丁目５０番１２－７０１号コスモタワー",,13,114,1640012,,,,,,,2022-04-13,1,,,,,"テシマエステート",0
636,3011003025518,01,0,2026-10-09,2026-10-09,"岩倉合同会社",,305,"東京都","渋谷区","円山町５番３号ＭＩＥＵＸ渋谷ビル８階",,13,113,1500044,,,,,,,2026-10-09,1,,,,,"イワクラ",0
637,3011101004547,01,1,2026-10-09,2015-10-05,"カズオー光学株式会社",,301,"東京都","調布市","深大寺北町７丁目３０番地９",,13,208,1820011,,,,,,,2015-10-05,0,,,,,"カズオーコウガク",0
638,3011101004547,12,0,2026-10-09,2026-10-06,"カズオー光学株式会社",,301,"東京都","新宿区","北新宿３丁目２番１２号",,13,104,1690074,,,,,,,2015-10-05,1,,,,,"カズオーコウガク",0
639,3011101111392,12,0,2026-10-09,2026-10-06,"金誠株式会社",,301,"東京都","江東区","亀戸１丁目２－３－４０２",,13,108,1360071,,,,,,,2025-04-18,1,,,,,"キンセイ",0
640,3011101115765,12,0,2026-10-09,2026-10-07,"株式会社エスノネ",,301,"埼玉県","本庄市","児玉町金屋７５番地２",,11,211,3670216,,,,,,,2026-05-21,1,,,,,"エスノネ",0
641,3011103017992,01,0,2026-10-09,2026-10-09,"ＳＡＬＡＭ　ＡＴ　ＸＨＩＮＥ合同会社",,305,"東京都","新宿区","富久町２－２２",,13,104,1620067,,,,,,,2026-10-09,1,,,,,"サラムアットシャイン",0
642,3011103018074,01,0,2026-10-09,2026-10-09,"合同会社Ｃ＆Ｍ",,305,"東京都","新宿区","大久保３丁目１番３－３１４号",,13,104,1690072,,,,,,,2026-10-09,1,,,,,"シーアンドエム",0
643,3011103018099,01,0,2026-10-09,2026-10-09,"合同会社Ａｒｕｎｏ",,305,"東京都","新宿区","西新宿３丁目３番１３号西新宿水間ビル２Ｆ",,13,104,1600023,,,,,,,2026-10-09,1,,,,,"アルノ",0
644,3011203004404,12,0,2026-10-09,2026-10-06,"クリエイティブ合同会社",,305,"千葉県","松戸市","三矢小台１丁目２番地の４多幸ビル４０２号",,12,207,2710087,,,,,,,2024-06-06,1,,,,,"クリエイティブ",0
645,3011301031878,01,0,2026-10-09,2026-10-09,"株式会社八十八舎",,301,"東京都","杉並区","下高井戸５丁目３番１７号",,13,115,1680073,,,,,,,2026-10-09,1,,,,,"ヤソハチシャ",0
646,3011303003149,12,0,2026-10-09,2026-10-07,"合同会社ハート光",,305,"東京都","港区","東新橋２丁目５番６号ＡＣＮ汐留ビルディング７階",,13,103,1050021,,,,,,,2018-10-16,1,,,,,"ハートヒカリ",0
647,3011603005274,01,0,2026-10-09,2026-10-09,"合同会社ＳＡＭＵＲＡＩ　ＡＲＴ",,305,"東京都","練馬区","西大泉６丁目３番２９号",,13,120,1780065,,,,,,,2026-10-09,1,,,,,"サムライアート",0
648,3011701002099,21,0,2026-10-09,2026-10-02,"株式会社カシマ",,301,"東京都","江戸川区","松江１丁目７番４号",,13,123,1320025,,,2026-10-02,01,,,2015-10-05,1,,,,,"カシマ",0
649,3011701009524,21,0,2026-10-09,2026-10-05,"株式会社ベースワン",,301,"東京都","江戸川区","中葛西１丁目２９番６号",,13,123,1340083,,,2026-10-05,01,,,2015-10-05,1,,,,,"ベースワン",0
650,3011701011067,01,1,2026-10-09,2015-10-05,"株式会社スマイルフードサービス",,301,"東京都","江戸川区","瑞江２丁目３番１０号サティバ瑞江１階",,13,123,1320011,,,,,,,2015-10-05,1,,,,,"スマイルフードサービス",0
651,3011701011265,01,1,2026-10-09,2015-10-05,"株式会社サティス",,301,"東京都","江戸川区","臨海町５丁目３番１－７０４号",,13,123,1340086,,,,,,,2015-10-05,1,,,,,"サティス",0
652,3011701020571,01,1,2026-10-09,2017-02-03,"株式会社ヘアレスキュークルアルガ",,301,"東京都","江戸川区","中葛西３丁目１７－４",,13,123,1340083,,,,,,,2017-02-03,1,,,,,"ヘアレスキュークルアルガ",0
653,3011703002691,12,0,2026-10-09,2026-10-05,"株式会社アールワン",,301,"東京都","江戸川区","東葛西９丁目１３番６号第３森源ハイツ２Ｆ",,13,123,1340084,,,,,,,2020-10-29,1,,,,,"アールワン",0
654,3011801007717,12,0,2026-10-09,2026-09-11,"株式会社コスモポリタン・コーポレーション",,301,"東京都","新宿区","早稲田町７６－１",,13,104,1620042,,,,,,,2015-10-05,1,,,,,"コスモポリタンコーポレーション",0
655,3011801040701,12,0,2026-10-09,2026-10-06,"住徳株式会社",,301,"東京都","新宿区","西新宿７丁目５番５号プラザ西新宿３０７",,13,104,1600023,,,,,,,2022-05-11,1,,,,,"スミトク",0
656,3011801044611,01,1,2026-10-09,2024-08-01,"株式会社ＬＩＢＥＴＩＶＥ",,301,"東京都","足立区","竹の塚３丁目５－７",,13,121,1210813,,,,,,,2024-08-01,0,,,,,"リベティブ",0
657,3011801044611,12,1,2026-10-09,2024-12-17,"株式会社ＬＩＢＥＴＩＶＥ",,301,"東京都","江東区","亀戸７丁目３０－１７－４０１",,13,108,1360071,,,,,,,2024-08-01,0,,,,,"リベティブ",0
658,3011801044611,12,1,2026-10-09,2026-10-02,"株式会社ＬＩＢＥＴＩＶＥ",,301,"東京都","江東区","亀戸２丁目２４番１１号",,13,108,1360071,,,,,,,2024-08-01,1,,,,,"リベティブ",0
659,3011801048117,12,0,2026-10-09,2026-10-07,"株式会社ＩＳＩＳ",,301,"東京都","港区","南青山３丁目１番３６号青山丸竹ビル２階",,13,103,1070062,,,,,,,2026-07-09,1,,,,,"アイエスアイエス",0
660,3011802020280,21,0,2026-10-09,2026-10-05,"有限会社ワイ・エム・ケイ",,302,"東京都","足立区","梅島３丁目１７番２０号",,13,121,1210816,,,2026-10-05,01,,,2015-10-05,1,,,,,,0
661,3012401002455,01,1,2026-10-09,2015-10-05,"株式会社夏原商事",,301,"東京都","国分寺市","光町２丁目１７番地３３",,13,214,1850034,,,,,,,2015-10-05,1,,,,,"ナツハラショウジ",0
662,3012403005852,11,0,2026-10-09,2026-10-02,"合同会社晴海リサーチ＆テクノロジーズ",,305,"東京都","調布市","仙川町２丁目１２番６号アヴェニール仙川１－Ｄ",,13,208,1820002,,,,,,,2023-03-02,1,,,,,"ハルミリサーチアンドテクノロジーズ",0
663,3012403008013,01,0,2026-10-09,2026-10-09,"合同会社ＧＹ　ＡＳＳＥＴ　ＬＡＢ",,305,"東京都","三鷹市","牟礼６丁目２３番８－５１３号",,13,204,1810002,,,,,,,2026-10-09,1,,,,,"ジーワイアセットラボ",0
664,3012701011445,01,1,2026-10-09,2015-10-05,"株式会社堅田機工",,301,"東京都","小平市","天神町１丁目２１番２０号",,13,211,1870004,,,,,,,2015-10-05,0,,,,,"カタダキコウ",0
665,3012701011445,21,0,2026-10-09,2026-09-24,"株式会社堅田機工",,301,"東京都","小平市","天神町１丁目２１番２０号",,13,211,1870004,,,2026-09-24,01,,,2015-10-05,1,,,,,"カタダキコウ",0
666,3012703003531,12,0,2026-10-09,2026-09-25,"合同会社つむぎ",,305,"東京都","東村山市","恩多町３丁目２１－１３",,13,213,1890011,,,,,,,2026-05-01,1,,,,,"ツムギ",0
667,3012801014158,01,1,2026-10-09,2015-10-05,"株式会社エターナル海賊団",,301,"東京都","昭島市","昭和町１丁目５番８号ウェルネス昭島１０１号室",,13,207,1960015,,,,,,,2015-10-05,1,,,,,"エターナルカイゾクダン",0
668,3013102002612,12,0,2026-10-09,2026-10-01,"有限会社宇治山製作所",,302,"東京都","青梅市","塩船１５８番地の３",,13,205,1980011,,,,,,,2015-10-05,1,,,,,"ウジヤマセイサクショ",0
669,3013301040363,12,0,2026-10-09,2026-10-05,"アール・ナノバイオ株式会社",,301,"東京都","板橋区","舟渡３丁目５番８号板橋区立ものづくり研究開発連携センター第一ビル３－Ａ号",,13,119,1740041,,,,,,,2017-04-17,1,,,,,"アールナノバイオ",0
670,3013301056888,01,0,2026-10-09,2026-10-09,"株式会社ＳＡＮＡ",,301,"東京都","豊島区","東池袋２丁目６２番８号ＢＩＧオフィスプラザ池袋１２０６",,13,116,1700013,,,,,,,2026-10-09,1,,,,,"サナ",0
671,3020001069807,12,0,2026-10-09,2026-09-28,"株式会社トーシン産業",,301,"神奈川県","川崎市幸区","小倉５丁目２４番２７号",,14,132,2120054,,,,,,,2015-10-05,1,,,,,"トーシンサンギョウ",0
672,3020001099622,21,0,2026-10-09,2026-09-24,"サダニー・Ａインシュランス株式会社",,301,"神奈川県","横浜市港南区","港南台７丁目３６番１９号",,14,111,2340054,,,2026-09-24,01,,,2015-10-05,1,,,,,"サダニーエーインシュランス",0
673,3020001107921,12,0,2026-10-09,2026-10-07,"株式会社Ａｗａｒｄ　ｏｆ　Ｌｉｆｅ",,301,"東京都","渋谷区","桜丘町４番地１４ＶＯＲＴ渋谷桜丘５Ｆ",,13,113,1500031,,,,,,,2015-10-05,1,,,,,"アワードオブライフ",0
674,3020001109281,21,0,2026-10-09,2026-09-28,"ＤＭＩ株式会社",,301,"神奈川県","川崎市川崎区","富士見２丁目３番１２号",,14,131,2100011,,,2026-09-28,01,,,2015-10-05,1,,,,,"ディーエムアイ",0
675,3020001115271,12,0,2026-10-09,2026-09-24,"大成商事株式会社",,301,"神奈川県","川崎市川崎区","港町５－２－２５０５",,14,131,2100807,,,,,,,2016-03-15,1,,,,,"タイセイショウジ",0
676,3020001141672,12,0,2026-10-09,2026-10-07,"富士ヘルステック株式会社",,301,"東京都","世田谷区","玉川３丁目６番７号横溝ビル２Ｆ",,13,112,1580094,,,,,,,2021-06-07,1,,,,,"フジヘルステック",0
677,3020001145310,12,0,2026-10-09,2026-10-07,"ＪＥＭホールディングス株式会社",,301,"東京都","港区","南青山２丁目２番１５号ウィン青山７０１",,13,103,1070062,,,,,,,2022-03-01,1,,,,,"ジェイイーエムホールディングス",0
678,3020001147802,01,1,2026-10-09,2022-08-16,"株式会社ベイサイド総合地所",,301,"神奈川県","横浜市中区","山田町７番地１２エステハイム横浜２０３号室",,14,104,2310036,,,,,,,2022-08-16,0,,,,,"ベイサイドソウゴウチショ",0
679,3020001147802,12,1,2026-10-09,2022-10-05,"株式会社ベイサイド総合地所",,301,"神奈川県","横浜市中区","不老町１丁目６番９号第一ＨＢビル８階Ａ",,14,104,2310032,,,,,,,2022-08-16,1,,,,,"ベイサイドソウゴウチショ",0
680,3020001169383,12,0,2026-10-09,2026-10-07,"株式会社ＮＥＸＴ‐３Ｒ",,301,"東京都","足立区","保塚町５－２７グランソフィア保塚２０２",,13,121,1210072,,,,,,,2026-07-09,1,,,,,"ネクストスリーアール",0
681,3020001170671,01,0,2026-10-09,2026-10-09,"株式会社よみかた",,301,"神奈川県","横浜市青葉区","市ケ尾町１１５４番地",,14,117,2250024,,,,,,,2026-10-09,1,,,,,"ヨミカタ",0
682,3020003031888,01,0,2026-10-09,2026-10-09,"ウェルビーカイト合同会社",,305,"神奈川県","川崎市多摩区","菅３丁目１１番２０－４０３号アドリーム稲田堤",,14,135,2140001,,,,,,,2026-10-09,1,,,,,"ウェルビーカイト",0
683,3020003031954,01,0,2026-10-09,2026-10-09,"合同会社かりゆし",,305,"神奈川県","横浜市港北区","新横浜１丁目２５－８",,14,109,2220033,,,,,,,2026-10-09,1,,,,,,0
684,3021001011808,01,1,2026-10-09,2015-10-05,"株式会社木村左官工業所",,301,"神奈川県","相模原市南区","相武台３丁目３番３０号",,14,153,2520324,,,,,,,2015-10-05,1,,,,,"キムラサカンコウギョウショ",0
685,3021001017210,01,1,2026-10-09,2015-10-05,"株式会社トラッツ",,301,"神奈川県","相模原市南区","双葉２丁目４番２号",,14,153,2520316,,,,,,,2015-10-05,1,,,,,"トラッツ",0
686,3021002032010,21,0,2026-10-09,2026-09-17,"有限会社松月庵",,302,"神奈川県","厚木市","山際１００３番地２３",,14,212,2430803,,,2026-09-17,01,,,2015-10-05,1,,,,,"ショウゲツアン",0
687,3030001025288,11,0,2026-10-09,2026-10-01,"株式会社吉村ホールディングス",,301,"埼玉県","所沢市","東町２０番１０号",,11,208,3591116,,,,,,,2015-10-05,1,,,,,"ヨシムラホールディングス",0
688,3030001076091,12,0,2026-10-09,2026-10-01,"株式会社ツバメタクシー",,301,"埼玉県","蕨市","中央１丁目１１番２",,11,223,3350004,,,,,,,2015-10-05,0,,,,,"ツバメタクシー",0
689,3030001076091,11,0,2026-10-09,2026-10-01,"株式会社えん",,301,"埼玉県","蕨市","中央１丁目１１番２",,11,223,3350004,,,,,,,2015-10-05,1,,,,,"エン",0
690,3030001174531,01,0,2026-10-09,2026-10-09,"株式会社Ｓｈｕｔｔｌｅ",,301,"埼玉県","さいたま市見沼区","大字蓮沼１５１３番地１８",,11,104,3370015,,,,,,,2026-10-09,1,,,,,"シャトル",0
691,3030001174548,01,0,2026-10-09,2026-10-09,"株式会社黎明電設",,301,"埼玉県","三郷市","彦成３丁目１０番１５－２０１号",,11,237,3410003,,,,,,,2026-10-09,1,,,,,"レイメイデンセツ",0
692,3030002026442,12,0,2026-10-09,2026-09-18,"ワラビー動物病院有限会社",,302,"埼玉県","川口市","大字東本郷１６７９番地の１",,11,203,3340063,,,,,,,2015-10-05,1,,,,,"ワラビードウブツビョウイン",0
693,3030002027969,01,1,2026-10-09,2015-10-05,"有限会社アートメタル",,302,"埼玉県","所沢市","大字南永井１０６１番地の６",,11,208,3590011,,,,,,,2015-10-05,1,,,,,"アートメタル",0
694,3030002070201,21,0,2026-10-09,2026-09-24,"有限会社山田加工",,302,"埼玉県","春日部市","西金野井１０６５番地２",,11,214,3440112,,,2026-09-24,01,,,2015-10-05,1,,,,,"ヤマダカコウ",0
695,3030003009330,01,1,2026-10-09,2016-09-16,"合同会社山本不動産",,305,"埼玉県","秩父郡小鹿野町","小鹿野３７４番地",,11,365,3680105,,,,,,,2016-09-16,1,,,,,"ヤマモトフドウサン",0
696,3040001034916,12,0,2026-10-09,2026-09-15,"株式会社内田工務店",,301,"千葉県","松戸市","二十世紀が丘萩町３４番地",,12,207,2710086,,,,,,,2015-10-05,1,,,,,"ウチダコウムテン",0
697,3040001052331,21,0,2026-10-09,2026-09-15,"株式会社日本料理鷹",,301,"千葉県","富津市","大堀１丁目１６番地１",,12,226,2930001,,,2026-09-15,01,,,2015-10-05,1,,,,,"ニッポンリョウリタカ",0
698,3040001066744,21,0,2026-10-09,2026-09-15,"株式会社伊勢八",,301,"千葉県","我孫子市","つくし野５丁目１番２号",,12,222,2701164,,,2026-09-15,01,,,2015-10-05,1,,,,,"イセハチ",0
699,3040001120641,12,0,2026-10-09,2026-09-15,"みらいブライト株式会社",,301,"千葉県","船橋市","本町７丁目１２番２０号ＯＫビル船橋",,12,204,2730005,,,,,,,2021-10-15,1,"Mirai Bright, Inc.","Chiba","Katsuyama Building 2F, 2-1-18, Minato-cho, Funabashi shi",,"ミライブライト",0
700,3040001125517,21,0,2026-10-09,2026-09-10,"赤ネコ株式会社",,301,"東京都","新宿区","大京町２８－１－３０８",,13,104,1600015,,,2026-09-10,01,,,2022-10-20,1,,,,,"アカネコ",0
701,3040001130574,12,0,2026-10-09,2026-09-15,"株式会社ｃｏｒｒｅｒ",,301,"千葉県","松戸市","下矢切２１番地の１５",,12,207,2710096,,,,,,,2023-10-20,1,,,,,"コレール",0
702,3040001145366,01,0,2026-10-09,2026-10-09,"株式会社マーニン",,301,"千葉県","安房郡鋸南町","元名１１１２番地３０",,12,463,2991901,,,,,,,2026-10-09,1,,,,,"マーニン",0
703,3040001145589,01,0,2026-10-09,2026-10-09,"株式会社ＢＡＳＥ７７４",,301,"千葉県","市原市","田淵１２１０番地",,12,219,2900546,,,,,,,2026-10-09,1,,,,,"ベイスナナナナヨン",0
704,3040001145597,01,0,2026-10-09,2026-10-09,"株式会社あいばんワークス",,301,"千葉県","野田市","七光台３３０番地の１２",,12,208,2780051,,,,,,,2026-10-09,1,,,,,"アイバンワークス",0
705,3040002048840,01,1,2026-10-09,2015-10-05,"有限会社丸宏物流",,302,"千葉県","松戸市","竹ケ花３１番地１",,12,207,2710072,,,,,,,2015-10-05,0,,,,,"マルヒロブツリュウ",0
706,3040002048840,21,0,2026-10-09,2026-08-31,"有限会社丸宏物流",,302,"千葉県","松戸市","竹ケ花３１番地１",,12,207,2710072,,,2026-08-31,01,,,2015-10-05,1,,,,,"マルヒロブツリュウ",0
707,3040002087442,11,0,2026-10-09,2026-09-28,"株式会社西商店",,301,"千葉県","香取市","高萩７９１番地",,12,236,2870101,,,,,,,2015-10-05,1,,,,,"ニシショウテン",0
708,3040002100378,01,1,2026-10-09,2015-10-05,"有限会社粕谷モータース",,302,"千葉県","南房総市","千倉町白子１６０２番地１",,12,234,2950003,,,,,,,2015-10-05,1,,,,,"カスヤモータース",0
709,3040003026837,12,0,2026-10-09,2026-09-14,"Ａｉｎｉ　Ｅｎｔｅｒｐｒｉｓｅｓ合同会社",,305,"千葉県","八街市","用草４４０番地１",,12,230,2891138,,,,,,,2025-02-13,1,,,,,"アイニエンタープライズ",0
710,3040003028503,11,0,2026-10-09,2026-10-01,"ＭｏｒｅＴｈａｎＢｕｉｌｄ株式会社",,301,"東京都","中央区","日本橋大伝馬町１３番７号日本橋大富ビル２Ｆ",,13,102,1030011,,,,,,,2025-09-18,1,,,,,"モアザンビルド",0
711,3040003030855,01,0,2026-10-09,2026-10-09,"合同会社恵",,305,"千葉県","野田市","山崎１５１８番地８",,12,208,2780022,,,,,,,2026-10-09,1,,,,,"メグミ",0
712,3040005023279,01,0,2026-10-09,2026-10-09,"一般社団法人ホワイトスマイル協会",,399,"千葉県","市川市","八幡２丁目１６番２０号山崎ビル４階",,12,203,2720021,,,,,,,2026-10-09,1,,,,,"ホワイトスマイルキョウカイ",0
713,3050001001700,01,1,2026-10-09,2015-10-05,"辻武商事株式会社",,301,"茨城県","水戸市","末広町２丁目４番２４号",,08,201,3100053,,,,,,,2015-10-05,1,,,,,"ツジタケショウジ",0
714,3050001046935,21,0,2026-10-09,2026-09-30,"ＳｏＩｎｎｏｖａｔｏｒｓ株式会社",,301,"茨城県","つくば市","谷田部２５２０番地１（陣場Ｅ２８街区６３）",,08,220,3050861,,,2026-09-30,01,,,2019-12-20,1,,,,,"ソーイノベーター",0
715,3050001055242,12,0,2026-10-09,2026-09-28,"株式会社イノウエオフィス",,301,"茨城県","牛久市","ひたち野東２丁目８番地２２桂ビルひたち野ＩＶ２０２号室",00145232,08,219,3001207,,,,,,,2024-08-13,1,,,,,"イノウエオフィス",0
716,3050001059045,01,0,2026-10-09,2026-10-09,"ＨＵＭＡＮ　ＴＨ株式会社",,301,"茨城県","稲敷市","浮島４４７１番地１",,08,229,3000641,,,,,,,2026-10-09,1,,,,,"ヒューマンティーエイチ",0
717,3050002039970,01,1,2026-10-09,2015-10-05,"有限会社松昭製作所",,302,"茨城県","常総市","中妻町９１１番地",,08,211,3002505,,,,,,,2015-10-05,1,,,,,"マツショウセイサクジョ",0
718,3050003008636,12,0,2026-10-09,2026-09-15,"合同会社ＳＤＴ",,305,"茨城県","取手市","新町１丁目９－１Ｍａｔｃｈ－ｈａｋｏとりで５Ｆ",,08,217,3020024,,,,,,,2024-09-02,1,,,,,"エスディティ",0
719,3050005013873,01,1,2026-10-09,2026-09-14,"一般社団法人イーエスＲＫ",,399,"茨城県","水戸市","東赤塚２０９０番地の５",,08,201,3114142,,,,,,,2026-09-14,1,,,,,"イーエスアールケー",0
720,3060001011459,11,0,2026-10-09,2026-10-02,"ＳＢＳタイヤフロンティア運輸株式会社",,301,"栃木県","那須塩原市","北弥六３８１番地１",,09,213,3293132,,,,,,,2015-10-05,1,,,,,"エスビーエスタイヤフロンティアウンユ",0
721,3060001017547,12,0,2026-10-09,2026-10-02,"湊興業株式会社",,301,"栃木県","下都賀郡壬生町","おもちゃのまち３丁目１番４０号",,09,361,3210202,,,,,,,2015-10-05,1,,,,,"ミナトコウギョウ",0
722,3060001026944,12,0,2026-10-09,2026-10-02,"パワーホールディングス株式会社",,301,"栃木県","宇都宮市","東簗瀬１丁目３番地２１",,09,201,3210925,,,,,,,2015-10-05,1,,,,,"パワーホールディングス",0
723,3060001027802,01,1,2026-10-09,2015-12-25,"株式会社ラディカルサポート",,301,"栃木県","佐野市","高砂町２８６６番地１佐野ビジネスセンタービル３階３Ｎ",,09,204,3270022,,,,,,,2015-12-25,1,,,,,"ラディカルサポート",0
724,3060001039673,01,0,2026-10-09,2026-10-09,"株式会社エミ",,301,"栃木県","宇都宮市","鶴田町１８９２番地２８メゾンスズキ２０１",,09,201,3200851,,,,,,,2026-10-09,1,,,,,"エミ",0
725,3070001015401,21,0,2026-10-09,2026-10-02,"株式会社Ｄ－ＣＯＲＰＯＲＡＴＩＯＮ",,301,"群馬県","伊勢崎市","宮前町２０５番地１",,10,204,3720026,,,2026-10-02,01,,,2015-10-05,1,,,,,"ディーコーポレーション",0
726,3070001019807,21,0,2026-10-09,2026-09-30,"東和株式会社",,301,"群馬県","太田市","石原町５７６番地の２",,10,205,3730808,,,2026-09-30,01,,,2015-10-05,1,,,,,"トウワ",0
727,3070002016126,12,0,2026-10-09,2026-09-30,"有限会社かまや",,302,"群馬県","富岡市","一ノ宮１５２番地３",,10,210,3702452,,,,,,,2015-10-05,1,,,,,"カマヤ",0
728,3070003006621,01,0,2026-10-09,2026-10-09,"ＧＲＥＥＮ　ＪＡＰＡＮ合同会社",,305,"群馬県","太田市","由良町６５４番地１新島ハイツ２０５号",,10,205,3730036,,,,,,,2026-10-09,1,,,,,"グリーンジャパン",0
729,3080001027338,12,0,2026-10-09,2026-10-07,"富士山静岡抹茶株式会社",,301,"静岡県","牧之原市","静谷２３６５番地９",,22,226,4210404,,,,,,,2025-12-17,1,,,,,"フジサンシズオカマッチャ",0
730,3080401028514,12,0,2026-10-09,2026-10-01,"りんこうグループホールディングス株式会社",,301,"静岡県","浜松市中央区","中島１丁目２６番６号",,22,138,4300856,,,,,,,2026-04-06,1,,,,,"リンコウグループホールディングス",0
731,3080405007869,01,0,2026-10-09,2026-10-09,"一般社団法人にこにこ日和",,399,"静岡県","掛川市","五明９８番地",,22,213,4360343,,,,,,,2026-10-09,1,,,,,"ニコニコビヨリ",0
732,3090001019301,01,1,2026-10-09,2025-05-30,"株式会社エクスリーブ",,301,"山梨県","甲府市","池田１丁目１０番１８号",,19,201,4000062,,,,,,,2025-05-30,1,,,,,"エクスリーブ",0
733,3100003008977,01,0,2026-10-09,2026-10-09,"合同会社咲結",,305,"長野県","松本市","大字新村７７５－２",,20,202,3901241,,,,,,,2026-10-09,1,,,,,"サユ",0
734,3110001035915,12,0,2026-10-09,2026-10-07,"株式会社ＤａＩ",,301,"東京都","港区","虎ノ門１丁目３番１号東京虎ノ門グローバルスクエア５階",,13,103,1050001,,,,,,,2021-07-08,1,,,,,"ディーエーアイ",0
735,3120001065498,21,0,2026-10-09,2026-09-30,"株式会社スタジオワープ",,301,"大阪府","大阪市北区","天神橋３丁目１０番３０号コープ野村扇町１０７号室",,27,127,5300041,,,2026-09-30,01,,,2015-10-05,1,,,,,"スタジオワープ",0
736,3120001104025,12,0,2026-10-09,2026-10-05,"株式会社エムワイ",,301,"大阪府","大阪市東住吉区","湯里２丁目１４番３号",,27,121,5460013,,,,,,,2015-10-05,1,,,,,"エムワイ",0
737,3120001132265,21,0,2026-10-09,2026-10-05,"株式会社山金工業",,301,"大阪府","大阪市阿倍野区","阪南町５丁目２３番１５号",,27,119,5450021,,,2026-10-05,11,1120001021940,"令和８年１０月５日大阪市阿倍野区阪南町五丁目２３番１５号山口金属曲板工業株式会社（1120001021940）に合併し解散",2015-10-05,1,,,,,"ヤマキンコウギョウ",0
738,3120001163698,21,0,2026-10-09,2026-10-01,"株式会社ＫＢＣ",,301,"大阪府","大阪市平野区","長吉出戸６丁目１３番３１号",,27,126,5470011,,,2026-10-01,01,,,2015-10-05,1,,,,,"ケイビーシー",0
739,3120001195601,12,0,2026-10-09,2026-10-01,"ＳＳＫ株式会社",,301,"大阪府","大阪市西区","西本町１丁目５番７号本町新興産ビル９階八田総合会計事務所内",,27,106,5500005,,,,,,,2016-01-13,1,,,,,"エスエスケイ",0
740,3120001208131,12,0,2026-10-09,2026-10-01,"株式会社ワーク産業",,301,"大阪府","大阪市北区","東天満１丁目６－８",,27,127,5300044,,,,,,,2017-09-13,1,,,,,"ワークサンギョウ",0
741,3120001225969,12,0,2026-10-09,2026-09-29,"株式会社スマイル",,301,"大阪府","大阪市淀川区","加島３丁目中２番１０－４０１号",,27,123,5320031,,,,,,,2019-12-25,1,,,,,"スマイル",0
742,3120001238319,12,0,2026-10-09,2026-10-01,"Ｗａｋｅ株式会社",,301,"大阪府","大阪市淀川区","塚本２丁目２１番５号Ｙ’ｓビル３階",00145227,27,123,5320026,,,,,,,2021-06-17,1,,,,,"ウェイク",0
743,3120001241025,12,0,2026-10-09,2026-10-05,"株式会社Ｈａｒｒｙ",,301,"大阪府","大阪市東住吉区","南田辺３丁目４番７号パステージ住吉５０２号",,27,121,5460033,,,,,,,2021-10-08,1,,,,,"ハリー",0
744,3120001241289,12,0,2026-10-09,2026-10-06,"株式会社ＫＯＫＵＤＯインターナショナル",,301,"兵庫県","神戸市中央区","北長狭通６丁目１番１１号大和研装社ビル８階",,28,110,6500012,,,,,,,2021-10-19,1,,,,,"コクドインターナショナル",0
745,3120001243500,12,0,2026-10-09,2026-10-05,"株式会社オアシスシティ",,301,"大阪府","大阪市東淀川区","東中島１丁目１８番２６号",,27,114,5330033,,,,,,,2022-01-31,1,,,,,"オアシスシティ",0
746,3120001250447,12,0,2026-10-09,2026-10-01,"株式会社ＳＫアセット",,301,"大阪府","大阪市中央区","平野町１丁目５番９号井上ビル２階",,27,128,5410046,,,,,,,2022-11-21,1,,,,,"エスケーアセット",0
747,3120001264240,01,1,2026-10-09,2024-04-23,"株式会社ＧＲＯＷ　ＶＡＳ",,301,"大阪府","大阪市北区","梅田１丁目１－３大阪駅前第３ビル２９階１－１－１号室",,27,127,5300001,,,,,,,2024-04-23,1,,,,,"グロウバス",0
748,3120001281566,12,0,2026-10-09,2026-09-30,"株式会社ウイングルーム",,301,"大阪府","大阪市西区","南堀江１丁目１８－４ＯｓａｋａＭｅｔｒｏ南堀江ビル８Ｆ",,27,106,5500015,,,,,,,2025-11-05,1,,,,,"ウイングルーム",0
749,3120001289527,01,0,2026-10-09,2026-10-09,"クシサス株式会社",,301,"大阪府","大阪市北区","梅田１丁目１番地３号大阪駅前第３ビル１１階２号室",,27,127,5300001,,,,,,,2026-10-09,1,,,,,"クシサス",0
750,3120002052454,12,0,2026-10-09,2026-10-02,"有限会社安田工務店",,302,"大阪府","大阪市阿倍野区","播磨町２丁目１番２０号",,27,119,5450022,,,,,,,2015-10-05,1,,,,,"ヤスダコウムテン",0
751,3120003028222,12,0,2026-10-09,2026-10-05,"合同会社ＨＲＣ",,305,"大阪府","大阪市西区","南堀江２丁目２番６号ケンザイビル３階３０５号室",,27,106,5500015,,,,,,,2024-12-25,1,,,,,"エイチアールシー",0
752,3120005022974,11,0,2026-10-09,2026-10-07,"一般財団法人大阪府スキー・スノーボード連盟",,399,"大阪府","大阪市東成区","大今里西２丁目５番１２号",,27,115,5370014,,,,,,,2022-06-08,1,,,,,"オオサカフスキースノーボードレンメイ",0
753,3120101032794,01,1,2026-10-09,2015-10-05,"株式会社酒元工務店",,301,"大阪府","藤井寺市","小山６丁目６番６号",,27,226,5830033,,,,,,,2015-10-05,1,,,,,"サカモトコウムテン",0
754,3120101056439,12,0,2026-10-09,2026-10-02,"株式会社田中土木",,301,"大阪府","羽曳野市","はびきの５丁目１３番９号",,27,222,5830872,,,,,,,2017-04-27,1,,,,,"タナカドボク",0
755,3120101062016,12,0,2026-10-09,2026-10-06,"錦江株式会社",,301,"埼玉県","川口市","西川口４丁目１５番１号福山ビル１Ｆ",,11,203,3320021,,,,,,,2020-07-17,1,,,,,"キンコウ",0
756,3120101064565,21,0,2026-10-09,2026-10-06,"浩日株式会社",,301,"大阪府","泉南市","信達大苗代１２７０－５",,27,228,5900505,,,2026-10-06,01,,,2021-11-02,1,,,,,"コウニチ",0
757,3120101073970,12,0,2026-10-09,2026-10-06,"株式会社ＤＡＩＪＯＢＵ　ＣＬＥＡＮＩＮＧ",,301,"大阪府","堺市西区","鳳東町２－１６２－７",,27,144,5930000,,,,,,,2026-06-30,1,,,,,"ダイジョブクリーニング",0
758,3120102026515,12,0,2026-10-09,2026-10-07,"ソラリアホーム株式会社",,301,"大阪府","八尾市","光町１丁目４６番地",,27,212,5810803,,,,,,,2015-10-05,1,,,,,"ソラリアホーム",0
759,3120103007349,01,0,2026-10-09,2026-10-09,"合同会社なごみ",,305,"大阪府","松原市","天美北２丁目６番６号",,27,217,5800031,,,,,,,2026-10-09,1,,,,,"ナゴミ",0
760,3120103007357,01,0,2026-10-09,2026-10-09,"合同会社ＴＭＭＲ",,305,"大阪府","貝塚市","久保２丁目７番１１号",,27,208,5970031,,,,,,,2026-10-09,1,,,,,"ティーエムエムアール",0
761,3120901009901,71,0,2026-10-09,2026-10-01,"株式会社ハイテック",,301,"大阪府","摂津市","鳥飼銘木町６番５号",,27,224,5660063,,,,,,"令和８年１０月１日大阪府摂津市鳥飼銘木町９番１７号株式会社Ｅ・Ｔプラ（8120901014772）を合併",2015-10-05,1,,,,,"ハイテック",0
762,3122001037337,12,0,2026-10-09,2026-10-06,"株式会社ＫＳ　Ｌａｂ",,301,"兵庫県","神戸市東灘区","住吉東町４丁目３番２１－４０２号",,28,101,6580052,,,,,,,2023-09-13,1,,,,,"ケーエスラボ",0
763,3122001040968,01,0,2026-10-09,2026-10-09,"株式会社Ｓｋｙ　Ｄｉｎｅｒｓ",,301,"大阪府","東大阪市","長堂１丁目２－１６Ｒｅ：ＺＯＮＥ布施０１－４０９号",,27,227,5770056,,,,,,,2026-10-09,1,,,,,"スカイダイナース",0
764,3130001029469,01,1,2026-10-09,2015-10-05,"株式会社ボイスコーポレーション",,301,"京都府","京都市中京区","河原町通三条下ル奈良屋町２９１番地３河原町商都ビル７階",,26,104,6040000,,,,,,,2015-10-05,1,,,,,"ボイスコーポレーション",0
765,3130001041267,01,1,2026-10-09,2015-10-05,"株式会社プロネット",,301,"京都府","福知山市","荒河東町１７５番地の２",,26,201,6200061,,,,,,,2015-10-05,1,,,,,"プロネット",0
766,3130001050425,01,1,2026-10-09,2015-10-05,"株式会社キシダ",,301,"京都府","宇治市","小倉町春日森３５－１７",,26,204,6110042,,,,,,,2015-10-05,0,,,,,"キシダ",0
767,3130001050425,12,1,2026-10-09,2022-07-22,"株式会社キシダ",,301,"京都府","宇治市","槇島町南落合４８－７",,26,204,6110041,,,,,,,2015-10-05,0,,,,,"キシダ",0
768,3130001050425,12,1,2026-10-09,2026-10-06,"株式会社キシダ",,301,"京都府","宇治市","小倉町西山７１－１４ハイライフ西山ＢＬＤ３０２号",,26,204,6110042,,,,,,,2015-10-05,1,,,,,"キシダ",0
769,3130001083144,01,0,2026-10-09,2026-10-09,"株式会社ラベリ",,301,"京都府","京都市左京区","下鴨北野々神町３５番地５",,26,103,6060846,,,,,,,2026-10-09,1,,,,,"ラベリ",0
770,3130002014214,01,1,2026-10-09,2015-10-05,"有限会社タヘイコーポレーシヨン",,302,"京都府","京都市伏見区","納所町５８２－７",,26,109,6128275,,,,,,,2015-10-05,1,,,,,"タヘイコーポレーション",0
771,3130002030079,01,1,2026-10-09,2015-10-05,"有限会社コンドウ商店",,302,"京都府","相楽郡精華町","精華台１丁目１８番地１２",,26,366,6190238,,,,,,,2015-10-05,0,,,,,"コンドウショウテン",0
772,3130002030079,12,1,2026-10-09,2026-09-29,"有限会社コンドウ商店",,302,"京都府","相楽郡精華町","祝園西１丁目１６番地５",,26,366,6190240,,,,,,,2015-10-05,1,,,,,"コンドウショウテン",0
773,3130002031903,21,0,2026-10-09,2026-10-01,"株式会社ＹＫＢ京都木谷",,301,"香川県","善通寺市","金蔵寺町１８６４番地８",,37,204,7650031,,,2026-10-01,01,,,2015-10-05,1,,,,,"ワイケービーキョウトキタニ",0
774,3140001064936,12,0,2026-10-09,2026-10-02,"株式会社瓢亭",,301,"兵庫県","姫路市","東今宿２丁目２番３号サクラメント今宿３０１",,28,201,6700056,,,,,,,2015-10-05,1,,,,,"ヒョウテイ",0
775,3140001093968,01,1,2026-10-09,2015-10-05,"株式会社ｓｔｕａｒｔ",,301,"兵庫県","芦屋市","西山町２３番１６号",,28,206,6590083,,,,,,,2015-10-05,0,,,,,"スチュアート",0
776,3140001093968,71,1,2026-10-09,2026-10-01,"株式会社ｓｔｕａｒｔ",,301,"兵庫県","芦屋市","西山町２３番１６号",,28,206,6590083,,,,,,"令和８年１０月１日兵庫県西宮市上大市一丁目１０番９号株式会社Ｒｅｂｅｃｃａ（7140001101834）を合併",2015-10-05,1,,,,,"スチュアート",0
777,3140001110574,12,0,2026-10-09,2026-09-30,"株式会社マリーンカーレンタリース",,301,"兵庫県","神戸市西区","伊川谷町潤和字西ノ口７５１番地の１",,28,111,6512124,,,,,,,2018-07-05,1,,,,,"マリーンカーレンタリース",0
778,3140001144201,01,0,2026-10-09,2026-10-09,"アズマホビー株式会社",,301,"兵庫県","高砂市","神爪１丁目１６番６号",,28,216,6760808,,,,,,,2026-10-09,1,,,,,"アズマホビー",0
779,3140001144218,01,0,2026-10-09,2026-10-09,"株式会社ＥＮＪＩＮ",,301,"兵庫県","神戸市東灘区","住吉東町４丁目８番１１－４０１号",,28,101,6580052,,,,,,,2026-10-09,1,,,,,"エンジン",0
780,3140001144234,01,0,2026-10-09,2026-10-09,"株式会社ええやんそれカンパニー",,301,"兵庫県","神戸市北区","若葉台２丁目１５番６号",,28,109,6511143,,,,,,,2026-10-09,1,,,,,"エエヤンソレカンパニー",0
781,3140001144259,01,0,2026-10-09,2026-10-09,"株式会社山下商事",,301,"兵庫県","赤穂市","加里屋３３番地３",,28,212,6780239,,,,,,,2026-10-09,1,,,,,"ヤマシタショウジ",0
782,3140001144275,01,0,2026-10-09,2026-10-09,"株式会社ひとコマ",,301,"兵庫県","芦屋市","松ノ内町１番１０－５１２号",,28,206,6590094,,,,,,,2026-10-09,1,,,,,"ヒトコマ",0
783,3140001144291,01,0,2026-10-09,2026-10-09,"株式会社将智",,301,"兵庫県","加古川市","平岡町新在家３４８番地",,28,210,6750101,,,,,,,2026-10-09,1,,,,,"マサト",0
784,3140002015624,01,1,2026-10-09,2015-10-05,"有限会社平村写真館",,302,"兵庫県","神戸市中央区","上筒井通１丁目６番６号",,28,110,6510061,,,,,,,2015-10-05,1,,,,,"ヒラムラシャシンカン",0
785,3140002034780,01,1,2026-10-09,2015-10-05,"有限会社山南前川",,302,"兵庫県","丹波市","山南町梶４５９番地６",,28,223,6693154,,,,,,,2015-10-05,1,,,,,"サンナンマエカワ",0
786,3140003024178,01,0,2026-10-09,2026-10-09,"ＡＭＦ合同会社",,305,"兵庫県","神戸市東灘区","住吉東町２丁目６－１７－５０６",,28,101,6580052,,,,,,,2026-10-09,1,,,,,"エーエムエフ",0
787,3150001008768,21,0,2026-10-09,2026-10-08,"株式会社シャドール",,301,"奈良県","生駒市","高山町１０１９２番地１１",,29,209,6300101,,,2026-10-08,01,,,2015-10-05,1,,,,,"シャドール",0
788,3150001029293,01,0,2026-10-09,2026-10-09,"ＴＡＲＮ株式会社",,301,"奈良県","奈良市","中院町３２番地の１",,29,201,6308392,,,,,,,2026-10-09,1,,,,,"ターン",0
789,3150003001341,01,1,2026-10-09,2015-10-05,"ＡＬＭＡ合同会社",,305,"奈良県","生駒郡平群町","大字福貴１０４９－８５",,29,342,6360936,,,,,,,2015-10-05,0,,,,,,0
790,3150003001341,12,1,2026-10-09,2019-02-13,"ＡＬＭＡ合同会社",,305,"大阪府","大阪市西区","立売堀５丁目４番７－１００１号",,27,106,5500012,,,,,,,2015-10-05,0,,,,,,0
791,3150003001341,12,1,2026-10-09,2021-01-27,"ＡＬＭＡ合同会社",,305,"奈良県","生駒郡平群町","大字福貴１０４９番地の８５",,29,342,6360936,,,,,,,2015-10-05,1,,,,,,0
792,3160001007612,01,1,2026-10-09,2015-10-05,"株式会社ＫＯＴＯ",,301,"滋賀県","長浜市","国友町２７２番地",,25,203,5260001,,,,,,,2015-10-05,1,,,,,"コト",0
793,3170001000129,01,1,2026-10-09,2015-10-05,"アドバン工業株式会社",,301,"和歌山県","和歌山市","栄谷８８２番地",,30,201,6408441,,,,,,,2015-10-05,1,,,,,"アドバンコウギョウ",0
794,3180001083560,01,1,2026-10-09,2015-10-05,"株式会社ファシック",,301,"愛知県","一宮市","三条字郷西６３番地１",,23,203,4940003,,,,,,,2015-10-05,0,,,,,"ファシック",0
795,3180001083560,71,1,2026-10-09,2020-06-03,"株式会社ファシック",,301,"愛知県","一宮市","三条字郷西６３番地１",,23,203,4940003,,,,,,"令和２年６月１日東京都渋谷区千駄ヶ谷五丁目１３番１８号株式会社ゼノ（8011001102000）を合併",2015-10-05,0,,,,,"ファシック",0
796,3180001083560,71,1,2026-10-09,2021-02-01,"株式会社ファシック",,301,"愛知県","一宮市","三条字郷西６３番地１",,23,203,4940003,,,,,,"令和３年２月１日神奈川県横浜市中区元町四丁目１７５番地１田邊ビル３階株式会社ショップエンドショップス（3011001090464）を合併",2015-10-05,1,,,,,"ファシック",0
797,3180001087289,01,1,2026-10-09,2015-10-05,"株式会社ストライヴ・プロモーション",,301,"愛知県","江南市","木賀町新開３番地",,23,217,4838254,,,,,,,2015-10-05,0,,,,,"ストライブプロモーション",0
798,3180001087289,12,1,2026-10-09,2020-12-21,"株式会社ストライヴ・プロモーション",,301,"愛知県","丹羽郡大口町","御供所２丁目５４",,23,361,4800135,,,,,,,2015-10-05,1,,,,,"ストライブプロモーション",0
799,3180001162554,12,0,2026-10-09,2026-09-24,"株式会社マグネット",,301,"愛知県","名古屋市西区","浄心２丁目１番２０号アイワ浄心ビル８０４号室",,23,104,4510061,,,,,,,2024-07-29,1,,,,,"マグネット",0
800,3180001173741,01,0,2026-10-09,2026-10-09,"株式会社ＴＨＥ　ＦＯＲＷＡＲＤ",,301,"愛知県","東海市","大田町畑間７１番地１",,23,222,4770031,,,,,,,2026-10-09,1,,,,,"ザフォワード",0
801,3180001173832,01,0,2026-10-09,2026-10-09,"株式会社ＣＲＥＳＴＡ　ＪＡＰＡＮ",,301,"愛知県","名古屋市中村区","鳥居通４丁目１０番地Ｌｅｃｉｅｌ中村日赤１０３号室",,23,105,4530044,,,,,,,2026-10-09,1,,,,,"クレスタジャパン",0
802,3180001173857,01,0,2026-10-09,2026-10-09,"株式会社Ｎ‐ＧＡＴＥ",,301,"愛知県","名古屋市東区","泉２丁目２６番４号",,23,102,4610001,,,,,,,2026-10-09,1,,,,,"エヌゲート",0
803,3180001173865,01,0,2026-10-09,2026-10-09,"株式会社ＥＫＧ",,301,"愛知県","名古屋市中川区","愛知町４５番１１号",,23,110,4540807,,,,,,,2026-10-09,1,,,,,"イーケージー",0
804,3180002055039,01,1,2026-10-09,2015-10-05,"有限会社ヤマウチ企画",,302,"愛知県","名古屋市中川区","細米町２丁目７８番地",,23,110,4540847,,,,,,,2015-10-05,0,,,,,"ヤマウチキカク",0
805,3180002055039,12,1,2026-10-09,2018-01-11,"有限会社ヤマウチ企画",,302,"愛知県","名古屋市中川区","中島新町１丁目１０１０番地",,23,110,4540932,,,,,,,2015-10-05,0,,,,,"ヤマウチキカク",0
806,3180002055039,12,1,2026-10-09,2026-06-11,"有限会社ヤマウチ企画",,302,"愛知県","名古屋市中川区","細米町２丁目７８番地",,23,110,4540847,,,,,,,2015-10-05,1,,,,,"ヤマウチキカク",0
807,3180003026542,12,0,2026-10-09,2026-09-29,"合同会社Ｔｈｅ　Ｆｉｆｉｔａ’ｓ",,305,"愛知県","名古屋市中村区","名駅４丁目２４番５号第２森ビル４０１",,23,105,4500002,,,,,,,2024-03-27,1,,,,,"ザフィフィタズ",0
808,3180003030890,01,0,2026-10-09,2026-10-09,"合同会社縁ｒｉｃｈ",,305,"愛知県","名古屋市中区","栄２丁目２番１号広小路伏見中駒ビル２Ｆ－９",,23,106,4600008,,,,,,,2026-10-09,1,,,,,"エンリッチ",0
809,3180003030899,01,0,2026-10-09,2026-10-09,"ＧＳＵＮＫＥＹ合同会社",,305,"愛知県","名古屋市港区","小賀須４丁目５１０番地",,23,111,4550882,,,,,,,2026-10-09,1,,,,,"ジーサンキー",0
810,3180003030916,01,0,2026-10-09,2026-10-09,"合同会社ＨＫファンド",,305,"愛知県","名古屋市千種区","池下１丁目１１番１７号プレサンスロジェ池下駅前２０２号",,23,101,4640067,,,,,,,2026-10-09,1,,,,,"エイチケイファンド",0
811,3180005009834,01,1,2026-10-09,2015-10-05,"庚申院",,399,"愛知県","一宮市","大江２丁目１番７号",,23,203,4910851,,,,,,,2015-10-05,1,,,,,"コウシンイン",0
812,3180302003820,12,0,2026-10-09,2026-09-28,"有限会社鳶石川組",,302,"愛知県","西尾市","下永良町丹過６番地６",,23,213,4450016,,,,,,,2015-10-05,1,,,,,"トビイシカワグミ",0
813,3190001032277,01,1,2026-10-09,2025-06-12,"東和株式会社",,301,"三重県","桑名市","多度町北猪飼字松本１１８８番地の１",,24,205,5110123,,,,,,,2025-06-12,1,,,,,"トーワ",0
814,3190003003573,21,0,2026-10-09,2026-10-01,"合同会社Ｆｌａｒｅａ",,305,"三重県","伊勢市","村松町１３６４番地８",,24,203,5150507,,,2026-10-01,11,6190001007243,"令和８年１０月１日三重県伊勢市村松町１３６４番地８船谷ホールディングス株式会社（6190001007243）に合併し解散",2021-01-14,1,,,,,"フレリア",0
815,3200001011493,71,0,2026-10-09,2026-10-02,"株式会社ホンダカーズ岐阜",,301,"岐阜県","羽島郡岐南町","上印食７丁目１番地",,21,302,5016001,,,,,,"令和８年１０月１日岐阜県多治見市光ケ丘一丁目１９番地株式会社ホンダプリモ光ケ丘（9200001020984）を合併",2015-10-05,1,,,,,"ホンダカーズギフ",0
816,3200001041730,12,0,2026-10-09,2026-10-01,"株式会社ＨＯＭＩＥＳ",,301,"岐阜県","養老郡養老町","船附１３１３番地３",,21,341,5031382,,,,,,,2023-09-14,0,,,,,"ホーミーズ",0
817,3200001041730,11,0,2026-10-09,2026-10-01,"株式会社ＲＥＶＯ",,301,"岐阜県","養老郡養老町","船附１３１３番地３",,21,341,5031382,,,,,,,2023-09-14,1,,,,,"レボ",0
818,3200001045541,01,0,2026-10-09,2026-10-09,"株式会社橘屋",,301,"岐阜県","高山市","奥飛騨温泉郷一重ヶ根２００番地２２８",,21,203,5061432,,,,,,,2026-10-09,1,,,,,"タチバナヤ",0
819,3200005013924,01,0,2026-10-09,2026-10-09,"一般社団法人かえでの希",,399,"岐阜県","美濃加茂市","本郷町９丁目８番１９号",,21,211,5050027,,,,,,,2026-10-09,1,,,,,"カエデノキ",0
820,3210001020262,01,1,2026-10-09,2025-08-04,"株式会社ＣＨＩＬＬ　ＮＥＳＴ",,301,"福井県","丹生郡越前町","小倉第３５号１２番地１",,18,423,9160111,,,,,,,2025-08-04,1,,,,,,0
821,3230001005856,01,1,2026-10-09,2015-10-05,"株式会社システムオート",,301,"富山県","富山市","大宮町２５７番地",,16,201,9398035,,,,,,,2015-10-05,1,,,,,"システムオート",0
822,3230001019484,12,0,2026-10-09,2026-10-06,"株式会社ＢＬＡＣＫ　ＧＯＬＤ",,301,"福岡県","田川郡福智町","市場１０１０番地１",,40,610,8221103,,,,,,,2022-08-15,1,,,,,"ブラックゴールド",0
823,3230003000376,01,1,2026-10-09,2015-10-05,"合資会社あすみ会計社",,304,"富山県","滑川市","上小泉３７３番地２",,16,206,9360053,,,,,,,2015-10-05,1,,,,,"アスミカイケイシャ",0
824,3240001022495,01,1,2026-10-09,2015-10-05,"黒川工業株式会社",,301,"広島県","東広島市","八本松町正力２３６番地",,34,212,7390132,,,,,,,2015-10-05,1,,,,,"クロカワコウギョウ",0
825,3240001061023,12,0,2026-10-09,2026-10-02,"スクエアサポート株式会社",,301,"広島県","広島市中区","榎町４番１０号アルファービル２０２号室",,34,101,7300851,,,,,,,2023-01-30,1,,,,,"スクエアサポート",0
826,3240001064439,12,0,2026-10-09,2026-10-01,"株式会社ＥＢＩＳＵ",,301,"広島県","広島市安佐南区","西原４丁目２３番１８号オークスＢ棟１０１",,34,105,7310113,,,,,,,2025-01-24,1,,,,,"エビス",0
827,3240001067160,01,0,2026-10-09,2026-10-09,"株式会社ＡＲＫ",,301,"広島県","呉市","広小坪１丁目４６番８号",,34,202,7370137,,,,,,,2026-10-09,1,,,,,"アーク",0
828,3240002032626,01,1,2026-10-09,2015-10-05,"有限会社串山鉄工所",,302,"広島県","呉市","広本町３丁目３番１号",,34,202,7370125,,,,,,,2015-10-05,1,,,,,"クシヤマテッコウショ",0
829,3240002038202,21,0,2026-10-09,2026-10-01,"有限会社合同海産",,302,"広島県","廿日市市","丸石２丁目１８番８号",,34,213,7390452,,,2026-10-01,01,,,2015-10-05,1,,,,,"ゴウドウカイサン",0
830,3240002039588,12,0,2026-10-09,2026-10-05,"有限会社エコー薬局",,302,"広島県","福山市","花園町１丁目２番１５号",,34,207,7200803,,,,,,,2015-10-05,1,,,,,"エコーヤッキョク",0
831,3260001019647,21,0,2026-10-09,2026-10-06,"片岡製本印刷株式会社",,301,"岡山県","津山市","高野山西２１１５番地の１７",,33,203,7081124,,,2026-10-06,01,,,2015-10-05,1,,,,,"カタオカセイホンインサツ",0
832,3260002027599,21,0,2026-10-09,2026-10-06,"有限会社青葉",,302,"岡山県","津山市","安岡町７０番地１",,33,203,7080044,,,2026-10-06,01,,,2015-10-05,1,,,,,"アオバ",0
833,3270001009531,01,0,2026-10-09,2026-10-09,"株式会社ＨＯＫＵＥＩ　ＢＡＳＥ",,301,"鳥取県","東伯郡北栄町","由良宿１１４１－１",,31,372,6892221,,,,,,,2026-10-09,1,,,,,,0
834,3290001038891,12,0,2026-10-09,2026-10-05,"株式会社大奉金属",,301,"福岡県","糟屋郡須惠町","大字佐谷９８１番地４",,40,344,8112115,,,,,,,2015-10-05,1,,,,,"タイホウキンゾク",0
835,3290001114552,12,0,2026-10-09,2026-10-01,"株式会社Ｒｅ　Ｂｌｏｏｍ",,301,"福岡県","福岡市中央区","大名１丁目８番２５号杉の宮マンション６０４号室",,40,133,8100041,,,,,,,2026-06-22,1,,,,,"リブルーム",0
836,3290001115716,01,0,2026-10-09,2026-10-09,"株式会社マツテック",,301,"福岡県","大牟田市","大字唐船１５２番地２",,40,202,8360003,,,,,,,2026-10-09,1,,,,,"マツテック",0
837,3290001115773,01,0,2026-10-09,2026-10-09,"株式会社ワンダイレクト",,301,"福岡県","福岡市中央区","天神２丁目２番１２号Ｔ＆Ｊビルディング７Ｆ",,40,133,8100001,,,,,,,2026-10-09,1,,,,,"ワンダイレクト",0
838,3290001115781,01,0,2026-10-09,2026-10-09,"株式会社クラルテ",,301,"福岡県","福岡市東区","香椎照葉７丁目１‐２",,40,131,8130017,,,,,,,2026-10-09,1,,,,,"クラルテ",0
839,3290002022853,12,0,2026-10-09,2026-09-25,"有限会社ｊｕｓｔｇｒａｐｈｉｘ",,302,"福岡県","福岡市博多区","博多駅南６丁目８番３０号１０８号室",,40,132,8120016,,,,,,,2015-10-05,1,,,,,,0
840,3290003002004,12,0,2026-10-09,2026-09-28,"合名会社藤井呉服店",,303,"福岡県","朝倉市","甘木１７２８番地１",,40,228,8380068,,,,,,,2015-10-05,1,,,,,"フジイゴフクテン",0
841,3290801022698,01,1,2026-10-09,2016-07-11,"株式会社ＥＳコンストラクション",,301,"福岡県","北九州市門司区","新門司１丁目１４番地６",,40,101,8000115,,,,,,,2016-07-11,1,,,,,"イーエスコンストラクション",0
842,3290801029735,12,0,2026-10-09,2026-10-02,"ＳＥＣＯＮＤ　ＲＯＵＴＥ株式会社",,301,"福岡県","北九州市八幡西区","本城東６丁目４番２号",,40,109,8070815,,,,,,,2023-07-28,1,,,,,"セカンドルート",0
843,3290802011857,12,0,2026-10-09,2026-10-02,"イーライフ有限会社",,302,"福岡県","北九州市小倉北区","浅野１丁目１－１ビエラ小倉１Ｆ　ＤＩＳＣＯＶＥＲＹ１２１号",,40,106,8020001,,,,,,,2015-10-05,1,,,,,,0
844,3290803003655,12,0,2026-10-09,2026-10-02,"株式会社ＲＥＡＣＨ",,301,"福岡県","直方市","大字上境１６５６番地１",,40,204,8220006,,,,,,,2020-10-15,1,,,,,"リーチ",0
845,3300001014775,01,0,2026-10-09,2026-10-09,"株式会社合鍵センター佐賀",,301,"佐賀県","佐賀市","白山１丁目１番８号",,41,201,8400826,,,,,,,2026-10-09,1,,,,,"アイカギセンターサガ",0
846,3310005001075,01,1,2026-10-09,2015-10-05,"学校法人高津学園",,399,"長崎県","長崎市","深堀町１丁目２９３番地５",,42,201,8510301,,,,,,,2015-10-05,1,,,,,"コウズガクエン",0
847,3320002012405,21,0,2026-10-09,2026-10-05,"有限会社ホテルなぎさ",,302,"大分県","別府市","上田の湯町１５番５７号マンションエスペラント４０３号",,44,202,8740908,,,2026-10-05,01,,,2015-10-05,1,,,,,"ホテルナギサ",0
848,3330001004690,21,0,2026-10-09,2026-10-06,"株式会社森本商店",,301,"熊本県","熊本市中央区","新大江３丁目７番２５号",,43,101,8620972,,,2026-10-06,01,,,2015-10-05,1,,,,,"モリモトショウテン",0
849,3330001008592,21,0,2026-10-09,2026-10-08,"華龍国際産業株式会社",,301,"熊本県","熊本市北区","龍田陳内２丁目２８番２１号",,43,105,8618005,,,2026-10-08,01,,,2015-10-05,1,,,,,"カリュウコクサイサンギョウ",0
850,3330001015903,21,0,2026-10-09,2026-10-01,"株式会社コガホンダ",,301,"熊本県","人吉市","西間下町１０６３番地の１",,43,203,8680072,,,2026-10-01,11,5330001004268,"令和８年１０月１日熊本市東区東野二丁目８番１号株式会社ホンダ販売熊本（5330001004268）に合併し解散",2015-10-05,1,,,,,"コガホンダ",0
851,3330001032717,21,0,2026-10-09,2026-08-27,"有鈞株式会社",,301,"熊本県","熊本市東区","御領６丁目３番２２号",,43,102,8618035,,,2026-08-27,01,,,2024-12-09,1,,,,,"ユウキン",0
852,3330002014094,21,0,2026-10-09,2026-10-05,"有限会社大光堂",,302,"熊本県","熊本市南区","御幸笛田２丁目７番３号",,43,104,8614172,,,2026-10-05,01,,,2015-10-05,1,,,,,"ダイコウドウ",0
853,3330003011677,12,0,2026-10-09,2026-10-05,"合同会社エムエスエム・コーポレーション",,305,"熊本県","熊本市中央区","壺川１丁目８番１９号",,43,101,8600076,,,,,,,2026-07-17,1,,,,,"エムエスエムコーポレーション",0
854,3340001028499,01,0,2026-10-09,2026-10-09,"シンユニ株式会社",,301,"鹿児島県","鹿児島市","武１丁目１０番１２号",,46,201,8900045,,,,,,,2026-10-09,1,,,,,"シンユニ",0
855,3350001020216,12,0,2026-10-09,2026-10-05,"株式会社ＧＥＮＵＩＮＥ　ＰＡＲＴＮＥＲＳ",,301,"宮崎県","都城市","栄町１２号３番地２",,45,202,8850023,,,,,,,2026-08-13,1,,,,,"ジェニュインパートナーズ",0
856,3350002007831,01,1,2026-10-09,2015-10-05,"有限会社Ｄ＆Ａコンサルティング",,302,"宮崎県","宮崎市","鶴島１丁目５番１８号",,45,201,8800014,,,,,,,2015-10-05,1,,,,,"ディーアンドエーコンサルティング",0
857,3350002011065,01,1,2026-10-09,2015-10-05,"有限会社リゾートインサンルイ",,302,"宮崎県","日向市","大字塩見字大財１４０１３番地６",,45,206,8830033,,,,,,,2015-10-05,1,,,,,"リゾートインサンルイ",0
858,3360001005109,11,0,2026-10-09,2026-10-01,"Ｍａｒｕｍａｓａ株式会社",,301,"沖縄県","中頭郡西原町","字小那覇１２１５番地",,47,329,9030103,,,,,,,2015-10-05,1,,,,,"マルマサ",0
859,3360001027466,21,0,2026-10-09,2026-09-10,"株式会社ファーマシーサポート沖縄",,301,"沖縄県","糸満市","字国吉４７４番地の１",,47,210,9010324,,,2026-09-10,01,,,2020-07-16,1,,,,,"ファーマシーサポートオキナワ",0
860,3360001029347,12,0,2026-10-09,2026-09-11,"株式会社フィクシー沖縄",,301,"沖縄県","那覇市","西１丁目２番５号",,47,201,9000036,,,,,,,2021-09-15,1,,,,,"フィクシーオキナワ",0
861,3370003000040,01,1,2026-10-09,2015-10-05,"合名会社中谷会計事務所",,303,"宮城県","仙台市青葉区","北根黒松８番１２－３１１号",,04,101,9810901,,,,,,,2015-10-05,1,,,,,"ナカタニカイケイジムショ",0
862,3370003007779,01,0,2026-10-09,2026-10-09,"ｆｉｌｅｓ合同会社",,305,"宮城県","仙台市青葉区","中央２丁目１１‐１９仙南ビル４階‐Ａ",,04,101,9800021,,,,,,,2026-10-09,1,,,,,"ファイルズ",0
863,3380001003878,12,0,2026-10-09,2026-10-06,"株式会社亀岡治具製作所",,301,"福島県","伊達市","保原町上保原字新田前１８番地２",,07,213,9600684,,,,,,,2015-10-05,1,,,,,"カメオカジグセイサクショ",0
864,3380001024536,71,0,2026-10-09,2026-10-01,"株式会社タカラプロパティ",,301,"福島県","福島市","飯坂町字八景５番地の６",,07,201,9600201,,,,,,"令和８年１０月１日福島県双葉郡浪江町大字下津島字小塚６３番地１有限会社あぶくまトレイディング（6380002029795）を合併",2015-10-05,1,,,,,"タカラプロパティ",0
865,3380002007655,01,1,2026-10-09,2015-10-05,"有限会社我妻不動産",,302,"福島県","郡山市","静町５番７号",,07,203,9630203,,,,,,,2015-10-05,1,,,,,"アヅマフドウサン",0
866,3380002016524,21,0,2026-10-09,2026-10-06,"有限会社ヒカリ印刷所",,302,"福島県","二本松市","安達ケ原７丁目４５番地の３",,07,210,9640938,,,2026-10-06,01,,,2015-10-05,1,,,,,"ヒカリインサツショ",0
867,3390002005344,01,1,2026-10-09,2015-10-05,"有限会社カネコ・クリエーティブ",,302,"山形県","天童市","東本町１丁目１３番２２号",,06,210,9940026,,,,,,,2015-10-05,1,,,,,"カネコクリエーティブ",0
868,3390005003907,12,0,2026-10-09,2026-10-01,"櫛引農村工業農業協同組合連合会",00085189,399,"山形県","鶴岡市","下名川字落合７番地",,06,203,9970404,,,,,,,2015-10-05,1,,,,,"クシビキノウソンコウギョウ",0
869,3400001017553,01,0,2026-10-09,2026-10-09,"にこのわプラス株式会社",,301,"岩手県","北上市","堤ケ丘１丁目９番２１号",,03,206,0240011,,,,,,,2026-10-09,1,,,,,"ニコノワプラス",0
870,3410002005861,21,0,2026-10-09,2026-10-02,"有限会社北斗アルミ工業",,302,"秋田県","潟上市","天王字上北野１２１番地２７",,05,211,0100101,,,2026-10-02,01,,,2015-10-05,1,,,,,"ホクトアルミコウギョウ",0
871,3410002012420,01,1,2026-10-09,2015-10-05,"有限会社青柳家",,302,"秋田県","仙北市","角館町表町下丁３番地",,05,215,0140331,,,,,,,2015-10-05,1,,,,,"アオヤギケ",0
872,3410002012544,21,0,2026-10-09,2026-09-30,"小林設備工業有限会社",,302,"秋田県","仙北市","角館町西長野堂ノ前２番地",,05,215,0140344,,,2026-09-30,01,,,2015-10-05,1,,,,,"コバヤシセツビコウギョウ",0
873,3410003004301,01,0,2026-10-09,2026-10-09,"合同会社Ｎシステム",,305,"秋田県","にかほ市","金浦字塩焚浜８２番地１４",,05,214,0180311,,,,,,,2026-10-09,1,,,,,"エヌシステム",0
874,3420001019671,01,0,2026-10-09,2026-10-09,"株式会社八戸ビジネス",,301,"青森県","八戸市","吹上１丁目８番３１号アテスト４０６号室",,02,203,0310003,,,,,,,2026-10-09,1,,,,,"ハチノヘビジネス",0
875,3430001008566,01,1,2026-10-09,2015-10-05,"株式会社スリー・エー",,301,"北海道","札幌市白石区","菊水元町五条１丁目２番１７号",,01,104,0030825,,,,,,,2015-10-05,1,,,,,"スリーエー",0
876,3430001054866,12,0,2026-10-09,2026-10-02,"北晃建材株式会社",,301,"北海道","苫小牧市","明野元町１丁目８番５号",,01,213,0530051,,,,,,,2015-10-05,1,,,,,"ホッコウケンザイ",0
877,3430001086257,12,0,2026-10-09,2026-10-02,"株式会社ＭＩＢ",,301,"北海道","札幌市東区","北九条東２丁目２番１８－１４０４号",,01,103,0600909,,,,,,,2022-03-28,1,,,,,"エムアイビー",0
878,3430002013540,21,0,2026-10-09,2026-10-02,"有限会社桐光商会",,302,"北海道","札幌市豊平区","平岸三条６丁目１番７号",,01,105,0620933,,,2026-10-02,01,,,2015-10-05,1,,,,,"トウコウショウカイ",0
879,3430002050988,21,0,2026-10-09,2026-10-02,"有限会社しのはら",,302,"北海道","夕張郡栗山町","中央２丁目７３番地",,01,429,0691511,,,2026-10-02,01,,,2015-10-05,1,,,,,"シノハラ",0
880,3450001000190,12,0,2026-10-09,2026-10-02,"旭ダンボール工業株式会社",,301,"北海道","旭川市","神楽二条１１丁目２番２号",,01,204,0708002,,,,,,,2015-10-05,0,,,,,"アサヒダンボールコウギョウ",0
881,3450001000190,11,0,2026-10-09,2026-10-02,"旭ＡＫＴＹ商事株式会社",,301,"北海道","旭川市","神楽二条１１丁目２番２号",,01,204,0708002,,,,,,,2015-10-05,1,,,,,"アサヒエーケーティーワイショウジ",0
882,3450002007268,01,1,2026-10-09,2015-10-05,"有限会社エーリンクシステム",,302,"北海道","旭川市","永山十条７丁目４番２号",,01,204,0798420,,,,,,,2015-10-05,0,,,,,,0
883,3450002007268,12,1,2026-10-09,2024-12-05,"有限会社エーリンクシステム",,302,"北海道","旭川市","緑が丘東一条３丁目１番６号",,01,204,0788801,,,,,,,2015-10-05,1,,,,,,0
884,3450002009149,12,0,2026-10-09,2026-10-05,"有限会社末広電器",,302,"北海道","上川郡美瑛町","旭町１丁目１２－５",,01,459,0710212,,,,,,,2015-10-05,1,,,,,,0
885,3460003000931,12,0,2026-10-09,2026-10-07,"合同会社ｉｎｎ",,305,"北海道","釧路市","入江町５番２０号",,01,206,0850008,,,,,,,2022-12-14,1,,,,,"イン",0
886,3460101005956,01,1,2026-10-09,2016-06-17,"西建工業株式会社",,301,"北海道","帯広市","西十七条南４丁目３３番１５号",,01,207,0800027,,,,,,,2016-06-17,1,,,,,"ニシケンコウギョウ",0
887,3460102000130,01,1,2026-10-09,2015-10-05,"有限会社足立冷機",,302,"北海道","帯広市","東一条南１１丁目１番地",,01,207,0800801,,,,,,,2015-10-05,1,,,,,"アダチレイキ",0
888,3470002003785,01,1,2026-10-09,2015-10-05,"有限会社末本鮮魚店",,302,"香川県","高松市","円座町４８２番地８",,37,201,7618044,,,,,,,2015-10-05,1,,,,,"スエモトセンギョテン",0
889,3480001012679,11,0,2026-10-09,2026-09-24,"ＪＰ　ＴＲＡＤＩＮＧ株式会社",,301,"徳島県","鳴門市","撫養町木津５６４番地７ＧＲＡＣＥＦＵＬＣ１０１号",,36,202,7720004,,,,,,,2024-12-16,1,,,,,"ジェイピートレーディング",0
890,3480002003223,12,0,2026-10-09,2026-10-02,"東宝実有限会社",,302,"徳島県","徳島市","仲之町２丁目８番地２本庄ビル２２号室",,36,201,7700932,,,,,,,2015-10-05,1,,,,,"トホミ",0
891,3500001007081,12,0,2026-10-09,2026-10-05,"株式会社カネキ製材所",,301,"愛媛県","東温市","横河原３４８番地",,38,215,7910203,,,,,,,2015-10-05,1,,,,,"カネキセイザイショ",0
892,3500002019902,21,0,2026-10-09,2026-10-07,"有限会社桑名ボウル",,302,"愛媛県","今治市","延喜甲１９８番地１",,38,202,7940084,,,2026-10-07,01,,,2015-10-05,1,,,,,"クワナボウル",0
893,4010001165085,12,0,2026-10-09,2026-09-11,"株式会社ＪＯＡホールディング",,301,"東京都","中央区","日本橋堀留町１丁目１０番１９号第一川端ビル４階",,13,102,1030012,,,,,,,2015-10-05,1,,,,,"ジョアホールディング",0
894,4010001175927,01,1,2026-10-09,2016-05-26,"フリージアキャピタル株式会社",,301,"東京都","千代田区","神田東松下町１７番地",,13,101,1010042,,,,,,,2016-05-26,1,,,,,"フリージアキャピタル",0
895,4010001177072,01,1,2026-10-09,2016-07-22,"株式会社ＩＱｇ",,301,"東京都","中央区","日本橋人形町２丁目２５番１５号",,13,102,1030013,,,,,,,2016-07-22,0,,,,,,0
896,4010001177072,12,1,2026-10-09,2016-11-28,"株式会社ＩＱｇ",,301,"東京都","港区","虎ノ門２丁目２番５号共同通信ビル内",,13,103,1050001,,,,,,,2016-07-22,0,,,,,,0
897,4010001177072,12,1,2026-10-09,2021-03-16,"株式会社ＩＱｇ",,301,"東京都","千代田区","麹町１丁目３番地ダイアン麹町ビル４０４号",,13,101,1020083,,,,,,,2016-07-22,0,,,,,,0
898,4010001177072,12,1,2026-10-09,2022-08-31,"株式会社ＩＱｇ",,301,"東京都","千代田区","二番町３番地１１ＶＯＲＴ二番町５階",,13,101,1020084,,,,,,,2016-07-22,0,,,,,,0
899,4010001177072,12,1,2026-10-09,2024-11-26,"株式会社ＩＱｇ",,301,"東京都","千代田区","麹町４丁目３番地２９ＶＯＲＴ紀尾井坂８階",,13,101,1020083,,,,,,,2016-07-22,0,,,,,,0
900,4010001177072,12,0,2026-10-09,2026-10-06,"株式会社ＩＱｇ",,301,"東京都","港区","西新橋３丁目１３番３号ＢＩＺＣＯＲＥ西新橋３階",,13,103,1050003,,,,,,,2016-07-22,1,,,,,,0
901,4010001177535,21,0,2026-10-09,2026-09-11,"インテグレイティブヘルスデザイン株式会社",,301,"東京都","千代田区","麹町６丁目６番地２番町麹町ビルディング",,13,101,1020083,,,2026-09-11,01,,,2016-08-15,1,,,,,"インテグレイティブヘルスデザイン",0
902,4010001190777,12,0,2026-10-09,2026-10-01,"和田興産株式会社",,301,"東京都","千代田区","麹町３丁目１番",,13,101,1020083,,,,,,,2018-04-10,1,,,,,"ワダコウサン",0
903,4010001221301,12,0,2026-10-09,2026-10-06,"株式会社Ｖｉｓｔａｖｅｋ",,301,"愛知県","名古屋市中村区","名駅４丁目８番２６号エニシオ名駅１６階",,23,105,4500002,,,,,,,2021-09-28,1,,,,,"ビスタベック",0
904,4010001245449,12,0,2026-10-09,2026-10-01,"カマイユ株式会社",,301,"東京都","千代田区","神田和泉町１番地６の１６ヤマトビル４０５",,13,101,1010024,,,,,,,2024-06-07,1,,,,,"カマイユ",0
905,4010001250143,01,1,2026-10-09,2024-11-20,"Ｍ‐Ｃｒｏｓｓ　Ｅｎｇｉｎｅｅｒｉｎｇ株式会社",,301,"東京都","千代田区","丸の内１丁目６番５号",,13,101,1000005,,,,,,,2024-11-20,1,,,,,"エムクロスエンジニアリング",0
906,4010001252528,01,1,2026-10-09,2025-02-28,"ＭＤ　ＧＲＯＵＰ株式会社",,301,"東京都","千代田区","神田平河町１番地第３東ビル５階７号室",,13,101,1010027,,,,,,,2025-02-28,1,,,,,,0
907,4010001256462,12,0,2026-10-09,2026-09-10,"株式会社Ｍｏｇｌｏデザイン",,301,"東京都","千代田区","平河町１丁目７－１２",,13,101,1020093,,,,,,,2025-07-08,1,,,,,"モグロデザイン",0
908,4010001269290,01,0,2026-10-09,2026-10-09,"インフロニアトレーディング株式会社",,301,"東京都","千代田区","富士見２丁目１０番２号",,13,101,1020071,,,,,,,2026-10-09,1,,,,,"インフロニアトレーディング",0
909,4010001269308,01,0,2026-10-09,2026-10-09,"株式会社東京大学産学協創推進機構",,301,"東京都","文京区","本郷７丁目３番１号産学連携プラザ",,13,105,1130033,,,,,,,2026-10-09,1,,,,,"トウキョウダイガクサンガクキョウソウスイシンキコウ",0
910,4010002035304,01,1,2026-10-09,2015-10-05,"大八富有限会社",,302,"東京都","中央区","築地６丁目１３番１１号",,13,102,1040045,,,,,,,2015-10-05,1,,,,,"オオヤト",0
911,4010003018019,01,1,2026-10-09,2015-10-05,"合同会社創益塾",,305,"東京都","千代田区","平河町２丁目１１番２号",,13,101,1020093,,,,,,,2015-10-05,0,,,,,"ソウエキジュク",0
912,4010003018019,12,0,2026-10-09,2026-10-06,"合同会社創益塾",,305,"東京都","新宿区","市谷船河原町１１番地",,13,104,1620826,,,,,,,2015-10-05,1,,,,,"ソウエキジュク",0
913,4010003052901,01,0,2026-10-09,2026-10-09,"合同会社Ｃｈａｒｏ",,305,"東京都","文京区","千石１丁目２７番１２号",,13,105,1120011,,,,,,,2026-10-09,1,,,,,"チャロ",0
914,4010005013554,12,0,2026-10-09,2026-10-07,"土地家屋調査士法人キャストグローバル",,399,"東京都","港区","虎ノ門３丁目４番１０号虎ノ門３５森ビル",,13,103,1050001,,,,,,,2015-10-05,1,,,,,"キャストグローバル",0
915,4010401156097,21,0,2026-10-09,2026-09-25,"トレンビジャパン株式会社",,301,"大阪府","大阪市中央区","本町２丁目３番４号アソルティ本町４階",,27,128,5410053,,,2026-09-25,01,,,2020-10-27,1,,,,,"トレンビジャパン",0
916,4010401163028,12,0,2026-10-09,2026-09-24,"株式会社味享",,301,"東京都","港区","西新橋１丁目１８－７－１階",,13,103,1050003,,,,,,,2021-10-06,1,,,,,"ミタカ",0
917,4010401166311,12,0,2026-10-09,2026-10-06,"華海国際株式会社",,301,"東京都","港区","西新橋３丁目１７番１号ライオンズマンション愛宕山６０４号室",,13,103,1050003,,,,,,,2022-03-22,1,,,,,"カカイコクサイ",0
918,4010401167144,12,0,2026-10-09,2026-10-06,"ＧＣＪＧ２５株式会社",,301,"愛知県","岡崎市","緑丘１丁目４番地１",,23,202,4440806,,,,,,,2022-04-27,1,,,,,"ジーシージェイジートゥエンティーファイブ",0
919,4010401194386,12,0,2026-10-09,2026-10-02,"株式会社ＢＲＵＮ　ＴＯＫＹＯ",,301,"東京都","港区","芝５丁目１４番１５号ＭＡビル４階",,13,103,1080014,,,,,,,2025-11-14,1,,,,,"ブラントウキョウ",0
920,4010401202520,01,0,2026-10-09,2026-10-09,"オフィストラリス株式会社",,301,"東京都","港区","北青山１丁目３番１号アールキューブ青山３階",,13,103,1070061,,,,,,,2026-10-09,1,,,,,"オフィストラリス",0
921,4010401202603,01,0,2026-10-09,2026-10-09,"株式会社Ｒｉｍｚ",,301,"東京都","港区","新橋６丁目１６－８ＳＡＮＰＵビル４Ｆ",,13,103,1050004,,,,,,,2026-10-09,1,,,,,"リムズ",0
922,4010401202693,01,0,2026-10-09,2026-10-09,"Ｌｏｏｐ　Ｊａｐａｎ株式会社",,301,"東京都","港区","赤坂１丁目１２番３２号アーク森ビルＳＣＳ国際税理士法人内",,13,103,1070052,,,,,,,2026-10-09,1,,,,,"ループジャパン",0
923,4010401202735,01,0,2026-10-09,2026-10-09,"リーズ・リンク株式会社",,301,"東京都","港区","虎ノ門３丁目１０番４－３０２号",,13,103,1050001,,,,,,,2026-10-09,1,,,,,"リーズリンク",0
924,4010403027890,12,0,2026-10-09,2026-09-17,"Ｈａｒｖｅｙｉｎｇ合同会社",,305,"神奈川県","茅ヶ崎市","矢畑７８２－３－２－５３１",,14,207,2530085,,,,,,,2022-06-17,1,,,,,"ハーヴィング",0
925,4010403032189,01,1,2026-10-09,2024-03-19,"ＡＩ．ｎｅｔ合同会社",,305,"東京都","港区","虎ノ門１丁目１１番４号馬嶋ビル３階",,13,103,1050001,,,,,,,2024-03-19,0,,,,,"エーアイネット",0
926,4010403032189,12,1,2026-10-09,2025-08-21,"ＡＩ．ｎｅｔ合同会社",,305,"東京都","新宿区","新宿４丁目１番６号ＪＲ新宿ミライナタワー１８階",,13,104,1600022,,,,,,,2024-03-19,0,,,,,"エーアイネット",0
927,4010403032189,12,1,2026-10-09,2026-09-14,"ＡＩ．ｎｅｔ合同会社",,305,"東京都","新宿区","西新宿７丁目２０番１号住友不動産西新宿ビル２７階",,13,104,1600023,,,,,,,2024-03-19,1,,,,,"エーアイネット",0
928,4010403034425,12,0,2026-10-09,2026-09-28,"Ｇｒｅｅｎ　Ｋｕｐ合同会社",,305,"神奈川県","横浜市南区","清水ケ丘２０４番地３チョコレートハウス１０２",,14,105,2320007,,,,,,,2025-02-17,1,,,,,"グリーンカップ",0
929,4010403035588,21,0,2026-10-09,2026-09-16,"エイチユー・エデュケーションサービシズ合同会社",,305,"東京都","港区","南青山３丁目１番３６号青山丸竹ビル６Ｆ",,13,103,1070062,,,2026-09-16,01,,,2025-07-18,1,,,,,"エイチユーエデュケーションサービシズ",0
930,4010403039226,01,0,2026-10-09,2026-10-09,"合同会社ＪＰＹＳＩＧＮＡＬ",,305,"東京都","港区","芝公園１丁目８－２０、１Ｆ～１３Ｆ",,13,103,1050011,,,,,,,2026-10-09,1,,,,,"ジェイピーワイシグナル",0
931,4010403039234,01,0,2026-10-09,2026-10-09,"合同会社ＳＵＰＥＲＰＡＴＨ",,305,"東京都","港区","海岸１丁目２－３汐留芝離宮ビルディング２１Ｆ",,13,103,1050022,,,,,,,2026-10-09,1,,,,,"スーパーパス",0
932,4010403039259,01,0,2026-10-09,2026-10-09,"野邑コンサルティング合同会社",,305,"東京都","港区","浜松町２丁目１番１６号Ａフロント浜松町９階",,13,103,1050013,,,,,,,2026-10-09,1,,,,,"ノムラコンサルティング",0
933,4010403039333,01,0,2026-10-09,2026-10-09,"ＬＳ‐ＹＯＢＩ第３号合同会社",,305,"東京都","港区","六本木１丁目６番１号",,13,103,1060032,,,,,,,2026-10-09,1,,,,,"エルエスヨビダイサンゴウ",0
934,4010501028361,12,0,2026-10-09,2026-10-06,"株式会社ジュエリー輝宝",,301,"東京都","台東区","台東４丁目６－５御徒町グリーンプラザ３０２号",,13,106,1100016,,,,,,,2015-10-05,1,,,,,"ジュエリーキホウ",0
935,4010501039565,12,0,2026-10-09,2026-09-10,"一賢株式会社",,301,"東京都","台東区","東上野３丁目１２－１１全漁業ビル５階Ａ号室",,13,106,1100015,,,,,,,2016-05-20,1,,,,,"イチケン",0
936,4010501056552,01,0,2026-10-09,2026-10-09,"株式会社ＶＩＥＮＴＡＲＯ",,301,"東京都","台東区","東上野３丁目１８番１号ＴＨＥＢＬＯＯＭＵＥＮＯ２１７",,13,106,1100015,,,,,,,2026-10-09,1,,,,,"ヴィエンタロ",0
937,4010503007025,12,0,2026-10-09,2026-10-06,"合同会社テーミアス",,305,"神奈川県","鎌倉市","津西１丁目７番８－５号",,14,204,2480034,,,,,,,2023-06-06,1,,,,,"テーミアス",0
938,4010505003757,01,0,2026-10-09,2026-10-09,"特定非営利活動法人地域の学び推進機構",,399,"東京都","台東区","東上野３丁目１１番７号",,13,106,1100015,,,,,,,2026-10-09,1,,,,,"チイキノマナビスイシンキコウ",0
939,4010601066740,21,0,2026-10-09,2026-10-05,"株式会社ペイロールプロ",,301,"東京都","江東区","亀戸１丁目５番７号錦糸町プライムタワー６階",,13,108,1360071,,,2026-10-05,11,9010401106592,"令和８年９月１日東京都港区西新橋三丁目３番１号オープン株式会社（9010401106592）に合併し解散",2025-02-07,1,,,,,"ペイロールプロ",0
940,4010601068332,12,0,2026-10-09,2026-10-05,"Ｇｉｒａｆｆｅ　Ｖｉｓｉｏｎ株式会社",,301,"愛知県","名古屋市西区","名駅２丁目３４番１７号セントラル名古屋１１０１号",,23,104,4510045,,,,,,,2025-11-27,1,,,,,"ジラフェヴィジョン",0
941,4010603010886,12,0,2026-10-09,2026-10-02,"合同会社ＳＨＩＮ",,305,"東京都","江東区","豊洲３丁目６番５号ザ・豊洲タワー４３１４号",,13,108,1350061,,,,,,,2024-06-12,1,,,,,"シン",0
942,4010701030687,12,0,2026-10-09,2026-10-01,"ブラックサ株式会社",,301,"東京都","千代田区","麹町３丁目１番",,13,101,1020083,,,,,,,2015-10-05,1,,,,,"ブラックサ",0
943,4010801004500,11,0,2026-10-09,2026-10-01,"株式会社サニーチャイルド",,301,"東京都","大田区","北馬込１丁目３番１号",,13,111,1430021,,,,,,,2015-10-05,1,,,,,"サニーチャイルド",0
944,4010801034092,12,0,2026-10-09,2026-10-07,"株式会社ＭＴＢ",,301,"神奈川県","川崎市中原区","小杉陣屋町１丁目１７番１３－３０２号",,14,133,2110062,,,,,,,2023-06-27,1,,,,,"エムティービー",0
945,4010901018458,01,1,2026-10-09,2015-10-05,"株式会社ＵＮＡＮＥ",,301,"東京都","世田谷区","宇奈根１丁目４３番１７号",,13,112,1570068,,,,,,,2015-10-05,1,,,,,"ウナネ",0
946,4010902002618,01,1,2026-10-09,2015-10-05,"有限会社遠藤電線工場",,302,"東京都","世田谷区","野沢４丁目１８番９号",,13,112,1540003,,,,,,,2015-10-05,0,,,,,"エンドウデンセンコウジョウ",0
947,4010902002618,12,1,2026-10-09,2016-10-12,"有限会社遠藤電線工場",,302,"東京都","世田谷区","太子堂２丁目３０番１３号",,13,112,1540004,,,,,,,2015-10-05,1,,,,,"エンドウデンセンコウジョウ",0
948,4011001117927,12,0,2026-10-09,2026-10-05,"アーネスト・ジョブ・リンク株式会社",,301,"東京都","板橋区","仲町２８番６号レジデンスアライ３０２号",,13,119,1730022,,,,,,,2017-08-22,1,,,,,"アーネストジョブリンク",0
949,4011001152833,12,0,2026-10-09,2026-09-14,"株式会社Ｏｕｖｅｒ",,301,"東京都","渋谷区","神南１丁目２３番１４号",,13,113,1500041,,,,,,,2023-03-24,1,,,,,"オーバー",0
950,4011001167121,12,0,2026-10-09,2026-10-06,"株式会社Ｌｉｎｋ",,301,"神奈川県","藤沢市","辻堂元町１丁目５番１１号",,14,205,2510043,,,,,,,2025-01-20,1,,,,,"リンク",0
951,4011001168656,12,0,2026-10-09,2026-09-14,"株式会社ＴｉｖｉＴｉ",,301,"東京都","渋谷区","神宮前６丁目２３番４号桑野ビル２Ｆ",,13,113,1500001,,,,,,,2025-04-01,1,,,,,"ティビティ",0
952,4011001174225,12,0,2026-10-09,2026-09-15,"株式会社ＰＯＲＴ　ＡＩ",,301,"東京都","渋谷区","渋谷２丁目２４番１２号渋谷スクランブルスクエア",,13,113,1500002,,,,,,,2025-12-12,1,,,,,"ポートエーアイ",0
953,4011001180859,01,0,2026-10-09,2026-10-09,"株式会社ＮＥＸＵＳ　Ｉｎｄｕｓｔｒｉｅｓ",,301,"東京都","渋谷区","道玄坂１丁目１０番８号",,13,113,1500043,,,,,,,2026-10-09,1,,,,,"ネクサスインダストリィズ",0
954,4011001180867,01,0,2026-10-09,2026-10-09,"株式会社ＴＡＢＡＹＡ　ＴＲＡＮＳＩＴ",,301,"東京都","渋谷区","神宮前３丁目２８番１号",,13,113,1500001,,,,,,,2026-10-09,1,,,,,"タバヤトランジット",0
955,4011001181015,01,0,2026-10-09,2026-10-09,"てんとう虫ホールディングス株式会社",,301,"東京都","渋谷区","松濤２丁目１番８号",,13,113,1500046,,,,,,,2026-10-09,1,,,,,"テントウムシホールディングス",0
956,4011001181064,01,0,2026-10-09,2026-10-09,"株式会社ＲＩＳＥ　Ｐａｒｔｎｅｒｓ",,301,"東京都","目黒区","青葉台３丁目１番１－７２３号",,13,110,1530042,,,,,,,2026-10-09,1,,,,,"ライズパートナーズ",0
957,4011003025517,01,0,2026-10-09,2026-10-09,"合同会社まわるワークス",,305,"東京都","渋谷区","道玄坂１丁目１０番８号渋谷道玄坂東急ビル２Ｆ－Ｃ",,13,113,1500043,,,,,,,2026-10-09,1,,,,,"マワルワークス",0
958,4011101057577,12,0,2026-10-09,2026-09-10,"株式会社パルシステム",,301,"東京都","新宿区","新宿１丁目２４番２号",,13,104,1600022,,,,,,,2015-10-05,1,,,,,"パルシステム",0
959,4011101108611,12,0,2026-10-09,2026-10-07,"株式会社Ｒｏｏｍ",,301,"東京都","渋谷区","千駄ヶ谷１丁目１０番６号Ｍｏｎ‐Ｒｅｐｏｓ２０２",,13,113,1510051,,,,,,,2024-08-30,1,,,,,"ルーム",0
960,4011101111375,12,0,2026-10-09,2026-10-06,"株式会社ＮＩＮＥ",,301,"千葉県","木更津市","羽鳥野６丁目１０番８号",,12,206,2920819,,,,,,,2025-04-16,1,,,,,"ナイン",0
961,4011101113710,12,0,2026-10-09,2026-09-15,"株式会社クリタス",,301,"東京都","新宿区","北新宿１丁目３３番１０号レ・シェーヌ新宿１０１",,13,104,1690074,,,,,,,2025-10-28,1,,,,,"クリタス",0
962,4011101117612,01,0,2026-10-09,2026-10-09,"株式会社ＩｎｄｕｓｔｒｙＸ",,301,"東京都","新宿区","西新宿３丁目３番１３号西新宿水間ビル２Ｆ",,13,104,1600023,,,,,,,2026-10-09,1,,,,,"インダストリーエックス",0
963,4011101117645,01,0,2026-10-09,2026-10-09,"株式会社ＶＩＶＯＬＵＴ",,301,"東京都","新宿区","西新宿３丁目３番１３号西新宿水間ビル２Ｆ",,13,104,1600023,,,,,,,2026-10-09,1,,,,,"ヴィボルト",0
964,4011101117686,01,0,2026-10-09,2026-10-09,"株式会社ＮＯＳｉＤＥ",,301,"東京都","新宿区","四谷２丁目２－１８ＶＯＲＴ四谷５階",,13,104,1600004,,,,,,,2026-10-09,1,,,,,"ノーサイド",0
965,4011102012597,21,0,2026-10-09,2026-10-01,"有限会社三安酒店",,302,"東京都","新宿区","市谷加賀町２丁目５番７号",,13,104,1620062,,,2026-10-01,01,,,2015-10-05,1,,,,,"サンヤスサケテン",0
966,4011103006920,21,0,2026-10-09,2026-10-06,"合同会社ロータスランド",,305,"東京都","新宿区","北新宿２丁目１５－５トレンドハウス",,13,104,1690074,,,2026-10-06,11,6010003023842,"令和８年１０月１日東京都大田区大森北６－２０－４ＯｈｍｏｒｉＡｐａｒｔｍｅｎｔ合同会社ちよう（6010003023842）に合併し解散",2017-03-21,1,,,,,"ロータスランド",0
967,4011103018065,01,0,2026-10-09,2026-10-09,"合同会社はるかぜ",,305,"東京都","新宿区","百人町２丁目１７番１２号マンション和光３０１",,13,104,1690073,,,,,,,2026-10-09,1,,,,,"ハルカゼ",0
968,4011103018073,01,0,2026-10-09,2026-10-09,"合同会社バラム",,305,"東京都","新宿区","四谷４丁目２１－８７トレス四谷１Ｆ",,13,104,1600004,,,,,,,2026-10-09,1,,,,,"バラム",0
969,4011301031869,01,0,2026-10-09,2026-10-09,"株式会社ＹＯＲＡ",,301,"東京都","杉並区","下高井戸４丁目２１番１０号",,13,115,1680073,,,,,,,2026-10-09,1,,,,,"ヨラ",0
970,4011401024252,11,0,2026-10-09,2026-10-05,"フロントマン株式会社",,301,"東京都","板橋区","高島平８丁目１４番３号",,13,119,1750082,,,,,,,2022-05-24,1,,,,,"フロントマン",0
971,4011501025530,12,0,2026-10-09,2026-10-06,"株式会社ＬａＰ",,301,"東京都","台東区","東上野４丁目１５番７号梅原ビル２階",,13,106,1100015,,,,,,,2020-01-28,1,,,,,"ラップ",0
972,4011501033797,01,0,2026-10-09,2026-10-09,"エスワールド株式会社",,301,"東京都","荒川区","東日暮里５丁目５２番２号神谷ビル４０８号室",,13,118,1160014,,,,,,,2026-10-09,1,,,,,"エスワールド",0
973,4011601007065,71,0,2026-10-09,2026-10-01,"ヤマト電機株式会社",,301,"東京都","練馬区","春日町２丁目１４番８号",,13,120,1790074,,,,,,"令和８年１０月１日名古屋市緑区四本木６１８番地ムサシ電機株式会社（6180001113538）を合併",2015-10-05,1,,,,,"ヤマトデンキ",0
974,4011601007536,01,1,2026-10-09,2015-10-05,"和豊工業株式会社",,301,"埼玉県","入間郡三芳町","大字北永井５０番地２",,11,324,3540044,,,,,,,2015-10-05,1,,,,,"カズトヨコウギョウ",0
975,4011701012056,01,1,2026-10-09,2015-10-05,"株式会社ヤハギ環境",,301,"東京都","江戸川区","南葛西２丁目１８番７号",,13,123,1340085,,,,,,,2015-10-05,1,,,,,"ヤハギカンキョウ",0
976,4011701029810,01,0,2026-10-09,2026-10-09,"株式会社Ｍネクスト",,301,"東京都","江戸川区","東葛西９丁目３番１４－２０３号",,13,123,1340084,,,,,,,2026-10-09,1,,,,,"エムネクスト",0
977,4011801000101,12,0,2026-10-09,2026-10-05,"株式会社アオバヤ",,301,"宮城県","富谷市","明石台６丁目１番地２２",,04,216,9813332,,,,,,,2015-10-05,1,,,,,"アオバヤ",0
978,4011801040089,12,0,2026-10-09,2026-10-06,"株式会社ＴＥＲＲＡＣＥ",,301,"東京都","港区","北青山１丁目３番１号アールキューブ青山３階",,13,103,1070061,,,,,,,2021-12-21,1,,,,,"テラス",0
979,4011803005809,12,0,2026-10-09,2026-10-05,"合同会社ベルテ",,305,"千葉県","流山市","宮園３丁目１０番地の１９",,12,220,2700155,,,,,,,2023-09-04,1,,,,,"ベルテ",0
980,4011803007664,01,0,2026-10-09,2026-10-09,"合同会社北辰地所",,305,"東京都","足立区","東和１丁目２７番７－３０２号ヴィレヂ・ハピネス－８",,13,121,1200003,,,,,,,2026-10-09,1,,,,,"ホクシンジショ",0
981,4012301006027,01,1,2026-10-09,2015-10-05,"株式会社ジャイア",,301,"東京都","町田市","金森４２７－５",,13,209,1940012,,,,,,,2015-10-05,0,,,,,"ジャイア",0
982,4012301006027,12,1,2026-10-09,2017-11-09,"株式会社ジャイア",,301,"東京都","町田市","金森２丁目１２番６号",,13,209,1940012,,,,,,,2015-10-05,1,,,,,"ジャイア",0
983,4012401002479,12,0,2026-10-09,2026-10-07,"日精産業株式会社",,301,"東京都","青梅市","新町６丁目１９番２",,13,205,1980024,,,,,,,2015-10-05,1,,,,,"ニッセイサンギョウ",0
984,4012402015562,12,0,2026-10-09,2026-10-07,"有限会社シャイニング",,302,"東京都","小平市","学園西町１丁目９番１７号",,13,211,1870045,,,,,,,2015-10-05,1,,,,,"シャイニング",0
985,4012405004868,11,0,2026-10-09,2026-09-24,"一般社団法人ミライヘ",,399,"東京都","稲城市","矢野口１５６番地の３",,13,225,2060812,,,,,,,2023-06-07,1,,,,,"ミライエ",0
986,4012701019669,01,0,2026-10-09,2026-10-09,"株式会社ルミナス",,301,"東京都","小平市","花小金井１丁目４番１１号",,13,211,1870002,,,,,,,2026-10-09,1,,,,,"ルミナス",0
987,4012702013159,21,0,2026-10-09,2026-10-01,"有限会社西東京自動車",,302,"東京都","西東京市","保谷町５丁目１７番２号",,13,229,2020015,,,2026-10-01,01,,,2015-10-05,1,,,,,"ニシトウキョウジドウシャ",0
988,4012801022655,12,0,2026-10-09,2026-10-07,"株式会社Ｅｎｔａｃ",,301,"東京都","武蔵野市","吉祥寺本町３丁目８番２０号",,13,203,1800004,,,,,,,2023-10-02,1,,,,,"エンタック",0
989,4013301034728,01,1,2026-10-09,2015-10-05,"株式会社レヴァントリ",,301,"東京都","豊島区","駒込６丁目１２番１４号",,13,116,1700003,,,,,,,2015-10-05,1,,,,,"レヴァントリ",0
990,4013301039611,01,1,2026-10-09,2016-10-31,"株式会社アイカワ",,301,"東京都","豊島区","南大塚２丁目１４番５号",,13,116,1700005,,,,,,,2016-10-31,1,,,,,"アイカワ",0
991,4013301045535,01,1,2026-10-09,2020-04-21,"株式会社ビーリンク",,301,"東京都","豊島区","池袋２丁目４７番３号",,13,116,1710014,,,,,,,2020-04-21,0,,,,,,0
992,4013301045535,12,1,2026-10-09,2025-03-03,"株式会社ビーリンク",,301,"東京都","豊島区","東池袋３丁目２１番１４号",,13,116,1700013,,,,,,,2020-04-21,1,,,,,,0
993,4013301051632,01,1,2026-10-09,2023-11-16,"ｘＴｏｍ　Ｊａｐａｎ株式会社",,301,"東京都","豊島区","巣鴨１丁目１７番３－子野ビル２０３号",,13,116,1700002,,,,,,,2023-11-16,0,"xTom Japan Corporation",,,,"エックストムジャパン",0
994,4013301051632,12,1,2026-10-09,2024-09-11,"ｘＴｏｍ　Ｊａｐａｎ株式会社",,301,"東京都","港区","西新橋２丁目８番６号住友不動産日比谷ビル１階",,13,103,1050003,,,,,,,2023-11-16,0,"xTom Japan Corporation","Tokyo","2-8-6, Nishishimbashi, Sumitomo Fudousan Hibiya Building 1F, Minato ku",,"エックストムジャパン",0
995,4013301051632,12,1,2026-10-09,2026-07-08,"ｘＴｏｍ　Ｊａｐａｎ株式会社",,301,"東京都","港区","虎ノ門１丁目１７番１号虎ノ門ヒルズビジネスタワー１５階",,13,103,1050001,,,,,,,2023-11-16,1,"xTom Japan Corporation","Tokyo","1-17-1, Toranomon, Minato ku",,"エックストムジャパン",0
996,4020001031352,01,1,2026-10-09,2015-10-05,"株式会社エスネット",,301,"神奈川県","海老名市","国分北１丁目２８番２７号",,14,215,2430406,,,,,,,2015-10-05,0,,,,,"エスネット",0
997,4020001031352,12,1,2026-10-09,2016-11-10,"株式会社エスネット",,301,"神奈川県","横浜市金沢区","釜利谷東２丁目１５番１３号",,14,108,2360042,,,,,,,2015-10-05,1,,,,,"エスネット",0
998,4020001117399,01,1,2026-10-09,2016-08-10,"株式会社くるみ",,301,"神奈川県","横浜市都筑区","仲町台１丁目２番２３－５０６号",,14,118,2240041,,,,,,,2016-08-10,0,,,,,"クルミ",0
999,4020001117399,12,1,2026-10-09,2017-10-02,"株式会社くるみ",,301,"神奈川県","横浜市都筑区","仲町台１丁目３３番２１－５０１号",,14,118,2240041,,,,,,,2016-08-10,1,,,,,"クルミ",0
1000,4020001158658,12,0,2026-10-09,2026-09-24,"ＯＵＴＲＵＳＨ株式会社",,301,"神奈川県","横浜市神奈川区","入江２丁目１９番１１号－２０１",,14,102,2210014,,,,,,,2024-08-26,1,,,,,"アウトラッシュ",0
1001,4020001170704,01,0,2026-10-09,2026-10-09,"株式会社クレヴェスタ",,301,"神奈川県","川崎市多摩区","西生田４丁目３番２９号マイタウン西生田２０３号",,14,135,2140037,,,,,,,2026-10-09,1,,,,,"クレヴェスタ",0
1002,4020002064285,21,0,2026-10-09,2026-09-25,"有限会社かっぱハウス",,302,"神奈川県","川崎市宮前区","鷺沼１丁目１７番８ハイツ鷺沼Ｂ１",,14,136,2160004,,,2026-09-25,01,,,2015-10-05,1,,,,,"カッパハウス",0
1003,4020005005162,12,0,2026-10-09,2026-10-06,"特定非営利活動法人線維筋痛症友の会",,399,"北海道","札幌市中央区","南四条西１０丁目１０１０番地１",,01,101,0640804,,,,,,,2015-10-05,1,,,,,"センイキンツウショウトモノカイ",0
1004,4020005012737,01,1,2026-10-09,2016-08-12,"特定非営利活動法人大門はまっ子クラブ",,399,"神奈川県","横浜市瀬谷区","本郷３丁目１番地の９",,14,114,2460015,,,,,,,2016-08-12,1,,,,,"ダイモンハマッコクラブ",0
1005,4021001053139,11,0,2026-10-09,2026-10-05,"株式会社ＴＯＫＹＯ　Ｒ＆Ｄ　ＰＬＵＳ",,301,"神奈川県","厚木市","愛甲東１丁目２５番１２号",,14,212,2430027,,,,,,,2015-10-05,1,,,,,"トウキョウアールアンドデープラス",0
1006,4021001060052,01,1,2026-10-09,2016-08-15,"株式会社中川建設",,301,"神奈川県","相模原市中央区","田名１５５４番地５",,14,152,2520244,,,,,,,2016-08-15,1,,,,,"ナカガワケンセツ",0
1007,4021001089331,01,0,2026-10-09,2026-10-09,"株式会社ステイゲート",,301,"神奈川県","足柄下郡箱根町","湯本７８番地の１０",,14,382,2500311,,,,,,,2026-10-09,1,,,,,"ステイゲート",0
1008,4021001089348,01,0,2026-10-09,2026-10-09,"株式会社Ｖａｌｕｅ",,301,"神奈川県","鎌倉市","七里ガ浜東４丁目１０番９号",,14,204,2480025,,,,,,,2026-10-09,1,,,,,"バリュー",0
1009,4021002020484,01,1,2026-10-09,2015-10-05,"有限会社三凱",,302,"神奈川県","相模原市南区","相模台７丁目１７番１２号",,14,153,2520321,,,,,,,2015-10-05,0,,,,,"サンガイ",0
1010,4021002020484,12,1,2026-10-09,2026-09-18,"有限会社三凱",,302,"神奈川県","相模原市緑区","橋本２丁目１８番１４号ＤＲＡＧＯＮ橋本六番館３０５号室",,14,151,2520143,,,,,,,2015-10-05,1,,,,,"サンガイ",0
1011,4021005006877,21,0,2026-10-09,2026-10-01,"かながわ酪農業協同組合",,399,"神奈川県","平塚市","めぐみが丘１丁目１番２９号",,14,203,2591220,,,2026-10-01,01,,,2015-10-05,1,,,,,"カナガワラク",0
1012,4021005013709,01,0,2026-10-09,2026-10-09,"西敬寺",,399,"神奈川県","鎌倉市","西鎌倉３丁目１１番４０号",,14,204,2480035,,,,,,,2026-10-09,1,,,,,,0
1013,4030001067560,12,0,2026-10-09,2026-09-24,"株式会社アレックス",,301,"埼玉県","越谷市","赤山本町８番地１０レクセル越谷３０７号",,11,222,3430808,,,,,,,2015-10-05,1,,,,,"アレックス",0
1014,4030001089613,01,1,2026-10-09,2015-10-05,"株式会社カトウ企画",,301,"埼玉県","飯能市","仲町９番３号",,11,209,3570038,,,,,,,2015-10-05,1,,,,,"カトウキカク",0
1015,4030001174563,01,0,2026-10-09,2026-10-09,"株式会社Ｓｏｕｒｉｒｅ　ｄｅ　Ｂｌｅ",,301,"埼玉県","上尾市","宮本町６番３",,11,219,3620036,,,,,,,2026-10-09,1,,,,,"スリールドゥブレ",0
1016,4030003027975,12,0,2026-10-09,2026-09-10,"合同会社ｃｏｏｒｄｙ",,305,"東京都","新宿区","高田馬場２丁目１７番３号",,13,104,1690075,,,,,,,2025-10-29,1,,,,,"コーディ",0
1017,4030003030070,01,0,2026-10-09,2026-10-09,"ＰＵＲＥクロス合同会社",,305,"埼玉県","鴻巣市","堤町一丁目６号",,11,217,3650056,,,,,,,2026-10-09,1,,,,,"ピュアクロス",0
1018,4030005022652,01,0,2026-10-09,2026-10-09,"税理士法人ＮＫ会計",,399,"埼玉県","蕨市","塚越５丁目４４番１８号",,11,223,3350002,,,,,,,2026-10-09,1,,,,,"エヌケイカイケイ",0
1019,4040001005338,01,1,2026-10-09,2015-10-05,"東部燃料株式会社",,301,"千葉県","千葉市緑区","越智町８７５番地",,12,105,2670055,,,,,,,2015-10-05,1,,,,,"トウブネンリョウ",0
1020,4040001145588,01,0,2026-10-09,2026-10-09,"株式会社ＫＬＯＳＴＩ",,301,"千葉県","千葉市稲毛区","園生町２３９番地１３",,12,103,2630051,,,,,,,2026-10-09,1,,,,,"クロスティ",0
1021,4040001145596,01,0,2026-10-09,2026-10-09,"株式会社松ノ木",,301,"千葉県","柏市","酒井根４丁目２番１号",,12,217,2770053,,,,,,,2026-10-09,1,,,,,"マツノキ",0
1022,4040001145605,01,0,2026-10-09,2026-10-09,"ＯＨＫＡウェルビーイング株式会社",,301,"千葉県","松戸市","常盤平西窪町５番地の２０",,12,207,2702266,,,,,,,2026-10-09,1,,,,,"オウカウェルビーイング",0
1023,4040002002391,21,0,2026-10-09,2026-09-14,"有限会社小笠原工務店",,302,"千葉県","千葉市若葉区","みつわ台３丁目１番７棟４０６号",,12,104,2640032,,,2026-09-14,01,,,2015-10-05,1,,,,,"オガサワラコウムテン",0
1024,4040002017712,21,0,2026-10-09,2026-09-14,"有限会社レインボー",,302,"千葉県","千葉市花見川区","天戸町１２８４番地２",,12,102,2620043,,,2026-09-14,01,,,2015-10-05,1,,,,,"レインボー",0
1025,4040002025574,01,1,2026-10-09,2015-10-05,"有限会社三笠商会",,302,"千葉県","船橋市","飯山満町２丁目６３６番地３１",,12,204,2740822,,,,,,,2015-10-05,1,,,,,"ミカサショウカイ",0
1026,4040002076758,01,1,2026-10-09,2015-10-05,"阿部配管興業有限会社",,302,"千葉県","市原市","藤井３丁目２６２番地",,12,219,2900012,,,,,,,2015-10-05,1,,,,,"アベハイカンコウギョウ",0
1027,4050002032355,21,0,2026-10-09,2026-09-30,"有限会社環境エンジニアリング",,302,"茨城県","北茨城市","華川町中妻５３４番地の１",,08,215,3191536,,,2026-09-30,01,,,2015-10-05,1,,,,,"カンキョウエンジニアリング",0
1028,4060002021555,12,0,2026-10-09,2026-10-02,"株式会社パワーブレーン",,301,"栃木県","宇都宮市","東簗瀬１丁目３番地２１",,09,201,3210925,,,,,,,2015-10-05,1,,,,,"パワーブレーン",0
1029,4060003006258,01,0,2026-10-09,2026-10-09,"ＲＡＭＥＥＲ合同会社",,305,"栃木県","小山市","東城南１丁目１０番地２２メープルハウス１０１号",,09,208,3230829,,,,,,,2026-10-09,1,,,,,"ラミール",0
1030,4070001037527,21,0,2026-10-09,2026-10-01,"株式会社いわびつファーム",,301,"群馬県","吾妻郡東吾妻町","大字三島３４２６番地",,10,429,3770813,,,2026-10-01,01,,,2020-12-25,1,,,,,"イワビツファーム",0
1031,4070001044572,01,0,2026-10-09,2026-10-09,"株式会社イレブン",,301,"群馬県","太田市","中根町２４番地５",,10,205,3730846,,,,,,,2026-10-09,1,,,,,"イレブン",0
1032,4070002036817,01,1,2026-10-09,2015-10-05,"有限会社鱒谷養魚場",,302,"群馬県","吾妻郡嬬恋村","大字田代１２３３番地",,10,425,3771614,,,,,,,2015-10-05,1,,,,,"マスヤヨウギョジョウ",0
1033,4070003006331,01,1,2026-10-09,2026-03-11,"合同会社ＫＡＮＮＡ",,305,"群馬県","多野郡神流町","大字小平６３８番地",,10,367,3701513,,,,,,,2026-03-11,1,,,,,"カンナ",0
1034,4080002017048,21,0,2026-10-09,2026-10-02,"有限会社一福青運",,302,"静岡県","焼津市","上泉１３２５番地の１",,22,212,4210217,,,2026-10-02,01,,,2015-10-05,1,,,,,"イチフクセイウン",0
1035,4080101008757,01,1,2026-10-09,2015-10-05,"株式会社ｍｙ",,301,"静岡県","富士市","鷹岡本町８番２３号",,22,210,4190203,,,,,,,2015-10-05,0,,,,,"エムワイ",0
1036,4080101008757,12,1,2026-10-09,2026-10-01,"株式会社ｍｙ",,301,"静岡県","富士市","久沢４７７番地の１",,22,210,4190202,,,,,,,2015-10-05,1,,,,,"エムワイ",0
1037,4080101015407,12,0,2026-10-09,2026-10-07,"京葉物産株式会社",,301,"東京都","江戸川区","船堀３丁目８番１－１０１３号",,13,123,1340091,,,,,,,2015-10-05,1,,,,,"ケイヨウブッサン",0
1038,4080102000804,11,0,2026-10-09,2026-10-01,"株式会社オビガネ",,301,"静岡県","沼津市","井出４５９番地",,22,203,4100319,,,,,,,2015-10-05,1,,,,,"オビガネ",0
1039,4080102002874,21,0,2026-10-09,2026-10-01,"有限会社萩原工務所",,302,"静岡県","沼津市","吉田町９番１５号",,22,203,4100836,,,2026-10-01,01,,,2015-10-05,1,,,,,"ハギワラコウムショ",0
1040,4080102008005,01,1,2026-10-09,2015-10-05,"有限会社磯商事",,302,"静岡県","伊豆市","柏久保５５０番地の１",,22,222,4102407,,,,,,,2015-10-05,1,,,,,"イソショウジ",0
1041,4080103000794,11,0,2026-10-09,2026-09-25,"合同会社渡辺製材所",,305,"静岡県","富士宮市","小泉４６－１",,22,207,4180022,,,,,,,2015-10-05,1,,,,,"ワタナベセイザイショ",0
1042,4080105000280,01,1,2026-10-09,2015-10-05,"永明寺",,399,"静岡県","沼津市","幸町４５番地",,22,203,4100862,,,,,,,2015-10-05,1,,,,,"ヨウメイジ",0
1043,4090001004962,01,1,2026-10-09,2015-10-05,"店舗トラスト株式会社",,301,"山梨県","南アルプス市","上野４２５番地",,19,208,4000315,,,,,,,2015-10-05,1,,,,,"テンポトラスト",0
1044,4100001017830,01,1,2026-10-09,2015-10-05,"八幡工業株式会社",,301,"長野県","木曽郡木曽町","日義２２５６番地１",,20,432,3996101,,,,,,,2015-10-05,1,,,,,"ハチマンコウギョウ",0
1045,4100003008984,01,0,2026-10-09,2026-10-09,"アクア合同会社",,305,"長野県","松本市","北深志３丁目４番４号",,20,202,3900872,,,,,,,2026-10-09,1,,,,,"アクア",0
1046,4100003008992,01,0,2026-10-09,2026-10-09,"ヤナギサワファーム合同会社",,305,"長野県","上田市","中央６丁目１７番２４号",,20,203,3860012,,,,,,,2026-10-09,1,,,,,"ヤナギサワファーム",0
1047,4100005005352,01,1,2026-10-09,2015-10-05,"浄清寺",,399,"長野県","中野市","大字岩船１９４番地",,20,211,3830041,,,,,,,2015-10-05,1,,,,,"ジョウセイジ",0
1048,4110002011138,01,1,2026-10-09,2015-10-05,"有限会社田中土木",,302,"新潟県","新潟市西蒲区","西中８３８番地",,15,108,9530132,,,,,,,2015-10-05,1,,,,,"タナカドボク",0
1049,4120001084893,01,1,2026-10-09,2015-10-05,"株式会社デイリー・プラネット",,301,"大阪府","大阪市中央区","心斎橋筋２丁目３番２２号",,27,128,5420085,,,,,,,2015-10-05,1,,,,,"デイリープラネット",0
1050,4120001126381,11,0,2026-10-09,2026-10-01,"片山ケミテック株式会社",,301,"大阪府","大阪市東淀川区","東淡路１丁目６番７号",,27,114,5330023,,,,,,,2015-10-05,1,,,,,"カタヤマケミテック",0
1051,4120001133808,21,0,2026-10-09,2026-10-02,"株式会社関即サービス",,301,"大阪府","大阪市北区","西天満５丁目６番５号",,27,127,5300047,,,2026-10-02,11,2120001062579,"令和８年１０月１日大阪市北区西天満五丁目６番５号株式会社かんそく（2120001062579）に合併し解散",2015-10-05,1,,,,,"カンソクサービス",0
1052,4120001135721,11,0,2026-10-09,2026-10-01,"進和エコシステム株式会社",,301,"大阪府","吹田市","千里丘下１１番２０号",,27,205,5650813,,,,,,,2015-10-05,0,,,,,"シンワエコシステム",0
1053,4120001135721,71,0,2026-10-09,2026-10-01,"進和エコシステム株式会社",,301,"大阪府","吹田市","千里丘下１１番２０号",,27,205,5650813,,,,,,"令和８年９月３０日大阪府吹田市千里丘下１１番２０号株式会社エコ浄化システム（4120902022324）を合併",2015-10-05,1,,,,,"シンワエコシステム",0
1054,4120001200104,01,1,2026-10-09,2016-08-15,"株式会社ここにいた西日本",,301,"大阪府","大阪市北区","梅田１丁目３番１号大阪駅前第一ビル地下１階",,27,127,5300001,,,,,,,2016-08-15,1,,,,,"ココニイタニシニホン",0
1055,4120001205433,01,1,2026-10-09,2017-05-09,"株式会社片岡工業",,301,"大阪府","大阪市港区","南市岡２丁目３番２７号",,27,107,5520011,,,,,,,2017-05-09,1,,,,,"カタオカコウギョウ",0
1056,4120001252574,21,0,2026-10-09,2026-10-05,"事成株式会社",,301,"大阪府","大阪市中央区","松屋町９－２０ローレルステート松屋町４０９Ａ",,27,128,5420067,,,2026-10-05,01,,,2023-03-02,1,,,,,"ジセイ",0
1057,4120001263357,12,0,2026-10-09,2026-10-06,"ラーテル都市開発株式会社",,301,"兵庫県","神戸市垂水区","塩屋町５丁目１５番８号ブルーハイツ塩屋１０６号",,28,108,6550872,,,,,,,2024-03-25,1,,,,,"ラーテルトシカイハツ",0
1058,4120001264256,21,0,2026-10-09,2026-10-01,"株式会社ＡＥＬＬ",,301,"大阪府","交野市","私部西１丁目４３番２－１０３号",,27,230,5760041,,,2026-10-01,01,,,2024-04-22,1,,,,,"アエル",0
1059,4120001277299,12,0,2026-10-09,2026-09-30,"峰力株式会社",,301,"大阪府","大阪市天王寺区","真法院町１７－２８号２階",,27,109,5430041,,,,,,,2025-07-02,1,,,,,"フォナック",0
1060,4120001279378,12,0,2026-10-09,2026-10-01,"ＭＢＨライフ株式会社",,301,"大阪府","大阪市淀川区","十三東１丁目２０番１８号ネオハイツ新淀川９１２号",,27,123,5320023,,,,,,,2025-09-10,1,,,,,"エムビーエイチライフ",0
1061,4120001280360,12,0,2026-10-09,2026-10-01,"ＰＨＯＮＧ　ＨＵＮＧ　ＧＲＯＵＰ株式会社",,301,"大阪府","大阪市西成区","山王２丁目９－１９光ハイツ１０２",,27,122,5570001,,,,,,,2025-09-26,1,,,,,"フォンフングループ",0
1062,4120001289484,01,0,2026-10-09,2026-10-09,"起寅株式会社",,301,"大阪府","大阪市西成区","天下茶屋３丁目２８－２１",,27,122,5570014,,,,,,,2026-10-09,1,,,,,"キトラ",0
1063,4120001289542,01,0,2026-10-09,2026-10-09,"株式会社ＳＴＣ＆パートナーズ",,301,"大阪府","大阪市北区","梅田１丁目２番２号大阪駅前第２ビル１２－１２",,27,127,5300001,,,,,,,2026-10-09,1,,,,,"エスティーシーアンドパートナーズ",0
1064,4120001289575,01,0,2026-10-09,2026-10-09,"株式会社ＹＦエステート",,301,"大阪府","寝屋川市","木田町４番１８号",,27,215,5720836,,,,,,,2026-10-09,1,,,,,"ワイエフエステート",0
1065,4120001289583,01,0,2026-10-09,2026-10-09,"リファースト株式会社",,301,"大阪府","大阪市北区","梅田１丁目２番２号大阪駅前第２ビル１１－８",,27,127,5300001,,,,,,,2026-10-09,1,,,,,"リファースト",0
1066,4120002053930,12,0,2026-10-09,2026-09-25,"有限会社南商事",,302,"大阪府","大阪市此花区","伝法２丁目１１番２１号",,27,104,5540002,,,,,,,2015-10-05,0,,,,,"ミナミショウジ",0
1067,4120002053930,11,0,2026-10-09,2026-09-25,"有限会社ＴＡＫＥ",,302,"大阪府","大阪市此花区","伝法２丁目１１番２１号",,27,104,5540002,,,,,,,2015-10-05,1,,,,,"テイク",0
1068,4120002065538,01,1,2026-10-09,2015-10-05,"有限会社Ｔｗｏ　Ｖｉｌｌａｇｅ",,302,"大阪府","箕面市","小野原西５丁目１２番５号",,27,220,5620032,,,,,,,2015-10-05,1,,,,,,0
1069,4120002066890,01,1,2026-10-09,2015-10-05,"有限会社報栄物流",,302,"大阪府","大阪市城東区","関目３丁目１２番９号",,27,118,5360008,,,,,,,2015-10-05,1,,,,,"ホウエイブツリュウ",0
1070,4120003030441,21,0,2026-10-09,2026-10-01,"ＬＡＭ　ＨＩＥＮ　ＪＡＰＡＮ合同会社",,305,"大阪府","大阪市生野区","新今里１丁目１１番８－３０２号",,27,116,5440001,,,2026-10-01,01,,,2025-09-03,1,,,,,"ラムヒエンジャパン",0
1071,4120003033601,01,0,2026-10-09,2026-10-09,"合同会社ＴＷＯＦＯＵＲ",,305,"大阪府","大阪市北区","堂島２丁目１番２５号堂島アーバンライフ８１０",,27,127,5300003,,,,,,,2026-10-09,1,,,,,"トゥーフォー",0
1072,4120101038320,01,1,2026-10-09,2015-10-05,"中筋紡績株式会社",,301,"大阪府","貝塚市","堤２７４番地",,27,208,5970054,,,,,,,2015-10-05,1,,,,,"ナカスジボウセキ",0
1073,4120101074497,01,0,2026-10-09,2026-10-09,"高橋商事株式会社",,301,"大阪府","大阪狭山市","東茱萸木１丁目６１３番地８",,27,231,5890012,,,,,,,2026-10-09,1,,,,,"タカハシショウジ",0
1074,4120102020467,12,0,2026-10-09,2026-10-07,"有限会社パレットケア",,302,"兵庫県","宝塚市","武庫川町６番２６－１４０７号",,28,214,6650844,,,,,,,2015-10-05,1,,,,,"パレットケア",0
1075,4120103004782,01,1,2026-10-09,2022-07-21,"中園通商合同会社",,305,"大阪府","堺市中区","深井沢町３２６３－２０１号",,27,142,5998236,,,,,,,2022-07-21,0,,,,,"チュウエンツウショウ",0
1076,4120103004782,12,1,2026-10-09,2023-01-27,"中園通商合同会社",,305,"千葉県","市原市","立野３００－９",,12,219,2990121,,,,,,,2022-07-21,1,,,,,"チュウエンツウショウ",0
1077,4120901053279,01,0,2026-10-09,2026-10-09,"ＰｉｓｃａＣｒｅａｔｅ株式会社",,301,"大阪府","茨木市","双葉町１０－１茨木東阪急ビル４Ｆ",,27,211,5670829,,,,,,,2026-10-09,1,,,,,"ピスカクリエイト",0
1078,4120902022324,21,0,2026-10-09,2026-10-01,"株式会社エコ浄化システム",,301,"大阪府","吹田市","千里丘下１１番２０号",,27,205,5650813,,,2026-10-01,11,4120001135721,"令和８年９月３０日大阪府吹田市千里丘下１１番２０号株式会社進和コーポレーション（4120001135721）に合併し解散",2015-10-05,1,,,,,"エコジョウカシステム",0
1079,4130001013182,21,0,2026-10-09,2026-09-25,"株式会社エースデザイン",,301,"京都府","京都市中京区","丸太町通小川西入横鍛治町１００番地石田大成社ビル",,26,104,6040000,,,2026-09-25,01,,,2015-10-05,1,,,,,"エースデザイン",0
1080,4130001023842,01,1,2026-10-09,2015-10-05,"株式会社アークス・コーポレーション",,301,"京都府","京都市伏見区","羽束師菱川町３番地５",,26,109,6128487,,,,,,,2015-10-05,0,,,,,"アークスコーポレーション",0
1081,4130001023842,12,1,2026-10-09,2022-11-01,"株式会社アークス・コーポレーション",,301,"京都府","長岡京市","今里三ノ坪３－１",,26,209,6170814,,,,,,,2015-10-05,0,,,,,"アークスコーポレーション",0
1082,4130001023842,11,1,2026-10-09,2025-05-20,"株式会社アークスコーポレーション",,301,"京都府","長岡京市","今里三ノ坪３－１",,26,209,6170814,,,,,,,2015-10-05,1,,,,,,0
1083,4130001048294,12,0,2026-10-09,2026-10-06,"株式会社Ｇａｌａｘｙ　Ｒｉｄｅｒｓ",,301,"東京都","中央区","日本橋室町４丁目６番２号",,13,102,1030022,,,,,,,2015-10-05,1,,,,,"ギャラクシーライダーズ",0
1084,4130001058054,01,1,2026-10-09,2016-08-08,"株式会社Ｌ＆Ｐ",,301,"京都府","京都市伏見区","向島津田町１０１番地の１第３長栄マンション２０１号室",,26,109,6128154,,,,,,,2016-08-08,0,,,,,,0
1085,4130001058054,12,1,2026-10-09,2022-11-02,"株式会社Ｌ＆Ｐ",,301,"京都府","京都市伏見区","向島中島町５２番地",,26,109,6128113,,,,,,,2016-08-08,1,,,,,,0
1086,4130001083151,01,0,2026-10-09,2026-10-09,"株式会社Ｈｉ　Ｗｏｒｋｓ",,301,"京都府","京都市伏見区","深草兜山町６２番地１",,26,109,6120826,,,,,,,2026-10-09,1,,,,,"ハイワークス",0
1087,4140001014312,12,0,2026-10-09,2026-09-30,"湊川酒類販売株式会社",,301,"兵庫県","神戸市中央区","港島中町６丁目１４番地ポートピアプラザＤ棟６０１号",,28,110,6500046,,,,,,,2015-10-05,1,,,,,"ミナトガワシュルイハンバイ",0
1088,4140001057229,12,0,2026-10-09,2026-10-01,"オルソプロス・メディカル株式会社",,301,"大阪府","大阪市中央区","本町３丁目１番１０号ＰＭＯＥＸ本町９階",,27,128,5410053,,,,,,,2015-10-05,1,,,,,"オルソプロスメディカル",0
1089,4140001102843,01,1,2026-10-09,2016-07-27,"ユニバルーン株式会社",,301,"兵庫県","神戸市中央区","御幸通８丁目１番６号",,28,110,6510087,,,,,,,2016-07-27,1,,,,,"ユニバルーン",0
1090,4140001144200,01,0,2026-10-09,2026-10-09,"株式会社ｌｉｔｔｌｅ　ＢｅＢｅ",,301,"兵庫県","姫路市","木場前七反町３９番地",,28,201,6728019,,,,,,,2026-10-09,1,,,,,"リトルベベ",0
1091,4140001144209,01,0,2026-10-09,2026-10-09,"株式会社縁慶工業",,301,"兵庫県","姫路市","勝原区宮田１４７番地１０",,28,201,6711213,,,,,,,2026-10-09,1,,,,,"エンケイコウギョウ",0
1092,4140001144217,01,0,2026-10-09,2026-10-09,"株式会社２ＮＤ",,301,"兵庫県","加古川市","野口町二屋３６３番地の７クリスタルビル１Ｆ",,28,210,6750013,,,,,,,2026-10-09,1,,,,,"セカンド",0
1093,4140001144241,01,0,2026-10-09,2026-10-09,"神戸三田牧場株式会社",,301,"兵庫県","三田市","三田町８番４３号",,28,219,6691533,,,,,,,2026-10-09,1,,,,,"コウベサンダボクジョウ",0
1094,4140001144258,01,0,2026-10-09,2026-10-09,"リヨンフーズ株式会社",,301,"兵庫県","姫路市","飾磨区高町２丁目３０５番地１",,28,201,6728081,,,,,,,2026-10-09,1,,,,,"リヨンフーズ",0
1095,4140001144299,01,0,2026-10-09,2026-10-09,"株式会社エアライフ",,301,"兵庫県","姫路市","城北新町１丁目２番２９号",,28,201,6700883,,,,,,,2026-10-09,1,,,,,"エアライフ",0
1096,4140003007958,12,0,2026-10-09,2026-10-02,"合同会社レーブ",,305,"兵庫県","姫路市","伊伝居２２番地６－３０１",,28,201,6700871,,,,,,,2015-10-05,1,,,,,"レーブ",0
1097,4140003012603,12,0,2026-10-09,2026-10-06,"ひらむら合同会社",,305,"東京都","千代田区","神田神保町３丁目１１番６号",,13,101,1010051,,,,,,,2017-12-01,1,,,,,"ヒラムラ",0
1098,4140003015647,12,0,2026-10-09,2026-10-08,"Ａｖａｎｔａｇｅ合同会社",,305,"鹿児島県","鹿児島市","上荒田町２－２３－９０１号",,46,201,8900055,,,,,,,2020-12-03,1,,,,,"アバンタージュ",0
1099,4140003024152,01,0,2026-10-09,2026-10-09,"合同会社Ｓａｌｌｙ　Ｗｅａｖｅ",,305,"兵庫県","宝塚市","光ガ丘１丁目１７番２３号",,28,214,6650015,,,,,,,2026-10-09,1,,,,,"サリーウイーブ",0
1100,4140003024160,01,0,2026-10-09,2026-10-09,"合同会社ＹＯＬＬ",,305,"兵庫県","宝塚市","梅野町１番２－７０１号",,28,214,6650004,,,,,,,2026-10-09,1,,,,,"ヨル",0
1101,4140003024169,01,0,2026-10-09,2026-10-09,"合同会社プアＴＹ",,305,"兵庫県","加古川市","野口町長砂６７０番地の１",,28,210,6750016,,,,,,,2026-10-09,1,,,,,"プアティーワイ",0
1102,4140003024177,01,0,2026-10-09,2026-10-09,"合同会社ＤＣＴ",,305,"兵庫県","神戸市垂水区","歌敷山３丁目９番７号",,28,108,6550037,,,,,,,2026-10-09,1,,,,,"ディーシーティー",0
1103,4140005016354,21,0,2026-10-09,2026-10-02,"特定非営利活動法人西宮市マンション管理組合ネットワーク",,399,"兵庫県","西宮市","津門川町１２番７－２０３号",,28,204,6638233,,,2026-10-02,01,,,2015-10-05,1,,,,,"ニシノミヤシマンションカンリクミアイネットワーク",0
1104,4140005028085,01,0,2026-10-09,2026-10-09,"一般社団法人ＫＯＢＥ　Ｈｉｋｅｙ　Ｅｎｅｒｇｙ",,399,"兵庫県","神戸市中央区","江戸町１０４番地５階",,28,110,6500033,,,,,,,2026-10-09,1,,,,,"コウベハイキエナジー",0
1105,4160001026462,21,0,2026-10-09,2026-10-07,"株式会社Ａ＆Ｈ",,301,"滋賀県","大津市","朝日が丘１丁目４番１６号",,25,201,5200052,,,2026-10-07,01,,,2025-01-07,1,,,,,"エーアンドエイチ",0
1106,4160005008069,01,1,2026-10-09,2015-10-05,"イサム塗料労働組合",,399,"滋賀県","草津市","笠山８丁目２－１イサム塗料（株）滋賀工場内",00045148,25,206,5250072,,,,,,,2015-10-05,1,,,,,,0
1107,4170001017130,12,0,2026-10-09,2026-10-06,"株式会社アトレ",,301,"和歌山県","和歌山市","黒田１丁目１５番３０号",,30,201,6408341,,,,,,,2022-06-02,1,,,,,"アトレ",0
1108,4170001019291,01,0,2026-10-09,2026-10-09,"株式会社ＳｅｃｏｎｄＣｕｅ",,301,"和歌山県","和歌山市","榎原３３番地６",,30,201,6408434,,,,,,,2026-10-09,1,,,,,"セカンドキュー",0
1109,4170005003135,12,0,2026-10-09,2026-10-05,"一般社団法人那賀青年会議所",,399,"和歌山県","岩出市","宮７１番地の１",,30,209,6496226,,,,,,,2015-10-05,1,,,,,"ナガセイネンカイギショ",0
1110,4180001046194,01,1,2026-10-09,2015-10-05,"株式会社坂口製作所",,301,"愛知県","名古屋市守山区","幸心３丁目１３１８番地",,23,113,4630079,,,,,,,2015-10-05,1,,,,,"サカグチセイサクジョ",0
1111,4180001143834,12,0,2026-10-09,2026-10-01,"株式会社愛知ドリーム",,301,"愛知県","尾張旭市","大久手町一の曽２５番",,23,226,4880004,,,,,,,2020-12-07,1,,,,,"アイチドリーム",0
1112,4180001173848,01,0,2026-10-09,2026-10-09,"日本意匠株式会社",,301,"愛知県","名古屋市南区","堤起町２丁目７０",,23,112,4570825,,,,,,,2026-10-09,1,,,,,"ニホンイショウ",0
1113,4180001173880,01,0,2026-10-09,2026-10-09,"Ｊ‐ＭＡＧＮＥＴ株式会社",,301,"愛知県","知多郡美浜町","大字豊丘字北平井２番地４",,23,446,4702414,,,,,,,2026-10-09,1,,,,,"ジェイマグネット",0
1114,4180002084474,01,1,2026-10-09,2015-10-05,"有限会社竹平商事",,302,"愛知県","知多郡阿久比町","大字白沢字中野根２３番地",,23,441,4702201,,,,,,,2015-10-05,1,,,,,"タケヒラショウジ",0
1115,4180003030898,01,0,2026-10-09,2026-10-09,"合同会社ＦＲＯＮＴＬＩＮＥ",,305,"愛知県","名古屋市守山区","大字上志段味字東谷２０７９番地の８８",,23,113,4630001,,,,,,,2026-10-09,1,,,,,"フロントライン",0
1116,4180301015774,21,0,2026-10-09,2026-09-25,"株式会社信和",,301,"愛知県","高浜市","小池町２丁目１２番地３",,23,227,4441303,,,2026-09-25,01,,,2015-10-05,1,,,,,"シンワ",0
1117,4180301016608,12,0,2026-10-09,2026-10-06,"てんてんフードサービス株式会社",,301,"愛知県","知多郡阿久比町","大字矢高字平地２４番地１",,23,441,4702215,,,,,,,2015-10-05,1,,,,,"テンテンフードサービス",0
1118,4180301020601,12,0,2026-10-09,2026-09-28,"株式会社電気工事マルヤマ",,301,"愛知県","豊田市","高上２丁目３４番地１３",,23,211,4710013,,,,,,,2015-10-05,1,,,,,"デンキコウジマルヤマ",0
1119,4180301041399,01,0,2026-10-09,2026-10-09,"株式会社たまこ",,301,"愛知県","刈谷市","一ツ木町２丁目２６番地１８",,23,210,4480003,,,,,,,2026-10-09,1,,,,,"タマコ",0
1120,4190001020462,21,0,2026-10-09,2026-09-30,"ＤＲＡＮＣＫＲＡＺＹ株式会社",,301,"三重県","伊勢市","小俣町明野３０６番地１",,24,203,5190501,,,2026-09-30,01,,,2015-10-05,1,,,,,"ドランクレイジー",0
1121,4190001023548,21,0,2026-10-09,2026-10-02,"株式会社西村設備",,301,"三重県","津市","夢が丘２丁目１７番地５",,24,201,5140116,,,2026-10-02,01,,,2016-04-05,1,,,,,"ニシムラセツビ",0
1122,4190001025676,21,0,2026-10-09,2026-09-30,"株式会社むら木",,301,"三重県","四日市市","笹川５丁目１０番地１２",,24,202,5100944,,,2026-09-30,01,,,2018-07-05,1,,,,,"ムラキ",0
1123,4190001033497,01,0,2026-10-09,2026-10-09,"株式会社ヤマト",,301,"三重県","伊勢市","小俣町宮前６６８番地５",,24,203,5190504,,,,,,,2026-10-09,1,,,,,"ヤマト",0
1124,4200003007489,01,0,2026-10-09,2026-10-09,"合同会社ふじがき",,305,"岐阜県","各務原市","尾崎北町４丁目１４番地",,21,213,5040002,,,,,,,2026-10-09,1,,,,,"フジガキ",0
1125,4210001010948,01,1,2026-10-09,2015-10-05,"鳥浜酒造株式会社",,301,"福井県","三方上中郡若狭町","鳥浜５９号３０番地",,18,501,9191331,,,,,,,2015-10-05,1,,,,,"トリハマシュゾウ",0
1126,4220001000782,71,0,2026-10-09,2026-10-01,"アペックス株式会社",,301,"石川県","白山市","横江町５３５２番地",,17,210,9240011,,,,,,"令和８年１０月１日石川県白山市横江町５３５２番地株式会社アペックス（6220001000830）を合併",2015-10-05,1,,,,,"アペックス",0
1127,4220001027636,01,0,2026-10-09,2026-10-09,"株式会社歩容研究所",,301,"石川県","金沢市","尾張町１丁目３番６号",,17,201,9200902,,,,,,,2026-10-09,1,,,,,"フヨウケンキュウショ",0
1128,4230002011489,01,1,2026-10-09,2015-10-05,"有限会社田所建設工業",,302,"富山県","高岡市","中田３６７６番地の１",,16,202,9391275,,,,,,,2015-10-05,0,,,,,"タショケンセツコウギョウ",0
1129,4230002011489,21,0,2026-10-09,2026-09-25,"有限会社田所建設工業",,302,"富山県","高岡市","中田３６７６番地の１",,16,202,9391275,,,2026-09-25,01,,,2015-10-05,1,,,,,"タショケンセツコウギョウ",0
1130,4240001054819,21,0,2026-10-09,2026-10-01,"金航株式会社",,301,"広島県","広島市西区","三篠町１丁目６番５号",,34,104,7330003,,,2026-10-01,01,,,2019-08-19,1,,,,,"キンコウ",0
1131,4240001058167,12,0,2026-10-09,2026-10-01,"堀内工業株式会社",,301,"広島県","広島市安佐北区","倉掛２丁目２９番２２号",,34,106,7391743,,,,,,,2021-06-25,1,,,,,"ホリウチコウギョウ",0
1132,4240002027798,01,1,2026-10-09,2015-10-05,"有限会社シェーマ",,302,"広島県","東広島市","志和流通１番１７",,34,212,7390263,,,,,,,2015-10-05,1,,,,,"シェーマ",0
1133,4240002030174,01,1,2026-10-09,2015-10-05,"有限会社田中建機",,302,"広島県","三次市","畠敷町４４１番地の１６",,34,209,7280006,,,,,,,2015-10-05,1,,,,,"タナカケンキ",0
1134,4240002040727,01,1,2026-10-09,2015-10-05,"有限会社サガタ製作所",,302,"広島県","福山市","本庄町中１丁目１３番６号",,34,207,7200076,,,,,,,2015-10-05,1,,,,,"サガタセイサクショ",0
1135,4240002052350,01,1,2026-10-09,2015-10-05,"有限会社バブルス",,302,"広島県","尾道市","三軒家町２２番２３号",,34,205,7220031,,,,,,,2015-10-05,1,,,,,"バブルス",0
1136,4240005016195,01,0,2026-10-09,2026-10-09,"一般社団法人全国卓球振興協議会",,399,"広島県","広島市西区","南観音町２０番４号ヒロタクスポーツ内",,34,104,7330034,,,,,,,2026-10-09,1,,,,,"ゼンコクタッキュウシンコウキョウギカイ",0
1137,4250001021776,01,1,2026-10-09,2026-08-07,"Ｅ‐ＢＥＧＩＮ株式会社",,301,"山口県","周南市","大字久米３６６番地５ベリーゼＡ１０２号",,35,215,7450801,,,,,,,2026-08-07,1,,,,,,0
1138,4290001096170,01,1,2026-10-09,2022-01-21,"ナチュラル・エナジー・インベストメント・コンサルタント株式会社",,301,"福岡県","福岡市中央区","長浜１丁目２番６－５０５号",,40,133,8100072,,,,,,,2022-01-21,0,,,,,,0
1139,4290001096170,12,0,2026-10-09,2026-10-07,"ナチュラル・エナジー・インベストメント・コンサルタント株式会社",,301,"福岡県","北九州市小倉北区","小文字１丁目１３番４号",,40,106,8020037,,,,,,,2022-01-21,1,,,,,,0
1140,4290001112919,12,0,2026-10-09,2026-09-28,"株式会社ＭＩＲＡＹ",,301,"福岡県","福岡市南区","井尻３丁目４－２９レジデンシャルジェム井尻駅１０１",,40,134,8111302,,,,,,,2026-01-23,1,,,,,"ミレイ",0
1141,4290001115698,01,0,2026-10-09,2026-10-09,"福也株式会社",,301,"福岡県","糟屋郡須惠町","須恵１０６３番２号",,40,344,8112100,,,,,,,2026-10-09,1,,,,,"フクヤ",0
1142,4290001115780,01,0,2026-10-09,2026-10-09,"株式会社サニーアンドクローバー",,301,"福岡県","飯塚市","長尾９２９番地２５",,40,205,8200701,,,,,,,2026-10-09,1,,,,,"サニーアンドクローバー",0
1143,4290002053567,01,1,2026-10-09,2015-10-05,"有限会社高田製油所",,302,"福岡県","柳川市","西浜武５１番地",,40,207,8320081,,,,,,,2015-10-05,1,,,,,"タカダセイユショ",0
1144,4290801016055,01,1,2026-10-09,2015-10-05,"株式会社フリービーズ",,301,"大阪府","大阪市城東区","関目３丁目１４番４０号４階",,27,118,5360008,,,,,,,2015-10-05,1,,,,,"フリービーズ",0
1145,4290803005460,01,0,2026-10-09,2026-10-09,"合同会社オーブ",,305,"福岡県","北九州市小倉南区","下曽根２丁目６番１８号",,40,107,8000217,,,,,,,2026-10-09,1,,,,,,0
1146,4300001014766,01,0,2026-10-09,2026-10-09,"株式会社高柳建設",00145236,301,"佐賀県","神埼市","神埼町尾崎９８４",,41,210,8420015,,,,,,,2026-10-09,1,,,,,"タカヤナギケンセツ",0
1147,4320001000715,01,1,2026-10-09,2015-10-05,"大野運送株式会社",,301,"大分県","大分市","大字横瀬１０１７番地",,44,201,8701173,,,,,,,2015-10-05,1,,,,,"オオノウンソウ",0
1148,4320002000409,12,0,2026-10-09,2026-10-02,"有限会社アオイ工業",,302,"大分県","大分市","末広町１丁目２番１５－１１１１号",,44,201,8700027,,,,,,,2015-10-05,1,,,,,"アオイコウギョウ",0
1149,4320003004482,01,1,2026-10-09,2024-10-03,"合同会社セレナーデ",,305,"大分県","大分市","坂ノ市中央１丁目１５番２号",,44,201,8700307,,,,,,,2024-10-03,1,,,,,"セレナーデ",0
1150,4330002004763,01,1,2026-10-09,2015-10-05,"有限会社進栄企画",,302,"熊本県","熊本市北区","麻生田２丁目１４番１６１号",,43,105,8618081,,,,,,,2015-10-05,1,,,,,"シンエイキカク",0
1151,4330002022591,21,0,2026-10-09,2026-10-07,"有限会社岩政エキスプレス",,302,"熊本県","玉名市","大字下２４９番地１",,43,206,8650000,,,2026-10-07,01,,,2015-10-05,1,,,,,"イワマサエキスプレス",0
1152,4330003003401,21,0,2026-10-09,2026-10-02,"合資会社吉澤ビル",,304,"熊本県","八代市","大手町２丁目２番２２号",,43,202,8660852,,,2026-10-02,01,,,2015-10-05,1,,,,,"ヨシザワビル",0
1153,4330005005247,11,0,2026-10-09,2026-10-01,"株式会社北山",,301,"熊本県","阿蘇市","西湯浦１４５２番地８８５",,43,214,8692304,,,,,,,2015-10-05,1,,,,,,0
1154,4340001018813,21,0,2026-10-09,2026-10-07,"株式会社ふくしま",,301,"鹿児島県","伊佐市","大口上町２２番地７",,46,224,8952513,,,2026-10-07,01,,,2015-10-21,1,,,,,"フクシマ",0
1155,4340002008648,21,0,2026-10-09,2026-10-07,"有限会社佑幸生運",,302,"鹿児島県","鹿児島市","平川町４２３３番地１",,46,201,8910133,,,2026-10-07,01,,,2015-10-05,1,,,,,"ユウコウセイウン",0
1156,4340002020850,12,0,2026-10-09,2026-10-08,"有限会社興和不動産",,302,"鹿児島県","奄美市","名瀬幸町８番１３号ＳＨビル１階",,46,222,8940025,,,,,,,2015-10-05,1,,,,,"コウワフドウサン",0
1157,4350001010983,21,0,2026-10-09,2026-10-06,"株式会社そばとき",,301,"宮崎県","宮崎市","松山１丁目８番８号",,45,201,8800865,,,2026-10-06,01,,,2015-10-05,1,,,,,"ソバトキ",0
1158,4350001017021,21,0,2026-10-09,2026-10-06,"株式会社フードストレージ",,301,"宮崎県","宮崎市","大字本郷北方２５０８番地１－１０１号",,45,201,8800925,,,2026-10-06,01,,,2021-04-27,1,,,,,"フードストレージ",0
1159,4360001020924,12,0,2026-10-09,2026-10-06,"株式会社クリサンセマムジャパン",,301,"東京都","品川区","東五反田１丁目１２番１０号",,13,109,1410022,,,,,,,2016-06-08,1,,,,,"クリサンセマムジャパン",0
1160,4360001037274,01,0,2026-10-09,2026-10-09,"株式会社宮里鐵工",,301,"沖縄県","うるま市","字赤道３６１番地１",,47,213,9042245,,,,,,,2026-10-09,1,,,,,"ミヤザトテッコウ",0
1161,4360003016227,01,0,2026-10-09,2026-10-09,"合同会社Ｏｕｊｉ　Ｃｒｅａｔｉｖｅ",,305,"沖縄県","浦添市","字経塚２０９‐１",,47,208,9012111,,,,,,,2026-10-09,1,,,,,"オウジクリエイティブ",0
1162,4370001014339,21,0,2026-10-09,2026-09-30,"ミネテクノ株式会社",,301,"宮城県","仙台市青葉区","芋沢字的場２－４",,04,101,9893212,,,2026-09-30,01,,,2015-10-05,1,,,,,"ミネテクノ",0
1163,4370001052198,12,0,2026-10-09,2026-10-01,"株式会社ラディックス",,301,"宮城県","仙台市太白区","郡山４丁目５番９号キャッスルＡ１－Ｂ",,04,104,9820003,,,,,,,2025-02-05,1,,,,,"ラディックス",0
1164,4370002001055,21,0,2026-10-09,2026-09-30,"有限会社す＿安",00081782,302,"宮城県","仙台市泉区","南中山２丁目３２番地の１",,04,105,9813213,,,2026-09-30,01,,,2015-10-05,1,,,,,"スシヤス",0
1165,4380001010015,01,1,2026-10-09,2015-10-05,"株式会社ＰＳＰ工業",,301,"福島県","本宮市","仁井田字上山田９番地２",,07,214,9691103,,,,,,,2015-10-05,1,,,,,"ピーエスピーコウギョウ",0
1166,4380001017860,21,0,2026-10-09,2026-10-06,"株式会社丸峰観光ホテル",,301,"福島県","会津若松市","大戸町大字芦ノ牧字下タ平１１２８番地",,07,202,9650000,,,2026-10-06,11,2400001000832,"令和８年１０月１日岩手県盛岡市繋字湯ノ舘１３７番地１株式会社みちのりホテルズ（2400001000832）に合併し解散",2015-10-05,1,,,,,"マルミネカンコウホテル",0
1167,4380001036357,01,0,2026-10-09,2026-10-09,"ＯＲＩＭＥＡ株式会社",,301,"福島県","白河市","大鹿島前２１番地１",,07,205,9610051,,,,,,,2026-10-09,1,,,,,"オリメア",0
1168,4380005004616,01,1,2026-10-09,2015-10-05,"龍藏寺",00084443,399,"福島県","白河市","年貢町６０番地",,07,205,9610903,,,,,,,2015-10-05,1,,,,,"リュウゾウジ",0
1169,4390002008668,01,1,2026-10-09,2015-10-05,"有限会社中谷しみ抜き店",,302,"山形県","酒田市","寿町６番３８号",,06,204,9980035,,,,,,,2015-10-05,1,,,,,"ナカタニシミヌキテン",0
1170,4390003001812,21,0,2026-10-09,2026-09-28,"合同会社のあそび",,305,"山形県","米沢市","松が岬１丁目４－２４－２",,06,202,9920053,,,2026-09-28,01,,,2021-03-18,1,,,,,"ノアソビ",0
1171,4430001090571,11,0,2026-10-09,2026-10-01,"国際農機株式会社",,301,"北海道","札幌市手稲区","曙二条４丁目４番１５号",,01,109,0060832,,,,,,,2023-12-05,1,,,,,"コクサイノウキ",0
1172,4430001097823,01,0,2026-10-09,2026-10-09,"株式会社からりくらし",,301,"北海道","苫小牧市","住吉町２丁目２番２号",,01,213,0530046,,,,,,,2026-10-09,1,,,,,"カラリクラシ",0
1173,4430001097856,01,0,2026-10-09,2026-10-09,"株式会社エージェントサポート",,301,"北海道","札幌市中央区","大通西１１丁目４番地大通藤井ビル２階",,01,101,0600042,,,,,,,2026-10-09,1,,,,,"エージェントサポート",0
1174,4430002049773,01,1,2026-10-09,2015-10-05,"有限会社北勇建設",,302,"北海道","岩見沢市","美園三条４丁目２番３号",,01,210,0680813,,,,,,,2015-10-05,1,,,,,"ホクユウケンセツ",0
1175,4430003018174,12,0,2026-10-09,2026-10-02,"Ｓａｐｐｏｒｏ　Ｉｎｔｅｒｎａｔｉｏｎａｌ　Ｔｒａｄｉｎｇ合同会社",,305,"北海道","小樽市","富岡１丁目２８－２４－１０３",,01,203,0470033,,,,,,,2025-10-10,1,,,,,"サッポロインターナショナルトレーディング",0
1176,4430003019511,01,0,2026-10-09,2026-10-09,"Ｔ．Ｈ．Ｅ．Ｇｒｏｕｐ合同会社",,305,"北海道","札幌市中央区","南八条西４丁目４２２番地５１、８・４サウンドビル３０１号",,01,101,0640808,,,,,,,2026-10-09,1,,,,,"ティーイーエイチグループ",0
1177,4440001001874,21,0,2026-10-09,2026-10-06,"株式会社久一米田商店",,301,"北海道","函館市","川汲町１３９５番地",00090310,01,202,0411611,,,2026-10-06,01,,,2015-10-05,1,,,,,"キュウイチヨネタショウテン",0
1178,4450001014181,12,0,2026-10-09,2026-10-01,"ナカフまちづくり株式会社",,301,"北海道","空知郡中富良野町","本町９番１号",,01,461,0710752,,,,,,,2023-12-26,1,,,,,"ナカフマチヅクリ",0
1179,4460101007919,01,0,2026-10-09,2026-10-09,"株式会社とかち種苗農園",,301,"北海道","帯広市","西十九条南３丁目４７番６号",,01,207,0802469,,,,,,,2026-10-09,1,,,,,"トカチシュビョウノウエン",0
1180,4470001021465,01,0,2026-10-09,2026-10-09,"株式会社Ａｕｂｅ",,301,"香川県","丸亀市","飯野町東分１２１６番地７",,37,202,7630085,,,,,,,2026-10-09,1,,,,,"オーブ",0
1181,4470002004262,12,0,2026-10-09,2026-10-05,"有限会社大日エンジニアリング",,302,"香川県","高松市","三谷町９０９番地１",,37,201,7610450,,,,,,,2015-10-05,1,,,,,"ダイニチエンジニアリング",0
1182,4470002008478,21,0,2026-10-09,2026-10-02,"有限会社ゆらくや",,302,"香川県","高松市","林町１４７１番地３",,37,201,7610301,,,2026-10-02,01,,,2015-10-05,1,,,,,"ユラクヤ",0
1183,4470002012629,21,0,2026-10-09,2026-10-02,"有限会社四国研磨",00005413,302,"香川県","仲多度郡多度津町","西港町５１番地３",,37,404,7640017,,,2026-10-02,01,,,2015-10-05,1,,,,,"シコクケンマ",0
1184,4480001008494,01,1,2026-10-09,2015-10-05,"株式会社アムズ",,301,"徳島県","小松島市","金磯町９番６８号ヨーロピアンシャレー芝Ｂ－２０３",,36,203,7730007,,,,,,,2015-10-05,0,,,,,,0
1185,4480001008494,21,0,2026-10-09,2026-10-05,"株式会社アムズ",,301,"徳島県","小松島市","金磯町９番６８号ヨーロピアンシャレー芝Ｂ－２０３",,36,203,7730007,,,2026-10-05,01,,,2015-10-05,1,,,,,,0
1186,4480002007743,21,0,2026-10-09,2026-10-05,"有限会社佐藤宇一郎商店",,302,"徳島県","小松島市","日開野町字加々三松２５番地の２",,36,203,7730010,,,2026-10-05,01,,,2015-10-05,1,,,,,"サトウウイチロウショウテン",0
1187,4490002003345,01,1,2026-10-09,2015-10-05,"有限会社長栄鐵工所",,302,"高知県","高知市","孕東町４９番地",,39,201,7808021,,,,,,,2015-10-05,1,,,,,"チョウエイテッコウショ",0
1188,4500001019530,01,1,2026-10-09,2016-01-06,"株式会社スタジオＭ２",,301,"愛媛県","松山市","山越２丁目２番４３号",,38,201,7918013,,,,,,,2016-01-06,1,,,,,"スタジオエムツー",0
1189,5010001103903,21,0,2026-10-09,2026-10-07,"株式会社禅味堂",,301,"東京都","文京区","大塚３丁目５番１０号住友成泉小石川ビルディング本館",,13,105,1120012,,,2026-10-07,11,2100001018599,"令和８年９月２８日長野県諏訪郡下諏訪町４８４８番地１ひかり味噌株式会社（2100001018599）に合併し解散",2015-10-05,1,,,,,"ゼンミドウ",0
1190,5010001129155,01,1,2026-10-09,2015-10-05,"ガルーダ・オリエントホリデーズ・ジャパン株式会社",,301,"東京都","千代田区","丸の内３丁目１番１号国際ビル",,13,101,1000005,,,,,,,2015-10-05,0,,,,,,0
1191,5010001129155,12,1,2026-10-09,2026-01-09,"ガルーダ・オリエントホリデーズ・ジャパン株式会社",,301,"東京都","千代田区","丸の内２丁目５番２号三菱ビル８階",,13,101,1000005,,,,,,,2015-10-05,1,,,,,,0
1192,5010001131144,01,1,2026-10-09,2015-10-05,"株式会社石井組",,301,"東京都","大島町","元町２丁目１０番９号",,13,361,1000101,,,,,,,2015-10-05,1,,,,,"イシイグミ",0
1193,5010001142744,12,0,2026-10-09,2026-10-06,"株式会社ｆｏｕｒｓｉｇｈｔｓ",,301,"千葉県","船橋市","前原西８丁目２１番６８号",,12,204,2740825,,,,,,,2015-10-05,1,,,,,"フォーサイツ",0
1194,5010001194975,12,0,2026-10-09,2026-10-07,"株式会社オシエテ",,301,"東京都","新宿区","西新宿２丁目１番１号新宿三井ビルディング３７階",,13,104,1600023,,,,,,,2018-09-20,1,,,,,"オシエテ",0
1195,5010001240309,12,0,2026-10-09,2026-09-10,"不老長寿株式会社",,301,"東京都","千代田区","丸の内１丁目６番６号",,13,101,1000005,,,,,,,2023-11-24,1,,,,,"フロウチョウジュ",0
1196,5010001243550,11,0,2026-10-09,2026-10-02,"スパハイプロダクション株式会社",,301,"東京都","千代田区","麹町１丁目６番地",,13,101,1020083,,,,,,,2024-04-02,1,,,,,"スパハイプロダクション",0
1197,5010001258631,12,0,2026-10-09,2026-10-06,"株式会社エピセンス",,301,"石川県","金沢市","泉野町４丁目１６番７号",,17,201,9218034,,,,,,,2025-09-24,1,,,,,"エピセンス",0
1198,5010001269265,01,0,2026-10-09,2026-10-09,"株式会社つばめ",,301,"東京都","中央区","八丁堀３丁目１番７号永井ビル４階１３号室",,13,102,1040032,,,,,,,2026-10-09,1,,,,,"ツバメ",0
1199,5010001269348,01,0,2026-10-09,2026-10-09,"ＴＮＵＭ　Ｔｈｅｒａｐｅｕｔｉｃｓ株式会社",,301,"東京都","千代田区","岩本町３丁目８番８号中和秋葉原ビル７階",,13,101,1010032,,,,,,,2026-10-09,1,,,,,"ティーナムセラピューティクス",0
1200,5010001269380,01,0,2026-10-09,2026-10-09,"ＳＫＡ　ＪＡＰＡＮ株式会社",,301,"東京都","千代田区","神田須田町１丁目７番地８ＶＯＲＴ秋葉原ＩＶ２Ｆ",00145234,13,101,1010041,,,,,,,2026-10-09,1,,,,,"エスケーエージャパン",0
1201,5010003012177,21,0,2026-10-09,2026-09-14,"合資会社アットカンコー",,304,"東京都","文京区","大塚６丁目３６番１３号",,13,105,1120012,,,2026-09-14,01,,,2015-10-05,1,,,,,"アットカンコー",0
1202,5010003035748,12,0,2026-10-09,2026-09-10,"合同会社ジーエックステック",,305,"東京都","中央区","銀座１丁目２２番１１号銀座大竹ビジデンス２Ｆ",,13,102,1040061,,,,,,,2021-09-07,1,,,,,"ジーエックステック",0
1203,5010003052842,01,0,2026-10-09,2026-10-09,"合同会社ルーツオブライフ",,305,"東京都","中央区","日本橋蛎殻町１丁目２５番７号",,13,102,1030014,,,,,,,2026-10-09,1,,,,,"ルーツオブライフ",0
1204,5010005021993,12,0,2026-10-09,2026-09-07,"一般社団法人日本パラグアイ協会",,399,"東京都","千代田区","永田町２丁目９番６号十全ビル５０３河村事務所内",,13,101,1000014,,,,,,,2015-10-05,1,,,,,"ニホンパラグアイキョウカイ",0
1205,5010005042494,01,0,2026-10-09,2026-10-09,"税理士法人Ｔ＆Ｔパートナーズ",,399,"東京都","千代田区","岩本町３丁目１０番１２号",,13,101,1010032,,,,,,,2026-10-09,1,,,,,"ティーアンドティーパートナーズ",0
1206,5010101003045,21,0,2026-10-09,2026-10-06,"株式会社ノーブル",,301,"東京都","八王子市","暁町２丁目２３番２号",,13,201,1920043,,,2026-10-06,01,,,2015-10-05,1,,,,,"ノーブル",0
1207,5010401011045,21,0,2026-10-09,2026-09-11,"株式会社サンクアソシエイツ",,301,"東京都","港区","赤坂６丁目５番２１号",,13,103,1070052,,,2026-09-11,01,,,2015-10-05,1,,,,,,0
1208,5010401019294,12,0,2026-10-09,2026-10-07,"ＫＧスチールジャパン株式会社",,301,"東京都","千代田区","岩本町１丁目３番９号",,13,101,1010032,,,,,,,2015-10-05,1,,,,,"ケージースチールジャパン",0
1209,5010401029707,21,0,2026-10-09,2026-10-01,"八重洲興産株式会社",,301,"東京都","中央区","八重洲２丁目１０番１７号",,13,102,1040028,,,2026-10-01,11,3010001046105,"令和８年１０月１日東京都中央区八重洲二丁目１０番１７号商工中金オペレーションパートナーズ株式会社（3010001046105）に合併し解散",2015-10-05,1,,,,,"ヤエスコウサン",0
1210,5010401043732,12,0,2026-10-09,2026-10-07,"ナレッジビーンズ株式会社",,301,"東京都","千代田区","丸の内１丁目９番２号グラントウキョウサウスタワー",,13,101,1000005,,,,,,,2015-10-05,1,,,,,"ナレッジビーンズ",0
1211,5010401123716,01,1,2026-10-09,2016-03-14,"株式会社タノピコ",,301,"東京都","港区","赤坂６丁目１０番４５－４１４号",,13,103,1070052,,,,,,,2016-03-14,0,,,,,"タノピコ",0
1212,5010401123716,12,1,2026-10-09,2026-09-28,"株式会社タノピコ",,301,"東京都","港区","北青山１丁目３番３号三橋ビル３階",,13,103,1070061,,,,,,,2016-03-14,1,,,,,"タノピコ",0
1213,5010401173538,12,0,2026-10-09,2026-10-07,"株式会社ＳＨＡＨＭ",,301,"東京都","目黒区","中目黒１丁目９番６－２０４号",,13,110,1530061,,,,,,,2023-04-06,1,,,,,"シャーム",0
1214,5010401176350,12,0,2026-10-09,2026-09-14,"ＣＩＰＡＮＧＯ株式会社",,301,"東京都","港区","三田４丁目９番７号９０６号",,13,103,1080073,,,,,,,2023-08-10,1,,,,,"チパンゴ",0
1215,5010401181813,11,0,2026-10-09,2026-09-29,"株式会社ＡｉＮＡ　ＢＲＡＩＮ",,301,"福岡県","福岡市中央区","薬院１丁目６番５号ホワイティ薬院５１０号",,40,133,8100022,,,,,,,2024-04-19,1,,,,,"アイナブレイン",0
1216,5010401198915,12,0,2026-10-09,2026-10-07,"株式会社Ｊｏｍｏｎ　Ｇｒｏｕｐ",,301,"東京都","渋谷区","恵比寿西２丁目４番８号ウィンド恵比寿ビル８階",,13,113,1500021,,,,,,,2026-06-01,1,,,,,"ジョーモングループ",0
1217,5010401202610,01,0,2026-10-09,2026-10-09,"Ｂプラス株式会社",,301,"東京都","港区","芝３丁目１５番１３号",,13,103,1050014,,,,,,,2026-10-09,1,,,,,"ビープラス",0
1218,5010401202668,01,0,2026-10-09,2026-10-09,"株式会社ｊｕｎｔｏｓ",,301,"東京都","港区","六本木３丁目１番３０号Ａ・Ｂビル６階",,13,103,1060032,,,,,,,2026-10-09,1,,,,,,0
1219,5010401202734,01,0,2026-10-09,2026-10-09,"Ｄ・Ａ・Ｃホールディングス株式会社",,301,"東京都","港区","三田３丁目１番１７号",,13,103,1080073,,,,,,,2026-10-09,1,,,,,"ディーエーシーホールディングス",0
1220,5010401202759,01,0,2026-10-09,2026-10-09,"株式会社インクルージョン",,301,"東京都","港区","白金３丁目１４－５セザール白金１０１",,13,103,1080072,,,,,,,2026-10-09,1,,,,,"インクルージョン",0
1221,5010403032337,12,0,2026-10-09,2026-10-07,"合同会社Ｉｎｆｅｒ",,305,"東京都","新宿区","歌舞伎町２丁目４２－１３－２０７",,13,104,1600021,,,,,,,2024-04-10,1,,,,,"インファー",0
1222,5010403039225,01,0,2026-10-09,2026-10-09,"合同会社ＪＰＹＺＯＮＥ",,305,"東京都","港区","新橋４丁目３１－３第３名和ビル１Ｆ～９Ｆ",,13,103,1050004,,,,,,,2026-10-09,1,,,,,"ジェイピーワイゾーン",0
1223,5010403039233,01,0,2026-10-09,2026-10-09,"合同会社ＸＹＺＰＲＩＭＥ",,305,"東京都","港区","港南２丁目１５－１品川インターシティＡ棟２８Ｆ",,13,103,1080075,,,,,,,2026-10-09,1,,,,,"エックスワイゼットプライム",0
1224,5010403039274,01,0,2026-10-09,2026-10-09,"合同会社ソラＢＥＳＳ",,305,"東京都","港区","東麻布２丁目２６番１６号",,13,103,1060044,,,,,,,2026-10-09,1,,,,,"ソラベス",0
1225,5010403039324,01,0,2026-10-09,2026-10-09,"鷲羽山合同会社",,305,"東京都","港区","六本木１丁目６番１号泉ガーデンタワーＫＰＭＧ税理士法人内",,13,103,1060032,,,,,,,2026-10-09,1,,,,,"ワシュウザン",0
1226,5010405023771,21,0,2026-10-09,2026-09-09,"元離宮二条城前一般社団法人",,399,"東京都","港区","虎ノ門３丁目２２番１０－２０１号",,13,103,1050001,,,2026-09-09,01,,,2024-11-25,1,,,,,"モトリキュウニジョウジョウマエ",0
1227,5010501002927,12,0,2026-10-09,2026-10-06,"株式会社桂山",,301,"千葉県","市川市","須和田１丁目２４番１３号",,12,203,2720825,,,,,,,2015-10-05,1,,,,,"カツラヤマ",0
1228,5010501031760,12,0,2026-10-09,2026-10-02,"東京健美株式会社",,301,"東京都","台東区","浅草６丁目７番６号",,13,106,1110032,,,,,,,2015-10-05,1,,,,,"トウキョウケンビ",0
1229,5010501056568,01,0,2026-10-09,2026-10-09,"株式会社Ｋｉｃｋｓ",,301,"東京都","台東区","東上野３丁目３５番９号本池田ビル３Ｆ",,13,106,1100015,,,,,,,2026-10-09,1,,,,,"キックス",0
1230,5010502004609,12,0,2026-10-09,2026-10-06,"エス・オイルミスト・トラップ株式会社",,301,"東京都","江東区","大島５丁目４４番９号",,13,108,1360072,,,,,,,2015-10-05,1,,,,,"エスオイルミストトラップ",0
1231,5010505003335,01,1,2026-10-09,2022-08-30,"Ｆａｍｉｌｙ協同組合",,399,"東京都","台東区","三筋２丁目９番６号",,13,106,1110055,,,,,,,2022-08-30,0,,,,,"ファミリ",0
1232,5010505003335,12,1,2026-10-09,2025-02-03,"Ｆａｍｉｌｙ協同組合",,399,"東京都","台東区","東上野１丁目８番２号オーイズミ東上野ビル東館９階",,13,106,1100015,,,,,,,2022-08-30,0,,,,,"ファミリ",0
1233,5010505003335,12,1,2026-10-09,2025-03-19,"Ｆａｍｉｌｙ協同組合",,399,"東京都","台東区","三筋２丁目９番６号",,13,106,1110055,,,,,,,2022-08-30,1,,,,,"ファミリ",0
1234,5010601024714,21,0,2026-10-09,2026-10-01,"大藤工業株式会社",,301,"東京都","板橋区","大山東町２９番１６号",,13,119,1730014,,,2026-10-01,11,5011401002760,"令和８年１０月１日東京都板橋区大山東町２９番１６号サンワ産業株式会社（5011401002760）に合併し解散",2015-10-05,1,,,,,"ダイトウコウギョウ",0
1235,5010601066335,12,0,2026-10-09,2026-10-05,"永紅株式会社",,301,"千葉県","船橋市","本町３丁目３６－３４石井ビル４階",,12,204,2730005,,,,,,,2024-11-26,1,,,,,"エイコウ",0
1236,5010603012106,12,0,2026-10-09,2026-10-08,"合同会社アクティブサポート",,305,"東京都","江東区","富岡１丁目１０－３－３０７",,13,108,1350047,,,,,,,2026-03-04,1,,,,,"アクティブサポート",0
1237,5010603012502,01,0,2026-10-09,2026-10-09,"くまくら企画合資会社",,304,"東京都","江東区","千石１丁目７番１０－１００１号",,13,108,1350015,,,,,,,2026-10-09,1,,,,,,0
1238,5010701050230,01,0,2026-10-09,2026-10-09,"株式会社ＵＰホールディングス",,301,"東京都","品川区","西五反田１丁目２９番１号コイズミビル８階",,13,109,1410031,,,,,,,2026-10-09,1,,,,,"アップホールディングス",0
1239,5010701050247,01,0,2026-10-09,2026-10-09,"Ｒｈｉｎｏ　Ｂｌｕｅ株式会社",,301,"東京都","品川区","西品川１丁目１番１号住友不動産大崎ガーデンタワー９階トンネル東京",,13,109,1410033,,,,,,,2026-10-09,1,,,,,"ライノブルー",0
1240,5010703008524,01,0,2026-10-09,2026-10-09,"合同会社ＲＭＧ１",,305,"東京都","品川区","上大崎３丁目１４番３４号プラスワン４０２",,13,109,1410021,,,,,,,2026-10-09,1,,,,,"アールエムジーワン",0
1241,5010705003928,01,0,2026-10-09,2026-10-09,"医療法人社団Ｓｐａｒｋ",,399,"東京都","品川区","大井４丁目３番１号ヴィアイン品川大井町２階",,13,109,1400014,,,,,,,2026-10-09,1,,,,,"スパーク",0
1242,5010802003855,12,0,2026-10-09,2026-10-01,"有限会社川口荘",,302,"東京都","大田区","仲六郷２丁目１７番３号",,13,111,1440055,,,,,,,2015-10-05,1,,,,,,0
1243,5010901019868,01,1,2026-10-09,2015-10-05,"ナギ工業株式会社",,301,"東京都","世田谷区","千歳台５丁目２１番３号",,13,112,1570071,,,,,,,2015-10-05,1,,,,,"ナギコウギョウ",0
1244,5010901032433,12,0,2026-10-09,2026-10-07,"株式会社身の丈工務店",,301,"東京都","世田谷区","喜多見７丁目２２番２１号",,13,112,1570067,,,,,,,2015-10-05,1,,,,,"ミノタケコウムテン",0
1245,5010901060211,12,0,2026-10-09,2026-10-07,"株式会社スマートハウス",,301,"神奈川県","川崎市川崎区","鋼管通１丁目１６－１７ボヌール川崎１０１",,14,131,2100852,,,,,,,2026-09-11,1,,,,,"スマートハウス",0
1246,5010902007368,01,1,2026-10-09,2015-10-05,"有限会社新昇飯店",,302,"東京都","世田谷区","上北沢４丁目１３番８号",,13,112,1560057,,,,,,,2015-10-05,0,,,,,"シンショウハンテン",0
1247,5010902007368,21,0,2026-10-09,2026-09-17,"有限会社新昇飯店",,302,"東京都","世田谷区","上北沢４丁目１３番８号",,13,112,1560057,,,2026-09-17,01,,,2015-10-05,1,,,,,"シンショウハンテン",0
1248,5011001073517,12,0,2026-10-09,2026-10-02,"株式会社アンビリアル",,301,"福井県","鯖江市","横越町第１０号３４番地１",,18,207,9160036,,,,,,,2015-10-05,1,,,,,"アンビリアル",0
1249,5011001107456,12,0,2026-10-09,2026-10-07,"株式会社ＨＲ",,301,"神奈川県","横浜市港北区","新横浜２丁目１４番地１４新弘ビル５Ｆ",,14,109,2220033,,,,,,,2015-10-05,1,,,,,"エイチアール",0
1250,5011001160430,11,0,2026-10-09,2026-09-14,"スマートトレード株式会社",,301,"東京都","渋谷区","代々木２丁目２４番７号レガリアヒルズ代々木３０２",,13,113,1510053,,,,,,,2024-03-14,1,,,,,"スマートトレード",0
1251,5011001168192,12,0,2026-10-09,2026-10-06,"株式会社ｐｉｐｌｕｐ",,301,"東京都","港区","北青山１丁目３番１号アールキューブ青山３階",,13,103,1070061,,,,,,,2025-03-07,1,,,,,"ピープルアップ",0
1252,5011001175115,12,0,2026-10-09,2026-09-11,"株式会社Ｓｕｐｒｅｍｅ",,301,"東京都","渋谷区","広尾１丁目２番地１号ヒカリビル４階",,13,113,1500012,,,,,,,2026-01-20,1,,,,,"シュプリーム",0
1253,5011001180800,01,0,2026-10-09,2026-10-09,"株式会社紬音",,301,"東京都","渋谷区","恵比寿西２丁目４番８号ウィンド恵比寿ビル８Ｆ",,13,113,1500021,,,,,,,2026-10-09,1,,,,,"ツムギネ",0
1254,5011001180882,01,0,2026-10-09,2026-10-09,"株式会社Ｇｅｎｅｍｅｎｔ",,301,"東京都","目黒区","駒場２丁目９番１２号",,13,110,1530041,,,,,,,2026-10-09,1,,,,,"ジェネメント",0
1255,5011001180924,01,0,2026-10-09,2026-10-09,"デシドラ株式会社",,301,"東京都","渋谷区","道玄坂１丁目１０番８号渋谷道玄坂東急ビル２Ｆ－Ｃ",,13,113,1500043,,,,,,,2026-10-09,1,,,,,"デシドラ",0
1256,5011001180932,01,0,2026-10-09,2026-10-09,"株式会社Ａｂｂｙ　Ｓｏｌｕｔｉｏｎ",,301,"東京都","渋谷区","代官山町１１番１２号ＣｏｚｙＰｌａｃｅ代官山５Ｆ",,13,113,1500034,,,,,,,2026-10-09,1,,,,,"アビーソリューション",0
1257,5011001180940,01,0,2026-10-09,2026-10-09,"ＫＲＫ　Ｐｒｉｎｃｉｐａｌ　Ｉｎｖｅｓｔｍｅｎｔ株式会社",,301,"東京都","渋谷区","大山町４６番１８号エステパ代々木上原１階",,13,113,1510065,,,,,,,2026-10-09,1,,,,,"ケーアールケープリンシパルインベストメント",0
1258,5011001180965,01,0,2026-10-09,2026-10-09,"株式会社ＴＲＩＶＥ９",,301,"東京都","目黒区","青葉台３丁目１５番１７号ＦＡＲＯ中目黒１階",,13,110,1530042,,,,,,,2026-10-09,1,,,,,"トライブナイン",0
1259,5011001181006,01,0,2026-10-09,2026-10-09,"株式会社ＨＯＯＫＶＯＤＫＡ",,301,"東京都","目黒区","青葉台３丁目１３番１１号",,13,110,1530042,,,,,,,2026-10-09,1,,,,,"フックウォッカ",0
1260,5011003020137,12,0,2026-10-09,2026-10-07,"合同会社Ｌｉｖｅ　Ｌｉｋｅ　ａ　Ｌｏｃａｌ",,305,"神奈川県","川崎市中原区","木月２丁目１７番５号和助ビル２Ｆ",,14,133,2110025,,,,,,,2024-10-04,1,,,,,"リブライクアローカル",0
1261,5011003025524,01,0,2026-10-09,2026-10-09,"合同会社ＣＵＲＩＯ",,305,"東京都","渋谷区","道玄坂１丁目１０番８号渋谷道玄坂東急ビル２Ｆ－Ｃ",,13,113,1500043,,,,,,,2026-10-09,1,,,,,"キュリオ",0
1262,5011101001006,21,0,2026-10-09,2026-09-15,"株式会社アド・プロジェクト",,301,"東京都","新宿区","水道町三丁目１４番",,13,104,1620811,,,2026-09-15,01,,,2015-10-05,1,,,,,"アドプロジェクト",0
1263,5011101059812,01,1,2026-10-09,2015-10-05,"株式会社ＬＶＩＰ",,301,"東京都","新宿区","歌舞伎町１丁目１３番１１号",,13,104,1600021,,,,,,,2015-10-05,0,,,,,,0
1264,5011101059812,11,1,2026-10-09,2015-11-11,"株式会社フィットネスジム",,301,"東京都","新宿区","歌舞伎町１丁目１３番１１号",,13,104,1600021,,,,,,,2015-10-05,0,,,,,"フィットネスジム",0
1265,5011101059812,12,1,2026-10-09,2016-04-28,"株式会社フィットネスジム",,301,"東京都","豊島区","西池袋１丁目２１番１号",,13,116,1710021,,,,,,,2015-10-05,0,,,,,"フィットネスジム",0
1266,5011101059812,12,1,2026-10-09,2023-09-07,"株式会社フィットネスジム",,301,"東京都","新宿区","新宿２丁目１１番７号第３３宮庭ビル",,13,104,1600022,,,,,,,2015-10-05,0,,,,,"フィットネスジム",0
1267,5011101059812,12,1,2026-10-09,2023-09-20,"株式会社フィットネスジム",,301,"熊本県","熊本市中央区","中央街１０番１８号",,43,101,8600802,,,,,,,2015-10-05,0,,,,,"フィットネスジム",0
1268,5011101059812,12,1,2026-10-09,2025-01-09,"株式会社フィットネスジム",,301,"熊本県","熊本市中央区","中央街８番２９号第３くま子ビル３０２号",,43,101,8600802,,,,,,,2015-10-05,1,,,,,"フィットネスジム",0
1269,5011101073887,12,0,2026-10-09,2026-10-07,"株式会社シーウインド",,301,"東京都","渋谷区","道玄坂１丁目１０番８号渋谷道玄坂東急ビル２Ｆ－Ｃ",,13,113,1500043,,,,,,,2015-10-05,1,,,,,"シーウインド",0
1270,5011101117413,12,0,2026-10-09,2026-09-17,"Ｎａｔｓｕ＆Ｃｏ株式会社",,301,"東京都","新宿区","百人町３丁目２６番１号パークアクシス新宿百人町７０３",,13,104,1690073,,,,,,,2026-09-11,1,,,,,"ナツアンドコー",0
1271,5011101117561,01,0,2026-10-09,2026-10-09,"株式会社ＰＴカンパニー",,301,"東京都","新宿区","西新宿３丁目３番１３号西新宿水間ビル２Ｆ",,13,104,1600023,,,,,,,2026-10-09,1,,,,,"ピーティーカンパニー",0
1272,5011101117735,01,0,2026-10-09,2026-10-09,"株式会社ワンキャリアリンク",,301,"東京都","新宿区","西新宿３丁目９番地２号イマス西新宿第一ビル３階－Ｂ",,13,104,1600023,,,,,,,2026-10-09,1,,,,,"ワンキャリアリンク",0
1273,5011103018064,01,0,2026-10-09,2026-10-09,"合同会社ＡＳＣＥＲＡ",,305,"東京都","新宿区","西新宿３丁目３番１３号西新宿水間ビル２Ｆ",,13,104,1600023,,,,,,,2026-10-09,1,,,,,"アセラ",0
1274,5011103018072,01,0,2026-10-09,2026-10-09,"Ｔｏｔｏｎｏｅ　Ｔｒａｄｅ合同会社",,305,"東京都","新宿区","西新宿３丁目３番１３号西新宿水間ビル６階",,13,104,1600023,,,,,,,2026-10-09,1,,,,,"トトノエトレード",0
1275,5011103018080,01,0,2026-10-09,2026-10-09,"合同会社エキサイト",,305,"東京都","新宿区","四谷１丁目２３－１５上野ＫＧビル３階",,13,104,1600004,,,,,,,2026-10-09,1,,,,,"エキサイト",0
1276,5011203005111,01,0,2026-10-09,2026-10-09,"合同会社オムシャ",,305,"東京都","中野区","本町５丁目３９－１０ＹＫプラザ中野２０５",,13,114,1640012,,,,,,,2026-10-09,1,,,,,"オムシャ",0
1277,5011303003023,12,0,2026-10-09,2026-10-07,"合同会社クラトミデザイン",,305,"東京都","杉並区","高円寺南４丁目７番３号レジディア高円寺プレイス８０３号室",,13,115,1660003,,,,,,,2018-05-29,1,,,,,"クラトミデザイン",0
1278,5011401002760,71,0,2026-10-09,2026-10-01,"サンワ産業株式会社",,301,"東京都","板橋区","大山東町２９番１６号",,13,119,1730014,,,,,,"令和８年１０月１日東京都板橋区大山東町２９番１６号大藤工業株式会社（5010601024714）を合併",2015-10-05,1,,,,,"サンワサンギョウ",0
1279,5011501017345,21,0,2026-10-09,2026-10-08,"株式会社Ｈ．Ｉ．Ｐ．Ｓ．",,301,"東京都","北区","赤羽西４丁目１０番９号コーポ林１０３",,13,117,1150055,,,2026-10-08,01,,,2015-10-05,1,,,,,,0
1280,5011501022312,21,0,2026-10-09,2026-09-15,"ＧｒｏｗｎＫｉｄｓ株式会社",,301,"東京都","荒川区","荒川７丁目２０番１－８０５号",,13,118,1160002,,,2026-09-15,01,,,2017-02-06,1,,,,,"グロウンキッズ",0
1281,5011503004812,12,0,2026-10-09,2026-10-07,"合同会社ＦｒｏｍＵ",,305,"東京都","新宿区","高田馬場３丁目３８番１号ＵＳｐｏｔ１０１",,13,104,1690075,,,,,,,2021-06-23,1,,,,,"フロムユー",0
1282,5011503006899,12,0,2026-10-09,2026-10-07,"合同会社ＤＤＳ",,305,"東京都","台東区","元浅草１丁目６番１２号ＧＯＧＯオフィス御徒町８階８０８号室",,13,106,1110041,,,,,,,2026-03-12,1,,,,,"ディーディーエス",0
1283,5011503007113,01,0,2026-10-09,2026-10-09,"合同会社Ｍａｐｌｅ８２０",,305,"東京都","荒川区","西日暮里１丁目２１番４号グランメリー西日暮里２０２",,13,118,1160013,,,,,,,2026-10-09,1,,,,,"メープルハチニーゼロ",0
1284,5011702001528,12,0,2026-10-09,2026-09-25,"梅沢運送有限会社",,301,"東京都","中央区","八丁堀１丁目７番７号",,13,102,1040032,,,,,,,2015-10-05,0,,,,,"ウメザワウンソウ",0
1285,5011702001528,11,0,2026-10-09,2026-09-25,"梅沢運送株式会社",,301,"東京都","中央区","八丁堀１丁目７番７号",,13,102,1040032,,,,,,,2015-10-05,1,,,,,"ウメザワウンソウ",0
1286,5011801010644,21,0,2026-10-09,2026-10-02,"長倉機械産業株式会社",,301,"東京都","足立区","南花畑２丁目９番１５号",,13,121,1210062,,,2026-10-02,01,,,2015-10-05,1,,,,,"ナガクラキカイサンギョウ",0
1287,5011801046192,12,0,2026-10-09,2026-10-06,"株式会社Ｕｎｌｉｍｉ",,301,"東京都","渋谷区","神泉町１０番１５号アネックス神泉３０１",,13,113,1500045,,,,,,,2025-06-10,1,,,,,"アンリミ",0
1288,5011802007409,01,1,2026-10-09,2015-10-05,"有限会社丸芳切断所",,302,"東京都","葛飾区","四つ木４丁目２０番２８号",,13,122,1240011,,,,,,,2015-10-05,1,,,,,"マルヨシセツダンショ",0
1289,5011802016418,01,1,2026-10-09,2015-10-05,"徳昇不動産有限会社",,302,"東京都","足立区","弘道２丁目２３番２号１０５",,13,121,1200013,,,,,,,2015-10-05,1,,,,,"トクショウフドウサン",0
1290,5012301008369,12,0,2026-10-09,2026-10-06,"株式会社平朋",,301,"北海道","札幌市中央区","南九条西４丁目１番１５‐１３０２号",,01,101,0640809,,,,,,,2015-10-05,1,,,,,"ヘイホウ",0
1291,5012301009367,12,0,2026-10-09,2026-10-07,"株式会社楽峰",,301,"東京都","町田市","相原町４７１９番地",,13,209,1940211,,,,,,,2015-10-05,1,,,,,"ラクホウ",0
1292,5012302001224,01,1,2026-10-09,2015-10-05,"有限会社かわせん",,302,"東京都","町田市","旭町３丁目１番１５号",,13,209,1940023,,,,,,,2015-10-05,1,,,,,"カワセン",0
1293,5012401016602,01,1,2026-10-09,2015-10-05,"株式会社ＩＴアドバンス",,301,"東京都","国立市","東２丁目１２番地の６",,13,215,1860002,,,,,,,2015-10-05,1,,,,,"アイティーアドバンス",0
1294,5012401017906,21,0,2026-10-09,2026-09-30,"株式会社ランブリン",,301,"東京都","東村山市","秋津町３丁目４０番地３８",,13,213,1890001,,,2026-09-30,01,,,2015-10-05,1,,,,,"ランブリン",0
1295,5012701019668,01,0,2026-10-09,2026-10-09,"株式会社ＲＵＬＩＮＫ",,301,"東京都","東久留米市","神宝町２丁目８番７号",,13,222,2030002,,,,,,,2026-10-09,1,,,,,"ルリンク",0
1296,5012801001360,11,0,2026-10-09,2026-09-17,"株式会社長慶",,301,"東京都","立川市","栄町６丁目７番４０号",,13,202,1900003,,,,,,,2015-10-05,1,,,,,"チョウケイ",0
1297,5013301034256,01,1,2026-10-09,2015-10-05,"株式会社ＳＴＯＣＫ２３",,301,"東京都","豊島区","東池袋２丁目２２番１号",,13,116,1700013,,,,,,,2015-10-05,0,,,,,"ストックニジュウサン",0
1298,5013301034256,12,1,2026-10-09,2017-04-21,"株式会社ＳＴＯＣＫ２３",,301,"東京都","港区","南麻布３丁目５番１３－５０１号",,13,103,1060047,,,,,,,2015-10-05,1,,,,,"ストックニジュウサン",0
1299,5013303008472,01,0,2026-10-09,2026-10-09,"ちのわ合同会社",,305,"東京都","豊島区","東池袋２丁目５０番１３号ひすい研究会東池袋ビル６階",,13,116,1700013,,,,,,,2026-10-09,1,,,,,"チノワ",0
1300,5020001026434,01,1,2026-10-09,2015-10-05,"株式会社コビキ製作所",,301,"神奈川県","横浜市中区","本牧元町３７番４号",,14,104,2310822,,,,,,,2015-10-05,1,,,,,"コビキセイサクショ",0
1301,5020001043652,12,0,2026-10-09,2026-09-28,"株式会社横浜システック",,301,"神奈川県","横浜市保土ケ谷区","常盤台２９番２２号ＨＤ－Ａ、Ｂ１階",,14,106,2400067,,,,,,,2015-10-05,1,,,,,"ヨコハマシステック",0
1302,5020001079671,12,0,2026-10-09,2026-10-07,"クラウドエコシステムズ株式会社",,301,"東京都","新宿区","西新宿８丁目３番１号",,13,104,1600023,,,,,,,2015-10-05,1,,,,,"クラウドエコシステムズ",0
1303,5020001117729,01,1,2026-10-09,2016-09-05,"シンコーイノビジオン株式会社",,301,"神奈川県","横浜市中区","北仲通３丁目３３番地",,14,104,2310003,,,,,,,2016-09-05,0,,,,,"シンコーイノビジオン",0
1304,5020001117729,12,1,2026-10-09,2021-05-31,"シンコーイノビジオン株式会社",,301,"神奈川県","中郡二宮町","二宮８８４番地１",,14,342,2590123,,,,,,,2016-09-05,1,,,,,"シンコーイノビジオン",0
1305,5020001147866,12,0,2026-10-09,2026-09-25,"株式会社ＩＮＮＯＶＡＴＩＯＮ",,301,"神奈川県","横浜市中区","長者町３丁目８番１３号",,14,104,2310033,,,,,,,2022-08-19,1,,,,,"イノベーション",0
1306,5020001170538,01,0,2026-10-09,2026-10-09,"株式会社森幸",,301,"神奈川県","川崎市川崎区","旭町２丁目２４番３号",,14,131,2100808,,,,,,,2026-10-09,1,,,,,"モリコウ",0
1307,5020001170678,01,0,2026-10-09,2026-10-09,"株式会社Ｒ　ｐｌｕｓ　ｓｅｌｅｃｔ",,301,"神奈川県","横浜市港北区","新横浜２丁目６番地２３Ｏｐｅｎ－Ｏｆｆｉｃｅ６Ｆ",,14,109,2220033,,,,,,,2026-10-09,1,,,,,"アールプラスセレクト",0
1308,5020001170711,01,0,2026-10-09,2026-10-09,"株式会社十の二",,301,"神奈川県","横浜市金沢区","町屋町１０番２号ラ・メールＫＡＮＡＺＡＷＡ１０１",,14,108,2360022,,,,,,,2026-10-09,1,,,,,"ジュウノニ",0
1309,5020002097739,21,0,2026-10-09,2026-09-25,"有限会社高力商店",,302,"神奈川県","川崎市川崎区","東田町４番地４",,14,131,2100005,,,2026-09-25,01,,,2015-10-05,1,,,,,"タカリキショウテン",0
1310,5020003008983,11,0,2026-10-09,2026-09-24,"オリバーソリューションズ合同会社",,305,"神奈川県","川崎市幸区","小倉１番地１Ｇ－３００６",,14,132,2120054,,,,,,,2015-10-05,1,,,,,"オリバーソリューションズ",0
1311,5020005017421,01,1,2026-10-09,2026-09-29,"特定非営利活動法人ＲＡＩＯＮ",,399,"神奈川県","横浜市栄区","小菅ケ谷３丁目２４番２５号",,14,115,2470007,,,,,,,2026-09-29,1,,,,,"ライオン",0
1312,5021001000313,21,0,2026-10-09,2026-09-17,"株式会社エフ・シー・シー",,301,"神奈川県","藤沢市","下土棚１１０５番地の２４",,14,205,2520807,,,2026-09-17,01,,,2015-10-05,1,,,,,"エフシーシー",0
1313,5021001080933,12,0,2026-10-09,2026-10-06,"株式会社研相",,301,"神奈川県","足柄上郡大井町","山田３４９番地３・２階",,14,362,2580015,,,,,,,2023-12-08,1,,,,,"ケンソウ",0
1314,5021001089339,01,0,2026-10-09,2026-10-09,"株式会社Ｏ‐ＥＬＥＣ",,301,"神奈川県","相模原市南区","御園５丁目５番６号サンプランドール１０１",,14,153,2520317,,,,,,,2026-10-09,1,,,,,"オーエレック",0
1315,5021002019625,12,0,2026-10-09,2026-09-17,"株式会社ＱＵＭＡＣ",,301,"神奈川県","相模原市緑区","西橋本１丁目１７番３－１７号",,14,151,2520131,,,,,,,2015-10-05,1,,,,,"クマック",0
1316,5021002035630,21,0,2026-10-09,2026-09-17,"有限会社八百藤",,302,"神奈川県","伊勢原市","東大竹１丁目３２８番地",,14,214,2591133,,,2026-09-17,01,,,2015-10-05,1,,,,,"ヤオトウ",0
1317,5021002039763,01,1,2026-10-09,2015-10-05,"株式会社押日工業",,301,"神奈川県","相模原市緑区","橋本台３丁目４番２８号",,14,151,2520132,,,,,,,2015-10-05,1,,,,,"オシビコウギョウ",0
1318,5021002060843,21,0,2026-10-09,2026-09-17,"有限会社宗月",,302,"神奈川県","中郡二宮町","山西５６２番地",,14,342,2590124,,,2026-09-17,01,,,2015-10-05,1,,,,,"ソウゲツ",0
1319,5030001012061,01,1,2026-10-09,2015-10-05,"株式会社パンセ",,301,"埼玉県","さいたま市中央区","新中里５丁目１２番２１号",,11,105,3380011,,,,,,,2015-10-05,1,,,,,"パンセ",0
1320,5030001174174,01,0,2026-10-09,2026-10-09,"株式会社Ｋ２ホーム",,301,"埼玉県","朝霞市","三原３丁目８番１７号",,11,227,3510025,,,,,,,2026-10-09,1,,,,,"ケイツーホーム",0
1321,5030001174505,01,0,2026-10-09,2026-10-09,"ＡＸＩＳ株式会社",,301,"埼玉県","児玉郡上里町","大字堤６８７番地６",,11,385,3690313,,,,,,,2026-10-09,1,,,,,"アクシス",0
1322,5030001174546,01,0,2026-10-09,2026-10-09,"株式会社ＳＸＩ",,301,"埼玉県","桶川市","下日出谷西２丁目５番地の１１",,11,231,3630028,,,,,,,2026-10-09,1,,,,,"エスエックスアイ",0
1323,5030003030086,01,0,2026-10-09,2026-10-09,"ＤＯＮマネジメントパートナーズ合同会社",,305,"埼玉県","越谷市","レイクタウン８丁目１３番地２ザ・シーズンズグランアルト１２９号",,11,222,3430828,,,,,,,2026-10-09,1,,,,,"ドンマネジメントパートナーズ",0
1324,5040001027455,01,1,2026-10-09,2015-10-05,"藤電材株式会社",,301,"千葉県","市川市","堀之内２丁目１７番２２号",,12,203,2720837,,,,,,,2015-10-05,1,,,,,"フジデンザイ",0
1325,5040001033222,01,1,2026-10-09,2015-10-05,"株式会社玄海社",,301,"千葉県","浦安市","明海３丁目２番１０－８０５号",,12,227,2790014,,,,,,,2015-10-05,1,,,,,"ゲンカイシャ",0
1326,5040001045184,12,0,2026-10-09,2026-09-15,"株式会社ジャパンサポートＧＰ",,301,"千葉県","成田市","南羽鳥５７０番地６６",,12,211,2860805,,,,,,,2015-10-05,1,,,,,,0
1327,5040001047560,01,1,2026-10-09,2015-10-05,"株式会社岡本商店",,301,"千葉県","八街市","八街ほ３８６番地",,12,230,2891115,,,,,,,2015-10-05,1,,,,,"オカモトショウテン",0
1328,5040001080850,12,0,2026-10-09,2026-10-07,"日本朗旗株式会社",,301,"東京都","江戸川区","鹿骨２丁目３２番６号",,13,123,1330073,,,,,,,2015-10-05,1,,,,,"ニホンロウキ",0
1329,5040001091047,01,1,2026-10-09,2015-10-05,"株式会社ＲＫ総業",,301,"千葉県","千葉市中央区","本千葉町５番５号",,12,101,2600014,,,,,,,2015-10-05,1,,,,,"アールケイソウギョウ",0
1330,5040001117512,01,1,2026-10-09,2021-03-15,"株式会社Ｍｅａｓｕｒｅ　Ｃｒｅａｔｉｏｎ",,301,"千葉県","千葉市花見川区","検見川町１丁目５１１番地１",,12,102,2620023,,,,,,,2021-03-15,0,,,,,"メジャークリエイション",0
1331,5040001117512,12,1,2026-10-09,2022-09-15,"株式会社Ｍｅａｓｕｒｅ　Ｃｒｅａｔｉｏｎ",,301,"千葉県","千葉市中央区","春日１丁目１１番地４",,12,101,2600033,,,,,,,2021-03-15,0,,,,,"メジャークリエイション",0
1332,5040001117512,12,1,2026-10-09,2024-11-25,"株式会社Ｍｅａｓｕｒｅ　Ｃｒｅａｔｉｏｎ",,301,"東京都","渋谷区","神南１丁目１０番７号第２工業ビル４階",,13,113,1500041,,,,,,,2021-03-15,0,,,,,"メジャークリエイション",0
1333,5040001117512,12,1,2026-10-09,2026-09-14,"株式会社Ｍｅａｓｕｒｅ　Ｃｒｅａｔｉｏｎ",,301,"千葉県","千葉市美浜区","打瀬１丁目２番地３セントラルパーク・ウエスト・シータワー２６０１号",,12,106,2610013,,,,,,,2021-03-15,1,,,,,"メジャークリエイション",0
1334,5040001125589,12,0,2026-10-09,2026-09-15,"高沢工業株式会社",,301,"千葉県","千葉市花見川区","み春野３丁目１０番２３号",,12,102,2620007,,,,,,,2022-10-27,1,,,,,"タカサワコウギョウ",0
1335,5040001145505,01,0,2026-10-09,2026-10-09,"グロウリンクス株式会社",,301,"千葉県","船橋市","本町４丁目４０番２３号サドヤサザンテラス２０１号",,12,204,2730005,,,,,,,2026-10-09,1,,,,,"グロウリンクス",0
1336,5040001145513,01,0,2026-10-09,2026-10-09,"株式会社セオサイクル稔台",,301,"千葉県","松戸市","稔台１丁目９番地の１",,12,207,2702231,,,,,,,2026-10-09,1,,,,,"セオサイクルミノリダイ",0
1337,5040001145554,01,0,2026-10-09,2026-10-09,"株式会社危機管理・広報Ｐｒｏオフィス",,301,"千葉県","柏市","松葉町２丁目１８番地１１",,12,217,2770827,,,,,,,2026-10-09,1,,,,,"キキカンリコウホウプロオフィス",0
1338,5040001145587,01,0,2026-10-09,2026-10-09,"株式会社ＩＣＨＩＨＡＣＨＩ",,301,"千葉県","鴨川市","川代３９４番地",,12,223,2960015,,,,,,,2026-10-09,1,,,,,"イチハチ",0
1339,5040001145595,01,0,2026-10-09,2026-10-09,"株式会社ＧＩＦＴ　ＰＬＵＳ",,301,"千葉県","流山市","松ケ丘５丁目６６９番地の７１",,12,220,2700141,,,,,,,2026-10-09,1,,,,,"ギフトプラス",0
1340,5040002029244,01,1,2026-10-09,2015-10-05,"有限会社ジップス",,302,"千葉県","八千代市","八千代台東２丁目４番１２号",,12,221,2760032,,,,,,,2015-10-05,0,,,,,"ジップス",0
1341,5040002029244,21,0,2026-10-09,2026-09-15,"有限会社ジップス",,302,"千葉県","八千代市","八千代台東２丁目４番１２号",,12,221,2760032,,,2026-09-15,01,,,2015-10-05,1,,,,,"ジップス",0
1342,5040003030812,01,0,2026-10-09,2026-10-09,"合同会社Ｍｒ",,305,"千葉県","我孫子市","中里１４０番地の５",,12,222,2701122,,,,,,,2026-10-09,1,,,,,"ミスター",0
1343,5040003030820,01,0,2026-10-09,2026-10-09,"合同会社ＧＯ．ＷＯＲＫＳ",,305,"千葉県","富津市","下飯野２８４２",,12,226,2930006,,,,,,,2026-10-09,1,,,,,"ゴーワークス",0
1344,5040003030853,01,0,2026-10-09,2026-10-09,"合同会社サンライズ３１",,305,"千葉県","大網白里市","四天木乙２８９４番地８０ライズエステシアＤ号室",,12,239,2993203,,,,,,,2026-10-09,1,,,,,"サンライズサンイチ",0
1345,5040005023293,01,0,2026-10-09,2026-10-09,"特定非営利活動法人レミニス回想法の会",,399,"千葉県","船橋市","馬込西２丁目１３番１７号",,12,204,2730855,,,,,,,2026-10-09,1,,,,,"レミニスカイソウホウノカイ",0
1346,5050002028245,21,0,2026-10-09,2026-09-30,"有限会社ジェイアンドアイ",,302,"茨城県","神栖市","賀２１０８番地２３４",,08,232,3140134,,,2026-09-30,01,,,2015-10-05,1,,,,,"ジェイアンドアイ",0
1347,5050003010417,01,0,2026-10-09,2026-10-09,"ＦＵＪＩＭＯ　ＪＡＰＡＮ合同会社",,305,"茨城県","つくば市","東光台１丁目１７番地７",,08,220,3002635,,,,,,,2026-10-09,1,,,,,"フジモジャパン",0
1348,5060001000773,12,0,2026-10-09,2026-10-06,"株式会社ウタネ",,301,"栃木県","小山市","大字出井１９４４番地１８５",,09,208,3230808,,,,,,,2015-10-05,1,,,,,"ウタネ",0
1349,5060001034020,11,0,2026-10-09,2026-10-01,"華通商事株式会社",,301,"栃木県","栃木市","藤岡町富吉１５００－６",,09,203,3290311,,,,,,,2021-08-26,1,,,,,"カトオショウジ",0
1350,5060002013948,01,1,2026-10-09,2015-10-05,"有限会社佐藤設備興業",,302,"栃木県","那須烏山市","三箇３０１０番地３",,09,215,3210531,,,,,,,2015-10-05,1,,,,,"サトウセツビコウギョウ",0
1351,5060003004814,12,0,2026-10-09,2026-10-02,"合同会社セブントレジャー",,305,"栃木県","宇都宮市","東簗瀬１丁目３番地２１",,09,201,3210925,,,,,,,2023-11-24,1,,,,,"セブントレジャー",0
1352,5060003006249,01,0,2026-10-09,2026-10-09,"合同会社トラスト",,305,"栃木県","矢板市","長井１８４４番地",,09,211,3292514,,,,,,,2026-10-09,1,,,,,"トラスト",0
1353,5060003006257,01,0,2026-10-09,2026-10-09,"ＷＭ　ＴＲＡＤＩＮＧ合同会社",,305,"栃木県","宇都宮市","大塚町１６番１６号",,09,201,3210161,,,,,,,2026-10-09,1,,,,,"ダブリューエムトレーディング",0
1354,5070001023749,01,1,2026-10-09,2015-10-05,"株式会社草津温泉浴剤製造所",,301,"群馬県","吾妻郡草津町","大字草津５０７番地の１",,10,426,3771711,,,,,,,2015-10-05,1,,,,,"クサツオンセンヨクザイセイゾウジョ",0
1355,5080101009845,01,1,2026-10-09,2015-10-05,"株式会社望月汽缶",,301,"静岡県","富士市","宮島９１９番地の１",,22,210,4160945,,,,,,,2015-10-05,1,,,,,"モチヅキキカン",0
1356,5080101019233,12,0,2026-10-09,2026-10-07,"熱海ＫＳＧジェットマリーナ株式会社",,301,"東京都","江戸川区","船堀３丁目８番１－１０１３号",,13,123,1340091,,,,,,,2016-07-13,1,,,,,"アタミケイエスジージェットマリーナ",0
1357,5080102020529,01,1,2026-10-09,2015-10-05,"有限会社マンヤ薬局",,302,"静岡県","伊東市","宇佐美１８１４番地",,22,208,4140001,,,,,,,2015-10-05,1,,,,,"マンヤヤッキョク",0
1358,5080402017118,11,0,2026-10-09,2026-10-01,"株式会社新和工業",,301,"静岡県","浜松市中央区","寺脇町１５７０番地の１",,22,138,4300841,,,,,,,2015-10-05,1,,,,,"シンワコウギョウ",0
1359,5090001001364,01,1,2026-10-09,2015-10-05,"株式会社タナカゴールド",,301,"山梨県","甲府市","新田町３番１号",,19,201,4000066,,,,,,,2015-10-05,1,,,,,"タナカゴールド",0
1360,5090001019869,12,0,2026-10-09,2026-10-07,"株式会社ＥＡＣカンパニー",,301,"静岡県","御殿場市","二枚橋４５２番地の１グリーンコートＢ３０３",,22,215,4120021,,,,,,,2026-04-27,1,,,,,"イーエーシーカンパニー",0
1361,5090001020117,01,0,2026-10-09,2026-10-09,"株式会社ヒトヒト",,301,"山梨県","甲府市","中小河原１丁目４番３６号",,19,201,4000855,,,,,,,2026-10-09,1,,,,,"ヒトヒト",0
1362,5090002010182,21,0,2026-10-09,2026-10-05,"有限会社共創マーケット小さなおせわ",,302,"山梨県","都留市","上谷５丁目６番２２号",,19,204,4020053,,,2026-10-05,01,,,2015-10-05,1,,,,,"キョウソウマーケットチイサナオセワ",0
1363,5100001010784,21,0,2026-10-09,2026-10-08,"株式会社武井石業工務店",,301,"長野県","東御市","滋野１５１７番地５",,20,219,3890513,,,2026-10-08,01,,,2015-10-05,1,,,,,"タケイセキギョウコウムテン",0
1364,5100001012095,12,0,2026-10-09,2026-10-02,"株式会社中高電業",,301,"長野県","中野市","西２丁目５番１３号",,20,211,3830021,,,,,,,2015-10-05,1,,,,,"チュウコウデンギョウ",0
1365,5100002029816,01,1,2026-10-09,2015-10-05,"有限会社オールアルミ工業",,302,"長野県","茅野市","玉川８３２３番地",,20,214,3910011,,,,,,,2015-10-05,1,,,,,"オールアルミコウギョウ",0
1366,5100003004181,12,0,2026-10-09,2026-10-06,"合同会社クリエイトガーデン",,305,"東京都","港区","赤坂８丁目４番１４号青山タワープレイス８階",,13,103,1070052,,,,,,,2015-10-05,1,,,,,"クリエイトガーデン",0
1367,5100003008991,01,0,2026-10-09,2026-10-09,"合同会社ル・ポ",,305,"長野県","長野市","大字鶴賀４４８番地アンジュ１０１",,20,201,3800907,,,,,,,2026-10-09,1,,,,,"ルポ",0
1368,5110001027175,01,1,2026-10-09,2015-10-05,"株式会社高橋建築所",,301,"新潟県","南魚沼市","長崎４００番地８",,15,226,9496545,,,,,,,2015-10-05,0,,,,,"タカハシケンチクジョ",0
1369,5110001027175,12,1,2026-10-09,2022-01-05,"株式会社高橋建築所",,301,"新潟県","南魚沼市","長崎３３１番地４",,15,226,9496545,,,,,,,2015-10-05,1,,,,,"タカハシケンチクジョ",0
1370,5120001069340,01,1,2026-10-09,2015-10-05,"ヒグチトラベル株式会社",,301,"大阪府","大阪市北区","堂島２丁目１番３７号",,27,127,5300003,,,,,,,2015-10-05,1,,,,,"ヒグチトラベル",0
1371,5120001104007,12,0,2026-10-09,2026-10-05,"株式会社バーミリオン",,301,"大阪府","大阪市淀川区","西中島３丁目１８番２１号ＮＬＣ新大阪１８号館",,27,123,5320011,,,,,,,2015-10-05,1,,,,,"バーミリオン",0
1372,5120001143847,12,0,2026-10-09,2026-10-01,"株式会社ジェイワンネット",,301,"大阪府","大阪市浪速区","恵美須西２丁目１４番３０号",,27,111,5560003,,,,,,,2015-10-05,1,,,,,"ジェイワンネット",0
1373,5120001144003,21,0,2026-10-09,2026-10-01,"エナジーバンクジャパン株式会社",,301,"大阪府","大阪市中央区","平野町４丁目１番２号",,27,128,5410046,,,2026-10-01,11,8120001224165,"令和８年１０月１日大阪市中央区平野町四丁目１番２号Ｄａｉｇａｓエナジー株式会社（8120001224165）に合併し解散",2015-10-05,1,,,,,"エナジーバンクジャパン",0
1374,5120001159579,01,1,2026-10-09,2015-10-05,"株式会社坂本設計",,301,"大阪府","守口市","大久保町１丁目５２番１１号",,27,209,5700012,,,,,,,2015-10-05,0,,,,,"サカモトセッケイ",0
1375,5120001159579,12,1,2026-10-09,2026-09-29,"株式会社坂本設計",,301,"大阪府","守口市","梶町４丁目５７－７１－１０１",,27,209,5700015,,,,,,,2015-10-05,1,,,,,"サカモトセッケイ",0
1376,5120001204649,21,0,2026-10-09,2026-10-01,"ナショナル流通産業株式会社",,301,"大阪府","大阪市中央区","船場中央３丁目３番９－１１３号",,27,128,5410055,,,2026-10-01,11,9120001042608,"令和８年１０月１日大阪市西区阿波座一丁目１５番１６号キャビン株式会社（9120001042608）に合併し解散",2017-03-31,1,,,,,"ナショナルリュウツウサンギョウ",0
1377,5120001238738,11,0,2026-10-09,2026-10-05,"株式会社ＮＴＴデータ・マーケティングアクト",,301,"大阪府","大阪市都島区","東野田町４丁目１５番８２号",,27,102,5340024,,,,,,,2021-07-05,1,,,,,"エヌティティマーケティングアクトプロクス",0
1378,5120001240363,12,0,2026-10-09,2026-10-01,"仁和ロジスティック株式会社",,301,"大阪府","大阪市淀川区","西中島７丁目１－５ＲｅＴｅｒｒａ新大阪３Ｆ",,27,123,5320011,,,,,,,2021-09-10,1,,,,,"ジンワロジスティック",0
1379,5120001251088,12,0,2026-10-09,2026-10-05,"株式会社ＯＵＩ",,301,"大阪府","大阪市西区","北堀江１丁目２番２７号ＡＸＩＳＳＯＵＴＨ四ツ橋ビル３階",,27,106,5500014,,,,,,,2022-12-15,1,,,,,"ウィ",0
1380,5120001258372,11,0,2026-10-09,2026-09-29,"株式会社つくっと",,301,"大阪府","大阪市北区","中之島６丁目１番３８－７１３号",,27,127,5300005,,,,,,,2023-09-29,1,,,,,"ツクット",0
1381,5120001268000,12,0,2026-10-09,2026-10-01,"グローバルトレード株式会社",,301,"大阪府","大阪市中央区","安堂寺町１丁目３－６－６０２",,27,128,5420061,,,,,,,2024-08-26,1,,,,,"グローバルトレード",0
1382,5120001276556,21,0,2026-10-09,2026-10-05,"＿巨宏株式会社",00139456,301,"大阪府","大阪市城東区","関目５丁目１９番９号関目花博公館５０３Ａ",,27,118,5360008,,,2026-10-05,01,,,2025-06-05,1,,,,,"キンキョコウ",0
1383,5120001280277,12,0,2026-10-09,2026-09-28,"紅杉商事株式会社",,301,"大阪府","大阪市東淀川区","上新庄２丁目２－１９－２階２１０号室",,27,114,5330006,,,,,,,2025-10-06,1,,,,,"セコイアショウジ",0
1384,5120003031083,01,1,2026-10-09,2025-11-04,"合同会社ＥＪＩ",,305,"大阪府","枚方市","堂山３丁目２３番１２号",,27,210,5730007,,,,,,,2025-11-04,1,,,,,"イージェイアイ",0
1385,5120003033600,01,0,2026-10-09,2026-10-09,"Ａ＆Ｓ合同会社",,305,"大阪府","大阪市北区","梅田１丁目１番３号・大阪駅前第３ビル１１階２号室",,27,127,5300001,,,,,,,2026-10-09,1,,,,,"エーアンドエス",0
1386,5120101003455,21,0,2026-10-09,2026-10-06,"ジャパンセキュリティサービス株式会社",,301,"大阪府","堺市北区","東上野芝町２丁２０８番地の４",,27,146,5918035,,,2026-10-06,01,,,2015-10-05,1,,,,,"ジャパンセキュリティサービス",0
1387,5120101034995,12,0,2026-10-09,2026-10-07,"大阪プランナー株式会社",,301,"大阪府","河内長野市","原町１丁目２２－７",,27,216,5860021,,,,,,,2015-10-05,1,,,,,"オオサカプランナー",0
1388,5120102002431,01,1,2026-10-09,2015-10-05,"有限会社シル化成",,302,"大阪府","堺市堺区","山本町２丁７２",,27,141,5900983,,,,,,,2015-10-05,0,,,,,,0
1389,5120102002431,12,1,2026-10-09,2016-09-28,"有限会社シル化成",,301,"大阪府","羽曳野市","広瀬１７５番地の１",,27,222,5830845,,,,,,,2015-10-05,0,,,,,,0
1390,5120102002431,11,1,2026-10-09,2016-09-28,"株式会社シル化成",,301,"大阪府","羽曳野市","広瀬１７５番地の１",,27,222,5830845,,,,,,,2015-10-05,1,,,,,"シルカセイ",0
1391,5120901006137,01,1,2026-10-09,2015-10-05,"エクセレンス住宅販売株式会社",,301,"大阪府","吹田市","千里山東２丁目２６番１８号",,27,205,5650842,,,,,,,2015-10-05,1,,,,,"エクセレンスジュウタクハンバイ",0
1392,5120901030525,01,1,2026-10-09,2015-10-05,"株式会社五輪関西",,301,"大阪府","豊中市","寺内２丁目４番１号緑地駅ビル",,27,203,5610872,,,,,,,2015-10-05,0,,,,,,0
1393,5120901030525,21,0,2026-10-09,2026-10-07,"株式会社五輪関西",,301,"大阪府","豊中市","寺内２丁目４番１号緑地駅ビル",,27,203,5610872,,,2026-10-07,11,6230001000961,"令和８年１０月１日富山市奥田新町１２番３号株式会社五輪（6230001000961）に合併し解散",2015-10-05,1,,,,,,0
1394,5120901039070,21,0,2026-10-09,2026-10-01,"株式会社タカハシ商事",,301,"大阪府","吹田市","川岸町９番１号",,27,205,5640037,,,2026-10-01,11,2120901042507,"令和８年１０月１日大阪府箕面市粟生新家二丁目５番９号株式会社ドリームゲート（2120901042507）に合併し解散",2017-10-16,1,,,,,"タカハシショウジ",0
1395,5120901045481,01,1,2026-10-09,2022-01-19,"株式会社石田花店",,301,"大阪府","高槻市","城北町１丁目２番１０号",,27,207,5690071,,,,,,,2022-01-19,1,,,,,,0
1396,5120905001943,21,0,2026-10-09,2026-10-08,"高槻市測量設計事業協同組合",,399,"大阪府","高槻市","大字奈佐原５番地５",,27,207,5691041,,,2026-10-08,01,,,2015-10-05,1,,,,,"タカツキシソクリョウセッケイ",0
1397,5130001018461,01,1,2026-10-09,2015-10-05,"株式会社箱藤商店",,301,"京都府","京都市下京区","堀川通五条下る柿本町５８０番地の８",,26,106,6008357,,,,,,,2015-10-05,1,,,,,"ハコトウショウテン",0
1398,5130001065082,01,1,2026-10-09,2019-08-14,"桜川株式会社",,301,"京都府","京都市伏見区","深草開土町１２番地７",,26,109,6120806,,,,,,,2019-08-14,1,,,,,"サクラガワ",0
1399,5130001081501,12,0,2026-10-09,2026-10-07,"基石化成株式会社",,301,"大阪府","高槻市","南芥川町４－２６ピアグランデ１０１号室",,27,207,5691124,,,,,,,2026-01-27,1,,,,,"キセキカセイ",0
1400,5130001081526,12,0,2026-10-09,2026-09-28,"株式会社ＧｏｕＳｔｙｌｅ",,301,"京都府","長岡京市","開田４丁目２５－１５",,26,209,6170826,,,,,,,2026-02-04,1,,,,,"ゴウスタイル",0
1401,5130003011737,01,0,2026-10-09,2026-10-09,"ＥＨ合同会社",,305,"京都府","京都市上京区","千本通下立売下る小山町８７７番地プレミアム１０１号",,26,102,6028157,,,,,,,2026-10-09,1,,,,,"イーエイチ",0
1402,5140001012868,12,0,2026-10-09,2026-09-30,"北野商事株式会社",,301,"兵庫県","神戸市中央区","港島中町６丁目１４番地ポートピアプラザＤ棟６０１号",,28,110,6500046,,,,,,,2015-10-05,1,,,,,"キタノショウジ",0
1403,5140001048648,01,1,2026-10-09,2015-10-05,"株式会社荒栄設備工業",,301,"兵庫県","尼崎市","久々知２丁目１５番１２号",,28,202,6610977,,,,,,,2015-10-05,1,,,,,"コウエイセツビコウギョウ",0
1404,5140001061808,01,1,2026-10-09,2015-10-05,"ミツキ産業株式会社",,301,"兵庫県","姫路市","網干区浜田１０００番地の７５",,28,201,6711242,,,,,,,2015-10-05,1,,,,,"ミツキサンギョウ",0
1405,5140001064455,01,1,2026-10-09,2015-10-05,"株式会社ピットロードエム",,301,"兵庫県","姫路市","安富町安志９１２番地",,28,201,6712401,,,,,,,2015-10-05,1,,,,,"ピットロードエム",0
1406,5140001064843,01,1,2026-10-09,2015-10-05,"株式会社マエダ",,301,"兵庫県","姫路市","野里新町２番４３号",,28,201,6700862,,,,,,,2015-10-05,1,,,,,"マエダ",0
1407,5140001101480,01,1,2026-10-09,2016-03-28,"株式会社三聯産業",,301,"兵庫県","神戸市東灘区","魚崎南町５丁目１０番７－３０６号",,28,101,6580025,,,,,,,2016-03-28,0,,,,,"サンレンサンギョウ",0
1408,5140001101480,12,1,2026-10-09,2025-02-03,"株式会社三聯産業",,301,"兵庫県","神戸市中央区","北長狭通８丁目１－２",,28,110,6500012,,,,,,,2016-03-28,1,,,,,"サンレンサンギョウ",0
1409,5140001144208,01,0,2026-10-09,2026-10-09,"Ｎｅｘｕｓ　Ｂｌｏｏｍ株式会社",,301,"兵庫県","神戸市中央区","磯辺通１丁目１番１８号カサベラ国際プラザビル７０７号",,28,110,6510084,,,,,,,2026-10-09,1,,,,,"ネクサスブルーム",0
1410,5140001144216,01,0,2026-10-09,2026-10-09,"株式会社一二三電気",,301,"兵庫県","伊丹市","安堂寺町７丁目４９番地",,28,207,6640864,,,,,,,2026-10-09,1,,,,,"ヒフミデンキ",0
1411,5140001144232,01,0,2026-10-09,2026-10-09,"ＣＯＲＥＦＩＥＬＤ株式会社",,301,"兵庫県","神戸市垂水区","名谷町字猿倉９９番地の３",,28,108,6550852,,,,,,,2026-10-09,1,,,,,"コアフィールド",0
1412,5140001144257,01,0,2026-10-09,2026-10-09,"株式会社ラフテックス",,301,"兵庫県","姫路市","野里東同心町１番１０号",,28,201,6700863,,,,,,,2026-10-09,1,,,,,"ラフテックス",0
1413,5140003024176,01,0,2026-10-09,2026-10-09,"合同会社サウスマウンテン",,305,"兵庫県","芦屋市","上宮川町１番５－９０３号",,28,206,6590061,,,,,,,2026-10-09,1,,,,,"サウスマウンテン",0
1414,5140005016205,01,1,2026-10-09,2015-10-05,"医療法人社団山口歯科診療所",,399,"兵庫県","西宮市","田中町３番１号エイヴィスプラザ２０３",,28,204,6620973,,,,,,,2015-10-05,1,,,,,"ヤマグチシカシンリョウショ",0
1415,5150001002736,12,0,2026-10-09,2026-10-06,"マーシュジャパンエージェンシーネットワーク株式会社",,301,"東京都","港区","赤坂９丁目７番１号",,13,103,1070052,,,,,,,2015-10-05,1,,,,,"マーシュジャパンエージェンシーネットワーク",0
1416,5150001029291,01,0,2026-10-09,2026-10-09,"岡田工業株式会社",,301,"奈良県","生駒郡三郷町","立野北１丁目２６番７０号",,29,343,6360821,,,,,,,2026-10-09,1,,,,,"オカダコウギョウ",0
1417,5160001003601,21,0,2026-10-09,2026-10-06,"多田設工株式会社",,301,"滋賀県","大津市","里６丁目１９番１０号",,25,201,5202276,,,2026-10-06,01,,,2015-10-05,1,,,,,"タダセツコウ",0
1418,5160005010825,21,0,2026-10-09,2026-10-07,"一般社団法人佐目十兵衛会",,399,"滋賀県","犬上郡多賀町","大字佐目４５３番地",,25,443,5220322,,,2026-10-07,01,,,2020-05-14,1,,,,,"サメジュウベイカイ",0
1419,5170001012964,12,0,2026-10-09,2026-10-05,"株式会社一の森運送",,301,"和歌山県","和歌山市","梶取４０番地８",,30,201,6408411,,,,,,,2015-10-05,1,,,,,"イチノモリウンソウ",0
1420,5180001116459,01,1,2026-10-09,2015-10-05,"アドラー・セントラルジャパン株式会社",,301,"愛知県","一宮市","丹陽町外崎字江西５６８番地１",,23,203,4910825,,,,,,,2015-10-05,0,,,,,,0
1421,5180001116459,11,1,2026-10-09,2019-12-19,"ホロナビメディカルテクノロジー株式会社",,301,"愛知県","一宮市","丹陽町外崎字江西５６８番地１",,23,203,4910825,,,,,,,2015-10-05,1,,,,,"ホロナビメディカルテクノロジー",0
1422,5180001157296,21,0,2026-10-09,2026-10-01,"Ａホールディングス株式会社",,301,"愛知県","名古屋市港区","大西１丁目１２４番地の１",,23,111,4550861,,,2026-10-01,11,1010401184893,"令和８年１０月１日名古屋市昭和区御器所三丁目１０番５号Ｂｉｌｌホールディングス株式会社（1010401184893）に合併し解散",2023-07-27,1,,,,,"エーホールディングス",0
1423,5180001173772,01,0,2026-10-09,2026-10-09,"八千代不動産株式会社",,301,"愛知県","名古屋市東区","東桜２丁目３番７号",,23,102,4610005,,,,,,,2026-10-09,1,,,,,"ヤチヨフドウサン",0
1424,5180001173871,01,0,2026-10-09,2026-10-09,"株式会社ライフステップ",,301,"愛知県","名古屋市中区","大須３丁目７番２４号",,23,106,4600011,,,,,,,2026-10-09,1,,,,,"ライフステップ",0
1425,5180001173896,01,0,2026-10-09,2026-10-09,"佐伯運輸株式会社",,301,"愛知県","江南市","高屋町西町４番地",,23,217,4838066,,,,,,,2026-10-09,1,,,,,"サエキウンユ",0
1426,5180002012335,01,1,2026-10-09,2015-10-05,"有限会社ハヤシ家電",,302,"愛知県","名古屋市北区","楠５丁目７０３番地",,23,103,4620012,,,,,,,2015-10-05,1,,,,,"ハヤシカデン",0
1427,5180002032465,21,0,2026-10-09,2026-10-01,"有限会社ハヤセシステム",,302,"愛知県","名古屋市港区","大西１丁目９８番地",,23,111,4550861,,,2026-10-01,01,,,2015-10-05,1,,,,,"ハヤセシステム",0
1428,5180002055862,01,1,2026-10-09,2015-10-05,"有限会社Ｉｎｆｉｎｉ",,302,"愛知県","名古屋市中区","栄１丁目３０番１５号",,23,106,4600008,,,,,,,2015-10-05,0,,,,,"アンフィニ",0
1429,5180002055862,12,1,2026-10-09,2016-02-03,"有限会社Ｉｎｆｉｎｉ",,302,"愛知県","名古屋市中区","丸の内１丁目７番６号",,23,106,4600002,,,,,,,2015-10-05,1,,,,,"アンフィニ",0
1430,5180002060961,11,0,2026-10-09,2026-10-02,"株式会社八千代電工",,301,"愛知県","名古屋市天白区","野並２丁目３６９番地",,23,116,4680045,,,,,,,2015-10-05,1,,,,,"ヤチヨデンコウ",0
1431,5180002062347,12,0,2026-10-09,2026-09-28,"有限会社ソフィア",,302,"愛知県","日進市","岩崎台２丁目２０１０番地",,23,230,4700135,,,,,,,2015-10-05,1,,,,,,0
1432,5180002073385,12,0,2026-10-09,2026-10-02,"有限会社イッツ・スタイル",,302,"岐阜県","多治見市","幸町４丁目４０番地の５",,21,204,5070077,,,,,,,2015-10-05,1,,,,,"イッツスタイル",0
1433,5180002079242,12,0,2026-10-09,2026-09-14,"有限会社アイアイハート",,302,"愛知県","豊田市","御立町８丁目３０番地１フロムエミコＢ号室",,23,211,4710811,,,,,,,2015-10-05,1,,,,,"アイアイハート",0
1434,5180003026549,21,0,2026-10-09,2026-09-24,"合同会社Ｋｏｕｒｙｕ",,305,"愛知県","名古屋市北区","中味鋺３丁目１１１３番地の３",,23,103,4620015,,,2026-09-24,01,,,2024-03-27,1,,,,,"コウリュウ",0
1435,5180003027753,11,0,2026-10-09,2026-09-07,"株式会社ＬＬ",,301,"愛知県","一宮市","宮地２丁目１０番７号ミヤチハイツ１Ｆ",,23,203,4910915,,,,,,,2024-12-17,1,,,,,"エルエル",0
1436,5180003030856,01,0,2026-10-09,2026-10-09,"Ｒｅｍａｋｅ合同会社",,305,"愛知県","春日井市","花長町２丁目２７番地５",,23,206,4860951,,,,,,,2026-10-09,1,,,,,"リメイク",0
1437,5180003030864,01,0,2026-10-09,2026-10-09,"合同会社ＹＵＩＭＡＲＵ",,305,"愛知県","名古屋市南区","大同町５丁目１８番地の１クレフラスト大同Ａ棟１０１号",,23,112,4570811,,,,,,,2026-10-09,1,,,,,"ユイマル",0
1438,5180003030897,01,0,2026-10-09,2026-10-09,"合同会社タビソル",,305,"愛知県","丹羽郡扶桑町","大字斎藤字本新須１１４番地１",,23,362,4800104,,,,,,,2026-10-09,1,,,,,"タビソル",0
1439,5180003030906,01,0,2026-10-09,2026-10-09,"合同会社ＬＩＦＥ‐ＷＩＴＨ",,305,"愛知県","常滑市","明和町４丁目７５番地",,23,216,4790841,,,,,,,2026-10-09,1,,,,,"ライフウィズ",0
1440,5180003030914,01,0,2026-10-09,2026-10-09,"合同会社Ｇｌａｃｉｅｓ",,305,"愛知県","名古屋市中区","栄３丁目３５－４７サン・栄３丁目ビル７０３",,23,106,4600008,,,,,,,2026-10-09,1,,,,,"グラシエス",0
1441,5180003030922,01,0,2026-10-09,2026-10-09,"合同会社ＳＵＮＢＬＯＯＭＳ",,305,"愛知県","名古屋市瑞穂区","惣作町１丁目４",,23,108,4670831,,,,,,,2026-10-09,1,,,,,"サンブルームス",0
1442,5180005019906,12,0,2026-10-09,2026-10-07,"一般社団法人すえながくサポート",,399,"愛知県","西尾市","熊味町北十五夜５４番地",,23,213,4450071,,,,,,,2022-08-25,1,,,,,"スエナガクサポート",0
1443,5180301022076,12,0,2026-10-09,2026-09-29,"株式会社コクヨーサービス",,301,"愛知県","安城市","安城町常福寺２６番地",,23,212,4460026,,,,,,,2015-10-05,1,,,,,"コクヨーサービス",0
1444,5180301026201,01,1,2026-10-09,2015-10-05,"株式会社躍悠",,301,"愛知県","豊川市","萩山町３丁目８番地",,23,207,4420879,,,,,,,2015-10-05,1,,,,,"ヤクユウ",0
1445,5180302019658,21,0,2026-10-09,2026-09-29,"有限会社へきかいコンタクト",,302,"愛知県","知立市","本町本４７番地２",,23,225,4720038,,,2026-09-29,01,,,2015-10-05,1,,,,,"ヘキカイコンタクト",0
1446,5190002007904,12,0,2026-10-09,2026-10-01,"有限会社とち家コーポレーション",,302,"三重県","鈴鹿市","白子１丁目１０番３２号",,24,207,5100243,,,,,,,2015-10-05,1,,,,,,0
1447,5200001020484,71,0,2026-10-09,2026-10-01,"株式会社伊藤商会",,301,"岐阜県","多治見市","本町２丁目６番地",,21,204,5070033,,,,,,"令和８年１０月１日岐阜県多治見市小泉町八丁目８８番地有限会社サンオート（5200002020260）を合併",2015-10-05,1,,,,,"イトウショウカイ",0
1448,5200001021532,01,1,2026-10-09,2015-10-05,"前田陶料株式会社",,301,"岐阜県","土岐市","鶴里町柿野８５３番地",,21,212,5095312,,,,,,,2015-10-05,0,,,,,,0
1449,5200001021532,12,1,2026-10-09,2016-11-14,"前田陶料株式会社",,301,"岐阜県","多治見市","大畑町大洞３番地の５７",,21,204,5070817,,,,,,,2015-10-05,0,,,,,,0
1450,5200001021532,11,1,2026-10-09,2016-11-14,"株式会社アディアム",,301,"岐阜県","多治見市","大畑町大洞３番地の５７",,21,204,5070817,,,,,,,2015-10-05,1,,,,,"アディアム",0
1451,5200001024741,21,0,2026-10-09,2026-09-25,"株式会社奥村木材",,301,"岐阜県","高山市","名田町５丁目７１番地",,21,203,5060021,,,2026-09-25,01,,,2015-10-05,1,,,,,"オクムラモクザイ",0
1452,5200001040169,01,1,2026-10-09,2022-06-14,"ＫＷＳ株式会社",,301,"岐阜県","岐阜市","須賀３丁目１６番１７号",,21,201,5008289,,,,,,,2022-06-14,1,,,,,"ケイダブルエス",0
1453,5200001045531,01,0,2026-10-09,2026-10-09,"株式会社ニカ",,301,"岐阜県","多治見市","富士見町３丁目１５番地の２７",,21,204,5070047,,,,,,,2026-10-09,1,,,,,"ニカ",0
1454,5200002015244,01,1,2026-10-09,2015-10-05,"有限会社アクティブシステム",,302,"岐阜県","揖斐郡池田町","本郷１４１２番地の１",,21,404,5032417,,,,,,,2015-10-05,1,,,,,"アクティブシステム",0
1455,5200002020260,21,0,2026-10-09,2026-10-01,"有限会社サンオート",,302,"岐阜県","多治見市","小泉町８丁目８８番地",,21,204,5070073,,,2026-10-01,11,5200001020484,"令和８年１０月１日岐阜県多治見市本町二丁目６番地株式会社伊藤商会（5200001020484）に合併し解散",2015-10-05,1,,,,,"サンオート",0
1456,5200002022579,12,0,2026-10-09,2026-10-07,"有限会社グリーンポケット",,302,"東京都","港区","海岸１丁目１番１－５３０６号",,13,103,1050022,,,,,,,2015-10-05,1,,,,,"グリーンポケット",0
1457,5200003007240,12,0,2026-10-09,2026-09-28,"合同会社和やかキッチンまごころ",,305,"岐阜県","岐阜市","薮田南３丁目５番２２－５０２号（ビューハイツ薮田）",,21,201,5008384,,,,,,,2026-02-26,1,,,,,"ニコヤカキッチンマゴコロ",0
1458,5220002004071,11,0,2026-10-09,2026-10-01,"株式会社トータルインテリアサカシタ",,301,"石川県","金沢市","弓取町１０５番地",,17,201,9200215,,,,,,,2015-10-05,1,,,,,"トータルインテリアサカシタ",0
1459,5240001017072,01,1,2026-10-09,2015-10-05,"株式会社ＯＭＥＧＡＬＡＮＤ．Ｉ・Ｋ・Ｕ",,301,"広島県","広島市南区","松原町５番１５号７Ｆ",,34,103,7320822,,,,,,,2015-10-05,0,,,,,"オメガランドアイケーユー",0
1460,5240001017072,21,0,2026-10-09,2026-09-30,"株式会社ＯＭＥＧＡＬＡＮＤ．Ｉ・Ｋ・Ｕ",,301,"広島県","広島市南区","松原町５番１５号７Ｆ",,34,103,7320822,,,2026-09-30,01,,,2015-10-05,1,,,,,"オメガランドアイケーユー",0
1461,5240001058117,12,0,2026-10-09,2026-10-02,"株式会社スミタイエ",,301,"広島県","広島市中区","舟入町５番９－１０１号",,34,101,7300841,,,,,,,2021-06-14,1,,,,,"スミタイエ",0
1462,5240002037565,21,0,2026-10-09,2026-10-01,"有限会社江本薬局",,302,"広島県","大竹市","黒川３丁目１６番２０号",,34,211,7390653,,,2026-10-01,01,,,2015-10-05,1,,,,,"エモトヤッキョク",0
1463,5250001008863,12,0,2026-10-09,2026-10-06,"産建工業株式会社",,301,"山口県","下松市","大字末武上１９７番地４",,35,207,7440024,,,,,,,2015-10-05,1,,,,,"サンケンコウギョウ",0
1464,5250002013144,01,1,2026-10-09,2015-10-05,"有限会社サンマルコ",,302,"山口県","萩市","大字今魚店町８番地",,35,204,7580052,,,,,,,2015-10-05,1,,,,,"サンマルコ",0
1465,5260001037168,12,0,2026-10-09,2026-10-05,"株式会社天海",,301,"岡山県","岡山市南区","妹尾４２０９番地",,33,104,7010205,,,,,,,2022-08-24,1,,,,,"テンカイ",0
1466,5260001037746,12,0,2026-10-09,2026-10-06,"株式会社日乃出林業",,301,"岡山県","新見市","高尾２４８２番地５",,33,210,7180003,,,,,,,2023-03-16,1,,,,,"ヒノデリンギョウ",0
1467,5260001041442,01,1,2026-10-09,2026-07-15,"ＫＳＪ２‐４株式会社",,301,"岡山県","岡山市北区","錦町１番１号岡山駅前ビル４階",,33,101,7000902,,,,,,,2026-07-15,1,,,,,"ケイエスジェイツーフォー",0
1468,5260003001956,01,1,2026-10-09,2016-03-18,"合同会社ライフ",,305,"岡山県","岡山市南区","西市２３６番地１",,33,104,7000953,,,,,,,2016-03-18,0,,,,,"ライフ",0
1469,5260003001956,71,1,2026-10-09,2026-10-02,"合同会社ライフ",,305,"岡山県","岡山市南区","西市２３６番地１",,33,104,7000953,,,,,,"令和８年９月３０日岡山市北区大供表町１４番１号株式会社マクロン（7260001033974）を合併",2016-03-18,1,,,,,"ライフ",0
1470,5270003001914,01,0,2026-10-09,2026-10-09,"合同会社ＮＮ",,305,"鳥取県","鳥取市","古海１０７１番地",,31,201,6800921,,,,,,,2026-10-09,1,,,,,"エヌエヌ",0
1471,5290001026952,01,1,2026-10-09,2015-10-05,"株式会社ひめ",,301,"福岡県","福岡市中央区","警固２丁目３番１７－１０２号",,40,133,8100023,,,,,,,2015-10-05,1,,,,,"ヒメ",0
1472,5290001038304,12,0,2026-10-09,2026-09-25,"三紀運輸九州株式会社",,301,"福岡県","糟屋郡粕屋町","江辻西３丁目１８番５号",00145231,40,349,8112312,,,,,,,2015-10-05,1,,,,,"サンキウンユキュウシュウ",0
1473,5290001073458,12,0,2026-10-09,2026-09-28,"ｉＢａｎｋマーケティング株式会社",,301,"福岡県","福岡市中央区","天神４丁目２番３４号",,40,133,8100001,,,,,,,2016-04-07,1,,,,,"アイバンクマーケティング",0
1474,5290001074530,01,1,2026-10-09,2016-07-12,"株式会社原工務店",,301,"福岡県","糟屋郡粕屋町","長者原西２丁目３番７号",,40,349,8112316,,,,,,,2016-07-12,1,,,,,"ハラコウムテン",0
1475,5290001074679,01,1,2026-10-09,2016-07-27,"株式会社マックス福岡",,301,"福岡県","福岡市城南区","七隈３丁目１６番１５号",,40,136,8140133,,,,,,,2016-07-27,1,,,,,"マックスフクオカ",0
1476,5290001113429,12,0,2026-10-09,2026-09-25,"株式会社七福商店",,301,"福岡県","福岡市西区","大字徳永４９０番地２１－１０５号",,40,135,8190375,,,,,,,2026-03-11,1,,,,,"シチフクショウテン",0
1477,5290001115508,01,0,2026-10-09,2026-10-09,"株式会社ママリブ",,301,"福岡県","福岡市中央区","天神１丁目１１番１号ＯＮＥ・ＦＵＫＵОＫＡ・ＢＬＤＧ．７階",,40,133,8100001,,,,,,,2026-10-09,1,,,,,"ママリブ",0
1478,5290001115607,01,0,2026-10-09,2026-10-09,"株式会社Ｃｏｎｔｒａｉｌ",,301,"福岡県","糟屋郡粕屋町","大字仲原２６１５番地１シティ空港東２０３号",,40,349,8112304,,,,,,,2026-10-09,1,,,,,"コントレイル",0
1479,5290001115763,01,0,2026-10-09,2026-10-09,"株式会社ＭＩＬＩＦＥ",,301,"福岡県","宗像市","徳重２丁目２－２",,40,220,8114164,,,,,,,2026-10-09,1,,,,,"ミライフ",0
1480,5290002044912,21,0,2026-10-09,2026-09-25,"有限会社東和工業",,302,"福岡県","嘉穂郡桂川町","大字九郎丸７２８番地１",,40,421,8200602,,,2026-09-25,01,,,2015-10-05,1,,,,,"トウワコウギョウ",0
1481,5290003009336,01,1,2026-10-09,2019-09-05,"Ｔｈｅ　ＳＦ　Ａｓｓｅｔ　Ｍａｎａｇｅｍｅｎｔ合同会社",,305,"福岡県","福岡市早良区","野芥２丁目２８番２２号",,40,137,8140171,,,,,,,2019-09-05,1,,,,,"ジエスエフアセットマネジメント",0
1482,5290803002465,12,0,2026-10-09,2026-10-02,"合同会社川瀬",,305,"福岡県","北九州市戸畑区","中原東１丁目１４番９号",,40,105,8040012,,,,,,,2015-10-05,1,,,,,,0
1483,5320001014078,21,0,2026-10-09,2026-10-01,"株式会社フーガ",,301,"大分県","別府市","照波園町２番４２号",,44,202,8740031,,,2026-10-01,11,6320001007460,"令和８年１０月１日大分市今津留三丁目１３番１７号大分財産コンサル株式会社（6320001007460）に合併し解散",2015-10-05,1,,,,,"フーガ",0
1484,5330001004268,71,0,2026-10-09,2026-10-01,"株式会社ホンダ販売熊本",,301,"熊本県","熊本市東区","東野２丁目８番１号",,43,102,8612106,,,,,,"令和８年１０月１日熊本県人吉市西間下町１０６３番地の１株式会社コガホンダ（3330001015903）を合併",2015-10-05,1,,,,,"ホンダハンバイクマモト",0
1485,5330001006818,01,1,2026-10-09,2015-10-05,"株式会社キタノ住研",,301,"熊本県","熊本市中央区","出水１丁目１番４８号",,43,101,8620941,,,,,,,2015-10-05,1,,,,,"キタノジュウケン",0
1486,5330001034736,01,0,2026-10-09,2026-10-09,"株式会社ＡＤＬＩＮＫ",,301,"熊本県","熊本市北区","植木町岩野１６６番地",,43,105,8610136,,,,,,,2026-10-09,1,,,,,"アドリンク",0
1487,5330005000032,01,1,2026-10-09,2015-10-05,"一般社団法人熊本県果実生産出荷安定基金協会",,399,"熊本県","熊本市東区","小山町１８４６番地",,43,102,8618030,,,,,,,2015-10-05,1,,,,,"クマモトケンカジツセイサンシュッカアンテイキキンキョウカイ",0
1488,5330005000593,01,1,2026-10-09,2015-10-05,"天理教古町分教会",,399,"熊本県","熊本市西区","二本木３丁目１０番２１号",,43,103,8600051,,,,,,,2015-10-05,1,,,,,"テンリキョウフルマチブンキョウカイ",0
1489,5340001020834,12,0,2026-10-09,2026-10-07,"明治屋アイビーフーズ株式会社",,301,"鹿児島県","枕崎市","火之神町７５７番地",,46,204,8980048,,,,,,,2017-12-22,0,,,,,"メイジヤアイビーフーズ",0
1490,5340001020834,11,0,2026-10-09,2026-10-07,"株式会社火之神アイビーフーズ",,301,"鹿児島県","枕崎市","火之神町７５７番地",,46,204,8980048,,,,,,,2017-12-22,1,,,,,"ヒノカミアイビーフーズ",0
1491,5340001027508,12,0,2026-10-09,2026-10-05,"株式会社ＴＳ‐ｈｕｂ",,301,"鹿児島県","霧島市","国分広瀬３丁目１９番８号",,46,218,8994321,,,,,,,2025-07-11,1,,,,,"ティエスハブ",0
1492,5350005005434,12,0,2026-10-09,2026-10-01,"税理士法人都城中央会計事務所",,399,"宮崎県","都城市","今町７２２２番地３",,45,202,8850064,,,,,,,2015-10-05,1,,,,,"ミヤコノジョウチュウオウカイケイジムショ",0
1493,5360001037331,01,0,2026-10-09,2026-10-09,"株式会社ＯＫＣ",,301,"沖縄県","那覇市","田原３丁目５番地９タカラハイムＩＮＮ田原１０１",,47,201,9010156,,,,,,,2026-10-09,1,,,,,"オーケーシー",0
1494,5360003016226,01,0,2026-10-09,2026-10-09,"合同会社ＲＥＤＭＩＮＥ",,305,"沖縄県","那覇市","字宇栄原９５１番地１ニューライフガーデン小禄５０２",,47,201,9010153,,,,,,,2026-10-09,1,,,,,"レッドマイン",0
1495,5370001054318,01,0,2026-10-09,2026-10-09,"株式会社ＥＭＳ",,301,"宮城県","仙台市青葉区","本町２丁目１４番２７号",,04,101,9800014,,,,,,,2026-10-09,1,,,,,"イーエムエス",0
1496,5370302000417,01,1,2026-10-09,2015-10-05,"有限会社エルハウス庄司",,302,"宮城県","東松島市","矢本字新沼４３番地１",,04,214,9810503,,,,,,,2015-10-05,1,,,,,"エルハウスショウジ",0
1497,5380001004296,21,0,2026-10-09,2026-10-05,"株式会社アマノ・プランニング",,301,"福島県","福島市","本内字南街道下３番地の１",,07,201,9600103,,,2026-10-05,01,,,2015-10-05,1,,,,,"アマノプランニング",0
1498,5380001023172,01,1,2026-10-09,2015-10-05,"ユウキ自動車工業株式会社",,301,"福島県","いわき市","小名浜字中原１５番地の２３",,07,204,9718101,,,,,,,2015-10-05,1,,,,,"ユウキジドウシャコウギョウ",0
1499,5380002015053,12,0,2026-10-09,2026-10-02,"株式会社トラベルハウス",,301,"福島県","郡山市","小原田３丁目１８番７号－４０７",,07,203,9638835,,,,,,,2015-10-05,1,,,,,"トラベルハウス",0
1500,5380003006448,01,0,2026-10-09,2026-10-09,"合同会社えねるぎっしゅ",,305,"福島県","田村市","船引町船引字源次郎１１３番地",,07,211,9634312,,,,,,,2026-10-09,1,,,,,"エネルギッシュ",0
1501,5400001017568,01,0,2026-10-09,2026-10-09,"三陸のいき株式会社",,301,"岩手県","大船渡市","盛町字東町６番地５",,03,203,0220003,,,,,,,2026-10-09,1,,,,,"サンリクノイキ",0
1502,5430001030741,01,1,2026-10-09,2015-10-05,"株式会社アンフィニ",,301,"北海道","札幌市中央区","北一条西８丁目２－８",,01,101,0600001,,,,,,,2015-10-05,1,,,,,"インフィニ",0
1503,5430001065969,12,0,2026-10-09,2026-10-05,"サプライズモア株式会社",,301,"北海道","札幌市白石区","北郷九条７丁目６番１５号",,01,104,0030839,,,,,,,2015-10-05,1,,,,,"サプライズモア",0
1504,5430001066802,01,1,2026-10-09,2015-10-05,"Ｅａｓｔ　Ｔｒａｄｉｎｇ　Ｃｏｍｐａｎｙ株式会社",,301,"北海道","札幌市東区","苗穂町４丁目１２番６号",,01,103,0650043,,,,,,,2015-10-05,0,,,,,"イーストトレーディングカンパニー",0
1505,5430001066802,12,1,2026-10-09,2016-12-14,"Ｅａｓｔ　Ｔｒａｄｉｎｇ　Ｃｏｍｐａｎｙ株式会社",,301,"北海道","札幌市西区","平和三条７丁目５番７号",,01,107,0630023,,,,,,,2015-10-05,0,,,,,"イーストトレーディングカンパニー",0
1506,5430001066802,12,1,2026-10-09,2022-07-20,"Ｅａｓｔ　Ｔｒａｄｉｎｇ　Ｃｏｍｐａｎｙ株式会社",,301,"北海道","札幌市西区","平和二条３丁目１０番１５号",,01,107,0630022,,,,,,,2015-10-05,1,,,,,"イーストトレーディングカンパニー",0
1507,5430001097797,01,0,2026-10-09,2026-10-09,"株式会社ＭＡＬＫ",,301,"北海道","札幌市中央区","南二十条西９丁目１番１６－５０３号",,01,101,0640920,,,,,,,2026-10-09,1,,,,,"マルク",0
1508,5430002057255,01,1,2026-10-09,2015-10-05,"有限会社山小小林商店",,302,"北海道","虻田郡倶知安町","北一条西２丁目４番地",,01,400,0440051,,,,,,,2015-10-05,1,,,,,"ヤマココバヤシショウテン",0
1509,5430003013769,12,0,2026-10-09,2026-10-06,"松太郎産業合同会社",,305,"北海道","根室市","緑町２丁目２８番地ＮＫビル３階",,01,223,0870051,,,,,,,2022-04-01,1,,,,,"マツタロウサンギョウ",0
1510,5430003013843,12,0,2026-10-09,2026-10-05,"合同会社石狩再エネデータセンター第１号",,305,"北海道","石狩市","新港中央１丁目７２２番１",,01,235,0613242,,,,,,,2022-04-28,1,,,,,"イシカリサイエネデータセンターダイイチゴウ",0
1511,5430003019519,01,0,2026-10-09,2026-10-09,"合同会社還",,305,"北海道","札幌市中央区","南五条西２４丁目１番２２－１０３号",,01,101,0640805,,,,,,,2026-10-09,1,,,,,"ハナオ",0
1512,5430003019527,01,0,2026-10-09,2026-10-09,"合同会社となりの藤子",,305,"北海道","札幌市北区","あいの里三条８丁目１番２１号",,01,102,0028073,,,,,,,2026-10-09,1,,,,,"トナリノフジコ",0
1513,5460101007918,01,0,2026-10-09,2026-10-09,"ＦＪＴグループホールディングス株式会社",,301,"北海道","帯広市","西十四条北５丁目３番地２６",,01,207,0800044,,,,,,,2026-10-09,1,,,,,"エフジェイティーグループホールディングス",0
1514,5470001021464,01,0,2026-10-09,2026-10-09,"株式会社鴨井住設",,301,"香川県","善通寺市","木徳町９８５番地３",,37,204,7650033,,,,,,,2026-10-09,1,,,,,"カモイジュウセツ",0
1515,5480001006646,01,1,2026-10-09,2015-10-05,"株式会社木本建設",,301,"徳島県","阿南市","椿町宝野９９番地２",,36,204,7791750,,,,,,,2015-10-05,1,,,,,"キモトケンセツ",0
1516,5480001010251,01,1,2026-10-09,2018-02-06,"株式会社ケースタイル",,301,"徳島県","鳴門市","瀬戸町明神字板屋島１３番地４７",,36,202,7710360,,,,,,,2018-02-06,1,,,,,"ケースタイル",0
1517,5480001012058,12,0,2026-10-09,2026-10-02,"株式会社徳島揚重工翔賢",,301,"徳島県","徳島市","住吉３丁目４番３６－２０２号",,36,201,7700861,,,,,,,2023-04-06,1,,,,,"トクシマヨウジュウコウショウケン",0
1518,6010001024999,01,1,2026-10-09,2015-10-05,"株式会社中川堂",,301,"東京都","千代田区","東神田１丁目１４番１号",,13,101,1010031,,,,,,,2015-10-05,1,,,,,"ナカガワドウ",0
1519,6010001052991,12,0,2026-10-09,2026-09-14,"ナガセフードソリューションズ株式会社",,301,"東京都","中央区","日本橋小舟町５番１号",,13,102,1030024,,,,,,,2015-10-05,1,,,,,"ナガセフードソリューションズ",0
1520,6010001104636,01,1,2026-10-09,2015-10-05,"株式会社タイセイプランニング",,301,"東京都","千代田区","神田須田町１丁目１７番地",,13,101,1010041,,,,,,,2015-10-05,1,,,,,"タイセイプランニング",0
1521,6010001133370,11,0,2026-10-09,2026-10-02,"サイブリッジホールディングス合同会社",,305,"東京都","品川区","南品川４丁目４番１７号品川サウスタワー",,13,109,1400004,,,,,,,2015-10-05,1,,,,,"サイブリッジホールディングス",0
1522,6010001149227,01,1,2026-10-09,2015-10-05,"株式会社パッシオーネ",,301,"東京都","大田区","蒲田２丁目７番１２号",,13,111,1440052,,,,,,,2015-10-05,1,,,,,"パッシオーネ",0
1523,6010001153682,11,0,2026-10-09,2026-10-02,"株式会社如水庵",,301,"東京都","多摩市","関戸２丁目３７番地３京王さくらゲート２Ｆ",,13,224,2060011,,,,,,,2015-10-05,1,,,,,"ジョスイアン",0
1524,6010001173400,12,0,2026-10-09,2026-10-06,"株式会社ライフエレメンツ",,301,"東京都","港区","白金台３丁目１０番１０号",,13,103,1080071,,,,,,,2016-02-08,1,,,,,"ライフエレメンツ",0
1525,6010001198810,21,0,2026-10-09,2026-09-02,"株式会社理想環境",,301,"東京都","中央区","日本橋箱崎町３６番２号",,13,102,1030015,,,2026-09-02,11,2011501016151,"令和８年９月１日東京都中央区日本橋箱崎町３６番２号株式会社吉野家ホールディングス（2011501016151）に合併し解散",2019-03-04,1,,,,,"リソウカンキョウ",0
1526,6010001229020,12,0,2026-10-09,2026-10-07,"Ｍｅｅｃｅ株式会社",,301,"東京都","品川区","大井１丁目４７番１号",,13,109,1400014,,,,,,,2022-08-25,1,,,,,"ミース",0
1527,6010001232478,71,0,2026-10-09,2026-10-01,"株式会社Ｄｉｖｅｒｓｉｔｙ　Ｓｔｕｄｙ",,301,"東京都","千代田区","神田駿河台１丁目７番地",,13,101,1010062,,,,,,"令和８年１０月１日東京都千代田区神田駿河台一丁目７番地４小畑ビル４階株式会社Ｌａｃｉｃｕ（8240001049088）を合併",2023-01-25,1,,,,,"ダイバーシティスタディ",0
1528,6010001234805,12,0,2026-10-09,2026-10-06,"株式会社ボルドバイオテクノロジーフューチャー",,301,"東京都","板橋区","板橋３丁目１６番３号",,13,119,1730004,,,,,,,2023-04-26,1,,,,,"ボルドバイオテクノロジーフューチャー",0
1529,6010001238319,12,0,2026-10-09,2026-10-07,"株式会社ＲＴＲカンパニー",,301,"東京都","品川区","北品川１丁目２８番７号ＹＫビル４０３",,13,109,1400001,,,,,,,2023-09-08,1,,,,,"アールティアールカンパニー",0
1530,6010001243269,12,0,2026-10-09,2026-10-07,"ジェイズレーシングチーム株式会社",,301,"東京都","港区","新橋３丁目９番１０号",,13,103,1050004,,,,,,,2024-03-19,1,,,,,"ジェイズレーシングチーム",0
1531,6010001250835,12,0,2026-10-09,2026-10-07,"株式会社ＤＯＮ’Ｔ　ＴＨＩＮＫ　ＦＥＥＬ",,301,"東京都","台東区","浅草３丁目２２番１号",,13,106,1110032,,,,,,,2024-12-20,1,,,,,"ドントシンクフィール",0
1532,6010001269314,01,0,2026-10-09,2026-10-09,"ミカタアセットマネジメント株式会社",,301,"東京都","千代田区","丸の内２丁目２番１号",,13,101,1000005,,,,,,,2026-10-09,1,,,,,"ミカタアセットマネジメント",0
1533,6010001269405,01,0,2026-10-09,2026-10-09,"ポラリス・キャピタル・グループ株式会社",,301,"東京都","千代田区","丸の内１丁目９番１号",,13,101,1000005,,,,,,,2026-10-09,1,,,,,"ポラリスキャピタルグループ",0
1534,6010001269438,01,0,2026-10-09,2026-10-09,"株式会社Ｆｉｔ　ｊｏｂ",,301,"東京都","千代田区","神田三崎町３丁目５番９号天翔オフィス水道橋２１２号室",,13,101,1010061,,,,,,,2026-10-09,1,,,,,"フィットジョブ",0
1535,6010001269446,01,0,2026-10-09,2026-10-09,"株式会社ビッグルーフマネジメント",,301,"東京都","千代田区","神田神保町１丁目１０３番地東京パークタワー２６０８",,13,101,1010051,,,,,,,2026-10-09,1,,,,,"ビッグルーフマネジメント",0
1536,6010001269652,01,0,2026-10-09,2026-10-09,"株式会社ＳＯＬＶＥＲＳ",,301,"東京都","千代田区","神田東松下町３７－２",,13,101,1010042,,,,,,,2026-10-09,1,,,,,"ソルヴァース",0
1537,6010003023842,71,0,2026-10-09,2026-10-01,"合同会社ちよう",,305,"東京都","大田区","大森北６丁目２０－４ＯｈｍｏｒｉＡｐａｒｔｍｅｎｔ",,13,111,1430016,,,,,,"令和８年１０月１日東京都新宿区北新宿２－１５－５トレンドハウス合同会社ロータスランド（4011103006920）を合併",2016-07-19,1,,,,,"チヨウ",0
1538,6010003031936,21,0,2026-10-09,2026-10-02,"合同会社ロバール・ローズ",,305,"東京都","中央区","銀座１丁目２２番１１号銀座大竹ビジデンス２Ｆ",,13,102,1040061,,,2026-10-02,11,7010003029707,"令和８年１０月２日東京都中央区銀座一丁目２２番１１号銀座大竹ビジデンス２Ｆ合同会社レトワール・ブル（7010003029707）に合併し解散",2020-03-24,1,,,,,"ロバールローズ",0
1539,6010003039541,11,0,2026-10-09,2026-09-08,"株式会社日電農",,301,"東京都","中央区","日本橋兜町１７－２兜町第６葉山ビル４Ｆ",,13,102,1030026,,,,,,,2023-01-10,1,,,,,"ニチデンノウ",0
1540,6010003052866,01,0,2026-10-09,2026-10-09,"Ｃｏ‐Ｉｎｎｏｖａｔｅ合同会社",,305,"東京都","中央区","日本橋兜町１７－２兜町第６葉山ビル４Ｆ",,13,102,1030026,,,,,,,2026-10-09,1,,,,,"コイノベート",0
1541,6010003052916,01,0,2026-10-09,2026-10-09,"合同会社ＦＵＪＩ　Ｃａｐｉｔａｌ",,305,"東京都","中央区","月島３丁目１８番１－８０２号",,13,102,1040052,,,,,,,2026-10-09,1,,,,,"フジキャピタル",0
1542,6010003052949,01,0,2026-10-09,2026-10-09,"合同会社大森西インベスターズ",,305,"東京都","中央区","日本橋１丁目４番１号",,13,102,1030027,,,,,,,2026-10-09,1,,,,,"オオモリニシインベスターズ",0
1543,6010003052981,01,0,2026-10-09,2026-10-09,"合同会社アールキャピタルウィン",,305,"東京都","千代田区","丸の内１丁目４番１号東京共同会計事務所内",,13,101,1000005,,,,,,,2026-10-09,1,,,,,"アールキャピタルウィン",0
1544,6010005042394,01,0,2026-10-09,2026-10-09,"一般社団法人Ｃｒｏｓｓ‐Ｃｕｌｔｕｒａｌ　Ｓｔｏｒｙｔｅｌｌｉｎｇ　Ｃｏｎｖｅｒｇｅｎｃｅ　Ｃｏｍｍｕｎｉｃａｔｉｏｎ",,399,"東京都","千代田区","永田町２丁目４番１１号フレンドビル３Ｆ",,13,101,1000014,,,,,,,2026-10-09,1,,,,,"クロスカルチュラルストーリーテリングコンバージェンスコミュニケーション",0
1545,6010101000702,12,0,2026-10-09,2026-10-07,"株式会社オーヒロ興産",,301,"東京都","八王子市","初沢町１４７２番地１４",,13,201,1930845,,,,,,,2015-10-05,1,,,,,"オーヒロコウサン",0
1546,6010102010964,12,0,2026-10-09,2026-10-07,"有限会社イデア進学セミナー",,302,"東京都","八王子市","高倉町５２番地１８パーシモンヒルズ１０５号室",,13,201,1920033,,,,,,,2015-10-05,1,,,,,,0
1547,6010401050141,12,0,2026-10-09,2026-09-04,"株式会社グリーンフィールド・オーバーシーズ・アシスタンス",,301,"東京都","千代田区","隼町３番１９号",,13,101,1020092,,,,,,,2015-10-05,1,,,,,"グリーンフィールドオーバーシーズアシスタンス",0
1548,6010401094782,01,1,2026-10-09,2015-10-05,"ユナイテッド株式会社",,301,"東京都","渋谷区","渋谷１丁目２番５号",,13,113,1500002,,,,,,,2015-10-05,0,,,,,"ユナイテツド",0
1549,6010401094782,71,1,2026-10-09,2016-07-14,"ユナイテッド株式会社",,301,"東京都","渋谷区","渋谷１丁目２番５号",,13,113,1500002,,,,,,"平成２８年７月１日東京都渋谷区渋谷一丁目２番５号ユナイテッドファン株式会社（8011001097645）を合併",2015-10-05,0,,,,,"ユナイテツド",0
1550,6010401094782,71,1,2026-10-09,2017-03-17,"ユナイテッド株式会社",,301,"東京都","渋谷区","渋谷１丁目２番５号",,13,113,1500002,,,,,,"平成２９年３月７日東京都渋谷区渋谷一丁目２番５号ユナイテッド・ドライブ株式会社（3011001102285）を合併",2015-10-05,0,,,,,"ユナイテツド",0
1551,6010401094782,71,1,2026-10-09,2018-07-11,"ユナイテッド株式会社",,301,"東京都","渋谷区","渋谷１丁目２番５号",,13,113,1500002,,,,,,"平成３０年６月３０日東京都渋谷区渋谷一丁目２番５号株式会社ＭＩＷＡＫＵ（8011001115836）を合併",2015-10-05,1,,,,,"ユナイテツド",0
1552,6010401121066,71,0,2026-10-09,2026-09-09,"株式会社家族葬のファミーユ",,301,"東京都","港区","浜松町２丁目２番１２号",,13,103,1050013,,,,,,"令和８年９月１日東京都港区浜松町二丁目２番１２号株式会社きずなホールディングス（2010401131878）を合併",2015-10-21,1,,,,,"カゾクソウノファミーユ",0
1553,6010401159362,21,0,2026-10-09,2026-10-07,"株式会社マスラボ",,301,"東京都","渋谷区","代々木３丁目２２番７号",,13,113,1510053,,,2026-10-07,11,8010401073462,"令和８年９月１日東京都港区麻布台一丁目３番１号株式会社ＳＨＩＦＴ（8010401073462）に合併し解散",2021-04-07,1,,,,,"マスラボ",0
1554,6010401202048,12,0,2026-10-09,2026-10-07,"株式会社ＥＬＹＺＡ　Ｒｏｂｏｔｉｃｓ",,301,"東京都","文京区","本郷３丁目１５番９号",,13,105,1130033,,,,,,,2026-09-14,1,,,,,"イライザロボティクス",0
1555,6010401202485,01,0,2026-10-09,2026-10-09,"株式会社ＰＲＩＶＡ",,301,"東京都","港区","台場１丁目５－４－５０６",,13,103,1350091,,,,,,,2026-10-09,1,,,,,"プライバ",0
1556,6010401202535,01,0,2026-10-09,2026-10-09,"Ｌｉｍｉｎａｌ　Ｊａｐａｎ　Ｃａｐｉｔａｌ株式会社",,301,"東京都","港区","赤坂６丁目６番２０号赤坂ＤＴビル２Ｆ",,13,103,1070052,,,,,,,2026-10-09,1,,,,,"リミナルジャパンキャピタル",0
1557,6010401202543,01,0,2026-10-09,2026-10-09,"株式会社ＳＯＲＡｐｉｓ",,301,"東京都","港区","北青山１丁目３番１号アールキューブ青山３階",,13,103,1070061,,,,,,,2026-10-09,1,,,,,"ソラピス",0
1558,6010401202667,01,0,2026-10-09,2026-10-09,"Ｔｈｅ　ＧＡＲＤＥＮ株式会社",,301,"東京都","港区","芝５丁目３６番４号札の辻スクエア９階",,13,103,1080014,,,,,,,2026-10-09,1,,,,,"ザガーデン",0
1559,6010401202675,01,0,2026-10-09,2026-10-09,"株式会社ＡＴＢ",,301,"東京都","港区","虎ノ門４丁目３番１号城山トラストタワー２７階",,13,103,1050001,,,,,,,2026-10-09,1,,,,,"エーティービー",0
1560,6010401202683,01,0,2026-10-09,2026-10-09,"Ａｎｃｈｏｒ‐ＩＧＣ　ＧＰ株式会社",,301,"東京都","港区","虎ノ門１丁目２３番１号虎ノ門ヒルズ森タワー１１階",,13,103,1050001,,,,,,,2026-10-09,1,,,,,"アンカーアイジーシージーピー",0
1561,6010401202700,01,0,2026-10-09,2026-10-09,"株式会社ＳｕｒｐａｓｓＯｎｅ",,301,"東京都","港区","芝１丁目３番９号",,13,103,1050014,,,,,,,2026-10-09,1,,,,,"サーパスワン",0
1562,6010401202766,01,0,2026-10-09,2026-10-09,"石綿環境テック株式会社",,301,"東京都","港区","西新橋３丁目２４番１０号ハリファックス御成門ビル６階",,13,103,1050003,,,,,,,2026-10-09,1,,,,,"イシワタカンキョウテック",0
1563,6010402005623,21,0,2026-10-09,2026-09-25,"有限会社サントピア",,302,"東京都","港区","芝５丁目３３番１１号",,13,103,1080014,,,2026-09-25,01,,,2015-10-05,1,,,,,"サントピア",0
1564,6010403039199,01,0,2026-10-09,2026-10-09,"合同会社Ｅｉｇｈｔ　ｆｉｇｕｒｅｓ",,305,"東京都","港区","北青山１丁目３‐３三橋ビル３階",,13,103,1070061,,,,,,,2026-10-09,1,,,,,"エイトフィギュアズ",0
1565,6010403039224,01,0,2026-10-09,2026-10-09,"合同会社ＣＲＯＳＳＡＲＣ",,305,"東京都","港区","新橋４丁目２１－３新橋東急ビル２Ｆ・３Ｆ",,13,103,1050004,,,,,,,2026-10-09,1,,,,,"クロスアーク",0
1566,6010403039232,01,0,2026-10-09,2026-10-09,"合同会社ＸＹＺＳＣＯＰＥ",,305,"東京都","港区","赤坂４丁目７－６赤坂ビジネスコート２Ｆ～４Ｆ",,13,103,1070052,,,,,,,2026-10-09,1,,,,,"エックスワイゼットスコープ",0
1567,6010403039240,01,0,2026-10-09,2026-10-09,"合同会社ＣＲＯＳＳＰＯＲＴＡＬ",,305,"東京都","港区","六本木６丁目１－２０六本木電気ビル５Ｆ～７Ｆ",,13,103,1060032,,,,,,,2026-10-09,1,,,,,"クロスポータル",0
1568,6010403039265,01,0,2026-10-09,2026-10-09,"ＤＡＫＳＯＬＵＴＩＯＮＳ合同会社",,305,"東京都","港区","北青山１丁目３－３三橋ビル３階",,13,103,1070061,,,,,,,2026-10-09,1,,,,,"ダクソリューションズ",0
1569,6010403039273,01,0,2026-10-09,2026-10-09,"合同会社Ｒｅｍ",,305,"東京都","港区","芝４丁目１６番１－１１１５号",,13,103,1080014,,,,,,,2026-10-09,1,,,,,"レム",0
1570,6010403039307,01,0,2026-10-09,2026-10-09,"ＴＭパワーリンク合同会社",,305,"東京都","港区","西新橋１丁目１８番１７号明産西新橋ビル３Ｆ",,13,103,1050003,,,,,,,2026-10-09,1,,,,,"ティーエムパワーリンク",0
1571,6010403039331,01,0,2026-10-09,2026-10-09,"ＡＲＤＥＮ合同会社",,305,"東京都","港区","芝大門２丁目１番１８号",,13,103,1050012,,,,,,,2026-10-09,1,,,,,"アーデン",0
1572,6010405026261,01,0,2026-10-09,2026-10-09,"妙高山一般社団法人",,399,"東京都","港区","六本木１丁目６番１号泉ガーデンタワーＫＰＭＧ税理士法人内",,13,103,1060032,,,,,,,2026-10-09,1,,,,,"ミョウコウサン",0
1573,6010501056550,01,0,2026-10-09,2026-10-09,"ＸｂｏｔＧｏ株式会社",,301,"東京都","台東区","台東２丁目２７番３号ＮＳＫビル１０Ｆ",,13,106,1100016,,,,,,,2026-10-09,1,,,,,"エックスボットゴー",0
1574,6010601039678,12,0,2026-10-09,2026-10-07,"株式会社アーキライツ",,301,"千葉県","長生郡睦沢町","長楽寺６２２番地３２",,12,422,2994421,,,,,,,2015-10-05,1,,,,,"アーキライツ",0
1575,6010601040090,01,1,2026-10-09,2015-10-05,"株式会社ミライト・ホールディングス",,301,"東京都","江東区","豊洲５丁目６番３６号",,13,108,1350061,,,,,,,2015-10-05,0,,,,,"ミライトホールディングス",0
1576,6010601040090,11,1,2026-10-09,2022-07-15,"株式会社ミライト・ワン",,301,"東京都","江東区","豊洲５丁目６番３６号",,13,108,1350061,,,,,,,2015-10-05,0,,,,,,0
1577,6010601040090,71,1,2026-10-09,2022-07-15,"株式会社ミライト・ワン",,301,"東京都","江東区","豊洲５丁目６番３６号",,13,108,1350061,,,,,,"令和４年７月１日東京都江東区豊洲五丁目６番３６号株式会社ミライト（2010601040251）を合併令和４年７月１日大阪市西区江戸堀三丁目３番１５号株式会社ミライト・テクノロジーズ（4120001048989）を合併",2015-10-05,0,,,,,,0
1578,6010601040090,12,1,2026-10-09,2026-03-25,"株式会社ミライト・ワン",,301,"東京都","港区","虎ノ門２丁目２番３号",,13,103,1050001,,,,,,,2015-10-05,0,,,,,,0
1579,6010601040090,71,1,2026-10-09,2026-10-01,"株式会社ミライト・ワン",,301,"東京都","港区","虎ノ門２丁目２番３号",,13,103,1050001,,,,,,"令和８年１０月１日東京都港区東新橋二丁目３番３号株式会社ミライト・ワン・システムズ（2120901016130）を合併",2015-10-05,1,,,,,,0
1580,6010601061013,01,1,2026-10-09,2022-04-19,"株式会社チャンピオンフードサービス",,301,"東京都","江東区","東砂７丁目１８番１０－７０１号",,13,108,1360074,,,,,,,2022-04-19,1,,,,,,0
1581,6010601069923,01,0,2026-10-09,2026-10-09,"株式会社ＺｅｒｏＤｕｓｔ",,301,"東京都","墨田区","八広５丁目１６－３－１０１",,13,107,1310041,,,,,,,2026-10-09,1,,,,,"ゼロダスト",0
1582,6010603005554,11,0,2026-10-09,2026-10-01,"株式会社ロボコネクト",,301,"東京都","江東区","亀戸１丁目３３番３－１０１号",,13,108,1360071,,,,,,,2015-10-05,1,,,,,"ロボコネクト",0
1583,6010603008094,12,0,2026-10-09,2026-10-06,"合同会社匠",,305,"東京都","港区","芝２丁目２７番８号１００２号室",,13,103,1050014,,,,,,,2019-12-03,1,,,,,"タクミ",0
1584,6010701050246,01,0,2026-10-09,2026-10-09,"株式会社ウニコネクスト",,301,"東京都","品川区","東品川２丁目２番４号天王洲ファーストタワー１７階１７７１号室",,13,109,1400002,,,,,,,2026-10-09,1,,,,,"ウニコネクスト",0
1585,6010702008482,12,0,2026-10-09,2026-10-07,"八百吉商事有限会社",,302,"東京都","品川区","東五反田１丁目４番１１号",,13,109,1410022,,,,,,,2015-10-05,1,,,,,"ヤオキチショウジ",0
1586,6010801029735,12,0,2026-10-09,2026-10-06,"株式会社タウルス・ソフトウエア・グループ・ホールディングス",,301,"東京都","江東区","青海２丁目７番４号ｔｈｅＳＯＨＯ８２２号室",,13,108,1350064,,,,,,,2019-04-05,1,,,,,"タウルスソフトウエアグループホールディングス",0
1587,6011001069332,12,0,2026-10-09,2026-09-10,"Ａｃｔｉｖｉｓｉｏｎ　Ｂｌｉｚｚａｒｄ　Ｊａｐａｎ株式会社",,301,"東京都","港区","港南２丁目１６番３号品川グランドセントラルタワー",,13,103,1080075,,,,,,,2015-10-05,1,,,,,"アクティビジョンブリザードジャパン",0
1588,6011001096260,21,0,2026-10-09,2026-10-06,"白山御廟販売株式会社",,301,"東京都","文京区","白山５丁目１番３号東京富山会館ビルディング５階",,13,105,1120001,,,2026-10-06,11,7430001075074,"令和８年１０月１日札幌市中央区南二条西八丁目１２番１号日本霊廟株式会社（7430001075074）に合併し解散",2015-10-05,1,,,,,"ハクサンゴビョウハンバイ",0
1589,6011001149778,12,0,2026-10-09,2026-09-15,"株式会社ＬＯＷＷ",,301,"東京都","目黒区","自由が丘２丁目１６番１２号",,13,110,1520035,,,,,,,2022-09-16,1,,,,,"ロウ",0
1590,6011001180675,01,0,2026-10-09,2026-10-09,"株式会社ＣＡＰＲＩＳＥ",,301,"東京都","渋谷区","富ヶ谷１丁目３８番１７号",,13,113,1510063,,,,,,,2026-10-09,1,,,,,"カプリス",0
1591,6011001180816,01,0,2026-10-09,2026-10-09,"株式会社ＤＯＷＯＤＩＳ",,301,"東京都","渋谷区","恵比寿４丁目１番２２－２０１号",,13,113,1500013,,,,,,,2026-10-09,1,,,,,"ドウォディーズ",0
1592,6011001180832,01,0,2026-10-09,2026-10-09,"株式会社グライズホールディングス",,301,"東京都","渋谷区","渋谷３丁目１０番１３号",,13,113,1500002,,,,,,,2026-10-09,1,,,,,"グライズホールディングス",0
1593,6011001180931,01,0,2026-10-09,2026-10-09,"株式会社Ａｂｂｙ　ａｕｃｔｉｏｎ",,301,"東京都","渋谷区","代官山町１１番１２号ＣｏｚｙＰｌａｃｅ代官山５Ｆ",,13,113,1500034,,,,,,,2026-10-09,1,,,,,"アビーオークション",0
1594,6011003025449,01,0,2026-10-09,2026-10-09,"合同会社純太ＪＡＰＡＮ",,305,"東京都","渋谷区","本町３丁目４１番１８号山本ビル１階",,13,113,1510071,,,,,,,2026-10-09,1,,,,,"ジュンタジャパン",0
1595,6011005003386,12,0,2026-10-09,2026-09-28,"一般財団法人知的資産活用センター",,399,"東京都","渋谷区","恵比寿２丁目２３番３号広尾Ｓビル３階",,13,113,1500013,,,,,,,2015-10-05,1,,,,,"チテキシサンカツヨウセンター",0
1596,6011101036777,01,1,2026-10-09,2015-10-05,"株式会社マミーサンクス",,301,"東京都","新宿区","新宿１丁目１９番１０号",,13,104,1600022,,,,,,,2015-10-05,1,,,,,"マミーサンクス",0
1597,6011101106514,11,0,2026-10-09,2026-10-05,"株式会社恩尚日和",,301,"東京都","江戸川区","中央２丁目８番２２号",,13,123,1320021,,,,,,,2024-03-14,1,,,,,"オンショウビヨリ",0
1598,6011101111992,12,0,2026-10-09,2026-10-06,"株式会社ＲｅＳｋｉｌｌｉｎｇ",,301,"東京都","渋谷区","桜丘町２６－１セルリアンタワー１５階",,13,113,1500031,,,,,,,2025-06-09,1,,,,,"リスキリング",0
1599,6011101113717,21,0,2026-10-09,2026-09-17,"ＩＫＤ株式会社",,301,"東京都","新宿区","西新宿３丁目３番１３号西新宿水間ビル６階",,13,104,1600023,,,2026-09-17,01,,,2025-11-04,1,,,,,"アイケーディー",0
1600,6011101117635,01,0,2026-10-09,2026-10-09,"株式会社スターランス",,301,"東京都","新宿区","西新宿３丁目３番１３号西新宿水間ビル６階",,13,104,1600023,,,,,,,2026-10-09,1,,,,,"スターランス",0
1601,6011101117684,01,0,2026-10-09,2026-10-09,"Ｇ空間Ｂｉｚ企画株式会社",,301,"東京都","新宿区","西新宿６丁目５番１号新宿アイランドタワー２階",,13,104,1600023,,,,,,,2026-10-09,1,,,,,"ジークウカンビズキカク",0
1602,6011102012769,01,1,2026-10-09,2015-10-05,"有限会社明月",,302,"東京都","新宿区","神楽坂３丁目１番地",,13,104,1620825,,,,,,,2015-10-05,1,,,,,"メイゲツ",0
1603,6011103011613,21,0,2026-10-09,2026-09-11,"コドリントン・ジャパン合同会社",,305,"東京都","新宿区","西新宿３丁目７番１号新宿パークタワー３０階",,13,104,1600023,,,2026-09-11,01,,,2022-03-31,1,,,,,"コドリントンジャパン",0
1604,6011103018063,01,0,2026-10-09,2026-10-09,"合同会社ＴＫＥ",,305,"東京都","新宿区","西新宿４丁目３２番１１－５１２号",,13,104,1600023,,,,,,,2026-10-09,1,,,,,"ティーケーイー",0
1605,6011103018071,01,0,2026-10-09,2026-10-09,"合同会社Ｓｉｇｎａｌ　Ａｒｋ",,305,"東京都","新宿区","西新宿３丁目３番１３号西新宿水間ビル２Ｆ",,13,104,1600023,,,,,,,2026-10-09,1,,,,,"シグナルアーク",0
1606,6011201001359,21,0,2026-10-09,2026-10-07,"株式会社協栄電気工事",,301,"東京都","中野区","東中野３丁目１番６号",,13,114,1640003,,,2026-10-07,01,,,2015-10-05,1,,,,,"キョウエイデンキコウジ",0
1607,6011201023816,12,0,2026-10-09,2026-10-05,"株式会社トキワサービス",,301,"東京都","中野区","中野６丁目２番１９号ＫＡｎｓ１Ｆ、Ｂ１Ｆ",,13,114,1640001,,,,,,,2022-05-10,1,,,,,"トキワサービス",0
1608,6011201025639,21,0,2026-10-09,2026-10-06,"株式会社ＡＳＣ",,301,"東京都","中野区","中野４丁目１０番２号中野セントラルパークサウス２階",,13,114,1640001,,,2026-10-06,01,,,2024-07-18,1,,,,,"エーエスシー",0
1609,6011203002933,12,0,2026-10-09,2026-10-05,"合同会社えるそる",,305,"東京都","中野区","野方４丁目４１番１２号ジュンゲルハウス１０２",,13,114,1650027,,,,,,,2019-01-16,1,,,,,"エルソル",0
1610,6011403004127,11,0,2026-10-09,2026-09-17,"株式会社ＳＭＫ",,301,"東京都","板橋区","徳丸３丁目１５番１４号２Ｆ",,13,119,1750083,,,,,,,2023-09-27,1,,,,,"エスエムケイ",0
1611,6011601019918,01,1,2026-10-09,2015-10-05,"株式会社クリーンアゲイン",,301,"東京都","練馬区","南大泉４丁目３９番３２号",,13,120,1780064,,,,,,,2015-10-05,1,,,,,"クリーンアゲイン",0
1612,6011601026237,21,0,2026-10-09,2026-10-06,"株式会社優助",,301,"東京都","練馬区","羽沢２丁目６番９号－１０２号",,13,120,1760003,,,2026-10-06,01,,,2022-09-12,1,,,,,"ユウジョウ",0
1613,6011601026963,12,0,2026-10-09,2026-10-06,"株式会社ＥＳＥマネージメント",,301,"東京都","練馬区","東大泉４丁目２－５",,13,120,1780063,,,,,,,2023-07-10,1,,,,,"イーエスイーマネージメント",0
1614,6011603005288,01,0,2026-10-09,2026-10-09,"合同会社Ｃｏｄｅ",,305,"東京都","練馬区","豊玉南１丁目１８－２１",,13,120,1760014,,,,,,,2026-10-09,1,,,,,"コード",0
1615,6011701017788,01,1,2026-10-09,2015-10-05,"株式会社Ｆｕｇａ",,301,"東京都","江戸川区","松江５丁目１２番１０号",,13,123,1320025,,,,,,,2015-10-05,0,,,,,,0
1616,6011701017788,11,1,2026-10-09,2016-04-11,"ミレニアムジャパン東京スタジオ株式会社",,301,"東京都","江戸川区","松江５丁目１２番１０号",,13,123,1320025,,,,,,,2015-10-05,0,,,,,,0
1617,6011701017788,12,1,2026-10-09,2016-04-14,"ミレニアムジャパン東京スタジオ株式会社",,301,"東京都","渋谷区","神宮前１丁目１０番９号",,13,113,1500001,,,,,,,2015-10-05,0,,,,,,0
1618,6011701017788,11,1,2026-10-09,2017-05-17,"株式会社シーファスト不動産管理",,301,"東京都","渋谷区","神宮前１丁目１０番９号",,13,113,1500001,,,,,,,2015-10-05,0,,,,,"シーファストフドウサンカンリ",0
1619,6011701017788,12,1,2026-10-09,2017-05-23,"株式会社シーファスト不動産管理",,301,"東京都","港区","西新橋１丁目１７番１１号",,13,103,1050003,,,,,,,2015-10-05,1,,,,,"シーファストフドウサンカンリ",0
1620,6011701021798,01,1,2026-10-09,2018-06-04,"ＩＴＭ・圏央住建株式会社",,301,"東京都","江戸川区","松江１丁目７番１号",,13,123,1320025,,,,,,,2018-06-04,1,,,,,"アイティエムケンオウジュウケン",0
1621,6011701024842,12,0,2026-10-09,2026-09-14,"株式会社ヴィジョニスト",,301,"東京都","千代田区","神田小川町１丁目１１番地",,13,101,1010052,,,,,,,2021-11-15,1,,,,,"ヴィジョニスト",0
1622,6011703003588,11,0,2026-10-09,2026-10-01,"株式会社ＥＩＧＨＴＣＲＡＦＴ",,301,"東京都","江戸川区","北小岩８丁目１－８",,13,123,1330051,,,,,,,2023-09-07,1,,,,,"エイトクラフト",0
1623,6011801048485,01,0,2026-10-09,2026-10-09,"株式会社ＢＡＳＥ８８",,301,"東京都","葛飾区","亀有３丁目３２番３号第二伊藤ビル２階",,13,122,1250061,,,,,,,2026-10-09,1,,,,,"ベースハチハチ",0
1624,6011802019758,01,1,2026-10-09,2015-10-05,"有限会社山技加工",,302,"東京都","足立区","鹿浜４丁目２７番１７号",,13,121,1230864,,,,,,,2015-10-05,1,,,,,"ヤマギカコウ",0
1625,6012303002385,01,0,2026-10-09,2026-10-09,"合同会社Ａｓｓｅｔ　Ｒｏａｄ",,305,"東京都","町田市","金森２丁目２５番１６号１",,13,209,1940012,,,,,,,2026-10-09,1,,,,,"アセットロード",0
1626,6012401010769,21,0,2026-10-09,2026-10-07,"株式会社ホーユーコーポレーション",,301,"東京都","武蔵野市","中町１丁目２３番１号",,13,203,1800006,,,2026-10-07,11,8012401019024,"令和８年１０月１日東京都新宿区西新宿二丁目６番１号新宿住友ビル３１階アグレ都市デザイン株式会社（8012401019024）に合併し解散",2015-10-05,1,,,,,"ホーユーコーポレーション",0
1627,6012703003636,01,0,2026-10-09,2026-10-09,"合同会社ベンタス",,305,"東京都","西東京市","ひばりが丘１丁目４番３号ケイアイビル３階",,13,229,2020001,,,,,,,2026-10-09,1,,,,,"ベンタス",0
1628,6013301049195,12,0,2026-10-09,2026-09-30,"株式会社Ｂｕｚｚ",,301,"東京都","豊島区","南池袋１丁目１６番１５号ダイヤゲート池袋５階",,13,116,1710022,,,,,,,2022-06-06,1,,,,,"バズ",0
1629,6020001032811,12,0,2026-10-09,2026-10-06,"株式会社小野設備",,301,"神奈川県","横須賀市","吉井４丁目９番７号",,14,201,2390804,,,,,,,2015-10-05,1,,,,,"オノセツビ",0
1630,6020001114691,12,0,2026-10-09,2026-09-15,"株式会社ＤＥＫＩ企画",,301,"神奈川県","横浜市都筑区","早渕１丁目３番１５号",,14,118,2240025,,,,,,,2016-02-09,1,,,,,"デキキカク",0
1631,6020001117109,01,1,2026-10-09,2016-07-21,"株式会社イクティズム",,301,"神奈川県","横浜市都筑区","中川中央１丁目３番３号パークホームズセンター北２０４",,14,118,2240003,,,,,,,2016-07-21,1,,,,,"イクティズム",0
1632,6020001135820,11,0,2026-10-09,2026-09-28,"株式会社ＡＬＡ",,301,"神奈川県","川崎市高津区","梶ケ谷２丁目４番地１",,14,134,2130015,,,,,,,2020-04-17,1,,,,,"アラ",0
1633,6020001154969,21,0,2026-10-09,2026-09-28,"株式会社エイチ・エス企画",,301,"神奈川県","横浜市神奈川区","片倉２丁目１０番５号",,14,102,2210865,,,2026-09-28,01,,,2023-12-19,1,,,,,"エイチエスキカク",0
1634,6020001165198,12,0,2026-10-09,2026-10-06,"ＮＸＴ株式会社",,301,"神奈川県","横浜市保土ケ谷区","天王町２丁目４２番地２天王町団地２棟１４１９号",,14,106,2400003,,,,,,,2025-10-06,1,,,,,"エヌエックスティー",0
1635,6020001169488,12,0,2026-10-09,2026-09-10,"株式会社Ｒａｉｚ",,301,"神奈川県","横浜市港南区","港南台７丁目４１番１号Ｆｅｌｉｓｅ１０１",,14,111,2340054,,,,,,,2026-07-23,1,,,,,"ライズ",0
1636,6020001169975,12,0,2026-10-09,2026-09-18,"株式会社心晴・心満",,301,"神奈川県","横浜市泉区","緑園７丁目６－５ゼフィールマンションＢ棟２０６",,14,116,2450002,,,,,,,2026-08-17,1,,,,,"ハレタトミチル",0
1637,6020001170628,01,0,2026-10-09,2026-10-09,"株式会社ＷｏｒｋＢｙｅＢｙｅ",,301,"神奈川県","川崎市幸区","中幸町４丁目１９番地川崎パークホームズ３０４",,14,132,2120012,,,,,,,2026-10-09,1,,,,,"ワークバイバイ",0
1638,6020001170636,01,0,2026-10-09,2026-10-09,"株式会社くらグループ",,301,"神奈川県","横浜市中区","本郷町２丁目４９番地・２Ｆ",,14,104,2310843,,,,,,,2026-10-09,1,,,,,"クラグループ",0
1639,6020002088662,01,1,2026-10-09,2015-10-05,"有限会社川井工業",,302,"神奈川県","川崎市高津区","下作延４丁目２０番２５号",,14,134,2130033,,,,,,,2015-10-05,1,,,,,"カワイコウギョウ",0
1640,6020005015886,01,1,2026-10-09,2023-03-15,"医療法人静穂会",,399,"神奈川県","川崎市宮前区","宮崎２丁目１０－２－３Ｆ",,14,136,2160033,,,,,,,2023-03-15,1,,,,,"シズホカイ",0
1641,6021001011136,01,1,2026-10-09,2015-10-05,"朝日総業株式会社",,301,"神奈川県","相模原市南区","若松３丁目３２番８号",,14,153,2520334,,,,,,,2015-10-05,1,,,,,"アサヒソウギョウ",0
1642,6021001061370,12,0,2026-10-09,2026-10-06,"株式会社ＤＡＩＷＡ",,301,"神奈川県","相模原市緑区","大島１１番地１３２",,14,151,2520135,,,,,,,2017-02-13,1,,,,,"ダイワ",0
1643,6021002032288,01,1,2026-10-09,2015-10-05,"有限会社大道",,302,"神奈川県","厚木市","中町２丁目１番２２号",,14,212,2430018,,,,,,,2015-10-05,0,,,,,"ダイドウ",0
1644,6021002032288,12,1,2026-10-09,2017-11-16,"有限会社大道",,302,"東京都","国分寺市","西町５丁目２１番４号",,13,214,1850035,,,,,,,2015-10-05,1,,,,,"ダイドウ",0
1645,6021003017965,01,0,2026-10-09,2026-10-09,"山‐人‐海合同会社",,305,"神奈川県","平塚市","袖ケ浜９番１２号",,14,203,2540813,,,,,,,2026-10-09,1,,,,,"ヤマトウミ",0
1646,6030001064861,01,1,2026-10-09,2015-10-05,"都交通株式会社",,301,"埼玉県","越谷市","宮本町５丁目２９番地４",,11,222,3430806,,,,,,,2015-10-05,0,,,,,"ミヤココウツウ",0
1647,6030001064861,11,1,2026-10-09,2018-08-21,"飛鳥交通株式会社",,301,"埼玉県","越谷市","宮本町５丁目２９番地４",,11,222,3430806,,,,,,,2015-10-05,0,,,,,,0
1648,6030001064861,12,1,2026-10-09,2021-06-10,"飛鳥交通株式会社",,301,"埼玉県","越谷市","大字南荻島１７６番地５",,11,222,3430804,,,,,,,2015-10-05,1,,,,,,0
1649,6030001172821,12,0,2026-10-09,2026-10-06,"株式会社エモノワ",,301,"東京都","目黒区","上目黒３丁目１番２号昭和イーティングビル１階",,13,110,1530051,,,,,,,2026-06-15,1,,,,,"エモノワ",0
1650,6030001174545,01,0,2026-10-09,2026-10-09,"エスメンテ株式会社",,301,"埼玉県","草加市","氷川町１４６８番地７",,11,221,3400034,,,,,,,2026-10-09,1,,,,,"エスメンテ",0
1651,6030001174578,01,0,2026-10-09,2026-10-09,"株式会社ハナビスタ",,301,"埼玉県","さいたま市南区","辻７丁目８－１７",00145237,11,108,3360026,,,,,,,2026-10-09,1,,,,,"ハナビスタ",0
1652,6030003010590,12,0,2026-10-09,2026-10-06,"合同会社クニコーポレーション",,305,"東京都","中央区","銀座１丁目１２番４号Ｎ＆ＥＢＬＤ．６Ｆ",,13,102,1040061,,,,,,,2017-08-02,1,,,,,"クニコーポレーション",0
1653,6030003030093,01,0,2026-10-09,2026-10-09,"合同会社ＴＫＴ",,305,"埼玉県","さいたま市桜区","大字五関８５１－１１",,11,106,3380815,,,,,,,2026-10-09,1,,,,,"ティーケーティー",0
1654,6040001050670,21,0,2026-10-09,2026-09-15,"株式会社スズトヨ",,301,"千葉県","木更津市","富士見１丁目７番１２号",,12,206,2920831,,,2026-09-15,01,,,2015-10-05,1,,,,,"スズトヨ",0
1655,6040001061313,01,1,2026-10-09,2015-10-05,"株式会社中宿総業",,301,"千葉県","山武郡芝山町","菱田１１２２番地３",,12,409,2891602,,,,,,,2015-10-05,1,,,,,"ナカジュクソウギョウ",0
1656,6040001121876,12,0,2026-10-09,2026-09-14,"カーテンコール株式会社",,301,"千葉県","船橋市","本町７丁目１２番２０号",,12,204,2730005,,,,,,,2022-01-21,1,,,,,"カーテンコール",0
1657,6040001125010,11,0,2026-10-09,2026-09-09,"ＭＯＯＮ株式会社",,301,"千葉県","佐倉市","鏑木町１丁目１０－４リバーサイド１０１",,12,212,2850025,,,,,,,2022-09-07,1,,,,,"ネネ",0
1658,6040001134325,12,0,2026-10-09,2026-10-07,"株式会社Ｓｋａｔｅｂｏａｒｄ　Ｒｅｐｕｂｌｉｃ",,301,"埼玉県","鶴ヶ島市","大字五味ヶ谷１０７番地１０",,11,241,3502202,,,,,,,2024-07-03,1,,,,,"スケートボードリパブリック",0
1659,6040001140471,11,0,2026-10-09,2026-09-30,"鴻途株式会社",,301,"千葉県","柏市","高柳４７１－１１",,12,217,2770941,,,,,,,2025-09-12,1,,,,,"コウト",0
1660,6040001144786,12,0,2026-10-09,2026-09-15,"アイカスタンダード株式会社",,301,"千葉県","千葉市中央区","仁戸名町５５９－１７－２０２",,12,101,2600801,,,,,,,2026-08-06,1,,,,,"アイカスタンダード",0
1661,6040001145537,01,0,2026-10-09,2026-10-09,"株式会社ＧＲＯＷＴＨ",,301,"千葉県","市原市","山田橋３丁目１番地５０",,12,219,2900021,,,,,,,2026-10-09,1,,,,,"グロース",0
1662,6040001145586,01,0,2026-10-09,2026-10-09,"マリンコミュニケーションズ株式会社",,301,"千葉県","成田市","囲護台１２５７－２",,12,211,2860000,,,,,,,2026-10-09,1,,,,,"マリンコミュニケーションズ",0
1663,6040001145594,01,0,2026-10-09,2026-10-09,"株式会社宝ポンテ",,301,"千葉県","浦安市","北栄３丁目１１番１１号",,12,227,2790002,,,,,,,2026-10-09,1,,,,,"タカラポンテ",0
1664,6040002017017,01,1,2026-10-09,2015-10-05,"ＵＲＢＡＮ有限会社",,302,"千葉県","千葉市若葉区","みつわ台２丁目４番１４号",,12,104,2640032,,,,,,,2015-10-05,0,,,,,"アーバン",0
1665,6040002017017,12,1,2026-10-09,2015-10-09,"ＵＲＢＡＮ有限会社",,302,"千葉県","千葉市若葉区","みつわ台２丁目９番７号",,12,104,2640032,,,,,,,2015-10-05,1,,,,,"アーバン",0
1666,6040002054191,11,0,2026-10-09,2026-09-14,"ティーエスイー株式会社",,301,"千葉県","松戸市","高塚新田６３７番地８７",,12,207,2702222,,,,,,,2015-10-05,1,,,,,"ティーエスイー",0
1667,6040003016216,12,0,2026-10-09,2026-10-07,"コモニア株式会社",,301,"東京都","品川区","大崎３丁目５番３号",,13,109,1410032,,,,,,,2020-10-12,1,,,,,"コモニア",0
1668,6040003030836,01,0,2026-10-09,2026-10-09,"合同会社ＫＣ",,305,"千葉県","千葉市中央区","本千葉町１３番１号パークホームズ千葉５１７号",,12,101,2600014,,,,,,,2026-10-09,1,,,,,"ケーシー",0
1669,6040003030852,01,0,2026-10-09,2026-10-09,"合同会社ＩＵＴ　ＨＯＡ",,305,"千葉県","佐倉市","臼井１４２２番地４",,12,212,2850863,,,,,,,2026-10-09,1,,,,,"アイユートホア",0
1670,6040005021965,12,0,2026-10-09,2026-10-07,"一般社団法人翠咲会",,399,"東京都","江戸川区","西葛西５丁目６番１９号西葛西内宮ビル５０１号",,13,123,1340088,,,,,,,2023-04-21,1,,,,,"スイショウカイ",0
1671,6050001041512,01,1,2026-10-09,2016-08-24,"出雲株式会社",,301,"茨城県","龍ケ崎市","南中島町６２番５号",,08,208,3010047,,,,,,,2016-08-24,1,,,,,"イズモ",0
1672,6050001059050,01,0,2026-10-09,2026-10-09,"株式会社Ｓｐｅｅｄ　ｅＮＥｒｇｙ",,301,"茨城県","龍ケ崎市","４２５１番地４－Ｂ棟",,08,208,3010000,,,,,,,2026-10-09,1,,,,,"スピードエナジー",0
1673,6050003010416,01,0,2026-10-09,2026-10-09,"合同会社ｍｉｋａｄｏ",,305,"茨城県","牛久市","桂町２３６２番地１０",,08,219,3001281,,,,,,,2026-10-09,1,,,,,"ミカド",0
1674,6050005005892,21,0,2026-10-09,2026-10-01,"社会福祉法人桐葉福祉会",,399,"茨城県","古河市","諸川１７７９番地の３",,08,204,3060126,,,2026-10-01,01,,,2015-10-05,1,,,,,"キリハフクシカイ",0
1675,6060001039670,01,0,2026-10-09,2026-10-09,"デリスサプライ株式会社",,301,"栃木県","宇都宮市","岩曽町１４３５－２",,09,201,3210973,,,,,,,2026-10-09,1,,,,,"デリスサプライ",0
1676,6060001039679,01,0,2026-10-09,2026-10-09,"ＮＬＣ総合株式会社",,301,"栃木県","小山市","大字塚崎１５０７番地６",,09,208,3230818,,,,,,,2026-10-09,1,,,,,"エヌエルシーソウゴウ",0
1677,6060003006256,01,0,2026-10-09,2026-10-09,"合同会社Ｅｎｅｅｐ",,305,"栃木県","宇都宮市","二荒町５－７ＭＵＳＡＳＨＩＦｕｔａａｒａＢＡＳＥ合同会社Ｅｎｅｅｐ",,09,201,3200804,,,,,,,2026-10-09,1,,,,,"エニープ",0
1678,6080102014216,71,0,2026-10-09,2026-09-30,"株式会社鈴木鉄工所",,301,"静岡県","富士市","松岡２４５番地の１",,22,210,4160909,,,,,,"令和８年９月３０日静岡県富士市松岡２４５番地の１有限会社旭化学工業（8080102013224）を合併",2015-10-05,1,,,,,"スズキテッコウジョ",0
1679,6090001015132,01,1,2026-10-09,2017-06-07,"株式会社中央レミコン",,301,"山梨県","甲斐市","西八幡４４２２番地の７",,19,210,4000117,,,,,,,2017-06-07,0,,,,,"チュウオウレミコン",0
1680,6090001015132,12,1,2026-10-09,2026-10-05,"株式会社中央レミコン",,301,"山梨県","甲府市","丸の内２丁目２番１号",,19,201,4000031,,,,,,,2017-06-07,1,,,,,"チュウオウレミコン",0
1681,6090002014083,71,0,2026-10-09,2026-10-01,"株式会社木次商事",,301,"山梨県","北杜市","高根町箕輪新町９番地の３",,19,209,4080011,,,,,,"令和８年１０月１日山梨県甲斐市富竹新田１６３６番地明神商事株式会社（7090001003334）を合併",2015-10-05,1,,,,,"キツギショウジ",0
1682,6100002036068,21,0,2026-10-09,2026-10-05,"有限会社かぢや呉服店",,302,"長野県","飯田市","銀座２丁目１１番地",,20,205,3950031,,,2026-10-05,01,,,2015-10-05,1,,,,,"カヂヤゴフクテン",0
1683,6100003008990,01,0,2026-10-09,2026-10-09,"合同会社ミタヤ",,305,"長野県","諏訪市","末広５－１０スワマチビル３Ｆ",,20,206,3920025,,,,,,,2026-10-09,1,,,,,"ミタヤ",0
1684,6120001034525,01,1,2026-10-09,2015-10-05,"株式会社オーツー",,301,"大阪府","大阪市西区","江戸堀１丁目２５番１３号江戸堀大沼ビル１Ｆ",,27,106,5500002,,,,,,,2015-10-05,0,,,,,"オーツー",0
1685,6120001034525,12,1,2026-10-09,2015-12-10,"株式会社オーツー",,301,"大阪府","大阪市西区","江戸堀１丁目２５番１３号",,27,106,5500002,,,,,,,2015-10-05,1,,,,,"オーツー",0
1686,6120001259477,21,0,2026-10-09,2026-10-06,"日通株式会社",,301,"大阪府","大阪市中央区","松屋町９番２０号ローレルステート松屋町１３０６Ａ",,27,128,5420067,,,2026-10-06,01,,,2023-11-06,1,,,,,"ヒツウ",0
1687,6120001266052,21,0,2026-10-09,2026-10-05,"ＲＥＤ　ＰＯＩＮＴ株式会社",,301,"大阪府","大阪市大正区","三軒家西３丁目４番１６号中山ビル１０３３",,27,108,5510001,,,2026-10-05,01,,,2024-06-19,1,,,,,"レッドポイント",0
1688,6120001266952,12,0,2026-10-09,2026-10-05,"Ｇｌｏｂａｌ　Ｔａｎｅｘ株式会社",,301,"大阪府","大阪市中央区","南船場３丁目２番２２号おおきに南船場ビル２０５",,27,128,5420081,,,,,,,2024-07-19,1,,,,,"グローバルタネックス",0
1689,6120001286240,11,0,2026-10-09,2026-10-01,"株式会社ＫＩＷＡＭＩ",,301,"大阪府","大阪市東淀川区","豊里６丁目２９番１０号",,27,114,5330013,,,,,,,2026-05-12,1,,,,,"キワミ",0
1690,6120001287412,12,0,2026-10-09,2026-10-01,"株式会社ＫＩＺＡＲＩＳＥ",,301,"大阪府","大阪市淀川区","西中島３丁目１８番９－８１３号室",,27,123,5320011,,,,,,,2026-06-29,1,,,,,"キザライズ",0
1691,6120001289499,01,0,2026-10-09,2026-10-09,"株式会社ｃａｌｓｃｅｎｔ",,301,"大阪府","大阪市淀川区","三国本町３丁目５番１４号アグリゲート三国Ｎ８",,27,123,5320005,,,,,,,2026-10-09,1,,,,,"カルセント",0
1692,6120003031743,12,0,2026-10-09,2026-09-30,"合同会社ＲＪ‐Ｃｒｏｓｓｌｉｎｋ",,305,"大阪府","大阪市北区","東天満１丁目６－１１－１３０３号",,27,127,5300044,,,,,,,2026-01-23,0,,,,,"アールジェークロスリンク",0
1693,6120003031743,11,0,2026-10-09,2026-09-30,"合同会社アシスト",,305,"大阪府","大阪市北区","東天満１丁目６－１１－１３０３号",,27,127,5300044,,,,,,,2026-01-23,1,,,,,"アシスト",0
1694,6120101009641,21,0,2026-10-09,2026-10-06,"株式会社プランタン工房",,301,"大阪府","堺市堺区","櫛屋町東１丁２番１２号",00032229,27,141,5900944,,,2026-10-06,01,,,2015-10-05,1,,,,,"プランタンコウボウ",0
1695,6120101039960,01,1,2026-10-09,2015-10-05,"土居船舶株式会社",,301,"大阪府","泉佐野市","大宮町３番１４号",,27,213,5980053,,,,,,,2015-10-05,1,,,,,"ドイセンパク",0
1696,6120101045117,01,1,2026-10-09,2015-10-05,"株式会社藤原環境サービス",,301,"大阪府","泉北郡忠岡町","忠岡北１丁目６番８号",,27,341,5950811,,,,,,,2015-10-05,1,,,,,"フジワラカンキョウサービス",0
1697,6120101074495,01,0,2026-10-09,2026-10-09,"ＣＡＬＭ株式会社",,301,"大阪府","堺市西区","鳳西町２丁２２番地３",,27,144,5938326,,,,,,,2026-10-09,1,,,,,"カーム",0
1698,6120102004914,21,0,2026-10-09,2026-10-06,"有限会社山内製作所",,302,"大阪府","堺市中区","八田寺町３７番地２",,27,142,5998267,,,2026-10-06,01,,,2015-10-05,1,,,,,"ヤマウチセイサクショ",0
1699,6120901014980,11,0,2026-10-09,2026-10-02,"株式会社御堂プロパティ",,301,"大阪府","大阪市中央区","材木町１番８号",,27,128,5400010,,,,,,,2015-10-05,1,,,,,"ミドウプロパティ",0
1700,6120901017620,12,0,2026-10-09,2026-10-05,"星清重機運輸株式会社",,301,"大阪府","摂津市","鳥飼下２丁目２番７号",,27,224,5660071,,,,,,,2015-10-05,1,,,,,"セイセイジュウキウンユ",0
1701,6120901018437,01,1,2026-10-09,2015-10-05,"株式会社ＫＴコーポレーション",,301,"大阪府","茨木市","竹橋町１２番３７号",,27,211,5670815,,,,,,,2015-10-05,1,,,,,"ケーティーコーポレーション",0
1702,6120901021969,12,0,2026-10-09,2026-10-02,"東洋エレクトロン株式会社",,301,"大阪府","箕面市","萱野４丁目１２番６号",,27,220,5620014,,,,,,,2015-10-05,1,,,,,"トウヨウエレクトロン",0
1703,6120905001389,11,0,2026-10-09,2026-09-28,"吹田市新旭町通り商店街協同組合",,399,"大阪府","吹田市","元町７番２２号",,27,205,5640031,,,,,,,2015-10-05,1,,,,,"スイタシシンアサヒマチドオリショウテンガイ",0
1704,6122001040973,01,0,2026-10-09,2026-10-09,"株式会社メリオラ",,301,"大阪府","東大阪市","小若江３丁目６番９号近畿大学ＫＩＮＣＵＢＡＢａｓｅｃａｍｐ",,27,227,5770818,,,,,,,2026-10-09,1,,,,,"メリオラ",0
1705,6122002009935,12,0,2026-10-09,2026-10-06,"有限会社西尾",,302,"長野県","北佐久郡軽井沢町","大字追分１１３番地１",,20,321,3890115,,,,,,,2015-10-05,1,,,,,"ニシオ",0
1706,6130001027924,01,1,2026-10-09,2015-10-05,"アイズコア・コンサルティング株式会社",,301,"京都府","京都市山科区","大宅沢町８番地",,26,110,6078193,,,,,,,2015-10-05,1,,,,,"アイズコアコンサルティング",0
1707,6130001058102,01,1,2026-10-09,2016-08-17,"株式会社恵和",,301,"京都府","京都市東山区","今熊野宝蔵町３１番地３",,26,105,6050952,,,,,,,2016-08-17,1,,,,,"ケイワ",0
1708,6130001059141,01,1,2026-10-09,2017-02-02,"株式会社Ｓｐａｃｅ　ＡＫ",,301,"京都府","京都市上京区","黒門通中立売上る飛騨殿町１６６番地１",,26,102,6020000,,,,,,,2017-02-02,0,,,,,"スペースエーケー",0
1709,6130001059141,12,1,2026-10-09,2017-05-24,"株式会社Ｓｐａｃｅ　ＡＫ",,301,"京都府","京都市上京区","黒門通中立売上る飛弾殿町１６６番地１",,26,102,6028235,,,,,,,2017-02-02,0,,,,,"スペースエーケー",0
1710,6130001059141,12,1,2026-10-09,2020-09-01,"株式会社Ｓｐａｃｅ　ＡＫ",,301,"京都府","京都市西京区","御陵大枝山町４丁目２６番地１",,26,111,6101102,,,,,,,2017-02-02,0,,,,,"スペースエーケー",0
1711,6130001059141,12,1,2026-10-09,2026-09-29,"株式会社Ｓｐａｃｅ　ＡＫ",,301,"京都府","京都市中京区","堀川通姉小路下る姉東堀川町７８番地１プレミスト京都三条堀川８０３号",,26,104,6048263,,,,,,,2017-02-02,1,,,,,"スペースエーケー",0
1712,6130001063580,12,0,2026-10-09,2026-10-02,"株式会社杉村組",,301,"京都府","京都市右京区","鳴滝宅間町８－１８",,26,108,6168254,,,,,,,2018-12-21,1,,,,,"スギムラグミ",0
1713,6130001082671,01,1,2026-10-09,2026-07-29,"ＮＯＲＴＩＱＬＡＢ株式会社",,301,"京都府","京都市中京区","衣棚通夷川下る竪大恩寺町７５１番地シュデン二条衣棚２０１",,26,104,6040012,,,,,,,2026-07-29,1,,,,,"ノーティックラボ",0
1714,6140001111974,12,0,2026-10-09,2026-10-06,"株式会社オシンテック",,301,"兵庫県","神戸市中央区","浪花町５６ＳＨＩＮＫＡＨｙｏｇｏ内",,28,110,6500035,,,,,,,2018-11-28,1,,,,,"オシンテック",0
1715,6140001114787,12,0,2026-10-09,2026-10-01,"株式会社ＦＡＬオフィス",,301,"兵庫県","神戸市中央区","下山手通３丁目１－１３日新ビル５Ｆ",,28,110,6500011,,,,,,,2019-09-05,1,,,,,"ファルオフィス",0
1716,6140001144207,01,0,2026-10-09,2026-10-09,"株式会社ジョイント・スマイル",,301,"兵庫県","伊丹市","西台１丁目５番２０－１２０２号",,28,207,6640858,,,,,,,2026-10-09,1,,,,,"ジョイントスマイル",0
1717,6140001144264,01,0,2026-10-09,2026-10-09,"株式会社ＦｉｖｅＤｏｏｒ",,301,"兵庫県","加古川市","米田町平津１４２番地の１",,28,210,6750054,,,,,,,2026-10-09,1,,,,,"ファイブドア",0
1718,6140001144289,01,0,2026-10-09,2026-10-09,"株式会社まるひろ土地",,301,"兵庫県","南あわじ市","中条中筋７８１番地",,28,224,6560143,,,,,,,2026-10-09,1,,,,,"マルヒロトチ",0
1719,6140002026908,21,0,2026-10-09,2026-10-02,"有限会社ウルー",,302,"兵庫県","神戸市東灘区","本山南町６丁目９番１号",,28,101,6580015,,,2026-10-02,01,,,2015-10-05,1,,,,,"ウルー",0
1720,6140002055824,12,0,2026-10-09,2026-09-30,"有限会社エステート・イザワ",,302,"兵庫県","西宮市","甲風園１丁目６番４号",,28,204,6620832,,,,,,,2015-10-05,1,,,,,"エステートイザワ",0
1721,6140003015760,12,0,2026-10-09,2026-10-06,"３６５ｔｈｉｎｇｓ合同会社",,305,"兵庫県","神戸市中央区","磯辺通１丁目１番２０号",,28,110,6510084,,,,,,,2020-12-28,0,"365things LLC.","Hyogo","KobeFashionMart 8F, 6-9, Koyochonaka, Higashinada ku Kobe shi",,"スリーシックスティファイブシングス",0
1722,6140003015760,11,0,2026-10-09,2026-10-06,"３６５合同会社",,305,"兵庫県","神戸市中央区","磯辺通１丁目１番２０号",,28,110,6510084,,,,,,,2020-12-28,1,"365things LLC.","Hyogo","KobeFashionMart 8F, 6-9, Koyochonaka, Higashinada ku Kobe shi",,"サンロクゴ",0
1723,6140003024175,01,0,2026-10-09,2026-10-09,"フォルサライフ合同会社",,305,"兵庫県","神戸市北区","南五葉２丁目２番２１号",,28,109,6511132,,,,,,,2026-10-09,1,,,,,"フォルサライフ",0
1724,6150001029290,01,0,2026-10-09,2026-10-09,"株式会社ぜいたく豆",,301,"奈良県","奈良市","肘塚町２３３番地",00145213,29,201,6308142,,,,,,,2026-10-09,1,,,,,"ゼイタクマメ",0
1725,6160001009911,01,1,2026-10-09,2015-10-05,"コスモエンジニアリング株式会社",,301,"滋賀県","東近江市","佐野町５９７番地７",,25,213,5211222,,,,,,,2015-10-05,1,,,,,"コスモエンジニアリング",0
1726,6160001027979,01,0,2026-10-09,2026-10-09,"ＡＩ’ｓ株式会社",,301,"滋賀県","大津市","大江２丁目３０－１１",,25,201,5202141,,,,,,,2026-10-09,1,,,,,"アイズ",0
1727,6160003003929,01,0,2026-10-09,2026-10-09,"合同会社ＴＡＫＥＯ不動産",,305,"滋賀県","草津市","上笠４丁目９番１１－１号",,25,206,5250028,,,,,,,2026-10-09,1,,,,,"タケオフドウサン",0
1728,6160005001063,01,1,2026-10-09,2015-10-05,"琴平神社",,399,"滋賀県","大津市","大石富川町１７１２番地",,25,201,5202265,,,,,,,2015-10-05,0,,,,,"コトヒラジンジャ",0
1729,6160005001063,12,1,2026-10-09,2026-10-01,"琴平神社",,399,"滋賀県","大津市","大石富川４丁目８番３号",,25,201,5202265,,,,,,,2015-10-05,1,,,,,"コトヒラジンジャ",0
1730,6170001007138,01,1,2026-10-09,2015-10-05,"デンタル大橋株式会社",,301,"和歌山県","有田郡湯浅町","大字湯浅１２６７番地",,30,361,6430004,,,,,,,2015-10-05,1,,,,,"デンタルオオハシ",0
1731,6170003000058,01,1,2026-10-09,2015-10-05,"合資会社八千代堂",,304,"和歌山県","和歌山市","黒田１３３番地の１",,30,201,6408341,,,,,,,2015-10-05,0,,,,,"ヤチヨドウ",0
1732,6170003000058,12,1,2026-10-09,2026-09-30,"合資会社八千代堂",,304,"和歌山県","和歌山市","黒田２丁目１７番２６号",,30,201,6408341,,,,,,,2015-10-05,1,,,,,"ヤチヨドウ",0
1733,6180001092039,71,0,2026-10-09,2026-10-01,"株式会社マツイシ楽器店",,301,"愛知県","半田市","天王町２丁目２７番地の６",,23,205,4750859,,,,,,"令和８年１０月１日愛知県碧南市末広町二丁目８０番地名曲堂楽器株式会社（2180301015578）を合併",2015-10-05,1,,,,,"マツイシガッキテン",0
1734,6180001111442,01,1,2026-10-09,2015-10-05,"株式会社ＴＮＫ",,301,"愛知県","名古屋市守山区","川宮町３５１番地",,23,113,4630081,,,,,,,2015-10-05,1,,,,,,0
1735,6180001113538,21,0,2026-10-09,2026-10-06,"ムサシ電機株式会社",,301,"愛知県","名古屋市緑区","四本木６１８番地",,23,114,4580039,,,2026-10-06,11,4011601007065,"令和８年１０月１日東京都練馬区春日町二丁目１４番８号ヤマト電機株式会社（4011601007065）に合併し解散",2015-10-05,1,,,,,"ムサシデンキ",0
1736,6180001173870,01,0,2026-10-09,2026-10-09,"Ｓｈｉｎ　Ｌｉｎｋ商事株式会社",,301,"愛知県","海部郡蟹江町","今西２丁目１７４番地１",,23,425,4970037,,,,,,,2026-10-09,1,,,,,"シンリンクショウジ",0
1737,6180001173879,01,0,2026-10-09,2026-10-09,"株式会社マキノ重量",,301,"愛知県","豊明市","西川町長田１番地１０",,23,229,4701122,,,,,,,2026-10-09,1,,,,,"マキノジュウリョウ",0
1738,6180002025807,01,1,2026-10-09,2015-10-05,"有限会社澤村電機",,302,"愛知県","名古屋市緑区","横吹町１７０１番地",,23,114,4580816,,,,,,,2015-10-05,1,,,,,"サワムラデンキ",0
1739,6180005014534,21,0,2026-10-09,2026-10-02,"一般財団法人愛知骨軟部組織移植振興財団",,399,"愛知県","名古屋市千種区","末盛通１丁目１５番地２の４３",,23,101,4640821,,,2026-10-02,01,,,2015-10-05,1,,,,,"アイチコツナンブソシキイショクシンコウザイダン",0
1740,6180302015276,01,1,2026-10-09,2015-10-05,"有限会社花木土",,302,"愛知県","蒲郡市","宝町１８番１０号",,23,214,4430044,,,,,,,2015-10-05,1,,,,,"カモクドウ",0
1741,6190001006096,11,0,2026-10-09,2026-10-01,"株式会社アカツキ",,301,"三重県","津市","芸濃町椋本３７９３番地８",,24,201,5142211,,,,,,,2015-10-05,1,,,,,"アカツキ",0
1742,6190001007243,71,0,2026-10-09,2026-10-01,"船谷ホールディングス株式会社",,301,"三重県","伊勢市","村松町１３６４番地８",,24,203,5150507,,,,,,"令和８年１０月１日三重県伊勢市村松町１３６４番地８合同会社Ｆｌａｒｅａ（3190003003573）を合併",2015-10-05,1,,,,,"フナタニホールディングス",0
1743,6190001033495,01,0,2026-10-09,2026-10-09,"株式会社ＧＲＡＮＴＥＲＡＳ",,301,"三重県","四日市市","笹川５丁目６５番地２０",,24,202,5100944,,,,,,,2026-10-09,1,,,,,"グランテラス",0
1744,6190003005567,01,0,2026-10-09,2026-10-09,"合同会社ボーライン・ノット",,305,"三重県","桑名市","大字下深谷部１９９７番地１１",,24,205,5110808,,,,,,,2026-10-09,1,,,,,"ボーラインノット",0
1745,6200001014659,01,1,2026-10-09,2015-10-05,"株式会社アイデイ・インターナショナル",,301,"岐阜県","大垣市","東町４丁目４４番地１",,21,202,5030802,,,,,,,2015-10-05,1,,,,,"アイデイインターナショナル",0
1746,6200001043261,01,1,2026-10-09,2024-12-26,"ＲＥＨＭＡＴ　ＴＲＡＤＩＮＧ株式会社",,301,"岐阜県","美濃加茂市","西町６丁目２８番地",,21,211,5050046,,,,,,,2024-12-26,0,,,,,,0
1747,6200001043261,12,1,2026-10-09,2026-01-05,"ＲＥＨＭＡＴ　ＴＲＡＤＩＮＧ株式会社",,301,"岐阜県","関市","肥田瀬２７９０番地２",,21,205,5013911,,,,,,,2024-12-26,1,,,,,,0
1748,6200002001672,12,0,2026-10-09,2026-10-02,"有限会社幸亜商会",,302,"岐阜県","岐阜市","江川町１４番地",,21,201,5008823,,,,,,,2015-10-05,1,,,,,,0
1749,6200002020532,01,1,2026-10-09,2015-10-05,"有限会社白山住宅",,302,"岐阜県","多治見市","姫町５丁目１番地の２",,21,204,5070061,,,,,,,2015-10-05,1,,,,,"ハクサンジュタク",0
1750,6220001021389,12,0,2026-10-09,2026-10-07,"株式会社レイシア",,301,"石川県","白山市","部入道町８街区１番",,17,210,9202167,,,,,,,2016-12-27,1,,,,,"レイシア",0
1751,6240001050031,01,1,2026-10-09,2016-10-07,"株式会社大偉テック",,301,"広島県","広島市西区","南観音１丁目５番３１号",,34,104,7330035,,,,,,,2016-10-07,1,,,,,"ダイテック",0
1752,6240001061326,12,0,2026-10-09,2026-10-01,"Ｓ・Ｈ・Ｉ　Ｃｏｍｐａｎｙ株式会社",,301,"広島県","広島市東区","牛田本町１丁目２－１７フォーラム牛田本町２０３",,34,102,7320066,,,,,,,2023-04-10,1,,,,,"エスエイチアイカンパニー",0
1753,6240001062729,12,0,2026-10-09,2026-10-02,"株式会社ＰｉｌｉｎａＯｎｅ",,301,"広島県","福山市","曙町５丁目１３－８",,34,207,7210952,,,,,,,2024-01-30,1,,,,,"ピリナワン",0
1754,6240001067158,01,0,2026-10-09,2026-10-09,"ツネイシＤＯＷＡ環境パートナーズ株式会社",,301,"広島県","広島市安佐北区","安佐町大字飯室字此山１１２２５番１５",,34,106,7311142,,,,,,,2026-10-09,1,,,,,"ツネイシドウワカンキョウパートナーズ",0
1755,6240002010802,21,0,2026-10-09,2026-10-02,"有限会社天広インテリア工芸",,302,"広島県","広島市安佐北区","安佐町大字毛木字沖田５２３番地の１",,34,106,7313351,,,2026-10-02,01,,,2015-10-05,1,,,,,"テンヒロインテリアコウゲイ",0
1756,6240003007970,01,0,2026-10-09,2026-10-09,"合同会社ヨブ",,305,"広島県","廿日市市","佐方５４９番地１２",,34,213,7380001,,,,,,,2026-10-09,1,,,,,"ヨブ",0
1757,6240005014271,01,1,2026-10-09,2016-11-08,"社会保険労務士法人吉田労務管理センター",,399,"広島県","広島市中区","西白島町１７番１８号",,34,101,7300005,,,,,,,2016-11-08,1,,,,,"ヨシダロウムカンリセンター",0
1758,6250001003673,71,0,2026-10-09,2026-10-01,"ミータス株式会社",,301,"山口県","宇部市","琴芝町１丁目１番２５号",,35,202,7550033,,,,,,"令和８年１０月１日山口県宇部市琴芝町一丁目１番２５号株式会社アタック・ウィン（7250002007318）を合併",2015-10-05,1,,,,,"ミータス",0
1759,6250002012260,21,0,2026-10-09,2026-10-06,"有限会社楠本鉄工所",,302,"山口県","下関市","豊田町大字中村３１３番地の１",,35,201,7500441,,,2026-10-06,01,,,2015-10-05,1,,,,,"クスモトテッコウショ",0
1760,6260001041680,01,0,2026-10-09,2026-10-09,"株式会社Ａ＆Ａホールディングス",,301,"岡山県","倉敷市","上富井６２８番地２９３",,33,202,7100846,,,,,,,2026-10-09,1,,,,,"エーアンドエーホールディングス",0
1761,6260003005592,12,0,2026-10-09,2026-10-05,"合同会社ペイントアート",,305,"東京都","東久留米市","学園町１丁目１番９－３２０号ライオンズガーデンひばりが丘学園町",,13,222,2030021,,,,,,,2026-04-09,1,,,,,"ペイントアート",0
1762,6270001009529,01,0,2026-10-09,2026-10-09,"株式会社Ｇ．Ｍ．Ｓ",,301,"鳥取県","鳥取市","賀露町北１丁目４番１０号",,31,201,6800907,,,,,,,2026-10-09,1,,,,,"ジーエムエス",0
1763,6270001009537,01,0,2026-10-09,2026-10-09,"株式会社つなぐ",,301,"鳥取県","鳥取市","古海３３８番地３",,31,201,6800921,,,,,,,2026-10-09,1,,,,,"ツナグ",0
1764,6280001006814,01,1,2026-10-09,2015-10-05,"株式会社柳館",,301,"島根県","松江市","西津田３丁目１－５０Ｂ－２２２",,32,201,6900017,,,,,,,2015-10-05,1,,,,,"ヤナギカン",0
1765,6290001064943,12,0,2026-10-09,2026-09-25,"三紀サービス九州株式会社",,301,"福岡県","糟屋郡粕屋町","江辻西３丁目１８番５号",00145230,40,349,8112312,,,,,,,2015-10-05,1,,,,,"サンキサービスキュウシュウ",0
1766,6290001091351,12,0,2026-10-09,2026-09-28,"株式会社Ｄｅｕｘ　ａｎｎｅａｕ",,301,"福岡県","福岡市早良区","高取１丁目１番３０号",,40,137,8140011,,,,,,,2020-12-21,1,,,,,"ドゥアノー",0
1767,6290001100319,12,0,2026-10-09,2026-09-25,"株式会社Ｕｎ　ｓｏｕｒｉｒｅ",,301,"福岡県","宗像市","稲元３丁目５番１５号",,40,220,8113406,,,,,,,2023-01-24,1,,,,,"アンスリール",0
1768,6290001115779,01,0,2026-10-09,2026-10-09,"株式会社ワークフォースワン",,301,"福岡県","福岡市中央区","天神４丁目６‐２８ＩＣＨＩＧＯ天神ノースビル７Ｆ",,40,133,8100001,,,,,,,2026-10-09,1,,,,,"ワークフォースワン",0
1769,6290002024186,12,0,2026-10-09,2026-09-29,"有限会社ウェル・ゼロイチ",,302,"福岡県","福岡市城南区","別府団地５番７０６号",,40,136,8140106,,,,,,,2015-10-05,1,,,,,,0
1770,6290002037865,12,0,2026-10-09,2026-09-25,"有限会社エスケーライン福岡",,302,"福岡県","糟屋郡粕屋町","江辻西３丁目１８番５号",00145229,40,349,8112312,,,,,,,2015-10-05,1,,,,,"エスケーラインフクオカ",0
1771,6290002043426,01,1,2026-10-09,2015-10-05,"有限会社大倉織物",,302,"福岡県","朝倉郡筑前町","二７５番地の３",,40,447,8380228,,,,,,,2015-10-05,1,,,,,"オオクラオリモノ",0
1772,6290003019012,01,0,2026-10-09,2026-10-09,"合同会社ＧＯ‐ＧＯ‐Ｙ＆Ｍ",,305,"福岡県","福岡市東区","二又瀬新町１２番２４号",,40,131,8120065,,,,,,,2026-10-09,1,,,,,"ゴーゴーワイアンドエム",0
1773,6290005019035,12,0,2026-10-09,2026-10-05,"一般社団法人ＦＲＥＥＤＯＭ",,399,"福岡県","福岡市早良区","四箇６丁目２３番２２号ＲＥＮ２０２号",,40,137,8111103,,,,,,,2023-05-12,1,,,,,"フリーダム",0
1774,6290801002557,12,0,2026-10-09,2026-10-06,"株式会社トライアングル",,301,"福岡県","北九州市小倉北区","魚町２丁目２番２２号２Ｆ",,40,106,8020006,,,,,,,2015-10-05,1,,,,,"トライアングル",0
1775,6290801008406,12,0,2026-10-09,2026-10-07,"株式会社協友電機",,301,"福岡県","北九州市戸畑区","牧山新町６番２６号",,40,105,8040054,,,,,,,2015-10-05,1,,,,,"キョウユウデンキ",0
1776,6290801026639,21,0,2026-10-09,2026-10-02,"株式会社ＮＥＸＴＲＡＹ",,301,"福岡県","北九州市小倉北区","下富野３丁目４番５４号",,40,106,8020023,,,2026-10-02,01,,,2020-07-13,1,,,,,"ネクストレイ",0
1777,6290801032026,12,0,2026-10-09,2026-10-01,"アイエーエム株式会社",,301,"福岡県","北九州市小倉北区","浅野１丁目１番１号ビエラ小倉１Ｆ　ＤＩＳＣＯＶＥＲＹ－１２０号",,40,106,8020001,,,,,,,2025-11-12,1,,,,,"アイエーエム",0
1778,6290802018478,01,1,2026-10-09,2015-10-05,"総合リース有限会社",,302,"福岡県","北九州市若松区","大字藤木１７６７番地の３５",,40,103,8080065,,,,,,,2015-10-05,1,,,,,"ソウゴウリース",0
1779,6290803005137,12,0,2026-10-09,2026-09-24,"ＳｅａｓｏｎＢａｃｋＯｆｆｉｃｅ合同会社",,305,"福岡県","北九州市小倉北区","小文字１丁目２番４６号",,40,106,8020037,,,,,,,2025-08-27,1,,,,,"シーズンバックオフィス",0
1780,6300001010458,01,1,2026-10-09,2016-08-30,"株式会社アセットプロス",,301,"佐賀県","佐賀市","白山１丁目２番４号",,41,201,8400826,,,,,,,2016-08-30,1,,,,,"アセットプロス",0
1781,6320001007460,71,0,2026-10-09,2026-10-01,"大分財産コンサル株式会社",,301,"大分県","大分市","今津留３丁目１３番１７号",,44,201,8700938,,,,,,"令和８年１０月１日大分県別府市照波園町２番４２号株式会社フーガ（5320001014078）を合併",2015-10-05,1,,,,,"オオイタザイサンコンサル",0
1782,6320002018622,01,1,2026-10-09,2015-10-05,"有限会社中野商事",,302,"大分県","豊後大野市","緒方町中野１００５番地９３",,44,212,8796758,,,,,,,2015-10-05,1,,,,,"ナカノショウジ",0
1783,6330001025081,01,1,2026-10-09,2018-03-07,"Ｈ．Ｋ九州株式会社",,301,"熊本県","八代市","本町１丁目６－２０",,43,202,8660861,,,,,,,2018-03-07,1,,,,,"エイチケーキュウシュウ",0
1784,6330002023745,01,1,2026-10-09,2015-10-05,"有限会社山のいぶき",,302,"熊本県","阿蘇郡南小国町","大字満願寺６９９４番地",,43,423,8692402,,,,,,,2015-10-05,1,,,,,"ヤマノイブキ",0
1785,6330003006311,01,1,2026-10-09,2015-10-05,"ＭＫコンサルファーム合同会社",,305,"熊本県","熊本市東区","画図町大字所島１７９番地１４",,43,102,8620946,,,,,,,2015-10-05,1,,,,,"エムケーコンサルファーム",0
1786,6340001008993,21,0,2026-10-09,2026-10-07,"株式会社中馬",,301,"鹿児島県","いちき串木野市","東塩田町１番地",,46,219,8960006,,,2026-10-07,01,,,2015-10-05,1,,,,,"チュウマ",0
1787,6340003002301,12,0,2026-10-09,2026-10-08,"エルピス合同会社",,305,"鹿児島県","霧島市","国分野口西５番４９－５０３号トラストビューあもり",,46,218,8994343,,,,,,,2017-03-24,1,,,,,"エルピス",0
1788,6340005007827,12,0,2026-10-09,2026-10-06,"農事組合法人夢希耕あながわ",,399,"鹿児島県","薩摩郡さつま町","田原２１７番１",,46,392,8951802,,,,,,,2015-10-05,1,,,,,"ユメキコウアナガワ",0
1789,6350003005311,01,0,2026-10-09,2026-10-09,"合同会社ＡＲＣ",,305,"宮崎県","宮崎市","大字芳士３７０１番地２９８",,45,201,8800123,,,,,,,2026-10-09,1,,,,,"アーク",0
1790,6360001030392,12,0,2026-10-09,2026-09-11,"株式会社マカト",,301,"沖縄県","那覇市","泉崎１丁目８番８号１階",,47,201,9000021,,,,,,,2022-05-10,1,,,,,"マカト",0
1791,6360001032232,12,0,2026-10-09,2026-09-11,"株式会社ＲｅＨｅｒｂ",,301,"沖縄県","那覇市","泊１丁目５番地３フリーベル泊第２、７０２",,47,201,9000012,,,,,,,2023-07-04,1,,,,,"リハーブ",0
1792,6360001037339,01,0,2026-10-09,2026-10-09,"株式会社ＴＯＫ",,301,"沖縄県","中頭郡北谷町","字伊平４１６番地１",,47,326,9040102,,,,,,,2026-10-09,1,,,,,"ティーオーケイ",0
1793,6360003009633,11,0,2026-10-09,2026-09-10,"合同会社３Ｋ環境ソリューション",,305,"沖縄県","石垣市","字大川１４２５番地７",,47,207,9070022,,,,,,,2019-07-22,1,,,,,"サンケイカンキョウソリューション",0
1794,6360003015227,12,0,2026-10-09,2026-09-10,"合同会社宮創建",,305,"沖縄県","糸満市","字束里３０８－５",,47,210,9010353,,,,,,,2025-09-11,1,,,,,"ミヤソウケン",0
1795,6370002012711,01,1,2026-10-09,2015-10-05,"有限会社アクティブ・ケイ",,302,"宮城県","仙台市若林区","沖野７丁目２２番６号",,04,103,9840831,,,,,,,2015-10-05,1,,,,,"アクティブケイ",0
1796,6370002015409,21,0,2026-10-09,2026-09-29,"有限会社松木",,302,"宮城県","名取市","ゆりが丘２丁目５番地の２１",,04,207,9820045,,,2026-09-29,01,,,2015-10-05,1,,,,,"マツキ",0
1797,6370005002429,21,0,2026-10-09,2026-09-29,"弁護士法人杜都法律事務所",,399,"宮城県","仙台市青葉区","一番町２丁目１０番１７号",,04,101,9800811,,,2026-09-29,01,,,2015-10-05,1,,,,,"モリノミヤコホウリツジムショ",0
1798,6370005011074,12,0,2026-10-09,2026-09-30,"一般社団法人リサージュ",,399,"宮城県","登米市","豊里町山根８７番地２",,04,212,9870342,,,,,,,2026-02-05,1,,,,,"リサージュ",0
1799,6380001000170,12,0,2026-10-09,2026-09-30,"入三機材株式会社",,301,"福島県","福島市","旭町７番１０号",,07,201,9608113,,,,,,,2015-10-05,0,,,,,"イリサンキザイ",0
1800,6380001000170,11,0,2026-10-09,2026-09-30,"株式会社入三",,301,"福島県","福島市","旭町７番１０号",,07,201,9608113,,,,,,,2015-10-05,1,,,,,"イリサン",0
1801,6380001023378,01,1,2026-10-09,2015-10-05,"株式会社エイチシーエス",,301,"福島県","須賀川市","滑川字十貫内２０番地１",,07,207,9620403,,,,,,,2015-10-05,1,,,,,"エイチシーエス",0
1802,6380001036355,01,0,2026-10-09,2026-10-09,"ＴＯＰ＆Ｂ株式会社",,301,"福島県","郡山市","菜根１丁目２３番１２号",,07,203,9638862,,,,,,,2026-10-09,1,,,,,"トップアンドビー",0
1803,6380002029795,21,0,2026-10-09,2026-10-01,"有限会社あぶくまトレイディング",,302,"福島県","双葉郡浪江町","大字下津島字小塚６３番地１",,07,547,9791756,,,2026-10-01,11,3380001024536,"令和８年１０月１日福島市飯坂町字八景５番地の６株式会社タカラプロパティ（3380001024536）に合併し解散",2015-10-05,1,,,,,"アブクマトレイディング",0
1804,6380002031396,01,1,2026-10-09,2015-10-05,"有限会社尾崎総合会計",,302,"福島県","会津若松市","北青木４番２３号",,07,202,9650824,,,,,,,2015-10-05,1,,,,,"オザキソウゴウカイケイ",0
1805,6380003006455,01,0,2026-10-09,2026-10-09,"合同会社ＣＢコンサルティング",,305,"福島県","郡山市","駅前２丁目３番７号エリート３０ビル２階",,07,203,9638002,,,,,,,2026-10-09,1,,,,,"シービーコンサルティング",0
1806,6390001014772,21,0,2026-10-09,2026-09-30,"株式会社アートルーフ",,301,"山形県","山形市","十日町１丁目２番３０号Ｄグラフォート十日町タワー２００１",,06,201,9900031,,,2026-09-30,01,,,2017-01-26,1,,,,,"アートルーフ",0
1807,6390005008498,21,0,2026-10-09,2026-09-29,"企業組合戸沢村エゴマの会",,399,"山形県","最上郡戸沢村","大字古口２９３２番地の１",,06,367,9996401,,,2026-09-29,01,,,2016-01-12,1,,,,,,0
1808,6400002011726,21,0,2026-10-09,2026-10-01,"有限会社ドクターヒューズマン岩手",,302,"岩手県","釜石市","上中島町１丁目１番３３号",,03,211,0260041,,,2026-10-01,11,2400001007497,"令和８年１０月１日岩手県釜石市上中島町二丁目２番３３号株式会社トータル・リユース（2400001007497）に合併し解散",2015-10-05,1,,,,,,0
1809,6410001004655,21,0,2026-10-09,2026-10-02,"株式会社ネットエンジ",,301,"秋田県","秋田市","大町３丁目３番１５号",,05,201,0100921,,,2026-10-02,01,,,2015-10-05,1,,,,,"ネットエンジ",0
1810,6420001019669,01,0,2026-10-09,2026-10-09,"マヒロ建設株式会社",,301,"青森県","弘前市","大字清水森字沼田８７番地",,02,202,0368113,,,,,,,2026-10-09,1,,,,,"マヒロケンセツ",0
1811,6420002005271,01,1,2026-10-09,2015-10-05,"有限会社江戸林業",,302,"青森県","東津軽郡平内町","大字口広字口広沢３６番地１",,02,301,0393342,,,,,,,2015-10-05,1,,,,,"エドリンギョウ",0
1812,6430001027844,12,0,2026-10-09,2026-10-05,"グリーンエキスプレス株式会社",,301,"北海道","札幌市手稲区","新発寒七条７丁目２番１号",,01,109,0060807,,,,,,,2015-10-05,1,,,,,"グリーンエキスプレス",0
1813,6430001083672,21,0,2026-10-09,2026-10-01,"株式会社Ｋライフサポート",,301,"北海道","札幌市西区","発寒一条３丁目４番５号ハシモトビル１階",,01,107,0630821,,,2026-10-01,11,9430001075857,"令和８年１０月１日札幌市白石区平和通七丁目北１４番２２号株式会社鎌ダホールディングス（9430001075857）に合併し解散",2021-03-24,1,,,,,"ケーライフサポート",0
1814,6430002020253,11,0,2026-10-09,2026-10-01,"株式会社ＴＨＩＮＥ",,301,"北海道","札幌市手稲区","前田一条６丁目１番１８号",,01,109,0060811,,,,,,,2015-10-05,0,,,,,"シン",0
1815,6430002020253,12,0,2026-10-09,2026-10-01,"株式会社ＴＨＩＮＥ",,301,"北海道","札幌市中央区","北一条西１３丁目１－４パークホームズ大通公園４０２号",,01,101,0600001,,,,,,,2015-10-05,1,,,,,"シン",0
1816,6430002021433,01,1,2026-10-09,2015-10-05,"有限会社ワイエス鈴木建設",,302,"北海道","札幌市豊平区","美園五条７丁目４番３号",,01,105,0620005,,,,,,,2015-10-05,1,,,,,"ワイエススズキケンセツ",0
1817,6430003019492,01,0,2026-10-09,2026-10-09,"３かく合同会社",,305,"北海道","札幌市北区","篠路九条４丁目３番１６号",,01,102,0028029,,,,,,,2026-10-09,1,,,,,"サンカク",0
1818,6430003019518,01,0,2026-10-09,2026-10-09,"合同会社ビッグホーム",,305,"北海道","札幌市北区","屯田九条１丁目５番２７号",,01,102,0020859,,,,,,,2026-10-09,1,,,,,"ビッグホーム",0
1819,6440001009305,21,0,2026-10-09,2026-10-07,"株式会社ときめきラボ",,301,"北海道","北斗市","当別４０６番地７５",,01,236,0490282,,,2026-10-07,01,,,2023-08-15,1,,,,,"トキメキラボ",0
1820,6450002011606,01,1,2026-10-09,2015-10-05,"有限会社ＭＹフーズ",,302,"北海道","稚内市","新港町１番１２",,01,214,0970006,,,,,,,2015-10-05,1,,,,,,0
1821,6460001006135,01,0,2026-10-09,2026-10-09,"株式会社マルトモ岩本商店",,301,"北海道","釧路市","昭和町２丁目１６－６",,01,206,0840903,,,,,,,2026-10-09,1,,,,,,0
1822,6460101007917,01,0,2026-10-09,2026-10-09,"株式会社魁",,301,"北海道","中川郡幕別町","札内中央町３７２番地１",,01,643,0890543,,,,,,,2026-10-09,1,,,,,"カイ",0
1823,6460301002866,01,1,2026-10-09,2015-10-05,"株式会社矢萩ルーフ工業",,301,"北海道","常呂郡訓子府町","東幸町２９番地",,01,549,0991403,,,,,,,2015-10-05,0,,,,,"ヤハギルーフコウギョウ",0
1824,6460301002866,12,1,2026-10-09,2019-03-12,"株式会社矢萩ルーフ工業",,301,"北海道","北見市","大正９５番地７",,01,208,0900008,,,,,,,2015-10-05,0,,,,,"ヤハギルーフコウギョウ",0
1825,6460301002866,11,1,2026-10-09,2022-04-04,"株式会社矢萩ルーフ",,301,"北海道","北見市","大正９５番地７",,01,208,0900008,,,,,,,2015-10-05,1,,,,,"ヤハギルーフ",0
1826,6470005006155,12,0,2026-10-09,2026-10-01,"なないろ税理士法人",,399,"香川県","高松市","昭和町１丁目１１番７号",,37,201,7600014,,,,,,,2018-12-27,0,,,,,"ナナイロ",0
1827,6470005006155,11,0,2026-10-09,2026-10-01,"あおぞら税理士法人",,399,"香川県","高松市","昭和町１丁目１１番７号",,37,201,7600014,,,,,,,2018-12-27,1,,,,,"アオゾラ",0
1828,6480002005150,01,1,2026-10-09,2015-10-05,"有限会社山崎建設",,302,"徳島県","徳島市","丈六町山端２４番地の１",,36,201,7714261,,,,,,,2015-10-05,1,,,,,"ヤマサキケンセツ",0
1829,6500001027176,01,0,2026-10-09,2026-10-09,"株式会社ＴＩＮＯ　ＷＯＲＫＳ",,301,"愛媛県","上浮穴郡久万高原町","上野尻甲５８９番地",,38,386,7911206,,,,,,,2026-10-09,1,,,,,"ティノワークス",0
1830,6500002004158,01,1,2026-10-09,2015-10-05,"有限会社高須賀石油",,302,"愛媛県","松山市","高井町７５９番地４",,38,201,7911111,,,,,,,2015-10-05,1,,,,,"タカスガセキユ",0
1831,6500003002185,11,0,2026-10-09,2026-09-28,"株式会社ソルト",,301,"愛媛県","松山市","清住２丁目１０９７番地１１",,38,201,7918055,,,,,,,2018-11-30,1,,,,,"ソルト",0
1832,7010001100717,12,0,2026-10-09,2026-10-07,"株式会社Ｋ２Ｏ",,301,"埼玉県","さいたま市浦和区","高砂１丁目１４番７号リプレイス高砂３－４２",,11,107,3300063,,,,,,,2015-10-05,1,,,,,"ケーツーオー",0
1833,7010001131679,01,1,2026-10-09,2015-10-05,"フリージアソリューション株式会社",,301,"東京都","千代田区","外神田６丁目８番３号",,13,101,1010021,,,,,,,2015-10-05,0,,,,,"フリージアソリューション",0
1834,7010001131679,12,1,2026-10-09,2016-08-19,"フリージアソリューション株式会社",,301,"東京都","千代田区","神田東松下町１７",,13,101,1010042,,,,,,,2015-10-05,1,,,,,"フリージアソリューション",0
1835,7010001153095,01,1,2026-10-09,2015-10-05,"株式会社太郎商会",,301,"東京都","文京区","目白台２丁目２番３０号－３０１",,13,105,1120015,,,,,,,2015-10-05,1,,,,,"タロウショウカイ",0
1836,7010001227337,12,0,2026-10-09,2026-09-11,"株式会社縁",,301,"東京都","渋谷区","代々木５丁目６６－６ライムオフィスビル２階",,13,113,1510053,,,,,,,2022-06-14,1,,,,,"エニシ",0
1837,7010001248829,12,0,2026-10-09,2026-10-06,"グラフェナリー株式会社",,301,"神奈川県","川崎市幸区","新川崎７番７号",,14,132,2120032,,,,,,,2024-10-10,1,,,,,"グラフェナリー",0
1838,7010001258670,12,0,2026-10-09,2026-10-07,"時喜人文株式会社",,301,"千葉県","成田市","本城４番地６２",,12,211,2860114,,,,,,,2025-09-25,1,,,,,"ジキジンブン",0
1839,7010001269305,01,0,2026-10-09,2026-10-09,"株式会社サステナビリティ保証機構",,301,"東京都","中央区","日本橋室町１丁目１１番１２号　日本橋水野ビル７階",,13,102,1030022,,,,,,,2026-10-09,1,,,,,"サステナビリティホショウキコウ",0
1840,7010001269560,01,0,2026-10-09,2026-10-09,"株式会社ＳＳＭ",,301,"東京都","中央区","銀座６丁目６番１号銀座風月堂ビル５階",,13,102,1040061,,,,,,,2026-10-09,1,,,,,"エスエスエム",0
1841,7010002018157,12,0,2026-10-09,2026-09-09,"有限会社大住",,302,"東京都","中央区","銀座３丁目４番５号三階",,13,102,1040061,,,,,,,2015-10-05,1,,,,,"オオスミ",0
1842,7010002053600,21,0,2026-10-09,2026-09-14,"有限会社ＨＳ　ＮＥＴＷＯＲＫ",,302,"東京都","千代田区","神田和泉町１番地４の２ＫＵＭＡＫＩビル４０１号",,13,101,1010024,,,2026-09-14,01,,,2015-10-05,1,,,,,"エイチエスネットワーク",0
1843,7010003029707,71,0,2026-10-09,2026-10-02,"合同会社レトワール・ブル",,305,"東京都","中央区","銀座１丁目２２番１１号銀座大竹ビジデンス２Ｆ",,13,102,1040061,,,,,,"令和８年１０月２日東京都中央区銀座一丁目２２番１１号銀座大竹ビジデンス２Ｆ合同会社ロバール・ローズ（6010003031936）を合併",2019-04-24,1,,,,,"レトワールブル",0
1844,7010003041307,12,0,2026-10-09,2026-10-07,"合同会社ａｍｉｌ",,305,"東京都","世田谷区","三軒茶屋１丁目１７－１５",,13,112,1540024,,,,,,,2023-08-09,1,,,,,"アミル",0
1845,7010003052865,01,0,2026-10-09,2026-10-09,"Ｊｕｐｉｔｅｒ　Ｓｕｐｐｌｙ合同会社",,305,"東京都","中央区","銀座１丁目１２番４号Ｎ＆ＥＢＬＤ６Ｆ．",,13,102,1040061,,,,,,,2026-10-09,1,,,,,"ジュピターサプライ",0
1846,7010005022346,21,0,2026-10-09,2026-09-04,"技術研究組合次世代３Ｄ積層造形技術総合開発機構",,399,"東京都","千代田区","鍛冶町１丁目１０番４号",,13,101,1010044,,,2026-09-04,01,,,2015-10-05,1,,,,,"ジセダイスリーディーセキソウゾウケイギジュツソウゴウカイハツキコウ",0
1847,7010005042542,01,0,2026-10-09,2026-10-09,"一般社団法人千日前",,399,"東京都","中央区","日本橋１丁目４番１号",,13,102,1030027,,,,,,,2026-10-09,1,,,,,"センニチマエ",0
1848,7010101001154,01,1,2026-10-09,2015-10-05,"株式会社ケンコー",,301,"東京都","八王子市","弐分方町４８２番地２２",,13,201,1930822,,,,,,,2015-10-05,1,,,,,"ケンコー",0
1849,7010101010576,12,0,2026-10-09,2026-10-08,"株式会社貴建興業",,301,"東京都","八王子市","長沼町３２７番地３",,13,201,1920907,,,,,,,2015-10-05,1,,,,,"タカケンコウギョウ",0
1850,7010101017142,12,0,2026-10-09,2026-10-06,"株式会社ＴＫＧ　ＬＩＦＥ‐ＬＩＮＥ",,301,"東京都","八王子市","平岡町１１番１１号２階",,13,201,1920061,,,,,,,2026-03-17,1,,,,,"ティーケェージィーライフライン",0
1851,7010101017448,01,0,2026-10-09,2026-10-09,"株式会社Ｍ　Ｌｉｆｅ",,301,"東京都","八王子市","東町１番１４号橋完ビル４階Ｅ号室",,13,201,1920082,,,,,,,2026-10-09,1,,,,,"エムライフ",0
1852,7010102004338,21,0,2026-10-09,2026-10-01,"立川建物管理有限会社",,302,"東京都","八王子市","片倉町９２番地２",,13,201,1920914,,,2026-10-01,11,9010102000632,"令和８年１０月１日東京都八王子市片倉町９２番地２株式会社石川メンテナンス（9010102000632）に合併し解散",2015-10-05,1,,,,,"タチカワタテモノカンリ",0
1853,7010103002134,12,0,2026-10-09,2026-10-08,"ＩＢＦ合同会社",,305,"東京都","八王子市","長沼町３２７番地３",,13,201,1920907,,,,,,,2023-05-11,1,,,,,"アイビーエフ",0
1854,7010401011349,12,0,2026-10-09,2026-10-06,"株式会社サン．スタジオ",,301,"東京都","中野区","鷺宮５丁目６番１５号",,13,114,1650032,,,,,,,2015-10-05,1,,,,,"サンスタジオ",0
1855,7010401071970,12,0,2026-10-09,2026-10-06,"ＡＤＩＦＪＡＰＡＮアセットマネジメント株式会社",,301,"東京都","港区","麻布十番１丁目１０番１０号ジュールＡ６階",,13,103,1060045,,,,,,,2015-10-05,1,,,,,"アディフジャパンアセットマネジメント",0
1856,7010401095433,01,1,2026-10-09,2015-10-05,"株式会社エコーズプロダクション",,301,"東京都","港区","北青山３丁目６番１８号",,13,103,1070061,,,,,,,2015-10-05,0,,,,,,0
1857,7010401095433,12,1,2026-10-09,2016-04-11,"株式会社エコーズプロダクション",,301,"東京都","港区","南青山３丁目１７番１４号",,13,103,1070062,,,,,,,2015-10-05,0,,,,,,0
1858,7010401095433,11,1,2026-10-09,2016-04-11,"総和不動産株式会社",,301,"東京都","港区","南青山３丁目１７番１４号",,13,103,1070062,,,,,,,2015-10-05,1,,,,,"ソウワフドウサン",0
1859,7010401108649,12,0,2026-10-09,2026-10-07,"株式会社ＫＥＩ",,301,"東京都","目黒区","原町２丁目２３番１号",,13,110,1520011,,,,,,,2015-10-05,1,,,,,"ケイ",0
1860,7010401125140,21,0,2026-10-09,2026-10-07,"株式会社ＳＨＩＦＴ　ＳＥＣＵＲＩＴＹ",,301,"東京都","渋谷区","代々木３丁目２２番７号",,13,113,1510053,,,2026-10-07,11,8010401073462,"令和８年９月１日東京都港区麻布台一丁目３番１号株式会社ＳＨＩＦＴ（8010401073462）に合併し解散",2016-06-08,1,,,,,"シフトセキュリティ",0
1861,7010401139966,12,0,2026-10-09,2026-10-06,"株式会社ジャパン・ストラテジー・コンサルタンツ",,301,"東京都","港区","六本木１丁目４番５号アークヒルズサウスタワー１６Ｆ",,13,103,1060032,,,,,,,2018-08-03,1,,,,,"ジャパンストラテジーコンサルタンツ",0
1862,7010401173825,12,0,2026-10-09,2026-10-06,"錦匯環境株式会社",,301,"北海道","登別市","幸町５丁目７番地１４",,01,230,0590002,,,,,,,2023-04-18,1,,,,,"キンカイカンキョウ",0
1863,7010401199291,11,0,2026-10-09,2026-10-01,"株式会社ヤナセ",,301,"東京都","港区","芝浦１丁目６番３８号",,13,103,1050023,,,,,,,2026-06-11,1,,,,,"ヤナセ",0
1864,7010401202229,01,0,2026-10-09,2026-10-09,"Ｋ　ＩＮＶＥＳＴＭＥＮＴ株式会社",,301,"東京都","港区","六本木６丁目１０番１号六本木ヒルズ森タワー１６階",,13,103,1060032,,,,,,,2026-10-09,1,,,,,"ケイインベストメント",0
1865,7010401202518,01,0,2026-10-09,2026-10-09,"株式会社Ｉｒｏｄｏｒｉ",,301,"東京都","港区","海岸１丁目２番２０号汐留ビルディング３Ｆ",,13,103,1050022,,,,,,,2026-10-09,1,,,,,"イロドリ",0
1866,7010401202526,01,0,2026-10-09,2026-10-09,"株式会社大人集楽旅行研究所",,301,"東京都","港区","浜松町２丁目２番１５号浜松町ダイヤビル２Ｆ",,13,103,1050013,,,,,,,2026-10-09,1,,,,,"オトナシュウガクリョコウケンキュウショ",0
1867,7010401202559,01,0,2026-10-09,2026-10-09,"株式会社Ｒｉｚ",,301,"東京都","港区","南麻布１丁目１４－６ＩＫ麻布１０２号",,13,103,1060047,,,,,,,2026-10-09,1,,,,,"リズ",0
1868,7010401202732,01,0,2026-10-09,2026-10-09,"株式会社サンドウィッチ",,301,"東京都","港区","北青山１丁目３番３号三橋ビル３階",,13,103,1070061,,,,,,,2026-10-09,1,,,,,"サンドウィッチ",0
1869,7010402012503,01,1,2026-10-09,2015-10-05,"有限会社三田本多損保",,302,"東京都","港区","三田２丁目２番１６－４０２号",,13,103,1080073,,,,,,,2015-10-05,1,,,,,"ミタホンダソンポ",0
1870,7010403038175,12,0,2026-10-09,2026-09-14,"合同会社ＬＬＳ",,305,"東京都","港区","赤坂６丁目１３－１６アジミックビルＢ１",,13,103,1070052,,,,,,,2026-06-03,1,,,,,"エルエルエス",0
1871,7010403039231,01,0,2026-10-09,2026-10-09,"合同会社ＸＹＺＡＸＩＳ",,305,"東京都","港区","赤坂２丁目１４－５Ｄａｉｗａ赤坂ビル７Ｆ",,13,103,1070052,,,,,,,2026-10-09,1,,,,,"エックスワイゼットアクシス",0
1872,7010403039306,01,0,2026-10-09,2026-10-09,"合同会社Ｓｐｅｓｏｍ",,305,"東京都","港区","六本木１丁目３番３９－４０７号",,13,103,1060032,,,,,,,2026-10-09,1,,,,,"スペソム",0
1873,7010405017986,11,0,2026-10-09,2026-09-24,"一般社団法人ウズベキスタン人協会",,399,"東京都","港区","高輪２丁目１－５２",,13,103,1080074,,,,,,,2019-08-28,1,,,,,"ウズベキスタンジンキョウカイ",0
1874,7010501052193,12,0,2026-10-09,2026-10-07,"株式会社ＰＲＩＭＥ　ＧＲＯＵＰ",,301,"東京都","江東区","東陽３丁目１４番５号成友ビル２階",,13,108,1350016,,,,,,,2024-05-02,1,,,,,"プライムグループ",0
1875,7010502007171,21,0,2026-10-09,2026-10-06,"有限会社珍味堂",,302,"東京都","台東区","上野４丁目６番１３号",,13,106,1100005,,,2026-10-06,01,,,2015-10-05,1,,,,,"チンミドウ",0
1876,7010601000754,21,0,2026-10-09,2026-10-01,"株式会社アール・アイ",,301,"東京都","江東区","北砂２丁目１４番１８号",,13,108,1360073,,,2026-10-01,11,7010601003757,"令和８年１０月１日東京都江東区大島二丁目４１番１７号大雄開発株式会社（7010601003757）に合併し解散",2015-10-05,1,,,,,"アールアイ",0
1877,7010601003757,71,0,2026-10-09,2026-10-01,"大雄開発株式会社",,301,"東京都","江東区","大島２丁目４１番１７号",,13,108,1360072,,,,,,"令和８年１０月１日東京都江東区北砂二丁目１４番１８号株式会社アール・アイ（7010601000754）を合併",2015-10-05,1,,,,,"ダイユウカイハツ",0
1878,7010601014688,12,0,2026-10-09,2026-09-11,"株式会社商報社",,301,"東京都","中央区","東日本橋２丁目２８番４号日本橋ＣＥＴビル２階",,13,102,1030004,,,,,,,2015-10-05,1,,,,,"シュウホウシャ",0
1879,7010601066333,21,0,2026-10-09,2026-10-02,"株式会社ＲＭＤサイエンス",,301,"東京都","墨田区","横川１丁目１６番３号センターオブガレージ",,13,107,1300003,,,2026-10-02,01,,,2024-11-26,1,,,,,"アールエムディーサイエンス",0
1880,7010701041194,12,0,2026-10-09,2026-10-06,"株式会社ＴＥＮＧＩＳ",,301,"東京都","板橋区","板橋３丁目１６番３号",,13,119,1730004,,,,,,,2021-07-06,1,,,,,"テンギス",0
1881,7010801005330,01,1,2026-10-09,2015-10-05,"新星電工株式会社",,301,"東京都","大田区","北千束２丁目３１番３号",,13,111,1450062,,,,,,,2015-10-05,1,,,,,"シンセイデンコウ",0
1882,7010802016062,01,1,2026-10-09,2015-10-05,"有限会社芝電気工事",,302,"東京都","大田区","中央２丁目１２番１３号",,13,111,1430024,,,,,,,2015-10-05,1,,,,,"シバデンキコウジ",0
1883,7010803005956,01,0,2026-10-09,2026-10-09,"合同会社Ｃ＆Ｔ",,305,"東京都","大田区","大森北３丁目３９番１４号５０３号室",,13,111,1430016,,,,,,,2026-10-09,1,,,,,"クリーンアンドタイディ",0
1884,7010803005980,01,0,2026-10-09,2026-10-09,"ピナクル・キャピタル合同会社",,305,"東京都","大田区","西蒲田８丁目４番２－１１０５号",,13,111,1440051,,,,,,,2026-10-09,1,,,,,"ピナクルキャピタル",0
1885,7010803005997,01,0,2026-10-09,2026-10-09,"合同会社Ｅ．Ｊｅｗｅｌｒｙ",,305,"東京都","大田区","南六郷１丁目３４番１５－２０３号",,13,111,1440045,,,,,,,2026-10-09,1,,,,,"イージュエリー",0
1886,7010901014512,01,1,2026-10-09,2015-10-05,"スリー・シー株式会社",,301,"東京都","世田谷区","駒沢４丁目１８番１８号",,13,112,1540012,,,,,,,2015-10-05,1,,,,,"スリーシー",0
1887,7010901027316,12,0,2026-10-09,2026-10-07,"株式会社ジャパン・ホールディングス",,301,"東京都","文京区","本駒込２丁目２７番１５号",,13,105,1130021,,,,,,,2015-10-05,1,,,,,"ジャパンホールディングス",0
1888,7010901032448,12,0,2026-10-09,2026-10-07,"国際自動車株式会社",,301,"東京都","三鷹市","新川６丁目３３番６号",,13,204,1810004,,,,,,,2015-10-05,1,,,,,"コクサイジドウシャ",0
1889,7010901042620,21,0,2026-10-09,2026-09-17,"株式会社リブラタス",,301,"東京都","世田谷区","松原５丁目３番１５号",,13,112,1560043,,,2026-09-17,01,,,2018-08-20,1,,,,,"リブラタス",0
1890,7010901052215,12,0,2026-10-09,2026-10-07,"株式会社エムセカンド",,301,"東京都","大田区","西糀谷１丁目２３番１６号",,13,111,1440034,,,,,,,2022-12-27,1,,,,,"エムセカンド",0
1891,7010901060382,01,0,2026-10-09,2026-10-09,"株式会社ｕｎ　ｍｉｌｌｅ",,301,"東京都","世田谷区","奥沢５丁目１番１１号メゾンドジョワ２０２号室",,13,112,1580083,,,,,,,2026-10-09,1,,,,,"アンミル",0
1892,7011001130274,12,0,2026-10-09,2026-10-07,"株式会社ＮＥＷ　ＥＲＡ",,301,"東京都","新宿区","西新宿６丁目１２番１号",,13,104,1600023,,,,,,,2019-10-07,1,,,,,"ニューエラ",0
1893,7011001180674,01,0,2026-10-09,2026-10-09,"ＦｉｎｉＸ株式会社",,301,"東京都","目黒区","目黒２丁目１１番１０－５０４号ジェイパーク目黒",,13,110,1530063,,,,,,,2026-10-09,1,,,,,"フィニックス",0
1894,7011001180864,01,0,2026-10-09,2026-10-09,"ＴＨＥ　ＳＵＮ株式会社",,301,"東京都","渋谷区","恵比寿南１丁目１番１号ヒューマックス恵比寿ビル６Ｆ・７Ｆ・８Ｆ",,13,113,1500022,,,,,,,2026-10-09,1,,,,,"ザサン",0
1895,7011001180872,01,0,2026-10-09,2026-10-09,"ＡＯＭＡＲ　ｊａｐａｎ株式会社",,301,"東京都","渋谷区","恵比寿３丁目４１番４号",,13,113,1500013,,,,,,,2026-10-09,1,,,,,"アオマールジャパン",0
1896,7011001180880,01,0,2026-10-09,2026-10-09,"Ａｌｙｓｓｕｍ株式会社",,301,"東京都","渋谷区","道玄坂１丁目１０番８号渋谷道玄坂東急ビル２Ｆ－Ｃ",,13,113,1500043,,,,,,,2026-10-09,1,,,,,"アリッサム",0
1897,7011001180889,01,0,2026-10-09,2026-10-09,"Ｐａｃｉｆｉｃ　Ｍｕｓｉｃ　Ｇｒｏｕｐ　Ｊａｐａｎ株式会社",,301,"東京都","目黒区","青葉台３丁目１５番１７号",,13,110,1530042,,,,,,,2026-10-09,1,,,,,"パシフィックミュージックグループジャパン",0
1898,7011003025497,01,0,2026-10-09,2026-10-09,"合同会社ＴＣコンシェルジュ",,305,"東京都","渋谷区","円山町５番３号ＭＩＥＵＸ渋谷ビル８階",,13,113,1500044,,,,,,,2026-10-09,1,,,,,"ティーシーコンシェルジュ",0
1899,7011003025522,01,0,2026-10-09,2026-10-09,"合同会社Ｆｕｎｖａｌ",,305,"東京都","渋谷区","広尾１丁目２番地１号ヒカリビル４階",,13,113,1500012,,,,,,,2026-10-09,1,,,,,"ファンバル",0
1900,7011005009770,12,0,2026-10-09,2026-10-07,"一般社団法人日本マイライフデザイン協会",,399,"東京都","千代田区","内神田２丁目３番１４号平沢ビル２Ｆ",,13,101,1010047,,,,,,,2022-10-13,1,,,,,"ニホンマイライフデザインキョウカイ",0
1901,7011101000856,01,1,2026-10-09,2015-10-05,"株式会社東商店",,301,"東京都","新宿区","弁天町２番地",,13,104,1620851,,,,,,,2015-10-05,1,,,,,"アズマショウテン",0
1902,7011101117106,12,0,2026-10-09,2026-10-06,"Ｌｕｘｅｎ　Ｄｅｖｅｌｏｐｍｅｎｔ株式会社",,301,"東京都","港区","元赤坂１丁目１番７号",,13,103,1070051,,,,,,,2026-08-17,1,,,,,"ルクセンデベロップメント",0
1903,7011101117642,01,0,2026-10-09,2026-10-09,"株式会社ｆｌｏｒｅｓｃｏ",,301,"東京都","新宿区","新宿２丁目８－１５パークフロント新宿２０２号室",,13,104,1600022,,,,,,,2026-10-09,1,,,,,"フロレスコ",0
1904,7011101117733,01,0,2026-10-09,2026-10-09,"株式会社香南コレクティブ",,301,"東京都","新宿区","高田馬場４丁目８番２号",,13,104,1690075,,,,,,,2026-10-09,1,,,,,"カナンコレクティブ",0
1905,7011302011248,12,0,2026-10-09,2026-10-02,"有限会社都留貴博建築文化研究所",,302,"千葉県","船橋市","三山１丁目２０番１号",,12,204,2740072,,,,,,,2015-10-05,1,,,,,"ツルタカヒロケンチクブンカケンキュウジョ",0
1906,7011401027649,12,0,2026-10-09,2026-10-07,"ＫＡＹ　ＬＥＯ　ＢＲＯＴＨＥＲＳ　ＬＩＭＩＴＥＤ　ＪＡＰＡＮ株式会社",,301,"千葉県","船橋市","薬円台１丁目１６番１－２０７号",,12,204,2740077,,,,,,,2025-12-10,1,,,,,"ケイレオブラザーズリミテッドジャパン",0
1907,7011501028506,12,0,2026-10-09,2026-10-06,"株式会社エコバリ",,301,"茨城県","坂東市","生子３４８８－５号",,08,228,3060504,,,,,,,2022-09-29,1,,,,,"エコバリ",0
1908,7011501032953,12,0,2026-10-09,2026-10-07,"株式会社ＨＡＬＵＭＯＡ",,301,"東京都","北区","赤羽１丁目７番９号赤羽第１葉山ビル４Ｆ",,13,117,1150045,,,,,,,2025-12-25,1,,,,,"ハルモア",0
1909,7011601027952,12,0,2026-10-09,2026-10-07,"株式会社福亀プランニング",,301,"東京都","練馬区","関町南３丁目２８番１７号",,13,120,1770053,,,,,,,2024-08-06,1,,,,,"フクカメプランニング",0
1910,7011601028975,12,0,2026-10-09,2026-10-07,"アクア株式会社",,301,"東京都","杉並区","阿佐谷北２丁目９－１０ラ・メゾン１Ａ",,13,115,1660001,,,,,,,2025-09-16,1,,,,,"アクア",0
1911,7011702017530,12,0,2026-10-09,2026-10-05,"株式会社グッドファインダー",,301,"東京都","江戸川区","船堀５丁目１１番１号サンライトパレス船堀１０１号室",,13,123,1340091,,,,,,,2015-10-05,1,,,,,"グッドファインダー",0
1912,7011802003959,12,0,2026-10-09,2026-10-07,"有限会社樹創",,302,"東京都","中央区","新富２丁目１１番２号西村ビル３階",,13,102,1040041,,,,,,,2015-10-05,1,,,,,"ジュソウ",0
1913,7011802011664,12,0,2026-10-09,2026-10-05,"有限会社キングサントレーディング",,302,"東京都","江戸川区","中葛西２丁目７番１２号サニーレジデンス５０５",,13,123,1340083,,,,,,,2015-10-05,1,,,,,"キングサントレーディング",0
1914,7011805003576,01,0,2026-10-09,2026-10-09,"一般社団法人先診会",,399,"東京都","足立区","梅島３丁目３３番６号",,13,121,1210816,,,,,,,2026-10-09,1,,,,,"センシンカイ",0
1915,7012801008676,21,0,2026-10-09,2026-09-18,"株式会社オーエックス西東京",,301,"東京都","武蔵村山市","本町１丁目１３番地１",,13,223,2080004,,,2026-09-18,01,,,2015-10-05,1,,,,,"オーエックスニシトウキョウ",0
1916,7013301056892,01,0,2026-10-09,2026-10-09,"株式会社セイレネス",,301,"東京都","豊島区","東池袋１丁目３９番１５号シャトレー東池袋３０２",,13,116,1700013,,,,,,,2026-10-09,1,,,,,"セイレネス",0
1917,7013401000370,21,0,2026-10-09,2026-09-18,"株式会社成光広告",,301,"東京都","日野市","神明２丁目１２番地の１７",,13,212,1910016,,,2026-09-18,01,,,2015-10-05,1,,,,,"セイコウコウコク",0
1918,7020001016276,21,0,2026-10-09,2026-10-07,"共立エステート株式会社",,301,"神奈川県","横浜市鶴見区","大黒町９番地１７",,14,101,2300053,,,2026-10-07,11,8010401190984,"令和８年９月１日東京都港区西新橋三丁目２３番５号郵船不動産株式会社（8010401190984）に合併し解散",2015-10-05,1,,,,,"キョウリツエステート",0
1919,7020001071742,01,1,2026-10-09,2015-10-05,"東旺ビルサービス株式会社",,301,"神奈川県","川崎市幸区","小向西町４丁目６５番地",,14,132,2120004,,,,,,,2015-10-05,1,,,,,"トウオウビルサービス",0
1920,7020001077186,01,1,2026-10-09,2015-10-05,"株式会社ヤマシタ",,301,"神奈川県","川崎市幸区","南幸町２丁目６２番地",,14,132,2120016,,,,,,,2015-10-05,1,,,,,"ヤマシタ",0
1921,7020001099882,01,1,2026-10-09,2015-10-05,"株式会社フォレストグリーン",,301,"神奈川県","横浜市南区","弘明寺町１４６番地",,14,105,2320067,,,,,,,2015-10-05,1,,,,,"フォレストグリーン",0
1922,7020001102142,01,1,2026-10-09,2015-10-05,"エコシェルジュ株式会社",,301,"神奈川県","川崎市宮前区","有馬９丁目３－２２－１０１",,14,136,2160003,,,,,,,2015-10-05,0,,,,,"エコシェルジュ",0
1923,7020001102142,12,1,2026-10-09,2017-01-04,"エコシェルジュ株式会社",,301,"静岡県","静岡市葵区","北安東５丁目１番２６－２号１０１号",,22,101,4200881,,,,,,,2015-10-05,1,,,,,"エコシェルジュ",0
1924,7020001106374,11,0,2026-10-09,2026-10-01,"株式会社ベンガベンガ",,301,"東京都","大田区","西糀谷４丁目２１－１ナガイビル３階",,13,111,1440034,,,,,,,2015-10-05,1,,,,,"ベンガベンガ",0
1925,7020001115581,01,1,2026-10-09,2016-04-06,"株式会社ＹＵＭＡ",,301,"神奈川県","横浜市保土ケ谷区","初音ケ丘１番９号",,14,106,2400016,,,,,,,2016-04-06,1,,,,,"ユーマ",0
1926,7020001164637,21,0,2026-10-09,2026-09-25,"銘源株式会社",,301,"神奈川県","横浜市中区","山手町８９番１",,14,104,2310862,,,2026-09-25,01,,,2025-09-11,1,,,,,"メイゲン",0
1927,7020001170544,01,0,2026-10-09,2026-10-09,"株式会社中村工業",,301,"神奈川県","横浜市神奈川区","金港町５番地１４クアドリフォリオ８階",,14,102,2210056,,,,,,,2026-10-09,1,,,,,"ナカムラコウギョウ",0
1928,7020001170619,01,0,2026-10-09,2026-10-09,"株式会社花房",,301,"神奈川県","横浜市港北区","日吉１丁目７番２３－１号",,14,109,2230061,,,,,,,2026-10-09,1,,,,,"ハナフサ",0
1929,7020001170627,01,0,2026-10-09,2026-10-09,"ＡＣホールディングス株式会社",,301,"神奈川県","横浜市港北区","綱島東１丁目９番１０－６０３号",,14,109,2230052,,,,,,,2026-10-09,1,,,,,"エーシーホールディングス",0
1930,7020001170742,01,0,2026-10-09,2026-10-09,"株式会社Ｍ．Ｍｅ．Ｍｉｎｅｔｔｅ",,301,"神奈川県","横浜市西区","浅間町１丁目４番地３ウィザードビル４０２",,14,103,2200072,,,,,,,2026-10-09,1,,,,,"エムミーミネット",0
1931,7020002042742,12,0,2026-10-09,2026-09-28,"有限会社三平不動産",,302,"神奈川県","横浜市鶴見区","上末吉１丁目２５番８号１階",,14,101,2300011,,,,,,,2015-10-05,1,,,,,"サンペイフドウサン",0
1932,7020003019491,12,0,2026-10-09,2026-09-25,"合同会社Ｋ．Ｏ．",,305,"神奈川県","川崎市中原区","上新城２丁目６－１４臼田ビル１Ｆ",,14,133,2110045,,,,,,,2021-03-26,1,,,,,"ケーオー",0
1933,7020003031876,01,0,2026-10-09,2026-10-09,"合同会社縁",,305,"神奈川県","横浜市港北区","鳥山町６１５番地２シャルム新横浜２０５",,14,109,2220035,,,,,,,2026-10-09,1,,,,,,0
1934,7021001007505,21,0,2026-10-09,2026-09-16,"株式会社山之井商事",,301,"神奈川県","茅ヶ崎市","甘沼５６０番地",,14,207,2530004,,,2026-09-16,01,,,2015-10-05,1,,,,,"ヤマノイショウジ",0
1935,7021001044853,01,1,2026-10-09,2015-10-05,"山東通商株式会社",,301,"神奈川県","綾瀬市","吉岡６２３番地１３",,14,218,2521124,,,,,,,2015-10-05,1,,,,,"サントウツウショウ",0
1936,7021001068150,12,0,2026-10-09,2026-09-14,"レーザ技術サービス株式会社",,301,"神奈川県","相模原市中央区","田名７１９１番地１６",,14,152,2520244,,,,,,,2019-09-19,1,,,,,"レーザギジュツサービス",0
1937,7021001089329,01,0,2026-10-09,2026-10-09,"ＨＡＮＮＯＮ株式会社",,301,"神奈川県","藤沢市","辻堂太平台２丁目２番２７号",,14,205,2510044,,,,,,,2026-10-09,1,,,,,"ハノン",0
1938,7021002063051,01,1,2026-10-09,2015-10-05,"有限会社栄弘商事",,302,"神奈川県","横須賀市","根岸町３丁目１３番３号",,14,201,2390807,,,,,,,2015-10-05,1,,,,,"エイコウショウジ",0
1939,7021003017948,01,0,2026-10-09,2026-10-09,"合同会社ベルトラ",,305,"神奈川県","藤沢市","片瀬海岸２丁目１１番１４号",,14,205,2510035,,,,,,,2026-10-09,1,,,,,"ベルトラ",0
1940,7021003017964,01,0,2026-10-09,2026-10-09,"合同会社ｗｉｔｈ．",,305,"神奈川県","平塚市","紅谷町２番９号２階",,14,203,2540043,,,,,,,2026-10-09,1,,,,,,0
1941,7021005012113,12,0,2026-10-09,2026-09-16,"一般社団法人Ａｔｈｒｅｅ",,399,"神奈川県","藤沢市","遠藤４２２９番地１",,14,205,2520816,,,,,,,2021-01-20,1,,,,,"アスリー",0
1942,7030001174528,01,0,2026-10-09,2026-10-09,"株式会社笠原興業",,301,"埼玉県","川口市","北原台２丁目２２番１２号赤堀ハイツ２号棟１４号",,11,203,3330815,,,,,,,2026-10-09,1,,,,,"カサハラコウギョウ",0
1943,7030001174536,01,0,2026-10-09,2026-10-09,"株式会社Ｅｉｇｈｔ　Ｐｅａｋ",,301,"埼玉県","さいたま市見沼区","大字大谷３３番地２",,11,104,3370014,,,,,,,2026-10-09,1,,,,,"エイトピーク",0
1944,7030003029597,12,0,2026-10-09,2026-09-25,"合同会社ＳｏａｒＴｅｃｈ",,305,"埼玉県","さいたま市南区","辻８丁目１１番１４－４号",00145228,11,108,3360026,,,,,,,2026-07-02,1,,,,,"ソアテック",0
1945,7030003030092,01,0,2026-10-09,2026-10-09,"合同会社Ｐｏｐ　Ｅｎｇｉｎｅ",,305,"埼玉県","さいたま市桜区","大字白鍬１０６番地７",,11,106,3380811,,,,,,,2026-10-09,1,,,,,"ポップエンジン",0
1946,7040001024483,01,1,2026-10-09,2015-10-05,"株式会社オールデイズ",,301,"千葉県","船橋市","行田２丁目６番９－９０８号",,12,204,2730044,,,,,,,2015-10-05,1,,,,,"オールデイズ",0
1947,7040001025432,01,1,2026-10-09,2015-10-05,"株式会社アスコット",,301,"千葉県","市川市","福栄３丁目２３番１号３２９室",,12,203,2720137,,,,,,,2015-10-05,1,,,,,"アスコット",0
1948,7040001040076,01,1,2026-10-09,2015-10-05,"株式会社２１企画",,301,"茨城県","守谷市","乙子２０４番地の１",,08,224,3020123,,,,,,,2015-10-05,1,,,,,"ニジュウイチキカク",0
1949,7040001096688,01,1,2026-10-09,2016-08-26,"株式会社みなみフロアー",,301,"千葉県","四街道市","大日２２１３番地４",,12,228,2840001,,,,,,,2016-08-26,1,,,,,"ミナミフロアー",0
1950,7040001122139,12,0,2026-10-09,2026-09-14,"信創建設株式会社",,301,"千葉県","千葉市若葉区","加曽利町３９３－１",,12,104,2640017,,,,,,,2022-02-07,1,,,,,"シンソウケンセツ",0
1951,7040001145503,01,0,2026-10-09,2026-10-09,"株式会社アールテリア",,301,"千葉県","茂原市","東郷１８１８番地１７",,12,210,2970017,,,,,,,2026-10-09,1,,,,,"アールテリア",0
1952,7040001145585,01,0,2026-10-09,2026-10-09,"株式会社文助",,301,"千葉県","市川市","本北方３丁目５番１１号",,12,203,2720816,,,,,,,2026-10-09,1,,,,,"ブンスケ",0
1953,7040001145593,01,0,2026-10-09,2026-10-09,"株式会社ＭＧＳ",,301,"千葉県","野田市","山崎１９０４番地の１１",,12,208,2780022,,,,,,,2026-10-09,1,,,,,"エムジーエス",0
1954,7040002016694,01,1,2026-10-09,2015-10-05,"有限会社サンプラス",,302,"千葉県","千葉市緑区","土気町１２８６番地８",,12,105,2670061,,,,,,,2015-10-05,1,,,,,"サンプラス",0
1955,7040002023170,01,1,2026-10-09,2015-10-05,"有限会社仙臺屋",,302,"千葉県","船橋市","本町４丁目１３番４号",,12,204,2730005,,,,,,,2015-10-05,1,,,,,"センダイヤ",0
1956,7040002080922,01,1,2026-10-09,2015-10-05,"有限会社片岡設備",,302,"千葉県","茂原市","千町１４９７番地１",,12,210,2970002,,,,,,,2015-10-05,1,,,,,"カタオカセツビ",0
1957,7040002088081,21,0,2026-10-09,2026-09-14,"有限会社ＤＥＮ",,302,"千葉県","香取市","小見１０２１番地",,12,236,2890402,,,2026-09-14,01,,,2015-10-05,1,,,,,"デン",0
1958,7040003026651,21,0,2026-10-09,2026-09-14,"ＨＱＬ合同会社",,305,"千葉県","白井市","根６６番地の１５",,12,232,2701431,,,2026-09-14,01,,,2025-01-20,1,,,,,"エイチキュウエル",0
1959,7050001012297,01,1,2026-10-09,2015-10-05,"株式会社大昌",,301,"茨城県","小美玉市","川戸１３５３番地９９",,08,236,3113412,,,,,,,2015-10-05,0,,,,,,0
1960,7050001012297,12,1,2026-10-09,2021-04-26,"株式会社大昌",,301,"福井県","越前市","松森町第９号４番地の７",,18,209,9150852,,,,,,,2015-10-05,1,,,,,,0
1961,7050001032196,12,0,2026-10-09,2026-09-30,"株式会社明筑企画",,301,"茨城県","筑西市","松原１３７番地１",,08,227,3004541,,,,,,,2015-10-05,1,,,,,"メイチクキカク",0
1962,7050005010438,01,1,2026-10-09,2015-10-05,"蓮花院",,399,"茨城県","結城市","大字浜野辺２３８番地",,08,207,3070025,,,,,,,2015-10-05,1,,,,,"レンゲイン",0
1963,7060003006255,01,0,2026-10-09,2026-10-09,"合同会社Ｕｎｅａｒｔｈ　Ｃｏ．",,305,"栃木県","那須塩原市","安藤町１９－１１",,09,213,3250021,,,,,,,2026-10-09,1,,,,,"アンアース",0
1964,7070001006347,12,0,2026-10-09,2026-10-01,"株式会社エイム",,301,"群馬県","前橋市","前箱田町３１８番地５ヴィラージュ双葉２０１",,10,201,3710835,,,,,,,2015-10-05,1,,,,,"エイム",0
1965,7070002013986,01,1,2026-10-09,2015-10-05,"有限会社フェイス",,302,"群馬県","高崎市","引間町１５３番地２",,10,202,3703517,,,,,,,2015-10-05,1,,,,,"フェイス",0
1966,7080005000510,01,1,2026-10-09,2015-10-05,"天理教東駿島分教会",,399,"静岡県","静岡市駿河区","丸子５５８３番地の４",,22,102,4210103,,,,,,,2015-10-05,1,,,,,"テンリキョウヒガシスントウブンキョウカイ",0
1967,7080101019520,01,1,2026-10-09,2016-12-14,"株式会社グランディ",,301,"静岡県","駿東郡長泉町","上土狩５５８番地の２",,22,342,4110941,,,,,,,2016-12-14,1,,,,,"グランディ",0
1968,7080102020948,01,1,2026-10-09,2015-10-05,"有限会社久保喜",,302,"静岡県","下田市","立野２３６番地",,22,219,4150032,,,,,,,2015-10-05,1,,,,,"クボキ",0
1969,7090001003334,21,0,2026-10-09,2026-10-01,"明神商事株式会社",,301,"山梨県","甲斐市","富竹新田１６３６番地",,19,210,4000113,,,2026-10-01,11,6090002014083,"令和８年１０月１日山梨県北杜市高根町箕輪新町９番地の３株式会社木次商事（6090002014083）に合併し解散",2015-10-05,1,,,,,"ミョウジンショウジ",0
1970,7100001016045,21,0,2026-10-09,2026-10-08,"株式会社トータルコミュニケーション",,301,"長野県","松本市","大字惣社５１５番地２",,20,202,3900305,,,2026-10-08,01,,,2015-10-05,1,,,,,"トータルコミュニケーション",0
1971,7120001015953,01,1,2026-10-09,2015-10-05,"株式会社花佐",,301,"大阪府","大阪市城東区","関目３丁目１３番１０号",,27,118,5360008,,,,,,,2015-10-05,1,,,,,"ハナサ",0
1972,7120001044515,11,0,2026-10-09,2026-10-01,"セムリンクス株式会社",,301,"大阪府","大阪市西区","阿波座２丁目１番４号",,27,106,5500011,,,,,,,2015-10-05,1,,,,,"セムリンクス",0
1973,7120001173363,12,0,2026-10-09,2026-10-01,"株式会社エイチエーエス",,301,"大阪府","大阪市中央区","北新町４番５号",,27,128,5400023,,,,,,,2015-10-05,1,,,,,"エイチエーエス",0
1974,7120001190549,01,1,2026-10-09,2015-10-05,"株式会社アス・アン・ゼム",,301,"大阪府","大阪市中央区","瓦屋町２丁目２番２－２４０２号",,27,128,5420066,,,,,,,2015-10-05,0,,,,,"アスアンゼム",0
1975,7120001190549,12,1,2026-10-09,2026-10-05,"株式会社アス・アン・ゼム",,301,"大阪府","大阪市阿倍野区","阿倍野筋１丁目１番４３号あべのハルカス３１階",,27,119,5450052,,,,,,,2015-10-05,1,,,,,"アスアンゼム",0
1976,7120001208747,12,0,2026-10-09,2026-10-08,"株式会社フリーディオ",,301,"大阪府","大阪市北区","梅田１丁目２番２号大阪駅前第２ビル１１－８",,27,127,5300001,,,,,,,2017-10-11,1,,,,,"フリーディオ",0
1977,7120001267958,01,1,2026-10-09,2024-09-03,"株式会社ＲＥＶＥ　ＨＯＬＤＩＮＧＳ",,301,"大阪府","大阪市中央区","本町２丁目６番１０号",,27,128,5410053,,,,,,,2024-09-03,0,,,,,"レイブホールディングス",0
1978,7120001267958,12,1,2026-10-09,2025-03-10,"株式会社ＲＥＶＥ　ＨＯＬＤＩＮＧＳ",,301,"大阪府","大阪市中央区","淡路町４丁目２番１３号",,27,128,5410047,,,,,,,2024-09-03,1,,,,,"レイブホールディングス",0
1979,7120001270391,21,0,2026-10-09,2026-10-05,"花梨魅影芸術家居株式会社",,301,"大阪府","大阪市大正区","三軒家西３丁目４番１６号中山ビル１０１Ｂ",,27,108,5510001,,,2026-10-05,01,,,2024-11-19,1,,,,,"カリンミカゲゲイジュツカキョ",0
1980,7120001274178,21,0,2026-10-09,2026-10-06,"火誕株式会社",,301,"大阪府","大阪市城東区","関目５丁目１９番９号関目花博公館３１２Ｂ",,27,118,5360008,,,2026-10-06,01,,,2025-04-07,1,,,,,"カタン",0
1981,7120001281125,21,0,2026-10-09,2026-10-06,"嘉禾株式会社",,301,"大阪府","大阪市城東区","関目５丁目１９番９号関目花博公館４０２Ａ",,27,118,5360008,,,2026-10-06,01,,,2025-10-15,1,,,,,"カカ",0
1982,7120001289523,01,0,2026-10-09,2026-10-09,"株式会社アラカワマネジメント",,301,"大阪府","交野市","星田９丁目５１番１６号",,27,230,5760016,,,,,,,2026-10-09,1,,,,,"アラカワマネジメント",0
1983,7120001289531,01,0,2026-10-09,2026-10-09,"株式会社アクトグループ",,301,"大阪府","大阪市中央区","南船場１丁目３番１０号サンライズ長堀５０６号",,27,128,5420081,,,,,,,2026-10-09,1,,,,,"アクトグループ",0
1984,7120001289564,01,0,2026-10-09,2026-10-09,"株式会社ＨＭＣ",,301,"大阪府","大阪市西区","江戸堀１丁目２２番３３号",,27,106,5500002,,,,,,,2026-10-09,1,,,,,"エイチエムシィー",0
1985,7120002037534,01,1,2026-10-09,2015-10-05,"有限会社中尾米穀店",,302,"大阪府","大阪市中央区","（大阪市南区高津三丁目３番３６号）",,27,128,5390000,,,,,,,2015-10-05,1,,,,,"ナカオベイコクテン",1
1986,7120003027922,12,0,2026-10-09,2026-09-29,"合同会社ＦＵＮ",,305,"大阪府","大阪市東淀川区","西淡路５丁目１番１号２０４",,27,114,5330031,,,,,,,2024-11-08,1,,,,,"ファン",0
1987,7120101054216,21,0,2026-10-09,2026-10-05,"株式会社メディアシー",,301,"大阪府","貝塚市","東山５丁目９番１２号",,27,208,5970046,,,2026-10-05,01,,,2016-01-27,1,,,,,"メディアシー",0
1988,7120101074362,12,0,2026-10-09,2026-10-05,"株式会社ＣＩＥＬ　ＢＡＳＥ",,301,"大阪府","堺市中区","堀上町３番８号",,27,142,5998261,,,,,,,2026-09-15,1,,,,,"シエルベース",0
1989,7120102020976,12,0,2026-10-09,2026-10-05,"有限会社ＫＩＳＨＩＫＯＵ企業",,302,"大阪府","岸和田市","北町１１－１８",,27,202,5960056,,,,,,,2015-10-05,1,,,,,"キシコウキギョウ",0
1990,7120105004968,12,0,2026-10-09,2026-10-06,"医療法人有広会",,399,"滋賀県","彦根市","松原町１８５３番地２",,25,202,5220002,,,,,,,2015-10-05,1,,,,,"ユウコウカイ",0
1991,7120901010632,12,0,2026-10-09,2026-09-18,"株式会社輝",,301,"大阪府","高槻市","宮野町２番２号",,27,207,5690081,,,,,,,2015-10-05,1,,,,,"ヒカリ",0
1992,7122003003647,01,0,2026-10-09,2026-10-09,"ＲＩＶＥＬＡ合同会社",,305,"大阪府","四條畷市","二丁通町２４番３－６０２号",,27,229,5750044,,,,,,,2026-10-09,1,,,,,"リヴェラ",0
1993,7122005000642,01,1,2026-10-09,2015-10-05,"天理教高南誠輝分教会",00034955,399,"大阪府","東大阪市","菱江５丁目１０番２号",,27,227,5780984,,,,,,,2015-10-05,1,,,,,"テンリキョウコウナンセイキブンキョウカイ",0
1994,7130001069016,01,1,2026-10-09,2021-04-05,"ケイクラフト株式会社",,301,"京都府","京都市伏見区","淀生津町１６番地",,26,109,6130914,,,,,,,2021-04-05,1,,,,,,0
1995,7130001074742,12,0,2026-10-09,2026-10-07,"株式会社スポーツ館ミツハシ",,301,"京都府","京都市中京区","室町通御池上る御池之町３２４番地１",,26,104,6040022,,,,,,,2023-07-14,1,,,,,"スポーツカンミツハシ",0
1996,7140001049768,01,1,2026-10-09,2015-10-05,"タイラ基礎工業株式会社",,301,"兵庫県","尼崎市","武庫之荘５丁目４６番４号",,28,202,6610035,,,,,,,2015-10-05,1,,,,,"タイラキソコウギョウ",0
1997,7140001053084,11,0,2026-10-09,2026-10-01,"株式会社ＪＲ西日本テクノサービス＆デザイン",,301,"兵庫県","尼崎市","潮江１丁目２番１２号",,28,202,6610976,,,,,,,2015-10-05,1,,,,,"ジェイアールニシニホンテクノサービスデザイン",0
1998,7140001066111,21,0,2026-10-09,2026-10-02,"ユーチャート株式会社",,301,"兵庫県","姫路市","野里中町５番３０号",,28,201,6700864,,,2026-10-02,01,,,2015-10-05,1,,,,,"ユーチャート",0
1999,7140001067803,01,1,2026-10-09,2015-10-05,"朝野ケアシステム株式会社",,301,"兵庫県","西宮市","大屋町２１番２５号",,28,204,6638106,,,,,,,2015-10-05,1,,,,,"アサノケアシステム",0
2000,7140001101834,01,1,2026-10-09,2016-04-26,"株式会社Ｒｅｂｅｃｃａ",,301,"兵庫県","西宮市","上大市１丁目１０番９号",,28,204,6638003,,,,,,,2016-04-26,0,,,,,"レベッカ",0
2001,7140001101834,21,0,2026-10-09,2026-10-01,"株式会社Ｒｅｂｅｃｃａ",,301,"兵庫県","西宮市","上大市１丁目１０番９号",,28,204,6638003,,,2026-10-01,11,3140001093968,"令和８年１０月１日兵庫県芦屋市西山町２３番１６号株式会社ｓｔｕａｒｔ（3140001093968）に合併し解散",2016-04-26,1,,,,,"レベッカ",0
2002,7140001144197,01,0,2026-10-09,2026-10-09,"株式会社イーストエンジニアリング",,301,"兵庫県","尼崎市","久々知１丁目２７番２号",,28,202,6610977,,,,,,,2026-10-09,1,,,,,"イーストエンジニアリング",0
2003,7140001144206,01,0,2026-10-09,2026-10-09,"株式会社医歯薬トラストエージェンシー",,301,"兵庫県","神戸市長田区","五番町７丁目３番地７",,28,106,6530003,,,,,,,2026-10-09,1,,,,,"イシヤクトラストエージェンシー",0
2004,7140001144247,01,0,2026-10-09,2026-10-09,"シキネ株式会社",,301,"兵庫県","西宮市","瓦林町２３番２２号セピアハイツ１０２号",,28,204,6638107,,,,,,,2026-10-09,1,,,,,"シキネ",0
2005,7140001144255,01,0,2026-10-09,2026-10-09,"株式会社ゼーレン",,301,"兵庫県","西宮市","苦楽園四番町５番４０号",,28,204,6620088,,,,,,,2026-10-09,1,,,,,"ゼーレン",0
2006,7140001144296,01,0,2026-10-09,2026-10-09,"株式会社三恵",,301,"兵庫県","姫路市","龍野町４丁目８番",,28,201,6700032,,,,,,,2026-10-09,1,,,,,"サンエ",0
2007,7140002008525,01,1,2026-10-09,2015-10-05,"有限会社後藤工作所",,302,"兵庫県","神戸市長田区","浪松町２丁目２番３号",,28,106,6530055,,,,,,,2015-10-05,1,,,,,"ゴトウコウサクショ",0
2008,7140002047886,01,1,2026-10-09,2015-10-05,"有限会社岡崎電機",,302,"兵庫県","姫路市","白浜町寺家１丁目２０８番地",,28,201,6728012,,,,,,,2015-10-05,1,,,,,"オカザキデンキ",0
2009,7140002056607,71,0,2026-10-09,2026-10-01,"株式会社サンズラック",,301,"富山県","富山市","婦中町西本郷４３６番３２",,16,201,9392701,,,,,,"令和８年１０月１日鹿児島市錦江町１番２０号株式会社ジオマックス（7340002014593）を合併",2015-10-05,1,,,,,"サンズラック",0
2010,7140003011370,01,1,2026-10-09,2016-05-09,"Ｍａｈａｎａ　Ｄｅｓｉｇｎｓ　ＬＬＣ合同会社",,305,"兵庫県","西宮市","樋之池町７番５－１１２号",,28,204,6620084,,,,,,,2016-05-09,0,,,,,"マハナデザインズエルエルシー",0
2011,7140003011370,12,1,2026-10-09,2017-05-11,"Ｍａｈａｎａ　Ｄｅｓｉｇｎｓ　ＬＬＣ合同会社",,305,"兵庫県","西宮市","松下町６番８－５０６",,28,204,6620962,,,,,,,2016-05-09,0,,,,,"マハナデザインズエルエルシー",0
2012,7140003011370,12,1,2026-10-09,2023-04-04,"Ｍａｈａｎａ　Ｄｅｓｉｇｎｓ　ＬＬＣ合同会社",,305,"兵庫県","西宮市","能登町１２－５８－４１７",,28,204,6620838,,,,,,,2016-05-09,1,,,,,"マハナデザインズエルエルシー",0
2013,7160003003928,01,0,2026-10-09,2026-10-09,"合同会社弥太郎総合",,305,"滋賀県","大津市","枝４丁目１１番１１号",,25,201,5202275,,,,,,,2026-10-09,1,,,,,"ヤタロウソウゴウ",0
2014,7170001015726,12,0,2026-10-09,2026-10-02,"井上自動車株式会社",,301,"和歌山県","和歌山市","梶取３９番地８",,30,201,6408411,,,,,,,2019-08-14,1,,,,,"イノウエジドウシャ",0
2015,7170003002508,01,0,2026-10-09,2026-10-09,"ｒａｚｕｒｉ合同会社",,305,"和歌山県","和歌山市","北野２２９－１",,30,201,6496331,,,,,,,2026-10-09,1,,,,,"ラズリ",0
2016,7180001173795,01,0,2026-10-09,2026-10-09,"まるキューブ株式会社",,301,"愛知県","一宮市","東五城字備前２１１２番地",,23,203,4940008,,,,,,,2026-10-09,1,,,,,"マルキューブ",0
2017,7180001173861,01,0,2026-10-09,2026-10-09,"株式会社ＨＯＤＯＡＩ",,301,"愛知県","名古屋市中区","丸の内１丁目２－９長尾ビル２Ｆ",,23,106,4600002,,,,,,,2026-10-09,1,,,,,"ホドアイ",0
2018,7180002017282,12,0,2026-10-09,2026-10-06,"有限会社旭計測",,302,"長野県","松本市","梓川倭３０７９番地１４",,20,202,3901701,,,,,,,2015-10-05,1,,,,,"アサヒケイソク",0
2019,7180003018949,11,0,2026-10-09,2026-10-05,"プログレス株式会社",,301,"愛知県","名古屋市名東区","本郷１丁目２１８番地",,23,115,4650024,,,,,,,2018-05-23,1,,,,,"プログレス",0
2020,7180003025904,21,0,2026-10-09,2026-09-24,"合同会社Ｗｅａｌｔｈｙ",,305,"愛知県","名古屋市東区","大松町２番１号エクセレント光栄１Ｄ号",,23,102,4610033,,,2026-09-24,01,,,2023-10-31,1,,,,,"ウェルシー",0
2021,7180005009285,01,1,2026-10-09,2015-10-05,"穴馬興正寺別院",,399,"愛知県","犬山市","字郷西８５番地",,23,215,4840817,,,,,,,2015-10-05,1,,,,,"アナマコウショウジベツイン",0
2022,7180301030597,01,1,2026-10-09,2017-07-31,"株式会社部屋とも",,301,"愛知県","安城市","小川町新田山９番地２",,23,212,4441162,,,,,,,2017-07-31,1,,,,,"ヘヤトモ",0
2023,7190001033494,01,0,2026-10-09,2026-10-09,"株式会社野島建装",,301,"三重県","津市","一志町小山８５４番地９６",,24,201,5152514,,,,,,,2026-10-09,1,,,,,"ノジマケンソウ",0
2024,7190003005574,01,0,2026-10-09,2026-10-09,"ソレイユ合同会社",,305,"三重県","四日市市","西浦１丁目１番７号千元ビル３階",,24,202,5100071,,,,,,,2026-10-09,1,,,,,"ソレイユ",0
2025,7200001008866,01,1,2026-10-09,2015-10-05,"株式会社スコラボ",,301,"岐阜県","岐阜市","水海道１丁目５番５号",,21,201,5008223,,,,,,,2015-10-05,0,,,,,"スコラボ",0
2026,7200001008866,12,1,2026-10-09,2017-09-19,"株式会社スコラボ",,301,"岐阜県","岐阜市","曙町４丁目１５番地",,21,201,5008148,,,,,,,2015-10-05,1,,,,,"スコラボ",0
2027,7200001044671,01,1,2026-10-09,2026-02-02,"株式会社源電気",,301,"岐阜県","可児市","下恵土７８８番地７",,21,214,5090203,,,,,,,2026-02-02,1,,,,,,0
2028,7200002011175,01,1,2026-10-09,2015-10-05,"ヘルシー有限会社",,302,"岐阜県","羽島郡岐南町","上印食１丁目９１番地",,21,302,5016001,,,,,,,2015-10-05,0,,,,,,0
2029,7200002011175,21,0,2026-10-09,2026-10-02,"ヘルシー有限会社",,302,"岐阜県","羽島郡岐南町","上印食１丁目９１番地",,21,302,5016001,,,2026-10-02,01,,,2015-10-05,1,,,,,,0
2030,7210001015135,12,0,2026-10-09,2026-09-14,"株式会社ほくたい",,301,"東京都","港区","新橋６丁目１６番８号ＳＡＮＰＵビル４階",,13,103,1050004,,,,,,,2015-10-05,1,,,,,"ホクタイ",0
2031,7210001019144,21,0,2026-10-09,2026-10-01,"株式会社ｃａｔａｄｏｏｒ　ｐｅｒｉｏｄ",,301,"福井県","福井市","北四ツ居２丁目１３番１０号",,18,201,9188205,,,2026-10-01,11,9210002004390,"令和８年９月１日福井市高木中央三丁目９２２番地株式会社カタドル（9210002004390）に合併し解散",2022-11-09,1,,,,,"カタドルピリオド",0
2032,7220001009301,21,0,2026-10-09,2026-10-01,"ＥＩＺＯエージェンシー株式会社",,301,"石川県","白山市","下柏野町１５３番地",,17,210,9240038,,,2026-10-01,11,8220001009300,"令和８年１０月１日石川県白山市下柏野町１５３番地ＥＩＺＯ株式会社（8220001009300）に合併し解散",2015-10-05,1,,,,,"エイゾーエージェンシー",0
2033,7220002016156,01,1,2026-10-09,2015-10-05,"有限会社徳田工建",,302,"石川県","珠洲市","宝立町南黒丸１７字１８番地３",,17,205,9271224,,,,,,,2015-10-05,0,,,,,"トクダコウケン",0
2034,7220002016156,12,1,2026-10-09,2026-10-06,"有限会社徳田工建",,302,"石川県","珠洲市","宝立町鵜島４字１８番地１０",,17,205,9271223,,,,,,,2015-10-05,1,,,,,"トクダコウケン",0
2035,7220005009108,01,0,2026-10-09,2026-10-09,"一般社団法人ＭＯＮＴ　ＬＡＢ",,399,"石川県","金沢市","上安原２丁目２６４番地",,17,201,9200370,,,,,,,2026-10-09,1,,,,,"モントラボ",0
2036,7230001007403,01,1,2026-10-09,2015-10-05,"ＪＸ金属三日市リサイクル株式会社",,301,"富山県","黒部市","天神新８番地",,16,207,9380042,,,,,,,2015-10-05,1,,,,,"ジェイエックスキンゾクミッカイチリサイクル",0
2037,7230001012766,12,0,2026-10-09,2026-10-02,"中央リンク株式会社",,301,"富山県","高岡市","内免２丁目３番１３８号",,16,202,9330941,,,,,,,2015-10-05,1,,,,,"チュウオウリンク",0
2038,7240001002782,21,0,2026-10-09,2026-10-02,"キョクトウ高宮株式会社",,301,"広島県","広島市東区","光町２丁目６番３１号",,34,102,7320052,,,2026-10-02,11,8240001002773,"令和８年１０月１日広島市東区光町二丁目６番３１号極東興和株式会社（8240001002773）に合併し解散",2015-10-05,1,,,,,"キョクトウタカミヤ",0
2039,7240001005439,71,0,2026-10-09,2026-10-01,"ティーエスアルフレッサ株式会社",,301,"広島県","広島市西区","商工センター１丁目２番１９号",,34,104,7330833,,,,,,"令和８年１０月１日広島県福山市吉津町１２番５号株式会社ミヤノメディックス（2240001032314）を合併",2015-10-05,1,,,,,"ティーエスアルフレッサ",0
2040,7240001022062,12,0,2026-10-09,2026-10-02,"スカイソフト株式会社",,301,"広島県","広島市中区","袋町５－２８和光広島ビル４Ｆ－Ｄ",,34,101,7300036,,,,,,,2015-10-05,1,,,,,,0
2041,7240001049064,01,1,2026-10-09,2016-03-24,"株式会社栗原産業",,301,"広島県","広島市安佐北区","安佐町大字久地１３２０番地１",,34,106,7313362,,,,,,,2016-03-24,1,,,,,"クリハラサンギョウ",0
2042,7240001065961,12,0,2026-10-09,2026-10-02,"株式会社Ｐａｔｈｗｉｌｌ",,301,"広島県","広島市中区","東白島町２１－７里見ビル４０２",,34,101,7300004,,,,,,,2025-12-23,1,,,,,"パスウィル",0
2043,7240001067157,01,0,2026-10-09,2026-10-09,"株式会社ＮＡＧＩ",,301,"広島県","東広島市","黒瀬町宗近柳国１１０番地１６",,34,212,7392504,,,,,,,2026-10-09,1,,,,,"ナギ",0
2044,7240001067165,01,0,2026-10-09,2026-10-09,"株式会社Ｊｏｕｒｎｅｙ　Ｆｏｏｄ　Ｏｐｅｒａｔｉｏｎｓ",,301,"広島県","広島市西区","己斐東１丁目２番１０号１階",,34,104,7330811,,,,,,,2026-10-09,1,,,,,"ジャーニーフードオペレーションズ",0
2045,7240002034461,21,0,2026-10-09,2026-10-01,"有限会社吉本",,302,"広島県","呉市","広駅前２丁目３番２６号",,34,202,7370142,,,2026-10-01,01,,,2015-10-05,1,,,,,"ヨシモト",0
2046,7240003007986,01,0,2026-10-09,2026-10-09,"合同会社岡田会計事務所",,305,"広島県","廿日市市","住吉２丁目９番１２号",,34,213,7380014,,,,,,,2026-10-09,1,,,,,"オカダカイケイジムショ",0
2047,7250001000595,71,0,2026-10-09,2026-10-01,"株式会社ＮＦデバイステクノロジー",,301,"山口県","山口市","宮野上字堀山１５６８番地３",,35,203,7530001,,,,,,"令和８年１０月１日山口県山口市佐山３番地４６株式会社ＮＦエンジニアリング（9020001019673）を合併",2015-10-05,1,,,,,"エヌエフデバイステクノロジー",0
2048,7250001021872,01,0,2026-10-09,2026-10-09,"株式会社ＧＢ",,301,"山口県","宇部市","昭和町４丁目８番１２号",,35,202,7550011,,,,,,,2026-10-09,1,,,,,"ジービー",0
2049,7250002007318,01,1,2026-10-09,2015-10-05,"有限会社アタック・ウィン",,302,"山口県","宇部市","港町１丁目１２番４号",,35,202,7550027,,,,,,,2015-10-05,0,,,,,"アタックウィン",0
2050,7250002007318,11,1,2026-10-09,2021-11-18,"株式会社アタック・ウィン",,301,"山口県","宇部市","港町１丁目１２番４号",,35,202,7550027,,,,,,,2015-10-05,0,,,,,"アタックウイン",0
2051,7250002007318,12,1,2026-10-09,2022-01-05,"株式会社アタック・ウィン",,301,"山口県","宇部市","琴芝町１丁目１番２５号",,35,202,7550033,,,,,,,2015-10-05,0,,,,,"アタックウイン",0
2052,7250002007318,21,0,2026-10-09,2026-10-01,"株式会社アタック・ウィン",,301,"山口県","宇部市","琴芝町１丁目１番２５号",,35,202,7550033,,,2026-10-01,11,6250001003673,"令和８年１０月１日山口県宇部市琴芝町一丁目１番２５号ミータス株式会社（6250001003673）に合併し解散",2015-10-05,1,,,,,"アタックウイン",0
2053,7260001003928,12,0,2026-10-09,2026-10-07,"株式会社ダイシン",,301,"岡山県","岡山市北区","富田町２丁目１０番７号",,33,101,7000816,,,,,,,2015-10-05,1,,,,,"ダイシン",0
2054,7260001021434,01,1,2026-10-09,2015-10-05,"三菱農機販売株式会社",,301,"埼玉県","久喜市","桜田２丁目１３３番４号",,11,232,3400203,,,,,,,2015-10-05,0,,,,,"ミツビシノウキハンバイ",0
2055,7260001021434,12,1,2026-10-09,2026-03-04,"三菱農機販売株式会社",,301,"島根県","松江市","東出雲町揖屋６６７番地１",,32,201,6990101,,,,,,,2015-10-05,0,,,,,"ミツビシノウキハンバイ",0
2056,7260001021434,11,1,2026-10-09,2026-09-10,"ＭＡＭＳ株式会社",,301,"島根県","松江市","東出雲町揖屋６６７番地１",,32,201,6990101,,,,,,,2015-10-05,1,,,,,,0
2057,7260001029592,01,1,2026-10-09,2016-05-26,"ＲｅｄｅａＳｔａｃｋ株式会社",,301,"岡山県","岡山市北区","北長瀬表町３丁目８番３号",,33,101,7000962,,,,,,,2016-05-26,0,,,,,,0
2058,7260001029592,12,1,2026-10-09,2026-10-01,"ＲｅｄｅａＳｔａｃｋ株式会社",,301,"岡山県","岡山市北区","駅前町１丁目３番１号",,33,101,7000023,,,,,,,2016-05-26,0,,,,,,0
2059,7260001029592,11,1,2026-10-09,2026-10-01,"ＭｔＭ　ＩＴソリューション株式会社",,301,"岡山県","岡山市北区","駅前町１丁目３番１号",,33,101,7000023,,,,,,,2016-05-26,1,,,,,"エムティーエムアイティーソリューション",0
2060,7260001033974,21,0,2026-10-09,2026-10-02,"株式会社マクロン",,301,"岡山県","岡山市北区","大供表町１４番１号",,33,101,7000912,,,2026-10-02,11,5260003001956,"令和８年９月３０日岡山市南区西市２３６番地１合同会社ライフ（5260003001956）に合併し解散",2020-01-24,1,,,,,"マクロン",0
2061,7260001039897,12,0,2026-10-09,2026-10-08,"株式会社大国",,301,"岡山県","岡山市北区","番町１丁目７番２８号",,33,101,7000811,,,,,,,2025-02-07,1,,,,,"タイコク",0
2062,7260002002301,01,1,2026-10-09,2015-10-05,"有限会社尾銭建設",,302,"岡山県","岡山市南区","当新田１３４番地",,33,104,7000956,,,,,,,2015-10-05,1,,,,,"オゼニケンセツ",0
2063,7270001009528,01,0,2026-10-09,2026-10-09,"株式会社クオリティサービス",,301,"鳥取県","鳥取市","吉成２丁目１５番１４号",,31,201,6800864,,,,,,,2026-10-09,1,,,,,"クオリティサービス",0
2064,7270001009536,01,0,2026-10-09,2026-10-09,"株式会社ＡＣＴ",,301,"鳥取県","鳥取市","滝山３６７番地１",,31,201,6800072,,,,,,,2026-10-09,1,,,,,"アクト",0
2065,7270005005713,01,0,2026-10-09,2026-10-09,"一般社団法人ＯＵＨＯＵ",,399,"鳥取県","鳥取市","卯垣１２７番地１３",,31,201,6800074,,,,,,,2026-10-09,1,,,,,"オウホウ",0
2066,7280001009725,01,0,2026-10-09,2026-10-09,"株式会社ラビットジャパン",,301,"島根県","松江市","学園南２丁目９番２５号",,32,201,6900826,,,,,,,2026-10-09,1,,,,,"ラビットジャパン",0
2067,7280002006754,01,1,2026-10-09,2015-10-05,"浜村木材有限会社",,302,"島根県","出雲市","佐田町反邊１４４０番地２０",,32,203,6930506,,,,,,,2015-10-05,1,,,,,,0
2068,7290001047022,01,1,2026-10-09,2015-10-05,"株式会社ライフネス",,301,"福岡県","福岡市南区","中尾３丁目１２番１７号",,40,134,8111364,,,,,,,2015-10-05,1,,,,,"ライフネス",0
2069,7290001074181,01,1,2026-10-09,2016-06-06,"株式会社ＳＥＮＴＥ",,301,"福岡県","福岡市博多区","博多駅南２丁目１９番２０号",,40,132,8120016,,,,,,,2016-06-06,0,,,,,"センテ",0
2070,7290001074181,12,1,2026-10-09,2022-09-06,"株式会社ＳＥＮＴＥ",,301,"東京都","文京区","根津２丁目１９番８号ＳＥＮＴＯビル１Ｂ",,13,105,1130031,,,,,,,2016-06-06,1,,,,,"センテ",0
2071,7290001074553,01,1,2026-10-09,2016-07-15,"株式会社ＰＬＡＮ　ＤＯ　ＦＵＫＵＯＫＡ",,301,"福岡県","福岡市中央区","渡辺通２丁目６番１２号",,40,133,8100004,,,,,,,2016-07-15,1,,,,,"プランドゥフクオカ",0
2072,7290001074784,01,1,2026-10-09,2016-08-05,"株式会社Ｋ・Ｉ・Ｄ",,301,"福岡県","春日市","須玖南１丁目１３０番地",,40,218,8160863,,,,,,,2016-08-05,1,,,,,"ケーアイディー",0
2073,7290001115720,01,0,2026-10-09,2026-10-09,"株式会社ささら建築社",,301,"福岡県","朝倉市","三奈木２３４０番地１０",,40,228,8380023,,,,,,,2026-10-09,1,,,,,"ササラケンチクシャ",0
2074,7290002032329,12,0,2026-10-09,2026-09-17,"有限会社山巳商事",,302,"福岡県","糟屋郡宇美町","宇美４丁目２番５－３０１号",,40,341,8112101,,,,,,,2015-10-05,1,,,,,"ヤマミショウジ",0
2075,7290801000329,01,1,2026-10-09,2015-10-05,"株式会社井筒屋",,301,"福岡県","北九州市小倉北区","船場町１番１号",,40,106,8020007,,,,,,,2015-10-05,1,,,,,"イヅツヤ",0
2076,7290801032867,01,0,2026-10-09,2026-10-09,"株式会社Ｏｎｅ　Ｈｅａｒｔ",,301,"福岡県","北九州市八幡東区","春の町４丁目３番２６号",,40,108,8050050,,,,,,,2026-10-09,1,,,,,"ワンハート",0
2077,7290802006614,01,1,2026-10-09,2015-10-05,"有限会社ヤマハ商事",,302,"福岡県","北九州市小倉北区","古船場町６番５号",,40,106,8020082,,,,,,,2015-10-05,1,,,,,"ヤマハショウジ",0
2078,7300002005092,01,1,2026-10-09,2015-10-05,"有限会社松岡商店",,302,"佐賀県","多久市","北多久町大字多久原３５２番地",,41,204,8460003,,,,,,,2015-10-05,1,,,,,"マツオカショウテン",0
2079,7300003002519,01,0,2026-10-09,2026-10-09,"合同会社よりそい",,305,"佐賀県","神埼市","神埼町城原３８３５番地",,41,210,8420122,,,,,,,2026-10-09,1,,,,,"ヨリソイ",0
2080,7310001013368,11,0,2026-10-09,2026-10-08,"株式会社ａｎｄＦａｎ",,301,"長崎県","佐世保市","湊町３番１４号ＭＵＣ１階",,42,202,8570055,,,,,,,2015-10-05,1,,,,,"アンドファン",0
2081,7320001016989,11,0,2026-10-09,2026-10-01,"株式会社貞清計算センター",,301,"大分県","日田市","中央１丁目７番２７号",,44,204,8770015,,,,,,,2019-04-05,1,,,,,"サダキヨケイサンセンター",0
2082,7320001021956,01,0,2026-10-09,2026-10-09,"株式会社Ｒｅ‐ＢＯＯＴ",,301,"大分県","大分市","豊町２丁目５番１号ＯＬＤビル１Ｆ",,44,201,8700042,,,,,,,2026-10-09,1,,,,,"リブート",0
2083,7320002011460,01,1,2026-10-09,2015-10-05,"有限会社ササキ",,302,"大分県","別府市","大字鶴見５０５番地の５",,44,202,8740840,,,,,,,2015-10-05,0,,,,,"ササキ",0
2084,7320002011460,21,1,2026-10-09,2026-09-08,"有限会社ササキ",,302,"大分県","別府市","大字鶴見５０５番地の５",,44,202,8740840,,,2026-09-08,01,,,2015-10-05,0,,,,,"ササキ",0
2085,7320002011460,22,1,2026-10-09,2026-09-28,"有限会社ササキ",,302,"大分県","別府市","大字鶴見５０５番地の５",,44,202,8740840,,,,,,,2015-10-05,0,,,,,"ササキ",0
2086,7320002011460,21,1,2026-10-09,2026-09-28,"有限会社ササキ",,302,"大分県","別府市","大字鶴見５０５番地の５",,44,202,8740840,,,2026-09-28,01,,,2015-10-05,1,,,,,"ササキ",0
2087,7330001026525,12,0,2026-10-09,2026-10-05,"株式会社アポセカリーＨＡＹＡＳＨＩ",,301,"熊本県","天草市","城下町６番１９号",,43,215,8630016,,,,,,,2019-07-04,1,,,,,"アポセカリーハヤシ",0
2088,7330002005107,01,1,2026-10-09,2015-10-05,"有限会社下田不動産",,302,"熊本県","熊本市西区","新土河原１丁目１番１９号",,43,103,8600056,,,,,,,2015-10-05,0,,,,,"シモダフドウサン",0
2089,7330002005107,12,1,2026-10-09,2017-08-17,"有限会社下田不動産",,302,"熊本県","熊本市西区","新土河原１丁目１番２３号",,43,103,8600056,,,,,,,2015-10-05,1,,,,,"シモダフドウサン",0
2090,7330002022531,21,0,2026-10-09,2026-10-05,"有限会社光和カンパニー",,302,"熊本県","荒尾市","四ツ山町３丁目６番３号",,43,204,8640052,,,2026-10-05,01,,,2015-10-05,1,,,,,"コウワカンパニー",0
2091,7340001021228,12,0,2026-10-09,2026-10-01,"Ｍ＆Ａ不動産株式会社",,301,"鹿児島県","鹿児島市","東千石町１７番１３号",,46,201,8920842,,,,,,,2018-06-01,1,,,,,"エムアンドエイフドウサン",0
2092,7340001028495,01,0,2026-10-09,2026-10-09,"東昇株式会社",,301,"鹿児島県","南さつま市","加世田地頭所６８１番地",,46,220,8970008,,,,,,,2026-10-09,1,,,,,"トウショウ",0
2093,7340002005205,01,1,2026-10-09,2015-10-05,"有限会社鮨の岩崎",00099049,302,"鹿児島県","鹿児島市","堀江町８番１９－３０１号",,46,201,8920824,,,,,,,2015-10-05,1,,,,,"スシノイワサキ",0
2094,7340002014593,21,0,2026-10-09,2026-10-06,"株式会社ジオマックス",,301,"鹿児島県","鹿児島市","錦江町１番２０号",,46,201,8920836,,,2026-10-06,11,7140002056607,"令和８年１０月１日富山市婦中町西本郷４３６番３２株式会社サンズラック（7140002056607）に合併し解散",2015-10-05,1,,,,,"ジオマックス",0
2095,7350001019568,01,1,2026-10-09,2025-06-04,"株式会社Ｄｉａｍｏｎｄ",,301,"宮崎県","宮崎市","大塚町田淵ケ原４０１８番地５",,45,201,8800951,,,,,,,2025-06-04,1,,,,,"ダイヤモンド",0
2096,7360001037313,01,0,2026-10-09,2026-10-09,"株式会社高江洲家",,301,"沖縄県","那覇市","前島２丁目１９番２号丸茂アパート１階",,47,201,9000016,,,,,,,2026-10-09,1,,,,,"タカエスヤ",0
2097,7360003013304,12,0,2026-10-09,2026-09-11,"合同会社ＭＡＸ",,305,"沖縄県","中頭郡西原町","字幸地２５９番地１",,47,329,9030116,,,,,,,2023-09-21,1,,,,,"マックス",0
2098,7360003016232,01,0,2026-10-09,2026-10-09,"ｅｓｓｅｎＱ合同会社",,305,"沖縄県","中頭郡読谷村","字座喜味２７１３番地７７",,47,324,9040301,,,,,,,2026-10-09,1,,,,,"エセンク",0
2099,7370801000618,21,0,2026-10-09,2026-09-09,"アイワ総合商社株式会社",,301,"沖縄県","那覇市","松尾１丁目３番３０－６０２号ソーワピア松尾台",,47,201,9000014,,,2026-09-09,01,,,2015-10-05,1,,,,,"アイワソウゴウショウシャ",0
2100,7380001013072,11,0,2026-10-09,2026-10-02,"いわき魚類ロジ株式会社",,301,"福島県","いわき市","鹿島町鹿島１番地",,07,204,9718139,,,,,,,2015-10-05,1,,,,,"イワキギョルイロジ",0
2101,7380001036255,11,0,2026-10-09,2026-10-01,"入三機材株式会社",,301,"福島県","福島市","松浪町１番３４号",,07,201,9608114,,,,,,,2026-08-10,1,,,,,"イリサンキザイ",0
2102,7380001036321,01,0,2026-10-09,2026-10-09,"株式会社三晶プロダクション",,301,"福島県","白河市","道場小路３１番地１４",,07,205,9610957,,,,,,,2026-10-09,1,,,,,"ミツアキラプロダクション",0
2103,7390001018070,12,0,2026-10-09,2026-10-07,"株式会社ＯＲＩＭＥ",,301,"東京都","渋谷区","道玄坂１丁目１６－６二葉ビル５Ｆ－Ｄ",,13,113,1500043,,,,,,,2025-07-29,1,,,,,,0
2104,7410001014604,01,0,2026-10-09,2026-10-09,"株式会社椿ファーム",,301,"秋田県","雄勝郡東成瀬村","椿川字立石６２番地",,05,464,0190803,,,,,,,2026-10-09,1,,,,,"ツバキファーム",0
2105,7430001026003,01,1,2026-10-09,2015-10-05,"株式会社平成タム",,301,"北海道","札幌市東区","北二十二条東３丁目１番３８号",,01,103,0650022,,,,,,,2015-10-05,1,,,,,"ヘイセイタム",0
2106,7430001064671,12,0,2026-10-09,2026-10-06,"株式会社札幌木の葉",,301,"北海道","札幌市東区","北二十条東２丁目２番１８号",,01,103,0650020,,,,,,,2015-10-05,1,,,,,"サッポロコノハ",0
2107,7430001075074,71,0,2026-10-09,2026-10-01,"日本霊廟株式会社",,301,"北海道","札幌市中央区","南二条西８丁目１２番１号",,01,101,0600062,,,,,,"令和８年１０月１日東京都文京区白山五丁目１番３号東京富山会館ビルディング５階白山御廟販売株式会社（6011001096260）を合併",2017-10-03,1,,,,,"ニホンレイビョウ",0
2108,7430001097837,01,0,2026-10-09,2026-10-09,"株式会社ＸＴＲＡ",,301,"北海道","札幌市中央区","大通西１５丁目１番地１５ジラフ大通西１５プレミア２０１",,01,101,0600042,,,,,,,2026-10-09,1,,,,,"エクストラ",0
2109,7430003019459,01,0,2026-10-09,2026-10-09,"合同会社日の出工務店",,305,"北海道","室蘭市","日の出町３丁目１４番１５号",,01,205,0500081,,,,,,,2026-10-09,1,,,,,"ヒノデコウムテン",0
2110,7450001002588,01,1,2026-10-09,2015-10-05,"株式会社フジイ種苗園",,301,"北海道","旭川市","流通団地二条２丁目２９番地",,01,204,0798442,,,,,,,2015-10-05,1,,,,,,0
2111,7450001009063,01,1,2026-10-09,2015-10-05,"株式会社旭屋書店",,301,"北海道","苫前郡羽幌町","南三条３丁目７番地の２",,01,484,0784103,,,,,,,2015-10-05,0,,,,,,0
2112,7450001009063,12,1,2026-10-09,2026-10-02,"株式会社旭屋書店",,301,"北海道","苫前郡羽幌町","南四条３丁目３３番地の１",,01,484,0784104,,,,,,,2015-10-05,1,,,,,,0
2113,7460302001081,01,1,2026-10-09,2015-10-05,"有限会社永井工業",,302,"北海道","北見市","上ところ４６５番地２",,01,208,0991585,,,,,,,2015-10-05,1,,,,,"ナガイコウギョウ",0
2114,7470002018879,21,0,2026-10-09,2026-10-05,"神浦海運有限会社",,302,"香川県","小豆郡小豆島町","神浦甲４５５番地の２",,37,324,7614308,,,2026-10-05,01,,,2015-10-05,1,,,,,"カミウラカイウン",0
2115,7470002018945,01,1,2026-10-09,2015-10-05,"有限会社信和機器商会",,302,"香川県","小豆郡土庄町","甲６６６番地の２",,37,322,7614101,,,,,,,2015-10-05,1,,,,,"シンワキキショウカイ",0
2116,7490001011445,01,0,2026-10-09,2026-10-09,"株式会社山之内農園",,301,"高知県","高知市","宗安寺８４１番地１",,39,201,7800991,,,,,,,2026-10-09,1,,,,,"ヤマノウチノウエン",0
2117,7500001027175,01,0,2026-10-09,2026-10-09,"株式会社Ｃｏｚｙ　Ａｒｋｓ",,301,"愛媛県","松山市","南町１丁目５番１２号",,38,201,7900856,,,,,,,2026-10-09,1,,,,,"コージィーアークス",0
2118,8010001095320,12,0,2026-10-09,2026-09-28,"エルアンドピーオートモティブジャパン株式会社",,301,"神奈川県","横浜市西区","みなとみらい３丁目３番１号ＫＤＸ横浜みなとみらいタワー１１階",,14,103,2200012,,,,,,,2015-10-05,1,,,,,"エルアンドピーオートモティブジャパン",0
2119,8010001113858,12,0,2026-10-09,2026-10-06,"日本ピー・アイ株式会社",,301,"東京都","中央区","日本橋小舟町９番４号イトーピア日本橋小舟町ビル３Ｆ",,13,102,1030024,,,,,,,2015-10-05,1,,,,,"ニホンピーアイ",0
2120,8010001168852,12,0,2026-10-09,2026-10-07,"株式会社瓊音書房",,301,"埼玉県","さいたま市浦和区","高砂１丁目１４番７号リプレイス高砂３－４２",,11,107,3300063,,,,,,,2015-10-05,1,,,,,"ヌナトショボウ",0
2121,8010001230554,01,1,2026-10-09,2022-11-04,"Ｎｅｗ　Ｇｒｏｗｔｈ　Ｔｈｅｏｒｙ株式会社",,301,"東京都","中央区","築地３丁目７番１号",,13,102,1040045,,,,,,,2022-11-04,0,,,,,,0
2122,8010001230554,12,1,2026-10-09,2023-04-17,"Ｎｅｗ　Ｇｒｏｗｔｈ　Ｔｈｅｏｒｙ株式会社",,301,"東京都","中央区","築地６丁目４番７号ロスマリンビル５Ｆ",,13,102,1040045,,,,,,,2022-11-04,0,,,,,,0
2123,8010001230554,12,1,2026-10-09,2026-09-10,"Ｎｅｗ　Ｇｒｏｗｔｈ　Ｔｈｅｏｒｙ株式会社",,301,"東京都","中央区","築地２丁目１４番１号新井ビル３階",,13,102,1040045,,,,,,,2022-11-04,1,,,,,,0
2124,8010001247994,12,0,2026-10-09,2026-10-06,"株式会社ＬＡＭ　Ｎｅｗ　Ｅｎｅｒｇｙ",,301,"東京都","江東区","東砂５丁目１３番１６号４０１",,13,108,1360074,,,,,,,2024-09-04,1,,,,,"ラムニューエナジー",0
2125,8010001255717,12,0,2026-10-09,2026-10-06,"善吉至株式会社",,301,"東京都","大田区","蒲田１丁目１３番１号ＹＭＩＩＩ１０１号室",00145238,13,111,1440052,,,,,,,2025-06-05,1,,,,,"ゼンキチシ",0
2126,8010001255865,11,0,2026-10-09,2026-09-03,"株式会社カナエキモノハーツ",,301,"東京都","千代田区","神田神保町３丁目１２－３神保町スリービル８階",,13,101,1010051,,,,,,,2025-06-09,1,,,,,"カナエキモノハーツ",0
2127,8010001269304,01,0,2026-10-09,2026-10-09,"株式会社ＡＲＩＳＴＥＬＬＡ",,301,"東京都","中央区","銀座１丁目２２番１１号銀座大竹ビジデンス２階",,13,102,1040061,,,,,,,2026-10-09,1,,,,,"アリステラ",0
2128,8010001269337,01,0,2026-10-09,2026-10-09,"株式会社ＭＹ３",,301,"東京都","千代田区","大手町１丁目９番２号",,13,101,1000004,,,,,,,2026-10-09,1,,,,,"エムワイサン",0
2129,8010002020574,12,0,2026-10-09,2026-09-09,"有限会社白いばらドレス店",,302,"東京都","中央区","銀座３丁目４番５号三階",,13,102,1040061,,,,,,,2015-10-05,1,,,,,"シロイバラドレステン",0
2130,8010002028337,01,1,2026-10-09,2015-10-05,"有限会社藤井プランニング",,302,"東京都","中央区","東日本橋３丁目８番１号",,13,102,1030004,,,,,,,2015-10-05,1,,,,,"フジイプランニング",0
2131,8010003038681,21,0,2026-10-09,2026-09-11,"合同会社オルタナ１６",,305,"東京都","千代田区","丸の内１丁目４番１号東京共同会計事務所内",,13,101,1000005,,,2026-09-11,01,,,2022-09-14,1,,,,,"オルタナシックスティーン",0
2132,8010003052947,01,0,2026-10-09,2026-10-09,"ＤＭ合同会社",,305,"東京都","中央区","銀座４丁目９番８号",,13,102,1040061,,,,,,,2026-10-09,1,,,,,"ディーエム",0
2133,8010005033193,12,0,2026-10-09,2026-10-06,"一般社団法人外国人材協議会",,399,"東京都","墨田区","石原３丁目２０番９号白居ビル",,13,107,1300011,,,,,,,2021-04-07,1,,,,,"ガイコクジンザイキョウギカイ",0
2134,8010101008578,12,0,2026-10-09,2026-10-07,"ＴＡＭＡ不動産コンサルタント株式会社",,301,"東京都","多摩市","鶴牧１丁目５番地６－２０５",,13,224,2060034,,,,,,,2015-10-05,1,,,,,"タマフドウサンコンサルタント",0
2135,8010401064560,01,1,2026-10-09,2015-10-05,"株式会社藍通",,301,"東京都","港区","麻布十番３丁目１０番１２号",,13,103,1060045,,,,,,,2015-10-05,1,,,,,"アイツー",0
2136,8010401080806,21,0,2026-10-09,2026-09-28,"株式会社ティーディーエス",,301,"東京都","港区","芝５丁目３１番７－７０２号",,13,103,1080014,,,2026-09-28,01,,,2015-10-05,1,,,,,"ティーディーエス",0
2137,8010401129818,21,0,2026-10-09,2026-09-04,"カナル株式会社",,301,"東京都","港区","南青山２丁目２番１５号ウィン青山９４２",,13,103,1070062,,,2026-09-04,01,,,2017-02-24,1,,,,,"カナル",0
2138,8010401134818,21,0,2026-10-09,2026-09-14,"株式会社ダンディ商会",,301,"東京都","港区","高輪１丁目１３－８",,13,103,1080074,,,2026-09-14,01,,,2017-11-07,1,,,,,"ダンディショウカイ",0
2139,8010401165573,12,0,2026-10-09,2026-09-24,"浜松陸上風力発電株式会社",,301,"埼玉県","川口市","栄町３丁目１番１４号川口三栄ビル４階",,11,203,3320017,,,,,,,2022-02-14,1,,,,,"ハママツリクジョウフウリョクハツデン",0
2140,8010401169120,12,0,2026-10-09,2026-10-07,"株式会社オーネミューエ",,301,"東京都","品川区","西大井１丁目１番２号",,13,109,1400015,,,,,,,2022-08-26,1,,,,,"オーネミューエ",0
2141,8010401190984,71,0,2026-10-09,2026-09-07,"郵船不動産株式会社",,301,"東京都","港区","西新橋３丁目２３番５号",,13,103,1050003,,,,,,"令和８年９月１日横浜市鶴見区大黒町９番地１７共立エステート株式会社（7020001016276）を合併",2025-06-13,1,,,,,"ユウセンフドウサン",0
2142,8010401202500,01,0,2026-10-09,2026-10-09,"Ｍｏｔｉｖｅ　ＡＩ株式会社",,301,"東京都","港区","六本木３丁目１６－１２六本木ＫＳビル５Ｆ",,13,103,1060032,,,,,,,2026-10-09,1,,,,,"モーティブエーアイ",0
2143,8010401202566,01,0,2026-10-09,2026-10-09,"株式会社ｓｐｅｌｌ　ｓｐａｃｅ",,301,"東京都","港区","元赤坂１丁目７番１７号テラサワビル５階",,13,103,1070051,,,,,,,2026-10-09,1,,,,,"スペルスペース",0
2144,8010401202599,01,0,2026-10-09,2026-10-09,"株式会社藤原会計",,301,"東京都","港区","高輪３丁目１１番１－１５０３号",,13,103,1080074,,,,,,,2026-10-09,1,,,,,"フジワラカイケイ",0
2145,8010401202731,01,0,2026-10-09,2026-10-09,"株式会社メディカルアーキテクツ",,301,"東京都","港区","北青山１丁目３番１号アールキューブ青山３階",,13,103,1070061,,,,,,,2026-10-09,1,,,,,"メディカルアーキテクツ",0
2146,8010403039230,01,0,2026-10-09,2026-10-09,"合同会社ＸＹＺＱＵＡＮＴＵＭ",,305,"東京都","港区","赤坂１丁目３－５赤坂アビタシオン３Ｆ・８Ｆ",,13,103,1070052,,,,,,,2026-10-09,1,,,,,"エックスワイゼットクオンタム",0
2147,8010403039239,01,0,2026-10-09,2026-10-09,"合同会社ＳＵＰＥＲＳＥＥＤ",,305,"東京都","港区","六本木６丁目１０－１六本木ヒルズ森タワー１６Ｆ",,13,103,1060032,,,,,,,2026-10-09,1,,,,,"スーパーシード",0
2148,8010403039263,01,0,2026-10-09,2026-10-09,"合同会社フォレスト",,305,"東京都","港区","芝２丁目２９番７－８０２号",,13,103,1050014,,,,,,,2026-10-09,1,,,,,"フォレスト",0
2149,8010405015717,12,0,2026-10-09,2026-09-10,"一般社団法人港ホールディングス",,399,"東京都","中央区","銀座２丁目１１番８号ラウンドクロス銀座２丁目１１階",,13,102,1040061,,,,,,,2017-04-26,1,,,,,"ミナトホールディングス",0
2150,8010501022534,01,1,2026-10-09,2015-10-05,"株式会社リット",,301,"東京都","台東区","浅草橋１丁目３５番７号メゾン戸田３０１",,13,106,1110053,,,,,,,2015-10-05,1,,,,,"リット",0
2151,8010502009258,01,1,2026-10-09,2015-10-05,"有限会社巴里",,302,"東京都","台東区","東上野５丁目４番２０号",,13,106,1100015,,,,,,,2015-10-05,0,,,,,"パリー",0
2152,8010502009258,12,1,2026-10-09,2016-02-01,"有限会社巴里",,302,"東京都","台東区","東上野５丁目４番３号",,13,106,1100015,,,,,,,2015-10-05,1,,,,,"パリー",0
2153,8010505000429,01,1,2026-10-09,2015-10-05,"天理教本杉台分教会",,399,"東京都","台東区","東上野３丁目３１番３号",,13,106,1100015,,,,,,,2015-10-05,1,,,,,"テンリキョウホンスギダイブンキョウカイ",0
2154,8010601032375,01,1,2026-10-09,2015-10-05,"株式会社のばらネットワークス",,301,"東京都","江東区","千石１丁目１４番２７－２１７号",,13,108,1350015,,,,,,,2015-10-05,1,,,,,"ノバラネットワークス",0
2155,8010601062059,11,0,2026-10-09,2026-10-05,"閃点日本株式会社",,301,"東京都","中央区","日本橋蛎殻町１丁目７番９号ＴＱ茅場町８階",,13,102,1030014,,,,,,,2022-10-27,1,,,,,"センテンニホン",0
2156,8010602013003,01,1,2026-10-09,2015-10-05,"有限会社柏原製作所",,302,"東京都","墨田区","横川１丁目４番８号",,13,107,1300003,,,,,,,2015-10-05,1,,,,,"カシワバラセイサクショ",0
2157,8010602033810,12,0,2026-10-09,2026-10-07,"有限会社マイスター・ケイ",,302,"千葉県","千葉市花見川区","検見川町５丁目２３４８番地３－Ｃ",,12,102,2620023,,,,,,,2015-10-05,1,,,,,"マイスターケイ",0
2158,8010603012508,01,0,2026-10-09,2026-10-09,"合同会社ネクシア",,305,"東京都","江東区","北砂２丁目４番３号サンアンドハウス２０１",,13,108,1360073,,,,,,,2026-10-09,1,,,,,"ネクシア",0
2159,8010701012863,01,1,2026-10-09,2015-10-05,"株式会社ジェイティービー",,301,"東京都","品川区","東品川２丁目３番１１号",,13,109,1400002,,,,,,,2015-10-05,0,,,,,,0
2160,8010701012863,11,1,2026-10-09,2018-01-04,"株式会社ＪＴＢ",,301,"東京都","品川区","東品川２丁目３番１１号",,13,109,1400002,,,,,,,2015-10-05,0,"JTB Corp.",,,,"ジェイティービー",0
2161,8010701012863,71,1,2026-10-09,2018-04-02,"株式会社ＪＴＢ",,301,"東京都","品川区","東品川２丁目３番１１号",,13,109,1400002,,,,,,"平成３０年４月１日札幌市中央区北一条西六丁目１番地２株式会社ＪＴＢ北海道（5430001007087）を合併平成３０年４月１日仙台市青葉区一番町三丁目７番２３号株式会社ＪＴＢ東北（3370001005314）を合併平成３０年４月１日埼玉県さいたま市中央区新都心１１番地２株式会社ＪＴＢ関東（8030001004122）を合併平成３０年４月１日東京都品川区上大崎二丁目２４番９号株式会社ＪＴＢ首都圏（9010701025088）を合併平成３０年４月１日名古屋市中村区名駅一丁目１番４号株式会社ＪＴＢ中部（2180001055940）を合併平成３０年４月１日名古屋市中村区名駅一丁目１番４号株式会社ＪＴＢ東海（4180001055939）を合併平成３０年４月１日大阪市中央区久太郎町二丁目１番２５号株式会社ＪＴＢ西日本（7120001044176）を合併",2015-10-05,0,"JTB Corp.",,,,"ジェイティービー",0
2162,8010701012863,71,1,2026-10-09,2018-04-02,"株式会社ＪＴＢ",,301,"東京都","品川区","東品川２丁目３番１１号",,13,109,1400002,,,,,,"平成３０年４月１日大阪市中央区久太郎町二丁目１番２５号ＪＴＢビル１３階株式会社ＪＴＢ関西（6120001067046）を合併平成３０年４月１日広島市中区紙屋町二丁目１番２２号株式会社ＪＴＢ中国四国（2240001016721）を合併平成３０年４月１日福岡市中央区長浜一丁目１番３５号株式会社ＪＴＢ九州（3290001025329）を合併平成３０年４月１日東京都千代田区霞が関三丁目２番５号株式会社ＪＴＢコーポレートセールス（7011101055132）を合併平成３０年４月１日東京都品川区東品川二丁目３番１１号株式会社ｉ．ＪＴＢ（5010701015282）を合併平成３０年４月１日熊本市中央区辛島町５番１号株式会社ＪＴＢ熊本リレーションセンター（4330001019977）を合併平成３０年４月１日東京都品川区東品川二丁目３番１１号株式会社ＪＴＢ国内旅行企画（3010701025283）を合併",2015-10-05,0,"JTB Corp.",,,,"ジェイティービー",0
2163,8010701012863,71,1,2026-10-09,2018-04-02,"株式会社ＪＴＢ",,301,"東京都","品川区","東品川２丁目３番１１号",,13,109,1400002,,,,,,"平成３０年４月１日東京都品川区上大崎二丁目２４番９号株式会社ＪＴＢワールドバケーションズ（6010701015364）を合併平成３０年４月１日東京都品川区東品川二丁目３番１１号株式会社ＪＴＢトラベランド（1010701025310）を合併平成３０年４月１日東京都品川区東品川二丁目３番１１号株式会社モバたび（9010701020510）を合併平成３０年４月１日東京都品川区東品川二丁目３番１１号株式会社トラベルバンク（9010701012862）を合併平成３０年４月１日東京都品川区東品川二丁目３番１１号株式会社ジェイティービーサポートプラザ（3120001064822）を合併平成３０年４月１日東京都品川区東品川二丁目３番１１号株式会社ジェイ興産（6010701012857）を合併",2015-10-05,0,"JTB Corp.",,,,"ジェイティービー",0
2164,8010701012863,71,1,2026-10-09,2020-10-14,"株式会社ＪＴＢ",,301,"東京都","品川区","東品川２丁目３番１１号",,13,109,1400002,,,,,,"令和２年１０月１日東京都品川区東品川二丁目３番１１号株式会社エイ・ビー・アイ（8010601029801）を合併",2015-10-05,0,"JTB Corp.",,,,"ジェイティービー",0
2165,8010701012863,71,1,2026-10-09,2022-01-12,"株式会社ＪＴＢ",,301,"東京都","品川区","東品川２丁目３番１１号",,13,109,1400002,,,,,,"令和４年１月１日東京都渋谷区神宮前五丁目７番２０号株式会社ＪＴＢグランドツアー＆サービス（3011001044503）を合併",2015-10-05,0,"JTB Corp.",,,,"ジェイティービー",0
2166,8010701012863,71,1,2026-10-09,2023-04-10,"株式会社ＪＴＢ",,301,"東京都","品川区","東品川２丁目３番１１号",,13,109,1400002,,,,,,"令和５年４月１日東京都文京区小日向四丁目６番１５号株式会社ＪＴＢメディアリテーリング（1010001121157）を合併",2015-10-05,0,"JTB Corp.",,,,"ジェイティービー",0
2167,8010701012863,12,1,2026-10-09,2026-05-19,"株式会社ＪＴＢ",,301,"東京都","港区","東新橋１丁目５番２号汐留シティセンター",,13,103,1050021,,,,,,,2015-10-05,1,"JTB Corp.","Tokyo","Shiodome City Center, 1-5-2 Higashi-Shimbashi, Minato ku",,"ジェイティービー",0
2168,8010701025295,01,1,2026-10-09,2015-10-05,"ＮＥＣパーソナルコンピュータ株式会社",,301,"東京都","千代田区","外神田４丁目１４番１号秋葉原ＵＤＸ",,13,101,1010021,,,,,,,2015-10-05,1,,,,,"エヌイーシーパーソナルコンピュータ",0
2169,8010701050260,01,0,2026-10-09,2026-10-09,"株式会社こひつじ",,301,"東京都","品川区","西五反田１丁目１１番１－１００９号",,13,109,1410031,,,,,,,2026-10-09,1,,,,,"コヒツジ",0
2170,8010701050277,01,0,2026-10-09,2026-10-09,"株式会社ＡＶＡＮＣＩＡ",,301,"東京都","品川区","南品川４丁目２－３８サンクタス南品川１２０４号",,13,109,1400004,,,,,,,2026-10-09,1,,,,,"アバンシア",0
2171,8010702004216,21,0,2026-10-09,2026-10-06,"有限会社新和製作所",,302,"東京都","品川区","戸越１丁目１８番１６号",,13,109,1420041,,,2026-10-06,01,,,2015-10-05,1,,,,,"シンワセイサクショ",0
2172,8010801037793,01,0,2026-10-09,2026-10-09,"Ｈｅｉｗｉｓｔ株式会社",,301,"東京都","大田区","大森南１丁目５番６号",,13,111,1430013,,,,,,,2026-10-09,1,,,,,"ヘイウィスト",0
2173,8010803006004,01,0,2026-10-09,2026-10-09,"合同会社ＳＩＤＥ",,305,"東京都","大田区","大森北５丁目１６番１－１１０６号",,13,111,1430016,,,,,,,2026-10-09,1,,,,,"サイド",0
2174,8010901018289,01,1,2026-10-09,2015-10-05,"株式会社オープンマインドアソシエイツ",,301,"東京都","世田谷区","瀬田５丁目２７番３号",,13,112,1580095,,,,,,,2015-10-05,1,,,,,"オープンマインドアソシエイツ",0
2175,8010901021516,01,1,2026-10-09,2015-10-05,"花まるリフォーム株式会社",,301,"東京都","世田谷区","北烏山７丁目２６番１８号",,13,112,1570061,,,,,,,2015-10-05,0,,,,,"ハナマルリフォーム",0
2176,8010901021516,12,1,2026-10-09,2019-01-16,"花まるリフォーム株式会社",,301,"東京都","世田谷区","南烏山３丁目１６番２－３０２号",,13,112,1570062,,,,,,,2015-10-05,0,,,,,"ハナマルリフォーム",0
2177,8010901021516,12,0,2026-10-09,2026-10-07,"花まるリフォーム株式会社",,301,"東京都","杉並区","高井戸西１丁目１９－８",,13,115,1680071,,,,,,,2015-10-05,1,,,,,"ハナマルリフォーム",0
2178,8010901037322,12,0,2026-10-09,2026-09-17,"株式会社プリンク",,301,"東京都","新宿区","中落合２丁目９番９号パークハイム中落合２丁目３０１",,13,104,1610032,,,,,,,2016-01-07,1,,,,,"プリンク",0
2179,8010901037537,01,1,2026-10-09,2016-02-04,"株式会社Ｓ．ＶＯＹＡＧＥ",,301,"東京都","世田谷区","鎌田３丁目２９番１７号",,13,112,1570077,,,,,,,2016-02-04,0,,,,,"エスボヤージュ",0
2180,8010901037537,12,1,2026-10-09,2016-09-15,"株式会社Ｓ．ＶＯＹＡＧＥ",,301,"東京都","世田谷区","岡本２丁目１３番２号",,13,112,1570076,,,,,,,2016-02-04,1,,,,,"エスボヤージュ",0
2181,8010901060407,01,0,2026-10-09,2026-10-09,"ＴＦＨ株式会社",,301,"東京都","世田谷区","宮坂３丁目２番１３－２０２号",,13,112,1560051,,,,,,,2026-10-09,1,,,,,"ティーエフエイチ",0
2182,8010901060415,01,0,2026-10-09,2026-10-09,"株式会社ＱＯＬアップ",,301,"東京都","世田谷区","三宿２丁目８－６",,13,112,1540005,,,,,,,2026-10-09,1,,,,,"キューオーエルアップ",0
2183,8010902010583,01,1,2026-10-09,2015-10-05,"有限会社東神バッテリー商会",,302,"東京都","世田谷区","鎌田３丁目１２番１０号",,13,112,1570077,,,,,,,2015-10-05,1,,,,,"トウシンバッテリーショウカイ",0
2184,8011001063795,21,0,2026-10-09,2026-09-17,"株式会社メディアワークス",,301,"東京都","新宿区","新宿３丁目１２番４号新宿Ｎタウンプラザ３０９号",,13,104,1600022,,,2026-09-17,01,,,2015-10-05,1,,,,,"メディアワークス",0
2185,8011001180822,01,0,2026-10-09,2026-10-09,"ＲｕｎＰａｌｓ　Ｔｏｋｙｏ株式会社",,301,"東京都","目黒区","青葉台１丁目４番７－５０６号ディアナガーデン代官山",,13,110,1530042,,,,,,,2026-10-09,1,,,,,"ランパルズトウキョウ",0
2186,8011001180987,01,0,2026-10-09,2026-10-09,"株式会社Ｂｅｒｉｚｏｎｅ",,301,"東京都","渋谷区","恵比寿西２丁目４番８号ウィンド恵比寿ビル８Ｆ",,13,113,1500021,,,,,,,2026-10-09,1,,,,,"ベリゾーン",0
2187,8011003011273,12,0,2026-10-09,2026-09-14,"アセットデザイン合同会社",,305,"東京都","港区","西麻布３丁目１７－９－２０１",,13,103,1060031,,,,,,,2020-06-10,1,,,,,"アセットデザイン",0
2188,8011003025447,01,0,2026-10-09,2026-10-09,"合同会社ＳｍａｒｔＰｏｒｔ",,305,"東京都","渋谷区","道玄坂１丁目１０番８号渋谷道玄坂東急ビル２Ｆ－Ｃ",,13,113,1500043,,,,,,,2026-10-09,1,,,,,"スマートポート",0
2189,8011005011643,01,0,2026-10-09,2026-10-09,"一般社団法人日本シニア音楽協会",,399,"東京都","渋谷区","恵比寿西１丁目３４番１７号ｚａＨＯＵＳＥ６Ｆ",,13,113,1500021,,,,,,,2026-10-09,1,,,,,"ニホンシニアオンガクキョウカイ",0
2190,8011101026421,01,1,2026-10-09,2015-10-05,"ビルディングコンサルタント株式会社",,301,"東京都","新宿区","高田馬場２丁目１４番９号",,13,104,1690075,,,,,,,2015-10-05,1,,,,,"ビルディングコンサルタント",0
2191,8011101046106,12,0,2026-10-09,2026-10-06,"株式会社タック・エイティエイト",,301,"東京都","渋谷区","広尾１丁目１番３９号",,13,113,1500012,,,,,,,2015-10-05,1,,,,,"タックエイティエイト",0
2192,8011101059925,21,0,2026-10-09,2026-09-25,"株式会社フォワード",,301,"東京都","新宿区","新宿３丁目１２番４号新宿Ｎタウンプラザ３０９号",,13,104,1600022,,,2026-09-25,01,,,2015-10-05,1,,,,,"フォワード",0
2193,8011101075740,01,1,2026-10-09,2016-01-19,"株式会社メルシーラ",,301,"東京都","新宿区","愛住町２２番地",,13,104,1600005,,,,,,,2016-01-19,1,,,,,"メルシーラ",0
2194,8011101116503,12,0,2026-10-09,2026-09-14,"株式会社ＫＥＬＩＤＡ",,301,"東京都","新宿区","西早稲田１丁目２３番５－５階",,13,104,1690051,,,,,,,2026-06-26,1,,,,,"ケリダ",0
2195,8011101117641,01,0,2026-10-09,2026-10-09,"株式会社スタンダードプラスワン",,301,"東京都","新宿区","百人町１丁目６番６号天翔オフィス新宿新大久保１０９号室",,13,104,1690073,,,,,,,2026-10-09,1,,,,,"スタンダードプラスワン",0
2196,8011101117682,01,0,2026-10-09,2026-10-09,"グッドフェローズ株式会社",,301,"東京都","新宿区","新宿２丁目８番１５号パークフロント新宿２０２号室",,13,104,1600022,,,,,,,2026-10-09,1,,,,,"グッドフェローズ",0
2197,8011103018078,01,0,2026-10-09,2026-10-09,"Ｓａｔｅｌｌｕｓ合同会社",,305,"東京都","新宿区","西新宿３丁目３番１３号西新宿水間ビル２Ｆ",,13,104,1600023,,,,,,,2026-10-09,1,,,,,"サテラス",0
2198,8011103018103,01,0,2026-10-09,2026-10-09,"合同会社Ａｓｔｒｉａ",,305,"東京都","新宿区","西新宿７丁目７番２６号ワコーレ新宿第一ビル２階",,13,104,1600023,,,,,,,2026-10-09,1,,,,,"アストリア",0
2199,8011205002244,21,0,2026-10-09,2026-09-29,"一般社団法人食品ロス削減協会",,399,"東京都","中野区","中野４丁目３番１－１００７号",,13,114,1640001,,,2026-09-29,01,,,2018-05-09,1,,,,,"ショクヒンロスサクゲンキョウカイ",0
2200,8011302004449,21,0,2026-10-09,2026-10-07,"有限会社慈光",,302,"東京都","杉並区","西荻北４丁目１０番４号",,13,115,1670042,,,2026-10-07,01,,,2015-10-05,1,,,,,"ジコウ",0
2201,8011501014463,12,0,2026-10-09,2026-10-05,"株式会社ブレス",,301,"岩手県","奥州市","水沢字新小路２１番９号",,03,215,0230807,,,,,,,2015-10-05,1,,,,,"ブレス",0
2202,8011501023076,12,0,2026-10-09,2026-10-07,"日本イーメック株式会社",,301,"東京都","千代田区","神田三崎町３丁目６番１２号神田三崎町ビル７階",,13,101,1010061,,,,,,,2017-10-06,1,,,,,"ニホンイーメック",0
2203,8011601001287,12,0,2026-10-09,2026-10-06,"尾崎地所株式会社",,301,"東京都","三鷹市","下連雀４丁目９番２４号",,13,204,1810013,,,,,,,2015-10-05,1,,,,,"オザキジショ",0
2204,8011601020411,21,0,2026-10-09,2026-10-05,"株式会社コラソン",,301,"東京都","江戸川区","松島１丁目２９－３",,13,123,1320031,,,2026-10-05,01,,,2015-10-13,1,,,,,"コラソン",0
2205,8011601029915,01,0,2026-10-09,2026-10-09,"ＴＮファルマホールディングス株式会社",,301,"東京都","練馬区","旭丘１丁目６４番７－１０２号",,13,120,1760005,,,,,,,2026-10-09,1,,,,,"ティーエヌファルマホールディングス",0
2206,8011701005510,12,0,2026-10-09,2026-10-07,"株式会社東亜トレーディング",,301,"東京都","台東区","小島２丁目１８番１５号御徒町オオツカビル４階",,13,106,1110056,,,,,,,2015-10-05,1,,,,,"トウアトレーディング",0
2207,8011701018058,01,1,2026-10-09,2015-10-05,"株式会社防災舎アラフォート",,301,"東京都","江戸川区","中央２丁目１０番２１号",,13,123,1320021,,,,,,,2015-10-05,1,,,,,"ボウサイシャアラフォート",0
2208,8011801007308,21,0,2026-10-09,2026-10-01,"株式会社クドー機械開発",,301,"東京都","足立区","神明南１丁目１４番２６号",,13,121,1210057,,,2026-10-01,11,2011801020051,"令和８年１０月１日東京都葛飾区白鳥四丁目８番１４号ニューロング精機株式会社（2011801020051）に合併し解散",2015-10-05,1,,,,,"クドーキカイカイハツ",0
2209,8011801041133,21,0,2026-10-09,2026-10-05,"株式会社Ｓｏｕｒｉ",,301,"東京都","葛飾区","柴又５丁目３２番５号",,13,122,1250052,,,2026-10-05,01,,,2022-08-10,1,,,,,"ソウリ",0
2210,8012401019024,71,0,2026-10-09,2026-10-02,"アグレ都市デザイン株式会社",,301,"東京都","新宿区","西新宿２丁目６番１号新宿住友ビル３１階",,13,104,1600023,,,,,,"令和８年１０月１日東京都武蔵野市中町一丁目２３番１号株式会社ホーユーコーポレーション（6012401010769）を合併",2015-10-05,1,,,,,"アグレトシデザイン",0
2211,8012701017727,12,0,2026-10-09,2026-10-06,"株式会社Ｓｔａｌ　Ｌｉｂｅｒｔｙ",,301,"千葉県","富里市","新中沢４８９番地",,12,233,2860223,,,,,,,2023-07-04,1,,,,,"スタールリバティ",0
2212,8012701019665,01,0,2026-10-09,2026-10-09,"株式会社ピース電気",,301,"東京都","東村山市","秋津町５丁目１２番地８９・２Ｆ－Ｃ４８",,13,213,1890001,,,,,,,2026-10-09,1,,,,,"ピースデンキ",0
2213,8013202007234,01,1,2026-10-09,2015-10-05,"有限会社日本エステート企画",,302,"東京都","目黒区","中目黒３丁目２２番１４号",,13,110,1530061,,,,,,,2015-10-05,1,,,,,"ニホンエステートキカク",0
2214,8013303002968,12,0,2026-10-09,2026-10-07,"Ｓ＆Ｓパートナーズ合同会社",,305,"東京都","葛飾区","柴又４丁目２８番１号",,13,122,1250052,,,,,,,2015-10-05,1,,,,,"エスアンドエスパートナーズ",0
2215,8013303003207,01,1,2026-10-09,2016-04-08,"星海合同会社",,305,"東京都","豊島区","南池袋１丁目９番１８号",,13,116,1710022,,,,,,,2016-04-08,0,,,,,"ホシミ",0
2216,8013303003207,12,1,2026-10-09,2017-05-26,"星海合同会社",,305,"埼玉県","蕨市","中央１丁目１２番６号",,11,223,3350004,,,,,,,2016-04-08,0,,,,,"ホシミ",0
2217,8013303003207,12,1,2026-10-09,2021-08-31,"星海合同会社",,305,"埼玉県","蕨市","塚越５丁目３１番１号",,11,223,3350002,,,,,,,2016-04-08,0,,,,,"ホシミ",0
2218,8013303003207,12,0,2026-10-09,2026-10-02,"星海合同会社",,305,"神奈川県","厚木市","山際４０７番４号ＭＫビル４０６号",,14,212,2430803,,,,,,,2016-04-08,1,,,,,"ホシミ",0
2219,8020001005732,12,0,2026-10-09,2026-09-17,"横浜設備メンテナンス株式会社",,301,"神奈川県","横浜市旭区","鶴ケ峰本町１丁目３５番３６号５階",,14,112,2410021,,,,,,,2015-10-05,0,,,,,"ヨコハマセツビメンテナンス",0
2220,8020001005732,11,0,2026-10-09,2026-09-17,"横浜消防サービス株式会社",,301,"神奈川県","横浜市旭区","鶴ケ峰本町１丁目３５番３６号５階",,14,112,2410021,,,,,,,2015-10-05,1,,,,,"ヨコハマショウボウサービス",0
2221,8020001018602,21,0,2026-10-09,2026-09-28,"ひばり交通株式会社",,301,"神奈川県","横浜市中区","本牧町１丁目１１番地",,14,104,2310806,,,2026-09-28,01,,,2015-10-05,1,,,,,"ヒバリコウツウ",0
2222,8020001042841,21,0,2026-10-09,2026-09-28,"株式会社ＭＳＩ",,301,"神奈川県","横浜市瀬谷区","阿久和東１丁目１番地１３",,14,114,2460023,,,2026-09-28,01,,,2015-10-05,1,,,,,"エムエスアイ",0
2223,8020001101812,12,0,2026-10-09,2026-10-07,"株式会社ＢＡＮＡ",,301,"静岡県","御殿場市","神場２４５９番地の５",,22,215,4120047,,,,,,,2015-10-05,1,,,,,"バナー",0
2224,8020001170634,01,0,2026-10-09,2026-10-09,"和光ホールディングス株式会社",,301,"神奈川県","横浜市神奈川区","栄町５番１号横浜クリエーションスクエア１２０１",,14,102,2210052,,,,,,,2026-10-09,1,,,,,"ワコウホールディングス",0
2225,8020001170691,01,0,2026-10-09,2026-10-09,"株式会社ｎｅｎｉｃｏ",,301,"神奈川県","川崎市高津区","瀬田１１－８－２",,14,134,2130003,,,,,,,2026-10-09,1,,,,,"ネニコ",0
2226,8020002056683,01,1,2026-10-09,2015-10-05,"有限会社バレーボール・アンリミテッド",,302,"神奈川県","横浜市西区","平沼２丁目１－９－２０２",,14,103,2200023,,,,,,,2015-10-05,1,,,,,"バレーボールアンリミテッド",0
2227,8020003015787,12,0,2026-10-09,2026-10-07,"合同会社オジフ",,305,"東京都","新宿区","上落合２丁目７番１２号Ｋｏｌｅｔ中井",,13,104,1610034,,,,,,,2019-03-20,1,,,,,"オジフ",0
2228,8020003031875,01,0,2026-10-09,2026-10-09,"Ｓｃｅｎｅ　Ｃｏｎｓｕｌｔｉｎｇ合同会社",,305,"神奈川県","横浜市神奈川区","大野町１－８－１７０５",,14,102,2210055,,,,,,,2026-10-09,1,,,,,"シーンコンサルティング",0
2229,8020003031958,01,0,2026-10-09,2026-10-09,"合同会社三ツ星マンション",,305,"神奈川県","横浜市神奈川区","二ツ谷町５番地４ソイフェリス横浜５０１",,14,102,2210823,,,,,,,2026-10-09,1,,,,,"ミツボシマンション",0
2230,8020005017443,01,0,2026-10-09,2026-10-09,"税理士法人Ｎｅｘｕｓ　Ｐａｒｔｎｅｒｓ",,399,"神奈川県","横浜市神奈川区","鶴屋町２丁目１２番１号",,14,102,2210835,,,,,,,2026-10-09,1,,,,,"ネクサスパートナーズ",0
2231,8021001034341,01,1,2026-10-09,2015-10-05,"株式会社椎野建設",,301,"神奈川県","小田原市","中村原４１７番地の６",,14,206,2560803,,,,,,,2015-10-05,1,,,,,"シイノケンセツ",0
2232,8021001037963,12,0,2026-10-09,2026-10-07,"株式会社地域シャワーコム",,301,"東京都","中野区","中野４丁目１０番２号",,13,114,1640001,,,,,,,2015-10-05,1,,,,,"チイキシャワーコム",0
2233,8021003017955,01,0,2026-10-09,2026-10-09,"合同会社Ｏ．Ｃ　Ｓｍｉｌｅ",,305,"神奈川県","鎌倉市","笛田５丁目４番２３号",,14,204,2480027,,,,,,,2026-10-09,1,,,,,"オーシースマイル",0
2234,8030001034202,01,1,2026-10-09,2015-10-05,"株式会社建物保全支援機構",,301,"埼玉県","さいたま市大宮区","土手町１丁目３８番１号",,11,103,3300801,,,,,,,2015-10-05,0,,,,,"タテモノホゼンシエンキコウ",0
2235,8030001034202,11,1,2026-10-09,2026-09-18,"株式会社ＳＩＧＮＡＬ　ＢＥＡＵＴＹ",,301,"埼玉県","さいたま市大宮区","土手町１丁目３８番１号",,11,103,3300801,,,,,,,2015-10-05,1,,,,,"シグナルビューティー",0
2236,8030001046775,21,0,2026-10-09,2026-09-18,"テレサイト株式会社",,301,"埼玉県","所沢市","東所沢和田１丁目２６番地の４１",,11,208,3590023,,,2026-09-18,01,,,2015-10-05,1,,,,,"テレサイト",0
2237,8030001104962,01,1,2026-10-09,2015-10-05,"株式会社東洋トレーダーズジャパン",,301,"埼玉県","所沢市","寿町１７－７－１０５",,11,208,3591122,,,,,,,2015-10-05,0,,,,,"トウヨウトレーダーズジャパン",0
2238,8030001104962,12,1,2026-10-09,2026-08-17,"株式会社東洋トレーダーズジャパン",,301,"埼玉県","所沢市","北有楽町１７番１６－１０１号パークヒル航空公園",,11,208,3591114,,,,,,,2015-10-05,1,,,,,"トウヨウトレーダーズジャパン",0
2239,8030001147978,12,0,2026-10-09,2026-10-06,"グロウス・ユニバース警備保障株式会社",,301,"埼玉県","三郷市","花和田３９８番６号",,11,237,3410041,,,,,,,2022-05-10,1,,,,,"グロウスユニバースケイビホショウ",0
2240,8030001174452,01,0,2026-10-09,2026-10-09,"株式会社ストライプス",,301,"埼玉県","所沢市","東町２０番１０号",,11,208,3591116,,,,,,,2026-10-09,1,,,,,"ストライプス",0
2241,8030001174519,01,0,2026-10-09,2026-10-09,"ＬＩＮＫ’Ｓ株式会社",,301,"埼玉県","さいたま市岩槻区","城南４丁目３番５９－３号",,11,110,3390043,,,,,,,2026-10-09,1,,,,,"リンクス",0
2242,8030001174535,01,0,2026-10-09,2026-10-09,"ジーライフ株式会社",,301,"埼玉県","さいたま市大宮区","宮町５丁目２８番地宝栄大宮第５ビル４０１",,11,103,3300802,,,,,,,2026-10-09,1,,,,,"ジーライフ",0
2243,8030001174551,01,0,2026-10-09,2026-10-09,"株式会社ＲＡＫＵ",,301,"埼玉県","さいたま市岩槻区","太田２丁目１番４号",,11,110,3390052,,,,,,,2026-10-09,1,,,,,"ラク",0
2244,8030002046650,01,1,2026-10-09,2015-10-05,"有限会社大津運送",,302,"埼玉県","八潮市","緑町４丁目２０番地１３",,11,234,3400808,,,,,,,2015-10-05,0,,,,,"オオツウンソウ",0
2245,8030002046650,12,1,2026-10-09,2026-09-24,"有限会社大津運送",,302,"埼玉県","春日部市","牛島５７２番地２７",,11,214,3440004,,,,,,,2015-10-05,1,,,,,"オオツウンソウ",0
2246,8030002064272,01,1,2026-10-09,2015-10-05,"双立プラスチックス工業有限会社",,302,"埼玉県","和光市","新倉１丁目３８番２号",,11,229,3510115,,,,,,,2015-10-05,1,,,,,"ソウリツプラスチックスコウギョウ",0
2247,8030002069081,21,0,2026-10-09,2026-09-24,"有限会社原口工務店",,302,"埼玉県","春日部市","大沼５丁目５８番地",,11,214,3440038,,,2026-09-24,01,,,2015-10-05,1,,,,,"ハラグチコウムテン",0
2248,8030002080559,01,1,2026-10-09,2015-10-05,"有限会社カーネル",,302,"埼玉県","本庄市","若泉２丁目９番３９号",,11,211,3670055,,,,,,,2015-10-05,1,,,,,"カーネル",0
2249,8030002094658,01,1,2026-10-09,2015-10-05,"有限会社米倉工業",,302,"埼玉県","坂戸市","大字石井２４０２番地１６",,11,239,3500212,,,,,,,2015-10-05,1,,,,,"ヨネクラコウギョウ",0
2250,8030002102230,01,1,2026-10-09,2015-10-05,"有限会社ケーアイ産商",,302,"埼玉県","川口市","西青木１丁目６番１号",,11,203,3320035,,,,,,,2015-10-05,0,,,,,"ケイアイサンショウ",0
2251,8030002102230,12,1,2026-10-09,2015-11-04,"有限会社ケーアイ産商",,302,"埼玉県","川口市","元郷１丁目８番４－２０５号",,11,203,3320011,,,,,,,2015-10-05,0,,,,,"ケイアイサンショウ",0
2252,8030002102230,12,1,2026-10-09,2026-09-24,"有限会社ケーアイ産商",,302,"埼玉県","川口市","上青木西５丁目１１番１－５０９号上青木住宅",,11,203,3330845,,,,,,,2015-10-05,1,,,,,"ケイアイサンショウ",0
2253,8030003030117,01,0,2026-10-09,2026-10-09,"合同会社焚き火",,305,"埼玉県","さいたま市浦和区","高砂１丁目１４番７号",,11,107,3300063,,,,,,,2026-10-09,1,,,,,"タキビ",0
2254,8040001033698,12,0,2026-10-09,2026-09-15,"株式会社石井管理",,301,"千葉県","市川市","行徳駅前４丁目１０番１号ビアンコボスコ４０１",,12,203,2720133,,,,,,,2015-10-05,1,,,,,"イシイカンリ",0
2255,8040001044803,12,0,2026-10-09,2026-09-15,"株式会社ファーム久能",,301,"千葉県","成田市","南羽鳥５７０番地６６",,12,211,2860805,,,,,,,2015-10-05,1,,,,,"ファームクノウ",0
2256,8040001051667,11,0,2026-10-09,2026-10-05,"東日本共同発電株式会社",,301,"千葉県","君津市","君津１番地",,12,225,2991141,,,,,,,2015-10-05,1,,,,,"ヒガシニホンキョウドウハツデン",0
2257,8040001094187,21,0,2026-10-09,2026-09-15,"株式会社華建設",,301,"千葉県","柏市","花野井１１５４番地の６",,12,217,2770812,,,2026-09-15,01,,,2016-02-23,1,,,,,"ハナケンセツ",0
2258,8040001095689,01,1,2026-10-09,2016-06-15,"株式会社ＮＡＫＡＭＵＲＡ",,301,"千葉県","流山市","鰭ケ崎１６４８番地３",,12,220,2700161,,,,,,,2016-06-15,1,,,,,"ナカムラ",0
2259,8040001145411,01,0,2026-10-09,2026-10-09,"株式会社ｃｏｂｕｔａ",,301,"千葉県","松戸市","金ケ作４０８－１８８冨澤ビル２０２",,12,207,2702251,,,,,,,2026-10-09,1,,,,,"コブタ",0
2260,8040001145469,01,0,2026-10-09,2026-10-09,"一元堂株式会社",,301,"千葉県","野田市","上花輪６２６番地の１５",,12,208,2780033,,,,,,,2026-10-09,1,,,,,"イチゲンドウ",0
2261,8040001145510,01,0,2026-10-09,2026-10-09,"株式会社ＨＥＬＰ　ＴＨＥ　ＷＯＲＬＤ",,301,"千葉県","千葉市美浜区","高浜３丁目５番２３棟１０５号",,12,106,2610003,,,,,,,2026-10-09,1,,,,,"ヘルプザワールド",0
2262,8040001145568,01,0,2026-10-09,2026-10-09,"株式会社平井建装",,301,"千葉県","柏市","増尾６丁目２６番６号",,12,217,2770033,,,,,,,2026-10-09,1,,,,,"ヒライケンソウ",0
2263,8040001145584,01,0,2026-10-09,2026-10-09,"康益建設株式会社",,301,"千葉県","松戸市","三矢小台１丁目６番地の９",,12,207,2710087,,,,,,,2026-10-09,1,,,,,"コウエキケンセツ",0
2264,8040002012379,01,1,2026-10-09,2015-10-05,"有限会社ライダースクラブ",,302,"千葉県","千葉市若葉区","桜木６丁目２３番３号",,12,104,2640028,,,,,,,2015-10-05,1,,,,,"ライダースクラブ",0
2265,8040002047680,01,1,2026-10-09,2015-10-05,"有限会社ナカザキ・アンド・カンパニー",,302,"千葉県","松戸市","新松戸６丁目７０番地サンライトパストラル弐番街Ｄ－１１３",,12,207,2700034,,,,,,,2015-10-05,1,,,,,"ナカザキアンドカンパニー",0
2266,8040003030850,01,0,2026-10-09,2026-10-09,"合同会社Ｍａｘｗｅｌｌ",,305,"千葉県","千葉市中央区","都町１丁目４８番３号プルミエプラース１０１号",,12,101,2600001,,,,,,,2026-10-09,1,,,,,"マクスウェル",0
2267,8040003030859,01,0,2026-10-09,2026-10-09,"合同会社ＳＴＨ",,305,"千葉県","柏市","塚崎２丁目７番１３",,12,217,2770923,,,,,,,2026-10-09,1,,,,,"エスティーエイチ",0
2268,8040005023316,01,0,2026-10-09,2026-10-09,"一般社団法人ｓｐｏａｌｌ",,399,"千葉県","浦安市","明海３丁目２－８－９０５",,12,227,2790014,,,,,,,2026-10-09,1,,,,,"スポール",0
2269,8050001024176,01,1,2026-10-09,2015-10-05,"株式会社西丸設備",,301,"茨城県","北茨城市","磯原町磯原１丁目１８８番地",,08,215,3191541,,,,,,,2015-10-05,1,,,,,"サイマルセツビ",0
2270,8050001029316,12,0,2026-10-09,2026-10-01,"株式会社ＪＣＬ",,301,"東京都","大田区","東海３丁目９番１号大田ステイタスビル４０１号室",,13,111,1430001,,,,,,,2015-10-05,1,,,,,"ジェーシーエル",0
2271,8050001042070,01,1,2026-10-09,2017-01-16,"株式会社生井工業",,301,"茨城県","古河市","下大野１０３０番地７",,08,204,3060204,,,,,,,2017-01-16,1,,,,,"ナマイコウギョウ",0
2272,8050001059008,01,0,2026-10-09,2026-10-09,"株式会社三輝電業",,301,"茨城県","東茨城郡茨城町","大字小幡１３１６番地１１４",,08,302,3113157,,,,,,,2026-10-09,1,,,,,"ミツキデンギョウ",0
2273,8050001059024,01,0,2026-10-09,2026-10-09,"株式会社文藏ファーム",,301,"茨城県","つくばみらい市","鬼長１２２番地２",,08,235,3002432,,,,,,,2026-10-09,1,,,,,"フミクラファーム",0
2274,8050005002913,01,1,2026-10-09,2015-10-05,"一般財団法人動物繁殖研究所",,399,"茨城県","かすみがうら市","深谷字かノ区１１０３番地１９",,08,230,3000134,,,,,,,2015-10-05,0,,,,,"ドウブツハンショクケンキュウショ",0
2275,8050005002913,12,1,2026-10-09,2025-05-12,"一般財団法人動物繁殖研究所",,399,"茨城県","かすみがうら市","稲吉南１丁目２０番６号",,08,230,3150055,,,,,,,2015-10-05,1,,,,,"ドウブツハンショクケンキュウショ",0
2276,8050005006947,21,0,2026-10-09,2026-10-01,"特定非営利活動法人かしま楽園倶楽部",,399,"茨城県","鹿嶋市","大字宮中４６３１番地１",,08,222,3140031,,,2026-10-01,01,,,2015-10-05,1,,,,,"カシマラクエンクラブ",0
2277,8060002018085,01,1,2026-10-09,2015-10-05,"有限会社ケーワイオーツー",,302,"栃木県","芳賀郡益子町","大字塙１１４６番地１１",,09,342,3214216,,,,,,,2015-10-05,0,,,,,"ケーワイオーツー",0
2278,8060002018085,12,1,2026-10-09,2016-10-18,"有限会社ケーワイオーツー",,302,"栃木県","芳賀郡益子町","大字益子２７５４番地１",,09,342,3214217,,,,,,,2015-10-05,1,,,,,"ケーワイオーツー",0
2279,8070001044560,01,0,2026-10-09,2026-10-09,"株式会社Ｓｅｉｚｅ　Ｍｅｄｉ",,301,"群馬県","沼田市","柳町２５２７番地３",,10,206,3780055,,,,,,,2026-10-09,1,,,,,"シーズメディ",0
2280,8080002003300,01,1,2026-10-09,2015-10-05,"有限会社静信家具",,302,"静岡県","静岡市葵区","新間９１９番地の３",,22,101,4211201,,,,,,,2015-10-05,1,,,,,"セイシンカグ",0
2281,8080101005981,21,0,2026-10-09,2026-09-30,"東海コンクリートポンプ株式会社",,301,"静岡県","三島市","谷田６０番地の３",,22,206,4110801,,,2026-09-30,11,8080101006278,"令和８年９月３０日静岡県三島市安久９８番地三島生コン株式会社（8080101006278）に合併し解散",2015-10-05,1,,,,,"トウカイコンクリートポンプ",0
2282,8080101006278,71,0,2026-10-09,2026-09-30,"三島生コン株式会社",,301,"静岡県","三島市","安久９８番地",,22,206,4110815,,,,,,"令和８年９月３０日静岡県三島市谷田６０番地の３東海コンクリートポンプ株式会社（8080101005981）を合併",2015-10-05,1,,,,,"ミシマナマコン",0
2283,8080102013224,21,0,2026-10-09,2026-09-30,"有限会社旭化学工業",,302,"静岡県","富士市","松岡２４５番地の１",,22,210,4160909,,,2026-09-30,11,6080102014216,"令和８年９月３０日静岡県富士市松岡２４５番地の１株式会社鈴木鉄工所（6080102014216）に合併し解散",2015-10-05,1,,,,,"アサヒカガクコウギョウ",0
2284,8080105006621,01,0,2026-10-09,2026-10-09,"桃園の誓いウェルフェア協同組合",,399,"静岡県","沼津市","上香貫二瀬川町１４７８－１楊原ビル１Ｆ",,22,203,4100813,,,,,,,2026-10-09,1,,,,,"トウエンノチカイウェルフェア",0
2285,8080401028897,01,0,2026-10-09,2026-10-09,"株式会社Ｇｅｎｂａｎ",,301,"静岡県","浜松市中央区","高林１丁目８番４３号ｔｈｅＧａｒａｇｅｆｏｒＳｔａｒｔｕｐｓ内",,22,138,4300907,,,,,,,2026-10-09,1,,,,,"ゲンバン",0
2286,8080402020399,21,0,2026-10-09,2026-10-01,"有限会社サクセスシステム",,302,"静岡県","磐田市","福田中島９４１番地の１",,22,211,4371204,,,2026-10-01,01,,,2015-10-05,1,,,,,"サクセスシステム",0
2287,8090003003133,01,0,2026-10-09,2026-10-09,"Ａｒｋ‐Ｎ合同会社",,305,"山梨県","中巨摩郡昭和町","押越２０９２番地",,19,384,4093864,,,,,,,2026-10-09,1,,,,,"アークエヌ",0
2288,8100002012397,01,1,2026-10-09,2015-10-05,"有限会社小諸パーツセンター",,302,"長野県","小諸市","大字和田６３９番地１",,20,208,3840093,,,,,,,2015-10-05,1,,,,,"コモロパーツセンター",0
2289,8100002023527,01,1,2026-10-09,2015-10-05,"有限会社ケイアンドケイ電気",,302,"長野県","安曇野市","豊科高家３７７０番地７３",,20,220,3998204,,,,,,,2015-10-05,1,,,,,"ケイアンドケイデンキ",0
2290,8100002036611,01,1,2026-10-09,2015-10-05,"有限会社精琴堂楽器店",,302,"長野県","飯田市","銀座２丁目９番地",,20,205,3950031,,,,,,,2015-10-05,0,,,,,"セイキンドウガッキテン",0
2291,8100002036611,21,1,2026-10-09,2026-03-23,"有限会社精琴堂楽器店",,302,"長野県","飯田市","銀座２丁目９番地",,20,205,3950031,,,2026-03-23,01,,,2015-10-05,0,,,,,"セイキンドウガッキテン",0
2292,8100002036611,22,1,2026-10-09,2026-09-28,"有限会社精琴堂楽器店",,302,"長野県","飯田市","銀座２丁目９番地",,20,205,3950031,,,,,,,2015-10-05,0,,,,,"セイキンドウガッキテン",0
2293,8100002036611,21,1,2026-10-09,2026-09-28,"有限会社精琴堂楽器店",,302,"長野県","飯田市","銀座２丁目９番地",,20,205,3950031,,,2026-09-28,01,,,2015-10-05,1,,,,,"セイキンドウガッキテン",0
2294,8100003008989,01,0,2026-10-09,2026-10-09,"合同会社千串",,305,"長野県","長野市","大字鶴賀七瀬南部３６２番地１、七瀬東ビル",,20,201,3800905,,,,,,,2026-10-09,1,,,,,"セングシ",0
2295,8120001064173,01,1,2026-10-09,2015-10-05,"佐藤ミシン電業株式会社",,301,"兵庫県","西宮市","鷲林寺南町１０番１２号",,28,204,6620002,,,,,,,2015-10-05,1,,,,,"サトウミシンデンギョウ",0
2296,8120001104895,21,0,2026-10-09,2026-10-06,"株式会社マサ",,301,"大阪府","大阪市北区","梅田１丁目２番２号大阪駅前第２ビル１２－１２",,27,127,5300001,,,2026-10-06,01,,,2015-10-05,1,,,,,"マサ",0
2297,8120001137466,12,0,2026-10-09,2026-09-25,"株式会社グラス・オランジュ",,301,"大阪府","大阪市北区","堂島２丁目４番２７号ＪＲＷＤ堂島タワー１５階",,27,127,5300003,,,,,,,2015-10-05,1,,,,,"グラスオランジュ",0
2298,8120001157076,12,0,2026-10-09,2026-10-06,"株式会社ＤＮＰメディアサポート",,301,"大阪府","大阪市中央区","城見２丁目１番６１号",,27,128,5400001,,,,,,,2015-10-05,1,,,,,"ディーエヌピーメディアサポート",0
2299,8120001157448,01,1,2026-10-09,2015-10-05,"幸起地所株式会社",,301,"大阪府","門真市","桑才新町１８番１６号",,27,223,5710043,,,,,,,2015-10-05,1,,,,,"コウキチショ",0
2300,8120001161763,12,0,2026-10-09,2026-10-07,"テックマヒンドラ・コミュニケーションズ・ジャパン株式会社",,301,"東京都","港区","虎ノ門５丁目１３番１号虎ノ門４０ＭＴビル６階",,13,103,1050001,,,,,,,2015-10-05,1,,,,,"テックマヒンドラコミュニケーションズジャパン",0
2301,8120001175747,01,1,2026-10-09,2015-10-05,"株式会社アイタス",,301,"大阪府","大阪市西成区","萩之茶屋１丁目６番１３号",,27,122,5570004,,,,,,,2015-10-05,0,,,,,"アイタス",0
2302,8120001175747,12,0,2026-10-09,2026-10-07,"株式会社アイタス",,301,"兵庫県","神戸市中央区","脇浜町１丁目２番３－５０３号",,28,110,6510072,,,,,,,2015-10-05,1,,,,,"アイタス",0
2303,8120001191736,12,0,2026-10-09,2026-10-07,"株式会社ウェル・フォーム",,301,"兵庫県","西宮市","津門稲荷町５番１３号サンシャイン西宮２０４",,28,204,6638247,,,,,,,2015-10-05,1,,,,,"ウェルフォーム",0
2304,8120001200125,01,1,2026-10-09,2016-08-10,"株式会社クックスオブサークル",,301,"大阪府","大阪市西成区","山王１丁目１番１０号",,27,122,5570001,,,,,,,2016-08-10,1,,,,,"クックスオブサークル",0
2305,8120001213291,01,1,2026-10-09,2018-05-09,"株式会社楽楽便利屋",,301,"大阪府","大阪市阿倍野区","昭和町１丁目８番６号",,27,119,5450011,,,,,,,2018-05-09,0,,,,,"ラクラクベンリヤ",0
2306,8120001213291,12,1,2026-10-09,2025-04-28,"株式会社楽楽便利屋",,301,"大阪府","大阪市住吉区","長居西３丁目１－３０アーバンス長居４０４号室",,27,120,5580002,,,,,,,2018-05-09,0,,,,,"ラクラクベンリヤ",0
2307,8120001213291,11,1,2026-10-09,2025-04-28,"ユニバース株式会社",,301,"大阪府","大阪市住吉区","長居西３丁目１－３０アーバンス長居４０４号室",,27,120,5580002,,,,,,,2018-05-09,0,,,,,"ユニバース",0
2308,8120001213291,11,1,2026-10-09,2026-10-01,"鼎盛産業株式会社",,301,"大阪府","大阪市住吉区","長居西３丁目１－３０アーバンス長居４０４号室",,27,120,5580002,,,,,,,2018-05-09,0,,,,,"ケンセイサンギョウ",0
2309,8120001213291,12,0,2026-10-09,2026-10-06,"鼎盛産業株式会社",,301,"兵庫県","神崎郡神河町","岩屋６４９番地の１",,28,446,6792405,,,,,,,2018-05-09,1,,,,,"ケンセイサンギョウ",0
2310,8120001224165,71,0,2026-10-09,2026-10-01,"Ｄａｉｇａｓエナジー株式会社",,301,"大阪府","大阪市中央区","平野町４丁目１番２号",,27,128,5410046,,,,,,"令和８年１０月１日大阪市中央区平野町四丁目１番２号エナジーバンクジャパン株式会社（5120001144003）を合併",2019-10-04,1,,,,,"ダイガスエナジー",0
2311,8120001266579,21,0,2026-10-09,2026-10-05,"紫山株式会社",,301,"大阪府","大阪市大正区","三軒家西３丁目４番１６号中山ビル１００４",,27,108,5510001,,,2026-10-05,01,,,2024-07-09,1,,,,,"シサン",0
2312,8120001270259,12,0,2026-10-09,2026-10-01,"株式会社ＯＮＬＹ",,301,"大阪府","大阪市東成区","大今里南１丁目２１－１２－９０７号",,27,115,5370013,,,,,,,2024-11-13,1,,,,,"オンリー",0
2313,8120001280225,21,0,2026-10-09,2026-10-06,"沙黄株式会社",,301,"大阪府","大阪市東住吉区","中野４丁目１番１６号リベラルオリエンテ中野４０１Ａ",,27,121,5460012,,,2026-10-06,01,,,2025-09-25,1,,,,,"サコウ",0
2314,8120001281090,21,0,2026-10-09,2026-10-06,"微行株式会社",,301,"大阪府","大阪市東住吉区","中野４丁目１番１６号サラオリエンテ中野８０１Ｂ",,27,121,5460012,,,2026-10-06,01,,,2025-10-14,1,,,,,"ビコウ",0
2315,8120001289497,01,0,2026-10-09,2026-10-09,"タッグ株式会社",,301,"大阪府","大阪市北区","天神橋２丁目１番１８－４Ｃ号",,27,127,5300041,,,,,,,2026-10-09,1,,,,,"タッグ",0
2316,8120002009202,01,1,2026-10-09,2015-10-05,"有限会社フルール",,302,"大阪府","大阪市城東区","東中浜３丁目４番１２号",,27,118,5360023,,,,,,,2015-10-05,0,,,,,"フルール",0
2317,8120002009202,12,1,2026-10-09,2016-10-14,"有限会社フルール",,302,"大阪府","大阪市生野区","中川西１丁目１７番１０号",,27,116,5440032,,,,,,,2015-10-05,0,,,,,"フルール",0
2318,8120002009202,12,0,2026-10-09,2026-10-07,"有限会社フルール",,302,"東京都","世田谷区","世田谷２丁目２１番１１－１０８号",,13,112,1540017,,,,,,,2015-10-05,1,,,,,"フルール",0
2319,8120101051914,12,0,2026-10-09,2026-10-08,"株式会社Ｔ－Ｐｌａｎ",,301,"大阪府","堺市堺区","出島町５丁４番１２－３０６号",,27,141,5900834,,,,,,,2015-10-05,1,,,,,"ティープラン",0
2320,8120102019159,01,1,2026-10-09,2015-10-05,"有限会社津村鋼業所",,302,"大阪府","羽曳野市","河原城７９３番地の７",,27,222,5830867,,,,,,,2015-10-05,1,,,,,"ツムラコウギョウショ",0
2321,8120901014772,21,0,2026-10-09,2026-10-01,"株式会社Ｅ・Ｔプラ",,301,"大阪府","摂津市","鳥飼銘木町９番１７号",,27,224,5660063,,,2026-10-01,11,3120901009901,"令和８年１０月１日大阪府摂津市鳥飼銘木町６番５号株式会社ハイテック（3120901009901）に合併し解散",2015-10-05,1,,,,,"イーティープラ",0
2322,8120901031990,21,0,2026-10-09,2026-10-05,"シーアンドイー株式会社",,301,"大阪府","吹田市","南吹田５丁目１番１４号",,27,205,5640043,,,2026-10-05,01,,,2015-10-05,1,,,,,"シーアンドイー",0
2323,8120901053283,01,0,2026-10-09,2026-10-09,"株式会社ＡＵＲＥＶＡ",,301,"大阪府","豊中市","岡上の町１丁目５番１１－３１１号",,27,203,5600023,,,,,,,2026-10-09,1,,,,,"アウレヴァ",0
2324,8120905001742,12,0,2026-10-09,2026-10-01,"医療法人若葉会",,399,"大阪府","大阪市北区","角田町８番１号",,27,127,5300017,,,,,,,2015-10-05,1,,,,,"ワカバカイ",0
2325,8122001001718,01,1,2026-10-09,2015-10-05,"株式会社ガボ",,301,"大阪府","東大阪市","本庄西３丁目８番１８号",,27,227,5780965,,,,,,,2015-10-05,1,,,,,"ガボ",0
2326,8122003003448,12,0,2026-10-09,2026-10-06,"合同会社Ｒｅｍｉｘ",,305,"東京都","中央区","銀座１丁目１２番４号Ｎ＆Ｅ・ＢＬＤ．６Ｆ",,13,102,1040061,,,,,,,2026-03-03,1,,,,,"リミックス",0
2327,8122005003917,01,0,2026-10-09,2026-10-09,"一般社団法人ＪＧＹ",,399,"大阪府","東大阪市","東豊浦町１２１９番地６",,27,227,5798032,,,,,,,2026-10-09,1,,,,,"ジェイジーワイ",0
2328,8130001037442,12,0,2026-10-09,2026-10-07,"Ｉｐｓｅｎ株式会社",,301,"大阪府","東大阪市","吉田下島１１－１５",,27,227,5780983,,,,,,,2015-10-05,1,,,,,"イプセン",0
2329,8130001057176,21,0,2026-10-09,2026-09-30,"株式会社エイド",,301,"京都府","長岡京市","開田２丁目５番６号",,26,209,6170826,,,2026-09-30,01,,,2016-04-11,1,,,,,"エイド",0
2330,8130001067464,01,1,2026-10-09,2020-08-18,"普渡株式会社",,301,"京都府","京都市伏見区","醍醐柏森町３６－３",,26,109,6011336,,,,,,,2020-08-18,0,,,,,"フド",0
2331,8130001067464,12,1,2026-10-09,2025-05-12,"普渡株式会社",,301,"静岡県","伊東市","鎌田１１７７番地２６号３０１",,22,208,4140054,,,,,,,2020-08-18,1,,,,,"フド",0
2332,8140001143586,11,0,2026-10-09,2026-10-01,"株式会社神戸サンキ",,301,"兵庫県","三木市","大村３５０番地１",,28,215,6730404,,,,,,,2026-08-05,1,,,,,"コウベサンキ",0
2333,8140001144213,01,0,2026-10-09,2026-10-09,"株式会社Ｈａｒｉｍａ　Ｃｏｒｅ",,301,"兵庫県","姫路市","飾東町豊国４７９番地１",,28,201,6710219,,,,,,,2026-10-09,1,,,,,"ハリマコア",0
2334,8140001144221,01,0,2026-10-09,2026-10-09,"株式会社坂井設備",,301,"兵庫県","西宮市","泉町１番１０８－４１１号",,28,204,6620932,,,,,,,2026-10-09,1,,,,,"サカイセツビ",0
2335,8140001144254,01,0,2026-10-09,2026-10-09,"株式会社ｏｗｎ　ｃｈａｒｍ",,301,"兵庫県","神戸市灘区","摩耶海岸通２丁目３番３－６１３号",,28,102,6570855,,,,,,,2026-10-09,1,,,,,"オウンチャーム",0
2336,8140001144262,01,0,2026-10-09,2026-10-09,"サンダース株式会社",,301,"兵庫県","三田市","ゆりのき台６丁目３４番地２２",,28,219,6691324,,,,,,,2026-10-09,1,,,,,"サンダース",0
2337,8140001144295,01,0,2026-10-09,2026-10-09,"株式会社ＹＯＭＩ",,301,"兵庫県","尼崎市","富松町３丁目１－２１ウィズ富松ＩＩ番館１０１号室",00145211,28,202,6610003,,,,,,,2026-10-09,1,,,,,"ヨミ",0
2338,8140001144304,01,0,2026-10-09,2026-10-09,"株式会社アイシス",,301,"兵庫県","淡路市","野田尾９５４番地",,28,226,6562222,,,,,,,2026-10-09,1,,,,,"アイシス",0
2339,8160005000864,01,1,2026-10-09,2015-10-05,"大乗寺",,399,"滋賀県","大津市","坂本６丁目２９番２号",,25,201,5200113,,,,,,,2015-10-05,1,,,,,"ダイジョウジ",0
2340,8160005011548,01,0,2026-10-09,2026-10-09,"一般社団法人熊夢",,399,"滋賀県","長浜市","西浅井町岩熊５４３番地",,25,203,5290711,,,,,,,2026-10-09,1,,,,,"ユウム",0
2341,8170002006384,01,1,2026-10-09,2015-10-05,"有限会社岡正",,302,"和歌山県","海南市","重根８３１番地",,30,202,6420023,,,,,,,2015-10-05,0,,,,,"オカショウ",0
2342,8170002006384,12,1,2026-10-09,2016-12-14,"有限会社岡正",,302,"和歌山県","海南市","重根東１丁目１１番地７",,30,202,6420018,,,,,,,2015-10-05,1,,,,,"オカショウ",0
2343,8180001024378,12,0,2026-10-09,2026-10-02,"株式会社美和工業所",,301,"愛知県","名古屋市港区","神宮寺１丁目３０９番地",,23,111,4550834,,,,,,,2015-10-05,1,,,,,"ミワコウギョウショ",0
2344,8180001095064,01,1,2026-10-09,2015-10-05,"株式会社サンウッズ",,301,"愛知県","知多市","日長字多倉田２８番地の１",,23,224,4780041,,,,,,,2015-10-05,1,,,,,"サンウッズ",0
2345,8180001153474,12,0,2026-10-09,2026-09-18,"株式会社Ｆｏｖｅｌ",,301,"愛知県","名古屋市中村区","名駅４丁目２４番５号第２森ビル４０１",,23,105,4500002,,,,,,,2022-10-20,1,,,,,"フォーベル",0
2346,8180001173737,01,0,2026-10-09,2026-10-09,"株式会社真福",,301,"愛知県","一宮市","千秋町加茂字江丸４３番地３",,23,203,4910801,,,,,,,2026-10-09,1,,,,,"マフク",0
2347,8180001173860,01,0,2026-10-09,2026-10-09,"株式会社ＭＩＬＫＹ企画",,301,"愛知県","名古屋市西区","新道２丁目１３番２号市営菊元荘５０１",,23,104,4510043,,,,,,,2026-10-09,1,,,,,"ミルキーキカク",0
2348,8180001173869,01,0,2026-10-09,2026-10-09,"ＮＡ設備株式会社",,301,"愛知県","小牧市","中央５丁目１２４番地２",,23,219,4850029,,,,,,,2026-10-09,1,,,,,"エヌエーセツビ",0
2349,8180001173893,01,0,2026-10-09,2026-10-09,"アカリフリートテクノロジーズ株式会社",,301,"愛知県","名古屋市中村区","名駅４丁目２４番５号第２森ビル４０１",,23,105,4500002,,,,,,,2026-10-09,1,,,,,"アカリフリートテクノロジーズ",0
2350,8180002021671,01,1,2026-10-09,2015-10-05,"有限会社正和電気",,302,"愛知県","名古屋市天白区","元八事２丁目１５２番地",,23,116,4680066,,,,,,,2015-10-05,1,,,,,"セイワデンキ",0
2351,8180003030903,01,0,2026-10-09,2026-10-09,"ＴＲＩＰＢＵＤＤＹ合同会社",,305,"愛知県","名古屋市西区","那古野１丁目１２－９時田ハウス７０５",,23,104,4510042,,,,,,,2026-10-09,1,,,,,"トリップバディ",0
2352,8180003030911,01,0,2026-10-09,2026-10-09,"合同会社トラヤ",,305,"愛知県","あま市","七宝町伊福参之割１番地３",,23,237,4970005,,,,,,,2026-10-09,1,,,,,"トラヤ",0
2353,8180301029523,01,1,2026-10-09,2016-08-19,"株式会社岩泉電設",,301,"愛知県","豊橋市","菰口町４丁目５番地８",,23,201,4418011,,,,,,,2016-08-19,1,,,,,"イワイズミデンセツ",0
2354,8180301031702,12,0,2026-10-09,2026-09-28,"株式会社ＭＡＮＨＡＴＴＡＮ　ＭＯＴＯＲＳ",,301,"愛知県","知立市","東栄１丁目２７番地",,23,225,4720043,,,,,,,2018-07-18,1,,,,,"マンハッタンモータース",0
2355,8180302017543,01,1,2026-10-09,2015-10-05,"有限会社中部テック",,302,"愛知県","安城市","今本町石田２０番地１",,23,212,4460008,,,,,,,2015-10-05,1,,,,,"チュウブテック",0
2356,8190001001418,01,1,2026-10-09,2015-10-05,"株式会社芸濃",,301,"三重県","津市","芸濃町椋本３９０５番地の１",,24,201,5142211,,,,,,,2015-10-05,1,,,,,"ゲイノウ",0
2357,8190001001707,12,0,2026-10-09,2026-09-29,"グッドライフサービス株式会社",,301,"三重県","多気郡明和町","大字竹川５７６番地１",,24,442,5150325,,,,,,,2015-10-05,1,,,,,"グッドライフサービス",0
2358,8190003005581,01,0,2026-10-09,2026-10-09,"ＭｅｄｉａＢｒｉｃｋ合同会社",,305,"三重県","津市","夢が丘１丁目１２番地６",,24,201,5140116,,,,,,,2026-10-09,1,,,,,"メディアブリック",0
2359,8190005012188,01,0,2026-10-09,2026-10-09,"一般社団法人三重から日本を元気にする会",,399,"三重県","いなべ市","大安町大井田２３６２番地１２１",,24,214,5110274,,,,,,,2026-10-09,1,,,,,"ミエカラニホンヲゲンキニスルカイ",0
2360,8200001031495,11,0,2026-10-09,2026-10-01,"エムアイホールディングス株式会社",,301,"岐阜県","羽島市","福寿町間島１５１８番地",,21,209,5016251,,,,,,,2015-10-05,1,,,,,"エムアイホールディングス",0
2361,8200001044241,12,0,2026-10-09,2026-10-01,"株式会社ＴＥＲＥＡ",,301,"岐阜県","加茂郡白川町","３５１番地",,21,506,5091100,,,,,,,2025-09-11,1,,,,,"テリア",0
2362,8200003004656,12,0,2026-10-09,2026-10-02,"ＴＫＣ合同会社",,305,"岐阜県","羽島郡笠松町","北及１６７８番地の１",,21,303,5016064,,,,,,,2019-12-05,1,,,,,"ティーケーシー",0
2363,8200003007493,01,0,2026-10-09,2026-10-09,"合同会社サスガックス",,305,"岐阜県","岐阜市","福光西１丁目８番１６－２０１ウエストゴトウ",,21,201,5020814,,,,,,,2026-10-09,1,,,,,"サスガックス",0
2364,8210001007528,21,0,2026-10-09,2026-10-02,"株式会社吉勝商事",,301,"福井県","坂井市","丸岡町城北６丁目４８番地",,18,210,9100221,,,2026-10-02,01,,,2015-10-05,1,,,,,"キチショウショウジ",0
2365,8210002010415,01,1,2026-10-09,2015-10-05,"有限会社長和開発",,302,"福井県","敦賀市","新松島町６番５号",,18,202,9140803,,,,,,,2015-10-05,1,,,,,"チョウワカイハツ",0
2366,8210002012601,11,0,2026-10-09,2026-10-01,"有限会社小林総合設備",,302,"福井県","丹生郡越前町","小倉第３５号１２番地の１",,18,423,9160111,,,,,,,2015-10-05,1,,,,,"コバヤシソウゴウセツビ",0
2367,8210003002089,01,0,2026-10-09,2026-10-09,"合同会社Ｇｌｏｒｉａ’ｓ　Ｓｔｅｐ",,305,"福井県","坂井市","春江町本堂第１６号３６番地１３",,18,210,9190473,,,,,,,2026-10-09,1,,,,,"グロリアズステップ",0
2368,8220001007989,01,1,2026-10-09,2015-10-05,"株式会社イーネットソリューションズ",,301,"石川県","金沢市","上堤町１番１２号金沢南町ビルディング８階",,17,201,9200869,,,,,,,2015-10-05,1,,,,,"イーネットソリューションズ",0
2369,8220001009300,71,0,2026-10-09,2026-10-01,"ＥＩＺＯ株式会社",,301,"石川県","白山市","下柏野町１５３番地",,17,210,9240038,,,,,,"令和８年１０月１日石川県白山市下柏野町１５３番地ＥＩＺＯエージェンシー株式会社（7220001009301）を合併",2015-10-05,1,"EIZO Corporation","Ishikawa","153 Shimokashiwanomachi, Hakusan shi",,"エイゾー",0
2370,8230001014885,12,0,2026-10-09,2026-10-06,"株式会社アグリたんと",,301,"石川県","かほく市","七窪ヘ１０番地",,17,209,9291122,,,,,,,2015-10-05,0,,,,,,0
2371,8230001014885,11,0,2026-10-09,2026-10-06,"株式会社福寿海",,301,"石川県","かほく市","七窪ヘ１０番地",,17,209,9291122,,,,,,,2015-10-05,1,,,,,"フクジュカイ",0
2372,8240001043859,12,0,2026-10-09,2026-10-01,"株式会社大船",,301,"広島県","広島市安佐南区","緑井６丁目１番３３号",,34,105,7310103,,,,,,,2015-10-05,1,,,,,"ダイセン",0
2373,8240001049088,21,0,2026-10-09,2026-10-01,"株式会社Ｌａｃｉｃｕ",,301,"東京都","千代田区","神田駿河台１丁目７番地４小畑ビル４階",,13,101,1010062,,,2026-10-01,11,6010001232478,"令和８年１０月１日東京都千代田区神田駿河台一丁目７番地株式会社Ｄｉｖｅｒｓｉｔｙ　Ｓｔｕｄｙ（6010001232478）に合併し解散",2016-04-04,1,,,,,"ラシク",0
2374,8240001065936,12,0,2026-10-09,2026-10-05,"ｉｒｉａ株式会社",,301,"石川県","金沢市","普正寺町９の２６番地",,17,201,9200351,,,,,,,2025-12-17,1,,,,,"イリア",0
2375,8240002009941,01,1,2026-10-09,2015-10-05,"有限会社橘設計事務所",,302,"広島県","広島市東区","戸坂千足１丁目８番２３号",,34,102,7320009,,,,,,,2015-10-05,1,,,,,"タチバナセッケイジムショ",0
2376,8240005016191,01,0,2026-10-09,2026-10-09,"一般社団法人いきいきライフ協会せいわ",,399,"広島県","呉市","中央６丁目１番１５号",,34,202,7370051,,,,,,,2026-10-09,1,,,,,"イキイキライフキョウカイセイワ",0
2377,8250001019362,12,0,2026-10-09,2026-10-06,"至誠株式会社",,301,"山口県","岩国市","麻里布町３丁目５番２８－２０１号",,35,208,7400018,,,,,,,2022-01-21,1,,,,,"シセイ",0
2378,8260001016937,21,0,2026-10-09,2026-10-07,"株式会社ジーエフティー",,301,"岡山県","倉敷市","連島町西之浦１８番地３",,33,202,7128001,,,2026-10-07,01,,,2015-10-05,1,,,,,"ジーエフティー",0
2379,8260001036134,21,0,2026-10-09,2026-10-06,"株式会社キーファー",,301,"岡山県","岡山市北区","表町３丁目７番２９号",,33,101,7000822,,,2026-10-06,01,,,2021-10-27,1,,,,,"キーファー",0
2380,8270001009535,01,0,2026-10-09,2026-10-09,"株式会社Ａ‐Ｃｏｍ　Ｊａｐａｎ",,301,"鳥取県","鳥取市","正蓮寺１３８番地２城東ビル３Ｆ",,31,201,6800854,,,,,,,2026-10-09,1,,,,,"エーコムジャパン",0
2381,8270005005712,01,0,2026-10-09,2026-10-09,"一般社団法人つながりサポートあみ",,399,"鳥取県","米子市","上後藤８丁目９番２３号",,31,202,6830841,,,,,,,2026-10-09,1,,,,,"ツナガリサポートアミ",0
2382,8290001043573,01,1,2026-10-09,2015-10-05,"ケイスタイル株式会社",,301,"北海道","札幌市中央区","南五条西４丁目４番２号",,01,101,0640805,,,,,,,2015-10-05,1,,,,,"ケイスタイル",0
2383,8290001086548,11,0,2026-10-09,2026-09-28,"株式会社中部炭素",,301,"福岡県","福岡市東区","青葉５丁目６番２１号",,40,131,8130025,,,,,,,2019-09-25,1,,,,,"チュウブタンソ",0
2384,8290001099269,12,0,2026-10-09,2026-09-16,"ＥＢＡ株式会社",,301,"福岡県","福岡市中央区","天神１丁目１１番１号ＯＮＥＦＵＫＵＯＫＡＢＬＤＧ．７階",,40,133,8100001,,,,,,,2022-10-19,1,,,,,"エバ",0
2385,8290001115744,01,0,2026-10-09,2026-10-09,"株式会社中西商事",,301,"福岡県","柳川市","出来町２５番地",,40,207,8320043,,,,,,,2026-10-09,1,,,,,"ナカニシショウジ",0
2386,8290002051484,12,0,2026-10-09,2026-09-25,"株式会社Ｔａｋａ．Ｃｏ",,301,"福岡県","久留米市","東町６３９番地１ＦＵＪＩ．ＮＬＧビル",,40,203,8300032,,,,,,,2015-10-05,1,,,,,"タカコーポレーション",0
2387,8290003009622,01,1,2026-10-09,2019-12-27,"Ｏｖｅｒｓｈｉｐｔｒａｄｉｎｇ合同会社",,305,"福岡県","大野城市","乙金２丁目５番３号",,40,219,8160902,,,,,,,2019-12-27,1,,,,,"オーバーシップトレーディング",0
2388,8290003018994,01,0,2026-10-09,2026-10-09,"合同会社ＡＩ",,305,"福岡県","那珂川市","大字上梶原８２４－１",,40,231,8111223,,,,,,,2026-10-09,1,,,,,"アイ",0
2389,8290005016906,01,1,2026-10-09,2018-07-04,"一般社団法人子ども電話・童神",,399,"福岡県","福岡市博多区","美野島３丁目２０番４２号",,40,132,8120017,,,,,,,2018-07-04,0,,,,,"コドモデンワワラビノカミ",0
2390,8290005016906,12,1,2026-10-09,2024-07-22,"一般社団法人子ども電話・童神",,399,"福岡県","福岡市博多区","綱場町７番１２号ヴェニール綱場８０２",,40,132,8120024,,,,,,,2018-07-04,1,,,,,"コドモデンワワラビノカミ",0
2391,8290005016971,12,0,2026-10-09,2026-09-16,"一般社団法人鯛勇調理師会",,399,"福岡県","大牟田市","大字草木４８１番地１",,40,202,8370917,,,,,,,2018-08-31,1,,,,,"タイユウチョウリシカイ",0
2392,8290801016869,21,0,2026-10-09,2026-10-01,"株式会社ジーワン・トレード",,301,"福岡県","田川郡糸田町","３７９９番地５",,40,604,8221300,,,2026-10-01,01,,,2015-10-05,1,,,,,"ジーワントレード",0
2393,8290801029887,21,0,2026-10-09,2026-09-24,"株式会社エスプレッソハブ",,301,"福岡県","北九州市門司区","大字今津２１０番地３",,40,101,8000111,,,2026-09-24,01,,,2023-09-19,1,,,,,,0
2394,8300003001503,12,0,2026-10-09,2026-09-28,"合同会社中島啓輔一級建築士事務所",,305,"福岡県","福岡市南区","和田２丁目１３番２号",,40,134,8111343,,,,,,,2020-01-15,1,,,,,"ナカシマケイスケイッキュウケンチクシジムショ",0
2395,8310001017211,12,0,2026-10-09,2026-10-05,"株式会社プラスＥ",,301,"長崎県","長崎市","花園町１５番１５号",,42,201,8528024,,,,,,,2021-04-20,1,,,,,"プラスイー",0
2396,8310002003672,01,1,2026-10-09,2015-10-05,"有限会社長崎県官報販売所",,302,"長崎県","長崎市","出島町５番１５号",,42,201,8500862,,,,,,,2015-10-05,1,,,,,"ナガサキケンカンポウハンバイショ",0
2397,8320001015189,11,0,2026-10-09,2026-10-07,"Ｋ　ａｎｄ　Ｋ株式会社",,301,"大分県","大分市","大字猪野５０番地の３",,44,201,8700134,,,,,,,2016-10-03,1,,,,,"ケイアンドケイ",0
2398,8320001021955,01,0,2026-10-09,2026-10-09,"株式会社もりた工業",,301,"大分県","佐伯市","女島３丁目１０４３１番地５",,44,205,8760823,,,,,,,2026-10-09,1,,,,,"モリタコウギョウ",0
2399,8320002018257,21,0,2026-10-09,2026-10-01,"有限会社お墓の愛",,302,"大分県","豊後大野市","三重町赤嶺９４１番地１",,44,212,8797111,,,2026-10-01,01,,,2015-10-05,1,,,,,"オハカノメグミ",0
2400,8320002020493,01,1,2026-10-09,2015-10-05,"有限会社小野建設",,302,"大分県","中津市","大字永添１４６８番地",,44,203,8710162,,,,,,,2015-10-05,1,,,,,"オノケンセツ",0
2401,8330001022473,01,1,2026-10-09,2016-02-02,"株式会社天明いこい館",,301,"熊本県","熊本市南区","奥古閑町４３７５番地３",,43,104,8614125,,,,,,,2016-02-02,1,,,,,"テンメイイコイカン",0
2402,8330001032753,21,0,2026-10-09,2026-08-27,"原＿株式会社",00137477,301,"熊本県","熊本市東区","長嶺西３丁目１番１９－３０４号",,43,102,8618037,,,2026-08-27,01,,,2024-12-27,1,,,,,"ゲンキ",0
2403,8330002013868,01,1,2026-10-09,2015-10-05,"有限会社一坊",,302,"熊本県","熊本市中央区","中央街５番２４号",,43,101,8600802,,,,,,,2015-10-05,0,,,,,"イチボウ",0
2404,8330002013868,12,1,2026-10-09,2020-12-21,"有限会社一坊",,302,"熊本県","熊本市東区","東本町１番１号田上ビル１階１号",,43,102,8620902,,,,,,,2015-10-05,1,,,,,"イチボウ",0
2405,8330002024436,12,0,2026-10-09,2026-10-05,"有限会社桜屋",,302,"熊本県","宇土市","新松原町２３０番地",,43,211,8690419,,,,,,,2015-10-05,1,,,,,"サクラヤ",0
2406,8330003011788,01,0,2026-10-09,2026-10-09,"合同会社山本商店",,305,"熊本県","八代市","本野町６６１－１－６ｃｏｌｏｒｓ１０１",,43,202,8660073,,,,,,,2026-10-09,1,,,,,"ヤマモトショウテン",0
2407,8350005006388,01,0,2026-10-09,2026-10-09,"医療法人山内歯科医院",,399,"宮崎県","日向市","春原町１丁目２０番地",,45,206,8830035,,,,,,,2026-10-09,1,,,,,"ヤマウチシカイイン",0
2408,8360001037329,01,0,2026-10-09,2026-10-09,"オー・エスおきなわ株式会社",,301,"沖縄県","豊見城市","字根差部１０８番地１",,47,212,9010205,,,,,,,2026-10-09,1,,,,,"オーエスオキナワ",0
2409,8360003011315,12,0,2026-10-09,2026-09-11,"亮園マネジメント合同会社",,305,"沖縄県","浦添市","字港川２５２番地５プレミスト浦添港川３０５号室",,47,208,9012134,,,,,,,2021-07-29,1,,,,,"リョウエンマネジメント",0
2410,8360003016231,01,0,2026-10-09,2026-10-09,"合同会社Ａｄｖａｎｃｅ",,305,"沖縄県","中頭郡読谷村","字大湾５４８番地３アクシス２－２Ｆ",,47,324,9040313,,,,,,,2026-10-09,1,,,,,"アドバンス",0
2411,8370001051907,12,0,2026-10-09,2026-10-01,"華誼投資株式会社",,301,"大阪府","大阪市住之江区","浜口西１丁目１４－１０－１０１",,27,125,5590006,,,,,,,2024-11-14,1,,,,,"ファーイインベストメント",0
2412,8370001054315,01,0,2026-10-09,2026-10-09,"株式会社クイックロック",,301,"宮城県","仙台市若林区","蒲町東９番地２",,04,103,9840016,,,,,,,2026-10-09,1,,,,,"クイックロック",0
2413,8370002019127,01,1,2026-10-09,2015-10-05,"有限会社セキュリティー企画",,302,"宮城県","仙台市泉区","八乙女中央３丁目１１番１６号",,04,105,9813135,,,,,,,2015-10-05,1,,,,,"セキュリティーキカク",0
2414,8370402001502,01,1,2026-10-09,2015-10-05,"有限会社江畑物産",,302,"宮城県","登米市","中田町石森字古舘１０３番地",,04,212,9870601,,,,,,,2015-10-05,1,,,,,"エバタブッサン",0
2415,8380001036361,01,0,2026-10-09,2026-10-09,"Ｎｅｕｒａｌ　Ｒｏｃｋｅｔ株式会社",,301,"福島県","南相馬市","原町区萱浜字北谷地３１１番地",,07,212,9750036,,,,,,,2026-10-09,1,,,,,"ニューラルロケット",0
2416,8380005011105,01,1,2026-10-09,2015-10-05,"税理士法人キロル",,399,"福島県","会津若松市","町北町大字上荒久田字鈴木１５２番地",,07,202,9650053,,,,,,,2015-10-05,1,,,,,"キロル",0
2417,8390001010316,12,0,2026-10-09,2026-10-01,"株式会社ジャストイン",,301,"山形県","鶴岡市","家中新町１５番１号",,06,203,9970036,,,,,,,2015-10-05,0,,,,,"ジャストイン",0
2418,8390001010316,11,0,2026-10-09,2026-10-01,"株式会社クルゲート",,301,"山形県","鶴岡市","家中新町１５番１号",,06,203,9970036,,,,,,,2015-10-05,1,,,,,"クルゲート",0
2419,8390001018499,01,0,2026-10-09,2026-10-09,"株式会社ＳＭＩＬＹ　ＦＩＥＬＤ",,301,"山形県","酒田市","若竹町１丁目７番１７号",,06,204,9980834,,,,,,,2026-10-09,1,,,,,"スマイリーフィールド",0
2420,8400001005735,01,1,2026-10-09,2015-10-05,"株式会社ハウステクノス",,301,"岩手県","北上市","川岸１丁目７番２号",,03,206,0240032,,,,,,,2015-10-05,0,,,,,"ハウステクノス",0
2421,8400001005735,21,0,2026-10-09,2026-10-07,"株式会社ハウステクノス",,301,"岩手県","北上市","川岸１丁目７番２号",,03,206,0240032,,,2026-10-07,01,,,2015-10-05,1,,,,,"ハウステクノス",0
2422,8400001012979,01,1,2026-10-09,2015-12-03,"株式会社トミ・コーポレーション",,301,"岩手県","紫波郡紫波町","桜町字下川原３５番地１",,03,321,0283307,,,,,,,2015-12-03,0,,,,,"トミコーポレーシヨン",0
2423,8400001012979,12,1,2026-10-09,2022-10-03,"株式会社トミ・コーポレーション",,301,"岩手県","紫波郡紫波町","桜町字下川原３１番地１",,03,321,0283307,,,,,,,2015-12-03,1,,,,,"トミコーポレーシヨン",0
2424,8410001005180,01,1,2026-10-09,2015-10-05,"南部観光開発株式会社",,301,"秋田県","にかほ市","両前寺字阿部堂１４番地",,05,214,0180401,,,,,,,2015-10-05,1,,,,,"ナンブカンコウカイハツ",0
2425,8410001008646,01,1,2026-10-09,2015-10-05,"株式会社日本ふるさと計画",,301,"秋田県","仙北市","角館町東勝楽丁２６番地１",,05,215,0140325,,,,,,,2015-10-05,1,,,,,"ニホンフルサトケイカク",0
2426,8410002000750,01,1,2026-10-09,2015-10-05,"有限会社羽後測機",,302,"秋田県","秋田市","土崎港相染町字沼端１４９番地１",,05,201,0110951,,,,,,,2015-10-05,1,,,,,"ウゴソッキ",0
2427,8420001019675,01,0,2026-10-09,2026-10-09,"株式会社北進運輸",,301,"青森県","むつ市","大畑町八幡湯坂２番１７５",,02,208,0394401,,,,,,,2026-10-09,1,,,,,"ホクシンウンユ",0
2428,8430003019516,01,0,2026-10-09,2026-10-09,"リ・ワークシェア合同会社",,305,"北海道","札幌市南区","藤野二条２丁目１番１２号",,01,106,0612282,,,,,,,2026-10-09,1,,,,,"リワークシェア",0
2429,8430003019524,01,0,2026-10-09,2026-10-09,"合同会社オルビビ",,305,"北海道","札幌市中央区","南二条西４丁目１０番１号ラージカントリービル９階",,01,101,0600062,,,,,,,2026-10-09,1,,,,,"オルビビ",0
2430,8470001002759,21,0,2026-10-09,2026-10-05,"ちからネット株式会社",,301,"香川県","高松市","藤塚町１丁目１５番１８号藤本ビル１０１",,37,201,7600071,,,2026-10-05,01,,,2015-10-05,1,,,,,"チカラネット",0
2431,8480001013152,11,0,2026-10-09,2026-10-02,"天楽国際交流株式会社",,301,"徳島県","板野郡藍住町","矢上字春日１７５番地１",,36,403,7711252,,,,,,,2026-04-21,1,,,,,"テンラクコクサイコウリュウ",0
2432,8500001007894,01,1,2026-10-09,2015-10-05,"株式会社宇都宮陶器建材店",,301,"愛媛県","西予市","宇和町卯之町４丁目２８１番地１",,38,214,7970015,,,,,,,2015-10-05,1,,,,,"ウツノミヤトウキケンザイテン",0
2433,8500002020269,01,1,2026-10-09,2015-10-05,"有限会社大谷石油",,302,"愛媛県","今治市","吉海町仁江９６番地１",,38,202,7942104,,,,,,,2015-10-05,1,,,,,"オオタニセキユ",0
2434,9010001020855,71,0,2026-10-09,2026-10-01,"株式会社税務研究会",,301,"東京都","千代田区","丸の内１丁目８番２号",,13,101,1000005,,,,,,"令和８年１０月１日東京都千代田区丸の内一丁目８番２号株式会社税研情報センター（3010001020844）を合併",2015-10-05,1,,,,,"ゼイムケンキュウカイ",0
2435,9010001040746,12,0,2026-10-09,2026-09-09,"確実不動産株式会社",,301,"東京都","中央区","銀座３丁目４番５号三階",,13,102,1040061,,,,,,,2015-10-05,1,,,,,"カクジツフドウサン",0
2436,9010001052923,01,1,2026-10-09,2015-10-05,"フィリップ証券株式会社",,301,"東京都","中央区","日本橋兜町４番２号",,13,102,1030026,,,,,,,2015-10-05,0,,,,,"フィリップショウケン",0
2437,9010001052923,11,1,2026-10-09,2026-08-24,"フィリップ・キャピタル証券株式会社",,301,"東京都","中央区","日本橋兜町４番２号",,13,102,1030026,,,,,,,2015-10-05,0,,,,,"フィリップショウケン",0
2438,9010001052923,12,1,2026-10-09,2026-08-27,"フィリップ・キャピタル証券株式会社",,301,"東京都","港区","虎ノ門１丁目２３番１号虎ノ門ヒルズ森タワー",,13,103,1050001,,,,,,,2015-10-05,1,,,,,"フィリップショウケン",0
2439,9010001094998,71,0,2026-10-09,2026-10-01,"ＮＳユナイテッドタンカー株式会社",,301,"東京都","千代田区","大手町２丁目３番２号",,13,101,1000004,,,,,,"令和８年１０月１日東京都千代田区大手町二丁目３番２号中央海運株式会社（9010001136263）を合併",2015-10-05,1,,,,,"エヌエスユナイテッドタンカー",0
2440,9010001098248,12,0,2026-10-09,2026-09-14,"イム株式会社",,301,"東京都","中央区","日本橋本町３丁目３番６号ワカ末ビル７階",,13,102,1030023,,,,,,,2015-10-05,1,,,,,"イム",0
2441,9010001100013,12,0,2026-10-09,2026-09-14,"株式会社イット・プランニング",,301,"東京都","中央区","築地３丁目５番１２号",,13,102,1040045,,,,,,,2015-10-05,1,,,,,"イットプランニング",0
2442,9010001108989,12,0,2026-10-09,2026-10-07,"イトウパテントコンサルティング株式会社",,301,"東京都","江東区","南砂２丁目４番２５－４２３号",,13,108,1360076,,,,,,,2015-10-05,1,,,,,"イトウパテントコンサルティング",0
2443,9010001121397,01,1,2026-10-09,2026-06-24,"株式会社ＩＡＢｊａｐａｎ",,301,"東京都","中央区","日本橋箱崎町２０番１４号",,13,102,1030015,,,,,,,2026-06-24,0,,,,,"アイエイビイジャパン",0
2444,9010001121397,12,1,2026-10-09,2026-07-17,"株式会社ＩＡＢｊａｐａｎ",,301,"東京都","中央区","晴海５丁目３番３－２０６号",,13,102,1040053,,,,,,,2026-06-24,1,,,,,"アイエイビイジャパン",0
2445,9010001136263,21,0,2026-10-09,2026-10-01,"中央海運株式会社",,301,"東京都","千代田区","大手町２丁目３番２号",,13,101,1000004,,,2026-10-01,11,9010001094998,"令和８年１０月１日東京都千代田区大手町二丁目３番２号ＮＳユナイテッドタンカー株式会社（9010001094998）に合併し解散",2015-10-05,1,,,,,"チュウオウカイウン",0
2446,9010001229298,01,1,2026-10-09,2022-09-08,"デシール株式会社",,301,"東京都","中央区","新川２丁目８番８号ＳＮＴ八丁堀ビル４階",,13,102,1040033,,,,,,,2022-09-08,0,,,,,"デシール",0
2447,9010001229298,11,1,2026-10-09,2025-01-06,"デシールホールディングス株式会社",,301,"東京都","中央区","新川２丁目８番８号ＳＮＴ八丁堀ビル４階",,13,102,1040033,,,,,,,2022-09-08,0,,,,,"デシールホールディングス",0
2448,9010001229298,11,1,2026-10-09,2025-07-23,"ＡＤＩＦ　ＪＡＰＡＮ　ＨＯＬＤＩＮＧＳ株式会社",,301,"東京都","中央区","新川２丁目８番８号ＳＮＴ八丁堀ビル４階",,13,102,1040033,,,,,,,2022-09-08,0,,,,,,0
2449,9010001229298,12,0,2026-10-09,2026-10-06,"ＡＤＩＦ　ＪＡＰＡＮ　ＨＯＬＤＩＮＧＳ株式会社",,301,"東京都","港区","麻布十番１丁目１０番１０号ジュールＡ６階",,13,103,1060045,,,,,,,2022-09-08,1,,,,,,0
2450,9010001256763,21,0,2026-10-09,2026-09-11,"株式会社赫",,301,"東京都","千代田区","岩本町２丁目１４番９号第二花輪ビル３階",,13,101,1010032,,,2026-09-11,01,,,2025-07-15,1,,,,,"ハク",0
2451,9010001262191,11,0,2026-10-09,2026-10-01,"株式会社Ｍａｌｕｇｏホールディングス",,301,"東京都","中央区","京橋２丁目２番１号",,13,102,1040031,,,,,,,2026-01-27,1,,,,,"マルゴホールディングス",0
2452,9010001269162,01,0,2026-10-09,2026-10-09,"株式会社ＡｍｕＬＥＴ",,301,"東京都","千代田区","九段南１丁目５番６号りそな九段ビル５階",,13,101,1020074,,,,,,,2026-10-09,1,,,,,"アミュレット",0
2453,9010001269261,01,0,2026-10-09,2026-10-09,"株式会社ＱＮＥＸ",,301,"東京都","文京区","小石川１丁目２２番８号",,13,105,1120002,,,,,,,2026-10-09,1,,,,,"キューネックス",0
2454,9010001269385,01,0,2026-10-09,2026-10-09,"株式会社ＶｉｓＣｕｉｔ",,301,"東京都","千代田区","外神田４丁目１４番２号東京タイムズタワー３８０６",,13,101,1010021,,,,,,,2026-10-09,1,,,,,"ビスケット",0
2455,9010001269402,01,0,2026-10-09,2026-10-09,"株式会社ＪＳＡＡ",,301,"東京都","中央区","銀座１丁目１２番４号Ｎ＆ＥＢＬＤ．７階",,13,102,1040061,,,,,,,2026-10-09,1,,,,,"ジェイエスエーエー",0
2456,9010001269443,01,0,2026-10-09,2026-10-09,"株式会社萬福",,301,"東京都","文京区","湯島３丁目４２番３号桂昇上野湯島ビル４階Ａ",,13,105,1130034,,,,,,,2026-10-09,1,,,,,"マンプク",0
2457,9010003035091,11,0,2026-10-09,2026-09-10,"松溪パートナーズ合同会社",,305,"東京都","港区","麻布十番３丁目１０番１２号シティ麻布２階",,13,103,1060045,,,,,,,2021-06-18,1,,,,,"ショウケイパートナーズ",0
2458,9010003050074,01,1,2026-10-09,2026-02-02,"ＡｉＣ合同会社",,305,"東京都","千代田区","二番町１番地２号番町ハイム４０４号室",,13,101,1020084,,,,,,,2026-02-02,0,,,,,"エイアイシ",0
2459,9010003050074,21,0,2026-10-09,2026-09-10,"ＡｉＣ合同会社",,305,"東京都","千代田区","二番町１番地２号番町ハイム４０４号室",,13,101,1020084,,,2026-09-10,01,,,2026-02-02,1,,,,,"エイアイシ",0
2460,9010003052863,01,0,2026-10-09,2026-10-09,"ＥＧ鳥取蓄電合同会社",,305,"東京都","千代田区","霞が関３丁目２番５号",,13,101,1000013,,,,,,,2026-10-09,1,,,,,"イージートットリチクデン",0
2461,9010005009176,21,0,2026-10-09,2026-09-07,"協同組合臨床開発支援ネットワーク",,399,"東京都","中央区","八丁堀３丁目４番８号",,13,102,1040032,,,2026-09-07,01,,,2015-10-05,1,,,,,"リンショウカイハツシエンネットワーク",0
2462,9010005011280,01,1,2026-10-09,2015-10-05,"特定非営利活動法人非営利・協同総合研究所いのちとくらし",,399,"東京都","文京区","湯島２丁目７番８号東京労音お茶の水センター２階",,13,105,1130034,,,,,,,2015-10-05,1,,,,,"ヒエイリキョウドウソウゴウケンキュウショイノチトクラシ",0
2463,9010005023400,12,0,2026-10-09,2026-09-07,"特定非営利活動法人ｅ－Ｅｄｕｃａｔｉｏｎ",,399,"東京都","千代田区","内神田１丁目９番５号",,13,101,1010047,,,,,,,2015-10-05,1,,,,,"イーエデュケーション",0
2464,9010102000632,71,0,2026-10-09,2026-10-01,"株式会社石川メンテナンス",,301,"東京都","八王子市","片倉町９２番地２",,13,201,1920914,,,,,,"令和８年１０月１日東京都八王子市片倉町９２番地２立川建物管理有限会社（7010102004338）を合併",2015-10-05,1,,,,,"イシカワメンテナンス",0
2465,9010105002254,12,0,2026-10-09,2026-10-07,"一般社団法人たまハチ相談室",,399,"東京都","多摩市","鶴牧１丁目５番地６－２０５",,13,224,2060034,,,,,,,2024-04-10,1,,,,,"タマハチソウダンシツ",0
2466,9010105002329,12,0,2026-10-09,2026-10-06,"土地家屋調査士法人ｓｋｙ",,399,"東京都","八王子市","大和田町５丁目１２番１７号信栄ビル１０３号室",,13,201,1920045,,,,,,,2025-03-04,1,,,,,"スカイ",0
2467,9010401053711,12,0,2026-10-09,2026-10-06,"株式会社プランシパル",,301,"東京都","品川区","上大崎２丁目１７－６千里馬ビル５２０",,13,109,1410021,,,,,,,2015-10-05,1,,,,,"プランシパル",0
2468,9010401107095,12,0,2026-10-09,2026-09-14,"株式会社シーズメッシュ",,301,"東京都","港区","六本木７丁目８番７号",,13,103,1060032,,,,,,,2015-10-05,1,,,,,"シーズメッシュ",0
2469,9010401121402,11,0,2026-10-09,2026-09-29,"株式会社インティウム",,301,"東京都","港区","六本木１丁目６番１号",,13,103,1060032,,,,,,,2015-11-05,1,,,,,"インティウム",0
2470,9010401181719,12,0,2026-10-09,2026-10-07,"株式会社プラチナパートナーズ",,301,"東京都","千代田区","有楽町１丁目２番２号東宝日比谷ビル１５階",,13,101,1000006,,,,,,,2024-04-15,1,,,,,"プラチナパートナーズ",0
2471,9010401202565,01,0,2026-10-09,2026-10-09,"株式会社ＤＥＮＫＡＮＯＨＯＴＯ",,301,"東京都","港区","赤坂６丁目９番１７号赤坂メープルヒル５階",,13,103,1070052,,,,,,,2026-10-09,1,,,,,"デンカノホウトウ",0
2472,9010401202631,01,0,2026-10-09,2026-10-09,"株式会社ｃｈｏｕｃｈｏｕ",,301,"東京都","港区","北青山１丁目３番１号アールキューブ青山３階",,13,103,1070061,,,,,,,2026-10-09,1,,,,,"シュシュ",0
2473,9010401202689,01,0,2026-10-09,2026-10-09,"アクシオリープ株式会社",,301,"東京都","港区","六本木３丁目２番１号住友不動産六本木グランドタワー４１階",,13,103,1060032,,,,,,,2026-10-09,1,,,,,"アクシオリープ",0
2474,9010403037506,12,0,2026-10-09,2026-09-10,"ＣｏｒｅＢｌｏｏｍ合同会社",,305,"東京都","港区","北青山１丁目３番１号アールキューブ青山３階",,13,103,1070061,,,,,,,2026-03-19,1,,,,,"コアブルーム",0
2475,9010403039238,01,0,2026-10-09,2026-10-09,"合同会社ＳＵＰＥＲＬＯＯＰ",,305,"東京都","港区","虎ノ門４丁目３－２０神谷町ＭＴビル１４Ｆ",,13,103,1050001,,,,,,,2026-10-09,1,,,,,"スーパーループ",0
2476,9010403039270,01,0,2026-10-09,2026-10-09,"Ｆｏｒｍｅｔｒｙ　Ｊａｐａｎ合同会社",,305,"東京都","港区","南青山２丁目２番１５号ウィン青山１２１４号",,13,103,1070062,,,,,,,2026-10-09,1,,,,,"フォーメトリージャパン",0
2477,9010405008182,21,0,2026-10-09,2026-09-28,"一般社団法人日本メディアアナリシス業協会",,399,"東京都","渋谷区","東３丁目９番１９号",,13,113,1500011,,,2026-09-28,01,,,2015-10-05,1,,,,,"ニホンメディアアナリシスギョウキョウカイ",0
2478,9010405025335,21,0,2026-10-09,2026-09-14,"一般社団法人商栄会館",,399,"東京都","港区","白金台４丁目８番４号",,13,103,1080071,,,2026-09-14,01,,,2026-03-03,1,,,,,"ショウエイカイカン",0
2479,9010405026192,01,0,2026-10-09,2026-10-09,"一般社団法人食事補助推進協会",,399,"東京都","港区","六本木１丁目４番５号アークヒルズサウスタワー７Ｆ",,13,103,1060032,,,,,,,2026-10-09,1,,,,,"ショクジホジョスイシンキョウカイ",0
2480,9010501030528,11,0,2026-10-09,2026-09-24,"景和トラベル株式会社",,301,"埼玉県","蕨市","中央１丁目３５－１２－３０２",,11,223,3350004,,,,,,,2015-10-05,1,,,,,"ケイワトラベル",0
2481,9010601066323,12,0,2026-10-09,2026-10-06,"株式会社ＴＣＹ",,301,"静岡県","伊東市","富戸８７７番地の４",,22,208,4130231,,,,,,,2024-11-19,1,,,,,"ティーシーワイ",0
2482,9010601069961,01,0,2026-10-09,2026-10-09,"株式会社アイジ",,301,"東京都","墨田区","緑１丁目１５番１２－１４０５号",,13,107,1300021,,,,,,,2026-10-09,1,,,,,"アイジ",0
2483,9010605004493,12,0,2026-10-09,2026-10-07,"一般社団法人ＪＡＦＢＣ",,399,"東京都","中央区","銀座３丁目１１番１９号エスティメゾン銀座９０９号室",,13,102,1040061,,,,,,,2025-09-03,1,,,,,"ジェーエーエフビーシー",0
2484,9010701011534,21,0,2026-10-09,2026-09-30,"アールテックコンサルタント株式会社",,301,"東京都","江東区","枝川２丁目１３番１号",,13,108,1350051,,,2026-09-30,01,,,2015-10-05,1,,,,,"アールテックコンサルタント",0
2485,9010701021558,01,1,2026-10-09,2015-10-05,"株式会社戯",,301,"東京都","品川区","北品川１丁目３０番９号",,13,109,1400001,,,,,,,2015-10-05,0,,,,,,0
2486,9010701021558,12,1,2026-10-09,2021-09-24,"株式会社戯",,301,"京都府","南丹市","八木町日置丸山１６番地",,26,213,6290104,,,,,,,2015-10-05,1,,,,,,0
2487,9010701046076,12,0,2026-10-09,2026-10-06,"株式会社Ｍ・Ｙ・Ｄ・Ｎ",,301,"神奈川県","横浜市磯子区","洋光台５丁目１３番２８号",,14,107,2350045,,,,,,,2024-05-30,1,,,,,"エムワイディーエヌ",0
2488,9010701050292,01,0,2026-10-09,2026-10-09,"株式会社ＰｒｉｍｅＦｉｅｌｄ",,301,"東京都","品川区","上大崎３丁目１４番３４号プラスワン４０２",,13,109,1410021,,,,,,,2026-10-09,1,,,,,"プライムフィールド",0
2489,9010801000684,12,0,2026-10-09,2026-10-07,"株式会社Ｎ‐ＡＲＳ",,301,"東京都","目黒区","自由が丘３丁目１２番１８号",,13,110,1520035,,,,,,,2015-10-05,1,,,,,"エヌアルス",0
2490,9010801036919,12,0,2026-10-09,2026-10-06,"株式会社ノミンウェルネス",,301,"東京都","練馬区","桜台１丁目１２番５号",,13,120,1760002,,,,,,,2026-01-07,1,,,,,"ノミンウェルネス",0
2491,9010801037784,01,0,2026-10-09,2026-10-09,"プロバー株式会社",,301,"東京都","大田区","北千束１丁目１５番８号",,13,111,1450062,,,,,,,2026-10-09,1,,,,,"プロバー",0
2492,9010802008693,01,1,2026-10-09,2015-10-05,"高信工業有限会社",,302,"東京都","大田区","南馬込１丁目４５番２号",,13,111,1430025,,,,,,,2015-10-05,1,,,,,"コウシンコウギョウ",0
2493,9010803006003,01,0,2026-10-09,2026-10-09,"合同会社ＭＴトランスポート",,305,"東京都","大田区","上池台３丁目４３番９号パラッツォ上池台１０３",,13,111,1450064,,,,,,,2026-10-09,1,,,,,"エムティートランスポート",0
2494,9010901006383,01,1,2026-10-09,2015-10-05,"成和造園株式会社",,301,"東京都","世田谷区","松原６丁目７番１７号",,13,112,1560043,,,,,,,2015-10-05,1,,,,,"セイワゾウエン",0
2495,9010901018643,01,1,2026-10-09,2015-10-05,"株式会社アーキテクト春夏",,301,"東京都","世田谷区","上用賀２丁目５番１号馬事公苑前ハイム９０６",,13,112,1580098,,,,,,,2015-10-05,0,,,,,"アーキテクトシュンカ",0
2496,9010901018643,12,0,2026-10-09,2026-10-07,"株式会社アーキテクト春夏",,301,"東京都","足立区","青井２丁目２０番１７号",,13,121,1200012,,,,,,,2015-10-05,1,,,,,"アーキテクトシュンカ",0
2497,9010901060389,01,0,2026-10-09,2026-10-09,"株式会社宮の坂キャピタル",,301,"東京都","世田谷区","宮坂１丁目２６番８号",,13,112,1560051,,,,,,,2026-10-09,1,,,,,"ミヤノサカキャピタル",0
2498,9010903011225,01,0,2026-10-09,2026-10-09,"合同会社Ｃａｄｅｎｃｅ＆Ｃｏ．",,305,"東京都","世田谷区","玉川２丁目５番３－３０９号",,13,112,1580094,,,,,,,2026-10-09,1,,,,,"ケイデンスアンドカンパニー",0
2499,9010905004986,01,0,2026-10-09,2026-10-09,"一般社団法人たまでんコモンズ",,399,"東京都","世田谷区","玉川田園調布２丁目１３番１８号コ・ハウジング玉川田園調布１Ｆ店舗",,13,112,1580085,,,,,,,2026-10-09,1,,,,,"タマデンコモンズ",0
2500,9011001068075,12,0,2026-10-09,2026-09-15,"株式会社エール",,301,"東京都","渋谷区","神南１丁目１１－４ＦＰＧリンクス神南５Ｆ",,13,113,1500041,,,,,,,2015-10-05,1,,,,,"エール",0
2501,9011001136187,01,1,2026-10-09,2020-10-08,"ＰｒｅＳｅｅｄｓ株式会社",,301,"東京都","渋谷区","道玄坂１丁目１０番８号渋谷道玄坂東急ビル１Ｆ",,13,113,1500043,,,,,,,2020-10-08,0,,,,,"プレシーズ",0
2502,9011001136187,12,1,2026-10-09,2021-05-24,"ＰｒｅＳｅｅｄｓ株式会社",,301,"東京都","渋谷区","道玄坂１丁目１２－１渋谷マークシティＷ２２Ｆ",,13,113,1500043,,,,,,,2020-10-08,0,,,,,"プレシーズ",0
2503,9011001136187,12,1,2026-10-09,2023-04-06,"ＰｒｅＳｅｅｄｓ株式会社",,301,"東京都","渋谷区","恵比寿西１丁目２１－５ＳｒｅｅｄＥＢＩＳＵ＋ｔ６階",,13,113,1500021,,,,,,,2020-10-08,0,,,,,"プレシーズ",0
2504,9011001136187,12,1,2026-10-09,2026-02-12,"ＰｒｅＳｅｅｄｓ株式会社",,301,"東京都","渋谷区","神南１丁目１１－４ＦＰＧリンクス神南５階",,13,113,1500041,,,,,,,2020-10-08,0,,,,,"プレシーズ",0
2505,9011001136187,11,1,2026-10-09,2026-02-12,"株式会社Ｍ＆Ａ　ＥＸ",,301,"東京都","渋谷区","神南１丁目１１－４ＦＰＧリンクス神南５階",,13,113,1500041,,,,,,,2020-10-08,1,,,,,"エムアンドエーイーエックス",0
2506,9011001136889,12,0,2026-10-09,2026-10-07,"株式会社アース",,301,"東京都","杉並区","方南２丁目１２番１８号多田ビル４Ｆ",,13,115,1680062,,,,,,,2020-11-11,1,,,,,"アース",0
2507,9011001168230,12,0,2026-10-09,2026-10-07,"株式会社オリンピア",,301,"東京都","台東区","東上野２丁目３番７号山本ビル２階",,13,106,1100015,,,,,,,2025-03-07,1,,,,,"オリンピア",0
2508,9011001170459,12,0,2026-10-09,2026-09-10,"株式会社ＳＩＺＥＮ",,301,"東京都","目黒区","大橋１丁目１番２号ＥＣＬＩＮＥ池尻１００３",,13,110,1530044,,,,,,,2025-06-30,1,,,,,"シゼン",0
2509,9011001174047,12,0,2026-10-09,2026-10-07,"株式会社ＳＲＣＰ３号",,301,"山梨県","甲府市","西下条町１１６７番地３２",,19,201,4000054,,,,,,,2025-12-03,1,,,,,"エスアールシーピーサンゴウ",0
2510,9011001180870,01,0,2026-10-09,2026-10-09,"株式会社ルイデン",,301,"東京都","渋谷区","道玄坂１丁目１０番８号渋谷道玄坂東急ビル２Ｆ－Ｃ",,13,113,1500043,,,,,,,2026-10-09,1,,,,,"ルイデン",0
2511,9011002036519,01,1,2026-10-09,2015-10-05,"株式会社ドゥルック",,301,"東京都","台東区","根岸１丁目１番２４号",,13,106,1100003,,,,,,,2015-10-05,1,,,,,"ドゥルック",0
2512,9011003025504,01,0,2026-10-09,2026-10-09,"ｂｌｕｅＰａｒｋ合同会社",,305,"東京都","渋谷区","広尾１丁目２番地１号ヒカリビル４階",,13,113,1500012,,,,,,,2026-10-09,1,,,,,"ブルーパーク",0
2513,9011101055329,01,1,2026-10-09,2015-10-05,"株式会社豊源",,301,"東京都","新宿区","百人町２丁目７番１－８０２号",,13,104,1690073,,,,,,,2015-10-05,0,,,,,"ホウゲン",0
2514,9011101055329,12,1,2026-10-09,2016-11-30,"株式会社豊源",,301,"東京都","杉並区","高円寺南５丁目２２番１４号",,13,115,1660003,,,,,,,2015-10-05,1,,,,,"ホウゲン",0
2515,9011101117616,01,0,2026-10-09,2026-10-09,"株式会社ＴＥＮＭＩＲＡ",,301,"東京都","新宿区","西新宿３丁目９番２号３ＦＢ",,13,104,1600023,,,,,,,2026-10-09,1,,,,,"テンミラ",0
2516,9011101117698,01,0,2026-10-09,2026-10-09,"Ｊａｐａｎ　Ｆｕｊｉ　Ｅｌｅｖａｔｏｒ　Ｅｎｇｉｎｅｅｒｉｎｇ　Ｃｏ．，Ｌｔｄ．株式会社",,301,"東京都","新宿区","荒木町１９番１号プチモンド四谷３０５号室",,13,104,1600007,,,,,,,2026-10-09,1,,,,,"ジャパンフジエレベーターエンジニアリングカンパニーリミテッド",0
2517,9011103018110,01,0,2026-10-09,2026-10-09,"合同会社ＴＨＷｏｒｋ",,305,"東京都","新宿区","西新宿３丁目３番１３号西新宿水間ビル２Ｆ",,13,104,1600023,,,,,,,2026-10-09,1,,,,,"ティーエイチワーク",0
2518,9011201014127,11,0,2026-10-09,2026-08-18,"Ｙ澤不動産株式会社",,301,"東京都","杉並区","方南２丁目４番２７号",,13,115,1680062,,,,,,,2015-10-05,1,,,,,"ワイザワフドウサン",0
2519,9011401027325,12,0,2026-10-09,2026-10-07,"株式会社村田情報システム",,301,"千葉県","船橋市","薬円台１丁目１６番１－２０７号",,12,204,2740077,,,,,,,2025-08-14,1,,,,,"ムラタジョウホウシステム",0
2520,9011601000065,21,0,2026-10-09,2026-10-06,"株式会社大泉木村工務店",,301,"東京都","練馬区","大泉学園町７丁目１番３０号",,13,120,1780061,,,2026-10-06,01,,,2015-10-05,1,,,,,"オオイズミキムラコウムテン",0
2521,9011601023371,12,0,2026-10-09,2026-10-07,"株式会社橋梁サポートエンジ",,301,"東京都","台東区","根岸３丁目１番１９号ＹＳビル７Ｆ",,13,106,1100003,,,,,,,2019-05-31,1,,,,,"キョウリョウサポートエンジ",0
2522,9011602006417,12,0,2026-10-09,2026-10-07,"有限会社田島製作所",,302,"埼玉県","川口市","栄町１丁目１９―２７",,11,203,3320017,,,,,,,2015-10-05,1,,,,,"タジマセイサクショ",0
2523,9011703004749,01,0,2026-10-09,2026-10-09,"ＪＮ合同会社",,305,"東京都","江戸川区","江戸川２丁目７番７号",,13,123,1320013,,,,,,,2026-10-09,1,,,,,"ジェーエヌ",0
2524,9011801004568,01,1,2026-10-09,2015-10-05,"株式会社マルイマンシヨン",,301,"東京都","葛飾区","白鳥４丁目１２番２１号",,13,122,1250063,,,,,,,2015-10-05,0,,,,,"マルイマンション",0
2525,9011801004568,12,1,2026-10-09,2019-07-01,"株式会社マルイマンシヨン",,301,"東京都","葛飾区","お花茶屋３丁目１８番７号",,13,122,1240003,,,,,,,2015-10-05,1,,,,,"マルイマンション",0
2526,9011802007330,01,1,2026-10-09,2015-10-05,"有限会社丸善建設",,302,"東京都","葛飾区","堀切２丁目９番５号",,13,122,1240006,,,,,,,2015-10-05,1,,,,,"マルゼンケンセツ",0
2527,9011802009104,01,1,2026-10-09,2015-10-05,"有限会社浅香青果",,302,"東京都","足立区","舎人１丁目８番８号",,13,121,1210831,,,,,,,2015-10-05,0,,,,,"アサカセイカ",0
2528,9011802009104,21,0,2026-10-09,2026-10-05,"有限会社浅香青果",,302,"東京都","足立区","舎人１丁目８番８号",,13,121,1210831,,,2026-10-05,01,,,2015-10-05,1,,,,,"アサカセイカ",0
2529,9012302002251,01,1,2026-10-09,2015-10-05,"有限会社シェア・ジャパン出版",,302,"東京都","町田市","つくし野４丁目３３番地４",,13,209,1940001,,,,,,,2015-10-05,1,,,,,"シェアジャパンシュッパン",0
2530,9012401042644,12,0,2026-10-09,2026-10-06,"ＨＲＫＳｐｏｒｔｓ＆Ｅｎｔｅｒｔａｉｎｍｅｎｔ株式会社",,301,"東京都","杉並区","久我山５丁目１１番１８号コージーコート久我山３０５",,13,115,1680082,,,,,,,2025-01-08,1,,,,,"エイチアールケイスポーツアンドエンタテインメント",0
2531,9012401044401,12,0,2026-10-09,2026-10-06,"株式会社ファーマディライト",,301,"東京都","武蔵野市","西久保２丁目２番１６号小川ビル１Ｆ",,13,203,1800013,,,,,,,2026-05-08,1,,,,,"ファーマディライト",0
2532,9012701019664,01,0,2026-10-09,2026-10-09,"アルバトロス株式会社",,301,"東京都","小平市","上水本町５丁目２０番２－４０７号",,13,211,1870022,,,,,,,2026-10-09,1,,,,,"アルバトロス",0
2533,9013201012713,12,0,2026-10-09,2026-09-17,"株式会社シネマ・コーポレーション",,301,"東京都","世田谷区","上北沢４丁目３３番１号プルーマ八幡山４Ｆ",,13,112,1560057,,,,,,,2015-10-05,1,,,,,"シネマコーポレーション",0
2534,9013201016466,01,1,2026-10-09,2015-10-05,"株式会社ジェクシード",,301,"東京都","千代田区","神田錦町３丁目１７番地１１",,13,101,1010054,,,,,,,2015-10-05,0,,,,,"ジェクシード",0
2535,9013201016466,11,1,2026-10-09,2025-04-09,"ＡＩストーム株式会社",,301,"東京都","千代田区","神田錦町３丁目１７番地１１",,13,101,1010054,,,,,,,2015-10-05,1,,,,,,0
2536,9013301024113,01,1,2026-10-09,2015-10-05,"株式会社ミズホインターナショナル",,301,"東京都","豊島区","南大塚３丁目３７番５－８１０号",,13,116,1700005,,,,,,,2015-10-05,1,,,,,"ミズホインターナショナル",0
2537,9020001019673,21,0,2026-10-09,2026-10-01,"株式会社ＮＦエンジニアリング",,301,"山口県","山口市","佐山３番地４６",,35,203,7540894,,,2026-10-01,11,7250001000595,"令和８年１０月１日山口市宮野上字堀山１５６８番地３株式会社ＮＦデバイステクノロジー（7250001000595）に合併し解散",2015-10-05,1,,,,,"エヌエフエンジニアリング",0
2538,9020001027107,01,1,2026-10-09,2015-10-05,"諏訪機材株式会社",,301,"神奈川県","横浜市中区","本牧元町３１番４号",,14,104,2310822,,,,,,,2015-10-05,1,,,,,"スワキザイ",0
2539,9020001137260,11,0,2026-10-09,2026-10-05,"株式会社ＴＴＴ",,301,"神奈川県","川崎市川崎区","小川町５番地１３田中ビル６０１",,14,131,2100023,,,,,,,2020-08-14,1,,,,,"ティーティーティー",0
2540,9020001151708,01,1,2026-10-09,2023-05-19,"ＬＩＦＥ　ＷＯＲＫ　ＰＬＡＮ株式会社",,301,"神奈川県","横浜市中区","元町４丁目１６８番地４Ｆ－０９",,14,104,2310861,,,,,,,2023-05-19,0,,,,,"ライフワークプラン",0
2541,9020001151708,12,0,2026-10-09,2026-10-06,"ＬＩＦＥ　ＷＯＲＫ　ＰＬＡＮ株式会社",,301,"東京都","調布市","仙川町２丁目４－２９",,13,208,1820002,,,,,,,2023-05-19,1,,,,,"ライフワークプラン",0
2542,9020001155130,12,0,2026-10-09,2026-09-28,"株式会社ＡＸＩＡ",,301,"神奈川県","横浜市西区","北幸２丁目１０番４８号むつみビル３階",,14,103,2200004,,,,,,,2024-01-04,1,,,,,"アクシア",0
2543,9020002051832,21,0,2026-10-09,2026-10-05,"有限会社アトリエエム",,302,"宮崎県","都城市","一万城町１０９号１番地",,45,202,8850041,,,2026-10-05,01,,,2015-10-05,1,,,,,"アトリエエム",0
2544,9020002088783,11,0,2026-10-09,2026-09-01,"株式会社栗島商店",,301,"神奈川県","川崎市高津区","溝口３丁目１番７号",,14,134,2130001,,,,,,,2015-10-05,1,,,,,"クリシマショウテン",0
2545,9020003031949,01,0,2026-10-09,2026-10-09,"合同会社むめや",,305,"神奈川県","横浜市中区","本牧三之谷２３番地３ファーストエバーグリーンビル２０１",,14,104,2310824,,,,,,,2026-10-09,1,,,,,"ムメヤ",0
2546,9020005015231,12,0,2026-10-09,2026-10-07,"あすは税理士法人",,399,"神奈川県","横浜市中区","尾上町１丁目６番地ＩＣＯＮ関内ビル３階",,14,104,2310015,,,,,,,2021-10-07,1,,,,,"アスハ",0
2547,9020005017426,01,0,2026-10-09,2026-10-09,"横浜クレヨン弁護士法人",,399,"神奈川県","横浜市神奈川区","鶴屋町２丁目２１番地１ダイヤビル３０３",,14,102,2210835,,,,,,,2026-10-09,1,,,,,"ヨコハマクレヨン",0
2548,9021001089327,01,0,2026-10-09,2026-10-09,"株式会社Ｔｒｉｌｌｉｏｎ　ｒｅｓｅｒｖｅ　ｏｎｅ",,301,"神奈川県","藤沢市","柄沢５６０－４",,14,205,2510003,,,,,,,2026-10-09,1,,,,,"トリリオンリザーブワン",0
2549,9021002010241,21,0,2026-10-09,2026-09-17,"有限会社今井商会",,302,"神奈川県","茅ヶ崎市","新栄町８番２号",,14,207,2530044,,,2026-09-17,01,,,2015-10-05,1,,,,,"イマイショウカイ",0
2550,9021002013715,01,1,2026-10-09,2015-10-05,"有限会社ミラベルメンディング",,302,"神奈川県","茅ヶ崎市","東海岸南５丁目３番６１－１１－１号",,14,207,2530054,,,,,,,2015-10-05,0,,,,,,0
2551,9021002013715,11,1,2026-10-09,2017-09-06,"有限会社ＭＩＫＵＲＩＹＡ",,302,"神奈川県","茅ヶ崎市","東海岸南５丁目３番６１－１１－１号",,14,207,2530054,,,,,,,2015-10-05,0,,,,,"ミクリヤ",0
2552,9021002013715,12,1,2026-10-09,2026-09-15,"有限会社ＭＩＫＵＲＩＹＡ",,302,"神奈川県","茅ヶ崎市","東海岸南６丁目３番２２－３１５号",,14,207,2530054,,,,,,,2015-10-05,1,,,,,"ミクリヤ",0
2553,9021005009801,01,1,2026-10-09,2015-10-05,"ＮＰＯ法人よこすか総合型地域スポーツクラブ",,399,"神奈川県","横須賀市","小原台３０番３２号",,14,201,2390812,,,,,,,2015-10-05,0,,,,,"ヨコスカソウゴウガタチイキスポーツクラブ",0
2554,9021005009801,12,1,2026-10-09,2026-09-15,"ＮＰＯ法人よこすか総合型地域スポーツクラブ",,399,"神奈川県","横須賀市","三春町１丁目３０番地",,14,201,2380014,,,,,,,2015-10-05,1,,,,,"ヨコスカソウゴウガタチイキスポーツクラブ",0
2555,9030001022461,12,0,2026-10-09,2026-10-07,"株式会社ススム不動産",,301,"埼玉県","羽生市","大字北荻島６９７番地",,11,216,3480015,,,,,,,2015-10-05,1,,,,,"ススムフドウサン",0
2556,9030001126477,12,0,2026-10-09,2026-10-06,"ｔｈｅ　Ｓａｉｂａｓｅ株式会社",,301,"東京都","中央区","日本橋室町１丁目１１番１２号日本橋水野ビル７階",,13,102,1030022,,,,,,,2018-07-06,1,,,,,"ザサイベース",0
2557,9030001174419,01,0,2026-10-09,2026-10-09,"株式会社ゴムボート",,301,"埼玉県","さいたま市南区","白幡３丁目７番地７号第２コーポサンキョー４０８",,11,108,3360022,,,,,,,2026-10-09,1,,,,,"ゴムボート",0
2558,9030001174435,01,0,2026-10-09,2026-10-09,"株式会社ツバメタクシー",,301,"埼玉県","川口市","芝１丁目１７番１０号",,11,203,3330866,,,,,,,2026-10-09,1,,,,,"ツバメタクシー",0
2559,9030001174451,01,0,2026-10-09,2026-10-09,"株式会社武蔵國ＬＡＢＯＲＡＴＯＲＹ",,301,"埼玉県","所沢市","東町２０番１０号",,11,208,3591116,,,,,,,2026-10-09,1,,,,,"ムサシノクニラボラトリー",0
2560,9030001174518,01,0,2026-10-09,2026-10-09,"つなぐホールディングス株式会社",,301,"埼玉県","東松山市","箭弓町１丁目１１番７号ハイムグランデ東松山２階",,11,212,3550028,,,,,,,2026-10-09,1,,,,,"ツナグホールディングス",0
2561,9030001174526,01,0,2026-10-09,2026-10-09,"株式会社ＶＡＩＲＡＢ",,301,"埼玉県","朝霞市","岡３丁目１番５号",,11,227,3510007,,,,,,,2026-10-09,1,,,,,"ヴァイラブ",0
2562,9030001174534,01,0,2026-10-09,2026-10-09,"株式会社ＰＩＮＺ８",,301,"埼玉県","桶川市","大字川田谷７３９５番地の３",,11,231,3630027,,,,,,,2026-10-09,1,,,,,"ピンズエイト",0
2563,9030002070765,12,0,2026-10-09,2026-09-24,"有限会社わかたけ",,302,"埼玉県","春日部市","一ノ割１０７４番地５",,11,214,3440031,,,,,,,2015-10-05,1,,,,,"ワカタケ",0
2564,9040001145492,01,0,2026-10-09,2026-10-09,"株式会社Ｂｏｘ",,301,"千葉県","流山市","東初石２丁目９２番地の８",,12,220,2700114,,,,,,,2026-10-09,1,,,,,"ボックス",0
2565,9040001145550,01,0,2026-10-09,2026-10-09,"株式会社大興",,301,"千葉県","千葉市稲毛区","稲毛２丁目６番２８号",,12,103,2630034,,,,,,,2026-10-09,1,,,,,"ダイコウ",0
2566,9040001145591,01,0,2026-10-09,2026-10-09,"株式会社新丸工業",,301,"千葉県","船橋市","三咲５丁目１４番７号",,12,204,2740812,,,,,,,2026-10-09,1,,,,,"シンマルコウギョウ",0
2567,9040001145600,01,0,2026-10-09,2026-10-09,"株式会社ＭＫ　ＣＡＲＥ．",,301,"千葉県","我孫子市","湖北台９丁目５番１５号",,12,222,2701132,,,,,,,2026-10-09,1,,,,,"エムケーケア",0
2568,9040002066309,01,1,2026-10-09,2015-10-05,"有限会社加藤鉄工",,302,"千葉県","木更津市","大寺２３番地２",,12,206,2920024,,,,,,,2015-10-05,1,,,,,"カトウテッコウ",0
2569,9050001042144,01,1,2026-10-09,2017-01-26,"株式会社堀越塗建",,301,"茨城県","神栖市","土合北２丁目１１番１－１号",,08,232,3140342,,,,,,,2017-01-26,1,,,,,"ホリコシトケン",0
2570,9050001059023,01,0,2026-10-09,2026-10-09,"旭Ｑｕａｎｔｕｍ株式会社",,301,"茨城県","取手市","戸頭２丁目１５番１０号",,08,217,3020034,,,,,,,2026-10-09,1,,,,,"アサヒクオンタム",0
2571,9050001059031,01,0,2026-10-09,2026-10-09,"株式会社Ｍ＆Ａ",,301,"茨城県","守谷市","百合ケ丘３丁目２６１９番地の１４",,08,224,3020110,,,,,,,2026-10-09,1,,,,,"エムアンドエー",0
2572,9050002020462,01,1,2026-10-09,2015-10-05,"有限会社島中組",,302,"茨城県","坂東市","矢作１２０３－７",,08,228,3060624,,,,,,,2015-10-05,1,,,,,"シマナカクミ",0
2573,9050003008564,12,0,2026-10-09,2026-10-07,"合同会社中央商会",,305,"埼玉県","鶴ヶ島市","大字脚折２１３７番地１",,11,241,3502213,,,,,,,2024-08-16,1,,,,,"チュウオウショウカイ",0
2574,9050005013884,01,0,2026-10-09,2026-10-09,"一般社団法人Ｉｎｎｅｒ　Ｓｅｅｄ　Ａｃａｄｅｍｙ",,399,"茨城県","筑西市","新治１９９７番地３６",,08,227,3091106,,,,,,,2026-10-09,1,,,,,,0
2575,9060001027763,01,1,2026-10-09,2015-12-11,"株式会社ケイズ",,301,"栃木県","宇都宮市","住吉町１５番１６号",,09,201,3200864,,,,,,,2015-12-11,1,,,,,"ケイズ",0
2576,9060001039676,01,0,2026-10-09,2026-10-09,"株式会社ＰＵＦＦＩＮ",,301,"栃木県","宇都宮市","戸祭３丁目８番２１号",,09,201,3200056,,,,,,,2026-10-09,1,,,,,"パフィン",0
2577,9060002011015,21,0,2026-10-09,2026-10-02,"有限会社井澤畜産",,302,"栃木県","河内郡上三川町","大字西汗１６４３番地２",,09,301,3290607,,,2026-10-02,01,,,2015-10-05,1,,,,,"イザワチクサン",0
2578,9070001017664,01,1,2026-10-09,2015-10-05,"株式会社山東電気工業所",,301,"群馬県","渋川市","石原１２８番地１７",,10,208,3770007,,,,,,,2015-10-05,1,,,,,"サントウデンキコウギョウショ",0
2579,9070001032903,01,1,2026-10-09,2016-12-05,"株式会社Ｉ－ｔｅｒｉｏｒ",,301,"群馬県","前橋市","鳥羽町６２４番地１",,10,201,3710845,,,,,,,2016-12-05,1,,,,,"アイテリア",0
2580,9070001041202,12,0,2026-10-09,2026-09-28,"株式会社ＫＳコンサルティング",,301,"群馬県","邑楽郡邑楽町","大字藤川１６４番地３",,10,525,3700605,,,,,,,2023-12-18,1,,,,,"ケーエスコンサルティング",0
2581,9070002007689,01,1,2026-10-09,2015-10-05,"有限会社フジミネ",,302,"群馬県","前橋市","粕川町月田１３８７番地４",,10,201,3710203,,,,,,,2015-10-05,1,,,,,"フジミネ",0
2582,9070003006640,01,0,2026-10-09,2026-10-09,"合同会社余白",,305,"群馬県","高崎市","新保町５４－１グラン４０２",,10,202,3700018,,,,,,,2026-10-09,1,,,,,"ヨハク",0
2583,9080001027844,01,0,2026-10-09,2026-10-09,"Ｊテック株式会社",,301,"静岡県","静岡市葵区","大岩４丁目２５番１号",,22,101,4200886,,,,,,,2026-10-09,1,,,,,"ジェイテック",0
2584,9080401023245,12,0,2026-10-09,2026-10-01,"株式会社アヴァンティ",,301,"静岡県","浜松市中央区","幸１丁目１５番１０号メゾン・ソレイユＩＩ２０１",00145226,22,138,4338123,,,,,,,2018-10-24,1,,,,,"アヴァンティ",0
2585,9080402007453,21,0,2026-10-09,2026-10-01,"松井経営センター有限会社",,302,"静岡県","浜松市中央区","三島町１２３番地の１",,22,138,4300853,,,2026-10-01,01,,,2015-10-05,1,,,,,"マツイケイエイセンター",0
2586,9100002028459,21,0,2026-10-09,2026-10-05,"有限会社大成商事春日",,302,"長野県","諏訪市","大字中洲５５３１番地２３",,20,206,3920015,,,2026-10-05,01,,,2015-10-05,1,,,,,"タイセイショウジカスガ",0
2587,9100002034523,01,1,2026-10-09,2015-10-05,"有限会社山岸薬品",,302,"長野県","上伊那郡飯島町","飯島１１６２番地３",,20,384,3993702,,,,,,,2015-10-05,1,,,,,"ヤマギシヤクヒン",0
2588,9100003008988,01,0,2026-10-09,2026-10-09,"合同会社フィナリオ",,305,"長野県","飯田市","桐林９４０番地",,20,205,3992565,,,,,,,2026-10-09,1,,,,,,0
2589,9110001033780,21,0,2026-10-09,2026-09-28,"株式会社ウィング",,301,"新潟県","上越市","仲町４丁目８番５号",,15,222,9430831,,,2026-09-28,01,,,2019-01-22,1,,,,,"ウィング",0
2590,9110001040447,01,0,2026-10-09,2026-10-09,"ＳＥＫＩ　ＣＡＰＩＴＡＬ株式会社",,301,"新潟県","新潟市中央区","天神１丁目１５番地１Ｄ’クラディア新潟駅前３０３号",,15,103,9500917,,,,,,,2026-10-09,1,,,,,"セキキャピタル",0
2591,9110005017391,01,0,2026-10-09,2026-10-09,"特定非営利活動法人なぎのみんなのたまり場",,399,"新潟県","見附市","名木野町３１２８番地",,15,211,9540035,,,,,,,2026-10-09,1,,,,,"ナギノミンナノタマリバ",0
2592,9120001014301,71,0,2026-10-09,2026-10-01,"株式会社イトーキ",,301,"大阪府","大阪市中央区","淡路町１丁目６番１１号",,27,128,5410047,,,,,,"令和８年１０月１日東京都中央区入船一丁目８番２号住友入船２号館株式会社イトーキシェアードバリュー（1010001087670）を合併",2015-10-05,1,,,,,"イトーキ",0
2593,9120001042608,71,0,2026-10-09,2026-10-01,"キャビン株式会社",,301,"大阪府","大阪市西区","阿波座１丁目１５番１６号",,27,106,5500011,,,,,,"令和８年１０月１日大阪市中央区船場中央三丁目３番９－１１３号ナショナル流通産業株式会社（5120001204649）を合併",2015-10-05,1,,,,,"キャビン",0
2594,9120001048786,71,0,2026-10-09,2026-10-01,"豊食株式会社",,301,"大阪府","豊中市","中桜塚３丁目２番１号",,27,203,5610881,,,,,,"令和８年１０月１日大阪府豊中市中桜塚三丁目２番１号ＧＲＯＷ　ＵＰ株式会社（1120901050691）を合併",2015-10-05,1,,,,,"ホウショク",0
2595,9120001109902,01,1,2026-10-09,2015-10-05,"株式会社モバイルリンク",,301,"大阪府","大阪市中央区","本町１丁目６番１８号丸武本町ビル３Ｆ",,27,128,5410053,,,,,,,2015-10-05,0,,,,,"モバイルリンク",0
2596,9120001109902,12,1,2026-10-09,2026-04-08,"株式会社モバイルリンク",,301,"大阪府","大阪市中央区","本町１丁目６番１８号",,27,128,5410053,,,,,,,2015-10-05,1,,,,,"モバイルリンク",0
2597,9120001117070,01,1,2026-10-09,2015-10-05,"アイジャパンホーム株式会社",,301,"大阪府","大阪市東成区","中道３丁目１５番３１号",,27,115,5370025,,,,,,,2015-10-05,1,,,,,"アイジャパンホーム",0
2598,9120001142044,12,0,2026-10-09,2026-09-30,"株式会社エムプラス",,301,"大阪府","大阪市西区","新町２丁目１９番９号",,27,106,5500013,,,,,,,2015-10-05,1,,,,,"エムプラス",0
2599,9120001148603,12,0,2026-10-09,2026-10-05,"プラント機工株式会社",,301,"大阪府","大阪市中央区","淡路町３丁目１番５号８階",,27,128,5410047,,,,,,,2015-10-05,1,,,,,"プラントキコウ",0
2600,9120001163684,01,1,2026-10-09,2015-10-05,"株式会社ピースワン",,301,"大阪府","大阪市阿倍野区","旭町１丁目２番７号あべのメディックス１１階",,27,119,5450051,,,,,,,2015-10-05,1,,,,,"ピースワン",0
2601,9120001167512,12,0,2026-10-09,2026-10-01,"セントレスト株式会社",,301,"大阪府","大阪市平野区","加美正覚寺１丁目１４番２号",,27,126,5470006,,,,,,,2015-10-05,1,,,,,,0
2602,9120001220023,11,0,2026-10-09,2026-10-02,"株式会社ユウエステート",,301,"大阪府","大阪市北区","西天満５丁目１４番７号和光ビル５階",,27,127,5300047,,,,,,,2019-04-03,1,,,,,"ユウエステート",0
2603,9120001222762,12,0,2026-10-09,2026-09-30,"株式会社グローバルビジョン",,301,"大阪府","大阪市東住吉区","往道矢田一丁目２６番１８号",,27,121,5460000,,,,,,,2019-07-29,1,,,,,"グローバルビジョン",0
2604,9120001223835,12,0,2026-10-09,2026-09-24,"株式会社晶企画",,301,"大阪府","大阪市平野区","長吉長原西１丁目３－３０－４０３",,27,126,5470015,,,,,,,2019-09-19,1,,,,,"アキキカク",0
2605,9120001254731,12,0,2026-10-09,2026-10-01,"株式会社ＭＡＧ　ＰＡＲＴＮＥＲＳ",,301,"大阪府","大阪市北区","梅田１丁目２番２号１２－１２",,27,127,5300001,,,,,,,2023-05-10,1,,,,,"マグパートナーズ",0
2606,9120001255614,21,0,2026-10-09,2026-10-06,"イーコムウィズ株式会社",,301,"大阪府","大阪市大正区","三軒家西３丁目４番１６号中山ビル４０７Ｂ",,27,108,5510001,,,2026-10-06,01,,,2023-06-13,1,,,,,"イーコムウィズ",0
2607,9120001268070,21,0,2026-10-09,2026-10-01,"株式会社Ｆ",,301,"大阪府","大阪市中央区","南船場３丁目２番２２号おおきに南船場ビル２０５",,27,128,5420081,,,2026-10-01,01,,,2024-08-30,1,,,,,"エフ",0
2608,9120001268129,01,1,2026-10-09,2024-08-30,"九洲商貿株式会社",,301,"大阪府","大阪市大正区","三軒家西３丁目４番１６号中山ビル３０９Ｂ",,27,108,5510001,,,,,,,2024-08-30,0,,,,,"キュウシュウショウボウ",0
2609,9120001268129,21,0,2026-10-09,2026-10-05,"九洲商貿株式会社",,301,"大阪府","大阪市大正区","三軒家西３丁目４番１６号中山ビル３０９Ｂ",,27,108,5510001,,,2026-10-05,01,,,2024-08-30,1,,,,,"キュウシュウショウボウ",0
2610,9120001273780,12,0,2026-10-09,2026-10-01,"海莉商貿株式会社",,301,"大阪府","大阪市福島区","福島７丁目１４－１８恒和殖産福島ビル５０２",,27,103,5530003,,,,,,,2025-03-18,1,,,,,"カイリショウボウ",0
2611,9120001279134,12,0,2026-10-09,2026-10-02,"ＡＭＥＧＡ　ＴＲＡＤＩＮＧ株式会社",,301,"大阪府","大阪市西区","京町堀１丁目１３－１７－４０５号室",,27,106,5500003,,,,,,,2025-08-26,1,,,,,"アメガトレーディング",0
2612,9120001285347,12,0,2026-10-09,2026-10-01,"ナルコウォータージャパン株式会社",,301,"大阪府","大阪市淀川区","宮原３丁目５番３６号新大阪トラストタワー",,27,123,5320003,,,,,,,2026-04-06,1,,,,,"ナルコウォータージャパン",0
2613,9120001286361,12,0,2026-10-09,2026-09-30,"華庭国際株式会社",,301,"大阪府","大阪市中央区","船場中央３丁目１番７号船場センタービル７号館．地下１階１５４号（西側）号室",,27,128,5410055,,,,,,,2026-05-18,1,,,,,"カテイコクサイ",0
2614,9120001288242,12,0,2026-10-09,2026-10-06,"和光リアルティデザイン株式会社",,301,"大阪府","大阪市阿倍野区","阪南町３丁目３２番３号",,27,119,5450021,,,,,,,2026-08-07,1,,,,,"ワコウリアルティデザイン",0
2615,9120001289488,01,0,2026-10-09,2026-10-09,"株式会社ＳＵＳＴＥＬＬＡ",,301,"大阪府","大阪市北区","角田町８－１大阪梅田ツインタワーズ・ノース１９階",,27,127,5300017,,,,,,,2026-10-09,1,,,,,"サステラ",0
2616,9120001289521,01,0,2026-10-09,2026-10-09,"株式会社マイスターＤＣ",,301,"大阪府","大阪市淀川区","西宮原２丁目１番３号",,27,123,5320004,,,,,,,2026-10-09,1,,,,,"マイスターディーシー",0
2617,9120003026360,12,0,2026-10-09,2026-10-01,"新井ケア合同会社",,305,"大阪府","大阪市生野区","新今里１丁目１６番１４号",,27,116,5440001,,,,,,,2024-04-15,1,,,,,"アライケア",0
2618,9120003029751,21,0,2026-10-09,2026-09-30,"合同会社Ｒｉ．ＥＮ",,305,"大阪府","大阪市北区","梅田１丁目２番２号大阪駅前第２ビル１２‐１２",,27,127,5300001,,,2026-09-30,01,,,2025-06-16,1,,,,,"リエン",0
2619,9120101025677,01,1,2026-10-09,2015-10-05,"株式会社フロンティアコーポレーション",,301,"大阪府","松原市","柴垣２丁目４９０番地",,27,217,5800017,,,,,,,2015-10-05,1,,,,,"フロンティアコーポレーション",0
2620,9120101030891,21,0,2026-10-09,2026-10-06,"株式会社サンリバー",,301,"大阪府","富田林市","向陽台３丁目１番地",,27,214,5840082,,,2026-10-06,01,,,2015-10-05,1,,,,,"サンリバー",0
2621,9120101032277,01,1,2026-10-09,2015-10-05,"株式会社天道組",,301,"大阪府","羽曳野市","軽里３丁目３番１７号",,27,222,5830854,,,,,,,2015-10-05,1,,,,,"テンドウグミ",0
2622,9120101051500,01,1,2026-10-09,2015-10-05,"株式会社弓エンタープライズ",,301,"大阪府","大阪狭山市","東茱萸木４丁目２１１５番地１",00046901,27,231,5890012,,,,,,,2015-10-05,0,,,,,"ユミエンタープライズ",0
2623,9120101051500,12,1,2026-10-09,2026-10-06,"株式会社弓エンタープライズ",,301,"大阪府","大阪狭山市","今熊６丁目３５４番地２",,27,231,5890021,,,,,,,2015-10-05,1,,,,,"ユミエンタープライズ",0
2624,9120103005693,12,0,2026-10-09,2026-10-02,"長安商事合同会社",,305,"大阪府","大阪市中央区","西心斎橋１丁目６－３３オカビル３階Ａ号室",,27,128,5420086,,,,,,,2024-02-27,1,,,,,"チョウアンショウジ",0
2625,9120105008819,01,1,2026-10-09,2018-02-02,"医療法人相志和診会",,399,"大阪府","羽曳野市","羽曳が丘２丁目７番６号",,27,222,5830864,,,,,,,2018-02-02,1,,,,,"ソウシワシンカイ",0
2626,9120105009214,21,0,2026-10-09,2026-10-01,"一般社団法人洗車の王国人材交流会",,399,"大阪府","富田林市","若松町西１丁目１８７８－１",,27,214,5840025,,,2026-10-01,01,,,2020-05-01,1,,,,,"センシャノオウコクジンザイコウリュウカイ",0
2627,9130001065335,12,0,2026-10-09,2026-09-30,"株式会社オルト",,301,"京都府","京都市伏見区","桃山町三河５７番地６",,26,109,6128029,,,,,,,2019-09-27,1,,,,,"オルト",0
2628,9130001083147,01,0,2026-10-09,2026-10-09,"株式会社縁火",,301,"京都府","京都市山科区","音羽野田町２０－２１",,26,110,6078075,,,,,,,2026-10-09,1,,,,,"エンカ",0
2629,9130003011758,01,0,2026-10-09,2026-10-09,"合同会社比叡ソフトウェア",,305,"京都府","京都市下京区","烏丸通七条下る東塩小路町７３５－１京阪京都ビル８階",,26,106,6008216,,,,,,,2026-10-09,1,,,,,"ヒエイソフトウェア",0
2630,9130003011766,01,0,2026-10-09,2026-10-09,"合同会社納屋",,305,"京都府","南丹市","日吉町胡麻岡２８番地",,26,213,6290311,,,,,,,2026-10-09,1,,,,,"オサメヤ",0
2631,9130005009148,01,1,2026-10-09,2015-10-05,"寳藏院",,399,"京都府","綴喜郡井手町","大字田村新田小字有王３７番地",,26,343,6100303,,,,,,,2015-10-05,1,,,,,"ホウゾウイン",0
2632,9140001013243,01,1,2026-10-09,2015-10-05,"株式会社柴垣造花店",,301,"兵庫県","神戸市兵庫区","湊町１丁目１番９号",,28,105,6520812,,,,,,,2015-10-05,1,,,,,"シバガキゾウカテン",0
2633,9140001022013,12,0,2026-10-09,2026-10-07,"ユニオンサーブ株式会社",,301,"大阪府","東大阪市","荒本北１丁目４－１７クリエイションコア東大阪３０７",,27,227,5770011,,,,,,,2015-10-05,1,,,,,"ユニオンサーブ",0
2634,9140001038661,01,1,2026-10-09,2015-10-05,"株式会社新光",,301,"兵庫県","姫路市","辻井８丁目８番３８号",00039512,28,201,6700083,,,,,,,2015-10-05,1,,,,,"シンコウ",0
2635,9140001043265,21,0,2026-10-09,2026-09-30,"株式会社ネットワーク",,301,"兵庫県","加古川市","加古川町木村４８２番地の５",,28,210,6750038,,,2026-09-30,01,,,2015-10-05,1,,,,,"ネットワーク",0
2636,9140001059402,01,1,2026-10-09,2015-10-05,"進友興産株式会社",,301,"兵庫県","姫路市","小姓町３５番地１",,28,201,6700043,,,,,,,2015-10-05,1,,,,,"シンユウコウサン",0
2637,9140001070813,01,1,2026-10-09,2015-10-05,"株式会社ルシェール",,301,"兵庫県","西宮市","若草町２丁目６番２６号",,28,204,6638181,,,,,,,2015-10-05,1,,,,,"ルシェール",0
2638,9140001078682,21,0,2026-10-09,2026-09-30,"株式会社長勢工業",,301,"兵庫県","伊丹市","北野６丁目４５番地の３アドリーム伊丹北野２０７号",,28,207,6640007,,,2026-09-30,01,,,2015-10-05,1,,,,,,0
2639,9140001115163,12,0,2026-10-09,2026-10-07,"株式会社ｂｌｉｓｓＣｒｅａｔｉｖｅ",,301,"兵庫県","尼崎市","立花町１丁目１９－２７",,28,202,6610025,,,,,,,2019-10-08,1,,,,,"ブリスクリエイティブ",0
2640,9140001116351,12,0,2026-10-09,2026-10-01,"株式会社プロジェニサイトジャパン",,301,"兵庫県","神戸市中央区","御幸通８丁目１番６号神戸国際会館２２階",,28,110,6510087,,,,,,,2020-01-30,1,,,,,"プロジェニサイトジャパン",0
2641,9140001132217,12,0,2026-10-09,2026-10-01,"株式会社アイルシップ",,301,"兵庫県","神戸市中央区","元町通４丁目５－１０明賢ビル５０２",,28,110,6500022,,,,,,,2023-11-10,1,,,,,"アイルシップ",0
2642,9140001144294,01,0,2026-10-09,2026-10-09,"株式会社ホウズライン",,301,"兵庫県","西宮市","馬場町５番２２－３０１号",,28,204,6620915,,,,,,,2026-10-09,1,,,,,"ホウズライン",0
2643,9140001144303,01,0,2026-10-09,2026-10-09,"株式会社ＨＡＲＥＣＴ",,301,"兵庫県","川西市","久代１丁目２５番２４号",,28,217,6660024,,,,,,,2026-10-09,1,,,,,"ハレクト",0
2644,9140002004068,12,0,2026-10-09,2026-10-01,"有限会社アイラーク",,302,"兵庫県","神戸市西区","櫨谷町谷口５４２番地",,28,111,6512237,,,,,,,2015-10-05,1,,,,,,0
2645,9140002037282,12,0,2026-10-09,2026-10-06,"有限会社浜野企画",,302,"東京都","多摩市","落合４丁目３番地、３－５０５",,13,224,2060033,,,,,,,2015-10-05,1,,,,,"ハマノキカク",0
2646,9140002061828,21,0,2026-10-09,2026-10-01,"有限会社泰平",,302,"兵庫県","西脇市","富田町１２０番地",,28,213,6770018,,,2026-10-01,11,2140001075356,"令和８年１０月１日兵庫県西脇市富田町１２０番地株式会社オーナーばり（2140001075356）に合併し解散",2015-10-05,1,,,,,"タイヘイ",0
2647,9140003023975,12,0,2026-10-09,2026-10-01,"合同会社唯都",,305,"兵庫県","西宮市","今在家町三丁目９番ＪＥＬビル２階２号室",,28,204,6620972,,,,,,,2026-08-17,1,,,,,"イト",0
2648,9140003024156,01,0,2026-10-09,2026-10-09,"合同会社菜那凪",,305,"兵庫県","三木市","大塚１丁目３番１８－２０８号",,28,215,6730413,,,,,,,2026-10-09,1,,,,,"ナナナ",0
2649,9150001029263,01,0,2026-10-09,2026-10-09,"株式会社創樹",,301,"奈良県","葛城市","東室２５０番地９",,29,211,6392102,,,,,,,2026-10-09,1,,,,,"ソウジュ",0
2650,9150003004058,01,0,2026-10-09,2026-10-09,"近畿空調設備合同会社",,305,"奈良県","磯城郡三宅町","大字石見７１－５",,29,362,6360212,,,,,,,2026-10-09,1,,,,,"キンキクウチョウセツビ",0
2651,9160005005251,01,1,2026-10-09,2015-10-05,"正光寺",,399,"滋賀県","愛知郡愛荘町","東出２２３番地",,25,425,5291233,,,,,,,2015-10-05,1,,,,,"ショウコウジ",0
2652,9170001000404,01,1,2026-10-09,2015-10-05,"株式会社エクセレントアーク",,301,"和歌山県","和歌山市","北島４６８番地の１５",,30,201,6408403,,,,,,,2015-10-05,1,,,,,"エクセレントアーク",0
2653,9170001006772,01,1,2026-10-09,2015-10-05,"池尻建築塗装株式会社",,301,"和歌山県","和歌山市","小松原通５丁目１５番地池尻テナント４０１一Ａ",,30,201,6408269,,,,,,,2015-10-05,0,,,,,"イケジリケンチクトソウ",0
2654,9170001006772,12,1,2026-10-09,2026-04-15,"池尻建築塗装株式会社",,301,"和歌山県","有田郡有田川町","大字下津野１６３５番地１",,30,366,6430021,,,,,,,2015-10-05,1,,,,,"イケジリケンチクトソウ",0
2655,9170002006986,01,1,2026-10-09,2015-10-05,"有限会社北山興業",,302,"和歌山県","有田郡広川町","大字広３５７番地の５",,30,362,6430071,,,,,,,2015-10-05,1,,,,,"キタヤマコウギョウ",0
2656,9170003000757,01,1,2026-10-09,2015-10-05,"佐晃産業合同会社",,305,"和歌山県","岩出市","西野１８７番地の３",,30,209,6496235,,,,,,,2015-10-05,1,,,,,"サコウサンギョウ",0
2657,9180001022918,01,1,2026-10-09,2015-10-05,"宮ことぶき株式会社",,301,"愛知県","名古屋市熱田区","白鳥３丁目８番２号",,23,109,4560035,,,,,,,2015-10-05,1,,,,,"ミヤココトブキ",0
2658,9180001168496,71,0,2026-10-09,2026-09-29,"株式会社岩月屋",,301,"愛知県","あま市","木折戸井田２３番地",,23,237,4901203,,,,,,"令和８年８月３１日愛知県あま市木折戸井田２３番地合同会社岩月屋（9180003030530）を合併",2025-09-19,1,,,,,"イワツキヤ",0
2659,9180001173868,01,0,2026-10-09,2026-10-09,"株式会社愛知金券",,301,"愛知県","名古屋市中区","栄５丁目２６番３９号ＧＳ栄ビル３Ｆ",,23,106,4600008,,,,,,,2026-10-09,1,,,,,"アイチキンケン",0
2660,9180002056790,01,1,2026-10-09,2015-10-05,"有限会社アシスト",,302,"愛知県","名古屋市東区","徳川町２００６番地２",,23,102,4610023,,,,,,,2015-10-05,0,,,,,"アシスト",0
2661,9180002056790,12,0,2026-10-09,2026-10-02,"有限会社アシスト",,302,"岐阜県","本巣市","十四条８１８番地１",,21,218,5010464,,,,,,,2015-10-05,1,,,,,"アシスト",0
2662,9180003030530,21,0,2026-10-09,2026-09-29,"合同会社岩月屋",,305,"愛知県","あま市","木折戸井田２３番地",,23,237,4901203,,,2026-09-29,11,9180001168496,"令和８年８月３１日愛知県あま市木折戸井田２３番地株式会社岩月屋（9180001168496）に合併し解散",2026-07-13,1,,,,,"イワツキヤ",0
2663,9180003030885,01,0,2026-10-09,2026-10-09,"合同会社ＰＡＬＭＥＩＲＡ",,305,"愛知県","名古屋市千種区","千代が丘１番１０９－１１０９号千代が丘団地",,23,101,4640005,,,,,,,2026-10-09,1,,,,,"パルメイラ",0
2664,9180003030910,01,0,2026-10-09,2026-10-09,"合同会社はじめ",,305,"愛知県","名古屋市中村区","名駅４丁目２４番５号第２森ビル４０１号",,23,105,4500002,,,,,,,2026-10-09,1,,,,,"ハジメ",0
2665,9180301001803,01,1,2026-10-09,2015-10-05,"株式会社パナドーム",,301,"愛知県","岡崎市","六名新町１０番地１２",,23,202,4440846,,,,,,,2015-10-05,1,,,,,,0
2666,9180301032550,01,1,2026-10-09,2019-05-10,"株式会社秀工業",,301,"愛知県","豊橋市","前畑町８５番地１",,23,201,4400055,,,,,,,2019-05-10,0,,,,,"ヒデコウギョウ",0
2667,9180301032550,12,1,2026-10-09,2023-09-01,"株式会社秀工業",,301,"愛知県","豊橋市","大村町字池田１３番地１",,23,201,4400081,,,,,,,2019-05-10,1,,,,,"ヒデコウギョウ",0
2668,9180301040388,01,1,2026-10-09,2025-11-06,"株式会社ＢＹＴ商事",,301,"愛知県","安城市","東端町用地８１番１",,23,212,4441213,,,,,,,2025-11-06,1,,,,,"ビーワイティーショウジ",0
2669,9180302015091,21,0,2026-10-09,2026-09-28,"今井ホーム有限会社",,302,"愛知県","蒲郡市","三谷北通２丁目１０６番地",,23,214,4430022,,,2026-09-28,01,,,2015-10-05,1,,,,,,0
2670,9190001003710,01,1,2026-10-09,2015-10-05,"株式会社ロボネット",,301,"三重県","津市","垂水５２２番地６",,24,201,5140821,,,,,,,2015-10-05,0,,,,,"ロボネット",0
2671,9190001003710,12,1,2026-10-09,2020-10-06,"株式会社ロボネット",,301,"三重県","四日市市","諏訪栄町１９番９号",,24,202,5100086,,,,,,,2015-10-05,1,,,,,"ロボネット",0
2672,9190001033492,01,0,2026-10-09,2026-10-09,"株式会社トライズ",,301,"三重県","いなべ市","大安町門前９５１番地１",,24,214,5110281,,,,,,,2026-10-09,1,,,,,"トライズ",0
2673,9190003004260,12,0,2026-10-09,2026-10-07,"合同会社友彪",,305,"東京都","渋谷区","道玄坂２丁目１８番１１号サンモール道玄坂２１８号",,13,113,1500043,,,,,,,2023-03-28,1,,,,,"スケトラ",0
2674,9190003005580,01,0,2026-10-09,2026-10-09,"合同会社ケアリンク",,305,"三重県","桑名市","新西方２丁目３９６番地３",,24,205,5110863,,,,,,,2026-10-09,1,,,,,"ケアリンク",0
2675,9200001015076,01,1,2026-10-09,2015-10-05,"株式会社みつばちの郷",,301,"岐阜県","養老郡養老町","蛇持３３１番地",,21,341,5031303,,,,,,,2015-10-05,1,,,,,"ミツバチノサト",0
2676,9200001020984,21,0,2026-10-09,2026-10-02,"株式会社ホンダプリモ光ケ丘",,301,"岐阜県","多治見市","光ケ丘１丁目１９番地",,21,204,5070052,,,2026-10-02,11,3200001011493,"令和８年１０月１日岐阜県羽島郡岐南町上印食七丁目１番地株式会社ホンダカーズ岐阜（3200001011493）に合併し解散",2015-10-05,1,,,,,"ホンダプリモヒカリガオカ",0
2677,9200001033607,01,1,2026-10-09,2017-01-04,"株式会社ＡＲＯＵＮＤ",,301,"岐阜県","各務原市","蘇原花園町２丁目６５番地２",,21,213,5040832,,,,,,,2017-01-04,1,,,,,"アラウンド",0
2678,9200001038977,12,0,2026-10-09,2026-10-06,"山崎建築株式会社",,301,"岐阜県","高山市","冬頭町４５６番地５",,21,203,5060001,,,,,,,2021-08-05,1,,,,,"ヤマザキケンチク",0
2679,9200002010654,21,0,2026-10-09,2026-10-01,"有限会社近藤瓦工事店",,302,"岐阜県","羽島市","福寿町間島１丁目２５番地",,21,209,5016251,,,2026-10-01,01,,,2015-10-05,1,,,,,"コンドウカワラコウジテン",0
2680,9210001018490,12,0,2026-10-09,2026-10-01,"株式会社ＳＨＯ",,301,"福井県","坂井市","丸岡町上安田第５号４７番地１",,18,210,9100362,,,,,,,2021-06-15,1,,,,,"ショー",0
2681,9210002004390,71,0,2026-10-09,2026-10-01,"株式会社カタドル",,301,"福井県","福井市","高木中央３丁目９２２番地",,18,201,9100804,,,,,,"令和８年９月１日福井市北四ツ居二丁目１３番１０号株式会社ｃａｔａｄｏｏｒ　ｐｅｒｉｏｄ（7210001019144）を合併",2015-10-05,1,,,,,"カタドル",0
2682,9210002009571,01,1,2026-10-09,2015-10-05,"有限会社南部酒造場",,302,"福井県","大野市","元町６番１０号",,18,205,9120081,,,,,,,2015-10-05,0,,,,,,0
2683,9210002009571,11,1,2026-10-09,2017-10-02,"株式会社南部酒造場",,301,"福井県","大野市","元町６番１０号",,18,205,9120081,,,,,,,2015-10-05,1,,,,,"ナンブシュゾウジョウ",0
2684,9210002012641,01,1,2026-10-09,2015-10-05,"有限会社みもく",,302,"福井県","丹生郡越前町","小倉４０号１１番地",,18,423,9160111,,,,,,,2015-10-05,1,,,,,"ミモク",0
2685,9210003002105,01,0,2026-10-09,2026-10-09,"合同会社廣瀬",,305,"福井県","勝山市","長山町１丁目２番３号",,18,206,9110031,,,,,,,2026-10-09,1,,,,,"ヒロセ",0
2686,9230001008523,01,1,2026-10-09,2015-10-05,"株式会社ビックモーター石崎",,301,"富山県","南砺市","二日町２０８５番地の２",,16,210,9391507,,,,,,,2015-10-05,1,,,,,"ビックモーターイシザキ",0
2687,9230001019735,01,1,2026-10-09,2023-03-08,"株式会社Ｇ＆Ｇホールディングス",,301,"富山県","富山市","黒瀬北町２丁目１３番地１イムズビル４Ｆ",,16,201,9398216,,,,,,,2023-03-08,0,,,,,"ジーアンドジーホールディングス",0
2688,9230001019735,71,1,2026-10-09,2024-07-31,"株式会社Ｇ＆Ｇホールディングス",,301,"富山県","富山市","黒瀬北町２丁目１３番地１イムズビル４Ｆ",,16,201,9398216,,,,,,"令和６年７月３１日東京都港区虎ノ門四丁目３番１号ＶＣ０１株式会社（3010401179958）を合併",2023-03-08,1,,,,,"ジーアンドジーホールディングス",0
2689,9230001021393,01,1,2026-10-09,2026-04-27,"日本化薬ファルマテック株式会社",,301,"富山県","富山市","婦中町板倉７５０番地",,16,201,9392721,,,,,,,2026-04-27,1,,,,,"ニホンカヤクファルマテック",0
2690,9240001062536,12,0,2026-10-09,2026-10-01,"株式会社イクチ",,301,"広島県","福山市","南今津町９２番地２",,34,207,7290115,,,,,,,2023-12-14,1,,,,,"イクチ",0
2691,9240002030277,21,0,2026-10-09,2026-10-01,"有限会社橋本モータース",,302,"広島県","三次市","江田川之内町５２５番地の２",,34,209,7296215,,,2026-10-01,01,,,2015-10-05,1,,,,,"ハシモトモータース",0
2692,9240002032744,01,1,2026-10-09,2015-10-05,"有限会社経営サービス",,302,"広島県","呉市","中央１丁目６番９号",,34,202,7370051,,,,,,,2015-10-05,1,,,,,"ケイエイサービス",0
2693,9250001005171,01,1,2026-10-09,2015-10-05,"株式会社エーチーム",,301,"山口県","下関市","長府松小田中町６番４７号",,35,201,7520935,,,,,,,2015-10-05,1,,,,,"エーチーム",0
2694,9250001015971,01,1,2026-10-09,2016-05-16,"株式会社イイダ",,301,"山口県","宇部市","大字妻崎開作７９９番地２",,35,202,7590204,,,,,,,2016-05-16,1,,,,,"イイダ",0
2695,9260001001921,01,1,2026-10-09,2015-10-05,"株式会社カワハラ",,301,"岡山県","岡山市北区","万成西町１番１９号",,33,101,7000073,,,,,,,2015-10-05,1,,,,,"カワハラ",0
2696,9260001013330,01,1,2026-10-09,2015-10-05,"株式会社近藤商工",,301,"岡山県","倉敷市","水江１０４１番地の１４",,33,202,7100802,,,,,,,2015-10-05,1,,,,,"コンドウショウコウ",0
2697,9260001039292,12,0,2026-10-09,2026-10-08,"Ｌｕｍｏｓ株式会社",,301,"岡山県","岡山市北区","高柳西町２番２６号",,33,101,7000035,,,,,,,2024-07-25,1,,,,,"ルーモス",0
2698,9260002028352,21,0,2026-10-09,2026-10-06,"有限会社コムラ",,302,"岡山県","津山市","福渡町１番地",,33,203,7080074,,,2026-10-06,01,,,2015-10-05,1,,,,,,0
2699,9260003004187,12,0,2026-10-09,2026-08-31,"合同会社ａｇ",,305,"岡山県","岡山市北区","下石井２丁目１０番８号モリノマチプラザ３Ｆ",,33,101,7000907,,,,,,,2023-02-01,1,,,,,"エージー",0
2700,9270001009534,01,0,2026-10-09,2026-10-09,"株式会社ＮＮＭ",,301,"鳥取県","鳥取市","末広温泉町３１８番地",,31,201,6800833,,,,,,,2026-10-09,1,,,,,"エヌエヌエム",0
2701,9280001009723,01,0,2026-10-09,2026-10-09,"株式会社ＨＹ‐ＬＯＧＩＣ",,301,"島根県","松江市","東津田町１２１１番地１４",,32,201,6900011,,,,,,,2026-10-09,1,,,,,"エイチワイロジック",0
2702,9290001038688,01,1,2026-10-09,2015-10-05,"株式会社ロッキーコーポレーション",,301,"福岡県","糟屋郡粕屋町","大字仲原２７６０番地の１",,40,349,8112304,,,,,,,2015-10-05,1,,,,,"ロッキーコーポレーション",0
2703,9290001074997,01,1,2026-10-09,2016-08-29,"株式会社ＫＥＮＺ",,301,"福岡県","朝倉市","来春１９３番地１",,40,228,8380069,,,,,,,2016-08-29,1,,,,,"ケンズ",0
2704,9290001085160,01,1,2026-10-09,2019-05-17,"昌盛株式会社",,301,"福岡県","福津市","内殿字牛房尺３９５番地",,40,224,8113205,,,,,,,2019-05-17,0,,,,,"ショウセイ",0
2705,9290001085160,12,1,2026-10-09,2022-10-24,"昌盛株式会社",,301,"福岡県","福津市","上西郷２０５４番地２",,40,224,8113207,,,,,,,2019-05-17,1,,,,,"ショウセイ",0
2706,9290001115669,01,0,2026-10-09,2026-10-09,"株式会社石橋電気",,301,"福岡県","筑後市","大字熊野８２７番地６４",,40,211,8330055,,,,,,,2026-10-09,1,,,,,"イシバシデンキ",0
2707,9290002046285,11,0,2026-10-09,2026-09-24,"株式会社ＥｎＬｉｎｋ",,301,"福岡県","嘉麻市","漆生１１０６番地",,40,227,8200201,,,,,,,2015-10-05,1,,,,,"エンリンク",0
2708,9290003019001,01,0,2026-10-09,2026-10-09,"合同会社ＶＩＶＩＴＥＣ",,305,"福岡県","飯塚市","横田１２２番地２",,40,205,8200044,,,,,,,2026-10-09,1,,,,,"ヴィヴィテック",0
2709,9290801024251,12,0,2026-10-09,2026-10-02,"株式会社美樹工業",,301,"福岡県","北九州市若松区","修多羅２丁目５－１０－５０５号",,40,103,8080053,,,,,,,2018-01-05,1,,,,,,0
2710,9290801025704,12,0,2026-10-09,2026-10-02,"株式会社Ｌ－Ｋ",,301,"福岡県","北九州市若松区","高須西１丁目１２番２７号",,40,103,8080146,,,,,,,2019-07-11,1,,,,,"エルケイ",0
2711,9290802012916,21,0,2026-10-09,2026-09-18,"有限会社ヒロハシ測量",,302,"福岡県","北九州市八幡東区","山路２丁目２番２６号",,40,108,8050035,,,2026-09-18,01,,,2015-10-05,1,,,,,"ヒロハシソクリョウ",0
2712,9290805009967,01,0,2026-10-09,2026-10-09,"一般社団法人御幸育成会",,399,"福岡県","北九州市若松区","大井戸町１２番８号１Ｆ",,40,103,8080033,,,,,,,2026-10-09,1,,,,,"ミユキイクセイカイ",0
2713,9310002005742,12,0,2026-10-09,2026-10-05,"有限会社安永運送",,302,"長崎県","西彼杵郡長与町","高田郷１００６番地１１７",,42,307,8512127,,,,,,,2015-10-05,1,,,,,"ヤスナガウンソウ",0
2714,9320001014611,01,1,2026-10-09,2015-12-15,"株式会社リバーサイド",,301,"大分県","別府市","大字南立石２２１８番地の２４",,44,202,8740000,,,,,,,2015-12-15,0,,,,,"リバーサイド",0
2715,9320001014611,12,1,2026-10-09,2026-10-02,"株式会社リバーサイド",,301,"大分県","別府市","南立石中津留町７番１７号",,44,202,8740839,,,,,,,2015-12-15,1,,,,,"リバーサイド",0
2716,9320001020725,12,0,2026-10-09,2026-10-02,"株式会社アズイズ",,301,"大分県","宇佐市","大字上田２５５番地",,44,211,8790453,,,,,,,2024-09-25,1,,,,,"アズイズ",0
2717,9320002021061,01,1,2026-10-09,2015-10-05,"有限会社フレンド・クサバ",,302,"大分県","中津市","中央町１丁目６番７３号",,44,203,8710024,,,,,,,2015-10-05,1,,,,,"フレンドクサバ",0
2718,9330001021037,71,0,2026-10-09,2026-10-01,"株式会社えがお",,301,"熊本県","熊本市東区","東町４丁目１０番１号",,43,102,8620901,,,,,,"令和８年１０月１日熊本市東区東町四丁目１０番１号株式会社えがお（6330001004977）を合併",2015-10-05,1,,,,,"エガオ",0
2719,9340001024187,21,0,2026-10-09,2026-10-07,"株式会社ＯＣＴＯ",,301,"鹿児島県","霧島市","国分中央３丁目７番１１号久保ビルＩ　１Ｆ",00124640,46,218,8994332,,,2026-10-07,01,,,2021-10-22,1,,,,,"オクト",0
2720,9340002007711,12,0,2026-10-09,2026-10-06,"有限会社花咲爺",,302,"鹿児島県","鹿児島市","皇徳寺台１丁目１番５号",,46,201,8910103,,,,,,,2015-10-05,1,,,,,,0
2721,9340003005342,01,0,2026-10-09,2026-10-09,"エリカエステート合同会社",,305,"鹿児島県","日置市","伊集院町妙円寺２丁目１９番地５",,46,216,8992503,,,,,,,2026-10-09,1,,,,,"エリカエステート",0
2722,9360002016545,12,0,2026-10-09,2026-09-10,"有限会社名嘉設備工業",,302,"沖縄県","浦添市","宮城３丁目４－１７",,47,208,9012126,,,,,,,2015-10-05,1,,,,,"ナカセツビコウギョウ",0
2723,9360003007345,12,0,2026-10-09,2026-10-06,"Ｇ＆Ｋ　ＩＳＨＩＧＡＫＩ合同会社",,305,"奈良県","大和郡山市","額田部北町５２６番地１４号",,29,203,6391037,,,,,,,2015-11-20,1,,,,,"ジーアンドケイイシガキ",0
2724,9360003011470,12,0,2026-10-09,2026-07-22,"合同会社Ｇｒｏｏｖｙ",,305,"沖縄県","石垣市","字真栄里４８５番地１７－４０６",,47,207,9070002,,,,,,,2021-09-27,1,,,,,"グルービー",0
2725,9360003016222,01,0,2026-10-09,2026-10-09,"合同会社琉球エビス",,305,"沖縄県","うるま市","字江洲９０番地３",,47,213,9042244,,,,,,,2026-10-09,1,,,,,"リュウキュウエビス",0
2726,9360005007475,01,0,2026-10-09,2026-10-09,"一般社団法人木の葉の会",,399,"沖縄県","中頭郡嘉手納町","字嘉手納２９７番地２",,47,325,9040203,,,,,,,2026-10-09,1,,,,,"コノハノカイ",0
2727,9370001021116,01,1,2026-10-09,2015-10-05,"株式会社ＣＶＳストリーム",,301,"宮城県","仙台市泉区","本田町３番３１号",,04,105,9813107,,,,,,,2015-10-05,1,,,,,"シーブイエスストリーム",0
2728,9370001022741,01,1,2026-10-09,2015-10-05,"株式会社シオン",,301,"宮城県","仙台市青葉区","東勝山２丁目２３番５号",,04,101,9810923,,,,,,,2015-10-05,1,,,,,"シオン",0
2729,9380001016247,01,1,2026-10-09,2015-10-05,"株式会社ＧＡＩ",,301,"宮城県","名取市","みどり台１丁目１４番地の８",,04,207,9811247,,,,,,,2015-10-05,1,,,,,"ジーエーアイ",0
2730,9380001036352,01,0,2026-10-09,2026-10-09,"株式会社永美",,301,"福島県","いわき市","常磐西郷町金山１５７番地の４",,07,204,9728316,,,,,,,2026-10-09,1,,,,,"エイビ",0
2731,9380001036360,01,0,2026-10-09,2026-10-09,"住まいＣＬＯＵＤ株式会社",,301,"福島県","福島市","曽根田町７番１８号シティマンション曽根田１０６",,07,201,9608051,,,,,,,2026-10-09,1,,,,,"スマイクラウド",0
2732,9380002016279,01,1,2026-10-09,2015-10-05,"有限会社佐藤鉄筋工業",,302,"福島県","二本松市","小沢字原７２番地",,07,210,9691513,,,,,,,2015-10-05,1,,,,,"サトウテッキンコウギョウ",0
2733,9380002028885,21,0,2026-10-09,2026-10-05,"有限会社中川木材",,302,"福島県","南相馬市","原町区中太田字天狗田９５番地の２５",,07,212,9750052,,,2026-10-05,01,,,2015-10-05,1,,,,,"ナカガワモクザイ",0
2734,9410002010889,01,1,2026-10-09,2015-10-05,"有限会社茂内種苗",,302,"秋田県","能代市","二ツ井町種字喜左エ門沢出口２３５番地１",,05,202,0183132,,,,,,,2015-10-05,1,,,,,"シゲナイシュビョウ",0
2735,9420001019220,01,1,2026-10-09,2025-08-01,"株式会社Ｂｌｏｏｍａｒｋ",,301,"青森県","青森市","本町２丁目１０番６号",,02,201,0300802,,,,,,,2025-08-01,1,,,,,,0
2736,9420003003362,01,0,2026-10-09,2026-10-09,"合同会社ＳＨＵＮ‐ＭＥＩ",,305,"青森県","青森市","大字新城字平岡１６０番地８４９",,02,201,0380042,,,,,,,2026-10-09,1,,,,,"シュンメイ",0
2737,9430001014204,01,1,2026-10-09,2015-10-05,"株式会社フオートガニソン",,301,"北海道","札幌市西区","福井３丁目１２番２４号",,01,107,0630012,,,,,,,2015-10-05,1,,,,,"フォートガニソン",0
2738,9430001053581,21,0,2026-10-09,2026-10-05,"株式会社ノーザンマリン",,301,"北海道","苫小牧市","晴海町４３番地１",,01,213,0591374,,,2026-10-05,01,,,2015-10-05,1,,,,,"ノーザンマリン",0
2739,9430001056015,01,1,2026-10-09,2015-10-05,"株式会社カトウ塗装",,301,"北海道","岩見沢市","北本町東７丁目６番３号",,01,210,0680057,,,,,,,2015-10-05,1,,,,,"カトウトソウ",0
2740,9430001075857,71,0,2026-10-09,2026-10-01,"株式会社鎌ダホールディングス",,301,"北海道","札幌市白石区","平和通７丁目北１４番２２号",,01,104,0030029,,,,,,"令和８年１０月１日札幌市西区発寒一条三丁目４番５号ハシモトビル１階株式会社Ｋライフサポート（6430001083672）を合併",2018-02-06,1,,,,,"カマダホールディングス",0
2741,9430001081715,12,0,2026-10-09,2026-10-05,"株式会社ＺＥＮ",,301,"北海道","札幌市東区","中沼西四条１丁目５番１４号",,01,103,0070894,,,,,,,2020-06-17,1,,,,,"ゼン",0
2742,9430003019523,01,0,2026-10-09,2026-10-09,"合同会社日下工務店",,305,"北海道","札幌市手稲区","前田七条８丁目９番１号",,01,109,0060817,,,,,,,2026-10-09,1,,,,,"クサカコウムテン",0
2743,9430005004234,12,0,2026-10-09,2026-10-05,"協同組合ＧＲＥＥＮ",,399,"北海道","札幌市手稲区","新発寒七条７丁目２番１号",,01,109,0060807,,,,,,,2015-10-05,1,,,,,"グリーン",0
2744,9450001015076,01,0,2026-10-09,2026-10-09,"株式会社結音",,301,"北海道","雨竜郡北竜町","字和６番地６",,01,437,0782512,,,,,,,2026-10-09,1,,,,,"ユイネ",0
2745,9460102006188,01,1,2026-10-09,2015-10-05,"有限会社佐々木牧場",,302,"北海道","中川郡本別町","美里別４３０番地６",,01,646,0893300,,,,,,,2015-10-05,1,,,,,"ササキボクジョウ",0
2746,9470005004180,01,1,2026-10-09,2015-10-05,"般若寺",,399,"香川県","三豊市","山本町２３２３番地",,37,208,7670000,,,,,,,2015-10-05,1,,,,,"ハンニャジ",0
2747,9480001009918,12,0,2026-10-09,2026-10-02,"平岡工業所株式会社",,301,"徳島県","鳴門市","大津町木津野字野神ノ越１１１番地１",,36,202,7720031,,,,,,,2017-02-14,1,,,,,"ヒラオカコウギョウショ",0
2748,9500002011011,01,1,2026-10-09,2015-10-05,"有限会社エステート・カネキ",,302,"愛媛県","東温市","横河原３５５番地１１０",,38,215,7910203,,,,,,,2015-10-05,0,,,,,"エステートカネキ",0
2749,9500002011011,12,1,2026-10-09,2026-10-05,"有限会社エステート・カネキ",,302,"愛媛県","東温市","横河原３４８番地",,38,215,7910203,,,,,,,2015-10-05,1,,,,,"エステートカネキ",0
2750,9500002021051,21,0,2026-10-09,2026-10-07,"有限会社オモト加工",,302,"愛媛県","四国中央市","村松町４４５番地３",,38,213,7990401,,,2026-10-07,01,,,2015-10-05,1,,,,,,0
