1,1010001082028,12,0,2026-10-06,2026-10-02,"株式会社パルシステム電力",,301,"東京都","千代田区","神田神保町１丁目２８番地１",,13,101,1010051,,,,,,,2015-10-05,1,,,,,"パルシステムデンリョク",0
2,1010001140537,21,0,2026-10-06,2026-09-29,"パーパススマートパワー株式会社",,301,"静岡県","富士市","西柏原新田２０１番地",,22,210,4170834,,,2026-09-29,01,,,2015-10-05,1,,,,,"パーパススマートパワー",0
3,1010001232499,12,0,2026-10-06,2026-10-02,"株式会社ブライトクリエーション",,301,"東京都","新宿区","早稲田鶴巻町５４６番地新滝沢ビル３０１号室",,13,104,1620041,,,,,,,2023-02-02,1,,,,,"ブライトクリエーション",0
4,1010001268782,01,0,2026-10-06,2026-10-06,"ＨＫ　Ｃｏｎｓｕｌｔｉｎｇ　Ｇｒｏｕｐ株式会社",,301,"東京都","千代田区","丸の内１丁目８番３号丸の内トラストタワー本館２０階",,13,101,1000005,,,,,,,2026-10-06,1,,,,,"エイチケーコンサルティンググループ",0
5,1010001269252,01,0,2026-10-06,2026-10-06,"株式会社ＭＭオーシャンズ",,301,"東京都","千代田区","麹町２丁目３番地９麹町プレイス５Ｆ",,13,101,1020083,,,,,,,2026-10-06,1,,,,,"エムエムオーシャンズ",0
6,1010001269293,01,0,2026-10-06,2026-10-06,"株式会社鈴和",,301,"東京都","千代田区","神田佐久間河岸７８号地６",,13,101,1010026,,,,,,,2026-10-06,1,,,,,"スズワ",0
7,1010002024045,12,0,2026-10-06,2026-10-02,"日比谷商事有限会社",,302,"東京都","荒川区","南千住７丁目１８－５",,13,118,1160003,,,,,,,2015-10-05,1,,,,,"ヒビヤショウジ",0
8,1010003052805,01,0,2026-10-06,2026-10-06,"合同会社ＳＵＤＯＭＩＮＤ",,305,"東京都","千代田区","神田須田町２丁目２５ＧＹＢ秋葉原４Ｆ・５Ｆ",,13,101,1010041,,,,,,,2026-10-06,1,,,,,"スドーマインド",0
9,1010003052879,01,0,2026-10-06,2026-10-06,"合同会社メグローズ",,305,"東京都","中央区","銀座１丁目１２番４号Ｎ＆ＥＢＬＤ．６Ｆ",,13,102,1040061,,,,,,,2026-10-06,1,,,,,"メグローズ",0
10,1010003052937,01,0,2026-10-06,2026-10-06,"神宮前インベストメント合同会社",,305,"東京都","中央区","日本橋１丁目４番１号",,13,102,1030027,,,,,,,2026-10-06,1,,,,,"ジングウマエインベストメント",0
11,1010005021171,12,0,2026-10-06,2026-09-01,"デジタル大阪１特定目的会社",,399,"東京都","中央区","新富１丁目１８番８号ジパングアウトソーシングサービス株式会社内",,13,102,1040041,,,,,,,2015-10-05,1,,,,,"デジタルオオサカワン",0
12,1010005035634,21,0,2026-10-06,2026-09-03,"一般社団法人エルインベストメント",,399,"東京都","千代田区","神田神保町１丁目１１番地さくら綜合事務所内",,13,101,1010051,,,2026-09-03,01,,,2022-10-06,1,,,,,"エルインベストメント",0
13,1010005037044,12,0,2026-10-06,2026-09-01,"デジタル大阪６特定目的会社",,399,"東京都","中央区","新富１丁目１８番８号ジパングアウトソーシングサービス株式会社内",,13,102,1040041,,,,,,,2023-08-04,1,,,,,"デジタルオオサカシックス",0
14,1010005038380,01,1,2026-10-06,2024-06-07,"一般社団法人人を大切にする経営学会",,399,"東京都","千代田区","九段北１丁目１５－１５瑞鳥ビル別館",,13,101,1020073,,,,,,,2024-06-07,0,,,,,"ヒトヲタイセツニスルケイエイガッガイ",0
15,1010005038380,12,1,2026-10-06,2025-05-20,"一般社団法人人を大切にする経営学会",,399,"東京都","千代田区","一ツ橋２丁目６－２日本教育会館２階",,13,101,1010003,,,,,,,2024-06-07,0,,,,,"ヒトヲタイセツニスルケイエイガッガイ",0
16,1010005038380,71,1,2026-10-06,2025-09-03,"一般社団法人人を大切にする経営学会",,399,"東京都","千代田区","一ツ橋２丁目６－２日本教育会館２階",,13,101,1010003,,,,,,"令和７年９月１日東京都千代田区九段北一丁目１５番１５号瑞鳥ビル２階一般社団法人人を大切にする経営研究所（5010005020046）を合併",2024-06-07,1,,,,,"ヒトヲタイセツニスルケイエイガッガイ",0
17,1010005042366,01,0,2026-10-06,2026-10-06,"一般社団法人日本精神神経薬理学会連合",,399,"東京都","千代田区","一ツ橋２丁目４番４号一ツ橋別館４階",,13,101,1010003,,,,,,,2026-10-06,1,,,,,"ニホンセイシンシンケイヤクリガッカイレンゴウ",0
18,1010005042531,01,0,2026-10-06,2026-10-06,"神宮前インベストメント一般社団法人",,399,"東京都","中央区","日本橋１丁目４番１号",,13,102,1030027,,,,,,,2026-10-06,1,,,,,"ジングウマエインベストメント",0
19,1010101017429,01,0,2026-10-06,2026-10-06,"株式会社ＳＡＫＩＫＵ",,301,"東京都","八王子市","東浅川町５６３番地１５",,13,201,1930834,,,,,,,2026-10-06,1,,,,,"サキク",0
20,1010401036789,12,0,2026-10-06,2026-09-02,"株式会社ピー・エム・ワークス",,301,"東京都","港区","西新橋３丁目１４番５号エラスムス虎ノ門",,13,103,1050003,,,,,,,2015-10-05,1,,,,,,0
21,1010401136036,12,0,2026-10-06,2026-09-24,"株式会社Ａｆｆｏｒｄ",,301,"東京都","豊島区","東池袋２丁目６２番８号ＢＩＧオフィスプラザ池袋１２０６",,13,116,1700013,,,,,,,2018-01-19,1,,,,,"アフォード",0
22,1010401202572,01,0,2026-10-06,2026-10-06,"アジュールエデン株式会社",,301,"東京都","港区","六本木２丁目１番１９号Ｓ－Ｂｕｉｌｄｉｎｇ３階",,13,103,1060032,,,,,,,2026-10-06,1,,,,,"アジュールエデン",0
23,1010401202589,01,0,2026-10-06,2026-10-06,"株式会社Ｒｅｉｗａ　Ｆｉｎａｎｃｅ",,301,"東京都","港区","虎ノ門２丁目６番１号虎ノ門ヒルズステーションタワー１７階",,13,103,1050001,,,,,,,2026-10-06,1,,,,,"レイワファイナンス",0
24,1010401202688,01,0,2026-10-06,2026-10-06,"株式会社Ｔ＆ＰＡＲＴＮＥＲＳ",,301,"東京都","港区","南青山３丁目１番３６号丸竹ビル６Ｆ",,13,103,1070062,,,,,,,2026-10-06,1,,,,,"ティーアンドパートナーズ",0
25,1010403012739,12,0,2026-10-06,2026-09-24,"株式会社Ｙｏｕｒｓ",,301,"東京都","渋谷区","渋谷２丁目１９番１５号宮益坂ビルディング４階",,13,113,1500002,,,,,,,2015-10-05,1,,,,,"ユアーズ",0
26,1010403039311,01,0,2026-10-06,2026-10-06,"ＡｉｒＴｒｕｎｋ　ＴＯＫ３Ｄ合同会社",,305,"東京都","港区","六本木６丁目１０番１号六本木ヒルズ森タワー",,13,103,1060032,,,,,,,2026-10-06,1,,,,,"エアトランクトックスリーディー",0
27,1010501054286,12,0,2026-10-06,2026-10-02,"株式会社申力商会",,301,"東京都","練馬区","豊玉北５丁目１５番１４号共栄ビル５０１号室",,13,120,1760012,,,,,,,2025-06-27,1,,,,,"シンリキショウカイ",0
28,1010501056539,01,0,2026-10-06,2026-10-06,"株式会社ＴＥＯＲＡ",,301,"東京都","台東区","台東１丁目３７番７号リプレザント秋葉原２０１",,13,106,1100016,,,,,,,2026-10-06,1,,,,,"テオラ",0
29,1010701050234,01,0,2026-10-06,2026-10-06,"Ｍｉｌｌｉｅｙｅ株式会社",,301,"東京都","品川区","大崎１丁目２０－８ＩＮＯビル大崎６０１",,13,109,1410032,,,,,,,2026-10-06,1,,,,,"ミライ",0
30,1010801001715,01,1,2026-10-06,2015-10-05,"株式会社エポゾール",,301,"東京都","大田区","大森東４丁目４３番１０号",,13,111,1430012,,,,,,,2015-10-05,1,,,,,"エポゾール",0
31,1010801037783,01,0,2026-10-06,2026-10-06,"株式会社ＨＭＮホールディングス",,301,"東京都","大田区","東雪谷２丁目２番１０号",,13,111,1450065,,,,,,,2026-10-06,1,,,,,"エイチエムエヌホールディングス",0
32,1010801037791,01,0,2026-10-06,2026-10-06,"株式会社シン・インフラシーケンス",,301,"東京都","大田区","千鳥２丁目３１番７号",,13,111,1460083,,,,,,,2026-10-06,1,,,,,"シンインフラシーケンス",0
33,1010802008404,01,1,2026-10-06,2015-10-05,"有限会社大建土木",,302,"東京都","大田区","南蒲田３丁目４番９号",,13,111,1440035,,,,,,,2015-10-05,1,,,,,"タイケンドボク",0
34,1010803005994,01,0,2026-10-06,2026-10-06,"合同会社ＬＩＢＬＡ",,305,"東京都","大田区","南馬込４丁目１７‐１７",,13,111,1430025,,,,,,,2026-10-06,1,,,,,"リブラ",0
35,1010901039143,01,1,2026-10-06,2016-11-30,"株式会社ビリーヴ・ジャパン",,301,"東京都","世田谷区","北烏山９丁目２１番１０号",,13,112,1570061,,,,,,,2016-11-30,0,,,,,"ビリーヴジャパン",0
36,1010901039143,12,1,2026-10-06,2016-12-05,"株式会社ビリーヴ・ジャパン",,301,"東京都","世田谷区","南烏山５丁目２０番９号",,13,112,1570062,,,,,,,2016-11-30,1,,,,,"ビリーヴジャパン",0
37,1010901060363,01,0,2026-10-06,2026-10-06,"株式会社ＬｕｃｋｙＴａｂｌｅ",,301,"東京都","世田谷区","梅丘１丁目２４番１３号アーバン梅丘１階",,13,112,1540022,,,,,,,2026-10-06,1,,,,,"ラッキーテーブル",0
38,1010903011199,01,0,2026-10-06,2026-10-06,"荒嶋アセット合同会社",,305,"東京都","世田谷区","砧８丁目２６番２９号",,13,112,1570073,,,,,,,2026-10-06,1,,,,,"アラシマアセット",0
39,1011001128992,12,0,2026-10-06,2026-09-08,"株式会社ＪＮ－ＯＮＥ",,301,"東京都","目黒区","南１丁目８番６号",,13,110,1520013,,,,,,,2019-07-16,1,,,,,"ジェイエヌワン",0
40,1011001177346,12,0,2026-10-06,2026-10-01,"株式会社Ｂｌｏｏｍ",,301,"神奈川県","横浜市都筑区","北山田１丁目２番１号",,14,118,2240021,,,,,,,2026-05-01,1,,,,,"ブルーム",0
41,1011001180548,01,0,2026-10-06,2026-10-06,"Ａｒｔｓ株式会社",,301,"東京都","目黒区","青葉台１丁目２３番５号",,13,110,1530042,,,,,,,2026-10-06,1,,,,,"アーツ",0
42,1011001180746,01,0,2026-10-06,2026-10-06,"株式会社ＳＰホールディングス",,301,"東京都","渋谷区","神宮前３丁目３７番１－２０２号ザ・神宮前レジデンス",,13,113,1500001,,,,,,,2026-10-06,1,,,,,"サマプロホールディングス",0
43,1011001180837,01,0,2026-10-06,2026-10-06,"ＨＥＮＮＧＥ　ＡＩ株式会社",,301,"東京都","渋谷区","南平台町１６番２８号",,13,113,1500036,,,,,,,2026-10-06,1,,,,,"ヘンゲエーアイ",0
44,1011003025387,01,0,2026-10-06,2026-10-06,"合同会社沓掛",,305,"東京都","渋谷区","恵比寿１丁目２３番１５号ルモンド恵比寿７０６",,13,113,1500013,,,,,,,2026-10-06,1,,,,,"クツカケ",0
45,1011101075887,12,0,2026-10-06,2026-10-02,"株式会社パルシステム発電",,301,"東京都","千代田区","神田神保町１丁目２８番地１",,13,101,1010051,,,,,,,2016-02-05,1,,,,,"パルシステムハツデン",0
46,1011101100380,12,0,2026-10-06,2026-09-28,"ＭＡＲＬＥ　ＩＮＦＩＮＩＴ株式会社",,301,"大分県","大分市","高松１丁目７番８号",,44,201,8700917,,,,,,,2022-10-05,1,,,,,"マールインフィニット",0
47,1011101100653,12,0,2026-10-06,2026-10-02,"株式会社ＭａＹ‐Ｗ",,301,"東京都","新宿区","北新宿１丁目２２番７号マック新宿コート３０９号",,13,104,1690074,,,,,,,2022-10-27,1,,,,,"メイダブリュー",0
48,1011101117581,01,0,2026-10-06,2026-10-06,"株式会社レイヴィア",,301,"東京都","新宿区","上落合２丁目２７番１号",,13,104,1610034,,,,,,,2026-10-06,1,,,,,"レイヴィア",0
49,1011101117672,01,0,2026-10-06,2026-10-06,"株式会社Ｓｐｒｉｎｇ",,301,"東京都","新宿区","四谷１丁目２０番地岩井第一ビル",,13,104,1600004,,,,,,,2026-10-06,1,,,,,"スプリング",0
50,1011101117680,01,0,2026-10-06,2026-10-06,"株式会社ＭＡＣＨＩＴＯ",,301,"東京都","新宿区","赤城元町１番１０－１０７号",,13,104,1620817,,,,,,,2026-10-06,1,,,,,"マチト",0
51,1011203005107,01,0,2026-10-06,2026-10-06,"合同会社エイオウコーポレーション",,305,"東京都","中野区","本町２丁目１１番５号",,13,114,1640012,,,,,,,2026-10-06,1,,,,,"エイオウコーポレーション",0
52,1011301025683,11,0,2026-10-06,2026-09-30,"株式会社ＨＩＫＡＲＩ　ＰＯＷＥＲ",,301,"東京都","杉並区","成田東２丁目２１番１９号",,13,115,1660015,,,,,,,2020-02-10,1,,,,,"ヒカリパワー",0
53,1011303006145,01,0,2026-10-06,2026-10-06,"リベルタスペース合同会社",,305,"東京都","杉並区","成田東５丁目１９番地４",,13,115,1660015,,,,,,,2026-10-06,1,,,,,"リベルタスペース",0
54,1011402006483,12,0,2026-10-06,2026-10-01,"有限会社富藤",,302,"東京都","板橋区","東山町１４番１号ザ・ステイツ常盤台東山コモンズ２０１",,13,119,1740073,,,,,,,2015-10-05,1,,,,,"トミフジ",0
55,1011501033783,01,0,2026-10-06,2026-10-06,"株式会社一水ホールディングス",,301,"東京都","北区","浮間３丁目７番２号",,13,117,1150051,,,,,,,2026-10-06,1,,,,,"イッスイホールディングス",0
56,1011503007109,01,0,2026-10-06,2026-10-06,"合同会社シープサワ",,305,"東京都","北区","西ケ原４丁目３９－１",,13,117,1140024,,,,,,,2026-10-06,1,,,,,"シープサワ",0
57,1011505002784,01,0,2026-10-06,2026-10-06,"一般社団法人心生",,399,"東京都","北区","赤羽１丁目７－９赤羽第一葉山ビル４Ｆ",,13,117,1150045,,,,,,,2026-10-06,1,,,,,"ココロイキ",0
58,1011601029905,01,0,2026-10-06,2026-10-06,"株式会社ＤＲＡＦＴ　ＯＮＥ",,301,"東京都","練馬区","氷川台４丁目４８番１９号",,13,120,1790084,,,,,,,2026-10-06,1,,,,,"ドラフトワン",0
59,1011601029921,01,0,2026-10-06,2026-10-06,"株式会社アステリア",,301,"東京都","練馬区","東大泉７丁目４５番１号",,13,120,1780063,,,,,,,2026-10-06,1,,,,,"アステリア",0
60,1011703004748,01,0,2026-10-06,2026-10-06,"合同会社Ｎアレンジメント",,305,"東京都","江戸川区","北小岩２丁目６－１サニーハイム小岩１０３",,13,123,1330051,,,,,,,2026-10-06,1,,,,,"エヌアレンジメント",0
61,1011801021620,21,0,2026-10-06,2026-09-25,"本町物流株式会社",,301,"東京都","足立区","中央本町１丁目２番１１号",,13,121,1200011,,,2026-09-25,01,,,2015-10-05,1,,,,,"ホンチョウブツリュウ",0
62,1011801043953,12,0,2026-10-06,2026-09-18,"株式会社張本工務店",,301,"東京都","足立区","花畑７丁目１８番８号",,13,121,1210061,,,,,,,2024-03-22,1,,,,,"ハリモトコウムテン",0
63,1011802008055,01,1,2026-10-06,2015-10-05,"有限会社山口屋酒店",,302,"東京都","葛飾区","東新小岩７丁目３０番１２号",,13,122,1240023,,,,,,,2015-10-05,1,,,,,"ヤマグチヤサケテン",0
64,1011803000218,21,0,2026-10-06,2026-09-29,"合資会社木村商店",,304,"東京都","葛飾区","亀有３丁目２０番８号",,13,122,1250061,,,2026-09-29,01,,,2015-10-05,1,,,,,"キムラショウテン",0
65,1012301015014,01,0,2026-10-06,2026-10-06,"株式会社さきわう",,301,"東京都","町田市","南つくし野２丁目２８番地８",,13,209,1940002,,,,,,,2026-10-06,1,,,,,"サキワウ",0
66,1012401044945,01,0,2026-10-06,2026-10-06,"株式会社Ｙｕｎｏ　Ｍｕｓｉｃ",,301,"東京都","武蔵野市","関前２丁目２９番６号",,13,203,1800014,,,,,,,2026-10-06,1,,,,,"ユーノミュージック",0
67,1012403008007,01,0,2026-10-06,2026-10-06,"合同会社Ｃｈａｐｔｅｒ",,305,"東京都","三鷹市","下連雀７丁目１３番９－５０１号",,13,204,1810013,,,,,,,2026-10-06,1,,,,,"チャプター",0
68,1012405004763,12,0,2026-10-06,2026-09-16,"一般社団法人この花舎",,399,"東京都","府中市","宮西町５丁目６番２号アローランドマンション２０３",,13,206,1830022,,,,,,,2022-07-20,1,,,,,"コノハナシャ",0
69,1012701000879,01,1,2026-10-06,2015-10-05,"株式会社福井建水工業",,301,"東京都","小平市","花小金井南町２丁目９番２６号",,13,211,1870003,,,,,,,2015-10-05,1,,,,,"フクイケンスイコウギョウ",0
70,1012701007701,21,0,2026-10-06,2026-09-29,"株式会社コミュニケーションプロフェッショナルズ",,301,"東京都","東村山市","萩山町１丁目２１番地７",,13,213,1890012,,,2026-09-29,01,,,2015-10-05,1,,,,,"コミュニケーションプロフェッショナルズ",0
71,1012701015464,12,0,2026-10-06,2026-09-28,"株式会社エターク",,301,"大分県","大分市","高松１丁目７番８号",,44,201,8700917,,,,,,,2019-08-06,1,,,,,"エターク",0
72,1012803004217,01,0,2026-10-06,2026-10-06,"合同会社ＦＴＳ",,305,"東京都","立川市","錦町２丁目１－２５立川孔明ビル４階",,13,202,1900022,,,,,,,2026-10-06,1,,,,,"エフティーエス",0
73,1013301051016,01,1,2026-10-06,2023-07-07,"株式会社ＺＥＮＢ　ＭＡＲＫＥＴＩＮＧ",,301,"東京都","豊島区","池袋２丁目４０番１３号",,13,116,1710014,,,,,,,2023-07-07,0,,,,,"ゼンブマーケティング",0
74,1013301051016,11,1,2026-10-06,2024-08-19,"株式会社ＺＥＮＢ　ＤＩＲＥＣＴ",,301,"東京都","豊島区","池袋２丁目４０番１３号",,13,116,1710014,,,,,,,2023-07-07,0,,,,,"ゼンブダイレクト",0
75,1013301051016,11,1,2026-10-06,2024-10-16,"株式会社風林火山マネジメント",,301,"東京都","豊島区","池袋２丁目４０番１３号",,13,116,1710014,,,,,,,2023-07-07,0,,,,,"フウリンカザンマネジメント",0
76,1013301051016,11,1,2026-10-06,2025-07-18,"株式会社ＺＥＮＢ　ＮＥＸＴ",,301,"東京都","豊島区","池袋２丁目４０番１３号",,13,116,1710014,,,,,,,2023-07-07,0,,,,,"ゼンブネクスト",0
77,1013301051016,11,1,2026-10-06,2026-09-04,"株式会社ＺＥＮＢＩＳ",,301,"東京都","豊島区","池袋２丁目４０番１３号",,13,116,1710014,,,,,,,2023-07-07,1,,,,,"ゼンビス",0
78,1020001085624,12,0,2026-10-06,2026-10-01,"株式会社アクセンティア",,301,"長野県","安曇野市","穂高１９７０番地１０",,20,220,3998303,,,,,,,2015-10-05,1,,,,,"アクセンティア",0
79,1020001166457,12,0,2026-10-06,2026-09-29,"株式会社Ｒｅ　Ｈｕｎｔｅｄ",,301,"群馬県","桐生市","末広町６－２９丸川ビル１階Ｅ号室",,10,203,3760045,,,,,,,2025-12-26,1,,,,,"リハンテッド",0
80,1020001168742,12,0,2026-10-06,2026-09-16,"株式会社アールエーリンクス",,301,"神奈川県","川崎市宮前区","東有馬５丁目３９番８号－１０１",,14,136,2160002,,,,,,,2026-05-26,1,,,,,"アールエーリンクス",0
81,1020001170665,01,0,2026-10-06,2026-10-06,"株式会社ＴＥＣＴ電気",,301,"神奈川県","横浜市青葉区","青葉台１丁目５番地４青葉台サンクスビル３Ｆ",,14,117,2270062,,,,,,,2026-10-06,1,,,,,"テクトデンキ",0
82,1020001170723,01,0,2026-10-06,2026-10-06,"株式会社ＡＵＲＥＡ　ＲＥＳＯＲＴＳ",,301,"神奈川県","横浜市栄区","飯島町５３２番地４６",,14,115,2440842,,,,,,,2026-10-06,1,,,,,"アウレアリゾート",0
83,1020002029761,01,1,2026-10-06,2015-10-05,"有限会社源藏",,302,"神奈川県","横浜市南区","井土ケ谷中町１６１番地",,14,105,2320052,,,,,,,2015-10-05,1,,,,,"ゲンゾウ",0
84,1020002050866,12,0,2026-10-06,2026-09-16,"有限会社上大岡サービス",,302,"神奈川県","横浜市南区","別所中里台１６番１３号",,14,105,2320065,,,,,,,2015-10-05,1,,,,,"カミオオオカサービス",0
85,1020002060403,01,1,2026-10-06,2015-10-05,"有限会社印刷機材貿易",,302,"神奈川県","横浜市金沢区","並木１丁目１７番１４－７０１号",,14,108,2360005,,,,,,,2015-10-05,1,,,,,"インサツキザイボウエキ",0
86,1021001049321,01,1,2026-10-06,2015-10-05,"株式会社リソウ",,301,"神奈川県","相模原市南区","磯部１１５１番地１３",,14,153,2520327,,,,,,,2015-10-05,0,,,,,"リソウ",0
87,1021001049321,12,1,2026-10-06,2026-09-14,"株式会社リソウ",,301,"神奈川県","相模原市南区","相武台団地１丁目６番３ー４１号",,14,153,2520323,,,,,,,2015-10-05,1,,,,,"リソウ",0
88,1021001073809,01,1,2026-10-06,2021-09-01,"株式会社明豊測量サービス",,301,"神奈川県","藤沢市","石川１丁目２番地の２１",,14,205,2520815,,,,,,,2021-09-01,1,,,,,"メイホウソクリョウサービス",0
89,1021001089193,01,0,2026-10-06,2026-10-06,"株式会社Ｙ＆Ｒ",,301,"神奈川県","鎌倉市","玉縄２丁目１番地１２",,14,204,2470071,,,,,,,2026-10-06,1,,,,,"ワイアンドアール",0
90,1021001089292,01,0,2026-10-06,2026-10-06,"Ｒｅｓｔａｒｔｏｒｙ　Ｄｅｓｉｇｎ株式会社",,301,"神奈川県","藤沢市","石川４３番地の３",,14,205,2520815,,,,,,,2026-10-06,1,,,,,"リスタートリーデザイン",0
91,1021003011205,11,0,2026-10-06,2026-09-16,"Ｅｑｕｉｎｏｘ　Ｐａｒｔｎｅｒｓ株式会社",,301,"神奈川県","藤沢市","鵠沼石上２丁目５番１号湘南鵠沼ＢＬＤ３階Ｃ号室",,14,205,2510025,,,,,,,2021-12-20,1,,,,,"イクイノックスパートナーズ",0
92,1030001018509,01,1,2026-10-06,2015-10-05,"三田中工業株式会社",,301,"埼玉県","蓮田市","桜台３丁目７番１０号",,11,238,3490113,,,,,,,2015-10-05,0,,,,,"ミタナカコウギョウ",0
93,1030001018509,12,1,2026-10-06,2017-07-27,"三田中工業株式会社",,301,"埼玉県","蓮田市","大字黒浜２９７５番地２",,11,238,3490101,,,,,,,2015-10-05,1,,,,,"ミタナカコウギョウ",0
94,1030001022972,71,0,2026-10-06,2026-10-01,"株式会社愛粧堂",,301,"東京都","台東区","東上野１丁目１４番５号ユーエムビル７Ｆ",,13,106,1100015,,,,,,"令和８年１０月１日東京都台東区東上野一丁目１４番５号ユーエムビル７Ｆ株式会社リョウインターナショナル（3030001021320）を合併",2015-10-05,1,,,,,"アイショウドウ",0
95,1030001029506,12,0,2026-10-06,2026-09-18,"紹榮Ｌｉｆｅ株式会社",,301,"埼玉県","さいたま市大宮区","大門町３丁目１４３番地１大宮中央パーク・ホームズ６０２号",,11,103,3300846,,,,,,,2015-10-05,1,,,,,"ショウエイライフ",0
96,1030001110001,11,0,2026-10-06,2026-09-25,"株式会社ソフィアハーベスト",,301,"埼玉県","熊谷市","善ヶ島８９７番地",,11,202,3600211,,,,,,,2015-10-05,1,,,,,"ソフィアハーベスト",0
97,1030001116188,01,1,2026-10-06,2016-09-09,"株式会社コウエイ",,301,"埼玉県","白岡市","小久喜９２６番地１ウェールＩＩ－１０３",00107799,11,246,3490217,,,,,,,2016-09-09,1,,,,,"コウエイ",0
98,1030001127441,12,0,2026-10-06,2026-09-28,"株式会社ランドニッチ東京",,301,"東京都","足立区","島根１丁目２番２７号",,13,121,1210815,,,,,,,2018-09-20,1,,,,,"ランドニッチトウキョウ",0
99,1030001174467,01,0,2026-10-06,2026-10-06,"株式会社ＦＩＶＥＳＴＡＲ",,301,"埼玉県","和光市","本町３１番３－３０３号",,11,229,3510114,,,,,,,2026-10-06,1,,,,,"ファイブスター",0
100,1030001174525,01,0,2026-10-06,2026-10-06,"株式会社Ｏｐｔｘｃａｒｅ",,301,"埼玉県","さいたま市中央区","本町西４丁目１２番地１６イージスワン３０１号室",,11,105,3380004,,,,,,,2026-10-06,1,,,,,"オプトケア",0
101,1030002020257,12,0,2026-10-06,2026-09-17,"有限会社Ｇ１プロジェクト",,302,"埼玉県","川口市","坂下町３丁目３４番１４号",,11,203,3340003,,,,,,,2015-10-05,1,,,,,"ジーワンプロジェクト",0
102,1030002083915,22,0,2026-10-06,2026-09-11,"有限会社三丸物産",,302,"埼玉県","鴻巣市","南１丁目２２番９号",,11,217,3690122,,,,,,,2015-10-05,1,,,,,"ミツマルブッサン",0
103,1030002086265,01,1,2026-10-06,2015-10-05,"有限会社三豊建設",,302,"埼玉県","越谷市","大字下間久里１０６５番地１",,11,222,3430045,,,,,,,2015-10-05,1,,,,,"サンポウケンセツ",0
104,1030003005629,01,1,2026-10-06,2015-10-05,"合同会社創建リフォーム",,305,"埼玉県","草加市","両新田西町１７１番地８",,11,221,3400027,,,,,,,2015-10-05,1,,,,,"ソウケンリフォーム",0
105,1030003023721,12,0,2026-10-06,2026-09-29,"合同会社ＬＳＰ",,305,"茨城県","古河市","上辺見２９８５－２プラティーヌ古河１０１",,08,204,3060234,,,,,,,2024-03-15,1,,,,,"エルエスピー",0
106,1030003026105,11,0,2026-10-06,2026-09-14,"株式会社ステップ",,301,"埼玉県","羽生市","北１丁目１０番３９号",,11,216,3480057,,,,,,,2025-02-13,1,,,,,"ステップ",0
107,1030003030057,01,0,2026-10-06,2026-10-06,"エアラボ合同会社",,305,"埼玉県","戸田市","笹目５丁目３５番地の５４",,11,224,3350034,,,,,,,2026-10-06,1,,,,,"エアラボ",0
108,1040001016164,01,1,2026-10-06,2015-10-05,"株式会社ハイテク研究所",,301,"千葉県","千葉市若葉区","若松町５３１番地１５１",,12,104,2640021,,,,,,,2015-10-05,1,,,,,"ハイテクケンキュウジョ",0
109,1040001055385,01,1,2026-10-06,2015-10-05,"株式会社榊原ビジネスサービス",00019231,301,"千葉県","市原市","姉崎西２丁目１番地１",,12,219,2990119,,,,,,,2015-10-05,1,,,,,"サカキバラビジネスサービス",0
110,1040001145582,01,0,2026-10-06,2026-10-06,"株式会社Ｍｉｎｏｒｉｅ",,301,"千葉県","千葉市稲毛区","弥生町１番３３号",,12,103,2630022,,,,,,,2026-10-06,1,,,,,"ミノリエ",0
111,1040003030808,01,0,2026-10-06,2026-10-06,"合同会社ＧｒｅｅｎＣｒｅｓｔ",,305,"千葉県","千葉市中央区","富士見２丁目７番９号",,12,101,2600015,,,,,,,2026-10-06,1,,,,,"グリーンクレスト",0
112,1050001021064,01,1,2026-10-06,2015-10-05,"株式会社利八",,301,"茨城県","神栖市","波崎４７００番地",,08,232,3140408,,,,,,,2015-10-05,1,,,,,"リハチ",0
113,1050001058973,01,0,2026-10-06,2026-10-06,"株式会社ちばらきコンサルティング",,301,"茨城県","取手市","新町１丁目９番１号",,08,217,3020024,,,,,,,2026-10-06,1,,,,,"チバラキコンサルティング",0
114,1050002012896,01,1,2026-10-06,2015-10-05,"有限会社緑心造園",,302,"茨城県","稲敷郡阿見町","大字実穀１６１９番地の３",,08,443,3001153,,,,,,,2015-10-05,1,,,,,"リョクシンゾウエン",0
115,1050003009446,01,1,2026-10-06,2025-07-25,"合同会社Ｃ．Ｕ．",,305,"茨城県","つくば市","春日１丁目１１番地１２",,08,220,3050821,,,,,,,2025-07-25,1,,,,,"シードットユードット",0
116,1050005001582,01,1,2026-10-06,2015-10-05,"医療法人社団高安内科循環器科クリニック",00023551,399,"茨城県","水戸市","河和田町４４０５番地１２",,08,201,3114153,,,,,,,2015-10-05,1,,,,,"タカヤスナイカジュンカンキカクリニック",0
117,1060001039659,01,0,2026-10-06,2026-10-06,"株式会社ＡＯ",,301,"栃木県","小山市","八幡町２丁目１２番２６号",,09,208,3230031,,,,,,,2026-10-06,1,,,,,"アオ",0
118,1060002039344,12,0,2026-10-06,2026-10-01,"有限会社日昇工房",,302,"東京都","荒川区","町屋１丁目１７番１０－１０１号ＦＡＩＲ町屋ＩＩ",00145156,13,118,1160001,,,,,,,2015-10-05,1,,,,,"ニッショウコウボウ",0
119,1060005009253,12,0,2026-10-06,2026-09-24,"特定非営利活動法人みんなだれかの仲良しの世界",,399,"栃木県","宇都宮市","錦３丁目４番地６号錦ハイツ１０３",,09,201,3210967,,,,,,,2016-11-02,1,,,,,"ミンナダレカノナカヨシノセカイ",0
120,1070001044559,01,0,2026-10-06,2026-10-06,"株式会社ＣＯＵ",,301,"群馬県","伊勢崎市","寿町８１番地",,10,204,3720052,,,,,,,2026-10-06,1,,,,,"シーオーユー",0
121,1080001027835,01,0,2026-10-06,2026-10-06,"株式会社ワークホース",,301,"静岡県","島田市","番生寺３６９番地の１",,22,209,4280011,,,,,,,2026-10-06,1,,,,,"ワークホース",0
122,1080101019220,01,1,2026-10-06,2016-07-11,"株式会社スカイヒル前嶋",,301,"静岡県","富士市","天間１４０６番地の２",,22,210,4190205,,,,,,,2016-07-11,1,,,,,"スカイヒルマエジマ",0
123,1080101019229,01,1,2026-10-06,2016-07-11,"株式会社ＩＷＹＺ",,301,"静岡県","富士市","久沢５９４番地の１",,22,210,4190202,,,,,,,2016-07-11,1,,,,,"アイダブリュワイズィ",0
124,1080101026530,01,0,2026-10-06,2026-10-06,"株式会社ｅｉｇｈｔ",,301,"静岡県","御殿場市","西田中４７１番地の１グランドパレス２０７",,22,215,4120027,,,,,,,2026-10-06,1,,,,,"エイト",0
125,1080103002406,12,0,2026-10-06,2026-10-02,"社長をつくる合同会社",,305,"東京都","豊島区","東池袋３丁目１番１号サンシャイン６０、４５階",,13,116,1700013,,,,,,,2021-08-20,1,,,,,"シャチョウヲツクル",0
126,1080401028870,01,0,2026-10-06,2026-10-06,"株式会社松の森",,301,"静岡県","浜松市中央区","紺屋町３０１番地８",,22,138,4300938,,,,,,,2026-10-06,1,,,,,"マツノモリ",0
127,1080401028879,01,0,2026-10-06,2026-10-06,"株式会社イロマド",,301,"静岡県","浜松市中央区","飯田町８３３番地の１",,22,138,4350028,,,,,,,2026-10-06,1,,,,,"イロマド",0
128,1080402017724,01,1,2026-10-06,2015-10-05,"有限会社松浦電気設備",,302,"静岡県","掛川市","本郷２４１番地の４",,22,213,4360111,,,,,,,2015-10-05,1,,,,,"マツウラデンキセツビ",0
129,1080402017939,21,0,2026-10-06,2026-10-01,"株式会社Ｊｏｉｎ",,301,"静岡県","掛川市","青葉台２０番２０号",,22,213,4360019,,,2026-10-01,11,4080401023506,"令和８年１０月１日静岡県掛川市千羽４０３番地の２カクシンホールディングス株式会社（4080401023506）に合併し解散",2015-10-05,1,,,,,"ジョイン",0
130,1090001014972,12,0,2026-10-06,2026-10-01,"株式会社ＫＫ不動産",,301,"山梨県","甲府市","下小河原町１３３番地１",,19,201,4000853,,,,,,,2017-02-08,1,,,,,"ケーケーフドウサン",0
131,1090001020104,01,0,2026-10-06,2026-10-06,"地水研株式会社",,301,"山梨県","甲府市","寿町１０番５号",,19,201,4000033,,,,,,,2026-10-06,1,,,,,"チスイケン",0
132,1090001020112,01,0,2026-10-06,2026-10-06,"株式会社ＬＩＥＮ",,301,"山梨県","中巨摩郡昭和町","清水新居３９４番地",,19,384,4093867,,,,,,,2026-10-06,1,,,,,"リアン",0
133,1090005005051,21,0,2026-10-06,2026-09-30,"農事組合法人明野ひまわり倶楽部",,399,"山梨県","北杜市","明野町浅尾４７５５番地１",,19,209,4080201,,,2026-09-30,01,,,2015-10-05,1,,,,,"アケノヒマワリクラブ",0
134,1100001015564,21,0,2026-10-06,2026-10-02,"株式会社上條英雄写真事務所",,301,"長野県","塩尻市","大字広丘原新田３０９番地",,20,215,3990706,,,2026-10-02,01,,,2015-10-05,1,,,,,"カミジョウヒデオシャシンジムショ",0
135,1100002034150,21,0,2026-10-06,2026-10-02,"有限会社食の安全支援隊",,302,"長野県","上伊那郡中川村","片桐３６８番地",,20,386,3993802,,,2026-10-02,01,,,2015-10-05,1,,,,,"ショクノアンゼンシエンタイ",0
136,1110001040438,01,0,2026-10-06,2026-10-06,"株式会社Ｓｔｅａｄｙ　Ｂｌｏｏｍ",,301,"新潟県","柏崎市","東柳田３０番地",,15,205,9450036,,,,,,,2026-10-06,1,,,,,"ステディブルーム",0
137,1110001040470,01,0,2026-10-06,2026-10-06,"株式会社Ｌｏａｆｙ",,301,"新潟県","新潟市東区","南紫竹２丁目６―３０",,15,102,9500854,,,,,,,2026-10-06,1,,,,,"ローフィー",0
138,1110003006313,01,0,2026-10-06,2026-10-06,"合同会社うぉーむ・らいふ",,305,"新潟県","新潟市中央区","米山４丁目１番３１号",,15,103,9500916,,,,,,,2026-10-06,1,,,,,"ウォームライフ",0
139,1120001006768,01,1,2026-10-06,2015-10-05,"大阪総合設計株式会社",,301,"大阪府","大阪市中央区","神崎町２番３３号",,27,128,5400016,,,,,,,2015-10-05,0,,,,,"オオサカソウゴウセッケイ",0
140,1120001006768,21,0,2026-10-06,2026-10-01,"大阪総合設計株式会社",,301,"大阪府","大阪市中央区","神崎町２番３３号",,27,128,5400016,,,2026-10-01,11,6120001044854,"令和８年１０月１日大阪市西区京町堀一丁目６番１７号大環工業株式会社（6120001044854）に合併し解散",2015-10-05,1,,,,,"オオサカソウゴウセッケイ",0
141,1120001153222,12,0,2026-10-06,2026-10-01,"株式会社モトイチ組",,301,"大阪府","大阪市福島区","福島４丁目５番３９－１９０５号",,27,103,5530003,,,,,,,2015-10-05,1,,,,,"モトイチグミ",0
142,1120001165738,12,0,2026-10-06,2026-10-02,"株式会社龍工房",,301,"東京都","渋谷区","神宮前２丁目３１番７号ビラ・グロリア２０４",,13,113,1500001,,,,,,,2015-10-05,1,,,,,"リュウコウボウ",0
143,1120001184127,12,0,2026-10-06,2026-10-01,"株式会社ＭｏｎＲｅｖｅ",,301,"大阪府","大阪市中央区","南船場４丁目４番１０号",,27,128,5420081,,,,,,,2015-10-05,1,,,,,"モンレーヴ",0
144,1120001194976,01,1,2026-10-06,2015-12-09,"弘興株式会社",,301,"大阪府","大阪市中央区","北浜３丁目２番２５号京阪淀屋橋ビル８階",,27,128,5410041,,,,,,,2015-12-09,0,,,,,"コウキョウ",0
145,1120001194976,12,1,2026-10-06,2016-09-08,"弘興株式会社",,301,"埼玉県","川口市","西川口１丁目３０番２０号泰合ビル３０９",,11,203,3320021,,,,,,,2015-12-09,0,,,,,"コウキョウ",0
146,1120001194976,12,1,2026-10-06,2021-04-22,"弘興株式会社",,301,"埼玉県","川口市","並木２丁目３３番１０－６０８号セルリアンハイツ",,11,203,3320034,,,,,,,2015-12-09,0,,,,,"コウキョウ",0
147,1120001194976,12,1,2026-10-06,2026-09-17,"弘興株式会社",,301,"埼玉県","川口市","西青木１丁目１２番３号ＫＵハイツ１０２号室",,11,203,3320035,,,,,,,2015-12-09,1,,,,,"コウキョウ",0
148,1120001199975,01,1,2026-10-06,2016-08-08,"株式会社マテリアル",,301,"大阪府","大阪市西区","本田１丁目６番２０号",,27,106,5500022,,,,,,,2016-08-08,1,,,,,"マテリアル",0
149,1120001289405,01,0,2026-10-06,2026-10-06,"株式会社エルガード",,301,"大阪府","大阪市北区","芝田２丁目４番２号牛丸ビル４０１号",,27,127,5300012,,,,,,,2026-10-06,1,,,,,"エルガード",0
150,1120001289454,01,0,2026-10-06,2026-10-06,"株式会社Ｒ’ｓ",,301,"大阪府","大阪市鶴見区","鶴見５丁目５番３７号",,27,124,5380053,,,,,,,2026-10-06,1,,,,,"アールズ",0
151,1120001289545,01,0,2026-10-06,2026-10-06,"株式会社コネクトトランスポート",,301,"大阪府","大阪市北区","梅田１丁目２番２号大阪駅前第２ビル１２－１２",,27,127,5300001,,,,,,,2026-10-06,1,,,,,"コネクトトランスポート",0
152,1120002059930,12,0,2026-10-06,2026-09-25,"有限会社アイ",,302,"大阪府","大阪市北区","東天満１丁目１０番１４号ＭＦ南森町２ビル８階Ｃ室",,27,127,5300044,,,,,,,2015-10-05,1,,,,,"アイ",0
153,1120003033612,01,0,2026-10-06,2026-10-06,"アモサナ合同会社",,305,"大阪府","大阪市天王寺区","東上町８番３号トラスティーコート１０３号",,27,109,5430026,,,,,,,2026-10-06,1,,,,,"アモサナ",0
154,1120101043785,01,1,2026-10-06,2015-10-05,"株式会社ティ・エムソーイング",,301,"大阪府","泉北郡忠岡町","高月南２丁目４番３４号",,27,341,5950802,,,,,,,2015-10-05,1,,,,,"ティエムソーイング",0
155,1120101055211,01,1,2026-10-06,2016-08-10,"株式会社ＭＡＫＯＴＯ建設",,301,"大阪府","岸和田市","畑町１丁目７番５３号",,27,202,5960831,,,,,,,2016-08-10,1,,,,,"マコトケンセツ",0
156,1120101074459,01,0,2026-10-06,2026-10-06,"岸和田警備株式会社",,301,"大阪府","岸和田市","土生町９丁目１７番１４号",,27,202,5960825,,,,,,,2026-10-06,1,,,,,"キシワダケイビ",0
157,1120101074467,01,0,2026-10-06,2026-10-06,"アステル株式会社",,301,"大阪府","岸和田市","神須屋町１丁目１番１２－２０３号",,27,202,5960833,,,,,,,2026-10-06,1,,,,,"アステル",0
158,1120101074475,01,0,2026-10-06,2026-10-06,"株式会社アーサー",,301,"大阪府","堺市堺区","向陵中町１丁７番２７号",,27,141,5900024,,,,,,,2026-10-06,1,,,,,"アーサー",0
159,1120103007367,01,0,2026-10-06,2026-10-06,"合同会社智天建設",,305,"大阪府","堺市北区","南花田町１６９３－３－１０１",,27,146,5918011,,,,,,,2026-10-06,1,,,,,"チテンケンセツ",0
160,1120105010220,01,0,2026-10-06,2026-10-06,"一般社団法人クリアスポーツ",,399,"大阪府","泉南郡熊取町","新野田２丁目１－２４",,27,361,5900454,,,,,,,2026-10-06,1,,,,,"クリアスポーツ",0
161,1120901023524,21,0,2026-10-06,2026-09-30,"株式会社キヤノン",,301,"大阪府","豊中市","蛍池東町四丁目６番８号",,27,203,5600000,,,2026-09-30,01,,,2015-10-05,1,,,,,"キヤノン",0
162,1120902013326,71,0,2026-10-06,2026-09-01,"株式会社ツクリエ",,301,"東京都","千代田区","神田駿河台１丁目５番地",,13,101,1010062,,,,,,"令和８年９月１日京都市中京区新町通三条上ル町頭町１１２番地ティーエスアイ株式会社（7130001062292）を合併",2015-10-05,1,,,,,"ツクリエ",0
163,1122001001534,01,1,2026-10-06,2015-10-05,"河内製袋株式会社",,301,"大阪府","東大阪市","花園本町２丁目１０番１３号",,27,227,5780937,,,,,,,2015-10-05,1,,,,,"カワチセイタイ",0
164,1122001037545,12,0,2026-10-06,2026-10-01,"株式会社ワダチプロダクツ",,301,"大阪府","四條畷市","雁屋南町４番２９号",,27,229,5750036,,,,,,,2023-11-06,1,,,,,"ワダチプロダクツ",0
165,1122002000329,01,1,2026-10-06,2015-10-05,"有限会社アイビス",,302,"大阪府","東大阪市","鷹殿町１９番３４号",,27,227,5798036,,,,,,,2015-10-05,1,,,,,"アイビス",0
166,1122003003157,12,0,2026-10-06,2026-10-01,"合同会社スリーピース",,305,"大阪府","八尾市","東本町３丁目９番３６号板倉第一ビル３０９号室",,27,212,5810004,,,,,,,2025-04-02,1,,,,,"スリーピース",0
167,1130001051945,11,0,2026-10-06,2026-09-30,"株式会社Ｔ‐ＭＡＸ．",,301,"京都府","京都市伏見区","向島柳島１番地",,26,109,6120000,,,,,,,2015-10-05,1,,,,,"ティーマックス",0
168,1130001065276,12,0,2026-10-06,2026-09-24,"百年株式会社",,301,"京都府","京都市左京区","吉田橘町３０番地４メゾン・ド・トリオ京都１０１号室",,26,103,6068303,,,,,,,2019-09-13,1,,,,,"ヒャクネン",0
169,1130001075993,21,0,2026-10-06,2026-09-14,"株式会社ｍｉｃｏｒａ",,301,"京都府","京都市中京区","東洞院通六角下る御射山町２７３番地プラウド京都東洞院５０６",,26,104,6048147,,,2026-09-14,01,,,2023-12-25,1,,,,,"マイコラ",0
170,1130001082049,12,0,2026-10-06,2026-10-01,"Ｇ．Ｇ株式会社",,301,"京都府","京都市中京区","河原町通蛸薬師上る奈良屋町２９３番地",,26,104,6048033,,,,,,,2026-04-24,1,,,,,"ジードットジー",0
171,1130001082627,12,0,2026-10-06,2026-10-02,"株式会社いつき",,301,"奈良県","奈良市","四条大路５丁目５番１号",,29,201,6308014,,,,,,,2026-07-10,1,,,,,"イツキ",0
172,1130001083195,01,0,2026-10-06,2026-10-06,"株式会社ＴＯＷＺＡ",,301,"京都府","京都市左京区","松ケ崎堀町８番地１",,26,103,6060945,,,,,,,2026-10-06,1,,,,,"トウザ",0
173,1140001094068,01,1,2026-10-06,2015-10-05,"株式会社神戸免疫技術総合研究所",,301,"兵庫県","神戸市北区","鈴蘭台北町７丁目１５－１５Ｂ－１０２",,28,109,6511111,,,,,,,2015-10-05,1,,,,,"コウベメンエキギジュツソウゴウケンキュウショ",0
174,1140001132091,21,0,2026-10-06,2026-09-28,"川洋薬粧株式会社",,301,"兵庫県","西宮市","六湛寺町９番１０－３０１号",,28,204,6620918,,,2026-09-28,01,,,2023-10-25,1,,,,,"センヨウヤクショウ",0
175,1140001140607,01,1,2026-10-06,2025-11-04,"株式会社ＴＡＫＥＳＴＹＬＥ",,301,"兵庫県","神戸市中央区","下山手通８丁目１５番２１号",,28,110,6500011,,,,,,,2025-11-04,1,,,,,"テイクスタイル",0
176,1140001144293,01,0,2026-10-06,2026-10-06,"グリーンエナジー株式会社",,301,"兵庫県","神戸市兵庫区","中道通１丁目４番１０号",,28,105,6520801,,,,,,,2026-10-06,1,,,,,"グリーンエナジー",0
177,1140002034221,21,0,2026-10-06,2026-09-28,"有限会社宮崎商事",,302,"兵庫県","赤穂市","板屋町１７９番地",,28,212,6780248,,,2026-09-28,01,,,2015-10-05,1,,,,,"ミヤザキショウジ",0
178,1140002060259,21,0,2026-10-06,2026-09-24,"有限会社構想社",,302,"兵庫県","西宮市","新甲陽町９番１６号",,28,204,6620013,,,2026-09-24,01,,,2015-10-05,1,,,,,"コウソウシャ",0
179,1140003024155,01,0,2026-10-06,2026-10-06,"合同会社ＡＹＫ",,305,"兵庫県","尼崎市","三反田町２丁目１８番１－５０２号",,28,202,6610024,,,,,,,2026-10-06,1,,,,,"エーワイケー",0
180,1140005026216,12,0,2026-10-06,2026-09-28,"特定非営利活動法人生物多様性を守る会",,399,"兵庫県","神戸市垂水区","高丸３丁目２番１５号",,28,108,6550016,,,,,,,2022-06-24,0,,,,,"セイブツタヨウセイヲマモルカイ",0
181,1140005026216,11,0,2026-10-06,2026-09-28,"特定非営利活動法人神戸・福田川流域ネットワーキング",,399,"兵庫県","神戸市垂水区","高丸３丁目２番１５号",,28,108,6550016,,,,,,,2022-06-24,1,,,,,"コウベフクダガワリュウイキネットワーキング",0
182,1140005028030,12,0,2026-10-06,2026-10-01,"明石川司法書士法人",,399,"兵庫県","明石市","本町２丁目２番８号・２階",,28,203,6730892,,,,,,,2026-08-20,1,,,,,"アカシガワ",0
183,1150001027308,12,0,2026-10-06,2026-10-02,"株式会社和心",,301,"奈良県","香芝市","瓦口２２０６番地ノーブル弐番館１Ｆ",,29,210,6390225,,,,,,,2024-05-30,1,,,,,"ワシン",0
184,1150005008287,12,0,2026-10-06,2026-10-02,"特定非営利活動法人きづな",,399,"奈良県","桜井市","大字三輪１２１３－１",,29,206,6330001,,,,,,,2015-10-05,1,,,,,"キヅナ",0
185,1160003003925,01,0,2026-10-06,2026-10-06,"ＳＭＴＳ合同会社",,305,"滋賀県","栗東市","小平井１丁目１４－５－９",,25,208,5203034,,,,,,,2026-10-06,1,,,,,"エスエムティエス",0
186,1170001014972,01,1,2026-10-06,2017-11-13,"株式会社まぐろ革命",,301,"和歌山県","和歌山市","相坂５９７番地１",,30,201,6400341,,,,,,,2017-11-13,1,,,,,,0
187,1180001046874,21,0,2026-10-06,2026-10-01,"株式会社フォーミー",,301,"愛知県","名古屋市瑞穂区","薩摩町２丁目３７番地の２",00072142,23,108,4670812,,,2026-10-01,01,,,2015-10-05,1,,,,,"フォーミー",0
188,1180001069669,01,1,2026-10-06,2015-10-05,"株式会社横山農園",,301,"愛知県","豊明市","沓掛町山新田４２番地２",,23,229,4701101,,,,,,,2015-10-05,1,,,,,"ヨコヤマノウエン",0
189,1180001077688,12,0,2026-10-06,2026-10-01,"株式会社ベスト信和サービス",,301,"沖縄県","国頭郡伊江村","字東江前１７６番地の１",,47,315,9050502,,,,,,,2015-10-05,1,,,,,"ベストシンワサービス",0
190,1180001077886,01,1,2026-10-06,2015-10-05,"株式会社プレイズ",,301,"愛知県","小牧市","大字小牧原新田２６６４番地",,23,219,4850012,,,,,,,2015-10-05,1,,,,,"プレイズ",0
191,1180001100193,12,0,2026-10-06,2026-10-02,"株式会社シーディエー",,301,"愛知県","一宮市","大和町妙興寺字丹波１２番",,23,203,4910922,,,,,,,2015-10-05,1,,,,,"シーディエー",0
192,1180001112453,12,0,2026-10-06,2026-10-02,"株式会社ｏｆｆｉｃｅ樹",,301,"東京都","新宿区","百人町１丁目２４番２２号宝月荘３号室",,13,104,1690073,,,,,,,2015-10-05,1,,,,,"オフィスイツキ",0
193,1180001140099,12,0,2026-10-06,2026-10-01,"株式会社エール商事",,301,"愛知県","名古屋市守山区","小幡中２丁目２０番１３号",,23,113,4630013,,,,,,,2020-02-14,1,,,,,"エールショウジ",0
194,1180001161649,12,0,2026-10-06,2026-09-25,"株式会社ユネクト",,301,"愛知県","名古屋市中村区","名駅４丁目２４番５号第２森ビル４０１",,23,105,4500002,,,,,,,2024-05-28,1,,,,,"ユネクト",0
195,1180001173561,12,0,2026-10-06,2026-10-01,"株式会社Ｊプランニング",,301,"愛知県","名古屋市中区","栄２丁目３番１号名古屋広小路ビルヂング１Ｆ",,23,106,4600008,,,,,,,2026-09-16,1,,,,,"ジェイプランニング",0
196,1180001173693,01,0,2026-10-06,2026-10-06,"猫猫水猫株式会社",,301,"愛知県","春日井市","如意申町６丁目６番地６－３Ｃ",,23,206,4860918,,,,,,,2026-10-06,1,,,,,"ネコネコカピネコ",0
197,1180001173751,01,0,2026-10-06,2026-10-06,"株式会社グラティア",,301,"愛知県","名古屋市中区","丸の内３丁目２１－２１",,23,106,4600002,,,,,,,2026-10-06,1,,,,,"グラティア",0
198,1180002015309,01,1,2026-10-06,2015-10-05,"有限会社青木保険事務所",,302,"愛知県","名古屋市名東区","社口２丁目７０５番地",,23,115,4650013,,,,,,,2015-10-05,0,,,,,"アオキホケンジムショ",0
199,1180002015309,12,1,2026-10-06,2026-10-01,"有限会社青木保険事務所",,302,"愛知県","名古屋市名東区","平和が丘４丁目２０番地－２０２",,23,115,4650097,,,,,,,2015-10-05,1,,,,,"アオキホケンジムショ",0
200,1180002016827,01,1,2026-10-06,2015-10-05,"有限会社本間商会",,302,"愛知県","名古屋市東区","大幸４丁目１２番１２号",,23,102,4610043,,,,,,,2015-10-05,1,,,,,"ホンマショウカイ",0
201,1180002044431,01,1,2026-10-06,2015-10-05,"エス・ティー建工有限会社",,302,"愛知県","名古屋市中村区","栄生町１７番８号",,23,105,4530033,,,,,,,2015-10-05,1,,,,,"エスティーケンコウ",0
202,1180003016082,21,0,2026-10-06,2026-09-29,"マルコ・ポーロ合同会社",,305,"愛知県","名古屋市中村区","小鴨町１５０番地の２",,23,105,4530844,,,2026-09-29,01,,,2015-10-05,1,,,,,"マルコポーロ",0
203,1180003030868,01,0,2026-10-06,2026-10-06,"合同会社時雨",,305,"愛知県","一宮市","三ツ井１丁目１３―２",,23,203,4910827,,,,,,,2026-10-06,1,,,,,"シグレ",0
204,1180005021700,01,0,2026-10-06,2026-10-06,"医療法人女性と医療",,399,"愛知県","名古屋市熱田区","金山町１丁目２－３東和ビル５階",,23,109,4560002,,,,,,,2026-10-06,1,,,,,"ジョセイトイリョウ",0
205,1180301015199,01,1,2026-10-06,2015-10-05,"株式会社黒田商店",,301,"愛知県","碧南市","錦町２丁目５７番地",,23,209,4470848,,,,,,,2015-10-05,1,,,,,"クロダショウテン",0
206,1180301025215,01,1,2026-10-06,2015-10-05,"株式会社ぴなくる２",,301,"愛知県","豊田市","本地町２丁目７０番地",,23,211,4710848,,,,,,,2015-10-05,0,,,,,"ピナクルツー",0
207,1180301025215,12,0,2026-10-06,2026-10-01,"株式会社ぴなくる２",,301,"愛知県","名古屋市中区","栄５丁目２５番１７号",,23,106,4600008,,,,,,,2015-10-05,1,,,,,"ピナクルツー",0
208,1180303005792,21,0,2026-10-06,2026-09-18,"合同会社ｂｉｚｚｇｕｉｌｄ",,305,"愛知県","豊川市","御津町広石祓田８番地３",,23,207,4410321,,,2026-09-18,01,,,2023-08-04,1,,,,,"ビズギルド",0
209,1190003005571,01,0,2026-10-06,2026-10-06,"合同会社Ｌｏｃａｌ　Ｐｒｏｄｕｃｅ",,305,"三重県","伊賀市","別府６９６－１",,24,216,5180221,,,,,,,2026-10-06,1,,,,,"ローカルプロデュース",0
210,1200001017410,01,1,2026-10-06,2015-10-05,"株式会社古田材木店",,301,"岐阜県","加茂郡東白川村","五加９３８番地の１２",,21,507,5091303,,,,,,,2015-10-05,1,,,,,"フルタザイモクテン",0
211,1200001040453,12,0,2026-10-06,2026-09-30,"株式会社Ｎｓ’ａｐｐｕｙｅｒ",,301,"岐阜県","土岐市","泉神栄町４丁目２０－２",,21,212,5095133,,,,,,,2022-09-15,1,,,,,"エヌサピュイエ",0
212,1200001045527,01,0,2026-10-06,2026-10-06,"ＪＫトレーディング株式会社",,301,"岐阜県","瑞穂市","野白新田４４７番地１",,21,216,5010231,,,,,,,2026-10-06,1,,,,,"ジェーケートレーディング",0
213,1200002001735,01,1,2026-10-06,2015-10-05,"有限会社Ｋ．Ｍ．Ｃ",,302,"岐阜県","瑞穂市","馬場小城町２丁目１５番地１小城苑１０２号",,21,216,5010205,,,,,,,2015-10-05,0,,,,,"ケイエムシー",0
214,1200002001735,12,1,2026-10-06,2017-08-28,"有限会社Ｋ．Ｍ．Ｃ",,302,"岐阜県","岐阜市","水海道４丁目６番１２号",,21,201,5008223,,,,,,,2015-10-05,1,,,,,"ケイエムシー",0
215,1200002007360,01,1,2026-10-06,2015-10-05,"有限会社小林カイロ院",,302,"岐阜県","各務原市","つつじが丘１丁目１２１番地",,21,213,5090131,,,,,,,2015-10-05,1,,,,,,0
216,1200003003210,21,0,2026-10-06,2026-10-01,"トレードプレイス合同会社",,305,"岐阜県","関市","桜台２丁目３番１６号",,21,205,5013931,,,2026-10-01,01,,,2015-10-05,1,,,,,"トレードプレイス",0
217,1220001007905,01,1,2026-10-06,2015-10-05,"株式会社マネーアンドライフ・マネジメント",,301,"石川県","金沢市","香林坊１丁目２番２４号北國会館７階",,17,201,9200961,,,,,,,2015-10-05,0,,,,,,0
218,1220001007905,12,1,2026-10-06,2023-06-30,"株式会社マネーアンドライフ・マネジメント",,301,"石川県","金沢市","香林坊１丁目２番２４号北國会館６階",,17,201,9200961,,,,,,,2015-10-05,1,,,,,,0
219,1220001024371,12,0,2026-10-06,2026-10-01,"株式会社ＣＰｊａｐａｎ",,301,"石川県","能美市","徳久町ナ８６番地７",,17,211,9231235,,,,,,,2021-08-19,1,,,,,"シーピージャパン",0
220,1220001027614,01,0,2026-10-06,2026-10-06,"株式会社Ｍｏｄｅｓｔ",,301,"石川県","金沢市","田上２丁目１７番地２",,17,201,9201152,,,,,,,2026-10-06,1,,,,,"モデスト",0
221,1230001007326,01,1,2026-10-06,2015-10-05,"株式会社クリエイティヴふなや",,301,"富山県","黒部市","生地神区２８１番地の３",,16,207,9380061,,,,,,,2015-10-05,1,,,,,"クリエイティヴフナヤ",0
222,1240001067113,01,0,2026-10-06,2026-10-06,"株式会社結和",,301,"広島県","三原市","本郷町船木５５２番地",,34,204,7290411,,,,,,,2026-10-06,1,,,,,"ユイワ",0
223,1240003007959,01,0,2026-10-06,2026-10-06,"合同会社魚信",,305,"広島県","広島市南区","段原南２丁目８番１号１階",,34,103,7320814,,,,,,,2026-10-06,1,,,,,"ウオシン",0
224,1250001019781,12,0,2026-10-06,2026-10-01,"株式会社マイライフ",,301,"山口県","岩国市","由宇町南沖１丁目１０番２５号",,35,208,7401425,,,,,,,2022-10-06,1,,,,,"マイライフ",0
225,1250002018865,01,1,2026-10-06,2015-10-05,"有限会社堀江酒場",,302,"山口県","岩国市","錦町広瀬６７８１番地",,35,208,7400724,,,,,,,2015-10-05,1,,,,,"ホリエサカバ",0
226,1260001007793,71,0,2026-10-06,2026-09-10,"Ｓｐａｃｅ　Ａｖｉａｔｉｏｎ株式会社",,301,"岡山県","岡山市南区","浦安南町６７２番地１",,33,104,7028024,,,,,,"令和８年９月１日京都市伏見区向島柳島１番地Ｓｐａｃｅ　Ａｖｉａｔｉｏｎ株式会社（2130001064450）を合併",2015-10-05,0,,,,,"スペースアビエーション",0
227,1260001007793,12,0,2026-10-06,2026-09-30,"Ｓｐａｃｅ　Ａｖｉａｔｉｏｎ株式会社",,301,"京都府","京都市伏見区","向島柳島１番地",,26,109,6120000,,,,,,,2015-10-05,1,,,,,"スペースアビエーション",0
228,1260001022322,71,0,2026-10-06,2026-10-01,"総合メンテナンス株式会社",,301,"岡山県","岡山市北区","桑田町７番１５号エスコ桑田マンションＩ４０１号",00119626,33,101,7000984,,,,,,"令和８年１０月１日岡山市北区桑田町７番１５号エスコ桑田マンションＩ４０１号有限会社玉原工産（4260002032986）を合併",2015-10-05,1,,,,,"ソウゴウメンテナンス",0
229,1260001036033,12,0,2026-10-06,2026-10-01,"株式会社ＥＭＯＫＥＮ",,301,"岡山県","玉野市","槌ケ原２３５３番地１",,33,204,7060141,,,,,,,2021-10-05,1,,,,,"エモケン",0
230,1260001041660,01,0,2026-10-06,2026-10-06,"トラストエンジニアリング株式会社",,301,"岡山県","倉敷市","北畝５丁目６番２号",,33,202,7128032,,,,,,,2026-10-06,1,,,,,"トラストエンジニアリング",0
231,1260001041685,01,0,2026-10-06,2026-10-06,"株式会社Ｓ．Ｓ．Ｐ　ｆａｒｍ",,301,"岡山県","倉敷市","船穂町船穂９０４番地",,33,202,7100261,,,,,,,2026-10-06,1,,,,,"エスエスピーファーム",0
232,1260002026685,01,1,2026-10-06,2015-10-05,"有限会社石池建設工業",,302,"岡山県","高梁市","巨瀬町８３６番地の２",,33,209,7161311,,,,,,,2015-10-05,1,,,,,"イシイケケンセツコウギョウ",0
233,1280001009061,01,1,2026-10-06,2023-11-07,"株式会社オビラボ",,301,"島根県","松江市","北陵町１番地テクノアークしまねインキュベーションルームＮｏ．１１",,32,201,6900816,,,,,,,2023-11-07,0,,,,,,0
234,1280001009061,12,1,2026-10-06,2024-09-02,"株式会社オビラボ",,301,"島根県","松江市","北陵町１番地テクノアークしまねインキュベーションルームＮｏ．１",,32,201,6900816,,,,,,,2023-11-07,0,,,,,,0
235,1280001009061,12,1,2026-10-06,2026-10-01,"株式会社オビラボ",,301,"島根県","松江市","北陵町１テクノアークしまね南館レンタルオフィスＦ",,32,201,6900816,,,,,,,2023-11-07,1,,,,,,0
236,1280005000545,01,1,2026-10-06,2015-10-05,"三菱農機労働組合",,399,"島根県","松江市","東出雲町揖屋６６７番地１",,32,201,6990101,,,,,,,2015-10-05,1,,,,,"ミツビシノウキ",0
237,1290001012337,71,0,2026-10-06,2026-10-01,"株式会社キューオキ",,301,"福岡県","福岡市南区","井尻４丁目２８番１８号",,40,134,8111302,,,,,,"令和８年１０月１日福岡市南区井尻四丁目２８番１８号株式会社Ｋｙｕホールディングス（8290001086556）を合併",2015-10-05,1,,,,,"キューオキ",0
238,1290001052861,12,0,2026-10-06,2026-09-11,"株式会社コンドー・マシナリー",,301,"福岡県","柳川市","三橋町磯鳥５７０番地１",,40,207,8320805,,,,,,,2015-10-05,1,,,,,"コンドーマシナリー",0
239,1290001092569,12,0,2026-10-06,2026-09-11,"国際フレンドシップ株式会社",,301,"福岡県","福岡市博多区","博多駅東１丁目１番２５号宝ビル５０４室",,40,132,8120013,,,,,,,2021-04-06,1,,,,,"コクサイフレンドシップ",0
240,1290001099878,11,0,2026-10-06,2026-09-14,"ＫＩＺＥＲＡ株式会社",,301,"福岡県","福岡市東区","松崎１丁目１０番３号",,40,131,8130035,,,,,,,2022-12-16,1,,,,,"キゼラ",0
241,1290001115651,01,0,2026-10-06,2026-10-06,"株式会社オーバーライド",,301,"福岡県","福岡市南区","高木２丁目２５番４号",,40,134,8150004,,,,,,,2026-10-06,1,,,,,"オーバーライド",0
242,1290001115676,01,0,2026-10-06,2026-10-06,"株式会社フタバ資材",,301,"福岡県","大川市","大字中八院１２７番地１",,40,212,8310013,,,,,,,2026-10-06,1,,,,,"フタバシザイ",0
243,1290001115701,01,0,2026-10-06,2026-10-06,"株式会社有光農園",,301,"福岡県","飯塚市","赤坂３５５番地３",,40,205,8200106,,,,,,,2026-10-06,1,,,,,"アリミツノウエン",0
244,1290002016023,21,0,2026-10-06,2026-09-08,"有限会社創作屋",,302,"福岡県","福岡市博多区","金の隈１丁目２８番１９－５０２号",,40,132,8120863,,,2026-09-08,01,,,2015-10-05,1,,,,,"ソウサクヤ",0
245,1290002051284,01,1,2026-10-06,2015-10-05,"有限会社ティー・ディー・エム",,302,"福岡県","久留米市","櫛原町２番地９",00093533,40,203,8300013,,,,,,,2015-10-05,0,,,,,"ティーディーエム",0
246,1290002051284,12,1,2026-10-06,2026-09-29,"有限会社ティー・ディー・エム",,302,"福岡県","久留米市","梅満町１１５１番地４－１０２号室",,40,203,8300048,,,,,,,2015-10-05,1,,,,,"ティーディーエム",0
247,1290003018976,01,0,2026-10-06,2026-10-06,"合同会社ＲＥＬＶＡ",,305,"福岡県","久留米市","諏訪野町１８３０－１０６",,40,203,8300037,,,,,,,2026-10-06,1,,,,,"レルヴァ",0
248,1290003018984,01,0,2026-10-06,2026-10-06,"アルバグランツ合同会社",,305,"福岡県","太宰府市","国分３丁目８番２１号",,40,221,8180132,,,,,,,2026-10-06,1,,,,,"アルバグランツ",0
249,1290005018479,01,1,2026-10-06,2021-12-21,"医療法人はらだ歯科医院",,399,"福岡県","福岡市東区","和白丘４丁目２０番２６号",,40,131,8110213,,,,,,,2021-12-21,1,,,,,"ハラダシカイイン",0
250,1290801032848,01,0,2026-10-06,2026-10-06,"株式会社タカオ・アセット",,301,"福岡県","北九州市八幡西区","岡田町７番３０－５１５号",,40,109,8060033,,,,,,,2026-10-06,1,,,,,"タカオアセット",0
251,1290801032872,01,0,2026-10-06,2026-10-06,"株式会社Ｙ’ｓ設備",,301,"福岡県","田川市","大字弓削田３２９２番地３",,40,206,8260041,,,,,,,2026-10-06,1,,,,,"ワイズセツビ",0
252,1290802010415,01,1,2026-10-06,2015-10-05,"有限会社小池塗装",,302,"福岡県","北九州市小倉北区","木町２丁目１６番１２号",,40,106,8030851,,,,,,,2015-10-05,1,,,,,"コイケトソウ",0
253,1300001010504,01,1,2026-10-06,2016-10-04,"オーシャンロード佐賀株式会社",,301,"佐賀県","佐賀市","諸富町大字徳富５６４番地の１",,41,201,8402104,,,,,,,2016-10-04,0,,,,,,0
254,1300001010504,12,1,2026-10-06,2017-03-31,"オーシャンロード佐賀株式会社",,301,"佐賀県","佐賀市","巨勢町高尾１３９－１",,41,201,8490000,,,,,,,2016-10-04,1,,,,,,0
255,1300001014769,01,0,2026-10-06,2026-10-06,"株式会社ジェネシス武雄",,301,"佐賀県","武雄市","東川登町大字袴野１０１３３番地１",,41,206,8430234,,,,,,,2026-10-06,1,,,,,"ジェネシスタケオ",0
256,1310002019642,01,1,2026-10-06,2015-10-05,"有限会社西海堂",,302,"長崎県","平戸市","戸石川町７０５番地５",,42,207,8595153,,,,,,,2015-10-05,1,,,,,"サイカイドウ",0
257,1320001021953,01,0,2026-10-06,2026-10-06,"株式会社ＨＯＭ’ｓ",,301,"大分県","大分市","城崎町１丁目４番１５号城崎マンション１０２の１号室",,44,201,8700045,,,,,,,2026-10-06,1,,,,,"ホムズ",0
258,1320003005095,01,0,2026-10-06,2026-10-06,"合同会社山元電設",,305,"大分県","大分市","大字迫３７４番地の１８１",,44,201,8700272,,,,,,,2026-10-06,1,,,,,"ヤマモトデンセツ",0
259,1330001021515,01,1,2026-10-06,2015-10-05,"株式会社ワンストップ",,301,"熊本県","熊本市南区","城南町舞原２９１番地３",,43,104,8614214,,,,,,,2015-10-05,1,,,,,"ワンストップ",0
260,1330003000079,21,0,2026-10-06,2026-09-29,"合資会社いわた",,304,"熊本県","熊本市東区","八反田１丁目１番６０号",,43,102,8618034,,,2026-09-29,01,,,2015-10-05,1,,,,,"イワタ",0
261,1330003011480,12,0,2026-10-06,2026-09-30,"合同会社ＣＬＥＯ",,305,"熊本県","熊本市中央区","神水１丁目１５－２４・３０２",,43,101,8620954,,,,,,,2026-03-09,1,,,,,"クレオ",0
262,1340001028468,01,0,2026-10-06,2026-10-06,"株式会社ジョイントライフ",,301,"鹿児島県","姶良市","脇元６２２番地１",,46,225,8995651,,,,,,,2026-10-06,1,,,,,"ジョイントライフ",0
263,1340001028492,01,0,2026-10-06,2026-10-06,"株式会社タイガーオン",,301,"鹿児島県","鹿児島市","荒田１丁目６２－８サンシティミヤタ３０１",,46,201,8900054,,,,,,,2026-10-06,1,,,,,"タイガーオン",0
264,1350001020291,01,0,2026-10-06,2026-10-06,"いけいけファーム株式会社",,301,"宮崎県","西都市","大字平郡８３番地１",,45,208,8810102,,,,,,,2026-10-06,1,,,,,"イケイケファーム",0
265,1350003003690,12,0,2026-10-06,2026-10-01,"興和冷熱合同会社",,305,"宮崎県","都城市","金田町２４１３番地２",,45,202,8850001,,,,,,,2020-10-21,1,,,,,"コウワレイネツ",0
266,1360001037319,01,0,2026-10-06,2026-10-06,"株式会社Ｂｌｏｏｍ",,301,"沖縄県","那覇市","古島１丁目１２番地２、２階",,47,201,9020061,,,,,,,2026-10-06,1,,,,,"ブルーム",0
267,1360003016221,01,0,2026-10-06,2026-10-06,"合同会社呉企画",,305,"沖縄県","石垣市","字大浜４５３番地５８",,47,207,9070001,,,,,,,2026-10-06,1,,,,,"クレキカク",0
268,1370001054180,01,1,2026-10-06,2026-08-31,"ＡＦＫ　Ｐａｒｔｎｅｒｓ株式会社",,301,"宮城県","仙台市青葉区","二日町３番２８号２１０２号室",,04,101,9800802,,,,,,,2026-08-31,1,,,,,"エーエフケーパートナーズ",0
269,1370001054296,01,0,2026-10-06,2026-10-06,"株式会社エヌファーマ",,301,"宮城県","富谷市","成田２丁目５番地１９",,04,216,9813341,,,,,,,2026-10-06,1,,,,,"エヌファーマ",0
270,1370001054305,01,0,2026-10-06,2026-10-06,"株式会社渡邊商事",,301,"宮城県","仙台市青葉区","中央３丁目８番５号新仙台駅前ビル１Ｆ",,04,101,9800021,,,,,,,2026-10-06,1,,,,,"ワタナベショウジ",0
271,1370003007764,01,0,2026-10-06,2026-10-06,"合同会社Ｌｉｎｋｅｄ　Ｐｌａｃｅ",,305,"宮城県","仙台市青葉区","五橋２丁目６番１７号Ｓｔａｒ　Ｐｌａｔｉｎｕｍ五橋２階２０１号室",,04,101,9800022,,,,,,,2026-10-06,1,,,,,"リンクドプレイス",0
272,1380001007963,01,1,2026-10-06,2015-10-05,"株式会社カタソネ",,301,"福島県","田村市","船引町船引字五升車８６番地",,07,211,9634312,,,,,,,2015-10-05,1,,,,,"カタソネ",0
273,1380001015792,01,1,2026-10-06,2015-10-05,"観光ホテル夕鶴株式会社",,301,"福島県","相馬市","尾浜字追川１４７番地",,07,209,9760022,,,,,,,2015-10-05,1,,,,,"カンコウホテルユウヅル",0
274,1380001036343,01,0,2026-10-06,2026-10-06,"株式会社Ｒｅ・Ｗａｓｈ",,301,"福島県","いわき市","錦町中央３丁目３番地の２６",,07,204,9748233,,,,,,,2026-10-06,1,,,,,"リウォッシュ",0
275,1380002011857,21,0,2026-10-06,2026-10-01,"有限会社フジ精機",,302,"福島県","郡山市","片平町字馬場下１７番地１",,07,203,9630211,,,2026-10-01,01,,,2015-10-05,1,,,,,"フジセイキ",0
276,1400003002613,11,0,2026-10-06,2026-10-01,"株式会社クレアティス",,301,"岩手県","盛岡市","盛岡駅西通１丁目９番３－１５１１号",,03,201,0200045,,,,,,,2020-06-02,1,,,,,"クレアティス",0
277,1400502000654,21,0,2026-10-06,2026-10-01,"有限会社マトバ自動車整備工場",,302,"岩手県","一関市","真柴字岩ノ沢７４番地",,03,209,0210901,,,2026-10-01,01,,,2015-10-05,1,,,,,"マトバジドウシャセイビコウジョウ",0
278,1430001023055,21,0,2026-10-06,2026-09-28,"株式会社丸亀亀岡塗装",,301,"北海道","札幌市豊平区","美園十条４丁目３番１６号",,01,105,0620010,,,2026-09-28,01,,,2015-10-05,1,,,,,"マルガメカメオカトソウ",0
279,1430001029762,12,0,2026-10-06,2026-10-01,"内外エンジニアリング北海道株式会社",,301,"北海道","札幌市中央区","南七条西１丁目２１番地１第３弘安ビル",,01,101,0640807,,,,,,,2015-10-05,1,,,,,"ナイガイエンジニアリングホッカイドウ",0
280,1430001068414,12,0,2026-10-06,2026-10-01,"株式会社ヴィークス",,301,"北海道","札幌市東区","北二十五条東１８丁目７番１－４０１号",,01,103,0650025,,,,,,,2015-10-05,1,,,,,"ヴィークス",0
281,1430001086465,12,0,2026-10-06,2026-10-01,"ＬＡＳＴ　ＲＥＳＯＲＴ株式会社",,301,"北海道","札幌市中央区","北三条西２８丁目２－１サンビル３Ｆ",,01,101,0640823,,,,,,,2022-04-21,1,,,,,"ラストリゾート",0
282,1430001097792,01,0,2026-10-06,2026-10-06,"株式会社ＮＥＸＵＳ",,301,"北海道","勇払郡むかわ町","田浦７０７番地",,01,586,0540004,,,,,,,2026-10-06,1,,,,,"ネクサス",0
283,1430001097801,01,0,2026-10-06,2026-10-06,"株式会社銀鷲屋",,301,"北海道","札幌市豊平区","月寒東五条１８丁目１４番１号",,01,105,0620055,,,,,,,2026-10-06,1,,,,,"ギンワシヤ",0
284,1430001097818,01,0,2026-10-06,2026-10-06,"株式会社ｆａｔｅ",,301,"北海道","札幌市西区","発寒一条３丁目１２番１６－２０３号",,01,107,0630821,,,,,,,2026-10-06,1,,,,,"フェイト",0
285,1430002000490,21,0,2026-10-06,2026-10-01,"有限会社赤坂真デザイン室",,302,"北海道","札幌市中央区","南十一条西１８丁目１４４９番地",,01,101,0640811,,,2026-10-01,01,,,2015-10-05,1,,,,,"アカサカシンデザインシツ",0
286,1430003019472,01,0,2026-10-06,2026-10-06,"Ｋａｒｕｄａｎ合同会社",,305,"北海道","札幌市東区","北二十七条東１丁目３番地サッポロドラックストア２Ｆ",,01,103,0650027,,,,,,,2026-10-06,1,,,,,"カルダン",0
287,1430003019489,01,0,2026-10-06,2026-10-06,"合同会社Ｂｒｉｓｋ　Ｌｉｎｋ",,305,"北海道","札幌市中央区","南二十条西７丁目３番２９号",,01,101,0640920,,,,,,,2026-10-06,1,,,,,"ブリスクリンク",0
288,1460002000595,12,0,2026-10-06,2026-09-30,"株式会社兼と佐藤商店",,301,"北海道","釧路郡釧路町","北都１丁目１番１号",,01,661,0880617,,,,,,,2015-10-05,1,,,,,"カネトサトウショウテン",0
289,1470003002870,01,1,2026-10-06,2025-04-28,"合同会社Ｎｕｔｓ",,305,"香川県","綾歌郡宇多津町","浜六番丁８６番地１（ＲＧ宇多津駅前南１４０１）",,37,386,7690206,,,,,,,2025-04-28,0,,,,,"ナッツ",0
290,1470003002870,11,1,2026-10-06,2026-09-10,"株式会社Ｎｕｔｓ",,305,"香川県","綾歌郡宇多津町","浜六番丁８６番地１（ＲＧ宇多津駅前南１４０１）",,37,386,7690206,,,,,,,2025-04-28,1,,,,,"ナッツ",0
291,1480001002698,12,0,2026-10-06,2026-10-01,"阿部フォトグラフィー株式会社",,301,"大阪府","大阪市西区","靭本町一丁目１６番２０号本町アートスクエア３Ｆ",,27,106,5500000,,,,,,,2015-10-05,1,,,,,"アベフォトグラフィー",0
292,1500002006084,01,1,2026-10-06,2015-10-05,"有限会社堀内眼鏡商事",,302,"愛媛県","松山市","柳井町２丁目１７番地２",,38,201,7900014,,,,,,,2015-10-05,1,,,,,"ホリウチメガネショウジ",0
293,1500002007933,21,0,2026-10-06,2026-10-01,"有限会社サビーナ西日本",,302,"愛媛県","松山市","湊町４丁目１番地１",,38,201,7900012,,,2026-10-01,01,,,2015-10-05,1,,,,,"サビーナニシニホン",0
294,1500002017412,01,1,2026-10-06,2015-10-05,"有限会社渡辺建築構造企画",,302,"愛媛県","新居浜市","政枝町３丁目１番１１号",,38,205,7920032,,,,,,,2015-10-05,1,,,,,"ワタナベケンチクコウゾウキカク",0
295,1700150009141,01,0,2026-10-06,2015-10-09,"東京都労働組合連合会",,499,"東京都","新宿区","西新宿２丁目８－１",,13,104,1600023,,,,,,,2015-10-09,1,,,,,"トウキヨウトロウドウクミアイレンゴウカイ",0
296,1700150024784,01,1,2026-10-06,2015-10-09,"ＤＡＩＨＡＴＳＵ　ＤＩＥＳＥＬ（ＡＳＩＡ　ＰＡＣＩＦＩＣ）ＰＴＥ．ＬＴＤ",,401,,,,,,,,"２　ＳＨＥＮＴＯＮ　ＷＡＹ　ＳＧＸ　ＣＥＮＴＲＥ　１　＃１６－０２　ＳＩＮＧＡＰＯＲＥ　０６８８０４",,,,,,2015-10-09,0,,,,,"ダイハツデイーゼルアジアパシフイツクプライベートリミテツド",0
297,1700150024784,11,1,2026-10-06,2025-05-02,"ＤＡＩＨＡＴＳＵ　ＩＮＦＩＮＥＡＲＴＨ（ＡＳＩＡ　ＰＡＣＩＦＩＣ）ＰＴＥ．ＬＴＤ．",,401,,,,,,,,"２　ＳＨＥＮＴＯＮ　ＷＡＹ　ＳＧＸ　ＣＥＮＴＲＥ　１　＃１６－０２　ＳＩＮＧＡＰＯＲＥ　０６８８０４",,,,,,2015-10-09,0,,,,,"ダイハツイニフイニアースアジアパシフイツクプライベートリミテツド",0
298,1700150024784,13,1,2026-10-06,2026-09-01,"ＤＡＩＨＡＴＳＵ　ＩＮＦＩＮＥＡＲＴＨ（ＡＳＩＡ　ＰＡＣＩＦＩＣ）ＰＴＥ．ＬＴＤ．",,401,,,,,,,,"１６　Ｃｏｌｌｙｅｒ　Ｑｕａｙ，＃２９－０２　Ｃｏｌｌｙｅｒ　Ｑｕａｙ　Ｃｅｎｔｒｅ　０４９３１８，Ｓｉｎｇａｐｏｒｅ",,,,,,2015-10-09,1,,,,,"ダイハツイニフイニアースアジアパシフイツクプライベートリミテツド",0
299,2010001144198,01,1,2026-10-06,2015-10-05,"株式会社トキワ",,301,"東京都","千代田区","平河町１丁目３番８号",,13,101,1020093,,,,,,,2015-10-05,1,,,,,"トキワ",0
300,2010001235393,12,0,2026-10-06,2026-10-02,"株式会社ＯＮＥ　ＢＬＯＯＤ",,301,"東京都","中野区","弥生町５丁目１８－１５－２０１号",,13,114,1640013,,,,,,,2023-05-18,1,,,,,,0
301,2010001251903,11,0,2026-10-06,2026-10-01,"Ｑｎｉｔｙ・東レ・シリコーン株式会社",,301,"東京都","千代田区","永田町２丁目１１番１号",,13,101,1000014,,,,,,,2025-01-29,1,,,,,"キュニティトウレシリコーン",0
302,2010001260854,12,0,2026-10-06,2026-09-03,"ＮＩＳ‐１株式会社",,301,"東京都","中央区","銀座５丁目１５番１号南海東京ビルディング２階",,13,102,1040061,,,,,,,2025-12-16,1,,,,,"ニスワン",0
303,2010001265052,12,0,2026-10-06,2026-10-02,"株式会社ＧＣＬ",,301,"埼玉県","越谷市","赤山本町３－２４ライオンズグローベルス越谷ステーションプラザ１２０１号",,11,222,3430808,,,,,,,2026-05-01,1,,,,,"ジーシーエル",0
304,2010001268831,01,0,2026-10-06,2026-10-06,"エフィアス株式会社",,301,"東京都","中央区","銀座１丁目１２番４号Ｎ＆ＥＢＬＤ．６Ｆ",,13,102,1040061,,,,,,,2026-10-06,1,,,,,"エフィアス",0
305,2010001269251,01,0,2026-10-06,2026-10-06,"エスジーラボ株式会社",,301,"東京都","文京区","本郷５丁目１番１１号ＫＩＩＨＯＵＳＥ２０２",,13,105,1130033,,,,,,,2026-10-06,1,,,,,"エスジーラボ",0
306,2010001269391,01,0,2026-10-06,2026-10-06,"株式会社Ａｄｒｉｅｌ　Ｊａｐａｎ",,301,"東京都","千代田区","丸の内１丁目８番３号丸の内トラストタワー本館２０階",,13,101,1000005,,,,,,,2026-10-06,1,,,,,"アドリエルジャパン",0
307,2010001269466,01,0,2026-10-06,2026-10-06,"株式会社ＦＬＩＰ第３９３号",,301,"東京都","千代田区","丸の内２丁目７番２号",,13,101,1000005,,,,,,,2026-10-06,1,,,,,"エフエルアイピーダイサンビャクキュウジュウサンゴウ",0
308,2010002024481,12,0,2026-10-06,2026-10-01,"有限会社プチ・ローゼ",,302,"東京都","港区","六本木６丁目７番２号",,13,103,1060032,,,,,,,2015-10-05,1,,,,,"プチローゼ",0
309,2010003052845,01,0,2026-10-06,2026-10-06,"合同会社リネックス１",,305,"東京都","中央区","京橋２丁目１２番６号ＡＯＪ税理士法人内",,13,102,1040031,,,,,,,2026-10-06,1,,,,,"リネックスワン",0
310,2010003052861,01,0,2026-10-06,2026-10-06,"未形合同会社",,305,"東京都","千代田区","神田和泉町１番地６－１６ヤマトビル４０５",,13,101,1010024,,,,,,,2026-10-06,1,,,,,"ミケイ",0
311,2010003052944,01,0,2026-10-06,2026-10-06,"ＹＯＲＵＫＡ合同会社",,305,"東京都","中央区","銀座１丁目１２番４号Ｎ＆ＥＢＬＤ．６Ｆ",,13,102,1040061,,,,,,,2026-10-06,1,,,,,"ヨルカ",0
312,2010005027218,12,0,2026-10-06,2026-09-01,"デジタル大阪３特定目的会社",,399,"東京都","中央区","新富１丁目１８番８号ジパングアウトソーシングサービス株式会社内",,13,102,1040041,,,,,,,2017-07-31,1,,,,,"デジタルオオサカスリー",0
313,2010005041516,12,0,2026-10-06,2026-09-01,"ＤＣ７一般社団法人",,399,"東京都","中央区","新富１丁目１８番８号ジパングアウトソーシングサービス株式会社内",,13,102,1040041,,,,,,,2026-03-12,1,,,,,"ディーシーセブン",0
314,2010101006868,12,0,2026-10-06,2026-10-01,"株式会社テスコム",,301,"東京都","八王子市","片倉町１１６３番地８",,13,201,1920914,,,,,,,2015-10-05,1,,,,,"テスコム",0
315,2010101017436,01,0,2026-10-06,2026-10-06,"株式会社メルシーン",,301,"東京都","八王子市","明神町４丁目７番１５号",,13,201,1920046,,,,,,,2026-10-06,1,,,,,"メルシーン",0
316,2010401018670,12,0,2026-10-06,2026-09-04,"株式会社デザイン・オフィス・ネクサス",,301,"東京都","港区","新橋３丁目９番９号喜三郎ビル",,13,103,1050004,,,,,,,2015-10-05,1,,,,,"デザインオフィスネクサス",0
317,2010401107754,01,1,2026-10-06,2015-10-05,"株式会社東京リーガルサポート",,301,"東京都","港区","虎ノ門５丁目１３番１号",,13,103,1050001,,,,,,,2015-10-05,1,,,,,"トウキョウリーガルサポート",0
318,2010401123710,21,0,2026-10-06,2026-09-08,"ＮＥＧＲＡＴＩＮ　ＪＡＰＡＮ株式会社",,301,"東京都","千代田区","神田淡路町１丁目５番地３ＫＴ淡路町ビル５階",,13,101,1010063,,,2026-09-08,01,,,2016-03-15,1,,,,,"ネグラティンジャパン",0
319,2010401159515,12,0,2026-10-06,2026-10-02,"株式会社ＡｔＥｎｔｅｒｔａｉｎｅｒ",,301,"東京都","目黒区","中根２丁目１番７号ボヌール都立大学弐番館４０５",,13,110,1520031,,,,,,,2021-04-08,1,,,,,"アットエンターテイナー",0
320,2010401163104,12,0,2026-10-06,2026-10-02,"ＥｘｔｒａＨｏｐ　Ｎｅｔｗｏｒｋｓ　Ｊａｐａｎ株式会社",,301,"東京都","中央区","日本橋３丁目９番１号日本橋三丁目スクエア１１階",,13,102,1030027,,,,,,,2021-10-11,1,,,,,"エクストラホップネットワークスジャパン",0
321,2010401178812,12,0,2026-10-06,2026-10-02,"株式会社ＫＴ‐Ｈｏｕｓｅ",,301,"神奈川県","川崎市宮前区","土橋３丁目１４番１５号",,14,136,2160005,,,,,,,2023-12-01,1,,,,,"ケーティーハウス",0
322,2010401185437,12,0,2026-10-06,2026-10-02,"株式会社ＩＢＴ総合研究所",,301,"東京都","渋谷区","渋谷２丁目２４番１２号",,13,113,1500002,,,,,,,2024-10-02,1,,,,,"アイビーティーソウゴウケンキュウジョ",0
323,2010401186402,12,0,2026-10-06,2026-10-02,"株式会社リモネン",,301,"新潟県","上越市","大字中田原８０－７",,15,222,9430882,,,,,,,2024-11-14,1,,,,,"リモネン",0
324,2010401195857,12,0,2026-10-06,2026-09-30,"アルバリッジ株式会社",,301,"兵庫県","神戸市中央区","上筒井通５丁目３番４号",,28,110,6510061,,,,,,,2026-01-21,1,,,,,"アルバリッジ",0
325,2010401202539,01,0,2026-10-06,2026-10-06,"株式会社Ｊｏｙ　Ｒｉｄｇｅ",,301,"東京都","港区","芝浦２丁目２番１５号",,13,103,1080023,,,,,,,2026-10-06,1,,,,,"ジョイリッジ",0
326,2010403036968,12,0,2026-10-06,2026-10-02,"合同会社ＶＤ滋賀安曇川蓄電所",,305,"東京都","中央区","銀座７丁目１７番２号",,13,102,1040061,,,,,,,2026-01-09,1,,,,,"ブイディーシガアドガワチクデンショ",0
327,2010403039310,01,0,2026-10-06,2026-10-06,"ＡｉｒＴｒｕｎｋ　Ｊａｐａｎ　Ｈｏｌｄｉｎｇ１４合同会社",,305,"東京都","港区","六本木６丁目１０番１号六本木ヒルズ森タワー",,13,103,1060032,,,,,,,2026-10-06,1,,,,,"エアトランクジャパンホールディングフォーティーン",0
328,2010405026166,01,0,2026-10-06,2026-10-06,"一般社団法人タレントマーケティング推進協会",,399,"東京都","港区","新橋２丁目２１番１号",,13,103,1050004,,,,,,,2026-10-06,1,,,,,"タレントマーケティングスイシンキョウカイ",0
329,2010502006731,11,0,2026-10-06,2026-10-01,"株式会社大統領",,301,"東京都","台東区","上野６丁目１０番１４号",,13,106,1100005,,,,,,,2015-10-05,1,,,,,"ダイトウリョウ",0
330,2010503007811,01,1,2026-10-06,2025-05-02,"未央合同会社",,305,"東京都","台東区","雷門２丁目１９番１７号浅草雷一ビルハローオフィス浅草３０２号",,13,106,1110034,,,,,,,2025-05-02,0,,,,,"ミオウ",0
331,2010503007811,12,0,2026-10-06,2026-10-02,"未央合同会社",,305,"東京都","新宿区","西新宿８丁目１１番１０号星野ビル３階ＯｐｅｎＯｆｆｉｃｅ西新宿駅前３３８号",,13,104,1600023,,,,,,,2025-05-02,1,,,,,"ミオウ",0
332,2010601052148,21,0,2026-10-06,2026-09-18,"株式会社ＪＴＥＣ",,301,"神奈川県","横浜市中区","山下町２８番地ライオンズプラザ山下公園５３０号",,14,104,2310023,,,2026-09-18,01,,,2017-09-06,1,,,,,"ジェイテック",0
333,2010701022562,12,0,2026-10-06,2026-09-24,"株式会社そら",,301,"東京都","中央区","日本橋１丁目４番１号",,13,102,1030027,,,,,,,2015-10-05,1,,,,,"ソラ",0
334,2010701046702,12,0,2026-10-06,2026-10-02,"Ｃｒｅａｍ　ｐｕｆｆ株式会社",,301,"長野県","北佐久郡軽井沢町","大字長倉３２１４番地１７ラフィネＲＩＶＥＲＳＩＤＥＢ棟",,20,321,3890111,,,,,,,2024-10-16,1,,,,,"クリームパフ",0
335,2010701050217,01,0,2026-10-06,2026-10-06,"株式会社ＪＩＮＳＥＴＳＵ",,301,"東京都","品川区","中延４丁目２１番２－３０２号",,13,109,1420053,,,,,,,2026-10-06,1,,,,,"ジンセツ",0
336,2010701050266,01,0,2026-10-06,2026-10-06,"株式会社サイトロリアル",,301,"東京都","品川区","西大井５丁目３番１４号",,13,109,1400015,,,,,,,2026-10-06,1,,,,,"サイトロリアル",0
337,2010801007793,12,0,2026-10-06,2026-09-30,"ＫＳＣＡｕｔｏ株式会社",,301,"神奈川県","川崎市宮前区","西野川３丁目２番１６号",,14,136,2160044,,,,,,,2015-10-05,1,,,,,"ケーエスシーオート",0
338,2010802013691,01,1,2026-10-06,2015-10-05,"有限会社丸善阿部工務店",,302,"東京都","大田区","大森西２丁目２７番６号",,13,111,1430015,,,,,,,2015-10-05,1,,,,,"マルゼンアベコウムテン",0
339,2010803001613,12,0,2026-10-06,2026-10-01,"株式会社アースシンク５５",,301,"東京都","板橋区","東坂下２丁目２番１０号",,13,119,1740042,,,,,,,2015-10-05,1,,,,,"アースシンクゴジュウゴ",0
340,2010803005985,01,0,2026-10-06,2026-10-06,"合同会社ＲＡＤＩＡＮＴ",,305,"東京都","大田区","西糀谷４丁目３番７号ルディナ２０１",,13,111,1440034,,,,,,,2026-10-06,1,,,,,"レイディアント",0
341,2010901060362,01,0,2026-10-06,2026-10-06,"ｋｏｙｕ株式会社",,301,"東京都","世田谷区","太子堂４丁目１８番１５号ＴＡＳＵＫＩＰＲＩＭＥＳＡＮＧＥＮＪＡＹＡ３Ｆ－３",,13,112,1540004,,,,,,,2026-10-06,1,,,,,"コユウ",0
342,2010901060379,01,0,2026-10-06,2026-10-06,"株式会社桜鳳",,301,"東京都","世田谷区","太子堂４丁目１８－１５ＴＡＳＵＫＩＰＲＩＭＥＳＡＮＧＥＮＪＡＹＡ３Ｆ－３",,13,112,1540004,,,,,,,2026-10-06,1,,,,,"オウホウ",0
343,2010903011198,01,0,2026-10-06,2026-10-06,"合同会社ＴＹＲＭ",,305,"東京都","世田谷区","松原５丁目４７番４号",,13,112,1560043,,,,,,,2026-10-06,1,,,,,"ティルム",0
344,2010903011207,01,0,2026-10-06,2026-10-06,"合同会社ＫＩＮＭＥ",,305,"東京都","世田谷区","下馬３丁目３２番５号クレール・ジュン２０２",,13,112,1540002,,,,,,,2026-10-06,1,,,,,"キンメ",0
345,2011001090250,12,0,2026-10-06,2026-10-02,"株式会社リブレ",,301,"大阪府","大阪市淀川区","加島１丁目２番３－２０８号",,27,123,5320031,,,,,,,2015-10-05,1,,,,,"リブレ",0
346,2011001125510,12,0,2026-10-06,2026-09-04,"株式会社ＭＯＦＹ",,301,"東京都","港区","虎ノ門５丁目１１番１号オランダヒルズ森タワーＲｏＰ８０８号室",,13,103,1050001,,,,,,,2018-12-06,1,,,,,"モフィー",0
347,2011001180217,01,0,2026-10-06,2026-10-06,"株式会社福彩堂",,301,"東京都","渋谷区","桜丘町７番３号ベラコート渋谷２０３",,13,113,1500031,,,,,,,2026-10-06,1,,,,,"フクサイドウ",0
348,2011002031963,21,0,2026-10-06,2026-09-08,"有限会社スタジオ・ポットＳＤ",,302,"東京都","渋谷区","神宮前２丁目３３番１８号ビラセレーナ３０３号室",,13,113,1500001,,,2026-09-08,01,,,2015-10-05,1,,,,,"スタジオポットエスディー",0
349,2011003024495,12,0,2026-10-06,2026-09-25,"合同会社ＣＯＮＦＩＤＯ",,305,"東京都","渋谷区","道玄坂２丁目１５番１号ノア道玄坂５２０号",,13,113,1500043,,,,,,,2026-05-28,1,,,,,"コンフィード",0
350,2011005009684,21,0,2026-10-06,2026-09-25,"一般社団法人ＥＴＮＡ",,399,"東京都","渋谷区","神宮前６丁目３５番３－６１０号",,13,113,1500001,,,2026-09-25,01,,,2022-08-17,1,,,,,"エトナ",0
351,2011005010072,12,0,2026-10-06,2026-09-25,"一般社団法人日本労災対策センター",,399,"東京都","目黒区","東山３丁目３番１０号大沢ビル５０１号室",,13,110,1530043,,,,,,,2023-05-17,1,,,,,"ニホンロウサイタイサクセンター",0
352,2011101008953,12,0,2026-10-06,2026-10-02,"株式会社児童英語研究所",,301,"東京都","千代田区","神田小川町３丁目２８番地７昇龍館ビル３０２",,13,101,1010052,,,,,,,2015-10-05,1,,,,,"ジドウエイゴケンキュウショ",0
353,2011101045947,12,0,2026-10-06,2026-10-02,"株式会社ＭＩＺＵＲＥ企画",,301,"東京都","江東区","大島２丁目２番２０号",,13,108,1360072,,,,,,,2015-10-05,1,,,,,"ミズレキカク",0
354,2011101117572,01,0,2026-10-06,2026-10-06,"ＲｅｎＳｃａｐｅ株式会社",,301,"東京都","新宿区","大久保１丁目１１番２号エコロ新宿第５ビル８０１号室",,13,104,1690072,,,,,,,2026-10-06,1,,,,,"レンスケープ",0
355,2011103018075,01,0,2026-10-06,2026-10-06,"合同会社九九",,305,"東京都","新宿区","新宿２丁目８番１５号パークフロント新宿２０２号室",,13,104,1600022,,,,,,,2026-10-06,1,,,,,"クク",0
356,2011201004423,21,0,2026-10-06,2026-09-30,"株式会社パセット",,301,"東京都","中野区","弥生町１丁目３番２号",,13,114,1640013,,,2026-09-30,01,,,2015-10-05,1,,,,,"パセット",0
357,2011201026632,01,1,2026-10-06,2025-09-10,"株式会社ＷｈｅｎＰｉｇｓＦｌｙ",,301,"東京都","中野区","野方１丁目１５番９号２Ｆ",,13,114,1650027,,,,,,,2025-09-10,0,,,,,,0
358,2011201026632,12,0,2026-10-06,2026-10-02,"株式会社ＷｈｅｎＰｉｇｓＦｌｙ",,301,"東京都","渋谷区","道玄坂１丁目１０番８号渋谷道玄坂東急ビル２Ｆ－Ｃ",,13,113,1500043,,,,,,,2025-09-10,1,,,,,,0
359,2011201027449,01,0,2026-10-06,2026-10-06,"ＨＮライフ株式会社",,301,"東京都","中野区","本町６丁目１番１号",,13,114,1640012,,,,,,,2026-10-06,1,,,,,"エイチエヌライフ",0
360,2011203005106,01,0,2026-10-06,2026-10-06,"合同会社Ｋ‐ＴＥＣ",,305,"東京都","中野区","白鷺２丁目１４番３６号テラスハウス潤２",,13,114,1650035,,,,,,,2026-10-06,1,,,,,,0
361,2011401026044,21,0,2026-10-06,2026-10-02,"星輪株式会社",,301,"東京都","板橋区","仲宿６３－７ＯＥＯｆｆｉｃｅＢｌｄｇ．５０３号",,13,119,1730005,,,2026-10-02,01,,,2024-05-07,1,,,,,"セイリン",0
362,2011501003265,01,1,2026-10-06,2015-10-05,"トーフジパック株式会社",,301,"東京都","北区","滝野川１丁目９２番４－９０３",,13,117,1140023,,,,,,,2015-10-05,1,,,,,"トーフジパック",0
363,2011501028469,12,0,2026-10-06,2026-09-24,"鯤鵬国際株式会社",,301,"大阪府","大阪市西区","西本町２丁目１番２８号西武ビル２０１",,27,106,5500005,,,,,,,2022-09-13,1,"Kunpeng International Co.,Ltd.","Tokyo","Asakusa Bldg. J Room, 3-27-2, Minamisenju, Arakawa ku",,"コンホウコクサイ",0
364,2011503004897,12,0,2026-10-06,2026-10-01,"合同会社トランジション",,305,"東京都","中央区","日本橋堀留町２丁目６番６号ライフサイエンスビル８階",,13,102,1030012,,,,,,,2021-09-17,1,,,,,"トランジション",0
365,2011505002783,01,0,2026-10-06,2026-10-06,"医療法人社団緑奏会",,399,"東京都","北区","上十条２丁目３０番１号ブラックストンビル６階",,13,117,1140034,,,,,,,2026-10-06,1,,,,,"リョクソウカイ",0
366,2011601019582,12,0,2026-10-06,2026-10-02,"ストロングポイント株式会社",,301,"大阪府","大阪市北区","中之島３丁目３番２３号中之島ダイビル３０階",,27,127,5300005,,,,,,,2015-10-05,1,,,,,"ストロングポイント",0
367,2011601029912,01,0,2026-10-06,2026-10-06,"三成アセットマネジメント株式会社",,301,"東京都","練馬区","中村北２丁目２５番９号",,13,120,1760023,,,,,,,2026-10-06,1,,,,,"サンセイアセットマネジメント",0
368,2011601029920,01,0,2026-10-06,2026-10-06,"フルヤ防犯株式会社",,301,"東京都","練馬区","北町７丁目７－２８",,13,120,1790081,,,,,,,2026-10-06,1,,,,,"フルヤボウハン",0
369,2011602022338,12,0,2026-10-06,2026-10-01,"有限会社ＴＡＲＧＥＴ",,302,"東京都","豊島区","巣鴨２丁目５番２号都ビル５Ｆ",,13,116,1700002,,,,,,,2015-10-05,1,,,,,"ターゲット",0
370,2011603005283,01,0,2026-10-06,2026-10-06,"合同会社Ｋｅｎｊｕ　Ｈｅａｌｔｈ　ａｎｄ　Ｗｅｌｌｎｅｓｓ　Ｔｒａｄｉｎｇ",,305,"東京都","練馬区","春日町２丁目３１番３２号",,13,120,1790074,,,,,,,2026-10-06,1,,,,,"ケンジュヘルスアンドウェルネストレーディング",0
371,2011703004722,01,0,2026-10-06,2026-10-06,"合同会社Ａｎｔｈｅｍ",,305,"東京都","江戸川区","西一之江３丁目３６－８ドミールアリス４０２号室",,13,123,1320023,,,,,,,2026-10-06,1,,,,,"アンセム",0
372,2011801035768,12,0,2026-10-06,2026-10-01,"株式会社ゼンソー",,301,"青森県","三戸郡階上町","大字角柄折字神子沢１２番地７",,02,446,0391208,,,,,,,2019-02-20,1,,,,,"ゼンソー",0
373,2011802018508,21,0,2026-10-06,2026-09-25,"有限会社堀富建設",,302,"東京都","足立区","大谷田４丁目３番１号",,13,121,1200001,,,2026-09-25,01,,,2015-10-05,1,,,,,"ホリトミケンセツ",0
374,2012401036413,12,0,2026-10-06,2026-09-29,"株式会社日本クレスト",,301,"東京都","港区","東新橋１丁目１番２２号ＧＩＮＺＡ３３",,13,103,1050021,,,,,,,2020-04-01,1,,,,,"ニホンクレスト",0
375,2012401043855,12,0,2026-10-06,2026-10-01,"株式会社Ｄ＆Ｌ",,301,"東京都","豊島区","南長崎１丁目１９番２号",,13,116,1710052,,,,,,,2025-11-27,1,,,,,"ディーアンドエル",0
376,2012401044936,01,0,2026-10-06,2026-10-06,"株式会社Ｃｏｎｎｅｃｔ　Ｉｎｔｅｒｎａｔｉｏｎａｌ",,301,"東京都","多摩市","関戸４丁目１０番地の９聖ビル４Ｆ－Ｂ",,13,224,2060011,,,,,,,2026-10-06,1,,,,,"コネクトインターナショナル",0
377,2012401044952,01,0,2026-10-06,2026-10-06,"株式会社１７１１",,301,"東京都","府中市","新町２丁目１２番地の１",,13,206,1830052,,,,,,,2026-10-06,1,,,,,"セブンティーンイレブン",0
378,2012803004199,01,0,2026-10-06,2026-10-06,"合同会社かとうパフォーマンス研究所",,305,"東京都","東大和市","上北台１丁目４番６号コーポ内野１０５号室",,13,220,2070023,,,,,,,2026-10-06,1,,,,,"カトウパフォーマンスケンキュウジョ",0
379,2013201000617,12,0,2026-10-06,2026-09-17,"株式会社一誠堂",,301,"東京都","目黒区","自由が丘１丁目２９番１－１５０３号",,13,110,1520035,,,,,,,2015-10-05,1,,,,,"イッセイドウ",0
380,2013201012637,01,1,2026-10-06,2015-10-05,"株式会社レコンオフィス",,301,"東京都","目黒区","東山３丁目１番１９号",,13,110,1530043,,,,,,,2015-10-05,0,,,,,"レコンオフィス",0
381,2013201012637,12,0,2026-10-06,2026-10-02,"株式会社レコンオフィス",,301,"東京都","世田谷区","尾山台２丁目２６番９号サムポイントビル４階",,13,112,1580086,,,,,,,2015-10-05,1,,,,,"レコンオフィス",0
382,2013202005664,21,0,2026-10-06,2026-09-24,"有限会社ぶら里",,302,"東京都","目黒区","平町１丁目２７番１０号",,13,110,1520032,,,2026-09-24,01,,,2015-10-05,1,,,,,,0
383,2013202011423,21,0,2026-10-06,2026-09-04,"有限会社アルトワークス",,302,"東京都","目黒区","洗足２丁目２５番１８号",,13,110,1520012,,,2026-09-04,01,,,2015-10-05,1,,,,,"アルトワークス",0
384,2013301056856,01,0,2026-10-06,2026-10-06,"株式会社ＴＨＣ",,301,"東京都","豊島区","高田３丁目５番２０号",,13,116,1710033,,,,,,,2026-10-06,1,,,,,"ティーエイチシー",0
385,2013303004664,21,0,2026-10-06,2026-09-24,"合同会社プログレ",,305,"東京都","豊島区","西池袋４丁目１５番１５号サンハイム・トシ２０１号",,13,116,1710021,,,2026-09-24,01,,,2019-06-04,1,,,,,"プログレ",0
386,2020001010481,01,1,2026-10-06,2015-10-05,"株式会社ビゾン建築設計事務所",,301,"神奈川県","横浜市中区","長者町３丁目８番地１３",,14,104,2310033,,,,,,,2015-10-05,0,,,,,"ビゾンケンチクセッケイジムショ",0
387,2020001010481,12,1,2026-10-06,2026-09-15,"株式会社ビゾン建築設計事務所",,301,"神奈川県","横浜市神奈川区","台町１番地２",,14,102,2210834,,,,,,,2015-10-05,1,,,,,"ビゾンケンチクセッケイジムショ",0
388,2020001085219,12,0,2026-10-06,2026-10-02,"株式会社ＭＡＲＢＬＥＳ",,301,"東京都","豊島区","目白１丁目３－１４アルビオン目白１階",,13,116,1710031,,,,,,,2015-10-05,1,,,,,"マーブルス",0
389,2020001137787,01,1,2026-10-06,2020-09-23,"Ｈａｎｘ株式会社",,301,"神奈川県","横浜市中区","新山下１丁目１４番１－７１９号",,14,104,2310801,,,,,,,2020-09-23,0,,,,,,0
390,2020001137787,12,1,2026-10-06,2021-10-01,"Ｈａｎｘ株式会社",,301,"神奈川県","横浜市西区","みなとみらい２丁目２番地１号ランドマークプラザ５階",,14,103,2200012,,,,,,,2020-09-23,0,,,,,,0
391,2020001137787,12,1,2026-10-06,2026-10-02,"Ｈａｎｘ株式会社",,301,"神奈川県","横浜市西区","北幸２丁目１０番４８号むつみビル３階",,14,103,2200004,,,,,,,2020-09-23,1,,,,,,0
392,2020001141855,12,0,2026-10-06,2026-09-18,"エリー株式会社",,301,"神奈川県","川崎市宮前区","菅生ケ丘２３番１０－３号",,14,136,2160014,,,,,,,2021-06-18,1,,,,,"エリー",0
393,2020001157975,12,0,2026-10-06,2026-09-16,"株式会社横浜Ｋ‐ＳＭＩＬＥ",,301,"神奈川県","横浜市戸塚区","上矢部町２３４３－１",,14,110,2450053,,,,,,,2024-07-02,1,,,,,"ヨコハマケースマイル",0
394,2020001170540,01,0,2026-10-06,2026-10-06,"ｍｏｒｅｓｔａｒ株式会社",,301,"神奈川県","川崎市多摩区","菅馬場２丁目２９番５号",,14,135,2140004,,,,,,,2026-10-06,1,,,,,"モアスター",0
395,2020002036831,01,1,2026-10-06,2015-10-05,"有限会社朝日屋カナイ",,302,"神奈川県","横浜市鶴見区","北寺尾７丁目２２番１２号",,14,101,2300074,,,,,,,2015-10-05,1,,,,,"アサヒヤカナイ",0
396,2020003027425,11,0,2026-10-06,2026-09-16,"合同会社オフィスイシバシ．マオラ",,305,"神奈川県","川崎市幸区","南加瀬３丁目６番２８号フレールハイツ３０２",,14,132,2120055,,,,,,,2024-12-13,1,,,,,"オフィスイシバシドットマオラ",0
397,2020003031897,01,0,2026-10-06,2026-10-06,"合同会社ＰＯＮＴＯ",,305,"神奈川県","横浜市鶴見区","駒岡１丁目８番２号",,14,101,2300071,,,,,,,2026-10-06,1,,,,,"ポント",0
398,2021001089283,01,0,2026-10-06,2026-10-06,"株式会社ザイナース",,301,"神奈川県","厚木市","中町４丁目１４番１号サクセス本厚木ビル６Ｆ",,14,212,2430018,,,,,,,2026-10-06,1,,,,,"ザイナース",0
399,2021001089317,01,0,2026-10-06,2026-10-06,"株式会社サイトウ工業",,301,"神奈川県","茅ヶ崎市","美住町１２番５４－３号",,14,207,2530023,,,,,,,2026-10-06,1,,,,,"サイトウコウギョウ",0
400,2021003009702,21,0,2026-10-06,2026-09-14,"合同会社ジョイ倶楽部",,305,"神奈川県","横須賀市","三春町６丁目８２番地",,14,201,2380014,,,2026-09-14,01,,,2020-09-17,1,,,,,"ジョイクラブ",0
401,2030001033399,01,1,2026-10-06,2015-10-05,"株式会社モンタナ",,301,"埼玉県","加須市","鳩山町十丁目７番１号",,11,210,3470019,,,,,,,2015-10-05,1,,,,,"モンタナ",0
402,2030001103607,21,0,2026-10-06,2026-09-18,"株式会社フィルケアサービス",,301,"埼玉県","鶴ヶ島市","大字鶴ヶ丘７５番地８渋谷マンションＢ号室",,11,241,3502204,,,2026-09-18,01,,,2015-10-05,1,,,,,"フィルケアサービス",0
403,2030001117045,01,1,2026-10-06,2016-11-04,"株式会社ナチュラルプランニング囲",,301,"埼玉県","北葛飾郡杉戸町","大字才羽１４２３番地",,11,464,3450014,,,,,,,2016-11-04,0,,,,,"ナチュラルプランニングカコム",0
404,2030001117045,12,1,2026-10-06,2026-09-16,"株式会社ナチュラルプランニング囲",,301,"埼玉県","北葛飾郡杉戸町","大字才羽１４２２番地２",,11,464,3450014,,,,,,,2016-11-04,1,,,,,"ナチュラルプランニングカコム",0
405,2030001150178,12,0,2026-10-06,2026-09-17,"株式会社ソフィア福祉パートナーズ",,301,"埼玉県","本庄市","児玉町秋山８４７番４",,11,211,3670213,,,,,,,2022-09-26,0,,,,,"ソフィアフクシパートナーズ",0
406,2030001150178,11,0,2026-10-06,2026-09-17,"オアシスパートナーズ株式会社",,301,"埼玉県","本庄市","児玉町秋山８４７番４",,11,211,3670213,,,,,,,2022-09-26,1,,,,,"オアシスパートナーズ",0
407,2030001162586,12,0,2026-10-06,2026-10-02,"株式会社ミライズ",,301,"神奈川県","横浜市西区","北幸２丁目１０番４８号むつみビル３階",,14,103,2200004,,,,,,,2024-09-20,1,,,,,"ミライズ",0
408,2030001170093,21,0,2026-10-06,2026-09-17,"株式会社マスダ",,301,"埼玉県","春日部市","米島３５８番地１３０",,11,214,3440115,,,2026-09-17,01,,,2025-12-12,1,,,,,"マスダ",0
409,2030002023993,01,1,2026-10-06,2015-10-05,"有限会社カナヤ工業",,302,"埼玉県","戸田市","笹目１丁目２８番地の８",,11,224,3350034,,,,,,,2015-10-05,1,,,,,"カナヤコウギョウ",0
410,2030002058437,21,0,2026-10-06,2026-09-11,"有限会社小寺塗装",,302,"埼玉県","朝霞市","膝折町２丁目１２番１１号",,11,227,3510014,,,2026-09-11,01,,,2015-10-05,1,,,,,"コデラトソウ",0
411,2030003030056,01,0,2026-10-06,2026-10-06,"合同会社ハナサク",,305,"埼玉県","飯能市","東町２２番１０号",,11,209,3570034,,,,,,,2026-10-06,1,,,,,"ハナサク",0
412,2030005017472,21,0,2026-10-06,2026-09-16,"ＮＰＯ法人日本応援団",,399,"埼玉県","所沢市","大字下富５９１番地の５（アイガレージ内）",,11,208,3590001,,,2026-09-16,01,,,2015-10-05,1,,,,,"ニッポンオウエンダン",0
413,2040001057257,01,1,2026-10-06,2015-10-05,"千葉セントラル測量株式会社",,301,"千葉県","東金市","田間７９２番地",,12,213,2830005,,,,,,,2015-10-05,1,,,,,"チバセントラルソクリョウ",0
414,2040001066745,71,0,2026-10-06,2026-09-01,"いずみ産業株式会社",,301,"千葉県","我孫子市","天王台４丁目１７番１号",,12,222,2701143,,,,,,"令和８年９月１日横浜市西区浅間町五丁目３８０番地の１３有限会社呉石材（6020002061702）を合併",2015-10-05,1,,,,,"イズミサンギョウ",0
415,2040002054451,12,0,2026-10-06,2026-09-15,"有限会社デザインオフィス隆",,302,"埼玉県","さいたま市南区","大字大谷口５２７７番地３",,11,108,3360042,,,,,,,2015-10-05,1,,,,,"デザインオフィスリュウ",0
416,2040002085257,21,0,2026-10-06,2026-09-09,"有限会社植田電機工業所",,302,"千葉県","銚子市","犬若１１３１１番地の７",,12,202,2880015,,,2026-09-09,01,,,2015-10-05,1,,,,,"ウエダデンキコウギョウショ",0
417,2040003030807,01,0,2026-10-06,2026-10-06,"ココロミタス合同会社",,305,"千葉県","八千代市","大和田新田９５７番地８",,12,221,2760046,,,,,,,2026-10-06,1,,,,,"ココロミタス",0
418,2040005005393,01,1,2026-10-06,2015-10-05,"特定非営利活動法人人材パワーアップセンター",,399,"千葉県","松戸市","栗山５４２番地の２",,12,207,2710097,,,,,,,2015-10-05,0,,,,,,0
419,2040005005393,12,1,2026-10-06,2020-06-08,"特定非営利活動法人人材パワーアップセンター",,399,"千葉県","松戸市","稔台１丁目２５番地６号",,12,207,2702231,,,,,,,2015-10-05,0,,,,,,0
420,2040005005393,12,1,2026-10-06,2025-02-04,"特定非営利活動法人人材パワーアップセンター",,399,"千葉県","松戸市","稔台７丁目１２－６コートルビナス１０２",,12,207,2702231,,,,,,,2015-10-05,1,,,,,,0
421,2050001041268,01,1,2026-10-06,2016-07-08,"株式会社エフ・クルーシー",,301,"茨城県","稲敷郡阿見町","大字吉原３４７５",,08,443,3001155,,,,,,,2016-07-08,1,,,,,"エフクルーシー",0
422,2050003010312,01,0,2026-10-06,2026-10-06,"ソラ・グローバル総合研究所合同会社",,305,"茨城県","取手市","野々井１０６０番地４３",,08,217,3020032,,,,,,,2026-10-06,1,,,,,"ソラグローバルソウゴウケンキュウジョ",0
423,2050003010403,01,0,2026-10-06,2026-10-06,"合同会社Ｋｕｒｉｋｉｎｄｉ",,305,"茨城県","稲敷郡阿見町","大字阿見４６３０番地１１５",,08,443,3000331,,,,,,,2026-10-06,1,,,,,"クリキンディ",0
424,2060001038651,12,0,2026-10-06,2026-10-02,"皐月金属株式会社",,301,"東京都","中央区","八丁堀１丁目１４－８",,13,102,1040032,,,,,,,2025-10-06,1,,,,,"サツキキンゾク",0
425,2060003006251,01,0,2026-10-06,2026-10-06,"ツインズライフホーム合同会社",,305,"栃木県","下野市","上大領２９０番地１７",,09,216,3290517,,,,,,,2026-10-06,1,,,,,"ツインズライフホーム",0
426,2080001013529,11,0,2026-10-06,2026-10-01,"株式会社継アセット",,301,"静岡県","榛原郡川根本町","東藤川７２２番地の２",,22,429,4280414,,,,,,,2015-10-05,1,,,,,"ケイアセット",0
427,2080001014972,12,0,2026-10-06,2026-10-01,"太神漁業株式会社",,301,"静岡県","焼津市","中港５丁目１２番１９号",,22,212,4250021,,,,,,,2015-10-05,1,,,,,"タイジンギョギョウ",0
428,2080001027834,01,0,2026-10-06,2026-10-06,"ＩＬＰパートナーズ株式会社",,301,"静岡県","静岡市駿河区","西脇６８２番地スカイプラザおか６０Ｄ号",,22,102,4228044,,,,,,,2026-10-06,1,,,,,"アイエルピーパートナーズ",0
429,2080001027842,01,0,2026-10-06,2026-10-06,"株式会社ＭＩＯ",,301,"静岡県","静岡市葵区","西草深町１２番２号",,22,101,4200866,,,,,,,2026-10-06,1,,,,,"ミオ",0
430,2080002017173,01,1,2026-10-06,2015-10-05,"有限会社ＥＮ・ＥＮ",,302,"静岡県","焼津市","小川３１８３番地の２",,22,212,4250033,,,,,,,2015-10-05,1,,,,,"エンエン",0
431,2080401004433,21,0,2026-10-06,2026-10-02,"株式会社浜包",,301,"静岡県","浜松市中央区","下飯田町４９８番地",,22,138,4350027,,,2026-10-02,11,4080401025592,"令和８年１０月１日静岡県浜松市中央区金折町１９０９番地株式会社浜松ベジタブル（4080401025592）に合併し解散",2015-10-05,1,,,,,"ハマホウ",0
432,2080401028886,01,0,2026-10-06,2026-10-06,"株式会社三伍八",,301,"静岡県","浜松市中央区","常盤町１４４番地の６常盤町レジデンス２０２号",,22,138,4300917,,,,,,,2026-10-06,1,,,,,"サンゴハチ",0
433,2090001020111,01,0,2026-10-06,2026-10-06,"株式会社雨宮商事",,301,"山梨県","笛吹市","石和町四日市場１８１５番地１ルピービル３Ｂ号室",,19,211,4060032,,,,,,,2026-10-06,1,,,,,"アメミヤショウジ",0
434,2110001003609,21,0,2026-10-06,2026-09-24,"株式会社富山左官工業",,301,"新潟県","新潟市中央区","女池３丁目４番１０号",,15,103,9500941,,,2026-09-24,01,,,2015-10-05,1,,,,,"トミヤマサカンコウギョウ",0
435,2110001005679,01,1,2026-10-06,2015-10-05,"株式会社山由石油",,301,"新潟県","新潟市西区","小新４丁目９番３９号",,15,107,9502023,,,,,,,2015-10-05,1,,,,,"ヤマヨシセキユ",0
436,2110001040437,01,0,2026-10-06,2026-10-06,"株式会社新潟トマトファーム",,301,"新潟県","新潟市江南区","西山８３０番地９",,15,104,9500113,,,,,,,2026-10-06,1,,,,,"ニイガタトマトファーム",0
437,2110001040453,01,0,2026-10-06,2026-10-06,"株式会社ＭｏｔｈｅｒＳｈｉｐ",,301,"新潟県","新潟市中央区","南笹口１丁目１番３８号コープオリンピア８０８",,15,103,9500912,,,,,,,2026-10-06,1,,,,,"マザーシップ",0
438,2110002010430,21,0,2026-10-06,2026-09-24,"株式会社あんしん２１",,301,"新潟県","新潟市南区","味方６０２番地１",,15,106,9501261,,,2026-09-24,01,,,2015-10-05,1,,,,,"アンシンニジュウイチ",0
439,2120001025412,01,1,2026-10-06,2015-10-05,"株式会社丸五商會",,301,"大阪府","大阪市天王寺区","勝山４丁目１０番１７号",,27,109,5430043,,,,,,,2015-10-05,1,,,,,"マルゴショウカイ",0
440,2120001025610,01,1,2026-10-06,2015-10-05,"株式会社森川合同経営会計事務所",,301,"大阪府","大阪市中央区","安堂寺町２丁目２番８号",,27,128,5420061,,,,,,,2015-10-05,1,,,,,"モリカワゴウドウケイエイカイケイジムショ",0
441,2120001027648,12,0,2026-10-06,2026-10-01,"泉陽株式会社",,301,"大阪府","大阪市大正区","泉尾６丁目５番１号",,27,108,5510031,,,,,,,2015-10-05,1,,,,,"センヨウ",0
442,2120001075853,12,0,2026-10-06,2026-09-30,"株式会社エムアンドエム",,301,"大阪府","豊中市","新千里南町１丁目１１番１号",,27,203,5600084,,,,,,,2015-10-05,1,,,,,"エムアンドエム",0
443,2120001168896,01,1,2026-10-06,2015-10-05,"株式会社ＲｅＢｏｒｎ",,301,"大阪府","大阪市中央区","西心斎橋２丁目９－３５－８０２",,27,128,5420086,,,,,,,2015-10-05,1,,,,,"リボーン",0
444,2120001183219,01,1,2026-10-06,2015-10-05,"株式会社ａｎｄ　Ｎｉｃｏ　Ｉｎｔｅｒｎａｔｉｏｎａｌ",,301,"大阪府","大阪市港区","港晴３丁目１７番２０号",,27,107,5520023,,,,,,,2015-10-05,1,,,,,"アンドニコインターナショナル",0
445,2120001214403,12,0,2026-10-06,2026-10-01,"株式会社甚",,301,"大阪府","大阪市北区","天神橋３丁目４番５－１００７号",,27,127,5300041,,,,,,,2018-07-06,1,,,,,"ジン",0
446,2120001264019,12,0,2026-10-06,2026-09-24,"国興商事株式会社",,301,"大阪府","大阪市天王寺区","東上町４－９",,27,109,5430026,,,,,,,2024-04-17,1,,,,,"コッコウショウジ",0
447,2120001273878,12,0,2026-10-06,2026-09-29,"株式会社Ｓｕｏｉｉ",,301,"神奈川県","川崎市中原区","木月２丁目１７番５号６号室",,14,133,2110025,,,,,,,2025-03-21,1,,,,,"サオイー",0
448,2120001289395,01,0,2026-10-06,2026-10-06,"スタートパートナーズバックオフィス株式会社",,301,"大阪府","大阪市北区","梅田１丁目１１番４号大阪駅前第４ビル１９階",,27,127,5300001,,,,,,,2026-10-06,1,,,,,"スタートパートナーズバックオフィス",0
449,2120001289404,01,0,2026-10-06,2026-10-06,"Ｋｉ株式会社",,301,"大阪府","大阪市西区","南堀江１丁目１５番１０号",,27,106,5500015,,,,,,,2026-10-06,1,,,,,"キイ",0
450,2120003033529,01,0,2026-10-06,2026-10-06,"ネクストディール合同会社",,305,"大阪府","大阪市北区","梅田１丁目１－３大阪駅前第３ビル２９階１－１－１号室",,27,127,5300001,,,,,,,2026-10-06,1,,,,,"ネクストディール",0
451,2120003033578,01,0,2026-10-06,2026-10-06,"合同会社ブルー",,305,"大阪府","大阪市淀川区","西中島４丁目９－１９リバーサイド新大阪４１５",,27,123,5320011,,,,,,,2026-10-06,1,,,,,"ブルー",0
452,2120003033611,01,0,2026-10-06,2026-10-06,"合同会社ＧＲＯＷＮＥＡ",,305,"大阪府","大阪市平野区","喜連西３丁目１番２２‐９１０号",,27,126,5470026,,,,,,,2026-10-06,1,,,,,"グローネア",0
453,2120005021481,12,0,2026-10-06,2026-10-01,"一般社団法人真践組",,399,"大阪府","大阪市東淀川区","東中島１丁目１３番４３－６２７号",,27,114,5330033,,,,,,,2020-03-10,1,,,,,"シンセングミ",0
454,2120005025631,12,0,2026-10-06,2026-10-01,"一般社団法人リアル",,399,"埼玉県","児玉郡神川町","大字八日市２２９番地２",,11,383,3670244,,,,,,,2026-07-02,1,,,,,"リアル",0
455,2120005025796,01,0,2026-10-06,2026-10-06,"一般社団法人ママ探偵ｃｌｕｂ",,399,"大阪府","大阪市中央区","徳井町２丁目２番１４号徳井ビル３０３号",,27,128,5400025,,,,,,,2026-10-06,1,,,,,"ママタンテイクラブ",0
456,2120101054534,12,0,2026-10-06,2026-10-01,"株式会社ジェイテクノシステムズ",,301,"大阪府","堺市堺区","中安井町３丁２番１３号",,27,141,5900063,,,,,,,2016-03-30,1,,,,,"ジェイテクノシステムズ",0
457,2120101054831,01,1,2026-10-06,2016-05-26,"株式会社ＰＯＩＮＴ－Ｋ２",,301,"大阪府","堺市中区","東山６１３－１",,27,142,5998247,,,,,,,2016-05-26,1,,,,,"ポイントケイツー",0
458,2120101074425,01,0,2026-10-06,2026-10-06,"恒豊株式会社",,301,"大阪府","泉南郡岬町","望海坂１丁目１９番４号",,27,366,5990304,,,,,,,2026-10-06,1,,,,,"コウホウ",0
459,2120102027381,01,1,2026-10-06,2015-10-05,"有限会社岬造園土木",,302,"大阪府","泉南郡岬町","多奈川西畑１９２番地",,27,366,5990313,,,,,,,2015-10-05,0,,,,,"ミサキゾウエンドボク",0
460,2120102027381,12,1,2026-10-06,2017-03-16,"有限会社岬造園土木",,302,"大阪府","泉南郡岬町","多奈川西畑７８５番地",,27,366,5990313,,,,,,,2015-10-05,1,,,,,"ミサキゾウエンドボク",0
461,2120901030230,12,0,2026-10-06,2026-10-01,"株式会社北大阪電装",,301,"大阪府","吹田市","江坂町２丁目２１番２１号エタニティスペースＩＩＡ号",00145167,27,205,5640063,,,,,,,2015-10-05,1,,,,,"キタオオサカデンソウ",0
462,2120901051532,12,0,2026-10-06,2026-10-01,"慧策株式会社",,301,"大阪府","吹田市","豊津町１８番３７号江坂ビジネスゾーン３０２号室",,27,205,5640051,,,,,,,2025-09-30,1,,,,,"ケイサク",0
463,2120901053280,01,0,2026-10-06,2026-10-06,"西山電気商会株式会社",,301,"大阪府","高槻市","大冠町１丁目１６番９号の１",,27,207,5690031,,,,,,,2026-10-06,1,,,,,"ニシヤマデンキショウカイ",0
464,2120901053289,01,0,2026-10-06,2026-10-06,"株式会社ｃａｆｉｋａ",,301,"大阪府","箕面市","牧落２丁目７番１３号マザービル２階Ａ号室",,27,220,5620004,,,,,,,2026-10-06,1,,,,,"カフィカ",0
465,2122001008330,01,1,2026-10-06,2015-10-05,"株式会社米澤製作所",,301,"大阪府","東大阪市","稲田本町１丁目１番３７号",,27,227,5770007,,,,,,,2015-10-05,1,,,,,"ヨネザワセイサクショ",0
466,2122001037503,11,0,2026-10-06,2026-10-01,"株式会社都鳳工業",,301,"大阪府","大東市","朋来１丁目３０番３２号",,27,218,5740034,,,,,,,2023-10-23,1,,,,,"トオウコウギョウ",0
467,2130001007921,01,1,2026-10-06,2015-10-05,"株式会社エバタ",,301,"京都府","京都市西京区","御陵大枝山町５丁目１番地",,26,111,6101102,,,,,,,2015-10-05,0,,,,,,0
468,2130001007921,12,1,2026-10-06,2019-09-05,"株式会社エバタ",,301,"京都府","京都市右京区","常盤村ノ内町８－１０",,26,108,6168221,,,,,,,2015-10-05,0,,,,,,0
469,2130001007921,12,1,2026-10-06,2021-09-13,"株式会社エバタ",,301,"京都府","京都市右京区","太秦朱雀町１－５シャトル朱雀１Ｆ",,26,108,6168137,,,,,,,2015-10-05,1,,,,,,0
470,2130001016451,21,0,2026-10-06,2026-09-24,"株式会社ミュージックプラン",,301,"京都府","京都市左京区","北白川東瀬ノ内町８番地の１",,26,103,6068254,,,2026-09-24,01,,,2015-10-05,1,,,,,"ミュージックプラン",0
471,2130001050533,12,0,2026-10-06,2026-09-14,"株式会社Ｇ＆Ｒホールディングス",,301,"京都府","宇治市","広野町新成田１００－１５０",,26,204,6110031,,,,,,,2015-10-05,1,,,,,"ジーアンドアールホールディングス",0
472,2130001052752,01,1,2026-10-06,2015-10-05,"株式会社Ｄ－ｆｒｏｎｔｉｅｒ",,301,"京都府","久世郡久御山町","野村村東３９４－１",,26,322,6130023,,,,,,,2015-10-05,1,,,,,"ディーフロンティア",0
473,2130001063329,01,1,2026-10-06,2018-11-14,"株式会社スマイルコレクターズ",,301,"京都府","京都市北区","大宮東総門口町４０番地",,26,101,6038833,,,,,,,2018-11-14,1,,,,,,0
474,2130001064450,01,1,2026-10-06,2019-05-13,"匠航空ＨＤ株式会社",,301,"京都府","京都市伏見区","向島柳島１番地",,26,109,6120000,,,,,,,2019-05-13,0,,,,,"タクミコウクウホールディングス",0
475,2130001064450,11,1,2026-10-06,2021-09-06,"Ｓｐａｃｅ　Ａｖｉａｔｉｏｎ株式会社",,301,"京都府","京都市伏見区","向島柳島１番地",,26,109,6120000,,,,,,,2019-05-13,0,,,,,,0
476,2130001064450,21,0,2026-10-06,2026-09-30,"Ｓｐａｃｅ　Ａｖｉａｔｉｏｎ株式会社",,301,"京都府","京都市伏見区","向島柳島１番地",,26,109,6120000,,,2026-09-30,11,1260001007793,"令和８年９月１日岡山市南区浦安南町６７２番地１Ｓｐａｃｅ　Ａｖｉａｔｉｏｎ株式会社（1260001007793）に合併し解散",2019-05-13,1,,,,,,0
477,2130001079242,71,0,2026-10-06,2026-10-01,"株式会社松島",,301,"京都府","京都市中京区","高倉通夷川上る福屋町７１８番地吉原ビル２階",,26,104,6040882,,,,,,"令和８年１０月１日京都市中京区木屋町通三条上る上大阪町５１５番地ＭＩＹＵＫＩビル５Ｆ株式会社ＹＯＵ（8130001052904）を合併",2025-03-19,1,,,,,"マツシマ",0
478,2130002017275,01,1,2026-10-06,2015-10-05,"有限会社フジモト電化",,302,"京都府","京都市中京区","西ノ京南上合町８２番地の２７",,26,104,6048483,,,,,,,2015-10-05,1,,,,,"フジモトデンカ",0
479,2130005012918,11,0,2026-10-06,2026-10-01,"一般社団法人京都府中小企業診断士協会",,399,"京都府","京都市下京区","四条通室町東入函谷鉾町７８番地京都経済センター４０３",,26,106,6008009,,,,,,,2015-10-05,1,,,,,"キョウトフチュウショウキギョウシンダンシキョウカイ",0
480,2130005017801,01,0,2026-10-06,2026-10-06,"税理士法人神明会計",,399,"京都府","京都市下京区","本上神明町４４８番地神明ビル２Ｆ",,26,106,6008064,,,,,,,2026-10-06,1,,,,,"シンメイカイケイ",0
481,2140001103018,01,1,2026-10-06,2016-08-05,"スラッシュワークス株式会社",,301,"兵庫県","神戸市中央区","御幸通８丁目１番６号神戸国際会館２２階",,28,110,6510087,,,,,,,2016-08-05,0,,,,,"スラッシュワークス",0
482,2140001103018,12,1,2026-10-06,2016-10-28,"スラッシュワークス株式会社",,301,"兵庫県","神戸市中央区","磯辺通３丁目１番２号",,28,110,6510084,,,,,,,2016-08-05,1,,,,,"スラッシュワークス",0
483,2140001143658,12,0,2026-10-06,2026-10-02,"ＡｐｅｘＡｓｓｅｔＨｏｌｄｉｎｇｓ株式会社",,301,"大阪府","大阪市福島区","鷺洲３丁目６番１０－３２０２号",,27,103,5530002,,,,,,,2026-08-06,1,,,,,"エイペックスアセットホールディングス",0
484,2140001144152,01,0,2026-10-06,2026-10-06,"株式会社ＭＡＴＳＵＭＯＴＯ　ＧＲＯＵＰ",,301,"兵庫県","姫路市","飾東町八重畑５８３番地８",,28,201,6710208,,,,,,,2026-10-06,1,,,,,"マツモトグループ",0
485,2140003024162,01,0,2026-10-06,2026-10-06,"合同会社Ｐｕｒｉｍａｒｉ",,305,"兵庫県","西宮市","名塩ガーデン１５－６",,28,204,6691143,,,,,,,2026-10-06,1,,,,,"プリマリ",0
486,2150001029253,01,0,2026-10-06,2026-10-06,"株式会社中村建設",,301,"奈良県","生駒市","南田原町１９７８番地１",,29,209,6300135,,,,,,,2026-10-06,1,,,,,"ナカムラケンセツ",0
487,2150001029278,01,0,2026-10-06,2026-10-06,"ＣＹＫ株式会社",,301,"奈良県","生駒市","鹿ノ台西１丁目７番地１",,29,209,6300114,,,,,,,2026-10-06,1,,,,,"シーワイケー",0
488,2150002008413,01,1,2026-10-06,2015-10-05,"有限会社ヤマトカンバイ",,302,"奈良県","橿原市","十市町８５４番地の３",,29,205,6340008,,,,,,,2015-10-05,0,,,,,"ヤマトカンバイ",0
489,2150002008413,12,1,2026-10-06,2026-10-02,"有限会社ヤマトカンバイ",,302,"奈良県","橿原市","十市町１０８０番地１",,29,205,6340008,,,,,,,2015-10-05,1,,,,,"ヤマトカンバイ",0
490,2160001021738,12,0,2026-10-06,2026-10-01,"森田ホールディングス株式会社",,301,"滋賀県","大津市","梅林１丁目４番５号",,25,201,5200051,,,,,,,2019-06-17,1,,,,,"モリタホールディングス",0
491,2160002008619,01,1,2026-10-06,2015-10-05,"有限会社マサル",,302,"滋賀県","彦根市","日夏町７５２番地の１０",,25,202,5220047,,,,,,,2015-10-05,1,,,,,,0
492,2160003002827,12,0,2026-10-06,2026-10-02,"株式会社アセントクロス",,301,"滋賀県","東近江市","垣見町１４０６番地",,25,213,5211221,,,,,,,2023-03-28,1,,,,,"アセントクロス",0
493,2160003003924,01,0,2026-10-06,2026-10-06,"合同会社ＦＫアセット",,305,"滋賀県","草津市","大路１丁目７－１－１８０１",,25,206,5250032,,,,,,,2026-10-06,1,,,,,"エフケイアセット",0
494,2170002001044,01,1,2026-10-06,2015-10-05,"有限会社岸田ガス工業",,302,"和歌山県","和歌山市","加太５１３番地の１",,30,201,6400103,,,,,,,2015-10-05,1,,,,,"キシダガスコウギョウ",0
495,2170002003932,11,0,2026-10-06,2026-10-01,"株式会社ヤマキュウ・ヴェールクリーン",,301,"和歌山県","和歌山市","島橋東ノ丁１番４６号",,30,201,6408413,,,,,,,2015-10-05,1,,,,,"ヤマキュウヴェールクリーン",0
496,2180001041981,12,0,2026-10-06,2026-10-01,"株式会社ロク店装",,301,"愛知県","名古屋市北区","大野町４丁目６番地の４",,23,103,4620035,,,,,,,2015-10-05,1,,,,,"ロクテンソウ",0
497,2180001089815,21,0,2026-10-06,2026-09-24,"株式会社マックプランナー",,301,"愛知県","名古屋市中区","栄５丁目２６番３６号ＧＳ栄ＩＩビル６階",00072422,23,106,4600008,,,2026-09-24,01,,,2015-10-05,1,,,,,"マックプランナー",0
498,2180001131956,12,0,2026-10-06,2026-10-01,"株式会社タイシンパイピング",,301,"愛知県","東海市","名和町後酉７２番地",,23,222,4760002,,,,,,,2018-04-17,1,,,,,"タイシンパイピング",0
499,2180001136451,21,0,2026-10-06,2026-09-24,"株式会社Ｃｒｏｓｓ　Ｌｉｎｅ",,301,"愛知県","名古屋市中川区","中島新町３丁目２５１３番地１Ｆ",,23,110,4540932,,,2026-09-24,01,,,2019-05-13,1,,,,,"クロスライン",0
500,2180001173503,01,0,2026-10-06,2026-10-06,"株式会社ムーブＸ",,301,"愛知県","海部郡飛島村","大字服岡２丁目９番",,23,427,4901431,,,,,,,2026-10-06,1,,,,,"ムーブエックス",0
501,2180001173701,01,0,2026-10-06,2026-10-06,"株式会社ｇａｋｕ",,301,"愛知県","名古屋市中区","丸の内１丁目１番３号床秀ビル１階",,23,106,4600002,,,,,,,2026-10-06,1,,,,,"ガク",0
502,2180001173718,01,0,2026-10-06,2026-10-06,"株式会社レッツドリー",,301,"愛知県","名古屋市中村区","稲葉地町６丁目７６番地",,23,105,4530841,,,,,,,2026-10-06,1,,,,,"レッツドリー",0
503,2180001173750,01,0,2026-10-06,2026-10-06,"株式会社ＬＩＶ",,301,"愛知県","名古屋市瑞穂区","彌富通３丁目２３番地の１ＶｉｌｌａｇｅｄｅＭｉｚｕｈｏ６０２",,23,108,4670064,,,,,,,2026-10-06,1,,,,,"リヴ",0
504,2180001173767,01,0,2026-10-06,2026-10-06,"株式会社ＡＲＥＸＩＯ",,301,"愛知県","北名古屋市","野崎城屋敷５１―１",,23,234,4810042,,,,,,,2026-10-06,1,,,,,"アレクシオ",0
505,2180003020843,11,0,2026-10-06,2026-10-01,"株式会社スタディーハウス",,301,"愛知県","名古屋市瑞穂区","明前町６－２０プレサンスロジェ瑞穂ガーデン３０６",,23,108,4670852,,,,,,,2020-02-14,1,,,,,"スタディーハウス",0
506,2180003030859,01,0,2026-10-06,2026-10-06,"合同会社アズレン",,305,"愛知県","一宮市","伝法寺３丁目１番地１３",,23,203,4910828,,,,,,,2026-10-06,1,,,,,"アズレン",0
507,2180003030867,01,0,2026-10-06,2026-10-06,"合同会社縁ゲージ",,305,"愛知県","一宮市","萩原町萩原字南友重１６０５－２０",,23,203,4910353,,,,,,,2026-10-06,1,,,,,"エンゲージ",0
508,2180005006279,12,0,2026-10-06,2026-09-24,"特定非営利活動法人日本家庭教育再生機構",,399,"愛知県","名古屋市天白区","池場５丁目１５０３番地ライオンズマンション池場２０２号",,23,116,4680055,,,,,,,2015-10-05,1,,,,,"ニホンカテイキョウイクサイセイキコウ",0
509,2180005021699,01,0,2026-10-06,2026-10-06,"医療法人橘",,399,"愛知県","稲沢市","平和町丸渕上３６１番地",,23,220,4901305,,,,,,,2026-10-06,1,,,,,"タチバナ",0
510,2180005021708,01,0,2026-10-06,2026-10-06,"医療法人かなえ会",,399,"愛知県","一宮市","宮西通８丁目１３番地",,23,203,4910064,,,,,,,2026-10-06,1,,,,,"カナエカイ",0
511,2180301008631,01,1,2026-10-06,2015-10-05,"株式会社万平食肉工房",,301,"愛知県","豊橋市","花田町字越水７６番地の５",,23,201,4418019,,,,,,,2015-10-05,1,,,,,"バンペイショクニクコウボウ",0
512,2180301023746,11,0,2026-10-06,2026-09-14,"ＡＣＥ　ＬＩＮＥ株式会社",,301,"愛知県","西尾市","上羽角町郷内６５番地",,23,213,4450011,,,,,,,2015-10-05,1,,,,,"エースライン",0
513,2180301038273,12,0,2026-10-06,2026-09-18,"株式会社豊田工業",,301,"愛知県","豊橋市","東田町字西脇２５番地",,23,201,4400062,,,,,,,2024-01-31,1,,,,,"トヨダコウギョウ",0
514,2190001033490,01,0,2026-10-06,2026-10-06,"株式会社ｋｉｉｎ",,301,"三重県","津市","半田３１３番地１",,24,201,5140823,,,,,,,2026-10-06,1,,,,,"キーン",0
515,2190003004424,12,0,2026-10-06,2026-10-01,"合同会社結家不動産",,305,"三重県","伊賀市","奥馬野５１８番地",,24,216,5181427,,,,,,,2023-08-25,1,,,,,"ムスビヤフドウサン",0
516,2190003005562,01,0,2026-10-06,2026-10-06,"合同会社ＬＯＲＶＥＮＡ",,305,"三重県","伊勢市","小俣町本町３８－８",,24,203,5190505,,,,,,,2026-10-06,1,,,,,"ロルヴェナ",0
517,2200001045518,01,0,2026-10-06,2026-10-06,"株式会社ＥＲＧＯＤＥＳ",,301,"岐阜県","山県市","高富７８番地１",,21,215,5012105,,,,,,,2026-10-06,1,,,,,"エルゴデス",0
518,2200001045542,01,0,2026-10-06,2026-10-06,"株式会社余白",,301,"岐阜県","高山市","丹生川町新張５６５番地",,21,203,5062124,,,,,,,2026-10-06,1,,,,,"ヨハク",0
519,2210001014760,01,1,2026-10-06,2015-10-05,"株式会社大澤五右衛門商店",,301,"福井県","小浜市","川崎１丁目１番地の１２",,18,204,9170081,,,,,,,2015-10-05,1,,,,,"オオザワゴエモンショウテン",0
520,2220002010295,21,0,2026-10-06,2026-10-01,"有限会社ヴェル・ファーレン",,302,"石川県","小松市","長田町ロ１５２番地６",,17,203,9230034,,,2026-10-01,01,,,2015-10-05,1,,,,,"ヴェルファーレン",0
521,2230001021623,01,0,2026-10-06,2026-10-06,"株式会社Ｗａｈｒｇｌａｎｚ",,301,"富山県","氷見市","加納１４４６番地",,16,205,9350063,,,,,,,2026-10-06,1,,,,,"ヴァールグランツ",0
522,2230002002853,12,0,2026-10-06,2026-10-01,"株式会社ＳＨＩＭＡカーライフコネクテッド",,301,"富山県","射水市","戸破６２５番地２",,16,211,9390351,,,,,,,2015-10-05,1,,,,,"シマカーライフコネクテッド",0
523,2240001067104,01,0,2026-10-06,2026-10-06,"株式会社三上貫栄堂",,301,"広島県","三次市","畠敷町８４番地１３",,34,209,7280006,,,,,,,2026-10-06,1,,,,,"ミカミカンエイドウ",0
524,2240001067137,01,0,2026-10-06,2026-10-06,"株式会社Ａ‐ｌｉｎｋ",,301,"広島県","福山市","神辺町大字川北９７９番地６",,34,207,7202123,,,,,,,2026-10-06,1,,,,,"エーリンク",0
525,2250001008222,11,0,2026-10-06,2026-10-01,"株式会社ちゅうぎんエナジー１号",,301,"山口県","長門市","日置上８８５番地",,35,211,7594401,,,,,,,2015-10-05,1,,,,,,0
526,2250001021860,01,0,2026-10-06,2026-10-06,"株式会社ＲｉＮＫ",,301,"山口県","山口市","平井２５１番地１姫山参号館２０２",,35,203,7530831,,,,,,,2026-10-06,1,,,,,"リンク",0
527,2260001016991,12,0,2026-10-06,2026-10-02,"株式会社アイワ不動産",,301,"岡山県","倉敷市","石見町６番１２号",,33,202,7100814,,,,,,,2015-10-05,1,,,,,"アイワフドウサン",0
528,2260001041676,01,0,2026-10-06,2026-10-06,"小玉交易株式会社",,301,"岡山県","岡山市北区","内山下１丁目１０番１号",,33,101,7000824,,,,,,,2026-10-06,1,,,,,"コダマコウエキ",0
529,2260002019333,01,1,2026-10-06,2015-10-05,"有限会社ダイヤマリン",,302,"岡山県","倉敷市","下津井１丁目１番３７号",,33,202,7110927,,,,,,,2015-10-05,1,,,,,"ダイヤマリン",0
530,2260002031940,01,1,2026-10-06,2015-10-05,"有限会社はましん",,302,"岡山県","備前市","日生町日生２４１番地の３０",,33,211,7013204,,,,,,,2015-10-05,1,,,,,"ハマシン",0
531,2270001005333,21,0,2026-10-06,2026-10-01,"鳥取東伯ミート株式会社",,301,"鳥取県","東伯郡琴浦町","大字逢束８０６番地",00004266,31,371,6892304,,,2026-10-01,01,,,2015-10-05,1,,,,,"トットリトウハクミート",0
532,2270002000432,01,1,2026-10-06,2015-10-05,"カーペイント工業有限会社",,302,"鳥取県","鳥取市","興南町６２番地",,31,201,6800844,,,,,,,2015-10-05,1,,,,,"カーペイントコウギョウ",0
533,2280002008532,21,0,2026-10-06,2026-09-30,"有限会社ミノル企画",,302,"島根県","浜田市","紺屋町５２番地２",,32,202,6970031,,,2026-09-30,01,,,2015-10-05,1,,,,,"ミノルキカク",0
534,2290001021510,01,1,2026-10-06,2015-10-05,"株式会社ダイシン",,301,"福岡県","福岡市博多区","那珂６丁目２７番３４号",,40,132,8120893,,,,,,,2015-10-05,0,,,,,"ダイシン",0
535,2290001021510,12,1,2026-10-06,2017-09-22,"株式会社ダイシン",,301,"福岡県","福岡市東区","みなと香椎３丁目１番１４号みなと香椎青果物流センターＡ棟",,40,131,8130019,,,,,,,2015-10-05,1,,,,,"ダイシン",0
536,2290001030882,71,0,2026-10-06,2026-10-01,"麻生介護サービス株式会社",,301,"福岡県","福岡市博多区","博多駅前３丁目２７番２２号",,40,132,8120011,,,,,,"令和８年１０月１日福岡市城南区長尾四丁目５番５号株式会社ケアワーク九州（4290001028363）を合併",2015-10-05,1,,,,,"アソウカイゴサービス",0
537,2290001066753,01,1,2026-10-06,2015-10-05,"株式会社マルコ",,301,"福岡県","朝倉郡筑前町","上高場１６３７番地３",,40,447,8380821,,,,,,,2015-10-05,1,,,,,"マルコ",0
538,2290001074995,12,0,2026-10-06,2026-10-01,"株式会社ハンディジャパン",,301,"大阪府","八尾市","竹渕１丁目７３番地",,27,212,5810052,,,,,,,2016-08-26,1,,,,,"ハンディジャパン",0
539,2290001115618,01,0,2026-10-06,2026-10-06,"株式会社Ｆｕｎ　Ｆｏｒｃｅ",,301,"福岡県","糸島市","曽根２３０番地３",,40,230,8191561,,,,,,,2026-10-06,1,,,,,"ファンフォース",0
540,2290001115642,01,0,2026-10-06,2026-10-06,"九電都市開発株式会社",,301,"福岡県","福岡市中央区","渡辺通２丁目１番８２号",,40,133,8100004,,,,,,,2026-10-06,1,,,,,"キュウデントシカイハツ",0
541,2290001115691,01,0,2026-10-06,2026-10-06,"株式会社ＮＡＫＡＮＯホールディングス",,301,"福岡県","福岡市東区","香椎照葉５丁目１番１４－５１２号",,40,131,8130017,,,,,,,2026-10-06,1,,,,,"ナカノホールディングス",0
542,2290002023852,01,1,2026-10-06,2015-10-05,"有限会社ポエジィー",,302,"福岡県","福岡市西区","周船寺２丁目２番１１号",,40,135,8190373,,,,,,,2015-10-05,1,,,,,"ポエジィー",0
543,2290003018975,01,0,2026-10-06,2026-10-06,"合同会社Ｋ‐１０１",,305,"福岡県","太宰府市","石坂３丁目２２－２",,40,221,8180118,,,,,,,2026-10-06,1,,,,,"ケイワンオーワン",0
544,2290003018983,01,0,2026-10-06,2026-10-06,"合同会社歩",,305,"福岡県","福岡市南区","大楠１丁目６番１０棟５０４号",,40,134,8150082,,,,,,,2026-10-06,1,,,,,"アユム",0
545,2290801032847,01,0,2026-10-06,2026-10-06,"株式会社はこＢＯＯＮグループ",,301,"福岡県","北九州市八幡西区","真名子２丁目１４番２１号",,40,109,8071144,,,,,,,2026-10-06,1,,,,,"ハコブーングループ",0
546,2290801032871,01,0,2026-10-06,2026-10-06,"株式会社ドルフィン",,301,"福岡県","北九州市戸畑区","明治町７番２１号",,40,105,8040073,,,,,,,2026-10-06,1,,,,,"ドルフィン",0
547,2290805009899,12,0,2026-10-06,2026-10-01,"行政書士法人ＫＧＪ法務事務所",,399,"福岡県","北九州市小倉北区","井堀４丁目１番１１号",,40,106,8030835,,,,,,,2026-01-06,1,,,,,"ケージージェイホウムジムショ",0
548,2300005003379,01,1,2026-10-06,2015-10-05,"八幡宮",,399,"佐賀県","武雄市","山内町大字宮野２５３１６番地",,41,206,8492305,,,,,,,2015-10-05,1,,,,,"ハチマングウ",0
549,2310001006351,01,1,2026-10-06,2015-10-05,"横浜建設株式会社",,301,"長崎県","佐世保市","本島町３番２７号",,42,202,8570871,,,,,,,2015-10-05,0,,,,,"ヨコハマケンセツ",0
550,2310001006351,12,0,2026-10-06,2026-10-05,"横浜建設株式会社",,301,"長崎県","佐世保市","大和町８３１番地",,42,202,8571165,,,,,,,2015-10-05,1,,,,,"ヨコハマケンセツ",0
551,2310001020286,01,0,2026-10-06,2026-10-06,"株式会社前田重工整備",,301,"長崎県","北松浦郡佐々町","小浦免５７０番地２３",,42,391,8570361,,,,,,,2026-10-06,1,,,,,"マエダジュウコウセイビ",0
552,2320001021936,01,0,2026-10-06,2026-10-06,"株式会社本気の左",,301,"大分県","日田市","大字日高９５番地３",,44,204,8770000,,,,,,,2026-10-06,1,,,,,"ホンキノヒダリ",0
553,2320001021952,01,0,2026-10-06,2026-10-06,"ＬＭＴ　Ｃａｐｉｔａｌ株式会社",,301,"大分県","大分市","碩田町３丁目１番３５号",,44,201,8700048,,,,,,,2026-10-06,1,,,,,"エルエムティーキャピタル",0
554,2320002010467,01,1,2026-10-06,2015-10-05,"有限会社アポット",,302,"大分県","大分市","大字畑中９３８番地の２",,44,201,8700856,,,,,,,2015-10-05,0,,,,,"アポット",0
555,2320002010467,12,1,2026-10-06,2026-09-25,"有限会社アポット",,302,"大分県","大分市","畑中３丁目２番３８－８０２号",,44,201,8700856,,,,,,,2015-10-05,1,,,,,"アポット",0
556,2330003008708,12,0,2026-10-06,2026-09-24,"合同会社うみがめ",,305,"熊本県","八代市","古閑中町２３５６番地１",,43,202,8660898,,,,,,,2021-01-06,1,,,,,"ウミガメ",0
557,2340001000657,12,0,2026-10-06,2026-10-01,"株式会社エム・ディ・エス",,301,"鹿児島県","鹿児島市","東開町４－１０４",,46,201,8910115,,,,,,,2015-10-05,1,,,,,"エムディエス",0
558,2340001022503,21,0,2026-10-06,2026-10-01,"株式会社ハルモニア",,301,"鹿児島県","鹿児島市","上福元町６９２１番地１",,46,201,8910116,,,2026-10-01,11,5340001018291,"令和８年１０月１日鹿児島市谷山中央一丁目５４番１号株式会社カミチクホールディングス（5340001018291）に合併し解散",2019-12-19,1,,,,,"ハルモニア",0
559,2340001028491,01,0,2026-10-06,2026-10-06,"株式会社こうりゅう",,301,"鹿児島県","鹿児島市","下荒田３丁目１３番７号",,46,201,8900056,,,,,,,2026-10-06,1,,,,,"コウリュウ",0
560,2340003005349,01,0,2026-10-06,2026-10-06,"合同会社Ｋ．Ｙ．Ｒ",,305,"鹿児島県","鹿児島市","小野２丁目９番２０号クラソカタリーナＣ棟１０１号",,46,201,8900021,,,,,,,2026-10-06,1,,,,,"ケーワイアール",0
561,2340005009604,12,0,2026-10-06,2026-10-01,"特定非営利活動法人求名Ｍ＆Ｈふるさと協議会",,399,"鹿児島県","薩摩郡さつま町","求名２７３７番地",,46,392,8952201,,,,,,,2023-05-16,1,,,,,"グミョウエムアンドエイチフルサトキョウギカイ",0
562,2360001030066,12,0,2026-10-06,2026-09-08,"株式会社ＭＫ",,301,"沖縄県","糸満市","字賀数２６１番地１",,47,210,9010313,,,,,,,2022-03-04,1,,,,,"エムケイ",0
563,2360001033738,12,0,2026-10-06,2026-09-11,"株式会社ａｑｕａ　ｒｅｃｏｌｔｅ",,301,"沖縄県","国頭郡恩納村","字谷茶１９１９番地１",,47,311,9040412,,,,,,,2024-06-03,1,,,,,"アクアリコルテ",0
564,2360003005660,21,0,2026-10-06,2026-09-08,"合同会社ケアサポートスマイル",,305,"沖縄県","中頭郡読谷村","字喜名３９７番地７",,47,324,9040302,,,2026-09-08,01,,,2015-10-05,1,,,,,"ケアサポートスマイル",0
565,2360003016220,01,0,2026-10-06,2026-10-06,"合同会社共栄リフォーム",,305,"沖縄県","那覇市","字国場４２０番地Ａ－２",,47,201,9020075,,,,,,,2026-10-06,1,,,,,"キョウエイリフォーム",0
566,2360003016229,01,0,2026-10-06,2026-10-06,"合同会社Ｌｉｎｏ",,305,"沖縄県","宮古島市","平良字西里１１０７番地２１",,47,214,9060012,,,,,,,2026-10-06,1,,,,,"リノ",0
567,2360005004702,12,0,2026-10-06,2026-08-25,"特定非営利活動法人八重山美ら島塾",,399,"沖縄県","石垣市","字平得８４番地１",,47,207,9070003,,,,,,,2015-10-05,1,,,,,"ヤエヤマチュラシマジュク",0
568,2370001054295,01,0,2026-10-06,2026-10-06,"株式会社日本ファインリンクス",,301,"宮城県","遠田郡涌谷町","字六軒町裏１６９番地１コーポシャングリラＢ棟",,04,501,9870107,,,,,,,2026-10-06,1,,,,,"ニホンファインリンクス",0
569,2370402002299,21,0,2026-10-06,2026-09-25,"有限会社芳賀エンタープライズ",,302,"宮城県","登米市","登米町寺池桜小路９番地",,04,212,9870702,,,2026-09-25,01,,,2015-10-05,1,,,,,"ハガエンタープライズ",0
570,2380001004803,01,1,2026-10-06,2015-10-05,"株式会社開成商事",,301,"福島県","郡山市","開成２丁目３０番１０号",,07,203,9638851,,,,,,,2015-10-05,1,,,,,"カイセイショウジ",0
571,2380001036334,01,0,2026-10-06,2026-10-06,"株式会社エスピー",,301,"福島県","河沼郡湯川村","大字浜崎字東殿町１番地３",,07,422,9693541,,,,,,,2026-10-06,1,,,,,"エスピー",0
572,2380001036342,01,0,2026-10-06,2026-10-06,"株式会社永志建設",,301,"福島県","いわき市","小川町柴原字宮沢４５番地の５",,07,204,9793111,,,,,,,2026-10-06,1,,,,,"エイシケンセツ",0
573,2380002008225,01,1,2026-10-06,2015-10-05,"有限会社エフエフピー",,302,"福島県","郡山市","大槻町字下町８１番地の１",,07,203,9630201,,,,,,,2015-10-05,1,,,,,"エフエフピー",0
574,2380002022291,01,1,2026-10-06,2015-10-05,"有限会社いがりストアー",,302,"福島県","いわき市","常磐上湯長谷町五反田２６番地",,07,204,9728322,,,,,,,2015-10-05,1,,,,,"イガリストアー",0
575,2380003006450,01,0,2026-10-06,2026-10-06,"ＢｅｒｒｙＬｕ合同会社",,305,"福島県","福島市","野田町４丁目２番１１号",,07,201,9608055,,,,,,,2026-10-06,1,,,,,"ベリールー",0
576,2400001005410,12,0,2026-10-06,2026-09-30,"八森株式会社",,301,"岩手県","花巻市","材木町１３番８号",,03,205,0250098,,,,,,,2015-10-05,1,,,,,"ハチモリ",0
577,2420001006638,21,0,2026-10-06,2026-10-01,"三浦産業株式会社",,301,"青森県","八戸市","大字湊町字柳町１番地５",,02,203,0310812,,,2026-10-01,01,,,2015-10-05,1,,,,,"ミウラサンギョウ",0
578,2430001063216,12,0,2026-10-06,2026-10-01,"株式会社ＷＡＤＡ工務店",,301,"北海道","石狩市","花川北四条２丁目５６",,01,235,0613214,,,,,,,2015-10-05,1,,,,,"ワダコウムテン",0
579,2430001085549,12,0,2026-10-06,2026-10-01,"株式会社レンカーサ",,301,"北海道","札幌市東区","北二十五条東１８丁目７番１－３０１号",,01,103,0650025,,,,,,,2021-12-09,1,,,,,"レンカーサ",0
580,2430001097759,01,0,2026-10-06,2026-10-06,"株式会社ＦｒｅｅＴｒａｆｆｉｃ",,301,"北海道","石狩郡当別町","六軒町７０－５４－２Ｆ",,01,303,0610231,,,,,,,2026-10-06,1,,,,,"フリートラフィック",0
581,2430001097791,01,0,2026-10-06,2026-10-06,"株式会社ＨａｐＭａｇｅ",,301,"北海道","江別市","錦町４２番地の２",,01,217,0690811,,,,,,,2026-10-06,1,,,,,"ハプマージュ",0
582,2430002027442,21,0,2026-10-06,2026-09-30,"有限会社オウイングズミルズオプティクス",,302,"北海道","札幌市手稲区","稲穂二条７丁目１番５号",,01,109,0060032,,,2026-09-30,01,,,2015-10-05,1,,,,,"オウイングズミルズオプティクス",0
583,2430003019463,01,0,2026-10-06,2026-10-06,"ＧＴＯＰＳＳ合同会社",,305,"北海道","札幌市南区","澄川三条１丁目３－１－１００２",,01,106,0050003,,,,,,,2026-10-06,1,,,,,"ジートップス",0
584,2430003019496,01,0,2026-10-06,2026-10-06,"合同会社Ｓｐｈｅｒｅ",,305,"北海道","札幌市豊平区","平岸三条１７丁目８番３８号",,01,105,0620933,,,,,,,2026-10-06,1,,,,,"スフィア",0
585,2450001014968,12,0,2026-10-06,2026-10-01,"株式会社Ｎａｔｏｗａ　Ｃｏｎｎｅｃｔ",,301,"北海道","上川郡東神楽町","ひじり野北一条９丁目３番４号",,01,453,0711521,,,,,,,2026-05-27,1,,,,,"ナトワコネクト",0
586,2460003001121,01,0,2026-10-06,2026-10-06,"合同会社ときめき",,305,"北海道","釧路市","貝塚２丁目２３番４７号",,01,206,0850816,,,,,,,2026-10-06,1,,,,,"トキメキ",0
587,2460101005809,01,1,2026-10-06,2015-10-05,"株式会社ｅｓｄｉｎｉｎｇ",,301,"北海道","帯広市","白樺十六条西５丁目１番地１３",,01,207,0800051,,,,,,,2015-10-05,0,,,,,"エスダイニング",0
588,2460101005809,12,1,2026-10-06,2026-09-28,"株式会社ｅｓｄｉｎｉｎｇ",,301,"北海道","帯広市","白樺十六条西１９丁目１番地１",,01,207,0800051,,,,,,,2015-10-05,1,,,,,"エスダイニング",0
589,2470001018736,12,0,2026-10-06,2026-10-01,"ＫＥＩ福祉総合サポート株式会社",,301,"香川県","木田郡三木町","大字氷上２５５４番地１６",,37,341,7610612,,,,,,,2021-09-30,1,,,,,"ケイイーアイフクシソウゴウサポート",0
590,2500001007512,01,1,2026-10-06,2015-10-05,"株式会社こうき人形",,301,"愛媛県","松山市","余戸南３丁目１６番２３号",,38,201,7900047,,,,,,,2015-10-05,0,,,,,"コウキニンギョウ",0
591,2500001007512,12,1,2026-10-06,2017-06-14,"株式会社こうき人形",,301,"愛媛県","宇和島市","恵美須町１丁目５番２８号杜ビル３Ｆ",,38,203,7980032,,,,,,,2015-10-05,1,,,,,"コウキニンギョウ",0
592,2500001020060,01,1,2026-10-06,2016-09-01,"株式会社愛ウェルネス",,301,"愛媛県","宇和島市","丸穂町１丁目１番２７号",,38,203,7980037,,,,,,,2016-09-01,1,,,,,"アイウェルネス",0
593,2500001027155,01,0,2026-10-06,2026-10-06,"株式会社ＳＥＥＤ",,301,"愛媛県","今治市","室屋町１丁目２番地１",,38,202,7940022,,,,,,,2026-10-06,1,,,,,"シード",0
594,2500002008369,01,1,2026-10-06,2015-10-05,"有限会社いづみ電機",,302,"愛媛県","伊予郡松前町","大字筒井１１３５番地",,38,401,7913120,,,,,,,2015-10-05,1,,,,,"イヅミデンキ",0
595,2500005000257,21,0,2026-10-06,2026-10-01,"常寶院",,399,"愛媛県","松山市","大字余戸１２０４番地",,38,201,7910000,,,2026-10-01,01,,,2015-10-05,1,,,,,,0
596,2700150024783,01,1,2026-10-06,2015-10-09,"ＤＡＩＨＡＴＳＵ　ＤＩＥＳＥＬ（ＡＭＥＲＩＣＡ），ＩＮＣ．",,401,,,,,,,,"１８０　Ａｄａｍｓ　Ａｖｅｎｕｅ　Ｈａｕｐｐａｕｇｅ　Ｎ．Ｙ．　１１７８８　Ｕ．Ｓ．Ａ．",,,,,,2015-10-09,0,,,,,"ダイハツデイーゼルアメリカインコーポレーテツド",0
597,2700150024783,11,1,2026-10-06,2025-07-25,"ＤＡＩＨＡＴＳＵ　ＩＮＦＩＮＥＡＲＴＨ（ＡＭＥＲＩＣＡ），ＩＮＣ．",,401,,,,,,,,"１８０　Ａｄａｍｓ　Ａｖｅｎｕｅ　Ｈａｕｐｐａｕｇｅ　Ｎ．Ｙ．　１１７８８　Ｕ．Ｓ．Ａ．",,,,,,2015-10-09,0,,,,,"ダイハツインフイニアースアメリカインコーポレーテツド",0
598,2700150024783,13,1,2026-10-06,2026-09-01,"ＤＡＩＨＡＴＳＵ　ＩＮＦＩＮＥＡＲＴＨ（ＡＭＥＲＩＣＡ），ＩＮＣ．",,401,,,,,,,,"３８０　Ｎ　Ｂｒｏａｄｗａｙ，Ｓｕｉｔｅ　３０２　Ｊｅｒｉｃｈｏ，Ｎ．Ｙ．　１１７５３，Ｕ．Ｓ．Ａ",,,,,,2015-10-09,1,,,,,"ダイハツインフイニアースアメリカインコーポレーテツド",0
599,2700150028883,01,0,2026-10-06,2015-10-09,"加西市公共交通活性化協議会",,499,"兵庫県","加西市","北条町横尾１０００",,28,220,6752311,,,,,,,2015-10-09,1,,,,,"カサイシコウキヨウコウツウカツセイカキヨウギカイ",0
600,3010001034927,11,0,2026-10-06,2026-10-01,"フジボウホールディングス株式会社",,301,"東京都","中央区","日本橋人形町１丁目１８番１２号",,13,102,1030013,,,,,,,2015-10-05,1,,,,,"フジボウホールディングス",0
601,3010001057993,01,1,2026-10-06,2015-10-05,"株式会社繭山龍泉堂",,301,"東京都","中央区","京橋２丁目５番９号",,13,102,1040031,,,,,,,2015-10-05,1,"MAYUYAMA & CO.,LTD.","Tokyo","2-5-9, Kyobashi, Chuo ku",,"マユヤマリュウセンドウ",0
602,3010001101280,01,1,2026-10-06,2015-10-05,"株式会社ウェイ",,301,"東京都","中央区","日本橋蛎殻町１丁目１９－９ルート蛎殻町ビル７階",,13,102,1030014,,,,,,,2015-10-05,1,,,,,"ウェイ",0
603,3010001213910,12,0,2026-10-06,2026-09-07,"ＴＥＬＵＳ　Ｉｎｔｅｒｎａｔｉｏｎａｌ　ＡＩ　Ｊａｐａｎ株式会社",,301,"東京都","中央区","新富１丁目１８番８号ＲＢＭ築地スクエアビル５階ジパング",,13,102,1040041,,,,,,,2020-11-20,1,,,,,"テルアスインターナショナルエーアイジャパン",0
604,3010001214578,12,0,2026-10-06,2026-09-08,"株式会社ケーエム",,301,"東京都","千代田区","神田神保町２丁目２０番地１３",,13,101,1010051,,,,,,,2020-12-21,1,,,,,"ケーエム",0
605,3010001226375,12,0,2026-10-06,2026-09-30,"株式会社セレクトエージェント",,301,"東京都","港区","芝大門１丁目２－１４Ｈ＿Ｏ浜松町７Ｆ",00145152,13,103,1050012,,,,,,,2022-05-12,1,,,,,"セレクトエージェント",0
606,3010001254376,12,0,2026-10-06,2026-09-03,"日本産業承継株式会社",,301,"東京都","中央区","銀座５丁目１５番１号南海東京ビルディング２階",,13,102,1040061,,,,,,,2025-04-21,1,,,,,"ニホンサンギョウショウケイ",0
607,3010001258096,12,0,2026-10-06,2026-09-07,"株式会社キャッスル",,301,"東京都","文京区","本郷４丁目２９番１２号１０１号",,13,105,1130033,,,,,,,2025-09-01,1,,,,,"キャッスル",0
608,3010001269077,01,0,2026-10-06,2026-10-06,"ＷＡＮＤＡ＆Ｃｏ．株式会社",,301,"東京都","千代田区","大手町１丁目５番１号大手町ファーストスクエアイーストタワー４階",,13,101,1000004,,,,,,,2026-10-06,1,,,,,"ワンダアンドカンパニー",0
609,3010001269119,01,0,2026-10-06,2026-10-06,"株式会社ＵＭＩ",,301,"東京都","中央区","銀座１丁目１５番７号",,13,102,1040061,,,,,,,2026-10-06,1,,,,,"ウミ",0
610,3010001269465,01,0,2026-10-06,2026-10-06,"株式会社ＦＬＩＰ第３９２号",,301,"東京都","千代田区","丸の内２丁目７番２号",,13,101,1000005,,,,,,,2026-10-06,1,,,,,"エフエルアイピーダイサンビャクキュウジュウニゴウ",0
611,3010003052803,01,0,2026-10-06,2026-10-06,"合同会社ＳＵＤＯＢＹＴＥ",,305,"東京都","千代田区","神田須田町１丁目１４ヒューリック神田須田町ビル１Ｆ～４Ｆ",,13,101,1010041,,,,,,,2026-10-06,1,,,,,"スドーバイト",0
612,3010005038305,21,0,2026-10-06,2026-09-04,"一般社団法人バイオガスエネルギー",,399,"東京都","千代田区","永田町２丁目１７番５号",,13,101,1000014,,,2026-09-04,01,,,2024-05-15,1,,,,,"バイオガスエネルギー",0
613,3010005039600,12,0,2026-10-06,2026-07-03,"一般社団法人日本サーチファンド協会",,399,"東京都","中央区","銀座７丁目１３番６号サガミビル２階",,13,102,1040061,,,,,,,2025-02-26,1,,,,,"ニホンサーチファンドキョウカイ",0
614,3010005041176,12,0,2026-10-06,2026-09-01,"デジタル大阪７特定目的会社",,399,"東京都","中央区","新富１丁目１８番８号ジパングアウトソーシングサービス株式会社内",,13,102,1040041,,,,,,,2026-01-09,1,,,,,"デジタルオオサカセブン",0
615,3010005042364,01,0,2026-10-06,2026-10-06,"医療法人社団ＡＸＩＳ",,399,"東京都","文京区","千駄木３丁目４８番５号グランドテラス千駄木３０１号室",,13,105,1130022,,,,,,,2026-10-06,1,,,,,"アクシス",0
616,3010005042380,01,0,2026-10-06,2026-10-06,"一般社団法人サトワメディカルラボラトリー",,399,"東京都","中央区","銀座１丁目２２番１１号銀座大竹ビジデンス２Ｆ",,13,102,1040061,,,,,,,2026-10-06,1,,,,,"サトワメディカルラボラトリー",0
617,3010005042488,01,0,2026-10-06,2026-10-06,"Ａｎｄａｎｔｅ特定目的会社",,399,"東京都","中央区","銀座１丁目６番１１号土志田ビルディング３Ｆ",,13,102,1040061,,,,,,,2026-10-06,1,,,,,"アンダンテ",0
618,3010401126316,11,0,2026-10-06,2026-09-24,"株式会社ｍｕｓｕｈｉ",,301,"東京都","目黒区","上目黒２丁目７番４号",,13,110,1530051,,,,,,,2016-08-05,1,,,,,"ムスヒ",0
619,3010401128502,12,0,2026-10-06,2026-09-04,"株式会社Ｘ",,301,"東京都","港区","虎ノ門５丁目１１番１号オランダヒルズ森タワーＲｏＰ８０８号室",,13,103,1050001,,,,,,,2016-12-05,1,,,,,"エックス",0
620,3010401134186,12,0,2026-10-06,2026-10-02,"株式会社ＳＥＫＡＩ",,301,"東京都","渋谷区","桜丘町４番１７号ＰＯＲＴＡＬＡｐａｒｔｍｅｎｔ＆ＡｒｔＰＯＩＮＴ１０４号室",,13,113,1500031,,,,,,,2017-10-12,1,,,,,"セカイ",0
621,3010401174810,71,0,2026-10-06,2026-09-01,"ＭＳＸ株式会社",,301,"東京都","港区","赤坂１丁目８番１号赤坂インターシティＡＩＲ１４Ｆ",,13,103,1070052,,,,,,"令和８年９月１日京都府京田辺市大住大坪５９番地２株式会社ＤＸＢ（6011803002218）を合併",2023-06-07,1,,,,,"エムエスエックス",0
622,3010401176393,12,0,2026-10-06,2026-09-04,"Ｍｏｂｉｌｉｔｙ＆Ｍａｉｎｔｅｎａｎｃｅ　Ｊａｐａｎ株式会社",,301,"東京都","港区","赤坂２丁目１７番２２号",,13,103,1070052,,,,,,,2023-08-14,1,,,,,"モビリティアンドメンテナンスジャパン",0
623,3010401193595,12,0,2026-10-06,2026-09-29,"株式会社アイライツポート",,301,"東京都","港区","南青山１丁目３番３号",,13,103,1070062,,,,,,,2025-10-07,1,,,,,"アイライツポート",0
624,3010401198215,01,1,2026-10-06,2026-05-13,"シグナル株式会社",,301,"東京都","港区","高輪４丁目１８番７号高輪マンション１０４号室",,13,103,1080074,,,,,,,2026-05-13,1,"SYGNAL Inc.","Tokyo","Takanawa Mansion 104, 4-18-7 Takanawa, Minato-ku",,"シグナル",0
625,3010401202546,01,0,2026-10-06,2026-10-06,"ローランドプロダクト株式会社",,301,"東京都","港区","赤坂３丁目１５番９号",,13,103,1070052,,,,,,,2026-10-06,1,,,,,"ローランドプロダクト",0
626,3010403037643,12,0,2026-10-06,2026-10-02,"ＮＵＤＥ　ＳＴＵＤＩＯ合同会社",,305,"東京都","渋谷区","西原１丁目２番８号２Ｆ",,13,113,1510066,,,,,,,2026-03-25,1,,,,,"ヌードスタジオ",0
627,3010501026647,11,0,2026-10-06,2026-10-01,"株式会社平和ホールディングス",,301,"東京都","台東区","東上野１丁目１６番１号",,13,106,1100015,,,,,,,2015-10-05,1,,,,,"ヘイワホールディングス",0
628,3010501054680,21,0,2026-10-06,2026-10-02,"和＿商事株式会社",00140577,301,"東京都","台東区","蔵前４丁目１６－６ストーク蔵前Ｍ＆Ｋ４階４１９",,13,106,1110051,,,2026-10-02,01,,,2025-09-09,1,,,,,"ワキショウジ",0
629,3010603006118,01,1,2026-10-06,2015-11-25,"合同会社共有価値計画",,305,"東京都","江東区","大島１丁目３４番１４号",,13,108,1360072,,,,,,,2015-11-25,1,,,,,"キョウユウカチケイカク",0
630,3010603007652,21,0,2026-10-06,2026-09-09,"Ｇｌｏｂｕｙ合同会社",,305,"千葉県","市川市","南八幡４丁目１５番１９－４０３号",,12,203,2720023,,,2026-09-09,01,,,2019-02-04,1,,,,,"グローバイ",0
631,3010701027825,12,0,2026-10-06,2026-09-14,"プロジェクトイニシアティブ株式会社",,301,"神奈川県","横浜市西区","みなとみらい３丁目７番１号オーシャンゲートみなとみらい８階",,14,103,2200012,,,,,,,2015-10-05,0,,,,,"プロジェクトイニシアティブ",0
632,3010701027825,11,0,2026-10-06,2026-09-14,"Ｍａｎａｇｅ　Ｆｏｒ　Ｇｏｏｄ株式会社",,301,"神奈川県","横浜市西区","みなとみらい３丁目７番１号オーシャンゲートみなとみらい８階",,14,103,2200012,,,,,,,2015-10-05,1,,,,,"マネージフォーグッド",0
633,3010701050249,01,0,2026-10-06,2026-10-06,"株式会社ＮＥＮＲＩＮ　ＴＯＫＹＯ",,301,"東京都","品川区","旗の台６丁目３３－１１スピナッチヒル２Ｆ",,13,109,1420064,,,,,,,2026-10-06,1,,,,,"ネンリントウキョウ",0
634,3010801020878,01,1,2026-10-06,2015-10-05,"光三協株式会社",,301,"東京都","大田区","中央１丁目４番８号",,13,111,1430024,,,,,,,2015-10-05,1,,,,,"ヒカリサンキョウ",0
635,3010801028112,12,0,2026-10-06,2026-09-30,"株式会社睦都美",,301,"東京都","大田区","西六郷４丁目６番２４－５２５号",,13,111,1440056,,,,,,,2017-09-01,1,,,,,"ムツミ",0
636,3010801037798,01,0,2026-10-06,2026-10-06,"株式会社ＤｒｅａＭ　Ｂａｎｋ",,301,"東京都","大田区","西蒲田７丁目６７－２－２Ｆ",,13,111,1440051,,,,,,,2026-10-06,1,,,,,"ドリームバンク",0
637,3010802001225,21,0,2026-10-06,2026-09-18,"有限会社磯辺商事",,302,"神奈川県","川崎市中原区","中丸子６８６番地１",,14,133,2110012,,,2026-09-18,01,,,2015-10-05,1,,,,,"イソベショウジ",0
638,3010802018319,01,1,2026-10-06,2015-10-05,"松本自動車塗装有限会社",,302,"東京都","大田区","大森北３丁目１８番１４号",,13,111,1430016,,,,,,,2015-10-05,1,,,,,"マツモトジドウシャトソウ",0
639,3010803002429,11,0,2026-10-06,2026-08-17,"ＴＫ株式会社",,301,"東京都","千代田区","九段南１丁目５－６りそな九段ビル５階ＫＳフロア",,13,101,1020074,,,,,,,2017-07-27,1,,,,,"ティーケー",0
640,3010803005984,01,0,2026-10-06,2026-10-06,"吉富合同会社",,305,"東京都","大田区","西六郷１丁目１１－１７",,13,111,1440056,,,,,,,2026-10-06,1,,,,,"ヨシトミ",0
641,3010803005992,01,0,2026-10-06,2026-10-06,"Ｅ‐ｆｌａｔ．ｗｏｒｋｓ合同会社",,305,"東京都","大田区","田園調布本町３番２２号",,13,111,1450072,,,,,,,2026-10-06,1,,,,,"イーフラットワークス",0
642,3010901051476,01,1,2026-10-06,2022-08-23,"株式会社ジーエー",,301,"東京都","世田谷区","松原４丁目８番１０－２０１号",,13,112,1560043,,,,,,,2022-08-23,0,,,,,,0
643,3010901051476,12,1,2026-10-06,2023-11-07,"株式会社ジーエー",,301,"東京都","渋谷区","初台１丁目５１番１号初台センタービル８階",,13,113,1510061,,,,,,,2022-08-23,1,,,,,,0
644,3010901060361,01,0,2026-10-06,2026-10-06,"株式会社ＢＲＯＷＮ",,301,"東京都","世田谷区","駒沢２丁目５１番１６号",,13,112,1540012,,,,,,,2026-10-06,1,,,,,"ブラウン",0
645,3010901060378,01,0,2026-10-06,2026-10-06,"株式会社ＳＯＬＡＲＸ",,301,"東京都","世田谷区","赤堤５丁目３番８号",,13,112,1560044,,,,,,,2026-10-06,1,,,,,"ソルアークス",0
646,3010902000705,21,0,2026-10-06,2026-10-01,"有限会社浅見企画",,302,"東京都","世田谷区","深沢６丁目１８番３号",,13,112,1580081,,,2026-10-01,11,7010901000553,"令和８年１０月１日東京都世田谷区深沢六丁目１８番３号浅見園株式会社（7010901000553）に合併し解散",2015-10-05,1,,,,,"アサミキカク",0
647,3010903011180,01,0,2026-10-06,2026-10-06,"合同会社ＪＵＭＰ　Ｓｔａｒｔｕｐ　Ｐａｒｔｎｅｒｓ",,305,"東京都","世田谷区","玉堤１丁目１８―３５―３０３",,13,112,1580087,,,,,,,2026-10-06,1,,,,,"ジャンプスタートアップパートナーズ",0
648,3011001097410,12,0,2026-10-06,2026-09-24,"リンクマップ株式会社",,301,"東京都","渋谷区","南平台町５番１２号",,13,113,1500036,,,,,,,2015-10-05,1,,,,,"リンクマップ",0
649,3011001133231,12,0,2026-10-06,2026-09-04,"株式会社Ｉ’ｍａ",,301,"東京都","港区","麻布十番２丁目３番５号新麻布十番ビルディング２Ｆ",,13,103,1060045,,,,,,,2020-04-10,1,,,,,"イマ",0
650,3011001155440,01,1,2026-10-06,2023-07-04,"株式会社ＢｏａＶｉｓｔａ",,301,"東京都","渋谷区","恵比寿１丁目１番７号ＴＫビル３階",,13,113,1500013,,,,,,,2023-07-04,0,,,,,"ボアビスタ",0
651,3011001155440,12,1,2026-10-06,2024-02-05,"株式会社ＢｏａＶｉｓｔａ",,301,"静岡県","駿東郡長泉町","東野字八分平６９６番地１２",,22,342,4110931,,,,,,,2023-07-04,1,,,,,"ボアビスタ",0
652,3011001165076,12,0,2026-10-06,2026-09-25,"株式会社ろうさい対策センター",,301,"東京都","目黒区","東山３丁目３番１０号大沢ビル５０１号室",,13,110,1530043,,,,,,,2024-10-10,1,,,,,"ロウサイタイサクセンター",0
653,3011001180694,01,0,2026-10-06,2026-10-06,"成和リンクス株式会社",,301,"東京都","渋谷区","恵比寿西２丁目８番４号ＥＸ恵比寿西ビル５階",,13,113,1500021,,,,,,,2026-10-06,1,,,,,"セイワリンクス",0
654,3011001180736,01,0,2026-10-06,2026-10-06,"あわせる株式会社",,301,"東京都","渋谷区","神南１丁目１１番４号ＦＰＧリンクス神南５階",,13,113,1500041,,,,,,,2026-10-06,1,,,,,"アワセル",0
655,3011001180752,01,0,2026-10-06,2026-10-06,"株式会社Ｓｌｅｅｐｙ　Ｒａｃｃｏｏｎ",,301,"東京都","目黒区","五本木１丁目８番２号祐天寺ニュースカイマンション４０１号",,13,110,1530053,,,,,,,2026-10-06,1,,,,,"スリーピーラクーン",0
656,3011001180835,01,0,2026-10-06,2026-10-06,"ＡＩ　Ａｎｃｈｏｒ株式会社",,301,"東京都","渋谷区","恵比寿１丁目１９番１５号",,13,113,1500013,,,,,,,2026-10-06,1,,,,,"エーアイアンカー",0
657,3011001180892,01,0,2026-10-06,2026-10-06,"株式会社ＴＡＴＳＵＹＡ",,301,"東京都","目黒区","自由が丘１丁目８番９号岡田ビル４０２",,13,110,1520035,,,,,,,2026-10-06,1,,,,,"タツヤ",0
658,3011003025410,01,0,2026-10-06,2026-10-06,"Ｂａｎｋｅｒ合同会社",,305,"東京都","渋谷区","本町４丁目５０番１４－２０１号",,13,113,1510071,,,,,,,2026-10-06,1,,,,,"バンカー",0
659,3011003025427,01,0,2026-10-06,2026-10-06,"合同会社ｍａｉｔｏｒｉ",,305,"東京都","渋谷区","道玄坂１丁目１０番８号渋谷道玄坂東急ビル２Ｆ－Ｃ",,13,113,1500043,,,,,,,2026-10-06,1,,,,,"マイトリ",0
660,3011101077691,12,0,2026-10-06,2026-09-29,"株式会社双林",,301,"東京都","新宿区","大久保１丁目６番６号",,13,104,1690072,,,,,,,2016-07-21,1,,,,,"フタバヤシ",0
661,3011101106987,11,0,2026-10-06,2026-09-24,"株式会社方舟",,301,"長野県","南佐久郡南牧村","大字野辺山４５９番地６８",,20,305,3841305,,,,,,,2024-04-16,1,,,,,"ハコブネ",0
662,3011101117596,01,0,2026-10-06,2026-10-06,"ＧＲ　ＬＩＮＫ株式会社",,301,"東京都","新宿区","大久保１丁目２番９号山本荘１０１",,13,104,1690072,,,,,,,2026-10-06,1,,,,,"ジーアールリンク",0
663,3011101117679,01,0,2026-10-06,2026-10-06,"ＲＩＺＡＰフィールドマーケティング株式会社",,301,"東京都","新宿区","西新宿８丁目１７番１号",,13,104,1600023,,,,,,,2026-10-06,1,,,,,"ライザップフィールドマーケティング",0
664,3011101117695,01,0,2026-10-06,2026-10-06,"Ｐｒｅｃｉｓｉｏｎ　Ｈｅａｌｔｈ株式会社",,301,"東京都","新宿区","西新宿３丁目３番１３号西新宿水間ビル６階",,13,104,1600023,,,,,,,2026-10-06,1,,,,,"プレシジョンヘルス",0
665,3011201027456,01,0,2026-10-06,2026-10-06,"株式会社ＳｈｕＨａＲｉ",,301,"東京都","中野区","本町３丁目３１－１１Ｄａｉｗａ中野坂上ビル６Ｆ",,13,114,1640012,,,,,,,2026-10-06,1,,,,,"シュハリ",0
666,3011401028304,01,0,2026-10-06,2026-10-06,"株式会社ＭＡＩＳＯＮ　ＤＥ　ＥＰＩＣＥ",,301,"東京都","板橋区","栄町１８番５号",,13,119,1730015,,,,,,,2026-10-06,1,,,,,"メゾンドエピス",0
667,3011501029012,12,0,2026-10-06,2026-10-02,"シチロウ商事株式会社",,301,"東京都","千代田区","神田鍛冶町３丁目３－９喜助新千代田ビル３５室",,13,101,1010045,,,,,,,2023-03-06,1,,,,,"シチロウショウジ",0
668,3011501030820,12,0,2026-10-06,2026-10-02,"楽光株式会社",,301,"東京都","品川区","南品川５丁目１０－２７",,13,109,1400004,,,,,,,2024-06-17,1,,,,,"ラクコウ",0
669,3011501033781,01,0,2026-10-06,2026-10-06,"株式会社Ｓｕｎｌｉｆｅ",,301,"東京都","荒川区","西尾久７丁目１－２クロスサイド尾久２０２",,13,118,1160011,,,,,,,2026-10-06,1,,,,,"サンライフ",0
670,3011502013634,21,0,2026-10-06,2026-10-02,"有限会社さくらデンタルサポート",,302,"東京都","荒川区","南千住１丁目３９番１号",,13,118,1160003,,,2026-10-02,01,,,2015-10-05,1,,,,,"サクラデンタルサポート",0
671,3011601029911,01,0,2026-10-06,2026-10-06,"株式会社ＩＬＥＸ",,301,"東京都","練馬区","南大泉１丁目２３番２３号",,13,120,1780064,,,,,,,2026-10-06,1,,,,,"アイレクス",0
672,3011603002065,01,1,2026-10-06,2017-04-07,"サナエアートスタジオ合同会社",,305,"東京都","練馬区","北町８丁目３７番２号",,13,120,1790081,,,,,,,2017-04-07,1,,,,,"サナエアートスタジオ",0
673,3011603005282,01,0,2026-10-06,2026-10-06,"合同会社ＣＵＬＴＵＲＥ　ＧＡＴＥ",,305,"東京都","練馬区","旭町１丁目８－１サンフラワー徳力３階",,13,120,1790071,,,,,,,2026-10-06,1,,,,,"カルチャーゲート",0
674,3011801048439,01,0,2026-10-06,2026-10-06,"Ｐｌａｙｓｐａｃｅ株式会社",,301,"東京都","葛飾区","東新小岩１丁目１８番１２－１００２号ミライズ新小岩マーロ",,13,122,1240023,,,,,,,2026-10-06,1,,,,,"プレースペース",0
675,3011802008152,01,1,2026-10-06,2015-10-05,"有限会社山紋商店",,302,"東京都","葛飾区","東新小岩７丁目３０番１２号",,13,122,1240023,,,,,,,2015-10-05,1,,,,,"ヤマモンショウテン",0
676,3011802008689,12,0,2026-10-06,2026-09-29,"有限会社星野商店",,302,"東京都","葛飾区","柴又７丁目１８番８号２０１号",,13,122,1250052,,,,,,,2015-10-05,1,,,,,"ホシノショウテン",0
677,3012401044943,01,0,2026-10-06,2026-10-06,"景業ｉｎｔｅｌｌｉｇｅｎｔ株式会社",,301,"東京都","三鷹市","下連雀３丁目９番６号三鷹ダイカンプラザ３０２号室",,13,204,1810013,,,,,,,2026-10-06,1,,,,,"ケイギョウインテリジェント",0
678,3012403006611,12,0,2026-10-06,2026-09-29,"アセットマネジメント株式会社",,301,"東京都","足立区","梅田６丁目６番９号",,13,121,1230851,,,,,,,2024-06-11,1,,,,,"アセットマネジメント",0
679,3012403008005,01,0,2026-10-06,2026-10-06,"合同会社ＢＩＮＯＲＭＡＬ",,305,"東京都","府中市","美好町３丁目３９番地の１３シンリープラグレス２１－１０２",,13,206,1830045,,,,,,,2026-10-06,1,,,,,"バイノーマル",0
680,3012701008227,21,0,2026-10-06,2026-09-30,"株式会社遥光フーズサプライ",,301,"東京都","小平市","花小金井南町３丁目３番２７号",,13,211,1870003,,,2026-09-30,01,,,2015-10-05,1,,,,,"ヨウコウフーズサプライ",0
681,3012701016683,12,0,2026-10-06,2026-10-01,"株式会社京屋",,301,"東京都","豊島区","南長崎５丁目４番１－２１０号",,13,116,1710052,,,,,,,2021-09-29,1,,,,,"キョウヤ",0
682,3012801000414,01,1,2026-10-06,2015-10-05,"クリエートシステム開発株式会社",,301,"東京都","立川市","曙町２丁目４番４号",00058600,13,202,1900012,,,,,,,2015-10-05,0,,,,,"クリエートシステムカイハツ",0
683,3012801000414,12,1,2026-10-06,2026-10-01,"クリエートシステム開発株式会社",,301,"東京都","立川市","錦町１丁目４番２０号",,13,202,1900022,,,,,,,2015-10-05,1,,,,,"クリエートシステムカイハツ",0
684,3012801025007,01,0,2026-10-06,2026-10-06,"株式会社ウェルノワ",,301,"東京都","国立市","東１丁目１５－１１、４４８ビル３Ｆ",,13,215,1860002,,,,,,,2026-10-06,1,,,,,"ウェルノワ",0
685,3012803004207,01,0,2026-10-06,2026-10-06,"合同会社Ｍ＆Ｈ不動産",,305,"東京都","東大和市","湖畔１丁目１００２番地の８０",,13,220,2070002,,,,,,,2026-10-06,1,,,,,,0
686,3013201016067,01,1,2026-10-06,2015-10-05,"株式会社山水",,301,"東京都","目黒区","鷹番３丁目２２番２２号",,13,110,1520004,,,,,,,2015-10-05,0,,,,,"サンスイ",0
687,3013201016067,12,1,2026-10-06,2015-11-16,"株式会社山水",,301,"東京都","新宿区","西新宿７丁目１５番１号",,13,104,1600023,,,,,,,2015-10-05,0,,,,,"サンスイ",0
688,3013201016067,12,1,2026-10-06,2016-09-12,"株式会社山水",,301,"東京都","目黒区","鷹番３丁目２２番２２号",,13,110,1520004,,,,,,,2015-10-05,1,,,,,"サンスイ",0
689,3020001021239,01,1,2026-10-06,2015-10-05,"株式会社日本アーバン企画",,301,"神奈川県","横浜市港北区","綱島台１１番３８号",,14,109,2230054,,,,,,,2015-10-05,1,,,,,"ニホンアーバンキカク",0
690,3020001035239,12,0,2026-10-06,2026-09-15,"株式会社ダイゼン",,301,"神奈川県","横浜市南区","大岡１丁目４番１２号若宮テラス１０１号室",,14,105,2320061,,,,,,,2015-10-05,1,,,,,"ダイゼン",0
691,3020001170498,01,0,2026-10-06,2026-10-06,"株式会社エスティケー",,301,"神奈川県","川崎市幸区","塚越４丁目３６３番地１０",,14,132,2120024,,,,,,,2026-10-06,1,,,,,"エスティケー",0
692,3020001170589,01,0,2026-10-06,2026-10-06,"株式会社ＯＮＥＳＴＡＲキャリア",,301,"神奈川県","横浜市青葉区","あざみ野４丁目２１番地１０カーサプレーヌＳ－１",,14,117,2250011,,,,,,,2026-10-06,1,,,,,"ワンスターキャリア",0
693,3020002014555,01,1,2026-10-06,2015-10-05,"有限会社白井商事",,302,"神奈川県","横浜市青葉区","みすずが丘８番１号",,14,117,2250016,,,,,,,2015-10-05,1,,,,,"シライショウジ",0
694,3020002019901,21,0,2026-10-06,2026-09-16,"有限会社マディラ",,302,"神奈川県","横浜市港南区","野庭町８７番地",,14,111,2340056,,,2026-09-16,01,,,2015-10-05,1,,,,,"マディラ",0
695,3020002026022,01,1,2026-10-06,2015-10-05,"株式会社ＫＩＮＤＡＩ",,301,"神奈川県","横浜市神奈川区","三枚町２０２番地",,14,102,2210862,,,,,,,2015-10-05,1,,,,,"キンダイ",0
696,3020003031921,01,0,2026-10-06,2026-10-06,"合同会社ＯＡＫＲＡＦＴ",,305,"神奈川県","横浜市青葉区","恩田町３２６３番地４",,14,117,2270065,,,,,,,2026-10-06,1,,,,,"オークラフト",0
697,3021001004893,12,0,2026-10-06,2026-09-14,"株式会社佐藤興業",,301,"神奈川県","藤沢市","用田２７８７番地の３",,14,205,2520821,,,,,,,2015-10-05,1,,,,,"サトウコウギョウ",0
698,3021001013044,21,0,2026-10-06,2026-09-11,"株式会社竹正",,301,"神奈川県","相模原市南区","東林間４丁目３４番１５号",,14,153,2520311,,,2026-09-11,01,,,2015-10-05,1,,,,,"タケマサ",0
699,3021001032721,21,0,2026-10-06,2026-09-14,"株式会社湘南",,301,"神奈川県","小田原市","浜町４丁目１番１２号",,14,206,2500004,,,2026-09-14,01,,,2015-10-05,1,,,,,"ショウナン",0
700,3021001089274,01,0,2026-10-06,2026-10-06,"株式会社ｙｕｕ　Ｌａｕｇｈｔｅｒ’ｓ　Ｖｏｉｃｅ",,301,"神奈川県","相模原市緑区","大島１１番地１７７",,14,151,2520135,,,,,,,2026-10-06,1,,,,,"ユーラフターズボイス",0
701,3021001089290,01,0,2026-10-06,2026-10-06,"株式会社ＪＩＫＵＡＳＨＩ",,301,"神奈川県","藤沢市","鵠沼石上１丁目５－９メガサンエスビル６階",00145159,14,205,2510025,,,,,,,2026-10-06,1,,,,,"ジクアシ",0
702,3021001089299,01,0,2026-10-06,2026-10-06,"ＫＡＮＳＨＯＫＵ株式会社",,301,"神奈川県","大和市","中央林間西３丁目１番３２号",,14,213,2420008,,,,,,,2026-10-06,1,,,,,"カンショク",0
703,3021001089373,01,0,2026-10-06,2026-10-06,"株式会社ＵＮＷＩＲＥＤ　ＷＯＲＫＳ",,301,"神奈川県","茅ヶ崎市","南湖５丁目１５番１７号",,14,207,2530061,,,,,,,2026-10-06,1,,,,,"アンワイヤードワークス",0
704,3021002061538,01,1,2026-10-06,2015-10-05,"有限会社コンプライアンス",,302,"神奈川県","相模原市緑区","橋本３丁目１５番４号ＡＫドリーム橋本ＩＩ５０２",00013820,14,151,2520143,,,,,,,2015-10-05,0,,,,,"コンプライアンス",0
705,3021002061538,12,1,2026-10-06,2026-09-14,"有限会社コンプライアンス",,302,"神奈川県","相模原市緑区","東橋本３丁目２１番１３号",,14,151,2520144,,,,,,,2015-10-05,1,,,,,"コンプライアンス",0
706,3021003007168,12,0,2026-10-06,2026-09-15,"アルタフトレーディング合同会社",,305,"神奈川県","平塚市","土屋１８０５－２",,14,203,2591205,,,,,,,2017-12-26,1,,,,,"アルタフトレーディング",0
707,3030001011148,01,1,2026-10-06,2015-10-05,"株式会社モスシステム",,301,"埼玉県","さいたま市中央区","鈴谷２丁目７９４番地",,11,105,3380013,,,,,,,2015-10-05,0,,,,,"モスシステム",0
708,3030001011148,12,1,2026-10-06,2026-09-14,"株式会社モスシステム",,301,"埼玉県","さいたま市大宮区","桜木町１丁目９番１８号１Ｆ",,11,103,3300854,,,,,,,2015-10-05,1,,,,,"モスシステム",0
709,3030001021320,21,0,2026-10-06,2026-10-01,"株式会社リョウインターナショナル",,301,"東京都","台東区","東上野１丁目１４番５号ユーエムビル７Ｆ",,13,106,1100015,,,2026-10-01,11,1030001022972,"令和８年１０月１日東京都台東区東上野一丁目１４番５号ユーエムビル７Ｆ株式会社愛粧堂（1030001022972）に合併し解散",2015-10-05,1,,,,,"リョウインターナショナル",0
710,3030001027466,01,1,2026-10-06,2015-10-05,"ハタ・メディア工房株式会社",,301,"埼玉県","狭山市","大字北入曽６９６番地の２",,11,215,3501315,,,,,,,2015-10-05,1,,,,,"ハタメディアコウボウ",0
711,3030001042201,01,1,2026-10-06,2015-10-05,"株式会社ひまわり堂",,301,"埼玉県","桶川市","寿１丁目５番１号",,11,231,3630016,,,,,,,2015-10-05,1,,,,,"ヒマワリドウ",0
712,3030001046573,12,0,2026-10-06,2026-09-30,"株式会社ライフバス",,301,"埼玉県","入間郡三芳町","大字藤久保９３４番地８",,11,324,3540041,,,,,,,2015-10-05,1,,,,,"ライフバス",0
713,3030001061176,01,1,2026-10-06,2015-10-05,"ダイイチ株式会社",,301,"埼玉県","本庄市","児玉町長沖１２５番地１",,11,211,3670215,,,,,,,2015-10-05,1,,,,,"ダイイチ",0
714,3030001160127,12,0,2026-10-06,2026-10-01,"ＭＡＲＫＥＶＩＳＩＯＮ株式会社",,301,"東京都","大田区","大森西６丁目１７－１７",,13,111,1430015,,,,,,,2024-05-01,1,,,,,"マーケビジョン",0
715,3030002045632,12,0,2026-10-06,2026-09-17,"有限会社ＡＰＣ",,302,"埼玉県","越谷市","大字袋山１４３５番地１７",,11,222,3430032,,,,,,,2015-10-05,0,,,,,,0
716,3030002045632,11,0,2026-10-06,2026-09-17,"有限会社ヤシキライン",,302,"埼玉県","越谷市","大字袋山１４３５番地１７",,11,222,3430032,,,,,,,2015-10-05,1,,,,,"ヤシキライン",0
717,3030003029956,01,0,2026-10-06,2026-10-06,"合同会社ＹＯＨＡＫＵ",,305,"埼玉県","所沢市","くすのき台１丁目７番地の２１　ルナコート１０２",,11,208,3590037,,,,,,,2026-10-06,1,,,,,"ヨハク",0
718,3030003030071,01,0,2026-10-06,2026-10-06,"Ｎｏｖａｒａ　Ｃａｒｄｓ合同会社",,305,"埼玉県","所沢市","大字上安松２３５番地の１２",,11,208,3590025,,,,,,,2026-10-06,1,,,,,"ノバラカーズ",0
719,3040001045129,01,1,2026-10-06,2015-10-05,"株式会社ＹＵＪＩＮ",,301,"千葉県","白井市","冨士字東２４番地",,12,232,2701432,,,,,,,2015-10-05,1,,,,,"ユージン",0
720,3040001080398,12,0,2026-10-06,2026-10-01,"ジェイエムエス株式会社",,301,"神奈川県","横浜市西区","平沼１丁目３番２２－８０１号",,14,103,2200023,,,,,,,2015-10-05,1,,,,,"ジェイエムエス",0
721,3040001098366,01,1,2026-10-06,2017-01-16,"アクスル株式会社",,301,"千葉県","浦安市","猫実３丁目１０番１７号",,12,227,2790004,,,,,,,2017-01-16,1,,,,,"アクスル",0
722,3040001107003,12,0,2026-10-06,2026-09-02,"株式会社プチマル",,301,"千葉県","松戸市","樋野口６７７－１大江邸２Ｆ",,12,207,2710067,,,,,,,2018-11-26,1,,,,,"プチマル",0
723,3040001140714,12,0,2026-10-06,2026-10-01,"焦石株式会社",,301,"東京都","足立区","東保木間１丁目２２番６号",,13,121,1210063,,,,,,,2025-10-06,1,,,,,"ショウセキ",0
724,3040001145473,01,0,2026-10-06,2026-10-06,"ティーエムライン株式会社",,301,"千葉県","船橋市","湊町２丁目１番１９号ルミエール船橋１０４",,12,204,2730011,,,,,,,2026-10-06,1,,,,,"ティーエムライン",0
725,3040001145556,01,0,2026-10-06,2026-10-06,"株式会社Ｌｅｇａｄｏ",,301,"千葉県","浦安市","高洲６丁目２番４－４３６号ザ・パークハウス新浦安マリンヴィラ",,12,227,2790023,,,,,,,2026-10-06,1,,,,,"レガード",0
726,3040002020948,01,1,2026-10-06,2015-10-05,"有限会社エフピーアール",,302,"千葉県","船橋市","芝山１丁目２９番８－３０３号",,12,204,2740816,,,,,,,2015-10-05,1,,,,,"エフピーアール",0
727,3040002029667,12,0,2026-10-06,2026-09-09,"有限会社テオストレーディング",,302,"千葉県","成田市","猿山１３４９番地５",,12,211,2890107,,,,,,,2015-10-05,1,,,,,,0
728,3040003030847,01,0,2026-10-06,2026-10-06,"アプテン合同会社",,305,"千葉県","浦安市","美浜２丁目８番６０４号",,12,227,2790011,,,,,,,2026-10-06,1,,,,,"アプテン",0
729,3050001059029,01,0,2026-10-06,2026-10-06,"株式会社オノセサカン",,301,"茨城県","ひたちなか市","新光町３８番地",,08,221,3120005,,,,,,,2026-10-06,1,,,,,"オノセサカン",0
730,3050003009262,12,0,2026-10-06,2026-10-02,"合同会社ＧＦ米子蓄電所",,305,"神奈川県","横浜市中区","常盤町２丁目２０番地ヴェラハイツ関内７０７",,14,104,2310014,,,,,,,2025-05-20,1,,,,,"ジーエフヨナゴチクデンショ",0
731,3050003010402,01,0,2026-10-06,2026-10-06,"合同会社フォーユー",,305,"茨城県","水戸市","けやき台２丁目６－２",,08,201,3100842,,,,,,,2026-10-06,1,,,,,"フォーユー",0
732,3050005013881,01,0,2026-10-06,2026-10-06,"アディショナル協同組合",,399,"茨城県","常総市","豊岡町乙１３２５番地３スカイハイツソメヤＣ棟１０３",,08,211,3030041,,,,,,,2026-10-06,1,,,,,"アディショナル",0
733,3060001039649,01,0,2026-10-06,2026-10-06,"ＰＲＥＣＩＤＡ株式会社",,301,"栃木県","大田原市","北大和久１３６番地２",,09,210,3240016,,,,,,,2026-10-06,1,,,,,"プレシダ",0
734,3060002023684,01,1,2026-10-06,2015-10-05,"有限会社元泉館",,302,"栃木県","那須塩原市","湯本塩原１０１番地",,09,213,3292922,,,,,,,2015-10-05,1,,,,,"ゲンセンカン",0
735,3060005010416,12,0,2026-10-06,2026-09-24,"特定非営利活動法人栃木伝統文化継承協会",,399,"栃木県","宇都宮市","錦３丁目４番地６号錦ハイツ１０３",,09,201,3210967,,,,,,,2026-03-02,1,,,,,"トチギデントウブンカケイショウキョウカイ",0
736,3070001044540,01,0,2026-10-06,2026-10-06,"株式会社どてまる",,301,"群馬県","伊勢崎市","美茂呂町４５０３番地３",,10,204,3720037,,,,,,,2026-10-06,1,,,,,"ドテマル",0
737,3070001044557,01,0,2026-10-06,2026-10-06,"株式会社茂木ガラス",,301,"群馬県","沼田市","西原新町７０番地",,10,206,3780054,,,,,,,2026-10-06,1,,,,,"モギガラス",0
738,3080001015152,12,0,2026-10-06,2026-10-01,"福一興産株式会社",,301,"静岡県","焼津市","中港５丁目１２番１９号",,22,212,4250021,,,,,,,2015-10-05,1,,,,,"フクイチコウサン",0
739,3080001018502,12,0,2026-10-06,2026-10-01,"株式会社トーリーメイト",,301,"静岡県","静岡市駿河区","宮竹１丁目１８番１５号豊ハイツ１０３号室",,22,102,4228035,,,,,,,2015-10-05,1,,,,,"トーリーメイト",0
740,3080001027841,01,0,2026-10-06,2026-10-06,"株式会社松野時計店",,301,"静岡県","静岡市葵区","七間町１４番地の７馬場ビル１階",,22,101,4200035,,,,,,,2026-10-06,1,,,,,"マツノトケイテン",0
741,3080003003774,01,0,2026-10-06,2026-10-06,"合同会社ＲＵＴＳ",,305,"静岡県","静岡市葵区","両替町２丁目４番地の５カリオビル７階７０３号室",,22,101,4200032,,,,,,,2026-10-06,1,,,,,"ルーツ",0
742,3080101026537,01,0,2026-10-06,2026-10-06,"株式会社ｗａｔａｉｔｉ",,301,"静岡県","富士市","三ツ沢２８４－１",,22,210,4170855,,,,,,,2026-10-06,1,,,,,"ワタイチ",0
743,3080401000836,71,0,2026-10-06,2026-10-01,"遠鉄システムサービス株式会社",,301,"静岡県","浜松市中央区","千歳町９１番地の１",,22,138,4300934,,,,,,"令和８年１０月１日静岡県浜松市中央区小池町２５５０番地の２株式会社ＯＭＨ（3080401009935）を合併",2015-10-05,1,,,,,"エンテツシステムサービス",0
744,3080401009935,21,0,2026-10-06,2026-10-01,"株式会社ＯＭＨ",,301,"静岡県","浜松市中央区","小池町２５５０番地の２",,22,138,4350056,,,2026-10-01,11,3080401000836,"令和８年１０月１日静岡県浜松市中央区千歳町９１番地の１遠鉄システムサービス株式会社（3080401000836）に合併し解散",2015-10-05,1,,,,,"オーエムエイチ",0
745,3080401028893,01,0,2026-10-06,2026-10-06,"ＯｎｅＳｔａｎｄａｒｄ株式会社",,301,"静岡県","浜松市中央区","飯田町１７５番地の３",,22,138,4350028,,,,,,,2026-10-06,1,,,,,"ワンスタンダード",0
746,3080403005585,01,0,2026-10-06,2026-10-06,"合同会社ＪＩＮ　ＪＡＰＡＮ",,305,"静岡県","袋井市","川井８６８－４・２階Ｃ号室",,22,216,4370064,,,,,,,2026-10-06,1,,,,,"ジンジャパン",0
747,3090001018261,12,0,2026-10-06,2026-10-01,"株式会社ＡＰＰＯ",,301,"山梨県","甲府市","下小河原町１３３番地１",,19,201,4000853,,,,,,,2023-08-17,1,,,,,"アッポー",0
748,3100001012519,12,0,2026-10-06,2026-10-02,"株式会社ソラナ・リゾート",,301,"長野県","北佐久郡御代田町","大字御代田字西鰍沢４１２０番地７０",,20,323,3890206,,,,,,,2015-10-05,1,,,,,"ソラナリゾート",0
749,3100001021164,01,1,2026-10-06,2015-10-05,"株式会社上山製菓舗",,301,"長野県","上伊那郡飯島町","飯島１４３５番地２",,20,384,3993702,,,,,,,2015-10-05,1,,,,,"カミヤマセイカホ",0
750,3100001040049,01,0,2026-10-06,2026-10-06,"株式会社日広ホールディングス",,301,"長野県","上田市","住吉６７番地１",,20,203,3860002,,,,,,,2026-10-06,1,,,,,"ニッコウホールディングス",0
751,3100001040057,01,0,2026-10-06,2026-10-06,"株式会社ＡＨＴ",,301,"長野県","長野市","若里３丁目１１番２７号",,20,201,3800928,,,,,,,2026-10-06,1,,,,,"エーエイチティー",0
752,3100002030742,21,0,2026-10-06,2026-10-02,"有限会社コウ・キタダ建築設計工房",,302,"長野県","諏訪郡原村","１７７８１番地２２",,20,363,3910100,,,2026-10-02,01,,,2015-10-05,1,,,,,"コウキタダケンチクセッケイコウボウ",0
753,3100003008969,01,0,2026-10-06,2026-10-06,"合同会社ノマヨケ",,305,"長野県","東御市","御牧原１５０５番地１",,20,219,3890403,,,,,,,2026-10-06,1,,,,,"ノマヨケ",0
754,3110001011809,21,0,2026-10-06,2026-09-25,"五泉管財株式会社",,301,"新潟県","新潟市中央区","上所１丁目１番２４号Ｎビル４階とやの総合法律事務所内",,15,103,9500994,,,2026-09-25,01,,,2015-10-05,1,,,,,"ゴセンカンザイ",0
755,3110001040428,01,0,2026-10-06,2026-10-06,"株式会社ＣＯＡ",,301,"新潟県","新潟市西区","ときめき西１丁目１２番地６",,15,107,9501106,,,,,,,2026-10-06,1,,,,,"コア",0
756,3110002021922,01,1,2026-10-06,2015-10-05,"有限会社小島屋",,302,"新潟県","村上市","藤沢２９９番地",,15,212,9593131,,,,,,,2015-10-05,1,,,,,"コジマヤ",0
757,3120001014769,01,1,2026-10-06,2015-10-05,"株式会社ケーアイム企画",,301,"大阪府","大阪市城東区","東中浜７丁目４番２２号",,27,118,5360023,,,,,,,2015-10-05,1,,,,,"ケーアイムキカク",0
758,3120001040162,01,1,2026-10-06,2015-10-05,"三好自動車株式会社",,301,"大阪府","大阪市浪速区","日本橋４丁目１番３号",,27,111,5560005,,,,,,,2015-10-05,1,,,,,"ミヨシジドウシャ",0
759,3120001074722,01,1,2026-10-06,2015-10-05,"茨木紙業株式会社",00028549,301,"大阪府","大阪市中央区","農人橋２丁目２番２号",,27,128,5400011,,,,,,,2015-10-05,0,,,,,"イバラキシギョウ",0
760,3120001074722,12,1,2026-10-06,2016-01-19,"茨木紙業株式会社",00028549,301,"大阪府","東大阪市","長田中３丁目３番２８号",,27,227,5770013,,,,,,,2015-10-05,1,,,,,"イバラキシギョウ",0
761,3120001084457,01,1,2026-10-06,2015-10-05,"中央通産株式会社",,301,"大阪府","大阪市中央区","（大阪市南区難波四丁目２番１１号）",,27,128,5390000,,,,,,,2015-10-05,1,,,,,"チュウオウツウサン",1
762,3120001191286,12,0,2026-10-06,2026-10-01,"株式会社ケイシンリアルティ",,301,"大阪府","大阪市西区","新町１丁目１３番３号",,27,106,5500013,,,,,,,2015-10-05,1,,,,,"ケイシンリアルティ",0
763,3120001193209,12,0,2026-10-06,2026-10-01,"菊水株式会社",,301,"大阪府","大阪市中央区","本町４丁目２番１２号",,27,128,5410053,,,,,,,2015-10-05,1,,,,,"キクスイ",0
764,3120001196104,01,1,2026-10-06,2016-02-04,"ＺＡＵ設計室株式会社",,301,"大阪府","大阪市中央区","本町４丁目６番２５号アスティナ御堂筋本町ＩＩ７０４号室",00105701,27,128,5410053,,,,,,,2016-02-04,0,,,,,"ゼットエーユーセッケイシツ",0
765,3120001196104,12,1,2026-10-06,2026-06-25,"ＺＡＵ設計室株式会社",,301,"大阪府","大阪市淀川区","西中島５丁目７番１７号ビジネスヴィップ第２新大阪９０７号室",,27,123,5320011,,,,,,,2016-02-04,1,,,,,"ゼットエーユーセッケイシツ",0
766,3120001207307,01,1,2026-10-06,2017-08-09,"株式会社雅",,301,"大阪府","大阪市都島区","都島中通３丁目１８番１号",,27,102,5340022,,,,,,,2017-08-09,0,,,,,"ミヤビ",0
767,3120001207307,12,1,2026-10-06,2026-09-18,"株式会社雅",,301,"大阪府","大阪市都島区","都島中通３丁目１８番２号",,27,102,5340022,,,,,,,2017-08-09,1,,,,,"ミヤビ",0
768,3120001240761,12,0,2026-10-06,2026-09-18,"株式会社ＷＡＫＵ家",,301,"大阪府","東大阪市","岩田町３丁目１２番８号",,27,227,5780941,,,,,,,2021-09-29,1,,,,,"ワクヤ",0
769,3120001268258,21,0,2026-10-06,2026-10-02,"双瀧株式会社",,301,"大阪府","大阪市西成区","萩之茶屋１丁目１２－７万葉ビル１２６号室",,27,122,5570004,,,2026-10-02,01,,,2024-09-03,1,,,,,"ソウタキ",0
770,3120001289403,01,0,2026-10-06,2026-10-06,"株式会社Ｎｅｖｅｒ　ｈｏｍｅ",,301,"大阪府","大阪市東淀川区","豊里５丁目２７番１７号ＪＰ豊里レジデンス２０１号室",,27,114,5330013,,,,,,,2026-10-06,1,,,,,"ネバーホーム",0
771,3120001289444,01,0,2026-10-06,2026-10-06,"株式会社Ｍａｒｔｙｒ",,301,"大阪府","大阪市北区","梅田１丁目１番３号大阪駅前第３ビル２９階１－１－１号室",,27,127,5300001,,,,,,,2026-10-06,1,,,,,"マーター",0
772,3120001289510,01,0,2026-10-06,2026-10-06,"株式会社ジーオープランニング",,301,"大阪府","枚方市","香里園町２番１４号",,27,210,5730086,,,,,,,2026-10-06,1,,,,,"ジーオープランニング",0
773,3120001289626,01,0,2026-10-06,2026-10-06,"株式会社三輝",,301,"大阪府","大阪市淀川区","西三国４丁目３番４６号",,27,123,5320006,,,,,,,2026-10-06,1,,,,,"サンキ",0
774,3120003016615,21,0,2026-10-06,2026-09-30,"合同会社ＡＫＩＧｒｏｕｐ",,305,"愛知県","名古屋市緑区","篠の風２丁目１１４番地",,23,114,4580015,,,2026-09-30,01,,,2019-11-28,1,,,,,"エーケーアイグループ",0
775,3120003033635,01,0,2026-10-06,2026-10-06,"合同会社絆クレア",,305,"大阪府","大阪市北区","曾根崎２丁目８番５号お初天神ＥａｓｔＢｌｄｇ３階",,27,127,5300057,,,,,,,2026-10-06,1,,,,,"キズナクレア",0
776,3120101029477,12,0,2026-10-06,2026-10-02,"ＡＧＭＳ株式会社",,301,"東京都","中央区","日本橋小網町１１－４ＢｉｚＦｅｅｌ茅場町６階",,13,102,1030016,,,,,,,2015-10-05,1,,,,,"エージーエムエス",0
777,3120101060011,12,0,2026-10-06,2026-10-01,"株式会社堀場工務店",,301,"大阪府","貝塚市","三ツ松１６５４番地",,27,208,5970105,,,,,,,2019-06-06,1,,,,,"ホリバコウムテン",0
778,3120101074449,01,0,2026-10-06,2026-10-06,"株式会社ＨＯＯＤＬＵＭ",,301,"大阪府","堺市堺区","翁橋町１丁９番地４",,27,141,5900061,,,,,,,2026-10-06,1,,,,,"フッドラム",0
779,3120101074457,01,0,2026-10-06,2026-10-06,"株式会社ヤマユウエステート",,301,"大阪府","泉大津市","豊中町２丁目５番５号",,27,206,5950023,,,,,,,2026-10-06,1,,,,,"ヤマユウエステート",0
780,3120902010081,12,0,2026-10-06,2026-10-01,"有限会社グランテック",,302,"大阪府","茨木市","北春日丘１丁目１番４２号春日丘フラッグス３０７号",,27,211,5670048,,,,,,,2015-10-05,1,,,,,"グランテック",0
781,3120903006434,01,0,2026-10-06,2026-10-06,"ＺＥＮ　ＢＲＩＤＧＥ合同会社",,305,"大阪府","吹田市","山手町２丁目１３番３号デュオグラン吹田山手ヒルズ４０５",,27,205,5640073,,,,,,,2026-10-06,1,,,,,"ゼンブリッジ",0
782,3122002009566,01,1,2026-10-06,2015-10-05,"有限会社ティエラ",,302,"大阪府","東大阪市","新町１番２４号",,27,227,5798037,,,,,,,2015-10-05,1,,,,,"ティエラ",0
783,3122005001710,01,1,2026-10-06,2015-10-05,"龍光寺",,399,"大阪府","大東市","大字龍間１４５２番地",,27,218,5740012,,,,,,,2015-10-05,1,,,,,"リュウコウジ",0
784,3130001049070,01,1,2026-10-06,2015-10-05,"リンクウエィ貿易株式会社",,301,"京都府","京都市南区","唐橋門脇町２９番地１ルネ西大路１０１０号",,26,107,6018461,,,,,,,2015-10-05,0,,,,,"リンクウエィボウエキ",0
785,3130001049070,12,1,2026-10-06,2018-12-27,"リンクウエィ貿易株式会社",,301,"京都府","京都市南区","吉祥院新田弐ノ段町８８番地２",,26,107,6018317,,,,,,,2015-10-05,1,,,,,"リンクウエィボウエキ",0
786,3130001057841,01,1,2026-10-06,2016-07-05,"株式会社ティーエスケー",,301,"京都府","綴喜郡宇治田原町","大字郷之口小字末田３９番地の２",,26,344,6100255,,,,,,,2016-07-05,1,,,,,"ティーエスケー",0
787,3130003003513,12,0,2026-10-06,2026-09-24,"合同会社エヌ・コネクト",,305,"京都府","京都市下京区","七条通油小路東入大黒町２２７番地第２キョートビル４０２",,26,106,6008223,,,,,,,2015-10-05,1,,,,,"エヌコネクト",0
788,3140001038031,01,1,2026-10-06,2015-10-05,"株式会社立輝商社",,301,"兵庫県","神戸市兵庫区","和田宮通４丁目２番１９号",,28,105,6520863,,,,,,,2015-10-05,0,,,,,"リッキショウシャ",0
789,3140001038031,12,1,2026-10-06,2017-02-10,"株式会社立輝商社",,301,"兵庫県","神戸市兵庫区","小松通３丁目２番２号",,28,105,6520865,,,,,,,2015-10-05,1,,,,,"リッキショウシャ",0
790,3140001044616,01,1,2026-10-06,2015-10-05,"株式会社平山工作所",,301,"兵庫県","加古郡稲美町","岡２１８４番地の１０",,28,381,6751113,,,,,,,2015-10-05,1,,,,,"ヒラヤマコウサクショ",0
791,3140001086930,12,0,2026-10-06,2026-09-28,"ベリテック・アイコニックス・ベンチャーズ株式会社",,301,"兵庫県","芦屋市","潮見町２４番１５号",,28,206,6590043,,,,,,,2015-10-05,1,,,,,"ベリテックアイコニックスベンチャーズ",0
792,3140001119839,12,0,2026-10-06,2026-09-30,"株式会社ｍａｎａｓ",,301,"兵庫県","明石市","西新町２丁目１５番７号",,28,203,6730023,,,,,,,2020-12-23,1,,,,,"マナス",0
793,3140002027347,01,1,2026-10-06,2015-10-05,"有限会社プロジエ",,302,"兵庫県","神戸市東灘区","岡本３丁目８番２０号",,28,101,6580072,,,,,,,2015-10-05,1,,,,,"プロジエ",0
794,3140002069488,21,0,2026-10-06,2026-09-28,"有限会社的場測量設計事務所",,302,"兵庫県","淡路市","石田９７番地",,28,226,6561712,,,2026-09-28,01,,,2015-10-05,1,,,,,"マトバソクリョウセッケイジムショ",0
795,3150001029269,01,0,2026-10-06,2026-10-06,"株式会社西澤工務店",,301,"奈良県","大和郡山市","小泉町１６０４番地１",,29,203,6391042,,,,,,,2026-10-06,1,,,,,"ニシザワコウムテン",0
796,3150001029277,01,0,2026-10-06,2026-10-06,"株式会社やまと食産",,301,"奈良県","奈良市","富雄元町２丁目６番２２号１階",,29,201,6310078,,,,,,,2026-10-06,1,,,,,"ヤマトショクサン",0
797,3150002007595,12,0,2026-10-06,2026-10-02,"有限会社拓栄興産",,302,"奈良県","葛城市","梅室１１８番地１",,29,211,6392133,,,,,,,2015-10-05,1,,,,,,0
798,3160001023221,71,0,2026-10-06,2026-09-30,"奥伊吹ホールディングス株式会社",,301,"滋賀県","米原市","甲津原５３０番地",,25,214,5210301,,,,,,"令和８年９月３０日滋賀県米原市甲津原５３０番地奥伊吹森林レク株式会社（7160001006486）を合併",2021-04-07,1,,,,,"オクイブキホールディングス",0
799,3160005008672,11,0,2026-10-06,2026-09-16,"パナソニックユニオン",,399,"滋賀県","草津市","野路東２丁目３－１－２",,25,206,5250058,,,,,,,2015-10-05,1,,,,,"パナソニックユニオン",0
800,3170001016059,01,1,2026-10-06,2020-04-30,"環境リサイクル株式会社",,301,"和歌山県","紀の川市","粉河７０７番地１",,30,208,6496531,,,,,,,2020-04-30,1,,,,,"カンキョウリサイクル",0
801,3170001017908,12,0,2026-10-06,2026-10-01,"株式会社アイザック",,301,"和歌山県","和歌山市","新通４丁目２３番地",,30,201,6408111,,,,,,,2023-12-04,1,,,,,"アイザック",0
802,3170001019078,11,0,2026-10-06,2026-10-01,"株式会社グッティービルド",,301,"和歌山県","和歌山市","太田３丁目３－１７",,30,201,6408323,,,,,,,2026-05-12,1,,,,,"グッティービルド",0
803,3170003002503,01,0,2026-10-06,2026-10-06,"合同会社Ｊｏｉｎ　Ａｓ",,305,"和歌山県","海草郡紀美野町","田５７番地９",,30,304,6401363,,,,,,,2026-10-06,1,,,,,"ジョインアズ",0
804,3180001059222,01,1,2026-10-06,2015-10-05,"株式会社アクティヴォジャパン",,301,"愛知県","名古屋市中区","大須１丁目６番３５号",,23,106,4600011,,,,,,,2015-10-05,0,,,,,"アクティヴォジャパン",0
805,3180001059222,12,1,2026-10-06,2026-10-01,"株式会社アクティヴォジャパン",,301,"愛知県","名古屋市中村区","猪之越町２丁目５番９号",,23,105,4530038,,,,,,,2015-10-05,1,,,,,"アクティヴォジャパン",0
806,3180001061038,12,0,2026-10-06,2026-10-01,"株式会社大黒屋",,301,"愛知県","名古屋市西区","天神山町６番２２号",,23,104,4510065,,,,,,,2015-10-05,1,,,,,"ダイコクヤ",0
807,3180001072992,21,0,2026-10-06,2026-10-01,"株式会社セントラル測量",,301,"愛知県","名古屋市西区","城西３丁目１９番１号",,23,104,4510031,,,2026-10-01,01,,,2015-10-05,1,,,,,"セントラルソクリョウ",0
808,3180001085128,01,1,2026-10-06,2015-10-05,"ウカイ商事株式会社",,301,"愛知県","一宮市","西大海道字戌亥４７番地",,23,203,4910005,,,,,,,2015-10-05,1,,,,,"ウカイショウジ",0
809,3180001093790,12,0,2026-10-06,2026-09-30,"株式会社ＮＡＧＡＮＥ",,301,"愛知県","半田市","郷中町１丁目３番地ニューホワイトビル３Ｄ号",,23,205,4750842,,,,,,,2015-10-05,1,,,,,"ナガネ",0
810,3180001136046,12,0,2026-10-06,2026-10-01,"鮨屋とんぼ株式会社",,301,"愛知県","名古屋市中区","新栄２丁目２４番８号（１３０３）",,23,106,4600007,,,,,,,2019-04-04,1,,,,,"スシヤトンボ",0
811,3180001154832,12,0,2026-10-06,2026-09-29,"株式会社匠工芸",,301,"愛知県","愛西市","南河田町江田４番地１",,23,232,4968007,,,,,,,2023-02-03,1,,,,,"タクミコウゲイ",0
812,3180001155401,12,0,2026-10-06,2026-10-01,"株式会社ナガヤホールディングス",,301,"愛知県","名古屋市瑞穂区","彌富町字円山１番地",,23,108,4670033,,,,,,,2023-03-16,1,,,,,"ナガヤホールディングス",0
813,3180001168543,12,0,2026-10-06,2026-10-01,"コンテナンスアイチ株式会社",,301,"愛知県","名古屋市北区","志賀町５丁目３９番",,23,103,4620037,,,,,,,2025-09-05,1,,,,,"コンテナンスアイチ",0
814,3180001170755,12,0,2026-10-06,2026-09-30,"東澄商事株式会社",,301,"愛知県","名古屋市中区","栄４丁目２１番９号シティハイツ栄２０３",,23,106,4600008,,,,,,,2026-02-25,1,,,,,"トウチョウショウジ",0
815,3180001173295,12,0,2026-10-06,2026-10-01,"株式会社グローバルリクルートプランナー",,301,"愛知県","名古屋市中区","丸の内２丁目１７番４号ＭＩＷＡ第一ビル６階",,23,106,4600002,,,,,,,2026-09-04,1,,,,,"グローバルリクルートプランナー",0
816,3180001173659,01,0,2026-10-06,2026-10-06,"ＭＡＴＩＶＥ株式会社",,301,"愛知県","名古屋市中村区","名駅４丁目２４番５号第２森ビル４０１",,23,105,4500002,,,,,,,2026-10-06,1,,,,,"マティブ",0
817,3180001173675,01,0,2026-10-06,2026-10-06,"株式会社エコテック東海",,301,"愛知県","名古屋市千種区","千種３丁目２５番１９号",,23,101,4640858,,,,,,,2026-10-06,1,,,,,"エコテックトウカイ",0
818,3180001173709,01,0,2026-10-06,2026-10-06,"株式会社ＡＲＴＩＰＡＴＨ",,301,"愛知県","名古屋市中村区","名駅３丁目４番１０号アルティメイト名駅１ｓｔ２階",,23,105,4500002,,,,,,,2026-10-06,1,,,,,"アーティパス",0
819,3180001173717,01,0,2026-10-06,2026-10-06,"株式会社スリーエス",,301,"愛知県","名古屋市西区","比良１丁目１９３番地シャトー共栄Ａ３０３号室",,23,104,4520802,,,,,,,2026-10-06,1,,,,,"スリーエス",0
820,3180001173725,01,0,2026-10-06,2026-10-06,"株式会社ミスターハウス",,301,"愛知県","名古屋市中区","平和１丁目２３番１６号",,23,106,4600021,,,,,,,2026-10-06,1,,,,,"ミスターハウス",0
821,3180001173733,01,0,2026-10-06,2026-10-06,"青木電設株式会社",,301,"愛知県","名古屋市港区","高木町１丁目２０番地の３",,23,111,4550821,,,,,,,2026-10-06,1,,,,,"アオキデンセツ",0
822,3180001173758,01,0,2026-10-06,2026-10-06,"株式会社ｄａｒｉｃｈ",,301,"愛知県","名古屋市中区","千代田２丁目６番１８号宮ざきビル３階",,23,106,4600012,,,,,,,2026-10-06,1,,,,,"ダーイッチ",0
823,3180001173790,01,0,2026-10-06,2026-10-06,"株式会社ＰＬＯＴ",,301,"愛知県","名古屋市中区","大須１丁目３５番３１号パートナーズビルヂング４階",,23,106,4600011,,,,,,,2026-10-06,1,,,,,"プロット",0
824,3180001173799,01,0,2026-10-06,2026-10-06,"株式会社ＮＡＭＥＬＥＳＳ",,301,"愛知県","一宮市","新生２丁目１７番１５号",,23,203,4910912,,,,,,,2026-10-06,1,,,,,,0
825,3180001173808,01,0,2026-10-06,2026-10-06,"株式会社リオン",,301,"愛知県","小牧市","大字下末１０６７番地",,23,219,4850825,,,,,,,2026-10-06,1,,,,,"リオン",0
826,3180002014457,21,0,2026-10-06,2026-09-30,"有限会社西川工業",,302,"愛知県","名古屋市南区","要町５丁目１６６番地の２",,23,112,4570802,,,2026-09-30,01,,,2015-10-05,1,,,,,"ニシカワコウギョウ",0
827,3180002034232,12,0,2026-10-06,2026-10-01,"有限会社大八建設",,302,"愛知県","名古屋市北区","上飯田南町３丁目３１番地",,23,103,4620804,,,,,,,2015-10-05,1,,,,,"ダイハチケンセツ",0
828,3180002052432,21,0,2026-10-06,2026-10-01,"有限会社万代屋",,302,"愛知県","西春日井郡豊山町","大字豊場字諏訪７９番地",,23,342,4800202,,,2026-10-01,01,,,2015-10-05,1,,,,,"モズヤ",0
829,3180002081910,21,0,2026-10-06,2026-10-01,"有限会社三宝",,302,"愛知県","日進市","梅森町上松３１０番地３",,23,230,4700132,,,2026-10-01,01,,,2015-10-05,1,,,,,"サンポウ",0
830,3180003030858,01,0,2026-10-06,2026-10-06,"合同会社ＪＵＮＯＮＥ",,305,"愛知県","春日井市","小野町２丁目７１番地７０５号",,23,206,4860926,,,,,,,2026-10-06,1,,,,,"ジュンワン",0
831,3180003030866,01,0,2026-10-06,2026-10-06,"合同会社リンクス",,305,"愛知県","名古屋市緑区","大高町字本町２１番地の３",,23,114,4598001,,,,,,,2026-10-06,1,,,,,"リンクス",0
832,3180005021698,01,0,2026-10-06,2026-10-06,"医療法人葵千種会",,399,"愛知県","名古屋市千種区","末盛通１丁目１７番地１ｅｌｓｏｌ覚王山４階",,23,101,4640821,,,,,,,2026-10-06,1,,,,,"キセンシュカイ",0
833,3190003003623,11,0,2026-10-06,2026-09-28,"合同会社Ｓｏｃｉａｌホールディングス",,305,"三重県","四日市市","三栄町３番１７－８０２号プレサンスロジェ四日市中央通り",,24,202,5100068,,,,,,,2021-03-15,1,,,,,"ソーシャルホールディングス",0
834,3200001044072,01,1,2026-10-06,2025-07-29,"東立成株式会社",,301,"岐阜県","美濃加茂市","山之上町１２１２番地",,21,211,5050003,,,,,,,2025-07-29,0,,,,,"トウリセイ",0
835,3200001044072,12,1,2026-10-06,2026-03-27,"東立成株式会社",,301,"愛知県","北名古屋市","片場八瀬の木１９番地清水コーポ２Ｆ",,23,234,4810002,,,,,,,2025-07-29,1,,,,,"トウリセイ",0
836,3200001045517,01,0,2026-10-06,2026-10-06,"株式会社つなぐ",,301,"岐阜県","岐阜市","北一色３丁目９番２１号",,21,201,5008227,,,,,,,2026-10-06,1,,,,,"ツナグ",0
837,3200002019180,01,1,2026-10-06,2015-10-05,"有限会社三田屋",,302,"岐阜県","関市","小瀬２００６番地の１",,21,205,5013265,,,,,,,2015-10-05,1,,,,,"サンダヤ",0
838,3210001020758,01,0,2026-10-06,2026-10-06,"株式会社ＦＡＩＴＨ",,301,"福井県","鯖江市","鳥羽１丁目５番１９－２号",,18,207,9160013,,,,,,,2026-10-06,1,,,,,"フェイス",0
839,3220001008356,01,1,2026-10-06,2015-10-05,"株式会社クールプロジェクト",,301,"石川県","野々市市","押野１丁目３８０番地",,17,212,9218802,,,,,,,2015-10-05,0,,,,,,0
840,3220001008356,12,1,2026-10-06,2026-09-18,"株式会社クールプロジェクト",,301,"石川県","能美郡川北町","字山田先出１４６番地１",,17,324,9231264,,,,,,,2015-10-05,1,,,,,,0
841,3220003004394,01,0,2026-10-06,2026-10-06,"合同会社Ｂ．ＣＯ",,305,"石川県","金沢市","福増町北８５９番地１",,17,201,9200376,,,,,,,2026-10-06,1,,,,,"ビードットシーオー",0
842,3230001021614,01,0,2026-10-06,2026-10-06,"株式会社ＴＥＡＭ‐２ＮＤ",,301,"富山県","富山市","新庄本町３丁目３番３３号",,16,201,9300996,,,,,,,2026-10-06,1,,,,,"チームセカンド",0
843,3240001067111,01,0,2026-10-06,2026-10-06,"株式会社福徳",,301,"広島県","東広島市","西条町御薗宇１０８０５番地２メゾンドプレセア２１２号",,34,212,7390024,,,,,,,2026-10-06,1,,,,,"フクトク",0
844,3240001067128,01,0,2026-10-06,2026-10-06,"ふたばスタイル株式会社",,301,"広島県","福山市","幕山台３丁目２０番３号",,34,207,7210913,,,,,,,2026-10-06,1,,,,,"フタバスタイル",0
845,3240003007973,01,0,2026-10-06,2026-10-06,"合同会社ＢｅＱｒａｆｔ",,305,"広島県","府中市","高木町８２５番地２",,34,208,7260013,,,,,,,2026-10-06,1,,,,,"ビークラフト",0
846,3250002011579,01,1,2026-10-06,2015-10-05,"有限会社ワールド技工",,302,"山口県","下関市","一の宮本町２丁目６番２９号",,35,201,7510808,,,,,,,2015-10-05,1,,,,,"ワールドギコウ",0
847,3250005005685,21,0,2026-10-06,2026-10-01,"観音教堂",,399,"山口県","光市","大字岩田７０１番地",,35,210,7430103,,,2026-10-01,01,,,2015-10-05,1,,,,,"カンノンキョウドウ",0
848,3250005007624,11,0,2026-10-06,2026-10-01,"医療法人ふみ内科・糖尿病クリニック",,399,"山口県","光市","島田６丁目１３番２６号",,35,210,7430063,,,,,,,2015-10-05,1,,,,,"フミナイカトウニョウビョウクリニック",0
849,3260001000615,01,1,2026-10-06,2015-10-05,"株式会社ヴィクトリー",,301,"岡山県","岡山市北区","上中野１丁目４番１１号",,33,101,7000972,,,,,,,2015-10-05,0,,,,,"ヴィクトリー",0
850,3260001000615,21,1,2026-10-06,2022-01-20,"株式会社ヴィクトリー",,301,"岡山県","岡山市北区","上中野１丁目４番１１号",,33,101,7000972,,,2022-01-20,21,,,2015-10-05,0,,,,,"ヴィクトリー",0
851,3260001000615,22,1,2026-10-06,2026-09-29,"株式会社ヴィクトリー",,301,"岡山県","岡山市北区","上中野１丁目４番１１号",,33,101,7000972,,,,,,,2015-10-05,1,,,,,"ヴィクトリー",0
852,3260001041659,01,0,2026-10-06,2026-10-06,"大夢建設株式会社",,301,"岡山県","浅口市","鴨方町六条院東３４４１番地５",,33,216,7190254,,,,,,,2026-10-06,1,,,,,"タイムケンセツ",0
853,3260001041675,01,0,2026-10-06,2026-10-06,"株式会社ｓｅｉｍｅｎｂｏｙ",,301,"岡山県","倉敷市","児島上の町２丁目１０６３番地３",,33,202,7110907,,,,,,,2026-10-06,1,,,,,"セイメンボーイ",0
854,3260001041683,01,0,2026-10-06,2026-10-06,"株式会社大福検査テクニカ",,301,"岡山県","岡山市北区","今３丁目９－６グロース１、２Ｆ",,33,101,7000975,,,,,,,2026-10-06,1,,,,,"ダイフクケンサテクニカ",0
855,3260002011041,21,0,2026-10-06,2026-10-01,"有限会社大西建設工業",,302,"岡山県","赤磐市","桜が丘西１丁目１３番１０号",,33,213,7090802,,,2026-10-01,01,,,2015-10-05,1,,,,,"オオニシケンセツコウギョウ",0
856,3280002000199,21,0,2026-10-06,2026-10-02,"有限会社石倉組",,302,"島根県","松江市","魚瀬町５５６番地",,32,201,6900266,,,2026-10-02,01,,,2015-10-05,1,,,,,"イシクラグミ",0
857,3280002005140,12,0,2026-10-06,2026-09-30,"有限会社伊藤サービス",,302,"島根県","松江市","西嫁島３丁目４番５号",,32,201,6900048,,,,,,,2015-10-05,1,,,,,"イトウサービス",0
858,3280002010784,71,0,2026-10-06,2026-10-01,"株式会社斡旋企画",,301,"島根県","益田市","遠田町１０５９番地９",,32,204,6993676,,,,,,"令和８年１０月１日島根県益田市遠田町１０５９番地９有限会社斡旋企画（7280002010707）を合併",2015-10-05,1,,,,,"アッセンキカク",0
859,3280003002112,01,0,2026-10-06,2026-10-06,"合同会社コスモスタウン",,305,"島根県","出雲市","塩冶町７７７番地",,32,203,6930021,,,,,,,2026-10-06,1,,,,,"コスモスタウン",0
860,3280005003307,01,1,2026-10-06,2015-10-05,"医療法人社団牧野内科医院",,399,"島根県","出雲市","西平田町５６番地",,32,203,6910002,,,,,,,2015-10-05,1,,,,,,0
861,3290001006295,21,0,2026-10-06,2026-10-01,"井野屋商事株式会社",,301,"福岡県","福岡市中央区","大名２丁目６番５０号",,40,133,8100041,,,2026-10-01,11,9290001060733,"令和８年１０月１日福岡市中央区大名二丁目６番５０号村上ホールディングス株式会社（9290001060733）に合併し解散",2015-10-05,1,,,,,"イノヤショウジ",0
862,3290001030213,21,0,2026-10-06,2026-10-01,"株式会社姉川商会",,301,"福岡県","福岡市東区","松島４丁目１０番２５号",,40,131,8130062,,,2026-10-01,11,8290001086028,"令和８年１０月１日福岡市中央区赤坂一丁目２番７号株式会社冨治商会（8290001086028）に合併し解散",2015-10-05,1,,,,,"アネガワショウカイ",0
863,3290001086073,12,0,2026-10-06,2026-09-11,"株式会社Ｔａｋｅｂａｙａｓｈｉ　Ｌａｎｄｓｃａｐｅ　Ａｒｃｈｉｔｅｃｔｓ",,301,"福岡県","福岡市西区","大字元岡２７１１番地１",,40,135,8190385,,,,,,,2019-08-07,1,,,,,"タケバヤシランドスケープアーキテクツ",0
864,3290001106054,12,0,2026-10-06,2026-09-07,"株式会社フジエナジー",,301,"東京都","中央区","京橋３丁目９番２号宝国ビル１０Ｆ",,13,102,1040031,,,,,,,2024-06-06,1,,,,,"フジエナジー",0
865,3290001115658,01,0,2026-10-06,2026-10-06,"ｅ企画株式会社",,301,"福岡県","太宰府市","通古賀３丁目１６番８号",,40,221,8180104,,,,,,,2026-10-06,1,,,,,"イーキカク",0
866,3290001115690,01,0,2026-10-06,2026-10-06,"株式会社飛熊真奈",,301,"福岡県","糸島市","荻浦１丁目３番２３号",,40,230,8191121,,,,,,,2026-10-06,1,,,,,"ヒグマナ",0
867,3290001115699,01,0,2026-10-06,2026-10-06,"株式会社ＳＡＭ",,301,"福岡県","福岡市中央区","天神４丁目８番３号",,40,133,8100001,,,,,,,2026-10-06,1,,,,,"サム",0
868,3290001115740,01,0,2026-10-06,2026-10-06,"株式会社日本セルカルチャーラボ",,301,"福岡県","福岡市博多区","山王１丁目１０番１１－２０１号",,40,132,8120015,,,,,,,2026-10-06,1,,,,,"ニホンセルカルチャーラボ",0
869,3290002013621,01,1,2026-10-06,2015-10-05,"有限会社四番館",,302,"福岡県","福岡市中央区","天神３丁目４番２８号",,40,133,8100001,,,,,,,2015-10-05,1,,,,,"ヨンバンカン",0
870,3290003018958,01,0,2026-10-06,2026-10-06,"合同会社Ｂ‐Ｗｉｎｇｓ",,305,"福岡県","福岡市中央区","六本松２丁目１２－８－４０２",,40,133,8100044,,,,,,,2026-10-06,1,,,,,"ビーウイングス",0
871,3290005020235,01,0,2026-10-06,2026-10-06,"ふれんず行政書士法人",,399,"福岡県","福岡市東区","馬出１丁目１３番１０号",,40,131,8120054,,,,,,,2026-10-06,1,,,,,"フレンズ",0
872,3290801032846,01,0,2026-10-06,2026-10-06,"株式会社ウェルリンク",,301,"福岡県","北九州市戸畑区","小芝１丁目１番３４号",,40,105,8040092,,,,,,,2026-10-06,1,,,,,"ウェルリンク",0
873,3290801032870,01,0,2026-10-06,2026-10-06,"誠輝工業株式会社",,301,"福岡県","北九州市戸畑区","旭町３番３号",,40,105,8040083,,,,,,,2026-10-06,1,,,,,"セイキコウギョウ",0
874,3290802015222,01,1,2026-10-06,2015-10-05,"有限会社福間商会",,302,"福岡県","北九州市八幡西区","浅川学園台３丁目２番１号",,40,109,8070871,,,,,,,2015-10-05,1,,,,,"フクマショウカイ",0
875,3290803005461,01,0,2026-10-06,2026-10-06,"合同会社竜誠",,305,"福岡県","北九州市小倉南区","葛原高松１丁目６番２１号",,40,107,8000252,,,,,,,2026-10-06,1,,,,,"リュウセイ",0
876,3300001011293,21,0,2026-10-06,2026-10-01,"株式会社創和",,301,"佐賀県","佐賀市","嘉瀬町大字中原３５３番地１",,41,201,8400861,,,2026-10-01,01,,,2018-05-18,1,,,,,"ソウワ",0
877,3310001019526,11,0,2026-10-06,2026-10-01,"株式会社ライム大村",,301,"長崎県","大村市","東本町２９４番地",,42,205,8560831,,,,,,,2025-04-07,1,,,,,"ライムオオムラ",0
878,3310001020285,01,0,2026-10-06,2026-10-06,"株式会社ＷＥＳＴ　ＶＩＬＬＡＧＥ３６９",,301,"長崎県","佐世保市","木風町７８２番地２４",,42,202,8571166,,,,,,,2026-10-06,1,,,,,"ウエストビレッジミロク",0
879,3310003005318,01,0,2026-10-06,2026-10-06,"合同会社中村制御設計",,305,"長崎県","長崎市","三和町２１８番地５５",,42,201,8500975,,,,,,,2026-10-06,1,,,,,"ナカムラセイギョセッケイ",0
880,3320001021927,01,0,2026-10-06,2026-10-06,"ワタナベメディカル株式会社",,301,"大分県","宇佐市","大字上田１７７０番地の１",,44,211,8790453,,,,,,,2026-10-06,1,,,,,"ワタナベメディカル",0
881,3320001021935,01,0,2026-10-06,2026-10-06,"株式会社いやさか蒸溜所大分津久見",,301,"大分県","津久見市","中央町１４番４号",,44,207,8792441,,,,,,,2026-10-06,1,,,,,"イヤサカジョウリュウショオオイタツクミ",0
882,3320001021943,01,0,2026-10-06,2026-10-06,"株式会社ＧＥＮＤＡＩ",,301,"大分県","別府市","上人ケ浜町７９５番地の１",,44,202,8740023,,,,,,,2026-10-06,1,,,,,"ゲンダイ",0
883,3320001021951,01,0,2026-10-06,2026-10-06,"株式会社ＩＣＬ",,301,"大分県","豊後大野市","三重町市場５７７番地１カシータビル１Ｆ",,44,212,8797131,,,,,,,2026-10-06,1,,,,,"アイシーエル",0
884,3330001014979,01,1,2026-10-06,2015-10-05,"株式会社パートナーズ",,301,"熊本県","八代市","横手新町１７番地４号",,43,202,8660875,,,,,,,2015-10-05,1,,,,,"パートナーズ",0
885,3330001017379,01,1,2026-10-06,2015-10-05,"株式会社大喜",,301,"熊本県","天草市","本町下河内８４３番地５",,43,215,8630006,,,,,,,2015-10-05,1,,,,,"ダイキ",0
886,3330001034705,01,0,2026-10-06,2026-10-06,"日産熊本ホールディングス株式会社",,301,"熊本県","熊本市西区","上熊本２丁目４番１５号",,43,103,8600079,,,,,,,2026-10-06,1,,,,,"ニッサンクマモトホールディングス",0
887,3330001034713,01,0,2026-10-06,2026-10-06,"内美株式会社",,301,"熊本県","熊本市北区","津浦町３３番４号",,43,105,8600088,,,,,,,2026-10-06,1,,,,,"ナイビ",0
888,3330001034721,01,0,2026-10-06,2026-10-06,"株式会社Ｃｒｏｓｓｌｉｎｋ",,301,"熊本県","熊本市南区","田井島３丁目１４番１６号",,43,104,8620965,,,,,,,2026-10-06,1,,,,,"クロスリンク",0
889,3330003011776,01,0,2026-10-06,2026-10-06,"ＤＫＹ合同会社",,305,"熊本県","熊本市中央区","南熊本１丁目４番１０号",,43,101,8600812,,,,,,,2026-10-06,1,,,,,"ディーケーワイ",0
890,3340001014557,12,0,2026-10-06,2026-10-01,"株式会社鹿屋仮設",,301,"鹿児島県","鹿屋市","吾平町麓５２７番地２",,46,203,8931103,,,,,,,2015-10-05,1,,,,,"カノヤカセツ",0
891,3340001014937,01,1,2026-10-06,2015-10-05,"株式会社大隅シャーリング",,301,"鹿児島県","曽於郡大崎町","井俣２１４６番地",,46,468,8997309,,,,,,,2015-10-05,1,,,,,"オオスミシャーリング",0
892,3340001022163,12,0,2026-10-06,2026-10-02,"株式会社ロググラム",,301,"鹿児島県","鹿児島市","武１丁目１番３５号",,46,201,8900045,,,,,,,2019-07-26,1,,,,,"ロググラム",0
893,3350001005877,12,0,2026-10-06,2026-10-01,"株式会社介護とリハビリのエンゼル",,301,"宮崎県","児湯郡高鍋町","大字持田１７４１番地３",,45,401,8840005,,,,,,,2015-10-05,1,,,,,"カイゴトリハビリノエンゼル",0
894,3350003005306,01,0,2026-10-06,2026-10-06,"合同会社奏音",,305,"宮崎県","都城市","大岩田町６０３３番地１",,45,202,8850062,,,,,,,2026-10-06,1,,,,,"カノン",0
895,3360001015677,01,1,2026-10-06,2015-10-05,"ＮＡＯＳＯ株式会社",,301,"沖縄県","那覇市","壺屋１丁目２９番１５ライオンズマンション壺屋１階",,47,201,9020065,,,,,,,2015-10-05,1,,,,,"ナオソー",0
896,3360001037309,01,0,2026-10-06,2026-10-06,"株式会社幸城",,301,"沖縄県","うるま市","字田場１７８４番地７",,47,213,9042213,,,,,,,2026-10-06,1,,,,,"コウシロ",0
897,3360005005559,12,0,2026-10-06,2026-09-18,"一般社団法人Ｓｔａｒ　Ｅｌｅｍｅｎｔ",,399,"沖縄県","那覇市","松尾１丁目１７番２９号１Ｆ",,47,201,9000014,,,,,,,2017-04-12,0,,,,,,0
898,3360005005559,11,0,2026-10-06,2026-09-18,"一般社団法人ＡＳＯ‐ＹＡ　Ｓｔａｒ　Ｅｌｅｍｅｎｔ",,399,"沖縄県","那覇市","松尾１丁目１７番２９号１Ｆ",,47,201,9000014,,,,,,,2017-04-12,1,,,,,"アソーヤスターエレメント",0
899,3370001051597,12,0,2026-10-06,2026-10-02,"株式会社ルミリオ製薬",,301,"東京都","品川区","東五反田２丁目１０番１－２３０７号",,13,109,1410022,,,,,,,2024-08-05,1,,,,,"ルミリオセイヤク",0
900,3370001054303,01,0,2026-10-06,2026-10-06,"株式会社ＫＴ",,301,"宮城県","仙台市若林区","二木字笠神３７番地２",,04,103,9840845,,,,,,,2026-10-06,1,,,,,"ケーティー",0
901,3380001036333,01,0,2026-10-06,2026-10-06,"株式会社ＪＫＣ",,301,"福島県","南相馬市","原町区旭町１丁目２１－２階",,07,212,9750004,,,,,,,2026-10-06,1,,,,,"ジェイケーシー",0
902,3390001018487,01,0,2026-10-06,2026-10-06,"株式会社尚和",,301,"山形県","東田川郡庄内町","沢新田字縦野３０番地１",,06,428,9997725,,,,,,,2026-10-06,1,,,,,"ショウワ",0
903,3390002008553,01,1,2026-10-06,2015-10-05,"有限会社最上川ファーム",,302,"山形県","東田川郡庄内町","古関字出川原２２番地７４",,06,428,9997726,,,,,,,2015-10-05,1,,,,,"モガミガワファーム",0
904,3390002015442,01,1,2026-10-06,2015-10-05,"有限会社サマーウインド",,302,"山形県","長井市","上伊佐沢３３９６番地",,06,209,9930021,,,,,,,2015-10-05,0,,,,,,0
905,3390002015442,11,1,2026-10-06,2017-01-23,"株式会社サマーウインド",,301,"山形県","長井市","上伊佐沢３３９６番地",,06,209,9930021,,,,,,,2015-10-05,0,"SummerWind Co., Ltd.",,,,"サマーウィンド",0
906,3390002015442,12,1,2026-10-06,2019-10-15,"株式会社サマーウインド",,301,"東京都","千代田区","丸の内１丁目８番３号",,13,101,1000005,,,,,,,2015-10-05,1,"SummerWind Co., Ltd.","Tokyo","1-8-3, Marunouchi, Chiyoda-ku",,"サマーウィンド",0
907,3400002012297,01,1,2026-10-06,2015-10-05,"有限会社坂本工務店",,302,"岩手県","二戸市","似鳥字馬場野１０番地１",,03,213,0286721,,,,,,,2015-10-05,1,,,,,"サカモトコウムテン",0
908,3400005000118,12,0,2026-10-06,2026-10-01,"一般社団法人岩手県食品衛生協会",,399,"岩手県","盛岡市","内丸１６番１５号内丸ビル４階４０１号室",,03,201,0200023,,,,,,,2015-10-05,1,,,,,"イワテケンショクヒンエイセイキョウカイ",0
909,3420002016346,21,0,2026-10-06,2026-09-30,"有限会社みちのくサンライズ",,302,"青森県","弘前市","大字紺屋町６６番地",,02,202,0368361,,,2026-09-30,01,,,2015-10-05,1,,,,,"ミチノクサンライズ",0
910,3430001063396,11,0,2026-10-06,2026-09-09,"株式会社タカラヤ建設",,301,"千葉県","千葉市中央区","南町２丁目１９番３号",,12,101,2600842,,,,,,,2015-10-05,1,,,,,"タカラヤグループ",0
911,3430002044065,12,0,2026-10-06,2026-10-01,"株式会社シリカジャパン",,301,"北海道","札幌市西区","琴似一条３丁目３－１２",,01,107,0630811,,,,,,,2015-10-05,1,,,,,"シリカジャパン",0
912,3430002046391,21,0,2026-10-06,2026-09-30,"クラタ建設有限会社",,302,"北海道","石狩郡当別町","太美町１４８８番地２３３",,01,303,0613776,,,2026-09-30,01,,,2015-10-05,1,,,,,"クラタケンセツ",0
913,3450001007236,01,1,2026-10-06,2015-10-05,"株式会社エボリューション・ビジネス",,301,"北海道","名寄市","大通南５丁目１１番地",,01,221,0960010,,,,,,,2015-10-05,1,,,,,"エボリューションビジネス",0
914,3450001015073,01,0,2026-10-06,2026-10-06,"株式会社ノースメディカル",,301,"北海道","旭川市","豊岡五条４丁目２番２０号豊岡５．４ハイツ１０２号",,01,204,0788235,,,,,,,2026-10-06,1,,,,,"ノースメディカル",0
915,3470001018264,11,0,2026-10-06,2026-09-16,"株式会社ｔｏ　ｂｅ",,301,"神奈川県","川崎市宮前区","南野川２丁目６１番６号",,14,136,2160042,,,,,,,2020-11-05,1,,,,,"トゥービー",0
916,3470002019526,11,0,2026-10-06,2026-09-30,"サカエティエフサービス香川株式会社",,301,"香川県","高松市","上天神町６５４番地１－１０５",,37,201,7618056,,,,,,,2015-10-05,1,,,,,"サカエティエフサービスカガワ",0
917,3470003003207,01,0,2026-10-06,2026-10-06,"尾崎商店合同会社",,305,"香川県","高松市","西宝町１丁目７番１０号",,37,201,7600004,,,,,,,2026-10-06,1,,,,,"オザキショウテン",0
918,3500003003839,01,0,2026-10-06,2026-10-06,"合同会社ｃｏｌｏｒｓ",,305,"愛媛県","東温市","田窪１３９１番地",,38,215,7910212,,,,,,,2026-10-06,1,,,,,"カラーズ",0
919,4010001269183,01,0,2026-10-06,2026-10-06,"音羽株式会社",,301,"東京都","中央区","京橋３丁目１２番１号エコー京橋ビル３階",,13,102,1040031,,,,,,,2026-10-06,1,,,,,"オトワ",0
920,4010001269299,01,0,2026-10-06,2026-10-06,"株式会社万人工房",,301,"東京都","千代田区","有楽町１丁目１番３号",,13,101,1000006,,,,,,,2026-10-06,1,,,,,"バンニンコウボウ",0
921,4010001269407,01,0,2026-10-06,2026-10-06,"ＤＡＺＺ株式会社",,301,"東京都","中央区","銀座１丁目２２－１１銀座大竹ビジデンス２Ｆ",,13,102,1040061,,,,,,,2026-10-06,1,,,,,"ダズ",0
922,4010001269448,01,0,2026-10-06,2026-10-06,"株式会社ＢａｒｋＣｏｒｅ",,301,"東京都","千代田区","神田神保町２丁目１０－３１ＩＷビル１Ｆ",,13,101,1010051,,,,,,,2026-10-06,1,,,,,"バークコア",0
923,4010001269464,01,0,2026-10-06,2026-10-06,"株式会社ＦＬＩＰ第３９１号",,301,"東京都","千代田区","丸の内２丁目７番２号",,13,101,1000005,,,,,,,2026-10-06,1,,,,,"エフエルアイピーダイサンビャクキュウジュウイチゴウ",0
924,4010002004465,21,0,2026-10-06,2026-10-01,"有限会社中村豊春堂",,302,"東京都","荒川区","荒川５丁目１８番８―７０２号サン・エステートアカオ",,13,118,1160002,,,2026-10-01,01,,,2015-10-05,1,,,,,"ナカムラホウシュンドウ",0
925,4010005034492,21,0,2026-10-06,2026-09-03,"桜信用ホールディングス一般社団法人",,399,"東京都","千代田区","丸の内１丁目４番１号東京共同会計事務所内",,13,101,1000005,,,2026-09-03,01,,,2022-01-21,1,,,,,"サクラシンヨウホールディングス",0
926,4010005042388,01,0,2026-10-06,2026-10-06,"一般社団法人ふるさと感謝プロジェクト",,399,"東京都","千代田区","丸の内３丁目２番２号丸の内二重橋ビル２階",,13,101,1000005,,,,,,,2026-10-06,1,,,,,"フルサトカンシャプロジェクト",0
927,4010101017434,01,0,2026-10-06,2026-10-06,"Ａｉｓ株式会社",,301,"東京都","八王子市","中町１０番２号",,13,201,1920085,,,,,,,2026-10-06,1,,,,,"エーアイエス",0
928,4010102008944,12,0,2026-10-06,2026-10-01,"有限会社バイオプロテック",,302,"東京都","八王子市","暁町１丁目４０番１５号",,13,201,1920043,,,,,,,2015-10-05,1,,,,,"バイオプロテック",0
929,4010401077442,12,0,2026-10-06,2026-10-01,"日本エコテクノロジーズ株式会社",,301,"三重県","四日市市","楠町吉崎４１０番地２３",,24,202,5100102,,,,,,,2015-10-05,1,,,,,"ニホンエコテクノロジーズ",0
930,4010401112752,01,1,2026-10-06,2015-10-05,"Ｊａｐａｎ　Ｌｅａｄｉｎｇ　Ｅｄｇｅ株式会社",,301,"東京都","港区","新橋６丁目２０番１号",,13,103,1050004,,,,,,,2015-10-05,0,,,,,"ジャパンリーディングエッジ",0
931,4010401112752,12,1,2026-10-06,2017-11-08,"Ｊａｐａｎ　Ｌｅａｄｉｎｇ　Ｅｄｇｅ株式会社",,301,"東京都","新宿区","四谷３丁目１－５",,13,104,1600004,,,,,,,2015-10-05,0,,,,,"ジャパンリーディングエッジ",0
932,4010401112752,12,1,2026-10-06,2019-02-22,"Ｊａｐａｎ　Ｌｅａｄｉｎｇ　Ｅｄｇｅ株式会社",,301,"東京都","新宿区","荒木町６－１５",,13,104,1600007,,,,,,,2015-10-05,0,,,,,"ジャパンリーディングエッジ",0
933,4010401112752,12,1,2026-10-06,2026-09-24,"Ｊａｐａｎ　Ｌｅａｄｉｎｇ　Ｅｄｇｅ株式会社",,301,"東京都","新宿区","西新宿３丁目３番１３号西新宿水間ビル２階",,13,104,1600023,,,,,,,2015-10-05,1,,,,,"ジャパンリーディングエッジ",0
934,4010401126380,12,0,2026-10-06,2026-10-02,"株式会社Ｒ＆Ｒ",,301,"東京都","新宿区","西新宿６丁目１６番１２号",,13,104,1600023,,,,,,,2016-08-09,1,,,,,"アールアンドアール",0
935,4010401128096,12,0,2026-10-06,2026-09-07,"味の素みらい株式会社",,301,"東京都","中央区","京橋１丁目７番１号",,13,102,1040031,,,,,,,2016-11-09,1,,,,,"アジノモトミライ",0
936,4010401175155,12,0,2026-10-06,2026-10-01,"株式会社あかり開発",,301,"福岡県","福岡市中央区","警固２丁目１７番３０号",,40,133,8100023,,,,,,,2023-06-30,1,,,,,"アカリカイハツ",0
937,4010401193074,12,0,2026-10-06,2026-09-04,"株式会社Ｃ",,301,"東京都","港区","虎ノ門５丁目１１番１号オランダヒルズ森タワーＲｏＰ８０８号室",,13,103,1050001,,,,,,,2025-09-16,1,,,,,"シー",0
938,4010401202529,01,0,2026-10-06,2026-10-06,"北大雪ホールディングス株式会社",,301,"東京都","港区","芝３丁目３番１０号",,13,103,1050014,,,,,,,2026-10-06,1,,,,,"キタタイセツホールディングス",0
939,4010401202545,01,0,2026-10-06,2026-10-06,"ｋａｍｉｋｏ株式会社",,301,"東京都","港区","南青山４丁目１－３－１０３",,13,103,1070062,,,,,,,2026-10-06,1,,,,,"カミコ",0
940,4010403020029,21,0,2026-10-06,2026-09-04,"合同会社アイシェル・ビューティラボ",,305,"東京都","港区","六本木７丁目１１番１２号",,13,103,1060032,,,2026-09-04,01,,,2019-01-23,1,,,,,"アイシェルビューティラボ",0
941,4010403039309,01,0,2026-10-06,2026-10-06,"ＡｉｒＴｒｕｎｋ　ＴＯＫ３Ｃ合同会社",,305,"東京都","港区","六本木６丁目１０番１号六本木ヒルズ森タワー",,13,103,1060032,,,,,,,2026-10-06,1,,,,,"エアトランクトックスリーシー",0
942,4010501049936,01,1,2026-10-06,2023-01-30,"Ｃｅｌｅｂａｌ　Ｔｅｃｈｎｏｌｏｇｉｅｓ株式会社",,301,"東京都","台東区","台東２丁目２０番１０号あすなろビル３０１",,13,106,1100016,,,,,,,2023-01-30,0,,,,,"セレバルテクノロジーズ",0
943,4010501049936,12,1,2026-10-06,2024-11-22,"Ｃｅｌｅｂａｌ　Ｔｅｃｈｎｏｌｏｇｉｅｓ株式会社",,301,"東京都","台東区","元浅草４丁目９番１６号",,13,106,1110041,,,,,,,2023-01-30,1,,,,,"セレバルテクノロジーズ",0
944,4010501052089,12,0,2026-10-06,2026-09-30,"株式会社ダウニー",,301,"神奈川県","平塚市","錦町１５番２４号おもとやビル２ＦＡ号室",,14,203,2540044,,,,,,,2024-04-11,1,,,,,"ダウニー",0
945,4010501056536,01,0,2026-10-06,2026-10-06,"Ｔ＆Ｓ　Ｐａｒｔｎｅｒｓ株式会社",,301,"東京都","台東区","谷中４丁目２番３９号",,13,106,1100001,,,,,,,2026-10-06,1,,,,,"ティーアンドエスパートナーズ",0
946,4010601033451,12,0,2026-10-06,2026-10-01,"大鶴株式会社",,301,"東京都","港区","北青山１丁目３番１号アールキューブ青山３階",,13,103,1070061,,,,,,,2015-10-05,1,,,,,"ダイカク",0
947,4010601055198,12,0,2026-10-06,2026-09-04,"ＵＮＩＶＩＳ株式会社",,301,"東京都","中央区","銀座１丁目２２番１１号銀座大竹ビジデンス２Ｆ",,13,102,1040061,,,,,,,2019-03-14,1,"UNIVIS Co.,Ltd.","Tokyo","6-12-5-6F,SHIMBASHI, Minato ku",,"ユニビス",0
948,4010601064901,12,0,2026-10-06,2026-10-01,"株式会社ＤＯＴＳ",,301,"東京都","港区","芝浦２丁目４番６－６１３号",,13,103,1080023,,,,,,,2024-03-27,1,,,,,"ドッツ",0
949,4010602033946,11,0,2026-10-06,2026-09-01,"株式会社ブルートーン",,301,"東京都","立川市","高松町２丁目２７－５グレーハイツオカベ１Ｆ",,13,202,1900011,,,,,,,2015-10-05,1,,,,,,0
950,4010701047665,12,0,2026-10-06,2026-09-30,"株式会社愛住ホテルマネジメント",,301,"東京都","豊島区","池袋３丁目２８－２９－４０７－Ａ号",,13,116,1710014,,,,,,,2025-05-12,1,,,,,"アイジュウホテルマネジメント",0
951,4010701050223,01,0,2026-10-06,2026-10-06,"株式会社ブルーム",,301,"東京都","品川区","大井１丁目６番３号アゴラ大井町３階",,13,109,1400014,,,,,,,2026-10-06,1,,,,,"ブルーム",0
952,4010703003484,01,1,2026-10-06,2017-02-15,"ＡＳＡ合同会社",,305,"東京都","品川区","北品川１丁目９番７号トップルーム品川１０１５号",,13,109,1400001,,,,,,,2017-02-15,0,,,,,,0
953,4010703003484,12,1,2026-10-06,2018-03-06,"ＡＳＡ合同会社",,305,"東京都","中央区","勝どき５丁目３番１－３９１７号",,13,102,1040054,,,,,,,2017-02-15,0,,,,,,0
954,4010703003484,12,1,2026-10-06,2021-06-07,"ＡＳＡ合同会社",,305,"東京都","中央区","勝どき５丁目３番１－５１２６号",,13,102,1040054,,,,,,,2017-02-15,0,,,,,,0
955,4010703003484,12,1,2026-10-06,2024-05-01,"ＡＳＡ合同会社",,305,"東京都","中央区","勝どき４丁目６番２－２４０４号",,13,102,1040054,,,,,,,2017-02-15,0,,,,,,0
956,4010703003484,12,1,2026-10-06,2026-08-03,"ＡＳＡ合同会社",,305,"東京都","中央区","日本橋横山町３番１３号",,13,102,1030003,,,,,,,2017-02-15,0,,,,,,0
957,4010703003484,11,1,2026-10-06,2026-08-03,"株式会社ＡＳＡ",,301,"東京都","中央区","日本橋横山町３番１３号",,13,102,1030003,,,,,,,2017-02-15,1,,,,,"エーエスエー",0
958,4010801005960,21,0,2026-10-06,2026-09-29,"スタジオノイアネックス株式会社",,301,"東京都","大田区","池上８丁目１番１１号",,13,111,1460082,,,2026-09-29,01,,,2015-10-05,1,,,,,"スタジオノイアネックス",0
959,4010801022444,12,0,2026-10-06,2026-09-29,"松アネックス株式会社",,301,"千葉県","夷隅郡御宿町","御宿台２０２番地４",,12,443,2995112,,,,,,,2015-10-05,1,,,,,"マツアネックス",0
960,4010801027303,11,0,2026-10-06,2026-10-01,"株式会社ウェリナホテル",,301,"大阪府","大阪市西区","江戸堀１丁目１５番２４号",,27,106,5500002,,,,,,,2016-12-13,1,,,,,"ウェリナホテル",0
961,4010801037806,01,0,2026-10-06,2026-10-06,"株式会社リアライズ",,301,"東京都","大田区","大森東２丁目２６番７号",,13,111,1430012,,,,,,,2026-10-06,1,,,,,"リアライズ",0
962,4010802005035,01,1,2026-10-06,2015-10-05,"有限会社光栄精機製作所",,302,"東京都","大田区","西六郷３丁目１７番４号",,13,111,1440056,,,,,,,2015-10-05,1,,,,,"コウエイセイキセイサクショ",0
963,4010802007287,01,1,2026-10-06,2015-10-05,"有限会社昭和工業",,302,"東京都","大田区","東糀谷３丁目１５番１２号",,13,111,1440033,,,,,,,2015-10-05,1,,,,,"ショウワコウギョウ",0
964,4010901018838,01,1,2026-10-06,2015-10-05,"アイコネクト株式会社",,301,"東京都","世田谷区","桜丘５丁目１０番１－２０２号",,13,112,1560054,,,,,,,2015-10-05,1,,,,,"アイコネクト",0
965,4010901060352,01,0,2026-10-06,2026-10-06,"テックアイ株式会社",,301,"東京都","世田谷区","太子堂４丁目１８番１５号ＴＡＳＵＫＩＰＲＩＭＥＳＡＮＧＥＮＪＡＹＡ３Ｆ－３",,13,112,1540004,,,,,,,2026-10-06,1,,,,,"テックアイ",0
966,4010901060360,01,0,2026-10-06,2026-10-06,"株式会社岡一",,301,"東京都","世田谷区","給田３丁目１８番１０号",,13,112,1570064,,,,,,,2026-10-06,1,,,,,"オカイチ",0
967,4010901060369,01,0,2026-10-06,2026-10-06,"株式会社ｔｕｒｆ．",,301,"東京都","世田谷区","代田３丁目５０番３号",,13,112,1550033,,,,,,,2026-10-06,1,,,,,"ターフ",0
968,4010903011205,01,0,2026-10-06,2026-10-06,"合同会社ａｎｕａｎｕａ",,305,"東京都","世田谷区","上野毛２丁目２２番１０号上野毛シティハウス・ノーステラス１０２",,13,112,1580093,,,,,,,2026-10-06,1,,,,,"アニュアニュア",0
969,4011001100255,12,0,2026-10-06,2026-09-08,"株式会社グロース・コンティニュー",,301,"東京都","千代田区","有楽町１丁目２番２号東宝日比谷ビル９Ｆ",,13,101,1000006,,,,,,,2015-10-05,1,,,,,"グロースコンティニュー",0
970,4011001145572,12,0,2026-10-06,2026-09-09,"株式会社ゲームトレード",,301,"東京都","渋谷区","渋谷２丁目２４番１２号渋谷スクランブルスクエア",,13,113,1500002,,,,,,,2022-02-15,1,,,,,"ゲームトレード",0
971,4011001154474,21,0,2026-10-06,2026-09-24,"インバート株式会社",,301,"東京都","渋谷区","神宮前６丁目２３番４号桑野ビル２階",,13,113,1500001,,,2026-09-24,01,,,2023-05-17,1,,,,,"インバート",0
972,4011001154887,12,0,2026-10-06,2026-10-02,"株式会社ランドフォール",,301,"東京都","世田谷区","三軒茶屋１丁目１７番１５号",,13,112,1540024,,,,,,,2023-06-06,1,,,,,"ランドフォール",0
973,4011001166296,21,0,2026-10-06,2026-09-24,"株式会社ＬｕｍｉｎｉＳｃａｐｅ",,301,"東京都","渋谷区","神宮前６丁目２３番４号桑野ビル２階",,13,113,1500001,,,2026-09-24,01,,,2024-12-04,1,,,,,"ルミニスケープ",0
974,4011001166503,12,0,2026-10-06,2026-10-02,"株式会社ＪＱＩＴ",,301,"東京都","千代田区","内神田１丁目４－１３ＴＨＥＧＡＴＥＯｔｅｍａｃｈｉ３階",,13,101,1010047,,,,,,,2024-12-20,1,,,,,"ジェイキット",0
975,4011001176642,11,0,2026-10-06,2026-09-08,"株式会社未来開拓支援機構",,301,"東京都","渋谷区","円山町１３番１１号",,13,113,1500044,,,,,,,2026-04-06,1,,,,,"ミライカイタクシエンキコウ",0
976,4011001180719,01,0,2026-10-06,2026-10-06,"ライセンティア株式会社",,301,"東京都","渋谷区","桜丘町２６番１号セルリアンタワー１５階",,13,113,1500031,,,,,,,2026-10-06,1,,,,,"ライセンティア",0
977,4011001180743,01,0,2026-10-06,2026-10-06,"株式会社ＣＯＲＴＬＡＮＥ",,301,"東京都","渋谷区","渋谷２丁目４番１０号Ｆ１０２",,13,113,1500002,,,,,,,2026-10-06,1,,,,,"コートレーン",0
978,4011002003779,21,0,2026-10-06,2026-09-25,"有限会社くわいえっと",,302,"東京都","渋谷区","宇田川町４１番２７号",,13,113,1500042,,,2026-09-25,01,,,2015-10-05,1,,,,,"クワイエット",0
979,4011003011129,12,0,2026-10-06,2026-10-01,"リバティール合同会社",,305,"東京都","港区","港南３丁目４－１７",,13,103,1080075,,,,,,,2020-05-07,1,,,,,"リバティール",0
980,4011003025401,01,0,2026-10-06,2026-10-06,"合同会社ＥＭサービス",,305,"東京都","渋谷区","恵比寿４丁目８番３号ＵＲＡＢＡＮＫＡＲＡ３０１",,13,113,1500013,,,,,,,2026-10-06,1,,,,,"イーエムサービス",0
981,4011003025483,01,0,2026-10-06,2026-10-06,"Ｍａｄｅ　Ｂｅｔｗｅｅｎ合同会社",,305,"東京都","渋谷区","本町２丁目４番３号",,13,113,1510071,,,,,,,2026-10-06,1,,,,,"メイドビトウィーン",0
982,4011101002475,21,0,2026-10-06,2026-09-04,"株式会社ウラノ",,301,"東京都","港区","高輪４丁目１２番１５－３０７号",,13,103,1080074,,,2026-09-04,01,,,2015-10-05,1,,,,,"ウラノ",0
983,4011101107233,12,0,2026-10-06,2026-09-24,"株式会社ＴＫ＆Ｃｏ．",,301,"東京都","新宿区","新宿３丁目３２番１０号Ｔ＆ＴビルＢ２Ｆ",,13,104,1600022,,,,,,,2024-05-09,1,,,,,"ティーケーアンドコー",0
984,4011101108231,11,0,2026-10-06,2026-10-05,"ＣａｒｅＳｙｎｃ株式会社",,301,"東京都","新宿区","新宿１丁目９番４号中公ビル御苑グリーンハイツ６０１",,13,104,1600022,,,,,,,2024-08-14,1,,,,,"ケアシンク",0
985,4011101110096,12,0,2026-10-06,2026-09-09,"株式会社ミライデンタル大阪",,301,"東京都","新宿区","歌舞伎町２丁目３－２１－３０５",,13,104,1600021,,,,,,,2025-01-06,1,,,,,"ミライデンタルオオサカ",0
986,4011101117604,01,0,2026-10-06,2026-10-06,"株式会社コネクト",,301,"東京都","新宿区","西新宿３丁目３番１３号西新宿水間ビル２Ｆ",,13,104,1600023,,,,,,,2026-10-06,1,,,,,"コネクト",0
987,4011103017793,01,0,2026-10-06,2026-10-06,"合同会社ＬＵＶＬＵＸ",,305,"東京都","新宿区","西新宿３丁目６－５－８０６号室",,13,104,1600023,,,,,,,2026-10-06,1,,,,,"ラブラグ",0
988,4011201014148,21,0,2026-10-06,2026-10-05,"株式会社トミ食品",,301,"長崎県","五島市","富江町狩立２１６番地５",,42,211,8530205,,,2026-10-05,01,,,2015-10-05,1,,,,,"トミショクヒン",0
989,4011201027455,01,0,2026-10-06,2026-10-06,"株式会社ハイブリッドワン",,301,"東京都","中野区","本町３丁目３１－１１Ｄａｉｗａ中野坂上ビル６Ｆ",,13,114,1640012,,,,,,,2026-10-06,1,,,,,"ハイブリッドワン",0
990,4011301027834,12,0,2026-10-06,2026-09-28,"サルースパートナーズ株式会社",,301,"東京都","杉並区","浜田山２丁目２０番１２号",,13,115,1680065,,,,,,,2022-06-09,1,,,,,"サルースパートナーズ",0
991,4011403003931,12,0,2026-10-06,2026-10-02,"株式会社Ａ１",,301,"神奈川県","川崎市川崎区","堀之内町２番地４",,14,131,2100003,,,,,,,2023-03-07,1,,,,,"エーワン",0
992,4011501033780,01,0,2026-10-06,2026-10-06,"株式会社ミツカメディカル",,301,"東京都","北区","赤羽西１丁目６番１－１１１０号",,13,117,1150055,,,,,,,2026-10-06,1,,,,,"ミツカメディカル",0
993,4011501033789,01,0,2026-10-06,2026-10-06,"株式会社ダイラック",,301,"東京都","北区","赤羽１丁目５９番８号ヒノデビル",,13,117,1150045,,,,,,,2026-10-06,1,,,,,"ダイラック",0
994,4011503004895,12,0,2026-10-06,2026-09-17,"蒼晴建装合同会社",,305,"埼玉県","川口市","中青木２丁目２２番２４号１０１室",,11,203,3320032,,,,,,,2021-09-16,1,,,,,"ソウセイケンソウ",0
995,4011601029919,01,0,2026-10-06,2026-10-06,"株式会社矢野戦略研究所",,301,"東京都","練馬区","高松１丁目３３番７号",,13,120,1790075,,,,,,,2026-10-06,1,,,,,"ヤノセンリャクケンキュウジョ",0
996,4011701027467,11,0,2026-10-06,2026-09-17,"株式会社Ｌｕｃｅ",,301,"埼玉県","川口市","西青木５丁目１０番３５号",,11,203,3320035,,,,,,,2024-07-25,1,,,,,"ルーチェ",0
997,4011801005554,01,1,2026-10-06,2015-10-05,"株式会社青山工務店",,301,"東京都","足立区","千住宮元町７番４号",,13,121,1200043,,,,,,,2015-10-05,1,,,,,"アオヤマコウムテン",0
998,4011801022021,12,0,2026-10-06,2026-09-28,"株式会社フェイスコネクション",,301,"東京都","足立区","日ノ出町２７－１－２１４",,13,121,1200021,,,,,,,2015-10-05,1,,,,,"フェイスコネクション",0
999,4011801048446,01,0,2026-10-06,2026-10-06,"株式会社浪花あられ",,301,"東京都","足立区","西新井４丁目２７番１５号",,13,121,1230841,,,,,,,2026-10-06,1,,,,,"ナニワアラレ",0
1000,4011801048470,01,0,2026-10-06,2026-10-06,"株式会社Ｒｏｈａｃ",,301,"東京都","葛飾区","奥戸７丁目１１番１８号",,13,122,1240022,,,,,,,2026-10-06,1,,,,,"ローハック",0
1001,4012302001951,01,1,2026-10-06,2015-10-05,"有限会社ササオ",,302,"東京都","町田市","相原町３８５番地",,13,209,1940211,,,,,,,2015-10-05,1,,,,,"ササオ",0
1002,4012401015869,01,1,2026-10-06,2015-10-05,"株式会社ｓｈａｋｅｈａｎｄｓ",,301,"神奈川県","川崎市多摩区","菅２丁目８番１号",,14,135,2140001,,,,,,,2015-10-05,1,,,,,"シェイクハンズ",0
1003,4012401044983,01,0,2026-10-06,2026-10-06,"株式会社ＴＡＲＢＯＴ",,301,"東京都","三鷹市","牟礼１丁目８番１０―１０４号",,13,204,1810002,,,,,,,2026-10-06,1,,,,,"ターボット",0
1004,4012801024998,01,0,2026-10-06,2026-10-06,"美乃里美術株式会社",,301,"東京都","武蔵村山市","伊奈平４丁目７番地６三善ビル１０３号",,13,223,2080023,,,,,,,2026-10-06,1,,,,,"ミノリビジュツ",0
1005,4012803004214,01,0,2026-10-06,2026-10-06,"合同会社ゼロズ",,305,"東京都","日野市","新町１丁目１８番地７キャピタルノア日野１００４",,13,212,1910002,,,,,,,2026-10-06,1,,,,,"ゼロズ",0
1006,4013201015316,12,0,2026-10-06,2026-09-29,"株式会社ブラン・エ・ノワール",,301,"群馬県","伊勢崎市","香林町１丁目３５８番地２",,10,204,3792206,,,,,,,2015-10-05,1,,,,,"ブランエノワール",0
1007,4013301031097,12,0,2026-10-06,2026-10-02,"株式会社アイゼスト",,301,"東京都","渋谷区","千駄ヶ谷１丁目７番２号",,13,113,1510051,,,,,,,2015-10-05,1,,,,,"アイゼスト",0
1008,4013302021238,12,0,2026-10-06,2026-10-02,"有限会社アユタスリー",,302,"埼玉県","深谷市","国済寺８０３番地",,11,218,3660033,,,,,,,2015-10-05,1,,,,,"アユタスリー",0
1009,4020001069054,21,0,2026-10-06,2026-10-01,"オーカサービス株式会社",,301,"神奈川県","川崎市中原区","中丸子１５０番地",,14,133,2110012,,,2026-10-01,01,,,2015-10-05,1,,,,,"オーカサービス",0
1010,4020001084788,11,0,2026-10-06,2026-09-15,"株式会社横浜ビーコルセアーズ",,301,"神奈川県","横浜市中区","富士見町３番地２清康社ビル６Ｆ",,14,104,2310037,,,,,,,2015-10-05,1,,,,,"ヨコハマビーコルセアーズ",0
1011,4020001135038,12,0,2026-10-06,2026-09-14,"株式会社ＷＯＲＬＤ　ＷＡＬＫＥＲ",,301,"神奈川県","横浜市神奈川区","松見町１丁目３８番地２１",,14,102,2210005,,,,,,,2020-02-20,1,,,,,"ワールドウォーカー",0
1012,4020001147842,12,0,2026-10-06,2026-09-16,"株式会社スピードスター",,301,"神奈川県","横浜市都筑区","茅ケ崎中央４３番１６号センター南ミレナリオビル６０５",,14,118,2240032,,,,,,,2022-08-24,1,,,,,"スピードスター",0
1013,4020001170506,01,0,2026-10-06,2026-10-06,"Ｍａｋｉｔ株式会社",,301,"神奈川県","横浜市西区","みなとみらい４丁目４－２、１２Ｆ、１２３４号",,14,103,2200012,,,,,,,2026-10-06,1,,,,,"メイキット",0
1014,4020001170588,01,0,2026-10-06,2026-10-06,"エッジフォース株式会社",,301,"神奈川県","横浜市西区","浅間町１丁目４番地３ウィザードビル４０２号",,14,103,2200072,,,,,,,2026-10-06,1,,,,,"エッジフォース",0
1015,4020001170596,01,0,2026-10-06,2026-10-06,"株式会社アキ・プラスアルファ・ジャパン",,301,"神奈川県","川崎市高津区","下作延４丁目２７番２２号",,14,134,2130033,,,,,,,2026-10-06,1,,,,,"アキプラスアルファジャパン",0
1016,4020003031870,01,0,2026-10-06,2026-10-06,"合同会社ＪＶＰＣ",,305,"神奈川県","横浜市青葉区","奈良町２４１５番８７",,14,117,2270036,,,,,,,2026-10-06,1,,,,,"ジェイブイピーシー",0
1017,4021001018141,12,0,2026-10-06,2026-09-14,"株式会社クレストＦＣ",,301,"神奈川県","相模原市中央区","小町通１丁目１３－７アーチスＳＫＴ３０１",,14,152,2520217,,,,,,,2015-10-05,1,,,,,"クレストエフシー",0
1018,4021001045482,21,0,2026-10-06,2026-09-15,"株式会社トリフィシステム",,301,"神奈川県","茅ヶ崎市","下寺尾４８番地の１",,14,207,2530081,,,2026-09-15,01,,,2015-10-05,1,,,,,"トリフィシステム",0
1019,4021001058930,21,0,2026-10-06,2026-09-14,"株式会社レイクサイド",,301,"神奈川県","小田原市","風祭７２番地１",,14,206,2500032,,,2026-09-14,01,,,2016-04-07,1,,,,,"レイクサイド",0
1020,4021001068772,12,0,2026-10-06,2026-09-14,"株式会社ＭＳＮ",,301,"神奈川県","平塚市","東真土４丁目１７番１－１号",,14,203,2540018,,,,,,,2019-12-05,1,,,,,"エムエスエヌ",0
1021,4021001089281,01,0,2026-10-06,2026-10-06,"株式会社一期一会",,301,"神奈川県","海老名市","国分南１丁目２－１３サンハイツ押田２０５号室",,14,215,2430405,,,,,,,2026-10-06,1,,,,,"イチゴイチエ",0
1022,4021001089298,01,0,2026-10-06,2026-10-06,"株式会社ＴＲＹ　ＧＩＡＮＴ",,301,"神奈川県","相模原市中央区","上矢部１丁目１３－１８",,14,152,2520201,,,,,,,2026-10-06,1,,,,,"トライジャイアント",0
1023,4021003017505,12,0,2026-10-06,2026-10-02,"Ｃｏａｓｔ合同会社",,305,"神奈川県","横浜市西区","浅間町１丁目４番３号ウィザードビル４０２",,14,103,2200072,,,,,,,2026-05-27,1,,,,,"コースト",0
1024,4030001056266,01,1,2026-10-06,2015-10-05,"株式会社阿部製作所",,301,"埼玉県","入間郡三芳町","竹間沢東１０番地１",,11,324,3540046,,,,,,,2015-10-05,1,,,,,"アベセイサクジョ",0
1025,4030001064038,12,0,2026-10-06,2026-09-30,"株式会社佐倉製作所",,301,"埼玉県","越谷市","東町１丁目１７番地１",,11,222,3430826,,,,,,,2015-10-05,1,,,,,"サクラセイサクショ",0
1026,4030001100759,01,1,2026-10-06,2015-10-05,"株式会社ライドイノベーション",,301,"埼玉県","さいたま市中央区","上落合８丁目１３番３号",,11,105,3380001,,,,,,,2015-10-05,0,,,,,"ライドイノベーション",0
1027,4030001100759,12,1,2026-10-06,2026-09-14,"株式会社ライドイノベーション",,301,"埼玉県","さいたま市中央区","本町東３丁目３番８ドミールタカノ１０８号室",,11,105,3380003,,,,,,,2015-10-05,1,,,,,"ライドイノベーション",0
1028,4030001104660,01,1,2026-10-06,2015-10-05,"株式会社経営戦略コンサルティングファーム",,301,"東京都","港区","麻布十番１丁目５番１０号",,13,103,1060045,,,,,,,2015-10-05,0,,,,,"ケイエイセンリャクコンサルティングファーム",0
1029,4030001104660,71,1,2026-10-06,2026-09-01,"株式会社経営戦略コンサルティングファーム",,301,"東京都","港区","麻布十番１丁目５番１０号",,13,103,1060045,,,,,,"令和８年９月１日東京都渋谷区代官山町１３番８号キャッスルマンション代官山５１３号株式会社代官山コンサルティングファーム（7011001125704）を合併",2015-10-05,1,,,,,"ケイエイセンリャクコンサルティングファーム",0
1030,4030001118784,01,1,2026-10-06,2017-02-20,"株式会社エンセツ",,301,"埼玉県","川口市","並木２丁目１１番２３号ライオンズマンション西川口第７－４０２号室",,11,203,3320034,,,,,,,2017-02-20,0,,,,,"エンセツ",0
1031,4030001118784,12,1,2026-10-06,2017-11-20,"株式会社エンセツ",,301,"埼玉県","蕨市","塚越２丁目１３番９号塚越サニーコート１０３号",,11,223,3350002,,,,,,,2017-02-20,1,,,,,"エンセツ",0
1032,4030001134328,12,0,2026-10-06,2026-09-30,"株式会社ＨＫ",,301,"神奈川県","横浜市青葉区","梅が丘６－１エクセレントシティ青葉台ザ・スカイ５０１",,14,117,2270052,,,,,,,2019-12-17,1,,,,,"エイチケイ",0
1033,4030002074358,12,0,2026-10-06,2026-09-17,"有限会社利根川塗装店",,302,"埼玉県","飯能市","大字双柳１２１７番地２４",,11,209,3570021,,,,,,,2015-10-05,1,,,,,"トネガワトソウテン",0
1034,4030002089513,21,0,2026-10-06,2026-09-14,"有限会社栄建築",,302,"埼玉県","北葛飾郡松伏町","大字上赤岩１０４６番地１",,11,465,3430115,,,2026-09-14,01,,,2015-10-05,1,,,,,"サカエケンチク",0
1035,4030003030062,01,0,2026-10-06,2026-10-06,"エバーグリーンズ合同会社",,305,"埼玉県","川越市","霞ケ関東４丁目３番地５",,11,201,3501103,,,,,,,2026-10-06,1,,,,,"エバーグリーンズ",0
1036,4030003030095,01,0,2026-10-06,2026-10-06,"モチモチライフ合同会社",,305,"埼玉県","さいたま市岩槻区","太田２丁目１－３７－１",,11,110,3390052,,,,,,,2026-10-06,1,,,,,"モチモチライフ",0
1037,4040001084910,12,0,2026-10-06,2026-10-02,"株式会社トラッキモＧＰＳ",,301,"東京都","新宿区","四谷２丁目８番地",,13,104,1600004,,,,,,,2015-10-05,1,,,,,"トラッキモジーピーエス",0
1038,4040001138187,12,0,2026-10-06,2026-09-09,"株式会社ウエストヒルズ",,301,"千葉県","習志野市","津田沼６丁目６番１７号ムーンレジデンス２０３号",,12,216,2750016,,,,,,,2025-04-09,1,,,,,"ウエストヒルズ",0
1039,4040003016969,11,0,2026-10-06,2026-09-09,"株式会社マジカ",,301,"千葉県","習志野市","谷津１丁目１５番地２２津田ザタワー３６０１",,12,216,2750026,,,,,,,2021-02-02,1,,,,,"マジカ",0
1040,4040003030821,01,0,2026-10-06,2026-10-06,"Ｐａｇｅｓｔ合同会社",,305,"千葉県","千葉市美浜区","若葉３丁目１－１スカイグランドタワー４２１６",,12,106,2610014,,,,,,,2026-10-06,1,,,,,"ペイジスト",0
1041,4050001059003,01,0,2026-10-06,2026-10-06,"ｚｅｒｏ坂東株式会社",,301,"茨城県","坂東市","生子５５３番地３",,08,228,3060504,,,,,,,2026-10-06,1,,,,,"ゼロバンドウ",0
1042,4050001059028,01,0,2026-10-06,2026-10-06,"株式会社トリニティ",,301,"茨城県","水戸市","中央１丁目３番地３８号水戸南第二中央ビル３Ｆ",,08,201,3100805,,,,,,,2026-10-06,1,,,,,"トリニティ",0
1043,4050002030202,21,0,2026-10-06,2026-09-28,"有限会社インターネットプランニング",,302,"茨城県","日立市","西成沢町３丁目８番７号",,08,202,3160032,,,2026-09-28,01,,,2015-10-05,1,,,,,"インターネットプランニング",0
1044,4060001039648,01,0,2026-10-06,2026-10-06,"株式会社Ｃｅｎｔｅｒ　Ｖｉｌｌａｇｅ",,301,"栃木県","宇都宮市","宮原１丁目３番１６号",,09,201,3200835,,,,,,,2026-10-06,1,,,,,"センタービレッジ",0
1045,4080001013469,01,1,2026-10-06,2015-10-05,"株式会社植田園",,301,"静岡県","島田市","川根町身成３１３１番地",,22,209,4280103,,,,,,,2015-10-05,1,,,,,"ウエダエン",0
1046,4080002014697,01,1,2026-10-06,2015-10-05,"有限会社ビーオー事務機",,302,"静岡県","榛原郡吉田町","川尻１６４２番地の２",,22,424,4210302,,,,,,,2015-10-05,1,,,,,"ビーオージムキ",0
1047,4080101026544,01,0,2026-10-06,2026-10-06,"株式会社アース",,301,"静岡県","御殿場市","古沢３２０番地",,22,215,4120011,,,,,,,2026-10-06,1,,,,,"アース",0
1048,4080401023506,71,0,2026-10-06,2026-10-01,"カクシンホールディングス株式会社",,301,"静岡県","掛川市","千羽４０３番地の２",,22,213,4360008,,,,,,"令和８年１０月１日静岡県掛川市青葉台２０番２０号株式会社Ｊｏｉｎ（1080402017939）を合併",2019-03-06,1,,,,,"カクシンホールディングス",0
1049,4080401025592,71,0,2026-10-06,2026-10-02,"株式会社浜松ベジタブル",,301,"静岡県","浜松市中央区","金折町１９０９番地",,22,138,4350026,,,,,,"令和８年１０月１日静岡県浜松市中央区下飯田町４９８番地株式会社浜包（2080401004433）を合併",2022-01-28,1,,,,,"ハママツベジタブル",0
1050,4080401028876,01,0,2026-10-06,2026-10-06,"セイブグローバル株式会社",,301,"静岡県","浜松市中央区","大人見町２５１０番地",,22,138,4311112,,,,,,,2026-10-06,1,,,,,"セイブグローバル",0
1051,4080401028884,01,0,2026-10-06,2026-10-06,"株式会社フォレスツアンドフラワーズレポート",,301,"静岡県","袋井市","高尾１５４７番地の１０６",,22,216,4370023,,,,,,,2026-10-06,1,,,,,"フォレスツアンドフラワーズレポート",0
1052,4080401028892,01,0,2026-10-06,2026-10-06,"Ｍ＆Ｅアセット株式会社",,301,"静岡県","浜松市中央区","下石田町１４８９番地",,22,138,4350006,,,,,,,2026-10-06,1,,,,,"エムアンドイーアセット",0
1053,4090001020101,01,0,2026-10-06,2026-10-06,"株式会社太陽コーポレーション",,301,"山梨県","上野原市","上野原４６８７番地１",,19,212,4090112,,,,,,,2026-10-06,1,,,,,"タイヨウコーポレーション",0
1054,4100001040048,01,0,2026-10-06,2026-10-06,"ＴＳキャリアパートナーズ株式会社",,301,"長野県","塩尻市","大字塩尻町３５６番地１",,20,215,3990712,,,,,,,2026-10-06,1,,,,,"ティーエスキャリアパートナーズ",0
1055,4100002034791,21,0,2026-10-06,2026-10-02,"有限会社小林設備",,302,"長野県","上伊那郡箕輪町","大字中箕輪１４８００番地３５８",,20,383,3994601,,,2026-10-02,01,,,2015-10-05,1,,,,,"コバヤシセツビ",0
1056,4100002038306,21,0,2026-10-06,2026-09-30,"中原農産有限会社",,302,"長野県","下伊那郡高森町","山吹５２０３番地の２",,20,403,3993101,,,2026-09-30,01,,,2015-10-05,1,,,,,"ナカハラノウサン",0
1057,4110001040443,01,0,2026-10-06,2026-10-06,"株式会社佐藤販売",,301,"新潟県","北蒲原郡聖籠町","東港３丁目６０６８番地４８",,15,307,9570101,,,,,,,2026-10-06,1,,,,,"サトウハンバイ",0
1058,4110001040451,01,0,2026-10-06,2026-10-06,"株式会社池田防水",,301,"新潟県","長岡市","川崎１丁目３２０番地３",,15,202,9400864,,,,,,,2026-10-06,1,,,,,"イケダボウスイ",0
1059,4110003006310,01,0,2026-10-06,2026-10-06,"合同会社ｃｈａｉｎ．ｃｒｅｗｓ．ｈａｉｒ",,305,"新潟県","新潟市西区","松海が丘４丁目５番３号",,15,107,9502075,,,,,,,2026-10-06,1,,,,,"チェーンクルーズヘアー",0
1060,4110005017388,01,0,2026-10-06,2026-10-06,"税理士法人清水・大橋会計",,399,"新潟県","柏崎市","東本町１丁目６番１４号",,15,205,9450051,,,,,,,2026-10-06,1,,,,,"シミズオオハシカイケイ",0
1061,4120001054418,01,1,2026-10-06,2015-10-05,"株式会社オフィスべんけい",,301,"大阪府","大阪市淀川区","西中島６丁目７番３号",,27,123,5320011,,,,,,,2015-10-05,1,,,,,"オフィスベンケイ",0
1062,4120001079233,01,1,2026-10-06,2015-10-05,"株式会社弘洋商会",,301,"大阪府","大阪市中央区","石町２丁目２番２号都住創石町ビル",,27,128,5400033,,,,,,,2015-10-05,1,"KOYO INDUSTRIES CO., LTD.","Osaka","101 TOJUSO-KOKUMACHI BLDG., 2-2, KOKUMACHI 2-CHOME, CHUO-KU",,"コウヨウショウカイ",0
1063,4120001091691,12,0,2026-10-06,2026-10-01,"ユニチカトレーディング株式会社",,301,"大阪府","大阪市中央区","久太郎町４丁目１番３号",,27,128,5410056,,,,,,,2015-10-05,1,"UNITIKA TRADING CO., LTD.","Osaka","2-37, Suehiro-cho, Kita ku Osaka shi",,"ユニチカトレーディング",0
1064,4120001117380,01,1,2026-10-06,2015-10-05,"株式会社ＤＣＦ",,301,"大阪府","大阪市城東区","関目６丁目１４番Ｄ－２１０号",,27,118,5360008,,,,,,,2015-10-05,1,,,,,"ディーシーエフ",0
1065,4120001134005,12,0,2026-10-06,2026-10-01,"株式会社Ｔ＆Ｈ",,301,"大阪府","大阪市北区","池田町９番７－５１１号",,27,127,5300033,,,,,,,2015-10-05,1,,,,,"ティーアンドエイチ",0
1066,4120001167632,12,0,2026-10-06,2026-10-01,"株式会社壱",,301,"大阪府","大阪市浪速区","難波中１丁目１８番１０号",,27,111,5560011,,,,,,,2015-10-05,1,,,,,"ワン",0
1067,4120001181220,12,0,2026-10-06,2026-10-02,"株式会社ユースフル",,301,"愛知県","一宮市","千秋町穂積塚本字塚本郷西１５番地４",,23,203,4910803,,,,,,,2015-10-05,1,,,,,"ユースフル",0
1068,4120001202356,01,1,2026-10-06,2016-12-08,"株式会社ＫＣ．ｋｓｙ",,301,"大阪府","大阪市東淀川区","上新庄３丁目２番３６号",,27,114,5330006,,,,,,,2016-12-08,1,,,,,"ケーシーケーエスワイ",0
1069,4120001263563,21,0,2026-10-06,2026-09-25,"ＸＺＴ株式会社",,301,"大阪府","大阪市住之江区","御崎１丁目１１番１９－１０１号",,27,125,5590013,,,2026-09-25,01,,,2024-03-29,1,,,,,"エックスゼットティー",0
1070,4120001265329,12,0,2026-10-06,2026-09-25,"ＹＩ　ＬＡＮ株式会社",,301,"大阪府","大阪市北区","長柄中２丁目５番４４－４０１号",,27,127,5310062,,,,,,,2024-05-28,1,,,,,"イラン",0
1071,4120001276887,12,0,2026-10-06,2026-10-01,"飛鳥商業株式会社",,301,"大阪府","大阪市北区","堂山町１番５号三共梅田ビル６階センターオフィス内",,27,127,5300027,,,,,,,2025-06-18,1,,,,,"アスカショウギョウ",0
1072,4120001287983,12,0,2026-10-06,2026-10-01,"株式会社クレハ",,301,"大阪府","大阪市平野区","加美西１丁目１２番１１号",,27,126,5470005,,,,,,,2026-07-22,1,,,,,"クレハ",0
1073,4120001289385,01,0,2026-10-06,2026-10-06,"株式会社ヤマイチ",,301,"大阪府","大阪市大正区","北恩加島２丁目１番２号",,27,108,5510033,,,,,,,2026-10-06,1,,,,,"ヤマイチ",0
1074,4120001289402,01,0,2026-10-06,2026-10-06,"エム・シー整備株式会社",,301,"大阪府","大阪市中央区","南久宝寺町２丁目１番１号リブラ南久宝寺１号館４Ｆ",,27,128,5410058,,,,,,,2026-10-06,1,,,,,"エムシーセイビ",0
1075,4120001289427,01,0,2026-10-06,2026-10-06,"錦瀾株式会社",,301,"大阪府","大阪市浪速区","日本橋東３丁目１６－１１",,27,111,5560006,,,,,,,2026-10-06,1,,,,,"キンラン",0
1076,4120001289492,01,0,2026-10-06,2026-10-06,"フラッグシップ不動産株式会社",,301,"大阪府","大阪市淀川区","西中島２丁目１４番６号新大阪第２ドイビル５Ｆ",,27,123,5320011,,,,,,,2026-10-06,1,,,,,"フラッグシップフドウサン",0
1077,4120003028527,12,0,2026-10-06,2026-10-02,"合同会社Ｚｅｒｏ　Ｏｎｅ",,305,"東京都","文京区","本郷１丁目３３番１２号２０２",,13,105,1130033,,,,,,,2025-02-03,1,,,,,"ゼロワン",0
1078,4120003033618,01,0,2026-10-06,2026-10-06,"合同会社Ａｍｍｙ",,305,"大阪府","大阪市中央区","東心斎橋１丁目１９番２１号ＡＮＧＬＥＯＮＥ、Ｂ０１号",,27,128,5420083,,,,,,,2026-10-06,1,,,,,"アミー",0
1079,4120005010994,12,0,2026-10-06,2026-10-01,"ＮＰＯ法人オープンスペース",,399,"大阪府","大阪市東成区","東中本２丁目１４番２０号",,27,115,5370021,,,,,,,2015-10-05,1,,,,,"オープンスペース",0
1080,4120005025803,01,0,2026-10-06,2026-10-06,"一般社団法人問学ＤＭＭＬ実践研究会",,399,"大阪府","大阪市中央区","南船場４丁目１０番５号",,27,128,5420081,,,,,,,2026-10-06,1,,,,,"モンガクディメルジッセンケンキュウカイ",0
1081,4120101074448,01,0,2026-10-06,2026-10-06,"株式会社ＦＡＴ",,301,"大阪府","大阪狭山市","今熊４丁目７０８番地の１１",,27,231,5890021,,,,,,,2026-10-06,1,,,,,"エフエーティー",0
1082,4120101074464,01,0,2026-10-06,2026-10-06,"株式会社ＡＵＴＯ‐Ｂ",,301,"大阪府","堺市中区","深阪４丁１３番３８号",,27,142,5998253,,,,,,,2026-10-06,1,,,,,"オートビー",0
1083,4120102015450,12,0,2026-10-06,2026-10-05,"有限会社ハウジングナニワ",,302,"大阪府","松原市","上田２丁目５番２１号",,27,217,5800016,,,,,,,2015-10-05,1,,,,,,0
1084,4120103003693,21,0,2026-10-06,2026-06-18,"合同会社Ｊａｃｋ　Ｈｉｇｈ",,305,"大阪府","大阪狭山市","東茱萸木１丁目１７５７番地の７７溝端ビル２階",,27,231,5890012,,,2026-06-18,01,,,2020-05-18,1,,,,,"ジャックハイ",0
1085,4120901024379,01,1,2026-10-06,2015-10-05,"ソイルアンドロツクエンジニアリング株式会社",,301,"大阪府","豊中市","庄内栄町２丁目２１番１号",,27,203,5610834,,,,,,,2015-10-05,1,,,,,,0
1086,4120901037307,01,1,2026-10-06,2016-08-09,"株式会社Ｈｉ　ＦＩＶＥ　ＧＡＲＡＧＥ",,301,"大阪府","摂津市","鳥飼上３丁目１０番１８号",,27,224,5660062,,,,,,,2016-08-09,1,,,,,"ハイファイブガレージ",0
1087,4120901043627,12,0,2026-10-06,2026-10-01,"株式会社山桜",,301,"大阪府","豊中市","熊野町４丁目１３番２７号",,27,203,5600014,,,,,,,2020-12-18,1,,,,,"ヤマザクラ",0
1088,4120901053262,01,0,2026-10-06,2026-10-06,"ＬｉｖｅＣＯＥ株式会社",,301,"大阪府","茨木市","蔵垣内３丁目１０番２号ＬＩＮＯメゾン蔵垣内３０１",,27,211,5670878,,,,,,,2026-10-06,1,,,,,"ライブコー",0
1089,4120902019345,12,0,2026-10-06,2026-10-01,"有限会社日東メンテナンス",,302,"大阪府","豊中市","上津島２丁目１７番３号",,27,203,5610843,,,,,,,2015-10-05,1,,,,,"ニットウメンテナンス",0
1090,4120902019816,21,0,2026-10-06,2026-09-30,"有限会社松涛",,302,"大阪府","豊中市","中桜塚１丁目９番２７号",,27,203,5610881,,,2026-09-30,01,,,2015-10-05,1,,,,,"ショウトウ",0
1091,4122001012644,21,0,2026-10-06,2026-09-30,"株式会社ロックダム",,301,"大阪府","東大阪市","足代３丁目２番１４号",,27,227,5770841,,,2026-09-30,01,,,2015-10-05,1,,,,,"ロックダム",0
1092,4122001034449,01,1,2026-10-06,2021-02-01,"ＥＣＨＯ‐７Ｓ株式会社",,301,"大阪府","八尾市","大竹７丁目１６９番地",,27,212,5810854,,,,,,,2021-02-01,0,,,,,"エコ",0
1093,4122001034449,12,1,2026-10-06,2022-08-02,"ＥＣＨＯ‐７Ｓ株式会社",,301,"大阪府","大阪市西成区","松１丁目５番４号１０４室",,27,122,5570034,,,,,,,2021-02-01,0,,,,,"エコ",0
1094,4122001034449,12,1,2026-10-06,2024-05-29,"ＥＣＨＯ‐７Ｓ株式会社",,301,"大阪府","大阪市都島区","内代町１丁目１番２６号１０２号室",,27,102,5340013,,,,,,,2021-02-01,1,,,,,"エコ",0
1095,4122002009714,12,0,2026-10-06,2026-10-01,"有限会社慶信ハウス",,302,"大阪府","大阪市西区","新町１丁目１３番３号",,27,106,5500013,,,,,,,2015-10-05,1,,,,,"ケイシンハウス",0
1096,4130001016862,01,1,2026-10-06,2015-10-05,"株式会社カドリールニシダ",,301,"京都府","京都市下京区","富小路通五条上る本神明町４０７番地",,26,106,6008065,,,,,,,2015-10-05,1,,,,,,0
1097,4130001027744,01,1,2026-10-06,2015-10-05,"北山設備工芸株式会社",,301,"京都府","京都市右京区","西院清水町４４番地",,26,108,6150052,,,,,,,2015-10-05,0,,,,,,0
1098,4130001027744,12,1,2026-10-06,2016-09-29,"北山設備工芸株式会社",,301,"京都府","京都市中京区","西ノ京樋口町１１８番地",,26,104,6040000,,,,,,,2015-10-05,1,,,,,,0
1099,4130001033222,11,0,2026-10-06,2026-10-01,"ユニチカテックトレード株式会社",,301,"大阪府","大阪市北区","末広町２番３７号",,27,127,5300053,,,,,,,2015-10-05,1,,,,,"ユニチカテックトレード",0
1100,4130001039491,01,1,2026-10-06,2015-10-05,"株式会社長澤ホーム",,301,"京都府","城陽市","寺田樋尻１２番地の８７",00036378,26,207,6100121,,,,,,,2015-10-05,1,,,,,"ナガサワホーム",0
1101,4130001047412,01,1,2026-10-06,2015-10-05,"株式会社おめん",,301,"京都府","京都市東山区","高台寺南門通下河原東入桝屋町３５８番地",,26,105,6050826,,,,,,,2015-10-05,0,,,,,,0
1102,4130001047412,12,1,2026-10-06,2017-01-26,"株式会社おめん",,301,"京都府","京都市東山区","高台寺南門通下河原東入桝屋町３６２番地",,26,105,6050826,,,,,,,2015-10-05,1,,,,,,0
1103,4130001060522,12,0,2026-10-06,2026-10-01,"株式会社藤原建設",,301,"京都府","宇治市","小倉町西山５９番地",,26,204,6110042,,,,,,,2017-09-12,1,,,,,"フジワラケンセツ",0
1104,4130001083168,01,0,2026-10-06,2026-10-06,"株式会社Ｒａｐｐｙ",,301,"京都府","京田辺市","松井ケ丘１丁目６番地４",,26,211,6100353,,,,,,,2026-10-06,1,,,,,"ラッピー",0
1105,4130003009170,21,0,2026-10-06,2026-09-24,"合同会社ラヴィ",,305,"京都府","京都市伏見区","深草小久保町１５６番地２",,26,109,6128437,,,2026-09-24,01,,,2023-11-28,1,,,,,"ラヴィ",0
1106,4130003011746,01,0,2026-10-06,2026-10-06,"合同会社ＹＵＩＢＡＳＥ",,305,"京都府","京都市北区","紫竹下高才町４０番地",,26,101,6038114,,,,,,,2026-10-06,1,,,,,"タカハシマサアキ",0
1107,4130005014821,01,1,2026-10-06,2017-01-12,"税理士法人新納会計事務所",,399,"京都府","京都市中京区","新町通二条下る頭町１６番地の１",,26,104,6040031,,,,,,,2017-01-12,1,,,,,"シンノウカイケイジムショ",0
1108,4130005017799,01,0,2026-10-06,2026-10-06,"一般社団法人ＭｉｓｓＳＡＫＥ京都実行委員会",,399,"京都府","京都市下京区","烏丸通四条下る水銀屋町６２０番地ＣＯＣＯＮ烏丸４Ｆ",,26,106,6008411,,,,,,,2026-10-06,1,,,,,"ミスサケキョウトジッコウイインカイ",0
1109,4140001014031,12,0,2026-10-06,2026-10-01,"株式会社福進堂総本店",,301,"兵庫県","神戸市兵庫区","塚本通１丁目２番６号まつやビル１階東",,28,105,6520804,,,,,,,2015-10-05,1,,,,,"フクシンドウソウホンテン",0
1110,4140001040382,01,1,2026-10-06,2015-10-05,"株式会社栗栖開発",,301,"兵庫県","たつの市","新宮町牧６５５番地",,28,229,6795152,,,,,,,2015-10-05,1,,,,,"クリスカイハツ",0
1111,4140001104749,01,1,2026-10-06,2017-01-17,"株式会社エスプリュス",,301,"兵庫県","神戸市東灘区","御影２丁目２番１２－４０２号",,28,101,6580047,,,,,,,2017-01-17,1,,,,,"エスプリュス",0
1112,4140001114491,21,0,2026-10-06,2026-09-28,"株式会社幸将電設",,301,"兵庫県","西宮市","山口町下山口１丁目１１番２９－３０８号",,28,204,6511412,,,2026-09-28,01,,,2019-08-07,1,,,,,"コウショウデンセツ",0
1113,4140001144150,01,0,2026-10-06,2026-10-06,"株式会社Ｌｉｆｅ　Ｐｌｕｓ",,301,"兵庫県","加古郡稲美町","六分一１０１２番地の１",,28,381,6751112,,,,,,,2026-10-06,1,,,,,"ライフプラス",0
1114,4140003011919,12,0,2026-10-06,2026-09-29,"Ｆ・西村書店合同会社",,305,"兵庫県","加西市","北条町横尾２８５番地の１",,28,220,6752311,,,,,,,2017-02-10,1,,,,,,0
1115,4150001029276,01,0,2026-10-06,2026-10-06,"株式会社ＳＯＳＨＩＪＩ",,301,"奈良県","吉野郡吉野町","大字立野３６７番地",,29,441,6393112,,,,,,,2026-10-06,1,,,,,"ソシジ",0
1116,4160001027964,01,0,2026-10-06,2026-10-06,"株式会社ＯＧＴ",,301,"滋賀県","近江八幡市","音羽町１６５",,25,204,5230856,,,,,,,2026-10-06,1,,,,,"オージーティー",0
1117,4160002011901,01,1,2026-10-06,2015-10-05,"有限会社うお増",,302,"滋賀県","草津市","大路１丁目１１番１４号",,25,206,5250032,,,,,,,2015-10-05,1,,,,,"ウオマス",0
1118,4160003000960,12,0,2026-10-06,2026-10-02,"谷口鉄工不動産合同会社",,305,"滋賀県","東近江市","垣見町１４０６番地",,25,213,5211221,,,,,,,2015-10-05,1,,,,,"タニグチテッコウフドウサン",0
1119,4170002011165,01,1,2026-10-06,2015-10-05,"有限会社三育商会",,302,"和歌山県","新宮市","野田２番１０号",,30,207,6470041,,,,,,,2015-10-05,1,,,,,"サンイクショウカイ",0
1120,4170003002502,01,0,2026-10-06,2026-10-06,"合同会社Ｂ．ＮＵＴＳ",,305,"和歌山県","田辺市","むつみ１番１３号",,30,206,6460052,,,,,,,2026-10-06,1,,,,,"ビーナッツ",0
1121,4180001033655,71,0,2026-10-06,2026-10-01,"愛商不動産株式会社",,301,"愛知県","北名古屋市","鹿田竹之宮１９２９番地１３",,23,234,4810004,,,,,,"令和８年１０月１日愛知県一宮市新生一丁目８番６号愛商株式会社（4180001081919）を合併",2015-10-05,1,,,,,"アイショウフドウサン",0
1122,4180001081919,21,0,2026-10-06,2026-10-01,"愛商株式会社",,301,"愛知県","一宮市","新生１丁目８番６号",,23,203,4910912,,,2026-10-01,11,4180001033655,"令和８年１０月１日愛知県北名古屋市鹿田竹之宮１９２９番地１３愛商不動産株式会社（4180001033655）に合併し解散",2015-10-05,1,,,,,"アイショウ",0
1123,4180001086216,21,0,2026-10-06,2026-09-30,"株式会社柳グループ",,301,"愛知県","稲沢市","清水西川原町１１０番地",,23,220,4928311,,,2026-09-30,01,,,2015-10-05,1,,,,,"ヤナギグループ",0
1124,4180001112392,21,0,2026-10-06,2026-09-24,"セブン機工株式会社",,301,"愛知県","大府市","共西町３丁目２７８番地",,23,223,4740062,,,2026-09-24,01,,,2015-10-05,1,,,,,"センブキコウ",0
1125,4180001119256,01,1,2026-10-06,2015-10-05,"株式会社ＴＨＥ　ＣＡＲＺ　ＴＲＡＤＩＮＧ",,301,"愛知県","名古屋市港区","宝神５丁目１０３１－１",,23,111,4550832,,,,,,,2015-10-05,0,,,,,"ジカーズトレーディング",0
1126,4180001119256,12,1,2026-10-06,2015-12-09,"株式会社ＴＨＥ　ＣＡＲＺ　ＴＲＡＤＩＮＧ",,301,"愛知県","名古屋市港区","甚兵衛通１丁目２４番１号",,23,111,4550822,,,,,,,2015-10-05,1,,,,,"ジカーズトレーディング",0
1127,4180001158601,12,0,2026-10-06,2026-09-30,"株式会社環境技建",,301,"愛知県","名古屋市緑区","浦里２丁目１９４番地",,23,114,4580847,,,,,,,2023-10-23,1,,,,,"カンキョウギケン",0
1128,4180001172321,12,0,2026-10-06,2026-10-01,"夢の和株式会社",,301,"愛知県","名古屋市中区","栄３丁目３５番４７号",,23,106,4600008,,,,,,,2026-06-16,1,,,,,"ユメノワ",0
1129,4180001173022,12,0,2026-10-06,2026-10-02,"リサイクル株式会社",,301,"東京都","目黒区","自由が丘２丁目１６番１２号ＲＪ３",,13,110,1520035,,,,,,,2026-08-07,1,,,,,"リサイクル",0
1130,4180001173716,01,0,2026-10-06,2026-10-06,"株式会社ｋｉｍａｍａ",,301,"愛知県","名古屋市中村区","名駅３丁目４番１０号アルティメイト名駅１ｓｔ２階",,23,105,4500002,,,,,,,2026-10-06,1,,,,,"キママ",0
1131,4180001173724,01,0,2026-10-06,2026-10-06,"株式会社ＪＵＮ　Ｌｉｆｅ　Ｄｅｓｉｇｎ",,301,"愛知県","名古屋市名東区","社台２丁目４１番地",,23,115,4650092,,,,,,,2026-10-06,1,,,,,"ジュンライフデザイン",0
1132,4180001173740,01,0,2026-10-06,2026-10-06,"株式会社ＳＡＫＡＩ",,301,"愛知県","名古屋市東区","東大曽根町３６番７号アヴェニール徳川１１０５号",,23,102,4610022,,,,,,,2026-10-06,1,,,,,"サカイ",0
1133,4180002024281,01,1,2026-10-06,2015-10-05,"有限会社ハイネスト",,302,"愛知県","名古屋市西区","名駅２丁目２６番１４号",,23,104,4510045,,,,,,,2015-10-05,1,,,,,"ハイネスト",0
1134,4180002040312,21,0,2026-10-06,2026-09-30,"有限会社キヨスビニール",,302,"愛知県","清須市","朝日貝塚１７８番地",,23,233,4520932,,,2026-09-30,01,,,2015-10-05,1,,,,,"キヨスビニール",0
1135,4180003007723,01,1,2026-10-06,2015-10-05,"合資会社重永商店",,304,"愛知県","名古屋市瑞穂区","苗代町１８番１１号",,23,108,4670841,,,,,,,2015-10-05,0,,,,,"シゲナガ",0
1136,4180003007723,21,1,2026-10-06,2020-03-03,"合資会社重永商店",,304,"愛知県","名古屋市瑞穂区","苗代町１８番１１号",,23,108,4670841,,,2020-03-03,01,,,2015-10-05,0,,,,,"シゲナガ",0
1137,4180003007723,22,1,2026-10-06,2026-09-18,"合資会社重永商店",,304,"愛知県","名古屋市瑞穂区","苗代町１８番１１号",,23,108,4670841,,,,,,,2015-10-05,1,,,,,"シゲナガ",0
1138,4180003018588,01,1,2026-10-06,2018-01-15,"合同会社フィールズネット",,305,"愛知県","愛西市","小茂井町寺下１４番地１",,23,232,4960944,,,,,,,2018-01-15,1,"FEELSNET, LLC","Aichi","14-1 Terashimo, Komoicho, Aisai shi",,,0
1139,4180003030857,01,0,2026-10-06,2026-10-06,"合同会社Ｌｉｄｅ",,305,"愛知県","北名古屋市","加島新田加島西１２５番地１",,23,234,4810044,,,,,,,2026-10-06,1,,,,,"ライド",0
1140,4180003030865,01,0,2026-10-06,2026-10-06,"Ｈｉｓｔｏｒｙ合同会社",,305,"愛知県","名古屋市北区","東味鋺１丁目１６０２番地ＮＶＳ４１３",,23,103,4620013,,,,,,,2026-10-06,1,,,,,"ヒストリー",0
1141,4180005021689,01,0,2026-10-06,2026-10-06,"医療法人ＦＯＲＥＳＴ　ｌｉｎｋ",,399,"愛知県","小牧市","大字北外山１１９２番地",,23,219,4850023,,,,,,,2026-10-06,1,,,,,"フォレストリンク",0
1142,4180005021697,01,0,2026-10-06,2026-10-06,"医療法人悠奈",,399,"愛知県","名古屋市東区","葵１丁目２５－７アオイエフエービル４Ｆ",,23,102,4610004,,,,,,,2026-10-06,1,,,,,"ユウナ",0
1143,4180301002310,21,0,2026-10-06,2026-09-18,"株式会社幸田企業",,301,"愛知県","額田郡幸田町","大字菱池字前田１３８番地の３",,23,501,4440113,,,2026-09-18,01,,,2015-10-05,1,,,,,"コウタキギョウ",0
1144,4180302010568,01,1,2026-10-06,2015-10-05,"有限会社ワールド",,302,"愛知県","豊橋市","忠興１丁目８番地の１５",,23,201,4400004,,,,,,,2015-10-05,1,,,,,"ワールド",0
1145,4190001033472,01,0,2026-10-06,2026-10-06,"株式会社Ｔａｃｓ",,301,"三重県","伊勢市","辻久留３丁目９番２０号",,24,203,5160066,,,,,,,2026-10-06,1,,,,,"タックス",0
1146,4190003005569,01,0,2026-10-06,2026-10-06,"合同会社Ｈ’ｓカンパニー",,305,"三重県","三重郡菰野町","大字永井４９８－５",,24,341,5101311,,,,,,,2026-10-06,1,,,,,"エイチズカンパニー",0
1147,4200001004612,01,1,2026-10-06,2015-10-05,"株式会社プラド",,301,"岐阜県","岐阜市","神田町１丁目８番４プラドビル",,21,201,5008833,,,,,,,2015-10-05,0,,,,,,0
1148,4200001004612,71,1,2026-10-06,2021-09-30,"株式会社プラド",,301,"岐阜県","岐阜市","神田町１丁目８番４プラドビル",,21,201,5008833,,,,,,"令和３年９月３０日東京都港区新橋三丁目４番５号新橋フロンティアビル８階株式会社フレデリック（8010401104787）を合併",2015-10-05,1,,,,,,0
1149,4200001037711,01,1,2026-10-06,2020-08-12,"あゆみ株式会社",,301,"岐阜県","多治見市","日ノ出町１丁目２９番地３",,21,204,5070848,,,,,,,2020-08-12,0,,,,,,0
1150,4200001037711,12,1,2026-10-06,2022-05-31,"あゆみ株式会社",,301,"岐阜県","多治見市","本町５丁目６番地１",,21,204,5070033,,,,,,,2020-08-12,0,,,,,,0
1151,4200001037711,12,1,2026-10-06,2026-10-01,"あゆみ株式会社",,301,"岐阜県","多治見市","田代町３丁目２１番地１",,21,204,5070036,,,,,,,2020-08-12,1,,,,,,0
1152,4200001045524,01,0,2026-10-06,2026-10-06,"株式会社ＨａｐｐｙＲｉｃｈ",,301,"岐阜県","岐阜市","安食１２２８番地１",,21,201,5011109,,,,,,,2026-10-06,1,,,,,"ハッピーリッチ",0
1153,4200001045540,01,0,2026-10-06,2026-10-06,"平澤造園株式会社",,301,"岐阜県","瑞穂市","宮田２３１番地１",,21,216,5010305,,,,,,,2026-10-06,1,,,,,"ヒラサワゾウエン",0
1154,4200002019246,01,1,2026-10-06,2015-10-05,"有限会社安田鉄工",,302,"岐阜県","関市","山田１１８８番地",,21,205,5013944,,,,,,,2015-10-05,1,,,,,"ヤスダテッコウ",0
1155,4200003007068,01,1,2026-10-06,2025-09-30,"ＡＢ　Ｔｒａｄｉｎｇ合同会社",,305,"岐阜県","大垣市","興福地町１丁目６６番７",,21,202,5032203,,,,,,,2025-09-30,1,,,,,,0
1156,4200005013114,12,0,2026-10-06,2026-09-29,"アドバンス社会保険労務士法人",,399,"岐阜県","岐阜市","薮田南１丁目７番２２号コーワビル５０２",,21,201,5008384,,,,,,,2020-09-24,1,,,,,"アドバンス",0
1157,4210001016053,01,1,2026-10-06,2015-10-05,"株式会社Ｉｓｏｍｉ　Ｅｘｐｒｅｓｓ",,301,"福井県","敦賀市","港町１０番２号",,18,202,9140079,,,,,,,2015-10-05,1,,,,,"イソミエクスプレス",0
1158,4220002001053,21,0,2026-10-06,2026-10-02,"有限会社イーグル工業",,302,"石川県","金沢市","利屋町る９番地",,17,201,9200101,,,2026-10-02,01,,,2015-10-05,1,,,,,"イーグルコウギョウ",0
1159,4220002006250,01,1,2026-10-06,2015-10-05,"有限会社ヨシユキ",,302,"石川県","金沢市","神野町東３５番地",,17,201,9200365,,,,,,,2015-10-05,1,,,,,"ヨシユキ",0
1160,4220002014328,01,1,2026-10-06,2015-10-05,"有限会社坂井織物",,302,"石川県","鹿島郡中能登町","良川ホ部９０番地",,17,407,9291717,,,,,,,2015-10-05,1,,,,,"サカイオリモノ",0
1161,4230005002543,11,0,2026-10-06,2026-10-01,"味彩おおやま株式会社",,301,"富山県","富山市","田畠４２番地",,16,201,9301331,,,,,,,2015-10-05,1,,,,,"アジサイオオヤマ",0
1162,4240001067110,01,0,2026-10-06,2026-10-06,"株式会社Ｆｒｏｍ",,301,"広島県","尾道市","浦崎町３５６９番地１",,34,205,7200551,,,,,,,2026-10-06,1,,,,,"フロム",0
1163,4240001067119,01,0,2026-10-06,2026-10-06,"株式会社Ｔｏｍ　Ａｒｃｈｉｔｅｃｔｓ",,301,"広島県","広島市南区","向洋新町３丁目２３番３２号",,34,103,7340055,,,,,,,2026-10-06,1,,,,,"トムアーキテクツ",0
1164,4240003007972,01,0,2026-10-06,2026-10-06,"にのまえ合同会社",,305,"広島県","三原市","皆実６丁目５番２０号",,34,204,7230052,,,,,,,2026-10-06,1,,,,,"ニノマエ",0
1165,4250003003376,01,1,2026-10-06,2023-11-07,"合同会社ＥＩＴ",,305,"山口県","光市","大字三輪７２５番地１",,35,210,7430102,,,,,,,2023-11-07,1,,,,,"イーアイティ",0
1166,4260001005381,01,1,2026-10-06,2015-10-05,"株式会社橋本商店",,301,"岡山県","岡山市南区","万倍１６２番地の１",,33,104,7000955,,,,,,,2015-10-05,1,,,,,"ハシモトショウテン",0
1167,4260001028176,21,0,2026-10-06,2026-10-02,"株式会社共栄建装",,301,"岡山県","岡山市中区","四御神５２６番地３",,33,102,7038201,,,2026-10-02,01,,,2015-10-05,1,,,,,"キョウエイケンソウ",0
1168,4260001028399,12,0,2026-10-06,2026-10-01,"株式会社濱西工業",00003380,301,"岡山県","倉敷市","連島３丁目４番１０号２Ｆ",,33,202,7128012,,,,,,,2015-10-05,1,,,,,"ハマニシコウギョウ",0
1169,4260001030347,01,1,2026-10-06,2017-01-12,"御南企画株式会社",,301,"岡山県","岡山市北区","田中５９１番地１１",,33,101,7000951,,,,,,,2017-01-12,1,,,,,"ミナンキカク",0
1170,4260001040156,11,0,2026-10-06,2026-10-01,"株式会社ＲＩＳＥ　ＨＯＬＤＩＮＧＳ",,301,"岡山県","岡山市北区","富田４１３－４",,33,101,7000936,,,,,,,2025-04-30,1,,,,,"ライズホールディングス",0
1171,4260001041666,01,0,2026-10-06,2026-10-06,"株式会社ハーモニー",,301,"岡山県","笠岡市","笠岡２７７番地２",,33,205,7140081,,,,,,,2026-10-06,1,,,,,"ハーモニー",0
1172,4260002029925,01,1,2026-10-06,2015-10-05,"金時薬局有限会社",,302,"岡山県","津山市","横山３０番地の８",,33,203,7080862,,,,,,,2015-10-05,0,,,,,"キントキヤッキョク",0
1173,4260002029925,12,1,2026-10-06,2026-09-30,"金時薬局有限会社",,302,"岡山県","津山市","南新座１７番地４",,33,203,7080036,,,,,,,2015-10-05,1,,,,,"キントキヤッキョク",0
1174,4260002030429,01,1,2026-10-06,2015-10-05,"グリーン薬局有限会社",,302,"岡山県","美作市","明見５６３番地",,33,215,7070003,,,,,,,2015-10-05,0,,,,,"グリーンヤッキョク",0
1175,4260002030429,12,1,2026-10-06,2026-09-30,"グリーン薬局有限会社",,302,"岡山県","津山市","南新座１７番地４",,33,203,7080036,,,,,,,2015-10-05,1,,,,,"グリーンヤッキョク",0
1176,4260002032986,21,0,2026-10-06,2026-10-01,"有限会社玉原工産",,302,"岡山県","岡山市北区","桑田町７番１５号エスコ桑田マンションＩ４０１号",00119628,33,101,7000984,,,2026-10-01,11,1260001022322,"令和８年１０月１日岡山市北区桑田町７番１５号エスコ桑田マンションＩ４０１号総合メンテナンス株式会社（1260001022322）に合併し解散",2015-10-05,1,,,,,"タマハラコウサン",0
1177,4260003002666,21,0,2026-10-06,2026-10-01,"合同会社Ｋ",,305,"岡山県","都窪郡早島町","前潟１０７５番地８",,33,423,7010303,,,2026-10-01,01,,,2018-10-05,1,,,,,"ケイ",0
1178,4260003004101,21,0,2026-10-06,2026-10-01,"合同会社ＡＹＡ",,305,"岡山県","岡山市北区","津高台３丁目２０４１番地８",,33,101,7011151,,,2026-10-01,01,,,2022-11-08,1,,,,,"アヤ",0
1179,4260003005784,01,0,2026-10-06,2026-10-06,"合同会社第二エナジー",,305,"岡山県","岡山市南区","藤田１４３８‐１０",,33,104,7010221,,,,,,,2026-10-06,1,,,,,"ダイニエナジー",0
1180,4280001006824,01,1,2026-10-06,2015-10-05,"株式会社ヒニアラタ",,301,"島根県","出雲市","下古志町６５８番地２",,32,203,6930032,,,,,,,2015-10-05,1,,,,,"ヒニアラタ",0
1181,4280003000940,01,1,2026-10-06,2015-10-05,"合同会社石見会計センター",,305,"島根県","浜田市","黒川町１０８番地１",,32,202,6970024,,,,,,,2015-10-05,1,,,,,"イワミカイケイセンター",0
1182,4280003002111,01,0,2026-10-06,2026-10-06,"合同会社ふじい社会福祉士事務所",,305,"島根県","安来市","安来町２０９３番地４グレース華Ｉ２０６号室",00145160,32,206,6920011,,,,,,,2026-10-06,1,,,,,"フジイシャカイフクシシジムショ",0
1183,4280005002712,11,0,2026-10-06,2026-10-01,"医療法人きまちクリニック",,399,"島根県","出雲市","高岡町５３番地１",,32,203,6930066,,,,,,,2015-10-05,1,,,,,"キマチクリニック",0
1184,4290001028363,21,0,2026-10-06,2026-10-01,"株式会社ケアワーク九州",,301,"福岡県","福岡市城南区","長尾４丁目５番５号",,40,136,8140123,,,2026-10-01,11,2290001030882,"令和８年１０月１日福岡市博多区博多駅前三丁目２７番２２号麻生介護サービス株式会社（2290001030882）に合併し解散",2015-10-05,1,,,,,"ケアワークキュウシュウ",0
1185,4290001070935,01,1,2026-10-06,2015-10-05,"スマイルエース株式会社",,301,"福岡県","福岡市博多区","美野島２丁目３番１号－２階",,40,132,8120017,,,,,,,2015-10-05,0,,,,,"スマイルエース",0
1186,4290001070935,12,1,2026-10-06,2026-09-14,"スマイルエース株式会社",,301,"福岡県","福岡市南区","大橋３丁目２０番２５号－１階",,40,134,8150033,,,,,,,2015-10-05,1,,,,,"スマイルエース",0
1187,4290001074135,01,1,2026-10-06,2016-06-03,"株式会社江藤工務店",,301,"福岡県","福岡市南区","曰佐３丁目１０番１８号",,40,134,8111313,,,,,,,2016-06-03,1,,,,,"エトウコウムテン",0
1188,4290001087450,11,0,2026-10-06,2026-10-01,"大成ロジ株式会社",,301,"福岡県","福岡市博多区","吉塚８丁目６番１３－６０５号",,40,132,8120041,,,,,,,2019-12-17,1,,,,,"タイセイロジ",0
1189,4290001098299,12,0,2026-10-06,2026-09-14,"デイジー株式会社",,301,"福岡県","飯塚市","津島５６５番地１",,40,205,8200064,,,,,,,2022-07-15,1,,,,,"デイジー",0
1190,4290001115640,01,0,2026-10-06,2026-10-06,"株式会社ＥＹＡＳＡＫＡ",,301,"福岡県","古賀市","小竹７０４番地１０",,40,223,8113135,,,,,,,2026-10-06,1,,,,,"イヤサカ",0
1191,4290001115665,01,0,2026-10-06,2026-10-06,"株式会社朝日ファーマシー",,301,"福岡県","福岡市博多区","東比恵４丁目４番１３号",,40,132,8120007,,,,,,,2026-10-06,1,,,,,"アサヒファーマシー",0
1192,4290001115673,01,0,2026-10-06,2026-10-06,"株式会社ＦＬＯＬＩＡ",,301,"福岡県","福岡市博多区","博多駅前１丁目２３番２号ＰａｒｋＦｒｏｎｔ博多駅前１丁目５Ｆ－Ｂ",,40,132,8120011,,,,,,,2026-10-06,1,,,,,"フローリア",0
1193,4290002013728,12,0,2026-10-06,2026-09-29,"有限会社リーテル・サポート",,302,"福岡県","福岡市城南区","別府５丁目２１番２３－２０４号",,40,136,8140104,,,,,,,2015-10-05,1,,,,,"リーテルサポート",0
1194,4290002022530,12,0,2026-10-06,2026-10-01,"株式会社アイネット",,301,"福岡県","福岡市中央区","六本松２丁目５番２号",,40,133,8100044,,,,,,,2015-10-05,1,,,,,"アイネット",0
1195,4290003018957,01,0,2026-10-06,2026-10-06,"合同会社Ｊｕｌｙ",,305,"福岡県","福岡市南区","大橋１丁目１０－１０なのみビル１Ｆ",,40,134,8150033,,,,,,,2026-10-06,1,,,,,"ジュライ",0
1196,4290003018981,01,0,2026-10-06,2026-10-06,"ＡｉＣｒａ合同会社",,305,"福岡県","福岡市博多区","博多駅前１丁目２３番２号ＰａｒｋＦｒｏｎｔ博多駅前１丁目５Ｆ‐Ｂ",,40,132,8120011,,,,,,,2026-10-06,1,,,,,"アイクラ",0
1197,4290005020234,01,0,2026-10-06,2026-10-06,"一般社団法人ヴォイスコーチング協会",,399,"福岡県","うきは市","吉井町福永２９１番地１",,40,225,8391305,,,,,,,2026-10-06,1,,,,,"ヴォイスコーチングキョウカイ",0
1198,4320001021942,01,0,2026-10-06,2026-10-06,"株式会社山村商会",,301,"大分県","大分市","豊饒２丁目２番９４号",,44,201,8700855,,,,,,,2026-10-06,1,,,,,"ヤマムラショウカイ",0
1199,4320001021950,01,0,2026-10-06,2026-10-06,"株式会社ＶＥＲＩＴＡＳ",,301,"大分県","別府市","駅前本町９－７コモールカフェ別府１１９",,44,202,8740934,,,,,,,2026-10-06,1,,,,,"ベリタス",0
1200,4320002017832,01,1,2026-10-06,2015-10-05,"有限会社唐橋商店",,302,"大分県","竹田市","大字竹田１８９９番地７",,44,208,8780013,,,,,,,2015-10-05,1,,,,,"カラハシショウテン",0
1201,4320005008085,11,0,2026-10-06,2026-09-29,"特定非営利活動法人三保の杜",,399,"大分県","中津市","大字伊藤田１１３４番地",,44,203,8790111,,,,,,,2015-10-05,1,,,,,"ミホノモリ",0
1202,4330001007619,21,0,2026-10-06,2026-09-30,"株式会社レクラン",,301,"熊本県","熊本市中央区","大江３丁目１０番２４号",,43,101,8620971,,,2026-09-30,01,,,2015-10-05,1,,,,,"レクラン",0
1203,4330001034687,01,0,2026-10-06,2026-10-06,"株式会社ＹＵＴＡＫＡ工業",,301,"熊本県","玉名郡和水町","瀬川字六田３０２番地１",,43,369,8650135,,,,,,,2026-10-06,1,,,,,"ユタカコウギョウ",0
1204,4330001034712,01,0,2026-10-06,2026-10-06,"株式会社アースリンク",,301,"熊本県","熊本市北区","植木町富応９３４番地１",,43,105,8610162,,,,,,,2026-10-06,1,,,,,"アースリンク",0
1205,4330003011775,01,0,2026-10-06,2026-10-06,"合同会社Ａｒｕ",,305,"熊本県","玉名市","中１４９３番地６",,43,206,8650064,,,,,,,2026-10-06,1,,,,,"アル",0
1206,4330005011121,01,0,2026-10-06,2026-10-06,"一般社団法人るあな",,399,"熊本県","菊池市","隈府４３４番地",,43,210,8611331,,,,,,,2026-10-06,1,,,,,"ルアナ",0
1207,4340001010621,01,1,2026-10-06,2015-10-05,"株式会社タイセイ観光",,301,"鹿児島県","奄美市","名瀬長浜町２１番１１号",,46,222,8940036,,,,,,,2015-10-05,1,,,,,"タイセイカンコウ",0
1208,4340002007352,01,1,2026-10-06,2015-10-05,"有限会社西康",,302,"鹿児島県","鹿児島市","下荒田３丁目１３番７号",,46,201,8900056,,,,,,,2015-10-05,1,,,,,"サイコウ",0
1209,4340002023837,12,0,2026-10-06,2026-10-01,"有限会社ＹａｍａｓｕＣｏｎｎｅｃｔＬｉｎｅ",,302,"鹿児島県","鹿児島市","松原町１４番２５号大問口ビル３０２号",,46,201,8920833,,,,,,,2015-10-05,1,,,,,"ヤマスコネクトライン",0
1210,4350002013770,11,0,2026-10-06,2026-10-01,"有限会社今元建装",,302,"宮崎県","都城市","一万城町６９号１０番地",,45,202,8850041,,,,,,,2015-10-05,1,,,,,"イマモトケンソウ",0
1211,4350003005305,01,0,2026-10-06,2026-10-06,"ｊｙｕｎｉｔｓｕｋｉ合同会社",,305,"宮崎県","日向市","大字細島１３２番地１",,45,206,8830001,,,,,,,2026-10-06,1,,,,,"ジュニツキ",0
1212,4360001011031,12,0,2026-10-06,2026-09-08,"株式会社ビッグジェイ",,301,"沖縄県","那覇市","真嘉比３丁目１９番２５号",,47,201,9020068,,,,,,,2015-10-05,1,,,,,"ビッグジェイ",0
1213,4360001020924,01,1,2026-10-06,2016-06-08,"株式会社クリサンセマムジャパン",,301,"沖縄県","那覇市","山下町１８番２６号２階",,47,201,9000027,,,,,,,2016-06-08,0,,,,,"クリサンセマムジャパン",0
1214,4360001020924,12,1,2026-10-06,2023-10-19,"株式会社クリサンセマムジャパン",,301,"沖縄県","那覇市","辻２丁目２１番１４号３階",00132492,47,201,9000037,,,,,,,2016-06-08,1,,,,,"クリサンセマムジャパン",0
1215,4370001022515,01,1,2026-10-06,2015-10-05,"株式会社ウッド・ラボ",,301,"宮城県","黒川郡富谷町","富谷字平沢１１３",,04,423,9813311,,,,,,,2015-10-05,0,,,,,"ウッドラボ",0
1216,4370001022515,12,1,2026-10-06,2016-10-13,"株式会社ウッド・ラボ",,301,"宮城県","富谷市","富谷平沢１１３",,04,216,9813311,,,,,,,2015-10-05,1,,,,,"ウッドラボ",0
1217,4370001054302,01,0,2026-10-06,2026-10-06,"ブルーエレクト株式会社",,301,"宮城県","仙台市青葉区","中央２丁目１１－１９仙南ビル４階－Ａ",,04,101,9800021,,,,,,,2026-10-06,1,,,,,"ブルーエレクト",0
1218,4370001054310,01,0,2026-10-06,2026-10-06,"ＴＮＨホールディングス株式会社",,301,"宮城県","仙台市若林区","卸町１丁目６番地１５卸町セントラルビル２階",,04,103,9840015,,,,,,,2026-10-06,1,,,,,"ティーエヌエイチホールディングス",0
1219,4380001034781,12,0,2026-10-06,2026-10-01,"株式会社会津光輝",,301,"福島県","会津若松市","飯寺北３丁目１０番６３号タウンハウスハセガワＢ",,07,202,9650848,,,,,,,2024-09-11,1,,,,,"アイヅコウキ",0
1220,4380001036340,01,0,2026-10-06,2026-10-06,"株式会社スターライト",,301,"福島県","西白河郡西郷村","大字米字的石前１０番地２",,07,461,9618031,,,,,,,2026-10-06,1,,,,,"スターライト",0
1221,4380002027058,01,1,2026-10-06,2015-10-05,"有限会社ウッドテック",,302,"福島県","いわき市","東田町１丁目６番地４",,07,204,9748212,,,,,,,2015-10-05,1,,,,,"ウッドテック",0
1222,4380002027636,01,1,2026-10-06,2015-10-05,"有限会社ＹＫエステート",,302,"福島県","いわき市","常磐湯本町山ノ神２２番地の１",,07,204,9728321,,,,,,,2015-10-05,1,,,,,"ワイケイエステート",0
1223,4410003000423,01,1,2026-10-06,2015-10-05,"合資会社廣島製綿工場",,304,"秋田県","秋田市","川元むつみ町６番１４号",,05,201,0100934,,,,,,,2015-10-05,1,,,,,"ヒロシマセイメンコウジョウ",0
1224,4420002006049,21,0,2026-10-06,2026-10-01,"有限会社相内電機工業所",,302,"青森県","八戸市","江陽４丁目８番２４号",,02,203,0310801,,,2026-10-01,01,,,2015-10-05,1,,,,,"アイナイデンキコウギョウショ",0
1225,4430001012609,01,1,2026-10-06,2015-10-05,"日研コンピュータ株式会社",,301,"北海道","石狩市","花川南六条３丁目７９番地",,01,235,0613206,,,,,,,2015-10-05,1,,,,,"ニッケンコンピュータ",0
1226,4430001050352,12,0,2026-10-06,2026-10-01,"株式会社フジ本芳川商会",,301,"北海道","小樽市","見晴町８番５号",,01,203,0470263,,,,,,,2015-10-05,1,,,,,"フジモトヨシカワショウカイ",0
1227,4430001097781,01,0,2026-10-06,2026-10-06,"株式会社ＨｏｌｉｎｋＢａｓｅ",,301,"北海道","札幌市豊平区","西岡三条１１丁目６番１号",,01,105,0620033,,,,,,,2026-10-06,1,,,,,"ホリンクベース",0
1228,4430002036813,12,0,2026-10-06,2026-10-01,"有限会社プラン・プロデュース",,302,"北海道","札幌市中央区","大通東２丁目３番地",,01,101,0600041,,,,,,,2015-10-05,1,,,,,"プランプロデュース",0
1229,4430002050871,01,1,2026-10-06,2015-10-05,"有限会社藤井農園",,302,"北海道","美唄市","字峰延１０１１番地",,01,215,0720000,,,,,,,2015-10-05,1,,,,,"フジイノウエン",0
1230,4430003000685,01,1,2026-10-06,2015-10-05,"合資会社上げ潮企画",,304,"北海道","札幌市南区","真駒内緑町３丁目４番１号",,01,106,0050013,,,,,,,2015-10-05,0,,,,,"アゲシオキカク",0
1231,4430003000685,12,1,2026-10-06,2026-10-01,"合資会社上げ潮企画",,304,"北海道","虻田郡倶知安町","字比羅夫５９４－１８",,01,400,0440077,,,,,,,2015-10-05,1,,,,,"アゲシオキカク",0
1232,4450001015072,01,0,2026-10-06,2026-10-06,"株式会社ＬＡＴＥＳ",,301,"北海道","稚内市","大字抜海村字ユーチ原野４４３番地６",,01,214,0970000,,,,,,,2026-10-06,1,,,,,"ラテ",0
1233,4450005000665,01,1,2026-10-06,2015-10-05,"第一・５条ビルマンション管理組合法人",,399,"北海道","旭川市","五条通６丁目右４号５９．５８．６４．第一．５条ビルマンション内",,01,204,0700035,,,,,,,2015-10-05,1,,,,,"ダイイチゴジョウビルマンション",0
1234,4470001021317,12,0,2026-10-06,2026-10-02,"株式会社トビアンツ",,301,"香川県","高松市","春日町１６１９番地３",,37,201,7610101,,,,,,,2026-07-07,1,,,,,"トビアンツ",0
1235,4470001021449,01,0,2026-10-06,2026-10-06,"株式会社廣田建設",,301,"香川県","高松市","元山町２８３番地２０",,37,201,7610311,,,,,,,2026-10-06,1,,,,,"ヒロタケンセツ",0
1236,4480001012884,12,0,2026-10-06,2026-10-02,"株式会社ＰＩＮＰＯＮ",,301,"東京都","中野区","中央５丁目３９番３号エス・フラッツ１０３",,13,114,1640011,,,,,,,2025-07-11,1,,,,,"ピンポン",0
1237,4490001010895,12,0,2026-10-06,2026-10-02,"株式会社ＫＩｔＴＡ",,301,"高知県","高知市","みづき２丁目１００２番地",,39,201,7800976,,,,,,,2024-10-28,1,,,,,"キタ",0
1238,4490001011448,01,0,2026-10-06,2026-10-06,"株式会社プラススタイル",,301,"高知県","高知市","桟橋通４丁目１６番４２号パインリーフ２Ｆ－１",,39,201,7818010,,,,,,,2026-10-06,1,,,,,"プラススタイル",0
1239,4500001027161,01,0,2026-10-06,2026-10-06,"株式会社ＭＡＵＲＯＡ",,301,"愛媛県","四国中央市","三島金子１丁目５番１０号",,38,213,7990421,,,,,,,2026-10-06,1,,,,,"マウロア",0
1240,5010001254688,12,0,2026-10-06,2026-10-02,"株式会社ＢｉｚＦｌｏｗ",,301,"東京都","台東区","柳橋１丁目６番１号アークポイントビル４階",,13,106,1110052,,,,,,,2025-05-08,1,,,,,"ビズフロウ",0
1241,5010001261420,01,1,2026-10-06,2025-12-22,"ＤＩＴＥＮＳＩＶＥ株式会社",,301,"東京都","千代田区","神田佐久間町２丁目１８番地１秋葉原ＳＴＮフロント１０階",,13,101,1010025,,,,,,,2025-12-22,1,"DITENSIVE, Inc.","Tokyo","10F Akihabara STN Front, 2-18-1, Kanda Sakumacho, Chiyoda ku",,"ディテンシブ",0
1242,5010001269273,01,0,2026-10-06,2026-10-06,"日本果実彫刻株式会社",,301,"東京都","中央区","銀座８丁目１５番１１－１４０１号",,13,102,1040061,,,,,,,2026-10-06,1,,,,,"ニホンカジツチョウコク",0
1243,5010001269281,01,0,2026-10-06,2026-10-06,"株式会社地域ＡＩ支援センター",,301,"東京都","中央区","日本橋人形町２丁目１番９号日本橋Ｔビル４０１号",,13,102,1030013,,,,,,,2026-10-06,1,,,,,"チイキエーアイセンター",0
1244,5010001269307,01,0,2026-10-06,2026-10-06,"株式会社ラストラムホールディングス",,301,"東京都","千代田区","富士見２丁目４番６号",,13,101,1020071,,,,,,,2026-10-06,1,,,,,"ラストラムホールディングス",0
1245,5010003047363,12,0,2026-10-06,2026-10-01,"合同会社ＫＩ",,305,"東京都","世田谷区","瀬田３丁目１５番１６号パル大塚１０２",,13,112,1580095,,,,,,,2025-05-20,1,,,,,"ケーアイ",0
1246,5010003052710,01,0,2026-10-06,2026-10-06,"ユニソナ合同会社",,305,"東京都","千代田区","神田和泉町１番地６―１６ヤマトビル４０５",,13,101,1010024,,,,,,,2026-10-06,1,,,,,"ユニソナ",0
1247,5010003052801,01,0,2026-10-06,2026-10-06,"合同会社ＳＵＤＯＰＯＲＴ",,305,"東京都","千代田区","神田富山町７－１Ｆ～８Ｆ",,13,101,1010043,,,,,,,2026-10-06,1,,,,,"スドーポート",0
1248,5010003052891,01,0,2026-10-06,2026-10-06,"ＥＬＩＴＥ　ＤＥＶＥＬＯＰＭＥＮＴ　ＪＡＰＡＮ合同会社",,305,"東京都","中央区","月島４丁目２０番１－３０５号",,13,102,1040052,,,,,,,2026-10-06,1,,,,,"エリートディベロップメントジャパン",0
1249,5010005024823,21,0,2026-10-06,2026-09-04,"ＲＷ名古屋加福町１一般社団法人",,399,"東京都","中央区","日本橋１丁目４番１号日本橋一丁目ビルディング",,13,102,1030027,,,2026-09-04,01,,,2016-01-07,1,,,,,"アールダブリューナゴヤカフクチョウイチ",0
1250,5010005031992,11,0,2026-10-06,2026-10-01,"ＨＬＢ　ＥＳネクスト有限責任監査法人",,399,"東京都","千代田区","大手町２丁目１番１号大成大手町ビル９階",,13,101,1000004,,,,,,,2020-07-08,1,,,,,"エイチエルビーイーエスネクスト",0
1251,5010005034995,12,0,2026-10-06,2026-09-01,"一般社団法人ＩＩＳ支援センター",,399,"東京都","中央区","日本橋室町１丁目１１番１２号日本橋水野ビル７階",,13,102,1030022,,,,,,,2022-05-12,1,,,,,"アイアイエスシエンセンター",0
1252,5010005039623,12,0,2026-10-06,2026-09-01,"ＤＣ５一般社団法人",,399,"東京都","中央区","新富１丁目１８番８号ジパングアウトソーシングサービス株式会社内",,13,102,1040041,,,,,,,2025-02-26,1,,,,,"ディーシーファイブ",0
1253,5010401074190,12,0,2026-10-06,2026-10-02,"株式会社テクノアズー",,301,"東京都","世田谷区","北沢２丁目７番１４号",,13,112,1550031,,,,,,,2015-10-05,1,,,,,"テクノアズー",0
1254,5010401172663,12,0,2026-10-06,2026-10-02,"株式会社ＢＬＡＣＫ　ＢＡＲ",,301,"東京都","渋谷区","千駄ヶ谷４丁目６番８号１５０８",,13,113,1510051,,,,,,,2023-02-21,1,,,,,"ブラックバー",0
1255,5010401175682,12,0,2026-10-06,2026-09-29,"ケッセル株式会社",,301,"千葉県","鎌ケ谷市","南鎌ケ谷１丁目８番２７－２０１号",,12,224,2730106,,,,,,,2023-07-11,1,,,,,"ケッセル",0
1256,5010402000807,11,0,2026-10-06,2026-09-04,"株式会社アサヒシステム",,301,"東京都","港区","高輪４丁目１１番３２号",,13,103,1080074,,,,,,,2015-10-05,1,,,,,"アサヒシステム",0
1257,5010403039027,11,0,2026-10-06,2026-10-01,"ＬＳ‐ＣＭＰ第３号合同会社",,305,"東京都","港区","六本木１丁目６番１号",,13,103,1060032,,,,,,,2026-09-07,1,,,,,"エルエスシーエムピーダイサンゴウ",0
1258,5010405021123,21,0,2026-10-06,2026-09-04,"松江ソーラープラント一般社団法人",,399,"東京都","港区","虎ノ門２丁目６番１号",,13,103,1050001,,,2026-09-04,01,,,2022-06-17,1,,,,,"マツエソーラープラント",0
1259,5010405021148,21,0,2026-10-06,2026-09-04,"特定目的会社三河ロジデベロップメント",,399,"東京都","港区","虎ノ門２丁目６番１号虎ノ門ヒルズステーションタワー",,13,103,1050001,,,2026-09-04,01,,,2022-06-28,1,,,,,"ミカワロジデベロップメント",0
1260,5010501002712,01,1,2026-10-06,2015-10-05,"株式会社カタヤマ",,301,"東京都","台東区","三筋２丁目２０番４号",,13,106,1110055,,,,,,,2015-10-05,1,,,,,"カタヤマ",0
1261,5010501002927,01,1,2026-10-06,2015-10-05,"株式会社桂山",,301,"東京都","台東区","東上野５丁目１番８号",,13,106,1100015,,,,,,,2015-10-05,1,,,,,"カツラヤマ",0
1262,5010501047410,12,0,2026-10-06,2026-10-02,"株式会社プランナー",,301,"埼玉県","越谷市","南越谷４丁目８－８かさぷらた６０２号室",,11,222,3430845,,,,,,,2021-06-07,1,,,,,"プランナー",0
1263,5010501056527,01,0,2026-10-06,2026-10-06,"株式会社平和",,301,"東京都","台東区","東上野１丁目１６番１号",,13,106,1100015,,,,,,,2026-10-06,1,,,,,"ヘイワ",0
1264,5010502004360,21,0,2026-10-06,2026-09-30,"有限会社桜井商店",,302,"東京都","台東区","三ノ輪１丁目６番９号",,13,106,1100011,,,2026-09-30,01,,,2015-10-05,1,,,,,"サクライショウテン",0
1265,5010601058737,12,0,2026-10-06,2026-10-02,"創佳テクノロジー株式会社",,301,"東京都","墨田区","錦糸２丁目４番６号ＡＬビル６階６０５",,13,107,1300013,,,,,,,2021-02-01,1,,,,,"ソウカテクノロジー",0
1266,5010601069866,01,0,2026-10-06,2026-10-06,"ＫＭＣ株式会社",,301,"東京都","墨田区","亀沢４丁目２５番２－５０６号",,13,107,1300014,,,,,,,2026-10-06,1,,,,,"ケーエムシー",0
1267,5010601069874,01,0,2026-10-06,2026-10-06,"株式会社ｐｍの森",,301,"東京都","江東区","豊洲１丁目２番３９－１７０７号",,13,108,1350061,,,,,,,2026-10-06,1,,,,,"ピーエムノモリ",0
1268,5010601069916,01,0,2026-10-06,2026-10-06,"ＫＥＲＵ　ＴＲＡＮＳＰＯＲＴ株式会社",,301,"東京都","墨田区","錦糸４丁目１０－４パークアクシス１２０１",,13,107,1300013,,,,,,,2026-10-06,1,,,,,"ケルートランスポート",0
1269,5010601069924,01,0,2026-10-06,2026-10-06,"株式会社Ｚｅａｌ　Ｂｏｏｎ",,301,"東京都","墨田区","吾妻橋２丁目８番３号－１階",,13,107,1300001,,,,,,,2026-10-06,1,,,,,"ジールブーン",0
1270,5010701020299,12,0,2026-10-06,2026-10-02,"萬國貿易株式会社",,301,"東京都","品川区","上大崎３丁目１番２－２１０５号",,13,109,1410021,,,,,,,2015-10-05,1,,,,,"バンコクボウエキ",0
1271,5010701050214,01,0,2026-10-06,2026-10-06,"株式会社ＵＭＩＫＡＺＥ　ＣＲＡＦＴ",,301,"東京都","品川区","上大崎３丁目１４番３４号プラスワン４０２",,13,109,1410021,,,,,,,2026-10-06,1,,,,,"ウミカゼクラフト",0
1272,5010801026493,01,1,2026-10-06,2016-02-26,"株式会社柏",,301,"東京都","大田区","大森北１丁目３１番２号",,13,111,1430016,,,,,,,2016-02-26,0,,,,,"カシワ",0
1273,5010801026493,12,1,2026-10-06,2016-04-06,"株式会社柏",,301,"東京都","大田区","大森北１丁目２９番１号",,13,111,1430016,,,,,,,2016-02-26,1,,,,,"カシワ",0
1274,5010801035809,21,0,2026-10-06,2026-09-28,"道農株式会社",,301,"東京都","大田区","東海３丁目７番３号東海ビル３０２室",,13,111,1430001,,,2026-09-28,01,,,2025-02-07,1,,,,,"ドウノウ",0
1275,5010801037788,01,0,2026-10-06,2026-10-06,"株式会社アルシペル",,301,"東京都","大田区","南久が原２丁目１０番２１号２階",,13,111,1460084,,,,,,,2026-10-06,1,,,,,"アルシペル",0
1276,5010901010463,12,0,2026-10-06,2026-10-01,"株式会社フオレスト",,301,"山梨県","南都留郡忍野村","忍草１０００番地８２",,19,424,4010511,,,,,,,2015-10-05,1,,,,,"フオレスト",0
1277,5010903006889,11,0,2026-10-06,2026-10-02,"ＮｏｂｌｅＣａｍｐｓ合同会社",,305,"東京都","世田谷区","松原３丁目５番１２号",,13,112,1560043,,,,,,,2021-10-28,1,,,,,"ノーブルキャンプス",0
1278,5011001024726,01,1,2026-10-06,2015-10-05,"株式会社和土",,301,"東京都","渋谷区","神宮前６丁目２５番８号",,13,113,1500001,,,,,,,2015-10-05,0,,,,,"ワド",0
1279,5011001024726,12,0,2026-10-06,2026-10-02,"株式会社和土",,301,"東京都","世田谷区","桜丘２丁目７番２１号メゾン経堂ウエスト３０１",,13,112,1560054,,,,,,,2015-10-05,1,,,,,"ワド",0
1280,5011001044674,12,0,2026-10-06,2026-08-24,"株式会社グローバルマネジメント",,301,"東京都","渋谷区","神南１丁目１１番４号ＦＰＧリンクス神南５階",,13,113,1500041,,,,,,,2015-10-05,1,,,,,,0
1281,5011001059004,12,0,2026-10-06,2026-10-02,"イタヤ・インターナショナル株式会社",,301,"東京都","渋谷区","大山町２５番１２－４０９号パークコート渋谷大山町ザプラネ悠邸",,13,113,1510065,,,,,,,2015-10-05,1,,,,,"イタヤインターナショナル",0
1282,5011001063534,01,1,2026-10-06,2015-10-05,"リアライズワークス株式会社",,301,"東京都","渋谷区","神宮前４丁目８番１２号",,13,113,1500001,,,,,,,2015-10-05,0,,,,,"リアライズワークス",0
1283,5011001063534,12,0,2026-10-06,2026-10-01,"リアライズワークス株式会社",,301,"東京都","港区","海岸３丁目６番３２－１３０１号",,13,103,1080022,,,,,,,2015-10-05,1,,,,,"リアライズワークス",0
1284,5011001147923,12,0,2026-10-06,2026-09-25,"株式会社ＳＴＡＲＬＩＧＨＴ",,301,"東京都","渋谷区","代々木１丁目２番８号ドルチェ代々木４０７",,13,113,1510053,,,,,,,2022-06-06,1,,,,,"スターライト",0
1285,5011001163739,12,0,2026-10-06,2026-09-25,"株式会社サンデイモーニング",,301,"東京都","渋谷区","恵比寿西１丁目３０－１０－３０８号",,13,113,1500021,,,,,,,2024-07-31,1,,,,,"サンデイモーニング",0
1286,5011001171881,12,0,2026-10-06,2026-09-25,"ａｎｄＹＯＵ出版株式会社",,301,"東京都","渋谷区","恵比寿４丁目２４－５恵比寿パークテラス２Ｆ",,13,113,1500013,,,,,,,2025-09-09,1,,,,,"アンドユーシュッパン",0
1287,5011001172582,21,0,2026-10-06,2026-10-02,"株式会社ＤＷＨＤ",,301,"東京都","渋谷区","本町４丁目４３番１号高野ビル２０３",,13,113,1510071,,,2026-10-02,11,9010401143363,"令和８年９月１日東京都港区芝五丁目３６番４号札の辻スクエア９階株式会社データワイズ（9010401143363）に合併し解散",2025-10-08,1,,,,,"ディーダブリューエッチディー",0
1288,5011001174901,12,0,2026-10-06,2026-09-08,"株式会社ＷｏｎｄｅｒＳｈｅｎ",,301,"東京都","目黒区","下目黒１丁目１番１４号コノトラビル７階",,13,110,1530064,,,,,,,2026-01-19,1,,,,,"ワンダシェン",0
1289,5011003004800,21,0,2026-10-06,2026-09-10,"リスク理学研究所合同会社",,305,"東京都","国立市","東１丁目２０番地の３５国立イーストハイツ２０３",,13,215,1860002,,,2026-09-10,01,,,2015-10-05,1,,,,,"リスクリガクケンキュウジョ",0
1290,5011003022298,12,0,2026-10-06,2026-09-30,"株式会社Ｆａｎｄｒａ",,301,"東京都","豊島区","西池袋１丁目２９－１４オリエント池袋９０５号室",,13,116,1710021,,,,,,,2025-09-02,1,,,,,"ファンドラ",0
1291,5011003025409,01,0,2026-10-06,2026-10-06,"合同会社アユミード",,305,"東京都","渋谷区","道玄坂１丁目１０番８号渋谷道玄坂東急ビル２Ｆ‐Ｃ",,13,113,1500043,,,,,,,2026-10-06,1,,,,,"アユミード",0
1292,5011003025425,01,0,2026-10-06,2026-10-06,"合同会社ｅプラン",,305,"東京都","渋谷区","笹塚１丁目３１番２号",,13,113,1510073,,,,,,,2026-10-06,1,,,,,"イープラン",0
1293,5011101007077,01,1,2026-10-06,2015-10-05,"羔製薬株式会社",,301,"東京都","新宿区","西落合１丁目７番７号",,13,104,1610031,,,,,,,2015-10-05,1,,,,,"コヒツジセイヤク",0
1294,5011101007911,21,0,2026-10-06,2026-09-04,"佐藤ビル株式会社",,301,"東京都","港区","虎ノ門１丁目１６番４号",,13,103,1050001,,,2026-09-04,11,7010401080212,"令和８年９月１日東京都港区虎ノ門一丁目１６番４号株式会社東京アセットソリューション（7010401080212）に合併し解散",2015-10-05,1,,,,,"サトウビル",0
1295,5011101069456,12,0,2026-10-06,2026-10-02,"株式会社ＩＭＨ",,301,"東京都","台東区","上野２丁目５番４号",,13,106,1100005,,,,,,,2015-10-05,1,,,,,"アイエムエイチ",0
1296,5011101076683,12,0,2026-10-06,2026-10-01,"株式会社ジョージ・グロリアインターナショナル",,301,"東京都","練馬区","練馬１丁目２０番８号日建練馬ビル２階",,13,120,1760001,,,,,,,2016-04-19,1,,,,,"ジョージグロリアインターナショナル",0
1297,5011101096913,12,0,2026-10-06,2026-10-01,"株式会社Ｇｌｏｂａｌ３ｒｄＰｌａｃｅ",,301,"神奈川県","横浜市中区","不老町１丁目６番１０号苗場ビル２階Ｂ号室内",,14,104,2310032,,,,,,,2021-11-24,1,,,,,"グローバルサードプレイス",0
1298,5011101101623,12,0,2026-10-06,2026-10-02,"株式会社ＷｅＰｕｓｈ",,301,"東京都","台東区","台東３丁目７番３号和合ビル２階",,13,106,1100016,,,,,,,2023-01-26,1,,,,,"ウィープッシュ",0
1299,5011101108602,12,0,2026-10-06,2026-10-01,"株式会社ＮＯＲＯＳＨＩ",,301,"東京都","港区","麻布台１丁目１番２号麻布台ヒルズレジデンスＢ棟Ｓ－Ｏｆｆｉｃｅ４１５",,13,103,1060041,,,,,,,2024-09-02,1,,,,,"ノロシ",0
1300,5011101112810,21,0,2026-10-06,2026-09-29,"東正株式会社",,301,"東京都","江東区","亀戸２丁目４２番６号日神パレステージ亀戸第２－１００３号室",,13,108,1360071,,,2026-09-29,01,,,2025-08-28,1,,,,,"トウセイ",0
1301,5011101114617,12,0,2026-10-06,2026-10-01,"株式会社アルファ",,301,"大阪府","大阪市北区","西天満６丁目７－４大阪弁護士ビル３０７号",,27,127,5300047,,,,,,,2026-02-04,1,,,,,"アルファ",0
1302,5011101117660,01,0,2026-10-06,2026-10-06,"株式会社ＲＣＲ",,301,"東京都","新宿区","西新宿３丁目３番１３号西新宿水間ビル２Ｆ",,13,104,1600023,,,,,,,2026-10-06,1,,,,,"アールシーアール",0
1303,5011101117685,01,0,2026-10-06,2026-10-06,"株式会社ＬＡＳＴ",,301,"東京都","新宿区","新宿２丁目５番１２号",,13,104,1600022,,,,,,,2026-10-06,1,,,,,"ラスト",0
1304,5011103018048,01,0,2026-10-06,2026-10-06,"合同会社ＢｌｏｏｍＮｅｓｔ",,305,"東京都","新宿区","市谷本村町３番２６号ホワイトレジデンス１１階Ｃ室",,13,104,1620845,,,,,,,2026-10-06,1,,,,,"ブルームネスト",0
1305,5011203003800,12,0,2026-10-06,2026-10-02,"合同会社イチコマ",,305,"東京都","新宿区","西新宿５丁目１８番２２号",,13,104,1600023,,,,,,,2022-04-19,1,,,,,"イチコマ",0
1306,5011205002775,01,0,2026-10-06,2026-10-06,"一般社団法人古代ソマチッド普及協会",,399,"東京都","中野区","若宮１丁目４９番１号",,13,114,1650033,,,,,,,2026-10-06,1,,,,,"コダイソマチッドフキュウキョウカイ",0
1307,5011301012397,01,1,2026-10-06,2015-10-05,"株式会社Ａｍａｎｏ　ｅ　Ａｓｓｏｃｉａｔｉ",,301,"東京都","杉並区","下井草１丁目８番９号",,13,115,1670022,,,,,,,2015-10-05,1,,,,,"アマノエアソチャーティ",0
1308,5011301014716,01,1,2026-10-06,2015-10-05,"株式会社コア・パートナーズ",,301,"東京都","杉並区","西荻北３丁目３１番１４号",,13,115,1670042,,,,,,,2015-10-05,1,,,,,"コアパートナーズ",0
1309,5011303002578,01,1,2026-10-06,2016-10-24,"合同会社Ｓｉｄｅ　Ｍｏｕｎｔａｉｎ",,305,"東京都","杉並区","宮前２丁目２－１８メゾン宮前４２２",,13,115,1680081,,,,,,,2016-10-24,1,,,,,"サイドマウンテン",0
1310,5011401023765,21,0,2026-10-06,2026-10-02,"株式会社ネット・テクノ・ラボ",,301,"東京都","板橋区","熊野町３７番２－４０２号",,13,119,1730025,,,2026-10-02,01,,,2021-10-18,1,,,,,"ネットテクノラボ",0
1311,5011402008435,01,1,2026-10-06,2015-10-05,"有限会社丸忠",,302,"東京都","板橋区","赤塚５丁目２３番２５号",00066284,13,119,1750092,,,,,,,2015-10-05,1,,,,,"マルチュウ",0
1312,5011501000103,12,0,2026-10-06,2026-10-02,"株式会社アイワ",,301,"東京都","北区","豊島３丁目１２番１６号",,13,117,1140003,,,,,,,2015-10-05,1,,,,,"アイワ",0
1313,5011502015942,01,1,2026-10-06,2015-10-05,"有限会社ミクニエンジニアリング",,302,"東京都","荒川区","町屋１丁目３８番１６号菱興町屋ビル２Ｆ",,13,118,1160001,,,,,,,2015-10-05,0,,,,,"ミクニエンジニアリング",0
1314,5011502015942,12,0,2026-10-06,2026-10-02,"有限会社ミクニエンジニアリング",,302,"東京都","足立区","保木間４丁目５２番７号",,13,121,1210064,,,,,,,2015-10-05,1,,,,,"ミクニエンジニアリング",0
1315,5011705000725,12,0,2026-10-06,2026-10-01,"医療法人社団昭正会",,399,"東京都","葛飾区","鎌倉３丁目２８番１３号",,13,122,1250053,,,,,,,2015-10-05,1,,,,,"ショウセイカイ",0
1316,5011801031921,01,1,2026-10-06,2016-06-08,"山岡設備株式会社",,301,"東京都","足立区","江北４丁目２８番２２号",,13,121,1230872,,,,,,,2016-06-08,1,,,,,"ヤマオカセツビ",0
1317,5011801048478,01,0,2026-10-06,2026-10-06,"株式会社ＯＳＫ",,301,"東京都","足立区","竹の塚７丁目１８番２号",,13,121,1210813,,,,,,,2026-10-06,1,,,,,"オーエスケー",0
1318,5011803005675,11,0,2026-10-06,2026-09-24,"ＳＵＳＥＮ合同会社",,305,"東京都","足立区","綾瀬５丁目２３番８－２０１号",,13,121,1200005,,,,,,,2023-06-08,1,,,,,"スーセン",0
1319,5011803006343,12,0,2026-10-06,2026-10-02,"合同会社シルシャ",,305,"東京都","台東区","竜泉１丁目３４番地５号山本ビル２階",,13,106,1100012,,,,,,,2024-07-16,1,,,,,"シルシャ",0
1320,5011803007036,21,0,2026-10-06,2026-09-29,"ＰＲＡＭＩＳＨＡ合同会社",,305,"東京都","葛飾区","西新小岩４丁目２５番２３号エルマンション１Ｂ－３０２",,13,122,1240025,,,2026-09-29,01,,,2025-08-21,1,,,,,"プラミシャ",0
1321,5012301012189,12,0,2026-10-06,2026-10-01,"彦熙株式会社",,301,"神奈川県","川崎市麻生区","栗木３丁目３番１０号２０２室",,14,137,2150033,,,,,,,2020-07-16,1,,,,,"ゲンキ",0
1322,5012401044974,01,0,2026-10-06,2026-10-06,"ＩＶｉｖｉｄｅＲ　Ｃｏｎｓｕｌｔｉｎｇ株式会社",,301,"東京都","府中市","天神町１丁目１２番地の６号プラウド府中天神町ブライトレジデンス２１０",,13,206,1830053,,,,,,,2026-10-06,1,,,,,"アイヴィヴィダーコンサルティング",0
1323,5012701000223,12,0,2026-10-06,2026-09-28,"株式会社北村製作所",,301,"茨城県","鉾田市","汲上４１４１番地１１",,08,234,3112103,,,,,,,2015-10-05,1,,,,,"キタムラセイサクショ",0
1324,5012701008200,01,1,2026-10-06,2015-10-05,"株式会社美山",,301,"東京都","東村山市","青葉町２丁目１２番１１４号",,13,213,1890002,,,,,,,2015-10-05,1,,,,,"ミヤマ",0
1325,5012801024997,01,0,2026-10-06,2026-10-06,"株式会社アンカー",,301,"東京都","日野市","百草１２６８－１８",,13,212,1910033,,,,,,,2026-10-06,1,,,,,"アンカー",0
1326,5012803004213,01,0,2026-10-06,2026-10-06,"合同会社資産運用研究所",,305,"東京都","国分寺市","東恋ヶ窪１丁目２８０番地４ザ・パークハウス国分寺四季の森Ｉ－５６０",,13,214,1850014,,,,,,,2026-10-06,1,,,,,"シサンウンヨウケンキュウジョ",0
1327,5013101009409,12,0,2026-10-06,2026-10-02,"株式会社ホームワン",,301,"東京都","羽村市","小作台１丁目１２番３号アベリアコンフェッティ１号室",,13,227,2050001,,,,,,,2024-05-15,1,,,,,"ホームワン",0
1328,5013101010093,12,0,2026-10-06,2026-10-02,"株式会社ＡＣＲＡＦＴ",,301,"埼玉県","川口市","芝新町１３番８",,11,203,3330851,,,,,,,2026-08-28,1,,,,,"アクラフト",0
1329,5013301056845,01,0,2026-10-06,2026-10-06,"ＯＮ‐ＦＲＯＮＴＩＥＲ株式会社",,301,"東京都","豊島区","北大塚３丁目１３番１０号",,13,116,1700004,,,,,,,2026-10-06,1,,,,,"オンフロンティア",0
1330,5013301056853,01,0,2026-10-06,2026-10-06,"株式会社Ｎｕｔｓ",,301,"東京都","豊島区","東池袋２丁目６２番８号ＢＩＧオフィスプラザ池袋１２０６",,13,116,1700013,,,,,,,2026-10-06,1,,,,,"ナッツ",0
1331,5020001002294,12,0,2026-10-06,2026-10-01,"日本マイクロ株式会社",,301,"東京都","板橋区","赤塚４丁目３９番２５号ルピナスＪＢ１",,13,119,1750092,,,,,,,2015-10-05,1,,,,,"ニホンマイクロ",0
1332,5020001098044,01,1,2026-10-06,2015-10-05,"株式会社Ｇ・フォレスト",,301,"神奈川県","川崎市宮前区","小台２丁目２５番地７",,14,136,2160007,,,,,,,2015-10-05,1,,,,,"ジーフォレスト",0
1333,5020001160398,12,0,2026-10-06,2026-09-18,"株式会社ｎｉｃｏ　ｔｒｅｅ",,301,"神奈川県","横浜市瀬谷区","上瀬谷町２５番地３アクロＩ１０１",00145163,14,114,2460006,,,,,,,2024-12-02,1,,,,,"ニコツリー",0
1334,5020001170505,01,0,2026-10-06,2026-10-06,"株式会社ダイリン工業",,301,"神奈川県","横浜市南区","吉野町３丁目１０番地シャンテ吉野町４０７号",,14,105,2320014,,,,,,,2026-10-06,1,,,,,"ダイリンコウギョウ",0
1335,5020001170595,01,0,2026-10-06,2026-10-06,"Ａｍａｎｅｖｉａ株式会社",,301,"神奈川県","横浜市保土ケ谷区","法泉３丁目１７番６－４号",,14,106,2400032,,,,,,,2026-10-06,1,,,,,"アマネビア",0
1336,5020001170620,01,0,2026-10-06,2026-10-06,"株式会社ＣＡＩＮＤＮＯＴＥ",,301,"神奈川県","横浜市中区","元町４丁目１６８番地",,14,104,2310861,,,,,,,2026-10-06,1,,,,,"カインドノート",0
1337,5020001170637,01,0,2026-10-06,2026-10-06,"株式会社リブラＫＭコンサルティング",,301,"神奈川県","横浜市青葉区","奈良４丁目１番地１ルクサージュあおば山の手台Ｂ棟－９０３号室",,14,117,2270038,,,,,,,2026-10-06,1,,,,,"リブラケイエムコンサルティング",0
1338,5020002029873,01,1,2026-10-06,2015-10-05,"有限会社好々亭",,302,"神奈川県","横浜市南区","井土ケ谷中町１６１番地",,14,105,2320052,,,,,,,2015-10-05,1,,,,,"コウコウテイ",0
1339,5020002048865,21,0,2026-10-06,2026-09-15,"有限会社北斗電気工事",,302,"神奈川県","横浜市神奈川区","菅田町１５３５番地の４",,14,102,2210864,,,2026-09-15,01,,,2015-10-05,1,,,,,"ホクトデンキコウジ",0
1340,5020003009998,21,0,2026-10-06,2026-09-14,"マスターピース合同会社",,305,"神奈川県","川崎市中原区","新丸子東３丁目１１１１番地１レジデンス・ザ・武蔵小杉８１２",,14,133,2110004,,,2026-09-14,01,,,2015-10-05,1,,,,,"マスターピース",0
1341,5020003031886,01,0,2026-10-06,2026-10-06,"ＶＯＤ　ＷＡＶＥ　ＬＡＢ合同会社",,305,"神奈川県","川崎市幸区","鹿島田２丁目６－３１",,14,132,2120058,,,,,,,2026-10-06,1,,,,,"ブイオーディーウェーブラボ",0
1342,5020003031903,01,0,2026-10-06,2026-10-06,"合同会社ジャパンクラフト",,305,"神奈川県","横浜市旭区","川井本町９５番地２",,14,112,2410803,,,,,,,2026-10-06,1,,,,,"ジャパンクラフト",0
1343,5021001049656,01,1,2026-10-06,2015-10-05,"日本商会株式会社",,301,"神奈川県","相模原市中央区","田名１０４４９番地１",,14,152,2520244,,,,,,,2015-10-05,0,,,,,"ニッポンショウカイ",0
1344,5021001049656,12,1,2026-10-06,2017-08-14,"日本商会株式会社",,301,"神奈川県","愛甲郡愛川町","三増１１４０番１０",,14,401,2430308,,,,,,,2015-10-05,1,,,,,"ニッポンショウカイ",0
1345,5021001086138,12,0,2026-10-06,2026-10-01,"株式会社ＩＨＫ",,301,"神奈川県","川崎市中原区","下小田中６丁目４番１３号ブランシエラ武蔵中原１０１",,14,133,2110041,,,,,,,2025-08-20,1,,,,,"アイエイチケー",0
1346,5021001089322,01,0,2026-10-06,2026-10-06,"株式会社パイオニアプロモーション",,301,"神奈川県","相模原市緑区","下九沢２４３８番地",,14,151,2520134,,,,,,,2026-10-06,1,,,,,"パイオニアプロモーション",0
1347,5030001024057,01,1,2026-10-06,2015-10-05,"株式会社コーワ・テクニカ",,301,"埼玉県","所沢市","大字南永井９８２番地１",,11,208,3590011,,,,,,,2015-10-05,1,,,,,"コーワテクニカ",0
1348,5030001066306,01,1,2026-10-06,2015-10-05,"株式会社ベルウェーブ",,301,"埼玉県","越谷市","大字大里４４１番地３",,11,222,3430031,,,,,,,2015-10-05,1,,,,,"ベルウェーブ",0
1349,5030001095833,01,1,2026-10-06,2015-10-05,"ＢＧサプライ株式会社",,301,"埼玉県","和光市","本町３１番１２－３０９号ＣＩハイツ",,11,229,3510114,,,,,,,2015-10-05,0,,,,,"ビージーサプライ",0
1350,5030001095833,12,1,2026-10-06,2026-09-16,"ＢＧサプライ株式会社",,301,"埼玉県","和光市","本町３１番２－２０３号ＣＩハイツ",,11,229,3510114,,,,,,,2015-10-05,1,,,,,"ビージーサプライ",0
1351,5030001100262,01,1,2026-10-06,2015-10-05,"株式会社ＰＲスタジオ",,301,"埼玉県","所沢市","緑町４丁目７番７号",,11,208,3591111,,,,,,,2015-10-05,1,,,,,"ピーアールスタジオ",0
1352,5030001108867,12,0,2026-10-06,2026-09-15,"株式会社ＣＲＭ",,301,"埼玉県","蓮田市","西新宿６丁目１０１番１－Ｃ－２",,11,238,3490141,,,,,,,2015-10-05,1,,,,,"シーアールエム",0
1353,5030001174422,01,0,2026-10-06,2026-10-06,"グレイステラＨＤ株式会社",,301,"埼玉県","川口市","南鳩ヶ谷７丁目１番１５号",,11,203,3340013,,,,,,,2026-10-06,1,,,,,"グレイステラホールディングス",0
1354,5030002009189,01,1,2026-10-06,2015-10-05,"有限会社天王商事",,302,"埼玉県","さいたま市桜区","田島９丁目２３番１０号",,11,106,3380837,,,,,,,2015-10-05,0,,,,,"テンノウショウジ",0
1355,5030002009189,12,1,2026-10-06,2026-09-16,"有限会社天王商事",,302,"埼玉県","さいたま市桜区","田島９丁目２３番８号",,11,106,3380837,,,,,,,2015-10-05,1,,,,,"テンノウショウジ",0
1356,5030002053245,01,1,2026-10-06,2015-10-05,"有限会社エノモト",,302,"埼玉県","上尾市","中分１丁目２９番地１",,11,219,3620067,,,,,,,2015-10-05,1,,,,,"エノモト",0
1357,5030002095510,21,0,2026-10-06,2026-09-18,"有限会社アートレンタカー",,302,"埼玉県","東松山市","若松町１丁目１６番３３号",,11,212,3550037,,,2026-09-18,01,,,2015-10-05,1,,,,,"アートレンタカー",0
1358,5030003022901,12,0,2026-10-06,2026-09-11,"Ｆ＆Ｔ合同会社",,305,"埼玉県","さいたま市大宮区","下町１丁目８番１号",,11,103,3300844,,,,,,,2023-10-31,1,,,,,"エフアンドティー",0
1359,5040001060984,12,0,2026-10-06,2026-10-02,"知夏秀プロ株式会社",,301,"東京都","渋谷区","道玄坂１丁目１０番８号渋谷道玄坂東急ビル２Ｆ－Ｃ",,13,113,1500043,,,,,,,2015-10-05,1,,,,,"チカシュウプロ",0
1360,5040001100344,01,1,2026-10-06,2017-05-26,"株式会社松野建業",,301,"千葉県","君津市","泉８５３番地１７",,12,225,2991112,,,,,,,2017-05-26,1,,,,,"マツノケンギョウ",0
1361,5040001145463,01,0,2026-10-06,2026-10-06,"株式会社ＦＲＥＡＫＳ",,301,"千葉県","船橋市","東船橋４丁目６番７－１０１号",,12,204,2730002,,,,,,,2026-10-06,1,,,,,"フリークス",0
1362,5040001145471,01,0,2026-10-06,2026-10-06,"株式会社ＭＯＶＥＬＩＦＥ１００",,301,"千葉県","市川市","菅野２丁目１番２６号",,12,203,2720824,,,,,,,2026-10-06,1,,,,,"ムーブライフヒャク",0
1363,5040001145496,01,0,2026-10-06,2026-10-06,"ヒロノ防災株式会社",,301,"千葉県","流山市","南流山７丁目１３番地の８",,12,220,2700163,,,,,,,2026-10-06,1,,,,,"ヒロノボウサイ",0
1364,5040002039342,01,1,2026-10-06,2015-10-05,"有限会社ナインワン",,302,"千葉県","市川市","富浜３丁目１２番１５－３０１号",,12,203,2720115,,,,,,,2015-10-05,1,,,,,"ナインワン",0
1365,5040002095641,01,1,2026-10-06,2015-10-05,"有限会社ライジングサン",,302,"千葉県","柏市","南逆井１丁目５番３０号",,12,217,2770043,,,,,,,2015-10-05,0,,,,,"ライジングサン",0
1366,5040002095641,12,1,2026-10-06,2026-09-09,"有限会社ライジングサン",,302,"千葉県","松戸市","緑ケ丘１丁目５８番地の２",,12,207,2710074,,,,,,,2015-10-05,1,,,,,"ライジングサン",0
1367,5050001041356,01,1,2026-10-06,2016-07-26,"株式会社染谷自動車",,301,"茨城県","かすみがうら市","下稲吉９５９番地２１",,08,230,3150052,,,,,,,2016-07-26,1,,,,,"ソメヤジドウシャ",0
1368,5050001059027,01,0,2026-10-06,2026-10-06,"株式会社ｗｉｔｈ‐ａｗａｉ",,301,"茨城県","水戸市","宮町１丁目２番４号",,08,201,3100015,,,,,,,2026-10-06,1,,,,,"ウィズアワイ",0
1369,5050002043161,01,1,2026-10-06,2015-10-05,"有限会社渋谷石材真壁販売",,302,"茨城県","桜川市","真壁町亀熊７１８番地７",,08,231,3004422,,,,,,,2015-10-05,1,,,,,"シブヤセキザイ",0
1370,5060001028138,12,0,2026-10-06,2026-10-01,"株式会社轟",,301,"栃木県","宇都宮市","駅前通り３丁目３番１号",,09,201,3210964,,,,,,,2016-04-07,1,,,,,"トドロク",0
1371,5060001039655,01,0,2026-10-06,2026-10-06,"株式会社ＫＣＢ",,301,"栃木県","宇都宮市","宝木町２丁目１０５１番地１７",,09,201,3200061,,,,,,,2026-10-06,1,,,,,"ケイシイビイ",0
1372,5080005007821,01,0,2026-10-06,2026-10-06,"社会保険労務士法人エシュロン・アドバイザリー",,399,"静岡県","牧之原市","勝俣１９０４番地２",,22,226,4210414,,,,,,,2026-10-06,1,,,,,"エシュロンアドバイザリー",0
1373,5080101004334,01,1,2026-10-06,2015-10-05,"株式会社ヤマダ",,301,"静岡県","駿東郡小山町","藤曲６５番地の１",,22,344,4101304,,,,,,,2015-10-05,1,,,,,"ヤマダ",0
1374,5080101005398,01,1,2026-10-06,2015-10-05,"エフ・エルジャパン株式会社",,301,"静岡県","三島市","一番町１８番２２号",,22,206,4110036,,,,,,,2015-10-05,0,"FL JAPAN CO.,LTD.","Shizuoka","18-22, Ichiban cyo, Mishima shi",,"エフエルジャパン",0
1375,5080101005398,11,1,2026-10-06,2024-09-02,"株式会社キャメルホールセール",,301,"静岡県","三島市","一番町１８番２２号",,22,206,4110036,,,,,,,2015-10-05,0,"CAMEL WHOLESALE CO.,LTD.","Shizuoka","18-22, Ichiban cyo, Mishima shi",,"キャメルホールセール",0
1376,5080101005398,12,1,2026-10-06,2026-06-05,"株式会社キャメルホールセール",,301,"東京都","渋谷区","笹塚１丁目６４番８号",,13,113,1510073,,,,,,,2015-10-05,1,"CAMEL WHOLESALE CO.,LTD.","Tokyo","1-64-8, Sasazuka, Shibuya-ku",,"キャメルホールセール",0
1377,5080101019282,01,1,2026-10-06,2016-08-08,"株式会社ａｎｄｇｒｅｅｎ",,301,"静岡県","富士市","北松野１４２番地の６２",,22,210,4213301,,,,,,,2016-08-08,1,,,,,"アンドグリーン",0
1378,5080101026543,01,0,2026-10-06,2026-10-06,"株式会社つなやカンパニー",,301,"静岡県","駿東郡小山町","一色５８６番地の１",,22,344,4101325,,,,,,,2026-10-06,1,,,,,"ツナヤカンパニー",0
1379,5080102004655,21,0,2026-10-06,2026-09-28,"有限会社南歩",,302,"静岡県","沼津市","三芳町２番１３号",,22,203,4100038,,,2026-09-28,01,,,2015-10-05,1,,,,,"ナンポ",0
1380,5080103003706,01,0,2026-10-06,2026-10-06,"合同会社Ｋ・２",,305,"静岡県","三島市","谷田６２番地の１０",,22,206,4110801,,,,,,,2026-10-06,1,,,,,"ケーツー",0
1381,5080403005591,01,0,2026-10-06,2026-10-06,"合同会社フロンティア",,305,"静岡県","浜松市中央区","高丘西１丁目３番９号ベルメゾン高丘１０２",,22,138,4338118,,,,,,,2026-10-06,1,,,,,"フロンティア",0
1382,5090001007832,12,0,2026-10-06,2026-10-01,"株式会社アイビーソウケン",,301,"山梨県","甲府市","住吉３丁目２番１３号",,19,201,4000851,,,,,,,2015-10-05,1,,,,,"アイビーソウケン",0
1383,5090001020109,01,0,2026-10-06,2026-10-06,"株式会社多吉堂",,301,"山梨県","甲斐市","團子新居８３２番地１",,19,210,4000102,,,,,,,2026-10-06,1,,,,,"タキチドウ",0
1384,5100001027424,12,0,2026-10-06,2026-10-02,"株式会社中信サービス",,301,"長野県","松本市","波田４９５番地",,20,202,3901401,,,,,,,2015-10-05,1,,,,,"チュウシンサービス",0
1385,5100001040055,01,0,2026-10-06,2026-10-06,"株式会社カルネヤ",,301,"長野県","佐久市","佐久平駅北２７－６－１Ｆ",,20,217,3850027,,,,,,,2026-10-06,1,,,,,"カルネヤ",0
1386,5100002030716,01,1,2026-10-06,2015-10-05,"有限会社牛山板金",,302,"長野県","諏訪郡原村","４４２番地イ号１",,20,363,3910100,,,,,,,2015-10-05,1,,,,,"ウシヤマバンキン",0
1387,5110001036498,12,0,2026-10-06,2026-10-02,"倉盛不動産株式会社",,301,"新潟県","新潟市中央区","東大通１丁目１－１ＭＡＲＣＡ１－３０２号室",,15,103,9500087,,,,,,,2022-03-11,1,,,,,"クラモリフドウサン",0
1388,5110002013174,21,0,2026-10-06,2026-09-25,"とやの第二株式会社",,301,"新潟県","新潟市中央区","上所１丁目１番２４号Ｎビル４階とやの総合法律事務所内",,15,103,9500994,,,2026-09-25,01,,,2015-10-05,1,,,,,"トヤノダイニ",0
1389,5120001014544,01,1,2026-10-06,2015-10-05,"株式会社カジノインサツ",,301,"大阪府","大阪市城東区","蒲生４丁目１番１８号",,27,118,5360016,,,,,,,2015-10-05,1,,,,,"カジノインサツ",0
1390,5120001037405,12,0,2026-10-06,2026-09-30,"永和産業株式会社",,301,"大阪府","豊中市","新千里南町１丁目１１番１号",,27,203,5600084,,,,,,,2015-10-05,1,,,,,"エイワサンギョウ",0
1391,5120001258934,21,0,2026-10-06,2026-09-24,"株式会社ライオン",,301,"大阪府","大阪市北区","梅田１丁目２番２号大阪駅前第２ビル２階５－６号室",,27,127,5300001,,,2026-09-24,01,,,2023-10-20,1,,,,,"ライオン",0
1392,5120001289384,01,0,2026-10-06,2026-10-06,"株式会社ｐｉｎａ",,301,"大阪府","大阪市中央区","東心斎橋２丁目１番５号ゴールデン第一プラザビル７階",,27,128,5420083,,,,,,,2026-10-06,1,,,,,"ピナ",0
1393,5120001289442,01,0,2026-10-06,2026-10-06,"株式会社リレイス",,301,"大阪府","枚方市","香里園山之手町４５番１２号",,27,210,5730087,,,,,,,2026-10-06,1,,,,,"リレイス",0
1394,5120001289475,01,0,2026-10-06,2026-10-06,"株式会社文山建築設計事務所",,301,"大阪府","大阪市平野区","流町２丁目１番３８号",,27,126,5470032,,,,,,,2026-10-06,1,,,,,"フミヤマケンチクセッケイ",0
1395,5120001289590,01,0,2026-10-06,2026-10-06,"株式会社プライムバード",,301,"大阪府","大阪市東淀川区","菅原４丁目１０番２８－３０７号",,27,114,5330022,,,,,,,2026-10-06,1,,,,,"プライムバード",0
1396,5120003033609,01,0,2026-10-06,2026-10-06,"合同会社アイズホールディングス",,305,"大阪府","大阪市中央区","千日前２丁目６番８号ゴールデンフタバプラザビル",,27,128,5420074,,,,,,,2026-10-06,1,,,,,"アイズホールディングス",0
1397,5120005025802,01,0,2026-10-06,2026-10-06,"社会保険労務士法人ＨＲトータルサポート",,399,"大阪府","大阪市阿倍野区","松崎町２丁目１番２８号近鉄松崎町ビル",,27,119,5450053,,,,,,,2026-10-06,1,,,,,"エイチアールトータルサポート",0
1398,5120101003570,01,1,2026-10-06,2015-10-05,"白山精密工具株式会社",,301,"大阪府","堺市南区","稲葉１丁３０５９番地３",,27,145,5900156,,,,,,,2015-10-05,1,,,,,"シロヤマセイミツコウグ",0
1399,5120101074455,01,0,2026-10-06,2026-10-06,"株式会社ＢＳエステート",,301,"大阪府","堺市堺区","出島海岸通１丁９番１号",,27,141,5900833,,,,,,,2026-10-06,1,,,,,"ビーエスエステート",0
1400,5120101074463,01,0,2026-10-06,2026-10-06,"株式会社オリオン",,301,"大阪府","藤井寺市","小山１丁目２番３７号",,27,226,5830033,,,,,,,2026-10-06,1,,,,,"オリオン",0
1401,5120901011120,01,1,2026-10-06,2015-10-05,"株式会社サンワコーポレーション",,301,"大阪府","高槻市","芥川町２丁目１４番２１号",,27,207,5691123,,,,,,,2015-10-05,1,,,,,"サンワコーポレーション",0
1402,5120901053286,01,0,2026-10-06,2026-10-06,"株式会社みんとアセット",,301,"大阪府","豊中市","上野西３丁目１９番８２号",,27,203,5600011,,,,,,,2026-10-06,1,,,,,"ミントアセット",0
1403,5120901053303,01,0,2026-10-06,2026-10-06,"株式会社アイビーノット",,301,"大阪府","茨木市","玉瀬町４０－２７",,27,211,5670893,,,,,,,2026-10-06,1,,,,,"アイビーノット",0
1404,5120903002571,01,1,2026-10-06,2018-08-09,"シンキ合同会社",,305,"大阪府","箕面市","萱野１丁目９番３９号",,27,220,5620014,,,,,,,2018-08-09,0,,,,,,0
1405,5120903002571,12,1,2026-10-06,2019-11-25,"シンキ合同会社",,305,"大阪府","箕面市","稲２丁目２番３６号箕面アーバンライフＩ２０２",00118337,27,220,5620015,,,,,,,2018-08-09,0,,,,,,0
1406,5120903002571,12,1,2026-10-06,2021-08-31,"シンキ合同会社",,305,"大阪府","池田市","畑２丁目１番７号呉羽の里ロードビル２０１",,27,204,5630021,,,,,,,2018-08-09,0,,,,,,0
1407,5120903002571,11,1,2026-10-06,2026-08-10,"株式会社シンキ",,301,"大阪府","池田市","畑２丁目１番７号呉羽の里ロードビル２０１",,27,204,5630021,,,,,,,2018-08-09,1,,,,,,0
1408,5122001037979,12,0,2026-10-06,2026-10-01,"株式会社瑞和",,301,"大阪府","八尾市","南本町３丁目２番２４号",,27,212,5810081,,,,,,,2024-04-04,1,,,,,"ミズワ",0
1409,5122005002194,01,1,2026-10-06,2015-10-05,"三面大黒天王会",,399,"大阪府","八尾市","本町６丁目１０番１号",,27,212,5810003,,,,,,,2015-10-05,1,,,,,"サンメンダイコクテンノウカイ",0
1410,5130001036983,01,1,2026-10-06,2015-10-05,"株式会社山喜建設",,301,"京都府","相楽郡和束町","大字別所小字中山１２番地１",,26,365,6191211,,,,,,,2015-10-05,1,,,,,"ヤマキケンセツ",0
1411,5130001073390,11,0,2026-10-06,2026-10-02,"株式会社ＪＩＮ",,301,"京都府","京都市東山区","一橋野本町１０５番地１３",,26,105,6050995,,,,,,,2023-01-04,1,,,,,"ジン",0
1412,5130001083159,01,0,2026-10-06,2026-10-06,"株式会社つるとんたん",,301,"京都府","京都市下京区","四条通烏丸東入ル長刀鉾町８番地京都三井ビルディング４階",,26,106,6000000,,,,,,,2026-10-06,1,,,,,"ツルトンタン",0
1413,5130002004080,21,0,2026-10-06,2026-09-17,"有限会社中豊",,302,"京都府","京都市北区","紫野郷ノ上町２番地",,26,101,6038304,,,2026-09-17,01,,,2015-10-05,1,,,,,"ナカトヨ",0
1414,5130002011746,01,1,2026-10-06,2015-10-05,"有限会社和田産業",,302,"京都府","京都市南区","上鳥羽川端町２１番地の１",,26,107,6018171,,,,,,,2015-10-05,0,,,,,"ワダサンギョウ",0
1415,5130002011746,12,1,2026-10-06,2022-08-31,"有限会社和田産業",,302,"京都府","京都市南区","上鳥羽川端町２０１番地",,26,107,6018171,,,,,,,2015-10-05,1,,,,,"ワダサンギョウ",0
1416,5130002017264,01,1,2026-10-06,2015-10-05,"有限会社富士染工",,302,"京都府","京都市中京区","壬生相合町１６番地",,26,104,6048812,,,,,,,2015-10-05,1,,,,,"フジセンコウ",0
1417,5130002025754,21,0,2026-10-06,2026-10-02,"有限会社三原",,302,"奈良県","北葛城郡王寺町","南元町３丁目２番５号",,29,425,6360015,,,2026-10-02,01,,,2015-10-05,1,,,,,"ミハラ",0
1418,5140001019293,11,0,2026-10-06,2026-10-01,"日本ＤＸアンテナ株式会社",,301,"兵庫県","神戸市西区","室谷１丁目２番２号",,28,111,6512241,,,,,,,2015-10-05,1,,,,,"ニッポンディーエックスアンテナ",0
1419,5140001102545,01,1,2026-10-06,2016-06-29,"株式会社ＩＭプラン",,301,"兵庫県","神戸市西区","桜が丘中町５丁目２番７号",,28,111,6512226,,,,,,,2016-06-29,0,,,,,"アイエムプラン",0
1420,5140001102545,12,1,2026-10-06,2019-01-10,"株式会社ＩＭプラン",,301,"兵庫県","神戸市中央区","御幸通８丁目１番６号神戸国際会館２２階",,28,110,6510087,,,,,,,2016-06-29,1,,,,,"アイエムプラン",0
1421,5140001128037,12,0,2026-10-06,2026-09-24,"株式会社エムオーテクノ",,301,"兵庫県","三田市","つつじが丘北３丁目４番地６",,28,219,6691348,,,,,,,2022-11-10,0,,,,,"エムオーテクノ",0
1422,5140001128037,11,0,2026-10-06,2026-09-24,"株式会社ケニックス",,301,"兵庫県","三田市","つつじが丘北３丁目４番地６",,28,219,6691348,,,,,,,2022-11-10,1,,,,,"ケニックス",0
1423,5140001144182,01,0,2026-10-06,2026-10-06,"株式会社淡路屋",,301,"兵庫県","加古川市","加古川町中津２３３番地の５メゾン中津１０５号",,28,210,6750068,,,,,,,2026-10-06,1,,,,,"アワジヤ",0
1424,5140002024409,12,0,2026-10-06,2026-10-02,"有限会社希望",,302,"兵庫県","神戸市東灘区","本山北町６丁目２番３５号",,28,101,6580003,,,,,,,2015-10-05,1,,,,,"キボウ",0
1425,5140005003054,12,0,2026-10-06,2026-09-29,"神戸高速道路利用協同組合",,399,"兵庫県","神戸市中央区","生田町２丁目２番２号ＫＯＢＥ生田ビル５階",,28,110,6510092,,,,,,,2015-10-05,1,,,,,"コウベコウソクドウロリヨウ",0
1426,5140005028076,01,0,2026-10-06,2026-10-06,"トラストサポート税理士法人",,399,"兵庫県","神戸市中央区","布引町４丁目２番１２号ネオフィス三宮５０２号室",,28,110,6510097,,,,,,,2026-10-06,1,,,,,"トラストサポート",0
1427,5150001029259,01,0,2026-10-06,2026-10-06,"株式会社ざます",,301,"奈良県","天理市","山田町２０２６番地",,29,204,6320121,,,,,,,2026-10-06,1,,,,,"ザマス",0
1428,5150001029275,01,0,2026-10-06,2026-10-06,"株式会社ＳＡＫＯＤＡ",,301,"奈良県","奈良市","四条大路５丁目１４２－２",,29,201,6308014,,,,,,,2026-10-06,1,,,,,"サコダ",0
1429,5150002010762,12,0,2026-10-06,2026-10-02,"有限会社銀河計画",,302,"奈良県","生駒郡斑鳩町","目安４丁目８番１１号",,29,344,6360132,,,,,,,2015-10-05,1,,,,,"ギンガケイカク",0
1430,5160001001968,12,0,2026-10-06,2026-10-01,"森田ビル通商株式会社",,301,"滋賀県","大津市","梅林１丁目４番５号",,25,201,5200051,,,,,,,2015-10-05,1,,,,,"モリタビルツウショウ",0
1431,5160001023228,21,0,2026-10-06,2026-09-30,"スリーワン不動産販売株式会社",,301,"滋賀県","草津市","橋岡町４２番地１",,25,206,5250065,,,2026-09-30,11,7160001017962,"令和８年９月３０日滋賀県草津市橋岡町４２番地１スリーワンマネジメント株式会社（7160001017962）に合併し解散",2021-04-05,1,,,,,"スリーワンフドウサンハンバイ",0
1432,5160001024762,12,0,2026-10-06,2026-10-01,"株式会社Ｖｅｇｇｉｃａｌ　ｆａｒｍ",,301,"滋賀県","野洲市","堤４３３番号",,25,210,5202416,,,,,,,2023-01-13,1,,,,,"ベジカルファーム",0
1433,5160001027963,01,0,2026-10-06,2026-10-06,"株式会社ＮＯＴＡ",,301,"滋賀県","甲賀市","信楽町勅旨２３１７番地",,25,209,5291804,,,,,,,2026-10-06,1,,,,,"ノタ",0
1434,5170001001455,12,0,2026-10-06,2026-10-05,"三和重機サービス販売株式会社",,301,"和歌山県","和歌山市","今福４丁目２番４号",,30,201,6410044,,,,,,,2015-10-05,1,,,,,"サンワジュウキサービスハンバイ",0
1435,5170001019274,01,0,2026-10-06,2026-10-06,"株式会社和泉商会",,301,"和歌山県","和歌山市","小雑賀３０２番地",,30,201,6410007,,,,,,,2026-10-06,1,,,,,"イズミショウカイ",0
1436,5180001035808,21,0,2026-10-06,2026-10-01,"幸洋木材株式会社",,301,"愛知県","名古屋市中区","大井町４番７号",,23,106,4600015,,,2026-10-01,01,,,2015-10-05,1,,,,,"コウヨウモクザイ",0
1437,5180001105222,01,1,2026-10-06,2015-10-05,"株式会社ＫＩ賃貸サポート",,301,"愛知県","名古屋市瑞穂区","瑞穂通８丁目１９番６号",,23,108,4670806,,,,,,,2015-10-05,1,,,,,"ケーアイチンタイサポート",0
1438,5180001111963,01,1,2026-10-06,2015-10-05,"Ｉ’ＢＵＫＩ株式会社",,301,"愛知県","名古屋市中区","新栄１丁目４６番４号",,23,106,4600007,,,,,,,2015-10-05,0,,,,,"イブキ",0
1439,5180001111963,12,1,2026-10-06,2026-09-29,"Ｉ’ＢＵＫＩ株式会社",,301,"愛知県","名古屋市千種区","御棚町３丁目１０番地の１",00145164,23,101,4640835,,,,,,,2015-10-05,1,,,,,"イブキ",0
1440,5180001135203,11,0,2026-10-06,2026-09-24,"株式会社キョウエイワークス",,301,"愛知県","小牧市","大字入鹿出新田６５８番地５",,23,219,4850084,,,,,,,2019-01-17,1,,,,,"キョウエイワークス",0
1441,5180001142232,12,0,2026-10-06,2026-10-01,"株式会社サンヨー工業",,301,"愛知県","日進市","岩藤町一ノ井８６６番地１４",,23,230,4700104,,,,,,,2020-08-04,1,,,,,"サンヨーコウギョウ",0
1442,5180001154319,12,0,2026-10-06,2026-10-02,"ＳＨＡＲＡ．Ｉｎｔｅｒｎａｔｉｏｎａｌ株式会社",,301,"東京都","渋谷区","神南１丁目１１－４ＦＰＧリンクス神南５階",,13,113,1500041,,,,,,,2022-12-26,1,,,,,"シャラインターナショナル",0
1443,5180001173707,01,0,2026-10-06,2026-10-06,"株式会社青島硝子",,301,"愛知県","あま市","西今宿山伏三７６番地１エルビータ２０７",,23,237,4901104,,,,,,,2026-10-06,1,,,,,"アオシマガラス",0
1444,5180001173715,01,0,2026-10-06,2026-10-06,"株式会社タカザワ",,301,"愛知県","清須市","清洲１８０１番地１７",,23,233,4520942,,,,,,,2026-10-06,1,,,,,"タカザワ",0
1445,5180001173723,01,0,2026-10-06,2026-10-06,"Ｂｕｉｌｄｅｒｓ　ＡＩ株式会社",,301,"愛知県","岩倉市","西市町東畑田４４番地８",,23,228,4820036,,,,,,,2026-10-06,1,,,,,"ビルダーズアイ",0
1446,5180001173748,01,0,2026-10-06,2026-10-06,"三笠総建株式会社",,301,"愛知県","名古屋市中区","栄４丁目１１番６号",,23,106,4600008,,,,,,,2026-10-06,1,,,,,"ミカサソウケン",0
1447,5180001173764,01,0,2026-10-06,2026-10-06,"株式会社ＤＫ",,301,"愛知県","名古屋市中区","大須３丁目４１番１号金城ビル４０１号",,23,106,4600011,,,,,,,2026-10-06,1,,,,,"ディーケイ",0
1448,5180001173780,01,0,2026-10-06,2026-10-06,"株式会社ひので動物クリニック",,301,"愛知県","弥富市","平島町大脇４番地１",,23,235,4980031,,,,,,,2026-10-06,1,,,,,"ヒノデドウブツクリニック",0
1449,5180001173797,01,0,2026-10-06,2026-10-06,"株式会社先達",,301,"愛知県","名古屋市港区","中川本町６丁目１番地の８５",,23,111,4550051,,,,,,,2026-10-06,1,,,,,"センダツ",0
1450,5180002050657,21,0,2026-10-06,2026-09-24,"株式会社ミリオレ",,301,"愛知県","名古屋市熱田区","金山町１丁目４番１号",,23,109,4560002,,,2026-09-24,01,,,2015-10-05,1,,,,,,0
1451,5180002055607,21,0,2026-10-06,2026-10-01,"有限会社エムズコーポレーション",,302,"愛知県","名古屋市東区","代官町３９番１８号",,23,102,4610002,,,2026-10-01,01,,,2015-10-05,1,,,,,"エムズコーポレーション",0
1452,5180002086164,01,1,2026-10-06,2015-10-05,"有限会社デブヤ工具",,302,"愛知県","常滑市","奥条２丁目９６番地",,23,216,4790822,,,,,,,2015-10-05,1,,,,,"デブヤコウグ",0
1453,5180003021608,12,0,2026-10-06,2026-10-01,"ＴＯＳＳ合同会社",,305,"愛知県","名古屋市名東区","富が丘７０番地１階",,23,115,4650031,,,,,,,2020-09-08,1,,,,,"トス",0
1454,5180003026020,01,1,2026-10-06,2023-11-24,"合同会社ＨＡＣＳ",,305,"愛知県","尾張旭市","旭ケ丘町山の手３５５番地８",,23,226,4880084,,,,,,,2023-11-24,0,,,,,"ハックス",0
1455,5180003026020,12,1,2026-10-06,2026-09-24,"合同会社ＨＡＣＳ",,305,"愛知県","名古屋市東区","泉２丁目２５番７号ＨＡＲＶＥＹ高岳Ｄ－３",,23,102,4610001,,,,,,,2023-11-24,1,,,,,"ハックス",0
1456,5180003027613,12,0,2026-10-06,2026-10-01,"合同会社波乃音",,305,"愛知県","名古屋市天白区","保呂町２３０５番地ラフィーネ保呂町１０２号",,23,116,4680041,,,,,,,2024-11-15,1,,,,,"ナミノネ",0
1457,5180003030848,01,0,2026-10-06,2026-10-06,"合同会社シュンエイ",,305,"愛知県","名古屋市中村区","名駅４丁目２４番５号第２森ビル４０１",,23,105,4500002,,,,,,,2026-10-06,1,,,,,"シュンエイ",0
1458,5180003030872,01,0,2026-10-06,2026-10-06,"合同会社タナカシヤ",,305,"愛知県","名古屋市東区","徳川２丁目２０－１１",,23,102,4610025,,,,,,,2026-10-06,1,,,,,"タナカシヤ",0
1459,5180301024080,01,1,2026-10-06,2015-10-05,"株式会社前田工務店",,301,"愛知県","新城市","八名井字宮ノ内７番地",,23,221,4411337,,,,,,,2015-10-05,1,,,,,"マエダコウムテン",0
1460,5190005006192,01,1,2026-10-06,2015-10-05,"農事組合法人忍の里",,399,"三重県","名張市","西原町１３１番地",,24,208,5180603,,,,,,,2015-10-05,1,,,,,"シノビノサト",0
1461,5200001045515,01,0,2026-10-06,2026-10-06,"ヴェルロン株式会社",,301,"岐阜県","多治見市","笠原町字梅平４１０６番地の８９",,21,204,5070901,,,,,,,2026-10-06,1,,,,,"ヴェルロン",0
1462,5200005009144,01,1,2026-10-06,2015-10-05,"自法寺",,399,"岐阜県","恵那市","飯地町字奥坂９１９番地",,21,210,5098232,,,,,,,2015-10-05,1,,,,,"ジホウジ",0
1463,5210001020748,01,0,2026-10-06,2026-10-06,"株式会社内方組",,301,"福井県","小浜市","下田第５号２６番地の１",,18,204,9170355,,,,,,,2026-10-06,1,,,,,"ウチカタグミ",0
1464,5210001020756,01,0,2026-10-06,2026-10-06,"株式会社ＺＥＮ",,301,"福井県","坂井市","春江町為国平成２５番地",,18,210,9190433,,,,,,,2026-10-06,1,,,,,"ゼン",0
1465,5210003001622,21,0,2026-10-06,2026-09-29,"合同会社Ｎｏｌｏ",,305,"福井県","福井市","若杉４丁目２５１８",,18,201,9188055,,,2026-09-29,01,,,2023-04-04,1,,,,,"ノロ",0
1466,5220001004147,11,0,2026-10-06,2026-10-02,"辰巳化学北陸販売株式会社",,301,"石川県","金沢市","押野１丁目５１０番地コートロティ１階",,17,201,9218056,,,,,,,2015-10-05,1,,,,,"タツミカガクホクリクハンバイ",0
1467,5220001027627,01,0,2026-10-06,2026-10-06,"株式会社北上製作所ホールディングス",,301,"石川県","河北郡津幡町","字大坪い４番地１",,17,361,9290442,,,,,,,2026-10-06,1,,,,,"キタガミセイサクショホールディングス",0
1468,5220003002339,01,1,2026-10-06,2017-10-25,"ｅ－ｂｏｏｏｏｋ合同会社",,305,"石川県","加賀市","大菅波町ルの２０番地の１９",,17,206,9220425,,,,,,,2017-10-25,1,,,,,,0
1469,5220003004392,01,0,2026-10-06,2026-10-06,"合同会社マスト",,305,"石川県","能美市","和光台３丁目９５番地",,17,211,9231227,,,,,,,2026-10-06,1,,,,,"マスト",0
1470,5230001005284,01,1,2026-10-06,2015-10-05,"株式会社北田モータース",,301,"富山県","富山市","八尾町井田３６３番地の４",,16,201,9392306,,,,,,,2015-10-05,1,,,,,,0
1471,5230002013138,01,1,2026-10-06,2015-10-05,"有限会社松本魚問屋",,302,"富山県","氷見市","地蔵町７番５３号",,16,205,9350014,,,,,,,2015-10-05,0,,,,,"マツモトウオドンヤ",0
1472,5230002013138,11,1,2026-10-06,2025-09-02,"株式会社松本魚問屋",,301,"富山県","氷見市","地蔵町７番５３号",,16,205,9350014,,,,,,,2015-10-05,1,,,,,"マツモトウオドンヤ",0
1473,5240001067101,01,0,2026-10-06,2026-10-06,"株式会社ＮＡＣ",,301,"広島県","広島市南区","段原山崎３丁目６番１３号",,34,103,7320819,,,,,,,2026-10-06,1,,,,,"エヌエーシー",0
1474,5240001067126,01,0,2026-10-06,2026-10-06,"株式会社ＨＡＳ‐ＴＥＣ",,301,"広島県","広島市佐伯区","五日市４丁目１７番２０－１１号",,34,108,7315127,,,,,,,2026-10-06,1,,,,,"ハステック",0
1475,5240003007963,01,0,2026-10-06,2026-10-06,"合同会社ｅｎｇｉｎｅ",,305,"広島県","広島市中区","大手町１丁目１番２６号大手町１番ビル３０５",,34,101,7300051,,,,,,,2026-10-06,1,,,,,"エンジン",0
1476,5250001007436,01,1,2026-10-06,2015-10-05,"株式会社晋作の湯",,301,"山口県","下関市","大字吉田１２０２番地３",,35,201,7501101,,,,,,,2015-10-05,1,,,,,"シンサクノユ",0
1477,5260001033670,12,0,2026-10-06,2026-10-02,"株式会社拓建",,301,"岡山県","倉敷市","連島町連島９７番地１",,33,202,7128011,,,,,,,2019-10-29,1,,,,,"タクケン",0
1478,5260001041649,12,0,2026-10-06,2026-10-01,"株式会社關グループ",,301,"岡山県","岡山市北区","白石５７番地",,33,101,7010143,,,,,,,2026-10-01,1,,,,,"セキグループ",0
1479,5260001041681,01,0,2026-10-06,2026-10-06,"ＴＫミライエステート株式会社",,301,"岡山県","岡山市北区","京山１丁目６番１４号",,33,101,7000015,,,,,,,2026-10-06,1,,,,,"ティーケーミライエステート",0
1480,5260003005783,01,0,2026-10-06,2026-10-06,"合同会社第一エナジー",,305,"岡山県","岡山市南区","藤田１４３８‐１０",,33,104,7010221,,,,,,,2026-10-06,1,,,,,"ダイイチエナジー",0
1481,5260003005791,01,0,2026-10-06,2026-10-06,"ＯＲＣＡ合同会社",,305,"岡山県","岡山市北区","川入２１７番地６",,33,101,7010161,,,,,,,2026-10-06,1,,,,,"オルカ",0
1482,5260005011672,01,0,2026-10-06,2026-10-06,"一般社団法人山陽薬品親睦会",,399,"岡山県","岡山市北区","延友４５４番地",,33,101,7010152,,,,,,,2026-10-06,1,,,,,"サンヨウヤクヒンシンボクカイ",0
1483,5280002001732,01,1,2026-10-06,2015-10-05,"有限会社ノダコンタクトレンズ",,302,"島根県","松江市","北田町１番地１",,32,201,6900883,,,,,,,2015-10-05,1,,,,,"ノダコンタクトレンズ",0
1484,5290001107389,12,0,2026-10-06,2026-09-09,"株式会社ｅｍｍａ　ｃｏｎｎｅｃｔ",,301,"福岡県","福岡市博多区","博多駅前４丁目３６番２９号博多ＩＢセンタービル４０３",,40,132,8120011,,,,,,,2024-10-03,1,,,,,"エマコネクト",0
1485,5290001115656,01,0,2026-10-06,2026-10-06,"Ｃ‐ＰＬＵＳ株式会社",,301,"福岡県","糟屋郡志免町","別府西２丁目６番１０号",,40,343,8112232,,,,,,,2026-10-06,1,,,,,"シープラス",0
1486,5290001115672,01,0,2026-10-06,2026-10-06,"株式会社ミレ",,301,"福岡県","朝倉郡筑前町","東小田４２２番地４１",,40,447,8380214,,,,,,,2026-10-06,1,,,,,"ミレ",0
1487,5290003007026,12,0,2026-10-06,2026-09-24,"合同会社ＣＲＯＯＫ",,305,"愛知県","名古屋市北区","城東町３丁目６８番地岩村ビル１階",,23,103,4620831,,,,,,,2017-02-15,1,,,,,"クルーク",0
1488,5290003007224,11,0,2026-10-06,2026-09-18,"株式会社クリアライフサポート",,301,"福岡県","福岡市中央区","長浜２丁目３番６号",,40,133,8100072,,,,,,,2017-05-23,1,,,,,"クリアライフサポート",0
1489,5290003011085,12,0,2026-10-06,2026-09-15,"合同会社ａｎｄＫ",,305,"福岡県","福岡市博多区","中洲２丁目７番１３号ＵＤＡビル４Ｆ",,40,132,8100801,,,,,,,2021-04-19,1,,,,,"アンドケー",0
1490,5290003012414,12,0,2026-10-06,2026-09-11,"ＹＫＴ合同会社",,305,"福岡県","福岡市早良区","室見５丁目７－２２－１０６",,40,137,8140015,,,,,,,2022-04-22,1,,,,,"ワイケーティー",0
1491,5290003018989,01,0,2026-10-06,2026-10-06,"合同会社ＯＲＢｉＴＡＬ　ＴＯＮＥ",,305,"福岡県","福岡市博多区","博多駅前１丁目２３‐２ＰａｒｋＦｒｏｎｔ１丁目５Ｆ‐Ｂ",,40,132,8120011,,,,,,,2026-10-06,1,,,,,"オービタルトーン",0
1492,5290005019977,12,0,2026-10-06,2026-09-29,"一般社団法人児童発達ラボるりびたき",,399,"福岡県","八女市","馬場３７４番地３",,40,210,8340023,,,,,,,2026-01-26,1,,,,,"ジドウハッタツラボルリビタキ",0
1493,5290801022515,01,1,2026-10-06,2016-05-12,"フリースタイル株式会社",,301,"福岡県","北九州市小倉南区","田原新町２丁目１２番２－１０２号",,40,107,8000226,,,,,,,2016-05-12,1,,,,,"フリースタイル",0
1494,5290801025699,12,0,2026-10-06,2026-09-28,"レトロビレッジ株式会社",,301,"福岡県","北九州市小倉北区","金田２丁目１２番１８－１１０９号",,40,106,8030816,,,,,,,2019-07-11,1,,,,,"レトロビレッジ",0
1495,5290801032852,01,0,2026-10-06,2026-10-06,"株式会社横田興業",,301,"福岡県","北九州市八幡西区","折尾３丁目６番１０号",,40,109,8070825,,,,,,,2026-10-06,1,,,,,"ヨコタコウギョウ",0
1496,5300001014765,01,0,2026-10-06,2026-10-06,"株式会社Ｎｏ．２４",,301,"佐賀県","鳥栖市","弥生が丘１丁目６番地３アクロス弥生が丘駅前６０５",,41,203,8410005,,,,,,,2026-10-06,1,,,,,"ナンバートゥエンティフォー",0
1497,5300005003376,01,1,2026-10-06,2015-10-05,"天神社",,399,"佐賀県","武雄市","山内町大字大野６７２１番地",,41,206,8492304,,,,,,,2015-10-05,1,,,,,"テンジンジャ",0
1498,5310005008936,01,0,2026-10-06,2026-10-06,"医療法人Ｓ．Ｏ．Ｅ",,399,"長崎県","雲仙市","吾妻町牛口名６８０番２",,42,213,8591107,,,,,,,2026-10-06,1,,,,,"エスオーイー",0
1499,5330001023045,01,1,2026-10-06,2016-08-04,"株式会社ＳＨＩＮＥＩ",,301,"熊本県","熊本市中央区","細工町３丁目７番地",,43,101,8600041,,,,,,,2016-08-04,1,,,,,"シンエイ",0
1500,5340001018291,71,0,2026-10-06,2026-10-01,"株式会社カミチクホールディングス",,301,"鹿児島県","鹿児島市","谷山中央１丁目５４番１号",,46,201,8910141,,,,,,"令和８年１０月１日鹿児島市上福元町６９２１番地１株式会社ハルモニア（2340001022503）を合併",2015-10-05,1,,,,,"カミチクホールディングス",0
1501,5350001020288,01,0,2026-10-06,2026-10-06,"ミヤホンレンタカー株式会社",,301,"宮崎県","宮崎市","南花ケ島町１４９番地１",,45,201,8800055,,,,,,,2026-10-06,1,,,,,"ミヤホンレンタカー",0
1502,5350003005304,01,0,2026-10-06,2026-10-06,"ひなから合同会社",,305,"宮崎県","宮崎市","大工３丁目１９８番地",,45,201,8800015,,,,,,,2026-10-06,1,,,,,"ヒナカラ",0
1503,5360001027167,01,1,2026-10-06,2020-05-18,"ｗ．ｈ．ｙ企画株式会社",,301,"沖縄県","中頭郡中城村","字泊４９８番地１",,47,328,9012402,,,,,,,2020-05-18,1,,,,,"ダブリュウエイチワイキカク",0
1504,5360003010170,12,0,2026-10-06,2026-09-25,"ＡＭＡＬＦＩＬＵＸ合同会社",,305,"沖縄県","中頭郡北谷町","北谷１丁目６－５・２Ｆ－Ａ",,47,326,9040116,,,,,,,2020-03-23,1,,,,,,0
1505,5370001049573,12,0,2026-10-06,2026-09-25,"Ｔｈｉｎｋｆｅｅｌ株式会社",,301,"宮城県","仙台市太白区","西中田３丁目２－７デュオリスタ２０１",,04,104,9811105,,,,,,,2023-02-10,1,,,,,"シンクフィール",0
1506,5370001050374,12,0,2026-10-06,2026-10-02,"ＵＤトラックス秋田株式会社",,301,"秋田県","秋田市","寺内字蛭根８５番地１４",,05,201,0110901,,,,,,,2023-09-07,1,,,,,"ユーディートラックスアキタ",0
1507,5370001054301,01,0,2026-10-06,2026-10-06,"エーツーコンサルティング株式会社",,301,"宮城県","仙台市青葉区","上杉２丁目１０番５３－４０３号",,04,101,9800011,,,,,,,2026-10-06,1,,,,,"エーツーコンサルティング",0
1508,5380001033717,12,0,2026-10-06,2026-09-28,"Ｋｒｅｉｓ株式会社",,301,"福島県","郡山市","駅前１丁目７番９号安斎ビル（小）３階",,07,203,9638002,,,,,,,2023-05-26,1,,,,,"クライス",0
1509,5400002001208,71,0,2026-10-06,2026-10-01,"株式会社公楽開発",,301,"岩手県","岩手郡雫石町","長山狼沢１１番地１",,03,301,0200585,,,,,,"令和８年１０月１日岩手県岩手郡雫石町長山狼沢１１番地１有限会社三炯公楽（5400002001323）を合併",2015-10-05,1,,,,,"コウラクカイハツ",0
1510,5400002001323,21,0,2026-10-06,2026-10-01,"有限会社三炯公楽",,302,"岩手県","岩手郡雫石町","長山狼沢１１番地１",,03,301,0200585,,,2026-10-01,11,5400002001208,"令和８年１０月１日岩手県岩手郡雫石町長山狼沢１１番地１株式会社公楽開発（5400002001208）に合併し解散",2015-10-05,1,,,,,"サンケイコウラク",0
1511,5400502000139,11,0,2026-10-06,2026-10-01,"一関自動車工業株式会社",,301,"岩手県","一関市","中央町１丁目１０番１７号",,03,209,0210021,,,,,,,2015-10-05,1,,,,,"イチノセキジドウシャコウギョウ",0
1512,5430001019264,12,0,2026-10-06,2026-10-01,"株式会社サン・セザール",,301,"北海道","札幌市中央区","宮の森四条１２丁目６番３１号",,01,101,0640954,,,,,,,2015-10-05,1,,,,,"サンセザール",0
1513,5430001031632,21,0,2026-10-06,2026-10-01,"株式会社べるにこっと",,301,"北海道","札幌市中央区","宮の森二条１０丁目３番１０号宮の森二条マンション２０２号室",,01,101,0640952,,,2026-10-01,11,7430003008494,"令和８年１０月１日札幌市東区北四十一条東六丁目２番７号合同会社ラ・ルーチェ（7430003008494）に合併し解散",2015-10-05,1,,,,,"ベルニコット",0
1514,5430001062421,01,1,2026-10-06,2015-10-05,"ＳＫ乳販株式会社",,301,"北海道","札幌市豊平区","平岸一条１７丁目８番３６号",,01,105,0620931,,,,,,,2015-10-05,1,,,,,"エスケーニュウハン",0
1515,5430003019477,01,0,2026-10-06,2026-10-06,"はちけん合同会社",,305,"北海道","札幌市西区","八軒五条西４丁目２－１８ルミエール高田１０２号",,01,107,0630845,,,,,,,2026-10-06,1,,,,,"ハチケン",0
1516,5430003019485,01,0,2026-10-06,2026-10-06,"合同会社ｚｅｒｏ　ｃｏｍｐｌａｃｅｎｃｙ",,305,"北海道","札幌市中央区","南八条西８丁目１０３２－４２ルーク南８条４０３",,01,101,0640808,,,,,,,2026-10-06,1,,,,,"ゼロコンプレイセンシー",0
1517,5440001009891,01,0,2026-10-06,2026-10-06,"株式会社ラクラス",,301,"北海道","函館市","山の手１丁目３１番１号",,01,202,0410836,,,,,,,2026-10-06,1,,,,,"ラクラス",0
1518,5470001020251,12,0,2026-10-06,2026-10-02,"株式会社トラノコ",,301,"香川県","高松市","檀紙町１５００番地１",,37,201,7618041,,,,,,,2024-06-14,1,,,,,"トラノコ",0
1519,5470001021456,01,0,2026-10-06,2026-10-06,"株式会社深山のキウイ",,301,"香川県","善通寺市","弘田町１６９０番地２",,37,204,7650071,,,,,,,2026-10-06,1,,,,,"ミヤマノキウイ",0
1520,5470003002561,01,1,2026-10-06,2024-01-19,"合同会社コネクト提案",,305,"香川県","坂出市","高屋町５０９－３",,37,203,7620017,,,,,,,2024-01-19,1,"Connect Teian LLC","Kagawa","509-3,Takayatyou, Sakaide shi",,"コネクトテイアン",0
1521,5490001011447,01,0,2026-10-06,2026-10-06,"株式会社伸建築",,301,"高知県","高知市","横浜３６７番地５",,39,201,7810240,,,,,,,2026-10-06,1,,,,,"シンケンチク",0
1522,5500002017359,12,0,2026-10-06,2026-10-01,"森実タウンサービス株式会社",,301,"愛媛県","新居浜市","多喜浜６丁目３番２５号",,38,205,7920893,,,,,,,2015-10-05,1,,,,,"モリザネタウンサービス",0
1523,5700150134828,13,0,2026-10-06,2026-09-14,"Ｍａｎｄａｒｉｎ　Ｏｒｉｅｎｔａｌ　Ｓｅｒｖｉｃｅｓ　Ｌｔｄ",,401,"東京都","中央区","銀座７丁目２－６銀座アステルビル４階",,13,102,1040061,"中華人民共和国香港特別行政区、クオリーベイ、ウェストランズロード１８、タイクープレイス、ワンアイランドイースト８階",,,,,,2026-03-18,1,,,,,"マンダリンオリエンタルサービスリミテツド",0
1524,6010001182491,12,0,2026-10-06,2026-10-02,"株式会社フォスター",,301,"東京都","中央区","晴海２丁目３番２号",,13,102,1040053,,,,,,,2017-04-03,1,,,,,"フォスター",0
1525,6010001207521,12,0,2026-10-06,2026-09-07,"株式会社ｅ－Ｅｄｕｃａｔｉｏｎ",,301,"東京都","千代田区","内神田１丁目９番５号",,13,101,1010047,,,,,,,2020-02-14,1,,,,,"イーエデュケーション",0
1526,6010001251206,01,1,2026-10-06,2025-01-10,"株式会社Ａｇｅｎｃｙ",,301,"東京都","中央区","銀座１丁目１２番４号Ｎ＆ＥＢＬＤ．６Ｆ",,13,102,1040061,,,,,,,2025-01-10,1,,,,,,0
1527,6010001269363,01,0,2026-10-06,2026-10-06,"株式会社理系文系",,301,"東京都","中央区","銀座１丁目１２番４号Ｎ＆Ｅ，ＢＬＤ．７階",,13,102,1040061,,,,,,,2026-10-06,1,,,,,"リケイブンケイ",0
1528,6010001269371,01,0,2026-10-06,2026-10-06,"株式会社ＹＡｓｔｕｄｉｏ",,301,"東京都","千代田区","神田和泉町１番地６－１６ヤマトビル４０５",,13,101,1010024,,,,,,,2026-10-06,1,,,,,"ヤスタジオ",0
1529,6010001269413,01,0,2026-10-06,2026-10-06,"株式会社Ｒａｗｖｉａ",,301,"東京都","中央区","晴海５丁目３－４－１２１８",,13,102,1040053,,,,,,,2026-10-06,1,,,,,"ロウヴィア",0
1530,6010003016045,12,0,2026-10-06,2026-10-02,"合同会社ペルドリックス",,305,"神奈川県","横浜市神奈川区","金港町５番１４号",,14,102,2210056,,,,,,,2015-10-05,1,,,,,"ペルドリックス",0
1531,6010003016409,21,0,2026-10-06,2026-09-07,"合同会社サルガッソ",,305,"東京都","千代田区","丸の内１丁目６番５号",,13,101,1000005,,,2026-09-07,01,,,2015-10-05,1,,,,,"サルガッソ",0
1532,6010003052908,01,0,2026-10-06,2026-10-06,"Ｏｇｉｈａｒａ＆Ｃｏｍｐａｎｙ合同会社",,305,"東京都","中央区","銀座１丁目１２番４号Ｎ＆ＥＢＬＤ．６Ｆ",,13,102,1040061,,,,,,,2026-10-06,1,,,,,"オギハラアンドカンパニー",0
1533,6010003052932,01,0,2026-10-06,2026-10-06,"Ｂｒｉｇｈｔ　Ｓｔｏｎｅｓ合同会社",,305,"東京都","千代田区","神田須田町１丁目７番８号ＶＯＲＴ秋葉原ＩＶ２Ｆ",,13,101,1010041,,,,,,,2026-10-06,1,,,,,"ブライトストーンズ",0
1534,6010005032296,12,0,2026-10-06,2026-09-01,"デジタル大阪５特定目的会社",,399,"東京都","中央区","新富１丁目１８番８号ジパングアウトソーシングサービス株式会社内",,13,102,1040041,,,,,,,2020-09-18,1,,,,,"デジタルオオサカファイブ",0
1535,6010005036248,12,0,2026-10-06,2026-09-01,"ＤＣ４一般社団法人",,399,"東京都","中央区","新富１丁目１８番８号ジパングアウトソーシングサービス株式会社内",,13,102,1040041,,,,,,,2023-02-13,1,,,,,"ディーシーフォー",0
1536,6010101013729,21,0,2026-10-06,2026-10-01,"株式会社はぎ企画",,301,"東京都","八王子市","横山町１０番１７号",,13,201,1920081,,,2026-10-01,01,,,2019-05-28,1,,,,,"ハギキカク",0
1537,6010101017432,01,0,2026-10-06,2026-10-06,"株式会社ＳＫ",,301,"東京都","八王子市","犬目町３２３番地５",,13,201,1930802,,,,,,,2026-10-06,1,,,,,"エスケー",0
1538,6010101017440,01,0,2026-10-06,2026-10-06,"株式会社オフィス西原",,301,"東京都","八王子市","台町１丁目４番３号",,13,201,1930931,,,,,,,2026-10-06,1,,,,,"オフィスニシハラ",0
1539,6010401102702,12,0,2026-10-06,2026-10-02,"株式会社リブート",,301,"東京都","新宿区","西新宿６丁目１６番１２号",,13,104,1600023,,,,,,,2015-10-05,1,,,,,"リブート",0
1540,6010401132781,12,0,2026-10-06,2026-10-01,"株式会社富士商事",,301,"東京都","豊島区","南池袋２丁目１８番７号エスペラル池袋９０２号",,13,116,1710022,,,,,,,2017-07-28,1,,,,,"フジショウジ",0
1541,6010401158496,12,0,2026-10-06,2026-10-02,"株式会社Ｊａｐａｎ　Ｔｅｃｈｎｏｌｏｇｙ",,301,"東京都","台東区","台東２丁目２１番１３号",,13,106,1100016,,,,,,,2021-03-02,1,,,,,"ジャパンテクノロジー",0
1542,6010401188394,12,0,2026-10-06,2026-10-01,"株式会社ＫＯＡ",,301,"福岡県","久留米市","東櫛原町１１１番地５",,40,203,8300003,,,,,,,2025-02-26,1,,,,,"コア",0
1543,6010403038168,12,0,2026-10-06,2026-09-04,"ＪＬ　Ａｄｖｉｓｏｒｙ　Ｓｅｒｖｉｃｅｓ合同会社",,305,"東京都","港区","南麻布４丁目９番３号ホーマットシャロン５０９号室",,13,103,1060047,,,,,,,2026-05-28,0,,,,,"ジェーエルアドバイザリーサービシーズ",0
1544,6010403038168,11,0,2026-10-06,2026-09-04,"交点Ｃａｐｉｔａｌ合同会社",,305,"東京都","港区","南麻布４丁目９番３号ホーマットシャロン５０９号室",,13,103,1060047,,,,,,,2026-05-28,1,,,,,"コウテンキャピタル",0
1545,6010501024978,12,0,2026-10-06,2026-10-02,"テクノＶ株式会社",,301,"東京都","豊島区","南大塚１丁目６０番２０－Ｓ８１０号",,13,116,1700005,,,,,,,2015-10-05,1,,,,,"テクノブイ",0
1546,6010501027262,12,0,2026-10-06,2026-10-01,"株式会社北宏",,301,"埼玉県","川口市","青木１丁目１５－２７",,11,203,3320031,,,,,,,2015-10-05,1,,,,,"キタコウ",0
1547,6010501054769,21,0,2026-10-06,2026-10-02,"自然風株式会社",,301,"東京都","台東区","蔵前４丁目１６－６ストーク蔵前Ｍ＆Ｋ４階４２０",,13,106,1110051,,,2026-10-02,01,,,2025-10-06,1,,,,,"シゼンフウ",0
1548,6010502021149,12,0,2026-10-06,2026-09-09,"有限会社松大コーポレーション",,302,"千葉県","船橋市","東船橋１丁目２番１号",,12,204,2730002,,,,,,,2015-10-05,1,,,,,,0
1549,6010601062069,01,1,2026-10-06,2022-10-31,"株式会社ＣＹＫＰ",,301,"東京都","墨田区","太平３丁目１１番２号赤井ビル３０３号室",,13,107,1300012,,,,,,,2022-10-31,0,,,,,"シーワイケイピー",0
1550,6010601062069,21,0,2026-10-06,2026-09-29,"株式会社ＣＹＫＰ",,301,"東京都","墨田区","太平３丁目１１番２号赤井ビル３０３号室",,13,107,1300012,,,2026-09-29,01,,,2022-10-31,1,,,,,"シーワイケイピー",0
1551,6010601069915,01,0,2026-10-06,2026-10-06,"株式会社Ｏｌｉｖｅ　Ｌｉｖｉｎｇ",,301,"東京都","墨田区","押上３丁目２９番２号",,13,107,1310045,,,,,,,2026-10-06,1,,,,,"オリーブリビング",0
1552,6010701031832,12,0,2026-10-06,2026-09-14,"株式会社ｎｏｍｏｔｏ",,301,"東京都","練馬区","関町北２丁目２２番１１号－２０１",,13,120,1770051,,,,,,,2016-01-08,1,,,,,"ノモト",0
1553,6010701050254,01,0,2026-10-06,2026-10-06,"株式会社Ｃａｓｔｉａ",,301,"東京都","品川区","上大崎３丁目１番２－２３１号",,13,109,1410021,,,,,,,2026-10-06,1,,,,,"キャスティア",0
1554,6010801031955,21,0,2026-10-06,2026-09-25,"株式会社共栄ホールディングス",,301,"東京都","大田区","南蒲田１丁目２１番１２号昭和ビル２階",,13,111,1440035,,,2026-09-25,01,,,2021-05-18,1,,,,,"キョウエイホールディングス",0
1555,6010801037787,01,0,2026-10-06,2026-10-06,"株式会社満福",,301,"東京都","大田区","中馬込２丁目１番８号サンハイツ馬込２０５",,13,111,1430027,,,,,,,2026-10-06,1,,,,,"マンプク",0
1556,6010801037795,01,0,2026-10-06,2026-10-06,"株式会社ビズキャリアデザイン",,301,"東京都","大田区","蒲田５丁目２１－１３ペガサスステーションプラザ蒲田Ｂ２－１８",,13,111,1440052,,,,,,,2026-10-06,1,,,,,"ビズキャリアデザイン",0
1557,6010901054385,12,0,2026-10-06,2026-10-01,"株式会社ＨＯＫＵＬＥＡ",,301,"東京都","渋谷区","広尾５丁目２２番１号広尾ＫＡＴＯビル４０１",,13,113,1500012,,,,,,,2023-12-22,1,,,,,"ホクレア",0
1558,6010901060359,01,0,2026-10-06,2026-10-06,"ＳＯＣＩＯ株式会社",,301,"東京都","世田谷区","北沢４丁目１２番３１号",,13,112,1550031,,,,,,,2026-10-06,1,,,,,"ソシオ",0
1559,6010903007523,12,0,2026-10-06,2026-10-02,"合同会社ｍｏｉ",,305,"東京都","渋谷区","道玄坂１丁目１０－８渋谷道玄坂ビル２Ｆ－Ｃ",,13,113,1500043,,,,,,,2022-07-11,1,,,,,"モイ",0
1560,6011001040805,01,1,2026-10-06,2015-10-05,"株式会社ＭＩＫＡ",,301,"東京都","渋谷区","渋谷１丁目１０番４号",,13,113,1500002,,,,,,,2015-10-05,1,,,,,"ミカ",0
1561,6011001122462,11,0,2026-10-06,2026-09-08,"株式会社ＯＵＴＬＩＥＲ",,301,"東京都","渋谷区","神宮前５丁目２５番４号",,13,113,1500001,,,,,,,2018-05-30,1,,,,,"アウトライアー",0
1562,6011001180709,01,0,2026-10-06,2026-10-06,"株式会社ＣＲＥＭＡ",,301,"東京都","渋谷区","道玄坂１丁目１０番８号渋谷道玄坂東急ビル２Ｆ－Ｃ",,13,113,1500043,,,,,,,2026-10-06,1,,,,,"クレマ",0
1563,6011001180774,01,0,2026-10-06,2026-10-06,"株式会社イエケア",,301,"東京都","目黒区","東山１丁目３０番１４号３階",,13,110,1530043,,,,,,,2026-10-06,1,,,,,"イエケア",0
1564,6011001180790,01,0,2026-10-06,2026-10-06,"株式会社ＭＩＹＡＫＯ",,301,"東京都","渋谷区","代官山町１０番１２－３０８号",,13,113,1500034,,,,,,,2026-10-06,1,,,,,"ミヤコ",0
1565,6011002007415,21,0,2026-10-06,2026-09-24,"有限会社玉川屋ユニホームセンター",,302,"東京都","渋谷区","円山町２８番７号",,13,113,1500044,,,2026-09-24,01,,,2015-10-05,1,,,,,"タマガワヤユニホームセンター",0
1566,6011003021563,21,0,2026-10-06,2026-09-17,"合同会社夢コンサルティングサービス",,305,"東京都","渋谷区","渋谷２丁目１９番１９号ワコー宮益坂ビル５階",,13,113,1500002,,,2026-09-17,01,,,2025-05-15,1,,,,,"ユメコンサルティングサービス",0
1567,6011101117503,01,0,2026-10-06,2026-10-06,"株式会社おいしそう",,301,"東京都","新宿区","新宿２丁目８番１５号パークフロント新宿２０２号室",,13,104,1600022,,,,,,,2026-10-06,1,,,,,"オイシソウ",0
1568,6011303006149,01,0,2026-10-06,2026-10-06,"ワイエステート合同会社",,305,"東京都","杉並区","和田１丁目３９番１３号コーポ・シャロン２０１",,13,115,1660012,,,,,,,2026-10-06,1,,,,,"ワイエステート",0
1569,6011403005249,01,0,2026-10-06,2026-10-06,"合同会社オフィスはるひと",,305,"東京都","板橋区","本町２１番３号",,13,119,1730001,,,,,,,2026-10-06,1,,,,,"オフィスハルヒト",0
1570,6011403005257,01,0,2026-10-06,2026-10-06,"Ｂｉｎｄｅｒ　Ｎｏｒｄｉｃ合同会社",,305,"東京都","板橋区","加賀２丁目１６番１－５０１号",,13,119,1730003,,,,,,,2026-10-06,1,,,,,"ビンダーノルディック",0
1571,6011501033630,12,0,2026-10-06,2026-10-01,"麹町キャピタル株式会社",,301,"東京都","千代田区","麹町４丁目５番地７",,13,101,1020083,,,,,,,2026-08-04,1,,,,,"コウジマチキャピタル",0
1572,6011601029917,01,0,2026-10-06,2026-10-06,"リブリエ株式会社",,301,"東京都","練馬区","北町１丁目２６番４号柏原ビル１Ｆ",,13,120,1790081,,,,,,,2026-10-06,1,,,,,"リブリエ",0
1573,6011801000859,01,1,2026-10-06,2015-10-05,"株式会社恩田プレス",,301,"東京都","葛飾区","お花茶屋３丁目２６番８号",,13,122,1240003,,,,,,,2015-10-05,1,,,,,"オンダプレス",0
1574,6011803002218,21,0,2026-10-06,2026-10-02,"株式会社ＤＸＢ",,301,"京都府","京田辺市","大住大坪５９番地２",,26,211,6100343,,,2026-10-02,11,3010401174810,"令和８年９月１日東京都港区赤坂一丁目８番１号赤坂インターシティＡＩＲ１４ＦＭＳＸ株式会社（3010401174810）に合併し解散",2015-10-05,1,,,,,"ディーエックスビー",0
1575,6012401040089,12,0,2026-10-06,2026-09-30,"株式会社フライングＢ",,301,"東京都","豊島区","東池袋２丁目８番５号田川ビル１階１０１号室",,13,116,1700013,,,,,,,2023-01-20,1,,,,,"フライングビー",0
1576,6012401044949,01,0,2026-10-06,2026-10-06,"株式会社ｔｅｒｒａ",,301,"東京都","府中市","本宿町４丁目１番地の２５",,13,206,1830032,,,,,,,2026-10-06,1,,,,,"テラ",0
1577,6012702007539,01,1,2026-10-06,2015-10-05,"有限会社レジナ",,302,"東京都","東久留米市","柳窪４丁目７番３５号",,13,222,2030044,,,,,,,2015-10-05,1,,,,,"レジナ",0
1578,6013101000333,01,1,2026-10-06,2015-10-05,"株式会社プラジョウ",,301,"東京都","福生市","大字熊川５３５番地",,13,218,1970003,,,,,,,2015-10-05,0,,,,,"プラジョウ",0
1579,6013101000333,21,0,2026-10-06,2026-10-02,"株式会社プラジョウ",,301,"東京都","福生市","大字熊川５３５番地",,13,218,1970003,,,2026-10-02,01,,,2015-10-05,1,,,,,"プラジョウ",0
1580,6013201010975,21,0,2026-10-06,2026-09-08,"株式会社Ｂｕｓｉｎｅｓｓ　Ｂｏｘ　＆　Ｂｒｏａｄｂａｎｄ",,301,"東京都","目黒区","鷹番２丁目３番５号",,13,110,1520004,,,2026-09-08,01,,,2015-10-05,1,,,,,,0
1581,6013301056893,01,0,2026-10-06,2026-10-06,"株式会社モグスケ",,301,"東京都","豊島区","駒込６丁目２３番１５号",,13,116,1700003,,,,,,,2026-10-06,1,,,,,"モグスケ",0
1582,6013302005107,01,1,2026-10-06,2015-10-05,"有限会社末広湯",,302,"東京都","豊島区","千早２丁目１４番１３号",,13,116,1710044,,,,,,,2015-10-05,1,,,,,"スエヒロユ",0
1583,6020001009990,01,1,2026-10-06,2015-10-05,"株式会社三和インテリア",,301,"神奈川県","横浜市保土ケ谷区","帷子町２丁目６７番地の１",,14,106,2400013,,,,,,,2015-10-05,1,,,,,"サンワインテリア",0
1584,6020001048799,01,1,2026-10-06,2015-10-05,"株式会社トリニティシステム",,301,"神奈川県","横浜市港北区","新横浜２丁目５番４号京浜建物第二５０２号",,14,109,2220033,,,,,,,2015-10-05,1,,,,,"トリニティシステム",0
1585,6020001066859,01,1,2026-10-06,2015-10-05,"原興業株式会社",,301,"神奈川県","川崎市高津区","下野毛２丁目９番６号",,14,134,2130006,,,,,,,2015-10-05,1,,,,,"ハラコウギョウ",0
1586,6020001082559,12,0,2026-10-06,2026-09-24,"株式会社フィッシュマークＪＰ",,301,"神奈川県","横浜市港北区","日吉５丁目１２番２１－１０２号",,14,109,2230061,,,,,,,2015-10-05,1,,,,,"フィッシュマークジェーピー",0
1587,6020001160265,12,0,2026-10-06,2026-10-02,"アズマ株式会社",,301,"神奈川県","川崎市川崎区","元木２丁目３－１８屋井ビル１階１０１号室",,14,131,2100021,,,,,,,2024-11-22,1,,,,,"アズマ",0
1588,6020001168606,12,0,2026-10-06,2026-09-16,"ＭｅｄｉＣａｒｅ　Ｔｅｃｈｎｏｌｏｇｉｅｓ株式会社",,301,"神奈川県","横浜市鶴見区","生麦４丁目１０－８－２０４",,14,101,2300052,,,,,,,2026-05-20,0,,,,,"メディケアテクノロジーズ",0
1589,6020001168606,11,0,2026-10-06,2026-09-16,"株式会社アリクト",,301,"神奈川県","横浜市鶴見区","生麦４丁目１０－８－２０４",,14,101,2300052,,,,,,,2026-05-20,1,,,,,"アリクト",0
1590,6020001170685,01,0,2026-10-06,2026-10-06,"ＰＡＰＡＤＡ株式会社",,301,"神奈川県","横浜市西区","浅間町１丁目４番３号ウィザードビル４０２",,14,103,2200072,,,,,,,2026-10-06,1,,,,,"パパダ",0
1591,6020002044153,01,1,2026-10-06,2015-10-05,"有限会社中船",,302,"神奈川県","横浜市中区","相生町６丁目１０４番地",,14,104,2310012,,,,,,,2015-10-05,0,,,,,"ナカセン",0
1592,6020002044153,12,1,2026-10-06,2026-09-16,"有限会社中船",,302,"神奈川県","横浜市神奈川区","白幡上町一丁目１７番",,14,102,2210075,,,,,,,2015-10-05,1,,,,,"ナカセン",0
1593,6020002061702,21,0,2026-10-06,2026-10-01,"有限会社呉石材",,302,"神奈川県","横浜市西区","浅間町５丁目３８０番地の１３",,14,103,2200072,,,2026-10-01,11,2040001066745,"令和８年９月１日千葉県我孫子市天王台四丁目１７番１号いずみ産業株式会社（2040001066745）に合併し解散",2015-10-05,1,,,,,"クレセキザイ",0
1594,6020002062510,01,1,2026-10-06,2015-10-05,"有限会社和光管理サービス",,302,"神奈川県","横浜市金沢区","柴町２８１番地",,14,108,2360012,,,,,,,2015-10-05,1,,,,,"ワコウカンリサービス",0
1595,6020003007497,12,0,2026-10-06,2026-10-01,"ツギノテ合同会社",,305,"東京都","港区","赤坂３丁目２番６号アパ赤坂中央ビルＢ１Ｆ",,13,103,1070052,,,,,,,2015-10-05,1,,,,,"ツギノテ",0
1596,6020003031902,01,0,2026-10-06,2026-10-06,"合同会社ストヴァジャパン",,305,"神奈川県","川崎市多摩区","長尾６丁目２４番１号",,14,135,2140023,,,,,,,2026-10-06,1,,,,,"ストヴァジャパン",0
1597,6020005001481,01,1,2026-10-06,2015-10-05,"医療法人社団功徳会",,399,"神奈川県","横浜市中区","真砂町３丁目３３番地セルテ８階",,14,104,2310016,,,,,,,2015-10-05,0,,,,,,0
1598,6020005001481,11,1,2026-10-06,2020-01-15,"医療法人社団良徳会",,399,"神奈川県","横浜市中区","真砂町３丁目３３番地セルテ８階",,14,104,2310016,,,,,,,2015-10-05,0,,,,,,0
1599,6020005001481,12,1,2026-10-06,2020-01-17,"医療法人社団良徳会",,399,"東京都","渋谷区","神宮前３丁目４２番２号ＶＯＲＴ外苑前ＩＩＩ地下１階",00118800,13,113,1500001,,,,,,,2015-10-05,1,,,,,,0
1600,6021001001384,01,1,2026-10-06,2015-10-05,"株式会社田中商店",,301,"神奈川県","藤沢市","川名１丁目１０番２８号",,14,205,2510015,,,,,,,2015-10-05,1,,,,,"タナカショウテン",0
1601,6021001005377,01,1,2026-10-06,2015-10-05,"浜商サービス株式会社",,301,"神奈川県","横浜市戸塚区","秋葉町２０４番地４",,14,110,2450052,,,,,,,2015-10-05,0,,,,,"ハマショウサービス",0
1602,6021001005377,12,1,2026-10-06,2018-11-08,"浜商サービス株式会社",,301,"神奈川県","横浜市戸塚区","原宿１丁目９番１０号",,14,110,2450063,,,,,,,2015-10-05,1,,,,,"ハマショウサービス",0
1603,6021001016820,01,1,2026-10-06,2015-10-05,"株式会社南陽",,301,"神奈川県","相模原市南区","磯部１４４１番地４",,14,153,2520327,,,,,,,2015-10-05,1,,,,,"ナンヨウ",0
1604,6021001051231,01,1,2026-10-06,2015-10-05,"株式会社エム・シー・シー",,301,"神奈川県","相模原市緑区","二本松３丁目３２番６号",,14,151,2520137,,,,,,,2015-10-05,1,,,,,"エムシーシー",0
1605,6021001052551,01,1,2026-10-06,2015-10-05,"琉心興業株式会社",,301,"神奈川県","厚木市","妻田北１丁目１２番４４号クレベール１０３",,14,212,2430812,,,,,,,2015-10-05,1,,,,,"リュウシンコウギョウ",0
1606,6021001058929,21,0,2026-10-06,2026-09-14,"株式会社シーサイド",,301,"神奈川県","小田原市","風祭７２番地１",,14,206,2500032,,,2026-09-14,01,,,2016-04-06,1,,,,,"シーサイド",0
1607,6021001089305,01,0,2026-10-06,2026-10-06,"株式会社湘南電気工事",,301,"神奈川県","平塚市","大神４丁目２９番７号",,14,203,2540012,,,,,,,2026-10-06,1,,,,,"ショウナンデンキコウジ",0
1608,6021002013346,12,0,2026-10-06,2026-09-14,"有限会社湘南村",,302,"神奈川県","茅ヶ崎市","菱沼１丁目８番２７号",,14,207,2530011,,,,,,,2015-10-05,1,,,,,"ショウナンムラ",0
1609,6021003017908,01,0,2026-10-06,2026-10-06,"合同会社桐ヶ谷興産",,305,"神奈川県","横須賀市","追浜本町１丁目３９番地",,14,201,2370068,,,,,,,2026-10-06,1,,,,,"キリガヤコウサン",0
1610,6030001153474,21,0,2026-10-06,2026-09-10,"株式会社玖松",,301,"神奈川県","川崎市川崎区","貝塚１丁目５－１４",,14,131,2100014,,,2026-09-10,01,,,2023-04-20,1,,,,,"クマツ",0
1611,6030001170098,12,0,2026-10-06,2026-10-01,"株式会社わらお",,301,"長野県","長野市","大字南長野西後町１５９７番地１長野表参道ビル４階",,20,201,3800845,,,,,,,2025-12-12,1,,,,,"ワラオ",0
1612,6030002013537,21,0,2026-10-06,2026-09-17,"有限会社メイ商会",,302,"埼玉県","さいたま市浦和区","元町１丁目７番８号ハイツ元町１０４",,11,107,3300073,,,2026-09-17,01,,,2015-10-05,1,,,,,"メイショウカイ",0
1613,6030002023478,01,1,2026-10-06,2015-10-05,"有限会社早川重鍛興業",,302,"埼玉県","さいたま市岩槻区","加倉５丁目１０番地９",,11,110,3390056,,,,,,,2015-10-05,1,,,,,"ハヤカワジュウカコウギョウ",0
1614,6030003027882,12,0,2026-10-06,2026-09-16,"合同会社イサンコンサルティングファーム",,305,"埼玉県","新座市","東北２丁目３７番１０号高野ビル５階",00145162,11,230,3520001,,,,,,,2025-10-15,1,,,,,"イサンコンサルティングファーム",0
1615,6040001024757,11,0,2026-10-06,2026-09-10,"株式会社ＬＯＡ",,301,"千葉県","千葉市美浜区","打瀬３丁目６番地ミラマール３番館１４０３号",,12,106,2610013,,,,,,,2015-10-05,1,,,,,"ロア",0
1616,6040001092498,01,1,2026-10-06,2015-10-27,"株式会社ＮＧＴ",,301,"千葉県","市川市","八幡３丁目３番２－３９０３号",,12,203,2720021,,,,,,,2015-10-27,1,,,,,"エヌジーティー",0
1617,6040001096474,01,1,2026-10-06,2016-08-12,"株式会社エムズフード",,301,"千葉県","我孫子市","新木野３丁目４番１１号",,12,222,2701114,,,,,,,2016-08-12,1,,,,,"エムズフード",0
1618,6050001058985,01,0,2026-10-06,2026-10-06,"ＲＯＡＤ　ＴＲＩＰ株式会社",,301,"茨城県","結城市","大字古宿新田２４８",,08,207,3070032,,,,,,,2026-10-06,1,,,,,"ロードトリップ",0
1619,6050002025258,01,1,2026-10-06,2015-10-05,"有限会社幸手部品工業",,302,"茨城県","猿島郡五霞町","大字元栗橋５２０６番地",,08,542,3060313,,,,,,,2015-10-05,1,,,,,"サッテブヒンコウギョウ",0
1620,6050002036296,01,1,2026-10-06,2015-10-05,"有限会社木口硝子店",,302,"茨城県","取手市","野々井１０６０番地",,08,217,3020032,,,,,,,2015-10-05,1,,,,,"キグチガラステン",0
1621,6050005013879,01,0,2026-10-06,2026-10-06,"一般社団法人ＶＡＬＰＯＲＴ",,399,"茨城県","つくば市","天王台１丁目１番１号",,08,220,3050006,,,,,,,2026-10-06,1,,,,,"バルポート",0
1622,6060001039654,01,0,2026-10-06,2026-10-06,"株式会社ＣＬＥＡＮ　ＮＥＸＴ",,301,"栃木県","大田原市","実取２５３番地ｌ",,09,210,3240045,,,,,,,2026-10-06,1,,,,,"クリーンネクスト",0
1623,6060001039662,01,0,2026-10-06,2026-10-06,"株式会社吉水",,301,"栃木県","小山市","城北５丁目１５番地４コーラルリーフ１０５",,09,208,3230029,,,,,,,2026-10-06,1,,,,,"ヨシミズ",0
1624,6070001044546,01,0,2026-10-06,2026-10-06,"株式会社Ａ＆Ａ",,301,"群馬県","吾妻郡中之条町","大字伊勢町８６０番１号",,10,421,3770423,,,,,,,2026-10-06,1,,,,,"エーアンドエー",0
1625,6080001010183,01,1,2026-10-06,2015-10-05,"井上水産株式会社",,301,"静岡県","静岡市清水区","蒲原４丁目３３番３号",,22,103,4213203,,,,,,,2015-10-05,1,,,,,"イノウエスイサン",0
1626,6080001027459,12,0,2026-10-06,2026-10-01,"株式会社ココル",,301,"静岡県","焼津市","大住７０番地の３",,22,212,4250072,,,,,,,2026-03-09,1,,,,,"ココル",0
1627,6080001027847,01,0,2026-10-06,2026-10-06,"株式会社Ｋ．Ｔ．Ｕ",,301,"静岡県","焼津市","南小川２丁目１２番地の７",,22,212,4250037,,,,,,,2026-10-06,1,,,,,"ケーティーユー",0
1628,6080101016147,12,0,2026-10-06,2026-09-29,"株式会社トクラビジネスソリューション",,301,"静岡県","沼津市","岡一色１９７番地の１",,22,203,4100012,,,,,,,2015-10-05,1,,,,,"トクラビジネスソリューション",0
1629,6080101026542,01,0,2026-10-06,2026-10-06,"株式会社キタス",,301,"静岡県","伊豆市","熊坂９０５番地の１",,22,222,4102411,,,,,,,2026-10-06,1,,,,,"キタス",0
1630,6080401019650,01,1,2026-10-06,2015-10-05,"株式会社ユアハート",,301,"静岡県","磐田市","一言２６９０番地２",,22,211,4380811,,,,,,,2015-10-05,1,,,,,"ユアハート",0
1631,6080401028882,01,0,2026-10-06,2026-10-06,"株式会社ＮＥＯＡ",,301,"静岡県","磐田市","豊島１４４６番地２",,22,211,4380047,,,,,,,2026-10-06,1,,,,,"ネオア",0
1632,6080401028890,01,0,2026-10-06,2026-10-06,"株式会社Ｔ＆Ｍトレード",,301,"静岡県","浜松市中央区","蜆塚２丁目１０－９エヴァ・グリーン２０１",,22,138,4328018,,,,,,,2026-10-06,1,,,,,"ティーアンドエムトレード",0
1633,6090001020108,01,0,2026-10-06,2026-10-06,"株式会社アイレクスパートナーズ",,301,"山梨県","甲府市","丸の内２丁目２番１号ＣＲＯＳＳ５００－１階",,19,201,4000031,,,,,,,2026-10-06,1,,,,,"アイレクスパートナーズ",0
1634,6090003003135,01,0,2026-10-06,2026-10-06,"合同会社八ヶ岳ソフトウェア開発",,305,"山梨県","北杜市","高根町清里３５４５番地１清里フォーレスト１０２号室",,19,209,4070301,,,,,,,2026-10-06,1,,,,,"ヤツガタケソフトウェアカイハツ",0
1635,6100001037488,12,0,2026-10-06,2026-10-02,"黒姫エンタープライゼス株式会社",,301,"長野県","上水内郡信濃町","大字野尻２４９７番地３８０",,20,583,3891303,,,,,,,2024-05-29,1,,,,,"クロヒメエンタープライゼス",0
1636,6100001037934,11,0,2026-10-06,2026-10-01,"西川株式会社",,301,"長野県","上田市","材木町２丁目１２番６号",,20,203,3860014,,,,,,,2024-10-18,1,,,,,"ニシカワ",0
1637,6100001040054,01,0,2026-10-06,2026-10-06,"株式会社フジカメアルミ",,301,"長野県","上伊那郡辰野町","大字平出２５４７番地",,20,382,3990422,,,,,,,2026-10-06,1,,,,,"フジカメアルミ",0
1638,6100002038048,21,0,2026-10-06,2026-09-30,"有限会社一光年",,302,"長野県","下伊那郡高森町","上市田６４５番地",,20,403,3993104,,,2026-09-30,01,,,2015-10-05,1,,,,,"イチコウネン",0
1639,6110001040433,01,0,2026-10-06,2026-10-06,"株式会社彦左ヱ門",,301,"新潟県","糸魚川市","寺島１丁目９番４号",,15,216,9410066,,,,,,,2026-10-06,1,,,,,"ヒコザエモン",0
1640,6110002017793,12,0,2026-10-06,2026-10-01,"有限会社渡辺総業",,302,"新潟県","新潟市江南区","曙町３丁目４６８番地１",,15,104,9500134,,,,,,,2015-10-05,1,,,,,"ワタナベソウギョウ",0
1641,6120001004354,21,0,2026-10-06,2026-10-02,"丸美商事株式会社",,301,"大阪府","大阪市西成区","鶴見橋１丁目１４番５号",,27,122,5570031,,,2026-10-02,01,,,2015-10-05,1,,,,,"マルミショウジ",0
1642,6120001019006,01,1,2026-10-06,2015-10-05,"株式会社宮崎電気商会",,301,"大阪府","大阪市生野区","中川２丁目７番１５号",,27,116,5440005,,,,,,,2015-10-05,1,,,,,"ミヤザキデンキショウカイ",0
1643,6120001044854,71,0,2026-10-06,2026-10-01,"大環工業株式会社",,301,"大阪府","大阪市西区","京町堀１丁目６番１７号",,27,106,5500003,,,,,,"令和８年１０月１日大阪市中央区神崎町２番３３号大阪総合設計株式会社（1120001006768）を合併",2015-10-05,1,,,,,"ダイカンコウギョウ",0
1644,6120001071592,12,0,2026-10-06,2026-10-01,"株式会社ユアブレインズ",,301,"大阪府","大阪市淀川区","西中島６丁目１番１号新大阪プライムタワー",,27,123,5320011,,,,,,,2015-10-05,1,,,,,"ユアブレインズ",0
1645,6120001090493,12,0,2026-10-06,2026-09-30,"南川商事株式会社",,301,"大阪府","大阪市天王寺区","生玉町１１番２９－７１６号",,27,109,5430071,,,,,,,2015-10-05,1,,,,,"ミナミカワショウジ",1
1646,6120001160668,11,0,2026-10-06,2026-10-01,"株式会社夢み",,301,"兵庫県","尼崎市","東七松町１丁目８番８号",,28,202,6600051,,,,,,,2015-10-05,1,,,,,"ミュウシード",0
1647,6120001173918,01,1,2026-10-06,2015-10-05,"株式会社すいどーる",,301,"大阪府","守口市","大日東町１１－８",,27,209,5700016,,,,,,,2015-10-05,0,,,,,"スイドール",0
1648,6120001173918,12,1,2026-10-06,2025-08-15,"株式会社すいどーる",,301,"東京都","新宿区","百人町１丁目２４番２２号宝月荘３号室",,13,104,1690073,,,,,,,2015-10-05,1,,,,,"スイドール",0
1649,6120001249362,12,0,2026-10-06,2026-09-30,"株式会社ＳＯＯＹＥ",,301,"大阪府","大阪市中央区","南船場３丁目２番６号大阪農林会館ビル５１０",,27,128,5420081,,,,,,,2022-10-07,1,,,,,"ソーイ",0
1650,6120001265211,21,0,2026-10-06,2026-09-29,"宝創株式会社",,301,"大阪府","豊中市","服部寿町１丁目６番３－１０６号",,27,203,5610857,,,2026-09-29,01,,,2024-05-22,1,,,,,"ホウソウ",0
1651,6120001289474,01,0,2026-10-06,2026-10-06,"株式会社ＢＵＩＬＴＡＳ",,301,"大阪府","守口市","大日東町４番Ｇ－３７０４号",,27,209,5700016,,,,,,,2026-10-06,1,,,,,"ビルタス",0
1652,6120002001557,01,1,2026-10-06,2015-10-05,"有限会社山崎製作所",00030012,302,"大阪府","大阪市鶴見区","緑３丁目１５番２１号",,27,124,5380054,,,,,,,2015-10-05,1,,,,,"ヤマザキセイサクショ",0
1653,6120002016027,01,1,2026-10-06,2015-10-05,"有限会社米光熔工所",,302,"大阪府","大阪市港区","波除１丁目４番７９号",,27,107,5520001,,,,,,,2015-10-05,1,,,,,"ヨネミツヨウコウショ",0
1654,6120002023725,12,0,2026-10-06,2026-09-25,"株式会社関西Ｍサービス",,301,"大阪府","大阪市淀川区","三津屋南２丁目１９番３号",,27,123,5320035,,,,,,,2015-10-05,1,,,,,"カンサイエムサービス",0
1655,6120002031018,01,1,2026-10-06,2015-10-05,"白鳩メリヤス有限会社",,302,"大阪府","大阪市北区","浮田２丁目５番２７号",,27,127,5300021,,,,,,,2015-10-05,1,,,,,"シロハトメリヤス",0
1656,6120003033566,01,0,2026-10-06,2026-10-06,"合同会社誠人",,305,"大阪府","大阪市東淀川区","北江口４丁目４番８号",,27,114,5330002,,,,,,,2026-10-06,1,,,,,"セイト",0
1657,6120003033590,01,0,2026-10-06,2026-10-06,"ＭＡＮＴＡ合同会社",,305,"大阪府","大阪市中央区","西心斎橋１丁目１２番２３－１９０４号",,27,128,5420086,,,,,,,2026-10-06,1,,,,,"マンタ",0
1658,6120003033632,01,0,2026-10-06,2026-10-06,"ＲＹＳ合同会社",,305,"大阪府","大阪市都島区","高倉町１丁目１４‐１５‐５Ｆ",,27,102,5340011,,,,,,,2026-10-06,1,,,,,"レイズ",0
1659,6120005025801,01,0,2026-10-06,2026-10-06,"一般社団法人フェムケア教育協会",,399,"大阪府","大阪市北区","天神橋１丁目１９番４号イサムビル１階",,27,127,5300041,,,,,,,2026-10-06,1,,,,,"フェムケアキョウイクキョウカイ",0
1660,6120101026760,12,0,2026-10-06,2026-10-02,"株式会社斎藤",,301,"大阪府","松原市","河合４丁目３８７番１",,27,217,5800022,,,,,,,2015-10-05,1,,,,,"サイトウ",0
1661,6120101030176,12,0,2026-10-06,2026-10-01,"株式会社サンクスロード",,301,"大阪府","岸和田市","上松町５１１番地の２４３",,27,202,5960827,,,,,,,2015-10-05,1,,,,,"サンクスロード",0
1662,6120101051271,12,0,2026-10-06,2026-10-02,"株式会社ライズ",,301,"兵庫県","神戸市東灘区","本山北町６丁目２番３５号",,28,101,6580003,,,,,,,2015-10-05,1,,,,,"ライズ",0
1663,6120101074454,01,0,2026-10-06,2026-10-06,"株式会社Ｅ‐Ｎｅｘｕｓ",,301,"大阪府","羽曳野市","野２９０番地１",,27,222,5830884,,,,,,,2026-10-06,1,,,,,"イーネクサス",0
1664,6120101074479,01,0,2026-10-06,2026-10-06,"株式会社ＹＡ不動産",,301,"大阪府","堺市西区","鳳南町３丁１９９番地１レフトウイング５１７号",,27,144,5938325,,,,,,,2026-10-06,1,,,,,"ワイエーフドウサン",0
1665,6120103007370,01,0,2026-10-06,2026-10-06,"ＳＩＧ合同会社",,305,"大阪府","羽曳野市","島泉６丁目１２番２０号",,27,222,5830881,,,,,,,2026-10-06,1,,,,,"エスアイジー",0
1666,6120105007170,01,1,2026-10-06,2015-10-05,"興善寺",,399,"大阪府","泉南郡岬町","多奈川谷川１４６０番地",,27,366,5990311,,,,,,,2015-10-05,1,,,,,"コウゼンジ",0
1667,6120901020228,21,0,2026-10-06,2026-10-01,"株式会社上田新一商店",,301,"大阪府","箕面市","箕面５丁目１３番５３－２１１号",,27,220,5620001,,,2026-10-01,01,,,2015-10-05,1,,,,,"ウエダシンイチショウテン",0
1668,6120901027479,01,1,2026-10-06,2015-10-05,"株式会社エイジン",,301,"大阪府","豊中市","庄内東町３丁目８番２２号",,27,203,5610831,,,,,,,2015-10-05,0,,,,,"エイジン",0
1669,6120901027479,12,1,2026-10-06,2016-08-04,"株式会社エイジン",,301,"大阪府","豊中市","庄内東町３丁目１番４１－９０７号",,27,203,5610831,,,,,,,2015-10-05,0,,,,,"エイジン",0
1670,6120901027479,12,1,2026-10-06,2017-03-30,"株式会社エイジン",,301,"兵庫県","加古郡播磨町","古田２丁目１番２８号",,28,382,6750146,,,,,,,2015-10-05,0,,,,,"エイジン",0
1671,6120901027479,12,1,2026-10-06,2026-09-28,"株式会社エイジン",,301,"兵庫県","加古川市","西神吉町大国２３５番地",,28,210,6750044,,,,,,,2015-10-05,1,,,,,"エイジン",0
1672,6120901042255,12,0,2026-10-06,2026-09-28,"株式会社住装",,301,"大阪府","池田市","古江町１番地の２３２",,27,204,5630015,,,,,,,2020-01-16,1,,,,,"ジュウソウ",0
1673,6120901053285,01,0,2026-10-06,2026-10-06,"株式会社Ｃｉｒｃｌｅ　Ｐａｒｔｎｅｒｓ",,301,"大阪府","茨木市","横江１丁目１１－３１",,27,211,5670865,,,,,,,2026-10-06,1,,,,,"サークルパートナーズ",0
1674,6130002012537,12,0,2026-10-06,2026-09-18,"有限会社トラスト",,302,"京都府","京都市山科区","西野山桜ノ馬場町１７４番地３",,26,110,6078308,,,,,,,2015-10-05,1,,,,,"トラスト",0
1675,6130003010259,12,0,2026-10-06,2026-09-03,"ＦＵＮ　ＣＯＮＮＥＣＴ合同会社",,305,"京都府","京都市東山区","五条橋東４丁目４３２ココナガヤＢ号室",,26,105,6050846,,,,,,,2025-03-06,1,,,,,"ファンコネクト",0
1676,6130005002717,01,1,2026-10-06,2015-10-05,"一般財団法人賀茂県主同族会",,399,"京都府","京都市北区","上賀茂本山町３３９番地賀茂別雷神社社務所内",,26,101,6038047,,,,,,,2015-10-05,1,,,,,"カモアガタヌシドウゾクカイ",0
1677,6140001144198,01,0,2026-10-06,2026-10-06,"阿曽芙実建築設計事務所株式会社",,301,"兵庫県","神戸市灘区","国玉通４丁目２番７号",,28,102,6570816,,,,,,,2026-10-06,1,,,,,"アソフミケンチクセッケイジムショ",0
1678,6140001144223,01,0,2026-10-06,2026-10-06,"株式会社Ｍａｎａｈａｔａ",,301,"兵庫県","神戸市中央区","磯辺通２丁目２－１０－１００６",,28,110,6510084,,,,,,,2026-10-06,1,,,,,"マナハタ",0
1679,6140002031288,01,1,2026-10-06,2015-10-05,"有限会社吉岡造園設景",,302,"兵庫県","三木市","緑が丘町中１丁目９番地の１",,28,215,6730532,,,,,,,2015-10-05,1,,,,,"ヨシオカゾウエンセッケイ",0
1680,6140003022575,12,0,2026-10-06,2026-09-30,"合同会社ＳＡＩＧＯＮ　ＦＯＯＤ",,305,"北海道","札幌市中央区","南十一条西８丁目４－１７高柳マンション４０１号室",,01,101,0640811,,,,,,,2025-09-11,1,,,,,"サイゴンフード",0
1681,6140005028075,01,0,2026-10-06,2026-10-06,"一般社団法人Ｄｒ．Ｖｏｄｄｅｒ　Ｓｃｈｏｏｌ　Ｊａｐａｎ",,399,"兵庫県","神戸市東灘区","住吉東町５丁目２－２ビュータワー住吉館１０４",,28,101,6580052,,,,,,,2026-10-06,1,,,,,"ドクターボダースクールジャパン",0
1682,6160001012584,21,0,2026-10-06,2026-10-01,"株式会社塩田木材",,301,"滋賀県","近江八幡市","加茂町３８０番地",,25,204,5230058,,,2026-10-01,01,,,2015-10-05,1,,,,,"シオタモクザイ",0
1683,6160001021115,12,0,2026-10-06,2026-10-01,"株式会社エステクノ関西",,301,"滋賀県","湖南市","柑子袋西４丁目９番３号",,25,211,5203237,,,,,,,2018-08-06,1,,,,,"エステクノカンサイ",0
1684,6160001027962,01,0,2026-10-06,2026-10-06,"株式会社関西クリスタルサービス",,301,"滋賀県","草津市","追分８丁目４番１０号",,25,206,5250047,,,,,,,2026-10-06,1,,,,,"カンサイクリスタルサービス",0
1685,6160002001140,01,1,2026-10-06,2015-10-05,"有限会社谷口工業所",,302,"滋賀県","大津市","緑町６番１１号",,25,201,5200221,,,,,,,2015-10-05,1,,,,,"タニグチコウギョウショ",0
1686,6160002008838,12,0,2026-10-06,2026-10-01,"有限会社アイメディア",,302,"滋賀県","長浜市","北船町３番２４号",,25,203,5260057,,,,,,,2015-10-05,1,,,,,"アイメディア",0
1687,6170002008770,21,0,2026-10-06,2026-10-01,"有限会社小山茶舗",,302,"和歌山県","田辺市","湊５０番９号",,30,206,6460031,,,2026-10-01,01,,,2015-10-05,1,,,,,"コヤマチャホ",0
1688,6180001056200,12,0,2026-10-06,2026-10-01,"株式会社Ｙ＆Ｙ",,301,"愛知県","名古屋市中区","丸の内１丁目９番２３号",,23,106,4600002,,,,,,,2015-10-05,1,,,,,"ワイアンドワイ",0
1689,6180001062330,01,1,2026-10-06,2015-10-05,"株式会社ラグジュオール",,301,"愛知県","名古屋市守山区","小幡１丁目１９番１４号",,23,113,4630011,,,,,,,2015-10-05,1,,,,,"ラグジュオール",0
1690,6180001090595,21,0,2026-10-06,2026-09-24,"株式会社エバークリーン",,301,"愛知県","清須市","西枇杷島町古城１丁目８番地５",,23,233,4520001,,,2026-09-24,01,,,2015-10-05,1,,,,,"エバークリーン",0
1691,6180001090884,12,0,2026-10-06,2026-10-02,"キャピタルランチャーズ株式会社",,301,"東京都","千代田区","丸の内１丁目１１番１号",,13,101,1000005,,,,,,,2015-10-05,1,,,,,"キャピタルランチャーズ",0
1692,6180001120724,12,0,2026-10-06,2026-10-01,"株式会社ケイプロジェクト",,301,"愛知県","名古屋市中川区","東中島町６丁目６７番地",,23,110,4540866,,,,,,,2015-10-26,1,,,,,"ケイプロジェクト",0
1693,6180001122407,01,1,2026-10-06,2016-03-04,"株式会社マルブン",,301,"愛知県","津島市","鹿伏兎町東３０４番地",,23,208,4960023,,,,,,,2016-03-04,1,,,,,"マルブン",0
1694,6180001122514,01,1,2026-10-06,2016-03-16,"株式会社フォレスト",,301,"愛知県","丹羽郡大口町","余野３丁目１０３番地",,23,361,4800146,,,,,,,2016-03-16,1,,,,,"フォレスト",0
1695,6180001127694,01,1,2026-10-06,2017-05-11,"ライズファクトリー株式会社",,301,"愛知県","海部郡大治町","大字花常字郷浦２３番地の１",,23,424,4901136,,,,,,,2017-05-11,0,,,,,"ライズファクトリー",0
1696,6180001127694,12,1,2026-10-06,2026-10-01,"ライズファクトリー株式会社",,301,"愛知県","海部郡大治町","大字花常字郷浦２４番地の４",,23,424,4901136,,,,,,,2017-05-11,1,,,,,"ライズファクトリー",0
1697,6180001135887,12,0,2026-10-06,2026-10-01,"株式会社ライトハンド",,301,"愛知県","名古屋市中区","錦２丁目１５番２２号名古屋伏見Ｋフロンティア９Ｆ",,23,106,4600003,,,,,,,2019-03-27,1,,,,,"ライトハンド",0
1698,6180001157790,01,1,2026-10-06,2023-08-31,"株式会社美霞",,301,"愛知県","名古屋市西区","花の木３丁目１１－１７ウエスト花の木３Ｅ",,23,104,4510062,,,,,,,2023-08-31,0,"Mika Sogo Trading Co., Ltd.","Aichi","3E West Hananoki, 11-17 Hananoki, 3 Chome, Nishi Ku, Nagoya Shi",,"ミカ",0
1699,6180001157790,12,1,2026-10-06,2024-09-11,"株式会社美霞",,301,"愛知県","名古屋市西区","樋の口町１番１５号ホーワビル３階１５号",,23,104,4510034,,,,,,,2023-08-31,0,"Mika Sogo Trading Co., Ltd.","Aichi","3E West Hananoki, 11-17 Hananoki, 3 Chome, Nishi Ku, Nagoya Shi",,"ミカ",0
1700,6180001157790,12,1,2026-10-06,2026-02-03,"株式会社美霞",,301,"愛知県","名古屋市西区","名駅２丁目２９－２８グランデール名古屋１０４号室",,23,104,4510045,,,,,,,2023-08-31,1,"Mika Sogo Trading Co., Ltd.","Aichi","R104, Grandir Nagoya, 2-29-28, Meieki, Nishi-Ku, Nagoya-Shi",,"ミカ",0
1701,6180001173689,01,0,2026-10-06,2026-10-06,"株式会社Ｇｌａｄｉａ",,301,"愛知県","一宮市","瀬部字大塚５３番地",00145153,23,203,4910001,,,,,,,2026-10-06,1,,,,,"グラディア",0
1702,6180001173697,01,0,2026-10-06,2026-10-06,"株式会社Ｈｉｎｏｄｅ",,301,"愛知県","名古屋市西区","菊井１丁目１３番６号－１",,23,104,4510044,,,,,,,2026-10-06,1,,,,,"ヒノデ",0
1703,6180001173714,01,0,2026-10-06,2026-10-06,"株式会社ＡＺＶＩＡ",,301,"愛知県","名古屋市中村区","名駅３丁目４番１０号アルティメイト名駅１ｓｔ２階",,23,105,4500002,,,,,,,2026-10-06,1,,,,,"アズヴィア",0
1704,6180001173722,01,0,2026-10-06,2026-10-06,"インフォース株式会社",,301,"愛知県","名古屋市東区","泉３丁目１７番１０号泉ビル３０４号",,23,102,4610001,,,,,,,2026-10-06,1,,,,,"インフォース",0
1705,6180001173739,01,0,2026-10-06,2026-10-06,"株式会社うえはら屋",,301,"愛知県","小牧市","東２丁目４４４番地",,23,219,4850831,,,,,,,2026-10-06,1,,,,,"ウエハラヤ",0
1706,6180001173747,01,0,2026-10-06,2026-10-06,"株式会社美心",,301,"愛知県","名古屋市港区","当知４丁目２００４グランツ３０３",,23,111,4550804,,,,,,,2026-10-06,1,,,,,"ビシン",0
1707,6180001173763,01,0,2026-10-06,2026-10-06,"株式会社エム",,301,"愛知県","名古屋市守山区","大字川字東山２６１８番地",,23,113,4630005,,,,,,,2026-10-06,1,,,,,"エム",0
1708,6180001173788,01,0,2026-10-06,2026-10-06,"株式会社吉田興業",,301,"愛知県","北名古屋市","石橋郷２７４番地ＳＴＯＮＥＶＩＬＬＡＧＥ石橋Ｃ号",,23,234,4810046,,,,,,,2026-10-06,1,,,,,"ヨシダコウギョウ",0
1709,6180002072139,21,0,2026-10-06,2026-09-30,"有限会社八丸加藤商店",,302,"愛知県","瀬戸市","川北町２丁目７３番地",,23,204,4890927,,,2026-09-30,01,,,2015-10-05,1,,,,,"ハチマルカトウショウテン",0
1710,6180003030871,01,0,2026-10-06,2026-10-06,"合同会社ＣＡＲＴＥ",,305,"愛知県","名古屋市東区","東桜１丁目１０番４号",,23,102,4610005,,,,,,,2026-10-06,1,,,,,"カルテ",0
1711,6180301022521,01,1,2026-10-06,2015-10-05,"杉浦住設工業株式会社",,301,"愛知県","西尾市","寺津２丁目２番地５",,23,213,4440327,,,,,,,2015-10-05,1,,,,,"スギウラジュウセツコウギョウ",0
1712,6180301038897,12,0,2026-10-06,2026-09-18,"株式会社ＧＯＯＤ　ＬＵＣＫ",,301,"愛知県","岡崎市","康生町６３１ロイヤルシティ岡崎公園１１０６",,23,202,4440052,,,,,,,2024-08-05,1,,,,,"グッドラック",0
1713,6180305003690,01,1,2026-10-06,2015-10-05,"光明寺",,399,"愛知県","豊川市","小坂井町欠山７５番地",,23,207,4410103,,,,,,,2015-10-05,1,,,,,"コウミョウジ",0
1714,6180305003781,01,1,2026-10-06,2015-10-05,"東漸寺",,399,"愛知県","豊川市","伊奈町縫殿５８番地",,23,207,4410105,,,,,,,2015-10-05,1,,,,,"トウゼンジ",0
1715,6190001033487,01,0,2026-10-06,2026-10-06,"ＳＵＮＮＹ株式会社",,301,"三重県","津市","一志町みのりヶ丘１１５番地２４８",,24,201,5152517,,,,,,,2026-10-06,1,,,,,"サニー",0
1716,6200001008297,01,1,2026-10-06,2015-10-05,"山田タイル株式会社",,301,"岐阜県","岐阜市","岩崎８５７番地２",,21,201,5020005,,,,,,,2015-10-05,1,,,,,"ヤマダタイル",0
1717,6200001045530,01,0,2026-10-06,2026-10-06,"エニシオ株式会社",,301,"岐阜県","大垣市","八島町２３８３番地７",,21,202,5030016,,,,,,,2026-10-06,1,,,,,"エニシオ",0
1718,6200003007479,01,0,2026-10-06,2026-10-06,"合同会社ａｉｎｏｗａ",,305,"岐阜県","加茂郡富加町","羽生１４８０番地１４",,21,502,5013303,,,,,,,2026-10-06,1,,,,,"アイノワ",0
1719,6210001012158,01,1,2026-10-06,2015-10-05,"キド産業株式会社",,301,"福井県","越前市","野岡町第１号３番地",,18,209,9150264,,,,,,,2015-10-05,1,,,,,,0
1720,6220001000392,01,1,2026-10-06,2015-10-05,"株式会社大日自動車販売",,301,"石川県","野々市市","新庄１丁目８７番地",,17,212,9218824,,,,,,,2015-10-05,1,,,,,"ダイニチジドウシャハンバイ",0
1721,6220001007339,71,0,2026-10-06,2026-10-01,"ソフィア株式会社",,301,"石川県","金沢市","高尾南３丁目９３番地",,17,201,9218154,,,,,,"令和８年１０月１日石川県金沢市高尾南三丁目９３番地株式会社エスアールシー（7220001018616）を合併",2015-10-05,1,,,,,"ソフィア",0
1722,6220001027626,01,0,2026-10-06,2026-10-06,"株式会社ふうりん",,301,"石川県","白山市","長竹町３２８番地２",,17,210,9240811,,,,,,,2026-10-06,1,,,,,"フウリン",0
1723,6230001011182,01,1,2026-10-06,2015-10-05,"株式会社若林電工",,301,"富山県","高岡市","林新６８番地",,16,202,9330818,,,,,,,2015-10-05,1,,,,,"ワカバヤシデンコウ",0
1724,6240001067100,01,0,2026-10-06,2026-10-06,"ＫＡＮＥＮＡＫＡ＆ＣＯ．株式会社",,301,"広島県","豊田郡大崎上島町","木江甲５２２３番地２",,34,431,7250401,,,,,,,2026-10-06,1,,,,,"カネナカアンドカンパニー",0
1725,6240001067109,01,0,2026-10-06,2026-10-06,"株式会社富士當",,301,"広島県","広島市安芸区","矢野西７丁目１３番６－３０２号Ａ棟",,34,107,7360085,,,,,,,2026-10-06,1,,,,,"フジトミ",0
1726,6240001067125,01,0,2026-10-06,2026-10-06,"株式会社ＣＲＥＷ",,301,"広島県","福山市","千田町２丁目４２番２５－５号",,34,207,7200017,,,,,,,2026-10-06,1,,,,,"クルー",0
1727,6240001067141,01,0,2026-10-06,2026-10-06,"ＭＩＭＯ株式会社",,301,"広島県","竹原市","中央１丁目２番２号",,34,203,7250026,,,,,,,2026-10-06,1,,,,,"ミモ",0
1728,6240003007962,01,0,2026-10-06,2026-10-06,"合同会社Ｓｅａ　Ｍｏｕｔｈ",,305,"広島県","山県郡北広島町","蔵迫１２４５番地１",,34,369,7311502,,,,,,,2026-10-06,1,,,,,"シーマウス",0
1729,6250002013060,21,0,2026-10-06,2026-10-01,"有限会社カネショク",,302,"山口県","萩市","大字椿字長野２８番地の２",,35,204,7580061,,,2026-10-01,01,,,2015-10-05,1,,,,,"カネショク",0
1730,6260001011378,12,0,2026-10-06,2026-10-02,"株式会社Ｒｅｏ",,301,"岡山県","岡山市北区","加茂８４３番地１",,33,101,7011342,,,,,,,2015-10-05,1,,,,,"レオ",0
1731,6260001022788,01,1,2026-10-06,2015-10-05,"小林測量設計株式会社",,301,"岡山県","真庭市","上市瀬１７８番地",,33,214,7193141,,,,,,,2015-10-05,1,,,,,"コバヤシソクリョウセッケイ",0
1732,6260001041689,01,0,2026-10-06,2026-10-06,"株式会社石井空調",,301,"岡山県","岡山市北区","下伊福本町１０－１０－２０３",,33,101,7000053,,,,,,,2026-10-06,1,,,,,"イシイクウチョウ",0
1733,6260002025187,21,0,2026-10-06,2026-10-01,"有限会社ダスキン笠岡",,302,"岡山県","笠岡市","新横島６番地の２７",,33,205,7140093,,,2026-10-01,01,,,2015-10-05,1,,,,,,0
1734,6280002004429,01,1,2026-10-06,2015-10-05,"有限会社野井定置漁業",,302,"島根県","松江市","島根町野井３１７番地",,32,201,6901211,,,,,,,2015-10-05,1,,,,,"ノイテイチギョギョウ",0
1735,6290001066155,12,0,2026-10-06,2026-09-14,"ライフワン株式会社",,301,"福岡県","福岡市博多区","博多駅前１丁目２３番２号ＰａｒｋＦｒｏｎｔ博多駅前１丁目５Ｆ－Ｂ",,40,132,8120011,,,,,,,2015-10-05,1,,,,,"ライフワン",0
1736,6290001084207,12,0,2026-10-06,2026-10-02,"株式会社トモミ商会",,301,"福岡県","糸島市","浦志１丁目８番８号",,40,230,8191112,,,,,,,2019-02-08,1,,,,,"トモミショウカイ",0
1737,6290001115639,01,0,2026-10-06,2026-10-06,"株式会社ＬＥｃｌａｔ",,301,"福岡県","筑紫野市","二日市北４丁目１２番１－５０３号",,40,217,8180056,,,,,,,2026-10-06,1,,,,,"レクラ",0
1738,6290001115671,01,0,2026-10-06,2026-10-06,"パッシブハウソリューション株式会社",,301,"福岡県","福岡市中央区","赤坂１丁目２番７号",,40,133,8100042,,,,,,,2026-10-06,1,,,,,"パッシブハウソリューション",0
1739,6290001115688,01,0,2026-10-06,2026-10-06,"株式会社めぐり",,301,"福岡県","宗像市","大井台２４番１０号",,40,220,8113433,,,,,,,2026-10-06,1,,,,,"メグリ",0
1740,6290001115713,01,0,2026-10-06,2026-10-06,"株式会社かねひろ園芸",,301,"福岡県","久留米市","藤山町６９６番地１４",,40,203,8300053,,,,,,,2026-10-06,1,,,,,"カネヒロエンゲイ",0
1741,6290002012892,12,0,2026-10-06,2026-09-15,"有限会社復古堂",,302,"福岡県","福岡市博多区","下川端町１０番５号",,40,132,8120027,,,,,,,2015-10-05,1,,,,,,0
1742,6290005020232,01,0,2026-10-06,2026-10-06,"一般社団法人おたすけライオン",,399,"福岡県","福岡市早良区","脇山１丁目７－３",,40,137,8111111,,,,,,,2026-10-06,1,,,,,"オタスケライオン",0
1743,6300001007108,01,1,2026-10-06,2015-10-05,"株式会社井上鮮魚",,301,"佐賀県","唐津市","海岸通７１８２番地４１１",,41,202,8470873,,,,,,,2015-10-05,1,,,,,,0
1744,6300001014764,01,0,2026-10-06,2026-10-06,"株式会社佐賀Ｓ＆Ｅマネジメント",,301,"佐賀県","三養基郡基山町","大字小倉３３２番地８２",,41,341,8410201,,,,,,,2026-10-06,1,,,,,"サガエスアンドイーマネジメント",0
1745,6300002005845,01,1,2026-10-06,2015-10-05,"有限会社大坪砕石運送",,302,"佐賀県","武雄市","武雄町大字永島１７９４５番地",,41,206,8430021,,,,,,,2015-10-05,1,,,,,,0
1746,6310001010969,12,0,2026-10-06,2026-10-01,"株式会社神田商会",,301,"長崎県","五島市","東浜町１丁目１９番１０号",,42,211,8530015,,,,,,,2015-10-05,1,,,,,"カンダショウカイ",0
1747,6310005008935,01,0,2026-10-06,2026-10-06,"一般社団法人瑠璃の水辺",,399,"長崎県","東彼杵郡川棚町","小串郷５７番地",,42,322,8593618,,,,,,,2026-10-06,1,,,,,"ルリノミズベ",0
1748,6320001006438,01,1,2026-10-06,2015-10-05,"株式会社長松商店",,301,"大分県","別府市","上人ケ浜町２番４９号",,44,202,8740023,,,,,,,2015-10-05,1,,,,,"ナガマツショウテン",0
1749,6330001034719,01,0,2026-10-06,2026-10-06,"株式会社ＨＩＫＡＲＩ　ＤＥＳＩＧＮ",,301,"熊本県","上益城郡嘉島町","大字上仲間８１２番地１パークワイレア３０２",,43,442,8613107,,,,,,,2026-10-06,1,,,,,"ヒカリデザイン",0
1750,6330002026681,01,1,2026-10-06,2015-10-05,"有限会社ギャル",,302,"熊本県","八代市","鏡町鏡村４５番地の３",,43,202,8694201,,,,,,,2015-10-05,1,,,,,"ギャル",0
1751,6340001012905,01,1,2026-10-06,2015-10-05,"株式会社文泉堂",,301,"鹿児島県","南九州市","頴娃町牧之内３０００番地",,46,223,8910702,,,,,,,2015-10-05,1,,,,,"ブンセンドウ",0
1752,6350001008035,12,0,2026-10-06,2026-10-01,"正栄技術コンサルタント株式会社",,301,"宮崎県","都城市","都北町５８８５番地１",,45,202,8850004,,,,,,,2015-10-05,1,,,,,"ショウエイギジュツコンサルタント",0
1753,6350001020295,01,0,2026-10-06,2026-10-06,"ココステート株式会社",,301,"宮崎県","宮崎市","清武町加納甲１７１１番地１６",,45,201,8891605,,,,,,,2026-10-06,1,,,,,"ココステート",0
1754,6360003016209,01,0,2026-10-06,2026-10-06,"蓮咲合同会社",,305,"沖縄県","沖縄市","大里３丁目１６番６号アイランド大里３０１号",,47,211,9042163,,,,,,,2026-10-06,1,,,,,"レンサキ",0
1755,6370001016746,12,0,2026-10-06,2026-10-02,"株式会社サロンマーケット",,301,"東京都","豊島区","池袋４丁目２６番１号",,13,116,1710014,,,,,,,2015-10-05,1,,,,,"サロンマーケット",0
1756,6380001027296,21,0,2026-10-06,2026-10-01,"株式会社Ｈｅｌｉｏｓ",,301,"福島県","伊達市","箱崎字布川１３０番地１",,07,213,9600502,,,2026-10-01,11,6380002006893,"令和８年１０月１日福島市丸子字富塚１８番地の４株式会社おひさま（6380002006893）に合併し解散",2016-09-07,1,,,,,"ヘリオス",0
1757,6380001036339,01,0,2026-10-06,2026-10-06,"株式会社八幡工業",,301,"福島県","いわき市","小名浜大原字東橋本３０番地の２",,07,204,9718111,,,,,,,2026-10-06,1,,,,,"ヤハタコウギョウ",0
1758,6380002006893,71,0,2026-10-06,2026-10-01,"株式会社おひさま",,301,"福島県","福島市","丸子字富塚１８番地の４",,07,201,9600111,,,,,,"令和８年１０月１日福島県伊達市箱崎字布川１３０番地１株式会社Ｈｅｌｉｏｓ（6380001027296）を合併",2015-10-05,1,,,,,"オヒサマ",0
1759,6380002012842,01,1,2026-10-06,2015-10-05,"有限会社やまさ流通",,302,"福島県","郡山市","安積３丁目３０１番地",,07,203,9630107,,,,,,,2015-10-05,1,,,,,"ヤマサリュウツウ",0
1760,6380002019441,01,1,2026-10-06,2015-10-05,"有限会社オフィス・ランライフデザイン",,302,"福島県","白河市","新白河１丁目１７９番地リードビル２Ｆ",,07,205,9610856,,,,,,,2015-10-05,1,,,,,"オフィスランライフデザイン",0
1761,6380003006447,01,0,2026-10-06,2026-10-06,"ＪＤＭドリフト・リゾート合同会社",,305,"福島県","二本松市","油井字薬師堂１４４番地",,07,210,9691404,,,,,,,2026-10-06,1,,,,,"ジェーディーエムドリフトリゾート",0
1762,6400001017559,01,0,2026-10-06,2026-10-06,"株式会社小庭事しみずさわ",,301,"岩手県","花巻市","東和町砂子２区５３８番地３",,03,205,0280134,,,,,,,2026-10-06,1,,,,,"コニワゴトシミズサワ",0
1763,6400003003433,11,0,2026-10-06,2026-09-28,"オブビレッジ株式会社",,301,"岩手県","盛岡市","厨川１丁目２－６－４号",,03,201,0200124,,,,,,,2025-04-11,1,,,,,"オブビレッジ",0
1764,6400005008397,11,0,2026-10-06,2026-10-01,"公益財団法人橋市三恩育英会",,399,"岩手県","盛岡市","夕顔瀬町９番１７号",,03,201,0200032,,,,,,,2024-02-22,1,,,,,"ハシイチサンオンイクエイカイ",0
1765,6410003004298,01,0,2026-10-06,2026-10-06,"合同会社アンフィニ",,305,"秋田県","能代市","向能代字上野１９番地",,05,202,0160013,,,,,,,2026-10-06,1,,,,,"アンフィニ",0
1766,6420002012739,01,1,2026-10-06,2015-10-05,"有限会社アイドル",,302,"青森県","弘前市","大字城東北１丁目２番地６",,02,202,0368092,,,,,,,2015-10-05,1,,,,,"アイドル",0
1767,6430001074382,12,0,2026-10-06,2026-10-01,"セーフティレッカー株式会社",,301,"北海道","札幌市白石区","菊水元町十条１丁目２番１０号ＵＲＢＡＮ　ＳＰＡＣＥ１０１　１Ｆ",,01,104,0030830,,,,,,,2017-06-16,1,,,,,"セーフティレッカー",0
1768,6430001080802,12,0,2026-10-06,2026-10-01,"株式会社天創",,301,"北海道","札幌市東区","伏古八条３丁目５番６－２０５号",,01,103,0070868,,,,,,,2020-02-03,1,,,,,"テンソウ",0
1769,6430001097747,01,0,2026-10-06,2026-10-06,"松本ホールディングス株式会社",,301,"北海道","札幌市白石区","菊水三条２丁目４番１号",,01,104,0030803,,,,,,,2026-10-06,1,,,,,"マツモトホールディングス",0
1770,6430001097805,01,0,2026-10-06,2026-10-06,"株式会社ｅｔｃ　ＭＩＺＵ",,301,"北海道","札幌市清田区","平岡十条２丁目６－２５",,01,110,0040880,,,,,,,2026-10-06,1,,,,,"イーティーシーミズ",0
1771,6430003019468,01,0,2026-10-06,2026-10-06,"合同会社ａｎｄｏｆ",,305,"北海道","札幌市西区","琴似一条７丁目３‐２４美容室雨とランプ",,01,107,0630811,,,,,,,2026-10-06,1,,,,,"アンドオブ",0
1772,6430003019484,01,0,2026-10-06,2026-10-06,"合同会社ＭＡＳＫ",,305,"北海道","苫小牧市","ウトナイ北１２丁目４番３号",,01,213,0591306,,,,,,,2026-10-06,1,,,,,"マスク",0
1773,6430005004963,11,0,2026-10-06,2026-09-29,"医療法人ＳＣリウマチクリニック",,399,"北海道","札幌市中央区","北一条西７丁目４番地パシフィックマークス札幌北１条５階",,01,101,0600001,,,,,,,2015-10-05,1,,,,,"エスシーリウマチクリニック",0
1774,6430005006282,11,0,2026-10-06,2026-10-01,"ＡＩＣＲＥＳＴ税理士法人",,399,"北海道","札幌市中央区","北一条西２丁目２番地の１北海道経済センター６Ｆ",,01,101,0600001,,,,,,,2015-10-05,1,,,,,"アイクレスト",0
1775,6440001008562,12,0,2026-10-06,2026-10-01,"マークフロンティア株式会社",,301,"北海道","函館市","昭和４丁目１７番１１号",,01,202,0410812,,,,,,,2019-08-07,0,,,,,,0
1776,6440001008562,11,0,2026-10-06,2026-10-01,"株式会社アレシア",,301,"北海道","函館市","昭和４丁目１７番１１号",,01,202,0410812,,,,,,,2019-08-07,1,,,,,"アレシア",0
1777,6460003000912,12,0,2026-10-06,2026-10-01,"合同会社Ｋ２ボディワークス",,305,"北海道","釧路市","新富士五丁目３番３６号",,01,206,0850000,,,,,,,2022-07-26,1,,,,,"ケーツーボディワークス",0
1778,6470001021463,01,0,2026-10-06,2026-10-06,"株式会社ＫＡＭＩＫＩ",,301,"香川県","丸亀市","田村町４４５番地３・２階",,37,202,7630071,,,,,,,2026-10-06,1,,,,,"カミキ",0
1779,6480001013286,01,0,2026-10-06,2026-10-06,"株式会社Ｍｉｙｏｓｈｉ　ＤＯＧＧｓ",,301,"徳島県","三好市","池田町マチ２１８９番地４",,36,208,7780002,,,,,,,2026-10-06,1,,,,,,0
1780,6490001011446,01,0,2026-10-06,2026-10-06,"チェリッシュ・メア株式会社",,301,"高知県","高知市","鷹匠町２丁目２番３２－１３０３号",,39,201,7800862,,,,,,,2026-10-06,1,,,,,"チェリッシュメア",0
1781,6500005008131,11,0,2026-10-06,2026-10-02,"社会保険労務士法人横本・武智事務所",,399,"愛媛県","伊予郡松前町","大字筒井１３５０番地６",,38,401,7913120,,,,,,,2019-12-17,1,,,,,"ヨコモトタケチジムショ",0
1782,7010001123973,12,0,2026-10-06,2026-10-01,"株式会社アルファ・マーケティング",,301,"東京都","中野区","東中野１丁目１番２号プライマリービル５Ｆ",,13,114,1640003,,,,,,,2015-10-05,1,,,,,"アルファマーケティング",0
1783,7010001127850,11,0,2026-10-06,2026-09-15,"えびしでい株式会社",,301,"東京都","足立区","千住旭町３８番１号",,13,121,1200026,,,,,,,2015-10-05,1,,,,,"エビシデイ",0
1784,7010001132495,01,1,2026-10-06,2015-10-05,"ポジターノ株式会社",,301,"東京都","中央区","銀座２丁目６番５号",,13,102,1040061,,,,,,,2015-10-05,0,,,,,,0
1785,7010001132495,11,1,2026-10-06,2018-02-23,"株式会社アートカルチャーズ",,301,"東京都","中央区","銀座２丁目６番５号",,13,102,1040061,,,,,,,2015-10-05,0,,,,,"アートカルチャーズ",0
1786,7010001132495,12,0,2026-10-06,2026-10-02,"株式会社アートカルチャーズ",,301,"東京都","豊島区","南長崎２丁目１－１４",,13,116,1710052,,,,,,,2015-10-05,1,,,,,"アートカルチャーズ",0
1787,7010001178407,12,0,2026-10-06,2026-09-30,"株式会社Ｏｋｕｌｏ",,301,"東京都","大田区","久が原３丁目３０－８",,13,111,1460085,,,,,,,2016-09-16,1,,,,,"オクロ",0
1788,7010001269239,01,0,2026-10-06,2026-10-06,"セカンドフォース株式会社",,301,"東京都","千代田区","神田富山町１９番地",,13,101,1010043,,,,,,,2026-10-06,1,,,,,"セカンドフォース",0
1789,7010001269263,01,0,2026-10-06,2026-10-06,"ＩＲソリューションズ株式会社",,301,"東京都","中央区","銀座６丁目６番１号銀座風月堂ビル５Ｆ",,13,102,1040061,,,,,,,2026-10-06,1,,,,,"アイアールソリューションズ",0
1790,7010001269313,01,0,2026-10-06,2026-10-06,"日本郵政不動産投資顧問株式会社",,301,"東京都","千代田区","大手町２丁目３番１号",,13,101,1000004,,,,,,,2026-10-06,1,,,,,"ニッポンユウセイフドウサントウシコモン",0
1791,7010001269346,01,0,2026-10-06,2026-10-06,"株式会社ミーナッチ",,301,"東京都","中央区","日本橋室町１丁目１１番１２号日本橋水野ビル７階",,13,102,1030022,,,,,,,2026-10-06,1,,,,,"ミーナッチ",0
1792,7010001269370,01,0,2026-10-06,2026-10-06,"株式会社Ｈａｑｕａ",,301,"東京都","文京区","本郷２丁目２８番３号山越ビル３０１",,13,105,1130033,,,,,,,2026-10-06,1,,,,,"ハクア",0
1793,7010001269461,01,0,2026-10-06,2026-10-06,"株式会社わくわく",,301,"東京都","千代田区","平河町２丁目１３－１読売平河町ビル６Ｆ",,13,101,1020093,,,,,,,2026-10-06,1,,,,,"ワクワク",0
1794,7010003052799,01,0,2026-10-06,2026-10-06,"合同会社ＬＩＵＰＩＸＥＬ",,305,"東京都","中央区","日本橋茅場町２丁目１２－１０－２Ｆ～５Ｆ",,13,102,1030025,,,,,,,2026-10-06,1,,,,,"リューピクセル",0
1795,7010003052808,01,0,2026-10-06,2026-10-06,"合同会社ＪＰＹＨＵＢ",,305,"東京都","千代田区","大手町１丁目５－１大手町ファーストスクエアイーストタワー４Ｆ",,13,101,1000004,,,,,,,2026-10-06,1,,,,,"ジェイピーワイハブ",0
1796,7010003052832,01,0,2026-10-06,2026-10-06,"合同会社ＡｔｏＧ３",,305,"東京都","千代田区","丸の内１丁目８番２号",,13,101,1000005,,,,,,,2026-10-06,1,,,,,"エートュージースリー",0
1797,7010005029085,12,0,2026-10-06,2026-09-01,"デジタル大阪４特定目的会社",,399,"東京都","中央区","新富１丁目１８番８号ジパングアウトソーシングサービス株式会社内",,13,102,1040041,,,,,,,2018-09-12,1,,,,,"デジタルオオサカフォー",0
1798,7010005036247,12,0,2026-10-06,2026-09-01,"ＤＣ３一般社団法人",,399,"東京都","中央区","新富１丁目１８番８号ジパングアウトソーシングサービス株式会社内",,13,102,1040041,,,,,,,2023-02-13,1,,,,,"ディーシースリー",0
1799,7010101017423,01,0,2026-10-06,2026-10-06,"Ｇ‐ＬＩＮＫ株式会社",,301,"東京都","八王子市","山田町１６８４番地９",,13,201,1930933,,,,,,,2026-10-06,1,,,,,"ジーリンク",0
1800,7010103002910,01,0,2026-10-06,2026-10-06,"合同会社Ｌｉｆｅ　Ｐａｓｓｐｏｒｔ　Ｌａｂ．",,305,"東京都","八王子市","別所１丁目１５－１キアリアヒルズ５０５",,13,201,1920363,,,,,,,2026-10-06,1,,,,,"ライフパスポートラボ",0
1801,7010401077910,12,0,2026-10-06,2026-10-01,"株式会社エージーリミテッド",,301,"東京都","狛江市","東野川４丁目９番１１号",,13,219,2010002,,,,,,,2015-10-05,1,,,,,,0
1802,7010401079956,21,0,2026-10-06,2026-09-02,"株式会社ファーストプロパティ",,301,"東京都","港区","浜松町１丁目２７番１",,13,103,1050013,,,2026-09-02,01,,,2015-10-05,1,,,,,"ファーストプロパティ",0
1803,7010401080212,71,0,2026-10-06,2026-09-04,"株式会社東京アセットソリューション",,301,"東京都","港区","虎ノ門１丁目１６番４号",,13,103,1050001,,,,,,"令和８年９月１日東京都港区虎ノ門一丁目１６番４号佐藤ビル株式会社（5011101007911）を合併",2015-10-05,1,,,,,"トウキョウアセットソリューション",0
1804,7010401169121,12,0,2026-10-06,2026-09-09,"フォトホリック株式会社",,301,"東京都","港区","台場１丁目１番２－２６０３号",,13,103,1350091,,,,,,,2022-08-19,1,,,,,"フォトホリック",0
1805,7010401173825,11,0,2026-10-06,2026-10-01,"錦匯環境株式会社",,301,"東京都","小平市","仲町５６７番地の２９",,13,211,1870042,,,,,,,2023-04-18,1,,,,,"キンカイカンキョウ",0
1806,7010401202534,01,0,2026-10-06,2026-10-06,"株式会社ＦＷ",,301,"東京都","港区","六本木３丁目１６番１２号六本木ＫＳビル５Ｆ",,13,103,1060032,,,,,,,2026-10-06,1,,,,,"エフダブリュ",0
1807,7010401202575,01,0,2026-10-06,2026-10-06,"株式会社Ｇｅｍｉｎｉ",,301,"東京都","港区","元麻布２丁目３番２４－５０２号",,13,103,1060046,,,,,,,2026-10-06,1,,,,,"ジェミニ",0
1808,7010403026543,11,0,2026-10-06,2026-09-24,"株式会社Ｓｅｐｔｅｍｂｅｒｓ",,301,"東京都","渋谷区","広尾１丁目７番２０号ＤＯＴビル４Ｆ－ｎ",,13,113,1500012,,,,,,,2021-11-17,1,,,,,"セプテンバーズ",0
1809,7010601012394,01,1,2026-10-06,2015-10-05,"大豊興業株式会社",,301,"東京都","墨田区","石原４丁目１２番７号",,13,107,1300011,,,,,,,2015-10-05,1,,,,,"タイホウコウギョウ",0
1810,7010601069922,01,0,2026-10-06,2026-10-06,"株式会社ＹＵＳＡ",,301,"東京都","江東区","豊洲４丁目１１番５－１２０９号",,13,108,1350061,,,,,,,2026-10-06,1,,,,,"ユサ",0
1811,7010603005792,12,0,2026-10-06,2026-10-02,"Ｕｐｄａｔｅｒ合同会社",,305,"東京都","江東区","亀戸２丁目４４番６－１１０４号",,13,108,1360071,,,,,,,2015-10-05,1,,,,,"アップデーター",0
1812,7010603009199,12,0,2026-10-06,2026-09-24,"合同会社ＹＵＭ　ＪＡＭ",,305,"東京都","渋谷区","神南１丁目１１－４ＦＰＧリンクス神南５階",,13,113,1500041,,,,,,,2021-10-13,1,,,,,"ヤムジャム",0
1813,7010701050229,01,0,2026-10-06,2026-10-06,"Ｗｅｄｇｅ　ＡＩ株式会社",,301,"東京都","品川区","大井１丁目２５番３号",,13,109,1400014,,,,,,,2026-10-06,1,,,,,"ウェッジエーアイ",0
1814,7010703007581,12,0,2026-10-06,2026-09-30,"合同会社ＯｂｉＴｏｒｉ",,305,"東京都","大田区","南六郷１丁目２３番９号メゾン・シャルムＢ棟",,13,111,1440045,,,,,,,2025-02-19,1,,,,,"オーバイトーリ",0
1815,7010801018654,01,1,2026-10-06,2015-10-05,"株式会社足尾林業",,301,"東京都","大田区","山王２丁目１１番１７号",,13,111,1430023,,,,,,,2015-10-05,1,,,,,"アシオリンギョウ",0
1816,7010801037794,01,0,2026-10-06,2026-10-06,"株式会社Ｗｅａｖｅｓ",,301,"東京都","大田区","萩中１丁目４番１２号サンパティオサンアイパート２－３０１",,13,111,1440047,,,,,,,2026-10-06,1,,,,,"ウィーヴス",0
1817,7010801037803,01,0,2026-10-06,2026-10-06,"株式会社エルジェーン",,301,"東京都","大田区","多摩川１丁目１５番９号月村マンションＮｏ．２１、５０１",,13,111,1460095,,,,,,,2026-10-06,1,,,,,"エルジェーン",0
1818,7010802009875,01,1,2026-10-06,2015-10-05,"有限会社東京クリーンタオル",,302,"東京都","大田区","東糀谷５丁目５番２６号",,13,111,1440033,,,,,,,2015-10-05,1,,,,,"トウキョウクリーンタオル",0
1819,7010901000553,71,0,2026-10-06,2026-10-01,"浅見園株式会社",,301,"東京都","世田谷区","深沢６丁目１８番３号",,13,112,1580081,,,,,,"令和８年１０月１日東京都世田谷区深沢六丁目１８番３号有限会社浅見企画（3010902000705）を合併",2015-10-05,1,,,,,"アサミエン",0
1820,7010901050945,12,0,2026-10-06,2026-10-02,"Ａｖｅｓ株式会社",,301,"東京都","渋谷区","神宮前６丁目２３番４号桑野ビル２階",,13,113,1500001,,,,,,,2022-06-01,1,,,,,"アヴェス",0
1821,7010901053171,12,0,2026-10-06,2026-10-01,"株式会社カーデミー・ジャパン",,301,"東京都","中央区","銀座１丁目１２番４号Ｎ＆Ｅ・ＢＬＤ．６Ｆ",,13,102,1040061,,,,,,,2023-06-05,1,,,,,"カーデミージャパン",0
1822,7010903005022,12,0,2026-10-06,2026-10-02,"合同会社産経ビジネスクリエイト",,305,"東京都","世田谷区","代沢５丁目２５－１－２０３",,13,112,1550032,,,,,,,2019-06-17,1,,,,,"サンケイビジネスクリエイト",0
1823,7010903010393,12,0,2026-10-06,2026-09-07,"合同会社Ｇｅｎｔｌｅ　Ｐａｕｓｅ",,305,"東京都","世田谷区","深沢３丁目２３－３",,13,112,1580081,,,,,,,2025-11-07,1,,,,,"ジェントルパウズ",0
1824,7010903011210,01,0,2026-10-06,2026-10-06,"合同会社カワイキカク",,305,"東京都","世田谷区","千歳台６丁目１６番４―８０７号",,13,112,1570071,,,,,,,2026-10-06,1,,,,,"カワイキカク",0
1825,7011001035787,12,0,2026-10-06,2026-09-30,"株式会社ティーエムプロダクション",,301,"東京都","港区","西麻布４丁目１１番２号",,13,103,1060031,,,,,,,2015-10-05,1,,,,,"ティーエムプロダクション",0
1826,7011001069604,12,0,2026-10-06,2026-10-01,"株式会社Ｇｌｏｂａｌ　Ｅｘｐｅｒｔ",,301,"山梨県","甲府市","下小河原町１３３番地１",,19,201,4000853,,,,,,,2015-10-05,1,,,,,"グローバルエキスパート",0
1827,7011001116521,21,0,2026-10-06,2026-10-02,"株式会社恵比寿コンサルティングオフィス",,301,"東京都","渋谷区","恵比寿１丁目８番１８号Ｋ－１ビル３Ｆ",,13,113,1500013,,,2026-10-02,11,9010401124710,"令和８年９月１日東京都港区虎ノ門一丁目１番２１号新虎ノ門実業会館５Ｆ株式会社如水プレゼンツ虎ノ門（9010401124710）に合併し解散",2017-05-30,1,,,,,"エビスコンサルティングオフィス",0
1828,7011001121694,12,0,2026-10-06,2026-09-17,"ＲＹＯ　ＫＡＳＥ　ＯＦＦＩＣＥ株式会社",,301,"東京都","渋谷区","猿楽町２９番８号ヒルサイドテラスＥ棟１１号室",,13,113,1500033,,,,,,,2018-04-16,1,,,,,"リョウカセオフィス",0
1829,7011001125704,21,0,2026-10-06,2026-10-02,"株式会社代官山コンサルティングファーム",,301,"東京都","渋谷区","代官山町１３番８号キャッスルマンション代官山５１３号",,13,113,1500034,,,2026-10-02,11,4030001104660,"令和８年９月１日東京都港区麻布十番一丁目５番１０号株式会社経営戦略コンサルティングファーム（4030001104660）に合併し解散",2018-12-18,1,,,,,"ダイカンヤマコンサルティングファーム",0
1830,7011001155338,21,0,2026-10-06,2026-09-25,"ｂｙｔｅＳｔｒｅａｍｅ株式会社",,301,"東京都","渋谷区","道玄坂１丁目１０番８号渋谷道玄坂東急ビル２Ｆ－Ｃ",,13,113,1500043,,,2026-09-25,01,,,2023-06-30,1,,,,,"バイトストリーム",0
1831,7011001180690,01,0,2026-10-06,2026-10-06,"カメイドグループ株式会社",,301,"東京都","渋谷区","桜丘町１６番１３号桜丘フロントＩＩ",00145166,13,113,1500031,,,,,,,2026-10-06,1,,,,,"カメイドグループ",0
1832,7011001180724,01,0,2026-10-06,2026-10-06,"株式会社グラジオラス",,301,"東京都","渋谷区","恵比寿１丁目３２番１５号メゾン・ド・モンターニュ５０２号室",,13,113,1500013,,,,,,,2026-10-06,1,,,,,"グラジオラス",0
1833,7011001180732,01,0,2026-10-06,2026-10-06,"株式会社Ｆｌｙ　Ｌｉｎｋ",,301,"東京都","渋谷区","神南１丁目１１番４号",,13,113,1500041,,,,,,,2026-10-06,1,,,,,"フライリンク",0
1834,7011001180749,01,0,2026-10-06,2026-10-06,"株式会社ポートリエ",,301,"東京都","渋谷区","神南１丁目１１番４号ＦＰＧリンクス神南５階",,13,113,1500041,,,,,,,2026-10-06,1,,,,,"ポートリエ",0
1835,7011001180765,01,0,2026-10-06,2026-10-06,"株式会社ひなたみらい",,301,"東京都","目黒区","南１丁目５番１５号",,13,110,1520013,,,,,,,2026-10-06,1,,,,,"ヒナタミライ",0
1836,7011003016505,12,0,2026-10-06,2026-10-02,"Ｓｕｐｅｒｂ　ＡＩ　Ｊａｐａｎ合同会社",,305,"東京都","千代田区","大手町１丁目９番２号大手町フィナンシャルシティグランキューブ３階",,13,101,1000004,,,,,,,2023-03-24,1,,,,,"スパーブエーアイジャパン",0
1837,7011003025415,01,0,2026-10-06,2026-10-06,"合同会社アンドブレンド",,305,"東京都","渋谷区","玄坂一丁目１０番８号渋谷道玄坂東急ビル２Ｆ‐Ｃ",,13,113,1500000,,,,,,,2026-10-06,1,,,,,"アンドブレンド",0
1838,7011101048904,12,0,2026-10-06,2026-09-24,"株式会社ＱＵＩＮＥ　ＧＵＩＮＥ",,301,"東京都","新宿区","新宿５丁目１０番５号５Ｆ",,13,104,1600022,,,,,,,2015-10-05,1,,,,,"キヌギヌ",0
1839,7011101069314,12,0,2026-10-06,2026-10-01,"ジェイテックグローバル株式会社",,301,"東京都","港区","赤坂３丁目１７－３Ｈ１Ｏ赤坂３０２",,13,103,1070052,,,,,,,2015-10-05,1,,,,,"ジェイテックグローバル",0
1840,7011101077861,01,1,2026-10-06,2016-08-05,"ＣＯＮＮＥＱＴ株式会社",,301,"東京都","新宿区","新宿２丁目１番１１号御苑スカイビル３階",,13,104,1600022,,,,,,,2016-08-05,1,,,,,"コネクト",0
1841,7011101097810,12,0,2026-10-06,2026-10-02,"ＤＯＶＶＩＯ株式会社",,301,"東京都","豊島区","駒込１丁目２４－８",,13,116,1700003,,,,,,,2022-02-15,1,,,,,"ドヴィオ",0
1842,7011101117592,01,0,2026-10-06,2026-10-06,"株式会社パームテック",,301,"東京都","新宿区","市谷田町３丁目８番地市ヶ谷科学技術イノベーションセンタービル２階",,13,104,1620843,,,,,,,2026-10-06,1,,,,,"パームテック",0
1843,7011301003873,01,1,2026-10-06,2015-10-05,"株式会社装飾フジシマ",,301,"東京都","杉並区","高円寺南３丁目２７番９号",,13,115,1660003,,,,,,,2015-10-05,1,,,,,"ソウショクフジシマ",0
1844,7011303004911,12,0,2026-10-06,2026-10-01,"合同会社アルシャイン",,305,"東京都","杉並区","高円寺南４丁目７番３号レジディア高円寺プレイス８０３号",,13,115,1660003,,,,,,,2023-09-22,1,,,,,"アルシャイン",0
1845,7011305000446,01,1,2026-10-06,2015-10-05,"宗教法人浜田山キリスト教会",,399,"東京都","杉並区","浜田山４丁目１０番２５号",,13,115,1680065,,,,,,,2015-10-05,1,,,,,"ハマダヤマキリストキョウカイ",0
1846,7011401026881,21,0,2026-10-06,2026-10-02,"致遠株式会社",,301,"東京都","板橋区","仲宿６３番地７号４０６室",,13,119,1730005,,,2026-10-02,01,,,2025-03-10,1,,,,,"チエン",0
1847,7011401028309,01,0,2026-10-06,2026-10-06,"ＪＰＳ株式会社",,301,"東京都","板橋区","常盤台１丁目５１番１号アリビオときわ台２０１号室",,13,119,1740071,,,,,,,2026-10-06,1,,,,,"ジェーピーエス",0
1848,7011402001140,01,1,2026-10-06,2015-10-05,"有限会社岩永工芸",,302,"東京都","板橋区","高島平７丁目１番３０号",,13,119,1750082,,,,,,,2015-10-05,1,,,,,"イワナガコウゲイ",0
1849,7011403005256,01,0,2026-10-06,2026-10-06,"Ｂｒｉｄｇｅ＆Ｐａｒｔｎｅｒ　Ｊａｐａｎ合同会社",,305,"東京都","板橋区","南常盤台１丁目１１番６号レフア南常盤台１０１号室",,13,119,1740072,,,,,,,2026-10-06,1,,,,,"ブリッジアンドパートナージャパン",0
1850,7011405002128,01,1,2026-10-06,2021-03-08,"医療法人社団松岳会",,399,"東京都","板橋区","徳丸３丁目１１番２号",,13,119,1750083,,,,,,,2021-03-08,1,,,,,"ショウガクカイ",0
1851,7011502008762,01,1,2026-10-06,2015-10-05,"有限会社山美建総",,302,"東京都","荒川区","荒川７丁目３５番２号",,13,118,1160002,,,,,,,2015-10-05,1,,,,,"ヤマビケンソウ",0
1852,7011601004464,01,1,2026-10-06,2015-10-05,"株式会社東京オフロード",,301,"東京都","練馬区","南大泉３丁目２８番７号豊橋マンション２Ｆ",,13,120,1780064,,,,,,,2015-10-05,1,,,,,"トウキョウオフロード",0
1853,7011605002729,01,0,2026-10-06,2026-10-06,"すずしろ行政書士法人",,399,"東京都","練馬区","早宮２丁目１６番－３２アネックスアゼリアＩＩ２０４号室",00145155,13,120,1790085,,,,,,,2026-10-06,1,,,,,"スズシロ",0
1854,7011801043155,21,0,2026-10-06,2026-09-14,"匠人設計株式会社",,301,"東京都","葛飾区","青戸７丁目２３番１１号",,13,122,1250062,,,2026-09-14,01,,,2023-10-11,1,,,,,"ショウジンセッケイ",0
1855,7012401031649,01,1,2026-10-06,2016-07-20,"株式会社オーク",,301,"東京都","小金井市","中町１丁目７番１６号",,13,210,1840012,,,,,,,2016-07-20,1,,,,,"オーク",0
1856,7012401044964,01,0,2026-10-06,2026-10-06,"株式会社ＫＯＵＦＵＫＵ",,301,"東京都","府中市","幸町１丁目３１番地の３",,13,206,1830054,,,,,,,2026-10-06,1,,,,,"コウフク",0
1857,7012801025011,01,0,2026-10-06,2026-10-06,"株式会社ＴＡＭＯＯ",,301,"東京都","武蔵村山市","伊奈平４丁目５４番地ビーグルマンション伊奈平５０５号",,13,223,2080023,,,,,,,2026-10-06,1,,,,,"タモー",0
1858,7013201005859,21,0,2026-10-06,2026-09-25,"株式会社目黒大丸",,301,"東京都","目黒区","五本木１丁目１９番１１号",,13,110,1530053,,,2026-09-25,01,,,2015-10-05,1,,,,,"メグロダイマル",0
1859,7013201015552,01,1,2026-10-06,2015-10-05,"Ｅｎｔｏｕｒａｇｅ　Ｅｎｔｅｒｐｒｉｓｅｓ株式会社",,301,"東京都","目黒区","平町１丁目２２番３号ルミアン目黒平町４０２",,13,110,1520032,,,,,,,2015-10-05,0,,,,,"エントーレイジエンタープライゼズ",0
1860,7013201015552,12,1,2026-10-06,2018-02-15,"Ｅｎｔｏｕｒａｇｅ　Ｅｎｔｅｒｐｒｉｓｅｓ株式会社",,301,"東京都","港区","西麻布２丁目２４番２６号グレイス西麻布３０３",,13,103,1060031,,,,,,,2015-10-05,1,,,,,"エントーレイジエンタープライゼズ",0
1861,7013303008462,01,0,2026-10-06,2026-10-06,"合同会社ＦＬＯＷ",,305,"東京都","豊島区","東池袋２丁目６２番８号ＢＩＧオフィスプラザ池袋１２０６",,13,116,1700013,,,,,,,2026-10-06,1,,,,,"フロー",0
1862,7013402007357,01,1,2026-10-06,2015-10-05,"有限会社丸勝熊谷工業",,302,"東京都","多摩市","和田１４３６番地７",,13,224,2060001,,,,,,,2015-10-05,1,,,,,"マルカツクマガイコウギョウ",0
1863,7020001090858,01,1,2026-10-06,2015-10-05,"株式会社ＧＵＮＪＹＯ",,301,"神奈川県","川崎市宮前区","鷺沼４丁目１６番地７",,14,136,2160004,,,,,,,2015-10-05,0,,,,,"グンジョウ",0
1864,7020001090858,12,1,2026-10-06,2018-07-25,"株式会社ＧＵＮＪＹＯ",,301,"東京都","世田谷区","野沢２丁目３３番５－４０７号",,13,112,1540003,,,,,,,2015-10-05,0,,,,,"グンジョウ",0
1865,7020001090858,12,1,2026-10-06,2019-07-10,"株式会社ＧＵＮＪＹＯ",,301,"東京都","世田谷区","野沢４丁目１６番９－６０２号",,13,112,1540003,,,,,,,2015-10-05,0,,,,,"グンジョウ",0
1866,7020001090858,11,1,2026-10-06,2021-12-14,"株式会社レジリエンス経営総合研究所",,301,"東京都","世田谷区","野沢４丁目１６番９－６０２号",,13,112,1540003,,,,,,,2015-10-05,1,,,,,"レジリエンスケイエイソウゴウケンキュウショ",0
1867,7020001136009,12,0,2026-10-06,2026-09-09,"株式会社再エネ地域デザイン研究所",,301,"神奈川県","横浜市港北区","新横浜２丁目３番１２号新横浜スクエアビル１４階",,14,109,2220033,,,,,,,2020-05-08,1,,,,,"サイエネチイキデザインケンキュウショ",0
1868,7020001138780,12,0,2026-10-06,2026-10-01,"株式会社Ｊ．Ｈ．Ｐ",,301,"福島県","いわき市","草木台４丁目９番地の１７",,07,204,9728301,,,,,,,2020-11-30,1,,,,,"ジェイエイチピー",0
1869,7020001166006,12,0,2026-10-06,2026-10-01,"ベストデイズハウス株式会社",,301,"神奈川県","小田原市","蓮正寺３６２番地の２ＭＹフラッツ１０２号室",,14,206,2500865,,,,,,,2025-12-01,1,,,,,"ベストデイズハウス",0
1870,7020001170635,01,0,2026-10-06,2026-10-06,"株式会社ＨＳＨ",,301,"神奈川県","横浜市旭区","今宿西町３３７番地２７",,14,112,2410031,,,,,,,2026-10-06,1,,,,,"エイチエスエイチ",0
1871,7020002078217,12,0,2026-10-06,2026-09-16,"有限会社ハナ・コーポレーション",,302,"神奈川県","横浜市鶴見区","豊岡町３０番１６号",,14,101,2300062,,,,,,,2015-10-05,1,,,,,"ハナコーポレーション",0
1872,7020005008047,01,1,2026-10-06,2015-10-05,"第二百合ヶ丘ハイツ管理組合法人",,399,"神奈川県","川崎市麻生区","高石２丁目３５番１０号",,14,137,2150003,,,,,,,2015-10-05,1,,,,,"ダイニユリガオカハイツ",0
1873,7020005012619,12,0,2026-10-06,2026-09-16,"特定非営利活動法人水・防災機構",,399,"神奈川県","川崎市宮前区","南平台１６番１１－５０２号南平耐火住宅",,14,136,2160024,,,,,,,2016-05-02,1,,,,,"ミズボウサイキコウ",0
1874,7021001048846,12,0,2026-10-06,2026-10-02,"株式会社オフィスティーケー",,301,"沖縄県","中頭郡読谷村","字上地７番地",,47,324,9040321,,,,,,,2015-10-05,1,,,,,"オフィスティーケー",0
1875,7021001083331,12,0,2026-10-06,2026-10-02,"株式会社Ｍｏｏｎ　Ｐａｔｈ",,301,"東京都","世田谷区","三宿２丁目３－１３－３０６",,13,112,1540005,,,,,,,2024-09-27,1,,,,,"ムーンパス",0
1876,7021001089304,01,0,2026-10-06,2026-10-06,"山田グローバル株式会社",,301,"神奈川県","海老名市","東柏ケ谷５丁目１９番３０号",,14,215,2430401,,,,,,,2026-10-06,1,,,,,"ヤマダグローバル",0
1877,7021002015168,01,1,2026-10-06,2015-10-05,"有限会社テクライト",,302,"東京都","新宿区","新宿５丁目１０番１０号海老沢ビル２０２",,13,104,1600022,,,,,,,2015-10-05,1,,,,,"テクライト",0
1878,7021003006884,11,0,2026-10-06,2026-09-14,"株式会社プレップ湘南",,301,"神奈川県","藤沢市","南藤沢４番３号",,14,205,2510055,,,,,,,2017-08-09,1,,,,,"プレップショウナン",0
1879,7021003017980,01,0,2026-10-06,2026-10-06,"晃晟合同会社",,305,"神奈川県","愛甲郡愛川町","中津２３０４－５",,14,401,2430303,,,,,,,2026-10-06,1,,,,,"コウセイ",0
1880,7030001068143,21,0,2026-10-06,2026-09-17,"株式会社プリンセス",,301,"埼玉県","越谷市","大字増森１６３５番地３",,11,222,3430012,,,2026-09-17,01,,,2015-10-05,1,,,,,"プリンセス",0
1881,7030001113411,01,1,2026-10-06,2016-03-24,"株式会社田畑組",,301,"埼玉県","さいたま市岩槻区","西町２丁目５番１５－１４１８号",,11,110,3390067,,,,,,,2016-03-24,1,,,,,"タバタグミ",0
1882,7030001127320,01,1,2026-10-06,2018-09-07,"株式会社タクミ",,301,"埼玉県","熊谷市","万平町１丁目１２ゴトクビル２０１",,11,202,3600034,,,,,,,2018-09-07,0,,,,,,0
1883,7030001127320,12,1,2026-10-06,2018-12-18,"株式会社タクミ",,301,"埼玉県","熊谷市","戸出１０７６番地１",,11,202,3600022,,,,,,,2018-09-07,0,,,,,,0
1884,7030001127320,12,1,2026-10-06,2019-09-10,"株式会社タクミ",,301,"埼玉県","さいたま市北区","日進町１丁目８５－１マンハイム大宮８０９号室",,11,102,3310823,,,,,,,2018-09-07,0,,,,,,0
1885,7030001127320,12,0,2026-10-06,2026-10-01,"株式会社タクミ",,301,"東京都","千代田区","神田神保町２丁目３４－１鳴海ビル２２０号室",,13,101,1010051,,,,,,,2018-09-07,1,,,,,,0
1886,7030002010640,21,0,2026-10-06,2026-09-17,"有限会社野口設備",,302,"埼玉県","さいたま市西区","大字高木１３９９番地６",,11,101,3310071,,,2026-09-17,01,,,2015-10-05,1,,,,,"ノグチセツビ",0
1887,7030002085476,21,0,2026-10-06,2026-09-25,"有限会社カンコー",,302,"東京都","足立区","保木間５丁目３７番１６号",,13,121,1210064,,,2026-09-25,01,,,2015-10-05,1,,,,,"カンコー",0
1888,7030003030068,01,0,2026-10-06,2026-10-06,"合同会社きよみ野エンジニアリング",,305,"埼玉県","吉川市","きよみ野４丁目１番地６サンクタススクエアきよみ野４０９",,11,243,3420058,,,,,,,2026-10-06,1,,,,,"キヨミノエンジニアリング",0
1889,7030003030076,01,0,2026-10-06,2026-10-06,"合同会社Ｏｎｅ　ｔｅａｍ",,305,"埼玉県","朝霞市","栄町４丁目５－３ヴェルツアシスト１０２",,11,227,3510012,,,,,,,2026-10-06,1,,,,,"ワンチーム",0
1890,7030005018953,12,0,2026-10-06,2026-10-01,"一般社団法人全国邦楽器組合連合会",,399,"東京都","世田谷区","世田谷４丁目１２番８号",,13,112,1540017,,,,,,,2018-04-13,1,,,,,"ゼンコクホウガッキクミアイレンゴウカイ",0
1891,7040001075816,01,1,2026-10-06,2015-10-05,"株式会社高木物産",00019474,301,"千葉県","成田市","松子８３１番地１",,12,211,2870234,,,,,,,2015-10-05,0,,,,,"タカギブッサン",0
1892,7040001075816,12,1,2026-10-06,2017-04-17,"株式会社高木物産",00019474,301,"千葉県","成田市","囲護台１１５５番３５",,12,211,2860035,,,,,,,2015-10-05,0,,,,,"タカギブッサン",0
1893,7040001075816,12,1,2026-10-06,2019-02-01,"株式会社高木物産",00019474,301,"千葉県","佐倉市","江原台１丁目１７番１６",,12,212,2850825,,,,,,,2015-10-05,0,,,,,"タカギブッサン",0
1894,7040001075816,12,1,2026-10-06,2026-08-04,"株式会社高木物産",00019474,301,"千葉県","成田市","囲護台１１５５番３５",,12,211,2860035,,,,,,,2015-10-05,1,,,,,"タカギブッサン",0
1895,7040001125711,12,0,2026-10-06,2026-09-11,"株式会社Ｅｇｇ．Ｍｅ",,301,"千葉県","柏市","東中新宿４丁目７－４－２０２",,12,217,2770061,,,,,,,2022-11-08,1,,,,,"エッグミー",0
1896,7040001145461,01,0,2026-10-06,2026-10-06,"株式会社オルビット",,301,"千葉県","柏市","旭町３丁目３番２０号ユーゴーハイツ１０１号室",,12,217,2770852,,,,,,,2026-10-06,1,,,,,"オルビット",0
1897,7040001145478,01,0,2026-10-06,2026-10-06,"株式会社江東建材",,301,"千葉県","八千代市","大和田新田４６７番地１４",,12,221,2760046,,,,,,,2026-10-06,1,,,,,"コウトウケンザイ",0
1898,7040002094253,12,0,2026-10-06,2026-09-15,"有限会社コンドウ防災",,302,"千葉県","柏市","増尾台４丁目１４番１６号",,12,217,2770052,,,,,,,2015-10-05,1,,,,,"コンドウボウサイ",0
1899,7040002101133,21,0,2026-10-06,2026-09-09,"有限会社旅館丸喜屋",,302,"千葉県","鴨川市","横渚７８６番地",,12,223,2960001,,,2026-09-09,01,,,2015-10-05,1,,,,,"リョカンマルキヤ",0
1900,7040002101463,01,1,2026-10-06,2015-10-05,"有限会社タカギプランニング",,302,"千葉県","館山市","北条１８３１番地",,12,205,2940045,,,,,,,2015-10-05,1,,,,,"タカギプランニング",0
1901,7040003001613,12,0,2026-10-06,2026-09-02,"ユメ・ネットワークス合資会社",,304,"東京都","中央区","銀座１丁目１２番４号Ｎ＆ＥＢＬＤ．６Ｆ",,13,102,1040061,,,,,,,2015-10-05,1,,,,,"ユメネットワークス",0
1902,7040003018186,11,0,2026-10-06,2026-09-09,"株式会社Ｍ＆Ｓ",,301,"千葉県","市川市","南行徳４丁目１０番２５号",,12,203,2720138,,,,,,,2021-07-19,1,,,,,"エムアンドエス",0
1903,7040003020299,11,0,2026-10-06,2026-10-01,"株式会社ラ・ポールビルド",,301,"千葉県","松戸市","二ツ木１１２番地の１ルネサンスアベニュー北小金２０５号",,12,207,2700027,,,,,,,2022-06-23,1,,,,,"ラポールビルド",0
1904,7040003030810,01,0,2026-10-06,2026-10-06,"合同会社ＣＥＪ",,305,"千葉県","流山市","おおたかの森北１丁目１１番地の３－７０４号室",,12,220,2700119,,,,,,,2026-10-06,1,,,,,"シーイージー",0
1905,7050001032840,01,1,2026-10-06,2015-10-05,"ハエバル株式会社",,301,"茨城県","結城市","大字鹿窪１０９２番地１",,08,207,3070015,,,,,,,2015-10-05,1,,,,,"ハエバル",0
1906,7050001059025,01,0,2026-10-06,2026-10-06,"後藤不動産鑑定株式会社",,301,"茨城県","日立市","大みか町４丁目１８番１５号",,08,202,3191221,,,,,,,2026-10-06,1,,,,,"ゴトウフドウサンカンテイ",0
1907,7050002015919,01,1,2026-10-06,2015-10-05,"有限会社本田生花苑",,302,"茨城県","石岡市","杉並１丁目１番２６号",,08,205,3150027,,,,,,,2015-10-05,1,,,,,"ホンダセイカエン",0
1908,7050005002542,01,1,2026-10-06,2015-10-05,"笠間焼協同組合",,399,"茨城県","笠間市","笠間２４８１番地５",,08,216,3091611,,,,,,,2015-10-05,1,,,,,"カサマヤキ",0
1909,7060001039653,01,0,2026-10-06,2026-10-06,"株式会社Ｃｕｅｖｉａ",,301,"栃木県","真岡市","亀山１丁目４６－５",,09,209,3214363,,,,,,,2026-10-06,1,,,,,"キューヴィア",0
1910,7070001042854,12,0,2026-10-06,2026-09-25,"株式会社ＴｅｃｈＳｃｈｏｌａｒ",,301,"群馬県","みどり市","笠懸町鹿３８９０－３スプラウト２２",,10,212,3792313,,,,,,,2025-04-22,1,,,,,"テックスカラー",0
1911,7070001044537,01,0,2026-10-06,2026-10-06,"株式会社木暮商事",,301,"群馬県","伊勢崎市","宮子町３５６２番地１",,10,204,3720801,,,,,,,2026-10-06,1,,,,,"キグレショウジ",0
1912,7070001044545,01,0,2026-10-06,2026-10-06,"株式会社カマタ技研",,301,"群馬県","北群馬郡榛東村","大字新井３１５９番地８",,10,344,3703503,,,,,,,2026-10-06,1,,,,,"カマタギケン",0
1913,7080001019892,21,0,2026-10-06,2026-10-01,"株式会社オフィス大滝",,301,"静岡県","静岡市清水区","北矢部町１丁目１番２３号",,22,103,4240937,,,2026-10-01,01,,,2015-10-05,1,,,,,"オフィスオオタキ",0
1914,7080001027838,01,0,2026-10-06,2026-10-06,"株式会社ヒラノ",,301,"静岡県","静岡市清水区","富士見町５番１７号",,22,103,4240941,,,,,,,2026-10-06,1,,,,,"ヒラノ",0
1915,7080101007327,01,1,2026-10-06,2015-10-05,"オレンジ・エイト株式会社",,301,"静岡県","裾野市","千福８３番地の１",,22,220,4101116,,,,,,,2015-10-05,1,,,,,"オレンジエイト",0
1916,7080101021971,21,0,2026-10-06,2026-09-30,"マイウェイ株式会社",,301,"静岡県","三島市","長伏１４７番地の１６",,22,206,4110824,,,2026-09-30,01,,,2020-08-20,1,,,,,"マイウェイ",0
1917,7080101022623,01,1,2026-10-06,2021-06-28,"株式会社Ｔ・Ｔサービス",,301,"静岡県","伊東市","鎌田１０９３番地の２５",,22,208,4140054,,,,,,,2021-06-28,1,,,,,"ティーティサービス",0
1918,7080101026541,01,0,2026-10-06,2026-10-06,"株式会社ＭＩＲＡＫＴ",,301,"静岡県","三島市","佐野１３４番地",,22,206,4110047,,,,,,,2026-10-06,1,,,,,"ミラクト",0
1919,7080105005987,01,1,2026-10-06,2019-10-18,"医療法人社団真幸会",,399,"静岡県","富士市","宮島１８３番地１",,22,210,4160945,,,,,,,2019-10-18,1,,,,,"シンコウカイ",0
1920,7080401027990,21,0,2026-10-06,2026-09-30,"株式会社ＫＯＹＡＳＨＩ",,301,"静岡県","袋井市","山科２８８６番地の２",,22,216,4370066,,,2026-09-30,11,8080401019038,"令和８年９月３０日静岡県袋井市山科２８８６番地の２株式会社イクト（8080401019038）に合併し解散",2025-06-24,1,,,,,"コヤシ",0
1921,7080401028865,01,0,2026-10-06,2026-10-06,"株式会社ＴＭＴ・ＧＬＯＷ",,301,"静岡県","浜松市中央区","伝馬町３１３‐２７",,22,138,4300935,,,,,,,2026-10-06,1,,,,,"ティーエムティーグロウ",0
1922,7080401028881,01,0,2026-10-06,2026-10-06,"株式会社ＥＤＥＮ．",,301,"静岡県","浜松市中央区","豊西町９９３‐３",,22,138,4313102,,,,,,,2026-10-06,1,,,,,"エデン",0
1923,7080403005598,01,0,2026-10-06,2026-10-06,"合同会社Ｎ＆Ｃｏｍｐａｎｙ",,305,"静岡県","浜松市中央区","肴町３１９番地の４",,22,138,4300932,,,,,,,2026-10-06,1,,,,,"エヌアンドカンパニー",0
1924,7090001020107,01,0,2026-10-06,2026-10-06,"株式会社一雫",,301,"山梨県","山梨市","南１２８５番地",,19,205,4050042,,,,,,,2026-10-06,1,,,,,"ヒトシズク",0
1925,7090001020115,01,0,2026-10-06,2026-10-06,"株式会社サークルビーチ",,301,"山梨県","甲府市","東光寺１丁目７番８号",,19,201,4000807,,,,,,,2026-10-06,1,,,,,"サークルビーチ",0
1926,7100002029483,21,0,2026-10-06,2026-10-02,"有限会社キタハラスペースデザイン",,302,"長野県","諏訪郡富士見町","落合９９９８番地１０",,20,362,3990214,,,2026-10-02,01,,,2015-10-05,1,,,,,"キタハラスペースデザイン",0
1927,7100003008973,01,0,2026-10-06,2026-10-06,"ＨＡＫＵＢＡＶＡＬＬＥＹプロモーションボード合同会社",,305,"長野県","北安曇郡白馬村","大字北城５７２３番地",,20,485,3999301,,,,,,,2026-10-06,1,,,,,"ハクババレープロモーションボード",0
1928,7110001040440,01,0,2026-10-06,2026-10-06,"磯野電設株式会社",,301,"新潟県","糸魚川市","大字須沢６３０番地子",,15,216,9490301,,,,,,,2026-10-06,1,,,,,"イソノデンセツ",0
1929,7110005010241,21,0,2026-10-06,2026-09-14,"御嶽教妻有教会",,399,"新潟県","十日町市","卯１２６５番地子",,15,210,9480000,,,2026-09-14,01,,,2015-10-05,1,,,,,"オンタケキョウツマリキョウカイ",0
1930,7120001007587,21,0,2026-10-06,2026-10-02,"三愛ファミリー株式会社",,301,"大阪府","大阪市中央区","瓦屋町２丁目２番２－１８０６号",,27,128,5420066,,,2026-10-02,01,,,2015-10-05,1,,,,,"サンアイファミリー",0
1931,7120001015128,01,1,2026-10-06,2015-10-05,"城東産業株式会社",,301,"大阪府","大阪市城東区","放出西３丁目１番２０号",,27,118,5360011,,,,,,,2015-10-05,0,,,,,"ジョウトウサンギョウ",0
1932,7120001015128,12,1,2026-10-06,2019-03-19,"城東産業株式会社",,301,"大阪府","大阪市淀川区","東三国５丁目１３番３０号",,27,123,5320002,,,,,,,2015-10-05,0,,,,,"ジョウトウサンギョウ",0
1933,7120001015128,21,0,2026-10-06,2026-09-29,"城東産業株式会社",,301,"大阪府","大阪市淀川区","東三国５丁目１３番３０号",,27,123,5320002,,,2026-09-29,01,,,2015-10-05,1,,,,,"ジョウトウサンギョウ",0
1934,7120001117907,01,1,2026-10-06,2015-10-05,"株式会社大道",,301,"大阪府","大阪市天王寺区","玉造本町５番６号",,27,109,5430013,,,,,,,2015-10-05,0,,,,,"ダイドウ",0
1935,7120001117907,12,1,2026-10-06,2015-10-29,"株式会社大道",,301,"大阪府","東大阪市","高井田本通４丁目７番１８号",,27,227,5770066,,,,,,,2015-10-05,0,,,,,"ダイドウ",0
1936,7120001117907,12,1,2026-10-06,2017-12-13,"株式会社大道",,301,"大阪府","東大阪市","高井田中４丁目４番４号",,27,227,5770065,,,,,,,2015-10-05,1,,,,,"ダイドウ",0
1937,7120001253306,01,1,2026-10-06,2023-03-20,"株式会社アーリーダイニング",,301,"大阪府","大阪市西区","北堀江４丁目２番４０号Ｓ１０",,27,106,5500014,,,,,,,2023-03-20,0,,,,,,0
1938,7120001253306,12,1,2026-10-06,2023-08-21,"株式会社アーリーダイニング",,301,"京都府","京都市中京区","西洞院通六角下る池須町４２３－２西洞院食彩ろぉじ六角の道ヨンの間",,26,104,6048216,,,,,,,2023-03-20,1,,,,,,0
1939,7120001269707,12,0,2026-10-06,2026-09-28,"株式会社りあん",,301,"大阪府","大阪市都島区","大東町１丁目９番２０－３０６号",,27,102,5340002,,,,,,,2024-10-28,1,,,,,"リアン",0
1940,7120001289275,01,0,2026-10-06,2026-10-06,"人生紀株式会社",,301,"大阪府","大阪市西成区","玉出西２丁目２番３号鈴栄第三ビル４階Ｂ号室",,27,122,5570045,,,,,,,2026-10-06,1,,,,,"ジンセイキ",0
1941,7120001289374,01,0,2026-10-06,2026-10-06,"Ａｂｕｎｄａｎｔｌｙ株式会社",,301,"大阪府","大阪市生野区","巽北１丁目２－１０コーポ有楽１－２５号室",,27,116,5440004,,,,,,,2026-10-06,1,,,,,"アバンダントリー",0
1942,7120001289465,01,0,2026-10-06,2026-10-06,"株式会社リミライ",,301,"大阪府","大阪市中央区","安堂寺町２丁目１番１２号－８０１号",,27,128,5420061,,,,,,,2026-10-06,1,,,,,"リミライ",0
1943,7120001289589,01,0,2026-10-06,2026-10-06,"イチジカン株式会社",,301,"大阪府","大阪市北区","堂山町１‐５三共梅田ビル７階",,27,127,5300027,,,,,,,2026-10-06,1,,,,,"イチジカン",0
1944,7120001289614,01,0,2026-10-06,2026-10-06,"株式会社カタチプラス",,301,"大阪府","大阪市都島区","東野田町４丁目７番２６号",,27,102,5340024,,,,,,,2026-10-06,1,,,,,"カタチプラス",0
1945,7120002000426,01,1,2026-10-06,2015-10-05,"有限会社寿司一",,302,"大阪府","大阪市旭区","大宮５丁目１番２６号",,27,117,5350002,,,,,,,2015-10-05,1,,,,,"スシイチ",0
1946,7120002000863,12,0,2026-10-06,2026-09-25,"有限会社壱東興業",,302,"大阪府","大阪市西区","北堀江１丁目１番２３号養田ビル３Ｃ",,27,106,5500014,,,,,,,2015-10-05,1,,,,,"イットウコウギョウ",0
1947,7120002012272,01,1,2026-10-06,2015-10-05,"有限会社祐弘製作所",,302,"大阪府","大阪市平野区","加美東１丁目２番４８号",,27,126,5470002,,,,,,,2015-10-05,1,,,,,"ユウコウセイサクショ",0
1948,7120003024952,21,0,2026-10-06,2026-10-01,"合同会社デクステラ",,305,"東京都","杉並区","高円寺南５丁目１４番１８号ＺＥＳＴＹ高円寺南２０４",,13,115,1660003,,,2026-10-01,01,,,2023-09-26,1,,,,,"デクステラ",0
1949,7120003033540,01,0,2026-10-06,2026-10-06,"合同会社ＳＡＹＺＡ",,305,"大阪府","寝屋川市","東大利町１４－２９",,27,215,5720042,,,,,,,2026-10-06,1,,,,,"サイザ",0
1950,7120003033573,01,0,2026-10-06,2026-10-06,"合同会社ＭＡＩＮＳＴＡＹ",,305,"大阪府","大阪市中央区","千日前１丁目２番１２号ＯＭビル３Ｆ－Ａ",,27,128,5420074,,,,,,,2026-10-06,1,,,,,"メインステイ",0
1951,7120003033615,01,0,2026-10-06,2026-10-06,"合同会社エンジョイ",,305,"大阪府","大阪市大正区","三軒家東５丁目１０番２－４０３号",,27,108,5510002,,,,,,,2026-10-06,1,,,,,"エンジョイ",0
1952,7120005010884,11,0,2026-10-06,2026-10-01,"行政書士法人相続ステーション",,399,"大阪府","大阪市北区","角田町８番１号大阪梅田ツインタワーズ・ノース",,27,127,5300017,,,,,,,2015-10-05,1,,,,,"サポートプラス",0
1953,7120005020735,12,0,2026-10-06,2026-10-01,"弁護士法人あおば",,399,"大阪府","大阪市西区","立売堀１丁目１番１号立売堀壱番館４Ｆ",,27,106,5500012,,,,,,,2019-02-22,1,,,,,"アオバ",0
1954,7120101044761,21,0,2026-10-06,2026-09-30,"古林興業株式会社",,301,"大阪府","豊中市","服部本町５丁目２番１－８０２号",,27,203,5610852,,,2026-09-30,01,,,2015-10-05,1,,,,,"フルバヤシコウギョウ",0
1955,7120103005084,12,0,2026-10-06,2026-10-01,"三子合同会社",,305,"大阪府","堺市東区","石原町４丁３５番地６",,27,143,5998102,,,,,,,2023-02-20,1,,,,,"サンシ",0
1956,7120901026579,01,1,2026-10-06,2015-10-05,"株式会社エイチ・フィールド",,301,"大阪府","豊中市","蛍池東町二丁目５番１７号",,27,203,5600000,,,,,,,2015-10-05,1,,,,,"エイチフィールド",0
1957,7120901053284,01,0,2026-10-06,2026-10-06,"株式会社よすが",,301,"大阪府","茨木市","永代町６番１９号近藤ビル４０２",,27,211,5670816,,,,,,,2026-10-06,1,,,,,"ヨスガ",0
1958,7120901053292,01,0,2026-10-06,2026-10-06,"ＨＭプランニング株式会社",,301,"大阪府","摂津市","正雀本町１丁目１９番８号",,27,224,5660024,,,,,,,2026-10-06,1,,,,,"エイチエムプランニング",0
1959,7120905006767,01,1,2026-10-06,2025-08-05,"医療法人ＩＧＴいなだこころクリニック",,399,"大阪府","吹田市","豊津町９番１号ＥＤＧＥ江坂３階",,27,205,5640051,,,,,,,2025-08-05,1,,,,,"アイジーティイナダココロクリニック",0
1960,7122001004572,01,1,2026-10-06,2015-10-05,"株式会社タツミ美容",,301,"大阪府","東大阪市","金岡１丁目７番１２号",,27,227,5770823,,,,,,,2015-10-05,1,,,,,"タツミビヨウ",0
1961,7122001009134,12,0,2026-10-06,2026-10-01,"株式会社山崎物流サービス",,301,"大阪府","大阪市北区","浪花町１３番３８号北館７階ＡＢ号室",,27,127,5300022,,,,,,,2015-10-05,1,,,,,"ヤマザキブツリュウサービス",0
1962,7122001040964,01,0,2026-10-06,2026-10-06,"株式会社ショウヒ建設",,301,"大阪府","東大阪市","柏田西２丁目７番２２－３０５号",,27,227,5770835,,,,,,,2026-10-06,1,,,,,"ショウヒケンセツ",0
1963,7130001048878,01,1,2026-10-06,2015-10-05,"株式会社Ｆｌａｐ",,301,"京都府","久世郡久御山町","野村村東３９４－１",,26,322,6130023,,,,,,,2015-10-05,1,,,,,"フラップ",0
1964,7130001062292,21,0,2026-10-06,2026-10-01,"ティーエスアイ株式会社",,301,"京都府","京都市中京区","新町通三条上る町頭町１１２番地",,26,104,6048206,,,2026-10-01,11,1120902013326,"令和８年９月１日東京都千代田区神田駿河台一丁目５番地株式会社ツクリエ（1120902013326）に合併し解散",2018-06-06,1,,,,,"ティーエスアイ",0
1965,7130001077745,01,1,2026-10-06,2024-08-20,"トライウインド株式会社",,301,"京都府","京都市中京区","一蓮社町３００パームビル３階",,26,104,6048146,,,,,,,2024-08-20,1,,,,,"トライウインド",0
1966,7130001083165,01,0,2026-10-06,2026-10-06,"京都みらい投資株式会社",,301,"京都府","京都市伏見区","淀美豆町３７７番地の１",,26,109,6130916,,,,,,,2026-10-06,1,,,,,"キョウトミライトウシ",0
1967,7130002001464,01,1,2026-10-06,2015-10-05,"有限会社プロポート",,302,"京都府","京都市右京区","常磐御池町８番地",,26,108,6160000,,,,,,,2015-10-05,0,,,,,,0
1968,7130002001464,21,0,2026-10-06,2026-09-18,"有限会社プロポート",,302,"京都府","京都市右京区","常磐御池町８番地",,26,108,6160000,,,2026-09-18,01,,,2015-10-05,1,,,,,,0
1969,7130003004210,12,0,2026-10-06,2026-09-18,"京都茶ビール合同会社",,305,"京都府","京都市下京区","朱雀宝蔵町２７－２",,26,106,6008846,,,,,,,2015-10-05,1,,,,,"キョウトチャビール",0
1970,7130003011751,01,0,2026-10-06,2026-10-06,"合同会社サシイロ",,305,"京都府","京田辺市","田辺中央３丁目３－１０ＳＥＥＫＢＵＩＬＤＩＮＧ２階",,26,211,6100334,,,,,,,2026-10-06,1,,,,,"サシイロ",0
1971,7130005006592,01,1,2026-10-06,2015-10-05,"医療法人さいのうち医院",,399,"京都府","長岡京市","神足１丁目１０番６号",,26,209,6170833,,,,,,,2015-10-05,0,,,,,"サイノウチイイン",0
1972,7130005006592,11,1,2026-10-06,2026-09-01,"医療法人さいのうちクリニック",,399,"京都府","長岡京市","神足１丁目１０番６号",,26,209,6170833,,,,,,,2015-10-05,1,,,,,"サイノウチクリニック",0
1973,7140001086415,21,0,2026-10-06,2026-09-28,"株式会社たるみん",,301,"兵庫県","神戸市垂水区","霞ケ丘２丁目２番１９号",,28,108,6550039,,,2026-09-28,01,,,2015-10-05,1,,,,,"タルミン",0
1974,7140001105182,21,0,2026-10-06,2026-09-04,"株式会社バイオパレット",,301,"東京都","千代田区","大手町１丁目６番１号",,13,101,1000004,,,2026-09-04,01,,,2017-02-24,1,,,,,"バイオパレット",0
1975,7140001119521,12,0,2026-10-06,2026-09-29,"株式会社ｃｏｓｍｅｇｉｍｍｉｃｋ",,301,"兵庫県","西宮市","松原町１２番１２号ＧａｒｄｅｎＦｌａｔｓ２Ｆ",,28,204,6620912,,,,,,,2020-11-24,1,,,,,"コスメギミック",0
1976,7140001135007,21,0,2026-10-06,2026-09-28,"大同株式会社",,301,"兵庫県","三田市","ゆりのき台５丁目８番地９５",,28,219,6691324,,,2026-09-28,01,,,2024-07-04,1,,,,,"ダイドウ",0
1977,7140001142754,12,0,2026-10-06,2026-09-30,"ＢｉｎｘＡＩ株式会社",,301,"大阪府","大阪市北区","芝田１丁目１番４号阪急ターミナルビル１６Ｆ",,27,127,5300012,,,,,,,2026-05-14,1,,,,,"ビンクスエイアイ",0
1978,7140001144189,01,0,2026-10-06,2026-10-06,"株式会社ＫＩＳ",,301,"兵庫県","神戸市西区","南別府３丁目８番地の２",,28,111,6512116,,,,,,,2026-10-06,1,,,,,"ケーアイエス",0
1979,7140001144214,01,0,2026-10-06,2026-10-06,"株式会社ＣＨＩＫＡＭＯＲＩ",,301,"兵庫県","宝塚市","武庫山２丁目１番１０号",,28,214,6650005,,,,,,,2026-10-06,1,,,,,"チカモリ",0
1980,7140002030578,01,1,2026-10-06,2015-10-05,"有限会社岸本石材店",,302,"兵庫県","三木市","口吉川町西中３４７番地の２",,28,215,6730735,,,,,,,2015-10-05,1,,,,,"キシモトセキザイテン",0
1981,7140003024182,01,0,2026-10-06,2026-10-06,"合同会社ＫＡＮＳＡＩ　ＣＬＩＮＩＣ　ＰＡＲＴＮＥＲＳ",,305,"兵庫県","神戸市中央区","海岸通１丁目１番２号レジデンスタワー１７０６号",,28,110,6500024,,,,,,,2026-10-06,1,,,,,"カンサイクリニックパートナーズ",0
1982,7140005028074,01,0,2026-10-06,2026-10-06,"一般社団法人動物かほご",,399,"兵庫県","淡路市","岩屋４２２番地２１",,28,226,6562401,,,,,,,2026-10-06,1,,,,,"ドウブツカホゴ",0
1983,7150005002557,21,0,2026-10-06,2026-09-30,"奈良県質屋協同組合",,399,"奈良県","大和高田市","日之出東本町６番６号",,29,202,6350023,,,2026-09-30,01,,,2015-10-05,1,,,,,"ナラケンシチヤ",0
1984,7160001006486,21,0,2026-10-06,2026-09-30,"奥伊吹森林レク株式会社",,301,"滋賀県","米原市","甲津原５３０番地",,25,214,5210301,,,2026-09-30,11,3160001023221,"令和８年９月３０日滋賀県米原市甲津原５３０番地奥伊吹ホールディングス株式会社（3160001023221）に合併し解散",2015-10-05,1,,,,,"オクイブキシンリンレク",0
1985,7160001017962,71,0,2026-10-06,2026-09-30,"スリーワンマネジメント株式会社",,301,"滋賀県","草津市","橋岡町４２番地１",,25,206,5250065,,,,,,"令和８年９月３０日滋賀県草津市橋岡町４２番地１スリーワン不動産販売株式会社（5160001023228）を合併",2015-10-05,1,,,,,"スリーワンマネジメント",0
1986,7160001018250,12,0,2026-10-06,2026-10-02,"株式会社波",,301,"滋賀県","湖南市","岩根中央３丁目９５番地",,25,211,5203254,,,,,,,2015-10-05,1,,,,,"ナミ",0
1987,7160001026146,12,0,2026-10-06,2026-10-02,"株式会社トランスポーター",,301,"滋賀県","草津市","川原１丁目７－３",,25,206,5250021,,,,,,,2024-08-07,1,,,,,"トランスポーター",0
1988,7160002013985,21,0,2026-10-06,2026-10-02,"有限会社大弥工務店",,302,"滋賀県","守山市","木浜町１４８番地",,25,207,5240104,,,2026-10-02,01,,,2015-10-05,1,,,,,"ダイヤコウムテン",0
1989,7170001019272,01,0,2026-10-06,2026-10-06,"株式会社百紀堂",,301,"和歌山県","西牟婁郡白浜町","栄６０５番地１",,30,401,6492332,,,,,,,2026-10-06,1,,,,,"ヒャッキドウ",0
1990,7170005006861,12,0,2026-10-06,2026-10-01,"一般社団法人創",,399,"和歌山県","田辺市","秋津町１３０６番地の２",,30,206,6460005,,,,,,,2020-11-11,1,,,,,"ソウ",0
1991,7180001059615,12,0,2026-10-06,2026-10-01,"株式会社吉田工業",,301,"愛知県","名古屋市緑区","大高町字己新田１７１番地",,23,114,4598001,,,,,,,2015-10-05,1,,,,,"ヨシダコウギョウ",0
1992,7180001074052,11,0,2026-10-06,2026-10-01,"株式会社セカンドリテイリング",,301,"愛知県","名古屋市中区","富士見町８番８号",,23,106,4600014,,,,,,,2015-10-05,1,,,,,"セカンドリテイリング",0
1993,7180001107935,01,1,2026-10-06,2015-10-05,"株式会社富士山",,301,"愛知県","名古屋市中村区","名駅２丁目４５番１９号",,23,105,4500002,,,,,,,2015-10-05,0,,,,,"フジヤマ",0
1994,7180001107935,12,1,2026-10-06,2016-06-01,"株式会社富士山",,301,"愛知県","名古屋市中村区","太閤３丁目１番１８号",,23,105,4530801,,,,,,,2015-10-05,0,,,,,"フジヤマ",0
1995,7180001107935,12,1,2026-10-06,2023-02-01,"株式会社富士山",,301,"大阪府","大阪市北区","梅田２丁目５－８－５Ｆ税理士法人エール内",,27,127,5300001,,,,,,,2015-10-05,0,,,,,"フジヤマ",0
1996,7180001107935,12,1,2026-10-06,2025-08-12,"株式会社富士山",,301,"大阪府","大阪市淀川区","宮原１丁目１７－３３－３１６",,27,123,5320003,,,,,,,2015-10-05,0,,,,,"フジヤマ",0
1997,7180001107935,12,0,2026-10-06,2026-10-02,"株式会社富士山",,301,"大阪府","吹田市","春日１丁目７－２２－１０２",,27,205,5650853,,,,,,,2015-10-05,1,,,,,"フジヤマ",0
1998,7180001119468,01,1,2026-10-06,2015-10-05,"株式会社コグーアウトドア",,301,"愛知県","名古屋市名東区","高針２丁目２４１８番地",,23,115,4650061,,,,,,,2015-10-05,1,,,,,"コグーアウトドア",0
1999,7180001129244,01,1,2026-10-06,2017-09-01,"Ｉ’ＢＵＫＩ　ＤＩＮＩＮＧ株式会社",,301,"愛知県","名古屋市中区","新栄１丁目４６番４号ＣＡＳＡＢＩＡＮＣＡ１０１",,23,106,4600007,,,,,,,2017-09-01,0,,,,,"イブキダイニング",0
2000,7180001129244,12,1,2026-10-06,2026-09-29,"Ｉ’ＢＵＫＩ　ＤＩＮＩＮＧ株式会社",,301,"愛知県","名古屋市中区","錦３丁目１３番２４号一二三ビル３階",,23,106,4600003,,,,,,,2017-09-01,1,,,,,"イブキダイニング",0
2001,7180001133031,12,0,2026-10-06,2026-09-29,"株式会社大和",,301,"愛知県","名古屋市東区","東桜２丁目９番１６号レジデンス高岳１０２号",,23,102,4610005,,,,,,,2018-07-10,1,,,,,"ヤマト",0
2002,7180001167797,12,0,2026-10-06,2026-10-02,"株式会社エスペシオン",,301,"東京都","新宿区","百人町１丁目１１番２－５０２号（ＩＩ）",00145158,13,104,1690073,,,,,,,2025-07-29,1,,,,,"エスペシオン",0
2003,7180001173580,01,0,2026-10-06,2026-10-06,"Ｙｕｋａ　Ｇｌｏｂａｌ　Ｆｏｏｄｓ株式会社",,301,"愛知県","名古屋市中区","栄５丁目２０番２４号Ｊレジデンス栄５０５",,23,106,4600008,,,,,,,2026-10-06,1,,,,,"ユウカグローバルフーズ",0
2004,7180001173671,01,0,2026-10-06,2026-10-06,"株式会社カワムラキカク",,301,"愛知県","名古屋市中村区","八社２丁目７６番地グッドホープ１０３号",,23,105,4530863,,,,,,,2026-10-06,1,,,,,"カワムラキカク",0
2005,7180001173738,01,0,2026-10-06,2026-10-06,"株式会社アッシュエド",,301,"愛知県","名古屋市中区","栄１丁目１２番１３号タワー・ザ・ファースト名古屋伏見２６０３号",,23,106,4600008,,,,,,,2026-10-06,1,,,,,"アッシュエド",0
2006,7180001173754,01,0,2026-10-06,2026-10-06,"株式会社Ｌｉｎｋａｇｅ",,301,"愛知県","名古屋市緑区","相川３丁目６１番地ライオンズマンション相生７０２号",,23,114,4580011,,,,,,,2026-10-06,1,,,,,"リンケージ",0
2007,7180001173770,01,0,2026-10-06,2026-10-06,"清須建設株式会社",,301,"愛知県","清須市","春日樋４３番地",,23,233,4520961,,,,,,,2026-10-06,1,,,,,"キヨスケンセツ",0
2008,7180002017282,01,1,2026-10-06,2015-10-05,"有限会社旭計測",,302,"愛知県","名古屋市中川区","伏屋１丁目１０２番地",,23,110,4540996,,,,,,,2015-10-05,1,,,,,"アサヒケイソク",0
2009,7180003029046,21,0,2026-10-06,2026-09-07,"合同会社Ｍｅｉｃｏｎ",,305,"愛知県","名古屋市千種区","今池５丁目３３－２Ｌａｄｏｕｃｅｕｒ今池６１０",,23,101,4640850,,,2026-09-07,01,,,2025-09-12,1,,,,,"メイコン",0
2010,7180003030755,01,1,2026-10-06,2026-09-07,"合同会社ビズパレット",,305,"愛知県","犬山市","大字橋爪字中屋敷２５－３",,23,215,4840076,,,,,,,2026-09-07,0,,,,,,0
2011,7180003030755,12,0,2026-10-06,2026-09-30,"合同会社ビズパレット",,305,"京都府","宇治市","広野町大開９１番地２０",,26,204,6110031,,,,,,,2026-09-07,1,,,,,,0
2012,7180003030862,01,0,2026-10-06,2026-10-06,"合同会社山ノ風",,305,"愛知県","名古屋市中区","栄２丁目２番１号広小路伏見中駒ビル２Ｆ－９",,23,106,4600008,,,,,,,2026-10-06,1,,,,,"ヤマノカゼ",0
2013,7180005013493,01,1,2026-10-06,2015-10-05,"立田漁業協同組合",,399,"愛知県","愛西市","立田町富安７５番地１",,23,232,4960946,,,,,,,2015-10-05,0,,,,,"タツタ",0
2014,7180005013493,12,1,2026-10-06,2024-09-19,"立田漁業協同組合",,399,"愛知県","愛西市","森川町井桁西７７番地",,23,232,4960943,,,,,,,2015-10-05,1,,,,,"タツタ",0
2015,7180301005368,21,0,2026-10-06,2026-09-24,"株式会社加藤電機工作所",,301,"愛知県","豊橋市","湊町１５７番地",,23,201,4400073,,,2026-09-24,01,,,2015-10-05,1,,,,,"カトウデンキコウサクショ",0
2016,7180301015292,21,0,2026-10-06,2026-09-24,"株式会社角鐘",,301,"愛知県","高浜市","神明町６丁目３番地１４",,23,227,4441305,,,2026-09-24,01,,,2015-10-05,1,,,,,"スミショウ",0
2017,7180302026677,01,1,2026-10-06,2015-10-05,"有限会社尾崎手袋",,302,"愛知県","西尾市","吉良町富好新田井戸東２番地",,23,213,4440515,,,,,,,2015-10-05,1,,,,,"オザキテブクロ",0
2018,7180305003649,01,1,2026-10-06,2015-10-05,"永正寺",,399,"愛知県","豊川市","伊奈町大明神１５の１番地",,23,207,4410105,,,,,,,2015-10-05,1,,,,,"エイショウジ",0
2019,7190001033486,01,0,2026-10-06,2026-10-06,"株式会社一如",,301,"三重県","四日市市","ときわ５丁目３番３１号トキワヒルズ３０３",,24,202,5100834,,,,,,,2026-10-06,1,,,,,"イチニョ",0
2020,7190002001921,01,0,2026-10-06,2026-10-06,"有限会社辻野製作所",00145086,302,"三重県","津市","庄田町２１８４番地の２",,24,201,5141255,,,,,,,2026-10-06,1,,,,,,0
2021,7190003002448,12,0,2026-10-06,2026-09-17,"合同会社アースナビ",,305,"三重県","松阪市","五反田町１丁目１１８８番地３",,24,204,5150064,,,,,,,2015-12-15,1,,,,,"アースナビ",0
2022,7200001007620,01,1,2026-10-06,2015-10-05,"雄飛水道株式会社",,301,"岐阜県","各務原市","那加不動丘２丁目１６０番地１",,21,213,5040838,,,,,,,2015-10-05,1,,,,,"ユウヒスイドウ",0
2023,7200001042832,01,1,2026-10-06,2024-08-23,"ｉホーム株式会社",,301,"岐阜県","岐阜市","上土居３丁目６番６号",,21,201,5020803,,,,,,,2024-08-23,1,,,,,,0
2024,7200001045521,01,0,2026-10-06,2026-10-06,"インテリア若園株式会社",,301,"岐阜県","本巣市","宗慶３８２番地４",,21,218,5010462,,,,,,,2026-10-06,1,,,,,"インテリアワカゾノ",0
2025,7200002005796,21,0,2026-10-06,2026-09-30,"有限会社マロンショップサービス",,302,"岐阜県","岐阜市","五坪２丁目８番６号",,21,201,5008157,,,2026-09-30,01,,,2015-10-05,1,,,,,"マロンショップサービス",0
2026,7200002021265,01,1,2026-10-06,2015-10-05,"有限会社志田建築",,302,"岐阜県","土岐市","泉森下町１丁目１０番地",,21,212,5095135,,,,,,,2015-10-05,1,,,,,"シダケンチク",0
2027,7210001012157,01,1,2026-10-06,2015-10-05,"キド合繊株式会社",,301,"福井県","越前市","野岡町１９号４番地",,18,209,9150264,,,,,,,2015-10-05,1,,,,,,0
2028,7210001020762,01,0,2026-10-06,2026-10-06,"株式会社豊",,301,"福井県","福井市","順化２丁目２１番１１号",,18,201,9100023,,,,,,,2026-10-06,1,,,,,"ユタカ",0
2029,7210002000350,21,0,2026-10-06,2026-09-28,"有限会社伊藤パターン工芸社",,302,"福井県","福井市","板垣４丁目１００３番地",,18,201,9188104,,,2026-09-28,01,,,2026-09-14,1,,,,,"イトウパターンコウゲイシャ",0
2030,7210005010280,01,0,2026-10-06,2026-10-06,"一般社団法人日本ＡＩルネサンス協会",,399,"福井県","坂井市","坂井町下新庄第１６号８番地",,18,210,9190521,,,,,,,2026-10-06,1,,,,,"ニホンエーアイルネサンスキョウカイ",0
2031,7220001018616,21,0,2026-10-06,2026-10-01,"株式会社エスアールシー",,301,"石川県","金沢市","高尾南３丁目９３番地",,17,201,9218154,,,2026-10-01,11,6220001007339,"令和８年１０月１日石川県金沢市高尾南三丁目９３番地ソフィア株式会社（6220001007339）に合併し解散",2015-10-05,1,,,,,"エスアールシー",0
2032,7220001025117,12,0,2026-10-06,2026-10-02,"株式会社Ｔｉｔｏ",,301,"石川県","野々市市","堀内４丁目１６１番地１",,17,212,9218844,,,,,,,2022-11-02,1,,,,,"ティート",0
2033,7220001027609,01,0,2026-10-06,2026-10-06,"株式会社日章ホールディングス",,301,"石川県","能美郡川北町","字田子島い７番地",,17,324,9231271,,,,,,,2026-10-06,1,,,,,"ニッショウホールディングス",0
2034,7220001027625,01,0,2026-10-06,2026-10-06,"株式会社ナカシンチ",,301,"石川県","珠洲市","宝立町柏原３７字１４０番地",,17,205,9271228,,,,,,,2026-10-06,1,,,,,"ナカシンチ",0
2035,7230001020406,12,0,2026-10-06,2026-10-01,"株式会社ＳＨＩＮＲＡＩ",,301,"富山県","富山市","水橋伊勢屋３１番地１",,16,201,9393524,,,,,,,2024-06-24,1,,,,,,0
2036,7230003002699,01,0,2026-10-06,2026-10-06,"合同会社八尋",,305,"富山県","砺波市","平成町３番８号",,16,208,9391361,,,,,,,2026-10-06,1,,,,,"ヤヒロ",0
2037,7230005006962,01,1,2026-10-06,2015-10-05,"明慶寺",,399,"富山県","氷見市","本町３番２号",,16,205,9350016,,,,,,,2015-10-05,1,,,,,"ミョウケイジ",0
2038,7240001067116,01,0,2026-10-06,2026-10-06,"株式会社こつばん",,301,"広島県","広島市西区","楠木町１丁目１５番７－２０１号",,34,104,7330002,,,,,,,2026-10-06,1,,,,,"コツバン",0
2039,7240001067124,01,0,2026-10-06,2026-10-06,"株式会社心日",,301,"広島県","福山市","引野町１１０６番地１７",,34,207,7210942,,,,,,,2026-10-06,1,,,,,"シンカ",0
2040,7240001067149,01,0,2026-10-06,2026-10-06,"株式会社シュンキ工業",,301,"広島県","広島市西区","南観音３丁目１５番３６－１号",,34,104,7330035,,,,,,,2026-10-06,1,,,,,"シュンキコウギョウ",0
2041,7240003007953,01,0,2026-10-06,2026-10-06,"合同会社ＲＥＶＥＲＩＩ　ＴＯＷＮ",,305,"広島県","広島市安佐南区","長束２丁目１２番３０号２０１",,34,105,7310135,,,,,,,2026-10-06,1,,,,,"レヴェリータウン",0
2042,7240003007961,01,0,2026-10-06,2026-10-06,"合同会社ＰＪＳ３５",,305,"広島県","福山市","神辺町字道上９０１－１",,34,207,7202104,,,,,,,2026-10-06,1,,,,,"ピージェイエスサンジュウゴ",0
2043,7250001013267,12,0,2026-10-06,2026-10-01,"株式会社和妍",00002498,301,"山口県","山陽小野田市","新生２丁目８番１０号",,35,216,7560092,,,,,,,2015-10-05,1,,,,,"ワケン",0
2044,7250001019891,12,0,2026-10-06,2026-10-01,"株式会社花れん",,301,"山口県","下関市","綾羅木本町１丁目１２番８号",,35,201,7510849,,,,,,,2022-12-16,1,,,,,"カレン",0
2045,7250002017226,01,1,2026-10-06,2015-10-05,"有限会社オートハンズ",,302,"山口県","光市","大字岩田２５０２番地の１７",,35,210,7430103,,,,,,,2015-10-05,1,,,,,"オートハンズ",0
2046,7260002028420,01,1,2026-10-06,2015-10-05,"有限会社三協緑産",,302,"岡山県","久米郡美咲町","打穴中５６１番地４",,33,666,7093703,,,,,,,2015-10-05,1,,,,,"サンキョウリョクサン",0
2047,7260005011670,01,0,2026-10-06,2026-10-06,"一般社団法人ＡＲＴ教育支援機構",,399,"岡山県","岡山市北区","津島中３丁目１番１号岡山大学研究・イノベーション共創機構共創・イノベーションラボ（ＫＩＢＩＮＯＶＥ）",,33,101,7000082,,,,,,,2026-10-06,1,,,,,"アートキョウイクシエンキコウ",0
2048,7270002006235,01,1,2026-10-06,2015-10-05,"有限会社宗平ビル",,302,"鳥取県","米子市","両三柳４５６８番地２４３",,31,202,6830853,,,,,,,2015-10-05,1,,,,,"ソウヘイビル",0
2049,7270002011193,01,1,2026-10-06,2015-10-05,"有限会社徳川ガス店",,302,"鳥取県","東伯郡琴浦町","大字浦安３５７番地",,31,371,6892352,,,,,,,2015-10-05,1,,,,,"トクガワガステン",0
2050,7280001000881,12,0,2026-10-06,2026-10-01,"菱農エンジニアリング株式会社",,301,"島根県","松江市","東出雲町揖屋３０５４番地１５",,32,201,6990101,,,,,,,2015-10-05,0,,,,,"リョウノウエンジニアリング",0
2051,7280001000881,11,0,2026-10-06,2026-10-01,"ＴＳＫ菱農エンジニアリング株式会社",,301,"島根県","松江市","東出雲町揖屋３０５４番地１５",,32,201,6990101,,,,,,,2015-10-05,1,,,,,"ティーエスケイリョウノウエンジニアリング",0
2052,7280002008825,01,1,2026-10-06,2015-10-05,"有限会社カイ",,302,"島根県","浜田市","三隅町古市場１１３０番地",,32,202,6993225,,,,,,,2015-10-05,0,,,,,,0
2053,7280002008825,21,0,2026-10-06,2026-10-05,"有限会社カイ",,302,"島根県","浜田市","三隅町古市場１１３０番地",,32,202,6993225,,,2026-10-05,01,,,2015-10-05,1,,,,,,0
2054,7280002010707,21,0,2026-10-06,2026-10-01,"有限会社斡旋企画",,302,"島根県","益田市","遠田町１０５９番地９",,32,204,6993676,,,2026-10-01,11,3280002010784,"令和８年１０月１日島根県益田市遠田町１０５９番地９株式会社斡旋企画（3280002010784）に合併し解散",2015-10-05,1,,,,,"アッセンキカク",0
2055,7280005006669,01,1,2026-10-06,2015-10-05,"一般社団法人島根県安全運転管理者協会",,399,"島根県","松江市","打出町２５０番地１",,32,201,6900131,,,,,,,2015-10-05,1,,,,,,0
2056,7280005007717,01,0,2026-10-06,2026-10-06,"一般社団法人チーム出雲オープンイノベーション協会",,399,"島根県","出雲市","今市町３２１番地３",,32,203,6930001,,,,,,,2026-10-06,1,,,,,"チームイズモオープンイノベーションキョウカイ",0
2057,7290001094428,12,0,2026-10-06,2026-09-15,"株式会社ネクサス",,301,"福岡県","福岡市中央区","天神５丁目４番１－７０７号",,40,133,8100001,,,,,,,2021-08-31,1,,,,,"ネクサス",0
2058,7290001103361,12,0,2026-10-06,2026-09-11,"盛源株式会社",,301,"福岡県","八女郡広川町","大字日吉８４２－６",,40,544,8340111,,,,,,,2023-10-11,1,,,,,"セイゲン",0
2059,7290001115662,01,0,2026-10-06,2026-10-06,"株式会社クロ",,301,"福岡県","嘉麻市","岩崎１３７０番地９",,40,227,8200205,,,,,,,2026-10-06,1,,,,,"クロ",0
2060,7290001115704,01,0,2026-10-06,2026-10-06,"株式会社福居ＰＬＵＳ",,301,"福岡県","福岡市東区","唐原５丁目１－４７イルマーレ産大前１０１号室",,40,131,8130001,,,,,,,2026-10-06,1,,,,,"フクイプラス",0
2061,7290001115737,01,0,2026-10-06,2026-10-06,"株式会社Ｈ．Ｄ",,301,"福岡県","福岡市早良区","次郎丸１丁目５番１１号",,40,137,8140165,,,,,,,2026-10-06,1,,,,,"エイチディ",0
2062,7290002031727,01,1,2026-10-06,2015-10-05,"有限会社アサンテ",,302,"福岡県","福岡市中央区","今泉２丁目４番４号",,40,133,8100021,,,,,,,2015-10-05,1,,,,,"アサンテ",0
2063,7290003017907,12,0,2026-10-06,2026-10-02,"合同会社系統用蓄電池５号",,305,"大阪府","大阪市淀川区","西中島６丁目１１番２８号",,27,123,5320011,,,,,,,2026-01-16,1,,,,,"ケイトウヨウチクデンチゴゴウ",0
2064,7290003018954,01,0,2026-10-06,2026-10-06,"合同会社Ｂｓｉｄｅｓ　Ａｌｌ",,305,"福岡県","福岡市中央区","天神２丁目２番１２号Ｔ＆Ｊビルディング７Ｆ",,40,133,8100001,,,,,,,2026-10-06,1,,,,,"ビサイズオール",0
2065,7290003018962,01,0,2026-10-06,2026-10-06,"合同会社ＴＡＫＥ・ＴＯＭＯ",,305,"福岡県","福岡市東区","香椎照葉６丁目４番３－３０２号",,40,131,8130017,,,,,,,2026-10-06,1,,,,,"テイクトモ",0
2066,7290003018987,01,0,2026-10-06,2026-10-06,"合同会社ＪＥＥＴ　ＮＯＶＡ",,305,"福岡県","福岡市博多区","博多駅前１丁目２３番２号ＰａｒｋＦｒｏｎｔ博多駅前一丁目５Ｆ－Ｂ",,40,132,8120011,,,,,,,2026-10-06,1,,,,,"ジートノバ",0
2067,7300001014771,01,0,2026-10-06,2026-10-06,"株式会社多久観光サービス",,301,"佐賀県","多久市","多久町１４１４番地１",,41,204,8460031,,,,,,,2026-10-06,1,,,,,"タクカンコウサービス",0
2068,7310001005885,12,0,2026-10-06,2026-10-05,"ハウスアドバイザー住販株式会社",,301,"長崎県","佐世保市","大和町８３１番地",,42,202,8571165,,,,,,,2015-10-05,1,,,,,"ハウスアドバイザージュウハン",0
2069,7310001020281,01,0,2026-10-06,2026-10-06,"株式会社ａｃｔ　ｂａｓｅ",,301,"長崎県","佐世保市","田原町７－９",,42,202,8570136,,,,,,,2026-10-06,1,,,,,"アクトベース",0
2070,7320001021948,01,0,2026-10-06,2026-10-06,"株式会社天翔電気",,301,"大分県","大分市","三佐４丁目５番１８号",,44,201,8700108,,,,,,,2026-10-06,1,,,,,"テンショウデンキ",0
2071,7320002004571,01,1,2026-10-06,2015-10-05,"有限会社釣具の山下",,302,"大分県","大分市","青崎２丁目１番３７号",,44,201,8700278,,,,,,,2015-10-05,1,,,,,"ツリグノヤマシタ",0
2072,7330001022978,01,1,2026-10-06,2016-07-15,"株式会社ベストナイン",,301,"熊本県","熊本市中央区","壺川１丁目６番１３号",,43,101,8600076,,,,,,,2016-07-15,0,,,,,"ベストナイン",0
2073,7330001022978,12,1,2026-10-06,2026-09-29,"株式会社ベストナイン",,301,"熊本県","熊本市中央区","壺川１丁目９番４３号",,43,101,8600076,,,,,,,2016-07-15,1,,,,,"ベストナイン",0
2074,7330001023282,01,1,2026-10-06,2016-10-05,"株式会社Ｍファーム",,301,"熊本県","八代市","郡築二番町９２番地８（２）",,43,202,8660023,,,,,,,2016-10-05,0,,,,,"エムファーム",0
2075,7330001023282,12,1,2026-10-06,2018-02-16,"株式会社Ｍファーム",,301,"熊本県","八代市","昭和同仁町３３８番地８９",,43,202,8694723,,,,,,,2016-10-05,1,,,,,"エムファーム",0
2076,7330001028835,12,0,2026-10-06,2026-09-30,"株式会社Ｇｅｒｍｉｎａｔｉｏｎ　Ｓｏｆｔｗａｒｅ",,301,"熊本県","熊本市中央区","花畑町１番１４号Ａ＆Ｍ　ＨＡＮＡＢＡＴＡ３０１号",,43,101,8600806,,,,,,,2021-07-28,1,,,,,"ジャーミネーションソフトウェア",0
2077,7330001034718,01,0,2026-10-06,2026-10-06,"株式会社森建",,301,"熊本県","菊池市","泗水町永９１２－１",,43,210,8611204,,,,,,,2026-10-06,1,,,,,"モリケン",0
2078,7340002012374,21,0,2026-10-06,2026-10-01,"有限会社八百力",,302,"鹿児島県","鹿児島市","小原町２１番１０号",,46,201,8910111,,,2026-10-01,01,,,2015-10-05,1,,,,,,0
2079,7350001020294,01,0,2026-10-06,2026-10-06,"株式会社段畜産",,301,"宮崎県","都城市","高崎町縄瀬７６５番地２",,45,202,8894503,,,,,,,2026-10-06,1,,,,,"ダンチクサン",0
2080,7350003005302,01,0,2026-10-06,2026-10-06,"合同会社みこと",,305,"宮崎県","延岡市","三須町７６５番地３",,45,203,8820881,,,,,,,2026-10-06,1,,,,,"ミコト",0
2081,7360001035259,12,0,2026-10-06,2026-09-08,"株式会社あけみお不動産",,301,"沖縄県","名護市","東江５丁目２２番２０－２０７号",,47,209,9050021,,,,,,,2025-05-28,1,,,,,"アケミオフドウサン",0
2082,7370001018948,21,0,2026-10-06,2026-09-25,"株式会社大槻総合研究所",,301,"宮城県","仙台市青葉区","北根１丁目１３番１－２１０４号",,04,101,9810902,,,2026-09-25,01,,,2015-10-05,1,,,,,"オオツキソウゴウケンキュウショ",0
2083,7370001020045,12,0,2026-10-06,2026-09-25,"株式会社アーテックプランニング",,301,"宮城県","仙台市青葉区","本町２丁目２番６号",,04,101,9800014,,,,,,,2015-10-05,1,,,,,"アーテックプランニング",0
2084,7370001054274,01,0,2026-10-06,2026-10-06,"株式会社Ｋ２Ｃ",,301,"宮城県","石巻市","魚町２丁目１０番地２５",,04,202,9860022,,,,,,,2026-10-06,1,,,,,"ケーツーシー",0
2085,7370001054299,01,0,2026-10-06,2026-10-06,"株式会社ＫＡＥＲＵＺＯ",,301,"宮城県","仙台市宮城野区","岩切字羽黒前８７番地",,04,102,9830821,,,,,,,2026-10-06,1,,,,,"カエルゾ",0
2086,7370003007775,01,0,2026-10-06,2026-10-06,"合同会社コンパスローズ",,305,"宮城県","仙台市青葉区","小田原６丁目５番１７号",,04,101,9800003,,,,,,,2026-10-06,1,,,,,"コンパスローズ",0
2087,7380001011084,21,0,2026-10-06,2026-09-29,"株式会社環境未来",,301,"福島県","西白河郡西郷村","大字真船字横川２０番地５",,07,461,9618071,,,2026-09-29,01,,,2015-10-05,1,,,,,"カンキョウミライ",0
2088,7380001011852,21,0,2026-10-06,2026-09-30,"株式会社ヒラタ技研",,301,"福島県","石川郡平田村","大字下蓬田字古寺１６番地１",00111675,07,503,9638207,,,2026-09-30,01,,,2015-10-05,1,,,,,"ヒラタギケン",0
2089,7380001036338,01,0,2026-10-06,2026-10-06,"株式会社三矢不動産開発",,301,"福島県","郡山市","本町２丁目５番１０号－１０１号室",,07,203,9638871,,,,,,,2026-10-06,1,,,,,"ミツヤフドウサンカイハツ",0
2090,7390001013609,01,1,2026-10-06,2015-10-05,"共立株式会社",,301,"山形県","山形市","蔵王松ケ丘１丁目１番１２",,06,201,9902338,,,,,,,2015-10-05,1,,,,,"キョウリツ",0
2091,7410002001551,01,1,2026-10-06,2015-10-05,"有限会社呉服さとう",,302,"秋田県","秋田市","大町１丁目４番１８号",,05,201,0100921,,,,,,,2015-10-05,1,,,,,"ゴフクサトウ",0
2092,7430001097812,01,0,2026-10-06,2026-10-06,"株式会社北川情報技術",,301,"北海道","札幌市中央区","北一条西３丁目３番地３３リープロビル３０２",,01,101,0600001,,,,,,,2026-10-06,1,,,,,"キタガワジョウホウギジュツ",0
2093,7430003006795,12,0,2026-10-06,2026-09-30,"合同会社グランフォール",,305,"神奈川県","横浜市港北区","樽町１丁目１４番４２号アンゼリカ３０２",,14,109,2220001,,,,,,,2015-10-05,1,,,,,"グランフォール",0
2094,7430003008494,71,0,2026-10-06,2026-10-01,"合同会社ラ・ルーチェ",,305,"北海道","札幌市東区","北四十一条東６丁目２番７号",,01,103,0070841,,,,,,"令和８年１０月１日札幌市中央区宮の森二条十丁目３番１０号宮の森二条マンション２０２号室株式会社べるにこっと（5430001031632）を合併",2017-06-09,1,,,,,"ラルーチェ",0
2095,7430003011135,12,0,2026-10-06,2026-10-01,"ＳＴＡＲＤＵＳＴ株式会社",,301,"北海道","札幌市中央区","北五条西１１丁目１５番地４ＢＹＹＡＲＤ",,01,101,0600005,,,,,,,2020-01-10,1,,,,,"スターダスト",0
2096,7430003019467,01,0,2026-10-06,2026-10-06,"ジャットファーム合同会社",,305,"北海道","沙流郡日高町","字清畠１５７番地の１",,01,601,0592245,,,,,,,2026-10-06,1,,,,,"ジャットファーム",0
2097,7430003019483,01,0,2026-10-06,2026-10-06,"合同会社ＫＡＡＲ",,305,"北海道","札幌市中央区","南二条東５丁目１番地１４クレアホームズ札幌大通東エスシート１４０５号",,01,101,0600052,,,,,,,2026-10-06,1,,,,,"ケーエーアール",0
2098,7450001002027,21,0,2026-10-06,2026-09-30,"株式会社田島電気商会",,301,"北海道","旭川市","東光二条３丁目３番１７号",,01,204,0788342,,,2026-09-30,01,,,2015-10-05,1,,,,,"タジマデンキショウカイ",0
2099,7450003001803,12,0,2026-10-06,2026-10-02,"合同会社小川",,305,"北海道","上川郡当麻町","中央３区２２０－１",,01,454,0781331,,,,,,,2019-03-04,1,,,,,"オガワ",0
2100,7450003002875,01,0,2026-10-06,2026-10-06,"合同会社にしかわ不動産",,305,"北海道","旭川市","神居三条１１丁目１番５号太田ビル１階",,01,204,0708013,,,,,,,2026-10-06,1,,,,,"ニシカワフドウサン",0
2101,7480001001752,21,0,2026-10-06,2026-09-29,"四国民権企業株式会社",,301,"香川県","高松市","サンポート２番１号",,37,201,7600019,,,2026-09-29,11,3010001030315,"令和８年９月１日東京都千代田区平河町二丁目５番５号四川飯店株式会社（3010001030315）に合併し解散",2015-10-05,1,,,,,"シコクミンケンキギョウ",0
2102,7480001013285,01,0,2026-10-06,2026-10-06,"株式会社Ｔｈｅｒｍｉｓ",,301,"徳島県","鳴門市","撫養町南浜字東浜６５１番地",,36,202,7720003,,,,,,,2026-10-06,1,,,,,"テルミス",0
2103,7490001011453,01,0,2026-10-06,2026-10-06,"株式会社シミズ総建",,301,"高知県","南国市","十市６０２７番地１４",,39,204,7830085,,,,,,,2026-10-06,1,,,,,"シミズソウケン",0
2104,7500001015270,01,1,2026-10-06,2015-10-05,"株式会社赤松商店",,301,"愛媛県","宇和島市","高串１番耕地５５５番地１",,38,203,7980020,,,,,,,2015-10-05,1,,,,,"アカマツショウテン",0
2105,7500001027167,01,0,2026-10-06,2026-10-06,"おかべ不動産株式会社",,301,"愛媛県","松山市","中一万町３番地２２ｎｅｘｔビル中一万４階",,38,201,7900804,,,,,,,2026-10-06,1,,,,,"オカベフドウサン",0
2106,8010001013406,12,0,2026-10-06,2026-09-08,"オリエント・サービス株式会社",,301,"東京都","千代田区","紀尾井町３番２７号剛堂ビル４０４",,13,101,1020094,,,,,,,2015-10-05,1,,,,,"オリエントサービス",0
2107,8010001030021,01,1,2026-10-06,2015-10-05,"株式会社三喜屋商店",,301,"東京都","千代田区","富士見１丁目５番１７号",,13,101,1020071,,,,,,,2015-10-05,1,,,,,"ミキヤショウテン",0
2108,8010001135101,12,0,2026-10-06,2026-10-01,"株式会社すみれ画廊",,301,"東京都","中央区","銀座１丁目２２番８号",,13,102,1040061,,,,,,,2015-10-05,1,,,,,"スミレガロウ",0
2109,8010001177432,12,0,2026-10-06,2026-10-02,"ＨＯＲＮＥＴＳＥＣＵＲＩＴＹ株式会社",,301,"東京都","渋谷区","神宮前６丁目２３番４号桑野ビル２階",,13,113,1500001,,,,,,,2016-08-12,1,,,,,"ホーネットセキュリティ",0
2110,8010001200086,12,0,2026-10-06,2026-09-08,"株式会社ＲＭＤＣ",,301,"東京都","渋谷区","神宮前３丁目３５番８号",,13,113,1500001,,,,,,,2019-04-16,1,,,,,"アールエムデイシー",0
2111,8010001232014,12,0,2026-10-06,2026-10-02,"株式会社ブレインボックス",,301,"東京都","渋谷区","代々木２丁目２３番１号ニューステイトメナー８６２号室",,13,113,1510053,,,,,,,2023-01-06,1,,,,,"ブレインボックス",0
2112,8010001232906,12,0,2026-10-06,2026-09-04,"ＩＭＰＡＸアセットマネジメント合同会社",,305,"東京都","港区","六本木７丁目７番７号Ｔｒｉ－ＳｅｖｅｎＲｏｐｐｏｎｇｉ８階",,13,103,1060032,,,,,,,2023-02-09,1,,,,,"インパックスアセットマネジメント",0
2113,8010001251939,12,0,2026-10-06,2026-10-01,"金源株式会社",,301,"東京都","港区","北青山２丁目７番２６号ＭａｉｓｏｎＡｏｙａｍａ５０２",,13,103,1070061,,,,,,,2025-02-03,1,,,,,"コンゲン",0
2114,8010001269171,01,0,2026-10-06,2026-10-06,"株式会社ＳＹＮＴＲＯＰＩＣ",,301,"東京都","中央区","日本橋兜町１７番２号兜町第６葉山ビル４階",,13,102,1030026,,,,,,,2026-10-06,1,,,,,"シントロピック",0
2115,8010001269262,01,0,2026-10-06,2026-10-06,"株式会社天良",,301,"東京都","中央区","銀座７丁目１３番２０号銀座ＴＨビル９階",,13,102,1040061,,,,,,,2026-10-06,1,,,,,"テンラ",0
2116,8010002018081,11,0,2026-10-06,2026-09-24,"株式会社尾道商店",,301,"東京都","江東区","豊洲６丁目５番１号",,13,108,1350061,,,,,,,2015-10-05,1,,,,,"オミチショウテン",0
2117,8010003029490,12,0,2026-10-06,2026-10-01,"合同会社ネクストバリュー",,305,"東京都","新宿区","西新宿５丁目６－１－１８０９",,13,104,1600023,,,,,,,2019-03-13,1,,,,,"ネクストバリュー",0
2118,8010003050034,01,1,2026-10-06,2026-01-28,"シーズコネクト合同会社",,305,"東京都","中央区","日本橋２丁目１６番４号",,13,102,1030027,,,,,,,2026-01-28,1,"SEEDS CONNECT LIMITED LIABILITY COMPANY","Tokyo","2-16-4, Nihombashi, Chuo-ku",,"シーズコネクト",0
2119,8010003052807,01,0,2026-10-06,2026-10-06,"合同会社ＡＩＧＡＴＬＡＳ",,305,"東京都","千代田区","丸の内１丁目１１－１パシフィックセンチュリープレイス丸の内８Ｆ・１３Ｆ",,13,101,1000005,,,,,,,2026-10-06,1,,,,,"エーアイジーアトラス",0
2120,8010003052831,01,0,2026-10-06,2026-10-06,"合同会社ＡｔｏＧ２",,305,"東京都","千代田区","丸の内１丁目８番２号",,13,101,1000005,,,,,,,2026-10-06,1,,,,,"エートュージーツー",0
2121,8010005026453,12,0,2026-10-06,2026-09-01,"デジタル大阪２特定目的会社",,399,"東京都","中央区","新富１丁目１８番８号ジパングアウトソーシングサービス株式会社内",,13,102,1040041,,,,,,,2017-02-20,1,,,,,"デジタルオオサカツー",0
2122,8010005041312,12,0,2026-10-06,2026-09-01,"ＤＣ６一般社団法人",,399,"東京都","中央区","新富１丁目１８番８号ジパングアウトソーシングサービス株式会社内",,13,102,1040041,,,,,,,2026-02-02,1,,,,,"ディーシーシックス",0
2123,8010005042491,01,0,2026-10-06,2026-10-06,"Ｊａｐａｎ　Ｏｎｅ一般社団法人",,399,"東京都","中央区","日本橋１丁目４番１号日本橋一丁目ビルディング",,13,102,1030027,,,,,,,2026-10-06,1,,,,,"ジャパンワン",0
2124,8010101017422,01,0,2026-10-06,2026-10-06,"株式会社和和和",,301,"東京都","八王子市","本町２０番１７号",,13,201,1920066,,,,,,,2026-10-06,1,,,,,"ワワワ",0
2125,8010401187452,01,1,2026-10-06,2025-01-17,"株式会社金ソリューション",,301,"東京都","港区","浜松町２丁目７番１７号イーグル浜松町天翔オフィス浜松町大門１０階１０３０号室",,13,103,1050013,,,,,,,2025-01-17,1,,,,,"キンソリューション",0
2126,8010401194317,12,0,2026-10-06,2026-09-04,"株式会社シードット",,301,"東京都","港区","三田２丁目１番４１号プライムメゾン三田綱町２０３",,13,103,1080073,,,,,,,2025-11-05,1,,,,,"シードット",0
2127,8010401202525,01,0,2026-10-06,2026-10-06,"株式会社ＹＫＳ　Ｃｏｎｎｅｃｔ",,301,"東京都","港区","白金台５丁目４番７－２０２号",,13,103,1080071,,,,,,,2026-10-06,1,,,,,"ワイケーエスコネクト",0
2128,8010401202533,01,0,2026-10-06,2026-10-06,"株式会社アンカバー",,301,"東京都","港区","芝浦４丁目２２番１号",,13,103,1080023,,,,,,,2026-10-06,1,,,,,"アンカバー",0
2129,8010401202541,01,0,2026-10-06,2026-10-06,"株式会社Ｓｏｌｓｐｒｉｎｇ",,301,"東京都","港区","芝浦２丁目２番１５号",,13,103,1080023,,,,,,,2026-10-06,1,,,,,"ソルスプリング",0
2130,8010501005613,12,0,2026-10-06,2026-10-02,"株式会社庄三郎",,301,"東京都","足立区","保木間５丁目２番１４号",,13,121,1210064,,,,,,,2015-10-05,1,,,,,"ショウザブロウ",0
2131,8010501054651,21,0,2026-10-06,2026-10-02,"厚朴心株式会社",,301,"東京都","台東区","蔵前４丁目１６－６ストーク蔵前Ｍ＆Ｋ４階４１８",,13,106,1110051,,,2026-10-02,01,,,2025-09-04,1,,,,,"コウボクシン",0
2132,8010601039420,12,0,2026-10-06,2026-09-30,"ファイナンシャルプランナーズ不動産株式会社",,301,"東京都","江東区","北砂４丁目３４番２号",,13,108,1360073,,,,,,,2015-10-05,1,,,,,"ファイナンシャルプランナーズフドウサン",0
2133,8010601063726,12,0,2026-10-06,2026-10-02,"ＵＤトラックス埼玉株式会社",,301,"埼玉県","鴻巣市","箕田３２４１番地",,11,217,3650062,,,,,,,2023-09-06,1,,,,,"ユーディートラックスサイタマ",0
2134,8010601069921,01,0,2026-10-06,2026-10-06,"株式会社楽白",,301,"東京都","墨田区","両国３丁目２５－８－８０２",,13,107,1300026,,,,,,,2026-10-06,1,,,,,"タノシロ",0
2135,8010602032449,21,0,2026-10-06,2026-09-09,"有限会社五十鈴興業",,302,"千葉県","浦安市","東野３丁目９番１７－３０１号",,12,227,2790042,,,2026-09-09,01,,,2015-10-05,1,,,,,"イスズコウギョウ",0
2136,8010603009917,12,0,2026-10-06,2026-10-01,"合同会社ＥＩＧＨＴ",,305,"東京都","葛飾区","堀切１丁目８番１２号サンクレイドル堀切四季のみち４０１",,13,122,1240006,,,,,,,2022-12-23,1,,,,,"エイト",0
2137,8010701012095,12,0,2026-10-06,2026-09-30,"ＺＬテクノロジーズ株式会社",,301,"東京都","港区","芝大門１丁目２番１４号Ｈ＿Ｏ浜松町",00145157,13,103,1050012,,,,,,,2015-10-05,1,,,,,"ジーエルテクノロジーズ",0
2138,8010701026418,01,1,2026-10-06,2015-10-05,"株式会社ＰＲＵＮＵＳ",,301,"東京都","品川区","北品川４丁目７番３７号２２５号室",,13,109,1400001,,,,,,,2015-10-05,1,,,,,,0
2139,8010801037785,01,0,2026-10-06,2026-10-06,"株式会社ソンベルＤアセット",,301,"東京都","大田区","中央８丁目２８番４号ミレニアムハイム３０３",,13,111,1430024,,,,,,,2026-10-06,1,,,,,"ソンベルディーアセット",0
2140,8010803005996,01,0,2026-10-06,2026-10-06,"合同会社有難う",,305,"東京都","大田区","仲池上１丁目１３番７号",,13,111,1460081,,,,,,,2026-10-06,1,,,,,"アリガトウ",0
2141,8010901060365,01,0,2026-10-06,2026-10-06,"株式会社ａｓ＆ｐ",,301,"東京都","世田谷区","北烏山７丁目１９番１７号",,13,112,1570061,,,,,,,2026-10-06,1,,,,,"エイエスアンドピー",0
2142,8010903011201,01,0,2026-10-06,2026-10-06,"合同会社ｎｕｄｇｅｌａｂ",,305,"東京都","世田谷区","太子堂４丁目１８番１５号ＴＡＳＵＫＩ・ＰＲＩＭＥ・ＳＡＮＧＥＮＪＡＹＡ３Ｆ－３",,13,112,1540004,,,,,,,2026-10-06,1,,,,,"ナッジラボ",0
2143,8010905004995,01,0,2026-10-06,2026-10-06,"一般社団法人アクティブシティ＆ヒューマン",,399,"東京都","世田谷区","代沢２丁目３３番地１３号Ａ",,13,112,1550032,,,,,,,2026-10-06,1,,,,,"アクティブシティアンドヒューマン",0
2144,8011001147524,21,0,2026-10-06,2026-09-25,"Ｆｏｒｅｓｈｉｐ株式会社",,301,"東京都","渋谷区","神宮前６丁目２３番４号桑野ビル２階",,13,113,1500001,,,2026-09-25,01,,,2022-05-13,1,,,,,"フォーシップ",0
2145,8011001153035,12,0,2026-10-06,2026-09-30,"株式会社大都企画",,301,"東京都","港区","北青山１丁目３－１アールキューブ青山３階",,13,103,1070061,,,,,,,2023-03-14,1,,,,,"ダイトキカク",0
2146,8011001178973,12,0,2026-10-06,2026-10-01,"株式会社Ｐａｒａｌｌｅｌ　Ｗｏｒｌｄ",,301,"東京都","渋谷区","代々木１丁目３０番１５号天翔オフィス代々木Ｓ－５０９号室",,13,113,1510053,,,,,,,2026-07-08,1,,,,,"パラレルワールド",0
2147,8011003025430,01,0,2026-10-06,2026-10-06,"ｄｅｎｅｔｈｇｉｌｎＥ合同会社",,305,"東京都","渋谷区","道玄坂１丁目１０番８号渋谷道玄坂東急ビル２Ｆ－Ｃ",,13,113,1500043,,,,,,,2026-10-06,1,,,,,"デネスギルン",0
2148,8011101051527,11,0,2026-10-06,2026-10-01,"シビルテクノス株式会社",,301,"東京都","中央区","新川２丁目２７番１号",,13,102,1040033,,,,,,,2015-10-05,1,,,,,"シビルテクノス",0
2149,8011101116528,12,0,2026-10-06,2026-09-09,"株式会社リクルートメントパートナーズ",,301,"東京都","新宿区","西新宿８丁目１１番１０号",,13,104,1600023,,,,,,,2026-06-22,1,,,,,"リクルートメントパートナーズ",0
2150,8011101117435,01,1,2026-10-06,2026-09-16,"人材開発デザイン株式会社",,301,"東京都","新宿区","西新宿３丁目３番１３号西新宿水間ビル６階",,13,104,1600023,,,,,,,2026-09-16,1,,,,,"ジンザイカイハツデザイン",0
2151,8011101117617,01,0,2026-10-06,2026-10-06,"株式会社アクティブプロ",,301,"東京都","新宿区","西新宿３丁目３番１３号西新宿水間ビル６階",,13,104,1600023,,,,,,,2026-10-06,1,,,,,"アクティブプロ",0
2152,8011105001478,01,1,2026-10-06,2015-10-05,"公明党",,399,"東京都","新宿区","南元町１７番地",,13,104,1600012,,,,,,,2015-10-05,1,,,,,"コウメイトウ",0
2153,8011105012013,01,0,2026-10-06,2026-10-06,"一般社団法人ぽぽたん学園",,399,"東京都","新宿区","西新宿６丁目５番１号新宿アイランドタワー２階",,13,104,1600023,,,,,,,2026-10-06,1,,,,,"ポポタンガクエン",0
2154,8011202006009,01,1,2026-10-06,2015-10-05,"有限会社メンテナンス・タカノ",,302,"東京都","中野区","江古田３丁目５番２号",,13,114,1650022,,,,,,,2015-10-05,0,,,,,"メンテナンスタカノ",0
2155,8011202006009,12,1,2026-10-06,2026-09-30,"有限会社メンテナンス・タカノ",,302,"東京都","中野区","江古田１丁目２８番１号ムサシハイツ３０１",,13,114,1650022,,,,,,,2015-10-05,1,,,,,"メンテナンスタカノ",0
2156,8011203005100,01,0,2026-10-06,2026-10-06,"合同会社ＹＰＳかぞく",,305,"東京都","中野区","若宮３丁目１９－８孝明ビル１Ｆ",,13,114,1650033,,,,,,,2026-10-06,1,,,,,,0
2157,8011301003096,01,1,2026-10-06,2015-10-05,"株式会社シーボニア",,301,"東京都","杉並区","高円寺南５丁目１５番１２号",,13,115,1660003,,,,,,,2015-10-05,1,,,,,"シーボニア",0
2158,8011301016437,01,1,2026-10-06,2015-10-05,"株式会社オン・ザ・ベイシス",,301,"東京都","杉並区","阿佐谷南１丁目３４番１",,13,115,1660004,,,,,,,2015-10-05,0,,,,,"オンザベイシス",0
2159,8011301016437,12,1,2026-10-06,2026-10-01,"株式会社オン・ザ・ベイシス",,301,"東京都","杉並区","阿佐谷北２丁目７番７号",,13,115,1660001,,,,,,,2015-10-05,1,,,,,"オンザベイシス",0
2160,8011301029166,21,0,2026-10-06,2026-09-30,"晨煕株式会社",,301,"東京都","杉並区","方南１丁目５２番６ホワイトメゾン杉並１０６",,13,115,1680062,,,2026-09-30,01,,,2023-11-20,1,,,,,"シンキ",0
2161,8011301031865,01,0,2026-10-06,2026-10-06,"株式会社エーペックス",,301,"東京都","杉並区","高円寺南４丁目１４番３号",,13,115,1660003,,,,,,,2026-10-06,1,,,,,"エーペックス",0
2162,8011401028308,01,0,2026-10-06,2026-10-06,"ｉｃｏｉ株式会社",,301,"東京都","板橋区","中板橋８番６号",,13,119,1730016,,,,,,,2026-10-06,1,,,,,"イコイ",0
2163,8011403005255,01,0,2026-10-06,2026-10-06,"合同会社ステラパートナーズ",,305,"東京都","板橋区","仲宿６２番２号コンフォリア板橋仲宿１４０６",,13,119,1730005,,,,,,,2026-10-06,1,,,,,"ステラパートナーズ",0
2164,8011603005278,01,0,2026-10-06,2026-10-06,"京和管理合同会社",,305,"東京都","練馬区","関町北２丁目２８番１８号４０１",,13,120,1770051,,,,,,,2026-10-06,1,,,,,"キョウワカンリ",0
2165,8011603005286,01,0,2026-10-06,2026-10-06,"合同会社ＤＮ　ａｎｉｍａｔｉｏｎ",,305,"東京都","練馬区","関町南２丁目５番１０号ＥｓｐａｃｅＳＥＫＩＤ号室",,13,120,1770053,,,,,,,2026-10-06,1,,,,,"ディーエヌアニメーション",0
2166,8011701028627,12,0,2026-10-06,2026-10-02,"京誠コンサルティング株式会社",,301,"東京都","台東区","台東４丁目３１番１号ＡＬビル４階４１０号室",,13,106,1100016,,,,,,,2025-08-18,1,,,,,"キョウセイコンサルティング",0
2167,8011701029773,01,0,2026-10-06,2026-10-06,"クリーン・ナノ株式会社",,301,"東京都","江戸川区","篠崎町３丁目２１番１５－２０３号リバーサイドマンション",,13,123,1330061,,,,,,,2026-10-06,1,,,,,"クリーンナノ",0
2168,8011801008677,11,0,2026-10-06,2026-10-01,"株式会社庄三郎製作所",,301,"東京都","足立区","保木間５丁目２番１４号",,13,121,1210064,,,,,,,2015-10-05,1,,,,,"ショウザブロウセイサクショ",0
2169,8011801018098,01,1,2026-10-06,2015-10-05,"株式会社ビジネスサポートジャパン",,301,"東京都","足立区","保木間３丁目８番２号",,13,121,1210064,,,,,,,2015-10-05,1,,,,,"ビジネスサポートジャパン",0
2170,8011801040556,21,0,2026-10-06,2026-10-01,"太古株式会社",,301,"東京都","港区","南青山１丁目１－１新青山ビル東館７３６",,13,103,1070062,,,2026-10-01,01,,,2022-04-13,1,,,,,"タイコ",0
2171,8011801044219,12,0,2026-10-06,2026-10-01,"東耀国際株式会社",,301,"東京都","荒川区","南千住６丁目３７－７－１４０３",,13,118,1160003,,,,,,,2024-06-10,1,,,,,"トウヨウコクサイ",0
2172,8011801047824,21,0,2026-10-06,2026-09-29,"株式会社若井技建",,301,"東京都","足立区","梅田１丁目１６番３号",,13,121,1230851,,,2026-09-29,01,,,2026-05-08,1,,,,,"ワカイギケン",0
2173,8011803007652,01,0,2026-10-06,2026-10-06,"合同会社アジュール",,305,"東京都","足立区","千住５丁目２７番５－２０５号",,13,121,1200034,,,,,,,2026-10-06,1,,,,,"アジュール",0
2174,8012301014257,12,0,2026-10-06,2026-10-01,"鋭賜株式会社",,301,"東京都","港区","南青山６丁目６－２１グロービル青山２Ｆ",,13,103,1070062,,,,,,,2025-02-20,1,,,,,"エイシ",0
2175,8012403008009,01,0,2026-10-06,2026-10-06,"合同会社Ｐ２Ｂ",,305,"東京都","武蔵野市","西久保１丁目４５－１",,13,203,1800013,,,,,,,2026-10-06,1,,,,,"ピーツービー",0
2176,8012705001578,12,0,2026-10-06,2026-09-03,"特定非営利活動法人日本失語症協議会",,399,"東京都","杉並区","荻窪５丁目３０番１２号グロリア荻窪７１３",,13,115,1670051,,,,,,,2015-10-05,1,,,,,"ニホンシツゴショウキョウギカイ",0
2177,8012803003039,11,0,2026-10-06,2026-09-01,"Ｊａｐａｎ　Ｂａｃｃａｌａｕｒｅａｔｅ　Ｈｏｌｄｉｎｇｓ株式会社",,301,"東京都","杉並区","和泉３丁目６番地の１彌生堂ビル",,13,115,1680063,,,,,,,2023-03-27,1,,,,,"ジャパンバカロレアホールディングス",0
2178,8012803004210,01,0,2026-10-06,2026-10-06,"合同会社アーバンリゾートインターナショナル",,305,"東京都","日野市","高幡６０９",,13,212,1910031,,,,,,,2026-10-06,1,,,,,"アーバンリゾートインターナショナル",0
2179,8013305003741,01,1,2026-10-06,2025-09-16,"一般社団法人オンセラ健康法普及協会",,399,"東京都","豊島区","北大塚２丁目１９番２号インプルーブ大塚４０５号",,13,116,1700004,,,,,,,2025-09-16,0,,,,,"オンセラケンコウホウフキュウキョウカイ",0
2180,8013305003741,12,0,2026-10-06,2026-10-01,"一般社団法人オンセラ健康法普及協会",,399,"神奈川県","中郡大磯町","東小磯６５２－１",,14,341,2550004,,,,,,,2025-09-16,1,,,,,"オンセラケンコウホウフキュウキョウカイ",0
2181,8020001080882,12,0,2026-10-06,2026-09-16,"株式会社トレンドゲート",,301,"神奈川県","川崎市高津区","溝口３丁目２４－１８－５０２",,14,134,2130001,,,,,,,2015-10-05,1,,,,,"トレンドゲート",0
2182,8020001098586,01,1,2026-10-06,2015-10-05,"Ｕｎｅｅｄｓ株式会社",,301,"神奈川県","川崎市川崎区","日進町１番地",,14,131,2100024,,,,,,,2015-10-05,0,,,,,"ユニーズ",0
2183,8020001098586,12,1,2026-10-06,2017-01-25,"Ｕｎｅｅｄｓ株式会社",,301,"東京都","北区","滝野川５丁目４１番３号ＴＫビル７Ｆ",,13,117,1140023,,,,,,,2015-10-05,0,,,,,"ユニーズ",0
2184,8020001098586,12,1,2026-10-06,2020-07-13,"Ｕｎｅｅｄｓ株式会社",,301,"東京都","台東区","北上野２丁目２２番７号エステ北上野２０３号",,13,106,1100014,,,,,,,2015-10-05,0,,,,,"ユニーズ",0
2185,8020001098586,12,1,2026-10-06,2025-06-10,"Ｕｎｅｅｄｓ株式会社",,301,"東京都","港区","赤坂３丁目２番６号赤坂光映ビル５階",,13,103,1070052,,,,,,,2015-10-05,1,,,,,"ユニーズ",0
2186,8020001135125,12,0,2026-10-06,2026-09-16,"株式会社横浜Ｋ－２",,301,"神奈川県","横浜市戸塚区","上矢部町２３４３－１",,14,110,2450053,,,,,,,2020-02-28,1,,,,,"ヨコハマケーツー",0
2187,8020001170543,01,0,2026-10-06,2026-10-06,"株式会社Ｓｅｌｅｖａ",,301,"神奈川県","横浜市西区","高島２丁目１１番２号スカイメナー横浜５１９",,14,103,2200011,,,,,,,2026-10-06,1,,,,,"セレヴァ",0
2188,8020001170626,01,0,2026-10-06,2026-10-06,"株式会社レジリエントボディ",,301,"神奈川県","川崎市中原区","下小田中２丁目８番３号",,14,133,2110041,,,,,,,2026-10-06,1,,,,,"レジリエントボディ",0
2189,8020001170642,01,0,2026-10-06,2026-10-06,"株式会社小野エンジニアリング",,301,"神奈川県","横浜市旭区","上川井町２０５３番地１ライオンズガーデンつきみ野東６１６号",,14,112,2410802,,,,,,,2026-10-06,1,,,,,"オノエンジニアリング",0
2190,8020001170659,01,0,2026-10-06,2026-10-06,"ガーデンゴート株式会社",,301,"神奈川県","川崎市川崎区","川中島２丁目７番３号",,14,131,2100803,,,,,,,2026-10-06,1,,,,,"ガーデンゴート",0
2191,8020001170667,01,0,2026-10-06,2026-10-06,"株式会社フープス",,301,"神奈川県","横浜市磯子区","森１丁目１４番６－２０４号",,14,107,2350023,,,,,,,2026-10-06,1,,,,,"フープス",0
2192,8020002036628,12,0,2026-10-06,2026-09-14,"有限会社ルーブル",,302,"神奈川県","横浜市港北区","綱島台２４番６号ミロアール１０２号室",,14,109,2230054,,,,,,,2015-10-05,1,,,,,"ルーブル",0
2193,8020002050117,01,1,2026-10-06,2015-10-05,"有限会社大場工業",,302,"神奈川県","横浜市鶴見区","寺谷２丁目２０番６号",,14,101,2300015,,,,,,,2015-10-05,0,,,,,"オオバコウギョウ",0
2194,8020002050117,12,1,2026-10-06,2026-09-18,"有限会社大場工業",,302,"神奈川県","横浜市鶴見区","上末吉４丁目４番１５号",,14,101,2300011,,,,,,,2015-10-05,1,,,,,"オオバコウギョウ",0
2195,8020002081277,01,1,2026-10-06,2015-10-05,"有限会社杉本ふとん店",,302,"神奈川県","川崎市幸区","南加瀬３丁目３５番２１－１０１号",,14,132,2120055,,,,,,,2015-10-05,1,,,,,"スギモトフトンテン",0
2196,8020003024210,21,0,2026-10-06,2026-09-15,"シーエフコーポレーション合同会社",,305,"神奈川県","横浜市神奈川区","菅田町１５５１番地１９",,14,102,2210864,,,2026-09-15,01,,,2023-07-14,1,,,,,"シーエフコーポレーション",0
2197,8020003031925,01,0,2026-10-06,2026-10-06,"合同会社時森建築設計事務所",,305,"神奈川県","横浜市中区","山下町１０７番地７ハイライフ山下町８０３号室",,14,104,2310023,,,,,,,2026-10-06,1,,,,,"トキモリケンチクセッケイジムショ",0
2198,8021001043598,21,0,2026-10-06,2026-10-01,"株式会社グローバルマーケティング",,301,"山口県","長門市","西深川２７５７番地２",,35,211,7594102,,,2026-10-01,01,,,2015-10-05,1,,,,,"グローバルマーケティング",0
2199,8021001085590,12,0,2026-10-06,2026-10-02,"株式会社シュクラン",,301,"東京都","新宿区","袋町５番地１ＦＡＲＯ神楽坂１階",,13,104,1620828,,,,,,,2025-07-10,1,,,,,"シュクラン",0
2200,8021001089278,01,0,2026-10-06,2026-10-06,"株式会社Ｎｅｘｔ　Ｅｐｉｓｏｄｅ",,301,"神奈川県","藤沢市","大庭５０２０番地の４",,14,205,2510861,,,,,,,2026-10-06,1,,,,,"ネクストエピソード",0
2201,8021002036618,12,0,2026-10-06,2026-09-15,"有限会社スリサッテヤサイトレード",,302,"神奈川県","厚木市","下依知４１３番地",,14,212,2430806,,,,,,,2015-10-05,1,,,,,"スリサッテヤサイトレード",0
2202,8021002061203,01,1,2026-10-06,2015-10-05,"有限会社石山商事",,302,"神奈川県","中郡大磯町","国府本郷１３２１番地５",,14,341,2590111,,,,,,,2015-10-05,1,,,,,"イシヤマショウジ",0
2203,8030001010327,01,1,2026-10-06,2015-10-05,"株式会社サンライフーズ",,301,"埼玉県","さいたま市緑区","東浦和２丁目４９番地１５",,11,109,3360926,,,,,,,2015-10-05,1,,,,,"サンライフーズ",0
2204,8030001024715,01,1,2026-10-06,2015-10-05,"株式会社ナインティナインドゥーイング",,301,"埼玉県","所沢市","くすのき台３丁目１番地の１",,11,208,3590037,,,,,,,2015-10-05,0,,,,,"ナイティナインドゥーイング",0
2205,8030001024715,12,1,2026-10-06,2021-03-18,"株式会社ナインティナインドゥーイング",,301,"埼玉県","所沢市","大字北秋津７９１番地１",,11,208,3590038,,,,,,,2015-10-05,0,,,,,"ナイティナインドゥーイング",0
2206,8030001024715,12,1,2026-10-06,2026-09-24,"株式会社ナインティナインドゥーイング",,301,"埼玉県","富士見市","鶴瀬東１丁目１０－３６エクレール川辺１Ｆ",,11,235,3540024,,,,,,,2015-10-05,1,,,,,"ナイティナインドゥーイング",0
2207,8030001072557,12,0,2026-10-06,2026-09-10,"株式会社イーアップ",,301,"埼玉県","富士見市","西みずほ台２丁目３番１２号",,11,235,3540018,,,,,,,2015-10-05,1,,,,,"イーアップ",0
2208,8030001174477,01,0,2026-10-06,2026-10-06,"株式会社ＴＫ",,301,"埼玉県","草加市","遊馬町５４５番地１０",,11,221,3400032,,,,,,,2026-10-06,1,,,,,"ティケイ",0
2209,8030002044902,01,1,2026-10-06,2015-10-05,"有限会社立花建設工業",,302,"埼玉県","草加市","青柳７丁目４９番１８号",,11,221,3400002,,,,,,,2015-10-05,1,,,,,"タチバナケンセツコウギョウ",0
2210,8030002063984,01,1,2026-10-06,2015-10-05,"有限会社インテリア・エグチ",,302,"埼玉県","和光市","白子３丁目２７番３５号",,11,229,3510101,,,,,,,2015-10-05,1,,,,,"インテリアエグチ",0
2211,8030002085310,01,1,2026-10-06,2015-10-05,"有限会社大熊建設",,302,"埼玉県","越谷市","登戸町２３番１８号",,11,222,3430846,,,,,,,2015-10-05,1,,,,,"オオクマケンセツ",0
2212,8040001028632,01,1,2026-10-06,2015-10-05,"株式会社エニシング",,301,"千葉県","鎌ケ谷市","初富８０２番地１０",,12,224,2730121,,,,,,,2015-10-05,1,,,,,"エニシング",0
2213,8040001047343,01,1,2026-10-06,2015-10-05,"千代田興産株式会社",,301,"千葉県","四街道市","四街道３丁目３番１０号",,12,228,2840005,,,,,,,2015-10-05,1,,,,,"チヨダコウサン",0
2214,8040001076805,01,1,2026-10-06,2015-10-05,"アユミ興産株式会社",,301,"千葉県","市原市","青葉台１丁目９番地１ファミール青葉台１棟１０４号",,12,219,2990117,,,,,,,2015-10-05,1,,,,,"アユミコウサン",0
2215,8040001090954,12,0,2026-10-06,2026-09-10,"株式会社さくら",,301,"千葉県","千葉市花見川区","幕張本郷３丁目２１番１０号",,12,102,2620033,,,,,,,2015-10-05,1,,,,,"サクラ",0
2216,8040001145444,01,0,2026-10-06,2026-10-06,"株式会社グローバルサービス８６",,301,"千葉県","木更津市","金田東４丁目３番地５",,12,206,2920009,,,,,,,2026-10-06,1,,,,,"グローバルサービスハチロク",0
2217,8040002030182,01,1,2026-10-06,2015-10-05,"有限会社まるとし酒店",,302,"千葉県","八千代市","上高野１２０１番地１セトオーズ１１５号",,12,221,2760022,,,,,,,2015-10-05,1,,,,,"マルトシサケテン",0
2218,8040002076300,21,0,2026-10-06,2026-09-10,"有限会社サンライズ・スギタ",,302,"千葉県","市原市","古市場７２番地",,12,219,2900008,,,2026-09-10,01,,,2015-10-05,1,,,,,"サンライズスギタ",0
2219,8040002080723,01,1,2026-10-06,2015-10-05,"有限会社あどぷりんと",,302,"千葉県","茂原市","西野１０８番地１",,12,210,2994112,,,,,,,2015-10-05,1,,,,,"アドプリント",0
2220,8040003022617,21,0,2026-10-06,2026-08-27,"株式会社北川左官",,301,"千葉県","松戸市","小金きよしケ丘４丁目８番地の３",,12,207,2700013,,,2026-08-27,01,,,2023-05-15,1,,,,,"キタガワサカン",0
2221,8050001028870,01,1,2026-10-06,2015-10-05,"株式会社三陽塗装商会",,301,"茨城県","つくばみらい市","古川９５４番地２",,08,235,3002422,,,,,,,2015-10-05,1,,,,,"サンヨウトソウショウカイ",0
2222,8050001059049,01,0,2026-10-06,2026-10-06,"株式会社ＭＯＴＴＯ",,301,"茨城県","土浦市","小山田１丁目２６５番地",,08,203,3000846,,,,,,,2026-10-06,1,,,,,"モット",0
2223,8060001033580,12,0,2026-10-06,2026-10-01,"株式会社とどろく",,301,"栃木県","宇都宮市","駅前通り３丁目３番１号",,09,201,3210964,,,,,,,2021-04-05,1,,,,,"トドロク",0
2224,8060005007325,21,0,2026-10-06,2026-10-01,"特定非営利活動法人ふるさと未来Ｓｏｕ",,399,"栃木県","塩谷郡高根沢町","宝石台１丁目１３番地１４",,09,386,3291231,,,2026-10-01,01,,,2015-10-05,1,,,,,"フルサトミライソウ",0
2225,8070001005372,01,1,2026-10-06,2015-10-05,"株式会社モギメタル",,301,"群馬県","前橋市","荒口町５６１番地",,10,201,3792107,,,,,,,2015-10-05,1,,,,,"モギメタル",0
2226,8070001005918,01,1,2026-10-06,2015-10-05,"株式会社北野原鑑定",,301,"群馬県","前橋市","小相木町１丁目５番地１４ロイヤル黒崎１Ｆ",,10,201,3710831,,,,,,,2015-10-05,1,,,,,"キタノハラカンテイ",0
2227,8080001027837,01,0,2026-10-06,2026-10-06,"株式会社柳澤組",,301,"静岡県","榛原郡川根本町","東藤川７２２番地の２",,22,429,4280414,,,,,,,2026-10-06,1,,,,,"ヤナギサワグミ",0
2228,8080001027845,01,0,2026-10-06,2026-10-06,"株式会社セカンド",,301,"静岡県","焼津市","駅北３丁目１１番８号こうけんビル３０１",,22,212,4250028,,,,,,,2026-10-06,1,,,,,"セカンド",0
2229,8080101000644,21,0,2026-10-06,2026-09-28,"崎口油業株式会社",00067736,301,"静岡県","沼津市","千本港町７５番地",,22,203,4100845,,,2026-09-28,01,,,2015-10-05,1,,,,,"サキグチユギョウ",0
2230,8080101006435,12,0,2026-10-06,2026-09-16,"株式会社エンザミンパワー横浜",,301,"神奈川県","横浜市中区","桜木町１丁目１－７ヒューリックみなとみらい１０階",,14,104,2310062,,,,,,,2015-10-05,1,,,,,"エンザミンパワーヨコハマ",0
2231,8080101009958,01,1,2026-10-06,2015-10-05,"ワールドユニオン株式会社",,301,"静岡県","富士市","永田町１丁目９３番地",,22,210,4170055,,,,,,,2015-10-05,1,,,,,"ワールドユニオン",0
2232,8080101019172,12,0,2026-10-06,2026-07-31,"株式会社ケイビック",,301,"東京都","新宿区","新宿１丁目２３－６グローイン新宿御苑２０４",,13,104,1600022,,,,,,,2016-06-13,0,,,,,"ケイビック",0
2233,8080101019172,11,0,2026-10-06,2026-07-31,"株式会社ホテルクリーンホールディングス",,301,"東京都","新宿区","新宿１丁目２３－６グローイン新宿御苑２０４",,13,104,1600022,,,,,,,2016-06-13,1,,,,,"ホテルクリーンホールディングス",0
2234,8080101026540,01,0,2026-10-06,2026-10-06,"株式会社ミライペイント",,301,"静岡県","御殿場市","竈１４７０番地の８",,22,215,4120039,,,,,,,2026-10-06,1,,,,,"ミライペイント",0
2235,8080102007077,01,1,2026-10-06,2015-10-05,"有限会社駿河サービス",,302,"静岡県","御殿場市","萩原７３７番地の２",,22,215,4120042,,,,,,,2015-10-05,1,,,,,"スルガサービス",0
2236,8080102012696,01,1,2026-10-06,2015-10-05,"有限会社ＥＥＣ",,302,"静岡県","沼津市","寿町１６番１０号",,22,203,4100053,,,,,,,2015-10-05,1,,,,,"イーイーシー",0
2237,8080401019038,71,0,2026-10-06,2026-09-30,"株式会社イクト",,301,"静岡県","袋井市","山科２８８６番地の２",,22,216,4370066,,,,,,"令和８年９月３０日静岡県袋井市山科２８８６番地の２株式会社ＫＯＹＡＳＨＩ（7080401027990）を合併",2015-10-05,1,,,,,"イクト",0
2238,8080401021679,01,1,2026-10-06,2016-08-23,"株式会社ＬＯＮＧ　ＲＯＡＤ",,301,"静岡県","袋井市","大門６番地の９",,22,216,4370038,,,,,,,2016-08-23,1,,,,,"ロングロード",0
2239,8080401028872,01,0,2026-10-06,2026-10-06,"白井石材店株式会社",,301,"静岡県","掛川市","大坂７０２番地",,22,213,4371421,,,,,,,2026-10-06,1,,,,,"シライセキザイテン",0
2240,8080403004822,21,0,2026-10-06,2026-09-30,"ＮＫＫ合同会社",,305,"静岡県","磐田市","竜洋稗原６４１番地",,22,211,4380213,,,2026-09-30,01,,,2023-07-11,1,,,,,"エヌケーケー",0
2241,8080403005597,01,0,2026-10-06,2026-10-06,"合同会社Ｆ＆Ｃｏｍｐａｎｙ",,305,"静岡県","浜松市中央区","肴町３１７番地の１４",,22,138,4300932,,,,,,,2026-10-06,1,,,,,"エフアンドカンパニー",0
2242,8090001020097,01,0,2026-10-06,2026-10-06,"株式会社Ｃｒｏｓｓ　Ｔｏｕｃｈ　Ｊａｖｉｎｅａｒ",,301,"山梨県","中央市","山之神２１８３番地９７",,19,214,4093845,,,,,,,2026-10-06,1,,,,,"クロスタッチジャヴィニア",0
2243,8110001019491,21,0,2026-10-06,2026-09-24,"大和飲料株式会社",,301,"新潟県","上越市","大字土橋８３０番地１",,15,222,9430821,,,2026-09-24,01,,,2015-10-05,1,,,,,"ヤマトインリョウ",0
2244,8110001040448,01,0,2026-10-06,2026-10-06,"越後門出和紙株式会社",,301,"新潟県","柏崎市","高柳町門出２８６２番地",,15,205,9451513,,,,,,,2026-10-06,1,,,,,"エチゴカドイデワシ",0
2245,8120001004534,12,0,2026-10-06,2026-10-02,"ローゼン製菓株式会社",,301,"大阪府","吹田市","豊津町１２番７号",,27,205,5640051,,,,,,,2015-10-05,1,,,,,"ローゼンセイカ",0
2246,8120001104350,12,0,2026-10-06,2026-09-29,"ナニワ通信株式会社",,301,"大阪府","大阪市北区","池田町１番２－１３１７号",,27,127,5300033,,,,,,,2015-10-05,1,,,,,"ナニワツウシン",0
2247,8120001104409,01,1,2026-10-06,2015-10-05,"株式会社パームカンパニー",,301,"大阪府","大阪市北区","大淀中４丁目１５番１８－２０６号",,27,127,5310076,,,,,,,2015-10-05,1,,,,,"パームカンパニー",0
2248,8120001117212,01,1,2026-10-06,2015-10-05,"株式会社吹水",,301,"大阪府","大阪市中央区","谷町１丁目５番６号",,27,128,5400012,,,,,,,2015-10-05,1,,,,,"フクスイ",0
2249,8120001187957,12,0,2026-10-06,2026-09-07,"ネイチャールーツ株式会社",,301,"大阪府","大阪市北区","梅田１丁目２番２号大阪駅前第２ビル１２－１２",,27,127,5300001,,,,,,,2015-10-05,1,,,,,"ネイチャールーツ",0
2250,8120001191513,01,1,2026-10-06,2015-10-05,"株式会社大林",,301,"大阪府","大阪市都島区","片町２丁目１０番１５号",,27,102,5340025,,,,,,,2015-10-05,1,,,,,"オオバヤシ",0
2251,8120001274573,21,0,2026-10-06,2026-09-24,"株式会社セントラル",,301,"大阪府","大阪市東淀川区","東淡路１丁目５番１－３１４号",,27,114,5330023,,,2026-09-24,01,,,2025-04-16,1,,,,,"セントラル",0
2252,8120001286585,12,0,2026-10-06,2026-09-28,"株式会社坐忘",,301,"大阪府","大阪市北区","野崎町９－１３ＴＡＴＳＵＭＩ扇町公園ビル９Ｆ",,27,127,5300055,,,,,,,2026-05-26,1,,,,,"ザボウ",0
2253,8120001289448,01,0,2026-10-06,2026-10-06,"株式会社ライフサポート",,301,"大阪府","大阪市阿倍野区","播磨町１丁目２０番１５号播磨ビル３階",,27,119,5450022,,,,,,,2026-10-06,1,,,,,"ライフサポート",0
2254,8120001289472,01,0,2026-10-06,2026-10-06,"株式会社ＮＯＢＬＥ",,301,"大阪府","大阪市北区","天神橋３丁目２－１０スリージェ南森町ビル１階",,27,127,5300041,,,,,,,2026-10-06,1,,,,,"ノーブル",0
2255,8120001289480,01,0,2026-10-06,2026-10-06,"Ｍｅｒｃｉ株式会社",,301,"大阪府","大阪市北区","天神橋２丁目北１番２１号３階Ｉ号室",,27,127,5300041,,,,,,,2026-10-06,1,,,,,"メルシー",0
2256,8120001289489,01,0,2026-10-06,2026-10-06,"株式会社ハムサタイン",,301,"大阪府","大阪市中央区","北浜１丁目１－１２",,27,128,5410041,,,,,,,2026-10-06,1,,,,,"ハムサタイン",0
2257,8120001289539,01,0,2026-10-06,2026-10-06,"株式会社ナビシアスウィング",,301,"大阪府","枚方市","走谷２丁目３１番１号",,27,210,5730063,,,,,,,2026-10-06,1,,,,,"ナビシアスウィング",0
2258,8120001289555,01,0,2026-10-06,2026-10-06,"セイリュウグローバル株式会社",,301,"大阪府","大阪市城東区","今福西４丁目４番２１号",,27,118,5360004,,,,,,,2026-10-06,1,,,,,"セイリュウグローバル",0
2259,8120001289596,01,0,2026-10-06,2026-10-06,"株式会社ＲＥＸ",,301,"大阪府","大阪市中央区","南本町４丁目５番７号東亜ビル５階",,27,128,5410054,,,,,,,2026-10-06,1,,,,,"レックス",0
2260,8120003015629,21,0,2026-10-06,2026-09-30,"合同会社ＬＡＳＴ　ＳＵＭＭＥＲ",,305,"大阪府","四條畷市","雁屋西町４番１３号３階",,27,229,5750045,,,2026-09-30,01,,,2019-04-23,1,,,,,"ラストサマー",0
2261,8120003030990,21,0,2026-10-06,2026-09-28,"Ｍａｐｌｅ　Ｓａｋｕｒａ合同会社",,305,"大阪府","大阪市中央区","平野町２丁目５番８号",,27,128,5410046,,,2026-09-28,01,,,2025-10-20,1,,,,,"メイプルサクラ",0
2262,8120003033639,01,0,2026-10-06,2026-10-06,"合同会社ＦＳＫ",,305,"大阪府","大阪市住吉区","庭井２丁目１０番１２号",,27,120,5580012,,,,,,,2026-10-06,1,,,,,"エフエスケー",0
2263,8120005009802,11,0,2026-10-06,2026-10-01,"税理士法人相続ステーション",,399,"大阪府","大阪市北区","角田町８番１号大阪梅田ツインタワーズ・ノース",,27,127,5300017,,,,,,,2015-10-05,1,,,,,"プラス",0
2264,8120005025799,01,0,2026-10-06,2026-10-06,"アトモス税理士法人",,399,"大阪府","大阪市港区","弁天１丁目６番３５号ＳＫＳビル３階",,27,107,5520007,,,,,,,2026-10-06,1,,,,,"アトモス",0
2265,8120101055279,01,1,2026-10-06,2016-08-26,"永神工業株式会社",,301,"大阪府","泉佐野市","鶴原１７５１番地の３",,27,213,5980071,,,,,,,2016-08-26,1,,,,,"エイシンコウギョウ",0
2266,8120101074444,01,0,2026-10-06,2026-10-06,"株式会社ＢＯＯＳＴＥＲ　ＣＵＲＬ",,301,"大阪府","堺市堺区","宿院町東４－２－１フェニックス・ヴァン５０２",,27,141,5900000,,,,,,,2026-10-06,1,,,,,"ブースターカール",0
2267,8120101074452,01,0,2026-10-06,2026-10-06,"株式会社ＢＳアーキテクト",,301,"大阪府","堺市堺区","出島海岸通１丁９番１号",,27,141,5900833,,,,,,,2026-10-06,1,,,,,"ビーエスアーキテクト",0
2268,8120101074469,01,0,2026-10-06,2026-10-06,"ＨｕＢｏ　Ｐｒｉｍｅ株式会社",,301,"大阪府","堺市堺区","向陵西町４丁１１番４１号",,27,141,5900026,,,,,,,2026-10-06,1,,,,,"フーボプライム",0
2269,8120102027780,12,0,2026-10-06,2026-10-01,"有限会社友輝設計",,302,"大阪府","泉南市","馬場２丁目３２番８号",,27,228,5900525,,,,,,,2015-10-05,1,,,,,,0
2270,8120901006968,01,1,2026-10-06,2015-10-05,"末廣電気工業株式会社",,301,"大阪府","吹田市","南金田２丁目１９番１１号",,27,205,5640044,,,,,,,2015-10-05,1,,,,,"スエヒロエデンキコウギョウ",0
2271,8120901009095,01,1,2026-10-06,2015-10-05,"株式会社エンザミン研究所",,301,"大阪府","大阪市北区","東天満１丁目６番８号",,27,127,5300044,,,,,,,2015-10-05,1,,,,,"エンザミンケンキュウジョ",0
2272,8120901026181,01,1,2026-10-06,2015-10-05,"株式会社ロイヤルコーポレーション",,301,"大阪府","豊中市","庄内宝町１丁目５番１号",,27,203,5610836,,,,,,,2015-10-05,1,,,,,"ロイヤルコーポレーション",0
2273,8120901037286,01,1,2026-10-06,2016-08-05,"株式会社豊中南テニスクラブ",,301,"大阪府","豊中市","今在家町２２番１０号",,27,203,5610842,,,,,,,2016-08-05,1,,,,,"トヨナカミナミテニスクラブ",0
2274,8120902020258,01,1,2026-10-06,2015-10-05,"有限会社ロシオ",,302,"大阪府","豊中市","中桜塚３丁目１０番２３－６０２号",,27,203,5610881,,,,,,,2015-10-05,1,,,,,"ロシオ",0
2275,8122001019594,21,0,2026-10-06,2026-09-30,"西村産業株式会社",,301,"大阪府","八尾市","沼１丁目１０１番地の１７",,27,212,5810036,,,2026-09-30,01,,,2015-10-05,1,,,,,"ニシムラサンギョウ",0
2276,8130001008939,01,1,2026-10-06,2015-10-05,"株式会社日本アクア関西",,301,"京都府","京都市西京区","桂下豆田町４１番地の２３",,26,111,6158076,,,,,,,2015-10-05,0,,,,,,0
2277,8130001008939,11,1,2026-10-06,2016-09-12,"株式会社沢商",,301,"京都府","京都市西京区","桂下豆田町４１番地の２３",,26,111,6158076,,,,,,,2015-10-05,1,,,,,"サワショウ",0
2278,8130001021470,01,1,2026-10-06,2015-10-05,"株式会社高阪染工場",,301,"京都府","京都市中京区","新町通夷川上る弁財天町２９５番地",,26,104,6040093,,,,,,,2015-10-05,1,,,,,"コウサカセンコウジョウ",0
2279,8130001052904,21,0,2026-10-06,2026-10-01,"株式会社ＹＯＵ",,301,"京都府","京都市中京区","木屋町通三条上る上大阪町５１５番地ＭＩＹＵＫＩビル５Ｆ",,26,104,6048001,,,2026-10-01,11,2130001079242,"令和８年１０月１日京都市中京区高倉通夷川上る福屋町７１８番地吉原ビル２階株式会社松島（2130001079242）に合併し解散",2015-10-05,1,,,,,"ユー",0
2280,8130001061608,12,0,2026-10-06,2026-10-02,"株式会社ＤＳＣ",,301,"大阪府","大阪市城東区","古市３丁目２２番６号４０Ａ",,27,118,5360001,,,,,,,2018-02-28,1,,,,,"ディーエスシー",0
2281,8130001083081,01,0,2026-10-06,2026-10-06,"株式会社Ｊ　Ｃｏａｃｈｉｎｇ",,301,"京都府","京都市下京区","朱雀北ノ口町５９ＭＥＲＣＡＤ３０８",,26,106,6008845,,,,,,,2026-10-06,1,,,,,"ジェイコーチング",0
2282,8130003008508,12,0,2026-10-06,2026-09-14,"Ｂｅ　Ｔｈｉｎｋ　Ｐａｒｔｎｅｒ合同会社",,305,"京都府","京都市下京区","小稲荷町８５－２Ｇｒａｎｄ－Ｋ京都駅前ビル２０１",,26,106,6008208,,,,,,,2023-02-08,1,,,,,"ビーシンクパートナー",0
2283,8130005004686,01,1,2026-10-06,2015-10-05,"京福電鉄京都労働組合",,399,"京都府","京都市中京区","壬生賀陽御所町３番地の２０京福電気鉄道株式会社内",,26,104,6048811,,,,,,,2015-10-05,1,,,,,,0
2284,8130005017597,12,0,2026-10-06,2026-09-18,"一般社団法人ＣＯＴＯＩＲＯ",,399,"京都府","京都市西京区","川島五反長町１８番地２京都市交流促進・まちづくりプラザ多目的室",,26,111,6158104,,,,,,,2026-02-27,1,,,,,"コトイロ",0
2285,8140001043332,01,1,2026-10-06,2015-10-05,"播磨加工サービス株式会社",,301,"兵庫県","加古川市","志方町原８４５番地の３",,28,210,6750335,,,,,,,2015-10-05,1,,,,,"ハリマカコウサービス",0
2286,8140001144196,01,0,2026-10-06,2026-10-06,"アドヴァンスＨＤ株式会社",,301,"兵庫県","西宮市","石刎町８番５－３０２号",,28,204,6620074,,,,,,,2026-10-06,1,,,,,"アドヴァンスホールディングス",0
2287,8140003024173,01,0,2026-10-06,2026-10-06,"西宮技研合同会社",,305,"兵庫県","西宮市","甲子園口６丁目１６番２０－４号",,28,204,6638113,,,,,,,2026-10-06,1,,,,,"ニシノミヤギケン",0
2288,8150001029264,01,0,2026-10-06,2026-10-06,"株式会社リープケア",,301,"奈良県","大和郡山市","九条町８３７番地１",,29,203,6391001,,,,,,,2026-10-06,1,,,,,"リープケア",0
2289,8160001027944,01,0,2026-10-06,2026-10-06,"株式会社ＭＡＨＡＮＡ　ＲＥＣＯＬＴＥ",,301,"滋賀県","栗東市","上鈎１１－６",,25,208,5203022,,,,,,,2026-10-06,1,,,,,"マハナレコルト",0
2290,8160001027960,01,0,2026-10-06,2026-10-06,"株式会社嘉住工業",,301,"滋賀県","野洲市","西河原２５６８－１",,25,210,5202423,,,,,,,2026-10-06,1,,,,,"カスミコウギョウ",0
2291,8180001018355,12,0,2026-10-06,2026-10-02,"株式会社ミズタニ",,301,"東京都","中央区","晴海３丁目６番８－４６０９号",,13,102,1040053,,,,,,,2015-10-05,1,,,,,"ミズタニ",0
2292,8180001032694,01,1,2026-10-06,2015-10-05,"丸高株式会社",,301,"愛知県","名古屋市中村区","那古野１丁目４７番１号",00072076,23,105,4500001,,,,,,,2015-10-05,1,"MARUTAKA CO.,LTD.","Aichi","1-47-1,NAGONO, NAKAMURA-KU,NAGOYA",,"マルタカ",0
2293,8180001087169,12,0,2026-10-06,2026-10-01,"株式会社グルーナー",,301,"愛知県","一宮市","大和町馬引字郷裏３２番地４",,23,203,4910931,,,,,,,2015-10-05,1,,,,,"グルーナー",0
2294,8180001123931,01,1,2026-10-06,2016-07-04,"株式会社フルテック",,301,"愛知県","名古屋市緑区","徳重５丁目６０２番地",,23,114,4580815,,,,,,,2016-07-04,1,,,,,"フルテック",0
2295,8180001125473,21,0,2026-10-06,2026-09-24,"株式会社池ペット",,301,"愛知県","名古屋市北区","光音寺町字野方１９１８番地の９０",,23,103,4620053,,,2026-09-24,01,,,2016-11-09,1,,,,,"イケペット",0
2296,8180001127486,01,1,2026-10-06,2017-04-24,"株式会社志展",,301,"愛知県","弥富市","五明２丁目５１番地",,23,235,4980014,,,,,,,2017-04-24,0,,,,,"シテン",0
2297,8180001127486,12,1,2026-10-06,2026-10-01,"株式会社志展",,301,"愛知県","津島市","蛭間町字高瀬７２１番地",,23,208,4960004,,,,,,,2017-04-24,1,,,,,"シテン",0
2298,8180001140885,21,0,2026-10-06,2026-09-24,"株式会社Ｂｅｓｔ",,301,"愛知県","名古屋市昭和区","丸屋町５丁目３５番地３ドルチェヴィータマルヤ１０１",,23,107,4660045,,,2026-09-24,01,,,2020-04-13,1,,,,,"ベスト",0
2299,8180001166996,12,0,2026-10-06,2026-10-01,"中京ネクシア株式会社",,301,"愛知県","名古屋市守山区","川宮町４６３番地",,23,113,4630081,,,,,,,2025-05-28,1,,,,,"チュウキョウネクシア",0
2300,8180001173687,01,0,2026-10-06,2026-10-06,"ＭＩＮＡＴＯ株式会社",,301,"愛知県","名古屋市中村区","名駅４丁目２４番５号第２森ビル４０１",,23,105,4500002,,,,,,,2026-10-06,1,,,,,"ミナト",0
2301,8180001173695,01,0,2026-10-06,2026-10-06,"株式会社ｉｃｈｉｋａ",,301,"愛知県","名古屋市中区","栄１丁目２番３号プラウドタワー名古屋栄２４０５号",,23,106,4600008,,,,,,,2026-10-06,1,,,,,"イチカ",0
2302,8180001173753,01,0,2026-10-06,2026-10-06,"株式会社ＬＹＳ",,301,"愛知県","尾張旭市","平子町長池上６４１９番地２",,23,226,4880872,,,,,,,2026-10-06,1,,,,,"エルワイエス",0
2303,8180001173786,01,0,2026-10-06,2026-10-06,"株式会社ＶＭＩ",,301,"愛知県","名古屋市中村区","大宮町１丁目２８番地花の木シェルター２号館",,23,105,4530821,,,,,,,2026-10-06,1,,,,,"ブイエムアイ",0
2304,8180001173828,01,0,2026-10-06,2026-10-06,"株式会社ｍａｎｙ",,301,"愛知県","名古屋市守山区","小幡５丁目１４番４６号",,23,113,4630011,,,,,,,2026-10-06,1,,,,,"メニー",0
2305,8180002050828,01,1,2026-10-06,2015-10-05,"有限会社西塗装",,302,"愛知県","名古屋市中川区","明徳町２丁目７番地",,23,110,4540857,,,,,,,2015-10-05,0,,,,,"ニシトソウ",0
2306,8180002050828,12,1,2026-10-06,2017-12-01,"有限会社西塗装",,302,"愛知県","名古屋市中川区","明徳町３丁目２２番地の２",,23,110,4540857,,,,,,,2015-10-05,1,,,,,"ニシトソウ",0
2307,8180005012791,12,0,2026-10-06,2026-10-01,"ワークウェア社会保険労務士法人",,399,"東京都","渋谷区","恵比寿西２丁目２番６号",,13,113,1500021,,,,,,,2015-10-05,1,,,,,"ワークウェア",0
2308,8180301001812,21,0,2026-10-06,2026-09-18,"東和電子株式会社",,301,"愛知県","岡崎市","羽根北町３丁目２番地５",,23,202,4440831,,,2026-09-18,01,,,2015-10-05,1,,,,,"トウワデンシ",0
2309,8180301041362,01,0,2026-10-06,2026-10-06,"ここいのグループ株式会社",,301,"愛知県","豊川市","東光町１丁目３５番地",,23,207,4420022,,,,,,,2026-10-06,1,,,,,"ココイノグループ",0
2310,8180302015381,21,0,2026-10-06,2026-09-24,"有限会社光栄観光",,302,"愛知県","蒲郡市","清田町小栗見２４番地１４１",,23,214,4430002,,,2026-09-24,01,,,2015-10-05,1,,,,,"コウエイカンコウ",0
2311,8180302022295,11,0,2026-10-06,2026-09-17,"株式会社リンテック",,301,"愛知県","豊田市","篠原町東浦３４番地１",,23,211,4700352,,,,,,,2015-10-05,1,,,,,"リンテック",0
2312,8190001033477,01,0,2026-10-06,2026-10-06,"株式会社ＩＭＵＡ",,301,"三重県","鈴鹿市","東江島町１５番３４号",,24,207,5100233,,,,,,,2026-10-06,1,,,,,"イムア",0
2313,8190003005540,01,0,2026-10-06,2026-10-06,"合同会社ＳＥＯ",,305,"三重県","松阪市","大塚町５６番地３",,24,204,5150813,,,,,,,2026-10-06,1,,,,,"エスイーオー",0
2314,8200001021538,01,1,2026-10-06,2015-10-05,"丸亜製陶株式会社",,301,"岐阜県","土岐市","肥田町肥田１８６３番地の３",,21,212,5095115,,,,,,,2015-10-05,0,,,,,,0
2315,8200001021538,21,0,2026-10-06,2026-09-29,"丸亜製陶株式会社",,301,"岐阜県","土岐市","肥田町肥田１８６３番地の３",,21,212,5095115,,,2026-09-29,01,,,2015-10-05,1,,,,,,0
2316,8200001033509,01,1,2026-10-06,2016-12-05,"株式会社リアンジュ",,301,"岐阜県","土岐市","土岐ヶ丘３丁目１１番地の１",,21,212,5095127,,,,,,,2016-12-05,1,,,,,"リアンジュ",0
2317,8200001045520,01,0,2026-10-06,2026-10-06,"株式会社ＡＲＣ",,301,"岐阜県","岐阜市","福光東１丁目６番１１号ユーメゾンＣ棟",,21,201,5020813,,,,,,,2026-10-06,1,,,,,"エーアールシー",0
2318,8200001045529,01,0,2026-10-06,2026-10-06,"株式会社ＡＭＡＲＩＳ",,301,"岐阜県","岐阜市","梶川町１１番地６Ｎｏｂｌｅ岐阜金華１０１",,21,201,5008017,,,,,,,2026-10-06,1,,,,,"アマリス",0
2319,8200001045545,01,0,2026-10-06,2026-10-06,"株式会社ＭＥＧＵＲＵ",,301,"岐阜県","岐阜市","北一色２丁目５番８号",,21,201,5008227,,,,,,,2026-10-06,1,,,,,"メグル",0
2320,8200002008336,01,1,2026-10-06,2015-10-05,"有限会社マルトシ丹羽建材工事",,302,"岐阜県","各務原市","三井東町１丁目４番地",,21,213,5040914,,,,,,,2015-10-05,1,,,,,"マルトシニワケンザイコウジ",0
2321,8200002009136,01,1,2026-10-06,2015-10-05,"有限会社村田コンタクトレンズ",,302,"岐阜県","各務原市","蘇原村雨町３丁目１７番地",,21,213,5040828,,,,,,,2015-10-05,1,,,,,"ムラタコンタクトレンズ",0
2322,8200002026899,21,0,2026-10-06,2026-09-24,"有限会社竹本写植",,302,"岐阜県","飛騨市","古川町上町１４０番地の５",,21,217,5094254,,,2026-09-24,01,,,2015-10-05,1,,,,,"タケモトシャショク",0
2323,8220001013946,21,0,2026-10-06,2026-10-02,"加賀八汐株式会社",,301,"石川県","加賀市","片山津温泉ア９９番地２",,17,206,9220412,,,2026-10-02,01,,,2015-10-05,1,,,,,,0
2324,8220001019266,01,1,2026-10-06,2015-10-05,"株式会社エムアンドエム",,301,"石川県","七尾市","石崎町香島１丁目１０６番地１",,17,202,9260178,,,,,,,2015-10-05,1,,,,,"エムアンドエム",0
2325,8220001026114,21,0,2026-10-06,2026-10-02,"仁大株式会社",,301,"石川県","小松市","那谷町サ４２番地１",,17,203,9230336,,,2026-10-02,01,,,2024-07-29,1,,,,,,0
2326,8220001027599,01,0,2026-10-06,2026-10-06,"株式会社ウイングハウス",,301,"石川県","鹿島郡中能登町","末坂８部１番地２",,17,407,9291704,,,,,,,2026-10-06,1,,,,,"ウイングハウス",0
2327,8220001027624,01,0,2026-10-06,2026-10-06,"株式会社キャリアインオフィス",,301,"石川県","金沢市","香林坊２丁目１番地１",,17,201,9200961,,,,,,,2026-10-06,1,,,,,"キャリアインオフィス",0
2328,8220005002994,01,1,2026-10-06,2015-10-05,"手取川骨材採取販売協同組合",,399,"石川県","能美郡川北町","字壱ツ屋１９４番地",,17,324,9231267,,,,,,,2015-10-05,1,,,,,"テドリガワコツザイサイシュ",0
2329,8230001007336,11,0,2026-10-06,2026-10-01,"桜井合同株式会社",,301,"富山県","黒部市","荻生字金屋５２６５番地５",,16,207,9380801,,,,,,,2015-10-05,1,,,,,"サクライゴウドウ",0
2330,8230001021626,01,0,2026-10-06,2026-10-06,"株式会社高岡みかづき商会",,301,"富山県","高岡市","大手町７番３６号",,16,202,9330039,,,,,,,2026-10-06,1,,,,,"タカオカミカヅキショウカイ",0
2331,8230005004189,12,0,2026-10-06,2026-10-01,"特定非営利活動法人パートナー",,399,"富山県","下新川郡入善町","上野６８９番地４",,16,342,9390642,,,,,,,2015-10-05,1,,,,,"パートナー",0
2332,8230005005971,01,1,2026-10-06,2015-10-05,"庄川漁業協同組合",,399,"富山県","高岡市","下麻生４９９番地３",,16,202,9391272,,,,,,,2015-10-05,1,,,,,"ショウガワギョギョウ",0
2333,8240001067098,01,0,2026-10-06,2026-10-06,"株式会社ＲＮＫ",,301,"広島県","福山市","千代田町１丁目１６番３１－３号",,34,207,7200823,,,,,,,2026-10-06,1,,,,,"アールエヌケー",0
2334,8240001067107,01,0,2026-10-06,2026-10-06,"株式会社あすなろ",,301,"広島県","福山市","草戸町２丁目１番１９号",,34,207,7200831,,,,,,,2026-10-06,1,,,,,"アスナロ",0
2335,8240001067123,01,0,2026-10-06,2026-10-06,"株式会社建誠工業",,301,"広島県","福山市","神辺町字平野４２番地１",,34,207,7202116,,,,,,,2026-10-06,1,,,,,"ケンセイコウギョウ",0
2336,8240001067131,01,0,2026-10-06,2026-10-06,"株式会社リオン",,301,"広島県","広島市南区","比治山本町１３番１７－２０３号",,34,103,7320816,,,,,,,2026-10-06,1,,,,,"リオン",0
2337,8250002006376,11,0,2026-10-06,2026-10-01,"竜王株式会社",,301,"山口県","山陽小野田市","稲荷町１０番２３号",,35,216,7560811,,,,,,,2015-10-05,1,,,,,"リュウオウ",0
2338,8260001038650,12,0,2026-10-06,2026-10-01,"株式会社Ｓ．Ａ",,301,"岡山県","倉敷市","福島５９８番地７",,33,202,7100048,,,,,,,2024-01-15,1,,,,,"エスエー",0
2339,8260002013009,01,1,2026-10-06,2015-10-05,"ケンソリューションズ有限会社",,302,"岡山県","岡山市北区","矢坂東町１２番５６－２０２号",,33,101,7000074,,,,,,,2015-10-05,0,,,,,"ケンソリューションズ",0
2340,8260002013009,12,1,2026-10-06,2026-10-01,"ケンソリューションズ有限会社",,302,"岡山県","岡山市北区","一宮１２９番地１（５０１）",,33,101,7011211,,,,,,,2015-10-05,1,,,,,"ケンソリューションズ",0
2341,8280001006382,12,0,2026-10-06,2026-10-01,"株式会社正建工業",,301,"島根県","松江市","大庭町１２７４番地８",,32,201,6900033,,,,,,,2015-10-05,1,,,,,"ショウケンコウギョウ",0
2342,8280001006936,12,0,2026-10-06,2026-09-29,"山崎商事株式会社",00004639,301,"岐阜県","恵那市","大井町５５２番地１",,21,210,5097201,,,,,,,2015-10-05,1,,,,,"ヤマサキショウジ",0
2343,8280005002675,01,1,2026-10-06,2015-10-05,"医療法人おおつかクリニック",,399,"島根県","出雲市","大塚町７４７番地１",,32,203,6930063,,,,,,,2015-10-05,1,,,,,"オオツカクリニック",0
2344,8280005003574,01,1,2026-10-06,2015-10-05,"医療法人社団橘林堂",,399,"島根県","大田市","川合町川合１６１８番地",,32,205,6940011,,,,,,,2015-10-05,1,,,,,"シャダンキツリンドウ",0
2345,8290001066921,11,0,2026-10-06,2026-09-16,"株式会社ＵＥＭＵＲＡ　ＧＲＯＵＰ",,301,"福岡県","福岡市博多区","住吉４丁目３番２号",,40,132,8120018,,,,,,,2015-10-05,1,,,,,"ウエムラグループ",0
2346,8290001074924,12,0,2026-10-06,2026-10-01,"株式会社ＦＦＧほけんサービス",,301,"福岡県","福岡市南区","高宮５丁目２番５号",,40,134,8150083,,,,,,,2016-08-18,0,,,,,"エフエフジーホケンサービス",0
2347,8290001074924,11,0,2026-10-06,2026-10-01,"ＦＦＧビジネスサービス株式会社",,301,"福岡県","福岡市南区","高宮５丁目２番５号",,40,134,8150083,,,,,,,2016-08-18,1,,,,,"エフエフジービジネスサービス",0
2348,8290001086028,71,0,2026-10-06,2026-10-01,"株式会社冨治商会",,301,"福岡県","福岡市中央区","赤坂１丁目２番７号",,40,133,8100042,,,,,,"令和８年１０月１日福岡市東区松島四丁目１０番２５号株式会社姉川商会（3290001030213）を合併",2019-07-30,1,,,,,"フジショウカイ",0
2349,8290001086556,21,0,2026-10-06,2026-10-01,"株式会社Ｋｙｕホールディングス",,301,"福岡県","福岡市南区","井尻４丁目２８番１８号",,40,134,8111302,,,2026-10-01,11,1290001012337,"令和８年１０月１日福岡市南区井尻四丁目２８番１８号株式会社キューオキ（1290001012337）に合併し解散",2019-09-27,1,,,,,"キューホールディングス",0
2350,8290001115653,01,0,2026-10-06,2026-10-06,"株式会社アスネラ",,301,"福岡県","福岡市中央区","天神２丁目８－３５天神住友生命ＦＪビジネスセンター５，６Ｆ",,40,133,8100001,,,,,,,2026-10-06,1,,,,,"アスネラ",0
2351,8290001115678,01,0,2026-10-06,2026-10-06,"株式会社サンライフ",,301,"福岡県","嘉麻市","鴨生２６２番地４",,40,227,8200206,,,,,,,2026-10-06,1,,,,,"サンライフ",0
2352,8290001115711,01,0,2026-10-06,2026-10-06,"株式会社静香",,301,"福岡県","福岡市東区","箱崎１丁目４５番１８号",,40,131,8120053,,,,,,,2026-10-06,1,,,,,"シズカ",0
2353,8290003007782,21,0,2026-10-06,2026-09-08,"合資会社ＢＯＮＤＳ",,304,"福岡県","福岡市中央区","清川２丁目１３番２－８０４号",,40,133,8100005,,,2026-09-08,01,,,2018-01-29,1,,,,,"ボンズ",0
2354,8290003018978,01,0,2026-10-06,2026-10-06,"合同会社ＹＯＳＨＩＹＡ　ＦＩＲＭ",,305,"福岡県","福岡市中央区","古小烏町８１番地３シャンボール桜坂３０５号",,40,133,8100026,,,,,,,2026-10-06,1,,,,,"ヨシヤファーム",0
2355,8290005020230,01,0,2026-10-06,2026-10-06,"一般社団法人まちる柳川",,399,"福岡県","柳川市","小道具町１２番地",,40,207,8320036,,,,,,,2026-10-06,1,,,,,"マチルヤナガワ",0
2356,8290803005457,01,0,2026-10-06,2026-10-06,"合同会社ＣＲＳＩＶＡ",,305,"福岡県","北九州市八幡西区","美原町７番１０号",,40,109,8070847,,,,,,,2026-10-06,1,,,,,"クラシヴァ",0
2357,8300001014770,01,0,2026-10-06,2026-10-06,"株式会社健整",,301,"佐賀県","佐賀市","本庄町大字本庄１３２２番地４テナントビル１０２",,41,201,8400027,,,,,,,2026-10-06,1,,,,,"ケンセイ",0
2358,8300002007030,01,1,2026-10-06,2015-10-05,"森崎商会有限会社",00095327,302,"佐賀県","嬉野市","塩田町大字久間丙４６４６番地２８",,41,209,8491403,,,,,,,2015-10-05,1,,,,,"モリサキショウカイ",0
2359,8300005003365,01,1,2026-10-06,2015-10-05,"黒尾大神社",,399,"佐賀県","武雄市","山内町大字大野８９６２番地",,41,206,8492304,,,,,,,2015-10-05,1,,,,,"クロオダイジンジャ",0
2360,8310001016675,12,0,2026-10-06,2026-09-14,"株式会社ＦｉｖｅＳｔａｒ",,301,"福岡県","福津市","津屋崎６丁目８番１３号グレイス湊２０１",,40,224,8113304,,,,,,,2020-05-14,1,,,,,"ファイブスター",0
2361,8320001021939,01,0,2026-10-06,2026-10-06,"株式会社ＢＵＬＢ",,301,"大分県","別府市","大字鉄輪５５９番地の１",,44,202,8740000,,,,,,,2026-10-06,1,,,,,"バルブ",0
2362,8320002016921,01,1,2026-10-06,2015-10-05,"有限会社高木保険サービス",,302,"大分県","佐伯市","東町１５番８号",,44,205,8760814,,,,,,,2015-10-05,0,,,,,"タカギホケンサービス",0
2363,8320002016921,21,0,2026-10-06,2026-09-30,"有限会社高木保険サービス",,302,"大分県","佐伯市","東町１５番８号",,44,205,8760814,,,2026-09-30,01,,,2015-10-05,1,,,,,"タカギホケンサービス",0
2364,8320005002092,21,0,2026-10-06,2026-09-29,"特定非営利活動法人言葉と心をむすぶ・ヒューマンハーバー",,399,"大分県","大分市","国分新町２５番１３号",,44,201,8700869,,,2026-09-29,01,,,2015-10-05,1,,,,,"コトバトココロヲムスブヒューマンハーバー",0
2365,8330001022754,01,1,2026-10-06,2016-05-10,"株式会社西村輪油店",,301,"熊本県","玉名郡南関町","大字上坂下３５５２番地３",,43,367,8610822,,,,,,,2016-05-10,0,,,,,,0
2366,8330001022754,11,1,2026-10-06,2016-05-11,"西村輪油店株式会社",,301,"熊本県","玉名郡南関町","大字上坂下３５５２番地３",,43,367,8610822,,,,,,,2016-05-10,1,,,,,"ニシムラリンユテン",0
2367,8330001032068,12,0,2026-10-06,2026-10-01,"株式会社ペガサス",,301,"福岡県","福岡市東区","青葉１丁目４２－１３ブレスアオバ２",,40,131,8130025,,,,,,,2024-05-14,1,,,,,"ペガサス",0
2368,8330001034700,01,0,2026-10-06,2026-10-06,"株式会社イチカン",,301,"熊本県","阿蘇郡西原村","大字布田１６７８番地１",,43,432,8612403,,,,,,,2026-10-06,1,,,,,"イチカン",0
2369,8330001034717,01,0,2026-10-06,2026-10-06,"株式会社いとんちゅ",,301,"熊本県","熊本市東区","長嶺西２丁目１１－１２コーポ皆幸Ｃ棟２０５号室",,43,102,8618037,,,,,,,2026-10-06,1,,,,,"イトンチュ",0
2370,8330002000718,21,0,2026-10-06,2026-09-30,"有限会社イズミコーポレーション",,302,"熊本県","熊本市中央区","上通町４番１８号",,43,101,8600845,,,2026-09-30,01,,,2015-10-05,1,,,,,"イズミコーポレーション",0
2371,8330002017423,01,1,2026-10-06,2015-10-05,"有限会社善啓工業",,302,"熊本県","合志市","豊岡下八久保２０００番地１４０３",,43,216,8611115,,,,,,,2015-10-05,1,,,,,"ヨシヒロコウギョウ",0
2372,8330002028065,21,0,2026-10-06,2026-09-29,"天草空調工業有限会社",,302,"熊本県","天草市","港町１６番１３号",,43,215,8630021,,,2026-09-29,01,,,2015-10-05,1,,,,,"アマクサクウチョウコウギョウ",0
2373,8340001028494,01,0,2026-10-06,2026-10-06,"株式会社Ｅｍｍａｃｈｉ　ｉｎｔｅｒｎａｔｉｏｎａｌ",,301,"鹿児島県","鹿児島市","田上８丁目１５番５号宮下コーポ１０１号",,46,201,8900034,,,,,,,2026-10-06,1,,,,,"エマーチインターナショナル",0
2374,8340002005749,12,0,2026-10-06,2026-10-02,"有限会社ダイユー",,302,"鹿児島県","鹿児島市","入佐町１８６番地１",,46,201,8992706,,,,,,,2015-10-05,1,,,,,"ダイユー",0
2375,8340002014865,21,0,2026-10-06,2026-09-24,"有限会社鍋倉土木",,302,"鹿児島県","伊佐市","菱刈川南７０４番地１",,46,224,8952812,,,2026-09-24,01,,,2015-10-05,1,,,,,"ナベクラドボク",0
2376,8350001020285,01,0,2026-10-06,2026-10-06,"株式会社タニケン",,301,"宮崎県","宮崎市","月見ケ丘５丁目３３番３号",,45,201,8800926,,,,,,,2026-10-06,1,,,,,"タニケン",0
2377,8350002008742,01,1,2026-10-06,2015-10-05,"有限会社田尻介護サービス",,302,"宮崎県","宮崎市","高岡町内山２７４４番地４",,45,201,8802321,,,,,,,2015-10-05,1,,,,,"タジリカイゴサービス",0
2378,8360001033740,12,0,2026-10-06,2026-09-08,"株式会社Ｓｕｍ‐ｆｉｅｌｄ",,301,"沖縄県","那覇市","前島３丁目２５番１号泊ふ頭旅客ターミナル３階",,47,201,9000016,,,,,,,2024-06-03,1,,,,,"サムフィールド",0
2379,8360001037312,01,0,2026-10-06,2026-10-06,"株式会社陽向電工",,301,"沖縄県","うるま市","字高江洲９４２番地５",,47,213,9042242,,,,,,,2026-10-06,1,,,,,"ヒナタデンコウ",0
2380,8370001054298,01,0,2026-10-06,2026-10-06,"株式会社教育脳科学研究所",,301,"宮城県","仙台市青葉区","上杉２丁目２番４－５０５号",,04,101,9800011,,,,,,,2026-10-06,1,,,,,"キョウイクノウカガクケンキュウジョ",0
2381,8380001003881,01,1,2026-10-06,2015-10-05,"株式会社ユーアイ",,301,"福島県","福島市","北中央３丁目９４番地の２",,07,201,9608072,,,,,,,2015-10-05,1,,,,,"ユーアイ",0
2382,8380001014730,01,1,2026-10-06,2015-10-05,"株式会社ひとくち",,301,"福島県","いわき市","平中神谷字六本榎１６番地の９",,07,204,9708021,,,,,,,2015-10-05,1,,,,,"ヒトクチ",0
2383,8380001036337,01,0,2026-10-06,2026-10-06,"株式会社ＶＩＤＡ　ＡＬＭＡ",,301,"福島県","いわき市","泉玉露６丁目１８番地の２２",,07,204,9718172,,,,,,,2026-10-06,1,,,,,"ヴィーダアルマ",0
2384,8380001036345,01,0,2026-10-06,2026-10-06,"株式会社ＹＫプラス",,301,"福島県","いわき市","葉山１丁目１６番地の２７",,07,204,9718187,,,,,,,2026-10-06,1,,,,,"ワイケープラス",0
2385,8380001036353,01,0,2026-10-06,2026-10-06,"株式会社りすのもり",,301,"福島県","いわき市","平中神谷字塚ノ町４３番地の１",,07,204,9708021,,,,,,,2026-10-06,1,,,,,"リスノモリ",0
2386,8380002022006,01,1,2026-10-06,2015-10-05,"有限会社安藤木材工業",,302,"福島県","いわき市","小名浜大原字丙新地８番地の１",,07,204,9718111,,,,,,,2015-10-05,1,,,,,"アンドウモクザイコウギョウ",0
2387,8380005012037,21,0,2026-10-06,2026-09-24,"一般社団法人海の日芸術祭",,399,"福島県","郡山市","大槻町字西ノ宮西８２番地３アートプラン内",,07,203,9630201,,,2026-09-24,01,,,2018-06-06,1,,,,,"ウミノヒゲイジュツサイ",0
2388,8400001017565,01,0,2026-10-06,2026-10-06,"株式会社ＢＲＩＤＧＥ・ＣＯＲＥ",,301,"岩手県","宮古市","区界第３地割１７６番地",,03,202,0282631,,,,,,,2026-10-06,1,,,,,"ブリッジコア",0
2389,8420001015749,21,0,2026-10-06,2026-09-30,"株式会社ｋｉｍｎｙ",,301,"青森県","八戸市","大字市川町字古館６１番地４",,02,203,0392241,,,2026-09-30,01,,,2017-05-31,1,,,,,"キムニー",0
2390,8430001026670,12,0,2026-10-06,2026-10-01,"株式会社オルフェ",,301,"北海道","札幌市中央区","北二条西２４丁目１番１０号西二四ビル",,01,101,0640822,,,,,,,2015-10-05,1,,,,,"オルフェ",0
2391,8430005010522,11,0,2026-10-06,2026-10-01,"医療法人おひげせんせいのワクチンクリニック",,399,"北海道","札幌市豊平区","豊平七条１０丁目３番１８号",,01,105,0620907,,,,,,,2015-10-05,1,,,,,"オヒゲセンセイノワクチンクリニック",0
2392,8450001015077,01,0,2026-10-06,2026-10-06,"株式会社ハイブリッジ",,301,"北海道","旭川市","春光台三条５丁目３番８号",,01,204,0718143,,,,,,,2026-10-06,1,,,,,"ハイブリッジ",0
2393,8450002003147,12,0,2026-10-06,2026-09-30,"有限会社第一青果",,302,"北海道","旭川市","大町二条２丁目５－５７",,01,204,0700842,,,,,,,2015-10-05,1,,,,,"ダイイチセイカ",0
2394,8450002009409,01,1,2026-10-06,2015-10-05,"有限会社十勝岳ハイヤー",,302,"北海道","空知郡上富良野町","中町２丁目４番２６号",,01,460,0710543,,,,,,,2015-10-05,1,,,,,,0
2395,8470002006544,01,1,2026-10-06,2015-10-05,"有限会社丸武",,302,"香川県","高松市","錦町１丁目１９番１０号",,37,201,7600020,,,,,,,2015-10-05,1,,,,,"マルタケ",0
2396,8470002017079,01,1,2026-10-06,2015-10-05,"有限会社林工業",,302,"香川県","三豊市","詫間町詫間２０８２番地",,37,208,7691101,,,,,,,2015-10-05,1,,,,,"ハヤシコウギョウ",0
2397,8480001013284,01,0,2026-10-06,2026-10-06,"ＮＥＸＴ　ＦＩＥＬＤ株式会社",,301,"徳島県","徳島市","福島１丁目１０番４６－３号",,36,201,7700868,,,,,,,2026-10-06,1,,,,,"ネクストフィールド",0
2398,8480003001023,01,1,2026-10-06,2016-05-31,"合同会社梨功",,305,"徳島県","徳島市","八万町弐丈６５番地の１１",,36,201,7708081,,,,,,,2016-05-31,1,,,,,"リコウ",0
2399,8500001008570,12,0,2026-10-06,2026-10-01,"株式会社山斗",,301,"愛媛県","大洲市","若宮５６９番地２",,38,207,7950052,,,,,,,2015-10-05,1,,,,,"ヤマト",0
2400,8500002008066,01,1,2026-10-06,2015-10-05,"遠東貿易有限会社",,302,"愛媛県","伊予市","上野９４０番地",,38,210,7993103,,,,,,,2015-10-05,1,,,,,"エントウボウエキ",0
2401,8500005008906,01,0,2026-10-06,2026-10-06,"一般社団法人つみき学習室",,399,"愛媛県","松山市","森松町９７６番地１",,38,201,7911113,,,,,,,2026-10-06,1,,,,,"ツミキガクシュウシツ",0
2402,9010001212584,12,0,2026-10-06,2026-10-01,"株式会社ファースト",,301,"大阪府","大阪市北区","西天満６丁目７－４大阪弁護士ビル３０７号",,27,127,5300047,,,,,,,2020-09-30,1,,,,,"ファースト",0
2403,9010001225660,11,0,2026-10-06,2026-09-29,"ａｒｕｃｏ株式会社",,301,"東京都","千代田区","大手町１丁目２番１号",,13,101,1000004,,,,,,,2022-04-06,1,,,,,"アルコー",0
2404,9010001240775,12,0,2026-10-06,2026-10-01,"株式会社Ｂｅｗｉｔｃｈ",,301,"東京都","荒川区","南千住４丁目７番３号－１７１６",,13,118,1160003,,,,,,,2023-12-13,1,,,,,"ビーウィッチ",0
2405,9010001250675,01,1,2026-10-06,2024-12-16,"ＰＴＣＪ‐７ホールディングス株式会社",,301,"東京都","千代田区","丸の内１丁目９番１号",,13,101,1000005,,,,,,,2024-12-16,0,,,,,"ピーティーシージェイセブンホールディングス",0
2406,9010001250675,11,1,2026-10-06,2026-04-03,"Ｂフードサイエンス株式会社",,301,"東京都","千代田区","丸の内１丁目９番１号",,13,101,1000005,,,,,,,2024-12-16,0,"B Food Science Co., Ltd.",,,,"ビーフードサイエンス",0
2407,9010001250675,71,1,2026-10-06,2026-04-03,"Ｂフードサイエンス株式会社",,301,"東京都","千代田区","丸の内１丁目９番１号",,13,101,1000005,,,,,,"令和８年４月１日愛知県知多市北浜町２４番１２Ｂフードサイエンス株式会社（5180001094787）を合併",2024-12-16,0,"B Food Science Co., Ltd.",,,,"ビーフードサイエンス",0
2408,9010001250675,12,1,2026-10-06,2026-05-13,"Ｂフードサイエンス株式会社",,301,"愛知県","知多市","北浜町２４番１２",,23,224,4780046,,,,,,,2024-12-16,1,"B Food Science Co., Ltd.","Aichi","24-12, Kitahama-machi, Chita-shi",,"ビーフードサイエンス",0
2409,9010001260856,12,0,2026-10-06,2026-09-03,"ＮＩＳ‐３株式会社",,301,"東京都","中央区","銀座５丁目１５番１号南海東京ビルディング２階",,13,102,1040061,,,,,,,2025-12-05,1,,,,,"ニススリー",0
2410,9010001268775,01,0,2026-10-06,2026-10-06,"株式会社アワーシップ",,301,"東京都","中央区","銀座１丁目１２番４号Ｎ＆Ｅ・ＢＬＤ．６Ｆ",,13,102,1040061,,,,,,,2026-10-06,1,,,,,"アワーシップ",0
2411,9010001269377,01,0,2026-10-06,2026-10-06,"株式会社リボーテック",,301,"東京都","千代田区","神田神保町３丁目１１番地６神保町ビル１０階",,13,101,1010051,,,,,,,2026-10-06,1,,,,,"リボーテック",0
2412,9010003024648,12,0,2026-10-06,2026-10-02,"Ｗｉｎｄｓ　ｏｆ　Ｊａｐａｎ合同会社",,305,"兵庫県","芦屋市","茶屋之町２番２１号",,28,206,6590067,,,,,,,2017-01-13,1,,,,,"ウインズオブジャパン",0
2413,9010003040117,21,0,2026-10-06,2026-09-04,"株式会社ＯＱ",,301,"東京都","港区","西新橋３丁目３番１号",,13,103,1050003,,,2026-09-04,11,9010401106592,"令和８年９月１日東京都港区西新橋三丁目３番１号オープン株式会社（9010401106592）に合併し解散",2023-03-23,1,,,,,"オーキュー",0
2414,9010003052310,01,1,2026-10-06,2026-08-17,"合同会社ＭＫＭ",,305,"東京都","中央区","銀座１丁目２２番１１号銀座大竹ビジデンス２Ｆ",,13,102,1040061,,,,,,,2026-08-17,0,,,,,,0
2415,9010003052310,12,0,2026-10-06,2026-10-02,"合同会社ＭＫＭ",,305,"東京都","江東区","南砂７丁目１－２３原ビル１階",,13,108,1360076,,,,,,,2026-08-17,1,,,,,,0
2416,9010003052946,01,0,2026-10-06,2026-10-06,"合同会社偶然交差",,305,"東京都","中央区","日本橋横山町９番１４―２０１号",,13,102,1030003,,,,,,,2026-10-06,1,,,,,"グウゼンコウサ",0
2417,9010005014944,01,1,2026-10-06,2015-10-05,"瀧泉寺",,399,"東京都","大島町","波浮港字上崎１７番地",,13,361,1000212,,,,,,,2015-10-05,1,,,,,"リュウセンジ",0
2418,9010005025685,21,0,2026-10-06,2026-10-01,"公益財団法人ＢＯＭＵ健康財団",,399,"静岡県","焼津市","八楠３丁目１１－１４",,22,212,4250091,,,2026-10-01,01,,,2016-08-24,1,,,,,"ボムケンコウザイダン",0
2419,9010005028837,12,0,2026-10-06,2026-09-01,"ＤＣ２一般社団法人",,399,"東京都","中央区","新富１丁目１８番８号ジパングアウトソーシングサービス株式会社内",,13,102,1040041,,,,,,,2018-07-24,1,,,,,"ディーシーツー",0
2420,9010005041501,21,0,2026-10-06,2026-09-04,"一般社団法人ピーオーシー",,399,"東京都","千代田区","丸の内１丁目４番１号東京共同会計事務所内",,13,101,1000005,,,2026-09-04,01,,,2026-03-06,1,,,,,"ピーオーシー",0
2421,9010101017421,01,0,2026-10-06,2026-10-06,"株式会社ＥＮ",,301,"東京都","八王子市","下恩方町１５９７番地１８",,13,201,1920154,,,,,,,2026-10-06,1,,,,,"エン",0
2422,9010401124710,71,0,2026-10-06,2026-09-01,"株式会社如水プレゼンツ虎ノ門",,301,"東京都","港区","虎ノ門１丁目１番２１号新虎ノ門実業会館５Ｆ",,13,103,1050001,,,,,,"令和８年９月１日東京都渋谷区恵比寿一丁目８番１８号Ｋ－１ビル３Ｆ株式会社恵比寿コンサルティングオフィス（7011001116521）を合併",2016-05-16,1,,,,,"ジョスイプレゼンツトラノモン",0
2423,9010401127300,01,1,2026-10-06,2016-09-28,"株式会社クオリアル・ライフ",,301,"東京都","港区","南青山２丁目２番１５号ウィン青山１２１４号",,13,103,1070062,,,,,,,2016-09-28,1,,,,,"クオリアルライフ",0
2424,9010401143181,01,1,2026-10-06,2019-01-18,"株式会社ＭｉＫＡＤＯ",,301,"東京都","港区","芝２丁目５番２２号",,13,103,1050014,,,,,,,2019-01-18,0,,,,,"ミカド",0
2425,9010401143181,12,1,2026-10-06,2019-07-03,"株式会社ＭｉＫＡＤＯ",,301,"東京都","新宿区","早稲田７７－１９近藤ビル１階",,13,104,1600000,,,,,,,2019-01-18,0,,,,,"ミカド",0
2426,9010401143181,12,1,2026-10-06,2019-08-05,"株式会社ＭｉＫＡＤＯ",,301,"東京都","港区","芝２丁目５番２２号",,13,103,1050014,,,,,,,2019-01-18,0,,,,,"ミカド",0
2427,9010401143181,11,1,2026-10-06,2020-11-26,"株式会社ＭｉＫＡＤＯインターナショナル",,301,"東京都","港区","芝２丁目５番２２号",,13,103,1050014,,,,,,,2019-01-18,0,,,,,"ミカドインターナショナル",0
2428,9010401143181,12,1,2026-10-06,2021-05-19,"株式会社ＭｉＫＡＤＯインターナショナル",,301,"東京都","新宿区","矢来町９５番地２４",,13,104,1620805,,,,,,,2019-01-18,0,,,,,"ミカドインターナショナル",0
2429,9010401143181,12,1,2026-10-06,2024-10-24,"株式会社ＭｉＫＡＤＯインターナショナル",,301,"福岡県","福岡市早良区","百道浜２丁目９０２－１",,40,137,8140001,,,,,,,2019-01-18,0,,,,,"ミカドインターナショナル",0
2430,9010401143181,11,1,2026-10-06,2026-09-04,"株式会社ＲＩＳＥ",,301,"福岡県","福岡市早良区","百道浜２丁目９０２－１",,40,137,8140001,,,,,,,2019-01-18,0,,,,,,0
2431,9010401143181,12,0,2026-10-06,2026-10-02,"株式会社ＲＩＳＥ",,301,"東京都","渋谷区","神宮前５丁目５１番８号ラ・ポルト青山２Ｆ－７",,13,113,1500001,,,,,,,2019-01-18,1,,,,,,0
2432,9010401143363,71,0,2026-10-06,2026-09-01,"株式会社データワイズ",,301,"東京都","港区","芝５丁目３６番４号札の辻スクエア９階",,13,103,1080014,,,,,,"令和８年９月１日東京都渋谷区本町四丁目４３番１号高野ビル２０３株式会社ＤＷＨＤ（5011001172582）を合併",2019-01-28,1,,,,,"データワイズ",0
2433,9010401145459,12,0,2026-10-06,2026-10-02,"株式会社ＳｕｎＳｕｎ",,301,"東京都","新宿区","新宿７丁目２４番１－２０３号",,13,104,1600022,,,,,,,2019-05-15,1,,,,,"サンサン",0
2434,9010401166934,12,0,2026-10-06,2026-09-04,"株式会社Ｙ",,301,"東京都","港区","虎ノ門５丁目１１番１号オランダヒルズ森タワーＲｏＰ８０８号室",,13,103,1050001,,,,,,,2022-04-20,1,,,,,"ワイ",0
2435,9010401168212,12,0,2026-10-06,2026-10-02,"株式会社Ａ．Ｓ．クリエーション",,301,"東京都","中央区","築地２丁目６番７号ＮＯＶＥＬＷＯＲＫＴＳＵＫＩＪＩ４階",,13,102,1040045,,,,,,,2022-06-30,1,,,,,"エーエスクリエーション",0
2436,9010401187476,12,0,2026-10-06,2026-10-02,"ＡＩＴＥＣジャパン株式会社",,301,"東京都","千代田区","神田多町２丁目１－２３神田東山ビル７階",,13,101,1010046,,,,,,,2025-01-09,1,,,,,"アイテックジャパン",0
2437,9010401192088,12,0,2026-10-06,2026-09-30,"株式会社ｉｌｅ　ｃｈａｍｐ",,301,"島根県","松江市","東出雲町揖屋７５０番地４５",,32,201,6990101,,,,,,,2025-07-30,1,,,,,"イルシャン",0
2438,9010401202532,01,0,2026-10-06,2026-10-06,"株式会社Ａｌｔｉｍｉｘ",,301,"東京都","港区","南青山２丁目２番１５号ウィン青山９４２",,13,103,1070062,,,,,,,2026-10-06,1,,,,,"アルティミ",0
2439,9010401202540,01,0,2026-10-06,2026-10-06,"株式会社Ｓｕｍｍｅｒ　Ｃｒｅｓｔ",,301,"東京都","港区","芝浦２丁目２番１５号",,13,103,1080023,,,,,,,2026-10-06,1,,,,,"サマークレスト",0
2440,9010402031600,01,1,2026-10-06,2015-10-05,"有限会社ファーストウェーブ",,302,"東京都","港区","三田５丁目１番５－７０３号",,13,103,1080073,,,,,,,2015-10-05,0,,,,,"ファーストウェーブ",0
2441,9010402031600,12,0,2026-10-06,2026-10-02,"有限会社ファーストウェーブ",,302,"東京都","品川区","東大井２丁目２０－７",,13,109,1400011,,,,,,,2015-10-05,1,,,,,"ファーストウェーブ",0
2442,9010403035526,12,0,2026-10-06,2026-10-01,"ＰＯＷＥＲ　ＰＯＯＬ７号合同会社",,305,"東京都","港区","新橋６丁目２番地１号ＣＩＲＣＬＥＳ＋新橋",,13,103,1050004,,,,,,,2025-07-08,1,,,,,"パワープールナナゴウ",0
2443,9010403039312,01,0,2026-10-06,2026-10-06,"ＡｉｒＴｒｕｎｋ　Ｊａｐａｎ　Ｈｏｌｄｉｎｇ１５合同会社",,305,"東京都","港区","六本木６丁目１０番１号六本木ヒルズ森タワー",,13,103,1060032,,,,,,,2026-10-06,1,,,,,"エアトランクジャパンホールディングフィフティーン",0
2444,9010601007038,12,0,2026-10-06,2026-10-01,"株式会社リビングストアー",,301,"東京都","大田区","南久が原２丁目８番１７－１０３号",,13,111,1460084,,,,,,,2015-10-05,1,,,,,"リビングストアー",0
2445,9010601011072,01,1,2026-10-06,2015-10-05,"アカツキ自動車販売株式会社",,301,"東京都","墨田区","両国３丁目２０番４号",,13,107,1300026,,,,,,,2015-10-05,1,,,,,"アカツキジドウシャハンバイ",0
2446,9010601069904,01,0,2026-10-06,2026-10-06,"ＭＴＫ　Ａｃｃｏｕｎｔｉｎｇ株式会社",,301,"東京都","墨田区","両国３丁目２５番８号栄光ビル８階",,13,107,1300026,,,,,,,2026-10-06,1,,,,,"エムティーケーアカウンティング",0
2447,9010701042760,12,0,2026-10-06,2026-10-01,"株式会社ＢＳＱＪＰ",,301,"東京都","北区","志茂３丁目１７－１６－７０１室",,13,117,1150042,,,,,,,2022-06-07,1,,,,,"ビーエスキュージャパン",0
2448,9010901036422,01,1,2026-10-06,2015-10-05,"株式会社ｂｉｏｔｏｐｅ",,301,"東京都","世田谷区","野毛２丁目２８番１１－１０４号",,13,112,1580092,,,,,,,2015-10-05,0,,,,,,0
2449,9010901036422,11,1,2026-10-06,2018-09-04,"株式会社ＢＩＯＴＯＰＥ",,301,"東京都","世田谷区","野毛２丁目２８番１１－１０４号",,13,112,1580092,,,,,,,2015-10-05,0,,,,,"ビオトープ",0
2450,9010901036422,12,1,2026-10-06,2022-02-08,"株式会社ＢＩＯＴＯＰＥ",,301,"東京都","目黒区","大橋１丁目７－４久保ビル２Ｂ",,13,110,1530044,,,,,,,2015-10-05,0,,,,,"ビオトープ",0
2451,9010901036422,12,1,2026-10-06,2023-12-04,"株式会社ＢＩＯＴＯＰＥ",,301,"東京都","千代田区","有楽町１丁目１－２日比谷三井タワー１２階ＷＯＲＫＳＴＹＬＩＮＧ内",,13,101,1000006,,,,,,,2015-10-05,0,,,,,"ビオトープ",0
2452,9010901036422,12,1,2026-10-06,2025-06-03,"株式会社ＢＩＯＴＯＰＥ",,301,"東京都","中央区","日本橋室町２丁目１－１日本橋三井タワー６階",,13,102,1030022,,,,,,,2015-10-05,0,,,,,"ビオトープ",0
2453,9010901036422,12,1,2026-10-06,2026-07-01,"株式会社ＢＩＯＴＯＰＥ",,301,"東京都","千代田区","霞が関１丁目４－１",,13,101,1000013,,,,,,,2015-10-05,1,,,,,"ビオトープ",0
2454,9010901041158,01,1,2026-10-06,2017-11-29,"株式会社Ｄｉｇｉｔａｌ　Ｃａｍｐａｉｇｎ",,301,"東京都","世田谷区","玉川台２丁目１０番１６－２１１号",,13,112,1580096,,,,,,,2017-11-29,0,,,,,"デジタルキャンペーン",0
2455,9010901041158,12,1,2026-10-06,2018-11-02,"株式会社Ｄｉｇｉｔａｌ　Ｃａｍｐａｉｇｎ",,301,"東京都","世田谷区","上用賀５丁目２１番１８号",,13,112,1580098,,,,,,,2017-11-29,0,,,,,"デジタルキャンペーン",0
2456,9010901041158,11,1,2026-10-06,2022-11-10,"Ｌｉｔｍｕｓ株式会社",,301,"東京都","世田谷区","上用賀５丁目２１番１８号",,13,112,1580098,,,,,,,2017-11-29,1,,,,,"リトマス",0
2457,9010901053013,12,0,2026-10-06,2026-10-01,"株式会社スター",,301,"沖縄県","那覇市","久茂地３丁目２６－３２",,47,201,9000015,,,,,,,2023-05-23,1,,,,,"スター",0
2458,9010901060356,01,0,2026-10-06,2026-10-06,"ＭＥＤリトリートハウス株式会社",,301,"東京都","世田谷区","代田４丁目２３－６",,13,112,1550033,,,,,,,2026-10-06,1,,,,,"メッドリトリートハウス",0
2459,9010901060380,01,0,2026-10-06,2026-10-06,"株式会社Ｊｕ",,301,"東京都","世田谷区","岡本３丁目２番３号－２",,13,112,1570076,,,,,,,2026-10-06,1,,,,,"ジュー",0
2460,9010903011200,01,0,2026-10-06,2026-10-06,"合同会社蒼春写真企画",,305,"東京都","世田谷区","南烏山３丁目２２番１７－２０３号",,13,112,1570062,,,,,,,2026-10-06,1,,,,,"ソウシュンシャシンキカク",0
2461,9010905004994,01,0,2026-10-06,2026-10-06,"一般社団法人ＧＧパワーズ",,399,"東京都","世田谷区","駒沢３丁目４番８号",,13,112,1540012,,,,,,,2026-10-06,1,,,,,"ジージーパワーズ",0
2462,9011001149585,12,0,2026-10-06,2026-09-24,"株式会社ｅｎａｂｌｅＸ",,301,"東京都","千代田区","神田神保町２丁目６番地４",,13,101,1010051,,,,,,,2022-09-08,1,,,,,"イネーブレクス",0
2463,9011001167199,12,0,2026-10-06,2026-10-02,"株式会社ユンカース",,301,"東京都","大田区","南雪谷３丁目２０番１０号",,13,111,1450066,,,,,,,2025-01-27,1,"Junkers Inc","Tokyo","Wind Ebisu Building 8F, 2-4-8 Ebisu-Nishi, Shibuya ku",,"ユンカース",0
2464,9011001180755,01,0,2026-10-06,2026-10-06,"株式会社ＬＵＭＡ　ＦＩＬＭ",,301,"東京都","目黒区","上目黒５丁目８番２号アトリエキアラ１Ｂ",,13,110,1530051,,,,,,,2026-10-06,1,,,,,"ルマフィルム",0
2465,9011001180771,01,0,2026-10-06,2026-10-06,"株式会社アサヒテック",,301,"東京都","目黒区","南３丁目１３番２３号ＰＲＯＴＯ大岡山ＩＩ－００２",00145165,13,110,1520013,,,,,,,2026-10-06,1,,,,,"アサヒテック",0
2466,9011001180854,01,0,2026-10-06,2026-10-06,"株式会社ｕｎ　ｄｅｓｉｇｎｓ",,301,"東京都","渋谷区","神宮前３丁目５番９号",,13,113,1500001,,,,,,,2026-10-06,1,,,,,"アンデザインズ",0
2467,9011002008419,01,1,2026-10-06,2015-10-05,"有限会社太恵管財",,302,"東京都","渋谷区","恵比寿南３丁目１１番９号",,13,113,1500022,,,,,,,2015-10-05,1,,,,,"タケイカンザイ",0
2468,9011101117590,01,0,2026-10-06,2026-10-06,"株式会社ＯＫＡＫＡ",,301,"東京都","新宿区","中落合４丁目２５番９号",,13,104,1610032,,,,,,,2026-10-06,1,,,,,"オカカ",0
2469,9011201027450,01,0,2026-10-06,2026-10-06,"株式会社ＩＲＩＣＡ",,301,"東京都","中野区","江古田４丁目９番７号",,13,114,1650022,,,,,,,2026-10-06,1,,,,,"イリカ",0
2470,9011301006973,01,1,2026-10-06,2015-10-05,"武蔵関不動産株式会社",,301,"東京都","杉並区","今川１丁目１７番２１号ベルメゾン井荻４０２号",,13,115,1670035,,,,,,,2015-10-05,1,,,,,"ムサシゼキフドウサン",0
2471,9011301031872,01,0,2026-10-06,2026-10-06,"Ｆｌｕｊｏ株式会社",,301,"東京都","杉並区","久我山３丁目２３番１１号ハイムアゼリアＢ１東",,13,115,1680082,,,,,,,2026-10-06,1,,,,,"フルホ",0
2472,9011401028307,01,0,2026-10-06,2026-10-06,"株式会社アサミバレエ",,301,"東京都","板橋区","赤塚１丁目３番９号",,13,119,1750092,,,,,,,2026-10-06,1,,,,,"アサミバレエ",0
2473,9011503006210,12,0,2026-10-06,2026-10-05,"スマイルファミリー合同会社",,305,"東京都","北区","十条仲原４丁目７番１５号十条ベルクハイム２０４",,13,117,1140031,,,,,,,2024-09-03,1,,,,,"スマイルファミリー",0
2474,9011601000651,01,1,2026-10-06,2015-10-05,"インターファームプロダクツ株式会社",,301,"東京都","練馬区","向山４丁目３５番１号",,13,120,1760022,,,,,,,2015-10-05,1,,,,,"インターファームプロダクツ",0
2475,9011601002103,01,1,2026-10-06,2015-10-05,"コーエイ薬品株式会社",,301,"東京都","練馬区","北町３丁目２３番５号",,13,120,1790081,,,,,,,2015-10-05,0,,,,,"コーエイヤクヒン",0
2476,9011601002103,21,0,2026-10-06,2026-09-30,"コーエイ薬品株式会社",,301,"東京都","練馬区","北町３丁目２３番５号",,13,120,1790081,,,2026-09-30,01,,,2015-10-05,1,,,,,"コーエイヤクヒン",0
2477,9011601027926,12,0,2026-10-06,2026-10-01,"メープル住宅株式会社",,301,"東京都","練馬区","石神井台２丁目７番７号",,13,120,1770045,,,,,,,2024-07-25,1,,,,,"メープルジュウタク",0
2478,9011602004783,01,1,2026-10-06,2015-10-05,"有限会社鹿住工務店",,302,"東京都","練馬区","早宮２丁目２０番２４号",,13,120,1790085,,,,,,,2015-10-05,1,,,,,"カズミコウムテン",0
2479,9011701026076,12,0,2026-10-06,2026-10-01,"株式会社Ｃａｓａ",,301,"東京都","足立区","青井２丁目１５番２６号",,13,121,1200012,,,,,,,2023-03-13,1,,,,,"カサ",0
2480,9011801010459,12,0,2026-10-06,2026-09-29,"株式会社東和美化",,301,"東京都","足立区","西加平１丁目３番４号",,13,121,1210074,,,,,,,2015-10-05,1,,,,,"トウワビカ",0
2481,9011801023626,01,1,2026-10-06,2015-10-05,"株式会社ケーズ・オフィス",,301,"東京都","足立区","梅島１丁目１３番１８号原田ビル３階",,13,121,1210816,,,,,,,2015-10-05,1,,,,,"ケーズオフィス",0
2482,9011801046172,12,0,2026-10-06,2026-09-24,"侍ＴＡＸＩ株式会社",,301,"東京都","足立区","竹の塚２丁目２９番１２号エコーハウスビル３Ｆ",,13,121,1210813,,,,,,,2025-05-27,1,,,,,"サムライタクシー",0
2483,9011803002223,01,1,2026-10-06,2015-10-05,"クレック合同会社",,305,"東京都","足立区","千住３丁目６０番地サンライズエム２Ｂ",,13,121,1200034,,,,,,,2015-10-05,1,,,,,"クレック",0
2484,9012302002078,21,0,2026-10-06,2026-09-30,"有限会社佐々木文夫工務店",,302,"東京都","町田市","野津田町１９３１番地６",,13,209,1950063,,,2026-09-30,01,,,2015-10-05,1,,,,,"ササキフミオコウムテン",0
2485,9012305002158,12,0,2026-10-06,2026-10-02,"一般社団法人播磨会",,399,"東京都","町田市","原町田４丁目２番１４号ミサワビルディング２階",,13,209,1940013,,,,,,,2025-11-28,1,,,,,"ハリマカイ",0
2486,9012401044946,01,0,2026-10-06,2026-10-06,"株式会社ＣＳサポート",,301,"東京都","三鷹市","深大寺２丁目３３番１３号",,13,204,1810016,,,,,,,2026-10-06,1,,,,,"シーエスサポート",0
2487,9012403006820,12,0,2026-10-06,2026-09-29,"ＳＯＵＫＡＩ合同会社",,305,"東京都","江東区","豊洲１丁目２番３３号ＫＤＸレジデンス豊洲５２６",,13,108,1350061,,,,,,,2024-11-13,1,,,,,"ソウカイ",0
2488,9012403008008,01,0,2026-10-06,2026-10-06,"Ｘ　Ｃｏｎｓｕｌｔｉｎｇ　Ａｓｉａ合同会社",,305,"東京都","武蔵野市","八幡町１丁目６番１１号４０１",,13,203,1800011,,,,,,,2026-10-06,1,,,,,"エックスコンサルティングアジア",0
2489,9012801025001,01,0,2026-10-06,2026-10-06,"株式会社トチノワ",,301,"東京都","武蔵村山市","神明３丁目６１番地の１２",,13,223,2080002,,,,,,,2026-10-06,1,,,,,"トチノワ",0
2490,9013101010123,01,0,2026-10-06,2026-10-06,"株式会社ネクサスジャパン",,301,"東京都","西多摩郡瑞穂町","大字殿ケ谷１０７１番地１２",,13,303,1901212,,,,,,,2026-10-06,1,,,,,"ネクサスジャパン",0
2491,9013201003150,12,0,2026-10-06,2026-10-01,"積水工業株式会社",,301,"東京都","品川区","西五反田７丁目２２番１７号ＴＯＣビル７階",,13,109,1410031,,,,,,,2015-10-05,1,,,,,"セキスイコウギョウ",0
2492,9013301042932,01,1,2026-10-06,2018-10-16,"ＦＡＮＧＦＵＮ株式会社",,301,"東京都","豊島区","東池袋１丁目３１番１０号ドミール池袋２０５号室",,13,116,1700013,,,,,,,2018-10-16,0,,,,,,0
2493,9013301042932,12,1,2026-10-06,2026-09-24,"ＦＡＮＧＦＵＮ株式会社",,301,"東京都","豊島区","東池袋１丁目３１番１０号ドミール池袋１１０９号室",,13,116,1700013,,,,,,,2018-10-16,1,,,,,,0
2494,9013303007388,12,0,2026-10-06,2026-10-02,"合同会社ＩＴＴ",,305,"東京都","大田区","田園調布本町２０番３－５０１号田園調布コーポラス",,13,111,1450072,,,,,,,2024-11-13,1,,,,,"アイティーティー",0
2495,9013401000014,01,1,2026-10-06,2015-10-05,"アクシスホーム株式会社",,301,"東京都","日野市","多摩平１丁目４番地の９",,13,212,1910062,,,,,,,2015-10-05,1,,,,,"アクシスホーム",0
2496,9020001012414,01,1,2026-10-06,2015-10-05,"藍総合設計株式会社",,301,"神奈川県","横浜市中区","蓬莱町２丁目４番１号",00026166,14,104,2310048,,,,,,,2015-10-05,1,,,,,"アイソウゴウセッケイ",0
2497,9020001101480,01,1,2026-10-06,2015-10-05,"株式会社ホリエテクニカル",,301,"神奈川県","川崎市中原区","上平間１１７１番地",,14,133,2110013,,,,,,,2015-10-05,1,,,,,"ホリエテクニカル",0
2498,9020001170534,01,0,2026-10-06,2026-10-06,"株式会社リバ",,301,"神奈川県","横浜市鶴見区","生麦３丁目１０－３－３Ｆ",,14,101,2300052,,,,,,,2026-10-06,1,,,,,"リバ",0
2499,9020001170559,01,0,2026-10-06,2026-10-06,"ＯＬＯＣ　Ｐｅｒｆｏｒｍａｎｃｅ株式会社",,301,"神奈川県","横浜市港南区","日野中央１丁目４番２８号",,14,111,2340053,,,,,,,2026-10-06,1,,,,,"オーロックパフォーマンス",0
2500,9020001170617,01,0,2026-10-06,2026-10-06,"株式会社ディテールアディクト",,301,"神奈川県","横浜市西区","浅間町１丁目４番３号ウィザードビル４０２",,14,103,2200072,,,,,,,2026-10-06,1,,,,,"ディテールアディクト",0
2501,9020001170633,01,0,2026-10-06,2026-10-06,"株式会社桧垣誠佑",,301,"神奈川県","横浜市鶴見区","鶴見１丁目１３番９号",,14,101,2300063,,,,,,,2026-10-06,1,,,,,"ヒガキセイスケ",0
2502,9021001000020,01,1,2026-10-06,2015-10-05,"アース株式会社",,301,"神奈川県","藤沢市","辻堂太平台２丁目１１番５号",,14,205,2510044,,,,,,,2015-10-05,1,,,,,"アース",0
2503,9021001029745,01,1,2026-10-06,2015-10-05,"株式会社松山商会",,301,"神奈川県","座間市","東原３丁目２１番２８号",,14,216,2520004,,,,,,,2015-10-05,0,,,,,"マツヤマショウカイ",0
2504,9021001029745,12,1,2026-10-06,2024-07-22,"株式会社松山商会",,301,"神奈川県","小田原市","鴨宮１７２番地１０",,14,206,2500874,,,,,,,2015-10-05,0,,,,,"マツヤマショウカイ",0
2505,9021001029745,11,1,2026-10-06,2024-07-22,"株式会社ＹＫミート",,301,"神奈川県","小田原市","鴨宮１７２番地１０",,14,206,2500874,,,,,,,2015-10-05,0,,,,,"ワイケイミート",0
2506,9021001029745,12,1,2026-10-06,2026-09-14,"株式会社ＹＫミート",,301,"神奈川県","小田原市","南鴨宮３丁目４６番１２号",,14,206,2500875,,,,,,,2015-10-05,1,,,,,"ワイケイミート",0
2507,9021001037764,21,0,2026-10-06,2026-09-15,"株式会社田中屋",,301,"神奈川県","中郡二宮町","二宮３１３番地",,14,342,2590123,,,2026-09-15,01,,,2015-10-05,1,,,,,,0
2508,9021001078726,12,0,2026-10-06,2026-10-02,"株式会社Ｓｅｌｌｓ　ｕｐ",,301,"神奈川県","横浜市西区","浅間町１丁目４番３号ウィザードビル４０２",,14,103,2200072,,,,,,,2023-04-19,1,,,,,"セルスアップ",0
2509,9021001089310,01,0,2026-10-06,2026-10-06,"株式会社Ａｇａｉｎ",,301,"神奈川県","相模原市中央区","東淵野辺３丁目２３番６－２号",,14,152,2520203,,,,,,,2026-10-06,1,,,,,"アゲイン",0
2510,9021003017979,01,0,2026-10-06,2026-10-06,"合同会社ｉｋｏｍｉｋｉ",,305,"神奈川県","厚木市","泉町１２番７ー１００４号",,14,212,2430013,,,,,,,2026-10-06,1,,,,,"イコミキ",0
2511,9021005013695,01,0,2026-10-06,2026-10-06,"一般社団法人まなとも社中",,399,"神奈川県","足柄下郡真鶴町","真鶴４３３番地１",,14,383,2590201,,,,,,,2026-10-06,1,,,,,"マナトモシャチュウ",0
2512,9030001075369,01,1,2026-10-06,2015-10-05,"株式会社シバデン",,301,"埼玉県","川口市","大字前野宿２８７番地の３",,11,203,3340065,,,,,,,2015-10-05,1,,,,,"シバデン",0
2513,9030001083396,12,0,2026-10-06,2026-09-16,"株式会社まんまるｅねっと",,301,"埼玉県","さいたま市浦和区","高砂１丁目１４番７号",,11,107,3300063,,,,,,,2015-10-05,1,,,,,"マンマルイーネット",0
2514,9030001162340,12,0,2026-10-06,2026-09-17,"株式会社ケイナス",,301,"埼玉県","さいたま市北区","大成町４丁目４２１－２－１０１",,11,102,3310815,,,,,,,2024-09-09,1,,,,,"ケイナス",0
2515,9030001166548,21,0,2026-10-06,2026-09-17,"Ｙ．ＲＡＫＢＩＥ　ＪＡＰＡＮ株式会社",,301,"埼玉県","草加市","瀬崎３丁目２０番５号カルム谷塚６０２",,11,221,3400022,,,2026-09-17,01,,,2025-05-15,1,,,,,"ワイドットラックビージャパン",0
2516,9030001168478,12,0,2026-10-06,2026-09-16,"株式会社鷹光ホールディングス",,301,"埼玉県","さいたま市岩槻区","美園東１丁目２９番地１８",,11,110,3390028,,,,,,,2025-09-09,1,,,,,"タカミツホールディングス",0
2517,9030001174575,01,0,2026-10-06,2026-10-06,"株式会社ＨｕｂＦｒａｍｅ",,301,"埼玉県","越谷市","赤山町１丁目２６７―９",,11,222,3430807,,,,,,,2026-10-06,1,,,,,"ハブフレーム",0
2518,9030002034159,21,0,2026-10-06,2026-09-14,"有限会社長崎精機",,302,"埼玉県","狭山市","入間川３１４３番地の３１",,11,215,3501305,,,2026-09-14,01,,,2015-10-05,1,,,,,"ナガサキセイキ",0
2519,9030002060972,01,1,2026-10-06,2015-10-05,"栗原興産有限会社",,302,"埼玉県","新座市","栗原１丁目４番１８号",,11,230,3520035,,,,,,,2015-10-05,1,,,,,"クリハラコウサン",0
2520,9030003017212,11,0,2026-10-06,2026-09-28,"合同会社僕らの進む道",,305,"埼玉県","新座市","東北２丁目３９番１０号ドゥーセット弐番館６階",,11,230,3520001,,,,,,,2021-05-10,1,,,,,"ボクラノススムミチ",0
2521,9030003030108,01,0,2026-10-06,2026-10-06,"ＢＥＬＶ合同会社",,305,"埼玉県","飯能市","美杉台２丁目９番地７",,11,209,3570041,,,,,,,2026-10-06,1,,,,,"ベルヴ",0
2522,9030005012640,12,0,2026-10-06,2026-09-28,"特定非営利活動法人秋田游四季人",,399,"秋田県","大仙市","大曲日の出町１丁目２８番１７号",,05,212,0140063,,,,,,,2015-10-05,0,,,,,"アキタユウシキジン",0
2523,9030005012640,11,0,2026-10-06,2026-09-28,"特定非営利活動法人わらしべ",,399,"秋田県","大仙市","大曲日の出町１丁目２８番１７号",,05,212,0140063,,,,,,,2015-10-05,1,,,,,"ワラシベ",0
2524,9030005021484,01,1,2026-10-06,2023-11-28,"一般社団法人Ａｓｉａ　Ｗｅｂ３　Ａｌｌｉａｎｃｅ日本",,399,"埼玉県","春日部市","緑町１丁目５番１１－３号",,11,214,3440063,,,,,,,2023-11-28,0,,,,,"アジアウエブスリーアライアンスニホン",0
2525,9030005021484,12,1,2026-10-06,2026-03-27,"一般社団法人Ａｓｉａ　Ｗｅｂ３　Ａｌｌｉａｎｃｅ日本",,399,"東京都","中央区","日本橋室町１丁目２番６号日本橋大栄ビル７階",,13,102,1030022,,,,,,,2023-11-28,1,,,,,"アジアウエブスリーアライアンスニホン",0
2526,9040001012313,12,0,2026-10-06,2026-10-02,"株式会社福場",,301,"東京都","江戸川区","南篠崎町１丁目２０番１５－５０４号",,13,123,1330065,,,,,,,2015-10-05,1,,,,,"フクバ",0
2527,9040001080616,21,0,2026-10-06,2026-09-09,"株式会社エステナージュ",,301,"千葉県","松戸市","常盤平５丁目４番地の７",,12,207,2702261,,,2026-09-09,01,,,2015-10-05,1,,,,,"エステナージュ",0
2528,9040001100167,12,0,2026-10-06,2026-09-10,"株式会社４２８企画",,301,"千葉県","千葉市中央区","星久喜町１９９番地９",,12,101,2600808,,,,,,,2017-05-17,1,,,,,"ヨツバキカク",0
2529,9040005003267,12,0,2026-10-06,2026-08-12,"特定非営利活動法人世界のともだち",,399,"千葉県","船橋市","飯山満町３丁目１７２１番地２２",,12,204,2740822,,,,,,,2015-10-05,1,,,,,"セカイノトモダチ",0
2530,9050001004400,21,0,2026-10-06,2026-09-24,"株式会社茨城まいにち",00021897,301,"茨城県","笠間市","鯉淵６２７３番地５１",,08,216,3091703,,,2026-09-24,01,,,2015-10-05,1,,,,,"イバラキマイニチ",0
2531,9050001009886,12,0,2026-10-06,2026-09-28,"株式会社ワード土浦",,301,"茨城県","土浦市","真鍋５丁目１５番１２号",,08,203,3000051,,,,,,,2015-10-05,1,,,,,"ワードツチウラ",0
2532,9050001058958,01,0,2026-10-06,2026-10-06,"株式会社ＡｔｏＺ",,301,"茨城県","つくば市","春風台４０―７",,08,220,3050007,,,,,,,2026-10-06,1,,,,,"エートゥージー",0
2533,9050001059007,01,0,2026-10-06,2026-10-06,"株式会社隼商事",,301,"茨城県","守谷市","野木崎３４１番地４",,08,224,3020117,,,,,,,2026-10-06,1,,,,,"ハヤブサショウジ",0
2534,9050002012740,01,1,2026-10-06,2015-10-05,"有限会社アミカブルサービス",,302,"茨城県","稲敷郡阿見町","大字島津１５８０番地",,08,443,3000311,,,,,,,2015-10-05,1,,,,,,0
2535,9060001036112,12,0,2026-10-06,2026-09-30,"株式会社竹内架設",,301,"栃木県","宇都宮市","細谷町６１８番地２２",,09,201,3200074,,,,,,,2023-06-28,1,,,,,"タケウチカセツ",0
2536,9060001039668,01,0,2026-10-06,2026-10-06,"株式会社みやせいみつｃｈ．",,301,"栃木県","宇都宮市","徳次郎町３１３番地２３",,09,201,3212116,,,,,,,2026-10-06,1,,,,,"ミヤセイミツチャンネル",0
2537,9080001002913,01,1,2026-10-06,2015-10-05,"株式会社フレーベル静岡",,301,"静岡県","静岡市駿河区","大坪町４番３９号",,22,102,4228075,,,,,,,2015-10-05,1,,,,,"フレーベルシズオカ",0
2538,9080001017721,11,0,2026-10-06,2026-10-01,"株式会社ＫＯＥＩインフラテック",,301,"静岡県","静岡市清水区","八坂町４８１番地の１",,22,103,4240022,,,,,,,2015-10-05,1,,,,,"コウエイインフラテック",0
2539,9080001027852,01,0,2026-10-06,2026-10-06,"山口リアルエステート株式会社",,301,"静岡県","静岡市葵区","緑町２番３４号",,22,101,4200844,,,,,,,2026-10-06,1,,,,,"ヤマグチリアルエステート",0
2540,9080002014065,01,1,2026-10-06,2015-10-05,"有限会社北川商会",,302,"静岡県","島田市","横岡新田２２７番地の８",,22,209,4280005,,,,,,,2015-10-05,1,,,,,"キタガワショウカイ",0
2541,9080101026523,01,0,2026-10-06,2026-10-06,"株式会社Ｓａｌｕｔ",,301,"静岡県","御殿場市","萩原６１２番地の１童橋ハイツ２Ｄ",,22,215,4120042,,,,,,,2026-10-06,1,,,,,"サリュ",0
2542,9080401003049,21,0,2026-10-06,2026-10-01,"株式会社高橋鉄工所",,301,"静岡県","浜松市中央区","四本松町２６番地",,22,138,4300826,,,2026-10-01,01,,,2015-10-05,1,,,,,"タカハシテッコウショ",0
2543,9090001020105,01,0,2026-10-06,2026-10-06,"全創株式会社",,301,"山梨県","大月市","賑岡町ゆりケ丘１２番地８",,19,206,4010003,,,,,,,2026-10-06,1,,,,,"ゼンソウ",0
2544,9090001020113,01,0,2026-10-06,2026-10-06,"株式会社ＫＢＬ",,301,"山梨県","甲府市","住吉５丁目１６－２８ラルゴ住吉１０１",,19,201,4000851,,,,,,,2026-10-06,1,,,,,"ケービーエル",0
2545,9090003003132,01,0,2026-10-06,2026-10-06,"合同会社ＴＨＥ　Ｄｏ‐ｃ　ｉｎｃ．",,305,"山梨県","南都留郡道志村","久保２７７９",,19,422,4020203,,,,,,,2026-10-06,1,,,,,"ザドゥーシーインク",0
2546,9100001013841,12,0,2026-10-06,2026-10-01,"日産プリンス松本販売株式会社",,301,"長野県","松本市","高宮北３番６号",,20,202,3900836,,,,,,,2015-10-05,0,,,,,"ニッサンプリンスマツモトハンバイ",0
2547,9100001013841,11,0,2026-10-06,2026-10-01,"ＭＮアセットマネジメント株式会社",,301,"長野県","松本市","高宮北３番６号",,20,202,3900836,,,,,,,2015-10-05,1,,,,,"エムエヌアセットマネジメント",0
2548,9110001039423,12,0,2026-10-06,2026-09-30,"株式会社ＦｒｅｅＴｒａｃｅ",,301,"神奈川県","藤沢市","片瀬山３丁目２４－１１－２",,14,205,2510033,,,,,,,2025-07-22,1,,,,,"フリートレース",0
2549,9120001016917,01,1,2026-10-06,2015-10-05,"株式会社上野欽商店",,301,"大阪府","大阪市生野区","勝山北２丁目４番１９号",,27,116,5440033,,,,,,,2015-10-05,1,,,,,"ウエノキンショウテン",0
2550,9120001029670,12,0,2026-10-06,2026-10-01,"光熔材株式会社",,301,"大阪府","大阪市港区","波除５丁目３番１７号",,27,107,5520001,,,,,,,2015-10-05,1,,,,,"ヒカリヨウザイ",0
2551,9120001162851,11,0,2026-10-06,2026-10-01,"株式会社アシバル",,301,"大阪府","大阪市中央区","南本町２丁目２番３号",,27,128,5410054,,,,,,,2015-10-05,1,,,,,"アシバル",0
2552,9120001199316,12,0,2026-10-06,2026-09-30,"株式会社Ｍ－ｐｒｏｕｄ",,301,"大阪府","大阪市城東区","鴫野東３丁目３番５号",,27,118,5360013,,,,,,,2016-07-08,1,,,,,"エムプラウド",0
2553,9120001199860,12,0,2026-10-06,2026-10-02,"株式会社インターナショナル上汐",,301,"大阪府","大阪市天王寺区","生玉前町１番１３号",,27,109,5430072,,,,,,,2016-08-03,1,,,,,,0
2554,9120001200033,01,1,2026-10-06,2016-08-10,"株式会社ｕｎ　ｏｎｚｅ",,301,"大阪府","大阪市中央区","西心斎橋１丁目１番１１号心斎橋西ビル４０１号室",,27,128,5420086,,,,,,,2016-08-10,1,,,,,"アンオンズ",0
2555,9120001219189,01,1,2026-10-06,2019-02-28,"株式会社ＱＬＳホールディングス",,301,"大阪府","大阪市阿倍野区","松崎町２丁目５番２４号",,27,119,5450053,,,,,,,2019-02-28,0,,,,,"キュウエルエスホールディングス",0
2556,9120001219189,12,1,2026-10-06,2020-05-12,"株式会社ＱＬＳホールディングス",,301,"大阪府","大阪市浪速区","難波中１丁目１２番５号",,27,111,5560011,,,,,,,2019-02-28,1,,,,,"キュウエルエスホールディングス",0
2557,9120001230856,12,0,2026-10-06,2026-09-30,"株式会社ミライフ",,301,"大阪府","大阪市淀川区","西中島５丁目１３番１２号谷ビル６階",,27,123,5320011,,,,,,,2020-08-07,1,,,,,"ミライフ",0
2558,9120001241688,12,0,2026-10-06,2026-09-30,"株式会社ビラクス",,301,"大阪府","大阪市城東区","鴫野西４丁目１－３３",,27,118,5360014,,,,,,,2021-11-11,1,,,,,"ビラクス",0
2559,9120001264730,12,0,2026-10-06,2026-10-02,"株式会社ダイレクト",,301,"大阪府","大阪市住吉区","東粉浜１丁目１３番２号",,27,120,5580051,,,,,,,2024-05-13,1,,,,,"ダイレクト",0
2560,9120001273145,12,0,2026-10-06,2026-09-16,"株式会社Ｋｕｍａｌｙ",,301,"大阪府","大阪市中央区","本町２丁目３番４号４階",,27,128,5410053,,,,,,,2025-02-26,1,,,,,"クマリ",0
2561,9120001281288,12,0,2026-10-06,2026-09-25,"大阪ニュートン株式会社",,301,"大阪府","大阪市淀川区","西宮原２丁目６番１６号新大阪コーポビアネーズ１１１５号室",,27,123,5320004,,,,,,,2025-10-22,1,,,,,"オオサカニュートン",0
2562,9120001288936,01,0,2026-10-06,2026-10-06,"株式会社ライフサポート",,301,"大阪府","大阪市北区","西天満４丁目１番２０号",,27,127,5300047,,,,,,,2026-10-06,1,,,,,"ライフサポート",0
2563,9120001289422,01,0,2026-10-06,2026-10-06,"株式会社ＪＵＲＩＳＥ",,301,"大阪府","大阪市阿倍野区","阪南町３丁目１９－１",,27,119,5450021,,,,,,,2026-10-06,1,,,,,"ジュライズ",0
2564,9120001289430,01,0,2026-10-06,2026-10-06,"株式会社ＴＡＧ",,301,"大阪府","大阪市北区","堂島１丁目１番２０号１階",,27,127,5300003,,,,,,,2026-10-06,1,,,,,"タッグ",0
2565,9120001289471,01,0,2026-10-06,2026-10-06,"株式会社ＲＡＹＳ",,301,"大阪府","大阪市中央区","久太郎町２丁目５番１０池田ビル３号館３０２号室",,27,128,5410056,,,,,,,2026-10-06,1,,,,,"レイズ",0
2566,9120001289496,01,0,2026-10-06,2026-10-06,"株式会社Ｂｅｎｃｈ",,301,"大阪府","枚方市","牧野下島町３番１７－４０２号",,27,210,5731142,,,,,,,2026-10-06,1,,,,,"ベンチ",0
2567,9120001289505,01,0,2026-10-06,2026-10-06,"株式会社スタートイング",,301,"大阪府","大阪市北区","天満１丁目６番８号",,27,127,5300043,,,,,,,2026-10-06,1,,,,,"スタートイング",0
2568,9120001289513,01,0,2026-10-06,2026-10-06,"株式会社ＳＯＭＡ",,301,"大阪府","大阪市中央区","安土町２丁目４番１１－４１０２号",,27,128,5410052,,,,,,,2026-10-06,1,,,,,"ソウマ",0
2569,9120001289554,01,0,2026-10-06,2026-10-06,"パイオニアプラン株式会社",,301,"大阪府","大阪市浪速区","難波中１丁目１２番５号",,27,111,5560011,,,,,,,2026-10-06,1,,,,,"パイオニアプラン",0
2570,9120001289562,01,0,2026-10-06,2026-10-06,"株式会社Ｎ・Ｙ・Ｍインベスト",,301,"大阪府","大阪市東住吉区","針中野４丁目８番７号",,27,121,5460011,,,,,,,2026-10-06,1,,,,,"エヌワイエムインベスト",0
2571,9120001289612,01,0,2026-10-06,2026-10-06,"株式会社にじいろえがお",,301,"大阪府","枚方市","長尾元町７丁目２１番６号共栄ハイツ第５・１０６号室",,27,210,5730163,,,,,,,2026-10-06,1,,,,,"ニジイロエガオ",0
2572,9120001289653,01,0,2026-10-06,2026-10-06,"株式会社Ａｒｃｈｉｗｅｌｌ",,301,"大阪府","寝屋川市","東神田町３５‐１５",,27,215,5720045,,,,,,,2026-10-06,1,,,,,"アーキウェル",0
2573,9120002013616,01,1,2026-10-06,2015-10-05,"福江商事有限会社",,302,"大阪府","大阪市天王寺区","上汐６丁目１番２０号",,27,109,5430002,,,,,,,2015-10-05,1,,,,,"フクコウショウジ",0
2574,9120002024902,01,1,2026-10-06,2015-10-05,"有限会社クレイ",,302,"大阪府","大阪市東淀川区","東淡路４丁目３３番１９号",,27,114,5330023,,,,,,,2015-10-05,1,,,,,"クレイ",0
2575,9120002036410,01,1,2026-10-06,2015-10-05,"有限会社新都産業",,302,"大阪府","大阪市中央区","農人橋２丁目１番２４－９０２号",,27,128,5400011,,,,,,,2015-10-05,1,,,,,"シントサンギョウ",0
2576,9120003033605,01,0,2026-10-06,2026-10-06,"合同会社ＳｋｙＢｌｕｅ８８",,305,"大阪府","大阪市住之江区","粉浜西１丁目４番３－１０１６号",,27,125,5590007,,,,,,,2026-10-06,1,,,,,"スカイブルーハチハチ",0
2577,9120003033613,01,0,2026-10-06,2026-10-06,"合同会社Ｕｌｕ",,305,"大阪府","大阪市北区","梅田１丁目２番２号大阪駅前第２ビル１２－１２",,27,127,5300001,,,,,,,2026-10-06,1,,,,,"ウル",0
2578,9120003033638,01,0,2026-10-06,2026-10-06,"合同会社ＭＫサービス",,305,"大阪府","守口市","金田町１丁目３７番２４号",,27,209,5700011,,,,,,,2026-10-06,1,,,,,"エムケーサービス",0
2579,9120005025798,01,0,2026-10-06,2026-10-06,"一般社団法人ハートフル",,399,"大阪府","大阪市東住吉区","杭全３丁目７番１０号",,27,121,5460002,,,,,,,2026-10-06,1,,,,,"ハートフル",0
2580,9120101053496,01,1,2026-10-06,2015-10-05,"株式会社サクラ保険サービス",,301,"大阪府","岸和田市","岸城町２３番３７号",,27,202,5960073,,,,,,,2015-10-05,1,,,,,"サクラホケンサービス",0
2581,9120101074476,01,0,2026-10-06,2026-10-06,"株式会社蒼龍",,301,"大阪府","富田林市","西板持町８丁目１番３７号",,27,214,5840048,,,,,,,2026-10-06,1,,,,,"ソウリュウ",0
2582,9120103007368,01,0,2026-10-06,2026-10-06,"合同会社Ｓｏｌｅｉｌ",,305,"大阪府","羽曳野市","島泉９丁目９番９号",,27,222,5830881,,,,,,,2026-10-06,1,,,,,"ソレイユ",0
2583,9120901002776,01,1,2026-10-06,2015-10-05,"株式会社不動産アシスト",,301,"大阪府","摂津市","鶴野４丁目３番２６号摂津マンション２０１号",,27,224,5660035,,,,,,,2015-10-05,0,,,,,"フドウサンアシスト",0
2584,9120901002776,12,1,2026-10-06,2017-06-05,"株式会社不動産アシスト",,301,"大阪府","茨木市","大手町８番１７号",,27,211,5670883,,,,,,,2015-10-05,1,,,,,"フドウサンアシスト",0
2585,9120901027518,01,1,2026-10-06,2015-10-05,"株式会社油や",,301,"大阪府","豊中市","緑丘３丁目１６番９号",,27,203,5600002,,,,,,,2015-10-05,1,,,,,"アブラヤ",0
2586,9120901053290,01,0,2026-10-06,2026-10-06,"株式会社Ｌ‐ｃｏｎｓｕｌｔｉｎｇ",,301,"大阪府","茨木市","彩都あさぎ５丁目１６番６号",,27,211,5670085,,,,,,,2026-10-06,1,,,,,"エルコンサルティング",0
2587,9120903005348,21,0,2026-10-06,2026-10-05,"合同会社ライフイノベーション",,305,"大阪府","吹田市","豊津町２７番１５号（２０２）",,27,205,5640051,,,2026-10-05,01,,,2024-09-20,1,,,,,"ライフイノベーション",0
2588,9122002009809,12,0,2026-10-06,2026-10-01,"有限会社ナチュラル・ビズ",,302,"大阪府","八尾市","東山本町６丁目５番７号",,27,212,5810847,,,,,,,2015-10-05,1,,,,,"ナチュラルビズ",0
2589,9130001031345,11,0,2026-10-06,2026-10-02,"株式会社ＮＥＯＸＩＳ",,301,"京都府","京都市南区","西九条蔵王町６２番地",,26,107,6018414,,,,,,,2015-10-05,1,,,,,"ネオシス",0
2590,9130001055575,12,0,2026-10-06,2026-10-02,"株式会社キトダ工務",,301,"京都府","京都市南区","久世築山町２１３番２",,26,107,6018203,,,,,,,2015-10-05,1,,,,,"キトダコウム",0
2591,9130001070830,01,1,2026-10-06,2022-01-07,"株式会社ｔｕｔｏｒ",,301,"京都府","京都市下京区","諏訪町通鍵屋町上る鍵屋町３３４番地３",,26,106,6008178,,,,,,,2022-01-07,0,,,,,,0
2592,9130001070830,12,1,2026-10-06,2023-03-06,"株式会社ｔｕｔｏｒ",,301,"京都府","京都市中京区","柳水町８４番地三洋六角ビル２０４",,26,104,6048242,,,,,,,2022-01-07,0,,,,,,0
2593,9130001070830,12,1,2026-10-06,2024-12-23,"株式会社ｔｕｔｏｒ",,301,"京都府","京都市下京区","西洞院通六条下る東側町５１３番地",,26,106,6008324,,,,,,,2022-01-07,1,,,,,,0
2594,9130001077958,12,0,2026-10-06,2026-10-01,"株式会社Ｅｎｅｒｇｙ　Ｔｉｇａ",,301,"東京都","港区","港南２丁目１６番２号太陽生命品川ビル２８階",,13,103,1080075,,,,,,,2024-09-18,1,,,,,"エナジーティガ",0
2595,9130001083196,01,0,2026-10-06,2026-10-06,"ＡＩＳＯＬＶＥ株式会社",,301,"京都府","京都市下京区","大黒町２２７番地第２キョートビル４０２",,26,106,6008043,,,,,,,2026-10-06,1,,,,,"エーアイソルヴ",0
2596,9140001070862,12,0,2026-10-06,2026-09-29,"フルノライフベスト株式会社",,301,"兵庫県","西宮市","上甲子園５丁目５番１７号",,28,204,6638114,,,,,,,2015-10-05,1,,,,,"フルノライフベスト",0
2597,9140001129832,12,0,2026-10-06,2026-09-28,"株式会社Ｏ・Ｈ・Ｅサービス",,301,"兵庫県","伊丹市","西台１丁目１番１号伊丹阪急ビル５Ｆ",,28,207,6640858,,,,,,,2023-04-17,1,,,,,"オーエイチイーサービス",0
2598,9140003008745,01,1,2026-10-06,2015-10-05,"フジアセット合同会社",,305,"兵庫県","神戸市垂水区","五色山１丁目５番９号",,28,108,6550035,,,,,,,2015-10-05,1,,,,,"フジアセット",0
2599,9150003004041,01,0,2026-10-06,2026-10-06,"合同会社ＸＹＺ",,305,"奈良県","橿原市","久米町６３４番地の１プレサンスロジェ橿原神宮前５０２",,29,205,6340063,,,,,,,2026-10-06,1,,,,,"エックスワイゼット",0
2600,9150005000559,12,0,2026-10-06,2026-10-01,"医療法人啓仁会",,399,"東京都","足立区","綾瀬１丁目３３番２１号ＨＣビル２Ａ",,13,121,1200005,,,,,,,2015-10-05,1,,,,,"ケイジンカイ",0
2601,9160001013159,21,0,2026-10-06,2026-09-30,"株式会社パナソニックマーケティングスクール",,301,"滋賀県","草津市","野路東２丁目１２番１号",,25,206,5250058,,,2026-09-30,01,,,2015-10-05,1,,,,,"パナソニックマーケティングスクール",0
2602,9160001024230,01,1,2026-10-06,2022-05-31,"ＩＥＧ株式会社",,301,"滋賀県","守山市","浮気町３５８番地３",,25,207,5240033,,,,,,,2022-05-31,1,,,,,,0
2603,9160002004875,01,1,2026-10-06,2015-10-05,"有限会社リーズ",,302,"滋賀県","大津市","御陵町５番９号",,25,201,5200037,,,,,,,2015-10-05,1,,,,,"リーズ",0
2604,9160003003926,01,0,2026-10-06,2026-10-06,"合同会社明け色の陽射し",,305,"滋賀県","大津市","大江３丁目８番４号",,25,201,5202141,,,,,,,2026-10-06,1,,,,,"アケイロノヒザシ",0
2605,9160005006860,12,0,2026-10-06,2026-10-02,"滋賀県グローバルネット事業協同組合",,399,"滋賀県","近江八幡市","鷹飼町４５６番１０号ＭＫＫマンション１０３号室",,25,204,5230891,,,,,,,2015-10-05,1,,,,,"シガケングローバルネット",0
2606,9170001019279,01,0,2026-10-06,2026-10-06,"Ｅｎｆｌｏｏｍ株式会社",,301,"和歌山県","和歌山市","雑賀町６０番地１",,30,201,6408108,,,,,,,2026-10-06,1,,,,,"エンフルーム",0
2607,9180001047171,01,1,2026-10-06,2015-10-05,"株式会社スレンダー",,301,"愛知県","名古屋市中区","栄３丁目３３番３０号",,23,106,4600008,,,,,,,2015-10-05,0,,,,,"スレンダー",0
2608,9180001047171,21,1,2026-10-06,2017-03-27,"株式会社スレンダー",,301,"愛知県","名古屋市中区","栄３丁目３３番３０号",,23,106,4600008,,,2017-03-27,01,,,2015-10-05,0,,,,,"スレンダー",0
2609,9180001047171,22,1,2026-10-06,2026-09-08,"株式会社スレンダー",,301,"愛知県","名古屋市中区","栄３丁目３３番３０号",,23,106,4600008,,,,,,,2015-10-05,1,,,,,"スレンダー",0
2610,9180001077326,01,1,2026-10-06,2015-10-05,"株式会社パティシエラボテツヤ",,301,"愛知県","春日井市","旭町４丁目２７番地",,23,206,4860929,,,,,,,2015-10-05,1,,,,,"パティシエラボテツヤ",0
2611,9180001093835,01,1,2026-10-06,2015-10-05,"日多加ファインモールド株式会社",,301,"愛知県","大府市","横根町午池３番地",,23,223,4740011,,,,,,,2015-10-05,1,,,,,"ヒダカファインモールド",0
2612,9180001152343,12,0,2026-10-06,2026-10-01,"株式会社ディーツーエックスアソシエイツ",,301,"愛知県","名古屋市中区","栄３丁目１５番３３号栄ガスビル１３階",,23,106,4600008,,,,,,,2022-08-16,1,,,,,"ディーツーエックスアソシエイツ",0
2613,9180001158407,12,0,2026-10-06,2026-09-30,"漢成株式会社",,301,"愛知県","名古屋市中区","栄４丁目２１番９号シティハイツ栄２０１",,23,106,4600008,,,,,,,2023-10-13,1,,,,,"カンセイ",0
2614,9180001173686,01,0,2026-10-06,2026-10-06,"株式会社ＮＥＸＩＡ",,301,"愛知県","名古屋市昭和区","荒田町４丁目３番地キャッスルニューコート石川橋１０１号",,23,107,4660844,,,,,,,2026-10-06,1,,,,,"ネクシア",0
2615,9180001173703,01,0,2026-10-06,2026-10-06,"株式会社ＧＥＮＣＲＡＦＴ",,301,"愛知県","名古屋市中川区","大畑町１丁目１５番地の１カーサ・ラ・ピラ５０１号",,23,110,4540843,,,,,,,2026-10-06,1,,,,,"ゲンクラフト",0
2616,9180001173793,01,0,2026-10-06,2026-10-06,"ＴＳＵＮＡＧＵホールディングス株式会社",,301,"愛知県","名古屋市中区","栄２丁目５番１７号",,23,106,4600008,,,,,,,2026-10-06,1,,,,,"ツナグホールディングス",0
2617,9180002082721,01,1,2026-10-06,2015-10-05,"有限会社ＳＬＯＷ",,302,"愛知県","江南市","宮後町王塚２０３番地",,23,217,4838044,,,,,,,2015-10-05,1,,,,,"スロウ",0
2618,9180003028285,12,0,2026-10-06,2026-10-05,"合同会社しずくＡｉ",,305,"愛知県","名古屋市名東区","藤里町１５０１番地の１プレミスト藤が丘パークフェイス８０４号",,23,115,4650036,,,,,,,2025-04-10,1,,,,,"シズクエーアイ",0
2619,9180302002940,01,1,2026-10-06,2015-10-05,"有限会社三崎経営研究所",,302,"愛知県","岡崎市","赤渋町字千反原３７番地５",,23,202,4440241,,,,,,,2015-10-05,1,,,,,"ミサキケイエイケンキュウショ",0
2620,9180302025842,21,0,2026-10-06,2026-10-02,"有限会社武真内装",,302,"愛知県","豊田市","四郷町西山２７番地２",,23,211,4700373,,,2026-10-02,01,,,2015-10-05,1,,,,,,0
2621,9190001033476,01,0,2026-10-06,2026-10-06,"株式会社ＡｓＬｉｎｋ",,301,"三重県","津市","久居東鷹跡町１８３番地１４",,24,201,5141136,,,,,,,2026-10-06,1,,,,,"アスリンク",0
2622,9200001013014,12,0,2026-10-06,2026-10-01,"株式会社アーバンサポート",,301,"岐阜県","大垣市","荒川町２５８番地３",,21,202,5030993,,,,,,,2015-10-05,1,,,,,"アーバンサポート",0
2623,9200001036931,01,1,2026-10-06,2019-12-04,"馬渕造園株式会社",,301,"岐阜県","安八郡輪之内町","福束新田８７４番地",,21,382,5030211,,,,,,,2019-12-04,1,,,,,,0
2624,9200002023061,01,1,2026-10-06,2015-10-05,"有限会社田口業務店",,302,"岐阜県","多治見市","虎渓山町５丁目３０番地の８",,21,204,5070014,,,,,,,2015-10-05,1,,,,,"タグチギョウムテン",0
2625,9210001012279,21,0,2026-10-06,2026-09-29,"株式会社坂川組",,301,"福井県","南条郡南越前町","脇本第１６号５番地の９",,18,404,9190227,,,2026-09-29,01,,,2015-10-05,1,,,,,"サカガワグミ",0
2626,9210001013319,01,1,2026-10-06,2015-10-05,"株式会社蓑輪産業",,301,"福井県","鯖江市","別司町第４６号１番地",,18,207,9161225,,,,,,,2015-10-05,1,,,,,"ミノワサンギョウ",0
2627,9210001020752,01,0,2026-10-06,2026-10-06,"株式会社フェルク",,301,"福井県","敦賀市","野坂５１号３番地の７",,18,202,9140145,,,,,,,2026-10-06,1,,,,,"フェルク",0
2628,9210001020760,01,0,2026-10-06,2026-10-06,"株式会社ＨＴパートナーズ",,301,"福井県","福井市","中央２丁目２番１２号ビブレ中央５０６号室",,18,201,9100006,,,,,,,2026-10-06,1,,,,,"エイチティーパートナーズ",0
2629,9210005010279,01,0,2026-10-06,2026-10-06,"一般社団法人美方高校漕艇部保護者会",,399,"福井県","三方上中郡若狭町","気山第１１４号１番地の１",,18,501,9191301,,,,,,,2026-10-06,1,,,,,"ミカタコウコウソウテイブホゴシャカイ",0
2630,9220001027607,01,0,2026-10-06,2026-10-06,"株式会社ホットスタッフ白山",,301,"石川県","白山市","五歩市町３６３番地１",,17,210,9240014,,,,,,,2026-10-06,1,,,,,"ホットスタッフハクサン",0
2631,9230001019958,11,0,2026-10-06,2026-09-29,"株式会社ｌｏｇ",,301,"富山県","富山市","綾田町１丁目３４番５号",,16,201,9300845,,,,,,,2023-08-09,1,,,,,"ログ",0
2632,9230001020817,71,0,2026-10-06,2026-10-01,"株式会社アジャスタージャパン",,301,"富山県","富山市","田中町２丁目１３番２２号１Ｆ",,16,201,9300985,,,,,,"令和８年１０月１日富山市太田中区１８７番地７株式会社ＧＯＬＤＥＮ　ＡＲＲＯＷＳ（7230001017609）を合併",2025-04-04,1,,,,,"アジャスタージャパン",0
2633,9230001021625,01,0,2026-10-06,2026-10-06,"株式会社アトラス",,301,"富山県","高岡市","福岡町赤丸３０８番地２",,16,202,9390101,,,,,,,2026-10-06,1,,,,,"アトラス",0
2634,9240001014974,21,0,2026-10-06,2026-09-30,"株式会社アイエスネットワーク",,301,"島根県","鹿足郡吉賀町","抜月５５番地６",,32,505,6995525,,,2026-09-30,01,,,2015-10-05,1,,,,,"アイエスネットワーク",0
2635,9240001067139,01,0,2026-10-06,2026-10-06,"株式会社Ｍｕｉ　ｂｌｏｏｍ",,301,"広島県","広島市中区","大手町１丁目１－２０相生橋ビル７階Ａ号室",,34,101,7300051,,,,,,,2026-10-06,1,,,,,"ムイブルーム",0
2636,9250001002904,12,0,2026-10-06,2026-10-01,"株式会社インテリアデコラート",,301,"山口県","山口市","道場門前２丁目３番７号",,35,203,7530047,,,,,,,2015-10-05,1,,,,,"インテリアデコラート",0
2637,9250001005865,21,0,2026-10-06,2026-10-01,"株式会社谷口商工自動車",,301,"山口県","下関市","安岡本町２丁目１１番１号",,35,201,7596611,,,2026-10-01,01,,,2015-10-05,1,,,,,"タニグチショウコウジドウシャ",0
2638,9250001012300,01,1,2026-10-06,2015-10-05,"株式会社吉田工業エンジニアリング",,301,"山口県","岩国市","御庄２丁目１１１－３",,35,208,7410083,,,,,,,2015-10-05,1,,,,,"ヨシダコウギョウエンジニアリング",0
2639,9250002007282,01,1,2026-10-06,2015-10-05,"有限会社マテリアル風船・遊",,302,"山口県","宇部市","明治町１丁目９番１５号",,35,202,7550013,,,,,,,2015-10-05,0,,,,,"マテリアルフウセンユウ",0
2640,9250002007282,12,1,2026-10-06,2026-09-29,"有限会社マテリアル風船・遊",,302,"山口県","宇部市","大字東須恵２９５４番５",,35,202,7590206,,,,,,,2015-10-05,1,,,,,"マテリアルフウセンユウ",0
2641,9260001041653,01,0,2026-10-06,2026-10-06,"株式会社ジーアイカンパニー",,301,"岡山県","岡山市中区","乙多見２３４番地２８",,33,102,7038228,,,,,,,2026-10-06,1,,,,,"ジーアイカンパニー",0
2642,9260001041686,01,0,2026-10-06,2026-10-06,"株式会社大熊エステート",,301,"岡山県","岡山市北区","南方４丁目７－２７",,33,101,7000807,,,,,,,2026-10-06,1,,,,,"オオクマエステート",0
2643,9260003004170,12,0,2026-10-06,2026-09-25,"アルデバラン合同会社",,305,"岡山県","岡山市北区","駅前町１丁目５番１４号３０３号室",,33,101,7000023,,,,,,,2023-01-24,1,,,,,"アルデバラン",0
2644,9280001003957,21,0,2026-10-06,2026-10-01,"株式会社トリイ",,301,"島根県","大田市","長久町長久ロ４２６番地２７",,32,205,6940041,,,2026-10-01,01,,,2015-10-05,1,,,,,"トリイ",0
2645,9280002008352,01,1,2026-10-06,2015-10-05,"有限会社タクト",,302,"島根県","浜田市","港町２９９番地５",,32,202,6970052,,,,,,,2015-10-05,1,,,,,"タクト",0
2646,9280005003210,01,1,2026-10-06,2015-10-05,"日本ナザレン教団久村教会",,399,"島根県","出雲市","多伎町久村２９８番地の１",,32,203,6990901,,,,,,,2015-10-05,0,,,,,,0
2647,9280005003210,21,0,2026-10-06,2026-10-01,"日本ナザレン教団久村教会",,399,"島根県","出雲市","多伎町久村２９８番地の１",,32,203,6990901,,,2026-10-01,01,,,2015-10-05,1,,,,,,0
2648,9290001022444,71,0,2026-10-06,2026-07-01,"株式会社リノベミクニ",,301,"東京都","港区","東新橋２丁目１４番１号",,13,103,1050021,,,,,,"令和８年７月１日東京都渋谷区代々木二丁目１３番４号株式会社Ｍａｍ２５（3011001125591）を合併令和８年７月１日東京都渋谷区代々木二丁目１３番４号株式会社Ｍａｍ２６（3011001126664）を合併令和８年７月１日東京都渋谷区代々木二丁目１３番４号株式会社Ｍａｍ２７（8011001126734）を合併令和８年７月１日東京都渋谷区代々木二丁目１３番４号株式会社Ｍａｍ２８（5011001127850）を合併令和８年７月１日東京都渋谷区代々木二丁目１３番４号株式会社Ｍａｍ２９（1011001128489）を合併令和８年７月１日東京都渋谷区代々木二丁目１３番４号株式会社Ｍａｍ３０（1011001129438）を合併令和８年７月１日東京都渋谷区代々木二丁目１３番４号株式会社Ｍａｍ３１（5011001130185）を合併令和８年７月１日東京都渋谷区代々木二丁目１３番４号株式会社Ｍａｍ３２（1011001130767）を合併令和８年７月１日東京都渋谷区代々木二丁目１３番４号株式会社Ｍａｍ３３（7011001132262）を合併",2015-10-05,1,,,,,"リノベミクニ",0
2649,9290001049479,01,1,2026-10-06,2015-10-05,"株式会社広瀬自動車",,301,"福岡県","久留米市","梅満町５６２番地の８",,40,203,8300048,,,,,,,2015-10-05,1,,,,,"ヒロセジドウシャ",0
2650,9290001052986,21,0,2026-10-06,2026-09-28,"大都商事株式会社",,301,"福岡県","大川市","大字鐘ケ江６８１番地の１",,40,212,8310008,,,2026-09-28,01,,,2015-10-05,1,,,,,"ダイトショウジ",0
2651,9290001060733,71,0,2026-10-06,2026-10-01,"村上ホールディングス株式会社",,301,"福岡県","福岡市中央区","大名２丁目６番５０号",,40,133,8100041,,,,,,"令和８年１０月１日福岡市中央区大名二丁目６番５０号井野屋商事株式会社（3290001006295）を合併",2015-10-05,1,,,,,"ムラカミホールディングス",0
2652,9290001089161,21,0,2026-10-06,2026-10-02,"株式会社３秒",,301,"佐賀県","小城市","小城町松尾４０６４番地１",,41,208,8450004,,,2026-10-02,01,,,2020-06-19,1,,,,,"サンビョウ",0
2653,9290001109299,01,1,2026-10-06,2025-03-19,"株式会社ＫＥＲＡＮ",,301,"福岡県","福岡市博多区","吉塚５丁目１１番１８－３０３号",,40,132,8120041,,,,,,,2025-03-19,1,,,,,"ケラン",0
2654,9290001115677,01,0,2026-10-06,2026-10-06,"株式会社プライムロジ",,301,"福岡県","太宰府市","大字北谷９５２番地",,40,221,8180114,,,,,,,2026-10-06,1,,,,,"プライムロジ",0
2655,9290001115685,01,0,2026-10-06,2026-10-06,"株式会社ＶＥＮＴＥＣ",,301,"福岡県","糟屋郡須惠町","大字植木１８５番地５４",,40,344,8112112,,,,,,,2026-10-06,1,,,,,"ベンテック",0
2656,9290001115702,01,0,2026-10-06,2026-10-06,"ＮＯＩＲＩＳ株式会社",,301,"福岡県","福岡市中央区","小笹３丁目１８番２４号",,40,133,8100033,,,,,,,2026-10-06,1,,,,,"ノアリス",0
2657,9290002035544,01,1,2026-10-06,2015-10-05,"有限会社吉武造園",,302,"福岡県","宗像市","上八１４１９番地",,40,220,8113513,,,,,,,2015-10-05,1,,,,,"ヨシタケゾウエン",0
2658,9290003015875,12,0,2026-10-06,2026-10-02,"アルファ合同会社",,305,"佐賀県","三養基郡みやき町","大字寄人１２５８番地２",,41,346,8401105,,,,,,,2024-10-04,1,,,,,"アルファ",0
2659,9290003018960,01,0,2026-10-06,2026-10-06,"ＴＨＥ　ＡＢＵＮＤＡＮＣＥ合同会社",,305,"福岡県","福岡市中央区","天神３丁目１０番２５－６０３号",,40,133,8100001,,,,,,,2026-10-06,1,,,,,"ジアバンダンス",0
2660,9290003018977,01,0,2026-10-06,2026-10-06,"尾崎文政合同会社",,305,"福岡県","福岡市中央区","渡辺通３丁目７－１６－２０２号シュトラールＩ",00145161,40,133,8100004,,,,,,,2026-10-06,1,,,,,"オザキフミマサ",0
2661,9290003018985,01,0,2026-10-06,2026-10-06,"合同会社ＴＲＥＯ",,305,"福岡県","福岡市中央区","天神２丁目２番１２号Ｔ＆Ｊビルディング７Ｆ",,40,133,8100001,,,,,,,2026-10-06,1,,,,,"トレオ",0
2662,9300003002517,01,0,2026-10-06,2026-10-06,"合同会社ＪＥＷＥＲＬＹＳ",,305,"佐賀県","嬉野市","嬉野町大字下宿甲４７２１番地２０",,41,209,8430301,,,,,,,2026-10-06,1,,,,,"ジュエリーズ",0
2663,9310002006187,01,1,2026-10-06,2015-10-05,"有限会社和高技研",00095942,302,"長崎県","長崎市","昭和３丁目３２４番４",,42,201,8528145,,,,,,,2015-10-05,1,,,,,"ワコウギケン",0
2664,9310003005320,01,0,2026-10-06,2026-10-06,"合同会社Ｏｎｏ　Ｗｅｂ　Ｓｏｌｕｔｉｏｎｓ",,305,"長崎県","南松浦郡新上五島町","浦桑郷１３３６",,42,411,8574511,,,,,,,2026-10-06,1,,,,,"オノウェブソリューションズ",0
2665,9320001021946,01,0,2026-10-06,2026-10-06,"株式会社高大工業",,301,"大分県","大分市","政所２丁目１４番１２号",,44,201,8700268,,,,,,,2026-10-06,1,,,,,"コウダイコウギョウ",0
2666,9320001021954,01,0,2026-10-06,2026-10-06,"株式会社ＯＥＳ　Ｅｄｕｃａｔｉｏｎ",,301,"大分県","大分市","高松１丁目７番８号サンメゾン高城１０２",,44,201,8700917,,,,,,,2026-10-06,1,,,,,"オーイーエスエデュケイション",0
2667,9320002018041,12,0,2026-10-06,2026-09-29,"有限会社本田建設",,302,"大分県","竹田市","大字玉来６６４番地１",,44,208,8780024,,,,,,,2015-10-05,1,,,,,"ホンダケンセツ",0
2668,9330002024039,12,0,2026-10-06,2026-10-01,"有限会社フルカワ",,302,"熊本県","宇城市","不知火町高良２６９５番地",,43,213,8690552,,,,,,,2015-10-05,1,,,,,"フルカワ",0
2669,9330003010665,12,0,2026-10-06,2026-09-29,"合同会社ＲＩＮＧ",,305,"熊本県","熊本市西区","池田１丁目３３番２１号－１０１",,43,103,8600082,,,,,,,2024-12-05,1,,,,,"リング",0
2670,9330003011779,01,0,2026-10-06,2026-10-06,"合同会社グリーンベス１号",,305,"熊本県","菊池郡菊陽町","大字津久礼２３８１番地１ＥＬＧＲＡＮＤ菊陽Ｉ　１－Ｂ",00145154,43,404,8691101,,,,,,,2026-10-06,1,,,,,"グリーンベスイチゴウ",0
2671,9340001028493,01,0,2026-10-06,2026-10-06,"ＳＵＮ　ＨＯＵＳＥ株式会社",,301,"鹿児島県","鹿児島市","千日町１３番１８号",,46,201,8920843,,,,,,,2026-10-06,1,,,,,"サンハウス",0
2672,9350001008445,22,0,2026-10-06,2026-09-14,"株式会社ロイヤル",,301,"宮崎県","都城市","北原町１１０６番地４８",,45,202,8850024,,,,,,,2015-10-05,1,,,,,"ロイヤル",0
2673,9350001008494,01,1,2026-10-06,2015-10-05,"サンプロダクツ株式会社",,301,"宮崎県","都城市","山田町山田６３１９番地２",,45,202,8894601,,,,,,,2015-10-05,1,,,,,"サンプロダクツ",0
2674,9350001020284,01,0,2026-10-06,2026-10-06,"株式会社ハシテック",,301,"宮崎県","延岡市","若葉町１丁目２７３８番地４",,45,203,8820875,,,,,,,2026-10-06,1,,,,,"ハシテック",0
2675,9350001020292,01,0,2026-10-06,2026-10-06,"株式会社宮崎ＩＦＣ",,301,"宮崎県","宮崎市","大字島之内９７２２番地８",,45,201,8800121,,,,,,,2026-10-06,1,,,,,"ミヤザキアイエフシー",0
2676,9350002012933,21,0,2026-10-06,2026-10-01,"有限会社片岡建設",,302,"宮崎県","延岡市","北川町川内名１７５４番地",,45,203,8890101,,,2026-10-01,01,,,2015-10-05,1,,,,,"カタオカケンセツ",0
2677,9350003005309,01,0,2026-10-06,2026-10-06,"合同会社ポートステップ",,305,"宮崎県","小林市","本町１５番地",,45,205,8860008,,,,,,,2026-10-06,1,,,,,"ポートステップ",0
2678,9360001010796,01,1,2026-10-06,2015-10-05,"株式会社正吉住宅",,301,"沖縄県","浦添市","安波茶２丁目１０番１号",,47,208,9012114,,,,,,,2015-10-05,1,,,,,"マサヨシジュウタク",0
2679,9360003014894,21,0,2026-10-06,2026-09-08,"合同会社ドリームハウス",,305,"沖縄県","糸満市","字糸満１００５番地ココパレス糸満２階２０３号",,47,210,9010361,,,2026-09-08,01,,,2025-05-07,1,,,,,"ドリームハウス",0
2680,9370001054272,01,0,2026-10-06,2026-10-06,"株式会社コウノス",,301,"宮城県","仙台市太白区","中田７丁目２３番１５号",,04,104,9811104,,,,,,,2026-10-06,1,,,,,"コウノス",0
2681,9370003003921,12,0,2026-10-06,2026-10-02,"合同会社ＡＯＩＦＡＣＴＯＲＹ",,305,"東京都","中野区","東中野５丁目１０－６ニュービラ東中野２０１",,13,114,1640003,,,,,,,2017-08-25,1,,,,,"アオイファクトリー",0
2682,9380001036344,01,0,2026-10-06,2026-10-06,"株式会社ＴＰ　ＷＯＲＫＳ",,301,"福島県","いわき市","植田町中央２丁目１３番地の１６・２Ｆ",,07,204,9748261,,,,,,,2026-10-06,1,,,,,"ティーピーワークス",0
2683,9380002012443,01,1,2026-10-06,2015-10-05,"有限会社マルフク醤油醸造所",00083607,302,"福島県","郡山市","本町２丁目１９番１０号",,07,203,9638871,,,,,,,2015-10-05,1,,,,,"マルフクショウユジョウゾウジョ",0
2684,9400001017564,01,0,2026-10-06,2026-10-06,"株式会社あべ総合保険サービス",,301,"岩手県","一関市","銅谷町６番１５号２号",,03,209,0210023,,,,,,,2026-10-06,1,,,,,"アベソウゴウホケンサービス",0
2685,9420001006607,01,1,2026-10-06,2015-10-05,"株式会社丸勝木材",,301,"青森県","八戸市","青葉２丁目１２番１４号",,02,203,0310804,,,,,,,2015-10-05,1,,,,,"マルカツモクザイ",0
2686,9420002012851,01,1,2026-10-06,2015-10-05,"有限会社井上商事",,302,"青森県","弘前市","大字富野町１１番地６",,02,202,0368174,,,,,,,2015-10-05,1,,,,,"イノウエショウジ",0
2687,9430001004155,12,0,2026-10-06,2026-10-01,"株式会社からさわ薬局",,301,"北海道","札幌市中央区","北四条西５丁目１番地",,01,101,0600004,,,,,,,2015-10-05,1,,,,,"カラサワヤッキョク",0
2688,9430001090360,12,0,2026-10-06,2026-10-01,"株式会社Ｌｉａｃ",,301,"北海道","札幌市東区","北三十七条東２８丁目６番１―１０３号",,01,103,0070837,,,,,,,2023-11-07,1,,,,,"リアック",0
2689,9430001095392,12,0,2026-10-06,2026-10-01,"株式会社ＦｏｏＤｅａｒ",,301,"北海道","札幌市豊平区","美園一条８丁目１番１号ＳＥＭＡ　Ｂｌｄｇ．２Ｆ２０５",,01,105,0620001,,,,,,,2025-10-10,1,,,,,"フーディア",0
2690,9430001096861,12,0,2026-10-06,2026-10-01,"株式会社本間電設",,301,"北海道","札幌市東区","伏古一条２丁目４－５美津和ビル１０３",,01,103,0070861,,,,,,,2026-05-12,1,,,,,"ホンマデンセツ",0
2691,9430001097777,01,0,2026-10-06,2026-10-06,"株式会社エイシン",,301,"北海道","苫小牧市","拓勇東町８丁目７番６－２号",,01,213,0591303,,,,,,,2026-10-06,1,,,,,"エイシン",0
2692,9430001097802,01,0,2026-10-06,2026-10-06,"株式会社ＬＩＮＫＳ",,301,"北海道","札幌市中央区","南一条西１４丁目ワフスわたなべビル４Ｆ",,01,101,0600061,,,,,,,2026-10-06,1,,,,,"リンクス",0
2693,9460101004283,01,1,2026-10-06,2015-10-05,"株式会社ＨＦＩ",,301,"北海道","帯広市","東四条南１２丁目１６番地２",,01,207,0800804,,,,,,,2015-10-05,1,,,,,"エイチエフアイ",0
2694,9480002000875,12,0,2026-10-06,2026-10-01,"有限会社岡電化サービス",,302,"徳島県","徳島市","北田宮４丁目１２番６９号",,36,201,7700003,,,,,,,2015-10-05,1,,,,,"オカデンカサービス",0
2695,9480002007169,01,1,2026-10-06,2015-10-05,"有限会社新田電設",,302,"徳島県","徳島市","名東町３丁目４２５番地５",,36,201,7700047,,,,,,,2015-10-05,1,,,,,"ニッタデンセツ",0
2696,9480003002482,01,0,2026-10-06,2026-10-06,"合同会社ＦＯＯＤ　ＳＨＩＦＴ",,305,"徳島県","徳島市","住吉３丁目１－２３第３三宅ビル１０１",,36,201,7700861,,,,,,,2026-10-06,1,,,,,"フードシフト",0
2697,9500002001433,01,1,2026-10-06,2015-10-05,"有限会社永久圧接工業",,302,"愛媛県","松山市","中村４丁目６番５号",,38,201,7900964,,,,,,,2015-10-05,1,,,,,"エイキュウアッセツコウギョウ",0
2698,9500002014996,11,0,2026-10-06,2026-10-01,"西条市教育用品株式会社",,301,"愛媛県","西条市","丹原町池田１６９８番地２",,38,206,7910508,,,,,,,2015-10-05,1,,,,,"サイジョウシキョウイクヨウヒン",0
2699,9500005008905,01,0,2026-10-06,2026-10-06,"一般社団法人愛アスリートクラブ",,399,"愛媛県","松山市","南斎院町１１６９番地１",,38,201,7918032,,,,,,,2026-10-06,1,,,,,"アイアスリートクラブ",0
2700,9700150024785,01,1,2026-10-06,2015-10-09,"ＤＡＩＨＡＴＳＵ　ＤＩＥＳＥＬ（ＥＵＲＯＰＥ）ＬＴＤ．",,401,,,,,,,,"５ｔｈ　Ｆｌｏｏｒ，ＤｅｏｎＨｏｕｓｅ，５８－６０Ｓｔ．Ｋａｔｈａｉｒｉｎｅ’ｓ　Ｗａｙ，Ｌｏｎｄｏｎ　Ｅ１Ｗ１ＬＢ　Ｕ．Ｋ．",,,,,,2015-10-09,0,,,,,"ダイハツデイーゼルヨーロツパリミテツド",0
2701,9700150024785,11,1,2026-10-06,2025-05-02,"ＤＡＩＨＡＴＳＵ　ＩＮＦＩＮＥＡＲＴＨ（ＥＵＲＯＰＥ）ＬＴＤ．",,401,,,,,,,,"５ｔｈ　Ｆｌｏｏｒ，ＤｅｏｎＨｏｕｓｅ，５８－６０Ｓｔ．Ｋａｔｈａｉｒｉｎｅ’ｓ　Ｗａｙ，Ｌｏｎｄｏｎ　Ｅ１Ｗ１ＬＢ　Ｕ．Ｋ．",,,,,,2015-10-09,0,,,,,"ダイハツインフイニアースヨーロツパリミテツド",0
2702,9700150024785,13,1,2026-10-06,2026-09-01,"ＤＡＩＨＡＴＳＵ　ＩＮＦＩＮＥＡＲＴＨ（ＥＵＲＯＰＥ）ＬＴＤ．",,401,,,,,,,,"ＦＯＲＡ　Ｂｏｒｏｕｇｈ　Ｙａｒｄｓ，１３　Ｄｉｒｔｙ　Ｌａｎｅ，Ｌｏｎｄｏｎ，ＳＥ１　９ＰＡ，Ｕ．Ｋ．",,,,,,2015-10-09,1,,,,,"ダイハツインフイニアースヨーロツパリミテツド",0
