1,1010001004873,01,1,2026-08-26,2015-10-05,"ジェイカムアグリ株式会社",,301,"東京都","千代田区","神田須田町２丁目６番６号",,13,101,1010041,,,,,,,2015-10-05,1,,,,,,0
2,1010001094353,01,1,2026-08-26,2015-10-05,"サングリーム株式会社",,301,"東京都","千代田区","神田神保町３丁目２番地１",,13,101,1010051,,,,,,,2015-10-05,1,,,,,"サングリーム",0
3,1010001122452,21,0,2026-08-26,2026-07-13,"株式会社ミント",,301,"東京都","千代田区","麹町１丁目６番４号",,13,101,1020083,,,2026-07-13,11,6010001103159,"令和８年７月１日東京都千代田区麹町一丁目６番４号バルテス・ソリューションズ＆ＡＩ株式会社（6010001103159）に合併し解散",2015-10-05,1,,,,,"ミント",0
4,1010001129233,01,1,2026-08-26,2015-10-05,"株式会社双羊社",,301,"東京都","千代田区","内神田２丁目３番１４号",,13,101,1010047,,,,,,,2015-10-05,0,,,,,"ソウヨウシャ",0
5,1010001129233,12,1,2026-08-26,2026-04-06,"株式会社双羊社",,301,"東京都","台東区","竜泉１丁目９番１１号",,13,106,1100012,,,,,,,2015-10-05,1,,,,,"ソウヨウシャ",0
6,1010001143052,01,1,2026-08-26,2015-10-05,"株式会社日本トータルメディカル研究所",,301,"東京都","中央区","銀座７丁目４番１４号",,13,102,1040061,,,,,,,2015-10-05,0,,,,,,0
7,1010001143052,11,1,2026-08-26,2017-09-27,"株式会社アースエステート",,301,"東京都","中央区","銀座７丁目４番１４号",,13,102,1040061,,,,,,,2015-10-05,0,,,,,"アースエステート",0
8,1010001143052,12,1,2026-08-26,2017-10-02,"株式会社アースエステート",,301,"東京都","江戸川区","篠崎町２丁目６番５号",,13,123,1330061,,,,,,,2015-10-05,0,,,,,"アースエステート",0
9,1010001143052,12,0,2026-08-26,2026-08-18,"株式会社アースエステート",,301,"千葉県","旭市","鎌数１０２４３番地",,12,215,2892505,,,,,,,2015-10-05,1,,,,,"アースエステート",0
10,1010001160717,01,1,2026-08-26,2015-10-05,"アルヒグループ株式会社",,301,"東京都","港区","六本木１丁目６番１号",,13,103,1060032,,,,,,,2015-10-05,0,,,,,,0
11,1010001160717,71,1,2026-08-26,2017-07-03,"アルヒグループ株式会社",,301,"東京都","港区","六本木１丁目６番１号",,13,103,1060032,,,,,,"平成２９年７月１日東京都港区六本木一丁目６番１号アルヒ株式会社（6010401049605）を合併",2015-10-05,0,,,,,,0
12,1010001160717,11,1,2026-08-26,2017-07-03,"アルヒ株式会社",,301,"東京都","港区","六本木１丁目６番１号",,13,103,1060032,,,,,,,2015-10-05,0,,,,,"アルヒ",0
13,1010001160717,71,1,2026-08-26,2021-04-01,"アルヒ株式会社",,301,"東京都","港区","六本木１丁目６番１号",,13,103,1060032,,,,,,"令和３年４月１日東京都港区六本木一丁目６番１号アルヒマーケティング株式会社（3010401130771）を合併",2015-10-05,0,,,,,"アルヒ",0
14,1010001160717,11,1,2026-08-26,2024-01-04,"ＳＢＩアルヒ株式会社",,301,"東京都","港区","六本木１丁目６番１号",,13,103,1060032,,,,,,,2015-10-05,0,,,,,,0
15,1010001160717,71,1,2026-08-26,2024-06-04,"ＳＢＩアルヒ株式会社",,301,"東京都","港区","六本木１丁目６番１号",,13,103,1060032,,,,,,"令和６年６月１日東京都港区六本木一丁目６番１号アルヒＲＰＡソリューションズ株式会社（5010401144621）を合併",2015-10-05,0,,,,,,0
16,1010001160717,12,1,2026-08-26,2024-08-26,"ＳＢＩアルヒ株式会社",,301,"東京都","千代田区","平河町１丁目４番３号",,13,101,1020093,,,,,,,2015-10-05,0,,,,,,0
17,1010001160717,71,1,2026-08-26,2025-04-01,"ＳＢＩアルヒ株式会社",,301,"東京都","千代田区","平河町１丁目４番３号",,13,101,1020093,,,,,,"令和７年４月１日東京都千代田区平河町一丁目４番３号アルヒ住み替えコンシェルジュ株式会社（3010401159951）を合併",2015-10-05,1,,,,,,0
18,1010001178453,01,1,2026-08-26,2016-09-23,"株式会社ＷＡＭ",,301,"東京都","文京区","本郷１丁目３５番２８－７１０号",,13,105,1130033,,,,,,,2016-09-23,0,,,,,"ダブリュエーエム",0
19,1010001178453,12,1,2026-08-26,2026-07-29,"株式会社ＷＡＭ",,301,"東京都","千代田区","内神田１丁目１８番１１－１０１５号",,13,101,1010047,,,,,,,2016-09-23,1,,,,,"ダブリュエーエム",0
20,1010001192099,11,0,2026-08-26,2026-07-29,"アマストーリー株式会社",,301,"東京都","千代田区","外神田３丁目３番５号ヨシヰビル地下",,13,101,1010021,,,,,,,2018-05-25,1,,,,,"アマストーリー",0
21,1010001202213,01,1,2026-08-26,2019-07-08,"株式会社比世聞",,301,"東京都","文京区","根津２丁目２５番６号",,13,105,1130031,,,,,,,2019-07-08,0,,,,,,0
22,1010001202213,12,1,2026-08-26,2024-12-05,"株式会社比世聞",,301,"東京都","千代田区","神田須田町１丁目７番８号",,13,101,1010041,,,,,,,2019-07-08,1,,,,,,0
23,1010001202279,21,0,2026-08-26,2026-08-24,"株式会社ＨＯＦ",,301,"東京都","江東区","南砂７丁目４番１－３０３号",,13,108,1360076,,,2026-08-24,01,,,2019-07-09,1,,,,,"エイチオーエフ",0
24,1010001263313,01,1,2026-08-26,2026-03-05,"株式会社ＯＷＬ",,301,"東京都","千代田区","紀尾井町３番６号",,13,101,1020094,,,,,,,2026-03-05,0,,,,,,0
25,1010001263313,12,1,2026-08-26,2026-07-29,"株式会社ＯＷＬ",,301,"東京都","千代田区","神田神保町３丁目２番地",,13,101,1010051,,,,,,,2026-03-05,1,,,,,,0
26,1010001264121,12,0,2026-08-26,2026-07-27,"株式会社三星",,301,"東京都","文京区","本郷２丁目３８番６号カーサグランデ本郷",,13,105,1130033,,,,,,,2026-04-08,1,,,,,"サンセイ",0
27,1010001267982,01,0,2026-08-26,2026-08-26,"株式会社むげんねこ",,301,"東京都","千代田区","神田須田町１丁目７番８号ＶＯＲＴ秋葉原ＩＶ２Ｆ",00144733,13,101,1010041,,,,,,,2026-08-26,1,,,,,"ムゲンネコ",0
28,1010001267999,01,0,2026-08-26,2026-08-26,"株式会社ＤｅｅｐＴｏｗｎ　Ｔｅｃｈｎｏｌｏｇｉｅｓ",,301,"東京都","千代田区","神田須田町１丁目７番８号ＶＯＲＴ秋葉原ＩＶ２Ｆ",00144729,13,101,1010041,,,,,,,2026-08-26,1,,,,,"ディープタウンテクノロジーズ",0
29,1010001268097,01,0,2026-08-26,2026-08-26,"ＥＸＰ株式会社",,301,"東京都","千代田区","神田和泉町１番地６－１６ヤマトビル４０５号室",,13,101,1010024,,,,,,,2026-08-26,1,,,,,"イーエックスピー",0
30,1010001268295,01,0,2026-08-26,2026-08-26,"ＩＭ　Ｓｏｌｕｔｉｏｎｓ株式会社",,301,"東京都","中央区","日本橋箱崎町１番２号ＴＨＥＳＨＯＲＥ日本橋茅場町２Ｆ",,13,102,1030015,,,,,,,2026-08-26,1,,,,,"アイエムソリューションズ",0
31,1010003040041,21,0,2026-08-26,2026-07-27,"Ｍａｋｅ　Ｈａｐｐｉｎｅｓｓ合同会社",,305,"東京都","中央区","日本橋浜町３丁目１８‐６ドルチェ日本橋浜町・壱番館５０４",,13,102,1030007,,,2026-07-27,01,,,2023-03-09,1,,,,,"メイクハピネス",0
32,1010003050511,01,1,2026-08-26,2026-02-25,"ＧＲＩＤ　ＣＡＰＩＴＡＬ２合同会社",,305,"東京都","千代田区","丸の内２丁目２番１号岸本ビルヂング６階Ｒ５８",,13,101,1000005,,,,,,,2026-02-25,0,,,,,,0
33,1010003050511,12,1,2026-08-26,2026-07-24,"ＧＲＩＤ　ＣＡＰＩＴＡＬ２合同会社",,305,"東京都","千代田区","丸の内２丁目２番１号岸本ビルヂング６階Ｒ４８",,13,101,1000005,,,,,,,2026-02-25,1,,,,,,0
34,1010003051575,11,0,2026-08-26,2026-07-23,"合同会社ＤＡＮＡＳＵＮパワーパーク愛知",,305,"東京都","千代田区","大手町１丁目９番２号大手町フィナンシャルシティグランキューブ１８１２",,13,101,1000004,,,,,,,2026-06-04,1,,,,,"ダンナサンパワーパークアイチ",0
35,1010005036442,21,0,2026-08-26,2026-07-01,"特定非営利活動法人さとのば",,399,"東京都","千代田区","神田錦町３丁目２１番地",,13,101,1010054,,,2026-07-01,01,,,2023-04-06,1,,,,,"サトノバ",0
36,1010102005416,12,0,2026-08-26,2026-08-24,"ヴェルトライゼ有限会社",,302,"東京都","大田区","田園調布５丁目６番６号",,13,111,1450071,,,,,,,2015-10-05,1,,,,,"ヴェルトライゼ",0
37,1010103002833,12,0,2026-08-26,2026-08-24,"アクシオン・エックス合同会社",,305,"東京都","稲城市","大丸４２５番地２",,13,225,2060801,,,,,,,2026-05-28,1,,,,,"アクシオンエックス",0
38,1010401002881,12,0,2026-08-26,2026-08-17,"伊藤忠メタルズ株式会社",,301,"東京都","港区","赤坂２丁目１７番２２号",,13,103,1070052,,,,,,,2015-10-05,1,"ITOCHU Metals Corporation",,,,"イトウチュウメタルズ",0
39,1010401069517,12,0,2026-08-26,2026-08-24,"富士フイルムメディカル株式会社",,301,"東京都","品川区","広町２丁目１番２１号",,13,109,1400005,,,,,,,2015-10-05,1,,,,,"フジフイルムメディカル",0
40,1010401096585,01,1,2026-08-26,2015-10-05,"株式会社東京地所",,301,"東京都","千代田区","丸の内３丁目４－１",,13,101,1000005,,,,,,,2015-10-05,1,,,,,"トウキョウジショ",0
41,1010401139889,12,0,2026-08-26,2026-08-04,"パシフィックパートナーズ株式会社",,301,"神奈川県","横浜市青葉区","荏田西３丁目１７番１２",,14,117,2250014,,,,,,,2018-07-31,1,,,,,"パシフィックパートナーズ",0
42,1010401148056,12,0,2026-08-26,2026-08-20,"株式会社Ｌ・コネクト",,301,"東京都","渋谷区","東３丁目２２番８号サワダビル７階",,13,113,1500011,,,,,,,2019-09-12,1,,,,,"エルコネクト",0
43,1010401189868,12,0,2026-08-26,2026-08-24,"株式会社日明",,301,"東京都","豊島区","西池袋１丁目２９番１４号オリエント池袋１００５",,13,116,1710021,,,,,,,2025-04-23,1,,,,,"ヒアガリ",0
44,1010401201269,01,0,2026-08-26,2026-08-26,"ＭＣＰ５７株式会社",,301,"東京都","港区","元赤坂１丁目１番７－１２０９号株式会社赤坂国際会計内",,13,103,1070051,,,,,,,2026-08-26,1,,,,,"エムシーピーファイブセブン",0
45,1010401201590,01,0,2026-08-26,2026-08-26,"株式会社Ｔｈｅ　Ｆｌｏｗ",,301,"東京都","港区","南青山３丁目１番３６号青山丸竹ビル６Ｆ",,13,103,1070062,,,,,,,2026-08-26,1,,,,,"ザフロー",0
46,1010401201624,01,0,2026-08-26,2026-08-26,"株式会社ＳＥＭＥＩＯＮ",,301,"東京都","港区","六本木７丁目７番７号８階",,13,103,1060032,,,,,,,2026-08-26,1,,,,,"セメイオン",0
47,1010401201640,01,0,2026-08-26,2026-08-26,"株式会社ＴＲホールディングス",,301,"東京都","港区","赤坂９丁目７番１号",,13,103,1070052,,,,,,,2026-08-26,1,,,,,"ティーアールホールディングス",0
48,1010402035823,12,0,2026-08-26,2026-08-24,"有限会社ニュー・コウジヤ",,302,"栃木県","真岡市","荒町３丁目３番地３",,09,209,3214305,,,,,,,2015-10-05,1,,,,,"ニューコウジヤ",0
49,1010403009470,01,1,2026-08-26,2015-10-05,"ウエル・ビズ・シー合同会社",,305,"東京都","港区","南麻布５丁目１番１０号",,13,103,1060047,,,,,,,2015-10-05,1,,,,,"ウエルビズシー",0
50,1010403038908,01,0,2026-08-26,2026-08-26,"広見蓄電合同会社",,305,"東京都","港区","虎ノ門２丁目６番１号",,13,103,1050001,,,,,,,2026-08-26,1,,,,,"ヒロミチクデン",0
51,1010403038916,01,0,2026-08-26,2026-08-26,"合同会社千代",,305,"東京都","港区","六本木３丁目１６番１２号六本木ＫＳビル５Ｆ",,13,103,1060032,,,,,,,2026-08-26,1,,,,,"チヨ",0
52,1010503008422,01,0,2026-08-26,2026-08-26,"合同会社ＨＩＳＯＡＲ",,305,"東京都","台東区","上野２丁目１１番地１６号ロータス上野池之端３０４号室",,13,106,1100005,,,,,,,2026-08-26,1,,,,,"ハイソアー",0
53,1010601042678,21,0,2026-08-26,2026-08-21,"株式会社メインテックス",,301,"東京都","台東区","東上野１丁目１１番１号",,13,106,1100015,,,2026-08-21,01,,,2015-10-05,1,,,,,"メインテックス",0
54,1010601050243,01,1,2026-08-26,2016-08-19,"ＪＲＥＣ株式会社",,301,"東京都","墨田区","東向島２丁目２９番１１－２０１号",,13,107,1310032,,,,,,,2016-08-19,0,,,,,,0
55,1010601050243,12,1,2026-08-26,2024-07-17,"ＪＲＥＣ株式会社",,301,"東京都","千代田区","永田町２丁目１７－５－４１０",,13,101,1000014,,,,,,,2016-08-19,1,,,,,,0
56,1010601052306,12,0,2026-08-26,2026-08-20,"ＪＯＨＮＢＯＳＣＯ株式会社",,301,"東京都","江東区","有明３丁目７－２６有明フロンティアビルＢ棟９階",,13,108,1350063,,,,,,,2017-10-10,1,,,,,"ジョンボスコ",0
57,1010701030855,12,0,2026-08-26,2026-08-10,"株式会社ＳＴＡＣＫ　Ｄ．Ｏ．",,301,"東京都","目黒区","平町１丁目２番２０号ＳＯＬＡＺ都立大学１０２",,13,110,1520032,,,,,,,2015-10-05,1,,,,,"スタックディーオー",0
58,1010803005953,01,0,2026-08-26,2026-08-26,"合同会社ｓｅｔｏｇａｙａ１３９",,305,"東京都","大田区","南馬込３丁目５番１号パークハイム南馬込１０５",,13,111,1430025,,,,,,,2026-08-26,1,,,,,"セトガヤヒャクサンジュウキュウ",0
59,1011001179838,01,0,2026-08-26,2026-08-26,"日本産品株式会社",,301,"東京都","渋谷区","代官山町２０－１４ＦｏｒｅｓｔｇａｔｅＤａｉｋａｎｙａｍａＭａｉｎ棟３Ｆ",,13,113,1500034,,,,,,,2026-08-26,1,,,,,"ニッポンサンピン",0
60,1011002007519,11,0,2026-08-26,2026-08-10,"株式会社大善",,301,"東京都","渋谷区","桜丘町２３番６号",,13,113,1500031,,,,,,,2015-10-05,1,,,,,"ダイゼン",0
61,1011101056722,12,0,2026-08-26,2026-08-21,"亜生翻訳株式会社",,301,"東京都","中野区","中央１丁目４９－４－８０３号",,13,114,1640011,,,,,,,2015-10-05,1,,,,,"アオイホンヤク",0
62,1011101074914,01,1,2026-08-26,2015-10-21,"株式会社カリドキ・ドットコム",,301,"東京都","新宿区","新宿１丁目８番４号",,13,104,1600022,,,,,,,2015-10-21,0,,,,,"カリドキドットコム",0
63,1011101074914,12,1,2026-08-26,2016-05-02,"株式会社カリドキ・ドットコム",,301,"東京都","千代田区","飯田橋３丁目６番８号",,13,101,1020072,,,,,,,2015-10-21,0,,,,,"カリドキドットコム",0
64,1011101074914,12,1,2026-08-26,2018-03-29,"株式会社カリドキ・ドットコム",,301,"東京都","新宿区","新宿１丁目８番４号",,13,104,1600022,,,,,,,2015-10-21,0,,,,,"カリドキドットコム",0
65,1011101074914,11,1,2026-08-26,2020-09-08,"株式会社ＷＩＮＸマネジメント",,301,"東京都","新宿区","新宿１丁目８番４号",,13,104,1600022,,,,,,,2015-10-21,1,,,,,"ウィンクスマネジメント",0
66,1011101098327,12,0,2026-08-26,2026-08-21,"ケアデザイン株式会社",,301,"東京都","大田区","北糀谷２丁目１５番１５号２階",,13,111,1440032,,,,,,,2022-03-30,1,,,,,"ケアデザイン",0
67,1011101102749,21,0,2026-08-26,2026-07-28,"株式会社Ｓｈｉｎｅ",,301,"東京都","新宿区","西新宿６丁目５番１号新宿アイランドタワー２階",,13,104,1600023,,,2026-07-28,01,,,2023-05-02,1,,,,,"シャイン",0
68,1011101106535,12,0,2026-08-26,2026-07-24,"松本商事株式会社",,301,"東京都","新宿区","百人町１丁目１８－８大久保カドビルＬｉｎｋＳｐａｃｅ百人町Ａ０１号室",,13,104,1690073,,,,,,,2024-03-14,1,,,,,"マツモトショウジ",0
69,1011101117086,01,0,2026-08-26,2026-08-26,"株式会社レジル",,301,"東京都","新宿区","高田馬場２丁目１７番３号",,13,104,1690075,,,,,,,2026-08-26,1,,,,,"レジル",0
70,1011101117103,01,0,2026-08-26,2026-08-26,"ＡＰＥＸＯＮ株式会社",,301,"東京都","新宿区","四谷三栄町１１番１６号",,13,104,1600008,,,,,,,2026-08-26,1,,,,,"アペクソン",0
71,1011102027516,21,0,2026-08-26,2026-07-27,"有限会社ドッチ・インターナショナル",,302,"東京都","新宿区","百人町１丁目３番３－３１３号",,13,104,1690073,,,2026-07-27,01,,,2015-10-05,1,,,,,"ドッチインターナショナル",0
72,1011201011305,21,0,2026-08-26,2026-07-28,"株式会社建築システム",,301,"東京都","中央区","八丁堀４丁目５番８号",,13,102,1040032,,,2026-07-28,01,,,2015-10-05,1,,,,,,0
73,1011203004364,12,0,2026-08-26,2026-08-24,"合同会社ベリーモ",,305,"東京都","葛飾区","東金町３丁目１７番１０号ＫＢＳ－Ｆ－５１",,13,122,1250041,,,,,,,2024-04-16,1,,,,,"ベリーモ",0
74,1011303005675,01,1,2026-08-26,2025-08-14,"合同会社五十六",,305,"東京都","杉並区","西荻北１丁目８－１３コンフォリア西荻北４０４",,13,115,1670042,,,,,,,2025-08-14,0,,,,,"イソロク",0
75,1011303005675,12,0,2026-08-26,2026-08-24,"合同会社五十六",,305,"東京都","中央区","日本橋室町１丁目１１番１２号日本橋水野ビル７階",,13,102,1030022,,,,,,,2025-08-14,1,,,,,"イソロク",0
76,1011401017622,12,0,2026-08-26,2026-08-18,"株式会社ＧＲＡＢＩＺ",,301,"東京都","大田区","田園調布本町８－１５",,13,111,1450072,,,,,,,2015-10-05,1,,,,,"グラビズ",0
77,1011402004842,01,1,2026-08-26,2015-10-05,"有限会社杉電工社",,302,"東京都","板橋区","板橋１丁目４０番１０号",,13,119,1730004,,,,,,,2015-10-05,1,,,,,"スギデンコウシャ",0
78,1011501028899,12,0,2026-08-26,2026-08-13,"リボーン株式会社",,301,"大阪府","大阪市中央区","南船場３丁目６番２４号ＩＢＣ心斎橋ｗｅｓｔ６階７０７号",,27,128,5420081,,,,,,,2023-01-25,1,,,,,"リボーン",0
79,1011502010435,01,1,2026-08-26,2015-10-05,"有限会社パール工芸",,302,"東京都","荒川区","東日暮里６丁目２０番１号",,13,118,1160014,,,,,,,2015-10-05,1,,,,,"パールコウゲイ",0
80,1011601021102,01,1,2026-08-26,2016-08-03,"株式会社池田設備",,301,"東京都","練馬区","大泉学園町４丁目１８番２３号",,13,120,1780061,,,,,,,2016-08-03,1,,,,,"イケダセツビ",0
81,1011603005243,01,0,2026-08-26,2026-08-26,"合同会社ビッグゾーン",,305,"東京都","練馬区","高松６丁目１５番２３号",,13,120,1790075,,,,,,,2026-08-26,1,,,,,"ビッグゾーン",0
82,1011605000184,01,1,2026-08-26,2015-10-05,"天理教錦和豊分教会",,399,"東京都","練馬区","関町南３丁目１５番７号",,13,120,1770053,,,,,,,2015-10-05,1,,,,,"テンリキョウニシキワホウブンキョウカイ",0
83,1011701001490,12,0,2026-08-26,2026-08-21,"株式会社アスカ住宅",,301,"東京都","江戸川区","西葛西３丁目１２番１号Ｊ－ＳＴＡＧＥ西葛西１Ｆ",,13,123,1340088,,,,,,,2015-10-05,1,,,,,"アスカジュウタク",0
84,1011701020061,12,0,2026-08-26,2026-08-07,"株式会社イーアス",,301,"東京都","江戸川区","西小松川町２４－９",,13,123,1320032,,,,,,,2016-07-25,1,,,,,,0
85,1011701029706,01,0,2026-08-26,2026-08-26,"株式会社Ｌｉｆｅ　Ｓｔｙｌｅ　Ａｇｅｎｃｙ",,301,"東京都","江戸川区","西小岩２丁目２０－６グローリア初穂小岩１０３号",,13,123,1330057,,,,,,,2026-08-26,1,,,,,"ライフスタイルエージェンシー",0
86,1011801032733,01,1,2026-08-26,2017-01-10,"株式会社臥猫庵",,301,"東京都","葛飾区","四つ木５丁目２０番１８－５０５号ローレルコートお花茶屋",,13,122,1240011,,,,,,,2017-01-10,1,,,,,"ガビョウアン",0
87,1011802009474,01,1,2026-08-26,2015-10-05,"有限会社イイラ",,302,"東京都","足立区","西新井６丁目２４番６号",,13,121,1230841,,,,,,,2015-10-05,1,,,,,"イイラ",0
88,1011802014854,21,0,2026-08-26,2026-08-21,"有限会社添野松田土建",,302,"東京都","足立区","足立２丁目１０番６号",,13,121,1200015,,,2026-08-21,01,,,2015-10-05,1,,,,,"ソエノマツダドケン",0
89,1011802025232,01,1,2026-08-26,2015-10-05,"有限会社ニッショーコーポレーション",,302,"東京都","葛飾区","亀有３丁目１８番１２－２０２号",,13,122,1250061,,,,,,,2015-10-05,0,,,,,"ニッショーコーポレーション",0
90,1011802025232,12,1,2026-08-26,2026-08-21,"有限会社ニッショーコーポレーション",,302,"東京都","葛飾区","堀切５丁目２１番１－２０２号",,13,122,1240006,,,,,,,2015-10-05,1,,,,,"ニッショーコーポレーション",0
91,1012305001522,01,1,2026-08-26,2015-10-05,"特定非営利活動法人ジョブコーチ・ネットワーク",,399,"東京都","町田市","能ヶ谷１丁目１４－８コスモス２０２",,13,209,1950053,,,,,,,2015-10-05,0,,,,,"ジョブコーチネットワーク",0
92,1012305001522,12,1,2026-08-26,2016-03-31,"特定非営利活動法人ジョブコーチ・ネットワーク",,399,"東京都","八王子市","明神町３丁目１６－１エマイユ１階",,13,201,1920046,,,,,,,2015-10-05,0,,,,,"ジョブコーチネットワーク",0
93,1012305001522,12,1,2026-08-26,2016-04-28,"特定非営利活動法人ジョブコーチ・ネットワーク",,399,"東京都","八王子市","明神町３丁目１６－８エマイユ１階",,13,201,1920046,,,,,,,2015-10-05,0,,,,,"ジョブコーチネットワーク",0
94,1012305001522,12,1,2026-08-26,2017-10-03,"特定非営利活動法人ジョブコーチ・ネットワーク",,399,"埼玉県","久喜市","久喜中央２丁目４番１８号",,11,232,3460003,,,,,,,2015-10-05,1,,,,,"ジョブコーチネットワーク",0
95,1012401017397,21,0,2026-08-26,2026-07-27,"株式会社総合教育センター",,301,"東京都","武蔵野市","吉祥寺本町２丁目４番１７－９０１号",,13,203,1800004,,,2026-07-27,01,,,2015-10-05,1,,,,,"ソウゴウキョウイクセンター",0
96,1012401044821,01,0,2026-08-26,2026-08-26,"株式会社ＫＯＤＡＴＥ",,301,"東京都","調布市","深大寺東町７丁目４番地２８",,13,208,1820012,,,,,,,2026-08-26,1,,,,,"コダテ",0
97,1012402004221,01,1,2026-08-26,2015-10-05,"有限会社保険代理店エス・エス",,302,"東京都","国分寺市","光町２丁目１番地３７",,13,214,1850034,,,,,,,2015-10-05,1,,,,,"ホケンダイリテンエスエス",0
98,1012405004276,21,0,2026-08-26,2026-08-14,"一般社団法人ワインアロマセラピー協会",,399,"東京都","東村山市","本町３丁目１７番地２８",,13,213,1890014,,,2026-08-14,01,,,2019-01-24,1,,,,,"ワインアロマセラピーキョウカイ",0
99,1012701019614,01,0,2026-08-26,2026-08-26,"株式会社ＫＪホーム",,301,"東京都","西東京市","南町４丁目８番１６号",,13,229,1880012,,,,,,,2026-08-26,1,,,,,"ケイジェイホーム",0
100,1012803004167,01,0,2026-08-26,2026-08-26,"Ｌｅｅ　Ｒｅａｌ　Ｅｓｔａｔｅ　Ｈｏｌｄｉｎｇ　Ｃｏｍｐａｎｙ‐Ｊａｐａｎ合同会社",,305,"東京都","立川市","錦町３丁目２番２８号",,13,202,1900022,,,,,,,2026-08-26,1,,,,,"リーリアルエステートホールディングカンパニージャパン",0
101,1013201012761,01,1,2026-08-26,2015-10-05,"東京藤岡株式会社",,301,"東京都","目黒区","自由が丘１丁目１６番１３号",,13,110,1520035,,,,,,,2015-10-05,1,,,,,"トウキョウフジオカ",0
102,1013301005384,01,1,2026-08-26,2015-10-05,"株式会社新文化通信社",,301,"東京都","豊島区","南大塚２丁目３９番７号",,13,116,1700005,,,,,,,2015-10-05,1,,,,,"シンブンカツウシンシャ",0
103,1013301049415,12,0,2026-08-26,2026-08-20,"ＸＯ財託株式会社",,301,"東京都","豊島区","西池袋１丁目２９番５号山の手ビル１１Ｆ－Ａ号室",,13,116,1710021,,,,,,,2022-07-27,1,,,,,"エックスオーザイタク",0
104,1013301056717,01,0,2026-08-26,2026-08-26,"株式会社ＳＨＩＭＡＤＡ",,301,"東京都","豊島区","目白３丁目１７－２５メゾン・ド・八千代３０３",,13,116,1710031,,,,,,,2026-08-26,1,,,,,"シマダ",0
105,1013302005202,01,1,2026-08-26,2015-10-05,"有限会社鈴木製作所",,302,"東京都","豊島区","南大塚１丁目６０番１６号",,13,116,1700005,,,,,,,2015-10-05,1,,,,,"スズキセイサクショ",0
106,1013305003368,01,1,2026-08-26,2022-09-01,"特定非営利活動法人ＯｔｔｏＲｉｎｇ",,399,"東京都","豊島区","目白３丁目１７番２３号ＡＶＩＷＳビル３Ｆ",,13,116,1710031,,,,,,,2022-09-01,1,,,,,,0
107,1020001008411,01,1,2026-08-26,2015-10-05,"カワムラ建窓株式会社",,301,"神奈川県","横浜市都筑区","佐江戸町２３８番地７",,14,118,2240054,,,,,,,2015-10-05,1,,,,,"カワムラケンソウ",0
108,1020001015713,01,1,2026-08-26,2015-10-05,"沼田金属工業株式会社",,301,"神奈川県","横浜市西区","岡野１丁目９番６号",,14,103,2200073,,,,,,,2015-10-05,0,,,,,"ヌマタキンゾクコウギョウ",0
109,1020001015713,21,1,2026-08-26,2017-07-19,"沼田金属工業株式会社",,301,"神奈川県","横浜市西区","岡野１丁目９番６号",,14,103,2200073,,,2017-07-19,01,,,2015-10-05,0,,,,,"ヌマタキンゾクコウギョウ",0
110,1020001015713,22,1,2026-08-26,2026-08-14,"沼田金属工業株式会社",,301,"神奈川県","横浜市西区","岡野１丁目９番６号",,14,103,2200073,,,,,,,2015-10-05,1,,,,,"ヌマタキンゾクコウギョウ",0
111,1020001063043,01,1,2026-08-26,2015-10-05,"株式会社エコデリック",,301,"神奈川県","横浜市港北区","大倉山６丁目１７番１２－２０１号",,14,109,2220037,,,,,,,2015-10-05,0,,,,,"エコデリック",0
112,1020001063043,12,1,2026-08-26,2016-08-29,"株式会社エコデリック",,301,"神奈川県","横浜市港北区","新吉田東８丁目４３番６号",,14,109,2230058,,,,,,,2015-10-05,1,,,,,"エコデリック",0
113,1020001095656,01,1,2026-08-26,2015-10-05,"株式会社グレースライフ",,301,"神奈川県","横浜市中区","扇町３丁目８番地７三平ビル４０２",,14,104,2310027,,,,,,,2015-10-05,1,,,,,"グレースライフ",0
114,1020001106628,11,0,2026-08-26,2026-08-05,"株式会社三和印刷",,301,"神奈川県","横浜市西区","北幸１丁目１１番１号水信ビル７階",,14,103,2200004,,,,,,,2015-10-05,1,,,,,"サンワインサツ",0
115,1020001146715,21,0,2026-08-26,2026-08-05,"株式会社横浜リ・ソイル",,301,"神奈川県","横浜市金沢区","鳥浜町２番地９２",,14,108,2360002,,,2026-08-05,01,,,2022-06-02,1,,,,,"ヨコハマリソイル",0
116,1020001170120,01,0,2026-08-26,2026-08-26,"株式会社ｉ’Ｍ",,301,"神奈川県","横浜市西区","北幸２丁目１０番４８号むつみビル３階",,14,103,2200004,,,,,,,2026-08-26,1,,,,,"アイム",0
117,1020001170129,01,0,2026-08-26,2026-08-26,"株式会社ｊ‐ｈｅａｒｔｓ",,301,"神奈川県","横浜市神奈川区","白幡上町１７番２１号",,14,102,2210075,,,,,,,2026-08-26,1,,,,,"ジェイハーツ",0
118,1020003031709,01,0,2026-08-26,2026-08-26,"合同会社Ｂ＆Ｂ",,305,"神奈川県","川崎市中原区","新丸子町７５２番地５森ビル４０２",,14,133,2110005,,,,,,,2026-08-26,1,,,,,"ビーアンドビー",0
119,1020005003078,12,0,2026-08-26,2026-08-06,"医療法人養光会",,399,"神奈川県","横浜市西区","南幸２丁目１７番４号西口第二甘糟ビル３階",,14,103,2200005,,,,,,,2015-10-05,1,,,,,"ヨウコウカイ",0
120,1020005017383,01,0,2026-08-26,2026-08-26,"一般社団法人聖藍",,399,"神奈川県","川崎市宮前区","小台２丁目１９番地１９サンシティ鷺沼１０２",,14,136,2160007,,,,,,,2026-08-26,1,,,,,"セイラン",0
121,1020005017391,01,0,2026-08-26,2026-08-26,"ＣＡＮＤＹサポート社会保険労務士法人",,399,"神奈川県","横浜市旭区","鶴ケ峰１丁目３７番地９",,14,112,2410022,,,,,,,2026-08-26,1,,,,,"キャンディサポート",0
122,1021001037458,11,0,2026-08-26,2026-08-03,"フェニックスアライアンス株式会社",,301,"神奈川県","平塚市","夕陽ケ丘４４番８号",,14,203,2540806,,,,,,,2015-10-05,1,,,,,,0
123,1021001085498,12,0,2026-08-26,2026-08-17,"株式会社プライマリクリニック",,301,"東京都","調布市","飛田給１丁目１１番地１ソフィア調布４０１号",,13,208,1820036,,,,,,,2025-06-12,1,,,,,"プライマリクリニック",0
124,1030001081762,01,1,2026-08-26,2015-10-05,"株式会社三笠機工",,301,"埼玉県","川口市","大字東本郷１６１９番地の２の３０２",,11,203,3340063,,,,,,,2015-10-05,1,,,,,"ミカサキコウ",0
125,1030001106858,12,0,2026-08-26,2026-08-19,"Ｕ．Ｆ．Ｉ株式会社",,301,"茨城県","坂東市","寺久１３２６番地",,08,228,3060656,,,,,,,2015-10-05,1,,,,,"ユーエフアイ",0
126,1030001132672,12,0,2026-08-26,2026-08-24,"クリート株式会社",,301,"東京都","豊島区","雑司が谷３丁目９番１３号１０２号室",,13,116,1710032,,,,,,,2019-09-03,1,,,,,"クリート",0
127,1030001173956,01,0,2026-08-26,2026-08-26,"ＩＡＳ株式会社",,301,"埼玉県","三郷市","彦成４丁目１番２０－１０２号",,11,237,3410003,,,,,,,2026-08-26,1,,,,,"アイエイエス",0
128,1030002028507,01,1,2026-08-26,2015-10-05,"有限会社エヌワイシステム",,302,"埼玉県","所沢市","大字久米１４６５番地の１２",,11,208,3591131,,,,,,,2015-10-05,1,,,,,"エヌワイシステム",0
129,1030003029033,12,0,2026-08-26,2026-08-10,"合同会社サイネクス",,305,"埼玉県","草加市","草加３丁目７番２８－２０３号",,11,221,3400043,,,,,,,2026-04-08,1,,,,,"サイネクス",0
130,1030005018224,01,1,2026-08-26,2016-11-21,"特定非営利活動法人比企聖学塾",,399,"埼玉県","東松山市","松本町１丁目１０番１０号",,11,212,3550014,,,,,,,2016-11-21,1,,,,,"ヒキセガクジュク",0
131,1030005021789,12,0,2026-08-26,2026-08-21,"一般社団法人月と太陽の食卓",,399,"長野県","塩尻市","大字広丘野村１５９２番地１ＧＳマロンＳ棟",,20,215,3990702,,,,,,,2024-08-02,1,,,,,"ツキトタイヨウノショクタク",0
132,1040001069154,71,0,2026-08-26,2026-08-03,"株式会社アドバンジェン",,301,"千葉県","柏市","柏４丁目６番３号新栄ビル",,12,217,2770005,,,,,,"令和８年８月１日千葉県松戸市本町１７番地の１１芹澤ビル６ＦＴＫホールディングス合同会社（5012403005446）を合併",2015-10-05,1,,,,,"アドバンジェン",0
133,1040001087742,01,1,2026-08-26,2015-10-05,"株式会社トミーサービス",,301,"千葉県","船橋市","西船５丁目２４番２号",,12,204,2730031,,,,,,,2015-10-05,1,,,,,"トミーサービス",0
134,1040001096314,01,1,2026-08-26,2016-07-29,"株式会社Ｎ－ＴＡＣ",,301,"千葉県","船橋市","本中山６丁目６番１６号",,12,204,2730035,,,,,,,2016-07-29,0,,,,,"エヌタック",0
135,1040001096314,12,1,2026-08-26,2016-09-08,"株式会社Ｎ－ＴＡＣ",,301,"東京都","江東区","辰巳３丁目８番５号",,13,108,1350053,,,,,,,2016-07-29,0,,,,,"エヌタック",0
136,1040001096314,12,1,2026-08-26,2019-06-25,"株式会社Ｎ－ＴＡＣ",,301,"東京都","江東区","富岡１丁目９番２号",,13,108,1350047,,,,,,,2016-07-29,1,,,,,"エヌタック",0
137,1040001096495,21,0,2026-08-26,2026-08-05,"株式会社ビジネスサポートＥＡＲＴＨ",,301,"千葉県","我孫子市","中峠台１４番地の１３",,12,222,2701128,,,2026-08-05,01,,,2016-08-15,1,,,,,"ビジネスサポートアース",0
138,1040002029677,12,0,2026-08-26,2026-08-06,"有限会社デンタックス研究所",,302,"千葉県","佐倉市","王子台５丁目３０番地１１",,12,212,2850837,,,,,,,2015-10-05,1,,,,,"デンタックスケンキュウジョ",0
139,1040002069475,01,1,2026-08-26,2015-10-05,"有限会社星ケ谷産業",,302,"千葉県","富津市","西大和田８３１番地１２",,12,226,2930035,,,,,,,2015-10-05,0,,,,,"ホシガヤサンギョウ",0
140,1040002069475,12,1,2026-08-26,2018-01-15,"有限会社星ケ谷産業",,302,"千葉県","富津市","千種新田７番地６",,12,226,2930036,,,,,,,2015-10-05,1,,,,,"ホシガヤサンギョウ",0
141,1050002020949,01,1,2026-08-26,2015-10-05,"有限会社海老原工務店",,302,"茨城県","つくば市","下広岡１０５５番地の４",,08,220,3050042,,,,,,,2015-10-05,1,,,,,"エビハラコウムテン",0
142,1050003008398,11,0,2026-08-26,2026-08-18,"株式会社ミライエ不動産",,301,"茨城県","水戸市","西原２丁目１２番１２号",,08,201,3100044,,,,,,,2024-05-24,1,,,,,"ミライエフドウサン",0
143,1070001032415,01,1,2026-08-26,2016-07-14,"株式会社ラビットモータース",,301,"群馬県","伊勢崎市","韮塚町８７２番地２",,10,204,3720813,,,,,,,2016-07-14,1,,,,,"ラビットモータース",0
144,1070001044443,01,0,2026-08-26,2026-08-26,"株式会社Ｋ‐ＬＩＮＫ",,301,"群馬県","前橋市","紅雲町２丁目１４番１号",,10,201,3710025,,,,,,,2026-08-26,1,,,,,"ケーリンク",0
145,1070005007462,21,0,2026-08-26,2026-08-20,"特定非営利活動法人自然回帰の会",,399,"奈良県","宇陀市","大宇陀大熊７２４番地",,29,212,6332136,,,2026-08-20,01,,,2015-10-05,1,,,,,"シゼンカイキノカイ",0
146,1080005007701,11,0,2026-08-26,2026-08-20,"一般社団法人４ｓｓｙ　Ｅｎｔｅｒｔａｉｎｍｅｎｔ",,399,"静岡県","焼津市","小川新町３丁目２番２０号の２",,22,212,4250031,,,,,,,2025-06-18,1,,,,,"ヨッシーエンターテインメント",0
147,1100001001325,21,0,2026-08-26,2026-08-24,"信栄建設工業株式会社",,301,"長野県","長野市","大字西長野２０３番地",,20,201,3800871,,,2026-08-24,01,,,2015-10-05,1,,,,,"シンエイケンセツコウギョウ",0
148,1100002038911,12,0,2026-08-26,2026-08-14,"有限会社Ｉｎｃｒｅｄｉｂｌｅ　Ｑｕａｃｋｓ",,302,"長野県","中野市","大字赤岩６０４番地",,20,211,3830004,,,,,,,2015-10-05,1,,,,,"インクレディブルクワックス",0
149,1110001040339,01,0,2026-08-26,2026-08-26,"Ｔ．Ｉ．Ｉホールディングス株式会社",,301,"新潟県","長岡市","新産東町１０番地",,15,202,9402128,,,,,,,2026-08-26,1,,,,,"ティーアイアイホールディングス",0
150,1110002007254,01,1,2026-08-26,2015-10-05,"有限会社流通タイヤサービス",,302,"新潟県","新潟市中央区","姥ケ山５丁目８番４号",,15,103,9500923,,,,,,,2015-10-05,1,,,,,"リュウツウタイヤサービス",0
151,1120001014548,01,1,2026-08-26,2015-10-05,"鹿島化学株式会社",,301,"大阪府","大阪市城東区","諏訪１丁目６番１９号",,27,118,5360021,,,,,,,2015-10-05,1,,,,,"カシマカガク",0
152,1120001116666,01,1,2026-08-26,2015-10-05,"エグゼ株式会社",,301,"大阪府","大阪市北区","曾根崎新地１丁目８番７号",,27,127,5300002,,,,,,,2015-10-05,1,,,,,"エグゼ",0
153,1120001119660,12,0,2026-08-26,2026-08-20,"株式会社チャンキーファクトリー",,301,"大阪府","大阪市城東区","新喜多１丁目７番１０号",,27,118,5360015,,,,,,,2015-10-05,1,,,,,"チャンキーファクトリー",0
154,1120001154088,21,0,2026-08-26,2026-08-24,"株式会社青井設計",,301,"大阪府","交野市","妙見東１丁目５番１６号",,27,230,5760012,,,2026-08-24,01,,,2015-10-05,1,,,,,"アオイセッケイ",0
155,1120001154393,01,1,2026-08-26,2015-10-05,"株式会社アート・ライフ",,301,"大阪府","大阪市住吉区","南住吉１丁目９番１９号",,27,120,5580041,,,,,,,2015-10-05,0,,,,,"アートライフ",0
156,1120001154393,12,1,2026-08-26,2017-04-03,"株式会社アート・ライフ",,301,"大阪府","大阪市住吉区","我孫子５丁目９番１７－１０５号",,27,120,5580014,,,,,,,2015-10-05,1,,,,,"アートライフ",0
157,1120001158659,12,0,2026-08-26,2026-08-20,"サンシン設備株式会社",,301,"大阪府","守口市","梶町３丁目５９番１３号",,27,209,5700015,,,,,,,2015-10-05,1,,,,,"サンシンセツビ",0
158,1120001194324,12,0,2026-08-26,2026-07-28,"蒼々株式会社",,301,"東京都","新宿区","水道町３番１４号神楽坂Ｎビル２－Ｒ号室",,13,104,1620811,,,,,,,2015-11-11,1,,,,,"ソウソウ",0
159,1120001196717,01,1,2026-08-26,2016-03-10,"晴川商事株式会社",,301,"大阪府","大阪市此花区","高見２丁目１０番１３号",,27,104,5540001,,,,,,,2016-03-10,0,,,,,"ハルカワショウジ",0
160,1120001196717,12,1,2026-08-26,2017-03-09,"晴川商事株式会社",,301,"大阪府","松原市","岡７丁目２２０番地",,27,217,5800014,,,,,,,2016-03-10,1,,,,,"ハルカワショウジ",0
161,1120001210700,12,0,2026-08-26,2026-08-04,"株式会社Ｓａｎｋａ９",,301,"京都府","京都市中京区","衣棚町３８－１",,26,104,6048203,,,,,,,2018-01-17,1,,,,,"サンカク",0
162,1120001211145,12,0,2026-08-26,2026-08-20,"株式会社ＬＵＣＩＦＥＲ",,301,"兵庫県","神戸市長田区","房王寺町６丁目１番２１号神戸ビジネスセンター０１",,28,106,6530801,,,,,,,2018-02-07,1,,,,,"ルシファー",0
163,1120001229229,12,0,2026-08-26,2026-08-18,"株式会社永恒",,301,"大阪府","大阪市中央区","高麗橋４丁目３－７－８階",,27,128,5410043,,,,,,,2020-05-26,1,,,,,"エイワ",0
164,1120001229682,11,0,2026-08-26,2026-08-20,"株式会社Ｌ＆Ｐ",,301,"大阪府","阪南市","緑ヶ丘１丁目２１番６号",,27,232,5990216,,,,,,,2020-06-10,1,,,,,"エルアンドピー",0
165,1120001243675,21,0,2026-08-26,2026-08-18,"秋之念商貿株式会社",,301,"大阪府","大阪市東成区","東小橋１丁目１７－３１グランドハイツ東小橋３０３号室",,27,115,5370024,,,2026-08-18,01,,,2022-02-10,1,,,,,"アキノネンショウボウ",0
166,1120001250630,21,0,2026-08-26,2026-08-18,"繽函株式会社",,301,"大阪府","大阪市天王寺区","空清町４番１１号杉野ビル５０１",,27,109,5430018,,,2026-08-18,01,,,2022-12-01,1,,,,,"ヒンカン",0
167,1120001288662,01,0,2026-08-26,2026-08-26,"Ａｃｃｅｌ株式会社",,301,"大阪府","大阪市北区","松ケ枝町１番４１号東拓ビル２０２",,27,127,5300037,,,,,,,2026-08-26,1,,,,,"アクセル",0
168,1120001288712,01,0,2026-08-26,2026-08-26,"株式会社Ａスター",,301,"大阪府","大阪市都島区","毛馬町１丁目４番１５号",,27,102,5340001,,,,,,,2026-08-26,1,,,,,"エースター",0
169,1120001288729,01,0,2026-08-26,2026-08-26,"株式会社清明建設",,301,"大阪府","大阪市中央区","南船場３丁目２番２２号",,27,128,5420081,,,,,,,2026-08-26,1,,,,,"セイメイケンセツ",0
170,1120002077437,12,0,2026-08-26,2026-08-20,"株式会社新井家具店",,301,"大阪府","枚方市","長尾家具町２丁目５番１５号",,27,210,5730102,,,,,,,2015-10-05,1,,,,,"アライカグテン",0
171,1120101030602,21,0,2026-08-26,2026-08-24,"株式会社絆",,301,"大阪府","堺市南区","小代９９番地１",,27,145,5900151,,,2026-08-24,01,,,2015-10-05,1,,,,,"キズナ",0
172,1120101074252,01,0,2026-08-26,2026-08-26,"スマイル株式会社",,301,"大阪府","堺市堺区","東湊町６丁３３８番地",,27,141,5900829,,,,,,,2026-08-26,1,,,,,"スマイル",0
173,1120102020503,01,1,2026-08-26,2015-10-05,"有限会社エルグ",,302,"大阪府","羽曳野市","高鷲４丁目２番１号",,27,222,5830882,,,,,,,2015-10-05,0,,,,,"エルグ",0
174,1120102020503,12,1,2026-08-26,2026-08-21,"有限会社エルグ",,302,"大阪府","和泉市","府中町５丁目６番４３号",,27,219,5940071,,,,,,,2015-10-05,1,,,,,"エルグ",0
175,1120901053067,01,0,2026-08-26,2026-08-26,"株式会社ＬＵＮＡ",,301,"大阪府","茨木市","天王２丁目５番ハイタウンＫ－１１０５号室",,27,211,5670876,,,,,,,2026-08-26,1,,,,,"ルーナ",0
176,1122001040838,01,0,2026-08-26,2026-08-26,"株式会社セレンパートナーズ",,301,"大阪府","八尾市","長池町４丁目７５番地の１８",,27,212,5810836,,,,,,,2026-08-26,1,,,,,"セレンパートナーズ",0
177,1130001009522,01,1,2026-08-26,2015-10-05,"株式会社中谷",,301,"京都府","京都市東山区","高台寺南門通下河原東入桝屋町３６２番地の１３",,26,105,6050826,,,,,,,2015-10-05,1,,,,,"ナカタニ",0
178,1130001026922,01,1,2026-08-26,2015-10-05,"株式会社ケイヨウ",,301,"京都府","京都市伏見区","下鳥羽芹川町４９番地２１",,26,109,6128391,,,,,,,2015-10-05,1,,,,,"ケイヨウ",0
179,1130001057653,01,1,2026-08-26,2016-06-08,"株式会社クラフトマンシップ",,301,"京都府","京都市中京区","壬生下溝町２６番地４２",,26,104,6048832,,,,,,,2016-06-08,0,,,,,"クラフトマンシップ",0
180,1130001057653,12,1,2026-08-26,2017-12-25,"株式会社クラフトマンシップ",,301,"京都府","京都市西京区","山田四ノ坪町８番地１６",,26,111,6158262,,,,,,,2016-06-08,1,,,,,"クラフトマンシップ",0
181,1130001074855,12,0,2026-08-26,2026-08-03,"株式会社小平工業",,301,"京都府","八幡市","岩田南浅地２５番地１",,26,210,6148265,,,,,,,2023-08-07,0,,,,,"コヒラコウギョウ",0
182,1130001074855,11,0,2026-08-26,2026-08-03,"株式会社西川鉄筋",,301,"京都府","八幡市","岩田南浅地２５番地１",,26,210,6148265,,,,,,,2023-08-07,1,,,,,"ニシカワテッキン",0
183,1130001076802,12,0,2026-08-26,2026-07-31,"株式会社ＣＫマネジメント",,301,"京都府","京都市左京区","下鴨本町１９番地６ライオンズマンション下鴨本町１階",,26,103,6060862,,,,,,,2024-04-15,1,,,,,"シーケーマネジメント",0
184,1130001082833,01,0,2026-08-26,2026-08-26,"株式会社アートソーイングサービス",,301,"京都府","木津川市","山城町綺田南河原９３番地２２",,26,214,6190201,,,,,,,2026-08-26,1,,,,,"アートソーイングサービス",0
185,1130005012373,01,1,2026-08-26,2015-10-05,"公益社団法人下京納税協会",,399,"京都府","京都市下京区","間之町通五条下る２丁目塗師屋町１２６番地",,26,106,6008182,,,,,,,2015-10-05,1,,,,,"シモギョウノウゼイキョウカイ",0
186,1140001037828,11,0,2026-08-26,2026-08-18,"株式会社ＧＥＷＡＬＫ",,301,"兵庫県","三木市","吉川町豊岡７８６",,28,215,6731243,,,,,,,2015-10-05,1,,,,,"ジウォーク",0
187,1140001043041,01,1,2026-08-26,2015-10-05,"杉本水道株式会社",,301,"兵庫県","加古川市","野口町野口５１５番地の１",,28,210,6750012,,,,,,,2015-10-05,1,,,,,"スギモトスイドウ",0
188,1140003024007,01,0,2026-08-26,2026-08-26,"合同会社クオリティ",,305,"兵庫県","明石市","大久保町高丘６丁目１３番地３号",,28,203,6740057,,,,,,,2026-08-26,1,,,,,"クオリティ",0
189,1140003024031,01,0,2026-08-26,2026-08-26,"合同会社スイーツアンドスペース",,305,"兵庫県","神戸市中央区","磯辺通１丁目１番１８－７０７号",,28,110,6510084,,,,,,,2026-08-26,1,,,,,"スイーツアンドスペース",0
190,1140005024120,12,0,2026-08-26,2026-08-21,"一般財団法人神戸市学校給食会",,399,"兵庫県","神戸市中央区","東川崎町１丁目３番２号",,28,110,6500044,,,,,,,2018-05-14,1,,,,,"コウベシガッコウキュウショクカイ",0
191,1150001009082,22,0,2026-08-26,2026-08-10,"株式会社プランニングモリタ",,301,"奈良県","生駒市","高山町９４３１番地",,29,209,6300101,,,,,,,2015-10-05,1,,,,,"プランニングモリタ",0
192,1160002013181,12,0,2026-08-26,2026-08-24,"有限会社エィテック",,302,"滋賀県","湖南市","石部口２丁目８３１番地１",,25,211,5203114,,,,,,,2015-10-05,1,,,,,"エィテック",0
193,1170001000592,12,0,2026-08-26,2026-08-21,"岡畑興産株式会社",,301,"大阪府","大阪市中央区","島之内１丁目５番６号",,27,128,5420082,,,,,,,2015-10-05,1,,,,,"オカハタコウサン",0
194,1170001016820,12,0,2026-08-26,2026-08-24,"ＣＲＡＦＵＬＬ株式会社",,301,"和歌山県","岩出市","根来２０７２番地の１",,30,209,6496202,,,,,,,2021-10-13,0,,,,,"クラフル",0
195,1170001016820,11,0,2026-08-26,2026-08-24,"ａｉ．ｉｒｏ株式会社",,301,"和歌山県","岩出市","根来２０７２番地の１",,30,209,6496202,,,,,,,2021-10-13,1,,,,,"アイイロ",0
196,1180001013437,01,1,2026-08-26,2015-10-05,"前島硝子株式会社",,301,"愛知県","名古屋市北区","天道町４丁目１３番地",,23,103,4620034,,,,,,,2015-10-05,1,,,,,"マエジマガラス",0
197,1180001043979,01,1,2026-08-26,2015-10-05,"株式会社デルコア中部",,301,"愛知県","名古屋市中川区","尾頭橋３丁目１番２３号",,23,110,4540012,,,,,,,2015-10-05,1,,,,,"デルコアチュウブ",0
198,1180001098536,12,0,2026-08-26,2026-08-17,"株式会社八神",,301,"愛知県","海部郡大治町","大字砂子字寺屋敷８８６番地",,23,424,4901143,,,,,,,2015-10-05,1,,,,,"ヤガミ",0
199,1180001102818,12,0,2026-08-26,2026-08-24,"株式会社創人",,301,"愛知県","名古屋市守山区","白山２丁目５０８番地パークサイドヴィラ白山４‐Ｂ号",,23,113,4630032,,,,,,,2015-10-05,1,,,,,"ソウジン",0
200,1180001109607,12,0,2026-08-26,2026-08-24,"株式会社アッシュホーム",,301,"愛知県","稲沢市","下津鞍掛１丁目１番地１６",,23,220,4928091,,,,,,,2015-10-05,1,,,,,"アッシュホーム",0
201,1180001127014,11,0,2026-08-26,2026-08-17,"株式会社アメニモマケズ",,301,"愛知県","津島市","橘町４丁目３５番地２",,23,208,4960038,,,,,,,2017-03-22,1,,,,,"アメニモマケズ",0
202,1180001167885,12,0,2026-08-26,2026-08-21,"株式会社Ｅｉｇｈｔ",,301,"愛知県","名古屋市中区","錦３丁目２２番７号アークビル６Ｆ",,23,106,4600003,,,,,,,2025-07-29,1,,,,,"エイト",0
203,1180003027740,21,0,2026-08-26,2026-08-19,"合同会社ハッピー",,305,"愛知県","名古屋市瑞穂区","汐路町４丁目３パールレジデンス汐路町５０２号",,23,108,4670003,,,2026-08-19,01,,,2024-12-16,1,,,,,"ハッピー",0
204,1180005016345,21,0,2026-08-26,2026-08-24,"土地家屋調査士法人樹神ほがら登記測量事務所",,399,"愛知県","あま市","七宝町伊福壱町畑１６１番地１",,23,237,4970005,,,2026-08-24,01,,,2015-10-05,1,,,,,"コダマホガラトウキソクリョウジムショ",0
205,1180301009440,21,0,2026-08-26,2026-08-21,"株式会社まごころ畳",,301,"愛知県","豊橋市","北島町字中川原１４７番地１",,23,201,4400071,,,2026-08-21,01,,,2015-10-05,1,,,,,"マゴコロタタミ",0
206,1180301041303,01,0,2026-08-26,2026-08-26,"ＡＸＩＯＮ株式会社",,301,"愛知県","岡崎市","六供町字１丁目１番地",,23,202,4440072,,,,,,,2026-08-26,1,,,,,"アクション",0
207,1190001033368,01,0,2026-08-26,2026-08-26,"株式会社ＭＲＫ建設",,301,"三重県","津市","雲出島貫町９２６番地１",,24,201,5140305,,,,,,,2026-08-26,1,,,,,"エムアールケーケンセツ",0
208,1190005011840,01,1,2026-08-26,2023-07-07,"医療法人ＴＭＤ",,399,"三重県","鈴鹿市","地子町８１４番地の３３",,24,207,5130821,,,,,,,2023-07-07,1,,,,,"ティーエムディー",0
209,1200001024844,01,1,2026-08-26,2015-10-05,"株式会社サンエイ",,301,"岐阜県","高山市","西之一色町２丁目９０番地の１４",,21,203,5060031,,,,,,,2015-10-05,1,,,,,"サンエイ",0
210,1200001032236,01,1,2026-08-26,2015-11-09,"神岡朝岐販売株式会社",,301,"岐阜県","飛騨市","神岡町東町５８９番地１",,21,217,5061111,,,,,,,2015-11-09,1,,,,,"カミオカアサギハンバイ",0
211,1200003006295,21,0,2026-08-26,2026-08-07,"合同会社ＮＵＮＡＸ",,305,"岐阜県","本巣郡北方町","高屋太子１丁目３番地の２",,21,421,5010457,,,2026-08-07,01,,,2024-04-05,1,,,,,,0
212,1210001000992,21,0,2026-08-26,2026-08-13,"株式会社貴南商事",,301,"福井県","福井市","日光１丁目１６番１号",,18,201,9100029,,,2026-08-13,01,,,2026-02-26,1,,,,,"キナンショウジ",0
213,1210002003961,12,0,2026-08-26,2026-08-24,"ロイヤル観光有限会社",,302,"大阪府","東大阪市","岩田町１丁目１５番８号",,27,227,5780941,,,,,,,2015-10-05,1,,,,,"ロイヤルカンコウ",0
214,1220001011287,21,0,2026-08-26,2026-08-25,"株式会社ルピナス",,301,"石川県","金沢市","安原中央土地区画６６街区１番地フィーノ１０２号",,17,201,9200000,,,2026-08-25,01,,,2015-10-05,1,,,,,"ルピナス",0
215,1220005005541,01,1,2026-08-26,2015-10-05,"能登神社",,399,"石川県","羽咋市","鹿島路町タ部６０番地",,17,207,9250076,,,,,,,2015-10-05,1,,,,,"ノトジンジャ",0
216,1240001015963,22,0,2026-08-26,2026-07-22,"章栄建設株式会社",,301,"広島県","広島市中区","中町２番１６号",,34,101,7300037,,,,,,,2015-10-05,1,,,,,,0
217,1240001063723,21,0,2026-08-26,2026-08-20,"株式会社Ｊｏｏ",,301,"広島県","尾道市","山波町２９３０番地１",,34,205,7220052,,,2026-08-20,01,,,2024-08-19,1,,,,,,0
218,1240001063921,12,0,2026-08-26,2026-08-21,"株式会社ＧＬＯＢＡＬ",,301,"広島県","呉市","広駅前１丁目８番３１号",,34,202,7370142,,,,,,,2024-10-09,1,,,,,"グローバル",0
219,1240001066957,01,0,2026-08-26,2026-08-26,"株式会社ＫＬＲ",,301,"広島県","東広島市","西条岡町９番地３岡町レジデンスＩＣＺＩＩ９号室",00144727,34,212,7390016,,,,,,,2026-08-26,1,,,,,"ケーエルアール",0
220,1240001066965,01,0,2026-08-26,2026-08-26,"松新フーズ株式会社",,301,"広島県","広島市東区","二葉の里３丁目５番７号ＧＲＡＮＯＤＥ広島３階",,34,102,7320057,,,,,,,2026-08-26,1,,,,,"マツシンフーズ",0
221,1240002005360,01,1,2026-08-26,2015-10-05,"有限会社ケイ・エヌ企画",,302,"広島県","広島市安佐南区","山本３丁目１８番８号",,34,105,7310137,,,,,,,2015-10-05,1,,,,,"ケイエヌキカク",0
222,1240002046108,01,1,2026-08-26,2015-10-05,"有限会社西日本ビルテック広島",,302,"広島県","神石郡神石高原町","小畠１８８番地",,34,545,7201522,,,,,,,2015-10-05,1,,,,,"ニシニホンビルテックヒロシマ",0
223,1250002016217,01,1,2026-08-26,2015-10-05,"有限会社サンライズオカムラ",,302,"山口県","周南市","西松原３丁目２番２６号",,35,215,7450054,,,,,,,2015-10-05,1,,,,,"サンライズオカムラ",0
224,1250005004664,01,1,2026-08-26,2015-10-05,"常正寺",,399,"山口県","長門市","油谷河原８１６番地",,35,211,7594504,,,,,,,2015-10-05,1,,,,,"ジョウショウジ",0
225,1260001039399,12,0,2026-08-26,2026-08-25,"株式会社ＣｒａｆｔＺｏｎｅ",,301,"岡山県","岡山市北区","津島中３丁目１番１号共創イノベーションラボ棟",,33,101,7000082,,,,,,,2024-09-03,1,,,,,"クラフトゾーン",0
226,1260001041553,01,0,2026-08-26,2026-08-26,"雅商事株式会社",,301,"岡山県","岡山市南区","西市２９０番地３クレール西市６０３",,33,104,7000953,,,,,,,2026-08-26,1,,,,,"ミヤビショウジ",0
227,1260002012859,12,0,2026-08-26,2026-08-25,"有限会社ウインズコーポレーション",,302,"岡山県","岡山市東区","浦間１１０２番地",,33,103,7090607,,,,,,,2015-10-05,1,,,,,"ウインズコーポレーション",0
228,1270002001332,21,0,2026-08-26,2026-08-25,"有限会社ブレイン・ナッツ",,302,"鳥取県","鳥取市","瓦町３１３番地の４",,31,201,6800821,,,2026-08-25,01,,,2015-10-05,1,,,,,"ブレインナッツ",0
229,1290001085622,01,1,2026-08-26,2019-06-21,"株式会社ＣＬＳ",,301,"福岡県","福岡市中央区","天神４丁目８番２号天神ビルプラス５０７",,40,133,8100001,,,,,,,2019-06-21,0,,,,,"シーエルエス",0
230,1290001085622,12,1,2026-08-26,2020-05-07,"株式会社ＣＬＳ",,301,"福岡県","福岡市中央区","薬院４丁目１番７号薬院プライムビル２階",,40,133,8100022,,,,,,,2019-06-21,0,,,,,"シーエルエス",0
231,1290001085622,12,1,2026-08-26,2023-10-02,"株式会社ＣＬＳ",,301,"福岡県","福岡市中央区","赤坂１丁目１番５号鶴田けやきビル６階",,40,133,8100042,,,,,,,2019-06-21,0,,,,,"シーエルエス",0
232,1290001085622,11,1,2026-08-26,2026-08-10,"株式会社ジャルダン",,301,"福岡県","福岡市中央区","赤坂１丁目１番５号鶴田けやきビル６階",,40,133,8100042,,,,,,,2019-06-21,0,,,,,"シーエルエス",0
233,1290001085622,12,0,2026-08-26,2026-08-19,"株式会社ジャルダン",,301,"大分県","大分市","大字横尾３９３７番地の６第２コーポ石田１０３号",,44,201,8700126,,,,,,,2019-06-21,1,,,,,"シーエルエス",0
234,1290001092940,11,0,2026-08-26,2026-08-21,"株式会社電昇",,301,"福岡県","那珂川市","片縄北１丁目３－２６",,40,231,8111203,,,,,,,2021-04-23,1,,,,,"デンショウ",0
235,1290001109942,12,0,2026-08-26,2026-08-18,"株式会社インテリア三島",,301,"福岡県","福岡市城南区","樋井川１丁目８番２７号",,40,136,8140153,,,,,,,2025-05-12,1,,,,,"インテリアミシマ",0
236,1290001113440,12,0,2026-08-26,2026-08-19,"株式会社ＬＯＣＯＣＲＡ",,301,"福岡県","福岡市中央区","渡辺通５丁目７－２５パヴァナジオーネ寺町通り１階",,40,133,8100004,,,,,,,2026-03-16,1,,,,,"ロコクラ",0
237,1290001114389,12,0,2026-08-26,2026-08-24,"蒼和実業株式会社",,301,"広島県","広島市安佐北区","狩留家町原開地３４７１番地１",,34,106,7391753,,,,,,,2026-06-04,1,,,,,"ソウワジツギョウ",0
238,1290001115255,01,0,2026-08-26,2026-08-26,"株式会社オレンジコネクト",,301,"福岡県","福岡市中央区","荒戸２丁目２番４２－５０３号アーバンパレス大濠",,40,133,8100062,,,,,,,2026-08-26,1,,,,,"オレンジコネクト",0
239,1290802016783,01,1,2026-08-26,2015-10-05,"有限会社石松呉服店",00094603,302,"福岡県","遠賀郡遠賀町","遠賀川２丁目５番１９号",,40,384,8114307,,,,,,,2015-10-05,1,,,,,"イシマツゴフクテン",0
240,1300001004596,21,0,2026-08-26,2026-08-25,"三協商事株式会社",,301,"佐賀県","武雄市","武雄町大字武雄７３４８番地６松永ビル２０２号",,41,206,8430022,,,2026-08-25,01,,,2015-10-05,1,,,,,"サンキョウショウジ",0
241,1310002012374,01,1,2026-08-26,2015-10-05,"有限会社洸琳窯",,302,"長崎県","東彼杵郡波佐見町","永尾郷３４番地１",,42,323,8593705,,,,,,,2015-10-05,1,,,,,"コウリンガマ",0
242,1320003005054,01,0,2026-08-26,2026-08-26,"合同会社ＺＥＲＯ　ＯＮＥ　ＢＡＳＥ",,305,"大分県","臼杵市","大字臼杵６１０番地の１",,44,206,8750041,,,,,,,2026-08-26,1,,,,,"ゼロワンベース",0
243,1330001010591,01,1,2026-08-26,2015-10-05,"株式会社マツキュウ",,301,"熊本県","熊本市北区","植木町岩野２９１１番地",,43,105,8610136,,,,,,,2015-10-05,1,,,,,"マツキュウ",0
244,1330001025284,12,0,2026-08-26,2026-08-21,"株式会社黒木",,301,"熊本県","合志市","竹迫２２５２",,43,216,8611114,,,,,,,2018-05-07,1,,,,,"クロキ",0
245,1330001028989,01,1,2026-08-26,2021-09-14,"ＫＯＵＫＥＮ２４６建設株式会社",,301,"熊本県","熊本市東区","小山１丁目５番１－２０２号",,43,102,8618045,,,,,,,2021-09-14,1,,,,,"コウケンニイヨンロクケンセツ",0
246,1350001019160,12,0,2026-08-26,2026-08-17,"株式会社Ａ‐ｐｌｕｓ",,301,"宮崎県","宮崎市","大字恒久７４３番地３",,45,201,8800916,,,,,,,2024-08-30,0,,,,,"エープラス",0
247,1350001019160,11,0,2026-08-26,2026-08-17,"円珈株式会社",,301,"宮崎県","宮崎市","大字恒久７４３番地３",,45,201,8800916,,,,,,,2024-08-30,1,,,,,"マドカ",0
248,1360003016130,01,0,2026-08-26,2026-08-26,"パーヤン企画合同会社",,305,"沖縄県","豊見城市","字名嘉地２５３番地",,47,212,9010235,,,,,,,2026-08-26,1,,,,,"パーヤンキカク",0
249,1370001042292,12,0,2026-08-26,2026-08-03,"株式会社マリ",,301,"京都府","京都市下京区","中堂寺粟田町９１京都リサーチパーク９号館",,26,106,6008815,,,,,,,2017-11-13,1,,,,,"マリ",0
250,1370003001404,12,0,2026-08-26,2026-08-20,"合同会社シンシアコンサルティング",,305,"宮城県","名取市","那智が丘２丁目５番１１",,04,207,9820044,,,,,,,2015-10-05,1,,,,,"シンシアコンサルティング",0
251,1370003007236,01,1,2026-08-26,2025-08-08,"合同会社オレンジ",,305,"宮城県","名取市","ゆりが丘１丁目１５－２",,04,207,9820045,,,,,,,2025-08-08,1,,,,,"オレンジ",0
252,1380005012448,21,0,2026-08-26,2026-08-20,"特定非営利活動法人ちりんこ白河",,399,"福島県","白河市","中町６８番地",,07,205,9610951,,,2026-08-20,01,,,2021-06-16,1,,,,,"チリンコシラカワ",0
253,1400001008579,21,0,2026-08-26,2026-08-20,"株式会社ｉプランナー",,301,"岩手県","盛岡市","中央通３丁目１７番１２号",,03,201,0200021,,,2026-08-20,01,,,2015-10-05,1,,,,,"アイプランナー",0
254,1430001092769,12,0,2026-08-26,2026-08-20,"株式会社ａｏｓｏｌａ",,301,"北海道","勇払郡むかわ町","春日６０番地３",,01,586,0540002,,,,,,,2024-10-03,1,,,,,"アオソラ",0
255,1430002002446,21,0,2026-08-26,2026-08-21,"有限会社植村質舗",,302,"北海道","札幌市中央区","北一条東３丁目２番地２シティハウス札幌大通東４０７号",,01,101,0600031,,,2026-08-21,01,,,2015-10-05,1,,,,,"ウエムラシチホ",0
256,1430002019770,21,0,2026-08-26,2026-08-24,"有限会社村井測量事務所",,302,"北海道","札幌市北区","北二十七条西１５丁目５番２５号",,01,102,0010027,,,2026-08-24,01,,,2015-10-05,1,,,,,"ムライソクリョウジムショ",0
257,1430002064593,21,0,2026-08-26,2026-08-19,"有限会社中島商事",,302,"北海道","室蘭市","中島町１丁目３４番７号",,01,205,0500074,,,2026-08-19,01,,,2015-10-05,1,,,,,"ナカジマショウジ",0
258,1430003017030,12,0,2026-08-26,2026-08-17,"合同会社Ｂａｎｎｅｒ",,305,"北海道","札幌市中央区","南七条西１３丁目４番８チェリー１０２号",,01,101,0640807,,,,,,,2024-11-29,1,,,,,"バナー",0
259,1430003018342,12,0,2026-08-26,2026-08-07,"合同会社オルカ",,305,"北海道","札幌市中央区","南四条西１２丁目１３０４－４メゾンロワール４０５",,01,101,0640804,,,,,,,2025-11-25,1,,,,,"オルカ",0
260,1450005001699,01,1,2026-08-26,2015-10-05,"秩父神社",,399,"北海道","雨竜郡秩父別町","４１０３番地",,01,434,0782100,,,,,,,2015-10-05,1,,,,,"チップジンジャ",0
261,1450005002268,12,0,2026-08-26,2026-08-24,"富良野地域環境施設管理協同組合",,399,"北海道","空知郡上富良野町","北町１丁目４番１０",,01,460,0710549,,,,,,,2015-10-05,1,,,,,"フラノチイキカンキョウシセツカンリ",0
262,1490001010568,12,0,2026-08-26,2026-08-24,"株式会社テクノハウス",,301,"高知県","高知市","朝倉西町２丁目１７番２６号",,39,201,7808077,,,,,,,2023-08-29,1,,,,,"テクノハウス",0
263,1490005004335,22,0,2026-08-26,2026-08-12,"土佐山田丸果青果市場協同組合",,399,"高知県","香美市","土佐山田町宝町２丁目２番１５号",,39,212,7820034,,,,,,,2015-10-05,1,,,,,,0
264,1700150089308,13,0,2026-08-26,2026-07-17,"株式会社　オリオン",,401,"東京都","中央区","日本橋本町３丁目３－６ワカ末ビル７階",,13,102,1030023,"大韓民国ソウル特別市江南区南部循環路２７４５（道谷洞）",,,,,,2018-06-08,1,,,,,"カブシキカイシヤオリオン",0
265,1700150135375,13,0,2026-08-26,2026-07-09,"Ｃｈａｎｇｚｈｏｕ　Ｚｅｍｕｓｉ　Ｚｈｉｎｅｎｇ　ｋｅｊｉ　Ｃｏ．，Ｌｔｄ．",,401,,,,,,,,"２－１００６－０１，Ｚｏｎｅ　２，Ｈｅｎｇｓｈｅｎｇ　Ｋｅｊｉ　Ｙｕａｎ　Ｎｏ．８　Ｂｅｉｔａｎｇｈｅ　Ｌｕ，Ｔｉａｎｎｉｎｇ　Ｑｕ　Ｃｈａｎｇｚｈｏｕ　Ｊｉａｎｇｓｕ",,,,,,2026-06-23,1,,,,,"チャンチョウゼムスインテリジェントテクノロジーカンパニーリミテッド",0
266,1700150137108,01,0,2026-08-26,2026-08-26,"ｑｉｎｇｄａｏｒｕｉｂｕｍａｏｙｉｙｏｕｘｉａｎｇｏｎｇｓｉ",,401,,,,,,,,"Ｌｉｃａｎｇ　Ｑｕ　Ｘｉｎｇｈｕａ　Ｌｕ　３０　Ｈａｏ，３－９８－１０５　Ｑｉｎｇｄａｏ　Ｓｈｉ　Ｓｈａｎｄｏｎｇ　Ｓｈｅｎｇ　ＣＮ",,,,,,2026-08-26,1,,,,,"チンタオルイブーマオイーユウゲンコウシ",0
267,2010001033475,01,1,2026-08-26,2015-10-05,"株式会社ＪＥＣＣ",,301,"東京都","千代田区","丸の内３丁目４番１号",,13,101,1000005,,,,,,,2015-10-05,0,,,,,,0
268,2010001033475,71,1,2026-08-26,2017-09-12,"株式会社ＪＥＣＣ",,301,"東京都","千代田区","丸の内３丁目４番１号",,13,101,1000005,,,,,,"平成２９年９月１日沖縄県那覇市松山一丁目１番１９号沖縄ジェックリース株式会社（9360001004633）を合併",2015-10-05,0,,,,,,0
269,2010001033475,71,1,2026-08-26,2021-04-05,"株式会社ＪＥＣＣ",,301,"東京都","千代田区","丸の内３丁目４番１号",,13,101,1000005,,,,,,"令和３年４月１日東京都千代田区丸の内三丁目４番１号日本教育情報機器株式会社（6010001033050）を合併",2015-10-05,1,,,,,,0
270,2010001054777,01,1,2026-08-26,2015-10-05,"幡和工業株式会社",,301,"東京都","中央区","日本橋小網町１９番５号",,13,102,1030016,,,,,,,2015-10-05,0,,,,,"ハタワコウギョウ",0
271,2010001054777,12,1,2026-08-26,2019-07-23,"幡和工業株式会社",,301,"東京都","港区","港南３丁目８番１号",,13,103,1080075,,,,,,,2015-10-05,1,,,,,"ハタワコウギョウ",0
272,2010001134315,21,0,2026-08-26,2026-08-24,"株式会社エバーリッチ",,301,"東京都","台東区","三筋２丁目２１番８号６０２",,13,106,1110055,,,2026-08-24,01,,,2015-10-05,1,,,,,"エバーリッチ",0
273,2010001223704,12,0,2026-08-26,2026-08-24,"ＶｕｓｉｏｎＧｒｏｕｐ株式会社",,301,"東京都","千代田区","永田町２丁目１３番１０号",,13,101,1000014,,,,,,,2022-01-11,1,,,,,"ヴジョングループ",0
274,2010001226104,01,1,2026-08-26,2022-04-21,"Ｓ＆Ｆ株式会社",,301,"東京都","中央区","日本橋本町３丁目８番５号",,13,102,1030023,,,,,,,2022-04-21,0,,,,,,0
275,2010001226104,12,1,2026-08-26,2026-05-11,"Ｓ＆Ｆ株式会社",,301,"東京都","中央区","日本橋本町３丁目１１番５号",,13,102,1030023,,,,,,,2022-04-21,1,,,,,,0
276,2010001243586,12,0,2026-08-26,2026-08-24,"盤古伝説株式会社",,301,"東京都","台東区","駒形１丁目２－１３ＫｉＧｉＫＵＲＡＭＡＥビル１階",,13,106,1110043,,,,,,,2024-04-08,1,,,,,"バンコデンセツ",0
277,2010001244659,01,1,2026-08-26,2024-05-09,"株式会社Ｇｒａｎ　ＨｕｂＳ",,301,"東京都","中央区","佃１丁目１１－６－２１１１",,13,102,1040051,,,,,,,2024-05-09,0,,,,,,0
278,2010001244659,12,1,2026-08-26,2025-10-27,"株式会社Ｇｒａｎ　ＨｕｂＳ",,301,"東京都","中央区","銀座１丁目１２－４Ｎ＆ＥＢＬＤ．６階",,13,102,1040061,,,,,,,2024-05-09,0,,,,,,0
279,2010001244659,12,1,2026-08-26,2026-07-09,"株式会社Ｇｒａｎ　ＨｕｂＳ",,301,"東京都","中央区","佃１丁目１１番６号３２１０",,13,102,1040051,,,,,,,2024-05-09,1,,,,,,0
280,2010001264946,11,0,2026-08-26,2026-08-03,"株式会社フライハイト",,301,"東京都","千代田区","大手町１丁目６番１号",,13,101,1000004,,,,,,,2026-04-24,1,,,,,"フライハイト",0
281,2010001268195,01,0,2026-08-26,2026-08-26,"株式会社ｏｗｎｎ．",,301,"東京都","文京区","大塚３丁目８番３号ブランズ茗荷谷２０２",,13,105,1120012,,,,,,,2026-08-26,1,,,,,"オウン",0
282,2010001268286,01,0,2026-08-26,2026-08-26,"Ｎａｔｕｒａｌ　Ｗｅａｌｔｈ株式会社",,301,"東京都","千代田区","丸の内２丁目２番１号岸本ビル７階",,13,101,1000005,,,,,,,2026-08-26,1,,,,,"ナチュラルウェルス",0
283,2010003052408,01,0,2026-08-26,2026-08-26,"合同会社Ｖｅｒｉｔａｓ　Ｏｎｅ",,305,"東京都","中央区","銀座６丁目１３番１６号銀座ウォールビル５階",,13,102,1040061,,,,,,,2026-08-26,1,,,,,"ヴェリタスワン",0
284,2010003052473,01,0,2026-08-26,2026-08-26,"エスティ２８合同会社",,305,"東京都","千代田区","丸の内１丁目４番１号東京共同会計事務所内",,13,101,1000005,,,,,,,2026-08-26,1,,,,,"エスティニジュウハチ",0
285,2010005016914,21,0,2026-08-26,2026-07-31,"医療機器開発支援事業協同組合",,399,"東京都","新宿区","四谷三栄町５番５号",,13,104,1600008,,,2026-07-31,01,,,2015-10-05,1,,,,,"イリョウキキカイハツシエン",0
286,2010005028975,22,0,2026-08-26,2026-07-16,"一般社団法人浅草ホールディングス",,399,"東京都","千代田区","丸の内１丁目４番１号東京共同会計事務所内",,13,101,1000005,,,,,,,2018-08-20,1,,,,,"アサクサホールディングス",0
287,2010005029206,12,0,2026-08-26,2026-07-23,"一般社団法人２２世紀先端医療情報機構",,399,"東京都","中央区","日本橋本町３丁目１１番５号",,13,102,1030023,,,,,,,2018-10-11,1,,,,,"ニジュウニセイキセンタンイリョウジョウホウキコウ",0
288,2010101007032,01,1,2026-08-26,2015-10-05,"加藤鉄筋工業株式会社",,301,"東京都","八王子市","椚田町５５４番地８",,13,201,1930942,,,,,,,2015-10-05,0,,,,,"カトウテッキンコウギョウ",0
289,2010101007032,12,1,2026-08-26,2021-04-26,"加藤鉄筋工業株式会社",,301,"東京都","八王子市","椚田町５７２番地１２",,13,201,1930942,,,,,,,2015-10-05,1,,,,,"カトウテッキンコウギョウ",0
290,2010401080126,12,0,2026-08-26,2026-08-24,"株式会社ＹＭＧ",,301,"東京都","世田谷区","経堂１丁目１２番２０－２０１号",,13,112,1560052,,,,,,,2015-10-05,1,,,,,"ワイエムジー",0
291,2010401116169,12,0,2026-08-26,2026-08-24,"Ｖｈｄ株式会社",,301,"東京都","世田谷区","三軒茶屋２丁目５５－８パレグレイス２Ｆ",,13,112,1540024,,,,,,,2015-10-05,1,,,,,"ブイエイチディー",0
292,2010401131928,11,0,2026-08-26,2026-08-05,"株式会社ボナアセット",,301,"東京都","港区","高輪４丁目２１番２９号モナルダ高輪１０１",,13,103,1080074,,,,,,,2017-06-08,1,,,,,"ボナアセット",0
293,2010401140227,12,0,2026-08-26,2026-07-31,"ＨＡＵＮ株式会社",,301,"東京都","港区","六本木６丁目２番３１号六本木ヒルズノースタワー",,13,103,1060032,,,,,,,2018-08-14,1,,,,,"ハウン",0
294,2010401153063,12,0,2026-08-26,2026-08-24,"Ｄａｗｎ　Ｌｉｇｈｔ株式会社",,301,"東京都","文京区","本駒込３丁目４番１号",,13,105,1130021,,,,,,,2020-06-02,1,,,,,"ドーンライト",0
295,2010401180413,12,0,2026-08-26,2026-07-22,"ステージングホールディングス株式会社",,301,"東京都","港区","三田３丁目４番３号ＲＩＰＬ９－６０５号室",,13,103,1080073,,,,,,,2024-02-14,1,,,,,"ステージングホールディングス",0
296,2010401187409,12,0,2026-08-26,2026-08-21,"株式会社ルビウス",,301,"千葉県","八千代市","緑が丘西６丁目４番地１０",,12,221,2760040,,,,,,,2025-01-09,1,,,,,"ルビウス",0
297,2010401197606,12,0,2026-08-26,2026-07-24,"株式会社ＮＯＭＯＳ　ＯＮＥ",,301,"東京都","港区","新橋６丁目５－４ＤＩＫマンション新橋４２２",,13,103,1050004,,,,,,,2026-04-03,1,,,,,"ノモスワン",0
298,2010401201268,01,0,2026-08-26,2026-08-26,"ＭＣＰ５６株式会社",,301,"東京都","港区","元赤坂１丁目１番７－１２０９号株式会社赤坂国際会計内",,13,103,1070051,,,,,,,2026-08-26,1,,,,,"エムシーピーファイブシックス",0
299,2010401201573,01,0,2026-08-26,2026-08-26,"イマリコーポレーション株式会社",,301,"東京都","港区","虎ノ門３丁目１５－５アルトヴィラ虎ノ門３０１",,13,103,1050001,,,,,,,2026-08-26,1,,,,,"イマリコーポレーション",0
300,2010401201598,01,0,2026-08-26,2026-08-26,"株式会社ｍｕＧｅｎ",,301,"東京都","港区","東麻布２丁目１３番１号",,13,103,1060044,,,,,,,2026-08-26,1,,,,,"ムゲン",0
301,2010402029394,12,0,2026-08-26,2026-08-13,"有限会社ｖｉ－ｔａ",,302,"東京都","港区","白金１丁目２５番１２号",,13,103,1080072,,,,,,,2015-10-05,1,,,,,,0
302,2010403038907,01,0,2026-08-26,2026-08-26,"絵師蓄電合同会社",,305,"東京都","港区","虎ノ門２丁目６番１号",,13,103,1050001,,,,,,,2026-08-26,1,,,,,"エシチクデン",0
303,2010405003017,01,1,2026-08-26,2015-10-05,"特定非営利活動法人日本風景街道コミュニティ",,399,"東京都","武蔵野市","境南町２丁目１０番７号",,13,203,1800023,,,,,,,2015-10-05,0,,,,,"ニホンフウケイカイドウコミュニティー",0
304,2010405003017,12,1,2026-08-26,2017-12-26,"特定非営利活動法人日本風景街道コミュニティ",,399,"東京都","豊島区","東池袋２丁目２３番２号",,13,116,1700013,,,,,,,2015-10-05,1,,,,,"ニホンフウケイカイドウコミュニティー",0
305,2010405016431,21,0,2026-08-26,2026-07-23,"一般社団法人ホノルル",,399,"東京都","中央区","日本橋１丁目４番１号",,13,102,1030027,,,2026-07-23,01,,,2018-02-06,1,,,,,"ホノルル",0
306,2010601008926,21,0,2026-08-26,2026-08-24,"株式会社海老屋総本舗",,301,"東京都","墨田区","両国２丁目１８番４号",,13,107,1300026,,,2026-08-24,01,,,2015-10-05,1,,,,,"エビヤソウホンポ",0
307,2010601032901,01,1,2026-08-26,2015-10-05,"株式会社斉藤薬局",,301,"東京都","江東区","東陽３丁目５番６号",,13,108,1350016,,,,,,,2015-10-05,1,,,,,"サイトウヤッキョク",0
308,2010601049870,01,1,2026-08-26,2016-06-23,"バリナ株式会社",,301,"東京都","墨田区","立花５丁目５０番２８－６３８号",,13,107,1310043,,,,,,,2016-06-23,0,,,,,,0
309,2010601049870,12,1,2026-08-26,2018-06-12,"バリナ株式会社",,301,"東京都","墨田区","千歳３丁目３番１６－４０３号ル・サンク東京森下",,13,107,1300025,,,,,,,2016-06-23,0,,,,,,0
310,2010601049870,12,1,2026-08-26,2023-01-12,"バリナ株式会社",,301,"東京都","中央区","日本橋浜町２丁目２３－５ＪＰ浜町ビル７階",,13,102,1030007,,,,,,,2016-06-23,1,,,,,,0
311,2010601051901,12,0,2026-08-26,2026-08-24,"株式会社ＲＥＶＡＲＣ",,301,"東京都","品川区","北品川４丁目７番６号Ａ７０１",,13,109,1400001,,,,,,,2017-07-20,1,,,,,"レバーク",0
312,2010801032288,12,0,2026-08-26,2026-08-05,"株式会社ねことふじい",,301,"東京都","大田区","西蒲田７丁目４－４－６Ｆ",,13,111,1440051,,,,,,,2021-09-17,0,,,,,"ネコトフジイ",0
313,2010801032288,11,0,2026-08-26,2026-08-05,"株式会社Ｍｙ　Ｎｅｗｓ",,301,"東京都","大田区","西蒲田７丁目４－４－６Ｆ",,13,111,1440051,,,,,,,2021-09-17,1,,,,,"マイニュース",0
314,2010803005952,01,0,2026-08-26,2026-08-26,"合同会社ひとのわ",,305,"東京都","大田区","千鳥１丁目１０番６－２０２号",,13,111,1460083,,,,,,,2026-08-26,1,,,,,"ヒトノワ",0
315,2011001098756,01,1,2026-08-26,2015-10-05,"株式会社ミスマイル",,301,"東京都","目黒区","目黒１丁目４番８号",,13,110,1530063,,,,,,,2015-10-05,0,,,,,,0
316,2011001098756,12,1,2026-08-26,2018-06-28,"株式会社ミスマイル",,301,"東京都","港区","芝５丁目２９番３号",,13,103,1080014,,,,,,,2015-10-05,0,,,,,,0
317,2011001098756,12,1,2026-08-26,2022-03-04,"株式会社ミスマイル",,301,"東京都","文京区","小石川２丁目１番１３号",,13,105,1120002,,,,,,,2015-10-05,1,,,,,,0
318,2011001144270,21,0,2026-08-26,2026-08-10,"株式会社ＳＴＡＲＫ",,301,"東京都","渋谷区","円山町１０－１９",,13,113,1500044,,,2026-08-10,01,,,2021-11-29,1,,,,,"スターク",0
319,2011001162776,12,0,2026-08-26,2026-08-04,"ＦＬＡＳＨ株式会社",,301,"東京都","目黒区","中目黒１丁目１－１７ＬＡＮＴＩＱＵＥ３Ｆ",,13,110,1530061,,,,,,,2024-06-19,1,,,,,"フラッシュ",0
320,2011001166174,12,0,2026-08-26,2026-08-03,"株式会社ＭｅｒａｋＯｒｎｅ",,301,"東京都","府中市","白糸台３丁目１６番地の６府中武蔵野台グランドハイツ９０４",,13,206,1830011,,,,,,,2024-11-25,1,,,,,"メラコルネ",0
321,2011003006196,21,0,2026-08-26,2026-08-07,"ＪＨ合同会社",,305,"東京都","渋谷区","富ヶ谷１丁目４４番７号",,13,113,1510063,,,2026-08-07,01,,,2015-10-05,1,,,,,"ジェイエイチ",0
322,2011003010256,11,0,2026-08-26,2026-08-20,"株式会社ミライの芽",,301,"東京都","港区","南青山２丁目２番１５号",,13,103,1070062,,,,,,,2019-08-15,1,,,,,,0
323,2011101004283,01,1,2026-08-26,2015-10-05,"株式会社オフィスセイフティー",,301,"東京都","新宿区","下落合３丁目１７番４４号ドムス目白",,13,104,1610033,,,,,,,2015-10-05,1,,,,,"オフィスセイフティー",0
324,2011101089093,12,0,2026-08-26,2026-07-24,"株式会社ＫＩＴＡＮＯＮ",,301,"東京都","新宿区","荒木町３番地２３国都マンション四谷１Ｆ",,13,104,1600007,,,,,,,2019-09-27,1,,,,,"キタノン",0
325,2011101099365,12,0,2026-08-26,2026-08-20,"株式会社Ｓ．Ｉ　Ｃｏｍｐａｎｙ",,301,"東京都","港区","南青山２丁目２番１５号ウイン青山９３５",,13,103,1070062,,,,,,,2022-06-29,1,,,,,"エスアイカンパニー",0
326,2011101108464,12,0,2026-08-26,2026-07-24,"本味旬食株式会社",,301,"東京都","新宿区","百人町１丁目１８－８大久保カドビルＬｉｎｋＳｐａｃｅ百人町Ａ１１号室",,13,104,1690073,,,,,,,2024-08-16,1,,,,,"ホンミシュンショク",0
327,2011101117226,01,0,2026-08-26,2026-08-26,"株式会社広報ギルド",,301,"東京都","新宿区","西新宿４丁目１６番１３号西新宿ＭＫビル３Ｆ",,13,104,1600023,,,,,,,2026-08-26,1,,,,,"コウホウギルド",0
328,2011101117234,01,0,2026-08-26,2026-08-26,"株式会社ＫＡＺＵＨＩＲＯ",,301,"東京都","新宿区","四谷２丁目１４番地３７",,13,104,1600004,,,,,,,2026-08-26,1,,,,,"カズヒロ",0
329,2011101117250,01,0,2026-08-26,2026-08-26,"株式会社ｔｓｕｙｏｂｉ",,301,"東京都","新宿区","西新宿３丁目３番１３号西新宿水間ビル２Ｆ",,13,104,1600023,,,,,,,2026-08-26,1,,,,,"ツヨビ",0
330,2011102020180,12,0,2026-08-26,2026-07-24,"有限会社ジェイ・アンド・シー商事",,302,"東京都","新宿区","二十騎町１－３０－５０２",,13,104,1620855,,,,,,,2015-10-05,1,,,,,"ジェイアンドシーショウジ",0
331,2011102024388,21,0,2026-08-26,2026-07-31,"有限会社エスエス・コーポレーション",,302,"東京都","新宿区","市谷仲之町４番１６号",,13,104,1620064,,,2026-07-31,01,,,2015-10-05,1,,,,,"エスエスコーポレーション",0
332,2011103017903,01,0,2026-08-26,2026-08-26,"合同会社アムレト",,305,"東京都","新宿区","中町３０近藤ビル３０３号室",,13,104,1620835,,,,,,,2026-08-26,1,,,,,"アムレト",0
333,2011105011929,01,0,2026-08-26,2026-08-26,"一般社団法人持続可能なライフスタイルを考える会",,399,"東京都","新宿区","北町２４番地１",,13,104,1620834,,,,,,,2026-08-26,1,,,,,"ジゾクカノウナライフスタイルヲカンガエルカイ",0
334,2011203002607,01,1,2026-08-26,2017-08-15,"合同会社Ｗ＆Ｈ",,305,"東京都","中野区","上鷺宮５丁目８番８号",,13,114,1650031,,,,,,,2017-08-15,0,,,,,,0
335,2011203002607,12,0,2026-08-26,2026-08-24,"合同会社Ｗ＆Ｈ",,305,"東京都","国分寺市","東恋ヶ窪４丁目１９番７号",,13,214,1850014,,,,,,,2017-08-15,1,,,,,,0
336,2011401017811,12,0,2026-08-26,2026-08-24,"メリウス株式会社",,301,"東京都","板橋区","泉町４８－２アイリス本蓮沼３０４",,13,119,1740055,,,,,,,2015-10-05,1,,,,,"メリウス",0
337,2011401028164,01,0,2026-08-26,2026-08-26,"ノバスタージャパン株式会社",,301,"東京都","板橋区","小茂根１丁目３－１５",,13,119,1730037,,,,,,,2026-08-26,1,,,,,"ノバスタージャパン",0
338,2011402005591,01,1,2026-08-26,2015-10-05,"有限会社高田電設",,302,"東京都","板橋区","成増５丁目２４番３号",,13,119,1750094,,,,,,,2015-10-05,1,,,,,"タカダデンセツ",0
339,2011501033683,01,0,2026-08-26,2026-08-26,"澤桑製薬株式会社",,301,"東京都","荒川区","南千住３丁目２７－２浅草ビル５０８",,13,118,1160003,,,,,,,2026-08-26,1,,,,,"タクソウセイヤク",0
340,2011601006432,01,1,2026-08-26,2015-10-05,"丸益建設株式会社",,301,"東京都","練馬区","南大泉３丁目２３番６号",,13,120,1780064,,,,,,,2015-10-05,1,,,,,"マルマスケンセツ",0
341,2011601006449,01,1,2026-08-26,2015-10-05,"株式会社サーマル",,301,"東京都","練馬区","関町東１丁目２７番４号",,13,120,1770052,,,,,,,2015-10-05,1,,,,,"サーマル",0
342,2011601016209,01,1,2026-08-26,2015-10-05,"ＭＳネット株式会社",,301,"埼玉県","朝霞市","栄町４丁目１番１６号",,11,227,3510012,,,,,,,2015-10-05,0,,,,,,0
343,2011601016209,12,1,2026-08-26,2022-05-10,"ＭＳネット株式会社",,301,"東京都","千代田区","神田須田町２丁目１５番地２クレアール神田",,13,101,1010041,,,,,,,2015-10-05,1,,,,,,0
344,2011602001614,12,0,2026-08-26,2026-08-24,"有限会社エルザ・１",,302,"埼玉県","新座市","堀ノ内３丁目８番４号",,11,230,3520023,,,,,,,2015-10-05,1,,,,,,0
345,2011702003304,01,1,2026-08-26,2015-10-05,"有限会社木村経営計算センター",,302,"東京都","江戸川区","南小岩７丁目３２番１号",,13,123,1330056,,,,,,,2015-10-05,1,,,,,"キムラケイエイケイサンセンター",0
346,2011703004714,01,0,2026-08-26,2026-08-26,"Ｐｒｉｍｅ　Ｓｔａｙ合同会社",,305,"東京都","江戸川区","松島４丁目３－１９",,13,123,1320031,,,,,,,2026-08-26,1,,,,,"プライムステイ",0
347,2011801030109,01,1,2026-08-26,2015-10-05,"株式会社Ｗ",,301,"東京都","葛飾区","東金町５丁目１０番１号",,13,122,1250041,,,,,,,2015-10-05,1,,,,,"ダブリュー",0
348,2011801046328,12,0,2026-08-26,2026-08-19,"ハイパープロジェクト株式会社",,301,"東京都","足立区","保木間２丁目３３番３号",,13,121,1210064,,,,,,,2025-06-18,1,,,,,"ハイパープロジェクト",0
349,2011801048299,01,0,2026-08-26,2026-08-26,"みらいライン株式会社",,301,"東京都","葛飾区","堀切２丁目６２番８号",,13,122,1240006,,,,,,,2026-08-26,1,,,,,"ミライライン",0
350,2011801048316,01,0,2026-08-26,2026-08-26,"株式会社関口組",,301,"東京都","足立区","島根１丁目１０番１２号",,13,121,1210815,,,,,,,2026-08-26,1,,,,,"セキグチグミ",0
351,2012402010251,01,1,2026-08-26,2015-10-05,"有限会社イースト・ワン",,302,"東京都","調布市","菊野台１丁目１０番地１",,13,208,1820007,,,,,,,2015-10-05,1,,,,,"イーストワン",0
352,2012701019613,01,0,2026-08-26,2026-08-26,"株式会社ＡＲＩＭ",,301,"東京都","東久留米市","下里１丁目１２－１０",,13,222,2030043,,,,,,,2026-08-26,1,,,,,"アリム",0
353,2013201004403,12,0,2026-08-26,2026-08-10,"株式会社ニチエー",,301,"東京都","目黒区","下目黒３丁目７番２号小西ビル３階",,13,110,1530064,,,,,,,2015-10-05,1,,,,,"ニチエー",0
354,2013301041940,12,0,2026-08-26,2026-08-21,"盛源株式会社",,301,"広島県","東広島市","八本松東３丁目３番４号松岡ビル２Ｆ",,34,212,7390142,,,,,,,2018-03-13,1,,,,,"セイゲン",0
355,2013301046691,12,0,2026-08-26,2026-08-20,"株式会社春光",,301,"東京都","豊島区","要町１丁目８－６シャトー池袋１０１",,13,116,1710043,,,,,,,2020-12-21,1,,,,,"シュンコウ",0
356,2013301047780,12,0,2026-08-26,2026-08-20,"東南株式会社",,301,"東京都","豊島区","巣鴨４丁目９番９号",,13,116,1700002,,,,,,,2021-07-29,1,,,,,"トウナン",0
357,2020001023153,21,0,2026-08-26,2026-08-05,"サクライアート株式会社",,301,"神奈川県","横浜市保土ケ谷区","上菅田町８０番地１６",,14,106,2400051,,,2026-08-05,01,,,2015-10-05,1,,,,,"サクライアート",0
358,2020001054999,71,0,2026-08-26,2026-08-03,"株式会社バイオメッドコア",,301,"神奈川県","横浜市鶴見区","小野町７５番地１横浜新技術創造館リーディングベンチャープラザ",,14,101,2300046,,,,,,"令和８年８月１日東京都日野市大坂上一丁目３０番地の２０株式会社アージュレス（8011001073836）を合併",2015-10-05,1,,,,,"バイオメッドコア",0
359,2020001064404,01,1,2026-08-26,2015-10-05,"第一産業株式会社",00009693,301,"神奈川県","川崎市多摩区","宿河原６丁目２３番８号",,14,135,2140021,,,,,,,2015-10-05,1,,,,,"ダイイチサンギョウ",0
360,2020001111189,01,1,2026-08-26,2015-10-05,"株式会社モトイ",,301,"神奈川県","川崎市高津区","宇奈根６２５番地",,14,134,2130031,,,,,,,2015-10-05,1,,,,,"モトイ",0
361,2020001113862,01,1,2026-08-26,2015-12-03,"株式会社Ｕシステム",,301,"神奈川県","横浜市中区","真砂町３丁目２８番地",,14,104,2310016,,,,,,,2015-12-03,0,,,,,"ユーシステム",0
362,2020001113862,12,1,2026-08-26,2019-08-22,"株式会社Ｕシステム",,301,"神奈川県","横浜市中区","花咲町３丁目８７番地桜木町ＳＳビル",,14,104,2310063,,,,,,,2015-12-03,1,,,,,"ユーシステム",0
363,2020001146730,12,0,2026-08-26,2026-08-07,"株式会社サファイアイリス",,301,"神奈川県","横浜市中区","元浜町３丁目２１番地２ヘリオス関内ビル",,14,104,2310004,,,,,,,2022-06-02,1,,,,,"サファイアイリス",0
364,2020001170111,01,0,2026-08-26,2026-08-26,"カメオカホールディングス株式会社",,301,"神奈川県","横浜市都筑区","池辺町４４０９番地２",,14,118,2240053,,,,,,,2026-08-26,1,,,,,"カメオカホールディングス",0
365,2020002039388,12,0,2026-08-26,2026-08-18,"有限会社仲地フロア",,302,"神奈川県","横浜市鶴見区","岸谷２丁目４番１３号寺内アパート２０１",,14,101,2300078,,,,,,,2015-10-05,1,,,,,"ナカチフロア",0
366,2020002040346,01,1,2026-08-26,2015-10-05,"有限会社南興産",,302,"神奈川県","横浜市鶴見区","寺谷２丁目１８番７号",,14,101,2300015,,,,,,,2015-10-05,1,,,,,"ミナミコウサン",0
367,2020003023003,12,0,2026-08-26,2026-08-21,"Ｋｅｐｌｅｒ４合同会社",,305,"東京都","練馬区","中村北３丁目８番３号",,13,120,1760023,,,,,,,2023-01-13,1,,,,,"ケプラーフィア",0
368,2020003024109,21,0,2026-08-26,2026-08-05,"合同会社Ｌｅｖ",,305,"神奈川県","横浜市中区","羽衣町３丁目６３羽衣ビル４－Ａ",,14,104,2310047,,,2026-08-05,01,,,2023-07-04,1,,,,,"リーエフ",0
369,2020003031724,01,0,2026-08-26,2026-08-26,"合同会社Ｆｌａｒｅｌｙ",,305,"神奈川県","横浜市西区","浅間町１丁目４－３ウィザードビル４０２",,14,103,2200072,,,,,,,2026-08-26,1,,,,,"フレアリー",0
370,2020005004843,01,1,2026-08-26,2015-10-05,"ＮＩＣシルクハイム三ツ沢桜台管理組合法人",,399,"神奈川県","横浜市保土ケ谷区","峰沢町３１２番地",,14,106,2400061,,,,,,,2015-10-05,1,,,,,"ニックシルクハイムミツザワサクラダイ",0
371,2020005012937,12,0,2026-08-26,2026-08-20,"一般社団法人ザ・グローバル・アライアンス・フォー・サステイナブル・サプライチェーン",,399,"東京都","渋谷区","渋谷１丁目３番９号ヒューリック渋谷１丁目ビル",,13,113,1500002,,,,,,,2017-02-01,1,,,,,"ザグローバルアライアンスフォーサステイナブルサプライチェーン",0
372,2021001009258,01,1,2026-08-26,2015-10-05,"株式会社センターパーキング",,301,"神奈川県","鎌倉市","小町２丁目１５番３号",,14,204,2480006,,,,,,,2015-10-05,1,,,,,"センターパーキング",0
373,2021001035394,01,1,2026-08-26,2015-10-05,"株式会社Ｃ．Ｌ．Ｖ．",,301,"神奈川県","小田原市","酒匂３丁目１４番３６号",,14,206,2560816,,,,,,,2015-10-05,1,,,,,"シーエルブイ",0
374,2021001036145,21,0,2026-08-26,2026-08-03,"株式会社イシマル",,301,"神奈川県","平塚市","東八幡４丁目１番８号",,14,203,2540016,,,2026-08-03,01,,,2015-10-05,1,,,,,"イシマル",0
375,2021001059427,01,1,2026-08-26,2016-06-07,"株式会社道和興建",,301,"神奈川県","藤沢市","宮原３３４２番地の５",,14,205,2520826,,,,,,,2016-06-07,1,,,,,"ミチワコウケン",0
376,2021005013685,01,0,2026-08-26,2026-08-26,"特定非営利活動法人神奈川県央脳神経外科研究会",,399,"神奈川県","伊勢原市","下糟屋１４３番地東海大学医学部脳神経外科学教室内",,14,214,2591143,,,,,,,2026-08-26,1,,,,,"カナガワケンオウノウシンケイゲカケンキュウカイ",0
377,2030001029348,11,0,2026-08-26,2026-08-07,"株式会社Ｆａｌｃｏ　Ａｒｓ",,301,"埼玉県","所沢市","三ケ島１丁目８２番地の３",,11,208,3591164,,,,,,,2015-10-05,1,,,,,"ファルコアルス",0
378,2030001075739,21,0,2026-08-26,2026-08-10,"大一流通株式会社",,301,"埼玉県","川口市","東領家４丁目６番５号",,11,203,3320003,,,2026-08-10,01,,,2015-10-05,1,,,,,"ダイイチリュウツウ",0
379,2030001100488,01,1,2026-08-26,2015-10-05,"ＰＶＴＥＣ株式会社",,301,"埼玉県","児玉郡上里町","大字三町６８２番地１",,11,385,3690314,,,,,,,2015-10-05,1,,,,,,0
380,2030001121261,21,0,2026-08-26,2026-08-10,"株式会社Ｊダイニング",,301,"埼玉県","川口市","芝新町二丁目１９番地",,11,203,3330851,,,2026-08-10,01,,,2017-07-18,1,,,,,,0
381,2030001154014,12,0,2026-08-26,2026-08-10,"株式会社櫻井建装",,301,"埼玉県","蕨市","塚越７丁目３１番１１号",,11,223,3350002,,,,,,,2023-05-22,1,,,,,"サクライケンソウ",0
382,2030001168658,12,0,2026-08-26,2026-08-24,"ベストリンク株式会社",,301,"東京都","板橋区","南町４４番２号ティアイズビル２０２",,13,119,1730027,,,,,,,2025-09-17,1,,,,,"ベストリンク",0
383,2030002024307,12,0,2026-08-26,2026-08-10,"有限会社佐藤鉄工",,302,"埼玉県","戸田市","笹目５丁目６番地の７",,11,224,3350034,,,,,,,2015-10-05,1,,,,,"サトウテッコウ",0
384,2030002056449,11,0,2026-08-26,2026-08-04,"株式会社三島工業",,301,"神奈川県","横浜市神奈川区","台町１３番１７号",,14,102,2210834,,,,,,,2015-10-05,1,,,,,"ミシマコウギョウ",0
385,2030002114850,01,1,2026-08-26,2015-10-05,"有限会社双葉工業",,302,"埼玉県","深谷市","大谷２８３８番地１",,11,218,3660814,,,,,,,2015-10-05,1,,,,,"フタバコウギョウ",0
386,2030003019735,11,0,2026-08-26,2026-07-23,"アーク合同会社",,305,"東京都","新宿区","西新宿３丁目３番１３号西新宿水間ビル２Ｆ",,13,104,1600023,,,,,,,2022-07-07,1,,,,,"アーク",0
387,2030005019064,12,0,2026-08-26,2026-08-03,"一般社団法人チャレンジド・ヨガ視覚障がいの方のヨガ",,399,"埼玉県","所沢市","美原町２丁目２９５１－１",,11,208,3590045,,,,,,,2018-07-06,1,,,,,"チャレンジドヨガシカクショウガイノカタノヨガ",0
388,2040001039081,01,1,2026-08-26,2015-10-05,"株式会社ＭＧＣ",,301,"千葉県","松戸市","松戸新田５３番地の１",,12,207,2702241,,,,,,,2015-10-05,1,,,,,"エムジーシー",0
389,2040001096825,01,1,2026-08-26,2016-09-06,"株式会社マネジメントサポート",,301,"千葉県","鎌ケ谷市","中沢新町１番１１号",,12,224,2730119,,,,,,,2016-09-06,1,,,,,"マネジメントサポート",0
390,2040001134948,12,0,2026-08-26,2026-07-21,"株式会社Ｐ‐ＨＯＰＥ",,301,"千葉県","千葉市花見川区","作新台５丁目１番２６号",,12,102,2620045,,,,,,,2024-08-15,1,,,,,"ピーホープ",0
391,2040002002187,21,0,2026-08-26,2026-08-06,"有限会社オートクラブブンブン",,302,"千葉県","千葉市美浜区","新港１４０番地",,12,106,2610002,,,2026-08-06,01,,,2015-10-05,1,,,,,"オートクラブブンブン",0
392,2040002012327,01,1,2026-08-26,2015-10-05,"有限会社吉原商事",,302,"千葉県","千葉市若葉区","川井町１１６番２",,12,104,2650062,,,,,,,2015-10-05,1,,,,,"ヨシワラショウジ",0
393,2040002063048,01,1,2026-08-26,2015-10-05,"有限会社イースト・プロスパー",,302,"千葉県","八街市","八街ろ２９番８７",,12,230,2891144,,,,,,,2015-10-05,1,,,,,"イーストプロスパー",0
394,2040002070630,01,1,2026-08-26,2015-10-05,"有限会社本間設備",,302,"千葉県","君津市","杢師４丁目１８番１６号",,12,225,2991163,,,,,,,2015-10-05,1,,,,,"ホンマセツビ",0
395,2040003030600,01,0,2026-08-26,2026-08-26,"合同会社ＣＬＳ",,305,"千葉県","市川市","大町５１５番地１６",,12,203,2720801,,,,,,,2026-08-26,1,,,,,"シーエルエス",0
396,2040003030617,01,0,2026-08-26,2026-08-26,"合同会社ソール",,305,"千葉県","東金市","田間３丁目５７番地８",,12,213,2830005,,,,,,,2026-08-26,1,,,,,"ソール",0
397,2040005013784,01,1,2026-08-26,2015-10-05,"廣幡八幡宮",,399,"千葉県","柏市","増尾８９５番地",,12,217,2770033,,,,,,,2015-10-05,1,,,,,"ヒロハタハチマングウ",0
398,2040005023263,01,0,2026-08-26,2026-08-26,"和盛事業協同組合",,399,"千葉県","千葉市若葉区","千城台東１丁目２０番３号－２Ｆ",,12,104,2640002,,,,,,,2026-08-26,1,,,,,"ワセイ",0
399,2050001026715,01,1,2026-08-26,2015-10-05,"株式会社アイデム",,301,"茨城県","久慈郡大子町","大字浅川２９７３番地の１",,08,364,3193541,,,,,,,2015-10-05,1,,,,,"アイデム",0
400,2050001047166,12,0,2026-08-26,2026-08-05,"天馬株式会社",,301,"千葉県","山武郡横芝光町","宮川字沢川４６３１番",,12,410,2891727,,,,,,,2020-02-14,1,,,,,"テンマ",0
401,2050001058758,01,1,2026-08-26,2026-08-06,"株式会社ＳＯＬ建築設計事務所",,301,"茨城県","龍ケ崎市","川原代町４０４８番地",,08,208,3010005,,,,,,,2026-08-06,1,,,,,"ソルケンチクセッケイジムショ",0
402,2050003009445,21,0,2026-08-26,2026-08-12,"ＤＡＳＡＭ合同会社",,305,"茨城県","牛久市","中央４丁目２－１５柏田ビルＣ号",,08,219,3001234,,,2026-08-12,01,,,2025-07-30,1,,,,,"ダサム",0
403,2060001017069,01,1,2026-08-26,2015-10-05,"モトマ産業株式会社",,301,"栃木県","栃木市","新井町１０４０番地１",,09,203,3280061,,,,,,,2015-10-05,1,,,,,"モトマサンギョウ",0
404,2060002013513,01,1,2026-08-26,2015-10-05,"有限会社佐々木建材",,302,"栃木県","宇都宮市","岩曽町３２８番地５",,09,201,3210973,,,,,,,2015-10-05,1,,,,,"ササキケンザイ",0
405,2060002030806,12,0,2026-08-26,2026-08-25,"有限会社英明ハイツ",,302,"栃木県","下野市","駅東３丁目５番２６号",,09,216,3290413,,,,,,,2015-10-05,1,,,,,"エイメイハイツ",0
406,2060003006185,01,0,2026-08-26,2026-08-26,"合同会社ＮＥＸ",,305,"栃木県","那須塩原市","本町５番２３号ＴＲビル２階",,09,213,3250056,,,,,,,2026-08-26,1,,,,,"ネックス",0
407,2070001014833,01,1,2026-08-26,2015-10-05,"株式会社リライアンス",,301,"群馬県","伊勢崎市","下触町１００３番地",,10,204,3792214,,,,,,,2015-10-05,1,,,,,"リライアンス",0
408,2070002031968,01,1,2026-08-26,2015-10-05,"有限会社アチャクゼイ・トレーリング・カンパニー",,302,"神奈川県","厚木市","下川入２９番地１",,14,212,2430206,,,,,,,2015-10-05,1,,,,,"アチャクゼイトレーリングカンパニー",0
409,2080401012270,12,0,2026-08-26,2026-08-24,"株式会社伸栄開発",,301,"静岡県","浜松市中央区","恩地町１００番地",,22,138,4300814,,,,,,,2015-10-05,1,,,,,"シンエイカイハツ",0
410,2080403004794,12,0,2026-08-26,2026-08-24,"盛原商店合同会社",,305,"静岡県","浜松市中央区","三方原町７３８番地の９、２０１号",,22,138,4338105,,,,,,,2023-06-02,1,,,,,"セイゲンショウテン",0
411,2100001022337,01,1,2026-08-26,2015-10-05,"株式会社飯田コピーセンター",,301,"長野県","飯田市","吾妻町９３番地",,20,205,3950085,,,,,,,2015-10-05,0,,,,,"イイダコピーセンター",0
412,2100001022337,21,1,2026-08-26,2019-01-28,"株式会社飯田コピーセンター",,301,"長野県","飯田市","吾妻町９３番地",,20,205,3950085,,,2019-01-28,21,,,2015-10-05,0,,,,,"イイダコピーセンター",0
413,2100001022337,22,1,2026-08-26,2026-08-17,"株式会社飯田コピーセンター",,301,"長野県","飯田市","吾妻町９３番地",,20,205,3950085,,,,,,,2015-10-05,1,,,,,"イイダコピーセンター",0
414,2110001036880,12,0,2026-08-26,2026-08-18,"株式会社Ｊ＆ｈａｐｐｉｎｅｓｓ",,301,"新潟県","新潟市東区","東中野山６丁目５番１８号",,15,102,9500836,,,,,,,2022-08-12,0,,,,,"ジェイアンドハピネス",0
415,2110001036880,11,0,2026-08-26,2026-08-18,"株式会社Ｊｐｌａｎｔ",,301,"新潟県","新潟市東区","東中野山６丁目５番１８号",,15,102,9500836,,,,,,,2022-08-12,1,,,,,"ジェイプラント",0
416,2110001040362,01,0,2026-08-26,2026-08-26,"株式会社ＢｅＳＴ鳥獣対策事務所",,301,"新潟県","長岡市","新産４丁目１－１０ＮＡＲＩＣ２０７号室",,15,202,9402127,,,,,,,2026-08-26,1,,,,,"ベストチョウジュウタイサクジムショ",0
417,2110003003301,12,0,2026-08-26,2026-07-22,"合同会社阿賀野市山寺太陽光発電所",,305,"東京都","港区","虎ノ門１丁目２番８号株式会社リエネ・エナジー内",,13,103,1050001,,,,,,,2016-05-12,1,,,,,"アガノシヤマデラタイヨウコウハツデンショ",0
418,2120001035485,01,1,2026-08-26,2015-10-05,"株式会社大弘",,301,"大阪府","大阪市福島区","吉野４丁目１４番１０号",,27,103,5530006,,,,,,,2015-10-05,0,,,,,"ダイコウ",0
419,2120001035485,12,1,2026-08-26,2026-08-21,"株式会社大弘",,301,"大阪府","大阪市此花区","酉島３丁目２７番６号",,27,104,5540051,,,,,,,2015-10-05,1,,,,,"ダイコウ",0
420,2120001165968,12,0,2026-08-26,2026-08-21,"アサヒエーエス株式会社",,301,"大阪府","守口市","竜田通１丁目１番１号ウィング守口３０１",,27,209,5700025,,,,,,,2015-10-05,1,,,,,"アサヒエーエス",0
421,2120001182567,12,0,2026-08-26,2026-08-24,"株式会社延田クリエイト",,301,"大阪府","大阪市中央区","本町３丁目４番１６号",,27,128,5410053,,,,,,,2015-10-05,1,,,,,"ノブタクリエイト",0
422,2120001191923,21,0,2026-08-26,2026-08-05,"株式会社スタイルガーデン",,301,"京都府","京都市下京区","因幡堂町６５５番地",,26,106,6008415,,,2026-08-05,11,6130001024616,"令和８年８月１日京都市下京区因幡堂町６５５番地株式会社ＯＶＯ（6130001024616）に合併し解散",2015-10-05,1,,,,,"スタイルガーデン",0
423,2120001192384,01,1,2026-08-26,2015-10-05,"株式会社ヒット",,301,"大阪府","大阪市西区","立売堀４丁目７番１５号奥内立売堀ビル４０８号",,27,106,5500012,,,,,,,2015-10-05,0,,,,,"ヒット",0
424,2120001192384,12,1,2026-08-26,2015-10-19,"株式会社ヒット",,301,"大阪府","大阪市港区","弁天１丁目２番１号２５１３号室",,27,107,5520007,,,,,,,2015-10-05,0,,,,,"ヒット",0
425,2120001192384,12,1,2026-08-26,2015-12-16,"株式会社ヒット",,301,"大阪府","大阪市西区","立売堀４丁目７番１５号奥内立売堀ビル４０８号",,27,106,5500012,,,,,,,2015-10-05,0,,,,,"ヒット",0
426,2120001192384,12,1,2026-08-26,2026-08-19,"株式会社ヒット",,301,"大阪府","大阪市中央区","南船場２丁目６番２１号６０２号室",,27,128,5420081,,,,,,,2015-10-05,1,,,,,"ヒット",0
427,2120001220129,12,0,2026-08-26,2026-08-14,"株式会社シンプルワン",,301,"大阪府","大阪市福島区","福島５丁目２番１７号ハイム上福島１１０２号",,27,103,5530003,,,,,,,2019-04-05,1,,,,,"シンプルワン",0
428,2120001235218,12,0,2026-08-26,2026-08-24,"株式会社ＫＩＭＩ　ＧＲＯＵＰ",,301,"兵庫県","尼崎市","東園田町５丁目１１３－２リーフェイジ園田１階Ｔ－１号室",,28,202,6610953,,,,,,,2021-02-15,1,,,,,"キミグループ",0
429,2120001254531,12,0,2026-08-26,2026-08-24,"株式会社小森工業",,301,"大阪府","大阪市大正区","泉尾３丁目１２－６－２０３",,27,108,5510031,,,,,,,2023-05-08,1,,,,,"コモリコウギョウ",0
430,2120001255595,01,1,2026-08-26,2023-06-09,"株式会社プロペルインターナショナル",,301,"大阪府","大阪市北区","中津１丁目２番２１号中津明大ビル",,27,127,5310071,,,,,,,2023-06-09,0,,,,,"プロペルインターナショナル",0
431,2120001255595,12,1,2026-08-26,2026-05-18,"株式会社プロペルインターナショナル",,301,"大阪府","大阪市浪速区","恵美須東２丁目１番２２号",,27,111,5560002,,,,,,,2023-06-09,1,,,,,"プロペルインターナショナル",0
432,2120001288653,01,0,2026-08-26,2026-08-26,"株式会社夢限パートナーズ",,301,"大阪府","大阪市住之江区","南港東５丁目１番４号",,27,125,5590031,,,,,,,2026-08-26,1,,,,,"ムゲンパートナーズ",0
433,2120001288686,01,0,2026-08-26,2026-08-26,"株式会社ジャスト",,301,"大阪府","守口市","菊水通２丁目４番１８号",,27,209,5700032,,,,,,,2026-08-26,1,,,,,"ジャスト",0
434,2120001288711,01,0,2026-08-26,2026-08-26,"株式会社北大阪上田不動産",,301,"大阪府","大阪市北区","梅田１丁目２番２号大阪駅前第２ビル１２－１２",,27,127,5300001,,,,,,,2026-08-26,1,,,,,"キタオオサカウエダフドウサン",0
435,2120001288728,01,0,2026-08-26,2026-08-26,"ＬｉｖｅＴａｂｌｅＰｌｕｓ株式会社",,301,"大阪府","大阪市北区","梅田１丁目１番３号大阪駅前第３ビル１１階２号室",,27,127,5300001,,,,,,,2026-08-26,1,,,,,"ライブテーブルプラス",0
436,2120003005908,01,1,2026-08-26,2015-10-05,"合同会社オリジナルデバイス",,305,"大阪府","大阪市北区","西天満４丁目３番２５号",,27,127,5300047,,,,,,,2015-10-05,1,,,,,"オリジナルデバイス",0
437,2120003014454,12,0,2026-08-26,2026-08-21,"合同会社サンシャイン",,305,"大阪府","大阪市北区","角田町８番１号大阪梅田ツインタワーズ・ノース１９階",,27,127,5300017,,,,,,,2018-06-27,1,,,,,"サンシャイン",0
438,2120003019916,12,0,2026-08-26,2026-08-20,"合同会社ＦｏｒｍａＶｉｓｔａ　Ｃｏｎｓｕｌｔｉｎｇ",,305,"大阪府","大阪市北区","堂島２丁目４－４",,27,127,5300003,,,,,,,2021-07-28,1,,,,,"フォルマビスタコンサルティング",0
439,2120003033363,01,0,2026-08-26,2026-08-26,"ｂｅ　ｏｒａｌ　ｕｐ合同会社",,305,"大阪府","大阪市西区","京町堀１丁目１３番２号藤原ビル５５号室",,27,106,5500003,,,,,,,2026-08-26,1,,,,,"ビーオーラルアップ",0
440,2120101028422,01,1,2026-08-26,2015-10-05,"Ｂ・ＴＥＣ株式会社",,301,"大阪府","堺市中区","堀上町１０９０番地４",,27,142,5998261,,,,,,,2015-10-05,0,,,,,"ビーテック",0
441,2120101028422,12,1,2026-08-26,2026-05-14,"Ｂ・ＴＥＣ株式会社",,301,"大阪府","堺市堺区","五月町７－３、１Ｆ",,27,141,5900031,,,,,,,2015-10-05,0,,,,,"ビーテック",0
442,2120101028422,11,1,2026-08-26,2026-05-14,"株式会社総光プランニングデザイン",,301,"大阪府","堺市堺区","五月町７－３、１Ｆ",,27,141,5900031,,,,,,,2015-10-05,1,,,,,"ソウコウプランニングデザイン",0
443,2120101054716,11,0,2026-08-26,2026-08-10,"Ｗｉｓｔｅｌｌａ　ＩＴ　Ｃｏｎｓｕｌｔｉｎｇ株式会社",,301,"大阪府","堺市堺区","山本町１丁２０番地１（１２１６号）",,27,141,5900983,,,,,,,2016-05-02,1,,,,,"ウィステラアイティコンサルティング",0
444,2120101057413,01,1,2026-08-26,2017-11-21,"ＹＳ株式会社",,301,"大阪府","堺市東区","大美野１１３番地１４",,27,143,5998126,,,,,,,2017-11-21,1,,,,,"ワイエス",0
445,2120901008342,12,0,2026-08-26,2026-08-24,"豊栄電気工業株式会社",,301,"大阪府","吹田市","岸部中３丁目１番１４号",,27,205,5640002,,,,,,,2015-10-05,1,,,,,"ホウエイデンキコウギョウ",0
446,2120901010645,01,1,2026-08-26,2015-10-05,"加門産業株式会社",,301,"大阪府","高槻市","大塚町１丁目２３番２号",,27,207,5690034,,,,,,,2015-10-05,0,,,,,"カモンサンギョウ",0
447,2120901010645,12,1,2026-08-26,2026-08-20,"加門産業株式会社",,301,"大阪府","高槻市","大塚町１丁目２３番３号",,27,207,5690034,,,,,,,2015-10-05,1,,,,,"カモンサンギョウ",0
448,2120901032508,21,0,2026-08-26,2026-08-24,"株式会社アデュウ不動産",,301,"大阪府","吹田市","寿町１丁目１８番９号",,27,205,5640036,,,2026-08-24,01,,,2015-10-05,1,,,,,"アデュウフドウサン",0
449,2120901044164,12,0,2026-08-26,2026-08-25,"株式会社すまいるぷらす",,301,"大阪府","吹田市","山田東１丁目３５番１－４０５号室",,27,205,5650821,,,,,,,2021-04-06,1,,,,,"スマイルプラス",0
450,2120901046193,12,0,2026-08-26,2026-08-21,"株式会社Ｍａｔｕｍ",,301,"大阪府","大阪市西区","京町堀２丁目７番２５－４０２号",,27,106,5500003,,,,,,,2022-07-05,1,,,,,"メイタム",0
451,2120901052860,01,0,2026-08-26,2026-08-26,"株式会社イクポジ",,301,"大阪府","吹田市","千里山虹が丘５－１－１０８",,27,205,5650846,,,,,,,2026-08-26,1,,,,,"イクポジ",0
452,2120901053108,01,0,2026-08-26,2026-08-26,"ヴィレッジパイン株式会社",,301,"大阪府","高槻市","大塚町２丁目６０番４号",,27,207,5690034,,,,,,,2026-08-26,1,,,,,"ヴィレッジパイン",0
453,2120905001376,01,1,2026-08-26,2015-10-05,"吹田市造園協同組合",,399,"大阪府","吹田市","春日１丁目１１番６号",,27,205,5650853,,,,,,,2015-10-05,1,,,,,"スイタシゾウエン",0
454,2122001040837,01,0,2026-08-26,2026-08-26,"株式会社ハコサポ",,301,"大阪府","東大阪市","新庄２丁目２１番４号",,27,227,5780963,,,,,,,2026-08-26,1,,,,,"ハコサポ",0
455,2122003003619,01,0,2026-08-26,2026-08-26,"合同会社Ｂａｌａｍｂｏｎ",,305,"大阪府","大東市","寺川３丁目５番３２号",,27,218,5740014,,,,,,,2026-08-26,1,,,,,"バランボン",0
456,2130001009604,01,1,2026-08-26,2015-10-05,"飛川染工株式会社",,301,"京都府","京都市東山区","福稲御所ノ内町１１番地",,26,105,6050987,,,,,,,2015-10-05,1,,,,,,0
457,2130001011205,01,1,2026-08-26,2015-10-05,"テクノシステム株式会社",,301,"京都府","京都市南区","吉祥院嶋出在家町２０番地",,26,107,6018373,,,,,,,2015-10-05,1,,,,,"テクノシステム",0
458,2130001027077,01,1,2026-08-26,2015-10-05,"株式会社ヤドメ建設",,301,"京都府","京都市南区","久世中久世町３丁目９１－１",,26,107,6018213,,,,,,,2015-10-05,1,,,,,"ヤドメケンセツ",0
459,2130002027126,01,1,2026-08-26,2015-10-05,"有限会社稲村倉庫",,302,"京都府","久世郡久御山町","佐山双置２番地の１０",,26,322,6130034,,,,,,,2015-10-05,1,,,,,"イナムラソウコ",0
460,2130002028090,01,1,2026-08-26,2015-10-05,"有限会社エルピー・マート",,302,"京都府","宇治市","宇治壱番３３－１",,26,204,6110021,,,,,,,2015-10-05,1,,,,,"エルピーマート",0
461,2130005012422,01,1,2026-08-26,2015-10-05,"公益社団法人福知山納税協会",,399,"京都府","福知山市","字内記二丁目４８番地",,26,201,6200035,,,,,,,2015-10-05,1,,,,,"フクチヤマノウゼイキョウカイ",0
462,2140001143848,01,0,2026-08-26,2026-08-26,"Ｐｈａｎｔｏｍ．Ｄ株式会社",,301,"兵庫県","神戸市中央区","磯辺通３丁目２番４－１３０５号",,28,110,6510084,,,,,,,2026-08-26,1,,,,,"ファントムディー",0
463,2140002036638,21,0,2026-08-26,2026-08-19,"有限会社ベスト",,302,"兵庫県","加古川市","東神吉町神吉９５０番地５",,28,210,6750057,,,2026-08-19,01,,,2015-10-05,1,,,,,"ベスト",0
464,2160001022918,01,1,2026-08-26,2020-11-24,"株式会社Ｅｉｇｈｔ　Ｆｉｅｌｄ　Ｊａｐａｎ",,301,"滋賀県","大津市","月輪１丁目６番１号",,25,201,5202152,,,,,,,2020-11-24,0,,,,,,0
465,2160001022918,21,0,2026-08-26,2026-08-24,"株式会社Ｅｉｇｈｔ　Ｆｉｅｌｄ　Ｊａｐａｎ",,301,"滋賀県","大津市","月輪１丁目６番１号",,25,201,5202152,,,2026-08-24,01,,,2020-11-24,1,,,,,,0
466,2160002006886,21,0,2026-08-26,2026-08-24,"有限会社平井商事",,302,"滋賀県","長浜市","平方町細筬５８５番地の２",,25,203,5260033,,,2026-08-24,01,,,2015-10-05,1,,,,,"ヒライショウジ",0
467,2160002009170,21,0,2026-08-26,2026-08-21,"有限会社疋田保険企画",,302,"滋賀県","彦根市","三津屋町１０７８番地",,25,202,5220059,,,2026-08-21,01,,,2015-10-05,1,,,,,"ヒキダホケンキカク",0
468,2160003003148,12,0,2026-08-26,2026-08-24,"合同会社湖東開発設計",,305,"滋賀県","東近江市","小田苅町４７８番地",,25,213,5270125,,,,,,,2024-03-27,1,,,,,"コトウカイハツセッケイ",0
469,2180001160204,12,0,2026-08-26,2026-08-20,"株式会社Ｎｉｉｄｏ",,301,"愛知県","名古屋市瑞穂区","瑞穂通８丁目８番地共栄ビル４階",,23,108,4670806,,,,,,,2024-02-15,1,,,,,"ニード",0
470,2180005014364,12,0,2026-08-26,2026-08-21,"特定非営利活動法人ビタショコ",,399,"愛知県","名古屋市中区","丸の内３丁目２０－５オアシス日向４０８号",,23,106,4600002,,,,,,,2015-10-05,1,,,,,"ビタショコ",0
471,2180005019289,12,0,2026-08-26,2026-08-24,"ＮＥＴＷＯＲＫ　ＡＳＩＡ協同組合",,399,"愛知県","名古屋市熱田区","三番町４番２８号",,23,109,4560056,,,,,,,2021-05-21,1,,,,,"ネットワークアジア",0
472,2180302005900,01,1,2026-08-26,2015-10-05,"有限会社瞳",,302,"愛知県","岡崎市","康生通西１丁目６番地",,23,202,4440059,,,,,,,2015-10-05,1,,,,,"ヒトミ",0
473,2190001033375,01,0,2026-08-26,2026-08-26,"株式会社スズカエイトクリーン",,301,"三重県","鈴鹿市","神戸９丁目１３番２２号",,24,207,5130801,,,,,,,2026-08-26,1,,,,,"スズカエイトクリーン",0
474,2190003004812,12,0,2026-08-26,2026-08-14,"Ｓｅｖｅｎ　Ｐｌａｎｎｅｒ合同会社",,305,"三重県","津市","稲葉町２３８６番地６２",,24,201,5141252,,,,,,,2024-10-02,1,,,,,"セブンプランナー",0
475,2210001016360,01,1,2026-08-26,2016-06-09,"ビコロール株式会社",,301,"福井県","越前市","武生柳町１４番７号",,18,209,9150824,,,,,,,2016-06-09,1,,,,,"ビコロール",0
476,2220003003587,12,0,2026-08-26,2026-08-25,"合同会社Ｓｋｙ・ｉ",,305,"石川県","金沢市","笠市町４番１０号",,17,201,9200851,,,,,,,2023-09-19,1,,,,,"スカイアイ",0
477,2220005005565,01,1,2026-08-26,2015-10-05,"御門主比古神社",,399,"石川県","羽咋市","大町リ、４２番地",,17,207,9250072,,,,,,,2015-10-05,1,,,,,,0
478,2230001000305,01,1,2026-08-26,2015-10-05,"イワセ重機産業株式会社",,301,"富山県","富山市","金山新南２８番地",,16,201,9302206,,,,,,,2015-10-05,1,,,,,"イワセジュウキサンギョウ",0
479,2230001007985,01,1,2026-08-26,2015-10-05,"株式会社アイティ興産",,301,"富山県","下新川郡入善町","入膳７８３２－１",,16,342,9390626,,,,,,,2015-10-05,1,,,,,"アイティコウサン",0
480,2230001018660,12,0,2026-08-26,2026-08-18,"株式会社Ｈｅａｖｅｎ",,301,"富山県","高岡市","御旅屋町４７番地７",,16,202,9330029,,,,,,,2021-02-02,1,,,,,"ヘブン",0
481,2230005006918,01,1,2026-08-26,2015-10-05,"聖万寺",00079379,399,"富山県","氷見市","宇波４８０４番地",,16,205,9350422,,,,,,,2015-10-05,1,,,,,"ショウマンジ",0
482,2240001035399,12,0,2026-08-26,2026-08-21,"株式会社井平工業",,301,"広島県","福山市","駅家町大字服部永谷１３３番地２",,34,207,7202522,,,,,,,2015-10-05,1,,,,,"イヒラコウギョウ",0
483,2240001036100,01,1,2026-08-26,2015-10-05,"株式会社ＮＥＫ",,301,"広島県","福山市","東桜町一丁目４１番地",,34,207,7200065,,,,,,,2015-10-05,0,,,,,"エヌイーケイ",0
484,2240001036100,12,1,2026-08-26,2018-06-05,"株式会社ＮＥＫ",,301,"広島県","福山市","西桜町１丁目１番６号",,34,207,7200818,,,,,,,2015-10-05,1,,,,,"エヌイーケイ",0
485,2240002017710,12,0,2026-08-26,2026-08-12,"有限会社吉島総合保険センター",00000945,302,"広島県","広島市安佐北区","可部６丁目１５番３０号",,34,106,7310221,,,,,,,2015-10-05,1,,,,,"ヨシジマソウゴウホケンセンター",0
486,2240002035225,01,1,2026-08-26,2015-10-05,"有限会社グローバルツーリスト",,302,"広島県","呉市","西中央３丁目７番３９号",,34,202,7370811,,,,,,,2015-10-05,1,,,,,"グローバルツーリスト",0
487,2240003005805,12,0,2026-08-26,2026-08-21,"合同会社ワイ・エス・エフ",,305,"広島県","広島市西区","三滝本町１丁目２番２４号",,34,104,7330802,,,,,,,2022-09-13,1,,,,,"ワイエスエフ",0
488,2240003006431,12,0,2026-08-26,2026-08-21,"ウルトラグローバルスポーツ合同会社",,305,"広島県","東広島市","西条中央６丁目７番２８号グリーンヒル西条１０２室",,34,212,7390025,,,,,,,2023-12-06,1,,,,,"ウルトラグローバルスポーツ",0
489,2250002018583,01,1,2026-08-26,2015-10-05,"有限会社マコス",,302,"山口県","岩国市","南岩国町３丁目２５番１７号",,35,208,7400034,,,,,,,2015-10-05,1,,,,,"マコス",0
490,2250005009092,01,0,2026-08-26,2026-08-26,"社会福祉法人陽和会",,399,"山口県","周南市","大字久米２６６５番地７",,35,215,7450801,,,,,,,2026-08-26,1,,,,,"ヨウワカイ",0
491,2290001033142,01,1,2026-08-26,2015-10-05,"株式会社山本建設工業",,301,"福岡県","糸島市","曽根１４６番地の６",,40,230,8191561,,,,,,,2015-10-05,1,,,,,"ヤマモトケンセツ",0
492,2290001034768,01,1,2026-08-26,2015-10-05,"株式会社建進ホーム",,301,"福岡県","筑紫郡那珂川町","片縄西４丁目４番３４号",,40,305,8111202,,,,,,,2015-10-05,0,,,,,"ケンシンホーム",0
493,2290001034768,12,1,2026-08-26,2018-10-03,"株式会社建進ホーム",,301,"福岡県","那珂川市","片縄西４丁目４番３４号",,40,231,8111202,,,,,,,2015-10-05,0,,,,,"ケンシンホーム",0
494,2290001034768,12,1,2026-08-26,2024-04-01,"株式会社建進ホーム",,301,"福岡県","那珂川市","片縄４丁目１１３番地",,40,231,8111201,,,,,,,2015-10-05,1,,,,,"ケンシンホーム",0
495,2290001043447,21,0,2026-08-26,2026-08-17,"こさき住建株式会社",,301,"福岡県","筑紫野市","二日市南１丁目６番１号",,40,217,8180057,,,2026-08-17,01,,,2015-10-05,1,,,,,"コサキジュウケン",0
496,2290001098945,01,1,2026-08-26,2022-09-15,"株式会社ＭＳＴ",,301,"福岡県","古賀市","筵内１３８２番地４",,40,223,8113121,,,,,,,2022-09-15,1,,,,,"エムエスティー",0
497,2290001115279,01,0,2026-08-26,2026-08-26,"株式会社ベースフロント",,301,"福岡県","福岡市西区","姪の浜５丁目２１番３１－５号グランドウッド姪浜１０５号",,40,135,8190002,,,,,,,2026-08-26,1,,,,,"ベースフロント",0
498,2290002050797,12,0,2026-08-26,2026-08-17,"株式会社アオイトリ",,301,"福岡県","久留米市","本町１－２５－２",,40,203,8300044,,,,,,,2015-10-05,1,,,,,"アオイトリ",0
499,2290002051218,12,0,2026-08-26,2026-08-17,"有限会社第二企画",,302,"福岡県","久留米市","本町１－２５－２",,40,203,8300044,,,,,,,2015-10-05,1,,,,,,0
500,2290003018810,01,0,2026-08-26,2026-08-26,"山純商事合同会社",,305,"福岡県","福岡市南区","柳瀬１丁目２６－２１",,40,134,8111321,,,,,,,2026-08-26,1,,,,,"ヤマジュンショウジ",0
501,2290005001070,01,1,2026-08-26,2015-10-05,"一般財団法人福岡県職員互助会",,399,"福岡県","福岡市博多区","東公園７番７号",,40,132,8120045,,,,,,,2015-10-05,1,,,,,"フクオカケンショクインゴジョカイ",0
502,2290005015252,11,0,2026-08-26,2026-08-21,"医療法人誠照会",,399,"福岡県","大野城市","白木原１丁目１１番１６号",,40,219,8160943,,,,,,,2015-10-05,1,,,,,"セイショウカイ",0
503,2290801025751,21,0,2026-08-26,2026-08-06,"株式会社共栄",,301,"福岡県","中間市","通谷６丁目２６番１０号",,40,215,8090018,,,2026-08-06,01,,,2019-08-02,1,,,,,"キョウエイ",0
504,2320001012588,21,0,2026-08-26,2026-08-12,"株式会社ＲＫコーポレーション",,301,"大分県","大分市","公園通り１丁目１番地の１５",,44,201,8700173,,,2026-08-12,01,,,2015-10-05,1,,,,,"アールケーコーポレーション",0
505,2320001017050,21,0,2026-08-26,2026-08-21,"株式会社ライフクリエイト",,301,"大分県","別府市","大字鶴見４０２８番地６０",,44,202,8740840,,,2026-08-21,01,,,2019-05-15,1,,,,,"ライフクリエイト",0
506,2320001019278,12,0,2026-08-26,2026-08-17,"株式会社アプローズ",,301,"大分県","大分市","中島西３丁目７番９号ナイスモア中島６０２",,44,201,8700047,,,,,,,2022-08-17,1,,,,,"アプローズ",0
507,2330001020251,01,1,2026-08-26,2015-10-05,"株式会社ＣＡＰＡＳ",,301,"熊本県","熊本市中央区","水道町五丁目２０番Ｌ－ＢＯＸ２Ｆ－２",,43,101,8600844,,,,,,,2015-10-05,0,,,,,"キャパス",0
508,2330001020251,12,1,2026-08-26,2015-12-07,"株式会社ＣＡＰＡＳ",,301,"熊本県","山鹿市","鹿央町千田字一丁田１７１８番地１３",,43,208,8610563,,,,,,,2015-10-05,0,,,,,"キャパス",0
509,2330001020251,12,1,2026-08-26,2026-08-24,"株式会社ＣＡＰＡＳ",,301,"熊本県","山鹿市","鹿本町津袋５１１－１",,43,208,8610302,,,,,,,2015-10-05,1,,,,,"キャパス",0
510,2330001034607,01,0,2026-08-26,2026-08-26,"株式会社ＷＩＴＨＷＯＮ",,301,"熊本県","玉名市","石貫５１６番地３１",,43,206,8650008,,,,,,,2026-08-26,1,,,,,"ウイズウォン",0
511,2330001034615,01,0,2026-08-26,2026-08-26,"株式会社ＩＴＳＵＫＩ　ＣＯＲＥ　ＰＬＵＳ",,301,"熊本県","球磨郡五木村","甲２６７２‐５３",,43,511,8680201,,,,,,,2026-08-26,1,,,,,"イツキコアプラス",0
512,2330003011281,12,0,2026-08-26,2026-08-24,"合同会社リブコード",,305,"熊本県","熊本市中央区","帯山４丁目２３－８３",,43,101,8620924,,,,,,,2025-10-28,1,,,,,"リブコード",0
513,2330005002171,01,1,2026-08-26,2015-10-05,"医療法人コスメティックデンティストリー",,399,"熊本県","熊本市東区","東本町１番１１０号",,43,102,8620902,,,,,,,2015-10-05,1,,,,,"コスメティックデンティストリー",0
514,2340002020687,01,1,2026-08-26,2015-10-05,"有限会社エース・ケイ・エム商事",,302,"鹿児島県","奄美市","名瀬塩浜町４番１２号",,46,222,8940035,,,,,,,2015-10-05,1,,,,,"エースケイエムショウジ",0
515,2350001006892,01,1,2026-08-26,2015-10-05,"株式会社中島スポーツ",,301,"宮崎県","延岡市","安賀多町２丁目５番地８",,45,203,8820845,,,,,,,2015-10-05,1,,,,,"ナカシマスポーツ",0
516,2350001013162,21,0,2026-08-26,2026-08-24,"株式会社ベジフル宮崎",,301,"宮崎県","宮崎市","阿波岐原町松下２９４０番１",,45,201,8800835,,,2026-08-24,01,,,2015-10-05,1,,,,,"ベジフルミヤザキ",0
517,2350003005281,01,0,2026-08-26,2026-08-26,"合同会社Ｍｅｒｃｉ",,305,"宮崎県","延岡市","川島町２９８６番地３",,45,203,8820017,,,,,,,2026-08-26,1,,,,,"メルシィ",0
518,2360001037210,01,0,2026-08-26,2026-08-26,"アトリエ音株式会社",,301,"沖縄県","沖縄市","松本４丁目１７―２５",,47,211,9042151,,,,,,,2026-08-26,1,,,,,"アトリエオト",0
519,2370001054007,12,0,2026-08-26,2026-08-17,"ＴＮＳＣ　Ｔｈｅｒａｐｅｕｔｉｃｓ株式会社",,301,"宮城県","仙台市青葉区","荒巻字青葉４６８番地の１東北大学マテリアル・イノベーション・センター青葉山ガレージ",,04,101,9800845,,,,,,,2026-07-13,1,,,,,"ティーエヌエスシーセラピューティクス",0
520,2370401000114,21,0,2026-08-26,2026-08-20,"株式会社渡栄運輸",,301,"宮城県","登米市","登米町寺池目子待井７４番地の６",,04,212,9870702,,,2026-08-20,01,,,2015-10-05,1,,,,,"ワタエイウンユ",0
521,2380002032753,01,1,2026-08-26,2015-10-05,"有限会社ハイネス電気",,302,"福島県","会津若松市","町北町大字上荒久田字古屋敷８２番地",,07,202,9650053,,,,,,,2015-10-05,1,,,,,"ハイネスデンキ",0
522,2390001012771,01,1,2026-08-26,2015-10-05,"小国地産エネルギー研究所株式会社",,301,"山形県","西置賜郡小国町","大字黒沢５０６番地１",,06,401,9991334,,,,,,,2015-10-05,0,,,,,,0
523,2390001012771,11,1,2026-08-26,2017-07-18,"小国地産株式会社",,301,"山形県","西置賜郡小国町","大字黒沢５０６番地１",,06,401,9991334,,,,,,,2015-10-05,0,,,,,"オグニチサン",0
524,2390001012771,12,1,2026-08-26,2026-08-24,"小国地産株式会社",,301,"山形県","西置賜郡小国町","大字針生２４６番地３",,06,401,9991313,,,,,,,2015-10-05,1,,,,,"オグニチサン",0
525,2430001046740,01,1,2026-08-26,2015-10-05,"株式会社リード",,301,"北海道","岩見沢市","大和二条７丁目２８番地７",,01,210,0680852,,,,,,,2015-10-05,1,,,,,"リード",0
526,2430001064057,01,1,2026-08-26,2015-10-05,"株式会社おおの",,301,"北海道","札幌市手稲区","星置三条４丁目２番２５号マイトピアハイツ２０１号",,01,109,0060853,,,,,,,2015-10-05,1,,,,,"オオノ",0
527,2430002042648,21,0,2026-08-26,2026-08-19,"栄大物産有限会社",,302,"北海道","札幌市白石区","米里四条３丁目１番３３号",,01,104,0030874,,,2026-08-19,01,,,2015-10-05,1,,,,,"エイダイブッサン",0
528,2430002042747,12,0,2026-08-26,2026-08-21,"有限会社貝田工務店",,302,"北海道","札幌市北区","新琴似町５４８番７",,01,102,0010915,,,,,,,2015-10-05,1,,,,,"カイダコウムテン",0
529,2430005010651,12,0,2026-08-26,2026-08-24,"特定非営利活動法人とらいわーく",,399,"北海道","札幌市中央区","南三条西４丁目１６番地２　３．４ＤＡＩＴＯ　ＢＬＤ．３階",,01,101,0600063,,,,,,,2015-10-05,1,,,,,"トライワーク",0
530,2430005015543,01,0,2026-08-26,2026-08-26,"一般社団法人北海道ドラコン普及協会",,399,"北海道","札幌市手稲区","西宮の沢四条４丁目１１番１号",,01,109,0060004,,,,,,,2026-08-26,1,,,,,"ホッカイドウドラコンフキュウキョウカイ",0
531,2450001007682,21,0,2026-08-26,2026-08-21,"株式会社名士富士電化センター",,301,"北海道","士別市","東十一条６丁目２３０９番地１６",,01,220,0950048,,,2026-08-21,01,,,2015-10-05,1,,,,,"メイシフジデンカセンター",0
532,2460001003202,01,1,2026-08-26,2015-10-05,"株式会社第一ホテル",,301,"北海道","川上郡弟子屈町","川湯温泉１丁目２番３号",,01,665,0883465,,,,,,,2015-10-05,0,,,,,"ダイイチホテル",0
533,2460001003202,21,1,2026-08-26,2021-02-24,"株式会社第一ホテル",,301,"北海道","川上郡弟子屈町","川湯温泉１丁目２番３号",,01,665,0883465,,,2021-02-24,01,,,2015-10-05,0,,,,,"ダイイチホテル",0
534,2460001003202,22,1,2026-08-26,2026-08-17,"株式会社第一ホテル",,301,"北海道","川上郡弟子屈町","川湯温泉１丁目２番３号",,01,665,0883465,,,,,,,2015-10-05,1,,,,,"ダイイチホテル",0
535,2470001005560,01,1,2026-08-26,2015-10-05,"アイ・エスリース株式会社",,301,"香川県","高松市","池田町４５７番地１",,37,201,7610444,,,,,,,2015-10-05,1,,,,,"アイエスリース",0
536,2470001015799,01,1,2026-08-26,2016-07-07,"株式会社ソルトテニス",,301,"香川県","高松市","牟礼町牟礼３７２０番地",,37,201,7610121,,,,,,,2016-07-07,1,,,,,"ソルトテニス",0
537,2500003003815,01,0,2026-08-26,2026-08-26,"全人智慧ＪＡＰＡＮ合同会社",,305,"愛媛県","四国中央市","金田町金川１０４１番地１",,38,213,7990123,,,,,,,2026-08-26,1,,,,,"ゼンジンチエジャパン",0
538,2700150137107,01,0,2026-08-26,2026-08-26,"ＨＩＫＭＡ　ＥＮＴＥＲＰＲＩＳＥＳ　ＰＶＴ　ＬＴＤ",,401,"岐阜県","海津市","海津町平原１８６６番地１４",,21,221,5030651,"スリランカ民主社会主義共和国、ヘンマタガマ、ガンポラロードＤ３５／２",,,,,,2026-08-26,1,,,,,"ヒクマエンタープライズプライベートリミテツド",0
539,3010001213290,12,0,2026-08-26,2026-08-17,"ＴＢ１株式会社",,301,"大分県","別府市","上人仲町９番２４号",,44,202,8740034,,,,,,,2020-10-26,1,,,,,"ティービーワン",0
540,3010001218661,12,0,2026-08-26,2026-08-19,"株式会社ＳＰＡＺＩＯ",,301,"東京都","千代田区","麹町１丁目４番地４ＺＥＮＩＴＡＫＡＡＮＮＥＸ２階",,13,101,1020083,,,,,,,2021-06-07,1,,,,,"スパツィオ",0
541,3010001239666,11,0,2026-08-26,2026-07-24,"Ｓｔｒａｉｔｓ株式会社",,301,"東京都","港区","海岸１丁目９番１１号マリンクス・タワー１階",,13,103,1050022,,,,,,,2023-11-01,1,,,,,"ストレイツ",0
542,3010001259895,01,1,2026-08-26,2025-11-10,"株式会社ＨＩＫＡＲＵ",,301,"東京都","中央区","晴海３丁目１３番２－１６１０号",,13,102,1040053,,,,,,,2025-11-10,0,,,,,,0
543,3010001259895,12,1,2026-08-26,2026-06-25,"株式会社ＨＩＫＡＲＵ",,301,"東京都","千代田区","平河町２丁目４番８号平河町アーバンビル３階",,13,101,1020093,,,,,,,2025-11-10,1,,,,,,0
544,3010001268021,01,0,2026-08-26,2026-08-26,"株式会社トキツナギ",,301,"東京都","中央区","銀座１丁目２２番１１号銀座大竹ビジデンス２Ｆ",,13,102,1040061,,,,,,,2026-08-26,1,,,,,"トキツナギ",0
545,3010002051797,12,0,2026-08-26,2026-08-21,"有限会社山貴",,302,"東京都","渋谷区","広尾５丁目７番３－１３１５号",,13,113,1500012,,,,,,,2015-10-05,1,,,,,"ヤマキ",0
546,3010003034009,21,0,2026-08-26,2026-07-27,"Ｍｉｌｃｈｓｔｒａ　Ｗｉｎｄ　Ｅｎｓｅｍｂｌｅ合同会社",,305,"東京都","千代田区","九段南１丁目５－６りそな九段ビル５階ＫＳフロア",,13,101,1020074,,,2026-07-27,01,,,2021-01-25,1,,,,,"ミルチストラウィンドアンサンブル",0
547,3010003052472,01,0,2026-08-26,2026-08-26,"オルタナレジ５合同会社",,305,"東京都","千代田区","丸の内１丁目４番１号東京共同会計事務所内",,13,101,1000005,,,,,,,2026-08-26,1,,,,,"オルタナレジファイブ",0
548,3010401093036,12,0,2026-08-26,2026-08-17,"株式会社食料マネジメントサポート",,301,"東京都","港区","赤坂２丁目１７番２２号",,13,103,1070052,,,,,,,2015-10-05,1,,,,,"ショクリョウマネジメントサポート",0
549,3010401098662,12,0,2026-08-26,2026-08-20,"株式会社アダコテック",,301,"東京都","中央区","日本橋小伝馬町１８番１号",,13,102,1030001,,,,,,,2015-10-05,1,,,,,"アダコテック",0
550,3010401120054,12,0,2026-08-26,2026-08-21,"株式会社ＯＮＤＯ",,301,"東京都","渋谷区","神宮前１丁目１０番３４－４０３号原宿コーポ別館",,13,113,1500001,,,,,,,2015-10-05,1,,,,,"オンド",0
551,3010401132446,11,0,2026-08-26,2026-07-24,"ＴＡＫＵＭＩ　Ｊａｐａｎ株式会社",,301,"東京都","港区","赤坂６丁目１８番１１－４１０号",,13,103,1070052,,,,,,,2017-07-12,1,,,,,"タクミジャパン",0
552,3010401185345,12,0,2026-08-26,2026-08-24,"株式会社ライトアングル",,301,"東京都","千代田区","四番町２番地１クレール東郷坂２０４号室",,13,101,1020081,,,,,,,2024-09-26,1,,,,,"ライトアングル",0
553,3010401198314,11,0,2026-08-26,2026-08-19,"株式会社リミックスでんき",,301,"東京都","港区","虎ノ門４丁目３番９号",,13,103,1050001,,,,,,,2026-04-27,1,,,,,"リミックスデンキ",0
554,3010401201250,12,0,2026-08-26,2026-08-24,"ＢＥＹＯＮＤ株式会社",,301,"東京都","港区","芝大門１丁目２番１４号Ｈ１０浜松町４Ｆ４１１",,13,103,1050012,,,,,,,2026-08-13,1,,,,,"ビヨンド",0
555,3010401201267,01,0,2026-08-26,2026-08-26,"ＭＣＰ５５株式会社",,301,"東京都","港区","元赤坂１丁目１番７－１２０９号株式会社赤坂国際会計内",,13,103,1070051,,,,,,,2026-08-26,1,,,,,"エムシーピーファイブファイブ",0
556,3010401201564,01,0,2026-08-26,2026-08-26,"Ｖｉｒｅｌ株式会社",,301,"東京都","港区","北青山１丁目３－３三橋ビル３階",,13,103,1070061,,,,,,,2026-08-26,1,,,,,"ヴィレル",0
557,3010401201589,01,0,2026-08-26,2026-08-26,"株式会社ルネッサ製薬",,301,"東京都","港区","北青山１丁目３番１号アールキューブ青山３Ｆ",,13,103,1070061,,,,,,,2026-08-26,1,,,,,"ルネッサセイヤク",0
558,3010401201597,01,0,2026-08-26,2026-08-26,"株式会社ＧＲＩＴ　Ｈｏｌｄｉｎｇｓ",,301,"東京都","港区","浜松町２丁目１番１６号Ａフロント浜松町９階",,13,103,1050013,,,,,,,2026-08-26,1,,,,,"グリットホールディングス",0
559,3010401201630,01,0,2026-08-26,2026-08-26,"株式会社ドルフィン・バリュー・アップ２１号",,301,"東京都","港区","赤坂２丁目４番６号赤坂グリーンクロス２１階",,13,103,1070052,,,,,,,2026-08-26,1,,,,,"ドルフィンバリューアップニジュウイチゴウ",0
560,3010403024947,11,0,2026-08-26,2026-07-23,"合同会社街道商事",,305,"東京都","港区","芝公園３丁目４番３０号３２芝公園ビル７階ＲｏｇｅｒｓＩｎｖｅｓｔｍｅｎｔＡｄｖｉｓｏｒｓ株式会社内",,13,103,1050011,,,,,,,2021-03-24,1,,,,,"カイドウショウジ",0
561,3010403025219,12,0,2026-08-26,2026-08-21,"合同会社アールジェイ８号",,305,"東京都","渋谷区","道玄坂１丁目２１番１号株式会社リエネ・エナジー内",,13,113,1500043,,,,,,,2021-04-30,1,,,,,"アールジェイハチゴウ",0
562,3010403038955,01,0,2026-08-26,2026-08-26,"ＫＩＭ　ＭＡＫＯ合同会社",,305,"東京都","港区","赤坂４丁目８番１９号赤坂フロントタウン３階",,13,103,1070052,,,,,,,2026-08-26,1,,,,,"キムマコ",0
563,3010501051760,12,0,2026-08-26,2026-08-21,"株式会社東昇",,301,"東京都","台東区","浅草４丁目１５番１０号メゾン浅草２０２号",,13,106,1110032,,,,,,,2024-02-08,1,,,,,"トウショウ",0
564,3010601057831,21,0,2026-08-26,2026-07-06,"ディエスヴィ・ソリューションズ株式会社",,301,"東京都","品川区","北品川６丁目７番２９号ガーデングレイス品川御殿山",,13,109,1410001,,,2026-07-06,11,5010701019060,"令和８年７月１日東京都品川区北品川六丁目７番２９号ガーデングレイス品川御殿山ディエスヴィ・コントラクトロジスティクス株式会社（5010701019060）に合併し解散",2020-08-19,1,,,,,"ディエスヴィソリューションズ",0
565,3010602030168,22,0,2026-08-26,2026-08-17,"有限会社三晴玲",,302,"東京都","江東区","北砂５丁目１９番３１号",,13,108,1360073,,,,,,,2015-10-05,1,,,,,"サンセイレイ",0
566,3010701022363,12,0,2026-08-26,2026-08-03,"株式会社ブリスウェル",,301,"東京都","港区","西新橋１丁目１３番１号",,13,103,1050003,,,,,,,2015-10-05,1,,,,,"ブリスウェル",0
567,3010701049869,01,0,2026-08-26,2026-08-26,"株式会社ケアリンクス",,301,"東京都","品川区","上大崎３丁目１４番３４号プラスワン４０２",,13,109,1410021,,,,,,,2026-08-26,1,,,,,"ケアリンクス",0
568,3010701050059,01,0,2026-08-26,2026-08-26,"Ｈｏｋｕ株式会社",,301,"東京都","品川区","東五反田５丁目２２番１号",,13,109,1410022,,,,,,,2026-08-26,1,,,,,"ホク",0
569,3010801033302,12,0,2026-08-26,2026-08-18,"ＭＴＫ株式会社",,301,"東京都","大田区","蒲田１丁目２３番６号１０５号",,13,111,1440052,,,,,,,2022-09-30,1,,,,,"エムティーケイ",0
570,3010803005943,01,0,2026-08-26,2026-08-26,"ＭＩＹＡＫＯ　ＮＥＫＯ合同会社",,305,"東京都","大田区","南六郷３丁目２４番９－１００２号",,13,111,1440045,,,,,,,2026-08-26,1,,,,,"ミヤコネコ",0
571,3010803005951,01,0,2026-08-26,2026-08-26,"合同会社ｄｉｔｔｏ　ｈｉ",,305,"東京都","大田区","池上６丁目１８番４号メイクス池上ルーチェ３０１",,13,111,1460082,,,,,,,2026-08-26,1,,,,,"ディトーハイ",0
572,3010805003284,01,0,2026-08-26,2026-08-26,"一般社団法人ボーダーレスラグビーアカデミー",,399,"東京都","大田区","久が原６丁目２７番２２－３０２号",,13,111,1460085,,,,,,,2026-08-26,1,,,,,"ボーダーレスラグビーアカデミー",0
573,3010901032039,12,0,2026-08-26,2026-08-24,"株式会社オリオール",,301,"東京都","多摩市","関戸４丁目２４番地の６",,13,224,2060011,,,,,,,2015-10-05,1,,,,,"オリオール",0
574,3010905004091,01,1,2026-08-26,2021-01-28,"特定非営利活動法人ｃａｓａ　ｄｉ　ｔｕｔｔｉ",,399,"東京都","世田谷区","船橋４丁目３６番３号エスペランス千歳船橋２０３号室",,13,112,1560055,,,,,,,2021-01-28,0,,,,,"カーサディトゥッティ",0
575,3010905004091,11,1,2026-08-26,2021-02-04,"特定非営利活動法人Ｃａｓａ　ｄｉ　ｔｕｔｔｉ",,399,"東京都","世田谷区","船橋４丁目３６番３号エスペランス千歳船橋２０３号室",,13,112,1560055,,,,,,,2021-01-28,0,,,,,"カーサーディトゥッテイ",0
576,3010905004091,12,1,2026-08-26,2021-05-19,"特定非営利活動法人Ｃａｓａ　ｄｉ　ｔｕｔｔｉ",,399,"東京都","世田谷区","世田谷１丁目３２番１４号大澤フルーツビル１階",,13,112,1540017,,,,,,,2021-01-28,1,,,,,"カーサーディトゥッテイ",0
577,3011001142067,11,0,2026-08-26,2026-08-07,"ＧＯＫＩＧＥＮ　ＣＡＰＩＴＡＬ株式会社",,301,"東京都","渋谷区","恵比寿西２丁目２０番７－３０２号",,13,113,1500021,,,,,,,2021-08-04,1,,,,,"ゴキゲンキャピタル",0
578,3011001157908,12,0,2026-08-26,2026-08-21,"アネラックス株式会社",,301,"東京都","豊島区","東池袋２丁目６２番８号ＢＩＧオフィスプラザ池袋１２０６",,13,116,1700013,,,,,,,2023-10-30,1,,,,,"アネラックス",0
579,3011001174738,12,0,2026-08-26,2026-07-24,"株式会社Ｏｃｌｘ",,301,"東京都","新宿区","新宿１丁目２３番１号９階",,13,104,1600022,,,,,,,2026-01-15,1,,,,,"オクジャガー",0
580,3011001179786,01,0,2026-08-26,2026-08-26,"株式会社ＳＡＮＴＥＡ",,301,"東京都","渋谷区","神南１丁目１１番４号ＦＰＧリンクス神南５階",,13,113,1500041,,,,,,,2026-08-26,1,,,,,"サンティア",0
581,3011001180026,01,0,2026-08-26,2026-08-26,"株式会社東礼自動車管理",,301,"東京都","渋谷区","南平台町１３番１０号",,13,113,1500036,,,,,,,2026-08-26,1,,,,,"トウレイジドウシャカンリ",0
582,3011002006246,01,1,2026-08-26,2015-10-05,"ＴＦＭ有限会社",,302,"東京都","渋谷区","神南１丁目８番１８－１４０２号",,13,113,1500041,,,,,,,2015-10-05,0,,,,,"ティーエフエム",0
583,3011002006246,21,0,2026-08-26,2026-08-10,"ＴＦＭ有限会社",,302,"東京都","渋谷区","神南１丁目８番１８－１４０２号",,13,113,1500041,,,2026-08-10,01,,,2015-10-05,1,,,,,"ティーエフエム",0
584,3011101069549,12,0,2026-08-26,2026-08-21,"株式会社ＡＫ　ｃｏｍｐａｎｙ",,301,"千葉県","木更津市","中島４０６６－１",,12,206,2920008,,,,,,,2015-10-05,1,,,,,"エーケーカンパニー",0
585,3011101073823,12,0,2026-08-26,2026-08-24,"株式会社ＭＩＡ",,301,"東京都","練馬区","錦２丁目１１－３ＡＣオハナ３０２",,13,120,1790082,,,,,,,2015-10-05,1,,,,,"ミーア",0
586,3011101078186,12,0,2026-08-26,2026-07-27,"株式会社シンギ",,301,"東京都","新宿区","高田馬場１丁目３１番８号高田馬場ダイカンプラザ６０７号室",,13,104,1690075,,,,,,,2016-09-12,1,,,,,"シンギ",0
587,3011101092781,12,0,2026-08-26,2026-07-27,"株式会社ベストエージェント",,301,"東京都","新宿区","歌舞伎町２丁目４２番１３号アゼリアビル３１２号",,13,104,1600021,,,,,,,2020-10-09,1,,,,,"ベストエージェント",0
588,3011101117200,01,0,2026-08-26,2026-08-26,"株式会社Ａｌａｎ",,301,"東京都","新宿区","西新宿３丁目３番１３号西新宿水間ビル２Ｆ",,13,104,1600023,,,,,,,2026-08-26,1,,,,,"アラン",0
589,3011102000941,01,1,2026-08-26,2015-10-05,"有限会社飯村材木店",,302,"東京都","新宿区","早稲田町６７番地",,13,104,1620042,,,,,,,2015-10-05,1,,,,,"イイムラザイモクテン",0
590,3011103017885,01,0,2026-08-26,2026-08-26,"ソエンス合同会社",,305,"東京都","新宿区","新宿１丁目３６－２新宿第七葉山ビル３Ｆ",,13,104,1600022,,,,,,,2026-08-26,1,,,,,"ソエンス",0
591,3011103017919,01,0,2026-08-26,2026-08-26,"Ａｌｔｅｒ　Ｗｏｒｌｄ　Ｍｏｄｅｌｓ合同会社",,305,"東京都","新宿区","西新宿３丁目３番１３号西新宿水間ビル２Ｆ",,13,104,1600023,,,,,,,2026-08-26,1,,,,,"オルターワールドモデルズ",0
592,3011501033690,01,0,2026-08-26,2026-08-26,"株式会社白川住設",,301,"東京都","荒川区","西日暮里１丁目２番４－５０３号",,13,118,1160013,,,,,,,2026-08-26,1,,,,,"シラカワジュウセツ",0
593,3011601003420,12,0,2026-08-26,2026-08-21,"杉憲建設株式会社",,301,"東京都","練馬区","石神井台６丁目１９番２８号ブルーハウス１階",,13,120,1770045,,,,,,,2015-10-05,1,,,,,"スギケンケンセツ",0
594,3011601012207,01,1,2026-08-26,2015-10-05,"株式会社ビーンズコード",,301,"東京都","練馬区","石神井台２丁目１５番２０号",,13,120,1770045,,,,,,,2015-10-05,1,,,,,"ビーンズコード",0
595,3011601020977,01,1,2026-08-26,2016-06-08,"株式会社サン設備",,301,"東京都","練馬区","高松２丁目１６番９号",,13,120,1790075,,,,,,,2016-06-08,1,,,,,"サンセツビ",0
596,3011602011827,01,1,2026-08-26,2015-10-05,"有限会社春工房",,302,"東京都","練馬区","桜台６丁目３２番１１号",,13,120,1760002,,,,,,,2015-10-05,0,,,,,"ハルコウボウ",0
597,3011602011827,12,1,2026-08-26,2026-08-18,"有限会社春工房",,302,"東京都","練馬区","田柄３丁目１４番１２号１０２号室",,13,120,1790073,,,,,,,2015-10-05,1,,,,,"ハルコウボウ",0
598,3011603005241,01,0,2026-08-26,2026-08-26,"合同会社ニード",,305,"東京都","練馬区","桜台２丁目４４番１０号ルシェールＩＩ１０２号室",00144728,13,120,1760002,,,,,,,2026-08-26,1,,,,,"ニード",0
599,3011701022015,21,0,2026-08-26,2026-08-20,"弘＿国際株式会社",00114316,301,"東京都","足立区","江北３丁目３４－１",,13,121,1230872,,,2026-08-20,01,,,2018-08-24,1,,,,,"ホンシンコクサイ",0
600,3011701026833,12,0,2026-08-26,2026-08-21,"Ａｑｕｅｌｉｄｅ株式会社",,301,"東京都","江戸川区","松本１丁目１番２５号",,13,123,1330043,,,,,,,2023-12-06,1,,,,,"アクエリーデ",0
601,3011701029704,01,0,2026-08-26,2026-08-26,"株式会社ＨｉｙｏＫｏライズ",,301,"東京都","江戸川区","平井５丁目２５番３－１０１号",,13,123,1320035,,,,,,,2026-08-26,1,,,,,"ヒヨコライズ",0
602,3011801017781,01,1,2026-08-26,2015-10-05,"株式会社朝日商会",,301,"東京都","足立区","弘道１丁目３７番７号",,13,121,1200013,,,,,,,2015-10-05,1,,,,,"アサヒショウカイ",0
603,3012701019612,01,0,2026-08-26,2026-08-26,"株式会社燈",,301,"東京都","東村山市","本町２丁目４－５けやきレジデンス１０１",,13,213,1890014,,,,,,,2026-08-26,1,,,,,"トモシビ",0
604,3012803001303,12,0,2026-08-26,2026-08-10,"合同会社ふれっそ",,305,"東京都","港区","三田５丁目１８番１２号三田ＡＯＩビル２階Ｂ号",,13,103,1080073,,,,,,,2015-10-05,1,,,,,"フレッソ",0
605,3013301056723,01,0,2026-08-26,2026-08-26,"株式会社ＯＷＮＵＳ",,301,"東京都","豊島区","西池袋３丁目２５番１１号",,13,116,1710021,,,,,,,2026-08-26,1,,,,,"オウナス",0
606,3013305003358,01,1,2026-08-26,2022-06-29,"特定非営利活動法人空家対策コンサルティング協会",,399,"東京都","豊島区","北大塚２丁目７番９号第３３東京ビル４階",,13,116,1700004,,,,,,,2022-06-29,1,,,,,,0
607,3020001062308,12,0,2026-08-26,2026-08-05,"株式会社総合計画設計事務所",,301,"神奈川県","横浜市中区","長者町５丁目７５番１号スクエア長者町７０７号室",,14,104,2310033,,,,,,,2015-10-05,1,,,,,"ソウゴウケイカクセッケイジムショ",0
608,3020001113250,01,1,2026-08-26,2015-10-20,"株式会社Ｋ・Ｋ・Ｃ",,301,"神奈川県","横浜市港南区","下永谷３丁目４１番Ｇ－２０４号",,14,111,2330016,,,,,,,2015-10-20,0,,,,,"ケイケイシー",0
609,3020001113250,12,1,2026-08-26,2016-03-01,"株式会社Ｋ・Ｋ・Ｃ",,301,"神奈川県","横浜市神奈川区","鶴屋町３丁目３２番１４号",,14,102,2210835,,,,,,,2015-10-20,1,,,,,"ケイケイシー",0
610,3020001114570,01,1,2026-08-26,2016-01-26,"株式会社ティーケーフューチャー",,301,"神奈川県","横浜市都筑区","東山田町１４０番地４",,14,118,2240024,,,,,,,2016-01-26,1,,,,,"ティーケーフューチャー",0
611,3020001130956,12,0,2026-08-26,2026-08-20,"株式会社誠和工業",,301,"大阪府","大阪市淀川区","加島１丁目２番３－２０８号",,27,123,5320031,,,,,,,2019-05-08,1,,,,,"セイワコウギョウ",0
612,3020001170127,01,0,2026-08-26,2026-08-26,"株式会社ＥＶＴ　Ｌａｂ",,301,"神奈川県","横浜市西区","北幸２丁目１０番４８号むつみビル３階",,14,103,2200004,,,,,,,2026-08-26,1,,,,,"イーブイティーラボ",0
613,3020002013301,12,0,2026-08-26,2026-08-05,"株式会社青葉防災",,301,"神奈川県","横浜市青葉区","青葉台２丁目１０－１６",,14,117,2270062,,,,,,,2015-10-05,1,,,,,"アオバボウサイ",0
614,3020002041401,01,1,2026-08-26,2015-10-05,"有限会社Ｓａｙインターナショナル",,302,"神奈川県","横浜市神奈川区","神大寺２丁目９番地１０－３０２",,14,102,2210801,,,,,,,2015-10-05,0,,,,,,0
615,3020002041401,12,1,2026-08-26,2026-08-03,"有限会社Ｓａｙインターナショナル",,302,"神奈川県","横浜市神奈川区","神大寺２丁目９番地７－９１２",,14,102,2210801,,,,,,,2015-10-05,1,,,,,,0
616,3020003020197,12,0,2026-08-26,2026-08-24,"合同会社Ｔｈｉｎｋ＆Ｓｈａｒｅ",,305,"東京都","世田谷区","北沢１丁目４２番１号",,13,112,1550031,,,,,,,2021-07-20,1,,,,,"シンクアンドシェア",0
617,3020003030964,12,0,2026-08-26,2026-08-20,"合同会社セラピスト学院",,305,"大阪府","大阪市淀川区","加島１丁目２番３－２０８号",,27,123,5320031,,,,,,,2026-05-12,1,,,,,"セラピストガクイン",0
618,3020005011186,21,0,2026-08-26,2026-08-07,"一般社団法人すみお",,399,"神奈川県","川崎市川崎区","大島上町２０番２１号",,14,131,2100836,,,2026-08-07,01,,,2015-10-05,1,,,,,"スミオ",0
619,3021001060937,01,1,2026-08-26,2016-12-21,"株式会社山口測量コンサルタンツ",,301,"神奈川県","相模原市緑区","西橋本４丁目１０番１号",,14,151,2520131,,,,,,,2016-12-21,1,,,,,"ヤマグチソクリョウコンサルタンツ",0
620,3021001073880,12,0,2026-08-26,2026-07-31,"株式会社ＮｉＣＯＦＵＬＬ",,301,"神奈川県","相模原市中央区","氷川町５番３号メゾン・ド・ミンゴ１階",,14,152,2520215,,,,,,,2021-09-13,1,,,,,"ニコフル",0
621,3021001076058,12,0,2026-08-26,2026-08-03,"株式会社メリカ",,301,"神奈川県","藤沢市","稲荷５２０番地",,14,205,2510862,,,,,,,2022-05-26,1,,,,,"メリカ",0
622,3021001088929,01,0,2026-08-26,2026-08-26,"株式会社Ｉ・Ｄ・Ｌ",,301,"神奈川県","相模原市南区","相南１丁目２番７１号興和ビル２０１",,14,153,2520312,,,,,,,2026-08-26,1,,,,,"アイディエル",0
623,3021005001805,01,1,2026-08-26,2015-10-05,"特定非営利活動法人セカンドブックアーチ",,399,"神奈川県","茅ヶ崎市","本村１丁目９番１－４０８号レールシティ湘南茅ヶ崎",,14,207,2530042,,,,,,,2015-10-05,1,,,,,"セカンドブックアーチ",0
624,3021005013684,01,0,2026-08-26,2026-08-26,"特定非営利活動法人和賀江島の自然を守る会",,399,"神奈川県","鎌倉市","材木座５丁目１１番２６号",,14,204,2480013,,,,,,,2026-08-26,1,,,,,"ワガエジマノシゼンヲマモルカイ",0
625,3030001116806,21,0,2026-08-26,2026-08-10,"ブライトテクノ株式会社",,301,"埼玉県","川口市","末広３丁目３番２４号",,11,203,3320006,,,2026-08-10,01,,,2016-10-24,1,,,,,"ブライトテクノ",0
626,3030001128594,12,0,2026-08-26,2026-08-19,"株式会社永大産業",,301,"千葉県","柏市","篠籠田１４９０番地１４",,12,217,2770862,,,,,,,2018-12-05,1,,,,,"エイダイサンギョウ",0
627,3030001155135,12,0,2026-08-26,2026-08-10,"株式会社ＰＲＩＤＥ",,301,"埼玉県","春日部市","増田新田４６７－９０",,11,214,3440025,,,,,,,2023-07-28,1,,,,,"プライド",0
628,3030002053585,01,1,2026-08-26,2015-10-05,"有限会社木村屋酒店",,302,"埼玉県","上尾市","柏座１丁目１０番１号キャッスル上尾１０１",,11,219,3620075,,,,,,,2015-10-05,1,,,,,"キムラヤサケテン",0
629,3040001033620,12,0,2026-08-26,2026-08-06,"株式会社ＤＡＩＳＨＵ",,301,"千葉県","市川市","新田５丁目１８番１０号ＴＨＲＥＥＧＡＴＥＢＬＤＧ．２階",,12,203,2720035,,,,,,,2015-10-05,1,,,,,"ダイシュウ",0
630,3040001111871,12,0,2026-08-26,2026-08-06,"株式会社神風",,301,"千葉県","千葉市中央区","新宿２丁目３番９号イズミビル１０２号室",,12,101,2600021,,,,,,,2019-12-16,1,,,,,"カミカゼ",0
631,3040001128973,12,0,2026-08-26,2026-08-04,"株式会社Ａｍｅｈａ",,301,"千葉県","柏市","戸張９７２番１２号",,12,217,2770008,,,,,,,2023-06-26,1,,,,,"アメハ",0
632,3040001129204,12,0,2026-08-26,2026-08-03,"株式会社結不動産",,301,"千葉県","山武市","早船８番地１",,12,237,2891311,,,,,,,2023-07-12,1,,,,,"ユイフドウサン",0
633,3040001131688,12,0,2026-08-26,2026-08-05,"Ｍ＆Ｓ株式会社",,301,"千葉県","船橋市","本町２丁目２番７号船橋本町プラザビル７１５",,12,204,2730005,,,,,,,2024-01-09,1,,,,,"エムアンドエス",0
634,3040001145052,01,0,2026-08-26,2026-08-26,"アセットトレイン・ホールディングス株式会社",,301,"千葉県","市原市","五井５４８８番地１、２階",,12,219,2900056,,,,,,,2026-08-26,1,,,,,"アセットトレインホールディングス",0
635,3040002016137,01,1,2026-08-26,2015-10-05,"有限会社エコ・トレイド",,302,"千葉県","千葉市若葉区","中田町１３１４番地２",,12,104,2650043,,,,,,,2015-10-05,1,,,,,"エコトレイド",0
636,3040002069663,01,1,2026-08-26,2015-10-05,"有限会社エムケーエフ",,302,"千葉県","君津市","笹１９５４番地の１７",,12,225,2920526,,,,,,,2015-10-05,1,,,,,"エムケーエフ",0
637,3040003030599,01,0,2026-08-26,2026-08-26,"合同会社ＳＯＵＥＮ",,305,"千葉県","柏市","旭町１丁目３番３号マスダビル３階",,12,217,2770852,,,,,,,2026-08-26,1,,,,,"ソウエン",0
638,3040005005500,01,1,2026-08-26,2015-10-05,"西善院",,399,"千葉県","流山市","大字南２０２番地１",,12,220,2700124,,,,,,,2015-10-05,1,,,,,"サイゼンイン",0
639,3050001021905,01,1,2026-08-26,2015-10-05,"株式会社田嵜青果",,301,"茨城県","鉾田市","鳥栖１３７４番地",,08,234,3111534,,,,,,,2015-10-05,1,,,,,"タサキセイカ",0
640,3050001038949,01,1,2026-08-26,2015-10-05,"株式会社３１０商事",,301,"茨城県","水戸市","谷田町１０１４番地３",,08,201,3100825,,,,,,,2015-10-05,1,,,,,"サトーショウジ",0
641,3050002019634,01,1,2026-08-26,2015-10-05,"有限会社秋元石材店",,302,"茨城県","坂東市","岩井４６２５番地の２",,08,228,3060631,,,,,,,2015-10-05,1,,,,,"アキモトセキザイテン",0
642,3050002035755,12,0,2026-08-26,2026-08-12,"有限会社野上産業",,302,"茨城県","常陸大宮市","八田４７番地４",,08,225,3192221,,,,,,,2015-10-05,1,,,,,"ノガミサンギョウ",0
643,3060001009528,12,0,2026-08-26,2026-08-25,"株式会社タケヤ",,301,"栃木県","真岡市","久下田９３７番地",,09,209,3214521,,,,,,,2015-10-05,1,,,,,"タケヤ",0
644,3060001039558,01,0,2026-08-26,2026-08-26,"株式会社誠大",,301,"栃木県","栃木市","吹上町１２４８番地１",,09,203,3280125,,,,,,,2026-08-26,1,,,,,"セイダイ",0
645,3060002036587,21,0,2026-08-26,2026-08-24,"有限会社第一製作所",,302,"栃木県","足利市","伊勢町４丁目３番地の１６",,09,202,3260053,,,2026-08-24,01,,,2015-10-05,1,,,,,"ダイイチセイサクショ",0
646,3070001044441,01,0,2026-08-26,2026-08-26,"株式会社環境ホーム",,301,"群馬県","高崎市","倉賀野町２４６５番地４",,10,202,3701201,,,,,,,2026-08-26,1,,,,,"カンキョウホーム",0
647,3080001007728,21,0,2026-08-26,2026-08-21,"株式会社大富士工業所",,301,"茨城県","取手市","井野５０４５番地",,08,217,3020011,,,2026-08-21,01,,,2015-10-05,1,,,,,"オオフジコウギョウショ",0
648,3080102008204,21,0,2026-08-26,2026-08-19,"有限会社エムネット",,302,"静岡県","伊豆の国市","南江間８５３番地の１",,22,225,4102221,,,2026-08-19,01,,,2015-10-05,1,,,,,"エムネット",0
649,3100003008878,01,0,2026-08-26,2026-08-26,"合同会社クラルテ",,305,"長野県","塩尻市","大字広丘堅石１１２番地１３",,20,215,3990705,,,,,,,2026-08-26,1,,,,,"クラルテ",0
650,3110001017277,01,1,2026-08-26,2015-10-05,"株式会社倉源商店",,301,"新潟県","柏崎市","西本町２丁目２番５号",,15,205,9450066,,,,,,,2015-10-05,1,,,,,"クラゲンショウテン",0
651,3120001007608,12,0,2026-08-26,2026-08-24,"三耕株式会社",,301,"大阪府","大阪市北区","西天満４丁目４番１２号近藤ビル８階８３０号",,27,127,5300047,,,,,,,2015-10-05,1,,,,,"サンコウ",0
652,3120001033240,12,0,2026-08-26,2026-08-21,"常盤商事株式会社",,301,"大阪府","大阪市住吉区","苅田７丁目１２－２８－２０３号",,27,120,5580011,,,,,,,2015-10-05,1,,,,,"トキワショウジ",0
653,3120001036474,21,0,2026-08-26,2026-08-24,"ＳＭＰ物流サービス株式会社",,301,"大阪府","吹田市","江の木町３３番９４号",,27,205,5640053,,,2026-08-24,01,,,2015-10-05,1,,,,,"エスエムピーブツリュウサービス",0
654,3120001140870,21,0,2026-08-26,2026-08-19,"株式会社ケイ",,301,"大阪府","大阪市鶴見区","諸口６丁目２番５５－４１６号",,27,124,5380051,,,2026-08-19,01,,,2015-10-05,1,,,,,"ケイ",0
655,3120001200006,01,1,2026-08-26,2016-08-09,"株式会社サーカス",,301,"大阪府","大阪市中央区","西心斎橋１丁目８番１６号中西ビル２階",,27,128,5420086,,,,,,,2016-08-09,1,,,,,"サーカス",0
656,3120001208478,21,0,2026-08-26,2026-08-24,"株式会社アイティーエスコーポレーション",,301,"奈良県","桜井市","大字桜井１１４５番地の４－３０６",,29,206,6330091,,,2026-08-24,01,,,2017-10-03,1,,,,,"アイティーエスコーポレーション",0
657,3120001208619,12,0,2026-08-26,2026-08-24,"日本蓄電株式会社",,301,"大阪府","堺市堺区","中安井町３丁４番１１号８階",,27,141,5900063,,,,,,,2017-10-10,1,,,,,"ニホンチクデン",0
658,3120001248441,12,0,2026-08-26,2026-08-24,"株式会社ピーススマイル",,301,"大阪府","四條畷市","雁屋南町１２番２８号",,27,229,5750036,,,,,,,2022-08-25,1,,,,,"ピーススマイル",0
659,3120001275015,12,0,2026-08-26,2026-08-24,"株式会社ワアカーゴ",,301,"大阪府","大阪市中央区","南船場４丁目１０番４－１０１号",,27,128,5420081,,,,,,,2025-05-01,1,,,,,"ワアカーゴ",0
660,3120001287217,01,0,2026-08-26,2026-08-26,"ＣＯＬＬＡＴＥＲＡＬ株式会社",,301,"大阪府","大阪市淀川区","木川東１丁目１０－２２新大阪ファミール東館５０２",,27,123,5320012,,,,,,,2026-08-26,1,,,,,"コラテラル",0
661,3120001288710,01,0,2026-08-26,2026-08-26,"株式会社ラパンユニーク",,301,"大阪府","大阪市阿倍野区","昭和町３丁目４番８号",,27,119,5450011,,,,,,,2026-08-26,1,,,,,"ラパンユニーク",0
662,3120001288727,01,0,2026-08-26,2026-08-26,"株式会社せれね",,301,"大阪府","大阪市中央区","法円坂１丁目５番３５－８０３号",,27,128,5400006,,,,,,,2026-08-26,1,,,,,"セレネ",0
663,3120001288751,01,0,2026-08-26,2026-08-26,"株式会社ＢＡＳＴＥＴ　ＴＥＣＨＮＯＬＯＧＩＥＳ",,301,"大阪府","大阪市中央区","平野町１丁目７番６号",,27,128,5410046,,,,,,,2026-08-26,1,,,,,"バステトテクノロジーズ",0
664,3120002019263,01,1,2026-08-26,2015-10-05,"有限会社松井商店",,302,"大阪府","大阪市福島区","野田１丁目１番８６号",,27,103,5530005,,,,,,,2015-10-05,0,,,,,"マツイショウテン",0
665,3120002019263,12,1,2026-08-26,2026-08-24,"有限会社松井商店",,302,"大阪府","大阪市生野区","生野西４丁目８番３１号",,27,116,5440024,,,,,,,2015-10-05,1,,,,,"マツイショウテン",0
666,3120002066396,12,0,2026-08-26,2026-08-18,"有限会社パウワウエージェンシー",,302,"大阪府","大阪市生野区","巽中４丁目１４番１０号",,27,116,5440013,,,,,,,2015-10-05,1,,,,,,0
667,3120003027224,01,1,2026-08-26,2024-08-07,"Ｚｈｏｕ’ｓ合同会社",,305,"大阪府","大阪市北区","梅田１丁目１－３大阪駅前第３ビル２９階１－１－１号室",,27,127,5300001,,,,,,,2024-08-07,0,,,,,"ジョウズ",0
668,3120003027224,12,1,2026-08-26,2025-02-10,"Ｚｈｏｕ’ｓ合同会社",,305,"大阪府","大阪市西成区","天下茶屋１丁目５番１９号",,27,122,5570014,,,,,,,2024-08-07,0,,,,,"ジョウズ",0
669,3120003027224,12,1,2026-08-26,2025-08-20,"Ｚｈｏｕ’ｓ合同会社",,305,"大阪府","堺市堺区","南清水町２丁２番１２号ＡｃｈｔＨＩＫ堺東１号室",,27,141,5900005,,,,,,,2024-08-07,0,,,,,"ジョウズ",0
670,3120003027224,11,1,2026-08-26,2026-02-20,"ＭＺ株式会社",,301,"大阪府","堺市堺区","南清水町２丁２番１２号ＡｃｈｔＨＩＫ堺東１号室",,27,141,5900005,,,,,,,2024-08-07,0,,,,,"エムゼット",0
671,3120003027224,12,0,2026-08-26,2026-08-21,"ＭＺ株式会社",,301,"大阪府","大阪市大正区","千島１丁目２７番１２号",,27,108,5510003,,,,,,,2024-08-07,1,,,,,"エムゼット",0
672,3120003029303,21,0,2026-08-26,2026-08-24,"新未来合同会社",,305,"大阪府","大阪市浪速区","塩草３丁目６番１１号ティーズ桜川２０３号室",,27,111,5560024,,,2026-08-24,01,,,2025-05-02,1,,,,,"シンミライ",0
673,3120003033346,01,0,2026-08-26,2026-08-26,"Ｆｏｒｇｅｎｉｃ　Ｔｅｃｈ合同会社",,305,"大阪府","交野市","寺２丁目２０番５号",,27,230,5760063,,,,,,,2026-08-26,1,,,,,"フォージェニックテック",0
674,3120005000708,01,1,2026-08-26,2015-10-05,"円宗寺",,399,"大阪府","大阪市淀川区","十八条２丁目４番３号",,27,123,5320001,,,,,,,2015-10-05,1,,,,,"エンシュウジ",0
675,3120101054855,11,0,2026-08-26,2026-08-20,"株式会社西廼不動産",,301,"大阪府","堺市北区","金岡町１１３２番地１８",,27,146,5918022,,,,,,,2016-06-01,1,,,,,"ニシノフドウサン",0
676,3120101074267,01,0,2026-08-26,2026-08-26,"株式会社ＷｅｌｌｎｅＸｉｓ",,301,"大阪府","羽曳野市","広瀬３０９番地２３",,27,222,5830845,,,,,,,2026-08-26,1,,,,,"ウェルネクシス",0
677,3120901053065,12,0,2026-08-26,2026-08-24,"株式会社アスロープ",,301,"大阪府","豊中市","三和町１丁目３番１５号",,27,203,5610828,,,,,,,2026-08-17,1,,,,,"アスロープ",0
678,3120901053107,01,0,2026-08-26,2026-08-26,"株式会社エンシフト",,301,"大阪府","高槻市","西真上１丁目３５－３５ＨＫビル２階",,27,207,5691127,,,,,,,2026-08-26,1,,,,,"エンシフト",0
679,3120902010247,01,1,2026-08-26,2015-10-05,"有限会社栄倉庫",,302,"大阪府","高槻市","東五百住町２丁目５番１号",,27,207,5690811,,,,,,,2015-10-05,1,,,,,"サカエソウコ",0
680,3122001019698,12,0,2026-08-26,2026-08-24,"株式会社延田エンタープライズ",,301,"大阪府","大阪市中央区","本町３丁目４番１６号",,27,128,5410053,,,,,,,2015-10-05,1,,,,,"ノブタエンタープライズ",0
681,3122003000953,01,1,2026-08-26,2015-10-05,"米熊貿易合同会社",,305,"大阪府","大東市","大野１丁目２番１６号シャンブル大東２０１号室",,27,218,5740042,,,,,,,2015-10-05,0,,,,,"コメクマボウエキ",0
682,3122003000953,12,1,2026-08-26,2018-03-30,"米熊貿易合同会社",,305,"大阪府","大阪市中央区","博労町１丁目４番１０号博労町エステートビル０５０１号室",,27,128,5410059,,,,,,,2015-10-05,0,,,,,"コメクマボウエキ",0
683,3122003000953,12,1,2026-08-26,2026-08-19,"米熊貿易合同会社",,305,"大阪府","大阪市平野区","長吉六反４丁目４番３号アハトハイク長吉六反１棟０１室",,27,126,5470012,,,,,,,2015-10-05,1,,,,,"コメクマボウエキ",0
684,3130001054351,21,0,2026-08-26,2026-08-06,"株式会社ＦＰＣ",,301,"京都府","京都市左京区","岩倉幡枝町８２４番地２",,26,103,6060015,,,2026-08-06,01,,,2015-10-05,1,,,,,"エフピーシー",0
685,3130001080967,01,1,2026-08-26,2025-11-10,"株式会社なごみリンク",,301,"京都府","城陽市","寺田水度坂１５番地の９プレサンスロジェ京都城陽２０４号",,26,207,6100121,,,,,,,2025-11-10,0,,,,,,0
686,3130001080967,12,1,2026-08-26,2026-08-03,"株式会社なごみリンク",,301,"京都府","京都市右京区","西院四条畑町５－３オーヤマ第２ビル４階",,26,108,6150066,,,,,,,2025-11-10,1,,,,,,0
687,3130001082419,01,1,2026-08-26,2026-07-02,"Ｋｙｏｔｏ　ｎｏ　Ｓｅｍｉ　ｔｏ　Ａｒｉ株式会社",,301,"京都府","京都市下京区","大政所町６８０－１",,26,106,6008413,,,,,,,2026-07-02,1,,,,,"キョートノセミトアリ",0
688,3130001082807,01,0,2026-08-26,2026-08-26,"株式会社ガットモ",,301,"京都府","京都市下京区","小稲荷町８５－２Ｇｒａｎｄ－Ｋ京都駅前ビル２０１",,26,106,6008208,,,,,,,2026-08-26,1,,,,,"ガットモ",0
689,3130001082815,01,0,2026-08-26,2026-08-26,"三田マエコ株式会社",,301,"京都府","京都市北区","上賀茂高縄手町４１番地ノースコテージＤ棟",,26,101,6038055,,,,,,,2026-08-26,1,,,,,"ミタマエコ",0
690,3130002014453,01,1,2026-08-26,2015-10-05,"有限会社戸長電気工事",,302,"京都府","京都市伏見区","深草大亀谷東古御香町７６番地の２",,26,109,6120844,,,,,,,2015-10-05,1,,,,,"トナガデンキコウジ",0
691,3130002019139,21,0,2026-08-26,2026-08-03,"有限会社レガリス",,302,"京都府","京都市中京区","下本能寺前町５００－１中信御池ビル６階京都成蹊法律事務所内",,26,104,6048091,,,2026-08-03,01,,,2015-10-05,1,,,,,"レガリス",0
692,3130002023702,01,1,2026-08-26,2015-10-05,"有限会社アウラ",,302,"京都府","京都市東山区","大和大路通四条下る４丁目小松町１１９番地２ライオンズマンション祇園小松町３０２号",00047568,26,105,6050811,,,,,,,2015-10-05,1,,,,,"アウラ",0
693,3130003010195,12,0,2026-08-26,2026-08-03,"ユナイティア合同会社",,305,"京都府","京都市中京区","三条通河原町東入中島町９０番地２号ａｕｎｅ京都三条５Ｆ－２２",,26,104,6048004,,,,,,,2025-02-05,1,,,,,"ユナイティア",0
694,3140001007952,01,1,2026-08-26,2015-10-05,"佐藤國汽船株式会社",,301,"兵庫県","神戸市中央区","海岸通８番神港ビル",,28,110,6500024,,,,,,,2015-10-05,1,,,,,"サトクニキセン",0
695,3140001017885,01,1,2026-08-26,2015-10-05,"フジテレホン株式会社",,301,"兵庫県","神戸市西区","池上２丁目３９番９",,28,111,6512111,,,,,,,2015-10-05,1,,,,,"フジテレホン",0
696,3140001077054,01,1,2026-08-26,2015-10-05,"ナチュラルファーム溝井谷株式会社",,301,"兵庫県","小野市","脇本町４０１番地",,28,218,6751305,,,,,,,2015-10-05,0,,,,,"ナチュラルファームミゾイダニ",0
697,3140001077054,12,1,2026-08-26,2026-08-10,"ナチュラルファーム溝井谷株式会社",,301,"兵庫県","小野市","中谷町８４０番地",,28,218,6751304,,,,,,,2015-10-05,1,,,,,"ナチュラルファームミゾイダニ",0
698,3140002025020,21,0,2026-08-26,2026-08-21,"有限会社サイテックエンタープライズ",,302,"兵庫県","神戸市東灘区","甲南町４丁目６番９号",,28,101,6580084,,,2026-08-21,01,,,2015-10-05,1,,,,,"サイテックエンタープライズ",0
699,3140005028029,01,0,2026-08-26,2026-08-26,"一般社団法人縁側",,399,"兵庫県","西宮市","両度町６番１０号両度ビル２階",,28,204,6620841,,,,,,,2026-08-26,1,,,,,"エンガワ",0
700,3150003004030,01,0,2026-08-26,2026-08-26,"梅田合同会社",,305,"奈良県","天理市","川原城町７９０番地",,29,204,6320016,,,,,,,2026-08-26,1,,,,,"ウメダ",0
701,3160001027866,01,0,2026-08-26,2026-08-26,"株式会社金田商事",,301,"滋賀県","大津市","柳川２丁目８番２号",,25,201,5200014,,,,,,,2026-08-26,1,,,,,"カネダショウジ",0
702,3160002013683,01,1,2026-08-26,2015-10-05,"有限会社アールーコーポレーション",,302,"滋賀県","栗東市","下鈎１６２８番地",,25,208,5203026,,,,,,,2015-10-05,1,,,,,"アールーコーポレーション",0
703,3170002005003,01,1,2026-08-26,2015-10-05,"有限会社プラスケア",,302,"和歌山県","和歌山市","田尻１５３番地の５",,30,201,6410005,,,,,,,2015-10-05,1,,,,,"プラスケア",0
704,3170003002486,01,0,2026-08-26,2026-08-26,"合同会社ＲＡＦＯＲＧＥ",,305,"和歌山県","和歌山市","南出島２４－１ヒロハウスＣ１０２",,30,201,6408318,,,,,,,2026-08-26,1,,,,,"ラフォージュ",0
705,3180001117161,12,0,2026-08-26,2026-08-20,"株式会社エス・アイ・エス",,301,"広島県","広島市西区","中広町２丁目２４番５－３０２号",,34,104,7330012,,,,,,,2015-10-05,1,,,,,"エスアイエス",0
706,3180001118795,01,1,2026-08-26,2015-10-05,"株式会社タモア",,301,"愛知県","名古屋市熱田区","四番２丁目６番２８号",,23,109,4560051,,,,,,,2015-10-05,0,,,,,,0
707,3180001118795,12,1,2026-08-26,2019-04-17,"株式会社タモア",,301,"愛知県","名古屋市港区","小碓２丁目３１番地",,23,111,4550801,,,,,,,2015-10-05,0,,,,,,0
708,3180001118795,21,0,2026-08-26,2026-08-20,"株式会社タモア",,301,"愛知県","名古屋市港区","小碓２丁目３１番地",,23,111,4550801,,,2026-08-20,01,,,2015-10-05,1,,,,,,0
709,3180001123606,01,1,2026-08-26,2016-06-08,"株式会社ＩＧＭ",,301,"愛知県","半田市","岩滑西町２丁目１番地１２",,23,205,4750966,,,,,,,2016-06-08,1,,,,,"アイジーエム",0
710,3180001137093,01,1,2026-08-26,2019-06-27,"ＴＨソリューション株式会社",,301,"愛知県","名古屋市中村区","名駅南１丁目１２番７号",,23,105,4500003,,,,,,,2019-06-27,1,,,,,"ティーエイチソリューリョン",0
711,3180001151706,12,0,2026-08-26,2026-08-04,"株式会社ＨｕｅＳＴＯＲＹ",,301,"愛知県","名古屋市西区","新道１丁目２番９号",,23,104,4510043,,,,,,,2022-06-14,0,,,,,"ヒューストーリー",0
712,3180001151706,11,0,2026-08-26,2026-08-04,"株式会社トラメカベース",,301,"愛知県","名古屋市西区","新道１丁目２番９号",,23,104,4510043,,,,,,,2022-06-14,1,,,,,"トラメカベース",0
713,3180001167628,12,0,2026-08-26,2026-08-21,"株式会社和奏",,301,"愛知県","名古屋市中区","金山５丁目１１－１９金山マンション南棟４０３",,23,106,4600022,,,,,,,2025-07-09,1,,,,,"ワカナ",0
714,3180003016345,11,0,2026-08-26,2026-08-07,"合同会社すみれや",,305,"愛知県","名古屋市中区","千代田５丁目２１番１号ケイアンドエスビル",,23,106,4600012,,,,,,,2015-10-05,1,,,,,"スミレヤ",0
715,3180003022104,12,0,2026-08-26,2026-08-18,"合同会社小池屋",,305,"宮崎県","東諸県郡綾町","大字南俣３３２番地１２",,45,383,8801303,,,,,,,2021-02-09,1,,,,,"コイケヤ",0
716,3180301012351,12,0,2026-08-26,2026-08-12,"株式会社東海技術コンサルタント",,301,"愛知県","岡崎市","明大寺町字西長峰５０番地",,23,202,4440864,,,,,,,2015-10-05,1,,,,,"トウカイギジュツコンサルタント",0
717,3180301015008,01,1,2026-08-26,2015-10-05,"旭オイル株式会社",,301,"愛知県","碧南市","鷲林町１丁目１８番地",,23,209,4470802,,,,,,,2015-10-05,0,,,,,"アサヒオイル",0
718,3180301015008,12,1,2026-08-26,2026-08-19,"旭オイル株式会社",,301,"愛知県","碧南市","末広町３丁目６８番地",,23,209,4470044,,,,,,,2015-10-05,1,,,,,"アサヒオイル",0
719,3180301029767,12,0,2026-08-26,2026-08-17,"古居興業株式会社",,301,"愛知県","西尾市","平坂町梨子山１７番地５エスポワール平坂５０４号室",,23,213,4440305,,,,,,,2016-11-10,1,,,,,"フルイコウギョウ",0
720,3180301040229,12,0,2026-08-26,2026-08-12,"株式会社ＳＧＲ",,301,"愛知県","豊田市","下林町２丁目３９番地リヒト２０３号",,23,211,4710878,,,,,,,2025-09-24,1,,,,,"エスジーアール",0
721,3180302002434,01,1,2026-08-26,2015-10-05,"有限会社ビージー",,302,"愛知県","岡崎市","稲熊町字森下１６番地２０",,23,202,4440071,,,,,,,2015-10-05,1,,,,,"ビージー",0
722,3180302012656,01,1,2026-08-26,2015-10-05,"有限会社アドバンス",,302,"愛知県","豊川市","大崎町宮之坪６番地４",,23,207,4420007,,,,,,,2015-10-05,1,,,,,"アドバンス",0
723,3180302014330,01,1,2026-08-26,2015-10-05,"有限会社丸伸建具製作所",,302,"愛知県","豊川市","本野ケ原２丁目７６番地",,23,207,4420005,,,,,,,2015-10-05,1,,,,,"マルシンタテグセイサクジョ",0
724,3190001032302,12,0,2026-08-26,2026-08-20,"株式会社Ｒａｙ　Ｏｒｉｇｉｎ",,301,"大阪府","大阪市福島区","福島３丁目５番４号ツゥインクル堂島４０２号室",,27,103,5530003,,,,,,,2025-06-13,1,,,,,"レイオリジン",0
725,3190001033374,01,0,2026-08-26,2026-08-26,"テクノブリッジ株式会社",,301,"三重県","津市","高茶屋７丁目９番５０号",,24,201,5140819,,,,,,,2026-08-26,1,,,,,"テクノブリッジ",0
726,3190005012184,01,0,2026-08-26,2026-08-26,"一般財団法人みえ未来パスポート",,399,"三重県","四日市市","広永町１１８２番地１",,24,202,5128061,,,,,,,2026-08-26,1,,,,,"ミエミライパスポート",0
727,3210003002085,01,0,2026-08-26,2026-08-26,"ＴＡＧＩ合同会社",,305,"福井県","吉田郡永平寺町","松岡志比堺第１１号５７番地６",,18,322,9101111,,,,,,,2026-08-26,1,,,,,"タギ",0
728,3220003004353,01,0,2026-08-26,2026-08-26,"合同会社Ｍａｔａｔａｂｉ　ＡＩ",,305,"石川県","金沢市","此花町５番６号ライフ金沢第１ビル６０１Ａ",,17,201,9200852,,,,,,,2026-08-26,1,,,,,"マタタビエーアイ",0
729,3230001002176,01,1,2026-08-26,2015-10-05,"株式会社富山鈑金工業所",00078797,301,"富山県","富山市","上赤江町１丁目１６番１０号",,16,201,9300816,,,,,,,2015-10-05,1,,,,,"トヤマバンキンコウギョウショ",0
730,3230002004403,12,0,2026-08-26,2026-08-25,"有限会社はぎわら",,302,"富山県","富山市","千石町４丁目６番４号",,16,201,9300066,,,,,,,2015-10-05,1,,,,,"ハギワラ",0
731,3230002011696,21,0,2026-08-26,2026-08-24,"有限会社中村左官工業",,302,"富山県","高岡市","島新７６番地",,16,202,9391263,,,2026-08-24,01,,,2015-10-05,1,,,,,"ナカムラサカンコウギョウ",0
732,3240001050678,01,1,2026-08-26,2017-02-27,"株式会社川原",,301,"広島県","尾道市","美ノ郷町本郷４５５番地１０",,34,205,7220212,,,,,,,2017-02-27,1,,,,,"カワハラ",0
733,3250002012602,01,1,2026-08-26,2015-10-05,"有限会社ライフコーポレーション",,302,"山口県","下関市","金比羅町１１番２号",,35,201,7500058,,,,,,,2015-10-05,0,,,,,"ライフコーポレーション",0
734,3250002012602,12,1,2026-08-26,2017-03-23,"有限会社ライフコーポレーション",,302,"山口県","下関市","西大坪町２番１３号",,35,201,7500054,,,,,,,2015-10-05,1,,,,,"ライフコーポレーション",0
735,3250002016867,21,0,2026-08-26,2026-08-24,"有限会社アイビーエー",,302,"山口県","周南市","慶万町３番８－５０４号",,35,215,7450836,,,2026-08-24,01,,,2015-10-05,1,,,,,"アイビーエー",0
736,3260001039876,12,0,2026-08-26,2026-08-24,"株式会社Ｓｈｅｒａｚ　Ｔｒａｄｅｒｓ",,301,"岡山県","岡山市東区","瀬戸町万富９００番地６",,33,103,7090841,,,,,,,2025-02-04,1,,,,,"シェラーズトレーダーズ",0
737,3260002018078,12,0,2026-08-26,2026-08-19,"有限会社甲和",,302,"神奈川県","横浜市港北区","大豆戸町９３１番地１グリーンコーポ大倉山Ａ棟５０５号",,14,109,2220032,,,,,,,2015-10-05,1,,,,,"コウワ",0
738,3280005007712,01,0,2026-08-26,2026-08-26,"一般社団法人つわの地域観光推進機構",,399,"島根県","鹿足郡津和野町","田二穂１１１番地１",,32,501,6995617,,,,,,,2026-08-26,1,,,,,"ツワノチイキカンコウスイシンキコウ",0
739,3290001093680,21,0,2026-08-26,2026-08-17,"株式会社ＢｌｕｅＰｒｉｎｔ",,301,"福岡県","福岡市中央区","天神２丁目３番１０号天神パインクレスト７１９号",,40,133,8100001,,,2026-08-17,01,,,2021-06-24,1,,,,,"ブループリント",0
740,3290001114016,12,0,2026-08-26,2026-08-18,"株式会社ＤＥＳＯＨ",,301,"福岡県","福岡市中央区","赤坂１丁目７番５－５０４号",,40,133,8100042,,,,,,,2026-05-11,1,,,,,"デソー",0
741,3290001115245,01,0,2026-08-26,2026-08-26,"Ｄｅｔａｉｌ　Ｔｅｃｈ株式会社",,301,"福岡県","柳川市","三橋町柳河６５６－１",,40,207,8320806,,,,,,,2026-08-26,1,,,,,"ディテールテック",0
742,3290003017704,12,0,2026-08-26,2026-08-07,"合同会社ＤＡＮＢＯ",,305,"福岡県","福岡市中央区","小笹４丁目５番２",,40,133,8100033,,,,,,,2025-11-17,1,,,,,"ダンボ",0
743,3290003018719,01,0,2026-08-26,2026-08-26,"合同会社ＴＯＫＵＹＡＭＡ",,305,"福岡県","福岡市東区","香椎５丁目３９－１８－１０１",,40,131,8130011,,,,,,,2026-08-26,1,,,,,"トクヤマ",0
744,3290803005429,01,0,2026-08-26,2026-08-26,"合同会社Ｎａｖｙ　ＳＥＡＬｓ",,305,"福岡県","遠賀郡遠賀町","大字今古賀４０６－９",,40,384,8114303,,,,,,,2026-08-26,1,,,,,"ネイビーシールズ",0
745,3300005000086,12,0,2026-08-26,2026-08-24,"一般社団法人佐賀県放射線技師会",,399,"佐賀県","佐賀市","唐人２丁目５番１５号",,41,201,8400813,,,,,,,2015-10-05,1,,,,,"サガケンホウシャセンギシカイ",0
746,3310001017785,12,0,2026-08-26,2026-08-20,"Ｓｕｐｅｒ　Ｓｕｐｐｌｅｍｅｎｔ株式会社",,301,"長崎県","諫早市","小野町３５８",,42,204,8540034,,,,,,,2022-03-28,1,,,,,,0
747,3320001021621,12,0,2026-08-26,2026-08-19,"株式会社トウエイホーム",,301,"宮崎県","宮崎市","日ノ出町３７番地",,45,201,8800856,,,,,,,2026-03-10,1,,,,,"トウエイホーム",0
748,3320002001201,01,1,2026-08-26,2015-10-05,"有限会社エイコーテクニカ",,302,"大分県","大分市","大字常行４７８番地の６７",,44,201,8700116,,,,,,,2015-10-05,0,,,,,"エイコーテクニカ",0
749,3320002001201,12,1,2026-08-26,2026-08-17,"有限会社エイコーテクニカ",,302,"大分県","大分市","須賀１丁目６番３４号藤野荘Ｃ",,44,201,8700244,,,,,,,2015-10-05,1,,,,,"エイコーテクニカ",0
750,3320002018253,01,1,2026-08-26,2015-10-05,"有限会社岡部内装",,302,"大分県","豊後大野市","三重町市場４２６番地２",,44,212,8797131,,,,,,,2015-10-05,1,,,,,"オカベナイソウ",0
751,3340001002058,01,1,2026-08-26,2015-10-05,"株式会社シンキダンネツ",,301,"鹿児島県","鹿児島市","桜ヶ丘１丁目２番地７",,46,201,8910175,,,,,,,2015-10-05,1,,,,,"シンキダンネツ",0
752,3340001012478,01,1,2026-08-26,2015-10-05,"久保建築創造ラボ株式会社",,301,"鹿児島県","鹿児島市","上荒田町２３－２－２０１",,46,201,8900055,,,,,,,2015-10-05,1,,,,,"クボケンチクソウゾウラボ",0
753,3340002023689,01,1,2026-08-26,2015-10-05,"有限会社弥栄工務所",,302,"鹿児島県","南さつま市","加世田高橋１９３３番地",,46,220,8971123,,,,,,,2015-10-05,1,,,,,"ヤエコウムショ",0
754,3360001012732,21,0,2026-08-26,2026-07-30,"沖縄総合農産加工株式会社",,301,"沖縄県","国頭郡東村","字平良４５９番地１",,47,303,9051204,,,2026-07-30,01,,,2015-10-05,1,,,,,"オキナワソウゴウノウサンカコウ",0
755,3360005007456,01,0,2026-08-26,2026-08-26,"一般社団法人石垣島カラフル",,399,"沖縄県","石垣市","字白保２６３番地３",,47,207,9070242,,,,,,,2026-08-26,1,,,,,"イシガキジマカラフル",0
756,3370001054179,01,0,2026-08-26,2026-08-26,"株式会社ゼルコバ",,301,"宮城県","仙台市青葉区","大手町４番３５号",,04,101,9800805,,,,,,,2026-08-26,1,,,,,"ゼルコバ",0
757,3370003006335,12,0,2026-08-26,2026-08-20,"合同会社サーティーンストラットＡＤＤ",,305,"宮城県","仙台市青葉区","一番町４丁目１－２２ＦＵＪＩビル４階",,04,101,9800811,,,,,,,2023-10-25,1,,,,,"サーティーンストラットエイデイデイ",0
758,3370005011151,01,0,2026-08-26,2026-08-26,"一般社団法人ＴＲＹＱＵＥＳＴ",,399,"宮城県","仙台市若林区","志波町１６番１号",,04,103,9840041,,,,,,,2026-08-26,1,,,,,"トライクエスト",0
759,3370801000662,21,0,2026-08-26,2026-08-21,"三宅建設株式会社",,301,"宮城県","亘理郡山元町","真庭字南権現１１４",,04,362,9892112,,,2026-08-21,01,,,2015-10-05,1,,,,,"ミヤケケンセツ",0
760,3380002006236,21,0,2026-08-26,2026-08-24,"有限会社志賀運輸",,302,"福島県","伊達市","保原町上保原字新田前１８番地２",,07,213,9600684,,,2026-08-24,01,,,2015-10-05,1,,,,,,0
761,3390001009569,01,1,2026-08-26,2015-10-05,"株式会社ふみコンタクト",,301,"山形県","尾花沢市","上町４丁目７番７号",,06,212,9994228,,,,,,,2015-10-05,1,,,,,"フミコンタクト",0
762,3390001014536,01,1,2026-08-26,2016-06-13,"トレゾア株式会社",,301,"山形県","米沢市","金池６丁目９番３０号",,06,202,9920012,,,,,,,2016-06-13,1,,,,,"トレゾア",0
763,3400002008543,01,1,2026-08-26,2015-10-05,"有限会社ヤマヨおばら",,302,"岩手県","花巻市","横志田６地割１４２番地７",,03,205,0250136,,,,,,,2015-10-05,1,,,,,"ヤマヨオバラ",0
764,3400003002140,01,1,2026-08-26,2016-12-27,"合同会社マリクトレーディング",,305,"岩手県","一関市","滝沢字草刈場９７番地",,03,209,0290132,,,,,,,2016-12-27,1,,,,,"マリクトレーディング",0
765,3420002009176,21,0,2026-08-26,2026-08-20,"有限会社山眞保険",,302,"青森県","八戸市","大字長苗代字中坪１０５番地",,02,203,0391103,,,2026-08-20,01,,,2015-10-05,1,,,,,"ヤマシンホケン",0
766,3430001078428,21,0,2026-08-26,2026-08-19,"株式会社武藤建業",,301,"北海道","札幌市手稲区","新発寒五条３丁目２番２２号",,01,109,0060805,,,2026-08-19,01,,,2019-03-06,1,,,,,"ムトウケンギョウ",0
767,3470001019056,21,0,2026-08-26,2026-08-21,"株式会社ＭＡＲＫ",,301,"香川県","高松市","東山崎町３０５番地１７",,37,201,7610312,,,2026-08-21,01,,,2022-04-28,1,,,,,"マーク",0
768,3700150089792,12,0,2026-08-26,2026-07-01,"ヒタチ・ソリューションズ・アジア・パシフィック・プライベート・リミテッド",,401,"東京都","港区","赤坂１丁目１１－４４赤坂インターシティ５階Ｆｏｒｖｉｓ・Ｍａｚａｒｓ・Ｊａｐａｎ株式会社内",,13,103,1070052,"シンガポール共和国、１８９７２０、ゲートウェイ・ウエスト、ビーチ・ロード１５０＃２１－０７",,,,,,2018-06-27,1,,,,,"ヒタチソリユーシヨンズアジアパシフイツクプライベートリミテツド",0
769,4010001136994,12,0,2026-08-26,2026-08-21,"株式会社衆",,301,"東京都","豊島区","高松３丁目１２番１号",,13,116,1710042,,,,,,,2015-10-05,1,,,,,"シュウ",0
770,4010001140476,01,1,2026-08-26,2015-10-05,"株式会社ドクターサプリ研究所",,301,"東京都","港区","海岸１丁目１６番２号",,13,103,1050022,,,,,,,2015-10-05,1,,,,,"ドクターサプリケンキュウショ",0
771,4010001143330,12,0,2026-08-26,2026-07-27,"株式会社アセントパートナーズ",,301,"東京都","港区","南青山３丁目１番３６号青山丸竹ビル６階",,13,103,1070062,,,,,,,2015-10-05,1,,,,,"アセントパートナーズ",0
772,4010001143677,01,1,2026-08-26,2015-10-05,"株式会社上海アカウンティングサービス",,301,"東京都","千代田区","神田和泉町１番地２の３",,13,101,1010024,,,,,,,2015-10-05,1,,,,,"シャンハイアカウンティングサービス",0
773,4010001161621,12,0,2026-08-26,2026-08-20,"ＩＣＴエージェンシー株式会社",,301,"千葉県","木更津市","幸町３丁目９番１号",,12,206,2920803,,,,,,,2015-10-05,1,,,,,"アイシーティーエージェンシー",0
774,4010001233008,01,1,2026-08-26,2023-02-15,"株式会社アルカイド",,301,"東京都","中央区","築地７丁目１０－１３－６０５",,13,102,1040045,,,,,,,2023-02-15,0,,,,,,0
775,4010001233008,12,1,2026-08-26,2026-07-27,"株式会社アルカイド",,301,"東京都","中央区","銀座１丁目１２－４－６",,13,102,1040061,,,,,,,2023-02-15,1,,,,,,0
776,4010001240334,01,1,2026-08-26,2023-11-27,"東融財富日本株式会社",,301,"東京都","千代田区","有楽町１丁目５番２号",,13,101,1000006,,,,,,,2023-11-27,0,,,,,,0
777,4010001240334,12,1,2026-08-26,2025-03-14,"東融財富日本株式会社",,301,"東京都","千代田区","有楽町１丁目５番２号１１階",,13,101,1000006,,,,,,,2023-11-27,1,,,,,,0
778,4010001241613,11,0,2026-08-26,2026-08-21,"株式会社Ａｉｕｔａ　Ｐｒｏｊｅｃｔ",,301,"東京都","中央区","銀座７丁目１３番２０号銀座ＴＨビル９Ｆ",,13,102,1040061,,,,,,,2024-01-22,1,,,,,"アイウタプロジェクト",0
779,4010001251042,12,0,2026-08-26,2026-07-27,"株式会社ＷｅｌｌＡｇｅｎｔ",,301,"東京都","千代田区","神田淡路町１丁目９番地５天翔御茶ノ水ビル５０２",,13,101,1010063,,,,,,,2025-01-09,1,,,,,"ウェルエージェント",0
780,4010001268292,01,0,2026-08-26,2026-08-26,"株式会社Ｕｔｓｕｎｏ　Ｌａｂ．",,301,"東京都","文京区","大塚１丁目１１番７号",,13,105,1120012,,,,,,,2026-08-26,1,,,,,"ウツノラボ",0
781,4010003029057,21,0,2026-08-26,2026-07-30,"合同会社メゾン・パートナーズ１号",,305,"東京都","千代田区","丸の内１丁目４番１号東京共同会計事務所内",,13,101,1000005,,,2026-07-30,01,,,2019-01-11,1,,,,,"メゾンパートナーズイチゴウ",0
782,4010005017076,01,1,2026-08-26,2015-10-05,"一般社団法人日本市民スポーツ連盟",,399,"東京都","文京区","湯島１丁目２番４号",,13,105,1130034,,,,,,,2015-10-05,0,,,,,,0
783,4010005017076,12,1,2026-08-26,2020-09-07,"一般社団法人日本市民スポーツ連盟",,399,"東京都","文京区","湯島４丁目６番１１号湯島ハイタウンＡ棟２０８号",,13,105,1130034,,,,,,,2015-10-05,1,,,,,,0
784,4010005025038,11,0,2026-08-26,2026-07-22,"一般社団法人適合性認証機構",,399,"東京都","千代田区","有楽町１丁目９番４号",,13,101,1000006,,,,,,,2016-03-09,1,,,,,"テキゴウセイニンショウキコウ",0
785,4010401088638,21,0,2026-08-26,2026-07-10,"ＰＴＲコミュニケーションズ株式会社",,301,"東京都","港区","南青山３丁目５番２号南青山第一韮澤ビル３階",,13,103,1070062,,,2026-07-10,01,,,2015-10-05,1,,,,,"ピーティーアールコミュニケーションズ",0
786,4010401102464,12,0,2026-08-26,2026-08-17,"Ｄｏｌｅ　Ｉｎｔｅｒｎａｔｉｏｎａｌ　Ｈｏｌｄｉｎｇｓ株式会社",,301,"東京都","港区","赤坂２丁目１７番２２号",,13,103,1070052,,,,,,,2015-10-05,1,,,,,"ドールインターナショナルホールディングス",0
787,4010401110376,12,0,2026-08-26,2026-08-07,"ｉＭａｒｋｅｔｉｎｇ株式会社",,301,"東京都","渋谷区","千駄ヶ谷２丁目３９番３号",,13,113,1510051,,,,,,,2015-10-05,1,,,,,"アイマーケティング",0
788,4010401123444,12,0,2026-08-26,2026-08-21,"３ｒｄ株式会社",,301,"東京都","渋谷区","代官山町３番１３号２Ｆ",,13,113,1500034,,,,,,,2016-03-07,1,,,,,"サード",0
789,4010401134672,12,0,2026-08-26,2026-07-27,"株式会社ＡＫＳ　Ｔｈｅｒａｐｙ　Ｓｔｕｄｉｏ",,301,"東京都","中央区","銀座８丁目１８番１号銀座木挽町ビル５階",,13,102,1040061,,,,,,,2017-11-01,0,,,,,"エーケーエスセラピースタジオ",0
790,4010401134672,11,0,2026-08-26,2026-07-27,"株式会社Ｙａｍａｕｃｈｉ　Ｓｔｙｌｅ",,301,"東京都","中央区","銀座８丁目１８番１号銀座木挽町ビル５階",,13,102,1040061,,,,,,,2017-11-01,1,,,,,"ヤマウチスタイル",0
791,4010401182283,12,0,2026-08-26,2026-08-24,"ゼレンデジタル株式会社",,301,"東京都","中央区","八丁堀４丁目１３番１号八丁堀東洋ビル",,13,102,1040032,,,,,,,2024-05-13,1,,,,,"ゼレンデジタル",0
792,4010401201514,01,0,2026-08-26,2026-08-26,"株式会社ブルーイール",,301,"東京都","港区","浜松町２丁目２番１５号浜松町ダイヤビル２Ｆ",,13,103,1050013,,,,,,,2026-08-26,1,,,,,"ブルーイール",0
793,4010401201605,01,0,2026-08-26,2026-08-26,"ＢＡＳＥＣＯＲＤ株式会社",,301,"東京都","港区","白金台２丁目７番１号",,13,103,1080071,,,,,,,2026-08-26,1,,,,,"ベースコード",0
794,4010401201613,01,0,2026-08-26,2026-08-26,"株式会社ＢＥＩＧＥ",,301,"東京都","港区","六本木２丁目１番１９号Ｓ‐Ｂｕｉｌｄｉｎｇ３階",,13,103,1060032,,,,,,,2026-08-26,1,,,,,"ベージュ",0
795,4010401201662,01,0,2026-08-26,2026-08-26,"株式会社Ｔ１",,301,"東京都","港区","西麻布４丁目１６番３－１２０４号",,13,103,1060031,,,,,,,2026-08-26,1,,,,,"ティーワン",0
796,4010401201729,01,0,2026-08-26,2026-08-26,"株式会社ＣＬＡＶＩＳ",,301,"東京都","港区","西新橋１丁目１０番１号",,13,103,1050003,,,,,,,2026-08-26,1,,,,,"クラヴィス",0
797,4010403016299,12,0,2026-08-26,2026-08-17,"伊藤忠フードインベストメント合同会社",,305,"東京都","港区","赤坂２丁目１７番２２号",,13,103,1070052,,,,,,,2017-03-14,1,,,,,"イトウチュウフードインベストメント",0
798,4010403022082,12,0,2026-08-26,2026-08-17,"合同会社Ｄｏｌｅ　Ｊａｐａｎ　Ｈｏｌｄｉｎｇｓ",,305,"東京都","港区","赤坂２丁目１７番２２号",,13,103,1070052,,,,,,,2019-12-27,1,,,,,"ドールジャパンホールディングス",0
799,4010403038913,01,0,2026-08-26,2026-08-26,"合同会社Ｔ‐Ｕｐｐ",,305,"東京都","港区","高輪１丁目４番３号",,13,103,1080074,,,,,,,2026-08-26,1,,,,,"ティーアップ",0
800,4010405000433,12,0,2026-08-26,2026-07-22,"一般社団法人全日本建設技術協会",,399,"東京都","港区","赤坂３丁目２１番１３号ＴｏｔｓｕＢｉｚＡｘｉｓＡｋａｓａｋａ７階",,13,103,1070052,,,,,,,2015-10-05,1,,,,,"ゼンニホンケンセツギジュツキョウカイ",0
801,4010501048525,12,0,2026-08-26,2026-08-21,"祥栄メディカル株式会社",,301,"東京都","台東区","東上野１丁目１番６－１０３",,13,106,1100015,,,,,,,2022-03-03,1,,,,,"ショウエイメディカル",0
802,4010601034615,12,0,2026-08-26,2026-08-07,"株式会社エム・ツー",,301,"東京都","江戸川区","西小松川町２４－９",,13,123,1320032,,,,,,,2015-10-05,1,,,,,,0
803,4010603009193,01,1,2026-08-26,2021-10-11,"櫻木合同会社",,305,"東京都","墨田区","立川２丁目７番９－１０１号",,13,107,1300023,,,,,,,2021-10-11,0,,,,,,0
804,4010603009193,12,1,2026-08-26,2022-11-15,"櫻木合同会社",,305,"東京都","豊島区","巣鴨４丁目３７－７－１０１号",,13,116,1700002,,,,,,,2021-10-11,0,,,,,,0
805,4010603009193,12,1,2026-08-26,2024-03-28,"櫻木合同会社",,305,"東京都","豊島区","東池袋１丁目３１－１３",,13,116,1700013,,,,,,,2021-10-11,1,,,,,,0
806,4010603012429,01,0,2026-08-26,2026-08-26,"合同会社ＫＡＴＯ　ＬＡＢ",,305,"東京都","墨田区","立花１丁目３０－１４ＧＥＮＯＶＩＡ亀戸水神スカイガーデン１０４",,13,107,1310043,,,,,,,2026-08-26,1,,,,,"カトラボ",0
807,4010701036817,12,0,2026-08-26,2026-08-19,"フィール．ビューティー株式会社",,301,"千葉県","銚子市","松岸町４丁目８７７番地の４",,12,202,2880836,,,,,,,2018-12-05,1,,,,,"フィールビューティー",0
808,4010701050058,01,0,2026-08-26,2026-08-26,"株式会社ａｔ　ＬＯＶＥＲＳ",,301,"東京都","品川区","上大崎２丁目２４番１３号目黒西口マンション１号館３０８号室",,13,109,1410021,,,,,,,2026-08-26,1,,,,,"アットラバーズ",0
809,4010801028433,01,1,2026-08-26,2017-12-26,"株式会社ＹＲＰｃｏｍ",,301,"東京都","大田区","田園調布１丁目３５番１３号",,13,111,1450071,,,,,,,2017-12-26,1,,,,,"ワイアールピーコム",0
810,4010801037640,01,0,2026-08-26,2026-08-26,"株式会社飛翔",,301,"東京都","大田区","池上４丁目３０番１２号第６朝日ビル１０４",,13,111,1460082,,,,,,,2026-08-26,1,,,,,"ヒショウ",0
811,4010803005950,01,0,2026-08-26,2026-08-26,"合同会社クラウンサード",,305,"東京都","大田区","南久が原２丁目１８－９",,13,111,1460084,,,,,,,2026-08-26,1,,,,,"クラウンサード",0
812,4010901000878,01,1,2026-08-26,2017-09-26,"アルフア・ロマン株式会社",,301,"東京都","世田谷区","尾山台２丁目２６番１０号",,13,112,1580086,,,,,,,2017-09-26,0,,,,,"アルファロマン",0
813,4010901000878,21,1,2026-08-26,2023-01-27,"アルフア・ロマン株式会社",,301,"東京都","世田谷区","尾山台２丁目２６番１０号",,13,112,1580086,,,2023-01-27,21,,,2017-09-26,0,,,,,"アルファロマン",0
814,4010901000878,22,1,2026-08-26,2026-07-28,"アルフア・ロマン株式会社",,301,"東京都","世田谷区","尾山台２丁目２６番１０号",,13,112,1580086,,,,,,,2017-09-26,1,,,,,"アルファロマン",0
815,4010901020521,01,1,2026-08-26,2015-10-05,"アールロック株式会社",,301,"東京都","世田谷区","若林４丁目３１番１２号",,13,112,1540023,,,,,,,2015-10-05,1,,,,,"アールロック",0
816,4010901038514,01,1,2026-08-26,2016-07-21,"株式会社サスティス",,301,"東京都","世田谷区","弦巻４丁目２３番１８－２０４号",,13,112,1540016,,,,,,,2016-07-21,0,,,,,"サスティス",0
817,4010901038514,12,1,2026-08-26,2026-07-31,"株式会社サスティス",,301,"東京都","世田谷区","上用賀４丁目１７番１－２２２",,13,112,1580098,,,,,,,2016-07-21,1,,,,,"サスティス",0
818,4010903011106,01,0,2026-08-26,2026-08-26,"合同会社トミーズ",,305,"東京都","世田谷区","経堂４丁目３８番９号",,13,112,1560052,,,,,,,2026-08-26,1,,,,,"トミーズ",0
819,4011001179819,01,0,2026-08-26,2026-08-26,"株式会社Ｔｏｕｔ　Ｆａｉｒｅ",,301,"東京都","渋谷区","道玄坂１丁目１０番８号渋谷道玄坂東急ビル２Ｆ－Ｃ",,13,113,1500043,,,,,,,2026-08-26,1,,,,,"トゥフェール",0
820,4011001179827,01,0,2026-08-26,2026-08-26,"Ｘｉｎｌａ株式会社",,301,"東京都","渋谷区","神宮前４丁目１６番１２－２０３号",,13,113,1500001,,,,,,,2026-08-26,1,,,,,"シンラ",0
821,4011002025006,01,1,2026-08-26,2015-10-05,"有限会社ゴールフェイス",,302,"東京都","渋谷区","神泉町２４番１号グラーサ渋谷松涛１５０１",,13,113,1500045,,,,,,,2015-10-05,0,,,,,"ゴールフェイス",0
822,4011002025006,12,1,2026-08-26,2026-08-10,"有限会社ゴールフェイス",,302,"東京都","目黒区","中目黒１丁目１番２６－４１７号秀和恵比寿レジデンス",,13,110,1530061,,,,,,,2015-10-05,1,,,,,"ゴールフェイス",0
823,4011003025087,01,0,2026-08-26,2026-08-26,"ＲＯＯＴＯＲＹＭ合同会社",,305,"東京都","渋谷区","道玄坂１丁目１０番８号渋谷道玄坂東急ビル２Ｆ－Ｃ",,13,113,1500043,,,,,,,2026-08-26,1,,,,,,0
824,4011101039212,01,1,2026-08-26,2015-10-05,"ヒューベルサービス株式会社",,301,"東京都","新宿区","西新宿６丁目２１番１号",,13,104,1600023,,,,,,,2015-10-05,1,,,,,"ヒューベルサービス",0
825,4011103017884,01,0,2026-08-26,2026-08-26,"合同会社ＶＩＮＥ　ＧＬＯＢＡＬ",,305,"東京都","新宿区","新宿１丁目３６番２新宿第七葉山ビル３Ｆ",,13,104,1600022,,,,,,,2026-08-26,1,,,,,"バイングローバル",0
826,4011103017892,01,0,2026-08-26,2026-08-26,"合同会社ＡＴＮＫ",,305,"東京都","新宿区","西新宿３丁目３番１３号西新宿水間ビル６階",,13,104,1600023,,,,,,,2026-08-26,1,,,,,"エーティーエヌケー",0
827,4011303002554,12,0,2026-08-26,2026-08-24,"十専合同会社",,305,"東京都","小金井市","前原町４丁目４番３３号",,13,210,1840013,,,,,,,2016-09-08,1,,,,,"トオセン",0
828,4011601011967,01,1,2026-08-26,2015-10-05,"京松電工株式会社",,301,"東京都","練馬区","東大泉７丁目５０番１７号",,13,120,1780063,,,,,,,2015-10-05,1,,,,,"キョウマツデンコウ",0
829,4011601021231,01,1,2026-08-26,2016-10-06,"株式会社アイスマイリー",,301,"東京都","練馬区","貫井４丁目３番１６号",,13,120,1760021,,,,,,,2016-10-06,1,,,,,"アイスマイリー",0
830,4011603005240,01,0,2026-08-26,2026-08-26,"合同会社ＬＩＧＡＲＥ",,305,"東京都","練馬区","石神井町６丁目１４番１２－２０２号",,13,120,1770041,,,,,,,2026-08-26,1,,,,,"リガーレ",0
831,4011701021528,12,0,2026-08-26,2026-08-18,"株式会社アースフード",,301,"千葉県","旭市","鎌数１０２４３番地",,12,215,2892505,,,,,,,2018-02-13,1,,,,,"アースフード",0
832,4011801048181,12,0,2026-08-26,2026-08-20,"株式会社群青",,301,"東京都","足立区","千住２丁目１番コスモ北千住６０１号",,13,121,1200034,,,,,,,2026-07-24,1,,,,,"グンジョウ",0
833,4012301013031,12,0,2026-08-26,2026-07-23,"株式会社Ｆ・Ｙ",,301,"神奈川県","相模原市中央区","宮下本町３丁目４３番１３号",,14,152,2520211,,,,,,,2022-06-23,1,,,,,"エフワイ",0
834,4012401017535,12,0,2026-08-26,2026-08-25,"東京健康国際商事株式会社",,301,"東京都","国立市","富士見台２丁目６番４",,13,215,1860003,,,,,,,2015-10-05,1,,,,,,0
835,4012403001529,12,0,2026-08-26,2026-07-29,"合同会社ＦｒｏｎｔＵｐ",,305,"神奈川県","横浜市西区","浅間町１丁目４番３号ウィザードビル４０２",,14,103,2200072,,,,,,,2015-10-05,1,,,,,"フロントアップ",0
836,4012405000628,12,0,2026-08-26,2026-08-07,"社会福祉法人桐仁会",,399,"東京都","調布市","入間町２丁目２８番地３３",,13,208,1820004,,,,,,,2015-10-05,1,,,,,"トウジンカイ",0
837,4012702002772,01,1,2026-08-26,2015-10-05,"有限会社佐藤製作所",,302,"東京都","東村山市","恩多町５丁目４３番地９",,13,213,1890011,,,,,,,2015-10-05,1,,,,,"サトウセイサクジョ",0
838,4013301004235,21,0,2026-08-26,2026-08-20,"株式会社コンピュータ・リサーチ・システム",,301,"東京都","豊島区","東池袋３丁目７番１２号",,13,116,1700013,,,2026-08-20,01,,,2015-10-05,1,,,,,"コンピュータリサーチシステム",0
839,4013301004441,12,0,2026-08-26,2026-07-16,"株式会社三恵ニット",,301,"東京都","豊島区","高松３丁目１１番２４号",,13,116,1710042,,,,,,,2015-10-05,1,,,,,"サンケイニット",0
840,4013301054981,01,1,2026-08-26,2025-09-19,"株式会社ＳＳＧＥエネルギー",,301,"東京都","豊島区","池袋本町４丁目３３番３号レイアス池袋本町１０２号室",,13,116,1700011,,,,,,,2025-09-19,1,,,,,,0
841,4013302015999,01,1,2026-08-26,2015-10-05,"有限会社上美",,302,"東京都","豊島区","北大塚１丁目１１番５号",,13,116,1700004,,,,,,,2015-10-05,1,,,,,"ジョウビ",0
842,4020001006602,21,0,2026-08-26,2026-08-04,"中基工業株式会社",,301,"神奈川県","横浜市金沢区","釜利谷東１丁目６番４号",,14,108,2360042,,,2026-08-04,01,,,2015-10-05,1,,,,,"ナカモトコウギョウ",0
843,4020001159482,12,0,2026-08-26,2026-08-24,"株式会社ビジョンパス",,301,"東京都","文京区","湯島１丁目７－９お茶の水ウチヤマビル５階",,13,105,1130034,,,,,,,2024-10-09,1,,,,,"ビジョンパス",0
844,4020001165704,11,0,2026-08-26,2026-08-19,"株式会社琉惺",,301,"神奈川県","横浜市南区","永田東２丁目１８番１６号",,14,105,2320072,,,,,,,2025-11-21,1,,,,,"リュウセイ",0
845,4020001168046,01,1,2026-08-26,2026-04-13,"チェリーピンクゲームズ株式会社",,301,"神奈川県","横浜市西区","北幸１丁目１１番５号相鉄ＫＳビル６階",,14,103,2200004,,,,,,,2026-04-13,1,"CherrypinkGames Co., Ltd.","Kanagawa","6F Sotetsu KS Building, 1-11-5 Kitasaiwai, Nishi-ku, Yokohama-shi",,"チエリーピンクゲームズ",0
846,4020001170092,01,0,2026-08-26,2026-08-26,"株式会社バズクリップス",,301,"神奈川県","横浜市旭区","若葉台２丁目５番９０１号",,14,112,2410801,,,,,,,2026-08-26,1,,,,,"バズクリップス",0
847,4020002022284,01,1,2026-08-26,2015-10-05,"有限会社福住建設",,302,"神奈川県","横浜市旭区","西川島町１１２番地",,14,112,2410012,,,,,,,2015-10-05,1,,,,,"フクズミケンセツ",0
848,4020002082857,01,1,2026-08-26,2015-10-05,"有限会社今井会計事務所",,302,"神奈川県","川崎市中原区","上小田中２丁目３４番４３号",,14,133,2110053,,,,,,,2015-10-05,0,,,,,"イマイカイケイジムショ",0
849,4020002082857,12,1,2026-08-26,2026-08-04,"有限会社今井会計事務所",,302,"神奈川県","川崎市中原区","上丸子山王町２丁目１３１６番地９",,14,133,2110002,,,,,,,2015-10-05,1,,,,,"イマイカイケイジムショ",0
850,4020002098011,01,1,2026-08-26,2015-10-05,"有限会社田中化粧品店",,302,"神奈川県","川崎市川崎区","追分町１６番１の１０１号",,14,131,2100835,,,,,,,2015-10-05,1,,,,,"タナカケショウヒンテン",0
851,4020003012020,01,1,2026-08-26,2016-11-10,"合同会社ＨＯＲＡＮＧ",,305,"神奈川県","川崎市川崎区","日ノ出１丁目９番６号１０１－Ｂ号室",,14,131,2100824,,,,,,,2016-11-10,1,,,,,"ホラン",0
852,4020003021830,12,0,2026-08-26,2026-07-22,"ＳＯＶ開発合同会社",,305,"神奈川県","横浜市西区","北幸２丁目１０番４８号むつみビル３階",,14,103,2200004,,,,,,,2022-06-15,1,,,,,"エスオーブイカイハツ",0
853,4020005002647,12,0,2026-08-26,2026-08-03,"特定非営利活動法人地球の木",,399,"神奈川県","横浜市中区","太田町６丁目８２番地",,14,104,2310011,,,,,,,2015-10-05,1,,,,,"チキュウノキ",0
854,4020005008727,21,0,2026-08-26,2026-08-06,"特定非営利活動法人神奈川県レクリエーション卓球連盟",,399,"神奈川県","川崎市川崎区","藤崎３丁目３番７号",,14,131,2100804,,,2026-08-06,01,,,2015-10-05,1,,,,,"カナガワケンレクリエーションタッキュウレンメイ",0
855,4021001087954,01,1,2026-08-26,2026-05-08,"ＨＯＲＩＺＯＮ株式会社",,301,"神奈川県","横須賀市","追浜東町２丁目３３番地６ルネ追浜ＩＩ－６０１",00143473,14,201,2370063,,,,,,,2026-05-08,1,,,,,"ホライズン",0
856,4021002042041,71,0,2026-08-26,2026-07-31,"株式会社アスト",,301,"神奈川県","大和市","鶴間２丁目２番２１号",,14,213,2420004,,,,,,"令和８年７月３１日神奈川県大和市鶴間二丁目１１番１５号アスト測量有限会社（7021002047343）を合併",2015-10-05,1,,,,,"アスト",0
857,4021002059481,01,1,2026-08-26,2015-10-05,"有限会社富士見商店",,302,"神奈川県","平塚市","桜ケ丘４番５５号",,14,203,2540053,,,,,,,2015-10-05,1,,,,,"フジミショウテン",0
858,4030001008721,01,1,2026-08-26,2015-10-05,"株式会社湯川建築設計事務所",,301,"埼玉県","さいたま市見沼区","大字小深作２０８－２",,11,104,3370005,,,,,,,2015-10-05,1,,,,,"ユカワケンチクセッケイジムショ",0
859,4030001050434,12,0,2026-08-26,2026-08-21,"株式会社Ｋ２プランニング",,301,"東京都","豊島区","要町３丁目１３番２号",,13,116,1710043,,,,,,,2015-10-05,1,,,,,"ケイツープランニング",0
860,4030001056142,21,0,2026-08-26,2026-08-10,"株式会社三和機工",,301,"埼玉県","川越市","砂新田１丁目２番地",,11,201,3501137,,,2026-08-10,01,,,2015-10-05,1,,,,,"サンワキコウ",0
861,4030001140680,12,0,2026-08-26,2026-08-07,"株式会社勇建",,301,"埼玉県","上尾市","泉台２丁目６番地９泉台ハイツ３０１",,11,219,3620062,,,,,,,2021-02-10,1,,,,,"ユウケン",0
862,4030001167740,01,1,2026-08-26,2025-07-25,"株式会社ＭＲＭ",,301,"埼玉県","鴻巣市","筑波２丁目８番２３－１号",,11,217,3690114,,,,,,,2025-07-25,1,,,,,"エムアールエム",0
863,4030002001543,01,1,2026-08-26,2015-10-05,"有限会社茨城屋",00015879,302,"埼玉県","さいたま市大宮区","天沼町２丁目８３番地",,11,103,3300834,,,,,,,2015-10-05,0,,,,,"イバラギヤ",0
864,4030002001543,12,1,2026-08-26,2017-04-14,"有限会社茨城屋",00015879,302,"埼玉県","さいたま市西区","大字中野林２８７番地",,11,101,3310057,,,,,,,2015-10-05,1,,,,,"イバラギヤ",0
865,4030003028676,12,0,2026-08-26,2026-08-21,"合同会社Ｄｅｌｉｖｅｒ",,305,"大阪府","守口市","藤田町１丁目５２番９号２０５号室",,27,209,5700014,,,,,,,2026-02-26,1,,,,,,0
866,4040001036762,12,0,2026-08-26,2026-08-03,"株式会社いきいき舎",,301,"千葉県","松戸市","南花島３丁目４５－８",,12,207,2710065,,,,,,,2015-10-05,1,,,,,"イキイキシャ",0
867,4040001117926,12,0,2026-08-26,2026-07-31,"株式会社Ｍｏｔｈｅｒｄｏｇ",,301,"千葉県","八千代市","大和田新田７７０番地１５ロジカフィールズ１‐Ｂ",,12,221,2760046,,,,,,,2021-04-12,1,,,,,"マザードッグ",0
868,4040001145043,01,0,2026-08-26,2026-08-26,"ミズライズ株式会社",,301,"千葉県","浦安市","富士見４丁目１３番３８－６０２号",,12,227,2790043,,,,,,,2026-08-26,1,,,,,"ミズライズ",0
869,4040002026787,01,0,2026-08-26,2026-08-26,"有限会社まる元",,302,"千葉県","船橋市","山野町４１番地",,12,204,2730026,,,,,,,2026-08-26,1,,,,,"マルモト",0
870,4040002052437,01,1,2026-08-26,2015-10-05,"有限会社ムトー理容店",,302,"千葉県","流山市","流山４丁目４８２番地",,12,220,2700164,,,,,,,2015-10-05,1,,,,,"ムトーリヨウテン",0
871,4040002056017,21,0,2026-08-26,2026-08-04,"有限会社上野設備",,302,"千葉県","富里市","七栄６５４番地２９２",,12,233,2860221,,,2026-08-04,01,,,2015-10-05,1,,,,,"ウエノセツビ",0
872,4040002059795,01,1,2026-08-26,2015-10-05,"有限会社常総オートモーティブ",,302,"千葉県","成田市","猿山５８５番地",,12,211,2890107,,,,,,,2015-10-05,1,,,,,"ジョウソウオートモーティブ",0
873,4040003030615,01,0,2026-08-26,2026-08-26,"合同会社ＦｏｒｅｖｅｒＥｎｊｏｙ",,305,"千葉県","千葉市花見川区","幕張町３丁目１１０７番地６１",,12,102,2620032,,,,,,,2026-08-26,1,,,,,"フォーエバーエンジョイ",0
874,4050001014619,01,1,2026-08-26,2015-10-05,"株式会社ダイトーフーズ",,301,"茨城県","下妻市","大串１２５６番地１",,08,210,3040023,,,,,,,2015-10-05,1,,,,,"ダイトーフーズ",0
875,4050001058780,01,0,2026-08-26,2026-08-26,"ブリーズ株式会社",,301,"茨城県","常総市","古間木１９５番地２",,08,211,3002724,,,,,,,2026-08-26,1,,,,,,0
876,4060001039557,01,0,2026-08-26,2026-08-26,"株式会社ジャイロライドパーク",,301,"栃木県","那須塩原市","戸田１７８番地４",,09,213,3250114,,,,,,,2026-08-26,1,,,,,"ジャイロライドパーク",0
877,4060002020466,01,1,2026-08-26,2015-10-05,"有限会社田中土建",,302,"栃木県","鹿沼市","泉町２４２４番地７",,09,205,3220062,,,,,,,2015-10-05,1,,,,,"タナカドケン",0
878,4070001044440,01,0,2026-08-26,2026-08-26,"株式会社シーズニング",,301,"群馬県","伊勢崎市","宮子町３４６９番地７",,10,204,3720801,,,,,,,2026-08-26,1,,,,,"シーズニング",0
879,4080002006232,21,0,2026-08-26,2026-08-24,"有限会社横山製作所",,302,"静岡県","静岡市駿河区","富士見台１丁目１番２８号",,22,102,4228026,,,2026-08-24,01,,,2015-10-05,1,,,,,"ヨコヤマセイサクショ",0
880,4080002015902,21,0,2026-08-26,2026-08-24,"有限会社ジェイエスケイ",,302,"静岡県","焼津市","田尻１８６５番地の１１",,22,212,4250052,,,2026-08-24,01,,,2015-10-05,1,,,,,"ジェイエスケイ",0
881,4080101023285,01,1,2026-08-26,2022-05-11,"日本サーモディスク株式会社",,301,"静岡県","御殿場市","深沢７３２番地",,22,215,4120023,,,,,,,2022-05-11,1,,,,,"ニホンサーモディスク",0
882,4090002010365,01,1,2026-08-26,2015-10-05,"有限会社ティエイチエム",,302,"山梨県","都留市","田野倉８３８番地",,19,204,4020001,,,,,,,2015-10-05,0,,,,,"ティエイチエム",0
883,4090002010365,12,1,2026-08-26,2016-05-26,"有限会社ティエイチエム",,302,"山梨県","都留市","田野倉１００９番地",,19,204,4020001,,,,,,,2015-10-05,0,,,,,"ティエイチエム",0
884,4090002010365,12,1,2026-08-26,2026-08-17,"有限会社ティエイチエム",,302,"山梨県","都留市","田野倉８３８番地",,19,204,4020001,,,,,,,2015-10-05,1,,,,,"ティエイチエム",0
885,4100001036731,12,0,2026-08-26,2026-08-18,"株式会社ＢＡＲＯＱＵＥ",,301,"三重県","名張市","平尾３０５２番地５",,24,208,5180713,,,,,,,2023-09-04,1,,,,,"バロック",0
886,4100002029032,01,1,2026-08-26,2015-10-05,"有限会社三井製作所",,302,"長野県","茅野市","金沢５６１７番地１４",,20,214,3910012,,,,,,,2015-10-05,1,,,,,"ミツイセイサクショ",0
887,4110001040360,01,0,2026-08-26,2026-08-26,"ＭＵＳＵＢＩ　ＳＡＵＮＡ株式会社",,301,"新潟県","小千谷市","本町２丁目１－２３",,15,208,9470021,,,,,,,2026-08-26,1,,,,,"ムスビサウナ",0
888,4120001024420,21,0,2026-08-26,2026-08-20,"株式会社テーラーヨシムラ",,301,"大阪府","大阪市此花区","高見１丁目７番１６－１８１０号",,27,104,5540001,,,2026-08-20,01,,,2015-10-05,1,,,,,"テーラーヨシムラ",0
889,4120001102589,01,1,2026-08-26,2015-10-05,"株式会社エンタープライズサイトー",,301,"大阪府","大阪市天王寺区","舟橋町２０番１７号",,27,109,5430024,,,,,,,2015-10-05,1,,,,,"エンタープライズサイトー",0
890,4120001253952,12,0,2026-08-26,2026-08-19,"華豊国際株式会社",,301,"大阪府","大阪市生野区","小路東２丁目７－１４メゾン小路１０２Ａ室",,27,116,5440003,,,,,,,2023-04-13,1,,,,,"カホウコクサイ",0
891,4120001280567,12,0,2026-08-26,2026-08-20,"雅品佳株式会社",,301,"大阪府","大阪市東住吉区","田辺２丁目５番６－１０５号",,27,121,5460031,,,,,,,2025-10-01,1,,,,,"ガヒンカ",0
892,4120001288627,01,0,2026-08-26,2026-08-26,"Ａｒｒｏｗ　Ｌｉｎｋ株式会社",,301,"大阪府","大阪市中央区","淡路町１丁目６番９号８Ｆ",,27,128,5410047,,,,,,,2026-08-26,1,,,,,"アローリンク",0
893,4120001288676,01,0,2026-08-26,2026-08-26,"株式会社ＡＬｉＮ　Ｃａｒｇｏ　Ｅｘｐｒｅｓｓ　ＪＡＰＡＮ　Ｈｏｌｄｉｎｇｓ",,301,"大阪府","大阪市北区","梅田１丁目２番２号大阪駅前第２ビル１２－１２",,27,127,5300001,,,,,,,2026-08-26,1,,,,,"アリンカーゴエクスプレスジャパンホールディングス",0
894,4120001288750,01,0,2026-08-26,2026-08-26,"株式会社ＴＲＥＶＩＡＮ　ＬＡＢＯＲＡＴＯＲＩＥＳ",,301,"大阪府","大阪市中央区","北浜１丁目５番７号",,27,128,5410041,,,,,,,2026-08-26,1,,,,,"トレビアンラボラトリーズ",0
895,4120002001204,12,0,2026-08-26,2026-08-25,"有限会社田中工作所",,302,"大阪府","大阪市鶴見区","今津南２丁目７番２５号",,27,124,5380043,,,,,,,2015-10-05,1,,,,,"タナカコウサクショ",1
896,4120003029054,21,0,2026-08-26,2026-07-31,"愛の子メディア合同会社",,305,"大阪府","大阪市中央区","島之内１丁目１１番１１－１２０４号",,27,128,5420082,,,2026-07-31,01,,,2025-04-08,1,,,,,"アイノコメディア",0
897,4120003033337,01,0,2026-08-26,2026-08-26,"寿司福島合同会社",,305,"大阪府","大阪市福島区","福島１丁目２番１７号",,27,103,5530003,,,,,,,2026-08-26,1,,,,,"スシフクシマ",0
898,4120005025745,01,0,2026-08-26,2026-08-26,"一般社団法人ギフトクリエイト",,399,"大阪府","大阪市中央区","本町橋２番２３号３０８号室",,27,128,5400029,,,,,,,2026-08-26,1,,,,,"ギフトクリエイト",0
899,4120101073193,12,0,2026-08-26,2026-08-21,"岡島株式会社",,301,"大阪府","大阪市港区","築港４丁目１１－７－１Ｆ店舗３",,27,107,5520021,,,,,,,2026-02-10,1,,,,,"オカシマ",0
900,4120103007307,01,0,2026-08-26,2026-08-26,"合同会社ｆｉｖｅ　ｓｔａｒ",,305,"大阪府","岸和田市","春木泉町６番５号",,27,202,5960035,,,,,,,2026-08-26,1,,,,,"ファイブスター",0
901,4120901006930,01,1,2026-08-26,2015-10-05,"株式会社スズキ特販吹田",,301,"大阪府","吹田市","岸部北５丁目１２番７号",,27,205,5640001,,,,,,,2015-10-05,1,,,,,"スズキトクハンスイタ",0
902,4120901030988,21,0,2026-08-26,2026-08-24,"渡瀬新聞販売株式会社",,301,"大阪府","茨木市","沢良宜浜１丁目１番１号",,27,211,5670864,,,2026-08-24,01,,,2015-10-05,1,,,,,"ワタセシンブンハンバイ",0
903,4120901053106,01,0,2026-08-26,2026-08-26,"株式会社和建",,301,"大阪府","豊中市","三国１丁目９番３－１０３号",,27,203,5610822,,,,,,,2026-08-26,1,,,,,"カズケン",0
904,4120902001393,21,0,2026-08-26,2026-08-21,"有限会社フォーレスト",,302,"大阪府","茨木市","駅前１丁目７番４号",,27,211,5670888,,,2026-08-21,01,,,2015-10-05,1,,,,,"フォーレスト",0
905,4122001022346,12,0,2026-08-26,2026-08-24,"株式会社サンプリースト",,301,"大阪府","八尾市","安中町２丁目６番２１号",,27,212,5810085,,,,,,,2015-10-05,1,,,,,"サンプリースト",0
906,4130001004339,01,1,2026-08-26,2015-10-05,"株式会社稲葉",,301,"京都府","京都市北区","紫竹東栗栖町４番地",,26,101,6038434,,,,,,,2015-10-05,1,,,,,"イナバ",0
907,4130001075165,12,0,2026-08-26,2026-08-21,"株式会社蒼蓮",,301,"大阪府","大阪市中央区","森ノ宮中央１丁目１６番１７号",,27,128,5400003,,,,,,,2023-09-19,1,,,,,"ソウレン",0
908,4130001082839,01,0,2026-08-26,2026-08-26,"株式会社クロスキャリア",,301,"京都府","京都市西京区","川島三重町１２３－１１",,26,111,6158118,,,,,,,2026-08-26,1,,,,,"クロスキャリア",0
909,4130002033733,21,0,2026-08-26,2026-08-04,"有限会社山田塗装店",,302,"京都府","京丹後市","大宮町善王寺７８５番地の４",,26,212,6292504,,,2026-08-04,01,,,2015-10-05,1,,,,,"ヤマダトソウテン",0
910,4130003011606,01,0,2026-08-26,2026-08-26,"合同会社ＫＯＥＤＡ",,305,"京都府","京都市上京区","宮垣町９１まむあん荒神口１０２",,26,102,6020853,,,,,,,2026-08-26,1,,,,,"コエダ",0
911,4140001011251,01,1,2026-08-26,2015-10-05,"紫商事株式会社",,301,"兵庫県","神戸市中央区","北長狭通３丁目１番１７号",,28,110,6500012,,,,,,,2015-10-05,0,,,,,"ムラサキショウジ",0
912,4140001011251,21,1,2026-08-26,2021-01-27,"紫商事株式会社",,301,"兵庫県","神戸市中央区","北長狭通３丁目１番１７号",,28,110,6500012,,,2021-01-27,21,,,2015-10-05,0,,,,,"ムラサキショウジ",0
913,4140001011251,22,1,2026-08-26,2026-08-04,"紫商事株式会社",,301,"兵庫県","神戸市中央区","北長狭通３丁目１番１７号",,28,110,6500012,,,,,,,2015-10-05,1,,,,,"ムラサキショウジ",0
914,4140001094544,01,1,2026-08-26,2015-10-05,"バルズキッチン株式会社",,301,"兵庫県","伊丹市","昆陽南１丁目１０番１－８０２号",,28,207,6640888,,,,,,,2015-10-05,1,,,,,"バルズキッチン",0
915,4140001143821,01,0,2026-08-26,2026-08-26,"株式会社ＲｉＢｅｌｌｅ",,301,"兵庫県","伊丹市","高台４丁目９番地グランドール伊丹緑ヶ丘公園５０４号",,28,207,6640892,,,,,,,2026-08-26,1,,,,,"リベル",0
916,4140001143846,01,0,2026-08-26,2026-08-26,"株式会社寿商店",,301,"兵庫県","神戸市長田区","苅藻島町２丁目１－１３",,28,106,6530033,,,,,,,2026-08-26,1,,,,,"コトブキショウテン",0
917,4140002047914,21,0,2026-08-26,2026-08-18,"有限会社オガワ",,302,"兵庫県","姫路市","下手野３丁目５番７号",,28,201,6700063,,,2026-08-18,01,,,2015-10-05,1,,,,,"オガワ",0
918,4150001000253,12,0,2026-08-26,2026-08-24,"株式会社ウエルアップ",,301,"奈良県","奈良市","西大寺東町２丁目１番５１号",,29,201,6310821,,,,,,,2015-10-05,1,,,,,"ウエルアップ",0
919,4160001027163,12,0,2026-08-26,2026-08-21,"株式会社ファースト",,301,"滋賀県","愛知郡愛荘町","愛知川４番地１９",,25,425,5291331,,,,,,,2025-10-27,1,,,,,"ファースト",0
920,4160003002552,12,0,2026-08-26,2026-08-03,"合同会社コクラ",,305,"京都府","京都市伏見区","深草平田町２２ヴァロ伏見稲荷１０５",,26,109,6120019,,,,,,,2022-04-19,1,,,,,"コクラ",0
921,4180001103235,01,1,2026-08-26,2015-10-05,"株式会社ヒューマンアシスト",,301,"愛知県","知多郡東浦町","大字石浜字岐路８８番地の６",,23,442,4702103,,,,,,,2015-10-05,1,,,,,"ヒューマンアシスト",0
922,4180001124280,01,1,2026-08-26,2016-08-02,"ＨＡＴＳＵＳＯＵ株式会社",,301,"愛知県","稲沢市","野崎町手ケ島５番地１",,23,220,4928447,,,,,,,2016-08-02,1,,,,,"ハツソウ",0
923,4180001172759,12,0,2026-08-26,2026-08-19,"株式会社ＡＳＣＲＥＷ",,301,"愛知県","名古屋市中村区","名駅４丁目２４番５号",,23,105,4500002,,,,,,,2026-07-22,1,,,,,"アスクルー",0
924,4180002058379,21,0,2026-08-26,2026-08-24,"有限会社トーラス",,302,"愛知県","知立市","桜木町桜木５４番地３",,23,225,4720031,,,2026-08-24,01,,,2015-10-05,1,,,,,"トーラス",0
925,4180002061135,12,0,2026-08-26,2026-08-24,"有限会社ユニクエスト",,302,"愛知県","名古屋市中村区","上石川町１丁目６３番地",,23,105,4530835,,,,,,,2015-10-05,1,,,,,"ユニクエスト",0
926,4180002077230,01,1,2026-08-26,2015-10-05,"野々垣金型有限会社",,302,"愛知県","一宮市","大毛字五百入塚６４番地",,23,203,4910132,,,,,,,2015-10-05,1,,,,,,0
927,4180002089309,01,1,2026-08-26,2015-10-05,"有限会社新管工業",,302,"愛知県","津島市","神守町字大門８５番地",,23,208,4960005,,,,,,,2015-10-05,1,,,,,"シンカンコウギョウ",0
928,4180003023786,11,0,2026-08-26,2026-08-07,"Ｌｕｃｋｓｙｓｔｅｍ株式会社",,301,"愛知県","春日井市","岩成台２丁目３番地１",,23,206,4870033,,,,,,,2022-05-02,1,,,,,"ラックシステム",0
929,4180005019163,12,0,2026-08-26,2026-08-19,"特定非営利活動法人陽和",,399,"愛知県","名古屋市瑞穂区","下坂町２丁目５０－１－２０１",,23,108,4670827,,,,,,,2021-03-01,1,,,,,"ヒヨリ",0
930,4180301019759,21,0,2026-08-26,2026-08-12,"株式会社原田屋本店",,301,"愛知県","みよし市","三好町湯ノ前３番地の６",,23,236,4700224,,,2026-08-12,01,,,2015-10-05,1,,,,,"ハラダヤホンテン",0
931,4180301028768,01,1,2026-08-26,2016-01-08,"株式会社Ａｂｉｌｉｔｙ　ａｃｔ",,301,"愛知県","豊橋市","南栄町字空池２３番地１１",,23,201,4418107,,,,,,,2016-01-08,1,,,,,"アビリティーアクト",0
932,4180301029758,01,1,2026-08-26,2016-11-09,"株式会社幸保温工業",,301,"愛知県","豊橋市","牟呂町字内田３１番地３",,23,201,4418087,,,,,,,2016-11-09,0,,,,,"ミユキホオンコウギョウ",0
933,4180301029758,12,1,2026-08-26,2025-10-20,"株式会社幸保温工業",,301,"愛知県","豊橋市","牟呂内田町８番地９",,23,201,4418094,,,,,,,2016-11-09,1,,,,,"ミユキホオンコウギョウ",0
934,4180301030055,01,1,2026-08-26,2017-02-15,"Ｔ＆Ｍ株式会社",,301,"愛知県","高浜市","神明町１丁目１１番地４２",,23,227,4441305,,,,,,,2017-02-15,0,,,,,"ティーアンドエム",0
935,4180301030055,12,1,2026-08-26,2018-10-12,"Ｔ＆Ｍ株式会社",,301,"愛知県","高浜市","神明町７丁目１３番地２１",,23,227,4441305,,,,,,,2017-02-15,0,,,,,"ティーアンドエム",0
936,4180301030055,12,1,2026-08-26,2021-09-16,"Ｔ＆Ｍ株式会社",,301,"愛知県","高浜市","神明町１丁目１１番地４２",,23,227,4441305,,,,,,,2017-02-15,0,,,,,"ティーアンドエム",0
937,4180301030055,12,1,2026-08-26,2023-12-06,"Ｔ＆Ｍ株式会社",,301,"愛知県","碧南市","千福町５丁目３２番地",,23,209,4470056,,,,,,,2017-02-15,0,,,,,"ティーアンドエム",0
938,4180301030055,12,1,2026-08-26,2026-08-19,"Ｔ＆Ｍ株式会社",,301,"愛知県","碧南市","城山町１丁目１５番地１",,23,209,4470037,,,,,,,2017-02-15,1,,,,,"ティーアンドエム",0
939,4180302006467,01,1,2026-08-26,2015-10-05,"有限会社井上クリーニング",,302,"愛知県","豊橋市","東脇１丁目２７番地の２",,23,201,4418083,,,,,,,2015-10-05,1,,,,,"イノウエクリーニング",0
940,4180302012820,21,0,2026-08-26,2026-08-12,"有限会社伊奈アルミ住設",,302,"愛知県","豊川市","伊奈町南山新田２５７番地５",,23,207,4410105,,,2026-08-12,01,,,2015-10-05,1,,,,,"イナアルミジュウセツ",0
941,4180305005524,01,1,2026-08-26,2015-10-05,"豊田市管工事業協同組合",,399,"愛知県","豊田市","常盤町１丁目９８番地",,23,211,4710867,,,,,,,2015-10-05,1,,,,,"トヨタシカンコウジギョウ",0
942,4180305009830,01,0,2026-08-26,2026-08-26,"一般社団法人流製作所",,399,"愛知県","新城市","字宮ノ西４番地１６セントラルハイツＣおしごとトライアルオフィスふらっと内",,23,221,4411377,,,,,,,2026-08-26,1,,,,,"ナガレセイサクショ",0
943,4190001000951,12,0,2026-08-26,2026-08-20,"株式会社ＮＡＧＡＲＥＬ",,301,"三重県","津市","西古河町１０番１６号別所ビル１Ｆ",,24,201,5140038,,,,,,,2015-10-05,1,,,,,"ナガレル",0
944,4190001023449,01,1,2026-08-26,2016-02-23,"株式会社ふくふく",,301,"三重県","南牟婁郡御浜町","大字志原１８０１番地４８",,24,561,5195202,,,,,,,2016-02-23,1,,,,,"フクフク",0
945,4190001027193,12,0,2026-08-26,2026-08-21,"伊勢志摩貿易株式会社",,301,"愛知県","名古屋市中川区","野田１丁目５６２番地ＳＡＴＯ．ＢＬＤＧ．３Ｆ",,23,110,4540912,,,,,,,2020-03-19,1,,,,,"イセシマボウエキ",0
946,4190001033373,01,0,2026-08-26,2026-08-26,"株式会社ブランエス",,301,"三重県","桑名市","大字森忠１８４２番地",,24,205,5110943,,,,,,,2026-08-26,1,,,,,"ブランエス",0
947,4190005012183,01,0,2026-08-26,2026-08-26,"社会保険労務士法人Ｙｓサポート",,399,"三重県","鈴鹿市","稲生塩屋２丁目２番３号",,24,207,5100207,,,,,,,2026-08-26,1,,,,,"ワイズサポート",0
948,4200001045400,01,0,2026-08-26,2026-08-26,"株式会社タイルワークスジャパン",,301,"岐阜県","羽島郡岐南町","若宮地３丁目１１７番地１",,21,302,5016005,,,,,,,2026-08-26,1,,,,,"タイルワークスジャパン",0
949,4210001020716,01,0,2026-08-26,2026-08-26,"株式会社Ａｐｈｒｏｄｉｔｅ",,301,"福井県","福井市","高柳１丁目８０５番地レガリア２１－１０２",,18,201,9100837,,,,,,,2026-08-26,1,,,,,"アフロディーテ",0
950,4210005010275,01,0,2026-08-26,2026-08-26,"一般社団法人あんしん相続情報センター",,399,"福井県","福井市","中央１丁目３番５号ＦＵＫＵＭＡＣＨＩ、ＢＬＯＣＫ６Ｆ",,18,201,9100006,,,,,,,2026-08-26,1,,,,,"アンシンソウゾクジョウホウセンター",0
951,4220005004929,01,1,2026-08-26,2015-10-05,"宿那彦神像石神社",,399,"石川県","鹿島郡中能登町","金丸又よ部１番地",,17,407,9291621,,,,,,,2015-10-05,1,,,,,"スクナヒコシンゾウイシジンジャ",0
952,4220005005563,01,1,2026-08-26,2015-10-05,"日吉神社",,399,"石川県","羽咋市","酒井町午・１４７番地乙",,17,207,9250074,,,,,,,2015-10-05,1,,,,,"ヒヨシジンジャ",0
953,4240001066946,01,0,2026-08-26,2026-08-26,"あきおおたベース株式会社",,301,"広島県","山県郡安芸太田町","大字上殿６０３番地１",,34,368,7313664,,,,,,,2026-08-26,1,,,,,"アキオオタベース",0
954,4240003001083,01,1,2026-08-26,2015-10-05,"卓アカデミー合同会社",,305,"広島県","広島市東区","光町１丁目１１番５－３０２号",,34,102,7320052,,,,,,,2015-10-05,1,,,,,"タクアカデミー",0
955,4240003005778,12,0,2026-08-26,2026-08-20,"しまのフルーツ株式会社",,301,"広島県","尾道市","因島外浦町６１１番地",,34,205,7222213,,,,,,,2022-09-05,1,,,,,"シマノフルーツ",0
956,4240003006941,12,0,2026-08-26,2026-08-05,"合同会社ミオト",,305,"広島県","呉市","神山３丁目３－１３－１",,34,202,7370923,,,,,,,2024-12-04,1,,,,,"ミオト",0
957,4240003007898,01,0,2026-08-26,2026-08-26,"合同会社ＶＥＣＴＡ",,305,"広島県","呉市","阿賀南４丁目５番１７号",,34,202,7370004,,,,,,,2026-08-26,1,,,,,"ヴェクタ",0
958,4240005010116,21,0,2026-08-26,2026-08-20,"医療法人社団スガタ整形外科医院",,399,"広島県","安芸郡府中町","石井城１丁目５番３６号",,34,302,7350007,,,2026-08-20,01,,,2015-10-05,1,,,,,"スガタセイケイゲカイイン",0
959,4250001009400,01,1,2026-08-26,2015-10-05,"アサヒメンテナンス株式会社",,301,"山口県","下松市","大字平田１２２番地の７",,35,207,7440021,,,,,,,2015-10-05,0,,,,,"アサヒメンテナンス",0
960,4250001009400,12,1,2026-08-26,2025-05-12,"アサヒメンテナンス株式会社",,301,"山口県","下松市","葉山２丁目９０４番地２８",,35,207,7440066,,,,,,,2015-10-05,1,,,,,"アサヒメンテナンス",0
961,4250005002450,01,1,2026-08-26,2015-10-05,"明専寺",,399,"山口県","宇部市","大字瓜生野７６２番地",,35,202,7590135,,,,,,,2015-10-05,1,,,,,"ミョウセンジ",0
962,4260001041550,01,0,2026-08-26,2026-08-26,"株式会社土屋共創プラットフォーム",,301,"岡山県","岡山市北区","下石井２丁目１０番１２号",,33,101,7000907,,,,,,,2026-08-26,1,,,,,"ツチヤキョウソウプラットフォーム",0
963,4270002010421,01,1,2026-08-26,2015-10-05,"有限会社チェントラーレ",,302,"鳥取県","倉吉市","東巌城町１０６番地",,31,203,6820802,,,,,,,2015-10-05,1,,,,,"チェントラーレ",0
964,4290001040112,01,1,2026-08-26,2015-10-05,"株式会社ヴィガー",,301,"福岡県","福岡市博多区","祇園町１番２６号",,40,132,8120038,,,,,,,2015-10-05,1,,,,,"ヴィガー",0
965,4290001106103,12,0,2026-08-26,2026-08-20,"株式会社ＳＯＬ",,301,"東京都","目黒区","下目黒１丁目１番１４号コノトラビル７Ｆ",,13,110,1530064,,,,,,,2024-06-12,1,,,,,"ソル",0
966,4290001115244,01,0,2026-08-26,2026-08-26,"ＣＬＯＮＸ株式会社",,301,"福岡県","福岡市博多区","博多駅前１丁目２３番２号５Ｆ",,40,132,8120011,,,,,,,2026-08-26,1,,,,,"クロンクス",0
967,4290001115277,01,0,2026-08-26,2026-08-26,"株式会社吉商事",,301,"福岡県","柳川市","新町２８番地",,40,207,8320032,,,,,,,2026-08-26,1,,,,,"キチショウジ",0
968,4290002029170,12,0,2026-08-26,2026-08-17,"株式会社アネスティ",,301,"福岡県","福岡市東区","和白東２丁目１５番２２号３棟１０１",,40,131,8110214,,,,,,,2015-10-05,1,,,,,"アネスティ",0
969,4290003018783,01,0,2026-08-26,2026-08-26,"合同会社Ｅｉｓｅｎ",,305,"福岡県","福岡市中央区","渡辺通５丁目１４－１２南天神ビル３Ｆ",,40,133,8100004,,,,,,,2026-08-26,1,,,,,"エイセン",0
970,4290005006398,01,1,2026-08-26,2015-10-05,"一般社団法人全日本コンディショニングコーチ協会",,399,"福岡県","福岡市中央区","渡辺通２丁目８－２３樋口ビル５階",00093883,40,133,8100004,,,,,,,2015-10-05,1,,,,,"ゼンニホンコンディショニングコーチキョウカイ",0
971,4290005008394,01,1,2026-08-26,2015-10-05,"了専寺",,399,"福岡県","飯塚市","小正８２番地",,40,205,8200089,,,,,,,2015-10-05,1,,,,,"リョウセンジ",0
972,4300001009782,21,0,2026-08-26,2026-08-24,"株式会社Ｂｅｌｌｅ　ｆａｃｅ",,301,"佐賀県","佐賀市","川副町大字鹿江１００９番地９",,41,201,8402213,,,2026-08-24,01,,,2015-10-05,1,,,,,"ベルフェイス",0
973,4310001020227,01,0,2026-08-26,2026-08-26,"明株式会社",,301,"長崎県","長崎市","古賀町１１５７番３",,42,201,8510101,,,,,,,2026-08-26,1,,,,,"アキラ",0
974,4330001034605,01,0,2026-08-26,2026-08-26,"まとばホールディングス株式会社",,301,"熊本県","玉名市","三ツ川２８２番地３",,43,206,8650009,,,,,,,2026-08-26,1,,,,,"マトバホールディングス",0
975,4340001011693,22,0,2026-08-26,2026-08-12,"株式会社エコ・クリーン九州",,301,"鹿児島県","出水市","中央町１０２番地",,46,208,8990207,,,,,,,2015-10-05,1,,,,,,0
976,4340002004804,01,1,2026-08-26,2015-10-05,"有限会社七呂勇工務店",,302,"鹿児島県","鹿児島市","田上２丁目３番３号",,46,201,8900034,,,,,,,2015-10-05,0,,,,,"シチロユウコウムテン",0
977,4340002004804,21,0,2026-08-26,2026-08-19,"有限会社七呂勇工務店",,302,"鹿児島県","鹿児島市","田上２丁目３番３号",,46,201,8900034,,,2026-08-19,01,,,2015-10-05,1,,,,,"シチロユウコウムテン",0
978,4350001008532,01,1,2026-08-26,2015-10-05,"株式会社田原組",,301,"宮崎県","都城市","高崎町縄瀬４６５１番地１１",,45,202,8894503,,,,,,,2015-10-05,1,,,,,"タハラグミ",0
979,4350001011833,21,0,2026-08-26,2026-08-20,"株式会社なでしこ",,301,"宮崎県","都城市","鷹尾４丁目９街区３１号",,45,202,8850081,,,2026-08-20,01,,,2015-10-05,1,,,,,"ナデシコ",0
980,4350001020248,01,0,2026-08-26,2026-08-26,"株式会社ＪＵＰ",,301,"宮崎県","宮崎市","城ケ崎４丁目６番地１",,45,201,8800917,,,,,,,2026-08-26,1,,,,,"ジェイユーピー",0
981,4370001022465,12,0,2026-08-26,2026-08-21,"株式会社軒昂",,301,"広島県","呉市","広塩焼２丁目３番４号",,34,202,7370103,,,,,,,2015-10-05,1,,,,,"ケンコウ",0
982,4370001039352,01,1,2026-08-26,2016-03-24,"株式会社忍建設",,301,"宮城県","名取市","那智が丘２丁目４番地の１７",,04,207,9820044,,,,,,,2016-03-24,1,,,,,"シノブケンセツ",0
983,4370001040392,01,1,2026-08-26,2016-10-28,"Ｔ＆Ａアセットマネジメント株式会社",,301,"宮城県","仙台市宮城野区","車町１０１番地の１デュオヒルズ仙台ザ・マークス５０１",,04,102,9830863,,,,,,,2016-10-28,1,,,,,"ティーアンドエーアセットマネジメント",0
984,4370001049104,21,0,2026-08-26,2026-08-13,"株式会社ＰＨＹＳＩＰＯ",,301,"宮城県","仙台市宮城野区","枡江２番３２‐４０５号",,04,102,9830837,,,2026-08-13,01,,,2022-10-14,1,,,,,"フィジポ",0
985,4370102002713,12,0,2026-08-26,2026-08-19,"株式会社太宰商店",,301,"宮城県","白石市","福岡深谷字佐久来５番地３２",,04,206,9890731,,,,,,,2015-10-05,1,,,,,"ダザイショウテン",0
986,4370601002957,01,1,2026-08-26,2015-10-05,"株式会社ｈａｎｄｓ",,301,"宮城県","仙台市宮城野区","中野５丁目４番地の１０",,04,102,9830013,,,,,,,2015-10-05,1,,,,,"ハンズ",0
987,4380002008181,01,1,2026-08-26,2015-10-05,"有限会社遠藤商店",,302,"福島県","郡山市","本町２丁目３番１９号",,07,203,9638871,,,,,,,2015-10-05,1,,,,,"エンドウショウテン",0
988,4390005002478,21,0,2026-08-26,2026-08-21,"医療法人社団御殿湯ひふ科医院",,399,"山形県","上山市","御井戸丁３番３号",,06,207,9993157,,,2026-08-21,01,,,2015-10-05,1,,,,,"ゴテンユヒフカイイン",0
989,4420005002532,01,1,2026-08-26,2015-10-05,"農事組合法人法師岡生産組合",,399,"青森県","三戸郡南部町","大字法師岡字白掛７７番地１",,02,445,0390811,,,,,,,2015-10-05,1,,,,,"ホウシオカセイサンクミアイ",0
990,4430001014010,12,0,2026-08-26,2026-08-20,"株式会社日之出商会",,301,"北海道","札幌市西区","西野九条７丁目３番１２号",,01,107,0630039,,,,,,,2015-10-05,1,,,,,"ヒノデショウカイ",0
991,4430001036293,12,0,2026-08-26,2026-08-20,"株式会社ファイナンシャル・アイナス",,301,"東京都","渋谷区","広尾３丁目４番１号１－４０１号",,13,113,1500012,,,,,,,2015-10-05,1,,,,,"ファイナンシャルアイナス",0
992,4430001073865,12,0,2026-08-26,2026-08-21,"株式会社村井工務店",,301,"北海道","札幌市北区","新川二条６丁目３番８号ソフィオ新川弐番館２０７号",,01,102,0010922,,,,,,,2017-04-18,1,,,,,"ムライコウムテン",0
993,4440001007921,01,1,2026-08-26,2016-06-20,"株式会社Ｓｔａｒｔｉｎｇ　ｏｖｅｒ",,301,"北海道","函館市","富岡町２丁目４７番１５号",,01,202,0410811,,,,,,,2016-06-20,1,,,,,"スターティングオーバー",0
994,4450001010049,21,0,2026-08-26,2026-08-20,"株式会社マルジョウ横内水産",,301,"北海道","増毛郡増毛町","舎熊１７８番地の２",,01,481,0770132,,,2026-08-20,01,,,2015-10-05,1,,,,,"マルジョウヨコウチスイサン",0
995,4460001006129,01,0,2026-08-26,2026-08-26,"株式会社もりいろ",,301,"北海道","釧路市","東川町１７番５号",,01,206,0850056,,,,,,,2026-08-26,1,,,,,"モリイロ",0
996,4480001002076,21,0,2026-08-26,2026-08-24,"株式会社放送エージエンシー",,301,"徳島県","徳島市","大松町榎原外１番地１",,36,201,7708022,,,2026-08-24,01,,,2015-10-05,1,,,,,"ホウソウエージエンシー",0
997,4480001006416,01,1,2026-08-26,2015-10-05,"株式会社やま司",,301,"徳島県","阿波市","吉野町五条字田中７８３番地１",,36,206,7711403,,,,,,,2015-10-05,1,,,,,"ヤマツカサ",0
998,4490001004757,01,1,2026-08-26,2015-10-05,"株式会社ＭＩＳＡＫＩ",,301,"高知県","高知市","南川添１６番３３号",,39,201,7810082,,,,,,,2015-10-05,1,,,,,"ミサキ",0
999,4490002001010,21,0,2026-08-26,2026-08-24,"かねき海産有限会社",,302,"高知県","高知市","弘化台１２番１２号",,39,201,7810811,,,2026-08-24,01,,,2015-10-05,1,,,,,,0
1000,4500003003152,12,0,2026-08-26,2026-08-25,"合同会社スイミー建築舎",,305,"愛媛県","松山市","宮西１丁目７番２５号",,38,201,7900065,,,,,,,2023-12-12,1,,,,,"スイミーケンチクシャ",0
1001,4700150040416,01,1,2026-08-26,2015-10-09,"大江スポーツクラブ　Ｏ－ＳＴＥＰ",,499,"山形県","西村山郡大江町","大字本郷丁３７３－１",,06,324,9901163,,,,,,,2015-10-09,1,,,,,"オオエスポーツクラブオーステツプ",0
1002,4700150089528,12,0,2026-08-26,2026-06-12,"香港貨運航空有限公司",,401,"大阪府","大阪市北区","堂島浜２丁目２－２８堂島アクシスビル３階ＳＹＮＴＨ",,27,127,5300004,"香港新界＿湾青山公路３８８号ＣＤＷビル３０階３００７－１１室",00128645,,,,,2018-06-20,1,,,,,"ホンコンカウンコウクウユウゲンコウシ",0
1003,5010001007245,11,0,2026-08-26,2026-08-17,"株式会社文京プロパティー",,301,"東京都","豊島区","目白２丁目１８番１５号目白コンコルド１０１",,13,116,1710031,,,,,,,2015-10-05,1,,,,,"ブンキョウプロパティー",0
1004,5010001051615,01,1,2026-08-26,2015-10-05,"株式会社ラクト・ジャパン",,301,"東京都","中央区","日本橋本町４丁目８番１５号",,13,102,1030023,,,,,,,2015-10-05,0,"LACTO JAPAN CO.,LTD.",,,,,0
1005,5010001051615,12,1,2026-08-26,2018-05-21,"株式会社ラクト・ジャパン",,301,"東京都","中央区","日本橋２丁目１１番２号",,13,102,1030027,,,,,,,2015-10-05,0,"LACTO JAPAN CO.,LTD.","Tokyo","Nihonbashi 2-11-2, Chuo ku",,,0
1006,5010001051615,12,1,2026-08-26,2026-03-30,"株式会社ラクト・ジャパン",,301,"東京都","中央区","京橋１丁目７番１号",,13,102,1040031,,,,,,,2015-10-05,1,"LACTO JAPAN CO.,LTD.",,,,,0
1007,5010001114999,01,1,2026-08-26,2015-10-05,"株式会社ＨＲＰ",,301,"東京都","千代田区","九段南３丁目８番１１号",,13,101,1020074,,,,,,,2015-10-05,0,,,,,"エイチアールピー",0
1008,5010001114999,12,1,2026-08-26,2016-06-01,"株式会社ＨＲＰ",,301,"東京都","千代田区","三崎町２丁目２０番１号",,13,101,1010061,,,,,,,2015-10-05,0,,,,,"エイチアールピー",0
1009,5010001114999,12,1,2026-08-26,2018-01-04,"株式会社ＨＲＰ",,301,"東京都","千代田区","神田三崎町２丁目２０番１号",,13,101,1010061,,,,,,,2015-10-05,1,,,,,"エイチアールピー",0
1010,5010001142595,12,0,2026-08-26,2026-07-27,"株式会社Ｐｉｅｎｏ",,301,"東京都","中央区","銀座１丁目２２番１１号",,13,102,1040061,,,,,,,2015-10-05,1,,,,,"ピエノ",0
1011,5010001155465,01,1,2026-08-26,2015-10-05,"ＪＡＰＡＮ　ＢＵＳＩＮＥＳＳ　ＤＥＶＥＬＯＰ株式会社",,301,"東京都","千代田区","五番町１２番地７",,13,101,1020076,,,,,,,2015-10-05,1,,,,,"ジャパンビジネスデベロップ",0
1012,5010001195759,01,1,2026-08-26,2018-10-26,"株式会社ＬＴＪ",,301,"東京都","千代田区","神田錦町３丁目１４番地３錦町ビル６階",,13,101,1010054,,,,,,,2018-10-26,0,,,,,,0
1013,5010001195759,12,1,2026-08-26,2021-10-20,"株式会社ＬＴＪ",,301,"東京都","千代田区","神田猿楽町２丁目８番１１号ＶＯＲＴ水道橋ＩＩＩ",00124677,13,101,1010064,,,,,,,2018-10-26,0,,,,,,0
1014,5010001195759,12,1,2026-08-26,2026-07-24,"株式会社ＬＴＪ",,301,"東京都","千代田区","神田駿河台１丁目５番地",,13,101,1010062,,,,,,,2018-10-26,1,,,,,,0
1015,5010001206516,12,0,2026-08-26,2026-08-20,"株式会社キャリアセンターＦ",,301,"千葉県","千葉市美浜区","中瀬１丁目３番地幕張テクノガーデンＣＢ棟３階",,12,106,2610023,,,,,,,2020-01-14,1,,,,,"キャリアセンターエフ",0
1016,5010001248335,01,1,2026-08-26,2024-09-19,"株式会社ＤＥＬＩＳＰＥＣＴ",,301,"東京都","中央区","日本橋室町１丁目１１番１２号日本橋水野ビル７階",,13,102,1030022,,,,,,,2024-09-19,1,,,,,,0
1017,5010001251289,71,0,2026-08-26,2026-07-17,"株式会社ユニコーンテクノロジー",,301,"東京都","中央区","入船１丁目２番１号",,13,102,1040042,,,,,,"令和８年７月１日東京都中央区日本橋久松町９－９ＦＲＡＭＥ日本橋７Ｆ株式会社ＣＨＡＬ（6010001234318）を合併",2025-01-22,1,,,,,,0
1018,5010001268275,01,0,2026-08-26,2026-08-26,"株式会社ミツウロコＩＮＰＥＸ白沢蓄電所",,301,"東京都","中央区","日本橋２丁目１１番２号",,13,102,1030027,,,,,,,2026-08-26,1,,,,,"ミツウロコインペックスシラサワチクデンショ",0
1019,5010002022086,11,0,2026-08-26,2026-08-18,"ダイヤリゲル有限会社",,302,"東京都","千代田区","丸の内１丁目５番１号",,13,101,1000005,,,,,,,2015-10-05,1,,,,,"ダイヤリゲル",0
1020,5010005031704,12,0,2026-08-26,2026-07-23,"一般社団法人ＣｉｒＫｉｔ－Ｊ",,399,"東京都","中央区","日本橋本町３丁目１１番５号",,13,102,1030023,,,,,,,2020-04-07,1,,,,,"サーキットジェイ",0
1021,5010005036372,12,0,2026-08-26,2026-08-21,"特定非営利活動法人ウィーログ",,399,"東京都","港区","芝４丁目７番１号西山ビル４階",,13,103,1080014,,,,,,,2023-03-14,1,"Non-Profit Organization WheeLog","Tokyo","4F Kudanzaka Park BLDG, 1-15-2, Kudankita, Chiyoda-ku",,,0
1022,5010005042338,01,0,2026-08-26,2026-08-26,"一般社団法人２８",,399,"東京都","千代田区","丸の内１丁目４番１号東京共同会計事務所内",,13,101,1000005,,,,,,,2026-08-26,1,,,,,"ニジュウハチ",0
1023,5010401002845,12,0,2026-08-26,2026-08-17,"伊藤忠人事総務サービス株式会社",,301,"東京都","港区","赤坂２丁目１７番２２号",,13,103,1070052,,,,,,,2015-10-05,1,,,,,"イトウチュウジンジソウムサービス",0
1024,5010401093554,12,0,2026-08-26,2026-08-17,"伊藤忠鉱物資源開発株式会社",,301,"東京都","港区","赤坂２丁目１７番２２号",,13,103,1070052,,,,,,,2015-10-05,1,,,,,"イトウチュウコウブツシゲンカイハツ",0
1025,5010401102876,01,1,2026-08-26,2015-10-05,"株式会社Ｔｓ　Ｏｆｆｉｃｅ",,301,"東京都","港区","赤坂２丁目１７番６５号",,13,103,1070052,,,,,,,2015-10-05,0,,,,,"ティーズオフィス",0
1026,5010401102876,12,1,2026-08-26,2023-06-06,"株式会社Ｔｓ　Ｏｆｆｉｃｅ",,301,"東京都","世田谷区","三宿１丁目１番２２号",,13,112,1540005,,,,,,,2015-10-05,1,,,,,"ティーズオフィス",0
1027,5010401173810,11,0,2026-08-26,2026-08-21,"株式会社Ｔ＆ｂｅｙｏｎｄ",,301,"東京都","世田谷区","砧４丁目１６番１６－２０４号",,13,112,1570073,,,,,,,2023-04-17,1,,,,,"ティーアンドビヨンド",0
1028,5010401184700,12,0,2026-08-26,2026-08-24,"株式会社エンゲージリンクス",,301,"神奈川県","横浜市鶴見区","梶山２丁目２７番２１－３号",,14,101,2300072,,,,,,,2024-08-30,1,,,,,"エンゲージリンクス",0
1029,5010401201422,01,0,2026-08-26,2026-08-26,"株式会社ＳｔａｙＧｏｌｄ",,301,"東京都","港区","赤坂３丁目１２番１０号赤坂サンビル４Ｆ－Ａ号室",,13,103,1070052,,,,,,,2026-08-26,1,,,,,"ステイゴールド",0
1030,5010401201554,01,0,2026-08-26,2026-08-26,"株式会社昇縁",,301,"東京都","港区","北青山１丁目３番１号アールキューブ青山１階",,13,103,1070061,,,,,,,2026-08-26,1,,,,,"ショウエン",0
1031,5010401201562,01,0,2026-08-26,2026-08-26,"株式会社六本木管理１８号",,301,"東京都","港区","六本木３丁目２番１号",,13,103,1060032,,,,,,,2026-08-26,1,,,,,"ロッポンギカンリジュウハチゴウ",0
1032,5010401201661,01,0,2026-08-26,2026-08-26,"株式会社Ｔ０",,301,"東京都","港区","西麻布４丁目１６番３－１２０４号",,13,103,1060031,,,,,,,2026-08-26,1,,,,,"ティーゼロ",0
1033,5010402027379,21,0,2026-08-26,2026-07-23,"有限会社Ｆｉｅｌｄｓｔｏｎｅ",,302,"東京都","港区","南青山５丁目５番１１－２０２号",,13,103,1070062,,,2026-07-23,01,,,2015-10-05,1,,,,,,0
1034,5010403022783,12,0,2026-08-26,2026-07-16,"合同会社かざぐるま",,305,"東京都","港区","虎ノ門１丁目２番８号株式会社リエネ・エナジー内",,13,103,1050001,,,,,,,2020-04-09,1,,,,,"カザグルマ",0
1035,5010403038870,01,0,2026-08-26,2026-08-26,"合同会社Ｌｕｃｋｙ　Ｍｏｕｎｔａｉｎ　Ｂｉｒｄｓ",,305,"東京都","港区","赤坂２丁目２０－１６",,13,103,1070052,,,,,,,2026-08-26,1,,,,,"ラッキーマウンテンバーズ",0
1036,5010405026080,01,0,2026-08-26,2026-08-26,"一般社団法人ＭＭＢ",,399,"東京都","港区","六本木７丁目２１番２４号",,13,103,1060032,,,,,,,2026-08-26,1,,,,,"エムエムビー",0
1037,5010501026298,12,0,2026-08-26,2026-08-21,"株式会社サン・アイデア",,301,"東京都","練馬区","貫井４丁目４７番４８号",,13,120,1760021,,,,,,,2015-10-05,1,,,,,"サンアイデア",0
1038,5010501044515,12,0,2026-08-26,2026-08-21,"株式会社フォークライアンツ",,301,"千葉県","成田市","花崎町８１８番地１",,12,211,2860033,,,,,,,2019-08-15,1,,,,,"フォークライアンツ",0
1039,5010601035364,01,1,2026-08-26,2015-10-05,"株式会社平岡製作所",,301,"東京都","墨田区","東墨田３丁目２１番１１号",,13,107,1310042,,,,,,,2015-10-05,1,,,,,"ヒラオカセイサクショ",0
1040,5010601068983,11,0,2026-08-26,2026-08-24,"株式会社ＢＯＤＹＤＩＶＡ　ＪＰ",,301,"東京都","江東区","塩浜２丁目５番１－４１８号",,13,108,1350043,,,,,,,2026-04-01,1,,,,,"ボディディーバジェイピー",0
1041,5010701019060,71,0,2026-08-26,2026-07-06,"ディエスヴィ・コントラクトロジスティクス株式会社",,301,"東京都","品川区","北品川６丁目７番２９号ガーデングレイス品川御殿山",,13,109,1410001,,,,,,"令和８年７月１日東京都品川区北品川六丁目７番２９号ガーデングレイス品川御殿山ディエスヴィ・ソリューションズ株式会社（3010601057831）を合併",2015-10-05,1,,,,,"ディエスヴィコントラクトロジスティクス",0
1042,5010702007262,01,1,2026-08-26,2015-10-05,"有限会社フルーツきたがわ",,302,"東京都","品川区","二葉２丁目２２番４号",,13,109,1420043,,,,,,,2015-10-05,0,,,,,"フルーツキタガワ",0
1043,5010702007262,21,0,2026-08-26,2026-08-24,"有限会社フルーツきたがわ",,302,"東京都","品川区","二葉２丁目２２番４号",,13,109,1420043,,,2026-08-24,01,,,2015-10-05,1,,,,,"フルーツキタガワ",0
1044,5010801016973,21,0,2026-08-26,2026-08-05,"株式会社ビイケア",,301,"神奈川県","川崎市川崎区","小川町９番地１０ル・アール川崎アヴィデ３０３",,14,131,2100023,,,2026-08-05,01,,,2015-10-05,1,,,,,"ビイケア",0
1045,5010801037697,01,0,2026-08-26,2026-08-26,"株式会社Ａｐｔｉｓｅ",,301,"東京都","大田区","蒲田１丁目２６－１２－１０１",,13,111,1440052,,,,,,,2026-08-26,1,,,,,"アプティス",0
1046,5010901010182,12,0,2026-08-26,2026-08-10,"株式会社ヒロ",,301,"東京都","世田谷区","桜丘５丁目１７番１３号",,13,112,1560054,,,,,,,2015-10-05,1,,,,,"ヒロ",0
1047,5010901026336,01,1,2026-08-26,2015-10-05,"ホメオパシー出版株式会社",,301,"東京都","世田谷区","玉川台２丁目２番３号",,13,112,1580096,,,,,,,2015-10-05,1,,,,,"ホメオパシーシュッパン",0
1048,5011001069341,01,1,2026-08-26,2015-10-05,"株式会社エイチ・ケー・アイ",,301,"東京都","世田谷区","代田５丁目３５番３０号",,13,112,1550033,,,,,,,2015-10-05,1,,,,,"エイチケーアイ",0
1049,5011001140275,11,0,2026-08-26,2026-08-24,"合同会社若山陽一事務所",,305,"東京都","渋谷区","神宮前２丁目２番３９－２００６号",,13,113,1500001,,,,,,,2021-05-12,1,,,,,"ワカヤマヨウイチジムショ",0
1050,5011001179801,01,0,2026-08-26,2026-08-26,"株式会社ＴＯ‐Ａ",,301,"東京都","渋谷区","宇田川町３番７号ヒューリック渋谷公園通りビル５Ｆ－１４８",,13,113,1500042,,,,,,,2026-08-26,1,,,,,"トーア",0
1051,5011001179850,01,0,2026-08-26,2026-08-26,"株式会社ｍｏａ",,301,"東京都","目黒区","中目黒１丁目４－２０サードリハイツ３１０",,13,110,1530061,,,,,,,2026-08-26,1,,,,,"モア",0
1052,5011001179933,01,0,2026-08-26,2026-08-26,"株式会社ＭＯＤＥＸ　ＣＲＥＡＴＩＶＥ",,301,"東京都","渋谷区","渋谷２丁目１番１２号",,13,113,1500002,,,,,,,2026-08-26,1,,,,,"モデックスクリエイティブ",0
1053,5011003014799,12,0,2026-08-26,2026-08-20,"合同会社フロンティア",,305,"千葉県","松戸市","根本４５２番地篠崎建物ビル４０８号室",,12,207,2710077,,,,,,,2022-06-07,1,,,,,"フロンティア",0
1054,5011003025086,01,0,2026-08-26,2026-08-26,"Ａｓｔｒａｃｌｅ合同会社",,305,"東京都","目黒区","駒場１丁目３６番８号Ｃａｖｅｌｌｏ駒場３０４",,13,110,1530041,,,,,,,2026-08-26,1,,,,,"アストラクル",0
1055,5011101022316,12,0,2026-08-26,2026-07-31,"早稲田通信機株式会社",,301,"東京都","新宿区","高田馬場１丁目３番１０号曽根ビル２階",,13,104,1690075,,,,,,,2015-10-05,1,,,,,"ワセダツウシンキ",0
1056,5011101060316,01,1,2026-08-26,2015-10-05,"飛鳥ビル株式会社",,301,"東京都","新宿区","新宿６丁目２７番４８号",,13,104,1600022,,,,,,,2015-10-05,1,,,,,"アスカビル",0
1057,5011101116860,01,0,2026-08-26,2026-08-26,"株式会社マイルポスト",,301,"東京都","新宿区","西新宿３丁目３番１３号西新宿水間ビル２Ｆ",,13,104,1600023,,,,,,,2026-08-26,1,,,,,"マイルポスト",0
1058,5011101117223,01,0,2026-08-26,2026-08-26,"株式会社アセプロ",,301,"東京都","新宿区","新宿１丁目３６番２号３Ｆ",,13,104,1600022,,,,,,,2026-08-26,1,,,,,"アセプロ",0
1059,5011102004486,12,0,2026-08-26,2026-07-31,"有限会社幸伸商事",,302,"東京都","新宿区","余丁町１２番２４号余丁町コーポ２０４",,13,104,1620055,,,,,,,2015-10-05,1,,,,,,0
1060,5011103002480,01,1,2026-08-26,2015-10-05,"合資会社輝",,304,"東京都","新宿区","西新宿５丁目１６番１２号",,13,104,1600023,,,,,,,2015-10-05,1,,,,,"カガヤキ",0
1061,5011103014988,12,0,2026-08-26,2026-07-31,"ＫＭＡ合同会社",,305,"東京都","新宿区","若葉１丁目５番地１９ランテンヌ四谷１０６",,13,104,1600011,,,,,,,2024-10-07,1,,,,,"ケーエムエー",0
1062,5011103017909,01,0,2026-08-26,2026-08-26,"合同会社ＳＯＬＥＩＬ",,305,"東京都","新宿区","住吉町１１番１７号１１１７四ツ谷御苑１０２",,13,104,1620065,,,,,,,2026-08-26,1,,,,,"ソレイユ",0
1063,5011105000755,01,1,2026-08-26,2015-10-05,"龍門寺",,399,"東京都","新宿区","横寺町３３番地",,13,104,1620831,,,,,,,2015-10-05,1,,,,,"リュウモンジ",0
1064,5011201020194,12,0,2026-08-26,2026-08-20,"株式会社麗研",,301,"東京都","練馬区","春日町６丁目１６－１１フォーチュン光が丘２４０号",,13,120,1790074,,,,,,,2017-10-06,1,,,,,"レイケン",0
1065,5011201024245,12,0,2026-08-26,2026-08-20,"株式会社かにたん",,301,"千葉県","佐倉市","石川５５９－７７",,12,212,2850813,,,,,,,2022-11-21,1,,,,,"カニタン",0
1066,5011301031728,12,0,2026-08-26,2026-08-24,"株式会社ＳＴＵＤＩＯ　ＡＫ一級建築士事務所",,301,"東京都","中央区","銀座８丁目１７－５ＴＨＥＨＵＢ銀座ＯＣＴ１Ｆ",,13,102,1040061,,,,,,,2026-08-05,1,,,,,"スタジオエーケーイッキュウケンチクシジムショ",0
1067,5011601021783,12,0,2026-08-26,2026-07-28,"株式会社ボトルシップ",,301,"東京都","千代田区","神田和泉町一丁目６番地１６ヤマトビル５０３号室",,13,101,1010024,,,,,,,2017-05-18,1,,,,,"ボトルシップ",0
1068,5011701006635,12,0,2026-08-26,2026-08-21,"ビジネスネットワーク株式会社",,301,"東京都","江戸川区","南小岩７丁目１９番１号",,13,123,1330056,,,,,,,2015-10-05,1,,,,,"ビジネスネットワーク",0
1069,5011701007179,01,1,2026-08-26,2015-10-05,"細井測量設計株式会社",,301,"東京都","江戸川区","東小松川２丁目２５番５号",,13,123,1320033,,,,,,,2015-10-05,1,,,,,"ホソイソクリョウセッケイ",0
1070,5011701026690,12,0,2026-08-26,2026-08-20,"株式会社Ｂｅ．Ｎｅｘｔ",,301,"神奈川県","茅ヶ崎市","萩園２４６０番７号",,14,207,2530071,,,,,,,2023-10-23,1,,,,,"ビィネクスト",0
1071,5011701029702,01,0,2026-08-26,2026-08-26,"株式会社ＥＡＺＥ　ＭＯＴＯＲ　ＪＡＰＡＮ",,301,"東京都","江戸川区","中央４丁目２番２号",,13,123,1320021,,,,,,,2026-08-26,1,,,,,"イーズモータージャパン",0
1072,5011703002467,12,0,2026-08-26,2026-07-15,"ＡＴＯＲＡＳ合同会社",,305,"東京都","千代田区","内神田２丁目４－３グランジット大手町９０１",,13,101,1010047,,,,,,,2020-02-04,1,,,,,"アトラス",0
1073,5011801018365,01,1,2026-08-26,2015-10-05,"株式会社イントゥー",,301,"東京都","足立区","弘道１丁目１３番１０号クレインヒル１０２号",,13,121,1200013,,,,,,,2015-10-05,0,,,,,"イントゥー",0
1074,5011801018365,12,1,2026-08-26,2026-08-20,"株式会社イントゥー",,301,"東京都","足立区","弘道１丁目１６番６号",,13,121,1200013,,,,,,,2015-10-05,1,,,,,"イントゥー",0
1075,5011801033819,01,1,2026-08-26,2017-09-04,"株式会社マッハインテリア",,301,"東京都","足立区","西新井４丁目２７番１５号",,13,121,1230841,,,,,,,2017-09-04,1,,,,,"マッハインテリア",0
1076,5011801038462,11,0,2026-08-26,2026-08-19,"スター不動産株式会社",,301,"東京都","足立区","竹の塚１丁目４０番６号",,13,121,1210813,,,,,,,2020-12-04,1,,,,,,0
1077,5011801042877,12,0,2026-08-26,2026-08-24,"株式会社グノ・クリエーションズ",,301,"東京都","荒川区","荒川８丁目２１番３号",,13,118,1160002,,,,,,,2023-08-10,1,,,,,"グノクリエーションズ",0
1078,5011802013695,01,1,2026-08-26,2015-10-05,"有限会社新幸社",,302,"東京都","台東区","浅草橋３丁目１０番９号",,13,106,1110053,,,,,,,2015-10-05,1,,,,,"シンコウシャ",0
1079,5011803007589,01,0,2026-08-26,2026-08-26,"地域ケア合同会社",,305,"東京都","葛飾区","青戸８丁目５番１１号",,13,122,1250062,,,,,,,2026-08-26,1,,,,,"チイキケア",0
1080,5012401031394,01,1,2026-08-26,2016-05-12,"株式会社矢澤技建",,301,"東京都","調布市","深大寺東町３丁目７番１９号",,13,208,1820012,,,,,,,2016-05-12,1,,,,,"ヤザワギケン",0
1081,5012403005446,21,0,2026-08-26,2026-08-03,"ＴＫホールディングス合同会社",,305,"千葉県","松戸市","本町１７番地の１１芹澤ビル６Ｆ",,12,207,2710091,,,2026-08-03,11,1040001069154,"令和８年８月１日千葉県柏市柏四丁目６番３号新栄ビル株式会社アドバンジェン（1040001069154）に合併し解散",2022-06-21,1,,,,,"ティーケイホールディングス",0
1082,5012701010098,12,0,2026-08-26,2026-08-24,"株式会社Ｃｏｎｖｅｙ",,301,"東京都","品川区","西五反田１丁目２６番２号",,13,109,1410031,,,,,,,2015-10-05,1,,,,,"コンベイ",0
1083,5012701017093,12,0,2026-08-26,2026-08-24,"株式会社Ａ‐Ｔｅｎｔｏ",,301,"東京都","江東区","新大橋１丁目９番２号",,13,108,1350007,,,,,,,2022-06-09,1,,,,,"エーテント",0
1084,5012701019610,01,0,2026-08-26,2026-08-26,"ＣｒｏｓｓＳｔｙｌｅ株式会社",,301,"東京都","東村山市","栄町２丁目２９番地６",,13,213,1890013,,,,,,,2026-08-26,1,,,,,"クロススタイル",0
1085,5012702004495,01,1,2026-08-26,2015-10-05,"有限会社タゴ美装",,302,"東京都","西東京市","保谷町３丁目４番３号",,13,229,2020015,,,,,,,2015-10-05,1,,,,,"タゴビソウ",0
1086,5012802007596,21,0,2026-08-26,2026-08-24,"有限会社ソノデン",,302,"東京都","武蔵村山市","残堀５丁目５６番地の４１",,13,223,2080034,,,2026-08-24,01,,,2015-10-05,1,,,,,,0
1087,5012805002875,12,0,2026-08-26,2026-08-04,"ＮＰＯ法人昭島芸術文化団体メロディーの和",,399,"東京都","昭島市","玉川町３丁目２７番１７号",,13,207,1960034,,,,,,,2019-09-09,1,,,,,"アキシマゲイジュツブンカダンタイメロディーノワ",0
1088,5013301015256,01,1,2026-08-26,2015-10-05,"日宏建設株式会社",,301,"東京都","豊島区","巣鴨１丁目４８番３号",,13,116,1700002,,,,,,,2015-10-05,0,,,,,"ニッコウケンセツ",0
1089,5013301015256,12,1,2026-08-26,2016-11-21,"日宏建設株式会社",,301,"東京都","豊島区","巣鴨１丁目２６番７号",,13,116,1700002,,,,,,,2015-10-05,1,,,,,"ニッコウケンセツ",0
1090,5013301038463,12,0,2026-08-26,2026-08-19,"ネイバー株式会社",,301,"東京都","豊島区","目白３丁目１３番２０号ＤＡＩＧＯ",,13,116,1710031,,,,,,,2016-03-08,1,,,,,"ネイバー",0
1091,5013301042564,12,0,2026-08-26,2026-08-21,"株式会社ＧＡＧＡ",,301,"東京都","豊島区","南池袋２丁目３０－７サトービル２階",,13,116,1710022,,,,,,,2018-07-13,1,,,,,"ガガ",0
1092,5013301050930,01,1,2026-08-26,2023-06-22,"文映株式会社",,301,"東京都","豊島区","東池袋２丁目６２－８ビックオフィスプラザ池袋５０２号",,13,116,1700013,,,,,,,2023-06-22,1,,,,,"アヤエン",0
1093,5013302003689,01,1,2026-08-26,2015-10-05,"有限会社サキヤマ",,302,"東京都","豊島区","池袋１丁目１番２号サンハイツときわ１０１号",,13,116,1700014,,,,,,,2015-10-05,1,,,,,"サキヤマ",0
1094,5013303008407,01,0,2026-08-26,2026-08-26,"合同会社ＪＴＭ",,305,"東京都","豊島区","東池袋２丁目６２番８号ＢＩＧオフィスプラザ池袋１２０６",,13,116,1700013,,,,,,,2026-08-26,1,,,,,"ジェイティーエム",0
1095,5020001126333,12,0,2026-08-26,2026-08-04,"株式会社ファングリッド",,301,"神奈川県","横浜市都筑区","南山田３丁目２１番６号",,14,118,2240029,,,,,,,2018-05-15,1,,,,,"ファングリッド",0
1096,5020001155893,21,0,2026-08-26,2026-07-24,"株式会社仲村組",,301,"神奈川県","横浜市神奈川区","金港町５番地１４クアドリフォリオ８階",,14,102,2210056,,,2026-07-24,01,,,2024-02-21,1,,,,,"ナカムラグミ",0
1097,5020001169290,12,0,2026-08-26,2026-08-21,"株式会社ＭＵＹＵ",,301,"東京都","大田区","西蒲田４丁目１４番７号",,13,111,1440051,,,,,,,2026-06-29,1,,,,,"ミゥウ",0
1098,5020001169547,12,0,2026-08-26,2026-07-31,"株式会社Ｄｏｃｔｏｒ’ｓ　Ｌｅａｆ",,301,"神奈川県","横浜市中区","石川町１丁目１３番２号エネクル横浜元町テラス２０９号室",,14,104,2310868,,,,,,,2026-07-16,1,,,,,"ドクターズリーフ",0
1099,5020001170083,01,0,2026-08-26,2026-08-26,"Ｍｅｌｖｉａ株式会社",,301,"神奈川県","横浜市西区","浅間町１丁目４番３号ウィザードビル４０２",,14,103,2200072,,,,,,,2026-08-26,1,,,,,"メルヴィア",0
1100,5020003000833,11,0,2026-08-26,2026-07-21,"合同会社大木商店",,305,"神奈川県","横浜市金沢区","大道２丁目１６番２号",,14,108,2360035,,,,,,,2015-10-05,1,,,,,"オオキショウテン",0
1101,5020003031721,01,0,2026-08-26,2026-08-26,"Ｂｉｇ　Ｑｕｅｓｔｉｏｎｓ合同会社",,305,"神奈川県","横浜市港北区","大倉山４丁目５番１－９１９号",,14,109,2220037,,,,,,,2026-08-26,1,,,,,"ビッグクエスチョンズ",0
1102,5020005005178,12,0,2026-08-26,2026-08-07,"特定非営利活動法人ワーカーズ・コレクティブ協会",,399,"神奈川県","横浜市港北区","新横浜２丁目８－４",,14,109,2220033,,,,,,,2015-10-05,1,,,,,"ワーカーズコレクティブキョウカイ",0
1103,5020005010632,01,1,2026-08-26,2015-10-05,"医療法人和田内科医院",,399,"神奈川県","川崎市川崎区","東門前３丁目１番６号",,14,131,2100812,,,,,,,2015-10-05,1,,,,,"ワダナイカイイン",0
1104,5020005017396,01,0,2026-08-26,2026-08-26,"一般社団法人アイＬＡＢＯ",,399,"神奈川県","横浜市中区","弁天通３丁目４７－２",,14,104,2310007,,,,,,,2026-08-26,1,,,,,"アイラボ",0
1105,5021001009016,01,1,2026-08-26,2015-10-05,"株式会社桔梗屋",,301,"神奈川県","鎌倉市","台１８８６番地",,14,204,2470061,,,,,,,2015-10-05,1,,,,,"キキョウヤ",0
1106,5021001081007,12,0,2026-08-26,2026-08-19,"株式会社ベルスタイル",,301,"千葉県","長生郡一宮町","一宮８３６５番地８号",,12,421,2994301,,,,,,,2023-12-20,1,,,,,"ベルスタイル",0
1107,5021002031828,21,0,2026-08-26,2026-07-28,"有限会社サンテック",,302,"神奈川県","厚木市","温水１９５０番地の１",,14,212,2430033,,,2026-07-28,01,,,2015-10-05,1,,,,,"サンテック",0
1108,5021005013682,01,0,2026-08-26,2026-08-26,"一般社団法人まちづくり共生機構",,399,"神奈川県","座間市","相模が丘６丁目３４番５－３０５号",,14,216,2520001,,,,,,,2026-08-26,1,,,,,"マチヅクリキョウセイキコウ",0
1109,5030001062437,01,1,2026-08-26,2015-10-05,"株式会社岡崎建装",,301,"埼玉県","鴻巣市","八幡田７７６番地１",,11,217,3650073,,,,,,,2015-10-05,1,,,,,"オカザキケンソウ",0
1110,5030001079836,12,0,2026-08-26,2026-08-24,"株式会社エス・エス・シイ",,301,"東京都","足立区","西新井本町２丁目１４番１３－２０１号",,13,121,1230845,,,,,,,2015-10-05,1,,,,,"エスエスシイ",0
1111,5030001164596,12,0,2026-08-26,2026-08-10,"ガーデンフィールド株式会社",,301,"埼玉県","戸田市","大字新曽１６５６番地ＬａｎｄＦａｌｌ３－１０２号室",,11,224,3350021,,,,,,,2025-01-29,1,,,,,"ガーデンフィールド",0
1112,5030005018781,12,0,2026-08-26,2026-08-24,"メコン協同組合",,399,"埼玉県","鶴ヶ島市","脚折町１丁目３７番２３号",,11,241,3502211,,,,,,,2017-12-05,1,,,,,"メコン",0
1113,5040001037090,21,0,2026-08-26,2026-08-05,"株式会社本宮製袋化工",,301,"千葉県","松戸市","稔台３丁目２２番地１５",,12,207,2702231,,,2026-08-05,01,,,2015-10-05,1,,,,,"モトミヤセイタイカコウ",0
1114,5040001069605,12,0,2026-08-26,2026-08-17,"株式会社アート・アドバイザリー・バンク",,301,"東京都","世田谷区","用賀４丁目２３番１２号",,13,112,1580097,,,,,,,2015-10-05,1,,,,,"アートアドバイザリーバンク",0
1115,5040001145001,01,0,2026-08-26,2026-08-26,"ＥＴＤマネジメント株式会社",,301,"千葉県","千葉市中央区","中央４丁目５番１号Ｑｉｂａｌｌ（きぼーる）２Ｆ",,12,101,2600013,,,,,,,2026-08-26,1,,,,,"イーティーディーマネジメント",0
1116,5040002012530,01,1,2026-08-26,2015-10-05,"隆産業有限会社",,302,"千葉県","千葉市緑区","あすみが丘１丁目３８番地３",,12,105,2670066,,,,,,,2015-10-05,1,,,,,"タカシサンギョウ",0
1117,5040002028923,01,1,2026-08-26,2015-10-05,"有限会社クラウン商事",,302,"千葉県","八千代市","勝田台北１丁目１１番１１号",,12,221,2760020,,,,,,,2015-10-05,1,,,,,"クラウンショウジ",0
1118,5050001040721,01,1,2026-08-26,2016-04-06,"株式会社ユージ",,301,"茨城県","北相馬郡利根町","大字布川９６６番地５",,08,564,3001622,,,,,,,2016-04-06,0,,,,,"ユージ",0
1119,5050001040721,12,1,2026-08-26,2026-07-17,"株式会社ユージ",,301,"茨城県","稲敷市","蒲ケ山１４－５",,08,229,3000522,,,,,,,2016-04-06,1,,,,,"ユージ",0
1120,5050001058854,01,0,2026-08-26,2026-08-26,"ラフィ株式会社",,301,"茨城県","日立市","東大沼町２丁目４－２６",,08,202,3160023,,,,,,,2026-08-26,1,,,,,,0
1121,5050002000674,21,0,2026-08-26,2026-08-20,"有限会社オーム通信",,302,"茨城県","水戸市","田谷町２３８４番地",,08,201,3114204,,,2026-08-20,01,,,2015-10-05,1,,,,,"オームツウシン",0
1122,5050005010729,12,0,2026-08-26,2026-08-24,"一般社団法人茨城県中小企業診断士協会",,399,"茨城県","ひたちなか市","勝田中央１４番８号ひたちなか商工会議所会館内",,08,221,3120045,,,,,,,2015-10-05,1,,,,,"イバラキケンチュウショウキギョウシンダンシキョウカイ",0
1123,5050005012634,12,0,2026-08-26,2026-08-25,"学校法人駿優国際学園",,399,"茨城県","水戸市","三の丸１丁目１－４２",,08,201,3100011,,,,,,,2020-01-30,1,,,,,"スンユウコクサイガクエン",0
1124,5070001023377,01,1,2026-08-26,2015-10-05,"株式会社アース",,301,"群馬県","沼田市","上原町１８０１番地６３",,10,206,3780051,,,,,,,2015-10-05,1,,,,,"アース",0
1125,5100001027969,01,1,2026-08-26,2015-10-05,"株式会社宮崎保険サービス",,301,"長野県","上田市","小泉６７０番地８",,20,203,3861106,,,,,,,2015-10-05,1,,,,,"ミヤザキホケンサービス",0
1126,5100003008918,01,0,2026-08-26,2026-08-26,"ＨＥＲＩＴＡＧＥ　ＮＯＺＡＷＡ合同会社",,305,"長野県","下高井郡野沢温泉村","大字豊郷９７０８番地５",,20,563,3892502,,,,,,,2026-08-26,1,,,,,"ヘリテージノザワ",0
1127,5110002021516,01,1,2026-08-26,2015-10-05,"有限会社コスモス商事",,302,"新潟県","村上市","松沢４０番地１５",,15,212,9593427,,,,,,,2015-10-05,1,,,,,"コスモスショウジ",0
1128,5120001004784,12,0,2026-08-26,2026-08-24,"株式会社一勇ホームテック",,301,"大阪府","大阪市阿倍野区","旭町１丁目２番７号あべのメディックス３０１号",,27,119,5450051,,,,,,,2015-10-05,1,,,,,"イチユウホームテック",0
1129,5120001020220,01,0,2026-08-26,2026-08-26,"株式会社彩友",,301,"大阪府","大阪市平野区","長吉出戸３丁目２番１８号",,27,126,5470011,,,,,,,2026-08-26,1,,,,,"サイユウ",0
1130,5120001084100,01,1,2026-08-26,2015-10-05,"立正株式会社",,301,"大阪府","大阪市中央区","東平２丁目５番２号",,27,128,5420063,,,,,,,2015-10-05,1,,,,,"リッショウ",0
1131,5120001186417,01,1,2026-08-26,2015-10-05,"株式会社Ｗｅｂ　ｓｔａｆｆ",,301,"大阪府","大阪市中央区","安土町２丁目３－１３大阪国際ビルディング",,27,128,5410052,,,,,,,2015-10-05,0,,,,,"ウェブスタッフ",0
1132,5120001186417,12,1,2026-08-26,2015-11-04,"株式会社Ｗｅｂ　ｓｔａｆｆ",,301,"大阪府","大阪市中央区","南本町２丁目４－３",,27,128,5410054,,,,,,,2015-10-05,0,,,,,"ウェブスタッフ",0
1133,5120001186417,12,1,2026-08-26,2022-11-14,"株式会社Ｗｅｂ　ｓｔａｆｆ",,301,"大阪府","大阪市中央区","南本町２丁目４－１６",,27,128,5410054,,,,,,,2015-10-05,0,,,,,"ウェブスタッフ",0
1134,5120001186417,12,1,2026-08-26,2026-08-20,"株式会社Ｗｅｂ　ｓｔａｆｆ",,301,"大阪府","大阪市都島区","片町１丁目５番１３号",,27,102,5340025,,,,,,,2015-10-05,1,,,,,"ウェブスタッフ",0
1135,5120001203543,12,0,2026-08-26,2026-08-20,"株式会社ＮＫコンサルタント",,301,"大阪府","門真市","向島町３番１号",,27,223,5710051,,,,,,,2017-02-08,1,,,,,"エヌケーコンサルタント",0
1136,5120001230769,12,0,2026-08-26,2026-08-21,"株式会社連和実業",,301,"大阪府","大阪市中央区","谷町６丁目２番２７号１階",,27,128,5420012,,,,,,,2020-08-04,1,,,,,"レンワジツギョウ",0
1137,5120001231809,12,0,2026-08-26,2026-08-24,"株式会社Ｔｈｅ　Ｋｉｄｓ",,301,"東京都","品川区","大崎１丁目１１番２号",,13,109,1410032,,,,,,,2020-09-16,1,,,,,"ザキッズ",0
1138,5120001244224,12,0,2026-08-26,2026-08-21,"株式会社ＴＷＩＮＳ",,301,"大阪府","大阪市北区","芝田２丁目２番１３号日生ビル東館１０１号",,27,127,5300012,,,,,,,2022-03-07,1,,,,,"ツインズ",0
1139,5120001248167,21,0,2026-08-26,2026-08-18,"卓越株式会社",,301,"大阪府","大阪市天王寺区","空清町４－１１杉野ビル本館１０９号室",,27,109,5430018,,,2026-08-18,01,,,2022-08-18,1,,,,,"タクエツ",0
1140,5120001248357,12,0,2026-08-26,2026-08-17,"佳徳株式会社",00127613,301,"大阪府","大阪市西区","川口３丁目３－３松谷ビル４０１号室",,27,106,5500021,,,,,,,2022-08-25,1,,,,,"カトク",0
1141,5120001279550,12,0,2026-08-26,2026-08-24,"東方純一株式会社",,301,"大阪府","大阪狭山市","狭山５丁目２２５２番地の３岡田神力堂ビル２０１号室",,27,231,5890005,,,,,,,2025-09-17,1,,,,,"トウホウジュンイチ",0
1142,5120001280062,21,0,2026-08-26,2026-08-20,"翔寧南星株式会社",,301,"大阪府","大阪市城東区","中浜３丁目２５番１５－２０３号",,27,118,5360024,,,2026-08-20,01,,,2025-09-30,1,,,,,"ショウネイナンセイ",0
1143,5120001280070,12,0,2026-08-26,2026-08-20,"株式会社栄和",,301,"大阪府","大阪市西成区","千本北１丁目１１－１１",,27,122,5570053,,,,,,,2025-09-29,1,,,,,"エイワ",0
1144,5120001284138,12,0,2026-08-26,2026-08-20,"株式会社アミューズジャパン",,301,"大阪府","大阪市鶴見区","今津北１丁目７番２８号２階",,27,124,5380041,,,,,,,2026-02-16,1,,,,,"アミューズジャパン",0
1145,5120001287297,12,0,2026-08-26,2026-08-10,"株式会社Ｓ‐ＰＲＯＰＥＲＴＹ",,301,"大阪府","大阪市中央区","南船場１丁目１３－２０リアライズ南船場ビル８階",,27,128,5420081,,,,,,,2026-06-22,1,,,,,"エスプロパティ",0
1146,5120001288535,01,0,2026-08-26,2026-08-26,"Ｆｌｙ　Ｈｉｇｈ株式会社",,301,"大阪府","大阪市中央区","難波千日前９番１２号千日前セントラル第３ビル３０３",,27,128,5420075,,,,,,,2026-08-26,1,,,,,"フライハイ",0
1147,5120001288642,01,0,2026-08-26,2026-08-26,"株式会社ＢＬＡＮＣＡＬＥ",,301,"大阪府","大阪市北区","曾根崎新地１丁目３番２３号ＦＯＯＤＥＡＲビル５Ｆ",,27,127,5300002,,,,,,,2026-08-26,1,,,,,"ブランケール",0
1148,5120001288683,01,0,2026-08-26,2026-08-26,"株式会社Ｎｉｚｉｉｒｏ",,301,"大阪府","大阪市西区","新町３丁目６番３号",,27,106,5500013,,,,,,,2026-08-26,1,,,,,,0
1149,5120001288709,01,0,2026-08-26,2026-08-26,"株式会社ＺＥＮＤＡＩ",,301,"大阪府","大阪市淀川区","三津屋北２丁目１５番２６号",,27,123,5320032,,,,,,,2026-08-26,1,,,,,"ゼンダイ",0
1150,5120001288717,01,0,2026-08-26,2026-08-26,"株式会社ＨＡＲＵ",,301,"大阪府","大阪市住吉区","庭井２丁目２１番１７号",,27,120,5580012,,,,,,,2026-08-26,1,,,,,"ハル",0
1151,5120001288733,01,0,2026-08-26,2026-08-26,"株式会社ＴＥＮＡＸ",,301,"大阪府","大阪市淀川区","西中島７丁目１２番５号４Ｆ",,27,123,5320011,,,,,,,2026-08-26,1,,,,,"テナックス",0
1152,5120001288741,01,0,2026-08-26,2026-08-26,"株式会社ＳＴＯＣＫ　ＣＥＬＬＡＲ",,301,"大阪府","大阪市東成区","中本５丁目１２番２６－１１０７号",,27,115,5370022,,,,,,,2026-08-26,1,,,,,"ストックセラー",0
1153,5120002023957,01,1,2026-08-26,2015-10-05,"有限会社スズラン",,302,"大阪府","大阪市西淀川区","歌島１丁目１８番１５号",,27,113,5550021,,,,,,,2015-10-05,1,,,,,"スズラン",0
1154,5120003026570,12,0,2026-08-26,2026-08-24,"合同会社Ｊａｐａｎｄａｓ",,305,"京都府","京都市東山区","東橘町４５０番野村マンション２０１号",,26,105,6050906,,,,,,,2024-05-15,1,,,,,"ジャパンダス",0
1155,5120003033352,01,0,2026-08-26,2026-08-26,"合同会社ＭＥＤＩＭＯＤＥ",,305,"大阪府","大阪市北区","梅田１丁目１番３号大阪駅前第３ビル１１階２号室",,27,127,5300001,,,,,,,2026-08-26,1,,,,,"メディモード",0
1156,5120005015869,01,1,2026-08-26,2015-10-05,"税理士法人アクセス",,399,"大阪府","吹田市","江坂町１丁目１７番１４号江坂吉川ビル５階",,27,205,5640063,,,,,,,2015-10-05,0,,,,,"アクセス",0
1157,5120005015869,12,1,2026-08-26,2017-04-18,"税理士法人アクセス",,399,"大阪府","大阪市中央区","平野町１丁目７番１号堺筋高橋ビル６Ｆ",00109967,27,128,5410046,,,,,,,2015-10-05,1,,,,,"アクセス",0
1158,5120101036001,12,0,2026-08-26,2026-08-21,"レーシーリボンジャパン株式会社",,301,"大阪府","和泉市","府中町５丁目６番４３号",,27,219,5940071,,,,,,,2015-10-05,1,,,,,"レーシーリボンジャパン",0
1159,5120101058854,21,0,2026-08-26,2026-08-24,"株式会社こころ不動産",,301,"大阪府","堺市北区","中百舌鳥町６丁９６２",,27,146,5918023,,,2026-08-24,01,,,2018-10-02,1,,,,,"ココロフドウサン",0
1160,5120101074265,01,0,2026-08-26,2026-08-26,"株式会社桜咲アセット",,301,"大阪府","堺市東区","大美野３２番地２",,27,143,5998126,,,,,,,2026-08-26,1,,,,,"サクラサクアセット",0
1161,5120102016836,21,0,2026-08-26,2026-08-24,"有限会社シーアールエス喜志",,302,"大阪府","南河内郡太子町","大字春日２３５番地の３",,27,381,5830991,,,2026-08-24,01,,,2015-10-05,1,,,,,"シーアールエスキシ",0
1162,5120901032835,01,1,2026-08-26,2015-10-05,"ＴＵＥＳ－Ｃｏｒｐ株式会社",,301,"大阪府","豊中市","上野西２丁目１１番７９号",,27,203,5600011,,,,,,,2015-10-05,1,,,,,"チューズコープ",0
1163,5122003003211,12,0,2026-08-26,2026-08-24,"みんなと合同会社",,305,"大阪府","柏原市","旭ケ丘２丁目３番６６号",,27,221,5820026,,,,,,,2025-05-28,1,,,,,"ミンナト",0
1164,5122005003829,12,0,2026-08-26,2026-08-24,"一般社団法人友栄会",,399,"大阪府","吹田市","川岸町１２番７号",,27,205,5640037,,,,,,,2025-07-08,1,,,,,"ユウエイカイ",0
1165,5130001005468,01,1,2026-08-26,2015-10-05,"松良木材株式会社",,301,"京都府","京都市北区","北野上白梅町７０番地の１",,26,101,6038325,,,,,,,2015-10-05,0,,,,,"マツリョウモクザイ",0
1166,5130001005468,12,1,2026-08-26,2026-07-31,"松良木材株式会社",,301,"京都府","京都市北区","北野上白梅町４７番地の１",,26,101,6038325,,,,,,,2015-10-05,1,,,,,"マツリョウモクザイ",0
1167,5130001008545,12,0,2026-08-26,2026-08-05,"株式会社日輪",,301,"京都府","京都市中京区","西ノ京北円町５８番地１",,26,104,6048462,,,,,,,2015-10-05,1,,,,,"ニチリン",0
1168,5130001009576,01,1,2026-08-26,2015-10-05,"畑山塗装株式会社",,301,"京都府","京都市東山区","大仏南門通大和大路東入ル二丁目新瓦町東組６３０番地",,26,105,6050000,,,,,,,2015-10-05,1,,,,,"ハタヤマトソウ",0
1169,5130001047725,12,0,2026-08-26,2026-07-07,"株式会社ニュートラルリンク",,301,"京都府","京都市下京区","大宮町４６５番地",,26,106,6008138,,,,,,,2015-10-05,1,,,,,"ニュートラルリンク",0
1170,5130001053343,12,0,2026-08-26,2026-08-06,"株式会社エイコー",,301,"京都府","京都市山科区","椥辻草海道町３６番地１１パデシオン山科椥辻３０４",,26,110,6078162,,,,,,,2015-10-05,1,,,,,"エイコー",0
1171,5130001057666,11,0,2026-08-26,2026-08-07,"春好観光株式会社",,301,"京都府","京都市東山区","大和大路通四条下る４丁目小松町５５７番地４パレ祇園７０４号",00106954,26,105,6050811,,,,,,,2016-06-08,1,,,,,"ハルヨシカンコウ",0
1172,5130001061998,12,0,2026-08-26,2026-08-05,"株式会社エヌワークス",,301,"京都府","京都市中京区","西ノ京北円町５８番地１",,26,104,6048462,,,,,,,2018-04-27,1,,,,,"エヌワークス",0
1173,5130001073341,12,0,2026-08-26,2026-07-31,"ｅｌｓｅ株式会社",,301,"京都府","京都市左京区","北白川仕伏町２６－６",,26,103,6068283,,,,,,,2023-01-04,1,,,,,"エルス",0
1174,5130001077004,12,0,2026-08-26,2026-08-03,"株式会社クローバー",,301,"京都府","京都市伏見区","深草西浦町７丁目６６番地ダイケン商事ビル１階西側",,26,109,6120029,,,,,,,2024-05-08,1,,,,,"クローバー",0
1175,5130001082937,01,0,2026-08-26,2026-08-26,"株式会社Ｋｙｏｔｏ　Ｃｏｎｃｉｅｒｇｅ　Ｓｅｒｖｉｃｅ",,301,"京都府","京都市下京区","小泉町１００番地８",,26,106,6008480,,,,,,,2026-08-26,1,,,,,"キョウトコンシェルジュサービス",0
1176,5130002010624,01,1,2026-08-26,2015-10-05,"有限会社オクダ",,302,"京都府","京都市南区","西九条藤ノ木町９８番地",,26,107,6018421,,,,,,,2015-10-05,0,,,,,"オクダ",0
1177,5130002010624,12,1,2026-08-26,2016-06-13,"有限会社オクダ",,302,"京都府","京都市西京区","松尾万石町１０番地２２－１０１号",,26,111,6158287,,,,,,,2015-10-05,1,,,,,"オクダ",0
1178,5130002016761,21,0,2026-08-26,2026-08-06,"有限会社武内整理工場",,302,"京都府","京都市中京区","堀川通蛸薬師上る壺屋町２６５番地",00037501,26,104,6048255,,,2026-08-06,01,,,2015-10-05,1,,,,,"タケウチセイリコウジョウ",0
1179,5130002034482,12,0,2026-08-26,2026-08-05,"有限会社長崎商店",,302,"京都府","舞鶴市","字河辺原２３８番地",,26,202,6250146,,,,,,,2015-10-05,1,,,,,"ナガサキショウテン",0
1180,5130003011596,01,0,2026-08-26,2026-08-26,"村上アセット合同会社",,305,"京都府","京都市北区","上賀茂松本町１７番地３",,26,101,6038052,,,,,,,2026-08-26,1,,,,,"ムラカミアセット",0
1181,5140001049910,01,1,2026-08-26,2015-10-05,"立花電気株式会社",,301,"兵庫県","尼崎市","大西町１丁目１０番２６号",,28,202,6610023,,,,,,,2015-10-05,1,,,,,"タチバナデンキ",0
1182,5140001069990,01,1,2026-08-26,2015-10-05,"株式会社パリジャン",,301,"兵庫県","西宮市","津門呉羽町２番３３号",,28,204,6638245,,,,,,,2015-10-05,1,,,,,"パリジャン",0
1183,5140001071105,11,0,2026-08-26,2026-08-20,"エヌティー商事合同会社",,305,"兵庫県","西宮市","松ケ丘町１番９号",,28,204,6620061,,,,,,,2015-10-05,1,,,,,"エヌティーショウジ",0
1184,5140001081707,22,0,2026-08-26,2026-08-12,"株式会社大紀ハウス",,301,"兵庫県","宝塚市","中州１丁目１１番３号",,28,214,6650021,,,,,,,2015-10-05,1,,,,,"ダイキハウス",0
1185,5140001082894,12,0,2026-08-26,2026-08-21,"株式会社ＭＥＴＡＬＥＸ",,301,"大阪府","大阪市西区","北堀江３丁目９番１０号",,27,106,5500014,,,,,,,2015-10-05,1,,,,,"メタレックス",0
1186,5140001119762,12,0,2026-08-26,2026-08-12,"エクスパンディ株式会社",,301,"兵庫県","西宮市","池田町１２番２０号",,28,204,6620911,,,,,,,2020-12-14,1,,,,,"エクスパンディ",0
1187,5140001130257,12,0,2026-08-26,2026-08-24,"株式会社ＲＡＹＳ",,301,"大阪府","大東市","寺川３丁目４番５３号",,27,218,5740014,,,,,,,2023-05-22,1,,,,,"ライズ",0
1188,5140001143845,01,0,2026-08-26,2026-08-26,"株式会社小路ぷ",,301,"兵庫県","姫路市","花田町加納原田１４０番地３",,28,201,6710252,,,,,,,2026-08-26,1,,,,,"コジプ",0
1189,5140001143853,01,0,2026-08-26,2026-08-26,"株式会社藤邦トラスト",,301,"兵庫県","西宮市","生瀬東町１１番１０号",,28,204,6691103,,,,,,,2026-08-26,1,,,,,"トウホウトラスト",0
1190,5140002011472,01,1,2026-08-26,2015-10-05,"下前商事有限会社",,302,"兵庫県","神戸市兵庫区","下沢通４丁目７番２号",,28,105,6520047,,,,,,,2015-10-05,1,,,,,"シモマエショウジ",0
1191,5140003024003,01,0,2026-08-26,2026-08-26,"鈴蘭台ＢＥＳＳ合同会社",,305,"兵庫県","神戸市灘区","深田町３丁目３番１号",,28,102,6570038,,,,,,,2026-08-26,1,,,,,"スズランダイビーイーエスエス",0
1192,5140003024028,01,0,2026-08-26,2026-08-26,"ｍａｎａ　ｃａｒｅ合同会社",,305,"兵庫県","三田市","ゆりのき台２丁目３５－３",,28,219,6691324,,,,,,,2026-08-26,1,,,,,"マナケア",0
1193,5140005028035,01,0,2026-08-26,2026-08-26,"一般社団法人ＣＯＶＥ",,399,"兵庫県","神戸市中央区","中山手通１丁目４番１３号コスモス東門ビル４階４０１号",,28,110,6500004,,,,,,,2026-08-26,1,,,,,"コヴェ",0
1194,5150001014723,01,1,2026-08-26,2015-10-05,"マインドウィル株式会社",,301,"奈良県","香芝市","旭ケ丘５丁目１３番地の２６",,29,210,6390266,,,,,,,2015-10-05,1,,,,,"マインドウィル",0
1195,5150001029201,01,0,2026-08-26,2026-08-26,"株式会社ＫＩＭ技研",,301,"奈良県","橿原市","十市町６６６番地の１－１０２",,29,205,6340008,,,,,,,2026-08-26,1,,,,,"ケイアイエムギケン",0
1196,5160001006694,11,0,2026-08-26,2026-08-20,"メイホウ精機株式会社",,301,"滋賀県","長浜市","石田町５０６番地",,25,203,5260814,,,,,,,2015-10-05,1,,,,,"メイホウセイキ",0
1197,5160001007552,01,1,2026-08-26,2015-10-05,"株式会社ケアネット",,301,"滋賀県","長浜市","田町６２番地１",,25,203,5290142,,,,,,,2015-10-05,1,,,,,"ケアネット",0
1198,5180001061374,01,1,2026-08-26,2015-10-05,"株式会社リアルサポート",,301,"愛知県","名古屋市中区","新栄２丁目１番３４号",,23,106,4600007,,,,,,,2015-10-05,1,,,,,"リアルサポート",0
1199,5180001120774,12,0,2026-08-26,2026-08-24,"株式会社エイジャクリエイト",,301,"愛知県","名古屋市中村区","上石川町１丁目６３番地",,23,105,4530835,,,,,,,2015-10-30,1,,,,,"エイジャクリエイト",0
1200,5180001128116,12,0,2026-08-26,2026-08-21,"株式会社シーズ",,301,"愛知県","名古屋市昭和区","福江１丁目１番２０号",,23,107,4660059,,,,,,,2017-06-07,1,,,,,"シーズ",0
1201,5180001167477,12,0,2026-08-26,2026-07-24,"株式会社いっぷく",,301,"愛知県","尾張旭市","南新町白山３７番地３",,23,226,4880042,,,,,,,2025-07-02,1,,,,,"イップク",0
1202,5180002017722,11,0,2026-08-26,2026-08-24,"株式会社カイナンサービス",,301,"愛知県","名古屋市昭和区","山里町４０番地の２",,23,107,4660824,,,,,,,2015-10-05,1,,,,,"カイナンサービス",0
1203,5180303005921,21,0,2026-08-26,2026-08-10,"ＨＡ　ＴＨＩＮＨ合同会社",,305,"愛知県","安城市","南町７番１９号",,23,212,4460034,,,2026-08-10,01,,,2023-12-12,1,,,,,"ハーティン",0
1204,5190001029544,12,0,2026-08-26,2026-08-17,"株式会社つかさ物流",,301,"三重県","四日市市","住吉町９－３ＡＴＡＡＴＡＨＯＵＳＥ内",,24,202,5108003,,,,,,,2022-06-29,1,,,,,"ツカサブツリュウ",0
1205,5190001033356,01,0,2026-08-26,2026-08-26,"株式会社三木ジャパン",,301,"三重県","三重郡朝日町","白梅の丘東１丁目２１－１",,24,343,5108106,,,,,,,2026-08-26,1,,,,,"ミキジャパン",0
1206,5200002022380,01,1,2026-08-26,2015-10-05,"マルナカストアー有限会社",,302,"岐阜県","多治見市","笠原町２１１４番地の１",,21,204,5070901,,,,,,,2015-10-05,1,,,,,"マルナカストアー",0
1207,5200002026877,01,1,2026-08-26,2015-10-05,"有限会社鈴木工務店",,302,"岐阜県","飛騨市","神岡町殿字坂巻１８０番地の２５",,21,217,5061121,,,,,,,2015-10-05,1,,,,,"スズキコウムテン",0
1208,5200002028147,12,0,2026-08-26,2026-07-14,"株式会社おくみの農援隊",,301,"岐阜県","関市","若草通１丁目１番地",,21,205,5013802,,,,,,,2015-10-05,0,,,,,"オクミノノウエンタイ",0
1209,5200002028147,11,0,2026-08-26,2026-07-14,"株式会社めぐみの大地",,301,"岐阜県","関市","若草通１丁目１番地",,21,205,5013802,,,,,,,2015-10-05,1,,,,,"メグミノダイチ",0
1210,5210001020715,01,0,2026-08-26,2026-08-26,"株式会社ＮＯＷ",,301,"福井県","福井市","日之出２丁目１０番１号",,18,201,9100859,,,,,,,2026-08-26,1,,,,,"ナウ",0
1211,5220001000055,01,1,2026-08-26,2015-10-05,"株式会社慶伊組",,301,"石川県","白山市","木滑ト１６番地",,17,210,9202326,,,,,,,2015-10-05,1,,,,,"ケイイグミ",0
1212,5220005004936,01,1,2026-08-26,2015-10-05,"八幡神社",,399,"石川県","鹿島郡中能登町","金丸五部１１番地乙",,17,407,9291621,,,,,,,2015-10-05,1,,,,,"ハチマンジンジャ",0
1213,5220005005538,01,1,2026-08-26,2015-10-05,"奈鹿曽姫神社",,399,"石川県","羽咋市","下曽祢町ヲ８８番地甲",,17,207,9250071,,,,,,,2015-10-05,1,,,,,"ナカソヒメジンジャ",0
1214,5240001049272,01,1,2026-08-26,2016-04-28,"株式会社ナックス",,301,"広島県","福山市","御幸町大字上岩成２４７番地３",,34,207,7200001,,,,,,,2016-04-28,1,,,,,"ナックス",0
1215,5240001049339,01,1,2026-08-26,2016-05-16,"株式会社中川組",,301,"広島県","広島市安佐南区","東野２丁目２４番４７－６号東野タウンハウスＦ３号",,34,105,7310111,,,,,,,2016-05-16,0,,,,,"ナカガワグミ",0
1216,5240001049339,12,1,2026-08-26,2017-10-20,"株式会社中川組",,301,"広島県","広島市安佐南区","川内４丁目１２番２７－１号",,34,105,7310102,,,,,,,2016-05-16,1,,,,,"ナカガワグミ",0
1217,5240001056120,11,0,2026-08-26,2026-08-19,"株式会社ＳＯＬＡ構造設計",,301,"広島県","広島市中区","上幟町３番２６号",,34,101,7300014,,,,,,,2020-05-22,1,,,,,"ソラコウゾウセッケイ",0
1218,5240001066961,01,0,2026-08-26,2026-08-26,"株式会社イーグラス",,301,"広島県","広島市中区","橋本町５番１６－８０１号",,34,101,7300015,,,,,,,2026-08-26,1,,,,,"イーグラス",0
1219,5240002017542,12,0,2026-08-26,2026-08-06,"有限会社ユタカコーポ",,302,"広島県","広島市中区","中島町１０番２２－１００２号",,34,101,7300811,,,,,,,2015-10-05,1,,,,,,0
1220,5240002018160,12,0,2026-08-26,2026-08-21,"有限会社クリーンホームサカタ",,302,"広島県","広島市東区","牛田早稲田３丁目５番２－９",,34,102,7320062,,,,,,,2015-10-05,1,,,,,"クリーンホームサカタ",0
1221,5240003001826,21,0,2026-08-26,2026-08-24,"合同会社いわさき総研",,305,"東京都","江東区","亀戸２丁目３３番４号",,13,108,1360071,,,2026-08-24,01,,,2015-10-05,1,,,,,"イワサキソウケン",0
1222,5250002010661,01,1,2026-08-26,2015-10-05,"有限会社不易社",,302,"山口県","下関市","彦島福浦町２丁目２７番８号",,35,201,7500087,,,,,,,2015-10-05,1,,,,,"フエキシャ",0
1223,5260001007971,01,1,2026-08-26,2015-10-05,"株式会社ナショナルサービス",,301,"岡山県","岡山市北区","田町１丁目１０番１０号",,33,101,7000825,,,,,,,2015-10-05,1,,,,,"ナショナルサービス",0
1224,5260001039395,12,0,2026-08-26,2026-08-25,"株式会社ＮＩＣＨＩＥＩ",,301,"岡山県","岡山市北区","芳賀１６９３番地３１",,33,101,7011221,,,,,,,2024-08-21,0,,,,,"ニチエイ",0
1225,5260001039395,11,0,2026-08-26,2026-08-25,"株式会社日栄",,301,"岡山県","岡山市北区","芳賀１６９３番地３１",,33,101,7011221,,,,,,,2024-08-21,1,,,,,"ニチエイ",0
1226,5260001041533,01,0,2026-08-26,2026-08-26,"瑞龍株式会社",,301,"岡山県","瀬戸内市","邑久町豊原３２９",,33,212,7014223,,,,,,,2026-08-26,1,,,,,"ズイリュウ",0
1227,5260003005750,01,0,2026-08-26,2026-08-26,"合同会社ＡＭＡＴＡＫＥ",,305,"岡山県","岡山市北区","伊福町４丁目４番３－２号",,33,101,7000013,,,,,,,2026-08-26,1,,,,,"アマタケ",0
1228,5260005011656,01,0,2026-08-26,2026-08-26,"一般社団法人おかやまスポーツ未来",,399,"岡山県","倉敷市","玉島上成１４２５番地１",,33,202,7138101,,,,,,,2026-08-26,1,,,,,"オカヤマスポーツミライ",0
1229,5290001067138,01,1,2026-08-26,2015-10-05,"株式会社Ｖｉｓｃｈｅ",,301,"福岡県","福津市","中央３丁目２番７号",,40,224,8113217,,,,,,,2015-10-05,0,,,,,,0
1230,5290001067138,12,1,2026-08-26,2022-01-06,"株式会社Ｖｉｓｃｈｅ",,301,"福岡県","福津市","宮司３丁目１６番１０号",,40,224,8113305,,,,,,,2015-10-05,0,,,,,,0
1231,5290001067138,11,1,2026-08-26,2022-01-06,"株式会社ＢＥＡＵＴＩＦＵＬ　ＳＭＩＬＥＳ　ＣＯＭＰＡＮＹ",,301,"福岡県","福津市","宮司３丁目１６番１０号",,40,224,8113305,,,,,,,2015-10-05,0,,,,,"ビューティフルスマイルズカンパニー",0
1232,5290001067138,11,1,2026-08-26,2025-01-06,"株式会社ＶＩＳＣＨＥ",,301,"福岡県","福津市","宮司３丁目１６番１０号",,40,224,8113305,,,,,,,2015-10-05,1,,,,,"ビスチェ",0
1233,5290001077822,12,0,2026-08-26,2026-08-17,"Ｗｅサポート株式会社",,301,"福岡県","久留米市","東町２９番地４－３Ｆ－Ｂ",,40,203,8300032,,,,,,,2017-05-18,1,,,,,"ウィーサポート",0
1234,5290001111804,12,0,2026-08-26,2026-08-18,"株式会社Ｎｅｏｋａｉ",,301,"千葉県","銚子市","明神町１丁目１１３番",,12,202,2880002,,,,,,,2025-10-10,1,,,,,"ネオカイ",0
1235,5290002013388,12,0,2026-08-26,2026-08-17,"有限会社ＫＨＣ",,302,"福岡県","福岡市中央区","大手門３丁目７番９－８０６号",,40,133,8100074,,,,,,,2015-10-05,1,,,,,"ケイエイチシー",0
1236,5290002045927,01,1,2026-08-26,2015-10-05,"有限会社不二建",,302,"福岡県","飯塚市","川津２１５番地の２",,40,205,8200067,,,,,,,2015-10-05,1,,,,,"フジケン",0
1237,5290003018122,01,1,2026-08-26,2026-03-04,"ＡＥ合同会社",,305,"福岡県","福岡市城南区","別府４丁目２番４－５０５号",,40,136,8140104,,,,,,,2026-03-04,1,,,,,"エーイー",0
1238,5290801021715,01,1,2026-08-26,2015-10-05,"株式会社コウバイテック",,301,"福岡県","行橋市","南大橋２丁目１２番２５号",,40,213,8240032,,,,,,,2015-10-05,1,,,,,"コウバイテック",0
1239,5300003002000,01,1,2026-08-26,2023-08-08,"合同会社丸文堂",,305,"佐賀県","佐賀市","駅前中央２丁目４－２７－９０１",,41,201,8400801,,,,,,,2023-08-08,0,,,,,"マルブンドウ",0
1240,5300003002000,12,1,2026-08-26,2026-08-24,"合同会社丸文堂",,305,"佐賀県","佐賀市","天神１丁目４番５２－３号",,41,201,8400815,,,,,,,2023-08-08,1,,,,,"マルブンドウ",0
1241,5320002013236,21,0,2026-08-26,2026-08-18,"有限会社さかもと",,302,"大分県","別府市","大字鶴見１９５１番地の１５１",,44,202,8740840,,,2026-08-18,01,,,2015-10-05,1,,,,,"サカモト",0
1242,5330001011033,11,0,2026-08-26,2026-08-24,"株式会社ｎｉｃｏ",,301,"熊本県","熊本市東区","桜木３丁目２２番１号",,43,102,8612101,,,,,,,2015-10-05,1,,,,,"ニコ",0
1243,5330001015901,01,1,2026-08-26,2015-10-05,"株式会社くまがわ",,301,"熊本県","人吉市","鶴田町１２０番地の３",,43,203,8680024,,,,,,,2015-10-05,1,,,,,"クマガワ",0
1244,5330001022889,01,1,2026-08-26,2016-06-24,"井上工業株式会社",,301,"熊本県","合志市","竹迫１８６８番地３",,43,216,8611114,,,,,,,2016-06-24,1,,,,,"イノウエコウギョウ",0
1245,5330001034612,01,0,2026-08-26,2026-08-26,"さんライズ株式会社",,301,"熊本県","菊池郡菊陽町","大字津久礼６０８番地",,43,404,8691101,,,,,,,2026-08-26,1,,,,,"サンライズ",0
1246,5330003007137,01,1,2026-08-26,2017-07-26,"合同会社トータルアシストサービス",,305,"熊本県","山鹿市","鹿本町下高橋３４番地２",,43,208,8610316,,,,,,,2017-07-26,1,,,,,"トータルアシストサービス",0
1247,5340001009547,01,1,2026-08-26,2015-10-05,"株式会社ナカミチハウス",,301,"鹿児島県","鹿児島市","東谷山７丁目８番１号",,46,201,8910113,,,,,,,2015-10-05,1,,,,,"ナカミチハウス",0
1248,5340001017384,01,1,2026-08-26,2015-10-05,"株式会社アリスト",,301,"鹿児島県","霧島市","国分新町２丁目１５番２号",,46,218,8994351,,,,,,,2015-10-05,0,,,,,"アリスト",0
1249,5340001017384,12,1,2026-08-26,2026-08-18,"株式会社アリスト",,301,"鹿児島県","霧島市","溝辺町麓１３４２番地１",,46,218,8996404,,,,,,,2015-10-05,1,,,,,"アリスト",0
1250,5340001027012,21,0,2026-08-26,2026-08-24,"株式会社ＭＡＨＳ",,301,"鹿児島県","鹿児島市","西千石町１１－２１鹿児島ＭＳビル５Ｆ・６Ｆ",,46,201,8920847,,,2026-08-24,01,,,2024-12-24,1,,,,,"エムエーエイチエス",0
1251,5340002011270,12,0,2026-08-26,2026-08-19,"有限会社八善",,302,"鹿児島県","鹿児島市","伊敷台２丁目６番７号",,46,201,8900007,,,,,,,2015-10-05,1,,,,,,0
1252,5360003008347,01,1,2026-08-26,2017-08-10,"合同会社ヒーロー",,305,"沖縄県","宮古島市","平良字荷川取１２６９番地１４",,47,214,9060008,,,,,,,2017-08-10,0,,,,,"ヒーロー",0
1253,5360003008347,12,0,2026-08-26,2026-08-20,"合同会社ヒーロー",,305,"大阪府","大阪市住吉区","清水丘３丁目６番１７号清水丘アパートＢ棟２０５号",,27,120,5580033,,,,,,,2017-08-10,1,,,,,"ヒーロー",0
1254,5370001040053,01,1,2026-08-26,2016-07-29,"賢商企画株式会社",,301,"宮城県","仙台市若林区","遠見塚２丁目５番２号",,04,103,9840823,,,,,,,2016-07-29,0,,,,,,0
1255,5370001040053,11,1,2026-08-26,2017-05-02,"株式会社コウケン企画",,301,"宮城県","仙台市若林区","遠見塚２丁目５番２号",,04,103,9840823,,,,,,,2016-07-29,1,,,,,"コウケンキカク",0
1256,5370001053146,12,0,2026-08-26,2026-08-21,"株式会社ＬｉＪｕ",,301,"宮城県","仙台市若林区","卸町東５丁目４－３",,04,103,9840002,,,,,,,2025-10-14,1,,,,,"リジュ",0
1257,5370001054177,01,0,2026-08-26,2026-08-26,"グラフコード株式会社",,301,"宮城県","仙台市泉区","将監３丁目１５番９－２号",,04,105,9813132,,,,,,,2026-08-26,1,,,,,"グラフコード",0
1258,5370005010688,01,1,2026-08-26,2023-09-15,"特定非営利活動法人子育て支援ＡＲＩママネット",,399,"宮城県","名取市","みどり台３丁目３番地の３",,04,207,9820047,,,,,,,2023-09-15,1,,,,,"コソダテシエンアリママネット",0
1259,5370601002320,01,1,2026-08-26,2015-10-05,"株式会社ＩＳＨＩＩ　ＳＴＥＥＬ",,301,"宮城県","仙台市宮城野区","中野５丁目４番地の１０",,04,102,9830013,,,,,,,2015-10-05,1,,,,,"イシイスチール",0
1260,5380001004271,12,0,2026-08-26,2026-08-24,"株式会社リンテックス",,301,"福島県","福島市","高野河原下１６－１１ノバハイツ信夫ヶ丘８０７号",,07,201,9608218,,,,,,,2015-10-05,1,,,,,,0
1261,5380003006415,01,0,2026-08-26,2026-08-26,"合同会社Ａｎｙ",,305,"福島県","いわき市","平字田町１２０番地ＬＡＴＯＶ６階いわき産業創造館インキュベートルーム内",,07,204,9708026,,,,,,,2026-08-26,1,,,,,"エニー",0
1262,5420002011502,01,1,2026-08-26,2015-10-05,"有限会社佐藤石油店",,302,"青森県","北津軽郡板柳町","大字板柳字土井１３２番地３",,02,381,0383662,,,,,,,2015-10-05,1,,,,,"サトウセキユテン",0
1263,5430001097566,01,0,2026-08-26,2026-08-26,"株式会社フィデス",,301,"北海道","室蘭市","みゆき町１丁目２番７号",,01,205,0500084,,,,,,,2026-08-26,1,,,,,"フィデス",0
1264,5430003019345,01,0,2026-08-26,2026-08-26,"ｆｉｒｍｉｔ合同会社",,305,"北海道","札幌市中央区","北一条西３丁目３番地３３リープロビル３０２",,01,101,0600001,,,,,,,2026-08-26,1,,,,,"ファーミット",0
1265,5450005002669,12,0,2026-08-26,2026-08-24,"剣淵建設企業組合",,399,"北海道","上川郡剣淵町","緑町７番１５号",,01,465,0980332,,,,,,,2015-10-05,1,,,,,"ケンブチケンセツキギョウクミアイ",0
1266,5460103001753,12,0,2026-08-26,2026-08-19,"合同会社エミナベース",,305,"北海道","札幌市豊平区","豊平四条３丁目３番１０号さんぱちＢＬＤ１　６０４号",,01,105,0620904,,,,,,,2025-10-29,1,,,,,"エミナベース",0
1267,5470002019243,01,1,2026-08-26,2015-10-05,"有限会社明田建具工業",,302,"香川県","小豆郡小豆島町","安田甲５７３番地",,37,324,7614411,,,,,,,2015-10-05,1,,,,,"アケダタテグコウギョウ",0
1268,5480005006205,21,0,2026-08-26,2026-08-24,"特定非営利活動法人ＭＯＡ眉山の会",,399,"徳島県","徳島市","両国本町１丁目１７番地",,36,201,7700843,,,2026-08-24,01,,,2015-10-05,1,,,,,"エムオーエービザンノカイ",0
1269,5490001001035,01,1,2026-08-26,2015-10-05,"興洋フリーズ株式会社",,301,"高知県","高知市","弘化台１９番９号",,39,201,7810811,,,,,,,2015-10-05,1,,,,,"コウヨウフリーズ",0
1270,5490001011422,01,0,2026-08-26,2026-08-26,"ＤＤＳＣ株式会社",,301,"高知県","高知市","中久万２９５番地２",,39,201,7800983,,,,,,,2026-08-26,1,,,,,"ディーディーエスシー",0
1271,5490002010803,01,1,2026-08-26,2015-10-05,"有限会社伊尾木鉄工所",,302,"高知県","高岡郡四万十町","仁井田１２３７の１",,39,412,7860021,,,,,,,2015-10-05,1,,,,,"イオキテッコウショ",0
1272,5490003002188,01,0,2026-08-26,2026-08-26,"合同会社ええやん",,305,"高知県","高知市","吉田町７－１１",,39,201,7800048,,,,,,,2026-08-26,1,,,,,"エエヤン",0
1273,5700150003231,12,0,2026-08-26,2026-02-24,"全国農業信用基金協会協議会",,499,"東京都","千代田区","大手町２丁目２－１　新大手町ビル８階",,13,101,1000004,,,,,,,2015-10-09,1,,,,,"ゼンコクノウギヨウシンヨウキキンキヨウカイキヨウギカイ",0
1274,5700150106868,12,0,2026-08-26,2026-03-13,"ＥＶＥＲＥＳＴ　ＴＲＡＤＥ　ＣＥＮＴＲＥ",,401,"千葉県","東金市","東金１４８１番地１クワイエット東金２０３",,12,213,2830802,"スリランカ民主社会主義共和国カラゲディヘナ、ティハリヤ、ハラパラナロードＮｏ．２２５／Ａ／２",,,,,,2022-01-31,1,,,,,"エベレストトレードセンター",0
1275,5700150129051,12,0,2026-08-26,2025-02-01,"ＣＯＷＩ　ＡＳ",,401,"東京都","港区","虎ノ門４丁目１－１　神谷町トラストタワー２３階",,13,103,1050001,"デンマーク王国コンゲンス・リュンビュー２８００、パラレルヴァイ２",,,,,,2025-01-31,1,,,,,"コーウイーエーエス",0
1276,5700150137104,01,0,2026-08-26,2026-08-26,"ＴＴＮ　ＲＵＢＢＥＲ　ＣＯＭＰＡＮＹ　ＬＩＭＩＴＥＤ",,401,,,,,,,,"９８４／５１，Ｓｕｋｈｕｍｖｉｔ　７１　Ｒｏａｄ，Ｋｈｌｏｎｇ　Ｔａｎ　Ｎｕｅａ　Ｓｕｂ　ｄｉｓｔｒｉｃｔ，Ｖａｄｈａｎａ　Ｄｉｓｔｒｉｃｔ，Ｂａｎｇｋｏｋ．",,,,,,2026-08-26,1,,,,,"ティーティーエヌラバーカンパニーリミテッド",0
1277,6010001012401,01,1,2026-08-26,2015-10-05,"株式会社ＮＹＫＢｕｓｉｎｅｓｓＳｙｓｔｅｍｓ",,301,"東京都","中央区","新川１丁目１７番２１号",,13,102,1040033,,,,,,,2015-10-05,1,,,,,,0
1278,6010001103159,12,0,2026-08-26,2026-07-13,"株式会社シンフォー",,301,"東京都","千代田区","麹町１丁目６番４号",,13,101,1020083,,,,,,,2015-10-05,0,,,,,"シンフォー",0
1279,6010001103159,11,0,2026-08-26,2026-07-13,"バルテス・ソリューションズ＆ＡＩ株式会社",,301,"東京都","千代田区","麹町１丁目６番４号",,13,101,1020083,,,,,,,2015-10-05,0,,,,,"バルテスソリューションズアンドエーアイ",0
1280,6010001103159,71,0,2026-08-26,2026-07-13,"バルテス・ソリューションズ＆ＡＩ株式会社",,301,"東京都","千代田区","麹町１丁目６番４号",,13,101,1020083,,,,,,"令和８年７月１日東京都千代田区麹町一丁目６番４号株式会社ミント（1010001122452）を合併",2015-10-05,1,,,,,"バルテスソリューションズアンドエーアイ",0
1281,6010001158500,12,0,2026-08-26,2026-08-24,"Ａ．Ｋ＆Ｖｅｓｔａ株式会社",,301,"東京都","品川区","西五反田１丁目２６番２号",,13,109,1410031,,,,,,,2015-10-05,1,,,,,"エケペスタ",0
1282,6010001167229,12,0,2026-08-26,2026-07-10,"株式会社Ｄｒｅａｍ　Ｈａｔｃｈｉｎｇ",,301,"東京都","中央区","築地６丁目１９番地２１号ニチレイ東銀座レジデンス",,13,102,1040045,,,,,,,2015-10-05,1,,,,,"ドリームハッチング",0
1283,6010001180041,01,1,2026-08-26,2016-12-06,"株式会社ステンレスニュース社",,301,"東京都","中央区","八丁堀３丁目２２番５号",,13,102,1040032,,,,,,,2016-12-06,0,,,,,"ステンレスニュースシャ",0
1284,6010001180041,12,1,2026-08-26,2017-03-02,"株式会社ステンレスニュース社",,301,"東京都","中央区","湊１丁目１番１７号真弘ビル３０６号",,13,102,1040043,,,,,,,2016-12-06,1,,,,,"ステンレスニュースシャ",0
1285,6010001228344,01,1,2026-08-26,2022-07-29,"クォーツコム・ジャパン株式会社",,301,"東京都","千代田区","平河町２丁目６番１号平河町ビル７階",,13,101,1020093,,,,,,,2022-07-29,1,,,,,,0
1286,6010001230069,01,1,2026-08-26,2022-10-14,"株式会社Ｐｌａｎ・Ｄｏ・Ｓｅｅ　Ｇｌｏｂａｌ",,301,"東京都","千代田区","丸の内２丁目１番１号",,13,101,1000005,,,,,,,2022-10-14,0,,,,,"プランドゥーシーグローバル",0
1287,6010001230069,12,1,2026-08-26,2024-04-04,"株式会社Ｐｌａｎ・Ｄｏ・Ｓｅｅ　Ｇｌｏｂａｌ",,301,"東京都","港区","麻布台１丁目３番１号",,13,103,1060041,,,,,,,2022-10-14,1,,,,,"プランドゥーシーグローバル",0
1288,6010001232684,21,0,2026-08-26,2026-07-14,"株式会社資産運用コンサルティング",,301,"東京都","千代田区","丸の内１丁目８番１号丸の内トラストタワーＮ館１５階",,13,101,1000005,,,2026-07-14,01,,,2023-02-03,1,,,,,"シサンウンヨウコンサルティング",0
1289,6010001234318,21,0,2026-08-26,2026-07-17,"株式会社ＣＨＡＬ",,301,"東京都","中央区","日本橋久松町９－９ＦＲＡＭＥ日本橋７Ｆ",,13,102,1030005,,,2026-07-17,11,5010001251289,"令和８年７月１日東京都中央区入船一丁目２番１号株式会社ユニコーンテクノロジー（5010001251289）に合併し解散",2023-04-10,1,,,,,"チャル",0
1290,6010001258960,12,0,2026-08-26,2026-07-28,"Ｃａｒｅｇｉｌｉｔｙ株式会社",,301,"東京都","中央区","銀座６丁目１３番１６号銀座ＷａｌｌビルＵＣＦ５０１",,13,102,1040061,,,,,,,2025-10-08,1,,,,,"ケアギリティー",0
1291,6010001263878,12,0,2026-08-26,2026-07-28,"株式会社Ｄａｔａｖａｎｃｅ",,301,"東京都","千代田区","丸の内１丁目１１番１号パシフィックセンチュリープレイス丸の内８階１３２号",,13,101,1000005,,,,,,,2026-03-25,1,,,,,"データバンス",0
1292,6010001267838,01,0,2026-08-26,2026-08-26,"富士エネルギー株式会社",,301,"東京都","中央区","湊１丁目１２－１０Ｒ．ｃｏｒｅＨＡＣＨＯＢＯＲＩ２Ｆ",,13,102,1040043,,,,,,,2026-08-26,1,,,,,"フジエネルギー",0
1293,6010001268282,01,0,2026-08-26,2026-08-26,"株式会社ＯＣＴＩＡ",,301,"東京都","千代田区","内神田１丁目１８番１１号東京ロイヤルプラザ７０６",,13,101,1010047,,,,,,,2026-08-26,1,,,,,"オクティア",0
1294,6010002009165,01,1,2026-08-26,2015-10-05,"有限会社銀河",,302,"神奈川県","横浜市金沢区","富岡東１丁目１４番１９号",,14,108,2360051,,,,,,,2015-10-05,1,,,,,"ギンガ",0
1295,6010002014347,01,0,2026-08-26,2026-08-26,"有限会社ペース・エージェンシー",,302,"東京都","千代田区","神田淡路町１丁目３番地",,13,101,1010063,,,,,,,2026-08-26,1,,,,,"ペースエージェンシー",0
1296,6010002037331,01,1,2026-08-26,2015-10-05,"有限会社キャビノチェ",,302,"東京都","文京区","小日向２丁目５番３号",,13,105,1120006,,,,,,,2015-10-05,0,,,,,"キャビノチェ",0
1297,6010002037331,12,1,2026-08-26,2016-11-15,"有限会社キャビノチェ",,302,"東京都","文京区","関口２丁目５番１４号目白台ハウス６１２号",,13,105,1120014,,,,,,,2015-10-05,1,,,,,"キャビノチェ",0
1298,6010005035646,01,1,2026-08-26,2022-10-07,"一般社団法人日本女性アスリート協会",,399,"東京都","千代田区","丸の内２丁目３番２号郵船ビル１Ｆ",,13,101,1000005,,,,,,,2022-10-07,0,,,,,,0
1299,6010005035646,12,1,2026-08-26,2025-02-12,"一般社団法人日本女性アスリート協会",,399,"東京都","千代田区","神田和泉町１番地６－１６ヤマトビル４０５",,13,101,1010024,,,,,,,2022-10-07,1,,,,,,0
1300,6010005042337,01,0,2026-08-26,2026-08-26,"一般社団法人レジ５",,399,"東京都","千代田区","丸の内１丁目４番１号東京共同会計事務所内",,13,101,1000005,,,,,,,2026-08-26,1,,,,,"レジファイブ",0
1301,6010401001722,12,0,2026-08-26,2026-08-21,"株式会社アップルトゥエンティワン",,301,"東京都","品川区","中延５丁目４番１号コーポ荏原１０１号",,13,109,1420053,,,,,,,2015-10-05,1,,,,,"アップルトゥエンティワン",0
1302,6010401049134,12,0,2026-08-26,2026-08-24,"ネットスカウト・システムズ・ジャパン株式会社",,301,"東京都","千代田区","丸の内１丁目６番２号新丸の内センタービル２１階",,13,101,1000005,,,,,,,2015-10-05,1,,,,,"ネットスカウトシステムズジャパン",0
1303,6010401118491,12,0,2026-08-26,2026-08-19,"株式会社コンボイスイッチ",,301,"福岡県","福岡市中央区","今泉１丁目１６番１２号西坂ビル３階",,40,133,8100021,,,,,,,2015-10-05,1,,,,,"コンボイスイッチ",0
1304,6010401123426,12,0,2026-08-26,2026-08-21,"株式会社ユーアイトラスト",,301,"東京都","大田区","東蒲田１丁目５番８号ロボットハウス１０６号室",,13,111,1440031,,,,,,,2016-03-04,1,,,,,"ユーアイトラスト",0
1305,6010401143861,12,0,2026-08-26,2026-08-19,"ＦＭＣ株式会社",,301,"茨城県","猿島郡境町","１５９７",,08,546,3060433,,,,,,,2019-02-20,1,,,,,"エフエムシー",0
1306,6010401155485,11,0,2026-08-26,2026-07-24,"株式会社ｂ＆ｂ",,301,"東京都","港区","六本木３丁目１６－２６ハリファックスビル８Ｆ",,13,103,1060032,,,,,,,2020-09-30,1,,,,,"ビーアンドビー",0
1307,6010401172927,12,0,2026-08-26,2026-08-24,"株式会社５Ｓｔａｒ　Ｍｅｄｉｃａｌ　Ｃｌｕｂ",,301,"東京都","千代田区","有楽町１丁目８番１号",,13,101,1000006,,,,,,,2023-03-09,1,,,,,"ファイブスターメディカルクラブ",0
1308,6010401191332,12,0,2026-08-26,2026-07-15,"株式会社ＰＯＷＤＥＲＲＯＯＭ　ＪＡＰＡＮ",,301,"東京都","港区","南青山３丁目１番３号スプライン青山東急ビル６階",,13,103,1070062,,,,,,,2025-06-30,1,,,,,"パウダールームジャパン",0
1309,6010401196430,11,0,2026-08-26,2026-07-17,"株式会社ＨＡＢＩＢＩジャパン",,301,"東京都","港区","台場１丁目５番１号",,13,103,1350091,,,,,,,2026-02-09,1,,,,,"ハビビジャパン",0
1310,6010401201529,01,0,2026-08-26,2026-08-26,"株式会社ＫＡＮＭＵＬ",,301,"東京都","港区","六本木３丁目１６番１２号六本木ＫＳビル５Ｆ",,13,103,1060032,,,,,,,2026-08-26,1,,,,,"カンムル",0
1311,6010401201561,01,0,2026-08-26,2026-08-26,"株式会社六本木管理１７号",,301,"東京都","港区","六本木３丁目２番１号",,13,103,1060032,,,,,,,2026-08-26,1,,,,,"ロッポンギカンリジュウナナゴウ",0
1312,6010401201586,01,0,2026-08-26,2026-08-26,"株式会社Ｂｏｎｄ　ｃｒｅａｔｉｖｅ",,301,"東京都","港区","新橋４丁目３１番３号第３明和ビル５階",,13,103,1050004,,,,,,,2026-08-26,1,,,,,"ボンドクリエイティブ",0
1313,6010401201628,01,0,2026-08-26,2026-08-26,"Ｍｅｌｅｒｄｉｓ　Ｐａｒｔｎｅｒｓ株式会社",,301,"東京都","港区","六本木７丁目７－７Ｔｒｉ－ＳｅｖｅｎＲｏｐｐｏｎｇｉ８階",,13,103,1060032,,,,,,,2026-08-26,1,,,,,"メレルディスパートナーズ",0
1314,6010401201644,01,0,2026-08-26,2026-08-26,"株式会社Ｂｅｌｌｅｂｌａｎｃ",,301,"東京都","港区","六本木３丁目１６番１２号六本木ＫＳビル５階",,13,103,1060032,,,,,,,2026-08-26,1,,,,,"ベルブラン",0
1315,6010403022782,12,0,2026-08-26,2026-07-16,"合同会社潮風",,305,"東京都","港区","虎ノ門１丁目２番８号株式会社リエネ・エナジー内",,13,103,1050001,,,,,,,2020-04-09,1,,,,,"シオカゼ",0
1316,6010403022849,12,0,2026-08-26,2026-07-23,"ＲＪプラタナス２ＧＰ合同会社",,305,"東京都","港区","虎ノ門１丁目２番８号株式会社リエネ・エナジー内",,13,103,1050001,,,,,,,2020-04-17,1,,,,,"アールジェイプラタナスツージーピー",0
1317,6010403031321,12,0,2026-08-26,2026-08-21,"ＣＯＤＥ合同会社",,305,"東京都","渋谷区","恵比寿１丁目２０番４号",,13,113,1500013,,,,,,,2023-11-13,1,,,,,"コード",0
1318,6010403038928,01,0,2026-08-26,2026-08-26,"合同会社ＫＫＳ　Ｉｎｔｅｒｎａｔｉｏｎａｌ　Ｃｏｎｓｕｌｔｉｎｇ",,305,"東京都","港区","海岸１丁目２番２０号汐留ビルディング３Ｆ",,13,103,1050022,,,,,,,2026-08-26,1,,,,,"ケーケーエスインターナショナルコンサルティング",0
1319,6010501039571,12,0,2026-08-26,2026-08-21,"ニューライフホールディングス株式会社",,301,"神奈川県","川崎市川崎区","砂子２丁目１０番７号ルリエ川崎駅前４０２号",,14,131,2100006,,,,,,,2016-05-23,1,,,,,"ニューライフホールディングス",0
1320,6010501041131,12,0,2026-08-26,2026-08-21,"株式会社Ａｌｌ　Ｃｒｅｗ　Ｃｏｎｓｔｒｕｃｔｉｏｎ",,301,"東京都","江戸川区","平井５丁目１０－３ＨＳビル４０３号",,13,123,1320035,,,,,,,2017-05-30,1,,,,,"オールクルーコンストラクション",0
1321,6010501053382,12,0,2026-08-26,2026-08-21,"株式会社ユニブルー",,301,"東京都","板橋区","高島平４丁目３２番２号",,13,119,1750082,,,,,,,2024-12-26,1,,,,,"ユニブルー",0
1322,6010503008434,01,0,2026-08-26,2026-08-26,"ＴＩＭＥＬＥＳＳ　ＩＮＮＯＶＡＴＩＯＮ合同会社",,305,"東京都","台東区","元浅草４丁目４番１６－７０１号藤和シティホームズ元浅草",,13,106,1110041,,,,,,,2026-08-26,1,,,,,"タイムレスイノベーション",0
1323,6010505003747,01,0,2026-08-26,2026-08-26,"一般社団法人ＡｕｒｕｍＯｎｅ",,399,"東京都","台東区","池之端１丁目１番１号",,13,106,1100008,,,,,,,2026-08-26,1,,,,,"オーラムワン",0
1324,6010602011248,01,1,2026-08-26,2015-10-05,"有限会社小堀紙工",,302,"東京都","墨田区","菊川３丁目１２番３号",,13,107,1300024,,,,,,,2015-10-05,1,,,,,"コボリシコウ",0
1325,6010701029463,21,0,2026-08-26,2026-08-07,"株式会社エンゼルホーン",,301,"神奈川県","横浜市金沢区","大川７番４－９０１号",,14,108,2360043,,,2026-08-07,01,,,2015-10-05,1,,,,,"エンゼルホーン",0
1326,6010801037671,01,0,2026-08-26,2026-08-26,"株式会社ルシカグローバル",,301,"東京都","大田区","大森本町１丁目６番１号４階ＯＢＳ・Ａ－７号",,13,111,1430011,,,,,,,2026-08-26,1,,,,,"ルシカグローバル",0
1327,6010901007921,11,0,2026-08-26,2026-07-24,"株式会社ＨＡＺＵＭＩＮＧ",,301,"東京都","中央区","日本橋堀留町２丁目８番４号",,13,102,1030012,,,,,,,2015-10-05,1,,,,,"ハズミン",0
1328,6010901012112,21,0,2026-08-26,2026-08-10,"株式会社モトヤ商会",,301,"東京都","世田谷区","下馬１丁目３１番７号",,13,112,1540002,,,2026-08-10,01,,,2015-10-05,1,,,,,"モトヤショウカイ",0
1329,6010901021311,01,1,2026-08-26,2015-10-05,"株式会社ギャラリー・センバ",,301,"東京都","世田谷区","玉川台１丁目１１番２２号",,13,112,1580096,,,,,,,2015-10-05,0,,,,,"ギャラリーセンバ",0
1330,6010901021311,12,1,2026-08-26,2026-08-17,"株式会社ギャラリー・センバ",,301,"東京都","世田谷区","用賀４丁目２３番１２号",,13,112,1580097,,,,,,,2015-10-05,1,,,,,"ギャラリーセンバ",0
1331,6011001123584,01,1,2026-08-26,2018-08-10,"カメチョ株式会社",,301,"東京都","渋谷区","東３丁目１５番７号",,13,113,1500011,,,,,,,2018-08-10,0,,,,,"カメチョ",0
1332,6011001123584,11,1,2026-08-26,2021-09-02,"ＤＸレスキュー株式会社",,301,"東京都","渋谷区","東３丁目１５番７号",,13,113,1500011,,,,,,,2018-08-10,0,,,,,,0
1333,6011001123584,12,1,2026-08-26,2021-09-24,"ＤＸレスキュー株式会社",,301,"東京都","豊島区","南大塚２丁目２５番１５号",,13,116,1700005,,,,,,,2018-08-10,1,,,,,,0
1334,6011001132809,12,0,2026-08-26,2026-08-21,"株式会社　Ｃｈｅｒｒｙ　Ｍｕｍ",,301,"東京都","港区","高輪３丁目７番８号西町ビル１階",,13,103,1080074,,,,,,,2020-03-10,1,,,,,"チェリーマム",0
1335,6011001168308,12,0,2026-08-26,2026-08-24,"株式会社ＴＳＵＭＵＧＵ",,301,"東京都","品川区","上大崎２丁目１７番６号",,13,109,1410021,,,,,,,2025-03-21,1,,,,,"ツムグ",0
1336,6011002019559,21,0,2026-08-26,2026-07-31,"有限会社セサモイド",,302,"東京都","新宿区","新宿７丁目２７－３クリオ東新宿壱番館４０２号",,13,104,1600022,,,2026-07-31,01,,,2015-10-05,1,,,,,"セサモイド",0
1337,6011003025201,01,0,2026-08-26,2026-08-26,"Ｋｅｉ合同会社",,305,"東京都","渋谷区","富ヶ谷２丁目２番１７号",,13,113,1510063,,,,,,,2026-08-26,1,,,,,"ケイ",0
1338,6011101046603,11,0,2026-08-26,2026-07-15,"株式会社ダイブグループ",,301,"東京都","新宿区","新宿２丁目１番１２号ＰＭＯ新宿御苑前２階",,13,104,1600022,,,,,,,2015-10-05,1,,,,,"ダイブグループ",0
1339,6011101056131,12,0,2026-08-26,2026-07-31,"株式会社ハナミスイ",,301,"東京都","新宿区","西新宿６丁目１５番１号セントラルパークタワー・ラ・トゥール新宿６０７号室",,13,104,1600023,,,,,,,2015-10-05,1,"Hanamisui Co.,Ltd.","Tokyo","Central park tower Latour Shinjuku 609,6-15-1,Nishi-Shinjuku, Shinjuku ku",,"ハナミスイ",0
1340,6011101077375,01,1,2026-08-26,2016-06-22,"株式会社ＫＴＳジャパン",,301,"東京都","新宿区","西早稲田１丁目１番５号",,13,104,1690051,,,,,,,2016-06-22,1,,,,,"ケーティーエスジャパン",0
1341,6011101117239,01,0,2026-08-26,2026-08-26,"株式会社ユタメディア",,301,"東京都","新宿区","早稲田鶴巻町３０１番地",,13,104,1620041,,,,,,,2026-08-26,1,,,,,"ユタメディア",0
1342,6011103017890,01,0,2026-08-26,2026-08-26,"ＡＩ’ｓ合同会社",,305,"東京都","新宿区","西新宿６丁目５番１号新宿アイランドタワー２階",,13,104,1600023,,,,,,,2026-08-26,1,,,,,"アイズ",0
1343,6011201023584,01,1,2026-08-26,2022-01-26,"株式会社キラスター",,301,"東京都","中野区","白鷺２丁目２番１１号－３",,13,114,1650035,,,,,,,2022-01-26,1,,,,,,0
1344,6011301031743,01,0,2026-08-26,2026-08-26,"株式会社ＯＴメンテナンス",,301,"東京都","杉並区","和田１丁目３５番５号",,13,115,1660012,,,,,,,2026-08-26,1,,,,,"オーティーメンテナンス",0
1345,6011601012303,01,1,2026-08-26,2015-10-05,"株式会社今野工業",,301,"東京都","練馬区","大泉町３丁目２２番９号",,13,120,1780062,,,,,,,2015-10-05,1,,,,,"コンノコウギョウ",0
1346,6011601025271,12,0,2026-08-26,2026-08-21,"株式会社Ｎａｇａｒａ",,301,"東京都","渋谷区","渋谷２丁目１４‐１３岡崎ビル９１０",,13,113,1500002,,,,,,,2021-07-16,1,,,,,"ナガラ",0
1347,6012403007945,01,0,2026-08-26,2026-08-26,"合同会社Ａｉｎｓｔａｎｓ",,305,"東京都","小金井市","梶野町１丁目２番３６号東小金井事業創造センターＫＯ－ＴＯ内",,13,210,1840002,,,,,,,2026-08-26,1,,,,,"アインスタンス",0
1348,6012705002173,12,0,2026-08-26,2026-07-27,"フロン回収・破壊協同組合",,399,"東京都","新宿区","西新宿３丁目７番２７号",,13,104,1600023,,,,,,,2019-09-27,1,,,,,"フロンカイシュウハカイ",0
1349,6012801017686,01,1,2026-08-26,2016-12-14,"株式会社ＭＡＲＳ",,301,"東京都","昭島市","玉川町２丁目４番１０－１０２号",,13,207,1960034,,,,,,,2016-12-14,1,,,,,"マース",0
1350,6012801024930,01,0,2026-08-26,2026-08-26,"株式会社ケートス",,301,"東京都","昭島市","中神町２丁目２５番２４号",,13,207,1960022,,,,,,,2026-08-26,1,,,,,"ケートス",0
1351,6012803004170,01,0,2026-08-26,2026-08-26,"アルコンアソシエイツ合同会社",,305,"東京都","日野市","旭が丘５丁目１２の１５",,13,212,1910065,,,,,,,2026-08-26,1,,,,,"アルコンアソシエイツ",0
1352,6013101010092,01,0,2026-08-26,2026-08-26,"エンバー東京株式会社",,301,"東京都","青梅市","河辺町８丁目１０番地の６－１０１",,13,205,1980036,,,,,,,2026-08-26,1,,,,,"エンバートウキョウ",0
1353,6013301027721,01,1,2026-08-26,2015-10-05,"Ａ・Ｉ株式会社",,301,"東京都","豊島区","東池袋２丁目６２番９号",,13,116,1700013,,,,,,,2015-10-05,1,,,,,"エイアイ",0
1354,6013301034338,01,1,2026-08-26,2015-10-05,"株式会社アテンド",,301,"東京都","豊島区","西池袋２丁目１６番１８号ブライトンハウス２０１号",,13,116,1710021,,,,,,,2015-10-05,0,,,,,"アテンド",0
1355,6013301034338,12,1,2026-08-26,2026-08-24,"株式会社アテンド",,301,"東京都","豊島区","要町１丁目１０－８Ｄｏｍｕｓ．Ｋ１０２",,13,116,1710043,,,,,,,2015-10-05,1,,,,,"アテンド",0
1356,6013301055053,12,0,2026-08-26,2026-08-19,"ＳＺキャピタル株式会社",,301,"東京都","豊島区","東池袋２丁目５０番１３号ひすい研究会東池袋ビル６階",,13,116,1700013,,,,,,,2025-10-10,1,,,,,"エスゼットキャピタル",0
1357,6013301056159,01,1,2026-08-26,2026-05-14,"株式会社ＬｉｎｋＮｅｓｔ",,301,"東京都","豊島区","北大塚２丁目１０番７号アンヌーボ２０１号室",,13,116,1700004,,,,,,,2026-05-14,0,"Link Nest inc.","Tokyo","Room 201, Annuvo,2-10-7 Kita-Otsuka, Toshima-ku",,,0
1358,6013301056159,12,1,2026-08-26,2026-08-21,"株式会社ＬｉｎｋＮｅｓｔ",,301,"東京都","豊島区","東池袋２丁目６２番８号ＢＩＧオフィスプラザ池袋１２０６",,13,116,1700013,,,,,,,2026-05-14,1,"Link Nest inc.",,,,,0
1359,6013302003597,01,1,2026-08-26,2015-10-05,"有限会社コンフォート駒込",,302,"東京都","豊島区","駒込１丁目４０番４号",,13,116,1700003,,,,,,,2015-10-05,1,,,,,"コンフォートコマゴメ",0
1360,6020001012937,21,0,2026-08-26,2026-08-05,"三星金属株式会社",,301,"神奈川県","横浜市南区","日枝町１丁目１番地",,14,105,2320011,,,2026-08-05,01,,,2015-10-05,1,,,,,"ミツボシキンゾク",0
1361,6020001048972,01,1,2026-08-26,2015-10-05,"株式会社ワイズ",,301,"神奈川県","横浜市緑区","北八朔町１０５番地１",,14,113,2260021,,,,,,,2015-10-05,1,,,,,"ワイズ",0
1362,6020001098332,12,0,2026-08-26,2026-08-21,"株式会社バリエンテジャパン",,301,"千葉県","市川市","原木３丁目５番６号",,12,203,2720004,,,,,,,2015-10-05,1,,,,,"バリエンテジャパン",0
1363,6020001110344,01,1,2026-08-26,2015-10-05,"株式会社ＤＥＳＩＧＮ　ＦＯＲ　ＩＮＤＵＳＴＲＹ",,301,"神奈川県","横浜市青葉区","桂台２丁目１４番地１２",,14,117,2270034,,,,,,,2015-10-05,1,,,,,"デザインフォーインダストリー",0
1364,6020001154564,12,0,2026-08-26,2026-08-24,"株式会社ニシダイ",,301,"茨城県","水戸市","千波町１９６１－１",,08,201,3100851,,,,,,,2023-11-22,1,,,,,"ニシダイ",0
1365,6020001156247,21,0,2026-08-26,2026-08-05,"株式会社日商",,301,"神奈川県","横浜市西区","東ケ丘１３番地２６",,14,103,2200033,,,2026-08-05,01,,,2024-03-18,1,,,,,"ニッショウ",0
1366,6020002039657,12,0,2026-08-26,2026-08-06,"有限会社林屋",,302,"神奈川県","横浜市鶴見区","東寺尾４丁目１６番３０号",,14,101,2300077,,,,,,,2015-10-05,1,,,,,"ハヤシヤ",0
1367,6020002074547,12,0,2026-08-26,2026-08-21,"有限会社ヒューマンドリームネットワーク",,302,"東京都","豊島区","南池袋２丁目４５番２－３７１０号",,13,116,1710022,,,,,,,2015-10-05,1,,,,,"ヒューマンドリームネットワーク",0
1368,6020003005518,11,0,2026-08-26,2026-08-03,"松下塗装株式会社",,301,"神奈川県","川崎市川崎区","塩浜３丁目２８番１５号",,14,131,2100826,,,,,,,2015-10-05,1,,,,,"マツシタトソウ",0
1369,6020003018726,21,0,2026-08-26,2026-08-04,"リドリア合同会社",,305,"神奈川県","横浜市西区","高島２丁目１１番２号スカイメナー横浜５１９",,14,103,2200011,,,2026-08-04,01,,,2020-10-30,1,,,,,"リドリア",0
1370,6020003021829,12,0,2026-08-26,2026-07-22,"ＣＬＶ開発合同会社",,305,"神奈川県","横浜市西区","北幸２丁目１０番４８号むつみビル３階",,14,103,2200004,,,,,,,2022-06-15,1,,,,,"シーエルブイカイハツ",0
1371,6020003030961,12,0,2026-08-26,2026-08-20,"合同会社カフェサポート",,305,"大阪府","大阪市淀川区","加島１丁目２番３－２０８号",,27,123,5320031,,,,,,,2026-05-12,1,,,,,"カフェサポート",0
1372,6020005010235,12,0,2026-08-26,2026-08-03,"一般社団法人神奈川県経営管理センター",,399,"神奈川県","横浜市中区","港町５丁目１８大和地所関内港町ビル２Ｆ",,14,104,2310017,,,,,,,2015-10-05,1,,,,,"カナガワケンケイエイカンリセンター",0
1373,6020005017379,01,0,2026-08-26,2026-08-26,"一般財団法人オリーブ",,399,"神奈川県","横浜市栄区","飯島町２４４１番地１０",,14,115,2440842,,,,,,,2026-08-26,1,,,,,"オリーブ",0
1374,6021001035192,12,0,2026-08-26,2026-07-27,"株式会社つばめ薬局",,301,"神奈川県","横須賀市","長沢３丁目１－２６",,14,201,2390842,,,,,,,2015-10-05,1,,,,,"ツバメヤッキョク",0
1375,6021001088901,01,0,2026-08-26,2026-08-26,"株式会社Ａｑｕａ　Ｐｏｒｔａ",,301,"神奈川県","藤沢市","用田６３４－１Ｆ",,14,205,2520821,,,,,,,2026-08-26,1,,,,,"アクアポルタ",0
1376,6021002070742,12,0,2026-08-26,2026-08-21,"有限会社ブーンイングリッシュサービス",,302,"東京都","豊島区","目白４丁目７番１４号",,13,116,1710031,,,,,,,2015-10-05,1,,,,,"ブーンイングリッシュサービス",0
1377,6021003017214,12,0,2026-08-26,2026-08-07,"合同会社うごくみらい",,305,"神奈川県","鎌倉市","腰越３丁目３－７",,14,204,2480033,,,,,,,2026-03-12,1,,,,,"ウゴクミライ",0
1378,6021005013681,01,0,2026-08-26,2026-08-26,"社会保険労務士法人中央労務",,399,"神奈川県","横須賀市","大滝町２丁目３番地吉井ビル６階",,14,201,2380008,,,,,,,2026-08-26,1,,,,,"チュウオウロウム",0
1379,6030001024411,71,0,2026-08-26,2026-08-03,"株式会社ＫＳＳ",,301,"埼玉県","所沢市","松葉町３番１号",,11,208,3590044,,,,,,"令和８年８月１日茨城県つくば市上ノ室２１６６番地３常総警備保障株式会社（7050001015663）を合併",2015-10-05,1,,,,,"ケイエスエス",0
1380,6030001068367,21,0,2026-08-26,2026-08-10,"株式会社ＺＥＲＯペイント",,301,"埼玉県","北葛飾郡松伏町","大字下赤岩古川端９２番１",,11,465,3430116,,,2026-08-10,01,,,2015-10-05,1,,,,,"ゼロペイント",0
1381,6030001071866,01,1,2026-08-26,2015-10-05,"株式会社原口商事",,301,"埼玉県","比企郡吉見町","大字御所４７４番地１",,11,347,3550151,,,,,,,2015-10-05,1,,,,,"ハラグチショウジ",0
1382,6030001074290,01,1,2026-08-26,2015-10-05,"株式会社カキシマトゥエンティワン",,301,"埼玉県","川口市","大字西立野字道上７２８番地１",,11,203,3330813,,,,,,,2015-10-05,1,,,,,"カキシマトゥエンティワン",0
1383,6030001137246,12,0,2026-08-26,2026-08-10,"株式会社Ｈａｐｐｙ　Ｐｌａｃｅ",,301,"埼玉県","草加市","栄町２丁目１２番１号ステーションプラザビル３０１",,11,221,3400011,,,,,,,2020-07-07,1,,,,,"ハッピープレイス",0
1384,6030001154571,11,0,2026-08-26,2026-08-03,"株式会社Ｔ‐ＬＩＮＥ",,301,"埼玉県","上尾市","向山２丁目３９番地１",,11,219,3620045,,,,,,,2023-06-27,1,,,,,,0
1385,6030001162954,12,0,2026-08-26,2026-08-20,"天照らす株式会社",,301,"千葉県","柏市","布施新町４丁目２２番１１号",,12,217,2770823,,,,,,,2024-10-18,1,,,,,"テンテラス",0
1386,6030001173935,01,0,2026-08-26,2026-08-26,"株式会社Ｒｅｘ",,301,"埼玉県","鴻巣市","袋１７４９番地９",,11,217,3690131,,,,,,,2026-08-26,1,,,,,"レックス",0
1387,6030002054507,21,0,2026-08-26,2026-08-10,"有限会社トレージャー",,302,"埼玉県","上尾市","大字瓦葺７２１番地",,11,219,3620022,,,2026-08-10,01,,,2015-10-05,1,,,,,"トレージャー",0
1388,6030002105912,21,0,2026-08-26,2026-08-10,"有限会社沼口塗装",,302,"埼玉県","川口市","中青木２丁目２番２１号",,11,203,3320032,,,2026-08-10,01,,,2015-10-05,1,,,,,"ヌマグチトソウ",0
1389,6040001010906,21,0,2026-08-26,2026-08-05,"須藤自動車工業株式会社",,301,"千葉県","千葉市若葉区","貝塚町１５４１番地１",,12,104,2640023,,,2026-08-05,01,,,2015-10-05,1,,,,,,0
1390,6040001042965,01,1,2026-08-26,2015-10-05,"株式会社星美工業",,301,"千葉県","成田市","西三里塚１番地８２９",,12,211,2860115,,,,,,,2015-10-05,1,,,,,"ホシミコウギョウ",0
1391,6040001057666,12,0,2026-08-26,2026-08-04,"株式会社アイビー・クラフト",,301,"千葉県","千葉市美浜区","高浜４丁目１０番１１棟５０３号",,12,106,2610003,,,,,,,2015-10-05,1,,,,,"アイビークラフト",0
1392,6040001059118,01,1,2026-08-26,2015-10-05,"株式会社カトウ",,301,"千葉県","茂原市","茂原１５６番地",,12,210,2970026,,,,,,,2015-10-05,1,,,,,"カトウ",0
1393,6040001085808,01,1,2026-08-26,2015-10-05,"株式会社かがやす",,301,"千葉県","松戸市","本町１７番地の２０",,12,207,2710091,,,,,,,2015-10-05,1,,,,,"カガヤス",0
1394,6040001126660,12,0,2026-08-26,2026-08-05,"株式会社ＨｔｏＥ",,301,"千葉県","千葉市若葉区","加曽利町１６７１－１リュウショウ加曽利１０１",,12,104,2640017,,,,,,,2023-01-16,1,,,,,"エイチトゥーイー",0
1395,6040001145000,01,0,2026-08-26,2026-08-26,"株式会社ＷＦＩ",,301,"千葉県","千葉市中央区","中央４丁目５番１号Ｑｉｂａｌｌ（きぼーる）２Ｆ",,12,101,2600013,,,,,,,2026-08-26,1,,,,,"ダブリューエフアイ",0
1396,6040003012990,12,0,2026-08-26,2026-08-21,"合同会社Ｋ’ｓ　Ｓｔｙｌｅ．",,305,"熊本県","菊池市","片角３２６番地６",,43,210,8611307,,,,,,,2019-03-11,1,,,,,"ケーズスタイル",0
1397,6040003030547,01,0,2026-08-26,2026-08-26,"ＳｔａｙＭｏｈｒ合同会社",,305,"千葉県","八街市","榎戸４０７番地１４５",,12,230,2891106,,,,,,,2026-08-26,1,,,,,"ステイモア",0
1398,6040003030621,01,0,2026-08-26,2026-08-26,"合同会社ＴＯＲＡＣＣＯ",,305,"千葉県","船橋市","薬円台４丁目７番１号薬園台ハイツ１号棟５０２",,12,204,2740077,,,,,,,2026-08-26,1,,,,,"トラッコ",0
1399,6040005011710,12,0,2026-08-26,2026-08-03,"栗山川漁業協同組合",,399,"千葉県","香取郡多古町","船越２０３０番地",,12,347,2892244,,,,,,,2015-10-05,1,,,,,"クリヤマガワ",0
1400,6050001015615,01,1,2026-08-26,2015-10-05,"株式会社広伸",,301,"茨城県","つくば市","下広岡１０５５番地５０８",,08,220,3050042,,,,,,,2015-10-05,1,,,,,"コウシン",0
1401,6050001021654,01,1,2026-08-26,2015-10-05,"株式会社ワカマキリース",,301,"茨城県","潮来市","延方５１９７番地",,08,223,3112415,,,,,,,2015-10-05,1,,,,,"ワカマキリース",0
1402,6050002037105,21,0,2026-08-26,2026-08-20,"有限会社Ｔ２Ｙ",,302,"茨城県","守谷市","野木崎１８５３番地",,08,224,3020117,,,2026-08-20,01,,,2015-10-05,1,,,,,"ティーツーワイ",0
1403,6050003010341,01,0,2026-08-26,2026-08-26,"オリナスリンク合同会社",,305,"茨城県","水戸市","酒門町４８７９番地の８",,08,201,3100841,,,,,,,2026-08-26,1,,,,,"オリナスリンク",0
1404,6060001039555,01,0,2026-08-26,2026-08-26,"株式会社Ｒｅ．Ｂｌｏｏｍ",,301,"栃木県","宇都宮市","平松本町１２１８番地３",,09,201,3210932,,,,,,,2026-08-26,1,,,,,"リブルーム",0
1405,6060005010462,01,0,2026-08-26,2026-08-26,"ＮＰＯ法人ＭＩＲＡＩ　ＦＯＵＮＤＡＴＩＯＮ",,399,"栃木県","栃木市","大平町横堀２５６",,09,203,3294411,,,,,,,2026-08-26,1,,,,,"ミライファンデーション",0
1406,6070001044439,01,0,2026-08-26,2026-08-26,"Ｓｅｅ　ｂｙ　Ｍ＆Ａ　ＨＯＬＤＩＮＧＳ株式会社",,301,"群馬県","北群馬郡榛東村","大字長岡２５７番地",,10,344,3703501,,,,,,,2026-08-26,1,,,,,"シーバイエムアンドエーホールディングス",0
1407,6070003006577,01,0,2026-08-26,2026-08-26,"ＲＡＺＡ　ＴＲＡＤＩＮＧ合同会社",,305,"群馬県","太田市","岩瀬川町５７５番地１ビケンハウスＤ棟",,10,205,3730841,,,,,,,2026-08-26,1,,,,,"ラザトレーディング",0
1408,6080001024464,12,0,2026-08-26,2026-07-28,"株式会社ＡＮＴＩＤＯＴＥ",,301,"東京都","品川区","南品川４丁目８番４号アプリコットハイツ３０１号",,13,109,1400004,,,,,,,2021-10-04,1,,,,,"アンティドート",0
1409,6080001027756,01,0,2026-08-26,2026-08-26,"株式会社プレジール",,301,"静岡県","静岡市清水区","長崎南町１１番１６－１号",,22,103,4240068,,,,,,,2026-08-26,1,,,,,"プレジール",0
1410,6080401011186,01,1,2026-08-26,2015-10-05,"杉屋株式会社",,301,"静岡県","浜松市中区","葵西５丁目６番３７号",,22,131,4338111,,,,,,,2015-10-05,0,,,,,"スギヤ",0
1411,6080401011186,12,1,2026-08-26,2024-01-04,"杉屋株式会社",,301,"静岡県","浜松市中央区","葵西５丁目６番３７号",,22,138,4338111,,,,,,,2015-10-05,1,,,,,"スギヤ",0
1412,6100001005247,12,0,2026-08-26,2026-08-24,"株式会社明進",,301,"長野県","長野市","大字南長池５５３番地１",,20,201,3810024,,,,,,,2015-10-05,1,,,,,"メイシン",0
1413,6100001034023,12,0,2026-08-26,2026-08-25,"株式会社ＫＩＭＵＲＡ",,301,"長野県","中野市","大字三ツ和１３０９番地３",,20,211,3830043,,,,,,,2021-03-04,1,,,,,"キムラ",0
1414,6100002035879,12,0,2026-08-26,2026-08-03,"宇佐美不動産有限会社",,302,"長野県","飯田市","上郷黒田４６５番地１コーポ美くに２－Ａ",,20,205,3950004,,,,,,,2015-10-05,1,,,,,"ウサミフドウサン",0
1415,6100005013535,01,0,2026-08-26,2026-08-26,"一般社団法人コミュニケーションデザインＬａｂ",,399,"長野県","小諸市","大字御影新田２１２１番地１３",,20,208,3840808,,,,,,,2026-08-26,1,,,,,"コミュニケーションデザインラボ",0
1416,6110001027694,01,1,2026-08-26,2015-10-05,"松前海運株式会社",,301,"新潟県","佐渡市","両津夷２６８番地３",,15,224,9520011,,,,,,,2015-10-05,1,,,,,"マツサキカイウン",0
1417,6110001031713,01,1,2026-08-26,2016-08-03,"株式会社Ｈｏｐｅ",,301,"新潟県","新潟市中央区","新和３丁目１８番１５号",,15,103,9500972,,,,,,,2016-08-03,1,,,,,"ホープ",0
1418,6120001025813,01,1,2026-08-26,2015-10-05,"立正甲斐商事株式会社",,301,"大阪府","大阪市中央区","東平２丁目５番２号",,27,128,5420063,,,,,,,2015-10-05,1,,,,,"リッショウカイショウジ",0
1419,6120001028840,01,1,2026-08-26,2015-10-05,"株式会社桑田商店",,301,"大阪府","大阪市港区","八幡屋２丁目９番２号",,27,107,5520014,,,,,,,2015-10-05,1,,,,,"クワダショウテン",0
1420,6120001114426,01,1,2026-08-26,2015-10-05,"株式会社日本税理士紹介センター",,301,"大阪府","大阪市中央区","大手通１丁目１番２号",,27,128,5400021,,,,,,,2015-10-05,0,,,,,"ゼイリシショウカイセンター",0
1421,6120001114426,12,1,2026-08-26,2016-03-28,"株式会社日本税理士紹介センター",,301,"大阪府","大阪市中央区","内本町１丁目２番１５号",,27,128,5400026,,,,,,,2015-10-05,0,,,,,"ゼイリシショウカイセンター",0
1422,6120001114426,12,1,2026-08-26,2020-11-27,"株式会社日本税理士紹介センター",,301,"東京都","新宿区","新宿４丁目３番１７号ＦＯＲＥＣＡＳＴ新宿ＳＯＵＴＨ３階",,13,104,1600022,,,,,,,2015-10-05,0,,,,,"ゼイリシショウカイセンター",0
1423,6120001114426,12,1,2026-08-26,2023-12-19,"株式会社日本税理士紹介センター",,301,"東京都","新宿区","西新宿３丁目３番１３号西新宿水間ビル２Ｆ",,13,104,1600023,,,,,,,2015-10-05,1,,,,,"ゼイリシショウカイセンター",0
1424,6120001166079,01,1,2026-08-26,2015-10-05,"株式会社スリーＣ",,301,"大阪府","大阪市西区","西本町１丁目８番２号",,27,106,5500005,,,,,,,2015-10-05,1,,,,,"スリーシー",0
1425,6120001235528,21,0,2026-08-26,2026-08-21,"株式会社帝貴工業",,301,"大阪府","大阪市生野区","小路東２丁目１番１２－５０７号",,27,116,5440003,,,2026-08-21,01,,,2021-02-26,1,,,,,"テイキコウギョウ",0
1426,6120001271622,12,0,2026-08-26,2026-08-24,"株式会社Ｅｍｍａｒｉ",,301,"大阪府","富田林市","喜志町３丁目１番２２号",,27,214,5840005,,,,,,,2025-01-08,1,,,,,"エマリー",0
1427,6120001288666,01,0,2026-08-26,2026-08-26,"Ｍ　ＲＹＺＥ　ＳＴＵＤＩＯ株式会社",,301,"大阪府","大阪市平野区","加美東１丁目３－１９",,27,126,5470002,,,,,,,2026-08-26,1,,,,,"エムライズスタジオ",0
1428,6120001288716,01,0,2026-08-26,2026-08-26,"株式会社カイト",,301,"大阪府","寝屋川市","末広町２０番４５号",,27,215,5720009,,,,,,,2026-08-26,1,,,,,"カイト",0
1429,6120001288724,01,0,2026-08-26,2026-08-26,"株式会社豊嘉門",,301,"大阪府","大阪市浪速区","敷津西２丁目４番１号パレ・カルフール５０２号",,27,111,5560015,,,,,,,2026-08-26,1,,,,,"ホウカモン",0
1430,6120001288740,01,0,2026-08-26,2026-08-26,"株式会社アールテック",,301,"大阪府","大阪市住之江区","南加賀屋４丁目５番２０－４０７号",,27,125,5590015,,,,,,,2026-08-26,1,,,,,"アールテック",0
1431,6120003033343,01,0,2026-08-26,2026-08-26,"ＲＨＣ研究所合同会社",,305,"大阪府","大阪市阿倍野区","松虫通１丁目３番１１－１０２号",,27,119,5450043,,,,,,,2026-08-26,1,,,,,"アールエイチシーケンキュウジョ",0
1432,6120101025374,01,1,2026-08-26,2015-10-05,"株式会社大同技建",,301,"大阪府","松原市","三宅中３丁目１４番２５号",,27,217,5800046,,,,,,,2015-10-05,1,,,,,"ダイドウギケン",0
1433,6120101041999,01,1,2026-08-26,2015-10-05,"株式会社桃田",,301,"大阪府","和泉市","府中町３丁目１番２号",,27,219,5940071,,,,,,,2015-10-05,1,,,,,"モモタ",0
1434,6120103005556,11,0,2026-08-26,2026-08-21,"株式会社ＷＩＮＧＯＯＤ",,301,"大阪府","堺市東区","引野町１丁２７番地９",,27,143,5998104,,,,,,,2023-12-05,1,,,,,"ウィングッド",0
1435,6120901011243,01,1,2026-08-26,2015-10-05,"谷川金物株式会社",,301,"大阪府","高槻市","芥川町２丁目１３番４号",,27,207,5691123,,,,,,,2015-10-05,1,,,,,"タニガワカナモノ",0
1436,6120901038328,12,0,2026-08-26,2026-08-24,"豊栄エンジニアリング株式会社",,301,"大阪府","吹田市","岸部中３丁目１番１４号",,27,205,5640002,,,,,,,2017-04-18,1,,,,,"ホウエイエンジニアリング",0
1437,6120901052956,12,0,2026-08-26,2026-08-24,"株式会社幸育",,301,"大阪府","摂津市","鳥飼野々１丁目３０番６号ＴＫ０１ＴＯＲＩＫＡＩ２階",,27,224,5660053,,,,,,,2026-07-15,1,,,,,"コウイク",0
1438,6120901053104,01,0,2026-08-26,2026-08-26,"豊田アセットホールディングス株式会社",,301,"大阪府","吹田市","新芦屋上９番２１号",00144731,27,205,5650804,,,,,,,2026-08-26,1,,,,,"トヨダアセットホールディングス",0
1439,6120901053112,01,0,2026-08-26,2026-08-26,"株式会社プライムアシュアランス",,301,"大阪府","吹田市","山田市場９番１－７１７号",,27,205,5650822,,,,,,,2026-08-26,1,,,,,"プライムアシュアランス",0
1440,6120902021349,12,0,2026-08-26,2026-08-21,"有限会社ＰＡＧ",,302,"大阪府","大阪市西区","江戸堀１丁目２０番９号",,27,106,5500002,,,,,,,2015-10-05,1,,,,,"パグ",0
1441,6120903006365,01,0,2026-08-26,2026-08-26,"合同会社しいやの木",,305,"大阪府","高槻市","古曽部町１丁目２２－１６",,27,207,5691115,,,,,,,2026-08-26,1,,,,,"シイヤノキ",0
1442,6122001016981,01,1,2026-08-26,2015-10-05,"株式会社共有",,301,"大阪府","大東市","大東町１０番２２号",,27,218,5740061,,,,,,,2015-10-05,1,,,,,"キョウユウ",0
1443,6130001024616,71,0,2026-08-26,2026-08-05,"株式会社ＯＶＯ",,301,"京都府","京都市下京区","因幡堂町６５５番地",,26,106,6008415,,,,,,"令和８年８月１日京都市下京区因幡堂町６５５番地株式会社スタイルガーデン（2120001191923）を合併",2015-10-05,1,,,,,"オーヴォ",0
1444,6130001052872,12,0,2026-08-26,2026-07-31,"株式会社ＩＣＨＩＤＡ",,301,"京都府","京都市上京区","河原町通荒神口上る荒神町１１５番地２",,26,102,6020856,,,,,,,2015-10-05,1,,,,,"イチダ",0
1445,6130001061667,01,1,2026-08-26,2018-03-09,"バーベナコーポレーション株式会社",,301,"京都府","京都市左京区","下鴨北園町２０番地３",,26,103,6060831,,,,,,,2018-03-09,1,,,,,"バーベナコーポレーション",0
1446,6130001082837,01,0,2026-08-26,2026-08-26,"株式会社ＬＵＬＵ",,301,"京都府","京都市伏見区","竹田桶ノ井町３０番地",,26,109,6128421,,,,,,,2026-08-26,1,,,,,"ルル",0
1447,6130005010521,01,1,2026-08-26,2015-10-05,"医療法人社団耳鼻咽喉科星谷医院",,399,"京都府","綾部市","広小路３丁目５０番地",,26,203,6230063,,,,,,,2015-10-05,1,,,,,"ジビインコウカホシタニイイン",0
1448,6140001023187,21,0,2026-08-26,2026-08-10,"株式会社ティ・エイチ・マネージメント",,301,"兵庫県","神戸市長田区","細田町４丁目１番２３号",,28,106,6530835,,,2026-08-10,11,2140001018629,"令和８年７月３１日神戸市長田区細田町四丁目１番２３号東豊物産株式会社（2140001018629）に合併し解散",2015-10-05,1,,,,,"ティエイチマネージメント",0
1449,6140001042393,21,0,2026-08-26,2026-08-10,"株式会社キャリーアウト",,301,"兵庫県","神戸市長田区","細田町４丁目１番２３号",,28,106,6530835,,,2026-08-10,11,2140001018629,"令和８年７月３１日神戸市長田区細田町四丁目１番２３号東豊物産株式会社（2140001018629）に合併し解散",2015-10-05,1,,,,,"キャリーアウト",0
1450,6140001069759,01,1,2026-08-26,2015-10-05,"日創エンジニアリング株式会社",,301,"兵庫県","西宮市","小松西町２丁目６番４６－５１４号",,28,204,6638125,,,,,,,2015-10-05,1,,,,,"ニッソウエンジニアリング",0
1451,6140001143844,01,0,2026-08-26,2026-08-26,"大久保商事株式会社",,301,"兵庫県","明石市","硯町３丁目１０番５２号",,28,203,6730028,,,,,,,2026-08-26,1,,,,,"オオクボショウジ",0
1452,6140002010440,21,0,2026-08-26,2026-08-19,"有限会社マエキタ不動産",,302,"兵庫県","神戸市北区","有野町有野１６０７番地",,28,109,6511312,,,2026-08-19,01,,,2015-10-05,1,,,,,"マエキタフドウサン",0
1453,6140003000622,21,0,2026-08-26,2026-08-18,"合名会社今村金物店",,303,"兵庫県","神戸市長田区","大道通３丁目７番地まぁぶるおおみち２０１号",,28,106,6530833,,,2026-08-18,01,,,2015-10-05,1,,,,,"イマムラカナモノテン",0
1454,6140003024019,01,0,2026-08-26,2026-08-26,"播磨合同会社",,305,"兵庫県","三木市","緑が丘町西３丁目１７－１",,28,215,6730531,,,,,,,2026-08-26,1,,,,,"ハリマ",0
1455,6140003024035,01,0,2026-08-26,2026-08-26,"合同会社中村パブロ",,305,"兵庫県","川西市","鴬台２丁目２４－９",,28,217,6660133,,,,,,,2026-08-26,1,,,,,"ナカムラパブロ",0
1456,6140005017994,01,1,2026-08-26,2015-10-05,"医療法人社団野村耳鼻咽喉科医院",,399,"兵庫県","伊丹市","中央４丁目１番５号",,28,207,6640851,,,,,,,2015-10-05,1,,,,,,0
1457,6140005028034,01,0,2026-08-26,2026-08-26,"司法書士法人二ノ丸事務所",,399,"兵庫県","神戸市中央区","中町通３丁目１番８号５０４号室",,28,110,6500027,,,,,,,2026-08-26,1,,,,,"ニノマルジムショ",0
1458,6150001029200,01,0,2026-08-26,2026-08-26,"株式会社Ｋ‐ｓｔｙｌｅ",,301,"奈良県","北葛城郡王寺町","久度５丁目４番１２号",,29,425,6360003,,,,,,,2026-08-26,1,,,,,"ケースタイル",0
1459,6150005009487,11,0,2026-08-26,2026-08-06,"行政書士法人奈良総合事務所",,399,"奈良県","奈良市","杉ヶ町３３番地３フクダ不動産奈良駅クリスタルビル４０２",,29,201,6308357,,,,,,,2023-06-07,1,,,,,"ナラソウゴウジムショ",0
1460,6160001027871,01,0,2026-08-26,2026-08-26,"ＳＦＳＴ００３株式会社",,301,"滋賀県","近江八幡市","堀上町１５９番地１５",,25,204,5230031,,,,,,,2026-08-26,1,,,,,"エスエフエスティゼロゼロサン",0
1461,6170001000209,01,1,2026-08-26,2015-10-05,"石橋電子株式会社",,301,"和歌山県","和歌山市","園部１２３９番地の１６",,30,201,6408483,,,,,,,2015-10-05,1,,,,,"イシバシデンシ",0
1462,6170001006544,21,0,2026-08-26,2026-08-24,"株式会社クリーンメイト",,301,"和歌山県","和歌山市","松江東２丁目４番７１号",,30,201,6408422,,,2026-08-24,01,,,2015-10-05,1,,,,,"クリーンメイト",0
1463,6170005000725,01,1,2026-08-26,2015-10-05,"普門寺",,399,"和歌山県","和歌山市","口須佐２９５番地",,30,201,6400364,,,,,,,2015-10-05,1,,,,,"フモンジ",0
1464,6170005007217,01,0,2026-08-26,2026-08-26,"一般社団法人紀の川アウトドアライン",,399,"和歌山県","紀の川市","桃山町垣内１８６番地１",,30,208,6401333,,,,,,,2026-08-26,1,,,,,"キノカワアウトドアライン",0
1465,6180001015701,21,0,2026-08-26,2026-08-21,"名阪電機株式会社",,301,"愛知県","名古屋市南区","石元町３丁目５０番地",,23,112,4570075,,,2026-08-21,01,,,2015-10-05,1,,,,,"メイハンデンキ",0
1466,6180001103431,21,0,2026-08-26,2026-08-19,"株式会社Ｈ・Ｔ　ＧＥＮＥＲＡＬ　ＣＯＭＰＡＮＹ",,301,"愛知県","尾張旭市","東名西町２丁目３番地",,23,226,4880844,,,2026-08-19,01,,,2015-10-05,1,,,,,,0
1467,6180001112622,12,0,2026-08-26,2026-08-24,"株式会社ユースタイル",,301,"愛知県","蒲郡市","竹島町５－６夢兎庵",,23,214,4430031,,,,,,,2015-10-05,1,,,,,"ユースタイル",0
1468,6180001132348,12,0,2026-08-26,2026-08-19,"株式会社ＪＥＴＡ",,301,"愛知県","名古屋市中区","丸の内２丁目１３－１６－２プレサンスグラン丸の内１３０６号",,23,106,4600002,,,,,,,2018-05-18,1,,,,,"ジェッタ",0
1469,6180001137818,12,0,2026-08-26,2026-08-24,"株式会社ノーション",,301,"神奈川県","横浜市西区","みなとみらい４丁目４－２横浜ブルーアベニュー１２階",,14,103,2200012,,,,,,,2019-08-16,1,,,,,"ノーション",0
1470,6180001148435,21,0,2026-08-26,2026-08-19,"株式会社大田塗装",,301,"愛知県","あま市","新居屋清明４８番地１",,23,237,4901105,,,2026-08-19,01,,,2021-10-22,1,,,,,,0
1471,6180001160407,12,0,2026-08-26,2026-08-13,"ＨＡＫプラスチック株式会社",,301,"愛知県","春日井市","森山田町４４番地工場１",,23,206,4860935,,,,,,,2024-03-22,1,,,,,"ハックプラスチック",0
1472,6180001162956,12,0,2026-08-26,2026-08-04,"株式会社ＶＣ",,301,"愛知県","名古屋市西区","名駅３丁目７番９号",,23,104,4510045,,,,,,,2024-08-20,1,,,,,"ヴイシー",0
1473,6180001167451,12,0,2026-08-26,2026-07-22,"株式会社夢広場",,301,"愛知県","知多郡南知多町","大字内海字浜岡部１９",,23,445,4703321,,,,,,,2025-06-27,1,,,,,"ユメヒロバ",0
1474,6180001167600,21,0,2026-08-26,2026-08-21,"ＭＩＲＡＩ株式会社",,301,"愛知県","名古屋市緑区","大高町字二番割８７番地の２",,23,114,4598001,,,2026-08-21,01,,,2025-07-09,1,,,,,"ミライ",0
1475,6180001168425,12,0,2026-08-26,2026-08-21,"株式会社ＳＵＫ",,301,"愛知県","名古屋市中区","錦２丁目１２番１６号ＮＫ錦ＩＩ７Ｆ",00144730,23,106,4600003,,,,,,,2025-09-01,1,,,,,"エスユーケー",0
1476,6180001173185,01,0,2026-08-26,2026-08-26,"株式会社香堂",,301,"愛知県","名古屋市千種区","富士見台４丁目４７番地の１２",,23,101,4640015,,,,,,,2026-08-26,1,,,,,"コウドウ",0
1477,6180002017878,01,1,2026-08-26,2015-10-05,"有限会社黒木商会",,302,"愛知県","名古屋市中川区","七反田町３０番地",,23,110,4540975,,,,,,,2015-10-05,0,,,,,"クロキショウカイ",0
1478,6180002017878,12,1,2026-08-26,2026-08-07,"有限会社黒木商会",,302,"愛知県","海部郡大治町","大字花常字円楽寺２４番地の１ドリームハイツ５０１号",,23,424,4901136,,,,,,,2015-10-05,1,,,,,"クロキショウカイ",0
1479,6180301010294,12,0,2026-08-26,2026-08-12,"株式会社明治",,301,"愛知県","豊川市","牛久保町天王下４７番地２",,23,207,4420826,,,,,,,2015-10-05,1,,,,,"メイジ",0
1480,6180301041216,12,0,2026-08-26,2026-08-21,"株式会社アセット・ホルダー",,301,"東京都","港区","芝大門２丁目３番６号",,13,103,1050012,,,,,,,2026-07-24,1,,,,,"アセットホルダー",0
1481,6180302001854,12,0,2026-08-26,2026-08-17,"有限会社田中新聞店",,302,"愛知県","岡崎市","羽根２丁目７番地１３",,23,202,4440818,,,,,,,2015-10-05,1,,,,,"タナカシンブンテン",0
1482,6190001033371,01,0,2026-08-26,2026-08-26,"ＢＭＦ　ＰＲＩＭＥ株式会社",,301,"三重県","員弁郡東員町","大字北大社１５４１番地",,24,324,5110257,,,,,,,2026-08-26,1,,,,,"ビーエムエフプライム",0
1483,6190002002532,01,1,2026-08-26,2015-10-05,"八知運送有限会社",,302,"三重県","津市","一志町八太１７２５番地",,24,201,5152515,,,,,,,2015-10-05,1,,,,,"ヤチウンソウ",0
1484,6190002010353,01,1,2026-08-26,2015-10-05,"有限会社アゼスト",,302,"三重県","伊勢市","前山町１３１番地７",,24,203,5160044,,,,,,,2015-10-05,0,,,,,"アゼスト",0
1485,6190002010353,12,1,2026-08-26,2026-08-14,"有限会社アゼスト",,302,"三重県","度会郡玉城町","妙法寺３９８番地１",,24,461,5190413,,,,,,,2015-10-05,1,,,,,"アゼスト",0
1486,6190003004494,12,0,2026-08-26,2026-08-19,"合同会社セントラルテイル",,305,"千葉県","袖ケ浦市","福王台２丁目５番地１富士石油福王台社宅Ｇ棟８号",,12,229,2990261,,,,,,,2023-11-07,1,,,,,"セントラルテイル",0
1487,6200001029062,12,0,2026-08-26,2026-07-23,"株式会社イマジナック",,301,"東京都","多摩市","永山１丁目９番地の１２",,13,224,2060025,,,,,,,2015-10-05,1,,,,,"イマジナック",0
1488,6200001042065,12,0,2026-08-26,2026-08-19,"Ｄ‐ＦＲＯＮＴＩＥＲ株式会社",,301,"愛知県","名古屋市中村区","則武１丁目１番４号Ｓ－ＢＵＩＬＤＩＮＧ名古屋駅前８Ｆ",,23,105,4530014,,,,,,,2024-01-15,1,,,,,"ディーフロンティア",0
1489,6200001045357,01,1,2026-08-26,2026-08-18,"アサネンホールディングス株式会社",,301,"岐阜県","安八郡安八町","中８７５番地の１",,21,383,5030124,,,,,,,2026-08-18,1,,,,,,0
1490,6220005002162,01,1,2026-08-26,2015-10-05,"小立野センチュリー管理組合法人",,399,"石川県","金沢市","小立野１丁目５番１号",,17,201,9200942,,,,,,,2015-10-05,1,,,,,"コダツノセンチュリー",0
1491,6220005004927,01,1,2026-08-26,2015-10-05,"貴布祢神社",,399,"石川県","鹿島郡中能登町","金丸ヤ部８０番地",,17,407,9291621,,,,,,,2015-10-05,1,,,,,"キフネジンジャ",0
1492,6220005004935,01,1,2026-08-26,2015-10-05,"白山神社",,399,"石川県","鹿島郡中能登町","金丸ス部４番地乙",,17,407,9291621,,,,,,,2015-10-05,1,,,,,"ハクサンジンジャ",0
1493,6230001013699,12,0,2026-08-26,2026-08-21,"株式会社キレイサービスフォーアスマイル",,301,"東京都","墨田区","錦糸１丁目２番１号アルカセントラル１４Ｆ",,13,107,1300013,,,,,,,2015-10-05,1,,,,,"キレイサービスフォーアスマイル",0
1494,6230001017915,12,0,2026-08-26,2026-08-24,"株式会社柴垣商店",,301,"富山県","高岡市","立野３０６５番地",,16,202,9330325,,,,,,,2019-06-27,0,,,,,"シバガキショウテン",0
1495,6230001017915,11,0,2026-08-26,2026-08-24,"株式会社片付け名人高岡",,301,"富山県","高岡市","立野３０６５番地",,16,202,9330325,,,,,,,2019-06-27,1,,,,,"カタヅケメイジンタカオカ",0
1496,6240002001900,01,1,2026-08-26,2015-10-05,"有限会社ウチクガ設計",,302,"広島県","広島市佐伯区","三宅４丁目７番１－１２号",,34,108,7315143,,,,,,,2015-10-05,1,,,,,"ウチクガセッケイ",0
1497,6240002018606,12,0,2026-08-26,2026-08-17,"有限会社ダグ",,302,"広島県","広島市安佐南区","古市２丁目６番１８号",,34,105,7310123,,,,,,,2015-10-05,1,,,,,,0
1498,6240002033571,01,1,2026-08-26,2015-10-05,"有限会社ナカタニ商事",,302,"広島県","呉市","神山３丁目１６番２０号",,34,202,7370923,,,,,,,2015-10-05,1,,,,,"ナカタニショウジ",0
1499,6260001016443,01,1,2026-08-26,2015-10-05,"株式会社コウワ",,301,"岡山県","都窪郡早島町","早島１４０７番地",,33,423,7010304,,,,,,,2015-10-05,1,,,,,"コウワ",0
1500,6260001029668,01,1,2026-08-26,2016-06-08,"アルク株式会社",,301,"岡山県","岡山市北区","平田１２３番地１１１",,33,101,7000952,,,,,,,2016-06-08,1,,,,,"アルク",0
1501,6260001041557,01,0,2026-08-26,2026-08-26,"株式会社のだ初",,301,"岡山県","倉敷市","玉島柏島７６７番地の８",,33,202,7138123,,,,,,,2026-08-26,1,,,,,"ノダハツ",0
1502,6280005007610,12,0,2026-08-26,2026-08-21,"特定非営利活動法人たかはらんど",,399,"島根県","邑智郡邑南町","原村１１番地",,32,449,6960404,,,,,,,2024-05-13,0,,,,,"タカハランド",0
1503,6280005007610,11,0,2026-08-26,2026-08-21,"特定非営利活動法人共創ミライ",,399,"島根県","邑智郡邑南町","原村１１番地",,32,449,6960404,,,,,,,2024-05-13,1,,,,,"タカハランド",0
1504,6290001115275,01,0,2026-08-26,2026-08-26,"株式会社竹下東",,301,"福岡県","福岡市博多区","那珂６丁目２１番４－１４０１号",00144726,40,132,8120893,,,,,,,2026-08-26,1,,,,,"タケシタヒガシ",0
1505,6290002046420,12,0,2026-08-26,2026-08-07,"株式会社オール",,301,"福岡県","嘉麻市","鴨生９４番地１２",,40,227,8200206,,,,,,,2015-10-05,1,,,,,"オール",0
1506,6290003018831,01,0,2026-08-26,2026-08-26,"合同会社セプテム",,305,"福岡県","福岡市中央区","大名２丁目１２番８号",,40,133,8100041,,,,,,,2026-08-26,1,,,,,"セプテム",0
1507,6290801009841,01,1,2026-08-26,2015-10-05,"株式会社北九州フラワー流通センター",,301,"福岡県","北九州市八幡西区","椋枝１丁目２番１号",,40,109,8071115,,,,,,,2015-10-05,1,,,,,"キタキュウシュウフラワーリュウツウセンター",0
1508,6290801018941,21,0,2026-08-26,2026-08-06,"株式会社Ｔ．Ｍ．Ｕ物流",,301,"福岡県","中間市","大字垣生１５００番地",,40,215,8090001,,,2026-08-06,01,,,2015-10-05,1,,,,,"ティーエムユーブツリュウ",0
1509,6290801020162,01,1,2026-08-26,2015-10-05,"株式会社ジョイアスライフ",,301,"福岡県","北九州市門司区","小松町４番１８号",,40,101,8000034,,,,,,,2015-10-05,1,,,,,"ジョイアスライフ",0
1510,6290802012596,21,0,2026-08-26,2026-08-06,"有限会社寿ビル",,302,"福岡県","北九州市八幡東区","枝光本町６番１０号",,40,108,8050008,,,2026-08-06,01,,,2015-10-05,1,,,,,"コトブキビル",0
1511,6310002010019,12,0,2026-08-26,2026-08-06,"有限会社佐世保市医師会損保代理店",,302,"長崎県","佐世保市","常盤町４番７号Ｔビル３Ｆ",,42,202,8570053,,,,,,,2015-10-05,1,,,,,"サセボシイシカイソンポダイリテン",0
1512,6310003003723,12,0,2026-08-26,2026-08-21,"合同会社Ｂｏｄｙ　Ｄｅｓｉｇｎ　２４",,305,"長崎県","大村市","大川田町８５１－３",,42,205,8560804,,,,,,,2019-08-19,1,,,,,"ボディデザイントゥエンティフォー",0
1513,6320003004349,01,1,2026-08-26,2024-05-17,"合同会社なぶと",,305,"大分県","佐伯市","城南町７番５号",,44,205,8760834,,,,,,,2024-05-17,0,,,,,"ナブト",0
1514,6320003004349,12,1,2026-08-26,2026-07-02,"合同会社なぶと",,305,"大分県","大分市","南津留１３番５号グリーングラス１０１号",,44,201,8700937,,,,,,,2024-05-17,1,,,,,"ナブト",0
1515,6320003004992,12,0,2026-08-26,2026-08-14,"合同会社ＴＫＧ",,305,"大分県","別府市","田の湯町３番７号アライアンスタワーＺ",,44,202,8740909,,,,,,,2026-06-05,1,,,,,"ティケィジィ",0
1516,6320005001492,12,0,2026-08-26,2026-07-30,"特定非営利活動法人エー・ビー・シー野外教育センター",,399,"大分県","別府市","扇山６丁目３番１５号",,44,202,8740849,,,,,,,2015-10-05,1,,,,,"エービーシーヤガイキョウイクセンター",0
1517,6330001034611,01,0,2026-08-26,2026-08-26,"株式会社おびやＩＮＣ．",,301,"熊本県","熊本市中央区","新屋敷１丁目５番１２‐１０１号",,43,101,8620975,,,,,,,2026-08-26,1,,,,,"オビヤインク",0
1518,6340001019446,01,1,2026-08-26,2016-07-01,"株式会社優寿",,301,"鹿児島県","鹿屋市","新栄町２番１４号",,46,203,8930063,,,,,,,2016-07-01,0,,,,,"ユウジュ",0
1519,6340001019446,12,1,2026-08-26,2026-08-19,"株式会社優寿",,301,"鹿児島県","鹿屋市","新栄町２番１５号",,46,203,8930063,,,,,,,2016-07-01,1,,,,,"ユウジュ",0
1520,6340001027234,12,0,2026-08-26,2026-08-25,"株式会社Ｍｙ　Ｒｅｓｏｒｔ",,301,"鹿児島県","姶良市","加治木町新生町１１６番地１階",,46,225,8995223,,,,,,,2025-04-08,1,,,,,"マイリゾート",0
1521,6360003007752,01,1,2026-08-26,2016-09-06,"合同会社ファンタジスタ",,305,"沖縄県","豊見城市","字高嶺８３番地６ファンタジスタ２Ｆ",,47,212,9010213,,,,,,,2016-09-06,0,,,,,"ファンタジスタ",0
1522,6360003007752,12,1,2026-08-26,2018-02-21,"合同会社ファンタジスタ",,305,"沖縄県","中頭郡北谷町","字浜川８番地２４しまぜんビル２Ｆ－Ｂ",,47,326,9040112,,,,,,,2016-09-06,1,,,,,"ファンタジスタ",0
1523,6360003014749,01,1,2026-08-26,2025-03-10,"合同会社Ｄｅｓｉｇｎ　ｗｏｒｋｓ宮",,305,"沖縄県","沖縄市","泡瀬２丁目１４番１１号",,47,211,9042172,,,,,,,2025-03-10,1,,,,,,0
1524,6360005007461,01,0,2026-08-26,2026-08-26,"一般社団法人八重山スポーツドリーム",,399,"沖縄県","石垣市","字大浜２０６４番地４１１",,47,207,9070001,,,,,,,2026-08-26,1,,,,,"ヤエヤマスポーツドリーム",0
1525,6370001052650,01,1,2026-08-26,2025-06-03,"アトリエＨＫ株式会社",,301,"宮城県","多賀城市","町前３丁目２番９号",,04,209,9850845,,,,,,,2025-06-03,1,,,,,"アトリエエイチケー",0
1526,6370002015409,01,1,2026-08-26,2015-10-05,"有限会社松木",,302,"宮城県","仙台市太白区","柳生７丁目５番地の１４",,04,104,9811106,,,,,,,2015-10-05,0,,,,,"マツキ",0
1527,6370002015409,12,1,2026-08-26,2018-03-01,"有限会社松木",,302,"宮城県","名取市","ゆりが丘２丁目５番地の２１",,04,207,9820045,,,,,,,2015-10-05,1,,,,,"マツキ",0
1528,6370301003320,21,0,2026-08-26,2026-08-20,"株式会社オフィスＫ",,301,"宮城県","石巻市","駅前北通り４丁目７番１８号コートアルファムーンＩ，２０５号",00117775,04,202,9860813,,,2026-08-20,01,,,2015-10-05,1,,,,,"オフィスケイ",0
1529,6370302002503,01,1,2026-08-26,2015-10-05,"有限会社ヤナギダ養鶏産業",,302,"宮城県","石巻市","鮎川浜大子３番地",,04,202,9862523,,,,,,,2015-10-05,1,,,,,"ヤナギダヨウケイサンギョウ",0
1530,6380001022966,12,0,2026-08-26,2026-08-20,"株式会社ネクストシステム",,301,"福島県","福島市","鳥谷野字岩田１６番地の１０",,07,201,9608152,,,,,,,2015-10-05,1,,,,,"ネクストシステム",0
1531,6380005007451,21,0,2026-08-26,2026-08-20,"特定非営利活動法人かけはし",,399,"福島県","南相馬市","原町区錦町１丁目１５４番地",,07,212,9750031,,,2026-08-20,01,,,2015-10-05,1,,,,,,0
1532,6390001011448,21,0,2026-08-26,2026-08-21,"株式会社ワタナベ",,301,"山形県","西置賜郡小国町","大字杉沢１１１番地",,06,401,9991338,,,2026-08-21,01,,,2015-10-05,1,,,,,"ワタナベ",0
1533,6390005009199,01,0,2026-08-26,2026-08-26,"一般社団法人蔵王防平素のありか",,399,"山形県","上山市","大字永野外１字蔵王山外３国有林２４１林班ニ小班",,06,207,9993100,,,,,,,2026-08-26,1,,,,,"ザオウボウダイラスノアリカ",0
1534,6400001008426,21,0,2026-08-26,2026-08-07,"岩手志援株式会社",,301,"岩手県","盛岡市","茶畑２丁目６番２２号",,03,201,0200822,,,2026-08-07,01,,,2015-10-05,1,,,,,"イワテシエン",0
1535,6400001017526,01,0,2026-08-26,2026-08-26,"株式会社東北ターボグループ",,301,"岩手県","盛岡市","羽場１３地割３０番地１１",,03,201,0200841,,,,,,,2026-08-26,1,,,,,"トウホクターボグループ",0
1536,6400002011016,21,0,2026-08-26,2026-08-10,"有限会社西川建設",,302,"岩手県","下閉伊郡山田町","船越第４地割６７番地１２",,03,482,0281371,,,2026-08-10,01,,,2015-10-05,1,,,,,"ニシカワケンセツ",0
1537,6430001027134,21,0,2026-08-26,2026-08-24,"株式会社世界紀行",,301,"北海道","札幌市中央区","南一条西６丁目１１番地",,01,101,0600061,,,2026-08-24,01,,,2015-10-05,1,,,,,"セカイキコウ",0
1538,6430001097573,01,0,2026-08-26,2026-08-26,"株式会社心優",,301,"北海道","札幌市東区","北十七条東１５丁目４番２０号リベル元町２０８号室",,01,103,0650017,,,,,,,2026-08-26,1,,,,,"ココロ",0
1539,6462502000830,01,1,2026-08-26,2015-10-05,"有限会社めぐみ商事",,302,"北海道","標津郡中標津町","西三条北２丁目１番地３",,01,692,0861123,,,,,,,2015-10-05,1,,,,,"メグミショウジ",0
1540,6470001020655,12,0,2026-08-26,2026-08-21,"株式会社蒼あおい",,301,"香川県","丸亀市","綾歌町栗熊東３１０７番地",,37,202,7612406,,,,,,,2025-04-09,0,,,,,"アオイ",0
1541,6470001020655,11,0,2026-08-26,2026-08-21,"不動産とお金の話株式会社",,301,"香川県","丸亀市","綾歌町栗熊東３１０７番地",,37,202,7612406,,,,,,,2025-04-09,1,,,,,"フドウサントオカネノコト",0
1542,6480002008748,01,1,2026-08-26,2015-10-05,"有限会社日野",,302,"徳島県","徳島市","国府町芝原字東分５６番地の１",,36,201,7793112,,,,,,,2015-10-05,0,,,,,,0
1543,6480002008748,12,1,2026-08-26,2017-06-19,"有限会社日野",,302,"徳島県","名西郡石井町","藍畑字第十４２１番地９",,36,341,7793214,,,,,,,2015-10-05,0,,,,,,0
1544,6480002008748,12,1,2026-08-26,2018-01-19,"有限会社日野",,302,"徳島県","徳島市","国府町日開７７５番地の４",,36,201,7793117,,,,,,,2015-10-05,0,,,,,,0
1545,6480002008748,11,1,2026-08-26,2018-01-19,"有限会社優興業",,302,"徳島県","徳島市","国府町日開７７５番地の４",,36,201,7793117,,,,,,,2015-10-05,1,,,,,"ユウコウギョウ",0
1546,6490001000341,01,1,2026-08-26,2015-10-05,"カワブチ商事株式会社",,301,"高知県","高知市","萩町１丁目５番３８号",,39,201,7818006,,,,,,,2015-10-05,1,,,,,"カワブチショウジ",0
1547,6490001001414,01,1,2026-08-26,2015-10-05,"大新不動産株式会社",,301,"高知県","高知市","南御座１０番３号",,39,201,7810084,,,,,,,2015-10-05,1,,,,,"ダイシンフドウサン",0
1548,6490001011421,01,0,2026-08-26,2026-08-26,"株式会社Ｒａｉｎｂｏｗ　Ｉｎｖｅｓｔｍｅｎｔ",,301,"高知県","高知市","愛宕町３丁目２番１７号",,39,201,7800051,,,,,,,2026-08-26,1,,,,,"レインボーインベスメント",0
1549,6700150074965,12,0,2026-08-26,2026-08-04,"かなざわ在宅ＩＣＴネット",,499,"石川県","金沢市","窪６丁目２５７－１",,17,201,9218151,,,,,,,2016-08-12,1,,,,,"カナザワザイタクアイシイテイネツト",0
1550,6700150127640,12,0,2026-08-26,2026-04-27,"ＬＵＮＡ　ＥＮＴＥＲＰＲＩＳＥＳ",,401,"神奈川県","伊勢原市","板戸７９０番地２７コンサートワン２０１",,14,214,2591145,"スリランカ民主社会主義共和国、カルムナイ、ニューバザールメインストリート、Ｎｏ．１１４／Ｇ",,,,,,2024-10-31,1,,,,,"ルナエンタープライズ",0
1551,6700150137103,01,0,2026-08-26,2026-08-26,"Ｓｈｅｎｚｈｅｎｓｈｉ　Ｃｈｕｎｚｈｅｎｇ　Ｋｅｊｉ　Ｙｏｕｘｉａｎ　Ｇｏｎｇｓｉ",,401,,,,,,,,"ＰｉｎｇＨｕＪｉｅＤａｏ　ＨｅＨｕａＳｈｅＱｕ　ＦｕＫａｎｇＬｕ　６　Ｈａｏ　ＢａｏＮｅｎｇＺｈｉＣｈｕａｎｇＧｕ　Ｂ　Ｄｏｎｇ　６２１Ａ　Ｌｏｎｇｇａｎｇ　Ｄｉｓｔｒｉｃｔ　Ｓｈｅｎｚｈｅｎ　Ｇｕａｎｇｄｏｎｇ　５１８１１１　ＣＮ",,,,,,2026-08-26,1,,,,,"シンセンシーチュンジョンクージーユウゲンコウシ",0
1552,7010001014636,01,1,2026-08-26,2015-10-05,"協和株式会社",,301,"東京都","千代田区","丸の内１丁目６番６号",,13,101,1000005,,,,,,,2015-10-05,1,,,,,,0
1553,7010001036267,01,1,2026-08-26,2015-10-05,"株式会社アロープロモーション",,301,"東京都","中央区","築地４丁目４番１４号",,13,102,1040045,,,,,,,2015-10-05,1,,,,,"アロープロモーション",0
1554,7010001071165,12,0,2026-08-26,2026-08-24,"株式会社ジャパン・クリエイティブ・エンタープライズ",,301,"神奈川県","横浜市都筑区","すみれが丘２１－２９",,14,118,2240013,,,,,,,2015-10-05,1,,,,,"ジャパンクリエイティブエンタープライズ",0
1555,7010001180684,12,0,2026-08-26,2026-08-24,"株式会社ＬＯＬ",,301,"東京都","台東区","浅草１丁目１３番５号井門浅草すしや通りビル１Ｆ",,13,106,1110032,,,,,,,2017-01-13,1,,,,,"エルオーエル",0
1556,7010001201738,12,0,2026-08-26,2026-07-30,"ＧＰＤはやぶさ株式会社",,301,"東京都","千代田区","飯田橋４丁目４番１－２１０３号",,13,101,1020072,,,,,,,2019-06-19,1,,,,,"ジーピーディーハヤブサ",0
1557,7010001202273,12,0,2026-08-26,2026-08-21,"ＧＭＯ　ＡＩコネクト株式会社",,301,"東京都","渋谷区","桜丘町２６番１号セルリアンタワー",,13,113,1500031,,,,,,,2019-07-09,1,,,,,"ジーエムオーエーアイコネクト",0
1558,7010001216067,12,0,2026-08-26,2026-07-17,"株式会社七海",,301,"東京都","中央区","日本橋兜町５－１－３Ｆ",,13,102,1030026,,,,,,,2021-03-01,1,,,,,"ナナミ",0
1559,7010001227808,11,0,2026-08-26,2026-08-10,"Ｗｉｓｔｅｌｌａ　ＩＴ　Ｓｏｌｕｔｉｏｎｓ株式会社",,301,"東京都","千代田区","九段南３丁目２番１５号",,13,101,1020074,,,,,,,2022-07-08,1,,,,,"ウィステラアイティソリューションズ",0
1560,7010001228203,11,0,2026-08-26,2026-07-29,"株式会社Ｉｎｆｉｎｉｔｅ　Ｕｎｉｖｅｒｓｅ",,301,"東京都","文京区","水道２丁目９番１４号",,13,105,1120005,,,,,,,2022-07-19,1,,,,,"インフィニットユニバース",0
1561,7010001240918,01,1,2026-08-26,2023-12-21,"ダイコーアペックス株式会社",,301,"東京都","千代田区","神田錦町３丁目９番地２ダイコービル５階",,13,101,1010054,,,,,,,2023-12-21,1,,,,,,0
1562,7010001252236,21,0,2026-08-26,2026-07-29,"株式会社クラウドスイフト",,301,"東京都","中央区","日本橋本町４丁目８番１５号",,13,102,1030023,,,2026-07-29,01,,,2025-02-14,1,,,,,"クラウドスイフト",0
1563,7010001256757,01,1,2026-08-26,2025-07-10,"株式会社ＴＹＭ　Ｈｏｌｄｉｎｇｓ",,301,"東京都","中央区","銀座１丁目１２－４Ｎ＆ＥＢＬＤ．７階",,13,102,1040061,,,,,,,2025-07-10,1,,,,,,0
1564,7010001268298,01,0,2026-08-26,2026-08-26,"株式会社ＫＲＴＳ９",,301,"東京都","千代田区","内幸町２丁目１番６号",,13,101,1000011,,,,,,,2026-08-26,1,,,,,"ケイアールティーエスナイン",0
1565,7010003048616,12,0,2026-08-26,2026-08-20,"ＪＥａｇｌｅ１合同会社",,305,"東京都","港区","港南２丁目１６番４号品川グランドセントラルタワー",,13,103,1080075,,,,,,,2025-09-03,1,,,,,"ジェイイーグルイチ",0
1566,7010003052403,01,0,2026-08-26,2026-08-26,"ＭＥＲＯＩＶ合同会社",,305,"東京都","千代田区","丸の内２丁目２－１岸本ビル１０階",,13,101,1000005,,,,,,,2026-08-26,1,,,,,"メロイブ",0
1567,7010003052460,01,0,2026-08-26,2026-08-26,"長崎雲仙蓄電合同会社",,305,"東京都","千代田区","神田東松下町１８番地高正ビル５階",,13,101,1010042,,,,,,,2026-08-26,1,,,,,"ナガサキウンゼンチクデン",0
1568,7010005016653,01,1,2026-08-26,2015-10-05,"一般財団法人日本口腔保健協会",,399,"東京都","文京区","本郷２丁目２８番３号山越ビル",,13,105,1130033,,,,,,,2015-10-05,1,,,,,"ニホンコウクウホケンキョウカイ",0
1569,7010005042022,12,0,2026-08-26,2026-07-23,"特定非営利活動法人神田藍の会",,399,"東京都","千代田区","神田東松下町３０番地株式会社東京楠堂内",,13,101,1010042,,,,,,,2026-07-22,1,,,,,"カンダアイノカイ",0
1570,7010401139958,12,0,2026-08-26,2026-07-23,"株式会社ＡＬＩ　Ｅｎｅｒｇｙ",,301,"東京都","港区","三田３丁目５番２７号住友不動産東京三田サウスタワー１０階",,13,103,1080073,,,,,,,2018-08-01,1,,,,,"エーエルアイエナジー",0
1571,7010401172265,12,0,2026-08-26,2026-08-17,"伊藤忠サイバー＆インテリジェンス株式会社",,301,"東京都","港区","赤坂２丁目１７番２２号",,13,103,1070052,,,,,,,2023-02-03,1,,,,,"イトウチュウサイバーアンドインテリジェンス",0
1572,7010401180978,11,0,2026-08-26,2026-07-24,"株式会社ＵＮＤＥＲＴＨＥＬＩＮＥ　Ｊａｐａｎ",,301,"東京都","港区","北青山１丁目３番１号アールキューブ青山３階",,13,103,1070061,,,,,,,2024-03-14,1,,,,,"アンダーザラインジャパン",0
1573,7010401201528,01,0,2026-08-26,2026-08-26,"株式会社ＳＩＤＥＳＨＯＷＳ",,301,"東京都","港区","南青山２丁目２番１５号ウィン青山９４２",,13,103,1070062,,,,,,,2026-08-26,1,,,,,"サイドショーズ",0
1574,7010401201569,01,0,2026-08-26,2026-08-26,"ＹＭＴ株式会社",,301,"東京都","港区","南青山３丁目１－３６青山丸竹ビル６階",,13,103,1070062,,,,,,,2026-08-26,1,,,,,"ワイエムティー",0
1575,7010402017106,01,1,2026-08-26,2015-10-05,"有限会社きのと",,302,"東京都","港区","芝２丁目２６番６号",,13,103,1050014,,,,,,,2015-10-05,0,,,,,"キノト",0
1576,7010402017106,12,0,2026-08-26,2026-08-24,"有限会社きのと",,302,"東京都","中央区","銀座８丁目７番１８号",,13,102,1040061,,,,,,,2015-10-05,1,,,,,"キノト",0
1577,7010403038910,01,0,2026-08-26,2026-08-26,"合同会社Ｉｗａｋｕｒａ",,305,"東京都","港区","虎ノ門１丁目１６番６号ＲＡＰＯ－ＴＯビル７０３",,13,103,1050001,,,,,,,2026-08-26,1,,,,,"イワクラ",0
1578,7010405025122,11,0,2026-08-26,2026-07-24,"一般社団法人ケ・セラ・セラ",,399,"東京都","港区","芝大門２丁目１０番７号",,13,103,1050012,,,,,,,2025-12-24,1,,,,,"ケセラセラ",0
1579,7010501008518,01,1,2026-08-26,2015-10-05,"東海タック産業株式会社",,301,"東京都","台東区","浅草橋３丁目１０番９号",,13,106,1110053,,,,,,,2015-10-05,1,,,,,"トウカイタックサンギョウ",0
1580,7010601023697,01,1,2026-08-26,2015-10-05,"株式会社トアレ",,301,"東京都","墨田区","本所２丁目８番５号",,13,107,1300004,,,,,,,2015-10-05,0,,,,,,0
1581,7010601023697,12,1,2026-08-26,2024-05-08,"株式会社トアレ",,301,"東京都","中央区","日本橋２丁目１番１７号丹生ビル２",,13,102,1030027,,,,,,,2015-10-05,0,,,,,,0
1582,7010601023697,12,1,2026-08-26,2026-07-27,"株式会社トアレ",,301,"東京都","中央区","京橋１丁目１番５号セントラルビル２階",,13,102,1040031,,,,,,,2015-10-05,1,,,,,,0
1583,7010601042565,12,0,2026-08-26,2026-08-24,"株式会社アフロシー",,301,"東京都","荒川区","西日暮里２丁目４６－４",,13,118,1160013,,,,,,,2015-10-05,1,,,,,"アフロシー",0
1584,7010605003431,12,0,2026-08-26,2026-08-21,"一般社団法人ＳＳＪＦ",,399,"東京都","墨田区","東駒形４丁目１９番２－５１０号",,13,107,1300005,,,,,,,2017-08-03,1,,,,,"エスエスジェイエフ",0
1585,7010703008464,01,0,2026-08-26,2026-08-26,"ＩＣＥＢＥＲＧＳ合同会社",,305,"東京都","品川区","上大崎３丁目１４番３４号プラスワン４０２",,13,109,1410021,,,,,,,2026-08-26,1,,,,,"アイスバーグス",0
1586,7010801031954,12,0,2026-08-26,2026-08-06,"株式会社ＹＵＬＡ",,301,"東京都","文京区","根津２丁目３５－２空木荘１階",,13,105,1130031,,,,,,,2021-05-18,1,,,,,"ユラ",0
1587,7010802014198,01,1,2026-08-26,2015-10-05,"有限会社ミノマル住宅販売",,302,"東京都","大田区","大森北６丁目２７番３号",,13,111,1430016,,,,,,,2015-10-05,0,,,,,"ミノマルジュウタクハンバイ",0
1588,7010802014198,12,1,2026-08-26,2026-08-20,"有限会社ミノマル住宅販売",,302,"東京都","大田区","大森北６丁目３０番１９号",,13,111,1430016,,,,,,,2015-10-05,1,,,,,"ミノマルジュウタクハンバイ",0
1589,7010803005642,12,0,2026-08-26,2026-08-21,"Ｕｍａ‐Ｕｍａ合同会社",,305,"東京都","世田谷区","等々力４丁目１２番１４号１Ｆ",,13,112,1580082,,,,,,,2025-12-15,1,,,,,"ウーマウーマ",0
1590,7010901038783,12,0,2026-08-26,2026-08-21,"株式会社Ｓｏｌｆｅｇｇｉｏ",,301,"東京都","港区","南青山４丁目１８番１１号フォレストヒルズイーストウィング２Ｆ",,13,103,1070062,,,,,,,2016-09-15,1,,,,,"ソルフェジオ",0
1591,7010901043115,01,1,2026-08-26,2018-11-14,"株式会社ＥＡＲＴＨ研究所",,301,"東京都","世田谷区","宇奈根１丁目２６番１１号",,13,112,1570068,,,,,,,2018-11-14,0,,,,,"アースケンキュウショ",0
1592,7010901043115,12,1,2026-08-26,2019-03-26,"株式会社ＥＡＲＴＨ研究所",,301,"東京都","狛江市","駒井町２丁目２６番１４号",,13,219,2010016,,,,,,,2018-11-14,1,,,,,"アースケンキュウショ",0
1593,7010903011111,01,0,2026-08-26,2026-08-26,"合同会社ｓｍａｌｌｕｍｂ",,305,"東京都","世田谷区","池尻３丁目１１番１２号",,13,112,1540001,,,,,,,2026-08-26,1,,,,,"スモールアンブ",0
1594,7011001065504,12,0,2026-08-26,2026-08-10,"ＥＤＳＴＲＯＭ　ＯＦＦＩＣＥ株式会社",,301,"東京都","渋谷区","猿楽町２９番８号ヒルサイドテラスＥ棟１１号室",,13,113,1500033,,,,,,,2015-10-05,1,,,,,"エドストロームオフィス",0
1595,7011001097191,01,1,2026-08-26,2015-10-05,"株式会社アール",,301,"東京都","渋谷区","代々木３丁目５０番５号",,13,113,1510053,,,,,,,2015-10-05,0,,,,,,0
1596,7011001097191,12,1,2026-08-26,2022-09-09,"株式会社アール",,301,"東京都","渋谷区","神宮前６丁目２９番４号原宿Ｋｏｍｉｙａビル",,13,113,1500001,,,,,,,2015-10-05,0,,,,,,0
1597,7011001097191,12,1,2026-08-26,2025-07-11,"株式会社アール",,301,"東京都","中央区","日本橋３丁目７番７号日本橋アーバンビルヂング４階",,13,102,1030027,,,,,,,2015-10-05,0,,,,,,0
1598,7011001097191,12,1,2026-08-26,2026-07-27,"株式会社アール",,301,"東京都","中央区","日本橋３丁目２番１４号新槇町ビル別館第一１階",,13,102,1030027,,,,,,,2015-10-05,1,,,,,,0
1599,7011001102595,01,1,2026-08-26,2015-10-05,"株式会社ＰＡＫ・ＫＡＳＨＭＩＲ　ＴＲＡＤＩＮＧ",,301,"東京都","渋谷区","代々木３丁目２３番５号高橋ビル２階",,13,113,1510053,,,,,,,2015-10-05,0,,,,,"パークカシミールトレーディング",0
1600,7011001102595,12,1,2026-08-26,2016-04-27,"株式会社ＰＡＫ・ＫＡＳＨＭＩＲ　ＴＲＡＤＩＮＧ",,301,"栃木県","足利市","野田町１３５４番地１階",,09,202,3260322,,,,,,,2015-10-05,1,,,,,"パークカシミールトレーディング",0
1601,7011001170972,12,0,2026-08-26,2026-08-07,"株式会社ＦＬＡＧ‐ＶＥＮＴＵＲＥＳ",,301,"東京都","渋谷区","猿楽町１２番２１号",,13,113,1500033,,,,,,,2025-07-16,1,,,,,"フラグベンチャーズ",0
1602,7011003025043,01,0,2026-08-26,2026-08-26,"合同会社赤",,305,"東京都","渋谷区","富ヶ谷１丁目１４番１４号３階",,13,113,1510063,,,,,,,2026-08-26,1,,,,,"アカ",0
1603,7011101005054,21,0,2026-08-26,2026-07-27,"株式会社キス・ジヤパン",,301,"東京都","新宿区","西新宿１丁目２６番１号",,13,104,1600023,,,2026-07-27,01,,,2015-10-05,1,,,,,"キスジヤパン",0
1604,7011101094659,12,0,2026-08-26,2026-07-31,"株式会社アストローブ",,301,"東京都","新宿区","下宮比町２番２８号飯田橋ハイタウン８０６号",,13,104,1620822,,,,,,,2021-04-06,1,,,,,"アストローブ",0
1605,7011101094948,21,0,2026-08-26,2026-07-24,"株式会社オリゾアド",,301,"東京都","新宿区","西新宿７丁目４番７号イマス浜田ビル６Ｆ",,13,104,1600023,,,2026-07-24,01,,,2021-04-30,1,,,,,"オリゾアド",0
1606,7011101117196,01,0,2026-08-26,2026-08-26,"ＬＵＮＥＡ株式会社",,301,"東京都","新宿区","新宿７丁目２１番１３号若竹荘１０１",,13,104,1600022,,,,,,,2026-08-26,1,,,,,"ルネア",0
1607,7011101117205,01,0,2026-08-26,2026-08-26,"株式会社Ａｋａｎｅｄｏ　Ｔｏｋｙｏ",,301,"東京都","新宿区","西新宿３丁目２０番２号東京オペラシティビルＢ１Ｆ",,13,104,1600023,,,,,,,2026-08-26,1,,,,,"アカネドウトウキョウ",0
1608,7011103008113,12,0,2026-08-26,2026-08-24,"Ｇｒａｅｂｅｒｔ　Ｊａｐａｎ合同会社",,305,"東京都","中央区","京橋１丁目１番１号八重洲ダイビル３Ｆ",,13,102,1040031,,,,,,,2018-08-08,1,,,,,"グレーベルトジャパン",0
1609,7011301013377,01,1,2026-08-26,2015-10-05,"株式会社ＷＬＡ",,301,"東京都","世田谷区","赤堤２丁目９番１７号",,13,112,1560044,,,,,,,2015-10-05,1,,,,,"ダブリューエルエー",0
1610,7011401005877,01,1,2026-08-26,2015-10-05,"株式会社増田製作所",,301,"東京都","板橋区","成増３丁目４６番１５号",,13,119,1750094,,,,,,,2015-10-05,0,,,,,"マスダセイサクショ",0
1611,7011401005877,21,1,2026-08-26,2026-01-28,"株式会社増田製作所",,301,"東京都","板橋区","成増３丁目４６番１５号",,13,119,1750094,,,2026-01-28,21,,,2015-10-05,0,,,,,"マスダセイサクショ",0
1612,7011401005877,22,1,2026-08-26,2026-08-12,"株式会社増田製作所",,301,"東京都","板橋区","成増３丁目４６番１５号",,13,119,1750094,,,,,,,2015-10-05,1,,,,,"マスダセイサクショ",0
1613,7011401028226,01,0,2026-08-26,2026-08-26,"株式会社ＨＯＮＥＴ",,301,"東京都","板橋区","大山西町２－６－１３０３",,13,119,1730033,,,,,,,2026-08-26,1,,,,,"ホネット",0
1614,7011402018515,01,1,2026-08-26,2015-10-05,"有限会社マルヒメ運輸",,302,"東京都","板橋区","成増２丁目２２番６－１０１号",,13,119,1750094,,,,,,,2015-10-05,0,,,,,"マルヒメウンユ",0
1615,7011402018515,12,0,2026-08-26,2026-08-25,"有限会社マルヒメ運輸",,302,"東京都","板橋区","成増３丁目４８番２０－２０２号",,13,119,1750094,,,,,,,2015-10-05,1,,,,,"マルヒメウンユ",0
1616,7011405000073,22,0,2026-08-26,2026-08-07,"医療法人社団貞真会",,399,"東京都","板橋区","清水町７８番８号",,13,119,1740053,,,,,,,2015-10-05,1,,,,,"テイシンカイ",0
1617,7011503004380,21,0,2026-08-26,2026-07-31,"ＺＯＮＥＺＥＲＯ合同会社",,305,"東京都","小平市","御幸町１９",,13,211,1870012,,,2026-07-31,01,,,2020-05-12,1,,,,,"ゾーンゼロ",0
1618,7011801027661,01,1,2026-08-26,2015-10-05,"株式会社エコーホールディングス",,301,"東京都","足立区","谷在家３丁目１５番４号",,13,121,1230863,,,,,,,2015-10-05,0,,,,,"エコーホールディングス",0
1619,7011801027661,12,1,2026-08-26,2026-08-21,"株式会社エコーホールディングス",,301,"東京都","足立区","本木東町１０番２号",,13,121,1230854,,,,,,,2015-10-05,1,,,,,"エコーホールディングス",0
1620,7011801037677,12,0,2026-08-26,2026-08-24,"株式会社ファースト",,301,"東京都","足立区","栗原３丁目３番２－１０１号",,13,121,1230842,,,,,,,2020-06-03,1,,,,,"ファースト",0
1621,7011802013198,01,1,2026-08-26,2015-10-05,"有限会社桜井不動産",,302,"東京都","足立区","東和２丁目４番３号",,13,121,1200003,,,,,,,2015-10-05,1,,,,,"サクライフドウサン",0
1622,7011803007587,01,0,2026-08-26,2026-08-26,"ヴィアストラーゼ合同会社",,305,"東京都","葛飾区","亀有３丁目１６番２号セトビル５０６号室",,13,122,1250061,,,,,,,2026-08-26,1,,,,,"ヴィアストラーゼ",0
1623,7012405004238,01,1,2026-08-26,2018-09-18,"一般社団法人全国ＩＣＴクラブ協会",,399,"東京都","三鷹市","下連雀４丁目１番地１１－６０３号",,13,204,1810013,,,,,,,2018-09-18,0,,,,,"ゼンコクアイシーティークラブキョウカイ",0
1624,7012405004238,12,1,2026-08-26,2022-10-04,"一般社団法人全国ＩＣＴクラブ協会",,399,"長野県","安曇野市","明科光７５４",,20,220,3997103,,,,,,,2018-09-18,1,,,,,"ゼンコクアイシーティークラブキョウカイ",0
1625,7012801024913,01,0,2026-08-26,2026-08-26,"株式会社ａｍｅｒｉｃａｎｓｈｏｒｔｈａｉｒ",,301,"東京都","国分寺市","西恋ヶ窪３丁目２０番地２７",,13,214,1850013,,,,,,,2026-08-26,1,,,,,"アメリカンショートヘアー",0
1626,7020001075223,21,0,2026-08-26,2026-08-04,"株式会社テクノアルファ",,301,"神奈川県","川崎市川崎区","砂子１丁目５番地２２",,14,131,2100006,,,2026-08-04,01,,,2015-10-05,1,,,,,"テクノアルファ",0
1627,7020001131208,21,0,2026-08-26,2026-08-05,"プロジェクトエンジニアリング株式会社",,301,"神奈川県","横浜市西区","北幸１丁目１１番１号水信ビル７階",,14,103,2200004,,,2026-08-05,01,,,2019-05-20,1,,,,,"プロジェクトエンジニアリング",0
1628,7020001154274,12,0,2026-08-26,2026-08-20,"株式会社エスティーム",,301,"神奈川県","横須賀市","林２丁目７番７号",,14,201,2380315,,,,,,,2023-11-13,1,,,,,"エスティーム",0
1629,7020001165833,12,0,2026-08-26,2026-08-04,"株式会社エイトハウジング",,301,"神奈川県","横浜市西区","東久保町３１番２３号",,14,103,2200062,,,,,,,2025-11-18,1,,,,,"エイトハウジング",0
1630,7020001170081,01,0,2026-08-26,2026-08-26,"小竹冷機株式会社",,301,"神奈川県","横浜市鶴見区","馬場３丁目１２番１９号",,14,101,2300076,,,,,,,2026-08-26,1,,,,,"コタケレイキ",0
1631,7020002006821,01,1,2026-08-26,2015-10-05,"有限会社ビーネット",,302,"神奈川県","横浜市南区","宿町３丁目５６番地",,14,105,2320017,,,,,,,2015-10-05,0,,,,,"ビーネット",0
1632,7020002006821,12,1,2026-08-26,2016-05-24,"有限会社ビーネット",,302,"神奈川県","横浜市戸塚区","品濃町５５３番地１パークヒルズＭ棟１０５号",,14,110,2440801,,,,,,,2015-10-05,1,,,,,"ビーネット",0
1633,7020002028618,01,1,2026-08-26,2015-10-05,"有限会社横浜ビジネス",,302,"神奈川県","横浜市神奈川区","平川町１番地２３",,14,102,2210812,,,,,,,2015-10-05,1,,,,,"ヨコハマビジネス",0
1634,7021002047343,01,1,2026-08-26,2015-10-05,"アスト測量有限会社",,302,"神奈川県","大和市","鶴間２丁目１１番１５号",,14,213,2420004,,,,,,,2015-10-05,0,,,,,"アストソクリョウ",0
1635,7021002047343,21,0,2026-08-26,2026-07-31,"アスト測量有限会社",,302,"神奈川県","大和市","鶴間２丁目１１番１５号",,14,213,2420004,,,2026-07-31,11,4021002042041,"令和８年７月３１日神奈川県大和市鶴間二丁目２番２１号株式会社アスト（4021002042041）に合併し解散",2015-10-05,1,,,,,"アストソクリョウ",0
1636,7021002056336,11,0,2026-08-26,2026-07-23,"みらいコンサルティング株式会社",,301,"東京都","中央区","日本橋２丁目１０番８号",,13,102,1030027,,,,,,,2015-10-05,1,,,,,"ミライコンサルティング",0
1637,7030001009576,12,0,2026-08-26,2026-07-31,"株式会社セラピー",,301,"埼玉県","さいたま市浦和区","東岸町９番１５－３号",,11,107,3300054,,,,,,,2015-10-05,1,,,,,"セラピー",0
1638,7030001142138,12,0,2026-08-26,2026-08-10,"株式会社リーゼンモータース",,301,"埼玉県","所沢市","並木８丁目５－４－３０５",,11,208,3590042,,,,,,,2021-05-12,1,,,,,"リーゼンモータース",0
1639,7030001172234,12,0,2026-08-26,2026-08-10,"株式会社ミズキ精工",,301,"埼玉県","加須市","騎西７９０－５",,11,210,3470105,,,,,,,2026-05-12,1,,,,,"ミズキセイコウ",0
1640,7030001173876,01,0,2026-08-26,2026-08-26,"株式会社ＴＤアセット",,301,"埼玉県","越谷市","川柳町１丁目２９８番地",,11,222,3430827,,,,,,,2026-08-26,1,,,,,"ティーディーアセット",0
1641,7030002004717,01,1,2026-08-26,2015-10-05,"有限会社ケイ・エム・ビルサポート",,302,"埼玉県","さいたま市南区","南浦和１丁目１６番１２号",,11,108,3360017,,,,,,,2015-10-05,1,,,,,"ケイエムビルサポート",0
1642,7030002007026,01,1,2026-08-26,2015-10-05,"有限会社島田製作所",,302,"埼玉県","さいたま市大宮区","土手町３丁目１１５番地",,11,103,3300801,,,,,,,2015-10-05,1,,,,,"シマダセイサクショ",0
1643,7030003018724,01,1,2026-08-26,2022-01-26,"ＲＡ　Ｓａｋｕｒａ　Ｉｎｔｅｒｎａｔｉｏｎａｌ合同会社",,305,"埼玉県","さいたま市桜区","桜田２丁目１６番２１号グリーンプラザ桜田１０５号室",,11,106,3380833,,,,,,,2022-01-26,0,,,,,"アールエイサクラインターナショナル",0
1644,7030003018724,12,1,2026-08-26,2023-09-29,"ＲＡ　Ｓａｋｕｒａ　Ｉｎｔｅｒｎａｔｉｏｎａｌ合同会社",,305,"埼玉県","草加市","瀬崎５丁目９番２０号１Ｆ",,11,221,3400022,,,,,,,2022-01-26,0,,,,,"アールエイサクラインターナショナル",0
1645,7030003018724,12,0,2026-08-26,2026-08-19,"ＲＡ　Ｓａｋｕｒａ　Ｉｎｔｅｒｎａｔｉｏｎａｌ合同会社",,305,"千葉県","富里市","立沢５６４－１１",,12,233,2860214,,,,,,,2022-01-26,1,,,,,"アールエイサクラインターナショナル",0
1646,7030003023229,21,0,2026-08-26,2026-07-28,"合同会社ＴＭＣｌａｙ",,305,"埼玉県","三郷市","三郷１丁目３番地６ザ・パークハウス三郷２０６号",,11,237,3410024,,,2026-07-28,01,,,2023-12-13,1,,,,,"ティーエムクレイ",0
1647,7040001055628,01,1,2026-08-26,2015-10-05,"株式会社徳商事",,301,"千葉県","市原市","旭五所５番地１０",,12,219,2900063,,,,,,,2015-10-05,1,,,,,"トクショウジ",0
1648,7040001091524,12,0,2026-08-26,2026-08-21,"日堂株式会社",,301,"東京都","港区","新橋２丁目２０番１５号",,13,103,1050004,,,,,,,2015-10-05,1,,,,,"ニチドウ",0
1649,7040001102339,01,1,2026-08-26,2017-10-31,"三浦商事株式会社",,301,"千葉県","千葉市美浜区","高洲２丁目３番２６号",,12,106,2610004,,,,,,,2017-10-31,1,,,,,"ミウラショウジ",0
1650,7040001106991,21,0,2026-08-26,2026-08-05,"大村商事株式会社",,301,"千葉県","木更津市","中島３９２１番地",,12,206,2920008,,,2026-08-05,01,,,2018-11-27,1,,,,,"オオムラショウジ",0
1651,7040001112321,12,0,2026-08-26,2026-08-05,"ＫＵＲＵＭＡ＆Ｃｏ株式会社",,301,"千葉県","千葉市美浜区","中瀬１丁目７番地１幕張国際ビル２２階",,12,106,2610023,,,,,,,2020-01-28,0,,,,,"クルマアンドコー",0
1652,7040001112321,11,0,2026-08-26,2026-08-05,"ＴＩＭＥＮＥＸ株式会社",,301,"千葉県","千葉市美浜区","中瀬１丁目７番地１幕張国際ビル２２階",,12,106,2610023,,,,,,,2020-01-28,1,,,,,"タイムネクス",0
1653,7040002051155,21,0,2026-08-26,2026-08-05,"有限会社エスティハウス",,302,"千葉県","流山市","西平井２丁目１２番地の１",,12,220,2700156,,,2026-08-05,01,,,2015-10-05,1,,,,,"エスティハウス",0
1654,7040002051816,01,1,2026-08-26,2015-10-05,"有限会社高井住宅設備",00020273,302,"千葉県","流山市","野々下１丁目１６２番地の４",,12,220,2700135,,,,,,,2015-10-05,1,,,,,"タカイジュウタクセツビ",0
1655,7040002088024,01,1,2026-08-26,2015-10-05,"有限会社アールエイ商会",,302,"千葉県","香取市","山倉１６６６番地の２",,12,236,2890426,,,,,,,2015-10-05,1,,,,,"アールエイショウカイ",0
1656,7040003030612,01,0,2026-08-26,2026-08-26,"合同会社Ｋ２",,305,"千葉県","市川市","新浜１丁目９番１５号３０４室（中央マンション行徳）",,12,203,2720136,,,,,,,2026-08-26,1,,,,,"ケーツー",0
1657,7040003030620,01,0,2026-08-26,2026-08-26,"合同会社Ｔｒｙ",,305,"千葉県","市川市","幸１丁目２番２５号１０６号室",,12,203,2720123,,,,,,,2026-08-26,1,,,,,"トライ",0
1658,7050001006646,01,1,2026-08-26,2015-10-05,"株式会社オー・ライフ",,301,"茨城県","ひたちなか市","大字馬渡２８９６番地の６１",,08,221,3120012,,,,,,,2015-10-05,1,,,,,"オーライフ",0
1659,7050001015663,21,0,2026-08-26,2026-08-19,"常総警備保障株式会社",,301,"茨城県","つくば市","上ノ室２１６６番地３",,08,220,3050023,,,2026-08-19,11,6030001024411,"令和８年８月１日埼玉県所沢市松葉町３番１号株式会社ＫＳＳ（6030001024411）に合併し解散",2015-10-05,1,,,,,"ジョウソウケイビホショウ",0
1660,7050001058852,01,0,2026-08-26,2026-08-26,"株式会社長澤ホールディングス",,301,"茨城県","猿島郡境町","１１５６番地１",,08,546,3060433,,,,,,,2026-08-26,1,,,,,"ナガサワホールディングス",0
1661,7050002008105,01,1,2026-08-26,2015-10-05,"有限会社上田板金工業所",,302,"茨城県","ひたちなか市","大字高場５７７番地７",,08,221,3120062,,,,,,,2015-10-05,1,,,,,"ウエタバンキンコウギョウショ",0
1662,7060002014985,21,0,2026-08-26,2026-08-24,"有限会社酒石屋商店",,302,"栃木県","日光市","瀬川１６０番地",,09,206,3211263,,,2026-08-24,01,,,2015-10-05,1,,,,,"サカイシヤショウテン",0
1663,7060005010461,01,0,2026-08-26,2026-08-26,"一般社団法人Ｃｏｎｆｉｄｅｎｔｉａ　Ｐａｒｔｎｅｒｓ",,399,"栃木県","さくら市","狹間田１８７０番地１",,09,214,3291305,,,,,,,2026-08-26,1,,,,,"コンフィデンティアパートナーズ",0
1664,7070003006576,01,0,2026-08-26,2026-08-26,"ＷＡＬＩ　ＴＲＡＤＩＮＧ合同会社",,305,"群馬県","太田市","細谷町１４９１番地７ローレルハウス１０５号",,10,205,3730842,,,,,,,2026-08-26,1,,,,,"ワリトレーディング",0
1665,7070005008042,12,0,2026-08-26,2026-08-13,"特定非営利活動法人伊勢崎日本語ボランティア協会",,399,"群馬県","伊勢崎市","境島村２０９番地",,10,204,3700134,,,,,,,2015-10-05,1,,,,,"イセサキニホンゴボランティアキョウカイ",0
1666,7070005009973,12,0,2026-08-26,2026-08-07,"一般社団法人群馬県ソフトボール協会",,399,"群馬県","前橋市","鶴光路町６１番地５",,10,201,3792141,,,,,,,2022-04-11,1,,,,,"グンマケンソフトボールキョウカイ",0
1667,7080001007880,12,0,2026-08-26,2026-08-20,"汗管興業株式会社",,301,"静岡県","静岡市清水区","万世町１丁目５番１７号",,22,103,4240826,,,,,,,2015-10-05,1,,,,,"カンカンコウギョウ",0
1668,7080001012154,01,1,2026-08-26,2015-10-05,"株式会社千歳ガーデンヒルズレジデンス",,301,"静岡県","静岡市清水区","千歳町６番２７号",,22,103,4240828,,,,,,,2015-10-05,1,,,,,"チトセガーデンヒルズレジデンス",0
1669,7080001027771,01,0,2026-08-26,2026-08-26,"株式会社ベスプレ",,301,"静岡県","静岡市葵区","芝原２１番地の４",,22,101,4200955,,,,,,,2026-08-26,1,,,,,"ベスプレ",0
1670,7080401020310,12,0,2026-08-26,2026-08-24,"ワールド・ワイド・ハンドリング株式会社",,301,"静岡県","浜松市中央区","三方原町７３８番地の９、２０１号",,22,138,4338105,,,,,,,2015-10-05,1,,,,,"ワールドワイドハンドリング",0
1671,7080403005367,12,0,2026-08-26,2026-08-24,"合同会社ＫＵＫＡＮＸ",,305,"神奈川県","小田原市","東町２丁目７番１号",,14,206,2500003,,,,,,,2025-10-16,1,,,,,"クウカンエックス",0
1672,7100003008916,01,0,2026-08-26,2026-08-26,"合同会社竹音",,305,"長野県","諏訪郡富士見町","富士見８０番地１富士見テラスハウス３０２",,20,362,3990211,,,,,,,2026-08-26,1,,,,,"チクオン",0
1673,7110003006266,01,0,2026-08-26,2026-08-26,"合同会社土橋不動産",,305,"新潟県","新潟市西蒲区","巻甲２６５６番地１",,15,108,9530041,,,,,,,2026-08-26,1,,,,,"ドバシフドウサン",0
1674,7120001023304,12,0,2026-08-26,2026-08-24,"株式会社コーベランチ",,301,"兵庫県","神戸市灘区","深田町３丁目４－６",,28,102,6570038,,,,,,,2015-10-05,1,,,,,"コーベランチ",0
1675,7120001116751,01,1,2026-08-26,2015-10-05,"株式会社１５０財だん悠久保全六庵社",,301,"大阪府","大阪市淀川区","西中島６丁目２番３－２２５号",,27,123,5320011,,,,,,,2015-10-05,1,,,,,"ヒャクゴジュウザイダンユウキュウホゼンロクアンシャ",0
1676,7120001118525,11,0,2026-08-26,2026-08-24,"株式会社Ｋａｌｕ",,301,"大阪府","泉佐野市","市場東２丁目１１番３０号",,27,213,5980005,,,,,,,2015-10-05,1,,,,,"カルゥ",0
1677,7120001201009,12,0,2026-08-26,2026-08-06,"株式会社湊",,301,"大阪府","枚方市","西牧野３丁目５番１３号",,27,210,5731148,,,,,,,2016-10-05,1,,,,,"ミナト",0
1678,7120001228753,11,0,2026-08-26,2026-08-20,"株式会社スマートトラスト",,301,"大阪府","大阪市中央区","南船場３丁目７番２７号ＮＬＣ心斎橋ビル８Ｆ",,27,128,5420081,,,,,,,2020-04-23,1,,,,,"スマートトラスト",0
1679,7120001230362,12,0,2026-08-26,2026-08-24,"株式会社ソングライン",,301,"京都府","宇治市","宇治戸ノ内３６番地の４",,26,204,6110021,,,,,,,2020-07-14,1,,,,,"ソングライン",0
1680,7120001266984,12,0,2026-08-26,2026-08-04,"優逸宝株式会社",,301,"大阪府","大阪市住吉区","遠里小野６丁目１７－１８プロスピリティー住吉３０５号室",,27,120,5580032,,,,,,,2024-07-24,1,,,,,"ユウイツホウ",0
1681,7120001268080,12,0,2026-08-26,2026-08-24,"株式会社ｍｅｅｅｎ",,301,"大阪府","松原市","東新町３丁目１５番５号セジュールアミ２０３号室",,27,217,5800024,,,,,,,2024-08-28,1,,,,,"ミーン",0
1682,7120001278451,12,0,2026-08-26,2026-08-24,"楽市株式会社",,301,"大阪府","大阪市都島区","東野田町１丁目１８番６号シャトーハイツ３０３号",,27,102,5340024,,,,,,,2025-08-07,1,,,,,"ラクイチ",0
1683,7120001285547,12,0,2026-08-26,2026-08-19,"株式会社Ｓｕｎ＆Ｓｕｎ",,301,"大阪府","大阪市北区","梅田１丁目１－３大阪駅前第３ビル２９階１－１－１号室",,27,127,5300001,,,,,,,2026-04-15,1,,,,,"サンアンドサン",0
1684,7120001288517,01,0,2026-08-26,2026-08-26,"株式会社ＬＵＵ",,301,"大阪府","大阪市淀川区","西中島６丁目２番３号５０２号室",,27,123,5320011,,,,,,,2026-08-26,1,,,,,"エルユーユー",0
1685,7120001288608,01,0,2026-08-26,2026-08-26,"Ｊｐ建設株式会社",,301,"大阪府","大阪市北区","中之島４丁目３番２０－４０８号",,27,127,5300005,,,,,,,2026-08-26,1,,,,,"ジェーピーケンセツ",0
1686,7120001288616,01,0,2026-08-26,2026-08-26,"株式会社美容プロ",,301,"大阪府","大阪市北区","堂島２丁目４番４号ブリリアタワー堂島１４０６号",,27,127,5300003,,,,,,,2026-08-26,1,,,,,"ビヨウプロ",0
1687,7120002032683,12,0,2026-08-26,2026-08-24,"有限会社ベルファム",,302,"大阪府","大阪市天王寺区","生玉町１１番２９－９１６号",,27,109,5430071,,,,,,,2015-10-05,1,,,,,"ベルファム",0
1688,7120002054141,01,1,2026-08-26,2015-10-05,"有限会社松田プランニング",,302,"大阪府","大阪市鶴見区","茨田大宮２丁目７番４１号",00031108,27,124,5380031,,,,,,,2015-10-05,1,,,,,"マツダプランニング",0
1689,7120003018723,12,0,2026-08-26,2026-08-20,"合同会社Ｌｉｌｙ　Ｍｉｅｕｘ",,305,"兵庫県","神戸市中央区","生田町１丁目１番１７号４階",,28,110,6510092,,,,,,,2021-01-13,1,,,,,"リリーミュー",0
1690,7120003033301,01,0,2026-08-26,2026-08-26,"ＣＨＡ　ＬＥＧＡＣＹ合同会社",,305,"大阪府","大阪市中央区","南船場３丁目２番２２号おおきに南船場ビル２０５",,27,128,5420081,,,,,,,2026-08-26,1,,,,,"チャレガシー",0
1691,7120005025742,01,0,2026-08-26,2026-08-26,"一般社団法人事業成長支援協会",,399,"大阪府","大阪市北区","天満２丁目１３番１８号ＳＵＣＣＥＳＳＢＬＤ．６Ｆ",,27,127,5300043,,,,,,,2026-08-26,1,,,,,"ジギョウセイチョウシエンキョウカイ",0
1692,7120101054620,01,1,2026-08-26,2016-04-13,"株式会社ＥＬＳ２１",,301,"大阪府","堺市堺区","錦之町西１丁１番９号",,27,141,5900931,,,,,,,2016-04-13,1,,,,,"イーエルエスニジュウイチ",0
1693,7120101055040,01,1,2026-08-26,2016-07-12,"株式会社泉州商会",,301,"大阪府","高石市","加茂２丁目７番４６号",,27,225,5920011,,,,,,,2016-07-12,1,,,,,"センシュウショウカイ",0
1694,7120101074263,01,0,2026-08-26,2026-08-26,"ＳＥＮＳＨＵ株式会社",,301,"大阪府","和泉市","テクノステージ３丁目４番８号",,27,219,5941144,,,,,,,2026-08-26,1,,,,,"センシュウ",0
1695,7120103005613,12,0,2026-08-26,2026-08-19,"雄輝合同会社",,305,"大阪府","大阪市生野区","巽北１丁目２１－２９生野ハイツ４１２",,27,116,5440004,,,,,,,2024-01-10,1,,,,,"ユウキ",0
1696,7120901045018,11,0,2026-08-26,2026-08-21,"馬場電設株式会社",,301,"大阪府","吹田市","藤白台１丁目２番Ｄ３３－１０８号",,27,205,5650873,,,,,,,2021-10-07,1,,,,,"ババデンセツ",0
1697,7120901053111,01,0,2026-08-26,2026-08-26,"株式会社Ｐｌｕｍｅｒｉａ　Ｍａｎａｇｅｍｅｎｔ",,301,"大阪府","箕面市","小野原西３丁目１４番８号",,27,220,5620032,,,,,,,2026-08-26,1,,,,,"プルメリアマネージメント",0
1698,7120905003302,01,1,2026-08-26,2015-10-05,"医療法人みの歯科医院",,399,"大阪府","池田市","旭丘１丁目１１番１８号",,27,204,5630022,,,,,,,2015-10-05,1,,,,,"ミノシカイイン",0
1699,7122001019595,01,1,2026-08-26,2015-10-05,"株式会社西日本エンジニアリング",,301,"大阪府","八尾市","西木の本３丁目１０４番地",,27,212,5810045,,,,,,,2015-10-05,1,,,,,"ニシニホンエンジニアリング",0
1700,7122001040840,01,0,2026-08-26,2026-08-26,"株式会社コインポケット",,301,"大阪府","東大阪市","善根寺町１丁目２－３４",,27,227,5798001,,,,,,,2026-08-26,1,,,,,"コインポケット",0
1701,7122002017243,01,1,2026-08-26,2015-10-05,"有限会社マインドミフー",,302,"大阪府","八尾市","柏村町１丁目３０番地",,27,212,5810022,,,,,,,2015-10-05,1,,,,,"マインドミフー",0
1702,7130001026677,21,0,2026-08-26,2026-08-24,"株式会社六兵衛金庫",,301,"京都府","京都市下京区","烏丸通松原上る因幡堂町６８２番地ハン六内",,26,106,6008415,,,2026-08-24,11,9160001002376,"令和８年８月２１日滋賀県大津市中央二丁目２番２２号ニューバラビル内株式会社アスクルハン六（9160001002376）に合併し解散",2015-10-05,1,,,,,"ロクベエキンコ",0
1703,7130001033079,12,0,2026-08-26,2026-08-05,"槙島木材株式会社",,301,"京都府","城陽市","寺田高田４１番地の２",,26,207,6100121,,,,,,,2015-10-05,1,,,,,"マキシマモクザイ",0
1704,7130001082869,01,0,2026-08-26,2026-08-26,"株式会社Ｗｉｔｈ　Ｌｉｓｓ",,301,"京都府","京都市伏見区","向島橋詰町７７０番地６",,26,109,6128111,,,,,,,2026-08-26,1,,,,,"ウィズリス",0
1705,7130002005432,21,0,2026-08-26,2026-08-04,"有限会社島計測研究所",,302,"京都府","京都市左京区","松ケ崎柳井田町５番地の２",,26,103,6060904,,,2026-08-04,01,,,2015-10-05,1,,,,,"シマケイソクケンキュウショ",0
1706,7130002017733,01,1,2026-08-26,2015-10-05,"有限会社理公",,302,"京都府","京都市上京区","上長者町通烏丸西入元浄花院町５７７番１",,26,102,6028001,,,,,,,2015-10-05,0,,,,,"リコウ",0
1707,7130002017733,12,1,2026-08-26,2026-08-03,"有限会社理公",,302,"京都府","京都市上京区","新町通中立売下がる仕丁町３３１－７",,26,102,6020000,,,,,,,2015-10-05,1,,,,,"リコウ",0
1708,7140001120966,12,0,2026-08-26,2026-08-21,"株式会社飯田住建",,301,"兵庫県","姫路市","中地南町１０８番地",,28,201,6700975,,,,,,,2021-04-06,1,,,,,"イイダジュウケン",0
1709,7140001143653,01,0,2026-08-26,2026-08-26,"株式会社山下組",,301,"兵庫県","神戸市長田区","萩乃町３丁目２番１３号",,28,106,6530873,,,,,,,2026-08-26,1,,,,,"ヤマシタグミ",0
1710,7140002022749,01,1,2026-08-26,2015-10-05,"有限会社ビルボード",,302,"兵庫県","神戸市中央区","二宮町４丁目２１番９号",,28,110,6510093,,,,,,,2015-10-05,1,,,,,"ビルボード",0
1711,7160001016774,12,0,2026-08-26,2026-08-25,"株式会社ピア",,301,"滋賀県","大津市","衣川１丁目１８番３１号",,25,201,5200244,,,,,,,2015-10-05,1,,,,,"ピア",0
1712,7160001027870,01,0,2026-08-26,2026-08-26,"株式会社ＭＭ　Ｆｏｒｔｕｎｅ",,301,"滋賀県","草津市","若竹町１番３８－２０１号",,25,206,5250031,,,,,,,2026-08-26,1,,,,,"エムエムフォーチュン",0
1713,7170001006428,01,1,2026-08-26,2015-10-05,"株式会社ＳＯＳネットワーク",,301,"和歌山県","和歌山市","三葛９１９番地",,30,201,6410011,,,,,,,2015-10-05,1,,,,,"エスオーエスネットワーク",0
1714,7170002001452,12,0,2026-08-26,2026-08-24,"有限会社弘成開発",,302,"和歌山県","和歌山市","吐前８３４番地１",,30,201,6496275,,,,,,,2015-10-05,0,,,,,"コウセイカイハツ",0
1715,7170002001452,11,0,2026-08-26,2026-08-24,"有限会社ユーリンク",,302,"和歌山県","和歌山市","吐前８３４番地１",,30,201,6496275,,,,,,,2015-10-05,1,,,,,"ユーリンク",0
1716,7170002005759,12,0,2026-08-26,2026-08-24,"有限会社７２・ウイング",,302,"和歌山県","紀の川市","貴志川町丸栖１０４７番地１３",,30,208,6400401,,,,,,,2015-10-05,1,,,,,"セブンツーウイング",0
1717,7180001027308,01,1,2026-08-26,2015-10-05,"ミユキ工業株式会社",,301,"愛知県","名古屋市西区","城西４丁目２５番２０号",,23,104,4510031,,,,,,,2015-10-05,1,,,,,"ミユキコウギョウ",0
1718,7180001074969,01,1,2026-08-26,2015-10-05,"株式会社松本工業所",,301,"愛知県","春日井市","廻間町４６６番地",,23,206,4870031,,,,,,,2015-10-05,1,,,,,"マツモトコウギョウジョ",0
1719,7180001173259,01,0,2026-08-26,2026-08-26,"株式会社アルヒ",,301,"愛知県","名古屋市中村区","日吉町１４番１号アーバンパーク日吉１２０８",,23,105,4530029,,,,,,,2026-08-26,1,,,,,"アルヒ",0
1720,7180002053880,01,1,2026-08-26,2015-10-05,"有限会社ＡＯＫＩ　ＴＲＡＤＩＮＧ　ＣＯＭＰＡＮＹ",,302,"愛知県","名古屋市中村区","横井２丁目１３１番地",,23,105,4530866,,,,,,,2015-10-05,1,,,,,"アオキトレーディングカンパニー",0
1721,7180003020987,12,0,2026-08-26,2026-08-24,"合同会社バディ",,305,"静岡県","駿東郡長泉町","元長窪８９５",,22,342,4110936,,,,,,,2020-03-25,1,,,,,"バディ",0
1722,7180003022397,12,0,2026-08-26,2026-07-30,"合同会社ＡＬＭＡ　ＪＡＰＡＮ",,305,"愛知県","名古屋市中区","松原２丁目１９番３７号（グランクレスト３０３号）",,23,106,4600017,,,,,,,2021-04-19,1,,,,,"アルマジャパン",0
1723,7180301030606,12,0,2026-08-26,2026-08-13,"株式会社アースワーク",,301,"愛知県","豊橋市","多米東町１丁目１０番地８",,23,201,4400028,,,,,,,2017-07-24,1,,,,,"アースワーク",0
1724,7180301034400,12,0,2026-08-26,2026-08-10,"株式会社ノワール",,301,"愛知県","豊川市","萩山町１丁目３４番地１",,23,207,4420879,,,,,,,2020-12-14,1,,,,,"ノワール",0
1725,7180302020960,12,0,2026-08-26,2026-08-10,"有限会社ＢｉｒｄＭａｎ",,302,"愛知県","豊田市","喜多町２丁目１７０番地ＫｉＴＡＲＡ１０８",,23,211,4710027,,,,,,,2015-10-05,1,,,,,"バードマン",0
1726,7190002021507,21,0,2026-08-26,2026-08-18,"有限会社みのりエージェンシー",,302,"三重県","四日市市","大字茂福甲４７３番地の３",,24,202,5108027,,,2026-08-18,01,,,2015-10-05,1,,,,,"ミノリエージェンシー",0
1727,7190003003165,12,0,2026-08-26,2026-08-13,"株式会社ＥＫホールディングス",,301,"三重県","津市","中央１０番１０号",,24,201,5140032,,,,,,,2019-07-22,1,,,,,"イーケーホールディングス",0
1728,7190003004031,21,0,2026-08-26,2026-08-17,"合同会社タップ・ホア・コ・バ",,305,"三重県","鈴鹿市","神戸１丁目３番１２号",,24,207,5130801,,,2026-08-17,01,,,2022-07-08,1,,,,,"タップホアコバ",0
1729,7200001013222,01,1,2026-08-26,2015-10-05,"株式会社伊吹",,301,"岐阜県","大垣市","長松町１１２９番地の１",,21,202,5030997,,,,,,,2015-10-05,1,,,,,"イブキ",0
1730,7220003000893,01,1,2026-08-26,2015-10-05,"合資会社ウェルビーシステム",,304,"石川県","能美市","福島町ヘ１９８番地",,17,211,9290112,,,,,,,2015-10-05,1,,,,,"ウェルビーシステム",0
1731,7220005003052,12,0,2026-08-26,2026-08-24,"特定非営利活動法人石川県茅葺き文化研究会",,399,"石川県","金沢市","湯涌町イ２７番地",,17,201,9201123,,,,,,,2015-10-05,1,,,,,"イシカワケンカヤブキブンカケンキュウカイ",0
1732,7220005005569,01,1,2026-08-26,2015-10-05,"四柳神社",,399,"石川県","羽咋市","四柳町ナ、１７番地",,17,207,9250073,,,,,,,2015-10-05,1,,,,,"ヨツヤナギジンジャ",0
1733,7230002008318,01,1,2026-08-26,2015-10-05,"有限会社しまや",,302,"富山県","下新川郡入善町","入膳５２３０番地の２１",,16,342,9390626,,,,,,,2015-10-05,1,,,,,"シマヤ",0
1734,7240001002460,21,0,2026-08-26,2026-08-24,"株式会社河原鮮魚店",,301,"広島県","広島市安佐北区","安佐町大字飯室１５９５番地３",,34,106,7311142,,,2026-08-24,01,,,2015-10-05,1,,,,,"カワハラセンギョテン",0
1735,7240001014332,01,1,2026-08-26,2015-10-05,"住宅システム販売株式会社",,301,"広島県","広島市西区","上天満町２番３２号",,34,104,7330021,,,,,,,2015-10-05,1,,,,,"ジュウタクシステムハンバイ",0
1736,7240001038067,01,1,2026-08-26,2015-10-05,"コーエイ株式会社",,301,"広島県","尾道市","向島町１６０５６番地の２",,34,205,7220073,,,,,,,2015-10-05,1,,,,,"コーエイ",0
1737,7240001043819,01,1,2026-08-26,2015-10-05,"株式会社大野工業",,301,"広島県","廿日市市","宮内字城ケ谷７１５番地の７",,34,213,7380034,,,,,,,2015-10-05,0,,,,,"オオノコウギョウ",0
1738,7240001043819,21,1,2026-08-26,2019-01-30,"株式会社大野工業",,301,"広島県","廿日市市","宮内字城ケ谷７１５番地の７",,34,213,7380034,,,2019-01-30,21,,,2015-10-05,0,,,,,"オオノコウギョウ",0
1739,7240001043819,22,1,2026-08-26,2026-08-04,"株式会社大野工業",,301,"広島県","廿日市市","宮内字城ケ谷７１５番地の７",,34,213,7380034,,,,,,,2015-10-05,1,,,,,"オオノコウギョウ",0
1740,7240001062158,12,0,2026-08-26,2026-08-21,"株式会社ワークス",,301,"広島県","広島市中区","八丁堀１２番２２号築地ビル３０３号室",,34,101,7300013,,,,,,,2023-09-22,1,,,,,"ワークス",0
1741,7240005010757,01,1,2026-08-26,2015-10-05,"市原中下生産森林組合",,399,"広島県","尾道市","木ノ庄町木梨甲７００番地",,34,205,7220234,,,,,,,2015-10-05,0,,,,,"イチバラナカシモ",0
1742,7240005010757,12,1,2026-08-26,2019-04-01,"市原中下生産森林組合",,399,"広島県","尾道市","木ノ庄町市原９６０番地",,34,205,7220233,,,,,,,2015-10-05,1,,,,,"イチバラナカシモ",0
1743,7240005012349,21,0,2026-08-26,2026-08-21,"特定非営利活動法人ジャフィーノジャパン",,399,"広島県","福山市","港町２丁目１７－４８",,34,207,7210964,,,2026-08-21,01,,,2015-10-05,1,,,,,"ジャフィーノジャパン",0
1744,7250001016229,12,0,2026-08-26,2026-08-24,"株式会社セイサイ",,301,"山口県","下関市","東大和町２丁目２番１７号１階",,35,201,7500066,,,,,,,2016-10-12,1,,,,,"セイサイ",0
1745,7290001024186,12,0,2026-08-26,2026-08-17,"株式会社上原製作所",,301,"福岡県","福岡市博多区","半道橋２丁目７番２２号",,40,132,8120897,,,,,,,2015-10-05,1,,,,,"ウエハラセイサクショ",0
1746,7290001089881,12,0,2026-08-26,2026-08-17,"ビオレ管理株式会社",,301,"福岡県","福岡市中央区","大名２丁目１０番２号Ｂ－１１０６号",,40,133,8100041,,,,,,,2020-08-25,1,,,,,"ビオレカンリ",0
1747,7290001100796,12,0,2026-08-26,2026-08-12,"株式会社爽健の森",,301,"兵庫県","西宮市","甲子園六石町２番１号",,28,204,6638164,,,,,,,2023-03-07,1,,,,,"ソウケンノモリ",0
1748,7290001109061,12,0,2026-08-26,2026-08-07,"秀峰リアルエステート・マネジメント株式会社",,301,"福岡県","大野城市","瑞穂町４丁目２番８号",,40,219,8160933,,,,,,,2025-02-20,1,,,,,"シュウホウリアルエステートマネジメント",0
1749,7290001113204,12,0,2026-08-26,2026-07-29,"株式会社ＥＤＩＴＩＯＮ　ＤＥ　ＫＩＯＫＵ",,301,"福岡県","福岡市早良区","百道浜３丁目９番３３号",,40,137,8140001,,,,,,,2026-02-25,1,,,,,"エディションドキオク",0
1750,7290001115274,01,0,2026-08-26,2026-08-26,"株式会社フミコ",,301,"福岡県","福岡市博多区","那珂６丁目２１番４－１４０１号",00144725,40,132,8120893,,,,,,,2026-08-26,1,,,,,"フミコ",0
1751,7290002025869,12,0,2026-08-26,2026-08-24,"株式会社幸伸電気",,301,"福岡県","福岡市東区","多の津４丁目２４番５号",,40,131,8130034,,,,,,,2015-10-05,1,,,,,"コウシンデンキ",0
1752,7290003018830,01,0,2026-08-26,2026-08-26,"合同会社Ｂｌｕｅｂｉｒｄ　Ｘ",,305,"福岡県","福岡市中央区","薬院１丁目１５番２３号",,40,133,8100022,,,,,,,2026-08-26,1,,,,,"ブルーバードエックス",0
1753,7290005011800,01,1,2026-08-26,2015-10-05,"弘照寺",,399,"福岡県","三潴郡大木町","大字上牟田口３４２番地",,40,522,8300413,,,,,,,2015-10-05,1,,,,,"コウショウジ",0
1754,7290803002430,12,0,2026-08-26,2026-08-07,"合同会社エニシア",,305,"福岡県","北九州市小倉南区","日の出町１丁目６－４７－７０３",,40,107,8020842,,,,,,,2015-10-05,1,,,,,"エニシア",0
1755,7310003005289,01,0,2026-08-26,2026-08-26,"ＳＪＮａｇａｓａｋｉ合同会社",,305,"長崎県","大村市","中岳町１１５８番地",,42,205,8560013,,,,,,,2026-08-26,1,,,,,"エスジェイナガサキ",0
1756,7320001007278,21,0,2026-08-26,2026-08-21,"ＦＵＬＬ　ＡＴＨＬＥＴＥ株式会社",,301,"大分県","速見郡日出町","３４７９番地１",,44,341,8791506,,,2026-08-21,01,,,2015-10-05,1,,,,,"フルアスリート",0
1757,7320002011642,01,1,2026-08-26,2015-10-05,"有限会社スポーツフジワラ",,302,"大分県","別府市","石垣東８丁目５番１７号",,44,202,8740919,,,,,,,2015-10-05,1,,,,,"スポーツフジワラ",0
1758,7320002016848,21,0,2026-08-26,2026-08-18,"有限会社寿し好",,302,"大分県","佐伯市","中村東町１０番３号",,44,205,8760853,,,2026-08-18,01,,,2015-10-05,1,,,,,,0
1759,7330001034593,01,0,2026-08-26,2026-08-26,"Ｇｏｅｎ　Ｄａｙ株式会社",,301,"熊本県","熊本市中央区","南千反畑町１０－５田上ビル２階Ｂ号",,43,101,8600842,,,,,,,2026-08-26,1,,,,,"ゴエンデイ",0
1760,7330001034602,01,0,2026-08-26,2026-08-26,"株式会社いとしごと",,301,"熊本県","山鹿市","中央通１００７番地",,43,208,8610516,,,,,,,2026-08-26,1,,,,,"イトシゴト",0
1761,7330001034610,01,0,2026-08-26,2026-08-26,"株式会社ダイニング中村",,301,"熊本県","熊本市北区","下硯川１丁目２番２５号",,43,105,8615526,,,,,,,2026-08-26,1,,,,,"ダイニングナカムラ",0
1762,7330003011715,01,0,2026-08-26,2026-08-26,"ＴＳＡ合同会社",,305,"熊本県","熊本市北区","植木町亀甲２０４２番地１",,43,105,8610127,,,,,,,2026-08-26,1,,,,,"ティーエスエー",0
1763,7330005003033,21,0,2026-08-26,2026-08-24,"農事組合法人新明養豚生産組合",,399,"熊本県","菊池市","旭志新明字登里肥１０２３番地",,43,210,8691207,,,2026-08-24,01,,,2015-10-05,1,,,,,"シンメイヨウトンセイサンクミアイ",0
1764,7340001000124,01,1,2026-08-26,2015-10-05,"株式会社伊集院殖産",,301,"鹿児島県","日置市","伊集院町郡１丁目８５番地",,46,216,8992504,,,,,,,2015-10-05,1,,,,,"イジュウインショクサン",0
1765,7340001004827,01,1,2026-08-26,2015-10-05,"株式会社水協設計事務所",,301,"鹿児島県","鹿児島市","紫原７丁目２８番６号",,46,201,8900082,,,,,,,2015-10-05,1,,,,,"スイキョウセッケイジムショ",0
1766,7340001017192,01,1,2026-08-26,2015-10-05,"ＷＥＳＴ　ＧＡＲＤＥＮ株式会社",,301,"鹿児島県","阿久根市","西目２４９番地１",,46,206,8991627,,,,,,,2015-10-05,1,,,,,"ウエストガーデン",0
1767,7360001037214,01,0,2026-08-26,2026-08-26,"ＧｅａｒＣｈａｎｇｅ株式会社",,301,"沖縄県","名護市","字宇茂佐４２８―２４",,47,209,9050006,,,,,,,2026-08-26,1,,,,,"ギアチェンジ",0
1768,7370602000726,01,1,2026-08-26,2015-10-05,"有限会社さかえや",,302,"宮城県","塩竈市","栄町８番３７号",,04,203,9850063,,,,,,,2015-10-05,1,,,,,"サカエヤ",0
1769,7380001004443,12,0,2026-08-26,2026-08-06,"朝日鋼業株式会社",,301,"福島県","郡山市","中町１４番６号中町ベース１Ｆ",,07,203,9638004,,,,,,,2015-10-05,1,,,,,"アサヒコウギョウ",0
1770,7380001033351,12,0,2026-08-26,2026-08-20,"タムライーシーペレット株式会社",,301,"福島県","田村市","都路町岩井沢字小与内８８番地",,07,211,9634702,,,,,,,2022-12-26,1,,,,,"タムライーシーペレット",0
1771,7390002014449,01,1,2026-08-26,2015-10-05,"有限会社中村産業",,302,"山形県","南陽市","梨郷６１４番地の２",,06,213,9920477,,,,,,,2015-10-05,1,,,,,"ナカムラサンギョウ",0
1772,7400002010891,01,1,2026-08-26,2015-10-05,"有限会社レストランほりた",,302,"岩手県","宮古市","新川町４番１号",,03,202,0270081,,,,,,,2015-10-05,1,,,,,"レストランホリタ",0
1773,7410001013861,12,0,2026-08-26,2026-08-24,"株式会社Ａ’ｓ",,301,"秋田県","秋田市","新屋松美ガ丘南町１９番８号",,05,201,0101616,,,,,,,2024-07-08,1,,,,,"アズ",0
1774,7420001013992,12,0,2026-08-26,2026-08-18,"株式会社ヴァンラーレ八戸",,301,"青森県","八戸市","大字新井田字松山中野場２９番地１",,02,203,0310813,,,,,,,2015-10-05,1,,,,,"ヴァンラーレハチノヘ",0
1775,7420003002696,01,1,2026-08-26,2023-04-07,"合同会社オフィスセンカワ",,305,"青森県","青森市","新町２丁目２－１１東奥日報新町ビル２Ｆ　ｓｅｖｅｎＣ’ｓ",,02,201,0300801,,,,,,,2023-04-07,1,,,,,"オフィスセンカワ",0
1776,7430001023603,01,1,2026-08-26,2015-10-05,"丸藤運輸株式会社",,301,"北海道","札幌市北区","新川一条６丁目１番１２号",,01,102,0010921,,,,,,,2015-10-05,1,,,,,"マルフジウンユ",0
1777,7430001025731,21,0,2026-08-26,2026-08-20,"株式会社ワークス北雄",,301,"北海道","札幌市白石区","北郷二条３丁目１０番９号",,01,104,0030832,,,2026-08-20,01,,,2015-10-05,1,,,,,"ワークスホクユウ",0
1778,7430001062618,01,1,2026-08-26,2015-10-05,"ＳＲエンタープライズ株式会社",,301,"北海道","苫小牧市","住吉町１丁目８番６号",,01,213,0530046,,,,,,,2015-10-05,1,,,,,"エスアールエンタープライズ",0
1779,7430001073350,01,1,2026-08-26,2017-02-17,"株式会社ｍｏｎｏねっと",,301,"北海道","江別市","文京台東町１１番地３１",,01,217,0690834,,,,,,,2017-02-17,1,,,,,"モノネット",0
1780,7430001095015,12,0,2026-08-26,2026-08-24,"株式会社ＧＯＡＴ",,301,"北海道","札幌市中央区","南一条西８丁目１１番地４日専連ジェミスビル９０３号",,01,101,0600061,,,,,,,2025-08-07,1,,,,,"ゴート",0
1781,7430001097564,01,0,2026-08-26,2026-08-26,"株式会社グリックス",,301,"北海道","札幌市清田区","里塚二条３丁目１２番２０号",,01,110,0040802,,,,,,,2026-08-26,1,,,,,"グリックス",0
1782,7430002033147,21,0,2026-08-26,2026-08-20,"有限会社タギ建築環境コンサルタント",,302,"北海道","札幌市手稲区","手稲本町四条４丁目２－３１",,01,109,0060024,,,2026-08-20,01,,,2015-10-05,1,,,,,,0
1783,7430002057815,21,0,2026-08-26,2026-08-20,"有限会社はしもと",,302,"北海道","岩内郡岩内町","字高台１２番地の１６",,01,402,0450013,,,2026-08-20,01,,,2015-10-05,1,,,,,"ハシモト",0
1784,7430002062583,01,1,2026-08-26,2015-10-05,"有限会社田下漁業",,302,"北海道","幌泉郡えりも町","字えりも岬８６番地の１",,01,609,0580342,,,,,,,2015-10-05,1,,,,,"タシタギョギョウ",0
1785,7430005005829,21,0,2026-08-26,2026-08-21,"特定非営利活動法人ＢＬＯＯＭ",,399,"北海道","札幌市白石区","平和通６丁目南７番１０号",,01,104,0030028,,,2026-08-21,01,,,2015-10-05,1,,,,,"ブルーム",0
1786,7470001015852,12,0,2026-08-26,2026-08-21,"株式会社マイスエー",,301,"香川県","高松市","朝日町５丁目６番５号",,37,201,7600065,,,,,,,2016-08-10,1,,,,,"マイスエー",0
1787,7470001018401,21,0,2026-08-26,2026-08-21,"株式会社ＫＡＧＡＷＡの芝生",,301,"香川県","高松市","国分寺町新名１９１番地３",,37,201,7690104,,,2026-08-21,01,,,2021-03-03,1,,,,,"カガワノシバフ",0
1788,7500001027043,12,0,2026-08-26,2026-08-24,"株式会社ＳＯＬＶＩＡ",,301,"愛媛県","松山市","本町７丁目１番１４号グランドハイム本町１０１号室",,38,201,7900811,,,,,,,2026-07-22,1,,,,,"ソルヴィア",0
1789,7500002005700,21,0,2026-08-26,2026-08-25,"有限会社福岡工業",,302,"愛媛県","松山市","森松町７２番地２",,38,201,7911113,,,2026-08-25,01,,,2015-10-05,1,,,,,"フクオカコウギョウ",0
1790,7500003003323,12,0,2026-08-26,2026-08-20,"ＨＥＲＺＳＣＨＯＥＮ合同会社",,305,"東京都","中央区","勝どき５丁目３－１勝どきザ・タワー３０２９",,13,102,1040054,,,,,,,2024-09-09,1,,,,,"ヘルツシェーン",0
1791,7700150059040,12,0,2026-08-26,2026-07-03,"日本棋院九州本部",,499,"福岡県","福岡市中央区","渡辺通１丁目１番１号サンセルコ地下１階",,40,133,8100004,,,,,,,2015-10-09,1,,,,,"ニホンキインキユウシユウホンブ",0
1792,7700150137102,01,0,2026-08-26,2026-08-26,"向洋台区自治会",,499,"宮崎県","日向市","大字平岩６４４９番地１１０",,45,206,8830022,,,,,,,2026-08-26,1,,,,,"コウヨウダイクジチカイ",0
1793,7700150137110,01,0,2026-08-26,2026-08-26,"Ｓｈｅｎｚｈｅｎｓｈｉ　ＹｉＬａｎｇ　Ｚｈｉｎｅｎｇｋｅｊｉ　Ｙｏｕｘｉａｎｇｏｎｇｓｉ",,401,,,,,,,,"５０５　３ｄｏｎｇｃｈａｎｇｆａｎｇ　Ｈｏｎｇｓｈｅｎｇｇｏｎｇｙｅｙｕａｎ　Ｂａｏａｎｄａｄａｏ　４３３６ｈａｏ　Ｇｕｘｉｎｇｓｈｅｑｕ　Ｘｉｘｉａｎｇｊｉｅｄａｏ　Ｂａｏａｎｑｕ　Ｓｈｅｎｚｈｅｎｓｈｉ",,,,,,2026-08-26,1,,,,,"シンセンシーイーランジーノンクージーユウゲンコウシ",0
1794,8010001141396,12,0,2026-08-26,2026-07-27,"株式会社Ｍ　Ｌａｂｓ",,301,"東京都","中央区","日本橋蛎殻町１丁目３２番２号小谷野ビル２階",,13,102,1030014,,,,,,,2015-10-05,1,,,,,"エムラブズ",0
1795,8010001241394,12,0,2026-08-26,2026-07-29,"株式会社レクシア",,301,"東京都","中央区","銀座１丁目１２番４号Ｎ＆ＥＢＬＤ．６Ｆ",,13,102,1040061,,,,,,,2024-01-12,1,,,,,"レクシア",0
1796,8010001250065,01,1,2026-08-26,2024-11-19,"帝合株式会社",,301,"東京都","中央区","日本橋人形町３丁目６番３号５０１室",,13,102,1030013,,,,,,,2024-11-19,0,,,,,"テイゴウ",0
1797,8010001250065,12,1,2026-08-26,2025-04-07,"帝合株式会社",,301,"東京都","足立区","入谷１丁目１４番１５号",,13,121,1210836,,,,,,,2024-11-19,0,,,,,"テイゴウ",0
1798,8010001250065,12,1,2026-08-26,2026-08-20,"帝合株式会社",,301,"東京都","足立区","皿沼３丁目３０番６号",,13,121,1230862,,,,,,,2024-11-19,1,,,,,"テイゴウ",0
1799,8010001263406,12,0,2026-08-26,2026-08-24,"双益丹株式会社",,301,"東京都","葛飾区","東新小岩７丁目３０番１７号カノーハイム１階",,13,122,1240023,,,,,,,2026-03-10,1,,,,,"ソウエキタン",0
1800,8010001268330,01,0,2026-08-26,2026-08-26,"株式会社ロボスタディオン",,301,"東京都","千代田区","外神田３丁目５番５号５０５号",,13,101,1010021,,,,,,,2026-08-26,1,,,,,"ロボスタディオン",0
1801,8010003028666,21,0,2026-08-26,2026-07-28,"合同会社コートヒルズラディ",,305,"東京都","千代田区","丸の内１丁目４番１号東京共同会計事務所内",,13,101,1000005,,,2026-07-28,01,,,2018-11-15,1,,,,,"コートヒルズラディ",0
1802,8010003038657,21,0,2026-08-26,2026-08-24,"合同会社ＣＯＣＯＸＩＡ",,305,"東京都","大田区","池上７丁目２－７",,13,111,1460082,,,2026-08-24,01,,,2022-09-21,1,,,,,"ココクシア",0
1803,8010003052451,01,0,2026-08-26,2026-08-26,"合同会社潜途",,305,"東京都","中央区","晴海５丁目６番７―４２０５号",,13,102,1040053,,,,,,,2026-08-26,1,,,,,"セント",0
1804,8010005036337,12,0,2026-08-26,2026-07-23,"一般社団法人最新医療研究会",,399,"東京都","中央区","日本橋本町３丁目１１番５号",,13,102,1030023,,,,,,,2023-03-06,1,,,,,"サイシンイリョウケンキュウカイ",0
1805,8010401032559,12,0,2026-08-26,2026-08-21,"東観貿易株式会社",,301,"千葉県","千葉市中央区","村田町１３６番地の２６",,12,101,2600825,,,,,,,2015-10-05,1,"Tokan Boeki Co.,Ltd.",,,,"トウカンボウエキ",0
1806,8010401055898,12,0,2026-08-26,2026-08-19,"株式会社エフアールエム",,301,"東京都","港区","新橋２丁目１６番１号",,13,103,1050004,,,,,,,2015-10-05,1,,,,,"エフアールエム",0
1807,8010401180993,11,0,2026-08-26,2026-07-23,"ＢＲＩＧＡＮＴＩＡ　ＳＷＩＳＳ株式会社",,301,"京都府","京都市右京区","嵯峨天龍寺今堀町２０番地１",,26,108,6168366,,,,,,,2024-03-14,1,,,,,"ブリガンティアスイス",0
1808,8010401201543,01,0,2026-08-26,2026-08-26,"株式会社ＳＰＡＣＥＴＷＩＮ‐Ｘ",,301,"東京都","港区","芝公園１丁目１番１号",,13,103,1050011,,,,,,,2026-08-26,1,,,,,"スペースツインエックス",0
1809,8010401201709,01,0,2026-08-26,2026-08-26,"株式会社ニノブ",,301,"東京都","港区","赤坂２丁目１４－１１天翔赤坂ビル５０４号室",,13,103,1070052,,,,,,,2026-08-26,1,,,,,"ニノブ",0
1810,8010403019240,12,0,2026-08-26,2026-08-21,"ＩＺＵＳＨＩＭＡ　ＳＯＬＡＲ合同会社",,305,"東京都","渋谷区","道玄坂１丁目２１番１号株式会社リエネ・エナジー内",,13,113,1500043,,,,,,,2018-09-03,1,,,,,"イズシマソーラー",0
1811,8010403021592,12,0,2026-08-26,2026-08-24,"合同会社ＧＳＣ　Ｆｕｎｄｉｎｇ２",,305,"東京都","新島村","字川原２０１番地２",,13,363,1000400,,,,,,,2019-10-09,1,,,,,"ジーエスシーファンディングツー",0
1812,8010403035213,12,0,2026-08-26,2026-08-24,"合同会社ｈａｉＢｏ",,305,"東京都","千代田区","麹町５丁目３番地第７秋山ビルディング８Ｆ",,13,101,1020083,,,,,,,2025-05-28,1,,,,,"ハイボ",0
1813,8010501026089,01,1,2026-08-26,2015-10-05,"株式会社文芸事務所",,301,"東京都","台東区","台東２丁目３１番７号",,13,106,1100016,,,,,,,2015-10-05,1,,,,,"ブンゲイジムショ",0
1814,8010501029711,12,0,2026-08-26,2026-08-24,"株式会社アークヴェラ",,301,"東京都","台東区","上野３丁目１３番９号",,13,106,1100005,,,,,,,2015-10-05,1,,,,,"アークヴェラ",0
1815,8010501035742,12,0,2026-08-26,2026-08-24,"株式会社Ｍ．Ｉ．Ｐ",,301,"東京都","千代田区","神田神保町３丁目１１番６号神保町ビル１０階",,13,101,1010051,,,,,,,2015-10-05,1,,,,,"エムアイピー",0
1816,8010503008432,01,0,2026-08-26,2026-08-26,"合同会社つばめ",,305,"東京都","台東区","柳橋２丁目４番３号タートル浅草橋３０１",,13,106,1110052,,,,,,,2026-08-26,1,,,,,"ツバメ",0
1817,8010601005158,01,1,2026-08-26,2015-10-05,"ハナリテント株式会社",,301,"東京都","江東区","永代２丁目３１番１４号星和門前仲町ハイツ１０１号",,13,108,1350034,,,,,,,2015-10-05,1,,,,,"ハナリテント",0
1818,8010601058552,12,0,2026-08-26,2026-08-24,"株式会社ｌａｓｅｅｅｋ",,301,"長野県","北佐久郡軽井沢町","大字長倉４５０９番地２９",,20,321,3890111,,,,,,,2020-12-24,1,,,,,"ラシク",0
1819,8010602016947,01,1,2026-08-26,2015-10-05,"有限会社水谷クリーニング商会",,302,"東京都","墨田区","両国３丁目１８番２号",,13,107,1300026,,,,,,,2015-10-05,1,,,,,"ミズタニクリーニングショウカイ",0
1820,8010701050062,01,0,2026-08-26,2026-08-26,"株式会社Ｔｒｅｖａ",,301,"東京都","品川区","南大井２丁目９番７－５０２号",,13,109,1400013,,,,,,,2026-08-26,1,,,,,"トレヴァ",0
1821,8010801037694,01,0,2026-08-26,2026-08-26,"ＥＮＣＬＡＶＥ株式会社",,301,"東京都","大田区","南蒲田２丁目１６番２号テクノポート大樹生命ビル９階",,13,111,1440035,,,,,,,2026-08-26,1,,,,,"エンクレイヴ",0
1822,8011001073836,21,0,2026-08-26,2026-08-24,"株式会社アージュレス",,301,"東京都","日野市","大坂上１丁目３０番地の２０",,13,212,1910061,,,2026-08-24,11,2020001054999,"令和８年８月１日横浜市鶴見区小野町７５番地１横浜新技術創造館リーディングベンチャープラザ株式会社バイオメッドコア（2020001054999）に合併し解散",2015-10-05,1,,,,,"アージュレス",0
1823,8011001096795,12,0,2026-08-26,2026-08-21,"株式会社Ｗ　ＳＴＡＲ　ｃｏｒｐｏｒａｔｉｏｎ",,301,"東京都","豊島区","南長崎６丁目１３番９－４０１号",,13,116,1710052,,,,,,,2015-10-05,1,,,,,"ダブリュースターコーポレーション",0
1824,8011001100961,12,0,2026-08-26,2026-08-04,"株式会社Ｃｏｏｇｅｅ",,301,"東京都","渋谷区","神宮前２丁目３０番３２号パークレーンプラザ１Ｆ",,13,113,1500001,,,,,,,2015-10-05,1,,,,,"クージー",0
1825,8011001114359,11,0,2026-08-26,2026-07-15,"ヌー株式会社",,301,"神奈川県","藤沢市","辻堂３丁目４番２７号",,14,205,2510047,,,,,,,2017-01-17,1,,,,,"ヌー",0
1826,8011001118673,12,0,2026-08-26,2026-08-21,"クロノコード株式会社",,301,"東京都","豊島区","東池袋２丁目６２番８号ＢＩＧオフィスプラザ池袋１２０６",,13,116,1700013,,,,,,,2017-10-12,1,"Chronocode Inc.",,,,"クロノコード",0
1827,8011001146559,21,0,2026-08-26,2026-08-10,"株式会社ＴＯＫＹＯ　ＧａｍｅＦｉ",,301,"東京都","渋谷区","宇田川町４２番２号",,13,113,1500042,,,2026-08-10,01,,,2022-03-25,1,,,,,"トーキョーゲームファイ",0
1828,8011001156137,21,0,2026-08-26,2026-07-27,"ＤＸ総合サポート株式会社",,301,"東京都","新宿区","西新宿３丁目３番１３号西新宿水間ビル２Ｆ",,13,104,1600023,,,2026-07-27,01,,,2023-08-08,1,,,,,"ディーエックスソウゴウサポート",0
1829,8011001179831,01,0,2026-08-26,2026-08-26,"株式会社ｋｏｔｏｒｉ",,301,"東京都","渋谷区","恵比寿西２丁目８番４号ＥＸ恵比寿西ビル５階",,13,113,1500021,,,,,,,2026-08-26,1,,,,,"コトリ",0
1830,8011001180038,01,0,2026-08-26,2026-08-26,"株式会社ＫＯＫＡＧＥ",,301,"東京都","渋谷区","道玄坂１丁目１０番８号渋谷道玄坂東急ビル２Ｆ－Ｃ",,13,113,1500043,,,,,,,2026-08-26,1,,,,,"コカゲ",0
1831,8011003010259,12,0,2026-08-26,2026-08-24,"トランテ・アン株式会社",,301,"東京都","港区","芝公園３丁目６番２２号Ｊ．Ｃ．ビルディング１階",,13,103,1050011,,,,,,,2019-09-06,1,,,,,"トランテアン",0
1832,8011101097818,12,0,2026-08-26,2026-07-24,"株式会社銀河コンサルティング",,301,"東京都","新宿区","北新宿３丁目１－２０北新宿ユニオンビル７階",,13,104,1690074,,,,,,,2022-02-17,1,,,,,"ギンガコンサルティング",0
1833,8011101107403,12,0,2026-08-26,2026-08-21,"株式会社Ａ‐ｍｉｎｄ",,301,"千葉県","東金市","松之郷４３番１号",,12,213,2830805,,,,,,,2024-05-27,1,,,,,"エーマインド",0
1834,8011101117204,01,0,2026-08-26,2026-08-26,"株式会社ＡＺＷｏｒｋ",,301,"東京都","新宿区","西新宿３丁目３番１３号西新宿水間ビル２Ｆ",,13,104,1600023,,,,,,,2026-08-26,1,,,,,"アズワーク",0
1835,8011103017914,01,0,2026-08-26,2026-08-26,"合同会社ミノルビルメンテナンス",,305,"東京都","新宿区","西新宿３丁目３番１３号西新宿水間ビル２Ｆ",,13,104,1600023,,,,,,,2026-08-26,1,,,,,"ミノルビルメンテナンス",0
1836,8011105010801,21,0,2026-08-26,2026-07-23,"ＮＹプロパティーズ特定目的会社",,399,"東京都","新宿区","四谷２丁目９番地１５東京ユナイテッド綜合事務所内",,13,104,1600004,,,2026-07-23,01,,,2023-10-04,1,,,,,"エヌワイプロパティーズ",0
1837,8011301025999,12,0,2026-08-26,2026-08-24,"株式会社Ｌｉｖｅｌｉｂ",,301,"埼玉県","熊谷市","柿沼５５２番２号",,11,202,3600803,,,,,,,2020-06-15,1,,,,,"ライブリブ",0
1838,8011301026527,12,0,2026-08-26,2026-08-12,"彬蔚株式会社",,301,"東京都","練馬区","光が丘５丁目５－６－１４０４",,13,120,1790072,,,,,,,2021-01-07,1,,,,,"アキラムツ",0
1839,8011401004589,01,1,2026-08-26,2015-10-05,"東葉建設株式会社",00054775,301,"東京都","板橋区","徳丸４丁目１４番１８号ニューハイム徳丸１０３号",,13,119,1750083,,,,,,,2015-10-05,1,,,,,"トウヨウケンセツ",0
1840,8011401027301,12,0,2026-08-26,2026-08-24,"株式会社チェックマル",,301,"東京都","千代田区","霞が関３丁目２番５号",,13,101,1000013,,,,,,,2025-08-07,1,,,,,"チェックマル",0
1841,8011601003589,01,1,2026-08-26,2015-10-05,"株式会社西部緑化",,301,"東京都","練馬区","上石神井南町１３番１１号",,13,120,1770043,,,,,,,2015-10-05,1,,,,,"セイブリョクカ",0
1842,8011601023026,01,1,2026-08-26,2018-12-21,"ポラリス株式会社",,301,"東京都","練馬区","豊玉上１丁目１７－７パークサイドハイム１０１号",,13,120,1760011,,,,,,,2018-12-21,0,,,,,,0
1843,8011601023026,12,1,2026-08-26,2021-11-02,"ポラリス株式会社",,301,"東京都","江戸川区","興宮町１１－１６コットンヴィラ１０２",,13,123,1330042,,,,,,,2018-12-21,0,,,,,,0
1844,8011601023026,12,1,2026-08-26,2024-03-12,"ポラリス株式会社",,301,"東京都","新宿区","百人町１丁目２０－５ＡＣＱＵＡビル１０２室",,13,104,1690073,,,,,,,2018-12-21,0,,,,,,0
1845,8011601023026,12,1,2026-08-26,2025-10-01,"ポラリス株式会社",,301,"東京都","千代田区","有楽町１丁目５番２号１１Ｆ",,13,101,1000006,,,,,,,2018-12-21,1,,,,,,0
1846,8011702010848,21,0,2026-08-26,2026-08-05,"有限会社マナブ商会",,302,"千葉県","佐倉市","上志津原２３３番地３",,12,212,2850844,,,2026-08-05,01,,,2015-10-05,1,,,,,"マナブショウカイ",0
1847,8011801002622,01,0,2026-08-26,2026-08-26,"株式会社大伸建設興業",,301,"東京都","葛飾区","東金町５丁目６番１７号",,13,122,1250041,,,,,,,2026-08-26,1,,,,,"ダイシンケンセツコウギョウ",0
1848,8011801042453,11,0,2026-08-26,2026-08-20,"株式会社ＶＭＥＷ",,301,"東京都","足立区","東和２丁目２８番１９号",,13,121,1200003,,,,,,,2023-05-24,1,,,,,"ヴィミュウ",0
1849,8012401034824,12,0,2026-08-26,2026-08-10,"ＭＩＯメディカル株式会社",,301,"東京都","世田谷区","大原２丁目２６－１２－３Ｄ",,13,112,1560041,,,,,,,2019-01-16,1,,,,,"ミオメディカル",0
1850,8012701008148,12,0,2026-08-26,2026-08-24,"株式会社東京興商",,301,"東京都","練馬区","豊玉北５丁目２１番１号",,13,120,1760012,,,,,,,2015-10-05,1,,,,,"トウキョウコウショウ",0
1851,8012801000368,01,1,2026-08-26,2015-10-05,"株式会社菊川園",,301,"東京都","立川市","柴崎町２丁目５番６号",,13,202,1900023,,,,,,,2015-10-05,1,,,,,"キクカワエン",0
1852,8012801021760,12,0,2026-08-26,2026-07-31,"株式会社嶋ホーム",,301,"東京都","立川市","砂川町３丁目４５番地の１０",,13,202,1900031,,,,,,,2022-08-03,1,,,,,"シマホーム",0
1853,8012801024929,01,0,2026-08-26,2026-08-26,"株式会社Ｖ２Ｌａｂ",,301,"東京都","日野市","旭が丘６丁目６番地東京都立大学日野キャンパス６号館１ＦインキュベーションルームＤ",,13,212,1910065,,,,,,,2026-08-26,1,,,,,"ブイツーラボ",0
1854,8013301040714,12,0,2026-08-26,2026-08-24,"株式会社ＢＣＭ",,301,"東京都","豊島区","南池袋２丁目３４番５号",,13,116,1710022,,,,,,,2017-06-23,1,,,,,"ビーシーエム",0
1855,8013301043295,12,0,2026-08-26,2026-08-21,"Ｕｎｉｖｅｒｓａｌ　Ｗｏｒｋｓ株式会社",,301,"東京都","豊島区","南池袋２丁目１番２－１５１２号",,13,116,1710022,,,,,,,2019-01-11,1,,,,,"ユニバーサルワークス",0
1856,8013305003361,01,1,2026-08-26,2022-07-08,"特定非営利活動法人Ｌｉｂｒａ",,399,"東京都","豊島区","南大塚２丁目２５番３２号",,13,116,1700005,,,,,,,2022-07-08,1,,,,,,0
1857,8020001008826,21,0,2026-08-26,2026-08-04,"株式会社稲穂堂",,301,"神奈川県","横浜市都筑区","川和町２２６９番地３７",,14,118,2240057,,,2026-08-04,01,,,2015-10-05,1,,,,,"イナホドウ",0
1858,8020001027017,12,0,2026-08-26,2026-08-24,"湘南ビルサービス株式会社",,301,"神奈川県","藤沢市","辻堂新町１丁目３番３９号ＯＺＡＷＡビル６０５号",,14,205,2510042,,,,,,,2015-10-05,1,,,,,"ショウナンビルサービス",0
1859,8020001103123,01,1,2026-08-26,2015-10-05,"デアルカ株式会社",,301,"神奈川県","横浜市中区","山手町８４番地３",,14,104,2310862,,,,,,,2015-10-05,1,,,,,"デアルカ",0
1860,8020001126421,12,0,2026-08-26,2026-07-31,"株式会社ＭＡＫＥ　ＹＯＵ　ＳＭＩＬＥ",,301,"神奈川県","横浜市神奈川区","鶴屋町１丁目４１番ＴＨＥＹＯＫＯＨＡＭＡＦＲＯＮＴ４２階Ｖｌａｇｙｏｋｏｈａｍａ４号室",,14,102,2210835,,,,,,,2018-05-23,1,,,,,"メイクユースマイル",0
1861,8020001164041,12,0,2026-08-26,2026-08-06,"和昇株式会社",,301,"神奈川県","横浜市保土ケ谷区","瀬戸ケ谷町２８番地７",,14,106,2400024,,,,,,,2025-08-01,1,,,,,"ワショウ",0
1862,8020001168570,12,0,2026-08-26,2026-08-05,"光パートナーズ株式会社",,301,"神奈川県","横浜市神奈川区","金港町７番地３金港ビル７Ｆ",,14,102,2210056,,,,,,,2026-05-11,1,,,,,"ヒカリパートナーズ",0
1863,8020001170089,01,0,2026-08-26,2026-08-26,"株式会社センス",,301,"神奈川県","川崎市中原区","井田中ノ町１番３",,14,133,2110034,,,,,,,2026-08-26,1,,,,,"センス",0
1864,8020002017009,01,1,2026-08-26,2015-10-05,"有限会社中日技術開発",,302,"神奈川県","横浜市神奈川区","三ツ沢下町４番１６号",,14,102,2210852,,,,,,,2015-10-05,1,,,,,"チュウニチギジュツカイハツ",0
1865,8020003030209,12,0,2026-08-26,2026-08-05,"合同会社ｐｌａｃｅ",,305,"神奈川県","川崎市宮前区","鷺沼１丁目１１番地６鷺沼第一ビル４０１号室",,14,136,2160004,,,,,,,2026-01-23,1,,,,,"プレイス",0
1866,8020003030613,12,0,2026-08-26,2026-08-20,"合同会社ハッピーキャリア",,305,"大阪府","大阪市淀川区","加島１丁目２番３－２０８号",,27,123,5320031,,,,,,,2026-03-18,1,,,,,"ハッピーキャリア",0
1867,8020005004284,01,1,2026-08-26,2015-10-05,"医療法人社団豪輝会",,399,"神奈川県","横浜市鶴見区","東寺尾２丁目１５番１７号",,14,101,2300077,,,,,,,2015-10-05,1,,,,,"ゴウキカイ",0
1868,8020005011974,11,0,2026-08-26,2026-07-31,"一般社団法人ライフスタイルコンシェルジュ協会",,399,"神奈川県","横浜市中区","桜木町１丁目１番７ＴＯＣみなとみらい１０階",,14,104,2310062,,,,,,,2015-10-05,1,,,,,"ライフスタイルコンシェルジュキョウカイ",0
1869,8021001083330,12,0,2026-08-26,2026-08-24,"株式会社縁起",,301,"東京都","中央区","日本橋２丁目１６－４ｒｅｍｉｘ日本橋６階",,13,102,1030027,,,,,,,2024-09-26,1,,,,,"エンギ",0
1870,8021002015340,01,1,2026-08-26,2015-10-05,"有限会社野村工務店",,302,"神奈川県","鎌倉市","腰越２丁目６番１７号",,14,204,2480033,,,,,,,2015-10-05,1,,,,,"ノムラコウムテン",0
1871,8021002015373,01,1,2026-08-26,2015-10-05,"有限会社パステロ昭和堂",,302,"神奈川県","鎌倉市","大船１丁目４番１号",,14,204,2470056,,,,,,,2015-10-05,1,,,,,"パステロショウワドウ",0
1872,8021002056905,01,0,2026-08-26,2026-08-26,"有限会社上原興業",,302,"神奈川県","平塚市","四之宮５丁目２３番１７号",,14,203,2540014,,,,,,,2026-08-26,1,,,,,"ウエハラコウギョウ",0
1873,8021003017749,01,0,2026-08-26,2026-08-26,"合同会社ドーパント",,305,"神奈川県","茅ヶ崎市","小和田３丁目１番３０号",,14,207,2530012,,,,,,,2026-08-26,1,,,,,"ドーパント",0
1874,8030001079775,01,1,2026-08-26,2015-10-05,"日設工業株式会社",,301,"埼玉県","川口市","大字石神６６６番地の１",,11,203,3330823,,,,,,,2015-10-05,1,,,,,"ニッセツコウギョウ",0
1875,8030002029663,01,1,2026-08-26,2015-10-05,"清水技建有限会社",,302,"埼玉県","所沢市","小手指南１丁目１２番地１６",,11,208,3591146,,,,,,,2015-10-05,1,,,,,"シミズギケン",0
1876,8030002121932,21,0,2026-08-26,2026-08-10,"オガノ精器有限会社",,302,"埼玉県","秩父郡小鹿野町","下小鹿野８６８番地１",,11,365,3680101,,,2026-08-10,01,,,2015-10-05,1,,,,,"オガノセイキ",0
1877,8030003018558,11,0,2026-08-26,2026-08-10,"株式会社ＥＣＲＡＳ",,301,"埼玉県","白岡市","篠津５８３番地２７",,11,246,3490204,,,,,,,2021-12-28,1,,,,,"エクラス",0
1878,8040001087414,21,0,2026-08-26,2026-08-05,"株式会社シニアフィットネスプラン",,301,"千葉県","船橋市","西習志野３丁目２３番１０号",,12,204,2740815,,,2026-08-05,01,,,2015-10-05,1,,,,,"シニアフィットネスプラン",0
1879,8040001108905,12,0,2026-08-26,2026-08-05,"ＭＥＧＡ　ＴＲＡＤＩＮＧ株式会社",,301,"千葉県","野田市","柏寺２９７番地２の１",,12,208,2700214,,,,,,,2019-04-26,1,,,,,"メガトレーディング",0
1880,8040001118722,12,0,2026-08-26,2026-08-05,"小森谷商事株式会社",,301,"千葉県","千葉市若葉区","千城台東１丁目４番６号坂月ビル２０２",,12,104,2640002,,,,,,,2021-06-02,1,,,,,"コモリヤショウジ",0
1881,8040001138745,12,0,2026-08-26,2026-08-05,"株式会社３６０＆ｗｏｒｋｓ",,301,"千葉県","千葉市緑区","中西町２８３番地",,12,105,2660024,,,,,,,2025-05-13,1,,,,,"サブロクアンドワークス",0
1882,8040001145064,01,0,2026-08-26,2026-08-26,"Ｑ．ＯＮＥ株式会社",,301,"千葉県","船橋市","日の出１丁目９番６号",,12,204,2730015,,,,,,,2026-08-26,1,,,,,"キューワン",0
1883,8040001145072,01,0,2026-08-26,2026-08-26,"株式会社ＡＫＭ",,301,"千葉県","千葉市緑区","おゆみ野中央３丁目１番地３９",,12,105,2660032,,,,,,,2026-08-26,1,,,,,"エーケーエム",0
1884,8040001145080,01,0,2026-08-26,2026-08-26,"ルミナス不動産株式会社",,301,"千葉県","千葉市中央区","富士見２丁目７番９号富士見ビル６階",,12,101,2600015,,,,,,,2026-08-26,1,,,,,"ルミナスフドウサン",0
1885,8040002018442,01,1,2026-08-26,2015-10-05,"有限会社修光工業",,302,"千葉県","習志野市","大久保４丁目６番１９号",,12,216,2750011,,,,,,,2015-10-05,0,,,,,"シュウコウコウギョウ",0
1886,8040002018442,12,1,2026-08-26,2016-09-26,"有限会社修光工業",,302,"千葉県","習志野市","東習志野５丁目１８番１３号",,12,216,2750001,,,,,,,2015-10-05,1,,,,,"シュウコウコウギョウ",0
1887,8040002095309,21,0,2026-08-26,2026-08-04,"有限会社富士設計",,302,"千葉県","我孫子市","新木１９６２番地",,12,222,2701112,,,2026-08-04,01,,,2015-10-05,1,,,,,"フジセッケイ",0
1888,8040003022682,12,0,2026-08-26,2026-08-20,"合同会社ｓｈｉｇｉｓ",,305,"大阪府","大阪市生野区","巽中４丁目７番２９号",,27,116,5440013,,,,,,,2023-05-24,1,,,,,"シーギス",0
1889,8040003029158,11,0,2026-08-26,2026-07-31,"株式会社Ｌｅｖｉａアセット",,301,"千葉県","千葉市緑区","おゆみ野中央５丁目２９番地１４",,12,105,2660032,,,,,,,2025-12-17,1,,,,,"レビアアセット",0
1890,8050003009869,12,0,2026-08-26,2026-08-20,"合同会社ＭＯＤ",,305,"茨城県","つくば市","天久保１丁目６－２六本木ビル１階Ｅ号室",,08,220,3050005,,,,,,,2026-01-13,1,,,,,"モードオブディー",0
1891,8060003006188,01,0,2026-08-26,2026-08-26,"合同会社うたき不動産",,305,"栃木県","河内郡上三川町","大字西汗１７４４―２３３",,09,301,3290607,,,,,,,2026-08-26,1,,,,,"ウタキフドウサン",0
1892,8070001029628,01,1,2026-08-26,2015-10-05,"株式会社磯貝デザイン事務所",,301,"群馬県","富岡市","富岡１３９６番地３",,10,210,3702316,,,,,,,2015-10-05,1,,,,,"イソガイデザインジムショ",0
1893,8070001032169,21,0,2026-08-26,2026-08-20,"イリスジャパンファーム株式会社",,301,"群馬県","前橋市","上長磯町３２１番地",,10,201,3792165,,,2026-08-20,01,,,2016-05-17,1,,,,,"イリスジャパンファーム",0
1894,8070001032598,12,0,2026-08-26,2026-08-21,"株式会社シンフォニー",,301,"群馬県","高崎市","鞘町４９番地ファインレジデンス鞘町１１０５番地",,10,202,3700827,,,,,,,2016-09-02,1,,,,,"シンフォニー",0
1895,8080001027770,01,0,2026-08-26,2026-08-26,"ＳＨＩＫＯ＆Ｃｏ．株式会社",,301,"静岡県","島田市","阿知ケ谷３５７番地の１１",,22,209,4270006,,,,,,,2026-08-26,1,,,,,"シコーアンドカンパニー",0
1896,8080401028807,01,0,2026-08-26,2026-08-26,"株式会社西尾電設",,301,"静岡県","浜松市浜名区","新原４４５４番地の４",,22,139,4340003,,,,,,,2026-08-26,1,,,,,"ニシオデンセツ",0
1897,8080402005978,01,1,2026-08-26,2015-10-05,"有限会社庭正",,302,"静岡県","浜松市中区","中島１丁目１番２３号",,22,131,4300856,,,,,,,2015-10-05,0,,,,,"ニワマサ",0
1898,8080402005978,12,1,2026-08-26,2024-01-04,"有限会社庭正",,302,"静岡県","浜松市中央区","中島１丁目１番２３号",,22,138,4300856,,,,,,,2015-10-05,1,,,,,"ニワマサ",0
1899,8090002003737,01,0,2026-08-26,2026-08-26,"有限会社清水保温工業",,302,"山梨県","甲斐市","竜王新町９５９番地の２",,19,210,4000111,,,,,,,2026-08-26,1,,,,,"シミズホオンコウギョウ",0
1900,8100001008693,01,1,2026-08-26,2015-10-05,"香泉開発株式会社",,301,"長野県","北佐久郡軽井沢町","大字長倉２１１５番地１７７９",,20,321,3890111,,,,,,,2015-10-05,1,,,,,"コウセンカイハツ",0
1901,8100003008907,01,0,2026-08-26,2026-08-26,"合同会社和茶碗",,305,"長野県","飯山市","大字飯山２２３０－１加美村ビル２Ｆ",,20,213,3892253,,,,,,,2026-08-26,1,,,,,"ワチャワン",0
1902,8100003008915,01,0,2026-08-26,2026-08-26,"合同会社Ｆｕｔｕｒｅｈｏｏｄ　Ｓｔｕｄｉｏ",,305,"長野県","塩尻市","大門八番町１０番１９号",,20,215,3990737,,,,,,,2026-08-26,1,,,,,"フューチャーフッドスタジオ",0
1903,8100005013533,01,0,2026-08-26,2026-08-26,"一般社団法人まちみらい軽井沢",,399,"長野県","北佐久郡軽井沢町","中軽井沢１７番地１１",,20,321,3890112,,,,,,,2026-08-26,1,,,,,"マチミライカルイザワ",0
1904,8120001234214,01,1,2026-08-26,2021-01-04,"稍可軒株式会社",,301,"大阪府","大阪市中央区","北浜３丁目１－１４－８０２号室",,27,128,5410041,,,,,,,2021-01-04,0,,,,,"ショウガセン",0
1905,8120001234214,12,1,2026-08-26,2023-03-30,"稍可軒株式会社",,301,"京都府","京都市東山区","南西海子町４３４番地８－４Ｆ",,26,105,6050013,,,,,,,2021-01-04,0,,,,,"ショウガセン",0
1906,8120001234214,12,1,2026-08-26,2023-05-12,"稍可軒株式会社",,301,"京都府","京都市左京区","秋築町２４３－２",,26,103,6068371,,,,,,,2021-01-04,0,,,,,"ショウガセン",0
1907,8120001234214,12,1,2026-08-26,2023-10-26,"稍可軒株式会社",,301,"京都府","京都市下京区","材木町４３３ベラジオ京都鴨川２－４０４号室",,26,106,6008146,,,,,,,2021-01-04,0,,,,,"ショウガセン",0
1908,8120001234214,12,1,2026-08-26,2026-02-20,"稍可軒株式会社",,301,"京都府","京都市北区","出雲路俵町４番地",,26,101,6038135,,,,,,,2021-01-04,1,,,,,"ショウガセン",0
1909,8120001237407,12,0,2026-08-26,2026-08-24,"株式会社ワールドベスター",,301,"大阪府","泉佐野市","下瓦屋１９０－４",,27,213,5980062,,,,,,,2021-05-14,1,,,,,"ワールドベスター",0
1910,8120001269557,12,0,2026-08-26,2026-08-20,"ＰＬＡＩＮ　ＣＯＮＳＵＬＴＩＮＧ株式会社",,301,"大阪府","大阪市西区","九条南２丁目２７番３号－５０２号",,27,106,5500025,,,,,,,2024-10-22,1,,,,,"プレインコンサルティング",0
1911,8120001285488,01,1,2026-08-26,2026-04-08,"株式会社ＹＡＮＡＫＡＷＡ",,301,"大阪府","門真市","大橋町２８－１５－１２１２Ｃ室",,27,223,5710077,,,,,,,2026-04-08,1,,,,,"ヤナカワ",0
1912,8120001288672,01,0,2026-08-26,2026-08-26,"株式会社イグジットリンクス",,301,"大阪府","大阪市淀川区","宮原１丁目５番２３号アーバンテラス新大阪５０１号",,27,123,5320003,,,,,,,2026-08-26,1,,,,,"イグジットリンクス",0
1913,8120001288730,01,0,2026-08-26,2026-08-26,"株式会社Ｒｅ　Ｌｉｆｅ",,301,"大阪府","大阪市淀川区","宮原１丁目１９番２３－２２０号",,27,123,5320003,,,,,,,2026-08-26,1,,,,,"リライフ",0
1914,8120002003196,12,0,2026-08-26,2026-08-20,"有限会社ジャパン・プロデュース・ネットワーク",,302,"大阪府","大阪市阿倍野区","文の里２丁目７番６号",,27,119,5450004,,,,,,,2015-10-05,1,,,,,,0
1915,8120003010051,21,0,2026-08-26,2026-08-24,"株式会社光翔",,301,"大阪府","大東市","栄和町２番１５号プチロワイアル河合１０１号",,27,218,5740032,,,2026-08-24,01,,,2015-10-05,1,,,,,"コウショウ",0
1916,8120003033283,01,0,2026-08-26,2026-08-26,"合同会社Ｇｌａｃｉａ",,305,"大阪府","大阪市北区","梅田１丁目２番２号大阪駅前第２ビル１２－１２",,27,127,5300001,,,,,,,2026-08-26,1,,,,,"グレイシア",0
1917,8120101072043,12,0,2026-08-26,2026-08-17,"ＷＨＸ株式会社",,301,"大阪府","大阪市中央区","南船場１丁目１６番２３号パレロワイヤル順慶町７０１号室",,27,128,5420081,,,,,,,2025-07-07,1,,,,,"ダブリューエイチエックス",0
1918,8120901049604,12,0,2026-08-26,2026-08-24,"Ｑｕｉｒｅｓ株式会社",,301,"大阪府","摂津市","鳥飼西３丁目２番８号",,27,224,5660072,,,,,,,2024-08-15,1,,,,,"クイレス",0
1919,8120901053110,01,0,2026-08-26,2026-08-26,"株式会社石山庵",,301,"大阪府","茨木市","田中町３番１０号",,27,211,5670025,,,,,,,2026-08-26,1,,,,,"イシヤマアン",0
1920,8122001000117,01,1,2026-08-26,2015-10-05,"株式会社アイエス",,301,"大阪府","東大阪市","柏田本町１番１０号",,27,227,5770834,,,,,,,2015-10-05,0,,,,,"アイエス",0
1921,8122001000117,12,1,2026-08-26,2026-08-24,"株式会社アイエス",,301,"大阪府","東大阪市","衣摺４丁目１１番２６号",,27,227,5770827,,,,,,,2015-10-05,1,,,,,"アイエス",0
1922,8122001012987,01,1,2026-08-26,2015-10-05,"株式会社ふれあいコミュニティーライフ",,301,"大阪府","東大阪市","今米１丁目１８番３３号",,27,227,5780903,,,,,,,2015-10-05,1,,,,,"フレアイコミュニティーライフ",0
1923,8122001019000,01,1,2026-08-26,2015-10-05,"株式会社タイヨウシヤ",,301,"大阪府","八尾市","中田１丁目１９番地",,27,212,5810014,,,,,,,2015-10-05,1,,,,,"タイヨウシヤ",0
1924,8130001000251,01,1,2026-08-26,2015-10-05,"植市寺石造園株式会社",,301,"京都府","京都市右京区","嵯峨野宮ノ元町３８番地３",,26,108,6168315,,,,,,,2015-10-05,1,,,,,"ウエイチテライシゾウエン",0
1925,8130001001679,01,1,2026-08-26,2015-10-05,"株式会社林由商店",,301,"京都府","京都市右京区","嵯峨柳田町２０番地",,26,108,6168363,,,,,,,2015-10-05,1,,,,,"ハヤシヨシショウテン",0
1926,8130002029026,01,1,2026-08-26,2015-10-05,"有限会社電機サービス真栄",,302,"京都府","亀岡市","曽我部町重利向田３５番地１",,26,206,6210021,,,,,,,2015-10-05,1,,,,,"デンキサービスシンエイ",0
1927,8140001027574,01,1,2026-08-26,2015-10-05,"株式会社マリーゴールド",,301,"兵庫県","神戸市西区","伊川谷町有瀬１４１－５－１－７０６",,28,111,6512113,,,,,,,2015-10-05,0,,,,,"マリーゴールド",0
1928,8140001027574,12,1,2026-08-26,2017-10-12,"株式会社マリーゴールド",,301,"兵庫県","神戸市垂水区","神陵台７丁目３－１０",,28,108,6550041,,,,,,,2015-10-05,1,,,,,"マリーゴールド",0
1929,8140001039644,21,0,2026-08-26,2026-08-17,"株式会社相生測量設計事務所",,301,"兵庫県","相生市","双葉２丁目１１番８号",,28,208,6780024,,,2026-08-17,01,,,2015-10-05,1,,,,,"アイオイソクリョウセッケイジムショ",0
1930,8140001053463,01,1,2026-08-26,2015-10-05,"株式会社アバンステック",,301,"兵庫県","尼崎市","武庫之荘５丁目１２番９号",,28,202,6610035,,,,,,,2015-10-05,1,,,,,"アバンステック",0
1931,8140001067109,01,1,2026-08-26,2015-10-05,"株式会社ＨＡＪＩＭＥ＆ＡＲＴＩＳＴＥＳ",,301,"兵庫県","三田市","学園６丁目１番地３",,28,219,6691337,,,,,,,2015-10-05,0,,,,,"ハジメアンドアーティスト",0
1932,8140001067109,12,1,2026-08-26,2017-11-17,"株式会社ＨＡＪＩＭＥ＆ＡＲＴＩＳＴＥＳ",,301,"大阪府","大阪市西区","江戸堀１丁目９番１１号アイプラス江戸堀１階",,27,106,5500002,,,,,,,2015-10-05,1,,,,,"ハジメアンドアーティスト",0
1933,8140001105826,01,1,2026-08-26,2017-04-19,"株式会社アシストジャパン",,301,"兵庫県","豊岡市","日高町奈佐路３４番地の２",,28,209,6695335,,,,,,,2017-04-19,0,,,,,"アシストジャパン",0
1934,8140001105826,12,1,2026-08-26,2017-05-15,"株式会社アシストジャパン",,301,"兵庫県","豊岡市","加陽１２４８番地",,28,209,6680841,,,,,,,2017-04-19,1,,,,,"アシストジャパン",0
1935,8140001124611,12,0,2026-08-26,2026-08-24,"株式会社プラスエヌ",,301,"大阪府","大阪市中央区","本町３丁目４番１６号",,27,128,5410053,,,,,,,2022-01-18,1,,,,,"プラスエヌ",0
1936,8140001143842,01,0,2026-08-26,2026-08-26,"株式会社ｐｉｌａｓｔｒｏ　ｄｉ　ｌｕｃｅ",,301,"兵庫県","神戸市中央区","中山手通７丁目７番６号ソルレヴェンテ３０１",,28,110,6500004,,,,,,,2026-08-26,1,,,,,"ピラストロディルーチェ",0
1937,8140001143891,01,0,2026-08-26,2026-08-26,"株式会社ｍａｍａｌｏｎｇ",,301,"兵庫県","尼崎市","神田北通８丁目２２７番地",,28,202,6600883,,,,,,,2026-08-26,1,,,,,"ママロン",0
1938,8140002030189,01,1,2026-08-26,2015-10-05,"有限会社クリハラ",,302,"兵庫県","明石市","二見町東二見７１５番地の１",,28,203,6740092,,,,,,,2015-10-05,0,,,,,"クリハラ",0
1939,8140002030189,12,1,2026-08-26,2026-07-31,"有限会社クリハラ",,302,"兵庫県","加古郡稲美町","六分一１１７７番地の１００",,28,381,6751112,,,,,,,2015-10-05,1,,,,,"クリハラ",0
1940,8140002035535,01,1,2026-08-26,2015-10-05,"有限会社加古川メディカル・サービス",,302,"兵庫県","加古川市","加古川町粟津２８２番地の１",,28,210,6750039,,,,,,,2015-10-05,1,,,,,"カコガワメディカルサービス",0
1941,8140003010388,01,1,2026-08-26,2015-10-05,"合同会社ＮＯＩＲ",,305,"兵庫県","神戸市中央区","琴ノ緒町５丁目２番２号三信ビルＢ１",,28,110,6510094,,,,,,,2015-10-05,0,,,,,"ノワール",0
1942,8140003010388,12,1,2026-08-26,2026-08-20,"合同会社ＮＯＩＲ",,305,"兵庫県","神戸市中央区","琴ノ緒町４丁目３番１号ヤナイビル１Ｆ",,28,110,6510094,,,,,,,2015-10-05,1,,,,,"ノワール",0
1943,8150002002385,12,0,2026-08-26,2026-08-21,"有限会社フレスカ",,302,"奈良県","奈良市","神功３丁目９番地の１",,29,201,6310804,,,,,,,2015-10-05,0,,,,,,0
1944,8150002002385,11,0,2026-08-26,2026-08-21,"有限会社ヘルスコンパス",,302,"奈良県","奈良市","神功３丁目９番地の１",,29,201,6310804,,,,,,,2015-10-05,1,,,,,"ヘルスコンパス",0
1945,8160001026335,12,0,2026-08-26,2026-08-20,"ＡＨ　Ｃａｒｓ　Ｉｎｔｅｒｎａｔｉｏｎａｌ株式会社",,301,"茨城県","坂東市","借宿６６１番地１０９",,08,228,3060657,,,,,,,2024-11-12,1,,,,,"エーエイチカーズインターナショナル",0
1946,8160002006328,01,1,2026-08-26,2015-10-05,"有限会社エス・エス・シー",,302,"滋賀県","米原市","高溝２１３番地の３５",,25,214,5210074,,,,,,,2015-10-05,1,,,,,"エスエスシー",0
1947,8160003003902,01,0,2026-08-26,2026-08-26,"合同会社もりびと",,305,"滋賀県","米原市","宇賀野７０番地２０",,25,214,5210062,,,,,,,2026-08-26,1,,,,,"モリビト",0
1948,8170001019230,01,0,2026-08-26,2026-08-26,"紀陽みらい投資株式会社",,301,"和歌山県","和歌山市","黒田１８５番地３",,30,201,6408341,,,,,,,2026-08-26,1,,,,,"キヨウミライトウシ",0
1949,8170003001021,01,1,2026-08-26,2015-12-04,"合同会社木の香",,305,"和歌山県","新宮市","池田２丁目１番１３号",,30,207,6470021,,,,,,,2015-12-04,0,,,,,"キノカ",0
1950,8170003001021,21,0,2026-08-26,2026-08-21,"合同会社木の香",,305,"和歌山県","新宮市","池田２丁目１番１３号",,30,207,6470021,,,2026-08-21,01,,,2015-12-04,1,,,,,"キノカ",0
1951,8170003002481,01,0,2026-08-26,2026-08-26,"合同会社ユニティ",,305,"和歌山県","有田市","港町４２９番地７",,30,204,6490305,,,,,,,2026-08-26,1,,,,,"ユニティ",0
1952,8180001027983,01,1,2026-08-26,2015-10-05,"株式会社河村工機製作所",,301,"愛知県","名古屋市緑区","鳴海町字太鼓田４番１",,23,114,4580801,,,,,,,2015-10-05,1,,,,,"カワムラコウキ",0
1953,8180001113230,01,1,2026-08-26,2015-10-05,"株式会社ツーウィンリフォーム",,301,"愛知県","名古屋市天白区","大坪２丁目９０７番地",,23,116,4680072,,,,,,,2015-10-05,1,,,,,,0
1954,8180002059563,01,1,2026-08-26,2015-10-05,"有限会社オフィスＫ",,302,"愛知県","名古屋市天白区","高島１丁目１８０４番地",,23,116,4680022,,,,,,,2015-10-05,0,,,,,"オフィスケイ",0
1955,8180002059563,12,1,2026-08-26,2026-08-10,"有限会社オフィスＫ",,302,"愛知県","名古屋市瑞穂区","内浜町８番１号",,23,108,4670853,,,,,,,2015-10-05,1,,,,,"オフィスケイ",0
1956,8180002069216,01,1,2026-08-26,2015-10-05,"有限会社信善エクスプレス",,302,"愛知県","小牧市","大字岩崎原新田３２１番地",,23,219,4850000,,,,,,,2015-10-05,1,,,,,"シンゼンエクスプレス",0
1957,8180002086632,01,1,2026-08-26,2015-10-05,"有限会社芳山エッグ",,302,"愛知県","常滑市","矢田字東根組７１番地の１",,23,216,4790001,,,,,,,2015-10-05,1,,,,,"ヨシヤマエッグ",0
1958,8180005021652,01,0,2026-08-26,2026-08-26,"一般社団法人ジェイニコルズホールディングス",,399,"愛知県","名古屋市北区","八代町１丁目１０２番地１",,23,103,4620043,,,,,,,2026-08-26,1,,,,,"ジェイニコルズホールディングス",0
1959,8180301001903,01,1,2026-08-26,2015-10-05,"株式会社まるや八丁味噌",00074407,301,"愛知県","岡崎市","八帖町字往還通５２番地",,23,202,4440923,,,,,,,2015-10-05,0,,,,,"マルヤハッチョウミソ",0
1960,8180301001903,12,1,2026-08-26,2022-12-26,"株式会社まるや八丁味噌",00074407,301,"愛知県","岡崎市","八丁町５２番地",,23,202,4440925,,,,,,,2015-10-05,1,,,,,"マルヤハッチョウミソ",0
1961,8180302010663,21,0,2026-08-26,2026-08-17,"有限会社エムケイ",,302,"愛知県","田原市","田原町北荒井１１番地の２",,23,231,4413421,,,2026-08-17,01,,,2015-10-05,1,,,,,"エムケイ",0
1962,8180302012643,01,1,2026-08-26,2015-10-05,"有限会社アイパック",,302,"愛知県","豊川市","東名町２丁目２５番地",,23,207,4420019,,,,,,,2015-10-05,0,,,,,"アイパック",0
1963,8180302012643,12,1,2026-08-26,2017-10-02,"有限会社アイパック",,302,"愛知県","豊川市","寿通２丁目３２番地の１",,23,207,4420832,,,,,,,2015-10-05,1,,,,,"アイパック",0
1964,8180303002395,21,0,2026-08-26,2026-08-12,"合同会社ＴＭＤ",,305,"愛知県","安城市","新明町一丁目２番地",,23,212,4460019,,,2026-08-12,01,,,2015-10-05,1,,,,,"ティーエムディー",0
1965,8190001033378,01,0,2026-08-26,2026-08-26,"株式会社えみかプレゼンツ",,301,"三重県","亀山市","楠平尾町９３２番地２",,24,210,5190144,,,,,,,2026-08-26,1,,,,,"エミカプレゼンツ",0
1966,8190002023097,21,0,2026-08-26,2026-08-17,"有限会社エスケイサービス三重",,302,"三重県","四日市市","三重６丁目４０番地",,24,202,5120912,,,2026-08-17,01,,,2015-10-05,1,,,,,"エスケイサービスミエ",0
1967,8200003006529,11,0,2026-08-26,2026-07-28,"株式会社天狗２",,301,"岐阜県","下呂市","湯之島５４５番地１",,21,220,5092207,,,,,,,2024-10-04,1,,,,,"テングセカンド",0
1968,8220005004933,01,1,2026-08-26,2015-10-05,"能登生國玉比古神社",,399,"石川県","鹿島郡中能登町","金丸セ部３５番地",,17,407,9291621,,,,,,,2015-10-05,1,,,,,"ノトイククニタマヒコジンジャ",0
1969,8230001009729,21,0,2026-08-26,2026-08-25,"株式会社石王丸紙業",,301,"富山県","高岡市","宝来町８５８番地１",,16,202,9330343,,,2026-08-25,01,,,2015-10-05,1,,,,,"イシオウマルシギョウ",0
1970,8230002003747,01,1,2026-08-26,2015-10-05,"有限会社山根電化",,302,"富山県","富山市","八幡５５７番地の６",,16,201,9302222,,,,,,,2015-10-05,1,,,,,"ヤマネデンカ",0
1971,8230002007194,01,1,2026-08-26,2015-10-05,"佐伯運輸建設有限会社",,302,"富山県","中新川郡立山町","横江１６番地１",,16,323,9303277,,,,,,,2015-10-05,1,,,,,"サエキウンユケンセツ",0
1972,8240001045748,12,0,2026-08-26,2026-08-19,"株式会社はなまるクリエーション",,301,"広島県","呉市","広末広１丁目４番２４号",,34,202,7370133,,,,,,,2015-10-05,1,,,,,"ハナマルクリエーション",0
1973,8240001048354,12,0,2026-08-26,2026-08-12,"株式会社Ａｓｓｏｃｉａｔｉｏｎ．ＪＡＰＡＮ",,301,"兵庫県","西宮市","甲子園六石町２番１号",,28,204,6638164,,,,,,,2015-10-20,1,,,,,"アソシエーションジャパン",0
1974,8240001066959,01,0,2026-08-26,2026-08-26,"リライアンス・セキュリティーＨＤ株式会社",,301,"広島県","広島市中区","舟入川口町１４番２２号",,34,101,7300845,,,,,,,2026-08-26,1,,,,,"リライアンスセキュリティーホールディングス",0
1975,8250003004024,01,0,2026-08-26,2026-08-26,"メカシヤ合同会社",,305,"山口県","萩市","大字椿字金谷２８４５番地",,35,204,7580061,,,,,,,2026-08-26,1,,,,,"メカシヤ",0
1976,8260001028412,01,1,2026-08-26,2015-10-05,"株式会社インテリアすがなみ",,301,"岡山県","岡山市北区","平田１２１番地１１３",,33,101,7000952,,,,,,,2015-10-05,1,,,,,"インテリアスガナミ",0
1977,8260002007737,21,0,2026-08-26,2026-08-25,"有限会社ハウ・ツー",,302,"岡山県","岡山市南区","西市５８４番地の１２",,33,104,7000953,,,2026-08-25,01,,,2015-10-05,1,,,,,"ハウツー",0
1978,8280002006506,01,1,2026-08-26,2015-10-05,"有限会社出雲ミニクレーン",,302,"島根県","出雲市","古志町２９７２番地２",,32,203,6930031,,,,,,,2015-10-05,1,,,,,"イズモミニクレーン",0
1979,8290001111479,12,0,2026-08-26,2026-08-20,"パープルネットワーク株式会社",,301,"茨城県","龍ケ崎市","直鮒７４５８番地",,08,208,3010815,,,,,,,2025-09-11,1,,,,,"パープルネットワーク",0
1980,8290001115257,01,0,2026-08-26,2026-08-26,"ＭＥＴＡＳ株式会社",,301,"福岡県","糸島市","志摩小金丸２８６５",,40,230,8191323,,,,,,,2026-08-26,1,,,,,"ミータス",0
1981,8290002026619,21,0,2026-08-26,2026-08-07,"有限会社エム・ワイ・プラン",,302,"福岡県","福岡市城南区","茶山５丁目３番１３号",,40,136,8140111,,,2026-08-07,01,,,2015-10-05,1,,,,,"エムワイプラン",0
1982,8290005019611,12,0,2026-08-26,2026-08-21,"特定非営利活動法人インド文化経済振興機構",,399,"福岡県","福岡市中央区","舞鶴３丁目３－５さかいコーポ２０３号",,40,133,8100073,,,,,,,2025-01-17,1,,,,,"インドブンカケイザイシンコウキコウ",0
1983,8290801026777,21,0,2026-08-26,2026-08-05,"トータルサポートＺＥＲＯ株式会社",,301,"福岡県","北九州市八幡西区","永犬丸南町５丁目６番１０号",,40,109,8070845,,,2026-08-05,01,,,2020-09-04,1,,,,,"トータルサポートゼロ",0
1984,8290801032759,01,0,2026-08-26,2026-08-26,"株式会社くろさわ",,301,"福岡県","遠賀郡水巻町","頃末北１丁目１６番３４号",,40,382,8070022,,,,,,,2026-08-26,1,,,,,"クロサワ",0
1985,8290802023856,21,0,2026-08-26,2026-08-05,"有限会社ＣＲＥＡ",,302,"福岡県","築上郡築上町","大字西八田１０２番地４",,40,647,8290343,,,2026-08-05,01,,,2015-10-05,1,,,,,"クレア",0
1986,8300001004012,01,1,2026-08-26,2015-10-05,"株式会社井手地建工業",,301,"佐賀県","佐賀市","嘉瀬町大字扇町２４６９番地２１",,41,201,8400862,,,,,,,2015-10-05,1,,,,,"イデチケンコウギョウ",0
1987,8300003002501,01,0,2026-08-26,2026-08-26,"合同会社ＳＯＷＥＬ",,305,"佐賀県","武雄市","山内町大字宮野２５８７番地５",,41,206,8492305,,,,,,,2026-08-26,1,,,,,"ソウェル",0
1988,8330002007705,01,1,2026-08-26,2015-10-05,"有限会社ナツキ総建",,302,"熊本県","熊本市北区","麻生田４丁目７番３号",,43,105,8618081,,,,,,,2015-10-05,0,,,,,"ナツキソウケン",0
1989,8330002007705,12,1,2026-08-26,2026-08-24,"有限会社ナツキ総建",,302,"熊本県","合志市","御代志８５３番地６８",,43,216,8611104,,,,,,,2015-10-05,1,,,,,"ナツキソウケン",0
1990,8330002009098,11,0,2026-08-26,2026-08-21,"株式会社藤電気",,301,"熊本県","熊本市中央区","水前寺１丁目８番１１号",,43,101,8620950,,,,,,,2015-10-05,1,,,,,"フジデンキ",0
1991,8330005004658,01,1,2026-08-26,2015-10-05,"特定非営利活動法人れんげ国際ボランティア会",,399,"熊本県","玉名市","築地２２８８番地",,43,206,8650065,,,,,,,2015-10-05,1,,,,,"レンゲコクサイボランティアカイ",0
1992,8340001023875,12,0,2026-08-26,2026-08-19,"株式会社ガイデン",,301,"鹿児島県","鹿児島市","小松原２丁目３９番６号１０２号",,46,201,8910114,,,,,,,2021-06-24,1,,,,,"ガイデン",0
1993,8340001025715,12,0,2026-08-26,2026-08-19,"星海コーポレーション株式会社",,301,"鹿児島県","鹿児島市","玉里団地２丁目５８番３号",,46,201,8920811,,,,,,,2023-07-11,1,,,,,"セイカイコーポレーション",0
1994,8340003001061,21,0,2026-08-26,2026-08-19,"合名会社神田呉服店",,303,"鹿児島県","出水市","米ノ津町９番５号",,46,208,8990121,,,2026-08-19,01,,,2015-10-05,1,,,,,,0
1995,8340005003907,21,0,2026-08-26,2026-08-19,"宮之城たばこ販売協同組合",,399,"鹿児島県","薩摩郡さつま町","宮之城屋地１１０１番地",,46,392,8951803,,,2026-08-19,01,,,2015-10-05,1,,,,,"ミヤノジョウタバコハンバイ",0
1996,8350001006557,21,0,2026-08-26,2026-08-21,"株式会社日洲開発",,301,"宮崎県","宮崎市","大橋３丁目１８６番",,45,201,8800022,,,2026-08-21,01,,,2015-10-05,1,,,,,"ニッシュウカイハツ",0
1997,8350005000226,21,0,2026-08-26,2026-08-13,"宮崎県牛乳事業協同組合",,399,"宮崎県","宮崎市","宮崎駅東３丁目２番地５（有）白水舎乳業内",,45,201,8800879,,,2026-08-13,01,,,2015-10-05,1,,,,,"ミヤザキケンギュウニュウ",0
1998,8360001037147,01,0,2026-08-26,2026-08-26,"ＯＤＩ株式会社",,301,"沖縄県","中頭郡西原町","上原２丁目３０番地の２１",,47,329,9030125,,,,,,,2026-08-26,1,,,,,,0
1999,8370001012025,01,1,2026-08-26,2015-10-05,"株式会社細胞科学研究所",,301,"宮城県","仙台市青葉区","西花苑１丁目１６番１６号",,04,101,9893162,,,,,,,2015-10-05,1,,,,,"サイボウカガクケンキュウジョ",0
2000,8370501000875,21,0,2026-08-26,2026-08-21,"株式会社丸勇鈴伊",,301,"宮城県","気仙沼市","魚市場前４番３８号",,04,205,9880037,,,2026-08-21,01,,,2015-10-05,1,,,,,"マルユウスズイ",0
2001,8380001000020,21,0,2026-08-26,2026-08-24,"アイ・ティ・ディー株式会社",,301,"福島県","福島市","大森字赤沢２０番地の１",,07,201,9601101,,,2026-08-24,01,,,2015-10-05,1,,,,,"アイティディー",0
2002,8380001020514,21,0,2026-08-26,2026-08-24,"株式会社藤医療工事",,301,"福島県","福島市","伏拝字内田３１番地の４",,07,201,9608154,,,2026-08-24,01,,,2015-10-05,1,,,,,"フジイリョウコウジ",0
2003,8380005005445,11,0,2026-08-26,2026-08-20,"医療法人までい内科クリニック",,399,"福島県","須賀川市","山寺町１６２番地",,07,207,9620062,,,,,,,2015-10-05,1,,,,,"マデイナイカクリニック",0
2004,8380005013118,01,0,2026-08-26,2026-08-26,"一般社団法人むいうい",,399,"福島県","双葉郡富岡町","大字小浜字中央２９５ふたばタイムス１Ｆ",,07,543,9791111,,,,,,,2026-08-26,1,,,,,"ムイウイ",0
2005,8390002003418,01,1,2026-08-26,2015-10-05,"有限会社國建",,302,"山形県","山形市","大字鮨洗８５８番地",,06,201,9900884,,,,,,,2015-10-05,1,,,,,"クニケン",0
2006,8390002010174,21,0,2026-08-26,2026-08-21,"有限会社サイトウ",,302,"山形県","鶴岡市","上藤島字備中下５０番地の５６",,06,203,9997611,,,2026-08-21,01,,,2015-10-05,1,,,,,,0
2007,8420005007271,21,0,2026-08-26,2026-08-24,"一般社団法人エコねっと未来",,399,"青森県","青森市","大字新城字山田１９３番地３",,02,201,0380042,,,2026-08-24,01,,,2015-10-05,1,,,,,"エコネットミライ",0
2008,8430001032157,01,1,2026-08-26,2015-10-05,"株式会社Ｍａｓｔｅｒ",,301,"北海道","札幌市北区","屯田九条２丁目８番１０号",,01,102,0020859,,,,,,,2015-10-05,1,,,,,"マスター",0
2009,8430001061032,01,1,2026-08-26,2015-10-05,"株式会社ティエヌ",,301,"東京都","渋谷区","東１丁目４番１号尚豊ビル７階",,13,113,1500011,,,,,,,2015-10-05,0,,,,,,0
2010,8430001061032,12,1,2026-08-26,2017-08-16,"株式会社ティエヌ",,301,"東京都","千代田区","神田紺屋町１４番地",,13,101,1010035,,,,,,,2015-10-05,0,,,,,,0
2011,8430001061032,12,1,2026-08-26,2020-08-19,"株式会社ティエヌ",,301,"東京都","中央区","日本橋小網町８番２号",,13,102,1030016,,,,,,,2015-10-05,1,,,,,,0
2012,8430001066007,01,1,2026-08-26,2015-10-05,"株式会社セカンド企画",,301,"北海道","札幌市白石区","南郷通１６丁目南１番１－５０１号",,01,104,0030022,,,,,,,2015-10-05,1,,,,,"セカンドキカク",0
2013,8430002014600,01,1,2026-08-26,2015-10-05,"有限会社中村光宏設計事務所",,302,"北海道","札幌市西区","西野六条７丁目３－３６サンライズ３０３号",,01,107,0630036,,,,,,,2015-10-05,0,,,,,"ナカムラミツヒロセッケイジムショ",0
2014,8430002014600,21,0,2026-08-26,2026-08-20,"有限会社中村光宏設計事務所",,302,"北海道","札幌市西区","西野六条７丁目３－３６サンライズ３０３号",,01,107,0630036,,,2026-08-20,01,,,2015-10-05,1,,,,,"ナカムラミツヒロセッケイジムショ",0
2015,8430003012652,12,0,2026-08-26,2026-08-21,"アイエントレード合同会社",,305,"北海道","札幌市南区","北ノ沢５丁目５番３号",,01,106,0050832,,,,,,,2021-04-23,1,,,,,"アイエントレード",0
2016,8450003002866,01,0,2026-08-26,2026-08-26,"フラノラボ合同会社",,305,"北海道","富良野市","本町８番２１号",,01,229,0760031,,,,,,,2026-08-26,1,,,,,"フラノラボ",0
2017,8460101001653,01,1,2026-08-26,2015-10-05,"株式会社ホームライフシステム十勝",,301,"北海道","河東郡音更町","南鈴蘭南２丁目６番地",,01,631,0800312,,,,,,,2015-10-05,1,,,,,"ホームライフシステムトカチ",0
2018,8470001016247,21,0,2026-08-26,2026-08-24,"アップルエージェント株式会社",,301,"香川県","三豊市","詫間町詫間２０９０番地２",,37,208,7691101,,,2026-08-24,01,,,2017-04-18,1,,,,,,0
2019,8500001016268,01,1,2026-08-26,2015-10-05,"株式会社オレンジファームＹＡＭＡＫＯ",,301,"愛媛県","松山市","中島大浦３０７９番地６",,38,201,7914501,,,,,,,2015-10-05,0,,,,,"オレンジファームヤマコ",0
2020,8500001016268,12,1,2026-08-26,2017-03-08,"株式会社オレンジファームＹＡＭＡＫＯ",,301,"愛媛県","松山市","辰巳町３番５号",,38,201,7918086,,,,,,,2015-10-05,1,,,,,"オレンジファームヤマコ",0
2021,8700150091785,12,0,2026-08-26,2026-05-28,"大阪府公平委員会連合会北部ブロック",,499,"大阪府","高槻市","桃園町２番１号",,27,207,5690067,,,,,,,2018-11-26,1,,,,,"オオサカフコウヘイイインカイレンゴウカイホクブブロツク",0
2022,8700150137101,01,0,2026-08-26,2026-08-26,"Ｌａ　Ｐｒａｉｒｉｅ　Ｏｐｅｒａｔｉｏｎｓ　ＡＧ",,401,,,,,,,,"８００８　Ｚｕｒｉｃｈ，Ｂｅｌｌｅｒｉｖｅｓｔｒａｓｓｅ　３６，Ｓｗｉｔｚｅｒｌａｎｄ",,,,,,2026-08-26,1,,,,,"ラプレリーオペレーションズエージー",0
2023,9010001033444,21,0,2026-08-26,2026-08-25,"日本アクセリア株式会社",,301,"神奈川県","横浜市神奈川区","菅田町２８５６番地６",,14,102,2210864,,,2026-08-25,01,,,2015-10-05,1,,,,,"ニホンアクセリア",0
2024,9010001070784,01,1,2026-08-26,2015-10-05,"株式会社オリエントコーポレーション",,301,"東京都","千代田区","麹町５丁目２番地１",,13,101,1020083,,,,,,,2015-10-05,0,,,,,,0
2025,9010001070784,71,1,2026-08-26,2021-08-02,"株式会社オリエントコーポレーション",,301,"東京都","千代田区","麹町５丁目２番地１",,13,101,1020083,,,,,,"令和３年８月１日東京都文京区大塚五丁目１番６号株式会社システムオリコ（4010001070665）を合併",2015-10-05,1,,,,,,0
2026,9010001101944,12,0,2026-08-26,2026-08-21,"株式会社ＮＯＰＰＯ",,301,"大阪府","大阪市中央区","平野町３丁目４番１４号大阪ＴＫビルディング天翔オフィス淀屋橋",,27,128,5410046,,,,,,,2015-10-05,1,,,,,"ノッポ",0
2027,9010001123609,01,1,2026-08-26,2015-10-05,"株式会社ルネサンス・プロモーション",,301,"東京都","中央区","築地４丁目２番７号フェニックス東銀座８０３号室",,13,102,1040045,,,,,,,2015-10-05,0,,,,,"ルネサンスプロモーション",0
2028,9010001123609,12,1,2026-08-26,2026-07-29,"株式会社ルネサンス・プロモーション",,301,"東京都","中央区","日本橋浜町１丁目６番１０号スカイコート日本橋６０４号",,13,102,1030007,,,,,,,2015-10-05,1,,,,,"ルネサンスプロモーション",0
2029,9010001127238,12,0,2026-08-26,2026-07-30,"株式会社ＦＡＳ",,301,"東京都","千代田区","飯田橋１丁目１２番１号",,13,101,1020072,,,,,,,2015-10-05,1,,,,,"ファス",0
2030,9010001147343,01,1,2026-08-26,2015-10-05,"株式会社イーメディカルホールディングス",,301,"愛知県","名古屋市中村区","名駅南１丁目６番１号サン・納屋橋ビル２階",,23,105,4500003,,,,,,,2015-10-05,0,,,,,,0
2031,9010001147343,12,1,2026-08-26,2016-07-04,"株式会社イーメディカルホールディングス",,301,"愛知県","名古屋市北区","平安１丁目７番２３号ＧＶビル３階",,23,103,4620819,,,,,,,2015-10-05,0,,,,,,0
2032,9010001147343,11,1,2026-08-26,2016-07-04,"株式会社ＥＭＤＡ",,301,"愛知県","名古屋市北区","平安１丁目７番２３号ＧＶビル３階",,23,103,4620819,,,,,,,2015-10-05,1,,,,,"イーエムディーエー",0
2033,9010001186259,12,0,2026-08-26,2026-07-28,"株式会社ウラニア",,301,"東京都","中央区","日本橋３丁目２番１４号新槇町ビル別館第一１階",,13,102,1030027,,,,,,,2017-09-13,1,,,,,"ウラニア",0
2034,9010001194451,12,0,2026-08-26,2026-08-20,"ｍｅｄｉｒｉｖｅｒ株式会社",,301,"千葉県","千葉市緑区","鎌取町８４番地１－１０５号",,12,105,2660011,,,,,,,2018-08-29,1,,,,,"メディリバー",0
2035,9010001255377,12,0,2026-08-26,2026-07-17,"Ｐｌｕｓ　Ｂｕｄｄｙ株式会社",,301,"東京都","中央区","銀座６丁目６番１号銀座風月堂ビル５Ｆ",,13,102,1040061,,,,,,,2025-05-29,0,,,,,"プラスバディ",0
2036,9010001255377,11,0,2026-08-26,2026-07-17,"ＭＶ　ｈｏｌｄｉｎｇｓ株式会社",,301,"東京都","中央区","銀座６丁目６番１号銀座風月堂ビル５Ｆ",,13,102,1040061,,,,,,,2025-05-29,1,,,,,"エムブイホールディングス",0
2037,9010001259799,12,0,2026-08-26,2026-08-21,"株式会社ＬＩＶＯＲＩＡ",,301,"千葉県","船橋市","金杉７丁目３１－８",,12,204,2730853,,,,,,,2025-11-06,1,,,,,"リヴォリア",0
2038,9010001267892,01,0,2026-08-26,2026-08-26,"株式会社ＮＥＸＴＲＩＰ",,301,"東京都","千代田区","神田東松下町２８番地１６",,13,101,1010042,,,,,,,2026-08-26,1,,,,,"ネクストリップ",0
2039,9010001268065,01,0,2026-08-26,2026-08-26,"株式会社ミヤコゲート",,301,"東京都","中央区","銀座１丁目２２番１１号銀座大竹ビジデンス２Ｆ",,13,102,1040061,,,,,,,2026-08-26,1,,,,,"ミヤコゲート",0
2040,9010003037773,12,0,2026-08-26,2026-08-20,"合同会社ＡｔｔＬａｂ．",,305,"東京都","港区","浜松町２丁目２番１５号浜松町ダイヤビル２階",,13,103,1050013,,,,,,,2022-05-31,1,,,,,"アットラボ",0
2041,9010401096289,01,1,2026-08-26,2015-10-05,"株式会社ＡＴＬＵＣＫ",,301,"東京都","中央区","銀座７丁目５番４号毛利ビル５階",,13,102,1040061,,,,,,,2015-10-05,0,,,,,"アトラック",0
2042,9010401096289,12,1,2026-08-26,2026-07-29,"株式会社ＡＴＬＵＣＫ",,301,"東京都","中央区","銀座１丁目１２番４号Ｎ＆Ｅ．ＢＬＤ．６Ｆ",,13,102,1040061,,,,,,,2015-10-05,1,,,,,"アトラック",0
2043,9010401099234,12,0,2026-08-26,2026-08-19,"株式会社テラスマネジメント",,301,"神奈川県","藤沢市","辻堂２丁目７番１号",,14,205,2510047,,,,,,,2015-10-05,1,,,,,"テラスマネジメント",0
2044,9010401148239,12,0,2026-08-26,2026-08-07,"ＬＤＴ株式会社",,301,"東京都","渋谷区","神南１丁目６番５号ＳＨＩＢＵＹＡＷａｙＰ９階",,13,113,1500041,,,,,,,2019-09-30,1,,,,,"エルディーティー",0
2045,9010401150145,21,0,2026-08-26,2026-08-19,"カイエンチス株式会社",,301,"東京都","港区","東麻布１丁目２３番５号ＰＭＣビル",,13,103,1060044,,,2026-08-19,01,,,2020-01-07,1,,,,,"カイエンチス",0
2046,9010401201591,01,0,2026-08-26,2026-08-26,"株式会社ミラトア",,301,"東京都","港区","六本木３丁目１６番１２号六本木ＫＳビル５Ｆ",,13,103,1060032,,,,,,,2026-08-26,1,,,,,"ミラトア",0
2047,9010401201609,01,0,2026-08-26,2026-08-26,"４７ＰＲＯＤＵＣＴＩＯＮ株式会社",,301,"東京都","港区","芝大門２丁目６番１２号－１Ｆ",,13,103,1050012,,,,,,,2026-08-26,1,,,,,"ヨンナナプロダクション",0
2048,9010402026815,12,0,2026-08-26,2026-07-28,"有限会社ＭＣＫプランニング",,302,"東京都","中央区","日本橋室町１丁目１１番１２号日本橋水野ビル７階",,13,102,1030022,,,,,,,2015-10-05,1,,,,,,0
2049,9010402035650,01,1,2026-08-26,2015-10-05,"有限会社道前社",,302,"東京都","中央区","月島３丁目２７番１５－１５０９号",,13,102,1040052,,,,,,,2015-10-05,1,,,,,"ドウゼンシャ",0
2050,9010403022953,12,0,2026-08-26,2026-08-20,"エリア合同会社",,305,"東京都","渋谷区","千駄ヶ谷１丁目１３番１１号",,13,113,1510051,,,,,,,2020-05-13,1,,,,,"エリア",0
2051,9010403038909,01,0,2026-08-26,2026-08-26,"ゴベットジャパン合同会社",,305,"東京都","港区","赤坂８丁目７番１０号ヴェラハイツ赤坂新坂町３０３",,13,103,1070052,,,,,,,2026-08-26,1,,,,,"ゴベットジャパン",0
2052,9010405010122,12,0,2026-08-26,2026-08-17,"公益財団法人伊藤忠記念財団",,399,"東京都","港区","赤坂２丁目１７番２２号",,13,103,1070052,,,,,,,2015-10-05,1,,,,,"イトウチュウキネンザイダン",0
2053,9010601018209,21,0,2026-08-26,2026-08-21,"大竜建設株式会社",,301,"東京都","江東区","永代２丁目２８番２号",,13,108,1350034,,,2026-08-21,01,,,2015-10-05,1,,,,,"ダイリュウケンセツ",0
2054,9010601040030,01,1,2026-08-26,2015-10-05,"株式会社Ｊ’ｓ　ｃｏｍｐａｎｙ",,301,"東京都","中央区","勝どき１丁目８番１号－３６０７",,13,102,1040054,,,,,,,2015-10-05,1,,,,,"ジェイズカンパニー",0
2055,9010602030344,12,0,2026-08-26,2026-08-25,"有限会社エムテック",,302,"東京都","墨田区","亀沢４丁目２５番９号",,13,107,1300014,,,,,,,2015-10-05,1,,,,,,0
2056,9010701038313,12,0,2026-08-26,2026-08-24,"株式会社ｓｐｉｎ",,301,"宮城県","仙台市太白区","あすと長町１丁目５番４２－１１０４号",,04,104,9820007,,,,,,,2019-10-10,1,,,,,"スピン",0
2057,9010701041688,01,1,2026-08-26,2021-10-25,"ＪＲＳメディカル株式会社",,301,"東京都","品川区","東品川４丁目１１番３６－２１１５号",,13,109,1400002,,,,,,,2021-10-25,0,,,,,"ジェイアールエスメディカル",0
2058,9010701041688,12,1,2026-08-26,2023-03-20,"ＪＲＳメディカル株式会社",,301,"東京都","港区","南青山３丁目１番３６号青山丸竹ビル６Ｆ",,13,103,1070062,,,,,,,2021-10-25,0,,,,,"ジェイアールエスメディカル",0
2059,9010701041688,12,0,2026-08-26,2026-08-24,"ＪＲＳメディカル株式会社",,301,"東京都","品川区","豊町６丁目２４番１２号",,13,109,1420042,,,,,,,2021-10-25,1,,,,,"ジェイアールエスメディカル",0
2060,9010701047314,11,0,2026-08-26,2026-08-24,"日之出リース株式会社",,301,"東京都","品川区","豊町１丁目１３－９",,13,109,1420042,,,,,,,2025-03-04,1,,,,,"ヒノデリース",0
2061,9010701050061,01,0,2026-08-26,2026-08-26,"株式会社ＪＩＮＧＩ",,301,"東京都","品川区","上大崎３丁目１４番３４号プラスワン４０２",,13,109,1410021,,,,,,,2026-08-26,1,,,,,"ジンギ",0
2062,9010801002350,01,1,2026-08-26,2015-10-05,"株式会社尾花製作所",,301,"東京都","大田区","南六郷３丁目１１番６号",,13,111,1440045,,,,,,,2015-10-05,1,,,,,"オバナセイサクショ",0
2063,9010801026143,12,0,2026-08-26,2026-08-18,"株式会社とちの実",,301,"東京都","大田区","北嶺町１５番８－１０２号",,13,111,1450073,,,,,,,2015-11-04,1,,,,,"トチノミ",0
2064,9010801037693,01,0,2026-08-26,2026-08-26,"株式会社ＳＩＸＳ",,301,"東京都","大田区","東糀谷５丁目１５番１６号",,13,111,1440033,,,,,,,2026-08-26,1,,,,,"シックス",0
2065,9010802010591,12,0,2026-08-26,2026-08-20,"有限会社永久保工務店",,302,"東京都","大田区","北嶺町７番１０号ドム雪ヶ谷大塚４０１",,13,111,1450073,,,,,,,2015-10-05,1,,,,,"ナガクボコウムテン",0
2066,9010901046487,12,0,2026-08-26,2026-08-21,"株式会社しろうさぎ",,301,"神奈川県","横浜市港北区","篠原町２７９３番地１－Ｎ２０３",,14,109,2220026,,,,,,,2020-07-10,1,,,,,"シロウサギ",0
2067,9011001130628,21,0,2026-08-26,2026-08-07,"株式会社Ａｇｇｒｅｇａｔｏ",,301,"東京都","渋谷区","神宮前６丁目２３番４号桑野ビル２階",,13,113,1500001,,,2026-08-07,01,,,2019-10-30,1,,,,,"アグリガート",0
2068,9011001145238,12,0,2026-08-26,2026-08-24,"タレントスクエア株式会社",,301,"東京都","中央区","晴海３丁目１０番１号Ｄａｉｗａ晴海ビル２階",,13,102,1040053,,,,,,,2022-01-31,1,,,,,"タレントスクエア",0
2069,9011001156771,12,0,2026-08-26,2026-07-31,"株式会社ＤｏＤｏＮＰＡ",,301,"東京都","新宿区","神楽坂４丁目３番地",,13,104,1620825,,,,,,,2023-09-07,1,,,,,"ドドンパ",0
2070,9011001180111,01,0,2026-08-26,2026-08-26,"千丞＿株式会社",00144732,301,"東京都","渋谷区","神南１丁目１２番１４号リージャス渋谷公園通りビル",,13,113,1500041,,,,,,,2026-08-26,1,,,,,"センジョウイク",0
2071,9011002011802,01,1,2026-08-26,2015-10-05,"ＫＥＭ有限会社",,302,"東京都","渋谷区","神南１丁目８番１８－１４０２号",,13,113,1500041,,,,,,,2015-10-05,0,,,,,"ケーイーエム",0
2072,9011002011802,21,0,2026-08-26,2026-08-10,"ＫＥＭ有限会社",,302,"東京都","渋谷区","神南１丁目８番１８－１４０２号",,13,113,1500041,,,2026-08-10,01,,,2015-10-05,1,,,,,"ケーイーエム",0
2073,9011003025157,01,0,2026-08-26,2026-08-26,"合同会社晴乃",,305,"東京都","渋谷区","道玄坂１丁目１０番８号渋谷道玄坂東急ビル２Ｆ－Ｃ",,13,113,1500043,,,,,,,2026-08-26,1,,,,,"ハレノ",0
2074,9011101061434,01,1,2026-08-26,2015-10-05,"京王インベスト株式会社",,301,"東京都","新宿区","新宿６丁目２７番４８号",,13,104,1600022,,,,,,,2015-10-05,1,,,,,"ケイオウインベスト",0
2075,9011101071664,12,0,2026-08-26,2026-08-17,"株式会社ＨＡＰＰＹ　ＴＩＭＥ",,301,"東京都","新宿区","大久保２丁目３番１８号",,13,104,1690072,,,,,,,2015-10-05,1,,,,,"ハッピータイム",0
2076,9011101097453,12,0,2026-08-26,2026-07-31,"株式会社ＳＧプランナーズ",,301,"東京都","新宿区","北新宿１丁目１番１６号ＪＳビル３０３号室",,13,104,1690074,,,,,,,2022-01-13,1,,,,,"エスジープランナーズ",0
2077,9011101117104,01,0,2026-08-26,2026-08-26,"株式会社Ｋ‐ＦＬＸ",,301,"東京都","新宿区","矢来町３７－８グレイストーン３０１号室",,13,104,1620805,,,,,,,2026-08-26,1,,,,,"ケーフレックス",0
2078,9011101117203,01,0,2026-08-26,2026-08-26,"株式会社Ｓｕｐａｒｎａ　Ｊａｐａｎ",,301,"東京都","新宿区","西新宿６丁目５－１新宿アイランドタワー２７階",,13,104,1600023,,,,,,,2026-08-26,1,,,,,"スパルナジャパン",0
2079,9011103017839,01,0,2026-08-26,2026-08-26,"合同会社颯大家さん",,305,"東京都","新宿区","新宿１丁目３６－２新宿第七葉山ビル３Ｆ",,13,104,1600022,,,,,,,2026-08-26,1,,,,,"ハヤテオオヤサン",0
2080,9011103017896,01,0,2026-08-26,2026-08-26,"合同会社オーパス",,305,"東京都","新宿区","新宿１丁目３６番２号新宿第七葉山ビル３階",,13,104,1600022,,,,,,,2026-08-26,1,,,,,"オーパス",0
2081,9011201001273,01,1,2026-08-26,2015-10-05,"協和硝子株式会社",,301,"東京都","中野区","本町３丁目１番４号",,13,114,1640012,,,,,,,2015-10-05,1,,,,,,0
2082,9011501033693,01,0,2026-08-26,2026-08-26,"株式会社Ｚｉａ",,301,"東京都","荒川区","東尾久３丁目１番５－４０３号",,13,118,1160012,,,,,,,2026-08-26,1,,,,,"ジア",0
2083,9011503005906,21,0,2026-08-26,2026-08-24,"忠山樵社合同会社",,305,"東京都","北区","浮間１丁目１番１４号リムジンビル３５２",,13,117,1150051,,,2026-08-24,01,,,2024-01-05,1,,,,,"チュウサンショウシャ",0
2084,9011601014486,01,1,2026-08-26,2015-10-05,"株式会社Ｐｌａｓｉｒ",,301,"東京都","練馬区","錦２丁目８番７号",,13,120,1790082,,,,,,,2015-10-05,1,,,,,"プレジール",0
2085,9011601025509,21,0,2026-08-26,2026-08-24,"株式会社Ｄ・Ｎ・Ｓ",,301,"東京都","練馬区","光が丘５丁目２番１－５０２号",,13,120,1790072,,,2026-08-24,01,,,2021-11-01,1,,,,,"ディーエヌエス",0
2086,9011701022661,12,0,2026-08-26,2026-08-24,"株式会社吉昇エコハウス",,301,"東京都","江戸川区","東小松川２丁目２８番１号",,13,123,1320033,,,,,,,2019-05-21,1,,,,,"キッショウエコハウス",0
2087,9011702005582,12,0,2026-08-26,2026-08-21,"有限会社新日本工販",,302,"東京都","江戸川区","西小松川町２０－１０",,13,123,1320032,,,,,,,2015-10-05,1,,,,,,0
2088,9011801046271,12,0,2026-08-26,2026-08-21,"株式会社島村管工",,301,"千葉県","市川市","国分４丁目１番２８号",,12,203,2720834,,,,,,,2025-06-10,1,,,,,"シマムラカンコウ",0
2089,9011802004955,21,0,2026-08-26,2026-08-10,"有限会社橘宝石",,302,"埼玉県","三郷市","戸ケ崎２丁目２２９番地１",,11,237,3410044,,,2026-08-10,01,,,2015-10-05,1,,,,,"タチバナホウセキ",0
2090,9011803001852,11,0,2026-08-26,2026-08-20,"ｏｎｅｓｔｏｐ不動産合同会社",,305,"東京都","足立区","西新井本町３丁目１１番１１号",,13,121,1230845,,,,,,,2015-10-05,1,,,,,"ワンストップフドウサン",0
2091,9011805001792,12,0,2026-08-26,2026-08-03,"特定非営利活動法人中・西会",,399,"東京都","葛飾区","四つ木１丁目３９番６号",,13,122,1240011,,,,,,,2015-10-05,1,,,,,"ナカニシカイ",0
2092,9012401039178,12,0,2026-08-26,2026-07-31,"株式会社ＬＡＵＧＨＩＮＧ　ＱＵＥＳＴ",,301,"東京都","新宿区","若松町１６番１１－１０３号",,13,104,1620056,,,,,,,2022-05-10,1,,,,,"ラフィンクエスト",0
2093,9012402000576,12,0,2026-08-26,2026-08-06,"有限会社大谷商事",,302,"東京都","府中市","宮西町３丁目１５番地の１－２０５",,13,206,1830022,,,,,,,2015-10-05,1,,,,,"オオタニショウジ",0
2094,9013301035969,01,1,2026-08-26,2015-10-05,"メディカルＣ＆Ｒ株式会社",,301,"東京都","豊島区","南大塚２丁目１１番１０号ミモザビル３階",,13,116,1700005,,,,,,,2015-10-05,1,,,,,"メディカルシーアンドアール",0
2095,9013301049457,01,1,2026-08-26,2022-08-03,"株式会社Ｕスタイル",,301,"東京都","豊島区","南池袋２丁目８番９号２階",,13,116,1710022,,,,,,,2022-08-03,0,,,,,"ユウスタイル",0
2096,9013301049457,12,1,2026-08-26,2024-01-26,"株式会社Ｕスタイル",,301,"東京都","豊島区","東池袋４丁目１４番５号黒柳製本ビル３Ｆ",,13,116,1700013,,,,,,,2022-08-03,1,,,,,"ユウスタイル",0
2097,9013302021142,01,1,2026-08-26,2015-10-05,"有限会社トミーズプランニング",,302,"東京都","豊島区","駒込２丁目３番１８号",,13,116,1700003,,,,,,,2015-10-05,1,,,,,"トミーズプランニング",0
2098,9013303003156,12,0,2026-08-26,2026-08-24,"オペレイティング・コマース株式会社",,301,"東京都","台東区","蔵前３丁目１３番１３号",,13,106,1110051,,,,,,,2016-03-07,1,,,,,"オペレイティングコマース",0
2099,9013305003071,01,1,2026-08-26,2020-03-27,"一般社団法人在日華人看護師医療通訳協会",,399,"東京都","豊島区","東池袋２丁目６２番８号",,13,116,1700013,,,,,,,2020-03-27,1,,,,,,0
2100,9020001118054,01,1,2026-08-26,2016-10-05,"株式会社リーベ",,301,"神奈川県","川崎市川崎区","浅田２丁目２番９号宮島ビル１Ｆ",,14,131,2100847,,,,,,,2016-10-05,1,,,,,"リーベ",0
2101,9020001122147,12,0,2026-08-26,2026-08-05,"株式会社スリーライン",,301,"神奈川県","横浜市青葉区","あかね台１丁目３１番地９ベルジュあかね２０２号",,14,117,2270066,,,,,,,2017-07-14,1,,,,,"スリーライン",0
2102,9020001149272,12,0,2026-08-26,2026-08-03,"株式会社鳶晃",,301,"神奈川県","横浜市都筑区","加賀原１丁目３８番１５号",,14,118,2240055,,,,,,,2022-12-09,1,,,,,"トビコウ",0
2103,9020001170105,01,0,2026-08-26,2026-08-26,"Ｍａｍｍｏｅｔ　Ｊａｐａｎ株式会社",,301,"神奈川県","横浜市神奈川区","台町１７番地の１マストビル７階Ｅ１",,14,102,2210834,,,,,,,2026-08-26,1,,,,,"マンモートジャパン",0
2104,9020002010532,01,1,2026-08-26,2015-10-05,"有限会社平川興業",,302,"神奈川県","横浜市磯子区","滝頭３丁目９番６号",,14,107,2350012,,,,,,,2015-10-05,1,,,,,"ヒラカワコウギョウ",0
2105,9020002035323,01,1,2026-08-26,2015-10-05,"有限会社羽黒製作所",,302,"神奈川県","横浜市港北区","新羽町７４１番地の３",,14,109,2230057,,,,,,,2015-10-05,1,,,,,"ハグロセイサクショ",0
2106,9020003024812,12,0,2026-08-26,2026-08-21,"Ｊｉｎ’ｓ　Ｈｏｍｅｓ株式会社",,301,"東京都","渋谷区","恵比寿４丁目２０番３号恵比寿ガーデンプレイスタワー１８階",,13,113,1500013,,,,,,,2023-10-18,1,,,,,"ジンズホームズ",0
2107,9020003031189,12,0,2026-08-26,2026-08-24,"合同会社アシスト",,305,"神奈川県","横浜市港北区","新吉田町４３４７",,14,109,2230056,,,,,,,2026-06-08,1,,,,,"アシスト",0
2108,9020005015520,12,0,2026-08-26,2026-07-17,"特定非営利活動法人Ｗｏｒｌｄ　ＡＩ　Ｂｒｏａｄｃａｓｔｉｎｇ　Ｓｔａｔｉｏｎ",,399,"神奈川県","横浜市保土ケ谷区","新井町３５６番地千丸台ハイツ２－５１０号",,14,106,2400053,,,,,,,2022-05-13,1,,,,,"ワールドエイアイブロードキャスティングステーション",0
2109,9021001033929,01,1,2026-08-26,2015-10-05,"宮嶋建設株式会社",,301,"神奈川県","南足柄市","矢倉沢２０６番地",,14,217,2500136,,,,,,,2015-10-05,1,,,,,"ミヤジマケンセツ",0
2110,9021001050809,12,0,2026-08-26,2026-08-24,"株式会社ケーエフマネジメント",,301,"東京都","千代田区","丸の内３丁目４番１号新国際ビル８階８３９号室",,13,101,1000005,,,,,,,2015-10-05,1,,,,,"ケーエフマネジメント",0
2111,9021001062597,01,1,2026-08-26,2017-07-14,"株式会社アミング・インターナショナル",,301,"神奈川県","大和市","中央７丁目８番７号",,14,213,2420021,,,,,,,2017-07-14,1,,,,,"アミングインターナショナル",0
2112,9021005002293,01,1,2026-08-26,2015-10-05,"ＮＰＯ法人湘南学び舎",,399,"神奈川県","鎌倉市","今泉１丁目７番７号",,14,204,2470052,,,,,,,2015-10-05,0,,,,,"ショウナンマナビヤ",0
2113,9021005002293,21,0,2026-08-26,2026-07-16,"ＮＰＯ法人湘南学び舎",,399,"神奈川県","鎌倉市","今泉１丁目７番７号",,14,204,2470052,,,2026-07-16,01,,,2015-10-05,1,,,,,"ショウナンマナビヤ",0
2114,9021005008704,12,0,2026-08-26,2026-07-31,"一般社団法人清川村建設協力会",,399,"神奈川県","厚木市","栄町１丁目２番２－１０１号",,14,212,2430017,,,,,,,2015-10-05,1,,,,,"キヨカワムラケンセツキョウリョクカイ",0
2115,9030001080633,01,1,2026-08-26,2015-10-05,"株式会社カキシマタイル",,301,"埼玉県","川口市","大字西立野字道上７２８番地１",,11,203,3330813,,,,,,,2015-10-05,1,,,,,"カキシマタイル",0
2116,9030001081094,01,1,2026-08-26,2015-10-05,"オプティネット株式会社",,301,"東京都","世田谷区","等々力７丁目１９番１３号アルス等々力７丁目１０２",,13,112,1580082,,,,,,,2015-10-05,1,,,,,"オプティネット",0
2117,9030001156219,11,0,2026-08-26,2026-08-10,"株式会社ＭＧ",,301,"埼玉県","三郷市","泉１丁目１８番地９",,11,237,3410054,,,,,,,2023-09-26,1,,,,,"エムジー",0
2118,9030002000598,11,0,2026-08-26,2026-08-10,"株式会社アースクリーン",,301,"埼玉県","さいたま市北区","別所町５２番地４２",,11,102,3310821,,,,,,,2015-10-05,1,,,,,"アースクリーン",0
2119,9030002082307,01,1,2026-08-26,2015-10-05,"アビヤプランニング有限会社",,302,"埼玉県","児玉郡上里町","大字神保原町６２１番地１４",,11,385,3690305,,,,,,,2015-10-05,0,,,,,"アビヤプランニング",0
2120,9030002082307,12,1,2026-08-26,2026-08-10,"アビヤプランニング有限会社",,302,"埼玉県","行田市","藤原町１丁目２２－３５",,11,206,3610016,,,,,,,2015-10-05,1,,,,,"アビヤプランニング",0
2121,9030002098006,01,1,2026-08-26,2015-10-05,"有限会社野口木工所",,302,"埼玉県","比企郡ときがわ町","大字西平１２０８番地１",,11,349,3550364,,,,,,,2015-10-05,1,,,,,"ノグチモッコウショ",0
2122,9030003001760,21,0,2026-08-26,2026-08-10,"小林工業合同会社",,305,"埼玉県","加須市","上種足７９４番地５",,11,210,3470115,,,2026-08-10,01,,,2015-10-05,1,,,,,,0
2123,9030003013228,12,0,2026-08-26,2026-08-21,"合同会社小江戸工房",,305,"東京都","豊島区","東池袋２丁目５０番１３号ひすい研究会東池袋ビル６階",,13,116,1700013,,,,,,,2019-03-08,1,,,,,"コエドコウボウ",0
2124,9030003016387,12,0,2026-08-26,2026-08-24,"合同会社ＪＰＣ",,305,"埼玉県","所沢市","大字松郷２３７－２７",,11,208,3590027,,,,,,,2020-12-22,1,,,,,"ジェイピーシー",0
2125,9030003025223,12,0,2026-08-26,2026-08-10,"合同会社Ｙ",,305,"埼玉県","さいたま市西区","大字内野本郷６９６番地１８",,11,101,3310045,,,,,,,2024-10-03,1,,,,,"ワイ",0
2126,9030005022615,01,0,2026-08-26,2026-08-26,"一般社団法人ＣＢＳサポートシステムズ",,399,"埼玉県","所沢市","中富南３丁目１－９",,11,208,3590003,,,,,,,2026-08-26,1,,,,,"シービーエスサポートシステムズ",0
2127,9040001026230,01,1,2026-08-26,2015-10-05,"株式会社コスモプランニング",,301,"東京都","中央区","銀座８丁目１８番３号",,13,102,1040061,,,,,,,2015-10-05,0,,,,,"コスモプランニング",0
2128,9040001026230,12,0,2026-08-26,2026-08-20,"株式会社コスモプランニング",,301,"千葉県","浦安市","今川１丁目１３番２７号",,12,227,2790022,,,,,,,2015-10-05,1,,,,,"コスモプランニング",0
2129,9040001049280,12,0,2026-08-26,2026-08-05,"ＩＮＢＡＮＫＥＲ株式会社",,301,"千葉県","千葉市中央区","中央４丁目１４番６号",,12,101,2600013,,,,,,,2015-10-05,1,,,,,"インバンカー",0
2130,9040001084617,01,1,2026-08-26,2015-10-05,"株式会社ＳＨＩＮＳＥＩ",,301,"千葉県","船橋市","習志野台４丁目８２番１３号Ａ棟１０３号室",,12,204,2740063,,,,,,,2015-10-05,0,,,,,"シンセイ",0
2131,9040001084617,12,1,2026-08-26,2017-08-01,"株式会社ＳＨＩＮＳＥＩ",,301,"千葉県","船橋市","習志野１丁目７番１４号コスモ津田沼エスパシオ２０１号室",,12,204,2740071,,,,,,,2015-10-05,1,,,,,"シンセイ",0
2132,9040001130759,12,0,2026-08-26,2026-08-21,"株式会社Ｔｈａｎｋ　ｙｏｕ　Ｄａｙｓ",,301,"東京都","豊島区","池袋３丁目３９番５号マーキュリー池袋１－１０",,13,116,1710014,,,,,,,2023-11-07,1,,,,,"サンキューデイズ",0
2133,9040001145014,01,0,2026-08-26,2026-08-26,"ダイナマイトマッハパンチ株式会社",,301,"千葉県","八千代市","大和田新田４９９番地２４",,12,221,2760046,,,,,,,2026-08-26,1,,,,,"ダイナマイトマッハパンチ",0
2134,9040001145030,01,0,2026-08-26,2026-08-26,"株式会社ハクナンドライバーズスクール",,301,"千葉県","柏市","高柳２１番地",,12,217,2770941,,,,,,,2026-08-26,1,,,,,"ハクナンドライバーズスクール",0
2135,9040001145071,01,0,2026-08-26,2026-08-26,"株式会社オーティー商事",,301,"千葉県","流山市","前ケ崎６５９番地の１１ダイアパレス北小金ヒルズ８０６",,12,220,2700144,,,,,,,2026-08-26,1,,,,,"オーティーショウジ",0
2136,9050001058850,01,0,2026-08-26,2026-08-26,"株式会社ナガタジャパンフード",,301,"茨城県","守谷市","中央３丁目１３番地１６Ａｓｔｏｒｉａ２Ｆ",,08,224,3020115,,,,,,,2026-08-26,1,,,,,"ナガタジャパンフード",0
2137,9050003003565,12,0,2026-08-26,2026-07-31,"ニコスタンパ合同会社",,305,"茨城県","水戸市","千波町１８５９－５",,08,201,3100851,,,,,,,2017-01-18,1,,,,,"ニコスタンパ",0
2138,9050003010207,12,0,2026-08-26,2026-08-19,"合同会社ドリームライン",,305,"茨城県","土浦市","荒川沖東２丁目４－１江戸川クラシコ荒川沖駅前ビル２０３号室",,08,203,3000871,,,,,,,2026-06-22,1,,,,,"ドリームライン",0
2139,9060001003780,21,0,2026-08-26,2026-08-24,"株式会社ビ・プラン",,301,"栃木県","宇都宮市","元今泉７丁目９番１０号",,09,201,3210954,,,2026-08-24,01,,,2015-10-05,1,,,,,"ビプラン",0
2140,9060003006187,01,0,2026-08-26,2026-08-26,"ＭＡＬＬＨＩ合同会社",,305,"栃木県","栃木市","岩舟町静２３０－１第２ハマクイーン２０２",,09,203,3294307,,,,,,,2026-08-26,1,,,,,"マルヒー",0
2141,9070001032168,21,0,2026-08-26,2026-08-20,"株式会社ＳＡＮＰＯＯ",,301,"群馬県","前橋市","上長磯町３２１番地",,10,201,3792165,,,2026-08-20,01,,,2016-05-17,1,,,,,"サンポウ",0
2142,9070002006170,01,1,2026-08-26,2015-10-05,"有限会社ビッグバン",,302,"群馬県","前橋市","江田町５９３番地１",,10,201,3710836,,,,,,,2015-10-05,0,,,,,"ビッグバン",0
2143,9070002006170,12,1,2026-08-26,2026-08-21,"有限会社ビッグバン",,302,"群馬県","安中市","松井田町入山８２７番地",,10,211,3790305,,,,,,,2015-10-05,1,,,,,"ビッグバン",0
2144,9070002009025,12,0,2026-08-26,2026-07-28,"有限会社コーエイ",,302,"群馬県","高崎市","石原町１４７６番地９",,10,202,3700864,,,,,,,2015-10-05,1,,,,,"コーエイ",0
2145,9070002036325,01,1,2026-08-26,2015-10-05,"有限会社岸本商店",,302,"群馬県","吾妻郡草津町","大字草津３５４番地",,10,426,3771711,,,,,,,2015-10-05,0,,,,,"キシモトショウテン",0
2146,9070002036325,21,0,2026-08-26,2026-08-18,"有限会社岸本商店",,302,"群馬県","吾妻郡草津町","大字草津３５４番地",,10,426,3771711,,,2026-08-18,01,,,2015-10-05,1,,,,,"キシモトショウテン",0
2147,9080102010121,21,0,2026-08-26,2026-08-19,"有限会社興永設計事務所",,302,"静岡県","駿東郡清水町","伏見５２３番地の６",,22,341,4110907,,,2026-08-19,01,,,2015-10-05,1,,,,,"コウエイセッケイジムショ",0
2148,9080401028806,01,0,2026-08-26,2026-08-26,"株式会社猪鹿太郎林産",,301,"静岡県","浜松市天竜区","春野町豊岡１０８６番地",,22,140,4370606,,,,,,,2026-08-26,1,,,,,"イカタロウリンサン",0
2149,9100001024582,21,0,2026-08-26,2026-08-24,"株式会社廻淵",,301,"長野県","松本市","大字神林４３６０番地３",,20,202,3901243,,,2026-08-24,01,,,2015-10-05,1,,,,,"マワリブチ",0
2150,9100002008485,01,1,2026-08-26,2015-10-05,"有限会社すざか食堂",,302,"長野県","須坂市","大字須坂１２９５番地の１",,20,207,3820000,,,,,,,2015-10-05,0,,,,,"スザカショクドウ",0
2151,9100002008485,12,1,2026-08-26,2026-08-20,"有限会社すざか食堂",,302,"長野県","長野市","中御所１丁目１４番１２－５０６号",,20,201,3800935,,,,,,,2015-10-05,1,,,,,"スザカショクドウ",0
2152,9110001020820,12,0,2026-08-26,2026-08-19,"株式会社アスカ創建",,301,"新潟県","上越市","上源入６３７番地",,15,222,9420052,,,,,,,2015-10-05,1,,,,,"アスカソウケン",0
2153,9120001034365,21,0,2026-08-26,2026-08-25,"株式会社臼井商店",,301,"大阪府","大阪市福島区","玉川１丁目２番５号",,27,103,5530004,,,2026-08-25,01,,,2015-10-05,1,,,,,"ウスイショウテン",0
2154,9120001054322,01,1,2026-08-26,2015-10-05,"大木商会株式会社",,301,"大阪府","大阪市淀川区","塚本６丁目９番６号",,27,123,5320026,,,,,,,2015-10-05,1,,,,,"オオキショウカイ",0
2155,9120001244880,12,0,2026-08-26,2026-08-24,"株式会社三宝金属",,301,"大阪府","大阪市中央区","玉造２丁目２番１２号",,27,128,5400004,,,,,,,2022-04-05,1,,,,,"サンポウキンゾク",0
2156,9120001286527,12,0,2026-08-26,2026-08-24,"株式会社ＰＨＸ都市開発",,301,"大阪府","東大阪市","上小阪４丁目３番１号１階",,27,227,5770806,,,,,,,2026-05-22,1,,,,,"ピーエイチエックストシカイハツ",0
2157,9120002024828,12,0,2026-08-26,2026-08-24,"有限会社ＣＳプランニング",,302,"大阪府","大阪市淀川区","西中島４丁目４番２５－７１２号",,27,123,5320011,,,,,,,2015-10-05,1,,,,,"シーエスプランニング",0
2158,9120003026534,12,0,2026-08-26,2026-08-03,"合同会社ＥＣ　ＣＯＮＮＥＣＴ",,305,"大阪府","交野市","神宮寺１丁目４１番９号",,27,230,5760062,,,,,,,2024-05-09,1,,,,,"イーシコネクト",0
2159,9120003028308,12,0,2026-08-26,2026-08-14,"スタッツ合同会社",,305,"大阪府","大阪市西淀川区","出来島３丁目２番７６号ルート４３ゴルフ内",,27,113,5550031,,,,,,,2025-01-10,1,,,,,"スタッツ",0
2160,9120101004078,01,1,2026-08-26,2015-10-05,"高石リース工業株式会社",,301,"大阪府","堺市南区","畑１６００番地の１",,27,145,5900124,,,,,,,2015-10-05,1,,,,,"タカイシリースコウギョウ",0
2161,9120101058041,21,0,2026-08-26,2026-08-24,"ＡＬＰＨＡ　ＭＡＲＩＮＥ　ＪＡＰＩＮＤＯ株式会社",,301,"大阪府","泉佐野市","日根野５９１０番地の３",,27,213,5980021,,,2026-08-24,01,,,2018-04-09,1,,,,,"アルファマリンジャピンド",0
2162,9120901051583,12,0,2026-08-26,2026-08-24,"ＨＯＵＥＩホールディングス株式会社",,301,"大阪府","吹田市","岸部中３丁目１番１４号",,27,205,5640002,,,,,,,2025-10-06,1,,,,,"ホウエイホールディングス",0
2163,9130001017402,01,1,2026-08-26,2015-10-05,"株式会社佐野家",,301,"京都府","京都市下京区","東洞院通七条下る２丁目東塩小路町５３９番地",,26,106,6008216,,,,,,,2015-10-05,1,,,,,,0
2164,9130001051772,12,0,2026-08-26,2026-08-05,"株式会社エムアンドケイブラザーズ",,301,"京都府","京都市中京区","西ノ京北円町５８番地１",,26,104,6048462,,,,,,,2015-10-05,1,,,,,"エムアンドケイブラザーズ",0
2165,9130001072604,12,0,2026-08-26,2026-08-05,"株式会社ｌｏｃｏｈｏｕｓｅ",,301,"京都府","京都市北区","衣笠西馬場町４３番地２０－１０１号室",,26,101,6038366,,,,,,,2022-09-20,1,,,,,"ロコハウス",0
2166,9130001082801,01,0,2026-08-26,2026-08-26,"株式会社ＹＵＩＮＥＸＴ",,301,"京都府","京都市伏見区","深草秡川町１５番地１３",,26,109,6120013,,,,,,,2026-08-26,1,,,,,"ユイネクスト",0
2167,9130002034330,01,1,2026-08-26,2015-10-05,"有限会社山陰電気工業社",,302,"京都府","舞鶴市","字魚屋２６１番地の１１",,26,202,6240923,,,,,,,2015-10-05,1,,,,,"サンインデンキコウギョウシャ",0
2168,9130003004274,01,1,2026-08-26,2015-10-05,"アリビオエステート合同会社",,305,"京都府","京都市西京区","桂御所町１番地１１２",,26,111,6158087,,,,,,,2015-10-05,0,,,,,"アリビオエステート",0
2169,9130003004274,12,1,2026-08-26,2015-10-15,"アリビオエステート合同会社",,305,"兵庫県","尼崎市","尾浜町３丁目３１番２５号",,28,202,6610022,,,,,,,2015-10-05,0,,,,,"アリビオエステート",0
2170,9130003004274,12,1,2026-08-26,2017-08-25,"アリビオエステート合同会社",,305,"大阪府","大阪市北区","梅田１丁目１１番４－１０００号",,27,127,5300001,,,,,,,2015-10-05,1,,,,,"アリビオエステート",0
2171,9140001046573,01,1,2026-08-26,2015-10-05,"株式会社中尾工務店",,301,"兵庫県","養父市","大屋町宮垣６９５番地",,28,222,6670306,,,,,,,2015-10-05,1,,,,,"ナカオコウムテン",0
2172,9140001070136,01,1,2026-08-26,2015-10-05,"株式会社平山組",,301,"兵庫県","西宮市","津門西口町３番１号",,28,204,6638231,,,,,,,2015-10-05,1,,,,,"ヒラヤマグミ",0
2173,9140001143833,01,0,2026-08-26,2026-08-26,"株式会社Ｂｅｅプラス",,301,"兵庫県","姫路市","上手野４１５番地１",,28,201,6700065,,,,,,,2026-08-26,1,,,,,"ビィープラス",0
2174,9140001143841,01,0,2026-08-26,2026-08-26,"富音株式会社",,301,"兵庫県","加古郡播磨町","本荘１丁目５番３５号",,28,382,6750154,,,,,,,2026-08-26,1,,,,,"トーン",0
2175,9140002064054,12,0,2026-08-26,2026-08-24,"有限会社セミコンラボ",,302,"大阪府","八尾市","長池町１丁目４７番地の３４",,27,212,5810836,,,,,,,2015-10-05,1,,,,,"セミコンラボ",0
2176,9140003024008,01,0,2026-08-26,2026-08-26,"合同会社フレッシュリンク",,305,"兵庫県","明石市","魚住町清水２１８５－４福田ビル３階",,28,203,6740074,,,,,,,2026-08-26,1,,,,,"フレッシュリンク",0
2177,9140003024032,01,0,2026-08-26,2026-08-26,"合同会社粋信",,305,"兵庫県","神戸市西区","井吹台東町３丁目１６－１２",,28,111,6512242,,,,,,,2026-08-26,1,,,,,"スイシン",0
2178,9150001024594,21,0,2026-08-26,2026-08-24,"株式会社ジェイエスピー",,301,"奈良県","橿原市","中曽司町９９番地２－３０４",,29,205,6340845,,,2026-08-24,01,,,2021-04-23,1,,,,,"ジェイエスピー",0
2179,9160001002376,71,0,2026-08-26,2026-08-21,"株式会社アスクルハン六",,301,"滋賀県","大津市","中央２丁目２番２２号ニューバラビル内",,25,201,5200043,,,,,,"令和８年８月２１日京都市下京区烏丸通松原上ル因幡堂町６８２番地ハン六内株式会社六兵衛金庫（7130001026677）を合併",2015-10-05,1,,,,,"アスクルハンロク",0
2180,9160002004900,01,1,2026-08-26,2015-10-05,"有限会社レーシングメディカルサービス",,302,"滋賀県","大津市","青山６丁目１番７号",,25,201,5202101,,,,,,,2015-10-05,1,,,,,"レーシングメディカルサービス",0
2181,9160003003901,01,0,2026-08-26,2026-08-26,"志津屋ホールディングス合同会社",,305,"滋賀県","大津市","皇子が丘２丁目１０番２５号ファーストタワー大津マリー３００１",,25,201,5200025,,,,,,,2026-08-26,1,,,,,"シヅヤホールディングス",0
2182,9170001014354,01,1,2026-08-26,2016-07-19,"株式会社カワ工務店",,301,"和歌山県","日高郡由良町","大字門前５５２番地の１",,30,383,6491103,,,,,,,2016-07-19,1,,,,,"カワコウムテン",0
2183,9170001014684,01,1,2026-08-26,2017-04-03,"株式会社中野自動車",,301,"和歌山県","海南市","藤白４６０番地",,30,202,6420034,,,,,,,2017-04-03,1,,,,,"ナカノジドウシャ",0
2184,9180001115787,21,0,2026-08-26,2026-08-17,"株式会社Ｃｒａｒｉ",,301,"愛知県","名古屋市港区","秋葉１丁目１０６番地",,23,111,4550857,,,2026-08-17,01,,,2015-10-05,1,,,,,,0
2185,9180001136263,12,0,2026-08-26,2026-08-20,"株式会社ジーニアスインターナショナルフーズ",,301,"愛知県","一宮市","丹陽町外崎字郷７２番地ＤＵＰＬＥＸ国王３３１・Ｂ１０１",,23,203,4910825,,,,,,,2019-04-26,1,,,,,,0
2186,9180001150529,11,0,2026-08-26,2026-08-20,"株式会社ＭＹパートナーズ",,301,"愛知県","春日井市","林島町９４番地３",,23,206,4860854,,,,,,,2022-03-24,1,,,,,"エムワイパートナーズ",0
2187,9180001154298,21,0,2026-08-26,2026-08-24,"ＮＲ‐Ｐｏｗｅｒ　Ｌａｂ株式会社",,301,"愛知県","名古屋市千種区","千種２丁目２２番８号",,23,101,4640858,,,2026-08-24,01,,,2022-12-23,1,,,,,"エヌアールパワーラボ",0
2188,9180003008659,11,0,2026-08-26,2026-08-18,"株式会社タルズファム",,301,"愛知県","名古屋市緑区","兵庫１丁目１１１２番地",,23,114,4580802,,,,,,,2015-10-05,1,,,,,"タルズファム",0
2189,9180301006315,01,1,2026-08-26,2015-10-05,"株式会社デライト",,301,"愛知県","豊橋市","牛川通３丁目８番地８",,23,201,4400011,,,,,,,2015-10-05,0,,,,,"デライト",0
2190,9180301006315,12,1,2026-08-26,2017-12-01,"株式会社デライト",,301,"愛知県","豊橋市","東田町１５１番地１",,23,201,4400048,,,,,,,2015-10-05,0,,,,,"デライト",0
2191,9180301006315,71,1,2026-08-26,2022-07-25,"株式会社デライト",,301,"愛知県","豊橋市","東田町１５１番地１",,23,201,4400048,,,,,,"令和４年７月２５日愛知県豊橋市牛川薬師町４４番地１マルイ商事株式会社（6180302009848）を合併令和４年７月２５日愛知県豊橋市東田町１５１番地１デルコーポレーション株式会社（5180301008422）を合併",2015-10-05,0,,,,,"デライト",0
2192,9180301006315,11,1,2026-08-26,2022-10-13,"クックマート株式会社",,301,"愛知県","豊橋市","東田町１５１番地１",,23,201,4400048,,,,,,,2015-10-05,1,,,,,"クックマート",0
2193,9180301022972,01,1,2026-08-26,2015-10-05,"太田工業株式会社",,301,"愛知県","西尾市","吉良町富田江ケ原３７番地２",,23,213,4440525,,,,,,,2015-10-05,1,,,,,"オオタコウギョウ",0
2194,9180301023491,01,1,2026-08-26,2015-10-05,"株式会社アサイシートメタル",,301,"愛知県","西尾市","吉良町富好新田井戸後５８番地１",,23,213,4440515,,,,,,,2015-10-05,1,,,,,"アサイシートメタル",0
2195,9180301038110,12,0,2026-08-26,2026-08-21,"株式会社ＨＡＲＥＬ　ＬＩＦＥ",,301,"愛知県","岡崎市","竜美旭町２番地２１",,23,202,4440877,,,,,,,2023-12-13,1,,,,,"ハレルライフ",0
2196,9190001020111,12,0,2026-08-26,2026-08-10,"株式会社グローバルパートナー",,301,"三重県","津市","高茶屋６丁目１番２５号",,24,201,5140819,,,,,,,2015-10-05,1,,,,,"グローバルパートナー",0
2197,9190001032206,12,0,2026-08-26,2026-08-14,"株式会社ＡＤＡＭＡＮＴＥ",,301,"三重県","四日市市","日永５丁目１０番７－２号",,24,202,5100885,,,,,,,2025-05-09,1,,,,,"アダマンテ",0
2198,9200002003377,01,1,2026-08-26,2015-10-05,"有限会社ナガタ自動車",,302,"岐阜県","岐阜市","鷺山東２丁目２番２１号",,21,201,5020850,,,,,,,2015-10-05,1,,,,,"ナガタジドウシャ",0
2199,9200003004457,11,0,2026-08-26,2026-08-20,"合同会社Ａｎｇｅ",,305,"岐阜県","岐阜市","花沢町５丁目１８番地",,21,201,5008142,,,,,,,2019-05-07,1,,,,,"アンジェ",0
2200,9220001009365,01,1,2026-08-26,2015-10-05,"株式会社ヒサヤス",,301,"石川県","白山市","木津町６２８番地１",,17,210,9240821,,,,,,,2015-10-05,1,,,,,"ヒサヤス",0
2201,9220002014273,21,0,2026-08-26,2026-08-25,"有限会社アサヒ・デンタル・ラボラトリー",,302,"石川県","七尾市","吉田町辰部８番地１",,17,202,9292116,,,2026-08-25,01,,,2015-10-05,1,,,,,"アサヒデンタルラボラトリー",0
2202,9220005000287,21,0,2026-08-26,2026-08-25,"一般財団法人北國銀行産業振興財団",,399,"石川県","金沢市","広岡２丁目１２番６号",,17,201,9200031,,,2026-08-25,01,,,2015-10-05,1,,,,,"ホッコクギンコウサンギョウシンコウザイダン",0
2203,9220005005526,01,1,2026-08-26,2015-10-05,"神明神社",,399,"石川県","羽咋市","金丸出町ヌ、４９番地",,17,207,9250075,,,,,,,2015-10-05,1,,,,,"シンメイジンジャ",0
2204,9220005005567,01,1,2026-08-26,2015-10-05,"餘喜比古神社",,399,"石川県","羽咋市","大町ヌ、２３番地",,17,207,9250072,,,,,,,2015-10-05,1,,,,,"ヨキヒコジンジャ",0
2205,9230001005636,01,1,2026-08-26,2015-10-05,"電建エンジニアリング株式会社",,301,"富山県","富山市","下大久保１４９１番地３",,16,201,9392251,,,,,,,2015-10-05,1,,,,,"デンケンエンジニアリング",0
2206,9240001017507,11,0,2026-08-26,2026-08-21,"Ｌｙｒａ株式会社",,301,"広島県","広島市中区","西川口町１６－２",,34,101,7300846,,,,,,,2015-10-05,1,,,,,"リラ",0
2207,9240001060622,01,1,2026-08-26,2022-11-04,"株式会社ＫＯＣＨＡＮ",,301,"広島県","福山市","南蔵王町３丁目１番３４号",,34,207,7210973,,,,,,,2022-11-04,1,,,,,"コチャン",0
2208,9240001062676,12,0,2026-08-26,2026-08-17,"株式会社Ａｂｄｕｌｌａｈａ・ｉｎｔｅｒｎａｔｉｏｎａｌ",,301,"広島県","東広島市","黒瀬町市飯田１０８３２－１",,34,212,7392626,,,,,,,2024-01-17,1,,,,,"アブドラハインターナショナル",0
2209,9240001066958,01,0,2026-08-26,2026-08-26,"株式会社ＦＡＭ",,301,"広島県","廿日市市","友田６６０番地２",,34,213,7380203,,,,,,,2026-08-26,1,,,,,"ファム",0
2210,9240002013372,01,1,2026-08-26,2015-10-05,"橋本鉄工有限会社",,302,"広島県","広島市南区","出島２丁目１９番３号",,34,103,7340013,,,,,,,2015-10-05,1,,,,,"ハシモトテッコウ",0
2211,9240002017118,01,1,2026-08-26,2015-10-05,"有限会社ヤマカツ",,302,"広島県","広島市安佐北区","上深川町２７７番地の２",,34,106,7391752,,,,,,,2015-10-05,1,,,,,"ヤマカツ",0
2212,9240002045523,01,1,2026-08-26,2015-10-05,"有限会社山光ガス",,302,"広島県","福山市","新市町大字金丸７７番地の１",,34,207,7293111,,,,,,,2015-10-05,1,,,,,"サンコウガス",0
2213,9240003005864,12,0,2026-08-26,2026-08-17,"合同会社井上建設",,305,"広島県","広島市安佐南区","西原４丁目３４－２９－２０１",,34,105,7310113,,,,,,,2022-10-24,1,,,,,"イノウエケンセツ",0
2214,9290001055691,21,0,2026-08-26,2026-08-18,"株式会社ＹＯＵ設計",,301,"福岡県","福岡市城南区","友丘３丁目７番２号",,40,136,8140112,,,2026-08-18,01,,,2015-10-05,1,,,,,"ユウセッケイ",0
2215,9290002040668,01,1,2026-08-26,2015-10-05,"有限会社春日自動車",,302,"福岡県","春日市","上白水７丁目９４番地",,40,218,8160844,,,,,,,2015-10-05,1,,,,,"カスガジドウシャ",0
2216,9290801017718,01,1,2026-08-26,2015-10-05,"株式会社サルタ",,301,"福岡県","北九州市小倉南区","津田１丁目１１番１号",,40,107,8000242,,,,,,,2015-10-05,1,,,,,"サルタ",0
2217,9290801032758,01,0,2026-08-26,2026-08-26,"株式会社エド・ランド",,301,"福岡県","田川市","大字伊加利１９９０－１",,40,206,8250001,,,,,,,2026-08-26,1,,,,,"エドランド",0
2218,9310001020214,01,0,2026-08-26,2026-08-26,"株式会社エスディピティ",,301,"長崎県","長崎市","音無町１２－３９",,42,201,8528044,,,,,,,2026-08-26,1,,,,,"エスディピティ",0
2219,9320003004338,12,0,2026-08-26,2026-08-20,"掌リターニング合同会社",,305,"大分県","大分市","大字三芳４３２番地ＢＬＵＥＧＡＲＤＥＮＯＭＩＣＨＩ２０５",,44,201,8700030,,,,,,,2024-04-11,1,,,,,"タナゴコロリターニング",0
2220,9330001022794,01,1,2026-08-26,2016-05-25,"株式会社サンテクノス",,301,"熊本県","玉名市","岱明町開田１１０番地１",,43,206,8690238,,,,,,,2016-05-25,1,,,,,"サンテクノス",0
2221,9330001027439,12,0,2026-08-26,2026-08-21,"ビリュウ株式会社",,301,"熊本県","八代市","千丁町古閑出２２８７番地２",,43,202,8694704,,,,,,,2020-05-11,1,,,,,"ビリュウ",0
2222,9330001033222,12,0,2026-08-26,2026-08-25,"ＳＵＳＴＡＩＮＡ‐ＴＩＰＳ株式会社",,301,"熊本県","熊本市北区","鶴羽田２丁目１３番３７号",,43,105,8615517,,,,,,,2025-05-28,1,,,,,"サステナティップス",0
2223,9330002019179,01,1,2026-08-26,2015-10-05,"有限会社高田商店",00097788,302,"熊本県","熊本市北区","植木町米塚１２２番地の１",,43,105,8610115,,,,,,,2015-10-05,0,,,,,"タカタショウテン",0
2224,9330002019179,21,1,2026-08-26,2023-01-20,"有限会社高田商店",00097788,302,"熊本県","熊本市北区","植木町米塚１２２番地の１",,43,105,8610115,,,2023-01-20,21,,,2015-10-05,0,,,,,"タカタショウテン",0
2225,9330002019179,22,1,2026-08-26,2026-08-12,"有限会社高田商店",00097788,302,"熊本県","熊本市北区","植木町米塚１２２番地の１",,43,105,8610115,,,,,,,2015-10-05,1,,,,,"タカタショウテン",0
2226,9340001026142,12,0,2026-08-26,2026-07-27,"スグクル株式会社",,301,"鹿児島県","霧島市","国分中央１丁目２－３２ポーラビル３階",,46,218,8994332,,,,,,,2023-12-15,1,,,,,"スグクル",0
2227,9340002025572,01,1,2026-08-26,2015-10-05,"有限会社サンエー",,302,"鹿児島県","肝属郡肝付町","新富１２０番地",,46,492,8931207,,,,,,,2015-10-05,1,,,,,"サンエー",0
2228,9340002027321,01,1,2026-08-26,2015-10-05,"有限会社カワシタ",,302,"鹿児島県","曽於市","大隅町月野１９２７番地",,46,217,8998212,,,,,,,2015-10-05,1,,,,,"カワシタ",0
2229,9340003003370,12,0,2026-08-26,2026-08-19,"松林合同会社",,305,"鹿児島県","鹿屋市","吾平町麓５３７９番地",,46,203,8931103,,,,,,,2021-04-01,1,,,,,"マツリン",0
2230,9350001020235,01,0,2026-08-26,2026-08-26,"株式会社ＲＯＤ",,301,"宮崎県","都城市","中町１７街区１２号Ｎ’ｓビル１－２号室",,45,202,8850071,,,,,,,2026-08-26,1,,,,,"ロッド",0
2231,9350002018212,21,0,2026-08-26,2026-08-21,"広原商事有限会社",,302,"宮崎県","西諸県郡高原町","大字広原３３１２番地",,45,361,8894411,,,2026-08-21,01,,,2015-10-05,1,,,,,"ヒロワラショウジ",0
2232,9360003016115,01,0,2026-08-26,2026-08-26,"合同会社嶺明",,305,"沖縄県","糸満市","字真栄平８１４番地の１",,47,210,9010331,,,,,,,2026-08-26,1,,,,,"レイメイ",0
2233,9370005002335,12,0,2026-08-26,2026-08-18,"特定非営利活動法人クローバーズ・ネット",,399,"青森県","八戸市","大字新井田字松山中野場２９番地１",,02,203,0310813,,,,,,,2015-10-05,1,,,,,"クローバーズネット",0
2234,9370302000413,01,1,2026-08-26,2015-10-05,"有限会社エコサプライ",,302,"宮城県","石巻市","南中里３丁目１１番１４号",,04,202,9860814,,,,,,,2015-10-05,1,,,,,"エクサプライ",0
2235,9370402001757,21,0,2026-08-26,2026-08-20,"有限会社佐沼自動車工業",,302,"宮城県","登米市","迫町佐沼字錦１９９番地",,04,212,9870511,,,2026-08-20,01,,,2015-10-05,1,,,,,"サヌマジドウシャコウギョウ",0
2236,9370805000430,01,1,2026-08-26,2015-10-05,"医療法人徳重会",,399,"宮城県","名取市","みどり台１丁目３番１号",,04,207,9820047,,,,,,,2015-10-05,0,,,,,"トクジュウカイ",0
2237,9370805000430,21,1,2026-08-26,2026-06-22,"医療法人徳重会",,399,"宮城県","名取市","みどり台１丁目３番１号",,04,207,9820047,,,2026-06-22,01,,,2015-10-05,1,,,,,"トクジュウカイ",0
2238,9380005013117,01,0,2026-08-26,2026-08-26,"一般社団法人Ｅｉ‐ｅｎ",,399,"福島県","郡山市","南１丁目３５番地",,07,203,9630115,,,,,,,2026-08-26,1,,,,,"エイエン",0
2239,9390002015908,21,0,2026-08-26,2026-08-21,"有限会社カネコメガネ倶楽部",,302,"山形県","西村山郡河北町","谷地所岡１丁目２番地２",,06,321,9993513,,,2026-08-21,01,,,2015-10-05,1,,,,,"カネコメガネクラブ",0
2240,9420002012488,01,1,2026-08-26,2015-10-05,"有限会社マルシン須藤舗設",,302,"青森県","つがる市","木造丸山竹鼻８４番地５",,02,209,0382801,,,,,,,2015-10-05,0,,,,,"マルシンストウホセツ",0
2241,9420002012488,12,1,2026-08-26,2026-08-21,"有限会社マルシン須藤舗設",,302,"青森県","つがる市","木造丸山竹鼻９２番地１１０",,02,209,0382801,,,,,,,2015-10-05,1,,,,,"マルシンストウホセツ",0
2242,9430001002571,21,0,2026-08-26,2026-08-19,"株式会社ＮＴＴ東日本－北海道",,301,"北海道","札幌市中央区","大通西１４丁目７番地",,01,101,0600042,,,2026-08-19,11,8011101028104,"令和８年７月１日東京都新宿区西新宿三丁目１９番２号ＮＴＴ東日本株式会社（8011101028104）に合併し解散",2015-10-05,1,,,,,"エヌティティヒガシニホンホッカイドウ",0
2243,9430001018584,12,0,2026-08-26,2026-08-24,"株式会社類企画設計",,301,"北海道","札幌市中央区","大通西２８丁目１番２号",,01,101,0640820,,,,,,,2015-10-05,1,,,,,"ルイキカクセッケイ",0
2244,9430001033807,01,1,2026-08-26,2015-10-05,"株式会社小林住工",,301,"北海道","北広島市","輪厚７０番地２",,01,234,0611264,,,,,,,2015-10-05,1,,,,,"コバヤシジュウコウ",0
2245,9430001082119,12,0,2026-08-26,2026-08-21,"株式会社シュウテック",,301,"北海道","苫小牧市","音羽町２丁目１６番１１号",,01,213,0530044,,,,,,,2020-08-17,1,,,,,"シュウテック",0
2246,9430001091301,12,0,2026-08-26,2026-08-24,"株式会社Ｓｙｕ　Ｏｎｅ",,301,"北海道","札幌市西区","二十四軒三条６丁目２番２１－２０５号",,01,107,0630803,,,,,,,2024-03-18,1,,,,,"シューワン",0
2247,9430001096283,12,0,2026-08-26,2026-08-21,"株式会社わらじや",,301,"北海道","札幌市東区","中沼西一条１丁目１３－１１フォーレストパーク１階",,01,103,0070891,,,,,,,2026-02-20,1,,,,,"ワラジヤ",0
2248,9430001097570,01,0,2026-08-26,2026-08-26,"株式会社太田フーズ",,301,"北海道","札幌市中央区","南一条西８丁目１１番地４日専連ジェミスビル９０３号",,01,101,0600061,,,,,,,2026-08-26,1,,,,,"オオタフーズ",0
2249,9430005002972,12,0,2026-08-26,2026-08-19,"平岸中央商店街振興組合",,399,"北海道","札幌市豊平区","平岸三条２丁目２番２号",,01,105,0620933,,,,,,,2015-10-05,1,,,,,"ヒラギシチュウオウ",0
2250,9450002011974,01,1,2026-08-26,2015-10-05,"有限会社本間工務店",,302,"北海道","留萌市","五十嵐町２丁目４番３号",,01,212,0770023,,,,,,,2015-10-05,1,,,,,"ホンマコウムテン",0
2251,9450003000654,21,0,2026-08-26,2026-08-21,"合名会社山本農産",,303,"北海道","枝幸郡枝幸町","風烈布１２４番地１",,01,514,0985953,,,2026-08-21,01,,,2015-10-05,1,,,,,"ヤマモトノウサン",0
2252,9470001008680,01,1,2026-08-26,2015-10-05,"ＲＥＶＯ株式会社",,301,"香川県","丸亀市","田村町４８６番地",,37,202,7630071,,,,,,,2015-10-05,1,,,,,,0
2253,9480001012731,12,0,2026-08-26,2026-08-24,"株式会社空き家ＺＥＲＯ",,301,"徳島県","阿波市","吉野町西条字中小路５９番地１",,36,206,7711402,,,,,,,2025-01-27,1,,,,,"アキヤゼロ",0
2254,9480002001262,21,0,2026-08-26,2026-08-24,"有限会社片山善貴商店",,302,"徳島県","徳島市","紺屋町３８番地",,36,201,7700918,,,2026-08-24,01,,,2015-10-05,1,,,,,"カタヤマヨシタカショウテン",0
2255,9490002013224,01,1,2026-08-26,2015-10-05,"有限会社室戸建設会館",,302,"高知県","室戸市","浮津２６番地２",,39,202,7817103,,,,,,,2015-10-05,1,,,,,"ムロトケンセツカイカン",0
2256,9700150118975,13,0,2026-08-26,2026-05-25,"Ｊｉａｎｇｍｅｎ　ＺＨＯＮＧＴＡＯ　Ｔｅｃｈｎｏｌｏｇｙ　Ｓｅｒｖｉｃｅ　Ｃｏ．，Ｌｔｄ",,401,,,,,,,,"５０１　ｓｈｉ　ｚｉ　ｂｉａｎ　Ａ０３　Ｂａｏ　ｔａｎｇ　ｌｕ　５２　ｈａｏ　１２　ｄｏｎｇ　Ｐｅｎｇ　Ｊｉａｎｇ　ｑｕ　Ｔａｎｇ　ｘｉａ　ｚｈｅｎ　Ｊｉａｎｇ　ｍｅｎ　ｓｈｉ　Ｇｕａｎｇ　ｄｏｎｇ　ＣＮ　５２９０８５",,,,,,2023-08-10,1,,,,,"ジャンメンシージョンタオコージーフーウーヨウシエンゴンスー",0
2257,9700150137109,01,0,2026-08-26,2026-08-26,"ＢＫＣ　ＩＮＴＥＲＮＡＴＩＯＮＡＬ　ＴＥＣＨＮＯＬＯＧＹ　ＬＩＭＩＴＥＤ",,401,,,,,,,,"９９９０７７　Ｋｗａｉ　Ｔｓｉｎｇ　Ｄｉｓｔｒｉｃｔ　ＲＭ　１０３，１２／Ｆ，ＧＯＬＤＥＮ　ＩＮＤＬ　ＢＬＤＧ　ＢＬＫ　２　ＲＭ　１２０７，１６－２６　ＫＷＡＩ　ＴＡＫ　ＳＴ，ＫＷＡＩ　ＣＨＵＮＧ，ＮＥＷ　ＴＥＲＲＩＴＯＲＩＥＳ，ＨＯＮＧ　ＫＯＮＧ　ＳＡＲ",,,,,,2026-08-26,1,,,,,"ビーケーシーインターナショナルテクノロジーリミテッド",0
