1,1010001039135,12,0,2026-10-07,2026-10-05,"大野屋建築資材株式会社",,301,"埼玉県","さいたま市北区","土呂町２丁目１０２番地９",,11,102,3310804,,,,,,,2015-10-05,1,,,,,"オオノヤケンチクシザイ",0
2,1010001080097,21,0,2026-10-07,2026-09-09,"いちい亭株式会社",,301,"東京都","千代田区","丸の内３丁目４番１号",,13,101,1000005,,,2026-09-09,01,,,2015-10-05,1,,,,,"イチイテイ",0
3,1010001102669,12,0,2026-10-07,2026-10-05,"ケイテキスタイル株式会社",,301,"東京都","渋谷区","道玄坂１丁目１７番９号",,13,113,1500043,,,,,,,2015-10-05,1,,,,,"ケイテキスタイル",0
4,1010001137013,11,0,2026-10-07,2026-10-01,"ミラクロンジャパン株式会社",,301,"東京都","港区","芝５丁目２９番２０号",,13,103,1080014,,,,,,,2015-10-05,1,,,,,"ミラクロンジャパン",0
5,1010001142616,12,0,2026-10-07,2026-09-28,"エルケム・ジャパン株式会社",,301,"東京都","港区","赤坂３丁目１番２号７階",,13,103,1070052,,,,,,,2015-10-05,1,,,,,"エルケムジャパン",0
6,1010001146146,11,0,2026-10-07,2026-10-01,"ＳＭＴＢリース株式会社",,301,"東京都","港区","芝浦１丁目２番３号",,13,103,1050023,,,,,,,2015-10-05,1,,,,,"ミツイスミトモトラストパナソニックファイナンス",0
7,1010001225214,21,0,2026-10-07,2026-09-08,"株式会社シッコク",,301,"東京都","千代田区","神田練塀町３００番３階",,13,101,1010022,,,2026-09-08,01,,,2022-03-23,1,,,,,"シッコク",0
8,1010001232697,12,0,2026-10-07,2026-10-02,"クールコネクト株式会社",,301,"埼玉県","草加市","草加３丁目７番２８－２０３号",,11,221,3400043,,,,,,,2023-02-09,1,,,,,"クールコネクト",0
9,1010001252043,01,1,2026-10-07,2025-02-06,"株式会社スマートコントラクト",,301,"東京都","千代田区","神田和泉町１番地６－１６ヤマトビル４Ｆ",,13,101,1010024,,,,,,,2025-02-06,1,,,,,"スマートコントラクト",0
10,1010001256366,12,0,2026-10-07,2026-10-01,"Ｓｔｅｉｎｂａｃｈ＆Ｐａｒｔｎｅｒ株式会社",,301,"千葉県","長生郡長生村","一松戊３２１２番地",,12,423,2994323,,,,,,,2025-07-02,1,,,,,"シュタインバッハアンドパートナー",0
11,1010001269269,01,0,2026-10-07,2026-10-07,"株式会社ＲＥＡＬ",,301,"東京都","中央区","日本橋２丁目１６番４号ｒｅｍｉｘ日本橋６階",,13,102,1030027,,,,,,,2026-10-07,1,,,,,"リアル",0
12,1010001269343,01,0,2026-10-07,2026-10-07,"ＳＯＭＡＮ株式会社",,301,"東京都","千代田区","神田和泉町１番地６／１６ヤマトビル４０５",,13,101,1010024,,,,,,,2026-10-07,1,,,,,"ソマン",0
13,1010001269384,01,0,2026-10-07,2026-10-07,"株式会社ＧＲＩＴ　ＴＯＫＹＯ",,301,"東京都","中央区","銀座１丁目２３番１０号１４１０室",,13,102,1040061,,,,,,,2026-10-07,1,,,,,"グリットトウキョウ",0
14,1010001269442,01,0,2026-10-07,2026-10-07,"株式会社ＶＩＰ",,301,"東京都","中央区","銀座１丁目１２番４号Ｎ＆Ｅビルディング７Ｆ",,13,102,1040061,,,,,,,2026-10-07,1,,,,,"ブイアイピー",0
15,1010001269467,01,0,2026-10-07,2026-10-07,"株式会社ＦＬＩＰ第３９４号",,301,"東京都","千代田区","丸の内２丁目７番２号",,13,101,1000005,,,,,,,2026-10-07,1,,,,,"エフエルアイピーダイサンビャクキュウジュウヨンゴウ",0
16,1010001269475,01,0,2026-10-07,2026-10-07,"株式会社ＦＬＩＰ第４０２号",,301,"東京都","千代田区","丸の内２丁目７番２号",,13,101,1000005,,,,,,,2026-10-07,1,,,,,"エフエルアイピーダイヨンヒャクニゴウ",0
17,1010001269483,01,0,2026-10-07,2026-10-07,"株式会社ＦＬＩＰ第４１０号",,301,"東京都","千代田区","丸の内２丁目７番２号",,13,101,1000005,,,,,,,2026-10-07,1,,,,,"エフエルアイピーダイヨンヒャクジュウゴウ",0
18,1010001269491,01,0,2026-10-07,2026-10-07,"株式会社ＦＬＩＰ第４１８号",,301,"東京都","千代田区","丸の内２丁目７番２号",,13,101,1000005,,,,,,,2026-10-07,1,,,,,"エフエルアイピーダイヨンヒャクジュウハチゴウ",0
19,1010001269500,01,0,2026-10-07,2026-10-07,"株式会社ＳＨＩＰ第１０５９号",,301,"東京都","千代田区","丸の内２丁目７番２号",,13,101,1000005,,,,,,,2026-10-07,1,,,,,"エスエイチアイピーダイセンゴジュウキュウゴウ",0
20,1010002020606,01,1,2026-10-07,2015-10-05,"有限会社シミズエステート",,302,"東京都","中央区","銀座４丁目３番２号",,13,102,1040061,,,,,,,2015-10-05,1,,,,,"シミズエステート",0
21,1010003034794,01,1,2026-10-07,2021-05-11,"合同会社ＴＯＭ．ＳＴＯＣＫｓ",,305,"東京都","中央区","銀座６丁目１３番１６号銀座ＷａｌｌビルＵＣＦ５０１",,13,102,1040061,,,,,,,2021-05-11,0,,,,,"トムストックス",0
22,1010003034794,11,1,2026-10-07,2022-08-30,"ＴＯＭ．ＳＴＯＣＫｓ株式会社",,301,"東京都","中央区","銀座６丁目１３番１６号銀座ＷａｌｌビルＵＣＦ５０１",,13,102,1040061,,,,,,,2021-05-11,0,,,,,,0
23,1010003034794,12,1,2026-10-07,2022-12-06,"ＴＯＭ．ＳＴＯＣＫｓ株式会社",,301,"東京都","港区","東麻布２丁目３３－４ＶＡＯＡＺＡＢＵ１０－１Ｆ",,13,103,1060044,,,,,,,2021-05-11,1,,,,,,0
24,1010003041428,21,0,2026-10-07,2026-09-18,"行人坂マネージメント合同会社",,305,"東京都","千代田区","丸の内１丁目１１番１号",,13,101,1000005,,,2026-09-18,01,,,2023-08-18,1,,,,,"ギョウニンザカマネージメント",0
25,1010003051212,12,0,2026-10-07,2026-09-29,"ＭＲフィールド合同会社",,305,"千葉県","千葉市中央区","松波３丁目２番１４号パークサイドマンション中本２０１号室",,12,101,2600044,,,,,,,2026-05-15,1,,,,,"エムアールフィールド",0
26,1010003052895,01,0,2026-10-07,2026-10-07,"合同会社ＢＡＳＥ２",,305,"東京都","千代田区","平河町１丁目６番１５号シルスフィア会計事務所内",,13,101,1020093,,,,,,,2026-10-07,1,,,,,"ベイスツー",0
27,1010005039619,01,1,2026-10-07,2025-02-21,"ＡＡＪ　Ｊ一般社団法人",,399,"東京都","千代田区","霞が関３丁目２番５号",,13,101,1000013,,,,,,,2025-02-21,1,,,,,"エーエージェージェー",0
28,1010401036789,01,1,2026-10-07,2015-10-05,"株式会社ピー・エム・ワークス",,301,"東京都","港区","虎ノ門３丁目８番２５号Ｔ３ＧＡＴＥＳ",,13,103,1050001,,,,,,,2015-10-05,0,,,,,"ピーエムワークス",0
29,1010401036789,12,1,2026-10-07,2026-09-02,"株式会社ピー・エム・ワークス",,301,"東京都","港区","西新橋３丁目１４番５号エラスムス虎ノ門",,13,103,1050003,,,,,,,2015-10-05,1,,,,,"ピーエムワークス",0
30,1010401146217,12,0,2026-10-07,2026-10-02,"株式会社ＣＮＳ",,301,"東京都","港区","新橋６丁目２２番６号ＪＯＹＯビル６階",,13,103,1050004,,,,,,,2019-06-18,1,,,,,"シーエヌエス",0
31,1010401202110,01,0,2026-10-07,2026-10-07,"株式会社Ｌ＆Ｄ　ＰＬＵＳ　Ｊ",,301,"東京都","港区","新橋１丁目１２‐９",,13,103,1050004,,,,,,,2026-10-07,1,,,,,"エルアンドディープラスジェイ",0
32,1010401202515,01,0,2026-10-07,2026-10-07,"株式会社ＡＬＬ　ＲＵＮＳ",,301,"東京都","港区","六本木３丁目１６番１２号六本木ＫＳビル５Ｆ",,13,103,1060032,,,,,,,2026-10-07,1,,,,,"オールランズ",0
33,1010401202548,01,0,2026-10-07,2026-10-07,"株式会社ＫＫＳ",,301,"東京都","港区","麻布台１丁目１１番１０号",,13,103,1060041,,,,,,,2026-10-07,1,,,,,"ケイケイエス",0
34,1010401202556,01,0,2026-10-07,2026-10-07,"株式会社ＪＴ　ＲＯＭＡＮ",,301,"東京都","港区","南青山３丁目１番３６号青山丸竹ビル６階",,13,103,1070062,,,,,,,2026-10-07,1,,,,,"ジェイティーロマン",0
35,1010401202614,01,0,2026-10-07,2026-10-07,"株式会社プロネクサスＡＩ総研",,301,"東京都","港区","海岸１丁目２番２０号",,13,103,1050022,,,,,,,2026-10-07,1,,,,,"プロネクサスエーアイソウケン",0
36,1010401202622,01,0,2026-10-07,2026-10-07,"エントランス株式会社",,301,"東京都","港区","六本木６丁目１番２４号ラピロス六本木５Ｆ",,13,103,1060032,,,,,,,2026-10-07,1,,,,,"エントランス",0
37,1010401202647,01,0,2026-10-07,2026-10-07,"株式会社望",,301,"東京都","港区","芝浦３丁目７番８－４０４号",,13,103,1080023,,,,,,,2026-10-07,1,,,,,"ノゾミ",0
38,1010402035212,12,0,2026-10-07,2026-09-09,"有限会社あうる企画",,302,"東京都","港区","東新橋１丁目１０番２－４０７号",,13,103,1050021,,,,,,,2015-10-05,1,,,,,"アウルキカク",0
39,1010403039245,01,0,2026-10-07,2026-10-07,"合同会社ＣＲＯＳＳＦＩＥＬＤ",,305,"東京都","港区","南麻布３丁目２０－１Ｄａｉｗａ麻布テラス５Ｆ",,13,103,1060047,,,,,,,2026-10-07,1,,,,,"クロスフィールド",0
40,1010403039294,01,0,2026-10-07,2026-10-07,"Ｍｉｎｏｈ１合同会社",,305,"東京都","港区","浜松町１丁目２０番１０号ライオネス浜松町５０６号室",,13,103,1050013,,,,,,,2026-10-07,1,,,,,"ミノオイチ",0
41,1010501053370,12,0,2026-10-07,2026-09-28,"ＣＯＢＢ株式会社",,301,"東京都","台東区","東上野６丁目１２番２号ガリシア東上野１２０１号室",,13,106,1100015,,,,,,,2024-12-20,0,,,,,"シーオービービー",0
42,1010501053370,11,0,2026-10-07,2026-09-28,"艾美森パッケージ株式会社",,301,"東京都","台東区","東上野６丁目１２番２号ガリシア東上野１２０１号室",,13,106,1100015,,,,,,,2024-12-20,1,,,,,"アイミセンパッケージ",0
43,1010601022944,12,0,2026-10-07,2026-10-05,"株式会社シスコ",,301,"東京都","文京区","本郷７丁目２番６号矢作ビル２０２号室",,13,105,1130033,,,,,,,2015-10-05,1,,,,,"シスコ",0
44,1010601068450,12,0,2026-10-07,2026-10-02,"株式会社ａｃｃｏｍｐａｎｙ",,301,"東京都","墨田区","江東橋４丁目１９－３錦糸町ミハマビル６階",,13,107,1300022,,,,,,,2025-12-22,1,,,,,"アカンパニー",0
45,1010601069663,01,1,2026-10-07,2026-08-05,"株式会社ＥＪ　ＮＥＸＴ",,301,"東京都","江東区","辰巳３丁目１６番２０号",,13,108,1350053,,,,,,,2026-08-05,1,,,,,"イージェイネクスト",0
46,1010601069911,01,0,2026-10-07,2026-10-07,"株式会社鈴丁",,301,"東京都","江東区","北砂２丁目１８番２－１２０７号",,13,108,1360073,,,,,,,2026-10-07,1,,,,,"スズチョウ",0
47,1010701045630,12,0,2026-10-07,2026-10-05,"株式会社ランメディカル",,301,"東京都","品川区","小山３丁目２７－１武蔵小山駅前ビル２階",,13,109,1420062,,,,,,,2024-03-05,1,,,,,"ランメディカル",0
48,1010701050250,01,0,2026-10-07,2026-10-07,"Ｍｅｒｉｄｉａｎ　Ｃｒｏｓｓ株式会社",,301,"東京都","品川区","大井１丁目２５－３シティハイツ大井町２Ｆ",,13,109,1400014,,,,,,,2026-10-07,1,,,,,"メリディアンクロス",0
49,1010801009056,12,0,2026-10-07,2026-10-05,"日本防蝕工業株式会社",,301,"東京都","品川区","東品川４丁目１２番４号",,13,109,1400002,,,,,,,2015-10-05,1,,,,,"ニホンボウショクコウギョウ",0
50,1010901060355,01,0,2026-10-07,2026-10-07,"株式会社ＭＧＧ",,301,"東京都","世田谷区","北沢１丁目２番８号",,13,112,1550031,,,,,,,2026-10-07,1,,,,,"エムジージー",0
51,1010901060371,01,0,2026-10-07,2026-10-07,"株式会社たまぎわ",,301,"東京都","世田谷区","北烏山２丁目１１番７号",,13,112,1570061,,,,,,,2026-10-07,1,,,,,"タマギワ",0
52,1010901060388,01,0,2026-10-07,2026-10-07,"株式会社タカハシ",,301,"東京都","世田谷区","代沢１丁目２９番５－４０３号",,13,112,1550032,,,,,,,2026-10-07,1,,,,,"タカハシ",0
53,1010905004993,01,0,2026-10-07,2026-10-07,"一般社団法人世田谷区民間保育園連盟",,399,"東京都","世田谷区","桜新町２丁目２９番３号",,13,112,1540015,,,,,,,2026-10-07,1,,,,,"セタガヤクミンカンホイクエンレンメイ",0
54,1011001039769,12,0,2026-10-07,2026-10-02,"株式会社ラファイエット",,301,"東京都","板橋区","小豆沢１丁目１１番５号",,13,119,1740051,,,,,,,2015-10-05,1,,,,,"ラファイエット",0
55,1011001096323,12,0,2026-10-07,2026-10-05,"株式会社安東商事",,301,"東京都","大田区","南蒲田３丁目６番２６－１０５号",,13,111,1440035,,,,,,,2015-10-05,1,,,,,"アンドウショウジ",0
56,1011001133943,12,0,2026-10-07,2026-09-14,"株式会社ｏｂａｋｅ",,301,"東京都","渋谷区","恵比寿西２丁目４番８号ウィンド恵比寿ビル８Ｆ",,13,113,1500021,,,,,,,2020-05-28,1,,,,,"オバケ",0
57,1011001144461,12,0,2026-10-07,2026-09-10,"株式会社Ｒｅｃｒｅａ",,301,"東京都","渋谷区","恵比寿２丁目２８－７－４０１",,13,113,1500013,,,,,,,2021-12-13,1,,,,,"リクレア",0
58,1011001153603,21,0,2026-10-07,2026-10-05,"株式会社ＹＭ",,301,"東京都","練馬区","石神井町３丁目２７番６号ヴィラ・シャルマン４０１号",,13,120,1770041,,,2026-10-05,01,,,2023-04-10,1,,,,,"ワイエム",0
59,1011001160888,12,0,2026-10-07,2026-09-10,"ＫＡＧＵＹＡ株式会社",,301,"東京都","目黒区","中目黒１丁目１番１７号ＬＡＮＴＩＱＵＥ２１１",,13,110,1530061,,,,,,,2024-03-27,1,,,,,"カグヤ",0
60,1011001180952,01,0,2026-10-07,2026-10-07,"株式会社ＩＮＮＯＶＡＴＥ　Ｌａｂ",,301,"東京都","渋谷区","神南１丁目１１番４号ＦＰＧｌｉｎｋｓＪＩＮＮＡＮ５階",,13,113,1500041,,,,,,,2026-10-07,1,,,,,"イノベートラボ",0
61,1011002035081,12,0,2026-10-07,2026-09-07,"有限会社アップライズ",,302,"東京都","渋谷区","道玄坂１丁目１０番８号",,13,113,1500043,,,,,,,2015-10-05,1,,,,,,0
62,1011003005406,01,1,2026-10-07,2015-10-05,"合同会社ＫＯＯＧＥＮ",,305,"東京都","渋谷区","神宮前６丁目３５番３号",,13,113,1500001,,,,,,,2015-10-05,0,,,,,,0
63,1011003005406,12,0,2026-10-07,2026-10-05,"合同会社ＫＯＯＧＥＮ",,305,"東京都","港区","南青山６丁目８番３号南青山セピアコート９０３",,13,103,1070062,,,,,,,2015-10-05,1,,,,,,0
64,1011003025404,01,0,2026-10-07,2026-10-07,"合同会社まさか",,305,"東京都","渋谷区","恵比寿西２丁目４番８号ウィンド恵比寿ビル８Ｆ",,13,113,1500021,,,,,,,2026-10-07,1,,,,,"マサカ",0
65,1011101042961,12,0,2026-10-07,2026-09-07,"株式会社ＲＩＤＥＡ",,301,"東京都","千代田区","九段南１丁目６番５号",,13,101,1020074,,,,,,,2015-10-05,1,,,,,"リデア",0
66,1011101087461,12,0,2026-10-07,2026-09-25,"株式会社ビルディングスマートサポート",,301,"東京都","目黒区","八雲３丁目１２番２７号",,13,110,1520023,,,,,,,2019-05-10,1,,,,,"ビルディングスマートサポート",0
67,1011101110999,12,0,2026-10-07,2026-09-25,"エンパワーメントファーム株式会社",,301,"東京都","新宿区","西新宿３丁目３番１３号西新宿水間ビル２Ｆ",,13,104,1600023,,,,,,,2025-03-14,1,,,,,"エンパワーメントファーム",0
68,1011101117631,01,0,2026-10-07,2026-10-07,"株式会社ＡＬＰＨＡＲＩＣＯ",,301,"東京都","新宿区","西新宿３丁目３番１３号西新宿水間２Ｆ",,13,104,1600023,,,,,,,2026-10-07,1,,,,,"アルファリコ",0
69,1011101117689,01,0,2026-10-07,2026-10-07,"株式会社ＦＣＥ　ＡＩｘ",,301,"東京都","新宿区","西新宿２丁目４番１号",,13,104,1600023,,,,,,,2026-10-07,1,,,,,"エフシーイーエーアイエックス",0
70,1011101117697,01,0,2026-10-07,2026-10-07,"池田コンサルティング株式会社",,301,"東京都","新宿区","原町３丁目１５番地１プラウド新宿牛込柳町７０７",,13,104,1620053,,,,,,,2026-10-07,1,,,,,"イケダコンサルティング",0
71,1011101117730,01,0,2026-10-07,2026-10-07,"てん商事株式会社",,301,"東京都","新宿区","西新宿３丁目３番１３号西新宿水間ビル２Ｆ",,13,104,1600023,,,,,,,2026-10-07,1,,,,,"テンショウジ",0
72,1011105011979,01,0,2026-10-07,2026-10-07,"医療法人社団シエル",,399,"東京都","新宿区","神楽坂５丁目３４番地１ＤＥＡＲＬＩＦＥ神楽坂４階",,13,104,1620825,,,,,,,2026-10-07,1,,,,,"シャダンシエル",0
73,1011201012336,01,1,2026-10-07,2015-10-05,"株式会社トリム",,301,"東京都","中野区","上鷺宮２丁目１８番２６号",,13,114,1650031,,,,,,,2015-10-05,1,,,,,"トリム",0
74,1011201019307,21,0,2026-10-07,2026-09-14,"株式会社ＭＪＡ建築事務所",,301,"東京都","国立市","東４丁目１番１０号サンライズ国立３０２",,13,215,1860002,,,2026-09-14,01,,,2016-08-15,1,,,,,"エムジェイエイケンチクジムショ",0
75,1011201021790,21,0,2026-10-07,2026-10-02,"株式会社ソラティア",,301,"東京都","中野区","上高田５丁目４６番３号",,13,114,1640002,,,2026-10-02,01,,,2019-11-18,1,,,,,"ソラティア",0
76,1011201027144,12,0,2026-10-07,2026-10-05,"株式会社ＲＥＱＳＴＡ",,301,"神奈川県","横浜市都筑区","佐江戸町２１５８アークステラ２０２",,14,118,2240054,,,,,,,2026-05-11,1,,,,,"レクスタ",0
77,1011201027458,01,0,2026-10-07,2026-10-07,"株式会社シーキューブド",,301,"東京都","中野区","弥生町３丁目３３番３号セントラルコート丸仁１０２号室",,13,114,1640013,,,,,,,2026-10-07,1,,,,,"シーキューブド",0
78,1011202000240,12,0,2026-10-07,2026-10-05,"有限会社アキヤマ",,302,"東京都","中央区","日本橋蛎殻町１丁目１１番３号",,13,102,1030014,,,,,,,2015-10-05,1,,,,,"アキヤマ",0
79,1011401012111,01,1,2026-10-07,2015-10-05,"株式会社大伸総合商社",,301,"神奈川県","横浜市旭区","上川井町５４１－４",,14,112,2410802,,,,,,,2015-10-05,1,,,,,"ダイシンソウゴウショウシャ",0
80,1011402001154,12,0,2026-10-07,2026-10-02,"有限会社ウィーズ",,302,"東京都","練馬区","大泉町２丁目４３番７号",,13,120,1780062,,,,,,,2015-10-05,1,,,,,"ウィーズ",0
81,1011403002473,71,0,2026-10-07,2026-09-14,"ウミガメ株式会社",,301,"東京都","新宿区","新宿１丁目２４番１２号",,13,104,1600022,,,,,,"令和８年９月１日大阪市淀川区西中島六丁目３番２４号Ｎ４１６号株式会社ＡＤＡＭＡＳ（3120001230457）を合併",2018-08-24,1,,,,,"ウミガメ",0
82,1011403005253,01,0,2026-10-07,2026-10-07,"合同会社Ｓｍｉｌｉｆｙ",,305,"東京都","板橋区","徳丸４丁目１９番３－５０７号",,13,119,1750083,,,,,,,2026-10-07,1,,,,,"スマイリファイ",0
83,1011505002198,12,0,2026-10-07,2026-10-06,"一般社団法人日本ミクロモザイク協会",,399,"東京都","北区","岸町１丁目１１番６号",,13,117,1140021,,,,,,,2018-11-30,1,,,,,"ニホンミクロモザイクキョウカイ",0
84,1011601024154,21,0,2026-10-07,2026-10-02,"株式会社Ｈ．Ｋ．Ｓ",,301,"東京都","中野区","大和町２丁目２６番１号",,13,114,1650034,,,2026-10-02,01,,,2020-04-21,1,,,,,"エイチケイエス",0
85,1011602008164,01,1,2026-10-07,2015-10-05,"有限会社パルパレット",,302,"東京都","練馬区","東大泉３丁目５１番８号７０４号",,13,120,1780063,,,,,,,2015-10-05,0,,,,,"パルパレット",0
86,1011602008164,12,1,2026-10-07,2016-01-04,"有限会社パルパレット",,302,"東京都","練馬区","東大泉７丁目３２番６号",,13,120,1780063,,,,,,,2015-10-05,1,,,,,"パルパレット",0
87,1011702003981,21,0,2026-10-07,2026-09-30,"有限会社光栄製作所",,302,"東京都","江戸川区","一之江３丁目３番６号",,13,123,1320024,,,2026-09-30,01,,,2015-10-05,1,,,,,"コウエイセイサクジョ",0
88,1011801006992,01,1,2026-10-07,2015-10-05,"株式会社荷峰堂",,301,"東京都","足立区","鹿浜３丁目１９番１６号",,13,121,1230864,,,,,,,2015-10-05,1,,,,,"カホウドウ",0
89,1011801032972,01,1,2026-10-07,2017-03-02,"株式会社三友",,301,"東京都","足立区","加平３丁目１番１－２０９号",,13,121,1210055,,,,,,,2017-03-02,1,,,,,"サンユウ",0
90,1011801036437,12,0,2026-10-07,2026-09-10,"株式会社アクスワン",,301,"東京都","中央区","八丁堀３丁目２０番４号１２階",,13,102,1040032,,,,,,,2019-07-31,1,,,,,"アクスワン",0
91,1011801039836,12,0,2026-10-07,2026-10-01,"フェイスコンサルティング株式会社",,301,"東京都","葛飾区","新小岩２丁目１番２３－１０８号ソフトタウン新小岩",,13,122,1240024,,,,,,,2021-10-14,1,,,,,"フェイスコンサルティング",0
92,1011801048473,01,0,2026-10-07,2026-10-07,"株式会社クイック・ジャパン",,301,"東京都","足立区","竹の塚６丁目１４番８号大島竹の塚ビル４Ｆ",,13,121,1210813,,,,,,,2026-10-07,1,,,,,"クイックジャパン",0
93,1011801048481,01,0,2026-10-07,2026-10-07,"株式会社Ｋａｚｕ．ｐｌａｎｎｉｎｇ",,301,"東京都","足立区","小台１丁目１８番８－１１１１号",,13,121,1200046,,,,,,,2026-10-07,1,,,,,"カズプランニング",0
94,1011803006909,12,0,2026-10-07,2026-09-30,"合同会社ＳＡＫＡＫＩ",,305,"東京都","葛飾区","東金町１丁目２０番５号２階",,13,122,1250041,,,,,,,2025-06-16,0,,,,,"サカキ",0
95,1011803006909,11,0,2026-10-07,2026-09-30,"合同会社ＬＩＶＩＡ",,305,"東京都","葛飾区","東金町１丁目２０番５号２階",,13,122,1250041,,,,,,,2025-06-16,1,,,,,"リヴィア",0
96,1012303002381,01,0,2026-10-07,2026-10-07,"合同会社ケアリス",,305,"東京都","町田市","成瀬３丁目１２番地４－３０２",,13,209,1940044,,,,,,,2026-10-07,1,,,,,"ケアリス",0
97,1012401039706,11,0,2026-10-07,2026-09-09,"株式会社ＳＥＮ",,301,"東京都","渋谷区","恵比寿西２丁目８番４号",,13,113,1500021,,,,,,,2022-10-06,1,,,,,"セン",0
98,1012401044953,01,0,2026-10-07,2026-10-07,"Ｂｌｏｏｍｉｎｇ　Ｃｒｅｗ株式会社",,301,"東京都","調布市","国領町１丁目２１番地１１ヴィラオクターヴ２０２号室",,13,208,1820022,,,,,,,2026-10-07,1,,,,,"ブルーミングクルー",0
99,1012701013377,12,0,2026-10-07,2026-10-05,"アジネ株式会社",,301,"埼玉県","入間市","宮寺字岾上２９６７番地４３",,11,225,3580014,,,,,,,2015-10-16,1,,,,,"アジネ",0
100,1012702007031,01,1,2026-10-07,2015-10-05,"有限会社ドット",,302,"東京都","東久留米市","神宝町２丁目３番１５号",,13,222,2030002,,,,,,,2015-10-05,1,,,,,"ドット",0
101,1012702014192,21,0,2026-10-07,2026-10-02,"有限会社商業不動産コンサルティング",,302,"東京都","台東区","蔵前４丁目１４番１２－９０１号",,13,106,1110051,,,2026-10-02,01,,,2015-10-05,1,,,,,"ショウギョウフドウサンコンサルティング",0
102,1012801023581,21,0,2026-10-07,2026-09-29,"ＫＥＩＫＥＩ株式会社",,301,"東京都","日野市","南平１丁目２６番６号",,13,212,1910041,,,2026-09-29,01,,,2024-11-26,1,,,,,"ケイケイ",0
103,1012803002534,21,0,2026-10-07,2026-09-09,"合同会社ＴＲＹ５",,305,"東京都","日野市","大字上田３３９番地の５",,13,212,1910014,,,2026-09-09,01,,,2021-07-02,1,,,,,"トライファイブ",0
104,1013203001762,01,1,2026-10-07,2015-10-05,"合同会社大松",,305,"東京都","目黒区","自由が丘１丁目８番３号",,13,110,1520035,,,,,,,2015-10-05,1,,,,,"ダイマツ",0
105,1013301031827,01,1,2026-10-07,2015-10-05,"株式会社アイレ",,301,"東京都","豊島区","東池袋１丁目３３番８号ＮＢＦ池袋タワー１２階",,13,116,1700013,,,,,,,2015-10-05,0,,,,,,0
106,1013301031827,71,1,2026-10-07,2025-05-01,"株式会社アイレ",,301,"東京都","豊島区","東池袋１丁目３３番８号ＮＢＦ池袋タワー１２階",,13,116,1700013,,,,,,"令和７年５月１日大阪市淀川区西中島六丁目５番４号株式会社Ｓ－ＰＡＬ（3120001144467）を合併",2015-10-05,1,,,,,,0
107,1013302014830,21,0,2026-10-07,2026-09-28,"有限会社シティプロダクツ",,302,"東京都","豊島区","南池袋２丁目３５番１０号",,13,116,1710022,,,2026-09-28,01,,,2015-10-05,1,,,,,"シティプロダクツ",0
108,1013303007619,21,0,2026-10-07,2026-09-24,"合同会社Ｗｈｉｔｅ",,305,"東京都","豊島区","東池袋２丁目６２番８号ＢＩＧオフィスプラザ池袋１２０６",,13,116,1700013,,,2026-09-24,01,,,2025-04-15,1,,,,,"ホワイト",0
109,1013402006843,12,0,2026-10-07,2026-10-02,"有限会社Ｃｏｂａｘ",,302,"東京都","杉並区","松庵３丁目３４番７号",,13,115,1670054,,,,,,,2015-10-05,1,,,,,"コバックス",0
110,1020001077778,01,1,2026-10-07,2015-10-05,"株式会社アセットシステムエンジニアリング",,301,"神奈川県","川崎市川崎区","貝塚１丁目４番１３号",,14,131,2100014,,,,,,,2015-10-05,1,,,,,"アセットシステムエンジニアリング",0
111,1020001080427,21,0,2026-10-07,2026-09-24,"株式会社ＩＴフォルテ",,301,"神奈川県","川崎市川崎区","駅前本町１１番地２号",,14,131,2100007,,,2026-09-24,01,,,2015-10-05,1,,,,,,0
112,1020001083611,21,0,2026-10-07,2026-09-17,"株式会社オッターベイ",,301,"神奈川県","横浜市中区","元町５丁目１９０番地ＫＩＫＩビル３Ｆ",,14,104,2310861,,,2026-09-17,01,,,2015-10-05,1,,,,,"オッターベイ",0
113,1020001099509,01,1,2026-10-07,2015-10-05,"株式会社ヤマサキ",,301,"神奈川県","横浜市港北区","日吉本町３丁目４０番１７号",,14,109,2230062,,,,,,,2015-10-05,1,,,,,"ヤマサキ",0
114,1020001104607,01,1,2026-10-07,2015-10-05,"Ｙ，ｓコーポレーション株式会社",,301,"神奈川県","川崎市宮前区","菅生５丁目４番８号ＭＮビル３０２号",,14,136,2160015,,,,,,,2015-10-05,0,,,,,"ワイズコーポレーション",0
115,1020001104607,12,1,2026-10-07,2018-01-17,"Ｙ，ｓコーポレーション株式会社",,301,"神奈川県","川崎市宮前区","菅生４丁目９番１８号",,14,136,2160015,,,,,,,2015-10-05,1,,,,,"ワイズコーポレーション",0
116,1020001153257,12,0,2026-10-07,2026-09-15,"株式会社長谷美",,301,"神奈川県","横浜市南区","睦町１丁目６－１９高安マンション３０２",,14,105,2320041,,,,,,,2023-08-31,1,,,,,"ハセビ",0
117,1020001167083,12,0,2026-10-07,2026-09-29,"株式会社ｅＮ",,301,"広島県","広島市西区","田方２丁目１８番１号",,34,104,7330851,,,,,,,2026-02-13,1,,,,,"エン",0
118,1020001169815,12,0,2026-10-07,2026-09-16,"株式会社ごはんのじかん",,301,"神奈川県","横浜市港南区","芹が谷１丁目１２番２４号",,14,111,2330006,,,,,,,2026-08-07,1,,,,,"ゴハンノジカン",0
119,1020001170640,01,0,2026-10-07,2026-10-07,"株式会社ＡＭＡＴＵＨＩ　Ｊａｐａｎ",,301,"神奈川県","横浜市中区","桜木町１丁目１番地８日石横浜ビル１０階",,14,104,2310062,,,,,,,2026-10-07,1,,,,,"アマツヒジャパン",0
120,1020001170673,01,0,2026-10-07,2026-10-07,"株式会社ＴＲＫ",,301,"神奈川県","川崎市宮前区","宮前平２丁目４番地２－２０２号室",,14,136,2160006,,,,,,,2026-10-07,1,,,,,"ティーアールケー",0
121,1020001170731,01,0,2026-10-07,2026-10-07,"株式会社Ｐｌｕｓ　Ｏｎｅ",,301,"神奈川県","川崎市高津区","坂戸１丁目１５－８－７０２",,14,134,2130012,,,,,,,2026-10-07,1,,,,,"プラスワン",0
122,1020002008518,01,1,2026-10-07,2015-10-05,"有限会社藤静",,302,"神奈川県","横浜市金沢区","泥亀２丁目５番１－１００号",,14,108,2360021,,,,,,,2015-10-05,1,,,,,"トウセイ",0
123,1020002039414,21,0,2026-10-07,2026-09-24,"有限会社長島設備",,302,"神奈川県","横浜市鶴見区","上の宮２丁目２６番１２号",,14,101,2300075,,,2026-09-24,01,,,2015-10-05,1,,,,,"ナガシマセツビ",0
124,1020002056863,01,1,2026-10-07,2015-10-05,"有限会社パレ・ド・バルブ",,302,"神奈川県","横浜市磯子区","上中里町６６５番地の６",,14,107,2350042,,,,,,,2015-10-05,1,,,,,"パレドバルブ",0
125,1020002076969,01,1,2026-10-07,2015-10-05,"有限会社アピア",,302,"神奈川県","横浜市緑区","長津田２丁目２２番１号",,14,113,2260027,,,,,,,2015-10-05,1,,,,,"アピア",0
126,1020003031510,12,0,2026-10-07,2026-09-14,"合同会社フルニール",,305,"神奈川県","横浜市瀬谷区","南台１丁目３９－１６アイ・エスビル南台２階ＡＢ",,14,114,2460032,,,,,,,2026-08-05,1,,,,,"フルニール",0
127,1020003031923,01,0,2026-10-07,2026-10-07,"ＫＤＣインターナショナル合同会社",,305,"神奈川県","横浜市港南区","下永谷１丁目３９番４２号",,14,111,2330016,,,,,,,2026-10-07,1,,,,,"ケーディーシーインターナショナル",0
128,1021001089326,01,0,2026-10-07,2026-10-07,"株式会社ｃｏｃｏｎ",,301,"神奈川県","藤沢市","鵠沼海岸６丁目５番２７号",,14,205,2510037,,,,,,,2026-10-07,1,,,,,"ココン",0
129,1021003011956,12,0,2026-10-07,2026-10-02,"合同会社ＹＳＴエンジニアリング",,305,"宮崎県","都城市","前田町７街区２２号拓新ビルＣ号室",,45,202,8850025,,,,,,,2022-07-20,1,,,,,"ワイエスティーエンジニアリング",0
130,1021003017920,01,0,2026-10-07,2026-10-07,"大橋オハナ合同会社",,305,"神奈川県","足柄下郡箱根町","木賀字瀬戸山１０１３番地の４スパックス箱根・宮ノ下Ａ棟３０５",,14,382,2500402,,,,,,,2026-10-07,1,,,,,"オオハシオハナ",0
131,1021003017937,01,0,2026-10-07,2026-10-07,"ＷＯＲＸＩＡ合同会社",,305,"神奈川県","厚木市","林４丁目１７番６７号シモ参番館１０２",,14,212,2430816,,,,,,,2026-10-07,1,,,,,"ワークシア",0
132,1021003017986,01,0,2026-10-07,2026-10-07,"Ｍ＆Ｈアセット合同会社",,305,"神奈川県","藤沢市","鵠沼藤が谷４丁目１番１９号",,14,205,2510031,,,,,,,2026-10-07,1,,,,,"エムアンドエイチアセット",0
133,1021005013703,01,0,2026-10-07,2026-10-07,"一般社団法人あつぎプレイグラウンド",,399,"神奈川県","厚木市","中町４丁目１４番６号パティオビル４階",,14,212,2430018,,,,,,,2026-10-07,1,,,,,"アツギプレイグラウンド",0
134,1030001090879,01,1,2026-10-07,2015-10-05,"東京塗装株式会社",,301,"埼玉県","秩父市","大野原１４０７番地の１",,11,207,3680005,,,,,,,2015-10-05,1,,,,,"トウキョウトソウ",0
135,1030001093626,21,0,2026-10-07,2026-09-18,"株式会社秋伽興業",,301,"埼玉県","さいたま市岩槻区","大字裏慈恩寺３５番地１－１０１",,11,110,3390002,,,2026-09-18,01,,,2015-10-05,1,,,,,"シュウカコウギョウ",0
136,1030001107344,01,1,2026-10-07,2015-10-05,"アネスティ株式会社",,301,"埼玉県","東松山市","大字大谷１５３８番地１",,11,212,3550008,,,,,,,2015-10-05,1,,,,,"アネスティ",0
137,1030001108359,01,1,2026-10-07,2015-10-05,"株式会社Ｆ＆Ｒ　ＮＥＸＴ",,301,"埼玉県","鶴ヶ島市","大字脚折１７９５番地４成瀬倉庫Ａ",,11,241,3502213,,,,,,,2015-10-05,1,,,,,"エフアンドアールネクスト",0
138,1030001160228,01,1,2026-10-07,2024-05-08,"株式会社Ｉ．Ｎ．Ｐ",,301,"埼玉県","幸手市","大字惣新田２６番地",,11,240,3400133,,,,,,,2024-05-08,1,,,,,,0
139,1030001174459,01,0,2026-10-07,2026-10-07,"株式会社Ｓｏｌｅｉｌ　Ａｃａｄｅｍｙ",,301,"埼玉県","さいたま市緑区","大字中尾２３２２番地１４",,11,109,3360932,,,,,,,2026-10-07,1,,,,,"ソレイルアカデミー",0
140,1030001174500,01,0,2026-10-07,2026-10-07,"株式会社ＡＣＥＳ",,301,"埼玉県","蕨市","中央６丁目６番８号",,11,223,3350004,,,,,,,2026-10-07,1,,,,,"エイシーズ",0
141,1030002002651,21,0,2026-10-07,2026-09-18,"有限会社大原左官興業",,302,"埼玉県","さいたま市緑区","大字大牧１２５５番地４",,11,109,3360922,,,2026-09-18,01,,,2015-10-05,1,,,,,"オオハラサカンコウギョウ",0
142,1030002032021,01,1,2026-10-07,2015-10-05,"有限会社パズルリング",,302,"埼玉県","所沢市","緑町４丁目７番７号",,11,208,3591111,,,,,,,2015-10-05,1,,,,,"パズルリング",0
143,1030002074765,01,1,2026-10-07,2015-10-05,"有限会社ファイナルコーポレーション",,302,"埼玉県","川越市","大字今福７３５番地１２",,11,201,3501151,,,,,,,2015-10-05,1,,,,,"ファイナルコーポレーション",0
144,1030002096322,21,0,2026-10-07,2026-09-18,"有限会社松山堂工芸社",,302,"埼玉県","東松山市","材木町６番５号",,11,212,3550016,,,2026-09-18,01,,,2015-10-05,1,,,,,"マツヤマドウコウゲイシャ",0
145,1030003015990,21,0,2026-10-07,2026-09-17,"ギガサポ株式会社",,301,"埼玉県","ふじみ野市","霞ケ丘２丁目５番１号ライオンズステージ上福岡４１５号",,11,245,3560006,,,2026-09-17,01,,,2020-10-06,1,,,,,"ギガサポ",0
146,1030003026682,12,0,2026-10-07,2026-09-30,"ＹＡＶＡＳ合同会社",,305,"千葉県","富里市","十倉３１９番地２４９",,12,233,2860212,,,,,,,2025-05-02,1,,,,,"ヤワシ",0
147,1040001030066,01,1,2026-10-07,2015-10-05,"株式会社茂八建設",,301,"千葉県","浦安市","海楽１丁目１３番３７号",,12,227,2790003,,,,,,,2015-10-05,1,,,,,"モハチケンセツ",0
148,1040001062233,01,1,2026-10-07,2015-10-05,"株式会社大栄水産",,301,"千葉県","銚子市","川口町２丁目６５２８番地の５７",,12,202,2880001,,,,,,,2015-10-05,1,,,,,"ダイエイスイサン",0
149,1050001032904,01,1,2026-10-07,2015-10-05,"勝工業株式会社",,301,"茨城県","つくば市","要１３７番地３",,08,220,3002622,,,,,,,2015-10-05,0,,,,,"マサルコウギョウ",0
150,1050001032904,12,1,2026-10-07,2026-09-28,"勝工業株式会社",,301,"茨城県","つくば市","島名１４９０番地１",,08,220,3002655,,,,,,,2015-10-05,1,,,,,"マサルコウギョウ",0
151,1050001057587,12,0,2026-10-07,2026-09-29,"株式会社Ａｄｉ　Ｃｏｒｐｏｒａｔｉｏｎ",,301,"茨城県","石岡市","柿岡１９３７番地２",,08,205,3150116,,,,,,,2025-11-19,1,,,,,"アディコーポレーション",0
152,1050001059039,01,0,2026-10-07,2026-10-07,"株式会社花花",,301,"茨城県","猿島郡境町","１３５５番地５",,08,546,3060433,,,,,,,2026-10-07,1,,,,,"ハナハナ",0
153,1050002002377,01,1,2026-10-07,2015-10-05,"有限会社ナイト・カンパニー",,302,"茨城県","水戸市","文京１丁目１０番１１号",,08,201,3100056,,,,,,,2015-10-05,0,,,,,"ナイトカンパニー",0
154,1050002002377,12,1,2026-10-07,2026-08-25,"有限会社ナイト・カンパニー",,302,"茨城県","水戸市","文京２丁目２番１０号",,08,201,3100056,,,,,,,2015-10-05,1,,,,,"ナイトカンパニー",0
155,1050002007005,21,0,2026-10-07,2026-09-30,"有限会社リニューアル・アシナ",,302,"茨城県","那珂市","戸崎１６２８番地の４３",,08,226,3110121,,,2026-09-30,01,,,2015-10-05,1,,,,,"リニューアルアシナ",0
156,1050003010412,01,0,2026-10-07,2026-10-07,"合同会社アスコ",,305,"茨城県","水戸市","浜田１丁目３番４号",,08,201,3100812,,,,,,,2026-10-07,1,,,,,,0
157,1050003010420,01,0,2026-10-07,2026-10-07,"合同会社伊鶴",,305,"茨城県","取手市","ゆめみ野２丁目１９番地４",,08,217,3020039,,,,,,,2026-10-07,1,,,,,,0
158,1060003006252,01,0,2026-10-07,2026-10-07,"合同会社那須高原アカルパ",,305,"栃木県","那須郡那須町","大字高久丙２９９３番地１",,09,407,3250302,,,,,,,2026-10-07,1,,,,,"ナスコウゲンアカルパ",0
159,1070001036291,21,0,2026-10-07,2026-09-30,"株式会社ＹＫ物流",,301,"群馬県","高崎市","井野町９５番地１ロビンソンハイツ１０１号",,10,202,3700004,,,2026-09-30,01,,,2019-11-07,1,,,,,"ワイケーブツリュウ",0
160,1070001044534,01,0,2026-10-07,2026-10-07,"株式会社エネクリーン",,301,"群馬県","前橋市","大手町３丁目１８－７",,10,201,3710026,,,,,,,2026-10-07,1,,,,,"エネクリーン",0
161,1070001044550,01,0,2026-10-07,2026-10-07,"Ｋ‐ＴＲＵＳＴ株式会社",,301,"群馬県","前橋市","二之宮町１５０３番地１",,10,201,3792117,,,,,,,2026-10-07,1,,,,,"ケートラスト",0
162,1070001044567,01,0,2026-10-07,2026-10-07,"株式会社ブルーグリッド",,301,"群馬県","伊勢崎市","国定町２丁目１８５２番地６",,10,204,3792221,,,,,,,2026-10-07,1,,,,,"ブルーグリッド",0
163,1070003006623,01,0,2026-10-07,2026-10-07,"ＳＡＦＶＡＮ合同会社",,305,"群馬県","太田市","宝町７７－１サンパレス宝町Ａ２０５",,10,205,3730042,,,,,,,2026-10-07,1,,,,,"サフヴァン",0
164,1080001013570,12,0,2026-10-07,2026-10-02,"株式会社御前崎電気工業",,301,"静岡県","静岡市駿河区","西中原２丁目１番１０号中原ビル２Ｂ",,22,102,4228053,,,,,,,2015-10-05,1,,,,,"オマエザキデンキコウギョウ",0
165,1080001014940,01,1,2026-10-07,2015-10-05,"株式会社スズセイ",,301,"静岡県","焼津市","西小川２丁目８番地の７",,22,212,4250036,,,,,,,2015-10-05,1,,,,,"スズセイ",0
166,1080002015112,01,1,2026-10-07,2015-10-05,"有限会社粂田建設",,302,"静岡県","牧之原市","細江１６３８番地の１",,22,226,4210421,,,,,,,2015-10-05,1,,,,,"クメタケンセツ",0
167,1080101019410,01,1,2026-10-07,2016-10-13,"株式会社村井製作所",,301,"静岡県","沼津市","下香貫清水２１１６番地の９",,22,203,4100822,,,,,,,2016-10-13,1,,,,,"ムライセイサクショ",0
168,1080101026539,01,0,2026-10-07,2026-10-07,"株式会社ＩＮＯＶＡＲＤ",,301,"静岡県","沼津市","大手町２丁目１０番１４号ファース沼津ビル４Ｆ",,22,203,4100801,,,,,,,2026-10-07,1,,,,,"イノヴァード",0
169,1080402018739,21,0,2026-10-07,2026-09-30,"有限会社ふとんのクボタ",,302,"静岡県","菊川市","半済１７８０番地の１",,22,224,4390019,,,2026-09-30,01,,,2015-10-05,1,,,,,"フトンノクボタ",0
170,1090001000816,11,0,2026-10-07,2026-10-01,"株式会社ムトウ甲越",,301,"山梨県","甲斐市","篠原１９４５番地",,19,210,4000115,,,,,,,2015-10-05,1,,,,,"ムトウコウエツ",0
171,1090002002745,21,0,2026-10-07,2026-10-02,"有限会社プラザ・マルシン",,302,"山梨県","甲府市","青沼１丁目７番１２号",,19,201,4000867,,,2026-10-02,01,,,2015-10-05,1,,,,,"プラザマルシン",0
172,1100001021240,01,1,2026-10-07,2015-10-05,"東信木材株式会社",,301,"長野県","上伊那郡南箕輪村","５４２２番地",,20,385,3994511,,,,,,,2015-10-05,1,,,,,"トウシンモクザイ",0
173,1100002007189,12,0,2026-10-07,2026-10-01,"有限会社さち",,302,"東京都","日野市","大坂上４丁目３番地の６ハイム大坂上２０２",,13,212,1910061,,,,,,,2015-10-05,1,,,,,"サチ",0
174,1100002009144,01,1,2026-10-07,2015-10-05,"有限会社鈴木養蜂場",,302,"長野県","須坂市","大字須坂２２２番地３",,20,207,3820911,,,,,,,2015-10-05,1,,,,,"スズキヨウホウジョウ",0
175,1100002028111,21,0,2026-10-07,2026-10-05,"有限会社ケイマックス",,302,"長野県","諏訪郡下諏訪町","３１５６番地１０",,20,361,3930000,,,2026-10-05,01,,,2015-10-05,1,,,,,"ケイマックス",0
176,1100003008979,01,0,2026-10-07,2026-10-07,"合同会社ＳＵＮＤＹＬＩＮＥ",,305,"長野県","長野市","平柴台１８５",,20,201,3800946,,,,,,,2026-10-07,1,,,,,"サンディライン",0
177,1110001040421,01,0,2026-10-07,2026-10-07,"株式会社Ｇａｌａｉｗｏｒｋｓ",,301,"新潟県","新潟市東区","新松崎３丁目１２番６号",,15,102,9500017,,,,,,,2026-10-07,1,,,,,"ガライワークス",0
178,1110005017390,01,0,2026-10-07,2026-10-07,"一般社団法人ライフアカウント基金",,399,"新潟県","新潟市中央区","西堀通６番町８８５番地",,15,103,9518061,,,,,,,2026-10-07,1,,,,,"ライフアカウントキキン",0
179,1120001036690,01,1,2026-10-07,2015-10-05,"株式会社八百泰",,301,"大阪府","大阪市福島区","玉川４丁目１２番１号",,27,103,5530004,,,,,,,2015-10-05,1,,,,,"ヤオヤス",0
180,1120001039966,12,0,2026-10-07,2026-10-02,"松尾忠株式会社",,301,"大阪府","大阪市浪速区","敷津東３丁目１０－２２フランセリナ２５－２０３",,27,111,5560012,,,,,,,2015-10-05,1,,,,,"マツオチュウ",0
181,1120001201740,01,1,2026-10-07,2016-11-08,"株式会社スター",,301,"大阪府","大阪市平野区","瓜破１丁目９番２４号",,27,126,5470024,,,,,,,2016-11-08,1,,,,,"スター",0
182,1120001238287,12,0,2026-10-07,2026-10-01,"スマイフ株式会社",,301,"大阪府","豊中市","庄内東町２丁目１－１２・２Ｆ",,27,203,5610831,,,,,,,2021-06-17,1,,,,,"スマイフ",0
183,1120001245036,12,0,2026-10-07,2026-09-29,"株式会社ｓａｌｏｍｂ",,301,"大阪府","大阪市西区","江戸堀１丁目１７番１６号",,27,106,5500002,,,,,,,2022-04-11,1,,,,,"サロム",0
184,1120001257915,11,0,2026-10-07,2026-09-30,"ＵＤトラックス富山株式会社",,301,"大阪府","大阪市大正区","北恩加島１丁目１４番１９号",,27,108,5510033,,,,,,,2023-09-12,1,,,,,"ユーディートラックストヤマ",0
185,1120001273854,12,0,2026-10-07,2026-09-28,"株式会社セリーナ",,301,"大阪府","大阪市浪速区","恵美須西３丁目３番３６号Ｓｅｉｒｙｕ通天閣４０１号",,27,111,5560003,,,,,,,2025-03-25,1,,,,,"セリーナ",0
186,1120003033595,01,0,2026-10-07,2026-10-07,"合同会社ツーウェイク",,305,"大阪府","大阪市生野区","新今里２丁目７番３号ロネスタ新今里３０１号",,27,116,5440001,,,,,,,2026-10-07,1,,,,,"ツーウェイク",0
187,1120003033604,01,0,2026-10-07,2026-10-07,"合同会社泉豊",,305,"大阪府","大阪市住之江区","東加賀屋２丁目１５番地１３号ＡＰ８０８－２階２０２号",,27,125,5590012,,,,,,,2026-10-07,1,,,,,"ミズホ",0
188,1120101025791,01,1,2026-10-07,2015-10-05,"株式会社ミタニコア",,301,"大阪府","松原市","阿保３丁目１番３号",,27,217,5800043,,,,,,,2015-10-05,1,,,,,"ミタニコア",0
189,1120102026888,01,1,2026-10-07,2015-10-05,"有限会社ラヴァーズ",,302,"大阪府","和泉市","青葉台１丁目２番４号",,27,219,5941153,,,,,,,2015-10-05,1,,,,,"ラヴァーズ",0
190,1120103006105,12,0,2026-10-07,2026-10-05,"合同会社トライフォース",,305,"大阪府","泉大津市","北豊中町３丁目１番２６号３階",,27,206,5950012,,,,,,,2024-10-25,1,,,,,"トライフォース",0
191,1120105005583,01,1,2026-10-07,2015-10-05,"天理教浪速錦城分教会",,399,"大阪府","羽曳野市","恵我之荘１丁目１５番２０号",,27,222,5830886,,,,,,,2015-10-05,1,,,,,"テンリキョウナニワキンジョウブンキョウカイ",0
192,1120901027500,01,1,2026-10-07,2015-10-05,"株式会社オオタテクノス",,301,"大阪府","豊中市","二葉町２丁目４番２７号",,27,203,5610825,,,,,,,2015-10-05,1,,,,,"オオタテクノス",0
193,1120901033928,01,1,2026-10-07,2015-10-05,"ジェイシトロン株式会社",,301,"大阪府","茨木市","若草町６番１号ラフォーレ南茨木７０１号",,27,211,5670875,,,,,,,2015-10-05,1,,,,,"ジェイシトロン",0
194,1120901049858,12,0,2026-10-07,2026-10-05,"オールズ株式会社",,301,"大阪府","大阪市北区","西天満４丁目３番１８号",,27,127,5300047,,,,,,,2024-10-04,1,,,,,"オールズ",0
195,1120901053298,01,0,2026-10-07,2026-10-07,"株式会社シーバンス",,301,"大阪府","豊中市","岡町北２丁目１０番６号",,27,203,5610884,,,,,,,2026-10-07,1,,,,,"シーバンス",0
196,1120901053307,01,0,2026-10-07,2026-10-07,"株式会社ＡＤＤＩＣＴＩＯＮ",,301,"大阪府","摂津市","新在家１丁目２９番２５号",,27,224,5660055,,,,,,,2026-10-07,1,,,,,"アディクション",0
197,1122001035788,12,0,2026-10-07,2026-10-02,"株式会社ワンズ建設",,301,"大阪府","東大阪市","菱屋東３丁目１番２４号",,27,227,5780948,,,,,,,2022-04-22,1,,,,,"ワンズケンセツ",0
198,1122003003644,01,0,2026-10-07,2026-10-07,"合同会社野津",,305,"大阪府","東大阪市","西石切町７丁目６番１３－６０５号",,27,227,5798013,,,,,,,2026-10-07,1,,,,,"ノツ",0
199,1130001031468,01,1,2026-10-07,2015-10-05,"株式会社ゴスラ",,301,"京都府","京都市西京区","大原野西竹の里町２丁目２番地ユニ・アルス洛西プレジオ３０７号",,26,111,6101145,,,,,,,2015-10-05,1,,,,,"ゴスラ",0
200,1130001032326,01,1,2026-10-07,2015-10-05,"株式会社翔英",,301,"京都府","宇治市","広野町尖山４番地の４２２",,26,204,6110031,,,,,,,2015-10-05,1,,,,,,0
201,1130001046854,12,0,2026-10-07,2026-09-25,"大将軍ホールディング株式会社",,301,"京都府","京都市下京区","烏丸通七条下る東塩小路町５７７番地",,26,106,6008216,,,,,,,2015-10-05,1,,,,,"ダイショウグンホールディング",0
202,1130001046937,12,0,2026-10-07,2026-09-25,"株式会社夢工房",,301,"京都府","京都市山科区","上花山久保町６２番地１",,26,110,6078464,,,,,,,2015-10-05,1,,,,,"ユメコウボウ",0
203,1130001055095,01,1,2026-10-07,2015-10-05,"株式会社ワイズソリューション",,301,"京都府","京都市下京区","中堂寺壬生川町１番地２０",,26,106,6008806,,,,,,,2015-10-05,0,,,,,,0
204,1130001055095,12,1,2026-10-07,2018-05-16,"株式会社ワイズソリューション",,301,"京都府","京都市南区","吉祥院前河原町３３番地１",,26,107,6018304,,,,,,,2015-10-05,1,,,,,,0
205,1130001056837,01,1,2026-10-07,2016-02-10,"エムズケア株式会社",,301,"京都府","福知山市","篠尾新町１丁目７５番地",,26,201,6200055,,,,,,,2016-02-10,0,,,,,,0
206,1130001056837,21,0,2026-10-07,2026-09-24,"エムズケア株式会社",,301,"京都府","福知山市","篠尾新町１丁目７５番地",,26,201,6200055,,,2026-09-24,01,,,2016-02-10,1,,,,,,0
207,1130001060723,01,1,2026-10-07,2017-10-17,"株式会社アーネスト",,301,"京都府","宇治市","槇島町落合１２２番地の２０",,26,204,6110041,,,,,,,2017-10-17,1,,,,,"アーネスト",0
208,1130005008289,01,1,2026-10-07,2015-10-05,"ＭＫグループ労働組合連合会",,399,"京都府","京都市伏見区","竹田西段川原町９６番地",,26,109,6128429,,,,,,,2015-10-05,1,,,,,"エムケイグループレンゴウカイ",0
209,1140001096576,01,1,2026-10-07,2015-10-05,"株式会社セレクト",,301,"兵庫県","宝塚市","伊孑志３丁目８番２０号",,28,214,6650033,,,,,,,2015-10-05,1,,,,,"セレクト",0
210,1140001104289,01,1,2026-10-07,2016-12-08,"株式会社Ｇｒｏｗ　Ｄｅｓｉｇｎ",,301,"兵庫県","西宮市","里中町２丁目８番１７号",,28,204,6638183,,,,,,,2016-12-08,1,,,,,"グロウデザイン",0
211,1140001110254,12,0,2026-10-07,2026-09-30,"ＳＡＫＩ　ＣＯＲＰ株式会社",,301,"兵庫県","神戸市灘区","上野通２丁目１番２号",,28,102,6570817,,,,,,,2018-06-04,1,,,,,"サキコープ",0
212,1140001127406,21,0,2026-10-07,2026-09-29,"海陸通商株式会社",,301,"兵庫県","神戸市東灘区","向洋町中１丁目１０番地１０１号棟１２０２号室",,28,101,6580032,,,2026-09-29,01,,,2022-09-21,1,,,,,"カイリクツウショウ",0
213,1140001144178,01,0,2026-10-07,2026-10-07,"株式会社ＰＯＮＯ",,301,"兵庫県","神戸市北区","鹿の子台北町２丁目７番１５－２０５号",,28,109,6511513,,,,,,,2026-10-07,1,,,,,"ポノ",0
214,1140001144236,01,0,2026-10-07,2026-10-07,"株式会社ＴＥＲＡＴＯＳ不動産",,301,"兵庫県","尼崎市","塚口本町２丁目３番５－１０２号",,28,202,6610001,,,,,,,2026-10-07,1,,,,,"テラトスフドウサン",0
215,1140001144244,01,0,2026-10-07,2026-10-07,"株式会社ＷＩＳＴＥＲＩＡ",,301,"兵庫県","神戸市中央区","磯辺通１丁目１番１８号カサベラ国際プラザビル７０７号室",,28,110,6510084,,,,,,,2026-10-07,1,,,,,"ウィステリア",0
216,1140003021722,12,0,2026-10-07,2026-09-29,"合同会社Ｂｈａｒａｔ",,305,"兵庫県","神戸市中央区","吾妻通１丁目２－２３ダイヤパレス三宮エスタシオ４０１",,28,110,6510076,,,,,,,2025-03-04,1,,,,,"バーラト",0
217,1140005022660,21,0,2026-10-07,2026-09-30,"一般社団法人生野高原水道建設協会",,399,"兵庫県","神戸市北区","道場町生野１１７２番地の１０２２",,28,109,6511503,,,2026-09-30,01,,,2015-12-04,1,,,,,"イクノコウゲンスイドウケンセツキョウカイ",0
218,1160001020063,12,0,2026-10-07,2026-10-01,"株式会社コクア警備",,301,"滋賀県","大津市","京町３丁目４番３２号",,25,201,5200044,,,,,,,2017-03-03,1,,,,,"コクアケイビ",0
219,1160001027959,01,0,2026-10-07,2026-10-07,"株式会社オクムラサポート",,301,"滋賀県","大津市","平野１丁目１５番６８号",,25,201,5202113,,,,,,,2026-10-07,1,,,,,"オクムラサポート",0
220,1160001027967,01,0,2026-10-07,2026-10-07,"株式会社田中園",,301,"滋賀県","愛知郡愛荘町","愛知川１５４５番地",,25,425,5291331,,,,,,,2026-10-07,1,,,,,"タナカエン",0
221,1160001027975,01,0,2026-10-07,2026-10-07,"株式会社Ｒ＆Ｍケアサポート",,301,"滋賀県","米原市","入江２５２番地２８",,25,214,5210003,,,,,,,2026-10-07,1,,,,,"アールアンドエムケアサポート",0
222,1160003003933,01,0,2026-10-07,2026-10-07,"合同会社ＮＯＯＮ",,305,"滋賀県","守山市","荒見町２６０番地１",,25,207,5240016,,,,,,,2026-10-07,1,,,,,,0
223,1170001008537,12,0,2026-10-07,2026-09-30,"株式会社石神邑",,301,"和歌山県","田辺市","上芳養５５２７番地の１",,30,206,6460101,,,,,,,2015-10-05,1,,,,,"イシガミムラ",0
224,1170001019286,01,0,2026-10-07,2026-10-07,"ＥＡＳＥ株式会社",,301,"和歌山県","和歌山市","本町３丁目２２番地",,30,201,6408033,,,,,,,2026-10-07,1,,,,,"イーズ",0
225,1170003002505,01,0,2026-10-07,2026-10-07,"合同会社Ａ＆Ｓ",,305,"和歌山県","紀の川市","竹房２０１番地３",,30,208,6496413,,,,,,,2026-10-07,1,,,,,"エーアンドエス",0
226,1180001057401,01,1,2026-10-07,2015-10-05,"株式会社山田組",,301,"愛知県","名古屋市守山区","御膳洞１１１２番地",,23,113,4630029,,,,,,,2015-10-05,1,,,,,"ヤマダグミ",0
227,1180001057987,01,1,2026-10-07,2015-10-05,"株式会社Ｃｏｌｏｒ’ｓ",,301,"愛知県","名古屋市緑区","桶狭間神明１９０８番地の２",,23,114,4580919,,,,,,,2015-10-05,1,,,,,"カラーズ",0
228,1180001087299,01,1,2026-10-07,2015-10-05,"尾張油業株式会社",,301,"愛知県","江南市","赤童子町藤宮１３番地の１",,23,217,4838222,,,,,,,2015-10-05,1,,,,,"オワリユギョウ",0
229,1180001109243,01,1,2026-10-07,2015-10-05,"株式会社アイテック",,301,"愛知県","名古屋市緑区","池上台２丁目１６番地",,23,114,4580044,,,,,,,2015-10-05,1,,,,,"アイテック",0
230,1180001141221,12,0,2026-10-07,2026-10-02,"トーコーユニエイト株式会社",,301,"愛知県","名古屋市中村区","名駅５丁目２‐１７プログレス名駅１３Ｆ",,23,105,4500002,,,,,,,2020-05-25,1,,,,,"トーコーユニエイト",0
231,1180001173768,01,0,2026-10-07,2026-10-07,"ハピネクト株式会社",,301,"愛知県","大府市","朝日町２丁目２３番地",,23,223,4740024,,,,,,,2026-10-07,1,,,,,"ハピネクト",0
232,1180001173776,01,0,2026-10-07,2026-10-07,"光・テラス株式会社",,301,"愛知県","名古屋市緑区","神の倉２丁目３３０番地の２",,23,114,4580812,,,,,,,2026-10-07,1,,,,,"ヒカリテラス",0
233,1180001173784,01,0,2026-10-07,2026-10-07,"株式会社要",,301,"愛知県","瀬戸市","西長根町４０番地の３０",,23,204,4890929,,,,,,,2026-10-07,1,,,,,"カナメ",0
234,1180001173801,01,0,2026-10-07,2026-10-07,"株式会社ＦｏｒｗａｒＤｉａ",,301,"愛知県","名古屋市中区","丸の内２丁目１８番１０号丸の内アクネス２階",,23,106,4600002,,,,,,,2026-10-07,1,,,,,"フォアーディア",0
235,1180001173867,01,0,2026-10-07,2026-10-07,"株式会社いなごろ",,301,"愛知県","名古屋市中村区","烏森町５丁目４６番地２２２号室",,23,105,4530855,,,,,,,2026-10-07,1,,,,,"イナゴロ",0
236,1180003030892,01,0,2026-10-07,2026-10-07,"服部合同会社",,305,"愛知県","名古屋市天白区","梅が丘３丁目２５０３番地の２",,23,116,4680004,,,,,,,2026-10-07,1,,,,,"ハットリ",0
237,1180005021709,01,0,2026-10-07,2026-10-07,"特定非営利活動法人ＡＩかけこみ寺",,399,"愛知県","名古屋市中村区","名駅４丁目２４番５号第２森ビル４０１",,23,105,4500002,,,,,,,2026-10-07,1,,,,,"エーアイカケコミデラ",0
238,1180301017583,12,0,2026-10-07,2026-10-01,"株式会社Ａｓｓｅｔ　Ｍａｒｓ",,301,"愛知県","安城市","東栄町５丁目３番地６",,23,212,4460007,,,,,,,2015-10-05,1,,,,,"アセットマーズ",0
239,1180301037334,12,0,2026-10-07,2026-09-08,"株式会社シアリーチ",,301,"愛知県","岡崎市","柱３丁目６番地３",,23,202,4440837,,,,,,,2023-04-20,1,,,,,"シアリーチ",0
240,1180301041419,01,0,2026-10-07,2026-10-07,"株式会社ＳＴＡＲＴＩＡ",,301,"愛知県","安城市","篠目町童子２０９－７ビレッジ篠目Ｂ",,23,212,4460073,,,,,,,2026-10-07,1,,,,,"スターティア",0
241,1180303005784,01,1,2026-10-07,2023-07-25,"合同会社ののやま",,305,"愛知県","知立市","東上重原６丁目１０５番地",,23,225,4720054,,,,,,,2023-07-25,1,,,,,"ノノヤマ",0
242,1190001033475,01,0,2026-10-07,2026-10-07,"ＮＡＮＡＫＵＲＩ株式会社",,301,"三重県","松阪市","嬉野新屋庄町５６５番地の１",,24,204,5152314,,,,,,,2026-10-07,1,,,,,"ナナクリ",0
243,1190001033483,01,0,2026-10-07,2026-10-07,"株式会社カシダス",,301,"三重県","四日市市","波木町１１０５番地６",,24,202,5100961,,,,,,,2026-10-07,1,,,,,"カシダス",0
244,1200001008517,01,1,2026-10-07,2015-10-05,"株式会社山田経営研究所",,301,"岐阜県","岐阜市","鏡島西１丁目３番８号",,21,201,5010123,,,,,,,2015-10-05,1,,,,,"ヤマダケイエイケンキュウショ",0
245,1200001038010,21,0,2026-10-07,2026-10-02,"Ｌｕｃｉａ株式会社",,301,"岐阜県","恵那市","山岡町下手向６２１番地２",,21,210,5097607,,,2026-10-02,01,,,2020-11-13,1,,,,,"ルチア",0
246,1200001045519,01,0,2026-10-07,2026-10-07,"株式会社つじ屋中恵土",,301,"岐阜県","可児市","中恵土２３２２番地１",,21,214,5090202,,,,,,,2026-10-07,1,,,,,"ツジヤナカエド",0
247,1200002008672,01,1,2026-10-07,2015-10-05,"有限会社カーライフサポートイワ",,302,"岐阜県","岐阜市","岩田東２丁目５０番地１",,21,201,5013154,,,,,,,2015-10-05,1,,,,,"カーライフサポートイワ",0
248,1200002015297,01,1,2026-10-07,2015-10-05,"有限会社イマイ加工所",,302,"岐阜県","揖斐郡池田町","粕ケ原１３２６番地",,21,404,5032402,,,,,,,2015-10-05,0,,,,,"イマイカコウショ",0
249,1200002015297,12,1,2026-10-07,2026-10-02,"有限会社イマイ加工所",,302,"岐阜県","揖斐郡大野町","大字黒野８４８番地６",,21,403,5010521,,,,,,,2015-10-05,1,,,,,"イマイカコウショ",0
250,1200003007483,01,0,2026-10-07,2026-10-07,"合同会社フィールドビレッジ",,305,"岐阜県","岐阜市","柳津町丸野１丁目３７番地２",,21,201,5016115,,,,,,,2026-10-07,1,,,,,"フィールドビレッジ",0
251,1210003002104,01,0,2026-10-07,2026-10-07,"田辺勘右衛門合同会社",,305,"福井県","三方上中郡若狭町","成出７－８",,18,501,9191463,,,,,,,2026-10-07,1,,,,,"タナベカンニョモン",0
252,1210005001351,01,1,2026-10-07,2015-10-05,"常願寺",,399,"福井県","福井市","みのり１丁目２４番３１号",,18,201,9188005,,,,,,,2015-10-05,1,,,,,"ジョウガンジ",0
253,1220001027597,01,0,2026-10-07,2026-10-07,"株式会社ＥＮＯＮ",,301,"石川県","金沢市","諸江町上丁４５０番地３",,17,201,9200015,,,,,,,2026-10-07,1,,,,,"エノン",0
254,1230001018455,11,0,2026-10-07,2026-10-01,"ＴＯＭＯＳ　ＧＲＯＵＰ株式会社",,301,"富山県","氷見市","窪６１５番地",,16,205,9350024,,,,,,,2020-09-04,1,,,,,"トモスグループ",0
255,1240001067121,01,0,2026-10-07,2026-10-07,"株式会社ビリーフ",,301,"広島県","東広島市","西条町御薗宇１０８１７番地６",,34,212,7390024,,,,,,,2026-10-07,1,,,,,"ビリーフ",0
256,1240001067138,01,0,2026-10-07,2026-10-07,"株式会社ファミリード",,301,"広島県","広島市南区","出汐２丁目１番３－１号",,34,103,7340001,,,,,,,2026-10-07,1,,,,,"ファミリード",0
257,1240002017686,01,1,2026-10-07,2015-10-05,"有限会社吉岡ビル",,302,"広島県","広島市中区","鶴見町８番１１号",,34,101,7300045,,,,,,,2015-10-05,1,,,,,"ヨシオカビル",0
258,1240003003628,21,0,2026-10-07,2026-09-28,"合同会社アーステック",,305,"広島県","三次市","三和町上壱３７１番地２",,34,209,7296701,,,2026-09-28,01,,,2017-07-14,1,,,,,"アーステック",0
259,1250001007670,01,1,2026-10-07,2015-10-05,"株式会社アイディーユー",,301,"山口県","下関市","阿弥陀寺町７番１５－１３０３号",,35,201,7500003,,,,,,,2015-10-05,0,,,,,"アイディーユー",0
260,1250001007670,12,1,2026-10-07,2017-07-07,"株式会社アイディーユー",,301,"山口県","下関市","壇之浦町４番２０－１１０１号",,35,201,7510814,,,,,,,2015-10-05,1,,,,,"アイディーユー",0
261,1250001008108,01,1,2026-10-07,2015-10-05,"瀧口酒造株式会社",,301,"山口県","萩市","大字明木３２４０番地",,35,204,7540411,,,,,,,2015-10-05,1,,,,,"タキグチシュゾウ",0
262,1250005005448,01,1,2026-10-07,2015-10-05,"天理教豊松分教会",,399,"山口県","下松市","大字末武上字久保田１７９０番地５",,35,207,7440024,,,,,,,2015-10-05,1,,,,,"テンリキョウトヨマツブンキョウカイ",0
263,1260001002646,71,0,2026-10-07,2026-10-02,"株式会社ＭＧＨ",,301,"岡山県","岡山市中区","高屋６１番地",,33,102,7038233,,,,,,"令和８年１０月１日岡山県津山市下高倉西４８６番地の２有限会社番祥自動車（8260002029161）を合併",2015-10-05,1,,,,,"エムジーエイチ",0
264,1260001018048,21,0,2026-10-07,2026-10-05,"東洋薄荷工業株式会社",,301,"岡山県","浅口郡里庄町","大字浜中７５番地の１",,33,445,7190303,,,2026-10-05,01,,,2015-10-05,1,,,,,"トウヨウハッカコウギョウ",0
265,1260001019995,01,1,2026-10-07,2015-10-05,"株式会社ブレイン",,301,"岡山県","津山市","小原１２６番地１１",,33,203,7080001,,,,,,,2015-10-05,1,,,,,"ブレイン",0
266,1260002021430,21,0,2026-10-07,2026-10-02,"有限会社水玉薬局",,302,"岡山県","倉敷市","玉島中央町１丁目２２番１５号",,33,202,7138122,,,2026-10-02,01,,,2015-10-05,1,,,,,"ミズタマヤッキョク",0
267,1270001009541,01,0,2026-10-07,2026-10-07,"井川建築株式会社",,301,"鳥取県","米子市","淀江町佐陀５４２番地",,31,202,6893425,,,,,,,2026-10-07,1,,,,,"イガワケンチク",0
268,1280001009722,01,0,2026-10-07,2026-10-07,"株式会社訪問看護ステーションこりょう",,301,"島根県","出雲市","湖陵町二部１８０２番地３",,32,203,6990812,,,,,,,2026-10-07,1,,,,,"ホウモンカンゴステーションコリョウ",0
269,1290001078254,12,0,2026-10-07,2026-09-18,"株式会社ガネシュ",,301,"福岡県","福岡市南区","井尻４丁目２番４０号",,40,134,8111302,,,,,,,2017-06-21,1,,,,,"ガネシュ",0
270,1290001084491,12,0,2026-10-07,2026-09-16,"木子大順株式会社",,301,"福岡県","福岡市東区","名島３丁目１４番２１号プレジール名島１０２号",,40,131,8130043,,,,,,,2019-03-08,1,,,,,"キコダイジュン",0
271,1290001115726,01,0,2026-10-07,2026-10-07,"むすび株式会社",,301,"福岡県","福岡市中央区","舞鶴２丁目７番１４－５０３号　ＣＬＵＢ赤坂レジデンス",,40,133,8100073,,,,,,,2026-10-07,1,,,,,"ムスビ",0
272,1290005011161,01,1,2026-10-07,2015-10-05,"医療法人工藤内科",,399,"福岡県","みやま市","瀬高町太神１３３４番地の１",,40,229,8350013,,,,,,,2015-10-05,0,,,,,"クドウナイカ",0
273,1290005011161,11,1,2026-10-07,2026-01-26,"医療法人燈祐会",,399,"福岡県","みやま市","瀬高町太神１３３４番地の１",,40,229,8350013,,,,,,,2015-10-05,1,,,,,"トウユウカイ",0
274,1290801031197,12,0,2026-10-07,2026-10-01,"株式会社パワーオン",,301,"福岡県","北九州市門司区","社ノ木１丁目４番２７号",,40,101,8000054,,,,,,,2025-01-17,1,,,,,"パワーオン",0
275,1290802009738,21,0,2026-10-07,2026-09-29,"有限会社西新緑地建設",,302,"福岡県","北九州市門司区","吉志５丁目１２番１０号",,40,101,8000114,,,2026-09-29,01,,,2015-10-05,1,,,,,"ニシジンリョクチケンセツ",0
276,1310001020270,01,0,2026-10-07,2026-10-07,"株式会社Ｆｏｕｎｄｒｙｓ",,301,"長崎県","長崎市","出島町１番４３号",,42,201,8500862,,,,,,,2026-10-07,1,,,,,"ファウンドリーズ",0
277,1320005010011,12,0,2026-10-07,2026-09-24,"一般社団法人健幸",,399,"大分県","杵築市","大字杵築６６５番地６５０セゾン杵築第ＩＩ－２０２",00145183,44,210,8730001,,,,,,,2022-08-03,1,,,,,"ケンコウ",0
278,1330001033106,12,0,2026-10-07,2026-10-01,"株式会社Ｕｒｏｍｉｃｓ",,301,"熊本県","熊本市中央区","南熊本３丁目１４番３号",,43,101,8600812,,,,,,,2025-04-21,1,,,,,"ユーロミクス",0
279,1330001034723,01,0,2026-10-07,2026-10-07,"リムクロス株式会社",,301,"熊本県","熊本市北区","八景水谷１丁目２９番８－３号",,43,105,8618064,,,,,,,2026-10-07,1,,,,,"リムクロス",0
280,1330003002728,01,1,2026-10-07,2015-10-05,"河津酒造株式会社",,301,"熊本県","阿蘇郡小国町","大字宮原１７３４番地の２",,43,424,8692501,,,,,,,2015-10-05,0,,,,,"カワヅシュゾウ",0
281,1330003002728,12,1,2026-10-07,2016-04-13,"河津酒造株式会社",,301,"熊本県","阿蘇郡小国町","大字宮原１７３４番地２",,43,424,8692501,,,,,,,2015-10-05,1,,,,,"カワヅシュゾウ",0
282,1330003006010,12,0,2026-10-07,2026-10-01,"合同会社ＫＮ企画",,305,"熊本県","熊本市東区","新生１丁目９番７号",,43,102,8620908,,,,,,,2015-10-05,1,,,,,"ケイエヌキカク",0
283,1330003011778,01,0,2026-10-07,2026-10-07,"合同会社Ｆｏｕｒ　Ｓｕｎｒｉｓｅ",,305,"熊本県","熊本市東区","保田窪４丁目１０番５号",,43,102,8620926,,,,,,,2026-10-07,1,,,,,"フォーサンライズ",0
284,1330005011124,01,0,2026-10-07,2026-10-07,"一般社団法人Ｇｒａｓｓｒｏｏｔｓ　Ｏｒｇａｎｉｚａｔｉｏｎ　ｆｏｒ　Ｈｏｍｅｔｏｗｎ　Ｒｅｎｅｗａｌ",,399,"熊本県","熊本市南区","城南町下宮地８８７番地３",,43,104,8614204,,,,,,,2026-10-07,1,,,,,"グラスルーツオーガナイゼーションフォーホームタウンリニューアル",0
285,1350003002008,21,0,2026-10-07,2026-10-01,"合同会社風雅",,305,"宮崎県","都城市","都原町３８番地２",,45,202,8850094,,,2026-10-01,01,,,2015-10-05,1,,,,,"フウガ",0
286,1350003005175,12,0,2026-10-07,2026-10-06,"合同会社エレクトリカルマネジメント",,305,"大阪府","大阪市淀川区","加島１丁目２番３－２０８号",,27,123,5320031,,,,,,,2026-03-26,1,,,,,"エレクトリカルマネジメント",0
287,1360005007490,01,0,2026-10-07,2026-10-07,"一般社団法人紅茶と食のペアリング協会",,399,"沖縄県","沖縄市","山内３丁目２３番１５号",,47,211,9040034,,,,,,,2026-10-07,1,,,,,"コウチャトショクノペアリングキョウカイ",0
288,1380002009141,01,1,2026-10-07,2015-10-05,"有限会社高三",00083546,302,"福島県","郡山市","片平町字新蟻塚１１０番地の１",,07,203,9630211,,,,,,,2015-10-05,1,,,,,"コウサン",0
289,1380002027853,01,1,2026-10-07,2015-10-05,"有限会社あベＣ＆Ｃ",,302,"福島県","いわき市","平下平窪字寺内２４１番地の８",,07,204,9708003,,,,,,,2015-10-05,1,,,,,"アベシーアンドシー",0
290,1390005009204,01,0,2026-10-07,2026-10-07,"一般社団法人いまここ",,399,"山形県","鶴岡市","青柳町３９番１１号",,06,203,9970832,,,,,,,2026-10-07,1,,,,,"イマココ",0
291,1400001017555,01,0,2026-10-07,2026-10-07,"株式会社Ｒ‐Ｂｅｎｅｓｉａ",,301,"岩手県","滝沢市","牧野林９７５－３",,03,216,0200632,,,,,,,2026-10-07,1,,,,,"リベネシア",0
292,1400602001742,21,0,2026-10-07,2026-10-02,"有限会社江崎開発",,302,"岩手県","奥州市","江刺愛宕字皀角１４７番地",,03,215,0231131,,,2026-10-02,01,,,2015-10-05,1,,,,,"エサキカイハツ",0
293,1410001014601,01,0,2026-10-07,2026-10-07,"ＭｅｄＰａｓｓｐｏｒｔ株式会社",,301,"秋田県","秋田市","広面字蓮沼４４番２",,05,201,0100041,,,,,,,2026-10-07,1,,,,,"メドパスポート",0
294,1420001019665,01,0,2026-10-07,2026-10-07,"株式会社ＥＬＥＷＯＲＫＳ",,301,"青森県","むつ市","小川町１丁目６番４号",,02,208,0350071,,,,,,,2026-10-07,1,,,,,"エレワークス",0
295,1430001060123,12,0,2026-10-07,2026-10-01,"株式会社ＷＩＤＥ　ＢＡＨＮ",,301,"北海道","札幌市清田区","清田三条１丁目３番２８号",,01,110,0040843,,,,,,,2015-10-05,1,,,,,"ワイドバーン",0
296,1430001060775,01,1,2026-10-07,2015-10-05,"エース企画株式会社",,301,"北海道","札幌市清田区","美しが丘三条６丁目１０番３－１３０７号",,01,110,0040813,,,,,,,2015-10-05,1,,,,,"エースキカク",0
297,1430001086069,12,0,2026-10-07,2026-10-02,"株式会社ＯＭＯｉＤ",,301,"北海道","札幌市手稲区","稲穂二条１丁目５番１号",,01,109,0060032,,,,,,,2022-02-28,1,,,,,"オーエムーオーアイディー",0
298,1430001097776,01,0,2026-10-07,2026-10-07,"株式会社エレプランニング",,301,"北海道","石狩市","花川南十条２丁目２５４番地",,01,235,0613210,,,,,,,2026-10-07,1,,,,,"エレプランニング",0
299,1430001097784,01,0,2026-10-07,2026-10-07,"株式会社エスケーエムコネクト",,301,"北海道","札幌市北区","屯田七条７丁目５番１３号",,01,102,0020857,,,,,,,2026-10-07,1,,,,,"エスケーエムコネクト",0
300,1430002039281,21,0,2026-10-07,2026-10-05,"有限会社エフ・エー・エル",,302,"北海道","札幌市中央区","南八条西４丁目４２２番地５１",,01,101,0640808,,,2026-10-05,01,,,2015-10-05,1,,,,,"エフエーエル",0
301,1430002065872,01,1,2026-10-07,2015-10-05,"有限会社日翔システム",,302,"北海道","登別市","新川町３丁目１６番地１８",,01,230,0590015,,,,,,,2015-10-05,1,,,,,"ニッショウシステム",0
302,1430003010968,21,0,2026-10-07,2026-09-30,"合同会社ふれあいライフ",,305,"北海道","江別市","東光町９９番地４",,01,217,0670023,,,2026-09-30,01,,,2019-11-07,1,,,,,"フレアイライフ",0
303,1430003017022,12,0,2026-10-07,2026-09-30,"合同会社アソシエ",,305,"北海道","札幌市東区","北四十五条東７丁目５番５号オーシャンビレッジ４５・２０１",,01,103,0070845,,,,,,,2024-11-26,1,,,,,"アソシエ",0
304,1450001004771,11,0,2026-10-07,2026-10-01,"株式会社北開測地アクシス",,301,"北海道","深川市","文光町１５番６号",,01,228,0740013,,,,,,,2015-10-05,1,,,,,"ホッカイソクチアクシス",0
305,1450001015075,01,0,2026-10-07,2026-10-07,"ＷＯＯＤ　ＬＯＯＰ株式会社",,301,"北海道","旭川市","永山北二条９丁目９番地の２",,01,204,0798452,,,,,,,2026-10-07,1,,,,,,0
306,1450002010629,01,1,2026-10-07,2015-10-05,"有限会社オホーツク石油",,302,"北海道","枝幸郡枝幸町","音標２８６番地２",,01,514,0985955,,,,,,,2015-10-05,0,,,,,,0
307,1450002010629,21,0,2026-10-07,2026-10-01,"有限会社オホーツク石油",,302,"北海道","枝幸郡枝幸町","音標２８６番地２",,01,514,0985955,,,2026-10-01,11,7450002012883,"令和８年１０月１日北海道紋別郡雄武町字雄武６９８番地の１株式会社加藤プロパンガス店（7450002012883）に合併し解散",2015-10-05,1,,,,,,0
308,1460001000431,01,1,2026-10-07,2015-10-05,"釧路財形住宅株式会社",,301,"北海道","釧路市","鶴ケ岱１丁目９番２６号",,01,206,0850821,,,,,,,2015-10-05,1,,,,,"クシロザイケイジュウタク",0
309,1480001013282,01,0,2026-10-07,2026-10-07,"株式会社ＴＵＴＥＬＡ",,301,"徳島県","徳島市","東吉野町１丁目３６番地の７",,36,201,7700811,,,,,,,2026-10-07,1,,,,,"トゥテラ",0
310,1490001011450,01,0,2026-10-07,2026-10-07,"株式会社ＳＷＥＥＴＳ　ＨＡＴＴＯＲｉ＆Ｃｏ．",,301,"高知県","高知市","新本町２丁目５番１２号",,39,201,7800062,,,,,,,2026-10-07,1,,,,,"スウィーツハットリアンドカンパニー",0
311,1500001011226,71,0,2026-10-07,2026-10-01,"ＢＥＭＡＣ株式会社",,301,"愛媛県","今治市","野間甲１０５番地",,38,202,7940082,,,,,,"令和８年１０月１日愛媛県今治市野間甲１０５番地株式会社エディ・マリン・エンジニアリング（6310001013906）を合併",2015-10-05,1,,,,,"ビーマック",0
312,2010001082431,21,0,2026-10-07,2026-09-07,"株式会社ジャパン・アグリーカルチュア・マーケティング＆マネジメント",,301,"東京都","文京区","千石４丁目２６番１号",,13,105,1120011,,,2026-09-07,01,,,2015-10-05,1,,,,,"ジャパンアグリーカルチュアマーケティングアンドマネジメント",0
313,2010001123474,21,0,2026-10-07,2026-09-10,"八大倉庫株式会社",,301,"東京都","中央区","日本橋人形町２丁目１６番７号",,13,102,1030013,,,2026-09-10,01,,,2015-10-05,1,,,,,"ハチダイソウコ",0
314,2010001137557,12,0,2026-10-07,2026-10-02,"コーレル株式会社",,301,"東京都","千代田区","大手町１丁目２番１号ＯｔｅｍａｃｈｉＯｎｅタワー６階",,13,101,1000004,,,,,,,2015-10-05,1,,,,,"コーレル",0
315,2010001212789,12,0,2026-10-07,2026-10-05,"株式会社マッシモ・グランデ",,301,"東京都","中野区","東中野２丁目１２番５号",,13,114,1640003,,,,,,,2020-10-13,1,,,,,"マッシモグランデ",0
316,2010001238958,12,0,2026-10-07,2026-09-29,"株式会社ＴＡＫＵＭＩ",,301,"千葉県","鎌ケ谷市","鎌ケ谷６丁目５番５４－１２号",,12,224,2730105,,,,,,,2023-10-05,1,,,,,"タクミ",0
317,2010001247620,12,0,2026-10-07,2026-10-05,"株式会社ジャパンセキュアテクノロジーズ",,301,"東京都","港区","南青山６丁目６－２２",,13,103,1070062,,,,,,,2024-08-20,1,,,,,"ジャパンセキュアテクノロジーズ",0
318,2010001269268,01,0,2026-10-07,2026-10-07,"株式会社ＲＩＣＨＩＡ",,301,"東京都","千代田区","外神田２丁目２番１７号喜助お茶の水ビル５階",,13,101,1010021,,,,,,,2026-10-07,1,,,,,"リチア",0
319,2010001269292,01,0,2026-10-07,2026-10-07,"株式会社ＡＳＫ　Ｇｒａｐｈｉｃ",,301,"東京都","中央区","八丁堀１丁目４番２号",,13,102,1040032,,,,,,,2026-10-07,1,,,,,"アスクグラフィック",0
320,2010001269359,01,0,2026-10-07,2026-10-07,"株式会社ＬｖＩ",,301,"東京都","中央区","銀座１丁目１２番４号Ｎ＆ＥＢＬＤ．６Ｆ",,13,102,1040061,,,,,,,2026-10-07,1,,,,,"リヴィ",0
321,2010001269375,01,0,2026-10-07,2026-10-07,"株式会社Ａｒｇｏ　Ｃａｐｉｔａｌ",,301,"東京都","文京区","本郷３丁目１４番１１号",,13,105,1130033,,,,,,,2026-10-07,1,,,,,"アルゴキャピタル",0
322,2010001269383,01,0,2026-10-07,2026-10-07,"プロメテウス電力システム株式会社",,301,"東京都","文京区","本郷１丁目１５番６号ＭＫビル２階",,13,105,1130033,,,,,,,2026-10-07,1,,,,,"プロメテウスデンリョクシステム",0
323,2010001269474,01,0,2026-10-07,2026-10-07,"株式会社ＦＬＩＰ第４０１号",,301,"東京都","千代田区","丸の内２丁目７番２号",,13,101,1000005,,,,,,,2026-10-07,1,,,,,"エフエルアイピーダイヨンヒャクイチゴウ",0
324,2010001269482,01,0,2026-10-07,2026-10-07,"株式会社ＦＬＩＰ第４０９号",,301,"東京都","千代田区","丸の内２丁目７番２号",,13,101,1000005,,,,,,,2026-10-07,1,,,,,"エフエルアイピーダイヨンヒャクキュウゴウ",0
325,2010001269490,01,0,2026-10-07,2026-10-07,"株式会社ＦＬＩＰ第４１７号",,301,"東京都","千代田区","丸の内２丁目７番２号",,13,101,1000005,,,,,,,2026-10-07,1,,,,,"エフエルアイピーダイヨンヒャクジュウナナゴウ",0
326,2010001269499,01,0,2026-10-07,2026-10-07,"株式会社ＳＨＩＰ第１０５８号",,301,"東京都","千代田区","丸の内２丁目７番２号",,13,101,1000005,,,,,,,2026-10-07,1,,,,,"エスエイチアイピーダイセンゴジュウハチゴウ",0
327,2010002010770,12,0,2026-10-07,2026-09-09,"株式会社シー・キューブ",,301,"東京都","新宿区","箪笥町４３番",,13,104,1620833,,,,,,,2015-10-05,1,,,,,"シーキューブ",0
328,2010003015868,21,0,2026-10-07,2026-09-08,"サイクス合同会社",,305,"東京都","中央区","日本橋蛎殻町１丁目２９番７号",,13,102,1030014,,,2026-09-08,01,,,2015-10-05,1,,,,,"サイクス",0
329,2010003041427,21,0,2026-10-07,2026-09-18,"氷川坂プロパティー合同会社",,305,"東京都","千代田区","丸の内１丁目１１番１号",,13,101,1000005,,,2026-09-18,01,,,2023-08-18,1,,,,,"ヒカワザカプロパティー",0
330,2010005042539,01,0,2026-10-07,2026-10-07,"一般社団法人ＴＧ　Ｋｏｊｉｍａｃｈｉ１",,399,"東京都","中央区","新川１丁目１７番２４号",,13,102,1040033,,,,,,,2026-10-07,1,,,,,"ティージーコウジマチワン",0
331,2010103002907,01,0,2026-10-07,2026-10-07,"合同会社Ｇａｎｋ",,305,"東京都","八王子市","南新町２２番地２１パークキューブ八王子４０１号",,13,201,1920075,,,,,,,2026-10-07,1,,,,,"ガンク",0
332,2010401014736,12,0,2026-10-07,2026-10-05,"株式会社水産経済新聞社",,301,"東京都","中央区","新川２丁目９番９号",,13,102,1040033,,,,,,,2015-10-05,1,,,,,"スイサンケイザイシンブンシャ",0
333,2010401058956,12,0,2026-10-07,2026-10-01,"公共ロジスティックス株式会社",,301,"東京都","港区","芝大門１丁目２番１４号Ｈ１０浜松町９１２号室",,13,103,1050012,,,,,,,2015-10-05,1,,,,,"コウキョウロジスティックス",0
334,2010401132579,12,0,2026-10-07,2026-09-09,"株式会社Ｇｅｎｅｓｉｓ　Ｂｌｏｃｋ",,301,"東京都","港区","六本木３丁目１６番１２号六本木ＫＳビル５Ｆ",,13,103,1060032,,,,,,,2017-07-19,1,"Genesis Block Inc.","Tokyo","Level 8, Tri-Seven Roppongi, 7-7-7, Roppongi, Minato ku",,,0
335,2010401156891,12,0,2026-10-07,2026-10-02,"株式会社アドバンス",,301,"東京都","中央区","銀座１丁目１２番４号Ｎ＆ＥＢＬＤ．６Ｆ",,13,102,1040061,,,,,,,2020-12-08,1,,,,,"アドバンス",0
336,2010401167872,01,1,2026-10-07,2022-06-14,"株式会社Ｐｏｉｎｔ６４",,301,"東京都","港区","浜松町２丁目２番１５号浜松町ダイヤビル２Ｆ",,13,103,1050013,,,,,,,2022-06-14,0,,,,,"ポイントシックスティフォー",0
337,2010401167872,12,0,2026-10-07,2026-10-02,"株式会社Ｐｏｉｎｔ６４",,301,"東京都","文京区","本郷１丁目１番１９号元町ウェルネスパーク３階",,13,105,1130033,,,,,,,2022-06-14,1,,,,,"ポイントシックスティフォー",0
338,2010401179100,12,0,2026-10-07,2026-10-01,"株式会社ＲＥＡＤＹ　ＮＯＷ",,301,"東京都","港区","南青山２丁目２－１５－９４２",,13,103,1070062,,,,,,,2023-12-13,1,,,,,"レディナウ",0
339,2010401198422,12,0,2026-10-07,2026-09-07,"ＧｒａｎＰｏｒｔ株式会社",,301,"東京都","港区","浜松町１丁目３番２号パークコート浜離宮ザ・タワー３１０７",,13,103,1050013,,,,,,,2026-05-14,1,,,,,"グランポート",0
340,2010401202398,01,0,2026-10-07,2026-10-07,"ＭＣＰ６１株式会社",,301,"東京都","港区","元赤坂１丁目１番７－１２０９号株式会社赤坂国際会計内",,13,103,1070051,,,,,,,2026-10-07,1,,,,,"エムシーピーシックスワン",0
341,2010401202530,01,0,2026-10-07,2026-10-07,"株式会社ＭＥＬＴＥＭＩ",,301,"東京都","港区","南青山３丁目１番３６号青山丸竹ビル６Ｆ",,13,103,1070062,,,,,,,2026-10-07,1,,,,,"メルテミ",0
342,2010401202547,01,0,2026-10-07,2026-10-07,"株式会社スタジオインフィニティ",,301,"東京都","港区","六本木２丁目２番７－３０５号クレール六本木",,13,103,1060032,,,,,,,2026-10-07,1,,,,,"スタジオインフィニティ",0
343,2010401202605,01,0,2026-10-07,2026-10-07,"株式会社ＫｕｒｏＧｉ",,301,"東京都","港区","西麻布２丁目１８番２号グランソーレ西麻布２０１",,13,103,1060031,,,,,,,2026-10-07,1,,,,,"クロギ",0
344,2010403033602,12,0,2026-10-07,2026-10-02,"合同会社ウェーブ",,305,"東京都","中野区","中野４丁目１０番２号２階",,13,114,1640001,,,,,,,2024-10-16,1,,,,,"ウェーブ",0
345,2010403039269,01,0,2026-10-07,2026-10-07,"ＡＩＳ　ｐａｒｔｎｅｒｓ合同会社",,305,"東京都","港区","麻布十番１丁目８－１－６階",,13,103,1060045,,,,,,,2026-10-07,1,,,,,"エイアイエスパートナーズ",0
346,2010405013528,21,0,2026-10-07,2026-09-07,"Ｈｉｊｅｔ特定目的会社",,399,"東京都","港区","虎ノ門２丁目６番１号",,13,103,1050001,,,2026-09-07,01,,,2015-10-05,1,,,,,"ハイジェット",0
347,2010501004323,71,0,2026-10-07,2026-10-01,"株式会社ゴールド、ワン",,301,"東京都","台東区","上野５丁目２２番１３号",,13,106,1100005,,,,,,"令和８年１０月１日東京都北区滝野川七丁目４４番１２号福井屋商事株式会社（3011501004080）を合併",2015-10-05,1,,,,,"ゴールドワン",0
348,2010601065876,12,0,2026-10-07,2026-10-02,"株式会社ジェーテク",,301,"東京都","杉並区","善福寺１丁目１５－２０茜ビル３０４",,13,115,1670041,,,,,,,2024-09-09,1,,,,,"ジェーテク",0
349,2010601069927,01,0,2026-10-07,2026-10-07,"株式会社クロノバイト",,301,"東京都","江東区","有明３丁目７番１１号有明パークビル２０Ｆ",,13,108,1350063,,,,,,,2026-10-07,1,,,,,"クロノバイト",0
350,2010603012397,12,0,2026-10-07,2026-10-05,"合同会社トイセラー",,305,"東京都","日野市","大坂上４丁目３番地の６ハイム大坂上２０２",,13,212,1910061,,,,,,,2026-07-30,1,,,,,"トイセラー",0
351,2010701002481,01,1,2026-10-07,2015-10-05,"株式会社河出書房",,301,"東京都","品川区","東大井２丁目１７番１４号",,13,109,1400011,,,,,,,2015-10-05,1,,,,,"カワデショボウ",0
352,2010701015797,11,0,2026-10-07,2026-10-01,"ＯＨチャネルイノベーションズ株式会社",,301,"東京都","品川区","大崎１丁目６番３号",,13,109,1410032,,,,,,,2015-10-05,1,,,,,"オーエイチチャネルイノベーションズ",0
353,2010701043237,12,0,2026-10-07,2026-10-02,"株式会社アスリートバリュー",,301,"神奈川県","横浜市都筑区","茅ケ崎中央４１番８－１１０７号",,14,118,2240032,,,,,,,2022-09-26,1,,,,,"アスリートバリュー",0
354,2010701050200,01,0,2026-10-07,2026-10-07,"株式会社ａｇｒａｆｅ",,301,"東京都","品川区","西大井１丁目１番２号",,13,109,1400015,,,,,,,2026-10-07,1,,,,,"アグラフ",0
355,2010701050233,01,0,2026-10-07,2026-10-07,"株式会社リソース・ドライブ・コンサルティング",,301,"東京都","品川区","東品川２丁目２番２０号天王洲オーシャンスクエア２２階",,13,109,1400002,,,,,,,2026-10-07,1,,,,,"リソースドライブコンサルティング",0
356,2010703008386,12,0,2026-10-07,2026-10-02,"合同会社モン・アヴニール",,305,"東京都","中央区","日本橋２丁目１６－４ｒｅｍｉｘ日本橋６階",,13,102,1030027,,,,,,,2026-07-15,1,,,,,"モンアヴニール",0
357,2010801012307,12,0,2026-10-07,2026-10-05,"株式会社ユシロ",,301,"神奈川県","横浜市港北区","新横浜３丁目９番地３",,14,109,2220033,,,,,,,2015-10-05,1,,,,,"ユシロ",0
358,2010801037790,01,0,2026-10-07,2026-10-07,"株式会社ＨＩＫＡＲＩ",,301,"東京都","大田区","山王２丁目６番１２号山王ローヤル３番館１Ｆ",,13,111,1430023,,,,,,,2026-10-07,1,,,,,"ヒカリ",0
359,2010801037816,01,0,2026-10-07,2026-10-07,"株式会社課題解決エンジニアリング",,301,"東京都","大田区","西蒲田７丁目４―４小山第二ビル",,13,111,1440051,,,,,,,2026-10-07,1,,,,,"カダイカイケツエンジニアリング",0
360,2010805003293,01,0,2026-10-07,2026-10-07,"一般社団法人共福推進機構",,399,"東京都","大田区","池上１丁目１９番３５号（日本基督教団大森めぐみ教会内）",,13,111,1460082,,,,,,,2026-10-07,1,,,,,"キョウフクスイシンキコウ",0
361,2010901060354,01,0,2026-10-07,2026-10-07,"サン・ルミエール株式会社",,301,"東京都","世田谷区","深沢５丁目１５番１４号",,13,112,1580081,,,,,,,2026-10-07,1,,,,,"サンルミエール",0
362,2010901060370,01,0,2026-10-07,2026-10-07,"株式会社Ａ　ＰＬＡＣＥ",,301,"東京都","世田谷区","奥沢３丁目３１番１０号",,13,112,1580083,,,,,,,2026-10-07,1,,,,,"エープレイス",0
363,2010902019250,01,1,2026-10-07,2015-10-05,"有限会社ナウカインターナショナル",,302,"東京都","世田谷区","用賀４丁目９番７号",,13,112,1580097,,,,,,,2015-10-05,1,,,,,"ナウカインターナショナル",0
364,2011001058181,12,0,2026-10-07,2026-09-09,"株式会社エントランス",,301,"東京都","渋谷区","恵比寿西２丁目４番８号ウインド恵比寿ビル８階",,13,113,1500021,,,,,,,2015-10-05,1,,,,,"エントランス",0
365,2011001167429,12,0,2026-10-07,2026-10-05,"株式会社マインド＆ヘルス",,301,"東京都","品川区","西中延２丁目１８番４号",,13,109,1420054,,,,,,,2025-02-03,1,,,,,"マインドアンドヘルス",0
366,2011001174284,12,0,2026-10-07,2026-09-10,"株式会社ＧＲＩＤＡ",,301,"東京都","渋谷区","笹塚１丁目５６番６号クレセントプラザ笹塚９０Ｄ号室",00145182,13,113,1510073,,,,,,,2025-12-12,1,,,,,"グリダ",0
367,2011003025436,01,0,2026-10-07,2026-10-07,"合同会社ＮＡＮＡＲＥＡ",,305,"東京都","渋谷区","神宮前５丁目５１番８号ラ・ポルト青山２Ｆ－７",,13,113,1500001,,,,,,,2026-10-07,1,,,,,"ナナエリア",0
368,2011005009569,12,0,2026-10-07,2026-10-05,"税理士法人ｃｒｅｓｃｉｔａ",,399,"東京都","渋谷区","東３丁目１５番７号ヒューリック恵比寿ビル５階",,13,113,1500011,,,,,,,2022-05-13,1,,,,,"クレシタ",0
369,2011101055203,12,0,2026-10-07,2026-10-01,"株式会社イースター",,301,"東京都","葛飾区","水元２丁目２０番２１号",,13,122,1250032,,,,,,,2015-10-05,1,,,,,"イースター",0
370,2011102030329,21,0,2026-10-07,2026-09-09,"有限会社ティーエムエス",,302,"千葉県","市川市","八幡６丁目５番１５号",,12,203,2720021,,,2026-09-09,01,,,2015-10-05,1,,,,,"ティーエムエス",0
371,2011105002705,12,0,2026-10-07,2026-09-17,"一般社団法人スモン・公害センター",,399,"東京都","新宿区","北新宿１丁目８番１６号けんせつプラザ東京６０２号室",,13,104,1690074,,,,,,,2015-10-05,1,,,,,"スモンコウガイセンター",0
372,2011203003456,12,0,2026-10-07,2026-10-05,"合同会社ＬＩＢＥＲＡ",,305,"東京都","新宿区","新宿２丁目７番１号不二川ビル２０３",,13,104,1600022,,,,,,,2021-01-12,1,,,,,"リベラ",0
373,2011301031862,01,0,2026-10-07,2026-10-07,"株式会社Ａｂｂｅ",,301,"東京都","杉並区","和泉１丁目２４番８号",,13,115,1680063,,,,,,,2026-10-07,1,,,,,"エイブ",0
374,2011403005260,01,0,2026-10-07,2026-10-07,"ときわ台販売合同会社",,305,"東京都","板橋区","宮本町４７番１８号",,13,119,1740054,,,,,,,2026-10-07,1,,,,,"トキワダイハンバイ",0
375,2011501033790,01,0,2026-10-07,2026-10-07,"アイル株式会社",,301,"東京都","荒川区","西尾久２丁目３番１０－３０１号",,13,118,1160011,,,,,,,2026-10-07,1,,,,,"アイル",0
376,2011602010400,01,1,2026-10-07,2015-10-05,"有限会社山田総合",,302,"東京都","練馬区","東大泉７丁目３８番８号",,13,120,1780063,,,,,,,2015-10-05,1,,,,,"ヤマダソウゴウ",0
377,2011701029770,01,0,2026-10-07,2026-10-07,"株式会社躍進",,301,"東京都","江戸川区","中葛西８丁目１７番１号",,13,123,1340083,,,,,,,2026-10-07,1,,,,,"ヤクシン",0
378,2011801044868,12,0,2026-10-07,2026-10-02,"株式会社太正堂",,301,"埼玉県","さいたま市浦和区","高砂１丁目１４－７リプレイス高砂３階",,11,107,3300063,,,,,,,2024-09-25,1,,,,,"タイショウドウ",0
379,2011801048448,01,0,2026-10-07,2026-10-07,"株式会社ＴＲＣ",,301,"東京都","葛飾区","柴又６丁目３０番５－３０６号柴又ＳＴマンション",,13,122,1250052,,,,,,,2026-10-07,1,,,,,"ティーアールシー",0
380,2011801048456,01,0,2026-10-07,2026-10-07,"株式会社田口工業",,301,"東京都","足立区","六月３丁目１９番２１号",,13,121,1210814,,,,,,,2026-10-07,1,,,,,"タグチコウギョウ",0
381,2011801048480,01,0,2026-10-07,2026-10-07,"株式会社富永商事",,301,"東京都","足立区","西新井本町１丁目１３番５号",,13,121,1230845,,,,,,,2026-10-07,1,,,,,"トミナガショウジ",0
382,2011802031270,01,0,2026-10-07,2026-10-07,"有限会社ふじ鍍金工業所",,302,"東京都","足立区","江北４丁目５番８号",,13,121,1230872,,,,,,,2026-10-07,1,,,,,"フジメッキコウギョウショ",0
383,2011803007658,01,0,2026-10-07,2026-10-07,"合同会社ブルーローズ",,305,"東京都","足立区","千住２丁目２９－３ＤＫＹビル２階",,13,121,1200034,,,,,,,2026-10-07,1,,,,,"ブルーローズ",0
384,2012302005707,21,0,2026-10-07,2026-09-30,"有限会社幸陽精光",,302,"東京都","町田市","小川１２２２番地１グランセリーナ１５０６",,13,209,1940003,,,2026-09-30,01,,,2015-10-05,1,,,,,"コウヨウセイコウ",0
385,2012401044969,01,0,2026-10-07,2026-10-07,"株式会社ｆｉｌｏｒａ",,301,"東京都","三鷹市","野崎３丁目９番９号－７",,13,204,1810014,,,,,,,2026-10-07,1,,,,,"フィローラ",0
386,2012803004216,01,0,2026-10-07,2026-10-07,"合同会社Ｐａｒａｂｅｌｌｕｍ",,305,"東京都","立川市","高松町２丁目２３－３ＡＺＥＳＴ立川１００１",,13,202,1900011,,,,,,,2026-10-07,1,,,,,"パラベラム",0
387,2013102001846,01,1,2026-10-07,2015-10-05,"有限会社共和・不動産",,302,"東京都","あきる野市","油平４９番地",,13,228,1970827,,,,,,,2015-10-05,1,,,,,"キョウワフドウサン",0
388,2013301004699,01,1,2026-10-07,2015-10-05,"株式会社サファイヤ",,301,"東京都","豊島区","池袋１丁目１６番１１号",,13,116,1700014,,,,,,,2015-10-05,1,,,,,"サファイヤ",0
389,2013301027262,21,0,2026-10-07,2026-09-24,"株式会社シグマサービス",,301,"東京都","豊島区","池袋２丁目６８番１０－６０８号池袋ダイカンプラザ",,13,116,1710014,,,2026-09-24,11,8013301004966,"令和８年９月２０日東京都豊島区池袋二丁目６８番１０－６０８号池袋ダイカンプラザ株式会社シグマ企画（8013301004966）に合併し解散",2015-10-05,1,,,,,"シグマサービス",0
390,2013301042889,12,0,2026-10-07,2026-10-02,"株式会社渡邉事務所",,301,"埼玉県","所沢市","東住吉７番地２３タウンコート所沢３０３",,11,208,3591124,,,,,,,2018-10-09,1,,,,,"ワタナベジムショ",0
391,2013305003920,01,0,2026-10-07,2026-10-07,"医療法人社団結桜会",,399,"東京都","豊島区","南長崎５丁目２５番１５号Ｌ‘ｏｌｖｉｅｒｖｅｒｔ１階",,13,116,1710052,,,,,,,2026-10-07,1,,,,,"ユウオウカイ",0
392,2020001032170,21,0,2026-10-07,2026-09-24,"株式会社柾谷工務店",,301,"神奈川県","横浜市栄区","笠間５丁目２６番３２号",,14,115,2470006,,,2026-09-24,01,,,2015-10-05,1,,,,,"マサヤコウムテン",0
393,2020001056153,01,1,2026-10-07,2015-10-05,"株式会社真月組運輸",,301,"神奈川県","横浜市神奈川区","羽沢南４丁目１番１－１０２号",,14,102,2210866,,,,,,,2015-10-05,1,,,,,"マツキグミウンユ",0
394,2020001103707,12,0,2026-10-07,2026-09-17,"高速情報サービス株式会社",,301,"神奈川県","横浜市緑区","鴨居１丁目１６－１４",,14,113,2260003,,,,,,,2015-10-05,1,,,,,"コウソクジョウホウサービス",0
395,2020001108037,01,1,2026-10-07,2015-10-05,"株式会社江藤機工",,301,"神奈川県","川崎市川崎区","日進町２６番地１",,14,131,2100024,,,,,,,2015-10-05,0,,,,,"エトウキコウ",0
396,2020001108037,12,1,2026-10-07,2017-07-07,"株式会社江藤機工",,301,"神奈川県","川崎市川崎区","日進町２７番地１０",,14,131,2100024,,,,,,,2015-10-05,0,,,,,"エトウキコウ",0
397,2020001108037,12,1,2026-10-07,2021-08-13,"株式会社江藤機工",,301,"神奈川県","川崎市宮前区","西野川１丁目７－６ヒルトップ手塚３０４",,14,136,2160044,,,,,,,2015-10-05,0,,,,,"エトウキコウ",0
398,2020001108037,11,1,2026-10-07,2022-04-28,"株式会社創成鋼業",,301,"神奈川県","川崎市宮前区","西野川１丁目７－６ヒルトップ手塚３０４",,14,136,2160044,,,,,,,2015-10-05,1,,,,,"ソウゼイコウギョウ",0
399,2020001151409,12,0,2026-10-07,2026-09-24,"株式会社Ｖｉｃｔｏｒ",,301,"神奈川県","横浜市西区","北幸２丁目１０番４８号",,14,103,2200004,,,,,,,2023-05-02,1,,,,,"ヴィクター",0
400,2020001170532,01,0,2026-10-07,2026-10-07,"株式会社Ｂ‐ＰＬＡＮ",,301,"神奈川県","横浜市青葉区","藤が丘１丁目５４番地４０ＴＨＴ藤ヶ丘２０２号",,14,117,2270043,,,,,,,2026-10-07,1,,,,,"ビープラン",0
401,2020001170598,01,0,2026-10-07,2026-10-07,"株式会社ちゅうしん",,301,"神奈川県","横浜市鶴見区","潮田町３丁目１３３番地１",,14,101,2300041,,,,,,,2026-10-07,1,,,,,"チュウシン",0
402,2020001170623,01,0,2026-10-07,2026-10-07,"ＳＯＬＩＡＳ株式会社",,301,"神奈川県","横浜市青葉区","あかね台２丁目７番地３３",,14,117,2270066,,,,,,,2026-10-07,1,,,,,"ソリアス",0
403,2020001170672,01,0,2026-10-07,2026-10-07,"安西キャピタル株式会社",,301,"神奈川県","横浜市泉区","和泉中央南２丁目３２番５号",,14,116,2450023,,,,,,,2026-10-07,1,,,,,"アンザイキャピタル",0
404,2020001170706,01,0,2026-10-07,2026-10-07,"株式会社ｅｌａｔｅ",,301,"神奈川県","横浜市南区","西中町３丁目５９番地",,14,105,2320003,,,,,,,2026-10-07,1,,,,,"イレート",0
405,2020002041162,01,1,2026-10-07,2015-10-05,"有限会社アド・バルーン",,302,"神奈川県","横浜市中区","山手町２４番地",,14,104,2310862,,,,,,,2015-10-05,1,,,,,"アドバルーン",0
406,2020003030965,12,0,2026-10-07,2026-10-01,"合同会社繁盛店製造所",,305,"千葉県","市川市","新浜１丁目２３番１１－６０７号（ニックハイム行徳第３）",,12,203,2720136,,,,,,,2026-05-12,1,,,,,"ハンジョウテンセイサクショ",0
407,2021001035106,21,0,2026-10-07,2026-09-15,"博運株式会社",,301,"神奈川県","小田原市","中里９６番地の２０",,14,206,2500872,,,2026-09-15,01,,,2015-10-05,1,,,,,"ハクウン",0
408,2021001059526,01,1,2026-10-07,2016-06-16,"株式会社シンクレア",,301,"神奈川県","鎌倉市","由比ガ浜３丁目４番３２－１号",,14,204,2480014,,,,,,,2016-06-16,1,,,,,"シンクレア",0
409,2021001089291,01,0,2026-10-07,2026-10-07,"株式会社エンテラス",,301,"神奈川県","大和市","深見３８４２番地１クリオ大和弐番館６０１号",,14,213,2420011,,,,,,,2026-10-07,1,,,,,"エンテラス",0
410,2021003017952,01,0,2026-10-07,2026-10-07,"合同会社カウントクライ",,305,"神奈川県","茅ヶ崎市","新栄町７番５号ＣｈｉｇａｓａｋｉＢｉｚ－ｎａｚ３Ｆ",,14,207,2530044,,,,,,,2026-10-07,1,,,,,"カウントクライ",0
411,2021005013719,01,0,2026-10-07,2026-10-07,"一般社団法人湘南えびすシニア居住サポート",,399,"神奈川県","藤沢市","城南１丁目１４番４号",,14,205,2510057,,,,,,,2026-10-07,1,,,,,"ショウナンエビスシニアキョジュウサポート",0
412,2030001086760,12,0,2026-10-07,2026-09-17,"株式会社カワサキ",,301,"埼玉県","行田市","佐間１丁目２９番５０号",,11,206,3610032,,,,,,,2015-10-05,1,,,,,"カワサキ",0
413,2030001105784,12,0,2026-10-07,2026-10-02,"ハウスウェブ株式会社",,301,"東京都","豊島区","西池袋１丁目２６－３池袋津村ビル５階",,13,116,1710021,,,,,,,2015-10-05,1,,,,,"ハウスウェブ",0
414,2030001152224,12,0,2026-10-07,2026-10-01,"株式会社Ｋａｎａｓａ",,301,"埼玉県","坂戸市","大字上吉田１８９－９",,11,239,3500271,,,,,,,2023-02-06,1,,,,,"カナサ",0
415,2030001174441,01,0,2026-10-07,2026-10-07,"株式会社タワラリンクス",,301,"埼玉県","比企郡小川町","大字小川７３４番地５",,11,343,3550321,,,,,,,2026-10-07,1,,,,,"タワラリンクス",0
416,2030001174482,01,0,2026-10-07,2026-10-07,"Ｓ‐Ｇｒａｃｅ株式会社",,301,"埼玉県","春日部市","南３丁目１０番１１号",,11,214,3440064,,,,,,,2026-10-07,1,,,,,"エスグレイス",0
417,2030002025172,01,1,2026-10-07,2015-10-05,"有限会社細井商事",,302,"埼玉県","戸田市","新曽南２丁目６番９号",,11,224,3350026,,,,,,,2015-10-05,1,,,,,"ホソイショウジ",0
418,2030002076926,01,1,2026-10-07,2015-10-05,"有限会社江原設備",,302,"埼玉県","入間郡三芳町","大字上富１５４５番地６０",,11,324,3540045,,,,,,,2015-10-05,1,,,,,"エハラセツビ",0
419,2030003030023,01,0,2026-10-07,2026-10-07,"合同会社Ｐｅｔａｃｏｔ",,305,"埼玉県","北本市","本宿２丁目２５番地１",,11,233,3640005,,,,,,,2026-10-07,1,,,,,"ペタコット",0
420,2030005020393,21,0,2026-10-07,2026-09-24,"一般社団法人フリーランスサポート協会",,399,"埼玉県","朝霞市","仲町１丁目１１番１３号Ｔａｋ２－２階",,11,227,3510006,,,2026-09-24,01,,,2021-05-17,1,,,,,"フリーランスサポートキョウカイ",0
421,2040001038348,01,1,2026-10-07,2015-10-05,"株式会社ハスミ",,301,"千葉県","流山市","大字東深井２１６番地",,12,220,2700101,,,,,,,2015-10-05,1,,,,,"ハスミ",0
422,2040001061127,01,1,2026-10-07,2015-10-05,"株式会社太陽社",,301,"千葉県","匝瑳市","飯倉２９３番地",,12,235,2892147,,,,,,,2015-10-05,0,,,,,"タイヨウシャ",0
423,2040001061127,71,1,2026-10-07,2018-05-01,"株式会社太陽社",,301,"千葉県","匝瑳市","飯倉２９３番地",,12,235,2892147,,,,,,"平成３０年５月１日千葉県匝瑳市飯倉２９３番地株式会社ら・それいゆ（4040001063369）を合併",2015-10-05,1,,,,,"タイヨウシャ",0
424,2040001073551,01,1,2026-10-07,2015-10-05,"株式会社ＫＴＭ",,301,"千葉県","浦安市","猫実５丁目７番１号－３Ｆ",,12,227,2790004,,,,,,,2015-10-05,1,,,,,"ケイティエム",0
425,2040001119131,12,0,2026-10-07,2026-10-05,"株式会社ライズ",,301,"東京都","渋谷区","桜丘町１７番１２号渋谷ジョンソンビル４０１",,13,113,1500031,,,,,,,2021-06-29,1,,,,,"ライズ",0
426,2040001145516,01,0,2026-10-07,2026-10-07,"ヨハクと仕組み工房株式会社",,301,"千葉県","千葉市中央区","中央２丁目５－１千葉中央ツインビル２号館７階ＣＨＩＢＡ－ＬＡＢＯ",,12,101,2600013,,,,,,,2026-10-07,1,,,,,"ヨハクトシクミコウボウ",0
427,2040001145532,01,0,2026-10-07,2026-10-07,"株式会社希望",,301,"千葉県","松戸市","古ケ崎１９２番地の６",,12,207,2710068,,,,,,,2026-10-07,1,,,,,"キボウ",0
428,2040002020701,01,1,2026-10-07,2015-10-05,"有限会社植新商店",,302,"千葉県","船橋市","宮本８丁目３８番１２号",,12,204,2730003,,,,,,,2015-10-05,1,,,,,"ウエシンショウテン",0
429,2040003020725,12,0,2026-10-07,2026-09-29,"株式会社Ｌｉｅｎ　Ｉｎｔｅｒｎａｔｉｏｎａｌ",,301,"千葉県","流山市","宮園３丁目１０番地の１９",,12,220,2700155,,,,,,,2022-09-01,1,,,,,"リアンインターナショナル",0
430,2040003030815,01,0,2026-10-07,2026-10-07,"合同会社ＸＤＡＹ",,305,"千葉県","市川市","中国分１丁目１８－１",,12,203,2720835,,,,,,,2026-10-07,1,,,,,"エックスデイ",0
431,2040005014147,01,1,2026-10-07,2015-10-05,"エホバの証人の我孫子会衆",,399,"千葉県","我孫子市","我孫子４丁目３８番１７号",,12,222,2701166,,,,,,,2015-10-05,1,,,,,"エホバノショウニンノアビコカイシュウ",0
432,2050001048230,12,0,2026-10-07,2026-09-29,"ＳＥＲＥＮＡ株式会社",,301,"茨城県","常陸太田市","金井町１８２６番地の３",,08,212,3130016,,,,,,,2020-10-20,1,,,,,"セレナ",0
433,2050001059021,01,0,2026-10-07,2026-10-07,"株式会社ＫＯＺＵＥ",,301,"茨城県","桜川市","岩瀬１０３番地２",,08,231,3091211,,,,,,,2026-10-07,1,,,,,"コズエ",0
434,2050001059054,01,0,2026-10-07,2026-10-07,"株式会社ハレノヒＨＯＭＥ",,301,"茨城県","守谷市","けやき台４丁目１９－１４",,08,224,3020128,,,,,,,2026-10-07,1,,,,,,0
435,2060001039658,01,0,2026-10-07,2026-10-07,"株式会社ＴＡＫＵＷＡ",,301,"栃木県","宇都宮市","中今泉５丁目１４番１号",,09,201,3210968,,,,,,,2026-10-07,1,,,,,"タクワ",0
436,2060003006243,01,0,2026-10-07,2026-10-07,"ＧＨＵＬＡＭ合同会社",,305,"栃木県","宇都宮市","峰町２３２番地１２ホワイトハイツ峰１０２",,09,201,3210943,,,,,,,2026-10-07,1,,,,,"グラーム",0
437,2060005002884,01,1,2026-10-07,2015-10-05,"政成寺",,399,"栃木県","真岡市","八條１９４番地の２",,09,209,3214303,,,,,,,2015-10-05,1,,,,,"セイジョウジ",0
438,2060005004237,21,0,2026-10-07,2026-10-01,"大田原酒販協同組合",,399,"栃木県","大田原市","荒井６２３番地３",,09,210,3240061,,,2026-10-01,01,,,2015-10-05,1,,,,,"オオタワラシュハン",0
439,2070001044533,01,0,2026-10-07,2026-10-07,"桜華商事株式会社",,301,"群馬県","伊勢崎市","茂呂町２丁目６４８番地７号",,10,204,3720034,,,,,,,2026-10-07,1,,,,,"オウカショウジ",0
440,2070001044558,01,0,2026-10-07,2026-10-07,"株式会社てとて",,301,"群馬県","太田市","西長岡町７２８番地",,10,205,3730001,,,,,,,2026-10-07,1,,,,,"テトテ",0
441,2070002028460,21,0,2026-10-07,2026-09-29,"有限会社オーマチ",,302,"群馬県","太田市","西矢島町甲２７３番地",,10,205,3730823,,,2026-09-29,01,,,2015-10-05,1,,,,,"オーマチ",0
442,2080001026010,21,0,2026-10-07,2026-10-02,"株式会社リベレーション",,301,"静岡県","静岡市葵区","北安東５丁目１６番１６号",,22,101,4200881,,,2026-10-02,01,,,2023-12-06,1,,,,,"リベレーション",0
443,2080001027850,01,0,2026-10-07,2026-10-07,"株式会社Ｓｈａｒｅｓ",,301,"静岡県","静岡市駿河区","八幡５丁目１５番１３号",,22,102,4228076,,,,,,,2026-10-07,1,,,,,"シェアーズ",0
444,2080002017859,21,0,2026-10-07,2026-10-05,"有限会社日本食品",,302,"静岡県","藤枝市","緑町２丁目３番地の４",,22,214,4260027,,,2026-10-05,01,,,2015-10-05,1,,,,,"ニホンショクヒン",0
445,2080003003775,01,0,2026-10-07,2026-10-07,"合同会社ｒｅ‐ｓｏｌａ",,305,"静岡県","静岡市駿河区","中島２０３‐１第二昌栄ビル",,22,102,4228046,,,,,,,2026-10-07,1,,,,,"リソラ",0
446,2080101021877,11,0,2026-10-07,2026-09-29,"川上食品株式会社",,301,"静岡県","伊東市","新井２丁目２０番１４号",,22,208,4140043,,,,,,,2020-07-06,1,,,,,"カワカミショクヒン",0
447,2080101026546,01,0,2026-10-07,2026-10-07,"株式会社富士デジタルパートナーズ",,301,"静岡県","富士宮市","大宮町２８番１１号ＰＥＡＮＵＴＳＨＯＵＳＥ２０１",,22,207,4180066,,,,,,,2026-10-07,1,,,,,"フジデジタルパートナーズ",0
448,2080401021866,01,1,2026-10-07,2016-11-21,"株式会社そよ風ガーデン",,301,"静岡県","掛川市","山崎６０番地の１３",,22,213,4371305,,,,,,,2016-11-21,1,,,,,"ソヨカゼガーデン",0
449,2090001002183,11,0,2026-10-07,2026-10-01,"株式会社もりぎん",,301,"山梨県","甲府市","住吉４丁目１４番２１号",,19,201,4000851,,,,,,,2015-10-05,1,,,,,"モリギン",0
450,2100001002504,11,0,2026-10-07,2026-10-02,"長野ＴＤ工業株式会社",,301,"長野県","長野市","稲里町中氷鉋５４１番地",,20,201,3812215,,,,,,,2015-10-05,1,,,,,"ナガノティーディーコウギョウ",0
451,2100001004780,01,1,2026-10-07,2015-10-05,"株式会社アクセル",,301,"長野県","須坂市","大字米持６２２番地２",,20,207,3820000,,,,,,,2015-10-05,0,,,,,"アクセル",0
452,2100001004780,12,1,2026-10-07,2021-02-08,"株式会社アクセル",,301,"長野県","須坂市","大字須坂１３２６番地５",,20,207,3820911,,,,,,,2015-10-05,0,,,,,"アクセル",0
453,2100001004780,11,1,2026-10-07,2021-02-08,"株式会社アクセル物流サービス",,301,"長野県","須坂市","大字須坂１３２６番地５",,20,207,3820911,,,,,,,2015-10-05,1,,,,,"アクセルブツリュウサービス",0
454,2100001021801,01,1,2026-10-07,2015-10-05,"株式会社矢野自動車",,301,"長野県","伊那市","西箕輪３９００番地３０７",,20,209,3960041,,,,,,,2015-10-05,1,,,,,"ヤノジドウシャ",0
455,2100001029398,01,1,2026-10-07,2016-06-06,"河東建設レンタルルームマネジメント株式会社",,301,"長野県","須坂市","大字小山１６４１番地１３",,20,207,3820912,,,,,,,2016-06-06,1,,,,,"カトウケンセツレンタルルームマネジメント",0
456,2100001040066,01,0,2026-10-07,2026-10-07,"株式会社サニー動物病院",,301,"長野県","長野市","篠ノ井布施五明３６５７番地",,20,201,3888011,,,,,,,2026-10-07,1,,,,,"サニードウブツビョウイン",0
457,2100002020018,12,0,2026-10-07,2026-10-06,"有限会社三英コーポレーション",,302,"長野県","安曇野市","豊科４２７２番地１０",,20,220,3998205,,,,,,,2015-10-05,1,,,,,"サンエイコーポレーション",0
458,2100003003434,21,0,2026-10-07,2026-10-02,"合同会社シンクロ",,305,"長野県","松本市","大字新村２６４３番地２",,20,202,3901241,,,2026-10-02,01,,,2015-10-05,1,,,,,"シンクロ",0
459,2100005013547,01,0,2026-10-07,2026-10-07,"一般社団法人Ａｓｔｒｏ　Ｃｏｍｍｏｎｓ",,399,"長野県","諏訪郡下諏訪町","星が丘７００１ホシスメバ２号室",,20,361,3930091,,,,,,,2026-10-07,1,,,,,"アストロコモンズ",0
460,2110001040461,01,0,2026-10-07,2026-10-07,"株式会社Ｉｒｏｄｏｒｉ",,301,"新潟県","新潟市中央区","南笹口１丁目９番２１号エスカイア笹口２０２号",,15,103,9500912,,,,,,,2026-10-07,1,,,,,"イロドリ",0
461,2110002019587,01,1,2026-10-07,2015-10-05,"有限会社武時製作所",,302,"新潟県","燕市","杣木３４７５番地１３",,15,213,9591284,,,,,,,2015-10-05,1,,,,,"タケトキセイサクジョ",0
462,2110003006312,01,0,2026-10-07,2026-10-07,"合同会社つながるリビング‐愛のかけはし",,305,"新潟県","柏崎市","新赤坂３丁目７番１３号１階",,15,205,9450845,,,,,,,2026-10-07,1,,,,,"ツナガルリビングアイノカケハシ",0
463,2120001049246,12,0,2026-10-07,2026-09-30,"株式会社エーエスケー",,301,"大阪府","大阪市大正区","泉尾３丁目８番３号",,27,108,5510031,,,,,,,2015-10-05,1,,,,,"エーエスケー",0
464,2120001049948,21,0,2026-10-07,2026-09-29,"株式会社竹本工業電熱機製作所",,301,"大阪府","大阪市西淀川区","御幣島２丁目８番２８号",,27,113,5550012,,,2026-09-29,01,,,2015-10-05,1,,,,,"タケモトコウギョウデンネツキセイサクショ",0
465,2120001066043,21,0,2026-10-07,2026-09-16,"株式会社ゼントルマンクラブ",,301,"大阪府","大阪市阿倍野区","旭町２丁目２番４－９０４号",,27,119,5450051,,,2026-09-16,01,,,2015-10-05,1,,,,,"ゼントルマンクラブ",0
466,2120001126540,71,0,2026-10-07,2026-09-28,"株式会社スカイライン",,301,"大阪府","大阪市中央区","日本橋１丁目１８番１号日本一会舘３０１号室",,27,128,5420073,,,,,,"令和８年９月２８日東京都港区赤坂九丁目７番１号ミッドタウン・タワー３７階株式会社ＨＸ　Ｇｒｏｕｐ（5010401183974）を合併",2015-10-05,1,,,,,"スカイライン",0
467,2120001166578,12,0,2026-10-07,2026-09-28,"株式会社ＳＨＴホールディングス",,301,"大阪府","大阪市西区","新町１丁目４番２４号",,27,106,5500013,,,,,,,2015-10-05,1,,,,,"エスエッチティホールディングス",0
468,2120001183887,11,0,2026-10-07,2026-09-24,"勝源商事株式会社",,301,"大阪府","大阪市中央区","谷町４丁目８番３０－９１４号",,27,128,5400012,,,,,,,2015-10-05,1,,,,,"カツゲンショウジ",0
469,2120001218882,12,0,2026-10-07,2026-10-02,"株式会社龍ノ巣ホールディングス",,301,"東京都","渋谷区","神宮前２丁目３１番７号ビラ・グロリア２０４",,13,113,1500001,,,,,,,2019-02-13,1,,,,,"リュウノスホールディングス",0
470,2120001246958,12,0,2026-10-07,2026-09-29,"Ａｋａｒｉｎｇｏ　Ｍａｒｋｅｔｉｎｇ株式会社",,301,"大阪府","大阪市西区","北堀江２丁目３－１グランドメゾン北堀江レジデンス１１０１号室",,27,106,5500014,,,,,,,2022-06-28,1,,,,,"アカリンゴマーケティング",0
471,2120001258169,12,0,2026-10-07,2026-10-01,"株式会社ＧＴ‐ＰＬＡＮ",,301,"大阪府","寝屋川市","香里新町２６－３",,27,215,5720085,,,,,,,2023-09-22,1,,,,,"ジーティープラン",0
472,2120001266799,21,0,2026-10-07,2026-10-01,"屹盛株式会社",,301,"大阪府","大阪市城東区","関目５丁目１９番９号関目花博公館２０３Ａ",,27,118,5360008,,,2026-10-01,01,,,2024-07-17,1,,,,,"キツセイ",0
473,2120001275503,12,0,2026-10-07,2026-09-04,"Ｅｒｉｃ　Ｕｔｏｐｉａ　Ｈｏｓｔｅｌ株式会社",,301,"大阪府","大阪市西成区","長橋３丁目５番３－１０２号",,27,122,5570025,,,,,,,2025-05-15,1,,,,,"エリックユートピアホステル",0
474,2120001280164,21,0,2026-10-07,2026-10-01,"君成株式会社",,301,"大阪府","大阪市東住吉区","中野４丁目１番１６号リベラルオリエンテ中野２０４Ｂ",,27,121,5460012,,,2026-10-01,01,,,2025-09-24,1,,,,,"クンセイ",0
475,2120001289429,01,0,2026-10-07,2026-10-07,"与那嶺電工株式会社",00145176,301,"大阪府","門真市","千石東町２６番２号",,27,223,5710013,,,,,,,2026-10-07,1,,,,,"ヨナミネデンコウ",0
476,2120001289445,01,0,2026-10-07,2026-10-07,"株式会社ＫＰＳ",,301,"大阪府","守口市","梶町３丁目５７番１－４０２号",,27,209,5700015,,,,,,,2026-10-07,1,,,,,"ケーピーエス",0
477,2120001289544,01,0,2026-10-07,2026-10-07,"株式会社幸鳥建設",,301,"大阪府","大阪市平野区","喜連２丁目５－４１ユニハイム喜連１００５",,27,126,5470027,,,,,,,2026-10-07,1,,,,,"コウチョウケンセツ",0
478,2120001289560,01,0,2026-10-07,2026-10-07,"株式会社Ａｓｔｅｒａ",,301,"大阪府","大阪市住吉区","庭井１丁目９番２号",,27,120,5580012,,,,,,,2026-10-07,1,,,,,"アステラ",0
479,2120001289643,01,0,2026-10-07,2026-10-07,"ミラウ株式会社",,301,"大阪府","大阪市西区","南堀江４丁目１６番１７号マリンプラザ１階南東号室",,27,106,5500015,,,,,,,2026-10-07,1,,,,,"ミラウ",0
480,2120002072775,01,1,2026-10-07,2015-10-05,"有限会社中甚",,302,"大阪府","寝屋川市","仁和寺本町３丁目５番１４号",,27,215,5720076,,,,,,,2015-10-05,1,,,,,"ナカジン",0
481,2120101037828,01,1,2026-10-07,2015-10-05,"山出商事株式会社",,301,"大阪府","岸和田市","小松里町６０８番地",,27,202,5960821,,,,,,,2015-10-05,1,,,,,"ヤマイデショウジ",0
482,2120101041004,12,0,2026-10-07,2026-09-28,"株式会社ＳＨＴ",,301,"大阪府","大阪市西区","新町１丁目４番２４号",,27,106,5500013,,,,,,,2015-10-05,1,,,,,"エスエッチティ",0
483,2120101061167,21,0,2026-10-07,2026-10-05,"株式会社福々",,301,"大阪府","岸和田市","別所町３丁目２８番１９号",,27,202,5960045,,,2026-10-05,01,,,2020-01-24,1,,,,,"フクフク",0
484,2120101062982,21,0,2026-10-07,2026-10-05,"株式会社志ＣＯＣＯＲＯ",,301,"大阪府","泉佐野市","羽倉崎上町２丁目３４５２番地の１４",,27,213,5980037,,,2026-10-05,01,,,2021-01-26,1,,,,,"ココロザシココロ",0
485,2120101074458,01,0,2026-10-07,2026-10-07,"ジハンジンコ株式会社",,301,"大阪府","堺市北区","中百舌鳥町２丁８３キラリ８―１、１００４号",,27,146,5918023,,,,,,,2026-10-07,1,,,,,"ジハンジンコ",0
486,2120101074474,01,0,2026-10-07,2026-10-07,"株式会社ＴｅｃｈＮｏａｈ",,301,"大阪府","高石市","取石４丁目１４番２８号",,27,225,5920013,,,,,,,2026-10-07,1,,,,,"テックノア",0
487,2120102019643,21,0,2026-10-07,2026-10-01,"有限会社一徳",,302,"大阪府","河内長野市","高向５７７番地",,27,216,5860036,,,2026-10-01,01,,,2015-10-05,1,,,,,"イチトク",0
488,2120103007382,01,0,2026-10-07,2026-10-07,"ティーサービスジャパン合同会社",,305,"大阪府","堺市堺区","戎島町２丁６２番地８（１４１２号）",,27,141,5900985,,,,,,,2026-10-07,1,,,,,"ティーサービスジャパン",0
489,2120901053306,01,0,2026-10-07,2026-10-07,"アラミックＳＨ株式会社",,301,"大阪府","箕面市","船場東１丁目１２番５号",,27,220,5620035,,,,,,,2026-10-07,1,,,,,"アラミックエスエイチ",0
490,2120901053314,01,0,2026-10-07,2026-10-07,"株式会社ＮＯＳＵＫＥ",,301,"大阪府","豊中市","服部本町４丁目２－７－４０１メゾンドフルール",,27,203,5610852,,,,,,,2026-10-07,1,,,,,"ノスケ",0
491,2120903005817,12,0,2026-10-07,2026-10-06,"合同会社彩",,305,"大阪府","豊中市","春日町４丁目６－５",,27,203,5600052,,,,,,,2025-08-26,1,,,,,"イロドリ",0
492,2122001008933,01,1,2026-10-07,2015-10-05,"株式会社重見製作所",,301,"大阪府","東大阪市","新家２丁目６番３５号",,27,227,5770025,,,,,,,2015-10-05,1,,,,,"シゲミセイサクショ",0
493,2122001037503,12,0,2026-10-07,2026-10-05,"株式会社都鳳工業",,301,"大阪府","大阪市東成区","深江北２丁目９－２３－２０１",,27,115,5370001,,,,,,,2023-10-23,1,,,,,"トオウコウギョウ",0
494,2122001040936,01,0,2026-10-07,2026-10-07,"株式会社ルミケア",,301,"大阪府","東大阪市","新池島町１丁目１７番８号",,27,227,5798065,,,,,,,2026-10-07,1,,,,,"ルミケア",0
495,2122002017280,01,1,2026-10-07,2015-10-05,"有限会社進和設備工業",,302,"大阪府","東大阪市","川田２丁目１２番２４号",,27,227,5780905,,,,,,,2015-10-05,1,,,,,"シンワセツビコウギョウ",0
496,2130001007376,12,0,2026-10-07,2026-09-24,"株式会社やびや",,301,"京都府","京都市中京区","西洞院通御池上る押西洞院町６０８番地アヴニールＫ５０１",,26,104,6040042,,,,,,,2015-10-05,1,,,,,"ヤビヤ",0
497,2130001014802,01,1,2026-10-07,2015-10-05,"株式会社すし重",,301,"京都府","京都市伏見区","下鳥羽東柳長町１２番地",,26,109,6128488,,,,,,,2015-10-05,1,,,,,"スシシゲ",0
498,2130001043966,21,0,2026-10-07,2026-09-16,"株式会社塩見旅舘",,301,"京都府","舞鶴市","字北田辺１１４番地",,26,202,6240855,,,2026-09-16,01,,,2015-10-05,1,,,,,"シオミリョカン",0
499,2130001047182,01,1,2026-10-07,2015-10-05,"株式会社仁和送風機開発研究所",,301,"京都府","相楽郡精華町","光台１丁目７番地けいはんなプラザラボ棟",,26,366,6190237,,,,,,,2015-10-05,0,,,,,"ニワソウフウキカイハツケンキュウショ",0
500,2130001047182,21,0,2026-10-07,2026-09-24,"株式会社仁和送風機開発研究所",,301,"京都府","相楽郡精華町","光台１丁目７番地けいはんなプラザラボ棟",,26,366,6190237,,,2026-09-24,01,,,2015-10-05,1,,,,,"ニワソウフウキカイハツケンキュウショ",0
501,2130001065283,01,1,2026-10-07,2019-09-13,"株式会社アットマークインテリア",,301,"京都府","京都市山科区","西野山射庭ノ上町１９１－３１",,26,110,6078307,,,,,,,2019-09-13,0,,,,,,0
502,2130001065283,21,0,2026-10-07,2026-09-24,"株式会社アットマークインテリア",,301,"京都府","京都市山科区","西野山射庭ノ上町１９１－３１",,26,110,6078307,,,2026-09-24,01,,,2019-09-13,1,,,,,,0
503,2130001081090,21,0,2026-10-07,2026-09-25,"株式会社ファイブベアグロース",,301,"京都府","京都市北区","大宮東小野堀町２５－２－２階",,26,101,6038406,,,2026-09-25,01,,,2025-11-28,1,,,,,"ファイブベアグロース",0
504,2130001083137,01,0,2026-10-07,2026-10-07,"株式会社京秀屋",,301,"京都府","京田辺市","興戸塚ノ本２８番地１ＢＧビル２０１",,26,211,6100332,,,,,,,2026-10-07,1,,,,,"ケイシュウヤ",0
505,2130002009306,21,0,2026-10-07,2026-09-24,"有限会社ほそかわ造園",,302,"京都府","京都市西京区","樫原口戸１番地１９",,26,111,6158136,,,2026-09-24,01,,,2015-10-05,1,,,,,"ホソカワゾウエン",0
506,2130002034171,01,1,2026-10-07,2015-10-05,"有限会社榎左官工業所",,302,"京都府","舞鶴市","字安岡２０９番地の１",,26,202,6250021,,,,,,,2015-10-05,1,,,,,"エノキサカンコウギョウショ",0
507,2130003006599,12,0,2026-10-07,2026-10-01,"合同会社白樺",,305,"京都府","長岡京市","井ノ内下印田２４－１アネーロ長岡京１０２",,26,209,6170813,,,,,,,2020-06-18,1,,,,,"シラカバ",0
508,2140001020774,21,0,2026-10-07,2026-09-29,"株式会社六甲アイランド鑑定事務所",,301,"兵庫県","芦屋市","月若町６番９号",,28,206,6590084,,,2026-09-29,01,,,2015-10-05,1,,,,,"ロッコウアイランドカンテイジムショ",0
509,2140001099330,12,0,2026-10-07,2026-10-01,"株式会社トリニティ",,301,"愛媛県","松山市","土居田町５６番地１ハナミズキビル２０１号室",,38,201,7900056,,,,,,,2015-10-05,1,,,,,"トリニティ",0
510,2140001107225,12,0,2026-10-07,2026-10-05,"株式会社ブリッツ",,301,"兵庫県","姫路市","野里東同心町５番５－１号",,28,201,6700863,,,,,,,2017-08-14,1,,,,,"ブリッツ",0
511,2140001144185,01,0,2026-10-07,2026-10-07,"株式会社Ｓ‐Ｆａｃｔｏｒｙ．",,301,"兵庫県","加古川市","野口町水足８０１番地の１",,28,210,6750019,,,,,,,2026-10-07,1,,,,,"エスファクトリー",0
512,2140003019369,21,0,2026-10-07,2026-09-30,"２Ｌ合同会社",,305,"兵庫県","神戸市中央区","中町通３丁目１番１６号５０２",,28,110,6500027,,,2026-09-30,01,,,2023-08-02,1,,,,,"ツウル",0
513,2140005018889,01,1,2026-10-07,2015-10-05,"協同組合広域情報センター",,399,"兵庫県","宝塚市","小林２丁目１０－４サンパレス２１小林２Ｆ",,28,214,6650034,,,,,,,2015-10-05,1,,,,,"コウイキジョウホウセンター",0
514,2150001006806,21,0,2026-10-07,2026-10-05,"株式会社レントオール天理",,301,"奈良県","天理市","稲葉町７３番地の１",,29,204,6320083,,,2026-10-05,01,,,2015-10-05,1,,,,,"レントオールテンリ",0
515,2150003004064,01,0,2026-10-07,2026-10-07,"合同会社Ｔ‐ｌｉｎｋ",,305,"奈良県","奈良市","三松１丁目１７番１１号",,29,201,6310074,,,,,,,2026-10-07,1,,,,,"ティーリンク",0
516,2160001003645,11,0,2026-10-07,2026-10-01,"ハグリオ株式会社",,301,"滋賀県","大津市","唐崎１丁目２６番８号",,25,201,5200106,,,,,,,2015-10-05,1,,,,,"ハグリオ",0
517,2160001005690,01,1,2026-10-07,2015-10-05,"株式会社喜多川",,301,"滋賀県","湖南市","菩提寺西１丁目９番２４号",,25,211,5203248,,,,,,,2015-10-05,0,,,,,,0
518,2160001005690,11,1,2026-10-07,2017-10-16,"株式会社リライアブルハウス",,301,"滋賀県","湖南市","菩提寺西１丁目９番２４号",,25,211,5203248,,,,,,,2015-10-05,0,,,,,,0
519,2160001005690,21,0,2026-10-07,2026-10-05,"株式会社リライアブルハウス",,301,"滋賀県","湖南市","菩提寺西１丁目９番２４号",,25,211,5203248,,,2026-10-05,01,,,2015-10-05,1,,,,,,0
520,2160001018437,01,1,2026-10-07,2015-10-05,"株式会社グローバル・ツーリズム",,301,"滋賀県","草津市","大路１丁目１番１号エルティ９３２－４Ｆ",,25,206,5250032,,,,,,,2015-10-05,0,,,,,"グローバルツーリズム",0
521,2160001018437,12,1,2026-10-07,2026-10-02,"株式会社グローバル・ツーリズム",,301,"滋賀県","野洲市","小篠原８０６番地２",,25,210,5202331,,,,,,,2015-10-05,1,,,,,"グローバルツーリズム",0
522,2170001019285,01,0,2026-10-07,2026-10-07,"新交自動車株式会社",,301,"和歌山県","西牟婁郡上富田町","朝来２３８０番地の１",,30,404,6492105,,,,,,,2026-10-07,1,,,,,"シンコウジドウシャ",0
523,2180001049026,12,0,2026-10-07,2026-10-05,"アール・エフ・エス株式会社",,301,"愛知県","名古屋市中区","新栄町２丁目１３番地",,23,106,4600004,,,,,,,2015-10-05,1,,,,,"アールエフエス",0
524,2180001169757,12,0,2026-10-07,2026-10-02,"株式会社ＲｅＬＩＶＥ",,301,"愛知県","豊田市","寿町３丁目１８番地２",,23,211,4710834,,,,,,,2025-12-03,1,,,,,"リライブ",0
525,2180001171366,12,0,2026-10-07,2026-10-05,"アール・ティー・ファーム株式会社",,301,"愛知県","名古屋市中区","新栄町２丁目１３番地",,23,106,4600004,,,,,,,2026-04-08,1,,,,,"アールティーファーム",0
526,2180001173742,01,0,2026-10-07,2026-10-07,"株式会社栄和機工",,301,"愛知県","知多市","八幡字荒古後８０番地の４",,23,224,4780001,,,,,,,2026-10-07,1,,,,,"エイワキコウ",0
527,2180001173775,01,0,2026-10-07,2026-10-07,"栄進技建株式会社",,301,"愛知県","豊明市","栄町九左山４番地２６",,23,229,4701161,,,,,,,2026-10-07,1,,,,,"エイシンギケン",0
528,2180001173825,01,0,2026-10-07,2026-10-07,"株式会社Ｊ‐ＤＲＩＶＥ",,301,"愛知県","清須市","朝日貝塚３６",,23,233,4520932,,,,,,,2026-10-07,1,,,,,"リヴェ",0
529,2180003030891,01,0,2026-10-07,2026-10-07,"合同会社Ｌｉｆｅ　Ｔｅｒｒａｃｅ",,305,"愛知県","知多郡美浜町","大字河和字北田面１１２番地１５",,23,446,4702406,,,,,,,2026-10-07,1,,,,,"ライフテラス",0
530,2180003030909,01,0,2026-10-07,2026-10-07,"合同会社瑞煌",,305,"愛知県","名古屋市中区","大須２丁目２６番５号",,23,106,4600011,,,,,,,2026-10-07,1,,,,,"ズイコウ",0
531,2180301025379,21,0,2026-10-07,2026-09-24,"株式会社オフィス藤野",,301,"愛知県","岡崎市","竜美南２丁目７番地１２",,23,202,4440874,,,2026-09-24,01,,,2015-10-05,1,,,,,"オフィスフジノ",0
532,2190001032765,01,1,2026-10-07,2025-12-17,"ＩＫＣホールディングス株式会社",,301,"三重県","四日市市","三ツ谷町１４番２０号",,24,202,5100802,,,,,,,2025-12-17,1,,,,,"アイケーシーホールディングス",0
533,2190001033474,01,0,2026-10-07,2026-10-07,"竹屋牛肉店株式会社",,301,"三重県","津市","栄町２丁目４４３番地",,24,201,5140004,,,,,,,2026-10-07,1,,,,,"タケヤギュウニクテン",0
534,2200001021196,21,0,2026-10-07,2026-10-05,"石浜陶器株式会社",,301,"岐阜県","土岐市","駄知町２４２７番地の３",,21,212,5095401,,,2026-10-05,01,,,2015-10-05,1,,,,,"イシハマトウキ",0
535,2200001039412,01,1,2026-10-07,2021-11-15,"ＶＡＲＩＯＳ．株式会社",,301,"岐阜県","加茂郡川辺町","中川辺４０番地１６",,21,503,5090304,,,,,,,2021-11-15,1,,,,,"ヴァリオス",0
536,2200001045526,01,0,2026-10-07,2026-10-07,"株式会社小池倉石",,301,"岐阜県","中津川市","茄子川１５３７番地の１１",,21,206,5099132,,,,,,,2026-10-07,1,,,,,"コイケソウセキ",0
537,2200001045534,01,0,2026-10-07,2026-10-07,"ＡＫＯＹＡＢＩ株式会社",,301,"岐阜県","美濃加茂市","新池町１丁目９番１８号",,21,211,5050031,,,,,,,2026-10-07,1,,,,,"アコヤビ",0
538,2200003007359,12,0,2026-10-07,2026-10-02,"きらき合同会社",,305,"岐阜県","岐阜市","島原町３６",,21,201,5008438,,,,,,,2026-05-28,1,,,,,"キラキ",0
539,2220001004579,01,1,2026-10-07,2015-10-05,"株式会社東洋モータース",,301,"石川県","金沢市","神田１丁目３番６号",,17,201,9218027,,,,,,,2015-10-05,1,,,,,"トウヨウモータース",0
540,2220002015303,01,1,2026-10-07,2015-10-05,"有限会社毛利製作所",,302,"石川県","羽咋市","金丸出町ヌの部５４番地１",,17,207,9250075,,,,,,,2015-10-05,1,,,,,"モウリセイサクショ",0
541,2230001012713,01,1,2026-10-07,2015-10-05,"株式会社シーオーケィ",,301,"富山県","射水市","手崎４６２番地の５",,16,211,9390306,,,,,,,2015-10-05,1,,,,,"シーオーケィ",0
542,2230003002695,01,0,2026-10-07,2026-10-07,"合同会社うみいろあおいろ",,305,"富山県","富山市","堀川町６５４番地９",,16,201,9398072,,,,,,,2026-10-07,1,,,,,"ウミイロアオイロ",0
543,2240001026415,12,0,2026-10-07,2026-09-30,"株式会社広エンジニアリング",,301,"広島県","呉市","広白岳５丁目４番１号",,34,202,7370144,,,,,,,2015-10-05,1,,,,,"ヒロエンジニアリング",0
544,2240001067129,01,0,2026-10-07,2026-10-07,"株式会社ＳＴＩ．Ｌ",,301,"広島県","呉市","海岸４丁目８番９号",,34,202,7370823,,,,,,,2026-10-07,1,,,,,"スティル",0
545,2240002040381,21,0,2026-10-07,2026-09-24,"有限会社クロワッサン",,302,"広島県","福山市","水呑町４４８８番地",,34,207,7200832,,,2026-09-24,01,,,2015-10-05,1,,,,,,0
546,2240002042270,01,1,2026-10-07,2015-10-05,"有限会社野村タイル",,302,"広島県","福山市","草戸町５丁目１番１０号",,34,207,7200831,,,,,,,2015-10-05,1,,,,,"ノムラタイル",0
547,2240003006373,12,0,2026-10-07,2026-10-01,"合同会社Ｆｒａｓｃ",,305,"広島県","広島市東区","牛田東４丁目４番９号",,34,102,7320063,,,,,,,2023-10-13,1,,,,,"フラスコ",0
548,2240003007966,01,0,2026-10-07,2026-10-07,"合同会社チェリッシュ",,305,"広島県","広島市安佐北区","深川５丁目４４番３８号",,34,106,7391751,,,,,,,2026-10-07,1,,,,,"チェリッシュ",0
549,2240005001249,01,1,2026-10-07,2015-10-05,"医療法人社団島本外科内科医院",,399,"広島県","広島市南区","宇品東７丁目２番２６号",,34,103,7340003,,,,,,,2015-10-05,0,,,,,,0
550,2240005001249,11,1,2026-10-07,2017-10-10,"医療法人社団しまもと医院",,399,"広島県","広島市南区","宇品東７丁目２番２６号",,34,103,7340003,,,,,,,2015-10-05,1,,,,,"シマモトイイン",0
551,2250002019796,21,0,2026-10-07,2026-10-05,"有限会社はせがわ",,302,"山口県","柳井市","柳井津４２６番地の１",,35,212,7420022,,,2026-10-05,01,,,2015-10-05,1,,,,,"ハセガワ",0
552,2250005000274,01,1,2026-10-07,2015-10-05,"善生寺",,399,"山口県","山口市","古熊３丁目７番１号",,35,203,7530031,,,,,,,2015-10-05,1,,,,,"ゼンショウジ",0
553,2260001016835,12,0,2026-10-07,2026-10-02,"株式会社ジェーピーエル・トレーディング",,301,"岡山県","倉敷市","亀山４４９番地１",,33,202,7100024,,,,,,,2015-10-05,1,,,,,"ジェーピーエルトレーディング",0
554,2260002023673,01,1,2026-10-07,2015-10-05,"国分商事有限会社",,302,"岡山県","総社市","井手１２２１番地の１",,33,208,7191125,,,,,,,2015-10-05,1,,,,,"コクブショウジ",0
555,2270001006240,12,0,2026-10-07,2026-10-01,"株式会社ＡＭＲＥＹＡ",,301,"鳥取県","米子市","皆生４丁目２番３１号",,31,202,6830003,,,,,,,2015-10-05,1,,,,,"アムレヤ",0
556,2270001009540,01,0,2026-10-07,2026-10-07,"株式会社ＳＳＢＣ",,301,"鳥取県","八頭郡若桜町","大字若桜１１２２番地１",,31,325,6800701,,,,,,,2026-10-07,1,,,,,"エスエスビーシー",0
557,2280002008268,01,1,2026-10-07,2015-10-05,"有限会社幸昌インターナショナル",,302,"島根県","浜田市","原井町９５７番地",,32,202,6970017,,,,,,,2015-10-05,1,,,,,"コウショウインターナショナル",0
558,2290001026897,12,0,2026-10-07,2026-09-16,"株式会社福岡企業統治コンサルティング",,301,"福岡県","福岡市博多区","博多駅中央街４番８号",,40,132,8120012,,,,,,,2015-10-05,1,,,,,"フクオカキギョウトウチコンサルティング",0
559,2290001078492,01,1,2026-10-07,2017-07-21,"株式会社フォーシーズン",,301,"福岡県","福岡市博多区","御供所町４－３",,40,132,8120037,,,,,,,2017-07-21,0,,,,,"フォーシーズン",0
560,2290001078492,12,1,2026-10-07,2026-09-15,"株式会社フォーシーズン",,301,"福岡県","大牟田市","下池町１９０番地４",,40,202,8360885,,,,,,,2017-07-21,1,,,,,"フォーシーズン",0
561,2290001115667,01,0,2026-10-07,2026-10-07,"日建デジタルツイン株式会社",,301,"福岡県","福岡市中央区","大名２丁目６－１１",,40,133,8100041,,,,,,,2026-10-07,1,,,,,"ニッケンデジタルツイン",0
562,2290001115717,01,0,2026-10-07,2026-10-07,"株式会社ＭＩＺＵＫＩ",,301,"福岡県","うきは市","浮羽町妹川２９１０番地",,40,225,8391415,,,,,,,2026-10-07,1,,,,,"ミズキ",0
563,2290001115733,01,0,2026-10-07,2026-10-07,"株式会社川口建設",,301,"福岡県","福岡市博多区","半道橋１丁目１７番１４－９０１号",,40,132,8120897,,,,,,,2026-10-07,1,,,,,"カワグチケンセツ",0
564,2290003018959,01,0,2026-10-07,2026-10-07,"Ｏｍｕｓｕｂｉ　Ｊａｐａｎ合同会社",,305,"福岡県","福岡市中央区","鳥飼３丁目７番２２号",,40,133,8100053,,,,,,,2026-10-07,1,,,,,"オムスビジャパン",0
565,2290801032855,01,0,2026-10-07,2026-10-07,"株式会社ＴＡＴＴＥ　Ｄｅｓｉｇｎ研究所",,301,"福岡県","遠賀郡水巻町","古賀３丁目１２番７号",,40,382,8070012,,,,,,,2026-10-07,1,,,,,"タッテデザインケンキュウジョ",0
566,2290801032863,01,0,2026-10-07,2026-10-07,"株式会社Ｂ‐ａｒｉｓｅ",,301,"福岡県","鞍手郡鞍手町","大字古門６６０番地１",,40,402,8071306,,,,,,,2026-10-07,1,,,,,"ビーアライズ",0
567,2300001007359,11,0,2026-10-07,2026-10-01,"株式会社天",,301,"佐賀県","唐津市","熊原町３２１１番地４",,41,202,8470817,,,,,,,2015-10-05,1,,,,,"テン",0
568,2300001014768,01,0,2026-10-07,2026-10-07,"下田製茶舗株式会社",,301,"佐賀県","嬉野市","嬉野町大字下宿丙１９番地１５",,41,209,8430301,,,,,,,2026-10-07,1,,,,,"シモダセイチャホ",0
569,2320001010526,21,0,2026-10-07,2026-09-30,"日田安心プラン株式会社",,301,"大分県","日田市","三本松２丁目１番５号",,44,204,8770016,,,2026-09-30,01,,,2015-10-05,1,,,,,"ヒタアンシンプラン",0
570,2330001034714,01,0,2026-10-07,2026-10-07,"株式会社天草ドルフィン・イニシアティブ",,301,"熊本県","天草市","五和町二江４６８９番地２０",,43,215,8632421,,,,,,,2026-10-07,1,,,,,"アマクサドルフィンイニシアティブ",0
571,2330001034730,01,0,2026-10-07,2026-10-07,"株式会社Ｏ．Ｓ．Ｆ",,301,"熊本県","菊池郡菊陽町","大字津久礼２５２８番地１１カーサフェリーチェ菊陽５０２号",,43,404,8691101,,,,,,,2026-10-07,1,,,,,"オーエスファイブ",0
572,2330003011785,01,0,2026-10-07,2026-10-07,"合同会社きなこ",,305,"熊本県","熊本市中央区","国府１丁目７番１１－３０１号アペックス国府椿苑",,43,101,8620949,,,,,,,2026-10-07,1,,,,,"キナコ",0
573,2330005004011,21,0,2026-10-07,2026-09-30,"特定非営利活動法人イーアンザイレン",,399,"熊本県","上益城郡益城町","大字田原２０８１番地２８熊本ソフトウェア株式会社内",,43,443,8612202,,,2026-09-30,01,,,2015-10-05,1,,,,,"イーアンザイレン",0
574,2340001028483,01,0,2026-10-07,2026-10-07,"株式会社ａｎｎｅｉ．",,301,"鹿児島県","鹿児島市","下荒田４丁目４６番１号",,46,201,8900056,,,,,,,2026-10-07,1,,,,,"アンネイ",0
575,2340002019432,01,1,2026-10-07,2015-10-05,"有限会社牧瀬自動車",,302,"鹿児島県","熊毛郡中種子町","野間４１９３番地",,46,501,8913604,,,,,,,2015-10-05,1,,,,,"マキセジドウシャ",0
576,2350001020290,01,0,2026-10-07,2026-10-07,"ｆａｓデザイン株式会社",,301,"宮崎県","延岡市","幸町２丁目１２５番地ココレッタ延岡２０７号室",,45,203,8820053,,,,,,,2026-10-07,1,,,,,"ファスデザイン",0
577,2350005004942,01,1,2026-10-07,2015-10-05,"特定非営利活動法人日向渚を守る会",,399,"宮崎県","日向市","大字財光寺３１１６番地２",,45,206,8830021,,,,,,,2015-10-05,0,,,,,"ヒュウガナギサヲマモルカイ",0
578,2350005004942,12,1,2026-10-07,2017-06-29,"特定非営利活動法人日向渚を守る会",,399,"宮崎県","日向市","伊勢ケ浜１８６番地２５",,45,206,8830003,,,,,,,2015-10-05,0,,,,,"ヒュウガナギサヲマモルカイ",0
579,2350005004942,12,1,2026-10-07,2020-10-28,"特定非営利活動法人日向渚を守る会",,399,"宮崎県","日向市","大字平岩２１３２番地",,45,206,8830022,,,,,,,2015-10-05,1,,,,,"ヒュウガナギサヲマモルカイ",0
580,2360001020380,12,0,2026-10-07,2026-09-10,"株式会社エム・ディ・エス",,301,"福岡県","久留米市","津福今町１２０－１",,40,203,8300061,,,,,,,2016-01-20,1,,,,,"エムディエス",0
581,2370001024224,21,0,2026-10-07,2026-09-28,"株式会社ＯＩＳＩＡ",,301,"宮城県","仙台市青葉区","国分町２丁目１３－１－４０５",,04,101,9800803,,,2026-09-28,01,,,2015-10-05,1,,,,,"オイシア",0
582,2370001054238,01,0,2026-10-07,2026-10-07,"ロジブリッジ株式会社",,301,"宮城県","仙台市青葉区","中央１丁目２－３仙台マークワン１９階",,04,101,9800021,,,,,,,2026-10-07,1,,,,,"ロジブリッジ",0
583,2370201002888,21,0,2026-10-07,2026-09-25,"株式会社壹岐家具店",,301,"宮城県","栗原市","築館伊豆１丁目７番３４号",,04,213,9872216,,,2026-09-25,01,,,2015-10-05,1,,,,,"イキカグテン",0
584,2380002007846,01,1,2026-10-07,2015-10-05,"有限会社泉屋商店",,302,"福島県","郡山市","芳賀２丁目９番１２号",,07,203,9638813,,,,,,,2015-10-05,1,,,,,"イズミヤショウテン",0
585,2390001018488,01,0,2026-10-07,2026-10-07,"株式会社ＳＵＮ",,301,"山形県","天童市","東本町１丁目８番２号",,06,210,9940026,,,,,,,2026-10-07,1,,,,,"サン",0
586,2390002011129,11,0,2026-10-07,2026-09-29,"株式会社ＳＨ商事",,301,"千葉県","松戸市","常盤平西窪町１番地３－２０３号",,12,207,2702266,,,,,,,2015-10-05,1,,,,,"エスエイチショウジ",0
587,2390003002564,11,0,2026-10-07,2026-10-01,"株式会社Ｓｗｉｆｔ　Ｍａｐ",,301,"山形県","山形市","小白川町３丁目４番３－３０３号天神マンション",,06,201,9900021,,,,,,,2026-06-29,1,,,,,"スウィフトマップ",0
588,2390005009203,01,0,2026-10-07,2026-10-07,"一般社団法人すずめこころラボ",,399,"山形県","米沢市","福田町１丁目１番７２号",,06,202,9920033,,,,,,,2026-10-07,1,,,,,"スズメココロラボ",0
589,2400001006623,12,0,2026-10-07,2026-09-24,"泉総業株式会社",,301,"岩手県","遠野市","松崎町白岩１５地割１３番地５",,03,208,0280541,,,,,,,2015-10-05,1,,,,,"イズミソウギョウ",0
590,2410001004295,12,0,2026-10-07,2026-10-01,"アンカレッジ・イーストジャパン株式会社",,301,"秋田県","秋田市","泉菅野１丁目２０番２３号富士ビル１０２号室",,05,201,0100817,,,,,,,2015-10-05,1,,,,,"アンカレッジイーストジャパン",0
591,2410001014600,01,0,2026-10-07,2026-10-07,"株式会社ＡＮＯＭ",,301,"秋田県","秋田市","山王３丁目１－１３",,05,201,0100951,,,,,,,2026-10-07,1,,,,,"アノム",0
592,2420002008113,01,1,2026-10-07,2015-10-05,"有限会社南部鶏卵",,302,"青森県","八戸市","長者３丁目１番８号",,02,203,0310021,,,,,,,2015-10-05,1,,,,,"ナンブケイラン",0
593,2430001004707,12,0,2026-10-07,2026-09-25,"株式会社キューブコーポレーション",,301,"北海道","札幌市中央区","北一条西１８丁目２番地１アートサイドテラス５０１",,01,101,0600001,,,,,,,2015-10-05,1,,,,,"キューブコーポレーション",0
594,2430001041675,01,1,2026-10-07,2015-10-05,"株式会社ＡＲＭＯＲ　ＢＲＯＴＨＥＲＳ",,301,"北海道","札幌市東区","北二十二条東１３丁目１番３３号パティオ２２　１Ｆ",,01,103,0650022,,,,,,,2015-10-05,0,,,,,,0
595,2430001041675,11,1,2026-10-07,2021-04-05,"株式会社保学堂",,301,"北海道","札幌市東区","北二十二条東１３丁目１番３３号パティオ２２　１Ｆ",,01,103,0650022,,,,,,,2015-10-05,1,,,,,"ホウガクドウ",0
596,2430001071994,01,1,2026-10-07,2016-07-19,"株式会社大北保険事務所",,301,"北海道","札幌市東区","北三十四条東１７丁目２番１－４０５号",,01,103,0070834,,,,,,,2016-07-19,0,,,,,,0
597,2430001071994,12,1,2026-10-07,2017-03-16,"株式会社大北保険事務所",,301,"北海道","岩見沢市","北一条西１４丁目２番３号",,01,210,0680041,,,,,,,2016-07-19,0,,,,,,0
598,2430001071994,11,1,2026-10-07,2017-03-16,"株式会社桜鈴",,301,"北海道","岩見沢市","北一条西１４丁目２番３号",,01,210,0680041,,,,,,,2016-07-19,1,,,,,"オウリン",0
599,2430001097817,01,0,2026-10-07,2026-10-07,"株式会社河端農園",,301,"北海道","岩見沢市","栗沢町栗部４５番地１",,01,210,0680102,,,,,,,2026-10-07,1,,,,,"カワバタノウエン",0
600,2430001097841,01,0,2026-10-07,2026-10-07,"株式会社アドバンス",,301,"北海道","札幌市北区","麻生町３丁目１番５号ヒュース麻生Ｂ１０５号",,01,102,0010045,,,,,,,2026-10-07,1,,,,,"アドバンス",0
601,2430002046244,21,0,2026-10-07,2026-10-01,"有限会社山下館",,302,"北海道","札幌市北区","北二十四条西３丁目１番７号",,01,102,0010024,,,2026-10-01,11,3430001048711,"令和８年１０月１日北海道滝川市流通団地一丁目６番１２号株式会社マツオ（3430001048711）に合併し解散",2015-10-05,1,,,,,"ヤマシタカン",0
602,2430002059972,12,0,2026-10-07,2026-10-01,"有限会社家のおてつだい",,302,"北海道","登別市","富士町２丁目１４番地１",,01,230,0590014,,,,,,,2015-10-05,1,,,,,"イエノオテツダイ",0
603,2430003015446,12,0,2026-10-07,2026-10-01,"合同会社マガン",,305,"北海道","美唄市","西二条南２丁目４－１１",,01,215,0720025,,,,,,,2023-09-25,1,,,,,"マガン",0
604,2430003019471,01,0,2026-10-07,2026-10-07,"合同会社さくらパートナーズ",,305,"北海道","札幌市中央区","南二十四条西９丁目２番２０号",,01,101,0640924,,,,,,,2026-10-07,1,,,,,"サクラパートナーズ",0
605,2430003019505,01,0,2026-10-07,2026-10-07,"合同会社春日工業",,305,"北海道","苫小牧市","春日町３丁目１０番１２号エスポワール２０３号",,01,213,0530031,,,,,,,2026-10-07,1,,,,,"カスガコウギョウ",0
606,2430005015436,12,0,2026-10-07,2026-10-01,"一般社団法人緑青会",,399,"北海道","札幌市東区","北二十四条東１６丁目２番２号",,01,103,0650024,,,,,,,2026-03-24,1,,,,,"ロクショウカイ",0
607,2440005002689,01,1,2026-10-07,2020-11-17,"ホタテ事業協同組合",,399,"北海道","二海郡八雲町","内浦町１０７番地２６",,01,346,0493104,,,,,,,2020-11-17,0,,,,,,0
608,2440005002689,12,1,2026-10-07,2026-04-30,"ホタテ事業協同組合",,399,"北海道","二海郡八雲町","内浦町１０７番地７２",,01,346,0493104,,,,,,,2020-11-17,1,,,,,,0
609,2450001001371,01,1,2026-10-07,2015-10-05,"新東商事株式会社",,301,"北海道","旭川市","曙一条８丁目",,01,204,0700061,,,,,,,2015-10-05,1,,,,,"シントウショウジ",0
610,2450005004503,01,0,2026-10-07,2026-10-07,"医療法人ソラノワ旭川こどもおとな歯科・矯正歯科",,399,"北海道","旭川市","豊岡十一条１丁目１番６号",,01,204,0788241,,,,,,,2026-10-07,1,,,,,"ソラノワアサヒカワコドモオトナシカキョウセイシカ",0
611,2460101007912,01,0,2026-10-07,2026-10-07,"株式会社ＪＩＫＫＡ",,301,"北海道","河東郡上士幌町","字上士幌東３線２３５番地１４７",,01,633,0801408,,,,,,,2026-10-07,1,,,,,"ジッカ",0
612,2460301001252,21,0,2026-10-07,2026-10-01,"株式会社石川観光",,301,"北海道","北見市","北六条西４丁目５番地の１",,01,208,0900046,,,2026-10-01,01,,,2015-10-05,1,,,,,"イシカワカンコウ",0
613,2470001021459,01,0,2026-10-07,2026-10-07,"株式会社ポルテホールディングス",,301,"香川県","東かがわ市","帰来１０７２番地７",,37,207,7692704,,,,,,,2026-10-07,1,,,,,"ポルテホールディングス",0
614,2470002012399,12,0,2026-10-07,2026-10-02,"有限会社村川商会",,302,"香川県","高松市","香川町浅野１９４６番地５",,37,201,7611703,,,,,,,2015-10-05,1,,,,,,0
615,2500001015861,01,1,2026-10-07,2015-10-05,"株式会社黒田真珠",,301,"愛媛県","宇和島市","吉田町沖村甲３６０番地４",,38,203,7993751,,,,,,,2015-10-05,1,,,,,"クロダシンジュ",0
616,2500001027163,01,0,2026-10-07,2026-10-07,"長谷川海事株式会社",,301,"愛媛県","今治市","吉海町泊４６６番地２",,38,202,7942102,,,,,,,2026-10-07,1,,,,,"ハセガワカイジ",0
617,2500002012718,12,0,2026-10-07,2026-10-02,"赤坂水産有限会社",,302,"愛媛県","西予市","三瓶町朝立１番耕地５４８番地６",,38,214,7960907,,,,,,,2015-10-05,1,,,,,"アカサカスイサン",0
618,2500005001940,01,1,2026-10-07,2015-10-05,"えひめ有限責任監査法人",,399,"愛媛県","松山市","味酒町２丁目９番地１７",,38,201,7900814,,,,,,,2015-10-05,0,,,,,"エヒメユウゲンセキニン",0
619,2500005001940,12,1,2026-10-07,2022-09-30,"えひめ有限責任監査法人",,399,"愛媛県","松山市","三番町７丁目６－１０西三番町ビル５階",,38,201,7900003,,,,,,,2015-10-05,1,,,,,"エヒメユウゲンセキニン",0
620,3010001012098,21,0,2026-10-07,2026-09-07,"株式会社エステーホーム",,301,"東京都","中央区","日本橋富沢町９番１０号稲村ビル７階",,13,102,1030006,,,2026-09-07,01,,,2015-10-05,1,,,,,,0
621,3010001210321,12,0,2026-10-07,2026-10-05,"株式会社日本パワーソリューションズ",,301,"埼玉県","さいたま市浦和区","針ヶ谷１丁目８番１８号",,11,107,3300075,,,,,,,2020-06-19,1,,,,,"ニホンパワーソリューションズ",0
622,3010001214883,12,0,2026-10-07,2026-10-02,"株式会社Ｔｏｐ　Ｌｏｔ",,301,"東京都","港区","芝５丁目２９番２０号",,13,103,1080014,,,,,,,2021-01-06,1,,,,,"トップロット",0
623,3010001243180,01,1,2026-10-07,2024-03-18,"株式会社ミカナギ",,301,"東京都","千代田区","神田和泉町１番地６－１６ヤマトビル４０５",,13,101,1010024,,,,,,,2024-03-18,1,"Mikanagi Co., Ltd.","Tokyo","1-6-16 Kandaizumicho, Yamato Bldg. 405, Chiyoda ku",,"ミカナギ",0
624,3010001246183,12,0,2026-10-07,2026-10-05,"株式会社テクエネ",,301,"東京都","江東区","亀戸７丁目４４－２－１Ｆ",,13,108,1360071,,,,,,,2024-07-01,1,,,,,"テクエネ",0
625,3010001249517,12,0,2026-10-07,2026-10-05,"獅醒株式会社",,301,"東京都","板橋区","板橋２丁目６３－４グローリア初穂板橋５０１Ｅａｓｙｏｆｆｉｃｅ",,13,119,1730004,,,,,,,2024-11-05,1,,,,,"シセイ",0
626,3010001265737,12,0,2026-10-07,2026-09-07,"株式会社三養社日本",,301,"東京都","中央区","日本橋馬喰町１丁目１２番３号Ｄａｉｗａ日本橋馬喰町ビル４階",,13,102,1030002,,,,,,,2026-05-22,1,,,,,"サムヤンシャニホン",0
627,3010001267717,12,0,2026-10-07,2026-09-03,"株式会社ワークス",,301,"東京都","千代田区","九段北１丁目１番７号カーサ九段２階Ｃ号室",,13,101,1020073,,,,,,,2026-08-21,1,,,,,"ワークス",0
628,3010001269259,01,0,2026-10-07,2026-10-07,"株式会社Ｑｕｒｅａ",,301,"東京都","中央区","銀座７丁目３番６号高木ビル７階",,13,102,1040061,,,,,,,2026-10-07,1,,,,,"キュレア",0
629,3010001269358,01,0,2026-10-07,2026-10-07,"株式会社エーアイケアノロジー",,301,"東京都","中央区","日本橋本町１丁目８番１６号５階",,13,102,1030023,,,,,,,2026-10-07,1,,,,,"エーアイケアノロジー",0
630,3010001269374,01,0,2026-10-07,2026-10-07,"テンアンツウィンド株式会社",,301,"東京都","中央区","日本橋兜町１７番２号兜町第６葉山ビル４Ｆ",,13,102,1030026,,,,,,,2026-10-07,1,,,,,"テンアンツウィンド",0
631,3010001269473,01,0,2026-10-07,2026-10-07,"株式会社ＦＬＩＰ第４００号",,301,"東京都","千代田区","丸の内２丁目７番２号",,13,101,1000005,,,,,,,2026-10-07,1,,,,,"エフエルアイピーダイヨンヒャクゴウ",0
632,3010001269481,01,0,2026-10-07,2026-10-07,"株式会社ＦＬＩＰ第４０８号",,301,"東京都","千代田区","丸の内２丁目７番２号",,13,101,1000005,,,,,,,2026-10-07,1,,,,,"エフエルアイピーダイヨンヒャクハチゴウ",0
633,3010001269498,01,0,2026-10-07,2026-10-07,"株式会社ＳＨＩＰ第１０５７号",,301,"東京都","千代田区","丸の内２丁目７番２号",,13,101,1000005,,,,,,,2026-10-07,1,,,,,"エスエイチアイピーダイセンゴジュウナナゴウ",0
634,3010003052877,01,0,2026-10-07,2026-10-07,"合同会社ＧＬＡＤＥＣ　ＪＡＰＡＮ",,305,"東京都","中央区","銀座１丁目１２番４号Ｎ＆ＥＢＬＤ．７階",,13,102,1040061,,,,,,,2026-10-07,1,,,,,"グラデックジャパン",0
635,3010003052910,01,0,2026-10-07,2026-10-07,"ＬＰＣ２合同会社",,305,"東京都","千代田区","丸の内１丁目１１番１号",,13,101,1000005,,,,,,,2026-10-07,1,,,,,"エルピーシーツー",0
636,3010003052919,01,0,2026-10-07,2026-10-07,"ＫＭＮ合同会社",,305,"東京都","千代田区","丸の内１丁目４番１号東京共同会計事務所内",,13,101,1000005,,,,,,,2026-10-07,1,,,,,"ケーエムエヌ",0
637,3010005021095,12,0,2026-10-07,2026-09-02,"一般社団法人木質建築構造性能研究所",,399,"東京都","文京区","本郷３丁目３番１１号",,13,105,1130033,,,,,,,2015-10-05,1,,,,,"モクシツケンチクコウゾウセイノウケンキュウジョ",0
638,3010005030030,21,0,2026-10-07,2026-09-04,"モントリオール特定目的会社",,399,"東京都","千代田区","丸の内１丁目４番１号東京共同会計事務所内",,13,101,1000005,,,2026-09-04,01,,,2019-04-09,1,,,,,"モントリオール",0
639,3010101017435,01,0,2026-10-07,2026-10-07,"株式会社上野設備",,301,"東京都","八王子市","上柚木２２５番地６",,13,201,1920373,,,,,,,2026-10-07,1,,,,,"ウエノセツビ",0
640,3010401134070,12,0,2026-10-07,2026-09-09,"ｒｅｓｅｒｖｅｌｅ株式会社",,301,"東京都","港区","北青山１丁目３番１号アールキューブ青山３階",,13,103,1070061,,,,,,,2017-10-04,1,,,,,"リザブル",0
641,3010401174496,12,0,2026-10-07,2026-10-05,"株式会社パルミラ",,301,"東京都","江東区","枝川２丁目５番１２号プレミストベイフォートスクエア豊洲３０５号",,13,108,1350051,,,,,,,2023-05-24,1,,,,,"パルミラ",0
642,3010401191426,12,0,2026-10-07,2026-09-10,"株式会社Ｂｉｚｍｅｅ",,301,"東京都","港区","麻布台１丁目１番２号",,13,103,1060041,,,,,,,2025-07-03,1,,,,,"ビズミー",0
643,3010401196788,12,0,2026-10-07,2026-10-05,"株式会社Ｖｉｅｎｔｏ",,301,"東京都","目黒区","大橋１丁目１－２",,13,110,1530044,,,,,,,2026-02-24,1,,,,,"ヴィエント",0
644,3010401201580,01,0,2026-10-07,2026-10-07,"安達情報開発株式会社",,301,"東京都","港区","北青山１丁目３－３三橋ビル３階",,13,103,1070061,,,,,,,2026-10-07,1,,,,,"アダチジョウホウカイハツ",0
645,3010401202232,01,0,2026-10-07,2026-10-07,"株式会社インベルサ",,301,"東京都","港区","南青山２丁目２番１５号ＷＩＮ青山５３１",,13,103,1070062,,,,,,,2026-10-07,1,,,,,"インベルサ",0
646,3010401202397,01,0,2026-10-07,2026-10-07,"ＭＣＰ６０株式会社",,301,"東京都","港区","元赤坂１丁目１番７－１２０９号株式会社赤坂国際会計内",,13,103,1070051,,,,,,,2026-10-07,1,,,,,"エムシーピーシックスゼロ",0
647,3010401202447,01,0,2026-10-07,2026-10-07,"アスメンタル株式会社",,301,"東京都","港区","北青山１丁目３番１号アールキューブ青山３階",,13,103,1070061,,,,,,,2026-10-07,1,,,,,"アスメンタル",0
648,3010401202562,01,0,2026-10-07,2026-10-07,"株式会社Ｔｅｎ・Ｓｅｖｅｎ",,301,"東京都","港区","麻布台３丁目３番９－１６０１号",,13,103,1060041,,,,,,,2026-10-07,1,,,,,"テンセブン",0
649,3010401202570,01,0,2026-10-07,2026-10-07,"株式会社Ｇ．ＴＲＡＤＥ",,301,"東京都","港区","東麻布２丁目１６番３号",,13,103,1060044,,,,,,,2026-10-07,1,,,,,"ジートレード",0
650,3010401202645,01,0,2026-10-07,2026-10-07,"株式会社エルノヴァ",,301,"東京都","港区","六本木２丁目１番１９号Ｓ－Ｂｕｉｌｄｉｎｇ３階",,13,103,1060032,,,,,,,2026-10-07,1,,,,,"エルノヴァ",0
651,3010403015599,12,0,2026-10-07,2026-10-05,"合同会社ＹＭＮサポート",,305,"東京都","新宿区","若葉２丁目１２番地５チャームスイート四谷２０３号室",,13,104,1600011,,,,,,,2016-11-15,1,,,,,"ワイエムエヌサポート",0
652,3010403028691,21,0,2026-10-07,2026-09-09,"Ｙ‐Ａｓｃｅｎｔ合同会社",,305,"東京都","港区","浜松町２丁目２番１５号浜松町ダイヤビル２Ｆ",,13,103,1050013,,,2026-09-09,01,,,2022-10-14,1,,,,,"ワイアセント",0
653,3010403032660,12,0,2026-10-07,2026-09-04,"ＲｏｖｉＳｙｓ　Ｊａｐａｎ合同会社",,305,"東京都","中央区","日本橋小網町１１番４号",,13,102,1030016,,,,,,,2024-05-24,1,,,,,"ロビシスジャパン",0
654,3010405002439,11,0,2026-10-07,2026-10-01,"医療情報基盤・診療報酬審査支払機構",,399,"東京都","港区","新橋２丁目１番３号",,13,103,1050004,,,,,,,2015-10-05,1,,,,,"イリョウジョウホウキバンシンリョウホウシュウシンサシハライキコウ",0
655,3010405026132,01,0,2026-10-07,2026-10-07,"一般社団法人Ｗａｌｋ　Ｊ",,399,"東京都","港区","虎ノ門３丁目２２番１０－２０１号",,13,103,1050001,,,,,,,2026-10-07,1,,,,,"ウォークジェイ",0
656,3010501017571,01,1,2026-10-07,2015-10-05,"株式会社クリタニ",,301,"東京都","台東区","浅草４丁目１番１１号",,13,106,1110032,,,,,,,2015-10-05,1,,,,,"クリタニ",0
657,3010505003758,01,0,2026-10-07,2026-10-07,"一般社団法人ヴェネチアビエンナーレ２０２７日本館推進委員会",,399,"東京都","台東区","浅草橋３丁目１２番６号",,13,106,1110053,,,,,,,2026-10-07,1,,,,,"ヴェネチアビエンナーレニセンニジュウナナニホンカンスイシンイインカイ",0
658,3010601069926,01,0,2026-10-07,2026-10-07,"株式会社ＢＮＳ　Ｊａｐａｎ",,301,"東京都","墨田区","墨田３丁目２９番１０号",,13,107,1310031,,,,,,,2026-10-07,1,,,,,"ビーエヌエスジャパン",0
659,3010601069934,01,0,2026-10-07,2026-10-07,"株式会社ｎｉｔｏ",,301,"東京都","江東区","大島１丁目３３－１",,13,108,1360072,,,,,,,2026-10-07,1,,,,,"ニト",0
660,3010701011465,01,1,2026-10-07,2015-10-05,"エフビートライアングル株式会社",,301,"東京都","品川区","二葉１丁目６番２号",,13,109,1420043,,,,,,,2015-10-05,0,,,,,"エフビートライアングル",0
661,3010701011465,12,1,2026-10-07,2026-06-16,"エフビートライアングル株式会社",,301,"東京都","品川区","南大井６丁目１３番１４号ＴＡＫビル４階",,13,109,1400013,,,,,,,2015-10-05,1,,,,,"エフビートライアングル",0
662,3010701050232,01,0,2026-10-07,2026-10-07,"コダマ・クリエイティブソリューションズ株式会社",,301,"東京都","品川区","東五反田３丁目１番６号ウエストワールドビル５階",,13,109,1410022,,,,,,,2026-10-07,1,,,,,"コダマクリエイティブソリューションズ",0
663,3010703008526,01,0,2026-10-07,2026-10-07,"合同会社ＭＭＴ",,305,"東京都","品川区","大崎３丁目１番１－４０７号",,13,109,1410032,,,,,,,2026-10-07,1,,,,,"エムエムティー",0
664,3010801026735,12,0,2026-10-07,2026-10-01,"Ｋ＆Ｂ　ＧＲＯＵＰ株式会社",,301,"神奈川県","川崎市川崎区","大島５丁目１２－４大島ビル",,14,131,2100834,,,,,,,2016-05-27,1,,,,,"ケーアンドビーグループ",0
665,3010803004334,12,0,2026-10-07,2026-10-05,"ＷＯＲＬＤ　ＡＧＥＮＣＹ株式会社",,301,"東京都","板橋区","南常盤台１丁目１１－６レフア南常盤台１０１号室",,13,119,1740072,,,,,,,2022-11-04,1,,,,,"ワールドエージェンシー",0
666,3010901060394,01,0,2026-10-07,2026-10-07,"株式会社ＣＬＯＳＥ　ＴＯ　Ｕ",,301,"東京都","世田谷区","代田３丁目５１番３号",,13,112,1550033,,,,,,,2026-10-07,1,,,,,"クロストゥユー",0
667,3010903000084,12,0,2026-10-07,2026-10-05,"合資会社さくら・エスシーアール",,304,"東京都","大田区","大森北２丁目１３番３１－１９０８号",,13,111,1430016,,,,,,,2015-10-05,1,,,,,"サクラエスシーアール",0
668,3010903011197,01,0,2026-10-07,2026-10-07,"Ｍａｉｎ．Ｎ　Ａｓｓｅｔ合同会社",,305,"東京都","世田谷区","中町４丁目１７番２２号－２",,13,112,1580091,,,,,,,2026-10-07,1,,,,,"メインドットエヌアセット",0
669,3010903011214,01,0,2026-10-07,2026-10-07,"Ｋｉｋｕｂｅｎｄ合同会社",,305,"東京都","世田谷区","代沢２丁目２６番１７号",,13,112,1550032,,,,,,,2026-10-07,1,,,,,"キクベンド",0
670,3011001092519,12,0,2026-10-07,2026-10-02,"ワンダートランスポートテクノロジーズ株式会社",,301,"東京都","渋谷区","幡ヶ谷１丁目２９番２号",,13,113,1510072,,,,,,,2015-10-05,1,,,,,"ワンダートランスポートテクノロジーズ",0
671,3011001101139,12,0,2026-10-07,2026-09-28,"株式会社ＳＥＬＥＣＴ　ＢＵＴＴＯＮ",,301,"東京都","渋谷区","広尾１丁目８番６号広尾１８６ビル２階",,13,113,1500012,,,,,,,2015-10-05,1,,,,,"セレクトボタン",0
672,3011001104620,01,1,2026-10-07,2015-10-05,"株式会社侍",,301,"東京都","渋谷区","恵比寿３丁目１１番７号",,13,113,1500013,,,,,,,2015-10-05,0,,,,,"サムライ",0
673,3011001104620,12,1,2026-10-07,2016-01-29,"株式会社侍",,301,"東京都","渋谷区","恵比寿１丁目１５番９号シルク恵比寿４０３",,13,113,1500013,,,,,,,2015-10-05,0,,,,,"サムライ",0
674,3011001104620,12,1,2026-10-07,2017-06-26,"株式会社侍",,301,"東京都","目黒区","大橋２丁目３番５号Ｂａｒｂｉｚｏｎ４１、５階",,13,110,1530044,,,,,,,2015-10-05,0,,,,,"サムライ",0
675,3011001104620,12,1,2026-10-07,2018-07-17,"株式会社侍",,301,"東京都","目黒区","大橋２丁目３番５号",,13,110,1530044,,,,,,,2015-10-05,0,,,,,"サムライ",0
676,3011001104620,12,1,2026-10-07,2019-06-07,"株式会社侍",,301,"東京都","渋谷区","道玄坂２丁目１１番１号Ｇスクエア渋谷道玄坂４Ｆ",,13,113,1500043,,,,,,,2015-10-05,0,,,,,"サムライ",0
677,3011001104620,11,1,2026-10-07,2021-01-22,"株式会社ＳＡＭＵＲＡＩ",,301,"東京都","渋谷区","道玄坂２丁目１１番１号Ｇスクエア渋谷道玄坂４Ｆ",,13,113,1500043,,,,,,,2015-10-05,0,,,,,,0
678,3011001104620,12,1,2026-10-07,2022-04-26,"株式会社ＳＡＭＵＲＡＩ",,301,"東京都","渋谷区","道玄坂２丁目１１番１号ＪＭＦ渋谷ビル０３－４Ｆ",,13,113,1500043,,,,,,,2015-10-05,0,,,,,,0
679,3011001104620,12,1,2026-10-07,2022-07-06,"株式会社ＳＡＭＵＲＡＩ",,301,"東京都","千代田区","神田練塀町３００番地",,13,101,1010022,,,,,,,2015-10-05,0,,,,,,0
680,3011001104620,12,1,2026-10-07,2024-10-10,"株式会社ＳＡＭＵＲＡＩ",,301,"東京都","港区","虎ノ門１丁目３番１号",,13,103,1050001,,,,,,,2015-10-05,1,,,,,,0
681,3011001120394,12,0,2026-10-07,2026-10-02,"株式会社ゴールド",,301,"東京都","港区","北青山１丁目３番１号アールキューブ青山３階",,13,103,1070061,,,,,,,2018-01-30,1,,,,,"ゴールド",0
682,3011001137208,12,0,2026-10-07,2026-10-05,"株式会社ＵＨファンド",,301,"大阪府","大阪市西区","南堀江１丁目２６番１５号エルザグレース堀江タワー２６０４号",,27,106,5500015,,,,,,,2020-12-02,1,,,,,"ユーエイチファンド",0
683,3011001157841,12,0,2026-10-07,2026-09-08,"株式会社Ｌｕａｎａ",,301,"東京都","目黒区","上目黒１丁目２０番５号和田ビル５Ｆ",,13,110,1530051,,,,,,,2023-10-27,1,,,,,"ルアナ",0
684,3011003025476,01,0,2026-10-07,2026-10-07,"ＡＳＣＥＮＯＭＮＩＡ合同会社",,305,"東京都","渋谷区","神宮前３丁目３７番１－３０４号ザ・神宮前レジデンス",,13,113,1500001,,,,,,,2026-10-07,1,,,,,"アセノムニア",0
685,3011101058519,71,0,2026-10-07,2026-10-02,"株式会社ＦＥＡ",,301,"東京都","中野区","本町２丁目４６番１号",,13,114,1640012,,,,,,"令和８年１０月１日東京都中野区本町二丁目４６番１号ライフナビパートナーズ株式会社（8011201022007）を合併",2015-10-05,1,,,,,"エフイーエー",0
686,3011101086445,01,1,2026-10-07,2019-01-11,"葵建設株式会社",,301,"東京都","新宿区","北新宿１丁目１番１６号ＪＳビル６階",,13,104,1690074,,,,,,,2019-01-11,0,,,,,"アオイケンセツ",0
687,3011101086445,12,1,2026-10-07,2024-02-14,"葵建設株式会社",,301,"神奈川県","川崎市麻生区","万福寺１丁目１番１号新百合ヶ丘シティビルディング６階",,14,137,2150004,,,,,,,2019-01-11,0,,,,,"アオイケンセツ",0
688,3011101086445,12,1,2026-10-07,2026-09-09,"葵建設株式会社",,301,"東京都","福生市","大字熊川１６１５－１グリーンパーク・ＫＡＤＯ１０６",,13,218,1970003,,,,,,,2019-01-11,1,,,,,"アオイケンセツ",0
689,3011101100825,12,0,2026-10-07,2026-10-02,"ＣＬＲ株式会社",,301,"東京都","中央区","銀座８丁目１２番３号ＳＲビル８階",,13,102,1040061,,,,,,,2022-11-14,1,,,,,"シーエルアール",0
690,3011101117654,01,0,2026-10-07,2026-10-07,"株式会社Ｔａｃｏ　Ｅｎｔｅｒｔａｉｎｍｅｎｔ",,301,"東京都","新宿区","新宿５丁目１５番１号みくにビル４階",,13,104,1600022,,,,,,,2026-10-07,1,,,,,"タコエンターテイメント",0
691,3011201020155,12,0,2026-10-07,2026-09-28,"株式会社プエンテ",,301,"東京都","渋谷区","渋谷３丁目１２番２号山田コーポ１Ｂ",,13,113,1500002,,,,,,,2017-09-14,1,,,,,"プエンテ",0
692,3011301001690,01,1,2026-10-07,2015-10-05,"株式会社カブヤマ",,301,"東京都","杉並区","成田西３丁目１０番３４号",,13,115,1660016,,,,,,,2015-10-05,0,,,,,"カブヤマ",0
693,3011301001690,12,1,2026-10-07,2026-08-07,"株式会社カブヤマ",,301,"東京都","杉並区","成田西３丁目１０番１３号",,13,115,1660016,,,,,,,2015-10-05,1,,,,,"カブヤマ",0
694,3011301018867,12,0,2026-10-07,2026-10-05,"株式会社ＬＴＣＢネットワークス",,301,"東京都","杉並区","堀ノ内３丁目２０番２６号杉並新高円寺ロジュマン２０３",,13,115,1660013,,,,,,,2015-10-05,1,,,,,"エルティーシービーネットワークス",0
695,3011403005251,01,0,2026-10-07,2026-10-07,"合同会社ピラルク・アセットマネジメント",,305,"東京都","板橋区","徳丸１丁目３６番１号",,13,119,1750083,,,,,,,2026-10-07,1,,,,,"ピラルクアセットマネジメント",0
696,3011501004080,21,0,2026-10-07,2026-10-06,"福井屋商事株式会社",,301,"東京都","北区","滝野川７丁目４４番１２号",,13,117,1140023,,,2026-10-06,11,2010501004323,"令和８年１０月１日東京都台東区上野五丁目２２番１３号株式会社ゴールド、ワン（2010501004323）に合併し解散",2015-10-05,1,,,,,,0
697,3011501008172,11,0,2026-10-07,2026-10-01,"日新グローバル株式会社",,301,"東京都","荒川区","東日暮里６丁目４４番２号",,13,118,1160014,,,,,,,2015-10-05,1,,,,,"ニッシングローバル",0
698,3011501021778,21,0,2026-10-07,2026-10-05,"株式会社ななついろ",,301,"東京都","荒川区","東尾久４丁目３５番３号",,13,118,1160012,,,2026-10-05,01,,,2016-07-21,1,,,,,,0
699,3011501029697,12,0,2026-10-07,2026-10-01,"Ｃ＆Ｊ　ＧＬＯＢＡＬ株式会社",,301,"東京都","杉並区","高円寺南３丁目２５－８ブリリアント高円寺ＩＩ",00145169,13,115,1660003,,,,,,,2023-08-30,1,,,,,"シーアンドジェーグローバル",0
700,3011702017690,21,0,2026-10-07,2026-09-08,"有限会社ザ・エレガンス",,302,"東京都","中央区","日本橋室町４丁目３番６号エレガンスビル１Ｆ",,13,102,1030022,,,2026-09-08,01,,,2015-10-05,1,,,,,"ザエレガンス",0
701,3011703004746,01,0,2026-10-07,2026-10-07,"合同会社鈴木建装",,305,"東京都","江戸川区","中央２丁目１５－６地下１階",,13,123,1320021,,,,,,,2026-10-07,1,,,,,"スズキケンソウ",0
702,3011801008871,01,1,2026-10-07,2015-10-05,"株式会社杉本鉄工建設",,301,"東京都","足立区","江北３丁目５２番２３号",,13,121,1230872,,,,,,,2015-10-05,1,,,,,"スギモトテッコウケンセツ",0
703,3011801043019,12,0,2026-10-07,2026-10-02,"株式会社ＫＯＫＯＤＡ",,301,"東京都","台東区","蔵前１丁目１－１ラドゥセール浅草橋８０４号室",,13,106,1110051,,,,,,,2023-09-08,1,,,,,"ココダ",0
704,3011801043456,12,0,2026-10-07,2026-10-02,"株式会社ＥＹＥ’ｓグループ",,301,"埼玉県","草加市","両新田東町１１３－５",,11,221,3400026,,,,,,,2023-12-07,1,,,,,"アイズグループ",0
705,3011801046459,12,0,2026-10-07,2026-10-02,"株式会社アシスト",,301,"埼玉県","さいたま市見沼区","大和田町１丁目１５２６番地",,11,104,3370053,,,,,,,2025-07-16,1,,,,,"アシスト",0
706,3011801048488,01,0,2026-10-07,2026-10-07,"株式会社ＬＵＭＩＮＯＵＳ　ＤＥＳＩＧＮ",,301,"東京都","足立区","千住１丁目４番１号東京芸術センター１１階１１０９室",,13,121,1200034,,,,,,,2026-10-07,1,,,,,"ルミナスデザイン",0
707,3011801048496,01,0,2026-10-07,2026-10-07,"株式会社ｅｃｌａｔ",,301,"東京都","足立区","六木４丁目７番２号",,13,121,1210052,,,,,,,2026-10-07,1,,,,,"エクラ",0
708,3011802003715,21,0,2026-10-07,2026-09-30,"有限会社篠田硝子建材",,302,"東京都","葛飾区","白鳥１丁目５番８号",,13,122,1250063,,,2026-09-30,01,,,2015-10-05,1,,,,,"シノダガラスケンザイ",0
709,3011802004457,21,0,2026-10-07,2026-09-30,"有限会社染谷商店",,302,"東京都","葛飾区","東水元３丁目９番１０号",,13,122,1250033,,,2026-09-30,01,,,2015-10-05,1,,,,,"ソメヤショウテン",0
710,3011803007649,01,0,2026-10-07,2026-10-07,"合同会社サンフォレスト",,305,"東京都","足立区","千住中居町１４番３号",,13,121,1200035,,,,,,,2026-10-07,1,,,,,"サンフォレスト",0
711,3011803007657,01,0,2026-10-07,2026-10-07,"合同会社鹿野",,305,"東京都","葛飾区","新小岩３丁目１５番地２１号",,13,122,1240024,,,,,,,2026-10-07,1,,,,,"カノ",0
712,3012301006977,12,0,2026-10-07,2026-10-01,"株式会社設備工事石上",,301,"東京都","町田市","木曽西４丁目１６番１５号",,13,209,1940037,,,,,,,2015-10-05,1,,,,,"セツビコウジイシガミ",0
713,3012401032411,12,0,2026-10-07,2026-10-02,"株式会社クルネクスタ",,301,"東京都","中央区","日本橋横山町７番１７号フジタ横山町マンション９０２",,13,102,1030003,,,,,,,2017-02-23,1,,,,,"クルネクスタ",0
714,3012401039365,12,0,2026-10-07,2026-10-05,"株式会社Ａｎｃｈｏｒ",,301,"東京都","渋谷区","恵比寿南３丁目１番１号",,13,113,1500022,,,,,,,2022-07-07,1,,,,,"アンカー",0
715,3012401044068,12,0,2026-10-07,2026-10-02,"株式会社Ｃｒｅｚｉａ　Ｓｏｌｕｔｉｏｎｓ",,301,"東京都","新宿区","西新宿３丁目７番１号新宿パークタワーＮ３０階",,13,104,1600023,,,,,,,2026-01-27,1,,,,,"クレジアソリューションズ",0
716,3012401044976,01,0,2026-10-07,2026-10-07,"株式会社森林",,301,"東京都","三鷹市","井の頭５丁目９番２１号",,13,204,1810001,,,,,,,2026-10-07,1,,,,,"シンリン",0
717,3012403006776,01,1,2026-10-07,2024-10-04,"みらい製作所合同会社",,305,"東京都","府中市","宮町２丁目７番地の６ＲＥＶＥ３０３",,13,206,1830023,,,,,,,2024-10-04,1,"Mirai Works LLC","Tokyo","REVE 303, 2-7-6 Miyamachi, Fuchu shi",,"ミライセイサクショ",0
718,3012701011718,12,0,2026-10-07,2026-10-05,"ＳＬＥ株式会社",,301,"東京都","板橋区","小豆沢４丁目２７－１１－４１５号室",,13,119,1740051,,,,,,,2015-10-05,1,,,,,"エスエルイー",0
719,3012702006683,01,1,2026-10-07,2015-10-05,"有限会社サンユー",,302,"東京都","東久留米市","新川町２丁目１番８号",,13,222,2030013,,,,,,,2015-10-05,1,,,,,"サンユー",0
720,3012801017359,01,1,2026-10-07,2016-07-08,"株式会社ＢＥＬＬＴＥＭＰＳ",,301,"東京都","日野市","西平山２丁目６番地の５３",,13,212,1910055,,,,,,,2016-07-08,1,,,,,"ベルトン",0
721,3012801025015,01,0,2026-10-07,2026-10-07,"メモリー建材株式会社",,301,"東京都","立川市","柴崎町３丁目８番５号立川ＮＸビル５階",,13,202,1900023,,,,,,,2026-10-07,1,,,,,"メモリーケンザイ",0
722,3012803004223,01,0,2026-10-07,2026-10-07,"ＳＴＵＤＩＯ　ＳＴＵＤＩＡ合同会社",,305,"東京都","日野市","東平山１丁目７番地の５",,13,212,1910054,,,,,,,2026-10-07,1,,,,,"スタジオストゥディア",0
723,3012805003033,21,0,2026-10-07,2026-09-09,"一般社団法人ＴＲＹ５",,399,"東京都","日野市","大字上田３３９番地の５",,13,212,1910014,,,2026-09-09,01,,,2021-07-02,1,,,,,"トライファイブ",0
724,3013301029984,12,0,2026-10-07,2026-10-05,"株式会社Ｂｉｒｔｈ",,301,"東京都","中央区","八丁堀４丁目５番４号",,13,102,1040032,,,,,,,2015-10-05,1,,,,,"バース",0
725,3013301032583,01,1,2026-10-07,2015-10-05,"株式会社ＳＴＯＣＫ１６",,301,"東京都","豊島区","東池袋２丁目２２番１号",,13,116,1700013,,,,,,,2015-10-05,0,,,,,,0
726,3013301032583,11,1,2026-10-07,2017-05-01,"株式会社ｈｏａｒｙ",,301,"東京都","豊島区","東池袋２丁目２２番１号",,13,116,1700013,,,,,,,2015-10-05,0,,,,,"ホーリー",0
727,3013301032583,12,1,2026-10-07,2017-05-09,"株式会社ｈｏａｒｙ",,301,"埼玉県","飯能市","新町２２番１６号",,11,209,3570004,,,,,,,2015-10-05,1,,,,,"ホーリー",0
728,3020001006495,12,0,2026-10-07,2026-10-02,"株式会社テクナレッジ・ジャパン",,301,"東京都","足立区","加賀２丁目３１番３－１３０６号",,13,121,1230861,,,,,,,2015-10-05,1,,,,,"テクナレッジジャパン",0
729,3020001098995,12,0,2026-10-07,2026-10-05,"ポールスター株式会社",,301,"東京都","北区","西が丘１丁目５番１０号",,13,117,1150056,,,,,,,2015-10-05,1,,,,,"ポールスター",0
730,3020001125171,12,0,2026-10-07,2026-09-28,"和嘉株式会社",,301,"千葉県","市川市","湊１５番６－１０３号カサグランデ８８",,12,203,2720131,,,,,,,2018-02-20,1,,,,,"ワカ",0
731,3020001163238,21,0,2026-10-07,2026-09-15,"株式会社ＨＡＬＭＯ",,301,"神奈川県","横浜市戸塚区","吉田町１０１２",,14,110,2440817,,,2026-09-15,01,,,2025-06-04,1,,,,,"ハルモ",0
732,3020001168815,12,0,2026-10-07,2026-10-01,"株式会社ＳＲＫコーポレーション",,301,"神奈川県","横浜市神奈川区","金港町５番地１４クアドリフォリオ８階",,14,102,2210056,,,,,,,2026-06-04,1,,,,,"エスアールケーコーポレーション",0
733,3020001169482,11,0,2026-10-07,2026-09-14,"コードマーク株式会社",,301,"神奈川県","横浜市金沢区","釜利谷東８丁目１９－１６",,14,108,2360042,,,,,,,2026-07-13,1,,,,,"コードマーク",0
734,3020001170531,01,0,2026-10-07,2026-10-07,"株式会社エアコン屋",,301,"神奈川県","横浜市磯子区","杉田９丁目１９番８号",,14,107,2350033,,,,,,,2026-10-07,1,,,,,"エアコンヤ",0
735,3020001170564,01,0,2026-10-07,2026-10-07,"株式会社ＦＬＥＸ　ＧＡＲＡＧＥ",,301,"神奈川県","横浜市西区","藤棚町１丁目８３番地",,14,103,2200053,,,,,,,2026-10-07,1,,,,,"フレックスガレージ",0
736,3020001170639,01,0,2026-10-07,2026-10-07,"株式会社閃",,301,"神奈川県","川崎市川崎区","大師駅前１丁目１２番６－１号",,14,131,2100802,,,,,,,2026-10-07,1,,,,,"セン",0
737,3020001170647,01,0,2026-10-07,2026-10-07,"株式会社ソラテク",,301,"神奈川県","横浜市泉区","和泉中央北２丁目４２番１８号",,14,116,2450024,,,,,,,2026-10-07,1,,,,,"ソラテク",0
738,3020002023135,01,1,2026-10-07,2015-10-05,"有限会社今村塗装工業",,302,"神奈川県","横浜市保土ケ谷区","境木町８８番地の５９",,14,106,2400034,,,,,,,2015-10-05,1,,,,,"イマムラトソウコウギョウ",0
739,3020002048140,01,1,2026-10-07,2015-10-05,"有限会社三村音楽教育研究所",00011021,302,"神奈川県","横浜市西区","浅間町３丁目１８４番地",,14,103,2200072,,,,,,,2015-10-05,1,,,,,"ミムラオンガクキョウイクケンキュウジョ",0
740,3020002067875,01,1,2026-10-07,2015-10-05,"有限会社フリーザトーン",,302,"神奈川県","横浜市都筑区","川和町２６８番地",,14,118,2240057,,,,,,,2015-10-05,1,,,,,"フリーザトーン",0
741,3020002089457,01,1,2026-10-07,2015-10-05,"有限会社関口ミルクプラント",,302,"神奈川県","川崎市高津区","末長２丁目１２番１３号",,14,134,2130013,,,,,,,2015-10-05,1,,,,,"セキグチミルクプラント",0
742,3020002095257,01,1,2026-10-07,2015-10-05,"有限会社ル・モンド",,302,"神奈川県","川崎市麻生区","上麻生６丁目１８番８号",,14,137,2150021,,,,,,,2015-10-05,1,,,,,"ルモンド",0
743,3020003011584,01,1,2026-10-07,2016-07-27,"ｈａｃｏ　ｓｔｙｌｅ合同会社",,305,"神奈川県","川崎市高津区","坂戸１丁目６番１３号",,14,134,2130012,,,,,,,2016-07-27,0,,,,,"ハコスタイル",0
744,3020003011584,12,1,2026-10-07,2018-02-15,"ｈａｃｏ　ｓｔｙｌｅ合同会社",,305,"東京都","足立区","綾瀬２丁目３３番６号",,13,121,1200005,,,,,,,2016-07-27,0,,,,,"ハコスタイル",0
745,3020003011584,12,1,2026-10-07,2026-09-08,"ｈａｃｏ　ｓｔｙｌｅ合同会社",,305,"東京都","足立区","千住柳町１８－７カーサデリーゾ１０１号室",,13,121,1200032,,,,,,,2016-07-27,1,,,,,"ハコスタイル",0
746,3020003014661,12,0,2026-10-07,2026-10-05,"合同会社Ｃｏｌｏｒｆｕｌ　Ｄａｙｓ",,305,"東京都","渋谷区","千駄ヶ谷５丁目２７番地３号やまとビル８階",,13,113,1510051,,,,,,,2018-07-27,1,,,,,"カラフルデイズ",0
747,3020003024223,01,1,2026-10-07,2023-07-11,"合同会社Ｒｅｍｏｎｔｅ",,305,"神奈川県","横浜市西区","北幸１丁目１１―１水信ビル７Ｆ",,14,103,2200004,,,,,,,2023-07-11,0,,,,,"レモンテ",0
748,3020003024223,12,1,2026-10-07,2024-08-19,"合同会社Ｒｅｍｏｎｔｅ",,305,"東京都","中央区","銀座７丁目１３番２０号銀座ＴＨビル９階",,13,102,1040061,,,,,,,2023-07-11,0,,,,,"レモンテ",0
749,3020003024223,11,1,2026-10-07,2025-05-09,"株式会社Ｒｅｍｏｎｔｅ",,301,"東京都","中央区","銀座７丁目１３番２０号銀座ＴＨビル９階",,13,102,1040061,,,,,,,2023-07-11,0,,,,,"レモンテ",0
750,3020003024223,12,1,2026-10-07,2025-06-23,"株式会社Ｒｅｍｏｎｔｅ",,301,"東京都","千代田区","有楽町１丁目６番３号日比谷潁川ビル",,13,101,1000006,,,,,,,2023-07-11,0,,,,,"レモンテ",0
751,3020003024223,12,0,2026-10-07,2026-10-05,"株式会社Ｒｅｍｏｎｔｅ",,301,"神奈川県","横浜市鶴見区","鶴見中央４丁目３７番３７－７０４号",,14,101,2300051,,,,,,,2023-07-11,1,,,,,"レモンテ",0
752,3020005007382,01,1,2026-10-07,2015-10-05,"宗教法人長福寺",,399,"神奈川県","川崎市多摩区","宿河原２丁目３６番２４号",,14,135,2140021,,,,,,,2015-10-05,1,,,,,"チョウフクジ",0
753,3021001076520,12,0,2026-10-07,2026-09-28,"株式会社ワンセレクトホーム",,301,"神奈川県","茅ヶ崎市","みずき４丁目１０番１８号",,14,207,2530088,,,,,,,2022-07-12,1,,,,,"ワンセレクトホーム",0
754,3021002028000,01,1,2026-10-07,2015-10-05,"有限会社イーエムサービス",,302,"神奈川県","相模原市中央区","田名８５０２番地",,14,152,2520244,,,,,,,2015-10-05,1,,,,,"イーエムサービス",0
755,3021003005056,01,1,2026-10-07,2015-10-05,"Ｇ‐ｃｏｌａｂ合同会社",,305,"神奈川県","茅ヶ崎市","東海岸北２丁目２番１０号",,14,207,2530053,,,,,,,2015-10-05,0,,,,,"ジーコラボ",0
756,3021003005056,12,1,2026-10-07,2025-04-21,"Ｇ‐ｃｏｌａｂ合同会社",,305,"神奈川県","相模原市中央区","上溝５丁目１－８",,14,152,2520243,,,,,,,2015-10-05,1,,,,,"ジーコラボ",0
757,3021003017943,01,0,2026-10-07,2026-10-07,"合同会社ｃｏｌｏｒｉｄｏ",,305,"神奈川県","茅ヶ崎市","赤松町１１番３４号サニーサイドイン辻堂ＩＩ３０１",00145179,14,207,2530013,,,,,,,2026-10-07,1,,,,,"コロリド",0
758,3021003017951,01,0,2026-10-07,2026-10-07,"オリエンシア合同会社",,305,"神奈川県","茅ヶ崎市","松浪１丁目１番２４－７号",,14,207,2530022,,,,,,,2026-10-07,1,,,,,"オリエンシア",0
759,3030001022129,01,1,2026-10-07,2015-10-05,"株式会社ダイワ保険サービス",,301,"埼玉県","蕨市","中央１丁目１１番５号",,11,223,3350004,,,,,,,2015-10-05,1,,,,,"ダイワホケンサービス",0
760,3030001048330,01,1,2026-10-07,2015-10-05,"光商事株式会社",,301,"東京都","渋谷区","西原２丁目１２番６号",,13,113,1510066,,,,,,,2015-10-05,1,,,,,"ヒカリショウジ",0
761,3030001087130,12,0,2026-10-07,2026-09-17,"森吉縫製株式会社",00015510,301,"埼玉県","行田市","佐間１丁目２９番５０号",,11,206,3610032,,,,,,,2015-10-05,1,,,,,"モリヨシホウセイ",0
762,3030001137091,11,0,2026-10-07,2026-09-07,"株式会社ＢＬＡＣＫ　ＳＴＯＮＥ",,301,"埼玉県","川口市","大字安行原２１５８番地１Ｓｏｌａｒｅ１０１",,11,203,3340057,,,,,,,2020-07-09,1,,,,,"ブラックストーン",0
763,3030001160250,12,0,2026-10-07,2026-09-18,"株式会社ＷｈａＧｗａａｎ",,301,"埼玉県","草加市","吉町４丁目１０番３８号",,11,221,3400017,,,,,,,2024-05-09,1,,,,,"ワーグワン",0
764,3030001174457,01,0,2026-10-07,2026-10-07,"株式会社フォレストサービス",,301,"埼玉県","越谷市","川柳町４丁目１１９番地１",,11,222,3430827,,,,,,,2026-10-07,1,,,,,"フォレストサービス",0
765,3030001174465,01,0,2026-10-07,2026-10-07,"株式会社エイアール",,301,"埼玉県","新座市","大和田４丁目７番１０号",,11,230,3520004,,,,,,,2026-10-07,1,,,,,"エイアール",0
766,3030002098432,12,0,2026-10-07,2026-09-18,"ライアンコンサルティング有限会社",,302,"埼玉県","入間郡毛呂山町","大字葛貫２３０番地１",,11,326,3500445,,,,,,,2015-10-05,0,,,,,"ライアンコンサルティング",0
767,3030002098432,11,0,2026-10-07,2026-09-18,"有限会社ｍｅｌｌｏｗ",,302,"埼玉県","入間郡毛呂山町","大字葛貫２３０番地１",,11,326,3500445,,,,,,,2015-10-05,1,,,,,"メロウ",0
768,3030003001551,21,0,2026-10-07,2026-09-30,"八王子開発合同会社",,305,"東京都","東村山市","多摩湖町１丁目１７番地４０",,13,213,1890026,,,2026-09-30,01,,,2015-10-05,1,,,,,"ハチオウジカイハツ",0
769,3040001096312,01,1,2026-10-07,2016-07-29,"株式会社曽子",,301,"千葉県","富津市","相川１１１７番地",,12,226,2991615,,,,,,,2016-07-29,1,,,,,"ソシ",0
770,3040001099059,01,1,2026-10-07,2017-03-01,"株式会社秋元工業",,301,"千葉県","市川市","宮久保３丁目３９番２４号",,12,203,2720822,,,,,,,2017-03-01,1,,,,,"アキモトコウギョウ",0
771,3040001145523,01,0,2026-10-07,2026-10-07,"株式会社ストーンブラック",,301,"千葉県","習志野市","津田沼１丁目１３番２４－２０７号",,12,216,2750016,,,,,,,2026-10-07,1,,,,,"ストーンブラック",0
772,3040002023109,01,1,2026-10-07,2015-10-05,"有限会社セイシン総業",,302,"千葉県","船橋市","咲が丘４丁目３２番８号",,12,204,2740807,,,,,,,2015-10-05,0,,,,,"セイシンソウギョウ",0
773,3040002023109,12,1,2026-10-07,2026-09-01,"有限会社セイシン総業",,302,"千葉県","船橋市","本町１丁目１０番１５号エストグランディール１３０１",,12,204,2730005,,,,,,,2015-10-05,1,,,,,"セイシンソウギョウ",0
774,3040002029667,01,1,2026-10-07,2015-10-05,"有限会社テオストレーディング",,302,"千葉県","八千代市","八千代台北７丁目８番地の３",,12,221,2760031,,,,,,,2015-10-05,0,,,,,"テオストレーディング",0
775,3040002029667,12,1,2026-10-07,2026-09-09,"有限会社テオストレーディング",,302,"千葉県","成田市","猿山１３４９番地５",,12,211,2890107,,,,,,,2015-10-05,1,,,,,"テオストレーディング",0
776,3040003009494,01,1,2026-10-07,2016-12-28,"合同会社ＣＨＩＢＡ　ＦＡＲＭ",,305,"千葉県","旭市","倉橋１３１５番地",,12,215,2892611,,,,,,,2016-12-28,1,,,,,"チバファーム",0
777,3050003010385,01,0,2026-10-07,2026-10-07,"合同会社ＴＡＢＩＹＡ",,305,"茨城県","ひたちなか市","西赤坂４００４番地３",,08,221,3111242,,,,,,,2026-10-07,1,,,,,"タビヤ",0
778,3060001039418,01,1,2026-10-07,2026-07-08,"ＴＨＡＹＥＲ株式会社",,301,"栃木県","足利市","朝倉町３丁目３番地１０",,09,202,3260823,,,,,,,2026-07-08,1,"THAYER Co., Ltd.","Tochigi","3-3-10, Asakura cho, Ashikaga shi",,"セイヤー",0
779,3060003006259,01,0,2026-10-07,2026-10-07,"合同会社Ｔａｍｐｅｒｅ",,305,"栃木県","真岡市","東光寺３丁目２０番地１６",,09,209,3214309,,,,,,,2026-10-07,1,,,,,"タンベレ",0
780,3060005010473,01,0,2026-10-07,2026-10-07,"医療法人廣和会",,399,"栃木県","宇都宮市","一の沢２丁目１番５号",,09,201,3200047,,,,,,,2026-10-07,1,,,,,"コウワカイ",0
781,3070001020104,12,0,2026-10-07,2026-09-29,"株式会社プレスト",,301,"群馬県","太田市","下浜田町１１７番地",,10,205,3730821,,,,,,,2015-10-05,1,,,,,"プレスト",0
782,3070001032990,01,1,2026-10-07,2016-12-27,"株式会社エムジェイ",,301,"群馬県","前橋市","小坂子町１８９８番地",,10,201,3710122,,,,,,,2016-12-27,1,,,,,"エムジェイ",0
783,3070001044549,01,0,2026-10-07,2026-10-07,"株式会社Ｒｅ．Ａｗａｋｅ",,301,"群馬県","高崎市","並榎町１９３番地１３",,10,202,3700802,,,,,,,2026-10-07,1,,,,,"リアウェイク",0
784,3070002021035,12,0,2026-10-07,2026-09-28,"伊勢崎興産有限会社",,302,"群馬県","高崎市","真町５９番地１の３０１",,10,202,3700054,,,,,,,2015-10-05,1,,,,,"イセサキコウサン",0
785,3080001007851,01,1,2026-10-07,2015-10-05,"株式会社カツテック",,301,"静岡県","静岡市清水区","北脇新田５８７番地の１",,22,103,4240051,,,,,,,2015-10-05,1,,,,,"カツテック",0
786,3080001024104,12,0,2026-10-07,2026-10-02,"株式会社Ａ－ＰＬＵＳ",,301,"静岡県","静岡市葵区","紺屋町１７番地の１葵タワー９階",,22,101,4200852,,,,,,,2021-04-07,1,,,,,"エープラス",0
787,3080005007682,12,0,2026-10-07,2026-10-01,"社会保険労務士法人みとら経営",,399,"静岡県","静岡市葵区","常磐町２丁目１３番地の４芥川ビル５Ｆ",,22,101,4200034,,,,,,,2025-04-04,0,,,,,"ミトラケイエイ",0
788,3080005007682,11,0,2026-10-07,2026-10-01,"社会保険労務士法人けやきサポート",,399,"静岡県","静岡市葵区","常磐町２丁目１３番地の４芥川ビル５Ｆ",,22,101,4200034,,,,,,,2025-04-04,1,,,,,"ケヤキサポート",0
789,3080103003708,01,0,2026-10-07,2026-10-07,"合同会社加藤商店",,305,"静岡県","富士宮市","黒田２１０―１",,22,207,4180034,,,,,,,2026-10-07,1,,,,,"カトウショウテン",0
790,3080401005975,01,1,2026-10-07,2015-10-05,"株式会社コンサルテイングきしよう",,301,"静岡県","湖西市","古見１０１０番地の１",,22,221,4310442,,,,,,,2015-10-05,0,,,,,"コンサルティングキシヨウ",0
791,3080401005975,12,0,2026-10-07,2026-10-02,"株式会社コンサルテイングきしよう",,301,"東京都","港区","北青山１丁目３番１号アールキューブ青山３階",,13,103,1070061,,,,,,,2015-10-05,1,,,,,"コンサルティングキシヨウ",0
792,3090003001100,12,0,2026-10-07,2026-10-02,"テンビーンズ合同会社",,305,"東京都","渋谷区","道玄坂１丁目１０番８号渋谷道玄坂東急ビル２Ｆ－Ｃ",,13,113,1500043,,,,,,,2015-10-05,1,,,,,"テンビーンズ",0
793,3090005007822,01,0,2026-10-07,2026-10-07,"特定非営利活動法人Ｕｎｉｔｅｄ　Ａｃａｄｅｍｙ",,399,"山梨県","甲斐市","大下条６７５番地ビューハイツ敷島５０２",,19,210,4000126,,,,,,,2026-10-07,1,,,,,"ユナイテッドアカデミー",0
794,3100001005720,01,1,2026-10-07,2015-10-05,"株式会社ＨＯＪＹＯコーポレーション",,301,"長野県","須坂市","大字小山２５５２番地３",,20,207,3820912,,,,,,,2015-10-05,1,,,,,"ホウジョウコーポレーション",0
795,3100001005893,01,1,2026-10-07,2015-10-05,"株式会社後島精工",,301,"長野県","須坂市","大字小河原２１７１番地５",,20,207,3820901,,,,,,,2015-10-05,1,,,,,"ゴトウセイコウ",0
796,3100002030131,01,1,2026-10-07,2015-10-05,"有限会社蓼科プランツ",,302,"長野県","茅野市","宮川４６８８番地",,20,214,3910013,,,,,,,2015-10-05,1,,,,,"タテシナプランツ",0
797,3100002031906,21,0,2026-10-07,2026-10-06,"有限会社みなみ製作所",,302,"長野県","岡谷市","川岸上４丁目９番３０号",,20,204,3940048,,,2026-10-06,01,,,2015-10-05,1,,,,,"ミナミセイサクショ",0
798,3100005010287,01,1,2026-10-07,2015-10-05,"特定目的会社ＩＭＣ第２",,399,"長野県","飯田市","知久町１丁目１０番地",,20,205,3950045,,,,,,,2015-10-05,1,,,,,"アイエムシーダイニ",0
799,3110001025817,71,0,2026-10-07,2026-09-24,"株式会社斉忠自動車",,301,"新潟県","長岡市","川崎町１５３７番地",,15,202,9400861,,,,,,"令和８年９月２０日新潟県長岡市栃尾山田町７番１８号有限会社ベンチャーズクリエーション斉忠（7110002031315）を合併",2015-10-05,1,,,,,"サイチュウジドウシャ",0
800,3110001032870,12,0,2026-10-07,2026-09-25,"株式会社エイケイワークス",,301,"新潟県","新潟市西区","小針南台３番３１号",,15,107,9502026,,,,,,,2017-12-11,1,,,,,"エイケイワークス",0
801,3110001040436,01,0,2026-10-07,2026-10-07,"株式会社まもりびと",,301,"新潟県","新潟市江南区","江口２００５番地１",,15,104,9500101,,,,,,,2026-10-07,1,,,,,"マモリビト",0
802,3110001040469,01,0,2026-10-07,2026-10-07,"株式会社ＲＫ機工",,301,"新潟県","上越市","大字福田５２９番地１０",,15,222,9420032,,,,,,,2026-10-07,1,,,,,"アールケイキコウ",0
803,3110002008936,11,0,2026-10-07,2026-09-24,"有限会社ライズ保険",,302,"新潟県","新潟市北区","新崎５０５５番地１",,15,101,9503134,,,,,,,2015-10-05,1,,,,,"ライズホケン",0
804,3120001014950,01,1,2026-10-07,2015-10-05,"株式会社サンワ",,301,"大阪府","大阪市中央区","材木町３番３号",,27,128,5400010,,,,,,,2015-10-05,1,,,,,"サンワ",0
805,3120001058345,12,0,2026-10-07,2026-10-02,"株式会社ボーサイプラント",,301,"大阪府","大阪市淀川区","加島１丁目４７番５号",,27,123,5320031,,,,,,,2015-10-05,1,,,,,"ボーサイプラント",0
806,3120001103423,12,0,2026-10-07,2026-10-02,"Ｅ－ＧＥＴ　ＬＯＧＩＳＴＩＣＳ株式会社",,301,"大阪府","大阪市中央区","平野町１丁目８番１３号平野町八千代ビル５階Ｃ室",,27,128,5410046,,,,,,,2015-10-05,1,,,,,"イーゲットロジスティクス",0
807,3120001230457,21,0,2026-10-07,2026-10-05,"株式会社ＡＤＡＭＡＳ",,301,"大阪府","大阪市淀川区","西中島６丁目３番２４号Ｎ４１６号",,27,123,5320011,,,2026-10-05,11,1011403002473,"令和８年９月１日東京都新宿区新宿一丁目２４番１２号ウミガメ株式会社（1011403002473）に合併し解散",2020-07-17,1,,,,,"アダマス",0
808,3120001243434,12,0,2026-10-07,2026-09-28,"ＷＥＬＴＲＡＤＥ株式会社",,301,"大阪府","大阪市北区","曾根崎新地１丁目１３番２２号",,27,127,5300002,,,,,,,2022-01-26,1,,,,,"ウェルトレード",0
809,3120001251247,21,0,2026-10-07,2026-10-01,"Ａｎｎａ株式会社",,301,"大阪府","大阪市中央区","千日前１丁目２番９号ＳＴ千日前４階",,27,128,5420074,,,2026-10-01,01,,,2022-12-23,1,,,,,"アンナ",0
810,3120001257178,12,0,2026-10-07,2026-10-01,"株式会社アストライブ",,301,"大阪府","高槻市","淀の原町５５－１０",,27,207,5690001,,,,,,,2023-08-10,1,,,,,"アストライブ",0
811,3120001260149,01,1,2026-10-07,2023-11-24,"東雲株式会社",,301,"大阪府","大阪市東淀川区","菅原３丁目８番９号プティハイム菅原７０５号室",,27,114,5330022,,,,,,,2023-11-24,0,,,,,"シノノメ",0
812,3120001260149,12,1,2026-10-07,2024-07-03,"東雲株式会社",,301,"大阪府","堺市堺区","楠町３丁３番１４－２号",,27,141,5900836,,,,,,,2023-11-24,0,,,,,"シノノメ",0
813,3120001260149,12,1,2026-10-07,2026-07-23,"東雲株式会社",,301,"大阪府","堺市堺区","南旅篭町東１丁１－２３コートダルジャン５０１号室",,27,141,5900965,,,,,,,2023-11-24,1,,,,,"シノノメ",0
814,3120001276384,12,0,2026-10-07,2026-09-29,"Ｌｉｎｋ株式会社",,301,"千葉県","市川市","下貝塚２丁目１６番３号",,12,203,2720821,,,,,,,2025-05-30,1,,,,,"リンク",0
815,3120001280163,21,0,2026-10-07,2026-10-01,"君影株式会社",,301,"大阪府","大阪市東住吉区","中野４丁目１番１６号リベラルオリエンテ中野２０４Ａ",,27,121,5460012,,,2026-10-01,01,,,2025-09-24,1,,,,,"クンエイ",0
816,3120001281509,12,0,2026-10-07,2026-09-29,"金汐株式会社",,301,"大阪府","大阪市東淀川区","大道南３丁目７番６号２階",,27,114,5330012,,,,,,,2025-10-29,1,,,,,"キンシオ",0
817,3120001288396,12,0,2026-10-07,2026-09-30,"株式会社Ｏｎ",,301,"大阪府","大阪市北区","梅田１丁目２番２号大阪駅前第２ビル１２－１２",,27,127,5300001,,,,,,,2026-08-13,1,,,,,"オン",0
818,3120001289452,01,0,2026-10-07,2026-10-07,"株式会社ＶＥＬＴ",,301,"大阪府","大阪市東淀川区","東中島２丁目８番２１－１３０１号",,27,114,5330033,,,,,,,2026-10-07,1,,,,,"ベルト",0
819,3120001289535,01,0,2026-10-07,2026-10-07,"株式会社ＧＡＲＰ",,301,"大阪府","大阪市西区","南堀江１丁目１１番１号",,27,106,5500015,,,,,,,2026-10-07,1,,,,,"ガープ",0
820,3120002007607,01,1,2026-10-07,2015-10-05,"有限会社アーバン平成",,302,"大阪府","大阪市城東区","成育２丁目１４番３号",,27,118,5360007,,,,,,,2015-10-05,0,,,,,,0
821,3120002007607,11,1,2026-10-07,2017-01-13,"株式会社佐竹工務店",,301,"大阪府","大阪市城東区","成育２丁目１４番３号",,27,118,5360007,,,,,,,2015-10-05,1,,,,,"サタケコウムテン",0
822,3120002052834,12,0,2026-10-07,2026-10-02,"有限会社龍ノ巣",,302,"東京都","渋谷区","神宮前２丁目３１番７号ビラ・グロリア２０４",,13,113,1500001,,,,,,,2015-10-05,1,,,,,"リュウノス",0
823,3120003023132,12,0,2026-10-07,2026-10-02,"合同会社Ｒ４",,305,"大阪府","大阪市中央区","南久宝寺町４丁目５番１７号２０２号",,27,128,5410058,,,,,,,2022-12-20,1,,,,,"アールフォー",0
824,3120003030475,21,0,2026-10-07,2026-09-14,"クロスライフソリューションズ合同会社",,305,"大阪府","大阪市都島区","内代町３丁目８－５、５１１号室",,27,102,5340013,,,2026-09-14,01,,,2025-09-05,1,,,,,"クロスライフソリューションズ",0
825,3120003032703,12,0,2026-10-07,2026-09-25,"合同会社ひふみ商店",,305,"大阪府","守口市","藤田町５丁目１８番８号",,27,209,5700014,,,,,,,2026-05-26,1,,,,,"ヒフミショウテン",0
826,3120003033593,01,0,2026-10-07,2026-10-07,"合同会社ＲＡＲＡ",,305,"大阪府","大阪市阿倍野区","文の里１丁目４番１５号クリサンテーム文の里２０１号",,27,119,5450004,,,,,,,2026-10-07,1,,,,,"ララ",0
827,3120101058666,12,0,2026-10-07,2026-10-02,"株式会社ＧＨＫ",,301,"大阪府","羽曳野市","羽曳が丘５丁目３番７号",,27,222,5830864,,,,,,,2018-08-24,1,,,,,"ジーエイチケー",0
828,3120101074481,01,0,2026-10-07,2026-10-07,"山忠横田水産株式会社",,301,"大阪府","阪南市","新町１８８番地の１",,27,232,5990205,,,,,,,2026-10-07,1,,,,,"ヤマチュウヨコタスイサン",0
829,3120102013471,21,0,2026-10-07,2026-09-30,"有限会社泉北ポンプリース",,302,"大阪府","堺市西区","平岡町２７番地の１",,27,144,5938307,,,2026-09-30,11,6120101023551,"令和８年９月３０日大阪府堺市西区平岡町２７番地１株式会社泉北ニシイ（6120101023551）に合併し解散",2015-10-05,1,,,,,"センボクポンプリース",0
830,3120103007373,01,0,2026-10-07,2026-10-07,"ＥＺメディカル合同会社",,305,"大阪府","堺市東区","大美野４０番１７号",,27,143,5998126,,,,,,,2026-10-07,1,,,,,"イーゼットメディカル",0
831,3120105005986,01,1,2026-10-07,2015-10-05,"天理教榮南分教会",,399,"大阪府","岸和田市","筋海町１３番１０号",,27,202,5960057,,,,,,,2015-10-05,1,,,,,"テンリキョウエイナンブンキョウカイ",0
832,3120901008639,21,0,2026-10-07,2026-10-02,"山商株式会社",,301,"大阪府","吹田市","江坂町２丁目７番２５号",,27,205,5640063,,,2026-10-02,01,,,2015-10-05,1,,,,,"ヤマショウ",0
833,3120901019017,12,0,2026-10-07,2026-10-01,"末光土地株式会社",,301,"大阪府","箕面市","粟生新家５丁目１４番１５号",,27,220,5620024,,,,,,,2015-10-05,1,,,,,"スエミツトチ",0
834,3120901022160,12,0,2026-10-07,2026-10-01,"れいわホームグループ株式会社",,301,"大阪府","豊中市","本町２丁目６－７",,27,203,5600021,,,,,,,2015-10-05,1,,,,,"レイワホームグループ",0
835,3120901053305,01,0,2026-10-07,2026-10-07,"ＹＦＦマネジメント株式会社",,301,"大阪府","箕面市","新稲７丁目１番５号の５",,27,220,5620005,,,,,,,2026-10-07,1,,,,,"ワイエフエフマネジメント",0
836,3120901053313,01,0,2026-10-07,2026-10-07,"株式会社伊東左官",,301,"大阪府","豊中市","曽根東町６丁目８番１１号",,27,203,5610802,,,,,,,2026-10-07,1,,,,,"イトウサカン",0
837,3120902000388,12,0,2026-10-07,2026-10-02,"有限会社Ｋ・Ｉ　ＤＥＮＳＯ",,302,"大阪府","高槻市","五領町１９番１６号",,27,207,5690016,,,,,,,2015-10-05,1,,,,,"ケーアイデンソー",0
838,3120905006928,01,0,2026-10-07,2026-10-07,"一般社団法人脳血管外科フォーラム",,399,"大阪府","吹田市","岸部新町６番１号",,27,205,5640018,,,,,,,2026-10-07,1,,,,,"ノウケッカンゲカフォーラム",0
839,3122001013040,01,1,2026-10-07,2015-10-05,"角谷一圭工房株式会社",,301,"大阪府","東大阪市","高井田西２丁目７番６号",,27,227,5770067,,,,,,,2015-10-05,1,,,,,"カクタニイッケイコウボウ",0
840,3122001025911,12,0,2026-10-07,2026-10-02,"株式会社モリケン",,301,"大阪府","大阪市中央区","森ノ宮中央１丁目２４番３号",,27,128,5400003,,,,,,,2015-10-05,1,,,,,"モリケン",0
841,3122001040951,01,0,2026-10-07,2026-10-07,"Ｂｌｕｅｂａｒｄホールディングス株式会社",,301,"大阪府","大東市","諸福３丁目８番４１号",,27,218,5740044,,,,,,,2026-10-07,1,,,,,"ブルーバードホールディングス",0
842,3130001006600,01,1,2026-10-07,2015-10-05,"株式会社聖護院御殿荘",,301,"京都府","京都市左京区","聖護院中町１５番地",,26,103,6068324,,,,,,,2015-10-05,1,,,,,,0
843,3130001007441,01,1,2026-10-07,2015-10-05,"株式会社メイワ",,301,"京都府","京都市左京区","吉田近衛町１４番地",,26,103,6068315,,,,,,,2015-10-05,0,,,,,,0
844,3130001007441,21,0,2026-10-07,2026-09-24,"株式会社メイワ",,301,"京都府","京都市左京区","吉田近衛町１４番地",,26,103,6068315,,,2026-09-24,01,,,2015-10-05,1,,,,,,0
845,3130001009743,01,1,2026-10-07,2015-10-05,"株式会社八木源かづら",,301,"京都府","京都市東山区","新門前通大和大路東入２丁目中之町２３９番地",,26,105,6050082,,,,,,,2015-10-05,1,,,,,"ヤギゲンカヅラ",0
846,3130001059482,01,1,2026-10-07,2017-03-29,"株式会社アズマ",,301,"京都府","京都市南区","西九条唐橋町３４番地２",,26,107,6018423,,,,,,,2017-03-29,1,,,,,"アズマ",0
847,3130001083136,01,0,2026-10-07,2026-10-07,"株式会社レーノ",,301,"京都府","木津川市","州見台７丁目１２－２７",,26,214,6190216,,,,,,,2026-10-07,1,,,,,"レーノ",0
848,3130001083169,01,0,2026-10-07,2026-10-07,"株式会社ネクストバリュー",,301,"京都府","木津川市","州見台４丁目１番地１０",,26,214,6190216,,,,,,,2026-10-07,1,,,,,"ネクストバリュー",0
849,3130003011730,01,0,2026-10-07,2026-10-07,"合同会社Ｅｓｔｉｌｏ",,305,"京都府","京都市東山区","今熊野南日吉町１４６番地４０",,26,105,6050953,,,,,,,2026-10-07,1,,,,,"エスティーロ",0
850,3130005000979,01,1,2026-10-07,2015-10-05,"正因寺",,399,"京都府","京都市下京区","土手町通正面下る紺屋町３８９番地",,26,106,6008130,,,,,,,2015-10-05,1,,,,,"ショウインジ",0
851,3140001018917,01,1,2026-10-07,2015-10-05,"養畑酒類販売株式会社",,301,"兵庫県","神戸市垂水区","上高丸１丁目２番７号",,28,108,6550017,,,,,,,2015-10-05,1,,,,,"ヨウハタシュルイハンバイ",0
852,3140001051637,21,0,2026-10-07,2026-09-24,"元浜金属株式会社",,301,"兵庫県","尼崎市","元浜町５丁目８５番地の１",,28,202,6600085,,,2026-09-24,01,,,2015-10-05,1,,,,,"モトハマキンゾク",0
853,3140001144184,01,0,2026-10-07,2026-10-07,"株式会社ＮＧＳ",,301,"兵庫県","神戸市東灘区","御影塚町２丁目２５番２３号",,28,101,6580044,,,,,,,2026-10-07,1,,,,,"エヌジーエス",0
854,3140003021539,21,0,2026-10-07,2026-09-30,"合同会社雅治正治",,305,"兵庫県","神戸市灘区","赤松町１丁目１番２８号",,28,102,6570061,,,2026-09-30,01,,,2025-01-17,1,,,,,"マサジマサハル",0
855,3140003024161,01,0,2026-10-07,2026-10-07,"合同会社木ココロ",,305,"兵庫県","朝来市","新井６２５番地",,28,225,6793431,,,,,,,2026-10-07,1,,,,,"キココロ",0
856,3150001009840,21,0,2026-10-07,2026-10-06,"株式会社粟子石材店",,301,"奈良県","宇陀市","榛原萩原２４８１番地",,29,212,6330253,,,2026-10-06,01,,,2015-10-05,1,,,,,"アワコセキザイテン",0
857,3150001014659,01,1,2026-10-07,2015-10-05,"株式会社大同ソイル",,301,"奈良県","御所市","５６８番地８",,29,208,6392200,,,,,,,2015-10-05,1,,,,,"ダイドウソイル",0
858,3150001023833,12,0,2026-10-07,2026-10-02,"株式会社アイ・ルミナス",,301,"大阪府","大阪市中央区","本町１丁目５番６号山甚ビル６階",,27,128,5410053,,,,,,,2020-06-12,1,,,,,"アイルミナス",0
859,3150001029285,01,0,2026-10-07,2026-10-07,"村尾興産株式会社",,301,"奈良県","香芝市","関屋北７丁目１０番３号",,29,210,6390254,,,,,,,2026-10-07,1,,,,,"ムラオコウサン",0
860,3160001027965,01,0,2026-10-07,2026-10-07,"フォレストテラス株式会社",,301,"滋賀県","草津市","青地町１２４８番地４",,25,206,5250041,,,,,,,2026-10-07,1,,,,,"フォレストテラス",0
861,3170001019276,01,0,2026-10-07,2026-10-07,"株式会社ＡＹＩＡＳ．ｄｉｎｉｎｇ",,301,"和歌山県","和歌山市","狐島５３６番地５",,30,201,6408412,,,,,,,2026-10-07,1,,,,,"アイアスダイニング",0
862,3170001019284,01,0,2026-10-07,2026-10-07,"エムエフ株式会社",,301,"和歌山県","有田郡有田川町","大字上中島５５９番地",,30,366,6430855,,,,,,,2026-10-07,1,,,,,"エムエフ",0
863,3170005000868,12,0,2026-10-07,2026-10-02,"一般社団法人和歌山県産業資源循環協会",,399,"和歌山県","和歌山市","広瀬通丁１丁目３６番地",,30,201,6408113,,,,,,,2015-10-05,1,,,,,"ワカヤマケンサンギョウシゲンジュンカンキョウカイ",0
864,3180001094764,01,1,2026-10-07,2015-10-05,"株式会社知多工業",,301,"愛知県","東海市","大田町堀切８６番地１",,23,222,4770031,,,,,,,2015-10-05,1,,,,,"チタコウギョウ",0
865,3180001124100,01,1,2026-10-07,2016-07-15,"株式会社テオ",,301,"愛知県","名古屋市南区","戸部町２丁目６３番地の２",,23,112,4570043,,,,,,,2016-07-15,1,,,,,"テオ",0
866,3180001173766,01,0,2026-10-07,2026-10-07,"株式会社一蓮",,301,"愛知県","名古屋市中村区","名駅３丁目４番１０号アルティメイト名駅１ｓｔ２階",,23,105,4500002,,,,,,,2026-10-07,1,,,,,"イチレン",0
867,3180001173816,01,0,2026-10-07,2026-10-07,"ＢＹＳホールディングス株式会社",,301,"愛知県","名古屋市熱田区","切戸町２丁目１６番地",,23,109,4560076,,,,,,,2026-10-07,1,,,,,"ビーワイエスホールディングス",0
868,3180001173824,01,0,2026-10-07,2026-10-07,"株式会社アソシエ",,301,"愛知県","一宮市","木曽川町黒田字神明前２７番地",,23,203,4930001,,,,,,,2026-10-07,1,,,,,"アソシエ",0
869,3180002067488,01,1,2026-10-07,2015-10-05,"有限会社村上",,302,"愛知県","春日井市","高蔵寺町６丁目５番地の１８",,23,206,4870013,,,,,,,2015-10-05,1,,,,,"ムラカミ",0
870,3180003019414,12,0,2026-10-07,2026-10-01,"株式会社グランリッチウェル",,301,"愛知県","豊田市","中根町町田９１番地４",,23,211,4730923,,,,,,,2018-11-05,1,,,,,"グランリッチウェル",0
871,3180005000743,01,1,2026-10-07,2015-10-05,"城山八幡宮",,399,"愛知県","名古屋市千種区","城山町２丁目８８番地",,23,101,4640045,,,,,,,2015-10-05,1,,,,,"シロヤマハチマングウ",0
872,3180005021707,01,0,2026-10-07,2026-10-07,"医療法人Ｃａｎｏｐｕｓ",,399,"愛知県","東海市","加木屋町栗見坂３３番地２",,23,222,4770032,,,,,,,2026-10-07,1,,,,,"カノープス",0
873,3180303005262,21,0,2026-10-07,2026-09-25,"合同会社ドリームワン",,305,"愛知県","安城市","美園町１丁目６番地４エスポワール美園１０４",,23,212,4460076,,,2026-09-25,01,,,2022-02-28,1,,,,,"ドリームワン",0
874,3190001010555,71,0,2026-10-07,2026-10-01,"松阪興産株式会社",,301,"三重県","松阪市","鎌田町２５３番地５",,24,204,5150005,,,,,,"令和８年１０月１日三重県津市香良洲町２６３番地今村酒造株式会社（8190001001491）を合併",2015-10-05,1,,,,,"マツサカコウサン",0
875,3190001026246,12,0,2026-10-07,2026-10-05,"株式会社谷岡",,301,"三重県","松阪市","大黒田町１９５番地１",,24,204,5150063,,,,,,,2019-03-11,0,,,,,"タニオカ",0
876,3190001026246,11,0,2026-10-07,2026-10-05,"株式会社伊勢ノ杜牧場",,301,"三重県","松阪市","大黒田町１９５番地１",,24,204,5150063,,,,,,,2019-03-11,1,,,,,"イセノモリボクジョウ",0
877,3190001033473,01,0,2026-10-07,2026-10-07,"株式会社昇力",,301,"三重県","四日市市","三ツ谷町１５番２２号",,24,202,5100802,,,,,,,2026-10-07,1,,,,,"ショウリキ",0
878,3190001033481,01,0,2026-10-07,2026-10-07,"株式会社ＭＪリース",,301,"三重県","鈴鹿市","深溝町３０４４番地の１",,24,207,5190321,,,,,,,2026-10-07,1,,,,,"エムジェイリース",0
879,3200001030799,12,0,2026-10-07,2026-09-25,"株式会社Ａｉ　Ｄｒｅａｍ　Ｐｌａｎｎｉｎｇ",,301,"岐阜県","岐阜市","敷島町１丁目１１番地２－３階",,21,201,5008369,,,,,,,2015-10-05,1,,,,,"アイドリームプランニング",0
880,3210001011823,01,1,2026-10-07,2015-10-05,"株式会社トーシン眼鏡製作所",,301,"福井県","越前市","小野谷町４字１番１４",,18,209,9150054,,,,,,,2015-10-05,1,,,,,"トーシンガンキョウセイサクジョ",0
881,3210001013076,12,0,2026-10-07,2026-09-30,"株式会社土直漆器",,301,"福井県","鯖江市","西袋町２１４番地",,18,207,9161221,,,,,,,2015-10-05,1,,,,,"ツチナオシッキ",0
882,3220002010294,01,1,2026-10-07,2015-10-05,"有限会社ウイザード",,302,"石川県","小松市","浜田町ホ１３０番地",,17,203,9230907,,,,,,,2015-10-05,1,,,,,"ウィザード",0
883,3230001011607,11,0,2026-10-07,2026-10-01,"株式会社ＴＯＭＯＳアウトソーシング",,301,"富山県","氷見市","窪６１５番地",,16,205,9350024,,,,,,,2015-10-05,1,,,,,"トモスアウトソーシング",0
884,3230001011623,11,0,2026-10-07,2026-10-01,"株式会社ＴＯＭＯＳコンサルティング",,301,"富山県","氷見市","窪６１５番地",,16,205,9350024,,,,,,,2015-10-05,1,,,,,"トモスコンサルティング",0
885,3240001067144,01,0,2026-10-07,2026-10-07,"株式会社Ｍｅｇｌｉａｓ",,301,"広島県","広島市安佐南区","上安１丁目１２－２アップス安東ＶＩ１０２号室",00145177,34,105,7310154,,,,,,,2026-10-07,1,,,,,"メグリアス",0
886,3240001067152,01,0,2026-10-07,2026-10-07,"株式会社ＡＪＩ",,301,"広島県","広島市東区","牛田中２丁目５番６号",,34,102,7320065,,,,,,,2026-10-07,1,,,,,"アジ",0
887,3240003007957,01,0,2026-10-07,2026-10-07,"Ｐｒｏｇｒｅｓｓ合同会社",,305,"広島県","福山市","駅家町倉光５５５番地７セジュールプランタンＣ１０１",,34,207,7210000,,,,,,,2026-10-07,1,,,,,"プログレス",0
888,3250001004501,01,1,2026-10-07,2015-10-05,"株式会社勝美",,301,"山口県","宇部市","大字東吉部３１７５番地３３",,35,202,7570401,,,,,,,2015-10-05,1,,,,,"カツミ",0
889,3250001006043,12,0,2026-10-07,2026-10-05,"株式会社中谷建設",,301,"山口県","下関市","小月本町１丁目１１４９番２２",,35,201,7501142,,,,,,,2015-10-05,1,,,,,"ナカタニケンセツ",0
890,3250001017668,12,0,2026-10-07,2026-10-05,"株式会社センショー",,301,"山口県","周南市","大字大河内２１００番地の１８８",,35,215,7450651,,,,,,,2019-04-16,1,,,,,"センショー",0
891,3250002005746,21,0,2026-10-07,2026-10-05,"有限会社まつばら薬局",,302,"山口県","宇部市","中央町２丁目１２番９号",,35,202,7550045,,,2026-10-05,01,,,2015-10-05,1,,,,,"マツバラヤッキョク",0
892,3250002008492,21,0,2026-10-07,2026-10-01,"有限会社オプト商会",,302,"山口県","下関市","綾羅木本町１丁目１１番１５号",,35,201,7510849,,,2026-10-01,01,,,2015-10-05,1,,,,,"オプトショウカイ",0
893,3260002020513,21,0,2026-10-07,2026-09-30,"有限会社パルサービス",,302,"岡山県","倉敷市","南町７番２６号",,33,202,7100823,,,2026-09-30,01,,,2015-10-05,1,,,,,"パルサービス",0
894,3270002001966,01,1,2026-10-07,2015-10-05,"有限会社山崎工業",00004304,302,"鳥取県","鳥取市","徳尾４４３番地の３",,31,201,6800934,,,,,,,2015-10-05,1,,,,,"ヤマサキコウギョウ",0
895,3290001062314,01,1,2026-10-07,2015-10-05,"株式会社Ｆｏｕｒ　Ｌｅａｆ",,301,"福岡県","小郡市","津古４８５番地４２",,40,216,8380102,,,,,,,2015-10-05,1,,,,,"フォーリーフ",0
896,3290001115641,01,0,2026-10-07,2026-10-07,"キューデンホールディングス株式会社",,301,"福岡県","福岡市中央区","渡辺通２丁目１番８２号",,40,133,8100004,,,,,,,2026-10-07,1,,,,,"キューデンホールディングス",0
897,3290001115708,01,0,2026-10-07,2026-10-07,"Ａｕｒｅｖｉａ　Ｔｅｃｈｎｏｌｏｇｙ株式会社",,301,"福岡県","福岡市西区","九大新町４番地１福岡産学連携交流センター（Ｆｉａｓ）１０８号室",,40,135,8190388,,,,,,,2026-10-07,1,,,,,"オーレヴィアテクノロジー",0
898,3290001115732,01,0,2026-10-07,2026-10-07,"株式会社ＲＹＯＤＡＩ",,301,"福岡県","那珂川市","恵子１丁目１６番地（Ｏａｋｈｉｌｌｓ１７－５０３号）",,40,231,8111255,,,,,,,2026-10-07,1,,,,,"リョウダイ",0
899,3290001115749,01,0,2026-10-07,2026-10-07,"天成投資株式会社",,301,"福岡県","福岡市中央区","大名２丁目１０番４号シャンボール大名Ｄ棟１４０１号",,40,133,8100041,,,,,,,2026-10-07,1,,,,,"テンセイトウシ",0
900,3290001115765,01,0,2026-10-07,2026-10-07,"株式会社ＲＯＯＴ１０６",,301,"福岡県","久留米市","田主丸町中尾５２６番地１",,40,203,8391216,,,,,,,2026-10-07,1,,,,,"ルートイチマルロク",0
901,3290005016349,01,1,2026-10-07,2017-04-06,"医療法人原田内科医院",,399,"福岡県","久留米市","国分町７７５番地",,40,203,8390863,,,,,,,2017-04-06,1,,,,,"ハラダナイカイイン",0
902,3290801003806,22,0,2026-10-07,2026-09-18,"株式会社ヤスニシ印刷",,301,"福岡県","北九州市小倉北区","井堀３丁目６番１０号",,40,106,8030835,,,,,,,2015-10-05,1,,,,,"ヤスニシインサツ",0
903,3300001014767,01,0,2026-10-07,2026-10-07,"株式会社嘉門",,301,"佐賀県","鳥栖市","京町７２７－５グランツ鳥栖駅前２階",,41,203,8410034,,,,,,,2026-10-07,1,,,,,"カモン",0
904,3300002008149,01,1,2026-10-07,2015-10-05,"有限会社宮本薬局",,302,"佐賀県","伊万里市","立花町１８９１番地１０",,41,205,8480027,,,,,,,2015-10-05,0,,,,,"ミヤモトヤッキョク",0
905,3300002008149,12,1,2026-10-07,2026-09-30,"有限会社宮本薬局",,302,"佐賀県","伊万里市","二里町八谷搦１０４１番地",,41,205,8480031,,,,,,,2015-10-05,1,,,,,"ミヤモトヤッキョク",0
906,3310003004526,01,1,2026-10-07,2023-03-23,"合同会社Ａｔｈｅｎａ",,305,"長崎県","佐世保市","吉岡町７９２－２",,42,202,8570143,,,,,,,2023-03-23,1,,,,,"アテナ",0
907,3310005008938,01,0,2026-10-07,2026-10-07,"一般社団法人ＮＡＧＡＳＡＫＩ未来会議",,399,"長崎県","長崎市","古川町５番７号",,42,201,8500851,,,,,,,2026-10-07,1,,,,,"ナガサキミライカイギ",0
908,3320001004667,01,1,2026-10-07,2015-10-05,"クロメカンパニー株式会社",,301,"大分県","大分市","大字小池原８９５番地の１",,44,201,8700147,,,,,,,2015-10-05,1,,,,,"クロメカンパニー",0
909,3320003004401,12,0,2026-10-07,2026-10-01,"合同会社心ビューティ",,305,"大分県","別府市","朝見２丁目２５－８３",,44,202,8740812,,,,,,,2024-06-27,1,,,,,"シンビューティ",0
910,3330001004039,01,1,2026-10-07,2015-10-05,"株式会社福盛屋",,301,"熊本県","熊本市東区","健軍２丁目２０番１９号",,43,102,8620911,,,,,,,2015-10-05,1,,,,,"フクモリヤ",0
911,3330001020770,21,0,2026-10-07,2026-10-01,"株式会社フォーエス",,301,"熊本県","熊本市東区","保田窪４丁目１４番９７号",,43,102,8620926,,,2026-10-01,11,8330002011236,"令和８年１０月１日熊本市東区保田窪四丁目１４番９７号株式会社吉野実業（8330002011236）に合併し解散",2015-10-05,1,,,,,"フォーエス",0
912,3330005009661,01,1,2026-10-07,2017-05-01,"一般社団法人ＮＭＥ研究所",,399,"熊本県","熊本市中央区","水前寺１丁目１０番１号奥村ビル２０１",,43,101,8620950,,,,,,,2017-05-01,0,,,,,"エヌエムイーケンキュウジョ",0
913,3330005009661,12,1,2026-10-07,2020-05-11,"一般社団法人ＮＭＥ研究所",,399,"熊本県","熊本市北区","植木町滴水９８２番地",,43,105,8610133,,,,,,,2017-05-01,1,,,,,"エヌエムイーケンキュウジョ",0
914,3350001001538,21,0,2026-10-07,2026-10-01,"株式会社ヘアースカイ智",,301,"宮崎県","宮崎市","大字本郷南方４１４０番地１",,45,201,8800921,,,2026-10-01,01,,,2015-10-05,1,,,,,"ヘアースカイトモ",0
915,3350001007031,21,0,2026-10-07,2026-10-02,"株式会社宮崎エルピーガス供給センター",,301,"宮崎県","延岡市","別府町３５７２番地",,45,203,8820861,,,2026-10-02,01,,,2015-10-05,1,,,,,"ミヤザキエルピーガスキョウキュウセンター",0
916,3350001019340,12,0,2026-10-07,2026-10-06,"株式会社グリーンダイニング",,301,"宮崎県","日向市","大字財光寺６６８番地２",,45,206,8830021,,,,,,,2024-12-27,1,,,,,"グリーンダイニング",0
917,3360001037325,01,0,2026-10-07,2026-10-07,"株式会社ＴＳＫ",,301,"沖縄県","中頭郡中城村","字安里１９５番地３セダムパーク２０２",,47,328,9012407,,,,,,,2026-10-07,1,,,,,"ティエスケイ",0
918,3360002007748,21,0,2026-10-07,2026-09-10,"有限会社薬峰",,302,"沖縄県","那覇市","安謝２丁目２５番１６号",,47,201,9000003,,,2026-09-10,01,,,2015-10-05,1,,,,,"ヤクホウ",0
919,3360002008804,01,1,2026-10-07,2015-10-05,"有限会社ヘルスプラザミッキー",,302,"沖縄県","豊見城市","字宜保１５２番地コーポパークサイド１ーＡ",,47,212,9010244,,,,,,,2015-10-05,0,,,,,"ヘルスプラザミッキー",0
920,3360002008804,12,1,2026-10-07,2018-02-26,"有限会社ヘルスプラザミッキー",,302,"沖縄県","豊見城市","宜保２丁目１番地１１コーポパークサイド１Ｆ",,47,212,9010244,,,,,,,2015-10-05,1,,,,,"ヘルスプラザミッキー",0
921,3360002017813,01,1,2026-10-07,2015-10-05,"有限会社トニー",,302,"沖縄県","宜野湾市","真栄原３丁目１３番２７号",,47,205,9012215,,,,,,,2015-10-05,1,,,,,"トニー",0
922,3360003012409,12,0,2026-10-07,2026-09-08,"琉球コンパス合同会社",,305,"沖縄県","那覇市","牧志２丁目１７番２７号４０１",,47,201,9000013,,,,,,,2022-11-02,1,,,,,"リュウキュウコンパス",0
923,3370001022227,12,0,2026-10-07,2026-09-24,"Ｌｉｆｅ　Ｔｈｙｍｅ　Ｐｌｕｓ株式会社",,301,"宮城県","仙台市太白区","秋保町馬場字新田町８８番１３号",,04,104,9820244,,,,,,,2015-10-05,1,,,,,"ライフタイムプラス",0
924,3370001040328,01,1,2026-10-07,2016-10-12,"株式会社陸奥工業",,301,"宮城県","仙台市宮城野区","岩切字観音前４９番地の４３",,04,102,9830821,,,,,,,2016-10-12,1,,,,,"ムツコウギョウ",0
925,3370001054278,01,0,2026-10-07,2026-10-07,"株式会社特殊伐採技術",,301,"宮城県","栗原市","築館薬師３丁目８番３４号",,04,213,9872252,,,,,,,2026-10-07,1,,,,,"トクシュバッサイギジュツ",0
926,3370001054294,01,0,2026-10-07,2026-10-07,"株式会社ＲＡＶＩＮ",,301,"宮城県","仙台市青葉区","中央１丁目６番３５号東京建物仙台ビル１４階",,04,101,9800021,,,,,,,2026-10-07,1,,,,,"ラヴィーン",0
927,3380001015972,12,0,2026-10-07,2026-09-17,"大森プランツ株式会社",,301,"福島県","南相馬市","小高区川房字北石名坂６番地の１",,07,212,9792164,,,,,,,2015-10-05,1,,,,,"オオモリプランツ",0
928,3380002020492,12,0,2026-10-07,2026-09-30,"有限会社シマ産機工業",,302,"福島県","岩瀬郡鏡石町","成田原町１８６番地９",,07,342,9690402,,,,,,,2015-10-05,1,,,,,"シマサンキコウギョウ",0
929,3380002027083,12,0,2026-10-07,2026-10-01,"有限会社ビデオレビュー",,302,"福島県","いわき市","中部工業団地１１番地",,07,204,9728338,,,,,,,2015-10-05,1,,,,,"ビデオレビュー",0
930,3380005009905,01,1,2026-10-07,2015-10-05,"高倉神社",,399,"福島県","南会津郡下郷町","大字大内字大谷地１５４番地",,07,362,9695207,,,,,,,2015-10-05,1,,,,,"タカクラジンジャ",0
931,3400001009328,21,0,2026-10-07,2026-09-24,"株式会社うわの",,301,"岩手県","九戸郡洋野町","大野第３２地割３１番地３",,03,507,0288802,,,2026-09-24,01,,,2015-10-05,1,,,,,"ウワノ",0
932,3400003003790,01,0,2026-10-07,2026-10-07,"フリーゲート合同会社",,305,"岩手県","花巻市","南諏訪町１２番地１５",,03,205,0250034,,,,,,,2026-10-07,1,,,,,,0
933,3430001048711,71,0,2026-10-07,2026-10-01,"株式会社マツオ",,301,"北海道","滝川市","流通団地１丁目６番１２号",,01,225,0730025,,,,,,"令和８年１０月１日札幌市北区北二十四条西三丁目１番７号有限会社山下館（2430002046244）を合併",2015-10-05,1,,,,,"マツオ",0
934,3430001066036,12,0,2026-10-07,2026-10-01,"株式会社ＹＫフーズ",,301,"北海道","北広島市","大曲南ヶ丘３丁目５番地２",,01,234,0611275,,,,,,,2015-10-05,1,,,,,"ワイケーフーズ",0
935,3430001083816,12,0,2026-10-07,2026-10-02,"株式会社トラディール",,301,"北海道","札幌市中央区","南五条西６丁目８ＲＩＳＥビル３０２号",,01,101,0640805,,,,,,,2021-04-13,1,,,,,"トラディール",0
936,3430002008326,01,1,2026-10-07,2015-10-05,"有限会社佐賀技研",,302,"北海道","札幌市北区","新川五条１６丁目３番７号",,01,102,0010925,,,,,,,2015-10-05,1,,,,,"サガギケン",0
937,3430002049931,01,1,2026-10-07,2015-10-05,"有限会社ライト",,302,"北海道","岩見沢市","一条西６丁目９番地４",,01,210,0680021,,,,,,,2015-10-05,1,,,,,"ライト",0
938,3430002054361,01,1,2026-10-07,2015-10-05,"有限会社小林タイヤ商会",,302,"北海道","小樽市","築港８番２号",,01,203,0470008,,,,,,,2015-10-05,1,,,,,"コバヤシタイヤショウカイ",0
939,3430003002047,12,0,2026-10-07,2026-10-02,"北海シビルエンジ株式会社",,301,"北海道","札幌市豊平区","月寒西一条１０丁目５番７２号大協ビル２階",,01,105,0620021,,,,,,,2015-10-05,1,,,,,"ホッカイシビルエンジ",0
940,3430003004695,01,1,2026-10-07,2015-10-05,"堂前電気制御合同会社",,305,"北海道","石狩郡当別町","字東裏１３６番地",,01,303,0610213,,,,,,,2015-10-05,0,,,,,"ドウマエデンキセイギョ",0
941,3430003004695,12,1,2026-10-07,2026-10-01,"堂前電気制御合同会社",,305,"北海道","石狩郡当別町","樺戸町５２番地３４",,01,303,0610218,,,,,,,2015-10-05,1,,,,,"ドウマエデンキセイギョ",0
942,3430003006089,21,0,2026-10-07,2026-10-01,"合同会社カスケード",,305,"北海道","札幌市厚別区","上野幌三条５丁目２番２１号",,01,108,0040033,,,2026-10-01,01,,,2015-10-05,1,,,,,"カスケード",0
943,3430003016518,12,0,2026-10-07,2026-09-30,"合同会社ＶＡＬＯＲＡＤＯ",,305,"北海道","札幌市中央区","南六条西１３丁目２番２号（大富パレス１号室）",,01,101,0640806,,,,,,,2024-07-04,1,,,,,"ヴァロラード",0
944,3430003019479,01,0,2026-10-07,2026-10-07,"合同会社山内フーズ",,305,"北海道","苫小牧市","音羽町２丁目１５番１４号",,01,213,0530044,,,,,,,2026-10-07,1,,,,,"ヤマウチフーズ",0
945,3430003019487,01,0,2026-10-07,2026-10-07,"合同会社Ｏｆｆｉｃｅ１３４",,305,"北海道","札幌市豊平区","福住二条９丁目１３番１号",,01,105,0620042,,,,,,,2026-10-07,1,,,,,"オフィスヒサヨ",0
946,3430003019495,01,0,2026-10-07,2026-10-07,"合同会社山本ファーム",,305,"北海道","勇払郡厚真町","字厚和１００番地の７",,01,581,0591748,,,,,,,2026-10-07,1,,,,,"ヤマモトファーム",0
947,3430003019512,01,0,2026-10-07,2026-10-07,"合同会社Ｉ．ｂｉｓ．ｃｏｎｓｕｌｔｉｎｇＬＡＢ",,305,"北海道","札幌市中央区","南二条東４丁目２番地１‐８０３号",,01,101,0600052,,,,,,,2026-10-07,1,,,,,"アイビスコンサルティングラボ",0
948,3440002008738,21,0,2026-10-07,2026-10-02,"有限会社小泉写真館",,302,"北海道","山越郡長万部町","字長万部７９番地の９",,01,347,0493521,,,2026-10-02,01,,,2015-10-05,1,,,,,,0
949,3440003001808,01,0,2026-10-07,2026-10-07,"合同会社十三年",,305,"北海道","函館市","鍛治２丁目２７番１号",,01,202,0410852,,,,,,,2026-10-07,1,,,,,"トミトシ",0
950,3450001008853,71,0,2026-10-07,2026-10-01,"井原水産株式会社",,301,"北海道","留萌市","船場町１丁目２４番地",,01,212,0770005,,,,,,"令和８年１０月１日北海道留萌市東雲町一丁目３５番地株式会社留萌水産加工団地（6450005003179）を合併",2015-10-05,1,,,,,"イハラスイサン",0
951,3470001020823,12,0,2026-10-07,2026-10-01,"株式会社グラム",,301,"香川県","高松市","花園町１丁目７番８号渡辺ビル１Ｆ",,37,201,7600072,,,,,,,2025-07-30,1,,,,,"グラム",0
952,3470001021458,01,0,2026-10-07,2026-10-07,"株式会社田所匠建工",,301,"香川県","善通寺市","原田町９２４番地",,37,204,7650032,,,,,,,2026-10-07,1,,,,,"タドコロショウケンコウ",0
953,3470002015327,01,1,2026-10-07,2015-10-05,"有限会社古田エネルギー",,302,"香川県","坂出市","白金町３丁目１０番１１号",,37,203,7620042,,,,,,,2015-10-05,1,,,,,"フルタエネルギー",0
954,3480001011796,12,0,2026-10-07,2026-09-30,"株式会社ＧＴダイナーズ",,301,"徳島県","徳島市","籠屋町１丁目２４Ｍ．Ｋビル１階",,36,201,7700914,,,,,,,2022-07-13,0,,,,,"ジーティーダイナーズ",0
955,3480001011796,11,0,2026-10-07,2026-09-30,"株式会社ａｚａｌｅａ",,301,"徳島県","徳島市","籠屋町１丁目２４Ｍ．Ｋビル１階",,36,201,7700914,,,,,,,2022-07-13,1,,,,,"アザレア",0
956,3490001004626,21,0,2026-10-07,2026-10-05,"株式会社えがお",,301,"高知県","高知市","針木本町４０番地１６",,39,201,7808088,,,2026-10-05,01,,,2015-10-05,1,,,,,"エガオ",0
957,3490001011449,01,0,2026-10-07,2026-10-07,"株式会社ＮＥＸＣＯＲＥ",,301,"高知県","宿毛市","片島１３番６０号１４－１",,39,208,7880013,,,,,,,2026-10-07,1,,,,,"ネクスコア",0
958,3490003002207,01,0,2026-10-07,2026-10-07,"合同会社やまももコミュニティデザインラボ",,305,"高知県","高知市","瀬戸南町２丁目８－５０",,39,201,7810253,,,,,,,2026-10-07,1,,,,,"ヤマモモコミュニティデザインラボ",0
959,3500001005663,01,1,2026-10-07,2015-10-05,"平岡特殊建設株式会社",,301,"愛媛県","松山市","土居町１１１０番地４",,38,201,7911115,,,,,,,2015-10-05,1,,,,,"ヒラオカトクシュケンセツ",0
960,3500001026809,12,0,2026-10-07,2026-10-05,"株式会社ＫＡＮＡＭＥ",,301,"愛媛県","松山市","石手２丁目８番２１－３号",,38,201,7900852,,,,,,,2026-03-09,1,,,,,"カナメ",0
961,3500001027170,01,0,2026-10-07,2026-10-07,"株式会社ガジュマルカンパニー",,301,"愛媛県","松山市","土居田町７２番地",,38,201,7900056,,,,,,,2026-10-07,1,,,,,"ガジュマルカンパニー",0
962,3700150101549,12,0,2026-10-07,2026-09-12,"すかいらーくグループ健康保険組合",,499,"東京都","武蔵野市","中町１丁目１９－３　武蔵野ＹＳビル７Ｆ",,13,203,1800006,,,,,,,2020-12-28,1,,,,,"スカイラークグループケンコウホケンクミアイ",0
963,4010001082768,12,0,2026-10-07,2026-10-01,"株式会社第一放射線",,301,"千葉県","柏市","あけぼの１丁目８番２０号",,12,217,2770841,,,,,,,2015-10-05,1,,,,,"ダイイチホウシャセン",0
964,4010001129882,21,0,2026-10-07,2026-09-08,"株式会社サンシャイン",,301,"東京都","中央区","銀座４丁目１３番１８号医療ビル",,13,102,1040061,,,2026-09-08,01,,,2015-10-05,1,,,,,"サンシャイン",0
965,4010001142076,12,0,2026-10-07,2026-10-02,"株式会社ユーピーアール",,301,"東京都","中央区","新川１丁目３番２１号",,13,102,1040033,,,,,,,2015-10-05,1,,,,,"ユーピーアール",0
966,4010001150756,21,0,2026-10-07,2026-09-28,"株式会社シンプレクス・リスク・マネジメント",,301,"東京都","渋谷区","渋谷３丁目６番２号エクラート渋谷５Ｆ",,13,113,1500002,,,2026-09-28,01,,,2015-10-05,1,,,,,"シンプレクスリスクマネジメント",0
967,4010001177188,01,1,2026-10-07,2016-07-26,"株式会社ファミリータイズ",,301,"東京都","中央区","銀座７丁目５－４毛利ビル５階Ｓ",,13,102,1040061,,,,,,,2016-07-26,0,,,,,"ファミリータイズ",0
968,4010001177188,12,1,2026-10-07,2026-09-09,"株式会社ファミリータイズ",,301,"東京都","中央区","銀座１丁目２２番１１号銀座大竹ビジデンス２Ｆ",,13,102,1040061,,,,,,,2016-07-26,1,,,,,"ファミリータイズ",0
969,4010001177304,21,0,2026-10-07,2026-10-05,"株式会社ＦＰ－ＭＹＳ",,301,"北海道","札幌市中央区","南二条東２丁目７番地１（２Ｆ）",,01,101,0600052,,,2026-10-05,01,,,2016-07-29,1,,,,,"エフピーマイズ",0
970,4010001221474,21,0,2026-10-07,2026-09-07,"５Ｐ　ＷＯＲＬＤ　ＨＶ株式会社",,301,"東京都","中央区","築地２丁目１０番１０号",,13,102,1040045,,,2026-09-07,01,,,2021-10-01,1,,,,,"ファイブピーワールドエイチブイ",0
971,4010001234187,12,0,2026-10-07,2026-09-29,"メディアプレイ株式会社",,301,"千葉県","いすみ市","大原１１３３３番地１",,12,238,2980004,,,,,,,2023-04-07,1,,,,,"メディアプレイ",0
972,4010001258335,12,0,2026-10-07,2026-10-05,"ＷＥＬＩＫＥ株式会社",,301,"東京都","大田区","蒲田本町２丁目１３番１号",,13,111,1440053,,,,,,,2025-09-09,1,,,,,"ウィーライク",0
973,4010001265356,01,1,2026-10-07,2026-05-13,"ＢＴ２ホールディングス株式会社",,301,"東京都","千代田区","丸の内２丁目４番１号",,13,101,1000005,,,,,,,2026-05-13,0,,,,,,0
974,4010001265356,21,0,2026-10-07,2026-10-02,"ＢＴ２ホールディングス株式会社",,301,"東京都","千代田区","丸の内２丁目４番１号",,13,101,1000005,,,2026-10-02,11,6120001087837,"令和８年９月２８日大阪市中央区城見二丁目１番６１号株式会社ビット（6120001087837）に合併し解散",2026-05-13,1,,,,,,0
975,4010001265843,12,0,2026-10-07,2026-10-05,"株式会社メラリ",,301,"東京都","新宿区","新宿１丁目１４番２号ＡＳビル４０１",,13,104,1600022,,,,,,,2026-06-05,1,,,,,"メラリ",0
976,4010001269349,01,0,2026-10-07,2026-10-07,"株式会社ＪＢビズサービス",,301,"東京都","中央区","勝どき３丁目１３番１号",,13,102,1040054,,,,,,,2026-10-07,1,,,,,"ジェービービスサービス",0
977,4010001269357,01,0,2026-10-07,2026-10-07,"株式会社武田菱ホールディングス",,301,"東京都","中央区","日本橋富沢町１１番１号",,13,102,1030006,,,,,,,2026-10-07,1,,,,,"タケダビシホールディングス",0
978,4010001269373,01,0,2026-10-07,2026-10-07,"株式会社アイデアルグループ",,301,"東京都","千代田区","飯田橋３丁目１１番１３号飯田橋ｉ－ＭＡＲＫＡＮＮＥＸ７Ｆ",,13,101,1020072,,,,,,,2026-10-07,1,,,,,"アイデアルグループ",0
979,4010001269381,01,0,2026-10-07,2026-10-07,"株式会社光和サービスイースト",,301,"東京都","中央区","築地１丁目９－１１－４０２",,13,102,1040045,,,,,,,2026-10-07,1,,,,,"コウワサービスイースト",0
980,4010001269472,01,0,2026-10-07,2026-10-07,"株式会社ＦＬＩＰ第３９９号",,301,"東京都","千代田区","丸の内２丁目７番２号",,13,101,1000005,,,,,,,2026-10-07,1,,,,,"エフエルアイピーダイサンビャクキュウジュウキュウゴウ",0
981,4010001269480,01,0,2026-10-07,2026-10-07,"株式会社ＦＬＩＰ第４０７号",,301,"東京都","千代田区","丸の内２丁目７番２号",,13,101,1000005,,,,,,,2026-10-07,1,,,,,"エフエルアイピーダイヨンヒャクナナゴウ",0
982,4010001269489,01,0,2026-10-07,2026-10-07,"株式会社ＦＬＩＰ第４１６号",,301,"東京都","千代田区","丸の内２丁目７番２号",,13,101,1000005,,,,,,,2026-10-07,1,,,,,"エフエルアイピーダイヨンヒャクジュウロクゴウ",0
983,4010001269497,01,0,2026-10-07,2026-10-07,"株式会社ＳＨＩＰ第１０５６号",,301,"東京都","千代田区","丸の内２丁目７番２号",,13,101,1000005,,,,,,,2026-10-07,1,,,,,"エスエイチアイピーダイセンゴジュウロクゴウ",0
984,4010003041276,12,0,2026-10-07,2026-10-05,"ｈｍｃｍ合同会社",,305,"東京都","港区","北青山３丁目４番３－１４１４号",,13,103,1070061,,,,,,,2023-08-04,1,,,,,"エイチエムシーエム",0
985,4010003052843,01,0,2026-10-07,2026-10-07,"合同会社アシスト",,305,"東京都","千代田区","神田和泉町１番地５－６－１階",,13,101,1010024,,,,,,,2026-10-07,1,,,,,"アシスト",0
986,4010003052950,01,0,2026-10-07,2026-10-07,"ＢｕＰａｙ合同会社",,305,"東京都","千代田区","神田須田町１丁目７番８号ＶＯＲＴ秋葉原ＩＶ２階",,13,101,1010041,,,,,,,2026-10-07,1,,,,,"ブペイ",0
987,4010005035929,12,0,2026-10-07,2026-09-02,"行政書士法人さくら事務所",,399,"東京都","千代田区","岩本町２丁目１番１６号森川ビル６階",,13,101,1010032,,,,,,,2022-12-16,1,,,,,"サクラジムショ",0
988,4010401052593,12,0,2026-10-07,2026-09-11,"カストロールインターナショナル株式会社",,301,"東京都","品川区","大崎１丁目１１番２号",,13,109,1410032,,,,,,,2015-10-05,1,,,,,"カストロールインターナショナル",0
989,4010401149225,12,0,2026-10-07,2026-10-02,"株式会社ヤナギｔｈｅファースト",,301,"東京都","小平市","鈴木町１丁目４９８番地の２１",,13,211,1870011,,,,,,,2019-11-15,1,,,,,"ヤナギザファースト",0
990,4010401157203,12,0,2026-10-07,2026-09-17,"ロックミリオン株式会社",,301,"東京都","港区","浜松町２丁目４番１号世界貿易センタービルディング",,13,103,1050013,,,,,,,2020-12-21,1,,,,,"ロックミリオン",0
991,4010401159323,12,0,2026-10-07,2026-10-05,"Ｓｐｏｒｔｓ＆ＥｄｕｃａｔｉｏｎＭａｎａｇｅｍｅｎｔ株式会社",,301,"東京都","渋谷区","渋谷１丁目１５番１２号ＬＡＩＤＯＵＴＳＨＩＢＵＹＡ５０１",,13,113,1500002,,,,,,,2021-04-06,1,,,,,"スポーツアンドエデュケーションマネージメント",0
992,4010401160438,12,0,2026-10-07,2026-10-02,"株式会社イーグル",,301,"東京都","千代田区","大手町１丁目７番２号東京サンケイビル２７階",,13,101,1000004,,,,,,,2021-05-31,1,,,,,"イーグル",0
993,4010401172912,12,0,2026-10-07,2026-09-08,"株式会社マシュマロエンタメ",,301,"東京都","渋谷区","恵比寿１丁目１９番１９号恵比寿ビジネスタワー２階",,13,113,1500013,,,,,,,2023-03-06,1,,,,,"マシュマロエンタメ",0
994,4010401173984,12,0,2026-10-07,2026-09-07,"株式会社Ａｂｉｌｉｔｙ　Ｐａｒｔｎｅｒｓ　Ｃｏｎｓｕｌｔｉｎｇ",,301,"東京都","千代田区","永田町２丁目１７－１７",,13,101,1000014,,,,,,,2023-04-27,1,,,,,"アビリティパートナーズコンサルティング",0
995,4010401178983,12,0,2026-10-07,2026-10-05,"株式会社Ｇｅｎｅｒｉｆｅ",,301,"東京都","港区","新橋２丁目１６－１ニュー新橋ビル２Ｆ２５０号室",,13,103,1050004,,,,,,,2023-12-19,1,,,,,"ジェネライフ",0
996,4010401182465,12,0,2026-10-07,2026-10-02,"株式会社和興ＨＤ",,301,"栃木県","真岡市","荒町２丁目１０番地６",,09,209,3214305,,,,,,,2024-05-14,1,,,,,"ワコウエイチディー",0
997,4010401202396,01,0,2026-10-07,2026-10-07,"ＭＣＰ５９株式会社",,301,"東京都","港区","元赤坂１丁目１番７－１２０９号株式会社赤坂国際会計内",,13,103,1070051,,,,,,,2026-10-07,1,,,,,"エムシーピーファイブナイン",0
998,4010401202537,01,0,2026-10-07,2026-10-07,"アセントグローバル株式会社",,301,"東京都","港区","虎ノ門４丁目３‐１城山トラストタワー２７階",,13,103,1050001,,,,,,,2026-10-07,1,,,,,"アセントグローバル",0
999,4010401202586,01,0,2026-10-07,2026-10-07,"株式会社ａｎｄＲ",,301,"東京都","港区","海岸１丁目２番２０号汐留ビルディング３階",,13,103,1050022,,,,,,,2026-10-07,1,,,,,"アンダール",0
1000,4010401202594,01,0,2026-10-07,2026-10-07,"最高の講座運営株式会社",,301,"東京都","港区","南青山５丁目１１番１４号Ｈ＆Ｍ南青山ＥＡＳＴ２０１号室",,13,103,1070062,,,,,,,2026-10-07,1,,,,,"サイコウノコウザウンエイ",0
1001,4010402028353,01,1,2026-10-07,2015-10-05,"有限会社タイニーボイスプロダクション",,302,"東京都","港区","北青山３丁目５番５号",,13,103,1070061,,,,,,,2015-10-05,1,,,,,"タイニーボイスプロダクション",0
1002,4010403032767,12,0,2026-10-07,2026-10-05,"Ｔｅａｍｍａｔｅ　Ｊａｐａｎ設立準備合同会社",,305,"東京都","練馬区","石神井町６丁目１番２５号",,13,120,1770041,,,,,,,2024-06-12,1,,,,,"チームメイトジャパンセツリツジュンビ",0
1003,4010403039291,01,0,2026-10-07,2026-10-07,"京浜島西合同会社",,305,"東京都","港区","元赤坂１丁目１番７－１２０９号株式会社赤坂国際会計内",,13,103,1070051,,,,,,,2026-10-07,1,,,,,"ケイヒンジマニシ",0
1004,4010405022584,01,1,2026-10-07,2023-10-24,"一般社団法人ＳｐｏｒｔＴｅｃｈ学術機構",,399,"東京都","港区","北青山１丁目４－５ＶＯＲＴ青山一丁目９０２",,13,103,1070061,,,,,,,2023-10-24,0,,,,,"スポートテックガクジュツキコウ",0
1005,4010405022584,12,1,2026-10-07,2024-09-30,"一般社団法人ＳｐｏｒｔＴｅｃｈ学術機構",,399,"東京都","世田谷区","深沢７丁目１－１日本体育大学体育学部東京・世田谷キャンパス杉田研究室内",,13,112,1580081,,,,,,,2023-10-24,0,,,,,"スポートテックガクジュツキコウ",0
1006,4010405022584,11,1,2026-10-07,2026-09-08,"一般社団法人ＳｐｏｒｔＴｅｃｈ研究機構",,399,"東京都","世田谷区","深沢７丁目１－１日本体育大学体育学部東京・世田谷キャンパス杉田研究室内",,13,112,1580081,,,,,,,2023-10-24,0,,,,,"スポートテックケンキュウキコウ",0
1007,4010405022584,12,0,2026-10-07,2026-10-02,"一般社団法人ＳｐｏｒｔＴｅｃｈ研究機構",,399,"東京都","港区","北青山１丁目４番５号ＶＯＲＴ青山一丁目９０２",,13,103,1070061,,,,,,,2023-10-24,1,,,,,"スポートテックケンキュウキコウ",0
1008,4010405025595,12,0,2026-10-07,2026-10-06,"一般社団法人悠誠会",,399,"東京都","大田区","蒲田５丁目２４番４号Ｎｏ．Ｒ蒲田９Ｆ",,13,111,1440052,,,,,,,2026-04-21,1,,,,,"ユウセイカイ",0
1009,4010405026131,01,0,2026-10-07,2026-10-07,"一般社団法人Ｗａｌｋ　Ｂ",,399,"東京都","港区","虎ノ門３丁目２２番１０－２０１号",,13,103,1050001,,,,,,,2026-10-07,1,,,,,"ウォークビー",0
1010,4010501043567,12,0,2026-10-07,2026-10-05,"東京新材料産業株式会社",,301,"東京都","豊島区","池袋１丁目９番１号エステームノア２０４号室",,13,116,1700014,,,,,,,2019-01-16,1,,,,,"トウキョウシンザイリョウサンギョウ",0
1011,4010501056528,01,0,2026-10-07,2026-10-07,"株式会社ＺＥＲＤＩＡ",,301,"東京都","台東区","東浅草２丁目２１番１１号",,13,106,1110025,,,,,,,2026-10-07,1,,,,,"ゼルディア",0
1012,4010502022669,01,1,2026-10-07,2015-10-05,"有限会社Ｋ‐ＬＩＮＥ",,302,"千葉県","千葉市中央区","星久喜町９３４番地４",,12,101,2600808,,,,,,,2015-10-05,0,,,,,"ケーライン",0
1013,4010502022669,12,1,2026-10-07,2016-06-17,"有限会社Ｋ‐ＬＩＮＥ",,302,"東京都","千代田区","平河町１丁目３番地７号",,13,101,1020093,,,,,,,2015-10-05,0,,,,,"ケーライン",0
1014,4010502022669,12,1,2026-10-07,2023-10-18,"有限会社Ｋ‐ＬＩＮＥ",,302,"千葉県","浦安市","堀江２丁目２０－３７グッドライフ２１－１０１",,12,227,2790041,,,,,,,2015-10-05,0,,,,,"ケーライン",0
1015,4010502022669,12,1,2026-10-07,2024-01-18,"有限会社Ｋ‐ＬＩＮＥ",,302,"千葉県","木更津市","中央２丁目２－４",,12,206,2920067,,,,,,,2015-10-05,0,,,,,"ケーライン",0
1016,4010502022669,11,1,2026-10-07,2026-09-04,"有限会社渡月",,302,"千葉県","木更津市","中央２丁目２－４",,12,206,2920067,,,,,,,2015-10-05,0,,,,,"トツキ",0
1017,4010502022669,12,0,2026-10-07,2026-10-02,"有限会社渡月",,302,"埼玉県","さいたま市北区","日進町２丁目１４３２－１－３０８",,11,102,3310823,,,,,,,2015-10-05,1,,,,,"トツキ",0
1018,4010601066716,12,0,2026-10-07,2026-10-05,"株式会社Ｄ・Ｈ・Ｒ",,301,"東京都","中央区","入船１丁目２番８号サンパーク東京銀座７０２号",,13,102,1040042,,,,,,,2025-02-05,1,,,,,"ディーエイチアール",0
1019,4010601069900,01,0,2026-10-07,2026-10-07,"株式会社積算１００",,301,"東京都","江東区","大島１丁目１番１８号アビタシオン大島９０６",,13,108,1360072,,,,,,,2026-10-07,1,,,,,"セキサンヒャク",0
1020,4010601069909,01,0,2026-10-07,2026-10-07,"株式会社ＡＩｖｉ",,301,"東京都","江東区","有明１丁目１番１７－２５０２号",,13,108,1350063,,,,,,,2026-10-07,1,,,,,"アイビー",0
1021,4010601069917,01,0,2026-10-07,2026-10-07,"ＢＵＲＮ株式会社",,301,"東京都","墨田区","亀沢４丁目１５－１８－３０７",,13,107,1300014,,,,,,,2026-10-07,1,,,,,"バーン",0
1022,4010601069925,01,0,2026-10-07,2026-10-07,"株式会社Ｓｕｉｔａｂｌｅ",,301,"東京都","墨田区","東駒形２丁目３番３号",,13,107,1300005,,,,,,,2026-10-07,1,,,,,"スータブル",0
1023,4010601069933,01,0,2026-10-07,2026-10-07,"ワイミーズ株式会社",,301,"東京都","江東区","東陽２丁目２番１４－１４１６号",,13,108,1350016,,,,,,,2026-10-07,1,,,,,"ワイミーズ",0
1024,4010601069941,01,0,2026-10-07,2026-10-07,"Ｎｏｖａ　Ｅｎｅｒｇｙ　Ｊａｐａｎ株式会社",,301,"東京都","江東区","亀戸１丁目２１番５号",,13,108,1360071,,,,,,,2026-10-07,1,,,,,"ノバエナジージャパン",0
1025,4010602019350,01,1,2026-10-07,2015-10-05,"有限会社メイワシノミヤ",,302,"東京都","墨田区","菊川２丁目１０番１１号",,13,107,1300024,,,,,,,2015-10-05,0,,,,,"メイワシノミヤ",0
1026,4010602019350,12,1,2026-10-07,2017-09-14,"有限会社メイワシノミヤ",,302,"東京都","足立区","千住宮元町１２番１２号",,13,121,1200043,,,,,,,2015-10-05,1,,,,,"メイワシノミヤ",0
1027,4010701017668,11,0,2026-10-07,2026-09-08,"カストロールルブリカンツ株式会社",,301,"東京都","品川区","大崎１丁目１１番２号ゲートシティ大崎イーストタワー２０階",,13,109,1410032,,,,,,,2015-10-05,1,,,,,"カストロールルブリカンツ",0
1028,4010701038482,12,0,2026-10-07,2026-10-01,"株式会社ウェストアクトン",,301,"大阪府","大阪市中央区","島之内１丁目４番７号",,27,128,5420082,,,,,,,2019-11-14,1,,,,,"ウェストアクトン",0
1029,4010701050264,01,0,2026-10-07,2026-10-07,"ＡＳＥＭ株式会社",,301,"東京都","品川区","大崎５丁目４番１２号八重苅ビル１Ｆ＆Ｂ１Ｆ",,13,109,1410032,,,,,,,2026-10-07,1,,,,,"エーエスイーエム",0
1030,4010801037789,01,0,2026-10-07,2026-10-07,"株式会社盛クラフト",,301,"東京都","大田区","多摩川１丁目１５番８号",,13,111,1460095,,,,,,,2026-10-07,1,,,,,"モリクラフト",0
1031,4010801037814,01,0,2026-10-07,2026-10-07,"株式会社ウサギ洋品店",,301,"東京都","大田区","南六郷２丁目７番２０号－１０１号",,13,111,1440045,,,,,,,2026-10-07,1,,,,,"ウサギヨウヒンテン",0
1032,4010802009408,01,1,2026-10-07,2015-10-05,"有限会社月村商事",,302,"東京都","大田区","西蒲田７丁目４６番９号",,13,111,1440051,,,,,,,2015-10-05,1,,,,,"ツキムラショウジ",0
1033,4010901033804,01,1,2026-10-07,2015-10-05,"株式会社ＳＯＭＥＷＨＥＲＥ",,301,"東京都","世田谷区","代田４丁目１番１８号",,13,112,1550033,,,,,,,2015-10-05,1,,,,,"サムウェア",0
1034,4010901060377,01,0,2026-10-07,2026-10-07,"株式会社ＢＯＮＧＯ",,301,"東京都","世田谷区","祖師谷５丁目３７番２７号リヴェールＢ１０１",,13,112,1570072,,,,,,,2026-10-07,1,,,,,"ボンゴ",0
1035,4010901060385,01,0,2026-10-07,2026-10-07,"エスケイ・エクスプレス株式会社",,301,"東京都","世田谷区","南烏山５丁目１１番１１号",,13,112,1570062,,,,,,,2026-10-07,1,,,,,"エスケイエクスプレス",0
1036,4010903011213,01,0,2026-10-07,2026-10-07,"Ｃｒａｆｔ　ｓｔｏｒｉｅｓ合同会社",,305,"東京都","世田谷区","北沢２丁目１８番１０号",,13,112,1550031,,,,,,,2026-10-07,1,,,,,"クラフトストーリーズ",0
1037,4010905004999,01,0,2026-10-07,2026-10-07,"一般社団法人ライディングスポーツ協会",,399,"東京都","世田谷区","駒沢１丁目８番１０号",,13,112,1540012,,,,,,,2026-10-07,1,,,,,"ライディングスポーツキョウカイ",0
1038,4011001050178,01,1,2026-10-07,2015-10-05,"株式会社ピューリジャパン",,301,"東京都","渋谷区","広尾５丁目８番１６号",,13,113,1500012,,,,,,,2015-10-05,0,,,,,,0
1039,4011001050178,11,1,2026-10-07,2016-06-30,"株式会社Ｒ＆Ａｓｓｏｓｉａｔｅｓ",,301,"東京都","渋谷区","広尾５丁目８番１６号",,13,113,1500012,,,,,,,2015-10-05,0,,,,,,0
1040,4011001050178,12,1,2026-10-07,2016-07-01,"株式会社Ｒ＆Ａｓｓｏｓｉａｔｅｓ",,301,"東京都","世田谷区","世田谷３丁目１４番８号",,13,112,1540017,,,,,,,2015-10-05,0,,,,,,0
1041,4011001050178,11,1,2026-10-07,2016-07-08,"株式会社Ｒ＆Ａｓｓｏｃｉａｔｅｓ",,301,"東京都","世田谷区","世田谷３丁目１４番８号",,13,112,1540017,,,,,,,2015-10-05,1,,,,,"アールアンドアソシエイツ",0
1042,4011001068435,01,1,2026-10-07,2015-10-05,"株式会社ＭＩＮＴ　ＴＯＫＹＯ",,301,"東京都","渋谷区","神宮前２丁目２６番１０号",,13,113,1500001,,,,,,,2015-10-05,0,,,,,"ミントトウキョウ",0
1043,4011001068435,12,1,2026-10-07,2016-05-09,"株式会社ＭＩＮＴ　ＴＯＫＹＯ",,301,"東京都","渋谷区","神宮前２丁目１６番９号",,13,113,1500001,,,,,,,2015-10-05,0,,,,,"ミントトウキョウ",0
1044,4011001068435,12,1,2026-10-07,2021-11-12,"株式会社ＭＩＮＴ　ＴＯＫＹＯ",,301,"東京都","渋谷区","鶯谷町２番３号ＣＯＭＳ１－Ａ",,13,113,1500032,,,,,,,2015-10-05,0,,,,,"ミントトウキョウ",0
1045,4011001068435,12,1,2026-10-07,2023-08-14,"株式会社ＭＩＮＴ　ＴＯＫＹＯ",,301,"東京都","渋谷区","千駄ヶ谷３丁目１３番２２号第２５宮廷マンション８０８号室",,13,113,1510051,,,,,,,2015-10-05,0,,,,,"ミントトウキョウ",0
1046,4011001068435,12,1,2026-10-07,2023-08-23,"株式会社ＭＩＮＴ　ＴＯＫＹＯ",,301,"東京都","渋谷区","千駄ヶ谷３丁目１３番２２号第２５宮庭マンション８０８号室",,13,113,1510051,,,,,,,2015-10-05,1,,,,,"ミントトウキョウ",0
1047,4011001180751,01,0,2026-10-07,2026-10-07,"株式会社フジキャピタル",,301,"東京都","渋谷区","恵比寿３丁目１０番４号",,13,113,1500013,,,,,,,2026-10-07,1,,,,,"フジキャピタル",0
1048,4011001180982,01,0,2026-10-07,2026-10-07,"株式会社ネクシライズ",,301,"東京都","渋谷区","道玄坂２丁目１５番１号ノア道玄坂１１７",,13,113,1500043,,,,,,,2026-10-07,1,,,,,"ネクシライズ",0
1049,4011003014759,11,0,2026-10-07,2026-09-04,"Ｏｒｃｈｉｓ合同会社",,305,"東京都","目黒区","碑文谷５丁目２番５号Ｔ＆Ａビル５階",,13,110,1520003,,,,,,,2022-06-03,1,,,,,,0
1050,4011005005260,12,0,2026-10-07,2026-09-18,"医療法人社団啓神会",,399,"東京都","新宿区","四谷三栄町１１番１９－６０２号",,13,104,1600008,,,,,,,2015-10-05,1,,,,,"ケイジンカイ",0
1051,4011101000867,12,0,2026-10-07,2026-10-02,"安順商事株式会社",,301,"東京都","港区","西新橋１丁目１３番５号６階",,13,103,1050003,,,,,,,2015-10-05,1,,,,,"アンジュンショウジ",0
1052,4011101098266,12,0,2026-10-07,2026-10-05,"株式会社洋林商事",,301,"東京都","豊島区","北大塚２丁目４－４バロンハイツ大塚７０１",,13,116,1700004,,,,,,,2022-03-25,1,,,,,"ヨウリンショウジ",0
1053,4011101102399,12,0,2026-10-07,2026-10-05,"レガシーフリー株式会社",,301,"東京都","中野区","本町４丁目４６番９号オーチュー第６ビル５階",,13,114,1640012,,,,,,,2023-04-05,1,,,,,"レガシーフリー",0
1054,4011101103488,12,0,2026-10-07,2026-10-02,"株式会社ＦＲＥＥ　ＣＲＥＡＴＥ",,301,"東京都","新宿区","西新宿３丁目３番１３号西新宿水間ビル６階",,13,104,1600023,,,,,,,2023-07-05,1,,,,,"フリークリエイト",0
1055,4011101106499,12,0,2026-10-07,2026-09-10,"株式会社レアリゼ",,301,"東京都","渋谷区","代々木１丁目２１番１１号ＭＭＩビル２階",,13,113,1510053,,,,,,,2024-03-11,1,,,,,"レアリゼ",0
1056,4011103018049,01,0,2026-10-07,2026-10-07,"合同会社ＳＯＫ",,305,"東京都","新宿区","下落合４丁目７番５号",,13,104,1610033,,,,,,,2026-10-07,1,,,,,"エスオーケー",0
1057,4011103018057,01,0,2026-10-07,2026-10-07,"合同会社Ｔａｎｉｋａｋｅｒｕ",,305,"東京都","新宿区","西新宿３丁目３番１３号西新宿水間ビル２Ｆ",,13,104,1600023,,,,,,,2026-10-07,1,,,,,"タニカケル",0
1058,4011201021680,12,0,2026-10-07,2026-10-02,"株式会社ｉＨａｃｋ",,301,"東京都","港区","港南２丁目１２番３２号ＳＯＵＴＨＰＯＲＴ品川５階",,13,103,1080075,,,,,,,2019-10-09,1,,,,,"アイハック",0
1059,4011201027463,01,0,2026-10-07,2026-10-07,"イチエ株式会社",,301,"東京都","中野区","大和町４丁目１４番２号",,13,114,1650034,,,,,,,2026-10-07,1,,,,,"イチエ",0
1060,4011301031877,01,0,2026-10-07,2026-10-07,"株式会社ソア・メソッド",,301,"東京都","杉並区","浜田山４丁目２９番３３号",,13,115,1680065,,,,,,,2026-10-07,1,,,,,"ソアメソッド",0
1061,4011303006150,01,0,2026-10-07,2026-10-07,"３９ＳＣ合同会社",,305,"東京都","杉並区","和泉１丁目１０番１７号ハイム志津加３０１",,13,115,1680063,,,,,,,2026-10-07,1,,,,,"サンキュウエスシー",0
1062,4011501009087,01,1,2026-10-07,2015-10-05,"ヤナセ自動機株式会社",,301,"東京都","荒川区","町屋４丁目８番５号",,13,118,1160001,,,,,,,2015-10-05,1,,,,,"ヤナセジドウキ",0
1063,4011501022081,21,0,2026-10-07,2026-10-05,"株式会社山雄会",,301,"東京都","北区","岸町１丁目１番１０号",,13,117,1140021,,,2026-10-05,01,,,2016-11-08,1,,,,,"サンユウカイ",0
1064,4011603003649,12,0,2026-10-07,2026-10-01,"合同会社Ｐｉｌｅ",,305,"東京都","練馬区","大泉町２丁目３８番２１号",,13,120,1780062,,,,,,,2022-07-13,1,,,,,"パイル",0
1065,4011701004284,01,1,2026-10-07,2015-10-05,"株式会社スタジオミックス",,301,"東京都","江戸川区","清新町１丁目４番９－３０２号",,13,123,1340087,,,,,,,2015-10-05,1,,,,,"スタジオミックス",0
1066,4011801043447,21,0,2026-10-07,2026-09-29,"龍騰商事株式会社",,301,"東京都","葛飾区","金町５丁目２３番８",,13,122,1250042,,,2026-09-29,01,,,2023-12-06,1,,,,,"リュウトウショウジ",0
1067,4011801048454,01,0,2026-10-07,2026-10-07,"株式会社ＫＯＫＯ　ＲＥＡＬＴＹ",,301,"東京都","足立区","新田３丁目１７番９号２階",,13,121,1230865,,,,,,,2026-10-07,1,,,,,"ココリアルティ",0
1068,4011801048462,01,0,2026-10-07,2026-10-07,"株式会社ウィステリア",,301,"東京都","足立区","西保木間４丁目１１番４号",,13,121,1210812,,,,,,,2026-10-07,1,,,,,"ウィステリア",0
1069,4011801048479,01,0,2026-10-07,2026-10-07,"株式会社やっちゃば",,301,"東京都","足立区","千住３丁目６番地１２ツオード千住壱番館９０１",,13,121,1200034,,,,,,,2026-10-07,1,,,,,"ヤッチャバ",0
1070,4011801048487,01,0,2026-10-07,2026-10-07,"株式会社三澤工業",,301,"東京都","足立区","大谷田２丁目２番１０号",,13,121,1200001,,,,,,,2026-10-07,1,,,,,"ミサワコウギョウ",0
1071,4012301002323,71,0,2026-10-07,2026-10-01,"株式会社ホームテック",,301,"東京都","町田市","中町２丁目１４番１７号",,13,209,1940021,,,,,,"令和８年１０月１日東京都町田市中町二丁目１４番１７号有限会社ポイント（6012302008417）を合併",2015-10-05,1,,,,,"ホームテック",0
1072,4012401034778,12,0,2026-10-07,2026-10-02,"株式会社誉エンジニアリング",,301,"東京都","渋谷区","道玄坂１丁目１０番８号渋谷道玄坂東急ビル２階－Ｃ",,13,113,1500043,,,,,,,2018-12-21,1,,,,,"ホマレエンジニアリング",0
1073,4012401044975,01,0,2026-10-07,2026-10-07,"株式会社Ｐａｓｓｉｏｎ　Ｓｔａｒ’ｓ",,301,"東京都","調布市","布田２丁目２０番地１Ｌａｃａｓａｄｏｌｃｅ３０５",,13,208,1820024,,,,,,,2026-10-07,1,,,,,"パッションスターズ",0
1074,4012402015562,01,1,2026-10-07,2015-10-05,"有限会社シャイニング",,302,"東京都","国分寺市","本町３丁目８番１７号",,13,214,1850012,,,,,,,2015-10-05,0,,,,,"シャイニング",0
1075,4012402015562,12,1,2026-10-07,2017-09-22,"有限会社シャイニング",,302,"東京都","立川市","錦町２丁目６番地の１２",,13,202,1900022,,,,,,,2015-10-05,1,,,,,"シャイニング",0
1076,4012403005091,12,0,2026-10-07,2026-10-02,"Ａｒｃｔｉｋ　Ｊａｐａｎ合同会社",,305,"東京都","町田市","原町田６丁目９番８号ＡＥＴＡ町田４階",,13,209,1940013,,,,,,,2021-11-04,1,,,,,"アークティックジャパン",0
1077,4012403007823,12,0,2026-10-07,2026-09-29,"ブルーラック合同会社",,305,"群馬県","高崎市","筑縄町７２番１号三樹ハイツ筑縄２０３号",,10,202,3700075,,,,,,,2026-06-04,1,,,,,"ブルーラック",0
1078,4012801024437,12,0,2026-10-07,2026-10-05,"株式会社天使視覚リーりらっく",,301,"東京都","八王子市","旭町４番２５－６１３号",,13,201,1920083,,,,,,,2025-12-25,1,,,,,"テンシシカクリーリラック",0
1079,4012801025014,01,0,2026-10-07,2026-10-07,"株式会社ミライツ",,301,"東京都","昭島市","美堀町２丁目１番７－５０１号",,13,207,1960001,,,,,,,2026-10-07,1,,,,,"ミライツ",0
1080,4012803002853,21,0,2026-10-07,2026-09-09,"合同会社ＧＴＯ",,305,"東京都","日野市","大字上田３３９番地の５",,13,212,1910014,,,2026-09-09,01,,,2022-08-23,1,,,,,"ジーティーオー",0
1081,4013301019828,12,0,2026-10-07,2026-10-05,"マロン環境株式会社",,301,"東京都","日野市","新町１丁目１９番地の３シャーメゾンステージ日野４０７号",,13,212,1910002,,,,,,,2015-10-05,1,,,,,"マロンカンキョウ",0
1082,4020001006437,01,1,2026-10-07,2015-10-05,"辰王商事株式会社",,301,"神奈川県","横浜市金沢区","釜利谷西３丁目４７番１５号",,14,108,2360046,,,,,,,2015-10-05,0,,,,,"タツオウショウジ",0
1083,4020001006437,21,1,2026-10-07,2026-01-27,"辰王商事株式会社",,301,"神奈川県","横浜市金沢区","釜利谷西３丁目４７番１５号",,14,108,2360046,,,2026-01-27,21,,,2015-10-05,0,,,,,"タツオウショウジ",0
1084,4020001006437,22,1,2026-10-07,2026-09-15,"辰王商事株式会社",,301,"神奈川県","横浜市金沢区","釜利谷西３丁目４７番１５号",,14,108,2360046,,,,,,,2015-10-05,1,,,,,"タツオウショウジ",0
1085,4020001017442,12,0,2026-10-07,2026-09-16,"株式会社坂本茂商店",,301,"神奈川県","横浜市鶴見区","獅子ケ谷２丁目３８番３２号",,14,101,2300073,,,,,,,2015-10-05,1,,,,,"サカモトシゲルショウテン",0
1086,4020001021592,12,0,2026-10-07,2026-09-15,"株式会社福田電気商会",,301,"神奈川県","横浜市港北区","大倉山３丁目１番２２号",,14,109,2220037,,,,,,,2015-10-05,1,,,,,"フクダデンキショウカイ",0
1087,4020001094259,12,0,2026-10-07,2026-10-05,"株式会社ＭＩＲＡＩ",,301,"神奈川県","横浜市都筑区","池辺町４６",,14,118,2240053,,,,,,,2015-10-05,1,,,,,"ミライ",0
1088,4020001108142,12,0,2026-10-07,2026-09-16,"株式会社ＧＬＯＢＡＬ　ＳＹＭＰＨＯＮＹ",,301,"神奈川県","川崎市中原区","木月４丁目５５番１６号",,14,133,2110025,,,,,,,2015-10-05,1,,,,,"グローバルシンフォニー",0
1089,4020001148907,12,0,2026-10-07,2026-10-02,"株式会社Ｃｈｉｌｄ　Ｓｅｃｕｒｉｔｙ",,301,"神奈川県","川崎市川崎区","港町５番１－２５０４号",,14,131,2100807,,,,,,,2022-11-08,1,,,,,"チャイルドセキュリティ",0
1090,4020001170638,01,0,2026-10-07,2026-10-07,"ヴィトラス株式会社",,301,"神奈川県","横浜市港南区","日限山３丁目５番１３号",,14,111,2330015,,,,,,,2026-10-07,1,,,,,"ヴィトラス",0
1091,4020001170662,01,0,2026-10-07,2026-10-07,"ジェネリス株式会社",,301,"神奈川県","横浜市中区","諏訪町１１番地３",,14,104,2310863,,,,,,,2026-10-07,1,,,,,"ジェネリス",0
1092,4020002009851,01,1,2026-10-07,2015-10-05,"有限会社小島葬儀店",,302,"神奈川県","横浜市磯子区","下町５番２１号",,14,107,2350004,,,,,,,2015-10-05,1,,,,,"コジマソウギテン",0
1093,4020002036383,21,0,2026-10-07,2026-09-16,"有限会社ユーワ配ぜん人紹介所",,302,"神奈川県","横浜市港北区","大豆戸町３６０番地",,14,109,2220032,,,2026-09-16,01,,,2015-10-05,1,,,,,"ユーワハイゼンニンショウカイジョ",0
1094,4020002058997,21,0,2026-10-07,2026-09-16,"有限会社ハウスネット",,302,"神奈川県","横浜市港南区","上大岡西３丁目１番１６号",,14,111,2330002,,,2026-09-16,01,,,2015-10-05,1,,,,,"ハウスネット",0
1095,4020002091148,01,1,2026-10-07,2015-10-05,"有限会社レインボーコーポレーション",,302,"神奈川県","川崎市高津区","下野毛３丁目３番２８号",,14,134,2130006,,,,,,,2015-10-05,1,,,,,"レインボーコーポレーション",0
1096,4020002104479,12,0,2026-10-07,2026-10-05,"有限会社ハーモニー",,302,"東京都","目黒区","自由が丘１丁目８番１９号メルサＩＩ４階",00145175,13,110,1520035,,,,,,,2015-10-05,1,,,,,"ハーモニー",0
1097,4020005000477,01,1,2026-10-07,2015-10-05,"宗教法人大久保神社",,399,"神奈川県","横浜市戸塚区","汲沢町３０９番地の２",00011942,14,110,2450062,,,,,,,2015-10-05,1,,,,,"オオクボジンジャ",0
1098,4021001010321,12,0,2026-10-07,2026-09-14,"株式会社コーチズ",,301,"神奈川県","中郡大磯町","西小磯５６５番地６",,14,341,2550005,,,,,,,2015-10-05,1,,,,,"コーチズ",0
1099,4021001056471,12,0,2026-10-07,2026-09-14,"株式会社明和",,301,"神奈川県","大和市","深見３８５９番地２２",,14,213,2420011,,,,,,,2015-10-05,1,,,,,"メイワ",0
1100,4021001056694,21,0,2026-10-07,2026-09-15,"株式会社エムアンドケー・インベストメント",,301,"神奈川県","逗子市","小坪３丁目１９番３号",,14,208,2490008,,,2026-09-15,01,,,2015-10-05,1,,,,,"エムアンドケーインベストメント",0
1101,4021001064631,12,0,2026-10-07,2026-09-15,"株式会社Ｈｏｍｅ匠",,301,"神奈川県","茅ヶ崎市","室田１丁目１３番２０号",,14,207,2530018,,,,,,,2018-04-23,1,,,,,"ホームタクミ",0
1102,4021001088184,12,0,2026-10-07,2026-09-15,"株式会社ＮＥＷ　ＰＥＡＫ　ＪＡＰＡＮ",,301,"神奈川県","座間市","ひばりが丘５丁目１３番２２号",,14,216,2520003,,,,,,,2026-05-15,1,,,,,"ニューピークジャパン",0
1103,4021002013240,01,1,2026-10-07,2015-10-05,"有限会社ＮＥＷ　ＬＩＦＥ",,302,"神奈川県","茅ヶ崎市","堤２５２５番地",,14,207,2530006,,,,,,,2015-10-05,1,,,,,"ニューライフ",0
1104,4021005010656,21,0,2026-10-07,2026-10-01,"一般社団法人ＪＳＩセカンドライフ・イノベーション協会",,399,"東京都","千代田区","九段南１丁目５番６号りそな九段ビル５Ｆ－ＫＳフロア",,13,101,1020074,,,2026-10-01,01,,,2016-05-30,1,,,,,"ジェイエスアイセカンドライフイノベーションキョウカイ",0
1105,4030001021542,01,1,2026-10-07,2015-10-05,"株式会社ワイズテック",,301,"埼玉県","蕨市","錦町６丁目１２番２２号",,11,223,3350005,,,,,,,2015-10-05,1,,,,,"ワイズテック",0
1106,4030001026384,01,1,2026-10-07,2015-10-05,"宿谷木工株式会社",,301,"埼玉県","狭山市","笹井１丁目１８番１号",,11,215,3501327,,,,,,,2015-10-05,0,,,,,"シュクヤモッコウ",0
1107,4030001026384,12,1,2026-10-07,2021-02-16,"宿谷木工株式会社",,301,"埼玉県","飯能市","南町１１番２１号",,11,209,3570036,,,,,,,2015-10-05,1,,,,,"シュクヤモッコウ",0
1108,4030001079936,01,1,2026-10-07,2015-10-05,"株式会社ＯＮＬＹ　ＯＮＥ",,301,"埼玉県","川口市","中青木５丁目５番４号",,11,203,3320032,,,,,,,2015-10-05,1,,,,,"オンリーワン",0
1109,4030001174456,01,0,2026-10-07,2026-10-07,"株式会社ｒｉｓｅ",,301,"埼玉県","草加市","遊馬町６６０番地４",,11,221,3400032,,,,,,,2026-10-07,1,,,,,"ライズ",0
1110,4030001174464,01,0,2026-10-07,2026-10-07,"株式会社米田精機",,301,"埼玉県","朝霞市","大字上内間木４４番地１",,11,227,3510001,,,,,,,2026-10-07,1,,,,,"ヨネダセイキ",0
1111,4030002052520,01,1,2026-10-07,2015-10-05,"有限会社千葉工務店",,302,"埼玉県","草加市","清門２丁目６番地２２",,11,221,3400055,,,,,,,2015-10-05,1,,,,,"チバコウムテン",0
1112,4030003004891,01,1,2026-10-07,2015-10-05,"合資会社夢飛行",,304,"埼玉県","日高市","大字中鹿山１１９番地１８",,11,242,3501232,,,,,,,2015-10-05,1,,,,,"ユメヒコウ",0
1113,4030003022547,11,0,2026-10-07,2026-09-15,"ＷｅｌｌＲｉｓｅ合同会社",,305,"埼玉県","蕨市","中央１丁目７番１－４０７号",,11,223,3350004,,,,,,,2023-09-29,1,,,,,"ウェルライズ",0
1114,4030005010038,21,0,2026-10-07,2026-09-09,"特定非営利活動法人ＳＩＣＥ",,399,"埼玉県","幸手市","中５丁目６番３２号",,11,240,3400115,,,2026-09-09,01,,,2015-10-05,1,,,,,"スイス",0
1115,4040001018158,12,0,2026-10-07,2026-09-10,"株式会社東城政和建築事務所",,301,"千葉県","船橋市","本中山４丁目４番１号",,12,204,2730035,,,,,,,2015-10-05,0,,,,,"トウジョウマサカズケンチクジムショ",0
1116,4040001018158,11,0,2026-10-07,2026-09-10,"株式会社ＢＩＭＲＩＭ",,301,"千葉県","船橋市","本中山４丁目４番１号",,12,204,2730035,,,,,,,2015-10-05,1,,,,,"ビムリム",0
1117,4040001111796,12,0,2026-10-07,2026-10-05,"東京金康普株式会社",,301,"東京都","中野区","中央４丁目２番３号日興マンション２２５号室",,13,114,1640011,,,,,,,2019-12-10,1,,,,,"トウキョウキンコウフ",0
1118,4040001145522,01,0,2026-10-07,2026-10-07,"ファイブアール金属株式会社",,301,"千葉県","野田市","七光台４０５番地の８０",,12,208,2780051,,,,,,,2026-10-07,1,,,,,"ファイブアールキンゾク",0
1119,4040001145530,01,0,2026-10-07,2026-10-07,"株式会社ＪＷＧ",,301,"千葉県","八千代市","緑が丘西４丁目１番１号",,12,221,2760040,,,,,,,2026-10-07,1,,,,,"ジェイダブリュージー",0
1120,4040001145547,01,0,2026-10-07,2026-10-07,"株式会社ＲＥＡＣＨ　ＯＮＥ",,301,"千葉県","千葉市中央区","問屋町１番５９－５０３号",,12,101,2600025,,,,,,,2026-10-07,1,,,,,"リーチワン",0
1121,4050001036373,01,1,2026-10-07,2015-10-05,"株式会社ＴＨＣ",,301,"茨城県","水戸市","渡里町２５５３番地の３",,08,201,3100902,,,,,,,2015-10-05,1,,,,,"ティーエイチシー",0
1122,4050001056768,12,0,2026-10-07,2026-09-24,"株式会社ｐａｖｅ　ｔｈｅ　ｗａｙ",,301,"茨城県","水戸市","元石川町２５７９番地２",,08,201,3100843,,,,,,,2025-06-04,1,,,,,"ペイブザウェイ",0
1123,4050003010418,01,0,2026-10-07,2026-10-07,"合同会社禾",,305,"茨城県","神栖市","平泉東１丁目５２ー１",,08,232,3140145,,,,,,,2026-10-07,1,,,,,"ノギ",0
1124,4060003005409,21,0,2026-10-07,2026-09-08,"合同会社ビズワーク",,305,"東京都","新宿区","歌舞伎町１丁目６番１２号堀内ビル４階",,13,104,1600021,,,2026-09-08,01,,,2025-02-03,1,,,,,"ビズワーク",0
1125,4060005010472,01,0,2026-10-07,2026-10-07,"アミック法務行政書士法人",,399,"栃木県","宇都宮市","西川田町９２８番地１",,09,201,3210151,,,,,,,2026-10-07,1,,,,,"アミックホウム",0
1126,4070001044556,01,0,2026-10-07,2026-10-07,"株式会社ＭＡＲＵＫＯ",,301,"群馬県","高崎市","江木町２０４番地パーチェ江木南２０２号室",,10,202,3700046,,,,,,,2026-10-07,1,,,,,"マルコウ",0
1127,4070001044564,01,0,2026-10-07,2026-10-07,"株式会社メディカルオネスト",,301,"群馬県","高崎市","下佐野町４２３番地６",,10,202,3700855,,,,,,,2026-10-07,1,,,,,"メディカルオネスト",0
1128,4070002018823,01,1,2026-10-07,2015-10-05,"有限会社久保製作所",,302,"群馬県","伊勢崎市","南千木町２３１１番地７",,10,204,3720033,,,,,,,2015-10-05,1,,,,,"クボセイサクショ",0
1129,4070002034283,01,1,2026-10-07,2015-10-05,"有限会社イーループ",,302,"群馬県","館林市","大島町３８７９番地",,10,207,3740001,,,,,,,2015-10-05,1,,,,,"イーループ",0
1130,4070003006620,01,0,2026-10-07,2026-10-07,"ＳＡＥＥＤ合同会社",,305,"群馬県","太田市","新道町２７番地ドリームロードＢ－１０２号",,10,205,3730037,,,,,,,2026-10-07,1,,,,,"サイード",0
1131,4080001027849,01,0,2026-10-07,2026-10-07,"株式会社エフアンドドッグ",,301,"静岡県","静岡市清水区","横砂東町８番１９号",,22,103,4240032,,,,,,,2026-10-07,1,,,,,"エフアンドドッグ",0
1132,4080003003773,01,0,2026-10-07,2026-10-07,"合同会社ＦＩＶＥＲＥＡＣＨ",,305,"静岡県","静岡市駿河区","聖一色７９－８",,22,102,4228007,,,,,,,2026-10-07,1,,,,,"ファイブリーチ",0
1133,4080101026536,01,0,2026-10-07,2026-10-07,"株式会社グッドラックバトン",,301,"静岡県","富士市","天間１４４０番地",,22,210,4190205,,,,,,,2026-10-07,1,,,,,"グッドラックバトン",0
1134,4080402014751,01,1,2026-10-07,2015-10-05,"有限会社魚庄",,302,"静岡県","浜松市浜北区","小松４３４９番地",,22,136,4340042,,,,,,,2015-10-05,0,,,,,"ウオショウ",0
1135,4080402014751,12,1,2026-10-07,2024-01-11,"有限会社魚庄",,302,"静岡県","浜松市浜名区","小松４３４９番地",,22,139,4340042,,,,,,,2015-10-05,1,,,,,"ウオショウ",0
1136,4090005007821,01,0,2026-10-07,2026-10-07,"特定非営利活動法人星の虹",,399,"山梨県","富士吉田市","下吉田東１丁目４番２２号",,19,202,4030008,,,,,,,2026-10-07,1,,,,,"ホシノニジ",0
1137,4100001005554,01,1,2026-10-07,2015-10-05,"株式会社塩崎貞夫建築設計事務所",,301,"長野県","須坂市","大字九反田２０５番地",,20,207,3820933,,,,,,,2015-10-05,1,,,,,"シオザキサダオケンチクセッケイジムショ",0
1138,4100001019125,01,1,2026-10-07,2015-10-05,"株式会社鷹野原土建",,301,"長野県","茅野市","湖東６１６３番地",,20,214,3910211,,,,,,,2015-10-05,1,,,,,"タカノハラドケン",0
1139,4100001023853,01,1,2026-10-07,2015-10-05,"株式会社ネオプラスチック",,301,"長野県","岡谷市","内山４７６９番地３００",,20,204,3940055,,,,,,,2015-10-05,1,,,,,"ネオプラスチック",0
1140,4100001033118,01,1,2026-10-07,2020-04-20,"エスメディカル株式会社",,301,"長野県","須坂市","大字小河原２０１４番地５",,20,207,3820901,,,,,,,2020-04-20,1,,,,,"エスメディカル",0
1141,4100001040056,01,0,2026-10-07,2026-10-07,"株式会社ＭＯＲＩＳＨ",,301,"長野県","諏訪郡原村","１７２１７番地１１４丸山別荘地Ｊ８号",,20,363,3910100,,,,,,,2026-10-07,1,,,,,"モリッシュ",0
1142,4100002010545,21,0,2026-10-07,2026-10-05,"有限会社エービーシーオートマックス",,302,"長野県","東御市","御牧原１５１５番地４",,20,219,3890403,,,2026-10-05,01,,,2015-10-05,1,,,,,"エービーシーオートマックス",0
1143,4100002010578,12,0,2026-10-07,2026-10-05,"有限会社Ａｒａｓａｋｕ　Ｌａｂｏ",,302,"東京都","千代田区","麹町１丁目５番２０号",,13,101,1020083,,,,,,,2015-10-05,1,,,,,"アラサクラボ",0
1144,4100002028026,21,0,2026-10-07,2026-10-05,"有限会社キタハラカメラ",,302,"長野県","諏訪郡下諏訪町","３１５６番地",,20,361,3930000,,,2026-10-05,01,,,2015-10-05,1,,,,,"キタハラカメラ",0
1145,4100003008976,01,0,2026-10-07,2026-10-07,"合同会社Ｂａｒｍａｎ",,305,"長野県","北佐久郡軽井沢町","大字長倉２７７３番地２",,20,321,3890111,,,,,,,2026-10-07,1,,,,,"バルマン",0
1146,4110001040435,01,0,2026-10-07,2026-10-07,"つむぎてわーくす株式会社",,301,"新潟県","新潟市中央区","白山浦新町通４２",,15,103,9518137,,,,,,,2026-10-07,1,,,,,"ツムギテワークス",0
1147,4110003006319,01,0,2026-10-07,2026-10-07,"合同会社高波",,305,"新潟県","妙高市","関川町１丁目１２―４５",,15,217,9440014,,,,,,,2026-10-07,1,,,,,"タカナミ",0
1148,4120001035954,12,0,2026-10-07,2026-10-02,"ナニワ産業株式会社",,301,"大阪府","大阪市福島区","海老江５丁目７番１８号",,27,103,5530001,,,,,,,2015-10-05,1,,,,,"ナニワサンギョウ",0
1149,4120001074127,12,0,2026-10-07,2026-10-01,"アルベス株式会社",,301,"大阪府","大阪市中央区","備後町２丁目１番１号",,27,128,5410051,,,,,,,2015-10-05,1,,,,,"アルベス",0
1150,4120001157550,12,0,2026-10-07,2026-10-01,"株式会社ホットスルー",,301,"大阪府","門真市","東田町６番１６号",,27,223,5710034,,,,,,,2015-10-05,1,,,,,"ホットスルー",0
1151,4120001186888,12,0,2026-10-07,2026-10-01,"株式会社ＲＵＬＡ",,301,"大阪府","大阪市中央区","十二軒町３番２８号",,27,128,5400015,,,,,,,2015-10-05,0,,,,,,0
1152,4120001186888,11,0,2026-10-07,2026-10-01,"株式会社ラソグラシアス",,301,"大阪府","大阪市中央区","十二軒町３番２８号",,27,128,5400015,,,,,,,2015-10-05,1,,,,,"ラソグラシアス",0
1153,4120001194767,01,1,2026-10-07,2015-12-07,"株式会社Ｋ．ｓｐｉｒｉｔ",,301,"大阪府","大阪市阿倍野区","旭町１丁目１番１０号竹澤ビル",,27,119,5450051,,,,,,,2015-12-07,0,,,,,"ケスピリット",0
1154,4120001194767,12,1,2026-10-07,2016-10-20,"株式会社Ｋ．ｓｐｉｒｉｔ",,301,"大阪府","大阪市阿倍野区","阿倍野筋２丁目１番２９号ＡＩＴビル５階",,27,119,5450052,,,,,,,2015-12-07,0,,,,,"ケスピリット",0
1155,4120001194767,12,1,2026-10-07,2021-09-15,"株式会社Ｋ．ｓｐｉｒｉｔ",,301,"大阪府","高槻市","高槻町１２番２５号入江ビル２階",,27,207,5690803,,,,,,,2015-12-07,1,,,,,"ケスピリット",0
1156,4120001204212,01,1,2026-10-07,2017-03-08,"株式会社ユニテック",,301,"大阪府","大阪市都島区","友渕町１丁目５番６－１１１６号",,27,102,5340016,,,,,,,2017-03-08,1,,,,,"ユニテック",0
1157,4120001211175,12,0,2026-10-07,2026-10-01,"株式会社ｗｉｔｈ　ｍｅｄｉｃａｌ",,301,"大阪府","大阪市北区","梅田１丁目１３番１号大阪梅田ツインタワーズ・サウス１５階",,27,127,5300001,,,,,,,2018-02-06,0,,,,,"ウィズメディカル",0
1158,4120001211175,11,0,2026-10-07,2026-10-01,"株式会社ウィズ",,301,"大阪府","大阪市北区","梅田１丁目１３番１号大阪梅田ツインタワーズ・サウス１５階",,27,127,5300001,,,,,,,2018-02-06,1,,,,,"ウィズ",0
1159,4120001245058,12,0,2026-10-07,2026-09-28,"株式会社ＴＲＵＴＨ",,301,"大阪府","大阪市中央区","船場中央１丁目４番３号Ｂ２１６号室",,27,128,5410055,,,,,,,2022-04-11,1,,,,,"トゥルース",0
1160,4120001268447,21,0,2026-10-07,2026-09-30,"株式会社ＢＬＵＥ　ＳＫＹ",,301,"兵庫県","神戸市中央区","琴ノ緒町５丁目６－２１－３０１",,28,110,6510094,,,2026-09-30,01,,,2024-09-11,1,,,,,"ブルースカイ",0
1161,4120001270758,21,0,2026-10-07,2026-09-28,"萱薇株式会社",,301,"大阪府","大阪市中央区","松屋町９番２０号ローレルステート松屋町７０８Ａ",,27,128,5420067,,,2026-09-28,01,,,2024-12-04,1,,,,,"カンビ",0
1162,4120001274817,21,0,2026-10-07,2026-09-29,"筑道株式会社",,301,"大阪府","大阪市西淀川区","姫島２丁目４番１０号パークアベニュー２階Ａ室",,27,113,5550033,,,2026-09-29,01,,,2025-04-25,1,,,,,"チクドウ",0
1163,4120001276251,21,0,2026-10-07,2026-10-01,"楓和株式会社",,301,"大阪府","大阪市都島区","中野町４丁目３番６号Ｈ２Ｈ大阪桜之宮邸３Ａ－４",,27,102,5340027,,,2026-10-01,01,,,2025-05-29,1,,,,,"フウワ",0
1164,4120001289451,01,0,2026-10-07,2026-10-07,"株式会社ＲＥＶＡＬＥ",,301,"大阪府","大阪市北区","梅田２丁目５番１３－３０４号",,27,127,5300001,,,,,,,2026-10-07,1,,,,,"リヴェイル",0
1165,4120001289468,01,0,2026-10-07,2026-10-07,"株式会社ＡＴキャリア",,301,"大阪府","大阪市中央区","東心斎橋１丁目６番１５号ディオレクレスト東心斎橋７０７号室",,27,128,5420083,,,,,,,2026-10-07,1,,,,,"エーティーキャリア",0
1166,4120001289476,01,0,2026-10-07,2026-10-07,"ミハマ不動産販売株式会社",,301,"大阪府","大阪市北区","梅田１丁目１３番１号大阪梅田ツインタワーズ・サウス１５Ｆ",,27,127,5300001,,,,,,,2026-10-07,1,,,,,"ミハマフドウサンハンバイ",0
1167,4120001289534,01,0,2026-10-07,2026-10-07,"株式会社ＮＴホールディングス",,301,"大阪府","大阪市中央区","淡路町３丁目６番３号",,27,128,5410047,,,,,,,2026-10-07,1,,,,,"エヌティーホールディングス",0
1168,4120003019022,12,0,2026-10-07,2026-10-05,"合同会社３ぴーす",,305,"大阪府","八尾市","小畑町２丁目４７番地の１－２０１号室",,27,212,5810835,,,,,,,2021-03-08,1,,,,,"スリーピース",0
1169,4120003033626,01,0,2026-10-07,2026-10-07,"三陽キャピタル合同会社",,305,"大阪府","大阪市福島区","福島４丁目３番２３－３６０５号",,27,103,5530003,,,,,,,2026-10-07,1,,,,,"サンヨウキャピタル",0
1170,4120005005012,01,1,2026-10-07,2015-10-05,"医療法人協同診療所",,399,"大阪府","大阪市生野区","小路東４丁目６番２７号",,27,116,5440003,,,,,,,2015-10-05,1,,,,,"キョウドウシンリョウジョ",0
1171,4120101068045,12,0,2026-10-07,2026-10-05,"株式会社Ｒｙｏ総合食肉卸",,301,"大阪府","大阪市東住吉区","住道矢田６丁目５番６号",,27,121,5460022,,,,,,,2023-08-09,1,,,,,"リョウソウゴウショクニクオロシ",0
1172,4120101073986,01,1,2026-10-07,2026-07-03,"Ｈｅｙａ株式会社",,301,"大阪府","堺市北区","新堀町２丁１２６－６レスタージュ北花田１５１３号室",,27,146,5918005,,,,,,,2026-07-03,1,,,,,"ヘイヤー",0
1173,4120101074092,01,1,2026-10-07,2026-07-21,"株式会社ＢａｇＨｏｐ",,301,"大阪府","堺市堺区","中瓦町１丁４－２２大阪信用金庫堺東ビル２Ｆ",,27,141,5900077,,,,,,,2026-07-21,1,,,,,"バッグホップ",0
1174,4120102003364,01,1,2026-10-07,2015-10-05,"有限会社ティラベント",,302,"大阪府","堺市南区","深阪南３４２番地の１３",,27,145,5900103,,,,,,,2015-10-05,1,,,,,"ティラベント",0
1175,4120102015450,01,1,2026-10-07,2015-10-05,"有限会社ハウジングナニワ",,302,"大阪府","松原市","上田２丁目８番５号",,27,217,5800016,,,,,,,2015-10-05,0,,,,,"ハウジングナニワ",0
1176,4120102015450,12,1,2026-10-07,2026-10-05,"有限会社ハウジングナニワ",,302,"大阪府","松原市","上田２丁目５番２１号",,27,217,5800016,,,,,,,2015-10-05,1,,,,,"ハウジングナニワ",0
1177,4120103007273,01,1,2026-10-07,2026-07-28,"合同会社喜美",,305,"大阪府","堺市北区","百舌鳥西之町１丁９８－２陵南住宅１－１２０",,27,146,5918033,,,,,,,2026-07-28,1,,,,,"シメイ",0
1178,4120103007380,01,0,2026-10-07,2026-10-07,"合同会社ＹＤＳ",,305,"大阪府","堺市南区","三原台２丁７番１－１０１５号",,27,145,5900111,,,,,,,2026-10-07,1,,,,,"ワイディエス",0
1179,4120901053304,01,0,2026-10-07,2026-10-07,"株式会社サプライ",,301,"大阪府","摂津市","鳥飼和道１丁目１２番７号",,27,224,5660073,,,,,,,2026-10-07,1,,,,,"サプライ",0
1180,4120902020690,21,0,2026-10-07,2026-10-02,"有限会社ブリランテ",,302,"大阪府","豊中市","蛍池東町三丁目１０番１１号",,27,203,5600000,,,2026-10-02,01,,,2015-10-05,1,,,,,"ブリランテ",0
1181,4120903006425,01,0,2026-10-07,2026-10-07,"Ｍ’ｓ　Ｎｅｓｔ合同会社",,305,"大阪府","茨木市","清水１丁目１３－３５",,27,211,5670059,,,,,,,2026-10-07,1,,,,,"エムズネスト",0
1182,4122001006415,21,0,2026-10-07,2026-10-02,"マインビル株式会社",,301,"大阪府","大阪市阿倍野区","北畠３丁目１４番４５号",,27,119,5450035,,,2026-10-02,01,,,2015-10-05,1,,,,,"マインビル",0
1183,4122001013295,21,0,2026-10-07,2026-09-30,"株式会社ヒットセンボク",,301,"大阪府","堺市西区","平岡町２７番地１",,27,144,5938307,,,2026-09-30,11,6120101023551,"令和８年９月３０日大阪府堺市西区平岡町２７番地１株式会社泉北ニシイ（6120101023551）に合併し解散",2015-10-05,1,,,,,"ヒットセンボク",0
1184,4122001013329,01,1,2026-10-07,2015-10-05,"木田精工株式会社",,301,"大阪府","東大阪市","宝町１３番２６号",,27,227,5798025,,,,,,,2015-10-05,1,,,,,"キダセイコウ",0
1185,4122001036511,12,0,2026-10-07,2026-10-02,"スタイルジャパン株式会社",,301,"東京都","豊島区","西池袋５丁目２１－６マンションセントポール６０２号室",,13,116,1710021,,,,,,,2022-12-20,1,,,,,"スタイルジャパン",0
1186,4122001040959,01,0,2026-10-07,2026-10-07,"株式会社アクテイー関西",,301,"大阪府","大東市","北条２丁目２番２２号",,27,218,5740011,,,,,,,2026-10-07,1,,,,,"アクティーカンサイ",0
1187,4130001016342,21,0,2026-10-07,2026-09-24,"株式会社アイル",,301,"京都府","京都市山科区","東野中井ノ上町７番地５１",,26,110,6078142,,,2026-09-24,01,,,2015-10-05,1,,,,,,0
1188,4130001042165,21,0,2026-10-07,2026-09-28,"株式会社トランスフィールド",,301,"京都府","京都市下京区","中堂寺粟田町９３番地京都リサーチパークサイエンスセンタービル４号館",,26,106,6008815,,,2026-09-28,01,,,2015-10-05,1,,,,,"トランスフィールド",0
1189,4130001048294,11,0,2026-10-07,2026-10-01,"株式会社Ｇａｌａｘｙ　Ｒｉｄｅｒｓ",,301,"岡山県","倉敷市","阿知３丁目２１番１９号",,33,202,7100055,,,,,,,2015-10-05,1,,,,,"ギャラクシーライダーズ",0
1190,4130001050911,01,1,2026-10-07,2015-10-05,"株式会社ＭＤクラフト",,301,"京都府","京都市伏見区","深草西浦町６丁目４７番地２マンションセイリングＩＩＩＴ３０１",00036642,26,109,6120029,,,,,,,2015-10-05,0,,,,,"エムディクラフト",0
1191,4130001050911,12,1,2026-10-07,2016-08-09,"株式会社ＭＤクラフト",,301,"京都府","京都市伏見区","竹田北三ツ杭町４５番地アイ・ビービル３－Ｃ",,26,109,6128419,,,,,,,2015-10-05,0,,,,,"エムディクラフト",0
1192,4130001050911,12,1,2026-10-07,2026-09-24,"株式会社ＭＤクラフト",,301,"京都府","京都市伏見区","中島河原田町３１番地１グランデュール鴨川ＩＩ番館６０６号",00145181,26,109,6128469,,,,,,,2015-10-05,1,,,,,"エムディクラフト",0
1193,4130001054474,01,1,2026-10-07,2015-10-05,"京都あはは株式会社",,301,"京都府","京都市右京区","太秦森ケ東町４１番地３",,26,108,6168102,,,,,,,2015-10-05,1,,,,,"キョウトアハハ",0
1194,4130001064960,12,0,2026-10-07,2026-09-10,"株式会社シーライトライン",,301,"京都府","京都市伏見区","中島河原田町２９",,26,109,6128469,,,,,,,2019-07-26,1,,,,,"シーライトライン",0
1195,4130001080082,01,1,2026-10-07,2025-07-14,"静子株式会社",,301,"京都府","京都市左京区","二条通川端東入３筋目大文字町１５８－２０５",,26,103,6068382,,,,,,,2025-07-14,1,,,,,,0
1196,4130002013306,21,0,2026-10-07,2026-09-25,"有限会社宇野商店",,302,"京都府","京都市伏見区","毛利町１０６番地",,26,109,6128373,,,2026-09-25,01,,,2015-10-05,1,,,,,"ウノショウテン",0
1197,4140001076377,01,1,2026-10-07,2015-10-05,"中村工芸株式会社",,301,"兵庫県","加西市","中野町１４９４番地の９",,28,220,6752102,,,,,,,2015-10-05,1,,,,,"ナカムラコウゲイ",0
1198,4140001143722,12,0,2026-10-07,2026-09-30,"株式会社ナカハラ",,301,"兵庫県","神戸市垂水区","星陵台１丁目３－２６ふじマンション１０１号室",,28,108,6550038,,,,,,,2026-08-17,1,,,,,"ナカハラ",0
1199,4140001144191,01,0,2026-10-07,2026-10-07,"アウトソーシングパートナー株式会社",,301,"兵庫県","丹波篠山市","牛ケ瀬１４４－３、２階",,28,221,6692106,,,,,,,2026-10-07,1,,,,,"アウトソーシングパートナー",0
1200,4140001144233,01,0,2026-10-07,2026-10-07,"まつけん不動産パートナーズ株式会社",,301,"兵庫県","加古郡播磨町","北本荘４丁目６－３３",,28,382,6750144,,,,,,,2026-10-07,1,,,,,"マツケンフドウサンパートナーズ",0
1201,4140002065817,01,1,2026-10-07,2015-10-05,"有限会社暁",,302,"兵庫県","伊丹市","西野２丁目４２８番地",,28,207,6640028,,,,,,,2015-10-05,1,,,,,"アカツキ",0
1202,4140003011919,01,1,2026-10-07,2017-02-10,"Ｆ・西村書店合同会社",,305,"兵庫県","加西市","北条町古坂３丁目８０番地",,28,220,6752303,,,,,,,2017-02-10,0,,,,,"エフニシムラショテン",0
1203,4140003011919,12,1,2026-10-07,2026-09-29,"Ｆ・西村書店合同会社",,305,"兵庫県","加西市","北条町横尾２８５番地の１",,28,220,6752311,,,,,,,2017-02-10,1,,,,,"エフニシムラショテン",0
1204,4150001014022,01,1,2026-10-07,2015-10-05,"株式会社吉田組建設",,301,"奈良県","御所市","大字楢原５１０番地の７",,29,208,6392313,,,,,,,2015-10-05,1,,,,,"ヨシダグミケンセツ",0
1205,4160001027956,01,0,2026-10-07,2026-10-07,"Ｓｎｏｗ　Ｌｉｎｋ株式会社",,301,"滋賀県","彦根市","平田町７２９番地４",,25,202,5220041,,,,,,,2026-10-07,1,,,,,"スノウリンク",0
1206,4160001027972,01,0,2026-10-07,2026-10-07,"株式会社Ｇ．Ｒ．Ａ．Ｓ",,301,"滋賀県","近江八幡市","鷹飼町北４丁目９番３号ショコラプラス２０５",,25,204,5230896,,,,,,,2026-10-07,1,,,,,"グレース",0
1207,4160002009912,01,1,2026-10-07,2015-10-05,"有限会社やおたね",,302,"滋賀県","東近江市","今堀町１３７番地の３",,25,213,5270071,,,,,,,2015-10-05,1,,,,,"ヤオタネ",0
1208,4160003003922,01,0,2026-10-07,2026-10-07,"合同会社ＮＵＶＩＡ",,305,"滋賀県","大津市","坂本４丁目１０番３５号",,25,201,5200113,,,,,,,2026-10-07,1,,,,,"ヌヴィア",0
1209,4160003003930,01,0,2026-10-07,2026-10-07,"合同会社グリチネア",,305,"滋賀県","犬上郡多賀町","大字藤瀬６６１番地２",,25,443,5220335,,,,,,,2026-10-07,1,,,,,"グリチネア",0
1210,4160005011543,01,0,2026-10-07,2026-10-07,"医療法人Ｂｅ　ｓｍｉｌｅ",,399,"滋賀県","東近江市","八日市浜野町２－２４",,25,213,5270011,,,,,,,2026-10-07,1,,,,,"ビースマイル",0
1211,4170001019283,01,0,2026-10-07,2026-10-07,"ＷＨＩＴＥ　ＦＲＯＮＴＩＥＲ株式会社",,301,"和歌山県","有田市","初島町浜１７６９番地１",,30,204,6490306,,,,,,,2026-10-07,1,,,,,"ホワイトフロンティア",0
1212,4180001121261,01,1,2026-10-07,2015-12-04,"株式会社松本電興",,301,"愛知県","春日井市","高蔵寺町北４丁目１番地８",,23,206,4870016,,,,,,,2015-12-04,1,,,,,"マツモトデンコウ",0
1213,4180001124363,01,1,2026-10-07,2016-08-10,"株式会社カモノハシコウムテン",,301,"愛知県","一宮市","南小渕字大日５６番地１",,23,203,4910014,,,,,,,2016-08-10,1,,,,,"カモノハシコウムテン",0
1214,4180001156068,12,0,2026-10-07,2026-10-01,"株式会社Ｓｔｏｃｋ　Ｆｌｏｗ",,301,"岐阜県","羽島郡岐南町","徳田４丁目３５番地",,21,302,5016016,,,,,,,2023-05-01,1,,,,,"ストックフロー",0
1215,4180001164434,12,0,2026-10-07,2026-09-17,"株式会社ＥＡＲＴＨ　ＰＲＯＦＩＴ",,301,"愛知県","岡崎市","井田町字池田２９番地６ジーエービル２階",,23,202,4440076,,,,,,,2024-12-06,1,,,,,"アースプロフィット",0
1216,4180001173749,01,0,2026-10-07,2026-10-07,"株式会社ラビクト",,301,"愛知県","名古屋市中区","千代田４丁目１番２０号ラフィシア上前津７０４",,23,106,4600012,,,,,,,2026-10-07,1,,,,,"ラビクト",0
1217,4180001173757,01,0,2026-10-07,2026-10-07,"株式会社ハーバルインデックス",,301,"愛知県","名古屋市中区","錦３丁目５番３１号",,23,106,4600003,,,,,,,2026-10-07,1,,,,,"ハーバルインデックス",0
1218,4180001173773,01,0,2026-10-07,2026-10-07,"株式会社シーサイドストラテジー",,301,"愛知県","名古屋市熱田区","池内町１番１１号",,23,109,4560005,,,,,,,2026-10-07,1,,,,,"シーサイドストラテジー",0
1219,4180001173815,01,0,2026-10-07,2026-10-07,"Ａｎｄ　ＯＮＥ株式会社",,301,"愛知県","海部郡大治町","大字砂子字中割２３０４番地",,23,424,4901143,,,,,,,2026-10-07,1,,,,,"アンドワン",0
1220,4180001173831,01,0,2026-10-07,2026-10-07,"株式会社大澤建設",,301,"愛知県","名古屋市瑞穂区","苗代町２５番１５号ハニリリカＩＩＩ２０７",00145172,23,108,4670841,,,,,,,2026-10-07,1,,,,,"オオサワケンセツ",0
1221,4180002088236,01,1,2026-10-07,2015-10-05,"有限会社今野工業",,302,"愛知県","知多市","金沢字中向山１２７番地の２４３",,23,224,4780032,,,,,,,2015-10-05,0,,,,,"コンノコウギョウ",0
1222,4180002088236,12,1,2026-10-07,2016-06-01,"有限会社今野工業",,302,"愛知県","知多市","つつじが丘３丁目１８番地の４",,23,224,4780054,,,,,,,2015-10-05,1,,,,,"コンノコウギョウ",0
1223,4180003030840,01,0,2026-10-07,2026-10-07,"合同会社Ｓｏｌａ",,305,"愛知県","名古屋市名東区","一社３丁目３８番地ユニーブル第二一社マンション２０１号室",,23,115,4650093,,,,,,,2026-10-07,1,,,,,"ソラ",0
1224,4180003030849,01,0,2026-10-07,2026-10-07,"ＹＯＳＨＩ建築設計事務所合名会社",,303,"愛知県","名古屋市千種区","西崎町３丁目４６番地",,23,101,4640825,,,,,,,2026-10-07,1,,,,,"ヨシケンチクセッケイジムショ",0
1225,4180005021680,01,0,2026-10-07,2026-10-07,"一般社団法人Ｂｒｉｄｇｅ　Ｈａｎｄｂａｌｌ　Ｊａｐａｎ",,399,"愛知県","名古屋市緑区","篭山１丁目６０５番地の２",,23,114,4580007,,,,,,,2026-10-07,1,,,,,"ブリッジハンドボールジャパン",0
1226,4180005021706,01,0,2026-10-07,2026-10-07,"医療法人おおはしこどもクリニック",,399,"愛知県","豊明市","栄町大根１番地１号",,23,229,4701166,,,,,,,2026-10-07,1,,,,,"オオハシコドモクリニック",0
1227,4180301025138,12,0,2026-10-07,2026-09-16,"株式会社ｗｅｂ　ｔａｍａｇｏ",,301,"愛知県","岡崎市","若松東１丁目３－４Ｂ",,23,202,4440822,,,,,,,2015-10-05,1,,,,,"ウェブタマゴ",0
1228,4180301041374,01,0,2026-10-07,2026-10-07,"株式会社笑",,301,"愛知県","豊橋市","草間町字郷裏１５番地ラフィーネ草間３０２",,23,201,4418141,,,,,,,2026-10-07,1,,,,,"ショウ",0
1229,4180302005808,12,0,2026-10-07,2026-09-18,"有限会社のぞみ",,302,"愛知県","岡崎市","羽根４丁目８番地３",,23,202,4440818,,,,,,,2015-10-05,1,,,,,"ノゾミ",0
1230,4190001033489,01,0,2026-10-07,2026-10-07,"株式会社サブリエドール",,301,"三重県","伊勢市","田尻町２０４番地５",,24,203,5160006,,,,,,,2026-10-07,1,,,,,"サブリエドール",0
1231,4190003005577,01,0,2026-10-07,2026-10-07,"合同会社イヴ",,305,"三重県","鈴鹿市","道伯町２４２１番地ラ・グラシュ－ズ３Ａ",,24,207,5130824,,,,,,,2026-10-07,1,,,,,"イヴ",0
1232,4200001045532,01,0,2026-10-07,2026-10-07,"株式会社Ｄ・ＣＲＡＦＴ",,301,"岐阜県","各務原市","川島小網町２１２８番地２８",,21,213,5016023,,,,,,,2026-10-07,1,,,,,"ディークラフト",0
1233,4200005003726,01,1,2026-10-07,2015-10-05,"照西寺",,399,"岐阜県","羽島市","舟橋町３丁目５６番地",,21,209,5016302,,,,,,,2015-10-05,1,,,,,"ショウサイジ",0
1234,4210001020757,01,0,2026-10-07,2026-10-07,"株式会社ＮＡＮＡＬＹ",,301,"福井県","福井市","小路町第１０号１４番地４",,18,201,9102166,,,,,,,2026-10-07,1,,,,,"ナナリー",0
1235,4220002000749,01,1,2026-10-07,2015-10-05,"有限会社アイ・エス・ケー",,302,"石川県","金沢市","畝田東３丁目４６番地",,17,201,9200344,,,,,,,2015-10-05,1,,,,,"アイエスケー",0
1236,4240001062342,12,0,2026-10-07,2026-10-01,"株式会社サウザンドクリエイト",,301,"広島県","広島市中区","舟入南３丁目１番２号",,34,101,7300847,,,,,,,2023-10-30,1,,,,,"サウザンドクリエイト",0
1237,4240001065329,12,0,2026-10-07,2026-09-30,"株式会社ヴィクスト",,301,"広島県","広島市中区","中町２番２２号中町ＳＥＥＤ２０４",,34,101,7300037,,,,,,,2025-08-05,1,,,,,"ヴィクスト",0
1238,4240001067135,01,0,2026-10-07,2026-10-07,"スミダ電設株式会社",,301,"広島県","広島市安佐南区","東野２丁目２４番５３号",,34,105,7310111,,,,,,,2026-10-07,1,,,,,"スミダデンセツ",0
1239,4240001067143,01,0,2026-10-07,2026-10-07,"神宮株式会社",,301,"広島県","広島市中区","流川町５番１９号",,34,101,7300028,,,,,,,2026-10-07,1,,,,,"ジングウ",0
1240,4240002006298,01,1,2026-10-07,2015-10-05,"有限会社山陽ウィール・チェアー",,302,"広島県","広島市中区","江波東１丁目３番２６号",,34,101,7300832,,,,,,,2015-10-05,1,,,,,"サンヨウウィールチェアー",0
1241,4240002032245,01,1,2026-10-07,2015-10-05,"有限会社エム・エイチ",,302,"広島県","呉市","広大新開２丁目８番４号",,34,202,7370141,,,,,,,2015-10-05,0,,,,,"エムエイチ",0
1242,4240002032245,12,1,2026-10-07,2026-09-30,"有限会社エム・エイチ",,302,"広島県","呉市","広白岳５丁目４番１号",,34,202,7370144,,,,,,,2015-10-05,1,,,,,"エムエイチ",0
1243,4240003007964,01,0,2026-10-07,2026-10-07,"合同会社パレット",,305,"広島県","尾道市","瀬戸田町中野４０７番地６１",,34,205,7222415,,,,,,,2026-10-07,1,,,,,"パレット",0
1244,4240005015998,12,0,2026-10-07,2026-10-01,"ヒロマツホールディングス行政書士法人",,399,"広島県","広島市西区","観音新町４丁目１３番１３－３号",,34,104,7330036,,,,,,,2025-10-09,1,,,,,"ヒロマツホールディングス",0
1245,4250001002157,01,1,2026-10-07,2015-10-05,"日本電電サービス株式会社",,301,"山口県","防府市","鋳物師町８番３２号",,35,206,7470812,,,,,,,2015-10-05,0,,,,,"ニホンデンデンサービス",0
1246,4250001002157,12,1,2026-10-07,2020-01-24,"日本電電サービス株式会社",,301,"山口県","防府市","緑町２丁目５番２３号",,35,206,7470026,,,,,,,2015-10-05,0,,,,,"ニホンデンデンサービス",0
1247,4250001002157,12,1,2026-10-07,2022-04-11,"日本電電サービス株式会社",,301,"山口県","防府市","鋳物師町８番３２号",,35,206,7470812,,,,,,,2015-10-05,1,,,,,"ニホンデンデンサービス",0
1248,4250001016149,01,1,2026-10-07,2016-09-08,"株式会社ＷＯＯＤＢＥＬＬ",,301,"山口県","周南市","大字呼坂１００６番地の３４２",,35,215,7450612,,,,,,,2016-09-08,0,,,,,"ウッドベル",0
1249,4250001016149,12,1,2026-10-07,2016-09-30,"株式会社ＷＯＯＤＢＥＬＬ",,301,"山口県","岩国市","玖珂町５０６９番地７",,35,208,7420344,,,,,,,2016-09-08,1,,,,,"ウッドベル",0
1250,4260001033309,12,0,2026-10-07,2026-10-02,"株式会社藤心建設",,301,"岡山県","倉敷市","玉島八島２０２９番地１",,33,202,7138113,,,,,,,2019-07-03,1,,,,,"トウシンケンセツ",0
1251,4260001040156,12,0,2026-10-07,2026-10-05,"株式会社ＲＩＳＥ　ＨＯＬＤＩＮＧＳ",,301,"大阪府","堺市東区","白鷺町１丁３番１３号ＲＩＳＥＢＬＤＧ３Ｆ",,27,143,5998107,,,,,,,2025-04-30,1,,,,,"ライズホールディングス",0
1252,4270001009530,01,0,2026-10-07,2026-10-07,"株式会社Ｔ’ｓ",,301,"鳥取県","米子市","上福原５丁目６番７号",,31,202,6830004,,,,,,,2026-10-07,1,,,,,"ティーズ",0
1253,4270001009539,01,0,2026-10-07,2026-10-07,"株式会社ＡＰＰＲＯＡＣＨ",,301,"鳥取県","鳥取市","布勢３５０番地",,31,201,6800944,,,,,,,2026-10-07,1,,,,,"アプローチ",0
1254,4270002002831,12,0,2026-10-07,2026-10-01,"有限会社蔵建築事務所",,302,"鳥取県","鳥取市","吉成９９番地の１１",,31,201,6800864,,,,,,,2015-10-05,1,,,,,,0
1255,4280001000562,01,1,2026-10-07,2015-10-05,"株式会社布村工務店",,301,"島根県","松江市","玉湯町湯町４０５番地３",,32,201,6990202,,,,,,,2015-10-05,0,,,,,"ヌノムラコウムテン",0
1256,4280001000562,12,0,2026-10-07,2026-10-06,"株式会社布村工務店",,301,"島根県","松江市","玉湯町林１１４２番地１",,32,201,6990204,,,,,,,2015-10-05,1,,,,,"ヌノムラコウムテン",0
1257,4280002000058,12,0,2026-10-07,2026-09-17,"有限会社秋庭商店",,302,"島根県","松江市","北堀町３３番地２",,32,201,6900888,,,,,,,2015-10-05,1,,,,,,0
1258,4290001064739,12,0,2026-10-07,2026-09-18,"株式会社世田谷エステート",,301,"福岡県","大川市","大字大橋２７５番地１",,40,212,8310021,,,,,,,2015-10-05,1,,,,,"セタガヤエステート",0
1259,4290001076255,21,0,2026-10-07,2026-09-24,"株式会社江崎組",,301,"福岡県","福岡市南区","老司４丁目２０番３０－１０７号",,40,134,8111346,,,2026-09-24,01,,,2017-01-04,1,,,,,,0
1260,4290001098191,12,0,2026-10-07,2026-09-16,"ＬＡＮＤＭＡＲＫ株式会社",,301,"福岡県","福岡市西区","西都１丁目１０番１０－１０１号ヴィラーチェ伊都Ａ棟",,40,135,8190367,,,,,,,2022-07-08,1,,,,,"ランドマーク",0
1261,4290001115731,01,0,2026-10-07,2026-10-07,"株式会社黒乃字",,301,"福岡県","飯塚市","内野３３３９番地１",,40,205,8200706,,,,,,,2026-10-07,1,,,,,"クロノジ",0
1262,4290001115748,01,0,2026-10-07,2026-10-07,"株式会社秋好商店",,301,"福岡県","春日市","春日原東町２丁目２５番地１",,40,218,8160801,,,,,,,2026-10-07,1,,,,,"アキヨシショウテン",0
1263,4290003014915,12,0,2026-10-07,2026-09-29,"合同会社ＮｅｘａｒＱ",,305,"群馬県","高崎市","中室田町４２１２番地１",,10,202,3703347,,,,,,,2024-01-30,1,,,,,"ネクサーク",0
1264,4290003018973,01,0,2026-10-07,2026-10-07,"合同会社ネクストアレン",,305,"福岡県","古賀市","舞の里４丁目２５番１６号",,40,223,8113114,,,,,,,2026-10-07,1,,,,,"ネクストアレン",0
1265,4290005001738,01,1,2026-10-07,2015-10-05,"医療法人陣内整形外科内科医院",,399,"福岡県","福岡市東区","箱崎６丁目１２番５０号",,40,131,8120053,,,,,,,2015-10-05,1,,,,,"ジンナイセイケイゲカナイカイイン",0
1266,4290801000348,01,1,2026-10-07,2015-10-05,"株式会社ウィングス",,301,"福岡県","北九州市小倉北区","東城野町２番３５号",,40,106,8020054,,,,,,,2015-10-05,1,,,,,"ウィングス",0
1267,4290801032845,01,0,2026-10-07,2026-10-07,"株式会社サンタナ",,301,"福岡県","直方市","大字感田２４８８番地１ネオンビオスＩＩ２０２",00145186,40,204,8220001,,,,,,,2026-10-07,1,,,,,"サンタナ",0
1268,4290801032853,01,0,2026-10-07,2026-10-07,"株式会社共創工務店",,301,"福岡県","北九州市小倉北区","中井１丁目５番１２号",,40,106,8030836,,,,,,,2026-10-07,1,,,,,"キョウソウコウムテン",0
1269,4290802001510,01,1,2026-10-07,2015-10-05,"かわばた水産有限会社",,302,"福岡県","北九州市小倉南区","葛原東１丁目５番１０号",,40,107,8000206,,,,,,,2015-10-05,1,,,,,"カワバタスイサン",0
1270,4290802016194,12,0,2026-10-07,2026-09-28,"有限会社コスモテック",,302,"福岡県","中間市","長津３丁目６番８－２号",,40,215,8090036,,,,,,,2015-10-05,1,,,,,"コスモテック",0
1271,4320001021331,11,0,2026-10-07,2026-09-30,"Ｋワーク株式会社",,301,"大分県","大分市","大字下判田１９３２－５番地",,44,201,8701112,,,,,,,2025-09-12,1,,,,,"ケーワーク",0
1272,4330001001571,71,0,2026-10-07,2026-10-01,"株式会社熊本日日新聞社",,301,"熊本県","熊本市中央区","世安１丁目５番１号",,43,101,8600827,,,,,,"令和８年１０月１日熊本市中央区上通町２番３３号株式会社熊日会館（6330001001264）を合併",2015-10-05,1,,,,,"クマモトニチニチシンブンシャ",0
1273,4330001006579,12,0,2026-10-07,2026-10-06,"株式会社パブリックビジネスジャパン",,301,"熊本県","熊本市南区","江越２丁目９番１９号",,43,104,8600834,,,,,,,2015-10-05,1,,,,,"パブリックビジネスジャパン",0
1274,4330002006082,12,0,2026-10-07,2026-10-01,"有限会社大央設備設計事務所",,301,"熊本県","熊本市南区","富合町新３６５番地１１",,43,104,8614152,,,,,,,2015-10-05,0,,,,,"ダイオウセツビセッケイジムショ",0
1275,4330002006082,11,0,2026-10-07,2026-10-01,"株式会社大央設備設計事務所",,301,"熊本県","熊本市南区","富合町新３６５番地１１",,43,104,8614152,,,,,,,2015-10-05,1,,,,,"ダイオウセツビセッケイジムショ",0
1276,4330003011783,01,0,2026-10-07,2026-10-07,"合同会社レゾネイト",,305,"熊本県","熊本市南区","田井島２丁目２番２２－９０６号",,43,104,8620965,,,,,,,2026-10-07,1,,,,,"レゾネイト",0
1277,4340001006743,11,0,2026-10-07,2026-10-06,"株式会社桜ホールディングス",,301,"鹿児島県","鹿児島市","新屋敷町１６番公社ビルＣ棟１１２－Ａ号",,46,201,8920838,,,,,,,2015-10-05,1,,,,,"サクラホールディングス",0
1278,4340001019621,01,1,2026-10-07,2016-08-30,"株式会社イワシタ環境技建",,301,"鹿児島県","鹿屋市","笠之原町１９３４番地１",,46,203,8930023,,,,,,,2016-08-30,1,,,,,"イワシタカンキョウギケン",0
1279,4340001020942,21,0,2026-10-07,2026-10-05,"株式会社上之園西洋堂",,301,"鹿児島県","鹿児島市","易居町５－１５",,46,201,8920815,,,2026-10-05,01,,,2018-02-02,1,,,,,"ウエノソノセイヨウドウ",0
1280,4340002010538,01,1,2026-10-07,2015-10-05,"有限会社ワールドゲット",,302,"鹿児島県","鹿児島市","下伊敷１丁目４１番３１号",,46,201,8900005,,,,,,,2015-10-05,1,,,,,"ワールドゲット",0
1281,4350001018688,12,0,2026-10-07,2026-10-01,"株式会社Ｇ‐ｂｏｎｄ",,301,"宮崎県","宮崎市","まなび野１丁目１６番地１",,45,201,8800929,,,,,,,2023-12-06,1,,,,,"ジーボンド",0
1282,4350003005296,01,0,2026-10-07,2026-10-07,"合同会社ＴＯＭＦＯＯＤＳ",,305,"宮崎県","日南市","吾田西３丁目４２７８番地１",,45,204,8892536,,,,,,,2026-10-07,1,,,,,"トムフーズ",0
1283,4360001005900,12,0,2026-10-07,2026-09-08,"株式会社沖縄メディア企画",,301,"沖縄県","那覇市","天久１丁目２５番２５号",,47,201,9000005,,,,,,,2015-10-05,1,,,,,"オキナワメディアキカク",0
1284,4360001037308,01,0,2026-10-07,2026-10-07,"株式会社ＡＯＭＩＲＡ",,301,"沖縄県","那覇市","首里久場川町１丁目５７－３",,47,201,9030807,,,,,,,2026-10-07,1,,,,,"アオミラ",0
1285,4360002004389,21,0,2026-10-07,2026-09-10,"有限会社明和技研",,302,"沖縄県","豊見城市","字与根西原５０番５４",,47,212,9010224,,,2026-09-10,01,,,2015-10-05,1,,,,,"メイワギケン",0
1286,4370001049228,12,0,2026-10-07,2026-09-28,"株式会社あさひポレール",,301,"宮城県","仙台市太白区","東中田１丁目２番８０号",,04,104,9811107,,,,,,,2022-11-08,1,,,,,"アサヒポレール",0
1287,4370005011159,01,0,2026-10-07,2026-10-07,"一般社団法人災害復興プロジェクト",,399,"宮城県","仙台市青葉区","中央２丁目７番３０号角川ビル６０２号",,04,101,9800021,,,,,,,2026-10-07,1,,,,,"サイガイフッコウプロジェクト",0
1288,4380001032018,12,0,2026-10-07,2026-10-05,"株式会社克己",,301,"福島県","郡山市","安積２丁目２６９番１",,07,203,9630107,,,,,,,2021-07-13,1,,,,,"コッキ",0
1289,4390001018494,01,0,2026-10-07,2026-10-07,"株式会社Ａｎｔｉｑｕｅｌ",,301,"山形県","山形市","江南２丁目１番１号",,06,201,9900863,,,,,,,2026-10-07,1,,,,,"アンティクール",0
1290,4400502000040,21,0,2026-10-07,2026-09-30,"有限会社カイハツ賣店食堂",,302,"岩手県","一関市","地主町７番２号",,03,209,0210893,,,2026-09-30,01,,,2015-10-05,1,,,,,"カイハツバイテンショクドウ",0
1291,4400603000261,11,0,2026-10-07,2026-10-01,"株式会社ＲＳＪ‐ＨＤ",,301,"岩手県","奥州市","前沢字永沢４０番地５",,03,215,0294205,,,,,,,2015-10-05,1,,,,,"アールエスジェイホールディングス",0
1292,4430001003500,01,1,2026-10-07,2015-10-05,"カーショップパルコ株式会社",,301,"北海道","札幌市豊平区","月寒東五条１６丁目４番３号",,01,105,0620055,,,,,,,2015-10-05,0,,,,,"カーショップパルコ",0
1293,4430001003500,12,1,2026-10-07,2026-10-02,"カーショップパルコ株式会社",,301,"北海道","札幌市白石区","東米里２０９０番地８２",,01,104,0030876,,,,,,,2015-10-05,1,,,,,"カーショップパルコ",0
1294,4430001097848,01,0,2026-10-07,2026-10-07,"千歳学校給食サービス株式会社",,301,"北海道","千歳市","花園５丁目７番３号",,01,224,0660028,,,,,,,2026-10-07,1,,,,,"チトセガッコウキュウショクサービス",0
1295,4430002021889,01,1,2026-10-07,2015-10-05,"有限会社ラバーズ",,302,"北海道","札幌市豊平区","美園二条６丁目６番５号",,01,105,0620002,,,,,,,2015-10-05,1,,,,,"ラバーズ",0
1296,4430002033835,12,0,2026-10-07,2026-10-01,"有限会社愛郷サービス",,302,"北海道","札幌市豊平区","月寒西一条７丁目４番１５号",,01,105,0620021,,,,,,,2015-10-05,1,,,,,"アイキョウサービス",0
1297,4430002049740,01,1,2026-10-07,2015-10-05,"有限会社ペットメモリアル",,302,"北海道","岩見沢市","五条西１５丁目２番地６",,01,210,0680025,,,,,,,2015-10-05,1,,,,,"ペットメモリアル",0
1298,4430002065069,21,0,2026-10-07,2026-09-30,"有限会社山本商事",,302,"北海道","室蘭市","知利別町１丁目２番１２号",,01,205,0500076,,,2026-09-30,01,,,2015-10-05,1,,,,,"ヤマモトショウジ",0
1299,4430003019494,01,0,2026-10-07,2026-10-07,"サイエンスサイド合同会社",,305,"北海道","小樽市","銭函１丁目１８番２５号",,01,203,0470261,,,,,,,2026-10-07,1,,,,,"サイエンスサイド",0
1300,4430003019503,01,0,2026-10-07,2026-10-07,"合同会社ｄｉｐｉｔｙ",,305,"北海道","札幌市豊平区","月寒東五条１９丁目１番３８号",,01,105,0620055,,,,,,,2026-10-07,1,,,,,"ディピティ",0
1301,4440001001172,01,1,2026-10-07,2015-10-05,"株式会社武田工房",,301,"北海道","北斗市","昭和２丁目８番１２号",,01,236,0490142,,,,,,,2015-10-05,1,,,,,,0
1302,4440001007987,01,1,2026-10-07,2016-10-26,"スナハラ電気株式会社",,301,"北海道","北斗市","七重浜３丁目１４番２３号",,01,236,0490111,,,,,,,2016-10-26,1,,,,,"スナハラデンキ",0
1303,4450001015080,01,0,2026-10-07,2026-10-07,"株式会社高橋企画",00145171,301,"北海道","上川郡東神楽町","１４号北１番地",,01,453,0711544,,,,,,,2026-10-07,1,,,,,"タカハシキカク",0
1304,4460302001225,01,1,2026-10-07,2015-10-05,"有限会社平野商店",,302,"北海道","常呂郡訓子府町","大町２２番地",,01,549,0991436,,,,,,,2015-10-05,1,,,,,"ヒラノショウテン",0
1305,4470001007118,21,0,2026-10-07,2026-10-01,"サンライフ株式会社",,301,"栃木県","宇都宮市","下戸祭２丁目３番２５号",,09,201,3200055,,,2026-10-01,11,8060001018029,"令和８年１０月１日栃木県宇都宮市下戸祭二丁目３番２５号アペンタクル株式会社（8060001018029）に合併し解散",2015-10-05,1,,,,,"サンライフ",0
1306,4470001007720,01,1,2026-10-07,2015-10-05,"山野設備工業株式会社",,301,"香川県","丸亀市","田村町１１３２番地",,37,202,7630071,,,,,,,2015-10-05,1,,,,,"ヤマノセツビコウギョウ",0
1307,4480001012521,21,0,2026-10-07,2026-10-01,"株式会社ひなた",,301,"徳島県","三好市","井川町西井川３１１番地２",,36,208,7794806,,,2026-10-01,01,,,2024-06-26,1,,,,,"ヒナタ",0
1308,4480002002777,01,1,2026-10-07,2015-10-05,"有限会社高田建設",00005885,302,"徳島県","徳島市","上八万町星河内４５７番地４",,36,201,7708040,,,,,,,2015-10-05,1,,,,,"タカダケンセツ",0
1309,4480002002868,21,0,2026-10-07,2026-10-01,"株式会社転職まがじん",,301,"徳島県","徳島市","山城西３丁目２５番地",,36,201,7708054,,,2026-10-01,11,8480001003599,"令和８年１０月１日徳島県徳島市山城西三丁目２５番地株式会社徳島派遣センター（8480001003599）に合併し解散",2015-10-05,1,,,,,"テンショクマガジン",0
1310,4480002012644,12,0,2026-10-07,2026-10-01,"有限会社青木設備工業",,302,"徳島県","徳島市","西須賀町中開３５番９",,36,201,7708024,,,,,,,2015-10-05,1,,,,,,0
1311,4480002012776,01,1,2026-10-07,2015-10-05,"大津海運有限会社",,302,"徳島県","阿南市","向原町天羽畭８４番地３",,36,204,7740005,,,,,,,2015-10-05,1,,,,,"オオツカイウン",0
1312,4480003001092,12,0,2026-10-07,2026-09-15,"合同会社ＭＭＬ",,305,"大阪府","大阪市浪速区","浪速西２丁目１４番２２号",,27,111,5560026,,,,,,,2017-03-07,1,,,,,"エムエムエル",0
1313,4480005005496,21,0,2026-10-07,2026-09-30,"公益社団法人阿波池田青年会議所",,399,"徳島県","三好市","池田町マチ２１９１番地の１",,36,208,7780002,,,2026-09-30,01,,,2015-10-05,1,,,,,"アワイケダセイネンカイギショ",0
1314,4490002003080,21,0,2026-10-07,2026-10-05,"有限会社ダイワ建装",,302,"高知県","高知市","塩田町１９番３７号",,39,201,7800065,,,2026-10-05,01,,,2015-10-05,1,,,,,"ダイワケンソウ",0
1315,4490003002206,01,0,2026-10-07,2026-10-07,"合同会社Ｉｒｉｚｏｈ＆Ｃｏ．",,305,"高知県","土佐市","甲原２２４８番地",,39,205,7811113,,,,,,,2026-10-07,1,,,,,"イリゾウアンドコー",0
1316,4500002001801,21,0,2026-10-07,2026-10-06,"有限会社沖ユニット",,302,"愛媛県","松山市","森松町９３０番地１０",,38,201,7911113,,,2026-10-06,01,,,2015-10-05,1,,,,,"オキユニット",0
1317,4500002017608,21,0,2026-10-07,2026-10-02,"有限会社アオノ",,302,"愛媛県","今治市","別名２２５番地１",,38,202,7940065,,,2026-10-02,01,,,2015-10-05,1,,,,,"アオノ",0
1318,4500002024067,21,0,2026-10-07,2026-10-05,"清水海産有限会社",,302,"愛媛県","南宇和郡愛南町","大成川２６１番地",,38,506,7984214,,,2026-10-05,01,,,2015-10-05,1,,,,,,0
1319,5010001004630,11,0,2026-10-07,2026-10-01,"ＬＶＭＨ　Ｗａｔｃｈｅｓ＆Ｊｅｗｅｌｒｙ　Ｊａｐａｎ合同会社",,305,"東京都","千代田区","平河町２丁目１番１号",,13,101,1020093,,,,,,,2015-10-05,1,,,,,"エルヴィエムエイチウォッチジュエリージャパン",0
1320,5010001069517,21,0,2026-10-07,2026-10-05,"株式会社ケイ・エフ・シイ",,301,"東京都","文京区","大塚５丁目３番１０号１０６号室",,13,105,1120012,,,2026-10-05,01,,,2015-10-05,1,,,,,"ケイエフシイ",0
1321,5010001076430,12,0,2026-10-07,2026-10-05,"株式会社匠エンジニアリング",,301,"東京都","府中市","西原町２丁目２１番地の３９",,13,206,1830046,,,,,,,2015-10-05,1,,,,,"タクミエンジニアリング",0
1322,5010001168896,01,1,2026-10-07,2015-10-05,"ＲＩＧ日本橋株式会社",,301,"東京都","中央区","日本橋小舟町１番６号",,13,102,1030024,,,,,,,2015-10-05,1,,,,,"アールアイジーニホンバシ",0
1323,5010001253681,12,0,2026-10-07,2026-10-05,"ＡＩトリックス株式会社",,301,"東京都","港区","赤坂３丁目１７番３号Ｈ１Ｏ赤坂９０４号",,13,103,1070052,,,,,,,2025-04-03,1,,,,,"エーアイトリックス",0
1324,5010001269182,01,0,2026-10-07,2026-10-07,"株式会社ガロア・ダイナミックス",,301,"東京都","千代田区","神田須田町１丁目７番８号ＶＯＲＴ秋葉原ＩＶ２Ｆ",00145184,13,101,1010041,,,,,,,2026-10-07,1,,,,,,0
1325,5010001269298,01,0,2026-10-07,2026-10-07,"株式会社Ｏｐｅｎｅｘｉａ",,301,"東京都","中央区","新富２丁目４番５号",,13,102,1040041,,,,,,,2026-10-07,1,,,,,"オープンエクシア",0
1326,5010001269315,01,0,2026-10-07,2026-10-07,"ルミナックス株式会社",,301,"東京都","千代田区","丸の内１丁目８番３号丸の内トラストタワー本館２０階",,13,101,1000005,,,,,,,2026-10-07,1,,,,,"ルミナックス",0
1327,5010001269323,01,0,2026-10-07,2026-10-07,"株式会社Ｙビル",,301,"東京都","文京区","大塚５丁目６番１５号",,13,105,1120012,,,,,,,2026-10-07,1,,,,,"ワイビル",0
1328,5010001269356,01,0,2026-10-07,2026-10-07,"アダプトイズム株式会社",,301,"東京都","中央区","日本橋兜町２２番３号",,13,102,1030026,,,,,,,2026-10-07,1,,,,,"アダプトイズム",0
1329,5010001269397,01,0,2026-10-07,2026-10-07,"株式会社Ｅｕｎｏｉａ",,301,"東京都","中央区","銀座６丁目１３番１６号銀座ＷａｌｌビルＵＣＦ５０１",,13,102,1040061,,,,,,,2026-10-07,1,,,,,"ユーノイア",0
1330,5010001269471,01,0,2026-10-07,2026-10-07,"株式会社ＦＬＩＰ第３９８号",,301,"東京都","千代田区","丸の内２丁目７番２号",,13,101,1000005,,,,,,,2026-10-07,1,,,,,"エフエルアイピーダイサンビャクキュウジュウハチゴウ",0
1331,5010001269488,01,0,2026-10-07,2026-10-07,"株式会社ＦＬＩＰ第４１５号",,301,"東京都","千代田区","丸の内２丁目７番２号",,13,101,1000005,,,,,,,2026-10-07,1,,,,,"エフエルアイピーダイヨンヒャクジュウゴゴウ",0
1332,5010001269496,01,0,2026-10-07,2026-10-07,"株式会社ＳＨＩＰ第１０５５号",,301,"東京都","千代田区","丸の内２丁目７番２号",,13,101,1000005,,,,,,,2026-10-07,1,,,,,"エスエイチアイピーダイセンゴジュウゴゴウ",0
1333,5010003019098,01,1,2026-10-07,2015-10-05,"合同会社カーゴアンドエクスプレス２１",,305,"東京都","中央区","築地４丁目４番１２号ＯＳ築地ビル７Ｆ",,13,102,1040045,,,,,,,2015-10-05,0,,,,,"カーゴアンドエクスプレスニジュウイチ",0
1334,5010003019098,12,1,2026-10-07,2016-03-04,"合同会社カーゴアンドエクスプレス２１",,305,"東京都","中央区","日本橋箱崎町４４番地５日本橋ニューシティダイヤモンドパレスＢ棟２０５号室",,13,102,1030015,,,,,,,2015-10-05,0,,,,,"カーゴアンドエクスプレスニジュウイチ",0
1335,5010003019098,12,0,2026-10-07,2026-10-02,"合同会社カーゴアンドエクスプレス２１",,305,"東京都","杉並区","下高井戸４丁目２４番６号",,13,115,1680073,,,,,,,2015-10-05,1,,,,,"カーゴアンドエクスプレスニジュウイチ",0
1336,5010003020865,12,0,2026-10-07,2026-10-01,"ＳＣ釧路町合同会社",,305,"北海道","釧路郡釧路町","柏西６丁目１４番地",,01,661,0882155,,,,,,,2015-10-05,1,,,,,"エスシークシロチョウ",0
1337,5010003048287,12,0,2026-10-07,2026-10-02,"ゴーアセットマネジメント合同会社",,305,"東京都","江東区","有明２丁目１番１－２９０１号",,13,108,1350063,,,,,,,2025-08-13,1,,,,,"ゴーアセットマネジメント",0
1338,5010003052875,01,0,2026-10-07,2026-10-07,"合同会社ＣＡＲＯＴＡ",,305,"東京都","中央区","日本橋大伝馬町１２番２０号",,13,102,1030011,,,,,,,2026-10-07,1,,,,,"カロタ",0
1339,5010003052909,01,0,2026-10-07,2026-10-07,"ＬＰＣ１合同会社",,305,"東京都","千代田区","丸の内１丁目１１番１号",,13,101,1000005,,,,,,,2026-10-07,1,,,,,"エルピーシーワン",0
1340,5010101017425,01,0,2026-10-07,2026-10-07,"株式会社ＳＯＬＵＮＥ",,301,"東京都","八王子市","万町４６番地２",,13,201,1920903,,,,,,,2026-10-07,1,,,,,"ソルネ",0
1341,5010401183974,21,0,2026-10-07,2026-10-01,"株式会社ＨＸ　Ｇｒｏｕｐ",,301,"東京都","港区","赤坂９丁目７番１号ミッドタウン・タワー３７階",,13,103,1070052,,,2026-10-01,11,2120001126540,"令和８年９月２８日大阪市中央区日本橋一丁目１８番１号日本一会舘３０１号室株式会社スカイライン（2120001126540）に合併し解散",2024-07-24,1,,,,,"エイチエックスグループ",0
1342,5010401195581,12,0,2026-10-07,2026-10-02,"ＫＩＲＥＩ株式会社",,301,"東京都","千代田区","神田須田町１丁目７番８号ＶＯＲＴ秋葉原ＩＶ２Ｆ",00145170,13,101,1010041,,,,,,,2026-01-08,1,,,,,"キレイ",0
1343,5010401202395,01,0,2026-10-07,2026-10-07,"ＭＣＰ５８株式会社",,301,"東京都","港区","元赤坂１丁目１番７－１２０９号株式会社赤坂国際会計内",,13,103,1070051,,,,,,,2026-10-07,1,,,,,"エムシーピーファイブエイト",0
1344,5010401202560,01,0,2026-10-07,2026-10-07,"株式会社ＳＴＲＡＧＯＳ",,301,"東京都","港区","南青山４丁目１４番２号",,13,103,1070062,,,,,,,2026-10-07,1,,,,,"ストラゴス",0
1345,5010401202577,01,0,2026-10-07,2026-10-07,"ＷＯＯＤ　ＧＡＴＥ　ＥＳＴＡＴＥ株式会社",,301,"東京都","港区","赤坂２丁目２１－４天翔赤坂ＡＮＮＥＸビル４階",,13,103,1070052,,,,,,,2026-10-07,1,,,,,"ウッドゲートエステート",0
1346,5010401202651,01,0,2026-10-07,2026-10-07,"株式会社みやび",,301,"東京都","港区","高輪２丁目１番５１－７０１号",,13,103,1080074,,,,,,,2026-10-07,1,,,,,"ミヤビ",0
1347,5010403032287,21,0,2026-10-07,2026-09-09,"Ｊｏｙ　Ｄｙｎａｍｉｃｓ合同会社",,305,"東京都","港区","白金台３丁目１０番１０号",,13,103,1080071,,,2026-09-09,01,,,2024-04-01,1,,,,,"ジョイダイナミクス",0
1348,5010403039290,01,0,2026-10-07,2026-10-07,"ＥＶ充電インフラキャピタル合同会社",,305,"東京都","港区","元赤坂１丁目１番７－１２０９号株式会社赤坂国際会計内",,13,103,1070051,,,,,,,2026-10-07,1,,,,,"イーブイジュウデンインフラキャピタル",0
1349,5010403039316,01,0,2026-10-07,2026-10-07,"Ｒｅｓｎｏｎ合同会社",,305,"東京都","港区","北青山１丁目３番１号アールキューブ青山３階",,13,103,1070061,,,,,,,2026-10-07,1,,,,,"レスノン",0
1350,5010405010489,12,0,2026-10-07,2026-10-05,"公益社団法人日本ニュービジネス協議会連合会",,399,"東京都","文京区","湯島４丁目１番１６号３－０１",,13,105,1130034,,,,,,,2015-10-05,1,,,,,"ニホンニュービジネスキョウギカイレンゴウカイ",0
1351,5010405026254,01,0,2026-10-07,2026-10-07,"Ｍｉｎｏｈ１一般社団法人",,399,"東京都","港区","浜松町１丁目２０番１０号ライオネス浜松町５０６号室",,13,103,1050013,,,,,,,2026-10-07,1,,,,,"ミノオイチ",0
1352,5010501050199,12,0,2026-10-07,2026-10-05,"株式会社ＲｅＰｅａｃｅ",,301,"東京都","港区","南青山３丁目１番３６号青山丸竹ビル６Ｆ",,13,103,1070062,,,,,,,2023-03-24,1,,,,,"リピース",0
1353,5010601069908,01,0,2026-10-07,2026-10-07,"株式会社ジェマ",,301,"東京都","墨田区","菊川３丁目７番１号２階",,13,107,1300024,,,,,,,2026-10-07,1,,,,,"ジェマ",0
1354,5010601069940,01,0,2026-10-07,2026-10-07,"美山株式会社",,301,"東京都","江東区","東雲１丁目９番４１－３００６号",,13,108,1350062,,,,,,,2026-10-07,1,,,,,"ミヤマ",0
1355,5010603012493,01,0,2026-10-07,2026-10-07,"合同会社Ｒ",,305,"東京都","江東区","永代１丁目８番５号ＣＲＥＡＬ門前仲町２０３",,13,108,1350034,,,,,,,2026-10-07,1,,,,,"アール",0
1356,5010701017510,01,1,2026-10-07,2015-10-05,"株式会社ＧＴＯ",,301,"東京都","品川区","戸越６丁目７番１５号",,13,109,1420041,,,,,,,2015-10-05,1,"GTO Inc.","Tokyo","6-7-15, Togoshi, Shinagawa ku",,,0
1357,5010701050255,01,0,2026-10-07,2026-10-07,"株式会社Ｍａｄｏｋａ",,301,"東京都","品川区","小山１丁目３番７－１０２号",,13,109,1420062,,,,,,,2026-10-07,1,,,,,"マドカ",0
1358,5010701050263,01,0,2026-10-07,2026-10-07,"ＥＶＩＤＥＮＴＩＡ株式会社",,301,"東京都","品川区","小山６丁目２０番１５号",,13,109,1420062,,,,,,,2026-10-07,1,,,,,"エビデンティア",0
1359,5010703005538,11,0,2026-10-07,2026-10-01,"ＯＭＡＴＳＵＲＩ株式会社",,301,"東京都","品川区","東五反田５丁目１５番７号ブルグ池田山２０４号室",,13,109,1410022,,,,,,,2020-12-08,1,,,,,"オマツリ",0
1360,5010801037805,01,0,2026-10-07,2026-10-07,"じろきちＰ＆Ｆ株式会社",,301,"東京都","大田区","上池台３丁目４番４号",,13,111,1450064,,,,,,,2026-10-07,1,,,,,"ジロキチピーアンドエフ",0
1361,5010803005999,01,0,2026-10-07,2026-10-07,"合同会社ＴＭ社",,305,"東京都","大田区","久が原６丁目６番３号",,13,111,1460085,,,,,,,2026-10-07,1,,,,,"ティーエムシャ",0
1362,5010901032623,21,0,2026-10-07,2026-09-08,"株式会社トイ・プラチナム",,301,"東京都","中央区","銀座６丁目６番１号",,13,102,1040061,,,2026-09-08,01,,,2015-10-05,1,,,,,"トイプラチナム",0
1363,5010901060335,01,0,2026-10-07,2026-10-07,"株式会社Ｍｖｌ",,301,"東京都","世田谷区","駒沢１丁目１７番１７号真成ビル７Ｆ",,13,112,1540012,,,,,,,2026-10-07,1,,,,,"エムブイエル",0
1364,5010901060351,01,0,2026-10-07,2026-10-07,"株式会社ｓｗｉｖｅｌ",,301,"東京都","世田谷区","太子堂４丁目１８番１５号ＴＡＳＵＫＩＰＲＩＭＥＳＡＮＧＥＮＪＡＹＡ３Ｆ－３",,13,112,1540004,,,,,,,2026-10-07,1,,,,,"スイベル",0
1365,5010903011204,01,0,2026-10-07,2026-10-07,"ＨＫプロパティ合同会社",,305,"東京都","世田谷区","深沢３丁目２３番１３号",,13,112,1580081,,,,,,,2026-10-07,1,,,,,"エイチケープロパティ",0
1366,5011001071958,12,0,2026-10-07,2026-10-02,"株式会社ファンタスティックデザインワークス",,301,"東京都","渋谷区","神宮前３丁目６番５号小川ビル３階",,13,113,1500001,,,,,,,2015-10-05,1,,,,,"ファンタスティックデザインワークス",0
1367,5011001091576,71,0,2026-10-07,2026-09-02,"株式会社ＡＢＥＪＡ",,301,"東京都","港区","三田１丁目１番１４号",,13,103,1080073,,,,,,"令和８年９月１日東京都渋谷区道玄坂一丁目１０番８号渋谷道玄坂東急ビル２Ｆ－Ｃ株式会社ＭＯＮＯ　ＢＲＡＩＮ（9140001129460）を合併",2015-10-05,1,,,,,"アベジャ",0
1368,5011001112456,12,0,2026-10-07,2026-09-09,"株式会社ＡＮＩＭＡ　ＧＲＯＵＰ",,301,"東京都","渋谷区","渋谷２丁目２４番１２号渋谷スクランブルスクエア",,13,113,1500002,,,,,,,2016-08-23,1,,,,,"アニマグループ",0
1369,5011001162600,12,0,2026-10-07,2026-10-01,"株式会社ＫＵＲＯＰＵＧ",,301,"千葉県","南房総市","富浦町豊岡１９番地",,12,234,2992402,,,,,,,2024-06-12,1,,,,,"クロパグ",0
1370,5011002035078,12,0,2026-10-07,2026-09-07,"有限会社ブロウダウン",,302,"東京都","渋谷区","道玄坂１丁目１０番８号",,13,113,1500043,,,,,,,2015-10-05,1,,,,,"ブロウダウン",0
1371,5011003025375,01,0,2026-10-07,2026-10-07,"合同会社ＡＩＲＩＳＥ",,305,"東京都","渋谷区","神宮前６丁目２３番４号桑野ビル２階",,13,113,1500001,,,,,,,2026-10-07,1,,,,,"エアライズ",0
1372,5011101056421,12,0,2026-10-07,2026-09-08,"株式会社ＣＦＰコンサルティング",,301,"東京都","新宿区","西新宿３丁目７番１号",,13,104,1600023,,,,,,,2015-10-05,1,,,,,"シーエフピーコンサルティング",0
1373,5011101067427,11,0,2026-10-07,2026-09-08,"株式会社ゼックス",,301,"東京都","渋谷区","道玄坂２丁目１５番１－１０２５号",,13,113,1500043,,,,,,,2015-10-05,1,,,,,"ゼックス",0
1374,5011101113395,21,0,2026-10-07,2026-09-09,"株式会社グロヴィア",,301,"東京都","新宿区","百人町１丁目１８－８大久保カドビル８０３号室",,13,104,1690073,,,2026-09-09,01,,,2025-10-01,1,,,,,"グロヴィア",0
1375,5011101117611,01,0,2026-10-07,2026-10-07,"ＪＥＩ株式会社",,301,"東京都","新宿区","西新宿３丁目３番１３号西新宿水間ビル６階",,13,104,1600023,,,,,,,2026-10-07,1,,,,,"ジェイ",0
1376,5011101117628,01,0,2026-10-07,2026-10-07,"Ｗ．Ｄホールディングス株式会社",,301,"東京都","新宿区","四谷４丁目２番地１ミッドタウンコンド四谷１１０２",,13,104,1600004,,,,,,,2026-10-07,1,,,,,"ダブリューホールディングス",0
1377,5011102002886,12,0,2026-10-07,2026-10-02,"有限会社オリーブ商事",,302,"東京都","小平市","学園東町６６３番地の２４",,13,211,1870043,,,,,,,2015-10-05,1,,,,,"オリーブショウジ",0
1378,5011103012190,12,0,2026-10-07,2026-09-09,"合同会社Ｇｏｏｎｅｒ",,305,"東京都","新宿区","大久保１丁目２番１号天翔東新宿ビル２１２号",,13,104,1690072,,,,,,,2022-09-28,1,,,,,"グーナー",0
1379,5011103015128,12,0,2026-10-07,2026-09-09,"合同会社アッパーウエスト",,305,"東京都","新宿区","荒木町５番地７ジオ四谷荒木町１３０８",,13,104,1600007,,,,,,,2024-10-30,1,,,,,"アッパーウエスト",0
1380,5011103018056,01,0,2026-10-07,2026-10-07,"合同会社ＬＩＵＯＲＢＩＴ",,305,"東京都","新宿区","新宿６丁目２７－３０新宿イーストサイドスクエアＢ１Ｆ",,13,104,1600022,,,,,,,2026-10-07,1,,,,,"リューオービット",0
1381,5011201000436,01,1,2026-10-07,2015-10-05,"いずみ産業株式会社",00054162,301,"東京都","中野区","中野３丁目３７番４号",,13,114,1640001,,,,,,,2015-10-05,0,,,,,,0
1382,5011201000436,12,1,2026-10-07,2020-02-03,"いずみ産業株式会社",00054162,301,"東京都","中野区","中野５丁目１５番１０号",,13,114,1640001,,,,,,,2015-10-05,0,,,,,,0
1383,5011201000436,11,1,2026-10-07,2020-02-03,"いずみ産業株式会社",,301,"東京都","中野区","中野５丁目１５番１０号",,13,114,1640001,,,,,,,2015-10-05,1,,,,,,0
1384,5011201027454,01,0,2026-10-07,2026-10-07,"株式会社ＨＹ",,301,"東京都","中野区","本町３丁目２９番１０－６０５号",,13,114,1640012,,,,,,,2026-10-07,1,,,,,"エイチワイ",0
1385,5011301031868,01,0,2026-10-07,2026-10-07,"株式会社ＭＡＩ　ＤＥＳＩＧＮ",,301,"東京都","杉並区","久我山５丁目２６番１６号",,13,115,1680082,,,,,,,2026-10-07,1,,,,,"マイデザイン",0
1386,5011303005853,12,0,2026-10-07,2026-10-01,"合同会社湯道プロダクション",,305,"東京都","杉並区","高円寺南４丁目７番３号レジディア高円寺プレイス８０３号室",,13,115,1660003,,,,,,,2026-02-05,1,,,,,"ユドウプロダクション",0
1387,5011501002999,11,0,2026-10-07,2026-10-01,"株式会社テクノスマテリアル",,301,"埼玉県","川口市","江戸袋２丁目５番１６号",,11,203,3340075,,,,,,,2015-10-05,1,,,,,"テクノスマテリアル",0
1388,5011501004236,12,0,2026-10-07,2026-10-05,"株式会社日本コールシステムズ",,301,"埼玉県","戸田市","美女木１丁目１５－９戸田パークハイツ４０４",,11,224,3350031,,,,,,,2015-10-05,1,,,,,"ニホンコールシステムズ",0
1389,5011503003649,12,0,2026-10-07,2026-10-05,"合同会社ガジェリー",,305,"東京都","北区","滝野川２丁目３６番１７号Ｗｅｌｌ－ｂ滝野川１０１号",,13,117,1140023,,,,,,,2018-06-08,1,,,,,"ガジェリー",0
1390,5011503004655,21,0,2026-10-07,2026-10-06,"リアルフリークス合同会社",,305,"東京都","荒川区","荒川６丁目３７番１号",,13,118,1160002,,,2026-10-06,01,,,2021-02-04,1,,,,,"リアルフリークス",0
1391,5011601029926,01,0,2026-10-07,2026-10-07,"株式会社リーフウインドゲームズ",,301,"東京都","練馬区","石神井台４丁目１８番９号",,13,120,1770045,,,,,,,2026-10-07,1,,,,,"リーフウインドゲームズ",0
1392,5011605000049,01,1,2026-10-07,2015-10-05,"敬覺寺",,399,"東京都","練馬区","谷原６丁目８番１２号",,13,120,1770032,,,,,,,2015-10-05,1,,,,,"キョウガクジ",0
1393,5011701013219,11,0,2026-10-07,2026-09-30,"株式会社ｆｉｎｔｅｃｈ工業",,301,"東京都","江戸川区","鹿骨２丁目３１番１５号篠崎公園パインマンション６０３号室",,13,123,1330073,,,,,,,2015-10-05,1,,,,,"フィンテックコウギョウ",0
1394,5011701015578,12,0,2026-10-07,2026-09-07,"オーディー株式会社",,301,"東京都","港区","新橋５丁目２５番２号",,13,103,1050004,,,,,,,2015-10-05,1,,,,,"オーディー",0
1395,5011701021469,12,0,2026-10-07,2026-10-01,"株式会社ＶＩＡＬＥＳＴ",,301,"東京都","港区","西新橋２丁目１５番１７号レインボービル６階",,13,103,1050003,,,,,,,2018-01-18,1,,,,,"ヴィアレスト",0
1396,5011701028373,21,0,2026-10-07,2026-09-18,"雲のスピンネーカー株式会社",,301,"東京都","江戸川区","江戸川６丁目４０番１４－１１０号",,13,123,1340013,,,2026-09-18,01,,,2025-06-03,1,,,,,"クモノスピンネーカー",0
1397,5011701029792,01,0,2026-10-07,2026-10-07,"株式会社オフィスコンパス",,301,"東京都","江戸川区","平井１丁目４番１７号",,13,123,1320035,,,,,,,2026-10-07,1,,,,,"オフィスコンパス",0
1398,5011801030337,12,0,2026-10-07,2026-10-05,"株式会社ビューティエキスパートロジグループ",,301,"東京都","足立区","鹿浜５丁目１番１３号",,13,121,1230864,,,,,,,2015-10-05,1,,,,,"ビューティエキスパートロジグループ",0
1399,5011801046093,12,0,2026-10-07,2026-09-30,"株式会社ＭＲＩグループ",,301,"千葉県","千葉市花見川区","千種町３５６－６３",,12,102,2620012,,,,,,,2025-05-14,1,,,,,"エムアールアイグループ",0
1400,5011801046688,12,0,2026-10-07,2026-10-02,"株式会社晴匠",,301,"神奈川県","横浜市旭区","川井本町１３番地２３",,14,112,2410803,,,,,,,2025-09-04,1,,,,,"セイショウ",0
1401,5011801048453,01,0,2026-10-07,2026-10-07,"株式会社ｉ．Ｃａｓｕ",,301,"東京都","足立区","東綾瀬三丁目５番１６－２１０号",00145180,13,121,1200000,,,,,,,2026-10-07,1,,,,,"アイカス",0
1402,5011801048486,01,0,2026-10-07,2026-10-07,"株式会社ＴＨネクサス",,301,"東京都","葛飾区","奥戸７丁目１４番１２－１００３号",,13,122,1240022,,,,,,,2026-10-07,1,,,,,"ティエッチネクサス",0
1403,5011802003630,01,1,2026-10-07,2015-10-05,"有限会社シンキ工業",,302,"東京都","葛飾区","東立石１丁目１８番２号",,13,122,1240013,,,,,,,2015-10-05,1,,,,,"シンキコウギョウ",0
1404,5011803007647,01,0,2026-10-07,2026-10-07,"ｗｅａｓｅｌ合同会社",,305,"東京都","葛飾区","高砂３丁目１３番７号",,13,122,1250054,,,,,,,2026-10-07,1,,,,,"ウィーゼル",0
1405,5011803007655,01,0,2026-10-07,2026-10-07,"合同会社ルートリンクソリューションズ",,305,"東京都","葛飾区","新小岩２丁目３５番１３号オンコウハウス新小岩１０４",,13,122,1240024,,,,,,,2026-10-07,1,,,,,"ルートリンクソリューションズ",0
1406,5012301002710,12,0,2026-10-07,2026-10-05,"株式会社非物性技術研究所",,301,"東京都","町田市","上小山田町２６０９番地４",,13,209,1940201,,,,,,,2015-10-05,1,,,,,"ヒブッセイギジュツケンキュウショ",0
1407,5012701015915,12,0,2026-10-07,2026-10-05,"コレヤル株式会社",,301,"東京都","西東京市","ひばりが丘２丁目８番１１号",,13,229,2020001,,,,,,,2020-06-10,1,,,,,"コレヤル",0
1408,5012703000997,12,0,2026-10-07,2026-09-28,"合同会社ソニア",,305,"千葉県","千葉市中央区","新千葉２丁目６番１５号",,12,101,2600031,,,,,,,2015-10-05,1,,,,,"ソニア",0
1409,5012801020484,12,0,2026-10-07,2026-09-14,"開翔ホーム株式会社",,301,"東京都","立川市","高松町３丁目１４番１３号７階",,13,202,1900011,,,,,,,2020-11-20,1,,,,,"カイトホーム",0
1410,5012801025005,01,0,2026-10-07,2026-10-07,"ＢＬＡＳＴ株式会社",,301,"東京都","国分寺市","泉町２丁目８番１－５０３号",,13,214,1850024,,,,,,,2026-10-07,1,,,,,"ブラスト",0
1411,5012803002852,21,0,2026-10-07,2026-09-09,"合同会社北斗星",,305,"東京都","日野市","大字上田３３９番地の５",,13,212,1910014,,,2026-09-09,01,,,2022-08-23,1,,,,,"ホクトセイ",0
1412,5012803004221,01,0,2026-10-07,2026-10-07,"合同会社Ｌｏｔｕｓ",,305,"東京都","日野市","三沢３丁目１９－８クレストフォルム高幡不動２０４",,13,212,1910032,,,,,,,2026-10-07,1,,,,,"ロータス",0
1413,5012805003139,21,0,2026-10-07,2026-09-09,"一般社団法人ＧＴＯ",,399,"東京都","日野市","大字上田３３９番地の５",,13,212,1910014,,,2026-09-09,01,,,2022-08-23,1,,,,,"ジーティーオー",0
1414,5013101009466,01,1,2026-10-07,2024-07-16,"坂本電設株式会社",,301,"東京都","福生市","加美平３丁目１２番地１４",,13,218,1970012,,,,,,,2024-07-16,1,,,,,"サカモトデンセツ",0
1415,5013301015834,01,1,2026-10-07,2015-10-05,"株式会社ソフトウェーブ",,301,"東京都","豊島区","池袋２丁目６７番１号",,13,116,1710014,,,,,,,2015-10-05,1,,,,,,0
1416,5013301021915,12,0,2026-10-07,2026-10-05,"株式会社オーシャンエクィップメント",,301,"東京都","渋谷区","広尾１丁目６番１号Ｄ",,13,113,1500012,,,,,,,2015-10-05,1,,,,,"オーシャンエクィップメント",0
1417,5013302018670,21,0,2026-10-07,2026-09-25,"有限会社小島企画",,302,"東京都","豊島区","千川２丁目１３番１２号",,13,116,1710041,,,2026-09-25,01,,,2015-10-05,1,,,,,"コジマキカク",0
1418,5013302021625,01,1,2026-10-07,2015-10-05,"有限会社菁華ジャパン",,302,"東京都","豊島区","千川１丁目１８番１号",,13,116,1710041,,,,,,,2015-10-05,0,,,,,"ジンファジャパン",0
1419,5013302021625,12,0,2026-10-07,2026-10-05,"有限会社菁華ジャパン",,302,"東京都","板橋区","大谷口北町５８番６",,13,119,1730031,,,,,,,2015-10-05,1,,,,,"ジンファジャパン",0
1420,5013401000612,12,0,2026-10-07,2026-09-15,"株式会社早川ダット工場",,301,"東京都","日野市","日野台１丁目１６番７号",,13,212,1910003,,,,,,,2015-10-05,1,,,,,"ハヤカワダットコウジョウ",0
1421,5020001102680,01,1,2026-10-07,2015-10-05,"株式会社ライフネクスト",,301,"神奈川県","川崎市麻生区","高石５丁目９番１４－４０９号",,14,137,2150003,,,,,,,2015-10-05,1,,,,,"ライフネクスト",0
1422,5020001159614,12,0,2026-10-07,2026-09-18,"株式会社裕和商会",,301,"神奈川県","横浜市南区","中島町１丁目１１番２号１０１",,14,105,2320055,,,,,,,2024-10-18,1,,,,,"ユウワショウカイ",0
1423,5020001170612,01,0,2026-10-07,2026-10-07,"ＭＰＣ　ｐｌａｎｎｉｎｇ株式会社",,301,"神奈川県","横浜市青葉区","荏田北１丁目２番地６フォンテーヌ江田１０５号",,14,117,2250015,,,,,,,2026-10-07,1,,,,,"エムピーシープランニング",0
1424,5020001170653,01,0,2026-10-07,2026-10-07,"株式会社ミノルフラワー",,301,"神奈川県","横浜市磯子区","磯子３丁目６－２３",,14,107,2350016,,,,,,,2026-10-07,1,,,,,"ミノルフラワー",0
1425,5020001170686,01,0,2026-10-07,2026-10-07,"ＪＡＰＡＮ　ＦＩＲＳＴ株式会社",,301,"神奈川県","横浜市西区","北幸１丁目１１番１号水信ビル７階",,14,103,2200004,,,,,,,2026-10-07,1,,,,,"ジャパンファースト",0
1426,5020002005924,01,1,2026-10-07,2015-10-05,"有限会社キャストル",,302,"神奈川県","横浜市都筑区","川和町１４５１番地",,14,118,2240057,,,,,,,2015-10-05,1,,,,,"キャストル",0
1427,5020002012862,12,0,2026-10-07,2026-09-16,"有限会社細川樹脂工業",,302,"神奈川県","横浜市戸塚区","名瀬町１９９９番地４サニーヒル１０１",,14,110,2450051,,,,,,,2015-10-05,1,,,,,,0
1428,5020002068137,21,0,2026-10-07,2026-09-17,"有限会社フルミチ",,302,"神奈川県","横浜市南区","山谷６９番地",,14,105,2320036,,,2026-09-17,01,,,2015-10-05,1,,,,,"フルミチ",0
1429,5020002082567,01,1,2026-10-07,2015-10-05,"株式会社アーク",,301,"神奈川県","川崎市中原区","上平間５６４番地",,14,133,2110013,,,,,,,2015-10-05,0,,,,,"アーク",0
1430,5020002082567,12,1,2026-10-07,2016-07-05,"株式会社アーク",,301,"神奈川県","川崎市幸区","古市場２丁目１２３番地",,14,132,2120052,,,,,,,2015-10-05,1,,,,,"アーク",0
1431,5020002104899,21,0,2026-10-07,2026-09-17,"有限会社メルトダウン",,302,"神奈川県","川崎市多摩区","枡形６丁目１５番１１号",,14,135,2140032,,,2026-09-17,01,,,2015-10-05,1,,,,,"メルトダウン",0
1432,5020003031952,01,0,2026-10-07,2026-10-07,"合同会社ポラリス",,305,"神奈川県","横浜市緑区","長津田２丁目３１番７号",,14,113,2260027,,,,,,,2026-10-07,1,,,,,"ポラリス",0
1433,5020005013222,11,0,2026-10-07,2026-09-16,"特定非営利活動法人Ｗｅｌｆａｒｅ‐ＬＩＮＣ",,399,"神奈川県","川崎市多摩区","菅仙谷３丁目５番３号",,14,135,2140006,,,,,,,2017-08-01,1,,,,,"ウェルフェアーリンク",0
1434,5021001059787,01,1,2026-10-07,2016-07-14,"湘南オートカーズ株式会社",,301,"神奈川県","横須賀市","追浜町１丁目３６番地８",,14,201,2370064,,,,,,,2016-07-14,1,,,,,"ショウナンオートカーズ",0
1435,5021001089272,01,0,2026-10-07,2026-10-07,"株式会社ＯＳ",,301,"神奈川県","平塚市","紅谷町１３番４号大雄ビル２階",,14,203,2540043,,,,,,,2026-10-07,1,,,,,"オーエス",0
1436,5021005011653,12,0,2026-10-07,2026-09-14,"一般社団法人ソーシャルフィットネス協会",,399,"神奈川県","中郡大磯町","西小磯５６５番地６",,14,341,2550005,,,,,,,2019-07-03,1,,,,,"ソーシャルフィットネスキョウカイ",0
1437,5030001013316,12,0,2026-10-07,2026-10-05,"株式会社ＢＬＵＥ　ＰＥＲＦＯＲＭＡＮＣＥ",,301,"埼玉県","北本市","大字下石戸６０２番地１",,11,233,3640000,,,,,,,2015-10-05,1,,,,,,0
1438,5030001174463,01,0,2026-10-07,2026-10-07,"株式会社匠翔",,301,"埼玉県","北葛飾郡杉戸町","内田４丁目１１番８号",,11,464,3450035,,,,,,,2026-10-07,1,,,,,"タクト",0
1439,5040001096748,01,1,2026-10-07,2016-08-30,"株式会社あいこう土地建物",,301,"千葉県","松戸市","千駄堀１０２４番地の２１",,12,207,2702252,,,,,,,2016-08-30,1,,,,,"アイコウトチタテモノ",0
1440,5040001120607,12,0,2026-10-07,2026-09-08,"株式会社プラススタイル",,301,"千葉県","銚子市","春日台町９番地の５",,12,202,2880816,,,,,,,2021-10-15,1,,,,,"プラススタイル",0
1441,5040003030829,01,0,2026-10-07,2026-10-07,"アグリカーボン技研合同会社",,305,"千葉県","市川市","東大和田１丁目１番７－１０５号",,12,203,2720026,,,,,,,2026-10-07,1,,,,,"アグリカーボンギケン",0
1442,5040005002388,01,1,2026-10-07,2015-10-05,"エホバの証人の千葉県津田沼会衆",,399,"千葉県","千葉市美浜区","幕張西４丁目７８０６番３",,12,106,2610026,,,,,,,2015-10-05,1,,,,,"エホバノショウニンノチバケンツダヌマカイシュウ",0
1443,5050001024229,01,1,2026-10-07,2015-10-05,"大黒屋水産食品株式会社",,301,"茨城県","北茨城市","平潟町５８２番地",,08,215,3191701,,,,,,,2015-10-05,1,,,,,"ダイコクヤスイサン",0
1444,5050001037461,01,1,2026-10-07,2015-10-05,"株式会社ＴＳ企画",,301,"茨城県","取手市","井野１丁目７番４号",,08,217,3020011,,,,,,,2015-10-05,1,,,,,"ティエスキカク",0
1445,5050001048302,12,0,2026-10-07,2026-10-05,"株式会社ソフト",,301,"東京都","北区","赤羽西６丁目１６－４ウィンベルソロ赤羽第三１０６号",,13,117,1150055,,,,,,,2020-11-04,1,,,,,"ソフト",0
1446,5050001059035,01,0,2026-10-07,2026-10-07,"株式会社Ｕｎｄｅｒ",,301,"茨城県","結城市","大字今宿６８番地８",,08,207,3070028,,,,,,,2026-10-07,1,,,,,"アンダー",0
1447,5050002027453,01,1,2026-10-07,2015-10-05,"有限会社ボヌール洋菓子店",,302,"茨城県","神栖市","息栖字稲荷２８８５番地２４５",,08,232,3140133,,,,,,,2015-10-05,1,,,,,"ボヌールヨウガシテン",0
1448,5060001028501,01,1,2026-10-07,2016-08-05,"株式会社ｏＬｉｖｅ",,301,"栃木県","小山市","大字大行寺１１０７番地５",,09,208,3230041,,,,,,,2016-08-05,1,"oLive Inc.","Tochigi","1107-5, Daigyoji,Oyama shi",,"オリーブ",0
1449,5060001039663,01,0,2026-10-07,2026-10-07,"株式会社検査屋",,301,"栃木県","下都賀郡壬生町","大字北小林１１６１番地１２７",,09,361,3210207,,,,,,,2026-10-07,1,,,,,"ケンサヤ",0
1450,5060005010471,01,0,2026-10-07,2026-10-07,"医療法人健麗会",,399,"栃木県","大田原市","山の手１丁目６番５号",,09,210,3240051,,,,,,,2026-10-07,1,,,,,"ケンレイカイ",0
1451,5070001012108,01,1,2026-10-07,2015-10-05,"株式会社若草印刷",,301,"群馬県","富岡市","黒川７１０番地１",,10,210,3702344,,,,,,,2015-10-05,0,,,,,,0
1452,5070001012108,11,1,2026-10-07,2026-06-02,"株式会社若草プラス",,301,"群馬県","富岡市","黒川７１０番地１",,10,210,3702344,,,,,,,2015-10-05,1,,,,,"ワカクサプラス",0
1453,5070001023823,11,0,2026-10-07,2026-09-29,"渡辺ホールディングス株式会社",,301,"群馬県","吾妻郡嬬恋村","大字三原８７５番地",,10,425,3771526,,,,,,,2015-10-05,1,,,,,"ワタナベホールディングス",0
1454,5070002022543,21,0,2026-10-07,2026-09-29,"有限会社阿部縫製所",,302,"群馬県","桐生市","仲町３丁目５番１４号",,10,203,3760035,,,2026-09-29,01,,,2015-10-05,1,,,,,"アベホウセイジョ",0
1455,5070003003204,21,0,2026-10-07,2026-09-28,"合同会社エバーグリーン",,305,"群馬県","前橋市","亀泉町９番地６",,10,201,3710004,,,2026-09-28,01,,,2018-07-05,1,,,,,"エバーグリーン",0
1456,5080001002446,01,1,2026-10-07,2015-10-05,"静清管工株式会社",,301,"静岡県","静岡市駿河区","小鹿１丁目３４番５号",,22,102,4228021,,,,,,,2015-10-05,1,,,,,"セイシンカンコウ",0
1457,5080001027848,01,0,2026-10-07,2026-10-07,"株式会社ＶＦＡ　Ｐａｒｔｎｅｒｓ",,301,"静岡県","静岡市葵区","呉服町１丁目３０",,22,101,4200031,,,,,,,2026-10-07,1,,,,,"ブイエフエーパートナーズ",0
1458,5080102001784,21,0,2026-10-07,2026-09-29,"有限会社末広屋",,302,"静岡県","沼津市","西浦木負３１０番地の２地先",,22,203,4100231,,,2026-09-29,01,,,2015-10-05,1,,,,,"スエヒロヤ",0
1459,5080401028891,01,0,2026-10-07,2026-10-07,"株式会社ＲＩＳＥ",,301,"静岡県","袋井市","愛野１９６０番地の８",,22,216,4370031,,,,,,,2026-10-07,1,,,,,"ライズ",0
1460,5090001010068,01,1,2026-10-07,2015-10-05,"富士国際ツーリスト株式会社",,301,"山梨県","富士吉田市","中曽根２丁目４番２１号",,19,202,4030007,,,,,,,2015-10-05,1,,,,,"フジコクサイツーリスト",0
1461,5090001018474,11,0,2026-10-07,2026-10-01,"株式会社リンクドア",,301,"山梨県","中巨摩郡昭和町","飯喰１３５４番地１ウイングタウン３号室",,19,384,4093852,,,,,,,2023-12-21,1,,,,,"リンクドア",0
1462,5100001005495,01,1,2026-10-07,2015-10-05,"株式会社唐沢",,301,"長野県","須坂市","大字塩野１１１９番地２",,20,207,3820922,,,,,,,2015-10-05,1,,,,,"カラサワ",0
1463,5100001038768,12,0,2026-10-07,2026-10-05,"株式会社ＭＳＴＨＤ",,301,"東京都","品川区","南大井３丁目２８番３号",,13,109,1400013,,,,,,,2025-07-14,1,,,,,"エムエスティーホールディング",0
1464,5110001020592,01,1,2026-10-07,2015-10-05,"株式会社シャトー・イグレック",,301,"新潟県","上越市","木田１丁目２－１３ケントツインパレス上越８０１号室",,15,222,9430805,,,,,,,2015-10-05,1,,,,,"シャトーイグレック",0
1465,5110001040434,01,0,2026-10-07,2026-10-07,"株式会社誠栄丸",,301,"新潟県","糸魚川市","大字市振９０３番地",,15,216,9490111,,,,,,,2026-10-07,1,,,,,"セイエイマル",0
1466,5110001040442,01,0,2026-10-07,2026-10-07,"株式会社Ｎ．ＦＡＣＴＯＲＹ",,301,"新潟県","長岡市","中之島３７９０番地１",,15,202,9540124,,,,,,,2026-10-07,1,,,,,"エヌファクトリー",0
1467,5110001040467,01,0,2026-10-07,2026-10-07,"株式会社リースキン北越",,301,"新潟県","新潟市北区","太田甲２６６２番地９",,15,101,9503313,,,,,,,2026-10-07,1,,,,,"リースキンホクエツ",0
1468,5120001004421,21,0,2026-10-07,2026-09-28,"株式会社村武産業",,301,"大阪府","大阪市西成区","太子１丁目１３番２２号",,27,122,5570002,,,2026-09-28,01,,,2015-10-05,1,,,,,"ムラタケサンギョウ",0
1469,5120001021482,01,1,2026-10-07,2015-10-05,"株式会社福田",,301,"大阪府","大阪市平野区","平野西６丁目７番２９号",,27,126,5470033,,,,,,,2015-10-05,1,,,,,"フクダ",0
1470,5120001043972,71,0,2026-10-07,2026-10-01,"株式会社シンコー",,301,"大阪府","大阪市西区","南堀江４丁目３０番２８号",,27,106,5500015,,,,,,"令和８年１０月１日大阪市西区南堀江四丁目３０番２８号株式会社ヨシイ（7120001028336）を合併",2015-10-05,1,,,,,"シンコー",0
1471,5120001052767,11,0,2026-10-07,2026-10-06,"株式会社ハウジング森井",,301,"奈良県","香芝市","磯壁６丁目６２７－１",,29,210,6390236,,,,,,,2015-10-05,1,,,,,"ハウジングモリイ",0
1472,5120001111655,01,1,2026-10-07,2015-10-05,"株式会社イデアプランニング",,301,"大阪府","大阪市西区","新町１丁目２番１３号",,27,106,5500013,,,,,,,2015-10-05,1,,,,,"イデアプランニング",0
1473,5120001276762,21,0,2026-10-07,2026-10-02,"和岳株式会社",,301,"大阪府","大阪市城東区","関目５丁目１９番９号関目花博公館５０２Ｂ",,27,118,5360008,,,2026-10-02,01,,,2025-06-12,1,,,,,"ワガク",0
1474,5120001288312,12,0,2026-10-07,2026-09-24,"株式会社Ｐ．Ｌ　ｃｏｍｐａｎｙ",,301,"大阪府","守口市","藤田町４丁目６番２１号",,27,209,5700014,,,,,,,2026-08-07,1,,,,,"ピーエルカンパニー",0
1475,5120001289401,01,0,2026-10-07,2026-10-07,"株式会社イサックジャパン",,301,"大阪府","大阪市西淀川区","御幣島５丁目４番１６号",,27,113,5550012,,,,,,,2026-10-07,1,,,,,"イサックジャパン",0
1476,5120001289616,01,0,2026-10-07,2026-10-07,"株式会社笑縁",,301,"大阪府","大阪市北区","曾根崎新地１丁目２番１１号",,27,127,5300002,,,,,,,2026-10-07,1,,,,,"ショウエン",0
1477,5120001289640,01,0,2026-10-07,2026-10-07,"株式会社スレッドデザインスタジオ",,301,"大阪府","大阪市北区","梅田１丁目３番１号",,27,127,5300001,,,,,,,2026-10-07,1,,,,,"スレッドデザインスタジオ",0
1478,5120002007951,21,0,2026-10-07,2026-10-02,"有限会社共栄歯研",,302,"大阪府","大阪市城東区","中浜２丁目１３番１７号",,27,118,5360024,,,2026-10-02,01,,,2015-10-05,1,,,,,"キョウエイシケン",0
1479,5120002026134,01,1,2026-10-07,2015-10-05,"有限会社アート・サービス",,302,"大阪府","大阪市淀川区","野中北２丁目４番１８号",,27,123,5320034,,,,,,,2015-10-05,1,,,,,"アートサービス",0
1480,5120003017512,12,0,2026-10-07,2026-10-05,"合同会社ＳＰＲＩＮＴＥＲ",,305,"大阪府","大東市","赤井１丁目３番１８号白井ビル３階西号室",,27,218,5740046,,,,,,,2020-05-29,1,,,,,"スプリンター",0
1481,5120003030473,21,0,2026-10-07,2026-10-02,"斉思遠合同会社",,305,"大阪府","大阪市東淀川区","東中島１丁目１７番５－８３１号",,27,114,5330033,,,2026-10-02,01,,,2025-09-08,1,,,,,"サイシエン",0
1482,5120101035647,01,1,2026-10-07,2015-10-05,"株式会社ピーシーエス",,301,"大阪府","羽曳野市","羽曳が丘１丁目６番３号",,27,222,5830864,,,,,,,2015-10-05,1,,,,,"ピーシーエス",0
1483,5120101061602,21,0,2026-10-07,2026-10-02,"株式会社アファメーション",,301,"大阪府","堺市東区","高松３６３番地２",,27,143,5998121,,,2026-10-02,01,,,2020-04-23,1,,,,,"アファメーション",0
1484,5120101062393,12,0,2026-10-07,2026-10-05,"株式会社塗太郎",,301,"大阪府","泉大津市","西港町３番４号",,27,206,5950052,,,,,,,2020-10-02,1,,,,,"ヌリタロウ",0
1485,5120102021547,01,1,2026-10-07,2015-10-05,"有限会社ブラザース・エンデバー",,302,"大阪府","岸和田市","田治米町１５３番地",,27,202,5960805,,,,,,,2015-10-05,1,,,,,"ブラザースエンデバー",0
1486,5120102027379,01,1,2026-10-07,2015-10-05,"有限会社ムカイ",,302,"大阪府","泉南市","信達大苗代３８９番地の１",,27,228,5900505,,,,,,,2015-10-05,1,,,,,"ムカイ",0
1487,5120103002851,21,0,2026-10-07,2026-10-05,"ＢＩデザイン合同会社",,305,"大阪府","富田林市","美山台７番４－３１４号",,27,214,5840039,,,2026-10-05,01,,,2017-10-17,1,,,,,,0
1488,5120901017704,12,0,2026-10-07,2026-09-11,"株式会社ハートフルマリアージュ",,301,"大阪府","大阪市淀川区","西中島４丁目２番２６号",,27,123,5320011,,,,,,,2015-10-05,1,,,,,"ハートフルマリアージュ",0
1489,5120901040490,12,0,2026-10-07,2026-10-01,"株式会社アーネスト",,301,"大阪府","高槻市","城北町１丁目１０番１２号",,27,207,5690071,,,,,,,2018-10-12,1,,,,,"アーネスト",0
1490,5120901053294,01,0,2026-10-07,2026-10-07,"株式会社ＹＯＰＰＹｓ",,301,"大阪府","茨木市","美沢町７番Ａ－７１０号",,27,211,5670862,,,,,,,2026-10-07,1,,,,,"ヨッピーズ",0
1491,5122001024837,12,0,2026-10-07,2026-10-02,"創工パネルシステム株式会社",,301,"大阪府","門真市","打越町８番７号",,27,223,5710029,,,,,,,2015-10-05,1,,,,,"ソウコウパネルシステム",0
1492,5130001038063,21,0,2026-10-07,2026-09-25,"三星工業株式会社",,301,"京都府","八幡市","八幡御幸谷２６番地",,26,210,6148044,,,2026-09-25,01,,,2015-10-05,1,,,,,"ミツボシコウギョウ",0
1493,5130001058532,01,1,2026-10-07,2016-10-26,"株式会社六定",,301,"京都府","京都市東山区","松原通大和大路東入二丁目轆轤町１１２番地",,26,105,6050000,,,,,,,2016-10-26,1,,,,,"ロクサダ",0
1494,5130005016370,12,0,2026-10-07,2026-09-28,"一般社団法人絆",,399,"京都府","亀岡市","南つつじケ丘桜台２丁目３番４号",,26,206,6210847,,,,,,,2022-01-24,1,,,,,"ツナガリ",0
1495,5140001043574,01,1,2026-10-07,2015-10-05,"株式会社まえだ",,301,"兵庫県","加古川市","八幡町上西条１１１２番地の１",,28,210,6751204,,,,,,,2015-10-05,1,,,,,"マエダ",0
1496,5140001105432,01,1,2026-10-07,2017-03-17,"株式会社アーマー",,301,"兵庫県","神戸市兵庫区","荒田町１丁目１０番２４－３５号",,28,105,6520032,,,,,,,2017-03-17,0,,,,,"アーマー",0
1497,5140001105432,12,1,2026-10-07,2026-09-30,"株式会社アーマー",,301,"兵庫県","神戸市西区","伊川谷町有瀬１５８０－６",,28,111,6512113,,,,,,,2017-03-17,1,,,,,"アーマー",0
1498,5140001139117,12,0,2026-10-07,2026-10-06,"Ｍｉｒａｌｉｓ株式会社",,301,"兵庫県","神戸市中央区","浪花町５６ＳＨＩＮＫＡＨｙｏｇｏ内",,28,110,6500035,,,,,,,2025-07-02,1,,,,,"ミラリス",0
1499,5140001144224,01,0,2026-10-07,2026-10-07,"福地建工株式会社",,301,"兵庫県","神戸市北区","桂木３丁目２０番地の７",,28,109,6511223,,,,,,,2026-10-07,1,,,,,"フクチケンコウ",0
1500,5140002020721,01,1,2026-10-07,2015-10-05,"有限会社アクエス",,302,"兵庫県","神戸市西区","小山１丁目８番１２号",,28,111,6512144,,,,,,,2015-10-05,1,,,,,"アクエス",0
1501,5140002061947,01,1,2026-10-07,2015-10-05,"細尾布帛有限会社",,302,"兵庫県","多可郡多可町","八千代区大屋２０２番地",,28,365,6770101,,,,,,,2015-10-05,1,,,,,"ホソオフハク",0
1502,5140003005845,01,1,2026-10-07,2015-10-05,"合同会社ボディ・バランスクリニック振興協会",,305,"兵庫県","明石市","北朝霧丘１丁目１６２９番地の５９メゾンドール明石山ノ手台８１８号",,28,203,6730857,,,,,,,2015-10-05,1,,,,,"ボディバランスクリニックシンコウキョウカイ",0
1503,5150001029044,12,0,2026-10-07,2026-10-05,"云坤エナジー株式会社",,301,"大阪府","大阪市中央区","船場中央３丁目３番９号船場センタービル９号館２２１号室",,27,128,5410055,,,,,,,2026-06-15,1,,,,,"ウンコンエナジー",0
1504,5150001029283,01,0,2026-10-07,2026-10-07,"株式会社ＡＩＬＥ　ＮＥＸＴ",,301,"奈良県","奈良市","西大寺東町２丁目１番５５丸和西大寺ビル２Ｆ",,29,201,6310821,,,,,,,2026-10-07,1,,,,,"エールネクスト",0
1505,5160001027947,01,0,2026-10-07,2026-10-07,"Ｇ‐ＮＥＸＵＳ株式会社",,301,"滋賀県","大津市","滋賀里１丁目１０番１７号",,25,201,5200006,,,,,,,2026-10-07,1,,,,,"ジーネクサス",0
1506,5160001027955,01,0,2026-10-07,2026-10-07,"株式会社ＫＵＵＳＰＡ",,301,"滋賀県","大津市","萱野浦２０番１２号",,25,201,5202143,,,,,,,2026-10-07,1,,,,,"クースパ",0
1507,5160001027971,01,0,2026-10-07,2026-10-07,"株式会社エムワイガーデン",,301,"滋賀県","東近江市","佐野町１６７番地６",,25,213,5211222,,,,,,,2026-10-07,1,,,,,"エムワイガーデン",0
1508,5170001019282,01,0,2026-10-07,2026-10-07,"東建ロジスティックス株式会社",,301,"和歌山県","和歌山市","栗栖１０８０番地４",,30,201,6408305,,,,,,,2026-10-07,1,,,,,"トウケンロジスティックス",0
1509,5170001019290,01,0,2026-10-07,2026-10-07,"株式会社ＬＩＣＫＹ",,301,"和歌山県","和歌山市","小倉２９０－１７",,30,201,6496261,,,,,,,2026-10-07,1,,,,,"リッキー",0
1510,5180001041871,12,0,2026-10-07,2026-10-05,"リゾートトラスト株式会社",,301,"愛知県","名古屋市中区","新栄町２丁目１３番地",,23,106,4600004,,,,,,,2015-10-05,1,,,,,"リゾートトラスト",0
1511,5180001173665,01,0,2026-10-07,2026-10-07,"株式会社Ｋｎｏｔ　Ａｃｃｏｕｎｔｉｎｇ",,301,"愛知県","長久手市","東浦２０１番地１",,23,238,4801174,,,,,,,2026-10-07,1,,,,,"ノットアカウンティング",0
1512,5180001173681,01,0,2026-10-07,2026-10-07,"うちがわデザイン株式会社",,301,"愛知県","日進市","竹の山１丁目１７０７竹の山テラス２Ｄ",,23,230,4700136,,,,,,,2026-10-07,1,,,,,"ウチガワデザイン",0
1513,5180001173756,01,0,2026-10-07,2026-10-07,"株式会社ＣＯＲＯＭＯＧＡＵＲＡ",,301,"愛知県","半田市","新居町５丁目１１５番地",,23,205,4750039,,,,,,,2026-10-07,1,,,,,"コロモガウラ",0
1514,5180001173789,01,0,2026-10-07,2026-10-07,"株式会社ＢＰエステイト",,301,"愛知県","名古屋市中村区","名駅３丁目２５番９号",,23,105,4500002,,,,,,,2026-10-07,1,,,,,"ビーピーエステイト",0
1515,5180001173814,01,0,2026-10-07,2026-10-07,"株式会社ユースファクトリー",,301,"愛知県","名古屋市中区","栄５丁目５番３５号プレサンスロジェ栄パークサウス１３０１号",,23,106,4600008,,,,,,,2026-10-07,1,,,,,"ユースファクトリー",0
1516,5180001173822,01,0,2026-10-07,2026-10-07,"株式会社Ｍ．Ｓ．Ｐ",,301,"愛知県","日進市","竹の山２丁目１４３０番地",,23,230,4700136,,,,,,,2026-10-07,1,,,,,"エムエスピー",0
1517,5180001173847,01,0,2026-10-07,2026-10-07,"株式会社ｉｎｏｕｅ",,301,"愛知県","名古屋市昭和区","神村町２丁目６０番地の１",,23,107,4660802,,,,,,,2026-10-07,1,,,,,"イノウエ",0
1518,5180002051201,12,0,2026-10-07,2026-10-01,"有限会社コウミョウ",,302,"愛知県","名古屋市中川区","八幡本通２丁目２４番地エスポア中川２０１号",,23,110,4540031,,,,,,,2015-10-05,1,,,,,"コウミョウ",0
1519,5180002053362,01,1,2026-10-07,2015-10-05,"有限会社カンエンタープライズ",,302,"愛知県","名古屋市昭和区","吹上町１丁目６５番地の６",,23,107,4660002,,,,,,,2015-10-05,0,,,,,"カンエンタープライズ",0
1520,5180002053362,12,1,2026-10-07,2026-09-15,"有限会社カンエンタープライズ",,302,"愛知県","名古屋市昭和区","吹上町１丁目８番地",,23,107,4660002,,,,,,,2015-10-05,1,,,,,"カンエンタープライズ",0
1521,5180002073971,01,1,2026-10-07,2015-10-05,"有限会社セデックジャパン",,302,"愛知県","瀬戸市","東赤重町２丁目１２７番地",,23,204,4890877,,,,,,,2015-10-05,0,,,,,"セデックジャパン",0
1522,5180002073971,12,1,2026-10-07,2026-09-25,"有限会社セデックジャパン",,302,"愛知県","瀬戸市","宮脇町３番地の５",,23,204,4890074,,,,,,,2015-10-05,1,,,,,"セデックジャパン",0
1523,5180005019906,11,0,2026-10-07,2026-10-02,"一般社団法人すえながくサポート",,399,"愛知県","名古屋市中村区","烏森町２丁目１２番地",,23,105,4530855,,,,,,,2022-08-25,1,,,,,"スエナガクサポート",0
1524,5180005021688,01,0,2026-10-07,2026-10-07,"医療法人嘉の杜",,399,"愛知県","弥富市","鯏浦町車東１３番地",,23,235,4980021,,,,,,,2026-10-07,1,,,,,"ヨシノモリ",0
1525,5180301012853,21,0,2026-10-07,2026-10-05,"株式会社グローイング",,301,"大阪府","東大阪市","菱江２丁目８番２７号",,27,227,5780984,,,2026-10-05,11,2120102002979,"令和８年１０月１日大阪府堺市堺区砂道町二丁３番２２号株式会社ダイセン（2120102002979）に合併し解散",2015-10-05,1,,,,,"グローイング",0
1526,5190001033439,01,1,2026-10-07,2026-09-16,"ＹＡＭＡＭＩ　ＴＥＡ株式会社",,301,"三重県","四日市市","水沢町西野２８１－４",,24,202,5121105,,,,,,,2026-09-16,1,"YAMAMI TEA Co., Ltd.","Mie","281-4, Nishino, Suizawa cho, Yokkaichi shi",,"ヤマミティー",0
1527,5190005011829,12,0,2026-10-07,2026-10-01,"一般社団法人ハル",,399,"三重県","鈴鹿市","下大久保町１７７９番地の１",,24,207,5131123,,,,,,,2023-06-07,1,,,,,"ハル",0
1528,5200001045523,01,0,2026-10-07,2026-10-07,"Ｌｉ‐ｎｏ株式会社",,301,"岐阜県","養老郡養老町","鷲巣１１７３番地１",,21,341,5031261,,,,,,,2026-10-07,1,,,,,"リーノ",0
1529,5200002018156,12,0,2026-10-07,2026-09-30,"株式会社ニューハーベスト",,301,"岐阜県","可児市","東帷子１０２３番地６",,21,214,5090256,,,,,,,2015-10-05,1,,,,,"ニューハーベスト",0
1530,5200003001474,01,1,2026-10-07,2015-10-05,"合資会社長久堂",,304,"岐阜県","羽島郡笠松町","上本町８３番地",,21,303,5016051,,,,,,,2015-10-05,1,,,,,"チョウキュウドウ",0
1531,5200003007488,01,0,2026-10-07,2026-10-07,"合同会社田村表具店",,305,"岐阜県","各務原市","前渡東町４丁目１０１番",,21,213,5040922,,,,,,,2026-10-07,1,,,,,"タムラヒョウグテン",0
1532,5210001016449,01,1,2026-10-07,2016-08-23,"株式会社Ｇ・Ｓ・Ｉ",,301,"福井県","越前市","芝原４丁目１番３３号",,18,209,9150805,,,,,,,2016-08-23,1,,,,,"ジーエスアイ",0
1533,5220001023683,12,0,2026-10-07,2026-10-02,"ナインズガーデン株式会社",,301,"石川県","金沢市","松村６丁目１３２番地",,17,201,9200348,,,,,,,2020-08-14,1,,,,,"ナインズガーデン",0
1534,5230001021629,01,0,2026-10-07,2026-10-07,"はやぶさモビリティ株式会社",,301,"富山県","富山市","下新本町１０番地５３",,16,201,9300803,,,,,,,2026-10-07,1,,,,,"ハヤブサモビリティ",0
1535,5240001063323,12,0,2026-10-07,2026-10-01,"株式会社元永会計",,301,"広島県","広島市西区","山手町１６番１０－２号",,34,104,7330804,,,,,,,2024-06-04,1,,,,,"モトナガカイケイ",0
1536,5240002048595,01,1,2026-10-07,2015-10-05,"有限会社みどり屋",,302,"広島県","安芸郡熊野町","中溝３丁目８番１４号",,34,307,7314214,,,,,,,2015-10-05,1,,,,,"ミドリヤ",0
1537,5240005014165,01,1,2026-10-07,2016-05-16,"特定非営利活動法人就労ネット",,399,"広島県","広島市西区","高須３丁目９番－１７号",,34,104,7330871,,,,,,,2016-05-16,1,,,,,"シュウロウネット",0
1538,5250001013987,12,0,2026-10-07,2026-10-05,"株式会社岩新工業",,301,"山口県","柳井市","旭ケ丘６番５号",,35,212,7421351,,,,,,,2015-10-05,1,,,,,"イワシンコウギョウ",0
1539,5250001016255,12,0,2026-10-07,2026-10-02,"株式会社シュンテック",,301,"山口県","周南市","福川南町１番３３号",,35,215,7460042,,,,,,,2016-11-02,1,,,,,,0
1540,5250001021874,01,0,2026-10-07,2026-10-07,"神田興業株式会社",,301,"山口県","下関市","豊田町大字殿敷２４６４－２",,35,201,7500421,,,,,,,2026-10-07,1,,,,,"カンダコウギョウ",0
1541,5260001011412,11,0,2026-10-07,2026-09-28,"ＮＸジャパン株式会社",,301,"大阪府","大阪市北区","梅田１丁目１３番地１号",,27,127,5300001,,,,,,,2015-10-05,1,,,,,"エヌエックスジャパン",0
1542,5260001036483,12,0,2026-10-07,2026-10-05,"株式会社タークス不動産",,301,"岡山県","岡山市南区","新福１丁目１番１８号",,33,104,7000943,,,,,,,2022-02-02,1,,,,,"タークスフドウサン",0
1543,5260001038884,12,0,2026-10-07,2026-10-01,"株式会社Ｃｏｃｃｏｌｅ",,301,"岡山県","瀬戸内市","邑久町尾張１２０番地１",,33,212,7014221,,,,,,,2024-03-25,1,,,,,"コッコレ",0
1544,5260002022788,12,0,2026-10-07,2026-10-02,"有限会社ジャパンライン",,302,"岡山県","倉敷市","亀山４４９番地１",,33,202,7100024,,,,,,,2015-10-05,1,,,,,,0
1545,5270002008258,01,1,2026-10-07,2015-10-05,"有限会社川崎電気",,302,"鳥取県","西伯郡大山町","栄田６１３番地３",,31,386,6893115,,,,,,,2015-10-05,1,,,,,"カワサキデンキ",0
1546,5280001009719,01,0,2026-10-07,2026-10-07,"ＴＫホールディングス株式会社",,301,"島根県","益田市","遠田町３８１５番地１",,32,204,6993676,,,,,,,2026-10-07,1,,,,,"ティーケーホールディングス",0
1547,5280005006695,01,1,2026-10-07,2015-10-05,"一般社団法人島根県歯科技工士会",,399,"島根県","松江市","東津田町１２２２番地５",,32,201,6900011,,,,,,,2015-10-05,1,,,,,"シマネケンシカギコウシカイ",0
1548,5290001039384,21,0,2026-10-07,2026-09-14,"株式会社スターサイトシステムズ",,301,"福岡県","糟屋郡粕屋町","大字戸原８４９",,40,349,8112312,,,2026-09-14,01,,,2015-10-05,1,,,,,"スターサイトシステムズ",0
1549,5290001069092,12,0,2026-10-07,2026-10-05,"株式会社ロジバル",,301,"福岡県","福岡市東区","香椎照葉１丁目３番７号",,40,131,8130017,,,,,,,2015-10-05,1,"Logibal Co.,Ltd.",,,,"ロジバル",0
1550,5290001111787,01,1,2026-10-07,2025-10-14,"Ｓｐｅａｒｈｅａｄ株式会社",,301,"福岡県","久留米市","天神町１－１米城ビルディング９階",,40,203,8300033,,,,,,,2025-10-14,1,,,,,"スピアヘッド",0
1551,5290001113833,12,0,2026-10-07,2026-09-16,"株式会社エフェクト",,301,"福岡県","福岡市博多区","博多駅東３丁目１－２９博多第２ムカヰビル８０５",,40,132,8120013,,,,,,,2026-04-16,1,,,,,"エフェクト",0
1552,5290001115573,01,0,2026-10-07,2026-10-07,"株式会社ＢＥ",,301,"福岡県","福岡市東区","箱崎ふ頭３丁目３番２１－１３０３号ＬＥＸＵＳＧＡＲＤＥＮ箱崎タワーズＥＡＳＴ",,40,131,8120051,,,,,,,2026-10-07,1,,,,,"ビー",0
1553,5290001115648,01,0,2026-10-07,2026-10-07,"株式会社九州の宝箱",,301,"福岡県","福岡市中央区","天神１丁目１０番１０号４階ＦｕｋｕｏｋａＩｎｎｏｖａｔｉｏｎＬａｂ．Ｔｅｎｊｉｎ",,40,133,8100001,,,,,,,2026-10-07,1,,,,,"キュウシュウノタカラバコ",0
1554,5290001115722,01,0,2026-10-07,2026-10-07,"株式会社ヒカリ住宅サポート",,301,"福岡県","宗像市","緑町１２９番地",,40,220,8114172,,,,,,,2026-10-07,1,,,,,"ヒカリジュウタクサポート",0
1555,5290003018972,01,0,2026-10-07,2026-10-07,"合同会社魚照",,305,"福岡県","久留米市","京町１７１番地１－７０１号",,40,203,8300028,,,,,,,2026-10-07,1,,,,,"ウオテル",0
1556,5290801032869,01,0,2026-10-07,2026-10-07,"株式会社はんじろう",,301,"福岡県","北九州市八幡西区","折尾４丁目２番１９号１Ｆ",,40,109,8070825,,,,,,,2026-10-07,1,,,,,"ハンジロウ",0
1557,5300001003512,21,0,2026-10-07,2026-10-01,"佐賀ガス株式会社",,301,"佐賀県","佐賀市","兵庫町大字西渕１９９６番地",,41,201,8490914,,,2026-10-01,11,6300001006621,"令和８年１０月１日佐賀県神埼郡吉野ヶ里町立野５７４番地三愛オブリガス三神株式会社（6300001006621）に合併し解散",2015-10-05,1,,,,,"サガガス",0
1558,5320001021925,01,0,2026-10-07,2026-10-07,"株式会社Ｒｉｍ’ｓ　Ｆａｃｔｏｒｙ．",,301,"大分県","宇佐市","大字長洲１４９４番地の６",,44,211,8720001,,,,,,,2026-10-07,1,,,,,"リムズファクトリー",0
1559,5320003002725,12,0,2026-10-07,2026-09-30,"合同会社吉",,305,"大分県","大分市","新栄町１０番６号ユナイテッド萩原４０１",,44,201,8700919,,,,,,,2018-01-09,1,,,,,"キチ",0
1560,5330001034728,01,0,2026-10-07,2026-10-07,"株式会社かじゅある",,301,"熊本県","葦北郡芦北町","大字田浦２００７番地",,43,482,8695302,,,,,,,2026-10-07,1,,,,,"カジュアル",0
1561,5330003011782,01,0,2026-10-07,2026-10-07,"合同会社Ｙ",,305,"熊本県","菊池市","赤星１３８１番地",,43,210,8611311,,,,,,,2026-10-07,1,,,,,"ワイ",0
1562,5340001028225,12,0,2026-10-07,2026-10-02,"グッドワン九州株式会社",,301,"鹿児島県","鹿児島市","小松原２丁目５－２５",,46,201,8910114,,,,,,,2026-06-09,1,,,,,"グッドワンキュウシュウ",0
1563,5340001028480,01,0,2026-10-07,2026-10-07,"株式会社ａｙｋ　Ｐｌａｎｎｉｎｇ",,301,"鹿児島県","鹿児島市","上之園町２６番地３１",,46,201,8900052,,,,,,,2026-10-07,1,,,,,"エーワイケープランニング",0
1564,5340002000760,21,0,2026-10-07,2026-10-02,"有限会社アイデイ企画",,302,"鹿児島県","鹿児島市","吉野町５７５７番地３",,46,201,8920871,,,2026-10-02,01,,,2015-10-05,1,,,,,"アイデイキカク",0
1565,5340002026938,12,0,2026-10-07,2026-10-02,"有限会社エコロクリーン",,302,"鹿児島県","肝属郡肝付町","宮下２１０番地４",,46,492,8931205,,,,,,,2015-10-05,1,,,,,,0
1566,5340005008891,01,1,2026-10-07,2018-07-13,"一般社団法人全国個人事業主支援協会",,399,"鹿児島県","奄美市","笠利町大字笠利３３４４番地５",,46,222,8940622,,,,,,,2018-07-13,0,,,,,,0
1567,5340005008891,12,1,2026-10-07,2026-06-18,"一般社団法人全国個人事業主支援協会",,399,"東京都","豊島区","北大塚２丁目１０番９号鈴木ビル２階",,13,116,1700004,,,,,,,2018-07-13,1,,,,,,0
1568,5350001004869,21,0,2026-10-07,2026-10-02,"株式会社ＳＪＫ",,301,"宮崎県","宮崎市","大字島之内１０５９２番地１",,45,201,8800121,,,2026-10-02,01,,,2015-10-05,1,,,,,"エスジェイケイ",0
1569,5350001005966,12,0,2026-10-07,2026-10-01,"株式会社小野田地建",,301,"宮崎県","宮崎市","下北方町上田々９４１番地３やまびこ夢まんしょん１０１号室",,45,201,8800035,,,,,,,2015-10-05,1,,,,,"オノダチケン",0
1570,5350001018943,11,0,2026-10-07,2026-10-01,"まつもと株式会社",,301,"宮崎県","延岡市","北町２丁目２番地１４",,45,203,8820814,,,,,,,2024-05-13,1,,,,,"マツモト",0
1571,5350002008968,01,1,2026-10-07,2015-10-05,"有限会社夢のひかり",,302,"宮崎県","宮崎市","田野町甲７６２２番地１",,45,201,8891701,,,,,,,2015-10-05,1,,,,,"ユメノヒカリ",0
1572,5350002016665,01,1,2026-10-07,2015-10-05,"有限会社高橋石油店",,302,"宮崎県","日南市","西弁分５丁目２番地５",,45,204,8870024,,,,,,,2015-10-05,1,,,,,"タカハシセキユテン",0
1573,5360003007753,01,1,2026-10-07,2016-09-06,"合同会社ズケラン技建",,305,"沖縄県","中頭郡中城村","字北上原１１１０番地２",,47,328,9012423,,,,,,,2016-09-06,1,,,,,"ズケランギケン",0
1574,5360003016201,01,0,2026-10-07,2026-10-07,"合同会社徳エンジニア",,305,"沖縄県","宜野湾市","真栄原１丁目８番１２号",,47,205,9012215,,,,,,,2026-10-07,1,,,,,"トクエンジニア",0
1575,5370001054268,01,0,2026-10-07,2026-10-07,"株式会社育英アセット",,301,"宮城県","仙台市青葉区","上杉３丁目３番３２－２０２号",,04,101,9800011,,,,,,,2026-10-07,1,,,,,"イクエイアセット",0
1576,5370003007777,01,0,2026-10-07,2026-10-07,"合同会社フルライン",,305,"宮城県","岩沼市","北長谷字畑向山２番地の５",,04,211,9892455,,,,,,,2026-10-07,1,,,,,"フルライン",0
1577,5380001036331,01,0,2026-10-07,2026-10-07,"米本アルテック株式会社",,301,"福島県","いわき市","若葉台２丁目３番地の３",,07,204,9718138,,,,,,,2026-10-07,1,,,,,"ヨネモトアルテック",0
1578,5380003001861,01,1,2026-10-07,2015-10-05,"曙酒造合資会社",,304,"福島県","河沼郡会津坂下町","字戊亥乙２番地",,07,421,9696537,,,,,,,2015-10-05,0,,,,,"アケボノシュゾウ",0
1579,5380003001861,11,1,2026-10-07,2020-10-01,"曙酒造株式会社",,301,"福島県","河沼郡会津坂下町","字戊亥乙２番地",,07,421,9696537,,,,,,,2015-10-05,1,,,,,"アケボノシュゾウ",0
1580,5390005007922,12,0,2026-10-07,2026-10-01,"一般社団法人上山市医師会",,399,"山形県","上山市","御井戸丁３番３号",,06,207,9993157,,,,,,,2015-10-05,1,,,,,"カミノヤマシイシカイ",0
1581,5400001003816,21,0,2026-10-07,2026-10-01,"丸幸商事株式会社",,301,"岩手県","紫波郡矢巾町","流通センター南１丁目７番５号",,03,322,0200891,,,2026-10-01,01,,,2015-10-05,1,,,,,"マルコウショウジ",0
1582,5430001020486,21,0,2026-10-07,2026-10-01,"株式会社札幌流通加工サービス",,301,"北海道","石狩市","新港西２丁目７７０番地１",,01,235,0613241,,,2026-10-01,11,6430001009470,"令和８年１０月１日札幌市中央区南十九条西六丁目３番５号エア・ウォーター物流株式会社（6430001009470）に合併し解散",2015-10-05,1,,,,,"サッポロリュウツウカコウサービス",0
1583,5430001044675,12,0,2026-10-07,2026-10-01,"株式会社いちごいちえ",,301,"北海道","札幌市豊平区","月寒東三条１７丁目１５番３６号",,01,105,0620053,,,,,,,2015-10-05,1,,,,,"イチゴイチエ",0
1584,5430001064491,12,0,2026-10-07,2026-10-01,"株式会社資産管理センター",,301,"北海道","登別市","富士町２丁目１４番地１",,01,230,0590014,,,,,,,2015-10-05,1,,,,,"シサンカンリセンター",0
1585,5430001070589,01,1,2026-10-07,2016-01-07,"株式会社ＳＫ",,301,"北海道","札幌市西区","二十四軒四条３丁目４番３５－５１２号",,01,107,0630804,,,,,,,2016-01-07,0,,,,,"エスケー",0
1586,5430001070589,12,1,2026-10-07,2017-12-04,"株式会社ＳＫ",,301,"北海道","札幌市西区","八軒一条東１丁目６番１０－３０２号",,01,107,0630861,,,,,,,2016-01-07,1,,,,,"エスケー",0
1587,5430001097789,01,0,2026-10-07,2026-10-07,"株式会社ＴＯＲＡＩ",,301,"北海道","札幌市北区","屯田七条１２丁目１０番１６号",,01,102,0020857,,,,,,,2026-10-07,1,,,,,"トウライ",0
1588,5430001097822,01,0,2026-10-07,2026-10-07,"株式会社ＲＥＬＡＹ　ＳＴＡＮＤＡＲＤ",,301,"北海道","札幌市豊平区","月寒東一条１５丁目４番１－１００３号",,01,105,0620051,,,,,,,2026-10-07,1,,,,,"リレイスタンダード",0
1589,5430001097839,01,0,2026-10-07,2026-10-07,"株式会社学習塾Ｒｏｏｔｓ",,301,"北海道","札幌市中央区","南十五条西１９丁目１番３４号",,01,101,0640915,,,,,,,2026-10-07,1,,,,,"ガクシュウジュクルーツ",0
1590,5430003015633,11,0,2026-10-07,2026-10-06,"合同会社Ｍ７",,305,"北海道","札幌市豊平区","平岸三条１２丁目１番３３号第一ヒラギシビル２階",,01,105,0620933,,,,,,,2023-11-16,1,,,,,"エムセブン",0
1591,5430003019469,01,0,2026-10-07,2026-10-07,"合同会社リーフ１０００",,305,"北海道","札幌市手稲区","富丘四条７丁目５－１８",,01,109,0060014,,,,,,,2026-10-07,1,,,,,"リーフセン",0
1592,5430003019493,01,0,2026-10-07,2026-10-07,"合同会社明空",,305,"北海道","札幌市手稲区","明日風５丁目１０番２６号",,01,109,0060861,,,,,,,2026-10-07,1,,,,,"アケソラ",0
1593,5430003019510,01,0,2026-10-07,2026-10-07,"合同会社キッチンわくわく",,305,"北海道","沙流郡日高町","字厚賀町１６５番地の１",,01,601,0592243,,,,,,,2026-10-07,1,,,,,"キッチンワクワク",0
1594,5450002003983,21,0,2026-10-07,2026-09-29,"有限会社西山商店",,302,"北海道","旭川市","大雪通６丁目",,01,204,0700010,,,2026-09-29,01,,,2015-10-05,1,,,,,"ニシヤマショウテン",0
1595,5450002011540,01,1,2026-10-07,2015-10-05,"有限会社ノースイースターファーム",,302,"北海道","宗谷郡猿払村","芦野３２４０番地１４",00090780,01,511,0986225,,,,,,,2015-10-05,1,,,,,"ノースイースターファーム",0
1596,5460005001604,01,0,2026-10-07,2026-10-07,"医療法人社団釧路中央メンタルクリニック",,399,"北海道","釧路市","幸町８丁目３番地２",,01,206,0850017,,,,,,,2026-10-07,1,,,,,"クシロチュウオウメンタルクリニック",0
1597,5470001018295,12,0,2026-10-07,2026-10-02,"株式会社Ｕ．ｂｏｘ",,301,"香川県","高松市","錦町１丁目１３番１３号",,37,201,7600020,,,,,,,2020-11-26,1,,,,,"ユーボックス",0
1598,5470002001135,01,1,2026-10-07,2015-10-05,"有限会社上枝鉄筋",,302,"香川県","高松市","木太町６７６番地",,37,201,7600080,,,,,,,2015-10-05,1,,,,,"ウエエダテッキン",0
1599,5490001011455,01,0,2026-10-07,2026-10-07,"株式会社トロワミューズ",,301,"高知県","香美市","土佐山田町３４２番地１５",,39,212,7820047,,,,,,,2026-10-07,1,,,,,"トロワミューズ",0
1600,5500001027169,01,0,2026-10-07,2026-10-07,"株式会社大川組",,301,"愛媛県","松山市","東方町甲２０８０番地３",,38,201,7911123,,,,,,,2026-10-07,1,,,,,"オオカワグミ",0
1601,5500005001715,01,1,2026-10-07,2015-10-05,"医療法人萠生会",00008419,399,"愛媛県","伊予市","下吾川字北野３８１番地１",,38,210,7993111,,,,,,,2015-10-05,0,,,,,"ホウセイカイ",0
1602,5500005001715,12,1,2026-10-07,2026-10-01,"医療法人萠生会",00008419,399,"愛媛県","伊予市","下吾川３８１番地１",,38,210,7993111,,,,,,,2015-10-05,1,,,,,"ホウセイカイ",0
1603,6010001012335,21,0,2026-10-07,2026-09-09,"株式会社エヌ・ケイ・ジェイ",,301,"東京都","千代田区","神田三崎町３丁目７番１２号",,13,101,1010061,,,2026-09-09,01,,,2015-10-05,1,,,,,"エヌケイジェイ",0
1604,6010001101220,01,1,2026-10-07,2015-10-05,"株式会社デライト",,301,"東京都","千代田区","三崎町２丁目１４－２",,13,101,1010061,,,,,,,2015-10-05,0,,,,,"デライト",0
1605,6010001101220,12,1,2026-10-07,2018-02-06,"株式会社デライト",,301,"東京都","千代田区","神田三崎町２丁目１４－２",,13,101,1010061,,,,,,,2015-10-05,1,,,,,"デライト",0
1606,6010001116714,12,0,2026-10-07,2026-09-07,"スコラ株式会社",,301,"東京都","港区","三田１丁目４番６０号ＰＭ１０３",,13,103,1080073,,,,,,,2015-10-05,1,,,,,"スコラ",0
1607,6010001220549,12,0,2026-10-07,2026-09-07,"ＲＩＮＡ　Ｊａｐａｎ株式会社",,301,"東京都","中央区","新富１丁目１８－８ＲＢＭ築地スクエアビル５階",,13,102,1040041,,,,,,,2021-08-19,1,,,,,"リナジャパン",0
1608,6010001239647,12,0,2026-10-07,2026-10-05,"株式会社マギクリエイト",,301,"東京都","目黒区","東山１丁目８番６号",,13,110,1530043,,,,,,,2023-11-06,1,,,,,"マギクリエイト",0
1609,6010001265800,01,1,2026-10-07,2026-06-04,"Ｕｒｓａ３株式会社",,301,"東京都","千代田区","丸の内２丁目４番１号丸の内ビルディング１２階",,13,101,1000005,,,,,,,2026-06-04,1,,,,,,0
1610,6010001269108,01,0,2026-10-07,2026-10-07,"スマートアドサイネージ株式会社",,301,"東京都","中央区","日本橋蛎殻町１丁目３６番７号蛎殻町千葉ビル８階",,13,102,1030014,,,,,,,2026-10-07,1,,,,,"スマートアドサイネージ",0
1611,6010001269470,01,0,2026-10-07,2026-10-07,"株式会社ＦＬＩＰ第３９７号",,301,"東京都","千代田区","丸の内２丁目７番２号",,13,101,1000005,,,,,,,2026-10-07,1,,,,,"エフエルアイピーダイサンビャクキュウジュウナナゴウ",0
1612,6010001269479,01,0,2026-10-07,2026-10-07,"株式会社ＦＬＩＰ第４０６号",,301,"東京都","千代田区","丸の内２丁目７番２号",,13,101,1000005,,,,,,,2026-10-07,1,,,,,"エフエルアイピーダイヨンヒャクロクゴウ",0
1613,6010001269487,01,0,2026-10-07,2026-10-07,"株式会社ＦＬＩＰ第４１４号",,301,"東京都","千代田区","丸の内２丁目７番２号",,13,101,1000005,,,,,,,2026-10-07,1,,,,,"エフエルアイピーダイヨンヒャクジュウヨンゴウ",0
1614,6010001269495,01,0,2026-10-07,2026-10-07,"株式会社ＳＨＩＰ第１０５４号",,301,"東京都","千代田区","丸の内２丁目７番２号",,13,101,1000005,,,,,,,2026-10-07,1,,,,,"エスエイチアイピーダイセンゴジュウヨンゴウ",0
1615,6010002016962,01,1,2026-10-07,2015-10-05,"有限会社いしばし",,302,"東京都","中央区","新川１丁目８番２４号",,13,102,1040033,,,,,,,2015-10-05,1,,,,,"イシバシ",0
1616,6010003051414,12,0,2026-10-07,2026-09-04,"志殻合同会社",,305,"東京都","中央区","銀座１丁目１２番４号Ｎ＆ＥＢＬＤ．６Ｆ",,13,102,1040061,,,,,,,2026-06-02,1,,,,,"シカク",0
1617,6010003052858,01,0,2026-10-07,2026-10-07,"合同会社Ａｉｌｙｎｅ　Ｓｔｙｌｅ",,305,"東京都","中央区","日本橋室町１丁目１１番１２号",,13,102,1030022,,,,,,,2026-10-07,1,,,,,"アイリーンスタイル",0
1618,6010003052874,01,0,2026-10-07,2026-10-07,"Ｔ’ｓＢＡＳＥ合同会社",,305,"東京都","文京区","本駒込６丁目２５番５号ＨＯＮＫＯＭＡＧＯＭＥ・ＮＩＳＨＩＧＡＩ・ＢＵＩＬＤＩＮＧ９Ｆ",,13,105,1130021,,,,,,,2026-10-07,1,,,,,"ティーズベース",0
1619,6010005015904,11,0,2026-10-07,2026-10-01,"公益財団法人花王財団",,399,"東京都","中央区","日本橋茅場町１丁目１４番１０号",,13,102,1030025,,,,,,,2015-10-05,1,,,,,"カオウザイダン",0
1620,6010005042535,01,0,2026-10-07,2026-10-07,"ＴＯＫ３Ｄ特定目的会社",,399,"東京都","千代田区","丸の内１丁目４番１号東京共同会計事務所内",,13,101,1000005,,,,,,,2026-10-07,1,,,,,"トックスリーディー",0
1621,6010103002911,01,0,2026-10-07,2026-10-07,"合同会社ＭＪＰ",,305,"東京都","八王子市","松木１８－２６－１０５",,13,201,1920362,,,,,,,2026-10-07,1,,,,,"エムジェイピー",0
1622,6010401030390,12,0,2026-10-07,2026-09-07,"株式会社ユニカルインターナショナル",,301,"東京都","港区","南青山３丁目１番３６号青山丸竹ビル６Ｆ",,13,103,1070062,,,,,,,2015-10-05,1,,,,,"ユニカルインターナショナル",0
1623,6010401160279,12,0,2026-10-07,2026-09-08,"株式会社ザリビー",,301,"東京都","文京区","本郷３丁目３８番１０号",,13,105,1130033,,,,,,,2021-05-24,1,,,,,"ザリビー",0
1624,6010401195597,12,0,2026-10-07,2026-10-06,"株式会社リセル",,301,"東京都","板橋区","新河岸２丁目９番１２号１Ｆ",,13,119,1750081,,,,,,,2026-01-09,1,,,,,"リセル",0
1625,6010401202155,01,0,2026-10-07,2026-10-07,"株式会社Ｒｉｖｅｔ",,301,"東京都","港区","芝５丁目１６‐１４・三田ノックスビル３Ｆ・４Ｆ",,13,103,1080014,,,,,,,2026-10-07,1,,,,,"リベット",0
1626,6010401202270,01,0,2026-10-07,2026-10-07,"株式会社ＺＥＮＯＶＡ",,301,"東京都","港区","六本木３丁目１番３０号Ａ・Ｂビル６階",,13,103,1060032,,,,,,,2026-10-07,1,,,,,"ゼノーバ",0
1627,6010401202436,01,0,2026-10-07,2026-10-07,"ＦＭＣホールディングス株式会社",,301,"東京都","港区","麻布狸穴町４４番地１、７０３",,13,103,1060042,,,,,,,2026-10-07,1,,,,,"エフエムシーホールディングス",0
1628,6010401202568,01,0,2026-10-07,2026-10-07,"株式会社ＰＣＧ",,301,"東京都","港区","南青山３丁目１番３６号青山丸竹ビル６Ｆ",,13,103,1070062,,,,,,,2026-10-07,1,,,,,"ピーシージー",0
1629,6010401202576,01,0,2026-10-07,2026-10-07,"株式会社Ｍ＆Ｋ　Ｙａｇｕｍｏ",,301,"東京都","港区","愛宕２丁目５番１号愛宕グリーンヒルズＭＯＲＩタワー２７階",,13,103,1050002,,,,,,,2026-10-07,1,,,,,"エムアンドケイヤグモ",0
1630,6010401202584,01,0,2026-10-07,2026-10-07,"Ｔｉｎｋ株式会社",,301,"東京都","港区","芝大門２丁目４番５号芝ダイヤハイツ１０１",,13,103,1050012,,,,,,,2026-10-07,1,,,,,"ティンク",0
1631,6010401202592,01,0,2026-10-07,2026-10-07,"株式会社スターラボホールディングス",,301,"東京都","港区","虎ノ門１丁目２１番１９号",,13,103,1050001,,,,,,,2026-10-07,1,,,,,"スターラボホールディングス",0
1632,6010401202626,01,0,2026-10-07,2026-10-07,"株式会社Ｂｒａｓｓｅｒｉｅ　Ｔｈｉｅｒｒｙ　Ｍａｒｘ",,301,"東京都","港区","六本木４丁目１２番８号",,13,103,1060032,,,,,,,2026-10-07,1,,,,,"ブラッスリーティエリーマルクス",0
1633,6010401202642,01,0,2026-10-07,2026-10-07,"株式会社Ｗｏｏｍｙ",,301,"東京都","港区","愛宕２丁目５番１号",,13,103,1050002,,,,,,,2026-10-07,1,,,,,"ウーミィ",0
1634,6010402023030,12,0,2026-10-07,2026-09-01,"有限会社ウィズネッツ",,302,"東京都","港区","六本木２丁目１番１９号Ｓ‐Ｂｕｉｌｄｉｎｇ３階",,13,103,1060032,,,,,,,2015-10-05,1,,,,,,0
1635,6010405026253,01,0,2026-10-07,2026-10-07,"京浜島西一般社団法人",,399,"東京都","港区","元赤坂１丁目１番７－１２０９号株式会社赤坂国際会計内",,13,103,1070051,,,,,,,2026-10-07,1,,,,,"ケイヒンジマニシ",0
1636,6010501056526,01,0,2026-10-07,2026-10-07,"ＬＣＫＮＷＲＫ株式会社",,301,"東京都","台東区","根岸１丁目５番２号エクセル藤和５０４号室",,13,106,1100003,,,,,,,2026-10-07,1,,,,,"ロックインワーク",0
1637,6010505003524,21,0,2026-10-07,2026-09-30,"弁護士法人ましも法律事務所",,399,"東京都","台東区","東上野１丁目１３番１５号アーバントップビル７階",,13,106,1100015,,,2026-09-30,01,,,2024-05-17,1,,,,,"マシモホウリツジムショ",0
1638,6010603012501,01,0,2026-10-07,2026-10-07,"合同会社リゾン・クリーナー",,305,"東京都","墨田区","吾妻橋１丁目１５番３号－１Ｆ",,13,107,1300001,,,,,,,2026-10-07,1,,,,,"リゾンクリーナー",0
1639,6010701045691,12,0,2026-10-07,2026-09-10,"株式会社ＫＥＮＣＯＰＡ",,301,"東京都","目黒区","下目黒３丁目９番１３号",,13,110,1530064,,,,,,,2024-03-12,1,,,,,"ケンコパ",0
1640,6010901034783,12,0,2026-10-07,2026-10-05,"株式会社ＴＨＥ　ＭＡＴＨＡＩＳ",,301,"神奈川県","横浜市港北区","師岡町２４５番地３３",,14,109,2220002,,,,,,,2015-10-05,1,,,,,"ザマタイス",0
1641,6010901060350,01,0,2026-10-07,2026-10-07,"株式会社高野",00145173,301,"東京都","世田谷区","梅丘３丁目１０番２３号グリーンハイム梅丘ＩＩ３０３",00145174,13,112,1540022,,,,,,,2026-10-07,1,,,,,"タカノ",0
1642,6010901060375,01,0,2026-10-07,2026-10-07,"株式会社ＡＳＣＥＮＴ",,301,"東京都","世田谷区","若林５丁目２０番９号",,13,112,1540023,,,,,,,2026-10-07,1,,,,,"アセント",0
1643,6010903011203,01,0,2026-10-07,2026-10-07,"合同会社演出部",,305,"東京都","世田谷区","喜多見４丁目１５番１７号",,13,112,1570067,,,,,,,2026-10-07,1,,,,,"エンシュツブ",0
1644,6010905004997,01,0,2026-10-07,2026-10-07,"医療法人社団燈",,399,"東京都","世田谷区","用賀４丁目５番２３号アズ用賀ビルディング地下１階",,13,112,1580097,,,,,,,2026-10-07,1,,,,,"アカリ",0
1645,6011001044302,71,0,2026-10-07,2026-09-28,"株式会社アサックス",,301,"東京都","渋谷区","広尾１丁目３番１４号",,13,113,1500012,,,,,,"令和８年９月２８日東京都港区北青山三丁目１２番７号株式会社フォーサイト（9011001107493）を合併",2015-10-05,1,,,,,"アサックス",0
1646,6011001056801,12,0,2026-10-07,2026-09-16,"ＣＲＡＶＩＡ株式会社",,301,"東京都","港区","虎ノ門４丁目１番４０号江戸見坂森ビル５階",,13,103,1050001,,,,,,,2015-10-05,1,,,,,"クラヴィア",0
1647,6011001140885,12,0,2026-10-07,2026-09-09,"株式会社ケンキゴー",,301,"東京都","渋谷区","渋谷２丁目２４番１２号渋谷スクランブルスクエア",,13,113,1500002,,,,,,,2021-06-04,1,,,,,"ケンキゴー",0
1648,6011001180691,01,0,2026-10-07,2026-10-07,"株式会社ＢＡＬＡＮＣＥ",,301,"東京都","渋谷区","富ヶ谷１丁目１９番４号代々木パークビル",,13,113,1510063,,,,,,,2026-10-07,1,,,,,"バランス",0
1649,6011001180725,01,0,2026-10-07,2026-10-07,"ＮＥＸＩＡ株式会社",,301,"東京都","渋谷区","千駄ヶ谷４丁目１４番４号",,13,113,1510051,,,,,,,2026-10-07,1,,,,,"ネクシア",0
1650,6011002003728,01,1,2026-10-07,2015-10-05,"有限会社黒須商事",,302,"東京都","渋谷区","道玄坂２丁目２番１号",,13,113,1500043,,,,,,,2015-10-05,0,,,,,"クロスショウジ",0
1651,6011002003728,21,0,2026-10-07,2026-09-28,"有限会社黒須商事",,302,"東京都","渋谷区","道玄坂２丁目２番１号",,13,113,1500043,,,2026-09-28,01,,,2015-10-05,1,,,,,"クロスショウジ",0
1652,6011101063821,01,1,2026-10-07,2015-10-05,"株式会社イル・コッレ",,301,"東京都","新宿区","内藤町一丁目５番地",,13,104,1600014,,,,,,,2015-10-05,1,,,,,"イルコッレ",0
1653,6011101076591,01,1,2026-10-07,2016-04-12,"株式会社一二三",,301,"東京都","新宿区","下落合２丁目１４番１１号",,13,104,1610033,,,,,,,2016-04-12,1,,,,,"イチニサン",0
1654,6011101117593,01,0,2026-10-07,2026-10-07,"株式会社ＥＮＴＯ",,301,"東京都","新宿区","西新宿３丁目３番１３号西新宿水間ビル２Ｆ",,13,104,1600023,,,,,,,2026-10-07,1,,,,,"エント",0
1655,6011101117718,01,0,2026-10-07,2026-10-07,"株式会社ＩＺＡＮＡＧＩホールディングス",,301,"東京都","新宿区","富久町１５番１－５５０２号",,13,104,1620067,,,,,,,2026-10-07,1,,,,,"イザナギホールディングス",0
1656,6011101117742,01,0,2026-10-07,2026-10-07,"ソレイナ株式会社",,301,"東京都","新宿区","西新宿３丁目３番１３号西新宿水間ビル２Ｆ",,13,104,1600023,,,,,,,2026-10-07,1,,,,,"ソレイナ",0
1657,6011103018055,01,0,2026-10-07,2026-10-07,"合同会社ＡＢＣＺＥＮ",,305,"東京都","新宿区","新宿４丁目１－６ＪＲ新宿ミライナタワー１８Ｆ",,13,104,1600022,,,,,,,2026-10-07,1,,,,,"エービーシーゼン",0
1658,6011301031875,01,0,2026-10-07,2026-10-07,"株式会社ＢＥＬＬＭＯＣ",,301,"東京都","杉並区","永福１丁目４０番１４号",,13,115,1680064,,,,,,,2026-10-07,1,,,,,"ベルモック",0
1659,6011401014177,21,0,2026-10-07,2026-10-05,"株式会社明幸",,301,"東京都","板橋区","赤塚８丁目１７番２１－５０２号",00065759,13,119,1750092,,,2026-10-05,01,,,2015-10-05,1,,,,,"メイコウ",0
1660,6011401017337,12,0,2026-10-07,2026-10-02,"株式会社ワタナベ",,301,"東京都","千代田区","神田三崎町３丁目４番１０号２階ＫＳＢＳ－Ａ－６号",,13,101,1010061,,,,,,,2015-10-05,1,,,,,"ワタナベ",0
1661,6011401028301,01,0,2026-10-07,2026-10-07,"株式会社４０３０",,301,"東京都","板橋区","東新町１丁目１２番８－３０９号",,13,119,1740074,,,,,,,2026-10-07,1,,,,,"ヨンマルサンマル",0
1662,6011501032491,21,0,2026-10-07,2026-10-02,"徳衆株式会社",,301,"東京都","北区","浮間１丁目１－１４リムジンビル１２１",,13,117,1150051,,,2026-10-02,01,,,2025-08-27,1,,,,,"トクシュウ",0
1663,6011501033291,12,0,2026-10-07,2026-10-05,"株式会社ＱＣＭ",,301,"東京都","北区","赤羽３丁目３番３号ドミール赤羽２０２－２",,13,117,1150045,,,,,,,2026-04-17,1,,,,,"キューシーエム",0
1664,6011501033754,01,0,2026-10-07,2026-10-07,"株式会社ＢＵＺＢＯＸ",,301,"東京都","北区","岩淵町１４－１６",,13,117,1150041,,,,,,,2026-10-07,1,,,,,"バズボックス",0
1665,6011601016452,12,0,2026-10-07,2026-10-05,"株式会社オートワーク",,301,"東京都","渋谷区","恵比寿西２丁目８番４号ＥＸ恵比寿西ビル５階",,13,113,1500021,,,,,,,2015-10-05,1,,,,,"オートワーク",0
1666,6011601022789,12,0,2026-10-07,2026-10-02,"株式会社ライジングサン",,301,"東京都","練馬区","向山１丁目１０番１号",,13,120,1760022,,,,,,,2018-09-04,1,,,,,"ライジングサン",0
1667,6011601023473,21,0,2026-10-07,2026-10-05,"株式会社ＫＴＭ",,301,"東京都","練馬区","中村北３丁目１０番９号",,13,120,1760023,,,2026-10-05,01,,,2019-07-03,1,,,,,"ケーティーエム",0
1668,6011602006064,21,0,2026-10-07,2026-10-02,"有限会社泰明製作所",,302,"東京都","練馬区","氷川台４丁目１５番８号",,13,120,1790084,,,2026-10-02,01,,,2015-10-05,1,,,,,"タイメイセイサクショ",0
1669,6011602009389,11,0,2026-10-07,2026-10-01,"株式会社水入エンタープライズ",,301,"東京都","練馬区","栄町１７番１４号",,13,120,1760006,,,,,,,2015-10-05,1,,,,,"ミズイレエンタープライズ",0
1670,6011701029800,01,0,2026-10-07,2026-10-07,"株式会社智建",,301,"東京都","江戸川区","松江１丁目２２番１８号",,13,123,1320025,,,,,,,2026-10-07,1,,,,,"トモケン",0
1671,6011702007342,01,1,2026-10-07,2015-10-05,"田中運輸有限会社",,302,"東京都","江戸川区","船堀４丁目１１番１０号",,13,123,1340091,,,,,,,2015-10-05,1,,,,,"タナカウンユ",0
1672,6011801013308,12,0,2026-10-07,2026-10-01,"株式会社アイプロデベロップメント",,301,"東京都","足立区","梅島３丁目３４番２２号",,13,121,1210816,,,,,,,2015-10-05,1,,,,,"アイプロデベロップメント",0
1673,6011801028165,12,0,2026-10-07,2026-09-30,"株式会社ティーバランス",,301,"千葉県","千葉市中央区","神明町２０６番地３－２Ｆ",,12,101,2600022,,,,,,,2015-10-05,1,,,,,"ティーバランス",0
1674,6011801046183,12,0,2026-10-07,2026-10-02,"ＣＯＲＥ株式会社",,301,"東京都","墨田区","菊川３丁目１６番２号セゾン菊川３０２",,13,107,1300024,,,,,,,2025-05-23,1,,,,,"コア",0
1675,6011801048469,01,0,2026-10-07,2026-10-07,"ＢｕｄｄｙＳａｌｕｔｅ株式会社",,301,"東京都","葛飾区","白鳥３丁目１３番１６号",,13,122,1250063,,,,,,,2026-10-07,1,,,,,"バディサル",0
1676,6011801048493,01,0,2026-10-07,2026-10-07,"侍ＪＡＰＡＮ株式会社",,301,"東京都","足立区","興野１丁目１６番３号",,13,121,1230844,,,,,,,2026-10-07,1,,,,,"サムライジャパン",0
1677,6011802026589,01,1,2026-10-07,2015-10-05,"有限会社川野工業",,302,"東京都","足立区","青井２丁目２番２０号",,13,121,1200012,,,,,,,2015-10-05,1,,,,,"カワノコウギョウ",0
1678,6011802027876,12,0,2026-10-07,2026-10-06,"有限会社ＴＫツカサ興業",,302,"東京都","足立区","神明３丁目１番１４号",,13,121,1210051,,,,,,,2015-10-05,1,,,,,"ティーケイツカサコウギョウ",0
1679,6011803007646,01,0,2026-10-07,2026-10-07,"合同会社ＹＧ",,305,"東京都","足立区","江北３丁目４０－１１",,13,121,1230872,,,,,,,2026-10-07,1,,,,,"ワイジー",0
1680,6012302008417,01,1,2026-10-07,2015-10-05,"有限会社ポイント",,302,"東京都","町田市","中町２丁目１４番１７号",,13,209,1940021,,,,,,,2015-10-05,0,,,,,"ポイント",0
1681,6012302008417,21,0,2026-10-07,2026-10-01,"有限会社ポイント",,302,"東京都","町田市","中町２丁目１４番１７号",,13,209,1940021,,,2026-10-01,11,4012301002323,"令和８年１０月１日東京都町田市中町二丁目１４番１７号株式会社ホームテック（4012301002323）に合併し解散",2015-10-05,1,,,,,"ポイント",0
1682,6012703003628,01,0,2026-10-07,2026-10-07,"合同会社Ｓｔｕｄｉｏ　ＦＦ",,305,"東京都","東久留米市","南沢５丁目１６番２号",,13,222,2030023,,,,,,,2026-10-07,1,,,,,"スタジオエフエフ",0
1683,6012801022612,12,0,2026-10-07,2026-09-08,"株式会社きゅいきゅいらんど",,301,"東京都","国分寺市","東元町３丁目１９番４０－１０１",,13,214,1850022,,,,,,,2023-09-05,1,,,,,"キュイキュイランド",0
1684,6012801025012,01,0,2026-10-07,2026-10-07,"３現主義株式会社",,301,"東京都","東大和市","蔵敷２丁目５１０番地の７５",,13,220,2070032,,,,,,,2026-10-07,1,,,,,"サンゲンシュギ",0
1685,6012805003138,21,0,2026-10-07,2026-09-09,"一般社団法人北斗星",,399,"東京都","日野市","大字上田３３９番地の５",,13,212,1910014,,,2026-09-09,01,,,2022-08-23,1,,,,,"ホクトセイ",0
1686,6013301023019,12,0,2026-10-07,2026-10-05,"株式会社エントラスト",,301,"東京都","品川区","大崎１丁目１８番２－９０３号",,13,109,1410032,,,,,,,2015-10-05,1,,,,,"エントラスト",0
1687,6013301034577,12,0,2026-10-07,2026-10-06,"中晟株式会社",,301,"東京都","豊島区","東池袋３丁目８－５パレ・ドール池袋１２０５",,13,116,1700013,,,,,,,2015-10-05,1,,,,,"チュウセイ",0
1688,6013301047901,12,0,2026-10-07,2026-10-02,"株式会社ＷＩＮｘＶＡＬ",,301,"宮城県","仙台市青葉区","一番町１丁目１番３１号山口ビル４階",,04,101,9800811,,,,,,,2021-08-23,1,,,,,"ウィンバル",0
1689,6020001005206,01,1,2026-10-07,2015-10-05,"株式会社スプラウト",,301,"神奈川県","横浜市旭区","都岡町３番地の１",,14,112,2410805,,,,,,,2015-10-05,1,,,,,"スプラウト",0
1690,6020001017481,01,1,2026-10-07,2015-10-05,"株式会社栄ハウジング",,301,"神奈川県","横浜市鶴見区","東寺尾２丁目５番１８号",,14,101,2300077,,,,,,,2015-10-05,1,,,,,"サカエハウジング",0
1691,6020001078326,01,1,2026-10-07,2015-10-05,"株式会社ＳＹＭ企画",,301,"神奈川県","川崎市宮前区","菅生３丁目７番４号",,14,136,2160015,,,,,,,2015-10-05,1,,,,,"エスワイエムキカク",0
1692,6020001151999,12,0,2026-10-07,2026-09-28,"越ノ酒匠株式会社",,301,"島根県","大田市","大田町大田イ４５６－１",,32,205,6940064,,,,,,,2023-06-15,1,,,,,"コシノサカショウ",0
1693,6020001170594,01,0,2026-10-07,2026-10-07,"ＮＯＤＥＳＴＲＩＡ株式会社",,301,"神奈川県","川崎市川崎区","駅前本町１１番地２川崎フロンティアビル４階",,14,131,2100007,,,,,,,2026-10-07,1,,,,,"ノードストリア",0
1694,6020001170644,01,0,2026-10-07,2026-10-07,"ラインズノート株式会社",,301,"神奈川県","横浜市港北区","新横浜２丁目６－２３金子第２ビル６階",,14,109,2220033,,,,,,,2026-10-07,1,,,,,"ラインズノート",0
1695,6020001170702,01,0,2026-10-07,2026-10-07,"株式会社ユプリ",,301,"神奈川県","川崎市中原区","下小田中４丁目１９番４０号",,14,133,2110041,,,,,,,2026-10-07,1,,,,,"ユプリ",0
1696,6020001170710,01,0,2026-10-07,2026-10-07,"株式会社山本メディカルデザイン",,301,"神奈川県","横浜市中区","山元町５丁目１９８番地２",,14,104,2310851,,,,,,,2026-10-07,1,,,,,"ヤマモトメディカルデザイン",0
1697,6020003025219,12,0,2026-10-07,2026-09-16,"合同会社ＢＪｍｏｋａ",,305,"神奈川県","横浜市西区","楠町１４－１－４０１",,14,103,2200003,,,,,,,2023-12-20,1,,,,,"ビージェイモカ",0
1698,6020003031927,01,0,2026-10-07,2026-10-07,"合同会社ＶＩＤｉｉｉ",,305,"神奈川県","川崎市多摩区","宿河原５丁目１１番４８－２号",,14,135,2140021,,,,,,,2026-10-07,1,,,,,"ヴィディー",0
1699,6020005010458,21,0,2026-10-07,2026-09-30,"一般社団法人ライフプラン協会",,399,"東京都","杉並区","下高井戸３丁目６番５号",,13,115,1680073,,,2026-09-30,01,,,2015-10-05,1,,,,,"ライフプランキョウカイ",0
1700,6021002020078,01,1,2026-10-07,2015-10-05,"有限会社小島商事",,302,"神奈川県","相模原市中央区","横山台１丁目４４番１４号",,14,152,2520241,,,,,,,2015-10-05,1,,,,,"コジマショウジ",0
1701,6021003017932,01,0,2026-10-07,2026-10-07,"合同会社テイオーエクスプレス",,305,"神奈川県","相模原市南区","新磯野４丁目３番４－２０６号",,14,153,2520325,,,,,,,2026-10-07,1,,,,,"テイオーエクスプレス",0
1702,6030001084983,12,0,2026-10-07,2026-09-17,"株式会社タジリ工房",,301,"埼玉県","熊谷市","戸出５９１番地１",,11,202,3600022,,,,,,,2015-10-05,1,,,,,"タジリコウボウ",0
1703,6030001131694,01,1,2026-10-07,2019-07-04,"雄崑株式会社",00117055,301,"埼玉県","さいたま市南区","南浦和２丁目１－２－１０３室",,11,108,3360017,,,,,,,2019-07-04,0,,,,,,0
1704,6030001131694,12,1,2026-10-07,2021-08-11,"雄崑株式会社",00117055,301,"東京都","豊島区","巣鴨１丁目１１－２巣鴨陽光ハイツ５１２号",,13,116,1700002,,,,,,,2019-07-04,1,,,,,,0
1705,6030001174454,01,0,2026-10-07,2026-10-07,"株式会社コノミライ",,301,"埼玉県","幸手市","東３丁目２４番１５号",,11,240,3400114,,,,,,,2026-10-07,1,,,,,"コノミライ",0
1706,6030001174487,01,0,2026-10-07,2026-10-07,"株式会社ＲＥＡＤ　Ａｇｅｎｃｙ",,301,"埼玉県","さいたま市大宮区","桜木町１丁目２６６番地３",,11,103,3300854,,,,,,,2026-10-07,1,,,,,"リードエージェンシー",0
1707,6030003029870,01,1,2026-10-07,2026-08-31,"合同会社３１４",,305,"埼玉県","上尾市","大字平塚１６５９番地７",00144775,11,219,3620011,,,,,,,2026-08-31,1,,,,,"サンイチヨン",0
1708,6040001137170,11,0,2026-10-07,2026-09-08,"株式会社ＡＹＡＴＡＫＡＳＨＯ",,301,"東京都","中央区","勝どき１丁目８番１－５１０８号",,13,102,1040054,,,,,,,2025-01-28,1,,,,,"アヤタカショウ",0
1709,6040001145462,01,0,2026-10-07,2026-10-07,"株式会社加城",,301,"千葉県","船橋市","二和西３丁目１９番４５号",,12,204,2740806,,,,,,,2026-10-07,1,,,,,"カシロ",0
1710,6040001145520,01,0,2026-10-07,2026-10-07,"株式会社はまクラフト",,301,"千葉県","船橋市","本町６丁目３番１８号アイランドビル３階",,12,204,2730005,,,,,,,2026-10-07,1,,,,,"ハマクラフト",0
1711,6040001145529,01,0,2026-10-07,2026-10-07,"ＪＵＪＯ　ＦＵＴＵＲＥ　ＷＯＲＫＳ株式会社",,301,"千葉県","木更津市","岩根３丁目８番２７号",,12,206,2920061,,,,,,,2026-10-07,1,,,,,"ジュウジョウフューチャーワークス",0
1712,6040002087596,01,1,2026-10-07,2015-10-05,"有限会社アドバンス",,302,"千葉県","香取市","野田７５３番地７",,12,236,2890314,,,,,,,2015-10-05,0,,,,,"アドバンス",0
1713,6040002087596,12,1,2026-10-07,2026-09-10,"有限会社アドバンス",,302,"千葉県","香取市","北３丁目６番地５－２階",,12,236,2870002,,,,,,,2015-10-05,1,,,,,"アドバンス",0
1714,6040003010284,01,1,2026-10-07,2017-06-28,"合同会社カンパニーＳ",,305,"千葉県","千葉市中央区","本町１丁目４番８－４０３号",,12,101,2600012,,,,,,,2017-06-28,0,,,,,"カンパニーエス",0
1715,6040003010284,12,1,2026-10-07,2017-07-13,"合同会社カンパニーＳ",,305,"千葉県","千葉市中央区","本町１丁目４番１８－４０３号",,12,101,2600012,,,,,,,2017-06-28,0,,,,,"カンパニーエス",0
1716,6040003010284,12,1,2026-10-07,2018-08-07,"合同会社カンパニーＳ",,305,"千葉県","千葉市中央区","本町１丁目４番１８－１００号",,12,101,2600012,,,,,,,2017-06-28,1,,,,,"カンパニーエス",0
1717,6040003030828,01,0,2026-10-07,2026-10-07,"Ｕｎｉｔｅｄ．Ｉｎｆｉｎｉｔｙ．Ｓｅｃｕｒｉｔｙ合同会社",,305,"千葉県","浦安市","高洲４丁目３番１－４０３号プラウド新浦安",,12,227,2790023,,,,,,,2026-10-07,1,,,,,"ユナイテッドインフィニティセキュリティ",0
1718,6040005010786,21,0,2026-10-07,2026-09-09,"農事組合法人白子町花卉園芸組合",,399,"千葉県","長生郡白子町","関８６７番地",,12,424,2994218,,,2026-09-09,01,,,2015-10-05,1,,,,,"シラコマチカキエンゲイクミアイ",0
1719,6050001047138,12,0,2026-10-07,2026-10-01,"株式会社Ｒｉｓｍ",,301,"茨城県","北茨城市","磯原町磯原１５８番地２",,08,215,3191541,,,,,,,2020-02-06,1,,,,,"リズム",0
1720,6050001059018,01,0,2026-10-07,2026-10-07,"株式会社浅野自動車",,301,"茨城県","水戸市","大足町１２８４番地の２",,08,201,3190312,,,,,,,2026-10-07,1,,,,,"アサノジドウシャ",0
1721,6050001059026,01,0,2026-10-07,2026-10-07,"株式会社イバテック",,301,"茨城県","水戸市","内原町１１７６番地",,08,201,3190315,,,,,,,2026-10-07,1,,,,,"イバテック",0
1722,6050001059034,01,0,2026-10-07,2026-10-07,"株式会社さかさま",,301,"茨城県","水戸市","元吉田町１２９６番地の３",,08,201,3100836,,,,,,,2026-10-07,1,,,,,"サカサマ",0
1723,6050001059042,01,0,2026-10-07,2026-10-07,"Ｅｍｂｏｓｓ　Ｌａｂｓ株式会社",,301,"茨城県","つくば市","みどりの中央８２－８みどりのグランデプラザＣ",,08,220,3050882,,,,,,,2026-10-07,1,,,,,,0
1724,6050003010408,01,0,2026-10-07,2026-10-07,"合同会社リトリート",,305,"茨城県","水戸市","見和３丁目６１７番地の１７",,08,201,3100911,,,,,,,2026-10-07,1,,,,,"リトリート",0
1725,6060001000517,01,1,2026-10-07,2015-10-05,"株式会社伊藤印材店",,301,"栃木県","宇都宮市","星が丘２丁目６番１０号",,09,201,3200038,,,,,,,2015-10-05,1,,,,,"イトウインザイテン",0
1726,6060001001630,12,0,2026-10-07,2026-10-01,"幸洋運輸株式会社",,301,"栃木県","宇都宮市","屋板町２６３番地１",,09,201,3210112,,,,,,,2015-10-05,1,,,,,"コウヨウウンユ",0
1727,6060001026677,12,0,2026-10-07,2026-10-01,"ＩＴ　Ｓｕｐｐｏｒｔパソコン太郎株式会社",,301,"栃木県","宇都宮市","南大通り１丁目３番８号",,09,201,3210963,,,,,,,2015-10-05,1,,,,,"アイティサポートパソコンタロウ",0
1728,6060003006248,01,0,2026-10-07,2026-10-07,"合同会社ＫＵＭＡＲ　ＬＬＣ",,305,"栃木県","真岡市","久下田西６丁目２番地２グランフィールサクライ３１７号",,09,209,3214522,,,,,,,2026-10-07,1,,,,,"クマールエルエルシー",0
1729,6070001044554,01,0,2026-10-07,2026-10-07,"株式会社ＡＹＫプラス",,301,"群馬県","前橋市","二之宮町２７３５番地２",,10,201,3792117,,,,,,,2026-10-07,1,,,,,"エーワイケープラス",0
1730,6070002006553,01,1,2026-10-07,2015-10-05,"有限会社オゾンテクニカ",,302,"群馬県","前橋市","鶴が谷町２７番地の９",,10,201,3792108,,,,,,,2015-10-05,1,,,,,"オゾンテクニカ",0
1731,6070003006635,01,0,2026-10-07,2026-10-07,"合同会社トスカ",,305,"群馬県","太田市","飯田町５８８番地２",,10,205,3730851,,,,,,,2026-10-07,1,,,,,"トスカ",0
1732,6080001012774,12,0,2026-10-07,2026-10-02,"株式会社環境プラント",,301,"群馬県","前橋市","南町３丁目７５番地１０",,10,201,3710805,,,,,,,2015-10-05,1,,,,,"カンキョウプラント",0
1733,6080001017600,21,0,2026-10-07,2026-10-02,"株式会社Ｈ＆Ｍ静岡",,301,"静岡県","静岡市駿河区","国吉田２丁目３番１号",,22,102,4228004,,,2026-10-02,01,,,2026-09-03,1,,,,,"エイチアンドエムシズオカ",0
1734,6080001027839,01,0,2026-10-07,2026-10-07,"株式会社ＳＯＬＲＥＸ",,301,"静岡県","焼津市","本町５丁目８番１７号",,22,212,4250022,,,,,,,2026-10-07,1,,,,,"ソルレックス",0
1735,6080002013557,21,0,2026-10-07,2026-10-02,"有限会社北川会計事務所",,302,"静岡県","島田市","若松町２５９８番地の１",,22,209,4270046,,,2026-10-02,01,,,2015-10-05,1,,,,,"キタガワカイケイジムショ",0
1736,6080403005590,01,0,2026-10-07,2026-10-07,"合同会社ふくもり",,305,"静岡県","浜松市中央区","三和町８５２番地",,22,138,4350038,,,,,,,2026-10-07,1,,,,,"フクモリ",0
1737,6080405007866,01,0,2026-10-07,2026-10-07,"一般社団法人ａｌｌ　ｆｏｒ　ｍａｍ",,399,"静岡県","浜松市中央区","上島３丁目１８番２１号",,22,138,4338122,,,,,,,2026-10-07,1,,,,,"オールフォーマム",0
1738,6090001020116,01,0,2026-10-07,2026-10-07,"株式会社メディクック",,301,"山梨県","甲府市","大里町４３２番地フィールドストーンＩ－１０５",,19,201,4000053,,,,,,,2026-10-07,1,,,,,,0
1739,6100001005560,01,1,2026-10-07,2015-10-05,"株式会社信越建商",,301,"長野県","須坂市","大字小山２５５２番地３",,20,207,3820912,,,,,,,2015-10-05,1,,,,,"シンエツケンショウ",0
1740,6100001006864,01,1,2026-10-07,2015-10-05,"株式会社創造企画",,301,"長野県","長野市","大字高田６１５番地",,20,201,3810034,,,,,,,2015-10-05,0,,,,,"ソウゾウキカク",0
1741,6100001006864,12,1,2026-10-07,2016-06-02,"株式会社創造企画",,301,"長野県","須坂市","大字須坂１６７３番地８",,20,207,3820000,,,,,,,2015-10-05,0,,,,,"ソウゾウキカク",0
1742,6100001006864,12,1,2026-10-07,2017-02-16,"株式会社創造企画",,301,"長野県","須坂市","大字日滝４２６５番地１",,20,207,3820902,,,,,,,2015-10-05,1,,,,,"ソウゾウキカク",0
1743,6100001010908,01,1,2026-10-07,2015-10-05,"ＪＵＫＡＮ株式会社",,301,"長野県","上田市","中央５丁目１７番２１号",,20,203,3860012,,,,,,,2015-10-05,1,,,,,"ジュウカン",0
1744,6100001040070,01,0,2026-10-07,2026-10-07,"株式会社ウメノジュンイチ",,301,"長野県","長野市","大字鶴賀緑町１４０１番地",,20,201,3800813,,,,,,,2026-10-07,1,,,,,"ウメノジュンイチ",0
1745,6100002008579,01,1,2026-10-07,2015-10-05,"中央シスエン有限会社",,302,"長野県","須坂市","大字須坂１３７１－２２",,20,207,3820911,,,,,,,2015-10-05,1,,,,,"チュウオウシスエン",0
1746,6100003008966,01,0,2026-10-07,2026-10-07,"ライフデザインＬＯＭＡＳ合同会社",,305,"長野県","塩尻市","大字広丘堅石２１４８番地２７",,20,215,3990705,,,,,,,2026-10-07,1,,,,,"ライフデザインロマス",0
1747,6110001040441,01,0,2026-10-07,2026-10-07,"ＯＦＦＳＥＡＳＯＮ　ＭＹＯＫＯ株式会社",,301,"新潟県","妙高市","大字関川２２２８番地１妙高ＢＡＳＥＣＡＭＰ",,15,217,9492112,,,,,,,2026-10-07,1,,,,,"オフシーズンミョウコウ",0
1748,6110001040466,01,0,2026-10-07,2026-10-07,"株式会社神田事務所",,301,"新潟県","新潟市中央区","文京町５番１５号",,15,103,9518153,,,,,,,2026-10-07,1,,,,,"カンダジムショ",0
1749,6110003006309,01,0,2026-10-07,2026-10-07,"合同会社ルオリス",,305,"新潟県","長岡市","下柳１丁目５番２１号",,15,202,9402013,,,,,,,2026-10-07,1,,,,,"ルオリス",0
1750,6110003006317,01,0,2026-10-07,2026-10-07,"合同会社和ダイレクト",,305,"新潟県","長岡市","五反田町５６１－１",,15,202,9402036,,,,,,,2026-10-07,1,,,,,"ヤマトダイレクト",0
1751,6120001087837,71,0,2026-10-07,2026-09-28,"株式会社ビット",,301,"大阪府","大阪市中央区","城見２丁目１番６１号",,27,128,5400001,,,,,,"令和８年９月２８日東京都千代田区丸の内二丁目４番１号ＢＴ２ホールディングス株式会社（4010001265356）を合併",2015-10-05,1,,,,,"ビット",0
1752,6120001090337,01,1,2026-10-07,2015-10-05,"株式会社美須化学研究所",,301,"大阪府","大阪市中央区","（大阪市南区谷町六丁目２番１１号）",,27,128,5390000,,,,,,,2015-10-05,1,,,,,"ビスカガクケンキュウショ",1
1753,6120001200358,01,1,2026-10-07,2016-08-25,"ゆう工房株式会社",,301,"大阪府","大阪市北区","天神西町４番１３号",,27,127,5300045,,,,,,,2016-08-25,1,,,,,"ユウコウボウ",0
1754,6120001220703,12,0,2026-10-07,2026-10-01,"株式会社５ｔｈ　ｎａｍｅ",,301,"大阪府","大阪市城東区","今福東２丁目５番２４号",,27,118,5360002,,,,,,,2019-05-08,1,,,,,"フィフスネーム",0
1755,6120001241781,21,0,2026-10-07,2026-09-28,"禄喜發株式会社",,301,"大阪府","大阪市生野区","桃谷２丁目１－２８－２０２室",,27,116,5440034,,,2026-09-28,01,,,2021-11-11,1,,,,,"ロクキハツ",0
1756,6120001244157,12,0,2026-10-07,2026-09-07,"ＮＹＣ株式会社",,301,"神奈川県","横浜市中区","伊勢佐木町６丁目１３６－１伊勢佐木町アンバービル３階３０１号室",,14,104,2310045,,,,,,,2022-03-08,1,,,,,"エヌワイシー",0
1757,6120001252176,01,1,2026-10-07,2023-02-02,"銀＿株式会社",00129292,301,"大阪府","大阪市中央区","松屋町９番２０号ローレルステート松屋町７０６Ｂ",,27,128,5420067,,,,,,,2023-02-02,1,,,,,"ギントウ",0
1758,6120001261664,21,0,2026-10-07,2026-10-02,"渡昊美株式会社",,301,"大阪府","大阪市都島区","中野町４丁目３番６号Ｈ２Ｈ大阪桜之宮邸３Ｅ－３",,27,102,5340027,,,2026-10-02,01,,,2024-01-25,1,,,,,"トコウビ",0
1759,6120001262101,12,0,2026-10-07,2026-10-01,"啓葉コンサルティング株式会社",,301,"大阪府","大阪市中央区","北浜２丁目６番１８号淀屋橋スクエア８階",,27,128,5410041,,,,,,,2024-02-06,1,,,,,"ケイヨウコンサルティング",0
1760,6120001269658,21,0,2026-10-07,2026-10-01,"京一株式会社",,301,"大阪府","大阪市城東区","関目５丁目１９番９号関目花博公館６０５Ａ",,27,118,5360008,,,2026-10-01,01,,,2024-10-24,1,,,,,"キョウイチ",0
1761,6120001279681,21,0,2026-10-07,2026-10-02,"ＨＡＰＸ株式会社",,301,"大阪府","大阪市都島区","片町２丁目１番３０－６０２号",,27,102,5340025,,,2026-10-02,01,,,2025-09-12,1,,,,,"ハピックス",0
1762,6120001289441,01,0,2026-10-07,2026-10-07,"株式会社サンプラ",,301,"大阪府","大阪市中央区","淡路町１丁目６番９号",,27,128,5410047,,,,,,,2026-10-07,1,,,,,"サンプラ",0
1763,6120001289482,01,0,2026-10-07,2026-10-07,"ネオマテリアルズ株式会社",,301,"大阪府","大阪市淀川区","東三国６丁目１０番５号",,27,123,5320002,,,,,,,2026-10-07,1,,,,,"ネオマテリアルズ",0
1764,6120001289490,01,0,2026-10-07,2026-10-07,"ＬＩＯＲＡ株式会社",,301,"大阪府","大阪市西区","北堀江２丁目４－１１サンライズビル８Ｆ",,27,106,5500014,,,,,,,2026-10-07,1,,,,,"リオラ",0
1765,6120001289508,01,0,2026-10-07,2026-10-07,"株式会社Ｐｉｓｔａ",,301,"大阪府","大阪市淀川区","西中島２丁目１４番１３号壺坂ビル３０１",,27,123,5320011,,,,,,,2026-10-07,1,,,,,"ピスタ",0
1766,6120002045257,21,0,2026-10-07,2026-10-02,"ワイビーシー有限会社",,302,"大阪府","大阪市中央区","松屋町住吉４番１４号",,27,128,5400017,,,2026-10-02,01,,,2015-10-05,1,,,,,"ワイビーシー",0
1767,6120002062335,01,1,2026-10-07,2015-10-05,"有限会社ＲＢ",,302,"大阪府","大阪市西成区","玉出中１丁目１２番２３号北川ビル２階",,27,122,5570044,,,,,,,2015-10-05,0,,,,,"アールビー",0
1768,6120002062335,12,1,2026-10-07,2026-10-02,"有限会社ＲＢ",,302,"大阪府","大阪市西成区","玉出西２丁目２番３号鈴栄第三ビル２－Ｂ号室",,27,122,5570045,,,,,,,2015-10-05,1,,,,,"アールビー",0
1769,6120003033582,01,0,2026-10-07,2026-10-07,"合同会社Ｏ＆Ｍ",,305,"大阪府","大阪市中央区","本町３丁目４－１６ＳＹＮＡＳＩＡ本町ビル１１階",,27,128,5410053,,,,,,,2026-10-07,1,,,,,"オーアンドエム",0
1770,6120005020447,12,0,2026-10-07,2026-10-05,"一般社団法人ビガク協会",,399,"大阪府","大阪市北区","菅栄町８番４号",,27,127,5300031,,,,,,,2018-09-19,1,,,,,"ビガクキョウカイ",0
1771,6120101044201,01,1,2026-10-07,2015-10-05,"生長ハウジング株式会社",,301,"大阪府","泉南市","中小路１丁目７番３４号",,27,228,5900533,,,,,,,2015-10-05,1,,,,,"セイチョウハウジング",0
1772,6120102011051,01,1,2026-10-07,2015-10-05,"有限会社ＳＨＩＰＳ",,302,"大阪府","堺市南区","晴美台２丁４１番３号",,27,145,5900113,,,,,,,2015-10-05,0,,,,,"シップス",0
1773,6120102011051,21,0,2026-10-07,2026-10-05,"有限会社ＳＨＩＰＳ",,302,"大阪府","堺市南区","晴美台２丁４１番３号",,27,145,5900113,,,2026-10-05,01,,,2015-10-05,1,,,,,"シップス",0
1774,6120901011499,01,1,2026-10-07,2015-10-05,"株式会社辻中ビル",00033380,301,"大阪府","高槻市","高槻町１５番１８号",,27,207,5690803,,,,,,,2015-10-05,1,,,,,"ツジナカビル",0
1775,6120901031126,12,0,2026-10-07,2026-10-05,"吉野実業株式会社",,301,"大阪府","枚方市","山之上東町８番１９号",,27,210,5730041,,,,,,,2015-10-05,1,,,,,"ヨシノジツギョウ",0
1776,6120901035589,01,1,2026-10-07,2015-10-05,"株式会社エデンプレーリー",,301,"大阪府","茨木市","山手台４丁目６番１‐４０１号",,27,211,5670009,,,,,,,2015-10-05,0,,,,,"エデンプレーリー",0
1777,6120901035589,12,1,2026-10-07,2017-11-13,"株式会社エデンプレーリー",,301,"滋賀県","大津市","木戸１０２５番",,25,201,5200514,,,,,,,2015-10-05,1,,,,,"エデンプレーリー",0
1778,6120901036199,12,0,2026-10-07,2026-10-01,"株式会社セルデス",,301,"大阪府","高槻市","富田町２丁目２１番１１号",,27,207,5690814,,,,,,,2015-12-08,1,,,,,"セルデス",0
1779,6120901053293,01,0,2026-10-07,2026-10-07,"株式会社れんとケア",,301,"大阪府","豊中市","城山町２丁目１－３１キャロルハイツ１階",,27,203,5610803,,,,,,,2026-10-07,1,,,,,"レントケア",0
1780,6120902008098,12,0,2026-10-07,2026-10-01,"有限会社リブリー",,302,"大阪府","吹田市","南吹田５丁目２１番２０号",,27,205,5640043,,,,,,,2015-10-05,1,,,,,"リブリー",0
1781,6120902020607,01,1,2026-10-07,2015-10-05,"有限会社コノジャパン",,302,"大阪府","豊中市","東豊中町４丁目１０番１５号",,27,203,5600003,,,,,,,2015-10-05,0,,,,,"コノジャパン",0
1782,6120902020607,12,0,2026-10-07,2026-10-05,"有限会社コノジャパン",,302,"大阪府","大阪市淀川区","西中島３丁目１８番９号新大阪日大ビル７１６号",,27,123,5320011,,,,,,,2015-10-05,1,,,,,"コノジャパン",0
1783,6120903006431,01,0,2026-10-07,2026-10-07,"合同会社Ｋｎｏｔ",,305,"大阪府","吹田市","岸辺南一丁目１８番１号１Ｆ",,27,205,5640000,,,,,,,2026-10-07,1,,,,,"ノット",0
1784,6122001021321,01,1,2026-10-07,2015-10-05,"よろしや株式会社",,301,"大阪府","柏原市","国分西１丁目２番２２号",,27,221,5820025,,,,,,,2015-10-05,1,,,,,"ヨロシヤ",0
1785,6122001039751,01,1,2026-10-07,2025-10-17,"株式会社Ｒｙｕ設計工房",,301,"大阪府","東大阪市","東山町４番１２号石切ビル２Ｆ",,27,227,5798027,,,,,,,2025-10-17,1,,,,,,0
1786,6122002004993,21,0,2026-10-07,2026-10-05,"有限会社名阪空調設備",,302,"大阪府","東大阪市","長田西４丁目３番３８号",,27,227,5770016,,,2026-10-05,01,,,2015-10-05,1,,,,,"メイハンクウチョウセツビ",0
1787,6122003003656,01,0,2026-10-07,2026-10-07,"ＲＥＩＧＮ合同会社",,305,"大阪府","東大阪市","布市町１丁目９－３２レモラス１０２号室",,27,227,5798004,,,,,,,2026-10-07,1,,,,,"レイン",0
1788,6130001002984,21,0,2026-10-07,2026-09-25,"コンクルージョン株式会社",,301,"京都府","京都市上京区","室町通今出川下る北小路室町４００番地３",,26,102,6020901,,,2026-09-25,01,,,2015-10-05,1,,,,,"コンクルージョン",0
1789,6130001014451,21,0,2026-10-07,2026-09-24,"コスモホーム株式会社",,301,"京都府","京都市伏見区","桃山町駿河８５番",,26,109,6128022,,,2026-09-24,01,,,2015-10-05,1,,,,,"コスモホーム",0
1790,6130001015012,01,1,2026-10-07,2015-10-05,"株式会社田中建設",,301,"京都府","京都市南区","上鳥羽菅田町６７番地",,26,107,6018102,,,,,,,2015-10-05,0,,,,,,0
1791,6130001015012,21,0,2026-10-07,2026-09-24,"株式会社田中建設",,301,"京都府","京都市南区","上鳥羽菅田町６７番地",,26,107,6018102,,,2026-09-24,01,,,2015-10-05,1,,,,,,0
1792,6130001058069,01,1,2026-10-07,2016-08-09,"株式会社ファーベル",,301,"京都府","京都市南区","吉祥院井ノ口町３８番地５",,26,107,6018314,,,,,,,2016-08-09,1,,,,,,0
1793,6130001058341,01,1,2026-10-07,2016-09-29,"ワイドットエス株式会社",,301,"京都府","長岡京市","開田４丁目２１番３号",,26,209,6170826,,,,,,,2016-09-29,1,,,,,"ワイドットエス",0
1794,6140001037014,01,1,2026-10-07,2015-10-05,"株式会社ゆうあん",,301,"兵庫県","三木市","府内町１１番５号",,28,215,6730416,,,,,,,2015-10-05,1,,,,,"ユウアン",0
1795,6140001083405,01,1,2026-10-07,2015-10-05,"ＪＡＭＩ株式会社",,301,"千葉県","山武郡芝山町","大里６６－３",,12,409,2891603,,,,,,,2015-10-05,1,,,,,"ジャミ",0
1796,6140001102478,01,1,2026-10-07,2016-06-22,"マックスプラント株式会社",,301,"兵庫県","神戸市西区","伊川谷町有瀬７９７番地の１",,28,111,6512113,,,,,,,2016-06-22,0,,,,,"マックスプラント",0
1797,6140001102478,12,1,2026-10-07,2017-01-19,"マックスプラント株式会社",,301,"兵庫県","神戸市西区","伊川谷町有瀬６５６番地の１パサージュ神戸西６０３号",,28,111,6512113,,,,,,,2016-06-22,1,,,,,"マックスプラント",0
1798,6140001131428,12,0,2026-10-07,2026-09-28,"株式会社Ｎｏｓｔａｌｇｉｓｔａ",,301,"兵庫県","神戸市北区","柏尾台１４番地の１４",,28,109,6511255,,,,,,,2023-09-07,1,,,,,"ノスタルジスタ",0
1799,6150001029258,01,0,2026-10-07,2026-10-07,"ＬＩＶＥ　ＯＮ株式会社",,301,"奈良県","奈良市","芝辻町２丁目９－１５",,29,201,6308114,,,,,,,2026-10-07,1,,,,,"リブオン",0
1800,6150005002599,12,0,2026-10-07,2026-09-29,"奈良ユニオン",,399,"奈良県","大和郡山市","小泉町２２６０－１、２Ｆ",,29,203,6391042,,,,,,,2015-10-05,1,,,,,,0
1801,6150005009826,01,0,2026-10-07,2026-10-07,"一般社団法人森と暮らしＬＡＢ",,399,"奈良県","宇陀市","菟田野古市場５１１－２",,29,212,6332226,,,,,,,2026-10-07,1,,,,,"モリトクラシラボ",0
1802,6160001010943,01,1,2026-10-07,2015-10-05,"びわ湖観光株式会社",,301,"滋賀県","近江八幡市","中之庄町６３９番地の１",,25,204,5230807,,,,,,,2015-10-05,1,,,,,"ビワコカンコウ",0
1803,6160001013434,01,1,2026-10-07,2015-10-05,"誠和産業株式会社",,301,"滋賀県","栗東市","六地蔵８４７番地",,25,208,5203017,,,,,,,2015-10-05,0,,,,,"セイワサンギョウ",0
1804,6160001013434,21,1,2026-10-07,2025-01-23,"誠和産業株式会社",,301,"滋賀県","栗東市","六地蔵８４７番地",,25,208,5203017,,,2025-01-23,21,,,2015-10-05,0,,,,,"セイワサンギョウ",0
1805,6160001013434,22,1,2026-10-07,2026-09-07,"誠和産業株式会社",,301,"滋賀県","栗東市","六地蔵８４７番地",,25,208,5203017,,,,,,,2015-10-05,0,,,,,"セイワサンギョウ",0
1806,6160001013434,12,0,2026-10-07,2026-09-30,"誠和産業株式会社",,301,"京都府","京都市左京区","岩倉幡枝町１０３３番地の２",,26,103,6060015,,,,,,,2015-10-05,1,,,,,"セイワサンギョウ",0
1807,6160001016759,12,0,2026-10-07,2026-09-11,"株式会社リベルタ",,301,"滋賀県","守山市","梅田町１３番１－４０２号",,25,207,5240037,,,,,,,2015-10-05,1,,,,,"リベルタ",0
1808,6170001019273,01,0,2026-10-07,2026-10-07,"株式会社ａｏｈａｎａ",,301,"和歌山県","和歌山市","六十谷９番地５",,30,201,6408482,,,,,,,2026-10-07,1,,,,,"アオハナ",0
1809,6180001002666,01,1,2026-10-07,2015-10-05,"株式会社日栄不動産",,301,"愛知県","名古屋市名東区","陸前町２５１２番地",,23,115,4650057,,,,,,,2015-10-05,1,,,,,"ニチエイフドウサン",0
1810,6180001010264,01,1,2026-10-07,2015-10-05,"佐野製帽株式会社",,301,"愛知県","名古屋市瑞穂区","堀田通５丁目７番地",,23,108,4670862,,,,,,,2015-10-05,1,,,,,"サノセイボウ",0
1811,6180001168078,12,0,2026-10-07,2026-10-05,"株式会社五十嵐工務店",,301,"東京都","北区","赤羽１丁目７－９赤羽第一葉山ビル４Ｆ",,13,117,1150045,,,,,,,2025-08-12,1,,,,,"イガラシコウムテン",0
1812,6180001169679,01,1,2026-10-07,2025-11-27,"株式会社ＫＡＫＵＳＨＩ",,301,"愛知県","名古屋市瑞穂区","新開町２０番１０号ファミリアーレ神宮東第２－８０５号",,23,108,4670856,,,,,,,2025-11-27,1,,,,,,0
1813,6180001173730,01,0,2026-10-07,2026-10-07,"ＬＩＧＡＮＥＸ株式会社",,301,"愛知県","名古屋市中村区","名駅南３丁目１５番２６号プレサンス名駅南ブリエ１１０１号",,23,105,4500003,,,,,,,2026-10-07,1,,,,,"リガネクス",0
1814,6180001173755,01,0,2026-10-07,2026-10-07,"ＣｌｅａｒＤｏｏｒ株式会社",,301,"愛知県","名古屋市中区","新栄２丁目１番２５号ＮＲ新栄９０１号",,23,106,4600007,,,,,,,2026-10-07,1,,,,,"クリアドア",0
1815,6180001173821,01,0,2026-10-07,2026-10-07,"株式会社華祥工業",,301,"愛知県","一宮市","南小渕字屋敷２５４１番地２",,23,203,4910014,,,,,,,2026-10-07,1,,,,,"ハナショウコウギョウ",0
1816,6180001173838,01,0,2026-10-07,2026-10-07,"株式会社ＡＦＫＬ",,301,"愛知県","一宮市","千秋町町屋字花ノ木２９番地",,23,203,4910813,,,,,,,2026-10-07,1,,,,,"アフクル",0
1817,6180005021704,01,0,2026-10-07,2026-10-07,"医療法人明琴会",,399,"愛知県","名古屋市名東区","高針台２丁目１４０３番地１",,23,115,4650054,,,,,,,2026-10-07,1,,,,,"メイキンカイ",0
1818,6180301017315,12,0,2026-10-07,2026-09-25,"ＡＳＨＡＤ　ＴＲＡＤＩＮＧ株式会社",,301,"愛知県","みよし市","三好町弥栄５５番地６０",,23,236,4700224,,,,,,,2015-10-05,1,,,,,"アシャードトレーディング",0
1819,6180302006457,21,0,2026-10-07,2026-09-24,"有限会社稲垣日本堂",,302,"愛知県","豊橋市","新川町７１番地",,23,201,4400883,,,2026-09-24,01,,,2015-10-05,1,,,,,"イナガキニホンドウ",0
1820,6190001033479,01,0,2026-10-07,2026-10-07,"株式会社パセプション",,301,"三重県","伊勢市","御薗町高向３３６２番地３",,24,203,5160805,,,,,,,2026-10-07,1,,,,,"パセプション",0
1821,6190002008967,21,0,2026-10-07,2026-09-30,"有限会社誠実屋",,302,"三重県","伊勢市","馬瀬町７３７番地１",,24,203,5160002,,,2026-09-30,01,,,2015-10-05,1,,,,,,0
1822,6190002016763,01,1,2026-10-07,2015-10-05,"有限会社ダイカク工業",,302,"三重県","桑名市","大字本願寺１９１番地の３",,24,205,5110835,,,,,,,2015-10-05,0,,,,,"ダイカクコウギョウ",0
1823,6190002016763,12,1,2026-10-07,2017-10-10,"有限会社ダイカク工業",,302,"三重県","桑名市","大字東汰上１０１７番地１",,24,205,5110806,,,,,,,2015-10-05,1,,,,,"ダイカクコウギョウ",0
1824,6190002018743,21,0,2026-10-07,2026-09-30,"有限会社ＭＳコンサルタント",,302,"三重県","員弁郡東員町","城山１丁目５１番９",,24,324,5110233,,,2026-09-30,01,,,2015-10-05,1,,,,,"エムエスコンサルタント",0
1825,6190003005575,01,0,2026-10-07,2026-10-07,"合同会社ＳＵＺＵＫＡ　ＢＡＳＥ",,305,"三重県","鈴鹿市","住吉町字宮西８２７９番地",,24,207,5130825,,,,,,,2026-10-07,1,,,,,"スズカベース",0
1826,6200002010509,01,1,2026-10-07,2015-10-05,"有限会社ガレージ・オーク",,302,"岐阜県","羽島郡岐南町","平成４丁目２０番地",,21,302,5016013,,,,,,,2015-10-05,1,,,,,"ガレージオーク",0
1827,6200003007487,01,0,2026-10-07,2026-10-07,"合同会社８",,305,"岐阜県","大垣市","岐阜町７５番地",,21,202,5030881,,,,,,,2026-10-07,1,,,,,"ハチ",0
1828,6210001007620,12,0,2026-10-07,2026-10-01,"原木材株式会社",,301,"福井県","坂井市","丸岡町朝陽１丁目２０７番地",,18,210,9100265,,,,,,,2015-10-05,1,,,,,"ハラモクザイ",0
1829,6210001013453,01,1,2026-10-07,2015-10-05,"川井工業株式会社",,301,"福井県","越前市","大虫町６号５番地の３",,18,209,9150885,,,,,,,2015-10-05,0,,,,,"カワイコウギョウ",0
1830,6210001013453,12,1,2026-10-07,2017-07-28,"川井工業株式会社",,301,"福井県","敦賀市","昭和町２丁目４番１号",,18,202,9140812,,,,,,,2015-10-05,1,,,,,"カワイコウギョウ",0
1831,6210001020763,01,0,2026-10-07,2026-10-07,"株式会社Ｙｏｕ＆Ｉ",,301,"福井県","福井市","中央３丁目４番１４号ヴィラヴェナビスタ４０２",,18,201,9100006,,,,,,,2026-10-07,1,,,,,"ユウアンドアイ",0
1832,6210005000761,12,0,2026-10-07,2026-10-01,"福井県医療廃棄物処理事業協同組合",,399,"福井県","福井市","問屋町４丁目１１１２番地",,18,201,9188231,,,,,,,2015-10-05,1,,,,,"フクイケンイリョウハイキブツショリ",0
1833,6210005006420,01,1,2026-10-07,2015-10-05,"公益財団法人福井原子力センター",,399,"福井県","敦賀市","吉河３７号１番地",,18,202,9140024,,,,,,,2015-10-05,1,,,,,"フクイゲンシリョクセンター",0
1834,6220002012395,01,1,2026-10-07,2015-10-05,"有限会社さなだ",,302,"石川県","加賀市","大聖寺南町ホ１２番地の２３",,17,206,9220811,,,,,,,2015-10-05,1,,,,,"サナダ",0
1835,6220003004383,01,0,2026-10-07,2026-10-07,"合同会社カネマツ鮮魚店",,305,"石川県","白山市","鶴来本町３丁目ヲ１３－１",,17,210,9202121,,,,,,,2026-10-07,1,,,,,,0
1836,6230001021628,01,0,2026-10-07,2026-10-07,"Ｔ　Ｌｉｎｋ株式会社",,301,"富山県","富山市","奥田町９番３２号",,16,201,9300818,,,,,,,2026-10-07,1,,,,,"ティーリンク",0
1837,6230002008038,01,1,2026-10-07,2015-10-05,"有限会社こんたに",,302,"富山県","黒部市","三日市３６５４番地",,16,207,9380031,,,,,,,2015-10-05,1,,,,,"コンタニ",0
1838,6240001041328,12,0,2026-10-07,2026-10-01,"アールイートラスト株式会社",,301,"広島県","広島市南区","旭２丁目１４番２５号",,34,103,7340036,,,,,,,2015-10-05,1,,,,,"アールイートラスト",0
1839,6240001064659,12,0,2026-10-07,2026-10-01,"株式会社ＧＲＩＴ",,301,"広島県","広島市安佐南区","伴中央６丁目１４番９号",,34,105,7313165,,,,,,,2025-03-13,1,,,,,"グリット",0
1840,6240001067083,01,0,2026-10-07,2026-10-07,"株式会社ＨＡＣＨＥ",,301,"広島県","安芸郡府中町","瀬戸ハイム２丁目９番１７号",,34,302,7350011,,,,,,,2026-10-07,1,,,,,"アッシュ",0
1841,6240002020685,21,0,2026-10-07,2026-09-30,"有限会社ビジネスプランニング支援センター",,302,"広島県","広島市中区","舟入南３丁目６番８－３０４号",,34,101,7300847,,,2026-09-30,01,,,2015-10-05,1,,,,,,0
1842,6240002026195,01,1,2026-10-07,2015-10-05,"有限会社ヒラモト",,302,"広島県","広島市南区","月見町１９９３番地の５",,34,103,7340054,,,,,,,2015-10-05,1,,,,,"ヒラモト",0
1843,6240005016185,01,0,2026-10-07,2026-10-07,"一般社団法人日本フロアコーティング施工品質保証協会",,399,"広島県","広島市中区","大手町１丁目７番２１号４Ｆ",,34,101,7300051,,,,,,,2026-10-07,1,,,,,"ニホンフロアコーティングセコウヒンシツホショウキョウカイ",0
1844,6250002001833,01,1,2026-10-07,2015-10-05,"有限会社ワン・オール",,302,"山口県","山口市","下小鯖２０９８番地の７",00002584,35,203,7530212,,,,,,,2015-10-05,1,,,,,"ワンオール",0
1845,6250002016765,01,1,2026-10-07,2015-10-05,"有限会社原田土木",,302,"山口県","周南市","大字呼坂２４４７番地の１９",,35,215,7450612,,,,,,,2015-10-05,1,,,,,"ハラダドボク",0
1846,6260002009529,01,1,2026-10-07,2015-10-05,"有限会社マルタニ",,302,"岡山県","岡山市南区","福富西２丁目８番８号",,33,104,7028031,,,,,,,2015-10-05,0,"MARUTANI Co., Ltd.","Okayama","2-8-8, Fukutominishi, Minami ku Okayama shi",,"マルタニ",0
1847,6260002009529,12,1,2026-10-07,2026-10-05,"有限会社マルタニ",,302,"岡山県","岡山市南区","福富中２丁目７番６号",,33,104,7028032,,,,,,,2015-10-05,1,"MARUTANI Co., Ltd.","Okayama","2-8-8, Fukutominishi, Minami ku Okayama shi",,"マルタニ",0
1848,6260003002607,12,0,2026-10-07,2026-10-02,"ＦＰ資産運用設計合同会社",,305,"岡山県","倉敷市","田ノ上１０９３番地６",,33,202,7100831,,,,,,,2018-07-18,1,,,,,"エフピイシサンウンヨウセッケイ",0
1849,6260005011671,01,0,2026-10-07,2026-10-07,"一般社団法人岡山県鳶土工連合会",,399,"岡山県","倉敷市","帯高１７１番地",,33,202,7100023,,,,,,,2026-10-07,1,,,,,"オカヤマケントビドコウレンゴウカイ",0
1850,6290001015756,21,0,2026-10-07,2026-10-01,"ハイマウンテン興産株式会社",,301,"大阪府","大阪市天王寺区","上本町８丁目６番２６号",,27,109,5430001,,,2026-10-01,11,2130001046366,"令和８年１０月１日大阪市天王寺区上本町八丁目６番２６号株式会社ＳＥＮＳＥＣＡＰＥ（2130001046366）に合併し解散",2015-10-05,1,,,,,"ハイマウンテンコウサン",0
1851,6290001076732,12,0,2026-10-07,2026-10-05,"広洋貿易株式会社",,301,"東京都","台東区","上野６丁目１番６号御徒町グリーンハイツ１００５号",,13,106,1100005,,,,,,,2017-02-10,1,,,,,"コウヨウボウエキ",0
1852,6290001097415,12,0,2026-10-07,2026-09-17,"株式会社浦川設備",,301,"福岡県","福岡市早良区","田隈２丁目１４番４号",,40,137,8140174,,,,,,,2022-05-10,1,,,,,"ウラカワセツビ",0
1853,6290001098306,01,1,2026-10-07,2022-07-14,"サンドボックス株式会社",,301,"福岡県","福岡市博多区","博多駅東２丁目５番１９号",,40,132,8120013,,,,,,,2022-07-14,0,,,,,"サンドボックス",0
1854,6290001098306,12,1,2026-10-07,2024-12-10,"サンドボックス株式会社",,301,"宮崎県","都城市","高城町石山１６０１番地",,45,202,8851205,,,,,,,2022-07-14,0,,,,,"サンドボックス",0
1855,6290001098306,12,1,2026-10-07,2026-09-17,"サンドボックス株式会社",,301,"東京都","豊島区","南池袋２丁目１９番４号南池袋ビル６階",,13,116,1710022,,,,,,,2022-07-14,1,,,,,"サンドボックス",0
1856,6290001115647,01,0,2026-10-07,2026-10-07,"株式会社蒼葉",,301,"福岡県","飯塚市","大分２２８番地１",,40,205,8200712,,,,,,,2026-10-07,1,,,,,"アオバ",0
1857,6290001115721,01,0,2026-10-07,2026-10-07,"株式会社ＰＵＬＸ",,301,"福岡県","福岡市東区","香椎照葉３丁目３番１－３０２号アイランドタワースカイクラブ",,40,131,8130017,,,,,,,2026-10-07,1,,,,,"パルクス",0
1858,6290001115754,01,0,2026-10-07,2026-10-07,"株式会社Ｎｅｘｕｓ　Ｏｎｅ",,301,"福岡県","飯塚市","新立岩８番５５号リバーサイドａｉ６０７",,40,205,8200004,,,,,,,2026-10-07,1,,,,,"ネクサスワン",0
1859,6290002012892,01,1,2026-10-07,2015-10-05,"有限会社復古堂",,302,"福岡県","福岡市中央区","天神２丁目９番２１３号",,40,133,8100001,,,,,,,2015-10-05,0,,,,,"フッコドウ",0
1860,6290002012892,12,1,2026-10-07,2026-09-15,"有限会社復古堂",,302,"福岡県","福岡市博多区","下川端町１０番５号",,40,132,8120027,,,,,,,2015-10-05,1,,,,,"フッコドウ",0
1861,6290002046296,21,0,2026-10-07,2026-09-28,"有限会社ユーエスオート",,302,"福岡県","嘉麻市","飯田１６６番地の３",,40,227,8200501,,,2026-09-28,01,,,2015-10-05,1,,,,,"ユーエスオート",0
1862,6290003018947,01,0,2026-10-07,2026-10-07,"合同会社こころ・ほっと・プレイス",,305,"福岡県","飯塚市","片島１丁目１番２１号サンリヤン飯塚９０１",,40,205,8200068,,,,,,,2026-10-07,1,,,,,"ココロホットプレイス",0
1863,6290003018963,01,0,2026-10-07,2026-10-07,"合同会社ＨＡＫ大濠パートナーズ",,305,"福岡県","福岡市中央区","荒戸３丁目３番１５－１２０５号アーバンパレスアクス大濠ＩＩ",00145187,40,133,8100062,,,,,,,2026-10-07,1,,,,,"ハックオオホリパートナーズ",0
1864,6290005005019,21,0,2026-10-07,2026-10-02,"農事組合法人前原酪農振興組合",,399,"福岡県","糸島市","前原西１丁目１番１号",,40,230,8191117,,,2026-10-02,01,,,2015-10-05,1,,,,,"マエバルラクノウシンコウクミアイ",0
1865,6290801008835,01,1,2026-10-07,2015-10-05,"株式会社優希",,301,"福岡県","北九州市小倉北区","木町１丁目５番１８号",,40,106,8030851,,,,,,,2015-10-05,1,,,,,"ユウキ",0
1866,6290801021821,12,0,2026-10-07,2026-10-05,"株式会社ＳＡＫＵ",,301,"福岡県","福岡市博多区","大博町７番１２号１０２",,40,132,8120033,,,,,,,2015-10-05,1,,,,,"サアク",0
1867,6290801032868,01,0,2026-10-07,2026-10-07,"株式会社ミオサルト",,301,"福岡県","北九州市小倉北区","中島１丁目１７番２５号",,40,106,8020076,,,,,,,2026-10-07,1,,,,,"ミオサルト",0
1868,6290802025284,01,1,2026-10-07,2015-10-05,"有限会社みのり薬局",,302,"福岡県","田川郡大任町","大字今任原４１３９番地の９２",,40,608,8240511,,,,,,,2015-10-05,1,,,,,"ミノリヤッキョク",0
1869,6290805000672,01,1,2026-10-07,2015-10-05,"医療法人おのクリニック",,399,"福岡県","北九州市小倉南区","企救丘３丁目１７番４－１０１号",,40,107,8020981,,,,,,,2015-10-05,1,,,,,"オノクリニック",0
1870,6300001004559,21,0,2026-10-07,2026-10-01,"朝日Ｉ＆Ｒリアルティ株式会社",,301,"佐賀県","武雄市","朝日町大字甘久３５８９番地２",,41,206,8430001,,,2026-10-01,11,6300001011118,"令和８年１０月１日佐賀県武雄市朝日町大字甘久３５８９番地２朝日Ｉ＆Ｒホールディングス株式会社（6300001011118）に合併し解散",2015-10-05,1,,,,,"アサヒアイアンドアールリアルティ",0
1871,6300001006621,11,0,2026-10-07,2026-10-01,"佐賀ガス株式会社",,301,"佐賀県","神埼郡吉野ヶ里町","立野５７４番地",,41,327,8420032,,,,,,,2015-10-05,1,,,,,"サガガス",0
1872,6310001013906,21,0,2026-10-07,2026-10-01,"株式会社エディ・マリン・エンジニアリング",,301,"愛媛県","今治市","野間甲１０５番地",,38,202,7940082,,,2026-10-01,11,1500001011226,"令和８年１０月１日愛媛県今治市野間甲１０５番地ＢＥＭＡＣ株式会社（1500001011226）に合併し解散",2015-10-26,1,,,,,"エディマリンエンジニアリング",0
1873,6320002007708,01,1,2026-10-07,2015-10-05,"有限会社ヴィアーレ",,302,"大分県","大分市","大字三芳６１８番地の７",,44,201,8700030,,,,,,,2015-10-05,1,,,,,"ヴィアーレ",0
1874,6320003003086,12,0,2026-10-07,2026-09-30,"ブルースターホールディングス株式会社",,301,"大分県","別府市","石垣西３丁目９番地１７号",,44,202,8740910,,,,,,,2019-09-10,1,,,,,"ブルースターホールディングス",0
1875,6330001001264,21,0,2026-10-07,2026-10-01,"株式会社熊日会館",,301,"熊本県","熊本市中央区","上通町２番３３号",,43,101,8600845,,,2026-10-01,11,4330001001571,"令和８年１０月１日熊本市中央区世安一丁目５番１号株式会社熊本日日新聞社（4330001001571）に合併し解散",2015-10-05,1,,,,,"クマニチカイカン",0
1876,6330001023597,01,1,2026-10-07,2017-01-10,"株式会社岡本設備",,301,"熊本県","熊本市中央区","出水７丁目８番８号",,43,101,8620941,,,,,,,2017-01-10,1,,,,,"オカモトセツビ",0
1877,6330001031757,12,0,2026-10-07,2026-10-05,"株式会社ＦＫＫ",,301,"熊本県","熊本市東区","画図町大字重富６３７番地７",,43,102,8620947,,,,,,,2024-02-15,1,,,,,"エフケイケイ",0
1878,6330001034727,01,0,2026-10-07,2026-10-07,"鹿北未来共創株式会社",,301,"熊本県","山鹿市","鹿北町四丁７０９番地３",,43,208,8610601,,,,,,,2026-10-07,1,,,,,"カホクミライキョウソウ",0
1879,6330003011781,01,0,2026-10-07,2026-10-07,"合同会社福田商店",,305,"熊本県","宇城市","小川町西海東２０８５番地１",,43,213,8690615,,,,,,,2026-10-07,1,,,,,"フクダショウテン",0
1880,6340001028471,01,0,2026-10-07,2026-10-07,"株式会社坊津の華",,301,"鹿児島県","南さつま市","坊津町坊９３２１番地２５",,46,220,8980101,,,,,,,2026-10-07,1,,,,,"ボウノツノハナ",0
1881,6340001028496,01,0,2026-10-07,2026-10-07,"株式会社森岡畜産",,301,"鹿児島県","鹿児島市","山之口町９番１６号ＹＰビルＢ０１",,46,201,8920844,,,,,,,2026-10-07,1,,,,,"モリオカチクサン",0
1882,6340003005353,01,0,2026-10-07,2026-10-07,"合同会社ゴルフサポートＩＮＦＩＮＩＴＹ",,305,"鹿児島県","鹿児島市","高麗町２２－６高麗町ビルＡ棟２階",,46,201,8900051,,,,,,,2026-10-07,1,,,,,"ゴルフサポートインフィニティ",0
1883,6350001012862,21,0,2026-10-07,2026-10-01,"株式会社ＭＡＲＣＨ",,301,"宮崎県","宮崎市","一の宮町５６番地５",,45,201,8800854,,,2026-10-01,01,,,2015-10-05,1,,,,,"マーチ",0
1884,6350001020287,01,0,2026-10-07,2026-10-07,"株式会社アグリＬ",,301,"宮崎県","宮崎市","大字跡江１９４３番地１",,45,201,8802101,,,,,,,2026-10-07,1,,,,,"アグリエル",0
1885,6360003016217,01,0,2026-10-07,2026-10-07,"Ｓｈｏｐ７０９Ｊａｐａｎ合同会社",,305,"沖縄県","名護市","宇茂佐の森４丁目３番地２トーマス宇茂佐の森６０５号室",,47,209,9050009,,,,,,,2026-10-07,1,,,,,"ショップセブンオーナインジャパン",0
1886,6360005007494,01,0,2026-10-07,2026-10-07,"一般社団法人いきいきライフ協会てだこ",,399,"沖縄県","中頭郡西原町","字翁長５９２番地伸ビル４－Ａ",,47,329,9030117,,,,,,,2026-10-07,1,,,,,"イキイキライフキョウカイテダコ",0
1887,6370001005798,01,1,2026-10-07,2015-10-05,"新とうほく株式会社",,301,"宮城県","仙台市青葉区","小松島新堤２２番７号",,04,101,9810906,,,,,,,2015-10-05,1,,,,,"シントウホク",0
1888,6370001007175,12,0,2026-10-07,2026-09-29,"株式会社和壱",,301,"宮城県","仙台市青葉区","東勝山２丁目１８番１３号",,04,101,9810923,,,,,,,2015-10-05,1,,,,,"ワイチ",0
1889,6370001015112,01,1,2026-10-07,2015-10-05,"株式会社シーエステック",,301,"宮城県","仙台市青葉区","本町１丁目１３番地３２－１００２号",,04,101,9800014,,,,,,,2015-10-05,1,,,,,"シーエステック",0
1890,6370001052667,12,0,2026-10-07,2026-09-28,"株式会社トータルクリーンフィックス",,301,"宮城県","仙台市泉区","南中山３丁目１６番地の１９",,04,105,9813213,,,,,,,2025-06-06,1,,,,,"トータルクリーンフィックス",0
1891,6370003007776,01,0,2026-10-07,2026-10-07,"ｓ．ｓｕｇｇｅｓｔ合同会社",,305,"宮城県","仙台市泉区","館４丁目１６番地の２",,04,105,9813214,,,,,,,2026-10-07,1,,,,,"エスドットサジェスト",0
1892,6370302003443,12,0,2026-10-07,2026-09-30,"有限会社ベースメント",,302,"茨城県","東茨城郡大洗町","磯浜町５４８９号",,08,309,3111301,,,,,,,2015-10-05,1,,,,,"ベースメント",0
1893,6380001003545,21,0,2026-10-07,2026-10-02,"株式会社信陵技研",,301,"福島県","福島市","笹谷字町前８番地の１４",,07,201,9600241,,,2026-10-02,01,,,2015-10-05,1,,,,,"シンリョウギケン",0
1894,6380001035869,12,0,2026-10-07,2026-10-01,"トライズ建設株式会社",,301,"福島県","いわき市","内郷綴町上馬場１８番地の５４",,07,204,9738403,,,,,,,2026-02-12,1,,,,,"トライズケンセツ",0
1895,6380002003296,21,0,2026-10-07,2026-10-02,"有限会社ヘアープレイ",,302,"福島県","福島市","天神町２番９号",,07,201,9608001,,,2026-10-02,01,,,2015-10-05,1,,,,,"ヘアープレイ",0
1896,6380002015804,12,0,2026-10-07,2026-10-01,"有限会社ハマオ産業",,302,"福島県","郡山市","日和田町八丁目字滝ノ下１７番地",,07,203,9630533,,,,,,,2015-10-05,1,,,,,"ハマオサンギョウ",0
1897,6380003005614,12,0,2026-10-07,2026-10-05,"ＮｅＸＴ・Ｆａｒｍ合同会社",,305,"福島県","伊達市","保原町字中村町３番地",,07,213,9600621,,,,,,,2023-11-09,1,,,,,"ネクストファーム",0
1898,6380005011271,12,0,2026-10-07,2026-10-02,"一般社団法人ふくしま学びのネットワーク",,399,"福島県","福島市","山口字寺屋敷４常円寺内",,07,201,9608202,,,,,,,2015-10-05,1,,,,,"フクシママナビノネットワーク",0
1899,6390001018022,01,1,2026-10-07,2025-06-20,"株式会社Ｒｙｕ",,301,"山形県","鶴岡市","日枝字大塚１４３番地３５",,06,203,9970824,,,,,,,2025-06-20,1,,,,,"アールワイユー",0
1900,6390001018484,01,0,2026-10-07,2026-10-07,"株式会社Ｋｒｏｉｓ",,301,"山形県","寒河江市","元町３丁目２０―６",,06,206,9910053,,,,,,,2026-10-07,1,,,,,"クロイス",0
1901,6400002006998,21,0,2026-10-07,2026-10-05,"赤石貨物急送有限会社",,302,"岩手県","紫波郡紫波町","南日詰字京田１６４番地７",,03,321,0283317,,,2026-10-05,01,,,2015-10-05,1,,,,,"アカイシカモツキュウソウ",0
1902,6430001009470,71,0,2026-10-07,2026-10-01,"エア・ウォーター物流株式会社",,301,"北海道","札幌市中央区","南十九条西６丁目３番５号",,01,101,0640919,,,,,,"令和８年１０月１日北海道石狩市新港西二丁目７７０番地１株式会社札幌流通加工サービス（5430001020486）を合併",2015-10-05,1,,,,,"エアウォーターブツリュウ",0
1903,6430001062511,01,1,2026-10-07,2015-10-05,"株式会社ベネフィッツ・プランニング",,301,"北海道","札幌市東区","北四十四条東１丁目３番２１号津嶋ＢＬ",,01,103,0070844,,,,,,,2015-10-05,0,,,,,"ベネフィッツプランニング",0
1904,6430001062511,21,0,2026-10-07,2026-09-30,"株式会社ベネフィッツ・プランニング",,301,"北海道","札幌市東区","北四十四条東１丁目３番２１号津嶋ＢＬ",,01,103,0070844,,,2026-09-30,01,,,2015-10-05,1,,,,,"ベネフィッツプランニング",0
1905,6430001073087,01,1,2026-10-07,2017-01-11,"スマイルホーム株式会社",,301,"北海道","札幌市東区","北四十八条東１５丁目２番２０－２０５号",,01,103,0070848,,,,,,,2017-01-11,0,,,,,,0
1906,6430001073087,12,1,2026-10-07,2017-04-10,"スマイルホーム株式会社",,301,"北海道","札幌市南区","藤野五条９丁目４番１２号",,01,106,0612285,,,,,,,2017-01-11,0,,,,,,0
1907,6430001073087,12,1,2026-10-07,2022-08-01,"スマイルホーム株式会社",,301,"北海道","札幌市清田区","清田六条２丁目６番１７号",,01,110,0040846,,,,,,,2017-01-11,1,,,,,,0
1908,6430001077212,12,0,2026-10-07,2026-10-02,"株式会社オーブス",,301,"北海道","札幌市中央区","大通西９丁目１番地１",,01,101,0600042,,,,,,,2018-08-15,1,,,,,"オーブス",0
1909,6430001084365,12,0,2026-10-07,2026-10-01,"株式会社天惠",,301,"北海道","恵庭市","恵み野西６丁目２０番６",,01,231,0611373,,,,,,,2021-06-21,1,,,,,"テンケイ",0
1910,6430001097788,01,0,2026-10-07,2026-10-07,"株式会社ＭＳビジョン",,301,"北海道","札幌市中央区","南一条西１６丁目１番地３２３春野ビル３Ｆ",,01,101,0600061,,,,,,,2026-10-07,1,,,,,"エムエスビジョン",0
1911,6430003012299,12,0,2026-10-07,2026-10-02,"合同会社Ｐｉｎｅ",,305,"北海道","札幌市中央区","南五条西６丁目１８番２号ＨＢＮビル３階Ｃ",,01,101,0640805,,,,,,,2021-01-05,1,,,,,"パイン",0
1912,6430003019501,01,0,2026-10-07,2026-10-07,"ＦＵＪＩＷＡＲＡ合同会社",,305,"北海道","札幌市北区","北二十七条西１３丁目２番３号",,01,102,0010027,,,,,,,2026-10-07,1,,,,,"フジワラ",0
1913,6430005001283,11,0,2026-10-07,2026-10-02,"一般財団法人アクセス札幌",,399,"北海道","札幌市白石区","流通センター４丁目３番５５号",,01,104,0030030,,,,,,,2015-10-05,1,,,,,"アクセスサッポロ",0
1914,6430005007000,01,1,2026-10-07,2015-10-05,"大乘寺",,399,"北海道","夕張郡由仁町","馬追１０８番地",,01,427,0691207,,,,,,,2015-10-05,1,,,,,"ダイジョウジ",0
1915,6430005015580,01,0,2026-10-07,2026-10-07,"一般社団法人ＡＩ田園都市推進機構",,399,"北海道","苫小牧市","美園町２丁目１２番８号",,01,213,0530041,,,,,,,2026-10-07,1,,,,,"エーアイデンエントシスイシンキコウ",0
1916,6440002008842,01,1,2026-10-07,2015-10-05,"有限会社ケアステーションせたな",,302,"北海道","久遠郡せたな町","瀬棚区本町４５６番地",,01,371,0494816,,,,,,,2015-10-05,1,,,,,"ケアステーションセタナ",0
1917,6450001008479,01,1,2026-10-07,2015-10-05,"株式会社ホテル豊富",,301,"北海道","天塩郡豊富町","字上サロベツ１５１０の２",,01,516,0984100,,,,,,,2015-10-05,1,,,,,"ホテルトヨトミ",0
1918,6450001015079,01,0,2026-10-07,2026-10-07,"株式会社ＪｅｅＫ",,301,"北海道","旭川市","豊岡四条２丁目２番１９号",,01,204,0788234,,,,,,,2026-10-07,1,,,,,"ジーク",0
1919,6450005003179,21,0,2026-10-07,2026-10-01,"株式会社留萌水産加工団地",,301,"北海道","留萌市","東雲町１丁目３５番地",,01,212,0770011,,,2026-10-01,11,3450001008853,"令和８年１０月１日北海道留萌市船場町一丁目２４番地井原水産株式会社（3450001008853）に合併し解散",2015-10-05,1,,,,,"ルモイスイサンカコウダンチ",0
1920,6460001004007,01,1,2026-10-07,2015-10-05,"株式会社葛西塗装",00090941,301,"北海道","厚岸郡浜中町","暮帰別西１丁目１０１番地",,01,663,0881525,,,,,,,2015-10-05,1,,,,,"カサイトソウ",0
1921,6470001015853,01,1,2026-10-07,2016-08-10,"株式会社ＣＡエンジニアーズ",,301,"香川県","観音寺市","吉岡町３３８番地１８",,37,205,7680021,,,,,,,2016-08-10,1,,,,,"シーエーエンジニアーズ",0
1922,6470002016537,01,1,2026-10-07,2015-10-05,"有限会社ベニヤ",,302,"香川県","三豊市","高瀬町上高瀬１４７４番地",,37,208,7670001,,,,,,,2015-10-05,1,,,,,"ベニヤ",0
1923,6480002007873,12,0,2026-10-07,2026-10-01,"有限会社Ｃ・Ｎファーマシー",,302,"徳島県","徳島市","南昭和町１丁目１番地の７",,36,201,7700944,,,,,,,2015-10-05,1,,,,,"シーエヌファーマシー",0
1924,6490001008343,01,1,2026-10-07,2016-05-02,"株式会社井上",,301,"高知県","高知市","萩町１丁目６番３１号",,39,201,7818006,,,,,,,2016-05-02,0,,,,,"イノウエ",0
1925,6490001008343,21,0,2026-10-07,2026-10-01,"株式会社井上",,301,"高知県","高知市","萩町１丁目６番３１号",,39,201,7818006,,,2026-10-01,01,,,2016-05-02,1,,,,,"イノウエ",0
1926,6490001011454,01,0,2026-10-07,2026-10-07,"株式会社アベイユマム",,301,"高知県","高知市","春野町弘岡下２４５４番地３２",,39,201,7810303,,,,,,,2026-10-07,1,,,,,"アベイユマム",0
1927,6500001006064,01,1,2026-10-07,2015-10-05,"株式会社サンワ",,301,"愛媛県","松山市","西垣生町９１９番地１",,38,201,7918044,,,,,,,2015-10-05,1,,,,,"サンワ",0
1928,6500002002780,01,1,2026-10-07,2015-10-05,"有限会社コットンハウス",,302,"愛媛県","松山市","平和通３丁目２番地２３",,38,201,7900807,,,,,,,2015-10-05,1,,,,,"コットンハウス",0
1929,6500002013349,01,1,2026-10-07,2015-10-05,"有限会社タケウチムセン",,302,"愛媛県","八幡浜市","産業通１番１３号",,38,204,7968004,,,,,,,2015-10-05,1,,,,,"タケウチムセン",0
1930,7010001005437,21,0,2026-10-07,2026-09-07,"株式会社トータルアドプランニング",,301,"東京都","文京区","本駒込３丁目４１番２号幸栄ビル３階３Ｃ",,13,105,1130021,,,2026-09-07,01,,,2015-10-05,1,,,,,"トータルアドプランニング",0
1931,7010001087252,21,0,2026-10-07,2026-09-28,"三共産業株式会社",,301,"東京都","渋谷区","上原２丁目２８番８号",,13,113,1510064,,,2026-09-28,01,,,2015-10-05,1,,,,,"サンキョウサンギョウ",0
1932,7010001131910,01,1,2026-10-07,2015-10-05,"トラストホールディングス株式会社",,301,"東京都","千代田区","有楽町１丁目２番１５号",,13,101,1000006,,,,,,,2015-10-05,1,,,,,"トラストホールディングス",0
1933,7010001169991,12,0,2026-10-07,2026-10-05,"株式会社ｕｎｅｒｒｙ",,301,"東京都","千代田区","内幸町２丁目１番６号日比谷パークフロント１９階",,13,101,1000011,,,,,,,2015-10-05,1,,,,,"ウネリー",0
1934,7010001171989,12,0,2026-10-07,2026-10-02,"ＩＴＪａｐａｎ株式会社",,301,"東京都","中央区","勝どき４丁目６番２号",,13,102,1040054,,,,,,,2015-12-02,1,,,,,"アイティージャパン",0
1935,7010001195567,12,0,2026-10-07,2026-09-07,"株式会社ザブーン",,301,"東京都","港区","三田３丁目５番２７号住友不動産東京三田サウスタワー１０階",,13,103,1080073,,,,,,,2018-10-17,1,,,,,"ザブーン",0
1936,7010001220060,12,0,2026-10-07,2026-10-05,"株式会社シルドラ",,301,"東京都","港区","南青山３丁目１番３６号青山丸竹ビル６Ｆ",,13,103,1070062,,,,,,,2021-08-02,1,,,,,"シルドラ",0
1937,7010001222370,21,0,2026-10-07,2026-09-07,"ベスティー株式会社",,301,"東京都","中央区","晴海２丁目３番２－７０２号",,13,102,1040053,,,2026-09-07,11,8330001022688,"令和８年７月３１日東京都中央区晴海五丁目４番１－７０８号室株式会社新林（8330001022688）に合併し解散",2021-11-09,1,,,,,"ベスティー",0
1938,7010001235091,12,0,2026-10-07,2026-09-07,"ＡＤＶＡＮＣＥｃｒｅａｔｉｏｎ株式会社",,301,"東京都","港区","六本木２丁目１番１９号Ｓ－Ｂｕｉｌｄｉｎｇ３階",,13,103,1060032,,,,,,,2023-05-17,1,,,,,"アドバンスクリエイション",0
1939,7010001235959,12,0,2026-10-07,2026-10-05,"プリミスホールディングス株式会社",,301,"東京都","港区","東新橋２丁目１６番４号",,13,103,1050021,,,,,,,2023-06-07,1,,,,,"プリミスホールディングス",0
1940,7010001243706,12,0,2026-10-07,2026-09-30,"株式会社シンバ",,301,"群馬県","高崎市","中大類町４２１番地６",,10,202,3700033,,,,,,,2024-04-12,1,,,,,"シンバ",0
1941,7010001247252,21,0,2026-10-07,2026-09-30,"三発株式会社",,301,"大阪府","大阪市浪速区","難波中２丁目６－１５ユーアイプラザビル１００３号室",,27,111,5560011,,,2026-09-30,01,,,2024-08-08,1,,,,,"サンハツ",0
1942,7010001248829,01,1,2026-10-07,2024-10-10,"グラフェナリー株式会社",,301,"東京都","千代田区","飯田橋４丁目３番３号第１１相信ビル２階Ｂ",,13,101,1020072,,,,,,,2024-10-10,1,,,,,"グラフェナリー",0
1943,7010001261360,12,0,2026-10-07,2026-10-02,"Ｊａｐａｎ　Ｆｉｎａｎｃｉａｌ　Ｅｌａｎ　Ｔｅｃｈｎｏｌｏｇｉｅｓ株式会社",,301,"東京都","中央区","日本橋小舟町８番１３号１０１号室",,13,102,1030024,,,,,,,2025-12-22,0,,,,,"ジャパンフィナンシャルエランテクノロジーズ",0
1944,7010001261360,11,0,2026-10-07,2026-10-02,"ＪＦＥＴ株式会社",,301,"東京都","中央区","日本橋小舟町８番１３号１０１号室",,13,102,1030024,,,,,,,2025-12-22,1,,,,,"ジェーフェット",0
1945,7010001269271,01,0,2026-10-07,2026-10-07,"Ｅ‐薬局株式会社",,301,"東京都","中央区","日本橋兜町１１－７ビーエム兜町ビル３階",,13,102,1030026,,,,,,,2026-10-07,1,,,,,"イーヤッキョク",0
1946,7010001269296,01,0,2026-10-07,2026-10-07,"株式会社ＡＩＺＩＡ",,301,"東京都","中央区","京橋１丁目６番１号",,13,102,1040031,,,,,,,2026-10-07,1,,,,,"アイジア",0
1947,7010001269354,01,0,2026-10-07,2026-10-07,"株式会社ネクストエナジーパートナー",,301,"東京都","千代田区","神田須田町１丁目７番８号－２階",,13,101,1010041,,,,,,,2026-10-07,1,,,,,"ネクストエナジーパートナー",0
1948,7010001269478,01,0,2026-10-07,2026-10-07,"株式会社ＦＬＩＰ第４０５号",,301,"東京都","千代田区","丸の内２丁目７番２号",,13,101,1000005,,,,,,,2026-10-07,1,,,,,"エフエルアイピーダイヨンヒャクゴゴウ",0
1949,7010001269486,01,0,2026-10-07,2026-10-07,"株式会社ＦＬＩＰ第４１３号",,301,"東京都","千代田区","丸の内２丁目７番２号",,13,101,1000005,,,,,,,2026-10-07,1,,,,,"エフエルアイピーダイヨンヒャクジュウサンゴウ",0
1950,7010001269494,01,0,2026-10-07,2026-10-07,"株式会社ＳＨＩＰ第１０５３号",,301,"東京都","千代田区","丸の内２丁目７番２号",,13,101,1000005,,,,,,,2026-10-07,1,,,,,"エスエイチアイピーダイセンゴジュウサンゴウ",0
1951,7010003038641,21,0,2026-10-07,2026-09-18,"行人坂プロパティー合同会社",,305,"東京都","千代田区","丸の内１丁目１１番１号",,13,101,1000005,,,2026-09-18,01,,,2022-09-09,1,,,,,"ギョウニンザカプロパティー",0
1952,7010003052857,01,0,2026-10-07,2026-10-07,"Ｊａｐａｎ　Ｏｎｅ合同会社",,305,"東京都","中央区","日本橋１丁目４番１号日本橋一丁目ビルディング",,13,102,1030027,,,,,,,2026-10-07,1,,,,,"ジャパンワン",0
1953,7010003052881,01,0,2026-10-07,2026-10-07,"合同会社ＳＰＣ１４",,305,"東京都","千代田区","平河町１丁目６番１５号シルスフィア会計事務所内",,13,101,1020093,,,,,,,2026-10-07,1,,,,,"エスピーシージュウヨン",0
1954,7010005031909,12,0,2026-10-07,2026-09-28,"弁護士法人エジソン法律事務所",,399,"東京都","千代田区","神田小川町２丁目３番１３号Ｍ＆Ｃビル７Ｆ",,13,101,1010052,,,,,,,2020-06-24,1,,,,,"エジソンホウリツジムショ",0
1955,7010005042336,01,0,2026-10-07,2026-10-07,"一般社団法人Ｓｏｃｉａｌ　Ｆｉｎａｎｃｅ　Ｊａｐａｎ",,399,"東京都","中央区","銀座１丁目２２番１１号銀座大竹ビジデンス２階",,13,102,1040061,,,,,,,2026-10-07,1,,,,,"ソーシャルファイナンスジャパン",0
1956,7010005042369,01,0,2026-10-07,2026-10-07,"一般社団法人日本ＮＰ学会",,399,"東京都","千代田区","一ツ橋１丁目１番１号パレスサイドビル株式会社毎日学術フォーラム内",,13,101,1000003,,,,,,,2026-10-07,1,,,,,"ニホンエヌピーガッカイ",0
1957,7010005042534,01,0,2026-10-07,2026-10-07,"ＴＯＫ３Ｃ特定目的会社",,399,"東京都","千代田区","丸の内１丁目４番１号東京共同会計事務所内",,13,101,1000005,,,,,,,2026-10-07,1,,,,,"トックスリーシー",0
1958,7010101016945,12,0,2026-10-07,2026-09-24,"株式会社源",,301,"東京都","八王子市","寺町７２番地",,13,201,1920073,,,,,,,2025-10-31,1,,,,,"ミナモト",0
1959,7010401118185,01,1,2026-10-07,2015-10-05,"株式会社ＫＫ商事",,301,"東京都","港区","赤坂６丁目６番４号",,13,103,1070052,,,,,,,2015-10-05,0,,,,,"ケイケイショウジ",0
1960,7010401118185,12,0,2026-10-07,2026-09-29,"株式会社ＫＫ商事",,301,"千葉県","市川市","新田５丁目１６番１２－３０４号",,12,203,2720035,,,,,,,2015-10-05,1,,,,,"ケイケイショウジ",0
1961,7010401150048,12,0,2026-10-07,2026-10-05,"株式会社Ｊｕｌｉｕｓ　Ｓｅｖｅｎ",,301,"東京都","中央区","銀座６丁目１３番１６号銀座ＷａｌｌビルＵＣＦ５０１",,13,102,1040061,,,,,,,2019-12-24,1,,,,,"ユリウスセブン",0
1962,7010401177272,12,0,2026-10-07,2026-09-07,"ＡＤＡデータＡＩソリューションズ株式会社",,301,"東京都","港区","虎ノ門５丁目１３番１号虎ノ門４０ＭＴビル７階",,13,103,1050001,,,,,,,2023-09-22,1,,,,,"エーディーエーデータエーアイソリューションズ",0
1963,7010401201627,12,0,2026-10-07,2026-10-05,"株式会社ＢｅｙｏｎｄＭｅ",,301,"東京都","渋谷区","代々木５丁目８－５－６０５号",,13,113,1510053,,,,,,,2026-08-25,1,,,,,"ビヨンドミー",0
1964,7010401202542,01,0,2026-10-07,2026-10-07,"ＯＲＵＥ株式会社",,301,"東京都","港区","北青山１丁目３番１号アールキューブ青山３階",,13,103,1070061,,,,,,,2026-10-07,1,,,,,"オルエ",0
1965,7010401202550,01,0,2026-10-07,2026-10-07,"Ｔｕｒｉｎｇ　Ｄｒｉｖｅ株式会社",,301,"東京都","港区","高輪２丁目２１番１号ＴＨＥ・ＬＩＮＫＰＩＬＬＡＲ１・ＮＯＲＴＨ６・７Ｆ・ＬｉＳＨ",,13,103,1080074,,,,,,,2026-10-07,1,,,,,"チューリングドライブ",0
1966,7010401202567,01,0,2026-10-07,2026-10-07,"白金プロパティマネジメント株式会社",,301,"東京都","港区","白金４丁目３番１６号",,13,103,1080072,,,,,,,2026-10-07,1,,,,,"シロカネプロパティマネジメント",0
1967,7010401202591,01,0,2026-10-07,2026-10-07,"ＮＯＫ　Ｇｒｏｕｐ株式会社",,301,"東京都","港区","芝大門１丁目１２番１５号",,13,103,1050012,,,,,,,2026-10-07,1,,,,,"エヌオーケーグループ",0
1968,7010401202625,01,0,2026-10-07,2026-10-07,"レガメーションホールディングス株式会社",,301,"東京都","港区","高輪３丁目１１番８－１８０５号",,13,103,1080074,,,,,,,2026-10-07,1,,,,,"レガメーションホールディングス",0
1969,7010401202641,01,0,2026-10-07,2026-10-07,"株式会社オォゾラスタッフ",,301,"東京都","港区","南青山１丁目１２番３号Ｎ２１３",,13,103,1070062,,,,,,,2026-10-07,1,,,,,"オォゾラスタッフ",0
1970,7010403024068,12,0,2026-10-07,2026-10-02,"合同会社インベスト",,305,"東京都","渋谷区","恵比寿西２丁目４番８号ウィンド恵比寿ビル８Ｆ",,13,113,1500021,,,,,,,2020-11-10,1,,,,,"インベスト",0
1971,7010403039157,01,0,2026-10-07,2026-10-07,"合同会社はるこっと",,305,"東京都","港区","港南２丁目１６番７－２７１３号",,13,103,1080075,,,,,,,2026-10-07,1,,,,,"ハルコット",0
1972,7010403039248,01,0,2026-10-07,2026-10-07,"ＦＲＡＭＥ合同会社",,305,"東京都","港区","南青山３丁目１番３６号青山丸竹ビル６階",,13,103,1070062,,,,,,,2026-10-07,1,,,,,"フレーム",0
1973,7010403039280,01,0,2026-10-07,2026-10-07,"合同会社マツウラ",,305,"東京都","港区","北青山１丁目３番３号三橋ビル３階",,13,103,1070061,,,,,,,2026-10-07,1,,,,,"マツウラ",0
1974,7010405026252,01,0,2026-10-07,2026-10-07,"ＥＶ充電インフラキャピタル一般社団法人",,399,"東京都","港区","元赤坂１丁目１番７－１２０９号株式会社赤坂国際会計内",,13,103,1070051,,,,,,,2026-10-07,1,,,,,"イーブイジュウデンインフラキャピタル",0
1975,7010601026618,12,0,2026-10-07,2026-10-05,"株式会社ニコン・エシロール",,301,"東京都","千代田区","二番町４番地５",,13,101,1020084,,,,,,,2015-10-05,1,,,,,"ニコンエシロール",0
1976,7010601027921,01,1,2026-10-07,2015-10-05,"株式会社プロスペクツジャパン",,301,"東京都","江東区","亀戸３丁目４７番１７－１００２号",,13,108,1360071,,,,,,,2015-10-05,0,,,,,"プロスペクツジャパン",0
1977,7010601027921,21,0,2026-10-07,2026-09-29,"株式会社プロスペクツジャパン",,301,"東京都","江東区","亀戸３丁目４７番１７－１００２号",,13,108,1360071,,,2026-09-29,01,,,2015-10-05,1,,,,,"プロスペクツジャパン",0
1978,7010601059997,11,0,2026-10-07,2026-10-01,"出光ケミカルリサイクル・ジャパン株式会社",,301,"東京都","中央区","新富１丁目１８番８号",,13,102,1040041,,,,,,,2021-10-01,1,,,,,"イデミツケミカルリサイクルジャパン",0
1979,7010601069914,01,0,2026-10-07,2026-10-07,"株式会社つむぎ",,301,"東京都","江東区","大島８丁目２１番１３－３１７号",,13,108,1360072,,,,,,,2026-10-07,1,,,,,"ツムギ",0
1980,7010603010867,12,0,2026-10-07,2026-08-06,"合同会社ＮＫ",,305,"千葉県","柏市","逆井４丁目４番２２号",,12,217,2770042,,,,,,,2024-05-28,1,,,,,"エヌケー",0
1981,7010701042003,12,0,2026-10-07,2026-10-02,"フェニックス株式会社",,301,"東京都","中野区","大和町１丁目６８番５－６０１号",,13,114,1650034,,,,,,,2022-01-12,1,,,,,"フェニックス",0
1982,7010802016756,01,1,2026-10-07,2015-10-05,"有限会社シーエルアンドエル",,302,"東京都","大田区","蒲田４丁目１１番６号",,13,111,1440052,,,,,,,2015-10-05,1,,,,,"シーエルアンドエル",0
1983,7010802019742,12,0,2026-10-07,2026-10-01,"株式会社サーカス",,301,"東京都","港区","虎ノ門１丁目２番８号",,13,103,1050001,,,,,,,2015-10-05,1,,,,,"サーカス",0
1984,7010901055242,12,0,2026-10-07,2026-10-05,"株式会社ＣｈｒｏｎｏＡｒｔ",,301,"東京都","江東区","青海２丁目７－４",,13,108,1350064,,,,,,,2024-05-08,1,,,,,"クロノアート",0
1985,7010901060358,01,0,2026-10-07,2026-10-07,"株式会社Ｈｉｎａ　Ｒｉｄｇｅ",,301,"東京都","世田谷区","宮坂３丁目２番１３－２０２号",,13,112,1560051,,,,,,,2026-10-07,1,,,,,"ヒナリッチ",0
1986,7010901060366,01,0,2026-10-07,2026-10-07,"株式会社Ｇｏｏｄ　Ｏｌｄ",,301,"東京都","世田谷区","若林１丁目１番２０号",,13,112,1540023,,,,,,,2026-10-07,1,,,,,"グッドオールド",0
1987,7010901060374,01,0,2026-10-07,2026-10-07,"株式会社Ｊｏｒｒｏ　ｍｙ　ｃｏｆｆｅｅ",,301,"東京都","世田谷区","太子堂４丁目１８番１５号ＴＡＳＵＫＩ・ＰＲＩＭＥ・ＳＡＮＧＥＮＪＡＹＡ３Ｆ－３",,13,112,1540004,,,,,,,2026-10-07,1,,,,,"ジョーロマイコーヒー",0
1988,7010903007522,12,0,2026-10-07,2026-10-01,"Ｍ　ａｌｉｓｓａ合同会社",,305,"東京都","港区","白金１丁目２番２号Ｗ１０１７",,13,103,1080072,,,,,,,2022-07-12,1,,,,,"エムアリッサ",0
1989,7010903011202,01,0,2026-10-07,2026-10-07,"合同会社ＮＥＩＧＨＢＯＲ",,305,"東京都","世田谷区","太子堂５丁目１２番２号１ＦＡ",,13,112,1540004,,,,,,,2026-10-07,1,,,,,"ネイバー",0
1990,7010905004996,01,0,2026-10-07,2026-10-07,"特定非営利活動法人Ｈｕｍａｎｉｔｙ　Ｄｅｓｉｇｎ　Ｃｅｎｔｅｒ",,399,"東京都","世田谷区","奥沢７丁目１９番１５号ベルハイム九品仏Ｂ棟３０１",,13,112,1580083,,,,,,,2026-10-07,1,,,,,"ヒューマニティデザインセンター",0
1991,7011001121835,12,0,2026-10-07,2026-10-05,"株式会社ＬＹＹＭ",,301,"東京都","渋谷区","道玄坂１丁目１６－６二葉ビル９Ａ",,13,113,1500043,,,,,,,2018-04-25,1,,,,,"リーム",0
1992,7011001157656,21,0,2026-10-07,2026-09-28,"株式会社Ｚｔｈｒｅｅｅ",,301,"東京都","渋谷区","渋谷２丁目１９－１５宮益坂ビルディング６０９",,13,113,1500002,,,2026-09-28,01,,,2023-10-19,1,,,,,"ゼッドスリー",0
1993,7011001178859,12,0,2026-10-07,2026-09-10,"株式会社ＥＶＩＬＩＡ",,301,"東京都","渋谷区","道玄坂１丁目１０番８号渋谷道玄坂東急ビル２Ｆ－Ｃ",,13,113,1500043,,,,,,,2026-07-03,1,,,,,"エヴィリア",0
1994,7011001180831,01,0,2026-10-07,2026-10-07,"株式会社ＡＬＩＶＥ　ｐａｒｔｎｅｒｓ",,301,"東京都","渋谷区","神南１丁目１１番３号ＰＯＲＴＡＬＰＯＩＮＴＳＨＩＢＵＹＡ",,13,113,1500041,,,,,,,2026-10-07,1,,,,,"アライブパートナーズ",0
1995,7011002021258,12,0,2026-10-07,2026-09-07,"有限会社アップライズ・プロダクト",,302,"東京都","渋谷区","道玄坂１丁目１０番８号",,13,113,1500043,,,,,,,2015-10-05,1,,,,,"アップライズプロダクト",0
1996,7011002028146,01,1,2026-10-07,2015-10-05,"有限会社ＲＭＣネクスト",,302,"東京都","北区","王子１丁目２１番５号",,13,117,1140002,,,,,,,2015-10-05,1,,,,,"アールエムシーネクスト",0
1997,7011101006250,12,0,2026-10-07,2026-10-02,"株式会社アークエージェンシー",,301,"東京都","渋谷区","代々木２丁目２３番１号",,13,113,1510053,,,,,,,2015-10-05,1,,,,,"アークエージェンシー",0
1998,7011103014227,12,0,2026-10-07,2026-10-05,"合同会社ＯＯ",,305,"埼玉県","朝霞市","膝折町１丁目１番５３号",,11,227,3510014,,,,,,,2024-03-21,1,,,,,"ダブルオー",0
1999,7011103018054,01,0,2026-10-07,2026-10-07,"合同会社ＡＢＣＳＴＡＣＫ",,305,"東京都","新宿区","西新宿８丁目１１－１０星野ビル３Ｆ",,13,104,1600023,,,,,,,2026-10-07,1,,,,,"エービーシースタック",0
2000,7011103018070,01,0,2026-10-07,2026-10-07,"合同会社シオノヤマ",,305,"東京都","新宿区","西新宿３丁目３番１３号西新宿水間ビル２Ｆ",,13,104,1600023,,,,,,,2026-10-07,1,,,,,"シオノヤマ",0
2001,7011201004740,01,1,2026-10-07,2015-10-05,"株式会社フィールドブック",,301,"東京都","中野区","中野３丁目３７番１０号",,13,114,1640001,,,,,,,2015-10-05,0,,,,,,0
2002,7011201004740,12,1,2026-10-07,2018-08-15,"株式会社フィールドブック",,301,"東京都","中野区","中野３丁目４０番３１号",,13,114,1640001,,,,,,,2015-10-05,0,,,,,,0
2003,7011201004740,12,1,2026-10-07,2026-10-02,"株式会社フィールドブック",,301,"東京都","中野区","中野２丁目２９番地８号",,13,114,1640001,,,,,,,2015-10-05,1,,,,,,0
2004,7011201027460,01,0,2026-10-07,2026-10-07,"株式会社ミナコーポレーション",,301,"東京都","中野区","本町２丁目４９番１４号",,13,114,1640012,,,,,,,2026-10-07,1,,,,,"ミナコーポレーション",0
2005,7011205001362,12,0,2026-10-07,2026-10-01,"医療法人社団京愛会",,399,"愛知県","名古屋市中区","橘１丁目２４番１５号エルスタンザ東別院５階５０４号室",,23,106,4600016,,,,,,,2015-10-05,1,,,,,"ケイアイカイ",0
2006,7011301023293,01,1,2026-10-07,2017-06-22,"株式会社ＭＡＸＩＶ　Ｇｒａｎｄｅ",,301,"東京都","杉並区","西荻北２丁目３７番１０号フラテ西荻窪２０６",,13,115,1670042,,,,,,,2017-06-22,1,,,,,"マキシヴグランデ",0
2007,7011303006148,01,0,2026-10-07,2026-10-07,"合同会社ａｍａｉｍｏｎｏ",,305,"東京都","杉並区","永福１丁目３０番９号コートシルフィード１０６",,13,115,1680064,,,,,,,2026-10-07,1,,,,,"アマイモノ",0
2008,7011401015372,12,0,2026-10-07,2026-10-01,"株式会社プログレス",,301,"栃木県","小山市","大字大本字三反田１７４番６",,09,208,3230009,,,,,,,2015-10-05,1,,,,,"プログレス",0
2009,7011401019571,01,1,2026-10-07,2016-07-05,"ＲＯＤ株式会社",,301,"東京都","板橋区","徳丸７丁目１５番５号",,13,119,1750083,,,,,,,2016-07-05,1,,,,,"アールオーディー",0
2010,7011402007014,12,0,2026-10-07,2026-10-02,"有限会社野口商店",,302,"東京都","豊島区","西巣鴨３丁目１４番１１号",,13,116,1700001,,,,,,,2015-10-05,1,,,,,"ノグチショウテン",0
2011,7011501002683,01,1,2026-10-07,2015-10-05,"株式会社大松",,301,"東京都","北区","滝野川６丁目６１番１７号",,13,117,1140023,,,,,,,2015-10-05,0,,,,,"ダイマツ",0
2012,7011501002683,12,0,2026-10-07,2026-10-02,"株式会社大松",,301,"埼玉県","狭山市","新狭山２丁目８番地１３号",,11,215,3501331,,,,,,,2015-10-05,1,,,,,"ダイマツ",0
2013,7011501009010,21,0,2026-10-07,2026-09-28,"株式会社明進建設工業",,301,"東京都","荒川区","東尾久２丁目１７番１６号",,13,118,1160012,,,2026-09-28,01,,,2015-10-05,1,,,,,"メイシンケンセツコウギョウ",0
2014,7011501011866,01,1,2026-10-07,2015-10-05,"エイチアイ－プレゼンツ株式会社",,301,"東京都","北区","神谷１丁目１番１",,13,117,1150043,,,,,,,2015-10-05,1,,,,,"エイチアイプレゼンツ",0
2015,7011501026831,12,0,2026-10-07,2026-10-05,"株式会社小道舎",,301,"東京都","北区","赤羽１丁目３１－５山口ビル３０３",,13,117,1150045,,,,,,,2021-04-09,1,,,,,"コミチシャ",0
2016,7011501030271,12,0,2026-10-07,2026-10-01,"博研イノベーション株式会社",,301,"東京都","足立区","大谷田３丁目４－１－３０３",,13,121,1200001,,,,,,,2024-02-01,1,,,,,"ハクケンイノベーション",0
2017,7011501033794,01,0,2026-10-07,2026-10-07,"株式会社イーテラ",,301,"東京都","荒川区","西日暮里４丁目２６番８号",,13,118,1160013,,,,,,,2026-10-07,1,,,,,"イーテラ",0
2018,7011503007111,01,0,2026-10-07,2026-10-07,"合同会社サムデリス",,305,"東京都","荒川区","町屋３丁目７番４号",,13,118,1160001,,,,,,,2026-10-07,1,,,,,"サムデリス",0
2019,7011601029057,12,0,2026-10-07,2026-10-05,"株式会社ｐｅａｃｅｆｕｌ",,301,"東京都","品川区","東品川２丁目６番４号",,13,109,1400002,,,,,,,2025-10-06,1,,,,,"ピースフル",0
2020,7011601029924,01,0,2026-10-07,2026-10-07,"株式会社ＡＲＶＩＸ",,301,"東京都","練馬区","西大泉４丁目９番１６号",,13,120,1780065,,,,,,,2026-10-07,1,,,,,"アービックス",0
2021,7011701025303,12,0,2026-10-07,2026-10-02,"株式会社ＣＨＯＵ　ＣＨＯＵ不動産",,301,"東京都","墨田区","江東橋４丁目１９－３錦糸町ミハマビル６階",,13,107,1300022,,,,,,,2022-05-18,1,,,,,"シュシュフドウサン",0
2022,7011801004330,12,0,2026-10-07,2026-09-28,"平成電子株式会社",,301,"東京都","葛飾区","東四つ木１丁目２２番１号東四ツ木工場ビル",,13,122,1240014,,,,,,,2015-10-05,1,,,,,"ヘイセイデンシ",0
2023,7011801037017,12,0,2026-10-07,2026-10-02,"株式会社ＯＫＡコンサルティング",,301,"東京都","千代田区","麹町３丁目１２－１４麹町駅前ＨＩＬＬ－ＴＯＰビル７階",,13,101,1020083,,,,,,,2019-12-13,1,,,,,"オーケーエーコンサルティング",0
2024,7011801041357,12,0,2026-10-07,2026-10-02,"株式会社閃",,301,"東京都","千代田区","神田須田町１丁目８パールビル７階",,13,101,1010041,,,,,,,2022-10-06,1,,,,,"ヒラメキ",0
2025,7011801048484,01,0,2026-10-07,2026-10-07,"ＡＮ＆Ｃマネジメント株式会社",,301,"東京都","葛飾区","お花茶屋２丁目１７番１０号",,13,122,1240003,,,,,,,2026-10-07,1,,,,,"エーエヌアンドシーマネジメント",0
2026,7011802002465,01,1,2026-10-07,2015-10-05,"有限会社クロスロード",,302,"東京都","葛飾区","西亀有２丁目３５番１５号",,13,122,1240002,,,,,,,2015-10-05,1,,,,,"クロスロード",0
2027,7011802026043,01,1,2026-10-07,2015-10-05,"有限会社リッジシステムズ",,302,"愛知県","豊川市","赤坂台４２０",,23,207,4410204,,,,,,,2015-10-05,1,,,,,"リッジシステムズ",0
2028,7011803007653,01,0,2026-10-07,2026-10-07,"合同会社ＴｉｅｓＮｏｖａ",,305,"東京都","葛飾区","東新小岩６丁目２２番２号第三サニーハイツ１０１",,13,122,1240023,,,,,,,2026-10-07,1,,,,,"タイズノヴァ",0
2029,7011803007661,01,0,2026-10-07,2026-10-07,"合同会社ブラックローズ",,305,"東京都","足立区","千住２丁目６５後藤ビル２階",,13,121,1200034,,,,,,,2026-10-07,1,,,,,"ブラックローズ",0
2030,7012401041846,12,0,2026-10-07,2026-10-02,"株式会社ｐｒｅｐ．",,301,"東京都","港区","白金台３丁目１９番５－１２０２号",,13,103,1080071,,,,,,,2024-05-10,1,,,,,"プレップ",0
2031,7012401042992,12,0,2026-10-07,2026-10-05,"株式会社ＩＢＬＥ",,301,"東京都","渋谷区","道玄坂２丁目１８－１１サンモール道玄坂３１８号室",,13,113,1500043,,,,,,,2025-04-15,1,,,,,"イブル",0
2032,7012401044980,01,0,2026-10-07,2026-10-07,"株式会社ＰＬＡＹＳ１",,301,"東京都","小金井市","本町６丁目２番２０－１３１７号",,13,210,1840004,,,,,,,2026-10-07,1,,,,,"プレイズワン",0
2033,7012402002574,01,1,2026-10-07,2015-10-05,"有限会社松屋",,302,"東京都","府中市","栄町２丁目４番地６",,13,206,1830051,,,,,,,2015-10-05,1,,,,,"マツヤ",0
2034,7012701000592,01,1,2026-10-07,2015-10-05,"高砂電鍍工業株式会社",,301,"東京都","小平市","小川町２丁目１９７２番地",,13,211,1870032,,,,,,,2015-10-05,1,,,,,"タカサゴデントコウギョウ",0
2035,7012701019402,12,0,2026-10-07,2026-09-14,"三和興産東京株式会社",,301,"東京都","東久留米市","本町２丁目１番１７号",,13,222,2030053,,,,,,,2026-04-15,1,,,,,"サンワコウサントウキョウ",0
2036,7012801025003,01,0,2026-10-07,2026-10-07,"株式会社トラストアート",,301,"東京都","武蔵村山市","三ツ藤３丁目４７番地の２５",,13,223,2080021,,,,,,,2026-10-07,1,,,,,"トラストアート",0
2037,7012805003442,01,0,2026-10-07,2026-10-07,"医療法人社団慈珠会",,399,"東京都","国立市","中１丁目１７番２６号振興第２ビル２階２０１号室",,13,215,1860004,,,,,,,2026-10-07,1,,,,,"ジタマカイ",0
2038,7013101003707,01,1,2026-10-07,2015-10-05,"株式会社鈴木自動車",,301,"東京都","青梅市","森下町４３６番地",,13,205,1980089,,,,,,,2015-10-05,1,,,,,"スズキジドウシャ",0
2039,7013102002245,01,1,2026-10-07,2015-10-05,"有限会社中村自動車",,302,"東京都","あきる野市","秋留１丁目１番地５",,13,228,1970828,,,,,,,2015-10-05,1,,,,,"ナカムラジドウシャ",0
2040,7013205001292,01,1,2026-10-07,2015-10-05,"特定非営利活動法人永代供養推進協会",,399,"東京都","目黒区","駒場４丁目６番１０号",,13,110,1530041,,,,,,,2015-10-05,1,,,,,"エイダイクヨウスイシンキョウカイ",0
2041,7013301028545,12,0,2026-10-07,2026-10-02,"フォレストガーデン株式会社",,301,"東京都","港区","赤坂５丁目３番１号赤坂Ｂｉｚタワー２７階",,13,103,1070052,,,,,,,2015-10-05,0,,,,,"フォレストガーデン",0
2042,7013301028545,11,0,2026-10-07,2026-10-02,"ＣＲＥＳＴＡ　ＨＯＬＤＩＮＧＳ株式会社",,301,"東京都","港区","赤坂５丁目３番１号赤坂Ｂｉｚタワー２７階",,13,103,1070052,,,,,,,2015-10-05,1,,,,,"クレスタホールディングス",0
2043,7020001103768,12,0,2026-10-07,2026-10-02,"株式会社もももワークス",,301,"東京都","町田市","山崎町１１１６番９",,13,209,1950074,,,,,,,2015-10-05,1,,,,,"モモモワークス",0
2044,7020001108841,01,1,2026-10-07,2015-10-05,"株式会社ラストフロンティア",,301,"神奈川県","横浜市戸塚区","平戸町４８４番地６",,14,110,2440803,,,,,,,2015-10-05,1,,,,,"ラストフロンティア",0
2045,7020001142923,12,0,2026-10-07,2026-09-15,"株式会社ＳＴＲＵＳＴ",,301,"神奈川県","横浜市鶴見区","駒岡２丁目５番１２号",,14,101,2300071,,,,,,,2021-09-07,1,,,,,"エストラスト",0
2046,7020001170684,01,0,2026-10-07,2026-10-07,"株式会社Ｆｏｏｔ　Ｆｏｒｗａｒｄ",,301,"神奈川県","川崎市多摩区","枡形６丁目２１番４４号",,14,135,2140032,,,,,,,2026-10-07,1,,,,,"フットフォワード",0
2047,7020001170692,01,0,2026-10-07,2026-10-07,"ひのまるブリッジ株式会社",,301,"神奈川県","川崎市多摩区","中野島３丁目２５－８７",,14,135,2140012,,,,,,,2026-10-07,1,,,,,"ヒノマルブリッジ",0
2048,7020002028130,21,0,2026-10-07,2026-09-17,"有限会社増田塗装工業",,302,"神奈川県","横浜市神奈川区","羽沢町１５６２番地１１",,14,102,2210863,,,2026-09-17,01,,,2015-10-05,1,,,,,"マスダトソウコウギョウ",0
2049,7020002076708,12,0,2026-10-07,2026-09-01,"有限会社アスト",,302,"神奈川県","横浜市神奈川区","山内町１－１横浜市中央卸売市場本場水産物部関連棟１３３",,14,102,2210054,,,,,,,2015-10-05,1,,,,,"アスト",0
2050,7020003009666,12,0,2026-10-07,2026-09-30,"株式会社ＴＹインベスターズ",,301,"東京都","港区","三田１丁目４番５７－Ｅ１０１２号",,13,103,1080073,,,,,,,2015-10-05,1,,,,,"ティーワイインベスターズ",0
2051,7020003013949,01,1,2026-10-07,2018-02-16,"動物介在療法コンサルティングレゾナンス合同会社",,305,"神奈川県","横浜市緑区","三保町２５６５番３１号",,14,113,2260015,,,,,,,2018-02-16,1,,,,,"ドウブツカイザイリョウホウコンサルティングレゾナンス",0
2052,7020003031892,01,0,2026-10-07,2026-10-07,"ＫＯＮＮＯ合同会社",,305,"神奈川県","横浜市中区","本牧大里町３７番８号",,14,104,2310823,,,,,,,2026-10-07,1,,,,,"コンノ",0
2053,7020003031926,01,0,2026-10-07,2026-10-07,"合同会社トップディレクション",,305,"神奈川県","横浜市港北区","新横浜３丁目２１番地１アプリ新横浜６０１",,14,109,2220033,,,,,,,2026-10-07,1,,,,,"トップディレクション",0
2054,7021001033880,01,1,2026-10-07,2015-10-05,"大日恒産株式会社",,301,"神奈川県","南足柄市","和田河原１０７９番地",,14,217,2500112,,,,,,,2015-10-05,1,,,,,"ダイニチコウサン",0
2055,7021001051131,01,1,2026-10-07,2015-10-05,"久武鉄興株式会社",,301,"神奈川県","鎌倉市","山崎７５６番地１１",,14,204,2470066,,,,,,,2015-10-05,1,,,,,"ヒサタケテッコウ",0
2056,7021001054919,11,0,2026-10-07,2026-09-15,"株式会社ＬＡＮＩ　ＷＯＲＫＳ",,301,"神奈川県","横須賀市","衣笠町４５番１９号",,14,201,2380025,,,,,,,2015-10-05,1,,,,,"ラニワークス",0
2057,7021001089295,01,0,2026-10-07,2026-10-07,"株式会社パオーン",,301,"神奈川県","小田原市","中町１丁目２番１７号リュミエール・ドゥース１０１号室",,14,206,2500005,,,,,,,2026-10-07,1,,,,,"パオーン",0
2058,7030001155726,12,0,2026-10-07,2026-10-01,"ミヤジマ建設株式会社",,301,"石川県","金沢市","駅西新町１丁目３８番１８号",,17,201,9200027,,,,,,,2023-09-04,1,,,,,"ミヤジマケンセツ",0
2059,7030001167003,12,0,2026-10-07,2026-10-02,"株式会社ｐｒｅｍｅ",,301,"東京都","荒川区","荒川１丁目２１番５号",,13,118,1160002,,,,,,,2025-06-10,1,,,,,"プラム",0
2060,7030001174445,01,0,2026-10-07,2026-10-07,"株式会社エーアンドエーコーポレーション",,301,"埼玉県","越谷市","川柳町５丁目２６２番地",,11,222,3430827,,,,,,,2026-10-07,1,,,,,"エーアンドエーコーポレーション",0
2061,7030001174478,01,0,2026-10-07,2026-10-07,"株式会社愛徳",,301,"埼玉県","入間市","大字小谷田３４５番地１",,11,225,3580026,,,,,,,2026-10-07,1,,,,,"アイトク",0
2062,7030001174486,01,0,2026-10-07,2026-10-07,"株式会社鈴木建築",,301,"埼玉県","川越市","氷川町１６２番地１",,11,201,3500851,,,,,,,2026-10-07,1,,,,,"スズキケンチク",0
2063,7030003021455,21,0,2026-10-07,2026-09-18,"合同会社リサイクルボックス",,305,"埼玉県","越谷市","越ヶ谷１丁目１０番６号チュリス越谷７０２",,11,222,3430813,,,2026-09-18,01,,,2023-03-29,1,,,,,"リサイクルボックス",0
2064,7040001020788,11,0,2026-10-07,2026-09-11,"株式会社平安",,301,"千葉県","八千代市","上高野１９７６番地",,12,221,2760022,,,,,,,2015-10-05,1,,,,,"ヘイアン",0
2065,7040001075881,01,1,2026-10-07,2015-10-05,"株式会社石井土木",,301,"千葉県","東金市","家徳４０番地１１",,12,213,2830062,,,,,,,2015-10-05,1,,,,,"イシイドボク",0
2066,7040001095244,12,0,2026-10-07,2026-09-09,"株式会社ＳＩＭ",,301,"東京都","渋谷区","神宮前３丁目３１番１７号ビラローザ５０１",,13,113,1500001,,,,,,,2016-05-18,1,,,,,"シム",0
2067,7040001119969,21,0,2026-10-07,2026-09-10,"株式会社プレステージ",,301,"千葉県","松戸市","胡録台３６３番地の２",,12,207,2710075,,,2026-09-10,01,,,2021-09-02,1,,,,,"プレステージ",0
2068,7040001137938,21,0,2026-10-07,2026-08-10,"向日葵コンサルティング株式会社",,301,"千葉県","船橋市","藤原７丁目５番１号１０２号室",,12,204,2730047,,,2026-08-10,01,,,2025-03-21,1,,,,,"ヒマワリコンサルティング",0
2069,7040002052896,01,1,2026-10-07,2015-10-05,"エージーカンパニー株式会社",,301,"千葉県","松戸市","根本２番地１２ミヤザワビル５階",,12,207,2710077,,,,,,,2015-10-05,1,,,,,"エージーカンパニー",0
2070,7040003004839,01,1,2026-10-07,2015-10-05,"Ｓ．Ｏ．Ｌ合同会社",,305,"千葉県","松戸市","千駄堀１４８９番地の８藤和ライブタウン松戸新八柱１０３号",,12,207,2702252,,,,,,,2015-10-05,0,,,,,"エスオーエル",0
2071,7040003004839,12,1,2026-10-07,2026-09-04,"Ｓ．Ｏ．Ｌ合同会社",,305,"千葉県","山武郡九十九里町","西野６３４番地２",,12,403,2830116,,,,,,,2015-10-05,1,,,,,"エスオーエル",0
2072,7040003030827,01,0,2026-10-07,2026-10-07,"木村自動車工業合同会社",,305,"千葉県","富里市","十倉７８０番地",,12,233,2860212,,,,,,,2026-10-07,1,,,,,"キムラジドウシャコウギョウ",0
2073,7040005003987,11,0,2026-10-07,2026-09-18,"医療法人社団眞明会",,399,"千葉県","市川市","八幡３丁目２７番２１号一１０１",,12,203,2720021,,,,,,,2015-10-05,1,,,,,"シンメイカイ",0
2074,7050001007339,21,0,2026-10-07,2026-09-30,"株式会社マリンスター",,301,"茨城県","東茨城郡大洗町","五反田４５４番地の２",,08,309,3111306,,,2026-09-30,01,,,2015-10-05,1,,,,,"マリンスター",0
2075,7050001059017,01,0,2026-10-07,2026-10-07,"ワイドズーム株式会社",,301,"茨城県","取手市","椚木４８０－２",,08,217,3001511,,,,,,,2026-10-07,1,,,,,"ワイドズーム",0
2076,7050001059041,01,0,2026-10-07,2026-10-07,"株式会社おおみね緑地",,301,"茨城県","つくば市","榎戸３３５番地２",,08,220,3050853,,,,,,,2026-10-07,1,,,,,,0
2077,7050003010415,01,0,2026-10-07,2026-10-07,"義文不動産管理合同会社",,305,"茨城県","つくば市","竹園１丁目８番地２－１５０２号",,08,220,3050032,,,,,,,2026-10-07,1,,,,,"ギブンフドウサンカンリ",0
2078,7060001029695,12,0,2026-10-07,2026-10-01,"株式会社ＳＯＲＡ－ＵＭＩ",,301,"栃木県","足利市","江川町３丁目１番地５",,09,202,3260067,,,,,,,2017-08-16,1,,,,,"ソラウミ",0
2079,7060001031908,21,0,2026-10-07,2026-09-30,"株式会社堀宝",,301,"栃木県","矢板市","中５９４番地",,09,211,3292135,,,2026-09-30,01,,,2019-09-18,1,,,,,"ホリホウ",0
2080,7060001039661,01,0,2026-10-07,2026-10-07,"株式会社ＳＴ",,301,"栃木県","宇都宮市","宮原１丁目８番１５号",,09,201,3200835,,,,,,,2026-10-07,1,,,,,"エスティー",0
2081,7060002026989,01,1,2026-10-07,2015-10-05,"有限会社コグチ生花・造花店",,302,"栃木県","矢板市","扇町１丁目２番２２号",,09,211,3292161,,,,,,,2015-10-05,1,,,,,"コグチセイカゾウカテン",0
2082,7070001006990,21,0,2026-10-07,2026-09-30,"株式会社サン・カーショップ",,301,"群馬県","高崎市","正観寺町２９番地１",,10,202,3700008,,,2026-09-30,01,,,2015-10-05,1,,,,,"サンカーショップ",0
2083,7070001044553,01,0,2026-10-07,2026-10-07,"株式会社ソアリンエージェント",,301,"群馬県","高崎市","箕郷町西明屋５２番地１",,10,202,3703105,,,,,,,2026-10-07,1,,,,,"ソアリンエージェント",0
2084,7070001044561,01,0,2026-10-07,2026-10-07,"株式会社ＮＡＵＺＡ",,301,"群馬県","高崎市","飯塚町１７１１番地ファイン飯玉２０１",,10,202,3700069,,,,,,,2026-10-07,1,,,,,"ナウザ",0
2085,7070002010678,22,0,2026-10-07,2026-09-25,"有限会社高崎建販",,302,"群馬県","高崎市","中居町２丁目３番地３５",,10,202,3700852,,,,,,,2015-10-05,1,,,,,"タカサキケンパン",0
2086,7070003003152,21,0,2026-10-07,2026-09-18,"合同会社永岩不動産",,305,"群馬県","沼田市","下久屋町４７２番地",,10,206,3780004,,,2026-09-18,01,,,2018-04-06,1,,,,,"ナガイワフドウサン",0
2087,7070003006626,01,0,2026-10-07,2026-10-07,"ＡＲＶＩＮＤ合同会社",,305,"群馬県","太田市","高瀬町１４８番地１藤ハイツ２０３号",,10,205,3730072,,,,,,,2026-10-07,1,,,,,"アルビンド",0
2088,7070003006634,01,0,2026-10-07,2026-10-07,"合同会社カデンツァ",,305,"群馬県","前橋市","大利根町２丁目１０番地７",,10,201,3710825,,,,,,,2026-10-07,1,,,,,"カデンツァ",0
2089,7080001018738,12,0,2026-10-07,2026-10-02,"株式会社石極",,301,"栃木県","宇都宮市","鶴田町３４９２番地２鶴田マンション３１７号室",,09,201,3200851,,,,,,,2015-10-05,1,,,,,"イシゴク",0
2090,7080001027846,01,0,2026-10-07,2026-10-07,"株式会社八坂",,301,"静岡県","静岡市清水区","八坂北２丁目１５番１号",,22,103,4240023,,,,,,,2026-10-07,1,,,,,"ヤサカ",0
2091,7080001027854,01,0,2026-10-07,2026-10-07,"株式会社ＷＡＫＵＴＵＲＥ",,301,"静岡県","静岡市駿河区","石部４番１５号",,22,102,4210123,,,,,,,2026-10-07,1,,,,,"ワクチャー",0
2092,7080102006336,12,0,2026-10-07,2026-10-02,"有限会社明進",,302,"栃木県","さくら市","フィオーレ喜連川５丁目５番１４号",,09,214,3291417,,,,,,,2015-10-05,1,,,,,"メイシン",0
2093,7080401028898,01,0,2026-10-07,2026-10-07,"株式会社細田",,301,"静岡県","浜松市浜名区","寺島３１６４番地の３",,22,139,4340035,,,,,,,2026-10-07,1,,,,,"ホソダ",0
2094,7080402015169,21,0,2026-10-07,2026-10-02,"有限会社高柳ウイービング",,302,"静岡県","浜松市浜名区","平口９３１番地",,22,139,4340041,,,2026-10-02,01,,,2015-10-05,1,,,,,,0
2095,7090001010000,71,0,2026-10-07,2026-10-01,"富士急山梨ハイヤー株式会社",,301,"山梨県","富士吉田市","新西原１丁目２番１号",,19,202,4030017,,,,,,"令和８年１０月１日山梨県甲州市塩山上於曽１８５８番地甲州タクシー株式会社（8090001009124）を合併",2015-10-05,1,,,,,"フジキュウヤマナシハイヤー",0
2096,7090003003126,01,0,2026-10-07,2026-10-07,"合同会社アウワ",,305,"山梨県","甲府市","増坪町４６１―２山梨カイロプラクティック整体",,19,201,4000832,,,,,,,2026-10-07,1,,,,,"アウワ",0
2097,7090003003134,01,0,2026-10-07,2026-10-07,"合同会社Ｌｉｆｅ　ｉｎ　Ｂｌｏｏｍ",,305,"山梨県","甲府市","横根町８９８－２",,19,201,4000802,,,,,,,2026-10-07,1,,,,,"ライフインブルーム",0
2098,7100001040061,01,0,2026-10-07,2026-10-07,"仁星産業株式会社",,301,"長野県","諏訪郡富士見町","境１０７２７番地１",,20,362,3990101,,,,,,,2026-10-07,1,,,,,"ジンセイサンギョウ",0
2099,7100002008628,01,1,2026-10-07,2015-10-05,"有限会社中野設計事務所",,302,"長野県","須坂市","大字須坂１４３９番地",,20,207,3820911,,,,,,,2015-10-05,1,,,,,"ナカノセッケイジムショ",0
2100,7100003000996,01,1,2026-10-07,2015-10-05,"ときわや合資会社",,304,"長野県","北佐久郡軽井沢町","軽井沢東１１番地１４",,20,321,3890104,,,,,,,2015-10-05,1,,,,,"トキワヤ",0
2101,7110001035234,12,0,2026-10-07,2026-09-25,"オンド株式会社",,301,"新潟県","新潟市中央区","天神１丁目１７番地１けやきビル２階",,15,103,9500917,,,,,,,2020-10-16,1,,,,,"オンド",0
2102,7110002031315,21,0,2026-10-07,2026-09-24,"有限会社ベンチャーズクリエーション斉忠",,302,"新潟県","長岡市","栃尾山田町７番１８号",,15,202,9400213,,,2026-09-24,11,3110001025817,"令和８年９月２０日新潟県長岡市川崎町１５３７番地株式会社斉忠自動車（3110001025817）に合併し解散",2015-10-05,1,,,,,"ベンチャーズクリエーションサイチュウ",0
2103,7110003006316,01,0,2026-10-07,2026-10-07,"合同会社ＢＥＤＭＡＮ　ＷＯＲＫＳ",,305,"新潟県","妙高市","大字関川２２２８番地１",,15,217,9492112,,,,,,,2026-10-07,1,,,,,"ベッドマンワークス",0
2104,7110005015397,01,1,2026-10-07,2015-10-05,"管理組合法人異人池ハウス",,399,"新潟県","新潟市中央区","西大畑町５９１番地１",,15,103,9518104,,,,,,,2015-10-05,1,,,,,"イジンイケハウス",0
2105,7120001003454,01,1,2026-10-07,2015-10-05,"株式会社三栄",,301,"大阪府","大阪市西成区","千本中１丁目１６番１９号",,27,122,5570054,,,,,,,2015-10-05,1,,,,,"サンエイ",0
2106,7120001028336,21,0,2026-10-07,2026-10-01,"株式会社ヨシイ",,301,"大阪府","大阪市西区","南堀江４丁目３０番２８号",,27,106,5500015,,,2026-10-01,11,5120001043972,"令和８年１０月１日大阪市西区南堀江四丁目３０番２８号株式会社シンコー（5120001043972）に合併し解散",2015-10-05,1,,,,,"ヨシイ",0
2107,7120001150833,01,1,2026-10-07,2015-10-05,"株式会社藪内米穀店",,301,"大阪府","枚方市","山之上北町３２番１５号",,27,210,5730049,,,,,,,2015-10-05,1,,,,,"ヤブウチベイコクテン",0
2108,7120001249592,12,0,2026-10-07,2026-09-18,"株式会社イマイチジ",,301,"千葉県","浦安市","猫実４丁目１８番３５号１０２",,12,227,2790004,,,,,,,2022-10-14,1,,,,,"イマイチジ",0
2109,7120001264526,12,0,2026-10-07,2026-09-30,"富隣株式会社",,301,"大阪府","大阪市中央区","南船場１丁目３－１４－８０７号室",,27,128,5420081,,,,,,,2024-05-01,1,,,,,"トミリン",0
2110,7120001269863,21,0,2026-10-07,2026-09-30,"睿智佳人株式会社",,301,"大阪府","大阪市東淀川区","淡路３丁目１４－１０",,27,114,5330032,,,2026-09-30,01,,,2024-11-07,1,,,,,"レイチカジン",0
2111,7120001276059,01,1,2026-10-07,2025-05-23,"ＹＨ有恒株式会社",,301,"大阪府","大阪市城東区","関目５丁目１９番９号関目花博公館１１３Ｂ",,27,118,5360008,,,,,,,2025-05-23,0,,,,,"ワイエッチユコウ",0
2112,7120001276059,21,0,2026-10-07,2026-10-02,"ＹＨ有恒株式会社",,301,"大阪府","大阪市城東区","関目５丁目１９番９号関目花博公館１１３Ｂ",,27,118,5360008,,,2026-10-02,01,,,2025-05-23,1,,,,,"ワイエッチユコウ",0
2113,7120001286264,12,0,2026-10-07,2026-09-29,"株式会社Ｏｌｉｖｅ",,301,"大阪府","大阪市城東区","諏訪４丁目１７番１号２０１号室",,27,118,5360021,,,,,,,2026-05-12,1,,,,,"オリーブ",0
2114,7120001288830,12,0,2026-10-07,2026-09-30,"ＳＵＮＧＤＯ　ＥＮＧ　ＪＡＰＡＮ株式会社",,301,"広島県","広島市中区","八丁堀６番９号",,34,101,7300013,,,,,,,2026-08-31,1,,,,,"ソンドイーエヌジージャパン",0
2115,7120001289432,01,0,2026-10-07,2026-10-07,"株式会社浅田衛生",,301,"大阪府","守口市","菊水通４丁目１５番４号",,27,209,5700032,,,,,,,2026-10-07,1,,,,,"アサダエイセイ",0
2116,7120001289498,01,0,2026-10-07,2026-10-07,"株式会社ローフィス",,301,"大阪府","大阪市東淀川区","豊新４丁目２４番４－３０２号",,27,114,5330014,,,,,,,2026-10-07,1,,,,,"ローフィス",0
2117,7120003029407,12,0,2026-10-07,2026-10-02,"安喜合同会社",,305,"大阪府","大阪市阿倍野区","阪南町１丁目４５番２２号",,27,119,5450021,,,,,,,2025-05-15,1,,,,,"アンキ",0
2118,7120003033598,01,0,2026-10-07,2026-10-07,"合同会社タカギ",,305,"大阪府","大阪市東成区","大今里西３丁目１２番１５号",,27,115,5370014,,,,,,,2026-10-07,1,,,,,"タカギ",0
2119,7120005025800,01,0,2026-10-07,2026-10-07,"一般社団法人国際芸術文化協会",,399,"大阪府","大阪市中央区","道修町４丁目１－１武田御堂筋ビル２階",,27,128,5410045,,,,,,,2026-10-07,1,,,,,"コクサイゲイジュツブンカキョウカイ",0
2120,7120101055230,01,1,2026-10-07,2016-08-12,"株式会社小林電工",,301,"大阪府","堺市南区","竹城台３丁１６番３－２号",,27,145,5900105,,,,,,,2016-08-12,1,,,,,"コバヤシデンコウ",0
2121,7120101074057,01,1,2026-10-07,2026-07-13,"Ｎｏｒｍａｌｉｚａｔｉｏｎ株式会社",,301,"大阪府","堺市西区","浜寺元町３丁２３３－３",,27,144,5928343,,,,,,,2026-07-13,1,,,,,"ノーマライゼーション",0
2122,7120101074461,01,0,2026-10-07,2026-10-07,"ＷＡＮＥＳＴ株式会社",,301,"大阪府","岸和田市","土生町１３丁目１６番２１号",,27,202,5960825,,,,,,,2026-10-07,1,,,,,"ワネスト",0
2123,7120103005935,01,1,2026-10-07,2024-07-10,"合同会社ＹＭＧＣエンターテイメント",,305,"大阪府","堺市南区","栂４５８番地",,27,145,5900131,,,,,,,2024-07-10,0,,,,,"ワイエムジーシーエンターテイメント",0
2124,7120103005935,12,1,2026-10-07,2026-07-23,"合同会社ＹＭＧＣエンターテイメント",,305,"大阪府","堺市堺区","柏木町２丁１－８－４０１",,27,141,5900837,,,,,,,2024-07-10,0,,,,,"ワイエムジーシーエンターテイメント",0
2125,7120103005935,11,1,2026-10-07,2026-07-23,"合同会社ＤＭＦ　ＥＮＴＥＲＴＡＩＮＭＥＮＴ",,305,"大阪府","堺市堺区","柏木町２丁１－８－４０１",,27,141,5900837,,,,,,,2024-07-10,1,,,,,"ディエムエフエンターテイメント",0
2126,7120103007378,01,0,2026-10-07,2026-10-07,"合同会社ゆうぞら",,305,"大阪府","松原市","高見の里１丁目９番１４号",,27,217,5800021,,,,,,,2026-10-07,1,,,,,"ユウゾラ",0
2127,7120105001115,01,1,2026-10-07,2015-10-05,"天理教茅海分教会",,399,"大阪府","堺市北区","中百舌鳥町１丁３０番地",,27,146,5918023,,,,,,,2015-10-05,1,,,,,"テンリキョウボウカイブンキョウカイ",0
2128,7120105004968,11,0,2026-10-07,2026-10-01,"医療法人有広会",,399,"大阪府","富田林市","向陽台２丁目１６番３５号",,27,214,5840082,,,,,,,2015-10-05,1,,,,,"ユウコウカイ",0
2129,7120901048020,12,0,2026-10-07,2026-10-02,"ラズライト株式会社",,301,"大阪府","豊中市","利倉３丁目２－１０",,27,203,5610845,,,,,,,2023-09-04,1,,,,,"ラズライト",0
2130,7120901053276,01,0,2026-10-07,2026-10-07,"ＬＡＶＥ株式会社",,301,"大阪府","高槻市","西真上１丁目２９番２５号",,27,207,5691127,,,,,,,2026-10-07,1,,,,,"ラヴ",0
2131,7122001040956,01,0,2026-10-07,2026-10-07,"株式会社ツープラスフォーアライアンス",,301,"大阪府","東大阪市","森河内西１丁目２４番２号",,27,227,5770061,,,,,,,2026-10-07,1,,,,,"ツープラスフォーアライアンス",0
2132,7122003003655,01,0,2026-10-07,2026-10-07,"合同会社ＷＡＫＫＡ",,305,"大阪府","東大阪市","若江北町２丁目６番２号パルテカワサキ１０５号",,27,227,5780945,,,,,,,2026-10-07,1,,,,,"ワッカ",0
2133,7130001029481,01,1,2026-10-07,2015-10-05,"リードシステム株式会社",,301,"京都府","京都市伏見区","深草東伊達町７１番地５",,26,109,6120874,,,,,,,2015-10-05,0,,,,,,0
2134,7130001029481,12,1,2026-10-07,2026-09-25,"リードシステム株式会社",,301,"京都府","京都市伏見区","向島善阿弥町３７番３",,26,109,6128121,,,,,,,2015-10-05,1,,,,,,0
2135,7130001056930,01,1,2026-10-07,2016-02-26,"株式会社さくら総合管理",,301,"京都府","京都市下京区","大宮通綾小路下る綾大宮町６０番地シェルハイム中塚２０２号",,26,106,6008383,,,,,,,2016-02-26,0,,,,,,0
2136,7130001056930,12,1,2026-10-07,2017-02-23,"株式会社さくら総合管理",,301,"京都府","京都市中京区","壬生西檜町１２番地",,26,104,6048846,,,,,,,2016-02-26,0,,,,,,0
2137,7130001056930,12,1,2026-10-07,2020-03-12,"株式会社さくら総合管理",,301,"京都府","京都市中京区","壬生東大竹町１１番地２六角ビル２階",,26,104,6048852,,,,,,,2016-02-26,0,,,,,,0
2138,7130001056930,21,0,2026-10-07,2026-09-24,"株式会社さくら総合管理",,301,"京都府","京都市中京区","壬生東大竹町１１番地２六角ビル２階",,26,104,6048852,,,2026-09-24,01,,,2016-02-26,1,,,,,,0
2139,7130001069718,21,0,2026-10-07,2026-09-29,"株式会社ボックス",,301,"兵庫県","神戸市中央区","中山手通２丁目１０－５－３Ａ",,28,110,6500004,,,2026-09-29,01,,,2021-07-15,1,,,,,"ボックス",0
2140,7130001083149,01,0,2026-10-07,2026-10-07,"株式会社水本工業",,301,"京都府","京都市西京区","嵐山東海道町３６番地１６",,26,111,6160012,,,,,,,2026-10-07,1,,,,,"ミズモトコウギョウ",0
2141,7130002000664,21,0,2026-10-07,2026-09-25,"有限会社コラム",,302,"京都府","京都市右京区","谷口垣ノ内町１０番地",,26,108,6168012,,,2026-09-25,01,,,2015-10-05,1,,,,,"コラム",0
2142,7130002001150,01,1,2026-10-07,2015-10-05,"有限会社飛永製作所",,302,"京都府","京都市右京区","梅津上田町５０番地の９",,26,108,6150932,,,,,,,2015-10-05,1,,,,,"トビナガセイサクショ",0
2143,7130002027534,21,0,2026-10-07,2026-09-24,"有限会社鍵工房",,302,"京都府","宇治市","菟道谷下り８番地の１パデシオン宇治三室戸ＩＩ番館６１９号",00047616,26,204,6110000,,,2026-09-24,01,,,2015-10-05,1,,,,,,0
2144,7130003008715,01,1,2026-10-07,2023-05-17,"合同会社わたげ",,305,"京都府","向日市","寺戸町二ノ坪２０番地の６２",,26,208,6170002,,,,,,,2023-05-17,0,,,,,,0
2145,7130003008715,21,0,2026-10-07,2026-09-24,"合同会社わたげ",,305,"京都府","向日市","寺戸町二ノ坪２０番地の６２",,26,208,6170002,,,2026-09-24,01,,,2023-05-17,1,,,,,,0
2146,7140001069626,12,0,2026-10-07,2026-10-05,"中川鋼材株式会社",,301,"大阪府","大阪市西淀川区","竹島４丁目１番２２号",,27,113,5550011,,,,,,,2015-10-05,1,,,,,"ナカガワコウザイ",0
2147,7140001108193,12,0,2026-10-07,2026-09-30,"家楽福株式会社",,301,"兵庫県","神戸市中央区","生田町４丁目３－１－２",,28,110,6510092,,,,,,,2017-11-14,1,,,,,"イエラクフク",0
2148,7140001144288,01,0,2026-10-07,2026-10-07,"ＧＩプラス株式会社",,301,"兵庫県","神戸市長田区","日吉町５丁目１番２８－１４０２号",,28,106,6530039,,,,,,,2026-10-07,1,,,,,"ジーアイプラス",0
2149,7140003011908,01,1,2026-10-07,2017-02-08,"合同会社フィロキセラ",,305,"兵庫県","尼崎市","東難波町５丁目８番１２号",,28,202,6600892,,,,,,,2017-02-08,1,,,,,"フィロキセラ",0
2150,7140003016659,21,0,2026-10-07,2026-09-30,"合同会社フィードバック",,305,"兵庫県","神戸市灘区","篠原南町３丁目７番２８－４０１号",,28,102,6570059,,,2026-09-30,01,,,2021-08-24,1,,,,,"フィードバック",0
2151,7140005000116,01,1,2026-10-07,2015-10-05,"金剛福寺",,399,"兵庫県","神戸市灘区","原田通３丁目５番１８号",,28,102,6570837,,,,,,,2015-10-05,1,,,,,"コンゴウフクジ",0
2152,7140005021310,01,1,2026-10-07,2015-10-05,"公益財団法人ひょうごコミュニティ財団",,399,"兵庫県","神戸市中央区","元町通６丁目７番９号秋毎ビル３階",,28,110,6500022,,,,,,,2015-10-05,1,,,,,"ヒョウゴコミュニティザイダン",0
2153,7160001027961,01,0,2026-10-07,2026-10-07,"株式会社藤原鈑金",,301,"滋賀県","甲賀市","信楽町勅旨１９８８番地３",,25,209,5291804,,,,,,,2026-10-07,1,,,,,"フジワラバンキン",0
2154,7160005010609,12,0,2026-10-07,2026-10-05,"一般社団法人１ｓｈ",,399,"京都府","長岡京市","一文橋１丁目４番１８号",,26,209,6170825,,,,,,,2018-08-07,1,,,,,"イッシュ",0
2155,7170001014323,01,1,2026-10-07,2016-07-06,"エス・エヌ・シー株式会社",,301,"和歌山県","和歌山市","北島４３３番地２１",,30,201,6408403,,,,,,,2016-07-06,0,,,,,"エスエヌシー",0
2156,7170001014323,12,1,2026-10-07,2017-06-15,"エス・エヌ・シー株式会社",,301,"和歌山県","和歌山市","加納１９０番地１",,30,201,6408391,,,,,,,2016-07-06,0,,,,,"エスエヌシー",0
2157,7170001014323,12,1,2026-10-07,2022-07-27,"エス・エヌ・シー株式会社",,301,"和歌山県","和歌山市","葵町１１番２２号",,30,201,6408273,,,,,,,2016-07-06,1,,,,,"エスエヌシー",0
2158,7170001019289,01,0,2026-10-07,2026-10-07,"Ｙ’ｃ　Ｇｌｏｂａｌ　Ｔｒａｄｉｎｇ株式会社",,301,"和歌山県","有田郡有田川町","大字下津野４７５",,30,366,6430021,,,,,,,2026-10-07,1,,,,,"ワイズシーグローバルトレーディング",0
2159,7170003001897,12,0,2026-10-07,2026-10-02,"合同会社ＳＴＭ",,305,"和歌山県","和歌山市","加納２５７番地８",,30,201,6408391,,,,,,,2023-07-05,1,,,,,"エスティーエム",0
2160,7180001014405,01,1,2026-10-07,2015-10-05,"小池理化学工業株式会社",,301,"愛知県","名古屋市南区","菊住２丁目１５番１４号",,23,112,4570012,,,,,,,2015-10-05,1,,,,,"コイケリガガクコウギョウ",0
2161,7180001124600,01,1,2026-10-07,2016-08-25,"竹田工業株式会社",,301,"愛知県","大府市","共和町２丁目５番地の５トーエン共和４０１号",,23,223,4740061,,,,,,,2016-08-25,1,,,,,"タケダコウギョウ",0
2162,7180001173688,01,0,2026-10-07,2026-10-07,"株式会社景晴",,301,"愛知県","名古屋市西区","赤城町１７４番地の１",,23,104,4520813,,,,,,,2026-10-07,1,,,,,"ケイセイ",0
2163,7180001173804,01,0,2026-10-07,2026-10-07,"株式会社ラコルタ",,301,"愛知県","名古屋市中村区","野上町１０３番地",,23,105,4530859,,,,,,,2026-10-07,1,,,,,"ラコルタ",0
2164,7180001173820,01,0,2026-10-07,2026-10-07,"株式会社Ｇ．Ｉ．Ａ",,301,"愛知県","名古屋市中村区","名駅４丁目２４番５号第２森ビル４０１",,23,105,4500002,,,,,,,2026-10-07,1,,,,,"ジーアイエー",0
2165,7180001173845,01,0,2026-10-07,2026-10-07,"株式会社ＲＥＬＡＩＡ",,301,"愛知県","西春日井郡豊山町","大字豊場字高前１６３番地３",,23,342,4800202,,,,,,,2026-10-07,1,,,,,"リライア",0
2166,7180002028767,01,1,2026-10-07,2015-10-05,"有限会社ハヤシ建材建機商会",,302,"愛知県","名古屋市中村区","城屋敷町４丁目４９番地",,23,105,4530058,,,,,,,2015-10-05,1,,,,,"ハヤシケンザイケンキショウカイ",0
2167,7180005021686,01,0,2026-10-07,2026-10-07,"税理士法人超平和ヒーローズ",,399,"愛知県","半田市","新居町５丁目１１５番地",,23,205,4750039,,,,,,,2026-10-07,1,,,,,"チョウヘイワヒーローズ",0
2168,7180301010450,01,1,2026-10-07,2015-10-05,"波多野電気株式会社",,301,"愛知県","豊川市","御津町西方九策３１番地７",,23,207,4410312,,,,,,,2015-10-05,1,,,,,"ハダノデンキ",0
2169,7180301036520,12,0,2026-10-07,2026-09-17,"株式会社ミュゼリーブル",,301,"愛知県","額田郡幸田町","大字六栗字竹ノ下１４７番地",,23,501,4440122,,,,,,,2022-08-05,0,,,,,"ミュゼリーブル",0
2170,7180301036520,11,0,2026-10-07,2026-09-17,"株式会社Ｓｅｌｍ",,301,"愛知県","額田郡幸田町","大字六栗字竹ノ下１４７番地",,23,501,4440122,,,,,,,2022-08-05,1,,,,,"セルム",0
2171,7180301041388,01,0,2026-10-07,2026-10-07,"株式会社アユミナ",,301,"愛知県","安城市","三河安城東町１丁目１６番地９Ａ・Ｃｉｔｙ三河安城東町ＩＩ５０３",00145168,23,212,4460057,,,,,,,2026-10-07,1,,,,,"アユミナ",0
2172,7180302012693,01,1,2026-10-07,2015-10-05,"有限会社朝比奈電機商会",,302,"愛知県","豊川市","豊川栄町７５番地",,23,207,4420036,,,,,,,2015-10-05,1,,,,,"アサヒナデンキショウカイ",0
2173,7180305001017,01,1,2026-10-07,2015-10-05,"無禿寺",,399,"愛知県","岡崎市","福岡町字居屋敷３番地",,23,202,4440825,,,,,,,2015-10-05,1,,,,,"ムトウジ",0
2174,7180305002849,01,1,2026-10-07,2015-10-05,"水月寺",,399,"愛知県","豊橋市","梅薮町字屋敷７番地",,23,201,4410155,,,,,,,2015-10-05,1,,,,,"スイゲツジ",0
2175,7190001009759,21,0,2026-10-07,2026-09-30,"株式会社ライフ",,301,"三重県","名張市","夏秋５９０番地",,24,208,5180731,,,2026-09-30,01,,,2015-10-05,1,,,,,,0
2176,7190001014387,01,1,2026-10-07,2015-10-05,"魚長水産株式会社",,301,"三重県","四日市市","河原田町字伊倉７１２番地",,24,202,5100874,,,,,,,2015-10-05,1,,,,,"ウオチョウスイサン",0
2177,7190001027100,12,0,2026-10-07,2026-09-28,"株式会社ＳＨＴプロダクツ",,301,"大阪府","大阪市西区","新町１丁目４番２４号",,27,106,5500013,,,,,,,2020-02-06,1,,,,,"エスエッチティプロダクツ",0
2178,7190003005566,01,0,2026-10-07,2026-10-07,"合同会社進業",,305,"三重県","鈴鹿市","白子３丁目１９番２８号",,24,207,5100243,,,,,,,2026-10-07,1,,,,,"シンギョウ",0
2179,7200001045538,01,0,2026-10-07,2026-10-07,"株式会社成美鉄工",,301,"岐阜県","大垣市","野口３丁目１番地７号",,21,202,5030985,,,,,,,2026-10-07,1,,,,,"ナルミテッコウ",0
2180,7220003003211,11,0,2026-10-07,2026-10-01,"株式会社誉",,301,"石川県","野々市市","新庄１丁目９９番地２",,17,212,9218824,,,,,,,2022-02-09,1,,,,,"ホマレ",0
2181,7230001020406,01,1,2026-10-07,2024-06-24,"株式会社ＳＨＩＮＲＡＩ",,301,"富山県","高岡市","常国６３０番地１",,16,202,9391251,,,,,,,2024-06-24,0,,,,,"シンライ",0
2182,7230001020406,12,1,2026-10-07,2026-10-01,"株式会社ＳＨＩＮＲＡＩ",,301,"富山県","富山市","水橋伊勢屋３１番地１",,16,201,9393524,,,,,,,2024-06-24,1,,,,,"シンライ",0
2183,7230001021627,01,0,2026-10-07,2026-10-07,"株式会社自由人社",,301,"富山県","富山市","清水町３丁目４番６号",,16,201,9300036,,,,,,,2026-10-07,1,,,,,"ジユウジンシャ",0
2184,7240001046664,12,0,2026-10-07,2026-10-01,"株式会社Ｌｉ　Ｃｏｒｐｏｒａｔｉｏｎ",,301,"広島県","広島市中区","大手町５丁目７番１０号Ｌ’ｓ大手町３Ｆ",,34,101,7300051,,,,,,,2015-10-05,1,,,,,"リコーポレーション",0
2185,7240001047803,01,1,2026-10-07,2015-10-05,"株式会社フィールド技研",,301,"広島県","広島市佐伯区","海老園３丁目１９番１－７１０号",,34,108,7315135,,,,,,,2015-10-05,1,,,,,"フィールドギケン",0
2186,7240001065953,12,0,2026-10-07,2026-10-01,"株式会社Ｍｉｒａｙｄｉａ",,301,"広島県","広島市西区","井口台３丁目２１番２４号",,34,104,7330844,,,,,,,2025-12-24,1,,,,,"ミライディア",0
2187,7240001067132,01,0,2026-10-07,2026-10-07,"株式会社ＡＫ．ｙａｍａ",,301,"広島県","広島市東区","牛田南２丁目４番１３号",,34,102,7320064,,,,,,,2026-10-07,1,,,,,"エーケードットヤマ",0
2188,7240002018844,01,1,2026-10-07,2015-10-05,"有限会社ボナミ中国",,302,"広島県","広島市東区","馬木８丁目５２８番地の６",,34,102,7320031,,,,,,,2015-10-05,1,,,,,"ボナミチュウゴク",0
2189,7240003006063,12,0,2026-10-07,2026-09-30,"プロ・エンタープライズ合同会社",,305,"広島県","三原市","須波１丁目５番６号",,34,204,7230031,,,,,,,2023-03-23,1,,,,,"プロエンタープライズ",0
2190,7240005015987,01,1,2026-10-07,2025-09-17,"医療法人寺谷歯科医院",,399,"広島県","呉市","広大新開１丁目３番２７号",,34,202,7370141,,,,,,,2025-09-17,1,,,,,"テラタニシカイイン",0
2191,7250001009397,01,1,2026-10-07,2015-10-05,"株式会社浅海畳材",,301,"山口県","下松市","葉山２丁目９０４番地２７",,35,207,7440066,,,,,,,2015-10-05,1,,,,,"アサノミジョウザイ",0
2192,7250002006526,12,0,2026-10-07,2026-10-02,"有限会社宇部築炉工業",,302,"山口県","宇部市","笹山町１丁目１６番２３－７号",,35,202,7550015,,,,,,,2015-10-05,1,,,,,"ウベチクロコウギョウ",0
2193,7250005006003,01,1,2026-10-07,2015-10-05,"医療法人社団まりふ会",,399,"山口県","岩国市","今津町１丁目１１番２３号",,35,208,7400017,,,,,,,2015-10-05,1,,,,,"マリフカイ",0
2194,7260001014628,21,0,2026-10-07,2026-10-05,"株式会社Ｆ管理",,301,"岡山県","倉敷市","福田町古新田８６３番地２８",,33,202,7128046,,,2026-10-05,01,,,2015-10-05,1,,,,,"エフカンリ",0
2195,7260001029592,12,0,2026-10-07,2026-10-01,"ＲｅｄｅａＳｔａｃｋ株式会社",,301,"岡山県","岡山市北区","駅前町１丁目３番１号",,33,101,7000023,,,,,,,2016-05-26,0,,,,,,0
2196,7260001029592,11,0,2026-10-07,2026-10-01,"ＭｔＭ　ＩＴソリューション株式会社",,301,"岡山県","岡山市北区","駅前町１丁目３番１号",,33,101,7000023,,,,,,,2016-05-26,1,,,,,"エムティーエムアイティーソリューションズ",0
2197,7260001034279,01,1,2026-10-07,2020-04-27,"株式会社矢本エンジニア",,301,"岡山県","備前市","閑谷４３７番地１",,33,211,7050036,,,,,,,2020-04-27,0,,,,,"ヤモトエンジニア",0
2198,7260001034279,12,1,2026-10-07,2026-10-02,"株式会社矢本エンジニア",,301,"岡山県","和気郡和気町","父井原１９４７番地２",,33,346,7090521,,,,,,,2020-04-27,1,,,,,"ヤモトエンジニア",0
2199,7260001034907,21,0,2026-10-07,2026-10-06,"株式会社裕屋",,301,"岡山県","倉敷市","中畝１０丁目８番１５－２号",,33,202,7128051,,,2026-10-06,01,,,2020-11-16,1,,,,,"ユウヤ",0
2200,7270001003737,12,0,2026-10-07,2026-10-02,"株式会社アート建工",,301,"鳥取県","米子市","西福原５丁目２番２２号",,31,202,6830805,,,,,,,2015-10-05,1,,,,,"アートケンコウ",0
2201,7290001044366,01,1,2026-10-07,2015-10-05,"株式会社サイテックス",,301,"福岡県","朝倉市","持丸８０６番１",,40,228,8380015,,,,,,,2015-10-05,1,,,,,"サイテックス",0
2202,7290001076731,01,1,2026-10-07,2017-02-09,"株式会社丸ツファーム",,301,"福岡県","福岡市西区","今津３９７０番地１",,40,135,8190165,,,,,,,2017-02-09,1,,,,,"マルツファーム",0
2203,7290001085971,12,0,2026-10-07,2026-09-16,"株式会社Ｓｉプラス",,301,"福岡県","久留米市","東合川３丁目１０番４３号メゾンドアブリール",,40,203,8390809,,,,,,,2019-07-25,1,,,,,"エスアイプラス",0
2204,7290001098998,01,1,2026-10-07,2022-09-29,"株式会社ＮＴＳ",,301,"福岡県","福岡市東区","馬出２丁目３番３６号",,40,131,8120054,,,,,,,2022-09-29,1,,,,,,0
2205,7290001103080,12,0,2026-10-07,2026-10-02,"株式会社Ｅｕｎｏｓ",,301,"大阪府","大阪市淀川区","西中島５丁目７番１７－１００３号",,27,123,5320011,,,,,,,2023-09-21,1,,,,,"ユーノス",0
2206,7290001109557,12,0,2026-10-07,2026-09-18,"株式会社ゼロワン",,301,"福岡県","久留米市","大善寺町夜明１０５５番地２",,40,203,8300074,,,,,,,2025-04-07,1,,,,,"ゼロワン",0
2207,7290001115605,01,0,2026-10-07,2026-10-07,"株式会社ＲＥＸ",,301,"福岡県","福岡市西区","女原北１６番３７－２０２号ｃｏｓｍｏｓ伊都Ｂ棟",,40,135,8190377,,,,,,,2026-10-07,1,,,,,"レックス",0
2208,7290001115729,01,0,2026-10-07,2026-10-07,"株式会社トリトリ",,301,"福岡県","福岡市博多区","博多駅前４丁目１８番１９号",,40,132,8120011,,,,,,,2026-10-07,1,,,,,"トリトリ",0
2209,7290001115761,01,0,2026-10-07,2026-10-07,"ａｎｏｔｈｅｒ　ｏｎｅ株式会社",,301,"福岡県","福岡市中央区","高砂１丁目１７番３３号インシグニア渡辺通７０３号",,40,133,8100011,,,,,,,2026-10-07,1,,,,,"アナザーワン",0
2210,7290003018905,01,0,2026-10-07,2026-10-07,"合同会社Ｍａｓａｉｍａｇｅ",,305,"福岡県","福岡市南区","横手２丁目２８－１－３０１",,40,134,8111311,,,,,,,2026-10-07,1,,,,,"マサイメージ",0
2211,7290003018970,01,0,2026-10-07,2026-10-07,"合同会社Ｎｅｏ　Ｃｏｄｅ　Ｍｏｖｅｍｅｎｔ",,305,"福岡県","福岡市西区","姪浜駅南２丁目６番１５号",,40,135,8190006,,,,,,,2026-10-07,1,,,,,"ネオコードムーブメント",0
2212,7290003018979,01,0,2026-10-07,2026-10-07,"合同会社ＰＡＵＳＥ",,305,"福岡県","福岡市博多区","美野島２丁目２０番１２－９０１号ピュアドーム博多アソシア",,40,132,8120017,,,,,,,2026-10-07,1,,,,,"ポーズ",0
2213,7290801032859,01,0,2026-10-07,2026-10-07,"株式会社丙",,301,"福岡県","田川市","大字伊加利８０２番地２スマイルホームＨ号室",,40,206,8250001,,,,,,,2026-10-07,1,,,,,"ヒノエ",0
2214,7290805000861,21,0,2026-10-07,2026-09-29,"八幡木船協同組合",,399,"福岡県","北九州市小倉北区","竪町１丁目５番１号",,40,106,8030818,,,2026-09-29,01,,,2015-10-05,1,,,,,"ヤハタモクセン",0
2215,7300001011117,21,0,2026-10-07,2026-10-01,"朝日Ｉ＆Ｒビルディズ株式会社",,301,"佐賀県","武雄市","朝日町大字甘久３５８９番地２",,41,206,8430001,,,2026-10-01,11,6300001011118,"令和８年１０月１日佐賀県武雄市朝日町大字甘久３５８９番地２朝日Ｉ＆Ｒホールディングス株式会社（6300001011118）に合併し解散",2018-01-12,1,,,,,"アサヒアイアンドアールビルディズ",0
2216,7300001012817,12,0,2026-10-07,2026-10-06,"九州資材販売株式会社",,301,"佐賀県","佐賀市","高木瀬西３丁目８番１５号",,41,201,8490921,,,,,,,2022-02-24,1,,,,,"キュウシュウシザイハンバイ",0
2217,7310002009555,01,1,2026-10-07,2015-10-05,"有限会社金子建材",,302,"長崎県","佐世保市","広田３丁目２３番３９号",,42,202,8593223,,,,,,,2015-10-05,1,,,,,"カネコケンザイ",0
2218,7310003005322,01,0,2026-10-07,2026-10-07,"合同会社ｙｏｗ",,305,"長崎県","雲仙市","小浜町雲仙３０９番地",,42,213,8540621,,,,,,,2026-10-07,1,,,,,"ヨーウ",0
2219,7320001000282,12,0,2026-10-07,2026-10-01,"株式会社大分バンケット企画",,301,"大分県","大分市","東大道２丁目３番３５号ヴィラ宮崎２０２号",,44,201,8700823,,,,,,,2015-10-05,1,,,,,"オオイタバンケットキカク",0
2220,7320201000421,01,1,2026-10-07,2015-10-05,"野津電設工業株式会社",,301,"大分県","臼杵市","野津町大字野津市５５５番１",,44,206,8750201,,,,,,,2015-10-05,1,,,,,"ノツデンセツコウギョウ",0
2221,7330001034726,01,0,2026-10-07,2026-10-07,"株式会社ＣｏＣｏリフォ住まいる",,301,"熊本県","熊本市南区","江越２丁目３番１号",,43,104,8600834,,,,,,,2026-10-07,1,,,,,"ココリフォスマイル",0
2222,7330003006260,21,0,2026-10-07,2026-10-01,"合同会社ラッキーレオン",,305,"熊本県","熊本市東区","保田窪４丁目１４番９７号",,43,102,8620926,,,2026-10-01,11,8330002011236,"令和８年１０月１日熊本市東区保田窪四丁目１４番９７号株式会社吉野実業（8330002011236）に合併し解散",2015-10-05,1,,,,,"ラッキーレオン",0
2223,7330003006509,21,0,2026-10-07,2026-10-01,"合同会社グローリーセブン",,305,"熊本県","熊本市東区","保田窪４丁目１４番９７号",,43,102,8620926,,,2026-10-01,11,8330002011236,"令和８年１０月１日熊本市東区保田窪四丁目１４番９７号株式会社吉野実業（8330002011236）に合併し解散",2015-11-10,1,,,,,"グローリーセブン",0
2224,7340001028289,21,0,2026-10-07,2026-10-02,"福田農園株式会社",,301,"鹿児島県","肝属郡肝付町","富山１６７４番地５",,46,492,8931204,,,2026-10-02,01,,,2026-07-08,1,,,,,"フクダノウエン",0
2225,7340003005352,01,0,2026-10-07,2026-10-07,"合同会社ＫＡＮＡＤＥ",,305,"鹿児島県","霧島市","国分郡田８９０－２７",,46,218,8994305,,,,,,,2026-10-07,1,,,,,"カナデ",0
2226,7350001016920,12,0,2026-10-07,2026-10-02,"株式会社ホームプランナー",,301,"宮崎県","宮崎市","高松町１番３号",,45,201,8800003,,,,,,,2021-03-04,1,,,,,"ホームプランナー",0
2227,7360001037305,01,0,2026-10-07,2026-10-07,"株式会社タヌキング",,301,"沖縄県","石垣市","新栄町８－３１Ｆ",,47,207,9070014,,,,,,,2026-10-07,1,,,,,"タヌキング",0
2228,7360001037346,01,0,2026-10-07,2026-10-07,"株式会社内間興業",,301,"沖縄県","うるま市","字江洲２１０５番地３１",,47,213,9042244,,,,,,,2026-10-07,1,,,,,"ウチマコウギョウ",0
2229,7370601000025,01,1,2026-10-07,2015-10-05,"株式会社熱海工業",,301,"宮城県","塩竈市","杉の入２丁目１１番１０号",,04,203,9850005,,,,,,,2015-10-05,1,,,,,"アツミコウギョウ",0
2230,7380001023897,12,0,2026-10-07,2026-10-01,"旅工房あいづ株式会社",,301,"福島県","会津若松市","西栄町１番８６号佐藤テナントビル１０１",,07,202,9650877,,,,,,,2015-10-05,1,,,,,"タビコウボウアイヅ",0
2231,7380001036222,12,0,2026-10-07,2026-10-01,"ｗｉｔｈ　ｆｕｎ株式会社",,301,"福島県","伊達市","保原町字東野崎１０６番地１シャインＫＡＮＮＯ２階２０１号室",,07,213,9600671,,,,,,,2026-07-24,1,,,,,"ウィズファン",0
2232,7390001018491,01,0,2026-10-07,2026-10-07,"株式会社ｅｌａｃｉｏｎ",,301,"山形県","山形市","本町１丁目４番２３号ヒストリア本町１階",,06,201,9900043,,,,,,,2026-10-07,1,,,,,"エラシオン",0
2233,7400001017558,01,0,2026-10-07,2026-10-07,"株式会社ホットスタッフ盛岡南",,301,"岩手県","紫波郡矢巾町","大字又兵エ新田第７地割２０８番地２",,03,322,0283614,,,,,,,2026-10-07,1,,,,,"ホットスタッフモリオカミナミ",0
2234,7400002004489,11,0,2026-10-07,2026-10-02,"有限会社ソーシアルサイエンスミュージックラボラトリ",,302,"岩手県","盛岡市","中堤町２６番８号",,03,201,0200131,,,,,,,2015-10-05,1,,,,,"ソーシアルサイエンスミュージックラボラトリ",0
2235,7400005008322,12,0,2026-10-07,2026-10-02,"特定非営利活動法人ココカラいわて",,399,"岩手県","盛岡市","三本柳１０地割１０２番第３ミネルバビル１Ａ",,03,201,0200831,,,,,,,2023-04-12,1,,,,,"ココカライワテ",0
2236,7430001067113,01,1,2026-10-07,2015-10-05,"株式会社デンキのみなみ",,301,"北海道","札幌市中央区","南十三条西２１丁目３番２７号",,01,101,0640913,,,,,,,2015-10-05,1,,,,,"デンキノミナミ",0
2237,7430001072212,21,0,2026-10-07,2026-10-05,"Ｓ－ＬＩＮＥ株式会社",,301,"北海道","小樽市","勝納町９番１１２号",,01,203,0470005,,,2026-10-05,01,,,2016-08-22,1,,,,,,0
2238,7430001086773,21,0,2026-10-07,2026-10-02,"株式会社アルディファーシルピカロ",,301,"北海道","札幌市豊平区","平岸一条２丁目５番８号",,01,105,0620931,,,2026-10-02,01,,,2022-06-06,1,,,,,"アルディファーシルピカロ",0
2239,7430001097795,01,0,2026-10-07,2026-10-07,"ＳＡＮＷＡ不動産株式会社",,301,"北海道","札幌市北区","新琴似十条１丁目７番１号",,01,102,0010910,,,,,,,2026-10-07,1,,,,,"サンワフドウサン",0
2240,7430001097829,01,0,2026-10-07,2026-10-07,"株式会社たかぎ",,301,"北海道","札幌市中央区","北五条西８丁目１番地１ラ・トゥール札幌伊藤ガーデン",,01,101,0600005,,,,,,,2026-10-07,1,,,,,"タカギ",0
2241,7430002060042,01,1,2026-10-07,2015-10-05,"有限会社丸セ瀬高商店",,302,"北海道","苫小牧市","三光町２丁目１０番１２号",,01,213,0530042,,,,,,,2015-10-05,1,,,,,"マルセセタカショウテン",0
2242,7430002065710,12,0,2026-10-07,2026-10-01,"有限会社山地不動産企画",,302,"北海道","登別市","富士町２丁目１４番地１",,01,230,0590014,,,,,,,2015-10-05,1,,,,,"ヤマジフドウサンキカク",0
2243,7430003007538,12,0,2026-10-07,2026-10-01,"合同会社Ｒ企画",,305,"大阪府","大阪市北区","中崎西４丁目３番４０－３０５号",,27,127,5300015,,,,,,,2016-04-22,1,,,,,"アールキカク",0
2244,7430003015680,12,0,2026-10-07,2026-10-02,"合同会社オレンジハート",,305,"北海道","札幌市東区","北二十八条東１２丁目３番２６号",,01,103,0650028,,,,,,,2023-11-28,1,,,,,"オレンジハート",0
2245,7430003019418,01,1,2026-10-07,2026-09-14,"合同会社輝",,305,"北海道","札幌市西区","二十四軒四条３丁目４番１８－４０２号",,01,107,0630804,,,,,,,2026-09-14,1,,,,,"ヒカル",0
2246,7430003019491,01,0,2026-10-07,2026-10-07,"合同会社７ｉ７",,305,"北海道","江別市","江別太１７３－１",,01,217,0670022,,,,,,,2026-10-07,1,,,,,"セブンアイセブン",0
2247,7430003019500,01,0,2026-10-07,2026-10-07,"合同会社ＴｉＯ　ｃｏｍｐａｎｙ",,305,"北海道","札幌市中央区","南五条西５丁目１９－１ＤＯＷＮＴＯＷＮＧＡＲＤＥＮ２階",,01,101,0640805,,,,,,,2026-10-07,1,,,,,"ティオカンパニー",0
2248,7450002005169,12,0,2026-10-07,2026-10-02,"有限会社松野薬局",,302,"北海道","旭川市","東光三条６丁目１番２３号",,01,204,0788343,,,,,,,2015-10-05,1,,,,,"マツノヤッキョク",0
2249,7450002012883,71,0,2026-10-07,2026-10-01,"株式会社加藤プロパンガス店",,301,"北海道","紋別郡雄武町","字雄武６９８番地の１",,01,563,0981702,,,,,,"令和８年１０月１日北海道枝幸郡枝幸町音標２８６番地２有限会社オホーツク石油（1450002010629）を合併",2015-10-05,1,,,,,"カトウプロパンガステン",0
2250,7460103001842,01,0,2026-10-07,2026-10-07,"合同会社いりあいち",,305,"北海道","十勝郡浦幌町","字東山町１０番地４３",,01,649,0895612,,,,,,,2026-10-07,1,,,,,"イリアイチ",0
2251,7460302003103,21,0,2026-10-07,2026-10-01,"有限会社ナカノ塗工",,302,"北海道","紋別郡遠軽町","東町５丁目１番地３１",,01,555,0990410,,,2026-10-01,01,,,2015-10-05,1,,,,,"ナカノトコウ",0
2252,7480001004862,01,1,2026-10-07,2015-10-05,"アイル保険サービス株式会社",,301,"徳島県","吉野川市","川島町三ツ島字長塚３６５番地１",,36,205,7793307,,,,,,,2015-10-05,1,,,,,"アイルホケンサービス",0
2253,7480005007168,01,0,2026-10-07,2026-10-07,"一般社団法人共育ＬＡＢ．",,399,"徳島県","板野郡板野町","大寺字岡ノ前７番地１",,36,404,7790105,,,,,,,2026-10-07,1,,,,,"キョウイクラボ",0
2254,7490001000415,01,1,2026-10-07,2015-10-05,"スズキハウス高知株式会社",,301,"高知県","高知市","萩町１丁目５番３８号",,39,201,7818006,,,,,,,2015-10-05,1,,,,,"スズキハウスコウチ",0
2255,7500001012788,12,0,2026-10-07,2026-10-05,"興和マリンサービス株式会社",,301,"愛媛県","今治市","伯方町木浦甲３４７７番地１",,38,202,7942305,,,,,,,2015-10-05,1,,,,,"コウワマリンサービス",0
2256,7500001023372,12,0,2026-10-07,2026-10-02,"株式会社シー",,301,"愛媛県","宇和島市","中央町１丁目３番２３号",,38,203,7980040,,,,,,,2021-04-26,1,,,,,"シー",0
2257,7500003002457,21,0,2026-10-07,2026-10-02,"合同会社未来",,305,"愛媛県","西条市","壬生川４２２番地５",,38,206,7991341,,,2026-10-02,01,,,2020-06-11,1,,,,,"ミライ",0
2258,8010001117173,12,0,2026-10-07,2026-09-28,"株式会社フレキシブル",,301,"東京都","渋谷区","広尾１丁目３番１４号",,13,113,1500012,,,,,,,2015-10-05,1,,,,,"フレキシブル",0
2259,8010001168588,12,0,2026-10-07,2026-10-05,"フルクラフト株式会社",,301,"東京都","千代田区","神田神保町２丁目１０－３１ＩＷビル１Ｆ",,13,101,1010051,,,,,,,2015-10-05,1,,,,,"フルクラフト",0
2260,8010001178059,21,0,2026-10-07,2026-10-05,"株式会社トライブコーポレーション",,301,"東京都","荒川区","荒川１丁目２１番５号",,13,118,1160002,,,2026-10-05,01,,,2016-09-02,1,,,,,"トライブコーポレーション",0
2261,8010001178406,12,0,2026-10-07,2026-09-07,"株式会社ＪＢＳ",,301,"東京都","中央区","日本橋小伝馬町１６－５新日本橋長岡ビル３Ｆ－Ａ",,13,102,1030001,,,,,,,2016-09-21,1,,,,,"ジェービーエス",0
2262,8010001242830,11,0,2026-10-07,2026-10-01,"株式会社ユープロパティ",,301,"東京都","中央区","銀座１丁目１２番４号Ｎ＆ＥＢＬＤ．６Ｆ",,13,102,1040061,,,,,,,2024-03-06,1,,,,,"ユープロパティ",0
2263,8010001244620,12,0,2026-10-07,2026-10-02,"株式会社第四の壁",,301,"東京都","板橋区","小茂根１丁目３番１５号",,13,119,1730037,,,,,,,2024-05-08,1,,,,,"ダイヨンノカベ",0
2264,8010001257969,12,0,2026-10-07,2026-09-07,"株式会社ＳＴＵＤＩＯ　ＪＡＰＡＮ",,301,"東京都","文京区","本郷４丁目２９番１２号１０１号",,13,105,1130033,,,,,,,2025-08-25,1,,,,,"スタジオジャパン",0
2265,8010001268792,01,0,2026-10-07,2026-10-07,"株式会社Ｔｏｋｙｏ　Ｉｎｆｒａ　Ｐａｒｔｎｅｒｓ",,301,"東京都","中央区","日本橋茅場町３丁目４番２号ＫＤＸ茅場町ビル４Ｆ",,13,102,1030025,,,,,,,2026-10-07,1,,,,,"トウキョウインフラパートナーズ",0
2266,8010001269287,01,0,2026-10-07,2026-10-07,"株式会社Ｍａｃｕｒｉｅ",,301,"東京都","千代田区","大手町１丁目６番１号大手町ビル１階",,13,101,1000004,,,,,,,2026-10-07,1,,,,,"マクリエ",0
2267,8010001269353,01,0,2026-10-07,2026-10-07,"株式会社ｏｗｎ",,301,"東京都","千代田区","神田佐久間町１丁目１４番地第２東ビル３０３",,13,101,1010025,,,,,,,2026-10-07,1,,,,,"オウン",0
2268,8010001269361,01,0,2026-10-07,2026-10-07,"Ｃｌａｒａ　Ｔｏｋｙｏ株式会社",,301,"東京都","中央区","日本橋室町４丁目３番９号",,13,102,1030022,,,,,,,2026-10-07,1,,,,,"クララトウキョウ",0
2269,8010001269469,01,0,2026-10-07,2026-10-07,"株式会社ＦＬＩＰ第３９６号",,301,"東京都","千代田区","丸の内２丁目７番２号",,13,101,1000005,,,,,,,2026-10-07,1,,,,,"エフエルアイピーダイサンビャクキュウジュウロクゴウ",0
2270,8010001269477,01,0,2026-10-07,2026-10-07,"株式会社ＦＬＩＰ第４０４号",,301,"東京都","千代田区","丸の内２丁目７番２号",,13,101,1000005,,,,,,,2026-10-07,1,,,,,"エフエルアイピーダイヨンヒャクヨンゴウ",0
2271,8010001269485,01,0,2026-10-07,2026-10-07,"株式会社ＦＬＩＰ第４１２号",,301,"東京都","千代田区","丸の内２丁目７番２号",,13,101,1000005,,,,,,,2026-10-07,1,,,,,"エフエルアイピーダイヨンヒャクジュウニゴウ",0
2272,8010001269493,01,0,2026-10-07,2026-10-07,"株式会社ＦＬＩＰ第４２０号",,301,"東京都","千代田区","丸の内２丁目７番２号",,13,101,1000005,,,,,,,2026-10-07,1,,,,,"エフエルアイピーダイヨンヒャクニジュウゴウ",0
2273,8010003052848,01,0,2026-10-07,2026-10-07,"合同会社スキャット",,305,"東京都","中央区","勝どき２丁目７‐４",,13,102,1040054,,,,,,,2026-10-07,1,,,,,"スキャット",0
2274,8010101017439,01,0,2026-10-07,2026-10-07,"株式会社ＡＫＡＳＩＳ",,301,"東京都","八王子市","中町６番２号",,13,201,1920085,,,,,,,2026-10-07,1,,,,,"アカシス",0
2275,8010401134900,12,0,2026-10-07,2026-10-02,"東京投資諮詢株式会社",,301,"東京都","港区","虎ノ門３丁目２２番１０－７０１号",,13,103,1050001,,,,,,,2017-11-13,1,,,,,,0
2276,8010401159170,12,0,2026-10-07,2026-10-01,"株式会社オトクエスト",,301,"東京都","港区","南青山２丁目２番１５号ウィン青山９４２",,13,103,1070062,,,,,,,2021-04-05,1,,,,,"オトクエスト",0
2277,8010401189300,12,0,2026-10-07,2026-10-05,"アンフィニ株式会社",,301,"神奈川県","横浜市青葉区","青葉台２丁目８番地３３・２０２号室",,14,117,2270062,,,,,,,2025-04-03,1,,,,,"アンフィニ",0
2278,8010401202590,01,0,2026-10-07,2026-10-07,"株式会社ＤＩＶＥ　ＣＯＭＰＡＳＳ",,301,"東京都","港区","虎ノ門１丁目１６番６号虎ノ門ＲＡＰＯ－ＴＯビルＵＣＦ７階",,13,103,1050001,,,,,,,2026-10-07,1,,,,,"ダイブコンパス",0
2279,8010401202640,01,0,2026-10-07,2026-10-07,"Ｅｃａｐｓ　Ｊａｐａｎ株式会社",,301,"東京都","港区","六本木１丁目１０番３号",,13,103,1060032,,,,,,,2026-10-07,1,,,,,"イーキャップス",0
2280,8010402004821,12,0,2026-10-07,2026-10-05,"小出興産株式会社",,301,"東京都","世田谷区","成城９丁目８番６号",,13,112,1570066,,,,,,,2015-10-05,1,,,,,"コイデコウサン",0
2281,8010403027045,12,0,2026-10-07,2026-10-02,"Ｗａｎｇ　Ｃａｐｉｔａｌ　Ｐａｒｔｎｅｒｓ合同会社",,305,"東京都","渋谷区","道玄坂１丁目１０番８号渋谷道玄坂東急ビル２Ｆ－Ｃ",,13,113,1500043,,,,,,,2022-02-07,1,,,,,"ワンキャピタルパートナーズ",0
2282,8010403027755,12,0,2026-10-07,2026-10-05,"Ｙラボ・ジャパン合同会社",,305,"東京都","渋谷区","神宮前３丁目１６番１５号",,13,113,1500001,,,,,,,2022-06-01,1,,,,,"ワイラボジャパン",0
2283,8010403039247,01,0,2026-10-07,2026-10-07,"合同会社Ｌｕｍｅｎ　Ｐａｒｔｎｅｒｓ",,305,"東京都","港区","南青山３丁目１－３６青山丸竹ビル６Ｆ",,13,103,1070062,,,,,,,2026-10-07,1,,,,,"ルーメンパートナーズ",0
2284,8010403039271,01,0,2026-10-07,2026-10-07,"合同会社さくら",,305,"東京都","港区","南麻布５丁目１３番６号有栖川パークマンション１０２",,13,103,1060047,,,,,,,2026-10-07,1,,,,,"サクラ",0
2285,8010505003712,12,0,2026-10-07,2026-10-02,"一般社団法人消費者の声",,399,"東京都","台東区","上野３丁目２番２号ＫＯＡＬＡＢＬＤＧ．ＡＫＩＨＡＢＡＲＡ２０３号室",,13,106,1100005,,,,,,,2026-05-12,1,,,,,"ショウヒシャノコエ",0
2286,8010601069938,01,0,2026-10-07,2026-10-07,"ＦｕｊｉＲｉｄｅ　Ｓｙｓｔｅｍｓ株式会社",,301,"東京都","江東区","佐賀１丁目１１番１１号東海永代ハイツ４０５",,13,108,1350031,,,,,,,2026-10-07,1,,,,,"フジライドシステムズ",0
2287,8010701023679,12,0,2026-10-07,2026-09-29,"株式会社ｍａｔｃｈｂｏｘ",,301,"東京都","渋谷区","道玄坂１丁目１０番８号",,13,113,1500043,,,,,,,2015-10-05,1,,,,,"マッチボックス",0
2288,8010701050244,01,0,2026-10-07,2026-10-07,"株式会社ＭＯＴＯ",,301,"東京都","品川区","西五反田２丁目１９番１２号五反田井門ビル",,13,109,1410031,,,,,,,2026-10-07,1,,,,,"モト",0
2289,8010702005131,01,1,2026-10-07,2015-10-05,"有限会社辰已製作所",,302,"東京都","品川区","豊町１丁目１３番２号",,13,109,1420042,,,,,,,2015-10-05,1,,,,,"タツミセイサクジョ",0
2290,8010703004776,12,0,2026-10-07,2026-10-02,"プライムワン合同会社",,305,"神奈川県","横浜市西区","浅間町１丁目４番３号ウィザードビル４０２",,14,103,2200072,,,,,,,2019-05-13,1,,,,,"プライムワン",0
2291,8010705003941,01,0,2026-10-07,2026-10-07,"一般社団法人ｋｉｋｏねっと・ＡＳＴ気功師ネットワーク",,399,"東京都","品川区","大崎１丁目２０番１６号小林ビル４０３",,13,109,1410032,,,,,,,2026-10-07,1,,,,,"キコネットエーエスティキコウシネットワーク",0
2292,8010801037810,01,0,2026-10-07,2026-10-07,"株式会社４ｎ",,301,"東京都","大田区","北糀谷２丁目８番１９‐１号",,13,111,1440032,,,,,,,2026-10-07,1,,,,,"ヨン",0
2293,8010802014197,21,0,2026-10-07,2026-09-30,"有限会社已の丸建設",,302,"東京都","大田区","大森北３丁目１８番１６号１０２",,13,111,1430016,,,2026-09-30,01,,,2015-10-05,1,,,,,"ミノマルケンセツ",0
2294,8010901060357,01,0,2026-10-07,2026-10-07,"株式会社Ｈｉｎａ　Ｍｉｎｇｌｅ",,301,"東京都","世田谷区","宮坂３丁目２番１３－２０２号",,13,112,1560051,,,,,,,2026-10-07,1,,,,,"ヒナミングル",0
2295,8010901060373,01,0,2026-10-07,2026-10-07,"株式会社大野浩介技術造形研究所",,301,"東京都","世田谷区","太子堂３丁目３０番４号",,13,112,1540004,,,,,,,2026-10-07,1,,,,,"オオノコウスケギジュツゾウケイケンキュウショ",0
2296,8011001134571,12,0,2026-10-07,2026-10-05,"株式会社ｉｌｐｒｉｍｏ",,301,"東京都","中央区","銀座１丁目１２番４号Ｎ＆ＥＢＬＤ６Ｆ",,13,102,1040061,,,,,,,2020-07-07,1,,,,,"イルプリモ",0
2297,8011001154181,01,1,2026-10-07,2023-05-02,"株式会社Ａｐａｓ　Ｐｏｒｔ",,301,"東京都","渋谷区","神宮前６丁目２３番４号桑野ビル２階",,13,113,1500001,,,,,,,2023-05-02,0,,,,,"アーパスポート",0
2298,8011001154181,12,1,2026-10-07,2023-12-22,"株式会社Ａｐａｓ　Ｐｏｒｔ",,301,"東京都","渋谷区","千駄ヶ谷５丁目２７－３やまとビル８階",,13,113,1510051,,,,,,,2023-05-02,0,,,,,"アーパスポート",0
2299,8011001154181,12,1,2026-10-07,2026-09-09,"株式会社Ａｐａｓ　Ｐｏｒｔ",,301,"東京都","渋谷区","代々木１丁目３８番２号ミヤタビル９０３号",,13,113,1510053,,,,,,,2023-05-02,1,,,,,"アーパスポート",0
2300,8011001180814,01,0,2026-10-07,2026-10-07,"株式会社Ｌａｐｌａｓ",,301,"東京都","渋谷区","恵比寿南１丁目４番２号紀伊國屋ビル４階",,13,113,1500022,,,,,,,2026-10-07,1,,,,,"ラプラス",0
2301,8011001180896,01,0,2026-10-07,2026-10-07,"株式会社ＡＭＬＡＢ",,301,"東京都","渋谷区","広尾１丁目２番１号ヒカリビル４階",,13,113,1500012,,,,,,,2026-10-07,1,,,,,"アムラボ",0
2302,8011001180938,01,0,2026-10-07,2026-10-07,"エーテルジャパン株式会社",,301,"東京都","渋谷区","千駄ヶ谷３丁目５９番８原宿第２コーポ１０７号",,13,113,1510051,,,,,,,2026-10-07,1,,,,,"エーテルジャパン",0
2303,8011101044522,01,1,2026-10-07,2015-10-05,"株式会社カミオカ",,301,"東京都","新宿区","新宿１丁目１２番１号",,13,104,1600022,,,,,,,2015-10-05,1,,,,,"カミオカ",0
2304,8011101046106,01,1,2026-10-07,2015-10-05,"株式会社タック・エイティエイト",,301,"東京都","新宿区","荒木町１４番地",,13,104,1600007,,,,,,,2015-10-05,1,,,,,"タックエイティエイト",0
2305,8011101115075,12,0,2026-10-07,2026-09-30,"株式会社ミライ",,301,"千葉県","君津市","人見３丁目１２番２２号２０１",,12,225,2991147,,,,,,,2026-03-09,1,,,,,"ミライ",0
2306,8011101117625,01,0,2026-10-07,2026-10-07,"株式会社ＹＯＨＡ",,301,"東京都","新宿区","北新宿１丁目２番６－１１０２号",,13,104,1690074,,,,,,,2026-10-07,1,,,,,"ヨハ",0
2307,8011102026354,01,1,2026-10-07,2015-10-05,"有限会社マルチョウ",,302,"東京都","新宿区","西新宿４丁目２番１５－１８０５号",,13,104,1600023,,,,,,,2015-10-05,0,,,,,"マルチョウ",0
2308,8011102026354,12,0,2026-10-07,2026-10-01,"有限会社マルチョウ",,302,"東京都","港区","赤坂４丁目１４番１４－１４０８号",,13,103,1070052,,,,,,,2015-10-05,1,,,,,"マルチョウ",0
2309,8011103018045,01,0,2026-10-07,2026-10-07,"合同会社ノエシスノエマ",,305,"東京都","新宿区","北新宿４丁目３－３－２０１",,13,104,1690074,,,,,,,2026-10-07,1,,,,,"ノエシスノエマ",0
2310,8011103018053,01,0,2026-10-07,2026-10-07,"結ｆｉｌｍ合同会社",,305,"東京都","新宿区","新宿１丁目３６－２新宿第七葉山ビル３Ｆ",,13,104,1600022,,,,,,,2026-10-07,1,,,,,"ユイフィルム",0
2311,8011103018061,01,0,2026-10-07,2026-10-07,"合同会社あおい労務管理",,305,"東京都","新宿区","西新宿３丁目３番１３号西新宿水間ビル２階",,13,104,1600023,,,,,,,2026-10-07,1,,,,,"アオイロウムカンリ",0
2312,8011201022007,21,0,2026-10-07,2026-10-02,"ライフナビパートナーズ株式会社",,301,"東京都","中野区","本町２丁目４６番１号",,13,114,1640012,,,2026-10-02,11,3011101058519,"令和８年１０月１日東京都中野区本町二丁目４６番１号株式会社ＦＥＡ（3011101058519）に合併し解散",2020-02-27,1,,,,,"ライフナビパートナーズ",0
2313,8011301018978,01,1,2026-10-07,2015-10-05,"株式会社ＳＤＲ　ＴＲＡＤＩＮＧ",,301,"東京都","港区","南麻布３丁目１９番１３号麻布スカイマンション３Ｆ",,13,103,1060047,,,,,,,2015-10-05,0,,,,,,0
2314,8011301018978,12,0,2026-10-07,2026-10-05,"株式会社ＳＤＲ　ＴＲＡＤＩＮＧ",,301,"東京都","渋谷区","恵比寿２丁目２８番１０号秀ビル",,13,113,1500013,,,,,,,2015-10-05,1,,,,,,0
2315,8011301031873,01,0,2026-10-07,2026-10-07,"株式会社モアナヴェール",,301,"東京都","杉並区","方南２丁目４番７号",,13,115,1680062,,,,,,,2026-10-07,1,,,,,"モアナヴェール",0
2316,8011303006155,01,0,2026-10-07,2026-10-07,"合同会社ＩＤＥＹ",,305,"東京都","杉並区","久我山４丁目３１番１５号",,13,115,1680082,,,,,,,2026-10-07,1,,,,,"アイディワイ",0
2317,8011501029387,21,0,2026-10-07,2026-10-05,"株式会社高西企画",00130754,301,"東京都","北区","東十条４丁目１２番２号－４０２",,13,117,1140001,,,2026-10-05,01,,,2023-06-07,1,,,,,"タカニシキカク",0
2318,8011601012367,01,1,2026-10-07,2015-10-05,"株式会社ライジングフォース",,301,"東京都","練馬区","氷川台３丁目２０番１０号",,13,120,1790084,,,,,,,2015-10-05,1,,,,,"ライジングフォース",0
2319,8011601028009,12,0,2026-10-07,2026-10-05,"株式会社Ｔｏｏｌｃｈａｉｎ",,301,"埼玉県","さいたま市大宮区","桜木町１丁目１９５番地１大宮ソラミチＫＯＺ４階",,11,103,3300854,,,,,,,2024-08-23,1,,,,,"ツールチェイン",0
2320,8011602009800,01,1,2026-10-07,2015-10-05,"有限会社ムサシ総合コンサルタント事務所",,302,"東京都","練馬区","東大泉１丁目３３番６号",,13,120,1780063,,,,,,,2015-10-05,1,,,,,"ムサシソウゴウコンサルタントジムショ",0
2321,8011701009866,01,1,2026-10-07,2015-10-05,"株式会社ロス",,301,"東京都","中央区","銀座６丁目１３番１６号",,13,102,1040061,,,,,,,2015-10-05,0,,,,,,0
2322,8011701009866,12,1,2026-10-07,2016-06-13,"株式会社ロス",,301,"東京都","中央区","日本橋２丁目１番３号アーバンネット日本橋二丁目ビル３階",,13,102,1030027,,,,,,,2015-10-05,1,,,,,,0
2323,8011701020006,12,0,2026-10-07,2026-09-29,"株式会社ルネス",,301,"千葉県","船橋市","本町５丁目４番５－６０４号",,12,204,2730005,,,,,,,2016-07-05,1,,,,,,0
2324,8011701029807,01,0,2026-10-07,2026-10-07,"株式会社ＡＵＮＥＲＩＡ",,301,"東京都","江戸川区","西葛西４丁目４番１－８０７号",,13,123,1340088,,,,,,,2026-10-07,1,,,,,"アウネリア",0
2325,8011702004148,01,1,2026-10-07,2015-10-05,"有限会社光洋商事",,302,"東京都","江戸川区","平井６丁目５番４８号",,13,123,1320035,,,,,,,2015-10-05,1,,,,,"コウヨウショウジ",0
2326,8011801040390,12,0,2026-10-07,2026-09-30,"Ｂｏｙａ株式会社",,301,"千葉県","千葉市若葉区","加曽利町１５９５－１－５（シンザワ）",,12,104,2640017,,,,,,,2022-03-09,1,,,,,"ボヤ",0
2327,8011801048467,01,0,2026-10-07,2026-10-07,"株式会社ＬＵＭＩＮＡ",,301,"東京都","足立区","西伊興１丁目１３番１７－２０３号",,13,121,1210824,,,,,,,2026-10-07,1,,,,,"ルミナ",0
2328,8011801048475,01,0,2026-10-07,2026-10-07,"都樹プロパティ・リンクス株式会社",,301,"東京都","足立区","青井５丁目１３番７号ＳＨＯＷＡコーポレートビル",,13,121,1210012,,,,,,,2026-10-07,1,,,,,"トキプロパティリンクス",0
2329,8011801048483,01,0,2026-10-07,2026-10-07,"Ｂｕｔｃｈｅｒ株式会社",,301,"東京都","足立区","梅田４丁目１９番１０号",,13,121,1230851,,,,,,,2026-10-07,1,,,,,"ブッチャー",0
2330,8011802000666,01,1,2026-10-07,2015-10-05,"有限会社石山設備",,302,"東京都","葛飾区","西水元２丁目５番２０号",,13,122,1250031,,,,,,,2015-10-05,1,,,,,"イシヤマセツビ",0
2331,8011803007660,01,0,2026-10-07,2026-10-07,"合同会社あみは",,305,"東京都","足立区","千住大川町１番１－７０２号",,13,121,1200031,,,,,,,2026-10-07,1,,,,,"アミハ",0
2332,8012301015016,01,0,2026-10-07,2026-10-07,"株式会社ＫＵＭＩＮＡＳ",,301,"東京都","町田市","広袴２丁目９番地２０",,13,209,1950056,,,,,,,2026-10-07,1,,,,,"クミナス",0
2333,8012303002383,01,0,2026-10-07,2026-10-07,"合同会社ＫＳＲ",,305,"東京都","町田市","小山ヶ丘１丁目１１番地３ソルグランデメイツ多摩境グリーンコート１０１５",,13,209,1940215,,,,,,,2026-10-07,1,,,,,"ケーエスアール",0
2334,8012402003902,01,1,2026-10-07,2015-10-05,"有限会社デリバージャパン",,302,"東京都","国分寺市","並木町１丁目２２番地１６",,13,214,1850005,,,,,,,2015-10-05,1,,,,,"デリバージャパン",0
2335,8012703003634,01,0,2026-10-07,2026-10-07,"Ｂｉｚ　Ｆｉｅｌｄ合同会社",,305,"東京都","東村山市","恩多町５丁目２２番地４９",,13,213,1890011,,,,,,,2026-10-07,1,,,,,"ビズフィールド",0
2336,8012801024994,01,0,2026-10-07,2026-10-07,"ハウスメンテ住宅総合株式会社",,301,"東京都","東大和市","新堀２丁目１４５７番地",,13,220,2070012,,,,,,,2026-10-07,1,,,,,"ハウスメンテジュウタクソウゴウ",0
2337,8012801025002,01,0,2026-10-07,2026-10-07,"株式会社Ｇｒｏｕｎｄ　Ｄｒｅａｍ",,301,"東京都","日野市","旭が丘２丁目３０番地の１４",,13,212,1910065,,,,,,,2026-10-07,1,,,,,"グランドドリーム",0
2338,8012801025010,01,0,2026-10-07,2026-10-07,"株式会社１０１",,301,"東京都","立川市","曙町２丁目３２番３号立川三和ビル４０２",00145185,13,202,1900012,,,,,,,2026-10-07,1,,,,,"イチマルイチ",0
2339,8012803004219,01,0,2026-10-07,2026-10-07,"和夢合同会社",,305,"東京都","立川市","錦町１丁目４番２０号ＴＳＣビル５Ｆ・６Ｆ",,13,202,1900022,,,,,,,2026-10-07,1,,,,,"ワム",0
2340,8013301004966,71,0,2026-10-07,2026-09-24,"株式会社シグマ企画",,301,"東京都","豊島区","池袋２丁目６８番１０－６０８号池袋ダイカンプラザ",,13,116,1710014,,,,,,"令和８年９月２０日東京都豊島区池袋二丁目６８番１０－６０８号池袋ダイカンプラザ株式会社シグマサービス（2013301027262）を合併",2015-10-05,1,,,,,"シグマキカク",0
2341,8013301027281,12,0,2026-10-07,2026-10-05,"株式会社ＳＡＮＫＯ　ＭＡＲＫＥＴＩＮＧ　ＦＯＯＤＳ",,301,"東京都","新宿区","高田馬場１丁目２８番１０号",,13,104,1690075,,,,,,,2015-10-05,1,,,,,"サンコウマーケティングフーズ",0
2342,8013301050548,01,1,2026-10-07,2023-04-04,"株式会社ＪＩＢコーポレーション",,301,"東京都","豊島区","東池袋１丁目３１番１０号１１１０号室",,13,116,1700013,,,,,,,2023-04-04,1,,,,,,0
2343,8013301056801,01,0,2026-10-07,2026-10-07,"株式会社アイシス",,301,"東京都","豊島区","北大塚１丁目１３－４オーク大塚ビル６Ｆ",,13,116,1700004,,,,,,,2026-10-07,1,,,,,"アイシス",0
2344,8013303002968,11,0,2026-10-07,2026-10-06,"Ｓ＆Ｓパートナーズ合同会社",,305,"東京都","中央区","勝どき６丁目３番２号",,13,102,1040054,,,,,,,2015-10-05,1,,,,,"エスアンドエスパートナーズ",0
2345,8020001045679,01,1,2026-10-07,2015-10-05,"シエスタ株式会社",,301,"神奈川県","横浜市緑区","北八朔町１３０６番４",,14,113,2260021,,,,,,,2015-10-05,1,,,,,"シエスタ",0
2346,8020001051818,01,1,2026-10-07,2015-10-05,"ツーフィット株式会社",,301,"神奈川県","横浜市中区","日ノ出町１丁目１０５番地",,14,104,2310066,,,,,,,2015-10-05,0,,,,,"ツーフィット",0
2347,8020001051818,12,1,2026-10-07,2017-02-24,"ツーフィット株式会社",,301,"神奈川県","横浜市中区","長者町５丁目７５番地１",,14,104,2310033,,,,,,,2015-10-05,1,,,,,"ツーフィット",0
2348,8020001068804,21,0,2026-10-07,2026-09-07,"株式会社アークデザイン工房",,301,"神奈川県","川崎市中原区","木月住吉町１４番３０号",,14,133,2110021,,,2026-09-07,01,,,2015-10-05,1,,,,,"アークデザインコウボウ",0
2349,8020001116595,01,1,2026-10-07,2016-06-14,"株式会社サンブランチ",,301,"神奈川県","横浜市都筑区","荏田南３丁目６番５号Ａ",,14,118,2240007,,,,,,,2016-06-14,1,,,,,"サンブランチ",0
2350,8020001119920,12,0,2026-10-07,2026-09-14,"株式会社ＢＷ",,301,"神奈川県","横浜市金沢区","能見台東８番Ｃ－４０６号",,14,108,2360058,,,,,,,2017-02-09,1,,,,,"ビーダブル",0
2351,8020001128839,21,0,2026-10-07,2026-09-18,"レウナ株式会社",,301,"神奈川県","横浜市中区","太田町６丁目８５番地７０２",,14,104,2310011,,,2026-09-18,01,,,2018-11-21,1,,,,,"レウナ",0
2352,8020001136552,12,0,2026-10-07,2026-10-02,"株式会社ＳＥＩＲＹＯ",,301,"東京都","港区","港南２丁目１２番３２号ＳＯＵＴＨＰＯＲＴ品川５階",,13,103,1080075,,,,,,,2020-06-22,1,,,,,"セイリョウ",0
2353,8020001157169,01,1,2026-10-07,2024-05-14,"株式会社Ｆｏｒｔｕｎｅ",,301,"神奈川県","横浜市神奈川区","二ツ谷町１４番４号－５Ｆ",,14,102,2210823,,,,,,,2024-05-14,1,,,,,"フォーチュン",0
2354,8020001163183,12,0,2026-10-07,2026-09-24,"株式会社Ｒｅｌａｔｉｏｎ　Ｆｉｅｌｄ",,301,"神奈川県","川崎市多摩区","登戸２８４８番地３イニシア向ヶ丘遊園２０９",,14,135,2140014,,,,,,,2025-06-10,1,,,,,"リレーションフィールド",0
2355,8020001166095,21,0,2026-10-07,2026-09-17,"風谷テクノ株式会社",,301,"神奈川県","横浜市神奈川区","西寺尾３丁目２番４７－１０１号",,14,102,2210001,,,2026-09-17,01,,,2025-12-04,1,,,,,"カゼタニテクノ",0
2356,8020001170618,01,0,2026-10-07,2026-10-07,"ＬＡＩＤ　ＢＡＣＫ株式会社",,301,"神奈川県","横浜市中区","根岸旭台１９番地",,14,104,2310854,,,,,,,2026-10-07,1,,,,,"レイドバック",0
2357,8020002030003,01,1,2026-10-07,2015-10-05,"有限会社三貴",,302,"神奈川県","横浜市南区","六ツ川１丁目３２８番地の４",,14,105,2320066,,,,,,,2015-10-05,1,,,,,"ミキ",0
2358,8020002051305,01,1,2026-10-07,2015-10-05,"有限会社サイトウ",,302,"神奈川県","横浜市旭区","東希望が丘１６５番地の７４",,14,112,2410826,,,,,,,2015-10-05,1,,,,,"サイトウ",0
2359,8020002087654,01,0,2026-10-07,2026-10-07,"有限会社ワコー工業",,302,"神奈川県","川崎市宮前区","南平台２０番１８号",,14,136,2160024,,,,,,,2026-10-07,1,,,,,"ワコーコウギョウ",0
2360,8020003031891,01,0,2026-10-07,2026-10-07,"Ｍ　ＮＥＸＴ合同会社",,305,"神奈川県","横浜市西区","浅間町１丁目４番３号ウィザードビル４０２",,14,103,2200072,,,,,,,2026-10-07,1,,,,,"エムネクスト",0
2361,8020003031917,01,0,2026-10-07,2026-10-07,"合同会社Ｙ’ｓイノベーションファクトリー",,305,"神奈川県","川崎市中原区","新城１丁目１１番８号プラスキューブ武蔵新城１Ｆ",,14,133,2110044,,,,,,,2026-10-07,1,,,,,"ワイズイノベーションファクトリー",0
2362,8021001001787,01,1,2026-10-07,2015-10-05,"株式会社バイオクロマト",,301,"神奈川県","藤沢市","本町１丁目１２番１９号",,14,205,2510053,,,,,,,2015-10-05,1,"BioChromato, Inc.","Kanagawa","1-12-19 Honcho, Fujisawa",,"バイオクロマト",0
2363,8021001008171,21,0,2026-10-07,2026-09-15,"スイートハート湘南株式会社",,301,"神奈川県","茅ヶ崎市","香川４丁目５番３６号",,14,207,2530082,,,2026-09-15,01,,,2015-10-05,1,,,,,"スイートハートショウナン",0
2364,8021001089303,01,0,2026-10-07,2026-10-07,"株式会社ファミリー",,301,"神奈川県","大和市","南林間２丁目１０番５号ベストライフビル５階",,14,213,2420006,,,,,,,2026-10-07,1,,,,,"ファミリー",0
2365,8021002041659,01,1,2026-10-07,2015-10-05,"ツーバイホームズ有限会社",,302,"神奈川県","大和市","上草柳８丁目１６番１４号",,14,213,2420029,,,,,,,2015-10-05,1,,,,,"ツーバイホームズ",0
2366,8030001117873,01,1,2026-10-07,2016-12-27,"株式会社２４ＧＥＲ",,301,"埼玉県","熊谷市","別府５丁目１０８番地１",,11,202,3600856,,,,,,,2016-12-27,1,,,,,"トュエンティフォージーイーアール",0
2367,8030001124960,12,0,2026-10-07,2026-10-02,"ＨＳＫ企画株式会社",,301,"東京都","千代田区","神田鍛冶町３丁目５番３号一八ビル５階",,13,101,1010045,,,,,,,2018-04-04,1,,,,,"エイチエスケーキカク",0
2368,8030001140710,12,0,2026-10-07,2026-09-09,"株式会社共栄商事",,301,"千葉県","成田市","川上２４５－９８４神谷倉庫本社倉庫Ａ棟",,12,211,2870244,,,,,,,2021-02-10,1,,,,,"キョウエイショウジ",0
2369,8030001174436,01,0,2026-10-07,2026-10-07,"株式会社ＳＡＬＯＮ　ＳＨＩＦＴ",,301,"埼玉県","熊谷市","銀座２丁目８０番地フレンドヴィラ西田１Ｆ",,11,202,3600032,,,,,,,2026-10-07,1,,,,,"サロンシフト",0
2370,8030001174444,01,0,2026-10-07,2026-10-07,"株式会社葵",,301,"埼玉県","さいたま市大宮区","高鼻町１丁目２４２番地",,11,103,3300803,,,,,,,2026-10-07,1,,,,,"アオイ",0
2371,8030001174460,01,0,2026-10-07,2026-10-07,"株式会社中宿",,301,"埼玉県","本庄市","堀田５５５番地２",,11,211,3670014,,,,,,,2026-10-07,1,,,,,"ナカジュク",0
2372,8030002056848,01,1,2026-10-07,2015-10-05,"有限会社五大不動産",,302,"埼玉県","桶川市","大字上日出谷９２３番地６０",,11,231,3630026,,,,,,,2015-10-05,1,,,,,"ゴダイフドウサン",0
2373,8030002063877,01,1,2026-10-07,2015-10-05,"有限会社吉田建具店",,302,"埼玉県","富士見市","関沢１丁目７番３２号",,11,235,3540025,,,,,,,2015-10-05,1,,,,,"ヨシダタテグテン",0
2374,8030002102032,01,1,2026-10-07,2015-10-05,"有限会社木下商事",,302,"埼玉県","川口市","赤井４丁目１５番２１号",,11,203,3340073,,,,,,,2015-10-05,1,,,,,"キノシタショウジ",0
2375,8030003024606,21,0,2026-10-07,2026-09-18,"合同会社アシスト",,305,"埼玉県","吉川市","きよみ野５丁目６番地１６",,11,243,3420058,,,2026-09-18,01,,,2024-07-08,1,,,,,"アシスト",0
2376,8030003030100,01,0,2026-10-07,2026-10-07,"合同会社アイスマイル",,305,"埼玉県","上尾市","大字壱丁目１３番地２８",,11,219,3620046,,,,,,,2026-10-07,1,,,,,"アイスマイル",0
2377,8040001014244,01,1,2026-10-07,2015-10-05,"株式会社千葉セレクション",,301,"千葉県","千葉市若葉区","大宮町３６０６番１",,12,104,2640016,,,,,,,2015-10-05,0,,,,,,0
2378,8040001014244,12,1,2026-10-07,2026-09-11,"株式会社千葉セレクション",,301,"千葉県","千葉市若葉区","大宮町３５６１番２",,12,104,2640016,,,,,,,2015-10-05,1,,,,,,0
2379,8040001057689,12,0,2026-10-07,2026-10-01,"株式会社シノケン少額短期保険",,301,"東京都","港区","芝２丁目９番３号",,13,103,1050014,,,,,,,2015-10-05,1,,,,,"シノケンショウガクタンキホケン",0
2380,8040001128168,12,0,2026-10-07,2026-10-05,"執慧株式会社",,301,"東京都","文京区","湯島３丁目４１番２林ビル２階",,13,105,1130034,,,,,,,2023-04-28,1,,,,,"ジンフイ",0
2381,8040001141914,12,0,2026-10-07,2026-09-10,"ＮＵＴＲＥＶＯ株式会社",,301,"千葉県","佐倉市","上志津１６７２番地１０ローズタウンＣ棟３１５号",,12,212,2850846,,,,,,,2025-12-24,1,,,,,"ニュートレボ",0
2382,8040001145527,01,0,2026-10-07,2026-10-07,"株式会社プロジェクトナイン",,301,"千葉県","松戸市","二ツ木１４４番地プランドール渡辺４０１号",,12,207,2700027,,,,,,,2026-10-07,1,,,,,"プロジェクトナイン",0
2383,8040002036601,12,0,2026-10-07,2026-09-10,"有限会社真砂",,302,"千葉県","市川市","真間４丁目４番１３－２１２号（真間パレスマンション）",,12,203,2720826,,,,,,,2015-10-05,1,,,,,"マサゴ",0
2384,8040002069122,21,0,2026-10-07,2026-09-02,"有限会社アーリーバード",,302,"千葉県","木更津市","貝渕３丁目１２番５４号",,12,206,2920833,,,2026-09-02,01,,,2015-10-05,1,,,,,"アーリーバード",0
2385,8040002083107,01,1,2026-10-07,2015-10-05,"有限会社鈴木部品",,302,"千葉県","匝瑳市","高１６３番地",,12,235,2892132,,,,,,,2015-10-05,1,,,,,"スズキブヒン",0
2386,8040003020538,12,0,2026-10-07,2026-09-28,"合同会社Ｍａｒｉｎ　Ｓｐｉｃｅ　Ｌａｎｋａ",,305,"茨城県","稲敷郡阿見町","大字荒川本郷９７６－２２－１",,08,443,3001152,,,,,,,2022-08-03,1,,,,,"マリンスパイスランカ",0
2387,8040003030826,01,0,2026-10-07,2026-10-07,"合同会社アルトテックス",,305,"千葉県","市川市","稲越３丁目１４番２２号",,12,203,2720831,,,,,,,2026-10-07,1,,,,,"アルトテックス",0
2388,8050001059040,01,0,2026-10-07,2026-10-07,"ＫＡＮＡＵ株式会社",,301,"茨城県","つくば市","学園の森１丁目１９－１０ＥＭＢＬＥＭ学園の森２０１",,08,220,3050816,,,,,,,2026-10-07,1,,,,,,0
2389,8050003010414,01,0,2026-10-07,2026-10-07,"合同会社クラークサポート",,305,"茨城県","つくば市","上横場２５７３番地９６",,08,220,3050854,,,,,,,2026-10-07,1,,,,,"クラークサポート",0
2390,8060001018029,71,0,2026-10-07,2026-10-01,"アペンタクル株式会社",,301,"栃木県","宇都宮市","下戸祭２丁目３番２５号",,09,201,3200055,,,,,,"令和８年１０月１日栃木県宇都宮市下戸祭二丁目３番２５号サンライフ株式会社（4470001007118）を合併",2015-10-05,1,,,,,"アペンタクル",0
2391,8060001039677,01,0,2026-10-07,2026-10-07,"星工業株式会社",,301,"栃木県","宇都宮市","西原町２０５番地釜彦マンション３号室",,09,201,3200826,,,,,,,2026-10-07,1,,,,,"ホシコウギョウ",0
2392,8060002000514,01,1,2026-10-07,2015-10-05,"有限会社アイ・ケー・イー",,302,"栃木県","宇都宮市","平出町字上野３６５１番地１",,09,201,3210901,,,,,,,2015-10-05,1,,,,,"アイケーイー",0
2393,8080001013820,21,0,2026-10-07,2026-10-05,"株式会社シマ",,301,"静岡県","牧之原市","静波２２２１番地の８１",,22,226,4210422,,,2026-10-05,01,,,2015-10-05,1,,,,,"シマ",0
2394,8080001027853,01,0,2026-10-07,2026-10-07,"株式会社山翔",,301,"静岡県","静岡市清水区","下野緑町３番１６号",,22,103,4240013,,,,,,,2026-10-07,1,,,,,"ヤマショウ",0
2395,8080002001089,12,0,2026-10-07,2026-10-02,"有限会社オー・エス・センター",,302,"静岡県","静岡市葵区","西草深町６番３４号グランドパレス白鳥１０１",,22,101,4200866,,,,,,,2015-10-05,1,,,,,"オーエスセンター",0
2396,8080002003936,01,1,2026-10-07,2015-10-05,"有限会社常木工務店",,302,"静岡県","静岡市駿河区","小鹿３６６番地",,22,102,4228021,,,,,,,2015-10-05,1,,,,,"ツネキコウムテン",0
2397,8080101016979,01,1,2026-10-07,2015-10-05,"鍛錬技術開発株式会社",,301,"静岡県","富士市","瓜島町１３８番地の１ぷち蔵ビル永田２１３",,22,210,4170057,,,,,,,2015-10-05,1,,,,,"タンレンギジュツカイハツ",0
2398,8080101026532,01,0,2026-10-07,2026-10-07,"ビヨンド株式会社",,301,"静岡県","熱海市","昭和町５番３３号ビヨンド６０１",,22,205,4130022,,,,,,,2026-10-07,1,,,,,"ビヨンド",0
2399,8080101026549,01,0,2026-10-07,2026-10-07,"株式会社Ｒｏｏｔ＆Ｒｉｓｅ",,301,"静岡県","沼津市","足高１３４番地１５",,22,203,4100001,,,,,,,2026-10-07,1,,,,,"ルートアンドライズ",0
2400,8090001000636,11,0,2026-10-07,2026-10-01,"株式会社ＫＩＨＯ",,301,"山梨県","甲斐市","玉川１５３２番地",,19,210,4000116,,,,,,,2015-10-05,1,,,,,"キホウ",0
2401,8090001009124,21,0,2026-10-07,2026-10-01,"甲州タクシー株式会社",,301,"山梨県","甲州市","塩山上於曽１８５８番地",,19,213,4040042,,,2026-10-01,11,7090001010000,"令和８年１０月１日山梨県富士吉田市新西原一丁目２番１号富士急山梨ハイヤー株式会社（7090001010000）に合併し解散",2015-10-05,1,,,,,,0
2402,8100001005055,01,1,2026-10-07,2015-10-05,"株式会社Ｐｒａｉｒｉｅ　Ｓｔａｒ",,301,"長野県","長野市","大字鶴賀４００番地６山茂里ビル１階１０１号室",,20,201,3800907,,,,,,,2015-10-05,1,,,,,"プレィリースター",0
2403,8100001005880,01,1,2026-10-07,2015-10-05,"株式会社広田ケミカル",,301,"長野県","須坂市","大字小島１４７６番地１６３",,20,207,3820906,,,,,,,2015-10-05,1,,,,,"ヒロタケミカル",0
2404,8100001009460,11,0,2026-10-07,2026-10-02,"軽井沢ガーデンファーム株式会社",,301,"長野県","北佐久郡軽井沢町","大字発地２０６２番地１",,20,321,3890113,,,,,,,2015-10-05,1,,,,,"カルイザワガーデンファーム",0
2405,8100001025029,01,1,2026-10-07,2015-10-05,"株式会社ＲＩＳＥ",,301,"長野県","中野市","大字新井３６２番地１７",,20,211,3830064,,,,,,,2015-10-05,1,,,,,"ライズ",0
2406,8100001040052,01,0,2026-10-07,2026-10-07,"株式会社アイアド",,301,"長野県","上田市","芳田１７６５番地２",,20,203,3860151,,,,,,,2026-10-07,1,,,,,"アイアド",0
2407,8100001040060,01,0,2026-10-07,2026-10-07,"株式会社結実農園",,301,"長野県","飯田市","上久堅４８７５番地１",,20,205,3992611,,,,,,,2026-10-07,1,,,,,"ユミノウエン",0
2408,8100002009006,01,1,2026-10-07,2015-10-05,"有限会社ネクストシステム",,302,"長野県","上高井郡高山村","大字牧１６２８番地",,20,543,3820821,,,,,,,2015-10-05,1,,,,,"ネクストシステム",0
2409,8120001017585,01,1,2026-10-07,2015-10-05,"株式会社サンワ製作所",,301,"大阪府","大阪市生野区","生野西１丁目１２番８号",,27,116,5440024,,,,,,,2015-10-05,1,,,,,"サンワセイサクショ",0
2410,8120001120430,01,1,2026-10-07,2015-10-05,"株式会社リアルエステート大阪",,301,"大阪府","大阪市中央区","南船場１丁目１７番２１号長堀ビル",,27,128,5420081,,,,,,,2015-10-05,1,,,,,"リアルエステートオオサカ",0
2411,8120001141658,12,0,2026-10-07,2026-10-05,"株式会社イストスポーツ",,301,"兵庫県","尼崎市","南塚口町２丁目３５番１７号",,28,202,6610012,,,,,,,2015-10-05,1,,,,,"イストスポーツ",0
2412,8120001176712,12,0,2026-10-07,2026-10-02,"山永興産株式会社",,301,"大阪府","大阪市生野区","新今里３丁目１番４－７０６号",,27,116,5440001,,,,,,,2015-10-05,1,,,,,"サンエイコウサン",0
2413,8120001200001,01,1,2026-10-07,2016-08-05,"株式会社キャトル・アッシュ",,301,"大阪府","大阪市北区","西天満４丁目３番２５号",,27,127,5300047,,,,,,,2016-08-05,1,,,,,"キャトルアッシュ",0
2414,8120001213291,11,0,2026-10-07,2026-10-01,"鼎盛産業株式会社",,301,"大阪府","大阪市住吉区","長居西３丁目１－３０アーバンス長居４０４号室",,27,120,5580002,,,,,,,2018-05-09,1,,,,,"ケイセイサンギョウ",0
2415,8120001228133,12,0,2026-10-07,2026-09-29,"株式会社ＴＩＦ",,301,"大阪府","大阪市北区","豊崎５丁目４番１８－２０４号",,27,127,5310072,,,,,,,2020-03-30,1,,,,,"ティーアイエフ",0
2416,8120001257256,12,0,2026-10-07,2026-10-05,"株式会社森販",,301,"東京都","中央区","八重洲１丁目８番１７号新槇町ビル６階",,13,102,1030028,,,,,,,2023-08-10,1,,,,,"モリハン",0
2417,8120001270853,21,0,2026-10-07,2026-10-01,"花鳥風月株式会社",,301,"大阪府","大阪市城東区","関目５丁目１９番９号関目花博公館５０９Ｂ",,27,118,5360008,,,2026-10-01,01,,,2024-12-06,1,,,,,"カチョウフウゲツ",0
2418,8120001273939,21,0,2026-10-07,2026-09-29,"ＫＡＮＭＩ株式会社",,301,"大阪府","大阪市西成区","玉出東１丁目１１番２３号",,27,122,5570043,,,2026-09-29,01,,,2025-03-26,1,,,,,"カンミ",0
2419,8120001289547,01,0,2026-10-07,2026-10-07,"株式会社狼煙",,301,"大阪府","大阪市北区","梅田１丁目１番３号大阪駅前第３ビル２９階１－１－１号室",,27,127,5300001,,,,,,,2026-10-07,1,,,,,"ノロシ",0
2420,8120001289588,01,0,2026-10-07,2026-10-07,"株式会社ｌｏｂｂｙ",,301,"大阪府","守口市","八雲東町２丁目８２番４０号朝日ビル３Ｆ",,27,209,5700021,,,,,,,2026-10-07,1,,,,,"ロビー",0
2421,8120002063587,21,0,2026-10-07,2026-10-02,"ＭＪサービス有限会社",,302,"大阪府","大阪市西淀川区","御幣島１丁目５番２号",,27,113,5550012,,,2026-10-02,01,,,2015-10-05,1,,,,,"エムジェイサービス",0
2422,8120003033580,01,0,2026-10-07,2026-10-07,"合同会社弥栄",,305,"大阪府","大阪市大正区","三軒家東２丁目１２番地６９キングスクエアヴィルジア大阪５０６号",,27,108,5510002,,,,,,,2026-10-07,1,,,,,"ヤサカ",0
2423,8120101002529,21,0,2026-10-07,2026-10-05,"株式会社堺加工",,301,"大阪府","堺市中区","毛穴町１０３番の１",,27,142,5998266,,,2026-10-05,01,,,2015-10-05,1,,,,,"サカイカコウ",0
2424,8120101026800,12,0,2026-10-07,2026-10-01,"株式会社柿本",,301,"大阪府","松原市","天美我堂７丁目５２８番地２",,27,217,5800026,,,,,,,2015-10-05,1,,,,,"カキモト",0
2425,8120101033425,11,0,2026-10-07,2026-10-01,"株式会社プラージュ・コーポレーション",,301,"大阪府","藤井寺市","春日丘３丁目５番１６号",,27,226,5830026,,,,,,,2015-10-05,1,,,,,"プラージュコーポレーション",0
2426,8120101034266,01,1,2026-10-07,2015-10-05,"株式会社童",,301,"大阪府","河内長野市","南花台２丁目１番２号",,27,216,5860077,,,,,,,2015-10-05,1,,,,,"ワラベ",0
2427,8120102027780,01,1,2026-10-07,2015-10-05,"有限会社友輝設計",,302,"大阪府","泉南市","幡代１丁目１８番３２号",,27,228,5900524,,,,,,,2015-10-05,0,,,,,"ユウキセッケイ",0
2428,8120102027780,12,1,2026-10-07,2026-10-01,"有限会社友輝設計",,302,"大阪府","泉南市","馬場２丁目３２番８号",,27,228,5900525,,,,,,,2015-10-05,1,,,,,"ユウキセッケイ",0
2429,8120103007377,01,0,2026-10-07,2026-10-07,"合同会社泉州ＭＳ",,305,"大阪府","和泉市","府中町１丁目２０‐３‐４０１",,27,219,5940071,,,,,,,2026-10-07,1,,,,,"センシュウメディカルサービス",0
2430,8120901010953,01,1,2026-10-07,2015-10-05,"三興紙業株式会社",,301,"大阪府","高槻市","登美の里町１９番２２号",,27,207,5690812,,,,,,,2015-10-05,1,,,,,"サンコウシギョウ",0
2431,8120901044101,12,0,2026-10-07,2026-10-01,"株式会社ＷＥ－ＥＴＰ",,301,"大阪府","箕面市","箕面６丁目１０番１０号",,27,220,5620001,,,,,,,2021-03-31,1,,,,,"ウィーイーティーピー",0
2432,8120901053275,01,0,2026-10-07,2026-10-07,"株式会社ＨＥＩＲＬＯＯＭエステート",,301,"大阪府","茨木市","舟木町３番６号サーパスヴィラ６０２号",,27,211,5670828,,,,,,,2026-10-07,1,,,,,"エアルームエステート",0
2433,8120901053309,01,0,2026-10-07,2026-10-07,"株式会社ＳＥＥＤ",,301,"大阪府","高槻市","富田町１丁目５番７号牧野ビル３Ｆ",,27,207,5690814,,,,,,,2026-10-07,1,,,,,"シード",0
2434,8120901053317,01,0,2026-10-07,2026-10-07,"株式会社Ｂｒｉｇｈｔ　Ｐｌｕｓ",,301,"大阪府","茨木市","郡３丁目１１番９号",,27,211,5670072,,,,,,,2026-10-07,1,,,,,"ブライトプラス",0
2435,8122001032069,12,0,2026-10-07,2026-10-05,"株式会社Ｍｏｖｅｄ",,301,"東京都","港区","南青山１丁目１５－２２－３０５",,13,103,1070062,,,,,,,2018-10-30,1,,,,,"ムーブド",0
2436,8130001002850,01,1,2026-10-07,2015-10-05,"株式会社京洛苑たはら",,301,"京都府","京都市上京区","寺之内通千本東入２丁目新猪熊東町３７７番地",,26,102,6028494,,,,,,,2015-10-05,1,,,,,"キョウラクエンタハラ",0
2437,8130001029010,12,0,2026-10-07,2026-09-25,"株式会社ＭＡＰＬＥ",,301,"京都府","宇治市","開町４４番地の１６",,26,204,6110026,,,,,,,2015-10-05,1,,,,,"メイプル",0
2438,8130001083131,01,0,2026-10-07,2026-10-07,"株式会社和幹藤や",,301,"京都府","京都市中京区","河原町通三条上る恵比須町４４７番地",,26,104,6048005,,,,,,,2026-10-07,1,,,,,"ワカンフジヤ",0
2439,8130002004557,01,1,2026-10-07,2015-10-05,"有限会社レストラン北山",,302,"京都府","京都市左京区","北白川東瀬ノ内町４３番地",,26,103,6068254,,,,,,,2015-10-05,0,,,,,,0
2440,8130002004557,11,1,2026-10-07,2017-01-04,"岩崎産業株式会社",,301,"京都府","京都市左京区","北白川東瀬ノ内町４３番地",,26,103,6068254,,,,,,,2015-10-05,1,,,,,"イワサキサンギョウ",0
2441,8130002030033,12,0,2026-10-07,2026-10-05,"有限会社アドバンスリーフ",,302,"大阪府","枚方市","招提平野町５番１１号一の谷別館１０２号室",,27,210,5731135,,,,,,,2015-10-05,1,,,,,"アドバンスリーフ",0
2442,8130003005760,12,0,2026-10-07,2026-09-18,"合同会社オキシオ",,305,"京都府","京都市下京区","大堀町４７７番地ＫＴビル５階",,26,106,6008419,,,,,,,2018-12-03,0,,,,,"オキシオ",0
2443,8130003005760,11,0,2026-10-07,2026-09-18,"合同会社パープルストーン",,305,"京都府","京都市下京区","大堀町４７７番地ＫＴビル５階",,26,106,6008419,,,,,,,2018-12-03,1,,,,,"パープルストーン",0
2444,8140001025644,01,1,2026-10-07,2015-10-05,"株式会社アネックス",,301,"兵庫県","神戸市中央区","多聞通１丁目３番１９号",,28,110,6500015,,,,,,,2015-10-05,0,,,,,"アネックス",0
2445,8140001025644,12,1,2026-10-07,2026-10-01,"株式会社アネックス",,301,"兵庫県","神戸市中央区","多聞通２丁目６番６号",,28,110,6500015,,,,,,,2015-10-05,1,,,,,"アネックス",0
2446,8140001138066,12,0,2026-10-07,2026-09-30,"株式会社彌榮",,301,"兵庫県","神戸市北区","西大池２丁目８－５８",,28,109,6511201,,,,,,,2025-04-09,1,,,,,"イヤサカ",0
2447,8140001144188,01,0,2026-10-07,2026-10-07,"株式会社Ｇｏｉｎｇ",,301,"兵庫県","西宮市","津門綾羽町３番５号",,28,204,6638244,,,,,,,2026-10-07,1,,,,,"ゴーイング",0
2448,8140001144205,01,0,2026-10-07,2026-10-07,"あかし街かど不動産株式会社",,301,"兵庫県","明石市","西明石南町２丁目２０番１２－１アルクグレイス１０２号室",,28,203,6730041,,,,,,,2026-10-07,1,,,,,"アカシマチカドフドウサン",0
2449,8140001144246,01,0,2026-10-07,2026-10-07,"株式会社さくら咲く",,301,"兵庫県","宝塚市","星の荘１８番１４号",,28,214,6650866,,,,,,,2026-10-07,1,,,,,"サクラサク",0
2450,8140002008986,12,0,2026-10-07,2026-10-05,"有限会社ナチュレひなた",,302,"兵庫県","神戸市兵庫区","菊水町６丁目２の３",,28,105,6520058,,,,,,,2015-10-05,1,,,,,,0
2451,8140002030346,01,1,2026-10-07,2015-10-05,"有限会社なかむら企画",,302,"兵庫県","明石市","二見町西二見９４７番地",,28,203,6740094,,,,,,,2015-10-05,1,,,,,"ナカムラキカク",0
2452,8140003024157,01,0,2026-10-07,2026-10-07,"合同会社Ｓｔｕｄｉｏ５９",,305,"兵庫県","芦屋市","呉川町１７番６号－０１",,28,206,6590051,,,,,,,2026-10-07,1,,,,,"スタジオゴーキュー",0
2453,8140003024181,01,0,2026-10-07,2026-10-07,"合同会社仁を尽くす",,305,"兵庫県","加古川市","加古川町美乃利４３５－１",,28,210,6750062,,,,,,,2026-10-07,1,,,,,"ジンヲツクス",0
2454,8140005013364,21,0,2026-10-07,2026-10-01,"医療法人社団つきたに医院",,399,"兵庫県","姫路市","久保町１２３番地",,28,201,6700916,,,2026-10-01,01,,,2015-10-05,1,,,,,"ツキタニイイン",0
2455,8150001029280,01,0,2026-10-07,2026-10-07,"株式会社Ｇａｒａｇｅ・Ａｒｇｏｎ",,301,"奈良県","五條市","野原西２丁目１４番２３号",,29,207,6370036,,,,,,,2026-10-07,1,,,,,"ガレージアルゴン",0
2456,8160001000298,01,1,2026-10-07,2015-10-05,"株式会社大森",,301,"滋賀県","大津市","際川３丁目３６番３号",,25,201,5200002,,,,,,,2015-10-05,0,,,,,,0
2457,8160001000298,12,1,2026-10-07,2020-03-30,"株式会社大森",,301,"滋賀県","大津市","真野大野１丁目１９番４号",,25,201,5200235,,,,,,,2015-10-05,1,,,,,,0
2458,8160001022111,12,0,2026-10-07,2026-10-02,"株式会社ハイベックス",,301,"東京都","渋谷区","神宮前２丁目３０番２８－１０２号",,13,113,1500001,,,,,,,2019-12-03,1,,,,,"ハイベックス",0
2459,8160001025460,21,0,2026-10-07,2026-10-01,"株式会社アスレチックリサーチ",,301,"滋賀県","彦根市","西今町２６９番地１",,25,202,5220054,,,2026-10-01,11,8160002008935,"令和８年１０月１日滋賀県彦根市西今町２６９番地１株式会社ラック（8160002008935）に合併し解散",2023-11-02,1,,,,,"アスレチックリサーチ",0
2460,8160002008935,71,0,2026-10-07,2026-10-01,"株式会社ラック",,301,"滋賀県","彦根市","西今町２６９番地１",,25,202,5220054,,,,,,"令和８年１０月１日滋賀県彦根市西今町２６９番地１株式会社アスレチックリサーチ（8160001025460）を合併",2015-10-05,1,,,,,"ラック",0
2461,8170001008860,12,0,2026-10-07,2026-09-30,"株式会社濱田",,301,"和歌山県","田辺市","上芳養５５２７番地の１",,30,206,6460101,,,,,,,2015-10-05,1,,,,,"ハマダ",0
2462,8170001019271,01,0,2026-10-07,2026-10-07,"株式会社山田設備",,301,"和歌山県","和歌山市","平井１０５番地１",,30,201,6408442,,,,,,,2026-10-07,1,,,,,"ヤマダセツビ",0
2463,8170001019288,01,0,2026-10-07,2026-10-07,"株式会社中尾工務店",,301,"和歌山県","和歌山市","山口西３５３番地１",,30,201,6496317,,,,,,,2026-10-07,1,,,,,"ナカオコウムテン",0
2464,8170002011582,21,0,2026-10-07,2026-10-01,"有限会社ムロ水産",,302,"和歌山県","東牟婁郡那智勝浦町","大字天満４４２番地３３",,30,421,6495331,,,2026-10-01,01,,,2015-10-05,1,,,,,"ムロスイサン",0
2465,8170003002507,01,0,2026-10-07,2026-10-07,"合同会社からふるらいふ",,305,"和歌山県","日高郡日高町","大字志賀２０３－３",,30,382,6491221,,,,,,,2026-10-07,1,,,,,"カラフルライフ",0
2466,8180001113602,11,0,2026-10-07,2026-10-01,"株式会社ＰＧホールディングス",,301,"静岡県","静岡市駿河区","中田２丁目１番６号石田街道ビル６０３",,22,102,4228041,,,,,,,2015-10-05,1,,,,,"ピージーホールディングス",0
2467,8180001118246,01,1,2026-10-07,2015-10-05,"株式会社ライズ",,301,"愛知県","日進市","梅森台２丁目２０番地",,23,230,4700133,,,,,,,2015-10-05,1,,,,,"ライズ",0
2468,8180001124228,01,1,2026-10-07,2016-07-28,"株式会社土屋空調システム",,301,"愛知県","江南市","宮後町王塚２０８番地",,23,217,4838044,,,,,,,2016-07-28,1,,,,,"ツチヤクウチョウシステム",0
2469,8180001158325,12,0,2026-10-07,2026-10-01,"株式会社Ｍａｈａｌ",,301,"愛知県","豊田市","柿本町６丁目４９番地４",,23,211,4710855,,,,,,,2023-10-05,1,,,,,"マハル",0
2470,8180001173729,01,0,2026-10-07,2026-10-07,"株式会社ＡＸＩＯ",,301,"愛知県","名古屋市熱田区","野立町３丁目１３番地Ａｍｐｉｏ日比野弐番館１０２号",,23,109,4560066,,,,,,,2026-10-07,1,,,,,"アクシオ",0
2471,8180001173745,01,0,2026-10-07,2026-10-07,"エムフロア株式会社",,301,"愛知県","名古屋市中村区","千成通６丁目１０番地ヒサゴハイツＩＩ１０１号",00145178,23,105,4530818,,,,,,,2026-10-07,1,,,,,"エムフロア",0
2472,8180001173803,01,0,2026-10-07,2026-10-07,"ＩＫＥＩ　ＣＡＰＩＴＡＬ　ＬＡＢ株式会社",,301,"愛知県","名古屋市名東区","社台３丁目２４５番地５",,23,115,4650092,,,,,,,2026-10-07,1,,,,,"イケイキャピタルラボ",0
2473,8180001173836,01,0,2026-10-07,2026-10-07,"株式会社ＫＵＲＯＭＹ",,301,"愛知県","瀬戸市","幸町３３番地アピタ瀬戸店２Ｆデューポイントアピタ瀬戸店",,23,204,4890818,,,,,,,2026-10-07,1,,,,,"クロミー",0
2474,8180002064638,12,0,2026-10-07,2026-10-02,"株式会社ジェー・シー工業",,301,"静岡県","浜松市中央区","高丘東４丁目１番３号",,22,138,4338117,,,,,,,2015-10-05,1,,,,,"ジェーシーコウギョウ",0
2475,8180002070909,01,1,2026-10-07,2015-10-05,"有限会社東野造園",,302,"愛知県","春日井市","東野町西３丁目１７番地５",,23,206,4860818,,,,,,,2015-10-05,1,,,,,"ヒガシノゾウエン",0
2476,8180003030795,01,0,2026-10-07,2026-10-07,"合同会社紬",,305,"愛知県","大府市","横根町狐山１４１－２",,23,223,4740011,,,,,,,2026-10-07,1,,,,,"ツムギ",0
2477,8180005021693,01,0,2026-10-07,2026-10-07,"一般社団法人愛知県介護支援専門員協会",,399,"愛知県","名古屋市西区","城西４丁目２２番２号",,23,104,4510031,,,,,,,2026-10-07,1,,,,,"アイチケンカイゴシエンセンモンインキョウカイ",0
2478,8180301037113,12,0,2026-10-07,2026-09-24,"株式会社大内保温",,301,"愛知県","豊田市","上挙母３丁目１番地",,23,211,4710866,,,,,,,2023-02-21,1,,,,,"オオウチホオン",0
2479,8180301041404,01,0,2026-10-07,2026-10-07,"株式会社リガーレプラン",,301,"愛知県","西尾市","一色町生田西高前２１番地",,23,213,4440412,,,,,,,2026-10-07,1,,,,,"リガーレプラン",0
2480,8190001001491,21,0,2026-10-07,2026-10-01,"今村酒造株式会社",,301,"三重県","津市","香良洲町２６３番地",,24,201,5140315,,,2026-10-01,11,3190001010555,"令和８年１０月１日三重県松阪市鎌田町２５３番地５松阪興産株式会社（3190001010555）に合併し解散",2015-10-05,1,,,,,"イマムラシュゾウ",0
2481,8190003005565,01,0,2026-10-07,2026-10-07,"合同会社中村商店",,305,"三重県","多気郡大台町","上三瀬４３４番地２",,24,443,5192403,,,,,,,2026-10-07,1,,,,,"ナカムラショウテン",0
2482,8190003005573,01,0,2026-10-07,2026-10-07,"合同会社ｅｃｒｕ",,305,"三重県","伊勢市","小俣町湯田９３６番地３",,24,203,5190506,,,,,,,2026-10-07,1,,,,,"エクリュ",0
2483,8200003007477,01,0,2026-10-07,2026-10-07,"Ｃｈｉｖａｌｒｙ　Ａｒｔｓ合同会社",,305,"岐阜県","美濃市","５０番地１３",,21,207,5013701,,,,,,,2026-10-07,1,,,,,"シヴァルリーアーツ",0
2484,8200003007485,01,0,2026-10-07,2026-10-07,"合同会社ＹＫアセットマネジメント",,305,"岐阜県","岐阜市","金町６丁目２１岐阜ステーションビル３０４",,21,201,5008842,,,,,,,2026-10-07,1,,,,,"ワイケーアセットマネジメント",0
2485,8210001002025,21,0,2026-10-07,2026-09-30,"高橋商事株式会社",,301,"福井県","福井市","中央２丁目３番８号",,18,201,9100006,,,2026-09-30,01,,,2015-10-05,1,,,,,"タカハシショウジ",0
2486,8210001008625,01,1,2026-10-07,2015-10-05,"株式会社イチフク",,301,"福井県","福井市","飯塚町第３１号１２８番地",,18,201,9188067,,,,,,,2015-10-05,1,,,,,"イチフク",0
2487,8210001020753,01,0,2026-10-07,2026-10-07,"株式会社ホットスタッフ福井",,301,"福井県","福井市","灯明寺１丁目２８０１番地１",,18,201,9100063,,,,,,,2026-10-07,1,,,,,"ホットスタッフフクイ",0
2488,8210002000696,12,0,2026-10-07,2026-09-29,"有限会社エム・ユー企画",,302,"福井県","福井市","大町１丁目３１４番地１",,18,201,9188116,,,,,,,2015-10-05,1,,,,,,0
2489,8220001015315,01,1,2026-10-07,2015-10-05,"共栄運輸株式会社",,301,"石川県","七尾市","万行町参部５８番地１",,17,202,9260012,,,,,,,2015-10-05,0,,,,,"キョウエイウンユ",0
2490,8220001015315,12,1,2026-10-07,2021-03-18,"共栄運輸株式会社",,301,"石川県","七尾市","万行１丁目１１２番地",,17,202,9260017,,,,,,,2015-10-05,1,,,,,"キョウエイウンユ",0
2491,8220003003656,21,0,2026-10-07,2026-10-05,"合同会社金花",,305,"石川県","能美市","佐野町イ１３４番地",,17,211,9231112,,,2026-10-05,01,,,2024-01-15,1,,,,,"キンカ",0
2492,8230001009076,01,1,2026-10-07,2015-10-05,"株式会社島津",,301,"富山県","小矢部市","中央町４番１５号",,16,209,9320045,,,,,,,2015-10-05,1,,,,,"シマヅ",0
2493,8230001014943,01,1,2026-10-07,2015-10-05,"株式会社タケムラ",,301,"富山県","富山市","明輪町１番１０８－７０１号アパガーデンコート富山",,16,201,9300001,,,,,,,2015-10-05,1,,,,,"タケムラ",0
2494,8230002003474,11,0,2026-10-07,2026-10-01,"株式会社三笠",,301,"富山県","富山市","大泉中町１番８号",,16,201,9398095,,,,,,,2015-10-05,1,,,,,"ミカサ",0
2495,8230005004395,01,1,2026-10-07,2015-10-05,"富山県呉東地区水産加工業協同組合",,399,"富山県","滑川市","北町１２５３番地",,16,206,9360038,,,,,,,2015-10-05,1,,,,,"トヤマケンゴトウチクスイサンカコウギョウ",0
2496,8240001062727,12,0,2026-10-07,2026-09-28,"株式会社チロル",,301,"広島県","安芸郡府中町","大通２丁目１番１－８０２号",,34,302,7350022,,,,,,,2024-01-30,0,,,,,"チロル",0
2497,8240001062727,11,0,2026-10-07,2026-09-28,"株式会社リアクト",,301,"広島県","安芸郡府中町","大通２丁目１番１－８０２号",,34,302,7350022,,,,,,,2024-01-30,1,,,,,"リアクトリ",0
2498,8240001067115,01,0,2026-10-07,2026-10-07,"ＭＭＲＴ株式会社",,301,"広島県","竹原市","下野町３２４６番地３",,34,203,7250012,,,,,,,2026-10-07,1,,,,,"エムエムアールティー",0
2499,8240002009537,01,1,2026-10-07,2015-10-05,"有限会社タイヤプラザ",,302,"広島県","広島市安佐南区","安東１丁目４番８号",,34,105,7310153,,,,,,,2015-10-05,1,,,,,"タイヤプラザ",0
2500,8250001005560,12,0,2026-10-07,2026-10-02,"株式会社シンケンホーム",,301,"山口県","下関市","長府扇町４番２９号",,35,201,7520927,,,,,,,2015-10-05,1,,,,,"シンケンホーム",0
2501,8250001008761,01,1,2026-10-07,2015-10-05,"共和産業株式会社",,301,"山口県","周南市","若宮町２丁目４８番地",,35,215,7450016,,,,,,,2015-10-05,1,,,,,"キョウワサンギョウ",0
2502,8250001020337,11,0,2026-10-07,2026-10-02,"アスレプロダクツ株式会社",,301,"山口県","周南市","大字須々万本郷１７０３番地の７",,35,215,7450122,,,,,,,2023-10-12,1,,,,,"アスレプロダクツ",0
2503,8250001020989,12,0,2026-10-07,2026-10-02,"アセンブル株式会社",,301,"山口県","山口市","幸町３番５０号シャン・ド・フレーズ１０１",,35,203,7530826,,,,,,,2025-01-31,1,,,,,"アセンブル",0
2504,8250001021871,01,0,2026-10-07,2026-10-07,"ハンドフル株式会社",,301,"山口県","周南市","宮の前２丁目２番２１号",,35,215,7460017,,,,,,,2026-10-07,1,,,,,"ハンドフル",0
2505,8250002010411,01,1,2026-10-07,2015-10-05,"有限会社ネットワーク",,302,"山口県","下関市","阿弥陀寺町７番１５－１３０３号",,35,201,7500003,,,,,,,2015-10-05,0,,,,,"ネットワーク",0
2506,8250002010411,12,1,2026-10-07,2017-07-07,"有限会社ネットワーク",,302,"山口県","下関市","壇之浦町４番２０－１１０１号",,35,201,7510814,,,,,,,2015-10-05,0,,,,,"ネットワーク",0
2507,8250002010411,12,0,2026-10-07,2026-10-05,"有限会社ネットワーク",,302,"福岡県","久留米市","花畑１丁目６番地７",,40,203,8300039,,,,,,,2015-10-05,1,,,,,"ネットワーク",0
2508,8250005005524,01,1,2026-10-07,2015-10-05,"医療法人ふるたに消化器内科",,399,"山口県","周南市","楠木１丁目９番５号",,35,215,7450831,,,,,,,2015-10-05,1,,,,,,0
2509,8260002029161,21,0,2026-10-07,2026-10-02,"有限会社番祥自動車",,302,"岡山県","津山市","下高倉西４８６番地の２",,33,203,7081123,,,2026-10-02,11,1260001002646,"令和８年１０月１日岡山市中区高屋６１番地株式会社ＭＧＨ（1260001002646）に合併し解散",2015-10-05,1,,,,,"バンショウジドウシャ",0
2510,8270002010780,01,1,2026-10-07,2015-10-05,"有限会社三朝ビルクリーニング",,302,"鳥取県","東伯郡三朝町","大字大瀬１０９３番地５",,31,364,6820121,,,,,,,2015-10-05,1,,,,,"ミササビルクリーニング",0
2511,8290001005656,21,0,2026-10-07,2026-10-01,"福銀事務サービス株式会社",,301,"福岡県","福岡市早良区","百道浜１丁目７番７号",,40,137,8140001,,,2026-10-01,11,8290001074924,"令和８年１０月１日福岡市南区高宮五丁目２番５号ＦＦＧビジネスサービス株式会社（8290001074924）に合併し解散",2015-10-05,1,,,,,"フクギンジムサービス",0
2512,8290001074924,71,0,2026-10-07,2026-10-01,"ＦＦＧビジネスサービス株式会社",,301,"福岡県","福岡市南区","高宮５丁目２番５号",,40,134,8150083,,,,,,"令和８年１０月１日福岡市早良区百道浜一丁目７番７号福銀事務サービス株式会社（8290001005656）を合併",2016-08-18,1,,,,,"エフエフジービジネスサービス",0
2513,8290001102916,11,0,2026-10-07,2026-09-30,"ＵＤトラックス茨城株式会社",,301,"福岡県","福岡市東区","多の津１丁目３９番地４",,40,131,8130034,,,,,,,2023-09-05,1,,,,,"ユーディートラックスイバラキ",0
2514,8290001112254,01,1,2026-10-07,2025-11-26,"株式会社明昇開発",,301,"福岡県","福岡市中央区","地行浜２丁目２番３号４階",,40,133,8100065,,,,,,,2025-11-26,0,,,,,"メイショウカイハツ",0
2515,8290001112254,12,1,2026-10-07,2026-08-18,"株式会社明昇開発",,301,"福岡県","福岡市博多区","山王１丁目１番３２－６０１号",,40,132,8120015,,,,,,,2025-11-26,1,,,,,"メイショウカイハツ",0
2516,8290001115686,01,0,2026-10-07,2026-10-07,"株式会社ピークスラボ",,301,"福岡県","福岡市南区","大楠３丁目２１番５号高宮東ビル２Ｆ",,40,134,8150082,,,,,,,2026-10-07,1,,,,,"ピークスラボ",0
2517,8290001115703,01,0,2026-10-07,2026-10-07,"株式会社フェザー",,301,"福岡県","福岡市博多区","東平尾１丁目１４番２０号",,40,132,8120853,,,,,,,2026-10-07,1,,,,,"フェザー",0
2518,8290801032858,01,0,2026-10-07,2026-10-07,"株式会社山一技建",,301,"福岡県","北九州市小倉北区","上到津２丁目１番８－１１０２号",,40,106,8030845,,,,,,,2026-10-07,1,,,,,"ヤマイチギケン",0
2519,8290801032866,01,0,2026-10-07,2026-10-07,"株式会社トモエ",,301,"福岡県","遠賀郡岡垣町","中央台６丁目１番３号",,40,383,8114218,,,,,,,2026-10-07,1,,,,,"トモエ",0
2520,8310001005752,01,1,2026-10-07,2015-10-05,"東七開発株式会社",,301,"長崎県","佐世保市","比良町５番５号",,42,202,8570040,,,,,,,2015-10-05,0,,,,,"トウヒチカイハツ",0
2521,8310001005752,71,1,2026-10-07,2018-10-01,"東七開発株式会社",,301,"長崎県","佐世保市","比良町５番５号",,42,202,8570040,,,,,,"平成３０年１０月１日長崎県佐世保市瀬戸越二丁目１９番５号有限会社イースト・ホスピタリティー・パーソンズ（2310002009139）を合併",2015-10-05,0,,,,,"トウヒチカイハツ",0
2522,8310001005752,12,1,2026-10-07,2018-10-12,"東七開発株式会社",,301,"長崎県","佐世保市","瀬戸越２丁目１９番５号",,42,202,8570134,,,,,,,2015-10-05,0,,,,,"トウヒチカイハツ",0
2523,8310001005752,11,1,2026-10-07,2018-10-12,"株式会社ＥＨＰ",,301,"長崎県","佐世保市","瀬戸越２丁目１９番５号",,42,202,8570134,,,,,,,2015-10-05,0,,,,,"イエイチピー",0
2524,8310001005752,12,1,2026-10-07,2023-04-03,"株式会社ＥＨＰ",,301,"長崎県","佐世保市","瀬戸越２丁目２番１０号",,42,202,8570134,,,,,,,2015-10-05,1,,,,,"イエイチピー",0
2525,8320001005248,12,0,2026-10-07,2026-09-29,"株式会社ハローエージェンシー",,301,"大分県","大分市","下郡中央３丁目８番８号",,44,201,8700954,,,,,,,2015-10-05,1,,,,,"ハローエージェンシー",0
2526,8320001015247,12,0,2026-10-07,2026-10-01,"ＬＩＮＫｓＲＩＮＧ株式会社",,301,"大分県","大分市","徳島３丁目１番１１号",,44,201,8700109,,,,,,,2016-10-26,1,,,,,"リンクスリング",0
2527,8320003004371,12,0,2026-10-07,2026-09-29,"合同会社別府はなみずき",,305,"大分県","別府市","鶴見園町６番１号",,44,202,8740826,,,,,,,2024-05-17,0,,,,,"ベップハナミズキ",0
2528,8320003004371,11,0,2026-10-07,2026-09-29,"合同会社Ｌｕｃｋｙ　Ｇｌｏｂａｌ",,305,"大分県","別府市","鶴見園町６番１号",,44,202,8740826,,,,,,,2024-05-17,1,,,,,"ラッキーグローバル",0
2529,8330001019899,01,1,2026-10-07,2015-10-05,"株式会社ハート・ラボ・ジャパン",,301,"熊本県","熊本市南区","浜口町１９番地２",,43,104,8615262,,,,,,,2015-10-05,1,,,,,"ハートラボジャパン",0
2530,8330001022688,71,0,2026-10-07,2026-09-07,"株式会社新林",,301,"東京都","中央区","晴海５丁目４番１－７０８号室",,13,102,1040053,,,,,,"令和８年７月３１日東京都中央区晴海二丁目３番２－７０２号ベスティー株式会社（7010001222370）を合併",2016-04-13,1,,,,,"シンリン",0
2531,8330001034733,01,0,2026-10-07,2026-10-07,"Ｓｋｙｄｙｎａｍｉｃｓ株式会社",,301,"熊本県","玉名郡和水町","長小田３６０番地",,43,369,8650103,,,,,,,2026-10-07,1,,,,,"スカイダイナミクス",0
2532,8330005011126,01,0,2026-10-07,2026-10-07,"一般社団法人ｕｋｉｕｋｉとわ",,399,"熊本県","天草市","亀場町亀川１６６３番地１",,43,215,8630043,,,,,,,2026-10-07,1,,,,,"ウキウキトワ",0
2533,8350001008165,01,1,2026-10-07,2015-10-05,"株式会社成松",,301,"宮崎県","都城市","北原町１０街区１６号",,45,202,8850024,,,,,,,2015-10-05,1,,,,,"ナリマツ",0
2534,8350001019880,12,0,2026-10-07,2026-10-02,"ともしび農林株式会社",,301,"宮崎県","都城市","都北町５０６１番地１サンウィルコートＩＩＢ棟１０２",00145188,45,202,8850004,,,,,,,2026-01-19,1,,,,,"トモシビノウリン",0
2535,8350002010756,11,0,2026-10-07,2026-10-02,"株式会社とべしま丸水産",,301,"宮崎県","日向市","大字細島７０５番地１",,45,206,8830001,,,,,,,2015-10-05,1,,,,,"トベシママルスイサン",0
2536,8350003002835,21,0,2026-10-07,2026-09-29,"合同会社唐津バイオマス",,305,"宮崎県","都城市","山之口町富吉２５９２番地５",,45,202,8891801,,,2026-09-29,01,,,2017-01-25,1,,,,,"カラツバイオマス",0
2537,8350005005919,12,0,2026-10-07,2026-10-06,"一般社団法人ジャパンレッカー事業協力会",,399,"福岡県","北九州市八幡東区","大字前田２１３６番地１",,40,108,8050058,,,,,,,2020-04-16,1,,,,,"ジャパンレッカージギョウキョウリョクカイ",0
2538,8360001037304,01,0,2026-10-07,2026-10-07,"コーラル・チェリー株式会社",,301,"沖縄県","浦添市","字港川３２８番地",,47,208,9012134,,,,,,,2026-10-07,1,,,,,"コーラルチェリー",0
2539,8360003016215,01,0,2026-10-07,2026-10-07,"合同会社ｎｅａｔ‐ｉｄｅａ",,305,"沖縄県","中頭郡読谷村","字比謝３７８番地３ナシロアパートＪ－３",,47,324,9040311,,,,,,,2026-10-07,1,,,,,"ニートアイデア",0
2540,8370001041528,01,1,2026-10-07,2017-05-29,"株式会社ＴＲＢ東北",,301,"宮城県","仙台市青葉区","落合６丁目１３番地の１２",,04,101,9893126,,,,,,,2017-05-29,1,,,,,"ティーアールビートウホク",0
2541,8370001054273,01,0,2026-10-07,2026-10-07,"株式会社斎藤コロタイプ印刷",,301,"宮城県","仙台市青葉区","上愛子字松原１５番地の２",,04,101,9893124,,,,,,,2026-10-07,1,,,,,"サイトウコロタイプインサツ",0
2542,8370001054281,01,0,2026-10-07,2026-10-07,"株式会社Ｍ’ｓ　Ｉｎｔｅｇｒａｔｉｏｎ",,301,"宮城県","宮城郡七ヶ浜町","代ヶ崎浜字西３９番地",,04,404,9850801,,,,,,,2026-10-07,1,,,,,"エムズインテグレーション",0
2543,8370001054307,01,0,2026-10-07,2026-10-07,"株式会社東日本住設",,301,"宮城県","仙台市太白区","八木山弥生町６番１８号",,04,104,9820833,,,,,,,2026-10-07,1,,,,,"ヒガシニホンジュウセツ",0
2544,8370003007774,01,0,2026-10-07,2026-10-07,"合同会社花風",,305,"宮城県","仙台市太白区","西多賀１丁目１９番８号",,04,104,9820034,,,,,,,2026-10-07,1,,,,,"カフウ",0
2545,8380001004302,12,0,2026-10-07,2026-10-05,"株式会社寝具のさとう屋",,301,"福島県","福島市","蓬莱町１丁目４番４号",,07,201,9608157,,,,,,,2015-10-05,1,,,,,"シングノサトウヤ",0
2546,8380001021529,12,0,2026-10-07,2026-10-01,"株式会社Ｄｅｅｐ",,301,"福島県","福島市","陣場町８番３４号オオコウチビル５０３",,07,201,9608032,,,,,,,2015-10-05,1,,,,,"ディープ",0
2547,8380001032864,12,0,2026-10-07,2026-10-01,"株式会社Ａｏｋｉ．Ｆｉｓ",,301,"福島県","郡山市","字北畑３１番地の１４",,07,203,9638804,,,,,,,2022-06-07,1,,,,,"アオキエフアイエス",0
2548,8380002009564,12,0,2026-10-07,2026-10-01,"有限会社サンコーポレーション",,302,"福島県","郡山市","本町１丁目５番１０号カナヤマ第一ビル２階",,07,203,9638871,,,,,,,2015-10-05,1,,,,,"サンコーポレーション",0
2549,8400002000875,12,0,2026-10-07,2026-10-02,"有限会社カワショウ",,302,"宮城県","仙台市青葉区","南吉成６丁目３番地の１",,04,101,9893204,,,,,,,2015-10-05,1,,,,,"カワショウ",0
2550,8410001014603,01,0,2026-10-07,2026-10-07,"株式会社ＳＴＥＣＣＯ",,301,"秋田県","横手市","睦成字西久保目７番地１",,05,203,0130008,,,,,,,2026-10-07,1,,,,,"ステッコ",0
2551,8410002002838,01,0,2026-10-07,2026-10-07,"有限会社中川原精肉店",,302,"秋田県","秋田市","河辺大張野字道ノ下１５４番地",,05,201,0192632,,,,,,,2026-10-07,1,,,,,"ナカガワラセイニクテン",0
2552,8420003003363,01,0,2026-10-07,2026-10-07,"合同会社イーストウインド",,305,"青森県","上北郡東北町","字高森２８番地２",,02,408,0392605,,,,,,,2026-10-07,1,,,,,"イーストウインド",0
2553,8430001020491,01,1,2026-10-07,2015-10-05,"株式会社札幌緑興",,301,"北海道","札幌市厚別区","厚別東二条３丁目１番５号",,01,108,0040002,,,,,,,2015-10-05,1,,,,,"サッポロリョクコウ",0
2554,8430001046751,21,0,2026-10-07,2026-10-01,"株式会社猪爪建設",,301,"北海道","美唄市","東一条北５丁目１番４号",,01,215,0720002,,,2026-10-01,01,,,2015-10-05,1,,,,,"イノヅメケンセツ",0
2555,8430001058887,21,0,2026-10-07,2026-10-01,"株式会社船泊流通",,301,"北海道","札幌市北区","新川一条２丁目８番２５号",,01,102,0010921,,,2026-10-01,01,,,2015-10-05,1,,,,,"センパクリュウツウ",0
2556,8430001068424,12,0,2026-10-07,2026-10-01,"株式会社光輝建設",,301,"北海道","札幌市中央区","南二十九条西１１丁目４番１０号",,01,101,0640929,,,,,,,2015-10-05,1,,,,,"コウキケンセツ",0
2557,8430001073614,01,1,2026-10-07,2017-03-28,"株式会社サーベイボーリング・ミズノ",,301,"北海道","夕張郡長沼町","しらかば１丁目３番１６号",,01,428,0691345,,,,,,,2017-03-28,1,,,,,"サーベイボーリングミズノ",0
2558,8430001097811,01,0,2026-10-07,2026-10-07,"株式会社ＶＥＬＮＩＡ",,301,"北海道","札幌市北区","南あいの里７丁目３番１０号",,01,102,0028091,,,,,,,2026-10-07,1,,,,,"ヴェルニア",0
2559,8430001097844,01,0,2026-10-07,2026-10-07,"マクガフィンデザイン株式会社",,301,"北海道","札幌市中央区","南十三条西２２丁目１番３８‐５０９号",,01,101,0640913,,,,,,,2026-10-07,1,,,,,"マクガフィンデザイン",0
2560,8430002047369,01,1,2026-10-07,2015-10-05,"有限会社おしやれの館",,302,"北海道","千歳市","白樺５丁目３番地の１０",,01,224,0660056,,,,,,,2015-10-05,1,,,,,"オシャレノヤカタ",0
2561,8430003015135,12,0,2026-10-07,2026-10-01,"株式会社ブロードヒル",,301,"東京都","港区","南青山３丁目１番３６号青山丸竹ビル６Ｆ",,13,103,1070062,,,,,,,2023-06-05,1,,,,,"ブロードヒル",0
2562,8460103001841,01,0,2026-10-07,2026-10-07,"合同会社トラディス",,305,"北海道","帯広市","東十二条南３丁目３番地７０",,01,207,0800812,,,,,,,2026-10-07,1,,,,,"トラディス",0
2563,8460302004001,01,1,2026-10-07,2015-10-05,"有限会社林牧場",,302,"北海道","紋別郡遠軽町","若咲内１３１番地",,01,555,0990346,,,,,,,2015-10-05,1,,,,,"ハヤシボクジョウ",0
2564,8470001021453,01,0,2026-10-07,2026-10-07,"株式会社四国エナテック",,301,"香川県","善通寺市","上吉田町３７番地２",,37,204,7650012,,,,,,,2026-10-07,1,,,,,"シコクエナテック",0
2565,8480001003599,71,0,2026-10-07,2026-10-01,"株式会社徳島派遣センター",,301,"徳島県","徳島市","山城西３丁目２５番地",,36,201,7708054,,,,,,"令和８年１０月１日徳島県徳島市山城西三丁目２５番地株式会社転職まがじん（4480002002868）を合併",2015-10-05,1,,,,,"トクシマハケンセンター",0
2566,8480001004168,12,0,2026-10-07,2026-10-01,"株式会社ＴＫＣ",,301,"徳島県","徳島市","南昭和町１丁目１番地の７",,36,201,7700944,,,,,,,2015-10-05,1,,,,,"ティーケーシー",0
2567,8480003002483,01,0,2026-10-07,2026-10-07,"合同会社ハムーンサルト",,305,"徳島県","板野郡松茂町","広島字北川向壱ノ越２６番地３",,36,401,7710220,,,,,,,2026-10-07,1,,,,,,0
2568,8490001008663,01,1,2026-10-07,2017-05-08,"ユウアンドアイ株式会社",,301,"高知県","高知市","桟橋通３丁目１４番１１号田中ビル２階",,39,201,7818010,,,,,,,2017-05-08,1,,,,,"ユウアンドアイ",0
2569,8490002000025,01,1,2026-10-07,2015-10-05,"有限会社川上食品",,302,"高知県","高知市","南久保１５番３８号",,39,201,7810087,,,,,,,2015-10-05,1,,,,,"カワカミショクヒン",0
2570,8490002008290,01,1,2026-10-07,2015-10-05,"有限会社刈谷土木",,302,"高知県","四万十市","津蔵渕６４０番地４",,39,210,7870161,,,,,,,2015-10-05,1,,,,,"カリヤドボク",0
2571,8500001027166,01,0,2026-10-07,2026-10-07,"株式会社マイシークラフト",,301,"愛媛県","今治市","南鳥生町４丁目２番１１号",,38,202,7940802,,,,,,,2026-10-07,1,,,,,"マイシークラフト",0
2572,9010001010906,12,0,2026-10-07,2026-09-16,"株式会社イシガミ",,301,"東京都","千代田区","神田須田町２丁目６番地１坂下ビル２１９号室",,13,101,1010041,,,,,,,2015-10-05,1,,,,,"イシガミ",0
2573,9010001068903,12,0,2026-10-07,2026-09-07,"株式会社バールアンドリーブル",,301,"東京都","港区","東新橋１丁目１０番１－１５１３号",,13,103,1050021,,,,,,,2015-10-05,1,,,,,"バールアンドリーブル",0
2574,9010001133681,01,1,2026-10-07,2015-10-05,"株式会社フロンティアコンサルティング",,301,"東京都","中央区","日本橋本町３丁目３番６号",,13,102,1030023,,,,,,,2015-10-05,0,,,,,"フロンティアコンサルティング",0
2575,9010001133681,12,1,2026-10-07,2022-01-06,"株式会社フロンティアコンサルティング",,301,"東京都","千代田区","大手町１丁目６番１号大手町ビル１階",,13,101,1000004,,,,,,,2015-10-05,1,,,,,"フロンティアコンサルティング",0
2576,9010001169528,01,1,2026-10-07,2015-10-05,"株式会社Ｒｅａｌｅｒ",,301,"東京都","中央区","明石町６番１３号",,13,102,1040044,,,,,,,2015-10-05,1,,,,,"リアラー",0
2577,9010001171293,21,0,2026-10-07,2026-10-01,"株式会社未来塾",,301,"東京都","豊島区","東池袋５丁目４０番６号",,13,116,1700013,,,2026-10-01,01,,,2015-10-27,1,,,,,"ミライジュク",0
2578,9010001176846,01,1,2026-10-07,2016-07-11,"サンセイ建匠株式会社",,301,"東京都","中央区","勝どき６丁目３番２号",,13,102,1040054,,,,,,,2016-07-11,0,,,,,"サンセイケンショウ",0
2579,9010001176846,12,1,2026-10-07,2018-01-16,"サンセイ建匠株式会社",,301,"東京都","中央区","勝どき１丁目３番１－３８０３号",,13,102,1040054,,,,,,,2016-07-11,1,,,,,"サンセイケンショウ",0
2580,9010001224398,12,0,2026-10-07,2026-09-08,"株式会社ＣＳ　Ｔｅｃｈｎｏｌｏｇｉｅｓ",,301,"東京都","中央区","八丁堀４丁目４番４号ＢｉｚＦｅｅｌＫｙｏｂａｓｈｉＥａｓｔ５Ｆ",,13,102,1040032,,,,,,,2022-02-07,1,,,,,"シーエステクノロジーズ",0
2581,9010001241047,21,0,2026-10-07,2026-09-08,"Ｇｃｏｒｅ　Ｊａｐａｎ株式会社",,301,"東京都","中央区","新富１丁目１５番３号新富ミハマビル４階ジパング",,13,102,1040041,,,2026-09-08,01,,,2023-12-21,1,,,,,"ジーコアジャパン",0
2582,9010001258586,12,0,2026-10-07,2026-10-01,"サードプレイス株式会社",,301,"千葉県","船橋市","習志野２丁目８番３３－６号",,12,204,2740071,,,,,,,2025-09-24,1,,,,,"サードプレイス",0
2583,9010001259519,01,1,2026-10-07,2025-10-21,"Ｒｉｎｏｖａ　Ｅｎｅｒｇｙ株式会社",,301,"東京都","千代田区","大手町１丁目６－１大手町ビルＳｐａｃｅｓ大手町",,13,101,1000004,,,,,,,2025-10-21,0,,,,,"リノバエナジー",0
2584,9010001259519,12,0,2026-10-07,2026-10-05,"Ｒｉｎｏｖａ　Ｅｎｅｒｇｙ株式会社",,301,"東京都","港区","西新橋１丁目１５番９号",,13,103,1050003,,,,,,,2025-10-21,1,,,,,"リノバエナジー",0
2585,9010001269344,01,0,2026-10-07,2026-10-07,"ＦＵＳＯ　ＷＥＬＬＳ株式会社",,301,"東京都","中央区","日本橋室町２丁目３番１号",,13,102,1030022,,,,,,,2026-10-07,1,,,,,"フソウウェルズ",0
2586,9010001269352,01,0,2026-10-07,2026-10-07,"クレビア株式会社",,301,"東京都","中央区","銀座１丁目１２－４Ｎ＆ＥＢＬＤ．７階",,13,102,1040061,,,,,,,2026-10-07,1,,,,,"クレビア",0
2587,9010001269468,01,0,2026-10-07,2026-10-07,"株式会社ＦＬＩＰ第３９５号",,301,"東京都","千代田区","丸の内２丁目７番２号",,13,101,1000005,,,,,,,2026-10-07,1,,,,,"エフエルアイピーダイサンビャクキュウジュウゴゴウ",0
2588,9010001269476,01,0,2026-10-07,2026-10-07,"株式会社ＦＬＩＰ第４０３号",,301,"東京都","千代田区","丸の内２丁目７番２号",,13,101,1000005,,,,,,,2026-10-07,1,,,,,"エフエルアイピーダイヨンヒャクサンゴウ",0
2589,9010001269484,01,0,2026-10-07,2026-10-07,"株式会社ＦＬＩＰ第４１１号",,301,"東京都","千代田区","丸の内２丁目７番２号",,13,101,1000005,,,,,,,2026-10-07,1,,,,,"エフエルアイピーダイヨンヒャクジュウイチゴウ",0
2590,9010001269492,01,0,2026-10-07,2026-10-07,"株式会社ＦＬＩＰ第４１９号",,301,"東京都","千代田区","丸の内２丁目７番２号",,13,101,1000005,,,,,,,2026-10-07,1,,,,,"エフエルアイピーダイヨンヒャクジュウキュウゴウ",0
2591,9010001269501,01,0,2026-10-07,2026-10-07,"株式会社ＳＨＩＰ第１０６０号",,301,"東京都","千代田区","丸の内２丁目７番２号",,13,101,1000005,,,,,,,2026-10-07,1,,,,,"エスエイチアイピーダイセンロクジュウゴウ",0
2592,9010002013081,21,0,2026-10-07,2026-09-09,"中原有限会社",,302,"東京都","千代田区","九段北２丁目３番３２号",,13,101,1020073,,,2026-09-09,01,,,2015-10-05,1,,,,,"ナカハラ",0
2593,9010003039489,12,0,2026-10-07,2026-10-02,"真名子ソーラー発電合同会社",,305,"東京都","港区","西新橋３丁目１６番１１号愛宕イーストビル３Ｆ",,13,103,1050003,,,,,,,2023-01-12,1,,,,,"マナゴソーラーハツデン",0
2594,9010003048102,12,0,2026-10-07,2026-09-30,"合同会社Ｃｅｒａ",,305,"千葉県","市川市","八幡３丁目９番４－４０２号",,12,203,2720021,,,,,,,2025-07-24,1,,,,,"ケーラ",0
2595,9010005037359,21,0,2026-10-07,2026-09-03,"税理士法人Ａｇｕａ",,399,"東京都","文京区","本郷４丁目１６番６号",,13,105,1130033,,,2026-09-03,01,,,2023-10-12,1,,,,,"アグア",0
2596,9010101015103,12,0,2026-10-07,2026-10-05,"株式会社エニカク",,301,"東京都","八王子市","大塚６２２－２１ラ・グレーイノウエＡ号室",,13,201,1920352,,,,,,,2022-03-15,1,,,,,"エニカク",0
2597,9010401123027,12,0,2026-10-07,2026-09-07,"相馬エネルギーサポート株式会社",,301,"東京都","港区","赤坂２丁目１７番２２号赤坂トラストタワー",,13,103,1070052,,,,,,,2016-02-09,1,,,,,"ソウマエネルギーサポート",0
2598,9010401126434,12,0,2026-10-07,2026-10-05,"合同会社ＡＭＮサポート",,305,"東京都","新宿区","若葉２丁目１２番地５チャームスイート四谷２０３号室",,13,104,1600011,,,,,,,2016-08-10,1,,,,,"エーエムエヌサポート",0
2599,9010401155540,12,0,2026-10-07,2026-10-05,"株式会社つむり",,301,"東京都","台東区","上野１丁目１７番６号広小路ビル８Ｆ－Ｂ",,13,106,1100005,,,,,,,2020-10-05,1,,,,,"ツムリ",0
2600,9010401178847,12,0,2026-10-07,2026-10-02,"株式会社ＫＳＰコンサルティング",,301,"東京都","文京区","千石３丁目１９番２２号",,13,105,1120011,,,,,,,2023-12-04,1,,,,,"ケイエスピーコンサルティング",0
2601,9010401185042,12,0,2026-10-07,2026-10-05,"株式会社パッシオ",,301,"東京都","新宿区","西新宿３丁目３番１３号西新宿水間ビル２Ｆ",,13,104,1600023,,,,,,,2024-09-12,1,,,,,"パッシオ",0
2602,9010401189852,12,0,2026-10-07,2026-10-02,"株式会社ＳＬＥＥＫ",,301,"東京都","世田谷区","北沢２丁目１０番１５－７０３号",,13,112,1550031,,,,,,,2025-04-28,1,,,,,"スリーク",0
2603,9010401202516,01,0,2026-10-07,2026-10-07,"株式会社ＡＬＤＩＯＮ",,301,"東京都","港区","虎ノ門１丁目１６番６号ＲＡＰＯ－ＴＯビルＵＣＦ７０３",,13,103,1050001,,,,,,,2026-10-07,1,,,,,"アルディオン",0
2604,9010401202573,01,0,2026-10-07,2026-10-07,"アルピノード株式会社",,301,"東京都","港区","六本木６丁目１０番１号",,13,103,1060032,,,,,,,2026-10-07,1,,,,,"アルピノード",0
2605,9010401202581,01,0,2026-10-07,2026-10-07,"レゾナンスホールディングス株式会社",,301,"東京都","港区","新橋５丁目１４番１０号",,13,103,1050004,,,,,,,2026-10-07,1,,,,,"レゾナンスホールディングス",0
2606,9010401202615,01,0,2026-10-07,2026-10-07,"株式会社ＰＳＹＶＥＲＬＩＡ",,301,"東京都","港区","六本木３丁目１６番１２号六本木ＫＳビル５Ｆ",,13,103,1060032,,,,,,,2026-10-07,1,,,,,"サイヴェリア",0
2607,9010401202623,01,0,2026-10-07,2026-10-07,"ＮＢＳ株式会社",,301,"東京都","港区","虎ノ門１丁目１６番６号虎ノ門ＲＡＰＯ－ＴＯビルＵＣＦ７０３",,13,103,1050001,,,,,,,2026-10-07,1,,,,,"エヌビーエス",0
2608,9010403031095,11,0,2026-10-07,2026-09-09,"株式会社ＣＨＡＴ",,301,"東京都","港区","南青山３丁目１番３６号青山丸竹ビル６Ｆ",,13,103,1070062,,,,,,,2023-10-12,1,,,,,"チャット",0
2609,9010405026259,01,0,2026-10-07,2026-10-07,"一般社団法人郡山風力開発",,399,"東京都","港区","虎ノ門３丁目２２番１０－２０１号",,13,103,1050001,,,,,,,2026-10-07,1,,,,,"コオリヤマフウリョクカイハツ",0
2610,9010501049238,12,0,2026-10-07,2026-10-05,"株式会社Ｋｉｎｇｅｒ",,301,"東京都","文京区","本郷３丁目１４番１１号",,13,105,1130033,,,,,,,2022-08-12,1,,,,,"キンガー",0
2611,9010501052522,12,0,2026-10-07,2026-10-01,"株式会社レビュナビ",,301,"東京都","港区","北青山２丁目９番９号４階",,13,103,1070061,,,,,,,2024-07-01,1,,,,,"レビュナビ",0
2612,9010501054980,12,0,2026-10-07,2026-10-01,"株式会社ＡｉｎａＰｌａｎ",,301,"東京都","港区","虎ノ門１丁目１番２１号",,13,103,1050001,,,,,,,2025-11-06,1,,,,,"アイナプラン",0
2613,9010505001905,12,0,2026-10-07,2026-10-01,"一般社団法人福心宝飾技術振興会",,399,"東京都","台東区","台東４丁目４番４号駒田ビル２Ｆ",,13,106,1100016,,,,,,,2015-10-05,1,,,,,"フクシンホウショクギジュツシンコウカイ",0
2614,9010601069920,01,0,2026-10-07,2026-10-07,"株式会社ＳＨＩＯＲＩ",,301,"東京都","墨田区","東向島３丁目１８－１４",,13,107,1310032,,,,,,,2026-10-07,1,,,,,,0
2615,9010603007597,12,0,2026-10-07,2026-10-05,"合同会社自由",,305,"東京都","新宿区","高田馬場３丁目１２番６号高田馬場西商店街ビル５Ｆ",,13,104,1690075,,,,,,,2018-12-19,1,,,,,"ジユウ",0
2616,9010701050243,01,0,2026-10-07,2026-10-07,"株式会社ｒｅｒ",,301,"東京都","品川区","上大崎１丁目１５番２５号プラチナレジデンス１０１号",,13,109,1410021,,,,,,,2026-10-07,1,,,,,"ルル",0
2617,9010701050251,01,0,2026-10-07,2026-10-07,"株式会社ＥＩＧＨＴＢＵＲＧ",,301,"東京都","品川区","荏原６丁目１２番６号",,13,109,1420063,,,,,,,2026-10-07,1,,,,,"エイトブルグ",0
2618,9010703006037,12,0,2026-10-07,2026-10-02,"ＭＭＨ合同会社",,305,"東京都","渋谷区","代々木１丁目３０番１４号天翔オフィス代々木ＡＮＮＥＸ３０２",,13,113,1510053,,,,,,,2021-12-14,1,,,,,"エムエムエイチ",0
2619,9010801000684,11,0,2026-10-07,2026-10-02,"株式会社Ｎ‐ＡＲＳ",,301,"東京都","大田区","田園調布本町５７番１号",,13,111,1450072,,,,,,,2015-10-05,1,,,,,"エヌアルス",0
2620,9010801037801,01,0,2026-10-07,2026-10-07,"株式会社ＭｏｎｏＰｌａｔ",,301,"東京都","大田区","田園調布南１６番３号",,13,111,1450076,,,,,,,2026-10-07,1,,,,,"モノプラット",0
2621,9010802006359,12,0,2026-10-07,2026-10-01,"有限会社サンハウス",,302,"東京都","大田区","久が原４丁目９番１号",,13,111,1460085,,,,,,,2015-10-05,1,,,,,,0
2622,9010803000294,01,1,2026-10-07,2015-10-05,"合資会社鈴善商店",,304,"東京都","大田区","大森西５丁目８番１３号",,13,111,1430015,,,,,,,2015-10-05,1,,,,,"スズヨシショウテン",0
2623,9010803005995,01,0,2026-10-07,2026-10-07,"Ｍｏａｎｉ＆Ｃｏ．合同会社",,305,"東京都","大田区","羽田４丁目６番５号Ｍ．ＲＥＵ３０１",,13,111,1440043,,,,,,,2026-10-07,1,,,,,"モアニアンドコウ",0
2624,9010901007893,01,1,2026-10-07,2015-10-05,"東京エイブイサービス株式会社",,301,"東京都","世田谷区","梅丘１丁目３３番９号",,13,112,1540022,,,,,,,2015-10-05,1,,,,,"トウキョウエイブイサービス",0
2625,9010901031869,21,0,2026-10-07,2026-09-18,"株式会社サニースポット",,301,"埼玉県","入間郡三芳町","大字藤久保３０５番地３（４０８）",,11,324,3540041,,,2026-09-18,01,,,2015-10-05,1,,,,,"サニースポット",0
2626,9010901038781,01,1,2026-10-07,2016-09-13,"株式会社ｌｏａｄｏｆｆ",,301,"東京都","世田谷区","祖師谷１丁目１９番３号",,13,112,1570072,,,,,,,2016-09-13,1,,,,,"ロードオフ",0
2627,9010901060364,01,0,2026-10-07,2026-10-07,"株式会社Ｆｒｅａｘｉｓ＆Ｃｏ．",,301,"東京都","世田谷区","尾山台１丁目１番１７－１０４号",,13,112,1580086,,,,,,,2026-10-07,1,,,,,"フリークスアンドカンパニー",0
2628,9010901060372,01,0,2026-10-07,2026-10-07,"全日本ライフラインサービス株式会社",,301,"東京都","世田谷区","大蔵１丁目１６番１３号イルボスコ砧公園４０５",,13,112,1570074,,,,,,,2026-10-07,1,,,,,"ゼンニホンライフラインサービス",0
2629,9010903011209,01,0,2026-10-07,2026-10-07,"合同会社Ｔ＆Ｈカンパニー",,305,"東京都","世田谷区","砧７丁目１８番２６－３４１６号",,13,112,1570073,,,,,,,2026-10-07,1,,,,,"ティーアンドエイチカンパニー",0
2630,9010903011217,01,0,2026-10-07,2026-10-07,"合同会社ＭＡＩＳＯＮ　ｄｅ　Ｒ",,305,"東京都","世田谷区","池尻２丁目２番１７号Ｓ・ファミーユ３０１",,13,112,1540001,,,,,,,2026-10-07,1,,,,,,0
2631,9011001047590,01,1,2026-10-07,2015-10-05,"株式会社ａｒｃ　ｉｎｔｅｒｎａｔｉｏｎａｌ",,301,"東京都","渋谷区","恵比寿３丁目２番１号２Ｆ",,13,113,1500013,,,,,,,2015-10-05,1,,,,,"アークインターナショナル",0
2632,9011001107493,01,1,2026-10-07,2015-10-05,"株式会社フォーサイト",,301,"東京都","渋谷区","宇田川町３６番１号",,13,113,1500042,,,,,,,2015-10-05,0,,,,,,0
2633,9011001107493,12,1,2026-10-07,2017-07-03,"株式会社フォーサイト",,301,"東京都","港区","北青山３丁目１２番７号",,13,103,1070061,,,,,,,2015-10-05,0,,,,,,0
2634,9011001107493,21,0,2026-10-07,2026-10-05,"株式会社フォーサイト",,301,"東京都","港区","北青山３丁目１２番７号",,13,103,1070061,,,2026-10-05,11,6011001044302,"令和８年９月２８日東京都渋谷区広尾一丁目３番１４号株式会社アサックス（6011001044302）に合併し解散",2015-10-05,1,,,,,,0
2635,9011001154049,11,0,2026-10-07,2026-09-25,"ＧＭＯサムライスタジオ株式会社",,301,"東京都","渋谷区","桜丘町２６番１号",,13,113,1500031,,,,,,,2023-04-26,1,,,,,"ジーエムオーサムライスタジオ",0
2636,9011001158116,21,0,2026-10-07,2026-09-28,"ＲｅｓｋｉｌｌｉｎｇＬａｂ株式会社",,301,"東京都","渋谷区","渋谷１丁目１番３号アミーホール３階",,13,113,1500002,,,2026-09-28,01,,,2023-11-09,1,,,,,"リスキリングラボ",0
2637,9011001169947,21,0,2026-10-07,2026-09-28,"株式会社ａｎｄＢＰ",,301,"東京都","目黒区","青葉台１丁目２０番５号",,13,110,1530042,,,2026-09-28,01,,,2025-06-06,1,,,,,"アンドビーピー",0
2638,9011005011642,01,0,2026-10-07,2026-10-07,"一般社団法人ＧＫＬ",,399,"東京都","渋谷区","恵比寿南２丁目７番８号",,13,113,1500022,,,,,,,2026-10-07,1,,,,,"ジーケーエル",0
2639,9011101110364,12,0,2026-10-07,2026-09-25,"株式会社ビジョンプラス",,301,"広島県","広島市安芸区","阿戸町６２４７番地７",,34,107,7314231,,,,,,,2025-01-23,1,,,,,"ビジョンプラス",0
2640,9011101117582,01,0,2026-10-07,2026-10-07,"株式会社ＭｅｓｈＢｅ",,301,"東京都","新宿区","四谷三栄町４番１２号",,13,104,1600008,,,,,,,2026-10-07,1,,,,,"メッシュビー",0
2641,9011101117640,01,0,2026-10-07,2026-10-07,"株式会社ミツカエル",,301,"東京都","新宿区","新宿４丁目１－６－１８Ｆ",,13,104,1600022,,,,,,,2026-10-07,1,,,,,"ミツカエル",0
2642,9011203005108,01,0,2026-10-07,2026-10-07,"ｔｉｅｒ　ＳＣＡＲＬＥＴ合同会社",,305,"東京都","中野区","東中野４丁目７番２１号",,13,114,1640003,,,,,,,2026-10-07,1,,,,,"ティアスカーレット",0
2643,9011501031953,12,0,2026-10-07,2026-09-25,"株式会社おもてなしアース",,301,"東京都","墨田区","錦糸１丁目２番１号アルカセントラル１４Ｆ",,13,107,1300013,,,,,,,2025-04-16,1,,,,,"オモテナシアース",0
2644,9011503006912,12,0,2026-10-07,2026-10-05,"Ｉｎｃｅｒｔｏ合同会社",,305,"東京都","荒川区","東日暮里５丁目５０番５号アートホテル日暮里ラングウッド３階",,13,118,1160014,,,,,,,2026-03-23,1,,,,,"インケルト",0
2645,9011602005220,21,0,2026-10-07,2026-10-02,"有限会社ジャパンサニター",,302,"東京都","練馬区","豊玉中３丁目１７番１１号１Ａ",,13,120,1760013,,,2026-10-02,01,,,2015-10-05,1,,,,,"ジャパンサニター",0
2646,9011701019765,01,1,2026-10-07,2016-04-05,"株式会社オダカ電設",,301,"東京都","江戸川区","東小松川１丁目４番８号",,13,123,1320033,,,,,,,2016-04-05,1,,,,,"オダカデンセツ",0
2647,9011701028361,21,0,2026-10-07,2026-09-18,"富実貿易株式会社",,301,"東京都","江戸川区","江戸川６丁目４０番１４－１０９号",,13,123,1340013,,,2026-09-18,01,,,2025-05-22,1,,,,,"ホーミーボウエキ",0
2648,9011702013651,12,0,2026-10-07,2026-09-30,"有限会社天栄商事",,302,"東京都","江戸川区","西葛西３丁目３番１５号",,13,123,1340088,,,,,,,2015-10-05,1,,,,,"テンエイショウジ",0
2649,9011801017421,12,0,2026-10-07,2026-10-01,"株式会社アイプロホールディングス",,301,"東京都","足立区","梅島３丁目３４番２２号",,13,121,1210816,,,,,,,2015-10-05,1,,,,,"アイプロホールディングス",0
2650,9011801023246,12,0,2026-10-07,2026-10-02,"株式会社ゴープレイス",,301,"埼玉県","春日部市","一ノ割３丁目４番６５号",,11,214,3440031,,,,,,,2015-10-05,1,,,,,"ゴープレイス",0
2651,9011801044151,12,0,2026-10-07,2026-10-05,"株式会社キーマークス",,301,"東京都","千代田区","平河町２丁目１４－１－２Ｆ",,13,101,1020093,,,,,,,2024-04-30,1,,,,,"キーマークス",0
2652,9011801046395,12,0,2026-10-07,2026-10-06,"株式会社Ｏ・Ｋ・Ｓ",,301,"東京都","足立区","神明３丁目１番１４号",,13,121,1210051,,,,,,,2025-07-04,1,,,,,"オーケーエス",0
2653,9011801048466,01,0,2026-10-07,2026-10-07,"株式会社ＳＮ　ＬＩＧＨＴ",,301,"東京都","葛飾区","亀有３丁目２７番地２４－７０２号エスペランス・ＹＡＭＡＤＡ",,13,122,1250061,,,,,,,2026-10-07,1,,,,,"エスエヌライト",0
2654,9011801048490,01,0,2026-10-07,2026-10-07,"株式会社川前",,301,"東京都","足立区","江北６丁目２５番６号フローラル２０６",,13,121,1230872,,,,,,,2026-10-07,1,,,,,"カワマエ",0
2655,9011802002158,01,1,2026-10-07,2015-10-05,"有限会社菊島",,302,"東京都","葛飾区","東立石３丁目２４番１６号",,13,122,1240013,,,,,,,2015-10-05,1,,,,,"キクシマ",0
2656,9011802013329,01,1,2026-10-07,2015-10-05,"有限会社サトウ工芸",,302,"東京都","足立区","扇１丁目１７番１３号",,13,121,1230873,,,,,,,2015-10-05,1,,,,,"サトウコウゲイ",0
2657,9011802027997,12,0,2026-10-07,2026-09-29,"有限会社サンシチ",,302,"東京都","足立区","西新井２丁目１２－３泉ハイツＤ棟２０５",,13,121,1230841,,,,,,,2015-10-05,1,,,,,"サンシチ",0
2658,9011803001464,12,0,2026-10-07,2026-09-30,"駅前の本屋誠心合同会社",,305,"東京都","足立区","竹の塚６丁目４番４－１１０号",,13,121,1210813,,,,,,,2015-10-05,1,,,,,,0
2659,9011803007651,01,0,2026-10-07,2026-10-07,"フィジブル合同会社",,305,"東京都","葛飾区","高砂３丁目１３番８号",,13,122,1250054,,,,,,,2026-10-07,1,,,,,"フィジブル",0
2660,9012301012739,11,0,2026-10-07,2026-10-02,"株式会社ＳｉｍｓＷｏｒｋｓ",,301,"東京都","町田市","野津田町２６９１番地１２",,13,209,1950063,,,,,,,2021-10-07,1,,,,,"シムズワークス",0
2661,9012301015015,01,0,2026-10-07,2026-10-07,"株式会社Ｔｅｃｈｎｏｐｈｅｒｅ",,301,"東京都","町田市","成瀬５丁目１３番３号",,13,209,1940044,,,,,,,2026-10-07,1,,,,,"テクノフィア",0
2662,9012303002382,01,0,2026-10-07,2026-10-07,"合同会社ペインシフトラボ",,305,"東京都","町田市","鶴川１丁目２１番１号鍛冶屋ハイツ１０１",,13,209,1950061,,,,,,,2026-10-07,1,,,,,"ペインシフトラボ",0
2663,9012401023487,01,1,2026-10-07,2015-10-05,"株式会社秋山",,301,"東京都","国立市","谷保７１６３番地",,13,215,1860011,,,,,,,2015-10-05,1,,,,,"アキヤマ",0
2664,9012401044954,01,0,2026-10-07,2026-10-07,"株式会社エフイーエテルナ",,301,"東京都","武蔵野市","吉祥寺東町１丁目２５番１６号",,13,203,1800002,,,,,,,2026-10-07,1,,,,,"エフイーエテルナ",0
2665,9012403004626,11,0,2026-10-07,2026-09-30,"ＹＭ不動産サポート合同会社",,305,"東京都","杉並区","和泉２丁目２７番１－１０７号イニシアイオ杉並和泉",,13,115,1680063,,,,,,,2020-12-15,1,,,,,"ワイエムフドウサンサポート",0
2666,9012801023525,21,0,2026-10-07,2026-09-29,"博多文化商務株式会社",,301,"東京都","日野市","程久保３丁目３番１９号",,13,212,1910042,,,2026-09-29,01,,,2024-10-28,1,,,,,"ハカタブンカショウム",0
2667,9012801024985,01,0,2026-10-07,2026-10-07,"株式会社カームワークス",,301,"東京都","日野市","万願寺５丁目９－７滝瀬ビル２０２",,13,212,1910024,,,,,,,2026-10-07,1,,,,,"カームワークス",0
2668,9012801025018,01,0,2026-10-07,2026-10-07,"株式会社イシズエ",,301,"東京都","日野市","落川３４８番地ハイツ守屋１０７",,13,212,1910034,,,,,,,2026-10-07,1,,,,,"イシズエ",0
2669,9012803004218,01,0,2026-10-07,2026-10-07,"ＩＮＧＲＯＶＥ合同会社",,305,"東京都","日野市","三沢３丁目４８－１１２",,13,212,1910032,,,,,,,2026-10-07,1,,,,,"イングローヴ",0
2670,9013101005387,01,1,2026-10-07,2015-10-05,"株式会社Ｍ＆Ｎ企画",,301,"東京都","青梅市","河辺町５丁目１４番地の４",,13,205,1980036,,,,,,,2015-10-05,1,,,,,"エムアンドエヌキカク",0
2671,9013102006211,01,1,2026-10-07,2015-10-05,"有限会社新町オフセット印刷",,302,"東京都","青梅市","新町５丁目２５番地の１７",,13,205,1980024,,,,,,,2015-10-05,1,,,,,"シンマチオフセットインサツ",0
2672,9013103001599,01,0,2026-10-07,2026-10-07,"合同会社パティスリーテロワール",,305,"東京都","青梅市","今寺５丁目９－２セントラルハイツ霞Ａ１０２",,13,205,1980021,,,,,,,2026-10-07,1,,,,,"パティスリーテロワール",0
2673,9013201012845,01,1,2026-10-07,2015-10-05,"丸幸土地建物株式会社",,301,"東京都","目黒区","大岡山１丁目２７番１５号",,13,110,1520033,,,,,,,2015-10-05,1,,,,,"マルコウトチタテモノ",0
2674,9013201015880,12,0,2026-10-07,2026-10-02,"株式会社グローベルス",,301,"東京都","渋谷区","恵比寿４丁目２０番３号",,13,113,1500013,,,,,,,2015-10-05,1,,,,,"グローベルス",0
2675,9013301052948,12,0,2026-10-07,2026-10-05,"株式会社ＮＯ　ＣＡＲＥ",,301,"大阪府","大阪市阿倍野区","阿倍野筋３丁目１０番１号あべのベルタ３００２－Ｂ",,27,119,5450052,,,,,,,2024-08-08,1,,,,,"ノーケア",0
2676,9013301056750,12,0,2026-10-07,2026-09-24,"株式会社Ｔｅｓｔｏｒｙ",,301,"東京都","豊島区","南池袋１丁目９番１８号ＧＯＧＯオフィス池袋３０９号室",,13,116,1710022,,,,,,,2026-09-09,1,,,,,"テストリー",0
2677,9020001116140,01,1,2026-10-07,2016-05-13,"株式会社Ｂｌｕｅ　Ｌａｇｏｏｎ",,301,"神奈川県","横浜市中区","福富町東通３８番地４福富町キンガビル４階",,14,104,2310044,,,,,,,2016-05-13,1,,,,,"ブルーラグーン",0
2678,9020001131627,12,0,2026-10-07,2026-10-01,"株式会社テクシー",,301,"栃木県","足利市","山川町５番地５",,09,202,3260021,,,,,,,2019-06-19,1,,,,,"テクシー",0
2679,9020001170625,01,0,2026-10-07,2026-10-07,"株式会社アールイーアカデミー",,301,"神奈川県","横浜市戸塚区","戸塚町４０２８番地３",,14,110,2440003,,,,,,,2026-10-07,1,,,,,"アールイーアカデミー",0
2680,9020001170641,01,0,2026-10-07,2026-10-07,"株式会社ＡＵＲＵ",,301,"神奈川県","川崎市多摩区","菅稲田堤２丁目１番２２－１号",,14,135,2140003,,,,,,,2026-10-07,1,,,,,"アウル",0
2681,9020001170674,01,0,2026-10-07,2026-10-07,"株式会社ＭＬＣａＴ　Ｎｅｔｗｏｒｋ",,301,"神奈川県","横浜市神奈川区","神大寺１丁目７番１３号",,14,102,2210801,,,,,,,2026-10-07,1,,,,,"エムエルキャットネットワーク",0
2682,9020002001861,21,0,2026-10-07,2026-09-15,"有限会社浜野精工",00010125,302,"神奈川県","横浜市瀬谷区","宮沢３丁目１番地３１",,14,114,2460038,,,2026-09-15,01,,,2015-10-05,1,,,,,,0
2683,9020003030331,01,1,2026-10-07,2026-02-17,"フラボワークス合同会社",,305,"神奈川県","横浜市西区","浅間町１丁目４番３号ウィザードビル４０２",,14,103,2200072,,,,,,,2026-02-17,1,"FLAVOWORKS LLC","Kanagawa","1-4-3-402, Sengenchou, Nishi ku Yokohama shi",,"フラボワークス",0
2684,9020003031874,01,0,2026-10-07,2026-10-07,"合同会社Ｓｅｃｏｎｄ",,305,"神奈川県","横浜市鶴見区","市場下町５番６号平林荘１０１",,14,101,2300024,,,,,,,2026-10-07,1,,,,,"セカンド",0
2685,9020003031908,01,0,2026-10-07,2026-10-07,"合同会社仁",,305,"神奈川県","横浜市港南区","港南２丁目１番１１号ショアーシェル１０２",,14,111,2330003,,,,,,,2026-10-07,1,,,,,"ジン",0
2686,9021001089293,01,0,2026-10-07,2026-10-07,"Ｍ．ＤＥＳＩＧＮ株式会社",,301,"神奈川県","平塚市","河内２丁目７番１２号",,14,203,2540903,,,,,,,2026-10-07,1,,,,,"エムデザイン",0
2687,9021005013670,01,0,2026-10-07,2026-10-07,"一般社団法人ミラコエ",,399,"神奈川県","藤沢市","石川６丁目２５－１１ダイアパレス湘南台３－３０４",,14,205,2520815,,,,,,,2026-10-07,1,,,,,"ミラコエ",0
2688,9021005013720,01,0,2026-10-07,2026-10-07,"一般社団法人ペットライフイノベーション機構",,399,"神奈川県","藤沢市","藤沢６０７番地の１",,14,205,2510052,,,,,,,2026-10-07,1,,,,,"ペットライフイノベーションキコウ",0
2689,9030001165401,12,0,2026-10-07,2026-09-18,"クレヨンサービス株式会社",,301,"埼玉県","越谷市","大字下間久里３６２番地６",,11,222,3430045,,,,,,,2025-03-21,1,,,,,"クレヨンサービス",0
2690,9030001174501,01,0,2026-10-07,2026-10-07,"株式会社リミット",,301,"埼玉県","比企郡吉見町","大字長谷６５７番地４",,11,347,3550156,,,,,,,2026-10-07,1,,,,,"リミット",0
2691,9030003017212,12,0,2026-10-07,2026-10-02,"合同会社僕らの進む道",,305,"東京都","目黒区","下目黒１丁目５番２１号目黒ＤＫウエスト６０２号室",,13,110,1530064,,,,,,,2021-05-10,1,,,,,"ボクラノススムミチ",0
2692,9040001128290,21,0,2026-10-07,2026-09-10,"株式会社ペットセレモニー虹のたもと",,301,"千葉県","木更津市","木更津２丁目１番１５号",,12,206,2920056,,,2026-09-10,01,,,2023-05-11,1,,,,,"ペットセレモニーニジノタモト",0
2693,9040001144668,01,1,2026-10-07,2026-07-29,"イールドファクター株式会社",,301,"千葉県","千葉市花見川区","大日町１４９９番地８",,12,102,2620004,,,,,,,2026-07-29,1,"Yield Factor Co., Ltd.","Chiba","1499-8 Dainichi cho, Hanamigawa ku Chiba shi",,"イールドファクター",0
2694,9040001145501,01,0,2026-10-07,2026-10-07,"株式会社林造園",,301,"千葉県","成田市","名古屋１２５７－３１２",,12,211,2890116,,,,,,,2026-10-07,1,,,,,"ハヤシゾウエン",0
2695,9040001145526,01,0,2026-10-07,2026-10-07,"株式会社フクミツ・ロジ",,301,"千葉県","柏市","篠籠田１３９２－４３柏ウエストＣ２０２",,12,217,2770862,,,,,,,2026-10-07,1,,,,,"フクミツロジ",0
2696,9040001145542,01,0,2026-10-07,2026-10-07,"株式会社浅井商店",,301,"千葉県","市原市","辰巳台東４丁目５番地１３",,12,219,2900003,,,,,,,2026-10-07,1,,,,,"アサイショウテン",0
2697,9040002024497,01,1,2026-10-07,2015-10-05,"有限会社ハザマ建材工業",,302,"千葉県","船橋市","飯山満町１丁目８２３番地３",,12,204,2740822,,,,,,,2015-10-05,1,,,,,"ハザマケンザイコウギョウ",0
2698,9040002082660,01,1,2026-10-07,2015-10-05,"有限会社アルファ",,302,"千葉県","長生郡長生村","小泉２０２番地１",,12,423,2994347,,,,,,,2015-10-05,1,,,,,"アルファ",0
2699,9040003030833,01,0,2026-10-07,2026-10-07,"合同会社ＣＨＲＯＮＯ",,305,"千葉県","千葉市緑区","土気町１５５９－１７",,12,105,2670061,,,,,,,2026-10-07,1,,,,,"クロノ",0
2700,9050001023664,21,0,2026-10-07,2026-09-28,"株式会社宮内石油",,301,"茨城県","日立市","平和町１丁目１３番３号",,08,202,3170062,,,2026-09-28,01,,,2015-10-05,1,,,,,"ミヤウチセキユ",0
2701,9050001059015,01,0,2026-10-07,2026-10-07,"株式会社松井",,301,"茨城県","神栖市","波崎８３１８番地１３",,08,232,3140408,,,,,,,2026-10-07,1,,,,,"マツイ",0
2702,9050003008564,11,0,2026-10-07,2026-09-15,"合同会社中央商会",,305,"茨城県","水戸市","青柳町２２５－１",,08,201,3100004,,,,,,,2024-08-16,1,,,,,"チュウオウショウカイ",0
2703,9050003010413,01,0,2026-10-07,2026-10-07,"合同会社ホリナディ",,305,"茨城県","守谷市","薬師台６丁目８番地４",,08,224,3020105,,,,,,,2026-10-07,1,,,,,"ホリナディ",0
2704,9060001004408,12,0,2026-10-07,2026-10-01,"明興産業株式会社",,301,"栃木県","宇都宮市","今泉町１５８番地５",,09,201,3210962,,,,,,,2015-10-05,1,,,,,"メイコウサンギョウ",0
2705,9060005002878,01,1,2026-10-07,2015-10-05,"海潮寺",,399,"栃木県","真岡市","田町２３１７番地",,09,209,3214325,,,,,,,2015-10-05,1,,,,,"カイチョウジ",0
2706,9070001044543,01,0,2026-10-07,2026-10-07,"株式会社ファーストプラン",,301,"群馬県","邑楽郡大泉町","城之内３丁目８番７号",,10,524,3700518,,,,,,,2026-10-07,1,,,,,"ファーストプラン",0
2707,9070001044551,01,0,2026-10-07,2026-10-07,"株式会社ＣＨＡ",,301,"群馬県","前橋市","天川原町１丁目５番地２９",,10,201,3710803,,,,,,,2026-10-07,1,,,,,"シーエイチエー",0
2708,9080001022168,12,0,2026-10-07,2026-10-05,"株式会社アットｙ’ｓプロパティー",,301,"静岡県","静岡市葵区","人宿町１丁目１番地の５",,22,101,4200037,,,,,,,2018-04-09,1,,,,,"アットワイズプロパティー",0
2709,9100001040068,01,0,2026-10-07,2026-10-07,"株式会社Ｔ‐ＷＯＲＫＳ",,301,"長野県","木曽郡木曽町","三岳６９９４番地",,20,432,3970101,,,,,,,2026-10-07,1,,,,,"ティーワークス",0
2710,9100002024986,01,1,2026-10-07,2015-10-05,"有限会社セキザワ精機",,302,"長野県","塩尻市","大門泉町７番５号セキザワハイツ",,20,215,3990742,,,,,,,2015-10-05,1,,,,,"セキザワセイキ",0
2711,9100003008971,01,0,2026-10-07,2026-10-07,"合同会社大岡アグリパークゆめ",,305,"長野県","長野市","大岡中牧３２７８番地",,20,201,3812701,,,,,,,2026-10-07,1,,,,,"オオオカアグリパークユメ",0
2712,9110001040430,01,0,2026-10-07,2026-10-07,"株式会社和朋不動産",,301,"新潟県","新潟市江南区","亀田大月３丁目５番４５号５",,15,104,9500162,,,,,,,2026-10-07,1,,,,,"カズトモフドウサン",0
2713,9110003006306,01,0,2026-10-07,2026-10-07,"合同会社ポピア",,305,"新潟県","長岡市","天下島１丁目１０番５０号",,15,202,9400232,,,,,,,2026-10-07,1,,,,,"ポピア",0
2714,9120001173295,01,1,2026-10-07,2015-10-05,"株式会社大真サービス",,301,"大阪府","守口市","菊水通４丁目５番５号",,27,209,5700032,,,,,,,2015-10-05,1,,,,,"ダイシンサービス",0
2715,9120001200834,01,1,2026-10-07,2016-09-23,"宮崎工業株式会社",00107886,301,"大阪府","大阪市生野区","小路東２丁目１６番２９号",,27,116,5440003,,,,,,,2016-09-23,1,,,,,"ミヤザキコウギョウ",0
2716,9120001225848,21,0,2026-10-07,2026-09-30,"Ｂｌｕｅ　Ｂａｙ　Ｉｎｔｅｒｎａｔｉｏｎａｌ株式会社",,301,"大阪府","大阪市西成区","天下茶屋１丁目１７番９号",,27,122,5570014,,,2026-09-30,01,,,2019-12-20,1,,,,,"ブルーベイインターナショナル",0
2717,9120001228512,12,0,2026-10-07,2026-10-01,"株式会社エコリンクワン",,301,"大阪府","枚方市","養父元町３番１５号",,27,210,5731125,,,,,,,2020-04-10,1,,,,,"エコリンクワン",0
2718,9120001242835,12,0,2026-10-07,2026-09-29,"株式会社Ｓｉｒｉｕｓ",,301,"大阪府","大阪市中央区","南久宝寺町１丁目９－８－４０２号室",,27,128,5410058,,,,,,,2022-01-06,1,,,,,"シリウス",0
2719,9120001266891,12,0,2026-10-07,2026-10-02,"株式会社ソーカルトイズ",,301,"大阪府","大阪市浪速区","元町３丁目７番１１号４０２号",,27,111,5560016,,,,,,,2024-07-18,1,,,,,"ソーカルトイズ",0
2720,9120001267007,12,0,2026-10-07,2026-09-29,"此心株式会社",,301,"大阪府","大阪市西成区","山王１丁目６番１３号",,27,122,5570001,,,,,,,2024-07-22,1,,,,,"コシン",0
2721,9120001279951,12,0,2026-10-07,2026-09-28,"易宏株式会社",,301,"大阪府","大阪市生野区","勝山北２丁目１６番１９号",,27,116,5440033,,,,,,,2025-09-24,1,,,,,"イコウ",0
2722,9120001280942,21,0,2026-10-07,2026-10-01,"鯤麟株式会社",,301,"大阪府","大阪市東住吉区","中野４丁目１番１６号リベラルオリエンテ中野４０２Ｂ",,27,121,5460012,,,2026-10-01,01,,,2025-10-09,1,,,,,"コンリン",0
2723,9120001281107,21,0,2026-10-07,2026-10-01,"三喜株式会社",,301,"大阪府","大阪市東住吉区","中野４丁目１番１６号リベラルオリエンテ中野３０７Ｂ",,27,121,5460012,,,2026-10-01,01,,,2025-10-15,1,,,,,"サンキ",0
2724,9120001289397,01,0,2026-10-07,2026-10-07,"株式会社ＳＰＩＬＥ",,301,"大阪府","大阪市城東区","鴫野東２丁目１６番８号",,27,118,5360013,,,,,,,2026-10-07,1,,,,,"スパイル",0
2725,9120001289587,01,0,2026-10-07,2026-10-07,"株式会社ＫｅｙＭｏｍｅｎｔ",,301,"大阪府","守口市","大日東町１５番１３号",,27,209,5700016,,,,,,,2026-10-07,1,,,,,"キーモーメント",0
2726,9120001289595,01,0,2026-10-07,2026-10-07,"株式会社ＯＮＷＡＲＤ",,301,"大阪府","大阪市浪速区","元町１丁目１０番７号プレジオ難波１５０４号",,27,111,5560016,,,,,,,2026-10-07,1,,,,,"オンワード",0
2727,9120005016335,12,0,2026-10-07,2026-10-05,"特定非営利活動法人音楽文化芸術振興会",,399,"大阪府","大阪市中央区","北新町２－８ＴＤビル２階",,27,128,5400023,,,,,,,2015-10-05,1,,,,,"オンガクブンカゲイジュツシンコウカイ",0
2728,9120101047655,12,0,2026-10-07,2026-10-02,"株式会社ビック商会",,301,"大阪府","阪南市","石田６３０番地の１－１０１",,27,232,5990221,,,,,,,2015-10-05,1,,,,,"ビックショウカイ",0
2729,9120101051376,01,1,2026-10-07,2015-10-05,"株式会社リボーン",,301,"大阪府","堺市堺区","大浜北町３丁４番７－１０６号",,27,141,5900974,,,,,,,2015-10-05,0,,,,,"リボーン",0
2730,9120101051376,12,1,2026-10-07,2026-07-21,"株式会社リボーン",,301,"大阪府","堺市堺区","大浜中町３丁３－３－１０１",,27,141,5900975,,,,,,,2015-10-05,1,,,,,"リボーン",0
2731,9120101059394,21,0,2026-10-07,2026-10-02,"株式会社盈進",,301,"大阪府","堺市北区","南花田町１６９９番地",,27,146,5918011,,,2026-10-02,01,,,2019-02-06,1,,,,,"エイシン",0
2732,9120101074014,01,1,2026-10-07,2026-07-06,"ＣｘＤ　Ｂｒａｎｄｉｎｇ　Ｓｔｕｄｉｏ株式会社",,301,"大阪府","堺市堺区","中瓦町１丁４－２２大阪信用金庫堺東ビル２Ｆ",,27,141,5900077,,,,,,,2026-07-06,1,,,,,"シーバイディーブランディングスタジオ",0
2733,9120901008641,21,0,2026-10-07,2026-10-02,"山商ビル株式会社",,301,"大阪府","吹田市","江坂町２丁目７番２５号",,27,205,5640063,,,2026-10-02,01,,,2015-10-05,1,,,,,"ヤマショウビル",0
2734,9120901053266,01,0,2026-10-07,2026-10-07,"株式会社ＥＳＴＥＬＩＯ",,301,"大阪府","豊中市","南桜塚１丁目７番４６号",,27,203,5610882,,,,,,,2026-10-07,1,,,,,"エステリオ",0
2735,9120901053308,01,0,2026-10-07,2026-10-07,"株式会社Ｎ．Ｓ興産",,301,"大阪府","豊中市","西泉丘３丁目６番１６号",,27,203,5610862,,,,,,,2026-10-07,1,,,,,"エヌエスコウサン",0
2736,9120901053316,01,0,2026-10-07,2026-10-07,"株式会社中西コーポレーション",,301,"大阪府","高槻市","別所本町６番９号",,27,207,5691112,,,,,,,2026-10-07,1,,,,,"ナカニシコーポレーション",0
2737,9122001014636,12,0,2026-10-07,2026-10-01,"株式会社宮西運輸倉庫",,301,"兵庫県","加古郡稲美町","国安３丁目３７番地１号室",,28,381,6751114,,,,,,,2015-10-05,1,,,,,"ミヤニシウンユソウコ",0
2738,9122001040970,01,0,2026-10-07,2026-10-07,"株式会社ｈａｃｈｉ",,301,"大阪府","八尾市","本町６丁目８番１３号",,27,212,5810003,,,,,,,2026-10-07,1,,,,,"ハチ",0
2739,9122005003916,01,0,2026-10-07,2026-10-07,"一般社団法人カラフルステップ",,399,"大阪府","大東市","南津の辺町２４番９号コウジィコート野崎１０６",,27,218,5740016,,,,,,,2026-10-07,1,,,,,"カラフルステップ",0
2740,9130001002239,01,1,2026-10-07,2015-10-05,"レコム株式会社",,301,"京都府","京都市下京区","四条通室町西入月鉾町５２イヌイ四条ビル",,26,106,6008492,,,,,,,2015-10-05,0,,,,,"レコム",0
2741,9130001002239,12,1,2026-10-07,2016-09-26,"レコム株式会社",,301,"京都府","京都市右京区","嵯峨天龍寺中島町１２－１－５０１",,26,108,6168356,,,,,,,2015-10-05,1,,,,,"レコム",0
2742,9130001023870,01,1,2026-10-07,2015-10-05,"株式会社フジタ薬局",,301,"京都府","京都市伏見区","小栗栖南後藤町３番地の１３",,26,109,6011456,,,,,,,2015-10-05,1,,,,,"フジタヤッキョク",0
2743,9130001077784,11,0,2026-10-07,2026-09-16,"ＳＩＡ株式会社",,301,"京都府","京都市左京区","岩倉南三宅町３９番地７",,26,103,6060023,,,,,,,2024-08-30,1,,,,,"エスアイエー",0
2744,9130001083205,01,0,2026-10-07,2026-10-07,"株式会社縁寿",,301,"京都府","八幡市","欽明台東５－１Ｆ４１４",,26,210,6148296,,,,,,,2026-10-07,1,,,,,"エンジュ",0
2745,9130003011700,12,0,2026-10-07,2026-09-18,"合同会社ＴＯＷＡ",,305,"京都府","京都市中京区","河原町通三条下る３丁目東入南車屋町２８８番地ロイヤルビル４階４０４号",,26,104,6048022,,,,,,,2026-09-15,1,,,,,"トワ",0
2746,9130003011725,01,0,2026-10-07,2026-10-07,"合同会社プラスビジョン",,305,"京都府","京都市右京区","西院東淳和院町２７－２Ｆ",,26,108,6150011,,,,,,,2026-10-07,1,,,,,"プラスビジョン",0
2747,9130005013141,11,0,2026-10-07,2026-09-25,"ＮＰＯ法人おとくにまちづくりプロジェクト",,399,"京都府","向日市","寺戸町七ノ坪１４１株式会社リヴ内",,26,208,6170002,,,,,,,2015-10-05,1,,,,,"オトクニマチヅクリプロジェクト",0
2748,9140001061127,12,0,2026-10-07,2026-10-01,"株式会社流通企画",,301,"兵庫県","姫路市","別所町家具町３６番１",,28,201,6710225,,,,,,,2015-10-05,0,,,,,"リュウツウキカク",0
2749,9140001061127,11,0,2026-10-07,2026-10-01,"株式会社ヒメユキパートナーズ",,301,"兵庫県","姫路市","別所町家具町３６番１",,28,201,6710225,,,,,,,2015-10-05,1,,,,,"ヒメユキパートナーズ",0
2750,9140001129460,21,0,2026-10-07,2026-10-05,"株式会社ＭＯＮＯ　ＢＲＡＩＮ",,301,"東京都","渋谷区","道玄坂１丁目１０番８号渋谷道玄坂東急ビル２Ｆ－Ｃ",,13,113,1500043,,,2026-10-05,11,5011001091576,"令和８年９月１日東京都港区三田一丁目１番１４号株式会社ＡＢＥＪＡ（5011001091576）に合併し解散",2023-03-15,1,,,,,"モノブレイン",0
2751,9140001144187,01,0,2026-10-07,2026-10-07,"株式会社ウォッシュマン",,301,"兵庫県","芦屋市","若葉町２番１－１８４４号",,28,206,6590041,,,,,,,2026-10-07,1,,,,,"ウォッシュマン",0
2752,9140001144204,01,0,2026-10-07,2026-10-07,"株式会社宗達化成",,301,"兵庫県","神戸市灘区","山田町３丁目１番５号",,28,102,6570064,,,,,,,2026-10-07,1,,,,,"ソウタツカセイ",0
2753,9140002038215,01,1,2026-10-07,2015-10-05,"株式会社セルフ",,301,"兵庫県","加古川市","別府町新野辺２０８６番地",,28,210,6750131,,,,,,,2015-10-05,1,,,,,"セルフ",0
2754,9140003016285,11,0,2026-10-07,2026-10-01,"株式会社ワイズ",,301,"兵庫県","芦屋市","呉川町４番８号",,28,206,6590051,,,,,,,2021-05-19,1,,,,,"ワイズ",0
2755,9140003024180,01,0,2026-10-07,2026-10-07,"シグネチャーホールディングス合同会社",,305,"兵庫県","三田市","下内神６２５番地",,28,219,6691333,,,,,,,2026-10-07,1,,,,,"シグネチャーホールディングス",0
2756,9140005026935,21,0,2026-10-07,2026-09-30,"弁護士法人イーグル",,399,"兵庫県","神戸市中央区","三宮町３丁目７番６号神戸元町ユニオンビル７階",,28,110,6500021,,,2026-09-30,01,,,2024-02-01,1,,,,,"イーグル",0
2757,9140005027149,12,0,2026-10-07,2026-09-24,"特定非営利活動法人阪神相続支援センター",,399,"兵庫県","伊丹市","中央４丁目１番２－４０３号",,28,207,6640851,,,,,,,2024-07-25,1,,,,,"ハンシンソウゾクシエンセンター",0
2758,9150001000810,01,1,2026-10-07,2015-10-05,"小林産業株式会社",,301,"奈良県","奈良市","内侍原町４番地",,29,201,6308253,,,,,,,2015-10-05,1,,,,,"コバヤシサンギョウ",0
2759,9150003004066,01,0,2026-10-07,2026-10-07,"合同会社ヤマグチプランニング",,305,"奈良県","奈良市","朱雀１丁目１０番地の９",,29,201,6310806,,,,,,,2026-10-07,1,,,,,"ヤマグチプランニング",0
2760,9160001019404,01,1,2026-10-07,2016-04-06,"株式会社日下重建",,301,"滋賀県","大津市","螢谷１５番２３号",,25,201,5200853,,,,,,,2016-04-06,0,,,,,"クサカジュウケン",0
2761,9160001019404,12,1,2026-10-07,2017-07-14,"株式会社日下重建",,301,"滋賀県","大津市","栄町２３番１５号",,25,201,5200855,,,,,,,2016-04-06,1,,,,,"クサカジュウケン",0
2762,9160001022341,01,1,2026-10-07,2020-03-09,"無限ＥＮＧ株式会社",,301,"滋賀県","守山市","守山２丁目１２番３３号",,25,207,5240022,,,,,,,2020-03-09,1,,,,,,0
2763,9160001027968,01,0,2026-10-07,2026-10-07,"ＥＡＧ　ＬＥＳＴＡＲ株式会社",,301,"滋賀県","栗東市","野尻５９７番地１Ｆ",,25,208,5203027,,,,,,,2026-10-07,1,,,,,"イーグレスター",0
2764,9160003003934,01,0,2026-10-07,2026-10-07,"Ｅａｓｔ　Ｍａｐｌｅ合同会社",,305,"滋賀県","栗東市","出庭８３０",,25,208,5203041,,,,,,,2026-10-07,1,,,,,"イーストメープル",0
2765,9170001019287,01,0,2026-10-07,2026-10-07,"株式会社絆和屋",,301,"和歌山県","和歌山市","湊５丁目３番３号",,30,201,6408404,,,,,,,2026-10-07,1,,,,,"キズナヤ",0
2766,9170003002506,01,0,2026-10-07,2026-10-07,"いしきち合同会社",,305,"和歌山県","和歌山市","和歌浦中１丁目４番２１号",,30,201,6410025,,,,,,,2026-10-07,1,,,,,"イシキチ",0
2767,9180001131941,12,0,2026-10-07,2026-09-25,"ＮＫＣ株式会社",,301,"千葉県","船橋市","習志野台３丁目１３－２５ＮＫマンション１２号室",,12,204,2740063,,,,,,,2018-04-19,1,,,,,"エヌケイシー",0
2768,9180001154307,01,1,2026-10-07,2022-12-27,"株式会社Ｋ．ｉｓｍ名古屋",,301,"愛知県","名古屋市中川区","川前町３２",,23,110,4540916,,,,,,,2022-12-27,0,,,,,"ケーイズムナゴヤ",0
2769,9180001154307,11,1,2026-10-07,2024-03-28,"株式会社アイズ",,301,"愛知県","名古屋市中川区","川前町３２",,23,110,4540916,,,,,,,2022-12-27,1,,,,,"アイズ",0
2770,9180001173736,01,0,2026-10-07,2026-10-07,"株式会社ＳＺＫ",,301,"愛知県","名古屋市熱田区","神宮３丁目７番１号",,23,109,4560031,,,,,,,2026-10-07,1,,,,,"エスゼットケー",0
2771,9180001173752,01,0,2026-10-07,2026-10-07,"株式会社オーイズ",,301,"愛知県","春日井市","六軒屋町２丁目１３８番地１",,23,206,4860842,,,,,,,2026-10-07,1,,,,,"オーイズ",0
2772,9180001173769,01,0,2026-10-07,2026-10-07,"株式会社キャリアル",,301,"愛知県","名古屋市中区","栄１丁目１６番６号名古屋三蔵ビル２階",,23,106,4600008,,,,,,,2026-10-07,1,,,,,"キャリアル",0
2773,9180001173777,01,0,2026-10-07,2026-10-07,"株式会社ＡＳＵＹＵＩ企画",,301,"愛知県","丹羽郡大口町","奈良子３丁目１２６番地１",,23,361,4800139,,,,,,,2026-10-07,1,,,,,"アスユイキカク",0
2774,9180001173802,01,0,2026-10-07,2026-10-07,"株式会社ユニックス",,301,"愛知県","名古屋市天白区","境根町１０６番地の２",,23,116,4680035,,,,,,,2026-10-07,1,,,,,"ユニックス",0
2775,9180001173810,01,0,2026-10-07,2026-10-07,"株式会社タイガーパンク",,301,"愛知県","名古屋市東区","泉１丁目８番３６号",,23,102,4610001,,,,,,,2026-10-07,1,,,,,"タイガーパンク",0
2776,9180002014914,11,0,2026-10-07,2026-10-01,"みなみフルーツ株式会社",,301,"愛知県","名古屋市天白区","野並１丁目２７８番地",,23,116,4680045,,,,,,,2015-10-05,1,,,,,"ミナミフルーツ",0
2777,9180002059273,01,1,2026-10-07,2015-10-05,"有限会社リリアーナ",,302,"愛知県","名古屋市昭和区","滝川町４７番地２４光洋マテリカビル１Ｆ",,23,107,4660826,,,,,,,2015-10-05,1,,,,,"リリアーナ",0
2778,9180005016585,11,0,2026-10-07,2026-09-30,"特定非営利活動法人神羅万象プロジェクト",,399,"岐阜県","岐阜市","椿洞３１８番地",,21,201,5020801,,,,,,,2016-01-12,1,,,,,"シンラバンショウプロジェクト",0
2779,9180005021692,01,0,2026-10-07,2026-10-07,"イリス社会保険労務士法人",,399,"愛知県","名古屋市西区","則武新町４丁目３番１２号",,23,104,4510051,,,,,,,2026-10-07,1,,,,,,0
2780,9180301002883,12,0,2026-10-07,2026-09-24,"株式会社城山商店",,301,"愛知県","岡崎市","上里２丁目１５番地３",,23,202,4442136,,,,,,,2015-10-05,1,,,,,"シロヤマショウテン",0
2781,9190001033484,01,0,2026-10-07,2026-10-07,"株式会社ＲＥＮＯＡＳ",,301,"三重県","鈴鹿市","柳町１７２４番地",,24,207,5130811,,,,,,,2026-10-07,1,,,,,"レノアス",0
2782,9190002021042,01,1,2026-10-07,2015-10-05,"中央硝子工業有限会社",,302,"三重県","四日市市","幸町２番１１号",,24,202,5100069,,,,,,,2015-10-05,1,,,,,"チュウオウガラスコウギョウ",0
2783,9190003005572,01,0,2026-10-07,2026-10-07,"合同会社ＳＩＷ",,305,"三重県","桑名市","大字東方１３３５番地２",,24,205,5110811,,,,,,,2026-10-07,1,,,,,"エスアイダブリュ",0
2784,9190005012187,01,0,2026-10-07,2026-10-07,"社会保険労務士法人荒川経営労務事務所",,399,"三重県","鈴鹿市","江島町２３５０番６",,24,207,5100237,,,,,,,2026-10-07,1,,,,,"アラカワケイエイロウムジムショ",0
2785,9200001000697,12,0,2026-10-07,2026-10-01,"株式会社エトワールリブレ",,301,"岐阜県","岐阜市","鏡島東４丁目２番２号",,21,201,5010110,,,,,,,2015-10-05,1,,,,,"エトワールリブレ",0
2786,9200001019705,01,1,2026-10-07,2015-10-05,"株式会社吉田工業所",,301,"岐阜県","関市","神明町３丁目４番８号",,21,205,5013905,,,,,,,2015-10-05,1,,,,,"ヨシダコウギョウショ",0
2787,9200003005166,11,0,2026-10-07,2026-09-29,"合同会社九喜",,305,"岐阜県","岐阜市","東島５丁目４番２号",,21,201,5020913,,,,,,,2021-04-12,1,,,,,"キュウキ",0
2788,9200005002665,01,1,2026-10-07,2015-10-05,"善覚寺",,399,"岐阜県","岐阜市","柳津町高桑２丁目２０５番地",,21,201,5016122,,,,,,,2015-10-05,1,,,,,"ゼンガクジ",0
2789,9200005011674,12,0,2026-10-07,2026-09-29,"農事組合法人鷲巣",,399,"岐阜県","養老郡養老町","鷲巣８９９番地",,21,341,5031261,,,,,,,2015-10-05,1,,,,,"ワシノス",0
2790,9220001015149,01,1,2026-10-07,2015-10-05,"シブヤ精機株式会社",,301,"石川県","金沢市","大豆田本町甲５８番地",,17,201,9200047,,,,,,,2015-10-05,1,,,,,,0
2791,9230002013951,01,1,2026-10-07,2015-10-05,"有限会社金武工業",,302,"富山県","射水市","一条１０番地６",,16,211,9390333,,,,,,,2015-10-05,1,,,,,"カネタケコウギョウ",0
2792,9230003002697,01,0,2026-10-07,2026-10-07,"丸の内ビジネス合同会社",,305,"富山県","高岡市","丸の内２番５号アールワン丸の内ビル４階",,16,202,9330912,,,,,,,2026-10-07,1,,,,,"マルノウチビジネス",0
2793,9230005008032,11,0,2026-10-07,2026-10-01,"税理士法人ＴＯＭＯＳ",,399,"富山県","氷見市","窪６１５番地",,16,205,9350024,,,,,,,2015-10-05,1,,,,,"トモス",0
2794,9240001016368,21,0,2026-10-07,2026-09-30,"株式会社下出工業",,301,"広島県","広島市佐伯区","五月が丘１丁目１２番２２号",,34,108,7315101,,,2026-09-30,01,,,2015-10-05,1,,,,,"シモイデコウギョウ",0
2795,9240001067114,01,0,2026-10-07,2026-10-07,"株式会社ｐｌｓ　ｗｏｒｋ",,301,"広島県","福山市","元町１３番５号",,34,207,7200063,,,,,,,2026-10-07,1,,,,,"プラスワーク",0
2796,9240001067130,01,0,2026-10-07,2026-10-07,"株式会社フォワード経営",,301,"広島県","広島市安芸区","矢野西１丁目３７番６－２号",,34,107,7360085,,,,,,,2026-10-07,1,,,,,"フォワードケイエイ",0
2797,9240002009577,01,1,2026-10-07,2015-10-05,"有限会社竹内",,302,"広島県","広島市南区","大州２丁目１８番２０号",,34,103,7320802,,,,,,,2015-10-05,1,,,,,"タケウチ",0
2798,9250001021862,01,0,2026-10-07,2026-10-07,"西田工業株式会社",,301,"山口県","下関市","菊川町大字楢崎６４０番地７",,35,201,7500322,,,,,,,2026-10-07,1,,,,,"ニシダコウギョウ",0
2799,9250001021870,01,0,2026-10-07,2026-10-07,"株式会社てごう",,301,"山口県","宇部市","大字西岐波７１５番地８",,35,202,7550151,,,,,,,2026-10-07,1,,,,,"テゴウ",0
2800,9250002003546,12,0,2026-10-07,2026-10-02,"有限会社メディカルサービス",,302,"山口県","防府市","戎町２丁目４番１２号",,35,206,7470036,,,,,,,2015-10-05,1,,,,,"メディカルサービス",0
2801,9270001008767,12,0,2026-10-07,2026-10-02,"株式会社マチリブ不動産",,301,"鳥取県","米子市","西福原５丁目２番２２号",,31,202,6830805,,,,,,,2023-04-26,1,,,,,"マチリブフドウサン",0
2802,9290001051179,12,0,2026-10-07,2026-10-05,"株式会社創英技建",,301,"熊本県","熊本市北区","植木町一木１７３番地１",,43,105,8610135,,,,,,,2015-10-05,1,,,,,"ソウエイギケン",0
2803,9290001100547,01,1,2026-10-07,2023-02-14,"株式会社ＪＴＬ　ＡＤＶＡＮＣＥ",,301,"福岡県","福岡市博多区","神屋町４－５ＫＳ神屋町ビル３０１",,40,132,8120022,,,,,,,2023-02-14,0,,,,,"ジェイティエルアドバンス",0
2804,9290001100547,12,1,2026-10-07,2025-11-21,"株式会社ＪＴＬ　ＡＤＶＡＮＣＥ",,301,"福岡県","福岡市博多区","奈良屋町１４番２０号１Ｆ",,40,132,8120023,,,,,,,2023-02-14,1,,,,,"ジェイティエルアドバンス",0
2805,9290001115636,01,0,2026-10-07,2026-10-07,"Ｇｒｏｗ　ｃｏｍｐａｎｙ株式会社",,301,"福岡県","久留米市","津福今町６１６番地１６",,40,203,8300061,,,,,,,2026-10-07,1,,,,,"グローカンパニー",0
2806,9290002030504,21,0,2026-10-07,2026-10-01,"有限会社Ｇ．Ｃ．ホテルインベストメンツ",,302,"大阪府","大阪市天王寺区","真法院町２１番６号メグロビル４階",,27,109,5430041,,,2026-10-01,11,2130001046366,"令和８年１０月１日大阪市天王寺区上本町八丁目６番２６号株式会社ＳＥＮＳＥＣＡＰＥ（2130001046366）に合併し解散",2015-10-05,1,,,,,"ジーシーホテルインベストメンツ",0
2807,9290003018969,01,0,2026-10-07,2026-10-07,"ＵＲＢＡＮ　ＲＥＬＡＸＩＮＧ合同会社",,305,"福岡県","福岡市中央区","今泉１丁目１８番３８号４０１号室",,40,133,8100021,,,,,,,2026-10-07,1,,,,,"アーバンリラクシング",0
2808,9290801032873,01,0,2026-10-07,2026-10-07,"株式会社５１",,301,"福岡県","宮若市","黒丸１１９７番地１",,40,226,8220146,,,,,,,2026-10-07,1,,,,,"ゴーイチ",0
2809,9310001012426,12,0,2026-10-07,2026-10-05,"宇久島メガソーラーパークサービス株式会社",,301,"福岡県","久留米市","花畑１丁目６番地７",,40,203,8300039,,,,,,,2015-10-05,1,,,,,"ウクジマメガソーラーパークサービス",0
2810,9310003001278,01,1,2026-10-07,2015-10-05,"合資会社神村商店",,304,"長崎県","東彼杵郡波佐見町","井石郷２１８７番地",,42,323,8593711,,,,,,,2015-10-05,1,,,,,"カミムラショウテン",0
2811,9320002004264,21,0,2026-10-07,2026-10-01,"有限会社武浦工務店",,302,"大分県","大分市","大字木田１９１９番地",,44,201,8700311,,,2026-10-01,01,,,2015-10-05,1,,,,,"タケウラコウムテン",0
2812,9320002007201,01,1,2026-10-07,2015-10-05,"有限会社ワークメイト",,302,"大分県","大分市","王ノ瀬２丁目３番１号",,44,201,8700321,,,,,,,2015-10-05,1,,,,,"ワークメイト",0
2813,9320201000031,21,0,2026-10-07,2026-09-30,"株式会社ＳＳＨ",,301,"大分県","臼杵市","大字諏訪３０３番地の９",,44,206,8750011,,,2026-09-30,01,,,2015-10-05,1,,,,,"エスエスエイチ",0
2814,9330001005733,11,0,2026-10-07,2026-10-01,"株式会社えがおアセット",,301,"熊本県","熊本市東区","東町４丁目１０番１号",,43,102,8620901,,,,,,,2015-10-05,1,,,,,"エガオアセット",0
2815,9330001006970,01,1,2026-10-07,2015-10-05,"株式会社オンラインドクター九州",,301,"熊本県","熊本市南区","江越２丁目１２番２３号",,43,104,8600834,,,,,,,2015-10-05,1,,,,,"オンラインドクターキュウシュウ",0
2816,9330001034724,01,0,2026-10-07,2026-10-07,"株式会社カッコイーブイｂａｓｅ‐ｃｏｎ",,301,"熊本県","熊本市中央区","桜町３番３０－８１４号",,43,101,8600805,,,,,,,2026-10-07,1,,,,,"カッコイーブイベースコン",0
2817,9330005005119,01,1,2026-10-07,2015-10-05,"正光寺",,399,"熊本県","阿蘇郡高森町","大字菅山２２５番地",,43,428,8691813,,,,,,,2015-10-05,1,,,,,"セイコウジ",0
2818,9330005011125,01,0,2026-10-07,2026-10-07,"特定非営利活動法人こうし・光の森ミライセンター",,399,"熊本県","合志市","幾久富１８６６番地６６３",,43,216,8611112,,,,,,,2026-10-07,1,,,,,"コウシヒカリノモリミライセンター",0
2819,9340001018569,01,1,2026-10-07,2015-10-05,"レアマネージメント株式会社",,301,"鹿児島県","鹿屋市","寿７丁目６番４５－１号ヴィゴラスタウンヴィンテージ１２１号",,46,203,8930014,,,,,,,2015-10-05,0,,,,,"レアマネジメント",0
2820,9340001018569,12,1,2026-10-07,2016-04-18,"レアマネージメント株式会社",,301,"神奈川県","横浜市西区","中央２丁目５０番地５パークテラス横浜ベイ１０３号",,14,103,2200051,,,,,,,2015-10-05,0,,,,,"レアマネジメント",0
2821,9340001018569,12,1,2026-10-07,2019-01-07,"レアマネージメント株式会社",,301,"鹿児島県","鹿児島市","上荒田町３７番１７号－４Ｆ",,46,201,8900055,,,,,,,2015-10-05,1,,,,,"レアマネジメント",0
2822,9340001019583,01,1,2026-10-07,2016-08-17,"株式会社和幸電気",,301,"鹿児島県","鹿児島市","桜ヶ丘１丁目２１番地１４",,46,201,8910175,,,,,,,2016-08-17,1,,,,,"カズユキデンキ",0
2823,9340001028469,01,0,2026-10-07,2026-10-07,"株式会社ＹＯＵ宇都口製茶",,301,"鹿児島県","霧島市","牧園町三体堂１７５２番地３",,46,218,8996502,,,,,,,2026-10-07,1,,,,,"ユーウトグチセイチャ",0
2824,9340001028477,01,0,2026-10-07,2026-10-07,"株式会社ＳｏＹｏｕ",,301,"鹿児島県","薩摩川内市","東大小路町２６番１４号",,46,215,8950075,,,,,,,2026-10-07,1,,,,,"ソーユー",0
2825,9340003005350,01,0,2026-10-07,2026-10-07,"合同会社Ｂｉｇｇガレージ",,305,"鹿児島県","出水市","上知識町１８－１",,46,208,8990212,,,,,,,2026-10-07,1,,,,,"ビックガレージ",0
2826,9340005001769,12,0,2026-10-07,2026-10-02,"医療法人健瑜会",,399,"鹿児島県","鹿児島市","原良４丁目２７番１号",,46,201,8900026,,,,,,,2015-10-05,1,,,,,"ケンユウカイ",0
2827,9340005003229,01,1,2026-10-07,2015-10-05,"安国寺",,399,"鹿児島県","薩摩川内市","中郷３丁目１４９番地",,46,215,8950072,,,,,,,2015-10-05,1,,,,,"アンコクジ",0
2828,9350001020276,01,1,2026-10-07,2026-09-24,"株式会社サンテック・ＧＯ",,301,"宮崎県","宮崎市","大字広原４６１１番地５",,45,201,8800125,,,,,,,2026-09-24,1,,,,,,0
2829,9350002011919,01,1,2026-10-07,2015-10-05,"有限会社河野設備工業",,302,"宮崎県","延岡市","伊達町２丁目９２番地１",,45,203,8820874,,,,,,,2015-10-05,1,,,,,"カワノセツビコウギョウ",0
2830,9350003002834,21,0,2026-10-07,2026-09-29,"合同会社Ｈｉｂｉｋｉ　Ｗｉｎｄ　Ｐｏｗｅｒ",,305,"宮崎県","都城市","山之口町富吉２５９２番地５",,45,202,8891801,,,2026-09-29,01,,,2017-01-25,1,,,,,"ヒビキウインドパワー",0
2831,9350003003205,21,0,2026-10-07,2026-09-29,"合同会社御坊バイオマスパワー",,305,"宮崎県","都城市","山之口町富吉２５９２番地５",,45,202,8891801,,,2026-09-29,01,,,2018-10-16,1,,,,,"ゴボウバイオマスパワー",0
2832,9360001032551,12,0,2026-10-07,2026-09-07,"Ｊｏｔｏｓ株式会社",,301,"沖縄県","宜野湾市","字喜友名１０３９番地Ｇタウンビル３－Ｄ",,47,205,9012222,,,,,,,2023-09-14,1,,,,,"ジョートス",0
2833,9360003016189,01,0,2026-10-07,2026-10-07,"合同会社ＭＫ",,305,"沖縄県","国頭郡恩納村","字恩納６３０３番地２",,47,311,9040411,,,,,,,2026-10-07,1,,,,,"エムケイ",0
2834,9370001054306,01,0,2026-10-07,2026-10-07,"ことぶきサポート株式会社",,301,"宮城県","仙台市青葉区","八幡７丁目１８番２５－３０７号",,04,101,9800871,,,,,,,2026-10-07,1,,,,,"コトブキサポート",0
2835,9370801000715,01,1,2026-10-07,2015-10-05,"ユニコン・エージェンシー株式会社",,301,"宮城県","名取市","高舘熊野堂字今成西２８番地の３",,04,207,9820041,,,,,,,2015-10-05,1,,,,,"ユニコンエージェンシー",0
2836,9390001017038,12,0,2026-10-07,2026-09-16,"株式会社奥山商事",,301,"山形県","尾花沢市","大字尾花沢１３７５番地の５",,06,212,9994221,,,,,,,2022-10-03,1,,,,,"オクヤマショウジ",0
2837,9420002011259,01,1,2026-10-07,2015-10-05,"有限会社戸沢研装",,302,"青森県","五所川原市","大字戸沢字玉清水１１９番地２",,02,205,0370601,,,,,,,2015-10-05,1,,,,,"トザワケンソウ",0
2838,9430001017066,01,1,2026-10-07,2015-10-05,"株式会社守信電業",,301,"北海道","札幌市東区","北二十七条東２２丁目６番１８号",,01,103,0650027,,,,,,,2015-10-05,1,,,,,"モリシンデンギョウ",0
2839,9430001045926,12,0,2026-10-07,2026-10-01,"株式会社リーマン",,301,"北海道","札幌市豊平区","中の島一条１丁目７番１４号",,01,105,0620921,,,,,,,2015-10-05,1,,,,,"リーマン",0
2840,9430001058440,21,0,2026-10-07,2026-10-02,"株式会社スクエア",,301,"北海道","札幌市白石区","東札幌二条１丁目３－２３",,01,104,0030002,,,2026-10-02,01,,,2015-10-05,1,,,,,"スクエア",0
2841,9430001072004,01,1,2026-10-07,2016-07-22,"株式会社グラスローズ",,301,"北海道","札幌市北区","新川四条１３丁目７番１５－５０５号",,01,102,0010924,,,,,,,2016-07-22,1,,,,,"グラスローズ",0
2842,9430001097793,01,0,2026-10-07,2026-10-07,"株式会社うずまき",,301,"北海道","札幌市白石区","南郷通９丁目南５番２１号",,01,104,0030022,,,,,,,2026-10-07,1,,,,,"ウズマキ",0
2843,9430001097827,01,0,2026-10-07,2026-10-07,"株式会社ＣＢ　ＰＲＯＭＯＴＩＯＮＳ",,301,"北海道","札幌市中央区","北一条西３丁目３番地３３リープロビル３０２",,01,101,0600001,,,,,,,2026-10-07,1,,,,,"シービープロモーションズ",0
2844,9430001097843,01,0,2026-10-07,2026-10-07,"株式会社ＰＥＡＣ",,301,"北海道","札幌市中央区","南五条西１５丁目２番３－５０３号",,01,101,0640805,,,,,,,2026-10-07,1,,,,,"ピーク",0
2845,9430002021232,01,1,2026-10-07,2015-10-05,"有限会社横山不動産",,302,"北海道","札幌市北区","新琴似七条２丁目２番２３号",,01,102,0010907,,,,,,,2015-10-05,1,,,,,"ヨコヤマフドウサン",0
2846,9430002041305,12,0,2026-10-07,2026-10-01,"有限会社スペースクラフト",,302,"北海道","札幌市南区","簾舞四条６丁目３番５号",,01,106,0612264,,,,,,,2015-10-05,1,,,,,"スペースクラフト",0
2847,9430003019498,01,0,2026-10-07,2026-10-07,"合同会社角田工務店",,305,"北海道","札幌市北区","篠路二条２丁目１２－３",,01,102,0028022,,,,,,,2026-10-07,1,,,,,"カクタコウムテン",0
2848,9440002004112,11,0,2026-10-07,2026-10-05,"株式会社ウィズ",,301,"北海道","函館市","昭和４丁目１７番１号",,01,202,0410812,,,,,,,2015-10-05,1,,,,,,0
2849,9460101007914,01,0,2026-10-07,2026-10-07,"株式会社ワジャタ",,301,"北海道","中川郡幕別町","札内中央町４７２番地",,01,643,0890543,,,,,,,2026-10-07,1,,,,,"ワジャタ",0
2850,9462505000107,01,1,2026-10-07,2015-10-05,"天理教徳俵分教会",00091462,399,"北海道","標津郡中標津町","大通南２丁目１番地",,01,692,0861142,,,,,,,2015-10-05,1,,,,,"テンリキョウトクダワラブンキョウカイ",0
2851,9470005002580,21,0,2026-10-07,2026-10-01,"教覺寺",00005656,399,"香川県","丸亀市","塩屋町５５番地",,37,202,7630065,,,2026-10-01,01,,,2015-10-05,1,,,,,,0
2852,9480002008695,12,0,2026-10-07,2026-10-01,"有限会社松江工業",,302,"徳島県","徳島市","丈六町長尾５１番地の９",,36,201,7714262,,,,,,,2015-10-05,1,,,,,"マツエコウギョウ",0
2853,9500001005690,21,0,2026-10-07,2026-10-02,"株式会社イカワコーポレーション",,301,"愛媛県","松山市","来住町５２４番地８",,38,201,7911102,,,2026-10-02,01,,,2015-10-05,1,,,,,"イカワコーポレーション",0
2854,9500001027165,01,0,2026-10-07,2026-10-07,"株式会社ＣＨＥＲＲＹ",,301,"愛媛県","松山市","保免西１丁目１１番２４号",,38,201,7900043,,,,,,,2026-10-07,1,,,,,"チェリー",0
2855,9500002016266,01,1,2026-10-07,2015-10-05,"有限会社オーエムテック",,302,"愛媛県","新居浜市","東雲町３丁目１番３７号",,38,205,7920864,,,,,,,2015-10-05,1,,,,,"オーエムテック",0
