1,1010001034813,71,0,2026-07-08,2026-06-08,"株式会社資生堂",,301,"東京都","中央区","銀座７丁目５番５号",,13,102,1040061,,,,,,"令和８年６月１日東京都中央区銀座七丁目５番５号資生堂クリエイティブ株式会社（7010001222544）を合併令和８年６月１日東京都中央区銀座七丁目５番５号資生堂インタラクティブビューティー株式会社（2010001219272）を合併",2015-10-05,1,,,,,"シセイドウ",0
2,1010001047328,01,1,2026-07-08,2015-10-05,"純正本社株式会社",,301,"東京都","中央区","日本橋本町４丁目４番１６号",,13,102,1030023,,,,,,,2015-10-05,1,,,,,"ジュンセイホンシャ",0
3,1010001112981,12,0,2026-07-08,2026-07-06,"株式会社アイ・エヌ・ジーグラフィックアーツ",,301,"埼玉県","草加市","松江２丁目１２番３０号",,11,221,3400013,,,,,,,2015-10-05,1,,,,,"アイエヌジーグラフィックアーツ",0
4,1010001129869,01,1,2026-07-08,2015-10-05,"円幸株式会社",,301,"東京都","千代田区","四番町１１番地３ヴェネオ四番町３階",,13,101,1020081,,,,,,,2015-10-05,0,,,,,"エンコウ",0
5,1010001129869,12,0,2026-07-08,2026-07-02,"円幸株式会社",,301,"埼玉県","鶴ヶ島市","大字脚折１４７０番地１３",,11,241,3502213,,,,,,,2015-10-05,1,,,,,"エンコウ",0
6,1010001178172,12,0,2026-07-08,2026-07-06,"株式会社ｅｖａｌｕｎｉ",,301,"東京都","中央区","新富１丁目４番１号７０２号室",,13,102,1040041,,,,,,,2016-09-08,1,,,,,"エヴァルニ",0
7,1010001236343,12,0,2026-07-08,2026-06-19,"アイワマーケティングジャパン株式会社",,301,"東京都","千代田区","神田須田町１丁目２３番地１",,13,101,1010041,,,,,,,2023-06-23,1,,,,,"アイワマーケティングジャパン",0
8,1010001245674,12,0,2026-07-08,2026-07-03,"東京レスキュー助人サービス株式会社",,301,"東京都","江東区","新大橋１丁目４番４号",,13,108,1350007,,,,,,,2024-06-11,1,,,,,"トウキョウレスキュースケットサービス",0
9,1010001254915,12,0,2026-07-08,2026-07-06,"株式会社ＢＲＩＧＨＴ",,301,"東京都","文京区","本郷４丁目１５番７号ＭＳＧビル４Ｆ",,13,105,1130033,,,,,,,2025-05-16,1,,,,,"ブライト",0
10,1010001256515,12,0,2026-07-08,2026-07-02,"株式会社ＪＵＪＩ",,301,"東京都","新宿区","新宿３丁目５－６キュープラザ新宿三丁目６Ｆ",,13,104,1600022,,,,,,,2025-07-02,1,,,,,"ジュウジ",0
11,1010001266877,01,0,2026-07-08,2026-07-08,"ＮＯＴ　Ａ　ＧＡＲＡＧＥ株式会社",,301,"東京都","中央区","晴海４丁目７番４号",,13,102,1040053,,,,,,,2026-07-08,1,,,,,"ノットアガレージ",0
12,1010003034183,12,0,2026-07-08,2026-06-12,"ＪＥＲＡ　Ｎｅｘ　ｂｐ　Ｊａｐａｎ合同会社",,305,"東京都","千代田区","永田町２丁目１０番３号",,13,101,1000014,,,,,,,2021-02-12,1,,,,,"ジェラネックスビーピージャパン",0
13,1010003042087,21,0,2026-07-08,2026-06-15,"黒岩レジデンシャル合同会社３",,305,"東京都","千代田区","丸の内１丁目４番１号東京共同会計事務所内",,13,101,1000005,,,2026-06-15,01,,,2023-10-31,1,,,,,"クロイワレジデンシャルサン",0
14,1010003051261,11,0,2026-07-08,2026-06-23,"オーロラ合同会社",,305,"東京都","千代田区","霞が関３丁目２番５号",,13,101,1000013,,,,,,,2026-05-25,1,,,,,"オーロラ",0
15,1010003051963,01,0,2026-07-08,2026-07-08,"合同会社ＷＳ７",,305,"東京都","中央区","新川１丁目１７番２４号",,13,102,1040033,,,,,,,2026-07-08,1,,,,,"ダブリューエスセブン",0
16,1010105002385,01,0,2026-07-08,2026-07-08,"一般社団法人バイクコミュニティ協会",,399,"東京都","八王子市","明神町２丁目２番８号八王子スカイマンション１０２号",,13,201,1920046,,,,,,,2026-07-08,1,,,,,"バイクコミュニティキョウカイ",0
17,1010401141325,12,0,2026-07-08,2026-07-06,"株式会社ジーエフ",,301,"東京都","千代田区","神田須田町１丁目７番８号",,13,101,1010041,,,,,,,2018-10-09,1,,,,,"ジーエフ",0
18,1010401193382,12,0,2026-07-08,2026-07-03,"株式会社ＵＰＹ",,301,"東京都","新宿区","高田馬場２丁目１７－３",,13,104,1690075,,,,,,,2025-09-30,1,,,,,"ユピー",0
19,1010401200097,01,0,2026-07-08,2026-07-08,"株式会社Ｓｐｏｒｔｏｖｉｔａ",,301,"東京都","港区","南青山３丁目１番３６号青山丸竹ビル６Ｆ",,13,103,1070062,,,,,,,2026-07-08,1,,,,,"スポルトヴィータ",0
20,1010403029840,12,0,2026-07-08,2026-06-16,"アーバンエナジーソーラー合同会社",,305,"東京都","港区","虎ノ門２丁目２番３号",,13,103,1050001,,,,,,,2023-04-06,1,,,,,"アーバンエナジーソーラー",0
21,1010501001800,12,0,2026-07-08,2026-07-02,"株式会社エーワン企画",,301,"東京都","千代田区","東神田３丁目６番１１号馬場ビル１Ｆ",,13,101,1010031,,,,,,,2015-10-05,1,,,,,"エーワンキカク",0
22,1010501016848,21,0,2026-07-08,2026-07-02,"株式会社アムールネット",,301,"東京都","台東区","浅草橋２丁目２０番９号",,13,106,1110053,,,2026-07-02,01,,,2015-10-05,1,,,,,"アムールネット",0
23,1010501020180,12,0,2026-07-08,2026-07-02,"周興業株式会社",,301,"東京都","台東区","東上野１丁目１３番５号",,13,106,1100015,,,,,,,2015-10-05,1,,,,,"シュウコウギョウ",0
24,1010503008372,01,0,2026-07-08,2026-07-08,"合同会社Ｌｉｅｎ",,305,"東京都","台東区","上野１丁目１７番６号広小路ビル８Ｆ－Ｂ",,13,106,1100005,,,,,,,2026-07-08,1,,,,,"リアン",0
25,1010701000965,21,0,2026-07-08,2026-06-01,"株式会社インターテック",,301,"東京都","品川区","南大井６丁目２１番１２号",,13,109,1400013,,,2026-06-01,11,2010701029541,"令和８年６月１日東京都品川区南大井六丁目２１番１２号株式会社インターテック販売（2010701029541）に合併し解散",2015-10-05,1,,,,,"インターテック",0
26,1010701031639,01,1,2026-07-08,2015-11-17,"フロッグ株式会社",,301,"東京都","品川区","小山７丁目３番１７号",,13,109,1420062,,,,,,,2015-11-17,1,,,,,"フロッグ",0
27,1010701049747,01,0,2026-07-08,2026-07-08,"株式会社ＫＭ＆Ｃ",,301,"東京都","品川区","西大井１丁目１５番９号",,13,109,1400015,,,,,,,2026-07-08,1,,,,,"ケイエムアンドシー",0
28,1010703008379,01,0,2026-07-08,2026-07-08,"合同会社カレンフル",,305,"東京都","品川区","西五反田５丁目６番１７－４０４号",,13,109,1410031,,,,,,,2026-07-08,1,,,,,"カレンフル",0
29,1010901033864,01,1,2026-07-08,2015-10-05,"株式会社ＮＩＩＫ",,301,"東京都","世田谷区","新町１丁目２２番１３シティハウス桜新町１００３",,13,112,1540014,,,,,,,2015-10-05,0,,,,,"ニーク",0
30,1010901033864,12,1,2026-07-08,2016-04-25,"株式会社ＮＩＩＫ",,301,"東京都","世田谷区","等々力１丁目９番１７号",,13,112,1580082,,,,,,,2015-10-05,0,,,,,"ニーク",0
31,1010901033864,12,1,2026-07-08,2024-10-17,"株式会社ＮＩＩＫ",,301,"東京都","渋谷区","上原２丁目３７－３－２０４",,13,113,1510064,,,,,,,2015-10-05,1,,,,,"ニーク",0
32,1010901048458,12,0,2026-07-08,2026-07-02,"株式会社Ｍ２コーポレーション",,301,"千葉県","長生郡一宮町","船頭給３３番地１－２０３号",,12,421,2994313,,,,,,,2021-04-09,1,,,,,"エムツーコーポレーション",0
33,1011001134917,01,1,2026-07-08,2020-07-27,"株式会社ＫＥＩ　ＣＡＰＩＴＡＬ",,301,"東京都","渋谷区","千駄ヶ谷５丁目１７番１８号オリエンタル千駄ヶ谷６０３号",,13,113,1510051,,,,,,,2020-07-27,0,,,,,"ケイキャピタル",0
34,1011001134917,12,0,2026-07-08,2026-07-03,"株式会社ＫＥＩ　ＣＡＰＩＴＡＬ",,301,"東京都","港区","東麻布２丁目２６番１６号ＦＵＪＩＲＥＳＩＤＥＮＣＥ４０２号",,13,103,1060044,,,,,,,2020-07-27,1,,,,,"ケイキャピタル",0
35,1011001168205,71,0,2026-07-08,2026-06-18,"株式会社ＭＣ",,301,"東京都","渋谷区","鶯谷町１３番１号ラ・トゥール代官山Ｊ－２０２",,13,113,1500032,,,,,,"令和８年４月１日東京都渋谷区恵比寿西１－１０－１０若葉西ビル８Ｆ株式会社ＭＣ（5010401166608）を合併",2025-03-07,1,,,,,"エムシー",0
36,1011001179037,01,0,2026-07-08,2026-07-08,"ランタンネットワークス株式会社",,301,"東京都","渋谷区","道玄坂１丁目１０番８号渋谷道玄坂東急ビル２Ｆ－Ｃ",,13,113,1500043,,,,,,,2026-07-08,1,,,,,"ランタンネットワークス",0
37,1011002010159,21,0,2026-07-08,2026-06-29,"有限会社原宿青果店",,302,"東京都","渋谷区","神宮前６丁目９番２号",,13,113,1500001,,,2026-06-29,01,,,2015-10-05,1,,,,,"ハラジュクセイカテン",0
38,1011003024678,01,0,2026-07-08,2026-07-08,"合同会社ＨＯＭＩＥＳ　ＶＩＢＥ",,305,"東京都","渋谷区","東２丁目２４－５渋谷東ビルＢ１Ｆ",,13,113,1500011,,,,,,,2026-07-08,1,,,,,"ホーミーズヴァイブ",0
39,1011003024819,01,0,2026-07-08,2026-07-08,"ＴＯＮＯ合同会社",,305,"東京都","渋谷区","広尾１丁目２番地１号ヒカリビル４階",,13,113,1500012,,,,,,,2026-07-08,1,,,,,"トノ",0
40,1011101057126,01,1,2026-07-08,2015-10-05,"プロスペック株式会社",,301,"東京都","新宿区","中里町２７番地",,13,104,1620804,,,,,,,2015-10-05,0,,,,,"プロスペック",0
41,1011101057126,12,1,2026-07-08,2026-06-17,"プロスペック株式会社",,301,"東京都","新宿区","早稲田鶴巻町５７２番地３",,13,104,1620041,,,,,,,2015-10-05,1,,,,,"プロスペック",0
42,1011101116550,01,0,2026-07-08,2026-07-08,"株式会社ＴＫＲ",,301,"東京都","新宿区","新宿２丁目８番１５号パークフロント新宿２０２号室",,13,104,1600022,,,,,,,2026-07-08,1,,,,,"ティーケーアール",0
43,1011101116716,01,0,2026-07-08,2026-07-08,"株式会社ちよりハウス",,301,"東京都","新宿区","西新宿３丁目３番１３号西新宿水間ビル６階",,13,104,1600023,,,,,,,2026-07-08,1,,,,,"チヨリハウス",0
44,1011103003846,12,0,2026-07-08,2026-06-19,"株式会社スカイリブ環境計画",,301,"東京都","新宿区","新宿４丁目３番１７号",,13,104,1600022,,,,,,,2015-10-05,1,,,,,"スカイリブカンキョウケイカク",0
45,1011301030337,12,0,2026-07-08,2026-07-03,"マーモット株式会社",,301,"東京都","武蔵野市","吉祥寺本町２丁目２８番７号３Ｆ",,13,203,1800004,,,,,,,2025-02-06,1,,,,,"マーモット",0
46,1011301031657,01,0,2026-07-08,2026-07-08,"ＪＢ　Ｅｎｇｌｉｓｈ　Ｓｃｈｏｏｌ国立校株式会社",,301,"東京都","杉並区","和泉３丁目６番地の１彌生堂ビル",,13,115,1680063,,,,,,,2026-07-08,1,,,,,"ジェービーイングリッシュスクールクニタチコウ",0
47,1011601006210,01,1,2026-07-08,2015-10-05,"ホーエイ株式会社",,301,"東京都","練馬区","豊玉上２丁目２６番１６号",,13,120,1760011,,,,,,,2015-10-05,1,,,,,"ホーエイ",0
48,1011601028667,12,0,2026-07-08,2026-07-06,"リオ株式会社",,301,"千葉県","流山市","三輪野山２丁目３０１番地６－３１１",,12,220,2700175,,,,,,,2025-05-29,1,,,,,"リオ",0
49,1011701022099,12,0,2026-07-08,2026-07-02,"株式会社プラチナ",,301,"神奈川県","横浜市保土ケ谷区","狩場町１７１－１８",,14,106,2400025,,,,,,,2018-09-25,1,,,,,"プラチナ",0
50,1011701024896,12,0,2026-07-08,2026-07-03,"株式会社Ｂｅｌｌｏｓ",,301,"東京都","港区","南青山３丁目１番３６号青山丸竹ビル６階",,13,103,1070062,,,,,,,2021-12-09,1,,,,,"ベローズ",0
51,1011801004600,21,0,2026-07-08,2026-07-01,"マルシン工業株式会社",,301,"東京都","足立区","西新井７丁目１９番１２号",,13,121,1230841,,,2026-07-01,11,5010501014162,"令和８年７月１日東京都足立区西新井七丁目１９番１２号株式会社山城（5010501014162）に合併し解散",2015-10-05,1,,,,,"マルシンコウギョウ",0
52,1011801016868,71,0,2026-07-08,2026-06-05,"株式会社天正フヨー印刷",,301,"東京都","足立区","扇１丁目１４番３号",,13,121,1230873,,,,,,"令和８年６月１日東京都荒川区荒川七丁目４番３号フヨー印刷株式会社（7011501008573）を合併",2015-10-05,1,,,,,"テンショウインサツ",0
53,1012301014916,01,0,2026-07-08,2026-07-08,"株式会社Ｆｅｌｓｔｒｉｘ",,301,"東京都","町田市","つくし野１丁目２２番地１４",,13,209,1940001,,,,,,,2026-07-08,1,,,,,"フェルストリックス",0
54,1012401044648,01,0,2026-07-08,2026-07-08,"株式会社りらいふ",,301,"東京都","多摩市","鶴牧２丁目２１番地の５",,13,224,2060034,,,,,,,2026-07-08,1,,,,,"リライフ",0
55,1012801024836,01,0,2026-07-08,2026-07-08,"株式会社オーエヌオー",,301,"東京都","昭島市","緑町２丁目４番１号",,13,207,1960004,,,,,,,2026-07-08,1,,,,,"オーエヌオー",0
56,1013301030473,12,0,2026-07-08,2026-07-02,"株式会社ピーツーティー",,301,"東京都","豊島区","東池袋２丁目６２番８号ＢＩＧオフィスプラザ池袋１２０６",,13,116,1700013,,,,,,,2015-10-05,1,,,,,"ピーツーティー",0
57,1013301038203,12,0,2026-07-08,2026-07-03,"キャピタルパートナーシップ株式会社",,301,"東京都","豊島区","池袋２丁目４２番３号",,13,116,1710014,,,,,,,2016-01-15,1,,,,,"キャピタルパートナーシップ",0
58,1013301056452,01,0,2026-07-08,2026-07-08,"ディウルヌ株式会社",,301,"東京都","豊島区","東池袋２丁目６２－８ＢＩＧオフィスプラザ池袋１２０６",,13,116,1700013,,,,,,,2026-07-08,1,,,,,"ディウルヌ",0
59,1020001002752,21,0,2026-07-08,2026-06-29,"株式会社オガワベーカリー",,301,"神奈川県","横浜市磯子区","久木町１４番１１号",,14,107,2350015,,,2026-06-29,01,,,2015-10-05,1,,,,,"オガワベーカリー",0
60,1020001046477,01,1,2026-07-08,2015-10-05,"株式会社ドルフィン・キック",,301,"神奈川県","横浜市青葉区","藤が丘２丁目１１番地６",,14,117,2270043,,,,,,,2015-10-05,1,,,,,"ドルフィンキック",0
61,1020001047310,01,1,2026-07-08,2015-10-05,"株式会社湘和住建",,301,"神奈川県","横浜市旭区","市沢町５６４番地２７",,14,112,2410014,,,,,,,2015-10-05,1,,,,,"ショウワジュウケン",0
62,1020001053696,01,1,2026-07-08,2015-10-05,"イリソ電子工業株式会社",,301,"神奈川県","横浜市港北区","新横浜２丁目１３番地８",,14,109,2220033,,,,,,,2015-10-05,0,,,,,"イリソデンシコウギョウ",0
63,1020001053696,71,1,2026-07-08,2024-01-04,"イリソ電子工業株式会社",,301,"神奈川県","横浜市港北区","新横浜２丁目１３番地８",,14,109,2220033,,,,,,"令和６年１月１日岩手県花巻市北湯口第１８地割１４番４２有限会社イリソエンジニアリング（7400002011279）を合併",2015-10-05,1,,,,,"イリソデンシコウギョウ",0
64,1020001164304,12,0,2026-07-08,2026-06-29,"株式会社アンダーツリー",,301,"神奈川県","川崎市高津区","久本１丁目６－８－２５号室",,14,134,2130011,,,,,,,2025-08-18,1,,,,,"アンダーツリー",0
65,1020001169410,01,0,2026-07-08,2026-07-08,"株式会社カズキインターナショナル",,301,"神奈川県","横浜市泉区","上飯田町８６４番地１１",,14,116,2450018,,,,,,,2026-07-08,1,,,,,"カズキインターナショナル",0
66,1020001169435,01,0,2026-07-08,2026-07-08,"アトリエライン株式会社",,301,"神奈川県","横浜市旭区","上白根町８９４番地の５５",,14,112,2410001,,,,,,,2026-07-08,1,,,,,"アトリエライン",0
67,1020002012040,01,1,2026-07-08,2015-10-05,"有限会社新屋企業",,302,"神奈川県","横浜市戸塚区","名瀬町２４６０番地",,14,110,2450051,,,,,,,2015-10-05,1,,,,,"シンヤキギョウ",0
68,1020002092108,01,1,2026-07-08,2015-10-05,"有限会社かねたや",,302,"神奈川県","川崎市多摩区","堰３丁目７番１８号",,14,135,2140022,,,,,,,2015-10-05,1,,,,,"カネタヤ",0
69,1021001040180,01,1,2026-07-08,2015-10-05,"株式会社技公",,301,"神奈川県","横須賀市","大矢部１丁目８番１２号",,14,201,2380024,,,,,,,2015-10-05,0,,,,,"ギコウ",0
70,1021001040180,21,1,2026-07-08,2026-05-25,"株式会社技公",,301,"神奈川県","横須賀市","大矢部１丁目８番１２号",,14,201,2380024,,,2026-05-25,01,,,2015-10-05,0,,,,,"ギコウ",0
71,1021001040180,22,1,2026-07-08,2026-06-10,"株式会社技公",,301,"神奈川県","横須賀市","大矢部１丁目８番１２号",,14,201,2380024,,,,,,,2015-10-05,1,,,,,"ギコウ",0
72,1021001070302,12,0,2026-07-08,2026-05-25,"株式会社ＲＩＳＥ　ＥＩＧＨＴ",,301,"神奈川県","相模原市南区","相模大野４丁目５番２号",,14,153,2520303,,,,,,,2020-07-14,1,,,,,"ライズエイト",0
73,1021001088617,01,0,2026-07-08,2026-07-08,"株式会社はじめ",,301,"神奈川県","海老名市","国分南１丁目２―１８第８三幸ビル３０１号室",,14,215,2430405,,,,,,,2026-07-08,1,,,,,"ハジメ",0
74,1021002029628,12,0,2026-07-08,2026-06-15,"株式会社ジューン企画",,301,"神奈川県","相模原市中央区","田名４８２８番地１",,14,152,2520244,,,,,,,2015-10-05,1,,,,,,0
75,1021003003490,01,1,2026-07-08,2015-10-05,"合資会社タカサン",,304,"神奈川県","横須賀市","池上２丁目１２－２５・１０３号",,14,201,2380035,,,,,,,2015-10-05,0,,,,,"タカサン",0
76,1021003003490,21,0,2026-07-08,2026-06-15,"合資会社タカサン",,304,"神奈川県","横須賀市","池上２丁目１２－２５・１０３号",,14,201,2380035,,,2026-06-15,01,,,2015-10-05,1,,,,,"タカサン",0
77,1021005010691,01,1,2026-07-08,2016-07-14,"特定非営利活動法人ＨＯＮＫＩ　Ｕｎｉｖｅｒｓｉｔｙ",,399,"神奈川県","茅ヶ崎市","美住町１０番２２号",,14,207,2530023,,,,,,,2016-07-14,1,,,,,"ホンキユニバーシティ",0
78,1030001001159,01,1,2026-07-08,2015-10-05,"株式会社エム・ケイビジョン",,301,"埼玉県","さいたま市桜区","大字五関３５０番地の１",,11,106,3380815,,,,,,,2015-10-05,0,,,,,"エムケイビジョン",0
79,1030001001159,12,1,2026-07-08,2026-06-01,"株式会社エム・ケイビジョン",,301,"埼玉県","さいたま市大宮区","櫛引町１丁目３０１番地",,11,103,3300851,,,,,,,2015-10-05,0,,,,,"エムケイビジョン",0
80,1030001001159,71,1,2026-07-08,2026-06-01,"株式会社エム・ケイビジョン",,301,"埼玉県","さいたま市大宮区","櫛引町１丁目３０１番地",,11,103,3300851,,,,,,"令和８年６月１日埼玉県さいたま市大宮区櫛引町一丁目３０１番地株式会社エム・ケイホールディングス（8030001017108）を合併",2015-10-05,1,,,,,"エムケイビジョン",0
81,1030001101017,01,1,2026-07-08,2015-10-05,"株式会社将翔",,301,"埼玉県","ふじみ野市","鶴ケ岡４丁目８番４３号",,11,245,3560045,,,,,,,2015-10-05,1,,,,,"マサト",0
82,1030001127862,21,0,2026-07-08,2026-06-24,"株式会社リライブ",,301,"埼玉県","三郷市","早稲田６丁目２８番地７",,11,237,3410018,,,2026-06-24,01,,,2018-10-17,1,,,,,"リライブ",0
83,1030001130635,21,0,2026-07-08,2026-07-01,"報徳石産株式会社",,301,"埼玉県","児玉郡神川町","大字元阿保４７番地２",,11,383,3670247,,,2026-07-01,11,4013301006248,"令和８年７月１日埼玉県さいたま市大宮区桜木町四丁目３８４番地ＳＫマテリアル株式会社（4013301006248）に合併し解散",2019-04-24,1,,,,,"ホウトクセキサン",0
84,1030001136459,12,0,2026-07-08,2026-07-02,"株式会社ＲＩＳＥ",,301,"千葉県","松戸市","西馬橋３丁目３１番地の１３",,12,207,2710044,,,,,,,2020-05-13,1,,,,,"ライズ",0
85,1030001143133,21,0,2026-07-08,2026-06-25,"株式会社Ｇｉｍｍｉｃｋｉｅ",,301,"埼玉県","蕨市","中央２丁目３７番６号",,11,223,3350004,,,2026-06-25,01,,,2021-07-07,1,,,,,"ギミッキー",0
86,1030001173188,01,0,2026-07-08,2026-07-08,"株式会社ＫＲ",,301,"埼玉県","秩父市","吉田久長２６１",,11,207,3691501,,,,,,,2026-07-08,1,,,,,"ケーアール",0
87,1030001173205,01,0,2026-07-08,2026-07-08,"株式会社シェ・ソワ",,301,"埼玉県","所沢市","東住吉１１番１‐１９０４号シティタワー所沢クラッシィ",,11,208,3591124,,,,,,,2026-07-08,1,,,,,"シェソワ",0
88,1030001173254,01,0,2026-07-08,2026-07-08,"株式会社ジョリーロジャース",,301,"埼玉県","所沢市","大字山口６３５番地の８",,11,208,3591145,,,,,,,2026-07-08,1,,,,,"ジョリーロジャース",0
89,1030003029603,01,0,2026-07-08,2026-07-08,"合同会社ジェイティー",,305,"埼玉県","本庄市","万年寺１丁目１２番１１号",,11,211,3670064,,,,,,,2026-07-08,1,,,,,"ジェイティー",0
90,1030005012581,21,0,2026-07-08,2026-06-25,"特定非営利活動法人ニコニコホーム・笑顔",,399,"埼玉県","川口市","青木４丁目２７番１８号",,11,203,3320031,,,2026-06-25,01,,,2015-10-05,1,,,,,"ニコニコホームエガオ",0
91,1030005016806,12,0,2026-07-08,2026-06-11,"特定非営利活動法人さやま生涯学習をすすめる市民の会",,399,"埼玉県","狭山市","入間川２丁目２３番５号４０８",,11,215,3501305,,,,,,,2015-10-05,1,,,,,,0
92,1040001086538,01,1,2026-07-08,2015-10-05,"ヴァリーホーム株式会社",,301,"千葉県","船橋市","旭町２丁目５番２５号",,12,204,2730041,,,,,,,2015-10-05,1,,,,,"ヴァリーホーム",0
93,1040001092164,01,1,2026-07-08,2015-10-05,"株式会社ナガノ",,301,"千葉県","成田市","台方９８番地２",,12,211,2860003,,,,,,,2015-10-05,1,,,,,"ナガノ",0
94,1040001140261,11,0,2026-07-08,2026-07-06,"東吉通商株式会社",,301,"東京都","豊島区","東池袋５丁目４９－５－４階",,13,116,1700013,,,,,,,2025-09-01,1,,,,,"トウキチツウショウ",0
95,1040001142803,12,0,2026-07-08,2026-07-06,"ＴＧＯ株式会社",,301,"埼玉県","比企郡小川町","大字中爪９９２番地６",,11,343,3550314,,,,,,,2026-03-12,1,,,,,"ティージーオー",0
96,1040001144428,01,0,2026-07-08,2026-07-08,"株式会社ブルームアクシス",,301,"千葉県","千葉市稲毛区","長沼原町２４２番地１",,12,103,2630001,,,,,,,2026-07-08,1,,,,,"ブルームアクシス",0
97,1040001144477,01,0,2026-07-08,2026-07-08,"株式会社ＶＯＹＡＧＥＲ",,301,"千葉県","千葉市若葉区","千城台東２丁目１１番８号",,12,104,2640002,,,,,,,2026-07-08,1,,,,,"ヴォイジャー",0
98,1040002100207,01,1,2026-07-08,2015-10-05,"有限会社富永電気",,302,"千葉県","安房郡鋸南町","下佐久間３６２８番地の２",,12,463,2992115,,,,,,,2015-10-05,1,,,,,"トミナガデンキ",0
99,1040003022920,12,0,2026-07-08,2026-07-06,"合同会社ウエストテール",,305,"東京都","台東区","東上野６丁目２７番６号イグレック３０１",,13,106,1100015,,,,,,,2023-07-10,1,,,,,"ウエストテール",0
100,1040003030337,01,0,2026-07-08,2026-07-08,"合同会社クラミ",,305,"千葉県","船橋市","宮本６丁目２８番１２号リラフォート１０１号",,12,204,2730003,,,,,,,2026-07-08,1,,,,,"クラミ",0
101,1040005005956,01,1,2026-07-08,2015-10-05,"特定非営利活動法人流山史跡ガイドの会",,399,"千葉県","流山市","平和台３丁目７番地の２２青柳孝司宅",,12,220,2700157,,,,,,,2015-10-05,0,,,,,"ナガレヤマシセキガイドノカイ",0
102,1040005005956,12,1,2026-07-08,2024-11-20,"特定非営利活動法人流山史跡ガイドの会",,399,"千葉県","流山市","江戸川台西１丁目５７番地の３田村哲三宅",,12,220,2700115,,,,,,,2015-10-05,0,,,,,"ナガレヤマシセキガイドノカイ",0
103,1040005005956,12,1,2026-07-08,2026-06-15,"特定非営利活動法人流山史跡ガイドの会",,399,"千葉県","流山市","大字東深井９２１番地の１０",,12,220,2700101,,,,,,,2015-10-05,1,,,,,"ナガレヤマシセキガイドノカイ",0
104,1040005019007,12,0,2026-07-08,2026-06-01,"一般社団法人串浜山林組合",,399,"千葉県","勝浦市","串浜７９０番地の１",,12,218,2995226,,,,,,,2016-04-12,1,,,,,"クシハマサンリンクミアイ",0
105,1050001037663,01,1,2026-07-08,2015-10-05,"株式会社エフゼロ",,301,"茨城県","水戸市","城南２丁目１２番４９－１００１号",,08,201,3100803,,,,,,,2015-10-05,1,,,,,"エフゼロ",0
106,1050001058627,01,0,2026-07-08,2026-07-08,"株式会社Ｇｌｏｂａｌ　ｔｒａｄｅ",,301,"茨城県","坂東市","桐木６３１番地２",,08,228,3060636,,,,,,,2026-07-08,1,,,,,"グローバルトレード",0
107,1050003008357,12,0,2026-07-08,2026-07-06,"ＡＺ貿易合同会社",,305,"千葉県","野田市","新田戸字大道前８８番",,12,208,2700212,,,,,,,2024-05-15,1,,,,,"エーゼットボウエキ",0
108,1060001016906,71,0,2026-07-08,2026-07-01,"岩崎醤油株式会社",,301,"栃木県","栃木市","藤岡町藤岡１８４３番地",,09,203,3231104,,,,,,"令和８年７月１日栃木県栃木市藤岡町藤岡１８４３番地藤岡総業有限会社（6060002033656）を合併",2015-10-05,1,,,,,"イワサキショウユ",0
109,1060001039428,01,0,2026-07-08,2026-07-08,"Ｎｅｘｔｅｒ株式会社",,301,"栃木県","那須烏山市","森田８２５－３",,09,215,3210514,,,,,,,2026-07-08,1,,,,,"ネクステラ",0
110,1060001039436,01,0,2026-07-08,2026-07-08,"ＹＡＭＡＴＯ‐ＥＮＧ株式会社",,301,"栃木県","佐野市","富岡町１４１８番地キーステーションビル１Ｆ",,09,204,3270844,,,,,,,2026-07-08,1,,,,,"ヤマトエンジ",0
111,1060002001741,12,0,2026-07-08,2026-07-01,"有限会社鵜の木",,302,"栃木県","宇都宮市","田下町８８７番地３０",,09,201,3210343,,,,,,,2015-10-05,1,,,,,"ウノキ",0
112,1060002003572,01,1,2026-07-08,2015-10-05,"有限会社毛塚防災",,302,"栃木県","宇都宮市","鶴田町２９３１番地３",,09,201,3200851,,,,,,,2015-10-05,1,,,,,"ケヅカボウサイ",0
113,1070001040525,12,0,2026-07-08,2026-07-01,"株式会社宮下不動産",,301,"群馬県","渋川市","白井５８１番地２",,10,208,3770204,,,,,,,2023-06-08,1,,,,,"ミヤシタフドウサン",0
114,1070002020807,21,0,2026-07-08,2026-07-01,"有限会社ダイト",,302,"群馬県","佐波郡玉村町","大字下新田２００番地１",,10,464,3701132,,,2026-07-01,01,,,2015-10-05,1,,,,,"ダイト",0
115,1070002036695,01,1,2026-07-08,2015-10-05,"長野原共立部品有限会社",,302,"群馬県","吾妻郡長野原町","大字大津２２７番地",,10,424,3771308,,,,,,,2015-10-05,0,,,,,"ナガノハラキョウリツブヒン",0
116,1070002036695,21,0,2026-07-08,2026-07-02,"長野原共立部品有限会社",,302,"群馬県","吾妻郡長野原町","大字大津２２７番地",,10,424,3771308,,,2026-07-02,01,,,2015-10-05,1,,,,,"ナガノハラキョウリツブヒン",0
117,1070003006499,01,0,2026-07-08,2026-07-08,"合同会社蛭川電工",,305,"群馬県","前橋市","富士見町石井１７４７番地４",,10,201,3710105,,,,,,,2026-07-08,1,,,,,"ヒルカワデンコウ",0
118,1070005004955,01,1,2026-07-08,2015-10-05,"協同組合川内ガス供給センター",,399,"群馬県","桐生市","川内町３丁目３６８番地の１",,10,203,3760041,,,,,,,2015-10-05,0,,,,,"カワウチガスキョユウキュウセンター",0
119,1070005004955,12,1,2026-07-08,2018-04-05,"協同組合川内ガス供給センター",,399,"群馬県","みどり市","大間々町大間々１７５７番地４",,10,212,3760101,,,,,,,2015-10-05,0,,,,,"カワウチガスキョユウキュウセンター",0
120,1070005004955,21,0,2026-07-08,2026-07-01,"協同組合川内ガス供給センター",,399,"群馬県","みどり市","大間々町大間々１７５７番地４",,10,212,3760101,,,2026-07-01,01,,,2015-10-05,1,,,,,"カワウチガスキョユウキュウセンター",0
121,1070005005177,21,0,2026-07-08,2026-07-01,"桐生小売酒販組合",,399,"群馬県","桐生市","三吉町２丁目１番１１号",,10,203,3760005,,,2026-07-01,01,,,2015-10-05,1,,,,,"キリュウコウリ",0
122,1080001012969,71,0,2026-07-08,2026-07-01,"大鐘測量設計株式会社",,301,"静岡県","島田市","中央町３１番１０号",,22,209,4270042,,,,,,"令和８年７月１日静岡県島田市中央町３１番１０号有限会社アペオ（2080002013412）を合併",2015-10-05,1,,,,,"オオガネソクリョウセッケイ",0
123,1080001017877,01,1,2026-07-08,2015-10-05,"藤原不動産株式会社",,301,"静岡県","静岡市清水区","東大曲町５番１７号",,22,103,4240045,,,,,,,2015-10-05,1,,,,,"フジワラフドウサン",0
124,1080001023215,21,0,2026-07-08,2026-07-02,"株式会社ＥＳエンタープライズ",,301,"静岡県","静岡市駿河区","中田１丁目８番１０号",,22,102,4228041,,,2026-07-02,01,,,2019-11-13,1,,,,,"イーエスエンタープライズ",0
125,1080001023792,12,0,2026-07-08,2026-07-02,"株式会社Ｌｉｅｎ",,301,"静岡県","島田市","東町１４３０番地",,22,209,4270011,,,,,,,2020-10-13,1,,,,,"リアン",0
126,1080102000690,01,1,2026-07-08,2015-10-05,"有限会社大島自動車整備工場",,302,"静岡県","沼津市","東原２３３番地の１",,22,203,4100304,,,,,,,2015-10-05,1,,,,,"オオシマジドウシャセイビコウジョウ",0
127,1080103001226,01,1,2026-07-08,2015-10-05,"合同会社とれとれ富士山",,305,"静岡県","富士市","吉原５丁目１番１－１２０４号エンゼルハイム吉原",,22,210,4170051,,,,,,,2015-10-05,1,,,,,"トレトレフジサン",0
128,1080105001190,12,0,2026-07-08,2026-06-30,"御殿場たばこ販売協同組合",,399,"静岡県","御殿場市","新橋１４０８番地の２",,22,215,4120043,,,,,,,2015-10-05,1,,,,,"ゴテンバタバコハンバイ",0
129,1080401023938,12,0,2026-07-08,2026-06-26,"株式会社ゆうぽーと",,301,"静岡県","浜松市中央区","入野町６３００－１東",,22,138,4328061,,,,,,,2019-10-23,1,,,,,"ユウポート",0
130,1090001019971,01,0,2026-07-08,2026-07-08,"ＦＥＬＩＳＥ株式会社",,301,"山梨県","笛吹市","一宮町竹原田１３２２番地２",,19,211,4050076,,,,,,,2026-07-08,1,,,,,"フェリス",0
131,1100001012917,11,0,2026-07-08,2026-07-01,"株式会社甲斐ウイング",,301,"長野県","松本市","石芝４丁目２番２号",,20,202,3990007,,,,,,,2015-10-05,1,,,,,"カイウイング",0
132,1100001026322,01,1,2026-07-08,2015-10-05,"Ｓａｂｃｏ　Ｈｏｌｄｉｎｇｓ株式会社",,301,"長野県","北安曇郡白馬村","大字北城４６０８番地",,20,485,3999301,,,,,,,2015-10-05,1,,,,,"サブコホールディングス",0
133,1100005013515,01,0,2026-07-08,2026-07-08,"特定非営利活動法人エディブルガーデンベース",,399,"長野県","長野市","若穂川田８７４番地６",,20,201,3810103,,,,,,,2026-07-08,1,,,,,"エディブルガーデンベース",0
134,1110001026858,12,0,2026-07-08,2026-06-30,"大成デベロップ株式会社",,301,"新潟県","魚沼市","長堀新田２０８番地３",,15,225,9460107,,,,,,,2015-10-05,1,,,,,"タイセイデベロップ",0
135,1110001027022,01,1,2026-07-08,2015-10-05,"株式会社一圓相",,301,"新潟県","南魚沼市","宮１７１３番地",,15,226,9496775,,,,,,,2015-10-05,1,,,,,"イチエンソウ",0
136,1110003006230,01,0,2026-07-08,2026-07-08,"合同会社ＳＢＣクリエイト",,305,"新潟県","新潟市西区","山田４１６番地１第２大鵬ビル２階",,15,107,9501101,,,,,,,2026-07-08,1,,,,,"エスビーシークリエイト",0
137,1110005017374,01,0,2026-07-08,2026-07-08,"農事組合法人あまの",,399,"新潟県","新潟市江南区","天野１５０１番地",,15,104,9501134,,,,,,,2026-07-08,1,,,,,"アマノ",0
138,1120001017245,11,0,2026-07-08,2026-07-01,"ＣＪＯ株式会社",,301,"大阪府","大阪市中央区","南船場２丁目１０番２０号",,27,128,5420081,,,,,,,2015-10-05,1,,,,,"シージェイオー",0
139,1120001155400,12,0,2026-07-08,2026-07-01,"株式会社岡田土木設計",,301,"大阪府","大阪市北区","西天満２丁目６番８号堂島ビルヂング",,27,127,5300047,,,,,,,2015-10-05,1,,,,,"オカダドボクセッケイ",0
140,1120001183657,21,0,2026-07-08,2026-07-01,"株式会社関西エコクリアリング",,301,"大阪府","大阪市淀川区","三津屋北２丁目１１番６号",,27,123,5320032,,,2026-07-01,01,,,2015-10-05,1,,,,,,0
141,1120001202978,12,0,2026-07-08,2026-07-01,"株式会社ＰＯＷＥＲ　ＧＡＴＥ",,301,"大阪府","大阪市浪速区","桜川４丁目１２－８－５０８",,27,111,5560022,,,,,,,2017-01-12,1,,,,,"パワーゲイト",0
142,1120001232307,12,0,2026-07-08,2026-07-06,"ＳＡＮＳＥＩ管理株式会社",,301,"大阪府","大阪市北区","梅田１丁目１番３－２００号大阪駅前第３ビル２階３５号",,27,127,5300001,,,,,,,2020-10-09,1,,,,,"サンセイカンリ",0
143,1120001235598,12,0,2026-07-08,2026-07-03,"株式会社Ｇｅａｃｓ",,301,"大阪府","寝屋川市","葛原１丁目３５番１０号",,27,215,5720075,,,,,,,2021-03-01,1,,,,,"ジークス",0
144,1120001268292,12,0,2026-07-08,2026-07-03,"藤原建業株式会社",,301,"大阪府","大阪市中央区","南本町１丁目３番２３号",,27,128,5410054,,,,,,,2024-09-05,1,,,,,"フジワラケンギョウ",0
145,1120001272170,12,0,2026-07-08,2026-07-01,"株式会社ＪＭＡ",,301,"大阪府","大阪市浪速区","難波中２丁目６番１０号エスリード難波ステーションプラザ１００４号室",,27,111,5560011,,,,,,,2025-01-23,1,,,,,"ジェイエムエー",0
146,1120001286550,12,0,2026-07-08,2026-07-01,"ＲＩＯＮ商事株式会社",,301,"大阪府","大阪市浪速区","塩草３丁目１番２７号",,27,111,5560024,,,,,,,2026-05-25,1,,,,,"リオンショウジ",0
147,1120001287524,01,0,2026-07-08,2026-07-08,"エスロジスティクス株式会社",,301,"大阪府","大阪市西区","北堀江１丁目５－２四ツ橋新興産ビル９Ｆ",,27,106,5500014,,,,,,,2026-07-08,1,,,,,"エスロジスティクス",0
148,1120001287549,01,0,2026-07-08,2026-07-08,"株式会社ＲｉＯ",,301,"大阪府","寝屋川市","平池町１１番８号",,27,215,5720839,,,,,,,2026-07-08,1,,,,,"リオ",0
149,1120001287664,01,0,2026-07-08,2026-07-08,"株式会社ＲｅｎＶｉａ",,301,"大阪府","大阪市北区","梅田１丁目１番３号大阪駅前第３ビル１１階２号室",,27,127,5300001,,,,,,,2026-07-08,1,,,,,"レンヴィア",0
150,1120001287697,01,0,2026-07-08,2026-07-08,"株式会社石原ワークコンサル",,301,"大阪府","大阪市北区","梅田１丁目２番２号大阪駅前第２ビル１２－１２",,27,127,5300001,,,,,,,2026-07-08,1,,,,,"イシハラワークコンサル",0
151,1120002007451,21,0,2026-07-08,2026-07-01,"有限会社森ノ宮薬局",,302,"大阪府","大阪市東成区","中道１丁目４番２－１０３号",,27,115,5370025,,,2026-07-01,01,,,2015-10-05,1,,,,,"モリノミヤヤッキョク",0
152,1120003029362,21,0,2026-07-08,2026-06-30,"ＳＣＯＬＥ合同会社",,305,"大阪府","大阪市北区","梅田１丁目１－３大阪駅前第３ビル２９階１－１－１号室",,27,127,5300001,,,2026-06-30,01,,,2025-05-20,1,,,,,"スコレー",0
153,1120101030560,01,1,2026-07-08,2015-10-05,"福株式会社",,301,"千葉県","市原市","引田３０５番地４",,12,219,2900256,,,,,,,2015-10-05,1,,,,,"フク",0
154,1120101071290,12,0,2026-07-08,2026-07-06,"株式会社ＨＵＧ",,301,"兵庫県","西宮市","浜甲子園２丁目１６番１２号３－１Ｆ",,28,204,6638154,,,,,,,2025-03-19,1,,,,,"ハグ",0
155,1120101074005,01,0,2026-07-08,2026-07-08,"株式会社小田工業",,301,"大阪府","堺市西区","原田９２番地２",,27,144,5938317,,,,,,,2026-07-08,1,,,,,"オダコウギョウ",0
156,1120101074013,01,0,2026-07-08,2026-07-08,"株式会社西川建設",,301,"大阪府","貝塚市","小瀬５番地２０３号",,27,208,5970021,,,,,,,2026-07-08,1,,,,,"ニシカワケンセツ",0
157,1120103007235,01,0,2026-07-08,2026-07-08,"ＬＩＣＨＴ合同会社",,305,"大阪府","堺市南区","逆瀬川１２８０－１９６",,27,145,5900123,,,,,,,2026-07-08,1,,,,,"リヒト",0
158,1120901035412,11,0,2026-07-08,2026-07-01,"国税ＯＢパートナーズ株式会社",,301,"兵庫県","西宮市","石刎町８番７－１０３号",,28,204,6620074,,,,,,,2015-10-05,1,,,,,"コクゼイオービーパートナーズ",0
159,1120901038943,01,1,2026-07-08,2017-09-14,"ＳＯＬＴＩＬＯ　Ｎｏｗ　Ｄｏ株式会社",,301,"大阪府","吹田市","垂水町３丁目３４番１５号",,27,205,5640062,,,,,,,2017-09-14,0,,,,,,0
160,1120901038943,11,1,2026-07-08,2018-05-17,"Ｎｏｗ　Ｄｏ株式会社",,301,"大阪府","吹田市","垂水町３丁目３４番１５号",,27,205,5640062,,,,,,,2017-09-14,1,,,,,"ナウドゥ",0
161,1120901052911,01,0,2026-07-08,2026-07-08,"株式会社Ａｎｉｌａｂｏ",,301,"大阪府","吹田市","千里山西６丁目１４番３号（Ｄ－２０１）",,27,205,5650851,,,,,,,2026-07-08,1,,,,,"アニラボ",0
162,1120903006304,01,0,2026-07-08,2026-07-08,"一級建築士事務所合同会社吉村倶楽部",,305,"大阪府","高槻市","柳川町２丁目１１番１７号",,27,207,5690853,,,,,,,2026-07-08,1,,,,,"イッキュウケンチクシジムショヨシムラクラブ",0
163,1120903006312,01,0,2026-07-08,2026-07-08,"合同会社結ＷＯＲＫＳ",,305,"大阪府","高槻市","城南町２丁目３１番４号",,27,207,5690056,,,,,,,2026-07-08,1,,,,,"ユイワークス",0
164,1122001022258,01,1,2026-07-08,2015-10-05,"株式会社ロッキーウェルテック",,301,"大阪府","八尾市","弓削町南１丁目２３番地",,27,212,5810034,,,,,,,2015-10-05,1,,,,,"ロッキーウェルテック",0
165,1130001021675,21,0,2026-07-08,2026-07-01,"つかさ工房株式会社",,301,"京都府","京都市中京区","三条通堀川東入橋東詰町２番地ローレルコート三条堀川１２０６号",,26,104,6048258,,,2026-07-01,01,,,2015-10-05,1,,,,,"ツカサコウボウ",0
166,1130001035270,01,1,2026-07-08,2015-10-05,"アズビル京都株式会社",,301,"京都府","船井郡京丹波町","鎌谷下一ノ谷１番地３",,26,407,6220442,,,,,,,2015-10-05,1,,,,,"アズビルキョウト",0
167,1130001082585,01,0,2026-07-08,2026-07-08,"株式会社京信ブランディングパートナーズ",,301,"京都府","京都市下京区","四条通柳馬場東入立売東町７番地",,26,106,6008005,,,,,,,2026-07-08,1,,,,,"キョウシンブランディングパートナーズ",0
168,1140001030023,12,0,2026-07-08,2026-07-06,"株式会社イーチャリティ",,301,"東京都","台東区","柳橋１丁目１９‐２",,13,106,1110052,,,,,,,2015-10-05,1,,,,,"イーチャリティ",0
169,1140001047067,01,1,2026-07-08,2015-10-05,"株式会社パドック",,301,"兵庫県","神戸市西区","井吹台東町３丁目９番地の８",,28,111,6512242,,,,,,,2015-10-05,1,,,,,"パドック",0
170,1140001057090,01,1,2026-07-08,2015-10-05,"株式会社Ｉ・Ｄ・Ｓ",,301,"兵庫県","神戸市西区","伊川谷町有瀬１２３３番地の１",,28,111,6512113,,,,,,,2015-10-05,0,,,,,"アイディエス",0
171,1140001057090,12,1,2026-07-08,2017-01-18,"株式会社Ｉ・Ｄ・Ｓ",,301,"兵庫県","神戸市垂水区","清水が丘１丁目８番２２号",,28,108,6550031,,,,,,,2015-10-05,1,,,,,"アイディエス",0
172,1140001092773,01,1,2026-07-08,2015-10-05,"小林管財株式会社",,301,"兵庫県","芦屋市","楠町１２番２１号",,28,206,6590015,,,,,,,2015-10-05,1,,,,,"コバヤシカンザイ",0
173,1140001093540,12,0,2026-07-08,2026-07-06,"株式会社聖翔ＬＩＮＥ",,301,"兵庫県","高砂市","曽根町２４２３番地の１４",,28,216,6760082,,,,,,,2015-10-05,1,,,,,"セイショウライン",0
174,1140001143279,01,0,2026-07-08,2026-07-08,"株式会社片岡板金",,301,"兵庫県","洲本市","五色町広石北１９番地３４",,28,205,6561332,,,,,,,2026-07-08,1,,,,,"カタオカバンキン",0
175,1140001143394,01,0,2026-07-08,2026-07-08,"伯特利株式会社",,301,"兵庫県","三田市","末３９番地",,28,219,6691303,,,,,,,2026-07-08,1,,,,,"ベテル",0
176,1140002018620,01,1,2026-07-08,2015-10-05,"有限会社サザンクロス",,302,"兵庫県","神戸市東灘区","住吉台１５番１２号",,28,101,6580062,,,,,,,2015-10-05,1,,,,,"サザンクロス",0
177,1140003010576,01,1,2026-07-08,2015-10-05,"ひょうご酒米処合同会社",,305,"兵庫県","加西市","朝妻町２７１番地の２",,28,220,6790105,,,,,,,2015-10-05,1,,,,,"ヒョウゴサカマイドコロ",0
178,1140003013372,21,0,2026-07-08,2026-06-30,"ＣＥＲＥＳ合同会社",,305,"兵庫県","神戸市中央区","下山手通６丁目３番１５号",,28,110,6500011,,,2026-06-30,01,,,2018-10-11,1,,,,,"セレス",0
179,1140003016763,12,0,2026-07-08,2026-07-03,"合同会社ブライトアップ",,305,"兵庫県","西宮市","甲子園口北町２番９号",,28,204,6638112,,,,,,,2021-09-24,1,,,,,"ブライトアップ",0
180,1140003023818,01,0,2026-07-08,2026-07-08,"合同会社トラストレイ",,305,"兵庫県","揖保郡太子町","東保４０３－１１",,28,464,6711524,,,,,,,2026-07-08,1,,,,,"トラストレイ",0
181,1140005027107,21,0,2026-07-08,2026-07-02,"一般社団法人日本の杜づくり協会",,399,"兵庫県","神戸市中央区","加納町６丁目３－２、７０７",,28,110,6500001,,,2026-07-02,01,,,2024-06-11,1,,,,,"ニッポンノモリヅクリキョウカイ",0
182,1150001019940,12,0,2026-07-08,2026-07-06,"株式会社ＢＪＰ",,301,"奈良県","奈良市","青野町１丁目１０番１２号",,29,201,6310841,,,,,,,2015-10-05,1,,,,,"ビージェイピー",0
183,1150003003983,01,0,2026-07-08,2026-07-08,"合同会社Ｏｒｙｚｉａｓ",,305,"奈良県","奈良市","学園大和町５丁目１８７番地の１",,29,201,6310041,,,,,,,2026-07-08,1,,,,,"オリジアス",0
184,1160001022803,12,0,2026-07-08,2026-07-03,"株式会社優琵",,301,"滋賀県","大津市","萱野浦２５番３６号",,25,201,5202143,,,,,,,2020-10-07,1,,,,,"ユウビ",0
185,1160005005977,01,1,2026-07-08,2015-10-05,"松尾神社",,399,"滋賀県","東近江市","八日市松尾町３番１３号",,25,213,5270019,,,,,,,2015-10-05,1,,,,,"マツオジンジャ",0
186,1170001010716,01,1,2026-07-08,2015-10-05,"株式会社ハイメカニック橋本",,301,"和歌山県","橋本市","神野々１０８５番地の５",,30,203,6480086,,,,,,,2015-10-05,1,,,,,"ハイメカニックハシモト",0
187,1170001019170,01,0,2026-07-08,2026-07-08,"株式会社Ｋａｄｏサービースファーム",,301,"和歌山県","東牟婁郡那智勝浦町","大字市屋５８１番３",,30,421,6495141,,,,,,,2026-07-08,1,,,,,"カドサービースファーム",0
188,1180001061601,01,1,2026-07-08,2015-10-05,"株式会社インターマリンサービス",,301,"愛知県","名古屋市港区","入船１丁目８番２３号コーキュービル３階",,23,111,4550032,,,,,,,2015-10-05,1,,,,,"インターマリンサービス",0
189,1180001104153,21,0,2026-07-08,2026-07-01,"株式会社グランドステージ",,301,"愛知県","一宮市","西中野字下中野２０７番地１",,23,203,4940015,,,2026-07-01,11,5180002078863,"令和８年７月１日愛知県一宮市西中野字下中野２０７番地の１株式会社細田建築（5180002078863）に合併し解散",2015-10-05,1,,,,,"グランドステージ",0
190,1180001106050,12,0,2026-07-08,2026-07-01,"株式会社本庄",,301,"愛知県","小牧市","大字大山１５０５番地１",,23,219,4850026,,,,,,,2015-10-05,1,,,,,"ホンジョウ",0
191,1180001113559,11,0,2026-07-08,2026-06-30,"株式会社Ｐ１Ｅｎｔｅｒｔａｉｎｍｅｎｔ",,301,"愛知県","名古屋市東区","泉１丁目２３番３７号",,23,102,4610001,,,,,,,2015-10-05,1,,,,,"ピーワンエンターテイメント",0
192,1180001172638,01,0,2026-07-08,2026-07-08,"株式会社東海くらしの不動産",,301,"愛知県","名古屋市中川区","吉良町１０番地の８シティファミリー吉良Ｂ棟６０４号",,23,110,4540874,,,,,,,2026-07-08,1,,,,,"トウカイクラシノフドウサン",0
193,1180001172662,01,0,2026-07-08,2026-07-08,"株式会社ＪＩＹＵＮＩＱ",,301,"愛知県","名古屋市千種区","田代町字四観音道東１１６番地の１０メゾン覚王山月宮殿９－１５号",,23,101,4640051,,,,,,,2026-07-08,1,,,,,"ジユニーク",0
194,1180003028409,01,1,2026-07-08,2025-05-09,"ＯＴＳ　ｓｅｒｖｉｃｅ合同会社",,305,"愛知県","愛西市","西川端町南須原１８－５",,23,232,4968019,,,,,,,2025-05-09,1,,,,,,0
195,1180005019496,21,0,2026-07-08,2026-07-03,"一般社団法人旺志会健康管理センター",,399,"愛知県","一宮市","高田字七夕田１１番地１",,23,203,4910125,,,2026-07-03,01,,,2021-11-02,1,,,,,"オウシカイケンコウカンリセンター",0
196,1180301012808,01,1,2026-07-08,2015-10-05,"加藤自動車株式会社",,301,"愛知県","安城市","榎前町北山５９番地２",,23,212,4441214,,,,,,,2015-10-05,1,,,,,"カトウジドウシャ",0
197,1180303001908,21,0,2026-07-08,2026-06-29,"合同会社四つ葉のクローバー",,305,"愛知県","田原市","西神戸町堀山田７５番地４",,23,231,4413423,,,2026-06-29,01,,,2015-10-05,1,,,,,"ヨツバノクローバー",0
198,1190001033269,01,0,2026-07-08,2026-07-08,"株式会社伊藤工業",,301,"三重県","鈴鹿市","岡田１丁目５番１７号",,24,207,5130027,,,,,,,2026-07-08,1,,,,,"イトウコウギョウ",0
199,1200001017047,01,1,2026-07-08,2015-10-05,"株式会社アクアテック",,301,"岐阜県","揖斐郡池田町","市橋２３６番地",,21,404,5032427,,,,,,,2015-10-05,0,,,,,"アクアテック",0
200,1200001017047,12,1,2026-07-08,2019-05-20,"株式会社アクアテック",,301,"岐阜県","安八郡神戸町","神戸１７４１番地２",,21,381,5032305,,,,,,,2015-10-05,1,,,,,"アクアテック",0
201,1220001006997,71,0,2026-07-08,2026-07-01,"シシクアドクライス株式会社",,301,"石川県","金沢市","長土塀１丁目１８番１５号",,17,201,9200867,,,,,,"令和８年７月１日石川県金沢市長土塀一丁目１６番１５号株式会社丸昌（2220001006732）を合併",2015-10-05,1,,,,,"シシクアドクライス",0
202,1230001010833,01,1,2026-07-08,2015-10-05,"株式会社北越製作所",,301,"富山県","高岡市","吉久１丁目２番２７号",,16,202,9330002,,,,,,,2015-10-05,1,,,,,"ホクエツセイサクショ",0
203,1230001021509,01,0,2026-07-08,2026-07-08,"サルス労働衛生株式会社",,301,"富山県","富山市","総曲輪３丁目４番１－１５０５号",,16,201,9300083,,,,,,,2026-07-08,1,,,,,"サルスロウドウエイセイ",0
204,1230002011970,21,0,2026-07-08,2026-07-02,"有限会社北電興業社工事部",,302,"富山県","高岡市","戸出町３丁目２１番２３号",,16,202,9391104,,,2026-07-02,01,,,2015-10-05,1,,,,,"ホクデンコウギョウシャコウジブ",0
205,1230003002655,01,0,2026-07-08,2026-07-08,"合同会社ＭＳＭ",,305,"富山県","富山市","高屋敷８５７番地１６",,16,201,9398036,,,,,,,2026-07-08,1,,,,,"エムエスエム",0
206,1240001014180,71,0,2026-07-08,2026-06-11,"株式会社フルケア",,301,"広島県","広島市西区","南観音７丁目１３番２０号",,34,104,7330035,,,,,,"令和８年６月１日広島県廿日市市大野１５５３株式会社正光技建を合併",2015-10-05,1,,,,,"フルケア",0
207,1240001063806,12,0,2026-07-08,2026-07-01,"株式会社ビューテクノ",,301,"広島県","広島市中区","東平塚町２番２号",,34,101,7300025,,,,,,,2024-09-17,1,,,,,"ビューテクノ",0
208,1240001066750,01,0,2026-07-08,2026-07-08,"株式会社ティーアンドピィー設計事務所",,301,"広島県","三原市","円一町４丁目２番１４号",,34,204,7230015,,,,,,,2026-07-08,1,,,,,"ティーアンドピィーセッケイジムショ",0
209,1240002011375,01,1,2026-07-08,2015-10-05,"有限会社富屋",,302,"広島県","広島市安佐北区","落合１丁目１９番３０号",,34,106,7391731,,,,,,,2015-10-05,1,,,,,"トミヤ",0
210,1240002022380,01,1,2026-07-08,2015-10-05,"有限会社オガワクリエイト",,302,"広島県","広島市佐伯区","藤の木１丁目９番８号",,34,108,7315103,,,,,,,2015-10-05,1,,,,,"オガワクリエイト",0
211,1240002026539,12,0,2026-07-08,2026-07-01,"有限会社ＯＤＳ",,302,"広島県","広島市中区","田中町５番１３－８０１号",,34,101,7300026,,,,,,,2015-10-05,1,,,,,"オーディーエス",0
212,1240005007461,21,0,2026-07-08,2026-06-15,"金井神社",,399,"広島県","福山市","神辺町字下御領１１８０・１１８１番地",,34,207,7202117,,,2026-06-15,11,5240005007499,"令和８年６月１５日広島県福山市神辺町字下御領１２２９番地田村荒神社（5240005007499）に合併し解散",2015-10-05,1,,,,,"カネイジンジャ",0
213,1250001018916,01,1,2026-07-08,2021-06-03,"株式会社ＷＡＤＡ",,301,"山口県","下関市","彦島福浦町３丁目１０番５号",,35,201,7500087,,,,,,,2021-06-03,1,,,,,,0
214,1250001021746,01,0,2026-07-08,2026-07-08,"株式会社ＬＢ不動産",,301,"山口県","宇部市","中央町３丁目１４番６号",,35,202,7550045,,,,,,,2026-07-08,1,,,,,"エルビーフドウサン",0
215,1250002003017,01,1,2026-07-08,2015-10-05,"有限会社幸福産業",,302,"山口県","防府市","華園町９番２２号",,35,206,7470844,,,,,,,2015-10-05,1,,,,,"コウフクサンギョウ",0
216,1260001013882,01,1,2026-07-08,2015-10-05,"大成物流株式会社",,301,"岡山県","浅口市","鴨方町小坂東２０９９番地１",,33,216,7190241,,,,,,,2015-10-05,1,,,,,"タイセイブツリュウ",0
217,1260002021926,21,0,2026-07-08,2026-07-02,"有限会社ユーテクノサービス",,302,"岡山県","倉敷市","浜ノ茶屋２４１番地の１５",,33,202,7100061,,,2026-07-02,01,,,2015-10-05,1,,,,,,0
218,1270003001884,01,0,2026-07-08,2026-07-08,"合同会社ＢＭＹ",,305,"鳥取県","鳥取市","永楽温泉町１６３",,31,201,6800834,,,,,,,2026-07-08,1,,,,,,0
219,1270005000777,21,0,2026-07-08,2026-06-17,"日蓮宗妙教会",,399,"鳥取県","鳥取市","元町２８２番地",,31,201,6800037,,,2026-06-17,11,4270005000717,"令和８年６月１７日鳥取市新品治町１２９番地長栄寺（4270005000717）に合併し解散",2015-10-05,1,,,,,"ニチレンシュウミョウキョウカイ",0
220,1280001009680,01,0,2026-07-08,2026-07-08,"株式会社アステル斐川",,301,"島根県","出雲市","斐川町学頭３６４６番地１",,32,203,6990501,,,,,,,2026-07-08,1,,,,,"アステルヒカワ",0
221,1290001005266,21,0,2026-07-08,2026-07-01,"新日本バネ工業株式会社",,301,"福岡県","福岡市早良区","田村６丁目４番１６号",,40,137,8140175,,,2026-07-01,11,3290001033182,"令和８年７月１日福岡県糸島市志摩松隈５５番地７峰勝鋼機株式会社（3290001033182）に合併し解散",2015-10-05,1,,,,,"シンニホンバネコウギョウ",0
222,1290001014894,01,1,2026-07-08,2015-10-05,"株式会社東部興産",,301,"福岡県","福岡市博多区","新和町２丁目５番５号",,40,132,8120875,,,,,,,2015-10-05,0,,,,,"トウブコウサン",0
223,1290001014894,12,1,2026-07-08,2015-11-02,"株式会社東部興産",,301,"福岡県","大野城市","御笠川４丁目４番１６号",,40,219,8160912,,,,,,,2015-10-05,1,,,,,"トウブコウサン",0
224,1290001065822,12,0,2026-07-08,2026-06-29,"ゆうゆう株式会社",,301,"福岡県","福岡市博多区","千代１丁目９番２号",,40,132,8120044,,,,,,,2015-10-05,1,,,,,"ユウユウ",0
225,1290001112905,12,0,2026-07-08,2026-06-29,"融達株式会社",,301,"千葉県","野田市","中野台鹿島町８番地４",,12,208,2780036,,,,,,,2026-01-22,1,,,,,"ユウタツ",0
226,1290001114728,01,0,2026-07-08,2026-07-08,"株式会社モトワークス",,301,"福岡県","福岡市中央区","天神１丁目３番１０号天神パインクレスト７１９号",,40,133,8100001,,,,,,,2026-07-08,1,,,,,"モトワークス",0
227,1290002052737,12,0,2026-07-08,2026-06-29,"有限会社ケンユー空調設備",,302,"福岡県","久留米市","東合川新町６番５号",,40,203,8390808,,,,,,,2015-10-05,1,,,,,"ケンユークウチョウセツビ",0
228,1290003018638,01,0,2026-07-08,2026-07-08,"ＭＯＭＯＺＯ合同会社",,305,"福岡県","福岡市中央区","薬院３丁目１２番１０－１２０４号",,40,133,8100022,,,,,,,2026-07-08,1,,,,,"モモゾー",0
229,1290005005139,01,1,2026-07-08,2015-10-05,"ＮＰＯ法人ＦＭ伊都",,399,"福岡県","糸島市","篠原東２丁目１１番１７号",,40,230,8191128,,,,,,,2015-10-05,1,,,,,"エフエムイト",0
230,1290801032609,01,0,2026-07-08,2026-07-08,"株式会社北九ウエル",,301,"福岡県","北九州市八幡西区","池田１丁目６番４号",,40,109,8071125,,,,,,,2026-07-08,1,,,,,"キタキュウウエル",0
231,1290801032617,01,0,2026-07-08,2026-07-08,"リタノ株式会社",,301,"福岡県","北九州市小倉北区","重住３丁目７番１６－１０２号",,40,106,8020011,,,,,,,2026-07-08,1,,,,,"リタノ",0
232,1290801032625,01,0,2026-07-08,2026-07-08,"株式会社セブンスプリングス",,301,"福岡県","北九州市小倉南区","湯川２丁目１３番２４号",,40,107,8000257,,,,,,,2026-07-08,1,,,,,"セブンスプリングス",0
233,1300002009693,01,1,2026-07-08,2015-10-05,"有限会社佐賀アクター",,302,"佐賀県","三養基郡上峰町","大字堤１９０３番地２３４",,41,345,8490124,,,,,,,2015-10-05,1,,,,,"サガアクター",0
234,1300003000511,01,1,2026-07-08,2015-10-05,"合名会社別府",,303,"佐賀県","鳥栖市","原町１２５３番地１",,41,203,8410024,,,,,,,2015-10-05,1,,,,,"ベップ",0
235,1310001020155,01,0,2026-07-08,2026-07-08,"株式会社築宮建設",,301,"長崎県","雲仙市","国見町多比良甲３番地",,42,213,8591321,,,,,,,2026-07-08,1,,,,,"キズクケンセツ",0
236,1310001020163,01,0,2026-07-08,2026-07-08,"株式会社大串モータース",,301,"長崎県","西海市","大島町１８７６番地１８",,42,212,8572427,,,,,,,2026-07-08,1,,,,,"オオクシモータース",0
237,1310002005460,01,1,2026-07-08,2015-10-05,"有限会社ミストラル",,302,"長崎県","長崎市","古川町６番３号",,42,201,8500851,,,,,,,2015-10-05,1,,,,,"ミストラル",0
238,1310003005261,01,0,2026-07-08,2026-07-08,"合同会社ｅｎ．",,305,"長崎県","長崎市","田上３丁目１－１１",,42,201,8510251,,,,,,,2026-07-08,1,,,,,"エンドット",0
239,1320001021805,01,0,2026-07-08,2026-07-08,"株式会社ＭＳＲ",,301,"大分県","津久見市","大友町４番１１号",,44,207,8792431,,,,,,,2026-07-08,1,,,,,"エムエスアール",0
240,1320001021813,01,0,2026-07-08,2026-07-08,"株式会社スギワークス",,301,"大分県","大分市","大字屋山１６１０番地",,44,201,8700313,,,,,,,2026-07-08,1,,,,,"スギワークス",0
241,1330001034434,01,0,2026-07-08,2026-07-08,"株式会社ＳＲ工業",,301,"熊本県","玉名市","岱明町浜田１７３番地２",,43,206,8690203,,,,,,,2026-07-08,1,,,,,"エスアールコウギョウ",0
242,1330001034450,01,0,2026-07-08,2026-07-08,"株式会社やす成",,301,"熊本県","宇土市","境目町６７６番地５",,43,211,8690417,,,,,,,2026-07-08,1,,,,,"ヤスナリ",0
243,1330001034459,01,0,2026-07-08,2026-07-08,"ビジョンクロス株式会社",,301,"熊本県","熊本市中央区","大江４丁目１０番１号５０３",,43,101,8620971,,,,,,,2026-07-08,1,,,,,"ビジョンクロス",0
244,1340001019376,01,1,2026-07-08,2016-06-07,"株式会社豊留",,301,"鹿児島県","鹿児島市","下福元町１３５１番地",,46,201,8910144,,,,,,,2016-06-07,0,,,,,"トヨドメ",0
245,1340001019376,12,1,2026-07-08,2020-02-12,"株式会社豊留",,301,"鹿児島県","鹿児島市","西谷山３丁目２６番５５号",,46,201,8910117,,,,,,,2016-06-07,0,,,,,"トヨドメ",0
246,1340001019376,12,1,2026-07-08,2026-06-24,"株式会社豊留",,301,"鹿児島県","鹿児島市","谷山港２丁目５番地２９",,46,201,8910131,,,,,,,2016-06-07,1,,,,,"トヨドメ",0
247,1340001028294,01,0,2026-07-08,2026-07-08,"株式会社晟來創研",,301,"鹿児島県","鹿児島市","下福元町７６５２番地８",,46,201,8910144,,,,,,,2026-07-08,1,,,,,"セイライソウケン",0
248,1350001008097,12,0,2026-07-08,2026-07-01,"株式会社匠",,301,"宮崎県","都城市","上長飯町２３８９番地",,45,202,8850042,,,,,,,2015-10-05,1,,,,,"タクミ",0
249,1360005003341,01,1,2026-07-08,2015-10-05,"社会福祉法人今帰仁村社会福祉協議会",,399,"沖縄県","国頭郡今帰仁村","字天底６２番地",,47,306,9050411,,,,,,,2015-10-05,1,,,,,,0
250,1360005005214,01,1,2026-07-08,2015-10-26,"社会福祉法人秋桜福祉会",,399,"沖縄県","うるま市","字高江洲７３５番地２",,47,213,9042242,,,,,,,2015-10-26,1,,,,,,0
251,1370001053983,01,0,2026-07-08,2026-07-08,"株式会社仙新ボイラー",,301,"宮城県","仙台市泉区","泉ケ丘１丁目１２番３０号",,04,105,9813201,,,,,,,2026-07-08,1,,,,,"センシンボイラー",0
252,1370001053991,01,0,2026-07-08,2026-07-08,"ＹＳインベンション株式会社",,301,"宮城県","仙台市太白区","土手内１丁目９番４号",,04,104,9820026,,,,,,,2026-07-08,1,,,,,"ワイエスインベンション",0
253,1370002001090,01,1,2026-07-08,2015-10-05,"有限会社川龍",,302,"宮城県","仙台市泉区","長命ケ丘２丁目１６番地の２",,04,105,9813212,,,,,,,2015-10-05,1,,,,,"センリュウ",0
254,1370002005959,01,1,2026-07-08,2015-10-05,"有限会社ベストガレージ",,302,"宮城県","仙台市若林区","六丁の目中町１８番３５号",,04,103,9840012,,,,,,,2015-10-05,1,,,,,"ベストガレージ",0
255,1370003007673,01,0,2026-07-08,2026-07-08,"Ｔ＆Ｔ合同会社",,305,"宮城県","仙台市青葉区","南吉成６丁目６番３号",,04,101,9893204,,,,,,,2026-07-08,1,,,,,"ティーアンドティー",0
256,1370003007681,01,0,2026-07-08,2026-07-08,"合同会社ＰＥＯＮＹ",,305,"宮城県","仙台市若林区","上飯田２丁目１９番２８号",,04,103,9840838,,,,,,,2026-07-08,1,,,,,"ピオニー",0
257,1370202004323,12,0,2026-07-08,2026-07-06,"有限会社シバカツ",,302,"山形県","最上郡最上町","大字向町１０７８番地６",,06,362,9996101,,,,,,,2015-10-05,1,,,,,"シバカツ",0
258,1380001023696,12,0,2026-07-08,2026-06-30,"株式会社福英工業",,301,"福島県","南相馬市","原町区北長野字南原田５４番地の１",,07,212,9750072,,,,,,,2015-10-05,1,,,,,,0
259,1380002014067,21,0,2026-07-08,2026-06-29,"有限会社エムツー",,302,"福島県","郡山市","安積町日出山３丁目１４８番地",,07,203,9630101,,,2026-06-29,01,,,2015-10-05,1,,,,,"エムツー",0
260,1390001018225,21,0,2026-07-08,2026-06-18,"株式会社ＹＭＣ",,301,"山形県","山形市","大字十文字字天神東７７０番地",,06,201,9902211,,,2026-06-18,11,3040002004397,"令和８年６月１日千葉市若葉区若松町９８１番地４４株式会社小堀商会（3040002004397）に合併し解散",2026-01-29,1,,,,,"ワイエムシー",0
261,1400003002720,21,0,2026-07-08,2026-06-26,"合同会社ヒラコ・プランニング",,305,"岩手県","岩手郡雫石町","高前田７１番地２",,03,301,0200543,,,2026-06-26,01,,,2021-01-07,1,,,,,"ヒラコプランニング",0
262,1400502001025,21,0,2026-07-08,2026-07-02,"有限会社こいわ葬儀社",,302,"岩手県","一関市","花泉町涌津字二ノ町５３番地",,03,209,0293105,,,2026-07-02,11,9380001007709,"令和８年６月３０日福島県郡山市開成三丁目６番１５号アルファクラブ東北株式会社（9380001007709）に合併し解散",2015-10-05,1,,,,,"コイワソウギシャ",0
263,1420005000811,01,1,2026-07-08,2015-10-05,"惟神日の本教教会",,399,"北海道","上磯郡木古内町","字亀川１１８番地３",,01,334,0490404,,,,,,,2015-10-05,1,,,,,"カンナガラヒノモトキョウキョウカイ",0
264,1420005008029,01,0,2026-07-08,2026-07-08,"税理士法人あおばビジネスパートナーズ",,399,"青森県","青森市","松森１丁目１５番５号",,02,201,0300965,,,,,,,2026-07-08,1,,,,,"アオバビジネスパートナーズ",0
265,1430001032832,01,1,2026-07-08,2015-10-05,"株式会社石狩緑化開発",,301,"北海道","石狩市","花川北六条１丁目１４番地",,01,235,0613216,,,,,,,2015-10-05,1,,,,,"イシカリリョクカカイハツ",0
266,1430001069115,21,0,2026-07-08,2026-07-01,"株式会社共笑",,301,"北海道","札幌市北区","あいの里四条５丁目１５番２号",,01,102,0028074,,,2026-07-01,01,,,2015-10-05,1,,,,,"トモエ",0
267,1430001086011,12,0,2026-07-08,2026-07-02,"株式会社ｒｉｒｉ",,301,"北海道","札幌市白石区","本郷通８丁目北７番８号",,01,104,0030025,,,,,,,2022-02-17,1,,,,,"リリ",0
268,1430001095953,12,0,2026-07-08,2026-06-17,"株式会社ＮＥＯＲＩＳ",,301,"北海道","札幌市北区","新琴似町１０１０－５５",,01,102,0010915,,,,,,,2026-01-05,1,,,,,"ネオリス",0
269,1430001097272,01,0,2026-07-08,2026-07-08,"株式会社ＳＹＮＣ　ＰＲＯＤＵＣＴＩＯＮ",,301,"北海道","札幌市中央区","南二条西５丁目６番地１",,01,101,0600062,,,,,,,2026-07-08,1,,,,,"シンクプロダクション",0
270,1430002016850,01,1,2026-07-08,2015-10-05,"有限会社フォトスタジオヨコヤ",,302,"北海道","札幌市西区","琴似二条６丁目１番２３号",,01,107,0630812,,,,,,,2015-10-05,1,,,,,"フォトスタジオヨコヤ",0
271,1430003014036,12,0,2026-07-08,2026-07-01,"合同会社テクノ札幌",,305,"北海道","札幌市北区","屯田八条２丁目４番２５号",,01,102,0020858,,,,,,,2022-06-21,1,,,,,"テクノサッポロ",0
272,1460101007888,01,0,2026-07-08,2026-07-08,"株式会社エーケーネクサスサービス",,301,"北海道","帯広市","西十八条南３丁目２５番１３号",,01,207,0800028,,,,,,,2026-07-08,1,,,,,"エーケーネクサスサービス",0
273,1460301000593,01,1,2026-07-08,2015-10-05,"大万商事株式会社",,301,"北海道","北見市","留辺蘂町仲町３番地１",,01,208,0910003,,,,,,,2015-10-05,1,,,,,"ダイマンショウジ",0
274,1460301000809,21,0,2026-07-08,2026-07-06,"株式会社博善社",,301,"北海道","北見市","桜町３丁目５５番地",,01,208,0900804,,,2026-07-06,01,,,2015-10-05,1,,,,,"ハクゼンシャ",0
275,1470003003159,01,0,2026-07-08,2026-07-08,"合同会社弘和",,305,"香川県","高松市","三条町２２９番地１サーパス三条スクエアガーデン７０７号",,37,201,7618072,,,,,,,2026-07-08,1,,,,,,0
276,1500001023808,12,0,2026-07-08,2026-07-06,"鵬翔商事株式会社",,301,"愛媛県","西条市","西泉乙１０４番地",,38,206,7930064,,,,,,,2021-11-16,1,,,,,"ホウショウショウジ",0
277,1500002002579,12,0,2026-07-08,2026-07-07,"有限会社ケイ・ツー・サービス",,302,"愛媛県","東温市","則之内甲２７９６番地",,38,215,7910311,,,,,,,2015-10-05,1,,,,,"ケイツーサービス",0
278,1700150103340,12,0,2026-07-08,2026-06-26,"児童クラブ　にじっ子",,499,"北海道","久遠郡せたな町","北檜山区北檜山２６９－２",,01,371,0494501,,,,,,,2021-05-20,1,,,,,"ジドウクラブニジツコ",0
279,2010001109011,21,0,2026-07-08,2026-07-01,"株式会社アイアンドアールコーポレーション",,301,"東京都","中野区","弥生町２丁目１０番５号",,13,114,1640013,,,2026-07-01,11,8011101059990,"令和８年７月１日東京都中野区弥生町二丁目１０番５号株式会社リンケージサービス（8011101059990）に合併し解散",2015-10-05,1,,,,,"アイアンドアールコーポレーション",0
280,2010001171184,01,1,2026-07-08,2015-10-23,"株式会社ＭＥＮＤＹ",,301,"東京都","中央区","日本橋３丁目２番１４号日本橋ＫＮビル４Ｆ",,13,102,1030027,,,,,,,2015-10-23,0,,,,,"メンディ",0
281,2010001171184,12,1,2026-07-08,2015-12-28,"株式会社ＭＥＮＤＹ",,301,"東京都","豊島区","要町２丁目７番１０号カーサ・ダルジャント１０１号",,13,116,1710043,,,,,,,2015-10-23,0,,,,,"メンディ",0
282,2010001171184,12,1,2026-07-08,2017-07-11,"株式会社ＭＥＮＤＹ",,301,"東京都","千代田区","神田平河町１番地第３東ビル５Ｆ",,13,101,1010027,,,,,,,2015-10-23,0,,,,,"メンディ",0
283,2010001171184,12,1,2026-07-08,2020-05-28,"株式会社ＭＥＮＤＹ",,301,"東京都","台東区","浅草橋５丁目８－６松愛ビル４０３号室",,13,106,1110053,,,,,,,2015-10-23,0,,,,,"メンディ",0
284,2010001171184,12,1,2026-07-08,2021-07-21,"株式会社ＭＥＮＤＹ",,301,"東京都","中央区","銀座１丁目２２番１１号銀座大竹ビジデンス２階",,13,102,1040061,,,,,,,2015-10-23,0,,,,,"メンディ",0
285,2010001171184,11,1,2026-07-08,2025-10-01,"ボクラノ株式会社",,301,"東京都","中央区","銀座１丁目２２番１１号銀座大竹ビジデンス２階",,13,102,1040061,,,,,,,2015-10-23,0,,,,,"ボクラノ",0
286,2010001171184,12,0,2026-07-08,2026-07-02,"ボクラノ株式会社",,301,"東京都","江戸川区","西葛西６丁目１３番１号",,13,123,1340088,,,,,,,2015-10-23,1,,,,,"ボクラノ",0
287,2010001171993,12,0,2026-07-08,2026-06-16,"株式会社アジデザイン",,301,"東京都","文京区","関口１丁目２４番８号",,13,105,1120014,,,,,,,2015-11-27,1,,,,,"アジデザイン",0
288,2010001183535,12,0,2026-07-08,2026-07-03,"株式会社イーテア",,301,"東京都","港区","赤坂１丁目８番１号",,13,103,1070052,,,,,,,2017-05-17,1,,,,,"イーテア",0
289,2010001239717,11,0,2026-07-08,2026-07-06,"株式会社エステート・パートナーズＦＡＳ",,301,"東京都","台東区","上野２丁目１１－１３センチュリオン池之端ビル",,13,106,1100005,,,,,,,2023-11-07,1,,,,,"エステートパートナーズファス",0
290,2010001266851,01,0,2026-07-08,2026-07-08,"カイロス・マリン・ジャパン株式会社",,301,"東京都","中央区","東日本橋１丁目９番２号",,13,102,1030004,,,,,,,2026-07-08,1,,,,,"カイロスマリンジャパン",0
291,2010001266918,01,0,2026-07-08,2026-07-08,"株式会社ＳＬＩＣ第１号",,301,"東京都","千代田区","丸の内１丁目８番１号丸の内トラストタワーＮ館１８階",,13,101,1000005,,,,,,,2026-07-08,1,,,,,"エスエルアイシーダイイチゴウ",0
292,2010001266975,01,0,2026-07-08,2026-07-08,"株式会社Ｐｒｉｅｒ　Ｊａｐａｎ",,301,"東京都","中央区","銀座１丁目１５－７マック銀座ビル８０１",,13,102,1040061,,,,,,,2026-07-08,1,,,,,"プリエジャパン",0
293,2010001267115,01,0,2026-07-08,2026-07-08,"株式会社エニシリンク",,301,"東京都","千代田区","神田神保町３丁目１１―６神保町ビル１０階",,13,101,1010051,,,,,,,2026-07-08,1,,,,,"エニシリンク",0
294,2010003051764,01,0,2026-07-08,2026-07-08,"合同会社シン・クロノス",,305,"東京都","中央区","築地７丁目１８番２号七丁目和田老舗ビル７０１号",,13,102,1040045,,,,,,,2026-07-08,1,,,,,"シンクロノス",0
295,2010003051839,01,0,2026-07-08,2026-07-08,"Ｔｅｎｓｈｏ　Ｓｅｒｅｎｅ　Ｌｉｆｅ合同会社",,305,"東京都","千代田区","丸の内１丁目８－３丸の内トラストタワー本館２０階",,13,101,1000005,,,,,,,2026-07-08,1,,,,,"テンショウセリーヌライフ",0
296,2010101002537,71,0,2026-07-08,2026-07-01,"株式会社電設",,301,"秋田県","湯沢市","小野字油屋敷１５番地",,05,207,0190205,,,,,,"令和８年７月１日秋田県雄勝郡羽後町字南元西３７番地５株式会社田代電設（5410001005670）を合併",2015-10-05,1,,,,,"デンセツ",0
297,2010101016207,01,1,2026-07-08,2024-06-27,"株式会社オンデザイン",,301,"東京都","八王子市","中野上町５丁目２９番地７号",,13,201,1920041,,,,,,,2024-06-27,1,,,,,"オンデザイン",0
298,2010101017320,01,0,2026-07-08,2026-07-08,"フィットワンズ株式会社",,301,"東京都","八王子市","元横山町３丁目７番２号",,13,201,1920063,,,,,,,2026-07-08,1,,,,,"フィットワンズ",0
299,2010401022656,01,1,2026-07-08,2015-10-05,"日本コロムビア株式会社",,301,"東京都","港区","虎ノ門４丁目１番４０号",,13,103,1050001,,,,,,,2015-10-05,0,"Nippon Columbia Co., Ltd.",,,,"ニッポンコロムビア",0
300,2010401022656,12,1,2026-07-08,2021-04-12,"日本コロムビア株式会社",,301,"東京都","港区","南青山６丁目１０番１２号",,13,103,1070062,,,,,,,2015-10-05,0,"Nippon Columbia Co., Ltd.",,,,"ニッポンコロムビア",0
301,2010401022656,71,1,2026-07-08,2023-03-27,"日本コロムビア株式会社",,301,"東京都","港区","南青山６丁目１０番１２号",,13,103,1070062,,,,,,"令和５年３月１０日東京都港区南青山六丁目１０番１２号株式会社シーツーデザイン（8010401010614）を合併令和５年３月１０日東京都港区南青山六丁目１０番１２号株式会社オーマガトキ（8010401108136）を合併",2015-10-05,0,"Nippon Columbia Co., Ltd.",,,,"ニッポンコロムビア",0
302,2010401022656,12,1,2026-07-08,2026-05-19,"日本コロムビア株式会社",,301,"東京都","渋谷区","神宮前１丁目４番１６号",,13,113,1500001,,,,,,,2015-10-05,1,"Nippon Columbia Co., Ltd.","Tokyo","1-4-16 Jingumae, Shibuya-ku",,"ニッポンコロムビア",0
303,2010401097855,12,0,2026-07-08,2026-07-03,"株式会社城南エージェント",,301,"埼玉県","蓮田市","大字上平野７３９番地",,11,238,3490136,,,,,,,2015-10-05,1,,,,,"ジョウナンエージェント",0
304,2010401151356,12,0,2026-07-08,2026-07-06,"株式会社オリーブ",,301,"千葉県","茂原市","粟生野１２３番地",,12,210,2994106,,,,,,,2020-03-04,1,,,,,"オリーブ",0
305,2010401200096,01,0,2026-07-08,2026-07-08,"エストレージャスＳ株式会社",,301,"東京都","港区","港南４丁目６番６－６０３号",,13,103,1080075,,,,,,,2026-07-08,1,,,,,"エストレージャスエス",0
306,2010401200113,01,0,2026-07-08,2026-07-08,"ＴＲＩＢＵＴＥ株式会社",,301,"東京都","港区","北青山１丁目３番１号",,13,103,1070061,,,,,,,2026-07-08,1,,,,,"トリビュート",0
307,2010401200162,01,0,2026-07-08,2026-07-08,"ＢＬＡＥＮ株式会社",,301,"東京都","港区","南青山７丁目４番１４号",,13,103,1070062,,,,,,,2026-07-08,1,,,,,"ブロエン",0
308,2010403011129,12,0,2026-07-08,2026-07-06,"ａｉｒ　ｔｖ合同会社",,305,"神奈川県","川崎市高津区","下作延２丁目３０番１８－６０１号",,14,134,2130033,,,,,,,2015-10-05,1,,,,,"エアーティービー",0
309,2010403013091,12,0,2026-07-08,2026-07-02,"テピア・ソーラーマネジメント合同会社",,305,"東京都","中央区","銀座２丁目１１番８号ラウンドクロス銀座２丁目１１階",,13,102,1040061,,,,,,,2015-10-05,1,,,,,"テピアソーラーマネジメント",0
310,2010405025829,01,0,2026-07-08,2026-07-08,"一般財団法人ＴＳＩファッション未来財団",,399,"東京都","港区","赤坂８丁目５番２７号",,13,103,1070052,,,,,,,2026-07-08,1,,,,,"ティーエスアイファッションミライザイダン",0
311,2010701007860,01,1,2026-07-08,2015-10-05,"日本ドライケミカル株式会社",,301,"東京都","港区","台場２丁目３番１号",,13,103,1350091,,,,,,,2015-10-05,0,,,,,"ニホンドライケミカル",0
312,2010701007860,71,1,2026-07-08,2016-10-03,"日本ドライケミカル株式会社",,301,"東京都","港区","台場２丁目３番１号",,13,103,1350091,,,,,,"平成２８年１０月１日東京都港区台場二丁目３番１号トレードピアお台場株式会社ヒューセック（9010401060798）を合併",2015-10-05,0,,,,,"ニホンドライケミカル",0
313,2010701007860,12,1,2026-07-08,2020-02-26,"日本ドライケミカル株式会社",,301,"東京都","北区","田端６丁目１番１号",,13,117,1140014,,,,,,,2015-10-05,0,,,,,"ニホンドライケミカル",0
314,2010701007860,71,1,2026-07-08,2025-10-01,"日本ドライケミカル株式会社",,301,"東京都","北区","田端６丁目１番１号",,13,117,1140014,,,,,,"令和７年１０月１日千葉市中央区中央港一丁目２４番１４号日本ドライメンテナンス株式会社（8040001002141）を合併",2015-10-05,1,,,,,"ニホンドライケミカル",0
315,2010701029541,71,0,2026-07-08,2026-06-01,"インターテック・スクエアード株式会社",,301,"東京都","品川区","南大井６丁目２１番１２号",,13,109,1400013,,,,,,"令和８年６月１日東京都品川区南大井六丁目２１番２１号株式会社インターテック（1010701000965）を合併令和８年６月１日熊本県菊池郡菊陽町大字原水４０００番地６株式会社インターテックエンジニアリング（3330001022809）を合併",2015-10-05,1,,,,,"インターテックスクエアード",0
316,2010701038286,12,0,2026-07-08,2026-06-10,"ＤＣ　Ｓｏｌｕｔｉｏｎｓ株式会社",,301,"東京都","品川区","東品川３丁目２５番１号マキタビル３０１",,13,109,1400002,,,,,,,2019-10-04,1,,,,,"ディーシーソリューションズ",0
317,2010701048574,12,0,2026-07-08,2026-07-06,"株式会社黒駒藤内",,301,"東京都","千代田区","神田神保町２丁目１０番３１号ＩＷビル１Ｆ",,13,101,1010051,,,,,,,2025-11-10,1,,,,,"クロコマトウナイ",0
318,2010703004253,21,0,2026-07-08,2026-06-18,"リックカーブ合同会社",,305,"東京都","新宿区","新宿１丁目３６番２号新宿第七葉山ビル３階",,13,104,1600022,,,2026-06-18,01,,,2018-05-09,1,,,,,"リックカーブ",0
319,2011001096917,12,0,2026-07-08,2026-07-03,"株式会社トランスルーセント",,301,"東京都","港区","虎ノ門４丁目３－１城山トラストタワー２１Ｆ",,13,103,1050001,,,,,,,2015-10-05,1,,,,,"トランスルーセント",0
320,2011001178599,01,0,2026-07-08,2026-07-08,"マテリアセラピューティクス株式会社",,301,"東京都","渋谷区","恵比寿４丁目２０番３号恵比寿ガーデンプレイスタワー１８階",,13,113,1500013,,,,,,,2026-07-08,1,,,,,"マテリアセラピューティクス",0
321,2011001179044,01,0,2026-07-08,2026-07-08,"株式会社Ｔ３",,301,"東京都","渋谷区","道玄坂１丁目１０番８号渋谷道玄坂東急ビル２Ｆ－Ｃ",,13,113,1500043,,,,,,,2026-07-08,1,,,,,"ティースリー",0
322,2011101057406,12,0,2026-07-08,2026-06-26,"京王ウェルシィステージ株式会社",,301,"東京都","多摩市","関戸２丁目４０番地１",,13,224,2060011,,,,,,,2015-10-05,1,,,,,"ケイオウウェルシィステージ",0
323,2011101065771,12,0,2026-07-08,2026-07-03,"アークヒヨシ株式会社",,301,"東京都","千代田区","永田町２丁目１１番１号山王パークタワー３階",,13,101,1000014,,,,,,,2015-10-05,1,,,,,"アークヒヨシ",0
324,2011101094795,12,0,2026-07-08,2026-06-29,"株式会社小林商店",,301,"東京都","渋谷区","千駄ヶ谷３丁目５１番１０号ＰＯＲＴＡＬ　ＰＯＩＮＴ　ＨＡＲＡＪＵＫＵ５０４",,13,113,1510051,,,,,,,2021-04-14,1,,,,,"コバヤシショウテン",0
325,2011101116632,01,0,2026-07-08,2026-07-08,"ＮＰホールディングス株式会社",,301,"東京都","新宿区","戸塚町１丁目１０４番地８",,13,104,1690071,,,,,,,2026-07-08,1,,,,,"エヌピーホールディングス",0
326,2011101116681,01,0,2026-07-08,2026-07-08,"株式会社江月",,301,"東京都","新宿区","四谷坂町８番１９号",,13,104,1600002,,,,,,,2026-07-08,1,,,,,"コウゲツ",0
327,2011102001569,21,0,2026-07-08,2026-06-25,"有限会社梅田空調サービス",,302,"埼玉県","所沢市","向陽町２０８７番７９号",,11,208,3591103,,,2026-06-25,01,,,2015-10-05,1,,,,,,0
328,2011102014884,01,1,2026-07-08,2015-10-05,"有限会社シード",,302,"東京都","新宿区","箪笥町１８番地３",00065165,13,104,1620833,,,,,,,2015-10-05,1,,,,,"シード",0
329,2011103004307,21,0,2026-07-08,2026-06-19,"厚信合同会社",,305,"東京都","新宿区","市谷薬王寺町７４番地５豊コーポ２０１号室",,13,104,1620063,,,2026-06-19,01,,,2015-10-05,1,,,,,,0
330,2011103017721,01,0,2026-07-08,2026-07-08,"合同会社Ｎｉｃｏ",,305,"東京都","新宿区","新宿１丁目３６－３新宿御苑１３６ビル２階",,13,104,1600022,,,,,,,2026-07-08,1,,,,,"ニコ",0
331,2011201015073,01,1,2026-07-08,2015-10-05,"株式会社共和",,301,"東京都","品川区","西品川１丁目１７番１９号",,13,109,1410033,,,,,,,2015-10-05,1,,,,,"キョウワ",0
332,2011202002905,21,0,2026-07-08,2025-07-01,"有限会社篠宮設計事務所",,302,"東京都","中野区","中央２丁目３８番１号",,13,114,1640011,,,2025-07-01,01,,,2015-10-05,1,,,,,"シノミヤセッケイジムショ",0
333,2011203002342,01,1,2026-07-08,2016-04-21,"合同会社ＡＫソーラー",,305,"東京都","中野区","本町６丁目４２番８号ソラール中野２０１",,13,114,1640012,,,,,,,2016-04-21,0,,,,,"エーケイソーラー",0
334,2011203002342,12,1,2026-07-08,2018-07-09,"合同会社ＡＫソーラー",,305,"東京都","中野区","本町６丁目３６番５－１３０１号",,13,114,1640012,,,,,,,2016-04-21,1,,,,,"エーケイソーラー",0
335,2011301031656,01,0,2026-07-08,2026-07-08,"ＪＢ　Ｃａｍｐ株式会社",,301,"東京都","杉並区","和泉３丁目６番地の１彌生堂ビル",,13,115,1680063,,,,,,,2026-07-08,1,,,,,"ジェービーキャンプ",0
336,2011301031672,01,0,2026-07-08,2026-07-08,"株式会社Ｅｖｅｒｓｅｔ",,301,"東京都","杉並区","和泉３丁目５番５号ノースランドビル２階",,13,115,1680063,,,,,,,2026-07-08,1,,,,,"エバーセット",0
337,2011305002892,01,1,2026-07-08,2023-03-29,"一般社団法人Ｇｌｏｂａｌ　Ｓｕｐｐｏｒｔ　Ｃｅｎｔｅｒ",,399,"東京都","杉並区","久我山５丁目２３番９号",,13,115,1680082,,,,,,,2023-03-29,1,,,,,"グローバルサポートセンター",0
338,2011401015220,12,0,2026-07-08,2026-07-02,"株式会社あきやま",,301,"千葉県","佐倉市","上志津１２０３番地１",,12,212,2850846,,,,,,,2015-10-05,1,,,,,"アキヤマ",0
339,2011401028115,01,0,2026-07-08,2026-07-08,"合伸堂株式会社",,301,"東京都","板橋区","中丸町３９番２－３０３号",,13,119,1730026,,,,,,,2026-07-08,1,,,,,"ゴウシンドウ",0
340,2011501019055,01,1,2026-07-08,2015-10-05,"王子電工株式会社",,301,"東京都","北区","豊島７丁目２４番３号",,13,117,1140003,,,,,,,2015-10-05,0,,,,,"オウジデンコウ",0
341,2011501019055,12,1,2026-07-08,2026-07-06,"王子電工株式会社",,301,"東京都","北区","滝野川１丁目７番３号",,13,117,1140023,,,,,,,2015-10-05,1,,,,,"オウジデンコウ",0
342,2011601029722,01,0,2026-07-08,2026-07-08,"株式会社万年筆工房ＦＵＲＵＴＡ",,301,"東京都","練馬区","田柄３丁目１７番３７－５０２号",,13,120,1790073,,,,,,,2026-07-08,1,,,,,"マンネンヒツコウボウフルタ",0
343,2011603005093,12,0,2026-07-08,2026-07-03,"合同会社Ｔｏ　Ｙｏｕ",,305,"東京都","西東京市","住吉町１丁目８－２２",,13,229,2020005,,,,,,,2026-04-20,1,,,,,"トゥーユー",0
344,2011701001135,01,1,2026-07-08,2015-10-05,"株式会社江戸川造船所",,301,"東京都","江戸川区","東葛西３丁目１７番１６号",,13,123,1340084,,,,,,,2015-10-05,1,,,,,"エドガワゾウセンショ",0
345,2011701025084,21,0,2026-07-08,2026-06-09,"株式会社ＳＵＭＭＯＮ",,301,"京都府","京都市中京区","一之船入町５３７－３１リベルタス御池５０６",,26,104,6040924,,,2026-06-09,11,6130001065321,"令和８年６月１日京都市中京区一之船入町５３７－３１リベルタス御池５０６株式会社ｂｅｔａｓｐａｃｅ（6130001065321）に合併し解散",2022-03-03,1,,,,,"サモン",0
346,2011702012338,01,1,2026-07-08,2015-10-05,"有限会社吉野伊",,302,"東京都","江戸川区","西葛西５丁目６番１２号",,13,123,1340088,,,,,,,2015-10-05,1,,,,,"ヨシノイ",0
347,2011705001701,12,0,2026-07-08,2026-07-03,"一般社団法人日本カイラリ",,399,"東京都","江戸川区","二之江町１３６１番地１７",,13,123,1340093,,,,,,,2021-11-30,1,,,,,"ニホンカイラリ",0
348,2011801012247,21,0,2026-07-08,2026-07-03,"株式会社丸實佐藤板金",,301,"東京都","足立区","島根２丁目３０番２２号",,13,121,1210815,,,2026-07-03,01,,,2015-10-05,1,,,,,"マルジツサトウバンキン",0
349,2012401000955,01,1,2026-07-08,2015-10-05,"株式会社大直工務店",,301,"東京都","府中市","本町３丁目２４番地の２０",,13,206,1830027,,,,,,,2015-10-05,1,,,,,"ダイナオコウムテン",0
350,2012401022181,01,1,2026-07-08,2015-10-05,"機楽株式会社",,301,"東京都","狛江市","岩戸南３丁目３番３号",,13,219,2010005,,,,,,,2015-10-05,1,,,,,"キラク",0
351,2012703003565,01,0,2026-07-08,2026-07-08,"ＡＸＬＩＡ合同会社",,305,"東京都","小平市","たかの台４１番６－１０３号",,13,211,1870024,,,,,,,2026-07-08,1,,,,,"アクスリア",0
352,2013201005401,01,1,2026-07-08,2015-10-05,"株式会社ＨＴＫエンジニアリング",,301,"神奈川県","川崎市川崎区","東田町８番地",,14,131,2100005,,,,,,,2015-10-05,0,,,,,"エイチテイケイエンジニアリング",0
353,2013201005401,11,1,2026-07-08,2022-10-03,"ミネベアソフトウェアソリューションズ株式会社",,301,"神奈川県","川崎市川崎区","東田町８番地",,14,131,2100005,,,,,,,2015-10-05,1,,,,,"ミネベアソフトウエアソリューションズ",0
354,2013301052302,12,0,2026-07-08,2026-06-23,"株式会社キンセイ",,301,"東京都","豊島区","東池袋３丁目２１番２１－３１０４号",,13,116,1700013,,,,,,,2024-04-02,1,"kincei Inc.",,,,"キンセイ",0
355,2020001014739,11,0,2026-07-08,2026-06-29,"株式会社託実不動産",,301,"神奈川県","横浜市西区","南浅間町２０番地１８",,14,103,2200074,,,,,,,2015-10-05,1,,,,,"タクミフドウサン",0
356,2020001085986,21,0,2026-07-08,2026-06-29,"株式会社ビー・ブイ・プランニング",,301,"神奈川県","横浜市戸塚区","柏尾町１８５番地４",,14,110,2440812,,,2026-06-29,01,,,2015-10-05,1,,,,,"ビーブイプランニング",0
357,2020001124991,01,1,2026-07-08,2018-02-14,"株式会社ＬＩＭＩＴ",,301,"神奈川県","川崎市高津区","下作延５丁目１６番１８－７０１号",,14,134,2130033,,,,,,,2018-02-14,0,,,,,"リミット",0
358,2020001124991,12,1,2026-07-08,2026-06-29,"株式会社ＬＩＭＩＴ",,301,"神奈川県","川崎市高津区","下作延１丁目１－７ｎｏｋｕｔｉｃａ",,14,134,2130033,,,,,,,2018-02-14,1,,,,,"リミット",0
359,2020001137507,12,0,2026-07-08,2026-07-06,"株式会社クリエイティブ・サービス",,301,"東京都","品川区","東五反田５丁目１０番１８号",,13,109,1410022,,,,,,,2020-09-04,1,,,,,"クリエイティブサービス",0
360,2020001169401,01,0,2026-07-08,2026-07-08,"株式会社ＬＩＮＸ",,301,"神奈川県","横浜市鶴見区","北寺尾２丁目８番１９号",,14,101,2300074,,,,,,,2026-07-08,1,,,,,"リンクス",0
361,2020002065426,01,1,2026-07-08,2015-10-05,"ケアサポートゆとゆ株式会社",,301,"神奈川県","横浜市港北区","箕輪町２丁目２０番３２－５０３号",,14,109,2230051,,,,,,,2015-10-05,1,,,,,"ケアサポートユトユ",0
362,2020002104489,01,1,2026-07-08,2015-10-05,"有限会社あそか",,302,"神奈川県","川崎市中原区","宮内４丁目３番１２号",,14,133,2110051,,,,,,,2015-10-05,1,,,,,"アソカ",0
363,2020003016015,12,0,2026-07-08,2026-06-25,"合同会社ｎａｎａｌａ",,305,"神奈川県","横浜市鶴見区","駒岡３丁目４番９号ヨコスカマンション２０５号室",,14,101,2300071,,,,,,,2019-05-10,1,,,,,"ナナラ",0
364,2020003028209,12,0,2026-07-08,2026-07-06,"未来ビジネスアソシエイツ合同会社",,305,"東京都","千代田区","九段北１丁目９番１４号九段リハイム３０４",,13,101,1020073,,,,,,,2025-04-07,1,,,,,"ミライビジネスアソシエイツ",0
365,2020003031360,01,0,2026-07-08,2026-07-08,"ＫＩＹＡ　ＧＡＬＬＥＲＹ合同会社",,305,"神奈川県","川崎市宮前区","土橋１丁目８番地２宮前平ビレジＡ２０１",,14,136,2160005,,,,,,,2026-07-08,1,,,,,"キヤギャラリー",0
366,2021001023696,21,0,2026-07-08,2026-06-12,"株式会社アベルト",,301,"千葉県","柏市","柏３丁目４番１２－５０３号",,12,217,2770005,,,2026-06-12,01,,,2015-10-05,1,,,,,"アベルト",0
367,2021001043001,21,0,2026-07-08,2026-06-08,"株式会社モバードシステム",,301,"神奈川県","横須賀市","光の丘８番３号ＹＲＰベンチャー棟２１７号",,14,201,2390847,,,2026-06-08,01,,,2015-10-05,1,,,,,"モバードシステム",0
368,2021001071002,12,0,2026-07-08,2026-06-15,"シンサリー株式会社",,301,"神奈川県","横須賀市","安浦町２丁目２１番地",,14,201,2380012,,,,,,,2020-10-08,1,,,,,"シンサリー",0
369,2021001088616,01,0,2026-07-08,2026-07-08,"株式会社松栄建設",,301,"神奈川県","藤沢市","遠藤７４０番地の１－１０５号",,14,205,2520816,,,,,,,2026-07-08,1,,,,,"ショウエイケンセツ",0
370,2021002011948,01,1,2026-07-08,2015-10-05,"有限会社ファーマシィ・ナカムラ",,302,"神奈川県","茅ヶ崎市","浜之郷６９０番地",,14,207,2530086,,,,,,,2015-10-05,1,,,,,"ファーマシィナカムラ",0
371,2021002028166,12,0,2026-07-08,2026-07-06,"有限会社メディカル・インフォメーション・サービス",,302,"埼玉県","桶川市","鴨川１丁目８番７－１０２号",,11,231,3630024,,,,,,,2015-10-05,1,,,,,"メディカルインフォメーションサービス",0
372,2021003015907,01,1,2026-07-08,2025-05-01,"将軍族合同会社",,305,"神奈川県","愛甲郡愛川町","春日台４丁目２番地２０６号Ａ",,14,401,2430302,,,,,,,2025-05-01,1,,,,,,0
373,2021005013636,01,0,2026-07-08,2026-07-08,"一般社団法人ＢＴＣ　ＣＡＰＩＴＡＬ　ＣＬＵＢ",,399,"神奈川県","大和市","福田１丁目１０番４号桜ケ丘総合ビル２０２",,14,213,2420024,,,,,,,2026-07-08,1,,,,,"ビーティーシーキャビタルクラブ",0
374,2030001091810,12,0,2026-07-08,2026-06-24,"株式会社ベヘド",,301,"埼玉県","比企郡ときがわ町","大字日影３５３番地４",,11,349,3550344,,,,,,,2015-10-05,1,,,,,,0
375,2030001152942,12,0,2026-07-08,2026-06-23,"株式会社ＷＡＶＹ’Ｓ",,301,"埼玉県","さいたま市見沼区","大和田町１丁目１５５８－４セブンスクエアＮＳ１０６",,11,104,3370053,,,,,,,2023-03-20,1,,,,,"ウェイビーズ",0
376,2030001173179,01,0,2026-07-08,2026-07-08,"大昇キャピタル株式会社",,301,"埼玉県","熊谷市","宮前町２丁目１３０番地",,11,202,3600045,,,,,,,2026-07-08,1,,,,,"ダイショウキャピタル",0
377,2030002011627,01,1,2026-07-08,2015-10-05,"有限会社ブルーム",,302,"埼玉県","さいたま市南区","大字太田窪２３０６番地１８",,11,108,3360015,,,,,,,2015-10-05,1,,,,,"ブルーム",0
378,2030002023952,01,1,2026-07-08,2015-10-05,"有限会社柏興業",,302,"埼玉県","戸田市","美女木２丁目９番地の１１",,11,224,3350031,,,,,,,2015-10-05,1,,,,,"カシワコウギョウ",0
379,2030003011295,01,1,2026-07-08,2018-01-11,"栗原不動産管理合同会社",,305,"埼玉県","さいたま市南区","松本４丁目１４番１号",,11,108,3360035,,,,,,,2018-01-11,1,,,,,"クリハラフドウサンカンリ",0
380,2030005021623,01,1,2026-07-08,2024-04-12,"一般社団法人Ｔｈｅ　Ｙａｓｈｉｏｓｔｙｌｅ",,399,"埼玉県","八潮市","大字二丁目５２番地３－ＩＩＩ・１０１",00134383,11,234,3400811,,,,,,,2024-04-12,1,,,,,"ザヤシオスタイル",0
381,2040001025701,12,0,2026-07-08,2026-06-22,"株式会社エーアイエフ総研",,301,"千葉県","船橋市","東船橋１丁目２番１号",,12,204,2730002,,,,,,,2015-10-05,1,,,,,"エーアイエフソウケン",0
382,2040001031138,01,1,2026-07-08,2015-10-05,"株式会社企画屋Ｋ２",,301,"千葉県","市川市","原木３丁目１５番２－４０６号",,12,203,2720004,,,,,,,2015-10-05,0,,,,,"キカクヤケーツー",0
383,2040001031138,12,1,2026-07-08,2025-05-27,"株式会社企画屋Ｋ２",,301,"茨城県","守谷市","ひがし野２丁目１番地１８２０号室",,08,224,3020131,,,,,,,2015-10-05,1,,,,,"キカクヤケーツー",0
384,2040001049493,12,0,2026-07-08,2026-06-23,"株式会社ＡＬＩＫＨＡＮＹ",,301,"千葉県","佐倉市","染井野６丁目１２番８号",,12,212,2850831,,,,,,,2015-10-05,1,,,,,"アリハニー",0
385,2040001110081,12,0,2026-07-08,2026-06-09,"株式会社ＯＷＬ",,301,"神奈川県","藤沢市","鵠沼海岸３丁目１８番１７－１号",,14,205,2510037,,,,,,,2019-07-22,1,,,,,"オウル",0
386,2040002025601,01,1,2026-07-08,2015-10-05,"有限会社三咲動物病院",,302,"千葉県","船橋市","みやぎ台３丁目３番１８号",,12,204,2740804,,,,,,,2015-10-05,1,,,,,"ミサキドウブツビョウイン",0
387,2040002036573,01,1,2026-07-08,2015-10-05,"有限会社マーシャン・プロダクト",,302,"千葉県","市川市","北国分２丁目２６番１２号",,12,203,2720836,,,,,,,2015-10-05,1,,,,,"マーシャンプロダクト",0
388,2040002050351,12,0,2026-07-08,2026-07-06,"丸庄有限会社",,302,"東京都","荒川区","南千住８丁目３番２－５０５号",,13,118,1160003,,,,,,,2015-10-05,1,,,,,"マルショウ",0
389,2040003009165,01,1,2026-07-08,2016-10-17,"合同会社潮来パワーアシスト",,305,"千葉県","千葉市緑区","高田町１０１８番地１１",,12,105,2660003,,,,,,,2016-10-17,1,,,,,"イタコパワーアシスト",0
390,2040003028330,12,0,2026-07-08,2026-07-03,"合同会社ｃｒａｆｔｍｅｎ",,305,"東京都","千代田区","神田松永町１番地松屋ビル５階５０２",,13,101,1010023,,,,,,,2025-08-21,1,,,,,"クラフトメン",0
391,2040003029717,12,0,2026-07-08,2026-07-06,"合同会社グレードワン",,305,"東京都","千代田区","麹町３丁目１２番地１４麹町駅前ＨＩＬＬ－ＴＯＰビル７階",,13,101,1020083,,,,,,,2026-03-25,1,,,,,"グレードワン",0
392,2040003030360,01,0,2026-07-08,2026-07-08,"合同会社日野ｆａｃｔｏｒｙ",,305,"千葉県","柏市","大室１１９１番地４０アートライフ２０１号",,12,217,2770813,,,,,,,2026-07-08,1,,,,,"ヒノファクトリー",0
393,2050001004902,01,1,2026-07-08,2015-10-05,"日立綜合防災株式会社",,301,"茨城県","那珂郡東海村","舟石川６４４番地１４",,08,341,3191111,,,,,,,2015-10-05,1,,,,,"ヒタチソウゴウボウサイ",0
394,2050001040988,12,0,2026-07-08,2026-06-26,"株式会社雅架設",,301,"茨城県","那珂市","後台２５４５番地４クレールコート５号棟",,08,226,3110111,,,,,,,2016-05-16,1,,,,,"ミヤビカセツ",0
395,2050001052331,12,0,2026-07-08,2026-07-06,"若松株式会社",,301,"千葉県","柏市","篠籠田１３９７－２６１ドリットハイツ２０２室",,12,217,2770862,,,,,,,2023-02-06,1,,,,,"ワカマツ",0
396,2050002022829,21,0,2026-07-08,2026-06-29,"有限会社松山製作所",,302,"茨城県","つくば市","中山１１８番地２１",,08,220,3001268,,,2026-06-29,01,,,2015-10-05,1,,,,,"マツヤマセイサクジョ",0
397,2050005006911,12,0,2026-07-08,2026-06-24,"ＡＦＡ協同組合",,399,"茨城県","神栖市","神栖２丁目１９番１４号",,08,232,3140143,,,,,,,2015-10-05,1,,,,,"エーエフエー",0
398,2060001023257,01,1,2026-07-08,2015-10-05,"株式会社ｈｏｍｅ　ｖｉｌｌａｇｅ",,301,"栃木県","下野市","医大前３丁目２番１２号",,09,216,3290403,,,,,,,2015-10-05,0,,,,,"ホームヴィレッジ",0
399,2060001023257,12,1,2026-07-08,2016-10-03,"株式会社ｈｏｍｅ　ｖｉｌｌａｇｅ",,301,"栃木県","下野市","駅東３丁目６番９号",,09,216,3290413,,,,,,,2015-10-05,0,,,,,"ホームヴィレッジ",0
400,2060001023257,12,1,2026-07-08,2026-07-01,"株式会社ｈｏｍｅ　ｖｉｌｌａｇｅ",,301,"栃木県","宇都宮市","馬場通り２丁目１番１号ＤＰスクエア宇都宮６階Ｅ室",,09,201,3200026,,,,,,,2015-10-05,1,,,,,"ホームヴィレッジ",0
401,2060001035987,12,0,2026-07-08,2026-07-03,"Ａ　Ｓ　ＭＯＴＯＲＳ株式会社",,301,"茨城県","古河市","谷貝９６３－１２",,08,204,3060113,,,,,,,2023-05-18,1,,,,,"エーエスモーターズ",0
402,2060001039435,01,0,2026-07-08,2026-07-08,"株式会社スギモト商事",,301,"栃木県","小山市","犬塚４丁目１１番地１９",,09,208,3230811,,,,,,,2026-07-08,1,,,,,"スギモトショウジ",0
403,2070001025599,21,0,2026-07-08,2026-06-25,"株式会社水山荘",,301,"群馬県","前橋市","堀越町１６７９番地５",,10,201,3710231,,,2026-06-25,01,,,2015-10-05,1,,,,,"スイザンソウ",0
404,2070001032199,01,1,2026-07-08,2016-05-24,"株式会社いつき造園",,301,"群馬県","伊勢崎市","国定町２丁目１８３９番地７",,10,204,3792221,,,,,,,2016-05-24,1,,,,,"イツキゾウエン",0
405,2070005009458,12,0,2026-07-08,2026-06-17,"一般社団法人群馬県言語聴覚士会",,399,"群馬県","高崎市","南大類町８８５番地２",,10,202,3700036,,,,,,,2018-04-09,1,,,,,"グンマケンゲンゴチョウカクシカイ",0
406,2080002013412,21,0,2026-07-08,2026-07-01,"有限会社アペオ",,302,"静岡県","島田市","中央町３１番１０号",,22,209,4270042,,,2026-07-01,11,1080001012969,"令和８年７月１日静岡県島田市中央町３１番１０号大鐘測量設計株式会社（1080001012969）に合併し解散",2015-10-05,1,,,,,"アペオ",0
407,2080101012959,01,1,2026-07-08,2015-10-05,"株式会社エヌティー倶楽部",,301,"静岡県","熱海市","下多賀１４７２番地の１",,22,205,4130102,,,,,,,2015-10-05,1,,,,,"エヌティークラブ",0
408,2080102017866,01,1,2026-07-08,2015-10-05,"有限会社ヴィーナス",,302,"静岡県","富士宮市","ひばりが丘２８７番地",,22,207,4180003,,,,,,,2015-10-05,1,,,,,"ヴィーナス",0
409,2080401028713,01,0,2026-07-08,2026-07-08,"株式会社Ａｎ",,301,"静岡県","浜松市中央区","小池町４６番地の１",,22,138,4350056,,,,,,,2026-07-08,1,,,,,"アン",0
410,2080402015009,01,1,2026-07-08,2015-10-05,"有限会社五明モータース",,302,"静岡県","浜松市浜北区","於呂１５６８番地の２",,22,136,4340015,,,,,,,2015-10-05,0,,,,,"ゴミョウモータース",0
411,2080402015009,12,1,2026-07-08,2024-01-11,"有限会社五明モータース",,302,"静岡県","浜松市浜名区","於呂１５６８番地の２",,22,139,4340015,,,,,,,2015-10-05,1,,,,,"ゴミョウモータース",0
412,2090001019954,01,0,2026-07-08,2026-07-08,"株式会社Ｌｉｎｃｏｌｎ　Ｉｎｓｔｉｔｕｔｅ　ｏｆ　Ｓｋｉｌｌｓ　Ｄｅｖｅｌｏｐｍｅｎｔ",,301,"山梨県","北杜市","須玉町藤田６４５番地１",,19,209,4080114,,,,,,,2026-07-08,1,,,,,"リンカーンインスティチュートオブスキルスデベロップメント",0
413,2090001019970,01,0,2026-07-08,2026-07-08,"株式会社半",,301,"山梨県","南都留郡山中湖村","山中８６５番地の８０",,19,425,4010501,,,,,,,2026-07-08,1,,,,,"ナカバ",0
414,2100001000631,12,0,2026-07-08,2026-07-02,"株式会社カシヨ情報ビル",,301,"長野県","長野市","大字長野大門町５３２番地",,20,201,3800841,,,,,,,2015-10-05,1,,,,,"カシヨジョウホウビル",0
415,2100002024910,21,0,2026-07-08,2026-07-02,"有限会社上成工機",,302,"長野県","塩尻市","大字金井１９９番地",,20,215,3990721,,,2026-07-02,01,,,2015-10-05,1,,,,,"ジョウセイコウキ",0
416,2110005017373,01,0,2026-07-08,2026-07-08,"特定非営利活動法人子ども食堂チューリップ",,399,"新潟県","新潟市南区","戸石２６５５番地１",,15,106,9501425,,,,,,,2026-07-08,1,,,,,"コドモショクドウチューリップ",0
417,2120001114289,12,0,2026-07-08,2026-07-01,"株式会社フォレストゲート",,301,"大阪府","大阪市港区","南市岡３丁目１１番１８号",,27,107,5520011,,,,,,,2015-10-05,1,,,,,"フォレストゲート",0
418,2120001114553,01,1,2026-07-08,2015-10-05,"株式会社曽我部電工",,301,"大阪府","大阪市大正区","三軒家西２丁目７番１８号",,27,108,5510001,,,,,,,2015-10-05,1,,,,,"ソガベデンコウ",0
419,2120001147652,01,1,2026-07-08,2015-10-05,"株式会社かわもく",,301,"大阪府","寝屋川市","香里本通町１０番１８号",,27,215,5720082,,,,,,,2015-10-05,1,,,,,"カワモク",0
420,2120001159755,12,0,2026-07-08,2026-07-01,"株式会社星和管工",,301,"大阪府","門真市","岸和田３丁目４５番１９号",,27,223,5710002,,,,,,,2015-10-05,1,,,,,"セイワカンコウ",0
421,2120001167766,12,0,2026-07-08,2026-07-06,"マツダ株式会社",,301,"和歌山県","和歌山市","加太１１９２",,30,201,6400103,,,,,,,2015-10-05,1,,,,,"マツダ",0
422,2120001206441,12,0,2026-07-08,2026-07-01,"株式会社ＢＳ",,301,"大阪府","大阪市中央区","南久宝寺町２丁目１番１号リブラ南久宝寺１号館（東館）天翔オフィス堺筋本町３階３０８号室",,27,128,5410058,,,,,,,2017-06-22,1,,,,,"ビーエス",0
423,2120001265280,12,0,2026-07-08,2026-06-30,"株式会社遊楽通商",,301,"大阪府","大阪市淀川区","十三東３丁目５－９大島紬ビル３階３０５号室",,27,123,5320023,,,,,,,2024-05-24,1,,,,,"ユウラクツウショウ",0
424,2120001280494,21,0,2026-07-08,2026-07-03,"楽心株式会社",,301,"大阪府","大阪市東住吉区","中野４丁目１番１６号リベラルオリエンテ中野４１１Ｂ",,27,121,5460012,,,2026-07-03,01,,,2025-10-01,1,,,,,"ラクシン",0
425,2120001287449,01,0,2026-07-08,2026-07-08,"ＶＥＮＯＭ　ＪＡＰＡＮ株式会社",,301,"大阪府","大阪市中央区","高麗橋１丁目７番７－４３０４号",,27,128,5410043,,,,,,,2026-07-08,1,,,,,"ヴェノムジャパン",0
426,2120001287647,01,0,2026-07-08,2026-07-08,"株式会社ンポポ",,301,"大阪府","大阪市中央区","本町３丁目４－１６ＳＹＮＡＳＩＡ本町ビル１１階",,27,128,5410053,,,,,,,2026-07-08,1,,,,,"ンポポ",0
427,2120001287671,01,0,2026-07-08,2026-07-08,"株式会社ＥＶＩＳＵ　ＨＯＬＤＩＮＧＳ",,301,"大阪府","大阪市北区","南扇町２－１１エスライズ梅田東２０１",,27,127,5300052,,,,,,,2026-07-08,1,,,,,"エビスホールディングス",0
428,2120002029404,01,1,2026-07-08,2015-10-05,"上田美装工業有限会社",,302,"大阪府","大阪市北区","本庄東３丁目１０番２８号",,27,127,5310074,,,,,,,2015-10-05,0,,,,,"ウエダビソウコウギョウ",0
429,2120002029404,12,1,2026-07-08,2016-06-02,"上田美装工業有限会社",,302,"大阪府","大阪市北区","本庄西３丁目６番２３号マンション由本１０２号室",,27,127,5310073,,,,,,,2015-10-05,1,,,,,"ウエダビソウコウギョウ",0
430,2120003027357,12,0,2026-07-08,2026-07-03,"大通合同会社",,305,"大阪府","大阪市中央区","平野町１丁目８番１３号平野町八千代ビル３階",,27,128,5410046,,,,,,,2024-08-28,1,,,,,"ダイツウ",0
431,2120003033009,01,0,2026-07-08,2026-07-08,"合同会社ＡＬＴＩＵＳ",,305,"大阪府","大阪市西区","川口３丁目８－１５－６０５",,27,106,5500021,,,,,,,2026-07-08,1,,,,,"アルティウス",0
432,2120101067024,12,0,2026-07-08,2026-07-03,"株式会社Ｏｗｎ　Ｌｉｆｅ",,301,"大阪府","松原市","天美東６丁目２番４号",,27,217,5800032,,,,,,,2023-02-27,1,,,,,"オウンライフ",0
433,2120101074045,01,0,2026-07-08,2026-07-08,"株式会社Ｆｒｏｎｔｉｅｒ　Ａｎｉｍａｌ　Ｃｌｉｎｉｃ",,301,"大阪府","堺市南区","槇塚台２丁２５番１０号",00144232,27,145,5900114,,,,,,,2026-07-08,1,,,,,"フロンティアアニマルクリニック",0
434,2120102013076,21,0,2026-07-08,2026-07-01,"サンケンリアライズ有限会社",,302,"大阪府","堺市堺区","甲斐町東５丁３番１１号",,27,141,5900953,,,2026-07-01,01,,,2015-10-05,1,,,,,"サンケンリアライズ",0
435,2120102018562,01,1,2026-07-08,2015-10-05,"有限会社カワバタ",,302,"大阪府","藤井寺市","小山７丁目１７番２号",,27,226,5830033,,,,,,,2015-10-05,1,,,,,"カワバタ",0
436,2120901019488,01,1,2026-07-08,2015-10-05,"株式会社金田商事",,301,"大阪府","池田市","豊島南２丁目４番１２号",,27,204,5630035,,,,,,,2015-10-05,1,,,,,"カネダショウジ",0
437,2120901052927,01,0,2026-07-08,2026-07-08,"株式会社ＴＥＲＡＳ",,301,"大阪府","茨木市","沢良宜浜３丁目２２番２３号",,27,211,5670864,,,,,,,2026-07-08,1,,,,,"テラス",0
438,2120903006303,01,0,2026-07-08,2026-07-08,"合同会社大和重量",,305,"大阪府","高槻市","東和町３９番１９号",,27,207,5690032,,,,,,,2026-07-08,1,,,,,"ダイワジュウリョウ",0
439,2120903006311,01,0,2026-07-08,2026-07-08,"合同会社ＥＮＴＯ",,305,"大阪府","吹田市","江の木町１４－１－９０２",,27,205,5640053,,,,,,,2026-07-08,1,,,,,"エント",0
440,2122001029632,01,1,2026-07-08,2016-05-25,"株式会社ライセンス・インターナショナル",,301,"大阪府","東大阪市","長田東３丁目３番３７号",,27,227,5770012,,,,,,,2016-05-25,1,,,,,"ライセンスインターナショナル",0
441,2122001038880,01,1,2026-07-08,2025-02-12,"株式会社Ｔ’ｓアセットマネジメント",,301,"大阪府","柏原市","古町１丁目１１番５号",,27,221,5820008,,,,,,,2025-02-12,1,,,,,"ティーエスアセットマネジメント",0
442,2130001024090,12,0,2026-07-08,2026-07-01,"株式会社ケアリング",,301,"京都府","京都市左京区","浄土寺下馬場町１０６番地",,26,103,6068413,,,,,,,2015-10-05,1,,,,,"ケアリング",0
443,2130001028752,01,1,2026-07-08,2015-10-05,"大井製紙株式会社",,301,"岐阜県","中津川市","小川町２番３号",,21,206,5080023,,,,,,,2015-10-05,1,,,,,,0
444,2130001078062,12,0,2026-07-08,2026-07-03,"株式会社ａｉｄｅ",,301,"大阪府","大阪市北区","梅田１丁目２番２号大阪駅前第２ビル１２－１２",,27,127,5300001,,,,,,,2024-10-09,1,,,,,"エド",0
445,2130001082535,01,0,2026-07-08,2026-07-08,"株式会社海ノ泉",,301,"京都府","京丹後市","峰山町丹波７１４番地の１",,26,212,6270011,,,,,,,2026-07-08,1,,,,,"ウミノイズミ",0
446,2130001082634,01,0,2026-07-08,2026-07-08,"株式会社澤崎設計事務所",00144239,301,"京都府","京都市山科区","大塚西浦町３番地８",,26,110,6078125,,,,,,,2026-07-08,1,,,,,"サワサキセッケイジムショ",0
447,2130002013092,12,0,2026-07-08,2026-06-18,"有限会社アールシーテクノ",,302,"京都府","京都市山科区","大塚北溝町３４番２４",00144243,26,110,6078134,,,,,,,2015-10-05,1,,,,,"アールシーテクノ",0
448,2130003007770,01,1,2026-07-08,2022-02-21,"合同会社ＴＯＥＫＯＭＳＴ",,305,"京都府","京都市東山区","上馬町５３５番地",,26,105,6050927,,,,,,,2022-02-21,0,,,,,"トゥッコムスト",0
449,2130003007770,12,1,2026-07-08,2024-03-11,"合同会社ＴＯＥＫＯＭＳＴ",,305,"京都府","京都市中京区","聚楽廻東町１１番地３アネックス聚楽廻",,26,104,6048404,,,,,,,2022-02-21,1,,,,,"トゥッコムスト",0
450,2130003009668,12,0,2026-07-08,2026-07-03,"合同会社ヤマコー",,305,"大阪府","枚方市","南中振２丁目５９番７－１０７号",,27,210,5730094,,,,,,,2024-07-18,1,,,,,"ヤマコー",0
451,2140001024230,12,0,2026-07-08,2026-07-01,"ＪＢトールシステム株式会社",,301,"兵庫県","神戸市中央区","小野柄通４丁目１番２２号",,28,110,6510088,,,,,,,2015-10-05,1,,,,,"ジェイビートールシステム",0
452,2140001121572,12,0,2026-07-08,2026-07-01,"株式会社Ｃ．ＲＡＦＴ",,301,"兵庫県","加西市","福居町２２２番地２",,28,220,6752351,,,,,,,2021-05-14,1,,,,,"クラフト",0
453,2140001128667,12,0,2026-07-08,2026-06-15,"株式会社ｂｙ　ＨＡＲＵ",,301,"東京都","渋谷区","神宮前６丁目２８番９号東武ビル６Ｆ",,13,113,1500001,,,,,,,2023-01-12,1,,,,,"バイハル",0
454,2140005004823,01,1,2026-07-08,2015-10-05,"医療法人社団室井歯科医院",,399,"兵庫県","神戸市北区","有野中町４丁目３番１４号",,28,109,6511313,,,,,,,2015-10-05,0,,,,,"ムロイシカイイン",0
455,2140005004823,11,1,2026-07-08,2018-11-19,"医療法人社団誠倫会",,399,"兵庫県","神戸市北区","有野中町４丁目３番１４号",,28,109,6511313,,,,,,,2015-10-05,1,,,,,"セイワカイ",0
456,2150002008883,21,0,2026-07-08,2026-07-02,"有限会社北村製袋所",,302,"奈良県","大和高田市","南陽町２番１号",,29,202,6350057,,,2026-07-02,01,,,2015-10-05,1,,,,,"キタムラセイタイショ",0
457,2160001024121,11,0,2026-07-08,2026-06-26,"株式会社グリッツエナジー",,301,"滋賀県","栗東市","小柿３丁目２番１７号",,25,208,5203024,,,,,,,2022-04-13,1,,,,,"グリッツエナジー",0
458,2160001027743,01,0,2026-07-08,2026-07-08,"株式会社ＮＥＷ　ＮＯＲＭＡＬ　ＳＴＵＤＩＯｘｘ",,301,"滋賀県","草津市","草津２丁目４番１３－９０２号エスリード草津本陣邸",,25,206,5250034,,,,,,,2026-07-08,1,,,,,"ニューノーマルスタジオ",0
459,2160002010335,01,1,2026-07-08,2015-10-05,"有限会社小梶塗装店",,302,"滋賀県","東近江市","沖野３丁目１番２４号",,25,213,5270034,,,,,,,2015-10-05,1,,,,,"コカジトソウテン",0
460,2160005005869,01,1,2026-07-08,2015-10-05,"白鳥神社",,399,"滋賀県","東近江市","高木町１３９２番地",,25,213,5270223,,,,,,,2015-10-05,1,,,,,"シラトリジンジャ",0
461,2160005005992,01,1,2026-07-08,2015-10-05,"八千才神社",,399,"滋賀県","東近江市","新出町３１２番地",,25,213,5270225,,,,,,,2015-10-05,1,,,,,"ヤチホコジンジャ",0
462,2160005011066,12,0,2026-07-08,2026-07-03,"一般社団法人ホンミライ",,399,"滋賀県","大津市","萱野浦２５番３６号",,25,201,5202143,,,,,,,2022-03-31,1,,,,,"ホンミライ",0
463,2170003001472,21,0,2026-07-08,2026-07-06,"合同会社富美香",,305,"和歌山県","紀の川市","北大井３７６－１",,30,208,6496406,,,2026-07-06,01,,,2020-08-12,1,,,,,"フミカ",0
464,2180001009723,11,0,2026-07-08,2026-06-09,"ＫＭ管理株式会社",,301,"愛知県","名古屋市瑞穂区","日向町２丁目１３番地",,23,108,4670047,,,,,,,2015-10-05,1,,,,,"ケイエムカンリ",0
465,2180001013626,01,1,2026-07-08,2015-10-05,"株式会社名鉄アオト",,301,"愛知県","名古屋市北区","山田１丁目５番２０号",,23,103,4620810,,,,,,,2015-10-05,1,,,,,"メイテツアオト",0
466,2180001055643,21,0,2026-07-08,2026-06-24,"株式会社イーアセスメント",,301,"愛知県","名古屋市中村区","名駅３丁目２２番８号",,23,105,4500002,,,2026-06-24,01,,,2015-10-05,1,,,,,"イーアセスメント",0
467,2180001111818,12,0,2026-07-08,2026-07-01,"株式会社Ｐｌｕｓｂｏｘ",,301,"愛知県","名古屋市中区","丸の内２丁目１４番４号エグゼ丸の内６Ｆ",,23,106,4600002,,,,,,,2015-10-05,1,,,,,"プラスボックス",0
468,2180001124588,01,1,2026-07-08,2016-08-22,"株式会社リファインズ",,301,"愛知県","長久手市","五合池２１３５番地",,23,238,4801156,,,,,,,2016-08-22,1,,,,,"リファインズ",0
469,2180001172629,01,0,2026-07-08,2026-07-08,"株式会社ＡＴＬＡＮＴＩＳ",,301,"愛知県","名古屋市中村区","名駅４丁目２４番５号第２森ビル４０１",,23,105,4500002,,,,,,,2026-07-08,1,,,,,"アトランティス",0
470,2180001172645,01,0,2026-07-08,2026-07-08,"株式会社みなと",,301,"愛知県","名古屋市港区","当知４丁目２２２０番地",,23,111,4550804,,,,,,,2026-07-08,1,,,,,"ミナト",0
471,2180002078676,01,1,2026-07-08,2015-10-05,"有限会社原田産業",,302,"愛知県","一宮市","木曽川町玉ノ井字稲荷前３３５番地の１",,23,203,4930004,,,,,,,2015-10-05,1,,,,,"ハラダサンギョウ",0
472,2180003010596,11,0,2026-07-08,2026-07-01,"株式会社清谷商店",,301,"愛知県","名古屋市東区","筒井２丁目１０番４５号",,23,102,4610003,,,,,,,2015-10-05,1,,,,,"キヨタニショウテン",0
473,2180003012816,01,1,2026-07-08,2015-10-05,"合資会社セリューズ",,304,"愛知県","半田市","青山５丁目２番地の３",,23,205,4750836,,,,,,,2015-10-05,0,,,,,"セリューズ",0
474,2180003012816,12,1,2026-07-08,2026-06-30,"合資会社セリューズ",,304,"愛知県","半田市","銀座本町４丁目５番地",,23,205,4750874,,,,,,,2015-10-05,1,,,,,"セリューズ",0
475,2180003030495,01,0,2026-07-08,2026-07-08,"合同会社Ｄａｈａ",,305,"愛知県","名古屋市千種区","見附町２丁目１番地セレンディピティ本山１０２",,23,101,4640817,,,,,,,2026-07-08,1,,,,,"ダハ",0
476,2180005016501,21,0,2026-07-08,2026-07-06,"特定非営利活動法人悩み事相談解決支援センター",,399,"愛知県","名古屋市守山区","緑ヶ丘５１５番地",,23,113,4630009,,,2026-07-06,01,,,2015-10-26,1,,,,,"ナヤミゴトソウダンカイケツシエンセンター",0
477,2180005021591,01,0,2026-07-08,2026-07-08,"一般社団法人心のアトリ絵",,399,"愛知県","春日井市","鳥居松町３丁目１９９番地３",,23,206,4860844,,,,,,,2026-07-08,1,,,,,"ココロノアトリエ",0
478,2180301005414,01,1,2026-07-08,2015-10-05,"株式会社瓶屋商店",,301,"愛知県","豊橋市","川崎町３７０番地",,23,201,4400094,,,,,,,2015-10-05,1,,,,,"カメヤショウテン",0
479,2180301035139,21,0,2026-07-08,2026-07-06,"ＦＩＥＬＤＳＴＹＬＥ株式会社",,301,"愛知県","岡崎市","筒針町字池田７２番地５",,23,202,4440932,,,2026-07-06,11,6180001039048,"令和８年７月１日名古屋市中区橘二丁目１０番１号名古屋テレビ放送株式会社（6180001039048）に合併し解散",2021-07-05,1,,,,,"フィールドスタイル",0
480,2180301041161,01,0,2026-07-08,2026-07-08,"株式会社千味",,301,"愛知県","豊橋市","花田町字越水６４番地１",,23,201,4418019,,,,,,,2026-07-08,1,,,,,"センミ",0
481,2180301041178,01,0,2026-07-08,2026-07-08,"株式会社スマイル",,301,"愛知県","安城市","住吉町７丁目２０番地４ＡＹビル１階",,23,212,4460072,,,,,,,2026-07-08,1,,,,,"スマイル",0
482,2180302010974,01,1,2026-07-08,2015-10-05,"有限会社清田プロパン",,302,"愛知県","田原市","福江町堂前３番地５",,23,231,4413617,,,,,,,2015-10-05,0,,,,,"キヨタプロパン",0
483,2180302010974,12,1,2026-07-08,2026-06-25,"有限会社清田プロパン",,302,"愛知県","田原市","福江町沢６７番地１",,23,231,4413617,,,,,,,2015-10-05,1,,,,,"キヨタプロパン",0
484,2180302012814,01,1,2026-07-08,2015-10-05,"有限会社石河建築",,302,"愛知県","豊川市","伊奈町前山２５番地７０",,23,207,4410105,,,,,,,2015-10-05,1,,,,,"イシカワケンチク",0
485,2190001002149,12,0,2026-07-08,2026-07-01,"イセゴム工業株式会社",,301,"三重県","多気郡大台町","長ヶ７２番地",,24,443,5192400,,,,,,,2015-10-05,1,,,,,"イセゴムコウギョウ",0
486,2190001011174,01,1,2026-07-08,2015-10-05,"三恵物産株式会社",,301,"三重県","多気郡大台町","佐原７８０番地の４",,24,443,5192404,,,,,,,2015-10-05,1,,,,,"サンケイブッサン",0
487,2200001041418,12,0,2026-07-08,2026-07-02,"株式会社アットマーク",,301,"岐阜県","岐阜市","金町６丁目２１岐阜ステーションビル３０４",,21,201,5008842,,,,,,,2023-06-21,1,,,,,"アットマーク",0
488,2200003002335,01,1,2026-07-08,2015-10-05,"ヤマ忠木股製陶合資会社",,304,"岐阜県","土岐市","肥田町肥田３６１番地の１",,21,212,5095115,,,,,,,2015-10-05,1,,,,,"ヤマチュウキマタセイクン",0
489,2220001006732,21,0,2026-07-08,2026-07-01,"株式会社丸昌",,301,"石川県","金沢市","長土塀１丁目１６番１５号",,17,201,9200867,,,2026-07-01,11,1220001006997,"令和８年７月１日石川県金沢市長土塀一丁目１８番１５号シシクアドクライス株式会社（1220001006997）に合併し解散",2015-10-05,1,,,,,"マルショウ",0
490,2220001020849,01,1,2026-07-08,2016-03-10,"ダイワ通信株式会社",,301,"石川県","金沢市","入江２丁目１８８番地",,17,201,9218011,,,,,,,2016-03-10,0,,,,,,0
491,2220001020849,12,1,2026-07-08,2018-04-20,"ダイワ通信株式会社",,301,"石川県","金沢市","入江２丁目１８０番地",,17,201,9218011,,,,,,,2016-03-10,1,,,,,,0
492,2220003001954,01,1,2026-07-08,2015-10-05,"ハタブネコンサルティング合同会社",,305,"石川県","能美市","鍋谷町ツ１６",,17,211,9231216,,,,,,,2015-10-05,0,,,,,,0
493,2220003001954,12,1,2026-07-08,2015-10-22,"ハタブネコンサルティング合同会社",,305,"石川県","羽咋市","千路町リ５番地２",,17,207,9250012,,,,,,,2015-10-05,0,,,,,,0
494,2220003001954,12,1,2026-07-08,2016-09-23,"ハタブネコンサルティング合同会社",,305,"石川県","金沢市","寺町２丁目１番１号",,17,201,9218033,,,,,,,2015-10-05,0,,,,,,0
495,2220003001954,11,1,2026-07-08,2016-09-23,"ハタブネコンサルティング株式会社",,301,"石川県","金沢市","寺町２丁目１番１号",,17,201,9218033,,,,,,,2015-10-05,0,,,,,"ハタブネコンサルティング",0
496,2220003001954,12,1,2026-07-08,2026-07-06,"ハタブネコンサルティング株式会社",,301,"石川県","金沢市","桂町チ５８番地４",,17,201,9200334,,,,,,,2015-10-05,1,,,,,"ハタブネコンサルティング",0
497,2230001001947,11,0,2026-07-08,2026-07-01,"ＡＬＳＯＫ富山株式会社",,301,"富山県","富山市","金屋２７１５番地１０",,16,201,9300873,,,,,,,2015-10-05,1,,,,,"アルソックトヤマ",0
498,2240001049242,12,0,2026-07-08,2026-06-30,"ヴィジットコンサルティング株式会社",,301,"広島県","東広島市","西条土与丸２丁目７番１６号",,34,212,7390007,,,,,,,2016-04-26,1,,,,,"ヴィジットコンサルティング",0
499,2240001060819,12,0,2026-07-08,2026-06-29,"株式会社ライフワーク",,301,"広島県","広島市安芸区","中野５丁目５番１８号",,34,107,7390321,,,,,,,2022-12-22,1,,,,,"ライフワーク",0
500,2240002033823,01,1,2026-07-08,2015-10-05,"有限会社日野商店",,302,"広島県","呉市","広本町３丁目１７番２３号",,34,202,7370125,,,,,,,2015-10-05,1,,,,,"ヒノショウテン",0
501,2240003002174,12,0,2026-07-08,2026-06-30,"合同会社サン",,305,"広島県","呉市","宮原１０丁目１２番１２号",,34,202,7370024,,,,,,,2015-10-05,1,,,,,,0
502,2240003007652,12,0,2026-07-08,2026-06-30,"合同会社ムニ",,305,"広島県","東広島市","西条中央３丁目６－１渡部ビル２Ｆ８号室",,34,212,7390025,,,,,,,2026-03-23,1,,,,,"ムニ",0
503,2250002007462,01,1,2026-07-08,2015-10-05,"有限会社藤本建設",,302,"山口県","美祢市","大嶺町西分１５８９番地の１",,35,213,7592213,,,,,,,2015-10-05,1,,,,,"フジモトケンセツ",0
504,2250003003873,21,0,2026-07-08,2026-07-03,"合同会社龍丸",,305,"山口県","山口市","吉敷下東２丁目６番５号リアライズＶ１０４号室",,35,203,7530814,,,2026-07-03,01,,,2025-12-26,1,,,,,"リュウマル",0
505,2260001041412,01,0,2026-07-08,2026-07-08,"株式会社藍工房",,301,"岡山県","倉敷市","児島田の口１丁目３番２７号",,33,202,7110903,,,,,,,2026-07-08,1,,,,,"アイコウボウ",0
506,2260002012172,01,1,2026-07-08,2015-10-05,"クリエイト建築工房有限会社",,302,"岡山県","岡山市北区","加茂１３２４番地の２",,33,101,7011342,,,,,,,2015-10-05,1,,,,,"クリエイトケンチクコウボウ",0
507,2270003001883,01,0,2026-07-08,2026-07-08,"合同会社ＩＳＧＳ",,305,"鳥取県","鳥取市","永楽温泉町１６３",,31,201,6800834,,,,,,,2026-07-08,1,,,,,"アイエスジーエス",0
508,2290001016097,71,0,2026-07-08,2026-07-01,"ＡＬＳＯＫ九州株式会社",,301,"福岡県","福岡市博多区","博多駅東１丁目１７番１号コネクトスクエア博多６階",,40,132,8120013,,,,,,"令和８年７月１日熊本市中央区紺屋今町９番６号熊本紺屋今町ビル５階ＡＬＳＯＫ熊本株式会社（7330001001445）を合併",2015-10-05,1,,,,,"アルソックキュウシュウ",0
509,2290001057620,12,0,2026-07-08,2026-07-01,"キョウリツ環境株式会社",,301,"福岡県","福岡市東区","唐原５丁目１番２７－２０１号",,40,131,8130001,,,,,,,2015-10-05,1,,,,,"キョウリツカンキョウ",0
510,2290001114710,01,0,2026-07-08,2026-07-08,"株式会社ｎｉｎｏ　ｐｌｕｓ",,301,"福岡県","福岡市中央区","薬院１丁目４番８号",,40,133,8100022,,,,,,,2026-07-08,1,,,,,"ニノプラス",0
511,2290003013794,21,0,2026-07-08,2026-07-01,"合同会社ＮＡＧＯＭＩ",,305,"福岡県","糟屋郡久山町","大字久原１１６６番地３２",,40,348,8112501,,,2026-07-01,01,,,2023-04-17,1,,,,,"ナゴミ",0
512,2290003015287,12,0,2026-07-08,2026-06-30,"フリップ・トイ・トレーディング合同会社",,305,"福岡県","福岡市南区","大橋２丁目５番２１－１００２号ダイナコート大橋レジックス",,40,134,8150033,,,,,,,2024-05-20,1,,,,,"フリップトイトレーディング",0
513,2290801027467,01,1,2026-07-08,2021-05-31,"株式会社ファイブ",,301,"福岡県","中間市","中間３丁目３３番６号",,40,215,8090034,,,,,,,2021-05-31,1,,,,,,0
514,2290801032616,01,0,2026-07-08,2026-07-08,"株式会社ＳＹＮＡＰＳＥ",,301,"福岡県","北九州市小倉南区","西貫１丁目１１番２８号",,40,107,8000243,,,,,,,2026-07-08,1,,,,,"シナプス",0
515,2300002008629,01,1,2026-07-08,2015-10-05,"有限会社アグリ・ソエジマ",,302,"佐賀県","伊万里市","木須町４１００番地１",,41,205,8480044,,,,,,,2015-10-05,1,,,,,"アグリソエジマ",0
516,2300003002481,01,0,2026-07-08,2026-07-08,"合同会社ＳＥｄｏｎａ",,305,"佐賀県","鳥栖市","神辺町１００９－１",,41,203,8410004,,,,,,,2026-07-08,1,,,,,"セドナ",0
517,2300005007314,01,0,2026-07-08,2026-07-08,"行政書士法人塚本事務所",00144224,399,"佐賀県","唐津市","和多田海士町５番１６号",,41,202,8470071,,,,,,,2026-07-08,1,,,,,"ツカモトジムショ",0
518,2320001021639,21,0,2026-07-08,2026-07-06,"株式会社中村住設",,301,"大分県","佐伯市","長島町１丁目２４番８号",,44,205,8760813,,,2026-07-06,01,,,2026-03-23,1,,,,,"ナカムラジュウセツ",0
519,2320001021812,01,0,2026-07-08,2026-07-08,"オアテラ株式会社",,301,"大分県","大分市","大字葛木６８８番地の３",,44,201,8700133,,,,,,,2026-07-08,1,,,,,"オアテラ",0
520,2320002004592,01,1,2026-07-08,2015-10-05,"有限会社津留住建",,302,"大分県","大分市","大字荏隈字中瀬９１０番地の８５",,44,201,8700889,,,,,,,2015-10-05,1,,,,,"ツルジュウケン",0
521,2330001030473,21,0,2026-07-08,2026-07-06,"成建工業株式会社",,301,"熊本県","熊本市北区","清水万石１丁目８番１１７号",,43,105,8618068,,,2026-07-06,01,,,2023-01-06,1,,,,,"ナリケンコウギョウ",0
522,2330001034433,01,0,2026-07-08,2026-07-08,"株式会社熊日齊藤新聞販売店",,301,"熊本県","下益城郡美里町","原町１４８番地１",,43,348,8614727,,,,,,,2026-07-08,1,,,,,"クマニチサイトウシンブンハンバイテン",0
523,2330005000984,01,1,2026-07-08,2015-10-05,"熊本個人タクシー事業協同組合",,399,"熊本県","熊本市東区","下南部３丁目６番３１号",,43,102,8618019,,,,,,,2015-10-05,1,,,,,"クマモトシコジンタクシー",0
524,2340001016991,12,0,2026-07-08,2026-06-25,"株式会社サンエイ",,301,"鹿児島県","鹿児島市","紫原６丁目４１番１４号１０２",,46,201,8900082,,,,,,,2015-10-05,1,,,,,"サンエイ",0
525,2340002003774,12,0,2026-07-08,2026-06-26,"有限会社コア開発",,302,"鹿児島県","鹿児島市","伊敷６丁目１８番３９号（中原ビル２０１）",,46,201,8900008,,,,,,,2015-10-05,1,,,,,"コアカイハツ",0
526,2350001007370,21,0,2026-07-08,2026-06-30,"Ｕ－ａｒｔ株式会社",,301,"宮崎県","延岡市","平原町５丁目６８７番地１",,45,203,8820866,,,2026-06-30,01,,,2015-10-05,1,,,,,"ユーアート",0
527,2350001019102,12,0,2026-07-08,2026-07-06,"株式会社Ａｉｄｅ　Ｇｒａｎｔ",,301,"大阪府","大阪市北区","梅田１丁目２番２号大阪駅前第２ビル１２－１２",,27,127,5300001,,,,,,,2024-07-26,1,,,,,"エドグラント",0
528,2360001015579,01,1,2026-07-08,2015-10-05,"株式会社ＳＩＮＣＥＲＥ",,301,"沖縄県","沖縄市","泡瀬３丁目１３番３号",,47,211,9042172,,,,,,,2015-10-05,1,,,,,"シンシア",0
529,2360001025181,12,0,2026-07-08,2026-07-03,"株式会社国際ビジネスコーポレーション",,301,"東京都","江戸川区","中央４丁目２５－１前田ビル１階",,13,123,1320021,,,,,,,2019-01-31,1,,,,,"コクサイビジネスコーポレーション",0
530,2360002009646,21,0,2026-07-08,2026-06-16,"有限会社邦幸",,302,"沖縄県","那覇市","字小禄８１１番地１２",,47,201,9010152,,,2026-06-16,01,,,2015-10-05,1,,,,,"ホウコウ",0
531,2370001003657,71,0,2026-07-08,2026-06-12,"東通インテグレート株式会社",,301,"宮城県","仙台市若林区","卸町２丁目１１番地の５",,04,103,9840015,,,,,,"令和８年６月１日仙台市若林区卸町二丁目１１番地の５東通システム株式会社（4370001003671）を合併令和８年６月１日宮城県岩沼市桜五丁目７番２１号東北通信機器株式会社（6370801000437）を合併",2015-10-05,1,,,,,"トウツウインテグレート",0
532,2370001005810,21,0,2026-07-08,2026-06-30,"日通仙台港物流株式会社",00081421,301,"宮城県","仙台市宮城野区","港１丁目６番１号",,04,102,9830001,,,2026-06-30,01,,,2015-10-05,1,,,,,"ニッツウセンダイコウブツリュウ",0
533,2370002009686,01,1,2026-07-08,2015-10-05,"有限会社岩渕測量設計事務所",,302,"宮城県","仙台市青葉区","大手町９番１０号",,04,101,9800805,,,,,,,2015-10-05,0,,,,,"イワブチソクリョウセッケイジムショ",0
534,2370002009686,12,1,2026-07-08,2026-07-01,"有限会社岩渕測量設計事務所",,302,"宮城県","仙台市青葉区","大手町４番４５号",,04,101,9800805,,,,,,,2015-10-05,1,,,,,"イワブチソクリョウセッケイジムショ",0
535,2370201000355,21,0,2026-07-08,2026-07-01,"東日本食品株式会社",,301,"宮城県","大崎市","古川江合本町３丁目３番１号",,04,215,9896102,,,2026-07-01,01,,,2015-10-05,1,,,,,,0
536,2380001007806,21,0,2026-07-08,2026-07-01,"株式会社フードデザイン",,301,"福島県","郡山市","昭和２丁目２番７号",,07,203,9638822,,,2026-07-01,11,8380001007635,"令和８年７月１日福島県郡山市昭和二丁目２番７号株式会社クリンシステム（8380001007635）に合併し解散",2015-10-05,1,,,,,"フードデザイン",0
537,2380001036160,01,0,2026-07-08,2026-07-08,"Ｍｉｒａｉｎｏｋｏｓ株式会社",,301,"福島県","喜多方市","字一丁目４５６０番地４",,07,208,9660819,,,,,,,2026-07-08,1,,,,,"ミライノコス",0
538,2380002001799,21,0,2026-07-08,2026-06-30,"有限会社信和印刷",,302,"福島県","福島市","丸子字町頭１３番地の１",,07,201,9600111,,,2026-06-30,01,,,2015-10-05,1,,,,,"シンワインサツ",0
539,2400003003750,01,0,2026-07-08,2026-07-08,"合同会社ＪＩＮ",,305,"岩手県","奥州市","胆沢南都田字鶴田３８４番地２",,03,215,0230401,,,,,,,2026-07-08,1,,,,,"ジン",0
540,2400605000633,01,1,2026-07-08,2015-10-05,"農事組合法人川尻",,399,"岩手県","奥州市","水沢区真城字土手９８番地",,03,215,0230841,,,,,,,2015-10-05,0,,,,,"カワジリ",0
541,2400605000633,12,1,2026-07-08,2018-04-02,"農事組合法人川尻",,399,"岩手県","奥州市","水沢真城字土手９８番地",,03,215,0230841,,,,,,,2015-10-05,1,,,,,"カワジリ",0
542,2430001005993,01,1,2026-07-08,2015-10-05,"コーラル産業株式会社",,301,"北海道","札幌市豊平区","豊平三条４丁目１番４３号",,01,105,0620903,,,,,,,2015-10-05,1,,,,,"コーラルサンギョウ",0
543,2430001022510,12,0,2026-07-08,2026-07-01,"北海道モイスティーヌ販売株式会社",,301,"北海道","札幌市北区","北六条西１丁目１番地３ＴｈｅＬｉｎｋＳａｐｐｏｒｏ１階",,01,102,0600806,,,,,,,2015-10-05,1,,,,,"ホッカイドウモイスティーヌハンバイ",0
544,2430001023913,22,0,2026-07-08,2026-06-22,"アウラ・フォー株式会社",,301,"北海道","札幌市西区","発寒六条８丁目４番２号",,01,107,0630826,,,,,,,2015-10-05,1,,,,,"アウラフォー",0
545,2430001071318,21,0,2026-07-08,2026-06-05,"株式会社アローズ",,301,"北海道","札幌市中央区","南三条東２丁目１番地",,01,101,0600053,,,2026-06-05,11,2460101004538,"令和８年６月１日北海道帯広市西五条南九丁目２番地１５タチノセンタービル５階株式会社プロコム北海道（2460101004538）に合併し解散",2016-04-12,1,,,,,"アローズ",0
546,2430001097239,01,0,2026-07-08,2026-07-08,"レクシア誠鋼株式会社",,301,"北海道","札幌市北区","屯田七条１１丁目９番１８号",,01,102,0020857,,,,,,,2026-07-08,1,,,,,"レクシアセイコウ",0
547,2430001097271,01,0,2026-07-08,2026-07-08,"株式会社ＬＸＣ",,301,"北海道","札幌市白石区","平和通１７丁目北６番９号",,01,104,0030029,,,,,,,2026-07-08,1,,,,,"エルエックスシー",0
548,2450005003967,01,1,2026-07-08,2015-10-05,"特定非営利活動法人文化活動振興会",,399,"北海道","稚内市","港５丁目５番１５号",,01,214,0970021,,,,,,,2015-10-05,1,,,,,"ブンカカツドウシンコウカイ",0
549,2460101005908,01,1,2026-07-08,2016-04-08,"株式会社ヨシダ",,301,"北海道","上川郡新得町","字上佐幌東２線１４番地",,01,635,0810035,,,,,,,2016-04-08,1,,,,,"ヨシダ",0
550,2460101007887,01,0,2026-07-08,2026-07-08,"株式会社匠進舎",,301,"北海道","帯広市","西十六条南５丁目３６番９号",,01,207,0800026,,,,,,,2026-07-08,1,,,,,"タクミシンシャ",0
551,2460105001309,21,0,2026-07-08,2026-06-18,"天理教鎮北分教会",,399,"北海道","河東郡鹿追町","新町４丁目６３番地",,01,634,0810201,,,2026-06-18,11,3300005002677,"令和８年６月１２日佐賀県多久市北多久町大字小侍４４０３番地の１天理教多久分教会（3300005002677）に合併し解散",2015-10-05,1,,,,,,0
552,2470001021319,01,0,2026-07-08,2026-07-08,"株式会社池田設備",,301,"香川県","高松市","香川町大野６５３番地１７",,37,201,7611701,,,,,,,2026-07-08,1,,,,,"イケダセツビ",0
553,2470003003158,01,0,2026-07-08,2026-07-08,"合同会社Ｇ・スパーク",,305,"香川県","高松市","前田東町１１２４番地５",,37,201,7610322,,,,,,,2026-07-08,1,,,,,"ジースパーク",0
554,2470005004088,71,0,2026-07-08,2026-06-16,"天理教三豊分教会",,399,"香川県","観音寺市","天神町２丁目３番３０号",,37,205,7680068,,,,,,"大阪府東大阪市上四条町１６番２８号天理教三大分教会（3122005000646）を合併",2015-10-05,1,,,,,,0
555,2500001011407,01,1,2026-07-08,2015-10-05,"菓舗マルズミ株式会社",,301,"愛媛県","今治市","南宝来町２丁目３番地の１",,38,202,7940043,,,,,,,2015-10-05,1,,,,,"カホマルズミ",0
556,2500002007577,21,0,2026-07-08,2026-07-06,"有限会社ホーム食品",,302,"愛媛県","松山市","和泉南３丁目１番３号",,38,201,7900941,,,2026-07-06,01,,,2015-10-05,1,,,,,"ホームショクヒン",0
557,2500005008250,21,0,2026-07-08,2026-07-07,"一般社団法人えひめアフタヌーンティー協会",,399,"愛媛県","松山市","上野町甲１００１番地",,38,201,7911136,,,2026-07-07,01,,,2020-10-02,1,,,,,"エヒメアフタヌーンティーキョウカイ",0
558,2700150073938,12,0,2026-07-08,2026-06-05,"秋田県ジオパーク連絡協議会",,499,"秋田県","男鹿市","船川港船川字泉台６６－１　男鹿市文化スポーツ課　内",,05,206,0100511,,,,,,,2016-06-10,1,,,,,"アキタケンジオパークレンラクキヨウギカイ",0
559,3010001011174,12,0,2026-07-08,2026-07-03,"株式会社インターブランドジャパン",,301,"東京都","港区","南青山１丁目１番１号",,13,103,1070062,,,,,,,2015-10-05,1,,,,,"インターブランドジャパン",0
560,3010001026073,01,1,2026-07-08,2015-10-05,"株式会社乳業ジャーナル",,301,"東京都","中央区","日本橋馬喰町１丁目３番９号",,13,102,1030002,,,,,,,2015-10-05,1,,,,,"ニュウギョウジャーナル",0
561,3010001026866,01,1,2026-07-08,2015-10-05,"株式会社林商店",,301,"東京都","千代田区","飯田橋３丁目６番８号",,13,101,1020072,,,,,,,2015-10-05,1,,,,,"ハヤシショウテン",0
562,3010001034423,01,1,2026-07-08,2015-10-05,"東京法務センター株式会社",,301,"東京都","千代田区","神田神保町１丁目４４番地２号Ｔ・Ｎ・Ｋビル",,13,101,1010051,,,,,,,2015-10-05,1,,,,,"トウキョウホウムセンター",0
563,3010001144940,01,1,2026-07-08,2015-10-05,"株式会社Ｒｅ・Ａｓｓｅｔ",,301,"東京都","千代田区","四番町１１番地３ヴェネオ四番町３階",,13,101,1020081,,,,,,,2015-10-05,0,,,,,,0
564,3010001144940,12,0,2026-07-08,2026-07-02,"株式会社Ｒｅ・Ａｓｓｅｔ",,301,"栃木県","宇都宮市","簗瀬町１５５３番地７",,09,201,3210933,,,,,,,2015-10-05,1,,,,,,0
565,3010001179350,01,1,2026-07-08,2016-11-07,"日本誠則至美研究院株式会社",,301,"東京都","中央区","銀座１丁目１６番３号",,13,102,1040061,,,,,,,2016-11-07,0,,,,,"ニホンセイソクタルミケンキュウイン",0
566,3010001179350,12,1,2026-07-08,2016-12-22,"日本誠則至美研究院株式会社",,301,"東京都","中央区","銀座１丁目２７番８号セントラルビル７０３号",,13,102,1040061,,,,,,,2016-11-07,0,,,,,"ニホンセイソクタルミケンキュウイン",0
567,3010001179350,12,1,2026-07-08,2021-08-03,"日本誠則至美研究院株式会社",,301,"東京都","千代田区","神田淡路町１丁目９番地５－６０１号",,13,101,1010063,,,,,,,2016-11-07,1,,,,,"ニホンセイソクタルミケンキュウイン",0
568,3010001266883,01,0,2026-07-08,2026-07-08,"トウキョウフラッガーウーナ株式会社",,301,"東京都","中央区","日本橋浜町１丁目１１番８号ザ・パークレックス日本橋浜町６Ｆ",,13,102,1030007,,,,,,,2026-07-08,1,,,,,"トウキョウフラッガーウーナ",0
569,3010001267015,01,0,2026-07-08,2026-07-08,"Ｃｏｒｅ　Ｃｏｕｎｓｅｌ株式会社",,301,"東京都","千代田区","丸の内２丁目４番１号丸の内ビルディング９階",,13,101,1000005,,,,,,,2026-07-08,1,,,,,"コアカウンセル",0
570,3010001267031,01,0,2026-07-08,2026-07-08,"株式会社Ｋａｒｕｎａ",,301,"東京都","中央区","晴海５丁目５－６晴海フラッグサンビレッジＦ６０９",,13,102,1040053,,,,,,,2026-07-08,1,,,,,"カルナ",0
571,3010001267064,01,0,2026-07-08,2026-07-08,"株式会社ディーイーエル",,301,"東京都","文京区","本郷５丁目３２番１１号",,13,105,1130033,,,,,,,2026-07-08,1,,,,,"ディーイーエル",0
572,3010003048537,21,0,2026-07-08,2026-06-09,"富士グローバル合同会社",,305,"東京都","中央区","新川２丁目２１－１６グランドハイツ八丁堀３０６",,13,102,1040033,,,2026-06-09,01,,,2025-09-02,1,,,,,"フジグローバル",0
573,3010005033958,12,0,2026-07-08,2026-07-07,"一般社団法人ＵＭＤプロジェクト",,399,"東京都","港区","赤坂１丁目８番１号三菱ＵＦＪ信託銀行内",,13,103,1070052,,,,,,,2021-09-09,1,,,,,"ユーエムディープロジェクト",0
574,3010101009630,12,0,2026-07-08,2026-07-03,"株式会社ベストキャディー",,301,"神奈川県","横浜市中区","扇町１丁目１番２５号キンガビル１階",,14,104,2310027,,,,,,,2015-10-05,1,,,,,"ベストキャディー",0
575,3010101012493,01,1,2026-07-08,2016-09-12,"フェローエヴォルヴィング株式会社",,301,"東京都","八王子市","諏訪町４３３番地４",,13,201,1930812,,,,,,,2016-09-12,1,,,,,"フェローエヴォルヴィング",0
576,3010401036977,01,1,2026-07-08,2015-10-05,"株式会社共同エディット",,301,"東京都","江東区","青海１丁目１番２０号",,13,108,1350064,,,,,,,2015-10-05,1,,,,,"キョウドウエディット",0
577,3010401091089,12,0,2026-07-08,2026-07-06,"株式会社トータルアシスト",,301,"東京都","墨田区","太平２丁目４番８号",,13,107,1300012,,,,,,,2015-10-05,1,,,,,"トータルアシスト",0
578,3010401091469,12,0,2026-07-08,2026-07-06,"ＪＨＭ株式会社",,301,"東京都","墨田区","太平２丁目４番８号",,13,107,1300012,,,,,,,2015-10-05,1,,,,,"ジェイエイチエム",0
579,3010401136678,11,0,2026-07-08,2026-06-12,"ＨａｓｈＫｅｙ　Ｊａｐａｎ株式会社",,301,"東京都","千代田区","丸の内２丁目３番２号",,13,101,1000005,,,,,,,2018-02-15,1,,,,,"ハッシュキージャパン",0
580,3010401170850,12,0,2026-07-08,2026-07-06,"Ｌｏｒｅｎｉａ　Ｊａｐａｎ株式会社",,301,"東京都","墨田区","向島３丁目２２－７オーケービル５Ｆ",,13,107,1310033,,,,,,,2022-11-14,1,,,,,"ロレニアジャパン",0
581,3010401176162,12,0,2026-07-08,2026-07-06,"ＩＮＶＥＳＴＯＲＳ　ＭＯＴＯＲＳ株式会社",,301,"東京都","港区","南青山７丁目１０番７号",,13,103,1070062,,,,,,,2023-08-08,1,,,,,"インベスターズモーターズ",0
582,3010401186913,12,0,2026-07-08,2026-07-03,"株式会社エイトノット",,301,"東京都","千代田区","岩本町２丁目８番８号",,13,101,1010032,,,,,,,2024-12-09,1,,,,,"エイトノット",0
583,3010401191946,71,0,2026-07-08,2026-06-02,"株式会社ＯＮＷＯＲＫ",,301,"東京都","港区","赤坂６丁目３番１２号齊藤ビル１階",,13,103,1070052,,,,,,"令和８年５月３０日東京都港区六本木四丁目８番７号六本木三河台ビル５階株式会社ＫＥＹＷＯＲＫ（8010401193847）を合併令和８年５月３０日東京都港区赤坂九丁目６番３５号株式会社ゴート・レーベル（2011001042053）を合併令和８年５月３０日東京都港区赤坂九丁目６番３５号株式会社ＮＥＸＴＰＡＲＴ（7011102005747）を合併",2025-07-25,1,,,,,"オンワーク",0
584,3010401200186,01,0,2026-07-08,2026-07-08,"株式会社Ｎａｖｉｓ　Ｌｉｆｅ　Ｌａｂ",,301,"東京都","港区","海岸１丁目７番１号東京ポートシティ竹芝オフィスタワー８Ｆ",,13,103,1050022,,,,,,,2026-07-08,1,,,,,"ナビスライフラボ",0
585,3010403038526,01,0,2026-07-08,2026-07-08,"善理合同会社",,305,"東京都","港区","港南２丁目１５－１品川インターシティＡ棟２８階",,13,103,1080075,,,,,,,2026-07-08,1,,,,,"ゼンリ",0
586,3010501036191,12,0,2026-07-08,2026-07-06,"株式会社サイライズ",,301,"埼玉県","北本市","中丸１丁目１６３番地１",,11,233,3640013,,,,,,,2015-10-05,1,,,,,"サイライズ",0
587,3010501037850,21,0,2026-07-08,2026-07-02,"アルビジランス株式会社",,301,"東京都","台東区","浅草１丁目３９番１１号",,13,106,1110032,,,2026-07-02,01,,,2015-10-05,1,,,,,"アルビジランス",0
588,3010601046479,01,1,2026-07-08,2015-10-05,"Ｔサポート株式会社",,301,"東京都","江東区","大島３丁目８番７",,13,108,1360072,,,,,,,2015-10-05,1,,,,,"ティーサポート",0
589,3010601048450,12,0,2026-07-08,2026-07-03,"株式会社Ｓ．Ｆ．Ｄ",,301,"東京都","墨田区","東向島５丁目２０番１号",,13,107,1310032,,,,,,,2015-10-05,1,,,,,,0
590,3010601050729,12,0,2026-07-08,2026-07-01,"株式会社スプリングテック",,301,"東京都","台東区","北上野１丁目７－３諏訪ビル３階",,13,106,1100014,,,,,,,2016-11-25,1,,,,,"スプリングテック",0
591,3010603011233,12,0,2026-07-08,2026-07-06,"Ｍｅ＆Ｙｏｕ合同会社",,305,"東京都","品川区","大井４丁目２５番９号カーサ大井倉田３０３",,13,109,1400014,,,,,,,2024-11-22,1,,,,,"ミーアンドユー",0
592,3010605004607,01,0,2026-07-08,2026-07-08,"一般社団法人建設ＲＸコンソーシアム",,399,"東京都","江東区","新砂１丁目１番１号",,13,108,1360075,,,,,,,2026-07-08,1,,,,,"ケンセツアールエックスコンソーシアム",0
593,3010901048522,12,0,2026-07-08,2026-06-29,"株式会社ＭＥＤＩＡ８",,301,"東京都","渋谷区","道玄坂１丁目２１番１号ＳＨＩＢＵＹＡＳＯＬＡＳＴＡ３階",,13,113,1500043,,,,,,,2021-04-14,1,,,,,"メディアエイト",0
594,3010901059305,12,0,2026-07-08,2026-07-06,"東京第一販売株式会社",,301,"愛知県","名古屋市千種区","仲田２丁目１番５号",,23,101,4640074,,,,,,,2026-04-10,1,,,,,"トウキョウダイイチハンバイ",0
595,3011001143255,12,0,2026-07-08,2026-07-03,"ワンディッシュ株式会社",,301,"東京都","北区","赤羽２丁目１５番６号",,13,117,1150045,,,,,,,2021-10-06,1,,,,,"ワンディッシュ",0
596,3011001164870,12,0,2026-07-08,2026-07-06,"株式会社ｙｏｋａｚｅ",,301,"東京都","港区","北青山１丁目３－６ＳＩビル青山７階－Ｃ",,13,103,1070061,,,,,,,2024-09-27,1,,,,,"ヨカゼ",0
597,3011001167799,12,0,2026-07-08,2026-07-03,"株式会社宝八布",,301,"東京都","新宿区","西新宿１丁目２６番２号新宿野村ビル３２階",,13,104,1600023,,,,,,,2025-02-20,1,,,,,"ボバーブ",0
598,3011001176998,12,0,2026-07-08,2026-06-19,"株式会社ｒａｌｍｏｕ",,301,"東京都","渋谷区","恵比寿南２丁目１８番６号メゾンドグリシーヌ２０３",,13,113,1500022,,,,,,,2026-04-27,1,,,,,"ラルムウ",0
599,3011001177864,01,0,2026-07-08,2026-07-08,"株式会社Ｏ２",,301,"東京都","目黒区","上目黒２丁目３１－１５－２０１",,13,110,1530051,,,,,,,2026-07-08,1,,,,,"オーツー",0
600,3011001178862,01,0,2026-07-08,2026-07-08,"株式会社ＲｅＴｅＭｏ",,301,"東京都","目黒区","目黒３丁目１２番５－１０６号",,13,110,1530063,,,,,,,2026-07-08,1,,,,,"レテモ",0
601,3011001178895,01,0,2026-07-08,2026-07-08,"株式会社Ｖｍａｒｋ",,301,"東京都","渋谷区","神南１丁目１１－４ＦＰＧリンクス神南５階",,13,113,1500041,,,,,,,2026-07-08,1,,,,,"ブイマーク",0
602,3011001178953,01,0,2026-07-08,2026-07-08,"ＡＩＰＯＲＴ株式会社",,301,"東京都","目黒区","上目黒４丁目４番１５号",,13,110,1530051,,,,,,,2026-07-08,1,,,,,"アイポート",0
603,3011002035963,11,0,2026-07-08,2026-07-01,"有限会社ＣＲＡＦＴ　ＷＯＲＫＳ",,302,"神奈川県","川崎市中原区","田尻町２１番地",,14,133,2110014,,,,,,,2015-10-05,1,,,,,"クラフトワークス",0
604,3011003024825,01,0,2026-07-08,2026-07-08,"合同会社Ｅｓｓｅｎｃｅ　Ｗｏｒｋｓ",,305,"東京都","渋谷区","円山町５番３号ＭＩＥＵＸ渋谷ビル８階",,13,113,1500044,,,,,,,2026-07-08,1,,,,,"エッセンスワークス",0
605,3011005010071,21,0,2026-07-08,2026-06-26,"一般社団法人Ｃｈａｎｎｅｌ４７",,399,"東京都","渋谷区","神宮前３丁目２１番８号",,13,113,1500001,,,2026-06-26,01,,,2023-05-11,1,,,,,"チャネルフォーティセブン",0
606,3011101009629,12,0,2026-07-08,2026-07-03,"株式会社出版協同社",,301,"東京都","千代田区","富士見２丁目６番１０号三共富士見ビル６０２号室",,13,101,1020071,,,,,,,2015-10-05,1,,,,,"シュッパンキョウドウシャ",0
607,3011101116573,01,0,2026-07-08,2026-07-08,"株式会社キャンエンパイア",,301,"東京都","新宿区","大久保１丁目１２番４号ＡＳＳ第二ビル３Ｆ",,13,104,1690072,,,,,,,2026-07-08,1,,,,,"キャンエンパイア",0
608,3011101116714,01,0,2026-07-08,2026-07-08,"株式会社ＮＡＩＴＩＶＥ",,301,"東京都","新宿区","四谷本塩町３番３号",,13,104,1600003,,,,,,,2026-07-08,1,,,,,"ネイティブ",0
609,3011201014751,12,0,2026-07-08,2026-07-03,"株式会社エムクリエイティブオフィス",,301,"埼玉県","さいたま市北区","宮原町３丁目５８９番地",,11,102,3310812,,,,,,,2015-10-05,1,,,,,"エムクリエイティブオフィス",0
610,3011301031655,01,0,2026-07-08,2026-07-08,"ＪＢ　Ｏｎｌｉｎｅ株式会社",,301,"東京都","杉並区","和泉３丁目６番地の１彌生堂ビル",,13,115,1680063,,,,,,,2026-07-08,1,,,,,"ジェービーオンライン",0
611,3011301031663,01,0,2026-07-08,2026-07-08,"あなたの身近な株式会社",,301,"東京都","杉並区","堀ノ内３丁目４８番２号",,13,115,1660013,,,,,,,2026-07-08,1,,,,,"アナタノミヂカナ",0
612,3011401018874,21,0,2026-07-08,2026-07-02,"ナミキ都市設計研究所株式会社",,301,"東京都","板橋区","成増３丁目３番１６号",,13,119,1750094,,,2026-07-02,11,1011401004884,"令和８年７月１日東京都板橋区成増三丁目１２番１号株式会社ナミキ（1011401004884）に合併し解散",2015-10-05,1,,,,,"ナミキトシセッケイケンキュウショ",0
613,3011403004419,12,0,2026-07-08,2026-07-03,"合同会社グロウトレーディング",,305,"東京都","港区","虎ノ門３丁目１５－５－２０１",,13,103,1050001,,,,,,,2024-06-21,1,,,,,"グロウトレーディング",0
614,3011601028954,12,0,2026-07-08,2026-07-06,"バンフービ株式会社",,301,"東京都","台東区","台東３丁目５番１０号ダイアパレス御徒町第３－１０２－２Ｗ",,13,106,1100016,,,,,,,2025-09-04,1,,,,,"バンフービ",0
615,3011603005191,01,0,2026-07-08,2026-07-08,"合同会社リボンＮ",,305,"東京都","練馬区","旭丘１丁目４５番８号",,13,120,1760005,,,,,,,2026-07-08,1,,,,,"リボンエヌ",0
616,3011701013617,12,0,2026-07-08,2026-07-01,"株式会社ＪＰ．Ｃｏｍｐａｎｙ",,301,"東京都","江戸川区","南小岩８丁目１３番５号ＪＰビル",,13,123,1330056,,,,,,,2015-10-05,1,,,,,"ジェイピーカンパニー",0
617,3011701029225,12,0,2026-07-08,2026-07-06,"株式会社あゆみ",,301,"千葉県","柏市","柏４丁目８番１３号アサヒビル２Ｆ",,12,217,2770005,,,,,,,2026-03-04,1,,,,,"アユミ",0
618,3011801003831,01,1,2026-07-08,2015-10-05,"株式会社沼田工務店",,301,"東京都","葛飾区","宝町２丁目７番１５号",,13,122,1240005,,,,,,,2015-10-05,0,,,,,"ヌマタコウムテン",0
619,3011801003831,12,1,2026-07-08,2017-08-10,"株式会社沼田工務店",,301,"東京都","葛飾区","西亀有１丁目３２番１４号",,13,122,1240002,,,,,,,2015-10-05,1,,,,,"ヌマタコウムテン",0
620,3011801020703,12,0,2026-07-08,2026-07-02,"株式会社大吉",,301,"群馬県","邑楽郡大泉町","大字吉田１００５番地の５０",,10,524,3700523,,,,,,,2015-10-05,1,,,,,"ダイキチ",0
621,3011801045287,12,0,2026-07-08,2026-07-06,"禾盛株式会社",,301,"東京都","品川区","上大崎３丁目１４番３４号プラスワン４０２",,13,109,1410021,,,,,,,2024-12-12,1,,,,,"ノギモリ",0
622,3011801047283,12,0,2026-07-08,2026-07-03,"株式会社ウチダ食品",,301,"東京都","中央区","築地３丁目１２番２号",,13,102,1040045,,,,,,,2026-01-09,1,,,,,"ウチダショクヒン",0
623,3012401037278,12,0,2026-07-08,2026-07-01,"株式会社ＯＧＳ",,301,"東京都","稲城市","矢野口２４６番地の１",,13,225,2060812,,,,,,,2020-12-15,1,,,,,"オージーエス",0
624,3012401040001,01,1,2026-07-08,2022-12-27,"ＥＭＭＹ株式会社",,301,"東京都","小金井市","東町４丁目２２番１３号",,13,210,1840011,,,,,,,2022-12-27,0,,,,,"イーエムエムワイ",0
625,3012401040001,12,0,2026-07-08,2026-07-01,"ＥＭＭＹ株式会社",,301,"千葉県","市原市","武士字角沢１５２番地２の１の甲",,12,219,2900203,,,,,,,2022-12-27,1,,,,,"イーエムエムワイ",0
626,3012701019538,01,0,2026-07-08,2026-07-08,"株式会社陽結",,301,"東京都","西東京市","向台町６丁目９番６号",,13,229,1880013,,,,,,,2026-07-08,1,,,,,"ヒユイ",0
627,3012801001164,12,0,2026-07-08,2026-07-01,"株式会社トーヨー",,301,"東京都","国立市","富士見台３丁目２１番地９",,13,215,1860003,,,,,,,2015-10-05,0,,,,,"トーヨー",0
628,3012801001164,11,0,2026-07-08,2026-07-01,"株式会社サニクリーントーヨー",,301,"東京都","国立市","富士見台３丁目２１番地９",,13,215,1860003,,,,,,,2015-10-05,1,,,,,"サニクリーントーヨー",0
629,3012801001560,01,1,2026-07-08,2015-10-05,"丸澤産業株式会社",,301,"東京都","立川市","錦町６丁目１１番２５号",,13,202,1900022,,,,,,,2015-10-05,0,,,,,"マルサワサンギョウ",0
630,3012801001560,12,1,2026-07-08,2016-05-12,"丸澤産業株式会社",,301,"東京都","立川市","錦町６丁目２９番６２号",,13,202,1900022,,,,,,,2015-10-05,1,,,,,"マルサワサンギョウ",0
631,3013301025851,11,0,2026-07-08,2026-07-01,"ＮＴＴ　ＭＥ株式会社",,301,"東京都","新宿区","西新宿３丁目１９番２号",,13,104,1600023,,,,,,,2015-10-05,1,,,,,"エヌティティエムイー",0
632,3013301029282,01,1,2026-07-08,2015-10-05,"株式会社プロボノにいまるまるいち",,301,"東京都","豊島区","東池袋１丁目３９番７号",,13,116,1700013,,,,,,,2015-10-05,0,,,,,,0
633,3013301029282,12,1,2026-07-08,2016-07-04,"株式会社プロボノにいまるまるいち",,301,"東京都","台東区","上野５丁目２５番６号",,13,106,1100005,,,,,,,2015-10-05,0,,,,,,0
634,3013301029282,11,1,2026-07-08,2017-01-04,"株式会社上野トラスト",,301,"東京都","台東区","上野５丁目２５番６号",,13,106,1100005,,,,,,,2015-10-05,0,,,,,"ウエノトラスト",0
635,3013301029282,12,1,2026-07-08,2025-02-03,"株式会社上野トラスト",,301,"東京都","千代田区","永田町２丁目１３番５号",,13,101,1000014,,,,,,,2015-10-05,0,,,,,"ウエノトラスト",0
636,3013301029282,71,1,2026-07-08,2026-05-13,"株式会社上野トラスト",,301,"東京都","千代田区","永田町２丁目１３番５号",,13,101,1000014,,,,,,"令和８年５月１３日東京都中央区日本橋一丁目２番１０号株式会社セレビアイ（2010001133705）を合併令和８年５月１３日神奈川県川崎市川崎区砂子一丁目１番地１０号株式会社Ｔｈｒｅｅ　Ｊｕｉｃｙ（9011001095706）を合併",2015-10-05,1,,,,,"ウエノトラスト",0
637,3013301056450,01,0,2026-07-08,2026-07-08,"株式会社桑山鳶工業",,301,"東京都","豊島区","南長崎１丁目５番８号",,13,116,1710052,,,,,,,2026-07-08,1,,,,,"クワヤマトビコウギョウ",0
638,3020001046707,01,1,2026-07-08,2015-10-05,"株式会社宅建企画",,301,"神奈川県","横浜市港北区","北新横浜１丁目２番７号",,14,109,2230059,,,,,,,2015-10-05,0,,,,,"タクケンキカク",0
639,3020001046707,12,1,2026-07-08,2016-07-07,"株式会社宅建企画",,301,"神奈川県","横浜市港北区","新羽町４０８３番地",,14,109,2230057,,,,,,,2015-10-05,1,,,,,"タクケンキカク",0
640,3020001071837,01,1,2026-07-08,2015-10-05,"赤池電気産業株式会社",,301,"神奈川県","川崎市川崎区","昭和２丁目１０番２０号",,14,131,2100813,,,,,,,2015-10-05,1,,,,,"アカイケデンキサンギョウ",0
641,3020001095902,12,0,2026-07-08,2026-07-06,"株式会社川崎テクノサービス",,301,"埼玉県","入間市","小谷田３丁目７番４号",,11,225,3580026,,,,,,,2015-10-05,1,,,,,"カワサキテクノサービス",0
642,3020001113977,01,1,2026-07-08,2015-12-16,"渡邊商事株式会社",,301,"神奈川県","横浜市都筑区","茅ケ崎中央２４番１２－１１１０号",,14,118,2240032,,,,,,,2015-12-16,0,,,,,"ワタナベショウジ",0
643,3020001113977,12,1,2026-07-08,2016-10-17,"渡邊商事株式会社",,301,"東京都","渋谷区","神南１丁目１５番３号",,13,113,1500041,,,,,,,2015-12-16,1,,,,,"ワタナベショウジ",0
644,3020001116773,01,1,2026-07-08,2016-06-28,"株式会社ＫＳＧ工業",,301,"神奈川県","川崎市川崎区","追分町１４番９号",,14,131,2100835,,,,,,,2016-06-28,0,,,,,"ケーエスジーコウギョウ",0
645,3020001116773,12,1,2026-07-08,2017-11-10,"株式会社ＫＳＧ工業",,301,"神奈川県","川崎市川崎区","小田５丁目２７番１１号第６むさしマンション３０３",,14,131,2100846,,,,,,,2016-06-28,1,,,,,"ケーエスジーコウギョウ",0
646,3020001131599,12,0,2026-07-08,2026-06-29,"株式会社トータルリンクス",,301,"神奈川県","横浜市中区","弁天通６丁目８５宇徳ビルディング４０１",,14,104,2310007,,,,,,,2019-06-14,1,,,,,"トータルリンクス",0
647,3020001164970,21,0,2026-07-08,2026-06-26,"昌楽興業株式会社",,301,"神奈川県","横浜市南区","南太田１丁目２８ー１８山口ビル３０１Ａ",,14,105,2320006,,,2026-06-26,01,,,2025-09-29,1,,,,,"ショウラクコウギョウ",0
648,3020001169350,01,0,2026-07-08,2026-07-08,"株式会社Ａｘｅｏｎ　Ｌｏｇｉ",,301,"神奈川県","横浜市都筑区","南山田町４６８８番地の５",,14,118,2240026,,,,,,,2026-07-08,1,,,,,"アクシオンロジ",0
649,3020001169400,01,0,2026-07-08,2026-07-08,"株式会社Ｋａｂｕｔｏ　Ｊａｐａｎ",,301,"神奈川県","横浜市青葉区","市ケ尾町５１番地５プリシード市ケ尾２１３",,14,117,2250024,,,,,,,2026-07-08,1,,,,,"カブトジャパン",0
650,3020001169425,01,0,2026-07-08,2026-07-08,"株式会社そうすけさの",,301,"神奈川県","横浜市鶴見区","生麦４丁目５－７－４０２",,14,101,2300052,,,,,,,2026-07-08,1,,,,,"ソウスケサノ",0
651,3020001169433,01,0,2026-07-08,2026-07-08,"株式会社アルカ・デ・ノエ",,301,"神奈川県","川崎市幸区","下平間２５２番地１４ヴィラフェリオ１階",,14,132,2120053,,,,,,,2026-07-08,1,,,,,"アルカデノエ",0
652,3020002037812,01,1,2026-07-08,2015-10-05,"有限会社グリーンシステム",,302,"神奈川県","横浜市鶴見区","上末吉５丁目１４番１３号",,14,101,2300011,,,,,,,2015-10-05,1,,,,,"グリーンシステム",0
653,3020002104793,01,1,2026-07-08,2015-10-05,"有限会社リバティースクエア",,302,"神奈川県","川崎市多摩区","東生田１丁目２－１２オーブ向ヶ丘遊園１０２",,14,135,2140031,,,,,,,2015-10-05,0,,,,,"リバティースクエア",0
654,3020002104793,12,1,2026-07-08,2016-06-06,"有限会社リバティースクエア",,302,"神奈川県","川崎市多摩区","登戸２５９０－３",,14,135,2140014,,,,,,,2015-10-05,1,,,,,"リバティースクエア",0
655,3020003004209,21,0,2026-07-08,2026-06-29,"合資会社川原商店",,304,"神奈川県","横浜市南区","山王町３丁目２３番地",,14,105,2320013,,,2026-06-29,01,,,2015-10-05,1,,,,,"カワハラショウテン",0
656,3020003027630,01,1,2026-07-08,2025-01-20,"アイティーチャー合同会社",,305,"神奈川県","横浜市港北区","箕輪町３丁目２３－１０エクセレントハイツ箕輪２０２号室",,14,109,2230051,,,,,,,2025-01-20,0,,,,,"アイティーチャー",0
657,3020003027630,12,0,2026-07-08,2026-07-02,"アイティーチャー合同会社",,305,"東京都","新宿区","原町２丁目１－４",,13,104,1620053,,,,,,,2025-01-20,1,,,,,"アイティーチャー",0
658,3020003031368,01,0,2026-07-08,2026-07-08,"合同会社次の一手",,305,"神奈川県","横浜市栄区","公田町４２４番地２６",,14,115,2470014,,,,,,,2026-07-08,1,,,,,"ツギノイッテ",0
659,3020003031376,01,0,2026-07-08,2026-07-08,"合同会社サリタアセット",,305,"神奈川県","横浜市西区","浅間町１丁目４番３号ウィザードビル４０２",,14,103,2200072,,,,,,,2026-07-08,1,,,,,"サリタアセット",0
660,3020005006979,12,0,2026-07-08,2026-07-06,"一般社団法人高機能玄米協会",,399,"東京都","港区","芝大門１丁目１番地３３号三洋ビル２Ｆ",,13,103,1050012,,,,,,,2015-10-05,1,,,,,"コウキノウゲンマイキョウカイ",0
661,3021001073402,12,0,2026-07-08,2026-07-03,"株式会社ラヴァンド",,301,"神奈川県","横浜市青葉区","美しが丘４丁目２３番地１６",,14,117,2250002,,,,,,,2021-07-14,1,,,,,"ラヴァンド",0
662,3021001079820,12,0,2026-07-08,2026-07-01,"湘南不動産株式会社",,301,"神奈川県","藤沢市","下土棚４７０番地の１",,14,205,2520807,,,,,,,2023-08-04,1,,,,,"ショウナンフドウサン",0
663,3021001088615,01,0,2026-07-08,2026-07-08,"光商会株式会社",,301,"神奈川県","高座郡寒川町","田端４０１７番地１６",,14,321,2530114,,,,,,,2026-07-08,1,,,,,"ヒカリショウカイ",0
664,3021003005997,12,0,2026-07-08,2026-07-06,"スターリングエンジン・ジャパン株式会社",,301,"東京都","千代田区","神田和泉町１番地６－１６ヤマトビル４０５",,13,101,1010024,,,,,,,2016-05-19,1,,,,,"スターリングエンジンジャパン",0
665,3021003008884,01,1,2026-07-08,2019-12-09,"楽集会合同会社",,305,"神奈川県","大和市","福田１７２９番地１９",,14,213,2420024,,,,,,,2019-12-09,1,,,,,"ガクシュウカイ",0
666,3021003013182,12,0,2026-07-08,2026-06-15,"ＣＯＮＴＵＴ合同会社",,305,"神奈川県","小田原市","千代１３０番地の６",,14,206,2500215,,,,,,,2023-06-12,1,,,,,"コンチュウト",0
667,3030001036905,01,1,2026-07-08,2015-10-05,"日栄美術印刷株式会社",,301,"埼玉県","三郷市","彦糸１丁目２００番地１３",,11,237,3410001,,,,,,,2015-10-05,1,,,,,"ニチエイビジュツインサツ",0
668,3030001127472,01,1,2026-07-08,2018-09-19,"株式会社ＧＲＯＷＴＨ　ＯＣＣＡＳＩＯＮ",,301,"埼玉県","朝霞市","西原１丁目３番３号須田ビル３Ｆ",,11,227,3510034,,,,,,,2018-09-19,0,,,,,,0
669,3030001127472,12,1,2026-07-08,2023-02-07,"株式会社ＧＲＯＷＴＨ　ＯＣＣＡＳＩＯＮ",,301,"東京都","豊島区","南長崎５丁目３３番２号ラ・メゾン長崎ＸＩ３階",00129389,13,116,1710052,,,,,,,2018-09-19,1,,,,,,0
670,3030001172618,11,0,2026-07-08,2026-06-23,"ライツ企画株式会社",,301,"埼玉県","熊谷市","須賀広６２９番地１",,11,202,3600102,,,,,,,2026-06-01,1,,,,,"ライツキカク",0
671,3030001173178,01,0,2026-07-08,2026-07-08,"株式会社シールス",,301,"埼玉県","八潮市","大字鶴ケ曽根８５７番地１０",,11,234,3400802,,,,,,,2026-07-08,1,,,,,"シールス",0
672,3030002037200,01,1,2026-07-08,2015-10-05,"有限会社Ｕ．Ｋ．インターナショナル",,302,"埼玉県","所沢市","美原町５丁目２０１３番地２",,11,208,3590045,,,,,,,2015-10-05,0,,,,,"ユーケーインターナショナル",0
673,3030002037200,12,1,2026-07-08,2017-04-04,"有限会社Ｕ．Ｋ．インターナショナル",,302,"東京都","中野区","鷺宮４丁目２５番３号",,13,114,1650032,,,,,,,2015-10-05,1,,,,,"ユーケーインターナショナル",0
674,3030002112894,01,1,2026-07-08,2015-10-05,"有限会社太井鉄工所",,302,"埼玉県","熊谷市","太井１４７９番地の３",,11,202,3600025,,,,,,,2015-10-05,1,,,,,"オオイテッコウショ",0
675,3030003011410,21,0,2026-07-08,2026-06-04,"合同会社エンセイ",,305,"埼玉県","入間市","東町１丁目６番９号ＪフラッツＥ１０３",,11,225,3580002,,,2026-06-04,11,6030001140068,"令和８年６月１日埼玉県新座市道場一丁目６番７号株式会社ｎｅｗｓｉｔ（6030001140068）に合併し解散",2018-02-06,1,,,,,"エンセイ",0
676,3030003013522,12,0,2026-07-08,2026-07-03,"株式会社オーガスタ",,301,"東京都","千代田区","神田錦町３丁目７番２号東京堂錦町ビル８階",,13,101,1010054,,,,,,,2019-05-15,1,,,,,"オーガスタ",0
677,3030003029642,01,0,2026-07-08,2026-07-08,"ＡＳＣＥＮＴ　ＨＲ　Ｐａｒｔｎｅｒ合同会社",,305,"埼玉県","入間郡三芳町","大字竹間沢４２７番地１９",,11,324,3540043,,,,,,,2026-07-08,1,,,,,"アセントエイチアールパートナー",0
678,3040001045054,01,1,2026-07-08,2015-10-05,"株式会社美空工房",,301,"千葉県","成田市","名木１３２７番地１",,12,211,2890111,,,,,,,2015-10-05,1,,,,,"ビクウコウボウ",0
679,3040001100528,12,0,2026-07-08,2026-06-24,"株式会社ＭＫＧ",,301,"千葉県","千葉市稲毛区","稲毛町５丁目４１３番地１",,12,103,2630035,,,,,,,2017-06-09,1,,,,,"エムケージー",0
680,3040001138171,12,0,2026-07-08,2026-06-22,"株式会社ＳＴＲ",,301,"千葉県","千葉市若葉区","都賀４丁目９番５号",,12,104,2640025,,,,,,,2025-04-08,1,,,,,"エスティーアール",0
681,3040001144442,01,0,2026-07-08,2026-07-08,"株式会社ＳＷＥＬＬ",,301,"千葉県","木更津市","上烏田３４４番地",,12,206,2920813,,,,,,,2026-07-08,1,,,,,"エスウェル",0
682,3040001144517,01,0,2026-07-08,2026-07-08,"株式会社ＲＩＮＡＲＫ",,301,"千葉県","柏市","中央２丁目１－５柏ＴＹビル３階",,12,217,2770023,,,,,,,2026-07-08,1,,,,,"リンアーク",0
683,3040002042240,01,1,2026-07-08,2015-10-05,"有限会社インテグラルプランニング",,302,"千葉県","市川市","妙典３丁目１２番２２号",,12,203,2720111,,,,,,,2015-10-05,1,,,,,"インテグラルプランニング",0
684,3040003030343,01,0,2026-07-08,2026-07-08,"合同会社ＡＢＣターボ",,305,"千葉県","長生郡一宮町","一宮２５２７番地ラフィーネ一宮２１２号室",,12,421,2994301,,,,,,,2026-07-08,1,,,,,"エービーシーターボ",0
685,3050001021483,01,1,2026-07-08,2015-10-05,"株式会社システムショップ大森",,301,"茨城県","潮来市","大洲１５３７番地の８",,08,223,3112422,,,,,,,2015-10-05,1,,,,,"システムショップオオモリ",0
686,3050001058641,01,0,2026-07-08,2026-07-08,"株式会社かわらえ",,301,"茨城県","水戸市","大工町３丁目４番２４号ハイジマビル１０２号",,08,201,3100031,,,,,,,2026-07-08,1,,,,,"カワラエ",0
687,3050002014544,01,1,2026-07-08,2015-10-05,"有限会社広工業",,302,"茨城県","土浦市","東都和１３番２号",,08,203,3000067,,,,,,,2015-10-05,0,,,,,"ヒロコウギョウ",0
688,3050002014544,12,1,2026-07-08,2026-06-30,"有限会社広工業",,302,"茨城県","かすみがうら市","下稲吉１９４０番地４５",,08,230,3150052,,,,,,,2015-10-05,1,,,,,"ヒロコウギョウ",0
689,3050002035755,12,0,2026-07-08,2026-07-01,"有限会社野上産業",,302,"茨城県","常陸大宮市","八田４７番４号",,08,225,3192221,,,,,,,2015-10-05,1,,,,,"ノガミサンギョウ",0
690,3050005002117,21,0,2026-07-08,2026-06-25,"特定非営利活動法人日中交流促進協会",,399,"茨城県","水戸市","石川１丁目３９６３番地１４",,08,201,3100905,,,2026-06-25,01,,,2015-10-05,1,,,,,"ニッチュウコウリュウソクシンキョウカイ",0
691,3060001018165,01,1,2026-07-08,2015-10-05,"アスコメタル株式会社",,301,"栃木県","足利市","南大町４３４番地２",,09,202,3260836,,,,,,,2015-10-05,1,,,,,"アスコメタル",0
692,3060001039418,01,0,2026-07-08,2026-07-08,"ＴＨＡＹＥＲ株式会社",,301,"栃木県","足利市","朝倉町３丁目３番地１０",,09,202,3260823,,,,,,,2026-07-08,1,,,,,"セイヤー",0
693,3060003003999,12,0,2026-07-08,2026-07-01,"合同会社とちぎ電力",,305,"栃木県","宇都宮市","馬場通り２丁目１番１号ＤＰスクエア宇都宮６階Ｅ室",,09,201,3200026,,,,,,,2022-04-01,1,,,,,"トチギデンリョク",0
694,3060003006135,01,0,2026-07-08,2026-07-08,"ＭａｃｈｉｋａＨｏｕｓｅ合同会社",,305,"栃木県","那須塩原市","細竹９番地２４６",,09,213,3250113,,,,,,,2026-07-08,1,,,,,"マチカハウス",0
695,3070001008198,12,0,2026-07-08,2026-07-01,"株式会社ファッズ",,301,"群馬県","前橋市","川曲町１９６番地",,10,201,3710823,,,,,,,2015-10-05,1,,,,,"ファッズ",0
696,3070001010360,01,1,2026-07-08,2015-10-05,"株式会社青山電気商会",,301,"群馬県","高崎市","箕郷町西明屋３１７番地２",,10,202,3703105,,,,,,,2015-10-05,1,,,,,"アオヤマデンキショウカイ",0
697,3070001026415,01,1,2026-07-08,2015-10-05,"株式会社ミートプランニング",,301,"群馬県","藤岡市","東平井５７３番地１",,10,209,3750043,,,,,,,2015-10-05,0,,,,,"ミートプランニング",0
698,3070001026415,12,1,2026-07-08,2017-09-19,"株式会社ミートプランニング",,301,"群馬県","高崎市","倉賀野町３１９９番地１",,10,202,3701201,,,,,,,2015-10-05,0,,,,,"ミートプランニング",0
699,3070001026415,11,1,2026-07-08,2025-10-02,"株式会社Ｇ‐７ミートプランニング",,301,"群馬県","高崎市","倉賀野町３１９９番地１",,10,202,3701201,,,,,,,2015-10-05,0,,,,,"ジーセブンミートプランニング",0
700,3070001026415,12,1,2026-07-08,2025-10-06,"株式会社Ｇ‐７ミートプランニング",,301,"兵庫県","神戸市須磨区","弥栄台２丁目１番地の３",,28,107,6540161,,,,,,,2015-10-05,1,,,,,"ジーセブンミートプランニング",0
701,3070002035241,21,0,2026-07-08,2026-07-01,"有限会社吉田米＿店",00025907,302,"群馬県","沼田市","東原新町１８０８番地の１",,10,206,3780053,,,2026-07-01,01,,,2015-10-05,1,,,,,"ヨシダベイコクテン",0
702,3070003006497,01,0,2026-07-08,2026-07-08,"合同会社ひふみプロジェクト",,305,"群馬県","多野郡神流町","大字塩沢７７番地の１",,10,367,3701514,,,,,,,2026-07-08,1,,,,,"ヒフミプロジェクト",0
703,3070005002131,01,1,2026-07-08,2015-10-05,"大雲寺",,399,"群馬県","高崎市","九蔵町８１番地",,10,202,3700058,,,,,,,2015-10-05,1,,,,,"ダイウンジ",0
704,3080001011993,12,0,2026-07-08,2026-07-02,"リンク債権回収株式会社",,301,"東京都","台東区","東上野３丁目３７番１１号",,13,106,1100015,,,,,,,2015-10-05,1,,,,,"リンクサイケンカイシュウ",0
705,3080403003465,12,0,2026-07-08,2026-06-25,"合同会社栄進会",,305,"静岡県","磐田市","中泉１８６３－１０１",,22,211,4380078,,,,,,,2017-06-23,1,,,,,"エイシンカイ",0
706,3100001039818,01,0,2026-07-08,2026-07-08,"株式会社ＹＡＴＴＯＣＯ",,301,"長野県","茅野市","本町西１８番２８号",,20,214,3910003,,,,,,,2026-07-08,1,,,,,"ヤットコ",0
707,3100001039826,01,0,2026-07-08,2026-07-08,"株式会社ハイウッドリノベーション",,301,"長野県","伊那市","荒井４５０７番地７",,20,209,3960025,,,,,,,2026-07-08,1,,,,,"ハイウッドリノベーション",0
708,3100003000513,01,1,2026-07-08,2015-10-05,"合資会社和田酒店",,304,"長野県","千曲市","大字八幡２７２番地",,20,218,3870023,,,,,,,2015-10-05,1,,,,,"ワダサケテン",0
709,3110001040246,01,0,2026-07-08,2026-07-08,"株式会社くりぼん",,301,"新潟県","新潟市東区","東中島２丁目４番１号",,15,102,9500823,,,,,,,2026-07-08,1,,,,,"クリボン",0
710,3110002004217,01,1,2026-07-08,2015-10-05,"ディープインサイド有限会社",,302,"新潟県","新潟市中央区","西堀前通３番町７２６番地",,15,103,9518062,,,,,,,2015-10-05,0,,,,,"ディープインサイド",0
711,3110002004217,12,1,2026-07-08,2022-03-14,"ディープインサイド有限会社",,302,"新潟県","新潟市中央区","古町通５番町６２９番地",,15,103,9518063,,,,,,,2015-10-05,1,,,,,"ディープインサイド",0
712,3110003006229,01,0,2026-07-08,2026-07-08,"合同会社ココラク",,305,"新潟県","阿賀野市","粕島６５８番地",,15,223,9592147,,,,,,,2026-07-08,1,,,,,"ココラク",0
713,3120001024438,01,1,2026-07-08,2015-10-05,"デサントアパレル株式会社",,301,"大阪府","大阪市天王寺区","堂ケ芝１丁目１１番３号",,27,109,5430033,,,,,,,2015-10-05,0,"DESCENTE APPAREL LTD.",,,,"デサントアパレル",0
714,3120001024438,12,1,2026-07-08,2021-12-22,"デサントアパレル株式会社",,301,"大阪府","大阪市浪速区","湊町１丁目２番３号マルイト難波ビル１３階",,27,111,5560017,,,,,,,2015-10-05,1,"DESCENTE APPAREL LTD.","Osaka","Maruito Namba Building 13F, 1-2-3 Minatomachi, Naniwa ku Osaka shi",,"デサントアパレル",0
715,3120001097475,71,0,2026-07-08,2026-07-01,"株式会社ロイヤルエステート",,301,"兵庫県","西宮市","門戸東町４番５３号",,28,204,6620824,,,,,,"令和８年７月１日兵庫県西宮市中島町２番１０号ロイヤルメゾン甲子園口ＩＩＩ１０２号室株式会社ライト＆エム（9140001071332）を合併",2015-10-05,1,,,,,"ロイヤルエステート",0
716,3120001110972,21,0,2026-07-08,2026-07-02,"株式会社エムエスジー",,301,"大阪府","大阪市淀川区","塚本２丁目１４番１７－１００３号",,27,123,5320026,,,2026-07-02,01,,,2015-10-05,1,,,,,"エムエスジー",0
717,3120001146356,12,0,2026-07-08,2026-07-06,"株式会社小間商店",,301,"兵庫県","宝塚市","雲雀丘２丁目１２番４７号",,28,214,6650805,,,,,,,2015-10-05,1,,,,,"コマショウテン",0
718,3120001169943,21,0,2026-07-08,2026-07-01,"株式会社Ｈ・Ｓオフイス",,301,"大阪府","大阪市中央区","内久宝寺町３丁目４番９号",,27,128,5400013,,,2026-07-01,01,,,2015-10-05,1,,,,,"エイチエスオフィス",0
719,3120001239787,12,0,2026-07-08,2026-07-06,"ＡＮＲＩ株式会社",,301,"大阪府","大阪市西区","北堀江２丁目３番１８号タモツビル３階",,27,106,5500014,,,,,,,2021-08-16,1,,,,,"アンリ",0
720,3120001262129,21,0,2026-07-08,2026-06-30,"家源株式会社",,301,"大阪府","大阪市住吉区","我孫子５丁目９番１７号我孫子シャルマン２０２号室",,27,120,5580014,,,2026-06-30,01,,,2024-02-07,1,,,,,"カゲン",0
721,3120001287068,12,0,2026-07-08,2026-07-01,"株式会社Ａｇａｉｎ",,301,"大阪府","大阪市中央区","高麗橋４丁目３番２号三泉高麗橋ビル３０１",,27,128,5410043,,,,,,,2026-06-11,1,,,,,"アゲイン",0
722,3120001287555,01,0,2026-07-08,2026-07-08,"株式会社Ｆｏｒｅｓｔａ",,301,"大阪府","大阪市東成区","中本４丁目７番８号",,27,115,5370022,,,,,,,2026-07-08,1,,,,,"フォレスタ",0
723,3120001287563,01,0,2026-07-08,2026-07-08,"株式会社ＲＫ",,301,"大阪府","大阪市此花区","西九条５丁目４番５号３０１号室",,27,104,5540012,,,,,,,2026-07-08,1,,,,,"アールケイ",0
724,3120001287588,01,0,2026-07-08,2026-07-08,"株式会社Ｔ‐Ｃｏｄｅ",,301,"大阪府","大阪市西淀川区","佃２丁目１４番１３号",,27,113,5550001,,,,,,,2026-07-08,1,,,,,"ティーコード",0
725,3120001287662,01,0,2026-07-08,2026-07-08,"株式会社百木造園土木",,301,"大阪府","交野市","松塚２４番９号",,27,230,5760043,,,,,,,2026-07-08,1,,,,,"モモキゾウエンドボク",0
726,3120001287712,01,0,2026-07-08,2026-07-08,"Ｘ株式会社",,301,"大阪府","大阪市福島区","吉野１丁目２０－１２アルプレイスＣ棟",,27,103,5530006,,,,,,,2026-07-08,1,,,,,"エックス",0
727,3120003029187,12,0,2026-07-08,2026-07-06,"Ｐａｒｋｓｉｄｅ合同会社",,305,"東京都","練馬区","桜台３丁目４４－２クリオ氷川台シーズンテラス２０８号",,13,120,1760002,,,,,,,2025-04-25,1,,,,,"パークサイド",0
728,3120005025639,01,0,2026-07-08,2026-07-08,"一般社団法人ＳＲＩ",,399,"大阪府","大阪市北区","芝田２丁目８番１１－３０１Ｊ号",,27,127,5300012,,,,,,,2026-07-08,1,,,,,"エスアールアイ",0
729,3120101003779,21,0,2026-07-08,2026-06-30,"株式会社サンユーホームシステム",,301,"大阪府","堺市堺区","甲斐町西１丁１番３１号",,27,141,5900950,,,2026-06-30,01,,,2015-10-05,1,,,,,"サンユーホームシステム",0
730,3120101055325,01,1,2026-07-08,2016-09-09,"株式会社ＴＡＫＥＮＡＫＡ",,301,"大阪府","大阪狭山市","大野台３丁目５番２４号",,27,231,5890023,,,,,,,2016-09-09,1,,,,,"タケナカ",0
731,3120101073987,01,0,2026-07-08,2026-07-08,"株式会社ＲＡＮ",,301,"大阪府","堺市西区","宮下町１４番２号",,27,144,5938321,,,,,,,2026-07-08,1,,,,,"ラン",0
732,3120101074028,01,0,2026-07-08,2026-07-08,"株式会社ＭＹエステート",,301,"大阪府","泉佐野市","高松北２丁目３番２７号シャルマンフジりんくう泉佐野２０３号室",,27,213,5980011,,,,,,,2026-07-08,1,,,,,"マイエステート",0
733,3120103007233,01,0,2026-07-08,2026-07-08,"Ｚ・Ａ　ＴＲＡＤＩＮＧ合同会社",,305,"大阪府","泉北郡忠岡町","北出２丁目１９－４－Ａ",,27,341,5950803,,,,,,,2026-07-08,1,,,,,"ゼッドエートレーディング",0
734,3120901043058,12,0,2026-07-08,2026-07-06,"株式会社スリースターレジデンス",,301,"大阪府","吹田市","江坂町１丁目１３番４１号江坂ＮＫビル３Ｆ",,27,205,5640063,,,,,,,2020-08-07,1,,,,,"スリースターレジデンス",0
735,3120901049971,12,0,2026-07-08,2026-07-06,"株式会社ＢＥＮＴＯ",,301,"大阪府","守口市","大日東町２７番８号",,27,209,5700016,,,,,,,2024-10-31,1,,,,,"ベント",0
736,3120901052281,12,0,2026-07-08,2026-07-06,"株式会社アクシスパートナー",,301,"大阪府","大阪市中央区","難波千日前４番９号４０５",,27,128,5420075,,,,,,,2026-03-04,1,,,,,"アクシスパートナー",0
737,3120901052892,01,0,2026-07-08,2026-07-08,"株式会社交創技術コンサルタント",,301,"大阪府","茨木市","彩都あさぎ５丁目５番３号",,27,211,5670085,,,,,,,2026-07-08,1,,,,,"コウソウギジュツコンサルタント",0
738,3120901052901,01,0,2026-07-08,2026-07-08,"株式会社ＡＫ",,301,"大阪府","吹田市","竹見台２丁目６番２号",,27,205,5650863,,,,,,,2026-07-08,1,,,,,"エーケイ",0
739,3120903005345,12,0,2026-07-08,2026-07-06,"合同会社ＰＲＯＳＯＬ",,305,"大阪府","大阪市北区","梅田１丁目２番２号大阪駅前第２ビル１２－１２",,27,127,5300001,,,,,,,2024-09-18,1,,,,,"プロッソル",0
740,3120903006310,01,0,2026-07-08,2026-07-08,"合同会社ＤＨ企画",,305,"大阪府","吹田市","佐竹台５丁目３番６４号",,27,205,5650855,,,,,,,2026-07-08,1,,,,,"ディーエイチキカク",0
741,3122003003576,01,0,2026-07-08,2026-07-08,"合同会社ＲｅＮ",,305,"大阪府","大東市","寺川５丁目１８番７６号",,27,218,5740014,,,,,,,2026-07-08,1,,,,,"レン",0
742,3122005000646,21,0,2026-07-08,2026-06-19,"天理教三大分教会",,399,"大阪府","東大阪市","上四条町１６番２８号",,27,227,5798052,,,2026-06-19,11,2470005004088,"令和８年６月１６日香川県観音寺市天神町二丁目３番３０号天理教三豊分教会（2470005004088）に合併し解散",2015-10-05,1,,,,,"テンリキョウサンダイブンキョウカイ",0
743,3130001041944,01,1,2026-07-08,2015-10-05,"株式会社旭開発",,301,"京都府","福知山市","夕陽が丘５０番地の２",,26,201,6200948,,,,,,,2015-10-05,1,,,,,"アサヒカイハツ",0
744,3130001076957,12,0,2026-07-08,2026-06-22,"株式会社ＬＡＢＯＯ",,301,"京都府","福知山市","字正明寺１７０８番地の１",,26,201,6200936,,,,,,,2024-05-07,1,,,,,"ラブー",0
745,3130001082550,01,0,2026-07-08,2026-07-08,"株式会社スライヴ",,301,"京都府","城陽市","市辺出川原３２－３０",,26,207,6100114,,,,,,,2026-07-08,1,,,,,"スライヴ",0
746,3130001082600,01,0,2026-07-08,2026-07-08,"株式会社Ｂｅｎｔｏ＆ｃｏ",,301,"京都府","京都市中京区","六角通麩屋町東入八百屋町１１７番地",,26,104,6048072,,,,,,,2026-07-08,1,,,,,"ベントーアンドコー",0
747,3130005004212,01,1,2026-07-08,2015-10-05,"学校法人カトリック京都教区学園",,399,"京都府","京都市中京区","河原町通三条上る下丸屋町４２３番地",,26,104,6048006,,,,,,,2015-10-05,0,,,,,"カトリツクキュウトキョウクガクエン",0
748,3130005004212,12,1,2026-07-08,2020-04-01,"学校法人カトリック京都教区学園",,399,"京都府","京都市上京区","新町通一条上る一条殿町５０２番１",,26,102,6020934,,,,,,,2015-10-05,0,,,,,"カトリツクキュウトキョウクガクエン",0
749,3130005004212,12,1,2026-07-08,2024-06-27,"学校法人カトリック京都教区学園",,399,"京都府","京都市中京区","河原町通三条上る下丸屋町４２３",,26,104,6048006,,,,,,,2015-10-05,1,,,,,"カトリツクキュウトキョウクガクエン",0
750,3140001043015,12,0,2026-07-08,2026-07-06,"株式会社信陽ケミカル",,301,"兵庫県","加古川市","八幡町宗佐１４８４番地の１",,28,210,6751201,,,,,,,2015-10-05,1,,,,,"シンヨウケミカル",0
751,3140001086344,12,0,2026-07-08,2026-07-02,"株式会社ＢＥ　ＴＨＥＲＥ",,301,"兵庫県","伊丹市","南野２丁目８－１４",,28,207,6640865,,,,,,,2015-10-05,1,,,,,"ビーゼアー",0
752,3140001103314,11,0,2026-07-08,2026-07-01,"株式会社Ｍ‐Ｌｉｎｋ",,301,"宮城県","仙台市太白区","中田町字杉ノ下３４番地",,04,104,9811103,,,,,,,2016-09-14,1,,,,,"エムリンク",0
753,3140001120318,21,0,2026-07-08,2026-06-30,"株式会社ベアーズホーム",,301,"兵庫県","神戸市兵庫区","駅前通５丁目１番４号",,28,105,6520898,,,2026-06-30,01,,,2021-02-03,1,,,,,"ベアーズホーム",0
754,3140001126232,12,0,2026-07-08,2026-07-01,"株式会社やぐら",,301,"兵庫県","神戸市西区","伊川谷町有瀬５５８プロムナードＩＩ２０２",00144236,28,111,6512113,,,,,,,2022-06-06,1,,,,,"ヤグラ",0
755,3140001141693,12,0,2026-07-08,2026-07-01,"株式会社Ｐｒｉｎｃｉｐｌｅ　Ｂａｓｅ",,301,"兵庫県","西宮市","高木東町２０番１４－３０１号",,28,204,6638033,,,,,,,2026-02-09,1,,,,,"プリンシプルベース",0
756,3140001143302,01,0,2026-07-08,2026-07-08,"株式会社つむぎの",,301,"兵庫県","西脇市","西脇１１２８番地３",,28,213,6770015,,,,,,,2026-07-08,1,,,,,"ツムギノ",0
757,3140002044326,21,0,2026-07-08,2026-07-01,"有限会社二葉工業",,302,"兵庫県","尼崎市","次屋３丁目８番１９号",,28,202,6610965,,,2026-07-01,01,,,2015-10-05,1,,,,,"フタバコウギョウ",0
758,3140002053351,01,1,2026-07-08,2015-10-05,"有限会社エス・ディ・ワイ",,302,"兵庫県","姫路市","安田４丁目１２０番地",,28,201,6700955,,,,,,,2015-10-05,1,,,,,"エスディワイ",0
759,3140002056809,01,1,2026-07-08,2015-10-05,"有限会社松籟荘興産",,302,"兵庫県","西宮市","神呪町８番３４号",,28,204,6620823,,,,,,,2015-10-05,1,,,,,"ショウライソウコウサン",0
760,3160001025366,12,0,2026-07-08,2026-07-03,"株式会社北晨",,301,"滋賀県","大津市","萱野浦２５番３６号",,25,201,5202143,,,,,,,2023-10-02,1,,,,,"ホクシン",0
761,3160001027767,01,0,2026-07-08,2026-07-08,"株式会社ドルチェ",,301,"滋賀県","大津市","下阪本５丁目２５番２３－２０３号",,25,201,5200105,,,,,,,2026-07-08,1,,,,,"ドルチェ",0
762,3160005005819,01,1,2026-07-08,2015-10-05,"冲原神社",,399,"滋賀県","東近江市","東沖野３丁目１１番１号",,25,213,5270033,,,,,,,2015-10-05,1,,,,,"オキハラジンジャ",0
763,3160005005868,01,1,2026-07-08,2015-10-05,"白鳥神社",,399,"滋賀県","東近江市","石谷町７６７番地",,25,213,5270227,,,,,,,2015-10-05,1,,,,,"シラトリジンジャ",0
764,3180001033904,01,1,2026-07-08,2015-10-05,"株式会社アド大広名古屋",,301,"愛知県","名古屋市中区","栄３丁目３番２１号",,23,106,4600008,,,,,,,2015-10-05,1,,,,,"アドダイコウナゴヤ",0
765,3180001069485,01,1,2026-07-08,2015-10-05,"株式会社細井電機商会",,301,"愛知県","豊明市","新田町錦１３番地の１５",,23,229,4701113,,,,,,,2015-10-05,1,,,,,"ホソイデンキショウカイ",0
766,3180001090029,21,0,2026-07-08,2026-07-01,"株式会社エアー",,301,"愛知県","名古屋市中区","丸の内２丁目１６－３丸の内Ａ・Ｔビル４階",,23,106,4600002,,,2026-07-01,11,9180001171905,"令和８年７月１日名古屋市中区錦二丁目２０番１５号広小路クロスタワー７階株式会社ＷｅｅＡｒｅ（9180001171905）に合併し解散",2015-10-05,1,,,,,"エアー",0
767,3180001104746,01,1,2026-07-08,2015-10-05,"オリオン株式会社",,301,"愛知県","春日井市","桃山町３１２９番地２",,23,206,4860802,,,,,,,2015-10-05,1,,,,,"オリオン",0
768,3180001135403,12,0,2026-07-08,2026-07-02,"潤生堂株式会社",,301,"千葉県","茂原市","町保９０番地６７",,12,210,2970022,,,,,,,2019-02-07,1,,,,,"ジュンセイドウ",0
769,3180001146045,21,0,2026-07-08,2026-07-01,"株式会社ＣｌｏｕｄＡｒｔｓ",,301,"愛知県","名古屋市中区","丸の内２丁目１６－３丸の内Ａ・Ｔビル４階",,23,106,4600002,,,2026-07-01,11,9180001171905,"令和８年７月１日名古屋市中区錦二丁目２０番１５号広小路クロスタワー７階株式会社ＷｅｅＡｒｅ（9180001171905）に合併し解散",2021-05-14,1,,,,,"クラウドアーツ",0
770,3180001172586,01,0,2026-07-08,2026-07-08,"株式会社ＰＤキャピタル",,301,"愛知県","名古屋市千種区","千種２丁目８番２４号",,23,101,4640858,,,,,,,2026-07-08,1,,,,,"ピーディーキャピタル",0
771,3180001172628,01,0,2026-07-08,2026-07-08,"ＺｕｔｔｏＲｉｄｅ損保設立準備株式会社",,301,"愛知県","名古屋市中区","千代田２丁目６番１６号",,23,106,4600012,,,,,,,2026-07-08,1,,,,,"ズットライドソンポセツリツジュンビ",0
772,3180001172644,01,0,2026-07-08,2026-07-08,"株式会社ＨＩＳＡＤＡ",,301,"愛知県","常滑市","西阿野字半月１９７番地５",,23,216,4790802,,,,,,,2026-07-08,1,,,,,"ヒサダ",0
773,3180001172669,01,0,2026-07-08,2026-07-08,"株式会社ＯＧＵＲＩ",,301,"愛知県","名古屋市西区","那古野２丁目２５番７号",,23,104,4510042,,,,,,,2026-07-08,1,,,,,"オグリ",0
774,3180001172677,01,0,2026-07-08,2026-07-08,"株式会社笹福工業",00144240,301,"愛知県","あま市","花正郷中３１７番地",,23,237,4901205,,,,,,,2026-07-08,1,,,,,"ササフクコウギョウ",0
775,3180002020570,01,1,2026-07-08,2015-10-05,"有限会社中田鉄工所",,302,"愛知県","名古屋市熱田区","神野町２丁目１６番地",,23,109,4560068,,,,,,,2015-10-05,1,,,,,"ナカタテッコウジョ",0
776,3180003030494,01,0,2026-07-08,2026-07-08,"合同会社ｍｙＲ",,305,"愛知県","名古屋市天白区","植田西１丁目１２０５番地",,23,116,4680058,,,,,,,2026-07-08,1,,,,,"マイアール",0
777,3180005020205,21,0,2026-07-08,2026-07-01,"弁護士法人丸の内国際法律事務所",,399,"愛知県","名古屋市中区","丸の内３丁目６番１１号レインボー丸の内６０１号室",,23,106,4600002,,,2026-07-01,01,,,2023-05-01,1,,,,,"マルノウチコクサイホウリツジムショ",0
778,3180301022986,12,0,2026-07-08,2026-06-29,"吉良オイルセンター株式会社",,301,"愛知県","西尾市","吉良町岡山山王下３３番地１",,23,213,4440531,,,,,,,2015-10-05,1,,,,,"キラオイルセンター",0
779,3190001033267,01,0,2026-07-08,2026-07-08,"株式会社平山金属",,301,"三重県","松阪市","中万町２１９４番地１",,24,204,5192143,,,,,,,2026-07-08,1,,,,,"ヒラヤマキンゾク",0
780,3200001007450,01,1,2026-07-08,2015-10-05,"檜田邦自動車株式会社",00076505,301,"岐阜県","各務原市","鵜沼朝日町３丁目１２５番地",,21,213,5090145,,,,,,,2015-10-05,1,,,,,"ヒノキダクニジドウシャ",0
781,3200002018208,01,1,2026-07-08,2015-10-05,"有限会社匠技術",,302,"岐阜県","可児市","中恵土２３７１番地４８４",,21,214,5090202,,,,,,,2015-10-05,1,,,,,"タクミギジュツ",0
782,3210002009395,01,1,2026-07-08,2015-10-05,"有限会社春日",,302,"福井県","大野市","春日１丁目２番１３号",,18,205,9120053,,,,,,,2015-10-05,1,,,,,"カスガ",0
783,3210005006902,01,1,2026-07-08,2015-10-05,"学校法人恩恵学園",,399,"福井県","越前市","住吉町３番２９号",,18,209,9150067,,,,,,,2015-10-05,1,,,,,,0
784,3220001001096,21,0,2026-07-08,2026-07-06,"株式会社石田造園",,301,"石川県","金沢市","間明町１丁目２番地",,17,201,9218005,,,2026-07-06,01,,,2015-10-05,1,,,,,"イシダゾウエン",0
785,3230001006664,21,0,2026-07-08,2026-07-01,"株式会社ぷちクリエーション",,301,"富山県","射水市","戸破１７５４番地１",,16,211,9390351,,,2026-07-01,11,9230001006097,"令和８年７月１日富山市根塚町一丁目３番地２株式会社オオサワ（9230001006097）に合併し解散",2015-10-05,1,,,,,"プチクリエーション",0
786,3240001009286,11,0,2026-07-08,2026-07-01,"ＡＬＳＯＫ広島株式会社",,301,"広島県","広島市安佐南区","西原８丁目３４番３号",,34,105,7310113,,,,,,,2015-10-05,1,,,,,"アルソックヒロシマ",0
787,3240001026397,21,0,2026-07-08,2026-06-29,"株式会社パナピット呉",,301,"広島県","呉市","阿賀南２丁目５－２６－１０１",,34,202,7370004,,,2026-06-29,01,,,2015-10-05,1,,,,,"パナピットクレ",0
788,3240001054729,11,0,2026-07-08,2026-07-01,"株式会社ＲＩＳＥ　ｃａｒｅｅｒ",,301,"広島県","広島市中区","八丁堀２番３１－７０４号",,34,101,7300013,,,,,,,2019-07-30,1,,,,,"ライズキャリア",0
789,3240001056568,12,0,2026-07-08,2026-07-02,"株式会社ＨｉＡＴ",,301,"埼玉県","草加市","清門２丁目２２番地１ブルーフェザーマンション２０２号",,11,221,3400055,,,,,,,2020-09-01,1,,,,,"ハイアット",0
790,3240001061155,12,0,2026-07-08,2026-06-30,"株式会社イケヨシ",,301,"広島県","広島市佐伯区","湯来町大字白砂３５番地４３",,34,108,7380512,,,,,,,2023-03-06,1,,,,,"イケヨシ",0
791,3240001066765,01,0,2026-07-08,2026-07-08,"株式会社リアルテックサービス",,301,"広島県","広島市中区","広瀬町８番２６号",,34,101,7300804,,,,,,,2026-07-08,1,,,,,"リアルテックサービス",0
792,3240005015578,21,0,2026-07-08,2026-06-30,"一般社団法人ｓｉｇｎｐｏｓｔ",,399,"広島県","広島市佐伯区","五日市６丁目１番３号",,34,108,7315127,,,2026-06-30,01,,,2023-05-17,1,,,,,"サインポスト",0
793,3250003003872,21,0,2026-07-08,2026-07-03,"合同会社スリーストライク",,305,"山口県","宇部市","大字上宇部２８４２－２６ドリームヒルズ３０４号",,35,202,7550091,,,2026-07-03,01,,,2025-12-25,1,,,,,"スリーストライク",0
794,3260001008550,01,1,2026-07-08,2015-10-05,"タカノフーズ中四国株式会社",,301,"岡山県","加賀郡吉備中央町","湯山１３００番地１",,33,681,7161112,,,,,,,2015-10-05,1,,,,,"タカノフーズチュウシコク",0
795,3260002011041,01,1,2026-07-08,2015-10-05,"有限会社大西建設工業",,302,"岡山県","赤磐市","桜が丘西１丁目１３番１０号",,33,213,7090802,,,,,,,2015-10-05,1,,,,,"オオニシケンセツコウギョウ",0
796,3270002007484,01,1,2026-07-08,2015-10-05,"有限会社米子アポロ石油",,302,"鳥取県","米子市","吉岡１０８番地６",,31,202,6893545,,,,,,,2015-10-05,1,,,,,"ヨナゴアポロセキユ",0
797,3280001004283,21,0,2026-07-08,2026-07-03,"株式会社桜商会",,301,"島根県","浜田市","黒川町１４２番地５",,32,202,6970024,,,2026-07-03,11,5280001004430,"令和８年６月３０日島根県浜田市黒川町１４２番地５三櫻酒造株式会社（5280001004430）に合併し解散",2015-10-05,1,,,,,"サクラショウカイ",0
798,3290001033182,11,0,2026-07-08,2026-07-01,"ユニバーサルスプリング株式会社",,301,"福岡県","糸島市","志摩松隈５５番地７",,40,230,8191306,,,,,,,2015-10-05,0,,,,,"ユニバーサルスプリング",0
799,3290001033182,71,0,2026-07-08,2026-07-01,"ユニバーサルスプリング株式会社",,301,"福岡県","糸島市","志摩松隈５５番地７",,40,230,8191306,,,,,,"令和８年７月１日福岡市早良区田村六丁目４番１６号新日本バネ工業株式会社（1290001005266）を合併",2015-10-05,1,,,,,"ユニバーサルスプリング",0
800,3290001068195,12,0,2026-07-08,2026-07-01,"株式会社ＭＨＴ",,301,"福岡県","福岡市早良区","西新２丁目７番８－３０６号ラクレイス西新",,40,137,8140002,,,,,,,2015-10-05,1,,,,,"エムエイチティ",0
801,3290001100065,12,0,2026-07-08,2026-06-25,"株式会社ＲＥＲＩＧＨＴ",,301,"福岡県","筑紫野市","大字永岡１５５９番地１",,40,217,8180066,,,,,,,2023-01-05,1,,,,,"リライト",0
802,3290001114692,01,0,2026-07-08,2026-07-08,"株式会社ＭＣ‐ＥＡＲＴＨ",,301,"福岡県","福岡市中央区","天神４丁目６－２８いちご天神ノースビル７階",,40,133,8100001,,,,,,,2026-07-08,1,,,,,"エムシーアース",0
803,3290001114742,01,0,2026-07-08,2026-07-08,"ｐｏｙａ株式会社",,301,"福岡県","三井郡大刀洗町","大字山隈２９４８番地３",,40,503,8301226,,,,,,,2026-07-08,1,,,,,"ポヤ",0
804,3290002022647,01,1,2026-07-08,2015-10-05,"有限会社東和工務店",,302,"福岡県","福岡市城南区","南片江５丁目１６番２号",,40,136,8140143,,,,,,,2015-10-05,1,,,,,"トウワコウムテン",0
805,3290003018636,01,0,2026-07-08,2026-07-08,"合同会社ヒルトップＳＡＫＵＲＡ",,305,"福岡県","福岡市中央区","桜坂１丁目１２番８号",,40,133,8100024,,,,,,,2026-07-08,1,,,,,"ヒルトップサクラ",0
806,3290801032193,12,0,2026-07-08,2026-06-25,"ＬＩＮＫ株式会社",,301,"福岡県","中間市","通谷２丁目４番１８号",,40,215,8090018,,,,,,,2026-01-21,1,,,,,"リンク",0
807,3290803005395,01,0,2026-07-08,2026-07-08,"合同会社Ｎ５",,305,"福岡県","北九州市小倉北区","中津口１丁目８－２１－１１０",,40,106,8020018,,,,,,,2026-07-08,1,,,,,"エヌゴー",0
808,3290805000436,12,0,2026-07-08,2026-06-15,"学校法人富野学園",,399,"福岡県","北九州市小倉北区","下富野３丁目５番６号",,40,106,8020023,,,,,,,2015-10-05,1,,,,,"トミノガクエン",0
809,3290805003224,01,1,2026-07-08,2015-10-05,"不動院",,399,"福岡県","北九州市門司区","大字吉志１７１番地の３",,40,101,8000114,,,,,,,2015-10-05,0,,,,,"フドウイン",0
810,3290805003224,71,1,2026-07-08,2026-03-25,"不動院",,399,"福岡県","北九州市門司区","大字吉志１７１番地の３",,40,101,8000114,,,,,,"北九州市小倉南区中曽根三丁目７番８号謹念寺（1290805000264）を合併",2015-10-05,1,,,,,"フドウイン",0
811,3300001014668,01,0,2026-07-08,2026-07-08,"ライジング株式会社",,301,"佐賀県","佐賀市","久保田町大字久富３３４２番地１８",,41,201,8490202,,,,,,,2026-07-08,1,,,,,"ライジング",0
812,3300002005658,21,0,2026-07-08,2026-07-01,"インシージャパン有限会社",,302,"佐賀県","佐賀市","大和町大字久池井８４２番地５",,41,201,8400202,,,2026-07-01,01,,,2015-10-05,1,,,,,"インシージャパン",0
813,3300002010071,12,0,2026-07-08,2026-07-01,"有限会社共和住設工業",,302,"佐賀県","神埼郡吉野ヶ里町","立野６４９番地５",,41,327,8420032,,,,,,,2015-10-05,0,,,,,,0
814,3300002010071,11,0,2026-07-08,2026-07-01,"有限会社紀の国",,302,"佐賀県","神埼郡吉野ヶ里町","立野６４９番地５",,41,327,8420032,,,,,,,2015-10-05,1,,,,,"キノクニ",0
815,3300005002677,71,0,2026-07-08,2026-06-12,"天理教多久分教会",,399,"佐賀県","多久市","北多久町大字小侍４４０３番地の１",,41,204,8460002,,,,,,"北海道河東郡鹿追町新町四丁目６３番地天理教鎮北分教会（2460105001309）を合併",2015-10-05,1,,,,,"テンリキョウタクブンキョウカイ",0
816,3310002002191,01,1,2026-07-08,2015-10-05,"有限会社三和プロミス",,302,"長崎県","長崎市","江戸町１番１２号",,42,201,8500861,,,,,,,2015-10-05,1,,,,,"サンワプロミス",0
817,3310005005646,01,1,2026-07-08,2015-10-05,"社会福祉法人承陽福祉会",,399,"長崎県","島原市","柿の木町４０２２番地１",,42,203,8550066,,,,,,,2015-10-05,1,,,,,"ジョウヨウフクシカイ",0
818,3320001009781,12,0,2026-07-08,2026-07-01,"株式会社ありがとう",,301,"大分県","豊後大野市","三重町芦刈４９５番地２",,44,212,8797105,,,,,,,2015-10-05,1,,,,,"アリガトウ",0
819,3320001021811,01,0,2026-07-08,2026-07-08,"株式会社いなかんご",,301,"大分県","大分市","藤の台７番地の５",,44,201,8700957,,,,,,,2026-07-08,1,,,,,"イナカンゴ",0
820,3330001021323,01,1,2026-07-08,2015-10-05,"株式会社九州フィーリングス・クリエイション",,301,"熊本県","合志市","須屋１４８２番地７",,43,216,8611102,,,,,,,2015-10-05,0,,,,,"キュウシュウフィーリングスクリエイション",0
821,3330001021323,12,1,2026-07-08,2016-06-30,"株式会社九州フィーリングス・クリエイション",,301,"熊本県","熊本市南区","出仲間５丁目６番１－３０４号",,43,104,8620963,,,,,,,2015-10-05,1,,,,,"キュウシュウフィーリングスクリエイション",0
822,3330001032452,12,0,2026-07-08,2026-07-01,"株式会社伊与田設計",,301,"熊本県","熊本市中央区","大江５丁目１７番３１号",,43,101,8620971,,,,,,,2024-09-09,1,,,,,"イヨタセッケイ",0
823,3330001034440,01,0,2026-07-08,2026-07-08,"株式会社石原製畳",,301,"熊本県","菊池郡大津町","大字杉水２８０３番地２",,43,403,8691236,,,,,,,2026-07-08,1,,,,,"イシハラセイジョウ",0
824,3330001034449,01,0,2026-07-08,2026-07-08,"一進興業株式会社",,301,"熊本県","玉名市","滑石２６６１番地",,43,206,8650056,,,,,,,2026-07-08,1,,,,,"イッシンコウギョウ",0
825,3330003011660,01,0,2026-07-08,2026-07-08,"アイズアップ合同会社",,305,"熊本県","熊本市南区","野口２丁目６番３号",,43,104,8614137,,,,,,,2026-07-08,1,,,,,"アイズアップ",0
826,3340001028292,01,0,2026-07-08,2026-07-08,"株式会社ＮｅｏＢｒｉｄｇｅ",,301,"鹿児島県","鹿児島市","上福元町５６７１番地２７",,46,201,8910116,,,,,,,2026-07-08,1,,,,,"ネオブリッジ",0
827,3350001014127,01,1,2026-07-08,2016-07-08,"株式会社恵誠水産",,301,"宮崎県","東臼杵郡門川町","大字庵川５４５８番地",,45,421,8890602,,,,,,,2016-07-08,1,,,,,"ケイセイスイサン",0
828,3350001018904,21,0,2026-07-08,2026-06-29,"株式会社ｇｒｅｅｎ",,301,"宮崎県","宮崎市","生目台東４丁目２７番地１０",,45,201,8800942,,,2026-06-29,01,,,2024-04-09,1,,,,,"グリーン",0
829,3350001018978,12,0,2026-07-08,2026-06-29,"株式会社ａｄｖａｎｃｅ",,301,"宮崎県","児湯郡高鍋町","大字北高鍋５０６５",,45,401,8840002,,,,,,,2024-05-31,1,,,,,"アドバンス",0
830,3350002012609,21,0,2026-07-08,2026-06-25,"有限会社ブランシェ",,302,"宮崎県","延岡市","中川原町３丁目５０１７番地２",,45,203,8820031,,,2026-06-25,01,,,2015-10-05,1,,,,,"ブランシェ",0
831,3360001021411,21,0,2026-07-08,2026-06-18,"株式会社アンディーズ",,301,"沖縄県","那覇市","泊１丁目１１番地９",,47,201,9000012,,,2026-06-18,01,,,2016-10-11,1,,,,,"アンディーズ",0
832,3360001027441,12,0,2026-07-08,2026-07-03,"ここじゃぱん株式会社",,301,"千葉県","流山市","南流山７丁目２６番地１８",,12,220,2700163,,,,,,,2020-07-13,1,,,,,"ココジャパン",0
833,3370001053981,01,0,2026-07-08,2026-07-08,"株式会社燈葉堂",,301,"宮城県","仙台市若林区","河原町１丁目２番１４－３０６号",,04,103,9840816,,,,,,,2026-07-08,1,,,,,"トウヨウドウ",0
834,3380001033990,21,0,2026-07-08,2026-06-29,"コネクトエナジー株式会社",,301,"福島県","会津若松市","インター西９８番地",,07,202,9650059,,,2026-06-29,01,,,2023-09-19,1,,,,,"コネクトエナジー",0
835,3380005011729,01,1,2026-07-08,2016-10-06,"湯川村建設関連業種協同組合",,399,"福島県","河沼郡湯川村","大字勝常字堂後８３０番地",,07,422,9693556,,,,,,,2016-10-06,0,,,,,"ユガワムラケンセツカンレンギョウシュ",0
836,3380005011729,11,1,2026-07-08,2024-09-02,"湯川村地域振興協同組合",,399,"福島県","河沼郡湯川村","大字勝常字堂後８３０番地",,07,422,9693556,,,,,,,2016-10-06,1,,,,,"ユガワムラチイキシンコウ",0
837,3430001003641,12,0,2026-07-08,2026-07-01,"株式会社環境緑地研究所",,301,"北海道","札幌市中央区","北五条西６丁目１番地２３",,01,101,0600005,,,,,,,2015-10-05,1,,,,,"カンキョウリョクチケンキュウショ",0
838,3430001090853,12,0,2026-07-08,2026-07-03,"株式会社オフィス・ユニオン",,301,"北海道","旭川市","忠和五条４丁目１１番１８号",,01,204,0708045,,,,,,,2024-01-18,1,,,,,"オフィスユニオン",0
839,3430001097262,01,0,2026-07-08,2026-07-08,"株式会社三上商事",,301,"北海道","苫小牧市","旭町４丁目７番２０号",,01,213,0530018,,,,,,,2026-07-08,1,,,,,"ミカミショウジ",0
840,3430001097279,01,0,2026-07-08,2026-07-08,"Ｂａｓｉｌｉｓｋ‐Ｊａｐａｎ株式会社",,301,"北海道","札幌市東区","苗穂町１２丁目１番１号",,01,103,0650043,,,,,,,2026-07-08,1,,,,,"バジリスクジャパン",0
841,3430002013540,01,1,2026-07-08,2015-10-05,"有限会社桐光商会",,302,"北海道","札幌市豊平区","平岸三条６丁目１番７号",,01,105,0620933,,,,,,,2015-10-05,1,,,,,"トウコウショウカイ",0
842,3430002028885,21,0,2026-07-08,2026-07-01,"有限会社パーソナル・システム・サポート",,302,"北海道","札幌市豊平区","月寒東五条１２丁目２番１－２１５号",,01,105,0620055,,,2026-07-01,01,,,2015-10-05,1,,,,,"パーソナルシステムサポート",0
843,3440001007170,21,0,2026-07-08,2026-07-06,"株式会社夕凪",,301,"北海道","檜山郡江差町","字愛宕町１９４番地",,01,361,0430031,,,2026-07-06,01,,,2015-10-05,1,,,,,"ユウナギ",0
844,3450001009521,21,0,2026-07-08,2026-07-02,"株式会社丸ヨ吉田商店",00090651,301,"北海道","紋別市","落石町１丁目１０番２０号",,01,219,0940007,,,2026-07-02,01,,,2015-10-05,1,,,,,"マルヨヨシダショウテン",0
845,3450003002532,11,0,2026-07-08,2026-07-03,"粋カンパニー合同会社",,305,"北海道","旭川市","東七条３丁目２番１１号",,01,204,0700027,,,,,,,2024-08-20,1,,,,,"スイカンパニー",0
846,3460001006113,01,0,2026-07-08,2026-07-08,"株式会社大幸",,301,"北海道","釧路市","星が浦大通１丁目２番３４号",,01,206,0840912,,,,,,,2026-07-08,1,,,,,"ダイコウ",0
847,3460305001999,01,1,2026-07-08,2023-09-12,"医療法人社団桂友会",,399,"北海道","網走市","駒場北５丁目８４番地７",,01,211,0930033,,,,,,,2023-09-12,1,,,,,,0
848,3470001021318,01,0,2026-07-08,2026-07-08,"株式会社讃岐設備工業",,301,"香川県","観音寺市","八幡町３丁目３番１８－１－２０２号",,37,205,7680061,,,,,,,2026-07-08,1,,,,,"サヌキセツビコウギョウ",0
849,3470001021326,01,0,2026-07-08,2026-07-08,"株式会社ＧＯＯＤ　ＷＩＬＬ",,301,"香川県","高松市","香川町浅野１８１９番地２",,37,201,7611703,,,,,,,2026-07-08,1,,,,,"グッドウィル",0
850,3470003003157,01,0,2026-07-08,2026-07-08,"ウェイドット合同会社",,305,"香川県","観音寺市","中田井町５２９番地１３",,37,205,7680024,,,,,,,2026-07-08,1,,,,,"ウェイドット",0
851,3480001007241,01,1,2026-07-08,2015-10-05,"株式会社バンブーケミカル研究所",,301,"徳島県","阿南市","見能林町青木２６５番地１高専内阿南市インキュベーションセンター",,36,204,7740017,,,,,,,2015-10-05,1,,,,,"バンブーケミカルケンキュウショ",0
852,3500002010282,01,1,2026-07-08,2015-10-05,"有限会社ＴＯＭハーモニー",,302,"愛媛県","松山市","白水台２丁目６番地１５",,38,201,7910113,,,,,,,2015-10-05,1,,,,,"ティーオーエムハーモニー",0
853,3700150136561,01,0,2026-07-08,2026-07-08,"ＮＢＡ　Ｄｉｇｉｔａｌ　Ｓｅｒｖｉｃｅｓ　Ｉｎｔｅｒｎａｔｉｏｎａｌ，Ｉｎｃ．",,401,,,,,,,,"１００　Ｐｌａｚａ　Ｄｒｉｖｅ，Ｓｅｃａｕｃｕｓ，ＮＪ　０７０９４，Ｕｎｉｔｅｄ　Ｓｔａｔｅｓ　ｏｆ　Ａｍｅｒｉｃａ",,,,,,2026-07-08,1,,,,,"エヌビーエーデジタルサービシーズインターナシヨナルインク",0
854,4010001016412,01,1,2026-07-08,2015-10-05,"株式会社語学春秋社",,301,"東京都","新宿区","新宿１丁目１０番３号",,13,104,1600022,,,,,,,2015-10-05,1,,,,,"ゴガクシュンジュウシャ",0
855,4010001129445,12,0,2026-07-08,2026-07-06,"株式会社シー・エフ・アーキテクト",,301,"神奈川県","横浜市西区","みなとみらい４丁目４番２号",,14,103,2200012,,,,,,,2015-10-05,1,,,,,"シーエフアーキテクト",0
856,4010001162917,01,1,2026-07-08,2015-10-05,"キューテック株式会社",,301,"東京都","中央区","日本橋茅場町２丁目５番６号日本橋大江戸ビル５階５０２号室",,13,102,1030025,,,,,,,2015-10-05,0,,,,,"キューテック",0
857,4010001162917,12,1,2026-07-08,2016-03-15,"キューテック株式会社",,301,"東京都","中央区","日本橋茅場町３丁目１３番１号高森建物１階",,13,102,1030025,,,,,,,2015-10-05,1,,,,,"キューテック",0
858,4010001200049,12,0,2026-07-08,2026-07-03,"株式会社イノカ",,301,"東京都","港区","高輪２丁目２１番１号ＬＩＮＫＰＩＬＬＡＲ１北６階ＬｉＳＨ",,13,103,1080074,,,,,,,2019-04-16,1,,,,,"イノカ",0
859,4010002004597,01,1,2026-07-08,2015-10-05,"有限会社日文堂",,302,"東京都","文京区","小石川１丁目１７番１－Ｂ１０１号",,13,105,1120002,,,,,,,2015-10-05,1,,,,,"ニチブンドウ",0
860,4010002042358,12,0,2026-07-08,2026-06-12,"有限会社ビッグ・ワン",,302,"東京都","文京区","本郷５丁目２１番１３号",,13,105,1130033,,,,,,,2015-10-05,1,,,,,"ビッグワン",0
861,4010003024677,12,0,2026-07-08,2026-07-02,"合同会社シエル",,305,"東京都","世田谷区","奥沢３丁目２５番６号",,13,112,1580083,,,,,,,2017-01-20,1,,,,,"シエル",0
862,4010005019122,01,1,2026-07-08,2015-10-05,"一般社団法人料理ボランティアの会",,399,"東京都","文京区","千石３丁目２９番２４号",,13,105,1120011,,,,,,,2015-10-05,0,,,,,"リョウリボランティアノカイ",0
863,4010005019122,12,1,2026-07-08,2019-05-07,"一般社団法人料理ボランティアの会",,399,"東京都","文京区","千石３丁目２８番９号",,13,105,1120011,,,,,,,2015-10-05,0,,,,,"リョウリボランティアノカイ",0
864,4010005019122,12,1,2026-07-08,2024-01-26,"一般社団法人料理ボランティアの会",,399,"東京都","文京区","千石３丁目２８番１５－５０１号",,13,105,1120011,,,,,,,2015-10-05,0,,,,,"リョウリボランティアノカイ",0
865,4010005019122,12,1,2026-07-08,2026-06-12,"一般社団法人料理ボランティアの会",,399,"東京都","千代田区","内神田３丁目８番７号２Ｆ",,13,101,1010047,,,,,,,2015-10-05,1,,,,,"リョウリボランティアノカイ",0
866,4010101017319,01,0,2026-07-08,2026-07-08,"株式会社Ｌｉｌｌｅ　Ａｘｉｓ",,301,"東京都","八王子市","子安町４丁目７番１－３４０６号",,13,201,1920904,,,,,,,2026-07-08,1,,,,,"リレアクシス",0
867,4010102007863,21,0,2026-07-08,2026-07-06,"有限会社日新ホーム",,302,"東京都","八王子市","横川町９８５番地の５",,13,201,1930823,,,2026-07-06,01,,,2015-10-05,1,,,,,"ニッシンホーム",0
868,4010401098455,01,1,2026-07-08,2015-10-05,"Ｉｎｃｒｅｍｅｎｔｓ株式会社",,301,"東京都","港区","南青山２丁目２番１５号",,13,103,1070062,,,,,,,2015-10-05,0,,,,,"インクリメンツ",0
869,4010401098455,12,1,2026-07-08,2016-10-07,"Ｉｎｃｒｅｍｅｎｔｓ株式会社",,301,"東京都","渋谷区","道玄坂１丁目１９番９号",,13,113,1500043,,,,,,,2015-10-05,0,,,,,"インクリメンツ",0
870,4010401098455,12,1,2026-07-08,2018-12-18,"Ｉｎｃｒｅｍｅｎｔｓ株式会社",,301,"東京都","港区","港南２丁目１６番１号",,13,103,1080075,,,,,,,2015-10-05,0,,,,,"インクリメンツ",0
871,4010401098455,11,1,2026-07-08,2021-12-13,"Ｑｉｉｔａ株式会社",,301,"東京都","港区","港南２丁目１６番１号",,13,103,1080075,,,,,,,2015-10-05,0,,,,,,0
872,4010401098455,12,1,2026-07-08,2021-12-22,"Ｑｉｉｔａ株式会社",,301,"愛知県","名古屋市中村区","名駅３丁目２８番１２号",,23,105,4500002,,,,,,,2015-10-05,1,,,,,,0
873,4010401144597,12,0,2026-07-08,2026-07-03,"ＢＯＳ株式会社",,301,"東京都","港区","三田１丁目４番１号住友不動産麻布十番ビル４階",,13,103,1080073,,,,,,,2019-03-26,1,,,,,"ビーオーエス",0
874,4010401172193,01,1,2026-07-08,2023-02-02,"コロムビア・クリエイティブ株式会社",,301,"東京都","港区","南青山６丁目１０番１２号",,13,103,1070062,,,,,,,2023-02-02,0,"Columbia Creative Co., Ltd.",,,,"コロムビアクリエイティブ",0
875,4010401172193,12,1,2026-07-08,2026-05-19,"コロムビア・クリエイティブ株式会社",,301,"東京都","渋谷区","神宮前１丁目４番１６号",,13,113,1500001,,,,,,,2023-02-02,1,"Columbia Creative Co., Ltd.","Tokyo","1-4-16 Jingumae, Shibuya-ku",,"コロムビアクリエイティブ",0
876,4010401184214,12,0,2026-07-08,2026-07-03,"株式会社ＭＯＢ",,301,"東京都","港区","東麻布１丁目２８番１２号ＶＯＲＴ麻布ｍａｘｉｍ６Ｂ",,13,103,1060044,,,,,,,2024-08-02,1,,,,,"モブ",0
877,4010401200210,01,0,2026-07-08,2026-07-08,"株式会社Ｍｏｓｙｎ",,301,"東京都","港区","六本木２丁目１番１９号Ｓ－Ｂｕｉｌｄｉｎｇ３階",,13,103,1060032,,,,,,,2026-07-08,1,,,,,"モーシン",0
878,4010403029516,21,0,2026-07-08,2026-06-15,"ＦＬＹＩＮＧ　ＰＥＡＣＥ合同会社",,305,"東京都","港区","浜松町２丁目２番１５号浜松町ダイヤビル２Ｆ",,13,103,1050013,,,2026-06-15,01,,,2023-02-10,1,,,,,"フライングピース",0
879,4010405025892,01,0,2026-07-08,2026-07-08,"一般社団法人ＡＥＪ野津蓄電所",,399,"東京都","港区","虎ノ門４丁目１番２８号虎ノ門タワーズオフィス８階",,13,103,1050001,,,,,,,2026-07-08,1,,,,,"エーイージェーノツチクデンショ",0
880,4010501017463,01,1,2026-07-08,2015-10-05,"株式会社木村屋貿易",,301,"東京都","台東区","東上野１丁目１３番４号",,13,106,1100015,,,,,,,2015-10-05,0,,,,,"キムラヤボウエキ",0
881,4010501017463,12,1,2026-07-08,2026-07-02,"株式会社木村屋貿易",,301,"東京都","台東区","東上野１丁目１３番５号",,13,106,1100015,,,,,,,2015-10-05,1,,,,,"キムラヤボウエキ",0
882,4010501056107,01,0,2026-07-08,2026-07-08,"株式会社ＫＵＲＯＳＡＫＩ",,301,"東京都","台東区","根岸３丁目１４番１３号",,13,106,1100003,,,,,,,2026-07-08,1,,,,,"クロサキ",0
883,4010503007990,12,0,2026-07-08,2026-07-06,"合同会社西村アセットマネジメント",,305,"長野県","安曇野市","豊科南穂高３０５２番地２",,20,220,3998201,,,,,,,2025-09-11,1,,,,,"ニシムラアセットマネジメント",0
884,4010601037535,12,0,2026-07-08,2026-07-06,"ＩＢＩモビリティ株式会社",,301,"東京都","中央区","東日本橋３丁目４番１３号",,13,102,1030004,,,,,,,2015-10-05,1,,,,,"アイビーアイモビリティ",0
885,4010601059315,12,0,2026-07-08,2026-07-03,"森野株式会社",,301,"東京都","墨田区","江東橋４丁目８番１１－１２０４",,13,107,1300022,,,,,,,2021-05-19,1,,,,,"モリノ",0
886,4010802009829,12,0,2026-07-08,2026-07-06,"有限会社寺田電機製作所",,302,"神奈川県","横浜市港南区","港南中央通１番２４号",,14,111,2330004,,,,,,,2015-10-05,1,,,,,"テラダデンキセイサクショ",0
887,4011001071967,12,0,2026-07-08,2026-06-30,"アンタレス株式会社",,301,"兵庫県","神戸市中央区","中山手通２丁目４番１５号ローレル・トアスクエア５０６号",,28,110,6500004,,,,,,,2015-10-05,1,,,,,"アンタレス",0
888,4011001123818,12,0,2026-07-08,2026-07-03,"ＤＡＹＬＩＬＹ　ＪＡＰＡＮ株式会社",,301,"東京都","港区","高輪２丁目２１番１号",,13,103,1080074,,,,,,,2018-08-22,1,,,,,"デイリリージャパン",0
889,4011001178845,01,0,2026-07-08,2026-07-08,"株式会社Ｆｒｅｅｌｙｓ",,301,"東京都","渋谷区","上原３丁目２２番１号ＣＡＬＭＵＥＨＡＲＡ１０５",,13,113,1510064,,,,,,,2026-07-08,1,,,,,"フリーリーズ",0
890,4011003024799,01,0,2026-07-08,2026-07-08,"合同会社ＭＭｓ　ｐｅａｃｈ",,305,"東京都","渋谷区","道玄坂２丁目１５－１ノア道玄坂６１７",,13,113,1500043,,,,,,,2026-07-08,1,,,,,"マッシュピーチ",0
891,4011101013811,12,0,2026-07-08,2026-07-02,"東永産業株式会社",,301,"埼玉県","深谷市","西島町３丁目１３番地３（３階）",,11,218,3660824,,,,,,,2015-10-05,1,,,,,"トウエイサンギョウ",0
892,4011101017390,01,1,2026-07-08,2015-10-05,"株式会社パッケージハセガワ",,301,"東京都","新宿区","下落合３丁目１２番１８号",,13,104,1610033,,,,,,,2015-10-05,1,,,,,"パッケージハセガワ",0
893,4011101018075,01,1,2026-07-08,2015-10-05,"株式会社稲毛屋",,301,"東京都","新宿区","早稲田鶴巻町５５０番地",,13,104,1620041,,,,,,,2015-10-05,0,,,,,"イナゲヤ",0
894,4011101018075,12,1,2026-07-08,2026-06-08,"株式会社稲毛屋",,301,"東京都","新宿区","早稲田南町３４",,13,104,1620043,,,,,,,2015-10-05,1,,,,,"イナゲヤ",0
895,4011101053626,12,0,2026-07-08,2026-07-06,"株式会社ＪＳＫ　ＣＡＰＩＴＡＬ",,301,"東京都","墨田区","太平２丁目４番８号",,13,107,1300012,,,,,,,2015-10-05,1,,,,,"ジェイエスケイキャピタル",0
896,4011101068608,12,0,2026-07-08,2026-07-06,"株式会社ａｏｚｏｒａ",,301,"東京都","千代田区","二番町１１－９花ビル２階１５号室",,13,101,1020084,,,,,,,2015-10-05,1,,,,,"アオゾラ",0
897,4011101090735,12,0,2026-07-08,2026-07-03,"株式会社Ｗｉｎｓｒｉｒｅ",,301,"香川県","丸亀市","新田町１００番地６",,37,202,7630055,,,,,,,2020-03-26,1,,,,,"ウィンズリール",0
898,4011101103892,12,0,2026-07-08,2026-07-03,"株式会社ロイディア",,301,"東京都","中央区","日本橋小舟町８番６号Ｈ１Ｏ日本橋小舟町３０２",,13,102,1030024,,,,,,,2023-08-07,1,,,,,"ロイディア",0
899,4011102024691,01,1,2026-07-08,2015-10-05,"有限会社風帰来",,302,"東京都","新宿区","早稲田鶴巻町５４４番地６",,13,104,1620041,,,,,,,2015-10-05,0,,,,,,0
900,4011102024691,12,1,2026-07-08,2015-12-21,"有限会社風帰来",,302,"東京都","新宿区","矢来町１１２番地",,13,104,1620805,,,,,,,2015-10-05,0,,,,,,0
901,4011102024691,11,1,2026-07-08,2022-06-01,"有限会社バーン",,302,"東京都","新宿区","矢来町１１２番地",,13,104,1620805,,,,,,,2015-10-05,1,,,,,"バーン",0
902,4011201022118,12,0,2026-07-08,2026-07-03,"株式会社ＰＦＩ",,301,"東京都","杉並区","久我山２丁目１０番２８号",,13,115,1680082,,,,,,,2020-04-24,1,,,,,"ピーエフアイ",0
903,4011301031654,01,0,2026-07-08,2026-07-08,"ＪＢ　Ｅｎｇｌｉｓｈ　Ｓｃｈｏｏｌ永福町本校株式会社",,301,"東京都","杉並区","和泉３丁目６番地の１彌生堂ビル",,13,115,1680063,,,,,,,2026-07-08,1,,,,,"ジェービーイングリッシュスクールエイフクチョウホンコウ",0
904,4011305003121,01,0,2026-07-08,2026-07-08,"一般社団法人アンナ式舌トレ協会",,399,"東京都","杉並区","永福３丁目５７番１６号創和ビル５Ｆ",,13,115,1680064,,,,,,,2026-07-08,1,,,,,"アンナシキシタトレキョウカイ",0
905,4011401014369,21,0,2026-07-08,2026-07-02,"株式会社おもてなし",,301,"東京都","板橋区","成増３丁目１２番１号",,13,119,1750094,,,2026-07-02,11,1011401004884,"令和８年７月１日東京都板橋区成増三丁目１２番１号株式会社ナミキ（1011401004884）に合併し解散",2015-10-05,1,,,,,"オモテナシ",0
906,4011401018873,21,0,2026-07-08,2026-07-02,"ちゃおちゃおコールサービス株式会社",,301,"東京都","板橋区","成増３丁目１１番１４号",,13,119,1750094,,,2026-07-02,11,1011401004884,"令和８年７月１日東京都板橋区成増三丁目１２番１号株式会社ナミキ（1011401004884）に合併し解散",2015-10-05,1,,,,,"チャオチャオコールサービス",0
907,4011503004846,12,0,2026-07-08,2026-07-06,"合同会社方圓国際",,305,"埼玉県","蕨市","塚越５丁目２９－１",,11,223,3350002,,,,,,,2021-08-04,1,,,,,"ホウエンコクサイ",0
908,4011601027922,12,0,2026-07-08,2026-07-06,"藤遠商事株式会社",,301,"東京都","荒川区","町屋２丁目１６－８イイダマンション３０１号室",,13,118,1160001,,,,,,,2024-08-02,1,,,,,"トウエンショウジ",0
909,4011602021692,01,1,2026-07-08,2015-10-05,"有限会社ＴＭＪ　ＪＡＰＡＮ",,302,"東京都","練馬区","春日町６丁目５番２２号",,13,120,1790074,,,,,,,2015-10-05,0,,,,,"ティーエムジェイジャパン",0
910,4011602021692,12,1,2026-07-08,2019-09-27,"有限会社ＴＭＪ　ＪＡＰＡＮ",,302,"東京都","渋谷区","東３丁目１９番１０号恵比寿ＭＪビル４Ｆ",,13,113,1500011,,,,,,,2015-10-05,0,,,,,"ティーエムジェイジャパン",0
911,4011602021692,12,1,2026-07-08,2021-05-10,"有限会社ＴＭＪ　ＪＡＰＡＮ",,302,"東京都","品川区","大崎１丁目１１番２号",,13,109,1410032,,,,,,,2015-10-05,0,,,,,"ティーエムジェイジャパン",0
912,4011602021692,12,0,2026-07-08,2026-07-03,"有限会社ＴＭＪ　ＪＡＰＡＮ",,302,"東京都","千代田区","飯田橋３丁目１１番６号",,13,101,1020072,,,,,,,2015-10-05,1,,,,,"ティーエムジェイジャパン",0
913,4011603002064,21,0,2026-07-08,2026-07-01,"合同会社櫻井工業",,305,"東京都","練馬区","旭町１丁目３３番１０－１０１号",,13,120,1790071,,,2026-07-01,01,,,2017-04-07,1,,,,,"サクライコウギョウ",0
914,4011603002428,12,0,2026-07-08,2026-07-06,"ｍ‐ｓｔｏｒｙ合同会社",,305,"東京都","練馬区","練馬１丁目２０番８号日建練馬ビル２Ｆ",,13,120,1760001,,,,,,,2018-09-03,1,,,,,"エムストーリー",0
915,4011603005182,01,0,2026-07-08,2026-07-08,"ライト合同会社",,305,"東京都","練馬区","春日町６丁目１９－２",,13,120,1790074,,,,,,,2026-07-08,1,,,,,"ライト",0
916,4011701019407,12,0,2026-07-08,2026-07-06,"株式会社ｋａｋａ国際貿易",,301,"東京都","北区","浮間１丁目１番１４号リムジンビル２０２",,13,117,1150051,,,,,,,2015-11-17,1,,,,,"カカコクサイボウエキ",0
917,4011801000340,01,1,2026-07-08,2015-10-05,"礎電線株式会社",,301,"東京都","葛飾区","四つ木３丁目６番５号",,13,122,1240011,,,,,,,2015-10-05,0,,,,,"イシヅエデンセン",0
918,4011801000340,12,0,2026-07-08,2026-07-03,"礎電線株式会社",,301,"埼玉県","吉川市","大字吉屋７２１番地",,11,243,3420013,,,,,,,2015-10-05,1,,,,,"イシヅエデンセン",0
919,4012401044637,01,0,2026-07-08,2026-07-08,"ＫＨ　Ｍｏｌｄｉｎｇ株式会社",,301,"東京都","狛江市","東和泉４丁目９番３号",,13,219,2010014,,,,,,,2026-07-08,1,,,,,"ケーエイチモールディング",0
920,4012703003563,01,0,2026-07-08,2026-07-08,"合同会社サミー",,305,"東京都","小平市","小川町１丁目７７０番地の１７",,13,211,1870032,,,,,,,2026-07-08,1,,,,,"サミー",0
921,4012801022977,12,0,2026-07-08,2026-07-03,"株式会社Ｄｏｂｌｅ‐Ｔ＆ｃｏ．",,301,"東京都","日野市","豊田３丁目２８番地の３",,13,212,1910053,,,,,,,2024-02-22,1,,,,,"ドブレーテアンドコー",0
922,4012802000387,01,1,2026-07-08,2015-10-05,"有限会社榎本精機",,302,"東京都","立川市","西砂町６丁目２０番地の３",,13,202,1900034,,,,,,,2015-10-05,1,,,,,"エノモトセイキ",0
923,4013102003675,12,0,2026-07-08,2026-07-02,"有限会社ムク",,302,"埼玉県","行田市","城西３丁目１３番２０号ＪＯＹハウス城西２－Ｉ",00144229,11,206,3610057,,,,,,,2015-10-05,1,,,,,"ムク",0
924,4013301006248,71,0,2026-07-08,2026-07-01,"ＳＫマテリアル株式会社",,301,"埼玉県","さいたま市大宮区","桜木町４丁目３８４番地",,11,103,3300854,,,,,,"令和８年７月１日埼玉県児玉郡神川町大字元阿保４７番地２報徳石産株式会社（1030001130635）を合併",2015-10-05,1,,,,,"エスケーマテリアル",0
925,4013301008095,12,0,2026-07-08,2026-07-06,"株式会社東京テックス",,301,"埼玉県","上尾市","大字上尾下７８５番地１８",,11,219,3620025,,,,,,,2015-10-05,1,,,,,"トウキョウテックス",0
926,4013301056458,01,0,2026-07-08,2026-07-08,"株式会社Ｒｅ‐ｒａｉｓｅ",,301,"東京都","豊島区","東池袋２丁目６２番８号ＢＩＧオフィスプラザ池袋１２０６",,13,116,1700013,,,,,,,2026-07-08,1,,,,,"リレイズ",0
927,4013303008317,01,0,2026-07-08,2026-07-08,"合同会社ＴＲＡＤＩＮＧ　ＣＡＲＤ　ＪＡＰＡＮ",,305,"東京都","豊島区","要町１丁目１番５－Ｂ１０３号",,13,116,1710043,,,,,,,2026-07-08,1,,,,,"トレーディングカードジャパン",0
928,4020001001339,12,0,2026-07-08,2026-06-29,"五光発條株式会社",,301,"神奈川県","横浜市瀬谷区","五貫目町２５番１９号",,14,114,2460008,,,,,,,2015-10-05,1,,,,,"ゴコウハツジョウ",0
929,4020001036558,12,0,2026-07-08,2026-07-06,"株式会社シー・エフ・ネッツ",,301,"神奈川県","横浜市西区","みなとみらい４丁目４番２号",,14,103,2200012,,,,,,,2015-10-05,1,,,,,"シーエフネッツ",0
930,4020001105602,12,0,2026-07-08,2026-07-06,"株式会社ゼロワン",,301,"東京都","港区","麻布永坂町１－３",,13,103,1060043,,,,,,,2015-10-05,1,,,,,"ゼロワン",0
931,4020001157494,12,0,2026-07-08,2026-07-02,"ＭＭ国際貿易株式会社",,301,"千葉県","長生郡長柄町","味庄字中ノ谷４３４番地２",,12,426,2970202,,,,,,,2024-05-31,1,,,,,"エムエムコクサイボウエキ",0
932,4020001159615,11,0,2026-07-08,2026-07-02,"株式会社メディココア",,301,"神奈川県","横浜市中区","長者町４丁目１１番７号",,14,104,2310033,,,,,,,2024-10-17,1,,,,,,0
933,4020001169374,01,0,2026-07-08,2026-07-08,"株式会社松佑",,301,"神奈川県","横浜市南区","六ツ川２丁目９番地の４",,14,105,2320066,,,,,,,2026-07-08,1,,,,,"マツユウ",0
934,4020001169390,01,0,2026-07-08,2026-07-08,"ＳＨｉｎ株式会社",,301,"神奈川県","横浜市港北区","新横浜２丁目５番１３号加瀬２２６ビル７０１",,14,109,2220033,,,,,,,2026-07-08,1,,,,,"シン",0
935,4020001169399,01,0,2026-07-08,2026-07-08,"ラシュル株式会社",,301,"神奈川県","横浜市西区","浅間町１丁目４番３号ウィザードビル４０２",,14,103,2200072,,,,,,,2026-07-08,1,,,,,"ラシュル",0
936,4020002065829,12,0,2026-07-08,2026-07-06,"有限会社大盛",,302,"神奈川県","大和市","中央林間４丁目２１番１０号",,14,213,2420007,,,,,,,2015-10-05,1,,,,,"タイセイ",0
937,4020003030088,12,0,2026-07-08,2026-07-06,"合同会社ＮＥＸＩＳ",,305,"千葉県","千葉市中央区","村田町４８９番地１エルメゾン・エイザＡ棟１０１号",,12,101,2600825,,,,,,,2026-01-13,1,,,,,"ネクシス",0
938,4020003031359,01,0,2026-07-08,2026-07-08,"合同会社Ａｎｃｒａｇｅ",,305,"神奈川県","川崎市高津区","二子５丁目１０番３号",,14,134,2130002,,,,,,,2026-07-08,1,,,,,"アンクラージュ",0
939,4020003031375,01,0,2026-07-08,2026-07-08,"栗山商事合同会社",,305,"神奈川県","川崎市幸区","南加瀬３丁目２０番１９－２号",,14,132,2120055,,,,,,,2026-07-08,1,,,,,"クリヤマショウジ",0
940,4021001077162,12,0,2026-07-08,2026-07-03,"株式会社ショウタイム",,301,"東京都","港区","南青山３丁目１番３６号青山丸竹ビル６Ｆ",,13,103,1070062,,,,,,,2022-10-12,1,,,,,"ショウタイム",0
941,4021005002240,01,1,2026-07-08,2015-10-05,"ＮＰＯ法人スローライフ障害者地域活動支援センター",,399,"神奈川県","鎌倉市","腰越４丁目９番８号",,14,204,2480033,,,,,,,2015-10-05,1,,,,,"スローライフショウガイシャチイキカツドウシエンセンター",0
942,4030001113661,01,1,2026-07-08,2016-04-12,"リレプロモーションズ株式会社",,301,"埼玉県","草加市","松原４丁目１番６号",,11,221,3400041,,,,,,,2016-04-12,1,,,,,"リレプロモーションズ",0
943,4030001164713,12,0,2026-07-08,2026-07-01,"株式会社ＹＨＣＢ",,301,"千葉県","柏市","東柏２丁目１番１０号",,12,217,2770017,,,,,,,2025-02-05,1,,,,,"ワイエイチシービー",0
944,4030001173185,01,0,2026-07-08,2026-07-08,"株式会社綟",,301,"埼玉県","坂戸市","日の出町２－１８－４０１",,11,239,3500225,,,,,,,2026-07-08,1,,,,,"レイ",0
945,4030001173210,01,0,2026-07-08,2026-07-08,"株式会社アクシアバリュー",,301,"埼玉県","加須市","北下新井１８３６番地１",,11,210,3491134,,,,,,,2026-07-08,1,,,,,"アクシアバリュー",0
946,4030001173243,01,0,2026-07-08,2026-07-08,"株式会社アイル",,301,"埼玉県","草加市","瀬崎６丁目１８番１８号",,11,221,3400022,,,,,,,2026-07-08,1,,,,,"アイル",0
947,4030002036614,01,1,2026-07-08,2015-10-05,"有限会社峰有",,302,"埼玉県","入間市","宮寺３００８番１",,11,225,3580014,,,,,,,2015-10-05,1,,,,,"ホウユウ",0
948,4030003012721,12,0,2026-07-08,2026-07-06,"ＬＫ合同会社",,305,"東京都","中央区","晴海３丁目１３番２－３２０９号",,13,102,1040053,,,,,,,2018-11-26,1,,,,,"エルケー",0
949,4030005003834,21,0,2026-07-08,2026-06-08,"天理教新久分教会",,399,"埼玉県","入間市","大字新久５９５番地の４",,11,225,3580031,,,2026-06-08,11,9030005003838,"令和８年６月８日埼玉県入間市大字小谷田１０９番地１天理教金子分教会（9030005003838）に合併し解散",2015-10-05,1,,,,,"テンリキョウアラクブンキョウカイ",0
950,4040001044716,12,0,2026-07-08,2026-07-06,"株式会社ライフ企画",,301,"東京都","足立区","東伊興１丁目１２－２１レオパレスセードルＩＩ２０６号室",00144223,13,121,1210801,,,,,,,2015-10-05,1,,,,,"ライフキカク",0
951,4040001070803,01,1,2026-07-08,2015-10-05,"株式会社イービズ・プランニング",,301,"千葉県","柏市","篠籠田１３８５番地２３",,12,217,2770862,,,,,,,2015-10-05,0,,,,,"イービズプランニング",0
952,4040001070803,12,1,2026-07-08,2016-04-05,"株式会社イービズ・プランニング",,301,"神奈川県","横浜市神奈川区","三枚町５３８番３３",,14,102,2210862,,,,,,,2015-10-05,0,,,,,"イービズプランニング",0
953,4040001070803,12,0,2026-07-08,2026-07-01,"株式会社イービズ・プランニング",,301,"千葉県","柏市","篠籠田１３８５番地２３",,12,217,2770862,,,,,,,2015-10-05,1,,,,,"イービズプランニング",0
954,4040001140894,01,1,2026-07-08,2025-10-09,"株式会社ｃｌｅａｎｉｎｇ　ｃｈｅｆ",,301,"千葉県","鎌ケ谷市","粟野７３６番地１１５",,12,224,2730132,,,,,,,2025-10-09,0,,,,,"クリーニングシェフ",0
955,4040001140894,12,1,2026-07-08,2026-06-22,"株式会社ｃｌｅａｎｉｎｇ　ｃｈｅｆ",,301,"千葉県","柏市","藤ケ谷１７８９番地８",,12,217,2770931,,,,,,,2025-10-09,1,,,,,"クリーニングシェフ",0
956,4040001144400,01,0,2026-07-08,2026-07-08,"株式会社ＳＯＷ",,301,"千葉県","柏市","あけぼの２丁目２番２９号",,12,217,2770841,,,,,,,2026-07-08,1,,,,,"ソウ",0
957,4040002004289,21,0,2026-07-08,2026-06-23,"有限会社小島管財",,302,"千葉県","千葉市稲毛区","小深町６６番地",,12,103,2630003,,,2026-06-23,01,,,2015-10-05,1,,,,,"コジマカンザイ",0
958,4040002027892,12,0,2026-07-08,2026-07-02,"有限会社シンヨン",,302,"東京都","江戸川区","江戸川６丁目１３番２号",,13,123,1340013,,,,,,,2015-10-05,1,,,,,"シンヨン",0
959,4040002034121,12,0,2026-07-08,2026-06-23,"有限会社サンゴー",,302,"千葉県","市川市","新井３丁目１２番１８号シティハイム市川１０１",,12,203,2720144,,,,,,,2015-10-05,1,,,,,"サンゴー",0
960,4040002043527,01,1,2026-07-08,2015-10-05,"有限会社渡辺建設",,302,"千葉県","鎌ケ谷市","道野辺本町１丁目１６番４４－１４０５号",,12,224,2730137,,,,,,,2015-10-05,0,,,,,"ワタナベケンセツ",0
961,4040002043527,12,1,2026-07-08,2017-07-07,"有限会社渡辺建設",,302,"東京都","昭島市","松原町３丁目５番１５－５０２号",,13,207,1960003,,,,,,,2015-10-05,1,,,,,"ワタナベケンセツ",0
962,4040002063888,01,1,2026-07-08,2015-10-05,"有限会社吉田設備工業",00020438,302,"千葉県","八街市","吉倉６４１番地４",,12,230,2891133,,,,,,,2015-10-05,1,,,,,"ヨシダセツビコウギョウ",0
963,4040003029467,11,0,2026-07-08,2026-06-29,"合同会社アイ・エヌ・オー",,305,"千葉県","君津市","辻森４２６番地６",,12,225,2921172,,,,,,,2026-02-18,1,,,,,"アイエヌオー",0
964,4040005022585,01,1,2026-07-08,2024-12-18,"一般社団法人和梨枝尊なごみリエゾン",,399,"千葉県","鎌ケ谷市","新鎌ケ谷３丁目１９番６号",,12,224,2730107,,,,,,,2024-12-18,1,,,,,"ナゴミリエゾンナゴミリエゾン",0
965,4050001017737,01,1,2026-07-08,2015-10-05,"株式会社つくば燃料電池研究所",,301,"茨城県","土浦市","下高津２丁目１４番３号",,08,203,3000812,,,,,,,2015-10-05,1,,,,,"ツクバネンリョウデンチケンキュウジョ",0
966,4050001019717,12,0,2026-07-08,2026-06-29,"井澤建設株式会社",,301,"茨城県","古河市","大堤９番地２６",,08,204,3060236,,,,,,,2015-10-05,0,,,,,"イザワケンセツ",0
967,4050001019717,11,0,2026-07-08,2026-06-29,"株式会社マルイペイント",,301,"茨城県","古河市","大堤９番地２６",,08,204,3060236,,,,,,,2015-10-05,1,,,,,"マルイペイント",0
968,4050003010244,01,0,2026-07-08,2026-07-08,"合同会社釣友丸",,305,"茨城県","日立市","滑川町３丁目１０番６号",,08,202,3170053,,,,,,,2026-07-08,1,,,,,"チョウユウマル",0
969,4050005007692,01,1,2026-07-08,2015-10-05,"社会福祉法人慈量福祉会",,399,"茨城県","北相馬郡利根町","大字布川３００３番地２",,08,564,3001622,,,,,,,2015-10-05,1,,,,,"ジリョウフククシカイ",0
970,4050005012957,12,0,2026-07-08,2026-06-29,"一般社団法人優和人材育成協会",,399,"茨城県","土浦市","右籾２４５０番地２２５",,08,203,3000837,,,,,,,2021-10-20,1,,,,,"ユウワジンザイイクセイキョウカイ",0
971,4060001022439,01,1,2026-07-08,2015-10-05,"株式会社スリーナイン",,301,"東京都","千代田区","四番町１１番地３ヴェネオ四番町３階",,13,101,1020081,,,,,,,2015-10-05,0,,,,,"スリーナイン",0
972,4060001022439,12,0,2026-07-08,2026-07-02,"株式会社スリーナイン",,301,"栃木県","宇都宮市","川田町８６８番地１",,09,201,3210111,,,,,,,2015-10-05,1,,,,,"スリーナイン",0
973,4060003006142,01,0,2026-07-08,2026-07-08,"合同会社人の輪",,305,"栃木県","宇都宮市","海道町８１２番地９",,09,201,3210971,,,,,,,2026-07-08,1,,,,,"ヒトノワ",0
974,4070001026686,01,1,2026-07-08,2015-10-05,"株式会社ふくし",,301,"群馬県","前橋市","勝沢町１５４番地",,10,201,3710124,,,,,,,2015-10-05,1,,,,,"フクシ",0
975,4070001044300,01,0,2026-07-08,2026-07-08,"ＫＹＯＫＳＹＯ株式会社",,301,"群馬県","太田市","新野町７７７番地",,10,205,3730032,,,,,,,2026-07-08,1,,,,,"キョクショウ",0
976,4070002029960,21,0,2026-07-08,2026-07-01,"有限会社高橋工業",,302,"群馬県","邑楽郡千代田町","大字福島６１５番地１",,10,523,3700501,,,2026-07-01,01,,,2015-10-05,1,,,,,"タカハシコウギョウ",0
977,4070005008202,12,0,2026-07-08,2026-06-29,"公益財団法人牛久保・天田育英財団",,399,"群馬県","前橋市","西片貝町５丁目１８番地１４",,10,201,3710013,,,,,,,2015-10-05,1,,,,,"ウシクボアマダイクエイザイダン",0
978,4080001027691,01,0,2026-07-08,2026-07-08,"株式会社ＡＤＥＬＳ",,301,"静岡県","静岡市駿河区","丸子新田４０６番地の１ａｒｃｅＣ",,22,102,4210111,,,,,,,2026-07-08,1,,,,,"アデルス",0
979,4080101013963,01,1,2026-07-08,2015-10-05,"株式会社鈴木建築工房",,301,"静岡県","熱海市","上多賀３３９番地",,22,205,4130101,,,,,,,2015-10-05,1,,,,,"スズキケンチクコウボウ",0
980,4080102011586,01,1,2026-07-08,2015-10-05,"有限会社マインド・プロ",,302,"静岡県","田方郡函南町","丹那４番地の２",,22,325,4190105,,,,,,,2015-10-05,1,,,,,"マインドプロ",0
981,4100001014596,21,0,2026-07-08,2026-07-01,"株式会社日本マキシム",,301,"長野県","松本市","大字岡田松岡４２番地の４",,20,202,3900312,,,2026-07-01,01,,,2015-10-05,1,,,,,"ニホンマキシム",0
982,4100001035808,21,0,2026-07-08,2026-07-02,"株式会社ｃａｒｅ　ｆｌａｒｅ",,301,"長野県","長野市","大字東和田８４２番地ＣＯＲＥＯＦＦＩＣＥ３０１号室",,20,201,3810038,,,2026-07-02,01,,,2022-10-25,1,,,,,"ケアフレア",0
983,4100001039817,01,0,2026-07-08,2026-07-08,"福栄エレテック株式会社",,301,"長野県","諏訪市","大字中洲５１１６番地３",,20,206,3920015,,,,,,,2026-07-08,1,,,,,"フクエイエレテック",0
984,4100002005925,01,1,2026-07-08,2015-10-05,"有限会社飯綱信号処理研究所",,302,"長野県","上水内郡飯綱町","大字豊野１５８２番地１",,20,590,3891212,,,,,,,2015-10-05,1,,,,,"イイヅナシンゴウショリケンキュウジョ",0
985,4100002026475,01,1,2026-07-08,2015-10-05,"秀山荘有限会社",,302,"長野県","北安曇郡白馬村","大字北城４３９１番地",,20,485,3999301,,,,,,,2015-10-05,1,,,,,"シュウザンソウ",0
986,4100002028447,01,1,2026-07-08,2015-10-05,"有限会社創建築企画設計室",,302,"長野県","諏訪郡下諏訪町","５００６番地１",,20,361,3930000,,,,,,,2015-10-05,1,,,,,"ソウケンチクキカクセッケイシツ",0
987,4110001009182,01,1,2026-07-08,2015-10-05,"株式会社中越クルツール",,301,"新潟県","三条市","荒町２丁目２５番４号",,15,204,9550083,,,,,,,2015-10-05,0,,,,,"チュウエツクルツール",0
988,4110001009182,71,1,2026-07-08,2018-12-03,"株式会社中越クルツール",,301,"新潟県","三条市","荒町２丁目２５番４号",,15,204,9550083,,,,,,"平成３０年１２月１日新潟市中央区天神一丁目１２番地７株式会社アイビーホールディングス（2110001018689）を合併",2015-10-05,0,,,,,"チュウエツクルツール",0
989,4110001009182,12,1,2026-07-08,2021-05-07,"株式会社中越クルツール",,301,"東京都","千代田区","一番町２２番地２",,13,101,1020082,,,,,,,2015-10-05,0,,,,,"チュウエツクルツール",0
990,4110001009182,11,1,2026-07-08,2022-11-15,"合同会社中越クルツール",,305,"東京都","千代田区","一番町２２番地２",,13,101,1020082,,,,,,,2015-10-05,0,,,,,"チュウエツクルーツ",0
991,4110001009182,12,0,2026-07-08,2026-07-03,"合同会社中越クルツール",,305,"千葉県","富里市","七栄字中木戸５７２番地１",,12,233,2860221,,,,,,,2015-10-05,1,,,,,"チュウエツクルーツ",0
992,4110001040245,01,0,2026-07-08,2026-07-08,"株式会社パワエレベース",,301,"新潟県","長岡市","上富岡町１６０３番地１ＤＸＲものづくりオープンイノベーションセンター２０１",,15,202,9402137,,,,,,,2026-07-08,1,,,,,"パワエレベース",0
993,4110002005973,21,0,2026-07-08,2026-06-29,"有限会社保苅電気商会",,302,"新潟県","新潟市西区","寺尾上２丁目３番６９号",,15,107,9502055,,,2026-06-29,01,,,2015-10-05,1,,,,,"ホカリデンキショウカイ",0
994,4110002019346,01,1,2026-07-08,2015-10-05,"有限会社ながれま",,302,"新潟県","燕市","吉田３７２８番地２８",,15,213,9590264,,,,,,,2015-10-05,1,,,,,"ナガレマ",0
995,4110002025534,21,0,2026-07-08,2026-06-29,"有限会社逆巻温泉川津屋",,302,"新潟県","中魚沼郡津南町","大字結東丑８４番地の１",,15,482,9498127,,,2026-06-29,01,,,2015-10-05,1,,,,,"サカサマキオンセンカワツヤ",0
996,4120001021896,21,0,2026-07-08,2026-06-30,"モリ精工株式会社",,301,"大阪府","堺市堺区","錦綾町３丁５番１７号",,27,141,5900006,,,2026-06-30,01,,,2015-10-05,1,,,,,"モリセイコウ",0
997,4120001032852,21,0,2026-07-08,2026-07-02,"株式会社新栄",,301,"大阪府","大阪市住吉区","大領５丁目４番５号",,27,120,5580001,,,2026-07-02,01,,,2015-10-05,1,,,,,"シンエイ",0
998,4120001075562,12,0,2026-07-08,2026-07-03,"五感のみのり株式会社",,301,"大阪府","大阪市天王寺区","小橋町６番５号",,27,109,5430028,,,,,,,2015-10-05,1,,,,,"ゴカンノミノリ",0
999,4120001222841,21,0,2026-07-08,2026-07-06,"株式会社アイディライン",,301,"大阪府","枚方市","御殿山町４－３菅江ビル３０１号室",,27,210,5731182,,,2026-07-06,11,9130001062373,"令和８年７月１日大阪府吹田市広芝町５番１２号ＭＥＤ　Ｃｏｍｍｕｎｉｃａｔｉｏｎｓ西日本株式会社（9130001062373）に合併し解散",2019-08-07,1,,,,,"アイディライン",0
1000,4120001223096,12,0,2026-07-08,2026-07-03,"株式会社ＯＮＥ　ＳＫＹ",,301,"大阪府","大阪市北区","角田町７番１０号ＨＥＰＮＡＶＩＯ６Ｆ",,27,127,5300017,,,,,,,2019-08-15,1,,,,,"ワンスカイ",0
1001,4120001260156,12,0,2026-07-08,2026-06-30,"朝暉株式会社",,301,"大阪府","大阪市中央区","船場中央３丁目２番８号船場センタービル８号館１３４号室",,27,128,5410055,,,,,,,2023-12-01,1,,,,,"チョウキ",0
1002,4120001287587,01,0,2026-07-08,2026-07-08,"株式会社Ｃｌｉｍａｘｉｓ",,301,"大阪府","大阪市中央区","北浜東４番２４－１８０７号",,27,128,5400031,,,,,,,2026-07-08,1,,,,,"クリマクシス",0
1003,4120001287612,01,0,2026-07-08,2026-07-08,"Ｆｏｏｄ株式会社",,301,"大阪府","大阪市中央区","北浜３丁目１番２２号",,27,128,5410041,,,,,,,2026-07-08,1,,,,,"フード",0
1004,4120001287678,01,0,2026-07-08,2026-07-08,"株式会社デルタ・キャピタル・パートナーズ",,301,"大阪府","大阪市天王寺区","四天王寺１丁目５番７号",,27,109,5430051,,,,,,,2026-07-08,1,,,,,"デルタキャピタルパートナーズ",0
1005,4120001287686,01,0,2026-07-08,2026-07-08,"ＭＩＳＡＫＩ　ＳＴＡＲ株式会社",,301,"大阪府","大阪市北区","梅田１丁目１番３号大阪駅前第３ビル２９階１－１－１号室",,27,127,5300001,,,,,,,2026-07-08,1,,,,,"ミサキスター",0
1006,4120001287694,01,0,2026-07-08,2026-07-08,"新光運輸株式会社",,301,"大阪府","大阪市平野区","加美北３丁目５番３号",,27,126,5470001,,,,,,,2026-07-08,1,,,,,"シンコウウンユ",0
1007,4120001287728,01,0,2026-07-08,2026-07-08,"上株式会社",,301,"大阪府","大阪市北区","大淀南２丁目２番９－１１１９号",,27,127,5310075,,,,,,,2026-07-08,1,,,,,"ウエ",0
1008,4120003032982,01,0,2026-07-08,2026-07-08,"合同会社ＮＥＷＴＯＮＥ",,305,"大阪府","大阪市中央区","西心斎橋１丁目１０番３３号",,27,128,5420086,,,,,,,2026-07-08,1,,,,,"ニュートーン",0
1009,4120003033023,01,0,2026-07-08,2026-07-08,"合同会社Ｌｉｎｘ",,305,"大阪府","大阪市中央区","東心斎橋１丁目９‐１９‐３０７号",,27,128,5420083,,,,,,,2026-07-08,1,,,,,"リンクス",0
1010,4120003033048,01,0,2026-07-08,2026-07-08,"もみじ情報技術合同会社",,305,"大阪府","大阪市北区","梅田１丁目１番３号大阪駅前第３ビル１１階２号室",,27,127,5300001,,,,,,,2026-07-08,1,,,,,"モミジジョウホウギジュツ",0
1011,4120005025638,01,0,2026-07-08,2026-07-08,"ＧＲＯＷ税理士法人",,399,"大阪府","大阪市北区","東天満１丁目１１番１３号ＡＸＩＳ南森町ビル７０３号",,27,127,5300044,,,,,,,2026-07-08,1,,,,,"グロー",0
1012,4120101006698,21,0,2026-07-08,2026-07-06,"株式会社ホリ製作所",,301,"大阪府","堺市西区","菱木４丁１０９５番地の２",,27,144,5938315,,,2026-07-06,11,6120001019971,"令和８年７月１日大阪府柏原市円明町１０００番１１４旭洋金属工業株式会社（6120001019971）に合併し解散",2015-10-05,1,,,,,"ホリセイサクショ",0
1013,4120101074010,01,0,2026-07-08,2026-07-08,"株式会社ＮＥＸＴＬＥＡＰＵ",,301,"大阪府","岸和田市","野田町２丁目４－１５",,27,202,5960076,,,,,,,2026-07-08,1,,,,,"ネクストリープ",0
1014,4120101074019,01,0,2026-07-08,2026-07-08,"八尾プロテック株式会社",,301,"大阪府","堺市中区","大野芝町８６番地１",,27,142,5998233,,,,,,,2026-07-08,1,,,,,"ヤオプロテック",0
1015,4120101074027,01,0,2026-07-08,2026-07-08,"株式会社大翔電設",,301,"大阪府","泉北郡忠岡町","忠岡中２丁目１７番２０号",,27,341,5950812,,,,,,,2026-07-08,1,,,,,"ダイショウデンセツ",0
1016,4120102019071,01,1,2026-07-08,2015-10-05,"有限会社サクセスコーポレーション",,302,"大阪府","羽曳野市","尺度１６５番地",,27,222,5830862,,,,,,,2015-10-05,1,,,,,"サクセスコーポレーション",0
1017,4120901019486,01,1,2026-07-08,2015-10-05,"株式会社金田興業",,301,"大阪府","池田市","豊島南２丁目４番１２号",,27,204,5630035,,,,,,,2015-10-05,1,,,,,"カネダコウギョウ",0
1018,4120901040178,12,0,2026-07-08,2026-07-06,"株式会社Ｔ’ｓマネジメント",,301,"大阪府","大阪市中央区","瓦屋町２丁目６番７号４階",,27,128,5420066,,,,,,,2018-07-24,1,,,,,"ティーズマネジメント",0
1019,4120901052883,01,0,2026-07-08,2026-07-08,"テイラーメッドクーリエジャパン株式会社",,301,"大阪府","吹田市","広芝町１２番２８－１５０３号",,27,205,5640052,,,,,,,2026-07-08,1,,,,,"テイラーメッドクーリエジャパン",0
1020,4120901052925,01,0,2026-07-08,2026-07-08,"株式会社ライブラリーズ",,301,"大阪府","吹田市","原町４丁目２８番５－１０４号",,27,205,5640004,,,,,,,2026-07-08,1,,,,,"ライブラリーズ",0
1021,4120901052933,01,0,2026-07-08,2026-07-08,"株式会社ＲＥＶＯＡ",,301,"大阪府","茨木市","上穂積４丁目３番１９号",,27,211,5670036,,,,,,,2026-07-08,1,,,,,"レヴォア",0
1022,4122001000087,01,1,2026-07-08,2015-10-05,"株式会社赤元商事",,301,"大阪府","東大阪市","岩田町３丁目１２番３４号",,27,227,5780941,,,,,,,2015-10-05,0,,,,,"アカモトショウジ",0
1023,4122001000087,12,1,2026-07-08,2026-07-02,"株式会社赤元商事",,301,"大阪府","東大阪市","岩田町３丁目１２番３５号",,27,227,5780941,,,,,,,2015-10-05,1,,,,,"アカモトショウジ",0
1024,4122003003575,01,0,2026-07-08,2026-07-08,"合同会社灯火",,305,"大阪府","東大阪市","玉串町東３丁目３番３号",,27,227,5780932,,,,,,,2026-07-08,1,,,,,"トウカ",0
1025,4130001021094,01,1,2026-07-08,2015-10-05,"株式会社ＪＥＵＧＩＡ",,301,"京都府","京都市中京区","三条通寺町東入石橋町１１番地",,26,104,6048036,,,,,,,2015-10-05,0,,,,,"ジュージヤ",0
1026,4130001021094,71,1,2026-07-08,2020-07-17,"株式会社ＪＥＵＧＩＡ",,301,"京都府","京都市中京区","三条通寺町東入石橋町１１番地",,26,104,6048036,,,,,,"令和２年７月１７日京都市中京区三条通寺町東入石橋町１１番地ｃｒｏｓｓ　ｒｏａｄ株式会社（8130001065889）を合併",2015-10-05,0,,,,,"ジュージヤ",0
1027,4130001021094,11,1,2026-07-08,2020-10-01,"株式会社十字屋",,301,"京都府","京都市中京区","三条通寺町東入石橋町１１番地",,26,104,6048036,,,,,,,2015-10-05,0,,,,,"ジュージヤ",0
1028,4130001021094,71,1,2026-07-08,2020-10-01,"株式会社十字屋",,301,"京都府","京都市中京区","三条通寺町東入石橋町１１番地",,26,104,6048036,,,,,,"令和２年１０月１日京都市中京区三条通寺町東入石橋町１１番地十字屋Ｃｕｌｔｕｒｅ株式会社（3130001057635）を合併",2015-10-05,1,,,,,"ジュージヤ",0
1029,4130001041852,12,0,2026-07-08,2026-06-10,"エクスレイホンダ販売株式会社",,301,"兵庫県","神戸市北区","星和台１丁目１７番地の１",,28,109,6511121,,,,,,,2015-10-05,1,,,,,"エクスレイホンダハンバイ",0
1030,4130001058599,01,1,2026-07-08,2016-11-08,"ＫＥＩ株式会社",,301,"京都府","京都市伏見区","深草鞍ケ谷２９－１",,26,109,6120822,,,,,,,2016-11-08,1,,,,,"ケイ",0
1031,4130001082624,01,0,2026-07-08,2026-07-08,"株式会社アブニル",,301,"京都府","京都市左京区","岡崎南御所町２番地４",,26,103,6068334,,,,,,,2026-07-08,1,,,,,"アブニル",0
1032,4130002008504,11,0,2026-07-08,2026-06-15,"株式会社ＺｅｒｏＯｎｅＸ",,301,"京都府","京都市西京区","桂南巽町１１５番地の３",00037134,26,111,6158074,,,,,,,2015-10-05,1,,,,,"ゼロワンエックス",0
1033,4130002029905,01,1,2026-07-08,2015-10-05,"有限会社エムアンドティー",,302,"京都府","木津川市","加茂町奥畑新シ山１５番地",,26,214,6191107,,,,,,,2015-10-05,1,,,,,"エムアンドティー",0
1034,4140001031092,01,1,2026-07-08,2015-10-05,"株式会社ビーフリージャパン",,301,"兵庫県","芦屋市","山手町２６番３－１０１号",,28,206,6590096,,,,,,,2015-10-05,1,,,,,"ビーフリージャパン",0
1035,4140001056494,01,1,2026-07-08,2015-10-05,"株式会社ウエスト企画",,301,"兵庫県","豊岡市","日高町水上７４番地",,28,209,6695306,,,,,,,2015-10-05,1,,,,,"ウエストキカク",0
1036,4140001097217,12,0,2026-07-08,2026-07-02,"株式会社ＢＩＯ　Ｃｏｃｏｌｏ",,301,"兵庫県","神戸市中央区","八幡通４丁目１番６号４０３号室",,28,110,6510085,,,,,,,2015-10-05,1,,,,,"ビオココロ",0
1037,4140001130605,12,0,2026-07-08,2026-07-01,"株式会社ＭＩＫＥＲＩＤＥ",,301,"兵庫県","宝塚市","大成町８番９号",,28,214,6650055,,,,,,,2023-06-21,1,"MIKERIDE Co.,Ltd.",,,,"マイクライド",0
1038,4140002041280,01,1,2026-07-08,2015-10-05,"有限会社エスディ・ファクトリー",,302,"兵庫県","尼崎市","武庫之荘５丁目３６番３６号",,28,202,6610035,,,,,,,2015-10-05,1,,,,,"エスディファクトリー",0
1039,4140003023815,01,0,2026-07-08,2026-07-08,"合同会社ｔｏｉｒｏ",,305,"兵庫県","丹波市","柏原町柏原２６８１番地６",,28,223,6693309,,,,,,,2026-07-08,1,,,,,"トイロ",0
1040,4150001004527,71,0,2026-07-08,2026-06-18,"株式会社菱豊フリーズシステムズ",,301,"奈良県","奈良市","大宮町６丁目３番地の１０",,29,201,6308115,,,,,,"令和８年６月９日奈良市大宮町六丁目３番地の１０プロトンダイニング株式会社（3150001016696）を合併令和８年６月９日沖縄県うるま市勝連南風原５１９２番３９プロトン機器製造株式会社（1360001021628）を合併",2015-10-05,1,,,,,"リョウホウフリーズシステムズ",0
1041,4150001029094,01,0,2026-07-08,2026-07-08,"ＹＡＭＡＴＯレッカー株式会社",,301,"奈良県","大和郡山市","高田町１２５番地４０２号",,29,203,6391132,,,,,,,2026-07-08,1,,,,,"ヤマトレッカー",0
1042,4150003003989,01,0,2026-07-08,2026-07-08,"合同会社ＲＥＢＯＲＮ　ＰＥＲＳＯＮＡＬ　ＧＹＭ",,305,"奈良県","天理市","杉本町３８３－７６",,29,204,6320078,,,,,,,2026-07-08,1,,,,,"リボーンパーソナルジム",0
1043,4160005000455,01,1,2026-07-08,2015-10-05,"菱屋町商店街振興組合",,399,"滋賀県","大津市","長等２丁目１０番１３号",,25,201,5200046,,,,,,,2015-10-05,1,,,,,,0
1044,4160005002609,01,1,2026-07-08,2015-10-05,"天理教岩根分教会",,399,"滋賀県","湖南市","岩根１１５５番地",,25,211,5203252,,,,,,,2015-10-05,1,,,,,"テンリキョウイワネブンキョウカイ",0
1045,4160005005867,01,1,2026-07-08,2015-10-05,"白鳥神社",,399,"滋賀県","東近江市","池之脇町４２９番地",,25,213,5270222,,,,,,,2015-10-05,1,,,,,"シラトリジンジャ",0
1046,4160005006519,01,1,2026-07-08,2015-10-05,"白鳥若宮神社",,399,"滋賀県","東近江市","上二俣町１０６０番地の２",,25,213,5270221,,,,,,,2015-10-05,1,,,,,"シラトリワカミヤジンジャ",0
1047,4160005009083,01,1,2026-07-08,2015-10-05,"明泉寺",,399,"滋賀県","守山市","岡町２２０番地",,25,207,5240032,,,,,,,2015-10-05,1,,,,,,0
1048,4160005009562,01,1,2026-07-08,2015-10-05,"若宮八幡神社",,399,"滋賀県","東近江市","一式町３４３番地３",,25,213,5270226,,,,,,,2015-10-05,1,,,,,"ワカミヤハチマンジンジャ",0
1049,4160005011452,12,0,2026-07-08,2026-06-29,"一般財団法人Ａｙａ　Ｄｒｅａｍ",,399,"滋賀県","守山市","古高町字櫻３４１－１富綜Ｂｕｉｌｄｉｎｇ２階２０４号",,25,207,5240044,,,,,,,2025-10-17,1,,,,,"アヤドリーム",0
1050,4170002005638,01,1,2026-07-08,2015-10-05,"有限会社Ｓ・Ｔ",,302,"和歌山県","和歌山市","元寺町５丁目１８番地",,30,201,6408024,,,,,,,2015-10-05,1,,,,,"エスティー",0
1051,4170005006559,12,0,2026-07-08,2026-07-06,"特定非営利活動法人湯浅創生未来塾",,399,"和歌山県","有田郡湯浅町","大字栖原１０９番地２",,30,361,6430005,,,,,,,2017-01-04,1,,,,,"ユアサソウセイミライジュク",0
1052,4180001057448,01,1,2026-07-08,2015-10-05,"株式会社トゥートカンパニー",,301,"愛知県","名古屋市緑区","曽根２丁目１７０番地",,23,114,4580035,,,,,,,2015-10-05,1,,,,,,0
1053,4180001115338,21,0,2026-07-08,2026-07-01,"株式会社クリエイト",,301,"愛知県","名古屋市中区","丸の内２丁目１６番３号丸の内Ａ・Ｔビル４階",,23,106,4600002,,,2026-07-01,11,9180001171905,"令和８年７月１日名古屋市中区錦二丁目２０番１５号広小路クロスタワー７階株式会社ＷｅｅＡｒｅ（9180001171905）に合併し解散",2015-10-05,1,,,,,"クリエイト",0
1054,4180001136937,21,0,2026-07-08,2026-07-01,"株式会社チームライフメディア",,301,"愛知県","名古屋市中区","丸の内２丁目１６－３丸の内Ａ・Ｔビル４階",,23,106,4600002,,,2026-07-01,11,9180001171905,"令和８年７月１日名古屋市中区錦二丁目２０番１５号広小路クロスタワー７階株式会社ＷｅｅＡｒｅ（9180001171905）に合併し解散",2019-06-11,1,,,,,"チームライフメディア",0
1055,4180001172610,01,0,2026-07-08,2026-07-08,"ＮＥＸＣＯ中日本スマートデジタル株式会社",,301,"愛知県","名古屋市中区","錦２丁目１８番１９号",,23,106,4600003,,,,,,,2026-07-08,1,,,,,"ネクスコナカニホンスマートデジタル",0
1056,4180001172635,01,0,2026-07-08,2026-07-08,"地域と人と株式会社",,301,"愛知県","名古屋市中村区","名駅南１丁目２８番２６号",,23,105,4500003,,,,,,,2026-07-08,1,,,,,"チイキトヒトト",0
1057,4180002006412,01,1,2026-07-08,2015-10-05,"有限会社嶋製作所",,302,"愛知県","名古屋市港区","当知２丁目８１０番地",,23,111,4550804,,,,,,,2015-10-05,1,,,,,"シマセイサクショ",0
1058,4180003030460,01,0,2026-07-08,2026-07-08,"合同会社ＵＰＷＡＲＤＳＨＩＦＴ",,305,"愛知県","名古屋市瑞穂区","大喜新町２丁目２５番地の９",,23,108,4670868,,,,,,,2026-07-08,1,,,,,"アップワードシフト",0
1059,4180003030485,01,0,2026-07-08,2026-07-08,"合同会社山田空調",,305,"愛知県","春日井市","東野町８丁目８番地２８",,23,206,4860817,,,,,,,2026-07-08,1,,,,,"ヤマダクウチョウ",0
1060,4180003030493,01,0,2026-07-08,2026-07-08,"合同会社ＫＯＲＩＫＹＵ",,305,"愛知県","名古屋市中区","栄３丁目５番１０号サカエヒロバス店舗",,23,106,4600008,,,,,,,2026-07-08,1,,,,,"コリキュウ",0
1061,4180003030502,01,0,2026-07-08,2026-07-08,"松ケ枝商事合同会社",,305,"愛知県","一宮市","本町４丁目７番１号ＢＥＬＩＳＴＡタワー一宮２１０１号",,23,203,4910859,,,,,,,2026-07-08,1,,,,,"マツガエショウジ",0
1062,4180005003349,01,1,2026-07-08,2015-10-05,"西柳錦商店街振興組合",,399,"愛知県","名古屋市中村区","名駅４丁目１８番２号",,23,105,4500002,,,,,,,2015-10-05,0,,,,,"ニシヤナギニシキ",0
1063,4180005003349,12,1,2026-07-08,2020-06-03,"西柳錦商店街振興組合",,399,"愛知県","名古屋市中村区","名駅４丁目１５番１９号",,23,105,4500002,,,,,,,2015-10-05,1,,,,,"ニシヤナギニシキ",0
1064,4180005015006,21,0,2026-07-08,2026-07-01,"特定非営利活動法人ＪＣサークル",,399,"愛知県","名古屋市熱田区","大宝４丁目９番２０号ユーハウス六番町２Ｂ",,23,109,4560062,,,2026-07-01,01,,,2015-10-05,1,,,,,"ジェイシーサークル",0
1065,4180301013811,01,1,2026-07-08,2015-10-05,"株式会社遠藤会計事務所",,301,"愛知県","刈谷市","山池町４丁目５０９番地",,23,210,4480036,,,,,,,2015-10-05,1,,,,,"エンドウカイケイジムショ",0
1066,4180301030113,01,1,2026-07-08,2017-03-07,"株式会社ＴＭＹ",,301,"愛知県","豊川市","長沢町向谷１３０番地１",,23,207,4410203,,,,,,,2017-03-07,1,,,,,"ティーエムワイ",0
1067,4190001023317,01,1,2026-07-08,2016-01-07,"株式会社ソルクレイン",,301,"三重県","鈴鹿市","白子本町１３番１５号",,24,207,5100242,,,,,,,2016-01-07,1,,,,,"ソルクレイン",0
1068,4190001033274,01,0,2026-07-08,2026-07-08,"株式会社阪倉電機",,301,"三重県","鈴鹿市","石薬師町１７７８番地",,24,207,5130012,,,,,,,2026-07-08,1,,,,,"サカクラデンキ",0
1069,4190003005008,11,0,2026-07-08,2026-06-30,"Ｅｓｐａｃｉｏ　Ｓｏｌｕｔｉｏｎ株式会社",,301,"三重県","津市","北丸之内７４番地マツダビル２階Ｂ",,24,201,5140031,,,,,,,2025-04-24,1,,,,,"エスパシオソリューション",0
1070,4200001008712,12,0,2026-07-08,2026-07-06,"株式会社ＥＣＦサポート",,301,"兵庫県","西宮市","鳴尾町３丁目１６番２２－３０１",,28,204,6638184,,,,,,,2015-10-05,1,,,,,"イーシーエフサポート",0
1071,4200001030410,12,0,2026-07-08,2026-07-01,"株式会社ＣａｓａＨｏｍｅ",,301,"岐阜県","揖斐郡大野町","大字黒野２０６４番地１",,21,403,5010521,,,,,,,2015-10-05,1,,,,,"カーサホーム",0
1072,4200001045078,12,0,2026-07-08,2026-06-30,"株式会社ビーデイズ",,301,"岐阜県","土岐市","土岐津町土岐口１１８番地",,21,212,5095122,,,,,,,2026-05-22,1,,,,,"ビーデイズ",0
1073,4200001045235,01,0,2026-07-08,2026-07-08,"株式会社シャミ",,301,"岐阜県","岐阜市","加納竜興町２丁目６番地",,21,201,5008469,,,,,,,2026-07-08,1,,,,,"シャミ",0
1074,4200002001716,01,1,2026-07-08,2015-10-05,"有限会社宏陽学舍",,302,"岐阜県","岐阜市","鷺山１７６９番地の３４８",,21,201,5020851,,,,,,,2015-10-05,0,,,,,,0
1075,4200002001716,12,1,2026-07-08,2025-09-11,"有限会社宏陽学舍",,302,"岐阜県","岐阜市","鷺山東１丁目２番１２号",,21,201,5020850,,,,,,,2015-10-05,1,,,,,,0
1076,4200002022472,01,1,2026-07-08,2015-10-05,"有限会社ユニゾン",,302,"岐阜県","多治見市","太平町４丁目２９番地",,21,204,5070041,,,,,,,2015-10-05,1,,,,,"ユニゾン",0
1077,4220001027462,01,0,2026-07-08,2026-07-08,"Ｌｉｃｈｅｒｉａ株式会社",,301,"石川県","金沢市","田上新町４１７番地１",,17,201,9201153,,,,,,,2026-07-08,1,,,,,"リシェリア",0
1078,4220003003016,01,1,2026-07-08,2021-04-12,"北電産業小松ビル合同会社",,305,"石川県","小松市","栄町２５番地１",,17,203,9230934,,,,,,,2021-04-12,0,,,,,,0
1079,4220003003016,12,1,2026-07-08,2025-11-13,"北電産業小松ビル合同会社",,305,"石川県","小松市","日の出町１丁目１００番地",,17,203,9230868,,,,,,,2021-04-12,1,,,,,,0
1080,4220003003032,01,1,2026-07-08,2021-05-11,"合同会社保険プラス",,305,"石川県","河北郡内灘町","字鶴ケ丘２丁目１６１番地１",,17,365,9200271,,,,,,,2021-05-11,0,,,,,,0
1081,4220003003032,12,0,2026-07-08,2026-07-07,"合同会社保険プラス",,305,"石川県","金沢市","粟崎町３丁目１番地２",,17,201,9200226,,,,,,,2021-05-11,1,,,,,,0
1082,4240001035406,12,0,2026-07-08,2026-06-25,"株式会社大良",,301,"広島県","福山市","駅家町坊寺４００番地１",,34,207,7210000,,,,,,,2015-10-05,1,,,,,"オオヨシ",0
1083,4240001045405,21,0,2026-07-08,2026-07-01,"エキップメントＭＩＤ株式会社",,301,"広島県","広島市中区","本川町２丁目５番７号",,34,101,7300802,,,2026-07-01,11,6240001001703,"令和８年７月１日広島市西区商工センター六丁目２番３０号大田鋼管株式会社（6240001001703）に合併し解散",2015-10-05,1,,,,,"エキップメントエムアイディ",0
1084,4240001046196,01,1,2026-07-08,2015-10-05,"株式会社ＫＧＳ",,301,"広島県","福山市","西新涯町２丁目３番２５号",,34,207,7210958,,,,,,,2015-10-05,1,,,,,"ケージーエス",0
1085,4240001052236,21,0,2026-07-08,2026-06-30,"株式会社Ａｉｒａｍ　Ｘ　Ｌ",,301,"広島県","広島市南区","京橋町７番１０号Ｌ’ｓ京橋７Ｆ",,34,103,7320828,,,2026-06-30,01,,,2018-01-16,1,,,,,"アイラムバイエル",0
1086,4240001063984,21,0,2026-07-08,2026-06-30,"株式会社ハダリツ",,301,"広島県","広島市佐伯区","屋代３丁目９番１３－５号秀友館",,34,108,7315146,,,2026-06-30,01,,,2024-10-22,1,,,,,,0
1087,4240001066756,01,0,2026-07-08,2026-07-08,"株式会社ＨＲＰ",,301,"広島県","広島市安佐南区","東野３丁目７－２５井出本ビル１０３",,34,105,7310111,,,,,,,2026-07-08,1,,,,,"エイチアールピー",0
1088,4240001066772,01,0,2026-07-08,2026-07-08,"ＹＭＤ共同支援株式会社",,301,"広島県","福山市","柳津町１丁目４番４号２０１",,34,207,7290114,,,,,,,2026-07-08,1,,,,,"ワイエムディキョウドウシエン",0
1089,4250001018863,12,0,2026-07-08,2026-07-06,"株式会社ＫＳＩ",,301,"山口県","下関市","安岡町７丁目７番３５－３号",,35,201,7596603,,,,,,,2021-05-11,1,,,,,"ケイエスアイ",0
1090,4250001019473,01,1,2026-07-08,2022-03-31,"株式会社ＧＴ",,301,"山口県","防府市","戎町１丁目７番２５号",,35,206,7470036,,,,,,,2022-03-31,0,,,,,"ジーティー",0
1091,4250001019473,11,1,2026-07-08,2023-08-07,"株式会社ＫＮＡＣＫＳ",,301,"山口県","防府市","戎町１丁目７番２５号",,35,206,7470036,,,,,,,2022-03-31,0,,,,,"ケーナックス",0
1092,4250001019473,12,1,2026-07-08,2023-08-16,"株式会社ＫＮＡＣＫＳ",,301,"福岡県","福岡市博多区","冷泉町２番９号クレアランドマーク９０５",,40,132,8120039,,,,,,,2022-03-31,0,,,,,"ケーナックス",0
1093,4250001019473,12,0,2026-07-08,2026-07-02,"株式会社ＫＮＡＣＫＳ",,301,"香川県","高松市","鍛冶屋町１番５号ＦＫビル３Ｆ",,37,201,7600028,,,,,,,2022-03-31,1,,,,,"ケーナックス",0
1094,4250001021743,01,0,2026-07-08,2026-07-08,"株式会社青道興業",,301,"山口県","宇部市","松山町２丁目５番１１号",,35,202,7550026,,,,,,,2026-07-08,1,,,,,"セイドウコウギョウ",0
1095,4250002002759,01,1,2026-07-08,2015-10-05,"大吉商事有限会社",,302,"山口県","山口市","湯田温泉１丁目１１番３３号",,35,203,7530056,,,,,,,2015-10-05,0,,,,,"ダイキチショウジ",0
1096,4250002002759,12,1,2026-07-08,2026-07-03,"大吉商事有限会社",,302,"山口県","山口市","吉敷下東２丁目２番３３号",,35,203,7530814,,,,,,,2015-10-05,1,,,,,"ダイキチショウジ",0
1097,4260003001569,01,1,2026-07-08,2015-10-05,"合同会社鷺草",,305,"岡山県","岡山市中区","関５２２番地７",,33,102,7038232,,,,,,,2015-10-05,0,,,,,"サギクサ",0
1098,4260003001569,21,0,2026-07-08,2026-07-03,"合同会社鷺草",,305,"岡山県","岡山市中区","関５２２番地７",,33,102,7038232,,,2026-07-03,01,,,2015-10-05,1,,,,,"サギクサ",0
1099,4270001006180,21,0,2026-07-08,2026-07-06,"株式会社中村工務店",,301,"鳥取県","鳥取市","松並町１丁目１１８番地３",,31,201,6800801,,,2026-07-06,01,,,2015-10-05,1,,,,,"ナカムラコウムテン",0
1100,4270005000717,71,0,2026-07-08,2026-06-17,"長栄寺",,399,"鳥取県","鳥取市","新品治町１２９番地",,31,201,6800812,,,,,,"鳥取市元町２８２番地日蓮宗妙教会（1270005000777）を合併",2015-10-05,1,,,,,,0
1101,4280001009678,01,0,2026-07-08,2026-07-08,"株式会社徳康",,301,"島根県","松江市","美保関町七類８４番地",,32,201,6901311,,,,,,,2026-07-08,1,,,,,"トクヤス",0
1102,4290001097623,12,0,2026-07-08,2026-07-03,"株式会社ＫＸオンライン",,301,"東京都","江東区","木場２丁目１７番１６号ＢＥＳＩＤＥＫＩＢＡ４Ｆ",,13,108,1350042,,,,,,,2022-05-25,1,,,,,"ケーエックスオンライン",0
1103,4290001114725,01,0,2026-07-08,2026-07-08,"株式会社Ｒインダストリーズ",,301,"福岡県","福岡市博多区","比恵町１１番３０号",,40,132,8120014,,,,,,,2026-07-08,1,,,,,"アールインダストリーズ",0
1104,4290002031102,21,0,2026-07-08,2026-06-29,"有限会社福東普及会",,302,"福岡県","福岡市東区","香椎駅前１丁目８番１４号エポックビル３階",,40,131,8130013,,,2026-06-29,01,,,2015-10-05,1,,,,,"フクトウフキュウカイ",0
1105,4290003015079,12,0,2026-07-08,2026-07-01,"Ｊ．Ｈｏｍｅ合同会社",,305,"福岡県","宗像市","自由ヶ丘１丁目１５番地８",,40,220,8114163,,,,,,,2024-03-25,1,,,,,"ジェイホーム",0
1106,4290003018627,01,0,2026-07-08,2026-07-08,"合同会社福田商会",,305,"福岡県","春日市","星見ヶ丘５丁目１８番地",,40,218,8160849,,,,,,,2026-07-08,1,,,,,"フクダショウカイ",0
1107,4290003018643,01,0,2026-07-08,2026-07-08,"たまねぎ合同会社",,305,"福岡県","福岡市南区","玉川町１８番７号",,40,134,8150037,,,,,,,2026-07-08,1,,,,,"タマネギ",0
1108,4290003018684,01,0,2026-07-08,2026-07-08,"ＦｉｔｚＲｏｙ合同会社",,305,"福岡県","糸島市","高田５丁目３番１８号",,40,230,8191102,,,,,,,2026-07-08,1,,,,,"フィッツロイ",0
1109,4290005020044,12,0,2026-07-08,2026-06-18,"医療法人涼裕会",,399,"福岡県","宗像市","日の里１丁目１０－１０２－１０８",,40,220,8113425,,,,,,,2026-03-30,1,,,,,"リョウユウカイ",0
1110,4290801032597,01,0,2026-07-08,2026-07-08,"株式会社ｎａｍｅ　ｂｏｏｋ",,301,"福岡県","北九州市戸畑区","北鳥旗町８番７号",,40,105,8040075,,,,,,,2026-07-08,1,,,,,"ネームブック",0
1111,4300001014659,01,0,2026-07-08,2026-07-08,"株式会社Ｈｉｋａｒｉ　Ｐｒｏｐｅｒｔｙ　Ｈｏｌｄｉｎｇｓ",,301,"佐賀県","三養基郡みやき町","大字白壁４３８５番地２２６",,41,346,8490111,,,,,,,2026-07-08,1,,,,,"ヒカリプロパティホールディングス",0
1112,4310002003346,21,0,2026-07-08,2026-06-30,"有限会社ティ・エイチ・エス",,302,"長崎県","長崎市","つつじが丘２丁目１３番６号",,42,201,8510102,,,2026-06-30,01,,,2015-10-05,1,,,,,"ティエイチエス",0
1113,4310002013361,01,1,2026-07-08,2015-10-05,"有限会社馬場産業",,302,"長崎県","西海市","西海町中浦北郷２３７７番地１",,42,212,8572222,,,,,,,2015-10-05,1,,,,,"ババサンギョウ",0
1114,4310003003881,12,0,2026-07-08,2026-07-01,"合同会社月曜大工",,305,"長崎県","佐世保市","大和町１１５３番地",,42,202,8571165,,,,,,,2020-07-08,1,,,,,"ゲツヨウダイク",0
1115,4320005002121,01,1,2026-07-08,2015-10-05,"社会福祉法人龍和会",,399,"大分県","大分市","大字中判田１３４２番地の３",,44,201,8701113,,,,,,,2015-10-05,1,,,,,"リョウワカイ",0
1116,4330001010358,12,0,2026-07-08,2026-07-01,"株式会社熊本チキン",,301,"熊本県","山鹿市","鹿本町石渕７１１番地２",,43,208,8610311,,,,,,,2015-10-05,0,,,,,"クマモトチキン",0
1117,4330001010358,11,0,2026-07-08,2026-07-01,"やまうちフード株式会社",,301,"熊本県","山鹿市","鹿本町石渕７１１番地２",,43,208,8610311,,,,,,,2015-10-05,0,,,,,"クマモトチキン",0
1118,4330001010358,71,0,2026-07-08,2026-07-01,"やまうちフード株式会社",,301,"熊本県","山鹿市","鹿本町石渕７１１番地２",,43,208,8610311,,,,,,"令和８年７月１日熊本県山鹿市鹿本町石渕７１１番地２やまうちフード株式会社（4330001033078）を合併",2015-10-05,1,,,,,"クマモトチキン",0
1119,4330001018070,21,0,2026-07-08,2026-06-30,"株式会社西村コーポレーション",,301,"熊本県","上益城郡御船町","大字辺田見８９５番地３",,43,441,8613206,,,2026-06-30,01,,,2015-10-05,1,,,,,"ニシムラコーポレーション",0
1120,4330001031395,21,0,2026-07-08,2026-06-30,"精美加株式会社",,301,"熊本県","熊本市東区","山ノ神２丁目１４番５号",,43,102,8620915,,,2026-06-30,01,,,2023-10-25,1,,,,,"セイビカ",0
1121,4330001033078,21,0,2026-07-08,2026-07-01,"やまうちフード株式会社",,301,"熊本県","山鹿市","鹿本町石渕７１１番地２",,43,208,8610311,,,2026-07-01,11,4330001010358,"令和８年７月１日熊本県山鹿市鹿本町石渕７１１番地２やまうちフード株式会社（4330001010358）に合併し解散",2025-04-10,1,,,,,"ヤマウチフード",0
1122,4330001034448,01,0,2026-07-08,2026-07-08,"ＷＩＬＤ　Ｂ＆Ｂ株式会社",,301,"熊本県","菊池郡大津町","大字引水９４５番地２趨勢ビル",,43,403,8691234,,,,,,,2026-07-08,1,,,,,"ワイルドビーアンドビー",0
1123,4340001014977,01,1,2026-07-08,2015-10-05,"株式会社コニシ",,301,"鹿児島県","志布志市","志布志町志布志３丁目２番１５号",,46,221,8997103,,,,,,,2015-10-05,1,,,,,"コニシ",0
1124,4340003005272,01,0,2026-07-08,2026-07-08,"合同会社ＫＮＯＴ",,305,"鹿児島県","鹿児島市","谷山中央４丁目４８１１",,46,201,8910141,,,,,,,2026-07-08,1,,,,,"ケーノット",0
1125,4360001035600,01,1,2026-07-08,2025-08-06,"株式会社ＮＡＫＡＹＯＳＨＩ",,301,"沖縄県","那覇市","曙３丁目１６番１６－８０４号ブランシエラ那覇曙プレミスト",,47,201,9000002,,,,,,,2025-08-06,1,,,,,,0
1126,4360003016004,01,0,2026-07-08,2026-07-08,"Ｇａｒｎｉｓｈ　Ｏｋｉｎａｗａ合同会社",,305,"沖縄県","那覇市","久茂地１丁目１番１号９階",,47,201,9000015,,,,,,,2026-07-08,1,,,,,,0
1127,4360005003586,01,1,2026-07-08,2015-10-05,"社会福祉法人石垣市社会福祉協議会",,399,"沖縄県","石垣市","字登野城１３５７番地の１",,47,207,9070004,,,,,,,2015-10-05,1,,,,,,0
1128,4370001003671,21,0,2026-07-08,2026-06-12,"東通システム株式会社",,301,"宮城県","仙台市若林区","卸町２丁目１１番地の５",,04,103,9840015,,,2026-06-12,11,2370001003657,"令和８年６月１日仙台市若林区卸町二丁目１１番地の５東通インテグレート株式会社（2370001003657）に合併し解散",2015-10-05,1,,,,,"トウツウシステム",0
1129,4370001053980,01,0,2026-07-08,2026-07-08,"株式会社アオバ総研",,301,"宮城県","仙台市宮城野区","幸町５丁目８番２５－１００７号",,04,102,9830836,,,,,,,2026-07-08,1,,,,,"アオバソウケン",0
1130,4370001053989,01,0,2026-07-08,2026-07-08,"ＱｕｅＬａｂ株式会社",,301,"宮城県","柴田郡村田町","大字村田字反町５６番地３",,04,322,9891305,,,,,,,2026-07-08,1,,,,,"クラボ",0
1131,4370002001055,01,1,2026-07-08,2015-10-05,"有限会社す＿安",00081782,302,"宮城県","仙台市泉区","南中山２丁目３２番地の１",,04,105,9813213,,,,,,,2015-10-05,1,,,,,"スシヤス",0
1132,4370002017010,21,0,2026-07-08,2026-07-06,"有限会社ＵＤ設計工房",,302,"宮城県","仙台市青葉区","旭ケ丘１丁目４２番１－７０１号",,04,101,9810904,,,2026-07-06,01,,,2015-10-05,1,,,,,"ユーディーセッケイコウボウ",0
1133,4380001036191,01,0,2026-07-08,2026-07-08,"株式会社カンノ工業",,301,"福島県","伊達市","霊山町山野川字福平３９番地１",,07,213,9600802,,,,,,,2026-07-08,1,,,,,"カンノコウギョウ",0
1134,4380002002507,21,0,2026-07-08,2026-07-03,"有限会社とまと商事",,302,"福島県","福島市","南矢野目字鵯目東１２番地の２",,07,201,9600112,,,2026-07-03,11,6380001000708,"令和８年７月１日福島市南矢野目字鵯目東１３番地の４株式会社須田商店（6380001000708）に合併し解散",2015-10-05,1,,,,,,0
1135,4380002028444,21,0,2026-07-08,2026-06-29,"有限会社新和電設",,302,"福島県","相馬市","坪田字御仮殿前８６番地",,07,209,9792533,,,2026-06-29,01,,,2015-10-05,1,,,,,"シンワデンセツ",0
1136,4390001015608,21,0,2026-07-08,2026-06-24,"株式会社ＨＫＴＣ",,301,"山形県","天童市","小関２丁目１番３９号",,06,210,9940004,,,2026-06-24,01,,,2019-02-21,1,,,,,"エイチケーテーシー",0
1137,4420005000016,12,0,2026-07-08,2026-06-19,"青森県化粧品小売協同組合",,399,"青森県","青森市","柳川１丁目２番３号",,02,201,0380012,,,,,,,2015-10-05,1,,,,,"アオモリケンケショウヒンコウリ",0
1138,4430001074616,01,1,2026-07-08,2017-07-28,"株式会社ＳＴＥＬＬＡ－ＩＮＶＥＳＴＭＥＮＴ",,301,"北海道","札幌市中央区","南一条西７丁目１２番地６",,01,101,0600061,,,,,,,2017-07-28,1,,,,,"ステラインベストメント",0
1139,4430001097179,01,0,2026-07-08,2026-07-08,"株式会社トラックめいめい",,301,"北海道","札幌市北区","北七条西４丁目１番地１トーカン札幌第一キャステール６０７",,01,102,0600807,,,,,,,2026-07-08,1,,,,,"トラックメイメイ",0
1140,4430003015485,12,0,2026-07-08,2026-07-06,"合同会社ｈｉｄｅ",,305,"北海道","札幌市中央区","南七条西１丁目１番地１ブランズ札幌南７条１４０２号",,01,101,0640807,,,,,,,2023-10-03,1,,,,,"ヒデ",0
1141,4430003019148,01,0,2026-07-08,2026-07-08,"トレースアクション合同会社",,305,"北海道","札幌市北区","北二十三条西３丁目２番７－１５０３号",,01,102,0010023,,,,,,,2026-07-08,1,,,,,"トレースアクション",0
1142,4430005010781,12,0,2026-07-08,2026-07-01,"公益財団法人道銀文化財団",,399,"北海道","札幌市中央区","南一条西４丁目１６番地２道銀ビル別館８階",,01,101,0600061,,,,,,,2015-10-05,1,,,,,"ドウギンブンカザイダン",0
1143,4440001008309,01,1,2026-07-08,2018-04-24,"株式会社エスエス環境ホールディングス",,301,"北海道","函館市","鍛治２丁目１６番７号",,01,202,0410852,,,,,,,2018-04-24,1,,,,,,0
1144,4440002008340,11,0,2026-07-08,2026-06-30,"株式会社Ｓａｌｏｎ　ｄｅ　ｖｉｅｗ",,301,"北海道","上川郡美瑛町","字白金道の駅びえい白金ビルケ",,01,459,0710235,,,,,,,2015-10-05,1,,,,,"サロンドビュー",0
1145,4450001014875,21,0,2026-07-08,2026-07-02,"株式会社天勝",,301,"北海道","稚内市","中央２丁目７番１８号",,01,214,0970022,,,2026-07-02,01,,,2026-03-12,1,,,,,"テンカツ",0
1146,4470001021325,01,0,2026-07-08,2026-07-08,"株式会社Ｓｋｉｌｌ",,301,"香川県","丸亀市","三条町１３７番地１",,37,202,7630094,,,,,,,2026-07-08,1,,,,,"スキル",0
1147,4480001006011,12,0,2026-07-08,2026-07-01,"株式会社インテルイタノ",,301,"徳島県","板野郡板野町","矢武字須加１４番地",,36,404,7790115,,,,,,,2015-10-05,1,,,,,"インテルイタノ",0
1148,4490003002172,01,0,2026-07-08,2026-07-08,"合同会社尾長造園",,305,"高知県","高知市","春野町西諸木１４８",,39,201,7810316,,,,,,,2026-07-08,1,,,,,"オナガゾウエン",0
1149,4500002006321,21,0,2026-07-08,2026-07-03,"有限会社松岡繊維",,302,"愛媛県","松山市","西石井４丁目５番１４号",,38,201,7900931,,,2026-07-03,01,,,2015-10-05,1,,,,,"マツオカセンイ",0
1150,4500005008447,12,0,2026-07-08,2026-07-02,"ＮＰＯ法人まるっとおのくめ",,399,"愛媛県","松山市","北久米町１４９番地５",,38,201,7900923,,,,,,,2022-01-07,1,,,,,"マルットオノクメ",0
1151,4700150131116,12,0,2026-07-08,2025-08-20,"さいたま市宮前土地区画整理組合",,499,"埼玉県","さいたま市西区","大字清河寺１２４４－１",,11,101,3310048,,,,,,,2025-06-18,1,,,,,"サイタマシミヤマエトチクカクセイリクミアイ",0
1152,5010001021626,21,0,2026-07-08,2026-06-12,"太陽信用株式会社",,301,"東京都","千代田区","神田三崎町３丁目３番３号",,13,101,1010061,,,2026-06-12,01,,,2015-10-05,1,,,,,"タイヨウシンヨウ",0
1153,5010001059666,01,1,2026-07-08,2015-10-05,"株式会社裕生",,301,"東京都","中央区","銀座１丁目１１番３号",,13,102,1040061,,,,,,,2015-10-05,1,,,,,,0
1154,5010001155572,12,0,2026-07-08,2026-07-03,"株式会社アジア戦略本部",,301,"千葉県","千葉市美浜区","中瀬１丁目３番地幕張テクノガーデンＣＢ棟３階Ｅ１８",,12,106,2610023,,,,,,,2015-10-05,1,,,,,"アジアセンリャクホンブ",0
1155,5010001159037,12,0,2026-07-08,2026-07-03,"株式会社ＧＥＮ　ＣＡＭＰ",,301,"千葉県","富里市","中沢１１６１番地",,12,233,2860222,,,,,,,2015-10-05,1,,,,,"グローバルエデュケーションネットワークキャンプ",0
1156,5010001197433,12,0,2026-07-08,2026-07-03,"株式会社ＲＯＭ",,301,"東京都","港区","芝浦４丁目１６番１３号",,13,103,1080023,,,,,,,2018-12-28,1,,,,,"アールオーエム",0
1157,5010001207563,12,0,2026-07-08,2026-07-06,"株式会社ファイネストアドバイザリー",,301,"東京都","中央区","東日本橋１丁目３－１１スカイビル２階",,13,102,1030004,,,,,,,2020-02-18,1,,,,,"ファイネストアドバイザリー",0
1158,5010001210971,12,0,2026-07-08,2026-06-16,"株式会社ネオ・テックサービス",,301,"東京都","千代田区","飯田橋４丁目５番１６号メトロシティ飯田橋８階",,13,101,1020072,,,,,,,2020-07-16,0,,,,,"ネオテックサービス",0
1159,5010001210971,11,0,2026-07-08,2026-06-16,"株式会社リムズエンジニアリング",,301,"東京都","千代田区","飯田橋４丁目５番１６号メトロシティ飯田橋８階",,13,101,1020072,,,,,,,2020-07-16,1,,,,,"リムズエンジニアリング",0
1160,5010001228519,12,0,2026-07-08,2026-07-03,"ベネコン株式会社",,301,"東京都","港区","六本木３丁目１６番１２号六本木ＫＳビル５Ｆ",,13,103,1060032,,,,,,,2022-08-04,1,,,,,"ベネコン",0
1161,5010001229723,11,0,2026-07-08,2026-06-15,"介護と福祉総合株式会社",,301,"東京都","千代田区","神田佐久間町２丁目１８番地１秋葉原ＳＴＮフロント１０階",,13,101,1010025,,,,,,,2022-10-03,1,,,,,"カイゴトフクシソウゴウ",0
1162,5010001234525,12,0,2026-07-08,2026-07-06,"ＳＵＰＥＲ　ＥＤＧＥ株式会社",,301,"千葉県","茂原市","粟生野１２３番地",,12,210,2994106,,,,,,,2023-04-17,1,,,,,"スーパーエッジ",0
1163,5010001254944,12,0,2026-07-08,2026-06-11,"株式会社ＩＴＡＯ",,301,"東京都","中央区","日本橋小舟町８番１３号３０４号室",,13,102,1030024,,,,,,,2025-05-19,1,,,,,"イタオ",0
1164,5010001261825,01,1,2026-07-08,2026-01-19,"株式会社Ｓｈｉｂｕｚｏｈ．",,301,"東京都","千代田区","神田須田町１丁目７番地８ＶＯＲＴ秋葉原ＩＶ２Ｆ",00142240,13,101,1010041,,,,,,,2026-01-19,1,,,,,"シブゾー",0
1165,5010002006320,01,1,2026-07-08,2015-10-05,"有限会社悠々社",,302,"東京都","文京区","千石３丁目３６番２０号",,13,105,1120011,,,,,,,2015-10-05,1,,,,,"ユウユウシャ",0
1166,5010003027217,12,0,2026-07-08,2026-06-18,"株式会社リバーフライヤージャパン",,301,"東京都","港区","六本木６丁目１０番１号六本木ヒルズ森タワー１６Ｆ",,13,103,1060032,,,,,,,2018-03-28,1,,,,,"リバーフライヤージャパン",0
1167,5010003027836,12,0,2026-07-08,2026-06-22,"グランフィオーレ合同会社",,305,"埼玉県","さいたま市浦和区","針ヶ谷２丁目１９番８－１０１号",,11,107,3300075,,,,,,,2018-07-06,1,,,,,"グランフィオーレ",0
1168,5010003045887,12,0,2026-07-08,2026-07-02,"Ａｒｃａｄｉａ合同会社",,305,"東京都","世田谷区","野毛２丁目１７番１８号",,13,112,1580092,,,,,,,2025-01-14,1,,,,,"アルカディア",0
1169,5010003047198,12,0,2026-07-08,2026-07-06,"合同会社ととね",,305,"東京都","墨田区","両国１丁目１２番１０号ニュー両国ダイヤハイツ４０５",,13,107,1300026,,,,,,,2025-05-01,1,,,,,"トトネ",0
1170,5010003052017,01,0,2026-07-08,2026-07-08,"合同会社七水デザイン",,305,"東京都","中央区","銀座１丁目１２番４号Ｎ＆ＥＢＬＤ．６Ｆ",,13,102,1040061,,,,,,,2026-07-08,1,,,,,"ナナミデザイン",0
1171,5010005042032,01,0,2026-07-08,2026-07-08,"一般社団法人レディースケア協会",,399,"東京都","千代田区","神田小川町３丁目２８番５号",,13,101,1010052,,,,,,,2026-07-08,1,,,,,"レディースケアキョウカイ",0
1172,5010005042049,01,0,2026-07-08,2026-07-08,"一般社団法人ＫＣ　Ｈｅａｌｔｈｃａｒｅ　Ｆｕｎｄ１号",,399,"東京都","中央区","日本橋１丁目４番１号",,13,102,1030027,,,,,,,2026-07-08,1,,,,,"ケーシーヘルスケアファンドイチゴウ",0
1173,5010005042065,01,0,2026-07-08,2026-07-08,"カワセミ一般社団法人",,399,"東京都","千代田区","丸の内１丁目４番１号東京共同会計事務所内",,13,101,1000005,,,,,,,2026-07-08,1,,,,,"カワセミ",0
1174,5010005042081,01,0,2026-07-08,2026-07-08,"一般社団法人聖魯迅公園体育機構",,399,"東京都","文京区","湯島２丁目２番１６号御茶ノ水クロスビル６階",,13,105,1130034,,,,,,,2026-07-08,1,,,,,"セイロジンコウエンタイイクキコウ",0
1175,5010101015890,12,0,2026-07-08,2026-07-06,"株式会社ＤＡＳＨ",,301,"東京都","八王子市","上柚木３３３番地９",,13,201,1920373,,,,,,,2023-11-16,1,,,,,"ダッシュ",0
1176,5010103002854,01,0,2026-07-08,2026-07-08,"ＳＭＹＬ合同会社",,305,"東京都","八王子市","西寺方町１００１番地１４２",,13,201,1920153,,,,,,,2026-07-08,1,,,,,"スマイル",0
1177,5010401073754,01,1,2026-07-08,2015-10-05,"レコ・エビス株式会社",,301,"東京都","港区","東新橋１丁目５番２号汐留シティセンター１０階",,13,103,1050021,,,,,,,2015-10-05,0,,,,,"レコエビス",0
1178,5010401073754,12,1,2026-07-08,2017-07-06,"レコ・エビス株式会社",,301,"東京都","千代田区","丸の内１丁目１１番１号パシフィックセンチュリープレイス丸の内１７階",,13,101,1000005,,,,,,,2015-10-05,0,,,,,"レコエビス",0
1179,5010401073754,12,1,2026-07-08,2026-01-05,"レコ・エビス株式会社",,301,"東京都","千代田区","丸の内１丁目５番１号新丸の内ビルディング２８１３区外",,13,101,1000005,,,,,,,2015-10-05,1,,,,,"レコエビス",0
1180,5010401102075,01,1,2026-07-08,2015-10-05,"コロムビア・マーケティング株式会社",,301,"東京都","港区","虎ノ門４丁目１番４０号",,13,103,1050001,,,,,,,2015-10-05,0,"Columbia Marketing Co.,Ltd.",,,,"コロムビアマーケティング",0
1181,5010401102075,12,1,2026-07-08,2021-02-15,"コロムビア・マーケティング株式会社",,301,"東京都","港区","南青山６丁目１０番１２号",,13,103,1070062,,,,,,,2015-10-05,0,"Columbia Marketing Co.,Ltd.","Tokyo","6-10-12 Minami-Aoyama, Minato-ku",,"コロムビアマーケティング",0
1182,5010401102075,12,1,2026-07-08,2026-05-19,"コロムビア・マーケティング株式会社",,301,"東京都","渋谷区","神宮前１丁目４番１６号",,13,113,1500001,,,,,,,2015-10-05,1,"Columbia Marketing Co.,Ltd.","Tokyo","1-4-16 Jingumae, Shibuya-ku",,"コロムビアマーケティング",0
1183,5010401143516,12,0,2026-07-08,2026-07-06,"Ｆｏｒｔｉｆｙ株式会社",,301,"東京都","港区","南青山２丁目２番１５号ウィン青山９４２",,13,103,1070062,,,,,,,2019-01-31,1,,,,,"フォーティファイ",0
1184,5010401148366,12,0,2026-07-08,2026-06-17,"株式会社ピッコロ",,301,"東京都","港区","麻布十番２丁目１７番４－２０４号",,13,103,1060045,,,,,,,2019-10-02,1,,,,,"ピッコロ",0
1185,5010401162045,21,0,2026-07-08,2026-07-02,"株式会社ＭＨＤ",,301,"東京都","港区","元赤坂１丁目５番５号",,13,103,1070051,,,2026-07-02,01,,,2021-08-10,1,,,,,"エムエイチディー",0
1186,5010401174957,12,0,2026-07-08,2026-06-12,"ＭＨメディカルヘルス株式会社",,301,"東京都","千代田区","岩本町１丁目９番４号岩本町１９４ビル６階",,13,101,1010032,,,,,,,2023-06-14,1,,,,,"エムエイチメディカルヘルス",0
1187,5010401179601,12,0,2026-07-08,2026-07-01,"ジンプロ・エナジー株式会社",,301,"千葉県","浦安市","美浜１丁目６番５０２号",,12,227,2790011,,,,,,,2024-01-15,1,,,,,"ジンプロエナジー",0
1188,5010401189889,12,0,2026-07-08,2026-06-17,"サラ株式会社",,301,"東京都","港区","南青山６丁目１３番５号２０１号室",,13,103,1070062,,,,,,,2025-05-07,1,,,,,"サラ",0
1189,5010403020754,71,0,2026-07-08,2026-06-01,"合同会社千葉エステート",,305,"東京都","港区","浜松町２丁目２番１５号",,13,103,1050013,,,,,,"令和８年６月１日東京都港区浜松町二丁目２番１５号合同会社スターティア（7010403020884）を合併令和８年６月１日兵庫県尼崎市西川二丁目８番１４号浜ライフ１０３号合同会社ファンプラス（5140003013162）を合併",2019-05-27,1,,,,,"チバエステート",0
1190,5010405025891,01,0,2026-07-08,2026-07-08,"一般社団法人ＡＥＪ直方蓄電所",,399,"東京都","港区","虎ノ門４丁目１番２８号虎ノ門タワーズオフィス８階",,13,103,1050001,,,,,,,2026-07-08,1,,,,,"エーイージェーノオガタチクデンショ",0
1191,5010501014162,71,0,2026-07-08,2026-07-01,"株式会社山城",,301,"東京都","足立区","西新井７丁目１９番１２号",,13,121,1230841,,,,,,"令和８年７月１日東京都足立区西新井七丁目１９番１２号マルシン工業株式会社（1011801004600）を合併",2015-10-05,1,,,,,"ヤマシロ",0
1192,5010501019665,01,1,2026-07-08,2015-10-05,"株式会社ステュディオ・パラボリカ",,301,"東京都","台東区","雷門１丁目２番１１号雷門フコク生命ビル３階",,13,106,1110034,,,,,,,2015-10-05,0,,,,,"ステュディオパラボリカ",0
1193,5010501019665,12,1,2026-07-08,2017-11-30,"株式会社ステュディオ・パラボリカ",,301,"東京都","台東区","花川戸１丁目１３番９号第２東邦化成ビル５Ｆ",,13,106,1110033,,,,,,,2015-10-05,1,,,,,"ステュディオパラボリカ",0
1194,5010501042106,01,1,2026-07-08,2018-01-26,"株式会社サンキョウ",,301,"東京都","台東区","東上野１丁目１７番２号第二江口ビル５Ｆ",,13,106,1100015,,,,,,,2018-01-26,1,,,,,"サンキョウ",0
1195,5010501042279,12,0,2026-07-08,2026-07-01,"株式会社チトセロボティクス",,301,"東京都","文京区","本郷１丁目５番７号",,13,105,1130033,,,,,,,2018-03-08,1,,,,,"チトセロボティクス",0
1196,5010501044928,12,0,2026-07-08,2026-06-12,"Ｃｅｎｔｕｒｙ　Ｇａｍｅｓ株式会社",,301,"東京都","千代田区","岩本町３丁目９－２ＰＭＯ岩本町",,13,101,1010032,,,,,,,2019-11-29,1,,,,,"センチュリーゲームズ",0
1197,5010601001333,12,0,2026-07-08,2026-07-03,"株式会社小野回漕店",,301,"東京都","千代田区","飯田橋３丁目８番７号",,13,101,1020072,,,,,,,2015-10-05,1,,,,,"オノカイソウテン",0
1198,5010601040876,12,0,2026-07-08,2026-07-03,"株式会社Ｊ＆Ｍ　ＨＯＬＤＩＮＧＳ",,301,"神奈川県","横浜市南区","南太田１丁目３４番７号",,14,105,2320006,,,,,,,2015-10-05,1,,,,,"ジェイアンドエムホールディングス",0
1199,5010603012279,12,0,2026-07-08,2026-07-03,"合同会社ＪＵＮ",,305,"東京都","千代田区","神田和泉町１番地６の１６ヤマトビル４０５号",,13,101,1010024,,,,,,,2026-05-29,1,,,,,"ジュン",0
1200,5010701004632,71,0,2026-07-08,2026-06-01,"サンボックス株式会社",,301,"東京都","品川区","大井１丁目３１番１２号",,13,109,1400014,,,,,,"令和８年６月１日東京都品川区大井一丁目３１番１２号株式会社ゆう不動産（1010701011814）を合併令和８年６月１日山梨県中央市西花輪３５９０番地１有限会社田富調剤薬局（2090002004328）を合併",2015-10-05,1,,,,,"サンボックス",0
1201,5010701042046,12,0,2026-07-08,2026-07-03,"株式会社ＮＡＣ",,301,"東京都","港区","東麻布１丁目２８番１２号ＶＯＲＴ麻布ｍａｘｉｍ６Ｂ",,13,103,1060044,,,,,,,2022-01-13,1,,,,,"ナック",0
1202,5010701046988,12,0,2026-07-08,2026-07-03,"株式会社ＥＵＲＲＡＮＧＥ",,301,"東京都","江東区","豊洲３丁目６番５号ＴＨＥ・ＴＯＹＯＳＵ・ＴＯＷＥＲ２８０５",,13,108,1350061,,,,,,,2024-12-17,1,,,,,"ユーレンジ",0
1203,5010703008375,01,0,2026-07-08,2026-07-08,"合同会社ＩＴＴＯ",,305,"東京都","品川区","小山３丁目１５番２－３９０７号",,13,109,1420062,,,,,,,2026-07-08,1,,,,,"イットー",0
1204,5010901036120,01,1,2026-07-08,2015-10-05,"一五株式会社",,301,"東京都","世田谷区","桜３丁目１７番１３－６０６号",,13,112,1560053,,,,,,,2015-10-05,0,,,,,"イチゴ",0
1205,5010901036120,12,0,2026-07-08,2026-07-03,"一五株式会社",,301,"京都府","京都市下京区","七条通油小路東入大黒町２２７番地第２キョートビル４０２",,26,106,6008223,,,,,,,2015-10-05,1,,,,,"イチゴ",0
1206,5010901049519,12,0,2026-07-08,2026-07-06,"株式会社ＢＲＡＮＴＡ",,301,"神奈川県","横浜市港北区","日吉３丁目１８番４号レジーナホール３０７",,14,109,2230061,,,,,,,2021-09-30,1,,,,,"ブランタ",0
1207,5011001072031,12,0,2026-07-08,2026-07-06,"株式会社アールイークロージング",,301,"東京都","中央区","八丁堀３丁目１番１号京橋第３長岡ビル１階",,13,102,1040032,,,,,,,2015-10-05,1,,,,,"アールイークロージング",0
1208,5011001124831,12,0,2026-07-08,2026-07-03,"株式会社ＪＩＴＥＫＩ",,301,"千葉県","成田市","三里塚御料１番地８５５コーポマキ１階",,12,211,2860116,,,,,,,2018-10-24,1,,,,,"ジテキ",0
1209,5011001159225,12,0,2026-07-08,2026-07-07,"ギコム株式会社",,301,"神奈川県","横浜市西区","みなとみらい２丁目２－１横浜ランドマークタワー２０Ｆ",,14,103,2200012,,,,,,,2024-01-09,1,,,,,"ギコム",0
1210,5011001178976,01,0,2026-07-08,2026-07-08,"株式会社ＥＳＳ",,301,"東京都","渋谷区","恵比寿南１丁目１番９号岩徳ビル９Ｆ",00144241,13,113,1500022,,,,,,,2026-07-08,1,,,,,"イーエスエス",0
1211,5011002032728,01,1,2026-07-08,2015-10-05,"ジャパン・アスリート・マネージメント有限会社",,302,"東京都","渋谷区","宇田川町２番１号",,13,113,1500042,,,,,,,2015-10-05,1,,,,,"ジャパンアスリートマネージメント",0
1212,5011003024798,01,0,2026-07-08,2026-07-08,"合同会社ｍｅｓｈｐｅａｋ",,305,"東京都","渋谷区","道玄坂１丁目１０番８号渋谷道玄坂東急ビル２Ｆ－Ｃ",,13,113,1500043,,,,,,,2026-07-08,1,,,,,"メッシュピーク",0
1213,5011101092185,12,0,2026-07-08,2026-06-12,"株式会社リスト",,301,"東京都","文京区","水道２丁目４番３号オフィス大岩２０１",,13,105,1120005,,,,,,,2020-08-18,1,,,,,"リスト",0
1214,5011101106614,12,0,2026-07-08,2026-06-05,"株式会社ＭＲＪ",,301,"東京都","新宿区","大久保１丁目１１－３大東ビル３階",,13,104,1690072,,,,,,,2024-03-26,1,,,,,"エムアールジェイ",0
1215,5011101116563,01,0,2026-07-08,2026-07-08,"Ａｎｚｏｆ　Ｇｒｏｗｔｈ株式会社",,301,"東京都","新宿区","四谷４丁目３番地２０四谷四丁目ビル４階",,13,104,1600004,,,,,,,2026-07-08,1,,,,,"アンゾフグロース",0
1216,5011101116596,01,0,2026-07-08,2026-07-08,"株式会社ｍｎａｏ　ｗｏｒｋｓ",,301,"東京都","新宿区","西新宿３丁目３番１３号西新宿水間ビル６階",,13,104,1600023,,,,,,,2026-07-08,1,,,,,"エムナオワークス",0
1217,5011101116720,01,0,2026-07-08,2026-07-08,"株式会社ＰＥＡＮＵＴ　Ｃｏｎｓｕｌｔｉｎｇ",,301,"東京都","新宿区","西新宿３丁目３番１３号西新宿水間ビル６階",,13,104,1600023,,,,,,,2026-07-08,1,,,,,"ピーナッツコンサルティング",0
1218,5011105011876,01,0,2026-07-08,2026-07-08,"一般社団法人シャルク・ラボ",,399,"東京都","新宿区","市谷砂土原町３丁目８番地２エスポワール砂土原２０１",,13,104,1620842,,,,,,,2026-07-08,1,,,,,"シャルクラボ",0
1219,5011301007604,12,0,2026-07-08,2026-07-02,"株式会社リオ",,301,"東京都","杉並区","成田東４丁目１番２６号",,13,115,1660015,,,,,,,2015-10-05,1,,,,,"リオ",0
1220,5011301025647,21,0,2026-07-08,2026-06-25,"株式会社レンカク",,301,"東京都","三鷹市","牟礼６丁目１１番１２－４０９号",,13,204,1810002,,,2026-06-25,01,,,2020-01-27,1,,,,,"レンカク",0
1221,5011303006042,01,0,2026-07-08,2026-07-08,"合同会社ＳＯＲＡ　ＢＡＳＥ",,305,"東京都","杉並区","西荻北２丁目１８番１７号",,13,115,1670042,,,,,,,2026-07-08,1,,,,,"ソラベース",0
1222,5011401018872,01,1,2026-07-08,2015-10-05,"ちゃおクリーンサービス株式会社",,301,"東京都","板橋区","成増３丁目１２番１号",,13,119,1750094,,,,,,,2015-10-05,0,,,,,"チャオクリーンサービス",0
1223,5011401018872,21,0,2026-07-08,2026-07-02,"ちゃおクリーンサービス株式会社",,301,"東京都","板橋区","成増３丁目１２番１号",,13,119,1750094,,,2026-07-02,11,1011401004884,"令和８年７月１日東京都板橋区成増三丁目１２番１号株式会社ナミキ（1011401004884）に合併し解散",2015-10-05,1,,,,,"チャオクリーンサービス",0
1224,5011402010812,01,1,2026-07-08,2015-10-05,"有限会社ヴィ・シー・エフ",,302,"東京都","板橋区","三園１丁目２１番１２号",,13,119,1750091,,,,,,,2015-10-05,1,,,,,"ヴィシーエフ",0
1225,5011602005348,21,0,2026-07-08,2026-06-30,"有限会社寿々コーポレーション",,302,"東京都","練馬区","大泉学園町１丁目３２番４号",,13,120,1780061,,,2026-06-30,01,,,2015-10-05,1,,,,,"スズコーポレーション",0
1226,5012301010606,01,1,2026-07-08,2016-06-21,"株式会社宮本管工事",,301,"東京都","町田市","鶴川２丁目１６番地５９",,13,209,1950061,,,,,,,2016-06-21,1,,,,,"ミヤモトカンコウジ",0
1227,5012401044636,01,0,2026-07-08,2026-07-08,"株式会社ＴＭＫ　ＪＡＰＡＮ",,301,"東京都","多摩市","聖ヶ丘３丁目２５番地の９",,13,224,2060022,,,,,,,2026-07-08,1,,,,,"ティーエムケージャパン",0
1228,5012701009719,01,1,2026-07-08,2015-10-05,"日清興業株式会社",,301,"東京都","清瀬市","竹丘２丁目２９番２７号",,13,221,2040023,,,,,,,2015-10-05,1,,,,,"ニッシンコウギョウ",0
1229,5012801008744,12,0,2026-07-08,2026-07-06,"株式会社ティエラス",,301,"千葉県","千葉市美浜区","真砂５丁目４６番１号",,12,106,2610011,,,,,,,2015-10-05,1,,,,,"ティエラス",0
1230,5013101004608,12,0,2026-07-08,2026-07-06,"株式会社織田建装工業",,301,"東京都","西多摩郡瑞穂町","大字富士山栗原新田４２番地",,13,303,1901204,,,,,,,2015-10-05,1,,,,,,0
1231,5013105001543,01,1,2026-07-08,2015-10-05,"一般社団法人西多摩薬剤師会",,399,"東京都","青梅市","東青梅４丁目１７番地の４１",,13,205,1980042,,,,,,,2015-10-05,1,,,,,"ニシタマヤクザイシカイ",0
1232,5013201018152,21,0,2026-07-08,2026-06-29,"株式会社パシフィックデザイン",,301,"神奈川県","横浜市青葉区","松風台１７番地５青葉台パークホームズ２０２",,14,117,2270067,,,2026-06-29,01,,,2015-10-05,1,,,,,"パシフィックデザイン",0
1233,5013301046243,12,0,2026-07-08,2026-07-02,"株式会社オンマッチ",,301,"岡山県","岡山市北区","北長瀬表町３丁目１３番２８号",,33,101,7000962,,,,,,,2020-09-23,1,,,,,"オンマッチ",0
1234,5013301056457,01,0,2026-07-08,2026-07-08,"株式会社Ｉｃｏｎｉｃ",,301,"東京都","豊島区","南池袋１丁目９番１８号－２４４号室",,13,116,1710022,,,,,,,2026-07-08,1,,,,,"アイコニック",0
1235,5013303008316,01,0,2026-07-08,2026-07-08,"合同会社レガ",,305,"東京都","豊島区","池袋２丁目４７－３キウレイコンビル７階",,13,116,1710014,,,,,,,2026-07-08,1,,,,,"レガ",0
1236,5020001061472,12,0,2026-07-08,2026-07-06,"株式会社アプライズ",,301,"東京都","葛飾区","お花茶屋１丁目１２番５号プラザビル３階",,13,122,1240003,,,,,,,2015-10-05,1,,,,,"アプライズ",0
1237,5020001071067,12,0,2026-07-08,2026-06-29,"株式会社伸栄工事",,301,"神奈川県","川崎市幸区","南加瀬２丁目１７番５号",,14,132,2120055,,,,,,,2015-10-05,1,,,,,"シンエイコウジ",0
1238,5020001109370,12,0,2026-07-08,2026-07-06,"あさひ電話株式会社",,301,"神奈川県","横浜市青葉区","黒須田３３番地５タウンコートあざみ野３０１号室",,14,117,2250022,,,,,,,2015-10-05,1,,,,,,0
1239,5020001166412,12,0,2026-07-08,2026-06-29,"株式会社ライズ",,301,"神奈川県","川崎市川崎区","新川通１０－８－５０１",,14,131,2100013,,,,,,,2025-12-26,1,,,,,"ライズ",0
1240,5020001169373,01,0,2026-07-08,2026-07-08,"株式会社ＫＰＸＬａｂ",,301,"神奈川県","横浜市神奈川区","金港町５－１４",,14,102,2210056,,,,,,,2026-07-08,1,,,,,"ケーピーエックスラボ",0
1241,5020001169407,01,0,2026-07-08,2026-07-08,"株式会社アイトシステム",,301,"神奈川県","横浜市西区","浅間町１丁目４番地３ウィザードビル４０２",,14,103,2200072,,,,,,,2026-07-08,1,,,,,"アイトシステム",0
1242,5020001169415,01,0,2026-07-08,2026-07-08,"カナモフ株式会社",,301,"神奈川県","横浜市神奈川区","台町８番地１４ベイシティ滝川３０９",,14,102,2210834,,,,,,,2026-07-08,1,,,,,"カナモフ",0
1243,5020001169423,01,0,2026-07-08,2026-07-08,"株式会社ｒｅｐｅｒｅ",,301,"神奈川県","川崎市中原区","小杉御殿町２丁目１４９番地１",,14,133,2110068,,,,,,,2026-07-08,1,,,,,"レペレ",0
1244,5020002066792,11,0,2026-07-08,2026-06-29,"株式会社Ｅ・Ｌ・Ｈ",,301,"神奈川県","横浜市磯子区","中原２丁目２番６号",,14,107,2350036,,,,,,,2015-10-05,1,,,,,"イーエルエイチ",0
1245,5020003013414,12,0,2026-07-08,2026-07-02,"合同会社吉益",,305,"鹿児島県","熊毛郡屋久島町","宮之浦２７７番地１６号",,46,505,8914205,,,,,,,2017-10-18,1,,,,,"ヨシヤ",0
1246,5020003029567,01,1,2026-07-08,2025-10-20,"Ｅ．Ｔ．ＬＡＢＯＺ合同会社",,305,"神奈川県","横浜市瀬谷区","橋戸２丁目９－２７",,14,114,2460037,,,,,,,2025-10-20,1,,,,,"イーティーラボ",0
1247,5021001016747,01,1,2026-07-08,2015-10-05,"株式会社ジョールーフ",,301,"神奈川県","相模原市中央区","富士見３丁目１１番１９号",,14,152,2520236,,,,,,,2015-10-05,1,,,,,"ジョールーフ",0
1248,5021001032224,01,1,2026-07-08,2015-10-05,"株式会社山口工務店",,301,"神奈川県","足柄下郡箱根町","強羅１３２０番地の９８３",,14,382,2500408,,,,,,,2015-10-05,1,,,,,"ヤマグチコウムテン",0
1249,5021003006696,12,0,2026-07-08,2026-07-02,"合同会社名巧舎",,305,"東京都","世田谷区","船橋３丁目４番６号－８",,13,112,1560055,,,,,,,2017-05-17,1,,,,,"メイコウシャ",0
1250,5021003017586,01,0,2026-07-08,2026-07-08,"合同会社Ｊａｍｍｉｎ",,305,"神奈川県","逗子市","新宿２丁目９－３３",,14,208,2490007,,,,,,,2026-07-08,1,,,,,"ジャミン",0
1251,5030001039955,21,0,2026-07-08,2026-06-25,"株式会社セイワ・ソセキ",,301,"埼玉県","三郷市","高州２丁目２６番地４",,11,237,3410037,,,2026-06-25,01,,,2015-10-05,1,,,,,"セイワソセキ",0
1252,5030001041564,12,0,2026-07-08,2026-06-24,"株式会社東彩工業",,301,"埼玉県","さいたま市見沼区","東大宮１丁目１２番地２２第１０大宮ハイツ１０２",,11,104,3370051,,,,,,,2015-10-05,1,,,,,"トウサイコウギョウ",0
1253,5030001113693,01,1,2026-07-08,2016-04-06,"ＳＯＭＡ　Ｃｏｎｓｕｌｔｉｎｇ株式会社",,301,"埼玉県","越谷市","大字南荻島３４５９番地９",,11,222,3430804,,,,,,,2016-04-06,1,,,,,"ソウマコンサルティング",0
1254,5030001173192,01,0,2026-07-08,2026-07-08,"宮里互業株式会社",,301,"埼玉県","狭山市","大字青柳８８５番地の７",,11,215,3501301,,,,,,,2026-07-08,1,,,,,,0
1255,5030001173300,01,0,2026-07-08,2026-07-08,"スマイル株式会社",,301,"埼玉県","越谷市","大間野町４丁目２４４番地",,11,222,3430844,,,,,,,2026-07-08,1,,,,,"スマイル",0
1256,5030002067963,21,0,2026-07-08,2026-06-23,"有限会社大関食品",,302,"埼玉県","春日部市","六軒町３１３番地５",,11,214,3440012,,,2026-06-23,01,,,2015-10-05,1,,,,,"オオゼキショクヒン",0
1257,5030002096203,21,0,2026-07-08,2026-06-26,"有限会社原田塗装工業",,302,"埼玉県","東松山市","六反町１６番地５",,11,212,3550023,,,2026-06-26,01,,,2015-10-05,1,,,,,"ハラダトソウコウギョウ",0
1258,5030003006383,01,1,2026-07-08,2015-10-05,"ＭＴＨＩ合同会社",,305,"埼玉県","和光市","本町６番１－１２０５号",,11,229,3510114,,,,,,,2015-10-05,0,,,,,"エムティーエイチアイ",0
1259,5030003006383,12,0,2026-07-08,2026-07-02,"ＭＴＨＩ合同会社",,305,"栃木県","那須塩原市","太夫塚１丁目２３２番６５６号",,09,213,3292735,,,,,,,2015-10-05,1,,,,,"エムティーエイチアイ",0
1260,5030003029624,01,0,2026-07-08,2026-07-08,"合同会社ＫＡＮＥＤＡＩ",,305,"埼玉県","飯能市","大字吾野５３９番地１",,11,209,3570216,,,,,,,2026-07-08,1,,,,,"カネダイ",0
1261,5030005017965,21,0,2026-07-08,2026-06-24,"安行若葉台団地管理組合法人",,399,"埼玉県","川口市","大字安行藤八４６番地の３０",,11,203,3340051,,,2026-06-24,01,,,2016-05-17,1,,,,,"アンギョウワカバダイダンチ",0
1262,5040001002160,01,1,2026-07-08,2015-10-05,"株式会社京葉フォークリフトリース",,301,"千葉県","千葉市花見川区","三角町５３１番地３",,12,102,2620011,,,,,,,2015-10-05,1,,,,,"ケイヨウフォークリフトリース",0
1263,5040001080801,01,1,2026-07-08,2015-10-05,"システムフォー株式会社",,301,"千葉県","船橋市","三山５丁目５０番２２号",,12,204,2740072,,,,,,,2015-10-05,1,,,,,"システムフォー",0
1264,5040001092045,12,0,2026-07-08,2026-07-03,"ＪＲＫ株式会社",,301,"東京都","千代田区","岩本町１丁目８番２号",,13,101,1010032,,,,,,,2015-10-05,1,,,,,"ジェイアールケー",0
1265,5040001127726,12,0,2026-07-08,2026-06-23,"株式会社ＴＲＵＳＴ　ＴＲＡＤＩＮＧ",,301,"千葉県","佐倉市","染井野６丁目１２番８号",,12,212,2850831,,,,,,,2023-03-31,1,,,,,"トラストトレーディング",0
1266,5040001143855,12,0,2026-07-08,2026-07-03,"日本ＪＹＤ株式会社",,301,"東京都","港区","東新橋２丁目１１番４号",,13,103,1050021,,,,,,,2026-05-25,1,,,,,"ニホンジェイワイディー",0
1267,5040001144399,01,0,2026-07-08,2026-07-08,"株式会社ＴＯＨＯプランニング",,301,"千葉県","印西市","瀬戸１３８２番地４７",,12,231,2701614,,,,,,,2026-07-08,1,,,,,"トーホープランニング",0
1268,5040001144440,01,0,2026-07-08,2026-07-08,"株式会社ＭＲ１",,301,"千葉県","野田市","岩名２丁目３３番地の１４",,12,208,2780055,,,,,,,2026-07-08,1,,,,,"エムアールワン",0
1269,5040001144481,01,0,2026-07-08,2026-07-08,"Ａｓｔｅｒ　Ｌｉｎｋ株式会社",,301,"千葉県","松戸市","本町１７－１１芹澤ビル６Ｆ",,12,207,2710091,,,,,,,2026-07-08,1,,,,,"アスターリンク",0
1270,5040002041637,01,1,2026-07-08,2015-10-05,"有限会社ベイ・プランニングオフィス",,302,"千葉県","浦安市","富士見２丁目１番５号",,12,227,2790043,,,,,,,2015-10-05,1,,,,,"ベイプランニングオフィス",0
1271,5040002045729,01,1,2026-07-08,2015-10-05,"株式会社コスモクリーンサプライ",,301,"千葉県","松戸市","常盤平２丁目３３番地１３",,12,207,2702261,,,,,,,2015-10-05,1,,,,,"コスモクリーンサプライ",0
1272,5040003024112,21,0,2026-07-08,2026-06-22,"合同会社あなぐま",,305,"千葉県","佐倉市","田町１９３番地１",,12,212,2850012,,,2026-06-22,01,,,2024-01-16,1,,,,,"アナグマ",0
1273,5040005014763,12,0,2026-07-08,2026-06-29,"医療法人めぐみ会",,399,"茨城県","守谷市","美園２丁目１４番地",,08,224,3020124,,,,,,,2015-10-05,1,,,,,"メグミカイ",0
1274,5040005019374,12,0,2026-07-08,2026-05-12,"一般社団法人アースファクトリー",,399,"千葉県","銚子市","三軒町１１番地の１１",,12,202,2880045,,,,,,,2017-01-11,1,,,,,"アースファクトリー",0
1275,5040005019993,12,0,2026-07-08,2026-06-08,"ＮＰＯ法人ライジング",,399,"千葉県","富里市","大和７５９番地２",,12,233,2860204,,,,,,,2018-05-29,1,,,,,"ライジング",0
1276,5050001007101,01,1,2026-07-08,2015-10-05,"湊環境整備株式会社",,301,"茨城県","ひたちなか市","幸町１７番地１",,08,221,3111226,,,,,,,2015-10-05,1,,,,,"ミナトカンキョウセツビ",0
1277,5050001040762,01,1,2026-07-08,2016-04-15,"末吉自動車電機株式会社",,301,"茨城県","結城郡八千代町","大字菅谷４７５番地２",,08,521,3003572,,,,,,,2016-04-15,1,,,,,"スエヨシジドウシャデンキ",0
1278,5050001052452,12,0,2026-07-08,2026-07-03,"株式会社Ｕ",,301,"東京都","港区","六本木２丁目１番１９号３階",,13,103,1060032,,,,,,,2023-02-28,1,,,,,"ユー",0
1279,5050001058648,01,0,2026-07-08,2026-07-08,"株式会社奈良部不動産",,301,"茨城県","筑西市","乙２７７番地",,08,227,3080041,,,,,,,2026-07-08,1,,,,,"ナラブフドウサン",0
1280,5050005013847,01,0,2026-07-08,2026-07-08,"一般社団法人サイクル",,399,"茨城県","水戸市","元吉田町１５８６番地の１",,08,201,3100836,,,,,,,2026-07-08,1,,,,,,0
1281,5060001011622,21,0,2026-07-08,2026-06-29,"サン・ノーブル・ホーム株式会社",,301,"栃木県","那須郡那須町","大字高久甲４３００番地１",,09,407,3250001,,,2026-06-29,01,,,2016-03-28,1,,,,,"サンノーブルホーム",0
1282,5060001022438,01,1,2026-07-08,2015-10-05,"株式会社ミルキーウェイ",,301,"東京都","千代田区","四番町１１番地３ヴェネオ四番町３階",,13,101,1020081,,,,,,,2015-10-05,0,,,,,"ミルキーウェイ",0
1283,5060001022438,12,0,2026-07-08,2026-07-02,"株式会社ミルキーウェイ",,301,"栃木県","宇都宮市","簗瀬町１５５３番地７",,09,201,3210933,,,,,,,2015-10-05,1,,,,,"ミルキーウェイ",0
1284,5060001039432,01,0,2026-07-08,2026-07-08,"株式会社ブルズゲート",,301,"栃木県","宇都宮市","中戸祭１丁目８番１８号",,09,201,3200057,,,,,,,2026-07-08,1,,,,,"ブルズゲート",0
1285,5060003006141,01,0,2026-07-08,2026-07-08,"合同会社Ｋｉｎｇ　Ｐｏｉｎｔ",,305,"栃木県","宇都宮市","陽南１丁目２－２",,09,201,3200834,,,,,,,2026-07-08,1,,,,,"キングポイント",0
1286,5060005007724,01,1,2026-07-08,2015-10-05,"特定非営利活動法人夢くらぶ国分寺",,399,"栃木県","下野市","小金井字漆原２７７番地１",,09,216,3290414,,,,,,,2015-10-05,1,,,,,"ユメクラブコクブンジ",0
1287,5070001033509,01,1,2026-07-08,2017-05-12,"株式会社ＡＶＥＮＩＲ",,301,"群馬県","太田市","大原町５１０番地９",,10,205,3792304,,,,,,,2017-05-12,1,,,,,"アヴニール",0
1288,5070001044290,01,0,2026-07-08,2026-07-08,"株式会社ＳＯ",,301,"群馬県","高崎市","中紺屋町３０番地かずビル１階",,10,202,3700823,,,,,,,2026-07-08,1,,,,,"ソー",0
1289,5070001044299,01,0,2026-07-08,2026-07-08,"株式会社Ｔ",,301,"群馬県","伊勢崎市","五目牛町１０番地４",,10,204,3792213,,,,,,,2026-07-08,1,,,,,"ティー",0
1290,5070002011315,01,1,2026-07-08,2015-10-05,"有限会社ナガトモ",,302,"群馬県","高崎市","上大類町６１４番地２",,10,202,3700031,,,,,,,2015-10-05,1,,,,,"ナガトモ",0
1291,5080003003731,01,0,2026-07-08,2026-07-08,"Ｖｅｒｇｏ合同会社",,305,"静岡県","静岡市駿河区","小鹿３丁目１６‐５コーポ石切山Ａ２０３",,22,102,4228021,,,,,,,2026-07-08,1,,,,,"ヴェルゴ",0
1292,5080102004655,01,1,2026-07-08,2015-10-05,"有限会社南歩",,302,"静岡県","沼津市","三芳町２番１３号",,22,203,4100038,,,,,,,2015-10-05,1,,,,,"ナンポ",0
1293,5080102007963,01,1,2026-07-08,2015-10-05,"有限会社伊豆合成",,302,"静岡県","伊豆市","牧之郷４２７番地",,22,222,4102401,,,,,,,2015-10-05,1,,,,,"イズゴウセイ",0
1294,5100001024512,12,0,2026-07-08,2026-07-03,"株式会社ＭＩＵＲＡ供給センター",,301,"長野県","飯田市","上郷別府６０番地１",,20,205,3950003,,,,,,,2015-10-05,1,,,,,"ミウラキョウキュウセンター",0
1295,5100001039824,01,0,2026-07-08,2026-07-08,"株式会社くまとしろくま",,301,"長野県","飯田市","鼎西鼎６４３番地６",,20,205,3950026,,,,,,,2026-07-08,1,,,,,"クマトシロクマ",0
1296,5100003008827,01,0,2026-07-08,2026-07-08,"合同会社Ｆｒｏｍ　Ｓｃｒａｔｃｈ",,305,"長野県","木曽郡南木曽町","読書４１８１番地",,20,423,3995301,,,,,,,2026-07-08,1,,,,,"フロムスクラッチ",0
1297,5100005008940,01,1,2026-07-08,2015-10-05,"医療法人林整形外科医院",,399,"長野県","伊那市","西町５７５４番地２",,20,209,3960026,,,,,,,2015-10-05,0,,,,,"ハヤシセイケイゲカ",0
1298,5100005008940,21,0,2026-07-08,2026-07-06,"医療法人林整形外科医院",,399,"長野県","伊那市","西町５７５４番地２",,20,209,3960026,,,2026-07-06,01,,,2015-10-05,1,,,,,"ハヤシセイケイゲカ",0
1299,5100005011580,01,1,2026-07-08,2015-10-05,"特定非営利活動法人屋代高等学校同窓会",,399,"長野県","千曲市","大字屋代１０００番地",,20,218,3870007,,,,,,,2015-10-05,1,,,,,"ヤシロコウトウガッコウドウソウカイ",0
1300,5110001040260,01,0,2026-07-08,2026-07-08,"越後耕信株式会社",,301,"新潟県","新潟市北区","太田甲３９８４番地１",,15,101,9503313,,,,,,,2026-07-08,1,,,,,"エチゴコウシン",0
1301,5110005017379,01,0,2026-07-08,2026-07-08,"一般社団法人つなん地域創生むすひ",,399,"新潟県","中魚沼郡津南町","大字下船渡甲７１９２番地２",,15,482,9498201,,,,,,,2026-07-08,1,,,,,"ツナンチイキソウセイムスヒ",0
1302,5120001062403,01,1,2026-07-08,2015-10-05,"ＪＦＥ商事株式会社",,301,"大阪府","大阪市北区","堂島１丁目６番２０号",,27,127,5300003,,,,,,,2015-10-05,0,,,,,"ジェイエフイーショウジ",0
1303,5120001062403,12,1,2026-07-08,2018-10-02,"ＪＦＥ商事株式会社",,301,"東京都","千代田区","大手町１丁目９番５号",,13,101,1000004,,,,,,,2015-10-05,1,,,,,"ジェイエフイーショウジ",0
1304,5120001087755,12,0,2026-07-08,2026-07-03,"株式会社美装",,301,"大阪府","大阪市中央区","瓦屋町２丁目６番７号",,27,128,5420066,,,,,,,2015-10-05,1,,,,,"ビソウ",0
1305,5120001114716,21,0,2026-07-08,2026-07-01,"株式会社アクセス",,301,"大阪府","大阪市淀川区","加島３丁目５番３３号",,27,123,5320031,,,2026-07-01,01,,,2015-10-05,1,,,,,"アクセス",0
1306,5120001236238,12,0,2026-07-08,2026-07-01,"幸せ株式会社",,301,"大阪府","大阪市中央区","島之内１丁目１９－１５高吉堺筋ビル９階",,27,128,5420082,,,,,,,2021-04-16,1,,,,,"シアワセ",0
1307,5120001243564,12,0,2026-07-08,2026-06-29,"株式会社ＯｎｅＧａｔｅ",,301,"大阪府","大阪市東成区","深江南２丁目１３番２３号２３ハイム１０２号",,27,115,5370002,,,,,,,2022-02-01,1,,,,,"ワンゲート",0
1308,5120001274485,12,0,2026-07-08,2026-07-01,"株式会社１５",,301,"大阪府","守口市","南寺方東通３丁目１１番６号",,27,209,5700043,,,,,,,2025-04-14,1,,,,,"ジュウゴ",0
1309,5120001275145,12,0,2026-07-08,2026-07-01,"株式会社エイト",,301,"大阪府","大阪市生野区","田島１丁目２番２１号",,27,116,5440011,,,,,,,2025-05-02,1,,,,,"エイト",0
1310,5120001276985,12,0,2026-07-08,2026-07-03,"株式会社ｖａｅｎｄｅｌｕｓｔ",,301,"大阪府","大阪市中央区","南久宝寺町４丁目６番９－１００１号",,27,128,5410058,,,,,,,2025-06-18,1,,,,,"ヴァンダラスト",0
1311,5120001278305,12,0,2026-07-08,2026-07-06,"Ｇｌｏｂａｌ・Ｗｅ株式会社",,301,"大阪府","大阪市北区","梅田１丁目１番３号大阪駅前第３ビル１１階２号室",,27,127,5300001,,,,,,,2025-07-29,1,,,,,"グローバルウィー",0
1312,5120001287628,01,0,2026-07-08,2026-07-08,"株式会社絆車体サービス",,301,"大阪府","交野市","倉治４丁目２０番１号",,27,230,5760051,,,,,,,2026-07-08,1,,,,,"キズナシャタイサービス",0
1313,5120001287710,01,0,2026-07-08,2026-07-08,"株式会社ＲＯＥＮ",,301,"大阪府","大阪市城東区","東中浜３丁目１８番２２号１階",,27,118,5360023,,,,,,,2026-07-08,1,,,,,"ロエン",0
1314,5120001287719,01,0,2026-07-08,2026-07-08,"株式会社ＰＵＮＱＬＯＣ",,301,"大阪府","大阪市淀川区","木川東２丁目７番１号",,27,123,5320012,,,,,,,2026-07-08,1,,,,,"パンクロック",0
1315,5120003018122,12,0,2026-07-08,2026-07-01,"合同会社みけ",,305,"大阪府","大阪市西成区","山王２丁目１１番２１号",,27,122,5570001,,,,,,,2020-09-17,1,,,,,"ミケ",0
1316,5120003030894,12,0,2026-07-08,2026-07-06,"合同会社わくれぷ",,305,"大阪府","泉大津市","松之浜町２丁目１２－２６",,27,206,5950072,,,,,,,2025-10-10,1,,,,,"ワクレプ",0
1317,5120005017444,01,1,2026-07-08,2015-10-05,"特定非営利活動法人新いちょう大学校",,399,"大阪府","大阪市中央区","十二軒町一丁目３番１０３号",,27,128,5400015,,,,,,,2015-10-05,1,,,,,"シンイチョウダイガクコウ",0
1318,5120005025637,01,0,2026-07-08,2026-07-08,"一般社団法人ＦＴＬＤ‐Ｊ",,399,"大阪府","枚方市","宮之阪３丁目１６番２１号",,27,210,5730022,,,,,,,2026-07-08,1,,,,,"エフティーエルディージェイ",0
1319,5120005025645,01,0,2026-07-08,2026-07-08,"社会保険労務士法人岩崎共栄会",,399,"大阪府","大阪市浪速区","元町１丁目５番７号ナンバプラザビル",,27,111,5560016,,,,,,,2026-07-08,1,,,,,"イワサキキョウエイカイ",0
1320,5120101003653,01,1,2026-07-08,2015-10-05,"株式会社すまいるサービス",,301,"大阪府","堺市北区","北長尾町４丁５番７号",,27,146,5918043,,,,,,,2015-10-05,0,,,,,"スマイルサービス",0
1321,5120101003653,12,1,2026-07-08,2017-07-03,"株式会社すまいるサービス",,301,"大阪府","堺市西区","上野芝町８丁１４番１６号",,27,144,5938301,,,,,,,2015-10-05,1,,,,,"スマイルサービス",0
1322,5120101074034,01,0,2026-07-08,2026-07-08,"株式会社ノバス",,301,"大阪府","泉佐野市","中庄１９番地の２５",,27,213,5980002,,,,,,,2026-07-08,1,,,,,"ノバス",0
1323,5120901010881,12,0,2026-07-08,2026-07-06,"株式会社小山電気商会",,301,"兵庫県","神戸市兵庫区","梅元町９－３",,28,105,6520003,,,,,,,2015-10-05,1,,,,,"コヤマデンキショウカイ",0
1324,5120901052899,01,0,2026-07-08,2026-07-08,"株式会社ＲＫ",,301,"大阪府","吹田市","竹見台２丁目６番２号",,27,205,5650863,,,,,,,2026-07-08,1,,,,,"アールケイ",0
1325,5120902011664,01,1,2026-07-08,2015-10-05,"渡辺小断有限会社",,302,"大阪府","高槻市","土室町２４番４号",,27,207,5691147,,,,,,,2015-10-05,1,,,,,"ワタナベコダチ",0
1326,5120903006309,01,0,2026-07-08,2026-07-08,"合同会社マグノーリア",,305,"大阪府","豊中市","西泉丘３丁目５番３２号",,27,203,5610862,,,,,,,2026-07-08,1,,,,,"マグノーリア",0
1327,5120905003774,01,1,2026-07-08,2015-10-05,"社会福祉法人池田さつき会",,399,"大阪府","池田市","東山町５５５番１",,27,204,5630012,,,,,,,2015-10-05,1,,,,,,0
1328,5122001007239,01,1,2026-07-08,2015-10-05,"株式会社宮内工業",,301,"大阪府","東大阪市","衣摺５丁目１６番８号",00034335,27,227,5770827,,,,,,,2015-10-05,1,,,,,"ミヤウチコウギョウ",0
1329,5122001040693,01,0,2026-07-08,2026-07-08,"株式会社２４",,301,"大阪府","大東市","深野４丁目１３番４１号",,27,218,5740072,,,,,,,2026-07-08,1,,,,,"ニシ",0
1330,5122002015703,01,1,2026-07-08,2015-10-05,"有限会社てらだ",,302,"大阪府","八尾市","萱振町３丁目４３番地６",,27,212,5810834,,,,,,,2015-10-05,1,,,,,"テラダ",0
1331,5122002015975,11,0,2026-07-08,2026-07-06,"有限会社クロダ",,302,"大阪府","八尾市","老原３丁目６１番地の６",,27,212,5810092,,,,,,,2015-10-05,1,,,,,"クロダ",0
1332,5122003003574,01,0,2026-07-08,2026-07-08,"合同会社フォート",,305,"大阪府","東大阪市","俊徳町４丁目１０番２１－１０６号",,27,227,5770831,,,,,,,2026-07-08,1,,,,,"フォート",0
1333,5122005001898,12,0,2026-07-08,2026-07-02,"医療法人厚生医学会",,399,"大阪府","八尾市","西木の本１丁目６２番地の１",,27,212,5810045,,,,,,,2015-10-05,1,,,,,"コウセイイガクカイ",0
1334,5130001081253,21,0,2026-07-08,2026-06-22,"株式会社ＬｉｆｅＢｒｉｄｇｅ",,301,"京都府","京都市山科区","勧修寺閑林寺９６番地９",,26,110,6078217,,,2026-06-22,01,,,2025-12-18,1,,,,,"ライフブリッジ",0
1335,5130002002175,01,1,2026-07-08,2015-10-05,"有限会社織吉",00036867,302,"京都府","京都市上京区","新町通今出川上る元新在家町１６１番地の２",,26,102,6020042,,,,,,,2015-10-05,1,,,,,"オリキチキチ",0
1336,5140001044036,01,1,2026-07-08,2015-10-05,"株式会社曽根鋳造所",,301,"兵庫県","高砂市","梅井５丁目２番６号",,28,216,6760074,,,,,,,2015-10-05,1,,,,,"ソネチュウジョウショ",0
1337,5140001091516,12,0,2026-07-08,2026-07-03,"株式会社ロウエ",,301,"大阪府","大阪市西淀川区","大和田２丁目１番２０号",,27,113,5550032,,,,,,,2015-10-05,1,,,,,"ロウエ",0
1338,5140001128763,12,0,2026-07-08,2026-07-02,"株式会社グローカル",,301,"兵庫県","尼崎市","西立花町３丁目８番１３号",,28,202,6600054,,,,,,,2023-01-16,1,,,,,"グローカル",0
1339,5140001139819,11,0,2026-07-08,2026-07-01,"株式会社あずまるふぁーむ",,301,"兵庫県","三田市","上相野５５５番地１",,28,219,6691346,,,,,,,2025-09-01,1,,,,,"アズマルファーム",0
1340,5140003022246,12,0,2026-07-08,2026-07-01,"ＪＳパートナーズ合同会社",,305,"兵庫県","加古川市","神野町石守１６３２番地",,28,210,6750005,,,,,,,2025-06-25,1,,,,,"ジェーエスパートナーズ",0
1341,5140005005505,21,0,2026-07-08,2026-06-30,"医療法人社団大賀医院",,399,"兵庫県","明石市","天文町２丁目１番３２号",,28,203,6730881,,,2026-06-30,01,,,2015-10-05,1,,,,,"オオガイイン",0
1342,5150001014145,01,1,2026-07-08,2015-10-05,"株式会社ケーティエム",,301,"奈良県","北葛城郡広陵町","馬見北４丁目１７番３２号",,29,426,6350831,,,,,,,2015-10-05,1,,,,,"ケーティエム",0
1343,5150005009166,01,1,2026-07-08,2020-04-10,"一般社団法人日本空手拳道連合",,399,"奈良県","生駒市","小瀬町７９５番地１",,29,209,6300223,,,,,,,2020-04-10,1,,,,,"ニホンカラテケンドウレンゴウ",0
1344,5160001014219,01,1,2026-07-08,2015-10-05,"近江度量衡株式会社",,301,"滋賀県","草津市","東矢倉３丁目１１番７０号",,25,206,5250054,,,,,,,2015-10-05,1,,,,,"オウミドリョウコウカブ",0
1345,5160005005866,01,1,2026-07-08,2015-10-05,"白鳥神社",,399,"滋賀県","東近江市","市原野町２１２８番地１",,25,213,5270224,,,,,,,2015-10-05,1,,,,,"シラトリジンジャ",0
1346,5170002001652,01,1,2026-07-08,2015-10-05,"有限会社サポートワークわかやま",,302,"和歌山県","和歌山市","西浜１６６０番地の３３１",,30,201,6410036,,,,,,,2015-10-05,1,,,,,"サポートワークワカヤマ",0
1347,5180001122440,01,1,2026-07-08,2016-03-09,"株式会社加藤ＭＣサービス",,301,"愛知県","名古屋市緑区","池上台２丁目２番地",,23,114,4580044,,,,,,,2016-03-09,0,,,,,"カトウエムシーサービス",0
1348,5180001122440,12,1,2026-07-08,2026-07-01,"株式会社加藤ＭＣサービス",,301,"愛知県","名古屋市緑区","鳴子町４丁目４９番地第６カンテ７０４号室",,23,114,4580041,,,,,,,2016-03-09,1,,,,,"カトウエムシーサービス",0
1349,5180001134956,21,0,2026-07-08,2026-06-29,"株式会社たまご家",,301,"愛知県","犬山市","大字五郎丸字隅田７番地",,23,215,4840066,,,2026-06-29,01,,,2018-12-28,1,,,,,"タマゴヤ",0
1350,5180001144625,12,0,2026-07-08,2026-06-29,"ＩＭＰＥＲＩＯＮＳ　ＣＯＭＰＡＮＹ株式会社",,301,"愛知県","安城市","三河安城本町１丁目３１番地２",,23,212,4460059,,,,,,,2021-02-02,1,,,,,"インペリオンスカンパニー",0
1351,5180001164945,12,0,2026-07-08,2026-06-30,"株式会社ＲＩＳＥ",,301,"愛知県","あま市","七宝町遠島南萱苅島７２番地",,23,237,4970002,,,,,,,2025-01-10,1,,,,,"ライズ",0
1352,5180001172584,01,0,2026-07-08,2026-07-08,"三永設備株式会社",,301,"愛知県","名古屋市守山区","大字中志段味字大洞口２７４３番地１シャトー守山１０１号",,23,113,4630002,,,,,,,2026-07-08,1,,,,,"サンエイセツビ",0
1353,5180001172601,01,0,2026-07-08,2026-07-08,"株式会社Ｔネクスト",,301,"愛知県","一宮市","浅野字大西２８番地１",,23,203,4910871,,,,,,,2026-07-08,1,,,,,"ティーネクスト",0
1354,5180001172626,01,0,2026-07-08,2026-07-08,"株式会社テラニシ",,301,"愛知県","名古屋市中村区","城主町４丁目１５番地",,23,105,4530819,,,,,,,2026-07-08,1,,,,,"テラニシ",0
1355,5180001172634,01,0,2026-07-08,2026-07-08,"株式会社亀屋",,301,"愛知県","名古屋市守山区","大森５丁目１１０５番地",,23,113,4630021,,,,,,,2026-07-08,1,,,,,"カメヤ",0
1356,5180001172667,01,0,2026-07-08,2026-07-08,"ＴＫリアルエステート株式会社",,301,"愛知県","清須市","西田中蓮池１１３番地１",,23,233,4520933,,,,,,,2026-07-08,1,,,,,"ティーケーリアルエステート",0
1357,5180002037530,12,0,2026-07-08,2026-06-25,"有限会社Ｌ．Ｉ．Ｃヒューマンタッチ",,302,"愛知県","名古屋市瑞穂区","彌富町字清水ケ岡１番地の２",,23,108,4670038,,,,,,,2015-10-05,1,,,,,"リックヒューマンタッチ",0
1358,5180002078863,71,0,2026-07-08,2026-07-01,"株式会社細田建築",,301,"愛知県","一宮市","西中野字下中野２０７番地の１",,23,203,4940015,,,,,,"令和８年７月１日愛知県一宮市西中野字下中野２０７番地１株式会社グランドステージ（1180001104153）を合併",2015-10-05,1,,,,,"ホソダケンチク",0
1359,5180301038881,12,0,2026-07-08,2026-07-06,"株式会社ＨＥＲＩＴＡＧＥ",,301,"愛知県","海部郡蟹江町","城２丁目４５８番地ライオンズマンション蟹江本町１００２号",,23,425,4970040,,,,,,,2024-07-25,1,,,,,"ヘリテージ",0
1360,5200001005056,01,1,2026-07-08,2015-10-05,"丸東食品株式会社",,301,"岐阜県","岐阜市","長良若葉町２丁目１番地の１",,21,201,5020029,,,,,,,2015-10-05,0,,,,,,0
1361,5200001005056,21,0,2026-07-08,2026-07-02,"丸東食品株式会社",,301,"岐阜県","岐阜市","長良若葉町２丁目１番地の１",,21,201,5020029,,,2026-07-02,01,,,2015-10-05,1,,,,,,0
1362,5210001017678,01,1,2026-07-08,2019-08-14,"福井県並行在来線準備株式会社",,301,"福井県","福井市","大手３丁目１７番１号",,18,201,9100005,,,,,,,2019-08-14,0,,,,,"フクイケンヘイコウザイライセンジュンビ",0
1363,5210001017678,12,1,2026-07-08,2020-06-04,"福井県並行在来線準備株式会社",,301,"福井県","福井市","大手２丁目４番１３号",,18,201,9100005,,,,,,,2019-08-14,0,,,,,"フクイケンヘイコウザイライセンジュンビ",0
1364,5210001017678,11,1,2026-07-08,2022-07-04,"株式会社ハピラインふくい",,301,"福井県","福井市","大手２丁目４番１３号",,18,201,9100005,,,,,,,2019-08-14,0,,,,,,0
1365,5210001017678,12,1,2026-07-08,2024-11-20,"株式会社ハピラインふくい",,301,"福井県","福井市","大手１丁目２０１番地２",,18,201,9100005,,,,,,,2019-08-14,1,,,,,,0
1366,5210005007857,01,1,2026-07-08,2015-10-05,"南条郡森林組合",,399,"福井県","南条郡南越前町","今庄２号１８番地の１",,18,404,9190131,,,,,,,2015-10-05,1,,,,,,0
1367,5220001007133,21,0,2026-07-08,2026-07-01,"株式会社ヤギ食品",,301,"石川県","金沢市","北町丁５６番地１",,17,201,9200055,,,2026-07-01,11,8220001001612,"令和８年７月１日石川県金沢市北町丁５６番地１株式会社桶川住吉商店（8220001001612）に合併し解散",2015-10-05,1,,,,,"ヤギショクヒン",0
1368,5220001027478,01,0,2026-07-08,2026-07-08,"トヨダノキカク株式会社",,301,"石川県","加賀市","新保町ウ１３番地５",,17,206,9220401,,,,,,,2026-07-08,1,,,,,"トヨダノキカク",0
1369,5220005007526,01,1,2026-07-08,2015-10-05,"特定非営利活動法人加賀市スポーツ振興事業団",,399,"石川県","加賀市","山代温泉山背台１丁目２４番の１",,17,206,9220245,,,,,,,2015-10-05,1,,,,,"カガシスポーツシンコウジギョウダン",0
1370,5230001002496,71,0,2026-07-08,2026-07-01,"バイホロン株式会社",,301,"富山県","富山市","南央町３７番地の１０",,16,201,9398232,,,,,,"令和８年７月１日富山市中大久保３５７番地の１バイホロントレーディング株式会社（9230001001577）を合併",2015-10-05,1,,,,,"バイホロン",0
1371,5230001015985,21,0,2026-07-08,2026-07-01,"株式会社ぷちジャパン",,301,"富山県","富山市","小杉４０番地２",,16,201,9398063,,,2026-07-01,11,9230001006097,"令和８年７月１日富山市根塚町一丁目３番地２株式会社オオサワ（9230001006097）に合併し解散",2015-10-05,1,,,,,"プチジャパン",0
1372,5230001016166,21,0,2026-07-08,2026-07-01,"株式会社グランルー",,301,"富山県","富山市","小杉４０番地２",,16,201,9398063,,,2026-07-01,11,9230001006097,"令和８年７月１日富山市根塚町一丁目３番地２株式会社オオサワ（9230001006097）に合併し解散",2015-11-06,1,,,,,"グランルー",0
1373,5230001021505,01,0,2026-07-08,2026-07-08,"株式会社ＰＵＩＰＵＩ　ｃｒｅａｔｉｖｅ",,301,"富山県","富山市","黒瀬８６７番地９デュエット黒瀬Ｂ棟１０３号",,16,201,9398213,,,,,,,2026-07-08,1,,,,,"プイプイクリエイティブ",0
1374,5230005000331,01,1,2026-07-08,2015-10-05,"学校法人三輪学園",,399,"富山県","富山市","藤木１２９１番地",,16,201,9300936,,,,,,,2015-10-05,1,,,,,,0
1375,5240001021545,12,0,2026-07-08,2026-07-02,"株式会社リーダム企画",,301,"岡山県","岡山市北区","北長瀬表町３丁目１３番２８号",,33,101,7000962,,,,,,,2015-10-05,1,,,,,"リーダムキカク",0
1376,5240001028177,21,0,2026-07-08,2026-06-30,"株式会社理建",,301,"広島県","廿日市市","峠６３８番地の１",,34,213,7380202,,,2026-06-30,01,,,2015-10-05,1,,,,,,0
1377,5240001066755,01,0,2026-07-08,2026-07-08,"株式会社ホームスマート",,301,"広島県","広島市安佐南区","西原２丁目３２番１４号シティブリッジ西原５０１号",,34,105,7310113,,,,,,,2026-07-08,1,,,,,"ホームスマート",0
1378,5240001066763,01,0,2026-07-08,2026-07-08,"株式会社ＲＢ",,301,"広島県","広島市西区","井口４丁目７－２２－２００３",,34,104,7330842,,,,,,,2026-07-08,1,,,,,"アールビー",0
1379,5240001066771,01,0,2026-07-08,2026-07-08,"ＨｉｒｏｓｈｉｍＡＩ株式会社",,301,"広島県","広島市中区","紙屋町１丁目４番３－７０２号",,34,101,7300031,,,,,,,2026-07-08,1,,,,,"ヒロシマエーアイ",0
1380,5240002048125,01,1,2026-07-08,2015-10-05,"有限会社佐野木工所",,302,"広島県","安芸郡熊野町","呉地２丁目１１番２号",,34,307,7314222,,,,,,,2015-10-05,1,,,,,"サノモッコウショ",0
1381,5240005007499,71,0,2026-07-08,2026-06-15,"田村荒神社",,399,"広島県","福山市","神辺町字下御領１２２９番地",,34,207,7202117,,,,,,"広島県福山市神辺町字下御領１１８０・１１８１番地金井神社（1240005007461）を合併",2015-10-05,1,,,,,"タムラコウジンジャ",0
1382,5250002018143,21,0,2026-07-08,2026-07-06,"有限会社白銀工業",,302,"山口県","岩国市","保津町２丁目１４番３６号",,35,208,7400043,,,2026-07-06,01,,,2015-10-05,1,,,,,,0
1383,5250003004002,01,0,2026-07-08,2026-07-08,"合同会社ＫＯＨＡＭＡ",,305,"山口県","周南市","大字夜市７６１番地の５",,35,215,7460084,,,,,,,2026-07-08,1,,,,,"コハマ",0
1384,5260001017161,21,0,2026-07-08,2026-07-03,"株式会社プチ・ルージュ",,301,"岡山県","倉敷市","宮前６７－１６",,33,202,7100065,,,2026-07-03,01,,,2015-10-05,1,,,,,"プチルージュ",0
1385,5260001022723,12,0,2026-07-08,2026-07-01,"山陽精機株式会社",,301,"岡山県","真庭市","開田１２５番地",,33,214,7193111,,,,,,,2015-10-05,1,,,,,"サンヨウセイキ",0
1386,5260001028497,21,0,2026-07-08,2026-07-06,"株式会社ＳｕｎＳｅｔ．",,301,"岡山県","真庭市","台金屋６番地１９",,33,214,7193227,,,2026-07-06,01,,,2015-10-05,1,,,,,,0
1387,5260001037820,12,0,2026-07-08,2026-06-26,"仙煉株式会社",,301,"岡山県","倉敷市","茶屋町４００番地８カスミソウ１０１号",,33,202,7101101,,,,,,,2023-04-04,1,,,,,"センレン",0
1388,5260002029536,21,0,2026-07-08,2026-06-30,"有限会社三村商事",,302,"岡山県","津山市","北園町４７番地の３",,33,203,7080003,,,2026-06-30,01,,,2015-10-05,1,,,,,"ミムラショウジ",0
1389,5260002032457,21,0,2026-07-08,2026-06-30,"有限会社梶原農産",,302,"岡山県","瀬戸内市","邑久町下山田１０１０番地",,33,212,7014216,,,2026-06-30,01,,,2015-10-05,1,,,,,"カジワラノウサン",0
1390,5280001004430,71,0,2026-07-08,2026-07-03,"三櫻酒造株式会社",,301,"島根県","浜田市","黒川町１４２番地５",,32,202,6970024,,,,,,"令和８年６月３０日島根県浜田市黒川町１４２番地５株式会社桜商会（3280001004283）を合併",2015-10-05,1,,,,,"ミツザクラシュゾウ",0
1391,5280002008934,12,0,2026-07-08,2026-07-07,"有限会社くまハウス",,302,"島根県","松江市","国屋町１０８番地",,32,201,6900859,,,,,,,2015-10-05,1,,,,,"クマハウス",0
1392,5280005005391,01,1,2026-07-08,2015-10-05,"指月神社",,399,"島根県","鹿足郡吉賀町","沢田９７０番地２",,32,505,6995516,,,,,,,2015-10-05,1,,,,,,0
1393,5290001114658,01,0,2026-07-08,2026-07-08,"株式会社ＫＸＫ",,301,"福岡県","福岡市東区","東浜１丁目３番３２－５０７号",,40,131,8120055,,,,,,,2026-07-08,1,,,,,"ケイバイケイ",0
1394,5290001114666,01,0,2026-07-08,2026-07-08,"株式会社Ｒｅｐｌｕｓ",,301,"福岡県","福岡市城南区","南片江６丁目２４番３－１０３号サンヒルズ安田",,40,136,8140143,,,,,,,2026-07-08,1,,,,,"リプラス",0
1395,5290001114682,01,0,2026-07-08,2026-07-08,"株式会社ＰＬＡＳ",,301,"福岡県","みやま市","高田町昭和開１３２番地",,40,229,8390201,,,,,,,2026-07-08,1,,,,,"プラス",0
1396,5290002013132,01,1,2026-07-08,2015-10-05,"有限会社松岡ピアノシヨツプ",,302,"福岡県","福岡市中央区","渡辺通２丁目１番２６号",,40,133,8100004,,,,,,,2015-10-05,0,,,,,"マツオカピアノショップ",0
1397,5290002013132,12,1,2026-07-08,2018-05-10,"有限会社松岡ピアノシヨツプ",,302,"福岡県","福岡市中央区","地行４丁目６番１６－３０７号",,40,133,8100064,,,,,,,2015-10-05,1,,,,,"マツオカピアノショップ",0
1398,5290002037346,01,1,2026-07-08,2015-10-05,"有限会社泉建材",,302,"福岡県","糟屋郡篠栗町","大字尾仲１０５７番地",,40,342,8112413,,,,,,,2015-10-05,0,,,,,"イズミケンザイ",0
1399,5290002037346,12,1,2026-07-08,2026-06-23,"有限会社泉建材",,302,"福岡県","糟屋郡篠栗町","尾仲３丁目２０番１号",,40,342,8112413,,,,,,,2015-10-05,1,,,,,"イズミケンザイ",0
1400,5290003009534,11,0,2026-07-08,2026-07-01,"株式会社ＡＲＥＭＩＡ",,301,"福岡県","糸島市","志摩稲留１４５番地１３",,40,230,8191313,,,,,,,2019-11-25,1,,,,,"アレミア",0
1401,5290003018650,01,0,2026-07-08,2026-07-08,"合同会社イトシマベース",,305,"福岡県","糸島市","美咲が丘３丁目１番３号",,40,230,8191136,,,,,,,2026-07-08,1,,,,,"イトシマベース",0
1402,5290801013539,01,1,2026-07-08,2015-10-05,"株式会社東菱プラントサービス",,301,"福岡県","北九州市小倉北区","中島１丁目１番１号",,40,106,8020076,,,,,,,2015-10-05,1,,,,,,0
1403,5290801016822,01,1,2026-07-08,2015-10-05,"株式会社トータルテクノサポート",,301,"福岡県","田川市","大字弓削田６０５番地の１４",,40,206,8260041,,,,,,,2015-10-05,1,,,,,"トータルテクノサポート",0
1404,5290802011203,01,1,2026-07-08,2015-10-05,"有限会社ＦＵ．",,302,"福岡県","北九州市門司区","大里本町３丁目６番１号",,40,101,8000063,,,,,,,2015-10-05,1,,,,,"エフユー",0
1405,5290802011517,21,0,2026-07-08,2026-06-23,"Ｌｉｅｂｅエンタープライズ有限会社",,302,"福岡県","北九州市小倉南区","葉山町３丁目１３番１０号",,40,107,8020837,,,2026-06-23,01,,,2015-10-05,1,,,,,,0
1406,5290805009946,01,0,2026-07-08,2026-07-08,"一般社団法人日本ゴルフリーグ連盟",,399,"福岡県","北九州市小倉南区","守恒２丁目８－３３－１２１１",,40,107,8020972,,,,,,,2026-07-08,1,,,,,"ニホンゴルフリーグレンメイ",0
1407,5300005005356,12,0,2026-07-08,2026-07-06,"社会福祉法人りんどう会",,399,"佐賀県","唐津市","浜玉町平原甲１０１６番地１",,41,202,8495112,,,,,,,2015-10-05,1,,,,,"リンドウカイ",0
1408,5310001016901,12,0,2026-07-08,2026-07-01,"アグレアーズ株式会社",,301,"長崎県","西彼杵郡長与町","高田郷３４５５",,42,307,8512127,,,,,,,2020-10-06,1,,,,,"アグレアーズ",0
1409,5320001014912,01,1,2026-07-08,2016-05-11,"株式会社ＳＵＲＶＥＹ",,301,"大分県","大分市","西大道１丁目１番６３号（第五大成ビル１Ｆ）",,44,201,8700820,,,,,,,2016-05-11,0,,,,,"サーベイ",0
1410,5320001014912,12,1,2026-07-08,2017-09-01,"株式会社ＳＵＲＶＥＹ",,301,"大分県","大分市","大字畑中８５０番地の３",,44,201,8700856,,,,,,,2016-05-11,0,,,,,"サーベイ",0
1411,5320001014912,12,1,2026-07-08,2020-01-29,"株式会社ＳＵＲＶＥＹ",,301,"大分県","大分市","畑中１丁目１０番２０号",,44,201,8700856,,,,,,,2016-05-11,1,,,,,"サーベイ",0
1412,5320001021792,01,0,2026-07-08,2026-07-08,"株式会社高野創建",00144227,301,"大分県","大分市","下郡中央２丁目１番３８号ウィンクルム田島Ｉ２０３",00144228,44,201,8700954,,,,,,,2026-07-08,1,,,,,"タカノソウケン",0
1413,5320001021801,01,0,2026-07-08,2026-07-08,"株式会社ＳＱＣ",,301,"大分県","大分市","上野丘１丁目１１番１５号",,44,201,8700835,,,,,,,2026-07-08,1,,,,,"エスキューシー",0
1414,5320003005026,01,0,2026-07-08,2026-07-08,"合同会社Ｗ．Ａ．Ｇｒｏｕｐ",,305,"大分県","宇佐市","大字四日市２６３７番地の３",,44,211,8790471,,,,,,,2026-07-08,1,,,,,"ワグループ",0
1415,5330001034447,01,0,2026-07-08,2026-07-08,"株式会社ＱｕｅｅｎＢｅｅ",,301,"熊本県","熊本市中央区","下通１丁目４番２６号リンクプレイスビル２Ｆ",,43,101,8600807,,,,,,,2026-07-08,1,,,,,"クイーンビー",0
1416,5340001023663,21,0,2026-07-08,2026-06-26,"株式会社Ｋｅｉ",,301,"鹿児島県","鹿児島市","牟礼岡３丁目１３番３号",,46,201,8911306,,,2026-06-26,01,,,2021-04-05,1,,,,,"ケイ",0
1417,5350003005246,01,0,2026-07-08,2026-07-08,"合同会社ＮＩＫＩ",,305,"宮崎県","日南市","飫肥２丁目４番２号",,45,204,8892535,,,,,,,2026-07-08,1,,,,,"ニキ",0
1418,5360001032919,01,1,2026-07-08,2023-12-15,"株式会社ＯＮＩＩＭＡＮ",,301,"沖縄県","中頭郡読谷村","字長浜１４３６番地",,47,324,9040324,,,,,,,2023-12-15,1,,,,,,0
1419,5360003003629,12,0,2026-07-08,2026-07-02,"株式会社東球物産",,301,"東京都","世田谷区","船橋３丁目４番６号－８",,13,112,1560055,,,,,,,2015-10-05,1,,,,,"トウキュウブッサン",0
1420,5360005003230,01,1,2026-07-08,2015-10-05,"社会福祉法人松籟会",,399,"沖縄県","名護市","字宇茂佐１８７３番地の１",,47,209,9050006,,,,,,,2015-10-05,1,,,,,"ショウライカイ",0
1421,5370001047016,12,0,2026-07-08,2026-07-03,"中野屋兄弟商事株式会社",,301,"東京都","三鷹市","上連雀１丁目６番１２号－５",,13,204,1810012,,,,,,,2021-04-23,1,,,,,"ナカノヤケイテイショウジ",0
1422,5370001048393,21,0,2026-07-08,2026-06-30,"株式会社ウイング",,301,"宮城県","仙台市宮城野区","清水沼３丁目３番３３－３０２号",,04,102,9830845,,,2026-06-30,01,,,2022-04-04,1,,,,,"ウイング",0
1423,5370002001491,12,0,2026-07-08,2026-07-03,"株式会社ＳＪＫコーポレーション",,301,"埼玉県","さいたま市南区","大字太田窪２９８２",,11,108,3360015,,,,,,,2015-10-05,1,,,,,"エスジェイケイコーポレション",0
1424,5380001036190,01,0,2026-07-08,2026-07-08,"株式会社永野会計事務所",,301,"福島県","須賀川市","森宿字海道西３１番地５カシータ海道西Ｂ",,07,207,9620001,,,,,,,2026-07-08,1,,,,,"ナガノカイケイジムショ",0
1425,5380005007048,12,0,2026-07-08,2026-06-25,"相馬地方森林組合",,399,"福島県","南相馬市","鹿島区小池字原畑７３４番地",,07,212,9792453,,,,,,,2015-10-05,1,,,,,"ソウマチホウ",0
1426,5410001005670,21,0,2026-07-08,2026-07-01,"株式会社田代電設",,301,"秋田県","雄勝郡羽後町","字南元西３７番地５",,05,463,0121100,,,2026-07-01,11,2010101002537,"令和８年７月１日秋田県湯沢市小野字油屋敷１５番地株式会社電設（2010101002537）に合併し解散",2015-10-05,1,,,,,"タシロデンセツ",0
1427,5410001008434,21,0,2026-07-08,2026-07-01,"大同企画開発株式会社",,301,"秋田県","大仙市","角間川町字中町頭１４番地",,05,212,0141413,,,2026-07-01,11,7410001008003,"令和８年７月１日秋田県大仙市角間川町字四上町７番地大同衣料株式会社（7410001008003）に合併し解散",2015-10-05,1,,,,,"ダイドウキカクカイハツ",0
1428,5430001038289,12,0,2026-07-08,2026-07-02,"株式会社ノースブリッジ",,301,"北海道","札幌市中央区","南十条西２１丁目５番８－３０３号",,01,101,0640810,,,,,,,2015-10-05,1,,,,,"ノースブリッジ",0
1429,5430001097244,01,0,2026-07-08,2026-07-08,"ＭＣＬ株式会社",,301,"北海道","札幌市豊平区","美園二条４丁目４番１１号",,01,105,0620002,,,,,,,2026-07-08,1,,,,,"エムシーエル",0
1430,5430001097260,01,0,2026-07-08,2026-07-08,"ｋｏｎｏｈａｎａ株式会社",,301,"北海道","札幌市北区","北二十一条西１１丁目北海道大学フード＆メディカルイノベーション国際拠点１階ＨＸ内",,01,102,0010021,,,,,,,2026-07-08,1,,,,,"コノハナ",0
1431,5430003015484,12,0,2026-07-08,2026-07-06,"合同会社ｓｈｉｏｍｉｄａｉ",,305,"北海道","札幌市中央区","南七条西１丁目１番地１ブランズ札幌南７条１４０２号",,01,101,0640807,,,,,,,2023-10-03,1,,,,,"シオミダイ",0
1432,5430003019139,01,0,2026-07-08,2026-07-08,"合同会社東光",,305,"北海道","札幌市中央区","南五条西６丁目９番地３ニュー桂和ビル６階１４号",,01,101,0640805,,,,,,,2026-07-08,1,,,,,"トウコウ",0
1433,5430003019147,01,0,2026-07-08,2026-07-08,"合同会社Ｆａｍｉｌｙ　Ｇａｒａｇｅ",,305,"北海道","札幌市北区","新琴似町９９８‐１９",,01,102,0010915,,,,,,,2026-07-08,1,,,,,"ファミリーガレージ",0
1434,5430005000419,12,0,2026-07-08,2026-06-29,"御嶽山教会",,399,"北海道","札幌市東区","北四十二条東５丁目２番１５号１０２",,01,103,0070842,,,,,,,2015-10-05,1,,,,,"ミタケサンキョウカイ",0
1435,5450005002099,12,0,2026-07-08,2026-07-01,"一般社団法人ふらの観光協会",,399,"北海道","富良野市","日の出町１番３０号ＪＲ富良野駅横",,01,229,0760025,,,,,,,2015-10-05,1,,,,,"フラノカンコウキョウカイ",0
1436,5460302000250,01,1,2026-07-08,2015-10-05,"有限会社おおつか薬局",,302,"北海道","北見市","美芳町４丁目５番１９号",,01,208,0900064,,,,,,,2015-10-05,0,,,,,,0
1437,5460302000250,21,1,2026-07-08,2025-04-30,"有限会社おおつか薬局",,302,"北海道","北見市","美芳町４丁目５番１９号",,01,208,0900064,,,2025-04-30,01,,,2015-10-05,0,,,,,,0
1438,5460302000250,22,1,2026-07-08,2026-07-01,"有限会社おおつか薬局",,302,"北海道","北見市","美芳町４丁目５番１９号",,01,208,0900064,,,,,,,2015-10-05,1,,,,,,0
1439,5470001021299,01,1,2026-07-08,2026-07-01,"三好食品株式会社",,301,"香川県","丸亀市","葭町７５番地",,37,202,7630003,,,,,,,2026-07-01,0,,,,,"ミヨシショクヒン",0
1440,5470001021299,21,0,2026-07-08,2026-07-02,"三好食品株式会社",,301,"香川県","丸亀市","葭町７５番地",,37,202,7630003,,,2026-07-02,01,,,2026-07-01,1,,,,,"ミヨシショクヒン",0
1441,5470002013618,12,0,2026-07-08,2026-07-01,"有限会社リフォーム香川",,302,"香川県","丸亀市","川西町北９４番地５",,37,202,7630091,,,,,,,2015-10-05,1,,,,,"リフォームカガワ",0
1442,5470003003155,01,0,2026-07-08,2026-07-08,"合同会社ＫＧ",,305,"香川県","高松市","木太町２８４９番地１０",,37,201,7600080,,,,,,,2026-07-08,1,,,,,,0
1443,5500003003779,01,0,2026-07-08,2026-07-08,"合同会社ナギノハナ",,305,"愛媛県","松山市","井門町１２１２番地２",,38,201,7911114,,,,,,,2026-07-08,1,,,,,"ナギノハナ",0
1444,5700150107346,12,0,2026-07-08,2026-04-01,"滋賀県特別支援学校ＰＴＡ連絡協議会",,499,"滋賀県","甲賀市","甲南町寺庄４２７　甲南高等養護学校内",,25,209,5203301,,,,,,,2022-03-10,1,,,,,"シガケントクベツシエンガツコウピーテイーエーレンラクキヨウギカイ",0
1445,6010001064475,01,1,2026-07-08,2015-10-05,"株式会社ハート・フル",,301,"東京都","文京区","千駄木３丁目５番３号",,13,105,1130022,,,,,,,2015-10-05,1,,,,,"ハートフル",0
1446,6010001131985,01,1,2026-07-08,2015-10-05,"辰東エレベーター工業株式会社",,301,"東京都","千代田区","東神田２丁目８番７号",,13,101,1010031,,,,,,,2015-10-05,1,,,,,"シントウ",0
1447,6010001163038,01,1,2026-07-08,2015-10-05,"古美術摩訶株式会社",,301,"東京都","千代田区","神田神保町１丁目１４番地",,13,101,1010051,,,,,,,2015-10-05,1,,,,,"コビジュツマカ",0
1448,6010001251387,11,0,2026-07-08,2026-06-30,"ＪＲＥＦＴｒｕｓｔ株式会社",,301,"東京都","文京区","白山１丁目６番４号－Ａ０９",,13,105,1130001,,,,,,,2025-01-15,1,,,,,,0
1449,6010001266963,01,0,2026-07-08,2026-07-08,"ＰＬＯＭＩＡ株式会社",,301,"東京都","千代田区","平河町１丁目４番１５号",,13,101,1020093,,,,,,,2026-07-08,1,,,,,"プロミア",0
1450,6010001267012,01,0,2026-07-08,2026-07-08,"株式会社ＥＬＳＯＲＡ",,301,"東京都","中央区","日本橋堀留町１丁目１０番１号",,13,102,1030012,,,,,,,2026-07-08,1,,,,,"エルソラ",0
1451,6010001267029,01,0,2026-07-08,2026-07-08,"株式会社セブン‐イレブン・アドコネクト",,301,"東京都","千代田区","二番町８番地８",,13,101,1020084,,,,,,,2026-07-08,1,,,,,,0
1452,6010002003572,01,1,2026-07-08,2015-10-05,"有限会社大仙",,302,"東京都","文京区","小石川２丁目１８番１３号",,13,105,1120002,,,,,,,2015-10-05,1,,,,,"ダイセン",0
1453,6010002004827,01,1,2026-07-08,2015-10-05,"有限会社浜インテリヤ",,302,"東京都","文京区","千駄木４丁目１８番１８号",,13,105,1130022,,,,,,,2015-10-05,1,,,,,"ハマインテリヤ",0
1454,6010002024354,01,1,2026-07-08,2015-10-05,"有限会社福本事務所",00049823,302,"東京都","中央区","日本橋箱崎町２０番３号",,13,102,1030015,,,,,,,2015-10-05,1,,,,,"フクモトジムショ",0
1455,6010003051868,01,0,2026-07-08,2026-07-08,"ＩＬＣＪ合同会社",,305,"東京都","中央区","銀座１丁目１２番４号Ｎ＆ＥＢＬＤ．６Ｆ",,13,102,1040061,,,,,,,2026-07-08,1,,,,,"アイエルシージェ",0
1456,6010003051967,01,0,2026-07-08,2026-07-08,"博多アイランドシティ合同会社",,305,"東京都","千代田区","丸の内１丁目１１番１号",,13,101,1000005,,,,,,,2026-07-08,1,,,,,"ハカタアイランドシティ",0
1457,6010005010178,01,1,2026-07-08,2015-10-05,"特定非営利活動法人ＶＣＡＳ",,399,"東京都","豊島区","長崎２丁目２０番３号",,13,116,1710051,,,,,,,2015-10-05,1,,,,,,0
1458,6010005033889,21,0,2026-07-08,2026-06-25,"Ｅａｓｔ　Ｃａｓｔｌｅ特定目的会社",,399,"東京都","千代田区","丸の内１丁目４番１号東京共同会計事務所内",,13,101,1000005,,,2026-06-25,01,,,2021-09-01,1,,,,,"イーストキャッスル",0
1459,6010005042015,01,0,2026-07-08,2026-07-08,"特定目的会社Ｏｈｉｎａｔａ",,399,"東京都","千代田区","丸の内１丁目４番１号東京共同会計事務所内",,13,101,1000005,,,,,,,2026-07-08,1,,,,,"オオヒナタ",0
1460,6010005042064,01,0,2026-07-08,2026-07-08,"神楽坂一般社団法人",,399,"東京都","千代田区","丸の内１丁目４番１号東京共同会計事務所内",,13,101,1000005,,,,,,,2026-07-08,1,,,,,"カグラザカ",0
1461,6010103002853,01,0,2026-07-08,2026-07-08,"合同会社ケルティック・ムーン",,305,"東京都","八王子市","高尾町１７８３番地６",,13,201,1930844,,,,,,,2026-07-08,1,,,,,"ケルティックムーン",0
1462,6010401066617,71,0,2026-07-08,2026-06-01,"プラス株式会社",,301,"東京都","港区","虎ノ門４丁目１番２８号",,13,103,1050001,,,,,,"令和８年６月１日東京都港区虎ノ門四丁目１番２８号タベレル株式会社（7010401177355）を合併令和８年６月１日東京都港区虎ノ門四丁目１番２８号ジャパンステーショナリーコンソーシアム合同会社（8010403021758）を合併",2015-10-05,1,"PLUS CORPORATION","Tokyo","4-1-28, Toranomon, Minato-ku",,"プラス",0
1463,6010401083166,21,0,2026-07-08,2026-06-19,"株式会社ザ・サンクチュアリ・オペレーションズ",,301,"東京都","港区","六本木６丁目１２番２号",,13,103,1060032,,,2026-06-19,01,,,2015-10-05,1,,,,,,0
1464,6010401127674,12,0,2026-07-08,2026-07-02,"株式会社Ｋ　Ａｓｅｅｔ　Ｃｏｎｓｕｌｔｉｎｇ",,301,"東京都","千代田区","二番町１２番６号",,13,101,1020084,,,,,,,2016-10-21,1,,,,,"ケイアセットコンサルティング",0
1465,6010401166210,12,0,2026-07-08,2026-06-19,"株式会社ＦＴＳ",,301,"東京都","港区","南青山３丁目１番３６号青山丸竹ビル６Ｆ",,13,103,1070062,,,,,,,2022-03-16,1,,,,,"エフティーエス",0
1466,6010401174956,12,0,2026-07-08,2026-06-12,"ＭＨ資産マネジメント株式会社",,301,"東京都","千代田区","岩本町１丁目９番４号岩本町１９４ビル６階",,13,101,1010032,,,,,,,2023-06-14,1,,,,,"エムエイチシサンマネジメント",0
1467,6010401183882,12,0,2026-07-08,2026-06-25,"ＦＬＹ　Ｘ株式会社",,301,"東京都","港区","南麻布１丁目１９－２",,13,103,1060047,,,,,,,2024-07-18,1,,,,,"フライエックス",0
1468,6010401200183,01,0,2026-07-08,2026-07-08,"株式会社ＧＬＳ",,301,"東京都","港区","西新橋２丁目１５番１２号",,13,103,1050003,,,,,,,2026-07-08,1,,,,,"ジーエルエス",0
1469,6010402007306,01,1,2026-07-08,2015-10-05,"有限会社鈴木商店",,302,"東京都","港区","六本木６丁目１０番３号",,13,103,1060032,,,,,,,2015-10-05,1,,,,,"スズキショウテン",0
1470,6010403038556,01,0,2026-07-08,2026-07-08,"Ｃｒａｎｅ合同会社",,305,"東京都","港区","元赤坂１丁目１番７－１２０９号株式会社赤坂国際会計内",,13,103,1070051,,,,,,,2026-07-08,1,,,,,"クレイン",0
1471,6010405025346,01,1,2026-07-08,2026-02-16,"大阪・ＪＤ・ホテル・インベストメンツ特定目的会社",,399,"東京都","港区","虎ノ門３丁目２２番１０－２０１号",,13,103,1050001,,,,,,,2026-02-16,1,,,,,"オオサカジェーディーホテルインベストメンツ",0
1472,6010405025908,01,0,2026-07-08,2026-07-08,"Ｃｒａｎｅ一般社団法人",,399,"東京都","港区","元赤坂１丁目１番７－１２０９号株式会社赤坂国際会計内",,13,103,1070051,,,,,,,2026-07-08,1,,,,,"クレイン",0
1473,6010501025497,01,1,2026-07-08,2015-10-05,"株式会社エムケー不動産販売",,301,"東京都","台東区","台東３丁目４２番７号",,13,106,1100016,,,,,,,2015-10-05,1,,,,,"エムケーフドウサンハンバイ",0
1474,6010501047822,12,0,2026-07-08,2026-07-06,"株式会社Ｔ＆Ｋ",,301,"東京都","足立区","小台１丁目５－３－１１９",,13,121,1200046,,,,,,,2021-09-14,1,,,,,"ティーアンドケイ",0
1475,6010501056105,01,0,2026-07-08,2026-07-08,"リクセア株式会社",,301,"東京都","台東区","台東２丁目３０番１１号ＧＲＥＷ秋葉原ＢＬＤ７Ｆ",,13,106,1100016,,,,,,,2026-07-08,1,,,,,"リクセア",0
1476,6010501056121,01,0,2026-07-08,2026-07-08,"あっぱれ株式会社",,301,"東京都","台東区","三ノ輪２丁目１４番６号",,13,106,1100011,,,,,,,2026-07-08,1,,,,,"アッパレ",0
1477,6010502004665,01,1,2026-07-08,2015-10-05,"有限会社坂原商店",,302,"東京都","台東区","入谷２丁目２９番８号",,13,106,1100013,,,,,,,2015-10-05,1,,,,,"サカハラショウテン",0
1478,6010601014573,12,0,2026-07-08,2026-07-06,"株式会社トラベルサービス",,301,"埼玉県","春日部市","中央１丁目４４番１８号",,11,214,3440067,,,,,,,2015-10-05,1,,,,,"トラベルサービス",0
1479,6010601042780,01,1,2026-07-08,2015-10-05,"株式会社大山企画",,301,"東京都","江東区","白河１丁目３－１０",,13,108,1350021,,,,,,,2015-10-05,1,,,,,"オオヤマキカク",0
1480,6010601062151,12,0,2026-07-08,2026-07-06,"思建科学技術株式会社",,301,"東京都","豊島区","東池袋１丁目１７番１１号パークハイツ池袋１１０５号",,13,116,1700013,,,,,,,2022-11-14,1,,,,,"シケンカガクギジュツ",0
1481,6010701001199,12,0,2026-07-08,2026-07-03,"ヴエ・マン・フイス香料株式会社",,301,"東京都","千代田区","麹町５丁目４番地ＪＰＲ麹町ビル７階",,13,101,1020083,,,,,,,2015-10-05,1,,,,,"ヴェマンフィスコウリョウ",0
1482,6010902020873,01,1,2026-07-08,2015-10-05,"サードアイ有限会社",,302,"東京都","世田谷区","岡本３丁目２５番３号",,13,112,1570076,,,,,,,2015-10-05,1,,,,,"サードアイ",0
1483,6011001102563,71,0,2026-07-08,2026-06-02,"株式会社グリーンフィールド",,301,"東京都","港区","虎ノ門１丁目１６番６号ＵＣＦ７０３",,13,103,1050001,,,,,,"令和８年６月１日東京都港区虎ノ門一丁目１６番６号ＵＣＦ７０３株式会社ＤＣＴ（5011001102564）を合併令和８年６月１日東京都港区南青山二丁目２番１５号ＵＣＦ９１７株式会社ＫＮＴ（3011001100669）を合併",2015-10-05,1,,,,,"グリーンフィールド",0
1484,6011001158028,12,0,2026-07-08,2026-07-03,"北斗株式会社",,301,"北海道","函館市","末広町９番１号",,01,202,0400053,,,,,,,2023-11-09,1,,,,,"ホクト",0
1485,6011001166121,12,0,2026-07-08,2026-06-29,"株式会社Ｗａｔｅｒ",,301,"東京都","渋谷区","千駄ヶ谷３丁目５１番１０号ＰＯＲＴＡＬ　ＰＯＩＮＴ　ＨＡＲＡＪＵＫＵ５０４",,13,113,1510051,,,,,,,2024-11-22,1,,,,,"ワーテル",0
1486,6011003006894,01,1,2026-07-08,2016-07-06,"合同会社ＹＪＰ",,305,"東京都","渋谷区","恵比寿４丁目２０番３号恵比寿ガーデンプレイスタワー１８階",,13,113,1500013,,,,,,,2016-07-06,0,,,,,"ワイジェイピー",0
1487,6011003006894,12,1,2026-07-08,2023-08-28,"合同会社ＹＪＰ",,305,"東京都","渋谷区","恵比寿南３丁目１０－１４－５１２",,13,113,1500022,,,,,,,2016-07-06,0,,,,,"ワイジェイピー",0
1488,6011003006894,11,1,2026-07-08,2026-06-17,"合同会社Ｒｅｌｅａｓｅ",,305,"東京都","渋谷区","恵比寿南３丁目１０－１４－５１２",,13,113,1500022,,,,,,,2016-07-06,0,,,,,,0
1489,6011003006894,12,0,2026-07-08,2026-07-03,"合同会社Ｒｅｌｅａｓｅ",,305,"東京都","港区","北青山１丁目３－１アールキューブ青山３階",,13,103,1070061,,,,,,,2016-07-06,1,,,,,,0
1490,6011003010401,11,0,2026-07-08,2026-06-23,"ｎｏｉｅｒｅｓｏｒｔ合同会社",,305,"東京都","渋谷区","広尾１丁目９番２０号",,13,113,1500012,,,,,,,2019-10-07,1,,,,,"ノイエリゾート",0
1491,6011003024772,01,0,2026-07-08,2026-07-08,"ブルーノース・パートナーズ合同会社",,305,"東京都","目黒区","碑文谷１丁目６番２号ペリパトス碑文谷２０５",,13,110,1520003,,,,,,,2026-07-08,1,,,,,"ブルーノースパートナーズ",0
1492,6011101076682,12,0,2026-07-08,2026-07-03,"ケムアドバイス・ニュートリション株式会社",,301,"大阪府","大阪市東淀川区","大桐５丁目１４－７２大道製薬株式会社内",,27,114,5330011,,,,,,,2016-04-18,1,,,,,"ケムアドバイスニュートリション",0
1493,6011101097233,12,0,2026-07-08,2026-07-06,"株式会社丸山実業",,301,"東京都","西東京市","ひばりが丘北４丁目８－２８三浦ビル３階",,13,229,2020002,,,,,,,2021-12-16,1,,,,,"マルヤマジツギョウ",0
1494,6011101106638,12,0,2026-07-08,2026-07-03,"株式会社Ａチーム",,301,"埼玉県","所沢市","こぶし町１８番２４号",,11,208,3590033,,,,,,,2024-03-21,1,,,,,"エーチーム",0
1495,6011101112248,12,0,2026-07-08,2026-07-03,"株式会社ＳＰＮ",,301,"東京都","港区","東麻布１丁目２８番１２号ＶＯＲＴ麻布ｍａｘｉｍ６Ｂ",,13,103,1060044,,,,,,,2025-07-10,1,,,,,"エスピーエヌ",0
1496,6011102013016,01,1,2026-07-08,2015-10-05,"有限会社矢口",,302,"東京都","新宿区","早稲田鶴巻町５６０番地１４",,13,104,1620041,,,,,,,2015-10-05,1,,,,,"ヤグチ",0
1497,6011105005357,12,0,2026-07-08,2026-06-19,"公益社団法人空気調和・衛生工学会",,399,"東京都","新宿区","神楽坂４丁目８番地ＯＮＥＳＴ飯田橋スクエア４０１号室",,13,104,1620825,,,,,,,2015-10-05,1,,,,,"クウキチョウワエイセイコウガクカイ",0
1498,6011201000633,01,1,2026-07-08,2015-10-05,"株式会社エーオーリビング",,301,"東京都","中野区","中野６丁目１８番１３号",,13,114,1640001,,,,,,,2015-10-05,1,,,,,"エーオーリビング",0
1499,6011201027247,01,0,2026-07-08,2026-07-08,"株式会社ＮＥＸＴ　ＦＩＬＭ　ＴＯＫＹＯ",,301,"東京都","中野区","松が丘１丁目３５－２",,13,114,1650024,,,,,,,2026-07-08,1,,,,,"ネクストフィルムトウキョウ",0
1500,6011301016521,21,0,2026-07-08,2026-07-02,"ＴＴＣ株式会社",,301,"東京都","杉並区","井草２丁目５番７－４０５号",,13,115,1670021,,,2026-07-02,01,,,2015-10-05,1,,,,,"ティティシー",0
1501,6011301019697,21,0,2026-07-08,2026-07-01,"株式会社ＳＯＸＡ",,301,"東京都","杉並区","阿佐谷北５丁目４番１８号",,13,115,1660001,,,2026-07-01,11,6011301021125,"令和８年７月１日東京都杉並区阿佐谷北五丁目４番１８号株式会社ノマーノ（6011301021125）に合併し解散",2015-10-05,1,,,,,"ソクサ",0
1502,6011301021125,11,0,2026-07-08,2026-07-01,"株式会社ＳＯＸＡ",,301,"東京都","杉並区","阿佐谷北５丁目４番１８号",,13,115,1660001,,,,,,,2015-10-05,0,,,,,"ソクサ",0
1503,6011301021125,71,0,2026-07-08,2026-07-01,"株式会社ＳＯＸＡ",,301,"東京都","杉並区","阿佐谷北５丁目４番１８号",,13,115,1660001,,,,,,"令和８年７月１日東京都杉並区阿佐谷北五丁目４番１８号株式会社ＳＯＸＡ（6011301019697）を合併",2015-10-05,1,,,,,"ソクサ",0
1504,6011302016652,12,0,2026-07-08,2026-07-02,"有限会社エル・ミス",,302,"東京都","文京区","湯島３丁目４６番９号",,13,105,1130034,,,,,,,2015-10-05,1,,,,,"エルミス",0
1505,6011401025554,12,0,2026-07-08,2026-06-29,"八甲田電気株式会社",,301,"東京都","板橋区","赤塚２丁目１１の３トップ下赤塚Ｎｏ．１－２０５号",,13,119,1750092,,,,,,,2023-10-24,1,,,,,"ハッコウダデンキ",0
1506,6011501006537,01,1,2026-07-08,2015-10-05,"株式会社三幸",,301,"東京都","荒川区","西尾久７丁目５０番７号",,13,118,1160011,,,,,,,2015-10-05,1,,,,,"サンコウ",0
1507,6011501033548,01,0,2026-07-08,2026-07-08,"株式会社ＧＲ",,301,"東京都","北区","田端６丁目６番１６号",,13,117,1140014,,,,,,,2026-07-08,1,,,,,"ジーアール",0
1508,6011503007038,01,0,2026-07-08,2026-07-08,"合同会社銀座やまが鮨",,305,"東京都","北区","豊島６丁目１３番１７号",,13,117,1140003,,,,,,,2026-07-08,1,,,,,"ギンザヤマガスシ",0
1509,6011601020990,01,1,2026-07-08,2016-06-10,"株式会社ＹＹプラス",,301,"東京都","練馬区","平和台３丁目１９番３号",,13,120,1790083,,,,,,,2016-06-10,1,,,,,"ワイワイプラス",0
1510,6011601028076,12,0,2026-07-08,2026-07-01,"ｎｏｍｏｔｏ株式会社",,301,"東京都","練馬区","石神井町３丁目２１番６号中村ビル４０２",,13,120,1770041,,,,,,,2024-09-27,1,,,,,"ノモト",0
1511,6011601029727,01,0,2026-07-08,2026-07-08,"株式会社オフィス塩部",,301,"東京都","練馬区","大泉町４丁目３９番４号",,13,120,1780062,,,,,,,2026-07-08,1,,,,,"オフィスシオベ",0
1512,6011602002955,01,1,2026-07-08,2015-10-05,"有限会社岸本アート",,302,"東京都","練馬区","三原台３丁目２３番４号",,13,120,1770031,,,,,,,2015-10-05,1,,,,,"キシモトアート",0
1513,6011603005189,01,0,2026-07-08,2026-07-08,"レガシーオフィス合同会社",,305,"東京都","練馬区","関町北５丁目６番１７号",,13,120,1770051,,,,,,,2026-07-08,1,,,,,"レガシーオフィス",0
1514,6011701007896,01,1,2026-07-08,2015-10-05,"株式会社八百幸",,301,"東京都","江戸川区","南小岩８丁目１９番８号",,13,123,1330056,,,,,,,2015-10-05,1,,,,,"ヤオコウ",0
1515,6011701027424,21,0,2026-07-08,2026-07-01,"株式会社日中教育交流センター",,301,"東京都","江戸川区","中央３丁目１６番１６号",,13,123,1320021,,,2026-07-01,01,,,2024-07-03,1,,,,,"ニッチュウキョウイクコウリュウセンター",0
1516,6012302001413,01,1,2026-07-08,2015-10-05,"有限会社キシナ工機",,302,"東京都","町田市","成瀬６丁目１番１７号",,13,209,1940044,,,,,,,2015-10-05,0,,,,,"キシナコウキ",0
1517,6012302001413,12,1,2026-07-08,2023-10-16,"有限会社キシナ工機",,302,"千葉県","松戸市","胡録台２７０番地の７",,12,207,2710075,,,,,,,2015-10-05,1,,,,,"キシナコウキ",0
1518,6012303002138,12,0,2026-07-08,2026-06-24,"合同会社あんびしょん",,305,"東京都","町田市","木曽西４丁目１２番３９号２０６",,13,209,1940037,,,,,,,2025-04-08,1,,,,,"アンビション",0
1519,6012303002344,01,0,2026-07-08,2026-07-08,"合同会社ＰＲＡＧＭＡ",,305,"東京都","町田市","常盤町３２０８－４８",,13,209,1940213,,,,,,,2026-07-08,1,,,,,,0
1520,6012403005874,12,0,2026-07-08,2026-06-24,"合同会社和楽",,305,"東京都","府中市","美好町３丁目５７番地１６号",,13,206,1830045,,,,,,,2023-03-09,1,,,,,"ワラク",0
1521,6013202011213,12,0,2026-07-08,2026-07-06,"有限会社デスク",,302,"千葉県","君津市","泉４４４番地１４",,12,225,2991112,,,,,,,2015-10-05,1,,,,,"デスク",0
1522,6013301056423,01,0,2026-07-08,2026-07-08,"株式会社財務再生支援センター",,301,"東京都","豊島区","高田３丁目３２番１号大東ビル３階",,13,116,1710033,,,,,,,2026-07-08,1,,,,,"ザイムサイセイシエンセンター",0
1523,6013301056456,01,0,2026-07-08,2026-07-08,"株式会社エメクレ",,301,"東京都","豊島区","池袋２丁目１１番９号ＢＬＯＣＫＳＩＫＥＢＵＫＵＲＯ２階２１０室",,13,116,1710014,,,,,,,2026-07-08,1,,,,,"エメクレ",0
1524,6013305003727,12,0,2026-07-08,2026-06-24,"一般社団法人池袋地区駐車場地域ルール運用協議会",,399,"東京都","豊島区","南池袋１丁目２８番１号",,13,116,1710022,,,,,,,2025-06-27,1,,,,,"イケブクロチクチュウシャジョウチイキルールウンヨウキョウギカイ",0
1525,6020001030138,12,0,2026-07-08,2026-07-06,"株式会社ミヤダイ",,301,"神奈川県","横浜市青葉区","黒須田３３番地５タウンコートあざみ野３０１号室",,14,117,2250022,,,,,,,2015-10-05,1,,,,,"ミヤダイ",0
1526,6020001037199,71,0,2026-07-08,2026-05-27,"ソフォス株式会社",,301,"東京都","港区","赤坂１丁目１２番３２号アーク森ビル１２Ｆ",,13,103,1070052,,,,,,"令和８年５月１日東京都港区赤坂一丁目１２番３２号アーク森ビル１２Ｆセキュアワークス株式会社（8010401118267）を合併",2015-10-05,1,,,,,"ソフォス",0
1527,6020001043560,01,1,2026-07-08,2015-10-05,"株式会社カノープス",,301,"神奈川県","横浜市西区","北幸２丁目１番６号",,14,103,2200004,,,,,,,2015-10-05,1,,,,,"カノープス",0
1528,6020001058402,01,1,2026-07-08,2015-10-05,"株式会社エムマッティーナ",,301,"埼玉県","熊谷市","佐谷田３６２８番地９",,11,202,3600023,,,,,,,2015-10-05,1,,,,,"エムマッティーナ",0
1529,6020001083557,12,0,2026-07-08,2026-06-29,"株式会社星工務店",,301,"神奈川県","横浜市保土ケ谷区","岩井町３４８番１号保土ヶ谷レオン・クーパー１０８号室",,14,106,2400023,,,,,,,2015-10-05,1,,,,,"ホシコウムテン",0
1530,6020001116829,01,1,2026-07-08,2016-07-04,"株式会社八坂",,301,"神奈川県","横浜市泉区","上飯田町３６０７番地",,14,116,2450018,,,,,,,2016-07-04,1,,,,,"ヤサカ",0
1531,6020001119369,01,1,2026-07-08,2017-01-11,"アマノガーデン株式会社",,301,"神奈川県","横浜市磯子区","磯子３丁目８番１８号ガーデンハウスアマノ１０１号",,14,107,2350016,,,,,,,2017-01-11,1,,,,,"アマノガーデン",0
1532,6020001121993,12,0,2026-07-08,2026-07-02,"ＳＨＩＮ　ＥＤＵＰＯＷＥＲ株式会社",,301,"東京都","世田谷区","代田６丁目１５番１４号",,13,112,1550033,,,,,,,2017-06-26,1,,,,,"シンエデュパワー",0
1533,6020001145027,12,0,2026-07-08,2026-06-29,"株式会社ＡＲＸ",,301,"神奈川県","横浜市西区","北幸２丁目１０番４８号むつみビル３階",,14,103,2200004,,,,,,,2022-02-01,1,,,,,"アークス",0
1534,6020001168820,12,0,2026-07-08,2026-07-06,"ＴＳＥ株式会社",,301,"東京都","八王子市","東中野２００１－９コーポヴェルデ１０２号",,13,201,1920351,,,,,,,2026-06-03,1,,,,,"ティーエスイー",0
1535,6020001169372,01,0,2026-07-08,2026-07-08,"株式会社ＶＩＶＡＮＴ",,301,"神奈川県","横浜市港南区","笹下２丁目１９番１３－１号",,14,111,2340052,,,,,,,2026-07-08,1,,,,,"ヴィヴァン",0
1536,6020001169406,01,0,2026-07-08,2026-07-08,"ＣＤＡ株式会社",,301,"神奈川県","横浜市中区","桜木町１丁目１０１番地１クロスゲート７階",,14,104,2310062,,,,,,,2026-07-08,1,,,,,"シーディーエー",0
1537,6020001169430,01,0,2026-07-08,2026-07-08,"株式会社Ｒｏｏｔｓ＆Ｃｏ．",,301,"神奈川県","横浜市南区","弘明寺町３２３番地弘明寺駅前ビル１Ｆ",,14,105,2320067,,,,,,,2026-07-08,1,,,,,"ルーツアンドコー",0
1538,6020001169447,01,0,2026-07-08,2026-07-08,"株式会社ラッキーボックス",,301,"神奈川県","横浜市中区","石川町１丁目１３番地２エネクル横浜元町テラス",,14,104,2310868,,,,,,,2026-07-08,1,,,,,"ラッキーボックス",0
1539,6020002013760,12,0,2026-07-08,2026-06-29,"有限会社小野栄建設",,302,"神奈川県","横浜市青葉区","恩田町１６２５－６",,14,117,2270065,,,,,,,2015-10-05,1,,,,,"オノシゲケンセツ",0
1540,6020002090032,12,0,2026-07-08,2026-07-06,"有限会社中村インダスト",,302,"東京都","港区","芝３丁目２５－２黒田芝ビル３０２",,13,103,1050014,,,,,,,2015-10-05,1,,,,,"ナカムラインダスト",0
1541,6020002095139,01,1,2026-07-08,2015-10-05,"有限会社山義産業",,302,"神奈川県","川崎市麻生区","上麻生３丁目８番２０号",,14,137,2150021,,,,,,,2015-10-05,1,,,,,"ヤマヨシサンギョウ",0
1542,6020003015582,01,1,2026-07-08,2019-02-04,"Ｙ・ＭＳＦ合同会社",,305,"神奈川県","川崎市高津区","坂戸３丁目３番１－３０１号",,14,134,2130012,,,,,,,2019-02-04,0,,,,,"ワイエムエスエフ",0
1543,6020003015582,12,0,2026-07-08,2026-07-06,"Ｙ・ＭＳＦ合同会社",,305,"埼玉県","さいたま市中央区","大戸６丁目３番８号",,11,105,3380012,,,,,,,2019-02-04,1,,,,,"ワイエムエスエフ",0
1544,6020003031373,01,0,2026-07-08,2026-07-08,"合同会社日々",,305,"神奈川県","横浜市鶴見区","下末吉５丁目８番５号",,14,101,2300012,,,,,,,2026-07-08,1,,,,,"ニチニチ",0
1545,6021001047287,01,1,2026-07-08,2015-10-05,"株式会社良育",,301,"神奈川県","小田原市","曽比１９６７番地４",,14,206,2500851,,,,,,,2015-10-05,1,,,,,"リョウイク",0
1546,6021002053136,12,0,2026-07-08,2026-06-15,"有限会社マミー石塚",,302,"神奈川県","小田原市","飯泉７７９番地の２",,14,206,2500863,,,,,,,2015-10-05,1,,,,,"マミーイシヅカ",0
1547,6030001066965,71,0,2026-07-08,2026-06-08,"株式会社ウィーズ",,301,"大阪府","茨木市","西駅前町１３番２５号",,27,211,5670032,,,,,,"令和８年６月１日広島市中区舟入南二丁目１２番１０号株式会社ＭＰＧ（4240001040389）を合併令和８年６月１日長野県松本市大字岡田下岡田６番地１３株式会社おくすりホンポ（4100001024455）を合併令和８年６月１日鳥取市千代水一丁目１５６番地株式会社こやま薬局（2270002000688）を合併令和８年６月１日兵庫県尼崎市御園町２４番地尼崎第一ビル４０２号株式会社ペンギン薬局（1120101046029）を合併令和８年６月１日兵庫県尼崎市御園町２４番地尼崎第一ビル４０２号株式会社よこやま薬局（8120001193625）を合併令和８年６月１日長野県上田市緑が丘一丁目２６番２５号有限会社いとう薬局（9100002013626）を合併令和８年６月１日広島市南区西蟹屋四丁目８番３１号有限会社ウイラポ（9240002028882）を合併",2015-10-05,1,,,,,,0
1548,6030001067187,01,1,2026-07-08,2015-10-05,"ＥＫホーム株式会社",,301,"埼玉県","越谷市","大字弥十郎３６９番地１",,11,222,3430047,,,,,,,2015-10-05,1,,,,,"イーケーホーム",0
1549,6030001101433,01,1,2026-07-08,2015-10-05,"ＧＡＲＤＡＺＩ　ＴＲＡＤＩＮＧ株式会社",,301,"埼玉県","熊谷市","佐谷田１４４１番地５",,11,202,3600023,,,,,,,2015-10-05,0,,,,,"ガルデージトレーディング",0
1550,6030001101433,12,1,2026-07-08,2015-10-05,"ＧＡＲＤＡＺＩ　ＴＲＡＤＩＮＧ株式会社",,301,"埼玉県","行田市","門井町２丁目５番地２７",,11,206,3610044,,,,,,,2015-10-05,0,,,,,"ガルデージトレーディング",0
1551,6030001101433,12,1,2026-07-08,2026-06-16,"ＧＡＲＤＡＺＩ　ＴＲＡＤＩＮＧ株式会社",,301,"埼玉県","行田市","大字前谷１４４６番地５",,11,206,3610038,,,,,,,2015-10-05,1,,,,,"ガルデージトレーディング",0
1552,6030001135662,12,0,2026-07-08,2026-07-06,"株式会社ＭＳＨ",,301,"東京都","北区","王子２丁目２４番１号",,13,117,1140002,,,,,,,2020-03-25,1,,,,,"エムエスエイチ",0
1553,6030001140068,71,0,2026-07-08,2026-06-04,"株式会社ｎｅｗｓｉｔ",,301,"埼玉県","新座市","道場１丁目６番７号",,11,230,3520024,,,,,,"令和８年６月１日埼玉県入間市東町一丁目６番９号ＪフラッツＥ１０３合同会社エンセイ（3030003011410）を合併",2021-01-06,1,,,,,"ニュースイット",0
1554,6030001159117,12,0,2026-07-08,2026-06-25,"ＡＹＡＢＩ株式会社",,301,"埼玉県","さいたま市中央区","上落合８丁目５番９号",,11,105,3380001,,,,,,,2024-03-12,1,,,,,"アヤビ",0
1555,6030002078662,01,1,2026-07-08,2015-10-05,"有限会社アール・アンド・エー",,302,"埼玉県","比企郡川島町","八幡３丁目７番地８",,11,346,3500151,,,,,,,2015-10-05,1,,,,,"アールアンドエー",0
1556,6030003029581,01,0,2026-07-08,2026-07-08,"合同会社丸千",,305,"埼玉県","さいたま市北区","土呂町２丁目６５番地４１",,11,102,3310804,,,,,,,2026-07-08,1,,,,,"マルセン",0
1557,6030003029615,01,0,2026-07-08,2026-07-08,"合同会社ＮＲ",,305,"埼玉県","さいたま市大宮区","桜木町２丁目ＹＳ桜木２１",,11,103,3300854,,,,,,,2026-07-08,1,,,,,"エヌアール",0
1558,6030003029623,01,0,2026-07-08,2026-07-08,"合同会社サンコーバー",,305,"埼玉県","川口市","栄町１丁目１１番１５－７号",,11,203,3320017,,,,,,,2026-07-08,1,,,,,"サンコーバー",0
1559,6040001062740,01,1,2026-07-08,2015-10-05,"株式会社クボジン",,301,"千葉県","銚子市","竹町１５２２番地",,12,202,2880062,,,,,,,2015-10-05,1,,,,,"クボジン",0
1560,6040001095138,01,1,2026-07-08,2016-05-10,"ＡＬＯＨＡ　ＤＥＳＩＧＮ株式会社",,301,"千葉県","印西市","木下南１丁目６番地３",,12,231,2701328,,,,,,,2016-05-10,1,,,,,"アロハデザイン",0
1561,6040001139786,12,0,2026-07-08,2026-07-01,"株式会社紅雲",,301,"青森県","青森市","中佃１丁目９番９号",,02,201,0300963,,,,,,,2025-07-30,1,,,,,"コウウン",0
1562,6040001144448,01,0,2026-07-08,2026-07-08,"株式会社アークス",,301,"千葉県","市川市","国分３丁目１９番１８号",,12,203,2720834,,,,,,,2026-07-08,1,,,,,"アークス",0
1563,6040003025407,12,0,2026-07-08,2026-07-03,"合同会社心軌",,305,"千葉県","松戸市","松戸５９５番地の４４",,12,207,2710092,,,,,,,2024-07-17,1,,,,,"シンキ",0
1564,6040003030349,01,0,2026-07-08,2026-07-08,"合同会社Ｙ＆Ｗ",,305,"千葉県","千葉市美浜区","若葉３丁目１番地１８幕張ベイパーククロスレジデンスＳ２－１号",,12,106,2610014,,,,,,,2026-07-08,1,,,,,"ワイアンドダブリュー",0
1565,6050001008874,21,0,2026-07-08,2026-07-02,"株式会社あさみ",,301,"茨城県","土浦市","粕毛６３１番地１",,08,203,3000804,,,2026-07-02,11,8380001004517,"令和８年６月３０日福島県郡山市鶴見坦二丁目４番５号アルファクラブ株式会社（8380001004517）に合併し解散",2015-10-05,1,,,,,"アサミ",0
1566,6050001030374,21,0,2026-07-08,2026-06-30,"株式会社大河原測量",,301,"茨城県","常総市","向石下４６５番地",,08,211,3002742,,,2026-06-30,01,,,2015-10-05,1,,,,,"オオカワラソクリョウ",0
1567,6050001058647,01,0,2026-07-08,2026-07-08,"株式会社ＲＯＶＥＲ",,301,"茨城県","水戸市","笠原町５５９番地３",,08,201,3100852,,,,,,,2026-07-08,1,,,,,"ローバー",0
1568,6050003010234,01,0,2026-07-08,2026-07-08,"小さな農家合同会社",,305,"茨城県","那珂市","後台２２０６－１",,08,226,3110111,,,,,,,2026-07-08,1,,,,,"チイサナノウカ",0
1569,6050003010242,01,0,2026-07-08,2026-07-08,"合同会社ＯＧＵＲＡＹＡ",,305,"茨城県","那珂市","菅谷７０５０",,08,226,3110105,,,,,,,2026-07-08,1,,,,,"オグラヤ",0
1570,6050003010250,01,0,2026-07-08,2026-07-08,"合同会社グリッド商事",,305,"茨城県","土浦市","滝田１丁目１７番地２",,08,203,3000839,,,,,,,2026-07-08,1,,,,,"グリッドショウジ",0
1571,6060001038607,12,0,2026-07-08,2026-07-01,"株式会社ｍｉｓｏｎｉ",,301,"栃木県","宇都宮市","本町１３番１８号マロニエ宇都宮２０６",,09,201,3200033,,,,,,,2025-09-26,1,,,,,"ミソニ",0
1572,6060001039415,01,0,2026-07-08,2026-07-08,"株式会社ＷＩＬ",,301,"栃木県","宇都宮市","下荒針町２６７８番地４４３",,09,201,3210346,,,,,,,2026-07-08,1,,,,,"ウィル",0
1573,6060001039423,01,0,2026-07-08,2026-07-08,"株式会社ＳＡＫＵＴＯ",,301,"栃木県","宇都宮市","下荒針町３３３０番地１５",,09,201,3210346,,,,,,,2026-07-08,1,,,,,"サクト",0
1574,6060001039431,01,0,2026-07-08,2026-07-08,"東昇建設株式会社",,301,"栃木県","小山市","大字横倉５２３番地１",,09,208,3230813,,,,,,,2026-07-08,1,,,,,"トウショウケンセツ",0
1575,6060002033656,21,0,2026-07-08,2026-07-01,"藤岡総業有限会社",,302,"栃木県","栃木市","藤岡町藤岡１８４３番地",,09,203,3231104,,,2026-07-01,11,1060001016906,"令和８年７月１日栃木県栃木市藤岡町藤岡１８４３番地岩崎醤油株式会社（1060001016906）に合併し解散",2015-10-05,1,,,,,"フジオカソウギョウ",0
1576,6070001031973,01,1,2026-07-08,2016-03-24,"株式会社クリーントップ",,301,"群馬県","前橋市","金丸町４９番地",,10,201,3710121,,,,,,,2016-03-24,1,,,,,"クリーントップ",0
1577,6070001034877,12,0,2026-07-08,2026-07-02,"株式会社ミライ",,301,"群馬県","太田市","東矢島町１１６５番地３",,10,205,3730816,,,,,,,2018-07-05,1,,,,,"ミライ",0
1578,6070001044281,01,0,2026-07-08,2026-07-08,"株式会社ネオファースト",,301,"群馬県","太田市","飯塚町９３１番地１",,10,205,3730817,,,,,,,2026-07-08,1,,,,,"ネオファースト",0
1579,6070003006503,01,0,2026-07-08,2026-07-08,"合同会社ＡＳＩＦ　ＴＲＡＤＩＮＧ",,305,"群馬県","太田市","由良町１０１８番地１０",,10,205,3730036,,,,,,,2026-07-08,1,,,,,"アシフトレーディング",0
1580,6070005010486,01,0,2026-07-08,2026-07-08,"一般社団法人ジュニアスポーツセンター",,399,"群馬県","安中市","板鼻２丁目６番１５号",,10,211,3790111,,,,,,,2026-07-08,1,,,,,"ジュニアスポーツセンター",0
1581,6080001014168,11,0,2026-07-08,2026-07-01,"ＫＺＫ株式会社",,301,"静岡県","牧之原市","地頭方５３５番地２",,22,226,4210532,,,,,,,2015-10-05,1,,,,,"ケイゼットケイ",0
1582,6080005007804,01,0,2026-07-08,2026-07-08,"ことほぎ社会保険労務士法人",,399,"静岡県","島田市","牛尾１１５８番地の３",,22,209,4280006,,,,,,,2026-07-08,1,,,,,"コトホギ",0
1583,6080102008762,12,0,2026-07-08,2026-07-06,"有限会社柳光亭",,302,"神奈川県","藤沢市","片瀬山４丁目１５番１号",,14,205,2510033,,,,,,,2015-10-05,1,,,,,"リュウコウテイ",0
1584,6080401028701,01,0,2026-07-08,2026-07-08,"株式会社インフラテック・ジャパン・ホールディングス",,301,"静岡県","浜松市中央区","鍛冶町１００番地の１ザザシティ浜松中央館Ｂ１Ｆ",,22,138,4300933,,,,,,,2026-07-08,1,,,,,"インフラテックジャパンホールディングス",0
1585,6080405004343,01,1,2026-07-08,2015-10-05,"高田製茶農業協同組合",,399,"静岡県","掛川市","高田１７番地の２",,22,213,4360114,,,,,,,2015-10-05,1,,,,,"タカダセイチャ",0
1586,6090001018655,12,0,2026-07-08,2026-07-01,"株式会社ＫＯＳＨＵ建工",,301,"北海道","江別市","角山６１番地３",,01,217,0670052,,,,,,,2024-04-16,1,,,,,"コウシュウケンコウ",0
1587,6100001021426,21,0,2026-07-08,2026-07-01,"米澤酒造株式会社",,301,"長野県","上伊那郡中川村","大草４１８２番地の１",,20,386,3993801,,,2026-07-01,11,7100001020600,"令和８年７月１日長野県伊那市西春近５０７４番地伊那食品工業株式会社（7100001020600）に合併し解散",2015-10-05,1,,,,,"ヨネザワシュゾウ",0
1588,6100001039823,01,0,2026-07-08,2026-07-08,"Ｋａｚａｍａ株式会社",,301,"長野県","飯山市","大字飯山１１４９２番地３３１",,20,213,3892253,,,,,,,2026-07-08,1,,,,,"カザマ",0
1589,6100002001245,21,0,2026-07-08,2026-07-03,"有限会社川中島鉄工",,302,"長野県","長野市","川中島町原１２１６番地３",,20,201,3812224,,,2026-07-03,01,,,2015-10-05,1,,,,,"カワナカジマテッコウ",0
1590,6100002021128,11,0,2026-07-08,2026-07-01,"株式会社埴原防災",,301,"長野県","松本市","大字中山３１１４番地",,20,202,3900823,,,,,,,2015-10-05,1,,,,,"ハイバラボウサイ",0
1591,6100002021433,12,0,2026-07-08,2026-07-03,"ホームケア株式会社",,301,"長野県","松本市","征矢野２丁目７番１６号上條ビル２階西号室",,20,202,3900842,,,,,,,2015-10-05,1,,,,,"ホームケア",0
1592,6100002034377,01,1,2026-07-08,2015-10-05,"有限会社平沢運輸",,302,"長野県","上伊那郡宮田村","２６９７番地６",,20,388,3994301,,,,,,,2015-10-05,1,,,,,"ヒラサワウンユ",0
1593,6110001040243,01,0,2026-07-08,2026-07-08,"株式会社エスケイプラス",,301,"新潟県","新潟市東区","卸新町１丁目９２７番地５",,15,102,9500863,,,,,,,2026-07-08,1,,,,,"エスケイプラス",0
1594,6120001011689,21,0,2026-07-08,2026-07-02,"石井自動車工業株式会社",,301,"大阪府","大阪市東成区","大今里南１丁目２５番１２号",,27,115,5370013,,,2026-07-02,01,,,2015-10-05,1,,,,,"イシイジドウシャコウギョウ",0
1595,6120001019971,71,0,2026-07-08,2026-07-01,"旭洋金属工業株式会社",,301,"大阪府","柏原市","円明町１０００番１１４",,27,221,5820027,,,,,,"令和８年７月１日大阪府堺市西区菱木四丁１０９５番地の２株式会社ホリ製作所（4120101006698）を合併",2015-10-05,1,,,,,"キョクヨウキンゾクコウギョウ",0
1596,6120001028618,21,0,2026-07-08,2026-07-01,"株式会社エム・アイ・プラン",,301,"大阪府","大阪市港区","弁天３丁目２０番１号",,27,107,5520007,,,2026-07-01,01,,,2015-10-05,1,,,,,"エムアイプラン",0
1597,6120001071015,12,0,2026-07-08,2026-06-24,"マイルズ株式会社",,301,"福岡県","糟屋郡志免町","志免東３丁目１５番１０号",,40,343,8112243,,,,,,,2015-10-05,1,,,,,"マイルズ",0
1598,6120001132493,12,0,2026-07-08,2026-06-30,"株式会社イークリア",,301,"大阪府","大阪市西区","江戸堀１丁目２３番２６号",,27,106,5500002,,,,,,,2015-10-05,1,,,,,"イークリア",0
1599,6120001147698,01,1,2026-07-08,2015-10-05,"株式会社北田工業所",,301,"大阪府","寝屋川市","池田旭町２２番８号",,27,215,5720035,,,,,,,2015-10-05,1,,,,,"キタダコウギョウショ",0
1600,6120001163514,11,0,2026-07-08,2026-07-01,"株式会社ウッドソーレル",,301,"大阪府","大阪市城東区","関目４丁目６番１０号",,27,118,5360008,,,,,,,2015-10-05,1,,,,,"ウッドソーレル",0
1601,6120001174362,21,0,2026-07-08,2026-07-01,"株式会社神嘉材木店",,301,"大阪府","枚方市","出口２丁目１９番５－３０９号",,27,210,5730065,,,2026-07-01,01,,,2015-10-05,1,,,,,,0
1602,6120001199319,01,1,2026-07-08,2016-07-05,"株式会社プリントシュエット",,301,"大阪府","大阪市中央区","博労町３丁目３番９号田中ビル８Ｆ",,27,128,5410059,,,,,,,2016-07-05,1,,,,,"プリントシュエット",0
1603,6120001255716,12,0,2026-07-08,2026-07-06,"株式会社ｓｅｃｏｎｄ　ｂｕｄｄｙ",,301,"大阪府","豊中市","東寺内町１１番４０－１００８号",,27,203,5610871,,,,,,,2023-06-15,1,,,,,"セカンドバディ",0
1604,6120001257836,12,0,2026-07-08,2026-07-01,"一民興業株式会社",,301,"兵庫県","多可郡多可町","中区安楽田９８１番３－１－１室",,28,365,6791102,,,,,,,2023-09-06,1,,,,,"イチミンコウギョウ",0
1605,6120001265013,12,0,2026-07-08,2026-07-01,"和光エステート株式会社",,301,"大阪府","大阪市西区","阿波座２丁目２－２０オフィスポート本町ＷＥＳＴ３階３－Ｂ号室",,27,106,5500011,,,,,,,2024-05-17,1,,,,,"ワコウエステート",0
1606,6120001266325,12,0,2026-07-08,2026-07-03,"プロウォーター株式会社",,301,"大阪府","大阪市淀川区","西宮原１丁目３番２２号",,27,123,5320004,,,,,,,2024-07-02,1,,,,,"プロウォーター",0
1607,6120001276431,12,0,2026-07-08,2026-07-06,"介洋株式会社",,301,"東京都","台東区","台東３丁目５番１０号－１０２－Ｓ",,13,106,1100016,,,,,,,2025-06-04,1,,,,,"カイヨウ",0
1608,6120001287610,01,0,2026-07-08,2026-07-08,"株式会社ＩＴＯ　Ｃａｐｉｔａｌ　Ｈｏｌｄｉｎｇｓ",,301,"大阪府","大阪市中央区","安土町２丁目４番１１―４０１６号",,27,128,5410052,,,,,,,2026-07-08,1,,,,,"イトウキャピタルホールディングス",0
1609,6120001287643,01,0,2026-07-08,2026-07-08,"株式会社リンクベースラボ",,301,"大阪府","大阪市中央区","備後町３丁目６－２大雅ビル１０Ｆ",,27,128,5410051,,,,,,,2026-07-08,1,,,,,"リンクベースラボ",0
1610,6120001287668,01,0,2026-07-08,2026-07-08,"クアドラート株式会社",,301,"大阪府","大阪市中央区","大手前１丁目７番３１号",,27,128,5400008,,,,,,,2026-07-08,1,,,,,"クアドラート",0
1611,6120001287684,01,0,2026-07-08,2026-07-08,"Ｌｉｇａｒｅ　Ｃａｒｅ株式会社",,301,"大阪府","大阪市鶴見区","今津中１丁目３番１９号０３号室",,27,124,5380042,,,,,,,2026-07-08,1,,,,,"リガーレケア",0
1612,6120001287692,01,0,2026-07-08,2026-07-08,"株式会社カペラ",,301,"大阪府","大阪市淀川区","西三国１丁目１番１号",,27,123,5320006,,,,,,,2026-07-08,1,,,,,"カペラ",0
1613,6120001287718,01,0,2026-07-08,2026-07-08,"株式会社エージー",,301,"大阪府","大阪市北区","西天満６丁目３番７号光栄ビル新館",,27,127,5300047,,,,,,,2026-07-08,1,,,,,"エージー",0
1614,6120003032997,01,0,2026-07-08,2026-07-08,"合同会社マゼルッカ",,305,"大阪府","枚方市","三栗１丁目９番２４号",,27,210,5731171,,,,,,,2026-07-08,1,,,,,"マゼルッカ",0
1615,6120005000457,21,0,2026-07-08,2026-06-15,"天理教本陽旭分教会",,399,"大阪府","大阪市旭区","赤川２丁目１５番４号",,27,117,5350005,,,2026-06-15,11,6140005001362,"令和８年６月９日神戸市中央区割塚通二丁目２番４号天理教本陽分教会（6140005001362）に合併し解散",2015-10-05,1,,,,,,0
1616,6120101074025,01,0,2026-07-08,2026-07-08,"株式会社じぃーえす",,301,"大阪府","堺市堺区","南田出井町４丁２番７号",,27,141,5900015,,,,,,,2026-07-08,1,,,,,"ジィーエス",0
1617,6120101074033,01,0,2026-07-08,2026-07-08,"ＲｉＭｏ株式会社",,301,"大阪府","岸和田市","包近町１３５１番地",,27,202,5960101,,,,,,,2026-07-08,1,,,,,"リモ",0
1618,6120103002495,01,1,2026-07-08,2016-06-17,"合同会社ＮＡＫＡＯ",,305,"大阪府","堺市堺区","宿院町西３丁２番１－３０５号",,27,141,5900958,,,,,,,2016-06-17,1,,,,,"ナカオ",0
1619,6120105010182,01,0,2026-07-08,2026-07-08,"特定非営利活動法人Ｈａｒｖｅｓｔ　ＮＥＯ",,399,"大阪府","富田林市","加太１丁目１１番８号",,27,214,5840078,,,,,,,2026-07-08,1,,,,,"ハーベストネオ",0
1620,6120901030177,11,0,2026-07-08,2026-07-01,"ＫＯ　ＣＡＰＩＴＡＬ株式会社",,301,"兵庫県","宝塚市","すみれガ丘２丁目３番１号ラ・ビスタ宝塚ラ・メゾン１００１号室",00140194,28,214,6650847,,,,,,,2015-10-05,1,,,,,"ケーオーキャピタル",0
1621,6120901052444,11,0,2026-07-08,2026-07-01,"サンヨークリーンサービス株式会社",,301,"大阪府","吹田市","豊津町１３番３２号伴野ビル４階Ａ号室",,27,205,5640051,,,,,,,2026-04-08,1,,,,,"サンヨークリーンサービス",0
1622,6120905005150,01,1,2026-07-08,2015-10-05,"一般社団法人刻",,399,"大阪府","吹田市","古江台５丁目３番１４号",,27,205,5650874,,,,,,,2015-10-05,0,,,,,,0
1623,6120905005150,21,0,2026-07-08,2026-07-02,"一般社団法人刻",,399,"大阪府","吹田市","古江台５丁目３番１４号",,27,205,5650874,,,2026-07-02,01,,,2015-10-05,1,,,,,,0
1624,6122001024027,71,0,2026-07-08,2026-07-01,"株式会社ジョム",,301,"大阪府","八尾市","光町１丁目３９番１号",,27,212,5810803,,,,,,"令和８年７月１日大阪府八尾市光町一丁目３９番１号株式会社岩本（8122001031657）を合併",2015-10-05,1,,,,,"ジョム",0
1625,6122001040692,01,0,2026-07-08,2026-07-08,"株式会社ＣＳファクトリー",,301,"大阪府","大東市","三箇４丁目１１番８号",,27,218,5740077,,,,,,,2026-07-08,1,,,,,"シーエスファクトリー",0
1626,6122005003381,12,0,2026-07-08,2026-07-06,"一般社団法人大阪府音楽療法士協会",,399,"大阪府","大阪市北区","梅田２丁目５番１７号",,27,127,5300001,,,,,,,2019-02-07,1,,,,,"オオサカフオンガクリョウホウシキョウカイ",0
1627,6130001030804,01,1,2026-07-08,2015-10-05,"株式会社コンマ工務店",,301,"京都府","長岡京市","今里畔町７番地の５",,26,209,6170814,,,,,,,2015-10-05,1,,,,,"コンマコウムテン",0
1628,6130001065321,71,0,2026-07-08,2026-06-09,"株式会社ｂｅｔａｓｐａｃｅ",,301,"京都府","京都市中京区","一之船入町５３７－３１リベルタス御池５０６",,26,104,6040924,,,,,,"令和８年６月１日京都市中京区一之船入町５３７－３１リベルタス御池５０６株式会社ＳＵＭＭＯＮ（2011701025084）を合併",2019-09-26,1,,,,,"ベータスペース",0
1629,6130001082556,01,0,2026-07-08,2026-07-08,"株式会社ＡＳＫコンサルティング",,301,"京都府","京都市右京区","嵯峨新宮町５２番地１",,26,108,6168355,,,,,,,2026-07-08,1,,,,,"エイエスケイコンサルティング",0
1630,6130003009334,12,0,2026-07-08,2026-06-11,"合同会社ＭＲＣ",,305,"京都府","京都市山科区","竹鼻西ノ口町３－３ブライトコート京都山科駅前７０３",,26,110,6078089,,,,,,,2024-03-19,1,,,,,"エムアールシー",0
1631,6130005017731,01,0,2026-07-08,2026-07-08,"医療法人秀友会",,399,"京都府","京都市左京区","上高野車地町１３９番地宝ヶ池クリニックモール１階",,26,103,6060053,,,,,,,2026-07-08,1,,,,,"シュウユウカイ",0
1632,6140001017164,11,0,2026-07-08,2026-07-01,"ＪＴＡＫホールディングス株式会社",,301,"兵庫県","神戸市兵庫区","水木通２丁目１番１号",,28,105,6520802,,,,,,,2015-10-05,1,,,,,"ジェイタックホールディングス",0
1633,6140001088874,01,1,2026-07-08,2015-10-05,"Ｈ＆Ａ株式会社",,301,"兵庫県","尼崎市","富松町３丁目７番２６号",,28,202,6610003,,,,,,,2015-10-05,1,,,,,"エイチアンドエー",0
1634,6140001092380,12,0,2026-07-08,2026-07-01,"株式会社ジェネシス",,301,"兵庫県","宝塚市","鹿塩１丁目３２２番地の１６バードヒルＩ－１０３",00144237,28,214,6650054,,,,,,,2015-10-05,1,,,,,"ジェネシス",0
1635,6140003016560,11,0,2026-07-08,2026-07-01,"リビタス株式会社",,301,"兵庫県","加古川市","八幡町宗佐１１５９番地",,28,210,6751201,,,,,,,2021-07-29,1,,,,,"リビタス",0
1636,6140003023846,01,0,2026-07-08,2026-07-08,"合同会社音色",,305,"兵庫県","姫路市","城北新町１丁目５番３８号",,28,201,6700883,,,,,,,2026-07-08,1,,,,,"ネイロ",0
1637,6140005001362,71,0,2026-07-08,2026-06-09,"天理教本陽分教会",,399,"兵庫県","神戸市中央区","割塚通２丁目２番４号",,28,110,6510065,,,,,,"大阪市旭区赤川二丁目１５番４号天理教本陽旭分教会（6120005000457）を合併",2015-10-05,1,,,,,"テンリキョウホンヨウブンキョウカイ",0
1638,6150001028854,12,0,2026-07-08,2026-06-18,"株式会社熟成肉つむぐ",,301,"奈良県","宇陀市","室生６０７－１",,29,212,6330421,,,,,,,2026-04-09,1,,,,,"ジュクセイニクツムグ",0
1639,6150005008159,01,1,2026-07-08,2015-10-05,"武蔵生産森林組合",,399,"奈良県","吉野郡十津川村","大字武蔵４９２番地",,29,449,6371332,,,,,,,2015-10-05,0,,,,,"ムサシセイサン",0
1640,6150005008159,21,1,2026-07-08,2019-01-15,"武蔵生産森林組合",,399,"奈良県","吉野郡十津川村","大字武蔵４９２番地",,29,449,6371332,,,2019-01-15,21,,,2015-10-05,0,,,,,"ムサシセイサン",0
1641,6150005008159,22,1,2026-07-08,2022-02-16,"武蔵生産森林組合",,399,"奈良県","吉野郡十津川村","大字武蔵４９２番地",,29,449,6371332,,,,,,,2015-10-05,0,,,,,"ムサシセイサン",0
1642,6150005008159,21,0,2026-07-08,2026-06-25,"武蔵生産森林組合",,399,"奈良県","吉野郡十津川村","大字武蔵４９２番地",,29,449,6371332,,,2026-06-25,01,,,2015-10-05,1,,,,,"ムサシセイサン",0
1643,6160005005873,01,1,2026-07-08,2015-10-05,"皇美麻神社",,399,"滋賀県","東近江市","八日市町３番１８号",,25,213,5270029,,,,,,,2015-10-05,1,,,,,"スメミマジンジャ",0
1644,6160005005972,01,1,2026-07-08,2015-10-05,"藤切神社",,399,"滋賀県","東近江市","甲津畑町２１４番地",,25,213,5270214,,,,,,,2015-10-05,1,,,,,"フジキリジンジャ",0
1645,6170001007848,01,1,2026-07-08,2015-10-05,"株式会社ツインズ",,301,"和歌山県","岩出市","川尻３１番地５",,30,209,6496231,,,,,,,2015-10-05,1,,,,,"ツインズ",0
1646,6170005003109,01,1,2026-07-08,2015-10-05,"医療法人健豊会",,399,"和歌山県","紀の川市","貴志川町長原４３６番地の１",,30,208,6400415,,,,,,,2015-10-05,1,,,,,"ケンポウカイ",0
1647,6180001021583,01,1,2026-07-08,2015-10-05,"株式会社栄智商会",,301,"愛知県","名古屋市熱田区","野立町３丁目９８番地",,23,109,4560066,,,,,,,2015-10-05,1,,,,,"エイチショウカイ",0
1648,6180001039048,71,0,2026-07-08,2026-07-01,"名古屋テレビ放送株式会社",,301,"愛知県","名古屋市中区","橘２丁目１０番１号",,23,106,4600016,,,,,,"令和８年７月１日愛知県岡崎市筒針町字池田７２番地５ＦＩＥＬＤＳＴＹＬＥ株式会社（2180301035139）を合併",2015-10-05,1,"Nagoya Broadcasting Network Co.,Ltd.","Aichi","2-10-1,Tachibana, Naka-ku Nagoya",,"ナゴヤテレビホウソウ",0
1649,6180001172575,01,0,2026-07-08,2026-07-08,"タジマホールディングス株式会社",,301,"愛知県","春日井市","牛山町１８００番地",,23,206,4860901,,,,,,,2026-07-08,1,,,,,"タジマホールディンス",0
1650,6180001172633,01,0,2026-07-08,2026-07-08,"スギ・サービス株式会社",,301,"愛知県","半田市","寺町８８番地の６",,23,205,4750844,,,,,,,2026-07-08,1,,,,,"スギサービス",0
1651,6180001172641,01,0,2026-07-08,2026-07-08,"ｃｏｔｅｋｉ株式会社",,301,"愛知県","愛西市","石田町宮前５番地２",,23,232,4960938,,,,,,,2026-07-08,1,,,,,"コテキ",0
1652,6180002022713,12,0,2026-07-08,2026-07-01,"有限会社アイズ",,302,"愛知県","名古屋市北区","西志賀町１丁目２６番地４",,23,103,4620058,,,,,,,2015-10-05,1,,,,,"アイズ",0
1653,6180002052231,01,1,2026-07-08,2015-10-05,"有限会社池田",,302,"愛知県","名古屋市北区","新沼町８０番地",,23,103,4620062,,,,,,,2015-10-05,1,,,,,"イケダ",0
1654,6180003030483,01,0,2026-07-08,2026-07-08,"宇佐美リフォーム合同会社",,305,"愛知県","名古屋市中川区","八家町１丁目１３９番地",,23,110,4540835,,,,,,,2026-07-08,1,,,,,"ウサミリフォーム",0
1655,6180005011358,01,1,2026-07-08,2015-10-05,"特定非営利活動法人ナチュラル",,399,"愛知県","名古屋市緑区","滝ノ水２丁目６１７番地",,23,114,4580021,,,,,,,2015-10-05,0,,,,,"ナチュラル",0
1656,6180005011358,12,1,2026-07-08,2016-11-04,"特定非営利活動法人ナチュラル",,399,"愛知県","名古屋市緑区","曽根２丁目８番地",,23,114,4580035,,,,,,,2015-10-05,1,,,,,"ナチュラル",0
1657,6180301041158,01,0,2026-07-08,2026-07-08,"株式会社金田ホールディングス",,301,"愛知県","田原市","田原町稲村石５９番地の１",,23,231,4413421,,,,,,,2026-07-08,1,,,,,"カナダホールディングス",0
1658,6180303005284,21,0,2026-07-08,2026-06-30,"合同会社だんご",,305,"愛知県","岡崎市","上地町字西田８番地５８",,23,202,4440824,,,2026-06-30,01,,,2022-03-18,1,,,,,"ダンゴ",0
1659,6200001010303,01,1,2026-07-08,2015-10-05,"穂積加工株式会社",,301,"岐阜県","瑞穂市","別府２１４２番地の１",,21,216,5010222,,,,,,,2015-10-05,1,,,,,"ホズミカコウ",0
1660,6200003006588,01,1,2026-07-08,2024-11-18,"大姶良フューチャー合同会社",,305,"岐阜県","瑞穂市","十九条９４５番地１",,21,216,5010235,,,,,,,2024-11-18,0,,,,,"オアイラフューチャー",0
1661,6200003006588,12,1,2026-07-08,2026-06-30,"大姶良フューチャー合同会社",,305,"岐阜県","本巣郡北方町","北方１４４８番地１",,21,421,5010431,,,,,,,2024-11-18,1,,,,,"オアイラフューチャー",0
1662,6210002011571,01,1,2026-07-08,2015-10-05,"有限会社菓子本陣月尾",,302,"福井県","越前市","蓬莱町６番２２号",00081218,18,209,9150074,,,,,,,2015-10-05,1,,,,,,0
1663,6220001012388,21,0,2026-07-08,2026-07-06,"株式会社北陸青果",,301,"石川県","小松市","本江町ホ１番地",,17,203,9230841,,,2026-07-06,01,,,2015-10-05,1,,,,,"ホクリクセイカ",0
1664,6220001026677,12,0,2026-07-08,2026-07-03,"株式会社Ｔａｌｅｎｔｉａ",,301,"石川県","金沢市","此花町五丁目６番ライフ金沢第１ビル６０１Ａ",,17,201,9200852,,,,,,,2025-05-13,1,,,,,"タレンティア",0
1665,6220001027477,01,0,2026-07-08,2026-07-08,"株式会社エムシープロット・ファーマ",,301,"石川県","河北郡内灘町","字大学１丁目１番地",,17,365,9200265,,,,,,,2026-07-08,1,,,,,"エムシープロットファーマ",0
1666,6220002012651,12,0,2026-07-08,2026-07-07,"有限会社中正商事",,302,"石川県","野々市市","田尻町５５５番地",,17,212,9218843,,,,,,,2015-10-05,1,,,,,"ナカショウショウジ",0
1667,6230002014028,01,1,2026-07-08,2015-10-05,"シンコー産業有限会社",,302,"富山県","射水市","手崎４０３番地",,16,211,9390306,,,,,,,2015-10-05,1,,,,,"シンコーサンギョウ",0
1668,6230005003449,01,1,2026-07-08,2015-10-05,"神明日之宮月之宮神宮",,399,"富山県","富山市","太田２６４番地８",,16,201,9398048,,,,,,,2015-10-05,1,,,,,"シンメイヒノミヤツキノミヤジングウ",0
1669,6240001000184,21,0,2026-07-08,2026-07-01,"愛谷商事株式会社",,301,"広島県","広島市西区","商工センター４丁目１４番２３号",,34,104,7330833,,,2026-07-01,01,,,2015-10-05,1,,,,,"アイタニショウジ",0
1670,6240001001703,71,0,2026-07-08,2026-07-01,"大田鋼管株式会社",,301,"広島県","広島市西区","商工センター６丁目２番３０号",,34,104,7330833,,,,,,"令和８年７月１日広島市中区本川町二丁目５番７号エキップメントＭＩＤ株式会社（4240001045405）を合併",2015-10-05,1,,,,,"オオタコウカン",0
1671,6240001022914,21,0,2026-07-08,2026-06-24,"株式会社賀茂総合サービス",,301,"広島県","東広島市","西条大坪町５番１３号",,34,212,7390005,,,2026-06-24,11,7240001022913,"令和８年６月２４日広島県東広島市西条大坪町８番２７号株式会社陸地コンサルタント（7240001022913）に合併し解散",2015-10-05,1,,,,,"カモソウゴウサービス",0
1672,6240001024539,21,0,2026-07-08,2026-07-02,"坂本株式会社",,301,"広島県","広島市東区","牛田新町３丁目１１番３８－２０５号",,34,102,7320068,,,2026-07-02,01,,,2015-10-05,1,,,,,"サカモト",0
1673,6240001028952,21,0,2026-07-08,2026-06-11,"株式会社正光技建",,301,"広島県","廿日市市","大野１５３３",,34,213,7390488,,,2026-06-11,11,1240001014180,"令和８年６月１日広島市西区南観音七丁目１３番２０号株式会社フルケア（1240001014180）に合併し解散",2015-10-05,1,,,,,"セイコウギケン",0
1674,6240001056144,21,0,2026-07-08,2026-06-30,"広島三昌株式会社",,301,"広島県","広島市東区","光町１丁目１２番１６号",,34,102,7320052,,,2026-06-30,01,,,2020-05-27,1,,,,,"ヒロシマサンショウ",0
1675,6240001066770,01,0,2026-07-08,2026-07-08,"株式会社Ｋａｌａ",,301,"広島県","広島市中区","幟町７番９－８０１号",,34,101,7300016,,,,,,,2026-07-08,1,,,,,"カラ",0
1676,6240002012583,12,0,2026-07-08,2026-07-01,"有限会社ノムラ調剤薬局",,302,"広島県","広島市東区","牛田旭１丁目１３番１２号",,34,102,7320067,,,,,,,2015-10-05,1,,,,,"ノムラチョウザイヤッキョク",0
1677,6240002038315,01,1,2026-07-08,2015-10-05,"有限会社ファイブ",,302,"広島県","廿日市市","本町１２番１２－１０１号",,34,213,7380015,,,,,,,2015-10-05,1,,,,,"ファイブ",0
1678,6240002052423,01,1,2026-07-08,2015-10-05,"有限会社蓼原組",,302,"広島県","尾道市","瀬戸田町福田７８４番地の１",,34,205,7222405,,,,,,,2015-10-05,1,,,,,"タデハラグミ",0
1679,6240003007475,11,0,2026-07-08,2026-06-24,"ＡＥＲＯＦＯＲＧＥＤＹＮＡＭＩＣＳ株式会社",,301,"広島県","広島市安佐南区","西原１丁目５－９－６０７",,34,105,7310113,,,,,,,2025-11-12,1,,,,,"エアロフォージダイナミクス",0
1680,6240003007830,01,0,2026-07-08,2026-07-08,"合同会社ハレトケ",,305,"広島県","廿日市市","上平良６６番地２",,34,213,7380026,,,,,,,2026-07-08,1,,,,,"ハレトケ",0
1681,6240005016136,01,0,2026-07-08,2026-07-08,"税理士法人Ｎ会計事務所",,399,"広島県","安芸郡海田町","蟹原１丁目１１番２９号",,34,304,7360022,,,,,,,2026-07-08,1,,,,,"エンカイケイジムショ",0
1682,6250003003416,21,0,2026-07-08,2026-07-03,"合同会社ＳＨＡＮＴＩ",,305,"山口県","下関市","長府亀の甲２丁目２番３２号",,35,201,7520966,,,2026-07-03,01,,,2024-01-15,1,,,,,"シャンティ",0
1683,6260001041425,01,0,2026-07-08,2026-07-08,"株式会社山本農園",,301,"岡山県","新見市","哲多町大野１１６５－２",,33,210,7180313,,,,,,,2026-07-08,1,,,,,"ヤマモトノウエン",0
1684,6260005005673,12,0,2026-07-08,2026-06-22,"さくら協同組合",,399,"岡山県","倉敷市","田ノ上新町１番地の１５（２Ｆ）",,33,202,7100832,,,,,,,2015-10-05,1,,,,,"サクラ",0
1685,6270003001888,01,0,2026-07-08,2026-07-08,"合同会社ｔｏｒｉｐ",,305,"鳥取県","鳥取市","末広温泉町５６５番地",,31,201,6800833,,,,,,,2026-07-08,1,,,,,"トリップ",0
1686,6290001114070,12,0,2026-07-08,2026-07-01,"株式会社Ｍａｐｌｅ",,301,"福岡県","糟屋郡志免町","南里３丁目４－１南里ＴＥＮプラザＢ号室",,40,343,8112207,,,,,,,2026-05-08,1,,,,,"メイプル",0
1687,6290001114707,01,0,2026-07-08,2026-07-08,"林兼エスト・ファシリティーズ株式会社",,301,"福岡県","福岡市中央区","渡辺通４丁目１０番１０号",,40,133,8100004,,,,,,,2026-07-08,1,,,,,"ハヤシカネエストファシリティーズ",0
1688,6290001114731,01,0,2026-07-08,2026-07-08,"株式会社泰玄",,301,"福岡県","福岡市博多区","博多駅前１丁目２３番２号ＰａｒｋＦｒｏｎｔ博多駅前一丁目５Ｆ－Ｂ",,40,132,8120011,,,,,,,2026-07-08,1,,,,,"タイゲン",0
1689,6290001114814,01,0,2026-07-08,2026-07-08,"株式会社アイ・モール",,301,"福岡県","福岡市博多区","博多駅前１丁目２３番２号ＰａｒｋＦｒｏｎｔ博多駅前１丁目５Ｆ－Ｂ",,40,132,8120011,,,,,,,2026-07-08,1,,,,,"アイモール",0
1690,6290801032612,01,0,2026-07-08,2026-07-08,"株式会社トライセプス",,301,"福岡県","北九州市八幡西区","則松３丁目１４番９号",,40,109,8070831,,,,,,,2026-07-08,1,,,,,"トライセプス",0
1691,6290803005392,01,0,2026-07-08,2026-07-08,"合同会社シエル建築工房",,305,"福岡県","北九州市八幡東区","西本町２丁目２番１－１１０３号",,40,108,8050061,,,,,,,2026-07-08,1,,,,,"シエルケンチクコウボウ",0
1692,6310001001340,11,0,2026-07-08,2026-07-03,"ＡＬＳＯＫ西九州株式会社",,301,"長崎県","長崎市","旭町３番６号",,42,201,8528003,,,,,,,2015-10-05,1,,,,,"アルソックニシキュウシュウ",0
1693,6310001020167,01,0,2026-07-08,2026-07-08,"株式会社ＨＩＲＯ　ＲＥＡＬ　ＥＳＴＡＴＥ",,301,"長崎県","諫早市","永昌町１８番８号",,42,204,8540072,,,,,,,2026-07-08,1,,,,,"ヒロリアルエステート",0
1694,6310003005257,01,0,2026-07-08,2026-07-08,"合同会社日の丸建設",,305,"長崎県","佐世保市","御船町４番１７号マツバヤシアパート２０１",,42,202,8570068,,,,,,,2026-07-08,1,,,,,"ヒノマルケンセツ",0
1695,6320001004994,21,0,2026-07-08,2026-07-07,"株式会社エスケイ調査事務所",,301,"大分県","大分市","かたしま台２丁目１１番２号",,44,201,8700949,,,2026-07-07,01,,,2015-10-05,1,,,,,"エスケイチョウサジムショ",0
1696,6320002018977,01,1,2026-07-08,2015-10-05,"有限会社はなよし生花店",,302,"大分県","日田市","中央１丁目１番２号",,44,204,8770015,,,,,,,2015-10-05,1,,,,,"ハナヨシセイカテン",0
1697,6320003003805,11,0,2026-07-08,2026-07-07,"碧のうみ合同会社",,305,"大分県","大分市","大字神崎１７１番地の１５",,44,201,8700100,,,,,,,2022-05-10,1,,,,,"アオノウミ",0
1698,6320003005025,01,0,2026-07-08,2026-07-08,"合同会社ＡＪ　Ｉｎｎｏｖａｔｉｏｎｓ",,305,"大分県","宇佐市","安心院町筌ノ口１００７番地",,44,211,8720843,,,,,,,2026-07-08,1,,,,,"エイジェイイノベーションズ",0
1699,6320005006153,12,0,2026-07-08,2026-06-22,"特定非営利活動法人夢苞",,399,"大分県","竹田市","大字植木７５９番地１５",,44,208,8780001,,,,,,,2015-10-05,1,,,,,"ユメツト",0
1700,6320202000776,21,0,2026-07-08,2026-06-30,"有限会社松原ハイツ",,302,"大分県","津久見市","徳浦宮町８番４号",,44,207,8792473,,,2026-06-30,01,,,2015-10-05,1,,,,,"マツバラハイツ",0
1701,6330001022541,01,1,2026-07-08,2016-02-29,"ＮＡＧＡＮＯ　ＨＯＬＤＩＮＧＳ株式会社",,301,"熊本県","熊本市中央区","内坪井町９番５７号",,43,101,8600077,,,,,,,2016-02-29,1,,,,,"ナガノホールディングス",0
1702,6330001028415,12,0,2026-07-08,2026-06-30,"千空株式会社",,301,"熊本県","熊本市中央区","平成２丁目１０番１１号－２Ｆ",,43,101,8600833,,,,,,,2021-03-26,1,,,,,"チカラ",0
1703,6330001034446,01,0,2026-07-08,2026-07-08,"株式会社慎和堂",,301,"熊本県","熊本市中央区","水前寺３丁目３５－２０－７０３",,43,101,8620950,,,,,,,2026-07-08,1,,,,,"シンワドウ",0
1704,6330003011658,01,0,2026-07-08,2026-07-08,"合同会社Ｌｅｇａｃｙ",,305,"熊本県","熊本市東区","長嶺南１丁目７番１号",,43,102,8618039,,,,,,,2026-07-08,1,,,,,"レガシー",0
1705,6330005001608,01,1,2026-07-08,2015-10-05,"熊本県料理業生活衛生同業組合",,399,"熊本県","熊本市中央区","新町２丁目１０番１８号",,43,101,8600004,,,,,,,2015-10-05,0,,,,,"クマモトケンリョウリギョウ",0
1706,6330005001608,12,1,2026-07-08,2017-06-12,"熊本県料理業生活衛生同業組合",,399,"熊本県","熊本市南区","近見９丁目１番９号",,43,104,8614101,,,,,,,2015-10-05,0,,,,,"クマモトケンリョウリギョウ",0
1707,6330005001608,12,1,2026-07-08,2026-06-29,"熊本県料理業生活衛生同業組合",,399,"熊本県","上益城郡嘉島町","大字鯰２０２５番地１",,43,442,8613101,,,,,,,2015-10-05,1,,,,,"クマモトケンリョウリギョウ",0
1708,6330005009700,21,0,2026-07-08,2026-06-30,"税理士法人スマイル・ベストパートナーズ",,399,"熊本県","八代市","黄金町４番３号",,43,202,8660845,,,2026-06-30,01,,,2017-07-04,1,,,,,"スマイルベストパートナーズ",0
1709,6340001028298,01,0,2026-07-08,2026-07-08,"ＦＩＬＤ株式会社",,301,"鹿児島県","南さつま市","加世田武田１７９１８番地１",,46,220,8970002,,,,,,,2026-07-08,1,,,,,"フィルド",0
1710,6340002007961,12,0,2026-07-08,2026-07-03,"株式会社植える",,301,"神奈川県","川崎市高津区","溝口１丁目１４番８号石原ビル１Ｆ",,14,134,2130001,,,,,,,2015-10-05,1,,,,,"ウエル",0
1711,6340003002615,21,0,2026-07-08,2026-06-25,"山光トラベル合同会社",,305,"鹿児島県","いちき串木野市","別府３２０８番地２",,46,219,8960037,,,2026-06-25,01,,,2018-07-19,1,,,,,"サンコウトラベル",0
1712,6350001004661,01,1,2026-07-08,2015-10-05,"株式会社高橋技術コンサルタント",,301,"宮崎県","宮崎市","学園木花台南３丁目９番地１７",,45,201,8892153,,,,,,,2015-10-05,1,,,,,"タカハシギジュツコンサルタント",0
1713,6360001001773,01,1,2026-07-08,2015-10-05,"株式会社萬内",,301,"沖縄県","那覇市","金城４丁目２番地３",,47,201,9010155,,,,,,,2015-10-05,0,,,,,,0
1714,6360001001773,12,1,2026-07-08,2018-02-22,"株式会社萬内",,301,"沖縄県","豊見城市","字豊崎１番地２８",,47,212,9010225,,,,,,,2015-10-05,1,,,,,,0
1715,6360001016706,01,1,2026-07-08,2015-10-05,"株式会社チャイルド学園",,301,"沖縄県","那覇市","真嘉比１丁目１番１０号",,47,201,9020068,,,,,,,2015-10-05,1,,,,,,0
1716,6360001026473,21,0,2026-07-08,2026-06-16,"末吉左官株式会社",,301,"沖縄県","浦添市","内間３丁目６番１１号",,47,208,9012121,,,2026-06-16,01,,,2019-11-14,1,,,,,"スエヨシサカン",0
1717,6360003007208,01,1,2026-07-08,2015-10-05,"合同会社オープンゲート宮古島",,305,"沖縄県","宮古島市","平良字久貝８３６番地９",,47,214,9060015,,,,,,,2015-10-05,0,,,,,"オープンゲートミヤコジマ",0
1718,6360003007208,12,1,2026-07-08,2026-06-18,"合同会社オープンゲート宮古島",,305,"沖縄県","宮古島市","平良字西里７４７－５－２Ｆ",,47,214,9060012,,,,,,,2015-10-05,1,,,,,"オープンゲートミヤコジマ",0
1719,6360005002000,01,1,2026-07-08,2015-10-05,"社会福祉法人大信福祉会",,399,"沖縄県","沖縄市","字古謝１０３１番地の１",,47,211,9042161,,,,,,,2015-10-05,0,,,,,,0
1720,6360005002000,12,1,2026-07-08,2016-09-26,"社会福祉法人大信福祉会",,399,"沖縄県","沖縄市","古謝津嘉山町１４番１４号",,47,211,9042166,,,,,,,2015-10-05,1,,,,,,0
1721,6360005004095,01,1,2026-07-08,2015-10-05,"社会福祉法人きゆな会",,399,"沖縄県","宜野湾市","喜友名１丁目１３番９号",,47,205,9012222,,,,,,,2015-10-05,1,,,,,,0
1722,6370002020086,12,0,2026-07-08,2026-06-29,"有限会社佐藤工業",,302,"宮城県","富谷市","あけの平１丁目３３番地の５",,04,216,9813361,,,,,,,2015-10-05,1,,,,,"サトウコウギョウ",0
1723,6370003007685,01,0,2026-07-08,2026-07-08,"合同会社ＬＯＬ　Ｔａｌｅｎｔ　Ａｇｅｎｃｙ",,305,"宮城県","仙台市泉区","高玉町９番地の１２５ディアコート高玉２０５",,04,105,9813116,,,,,,,2026-07-08,1,,,,,"エルオーエルタレントエージェンシー",0
1724,6370105001314,01,1,2026-07-08,2015-10-05,"観福寺",,399,"宮城県","白石市","鷹巣字田手２８番地",,04,206,9890222,,,,,,,2015-10-05,1,,,,,"カンフクジ",0
1725,6370801000437,21,0,2026-07-08,2026-06-12,"東北通信機器株式会社",,301,"宮城県","岩沼市","桜５丁目７番２１号",,04,211,9892433,,,2026-06-12,11,2370001003657,"令和８年６月１日仙台市若林区卸町二丁目１１番地の５東通インテグレート株式会社（2370001003657）に合併し解散",2015-10-05,1,,,,,"トウホクツウシンキキ",0
1726,6380001000708,01,1,2026-07-08,2015-10-05,"株式会社須田商店",,301,"福島県","福島市","南矢野目字鵯目東１３番地の４",,07,201,9600112,,,,,,,2015-10-05,0,,,,,"スダショウテン",0
1727,6380001000708,71,1,2026-07-08,2026-07-03,"株式会社須田商店",,301,"福島県","福島市","南矢野目字鵯目東１３番地の４",,07,201,9600112,,,,,,"令和８年７月１日福島市南矢野目字鵯目東１２番地の２有限会社とまと商事（4380002002507）を合併",2015-10-05,1,,,,,"スダショウテン",0
1728,6380001036157,12,0,2026-07-08,2026-07-01,"株式会社にじいろ不動産",,301,"福島県","郡山市","富田町字十郎内３０番地の１",,07,203,9638041,,,,,,,2026-06-24,1,,,,,"ニジイロフドウサン",0
1729,6390001018435,01,0,2026-07-08,2026-07-08,"ＢＴＯ株式会社",,301,"山形県","東置賜郡高畠町","大字中島１１４８番地の２",,06,381,9920322,,,,,,,2026-07-08,1,,,,,"ビーティーオー",0
1730,6400001012816,21,0,2026-07-08,2026-06-26,"ＴＡＫＵＳＵホールディングス株式会社",,301,"岩手県","宮古市","西町４丁目３番２１号",,03,202,0270061,,,2026-06-26,01,,,2015-10-05,1,,,,,"タクスホールディングス",0
1731,6400001017476,01,0,2026-07-08,2026-07-08,"株式会社にしやま",,301,"岩手県","九戸郡洋野町","種市第２３地割２７番地７６",,03,507,0287914,,,,,,,2026-07-08,1,,,,,"ニシヤマ",0
1732,6400002008160,01,1,2026-07-08,2015-10-05,"有限会社サンクス",,302,"岩手県","花巻市","実相寺２２４番地２",,03,205,0250035,,,,,,,2015-10-05,1,,,,,"サンクス",0
1733,6410003000124,21,0,2026-07-08,2026-06-29,"合資会社秋田用地社",,304,"秋田県","秋田市","牛島東５丁目７番６２号",,05,201,0100062,,,2026-06-29,01,,,2015-10-05,1,,,,,"アキタヨウチシャ",0
1734,6420001019314,12,0,2026-07-08,2026-07-02,"株式会社とりにくランド",,301,"東京都","千代田区","神田和泉町１番地６－１６ヤマトビル４０５",,13,101,1010024,,,,,,,2025-10-23,1,,,,,"トリニクランド",0
1735,6430001092145,12,0,2026-07-08,2026-06-30,"株式会社福徳産業",,301,"北海道","石狩市","親船町２５番２６７",,01,235,0613377,,,,,,,2024-07-01,1,,,,,"フクトクサンギョウ",0
1736,6430001097235,01,0,2026-07-08,2026-07-08,"苫小牧ＣＣＳ株式会社",,301,"北海道","苫小牧市","字沼ノ端１３４番地の６４８",,01,213,0591364,,,,,,,2026-07-08,1,,,,,"トマコマイシーシーエス",0
1737,6430001097276,01,0,2026-07-08,2026-07-08,"株式会社ダイナ",,301,"北海道","札幌市西区","発寒六条１０丁目１番２７号",,01,107,0630826,,,,,,,2026-07-08,1,,,,,"ダイナ",0
1738,6430002002433,01,1,2026-07-08,2015-10-05,"有限会社上野美装工業",,302,"北海道","札幌市白石区","中央二条２丁目２番２０号",,01,104,0030012,,,,,,,2015-10-05,1,,,,,"ウエノビソウコウギョウ",0
1739,6430002048419,01,1,2026-07-08,2015-10-05,"有限会社やまと宅建",,302,"北海道","恵庭市","中島町２丁目１番地の１",,01,231,0611435,,,,,,,2015-10-05,0,,,,,"ヤマトタッケン",0
1740,6430002048419,12,1,2026-07-08,2026-07-01,"有限会社やまと宅建",,302,"北海道","恵庭市","恵央町１５番地１恵央団地７号棟２１５号",,01,231,0611432,,,,,,,2015-10-05,1,,,,,"ヤマトタッケン",0
1741,6430003016192,12,0,2026-07-08,2026-06-29,"合同会社ＯＮＥ’ｓ",,305,"北海道","札幌市白石区","菊水上町二条３丁目５２－２１６",,01,104,0030812,,,,,,,2024-04-11,1,,,,,"ワンズ",0
1742,6430003019121,01,0,2026-07-08,2026-07-08,"合同会社ＩＫＯＡ",,305,"北海道","札幌市西区","宮の沢三条４丁目６番１号",,01,107,0630053,,,,,,,2026-07-08,1,,,,,"イコア",0
1743,6440001001947,12,0,2026-07-08,2026-07-03,"株式会社藤山製材所",,301,"北海道","函館市","中島町１６番３号",,01,202,0400014,,,,,,,2015-10-05,1,,,,,"フジヤマセイザイショ",0
1744,6440003001788,01,0,2026-07-08,2026-07-08,"春建企画合同会社",,305,"北海道","檜山郡江差町","字津花町３９番地",,01,361,0430051,,,,,,,2026-07-08,1,,,,,,0
1745,6460001003751,01,1,2026-07-08,2015-10-05,"株式会社ハートフルスポット",,301,"北海道","釧路市","川北町５番２５号",,01,206,0850003,,,,,,,2015-10-05,1,,,,,"ハートフルスポット",0
1746,6470002006372,12,0,2026-07-08,2026-06-25,"有限会社松野商店",,302,"香川県","さぬき市","志度字石立１０３９番地１",,37,206,7692101,,,,,,,2015-10-05,1,,,,,"マツノショウテン",0
1747,6470003003162,01,0,2026-07-08,2026-07-08,"合同会社オラーレアルティジャーノ",,305,"香川県","高松市","多肥上町１２２３番地１９",,37,201,7618076,,,,,,,2026-07-08,1,,,,,"オラーレアルティジャーノ",0
1748,6500001007021,21,0,2026-07-08,2026-07-06,"佐川＿造株式会社",00007396,301,"愛媛県","伊予郡砥部町","大南７６０番地１",,38,402,7912132,,,2026-07-06,01,,,2015-10-05,1,,,,,"サガワジョウゾウ",0
1749,7010001141637,01,1,2026-07-08,2015-10-05,"株式会社キノテック・ソーラーエナジー",,301,"東京都","中央区","日本橋２丁目１－２１第二東洋ビル５Ｆ税理士法人フィールズ内",,13,102,1030027,,,,,,,2015-10-05,0,,,,,,0
1750,7010001141637,11,1,2026-07-08,2017-11-09,"株式会社キノテック",,301,"東京都","中央区","日本橋２丁目１－２１第二東洋ビル５Ｆ税理士法人フィールズ内",,13,102,1030027,,,,,,,2015-10-05,1,,,,,,0
1751,7010001159407,01,1,2026-07-08,2015-10-05,"株式会社ユークリッドアンク",,301,"東京都","中央区","銀座７丁目１３番６号サガミビル２階",,13,102,1040061,,,,,,,2015-10-05,1,,,,,"ユークリッドアンク",0
1752,7010001185873,12,0,2026-07-08,2026-07-02,"株式会社エルテスキャピタル",,301,"岩手県","紫波郡紫波町","紫波中央駅前２丁目３番地９４",,03,321,0283318,,,,,,,2017-08-25,1,,,,,"エルテスキャピタル",0
1753,7010001200335,12,0,2026-07-08,2026-07-06,"ＪＰＰ第１号株式会社",,301,"東京都","港区","赤坂１丁目８番１号",,13,103,1070052,,,,,,,2019-04-19,1,,,,,"ジェイピーピーダイイチゴウ",0
1754,7010001202521,12,0,2026-07-08,2026-07-06,"ＶｏｉｃｅＰｉｎｇ株式会社",,301,"東京都","中央区","日本橋大伝馬町１３番７号日本橋大富ビル３Ｆ",,13,102,1030011,,,,,,,2019-07-26,1,,,,,"ボイスピング",0
1755,7010001212041,12,0,2026-07-08,2026-07-01,"株式会社ライフサポート",,301,"長野県","北佐久郡軽井沢町","大字長倉３７３２番地６",,20,321,3890111,,,,,,,2020-09-02,1,,,,,"ライフサポート",0
1756,7010001266847,01,0,2026-07-08,2026-07-08,"株式会社Ｔｏｋｙｏ　Ｍｅｄｉｃａｌ　Ａｃｃｅｓｓ",,301,"東京都","中央区","銀座１丁目１２番４号Ｎ＆Ｅ・ＢＬＤ．６Ｆ",,13,102,1040061,,,,,,,2026-07-08,1,,,,,"トウキョウメディカルアクセス",0
1757,7010001266962,01,0,2026-07-08,2026-07-08,"株式会社グラフトール",,301,"東京都","千代田区","九段北１丁目１３番１２号",,13,101,1020073,,,,,,,2026-07-08,1,,,,,"グラフトール",0
1758,7010002039129,01,1,2026-07-08,2015-10-05,"有限会社エクー",,302,"東京都","千代田区","内神田２丁目１０－４",,13,101,1010047,,,,,,,2015-10-05,1,,,,,"エクー",0
1759,7010002041357,11,0,2026-07-08,2026-06-11,"有限会社プレリアン",,302,"東京都","千代田区","神田神保町１丁目１０３番地東京パークタワー２７０９号",,13,101,1010051,,,,,,,2015-10-05,1,,,,,"プレリアン",0
1760,7010003021779,01,1,2026-07-08,2015-10-05,"合同会社バリューコスメ",,305,"東京都","中央区","日本橋馬喰町１丁目４番１４－４１２号",,13,102,1030002,,,,,,,2015-10-05,1,,,,,"バリューコスメ",0
1761,7010003026431,01,1,2026-07-08,2017-11-14,"合同会社ＫＭ商事",,305,"東京都","中央区","日本橋中洲４番１０－１００２号",,13,102,1030008,,,,,,,2017-11-14,0,,,,,,0
1762,7010003026431,11,1,2026-07-08,2017-11-22,"合同会社ＭＫインターナショナル",,305,"東京都","中央区","日本橋中洲４番１０－１００２号",,13,102,1030008,,,,,,,2017-11-14,0,,,,,,0
1763,7010003026431,11,1,2026-07-08,2018-08-27,"株式会社ＭＫインターナショナル",,301,"東京都","中央区","日本橋中洲４番１０－１００２号",,13,102,1030008,,,,,,,2017-11-14,0,,,,,"エムケーインターナショナル",0
1764,7010003026431,12,1,2026-07-08,2019-11-05,"株式会社ＭＫインターナショナル",,301,"東京都","港区","浜松町１丁目３番２－３７０５号",,13,103,1050013,,,,,,,2017-11-14,1,,,,,"エムケーインターナショナル",0
1765,7010003040176,12,0,2026-07-08,2026-07-06,"Ａｌｌｉｕｍ　Ｊａｐａｎ　Ｈｏｌｄｉｎｇ合同会社",,305,"東京都","千代田区","丸の内１丁目９番２号",,13,101,1000005,,,,,,,2023-03-31,1,,,,,"アリウムジャパンホールディング",0
1766,7010102003661,21,0,2026-07-08,2026-07-07,"有限会社スタジオ・リリック",,302,"東京都","八王子市","館町６８９番地の１ライオンズマンション高尾３０７号",,13,201,1930944,,,2026-07-07,01,,,2015-10-05,1,,,,,"スタジオリリック",0
1767,7010401085533,12,0,2026-07-08,2026-06-30,"株式会社ジャパンインベストメントアドバイザー",,301,"東京都","港区","赤坂１丁目８番１号",,13,103,1070052,,,,,,,2015-10-05,1,,,,,"ジャパンインベストメントアドバイザー",0
1768,7010401131510,12,0,2026-07-08,2026-07-06,"安財宅地建物株式会社",,301,"東京都","品川区","大崎４丁目２－２－７０２",,13,109,1410032,,,,,,,2017-05-23,1,,,,,"アンザイタクチタテモノ",0
1769,7010401173924,12,0,2026-07-08,2026-07-06,"株式会社ＳＫＳ",,301,"神奈川県","横須賀市","浦賀５丁目２６番６号",,14,201,2390822,,,,,,,2023-04-26,1,,,,,"エスケーエス",0
1770,7010401199829,01,0,2026-07-08,2026-07-08,"Ｂｏｓｐｏｌｄｅｒ３株式会社",,301,"東京都","港区","麻布台１丁目３番１号麻布台ヒルズ森ＪＰタワー１７階",,13,103,1060041,,,,,,,2026-07-08,1,,,,,"ボスポルダースリー",0
1771,7010405017862,12,0,2026-07-08,2026-07-06,"一般社団法人未来の食卓",,399,"東京都","品川区","豊町１丁目１３番７号",,13,109,1420042,,,,,,,2019-07-30,1,,,,,"ミライノショクタク",0
1772,7010501047409,21,0,2026-07-08,2026-07-02,"アーバルアクティブジャパン株式会社",,301,"東京都","台東区","台東３丁目１番３－６０３号",,13,106,1100016,,,2026-07-02,01,,,2021-06-07,1,,,,,"アーバルアクティブジャパン",0
1773,7010501056112,01,0,2026-07-08,2026-07-08,"株式会社ＢＩＴＴＥＲＳ",,301,"東京都","台東区","花川戸１丁目８番１０号藤戸ビル１Ｆ",,13,106,1110033,,,,,,,2026-07-08,1,,,,,"ビターズ",0
1774,7010502007171,01,1,2026-07-08,2015-10-05,"有限会社珍味堂",,302,"東京都","台東区","上野４丁目６番１３号",,13,106,1100005,,,,,,,2015-10-05,1,,,,,"チンミドウ",0
1775,7010505002723,01,1,2026-07-08,2016-12-20,"一般社団法人日本サトコン協会",,399,"東京都","台東区","台東２丁目１番地１号東秋葉原ビル６Ｆ",,13,106,1100016,,,,,,,2016-12-20,0,,,,,"ニホンサトコンキョウカイ",0
1776,7010505002723,21,0,2026-07-08,2026-07-01,"一般社団法人日本サトコン協会",,399,"東京都","台東区","台東２丁目１番地１号東秋葉原ビル６Ｆ",,13,106,1100016,,,2026-07-01,01,,,2016-12-20,1,,,,,"ニホンサトコンキョウカイ",0
1777,7010601017253,01,1,2026-07-08,2015-10-05,"株式会社小野製作所",,301,"東京都","墨田区","八広６丁目２１番９号",,13,107,1310041,,,,,,,2015-10-05,1,,,,,"オノセイサクショ",0
1778,7010601044909,21,0,2026-07-08,2026-06-12,"ＨＩＮＯＤＥ　ＪＶ株式会社",,301,"東京都","中央区","京橋１丁目６番１３号",,13,102,1040031,,,2026-06-12,01,,,2015-10-05,1,,,,,"ヒノデジェイヴイ",0
1779,7010601065789,12,0,2026-07-08,2026-07-06,"ＲＥＡＬＭＡＮ　ＲＯＢＯＴＩＣＳ株式会社",,301,"東京都","千代田区","神田錦町１丁目１７番１号",,13,101,1010054,,,,,,,2024-08-22,1,,,,,"リアルマンロボティックス",0
1780,7010602006726,12,0,2026-07-08,2026-07-03,"有限会社南部建設",,302,"東京都","中央区","築地７丁目１６番１２号",,13,102,1040045,,,,,,,2015-10-05,1,,,,,"ナンブケンセツ",0
1781,7010701009836,21,0,2026-07-08,2026-07-03,"ヤマト産業精機株式会社",,301,"東京都","品川区","大井５丁目１３番１２号",,13,109,1400014,,,2026-07-03,01,,,2015-10-05,1,,,,,"ヤマトサンギョウセイキ",0
1782,7010701018234,01,1,2026-07-08,2015-10-05,"株式会社プロスパー・ワキザカ",,301,"東京都","品川区","西五反田８丁目１番１０号",,13,109,1410031,,,,,,,2015-10-05,1,,,,,"プロスパーワキザカ",0
1783,7010701049782,01,0,2026-07-08,2026-07-08,"株式会社ＯＰＵＳ　Ｘ",,301,"東京都","品川区","上大崎３丁目１４番３４号プラスワン４０２",,13,109,1410021,,,,,,,2026-07-08,1,,,,,"オーパスエックス",0
1784,7010801037530,01,0,2026-07-08,2026-07-08,"ＴＥＴＯＴＥ株式会社",,301,"東京都","大田区","仲六郷４丁目３２番１１号ベルハウス蒲田南００１",,13,111,1440055,,,,,,,2026-07-08,1,,,,,"テトテ",0
1785,7010901028867,21,0,2026-07-08,2026-07-02,"プレミアワランティサービス株式会社",,301,"東京都","港区","虎ノ門２丁目１０番４号オークラプレステージタワー",,13,103,1050001,,,2026-07-02,11,8010401070880,"令和８年７月１日東京都港区虎ノ門二丁目１０番４号オークラプレステージタワープレミア株式会社（8010401070880）に合併し解散",2015-10-05,1,,,,,"プレミアワランティサービス",0
1786,7011001142947,01,1,2026-07-08,2021-09-17,"株式会社Ｃｌａｓｓ",,301,"東京都","渋谷区","円山町５番１８号道玄坂スクエア４Ｆ",,13,113,1500044,,,,,,,2021-09-17,0,,,,,,0
1787,7011001142947,12,1,2026-07-08,2024-01-31,"株式会社Ｃｌａｓｓ",,301,"石川県","金沢市","南町５番２０号中屋三井ビル４Ｆ",,17,201,9200919,,,,,,,2021-09-17,1,,,,,,0
1788,7011001168158,12,0,2026-07-08,2026-06-26,"株式会社ＫＲＡ",,301,"東京都","渋谷区","神宮前２丁目３１番１１号",,13,113,1500001,,,,,,,2025-03-07,1,,,,,"ケイアールエイ",0
1789,7011001177282,01,1,2026-07-08,2026-05-12,"株式会社ＦＬＸＸ",,301,"東京都","渋谷区","道玄坂１丁目１０番８号渋谷道玄坂東急ビル２Ｆ－Ｃ",,13,113,1500043,,,,,,,2026-05-12,1,"FLXX inc.","Tokyo","1-10-8 shibuya dogenzaka tokyu building 2F-C, Shibuya ku dogenzaka",,"フレックス",0
1790,7011001178933,01,0,2026-07-08,2026-07-08,"株式会社ｃｅｎｔｒａｌ　ｃｏｎｓｕｌｔｉｎｇ",,301,"東京都","渋谷区","道玄坂２丁目１５番１号",,13,113,1500043,,,,,,,2026-07-08,1,,,,,"セントラルコンサルティング",0
1791,7011001179114,01,0,2026-07-08,2026-07-08,"Ｏｚ　Ｅｎｇｉｎｅ株式会社",,301,"東京都","渋谷区","道玄坂１丁目１０番８号渋谷道玄坂東急ビル２Ｆ－Ｃ",,13,113,1500043,,,,,,,2026-07-08,1,,,,,"オズエンジン",0
1792,7011003024788,01,0,2026-07-08,2026-07-08,"Ｓｌａｓｈｕ合同会社",,305,"東京都","渋谷区","道玄坂１丁目１０番８号渋谷道玄坂東急ビル２Ｆ－Ｃ",,13,113,1500043,,,,,,,2026-07-08,1,,,,,"スラッシュー",0
1793,7011003024796,01,0,2026-07-08,2026-07-08,"合同会社ＴＯＢＩＲＡ",,305,"東京都","渋谷区","道玄坂１丁目１０番８号渋谷道玄坂東急ビル２Ｆ－Ｃ",,13,113,1500043,,,,,,,2026-07-08,1,,,,,"トビラ",0
1794,7011101068885,11,0,2026-07-08,2026-06-25,"吉元工務店株式会社",,301,"埼玉県","川口市","芝西１丁目２番１６号１階",,11,203,3330855,,,,,,,2015-10-05,1,,,,,"ヨシモトコウムテン",0
1795,7011101076087,12,0,2026-07-08,2026-07-03,"エン婚活エージェント株式会社",,301,"東京都","新宿区","西新宿６丁目５番１号",,13,104,1600023,,,,,,,2016-02-22,1,,,,,"エンコンカツエージェント",0
1796,7011101086136,12,0,2026-07-08,2026-07-03,"ｎｋｎｋ株式会社",,301,"大阪府","大阪市淀川区","加島１丁目２番３－２０８号",,27,123,5320031,,,,,,,2018-12-05,1,,,,,"エヌケーエヌケー",0
1797,7011101114482,12,0,2026-07-08,2026-07-06,"ＤｉａＧｒｏｗ株式会社",,301,"東京都","日野市","多摩平２丁目５番１号",,13,212,1910062,,,,,,,2026-01-21,1,,,,,"ダイアグロウ",0
1798,7011101116124,11,0,2026-07-08,2026-06-17,"ＬｅａｄＣｒａｆｔ株式会社",,301,"東京都","新宿区","四谷３丁目１３番２４号Ｕｓｑｕａｒｅ四谷三丁目４階",,13,104,1600004,,,,,,,2026-06-01,1,,,,,"リードクラフト",0
1799,7011103017700,01,0,2026-07-08,2026-07-08,"合同会社正化",,305,"東京都","新宿区","西新宿３丁目３番１３号西新宿水間ビル２Ｆ",,13,104,1600023,,,,,,,2026-07-08,1,,,,,"セイカ",0
1800,7011201026165,12,0,2026-07-08,2026-07-03,"Ｅｍｐｏｗｅｒ株式会社",,301,"東京都","立川市","曙町２丁目８－２８ＴＡＭＡＭＩＲＡＩＳＱＵＲＥ２Ｆ",00144225,13,202,1900012,,,,,,,2025-03-04,1,,,,,"エンパワー",0
1801,7011202001737,21,0,2026-07-08,2026-07-02,"有限会社紀の國屋笹原",,302,"東京都","中野区","中野５丁目４０番２号",,13,114,1640001,,,2026-07-02,01,,,2015-10-05,1,,,,,"キノクニヤササハラ",0
1802,7011202011760,12,0,2026-07-08,2026-07-01,"有限会社ナイスプランニング",,302,"東京都","中野区","本町１丁目１３番５号アーテドゥジェム１０１",,13,114,1640012,,,,,,,2015-10-05,1,,,,,"ナイスプランニング",0
1803,7011301016693,12,0,2026-07-08,2026-07-06,"株式会社ジエー・ケー・シー",,301,"東京都","杉並区","阿佐谷北１丁目１８番３－１０４号",,13,115,1660001,,,,,,,2015-10-05,1,,,,,"ジエーケーシー",0
1804,7011301029258,11,0,2026-07-08,2026-07-02,"Ｈａｒｖｅｓｔｏｎ　Ｓｔｒａｔｅｇｙ　Ｐａｒｔｎｅｒｓ株式会社",,301,"東京都","杉並区","松庵１丁目６番５号",,13,115,1670054,,,,,,,2023-12-15,1,,,,,"ハーベストンストラテジーパートナーズ",0
1805,7011501008573,21,0,2026-07-08,2026-06-24,"フヨー印刷株式会社",,301,"東京都","荒川区","荒川７丁目４番３号",,13,118,1160002,,,2026-06-24,11,1011801016868,"令和８年６月１日東京都足立区扇一丁目１４番３号株式会社天正印刷（1011801016868）に合併し解散",2015-10-05,1,,,,,"フヨーインサツ",0
1806,7011501009002,01,1,2026-07-08,2015-10-05,"ムラマツ製菓株式会社",,301,"東京都","荒川区","町屋４丁目２４番７号",,13,118,1160001,,,,,,,2015-10-05,1,,,,,"ムラマツセイカ",0
1807,7011601026632,11,0,2026-07-08,2026-06-12,"ネリマメディア・パブリッシング株式会社",,301,"東京都","練馬区","東大泉３丁目３７番７号",,13,120,1780063,,,,,,,2023-03-06,1,,,,,"ネリマメディアパブリッシング",0
1808,7011701028405,12,0,2026-07-08,2026-07-01,"日本サクラ株式会社",,301,"東京都","江戸川区","西小岩５丁目１３番１３号小出マンション１４３号",,13,123,1330057,,,,,,,2025-06-10,1,,,,,"ニホンサクラ",0
1809,7011702009049,11,0,2026-07-08,2026-07-01,"ノースグラウンド有限会社",,302,"東京都","江戸川区","北葛西２丁目１０番２７号",,13,123,1340081,,,,,,,2015-10-05,1,,,,,"ノースグラウンド",0
1810,7011801048113,01,0,2026-07-08,2026-07-08,"株式会社ＴＯＫＩＶＥＲＡ",,301,"東京都","葛飾区","奥戸１丁目９番３号",,13,122,1240022,,,,,,,2026-07-08,1,,,,,"トキヴェラ",0
1811,7011803006143,12,0,2026-07-08,2026-07-03,"ファーストラン合同会社",,305,"東京都","江戸川区","船堀５丁目５番５－１０６号",,13,123,1340091,,,,,,,2024-03-25,1,,,,,"ファーストラン",0
1812,7012401044650,01,0,2026-07-08,2026-07-08,"株式会社モンテベロ",,301,"東京都","三鷹市","上連雀２丁目７番９号",,13,204,1810012,,,,,,,2026-07-08,1,,,,,"モンテベロ",0
1813,7012401044659,01,0,2026-07-08,2026-07-08,"ＹＵＮＩ株式会社",,301,"東京都","武蔵野市","境南町３丁目２１－６",,13,203,1800023,,,,,,,2026-07-08,1,,,,,"ユニ",0
1814,7012402015782,12,0,2026-07-08,2026-07-06,"有限会社エフアイ企画",,302,"東京都","府中市","多磨町１丁目２４番地の４６リクライムハイツ１０１号",,13,206,1830002,,,,,,,2015-10-05,1,,,,,,0
1815,7012403007861,01,0,2026-07-08,2026-07-08,"愛弘ＡＩＫＯ合同会社",,305,"東京都","調布市","菊野台３丁目５１番地２４７－Ｅ７０２",,13,208,1820007,,,,,,,2026-07-08,1,,,,,"アイコーアイコー",0
1816,7012701019534,01,0,2026-07-08,2026-07-08,"株式会社トマトハウス",,301,"東京都","小平市","上水新町２丁目５－１８",,13,211,1870023,,,,,,,2026-07-08,1,,,,,"トマトハウス",0
1817,7012701019542,01,0,2026-07-08,2026-07-08,"ＷＩＸＥＬ株式会社",,301,"東京都","東村山市","秋津町４丁目２７―９３",,13,213,1890001,,,,,,,2026-07-08,1,,,,,"ウィクセル",0
1818,7013301038585,01,1,2026-07-08,2016-03-30,"株式会社凜",,301,"東京都","豊島区","西池袋３丁目３３番２４号",,13,116,1710021,,,,,,,2016-03-30,0,,,,,,0
1819,7013301038585,12,1,2026-07-08,2017-09-29,"株式会社凜",,301,"東京都","豊島区","西池袋３丁目１番１２号カスタリア池袋３０１号室",,13,116,1710021,,,,,,,2016-03-30,0,,,,,,0
1820,7013301038585,21,0,2026-07-08,2026-07-01,"株式会社凜",,301,"東京都","豊島区","西池袋３丁目１番１２号カスタリア池袋３０１号室",,13,116,1710021,,,2026-07-01,01,,,2016-03-30,1,,,,,,0
1821,7013301048873,11,0,2026-07-08,2026-07-03,"株式会社天川",,301,"東京都","北区","東田端２丁目９番６号クロコダイル第３ビル７Ｆ",,13,117,1140013,,,,,,,2022-03-30,1,,,,,"アマガワ",0
1822,7013301056447,01,0,2026-07-08,2026-07-08,"株式会社板橋スカイプラザ１４１２号室",,301,"東京都","豊島区","東池袋２丁目２２番１号",,13,116,1700013,,,,,,,2026-07-08,1,,,,,"イタバシスカイプラザイチヨンイチニゴウシツ",0
1823,7013301056455,01,0,2026-07-08,2026-07-08,"株式会社おとな時間研究所",,301,"東京都","豊島区","千川１丁目３２番２号",,13,116,1710041,,,,,,,2026-07-08,1,,,,,"オトナジカンケンキュウジョ",0
1824,7020001035045,01,1,2026-07-08,2015-10-05,"株式会社ＤＮＡチップ研究所",,301,"神奈川県","横浜市鶴見区","末広町１丁目１番地４３",,14,101,2300045,,,,,,,2015-10-05,0,,,,,"ディーエヌエーチップケンキュウジョ",0
1825,7020001035045,12,1,2026-07-08,2015-12-04,"株式会社ＤＮＡチップ研究所",,301,"神奈川県","横浜市鶴見区","市場富士見町６番１６号",,14,101,2300026,,,,,,,2015-10-05,0,,,,,"ディーエヌエーチップケンキュウジョ",0
1826,7020001035045,12,1,2026-07-08,2016-07-06,"株式会社ＤＮＡチップ研究所",,301,"東京都","港区","海岸１丁目１５番１号",,13,103,1050022,,,,,,,2015-10-05,0,,,,,"ディーエヌエーチップケンキュウジョ",0
1827,7020001035045,12,1,2026-07-08,2024-10-25,"株式会社ＤＮＡチップ研究所",,301,"神奈川県","川崎市中原区","新丸子東３丁目１２００",,14,133,2110004,,,,,,,2015-10-05,1,,,,,"ディーエヌエーチップケンキュウジョ",0
1828,7020001136727,12,0,2026-07-08,2026-07-06,"株式会社ウメボシピクチャーズ",,301,"埼玉県","川口市","差間３丁目３１番２９号",,11,203,3330816,,,,,,,2020-07-06,1,,,,,"ウメボシピクチャーズ",0
1829,7020001146008,12,0,2026-07-08,2026-06-29,"五光・Ｇホールディングス株式会社",,301,"神奈川県","横浜市瀬谷区","五貫目町２５番１９号",,14,114,2460008,,,,,,,2022-04-05,1,,,,,"ゴコウジーホールディングス",0
1830,7020001149019,11,0,2026-07-08,2026-06-25,"株式会社ＡＪ",,301,"神奈川県","横浜市西区","みなとみらい２丁目２番１号ランドマークプラザ５階",,14,103,2200012,,,,,,,2022-11-16,1,,,,,"エージェイ",0
1831,7020001150091,12,0,2026-07-08,2026-07-06,"ケラテック株式会社",,301,"東京都","品川区","上大崎３丁目１４番１２号",,13,109,1410021,,,,,,,2023-02-08,1,,,,,"ケラテック",0
1832,7020001169388,01,0,2026-07-08,2026-07-08,"株式会社渡邉幸吉一級建築士事務所",,301,"神奈川県","川崎市幸区","小倉３丁目２４番１４号",,14,132,2120054,,,,,,,2026-07-08,1,,,,,"ワタナベコウキチイッキュウケンチクシジムショ",0
1833,7020003005772,12,0,2026-07-08,2026-06-29,"合同会社武笠商店",,305,"神奈川県","横浜市青葉区","荏田町４６６番地１０",,14,117,2250013,,,,,,,2015-10-05,1,,,,,"ムカサショウテン",0
1834,7020003031372,01,0,2026-07-08,2026-07-08,"合同会社Ｙ’ｓ　ｂａｓｅ",,305,"神奈川県","横浜市神奈川区","三ツ沢中町１２番２－２号",,14,102,2210851,,,,,,,2026-07-08,1,,,,,"ワイズベース",0
1835,7021001055768,01,1,2026-07-08,2015-10-05,"株式会社小林建総",,301,"神奈川県","大和市","南林間５丁目１２番１４号",,14,213,2420006,,,,,,,2015-10-05,1,,,,,"コバヤシケンソウ",0
1836,7021001078397,12,0,2026-07-08,2026-07-03,"株式会社アールアンドエーエス",,301,"東京都","中央区","日本橋２丁目１６番４号ｒｅｍｉｘ日本橋６階",,13,102,1030027,,,,,,,2023-03-13,1,,,,,"アールアンドエーエス",0
1837,7021001082481,12,0,2026-07-08,2026-07-02,"株式会社Ｐｏｒｔｒａｙ",,301,"東京都","中央区","日本橋室町１丁目１１番１２号日本橋水野ビル７階",,13,102,1030022,,,,,,,2024-06-12,1,,,,,"ポートレイ",0
1838,7021001088611,01,0,2026-07-08,2026-07-08,"株式会社ジュネス",,301,"神奈川県","大和市","南林間１丁目４番１８号ジュネス南林間",,14,213,2420006,,,,,,,2026-07-08,1,,,,,"ジュネス",0
1839,7021003006538,01,1,2026-07-08,2017-03-14,"合同会社マカデミホーム",,305,"神奈川県","秦野市","東田原１０３２番地",,14,211,2570028,,,,,,,2017-03-14,1,,,,,"マカデミホーム",0
1840,7021003012866,12,0,2026-07-08,2026-07-01,"ミライジング合同会社",,305,"神奈川県","平塚市","菫平２４番１３号",,14,203,2540822,,,,,,,2023-03-10,1,,,,,"ミライジング",0
1841,7021003014284,01,1,2026-07-08,2024-03-21,"合同会社まぁぶるｚＤＸ",,305,"神奈川県","海老名市","杉久保北４丁目３－２－２０９",,14,215,2430410,,,,,,,2024-03-21,1,,,,,"マァブルズディーエックス",0
1842,7021003017675,01,0,2026-07-08,2026-07-08,"木隠れステイ合同会社",,305,"神奈川県","足柄下郡湯河原町","宮上４６７番地の１",,14,384,2590314,,,,,,,2026-07-08,1,,,,,"コガクレステイ",0
1843,7030001015863,12,0,2026-07-08,2026-06-22,"エレクス株式会社",,301,"埼玉県","さいたま市浦和区","高砂２丁目８番３号",,11,107,3300063,,,,,,,2015-10-05,1,,,,,"エレクス",0
1844,7030001041686,01,1,2026-07-08,2015-10-05,"株式会社丸一",,301,"埼玉県","上尾市","大字領家字丸山１２１番地",,11,219,3620066,,,,,,,2015-10-05,0,,,,,"マルイチ",0
1845,7030001041686,12,1,2026-07-08,2026-06-15,"株式会社丸一",,301,"埼玉県","上尾市","領家１２１番地",,11,219,3620066,,,,,,,2015-10-05,1,,,,,"マルイチ",0
1846,7030001058714,01,1,2026-07-08,2015-10-05,"ハーヴェスト・ムーン・コーポレーション株式会社",,301,"埼玉県","ふじみ野市","霞ケ丘３丁目４番１－１０２号",,11,245,3560006,,,,,,,2015-10-05,1,,,,,"ハーヴェストムーンコーポレーション",0
1847,7030001077227,01,1,2026-07-08,2015-10-05,"増田鋳造株式会社",,301,"埼玉県","川口市","幸町２丁目１３番２３号",,11,203,3320016,,,,,,,2015-10-05,1,,,,,"マスダチュウゾウ",0
1848,7030001173158,01,0,2026-07-08,2026-07-08,"東和生コン建材株式会社",,301,"埼玉県","東松山市","仲田町３番地",,11,212,3550009,,,,,,,2026-07-08,1,,,,,"トウワナマコンケンザイ",0
1849,7030001173232,01,0,2026-07-08,2026-07-08,"株式会社カノキ",,301,"埼玉県","さいたま市緑区","大字三室１５０２番地",,11,109,3360911,,,,,,,2026-07-08,1,,,,,"カノキ",0
1850,7030001173240,01,0,2026-07-08,2026-07-08,"株式会社Ｎｅｘｔ　Ｓｔａｇｅ",,301,"埼玉県","深谷市","原郷１９６７番地３",,11,218,3660035,,,,,,,2026-07-08,1,,,,,"ネクストステージ",0
1851,7040001006779,12,0,2026-07-08,2026-06-24,"ランド・エスタ株式会社",,301,"千葉県","千葉市花見川区","畑町４２６番地１－２０１号室",,12,102,2620018,,,,,,,2015-10-05,1,,,,,,0
1852,7040001121537,12,0,2026-07-08,2026-07-06,"サンテラ株式会社",,301,"東京都","港区","三田１丁目３－４０天翔オフィス麻布十番３０７Ｇ号",,13,103,1080073,,,,,,,2021-12-28,1,,,,,"サンテラ",0
1853,7040001124795,12,0,2026-07-08,2026-06-23,"株式会社コッポラ",,301,"千葉県","東金市","東上宿７番地２アネックス和総２０７号室",,12,213,2830067,,,,,,,2022-08-23,1,,,,,"コッポラ",0
1854,7040002067985,01,1,2026-07-08,2015-10-05,"有限会社矢那川自動車工業所",00020563,302,"千葉県","木更津市","文京５丁目１番３号",,12,206,2920804,,,,,,,2015-10-05,1,,,,,"ヤナガワジドウシャコウギョウショ",0
1855,7040005023226,01,0,2026-07-08,2026-07-08,"一般社団法人ともに生きる実践ラボ",,399,"千葉県","南房総市","和田町仁我浦２６６番地１",,12,234,2992703,,,,,,,2026-07-08,1,,,,,"トモニイキルジッセンラボ",0
1856,7050001046106,12,0,2026-07-08,2026-07-03,"ＭＹ　ＴＥＲＲＡ株式会社",,301,"埼玉県","狭山市","大字笹井２８２１番地の３メゾン笹井３０１",,11,215,3501327,,,,,,,2019-06-10,1,,,,,"マイテラ",0
1857,7050001058646,01,0,2026-07-08,2026-07-08,"株式会社久保田機械店",,301,"茨城県","つくば市","遠東１７６７番地",,08,220,3002633,,,,,,,2026-07-08,1,,,,,"クボタキカイテン",0
1858,7050005008457,01,1,2026-07-08,2015-10-05,"医療法人直志会",,399,"茨城県","久慈郡大子町","大字北田気字広林７６番地",,08,364,3193521,,,,,,,2015-10-05,1,,,,,,0
1859,7050005012269,12,0,2026-07-08,2026-06-15,"一般社団法人日本医療デザインセンター",,399,"神奈川県","鎌倉市","台４丁目３番１８号",,14,204,2470061,,,,,,,2018-03-01,1,,,,,"ニホンイリョウデザインセンター",0
1860,7060001000672,01,1,2026-07-08,2015-10-05,"宇都宮タマル工業株式会社",,301,"栃木県","宇都宮市","北一の沢町２番２３号",,09,201,3200048,,,,,,,2015-10-05,1,,,,,"ウツノミヤタマルコウギョウ",0
1861,7060001001563,01,1,2026-07-08,2015-10-05,"株式会社ケンジ",,301,"栃木県","宇都宮市","針ヶ谷町４２１番地４１",,09,201,3210147,,,,,,,2015-10-05,1,,,,,"ケンジ",0
1862,7060001035891,21,0,2026-07-08,2026-07-01,"Ｐ‐スタイル株式会社",,301,"栃木県","下野市","下長田３１１番地３",,09,216,3290503,,,2026-07-01,01,,,2023-04-17,1,,,,,"ピースタイル",0
1863,7060001039430,01,0,2026-07-08,2026-07-08,"石川タイヤ商会株式会社",,301,"栃木県","小山市","神鳥谷４丁目１番４号",,09,208,3230034,,,,,,,2026-07-08,1,,,,,"イシカワタイヤショウカイ",0
1864,7070002015702,01,1,2026-07-08,2015-10-05,"有限会社ティー・ケイ",,302,"群馬県","高崎市","柳川町２２番地",,10,202,3700815,,,,,,,2015-10-05,0,,,,,"ティーケイ",0
1865,7070002015702,12,1,2026-07-08,2026-07-01,"有限会社ティー・ケイ",,302,"群馬県","高崎市","剣崎町４１０番地７",,10,202,3700883,,,,,,,2015-10-05,1,,,,,"ティーケイ",0
1866,7070002017319,01,1,2026-07-08,2015-10-05,"有限会社オガシワ建設",,302,"群馬県","藤岡市","藤岡２９６２番地３",,10,209,3750024,,,,,,,2015-10-05,1,,,,,"オガシワケンセツ",0
1867,7070005010510,01,0,2026-07-08,2026-07-08,"医療法人井田会",,399,"群馬県","藤岡市","藤岡２１１３番地１",,10,209,3750024,,,,,,,2026-07-08,1,,,,,"イダカイ",0
1868,7080001027689,01,0,2026-07-08,2026-07-08,"小塚建設株式会社",,301,"静岡県","藤枝市","田沼１丁目２０番９号１階",,22,214,4260061,,,,,,,2026-07-08,1,,,,,"コヅカケンセツ",0
1869,7080002011634,01,1,2026-07-08,2015-10-05,"有限会社ル・セール",,302,"静岡県","静岡市清水区","江尻台町３番１号",,22,103,4240044,,,,,,,2015-10-05,1,,,,,"ルセール",0
1870,7080101026368,01,0,2026-07-08,2026-07-08,"ＵＭＫ株式会社",,301,"静岡県","富士宮市","山宮８９３番地",,22,207,4180111,,,,,,,2026-07-08,1,,,,,"ユーエムケー",0
1871,7090001019974,01,0,2026-07-08,2026-07-08,"Ｓｅｃｏｎｄ　ｓｔａｒ株式会社",,301,"山梨県","韮崎市","大草町下條西割５９０番地４",,19,207,4070035,,,,,,,2026-07-08,1,,,,,"セカンドスター",0
1872,7100001016474,11,0,2026-07-08,2026-07-01,"Ｈｏｎｄａ　Ｎｅｘｔ　Ｏｎｅ甲信株式会社",,301,"長野県","松本市","出川２丁目１９番３号",,20,202,3900827,,,,,,,2015-10-05,1,,,,,"ホンダネクストワンコウシン",0
1873,7100001020600,71,0,2026-07-08,2026-07-01,"伊那食品工業株式会社",,301,"長野県","伊那市","西春近５０７４番地",,20,209,3994431,,,,,,"令和８年７月１日長野県上伊那郡中川村大草４１８２番地の１米澤酒造株式会社（6100001021426）を合併",2015-10-05,1,,,,,"イナショクヒンコウギョウ",0
1874,7100001029393,01,1,2026-07-08,2016-06-01,"鶴田機工株式会社",,301,"長野県","茅野市","米沢１７３番地７",,20,214,3910216,,,,,,,2016-06-01,1,,,,,"ツルタキコウ",0
1875,7100002000436,01,1,2026-07-08,2015-10-05,"有限会社イトウ自動車ガラス",,302,"長野県","長野市","大字北長池５８２番地６",,20,201,3810025,,,,,,,2015-10-05,0,,,,,"イトウジドウシャガラス",0
1876,7100002000436,12,1,2026-07-08,2017-05-08,"有限会社イトウ自動車ガラス",,302,"長野県","長野市","大字北長池５８４番地１",,20,201,3810025,,,,,,,2015-10-05,1,,,,,"イトウジドウシャガラス",0
1877,7110001040259,01,0,2026-07-08,2026-07-08,"湯沢スノーサービス株式会社",,301,"新潟県","南魚沼郡湯沢町","大字三国字東谷山９９６番地１８先",,15,461,9496212,,,,,,,2026-07-08,1,,,,,"ユザワスノーサービス",0
1878,7110002004849,21,0,2026-07-08,2026-06-30,"有限会社新潟テツク販売",,302,"新潟県","新潟市東区","幸栄１丁目１３番１２号",,15,102,9500022,,,2026-06-30,01,,,2015-10-05,1,,,,,"ニイガタテックハンバイ",0
1879,7110002030993,21,0,2026-07-08,2026-06-30,"有限会社能登電気商会",,302,"新潟県","長岡市","寺泊磯町７５１３番地",,15,202,9402502,,,2026-06-30,01,,,2015-10-05,1,,,,,"ノトデンキショウカイ",0
1880,7120001136527,12,0,2026-07-08,2026-06-25,"ＡＴエレクトロード株式会社",,301,"神奈川県","川崎市川崎区","千鳥町１番２号",,14,131,2100865,,,,,,,2015-10-05,1,,,,,"エーティエレクトロード",0
1881,7120001166490,01,1,2026-07-08,2015-10-05,"株式会社Ｍｅｒｒｙ　ｇｏ　ｒｏｕｎｄ",,301,"大阪府","大阪市北区","梅田１丁目１１番４号",,27,127,5300001,,,,,,,2015-10-05,1,,,,,"メリーゴーランド",0
1882,7120001196521,11,0,2026-07-08,2026-07-01,"豊泰国際株式会社",,301,"大阪府","大阪市天王寺区","石ケ辻町１８－１３エムピリス上町４０６号",00141924,27,109,5430031,,,,,,,2016-02-29,1,,,,,"トヨヤスコクサイ",0
1883,7120001212575,12,0,2026-07-08,2026-06-30,"株式会社ＫＭＣ",,301,"兵庫県","神戸市東灘区","深江浜町１０３番地",,28,101,6580023,,,,,,,2018-04-11,1,,,,,"ケーエムシー",0
1884,7120001219042,71,0,2026-07-08,2026-06-09,"株式会社Ｆｕｊｉｓａｎ　Ａｃａｄｅｍｉａ　Ｇｒｏｕｐ",,301,"東京都","渋谷区","南平台町１６番１１号",,13,113,1500036,,,,,,"令和８年５月２９日大阪府茨木市別院町４番２０号中村ビルクリエイト研究会株式会社（2120901050658）を合併",2019-02-18,1,,,,,"フジサンアカデミアグループ",0
1885,7120001251061,21,0,2026-07-08,2026-07-01,"株式会社ＬｅｇａＫｎｏｃｋ",,301,"大阪府","大阪市淀川区","西中島５丁目８－２９－７１０",,27,123,5320011,,,2026-07-01,01,,,2022-12-14,1,,,,,"レガノック",0
1886,7120001263833,21,0,2026-07-08,2026-07-01,"株式会社梁村建設",,301,"大阪府","大阪市鶴見区","今津南１丁目６番２９号",,27,124,5380043,,,2026-07-01,01,,,2024-04-08,1,,,,,"ヤナムラケンセツ",0
1887,7120001271092,12,0,2026-07-08,2026-06-30,"微聯株式会社",,301,"大阪府","大阪市東成区","大今里２丁目６番１８号昇徳ビル１階Ｄ室",,27,115,5370012,,,,,,,2024-12-16,1,,,,,"ビレン",0
1888,7120001279383,12,0,2026-07-08,2026-06-25,"株式会社ＭＩＴＡＳＵ",,301,"大阪府","大阪市港区","弁天２丁目６番２５号",,27,107,5520007,,,,,,,2025-09-05,1,,,,,"ミタス",0
1889,7120001279549,21,0,2026-07-08,2026-07-06,"雨軒株式会社",,301,"大阪府","大阪市東住吉区","南田辺１丁目８番４３号ＵＩＩＴビル３０１号室",,27,121,5460033,,,2026-07-06,01,,,2025-09-12,1,,,,,"ウケン",0
1890,7120001287089,01,1,2026-07-08,2026-06-15,"日和ステンレス株式会社",,301,"大阪府","大阪市中央区","南船場２丁目３番６号２Ｆ",,27,128,5420081,,,,,,,2026-06-15,1,,,,,"ヒヨリステンレス",0
1891,7120001287584,01,0,2026-07-08,2026-07-08,"株式会社グラインドライフ",,301,"大阪府","大阪市住之江区","新北島４丁目２番３－５１４号",,27,125,5590024,,,,,,,2026-07-08,1,,,,,"グラインドライフ",0
1892,7120001287659,01,0,2026-07-08,2026-07-08,"株式会社Ｋｏｎｅｋｓｉ　Ｉｎｔｅｒｎａｔｉｏｎａｌ",,301,"大阪府","大阪市中央区","平野町２丁目３番７号アーバンエース北浜ビル１階",,27,128,5410046,,,,,,,2026-07-08,1,,,,,"コネクシインターナショナル",0
1893,7120001287675,01,0,2026-07-08,2026-07-08,"株式会社ＨＣ　ＷＯＲＫＳ",,301,"大阪府","大阪市淀川区","西中島３丁目２３番１６号",,27,123,5320011,,,,,,,2026-07-08,1,,,,,"エイチシーワークス",0
1894,7120001287683,01,0,2026-07-08,2026-07-08,"ＮＨＹ　ＬＯＧＩＳＴＩＣＳ株式会社",,301,"大阪府","大阪市中央区","内本町１丁目２番６号内本町松林ビル６階",,27,128,5400026,,,,,,,2026-07-08,1,,,,,"エヌエイチワイロジスティクス",0
1895,7120001287691,01,0,2026-07-08,2026-07-08,"株式会社かめかめ",,301,"大阪府","大阪市住吉区","苅田３丁目３番８号",,27,120,5580011,,,,,,,2026-07-08,1,,,,,"カメカメ",0
1896,7120001287717,01,0,2026-07-08,2026-07-08,"ＨＥＲＯ不動産株式会社",,301,"大阪府","大阪市平野区","長吉長原西１丁目３番１３号",,27,126,5470015,,,,,,,2026-07-08,1,,,,,"ヒーローフドウサン",0
1897,7120002041437,01,1,2026-07-08,2015-10-05,"有限会社吉栄土地建物",00030958,302,"大阪府","大阪市北区","天満橋２丁目４番４－７０１号",,27,127,5300042,,,,,,,2015-10-05,1,,,,,"ヨシエイトチタテモノ",0
1898,7120002051642,12,0,2026-07-08,2026-06-29,"株式会社エメラス",,301,"大阪府","大阪市北区","長柄東２丁目３番２８－１１０３号",,27,127,5310063,,,,,,,2015-10-05,1,,,,,"エメラス",0
1899,7120005025635,01,0,2026-07-08,2026-07-08,"一般社団法人健生会",,399,"大阪府","大阪市港区","弁天５丁目２番６号オカクママンション２０２号",,27,107,5520007,,,,,,,2026-07-08,1,,,,,"ケンセイカイ",0
1900,7120005025643,01,0,2026-07-08,2026-07-08,"一般社団法人ミナミまち育てネットワーク",,399,"大阪府","大阪市中央区","難波千日前５番１９号河原センタービル２階",,27,128,5420075,,,,,,,2026-07-08,1,,,,,"ミナミマチソダテネットワーク",0
1901,7120105010181,01,0,2026-07-08,2026-07-08,"一般社団法人にこにこぐらむ",,399,"大阪府","堺市南区","高倉台４丁３１番１１９号",,27,145,5900117,,,,,,,2026-07-08,1,,,,,"ニコニコグラム",0
1902,7120901015490,01,1,2026-07-08,2015-10-05,"前川機工株式会社",,301,"大阪府","高槻市","萩之庄３丁目１１番５号",,27,207,5690093,,,,,,,2015-10-05,1,,,,,"マエカワキコウ",0
1903,7120901019500,12,0,2026-07-08,2026-07-06,"協和ハウジング株式会社",,301,"兵庫県","三田市","学園５丁目２番地３",,28,219,6691337,,,,,,,2015-10-05,1,,,,,"キョウワハウジング",0
1904,7120901052897,01,0,2026-07-08,2026-07-08,"株式会社ＫＵＲＯＭＵ",,301,"大阪府","箕面市","彩都粟生南５丁目４番２１号",,27,220,5620028,,,,,,,2026-07-08,1,,,,,"クロム",0
1905,7120903006298,01,0,2026-07-08,2026-07-08,"みのりアセット合同会社",,305,"大阪府","吹田市","金田町５番１０－３０１号",,27,205,5640045,,,,,,,2026-07-08,1,,,,,"ミノリアセット",0
1906,7120903006307,01,0,2026-07-08,2026-07-08,"合同会社ヒトノワ",,305,"大阪府","摂津市","鳥飼本町５丁目９－１２－５０２",,27,224,5660052,,,,,,,2026-07-08,1,,,,,"ヒトノワ",0
1907,7120905006684,01,1,2026-07-08,2025-01-30,"一般社団法人全日本技能士アカデミー",,399,"大阪府","吹田市","豊津町９番１号",,27,205,5640051,,,,,,,2025-01-30,1,,,,,"ゼンニホンギノウシアカデミー",0
1908,7130001062565,11,0,2026-07-08,2026-07-01,"株式会社ＩＴＰアドバンスドプリンティング",,301,"京都府","京都市中京区","丸太町通小川西入横鍛治町１００番地石田大成社ビル",,26,104,6040000,,,,,,,2018-07-18,1,,,,,,0
1909,7130001081466,11,0,2026-07-08,2026-07-02,"Ａｒａｔａｓ株式会社",,301,"京都府","京都市下京区","塩小路通堀川東入南不動堂町８０１番地",,26,106,6008234,,,,,,,2026-01-22,1,,,,,"アラタス",0
1910,7130001082530,01,0,2026-07-08,2026-07-08,"株式会社寿楽",,301,"京都府","京都市中京区","錦小路通室町西入天神山町２８０石勘ビル４Ｆ",,26,104,6048221,,,,,,,2026-07-08,1,,,,,"ジュラク",0
1911,7140001082661,21,0,2026-07-08,2026-06-30,"株式会社エヌアンドケイ",,301,"兵庫県","川西市","寺畑２丁目９番１６－１号",,28,217,6660034,,,2026-06-30,01,,,2015-10-05,1,,,,,"エヌアンドケイ",0
1912,7140001119083,12,0,2026-07-08,2026-07-01,"株式会社Ｂ－ｓｔｙｌｅ",,301,"兵庫県","神戸市中央区","八幡通４丁目２番１２号",,28,110,6510085,,,,,,,2020-10-16,1,,,,,"ビースタイル",0
1913,7140002036914,01,1,2026-07-08,2015-10-05,"有限会社アイ・シーブイエス",,302,"兵庫県","加古川市","加古川町中津８４０番地の３",,28,210,6750068,,,,,,,2015-10-05,1,,,,,"アイシーブイエス",0
1914,7140002066795,01,1,2026-07-08,2015-10-05,"有限会社クリストファー・レイ・ライティング",,302,"兵庫県","宝塚市","伊孑志３丁目１４番５９号",,28,214,6650033,,,,,,,2015-10-05,1,,,,,"クリストファーレイライティング",0
1915,7140003023820,01,0,2026-07-08,2026-07-08,"合同会社ＫＴ　ＦＲＡＭＥ",,305,"兵庫県","佐用郡佐用町","円應寺１４２",,28,501,6795307,,,,,,,2026-07-08,1,,,,,"ケーティーフレーム",0
1916,7140003023853,01,0,2026-07-08,2026-07-08,"合同会社ＦＡＲＭ　ＭＩＲＡＩＥ",,305,"兵庫県","三田市","加茂４４９番地２１",,28,219,6691311,,,,,,,2026-07-08,1,,,,,"ファームミライエ",0
1917,7140005003754,12,0,2026-07-08,2026-07-01,"医療法人社団旭診療所",,399,"兵庫県","神戸市中央区","旭通２丁目９番５号",,28,110,6510095,,,,,,,2015-10-05,1,,,,,"アサヒシンリョウショ",0
1918,7140005022762,21,0,2026-07-08,2026-07-01,"一般社団法人阪神福祉ＮＥＴ",,399,"兵庫県","尼崎市","南武庫之荘４丁目９－６",,28,202,6610033,,,2026-07-01,01,,,2016-01-22,1,,,,,"ハンシンフクシネット",0
1919,7150002001685,21,0,2026-07-08,2026-06-29,"有限会社マルエ田中",,302,"奈良県","奈良市","芝辻町２丁目９番１５号",00043290,29,201,6308114,,,2026-06-29,01,,,2015-10-05,1,,,,,"マルエタナカ",0
1920,7160003003853,01,0,2026-07-08,2026-07-08,"合同会社ライジング企画",,305,"滋賀県","大津市","野郷原１丁目７番１－２０９号",,25,201,5202133,,,,,,,2026-07-08,1,,,,,"ライジングキカク",0
1921,7170001018101,01,1,2026-07-08,2024-04-17,"株式会社三幸フード",,301,"和歌山県","和歌山市","祢宜１５９０番地",,30,201,6400000,,,,,,,2024-04-17,1,,,,,"サンコウフード",0
1922,7180001004827,11,0,2026-07-08,2026-07-01,"ＴＤＧ　ＨＯＬＤＩＮＧＳ株式会社",,301,"愛知県","名古屋市千種区","仲田２丁目１番５号",,23,101,4640074,,,,,,,2015-10-05,1,,,,,"トウキョウダイイチハンバイ",0
1923,7180001024932,01,1,2026-07-08,2015-10-05,"株式会社エム・テイ",,301,"愛知県","名古屋市中川区","西伏屋１丁目１０２０番地",,23,110,4540982,,,,,,,2015-10-05,0,,,,,"エムテイ",0
1924,7180001024932,71,1,2026-07-08,2016-10-03,"株式会社エム・テイ",,301,"愛知県","名古屋市中川区","西伏屋１丁目１０２０番地",,23,110,4540982,,,,,,"平成２８年１０月１日名古屋市中川区西伏屋一丁目１０２０番地東海農園株式会社（2180001089550）を合併",2015-10-05,1,,,,,"エムテイ",0
1925,7180001054921,01,1,2026-07-08,2015-10-05,"株式会社バリアフリー",,301,"愛知県","名古屋市緑区","大根山１丁目１９０４番地",,23,114,4598007,,,,,,,2015-10-05,1,,,,,"バリアフリー",0
1926,7180001172590,01,0,2026-07-08,2026-07-08,"株式会社Ｎｅｘｕｓ",,301,"愛知県","江南市","宮後町王塚２４３番地１",,23,217,4838044,,,,,,,2026-07-08,1,,,,,"ネクサス",0
1927,7180001172599,01,0,2026-07-08,2026-07-08,"ＥＫアセット株式会社",,301,"愛知県","名古屋市千種区","月見坂町２丁目２番地の１",,23,101,4640056,,,,,,,2026-07-08,1,,,,,"イーケーアセット",0
1928,7180001172624,01,0,2026-07-08,2026-07-08,"株式会社ＢＥＸＵＳ",,301,"愛知県","名古屋市北区","中味鋺２丁目４４４番地",,23,103,4620015,,,,,,,2026-07-08,1,,,,,"ビクサス",0
1929,7180001172673,01,0,2026-07-08,2026-07-08,"前田硝子株式会社",,301,"愛知県","名古屋市昭和区","鶴舞２丁目９番６号",,23,107,4660064,,,,,,,2026-07-08,1,,,,,"マエダガラス",0
1930,7180002042990,01,1,2026-07-08,2015-10-05,"有限会社シビル・アート",,302,"愛知県","名古屋市中村区","塩池町１丁目１６番５号",,23,105,4530032,,,,,,,2015-10-05,1,,,,,"シビルアート",0
1931,7180002069126,01,1,2026-07-08,2015-10-05,"有限会社サンコーライフサービス",,302,"愛知県","小牧市","城山２丁目１１番地桃花台パークヒルズ参番館１００８号",,23,219,4850812,,,,,,,2015-10-05,1,,,,,"サンコーライフサービス",0
1932,7180003020896,11,0,2026-07-08,2026-07-01,"株式会社ＳＯＬＯＭＯＮ　ＭＯＴＯＲＳ",,301,"愛知県","名古屋市守山区","川東山１３０３番地",,23,113,4630006,,,,,,,2020-03-02,1,,,,,"ソロモンモータース",0
1933,7180003030482,01,0,2026-07-08,2026-07-08,"Ｋ‐ＢＲＡＩＮ合同会社",,305,"愛知県","名古屋市千種区","赤坂町２丁目２１番地ショッピ赤坂ビル２０５",,23,101,4640094,,,,,,,2026-07-08,1,,,,,"ケイブレイン",0
1934,7180301018205,01,1,2026-07-08,2015-10-05,"株式会社ゲットウェル",,301,"愛知県","豊田市","逢妻町３丁目１０番地７",00074677,23,211,4710052,,,,,,,2015-10-05,1,,,,,"ゲットウェル",0
1935,7180301040662,12,0,2026-07-08,2026-07-03,"株式会社ＭＺ",,301,"愛知県","名古屋市中村区","名駅４丁目２４番５号第２森ビル４０１",,23,105,4500002,,,,,,,2026-02-05,1,,,,,"エムゼット",0
1936,7180301041173,01,0,2026-07-08,2026-07-08,"株式会社ＫＵＲＵＭＯＴＯ",,301,"愛知県","豊橋市","松葉町１丁目６３番地１松葉ビル２Ｆ",,23,201,4400897,,,,,,,2026-07-08,1,,,,,"クルモト",0
1937,7180302011803,01,1,2026-07-08,2015-10-05,"有限会社クリエイティブエンジニアリング",,302,"愛知県","豊橋市","新栄町字南小向６５番地１",,23,201,4418016,,,,,,,2015-10-05,1,,,,,"クリエイティブエンジニアリング",0
1938,7180303006364,11,0,2026-07-08,2026-06-24,"株式会社フューチャーワークス",,301,"愛知県","西尾市","吉良町岡山砦山５８番地１",,23,213,4440531,,,,,,,2024-12-06,1,,,,,"フューチャーワークス",0
1939,7190001033271,01,0,2026-07-08,2026-07-08,"株式会社Ｌ．ｇｒａＭ",,301,"三重県","桑名市","大字星川８４２番地１２",,24,205,5110912,,,,,,,2026-07-08,1,,,,,"エルグラム",0
1940,7190002004610,01,1,2026-07-08,2015-10-05,"有限会社笠井電気工業所",,302,"三重県","亀山市","山下町３４番地",,24,210,5190147,,,,,,,2015-10-05,1,,,,,"カサイデンキコウギョウショ",0
1941,7200001039886,21,0,2026-07-08,2026-07-01,"３Ｗ株式会社",,301,"岐阜県","岐阜市","県町２丁目１２番地１２チサンマンション岐阜５０１号室",,21,201,5008176,,,2026-07-01,01,,,2022-03-25,1,,,,,"スリーダブル",0
1942,7200002000418,21,0,2026-07-08,2026-07-01,"有限会社稲葉保険事務所",,302,"岐阜県","岐阜市","五反田町１０番地",,21,201,5008328,,,2026-07-01,01,,,2015-10-05,1,,,,,"イナバホケンジムショ",0
1943,7210001016793,12,0,2026-07-08,2026-07-01,"まちづくり株式会社ＺＥＮコネクト",,301,"福井県","吉田郡永平寺町","岩野第２号１番地",,18,322,9101204,,,,,,,2017-06-12,1,,,,,"マチヅクリゼンコネクト",0
1944,7220001027476,01,0,2026-07-08,2026-07-08,"株式会社Ｍｉｋｉｍｉ",,301,"石川県","金沢市","東山１丁目１７番３１号（リヴェンデル・２０６号）",,17,201,9200831,,,,,,,2026-07-08,1,,,,,"ミキミ",0
1945,7220002013839,21,0,2026-07-08,2026-07-01,"有限会社シンワ運輸サービス",,302,"石川県","七尾市","池崎町壱号６番地の１",,17,202,9260831,,,2026-07-01,01,,,2025-11-10,1,,,,,,0
1946,7230002010091,11,0,2026-07-08,2026-07-02,"有限会社富山グリーンプラン",,302,"富山県","小矢部市","西中野４９３番地",,16,209,9320035,,,,,,,2015-10-05,1,,,,,"トヤマグリーンプラン",0
1947,7230005008810,01,1,2026-07-08,2017-06-20,"ＮＰＯ法人まなびや",,399,"富山県","富山市","旭町３番３号旭町ビル",,16,201,9398091,,,,,,,2017-06-20,1,,,,,"マナビヤ",0
1948,7240001022913,71,0,2026-07-08,2026-06-24,"株式会社陸地コンサルタント",,301,"広島県","東広島市","西条大坪町８番２７号",,34,212,7390005,,,,,,"令和８年６月２４日広島県東広島市西条大坪町５番１３号株式会社賀茂総合サービス（6240001022914）を合併",2015-10-05,1,,,,,"リクチコンサルタント",0
1949,7240001043736,21,0,2026-07-08,2026-06-29,"株式会社匠",,301,"広島県","福山市","曙町３丁目２５番１１号",,34,207,7210952,,,2026-06-29,01,,,2015-10-05,1,,,,,"タクミ",0
1950,7240001066745,01,0,2026-07-08,2026-07-08,"株式会社ｎｋｄｉｇｉｔａｌ",,301,"広島県","広島市中区","銀山町３－１ひろしまハイビル２１（１６階）",,34,101,7300022,,,,,,,2026-07-08,1,,,,,"エヌケイデジタル",0
1951,7240003007821,01,0,2026-07-08,2026-07-08,"合同会社Ｌｅｎｔｅ",,305,"広島県","江田島市","大柿町大原浜ノ内５６７－１",,34,215,7372213,,,,,,,2026-07-08,1,,,,,"レンテ",0
1952,7240005016135,01,0,2026-07-08,2026-07-08,"医療法人京橋心療クリニック",,399,"広島県","広島市南区","京橋町１番２号",,34,103,7320828,,,,,,,2026-07-08,1,,,,,"キョウバシシンリョウクリニック",0
1953,7250001003813,01,1,2026-07-08,2015-10-05,"株式会社オーダックス",,301,"山口県","下関市","阿弥陀寺町７番１２－１００１号",,35,201,7500003,,,,,,,2015-10-05,1,,,,,"オーダックス",0
1954,7250001013630,01,1,2026-07-08,2015-10-05,"岩国西商工振興株式会社",,301,"山口県","岩国市","玖珂町字宮脇１５７７番地２",,35,208,7420344,,,,,,,2015-10-05,1,,,,,"イワクニニシショウコウシンコウ",0
1955,7250001021740,01,0,2026-07-08,2026-07-08,"ＳＡＮＢＯＵ　ＰＡＲＴＮＥＲＳ株式会社",,301,"山口県","山口市","平井５７５‐１Ｎ‐ＢＡＳＥ１０４",,35,203,7530831,,,,,,,2026-07-08,1,,,,,"サンボウパートナーズ",0
1956,7260001027308,12,0,2026-07-08,2026-07-03,"株式会社サプリアル",,301,"岡山県","倉敷市","三田２８０番地２",,33,202,7100001,,,,,,,2015-10-05,1,,,,,"サプリアル",0
1957,7260001030410,12,0,2026-07-08,2026-07-03,"梶野相続サポート＆コンサルティング株式会社",,301,"岡山県","倉敷市","平田９６１番地３",,33,202,7100003,,,,,,,2017-01-25,1,,,,,"カジノソウゾクサポートアンドコンサルティング",0
1958,7260001034361,21,0,2026-07-08,2026-07-06,"株式会社哲工業",,301,"岡山県","倉敷市","北畝２丁目２番１０号",,33,202,7128032,,,2026-07-06,01,,,2020-05-28,1,,,,,"テツコウギョウ",0
1959,7260002031655,21,0,2026-07-08,2026-07-03,"株式会社ＫＩＳ",,301,"岡山県","備前市","日生町日生６３９番地の３４",,33,211,7013204,,,2026-07-03,01,,,2015-10-05,1,,,,,"ケーアイエス",0
1960,7270005003873,01,1,2026-07-08,2015-10-05,"社会福祉法人日翔会",,399,"鳥取県","日野郡日野町","根雨７３０番地",,31,402,6894503,,,,,,,2015-10-05,0,,,,,"ニッショウカイ",0
1961,7270005003873,11,1,2026-07-08,2026-04-01,"社会福祉法人湖成会",,399,"鳥取県","日野郡日野町","根雨７３０番地",,31,402,6894503,,,,,,,2015-10-05,1,,,,,"コセイカイ",0
1962,7280003002091,01,0,2026-07-08,2026-07-08,"合同会社Ｃ面Ｄ面",,305,"島根県","松江市","東津田町１０４１番地１ＷＵＳＱＵＡＲＥ２階",,32,201,6900011,,,,,,,2026-07-08,1,,,,,"シーメンディーメン",0
1963,7280005003939,21,0,2026-07-08,2026-07-06,"特定非営利活動法人納川の会",,399,"島根県","大田市","大森町ハ４８番地１",,32,205,6940305,,,2026-07-06,01,,,2015-10-05,1,,,,,"ノウセンノカイ",0
1964,7290001010764,01,1,2026-07-08,2015-10-05,"株式会社モード",,301,"福岡県","福岡市中央区","天神２丁目８番２２１号",,40,133,8100001,,,,,,,2015-10-05,1,,,,,"モード",0
1965,7290001012884,12,0,2026-07-08,2026-07-06,"グローバルブレインズ株式会社",,301,"福岡県","福岡市中央区","天神２丁目８番３５号",,40,133,8100001,,,,,,,2015-10-05,1,,,,,"グローバルブレインズ",0
1966,7290001031018,12,0,2026-07-08,2026-07-01,"株式会社金澤バイオ研究所",,301,"千葉県","香取市","上小堀１－７",,12,236,2890306,,,,,,,2015-10-05,1,,,,,"カナザワバイオケンキュウショ",0
1967,7290001089824,12,0,2026-07-08,2026-06-30,"れいたす株式会社",,301,"福岡県","福岡市中央区","赤坂１丁目１４番２２号",,40,133,8100042,,,,,,,2020-08-19,1,,,,,"レイタス",0
1968,7290001114680,01,0,2026-07-08,2026-07-08,"株式会社ラシャンス",,301,"福岡県","大牟田市","大正町１丁目３番地１",,40,202,8360047,,,,,,,2026-07-08,1,,,,,"ラシャンス",0
1969,7290001114796,01,0,2026-07-08,2026-07-08,"株式会社ＭａｈａＬｕａ",,301,"福岡県","福岡市中央区","桜坂１丁目２番５－１１０２号",,40,133,8100024,,,,,,,2026-07-08,1,,,,,"マハルア",0
1970,7290003018368,12,0,2026-07-08,2026-06-26,"合同会社ＣＲＯＣＵＰ",,305,"福岡県","福岡市城南区","荒江１丁目３番１号ライオンズマンション城南１０７号室",,40,136,8140101,,,,,,,2026-05-12,1,,,,,"クロコップ",0
1971,7310001020158,01,0,2026-07-08,2026-07-08,"株式会社ＫＵＷＡ",,301,"長崎県","五島市","吉田町３０７７番地１",,42,211,8530042,,,,,,,2026-07-08,1,,,,,"クワ",0
1972,7310005008637,21,0,2026-07-08,2026-07-06,"医療法人ＮＩＵ利休庵診療所",,399,"長崎県","佐世保市","崎岡町２８２５―１",,42,202,8593226,,,2026-07-06,01,,,2022-10-11,1,,,,,"エヌアイユーリキュウアンシンリョウジョ",0
1973,7320001020330,12,0,2026-07-08,2026-06-30,"株式会社ｚｅｒｏｏｎｅ",,301,"大分県","大分市","横尾東町２丁目２６番１４号",,44,201,8700130,,,,,,,2024-03-05,1,,,,,"ゼロワン",0
1974,7320001021808,01,0,2026-07-08,2026-07-08,"株式会社ｎｉｃｈｅ",,301,"大分県","別府市","亀川東町１番３６号",,44,202,8740022,,,,,,,2026-07-08,1,,,,,"ニッチ",0
1975,7320003005024,01,0,2026-07-08,2026-07-08,"合同会社Ｐｏｎｏ　Ｏｈａｎａ",,305,"大分県","別府市","鶴見４丁目７番４号ルミエールの丘Ｈ－１３",,44,202,8740833,,,,,,,2026-07-08,1,,,,,"ポノオハナ",0
1976,7320005007332,01,1,2026-07-08,2015-10-05,"舟岡神社",,399,"大分県","玖珠郡玖珠町","大字塚脇９８１番地",,44,462,8794413,,,,,,,2015-10-05,1,,,,,"フナオカジンジャ",0
1977,7330001001445,21,0,2026-07-08,2026-07-06,"ＡＬＳＯＫ熊本株式会社",,301,"熊本県","熊本市中央区","紺屋今町９番６号熊本紺屋今町ビル５階",,43,101,8600012,,,2026-07-06,11,2290001016097,"令和８年７月１日福岡市博多区博多駅東一丁目１７番１号コネクトスクエア博多６階ＡＬＳＯＫ九州株式会社（2290001016097）に合併し解散",2015-10-05,1,,,,,"アルソッククマモト",0
1978,7330001024157,12,0,2026-07-08,2026-07-01,"株式会社シャインフィールド",,301,"熊本県","熊本市中央区","本荘２丁目１４番１７号",,43,101,8600811,,,,,,,2017-06-13,1,,,,,"シャインフィールド",0
1979,7330001025709,12,0,2026-07-08,2026-07-01,"株式会社Ｋ．Ｍセキュリティ",,301,"熊本県","熊本市中央区","帯山３丁目１８番６５号",,43,101,8620924,,,,,,,2018-09-26,1,,,,,"ケーエムセキュリティ",0
1980,7330001034445,01,0,2026-07-08,2026-07-08,"株式会社ＭＡＥＤＡ　ＡＵＴＯ",,301,"熊本県","熊本市北区","龍田陳内１丁目１番７１号",,43,105,8618005,,,,,,,2026-07-08,1,,,,,"マエダオート",0
1981,7330001034453,01,0,2026-07-08,2026-07-08,"株式会社ネクストバリューアドバイザリー",,301,"熊本県","熊本市中央区","水前寺２丁目１７番１－３０６号",,43,101,8620950,,,,,,,2026-07-08,1,,,,,"ネクストバリューアドバイザリー",0
1982,7330002018364,01,1,2026-07-08,2015-10-05,"有限会社エース・薬局",,302,"熊本県","山鹿市","古閑１０００番地１",,43,208,8610533,,,,,,,2015-10-05,1,,,,,"エースヤッキョク",0
1983,7330003011657,01,0,2026-07-08,2026-07-08,"シンプルメソッド合同会社",,305,"熊本県","阿蘇郡南阿蘇村","大字河陰４５２４番地９",,43,433,8691411,,,,,,,2026-07-08,1,,,,,,0
1984,7340001025443,01,1,2026-07-08,2023-03-17,"株式会社ＭＩＴＡ　ＲＥＡＬＴＹ",,301,"鹿児島県","鹿児島市","星ヶ峯６丁目１９番地２",,46,201,8910102,,,,,,,2023-03-17,1,,,,,"ミタリアルティ",0
1985,7340001028289,01,0,2026-07-08,2026-07-08,"福田農園株式会社",,301,"鹿児島県","肝属郡肝付町","富山１６７４番地５",,46,492,8931204,,,,,,,2026-07-08,1,,,,,"フクダノウエン",0
1986,7340001028297,01,0,2026-07-08,2026-07-08,"株式会社ＳＯＢ",,301,"鹿児島県","西之表市","東町５２番地１",,46,213,8913113,,,,,,,2026-07-08,1,,,,,"エスオービー",0
1987,7340002026151,21,0,2026-07-08,2026-06-26,"有限会社西迫建設",,302,"鹿児島県","鹿屋市","吾平町上名１２９３番地",,46,203,8931101,,,2026-06-26,01,,,2015-10-05,1,,,,,"ニシサコケンセツ",0
1988,7350001014032,01,1,2026-07-08,2016-05-17,"株式会社さとう青果",,301,"宮崎県","延岡市","出北３丁目２０－２０",,45,203,8820856,,,,,,,2016-05-17,1,,,,,"サトウセイカ",0
1989,7350005006372,01,0,2026-07-08,2026-07-08,"弁護士法人大山法律事務所",,399,"宮崎県","宮崎市","広島１丁目１４番１４号リージングマンションＶ５０１号",,45,201,8800806,,,,,,,2026-07-08,1,,,,,,0
1990,7360005001983,01,1,2026-07-08,2015-10-05,"社会福祉法人国際福祉会",,399,"沖縄県","沖縄市","知花６丁目３４番２３号",,47,211,9042143,,,,,,,2015-10-05,1,,,,,,0
1991,7370001019302,01,1,2026-07-08,2015-10-05,"株式会社ＫｏＫｕＡ",,301,"宮城県","仙台市若林区","新寺１丁目２番１８－３０７号",,04,103,9840051,,,,,,,2015-10-05,0,,,,,"コクア",0
1992,7370001019302,12,1,2026-07-08,2017-03-01,"株式会社ＫｏＫｕＡ",,301,"宮城県","仙台市青葉区","一番町２丁目３番３０－５号",,04,101,9800811,,,,,,,2015-10-05,1,,,,,"コクア",0
1993,7370001053607,12,0,2026-07-08,2026-06-30,"株式会社クラシス",,301,"宮城県","仙台市若林区","白萩町２－１ハイコート白萩１０１",,04,103,9840048,,,,,,,2026-04-02,1,,,,,"クラシス",0
1994,7370001053994,01,0,2026-07-08,2026-07-08,"株式会社ネクサリア",,301,"宮城県","仙台市泉区","市名坂字西裏６１",,04,105,9813117,,,,,,,2026-07-08,1,,,,,"ネクサリア",0
1995,7380001036189,01,0,2026-07-08,2026-07-08,"株式会社Ｍｙｕ’ｓ",,301,"福島県","いわき市","明治団地７３番地の４ｈｏｍｅ１０２",,07,204,9708035,,,,,,,2026-07-08,1,,,,,"ミュウーズ",0
1996,7380001036197,01,0,2026-07-08,2026-07-08,"株式会社うよう",,301,"福島県","郡山市","富久山町福原字東３８番地",,07,203,9638061,,,,,,,2026-07-08,1,,,,,"ウヨウ",0
1997,7380005003771,01,1,2026-07-08,2015-10-05,"特定非営利活動法人日中友好技術人材交流協会",,399,"福島県","郡山市","菜根５丁目４番１６号",,07,203,9638862,,,,,,,2015-10-05,0,,,,,"ニッチュウユウコウギジュツジンザイコウリュウキョウカイ",0
1998,7380005003771,12,1,2026-07-08,2018-06-21,"特定非営利活動法人日中友好技術人材交流協会",,399,"福島県","会津若松市","門田町大字堤沢字道西３４",,07,202,9650827,,,,,,,2015-10-05,0,,,,,"ニッチュウユウコウギジュツジンザイコウリュウキョウカイ",0
1999,7380005003771,12,1,2026-07-08,2026-06-26,"特定非営利活動法人日中友好技術人材交流協会",,399,"福島県","喜多方市","塩川町小府根字蓮沼２６",,07,208,9693532,,,,,,,2015-10-05,1,,,,,"ニッチュウユウコウギジュツジンザイコウリュウキョウカイ",0
2000,7390001018426,01,0,2026-07-08,2026-07-08,"株式会社Ａ．Ｎ．Ｔシステム",,301,"山形県","東置賜郡高畠町","大字三条目１８７番地の５",,06,381,9920331,,,,,,,2026-07-08,1,,,,,"エーエヌティーシステム",0
2001,7400001013128,01,1,2026-07-08,2016-04-11,"株式会社誠花園",,301,"岩手県","花巻市","鍋倉字沢田２６番地",,03,205,0250046,,,,,,,2016-04-11,1,,,,,"セイカエン",0
2002,7400001016948,12,0,2026-07-08,2026-06-25,"株式会社風と土",,301,"岩手県","北上市","九年橋２丁目７番２９号",,03,206,0240063,,,,,,,2025-02-19,1,,,,,"カゼトツチ",0
2003,7410001008003,71,0,2026-07-08,2026-07-01,"大同衣料株式会社",,301,"秋田県","大仙市","角間川町字四上町７番地",,05,212,0141413,,,,,,"令和８年７月１日秋田県大仙市角間川町字中町頭１４番地大同企画開発株式会社（5410001008434）を合併",2015-10-05,1,,,,,"ダイドウイリョウ",0
2004,7410001008085,21,0,2026-07-08,2026-06-30,"モガミ住器株式会社",,301,"秋田県","大仙市","角間川町字稲荷中島２４番地５",,05,212,0141413,,,2026-06-30,01,,,2015-10-05,1,,,,,"モガミジュウキ",0
2005,7430001002045,12,0,2026-07-08,2026-07-02,"株式会社エーエス電工社",,301,"北海道","札幌市北区","篠路五条８丁目７番１９号",,01,102,0028025,,,,,,,2015-10-05,1,,,,,"エーエスデンコウシャ",0
2006,7430001029625,12,0,2026-07-08,2026-07-01,"株式会社ジスター社",,301,"北海道","札幌市中央区","南一条西２５丁目２番８－３０３号",,01,101,0640801,,,,,,,2015-10-05,1,,,,,,0
2007,7430001088654,12,0,2026-07-08,2026-07-01,"ワイズオート株式会社",,301,"北海道","札幌市北区","太平十条７丁目２番７号",,01,102,0028010,,,,,,,2023-03-17,1,,,,,"ワイズオート",0
2008,7430001096491,12,0,2026-07-08,2026-06-30,"株式会社ＦｕｎＢｏｘ",,301,"北海道","札幌市西区","西野八条２丁目１１番１６号",,01,107,0630038,,,,,,,2026-03-25,1,,,,,"ファンボックス",0
2009,7430002003042,12,0,2026-07-08,2026-07-03,"有限会社エスティコム",,302,"北海道","函館市","榎本町１８番３号",,01,202,0420931,,,,,,,2015-10-05,1,,,,,"エスティコム",0
2010,7430003015862,12,0,2026-07-08,2026-07-02,"合同会社ホッチキスエステート",,305,"北海道","札幌市中央区","宮ケ丘１丁目２番３５号",,01,101,0640959,,,,,,,2024-01-23,1,,,,,"ホッチキスエステート",0
2011,7440002002860,01,1,2026-07-08,2015-10-05,"有限会社デコール",,302,"北海道","北斗市","東浜１丁目１２番３３号",,01,236,0490122,,,,,,,2015-10-05,1,,,,,,0
2012,7470001021322,01,0,2026-07-08,2026-07-08,"株式会社古美術真",,301,"香川県","高松市","新田町甲８４２番地８",,37,201,7610102,,,,,,,2026-07-08,1,,,,,"コビジュツシン",0
2013,7470001021330,01,0,2026-07-08,2026-07-08,"株式会社狩所",,301,"香川県","仲多度郡琴平町","榎井７６８－２　２Ｆ",,37,403,7660004,,,,,,,2026-07-08,1,,,,,"カリドコロ",0
2014,7480002009927,01,1,2026-07-08,2015-10-05,"有限会社ゼン建",,302,"徳島県","阿波市","市場町大俣字久光２８番地",,36,206,7711613,,,,,,,2015-10-05,1,,,,,"ゼンケン",0
2015,7490001004374,12,0,2026-07-08,2026-07-02,"株式会社アグリベース四万十",,301,"高知県","高知市","朝倉甲４８０番地１",,39,201,7808061,,,,,,,2015-10-05,1,,,,,"アグリベースシマント",0
2016,7490005007043,01,0,2026-07-08,2026-07-08,"税理士法人結心",,399,"高知県","高知市","大津乙４５７番２３",,39,201,7815103,,,,,,,2026-07-08,1,,,,,"ユウシン",0
2017,7500003003777,01,0,2026-07-08,2026-07-08,"合同会社村上工業",,305,"愛媛県","松山市","中村４丁目１１番１９号２０３セゾンＮＡＫＡＭＵＲＡＩＩ１０３号",00144222,38,201,7900964,,,,,,,2026-07-08,1,,,,,"ムラカミコウギョウ",0
2018,7700150100927,12,0,2026-07-08,2026-04-01,"御前橋自治会",,499,"埼玉県","蓮田市","末広１丁目２番２号",,11,238,3490124,,,,,,,2020-11-09,1,,,,,"オマエバシジチカイ",0
2019,8010001059721,01,1,2026-07-08,2015-10-05,"株式会社裕生ファシリティーズ",,301,"東京都","中央区","銀座１丁目１１番３号",,13,102,1040061,,,,,,,2015-10-05,1,,,,,,0
2020,8010001125481,71,0,2026-07-08,2026-06-01,"株式会社ＫＩＤＳ　ＨＯＬＤＩＮＧＳ",,301,"東京都","千代田区","富士見２丁目２番１２号",,13,101,1020071,,,,,,"令和８年６月１日東京都千代田区富士見二丁目２番１２号株式会社ＳｈｉＳｉ（9011101069048）を合併令和８年６月１日東京都千代田区富士見二丁目２番１２号株式会社３７７６（9010901032297）を合併令和８年６月１日東京都千代田区富士見二丁目２番１２号株式会社Ｊｏｅｌ　ｄｉｎｎｅｒ（7011101083736）を合併令和８年６月１日東京都千代田区富士見二丁目２番１２号株式会社Ｗａｒｅ　Ｆａｒｍ　Ｍａｎａｇｅｍｅｎｔ（5010001228196）を合併",2015-10-05,1,,,,,"キッズホールディングス",0
2021,8010001173092,12,0,2026-07-08,2026-07-02,"ＰＲＯ　ＧＬＯＢＡＬ株式会社",,301,"東京都","台東区","上野３丁目２番２号",,13,106,1100005,,,,,,,2016-01-25,1,,,,,"ピーアールオーグローバル",0
2022,8010001174999,01,1,2026-07-08,2016-04-18,"株式会社ＷＨＥＴＳＴＯＮＥ",,301,"東京都","中央区","銀座３丁目４番１８号",,13,102,1040061,,,,,,,2016-04-18,1,,,,,"ウェットストーン",0
2023,8010001194824,11,0,2026-07-08,2026-07-01,"ＯＮＬＩＮＥ　ＦＡＣＥ株式会社",,301,"東京都","中央区","築地５丁目３番３号築地浜離宮ビル",,13,102,1040045,,,,,,,2018-09-18,1,,,,,"オンラインフェイス",0
2024,8010001231593,12,0,2026-07-08,2026-07-02,"株式会社ＭＥＤＩｌｅａｒｎｅｒ",,301,"東京都","武蔵野市","吉祥寺本町３丁目１７番１１号",,13,203,1800004,,,,,,,2022-12-15,1,,,,,"メディラーナー",0
2025,8010001247994,11,0,2026-07-08,2026-06-12,"株式会社ＬＡＭ　Ｎｅｗ　Ｅｎｅｒｇｙ",,301,"東京都","中央区","新川２丁目１８番４号八重洲マンション４０１号室",,13,102,1040033,,,,,,,2024-09-04,1,,,,,"ラムニューエナジー",0
2026,8010001265889,12,0,2026-07-08,2026-07-03,"和光エナジー株式会社",,301,"東京都","台東区","台東１丁目２４番９号ブライト秋葉原６Ｆ",,13,106,1100016,,,,,,,2026-06-10,1,,,,,"ワコウエナジー",0
2027,8010001266879,01,0,2026-07-08,2026-07-08,"ＮＯＴ　Ａ　ＨＯＴＥＬ　ＣＯＮＳＴＲＵＣＴＩＯＮ株式会社",,301,"東京都","中央区","晴海４丁目７番４号",,13,102,1040053,,,,,,,2026-07-08,1,,,,,"ノットアホテルコンストラクション",0
2028,8010001266895,01,0,2026-07-08,2026-07-08,"三菱倉庫不動産投資顧問株式会社",,301,"東京都","中央区","日本橋１丁目１９番１号",,13,102,1030027,,,,,,,2026-07-08,1,,,,,"ミツビシソウコフドウサントウシコモン",0
2029,8010001266912,01,0,2026-07-08,2026-07-08,"Ｏｒｉｏｎ株式会社",,301,"東京都","中央区","京橋２丁目２番１号京橋エドグラン２６階",,13,102,1040031,,,,,,,2026-07-08,1,,,,,"オライオン",0
2030,8010001267010,01,0,2026-07-08,2026-07-08,"株式会社ソアリン",,301,"東京都","千代田区","麹町１丁目３番地ダイアン麹町ビル５階",,13,101,1020083,,,,,,,2026-07-08,1,,,,,"ソアリン",0
2031,8010003048160,12,0,2026-07-08,2026-06-15,"合同会社ワクブル",,305,"東京都","文京区","千駄木５丁目３２番１号",,13,105,1130022,,,,,,,2025-07-29,1,,,,,"ワクブル",0
2032,8010003051932,01,0,2026-07-08,2026-07-08,"カワセミ合同会社",,305,"東京都","千代田区","丸の内１丁目４番１号東京共同会計事務所内",,13,101,1000005,,,,,,,2026-07-08,1,,,,,"カワセミ",0
2033,8010003051998,01,0,2026-07-08,2026-07-08,"オルタナレジ４合同会社",,305,"東京都","千代田区","丸の内１丁目４番１号東京共同会計事務所内",,13,101,1000005,,,,,,,2026-07-08,1,,,,,"オルタナレジフォー",0
2034,8010005042021,01,0,2026-07-08,2026-07-08,"一般社団法人伏龍",,399,"東京都","千代田区","大手町１丁目７番２号東京サンケイビル２７階",,13,101,1000004,,,,,,,2026-07-08,1,,,,,"フクリュウ",0
2035,8010005042095,01,0,2026-07-08,2026-07-08,"クレジット・ギャランティ１３号一般社団法人",,399,"東京都","千代田区","内神田１丁目３番７号４０１あすな会計事務所内",,13,101,1010047,,,,,,,2026-07-08,1,,,,,"クレジットギャランティジュウサンゴウ",0
2036,8010401054231,12,0,2026-07-08,2026-06-19,"株式会社エルアンドシーコーポレーション",,301,"東京都","港区","赤坂９丁目５番２６号",,13,103,1070052,,,,,,,2015-10-05,1,,,,,"エルアンドシーコーポレーション",0
2037,8010401118267,21,0,2026-07-08,2026-05-27,"セキュアワークス株式会社",,301,"東京都","港区","赤坂１丁目１２番３２号アーク森ビル１２Ｆ",,13,103,1070052,,,2026-05-27,11,6020001037199,"令和８年５月１日東京都港区赤坂一丁目１２番３２号アーク森ビル１２Ｆソフォス株式会社（6020001037199）に合併し解散",2015-10-05,1,,,,,"セキュアワークス",0
2038,8010401133646,12,0,2026-07-08,2026-07-06,"株式会社ＲＥＧＡＳＴＯＣＫ",,301,"東京都","江東区","千田１０番１９号",,13,108,1350013,,,,,,,2017-09-06,1,,,,,"レガストック",0
2039,8010401156440,21,0,2026-07-08,2026-07-07,"株式会社ａｍｉｃｉｔｉａ",,301,"東京都","港区","浜松町２丁目２番１５号浜松町ダイヤビル２階",,13,103,1050013,,,2026-07-07,01,,,2020-11-20,1,,,,,"アミキーティア",0
2040,8010401165887,12,0,2026-07-08,2026-07-03,"株式会社カフェロブ",,301,"静岡県","浜松市中央区","高丘北３丁目２２番２０号",,22,138,4338119,,,,,,,2022-03-03,1,,,,,"カフェロブ",0
2041,8010401200116,01,0,2026-07-08,2026-07-08,"株式会社アイレットキャピタル",,301,"東京都","港区","北青山１丁目３－３三橋ビル３階",,13,103,1070061,,,,,,,2026-07-08,1,,,,,"アイレットキャピタル",0
2042,8010403015561,12,0,2026-07-08,2026-07-02,"合同会社ストーンマネジメント",,305,"東京都","中央区","銀座２丁目１１番８号ラウンドクロス銀座２丁目１１階",,13,102,1040061,,,,,,,2016-11-09,1,,,,,"ストーンマネジメント",0
2043,8010405025889,01,0,2026-07-08,2026-07-08,"一般社団法人ＨＩＲＡＫ",,399,"東京都","港区","芝公園２丁目６番８号日本女子会館５階ＯＷＬ",,13,103,1050011,,,,,,,2026-07-08,1,,,,,"ヒラク",0
2044,8010501056136,01,0,2026-07-08,2026-07-08,"Ｓｕｋｉｎ　Ｊａｐａｎ株式会社",,301,"東京都","台東区","蔵前１丁目３番２８号",,13,106,1110051,,,,,,,2026-07-08,1,,,,,"スーキンジャパン",0
2045,8010503008374,01,0,2026-07-08,2026-07-08,"合同会社フルスロットル",,305,"東京都","台東区","清川２丁目３９番８号",,13,106,1110022,,,,,,,2026-07-08,1,,,,,"フルスロットル",0
2046,8010601065680,12,0,2026-07-08,2026-07-03,"株式会社カムイＡｒｋＬｉｖｅ",,301,"東京都","江東区","亀戸６丁目５１番８号Ｂ－フラット１０１",,13,108,1360071,,,,,,,2024-08-05,1,,,,,"カムイアークライブ",0
2047,8010701048081,12,0,2026-07-08,2026-07-01,"株式会社Ｋｎｏｔ　Ｔｒａｖｅｌ　Ｊａｐａｎ",,301,"東京都","品川区","東五反田１丁目２５番１１号",,13,109,1410022,,,,,,,2025-07-29,1,,,,,"ノットトラベルジャパン",0
2048,8010703007928,12,0,2026-07-08,2026-07-03,"ハヤブササカイ合同会社",,305,"東京都","江東区","豊洲５丁目６番２９－１２３０号",,13,108,1350061,,,,,,,2025-09-26,1,,,,,"ハヤブササカイ",0
2049,8010801000041,12,0,2026-07-08,2026-07-06,"旭産業株式会社",,301,"東京都","品川区","西五反田７丁目２２番１７号",,13,109,1410031,,,,,,,2015-10-05,1,,,,,"アサヒサンギョウ",0
2050,8010901040391,71,0,2026-07-08,2026-06-01,"ＭＡＫＥＲＳ　ＤＥＳＩＧＮ株式会社",,301,"東京都","世田谷区","東玉川１丁目３４番７号",,13,112,1580084,,,,,,"令和８年６月１日東京都世田谷区東玉川一丁目３４番７号株式会社ユナイテッドブルー（8010401087198）を合併令和８年６月１日東京都世田谷区東玉川一丁目３４番７号ＢＬＡＵ　Ｄｅｓｉｇｎ　Ｃｏｍｐｌｅｘ株式会社（6010401096424）を合併",2017-06-30,1,,,,,"メイカーズデザイン",0
2051,8011001017322,01,1,2026-07-08,2015-10-05,"株式会社ニチハタ",,301,"東京都","渋谷区","神宮前２丁目３２番３号",,13,113,1500001,,,,,,,2015-10-05,1,,,,,"ニチハタ",0
2052,8011001178973,01,0,2026-07-08,2026-07-08,"株式会社Ｐａｒａｌｌｅｌ　Ｗｏｒｌｄ",,301,"東京都","渋谷区","代々木１丁目３０番１５号天翔オフィス代々木Ｓ－１１３号室",,13,113,1510053,,,,,,,2026-07-08,1,,,,,"パラレルワールド",0
2053,8011001179096,01,0,2026-07-08,2026-07-08,"ＴＮＧ株式会社",,301,"東京都","目黒区","青葉台１丁目６－４－１０２",,13,110,1530042,,,,,,,2026-07-08,1,,,,,"ティーエヌジー",0
2054,8011003024787,01,0,2026-07-08,2026-07-08,"ＦＩＶＥＳＨＯＴＳ合同会社",,305,"東京都","渋谷区","円山町５番３号ＭＩＥＵＸ渋谷ビル８階",,13,113,1500044,,,,,,,2026-07-08,1,,,,,"ファイブショッツ",0
2055,8011003024804,01,0,2026-07-08,2026-07-08,"合同会社カラフルライフ",,305,"東京都","渋谷区","道玄坂１丁目１０番８号渋谷道玄坂東急ビル２Ｆ－Ｃ",,13,113,1500043,,,,,,,2026-07-08,1,,,,,"カラフルライフ",0
2056,8011003024829,01,0,2026-07-08,2026-07-08,"ＶＩＡＲＥＸ　Ｈｏｌｄｉｎｇｓ合同会社",,305,"東京都","渋谷区","神宮前５丁目５１番８号ラ・ポルト青山２Ｆ－７",,13,113,1500001,,,,,,,2026-07-08,1,,,,,"ヴィアレックスホールディングス",0
2057,8011101007066,01,1,2026-07-08,2015-10-05,"株式会社クロフト",,301,"東京都","新宿区","箪笥町１８番地３",00065078,13,104,1620833,,,,,,,2015-10-05,1,,,,,"クロフト",0
2058,8011101055775,12,0,2026-07-08,2026-07-03,"株式会社アストレア",,301,"東京都","千代田区","東神田２丁目１０番１６号",,13,101,1010031,,,,,,,2015-10-05,1,,,,,"アストレア",0
2059,8011101059990,71,0,2026-07-08,2026-07-01,"株式会社リンケージサービス",,301,"東京都","中野区","弥生町２丁目１０番５号",,13,114,1640013,,,,,,"令和８年７月１日東京都中野区弥生町二丁目１０番５号株式会社アイアンドアールコーポレーション（2010001109011）を合併",2015-10-05,1,,,,,"リンケージサービス",0
2060,8011101060239,12,0,2026-07-08,2026-06-23,"株式会社スピア",,301,"東京都","中央区","東日本橋２丁目１８－４－４階",,13,102,1030004,,,,,,,2015-10-05,1,,,,,"スピア",0
2061,8011101076920,01,1,2026-07-08,2016-05-09,"蓬莱株式会社",,301,"東京都","新宿区","西新宿７丁目２２番３９－８０１号",,13,104,1600023,,,,,,,2016-05-09,1,,,,,"ホウライ",0
2062,8011101089237,12,0,2026-07-08,2026-06-19,"株式会社桶川綜合開発",,301,"東京都","新宿区","西新宿１丁目２６番２号新宿野村ビル２６階",,13,104,1600023,,,,,,,2019-10-18,1,,,,,"オケガワソウゴウカイハツ",0
2063,8011101090979,12,0,2026-07-08,2026-07-03,"株式会社ＬＩＮＫ　ＭＡＲＫＥＴＩＮＧ",,301,"東京都","港区","三田１丁目４番５８号",,13,103,1080073,,,,,,,2020-04-08,1,,,,,"リンクマーケティング",0
2064,8011101100944,12,0,2026-07-08,2026-06-19,"株式会社ＶＥＮＥＴＩＡＮ",,301,"東京都","新宿区","新宿５丁目１－２０－１４０５",,13,104,1600022,,,,,,,2022-11-24,1,,,,,"ベネティアン",0
2065,8011101106322,12,0,2026-07-08,2026-06-17,"株式会社Ｃｌｅｒｉｃａｌ＆Ｍｅｄｉｃａｌ",,301,"東京都","新宿区","東五軒町１番９号ＳＢＳ－Ａ－８号",,13,104,1620813,,,,,,,2024-02-26,0,,,,,"クレリカルアンドメディカル",0
2066,8011101106322,11,0,2026-07-08,2026-06-17,"株式会社コウテンキャリア",,301,"東京都","新宿区","東五軒町１番９号ＳＢＳ－Ａ－８号",,13,104,1620813,,,,,,,2024-02-26,1,,,,,"コウテンキャリア",0
2067,8011101116602,01,0,2026-07-08,2026-07-08,"ダイニチデザイン株式会社",,301,"東京都","新宿区","北新宿１丁目１９番１９号",,13,104,1690074,,,,,,,2026-07-08,1,,,,,"ダイニチデザイン",0
2068,8011101116610,01,0,2026-07-08,2026-07-08,"株式会社ＬＳＣ",,301,"東京都","新宿区","富久町１５番１－２６０１号",,13,104,1620067,,,,,,,2026-07-08,1,,,,,"エルエスシー",0
2069,8011101116619,01,0,2026-07-08,2026-07-08,"株式会社Ｍ＆Ａ　Ｓｔａｒｔ　Ｐａｒｔｎｅｒｓ",,301,"東京都","新宿区","新宿区西新宿二丁目８番１５号パークフロント新宿２０２号室",,13,104,1600000,,,,,,,2026-07-08,1,,,,,"エムアンドスタートパートナーズ",0
2070,8011101116635,01,0,2026-07-08,2026-07-08,"株式会社ＭＩＲＡＩＬ",,301,"東京都","新宿区","新宿１丁目３６番２号新宿第七葉山ビル３Ｆ",,13,104,1600022,,,,,,,2026-07-08,1,,,,,"ミレール",0
2071,8011203005059,01,0,2026-07-08,2026-07-08,"合同会社システムイッパイツクル",,305,"東京都","中野区","中野５丁目６７番７号プラザ中野８０１",,13,114,1640001,,,,,,,2026-07-08,1,,,,,"システムイッパイツクル",0
2072,8011301007857,01,1,2026-07-08,2015-10-05,"株式会社ティムズアソシエイツ",,301,"東京都","杉並区","阿佐谷北２丁目７番１４号阿佐ヶ谷パークハウス１０２",,13,115,1660001,,,,,,,2015-10-05,0,,,,,"ティムズアソシエイツ",0
2073,8011301007857,12,1,2026-07-08,2026-07-01,"株式会社ティムズアソシエイツ",,301,"東京都","杉並区","西荻北３丁目１８番４号",,13,115,1670042,,,,,,,2015-10-05,1,,,,,"ティムズアソシエイツ",0
2074,8011301020612,12,0,2026-07-08,2026-07-02,"株式会社荻野デザインアソシエイツ一級建築士事務所",,301,"東京都","杉並区","松庵１丁目１６番２２号パレステージ杉並松庵１０２",,13,115,1670054,,,,,,,2015-10-05,1,,,,,"オギノデザインアソシエイツイッキュウケンチクシジムショ",0
2075,8011301031667,01,0,2026-07-08,2026-07-08,"株式会社ＭＤコーポレーション",,301,"東京都","杉並区","高井戸西３丁目２番４号ＴＯＫＹＯβ高井戸１－２１０",,13,115,1680071,,,,,,,2026-07-08,1,,,,,"エムディーコーポレーション",0
2076,8011401007369,01,1,2026-07-08,2015-10-05,"富士屋食品株式会社",,301,"東京都","板橋区","成増２丁目１８番１３号",,13,119,1750094,,,,,,,2015-10-05,1,,,,,"フジヤショクヒン",0
2077,8011401022021,01,1,2026-07-08,2019-08-13,"シニア住宅プラザ株式会社",,301,"東京都","板橋区","成増２丁目１５番１９号",,13,119,1750094,,,,,,,2019-08-13,0,,,,,"シニアジュウタクプラザ",0
2078,8011401022021,12,1,2026-07-08,2023-08-25,"シニア住宅プラザ株式会社",,301,"東京都","板橋区","成増２丁目１６番９号",,13,119,1750094,,,,,,,2019-08-13,0,,,,,"シニアジュウタクプラザ",0
2079,8011401022021,21,0,2026-07-08,2026-07-02,"シニア住宅プラザ株式会社",,301,"東京都","板橋区","成増２丁目１６番９号",,13,119,1750094,,,2026-07-02,11,1011401004884,"令和８年７月１日東京都板橋区成増三丁目１２番１号株式会社ナミキ（1011401004884）に合併し解散",2019-08-13,1,,,,,"シニアジュウタクプラザ",0
2080,8011401024026,21,0,2026-07-08,2026-07-03,"株式会社ＬＧＯ",,301,"東京都","板橋区","徳丸１丁目２８番５－４０５号",,13,119,1750083,,,2026-07-03,01,,,2022-02-15,1,,,,,"エルジーオー",0
2081,8011401024694,21,0,2026-07-08,2026-07-02,"ＮＦＣ株式会社",,301,"東京都","板橋区","成増３丁目１１番１４号",,13,119,1750094,,,2026-07-02,11,1011401004884,"令和８年７月１日東京都板橋区成増三丁目１２番１号株式会社ナミキ（1011401004884）に合併し解散",2022-11-15,1,,,,,"エヌエフシー",0
2082,8011501005537,21,0,2026-07-08,2026-07-07,"株式会社いの子屋東京",,301,"東京都","荒川区","東日暮里２丁目４６番１３号",,13,118,1160014,,,2026-07-07,01,,,2015-10-05,1,,,,,"イノコヤトウキョウ",0
2083,8011501033554,01,0,2026-07-08,2026-07-08,"和燿株式会社",,301,"東京都","北区","中里１丁目４－８",,13,117,1140015,,,,,,,2026-07-08,1,,,,,"ワヨウ",0
2084,8011503007036,01,0,2026-07-08,2026-07-08,"Ｓ．Ｃ．Ｍ．合同会社",,305,"東京都","北区","豊島３丁目１５番６号",,13,117,1140003,,,,,,,2026-07-08,1,,,,,"エスシーエム",0
2085,8011505000609,21,0,2026-07-08,2026-06-15,"医療法人社団藤寿会",,399,"東京都","荒川区","西尾久５丁目７番１号",,13,118,1160011,,,2026-06-15,11,7011805000680,"令和８年６月１日東京都足立区梅田七丁目３２番６号医療法人社団福寿会（7011805000680）に合併し解散",2015-10-05,1,,,,,"トウジュカイ",0
2086,8011602021185,01,1,2026-07-08,2015-10-05,"有限会社嶋田設備",,302,"東京都","練馬区","上石神井１丁目３０番２８号",,13,120,1770044,,,,,,,2015-10-05,1,,,,,"シマダセツビ",0
2087,8011605002620,12,0,2026-07-08,2026-06-29,"特定非営利活動法人Ｒｅｓｏｎａｎｃｅ",,399,"東京都","練馬区","西大泉３丁目２６番３号テラスハウス野瀬Ｎｏ．２－２０３",,13,120,1780065,,,,,,,2024-12-03,1,,,,,"レゾナンス",0
2088,8011701019873,01,1,2026-07-08,2016-05-16,"株式会社ナガシマ産業",,301,"東京都","江戸川区","松本２丁目８番１９号",,13,123,1330043,,,,,,,2016-05-16,1,,,,,"ナガシマサンギョウ",0
2089,8011701028932,12,0,2026-07-08,2026-07-03,"Ｐｈｉｘｉ株式会社",,301,"東京都","中央区","銀座１丁目１２番４号Ｎ＆Ｅ．ＢＬＤ．６Ｆ",,13,102,1040061,,,,,,,2025-11-26,1,,,,,"フィクシー",0
2090,8011801026092,12,0,2026-07-08,2026-07-06,"オーサム株式会社",,301,"東京都","豊島区","東池袋２丁目４５番７号エコービル６Ｂ－２",,13,116,1700013,,,,,,,2015-10-05,1,,,,,"オーサム",0
2091,8011801034698,12,0,2026-07-08,2026-06-12,"日亜株式会社",,301,"東京都","中央区","日本橋馬喰町１丁目６番１５号",,13,102,1030002,,,,,,,2018-05-11,1,"Here Co., Ltd.","Tokyo","8-1,dai13ichioku Bld.,, Chuo ku,Nihombashiyokoyamacho",,"ニチア",0
2092,8011801048112,01,0,2026-07-08,2026-07-08,"株式会社ＫＩＮＥ",,301,"東京都","葛飾区","柴又４丁目１５番２２号",,13,122,1250052,,,,,,,2026-07-08,1,,,,,"キネ",0
2093,8011803002521,12,0,2026-07-08,2026-07-03,"合同会社ＴＡＣ",,305,"東京都","新宿区","新宿７丁目９－１９パレアージュ新宿１０１",,13,104,1600022,,,,,,,2016-07-05,1,,,,,"タック",0
2094,8012301010693,01,1,2026-07-08,2016-09-05,"小織ダイニング株式会社",,301,"東京都","町田市","能ヶ谷１丁目１番５号シーズガーデン鶴川８０６",,13,209,1950053,,,,,,,2016-09-05,0,,,,,"サヨリダイニング",0
2095,8012301010693,12,1,2026-07-08,2020-05-22,"小織ダイニング株式会社",,301,"東京都","町田市","大蔵町５００１－９ＳＫＩＩ１０３",00119863,13,209,1950062,,,,,,,2016-09-05,1,,,,,"サヨリダイニング",0
2096,8012301011007,12,0,2026-07-08,2026-06-25,"株式会社シティビルディング",,301,"東京都","町田市","南成瀬８丁目１９番地１１",,13,209,1940045,,,,,,,2017-06-14,1,,,,,"シティビルディング",0
2097,8012401032101,01,1,2026-07-08,2016-11-29,"キュリオス株式会社",,301,"東京都","武蔵野市","吉祥寺北町２丁目２０番４号",,13,203,1800001,,,,,,,2016-11-29,1,,,,,"キュリオス",0
2098,8012401044658,01,0,2026-07-08,2026-07-08,"株式会社スタジオアース",,301,"東京都","三鷹市","牟礼５丁目１３－３３カーサ牟礼Ｄ－３",,13,204,1810002,,,,,,,2026-07-08,1,,,,,"スタジオアース",0
2099,8012402006954,21,0,2026-07-08,2026-07-01,"アイ・ドットコム有限会社",,302,"東京都","国分寺市","高木町２丁目３番地６１",,13,214,1850036,,,2026-07-01,01,,,2015-10-05,1,,,,,"アイドットコム",0
2100,8012402017290,01,1,2026-07-08,2015-10-05,"有限会社ティー・エム・エス",,302,"東京都","武蔵野市","吉祥寺南町１丁目１１番３号",,13,203,1800003,,,,,,,2015-10-05,1,,,,,"ティーエムエス",0
2101,8012403005864,12,0,2026-07-08,2026-07-03,"クロッシュ・ブッキングス合同会社",,305,"東京都","国立市","谷保５０３１－１０２",,13,215,1860011,,,,,,,2023-03-03,1,,,,,"クロッシュブッキングス",0
2102,8012702009137,21,0,2026-07-08,2026-06-26,"ジャパンシーダ有限会社",,302,"東京都","東久留米市","八幡町３丁目１６番４号",,13,222,2030042,,,2026-06-26,01,,,2015-10-05,1,,,,,"ジャパンシーダ",0
2103,8012703003568,01,0,2026-07-08,2026-07-08,"合同会社ＭＹＴ住宅設備",,305,"東京都","清瀬市","野塩５丁目２５７番地８０",,13,221,2040004,,,,,,,2026-07-08,1,,,,,"エムワイティジュウタクセツビ",0
2104,8012801019185,12,0,2026-07-08,2026-07-01,"株式会社ますや",,301,"東京都","国分寺市","南町２丁目６番１２号",,13,214,1850021,,,,,,,2019-01-08,1,,,,,"マスヤ",0
2105,8012802002058,12,0,2026-07-08,2026-06-30,"有限会社フリー・トウキョウ・ベースボール",,302,"東京都","立川市","曙町２丁目３１番１５号日住金立川ビル１階",,13,202,1900012,,,,,,,2015-10-05,1,,,,,"フリートウキョウベースボール",0
2106,8013301007911,11,0,2026-07-08,2026-06-29,"株式会社東京江崎",,301,"東京都","西東京市","田無町３丁目３番２１号",,13,229,1880011,,,,,,,2015-10-05,1,,,,,"トウキョウエザキ",0
2107,8013301036828,12,0,2026-07-08,2026-07-03,"Ｔ・Ｋ・Ｏ商事株式会社",,301,"東京都","台東区","千束２丁目４－１オーシャン千束ビル１階",,13,106,1110031,,,,,,,2015-10-05,1,,,,,"ティーケーオーショウジ",0
2108,8013301047726,12,0,2026-07-08,2026-07-03,"株式会社Ａｍｉｎａ",,301,"東京都","豊島区","西池袋１丁目２９－５山の手ビル６Ｇ室",,13,116,1710021,,,,,,,2021-07-14,1,,,,,"アミナ",0
2109,8013301056446,01,0,2026-07-08,2026-07-08,"株式会社Ｐ‐ｄｉｇ",,301,"東京都","豊島区","北大塚１丁目９番１２号コルティス大塚５Ｆ－２４",,13,116,1700004,,,,,,,2026-07-08,1,,,,,"ピーディグ",0
2110,8013301056454,01,0,2026-07-08,2026-07-08,"株式会社ＡＩＣＳｐａｒｋｌｅ",,301,"東京都","豊島区","東池袋１丁目４４番３号",,13,116,1700013,,,,,,,2026-07-08,1,,,,,"エーアイシースパークル",0
2111,8020001122569,01,1,2026-07-08,2017-08-14,"株式会社ヨシベニ",,301,"神奈川県","横浜市西区","みなとみらい３丁目６番１号",,14,103,2200012,,,,,,,2017-08-14,0,,,,,"ヨシベニ",0
2112,8020001122569,12,1,2026-07-08,2026-06-26,"株式会社ヨシベニ",,301,"神奈川県","横浜市港北区","綱島東１丁目９番１０－２１０８号",,14,109,2230052,,,,,,,2017-08-14,1,,,,,"ヨシベニ",0
2113,8020001136123,12,0,2026-07-08,2026-07-03,"株式会社リーニー",,301,"東京都","千代田区","平河町２丁目４番８号アーバンビル３階",,13,101,1020093,,,,,,,2020-05-18,1,,,,,"リーニー",0
2114,8020001158126,21,0,2026-07-08,2026-07-02,"燕屋株式会社",,301,"東京都","足立区","栗原３丁目２６番１号２Ｆ",,13,121,1230842,,,2026-07-02,01,,,2024-07-16,1,,,,,"ツバメヤ",0
2115,8020001169379,01,0,2026-07-08,2026-07-08,"ＹＳＣジャパン株式会社",,301,"神奈川県","川崎市川崎区","浜町１丁目１８番２０号",,14,131,2100851,,,,,,,2026-07-08,1,,,,,"ワイエスシージャパン",0
2116,8020001169387,01,0,2026-07-08,2026-07-08,"株式会社ＮＴ",,301,"神奈川県","横浜市南区","井土ケ谷上町３４番１７号",,14,105,2320051,,,,,,,2026-07-08,1,,,,,"エヌティ",0
2117,8020001169395,01,0,2026-07-08,2026-07-08,"株式会社晴心サービス",,301,"神奈川県","横浜市中区","豆口台６４－４",,14,104,2310838,,,,,,,2026-07-08,1,,,,,"セイシンサービス",0
2118,8020001169445,01,0,2026-07-08,2026-07-08,"株式会社伊豆グリーンベース",,301,"神奈川県","横浜市西区","みなとみらい３丁目３番３号",,14,103,2200012,,,,,,,2026-07-08,1,,,,,"イズグリーンベース",0
2119,8020001169494,01,0,2026-07-08,2026-07-08,"株式会社Ａｋ‐Ｂｅｌｅｓ",,301,"神奈川県","横浜市中区","山手町２８４番地５、２０２",,14,104,2310862,,,,,,,2026-07-08,1,,,,,"アクベレス",0
2120,8020002060603,12,0,2026-07-08,2026-07-06,"株式会社シー・エフ・ビルマネジメント",,301,"神奈川県","横浜市西区","みなとみらい４丁目４番２号",,14,103,2200012,,,,,,,2015-10-05,1,,,,,"シーエフビルマネジメント",0
2121,8020003031363,01,0,2026-07-08,2026-07-08,"合同会社ライフ・スタイル",,305,"神奈川県","横浜市泉区","中田西２丁目８番１７号サニーヒルＩＩ－１０１号",00144234,14,116,2450015,,,,,,,2026-07-08,1,,,,,"ライフスタイル",0
2122,8020003031371,01,0,2026-07-08,2026-07-08,"ＴＳサステナビリティ合同会社",,305,"神奈川県","横浜市戸塚区","戸塚町１８１番地１９",,14,110,2440003,,,,,,,2026-07-08,1,,,,,"ティーエスサステナビリティ",0
2123,8020003031388,01,0,2026-07-08,2026-07-08,"合同会社グレーシアレーベン",,305,"神奈川県","横浜市緑区","中山４丁目２番７号相和ハイツ１０３号",,14,113,2260019,,,,,,,2026-07-08,1,,,,,"グレーシアレーベン",0
2124,8020003031421,01,0,2026-07-08,2026-07-08,"合同会社ＳＳＳＹ",,305,"神奈川県","横浜市西区","北幸２丁目１０番４８号むつみビル３階",,14,103,2200004,,,,,,,2026-07-08,1,,,,,"エスエスエスワイ",0
2125,8021001004914,01,1,2026-07-08,2015-10-05,"株式会社清水商店",,301,"神奈川県","藤沢市","鵠沼橘１丁目１１番１３号",,14,205,2510024,,,,,,,2015-10-05,1,,,,,"シミズショウカイ",0
2126,8021001066582,12,0,2026-07-08,2026-06-11,"輿上商事株式会社",,301,"神奈川県","小田原市","別堀４７番地の６",,14,206,2500217,,,,,,,2019-02-05,1,,,,,"ヨジョウショウジ",0
2127,8021001084766,12,0,2026-07-08,2026-07-02,"株式会社ステムアップ・コンサルティング",,301,"神奈川県","横浜市西区","北幸１丁目１１番１号水信ビル７階",,14,103,2200004,,,,,,,2025-03-25,1,,,,,"ステムアップコンサルティング",0
2128,8021002017270,01,1,2026-07-08,2015-10-05,"有限会社アオイ設計亊務所",,302,"神奈川県","相模原市南区","東林間３丁目７番６号",,14,153,2520311,,,,,,,2015-10-05,1,,,,,"アオイセッケイジムショ",0
2129,8021003015117,12,0,2026-07-08,2026-07-02,"合同会社ＮＥＸＴ　ＤＯＯＲ",,305,"神奈川県","横浜市中区","山下町２番地産業貿易センタービルＢ１１２",,14,104,2310023,,,,,,,2024-10-18,1,,,,,"ネクストドア",0
2130,8021003017674,01,0,2026-07-08,2026-07-08,"合同会社ブリッジ",,305,"神奈川県","茅ヶ崎市","十間坂１丁目３番３０－９０１号",,14,207,2530045,,,,,,,2026-07-08,1,,,,,"ブリッジ",0
2131,8030001035019,21,0,2026-07-08,2026-06-24,"株式会社サン勇建設",,301,"埼玉県","草加市","神明２丁目４番１９号",,11,221,3400012,,,2026-06-24,01,,,2015-10-05,1,,,,,"サンユウケンセツ",0
2132,8030001045414,01,1,2026-07-08,2015-10-05,"東京グリスター株式会社",,301,"埼玉県","新座市","野火止１丁目８番２２号",,11,230,3520011,,,,,,,2015-10-05,1,,,,,"トウキョウグリスター",0
2133,8030001081921,12,0,2026-07-08,2026-07-02,"Ｋ＆Ｉ株式会社",,301,"千葉県","八千代市","村上南１丁目４番１号",,12,221,2760029,,,,,,,2015-10-05,1,,,,,"ケイアンドアイ",0
2134,8030001094824,01,1,2026-07-08,2015-10-05,"スリーアローズ株式会社",,301,"埼玉県","久喜市","久喜東５丁目１９番２２号",,11,232,3460016,,,,,,,2015-10-05,1,,,,,"スリーアローズ",0
2135,8030001147648,12,0,2026-07-08,2026-06-17,"青楽株式会社",,301,"埼玉県","三郷市","戸ケ崎３０８５番地２２",,11,237,3410044,,,,,,,2022-04-06,1,,,,,"カイラ",0
2136,8030001155551,12,0,2026-07-08,2026-07-06,"株式会社ケンライ",,301,"東京都","千代田区","神田須田町１丁目７番８号ＶＯＲＴ秋葉ＩＶ２Ｆ",,13,101,1010041,,,,,,,2023-09-04,1,,,,,"ケンライ",0
2137,8030001156244,12,0,2026-07-08,2026-07-03,"株式会社オリジントレーディングス",,301,"東京都","豊島区","東池袋５丁目７－３東池袋五丁目ビル２Ｆ",,13,116,1700013,,,,,,,2023-10-03,1,,,,,"オリジントレーディングス",0
2138,8030001173264,01,0,2026-07-08,2026-07-08,"井上国語ラボ株式会社",,301,"埼玉県","草加市","栄町２丁目７番４０ー７号",,11,221,3400011,,,,,,,2026-07-08,1,,,,,"イノウエコクゴラボ",0
2139,8030002079840,01,1,2026-07-08,2015-10-05,"有限会社かたらいや",,302,"埼玉県","川越市","富士見町１６番地１１",,11,201,3500033,,,,,,,2015-10-05,1,,,,,"カタライヤ",0
2140,8030003012841,12,0,2026-07-08,2026-07-01,"合同会社アイティーエル",,305,"岡山県","総社市","総社１０１３番７アフロディーテＩＩ１０５号",00144231,33,208,7191126,,,,,,,2018-12-26,1,,,,,"アイティーエル",0
2141,8040001022370,01,1,2026-07-08,2015-10-05,"株式会社鳶要",,301,"千葉県","八千代市","勝田台７丁目３１番地１６",,12,221,2760023,,,,,,,2015-10-05,1,,,,,"トビカナメ",0
2142,8040001094939,01,1,2026-07-08,2016-04-19,"株式会社ＨＭＫ",,301,"千葉県","八千代市","大和田新田７８番地２３",,12,221,2760046,,,,,,,2016-04-19,1,,,,,"エイチエムケー",0
2143,8040001108104,12,0,2026-07-08,2026-06-22,"Ｂｉｚ　ｃａｒｇｏ株式会社",,301,"千葉県","市川市","南行徳４丁目１３番３号",,12,203,2720138,,,,,,,2019-02-21,1,,,,,"ビズカーゴ",0
2144,8050001001720,01,1,2026-07-08,2015-10-05,"株式会社ディスクロード",,301,"茨城県","水戸市","千波町２３７４番地",,08,201,3100851,,,,,,,2015-10-05,1,,,,,"ディスクロード",0
2145,8050001057424,12,0,2026-07-08,2026-07-03,"ハートフル株式会社",,301,"栃木県","足利市","五十部町１１２４番地７",,09,202,3260843,,,,,,,2025-10-10,1,,,,,"ハートフル",0
2146,8050001058645,01,0,2026-07-08,2026-07-08,"株式会社ＩＴＯＭＯＴＯＲグループ",,301,"茨城県","ひたちなか市","山崎３４番地",,08,221,3111251,,,,,,,2026-07-08,1,,,,,"イトウモーターグループ",0
2147,8050001058653,01,0,2026-07-08,2026-07-08,"株式会社ＪＳコーポレーション",,301,"茨城県","水戸市","平須町１８２０番地の４９５",,08,201,3100853,,,,,,,2026-07-08,1,,,,,"ジェイエスコーポレーション",0
2148,8050003010249,01,0,2026-07-08,2026-07-08,"合同会社花央",,305,"茨城県","つくば市","篠崎７９５番地４",,08,220,3003264,,,,,,,2026-07-08,1,,,,,"カオウ",0
2149,8050005002806,01,1,2026-07-08,2015-10-05,"一般財団法人茨城県住宅管理センター",00023596,399,"茨城県","水戸市","大町３丁目４番３６号",,08,201,3100062,,,,,,,2015-10-05,1,,,,,"イバラキケンジュウタクカンリセンター",0
2150,8060001036427,12,0,2026-07-08,2026-07-01,"株式会社ＳＴＧ",,301,"栃木県","宇都宮市","砂田町４８７番地４",,09,201,3210113,,,,,,,2023-10-17,1,,,,,"エスティージー",0
2151,8060001039421,01,0,2026-07-08,2026-07-08,"佐藤工業ホールディングス株式会社",,301,"栃木県","下都賀郡壬生町","大字壬生甲２２３０番地",,09,361,3210214,,,,,,,2026-07-08,1,,,,,"サトウコウギョウホールディングス",0
2152,8060002029768,21,0,2026-07-08,2026-07-01,"有限会社シャディシンセイ",,302,"栃木県","下都賀郡野木町","大字丸林６４２番地８",,09,364,3290111,,,2026-07-01,01,,,2015-10-05,1,,,,,"シャディシンセイ",0
2153,8070001044296,01,0,2026-07-08,2026-07-08,"Ｌｉｎｋｏｒａ　Ｐｏｗｅｒ　Ｔｅｃｈｎｏｌｏｇｉｅｓ株式会社",,301,"群馬県","高崎市","和田町２番３号東邦ビル９階",,10,202,3700847,,,,,,,2026-07-08,1,,,,,,0
2154,8080003003729,01,0,2026-07-08,2026-07-08,"合同会社ぷろぴ化計画",,305,"静岡県","島田市","岸町１１６８番地",,22,209,4270005,,,,,,,2026-07-08,1,,,,,"プロピカケイカク",0
2155,8080401028690,01,0,2026-07-08,2026-07-08,"株式会社静岡明治",,301,"静岡県","磐田市","上岡田１０８３番地２",,22,211,4380045,,,,,,,2026-07-08,1,,,,,"シズオカメイジ",0
2156,8080401028699,01,0,2026-07-08,2026-07-08,"株式会社内野電気",,301,"静岡県","浜松市浜名区","内野２７４０番地の２",,22,139,4340044,,,,,,,2026-07-08,1,,,,,"ウチノデンキ",0
2157,8080401028724,01,0,2026-07-08,2026-07-08,"Ｌｅａｄｆｏｒｅ株式会社",,301,"静岡県","御前崎市","御前崎２１番地の２９",,22,223,4371621,,,,,,,2026-07-08,1,,,,,"リードフォア",0
2158,8090003003083,01,0,2026-07-08,2026-07-08,"合同会社ＭＡＲＷ‐ＭＹＨ",,305,"山梨県","甲府市","貢川本町４番１０号",,19,201,4000048,,,,,,,2026-07-08,1,,,,,"マルミュウ",0
2159,8090005007792,01,0,2026-07-08,2026-07-08,"一般社団法人山梨県社会就労センター協議会",,399,"山梨県","甲斐市","天狗沢３０６番地",,19,210,4000127,,,,,,,2026-07-08,1,,,,,"ヤマナシケンシャカイシュウロウセンターキョウギカイ",0
2160,8100001010583,01,1,2026-07-08,2015-10-05,"株式会社上田第一ホテル",,301,"長野県","上田市","中央２丁目６番１３号",,20,203,3860012,,,,,,,2015-10-05,1,,,,,"ウエタダイイチホテル",0
2161,8100001011581,12,0,2026-07-08,2026-07-03,"株式会社長登屋",,301,"長野県","千曲市","大字屋代１２２１番地１",,20,218,3870007,,,,,,,2015-10-05,1,,,,,"ナガトヤ",0
2162,8100001017182,11,0,2026-07-08,2026-07-01,"大町サン石油株式会社",,301,"長野県","大町市","大町１８６５番地",,20,212,3980002,,,,,,,2015-10-05,1,,,,,"オオマチサンセキユ",0
2163,8100001033519,12,0,2026-07-08,2026-07-06,"株式会社リゾートエクスプレス",,301,"長野県","北佐久郡御代田町","大字茂沢３７９番地２０",,20,323,3890208,,,,,,,2020-09-15,1,,,,,"リゾートエクスプレス",0
2164,8100001039499,11,0,2026-07-08,2026-07-01,"米澤酒造株式会社",,301,"長野県","上伊那郡中川村","大草４１８２番地１",,20,386,3993801,,,,,,,2026-04-08,1,,,,,"ヨネザワシュゾウ",0
2165,8100003008849,01,0,2026-07-08,2026-07-08,"ＡＩＩＧ合同会社",,305,"長野県","上田市","鹿教湯温泉１３４０",,20,203,3860323,,,,,,,2026-07-08,1,,,,,"エーアイアイジー",0
2166,8110001040258,01,0,2026-07-08,2026-07-08,"株式会社ガレージエムズ",,301,"新潟県","長岡市","下条町８１９番地",,15,202,9401146,,,,,,,2026-07-08,1,,,,,"ガレージエムズ",0
2167,8110001040266,01,0,2026-07-08,2026-07-08,"株式会社パティスリーリヤン",,301,"新潟県","新潟市秋葉区","あおば通１丁目７番１０号",,15,105,9560017,,,,,,,2026-07-08,1,,,,,"パティスリーリヤン",0
2168,8110002034028,01,1,2026-07-08,2015-10-05,"有限会社酒井管業",,302,"新潟県","魚沼市","堀之内４１１６番地",,15,225,9497413,,,,,,,2015-10-05,1,,,,,"サカイカンギョウ",0
2169,8110005009654,01,1,2026-07-08,2015-10-05,"農事組合法人ファーマーズ稲",,399,"新潟県","上越市","大字稲５５８番地",,15,222,9430117,,,,,,,2015-10-05,1,,,,,"ファーマーズイナ",0
2170,8120001071731,01,1,2026-07-08,2015-10-05,"株式会社ユニマツク・アド",,301,"大阪府","大阪市北区","長柄西１丁目４番９号",,27,127,5310061,,,,,,,2015-10-05,0,,,,,"ユニマツクアド",0
2171,8120001071731,12,1,2026-07-08,2023-01-30,"株式会社ユニマツク・アド",,301,"大阪府","大阪市淀川区","西中島４丁目３番２２号新大阪長谷ビル３階",,27,123,5320011,,,,,,,2015-10-05,1,,,,,"ユニマツクアド",0
2172,8120001156879,01,1,2026-07-08,2015-10-05,"株式会社ヤマヒラ不動産",,301,"大阪府","守口市","八雲西町４丁目１８番１４号",,27,209,5700006,,,,,,,2015-10-05,1,,,,,"ヤマヒラフドウサン",0
2173,8120001217920,12,0,2026-07-08,2026-07-03,"株式会社ディーアイ",,301,"東京都","中央区","晴海５丁目３番２－１６１３号",,13,102,1040053,,,,,,,2018-12-25,1,,,,,"ディーアイ",0
2174,8120001219495,12,0,2026-07-08,2026-07-02,"テコ株式会社",,301,"福岡県","福岡市早良区","西新７丁目１４番３３号",,40,137,8140002,,,,,,,2019-03-08,1,,,,,"テコ",0
2175,8120001231426,21,0,2026-07-08,2026-07-01,"株式会社マグネット",,301,"大阪府","大阪市西区","新町４丁目１番１号",,27,106,5500013,,,2026-07-01,01,,,2020-09-02,1,,,,,"マグネット",0
2176,8120001234180,12,0,2026-07-08,2026-07-03,"株式会社住まいのコンパス",,301,"大阪府","大阪市西淀川区","柏里２丁目６番１７号",,27,113,5550022,,,,,,,2020-12-28,1,,,,,"スマイノコンパス",0
2177,8120001238306,12,0,2026-07-08,2026-06-30,"株式会社コヤナギ",,301,"大阪府","大阪市平野区","瓜破南２丁目４番１２４号",,27,126,5470023,,,,,,,2021-06-21,1,,,,,"コヤナギ",0
2178,8120001254352,12,0,2026-07-08,2026-06-17,"居楽株式会社",,301,"京都府","京都市左京区","岩倉忠在地町３６２番地１ＴｈｅＶｉｎｔａｇｅＩｗａｋｕｒａ．３０８号室",,26,103,6060021,,,,,,,2023-04-24,1,,,,,"キョラク",0
2179,8120001280613,21,0,2026-07-08,2026-07-03,"Ｌｙｍａｎ株式会社",,301,"大阪府","大阪市東住吉区","中野４丁目１番１６号リベラルオリエンテ中野２０５Ｂ",,27,121,5460012,,,2026-07-03,01,,,2025-10-09,1,,,,,"リマン",0
2180,8120001286511,12,0,2026-07-08,2026-07-01,"株式会社ＵＮｉＦｉａ",,301,"大阪府","大阪市中央区","難波千日前９番１２号千日前セントラル第３ビル３階",,27,128,5420075,,,,,,,2026-05-20,1,,,,,"ユニフィア",0
2181,8120001286783,12,0,2026-07-08,2026-06-16,"Ｍ’ｓプランニング株式会社",,301,"大阪府","大阪市西区","阿波座２丁目２－２０オフィスポート本町ｗｅｓｔ３－Ｇ",,27,106,5500011,,,,,,,2026-06-04,1,,,,,"エムズプランニング",0
2182,8120001287567,01,0,2026-07-08,2026-07-08,"ＧｒｅｅｎｈｉｌｌＰａｒｔｎｅｒｓ株式会社",,301,"大阪府","大阪市北区","同心１丁目３番１２－８０３号",,27,127,5300035,,,,,,,2026-07-08,1,,,,,"グリーンヒルパートナーズ",0
2183,8120001287674,01,0,2026-07-08,2026-07-08,"スリータートス株式会社",,301,"大阪府","大阪市住吉区","長居４丁目３番２７号",,27,120,5580003,,,,,,,2026-07-08,1,,,,,"スリータートス",0
2184,8120001287690,01,0,2026-07-08,2026-07-08,"株式会社ネクサス環境ソリューションズ",,301,"大阪府","大阪市淀川区","木川東３丁目８番２６号",,27,123,5320012,,,,,,,2026-07-08,1,,,,,"ネクサスカンキョウソリューションズ",0
2185,8120001287732,01,0,2026-07-08,2026-07-08,"株式会社金麦",,301,"大阪府","大阪市北区","梅田１丁目１番３号大阪駅前第３ビル２９階１－１－１号室",,27,127,5300001,,,,,,,2026-07-08,1,,,,,"キンムギ",0
2186,8120005025642,01,0,2026-07-08,2026-07-08,"一般社団法人阪神大学野球連盟",,399,"大阪府","大阪市西区","江戸堀１丁目２４番１２号ＴＡＴ江戸堀ビル８階",,27,106,5500002,,,,,,,2026-07-08,1,,,,,"ハンシンダイガクヤキュウレンメイ",0
2187,8120005025650,01,0,2026-07-08,2026-07-08,"一般社団法人テムジンホールディングス",,399,"大阪府","大阪市北区","万歳町３番１６号天満病院グループ梅田ビル７階",,27,127,5300028,,,,,,,2026-07-08,1,,,,,"テムジンホールディングス",0
2188,8120101044851,01,1,2026-07-08,2015-10-05,"株式会社オータ電機商会",,301,"大阪府","泉南郡岬町","深日１４５５番地の４",,27,366,5990303,,,,,,,2015-10-05,1,,,,,"オータデンキショウカイ",0
2189,8120101055667,01,1,2026-07-08,2016-11-17,"株式会社ＵＳＰメソッド",,301,"大阪府","泉南郡岬町","深日９９４番地の６７",,27,366,5990303,,,,,,,2016-11-17,0,,,,,,0
2190,8120101055667,12,0,2026-07-08,2026-07-06,"株式会社ＵＳＰメソッド",,301,"愛知県","名古屋市守山区","大永寺町２０番地ルミエール梅村３０１号",,23,113,4630087,,,,,,,2016-11-17,1,,,,,,0
2191,8120101064098,12,0,2026-07-08,2026-07-01,"株式会社ハッピービジョン",,301,"大阪府","泉佐野市","高松東１丁目１０番３７号５０１号室",,27,213,5980012,,,,,,,2021-08-04,0,,,,,"ハッピービジョン",0
2192,8120101064098,11,0,2026-07-08,2026-07-01,"株式会社ＰＵＮＫＹ企画",,301,"大阪府","泉佐野市","高松東１丁目１０番３７号５０１号室",,27,213,5980012,,,,,,,2021-08-04,1,,,,,"パンキーキカク",0
2193,8120101074023,01,0,2026-07-08,2026-07-08,"株式会社南原環境",,301,"大阪府","堺市堺区","香ヶ丘町５丁２番２５号",,27,141,5900011,,,,,,,2026-07-08,1,,,,,"ナンバラカンキョウ",0
2194,8120103007229,01,0,2026-07-08,2026-07-08,"合同会社南部屋アセットマネジメント",,305,"大阪府","堺市堺区","田出井町９番５６号",,27,141,5900014,,,,,,,2026-07-08,1,,,,,"ミナミベヤアセットマネジメント",0
2195,8120103007245,01,0,2026-07-08,2026-07-08,"合同会社フリージア",,305,"大阪府","大阪狭山市","狭山５丁目２２３２－３狭山レークハイツ２号棟３０９号室",,27,231,5890005,,,,,,,2026-07-08,1,,,,,"フリージア",0
2196,8120901052896,01,0,2026-07-08,2026-07-08,"株式会社コアソノメディカル",,301,"大阪府","茨木市","新堂１丁目８番６号",,27,211,5670835,,,,,,,2026-07-08,1,,,,,"コアソノメディカル",0
2197,8120903006297,01,0,2026-07-08,2026-07-08,"合同会社ＴＯＮＩＣＯ",,305,"大阪府","箕面市","森町南１丁目１１－２９",,27,220,5630258,,,,,,,2026-07-08,1,,,,,"トニコ",0
2198,8122001004349,01,1,2026-07-08,2015-10-05,"大同工業株式会社",,301,"大阪府","東大阪市","柏田西２丁目４番３０号",,27,227,5770835,,,,,,,2015-10-05,1,,,,,"ダイドウコウギョウ",0
2199,8122001004935,01,1,2026-07-08,2015-10-05,"株式会社寺西興産",,301,"大阪府","東大阪市","西石切町２丁目８番６号",,27,227,5798013,,,,,,,2015-10-05,1,,,,,"テラニシコウサン",0
2200,8122001025139,12,0,2026-07-08,2026-07-03,"株式会社玉川総研",,301,"東京都","中央区","晴海５丁目６番７－４７１２号",,13,102,1040053,,,,,,,2015-10-05,1,,,,,"タマガワソウケン",0
2201,8122001028793,01,1,2026-07-08,2015-10-05,"株式会社ｎｅｘｔ　ｃｏｍｐａｎｙ",,301,"大阪府","東大阪市","若江西新町３丁目３番３８号",,27,227,5780944,,,,,,,2015-10-05,1,,,,,"ネクストカンパニー",0
2202,8122001031657,21,0,2026-07-08,2026-07-01,"株式会社岩本",,301,"大阪府","八尾市","光町１丁目３９番１号",,27,212,5810803,,,2026-07-01,11,6122001024027,"令和８年７月１日大阪府八尾市光町一丁目３９番１号株式会社ジョム（6122001024027）に合併し解散",2018-06-12,1,,,,,"イワモト",0
2203,8122001031698,21,0,2026-07-08,2026-07-07,"株式会社ｅｃｒｕ",,301,"大阪府","東大阪市","豊浦町１５番２号",,27,227,5798031,,,2026-07-07,01,,,2018-06-19,1,,,,,"エクリュ",0
2204,8122001038859,01,1,2026-07-08,2025-01-31,"ＨＡＲＡＴＥＣＨ株式会社",,301,"大阪府","東大阪市","若江西新町４丁目６番１０－３０６号",,27,227,5780944,,,,,,,2025-01-31,0,,,,,"ハラテク",0
2205,8122001038859,12,0,2026-07-08,2026-07-03,"ＨＡＲＡＴＥＣＨ株式会社",,301,"大阪府","大阪市北区","天神橋１丁目３－２１タカセビル２０２号室",,27,127,5300041,,,,,,,2025-01-31,1,,,,,"ハラテク",0
2206,8122001040699,01,0,2026-07-08,2026-07-08,"株式会社ギトー",,301,"大阪府","東大阪市","東豊浦町１２１９－６",,27,227,5798032,,,,,,,2026-07-08,1,,,,,"ギトー",0
2207,8130001023938,11,0,2026-07-08,2026-06-23,"ＫＡＳＨＩＲＯリアルエステート株式会社",,301,"京都府","京都市下京区","河原町通松原上る２丁目富永町３５６番地",,26,106,6008023,,,,,,,2015-10-05,1,,,,,"カシロリアルエステート",0
2208,8130001026775,01,1,2026-07-08,2015-10-05,"株式会社北成",,301,"京都府","京都市北区","衣笠総門町９番地１",,26,101,6038363,,,,,,,2015-10-05,1,,,,,"ホクセイ",0
2209,8130001076952,12,0,2026-07-08,2026-07-06,"御門興産株式会社",,301,"大阪府","大阪市中央区","北久宝寺町２丁目６番－１０－４０９",,27,128,5410057,,,,,,,2024-05-01,1,,,,,"ミカドコウサン",0
2210,8130001082620,01,0,2026-07-08,2026-07-08,"小有株式会社",,301,"京都府","京都市東山区","東大路松原上る辰巳町１１３番地２二階",,26,105,6050855,,,,,,,2026-07-08,1,,,,,"ショウユウ",0
2211,8130003011503,01,0,2026-07-08,2026-07-08,"合同会社リベルテ",,305,"京都府","京都市伏見区","深草飯食町８２３番地１２",,26,109,6120028,,,,,,,2026-07-08,1,,,,,"リベルテ",0
2212,8140001018846,01,1,2026-07-08,2015-10-05,"三ツ星株式会社",,301,"兵庫県","神戸市垂水区","名谷町字室山１４００番地の７１",,28,108,6550852,,,,,,,2015-10-05,1,,,,,"ミツボシ",0
2213,8140001023474,01,1,2026-07-08,2015-10-05,"株式会社タカハラ工業",,301,"兵庫県","神戸市兵庫区","矢部町２４番１号",,28,105,6520005,,,,,,,2015-10-05,1,,,,,"タカハラコウギョウ",0
2214,8140001141243,12,0,2026-07-08,2026-07-03,"株式会社ＭＩＲＡＩ　ＦＲＯＮＴ",,301,"兵庫県","宝塚市","栄町３丁目９－９－３０１",,28,214,6650845,,,,,,,2026-01-13,1,,,,,"ミライフロント",0
2215,8140001143330,01,0,2026-07-08,2026-07-08,"株式会社Ｃｏｌｌｉｎａ",,301,"兵庫県","神戸市兵庫区","下沢通７丁目２番２３－８０２号",,28,105,6520047,,,,,,,2026-07-08,1,,,,,"コリーナ",0
2216,8140002010199,01,1,2026-07-08,2015-10-05,"有限会社ティエムメディカルサービス",,302,"兵庫県","神戸市北区","北五葉１丁目１２番３４号",,28,109,6511131,,,,,,,2015-10-05,1,,,,,"ティエムメディカルサービス",0
2217,8140002036021,01,1,2026-07-08,2015-10-05,"セーブ・ポイント有限会社",,302,"兵庫県","加古川市","平岡町一色５５２番地の１０",,28,210,6750115,,,,,,,2015-10-05,1,,,,,"セーブポイント",0
2218,8140002043612,01,1,2026-07-08,2015-10-05,"有限会社大辰カッター",,302,"兵庫県","尼崎市","南武庫之荘４丁目１０番２５号",,28,202,6610033,,,,,,,2015-10-05,1,,,,,"ダイタツカッター",0
2219,8140002057001,01,1,2026-07-08,2015-10-05,"大忠商事有限会社",,302,"兵庫県","西宮市","甲子園三保町１番８号",,28,204,6638163,,,,,,,2015-10-05,1,,,,,"ダイチュウショウジ",0
2220,8140005015435,11,0,2026-07-08,2026-06-24,"ダイヤゼブラ電機労働組合",,399,"兵庫県","三田市","テクノパーク５番地４",,28,219,6691339,,,,,,,2015-10-05,1,,,,,"ダイヤゼブラデンキ",0
2221,8150001017327,01,1,2026-07-08,2015-10-05,"株式会社Ｊｕｉｃｙ　Ｏｆｆｅｒ",,301,"奈良県","大和郡山市","美濃庄町２３番地",,29,203,6391103,,,,,,,2015-10-05,0,,,,,"ジューシーオファー",0
2222,8150001017327,12,1,2026-07-08,2016-04-01,"株式会社Ｊｕｉｃｙ　Ｏｆｆｅｒ",,301,"奈良県","奈良市","三条大宮町４番１２号",,29,201,6308123,,,,,,,2015-10-05,1,,,,,"ジューシーオファー",0
2223,8150003003985,01,0,2026-07-08,2026-07-08,"合同会社相葉不動産",,305,"奈良県","奈良市","白毫寺町９０６－１０",,29,201,6308302,,,,,,,2026-07-08,1,,,,,"アイバフドウサン",0
2224,8160001023480,12,0,2026-07-08,2026-07-03,"株式会社京国",,301,"滋賀県","大津市","萱野浦２５番３６号",,25,201,5202143,,,,,,,2021-07-21,1,,,,,"キョウゴク",0
2225,8170001003713,12,0,2026-07-08,2026-07-02,"和歌山金属株式会社",,301,"愛知県","弥富市","五斗山３丁目１４３番地２",,23,235,4901402,,,,,,,2015-10-05,1,,,,,"ワカヤマキンゾク",0
2226,8170001019164,01,0,2026-07-08,2026-07-08,"百年承継株式会社",,301,"和歌山県","和歌山市","太田２丁目８番２１－７０４号",,30,201,6408323,,,,,,,2026-07-08,1,,,,,"ヒャクネンショウケイ",0
2227,8180001036398,01,1,2026-07-08,2015-10-05,"株式会社名古屋銀行",,301,"愛知県","名古屋市中区","錦３丁目１９番１７号",,23,106,4600003,,,,,,,2015-10-05,0,,,,,"ナゴヤギンコウ",0
2228,8180001036398,71,1,2026-07-08,2016-01-04,"株式会社名古屋銀行",,301,"愛知県","名古屋市中区","錦３丁目１９番１７号",,23,106,4600003,,,,,,"平成２８年１月１日名古屋市千種区内山三丁目３１番２０号名銀不動産調査株式会社（9180001005633）を合併",2015-10-05,1,,,,,"ナゴヤギンコウ",0
2229,8180001139944,21,0,2026-07-08,2026-06-29,"株式会社アセンブリー",,301,"愛知県","名古屋市北区","大曽根３丁目５－１９ヒルズ大曽根２０１",,23,103,4620825,,,2026-06-29,01,,,2020-02-10,1,,,,,"アセンブリー",0
2230,8180001172607,01,0,2026-07-08,2026-07-08,"株式会社ＡＲＫＨ",,301,"愛知県","名古屋市中川区","五女子２丁目１０番２０号",,23,110,4540033,,,,,,,2026-07-08,1,,,,,"アークエイチ",0
2231,8180001172631,01,0,2026-07-08,2026-07-08,"株式会社ハヤタリウム",,301,"愛知県","小牧市","多気北町３３９番地１",,23,219,4850055,,,,,,,2026-07-08,1,,,,,,0
2232,8180001172689,01,0,2026-07-08,2026-07-08,"株式会社ファンディール",,301,"愛知県","名古屋市名東区","高針４丁目９０７番地",,23,115,4650061,,,,,,,2026-07-08,1,,,,,"ファンディール",0
2233,8180003025399,21,0,2026-07-08,2026-07-01,"ＡＩｎｅｗＩＰ合同会社",,305,"愛知県","尾張旭市","瀬戸川町２丁目１０５番地５",,23,226,4880023,,,2026-07-01,01,,,2023-06-26,1,,,,,"アイニューアイピー",0
2234,8180003029094,21,0,2026-07-08,2026-06-30,"合同会社ＲＩＨＡＮ",,305,"愛知県","知多郡美浜町","大字河和字北田面１２番地３ウイング河和２０３号",,23,446,4702406,,,2026-06-30,01,,,2025-09-24,1,,,,,"リハン",0
2235,8180005018665,12,0,2026-07-08,2026-07-07,"司法書士法人わかば",,399,"愛知県","名古屋市中村区","名駅３丁目２８番１２号",,23,105,4500002,,,,,,,2020-02-04,0,,,,,"ワカバ",0
2236,8180005018665,11,0,2026-07-08,2026-07-07,"ＭＡＣ司法書士法人",,399,"愛知県","名古屋市中村区","名駅３丁目２８番１２号",,23,105,4500002,,,,,,,2020-02-04,1,,,,,"マック",0
2237,8180301010895,01,1,2026-07-08,2015-10-05,"株式会社壁谷管工",,301,"愛知県","蒲郡市","形原町北戸甫井１４番地の１",,23,214,4430104,,,,,,,2015-10-05,1,,,,,"カベヤカンコウ",0
2238,8180301030150,21,0,2026-07-08,2026-06-26,"ＳＰＦ工業株式会社",,301,"愛知県","岡崎市","滝町字根張沢４８番地３",,23,202,4443173,,,2026-06-26,01,,,2017-03-22,1,,,,,"エスピーエフコウギョウ",0
2239,8190001024914,12,0,2026-07-08,2026-07-01,"株式会社東紀州警備保障",,301,"三重県","尾鷲市","大字南浦１６７７番地１",,24,209,5193600,,,,,,,2017-08-25,1,,,,,"ヒガシキシュウケイビホショウ",0
2240,8190001033270,01,0,2026-07-08,2026-07-08,"株式会社サナダヤ",,301,"三重県","四日市市","笹川１丁目２７５番地１",,24,202,5100944,,,,,,,2026-07-08,1,,,,,"サナダヤ",0
2241,8200001004526,01,1,2026-07-08,2015-10-05,"株式会社フクヤマ自動車",,301,"岐阜県","岐阜市","茜部大川１丁目３７番地",,21,201,5008282,,,,,,,2015-10-05,1,,,,,"フクヤマジドウシャ",0
2242,8210001002850,21,0,2026-07-08,2026-07-01,"林ミシン工業株式会社",,301,"福井県","福井市","御幸４丁目１１番７号",,18,201,9100854,,,2026-07-01,01,,,2015-10-05,1,,,,,"ハヤシミシンコウギョウ",0
2243,8210003002064,01,0,2026-07-08,2026-07-08,"弥栄合同会社",,305,"福井県","三方郡美浜町","宮代１３号村中３４番地",,18,442,9191134,,,,,,,2026-07-08,1,,,,,"イヤサカ",0
2244,8210005000495,01,1,2026-07-08,2015-10-05,"鳩之御門商店街協同組合",,399,"福井県","福井市","中央１丁目９番９号株式会社プラザ内",,18,201,9100006,,,,,,,2015-10-05,0,,,,,"ハトノゴモンショウテンガイ",0
2245,8210005000495,12,1,2026-07-08,2026-06-29,"鳩之御門商店街協同組合",,399,"福井県","福井市","中央１丁目９番２３号",,18,201,9100006,,,,,,,2015-10-05,1,,,,,"ハトノゴモンショウテンガイ",0
2246,8220001001612,71,0,2026-07-08,2026-07-01,"株式会社桶川住吉商店",,301,"石川県","金沢市","北町丁５６番地１",,17,201,9200055,,,,,,"令和８年７月１日石川県金沢市北町丁５６番地１株式会社ヤギ食品（5220001007133）を合併",2015-10-05,1,,,,,"オケガワスミヨシショウテン",0
2247,8220001027475,01,0,2026-07-08,2026-07-08,"Ｋシステム株式会社",,301,"石川県","金沢市","小坂町西８番地２４",,17,201,9200811,,,,,,,2026-07-08,1,,,,,"ケイシステム",0
2248,8220002012740,21,0,2026-07-08,2026-07-03,"有限会社東出工作所",,302,"石川県","加賀市","熊坂町ア１２５番地",,17,206,9220842,,,2026-07-03,01,,,2015-10-05,1,,,,,,0
2249,8240001004233,01,1,2026-07-08,2015-10-05,"株式会社サンチューエンジニアリング",,301,"広島県","広島市西区","観音本町１丁目２２番１１号",,34,104,7330033,,,,,,,2015-10-05,1,,,,,"サンチューエンジニアリング",0
2250,8240001024041,12,0,2026-07-08,2026-07-01,"株式会社クリンプロ",,301,"広島県","山県郡安芸太田町","大字土居２１９番地１",,34,368,7313821,,,,,,,2015-10-05,1,,,,,"クリンプロ",0
2251,8250001010635,01,1,2026-07-08,2015-10-05,"株式会社ウィンプラス",,301,"山口県","下松市","潮音町６丁目２１番１７号",,35,207,7440074,,,,,,,2015-10-05,0,,,,,"ウィンプラス",0
2252,8250001010635,12,1,2026-07-08,2026-07-03,"株式会社ウィンプラス",,301,"山口県","周南市","大字久米３０９７番地の４",,35,215,7450801,,,,,,,2015-10-05,1,,,,,"ウィンプラス",0
2253,8250005008485,01,1,2026-07-08,2019-04-05,"山口県農業協同組合",,399,"山口県","山口市","小郡下郷２１３９番地",,35,203,7540002,,,,,,"大島郡周防大島町大字久賀４７２３番地山口大島農業協同組合（8250005007041）と岩国市山手町一丁目１４番５号岩国市農業協同組合（1250005005943）と岩国市多田９７番地２山口東農業協同組合（2250005005950）と柳井市中央三丁目１６番１号南すおう農業協同組合（9250005006744）と下松市西柳二丁目３番４８号周南農業協同組合（1250005005217）と防府市中央町４番１号防府とくぢ農業協同組合（2250005001603）と山口市維新公園三丁目１１番１号山口中央農業協同組合（4250005000628）と宇部市大字川上字小羽山７４番地山口宇部農業協同組合（5250005002177）と下関市秋根北町４番１号下関農業協同組合（5250005003381）と美祢市大嶺町東分３４４３番地１山口美祢農業協同組合（9250005002784）と長門市東深川１９４１番地長門大津農業協同組合（4250005004604）と萩市大字江向４３１番地２あぶらんど萩農業協同組合（8250005004906）の合併により設立",2019-04-05,1,,,,,"ヤマグチケンノウギョウ",0
2254,8260002021928,12,0,2026-07-08,2026-07-01,"友阪真工有限会社",,302,"岡山県","倉敷市","児島塩生８１５番地１",,33,202,7110934,,,,,,,2015-10-05,1,,,,,"ユウバンシンコウ",0
2255,8260003005698,01,0,2026-07-08,2026-07-08,"魂感自在合同会社",,305,"岡山県","岡山市東区","瀬戸町旭ヶ丘３丁目２番地４２",,33,103,7090853,,,,,,,2026-07-08,1,,,,,"コンカンジザイ",0
2256,8280001009204,12,0,2026-07-08,2026-07-02,"株式会社Ｓｕｓａｎｏｈ　Ｂｅｙｏｎｄ　Ｆａｒｍ",,301,"島根県","出雲市","佐田町一窪田１９８８番地１",,32,203,6930522,,,,,,,2024-07-01,1,,,,,"スサノオビヨンドファーム",0
2257,8280001009674,01,0,2026-07-08,2026-07-08,"株式会社リノスマイル",,301,"島根県","出雲市","高岡町５６４番地１",,32,203,6930066,,,,,,,2026-07-08,1,,,,,"リノスマイル",0
2258,8280005007708,01,0,2026-07-08,2026-07-08,"特定非営利活動法人ＰＬＡＹ　ＡＲＯＵＮＤ",,399,"島根県","大田市","大田町吉永１３０８番地５",,32,205,6940063,,,,,,,2026-07-08,1,,,,,,0
2259,8290001114705,01,0,2026-07-08,2026-07-08,"ＲＯＴＡ株式会社",,301,"福岡県","福岡市早良区","西新２丁目９番１－４１２号",,40,137,8140002,,,,,,,2026-07-08,1,,,,,"ロータ",0
2260,8290003018631,01,0,2026-07-08,2026-07-08,"合同会社エアライト",,305,"福岡県","筑紫野市","塔原東３丁目１１番１１－１０１号",,40,217,8180059,,,,,,,2026-07-08,1,,,,,"エアライト",0
2261,8290801032619,01,0,2026-07-08,2026-07-08,"丸藤警備保障株式会社",,301,"福岡県","北九州市小倉南区","徳力３丁目１０番１０号ＭＡＸビル２０１",,40,107,8020974,,,,,,,2026-07-08,1,,,,,"マルフジケイビホショウ",0
2262,8290805009729,21,0,2026-07-08,2026-06-24,"一般社団法人Ａｓｈｉｆｉｃ",,399,"福岡県","遠賀郡芦屋町","幸町２番２０号",,40,381,8070101,,,2026-06-24,01,,,2024-04-04,1,,,,,"アシフィック",0
2263,8300001011479,12,0,2026-07-08,2026-07-03,"株式会社ナガノ・リゾート",,301,"佐賀県","佐賀市","八戸２丁目２番２号",,41,201,8400854,,,,,,,2018-10-15,1,,,,,"ナガノリゾート",0
2264,8310001005942,12,0,2026-07-08,2026-07-01,"藤井産業株式会社",,301,"長崎県","佐世保市","小佐々町黒石３３９番地８０",,42,202,8570401,,,,,,,2015-10-05,1,,,,,"フジイサンギョウ",0
2265,8310001020157,01,0,2026-07-08,2026-07-08,"株式会社奥村組",,301,"長崎県","雲仙市","小浜町飛子３０７０番地",,42,213,8540503,,,,,,,2026-07-08,1,,,,,"オクムラグミ",0
2266,8310002014406,01,1,2026-07-08,2015-10-05,"有限会社リープエージェンシー",,302,"長崎県","長崎市","浜町２－１７五島ビル７０１号",,42,201,8500853,,,,,,,2015-10-05,1,,,,,"リープエージェンシー",0
2267,8310003005263,01,0,2026-07-08,2026-07-08,"合同会社リベラルウェルネス",,305,"長崎県","長崎市","かき道４丁目４９番１６号",,42,201,8510115,,,,,,,2026-07-08,1,,,,,"リベラルウェルネス",0
2268,8320001021807,01,0,2026-07-08,2026-07-08,"株式会社Ｌｉｎｋ　Ｗｏｏｄ",,301,"大分県","竹田市","大字下坂田６９１番地１",,44,208,8780151,,,,,,,2026-07-08,1,,,,,"リンクウッド",0
2269,8330001034452,01,0,2026-07-08,2026-07-08,"株式会社ＭＩＯ",,301,"熊本県","熊本市北区","武蔵ケ丘２丁目１６番３８号",,43,105,8618001,,,,,,,2026-07-08,1,,,,,"ミオ",0
2270,8330005011092,01,0,2026-07-08,2026-07-08,"一般社団法人水俣ウェルビーイング",,399,"熊本県","水俣市","江南町３番１号",,43,205,8670022,,,,,,,2026-07-08,1,,,,,"ミナマタウェルビーイング",0
2271,8340001005543,21,0,2026-07-08,2026-06-24,"株式会社有園",,301,"鹿児島県","日置市","吹上町湯之浦１１９４番地４",,46,216,8993303,,,2026-06-24,01,,,2023-09-11,1,,,,,"ユウエン",0
2272,8340003005269,01,0,2026-07-08,2026-07-08,"合同会社Ｇｏｊｉ‐ｍａｄｅ",,305,"鹿児島県","日置市","伊集院町下谷口２０６９番地川島ビル１０３",,46,216,8992501,,,,,,,2026-07-08,1,,,,,"ゴージーメイド",0
2273,8340005009986,01,0,2026-07-08,2026-07-08,"特定非営利活動法人せいか",,399,"鹿児島県","曽於市","大隅町中之内５２７９番地１",,46,217,8998103,,,,,,,2026-07-08,1,,,,,"セイカ",0
2274,8350001001681,01,1,2026-07-08,2015-10-05,"株式会社宮崎観光ホテル",,301,"宮崎県","宮崎市","松山１丁目１番１号",,45,201,8800865,,,,,,,2015-10-05,1,,,,,,0
2275,8350001019848,01,1,2026-07-08,2025-12-17,"株式会社ファイト",,301,"宮崎県","宮崎市","中央通２番２１号マジソンビル５階",,45,201,8800002,,,,,,,2025-12-17,1,,,,,,0
2276,8350003005227,01,0,2026-07-08,2026-07-08,"合同会社赤澤ベース",,305,"宮崎県","都城市","一万城町４９８８番地１一万城団地１１ー２ー１５５",,45,202,8850041,,,,,,,2026-07-08,1,,,,,"アカザワベース",0
2277,8350005000168,01,1,2026-07-08,2015-10-05,"公益社団法人宮崎県物産貿易振興センター",,399,"宮崎県","宮崎市","宮田町１番６号",,45,201,8800804,,,,,,,2015-10-05,1,,,,,,0
2278,8370001048746,12,0,2026-07-08,2026-07-01,"株式会社スカイヒル",,301,"宮城県","仙台市宮城野区","田子３丁目１３番５号",,04,102,9830021,,,,,,,2022-07-05,1,,,,,"スカイヒル",0
2279,8370001053944,01,0,2026-07-08,2026-07-08,"マルイホールディングス株式会社",,301,"宮城県","石巻市","成田字転石山１番地１",,04,202,9860102,,,,,,,2026-07-08,1,,,,,"マルイホールディングス",0
2280,8370001053969,01,0,2026-07-08,2026-07-08,"株式会社みうら家",,301,"宮城県","仙台市青葉区","一番町４丁目７番６号",,04,101,9800811,,,,,,,2026-07-08,1,,,,,"ミウラヤ",0
2281,8380001007635,71,0,2026-07-08,2026-07-01,"株式会社クリンシステム",,301,"福島県","郡山市","昭和２丁目２番７号",,07,203,9638822,,,,,,"令和８年７月１日福島県郡山市昭和二丁目２番７号株式会社フードデザイン（2380001007806）を合併",2015-10-05,1,,,,,"クリンシステム",0
2282,8400003003745,01,0,2026-07-08,2026-07-08,"合同会社舘市重機建設",00144226,305,"岩手県","九戸郡洋野町","大野第３４地割３６番地１",,03,507,0288802,,,,,,,2026-07-08,1,,,,,"タテイチジュウキケンセツ",0
2283,8410001014545,01,0,2026-07-08,2026-07-08,"株式会社クロスリンクス",,301,"秋田県","秋田市","保戸野八丁１３番１５号ＡＫハイム１０１",,05,201,0100903,,,,,,,2026-07-08,1,,,,,"クロスリンクス",0
2284,8410002011905,11,0,2026-07-08,2026-07-01,"株式会社エルツー",,301,"秋田県","大仙市","大曲福住町９番３１号",,05,212,0140014,,,,,,,2015-10-05,1,,,,,"エルツー",0
2285,8420001013827,01,1,2026-07-08,2015-10-05,"アクシスちぇん株式会社",,301,"青森県","青森市","安方１丁目４番１号ポレスターアーバンシティ青森８０４号",,02,201,0300803,,,,,,,2015-10-05,1,,,,,"アクシスチェン",0
2286,8420005003873,01,1,2026-07-08,2015-10-05,"下前漁業協同組合",,399,"青森県","北津軽郡中泊町","大字小泊字下前２０７番地１",,02,387,0370538,,,,,,,2015-10-05,0,,,,,"シタマエ",0
2287,8420005003873,21,0,2026-07-08,2026-06-01,"下前漁業協同組合",,399,"青森県","北津軽郡中泊町","大字小泊字下前２０７番地１",,02,387,0370538,,,2026-06-01,11,9420005003872,"令和８年６月１日青森県北津軽郡中泊町大字小泊字大山長根１２８番地小泊漁業協同組合（9420005003872）に合併し解散",2015-10-05,1,,,,,"シタマエ",0
2288,8430001007522,01,1,2026-07-08,2015-10-05,"新宅新興建設株式会社",,301,"北海道","札幌市北区","北二十五条西１６丁目５番３２号",,01,102,0010025,,,,,,,2015-10-05,1,,,,,"シンタクシンコウケンセツ",0
2289,8430001041026,11,0,2026-07-08,2026-07-01,"株式会社ｎｄｐ　ｇｒｏｕｐ",,301,"北海道","札幌市中央区","北二条西１丁目１番７号ＯＲＥ札幌ビル７Ｆ",,01,101,0600002,,,,,,,2015-10-05,1,,,,,"エヌディーピーグループ",0
2290,8430001059415,01,1,2026-07-08,2015-10-05,"株式会社新生義肢製作所",,301,"北海道","札幌市東区","北三十七条東２１丁目１番３６号",,01,103,0070837,,,,,,,2015-10-05,1,,,,,"シンセイギシセイサクジョ",0
2291,8430001086491,12,0,2026-07-08,2026-07-01,"株式会社根森",,301,"北海道","札幌市中央区","北三条東１１丁目３３８番地プレミストタワーズ札幌苗穂アクアゲートＡ－６０７号",,01,101,0600033,,,,,,,2022-04-22,1,,,,,"ネモリ",0
2292,8430001097282,01,0,2026-07-08,2026-07-08,"株式会社スライト",,301,"北海道","札幌市中央区","北一条西３丁目３番地３３リープロビル３０２",,01,101,0600001,,,,,,,2026-07-08,1,,,,,"スライト",0
2293,8430003017544,12,0,2026-07-08,2026-06-23,"合同会社健食の杜",,305,"北海道","札幌市北区","北二十二条西５丁目１８－２４０",,01,102,0010022,,,,,,,2025-04-23,1,,,,,"ケンショクノモリ",0
2294,8450001004807,21,0,2026-07-08,2026-07-07,"妻神工業株式会社",,301,"東京都","中央区","日本橋２丁目１番１４号日本橋加藤ビルディング６階弁護士法人ＰＬＡＺＡ総合法律事務所内",,13,102,1030027,,,2026-07-07,01,,,2015-10-05,1,,,,,"サイカミコウギョウ",0
2295,8460102007501,12,0,2026-07-08,2026-07-01,"有限会社清流サービス",,302,"北海道","河東郡音更町","東通１１丁目３番地５２",,01,631,0800106,,,,,,,2015-10-05,1,,,,,"セイリュウサービス",0
2296,8470001021313,01,0,2026-07-08,2026-07-08,"株式会社ミナチカ",,301,"香川県","綾歌郡宇多津町","大字東分１４５０番地３０",,37,386,7690213,,,,,,,2026-07-08,1,,,,,"ミナチカ",0
2297,8480001000217,01,1,2026-07-08,2015-10-05,"株式会社糸田川",,301,"徳島県","徳島市","寺島本町西２丁目３１番地",,36,201,7700831,,,,,,,2015-10-05,1,,,,,"イトタガワ",0
2298,8480001009712,01,1,2026-07-08,2016-07-13,"株式会社ディーシーシー",,301,"徳島県","徳島市","上八万町西山１４１３番地",,36,201,7708041,,,,,,,2016-07-13,0,,,,,"ディーシーシー",0
2299,8480001009712,12,1,2026-07-08,2016-08-17,"株式会社ディーシーシー",,301,"徳島県","徳島市","東沖洲２丁目５０番地",,36,201,7700873,,,,,,,2016-07-13,1,,,,,"ディーシーシー",0
2300,8480001009943,01,1,2026-07-08,2017-03-15,"株式会社ＴＩＤＥ",,301,"徳島県","徳島市","昭和町５丁目１８番地の６徳島セントポリア３０７号室",,36,201,7700942,,,,,,,2017-03-15,1,,,,,"タイド",0
2301,8480001013219,01,0,2026-07-08,2026-07-08,"株式会社川端内装",,301,"徳島県","鳴門市","撫養町小桑島字西５２番地",,36,202,7720012,,,,,,,2026-07-08,1,,,,,"カワバタナイソウ",0
2302,8480003002450,01,0,2026-07-08,2026-07-08,"合同会社ジャスミン",,305,"徳島県","徳島市","津田本町１丁目８番２７－２号フィットネクステージ津田Ｂ",,36,201,7708003,,,,,,,2026-07-08,1,,,,,"ジャスミン",0
2303,8500003001672,01,1,2026-07-08,2015-10-05,"住まいる合同会社",,305,"愛媛県","四国中央市","妻鳥町１２１０番地の１",,38,213,7990113,,,,,,,2015-10-05,1,,,,,"スマイル",0
2304,8700150089020,11,0,2026-07-08,2026-06-19,"高輪一丁目共同建替計画マンション再生組合",,499,"東京都","港区","六本木６丁目１１番１８号ＨＯＵビル４階　株式会社ＨＯＵ一級建築士事務所内",,13,103,1060032,,,,,,,2018-05-24,1,,,,,"タカナワイツチヨウメキヨウドウタテカエケイカクマンシヨンサイセイクミアイ",0
2305,8700150134924,01,1,2026-07-08,2026-03-25,"龍現地自治会",,499,"山口県","美祢市","於福町上４００３－５",,35,213,7592301,,,,,,,2026-03-25,1,,,,,"リユウゲンヂジチカイ",0
2306,8700150136581,01,0,2026-07-08,2026-07-08,"Ｇｅｅｙｏｏ　Ｈｏｍｅ　Ｃｏ．，Ｌｉｍｉｔｅｄ",,401,,,,,,,,"Ｂｌｏｃｋ　Ｂ，１２／Ｆ，Ｒｏｏｍ　Ｂ２１９－２９　２－２８　Ｋｗａｉ　Ｌｏｋ　Ｓｔｒｅｅｔ，Ｙｕ　Ｌａｍ　Ｉｎｄｕｓｔｒｉａｌ　Ｃｅｎｔｒｅ　Ｎｅｗ　Ｔｅｒｒｉｔｏｒｉｅｓ　Ｋｗａｉ　Ｃｈｕｎｇ　ＨＫ",,,,,,2026-07-08,1,,,,,"ジーユーホームカンパニーリミテッド",0
2307,9010001154158,01,1,2026-07-08,2015-10-05,"響株式会社",,301,"東京都","文京区","湯島３丁目２３番９号１Ｆ",,13,105,1130034,,,,,,,2015-10-05,1,,,,,"ヒビキ",0
2308,9010001193544,11,0,2026-07-08,2026-06-25,"株式会社Ｔｏｔｏｎｏｅ　Ｐａｒｔｎｅｒｓ",,301,"埼玉県","さいたま市大宮区","大門町３丁目５０Ｖ．Ｉ．Ｐロイヤル氷川台２０１",,11,103,3300846,,,,,,,2018-08-03,1,,,,,"トトノエパートナーズ",0
2309,9010001199772,11,0,2026-07-08,2026-06-16,"株式会社リノワ",,301,"東京都","千代田区","内神田１丁目１５番２号神田オーシャンビル３０７号室",,13,101,1010047,,,,,,,2019-04-09,1,,,,,"リノワ",0
2310,9010001235420,12,0,2026-07-08,2026-07-03,"株式会社ＡＭＡＺＩＮＧ",,301,"東京都","中央区","銀座１丁目１２番４号Ｎ＆ＥＢＬＤ．６Ｆ",,13,102,1040061,,,,,,,2023-05-19,1,,,,,"アメイジング",0
2311,9010001239280,12,0,2026-07-08,2026-06-12,"ビカイテクノロジー株式会社",,301,"東京都","千代田区","岩本町３丁目５番１４号リベラ岩本町９階",,13,101,1010032,,,,,,,2023-10-16,1,,,,,"ビカイテクノロジー",0
2312,9010001254206,21,0,2026-07-08,2026-06-22,"銭源株式会社",,301,"千葉県","松戸市","竹ケ花２３１－１リバブル松戸５０４号",,12,207,2710072,,,2026-06-22,01,,,2025-04-21,1,,,,,"ゼニモト",0
2313,9010001266878,01,0,2026-07-08,2026-07-08,"ＮＯＴ　Ａ　ＨＯＴＥＬ　ＰＡＹＭＥＮＴ株式会社",,301,"東京都","中央区","晴海４丁目７番４号",,13,102,1040053,,,,,,,2026-07-08,1,,,,,"ノットアホテルペイメント",0
2314,9010002013131,01,1,2026-07-08,2015-10-05,"有限会社西川パーキングビル",,302,"東京都","千代田区","神田和泉町１番地",,13,101,1010024,,,,,,,2015-10-05,1,,,,,"ニシカワパーキングビル",0
2315,9010002047154,12,0,2026-07-08,2026-07-02,"有限会社創立社",,302,"埼玉県","さいたま市岩槻区","加倉３丁目５番１０号",,11,110,3390056,,,,,,,2015-10-05,1,,,,,,0
2316,9010002052311,12,0,2026-07-08,2026-07-02,"大一有限会社",,302,"埼玉県","鶴ヶ島市","大字脚折１４７０番地１３",,11,241,3502213,,,,,,,2015-10-05,1,,,,,,0
2317,9010003019706,01,1,2026-07-08,2015-10-05,"合同会社ベアビューティー",,305,"東京都","中央区","日本橋人形町３丁目８番１号",,13,102,1030013,,,,,,,2015-10-05,1,,,,,"ベアビューティー",0
2318,9010003046667,21,0,2026-07-08,2026-06-12,"合同会社ＡｄｄＦｕＮ",,305,"東京都","中央区","銀座１丁目２２番１１号銀座大竹ビジデンス２Ｆ",,13,102,1040061,,,2026-06-12,01,,,2025-03-07,1,,,,,"アドファン",0
2319,9010003051931,01,0,2026-07-08,2026-07-08,"神楽坂合同会社",,305,"東京都","千代田区","丸の内１丁目４番１号東京共同会計事務所内",,13,101,1000005,,,,,,,2026-07-08,1,,,,,"カグラザカ",0
2320,9010101007125,01,1,2026-07-08,2015-10-05,"株式会社リベラル",,301,"東京都","八王子市","南新町２０番４－２０１",,13,201,1920075,,,,,,,2015-10-05,0,,,,,"リベラル",0
2321,9010101007125,12,1,2026-07-08,2022-02-07,"株式会社リベラル",,301,"東京都","八王子市","緑町３５３番地８２",,13,201,1930932,,,,,,,2015-10-05,1,,,,,"リベラル",0
2322,9010101017314,01,0,2026-07-08,2026-07-08,"高尾パートナーズ株式会社",,301,"東京都","八王子市","狭間町１４６４番地１八王子狭間住宅２－９０７号",,13,201,1930941,,,,,,,2026-07-08,1,,,,,"タカオパートナーズ",0
2323,9010401063611,11,0,2026-07-08,2026-06-22,"Ｓｔｒａｔａｃａｃｈｅ　Ｏｎｅ株式会社",,301,"東京都","千代田区","永田町２丁目１４番２号山王グランドビル５０１",,13,101,1000014,,,,,,,2015-10-05,1,,,,,"ストラタキャッシュワン",0
2324,9010401117747,12,0,2026-07-08,2026-07-02,"ＦＩＳＭ株式会社",,301,"福岡県","福岡市中央区","赤坂１丁目７番１０号リアン赤坂ビル６Ｆ",,40,133,8100042,,,,,,,2015-10-05,1,,,,,"フィズム",0
2325,9010401141796,12,0,2026-07-08,2026-07-02,"株式会社ＨｉｇｈＬｉｆｅ",,301,"東京都","台東区","蔵前１丁目４番１号",,13,106,1110051,,,,,,,2018-11-02,1,,,,,"ハイライフ",0
2326,9010401165928,21,0,2026-07-08,2026-07-02,"カープレミア株式会社",,301,"東京都","港区","虎ノ門２丁目１０番４号オークラプレステージタワー",,13,103,1050001,,,2026-07-02,11,8010401070880,"令和８年７月１日東京都港区虎ノ門二丁目１０番４号オークラプレステージタワープレミア株式会社（8010401070880）に合併し解散",2022-03-07,1,,,,,"カープレミア",0
2327,9010401182956,01,1,2026-07-08,2024-06-11,"北宇田商事株式会社",,301,"東京都","港区","虎ノ門４丁目１－１神谷町トラストタワーオフィス２２－１２１",,13,103,1050001,,,,,,,2024-06-11,0,,,,,"キタウダショウジ",0
2328,9010401182956,12,1,2026-07-08,2025-04-18,"北宇田商事株式会社",,301,"東京都","豊島区","巣鴨３丁目９－１７",,13,116,1700002,,,,,,,2024-06-11,0,,,,,"キタウダショウジ",0
2329,9010401182956,12,0,2026-07-08,2026-07-06,"北宇田商事株式会社",,301,"大阪府","大阪市阿倍野区","播磨町１丁目２３－２２－３０３",,27,119,5450022,,,,,,,2024-06-11,1,,,,,"キタウダショウジ",0
2330,9010401188607,12,0,2026-07-08,2026-07-03,"株式会社ＮＡＣＭＯＢ",,301,"東京都","港区","東麻布１丁目２８番１２号ＶＯＲＴ麻布ｍａｘｉｍ６Ｂ",,13,103,1060044,,,,,,,2025-03-05,1,,,,,"ナックモブ",0
2331,9010401192369,12,0,2026-07-08,2026-06-26,"結乃社株式会社",,301,"東京都","中央区","日本橋茅場町２丁目２－２ラポール茅場町三恵ビル７０４",,13,102,1030025,,,,,,,2025-08-19,1,,,,,"ユイノヤシロ",0
2332,9010401199918,01,0,2026-07-08,2026-07-08,"株式会社豪遊",,301,"東京都","港区","赤坂８丁目５番４１号",,13,103,1070052,,,,,,,2026-07-08,1,,,,,"ゴウユウ",0
2333,9010401199934,01,0,2026-07-08,2026-07-08,"ｗｅｅ　ｇｒｏｕｐ株式会社",,301,"東京都","港区","麻布十番２丁目２０番７号",,13,103,1060045,,,,,,,2026-07-08,1,,,,,"ウィーグループ",0
2334,9010401200197,01,0,2026-07-08,2026-07-08,"株式会社アクシス",,301,"東京都","港区","浜松町２丁目２－１５浜松町ダイヤビル２Ｆ",,13,103,1050013,,,,,,,2026-07-08,1,,,,,"アクシス",0
2335,9010403038529,01,0,2026-07-08,2026-07-08,"合同会社ＹＯＫＵ　Ａｃｔｉｖｅ",,305,"東京都","港区","六本木７丁目３番８号",,13,103,1060032,,,,,,,2026-07-08,1,,,,,"ヨクアクティブ",0
2336,9010405021549,11,0,2026-07-08,2026-06-12,"一般社団法人日本エグゼクティブパートナー協会",,399,"東京都","港区","芝１丁目３番７－１００２号",,13,103,1050014,,,,,,,2022-11-16,1,,,,,"ニホンエグゼクティブパートナーキョウカイ",0
2337,9010502018613,01,1,2026-07-08,2015-10-05,"有限会社ビーオービー",,302,"東京都","台東区","駒形１丁目１番１号",,13,106,1110043,,,,,,,2015-10-05,0,,,,,"ビーオービー",0
2338,9010502018613,12,1,2026-07-08,2015-10-08,"有限会社ビーオービー",,302,"東京都","台東区","駒形１丁目５番１号",,13,106,1110043,,,,,,,2015-10-05,0,,,,,"ビーオービー",0
2339,9010502018613,21,0,2026-07-08,2026-07-07,"有限会社ビーオービー",,302,"東京都","台東区","駒形１丁目５番１号",,13,106,1110043,,,2026-07-07,01,,,2015-10-05,1,,,,,"ビーオービー",0
2340,9010503005429,12,0,2026-07-08,2026-07-03,"ＴＦ合同会社",,305,"東京都","千代田区","二番町１番地番町ハイム３１２号",,13,101,1020084,,,,,,,2018-11-09,1,,,,,"ティーエフ",0
2341,9010505002564,12,0,2026-07-08,2026-07-06,"一般社団法人日本川渝総商会",,399,"東京都","千代田区","神田和泉町１番地８－１１サン・センタービル５階",,13,101,1010024,,,,,,,2015-10-05,1,,,,,"ニホンカワユソウショウカイ",0
2342,9010505003678,11,0,2026-07-08,2026-07-06,"税理士法人エステート・パートナーズ",,399,"東京都","台東区","上野２丁目１１番１３号センチュリオン池之端ビル１階",,13,106,1100005,,,,,,,2026-01-28,1,,,,,"エステートパートナーズ",0
2343,9010601060235,12,0,2026-07-08,2026-07-03,"株式会社ＫＳＧ",,301,"東京都","江戸川区","下篠崎町１０番１３－４号室",,13,123,1330064,,,,,,,2021-11-18,1,,,,,"ケーエスジー",0
2344,9011001015242,71,0,2026-07-08,2026-06-01,"トゥエンティファースト株式会社",,301,"東京都","渋谷区","恵比寿西１丁目２番７号",,13,113,1500021,,,,,,"令和８年６月１日東京都港区南青山三丁目８番４０号青山センタービル２階株式会社インペリアル（8010401141252）を合併",2015-10-05,1,,,,,"トゥエンティファースト",0
2345,9011001102107,21,0,2026-07-08,2026-06-26,"リンクアルファ株式会社",,301,"東京都","渋谷区","東１丁目２２番６－３０３号",,13,113,1500011,,,2026-06-26,01,,,2015-10-05,1,,,,,"リンクアルファ",0
2346,9011001120983,11,0,2026-07-08,2026-07-01,"株式会社ＢＲＥＸＡ　ＳＯＬＶＩＡ",,301,"東京都","新宿区","新宿４丁目３番２５号",,13,104,1600022,,,,,,,2018-03-07,1,,,,,"ブレクサソルビア",0
2347,9011001143472,12,0,2026-07-08,2026-07-06,"カラフ株式会社",,301,"東京都","中央区","日本橋大伝馬町１７－４ＴＨＥＧＡＴＥ小伝馬町６Ｆ",,13,102,1030011,,,,,,,2021-10-18,1,,,,,"カラフ",0
2348,9011001149676,12,0,2026-07-08,2026-07-03,"シンポ商事株式会社",,301,"京都府","京都市下京区","三ノ宮町通上ノ口上る岩滝町２２２番地１",,26,106,6008115,,,,,,,2022-09-12,1,,,,,"シンポショウジ",0
2349,9011001171812,12,0,2026-07-08,2026-07-06,"株式会社コエドテック",,301,"埼玉県","川越市","霞ケ関北２丁目２６－４",,11,201,3501109,,,,,,,2025-08-14,1,,,,,"コエドテック",0
2350,9011001179095,01,0,2026-07-08,2026-07-08,"キャノンボール株式会社",,301,"東京都","渋谷区","神南１丁目１１－４ＦＰＧリンクス神南５階",,13,113,1500041,,,,,,,2026-07-08,1,,,,,"キャノンボール",0
2351,9011003015471,21,0,2026-07-08,2026-07-01,"合同会社イチノイチ",,305,"栃木県","宇都宮市","宿郷２丁目４番２８号グランドアーバン２０１号室",,09,201,3210945,,,2026-07-01,01,,,2022-10-05,1,,,,,"イチノイチ",0
2352,9011003024687,01,0,2026-07-08,2026-07-08,"合同会社Ｘｉｐｈｏｓ",,305,"東京都","渋谷区","道玄坂１丁目１０番８号渋谷道玄坂東急ビル２Ｆ－Ｃ",,13,113,1500043,,,,,,,2026-07-08,1,,,,,"ザイフォス",0
2353,9011005005207,12,0,2026-07-08,2026-07-07,"一般社団法人ほのぼの運動協議会",,399,"東京都","江東区","有明３丁目４番１０号",,13,108,1350063,,,,,,,2015-10-05,1,,,,,"ホノボノウンドウキョウギカイ",0
2354,9011005011543,01,0,2026-07-08,2026-07-08,"一般社団法人デジタル民主主義推進機構",,399,"東京都","渋谷区","神宮前６丁目３４番６号ベルテ表参道",,13,113,1500001,,,,,,,2026-07-08,1,,,,,"デジタルミンシュシュギスイシンキコウ",0
2355,9011101064981,12,0,2026-07-08,2026-07-03,"京東商事株式会社",,301,"東京都","豊島区","池袋２丁目６５番１号",,13,116,1710014,,,,,,,2015-10-05,1,,,,,"キョウトウショウジ",0
2356,9011101110265,11,0,2026-07-08,2026-06-24,"株式会社ＢＩＯＬＡＢ　ＪＡＰＡＮ　ＬＴＤ",,301,"神奈川県","横浜市南区","別所２丁目２９－２－１",,14,105,2320064,,,,,,,2025-01-17,1,,,,,"ビオラボジャパンリミテッド",0
2357,9011101110934,12,0,2026-07-08,2026-07-06,"豊＿隆株式会社",00138329,301,"東京都","中央区","晴海２丁目２番４２－２５０６号",,13,102,1040053,,,,,,,2025-03-13,1,,,,,"ホウシンリュウ",0
2358,9011103014373,01,1,2026-07-08,2024-04-30,"合同会社Ａｎｄ　Ｃｏ．",,305,"東京都","新宿区","南元町９－７ライオンズ外苑の杜７０１",,13,104,1600012,,,,,,,2024-04-30,0,,,,,"アンドコー",0
2359,9011103014373,12,1,2026-07-08,2025-05-26,"合同会社Ａｎｄ　Ｃｏ．",,305,"東京都","港区","六本木７丁目１２番２号Ｒ７ビルディングＳＰＡＣＥＳ六本木",,13,103,1060032,,,,,,,2024-04-30,0,,,,,"アンドコー",0
2360,9011103014373,11,1,2026-07-08,2025-06-03,"株式会社ＮＡＧＡＬＡＢ",,301,"東京都","港区","六本木７丁目１２番２号Ｒ７ビルディングＳＰＡＣＥＳ六本木",,13,103,1060032,,,,,,,2024-04-30,0,,,,,"ナガラボ",0
2361,9011103014373,12,1,2026-07-08,2026-04-27,"株式会社ＮＡＧＡＬＡＢ",,301,"東京都","千代田区","外神田３丁目６番６号服部ビル１Ｆ",,13,101,1010021,,,,,,,2024-04-30,1,,,,,"ナガラボ",0
2362,9011201021081,12,0,2026-07-08,2026-07-01,"株式会社ＢＮＡＷ",,301,"東京都","中野区","新井１丁目１６番１４ＣＩＣＡＤＡＮＡＫＡＮＯ２０３",,13,114,1650026,,,,,,,2019-01-11,1,,,,,"ビーエヌエーダブリュー",0
2363,9011201025917,12,0,2026-07-08,2026-07-03,"株式会社凌翔商事",,301,"東京都","江戸川区","西葛西８丁目４番１６号フォレストハウス西葛西３０１号室",,13,123,1340088,,,,,,,2024-11-11,1,,,,,"リョウショウショウジ",0
2364,9011301031154,12,0,2026-07-08,2026-07-07,"グローバルリンク株式会社",,301,"埼玉県","川口市","栄町１丁目４番３号アンビシャス川口２０２号室",,11,203,3320017,,,,,,,2026-01-07,1,,,,,"グローバルリンク",0
2365,9011403003852,12,0,2026-07-08,2026-07-02,"合同会社ＦＧＳ",,305,"千葉県","船橋市","北本町２丁目２９番１２号ＮレジデンスＩ３０６",00144233,12,204,2730864,,,,,,,2022-12-19,1,,,,,"エフジーエス",0
2366,9011501008919,01,1,2026-07-08,2015-10-05,"株式会社三博",,301,"東京都","荒川区","西尾久７丁目５０番７号",,13,118,1160011,,,,,,,2015-10-05,1,,,,,"ミツヒロ",0
2367,9011503003769,12,0,2026-07-08,2026-07-06,"合同会社レイ・デル・ソル",,305,"神奈川県","平塚市","纒２丁目５番４８号",,14,203,2540901,,,,,,,2018-10-09,1,,,,,"レイデルソル",0
2368,9011701004065,12,0,2026-07-08,2026-07-02,"秀和産業株式会社",,301,"千葉県","千葉市花見川区","横戸町９６８番地１",,12,102,2620001,,,,,,,2015-10-05,1,,,,,"シュウワサンギョウ",0
2369,9011701016457,12,0,2026-07-08,2026-07-02,"株式会社ファーストメディカル",,301,"東京都","江戸川区","江戸川６丁目１３番２号",,13,123,1340013,,,,,,,2015-10-05,1,,,,,"ファーストメディカル",0
2370,9011701025730,12,0,2026-07-08,2026-06-15,"株式会社アーチドゥーク・クイナ",,301,"東京都","江戸川区","東葛西５丁目２番１８号",,13,123,1340084,,,,,,,2022-10-26,1,,,,,"アーチドゥーククイナ",0
2371,9011702005913,11,0,2026-07-08,2026-07-01,"株式会社シャトレーハウス",,301,"東京都","江戸川区","篠崎町７丁目２５番８号",,13,123,1330061,,,,,,,2015-10-05,1,,,,,"シャトレーハウス",0
2372,9011801048111,01,0,2026-07-08,2026-07-08,"西口株式会社",,301,"東京都","足立区","千住中居町１９番３号",,13,121,1200035,,,,,,,2026-07-08,1,,,,,"ニシグチ",0
2373,9011802000541,11,0,2026-07-08,2026-07-06,"株式会社ＩＧＲＳ　ＷＯＲＫＳ",,301,"東京都","葛飾区","鎌倉２丁目６番１７号",,13,122,1250053,,,,,,,2015-10-05,1,,,,,"イグルスワークス",0
2374,9011805003376,12,0,2026-07-08,2026-06-30,"一般社団法人かつしか活き生き健康麻雀サロン",,399,"東京都","葛飾区","立石５丁目９番２０号",,13,122,1240012,,,,,,,2024-06-14,1,,,,,"カツシカイキイキケンコウマージャンサロン",0
2375,9012401044640,01,0,2026-07-08,2026-07-08,"株式会社小俣事務所",,301,"東京都","府中市","府中町１丁目３４番地の６ボンハイム１Ｃ号室",,13,206,1830055,,,,,,,2026-07-08,1,,,,,"オマタジムショ",0
2376,9012705002402,12,0,2026-07-08,2026-07-03,"一般社団法人カウンセラーズ・オフィスとも",,399,"東京都","武蔵野市","西久保１丁目５番６号ホワイトヴィラ西久保２０１室",,13,203,1800013,,,,,,,2024-04-23,1,,,,,"カウンセラーズオフィストモ",0
2377,9013101010057,01,0,2026-07-08,2026-07-08,"株式会社ジャパンフリートサービス",,301,"東京都","福生市","東町２番地７",,13,218,1970021,,,,,,,2026-07-08,1,,,,,"ジャパンフリートサービス",0
2378,9013102001922,01,1,2026-07-08,2015-10-05,"有限会社小林建築",,302,"東京都","あきる野市","草花２９０２番地",,13,228,1970802,,,,,,,2015-10-05,1,,,,,"コバヤシケンチク",0
2379,9013301049069,01,1,2026-07-08,2022-05-13,"Ｎｉｓｓｙｏ株式会社",,301,"東京都","豊島区","池袋２丁目１７番８号天翔ＯＦＦＩＣＥ池袋西口ＡＮＮＥＸ３０１",,13,116,1710014,,,,,,,2022-05-13,0,,,,,"ニッショー",0
2380,9013301049069,12,1,2026-07-08,2026-07-03,"Ｎｉｓｓｙｏ株式会社",,301,"東京都","豊島区","南大塚１丁目６０番２０号天翔南大塚ビル７２０号室",,13,116,1700005,,,,,,,2022-05-13,1,,,,,"ニッショー",0
2381,9013301056453,01,0,2026-07-08,2026-07-08,"株式会社ＨＯＬＯＮ",,301,"東京都","豊島区","南池袋１丁目１１番１３号リフュージュＩサウス７０２号",,13,116,1710022,,,,,,,2026-07-08,1,,,,,"ホロン",0
2382,9013303008312,01,0,2026-07-08,2026-07-08,"合同会社ＴＥＳ",,305,"東京都","豊島区","東池袋１丁目１５－８フジプラザビル２－１５",,13,116,1700013,,,,,,,2026-07-08,1,,,,,"テス",0
2383,9020001074371,01,1,2026-07-08,2015-10-05,"株式会社富士一級建築士事務所",,301,"神奈川県","川崎市川崎区","田辺新田１番１号",,14,131,2100856,,,,,,,2015-10-05,1,,,,,"フジイッキュウケンチクシジムショ",0
2384,9020001142863,12,0,2026-07-08,2026-07-06,"株式会社ＣＭＤ",,301,"東京都","品川区","東五反田５丁目１０番１８号",,13,109,1410022,,,,,,,2021-09-07,1,,,,,"シーエムディー",0
2385,9020001169394,01,0,2026-07-08,2026-07-08,"株式会社ＲｏｏＭ‐Ｓｔｏｎｅ",,301,"神奈川県","横浜市磯子区","中原３丁目９番２４号",,14,107,2350036,,,,,,,2026-07-08,1,,,,,"ルームストーン",0
2386,9020001169403,01,0,2026-07-08,2026-07-08,"ＴＮＴ株式会社",,301,"神奈川県","横浜市南区","宮元町３丁目５２番地コルディア横濱サウス４０２号",,14,105,2320016,,,,,,,2026-07-08,1,,,,,"ティーエヌティー",0
2387,9020002003651,01,1,2026-07-08,2015-10-05,"有限会社緑陽",,302,"神奈川県","横浜市泉区","緑園６丁目３７番１号",,14,116,2450002,,,,,,,2015-10-05,0,,,,,"リョクヨウ",0
2388,9020002003651,12,1,2026-07-08,2026-06-23,"有限会社緑陽",,302,"神奈川県","横浜市泉区","緑園６丁目３７番地の１",,14,116,2450002,,,,,,,2015-10-05,1,,,,,"リョクヨウ",0
2389,9020003027550,12,0,2026-07-08,2026-06-29,"合同会社ＣＡＮＤＩＳＳ",,305,"神奈川県","横浜市西区","浅間町１丁目４番３号ウィザードビル４０２",,14,103,2200072,,,,,,,2025-01-17,1,,,,,"キャンディス",0
2390,9020003027781,12,0,2026-07-08,2026-06-15,"Ａｔｌｕｍ合同会社",,305,"神奈川県","横浜市港北区","綱島東１丁目２２－３ハイム匠２１２号室",,14,109,2230052,,,,,,,2025-03-06,1,,,,,"アトラム",0
2391,9021001044950,01,1,2026-07-08,2015-10-05,"株式会社ＰＯＷＥＲ　ＦＯＯＤＳ",,301,"神奈川県","鎌倉市","常盤６２８－３",,14,204,2480022,,,,,,,2015-10-05,1,,,,,"パワーフーズ",0
2392,9021001069188,12,0,2026-07-08,2026-06-15,"株式会社けやきライフさがみ",,301,"神奈川県","相模原市中央区","上溝８０８番地７（２Ｆ）",,14,152,2520243,,,,,,,2020-01-31,1,,,,,"ケヤキライフサガミ",0
2393,9021001078057,12,0,2026-07-08,2026-07-06,"ＬＩＦＥ合同会社",,305,"東京都","中央区","銀座１丁目１２番４号Ｎ＆Ｅ・ＢＬＤ．６Ｆ",,13,102,1040061,,,,,,,2023-01-27,1,,,,,"ライフ",0
2394,9021002059345,01,1,2026-07-08,2015-10-05,"有限会社日乃出家",,302,"神奈川県","平塚市","徳延１７９番地の２",,14,203,2540902,,,,,,,2015-10-05,0,,,,,"ヒノデヤ",0
2395,9021002059345,21,1,2026-07-08,2022-01-28,"有限会社日乃出家",,302,"神奈川県","平塚市","徳延１７９番地の２",,14,203,2540902,,,2022-01-28,21,,,2015-10-05,0,,,,,"ヒノデヤ",0
2396,9021002059345,22,1,2026-07-08,2026-06-09,"有限会社日乃出家",,302,"神奈川県","平塚市","徳延１７９番地の２",,14,203,2540902,,,,,,,2015-10-05,0,,,,,"ヒノデヤ",0
2397,9021002059345,12,0,2026-07-08,2026-06-09,"有限会社日乃出家",,302,"神奈川県","平塚市","徳延３丁目１１番６号",,14,203,2540902,,,,,,,2015-10-05,1,,,,,"ヒノデヤ",0
2398,9030001028707,01,1,2026-07-08,2015-10-05,"株式会社リビングワン",,301,"埼玉県","所沢市","大字松郷６３番地の１パークハイツ３１１",,11,208,3590027,,,,,,,2015-10-05,1,,,,,"リビングワン",0
2399,9030001093288,12,0,2026-07-08,2026-07-02,"株式会社Ｎｅｔ　Ｌｉｆｅ",,301,"群馬県","伊勢崎市","東本町１０２－１６Ｃ号室",,10,204,3720025,,,,,,,2015-10-05,1,,,,,"ネットライフ",0
2400,9030001123342,21,0,2026-07-08,2026-06-25,"株式会社愛波",,301,"埼玉県","吉川市","中央２丁目３８番地４",,11,243,3420061,,,2026-06-25,01,,,2017-12-07,1,,,,,"アイハ",0
2401,9030001149271,12,0,2026-07-08,2026-07-03,"株式会社ｆｔ．ｍｏｖ",,301,"東京都","世田谷区","野沢３丁目２４番３号ヴィラソレイユ１０３",,13,112,1540003,,,,,,,2022-07-20,1,,,,,"エフティモブ",0
2402,9030001173049,01,1,2026-07-08,2026-06-24,"株式会社１５１Ａ",,301,"埼玉県","幸手市","大字円藤内６６９番地１",,11,240,3400104,,,,,,,2026-06-24,1,,,,,"イチゴイチエ",0
2403,9030001173214,01,0,2026-07-08,2026-07-08,"株式会社今人カンパニー",,301,"埼玉県","越谷市","蒲生茜町２８番地２１",,11,222,3430843,,,,,,,2026-07-08,1,,,,,"イマジンカンパニー",0
2404,9030001173247,01,0,2026-07-08,2026-07-08,"株式会社暁Ｔｒｉａｄ",,301,"埼玉県","本庄市","北堀１４６７番地５",,11,211,3670031,,,,,,,2026-07-08,1,,,,,"アカツキトライアド",0
2405,9030002003551,12,0,2026-07-08,2026-06-25,"ディアヴァンテ株式会社",,301,"埼玉県","さいたま市中央区","上落合８丁目５番９号",,11,105,3380001,,,,,,,2015-10-05,1,,,,,"ディアヴァンテ",0
2406,9030002026981,01,1,2026-07-08,2015-10-05,"有限会社木村",,302,"埼玉県","蕨市","塚越３丁目１１番７号",,11,223,3350002,,,,,,,2015-10-05,1,,,,,"キムラ",0
2407,9030002112212,12,0,2026-07-08,2026-07-03,"有限会社三友",,302,"東京都","千代田区","神田和泉町１番地６－１６ヤマトビル４０５",,13,101,1010024,,,,,,,2015-10-05,1,,,,,"サンユウ",0
2408,9030003009424,12,0,2026-07-08,2026-07-03,"ムック合同会社",,305,"愛知県","稲沢市","平和町西光坊新町２番地",,23,220,4901314,,,,,,,2016-10-13,1,,,,,"ムック",0
2409,9030005003838,71,0,2026-07-08,2026-06-08,"天理教金子分教会",,399,"埼玉県","入間市","大字小谷田１０９番地１",,11,225,3580026,,,,,,"埼玉県入間市大字新久５９５番地の４天理教新久分教会（4030005003834）を合併",2015-10-05,1,,,,,,0
2410,9030005005388,12,0,2026-07-08,2026-07-03,"特定非営利活動法人新形質米普及会",,399,"栃木県","宇都宮市","砥上町４９２番地",,09,201,3200856,,,,,,,2015-10-05,1,,,,,"シンケイシツマイフキュウカイ",0
2411,9040001040504,21,0,2026-07-08,2026-06-23,"株式会社プロビデント",,301,"千葉県","流山市","向小金３丁目１４１番地の６４",,12,220,2700143,,,2026-06-23,01,,,2015-10-05,1,,,,,"プロビデント",0
2412,9040001053101,21,0,2026-07-08,2026-07-01,"ペトロサポート株式会社",,301,"埼玉県","大里郡寄居町","大字用土５９２０番地１",,11,408,3691201,,,2026-07-01,11,3040001054690,"令和８年６月１日千葉県市原市五井５９４５番地の１陽品運輸倉庫株式会社（3040001054690）に合併し解散",2015-10-05,1,,,,,"ペトロサポート",0
2413,9040001076977,21,0,2026-07-08,2026-06-26,"株式会社シャイニング",,301,"東京都","渋谷区","渋谷３丁目２７番４号ナカヤビル４０５",,13,113,1500002,,,2026-06-26,01,,,2015-10-05,1,,,,,"シャイニング",0
2414,9040001144429,01,0,2026-07-08,2026-07-08,"株式会社Ｅ‐Ｔｒａ",,301,"千葉県","松戸市","金ケ作３０６－１４１",,12,207,2702251,,,,,,,2026-07-08,1,,,,,"イートラ",0
2415,9040001144437,01,0,2026-07-08,2026-07-08,"株式会社のっち",,301,"千葉県","松戸市","上本郷３１８８番地",,12,207,2710064,,,,,,,2026-07-08,1,,,,,"ノッチ",0
2416,9040001144461,01,0,2026-07-08,2026-07-08,"株式会社柏倉重機",,301,"千葉県","千葉市稲毛区","萩台町３８１番地３",,12,103,2630012,,,,,,,2026-07-08,1,,,,,"カシワグラジュウキ",0
2417,9040001144478,01,0,2026-07-08,2026-07-08,"皇町株式会社",,301,"千葉県","千葉市中央区","中央３丁目１６番１号デュオヒルズ千葉中央１１０１号",,12,101,2600013,,,,,,,2026-07-08,1,,,,,"オウマチ",0
2418,9040002088930,12,0,2026-07-08,2026-06-24,"有限会社磐城工業",,302,"千葉県","松戸市","六高台２丁目６２番地ライフプラザ六実２０７号",,12,207,2702203,,,,,,,2015-10-05,1,,,,,"イワキコウギョウ",0
2419,9040003030346,01,0,2026-07-08,2026-07-08,"アジャイルメディカル合同会社",,305,"千葉県","船橋市","松が丘４丁目２９番５８号",,12,204,2740064,,,,,,,2026-07-08,1,,,,,"アジャイルメディカル",0
2420,9040005008530,01,1,2026-07-08,2015-10-05,"金光教君津教会",,399,"千葉県","君津市","塚原２１３番地",,12,225,2921147,,,,,,,2015-10-05,1,,,,,"コンコウキョウキミツキョウカイ",0
2421,9050001058628,01,0,2026-07-08,2026-07-08,"株式会社栗山ファーム",,301,"茨城県","龍ケ崎市","泉町１９８９番地１",,08,208,3010857,,,,,,,2026-07-08,1,,,,,"クリヤマファーム",0
2422,9050001058644,01,0,2026-07-08,2026-07-08,"ＳＴＮグループ株式会社",,301,"茨城県","つくば市","研究学園５丁目２０番地２つくばシティア・モアビル１０４号室",,08,220,3050817,,,,,,,2026-07-08,1,,,,,"エスティエヌグループ",0
2423,9050002029470,01,1,2026-07-08,2015-10-05,"有限会社坂場事務所",,302,"茨城県","鉾田市","鉾田５０６番地１",,08,234,3111517,,,,,,,2015-10-05,1,,,,,"サカバジムショ",0
2424,9050002038736,01,1,2026-07-08,2015-10-05,"有限会社筑波建工",,302,"茨城県","つくばみらい市","下平柳１１６７番地２",,08,235,3002333,,,,,,,2015-10-05,1,,,,,"ツクバケンコウ",0
2425,9050003003202,12,0,2026-07-08,2026-07-03,"合同会社さわやか",,305,"茨城県","つくば市","花畑１丁目１６番地１８メゾン花畑１０５号",,08,220,3003261,,,,,,,2016-03-01,1,,,,,"サワヤカ",0
2426,9060001016832,11,0,2026-07-08,2026-07-01,"株式会社Ｍｅｒｒｙ　Ｓｅｗｉｎｇ",,301,"栃木県","栃木市","都賀町家中３７７３番地",,09,203,3280111,,,,,,,2015-10-05,1,,,,,"メリーソーイング",0
2427,9060001027094,01,1,2026-07-08,2015-10-05,"Ｋ＆Ｍ株式会社",,301,"栃木県","宇都宮市","上戸祭町４８番地１７",,09,201,3200051,,,,,,,2015-10-05,1,,,,,"ケイアンドエム",0
2428,9060002004191,01,1,2026-07-08,2015-10-05,"有限会社三和ハウジング",,302,"栃木県","宇都宮市","御幸ケ原町８９番地２０",,09,201,3210982,,,,,,,2015-10-05,0,,,,,"サンワハウジング",0
2429,9060002004191,12,1,2026-07-08,2026-07-01,"有限会社三和ハウジング",,302,"栃木県","宇都宮市","御幸ケ原町１２８番地５カームテラス御幸Ａ棟１０２号室",,09,201,3210982,,,,,,,2015-10-05,1,,,,,"サンワハウジング",0
2430,9060002010669,12,0,2026-07-08,2026-07-01,"有限会社テックヤマモト",,302,"栃木県","塩谷郡高根沢町","大字宝積寺１８１１番地１",,09,386,3291233,,,,,,,2015-10-05,1,,,,,"テックヤマモト",0
2431,9060003006138,01,0,2026-07-08,2026-07-08,"合同会社宙美",,305,"栃木県","宇都宮市","一条１丁目３番１２号",,09,201,3200821,,,,,,,2026-07-08,1,,,,,"ソラミ",0
2432,9070001023935,21,0,2026-07-08,2026-06-30,"株式会社はりや",,301,"群馬県","吾妻郡草津町","大字草津１８番地の５",,10,426,3771711,,,2026-06-30,01,,,2015-10-05,1,,,,,"ハリヤ",0
2433,9070001032201,01,1,2026-07-08,2016-05-26,"株式会社藤生材木店",,301,"群馬県","桐生市","梅田町４丁目３３番地",,10,203,3760601,,,,,,,2016-05-26,1,,,,,"フジウザイモクテン",0
2434,9070001037761,12,0,2026-07-08,2026-06-24,"株式会社Ｅｘｔｒｅｍｅ",,301,"群馬県","伊勢崎市","堀口町２８９番地３",,10,204,3720834,,,,,,,2021-03-05,1,,,,,"エクストリーム",0
2435,9070001044262,01,0,2026-07-08,2026-07-08,"株式会社Ｎｅｘｔ　Ｌｉｇｈｔ",,301,"群馬県","高崎市","箕郷町東明屋４６０番地１",,10,202,3703106,,,,,,,2026-07-08,1,,,,,"ネクストライト",0
2436,9070001044295,01,0,2026-07-08,2026-07-08,"ＶＥＲＯ　ＰＡＲＴＮＥＲＳ株式会社",,301,"群馬県","邑楽郡大泉町","朝日３丁目２８番３０号",,10,524,3700514,,,,,,,2026-07-08,1,,,,,"ヴェロパートナーズ",0
2437,9070002036845,01,1,2026-07-08,2015-10-05,"有限会社丸東製作所",,302,"群馬県","吾妻郡中之条町","大字中之条町７６９番地３",,10,421,3770424,,,,,,,2015-10-05,1,,,,,"マルトウセイサクショ",0
2438,9070003002978,12,0,2026-07-08,2026-07-02,"四葉物産株式会社",,301,"群馬県","高崎市","中里町１３３番１",,10,202,3703532,,,,,,,2017-08-07,1,,,,,"ヨツバブッサン",0
2439,9070003006500,01,0,2026-07-08,2026-07-08,"エナジーコア合同会社",,305,"群馬県","伊勢崎市","韮塚町１２０７番地４号",,10,204,3720813,,,,,,,2026-07-08,1,,,,,"エナジーコア",0
2440,9080001019791,12,0,2026-07-08,2026-07-01,"株式会社ＹＳ機工",,301,"静岡県","静岡市清水区","鳥坂６１番地の１",,22,103,4240067,,,,,,,2015-10-05,1,,,,,"ワイエスキコウ",0
2441,9080001027687,01,0,2026-07-08,2026-07-08,"静緑株式会社",,301,"静岡県","静岡市葵区","緑町７番３５号",,22,101,4200844,,,,,,,2026-07-08,1,,,,,"セイリョク",0
2442,9080001027695,01,0,2026-07-08,2026-07-08,"株式会社一休サポート",,301,"静岡県","静岡市駿河区","南八幡町７番１５－２０３号",,22,102,4228074,,,,,,,2026-07-08,1,,,,,"イッキュウサポート",0
2443,9080005007371,12,0,2026-07-08,2026-07-02,"海外人財育成協同組合",,399,"静岡県","静岡市清水区","七ツ新屋５６４番地",,22,103,4240066,,,,,,,2021-05-14,1,,,,,"カイガイジンザイイクセイ",0
2444,9100001039820,01,0,2026-07-08,2026-07-08,"株式会社ＳＫコアプロダクト",,301,"長野県","佐久市","根々井１１３０番地３",,20,217,3850012,,,,,,,2026-07-08,1,,,,,"エスケーコアプロダクト",0
2445,9100002011002,01,1,2026-07-08,2015-10-05,"有限会社蓼科商会",,302,"長野県","北佐久郡立科町","大字宇山１７０３番地２",,20,324,3842306,,,,,,,2015-10-05,1,,,,,"タテシナショウカイ",0
2446,9100002012074,12,0,2026-07-08,2026-07-01,"有限会社野辺山高原志奈野",,302,"長野県","南佐久郡南牧村","大字野辺山３０８番地",,20,305,3841305,,,,,,,2015-10-05,0,,,,,,0
2447,9100002012074,11,0,2026-07-08,2026-07-01,"有限会社匠",,302,"長野県","南佐久郡南牧村","大字野辺山３０８番地",,20,305,3841305,,,,,,,2015-10-05,1,,,,,"タクミ",0
2448,9110001030191,21,0,2026-07-08,2026-06-29,"啓和住研株式会社",,301,"新潟県","新潟市西区","赤塚６０番地",,15,107,9502261,,,2026-06-29,01,,,2015-10-05,1,,,,,"ケイワジュウケン",0
2449,9110001032824,12,0,2026-07-08,2026-06-30,"株式会社ｂｕｄ梱包出荷サポート",,301,"新潟県","北蒲原郡聖籠町","大字蓮潟４７２９番地１",00144235,15,307,9570106,,,,,,,2017-11-17,1,,,,,"バドコンポウシュッカサポート",0
2450,9110005017375,01,0,2026-07-08,2026-07-08,"一般社団法人千の谷",,399,"新潟県","小千谷市","船岡１丁目３番２号",,15,208,9470024,,,,,,,2026-07-08,1,,,,,"センノタニ",0
2451,9120001021545,01,1,2026-07-08,2015-10-05,"株式会社プライムオオモリ",,301,"大阪府","大阪市平野区","流町４丁目１０番２５号",,27,126,5470032,,,,,,,2015-10-05,1,,,,,"プライムオオモリ",0
2452,9120001118250,21,0,2026-07-08,2026-07-02,"株式会社国永",,301,"大阪府","堺市東区","日置荘田中町４６番地１クローバーハイツ初芝ヴィプレ３１１号",,27,143,5998113,,,2026-07-02,01,,,2015-10-05,1,,,,,"コクエイ",0
2453,9120001118498,12,0,2026-07-08,2026-07-02,"株式会社ウィズウィン",,301,"大阪府","大阪市淀川区","十三東１丁目１８番１４号ジオタワー大阪十三３８０５",,27,123,5320023,,,,,,,2015-10-05,1,,,,,"ウィズウィン",0
2454,9120001140262,21,0,2026-07-08,2026-07-01,"株式会社エスビーエス",,301,"大阪府","大阪市都島区","都島本通４丁目２０番２４号",,27,102,5340021,,,2026-07-01,01,,,2015-10-05,1,,,,,"エスビーエス",0
2455,9120001255969,12,0,2026-07-08,2026-06-19,"株式会社安媛",,301,"京都府","京都市上京区","般舟院前町１３０番地",,26,102,6028473,,,,,,,2023-06-29,1,,,,,"ヤスヒメ",0
2456,9120001265266,12,0,2026-07-08,2026-07-01,"株式会社ヤマノ企画",,301,"大阪府","大阪市東淀川区","西淡路４丁目２２番１６号",,27,114,5330031,,,,,,,2024-05-27,1,,,,,"ヤマノキカク",0
2457,9120001276437,12,0,2026-07-08,2026-07-06,"炭吉株式会社",,301,"東京都","台東区","台東３丁目５番１０号－１０２－Ｓ",,13,106,1100016,,,,,,,2025-06-04,1,,,,,"スミヨシ",0
2458,9120001277030,12,0,2026-07-08,2026-07-01,"株式会社ＹＯＭＯ",,301,"大阪府","大阪市北区","浮田２丁目１番３号ＭＢＣビル２Ｆ",,27,127,5300021,,,,,,,2025-06-23,1,,,,,"ヨモ",0
2459,9120001278937,12,0,2026-07-08,2026-07-01,"大阪鶴天株式会社",,301,"大阪府","大阪市東住吉区","照ケ丘矢田２丁目６番７号１０３室",,27,121,5460021,,,,,,,2025-08-26,1,,,,,"オオサカツルテン",0
2460,9120001287582,01,0,2026-07-08,2026-07-08,"株式会社一彩",,301,"大阪府","大阪市西区","南堀江１丁目２番６号ＴＡＴＳＵＭＩ南堀江ビル４０２",,27,106,5500015,,,,,,,2026-07-08,1,,,,,"イッサイ",0
2461,9120001287632,01,0,2026-07-08,2026-07-08,"株式会社ＹＫボナンザグリッド",,301,"大阪府","大阪市浪速区","桜川１丁目２番２０－２０６号",,27,111,5560022,,,,,,,2026-07-08,1,,,,,"ワイケーボナンザグリッド",0
2462,9120001287665,01,0,2026-07-08,2026-07-08,"株式会社中野重量",,301,"大阪府","大阪市大正区","平尾３丁目１９番９号",,27,108,5510012,,,,,,,2026-07-08,1,,,,,"ナカノジュウリョウ",0
2463,9120001287715,01,0,2026-07-08,2026-07-08,"エムケーエイト株式会社",,301,"大阪府","大阪市北区","錦町２－２国労大阪会館３Ｆ",,27,127,5300034,,,,,,,2026-07-08,1,,,,,"エムケーエイト",0
2464,9120001287731,01,0,2026-07-08,2026-07-08,"株式会社ＯＵＲ　ＵＮＩＶＥＲＳＥ",,301,"大阪府","大阪市住吉区","遠里小野３丁目１番１９号カンサイドリームハイツＩＩ５０５号室",00144242,27,120,5580032,,,,,,,2026-07-08,1,,,,,"アワーユニバース",0
2465,9120002064543,01,1,2026-07-08,2015-10-05,"有限会社エーアンドシー",,302,"大阪府","大阪市西区","南堀江１丁目３番１２号",,27,106,5500015,,,,,,,2015-10-05,1,,,,,"エーアンドシー",0
2466,9120003033019,01,0,2026-07-08,2026-07-08,"合同会社ｃｏｍａｍｅ",,305,"大阪府","大阪市北区","東天満２丁目６番１－１６０５号",,27,127,5300044,,,,,,,2026-07-08,1,,,,,"コマメ",0
2467,9120005025633,01,0,2026-07-08,2026-07-08,"一般社団法人日本創生リサーチ協会",,399,"大阪府","大阪市西区","阿波座１丁目１３－１６",,27,106,5500011,,,,,,,2026-07-08,1,,,,,,0
2468,9120101000201,21,0,2026-07-08,2026-07-02,"井阪工機株式会社",,301,"大阪府","堺市堺区","南庄町２丁１番２６号",,27,141,5900008,,,2026-07-02,01,,,2015-10-05,1,,,,,"イサカコウキ",0
2469,9120101041807,21,0,2026-07-08,2026-07-01,"ハウジング・テック株式会社",,301,"大阪府","堺市北区","金岡町８９６番地１",,27,146,5918022,,,2026-07-01,01,,,2015-10-05,1,,,,,"ハウジングテック",0
2470,9120101054560,01,1,2026-07-08,2016-04-08,"株式会社あさぎり設備",,301,"大阪府","堺市南区","小代７１番地１７",,27,145,5900151,,,,,,,2016-04-08,1,,,,,"アサギリセツビ",0
2471,9120101060162,12,0,2026-07-08,2026-07-06,"株式会社総合医療サポート",,301,"大阪府","大阪市平野区","平野北１丁目１０番３１号６階",,27,126,5470041,,,,,,,2019-07-04,1,,,,,"ソウゴウイリョウサポート",0
2472,9120101073998,01,0,2026-07-08,2026-07-08,"株式会社笠井",,301,"大阪府","松原市","阿保４丁目１０番２号",,27,217,5800043,,,,,,,2026-07-08,1,,,,,"カサイ",0
2473,9120103007236,01,0,2026-07-08,2026-07-08,"合同会社いろり",,305,"大阪府","和泉市","はつが野６丁目２０－１７",,27,219,5941106,,,,,,,2026-07-08,1,,,,,"イロリ",0
2474,9120901047862,21,0,2026-07-08,2026-06-30,"インターナショナルホスピタリティコネクションズ株式会社",,301,"大阪府","箕面市","萱野４丁目３番１０号",,27,220,5620014,,,2026-06-30,01,,,2023-08-02,1,,,,,"インターナショナルホスピタリティコネクションズ",0
2475,9120901050305,12,0,2026-07-08,2026-07-06,"株式会社ＰｅａｃｅＦｌｙ",,301,"大阪府","枚方市","牧野北町６番５号",,27,210,5731149,,,,,,,2025-01-20,1,,,,,"ピースフライ",0
2476,9120901052895,01,0,2026-07-08,2026-07-08,"株式会社ＷｉｌｌＧｅａｒ",,301,"大阪府","豊中市","新千里東町１丁目４番１号阪急千里中央ビル",,27,203,5600082,,,,,,,2026-07-08,1,,,,,"ウィルギア",0
2477,9120901052912,01,0,2026-07-08,2026-07-08,"株式会社マルヤス",,301,"大阪府","吹田市","岸部北５丁目１２番９号",,27,205,5640001,,,,,,,2026-07-08,1,,,,,"マルヤス",0
2478,9120901052937,01,0,2026-07-08,2026-07-08,"株式会社Ｒｉｓｅ",,301,"大阪府","豊中市","服部西町４丁目１－９－３",,27,203,5610858,,,,,,,2026-07-08,1,,,,,"ライズ",0
2479,9120903006305,01,0,2026-07-08,2026-07-08,"合同会社浩紫",,305,"大阪府","豊中市","新千里南町３丁目７番Ｄ２－４０７号",,27,203,5600084,,,,,,,2026-07-08,1,,,,,"コウシ",0
2480,9122001030055,12,0,2026-07-08,2026-07-03,"株式会社ＨＯＫＵＳＨＩＮ",,301,"大阪府","大東市","野崎３丁目１番２３号",,27,218,5740015,,,,,,,2016-10-27,1,,,,,"ホクシン",0
2481,9122001035211,21,0,2026-07-08,2026-07-02,"株式会社ライトワークデザイン",,301,"大阪府","大阪市中央区","平野町３丁目１番６号",,27,128,5410046,,,2026-07-02,01,,,2021-10-01,1,,,,,"ライトワークデザイン",0
2482,9122001040698,01,0,2026-07-08,2026-07-08,"北本建設株式会社",,301,"大阪府","東大阪市","衣摺３丁目２番２９号",,27,227,5770827,,,,,,,2026-07-08,1,,,,,"キタモトケンセツ",0
2483,9130001025693,12,0,2026-07-08,2026-07-03,"株式会社沙羅双樹",,301,"大阪府","大阪市西区","北堀江２丁目１６番１８号",,27,106,5500014,,,,,,,2015-10-05,1,,,,,"サラソウジュ",0
2484,9130001057183,01,1,2026-07-08,2016-04-05,"株式会社ＡＲＬＩＳＳ",,301,"京都府","京都市北区","平野八丁柳町６６－５",,26,101,6038345,,,,,,,2016-04-05,1,,,,,"アーリス",0
2485,9130001062373,71,0,2026-07-08,2026-07-02,"ＭＥＤ　Ｃｏｍｍｕｎｉｃａｔｉｏｎｓ西日本株式会社",,301,"大阪府","吹田市","広芝町５番１２号",,27,205,5640052,,,,,,"令和８年７月１日大阪府枚方市御殿山町４－３菅江ビル３０１号室株式会社アイディライン（4120001222841）を合併",2018-06-21,1,,,,,"メッドコミュニケーションズニシニホン",0
2486,9130001082529,01,0,2026-07-08,2026-07-08,"バックスター株式会社",,301,"京都府","京都市右京区","花園中御門町３番地",,26,108,6168054,,,,,,,2026-07-08,1,,,,,"バックスター",0
2487,9140001071332,21,0,2026-07-08,2026-07-01,"株式会社ライト＆エム",,301,"兵庫県","西宮市","中島町２番１０号ロイヤルメゾン甲子園口ＩＩＩ１０２号室",00039995,28,204,6638105,,,2026-07-01,11,3120001097475,"令和８年７月１日兵庫県西宮市門戸東町４番５３号株式会社ロイヤルエステート（3120001097475）に合併し解散",2015-10-05,1,,,,,"ライトアンドエム",0
2488,9140001091272,01,1,2026-07-08,2015-10-05,"株式会社金剛会館",,301,"兵庫県","芦屋市","親王塚町２番１５号",,28,206,6590016,,,,,,,2015-10-05,1,,,,,"コンゴウカイカン",0
2489,9140001108398,01,1,2026-07-08,2017-12-06,"株式会社アイ・オーエスシー",,301,"兵庫県","高砂市","荒井町小松原２丁目１４番５号",,28,216,6760011,,,,,,,2017-12-06,1,,,,,"アイオーエスシー",0
2490,9140001111014,12,0,2026-07-08,2026-07-03,"株式会社おうちカンパニー",,301,"大阪府","大阪市西区","靱本町１丁目９－１５近畿富山会館ビル９階",,27,106,5500004,,,,,,,2018-08-20,1,,,,,"オウチカンパニー",0
2491,9140001129147,12,0,2026-07-08,2026-06-30,"株式会社Ｈｏｍｅ",,301,"兵庫県","西宮市","下大市東町３２番４号",,28,204,6638004,,,,,,,2023-02-17,1,,,,,"ホーム",0
2492,9140001129601,12,0,2026-07-08,2026-07-01,"株式会社ＳＦ１",,301,"大阪府","大阪市西成区","花園南１丁目３番１２号",,27,122,5570015,,,,,,,2023-04-05,1,,,,,"エスエフワン",0
2493,9140001139550,12,0,2026-07-08,2026-07-03,"株式会社Ｒｅピート",,301,"京都府","京都市南区","吉祥院定成町２３番地１クレドール洛南ＬＥＧＥＮＤ１階",,26,107,6018322,,,,,,,2025-08-04,1,,,,,"リピート",0
2494,9140003023810,01,0,2026-07-08,2026-07-08,"合同会社サージラボ",,305,"兵庫県","西宮市","池田町９－２０ブリックコート西宮６Ｆ",,28,204,6620911,,,,,,,2026-07-08,1,,,,,"サージラボ",0
2495,9140005023296,12,0,2026-07-08,2026-06-30,"医療法人広川歯科医院",,399,"兵庫県","西宮市","門戸荘１７－５０シャンベルタン女学院通り",,28,204,6620825,,,,,,,2016-12-12,1,,,,,"ヒロカワシカイイン",0
2496,9160001001568,11,0,2026-07-08,2026-07-02,"株式会社モトーレン滋賀",,301,"滋賀県","大津市","富士見台１番１０号",,25,201,5200846,,,,,,,2015-10-05,1,,,,,"モトーレンシガ",0
2497,9160003003851,01,0,2026-07-08,2026-07-08,"ＴＳＢおうみ合同会社",,305,"滋賀県","湖南市","若竹町１番地９４",,25,211,5203216,,,,,,,2026-07-08,1,,,,,"ティーエスビーオウミ",0
2498,9170001013100,12,0,2026-07-08,2026-07-06,"ＴＫＬＣ株式会社",,301,"和歌山県","有田市","野４５７番地",,30,204,6490314,,,,,,,2015-10-05,1,,,,,"ティケイエルシ",0
2499,9180001056503,01,1,2026-07-08,2015-10-05,"株式会社ＪＣブリッジ",,301,"愛知県","名古屋市西区","名西１丁目４番６号",,23,104,4510064,,,,,,,2015-10-05,1,,,,,"ジェイシーブリッジ",0
2500,9180001104501,01,1,2026-07-08,2015-10-05,"株式会社リプライス",,301,"愛知県","名古屋市中区","栄１丁目２番７号名古屋東宝ビル２階",,23,106,4600008,,,,,,,2015-10-05,0,,,,,,0
2501,9180001104501,12,1,2026-07-08,2019-01-04,"株式会社リプライス",,301,"愛知県","名古屋市中区","栄１丁目９番１６号ＮＦビルディング３階",,23,106,4600008,,,,,,,2015-10-05,1,,,,,,0
2502,9180001122528,01,1,2026-07-08,2016-03-15,"株式会社ｋａｓｈｉｍａ",,301,"愛知県","一宮市","大毛字神明廻６９番地",,23,203,4910132,,,,,,,2016-03-15,0,,,,,"カシマ",0
2503,9180001122528,12,1,2026-07-08,2016-12-07,"株式会社ｋａｓｈｉｍａ",,301,"愛知県","名古屋市西区","あし原町３７０番地",,23,104,4520823,,,,,,,2016-03-15,1,,,,,"カシマ",0
2504,9180001123732,21,0,2026-07-08,2026-07-01,"株式会社Ｃｌｅｄｕ",,301,"愛知県","名古屋市中区","丸の内２丁目１６－３丸の内Ａ・Ｔビル４階",,23,106,4600002,,,2026-07-01,11,9180001171905,"令和８年７月１日名古屋市中区錦二丁目２０番１５号広小路クロスタワー７階株式会社ＷｅｅＡｒｅ（9180001171905）に合併し解散",2016-06-14,1,,,,,"クレド",0
2505,9180001146989,12,0,2026-07-08,2026-07-01,"株式会社ＣｒｏｓｓＯｖｅｒ",,301,"愛知県","犬山市","大字犬山字東古券１９７番地３犬山ビル４０２号室",,23,215,4840083,,,,,,,2021-07-15,1,,,,,"クロスオーバー",0
2506,9180001172580,01,0,2026-07-08,2026-07-08,"株式会社ＩＮＯ　ＬＩＮＫＳ",,301,"愛知県","名古屋市中村区","名駅４丁目２４番５号第２森ビル４０１",,23,105,4500002,,,,,,,2026-07-08,1,,,,,"イノリンクス",0
2507,9180001172597,01,0,2026-07-08,2026-07-08,"株式会社八千力",,301,"愛知県","名古屋市名東区","猪子石１丁目１９０２番地の２",,23,115,4650021,,,,,,,2026-07-08,1,,,,,"ハッセンリキ",0
2508,9180001172630,01,0,2026-07-08,2026-07-08,"株式会社ｍｗｋ．",,301,"愛知県","名古屋市中区","錦３丁目１３番２５号佐藤ビル４０１",,23,106,4600003,,,,,,,2026-07-08,1,,,,,"ムークドット",0
2509,9180001172647,01,0,2026-07-08,2026-07-08,"株式会社ヒビダスサポート",,301,"愛知県","名古屋市緑区","鳴海町字山下４０番地の１",,23,114,4580801,,,,,,,2026-07-08,1,,,,,"ヒビダスサポート",0
2510,9180003030472,01,0,2026-07-08,2026-07-08,"日本コンサルティングサービス合同会社",,305,"愛知県","名古屋市千種区","神田町２５番１１号",,23,101,4640077,,,,,,,2026-07-08,1,,,,,"ニホンコンサルティングサービス",0
2511,9180003030489,01,0,2026-07-08,2026-07-08,"合同会社イデアル",,305,"愛知県","名古屋市守山区","苗代１丁目１４－１９",,23,113,4630046,,,,,,,2026-07-08,1,,,,,"イデアル",0
2512,9180003030506,01,0,2026-07-08,2026-07-08,"合同会社Ｗａｋａｎａ　ＡＩ",,305,"愛知県","名古屋市中村区","名駅４丁目２４番５号第２森ビル４０１",,23,105,4500002,,,,,,,2026-07-08,1,,,,,"ワカナエーアイ",0
2513,9180005018706,21,0,2026-07-08,2026-07-06,"一般社団法人サイクルライフマネジメント",,399,"愛知県","名古屋市中区","錦３丁目４番１２号スズワン０２ビル２階",,23,106,4600003,,,2026-07-06,01,,,2020-03-11,1,,,,,"サイクルライフマネジメント",0
2514,9180005021610,01,0,2026-07-08,2026-07-08,"行政書士法人Ａｌｐｈａｃｔ",,399,"愛知県","名古屋市中川区","太平通７丁目４番地Ｓｅｒｅｎｉｔｙ１０１号室",,23,110,4540838,,,,,,,2026-07-08,1,,,,,"アルファクト",0
2515,9180301028359,01,1,2026-07-08,2015-10-05,"株式会社天水",,301,"愛知県","豊橋市","福岡町４２番地",,23,201,4418046,,,,,,,2015-10-05,1,,,,,"テンスイ",0
2516,9200001045247,01,0,2026-07-08,2026-07-08,"愛と情熱のポータルカンパニーＺＥＡＬ株式会社",,301,"岐阜県","土岐市","土岐津町土岐口１９９１－１１",,21,212,5095122,,,,,,,2026-07-08,1,,,,,"アイトジョウネツノポータルカンパニージール",0
2517,9200003003822,12,0,2026-07-08,2026-07-01,"通用理研株式会社",,301,"岐阜県","岐阜市","鏡島東２丁目５番２２号",,21,201,5010110,,,,,,,2016-08-08,1,,,,,"ツウヨウリケン",0
2518,9200003006899,12,0,2026-07-08,2026-07-02,"ＫＴ　ＡＳＡＨＩ合同会社",,305,"岐阜県","安八郡神戸町","大字柳瀬字東新田１７８９番地２階",,21,381,5032317,,,,,,,2025-07-01,1,,,,,"ケーティーアサヒ",0
2519,9210001008632,21,0,2026-07-08,2026-07-01,"株式会社マディートレーディング",,301,"福井県","福井市","二の宮３丁目２４番２１号",,18,201,9100015,,,2026-07-01,01,,,2015-10-05,1,,,,,"マディートレーディング",0
2520,9210001010828,11,0,2026-07-08,2026-07-01,"嶺南生コン株式会社",,301,"福井県","敦賀市","櫛川８２号５番地",00077719,18,202,9140821,,,,,,,2015-10-05,1,,,,,"レイナンナマコン",0
2521,9220001003970,01,1,2026-07-08,2015-10-05,"大和コンクリート工業株式会社",,301,"石川県","金沢市","下安原町西２４３番地１",,17,201,9200371,,,,,,,2015-10-05,1,,,,,"ダイワコンクリートコウギョウ",0
2522,9220001009027,01,1,2026-07-08,2015-10-05,"株式会社エヌ・ポイント",,301,"石川県","白山市","倉部町２０１５番地",,17,210,9240007,,,,,,,2015-10-05,0,,,,,,0
2523,9220001009027,11,1,2026-07-08,2017-12-05,"株式会社アルテミス",,301,"石川県","白山市","倉部町２０１５番地",,17,210,9240007,,,,,,,2015-10-05,0,,,,,,0
2524,9220001009027,12,1,2026-07-08,2017-12-11,"株式会社アルテミス",,301,"大阪府","箕面市","彩都粟生南３丁目１－３０Ｃ５０６",,27,220,5620028,,,,,,,2015-10-05,0,,,,,,0
2525,9220001009027,12,1,2026-07-08,2023-07-05,"株式会社アルテミス",,301,"石川県","加賀市","山中温泉上原町カ２０４番地",,17,206,9220106,,,,,,,2015-10-05,1,,,,,,0
2526,9230001001577,21,0,2026-07-08,2026-07-01,"バイホロントレーディング株式会社",,301,"富山県","富山市","中大久保３５７番地の１",,16,201,9392243,,,2026-07-01,11,5230001002496,"令和８年７月１日富山市南央町３７番地の１０バイホロン株式会社（5230001002496）に合併し解散",2015-10-05,1,,,,,"バイホロントレーディング",0
2527,9240001009289,11,0,2026-07-08,2026-07-01,"ＡＬＳＯＫ広島サービス株式会社",,301,"広島県","広島市安佐南区","西原８丁目２番８号",,34,105,7310113,,,,,,,2015-10-05,1,,,,,"アルソックヒロシマサービス",0
2528,9240001066743,01,0,2026-07-08,2026-07-08,"株式会社ＩｃｈｉＬｏｇｉ",,301,"広島県","広島市西区","己斐大迫２丁目１６番２３－２号",,34,104,7330816,,,,,,,2026-07-08,1,,,,,"イチロジ",0
2529,9240001066768,01,0,2026-07-08,2026-07-08,"株式会社ＵＮＩＣＯ　ＢＡＳＥ",,301,"広島県","広島市中区","河原町１３番２号高次ビル１階",,34,101,7300856,,,,,,,2026-07-08,1,,,,,"ウニコベース",0
2530,9240002015393,01,1,2026-07-08,2015-10-05,"有限会社マキビル",,302,"広島県","広島市中区","幟町５番２１号",,34,101,7300016,,,,,,,2015-10-05,1,,,,,"マキビル",0
2531,9240003007828,01,0,2026-07-08,2026-07-08,"合同会社Ｓｅｅｄ　ＯＮＥ",,305,"広島県","広島市西区","楠木町１丁目５番３号柳川ビル４０１",,34,104,7330002,,,,,,,2026-07-08,1,,,,,"シードワン",0
2532,9250001021739,01,0,2026-07-08,2026-07-08,"株式会社Ｇｒａｎｔｚ",,301,"山口県","柳井市","新庄１０１７４番地３０",,35,212,7420033,,,,,,,2026-07-08,1,,,,,"グランツ",0
2533,9250002003224,12,0,2026-07-08,2026-07-06,"株式会社ＴＳＵＭＯＲＩ",,301,"山口県","防府市","大字新田１２３－１",,35,206,7470825,,,,,,,2015-10-05,1,,,,,"ツモリ",0
2534,9250002020574,21,0,2026-07-08,2026-06-29,"有限会社北村工務店",,302,"山口県","熊毛郡平生町","大字平生町１３８番地",,35,344,7421101,,,2026-06-29,01,,,2015-10-05,1,,,,,"キタムラコウムテン",0
2535,9250003003999,01,0,2026-07-08,2026-07-08,"合同会社Ａｌｍａ　Ｌｉｎｋ",,305,"山口県","宇部市","床波４丁目８番１５号",,35,202,7550153,,,,,,,2026-07-08,1,,,,,"アルマリンク",0
2536,9260001029252,01,1,2026-07-08,2016-02-18,"株式会社ＲＱＭ",,301,"岡山県","倉敷市","吉岡５９番地１０",,33,202,7100842,,,,,,,2016-02-18,1,,,,,"アールキューエム",0
2537,9260001040226,21,0,2026-07-08,2026-07-01,"株式会社アセット＆コレクション",,301,"岡山県","倉敷市","中島４３５番地３３",,33,202,7100803,,,2026-07-01,01,,,2025-05-29,1,,,,,"アセットアンドコレクション",0
2538,9260002016002,11,0,2026-07-08,2026-07-01,"有限会社徳建設",,302,"岡山県","岡山市北区","御津平岡西２６番地１",,33,101,7092104,,,,,,,2015-10-05,1,,,,,"ノリケンセツ",0
2539,9260003005697,01,0,2026-07-08,2026-07-08,"合同会社デザインＭｅｏ",,305,"岡山県","岡山市東区","瀬戸町旭ヶ丘３丁目２番地４２",,33,103,7090853,,,,,,,2026-07-08,1,,,,,"デザインメオ",0
2540,9270002009707,01,1,2026-07-08,2015-10-05,"有限会社赤碕清掃",,302,"鳥取県","東伯郡琴浦町","大字赤碕１９８６番地２",,31,371,6892501,,,,,,,2015-10-05,0,,,,,"アカサキセイソウ",0
2541,9270002009707,11,1,2026-07-08,2020-08-03,"株式会社赤碕トランスネット",,301,"鳥取県","東伯郡琴浦町","大字赤碕１９８６番地２",,31,371,6892501,,,,,,,2015-10-05,0,,,,,"アカサキトランスネツト",0
2542,9270002009707,12,1,2026-07-08,2020-08-03,"株式会社赤碕トランスネット",,301,"鳥取県","東伯郡琴浦町","大字八幡１７４番地１",,31,371,6892541,,,,,,,2015-10-05,0,,,,,"アカサキトランスネツト",0
2543,9270002009707,71,1,2026-07-08,2020-08-26,"株式会社赤碕トランスネット",,301,"鳥取県","東伯郡琴浦町","大字八幡１７４番地１",,31,371,6892541,,,,,,"令和２年８月２６日鳥取県東伯郡琴浦町大字赤碕１９８６番地２株式会社ぜんしん（5270001005710）を合併",2015-10-05,1,,,,,"アカサキトランスネツト",0
2544,9280005002113,01,1,2026-07-08,2015-10-05,"特定非営利活動法人はっぴいライフ",,399,"島根県","松江市","雑賀町８６番地",,32,201,6900056,,,,,,,2015-10-05,0,,,,,"ハッピイライフ",0
2545,9280005002113,12,1,2026-07-08,2020-09-25,"特定非営利活動法人はっぴいライフ",,399,"島根県","松江市","灘町１－３５白潟トーケンレジデンス５０２",,32,201,6900065,,,,,,,2015-10-05,1,,,,,"ハッピイライフ",0
2546,9280005006403,01,1,2026-07-08,2015-10-05,"特定非営利活動法人ほっと大東",,399,"島根県","雲南市","大東町新庄２８３番地１",,32,209,6991251,,,,,,,2015-10-05,1,,,,,"ホットダイトウ",0
2547,9280005007707,01,0,2026-07-08,2026-07-08,"医療法人楓仁会",,399,"島根県","松江市","西尾町１番地１１",,32,201,6900835,,,,,,,2026-07-08,1,,,,,"フウジンカイ",0
2548,9290001004310,12,0,2026-07-08,2026-06-30,"株式会社リブ",,301,"福岡県","福岡市東区","多の津１丁目９番４号",,40,131,8130034,,,,,,,2015-10-05,1,,,,,"リブ",0
2549,9290001036114,12,0,2026-07-08,2026-07-01,"株式会社Ｋコーポレーション",,301,"福岡県","北九州市八幡東区","中尾２丁目５２４番地９２",,40,108,8050025,,,,,,,2015-10-05,1,,,,,"ケイコーポレーション",0
2550,9290001105182,12,0,2026-07-08,2026-07-03,"株式会社西日本パワーエナジー",,301,"東京都","港区","虎ノ門４丁目１番１３号プライムテラス神谷町５階",,13,103,1050001,,,,,,,2024-03-22,1,,,,,"ニシニホンパワーエナジー",0
2551,9290001114737,01,0,2026-07-08,2026-07-08,"株式会社シオン",,301,"福岡県","福岡市東区","香椎浜１丁目７－４パークアベニュー２０１号室",,40,131,8130016,,,,,,,2026-07-08,1,,,,,"シオン",0
2552,9290001114745,01,0,2026-07-08,2026-07-08,"株式会社ＯＮＥ　ＨＥＡＲＴ",,301,"福岡県","福岡市早良区","田村３丁目１２番１２号",,40,137,8140175,,,,,,,2026-07-08,1,,,,,"ワンハート",0
2553,9290003014472,12,0,2026-07-08,2026-06-22,"Ｌ＆Ｃ合同会社",,305,"福岡県","福岡市西区","愛宕４丁目１７－２６－１０１室",,40,135,8190015,,,,,,,2023-10-24,1,,,,,,0
2554,9290005006732,21,0,2026-07-08,2026-06-29,"医療法人富田耳鼻咽喉科医院",,399,"福岡県","太宰府市","五条３丁目４番２７号",,40,221,8180125,,,2026-06-29,01,,,2015-10-05,1,,,,,"トミタジビインコウカイイン",0
2555,9310001016633,12,0,2026-07-08,2026-07-01,"鳥瀬住建株式会社",,301,"長崎県","佐世保市","戸尾町３番７号ウエストグローバルビル３Ｆ",,42,202,8570864,,,,,,,2020-04-06,1,,,,,"トリセジュウケン",0
2556,9310001020164,01,0,2026-07-08,2026-07-08,"株式会社ヨシダ",,301,"長崎県","長崎市","鳴見台１丁目３８番２号",,42,201,8512215,,,,,,,2026-07-08,1,,,,,"ヨシダ",0
2557,9310003005155,12,0,2026-07-08,2026-07-06,"合同会社ｉｎｋ．ｉｎｑ",,305,"福岡県","福岡市中央区","天神４丁目６番２８号いちご天神ノースビル７階",,40,133,8100001,,,,,,,2026-01-05,1,,,,,"インクインク",0
2558,9320001013951,01,1,2026-07-08,2015-10-05,"株式会社イソラ",,301,"大分県","大分市","金池町３丁目１番９６号",,44,201,8700026,,,,,,,2015-10-05,0,,,,,"イソラ",0
2559,9320001013951,12,1,2026-07-08,2016-03-18,"株式会社イソラ",,301,"大分県","宇佐市","大字四日市１２８番２",,44,211,8790471,,,,,,,2015-10-05,1,,,,,"イソラ",0
2560,9320002011731,21,0,2026-07-08,2026-07-02,"タァダァ有限会社",,302,"大分県","別府市","東荘園５丁目６番２１号",,44,202,8740836,,,2026-07-02,01,,,2015-10-05,1,,,,,"ダァダァ",0
2561,9330001000841,12,0,2026-07-08,2026-07-01,"株式会社川上六花園",,301,"熊本県","熊本市東区","若葉６丁目９番３４号",,43,102,8612103,,,,,,,2015-10-05,1,,,,,"カワカミロクカエン",0
2562,9330001034443,01,0,2026-07-08,2026-07-08,"株式会社ワークスマネジメント",,301,"熊本県","熊本市中央区","国府３丁目２１番４３号",,43,101,8620949,,,,,,,2026-07-08,1,,,,,"ワークスマネジメント",0
2563,9340001028254,01,0,2026-07-08,2026-07-08,"株式会社薩摩商会",,301,"鹿児島県","鹿児島市","南栄３丁目６番４号２階",,46,201,8910122,,,,,,,2026-07-08,1,,,,,"サツマショウカイ",0
2564,9340001028295,01,0,2026-07-08,2026-07-08,"Ｐｌａｎ　Ａ鹿児島株式会社",,301,"鹿児島県","鹿児島市","城山町１番６号ＭＢＣ城山ビル２階",,46,201,8920853,,,,,,,2026-07-08,1,,,,,"プランエーカゴシマ",0
2565,9340003005268,01,0,2026-07-08,2026-07-08,"合同会社フォーラム",,305,"鹿児島県","鹿児島市","和田３丁目２８番３号",,46,201,8910143,,,,,,,2026-07-08,1,,,,,"フォーラム",0
2566,9350001012166,21,0,2026-07-08,2026-06-30,"株式会社博楽",,301,"宮崎県","延岡市","恒富町３丁目５番地６",,45,203,8820836,,,2026-06-30,01,,,2015-10-05,1,,,,,"ハクラク",0
2567,9350001018816,12,0,2026-07-08,2026-07-03,"ＣＯＳＭＩＣＤＡＷＮ株式会社",,301,"千葉県","長生郡一宮町","一宮１００９０番地２Ａ",,12,421,2994301,,,,,,,2024-03-06,1,,,,,"コズミックドーン",0
2568,9350003005250,01,0,2026-07-08,2026-07-08,"合同会社ＡＲＫ",,305,"宮崎県","日向市","大字日知屋１２０９５番地５０",,45,206,8830062,,,,,,,2026-07-08,1,,,,,"アーク",0
2569,9370001010267,12,0,2026-07-08,2026-07-01,"株式会社北斗ビル管理",,301,"宮城県","仙台市宮城野区","小田原２丁目１番３５号",,04,102,9830803,,,,,,,2015-10-05,1,,,,,"ホクトビルカンリ",0
2570,9370001053976,01,0,2026-07-08,2026-07-08,"株式会社ＭＡＨＩｎａ",,301,"宮城県","仙台市青葉区","昭和町１番３７号",,04,101,9810913,,,,,,,2026-07-08,1,,,,,"マヒナ",0
2571,9370001053984,01,0,2026-07-08,2026-07-08,"株式会社Ｉｎｖｕｌｇａｒ",,301,"宮城県","仙台市宮城野区","福田町２丁目２０番７号",,04,102,9830023,,,,,,,2026-07-08,1,,,,,"インヴルガー",0
2572,9370002010761,21,0,2026-07-08,2026-06-30,"有限会社くすりのカトウ",,302,"宮城県","仙台市青葉区","本町２丁目１７番２３号",,04,101,9800014,,,2026-06-30,01,,,2015-10-05,1,,,,,"クスリノカトウ",0
2573,9370002011009,21,0,2026-07-08,2026-07-01,"有限会社コマツプランズ",,302,"宮城県","仙台市青葉区","昭和町３番２４号",,04,101,9810913,,,2026-07-01,01,,,2015-10-05,1,,,,,"コマツプランズ",0
2574,9370005009470,12,0,2026-07-08,2026-06-29,"一般社団法人はなやまネットワーク",,399,"宮城県","栗原市","花山字本沢滝ノ沢５８番地１",,04,213,9872511,,,,,,,2018-05-30,1,,,,,"ハナヤマネットワーク",0
2575,9380001010051,21,0,2026-07-08,2026-07-02,"ベル守谷株式会社",,301,"茨城県","土浦市","田中１丁目６番１２号",,08,203,3000048,,,2026-07-02,11,8380001004517,"令和８年６月３０日福島県郡山市鶴見坦二丁目４番５号アルファクラブ株式会社（8380001004517）に合併し解散",2015-10-05,1,,,,,"ベルモリヤ",0
2576,9390001005892,12,0,2026-07-08,2026-06-23,"ＮＡＮＡイントラーズ株式会社",,301,"山形県","山形市","中桜田３丁目６番３６号ニューセジュール１２オークス２０２",,06,201,9902422,,,,,,,2015-10-05,1,,,,,"ナナイントラーズ",0
2577,9400001004728,21,0,2026-07-08,2026-07-02,"ベル水沢株式会社",,301,"岩手県","奥州市","水沢佐倉河字東沖ノ目７４番地１",,03,215,0230003,,,2026-07-02,11,9380001007709,"令和８年６月３０日福島県郡山市開成三丁目６番１５号アルファクラブ東北株式会社（9380001007709）に合併し解散",2015-10-05,1,,,,,"ベルミズサワ",0
2578,9400001006303,01,1,2026-07-08,2015-10-05,"株式会社アールイー",,301,"岩手県","北上市","中野町２丁目２７番３７号",,03,206,0240024,,,,,,,2015-10-05,0,,,,,"アールイー",0
2579,9400001006303,12,1,2026-07-08,2026-06-24,"株式会社アールイー",,301,"岩手県","北上市","村崎野１４地割４５７番地４",,03,206,0240004,,,,,,,2015-10-05,1,,,,,"アールイー",0
2580,9400003003752,01,0,2026-07-08,2026-07-08,"合同会社Ｓｔａｎ　ｇａｒａｇｅ",,305,"岩手県","八幡平市","田頭第２８地割１１６番地１",,03,214,0287112,,,,,,,2026-07-08,1,,,,,"スタンガレージ",0
2581,9410001014544,01,0,2026-07-08,2026-07-08,"ＳＡ企画株式会社",,301,"秋田県","にかほ市","金浦字笹森１２５番地の１",,05,214,0180311,,,,,,,2026-07-08,1,,,,,"エスエイキカク",0
2582,9410002002671,11,0,2026-07-08,2026-07-01,"株式会社トゥー・ワン・コア",,301,"秋田県","秋田市","茨島４丁目４番２８号",00086561,05,201,0100065,,,,,,,2015-10-05,1,,,,,"トゥーワンコア",0
2583,9410002004065,21,0,2026-07-08,2026-06-29,"有限会社あきたメディカルケア",,302,"秋田県","秋田市","千秋中島町５番５号",,05,201,0100871,,,2026-06-29,01,,,2015-10-05,1,,,,,"アキタメディカルケア",0
2584,9420005003872,71,0,2026-07-08,2026-06-01,"小泊漁業協同組合",,399,"青森県","北津軽郡中泊町","大字小泊字大山長根１２８番地",,02,387,0370542,,,,,,"青森県北津軽郡中泊町大字小泊字下前２０７番地１下前漁業協同組合（8420005003873）を合併",2015-10-05,1,,,,,"コドマリ",0
2585,9430001096382,12,0,2026-07-08,2026-07-02,"株式会社Ｏｒｓａｎａ",,301,"北海道","札幌市白石区","本郷通８丁目北７番８号",,01,104,0030025,,,,,,,2026-03-05,1,,,,,"オルサナ",0
2586,9430001097208,01,0,2026-07-08,2026-07-08,"株式会社オブリーク",,301,"北海道","札幌市中央区","南二十五条西１３丁目２番１２号",,01,101,0640925,,,,,,,2026-07-08,1,,,,,"オブリーク",0
2587,9430001097265,01,0,2026-07-08,2026-07-08,"北海道エナジーリンク株式会社",,301,"北海道","札幌市東区","北十八条東１丁目３番３号",,01,103,0650018,,,,,,,2026-07-08,1,,,,,"ホッカイドウエナジーリンク",0
2588,9430002018229,01,1,2026-07-08,2015-10-05,"北都リフォーム有限会社",,302,"北海道","札幌市白石区","北郷二条８丁目２番１０号",,01,104,0030832,,,,,,,2015-10-05,1,,,,,"ホクトリフォーム",0
2589,9430002019268,21,0,2026-07-08,2026-07-01,"有限会社みずおち",,302,"北海道","札幌市豊平区","月寒東二条７丁目５番１７号",,01,105,0620052,,,2026-07-01,01,,,2015-10-05,1,,,,,"ミズオチ",0
2590,9430003012098,12,0,2026-07-08,2026-07-01,"合同会社ＴｒｏｕｂｌｅＫ",,305,"北海道","江別市","野幌松並町６番地の１５",,01,217,0690814,,,,,,,2020-10-28,1,,,,,"トラブルケー",0
2591,9460101007889,01,0,2026-07-08,2026-07-08,"ＳＥＡ株式会社",,301,"北海道","帯広市","東一条南５丁目２番地",,01,207,0800801,,,,,,,2026-07-08,1,,,,,"シー",0
2592,9460301002979,21,0,2026-07-08,2026-07-06,"株式会社ＦＡプロジェクト",,301,"北海道","北見市","中央三輪５丁目４２７番地３",,01,208,0900837,,,2026-07-06,01,,,2015-10-05,1,,,,,"エフエープロジェクト",0
2593,9470001011115,12,0,2026-07-08,2026-06-25,"長尾興業株式会社",,301,"香川県","さぬき市","志度字石立１０３９番地１",,37,206,7692101,,,,,,,2015-10-05,1,,,,,"ナガオコウギョウ",0
2594,9470003002120,12,0,2026-07-08,2026-06-30,"合同会社ＳＫアカデミー",,305,"香川県","丸亀市","城東町２丁目８番２２－２０５号城東ハイツ",,37,202,7630013,,,,,,,2022-01-28,1,,,,,"エスケーアカデミー",0
2595,9480001001263,12,0,2026-07-08,2026-07-01,"セントラル警備株式会社",,301,"徳島県","徳島市","南昭和町２丁目２０番地１１",,36,201,7700944,,,,,,,2015-10-05,1,,,,,"セントラルケイビ",0
2596,9480001013218,01,0,2026-07-08,2026-07-08,"株式会社ＡＸＩＯＬＡ",,301,"徳島県","徳島市","国府町矢野６８８番地",,36,201,7793126,,,,,,,2026-07-08,1,,,,,"アクシオラ",0
2597,9490002010469,01,1,2026-07-08,2015-10-05,"有限会社笹岡住建",,302,"高知県","須崎市","下分甲１０４１番地",,39,206,7850022,,,,,,,2015-10-05,1,,,,,"ササオカジュウケン",0
2598,9490003002168,01,0,2026-07-08,2026-07-08,"合同会社ひなた",,305,"高知県","高知市","介良乙３０７１番地１０",,39,201,7815106,,,,,,,2026-07-08,1,,,,,"ヒナタ",0
2599,9500002012991,01,1,2026-07-08,2015-10-05,"安全自動車有限会社",,302,"愛媛県","八幡浜市","１１９９番地の１",,38,204,7960088,,,,,,,2015-10-05,0,,,,,"アンゼンジドウシャ",0
2600,9500002012991,12,1,2026-07-08,2026-07-03,"安全自動車有限会社",,302,"愛媛県","八幡浜市","東新川１１９９番地１",,38,204,7960032,,,,,,,2015-10-05,1,,,,,"アンゼンジドウシャ",0
2601,9700150007708,12,0,2026-07-08,2026-03-23,"東京計器健康保険組合",,499,"東京都","大田区","羽田空港１丁目１－４",,13,111,1440041,,,,,,,2015-10-09,1,,,,,"トウキヨウケイキケンコウホケンクミアイ",0
2602,9700150100116,12,0,2026-07-08,2026-02-26,"ＬＡＮＫＡ　ＭＵＬＴＩ　ＴＲＡＤＩＮＧ　ＣＯＭＰＡＮＹ",,401,"千葉県","長生郡長生村","中之郷６９０－７オフィス－Ａ",,12,423,2994346,"スリランカ民主社会主義共和国、キャンディ、アクラナ、ブルゴハテンナ、アハサンアベニュー、３３６－２",,,,,,2020-08-21,1,,,,,"ランカマルチトレーデイングカンパニー",0
2603,9700150132745,01,1,2026-07-08,2025-10-28,"蘇州市呉中区万事順針織服飾有限公司",,401,"東京都","江東区","亀戸３丁目６２番１０号ＳＡＮビル４１１号室",,13,108,1360071,"中国蘇州市呉中区臨湖鎮浦庄",,,,,,2025-10-28,0,,,,,"ソシユウシゴチユウクバンジジユンシンシヨクフクシユウゲンコウシ",0
2604,9700150132745,12,1,2026-07-08,2026-01-31,"蘇州市呉中区万事順針織服飾有限公司",,401,,,,,,,,"中国蘇州市呉中区臨湖鎮浦庄",,,,,,2025-10-28,1,,,,,"ソシユウシゴチユウクバンジジユンシンシヨクフクシユウゲンコウシ",0
2605,9700150136572,01,0,2026-07-08,2026-07-08,"大学南１丁目土地区画整理組合",,499,"新潟県","新潟市西区","大学南１丁目７８１１－３",,15,107,9502111,,,,,,,2026-07-08,1,,,,,"ダイガクミナミイツチヨウメトチクカクセイリクミアイ",0
