1,1010001002200,01,1,2026-08-24,2015-10-05,"株式会社ギャラリー五辻",00049087,301,"東京都","文京区","千駄木１丁目２２番３０号",,13,105,1130022,,,,,,,2015-10-05,0,,,,,,0
2,1010001002200,12,1,2026-08-24,2026-07-23,"株式会社ギャラリー五辻",00049087,301,"東京都","文京区","千石３丁目１０番５号プレミスト文京千石５０９",,13,105,1120011,,,,,,,2015-10-05,1,,,,,,0
3,1010001035282,12,0,2026-08-24,2026-08-20,"株式会社アイスクル・ジャパン",,301,"東京都","渋谷区","道玄坂１丁目１０番８号渋谷道玄坂東急ビル２ＦーＣ",,13,113,1500043,,,,,,,2015-10-05,1,,,,,"アイスクルジャパン",0
4,1010001045975,01,1,2026-08-24,2015-10-05,"昌和輸送機株式会社",,301,"東京都","千代田区","岩本町３丁目４番６号",,13,101,1010032,,,,,,,2015-10-05,1,,,,,"ショウワユソウ",0
5,1010001053326,01,1,2026-08-24,2015-10-05,"日物株式会社",,301,"東京都","中央区","日本橋室町２丁目３番１６号",,13,102,1030022,,,,,,,2015-10-05,1,,,,,"ニチブツ",0
6,1010001090419,01,1,2026-08-24,2015-10-05,"駿台国際教育センター株式会社",,301,"東京都","千代田区","神田駿河台２丁目５番地４",,13,101,1010062,,,,,,,2015-10-05,0,,,,,,0
7,1010001090419,12,1,2026-08-24,2025-09-01,"駿台国際教育センター株式会社",,301,"東京都","千代田区","神田駿河台１丁目７番地４",,13,101,1010062,,,,,,,2015-10-05,1,,,,,,0
8,1010001094428,21,0,2026-08-24,2026-07-14,"株式会社インテージリアルワールド",,301,"東京都","千代田区","神田駿河台４丁目６番地",,13,101,1010062,,,2026-07-14,11,3010001109134,"令和８年７月１日東京都千代田区神田駿河台四丁目６番地株式会社インテージヘルスケア（3010001109134）に合併し解散",2015-10-05,1,,,,,"インテージリアルワールド",0
9,1010001218481,12,0,2026-08-24,2026-07-23,"株式会社成之丞",,301,"東京都","新宿区","百人町１丁目１８－８大久保カドビルＬｉｎｋＳｐａｃｅ百人町Ｃ０６号室",,13,104,1690073,,,,,,,2021-05-31,1,,,,,,0
10,1010001226071,01,1,2026-08-24,2022-04-27,"株式会社上海技術取引所",,301,"東京都","文京区","本郷４丁目１番７号５Ｆ",,13,105,1130033,,,,,,,2022-04-27,0,,,,,,0
11,1010001226071,21,0,2026-08-24,2026-07-28,"株式会社上海技術取引所",,301,"東京都","文京区","本郷４丁目１番７号５Ｆ",,13,105,1130033,,,2026-07-28,01,,,2022-04-27,1,,,,,,0
12,1010001260203,12,0,2026-08-24,2026-08-06,"アミッド株式会社",,301,"東京都","港区","赤坂５丁目２番３３号ＩｓａＩＡｋａｓａｋＡ１５０５",,13,103,1070052,,,,,,,2025-11-11,1,,,,,"アミッド",0
13,1010001264872,01,1,2026-08-24,2026-04-28,"株式会社ノルグローバルホールディングス",,301,"東京都","千代田区","丸の内１丁目６番６号日本生命丸の内ビル２１Ｆ",,13,101,1000005,,,,,,,2026-04-28,1,,,,,"ノルグローバルホールディングス",0
14,1010001267925,01,0,2026-08-24,2026-08-24,"アイ・ジー・ティー・インターナショナル株式会社",,301,"東京都","千代田区","有楽町２丁目７番１号有楽町イトシアビル１２Ｆ",,13,101,1000006,,,,,,,2026-08-24,1,,,,,"アイジーティーインターナショナル",0
15,1010001268238,01,0,2026-08-24,2026-08-24,"Ｍｅｒｃｕｒｙ　ｘＲＭ株式会社",,301,"東京都","千代田区","丸の内１丁目９番２号グラントウキョウサウスタワー１１階",,13,101,1000005,,,,,,,2026-08-24,1,,,,,"マーキュリーエックスアールエム",0
16,1010001268270,01,0,2026-08-24,2026-08-24,"Ｃｒｅｏ　Ａｄｖｉｓｏｒｙ株式会社",,301,"東京都","中央区","銀座１丁目２２番１１号銀座大竹ビジデンス２Ｆ",,13,102,1040061,,,,,,,2026-08-24,1,,,,,"クレオアドバイザリー",0
17,1010002053201,12,0,2026-08-24,2026-08-20,"有限会社ガイア・クリエイト",,302,"東京都","千代田区","平河町２丁目７番１号",,13,101,1020093,,,,,,,2015-10-05,1,,,,,"ガイアクリエイト",0
18,1010003048547,21,0,2026-08-24,2026-07-24,"エスティ１８合同会社",,305,"東京都","千代田区","丸の内１丁目４番１号東京共同会計事務所内",,13,101,1000005,,,2026-07-24,01,,,2025-08-27,1,,,,,"エスティジュウハチ",0
19,1010003052367,01,0,2026-08-24,2026-08-24,"合同会社ａｎｄ　ｆａｍｉｌｙ",,305,"東京都","中央区","銀座１丁目１２番４号Ｎ＆ＥＢＬＤ．６Ｆ",,13,102,1040061,,,,,,,2026-08-24,1,,,,,"アンドファミリー",0
20,1010005017153,01,1,2026-08-24,2015-10-05,"一般社団法人日本地下鉄協会",,399,"東京都","千代田区","内神田２丁目１０番１２号",,13,101,1010047,,,,,,,2015-10-05,1,,,,,"ニホンチカテツキョウカイ",0
21,1010005037127,21,0,2026-08-24,2026-07-21,"一般社団法人グリーンビルＰＪ１",,399,"東京都","中央区","日本橋１丁目４番１号",,13,102,1030027,,,2026-07-21,01,,,2023-08-16,1,,,,,"グリーンビルピージェイワン",0
22,1010103002874,01,0,2026-08-24,2026-08-24,"輝合同会社",,305,"東京都","八王子市","北野町５６９番地９",,13,201,1920906,,,,,,,2026-08-24,1,,,,,"カガヤキ",0
23,1010401094663,12,0,2026-08-24,2026-08-20,"株式会社ｔｈｅ　ｏｌｄ　ｈｏｕｓｅ",,301,"石川県","小松市","滝ケ原町タ４番地",,17,203,9230335,,,,,,,2015-10-05,1,,,,,"ジオールドハウス",0
24,1010401120460,12,0,2026-08-24,2026-08-20,"株式会社セルフプラス",,301,"東京都","練馬区","春日町６丁目８番５号",,13,120,1790074,,,,,,,2015-10-05,1,,,,,"セルフプラス",0
25,1010401173797,12,0,2026-08-24,2026-07-22,"株式会社ＨＥＲＩＴＡＧＥ　Ｇｒｏｕｐ",,301,"東京都","港区","芝３丁目１７番１０号高波マンション２０２",,13,103,1050014,,,,,,,2023-04-17,1,,,,,"ヘリテージグループ",0
26,1010403017556,01,1,2026-08-24,2017-11-06,"合同会社レクルリアン",,305,"東京都","港区","芝浦４丁目１９番１号",,13,103,1080023,,,,,,,2017-11-06,0,,,,,"レクルリアン",0
27,1010403017556,12,1,2026-08-24,2026-07-21,"合同会社レクルリアン",,305,"東京都","港区","芝浦４丁目１９番１－１６０４号",,13,103,1080023,,,,,,,2017-11-06,1,,,,,"レクルリアン",0
28,1010405015021,12,0,2026-08-24,2026-07-17,"一般社団法人日本ＲＰＡ協会",,399,"東京都","港区","西新橋３丁目３番１号",,13,103,1050003,,,,,,,2016-08-16,1,,,,,"ニホンアールピーエーキョウカイ",0
29,1010405026076,01,0,2026-08-24,2026-08-24,"アビエーターＤＦＧ一般社団法人",,399,"東京都","港区","元赤坂１丁目１番７－１２０９号株式会社赤坂国際会計内",,13,103,1070051,,,,,,,2026-08-24,1,,,,,"アビエーターディーエフジー",0
30,1010601043718,12,0,2026-08-24,2026-08-19,"株式会社エースウォード",,301,"東京都","新宿区","西新宿３丁目３番１３号西新宿水間ビル６階",,13,104,1600023,,,,,,,2015-10-05,1,,,,,"エースウォード",0
31,1010603012423,01,0,2026-08-24,2026-08-24,"合同会社ルーツ",,305,"東京都","江東区","大島８丁目１９番１６号ＴＯＫＹＯβ大島４２０１",,13,108,1360072,,,,,,,2026-08-24,1,,,,,"ルーツ",0
32,1010701026589,21,0,2026-08-24,2026-07-21,"株式会社ＢＥＥＮＯＳ　Ｐａｒｔｎｅｒｓ",,301,"東京都","品川区","西五反田８丁目４番１３号",,13,109,1410031,,,2026-07-21,11,5010701020605,"令和８年７月１日東京都品川区西五反田八丁目４番１３号ＢＥＥＮＯＳ株式会社（5010701020605）に合併し解散",2015-10-05,1,,,,,"ビーノスパートナーズ",0
33,1010702009956,12,0,2026-08-24,2026-07-29,"有限会社エスケイワーク",,302,"東京都","品川区","旗の台１丁目６番１８号豊会計事務所内",,13,109,1420064,,,,,,,2015-10-05,1,,,,,,0
34,1010705000458,21,0,2026-08-24,2026-07-23,"五反田文化会館協同組合",,399,"東京都","品川区","西五反田１丁目３２番２号",,13,109,1410031,,,2026-07-23,01,,,2015-10-05,1,,,,,"ゴタンダブンカカイカン",0
35,1010805000250,01,1,2026-08-24,2015-10-05,"八幡神社",,399,"東京都","大田区","仲池上１丁目１４番２２号",,13,111,1460081,,,,,,,2015-10-05,1,,,,,"ハチマンジンジャ",0
36,1010901018056,71,0,2026-08-24,2026-08-03,"株式会社青山美肌",,301,"東京都","目黒区","青葉台１丁目３０番１１号",,13,110,1530042,,,,,,"令和８年８月１日東京都渋谷区恵比寿南三丁目４番１６号アイトリアノン８０１号株式会社アビスタイル（1020001108888）を合併",2015-10-05,1,,,,,"アオヤマビハダ",0
37,1011001106354,01,1,2026-08-24,2015-10-05,"株式会社アルタ",,301,"東京都","目黒区","下目黒４丁目２０番３７号",,13,110,1530064,,,,,,,2015-10-05,1,,,,,"アルタ",0
38,1011001106866,12,0,2026-08-24,2026-08-05,"株式会社ＯＸＮＹ　ＬＡＢ",,301,"東京都","渋谷区","渋谷１丁目２４－７",,13,113,1500002,,,,,,,2015-10-05,1,,,,,"オックスニーラボ",0
39,1011001112583,21,0,2026-08-24,2026-08-03,"株式会社ＳＵＭＭＥＲ　ＳＥＡＳＯＮ",,301,"東京都","目黒区","青葉台３丁目６番１６号ＨＦ青葉台ビル５階",,13,110,1530042,,,2026-08-03,11,5010401117858,"令和８年８月１日東京都目黒区青葉台三丁目６番１６号ＨＦ青葉台ビル５階株式会社ディスカバリー・ネクスト（5010401117858）に合併し解散",2016-09-06,1,,,,,"サマーシーズン",0
40,1011001135403,11,0,2026-08-24,2026-08-03,"株式会社ケノヒ",,301,"東京都","渋谷区","初台２丁目１４－１５ＡＡビルＢ１",,13,113,1510061,,,,,,,2020-08-25,1,,,,,"ケノヒ",0
41,1011001142176,21,0,2026-08-24,2026-08-03,"アイベックスカード株式会社",,301,"東京都","渋谷区","渋谷３丁目１７番４号山口ビル３Ｆ",,13,113,1500002,,,2026-08-03,11,2020001034919,"令和８年８月１日東京都渋谷区渋谷三丁目１７番４号山口ビル３Ｆ株式会社アイベックス（2020001034919）に合併し解散",2021-08-12,1,,,,,"アイベックスカード",0
42,1011001144313,12,0,2026-08-24,2026-08-19,"株式会社ＦｏｒＮ",,301,"東京都","港区","北青山１丁目３番１号",,13,103,1070061,,,,,,,2021-12-03,1,,,,,"フォーン",0
43,1011001157769,12,0,2026-08-24,2026-08-20,"ＣＩＣＩＢＥＬＬＡ株式会社",,301,"東京都","品川区","西品川３丁目１９－６リビングライフ大崎ビル４Ｆ",,13,109,1410033,,,,,,,2023-10-27,1,,,,,"シシベラ",0
44,1011001179796,01,0,2026-08-24,2026-08-24,"株式会社八轟",,301,"東京都","渋谷区","神宮前２丁目２８番５号",,13,113,1500001,,,,,,,2026-08-24,1,,,,,"ヤゴウ",0
45,1011005007557,21,0,2026-08-24,2026-08-03,"特定非営利活動法人合気道無限塾東京",,399,"東京都","目黒区","南３丁目１３番５－１０５号ソアラノーム大岡山",,13,110,1520013,,,2026-08-03,01,,,2018-02-21,1,,,,,"アイキドウムゲンジュクトウキョウ",0
46,1011005011583,01,0,2026-08-24,2026-08-24,"一般財団法人ＡＬＢＡ歯学財団",,399,"東京都","渋谷区","渋谷１丁目２４番４号",,13,113,1500002,,,,,,,2026-08-24,1,,,,,"アルバシガクザイダン",0
47,1011101073107,12,0,2026-08-24,2026-08-19,"ジェノプランジャパン株式会社",,301,"東京都","中央区","日本橋久松町９－８Ｂｉｚｆｅｅｌ東日本橋４Ｆ",,13,102,1030005,,,,,,,2015-10-05,1,,,,,"ジェノプランジャパン",0
48,1011101083980,21,0,2026-08-24,2026-07-27,"株式会社Ｆｅｌｌｏｗ’ｓ　ｃｉｒｃｌｅ",,301,"東京都","新宿区","北新宿３丁目２９番１４号",,13,104,1690074,,,2026-07-27,01,,,2018-04-26,1,,,,,"フェローズサークル",0
49,1011101096140,12,0,2026-08-24,2026-07-23,"株式会社ＭＡＲＵＡＣＨＩ",,301,"東京都","新宿区","住吉町４－１、２０１号",,13,104,1620065,,,,,,,2021-09-01,1,,,,,"マルアチ",0
50,1011101117020,01,0,2026-08-24,2026-08-24,"株式会社ＤｏＤｏ",,301,"東京都","新宿区","新宿２丁目８番１５号パークフロント新宿２０２号室",,13,104,1600022,,,,,,,2026-08-24,1,,,,,"ドゥードゥー",0
51,1011101117185,01,0,2026-08-24,2026-08-24,"Ｓｈｉｒｏ　Ｌａｂ株式会社",,301,"東京都","新宿区","新宿２丁目８番１５号パークフロント新宿２０２号室",,13,104,1600022,,,,,,,2026-08-24,1,,,,,"シロラボ",0
52,1011103017904,01,0,2026-08-24,2026-08-24,"Ｓｏｌｉｄ　Ａｓｓｅｔ　Ｊａｐａｎ合同会社",,305,"東京都","新宿区","西新宿３丁目３番１３号西新宿水間ビル２Ｆ",,13,104,1600023,,,,,,,2026-08-24,1,,,,,"ソリッドアセットジャパン",0
53,1011105011921,01,0,2026-08-24,2026-08-24,"一般社団法人まちづくりピースボート",,399,"東京都","新宿区","高田馬場３丁目１３－１ノークビルＢ１",,13,104,1690075,,,,,,,2026-08-24,1,,,,,"マチヅクリピースボート",0
54,1011105011946,01,0,2026-08-24,2026-08-24,"弁護士法人中嶋法律事務所",,399,"東京都","新宿区","岩戸町７番地１牛込神楽坂駅前ビル５階",,13,104,1620832,,,,,,,2026-08-24,1,,,,,"ナカジマホウリツジムショ",0
55,1011301003342,01,1,2026-08-24,2015-10-05,"株式会社州建築構造設計",,301,"東京都","杉並区","荻窪５丁目２２番９号",,13,115,1670051,,,,,,,2015-10-05,0,,,,,"シュウケンチクコウゾウセッケイ",0
56,1011301003342,12,1,2026-08-24,2016-06-01,"株式会社州建築構造設計",,301,"東京都","杉並区","荻窪５丁目１７番６号トーワビル３０３号",,13,115,1670051,,,,,,,2015-10-05,1,,,,,"シュウケンチクコウゾウセッケイ",0
57,1011403005138,01,1,2026-08-24,2026-05-25,"合同会社ルクス",,305,"東京都","板橋区","稲荷台２６番１７－５０２号",,13,119,1730002,,,,,,,2026-05-25,1,,,,,"ルクス",0
58,1011502007778,01,1,2026-08-24,2015-10-05,"有限会社金運",,302,"東京都","荒川区","南千住２丁目７番１号",,13,118,1160003,,,,,,,2015-10-05,1,,,,,"カネウン",0
59,1011502010229,21,0,2026-08-24,2026-08-21,"有限会社ナカヨシコーポレーション",,302,"東京都","荒川区","西日暮里５丁目１１番７号宮原ビル１０１",,13,118,1160013,,,2026-08-21,01,,,2015-10-05,1,,,,,"ナカヨシコーポレーション",0
60,1011503006399,12,0,2026-08-24,2026-08-20,"麒之楓合同会社",,305,"東京都","台東区","寿１丁目１９番８号９０１室",,13,106,1110042,,,,,,,2025-01-30,1,,,,,"キノフウ",0
61,1011601013280,01,1,2026-08-24,2015-10-05,"株式会社三五商店",,301,"東京都","練馬区","富士見台４丁目１９番１号",,13,120,1770034,,,,,,,2015-10-05,1,,,,,"サンゴショウテン",0
62,1011603005235,01,0,2026-08-24,2026-08-24,"ＹＳＤ　Ｈｏｌｄｉｎｇｓ合同会社",,305,"東京都","練馬区","氷川台４丁目４４番１８－４０４号",,13,120,1790084,,,,,,,2026-08-24,1,,,,,"ワイエスディホールディングス",0
63,1011605000176,01,1,2026-08-24,2015-10-05,"天理教都大分教会",,399,"東京都","練馬区","大泉学園町７丁目１５番１２号",,13,120,1780061,,,,,,,2015-10-05,1,,,,,"テンリキョウトダイブンキョウカイ",0
64,1011801048291,01,0,2026-08-24,2026-08-24,"株式会社ＫｅｔＰａｓｓ",,301,"東京都","葛飾区","四つ木１丁目１５－７ＢＩＺｃｏｍｆｏｒｔ四ツ木Ｃ２２",,13,122,1240011,,,,,,,2026-08-24,1,,,,,"ケットパス",0
65,1013103001474,12,0,2026-08-24,2026-08-20,"合同会社みなひかり",,305,"東京都","東大和市","立野１丁目１６番地の１７",,13,220,2070021,,,,,,,2025-07-22,1,,,,,"ミナヒカリ",0
66,1013305000613,21,0,2026-08-24,2026-08-12,"職業訓練法人東京都菓子学園",,399,"東京都","豊島区","北大塚２丁目２９番５大塚ダイカンプラザ４０１号",,13,116,1700004,,,2026-08-12,01,,,2015-10-05,1,,,,,"トウキョウトカシガクエン",0
67,1020001004229,21,0,2026-08-24,2026-08-03,"株式会社常盤石材",,301,"神奈川県","横浜市港南区","日野中央１丁目１２番３号",,14,111,2340053,,,2026-08-03,11,5020001087708,"令和８年８月１日横浜市港南区日野中央一丁目１２番３号株式会社小林石材店（5020001087708）に合併し解散",2015-10-05,1,,,,,"トキワセキザイ",0
68,1020001040802,21,0,2026-08-24,2026-08-03,"エム・エス・イー株式会社",,301,"神奈川県","横浜市金沢区","幸浦２丁目１２番２０",,14,108,2360003,,,2026-08-03,11,2020001112212,"令和８年８月１日横浜市金沢区幸浦二丁目１２番地２０株式会社森下機械製作所（2020001112212）に合併し解散",2015-10-05,1,,,,,"エムエスイー",0
69,1020001058233,01,1,2026-08-24,2015-10-05,"株式会社セラグレーズ",,301,"神奈川県","横浜市港南区","上永谷６丁目３番１０号",,14,111,2330012,,,,,,,2015-10-05,1,,,,,"セラグレーズ",0
70,1020001075154,11,0,2026-08-24,2026-08-03,"株式会社ＦＴＢＰプロフェショナルズ",,301,"神奈川県","川崎市幸区","鹿島田１丁目１番２号",,14,132,2120058,,,,,,,2015-10-05,1,,,,,"エフティビーピープロフェショナルズ",0
71,1020001108888,21,0,2026-08-24,2026-08-03,"株式会社アビスタイル",,301,"東京都","渋谷区","恵比寿南３丁目４番１６号アイトリアノン８０１号",,13,113,1500022,,,2026-08-03,11,1010901018056,"令和８年８月１日東京都目黒区青葉台一丁目３０番１１号株式会社青山美肌（1010901018056）に合併し解散",2015-10-05,1,,,,,"アビスタイル",0
72,1020001168833,12,0,2026-08-24,2026-07-31,"株式会社新里工業",,301,"神奈川県","横浜市鶴見区","鶴見中央４丁目２８番１７号",,14,101,2300051,,,,,,,2026-06-02,1,,,,,"シンザトコウギョウ",0
73,1020001170062,01,0,2026-08-24,2026-08-24,"株式会社ｄｉｃｅ",,301,"神奈川県","川崎市麻生区","片平５丁目９番１０－２号",,14,137,2150023,,,,,,,2026-08-24,1,,,,,"ダイス",0
74,1020001170087,01,0,2026-08-24,2026-08-24,"株式会社Ｋ．Ｕリアルエステート",,301,"神奈川県","横浜市神奈川区","鶴屋町２丁目９番２２号日興パレス横浜２０６",,14,102,2210835,,,,,,,2026-08-24,1,,,,,"ケーユーリアルエステート",0
75,1020001170095,01,0,2026-08-24,2026-08-24,"株式会社オークバリュー",,301,"神奈川県","横浜市都筑区","北山田１丁目１０番５号ヴィ・ド・カンパーニュ港北ル・ソレイユ２Ｆ－１２",,14,118,2240021,,,,,,,2026-08-24,1,,,,,"オークバリュー",0
76,1020002001778,01,1,2026-08-24,2015-10-05,"有限会社トシ・メンテナンス",,302,"神奈川県","横浜市瀬谷区","阿久和東２丁目６０番地１",,14,114,2460023,,,,,,,2015-10-05,1,,,,,"トシメンテナンス",0
77,1021001088889,01,0,2026-08-24,2026-08-24,"株式会社良照",,301,"神奈川県","厚木市","松枝１丁目４番２１号",,14,212,2430005,,,,,,,2026-08-24,1,,,,,"リョウショウ",0
78,1021001088963,01,0,2026-08-24,2026-08-24,"悠生電工株式会社",,301,"神奈川県","小田原市","延清２２５番地２",,14,206,2500218,,,,,,,2026-08-24,1,,,,,"ユウセイデンコウ",0
79,1021002037408,01,1,2026-08-24,2015-10-05,"有限会社一の家",,302,"神奈川県","秦野市","尾尻９３２番地１４",,14,211,2570011,,,,,,,2015-10-05,1,,,,,"イチノヤ",0
80,1030001084063,12,0,2026-08-24,2026-08-18,"株式会社ａ‐ｎｅｘｔ",,301,"東京都","新宿区","北新宿１丁目１２番１１号５階",,13,104,1690074,,,,,,,2015-10-05,1,,,,,"エーネクスト",0
81,1030001135568,12,0,2026-08-24,2026-08-06,"株式会社ハスグル建設",,301,"埼玉県","草加市","青柳７丁目２番１４－１号",,11,221,3400002,,,,,,,2020-03-13,1,,,,,"ハスグルケンセツ",0
82,1030001141491,11,0,2026-08-24,2026-08-06,"リアンクロス株式会社",,301,"埼玉県","新座市","新座２丁目１７番９号",,11,230,3520006,,,,,,,2021-04-05,1,,,,,"リアンクロス",0
83,1030001173824,01,0,2026-08-24,2026-08-24,"株式会社ＦＵＫＵＤＡ",,301,"埼玉県","越谷市","花田５丁目１番地２３プレジデントマンション１０３",,11,222,3430015,,,,,,,2026-08-24,1,,,,,"フクダ",0
84,1030001173873,01,0,2026-08-24,2026-08-24,"しょうわ産業株式会社",,301,"埼玉県","春日部市","金崎６５９番地１、２階",,11,214,3440117,,,,,,,2026-08-24,1,,,,,"ショウワ",0
85,1030001173881,01,0,2026-08-24,2026-08-24,"Ｆｏｒａｌｇｏ株式会社",,301,"埼玉県","飯能市","大字前ヶ貫２７４番地２",,11,209,3570043,,,,,,,2026-08-24,1,,,,,"フォラルゴ",0
86,1030003007468,12,0,2026-08-24,2026-08-17,"合同会社サイサリス",,305,"愛知県","名古屋市中区","千代田４丁目１９番４号",,23,106,4600012,,,,,,,2015-10-05,1,,,,,"サイサリス",0
87,1030003029826,01,0,2026-08-24,2026-08-24,"オオサカアセット合同会社",,305,"埼玉県","北足立郡伊奈町","大字小室９９６９番地１",,11,301,3620806,,,,,,,2026-08-24,1,,,,,"オオサカアセット",0
88,1030005014875,12,0,2026-08-24,2026-08-05,"日高市管工事業協同組合",,399,"埼玉県","日高市","大字中沢５７６番地６",,11,242,3501226,,,,,,,2015-10-05,1,,,,,"ヒダカシカンコウジ",0
89,1030005022606,01,0,2026-08-24,2026-08-24,"特定非営利活動法人しまのかぜ",,399,"埼玉県","川越市","霞ケ関東１丁目４番１１号シャルム２Ｆ",,11,201,3501103,,,,,,,2026-08-24,1,,,,,"シマノカゼ",0
90,1040001043877,01,1,2026-08-24,2015-10-05,"株式会社大和製作所",,301,"千葉県","白井市","河原子２４４番地の１",,12,232,2701403,,,,,,,2015-10-05,1,,,,,"ダイワセイサクショ",0
91,1040001096124,01,1,2026-08-24,2016-07-15,"株式会社マルヤ",,301,"千葉県","市川市","押切４番８号",,12,203,2720107,,,,,,,2016-07-15,1,,,,,"マルヤ",0
92,1040001114694,12,0,2026-08-24,2026-07-31,"アイエスホーム株式会社",,301,"千葉県","大網白里市","みずほ台１丁目４３番地４",,12,239,2993234,,,,,,,2020-08-14,1,,,,,"アイエスホーム",0
93,1040001134180,12,0,2026-08-24,2026-08-20,"山岡商事株式会社",,301,"東京都","北区","中里１丁目７－５コスモ駒込３０１",,13,117,1140015,,,,,,,2024-06-24,1,,,,,"ヤマオカショウジ",0
94,1040002014225,12,0,2026-08-24,2026-08-13,"有限会社ワールド美術塗装",,302,"千葉県","千葉市若葉区","加曽利町１８３番地２",,12,104,2640017,,,,,,,2015-10-05,1,,,,,"ワールドビジュツトソウ",0
95,1040002019323,21,0,2026-08-24,2026-08-03,"有限会社ヤマヨシ",,302,"千葉県","習志野市","大久保４丁目５番１７号",,12,216,2750011,,,2026-08-03,01,,,2015-10-05,1,,,,,"ヤマヨシ",0
96,1040002067347,21,0,2026-08-24,2026-08-03,"有限会社鳶近藤工業",,302,"千葉県","木更津市","中里１６８番地",,12,206,2920064,,,2026-08-03,01,,,2015-10-05,1,,,,,"トビコンドウコウギョウ",0
97,1040005023256,01,0,2026-08-24,2026-08-24,"一般社団法人ＥＳＰ協会",,399,"千葉県","千葉市中央区","栄町３５番地１４シンテイ千葉ビル５Ｆ－２",,12,101,2600016,,,,,,,2026-08-24,1,,,,,"イーエスピーキョウカイ",0
98,1050001058833,01,0,2026-08-24,2026-08-24,"リノ・トラスト株式会社",,301,"茨城県","つくば市","筑穂３丁目１０番地３",,08,220,3003257,,,,,,,2026-08-24,1,,,,,"リノトラスト",0
99,1060001037638,12,0,2026-08-24,2026-08-20,"イリス株式会社",,301,"東京都","港区","南青山３丁目１番３６号青山丸竹ビル６Ｆ",,13,103,1070062,,,,,,,2024-11-07,1,,,,,"イリス",0
100,1060003006186,01,0,2026-08-24,2026-08-24,"ステップサポート合同会社",,305,"栃木県","河内郡上三川町","大字大山南浦６１７番地７",,09,301,3290525,,,,,,,2026-08-24,1,,,,,"ステップサポート",0
101,1070001015080,21,0,2026-08-24,2026-08-17,"株式会社アシストエモーション",,301,"群馬県","伊勢崎市","東小保方町３６０４番地２",,10,204,3792234,,,2026-08-17,01,,,2015-10-05,1,,,,,"アシストエモーション",0
102,1080101026464,01,0,2026-08-24,2026-08-24,"株式会社Ｐｅａｒｌ　ｇｒｏｕｐ",,301,"静岡県","富士市","加島町５番１７号ＧＳビル２Ｆ",,22,210,4160912,,,,,,,2026-08-24,1,,,,,"パールグループ",0
103,1090001016977,01,1,2026-08-24,2021-05-12,"株式会社Ｋａｍｉｎａ",,301,"山梨県","中央市","布施３９２４番地１",,19,214,4093841,,,,,,,2021-05-12,1,,,,,"カミナ",0
104,1100003008913,01,0,2026-08-24,2026-08-24,"合同会社ＭｏｖｅＸ",,305,"長野県","佐久市","岩村田７０番地１３メゾンせんろく２０２",,20,217,3850022,,,,,,,2026-08-24,1,,,,,"ムーブエックス",0
105,1110001008591,01,1,2026-08-24,2015-10-05,"株式会社ユニオン電化サポート",,301,"新潟県","新潟市秋葉区","矢代田１１３８番地３９",,15,105,9560113,,,,,,,2015-10-05,1,,,,,"ユニオンデンカサポート",0
106,1110001029324,21,0,2026-08-24,2026-08-18,"株式会社ＯＦＦＩＣＥ　ＳＡＩＴＯ",,301,"新潟県","新発田市","大栄町５丁目６番３１号",,15,206,9570056,,,2026-08-18,01,,,2015-10-05,1,,,,,"オフィスサイトー",0
107,1120001014283,12,0,2026-08-24,2026-08-17,"イズテック株式会社",,301,"大阪府","大阪市中央区","久太郎町４丁目１番３号",,27,128,5410056,,,,,,,2015-10-05,1,,,,,"イズテック",0
108,1120001174747,12,0,2026-08-24,2026-08-14,"株式会社ＭｉＲｉＴａ",,301,"大阪府","大阪市中央区","久太郎町２丁目１番４－２６０２号",,27,128,5410056,,,,,,,2015-10-05,1,,,,,"ミリタ",0
109,1120001206599,12,0,2026-08-24,2026-08-06,"株式会社ユニオン",,301,"大阪府","大阪市住之江区","緑木１丁目１番２８号",,27,125,5590022,,,,,,,2017-06-30,1,,,,,"ユニオン",0
110,1120001270488,12,0,2026-08-24,2026-08-18,"株式会社７",,301,"大阪府","大阪市福島区","大開１丁目１３番３５号４階",,27,103,5530007,,,,,,,2024-11-22,1,,,,,"セブン",0
111,1120001274646,21,0,2026-08-24,2026-08-20,"株式会社木之源",,301,"大阪府","泉佐野市","上町３丁目１０番１５号４階",,27,213,5980007,,,2026-08-20,01,,,2025-04-21,1,,,,,"キノゲン",0
112,1120001275611,12,0,2026-08-24,2026-08-21,"銘利成株式会社",,301,"大阪府","大阪市天王寺区","味原町１４番２３号Ｃｏｌｏｒ鶴橋ビル４０１",,27,109,5430023,,,,,,,2025-05-13,1,,,,,"メイリセイ",0
113,1120001288621,01,0,2026-08-24,2026-08-24,"株式会社Ｇ‐ＰＯＰ",,301,"大阪府","大阪市北区","梅田１丁目２番２号大阪駅前第２ビル１２－１２",,27,127,5300001,,,,,,,2026-08-24,1,,,,,"ジーポップ",0
114,1120001288646,01,0,2026-08-24,2026-08-24,"株式会社Ｓｗｅｅｔ　Ｇｌｏｂａｌ　Ｊａｐａｎ",,301,"大阪府","大阪市城東区","諏訪３丁目１番８号",,27,118,5360021,,,,,,,2026-08-24,1,,,,,"スイートグローバルジャパン",0
115,1120003028050,12,0,2026-08-24,2026-07-24,"合同会社ｎｏａ",,305,"大阪府","大阪市中央区","瓦町４丁目３－９ユーロハイツ本町３０１",,27,128,5410048,,,,,,,2024-11-27,1,,,,,"ノア",0
116,1120005020253,12,0,2026-08-24,2026-08-20,"一般社団法人よ・つ・ば民事信託協会大阪",,399,"大阪府","堺市北区","百舌鳥赤畑町１丁３４番地１０双葉ビル２０３号",,27,146,5918037,,,,,,,2018-06-25,1,,,,,"ヨツバミンジシンタクキョウカイオオサカ",0
117,1120101071786,11,0,2026-08-24,2026-08-20,"株式会社ＲＩＳＴＹ",,301,"大阪府","堺市北区","北花田町３丁３５番地１０",,27,146,5918002,,,,,,,2025-06-04,1,,,,,"リスティ",0
118,1120903006361,01,0,2026-08-24,2026-08-24,"合同会社ヒガミ加工",,305,"大阪府","高槻市","下田部町２丁目４０番１号",,27,207,5690062,,,,,,,2026-08-24,1,,,,,"ヒガミカコウ",0
119,1130001043678,01,1,2026-08-24,2015-10-05,"株式会社舞鶴社交センター",,301,"京都府","舞鶴市","字浜１５７番地",,26,202,6250036,,,,,,,2015-10-05,1,,,,,"マイヅルシャコウセンター",0
120,1130001082791,01,0,2026-08-24,2026-08-24,"株式会社リンクス",,301,"京都府","京都市伏見区","淀美豆町２６５番地１０",,26,109,6130916,,,,,,,2026-08-24,1,,,,,"リンクス",0
121,1130001082809,01,0,2026-08-24,2026-08-24,"株式会社山雅",,301,"京都府","久世郡久御山町","東一口５６番地",,26,322,6130021,,,,,,,2026-08-24,1,,,,,"ヤママサ",0
122,1130005005088,12,0,2026-08-24,2026-07-28,"特定非営利活動法人京都高瀬川繁栄会",,399,"京都府","京都市中京区","蛸薬師通河原町東入備前島町３１７番地１の２",,26,104,6048023,,,,,,,2015-10-05,1,,,,,"キョウトタカセガワハンエイカイ",0
123,1130005008545,01,1,2026-08-24,2015-10-05,"高倉神社",,399,"京都府","木津川市","山城町綺田神ノ木４８番地",,26,214,6190201,,,,,,,2015-10-05,1,,,,,"タカクラジンジャ",0
124,1130005011904,21,0,2026-08-24,2026-07-31,"特定非営利活動法人インターナショナル愛の気",,399,"京都府","舞鶴市","田中町３８番地の４",,26,202,6250024,,,2026-07-31,01,,,2015-10-05,1,,,,,"インターナショナルアイノキ",0
125,1140001002476,11,0,2026-08-24,2026-08-13,"株式会社ＨｏＮ",,301,"兵庫県","神戸市東灘区","住吉宮町２丁目１９番１１号",,28,101,6580053,,,,,,,2015-10-05,1,,,,,"エイチオーエヌ",0
126,1140001015123,01,1,2026-08-24,2015-10-05,"株式会社ストリート",,301,"兵庫県","神戸市北区","鈴蘭台西町４丁目８番８号",,28,109,6511114,,,,,,,2015-10-05,1,,,,,"ストリート",0
127,1140001021617,21,0,2026-08-24,2026-08-12,"株式会社神戸プラン",,301,"兵庫県","西宮市","神原１５－１５－１０１",,28,204,6620021,,,2026-08-12,01,,,2015-10-05,1,,,,,"コウベプラン",0
128,1140001143782,01,0,2026-08-24,2026-08-24,"株式会社ｅｖｏｌｉｓｔｅ",,301,"兵庫県","神戸市須磨区","大田町１丁目３番２０号",,28,107,6540024,,,,,,,2026-08-24,1,,,,,"エヴォリステ",0
129,1140001143799,01,0,2026-08-24,2026-08-24,"株式会社久保商店",,301,"兵庫県","尼崎市","昭和南通７丁目１８０番地",,28,202,6600882,,,,,,,2026-08-24,1,,,,,"クボショウテン",0
130,1140002031689,01,1,2026-08-24,2015-10-05,"有限会社ガーデンライフ",,302,"兵庫県","明石市","大蔵谷字東山４８８番地の１３パークアーバン朝霧２０７号",,28,203,6730869,,,,,,,2015-10-05,0,,,,,"ガーデンライフ",0
131,1140002031689,12,1,2026-08-24,2019-02-21,"有限会社ガーデンライフ",,302,"兵庫県","明石市","朝霧南町１丁目４８８番地の１３パークアーバン朝霧２０７号",,28,203,6730870,,,,,,,2015-10-05,1,,,,,"ガーデンライフ",0
132,1140002048163,21,0,2026-08-24,2026-08-12,"有限会社近畿ビルシステム",,302,"兵庫県","姫路市","船津町３１６１番地",,28,201,6792101,,,2026-08-12,01,,,2015-10-05,1,,,,,"キンキビルシステム",0
133,1160003003900,01,0,2026-08-24,2026-08-24,"合同会社クリーク",,305,"滋賀県","栗東市","綣６丁目１２番２３号グリーンウェル４０２",,25,208,5203031,,,,,,,2026-08-24,1,,,,,"クリーク",0
134,1170001009849,01,1,2026-08-24,2015-10-05,"株式会社ＩＤ　ＰＡＣＩＦＩＣ",,301,"和歌山県","田辺市","たきない町１２番２０号",,30,206,6460015,,,,,,,2015-10-05,0,,,,,"アイディパシフィック",0
135,1170001009849,12,1,2026-08-24,2017-05-17,"株式会社ＩＤ　ＰＡＣＩＦＩＣ",,301,"和歌山県","田辺市","湊１４番２９号",,30,206,6460031,,,,,,,2015-10-05,0,,,,,"アイディパシフィック",0
136,1170001009849,12,1,2026-08-24,2019-03-08,"株式会社ＩＤ　ＰＡＣＩＦＩＣ",,301,"和歌山県","田辺市","湊４１番３３号",,30,206,6460031,,,,,,,2015-10-05,1,,,,,"アイディパシフィック",0
137,1180001121859,21,0,2026-08-24,2026-08-20,"株式会社Ｓａｋｕｒａ　Ｏｆｆｉｃｅ",,301,"愛知県","名古屋市東区","東桜２丁目１２番２５号",,23,102,4610005,,,2026-08-20,01,,,2016-01-22,1,,,,,"サクラオフィス",0
138,1180001126593,01,1,2026-08-24,2017-02-20,"小野バイオ技術株式会社",,301,"愛知県","名古屋市中区","大須１丁目７番１４号パークＩＭビル２Ｆ",,23,106,4600011,,,,,,,2017-02-20,0,,,,,"オノバイオギジュツ",0
139,1180001126593,12,1,2026-08-24,2017-08-01,"小野バイオ技術株式会社",,301,"岐阜県","岐阜市","西改田松の木３番地５",,21,201,5011159,,,,,,,2017-02-20,1,,,,,"オノバイオギジュツ",0
140,1180001133400,11,0,2026-08-24,2026-08-17,"ＦＩＮＤ．Ｅｘ株式会社",,301,"愛知県","名古屋市中川区","松ノ木町２丁目６３番地",,23,110,4540848,,,,,,,2018-08-15,1,,,,,"ファインドイーエックス",0
141,1180001140297,12,0,2026-08-24,2026-08-18,"株式会社アトラクション",,301,"静岡県","浜松市中央区","紺屋町３０１番地の１３紺屋町ビル５階",,22,138,4300938,,,,,,,2020-03-09,1,,,,,"アトラクション",0
142,1180001149644,12,0,2026-08-24,2026-08-18,"株式会社製造業盛り上げ隊",,301,"愛知県","長久手市","荒田１番地１",,23,238,4801161,,,,,,,2022-01-19,1,,,,,"セイゾウギョウモリアゲタイ",0
143,1180001173198,01,0,2026-08-24,2026-08-24,"株式会社エクシード",,301,"愛知県","名古屋市北区","西味鋺２丁目２３３番地",,23,103,4620016,,,,,,,2026-08-24,1,,,,,"エクシード",0
144,1180003030703,01,0,2026-08-24,2026-08-24,"合同会社Ｒ　Ｗｏｒｋｓ",,305,"愛知県","名古屋市中村区","名駅４丁目２４番５号第２森ビル４０１",,23,105,4500002,,,,,,,2026-08-24,1,,,,,"アールワークス",0
145,1180005019158,12,0,2026-08-24,2026-08-12,"ユニブリッジ事業協同組合",,399,"東京都","中央区","日本橋大伝馬町４－７",,13,102,1030011,,,,,,,2021-02-25,1,,,,,"ユニブリッジ",0
146,1180301026444,12,0,2026-08-24,2026-08-07,"株式会社Ｊパーソネル",,301,"愛知県","安城市","横山町大山田中８３ＳＵＭＭＥＲＢＲＥＥＺＥＩＩ１０２号",00144711,23,212,4460045,,,,,,,2015-10-05,1,,,,,"ジェイパーソネル",0
147,1180302027656,01,1,2026-08-24,2015-10-05,"有限会社三京住宅",,302,"愛知県","新城市","庭野字東萩野２０番地",,23,221,4411331,,,,,,,2015-10-05,1,,,,,"サンキョウジュウタク",0
148,1190002023764,21,0,2026-08-24,2026-08-10,"有限会社サカエヤ",,302,"三重県","三重郡菰野町","大羽根園呉竹町１８番地の１",,24,341,5101243,,,2026-08-10,01,,,2015-10-05,1,,,,,,0
149,1200001005019,01,1,2026-08-24,2015-10-05,"マルシナ青果株式会社",,301,"岐阜県","岐阜市","茜部新所２丁目５番地",,21,201,5008263,,,,,,,2015-10-05,1,,,,,"マルシナセイカ",0
150,1200001033060,01,1,2026-08-24,2016-07-14,"株式会社アトリエ",,301,"岐阜県","岐阜市","葭町６丁目１７番地５",,21,201,5008334,,,,,,,2016-07-14,1,,,,,"アトリエ",0
151,1200001045337,11,0,2026-08-24,2026-08-12,"株式会社ＭＦ",,301,"岐阜県","岐阜市","西鶉１丁目３１番地ＺＯＡビル４Ｆ－Ａ",,21,201,5008286,,,,,,,2026-08-12,1,,,,,"エムエフ",0
152,1200001045394,01,0,2026-08-24,2026-08-24,"株式会社ＭＩＤＯＲＩ",,301,"岐阜県","美濃市","片知１５５５番地１",,21,207,5013781,,,,,,,2026-08-24,1,,,,,"ミドリ",0
153,1200005008471,01,1,2026-08-24,2015-10-05,"津島神社",,399,"岐阜県","土岐市","曽木町２２２３番地",,21,212,5095402,,,,,,,2015-10-05,1,,,,,"ツシマジンジャ",0
154,1220001022318,21,0,2026-08-24,2026-08-21,"株式会社玄塗",,301,"石川県","金沢市","西念３丁目１５番１３号",,17,201,9200024,,,2026-08-21,01,,,2018-06-05,1,,,,,"ゲント",0
155,1220002016112,21,0,2026-08-24,2026-08-20,"有限会社スズトウシャドウ印刷",,302,"石川県","珠洲市","上戸町北方ろ字７５番地",,17,205,9271215,,,2026-08-20,01,,,2015-10-05,1,,,,,"スズトウシャドウインサツ",0
156,1220005007298,01,1,2026-08-24,2015-10-05,"税理士法人Ｋ・Ｓ・Ｄ",,399,"石川県","金沢市","桜町２１番２０号",,17,201,9200923,,,,,,,2015-10-05,0,,,,,"ケーエスディー",0
157,1220005007298,12,1,2026-08-24,2019-04-17,"税理士法人Ｋ・Ｓ・Ｄ",,399,"石川県","金沢市","広岡１丁目１１番６号",,17,201,9200031,,,,,,,2015-10-05,0,,,,,"ケーエスディー",0
158,1220005007298,71,1,2026-08-24,2023-07-03,"税理士法人Ｋ・Ｓ・Ｄ",,399,"石川県","金沢市","広岡１丁目１１番６号",,17,201,9200031,,,,,,"石川県かほく市宇野気一丁目２１番地１税理士法人明和（4220005008384）を合併",2015-10-05,1,,,,,"ケーエスディー",0
159,1230001005569,21,0,2026-08-24,2026-08-21,"株式会社藤井産業運輸",,301,"富山県","富山市","婦中町余川１６番地",,16,201,9390000,,,2026-08-21,11,8230001005091,"令和８年８月２１日富山市婦中町余川１６番地株式会社藤井産業（8230001005091）に合併し解散",2015-10-05,1,,,,,"フジイサンギョウウンユ",0
160,1240001061132,21,0,2026-08-24,2026-08-07,"株式会社粋",,301,"広島県","広島市南区","松原町３番２－６０１号",,34,103,7320822,,,2026-08-07,01,,,2023-02-27,1,,,,,"スイ",0
161,1240002001756,01,1,2026-08-24,2015-10-05,"有限会社ウエドイカメラ",,302,"広島県","広島市西区","大芝２丁目６番１８号",,34,104,7330001,,,,,,,2015-10-05,1,,,,,"ウエドイカメラ",0
162,1240003004840,12,0,2026-08-24,2026-08-18,"合同会社縁起",,305,"広島県","広島市南区","的場町２丁目６－３（３階）",,34,103,7320824,,,,,,,2020-10-21,1,,,,,"エンキ",0
163,1240003005038,11,0,2026-08-24,2026-08-13,"株式会社ＡＬＭＩＧＨＴＹ　ＳＱＵＡＲＥ",,301,"広島県","広島市西区","己斐上３丁目７番１２号",,34,104,7330815,,,,,,,2021-04-01,1,,,,,"オールマイティスクエア",0
164,1240005010564,01,1,2026-08-24,2015-10-05,"東カングランドマンション広島管理組合法人",,399,"広島県","広島市中区","吉島町５番２１号",,34,101,7300821,,,,,,,2015-10-05,1,,,,,"トウカングランドマンションヒロシマ",0
165,1260001029557,01,1,2026-08-24,2016-05-10,"山下研磨株式会社",,301,"岡山県","高梁市","成羽町佐々木３９４番地１",,33,209,7160113,,,,,,,2016-05-10,1,,,,,"ヤマシタケンマ",0
166,1260002002463,21,0,2026-08-24,2026-08-20,"有限会社楷緑花造園",,302,"岡山県","岡山市中区","江崎１８番地の１９",,33,102,7028005,,,2026-08-20,01,,,2015-10-05,1,,,,,"カイリョッカゾウエン",0
167,1270003001901,01,0,2026-08-24,2026-08-24,"合同会社カッパ",,305,"鳥取県","米子市","博労町３丁目４４番地１",,31,202,6830052,,,,,,,2026-08-24,1,,,,,"カッパ",0
168,1290001003732,01,1,2026-08-24,2015-10-05,"株式会社にしけん",,301,"福岡県","福岡市東区","香椎駅前２丁目１５番３号",,40,131,8130013,,,,,,,2015-10-05,1,,,,,"ニシケン",0
169,1290001012972,12,0,2026-08-24,2026-08-10,"ケイツーデザイン株式会社",,301,"福岡県","福岡市博多区","博多駅南２丁目１番５号",,40,132,8120016,,,,,,,2015-10-05,1,,,,,"ケイツーデザイン",0
170,1290001035073,01,1,2026-08-24,2015-10-05,"ひまわり製薬株式会社",,301,"福岡県","福岡市博多区","博多駅東１丁目１番２８号",,40,132,8120013,,,,,,,2015-10-05,1,,,,,"ヒマワリセイヤク",0
171,1290001047242,01,1,2026-08-24,2015-10-05,"小宮産業機械株式会社",,301,"福岡県","筑後市","大字鶴田８３４番地１",,40,211,8330007,,,,,,,2015-10-05,0,,,,,"コミヤサンギョウ",0
172,1290001047242,12,1,2026-08-24,2019-01-15,"小宮産業機械株式会社",,301,"福岡県","筑後市","大字和泉２８９番地２",,40,211,8330041,,,,,,,2015-10-05,1,,,,,"コミヤサンギョウ",0
173,1290001115263,01,0,2026-08-24,2026-08-24,"ＴＡＮＡＫＲＡＦＴ株式会社",,301,"福岡県","太宰府市","国分３丁目６番２１－Ｃ２０２号",,40,221,8180132,,,,,,,2026-08-24,1,,,,,"タナクラフト",0
174,1290002009068,71,0,2026-08-24,2026-08-03,"株式会社平政緑地建設",,301,"福岡県","福岡市早良区","田村４丁目２６番４号",,40,137,8140175,,,,,,"令和８年８月１日福岡市早良区野芥三丁目１９番１２号株式会社石津緑地建設（9290001058827）を合併",2015-10-05,1,,,,,"ヘイセイリョクチケンセツ",0
175,1290002024868,01,1,2026-08-24,2015-10-05,"有限会社ケイズ・コーポレーション",,302,"福岡県","福岡市博多区","博多駅南５丁目２番２１号",,40,132,8120016,,,,,,,2015-10-05,0,,,,,"ケイズコーポレーション",0
176,1290002024868,12,1,2026-08-24,2026-08-06,"有限会社ケイズ・コーポレーション",,302,"福岡県","福岡市博多区","博多駅南４丁目９番１号ファーストイズミビル１０２号",,40,132,8120016,,,,,,,2015-10-05,1,,,,,"ケイズコーポレーション",0
177,1290002039981,21,0,2026-08-24,2026-08-10,"有限会社ひさずみ",,302,"福岡県","筑紫野市","二日市北１丁目２２番２９号",,40,217,8180056,,,2026-08-10,01,,,2015-10-05,1,,,,,"ヒサズミ",0
178,1290005004834,01,1,2026-08-24,2015-10-05,"日本基督教団前原教会",,399,"福岡県","糸島市","前原西４丁目５番２５号",,40,230,8191117,,,,,,,2015-10-05,1,,,,,"ニホンキリストキョウダンマエバルキョウカイ",0
179,1290801032410,12,0,2026-08-24,2026-07-27,"株式会社縁",,301,"福岡県","田川郡福智町","上野１９９７番地",,40,610,8221102,,,,,,,2026-04-16,1,,,,,"エニシ",0
180,1340001024137,12,0,2026-08-24,2026-08-14,"株式会社シェア",,301,"鹿児島県","鹿児島市","荒田２丁目４－２７",,46,201,8900054,,,,,,,2021-10-04,1,,,,,"シェア",0
181,1340002020911,12,0,2026-08-24,2026-08-13,"有限会社重信銃砲火薬店",,302,"鹿児島県","奄美市","名瀬幸町１７番１８号",,46,222,8940025,,,,,,,2015-10-05,0,,,,,"シゲノブジュウホウカヤクテン",0
182,1340002020911,11,0,2026-08-24,2026-08-13,"有限会社重信",,302,"鹿児島県","奄美市","名瀬幸町１７番１８号",,46,222,8940025,,,,,,,2015-10-05,1,,,,,"シゲノブ",0
183,1350001020242,01,0,2026-08-24,2026-08-24,"株式会社ホリファーム",,301,"宮崎県","えびの市","大字原田７４番地１１",,45,209,8894301,,,,,,,2026-08-24,1,,,,,"ホリファーム",0
184,1360001009953,01,1,2026-08-24,2015-10-05,"株式会社テル企画",,301,"沖縄県","浦添市","字経塚８１１番地７８",,47,208,9012111,,,,,,,2015-10-05,1,,,,,"テルキカク",0
185,1360001019894,01,1,2026-08-24,2015-10-05,"株式会社Ｒ＆Ｔ　Ｉｎｄｕｓｔｒｙ",,301,"沖縄県","浦添市","仲西３丁目１６番２０ー２０２号タカダ仲西ヒルズ",,47,208,9012125,,,,,,,2015-10-05,0,,,,,"アールアンドティインダストリー",0
186,1360001019894,12,1,2026-08-24,2015-10-27,"株式会社Ｒ＆Ｔ　Ｉｎｄｕｓｔｒｙ",,301,"沖縄県","浦添市","勢理客４丁目１３番１号浦添市産業振興センター・結の街５０６号室",,47,208,9012122,,,,,,,2015-10-05,0,,,,,"アールアンドティインダストリー",0
187,1360001019894,12,1,2026-08-24,2017-01-30,"株式会社Ｒ＆Ｔ　Ｉｎｄｕｓｔｒｙ",,301,"沖縄県","浦添市","仲西３丁目１６番２０－２０２号",,47,208,9012125,,,,,,,2015-10-05,0,,,,,"アールアンドティインダストリー",0
188,1360001019894,12,1,2026-08-24,2018-09-21,"株式会社Ｒ＆Ｔ　Ｉｎｄｕｓｔｒｙ",,301,"沖縄県","那覇市","港町２丁目３番８号",,47,201,9000001,,,,,,,2015-10-05,1,,,,,"アールアンドティインダストリー",0
189,1360001024861,12,0,2026-08-24,2026-07-21,"株式会社Ｎｏｂｏｒｕ",,301,"沖縄県","宜野湾市","我如古１丁目２５番３６号４０１号室",,47,205,9012214,,,,,,,2018-11-13,0,,,,,"ノボル",0
190,1360001024861,11,0,2026-08-24,2026-07-21,"五盛株式会社",,301,"沖縄県","宜野湾市","我如古１丁目２５番３６号４０１号室",,47,205,9012214,,,,,,,2018-11-13,1,,,,,"ゴセイ",0
191,1370001054172,01,0,2026-08-24,2026-08-24,"株式会社みらい組",,301,"宮城県","刈田郡蔵王町","大字円田字五生内１２番地１",,04,301,9890821,,,,,,,2026-08-24,1,,,,,"ミライグミ",0
192,1390002003754,21,0,2026-08-24,2026-08-14,"有限会社ネットワークの里",,302,"山形県","山形市","大字八森７０５番地１",,06,201,9902404,,,2026-08-14,01,,,2015-10-05,1,,,,,"ネットワークノサト",0
193,1410003004286,01,0,2026-08-24,2026-08-24,"合同会社まある",,305,"秋田県","秋田市","東通館ノ越１１番６号",,05,201,0100006,,,,,,,2026-08-24,1,,,,,"マアル",0
194,1430001010722,21,0,2026-08-24,2026-08-19,"株式会社ティー・エム・ティージャパン",,301,"北海道","札幌市中央区","北五条西１７丁目４番３－６０３",,01,101,0600005,,,2026-08-19,01,,,2015-10-05,1,,,,,"ティーエムティージャパン",0
195,1430001031644,01,1,2026-08-24,2015-10-05,"株式会社北都内装工業",,301,"北海道","札幌市北区","太平八条５丁目６番１４号",,01,102,0028008,,,,,,,2015-10-05,1,,,,,"ホクトナイソウコウギョウ",0
196,1430001091077,12,0,2026-08-24,2026-08-19,"株式会社道米ＬＡＢＯ　ＨＹ",,301,"北海道","雨竜郡雨竜町","字中島７０２番地１１６",,01,436,0782600,,,,,,,2024-02-20,1,,,,,"ドウマイラボエイチワイ",0
197,1430002025810,01,1,2026-08-24,2015-10-05,"まるとも中島商事有限会社",,302,"北海道","札幌市清田区","里塚緑ケ丘１１丁目１０番１５号",,01,110,0040805,,,,,,,2015-10-05,1,,,,,"マルトモナカジマショウジ",0
198,1430002034349,12,0,2026-08-24,2026-08-18,"有限会社ケイリマン北海道",,302,"北海道","札幌市北区","屯田二条４丁目４番５号",,01,102,0020852,,,,,,,2015-10-05,1,,,,,,0
199,1430005003623,12,0,2026-08-24,2026-08-20,"医療法人社団いちご会",,399,"北海道","札幌市中央区","大通東７丁目５番地",,01,101,0600041,,,,,,,2015-10-05,1,,,,,"イチゴカイ",0
200,1460301004818,11,0,2026-08-24,2026-08-20,"株式会社ログホース",,301,"北海道","北見市","ひかり野６丁目３番地１",,01,208,0900810,,,,,,,2019-08-15,1,,,,,"ログホース",0
201,1470005001540,21,0,2026-08-24,2026-08-19,"医療法人社団フィリーズ",,399,"香川県","高松市","松縄町８２４番地７",,37,201,7600079,,,2026-08-19,01,,,2015-10-05,1,,,,,"フィリーズ",0
202,1500001005789,01,1,2026-08-24,2015-10-05,"株式会社遊建",,301,"愛媛県","松山市","東方町甲２０８６番地",,38,201,7911123,,,,,,,2015-10-05,1,,,,,"ユウケン",0
203,1500002017214,21,0,2026-08-24,2026-08-21,"有限会社前川建設",,302,"愛媛県","新居浜市","大生院１０９３番地４",,38,205,7920060,,,2026-08-21,01,,,2015-10-05,1,,,,,"マエカワケンセツ",0
204,1700150041441,01,0,2026-08-24,2015-10-09,"あいち電子自治体推進協議会",,499,"愛知県","名古屋市中区","三の丸３丁目１－２　愛知県総務局総務部デジタル戦略課内",,23,106,4600001,,,,,,,2015-10-09,1,,,,,"アイチデンシジチタイスイシンキヨウギカイ",0
205,2010001039266,01,1,2026-08-24,2015-10-05,"太田興産株式会社",,301,"東京都","中央区","日本橋横山町４番地",,13,102,1030003,,,,,,,2015-10-05,1,,,,,"オオタコウサン",0
206,2010001080658,71,0,2026-08-24,2026-07-31,"株式会社マリモ・グローバル・テクノロジー",,301,"東京都","中央区","日本橋兜町２２－６",,13,102,1030026,,,,,,"令和８年７月３１日静岡県浜松市中央区舞阪町舞阪５３０番３号ダイスコンサルティングジャパン合同会社（2080403004852）を合併",2015-10-05,1,,,,,"マリモグローバルテクノロジー",0
207,2010001138209,01,1,2026-08-24,2015-10-05,"株式会社ファニーハウス",,301,"東京都","千代田区","神田神保町２丁目３８番地",,13,101,1010051,,,,,,,2015-10-05,0,,,,,,0
208,2010001138209,12,1,2026-08-24,2026-07-23,"株式会社ファニーハウス",,301,"東京都","千代田区","神田神保町２丁目８－１９太田ビル１０２号室",,13,101,1010051,,,,,,,2015-10-05,1,,,,,,0
209,2010001142689,12,0,2026-08-24,2026-08-18,"株式会社ＢＥＳＴ　ＨＥＲＢＳ",,301,"東京都","港区","海岸１丁目１６番１号",,13,103,1050022,,,,,,,2015-10-05,1,,,,,"ベストハーブス",0
210,2010001177223,01,1,2026-08-24,2016-07-27,"アイピーエスエスイー株式会社",,301,"東京都","中央区","月島１丁目８番３号",,13,102,1040052,,,,,,,2016-07-27,0,,,,,"アイピーエスエスイー",0
211,2010001177223,12,1,2026-08-24,2017-06-02,"アイピーエスエスイー株式会社",,301,"東京都","江戸川区","中葛西５丁目３８番８号",,13,123,1340083,,,,,,,2016-07-27,1,,,,,"アイピーエスエスイー",0
212,2010001196520,01,1,2026-08-24,2018-11-21,"株式会社モンドパラレッロ",,301,"東京都","千代田区","丸の内１丁目８番３号丸の内トラストタワー本館２０階",,13,101,1000005,,,,,,,2018-11-21,1,,,,,,0
213,2010001215239,12,0,2026-08-24,2026-07-31,"株式会社ＧｅｎｅｃｔＢｏｘ",,301,"東京都","港区","海岸３丁目１８番２６号ペガソ２１海岸ビル５階",,13,103,1080022,,,,,,,2021-01-20,1,,,,,"ジェネクトボックス",0
214,2010001228001,01,1,2026-08-24,2022-07-08,"株式会社ＨＴＳ",,301,"東京都","中央区","銀座７丁目１５番８号タウンハイツ銀座４０６",,13,102,1040061,,,,,,,2022-07-08,1,,,,,,0
215,2010001242489,12,0,2026-08-24,2026-08-18,"株式会社Ｕｍｉｎｏ",,301,"東京都","港区","赤坂９丁目２番１３－４０８号",,13,103,1070052,,,,,,,2024-02-22,1,,,,,"ウミノ",0
216,2010001245723,12,0,2026-08-24,2026-07-23,"Ｋａｌｕｚａ　Ｊａｐａｎ株式会社",,301,"東京都","千代田区","丸の内２丁目６番１号丸の内パークビルディング",,13,101,1000005,,,,,,,2024-06-13,1,,,,,"カルーザジャパン",0
217,2010001259236,12,0,2026-08-24,2026-07-10,"株式会社Ｓａｉｘ",,301,"東京都","中央区","日本橋人形町３丁目１番２－２０６号",,13,102,1030013,,,,,,,2025-10-30,1,,,,,"サイクス",0
218,2010001265655,12,0,2026-08-24,2026-08-18,"株式会社ｆｏｒｅｖｅｒ",,301,"東京都","港区","西麻布１丁目４番７号霞町五番館２０１",,13,103,1060031,,,,,,,2026-06-05,1,,,,,"フォーエバー",0
219,2010002024052,01,1,2026-08-24,2015-10-05,"有限会社日原ビル管理事務所",,302,"東京都","中央区","日本橋茅場町１丁目５番２号日原ビル６階",,13,102,1030025,,,,,,,2015-10-05,1,,,,,"ヒハラビルカンリジムショ",0
220,2010005024702,21,0,2026-08-24,2026-07-17,"社会保険労務士法人ヒューマン・プライム",,399,"東京都","中央区","日本橋小網町１１番５号",,13,102,1030016,,,2026-07-17,01,,,2015-12-04,1,,,,,"ヒューマンプライム",0
221,2010005028364,01,1,2026-08-24,2018-04-09,"一般社団法人ファミリービジネス支援機構",,399,"東京都","千代田区","二番町１１番地１０麹町山王マンション７０６号",,13,101,1020084,,,,,,,2018-04-09,0,,,,,"ファミリービジネスシエンキコウ",0
222,2010005028364,12,1,2026-08-24,2023-09-28,"一般社団法人ファミリービジネス支援機構",,399,"東京都","千代田区","麹町３丁目７－４秩父屋ビル８階",,13,101,1020083,,,,,,,2018-04-09,1,,,,,"ファミリービジネスシエンキコウ",0
223,2010103000984,11,0,2026-08-24,2026-08-14,"株式会社ｉｎｆ",,301,"東京都","八王子市","南陽台２丁目３２番１４号",,13,201,1920371,,,,,,,2016-07-06,1,,,,,"インフ",0
224,2010401115674,01,1,2026-08-24,2015-10-05,"株式会社タクト",,301,"東京都","港区","西麻布２丁目２２番５号シンクビル３Ｆ",,13,103,1060031,,,,,,,2015-10-05,0,,,,,,0
225,2010401115674,12,1,2026-08-24,2015-12-07,"株式会社タクト",,301,"千葉県","千葉市美浜区","新港２２０番地８",,12,106,2610002,,,,,,,2015-10-05,0,,,,,,0
226,2010401115674,11,1,2026-08-24,2019-08-22,"株式会社シスター",,301,"千葉県","千葉市美浜区","新港２２０番地８",,12,106,2610002,,,,,,,2015-10-05,0,"SISTER.INC.",,,,"シスター",0
227,2010401115674,12,1,2026-08-24,2019-08-29,"株式会社シスター",,301,"神奈川県","川崎市中原区","今井南町３５番２０号",,14,133,2110064,,,,,,,2015-10-05,0,"SISTER.INC.",,,,"シスター",0
228,2010401115674,12,1,2026-08-24,2021-10-13,"株式会社シスター",,301,"東京都","渋谷区","神宮前６丁目２３番４号桑野ビル２階",,13,113,1500001,,,,,,,2015-10-05,0,"SISTER.INC.",,,,"シスター",0
229,2010401115674,12,1,2026-08-24,2024-12-17,"株式会社シスター",,301,"東京都","港区","赤坂８丁目１１番１６号",,13,103,1070052,,,,,,,2015-10-05,1,"SISTER.INC.","Tokyo","8-11-16, Akasaka, Minato ku",,"シスター",0
230,2010401160910,21,0,2026-08-24,2026-08-06,"Ａｑｕａｒｉｕｓ　Ｅｎｇｉｎｅｓ株式会社",,301,"東京都","渋谷区","道玄坂１丁目１０番８号渋谷道玄坂東急ビル２Ｆ－Ｃ",,13,113,1500043,,,2026-08-06,01,,,2021-06-21,1,,,,,"アクエリアスエンジンズ",0
231,2010401178597,12,0,2026-08-24,2026-08-03,"株式会社Ｎ‐ＳＴＥＰ",,301,"東京都","稲城市","大丸９８８番地の６稲城スカイコートビル３階",,13,225,2060801,,,,,,,2023-11-22,1,,,,,"エヌステップ",0
232,2010403029501,12,0,2026-08-24,2026-07-13,"合同会社ＲＪソーラー３",,305,"東京都","港区","虎ノ門１丁目２番８号株式会社リエネ・エナジー内",,13,103,1050001,,,,,,,2023-02-13,1,,,,,"アールジェイソーラースリー",0
233,2010403038898,01,0,2026-08-24,2026-08-24,"ポーラーエナジー合同会社",,305,"東京都","港区","芝大門２丁目１２番３号共生ビル２号館７階",,13,103,1050012,,,,,,,2026-08-24,1,,,,,"ポーラーエナジー",0
234,2010501024057,11,0,2026-08-24,2026-08-20,"株式会社５０１ｓｔ",,301,"東京都","台東区","元浅草４丁目９番１４号",,13,106,1110041,,,,,,,2015-10-05,1,,,,,"ファイヴオーファースト",0
235,2010501038057,12,0,2026-08-24,2026-08-19,"ＬＣＨＹ株式会社",,301,"群馬県","太田市","六千石町１３４番地５",,10,205,3792305,,,,,,,2015-10-05,1,,,,,"エルシーエイチワイ",0
236,2010601005824,21,0,2026-08-24,2026-08-17,"株式会社ヒロカワ",,301,"東京都","江東区","枝川１丁目１１番１６号",,13,108,1350051,,,2026-08-17,01,,,2015-10-05,1,,,,,"ヒロカワ",0
237,2010601042215,01,1,2026-08-24,2015-10-05,"株式会社ＳＨＩＮＡ",,301,"東京都","江東区","大島４丁目６番２４号高マンション１Ｆ",,13,108,1360072,,,,,,,2015-10-05,1,,,,,"シナ",0
238,2010701010096,01,1,2026-08-24,2015-10-05,"ユニバーサルエンジニアリング株式会社",,301,"東京都","品川区","戸越１丁目６番１号",,13,109,1420041,,,,,,,2015-10-05,1,,,,,"ユニバーサルエンジニアリング",0
239,2010701032396,01,1,2026-08-24,2016-05-16,"株式会社ラウンドリング",,301,"東京都","品川区","北品川５丁目５番１５号",,13,109,1410001,,,,,,,2016-05-16,1,,,,,"ラウンドリング",0
240,2010701049779,12,0,2026-08-24,2026-08-18,"ＵＲＢＡＮ　ＧＡＴＥ株式会社",,301,"静岡県","静岡市駿河区","泉町２番３号",,22,102,4228066,,,,,,,2026-07-07,1,,,,,"アーバンゲート",0
241,2010701050043,01,0,2026-08-24,2026-08-24,"オハナリビング株式会社",,301,"東京都","品川区","東五反田２丁目９番１－２４０４号",,13,109,1410022,,,,,,,2026-08-24,1,,,,,"オハナリビング",0
242,2010703008460,01,0,2026-08-24,2026-08-24,"合同会社ＣＯＣＯＲＯＡ",,305,"東京都","品川区","東品川４丁目１０－１８－４１１",,13,109,1400002,,,,,,,2026-08-24,1,,,,,"ココロア",0
243,2010801037691,01,0,2026-08-24,2026-08-24,"株式会社ＰＬＵＭ",,301,"東京都","大田区","北千束３丁目２６番１４号Ｎ．Ｎビル１階",,13,111,1450062,,,,,,,2026-08-24,1,,,,,"プラム",0
244,2010901035513,01,1,2026-08-24,2015-10-05,"チャンス株式会社",,301,"東京都","世田谷区","深沢３丁目２７番１１号",,13,112,1580081,,,,,,,2015-10-05,1,,,,,"チャンス",0
245,2010901048746,01,1,2026-08-24,2021-05-27,"ＦｉｎＳｔａｄｉｕｍＸ株式会社",,301,"東京都","世田谷区","深沢７丁目２２番８号",,13,112,1580081,,,,,,,2021-05-27,0,,,,,"フィンスタジアムエックス",0
246,2010901048746,12,1,2026-08-24,2024-08-16,"ＦｉｎＳｔａｄｉｕｍＸ株式会社",,301,"東京都","千代田区","麹町３丁目３番地４",,13,101,1020083,,,,,,,2021-05-27,1,,,,,"フィンスタジアムエックス",0
247,2010901060131,01,0,2026-08-24,2026-08-24,"株式会社ＫＡＮＡＤＥ",,301,"東京都","世田谷区","桜上水２丁目１３番２号",,13,112,1560045,,,,,,,2026-08-24,1,,,,,"カナデ",0
248,2010902023310,12,0,2026-08-24,2026-08-20,"有限会社メゾンドール",,302,"東京都","大田区","東雪谷２丁目３１番３号",,13,111,1450065,,,,,,,2015-10-05,1,,,,,"メゾンドール",0
249,2010902023797,12,0,2026-08-24,2026-08-07,"有限会社シロテン",,302,"東京都","世田谷区","北烏山６丁目２５番３号",,13,112,1570061,,,,,,,2015-10-05,1,,,,,"シロテン",0
250,2011001012659,01,0,2026-08-24,2026-08-24,"株式会社ゾーイー",,301,"東京都","渋谷区","千駄ヶ谷２丁目３４番８号",,13,113,1510051,,,,,,,2026-08-24,1,,,,,"ゾーイー",0
251,2011001111584,01,1,2026-08-24,2016-06-24,"株式会社カナユニ",,301,"東京都","目黒区","中央町１丁目３番１４－１０５号",,13,110,1520001,,,,,,,2016-06-24,1,,,,,"カナユニ",0
252,2011001120775,21,0,2026-08-24,2026-08-03,"ゼネラルリサーチ株式会社",,301,"東京都","渋谷区","渋谷２丁目１２番９号",,13,113,1500002,,,2026-08-03,01,,,2018-02-21,1,,,,,"ゼネラルリサーチ",0
253,2011001150888,12,0,2026-08-24,2026-08-06,"ＪＮキャピタル株式会社",,301,"東京都","目黒区","大岡山１丁目３１番１５－６０３号",,13,110,1520033,,,,,,,2022-11-11,1,,,,,"ジェイエヌキャピタル",0
254,2011001179804,01,0,2026-08-24,2026-08-24,"株式会社ＫＹＯＣＨＩ",,301,"東京都","渋谷区","道玄坂１丁目１０番８号渋谷道玄坂東急ビル２Ｆ－Ｃ",,13,113,1500043,,,,,,,2026-08-24,1,,,,,"キョウチ",0
255,2011001179853,01,0,2026-08-24,2026-08-24,"株式会社ＯｃｔＳｈｉｆｔ",,301,"東京都","渋谷区","道玄坂１丁目１０番８号渋谷道玄坂東急ビル２Ｆ－Ｃ",,13,113,1500043,,,,,,,2026-08-24,1,,,,,"オクトシフト",0
256,2011001179861,01,0,2026-08-24,2026-08-24,"株式会社ポパイ",,301,"東京都","渋谷区","笹塚３丁目１番６号３０２",,13,113,1510073,,,,,,,2026-08-24,1,,,,,"ポパイ",0
257,2011001179911,01,0,2026-08-24,2026-08-24,"株式会社Ａｅｔａｓ",,301,"東京都","渋谷区","円山町５番５号Ｎａｖｉ渋谷Ｖ３階",00144705,13,113,1500044,,,,,,,2026-08-24,1,,,,,"アエタス",0
258,2011003023877,12,0,2026-08-24,2026-08-20,"Ａｄｒｏ　Ｊａｐａｎ合同会社",,305,"神奈川県","横浜市都筑区","川向町１１９０番地",,14,118,2240044,,,,,,,2026-03-12,1,,,,,"エイドロジャパン",0
259,2011003025089,01,0,2026-08-24,2026-08-24,"ＳｅｒｅｎＤｉｖｅｒｓ合同会社",,305,"東京都","渋谷区","神南１丁目１１－４ＦＰＧリンクス神南５階",,13,113,1500041,,,,,,,2026-08-24,1,,,,,"セレンダイバース",0
260,2011101116178,12,0,2026-08-24,2026-08-20,"株式会社ＥＮＬ",,301,"東京都","中央区","銀座１丁目１２番４号Ｎ＆Ｅ，ＢＬＤ．６Ｆ",,13,102,1040061,,,,,,,2026-06-16,1,,,,,"イーエヌエル",0
261,2011103017878,01,0,2026-08-24,2026-08-24,"合同会社ＴＲＩＧＯＯＤ",,305,"東京都","新宿区","西新宿３丁目３番１３号西新宿水間ビル２Ｆ",,13,104,1600023,,,,,,,2026-08-24,1,,,,,"トライグッド",0
262,2011303006111,01,0,2026-08-24,2026-08-24,"合同会社ＡＢＣ",,305,"東京都","杉並区","和泉２丁目３０－１２ＨＡＬ１０５",,13,115,1680063,,,,,,,2026-08-24,1,,,,,"エービーシー",0
263,2011401017150,01,1,2026-08-24,2015-10-05,"株式会社センチュリースカイ",,301,"東京都","板橋区","赤塚７丁目２６番６号",,13,119,1750092,,,,,,,2015-10-05,1,,,,,"センチュリースカイ",0
264,2011402002878,01,1,2026-08-24,2015-10-05,"有限会社クリア・オート",,302,"東京都","板橋区","新河岸１丁目２４番２３号",,13,119,1750081,,,,,,,2015-10-05,1,,,,,"クリアオート",0
265,2011402005195,21,0,2026-08-24,2026-08-10,"有限会社千森ドレス",,302,"東京都","板橋区","小茂根１丁目１６番１５号",,13,119,1730037,,,2026-08-10,01,,,2015-10-05,1,,,,,"チモリドレス",0
266,2011601021530,01,1,2026-08-24,2017-02-16,"株式会社リガーレ",,301,"東京都","練馬区","早宮４丁目３７番３号",,13,120,1790085,,,,,,,2017-02-16,1,,,,,"リガーレ",0
267,2011602002554,21,0,2026-08-24,2026-08-19,"有限会社鹿島鮨本店",,302,"東京都","練馬区","春日町３丁目１５番７号",,13,120,1790074,,,2026-08-19,01,,,2026-06-23,1,,,,,"カシマズシホンテン",0
268,2011701015515,12,0,2026-08-24,2026-07-27,"ロジコム株式会社",,301,"東京都","中央区","築地７丁目２番１号７階ＷＥＳＴ",,13,102,1040045,,,,,,,2015-10-05,1,,,,,"ロジコム",0
269,2011701025638,12,0,2026-08-24,2026-08-17,"株式会社Ｍａｄｉｈａ　ｉｎｔｅｒｎａｔｉｏｎａｌ",,301,"東京都","江戸川区","東小岩５丁目３０番８号",,13,123,1330052,,,,,,,2022-09-28,1,,,,,"マデハインターナショナル",0
270,2011801021306,12,0,2026-08-24,2026-08-19,"潮見株式会社",,301,"東京都","武蔵野市","吉祥寺本町１丁目１１番３０号サンロードプラザ・ダイヤパレス吉祥寺５１３号",,13,203,1800004,,,,,,,2015-10-05,1,,,,,"シオミ",0
271,2012401034350,21,0,2026-08-24,2026-08-03,"ＳＯＣＩＡ株式会社",,301,"東京都","武蔵野市","吉祥寺南町１丁目９番１０号",,13,203,1800003,,,2026-08-03,01,,,2018-08-20,1,,,,,"ソシア",0
272,2012703003607,01,0,2026-08-24,2026-08-24,"サイリスエレクトロニクス合同会社",,305,"東京都","西東京市","泉町１丁目１４番４号",,13,229,2020011,,,,,,,2026-08-24,1,,,,,"サイリスエレクトロニクス",0
273,2012803004174,01,0,2026-08-24,2026-08-24,"合同会社いずみ",,305,"東京都","国分寺市","東恋ヶ窪３丁目３１番地３０アップルハイムＦＵＪＩ２０３",,13,214,1850014,,,,,,,2026-08-24,1,,,,,"イズミ",0
274,2013301035942,01,1,2026-08-24,2015-10-05,"株式会社Ｌ＆Ｉ．総研",,301,"東京都","豊島区","高松１丁目１番１１号",,13,116,1710042,,,,,,,2015-10-05,1,,,,,"エルアンドアイソウケン",0
275,2013301054348,12,0,2026-08-24,2026-08-17,"とんぼや不動産株式会社",,301,"東京都","豊島区","池袋２丁目１７番８号",,13,116,1710014,,,,,,,2025-05-29,1,,,,,"トンボヤフドウサン",0
276,2013302002768,11,0,2026-08-24,2026-08-10,"株式会社ケーエスフードサービス",,301,"東京都","豊島区","千早４丁目２４番１号",,13,116,1710044,,,,,,,2015-10-05,1,,,,,"ケーエスフードサービス",0
277,2013303008401,01,0,2026-08-24,2026-08-24,"合同会社ＭｅｌＣｏｍｅｔ",,305,"東京都","豊島区","東池袋１丁目３４番５号いちご東池袋ビル６階",,13,116,1700013,,,,,,,2026-08-24,1,,,,,"メルコメット",0
278,2013305001866,01,1,2026-08-24,2015-10-05,"一般社団法人全国届出自動車教習所協会",,399,"東京都","豊島区","南池袋２丁目３０番１２号",,13,116,1710022,,,,,,,2015-10-05,0,,,,,,0
279,2013305001866,12,1,2026-08-24,2018-10-09,"一般社団法人全国届出自動車教習所協会",,399,"東京都","豊島区","上池袋３丁目４７番９号ミツトシビル５階",,13,116,1700012,,,,,,,2015-10-05,1,,,,,,0
280,2020001034919,71,0,2026-08-24,2026-08-03,"株式会社アイベックス",,301,"東京都","渋谷区","渋谷３丁目１７番４号山口ビル３Ｆ",,13,113,1500002,,,,,,"令和８年８月１日東京都渋谷区渋谷三丁目１７番４号山口ビル３Ｆアイベックスカード株式会社（1011001142176）を合併",2015-10-05,1,,,,,"アイベックス",0
281,2020001043259,71,0,2026-08-24,2026-08-03,"環境グリーンサービス株式会社",,301,"神奈川県","川崎市川崎区","殿町３丁目２０番１４号",,14,131,2100821,,,,,,"令和８年８月１日川崎市川崎区殿町二丁目６番２号株式会社ＡＲＭＳ（7020001124665）を合併",2015-10-05,1,,,,,"カンキョウグリーンサービス",0
282,2020001066664,21,0,2026-08-24,2026-08-03,"株式会社ティーピー・プロジェクト",,301,"神奈川県","川崎市高津区","二子２丁目４番１２号",,14,134,2130002,,,2026-08-03,01,,,2015-10-05,1,,,,,"ティーピープロジェクト",0
283,2020001112212,71,0,2026-08-24,2026-08-03,"株式会社森下機械製作所",,301,"神奈川県","横浜市金沢区","幸浦２丁目１２番地２０",,14,108,2360003,,,,,,"令和８年８月１日横浜市金沢区幸浦二丁目１２番２０エム・エス・イー株式会社（1020001040802）を合併",2015-10-05,1,,,,,"モリシタキカイセイサクジョ",0
284,2020002036377,01,1,2026-08-24,2015-10-05,"有限会社豊屋寝装店",,302,"神奈川県","横浜市港北区","大倉山２丁目５番８号",,14,109,2220037,,,,,,,2015-10-05,0,,,,,"ユタカヤシンソウテン",0
285,2020002036377,12,1,2026-08-24,2026-08-04,"有限会社豊屋寝装店",,302,"神奈川県","横浜市港北区","大倉山２丁目７番４８号",,14,109,2220037,,,,,,,2015-10-05,1,,,,,"ユタカヤシンソウテン",0
286,2020002055831,01,1,2026-08-24,2015-10-05,"有限会社システムサポート",,302,"神奈川県","横浜市瀬谷区","三ツ境１０７番地の１",,14,114,2460022,,,,,,,2015-10-05,1,,,,,"システムサポート",0
287,2020005015320,21,0,2026-08-24,2026-08-05,"本牧タウンハイツ管理組合法人",,399,"神奈川県","横浜市中区","本牧町１丁目５１番地本牧タウンハイツマンション管理事務室",,14,104,2310806,,,2026-08-05,01,,,2021-12-22,1,,,,,"ホンモクタウンハイツ",0
288,2021001081496,21,0,2026-08-24,2026-07-30,"株式会社ライフタイム・フィットネス",,301,"神奈川県","藤沢市","辻堂１丁目３－１－２４０２号",,14,205,2510047,,,2026-07-30,01,,,2024-02-20,1,,,,,"ライフタイムフィットネス",0
289,2021005013677,01,0,2026-08-24,2026-08-24,"一般社団法人青と学び",,399,"神奈川県","海老名市","泉２丁目３番１－１２１２号",,14,215,2430437,,,,,,,2026-08-24,1,,,,,"アオトマナビ",0
290,2030001010159,21,0,2026-08-24,2026-08-19,"株式会社ＮＴＴ東日本‐関信越",,301,"埼玉県","さいたま市浦和区","常盤５丁目８番１７号",,11,107,3300061,,,2026-08-19,11,8011101028104,"令和８年７月１日東京都新宿区西新宿三丁目１９番２号ＮＴＴ東日本株式会社（8011101028104）に合併し解散",2015-10-05,1,,,,,"エヌティティヒガシニホンカンシンエツ",0
291,2030001068610,01,1,2026-08-24,2015-10-05,"株式会社マコト",,301,"埼玉県","越谷市","大字砂原２７８番地",,11,222,3430803,,,,,,,2015-10-05,1,,,,,"マコト",0
292,2030001087734,01,1,2026-08-24,2015-10-05,"株式会社トービス",,301,"埼玉県","熊谷市","万平町１丁目１４３番地",,11,202,3600034,,,,,,,2015-10-05,1,,,,,"トービス",0
293,2030001115115,01,1,2026-08-24,2016-06-30,"ＪＴＳ総合サポート株式会社",,301,"埼玉県","深谷市","境２３３番地４",,11,218,3660813,,,,,,,2016-06-30,1,,,,,"ジェイティエスソウゴウサポート",0
294,2030001173872,01,0,2026-08-24,2026-08-24,"株式会社重吉電工",,301,"埼玉県","川口市","前川３丁目１１番２１号",,11,203,3330842,,,,,,,2026-08-24,1,,,,,"シゲヨシデンコウ",0
295,2030002092361,21,0,2026-08-24,2026-08-05,"有限会社香楽",,302,"埼玉県","坂戸市","本町１３番２８号",,11,239,3500226,,,2026-08-05,01,,,2015-10-05,1,,,,,,0
296,2030002120238,01,1,2026-08-24,2015-10-05,"有限会社住設工業",,302,"埼玉県","日高市","大字新堀５６９番地５",,11,242,3501243,,,,,,,2015-10-05,0,,,,,,0
297,2030002120238,12,1,2026-08-24,2016-07-05,"有限会社住設工業",,302,"埼玉県","日高市","大字田波目７８４番地６",,11,242,3501201,,,,,,,2015-10-05,0,,,,,,0
298,2030002120238,11,1,2026-08-24,2016-07-15,"株式会社ジュウセツ",,301,"埼玉県","日高市","大字田波目７８４番地６",,11,242,3501201,,,,,,,2015-10-05,1,,,,,"ジュウセツ",0
299,2030003006782,01,1,2026-08-24,2015-10-05,"ＣＤＫ合同会社",,305,"埼玉県","さいたま市南区","内谷４丁目１４番２２号",,11,108,3360034,,,,,,,2015-10-05,0,,,,,"シーディーケー",0
300,2030003006782,12,1,2026-08-24,2026-08-06,"ＣＤＫ合同会社",,305,"埼玉県","さいたま市浦和区","高砂１丁目１４番７号",,11,107,3300063,,,,,,,2015-10-05,1,,,,,"シーディーケー",0
301,2030003011295,21,0,2026-08-24,2026-07-22,"栗原不動産管理合同会社",,305,"埼玉県","さいたま市南区","松本４丁目１４番１号",,11,108,3360035,,,2026-07-22,01,,,2018-01-11,1,,,,,"クリハラフドウサンカンリ",0
302,2030003029841,01,0,2026-08-24,2026-08-24,"合同会社コトノハ",,305,"埼玉県","富士見市","鶴瀬西３丁目４番１６号",,11,235,3540026,,,,,,,2026-08-24,1,,,,,"コトノハ",0
303,2040001031402,01,1,2026-08-24,2015-10-05,"株式会社グローバルキッズガーデン",,301,"東京都","江東区","白河２丁目２３番３号",,13,108,1350021,,,,,,,2015-10-05,1,,,,,"グローバルキッズガーデン",0
304,2040001107557,22,0,2026-08-24,2026-07-30,"株式会社千葉地所",,301,"千葉県","船橋市","本郷町５２８番地２",,12,204,2730033,,,,,,,2019-01-17,1,,,,,"チバジショ",0
305,2040001117291,12,0,2026-08-24,2026-08-03,"株式会社ＪＩＭＯＴＯ　Ｍａｒｋｅｔｉｎｇ　Ｓｈａｒｅ　Ｂｕｒｅａｕ",,301,"千葉県","柏市","若柴２２６番地４４中央１４１街区１ＫＯＩＬＴＥＲＲＡＣＥ６階",,12,217,2770871,,,,,,,2021-03-01,1,,,,,"ジモトマーケティングシェアビューロー",0
306,2040001145029,01,0,2026-08-24,2026-08-24,"株式会社ミズキ設備",,301,"千葉県","流山市","大字東深井８８２番地の１０８",,12,220,2700101,,,,,,,2026-08-24,1,,,,,"ミズキセツビ",0
307,2040002042860,01,1,2026-08-24,2015-10-05,"有限会社リペアハウス",,302,"千葉県","市川市","南行徳２丁目５番５号",,12,203,2720138,,,,,,,2015-10-05,1,,,,,"リペアハウス",0
308,2040002087162,01,1,2026-08-24,2015-10-05,"有限会社又兵衛佐原店",,302,"千葉県","香取市","佐原ロ２０９７番地",,12,236,2870001,,,,,,,2015-10-05,1,,,,,"マタベエサワラテン",0
309,2040003023703,12,0,2026-08-24,2026-08-19,"合同会社ビサイドグループ",,305,"東京都","港区","南青山３丁目１番３６号青山丸竹ビル６Ｆ",,13,103,1070062,,,,,,,2023-11-09,1,,,,,"ビサイドグループ",0
310,2050001056811,12,0,2026-08-24,2026-08-20,"一霖株式会社",,301,"東京都","荒川区","西日暮里６丁目８－８ＭＯＭＹビル４０１",,13,118,1160013,,,,,,,2025-06-13,1,,,,,"イチリン",0
311,2050001058840,01,0,2026-08-24,2026-08-24,"株式会社ＬＩＴＡ　Ｈｏｌｄｉｎｇｓ",,301,"茨城県","水戸市","三の丸３丁目１２－２４",,08,201,3100011,,,,,,,2026-08-24,1,,,,,"リタホールディングス",0
312,2060002003101,01,1,2026-08-24,2015-10-05,"有限会社吉洸",,302,"栃木県","宇都宮市","上戸祭町４４８番地４",,09,201,3200051,,,,,,,2015-10-05,1,,,,,"キッコウ",0
313,2060002013901,21,0,2026-08-24,2026-07-22,"有限会社古賀屋商店",,302,"栃木県","那須烏山市","中央１丁目２０番３４号",,09,215,3210621,,,2026-07-22,01,,,2015-10-05,1,,,,,"コガヤショウテン",0
314,2060002036159,01,1,2026-08-24,2015-10-05,"有限会社小宮塗装",,302,"栃木県","足利市","福富町１０７２番地の７",,09,202,3260331,,,,,,,2015-10-05,1,,,,,"コミヤトソウ",0
315,2060005003123,01,1,2026-08-24,2015-10-05,"能持院",,399,"栃木県","芳賀郡茂木町","大字塩田２２７番地",,09,343,3213565,,,,,,,2015-10-05,1,,,,,"ノウジイン",0
316,2070001028222,12,0,2026-08-24,2026-08-18,"株式会社ＳＩＤＤＨＡＢＡＢＡ　ＩＮＴＥＲＮＡＴＩＯＮＡＬ",,301,"群馬県","伊勢崎市","田部井町２丁目８１７番地４",,10,204,3792222,,,,,,,2015-10-05,1,,,,,"シッダババインターナショナル",0
317,2070002035853,21,0,2026-08-24,2026-08-17,"有限会社真下建商",00025920,302,"群馬県","利根郡昭和村","大字赤城原１０１８番地",,10,448,3791207,,,2026-08-17,01,,,2015-10-05,1,,,,,"マシモケンショウ",0
318,2070003004634,12,0,2026-08-24,2026-08-20,"合同会社Ｒｅｉｗａ　Ｒｅａｌ　Ｔｒａｖｅｌ",,305,"埼玉県","さいたま市大宮区","桜木町２丁目１５９番地１０６",,11,103,3300854,,,,,,,2022-10-12,1,,,,,"レイワリアルトラベル",0
319,2080001010848,01,1,2026-08-24,2015-10-05,"株式会社オーキタ",,301,"静岡県","静岡市清水区","大内５２０番地",,22,103,4240061,,,,,,,2015-10-05,1,,,,,"オーキタ",0
320,2080001027768,01,0,2026-08-24,2026-08-24,"株式会社エーエスケー",,301,"静岡県","静岡市清水区","蜂ヶ谷１４０番地の１",,22,103,4240003,,,,,,,2026-08-24,1,,,,,"エーエスケー",0
321,2080105002295,21,0,2026-08-24,2026-08-18,"医療法人社団深治会",,399,"静岡県","三島市","加屋町３番１５号",,22,206,4110845,,,2026-08-18,01,,,2015-10-05,1,,,,,"シンジカイ",0
322,2080401021379,01,1,2026-08-24,2016-03-24,"株式会社かがやき電設",,301,"静岡県","浜松市中区","領家３丁目２３番１０号",,22,131,4300852,,,,,,,2016-03-24,0,,,,,"カガヤキデンセツ",0
323,2080401021379,12,1,2026-08-24,2024-01-04,"株式会社かがやき電設",,301,"静岡県","浜松市中央区","領家３丁目２３番１０号",,22,138,4300852,,,,,,,2016-03-24,1,,,,,"カガヤキデンセツ",0
324,2080403004852,21,0,2026-08-24,2026-08-19,"ダイスコンサルティングジャパン合同会社",,305,"静岡県","浜松市中央区","舞阪町舞阪５３０番３号",,22,138,4310211,,,2026-08-19,11,2010001080658,"令和８年７月３１日東京都中央区日本橋兜町２２－６株式会社マリモ・グローバル・テクノロジー（2010001080658）に合併し解散",2023-08-18,1,,,,,"ダイスコンサルティングジャパン",0
325,2090001007959,01,1,2026-08-24,2015-10-05,"株式会社田中屋",00068749,301,"山梨県","大月市","大月町真木２７０番地",,19,206,4010016,,,,,,,2015-10-05,1,,,,,"タナカヤ",0
326,2090002007124,01,1,2026-08-24,2015-10-05,"有限会社イリクラ",,302,"山梨県","南アルプス市","西南湖４１７２番地",,19,208,4000411,,,,,,,2015-10-05,1,,,,,"イリクラ",0
327,2100001019201,01,1,2026-08-24,2015-10-05,"株式会社二四会",,301,"長野県","茅野市","北山４０３５番地",,20,214,3910301,,,,,,,2015-10-05,1,,,,,"ニヨンカイ",0
328,2100002033416,21,0,2026-08-24,2026-08-19,"有限会社モルフォ",,302,"長野県","伊那市","下新田３０７７番地１",,20,209,3960013,,,2026-08-19,01,,,2015-10-05,1,,,,,"モルフォ",0
329,2100005001428,12,0,2026-08-24,2026-08-21,"長野木材協同組合",,399,"長野県","長野市","大字穂保字中ノ配３４２番地",,20,201,3810003,,,,,,,2015-10-05,1,,,,,"ナガノモクザイ",0
330,2110002010505,01,1,2026-08-24,2015-10-05,"有限会社高菊メリヤス",,302,"新潟県","新潟市秋葉区","小須戸３５５６番地",,15,105,9560101,,,,,,,2015-10-05,0,,,,,"タカキクメリヤス",0
331,2110002010505,21,1,2026-08-24,2022-01-26,"有限会社高菊メリヤス",,302,"新潟県","新潟市秋葉区","小須戸３５５６番地",,15,105,9560101,,,2022-01-26,21,,,2015-10-05,0,,,,,"タカキクメリヤス",0
332,2110002010505,22,1,2026-08-24,2023-05-15,"有限会社高菊メリヤス",,302,"新潟県","新潟市秋葉区","小須戸３５５６番地",,15,105,9560101,,,,,,,2015-10-05,0,,,,,"タカキクメリヤス",0
333,2110002010505,21,0,2026-08-24,2026-08-18,"有限会社高菊メリヤス",,302,"新潟県","新潟市秋葉区","小須戸３５５６番地",,15,105,9560101,,,2026-08-18,01,,,2015-10-05,1,,,,,"タカキクメリヤス",0
334,2120001074434,12,0,2026-08-24,2026-08-19,"株式会社Ｍｉｌｉａｎｉ",,301,"東京都","新宿区","大久保１丁目１２番６号",,13,104,1690072,,,,,,,2015-10-05,1,,,,,"ミリアーニ",0
335,2120001115213,01,1,2026-08-24,2015-10-05,"アナハイムネットワーク株式会社",,301,"大阪府","大阪市淀川区","木川西２丁目３番３",,27,123,5320013,,,,,,,2015-10-05,0,,,,,"アナハイムネットワーク",0
336,2120001115213,12,1,2026-08-24,2016-04-15,"アナハイムネットワーク株式会社",,301,"大阪府","大阪市淀川区","塚本２丁目２番２３号",,27,123,5320026,,,,,,,2015-10-05,1,,,,,"アナハイムネットワーク",0
337,2120001156158,12,0,2026-08-24,2026-08-20,"大日倉庫株式会社",,301,"京都府","京田辺市","河原御影３０番地１０",,26,211,6100361,,,,,,,2015-10-05,1,,,,,"ダイニチソウコ",0
338,2120001221498,01,1,2026-08-24,2019-06-07,"株式会社ｍｅｎｅｘｅｓ",,301,"大阪府","大阪市北区","豊崎５丁目７番２３号",,27,127,5310072,,,,,,,2019-06-07,0,,,,,"メネクセス",0
339,2120001221498,12,1,2026-08-24,2026-08-18,"株式会社ｍｅｎｅｘｅｓ",,301,"大阪府","大阪市北区","天神橋２丁目２－２５谷口ビル２０２",,27,127,5300041,,,,,,,2019-06-07,1,,,,,"メネクセス",0
340,2120001225301,12,0,2026-08-24,2026-08-18,"一太陽国際株式会社",,301,"大阪府","大阪市中央区","島之内２丁目１２－１７－１Ｆ",,27,128,5420082,,,,,,,2019-11-25,1,,,,,"イチタイヨウコクサイ",0
341,2120001247394,21,0,2026-08-24,2026-08-17,"來愛株式会社",,301,"大阪府","大阪市住之江区","南港北１丁目２９番１－６０４号",,27,125,5590034,,,2026-08-17,01,,,2022-07-15,1,,,,,"ラア",0
342,2120001274059,12,0,2026-08-24,2026-08-13,"明帰株式会社",,301,"大阪府","大阪市生野区","田島２丁目１０－３５号",,27,116,5440011,,,,,,,2025-03-31,1,,,,,"メイキ",0
343,2120001277805,12,0,2026-08-24,2026-08-20,"小満株式会社",,301,"東京都","練馬区","春日町６丁目１６番１１号フォーチュン光が丘２２４号",,13,120,1790074,,,,,,,2025-07-11,1,,,,,"ショウマン",0
344,2120001284900,12,0,2026-08-24,2026-08-12,"株式会社ひより",,301,"大阪府","大阪市西区","新町１丁目２－１３新町ビル８階３号室",,27,106,5500013,,,,,,,2026-03-17,1,,,,,"ヒヨリ",0
345,2120001288414,01,0,2026-08-24,2026-08-24,"海潤株式会社",,301,"大阪府","大阪市東成区","大今里西１丁目２４番１１号エクセル今里マンション２号室",,27,115,5370014,,,,,,,2026-08-24,1,,,,,"カイジュン",0
346,2120001288604,01,0,2026-08-24,2026-08-24,"富士鴻産業株式会社",,301,"大阪府","大阪市都島区","東野田町４丁目１－５吉升ビル３０１号",,27,102,5340024,,,,,,,2026-08-24,1,,,,,"フジコウサンギョウ",0
347,2120001288645,01,0,2026-08-24,2026-08-24,"株式会社心縁",,301,"大阪府","大阪市西区","靱本町１丁目１６番８号",,27,106,5500004,,,,,,,2026-08-24,1,,,,,"ミエン",0
348,2120001288678,01,0,2026-08-24,2026-08-24,"株式会社ｍｅｍｅｃａｒｅ",,301,"大阪府","大阪市中央区","西心斎橋２丁目１３番１６号ＢｉｒｔｈＰｌａｃｅビル３階",,27,128,5420086,,,,,,,2026-08-24,1,,,,,"メメケア",0
349,2120001288703,01,0,2026-08-24,2026-08-24,"株式会社Ｎｍｉｄ",,301,"大阪府","大阪市北区","中津５丁目５番１－２０１号",,27,127,5310071,,,,,,,2026-08-24,1,,,,,"エヌミッド",0
350,2120002043891,21,0,2026-08-24,2026-08-03,"有限会社クリエイティブパワー・ボム",,302,"京都府","相楽郡精華町","精華台４丁目８番地９",,26,366,6190238,,,2026-08-03,01,,,2015-10-05,1,,,,,"クリエイティブパワーボム",0
351,2120002059434,01,1,2026-08-24,2015-10-05,"有限会社ラインシステム",,302,"大阪府","大阪市鶴見区","放出東３丁目３０番３１号",,27,124,5380044,,,,,,,2015-10-05,0,,,,,"ラインシステム",0
352,2120002059434,12,1,2026-08-24,2026-08-13,"有限会社ラインシステム",,302,"大阪府","大阪市鶴見区","放出東３丁目２２番９号",,27,124,5380044,,,,,,,2015-10-05,1,,,,,"ラインシステム",0
353,2120003013778,12,0,2026-08-24,2026-08-10,"合同会社Ｃｈａｔ‐ｎｏｉｒ",,305,"大阪府","高槻市","真上町４丁目２－１３",,27,207,5691121,,,,,,,2018-01-15,1,,,,,"シャノワール",0
354,2120003023083,12,0,2026-08-24,2026-08-20,"楽識合同会社",,305,"大阪府","大阪市中央区","南船場４丁目１０番５号南船場ＳＯＨＯビル７０２",,27,128,5420081,,,,,,,2022-12-13,1,,,,,"ラクシキ",0
355,2120101040583,12,0,2026-08-24,2026-08-19,"株式会社共栄",,301,"大阪府","泉佐野市","羽倉崎上町１丁目４番３０号泉南ビル３階",,27,213,5980037,,,,,,,2015-10-05,1,,,,,"キョウエイ",0
356,2120101054798,12,0,2026-08-24,2026-08-20,"株式会社オフショア",,301,"大阪府","堺市西区","浜寺昭和町１丁１５６番地",,27,144,5928345,,,,,,,2016-05-19,1,,,,,"オフショア",0
357,2120901045947,11,0,2026-08-24,2026-07-24,"株式会社ＧＳＨ",,301,"東京都","新宿区","西新宿３丁目３番１３号西新宿水間ビル２Ｆ",,13,104,1600023,,,,,,,2022-05-10,1,,,,,"ジーエスエイチ",0
358,2120901053066,01,0,2026-08-24,2026-08-24,"株式会社ＢＵＩＬＤ　ＴＲＵＳＴ",,301,"大阪府","吹田市","片山町１丁目３０番２４－２号",,27,205,5640082,,,,,,,2026-08-24,1,,,,,"ビルドトラスト",0
359,2130001019330,01,1,2026-08-24,2015-10-05,"株式会社和田卯",,301,"京都府","京都市下京区","高辻通富小路西入雁金町１５９番地",00035700,26,106,6008060,,,,,,,2015-10-05,1,,,,,"ワダウ",0
360,2130001027102,01,1,2026-08-24,2015-10-05,"株式会社東伸",,301,"京都府","京都市右京区","梅津後藤町１１番地の１８",,26,108,6150933,,,,,,,2015-10-05,1,,,,,"トウシン",0
361,2130001082816,01,0,2026-08-24,2026-08-24,"株式会社リスタート",,301,"京都府","京都市山科区","御陵荒巻町１７番地１レオパレス第８－１０２号",,26,110,6078429,,,,,,,2026-08-24,1,,,,,"リスタート",0
362,2130002031193,12,0,2026-08-24,2026-08-03,"有限会社勇栄",,302,"京都府","綴喜郡井手町","大字井手小字西高月６番地の３",,26,343,6100302,,,,,,,2015-10-05,1,,,,,"ユウエイ",0
363,2130005008445,01,1,2026-08-24,2015-10-05,"綺原座健伊那太比売神社",,399,"京都府","木津川市","山城町綺田山際１６番地",,26,214,6190201,,,,,,,2015-10-05,1,,,,,"カバハラザケンイナタヒバイジンジャ",0
364,2130005008560,01,1,2026-08-24,2015-10-05,"天神神社",,399,"京都府","木津川市","山城町神童子不晴谷１７７番地",,26,214,6190203,,,,,,,2015-10-05,1,,,,,"テンジンジンジャ",0
365,2140001058641,01,1,2026-08-24,2015-10-05,"黒田昆布株式会社",,301,"兵庫県","姫路市","玉手字針ノ木３８６番地",,28,201,6700985,,,,,,,2015-10-05,1,,,,,"クロダコンブ",0
366,2140001068087,12,0,2026-08-24,2026-08-12,"エールカンパニー株式会社",,301,"兵庫県","三田市","狭間が丘５丁目７番地８",,28,219,6691545,,,,,,,2015-10-05,1,,,,,"エールカンパニー",0
367,2140001102762,01,1,2026-08-24,2016-07-19,"株式会社フィールドヴィレッジ",,301,"兵庫県","姫路市","飾磨区中野田４丁目７２番地１",,28,201,6728045,,,,,,,2016-07-19,1,,,,,"フィールドヴィレッジ",0
368,2140001128072,21,0,2026-08-24,2026-08-13,"黒川郷入ル株式会社",,301,"兵庫県","川西市","黒川字田中２０６番地",,28,217,6660101,,,2026-08-13,01,,,2022-11-14,1,,,,,"クロカワゴウイル",0
369,2140001143807,01,0,2026-08-24,2026-08-24,"株式会社弥栄",,301,"兵庫県","神戸市灘区","篠原北町２丁目１番９号",,28,102,6570068,,,,,,,2026-08-24,1,,,,,"ヤサカ",0
370,2140002015625,11,0,2026-08-24,2026-08-17,"中岸財務コンサルティング有限会社",,302,"兵庫県","神戸市中央区","磯辺通３丁目２－４",,28,110,6510084,,,,,,,2015-10-05,1,,,,,"ナカギシザイムコンサルティング",0
371,2140002036927,01,1,2026-08-24,2015-10-05,"有限会社あさひ家",,302,"兵庫県","高砂市","阿弥陀町南池３７７番地の５",,28,216,6760824,,,,,,,2015-10-05,1,,,,,"アサヒヤ",0
372,2140003023998,01,0,2026-08-24,2026-08-24,"ＣＯＣＯ合同会社",,305,"兵庫県","南あわじ市","福良乙１５０２番地１０７ジーアール２番館２０１号",,28,224,6560502,,,,,,,2026-08-24,1,,,,,"ココ",0
373,2150001029195,01,0,2026-08-24,2026-08-24,"ＯＦＡ株式会社",,301,"奈良県","香芝市","旭ケ丘４丁目１１番地３３",,29,210,6390266,,,,,,,2026-08-24,1,,,,,"オーエフエー",0
374,2150003002217,21,0,2026-08-24,2026-08-20,"みむろＲ＆Ｄ合同会社",,305,"奈良県","橿原市","東坊城町８２３番地",,29,205,6340835,,,2026-08-20,01,,,2020-09-07,1,,,,,"ミムロアールアンドディー",0
375,2160001027867,01,0,2026-08-24,2026-08-24,"株式会社ＬＡＮＤＭＡＤＥ",,301,"滋賀県","大津市","平津１丁目１３番３０号",,25,201,5200862,,,,,,,2026-08-24,1,,,,,"ランドメイド",0
376,2160003003899,01,0,2026-08-24,2026-08-24,"合同会社Ｗｏｏｔ",,305,"滋賀県","草津市","渋川１丁目２番２６－１３０１号ザ・草津タワー",,25,206,5250026,,,,,,,2026-08-24,1,,,,,"ウート",0
377,2170001019228,01,0,2026-08-24,2026-08-24,"株式会社明",,301,"和歌山県","紀の川市","貴志川町岸宮１４１－１８",,30,208,6400405,,,,,,,2026-08-24,1,,,,,"アカリ",0
378,2180001056988,01,1,2026-08-24,2015-10-05,"株式会社栄光",,301,"愛知県","名古屋市南区","西桜町１８番地の１",,23,112,4570039,,,,,,,2015-10-05,1,,,,,"エイコウ",0
379,2180001141963,12,0,2026-08-24,2026-08-19,"株式会社アメニティーエンタープライズ",,301,"静岡県","静岡市清水区","清水町４－１０",,22,103,4240947,,,,,,,2020-07-10,1,,,,,"アメニティーエンタープライズ",0
380,2180001173189,01,0,2026-08-24,2026-08-24,"株式会社ＭＩＳＯ",,301,"愛知県","名古屋市中区","松原２丁目１４番９号ユニロイヤル松原２０２号",,23,106,4600017,,,,,,,2026-08-24,1,,,,,"ミソ",0
381,2180001173197,01,0,2026-08-24,2026-08-24,"Ｓａｋｕｒａ株式会社",,301,"愛知県","名古屋市中区","錦２丁目７－７プラウドタワー名古屋錦５０２",,23,106,4600003,,,,,,,2026-08-24,1,,,,,"サクラ",0
382,2180001173206,01,0,2026-08-24,2026-08-24,"ＡｃｔＦｏｕｒ株式会社",,301,"愛知県","名古屋市名東区","猪高台２丁目１１１２番地メルヘンハイツ２０３号",,23,115,4650028,,,,,,,2026-08-24,1,,,,,"アクトフォー",0
383,2180001173222,01,0,2026-08-24,2026-08-24,"株式会社イナツー",,301,"愛知県","名古屋市熱田区","一番２丁目１６番２０号",,23,109,4560053,,,,,,,2026-08-24,1,,,,,"イナツー",0
384,2180301041277,01,0,2026-08-24,2026-08-24,"株式会社クレド",,301,"愛知県","刈谷市","小垣江町池上２８番地",,23,210,4480813,,,,,,,2026-08-24,1,,,,,"クレド",0
385,2180302025171,21,0,2026-08-24,2026-08-17,"有限会社今泉住設",,302,"愛知県","豊田市","小坂町９丁目４１番地１－３０１",,23,211,4710035,,,2026-08-17,01,,,2015-10-05,1,,,,,"イマイズミジュウセツ",0
386,2190001008204,01,1,2026-08-24,2015-10-05,"株式会社フェニックス",,301,"三重県","志摩市","阿児町甲賀４２番地",,24,215,5170505,,,,,,,2015-10-05,1,,,,,"フェニックス",0
387,2190001022436,01,1,2026-08-24,2015-10-05,"ブティックヨンブンノイチ株式会社",,301,"三重県","伊勢市","本町１８番２２号",,24,203,5160074,,,,,,,2015-10-05,1,,,,,"ブティックヨンブンノイチ",0
388,2190001023351,01,1,2026-08-24,2016-01-14,"株式会社エヌファクトリー",,301,"三重県","伊賀市","山出６６１番地",,24,216,5180127,,,,,,,2016-01-14,1,,,,,"エヌファクトリー",0
389,2190002010290,12,0,2026-08-24,2026-08-10,"株式会社シゲルカットクラブ",,301,"三重県","伊勢市","辻久留３丁目７番９号",00144708,24,203,5160066,,,,,,,2015-10-05,1,,,,,"シゲルカットクラブ",0
390,2190002023986,01,1,2026-08-24,2015-10-05,"山崎林業有限会社",00076159,302,"三重県","三重郡菰野町","大字池底８９２番地１",,24,341,5101221,,,,,,,2015-10-05,1,,,,,"ヤマザキリンギョウ",0
391,2190003002584,12,0,2026-08-24,2026-07-13,"合同会社サクシード四日市山田",,305,"東京都","港区","虎ノ門１丁目２番８号株式会社リエネ・エナジー内",,13,103,1050001,,,,,,,2016-09-16,1,,,,,"サクシードヨッカイチヤマダ",0
392,2190003003756,12,0,2026-08-24,2026-08-12,"合同会社アルマンド",,305,"三重県","松阪市","殿町１５７５番地３０",,24,204,5150073,,,,,,,2021-09-08,1,,,,,"アルマンド",0
393,2190003004622,01,1,2026-08-24,2024-04-02,"ＫＭＲ　ＴＲＡＤＩＮＧ　ＪＡＰＡＮ合同会社",,305,"三重県","桑名市","多度町大鳥居２４４番地３",,24,205,5110116,,,,,,,2024-04-02,0,,,,,"ケーエムアールトレーディングジャパン",0
394,2190003004622,12,1,2026-08-24,2025-03-12,"ＫＭＲ　ＴＲＡＤＩＮＧ　ＪＡＰＡＮ合同会社",,305,"愛知県","津島市","又吉町３丁目５９番地３",,23,208,4960819,,,,,,,2024-04-02,1,,,,,"ケーエムアールトレーディングジャパン",0
395,2200001004424,01,1,2026-08-24,2015-10-05,"弘中電機株式会社",,301,"岐阜県","岐阜市","茜部大川１丁目９７番１",,21,201,5008282,,,,,,,2015-10-05,1,,,,,"ヒロナカデンキ",0
396,2200001018878,12,0,2026-08-24,2026-08-14,"金源株式会社",,301,"岐阜県","美濃加茂市","西町１丁目２９７番金源ビル３階",,21,211,5050046,,,,,,,2015-10-05,1,,,,,"キンゲン",0
397,2200001045393,01,0,2026-08-24,2026-08-24,"株式会社ＲＡＩＺＥＸ",,301,"岐阜県","羽島市","福寿町間島２丁目２８番地４",,21,209,5016251,,,,,,,2026-08-24,1,,,,,"ライズエックス",0
398,2200003007441,01,0,2026-08-24,2026-08-24,"合同会社ぽぽまる",,305,"岐阜県","可児市","広見２３６３番地３",,21,214,5090214,,,,,,,2026-08-24,1,,,,,"ポポマル",0
399,2200005001582,01,1,2026-08-24,2015-10-05,"岐阜県公衆浴場業生活衛生同業組合",,399,"岐阜県","岐阜市","鍵屋西町１丁目７５番地",,21,201,5008314,,,,,,,2015-10-05,1,,,,,"ギフケンコウシュウヨクジョウギョウ",0
400,2200005008470,01,1,2026-08-24,2015-10-05,"津島神社",,399,"岐阜県","土岐市","曽木町１５２８番地",,21,212,5095402,,,,,,,2015-10-05,1,,,,,"ツシマジンジャ",0
401,2240001062848,12,0,2026-08-24,2026-08-19,"株式会社ＦＵＮＮＹＳ",,301,"広島県","広島市南区","仁保２丁目２番６号",,34,103,7340026,,,,,,,2024-03-05,1,,,,,"ファニーズ",0
402,2240002020623,12,0,2026-08-24,2026-08-17,"有限会社ダグ・プレゼンツ",,302,"広島県","広島市安佐南区","古市２丁目６番１８号",,34,105,7310123,,,,,,,2015-10-05,1,,,,,,0
403,2260001028707,12,0,2026-08-24,2026-08-20,"もも太郎メンテナンス株式会社",,301,"岡山県","岡山市北区","西古松２丁目２６番２２号ＢＩＯプラザ１０６６号室",,33,101,7000927,,,,,,,2015-10-05,1,,,,,"モモタロウメンテナンス",0
404,2270001008220,12,0,2026-08-24,2026-08-19,"株式会社ＫＡＳＵＧＡ",,301,"鳥取県","鳥取市","湖山町南２丁目８７６番地",,31,201,6800945,,,,,,,2021-03-03,1,,,,,"カスガ",0
405,2270005005701,01,0,2026-08-24,2026-08-24,"一般社団法人貴金属検査機構",,399,"鳥取県","境港市","竹内団地２５２番地２境夢みなとターミナル２階",,31,204,6840046,,,,,,,2026-08-24,1,,,,,,0
406,2290001066101,01,1,2026-08-24,2015-10-05,"株式会社Ｈ・Ｗ・Ｓ",,301,"福岡県","春日市","白水ヶ丘２丁目１番地",,40,218,8160845,,,,,,,2015-10-05,1,,,,,"エイチダブルエス",0
407,2290001074434,01,1,2026-08-24,2016-07-04,"丸恵産業株式会社",,301,"福岡県","糟屋郡篠栗町","大字和田９８番地１",,40,342,8112414,,,,,,,2016-07-04,1,,,,,"マルケイサンギョウ",0
408,2290001085539,12,0,2026-08-24,2026-08-05,"株式会社ミライ",,301,"福岡県","久留米市","三潴町壱町原２４５番地１",,40,203,8300115,,,,,,,2019-06-14,1,,,,,"ミライ",0
409,2290001089481,12,0,2026-08-24,2026-08-10,"ａ．ｍａｉｎ株式会社",,301,"福岡県","福岡市中央区","警固３丁目２番１４号ＨＡＭＯＲＥＢＩＫｅｇｏ２０２号室",,40,133,8100023,,,,,,,2020-07-14,1,,,,,"アルファメイン",0
410,2290001106550,12,0,2026-08-24,2026-08-10,"株式会社まるいアグリ",,301,"福岡県","糟屋郡志免町","志免中央４丁目１５番２５号",,40,343,8112244,,,,,,,2024-08-09,1,,,,,"マルイアグリ",0
411,2290001115238,01,0,2026-08-24,2026-08-24,"株式会社ＤＭ　Ｌａｂｏｒａｔｏｒｙ",,301,"福岡県","福岡市博多区","東光寺町１丁目１４番１４号",,40,132,8120896,,,,,,,2026-08-24,1,,,,,"ディーエムラボラトリー",0
412,2290002022078,01,1,2026-08-24,2015-10-05,"蔚藍産業有限会社",,302,"福岡県","福岡市博多区","御供所町８番インキュベートプラザ御供所Ｓ－３０３",,40,132,8120037,,,,,,,2015-10-05,0,,,,,,0
413,2290002022078,11,1,2026-08-24,2026-08-07,"有限会社蔚藍漢方医学研究所",,302,"福岡県","福岡市博多区","御供所町８番インキュベートプラザ御供所Ｓ－３０３",,40,132,8120037,,,,,,,2015-10-05,0,,,,,"ツランカンポウイガクケンキュウショ",0
414,2290002022078,12,0,2026-08-24,2026-08-19,"有限会社蔚藍漢方医学研究所",,302,"東京都","荒川区","東日暮里５丁目５１－１３－６０３号",,13,118,1160014,,,,,,,2015-10-05,1,,,,,"ツランカンポウイガクケンキュウショ",0
415,2290005019229,12,0,2026-08-24,2026-08-21,"一般社団法人質量分析オミクス研究会",,399,"大阪府","吹田市","山田丘２番２号",,27,205,5650871,,,,,,,2024-01-12,1,,,,,"シツリョウブンセキオミクスケンキュウカイ",0
416,2310001019171,12,0,2026-08-24,2026-08-13,"株式会社裕斗工業",,301,"長崎県","佐世保市","小島町１７番１２号",,42,202,8570066,,,,,,,2024-08-26,1,,,,,"ユウトコウギョウ",0
417,2310003005285,01,0,2026-08-24,2026-08-24,"合同会社Ｃｏ‐ｎｅｘｔ",,305,"長崎県","大村市","諏訪３丁目７３番２号",,42,205,8560024,,,,,,,2026-08-24,1,,,,,"コネクスト",0
418,2330001016803,21,0,2026-08-24,2026-08-19,"株式会社ガマダス",,301,"熊本県","菊池郡菊陽町","大字津久礼７６番地３",,43,404,8691101,,,2026-08-19,01,,,2015-10-05,1,,,,,"ガマダス",0
419,2350005001766,21,0,2026-08-24,2026-08-20,"特定非営利活動法人宮崎健康福祉ネットワーク協議会",,399,"宮崎県","宮崎市","和知川原１丁目１０１",,45,201,8800023,,,2026-08-20,01,,,2015-10-05,1,,,,,"ミヤザキケンコウフクシネットワークキョウギカイ",0
420,2360001037160,01,0,2026-08-24,2026-08-24,"株式会社ポルコロッソ",,301,"沖縄県","島尻郡南風原町","字照屋２６３番地１はえばるスマイルスクエア１０３",,47,350,9011116,,,,,,,2026-08-24,1,,,,,"ポルコロッソ",0
421,2370001018837,01,1,2026-08-24,2015-10-05,"株式会社マージースタイル",,301,"宮城県","仙台市太白区","あすと長町１丁目４番３０号タカミヤスポーツパークＳ３０５",,04,104,9820007,,,,,,,2015-10-05,1,,,,,"マージースタイル",0
422,2370002016377,12,0,2026-08-24,2026-08-10,"有限会社ジャパンオートインペックス",,302,"宮城県","仙台市若林区","荒井字軽石田１２３番地の１",,04,103,9840032,,,,,,,2015-10-05,1,,,,,"ジャパンオートインペックス",0
423,2370305000788,01,1,2026-08-24,2015-10-05,"社会福祉法人石巻市社会福祉協議会",,399,"宮城県","石巻市","中央２丁目４番２０号",,04,202,9860822,,,,,,,2015-10-05,0,,,,,,0
424,2370305000788,12,1,2026-08-24,2017-08-14,"社会福祉法人石巻市社会福祉協議会",,399,"宮城県","石巻市","南中里３丁目１１番１号",,04,202,9860814,,,,,,,2015-10-05,0,,,,,,0
425,2370305000788,12,1,2026-08-24,2020-06-02,"社会福祉法人石巻市社会福祉協議会",,399,"宮城県","石巻市","穀町１５番２号",,04,202,9860825,,,,,,,2015-10-05,1,,,,,,0
426,2380002015675,12,0,2026-08-24,2026-08-19,"有限会社東北総研",,302,"福島県","郡山市","麓山２丁目６番１４号",,07,203,9638876,,,,,,,2015-10-05,1,,,,,"トウホクソウケン",0
427,2380002017985,01,1,2026-08-24,2015-10-05,"有限会社鈴木石材",,302,"福島県","白河市","白坂４２番地",,07,205,9610835,,,,,,,2015-10-05,1,,,,,"スズキセキザイ",0
428,2380005004196,01,1,2026-08-24,2015-10-05,"三渡神社",,399,"福島県","二本松市","杉沢字宮ノ前２０番地",,07,210,9640302,,,,,,,2015-10-05,1,,,,,"ミワタリジンジャ",0
429,2390002000981,21,0,2026-08-24,2026-08-10,"有限会社後藤建材",,302,"山形県","山形市","清住町３丁目１０番２１号",,06,201,9900834,,,2026-08-10,01,,,2015-10-05,1,,,,,"ゴトウケンザイ",0
430,2400003003775,01,0,2026-08-24,2026-08-24,"合同会社ニューステップ",,305,"岩手県","盛岡市","大新町１６番２９号",,03,201,0200135,,,,,,,2026-08-24,1,,,,,"ニューステップ",0
431,2410001005500,01,1,2026-08-24,2015-10-05,"柴田工事調査株式会社",,301,"秋田県","湯沢市","岩崎字南五条６１番地の１",,05,207,0120801,,,,,,,2015-10-05,1,,,,,"シバタコウジチョウサ",0
432,2410002008519,01,1,2026-08-24,2015-10-05,"有限会社サンビルド",,302,"秋田県","大館市","水門町５番１１号",,05,204,0170887,,,,,,,2015-10-05,1,,,,,"サンビルド",0
433,2420001014764,21,0,2026-08-24,2026-08-17,"サイト・テックＮＡＯ株式会社",,301,"青森県","青森市","橋本３丁目１２番４号",,02,201,0300823,,,2026-08-17,01,,,2015-10-05,1,,,,,,0
434,2430001083800,11,0,2026-08-24,2026-08-20,"株式会社サークヒルエステート",,301,"北海道","札幌市豊平区","中の島二条７丁目２番２号",,01,105,0620922,,,,,,,2021-04-05,1,,,,,"サークヒルエステート",0
435,2430001095390,21,0,2026-08-24,2026-08-18,"Ｌ．Ｋ株式会社",,301,"北海道","札幌市清田区","平岡二条３丁目６番５１号",,01,110,0040872,,,2026-08-18,01,,,2025-10-09,1,,,,,"エルドッドケー",0
436,2430003006692,12,0,2026-08-24,2026-08-17,"合同会社総心工業",,305,"北海道","札幌市中央区","北五条西１７丁目１３番地２６",,01,101,0600005,,,,,,,2015-10-05,1,,,,,"ソウシンコウギョウ",0
437,2450002005181,21,0,2026-08-24,2026-08-21,"有限会社松本企画",,302,"北海道","上川郡東神楽町","ひじり野南二条１丁目７番５号",,01,453,0711524,,,2026-08-21,01,,,2015-10-05,1,,,,,"マツモトキカク",0
438,2450003002384,12,0,2026-08-24,2026-08-21,"合同会社３ｒｄＰｌａｎｎｉｎｇ",,305,"北海道","旭川市","十条通９丁目９７５番地８２",,01,204,0700040,,,,,,,2023-09-07,1,,,,,"サードプランニング",0
439,2480002000361,01,1,2026-08-24,2015-10-05,"有限会社阿部鈑金",,302,"徳島県","徳島市","国府町観音寺矢三田５９５番地",,36,201,7793123,,,,,,,2015-10-05,1,,,,,"アベバンキン",0
440,2490001004445,21,0,2026-08-24,2026-08-17,"株式会社やすきや",,301,"高知県","高知市","鴨部３丁目３４番７号",,39,201,7808052,,,2026-08-17,01,,,2015-10-05,1,,,,,"ヤスキヤ",0
441,2490003002190,01,0,2026-08-24,2026-08-24,"合同会社実直",,305,"高知県","高知市","福井東町３３番２号フラッツ福井東町ＩＩ－２０２号",00144706,39,201,7800967,,,,,,,2026-08-24,1,,,,,"ジッチョク",0
442,3010001004005,12,0,2026-08-24,2026-07-21,"スダプロセス株式会社",,301,"東京都","文京区","本郷５丁目５番１４号",,13,105,1130033,,,,,,,2015-10-05,1,,,,,"スダプロセス",0
443,3010001046749,71,0,2026-08-24,2026-07-01,"株式会社ＰｌａｙｃｅＣＵＢＥ",,301,"東京都","千代田区","神田神保町３丁目５番地",,13,101,1010051,,,,,,"令和８年７月１日東京都千代田区神田神保町三丁目７番４号株式会社Ｐｌａｙｃｅ（8011001065684）を合併",2015-10-05,1,,,,,"プレイスキューブ",0
444,3010001060873,01,1,2026-08-24,2015-10-05,"株式会社和光商店",,301,"東京都","中央区","日本橋富沢町７番９号",,13,102,1030006,,,,,,,2015-10-05,1,,,,,,0
445,3010001109134,71,0,2026-08-24,2026-07-14,"株式会社インテージヘルスケア",,301,"東京都","千代田区","神田駿河台４丁目６番地",,13,101,1010062,,,,,,"令和８年７月１日東京都千代田区神田駿河台四丁目６番地株式会社インテージリアルワールド（1010001094428）を合併",2015-10-05,1,,,,,"インテージヘルスケア",0
446,3010001154007,01,1,2026-08-24,2015-10-05,"株式会社雅インターナショナル",,301,"東京都","文京区","本駒込３丁目２番８号",,13,105,1130021,,,,,,,2015-10-05,1,,,,,"ミヤビインターナショナル",0
447,3010001170169,01,1,2026-08-24,2015-10-05,"株式会社マサタカ建設",,301,"東京都","中央区","八丁堀３丁目１７番１６号三立ビル別館２０３号室",,13,102,1040032,,,,,,,2015-10-05,1,,,,,"マサタカケンセツ",0
448,3010001177536,11,0,2026-08-24,2026-07-21,"平手アドバイザリー株式会社",,301,"東京都","中央区","日本橋浜町３丁目１０番９号",,13,102,1030007,,,,,,,2016-08-12,1,,,,,"ヒラテアドバイザリー",0
449,3010001191272,12,0,2026-08-24,2026-08-18,"株式会社ハタリジャパン",,301,"東京都","港区","高輪２丁目１６番２７号グランド・ガーラ高輪９０９",,13,103,1080074,,,,,,,2018-04-23,1,,,,,"ハタリジャパン",0
450,3010001197542,12,0,2026-08-24,2026-07-23,"株式会社Ｌｉｑｕｉｄ",,301,"東京都","中央区","日本橋本町３丁目９番４号日本橋ライフサイエンスビルディング６",,13,102,1030023,,,,,,,2019-01-16,1,,,,,"リキッド",0
451,3010001220254,12,0,2026-08-24,2026-07-23,"株式会社薄月",,301,"東京都","千代田区","西神田１丁目３番",,13,101,1010065,,,,,,,2021-08-05,1,,,,,"ハクゲツ",0
452,3010001249558,01,1,2026-08-24,2024-11-01,"株式会社ＫＮ‐ＶＩＴＡＲＣ",,301,"東京都","文京区","湯島３丁目１番１２－２０１号",,13,105,1130034,,,,,,,2024-11-01,1,,,,,"ケーエヌヴィターク",0
453,3010001264912,01,1,2026-08-24,2026-04-28,"株式会社グローバルデバイス",,301,"東京都","中央区","日本橋堀留町２丁目８番５号",,13,102,1030012,,,,,,,2026-04-28,1,,,,,,0
454,3010003044263,11,0,2026-08-24,2026-07-13,"青い森ファーム合同会社",,305,"東京都","千代田区","飯田橋１丁目３番２号",,13,101,1020072,,,,,,,2024-07-16,1,,,,,"アオイモリファーム",0
455,3010003051235,01,1,2026-08-24,2026-04-28,"合同会社アーバンフロント・ワン",,305,"東京都","千代田区","丸の内１丁目６番５号",,13,101,1000005,,,,,,,2026-04-28,1,,,,,"アーバンフロントワン",0
456,3010003052423,01,0,2026-08-24,2026-08-24,"Ｃｏｔｏｗａｒｙ合同会社",,305,"東京都","千代田区","神田和泉町１―６―１６ヤマトビル４０５",,13,101,1010024,,,,,,,2026-08-24,1,,,,,"コトワリー",0
457,3010401044039,21,0,2026-08-24,2026-07-21,"萬和株式会社",,301,"東京都","港区","芝２丁目２８番８号",,13,103,1050014,,,2026-07-21,01,,,2015-10-05,1,,,,,"マンワ",0
458,3010401106144,01,1,2026-08-24,2015-10-05,"株式会社ｔ－ｌａｂ",,301,"東京都","港区","南青山２丁目９番２１号",,13,103,1070062,,,,,,,2015-10-05,1,,,,,"ティーラブ",0
459,3010401173548,12,0,2026-08-24,2026-08-20,"株式会社Ｓｕｒｖｉｖａｌ　Ｃａｐｉｔａｌ　Ｐａｒｔｎｅｒｓ",,301,"東京都","渋谷区","恵比寿西２丁目４番８号ウィンド恵比寿ビル８Ｆ",,13,113,1500021,,,,,,,2023-04-10,1,,,,,"サバイバルキャピタルパートナーズ",0
460,3010402006203,11,0,2026-08-24,2026-07-22,"ＴＯＫＩ有限会社",,302,"東京都","港区","芝大門２丁目４番４号",,13,103,1050012,,,,,,,2015-10-05,1,,,,,"トキ",0
461,3010403032487,12,0,2026-08-24,2026-08-19,"株式会社旭",,301,"群馬県","前橋市","表町１丁目２３－９－３Ｄ",,10,201,3710024,,,,,,,2024-05-02,1,,,,,"アサヒ",0
462,3010405026074,01,0,2026-08-24,2026-08-24,"ポーラーエナジー一般社団法人",,399,"東京都","港区","芝大門２丁目１２番３号共生ビル２号館７階",,13,103,1050012,,,,,,,2026-08-24,1,,,,,"ポーラーエナジー",0
463,3010502018214,01,1,2026-08-24,2015-10-05,"有馬建設有限会社",,302,"東京都","墨田区","押上１丁目３１番５号",,13,107,1310045,,,,,,,2015-10-05,1,,,,,"アリマケンセツ",0
464,3010601011400,71,0,2026-08-24,2026-08-10,"杉田エース株式会社",,301,"東京都","墨田区","緑２丁目１４番１５号",,13,107,1300021,,,,,,"令和８年７月３１日東京都墨田区緑二丁目１４番１５号株式会社ＵＭＫ（7010001259974）を合併",2015-10-05,1,,,,,"スギタエース",0
465,3010601051470,12,0,2026-08-24,2026-07-27,"株式会社エルスリー",,301,"東京都","中央区","築地７丁目２番１号７階ＷＥＳＴ",,13,102,1040045,,,,,,,2017-04-26,1,,,,,"エルスリー",0
466,3010601066857,12,0,2026-08-24,2026-08-18,"株式会社Ａｎｂｅｅ",,301,"東京都","江東区","門前仲町１丁目１３－１２ハイパーミックス５０７",,13,108,1350048,,,,,,,2025-03-03,1,,,,,"アンビー",0
467,3010701002308,22,0,2026-08-24,2026-07-14,"関東有機株式会社",,301,"東京都","品川区","東五反田２丁目２１番１１－Ａ４０４号",,13,109,1410022,,,,,,,2020-01-16,1,,,,,"カントウユウキ",0
468,3010701020540,12,0,2026-08-24,2026-07-30,"トライエス株式会社",,301,"東京都","品川区","西中延１丁目４番１５号ライオンズマンション西中延１０４号室",,13,109,1420054,,,,,,,2015-10-05,1,,,,,"トライエス",0
469,3010701041082,21,0,2026-08-24,2026-08-17,"株式会社天然物先端美容研究所",,301,"東京都","豊島区","雑司が谷２丁目２２－１５ヴィラルネサンス１０３号室",,13,116,1710032,,,2026-08-17,01,,,2021-06-17,1,,,,,"テンネンブツセンタンビヨウケンキュウジョ",0
470,3010703008451,01,0,2026-08-24,2026-08-24,"合同会社ＲＢＦ　ＡＸＩＳ",,305,"東京都","品川区","南大井４丁目１５番８－６０５号",,13,109,1400013,,,,,,,2026-08-24,1,,,,,"アールビーエフアクシス",0
471,3010802014094,01,1,2026-08-24,2015-10-05,"株式会社Ｍｉｔｓｕｂａ",,301,"東京都","大田区","南蒲田２丁目８番１０号",,13,111,1440035,,,,,,,2015-10-05,1,,,,,"ミツバ",0
472,3010802014912,01,0,2026-08-24,2026-08-24,"有限会社山神会計事務所",,302,"東京都","大田区","蒲田５丁目４９番１０号蒲田グリーンハイツ",,13,111,1440052,,,,,,,2026-08-24,1,,,,,"ヤマガミカイケイジムショ",0
473,3010805003111,12,0,2026-08-24,2026-08-20,"一般社団法人ＢｌｕｅＡｒｃｈ",,399,"東京都","墨田区","緑４丁目３０－１０－９０４",,13,107,1300021,,,,,,,2024-05-14,1,,,,,"ブルーアーチ",0
474,3010901019903,01,1,2026-08-24,2015-10-05,"株式会社フジダクト",,301,"東京都","世田谷区","弦巻３丁目１２番１号サンライズＩＩ３０２",00052708,13,112,1540016,,,,,,,2015-10-05,1,,,,,"フジダクト",0
475,3010901053290,12,0,2026-08-24,2026-08-20,"株式会社ＣＴＦ",,301,"栃木県","小山市","大字神鳥谷１８７１番地４０７",,09,208,3230827,,,,,,,2023-06-23,1,,,,,"シーティーエフ",0
476,3011001045641,12,0,2026-08-24,2026-08-18,"株式会社ダイヤモンド・フィナンシャル・リサーチ",,301,"東京都","港区","六本木１丁目６番１号",,13,103,1060032,,,,,,,2015-10-05,1,,,,,"ダイヤモンドフィナンシャルリサーチ",0
477,3011001138486,12,0,2026-08-24,2026-08-18,"株式会社ダイヤモンド・デジタル＆クリエイターズ",,301,"東京都","港区","六本木１丁目６番１号",,13,103,1060032,,,,,,,2021-02-10,1,,,,,"ダイヤモンドデジタルアンドクリエイターズ",0
478,3011001164648,11,0,2026-08-24,2026-08-06,"３Ｙ‐ＲＯＣＫ株式会社",,301,"東京都","渋谷区","道玄坂１丁目１０番８号渋谷道玄坂東急ビル２Ｆ－Ｃ",,13,113,1500043,,,,,,,2024-09-12,1,,,,,"スリーワイロック",0
479,3011001165480,12,0,2026-08-24,2026-08-07,"株式会社バイオプラ",,301,"東京都","目黒区","駒場４丁目７番１号",,13,110,1530041,,,,,,,2024-11-07,1,,,,,"バイオプラ",0
480,3011001178276,01,1,2026-08-24,2026-06-22,"株式会社ＢＡＣＫＴＯＢＡＧ",,301,"東京都","渋谷区","神南１丁目１１番４号ＦＰＧリンクス神南５階",,13,113,1500041,,,,,,,2026-06-22,0,,,,,"バックトゥバック",0
481,3011001178276,12,0,2026-08-24,2026-08-20,"株式会社ＢＡＣＫＴＯＢＡＧ",,301,"東京都","世田谷区","南烏山４丁目１３番１号ツミタハイツ１０１",,13,112,1570062,,,,,,,2026-06-22,1,,,,,"バックトゥバック",0
482,3011001179836,01,0,2026-08-24,2026-08-24,"株式会社Ａｕｒｅｖｉａ　Ｇｒｏｕｐ",,301,"東京都","渋谷区","神宮前４丁目１４番１３号ハイシティ表参道４２１",,13,113,1500001,,,,,,,2026-08-24,1,,,,,"オーレヴィアグループ",0
483,3011001179844,01,0,2026-08-24,2026-08-24,"株式会社ネクサスドアパートナーズ",,301,"東京都","渋谷区","神南１丁目１１－４ＦＰＧリンクス神南５階",,13,113,1500041,,,,,,,2026-08-24,1,,,,,"ネクサスドアパートナーズ",0
484,3011101058023,12,0,2026-08-24,2026-08-18,"株式会社Ａｒｔ＆Ｍｏｂｉｌｅ",,301,"東京都","港区","北青山１丁目３番１号アールキューブ青山３階",,13,103,1070061,,,,,,,2015-10-05,1,,,,,"アートアンドモバイル",0
485,3011101074516,12,0,2026-08-24,2026-07-23,"株式会社アップリンクス",,301,"東京都","新宿区","四谷本塩町１５番８号廣瀬ビル２Ｆ",,13,104,1600003,,,,,,,2015-10-05,1,,,,,"アップリンクス",0
486,3011101114429,12,0,2026-08-24,2026-08-17,"ＡＱＵＡ株式会社",,301,"東京都","港区","北青山１丁目３番１号アールキューブ青山３階",,13,103,1070061,,,,,,,2026-01-16,1,,,,,"アクア",0
487,3011101117217,01,0,2026-08-24,2026-08-24,"株式会社第一綜合",,301,"東京都","新宿区","西新宿３丁目３番１３号西新宿水間ビル２階",,13,104,1600023,,,,,,,2026-08-24,1,,,,,"ダイイチソウゴウ",0
488,3011105009187,12,0,2026-08-24,2026-07-16,"一般社団法人日中文化観光促進協会",,399,"東京都","新宿区","新宿２丁目１２番１３号新宿アントレサロンビル２階",,13,104,1600022,,,,,,,2019-12-13,1,,,,,"ニッチュウブンカカンコウソクシンキョウカイ",0
489,3011401019609,12,0,2026-08-24,2026-08-18,"株式会社青尽社",,301,"東京都","板橋区","加賀１丁目１０番１４－９０７号",,13,119,1730003,,,,,,,2016-07-21,1,,,,,"セイジンシャ",0
490,3011501031141,12,0,2026-08-24,2026-08-20,"ＣＹＷ株式会社",,301,"東京都","新宿区","榎町３４－３榎町ビル５階－１０室",,13,104,1620806,,,,,,,2024-09-17,1,,,,,"シーワイダブリュー",0
491,3011601028970,21,0,2026-08-24,2026-08-20,"蘇曼飲食株式会社",,301,"東京都","練馬区","春日町６丁目１６番１１フォーチュン光が丘２８０号室",,13,120,1790074,,,2026-08-20,01,,,2025-09-11,1,,,,,"ソマンインショク",0
492,3011601029556,12,0,2026-08-24,2026-08-18,"株式会社ｋｕＬｉａ",,301,"東京都","港区","六本木４丁目８番５号和幸ビル２階",,13,103,1060032,,,,,,,2026-05-07,1,,,,,"クリア",0
493,3011601029837,01,0,2026-08-24,2026-08-24,"株式会社マスタリー",,301,"東京都","練馬区","石神井町６丁目２１番１８号レイクサイド石神井２０２",,13,120,1770041,,,,,,,2026-08-24,1,,,,,"マスタリー",0
494,3011603004672,12,0,2026-08-24,2026-08-18,"合同会社ｓｈｉｏｓａｉ",,305,"東京都","練馬区","大泉町３丁目３０番２号",,13,120,1780062,,,,,,,2025-04-17,1,,,,,"シオサイ",0
495,3011701029670,01,0,2026-08-24,2026-08-24,"株式会社ＣＯＣＯＮＳ",,301,"東京都","江戸川区","興宮町２８番１４号",,13,123,1330042,,,,,,,2026-08-24,1,,,,,"ココンズ",0
496,3011801039859,12,0,2026-08-24,2026-08-20,"株式会社Ｔｒｙ　ｎｕｒｓｉｎｇ",,301,"東京都","品川区","戸越４丁目３－１８ＶＩＣＡＣＲＯＳＳＴＯＧＯＳＨＩ１０１",,13,109,1420041,,,,,,,2021-10-21,1,,,,,"トライナーシング",0
497,3011801046384,12,0,2026-08-24,2026-08-19,"株式会社ユノプロパティーズ",,301,"東京都","千代田区","内神田２丁目５番９号１階",,13,101,1010047,,,,,,,2025-07-01,1,,,,,"ユノプロパティーズ",0
498,3011802014332,01,1,2026-08-24,2015-10-05,"須賀兄弟食品有限会社",,302,"東京都","足立区","竹の塚４丁目１３番１０号",,13,121,1210813,,,,,,,2015-10-05,1,,,,,"スガキョウダイショクヒン",0
499,3012302000946,01,1,2026-08-24,2015-10-05,"有限会社栄進",,302,"東京都","町田市","つくし野１丁目３６番地２１",,13,209,1940001,,,,,,,2015-10-05,0,,,,,"エイシン",0
500,3012302000946,21,0,2026-08-24,2026-08-21,"有限会社栄進",,302,"東京都","町田市","つくし野１丁目３６番地２１",,13,209,1940001,,,2026-08-21,01,,,2015-10-05,1,,,,,"エイシン",0
501,3012401009731,01,1,2026-08-24,2015-10-05,"株式会社アイアール",,301,"東京都","小金井市","梶野町４丁目１６番６号",,13,210,1840002,,,,,,,2015-10-05,1,,,,,"アイアール",0
502,3012401033070,12,0,2026-08-24,2026-08-04,"ノウザー株式会社",,301,"東京都","武蔵野市","吉祥寺本町２丁目３５番１１号",,13,203,1800004,,,,,,,2017-08-14,1,"NOSAER Co., Ltd.","Tokyo","4-2-1 Nukuikitamachi, Koganei shi",,"ノウザー",0
503,3012701019604,01,0,2026-08-24,2026-08-24,"株式会社シラトリ",,301,"東京都","西東京市","西原町５丁目３番３３号",,13,229,1880004,,,,,,,2026-08-24,1,,,,,"シラトリ",0
504,3012802004439,11,0,2026-08-24,2026-08-04,"株式会社サカエプロニクス",,301,"東京都","武蔵村山市","伊奈平１丁目６６番地２",,13,223,2080023,,,,,,,2015-10-05,1,,,,,"サカエプロニクス",0
505,3013101010087,01,0,2026-08-24,2026-08-24,"株式会社みんなサポートオフィス",,301,"東京都","青梅市","東青梅６丁目２７番地の６",,13,205,1980042,,,,,,,2026-08-24,1,,,,,"ミンナサポートオフィス",0
506,3013305002995,11,0,2026-08-24,2026-08-17,"一般社団法人ＵＮ　ＭＡＮＳＯＮ　ＦＦＳ　ＣＯＭＭＩＴＴＥＥ　ＪＰ",,399,"静岡県","沼津市","下香貫宮脇３１４番地の３",,22,203,4100822,,,,,,,2019-09-11,1,,,,,"ユーエヌマンソンエフエフエスコミッティージェーピー",0
507,3020001126517,01,1,2026-08-24,2018-05-30,"株式会社カスタムケースドットジェーピー",,301,"神奈川県","川崎市中原区","宮内４丁目２８番１２",,14,133,2110051,,,,,,,2018-05-30,1,,,,,"カスタムケースドットジェーピー",0
508,3020002047299,21,0,2026-08-24,2026-08-03,"生形塗装有限会社",,302,"神奈川県","横浜市磯子区","原町１２番１１号",,14,107,2350008,,,2026-08-03,01,,,2015-10-05,1,,,,,"ウブカタトソウ",0
509,3020003017739,21,0,2026-08-24,2026-07-28,"三源合同会社",,305,"神奈川県","横浜市青葉区","松風台２６番地６",,14,117,2270067,,,2026-07-28,01,,,2020-04-14,1,,,,,"サンゲン",0
510,3020005017381,01,0,2026-08-24,2026-08-24,"一般社団法人浜の里",,399,"神奈川県","横浜市戸塚区","吉田町１２０６－７",,14,110,2440817,,,,,,,2026-08-24,1,,,,,"ハマノサト",0
511,3021001032977,01,1,2026-08-24,2015-10-05,"株式会社ＪＲＣ",,301,"神奈川県","小田原市","栄町２丁目１２番４５号",,14,206,2500011,,,,,,,2015-10-05,1,,,,,"ジェイアールシー",0
512,3021002031185,12,0,2026-08-24,2026-07-30,"有限会社栄善建設",,302,"神奈川県","海老名市","社家５丁目１４番１５号",,14,215,2430424,,,,,,,2015-10-05,1,,,,,"エイゼンケンセツ",0
513,3030001032037,01,1,2026-08-24,2015-10-05,"株式会社コタキ",,301,"埼玉県","加須市","飯積１０３１番地３",,11,210,3491211,,,,,,,2015-10-05,1,,,,,"コタキ",0
514,3030001044346,21,0,2026-08-24,2026-08-17,"富士ロジスティックス株式会社",,301,"東京都","板橋区","高島平９丁目３番５－４０２号",,13,119,1750082,,,2026-08-17,01,,,2015-10-05,1,,,,,"フジロジスティックス",0
515,3030001069129,21,0,2026-08-24,2026-08-04,"株式会社茶庄",,301,"埼玉県","鶴ヶ島市","大字脚折１８２２番地３",,11,241,3502213,,,2026-08-04,01,,,2015-10-05,1,,,,,"チャショウ",0
516,3030001115139,01,1,2026-08-24,2016-06-29,"株式会社北越谷住装",,301,"埼玉県","越谷市","東大沢１丁目２２番地１７",,11,222,3430022,,,,,,,2016-06-29,1,,,,,"キタコシガヤジュウソウ",0
517,3030001131078,12,0,2026-08-24,2026-08-17,"株式会社ＩＰ",,301,"東京都","豊島区","西池袋５丁目２８番５号エステムプラザ池袋立教通り６０３",,13,116,1710021,,,,,,,2019-05-27,1,,,,,"アイピー",0
518,3030001160548,21,0,2026-08-24,2026-08-05,"ＨＡＰＰＹ　ＨＩＶＥ株式会社",,301,"埼玉県","川口市","栄町３丁目１１番１０号",,11,203,3320017,,,2026-08-05,01,,,2024-06-05,1,,,,,"ハッピーハイブ",0
519,3030001173863,01,0,2026-08-24,2026-08-24,"国際ミライ株式会社",,301,"埼玉県","川口市","戸塚４丁目２６番５号",,11,203,3330811,,,,,,,2026-08-24,1,,,,,"コクサイミライ",0
520,3030001173871,01,0,2026-08-24,2026-08-24,"小松屋管理株式会社",,301,"埼玉県","入間市","扇町屋１丁目３番１５号",,11,225,3580022,,,,,,,2026-08-24,1,,,,,"コマツヤカンリ",0
521,3030001173888,01,0,2026-08-24,2026-08-24,"株式会社ヴォルテクソン",,301,"埼玉県","秩父市","寺尾２０８７番地",,11,207,3680056,,,,,,,2026-08-24,1,,,,,"ヴォルテクソン",0
522,3030001173905,01,0,2026-08-24,2026-08-24,"株式会社ＦＬＥＵＲ",,301,"埼玉県","草加市","遊馬町２００番地１０",,11,221,3400032,,,,,,,2026-08-24,1,,,,,"フルール",0
523,3030002031814,01,1,2026-08-24,2015-10-05,"有限会社三友不動産",,302,"埼玉県","所沢市","上新井４丁目２４番地の２",,11,208,3591142,,,,,,,2015-10-05,1,,,,,"サンユウフドウサン",0
524,3030002120212,01,1,2026-08-24,2015-10-05,"有限会社サカエ建設",,302,"埼玉県","日高市","高麗川２丁目１９番地１８",,11,242,3501249,,,,,,,2015-10-05,1,,,,,"サカエケンセツ",0
525,3040001004943,11,0,2026-08-24,2026-08-03,"株式会社ルクアス",,301,"千葉県","千葉市若葉区","殿台町２８９番地",,12,104,2640036,,,,,,,2015-10-05,0,,,,,"ルクアス",0
526,3040001004943,71,0,2026-08-24,2026-08-03,"株式会社ルクアス",,301,"千葉県","千葉市若葉区","殿台町２８９番地",,12,104,2640036,,,,,,"令和８年８月１日千葉市稲毛区黒砂台一丁目１９番１１号有限会社茂元（3040002005321）を合併",2015-10-05,1,,,,,"ルクアス",0
527,3040001102375,11,0,2026-08-24,2026-08-03,"株式会社Ｒｅｖｅ　Ｌｉｂｅｒｔｅ",,301,"千葉県","千葉市中央区","新町１５番地１６",,12,101,2600028,,,,,,,2017-11-07,1,,,,,"レーヴリベルテ",0
528,3040001123958,21,0,2026-08-24,2026-08-03,"株式会社Ｅｌａｎ",,301,"千葉県","柏市","千代田２丁目２番８号１Ｄ",,12,217,2770025,,,2026-08-03,01,,,2022-06-22,1,,,,,"エラン",0
529,3040001144954,01,0,2026-08-24,2026-08-24,"ＢｉｚＬｉｎｋ株式会社",,301,"千葉県","千葉市中央区","塩田町４３４番地１竹徳ビル３階",,12,101,2600823,,,,,,,2026-08-24,1,,,,,"ビズリンク",0
530,3040001145003,01,0,2026-08-24,2026-08-24,"株式会社ＴＡＭＡＫＡＺＵ",,301,"千葉県","印西市","草深２５１２番地１４",,12,231,2701337,,,,,,,2026-08-24,1,,,,,"タマカズ",0
531,3040001145028,01,0,2026-08-24,2026-08-24,"株式会社ファーストライス",,301,"千葉県","我孫子市","泉４番１－６１２号メゾン・デュオーラ天王台",,12,222,2701142,,,,,,,2026-08-24,1,,,,,"ファーストライス",0
532,3040001145036,01,0,2026-08-24,2026-08-24,"株式会社ＳＡＷＡＮＥＣＴ",,301,"千葉県","松戸市","馬橋５２５番地の９",,12,207,2710051,,,,,,,2026-08-24,1,,,,,"サワネクト",0
533,3040002005321,01,1,2026-08-24,2015-10-05,"有限会社茂元",,302,"千葉県","千葉市稲毛区","黒砂台１丁目１９番１１号",,12,103,2630041,,,,,,,2015-10-05,0,,,,,"シゲモト",0
534,3040002005321,21,0,2026-08-24,2026-08-03,"有限会社茂元",,302,"千葉県","千葉市稲毛区","黒砂台１丁目１９番１１号",,12,103,2630041,,,2026-08-03,11,3040001004943,"令和８年８月１日千葉市若葉区殿台町２８９番地株式会社ルクアス（3040001004943）に合併し解散",2015-10-05,1,,,,,"シゲモト",0
535,3040003017456,21,0,2026-08-24,2026-08-03,"エイチエム合同会社",,305,"埼玉県","草加市","西町１１０２番地１コンフォートＴ・Ｋ－３０３号",,11,221,3400035,,,2026-08-03,01,,,2021-04-12,1,,,,,"エイチエム",0
536,3040003025054,21,0,2026-08-24,2026-08-03,"合同会社サンフーグル",,305,"千葉県","柏市","西町９番１９号",,12,217,2770844,,,2026-08-03,01,,,2024-05-24,1,,,,,"サンフーグル",0
537,3050001027175,01,1,2026-08-24,2015-10-05,"カタオカサービス株式会社",,301,"茨城県","土浦市","田宮６０９番地",,08,203,3004105,,,,,,,2015-10-05,1,,,,,"カタオカサービス",0
538,3060005000631,21,0,2026-08-24,2026-08-21,"職業訓練法人宇都宮共同高等産業技術学校運営会",,399,"栃木県","宇都宮市","中戸祭町８４８番地",,09,201,3200052,,,2026-08-21,01,,,2015-10-05,1,,,,,"ウツノミヤキョウドウコウトウサンギョウギジュツガッコウウンエイカイ",0
539,3070003001564,21,0,2026-08-24,2026-08-12,"合同会社太陽",,305,"群馬県","高崎市","倉賀野町４９番地５",,10,202,3701201,,,2026-08-12,01,,,2015-10-05,1,,,,,"タイヨウ",0
540,3080002003073,12,0,2026-08-24,2026-08-21,"株式会社ザ・太陽",,301,"静岡県","静岡市駿河区","泉町２番３号アズマビル６階Ａ",,22,102,4228066,,,,,,,2015-10-05,1,,,,,"ザタイヨウ",0
541,3080401020537,12,0,2026-08-24,2026-08-20,"株式会社Ｂｏｏｋｍａｒｋ　Ｄｅｓｉｇｎ",,301,"静岡県","浜松市中央区","若林町１１９６番地の２",,22,138,4328051,,,,,,,2015-10-05,1,,,,,"ブックマークデザイン",0
542,3090001011893,01,1,2026-08-24,2015-10-05,"株式会社浅間組",,301,"山梨県","西八代郡市川三郷町","高田２３８９番地",,19,346,4093606,,,,,,,2015-10-05,1,,,,,"アサマグミ",0
543,3100001039958,01,0,2026-08-24,2026-08-24,"株式会社フラット横田",,301,"長野県","長野市","三輪８丁目３８－１９",,20,201,3800803,,,,,,,2026-08-24,1,,,,,"フラットヨコタ",0
544,3100003005066,12,0,2026-08-24,2026-08-12,"合同会社信州土建",,305,"長野県","諏訪市","大字上諏訪６２９１番地１",,20,206,3920003,,,,,,,2018-08-07,0,,,,,"シンシュウドケン",0
545,3100003005066,11,0,2026-08-24,2026-08-12,"ＤＡＩＧＯ　ＩＮＤＵＳＴＲＩＥＳ合同会社",,305,"長野県","諏訪市","大字上諏訪６２９１番地１",,20,206,3920003,,,,,,,2018-08-07,1,,,,,"ダイゴインダストリーズ",0
546,3110001040304,01,0,2026-08-24,2026-08-24,"株式会社リンクアンドプラクシス",,301,"新潟県","魚沼市","十日町３０４番地１",,15,225,9460035,,,,,,,2026-08-24,1,,,,,"リンクアンドプラクシス",0
547,3110002029610,21,0,2026-08-24,2026-08-20,"有限会社和同住宅",,302,"新潟県","長岡市","川崎２丁目２５２９番地４",,15,202,9400864,,,2026-08-20,01,,,2015-10-05,1,,,,,,0
548,3120001049641,12,0,2026-08-24,2026-08-07,"株式会社笹興",,301,"大阪府","大阪市西淀川区","竹島４丁目７番３２号",,27,113,5550011,,,,,,,2015-10-05,0,,,,,"ササコウ",0
549,3120001049641,11,0,2026-08-24,2026-08-07,"株式会社ササクラグループ",,301,"大阪府","大阪市西淀川区","竹島４丁目７番３２号",,27,113,5550011,,,,,,,2015-10-05,1,,,,,"ササクラグループ",0
550,3120001197036,01,1,2026-08-24,2016-03-24,"株式会社ＴＫ",,301,"大阪府","大阪市北区","菅原町１０番１２－３１０１号",,27,127,5300046,,,,,,,2016-03-24,1,,,,,"ティーケー",0
551,3120001207554,12,0,2026-08-24,2026-08-18,"株式会社イーサポート",,301,"大阪府","茨木市","舟木町１１番２７－２０１号",,27,211,5670828,,,,,,,2017-08-23,1,,,,,"イーサポート",0
552,3120001208619,11,0,2026-08-24,2026-08-17,"日本蓄電株式会社",,301,"大阪府","大阪市中央区","高津２丁目４－６－７１０号",,27,128,5420072,,,,,,,2017-10-10,1,,,,,"ニホンチクデン",0
553,3120001217446,12,0,2026-08-24,2026-07-22,"株式会社サインホールディングスジャパン",,301,"東京都","港区","六本木３丁目１６番１２号ＫＳビル５Ｆ",,13,103,1060032,,,,,,,2018-11-30,1,,,,,"サインホールディングスジャパン",0
554,3120001241652,21,0,2026-08-24,2026-08-18,"タコヤキフィルム株式会社",,301,"大阪府","大阪市北区","梅田２丁目５番１３号桜橋第一ビル３０４号",,27,127,5300001,,,2026-08-18,01,,,2021-11-05,1,,,,,"タコヤキフィルム",0
555,3120001255933,12,0,2026-08-24,2026-08-20,"株式会社復米",,301,"東京都","新宿区","榎町３４－３榎町ビル５階－０４室",,13,104,1620806,,,,,,,2023-06-23,1,,,,,"フクマイ",0
556,3120001257839,12,0,2026-08-24,2026-08-20,"株式会社ＳＭＩＬＥ",,301,"奈良県","生駒市","高山町１３６番地１５９",,29,209,6300101,,,,,,,2023-09-06,1,,,,,"スマイル",0
557,3120001278323,12,0,2026-08-24,2026-08-19,"ＪｕＤ’Ａｒｋ株式会社",,301,"熊本県","熊本市中央区","大江１丁目１番１－１２０２号",,43,101,8620971,,,,,,,2025-08-01,1,,,,,"ジュダーク",0
558,3120001280188,11,0,2026-08-24,2026-08-14,"ＬＯＨＡＳ　ＥＮＧＩＮＥ株式会社",,301,"大阪府","大阪市北区","梅田１丁目２番２号大阪駅前第２ビル１２－１２",,27,127,5300001,,,,,,,2025-10-03,1,,,,,"ロハスエンジン",0
559,3120001288438,01,0,2026-08-24,2026-08-24,"ホシノヴァスタジオ株式会社",,301,"大阪府","大阪市西成区","千本南１丁目１６番１４－１０１号",,27,122,5570055,,,,,,,2026-08-24,1,,,,,"ホシノヴァスタジオ",0
560,3120001288652,01,0,2026-08-24,2026-08-24,"株式会社ｂｏｏ",,301,"大阪府","大阪市中央区","南船場３丁目２番２２号おおきに南船場ビル２０５",,27,128,5420081,,,,,,,2026-08-24,1,,,,,"ブー",0
561,3120002052909,12,0,2026-08-24,2026-08-06,"有限会社総合サポートセンター",,302,"大阪府","大阪市浪速区","元町１丁目５番７号ナンバプラザビル６階",,27,111,5560016,,,,,,,2015-10-05,1,,,,,"ソウゴウサポートセンター",0
562,3120003017927,01,1,2026-08-24,2020-08-13,"５７ＪＰＮ合同会社",,305,"大阪府","寝屋川市","田井西町１６番１７号",,27,215,5720020,,,,,,,2020-08-13,1,,,,,"コナジャパン",0
563,3120003027983,12,0,2026-08-24,2026-08-13,"ＣＨＵＣＨＵ合同会社",,305,"大阪府","大阪市西成区","花園南２丁目２番３６号",,27,122,5570015,,,,,,,2024-11-18,1,,,,,"チュチュ",0
564,3120003029848,21,0,2026-08-24,2026-08-20,"合同会社ＷＩＤＥＮ",,305,"大阪府","大阪市阿倍野区","松崎町３丁目１４番３１号常盤グランドハイツ１０５号",,27,119,5450053,,,2026-08-20,01,,,2025-06-25,1,,,,,"ワイデン",0
565,3120003031960,12,0,2026-08-24,2026-08-17,"合同会社よる",,305,"大阪府","大阪市西成区","山王１丁目９番６号リージェント天王寺別館",,27,122,5570001,,,,,,,2026-02-20,1,,,,,"ヨル",0
566,3120003033239,01,0,2026-08-24,2026-08-24,"合同会社ＡＩソシエティー",,305,"大阪府","大阪市住吉区","墨江４丁目５番２４号レオパレスアブリール３番館１０３号",,27,120,5580043,,,,,,,2026-08-24,1,,,,,"エイアイソシエティー",0
567,3120005014311,01,1,2026-08-24,2015-10-05,"医療法人明誠会",,399,"大阪府","枚方市","津田元町１丁目１５番５号アルコーブ岡本１階",,27,210,5730127,,,,,,,2015-10-05,1,,,,,"メイセイカイ",0
568,3120103005286,21,0,2026-08-24,2026-08-18,"Ｄ＆ＡデパートＪａｐａｎ合同会社",,305,"大阪府","堺市西区","浜寺諏訪森町西４丁３１７番地３",,27,144,5928347,,,2026-08-18,01,,,2023-06-20,1,,,,,"ディアンドエイデパートジャパン",0
569,3120902005882,12,0,2026-08-24,2026-08-20,"株式会社キャナック",,301,"大阪府","豊中市","東豊中町６丁目７番２６号",,27,203,5600003,,,,,,,2015-10-05,1,,,,,"キャナック",0
570,3120903006335,01,0,2026-08-24,2026-08-24,"合同会社ＴＫマネジメント",,305,"大阪府","茨木市","春日１丁目１３番３２号",,27,211,5670031,,,,,,,2026-08-24,1,,,,,"ティーケーマネジメント",0
571,3130001043569,01,1,2026-08-24,2015-10-05,"株式会社日本電気商会",,301,"京都府","舞鶴市","字喜多１０４８番地の８",,26,202,6240945,,,,,,,2015-10-05,1,,,,,"ニホンデンキショウカイ",0
572,3130001058749,01,1,2026-08-24,2016-11-29,"株式会社ＫＩＫＵＳＵＩ　Ｈ．Ｄ．",,301,"京都府","京都市中京区","西ノ京南上合町１０４番地",,26,104,6048483,,,,,,,2016-11-29,1,,,,,"キクスイエイチディー",0
573,3130002001492,21,0,2026-08-24,2026-08-03,"有限会社法雲院ガレージ",,302,"京都府","京都市右京区","太秦蜂岡町１７番地",,26,108,6168162,,,2026-08-03,01,,,2015-10-05,1,,,,,"ホウウンインガレージ",0
574,3130002005584,01,1,2026-08-24,2015-10-05,"有限会社壮一商事",,302,"京都府","京都市左京区","岩倉三笠町１１１番地",,26,103,6060008,,,,,,,2015-10-05,1,,,,,"ソウイチショウジ",0
575,3130002026779,21,0,2026-08-24,2026-08-04,"有限会社橋本商店",,302,"京都府","宇治市","五ケ庄大林３６番地",,26,204,6110011,,,2026-08-04,01,,,2015-10-05,1,,,,,"ハシモトショウテン",0
576,3130002027447,01,1,2026-08-24,2015-10-05,"京竹風庵有限会社",,302,"京都府","久世郡久御山町","野村村東４３番地",,26,322,6130023,,,,,,,2015-10-05,1,,,,,"キョウチクフウアン",0
577,3130002032059,21,0,2026-08-24,2026-07-30,"有限会社梅徹商店",,302,"京都府","宮津市","字魚屋９４１番地",,26,205,6260015,,,2026-07-30,01,,,2015-10-05,1,,,,,"ウメテツショウテン",0
578,3130003011607,01,0,2026-08-24,2026-08-24,"合同会社ＢＣケアセレクト",,305,"京都府","京都市右京区","太秦門田町１５－１－４１３",,26,108,6168117,,,,,,,2026-08-24,1,,,,,"ビーシーケアセレクト",0
579,3140001043551,12,0,2026-08-24,2026-08-12,"株式会社ホームケアー関西",,301,"兵庫県","加古川市","加古川町備後３９４番地",,28,210,6750032,,,,,,,2015-10-05,1,,,,,"ホームケアーカンサイ",0
580,3140001045317,01,1,2026-08-24,2015-10-05,"株式会社福助堂",,301,"兵庫県","高砂市","荒井町若宮町２番１５号",,28,216,6760018,,,,,,,2015-10-05,1,,,,,"フクスケドウ",0
581,3140001074679,12,0,2026-08-24,2026-08-18,"株式会社メープル",,301,"大阪府","大阪市北区","堂島２丁目４－４－５０２",,27,127,5300003,,,,,,,2015-10-05,1,,,,,"メープル",0
582,3140001143731,01,0,2026-08-24,2026-08-24,"株式会社Ｂｏｎｎｅｖｉｌｌｅ’ｓ",,301,"兵庫県","川辺郡猪名川町","木津字戸塚尻１番地の４",00144707,28,301,6660225,,,,,,,2026-08-24,1,,,,,"ボンネビルズ",0
583,3140001143789,01,0,2026-08-24,2026-08-24,"株式会社ＢＥＡＤＹ　ＥＹＥ",,301,"兵庫県","神戸市東灘区","向洋町中１丁目４番地１２４号棟０１２号室",,28,101,6580032,,,,,,,2026-08-24,1,,,,,"ビーディーアイ",0
584,3140002001269,21,0,2026-08-24,2026-08-13,"有限会社オートテクニカルセンター",,302,"兵庫県","神戸市東灘区","魚崎南町４丁目１４番１８号",,28,101,6580025,,,2026-08-13,01,,,2015-10-05,1,,,,,"オートテクニカルセンター",0
585,3140003018089,12,0,2026-08-24,2026-08-19,"ヒルトップ合同会社",,305,"大阪府","豊中市","新千里西町１丁目２番１１－８０１号",,27,203,5600083,,,,,,,2022-09-06,1,,,,,"ヒルトップ",0
586,3150001006961,01,1,2026-08-24,2015-10-05,"株式会社海生",,301,"奈良県","生駒郡斑鳩町","龍田北２丁目１０番２３号",00042783,29,344,6360151,,,,,,,2015-10-05,0,,,,,"カイセイ",0
587,3150001006961,12,1,2026-08-24,2016-07-06,"株式会社海生",,301,"奈良県","生駒郡斑鳩町","龍田北２丁目１０番１３号",00107282,29,344,6360151,,,,,,,2015-10-05,1,,,,,"カイセイ",0
588,3150001012588,11,0,2026-08-24,2026-08-13,"株式会社シナジー",,301,"奈良県","香芝市","西真美２丁目２９番地の８",,29,210,6390222,,,,,,,2015-10-05,1,,,,,"シナジー",0
589,3170001019227,01,0,2026-08-24,2026-08-24,"株式会社ＡＤＲＫ",,301,"和歌山県","伊都郡かつらぎ町","大字西渋田８番地の７",,30,341,6497154,,,,,,,2026-08-24,1,,,,,"アダリカ",0
590,3170002010952,01,1,2026-08-24,2015-10-05,"有限会社中野商会",,302,"和歌山県","伊都郡かつらぎ町","大字兄井３３５番地",,30,341,6497137,,,,,,,2015-10-05,1,,,,,"ナカノショウカイ",0
591,3180001074766,12,0,2026-08-24,2026-08-19,"畑佐興業株式会社",,301,"愛知県","春日井市","北城町３丁目４番地４",,23,206,4860814,,,,,,,2015-10-05,1,,,,,"ハタサコウギョウ",0
592,3180001162389,21,0,2026-08-24,2026-08-20,"株式会社ミライ",,301,"愛知県","名古屋市中川区","野田２丁目２５７番地カーザアメイシア１０１号",,23,110,4540912,,,2026-08-20,01,,,2024-07-26,1,,,,,"ミライ",0
593,3180001168114,12,0,2026-08-24,2026-08-17,"Ｔ‐ＣＲＡＦＴ株式会社",,301,"愛知県","大府市","追分町２丁目１１－１",,23,223,4740027,,,,,,,2025-08-05,1,,,,,"ティークラフト",0
594,3180001173196,01,0,2026-08-24,2026-08-24,"株式会社ＬＯＶＥＬｉｎ",,301,"愛知県","名古屋市中区","錦１丁目４番１９号－７０３",,23,106,4600003,,,,,,,2026-08-24,1,,,,,"ラブリン",0
595,3180001173213,01,0,2026-08-24,2026-08-24,"株式会社ＲｏｃｋＺａ",,301,"愛知県","丹羽郡扶桑町","大字高雄字下山８４",,23,362,4800102,,,,,,,2026-08-24,1,,,,,"ロックザ",0
596,3180001173238,01,0,2026-08-24,2026-08-24,"福谷不動産株式会社",,301,"愛知県","名古屋市熱田区","古新町１丁目１０８番地４",,23,109,4560064,,,,,,,2026-08-24,1,,,,,"フクタニフドウサン",0
597,3180003021535,12,0,2026-08-24,2026-08-13,"ＮＮＰ合同会社",,305,"岐阜県","大垣市","南若森５丁目５０番地１",,21,202,5030977,,,,,,,2020-08-21,1,,,,,"エヌエヌピー",0
598,3180003023754,12,0,2026-08-24,2026-08-13,"合同会社ＲＬＳ",,305,"愛知県","名古屋市中区","平和２丁目２番２０号グリュック平和１２０１号",,23,106,4600021,,,,,,,2022-04-25,1,,,,,"アールエルエス",0
599,3180003023861,21,0,2026-08-24,2026-08-17,"合同会社いざわ",,305,"愛知県","名古屋市中区","大須２丁目２５番３３号",,23,106,4600011,,,2026-08-17,01,,,2022-05-24,1,,,,,"イザワ",0
600,3180003030701,01,0,2026-08-24,2026-08-24,"合同会社おおはし",,305,"愛知県","名古屋市北区","喜惣治１丁目１５３番地",,23,103,4620065,,,,,,,2026-08-24,1,,,,,"オオハシ",0
601,3180005021302,12,0,2026-08-24,2026-08-20,"一般社団法人よつば",,399,"愛知県","瀬戸市","北山町７番地新瀬戸北山パーク・ホームズ６０７",,23,204,4890984,,,,,,,2025-11-12,1,,,,,"ヨツバ",0
602,3180005021649,01,0,2026-08-24,2026-08-24,"特定非営利活動法人佐藤仙務・未来プロジェクト",,399,"愛知県","東海市","加木屋町愛敬１２３番地の２",,23,222,4770032,,,,,,,2026-08-24,1,,,,,"サトウヒサムミライプロジェクト",0
603,3180301007062,21,0,2026-08-24,2026-08-20,"株式会社北部精文館",,301,"愛知県","豊橋市","牛川町字薬師前１番地の１２",,23,201,4400016,,,2026-08-20,01,,,2015-10-05,1,,,,,,0
604,3180301011849,01,1,2026-08-24,2015-10-05,"株式会社太飛",,301,"愛知県","豊川市","上野２丁目１４４番地１",,23,207,4420801,,,,,,,2015-10-05,1,,,,,"ダイト",0
605,3180301014744,01,1,2026-08-24,2015-10-05,"杉浦技工株式会社",,301,"愛知県","知立市","上重原５丁目１５番地",,23,225,4720058,,,,,,,2015-10-05,1,,,,,"スギウラギコウ",0
606,3180301020420,21,0,2026-08-24,2026-08-17,"東新テクノ株式会社",,301,"愛知県","豊田市","若林西町宮下２０番地１",,23,211,4730917,,,2026-08-17,01,,,2015-10-05,1,,,,,"トウシンテクノ",0
607,3180301038181,12,0,2026-08-24,2026-08-20,"株式会社ユヒコ",,301,"愛知県","名古屋市北区","黒川本通３丁目４２番地１号",,23,103,4620841,,,,,,,2023-12-28,1,,,,,"ユヒコ",0
608,3190001029711,21,0,2026-08-24,2026-08-18,"株式会社福屋",,301,"東京都","江東区","亀戸３丁目２－１１－８０２ライオンズマンション亀戸第６",,13,108,1360071,,,2026-08-18,01,,,2022-08-24,1,,,,,"フクヤ",0
609,3190001030413,01,1,2026-08-24,2023-05-17,"株式会社カンブリ",,301,"三重県","三重郡朝日町","大字縄生１９８０番地２五福ガーデンＡ１０１号室",,24,343,5108101,,,,,,,2023-05-17,0,,,,,"カンブリ",0
610,3190001030413,11,1,2026-08-24,2026-08-12,"株式会社和",,301,"三重県","三重郡朝日町","大字縄生１９８０番地２五福ガーデンＡ１０１号室",,24,343,5108101,,,,,,,2023-05-17,0,,,,,"カンブリ",0
611,3190001030413,12,0,2026-08-24,2026-08-19,"株式会社和",,301,"愛知県","西春日井郡豊山町","大字豊場字冨士６８番地７",,23,342,4800202,,,,,,,2023-05-17,1,,,,,"カンブリ",0
612,3200001032647,01,1,2026-08-24,2016-03-04,"株式会社地域情報",,301,"岐阜県","岐阜市","矢島町２丁目５５番地１－６０１",,21,201,5008082,,,,,,,2016-03-04,1,,,,,"チイキジョウホウ",0
613,3200001033166,01,1,2026-08-24,2016-08-09,"株式会社竹原重機",,301,"岐阜県","岐阜市","小西郷５４５番地１",,21,201,5011176,,,,,,,2016-08-09,1,,,,,"タケハラジュウキ",0
614,3200002026409,11,0,2026-08-24,2026-08-17,"有限会社和",,302,"岐阜県","高山市","川原町３０番地２",,21,203,5060023,,,,,,,2015-10-05,1,,,,,"ナゴミ",0
615,3200003007449,01,0,2026-08-24,2026-08-24,"合同会社住浅",,305,"岐阜県","高山市","上一之町２２番地",,21,203,5060844,,,,,,,2026-08-24,1,,,,,"スミアサ",0
616,3200005008429,01,1,2026-08-24,2015-10-05,"御嶽神社",,399,"岐阜県","土岐市","曽木町３０７番地",,21,212,5095402,,,,,,,2015-10-05,1,,,,,"オンタケジンジャ",0
617,3220001006582,01,1,2026-08-24,2015-10-05,"株式会社松井自動車",,301,"石川県","金沢市","間明町２丁目１９５番地",,17,201,9218005,,,,,,,2015-10-05,1,,,,,"マツイジドウシャ",0
618,3230001001731,12,0,2026-08-24,2026-08-20,"株式会社中部自動車商会",,301,"富山県","富山市","安養寺６５７番地１",,16,201,9398177,,,,,,,2015-10-05,1,,,,,"チュウブジドウシャショウカイ",0
619,3230002008395,01,1,2026-08-24,2015-10-05,"有限会社ボンジュール",,302,"富山県","魚津市","相木新１３番地２",,16,204,9370047,,,,,,,2015-10-05,0,,,,,"ボンジュール",0
620,3230002008395,12,1,2026-08-24,2026-08-20,"有限会社ボンジュール",,302,"富山県","魚津市","吉島２１２５番地２テラスマーキー２０５",,16,204,9370041,,,,,,,2015-10-05,1,,,,,"ボンジュール",0
621,3240001017768,12,0,2026-08-24,2026-08-19,"ＰＦＩ坂宿舎株式会社",,301,"広島県","広島市東区","二葉の里３丁目３番３号",,34,102,7320057,,,,,,,2015-10-05,1,,,,,"ピーエフアイサカシュクシャ",0
622,3240001053292,12,0,2026-08-24,2026-08-20,"株式会社ＴＫコーポレーション",,301,"山口県","下関市","東向山町１３番２６号",,35,201,7500048,,,,,,,2018-09-13,1,,,,,"ティーケーコーポレーション",0
623,3240002041569,01,1,2026-08-24,2015-10-05,"有限会社大輝",,302,"広島県","福山市","川口町１丁目２１番１４号",,34,207,7200822,,,,,,,2015-10-05,1,,,,,"ダイキ",0
624,3250001021785,01,0,2026-08-24,2026-08-24,"株式会社タスキ",,301,"山口県","防府市","清水町７‐２３",,35,206,7470842,,,,,,,2026-08-24,1,,,,,"タスキ",0
625,3250005005355,01,1,2026-08-24,2015-10-05,"神田神社",,399,"山口県","周南市","大字湯野６９４番地の９",,35,215,7451132,,,,,,,2015-10-05,1,,,,,"カンダジンジャ",0
626,3280001009704,01,0,2026-08-24,2026-08-24,"ＲＥＢＥＬ株式会社",,301,"島根県","出雲市","西林木町６１４番地",,32,203,6930073,,,,,,,2026-08-24,1,,,,,"レベル",0
627,3290001010231,01,1,2026-08-24,2015-10-05,"株式会社フューチャーマーケティング",,301,"福岡県","福岡市中央区","舞鶴２丁目８番６号",,40,133,8100073,,,,,,,2015-10-05,1,,,,,"フューチャーマーケティング",0
628,3290001050962,01,1,2026-08-24,2015-10-05,"株式会社スリーアローズ",,301,"福岡県","久留米市","大善寺町夜明４１５番地８",,40,203,8300074,,,,,,,2015-10-05,1,,,,,"スリーアローズ",0
629,3290001066348,01,1,2026-08-24,2015-10-05,"強い会社をつくる株式会社",,301,"福岡県","福岡市中央区","舞鶴１丁目９番３号１１Ｆ",,40,133,8100073,,,,,,,2015-10-05,1,,,,,"ツヨイカイシャヲツクル",0
630,3290001075522,01,1,2026-08-24,2016-10-18,"株式会社ファンタスティックパークスふくつ",,301,"福岡県","福津市","小竹１丁目４番１号",,40,224,8113226,,,,,,,2016-10-18,0,,,,,,0
631,3290001075522,12,1,2026-08-24,2017-03-02,"株式会社ファンタスティックパークスふくつ",,301,"福岡県","福津市","津屋崎１丁目３６番２３号",,40,224,8113304,,,,,,,2016-10-18,0,,,,,,0
632,3290001075522,11,1,2026-08-24,2017-03-02,"株式会社ＦＰＦ",,301,"福岡県","福津市","津屋崎１丁目３６番２３号",,40,224,8113304,,,,,,,2016-10-18,1,,,,,"エフピーエフ",0
633,3290001098291,12,0,2026-08-24,2026-08-12,"株式会社藤本設備設計",,301,"福岡県","福岡市南区","的場２丁目２２番２－２０４号",,40,134,8111314,,,,,,,2022-07-14,1,,,,,"フジモトセツビセッケイ",0
634,3290001102367,12,0,2026-08-24,2026-07-09,"株式会社キーパートナーズ",,301,"東京都","中央区","銀座７丁目１５番８号タウンハイツ銀座４０６",,13,102,1040061,,,,,,,2023-07-21,1,,,,,"キーパートナーズ",0
635,3290001113174,12,0,2026-08-24,2026-08-07,"株式会社ＩＱＣ　Ｊａｐａｎ",,301,"福岡県","福岡市中央区","大名２丁目１１番１９号",,40,133,8100041,,,,,,,2026-02-17,0,,,,,"アイキューシージャパン",0
636,3290001113174,11,0,2026-08-24,2026-08-07,"株式会社ＩＱＣ　Ｃｅｒｔ　ＮＩＰＰＯＮ",,301,"福岡県","福岡市中央区","大名２丁目１１番１９号",,40,133,8100041,,,,,,,2026-02-17,1,,,,,"アイキューシーサートニッポン",0
637,3290002029205,01,1,2026-08-24,2015-10-05,"有限会社オートクチュール・ルパ",,302,"福岡県","福岡市中央区","白金１丁目１６番３号",,40,133,8100012,,,,,,,2015-10-05,1,,,,,"オートクチュールルパ",0
638,3290002035376,21,0,2026-08-24,2026-08-07,"有限会社光ブレース",,302,"福岡県","宗像市","名残１４１４番地",,40,220,8114155,,,2026-08-07,01,,,2015-10-05,1,,,,,"ヒカリブレース",0
639,3290003012564,21,0,2026-08-24,2026-08-07,"合同会社ＴＴプロジェクト",,305,"福岡県","福岡市中央区","草香江２丁目１３番１５ー２０１号",,40,133,8100045,,,2026-08-07,01,,,2022-05-30,1,,,,,"ティーティープロジェクト",0
640,3290003018818,01,0,2026-08-24,2026-08-24,"合同会社ＧＥＴ",,305,"福岡県","福岡市博多区","下川端町１０番１６－４０９号アメックス博多ベルテックステージ",,40,132,8120027,,,,,,,2026-08-24,1,,,,,"ジーイーティ",0
641,3290802024025,01,1,2026-08-24,2015-10-05,"有限会社大蔵薬局",,302,"福岡県","田川市","宮尾町１０番１３号",,40,206,8260027,,,,,,,2015-10-05,1,,,,,"オオクラヤッキョク",0
642,3300001012985,11,0,2026-08-24,2026-08-20,"株式会社コバヤシ",,301,"佐賀県","唐津市","湊町７４２番地１－２Ｆ",,41,202,8470133,,,,,,,2022-07-11,1,,,,,"コバヤシ",0
643,3310002008998,21,0,2026-08-24,2026-08-19,"有限会社アーバン総合景観設計",,302,"長崎県","佐世保市","ハウステンボス町４番地３６",,42,202,8593243,,,2026-08-19,01,,,2015-10-05,1,,,,,"アーバンソウゴウケイカンセッケイ",0
644,3330001020878,21,0,2026-08-24,2026-08-10,"株式会社サロン",,301,"熊本県","熊本市中央区","水道町７番１６号",,43,101,8600844,,,2026-08-10,11,7330001016906,"令和８年８月８日熊本市中央区水道町７番１６号株式会社黒田海運（7330001016906）に合併し解散",2015-10-05,1,,,,,"サロン",0
645,3330001034597,01,0,2026-08-24,2026-08-24,"株式会社Ｍ＆Ｎ",,301,"熊本県","菊池郡菊陽町","大字久保田２８０１番地１",,43,404,8691103,,,,,,,2026-08-24,1,,,,,"エムアンドエヌ",0
646,3350001001521,21,0,2026-08-24,2026-08-04,"株式会社プラスワン",,301,"宮崎県","宮崎市","大塚町大塩道下４７１１番地３",,45,201,8800951,,,2026-08-04,01,,,2015-10-05,1,,,,,"プラスワン",0
647,3350001001620,01,1,2026-08-24,2015-10-05,"マキタ開発株式会社",,301,"宮崎県","宮崎市","大和町１００番地２",,45,201,8800878,,,,,,,2015-10-05,1,,,,,"マキタカイハツ",0
648,3350002011916,01,1,2026-08-24,2015-10-05,"有限会社河野印刷",,302,"宮崎県","延岡市","川原崎町４５３番地",,45,203,8820033,,,,,,,2015-10-05,1,,,,,"カワノインサツ",0
649,3370001054162,01,0,2026-08-24,2026-08-24,"みちのく地所株式会社",,301,"宮城県","仙台市青葉区","中央１丁目２番３号",,04,101,9800021,,,,,,,2026-08-24,1,,,,,"ミチノクジショ",0
650,3380002003233,21,0,2026-08-24,2026-08-19,"有限会社福島中央デンソー",,302,"福島県","福島市","小倉寺字神ノ前２６番地の８",,07,201,9608142,,,2026-08-19,01,,,2015-10-05,1,,,,,"フクシマチュウオウデンソー",0
651,3380003001038,11,0,2026-08-24,2026-08-17,"株式会社大谷屋",,301,"福島県","いわき市","内郷宮町代６８番地",,07,204,9738407,,,,,,,2015-10-05,1,,,,,"オオタニヤ",0
652,3390003002043,21,0,2026-08-24,2026-08-17,"合同会社ＷＡＤＡＩ",,305,"山形県","酒田市","みずほ１丁目１９番１号",,06,204,9980853,,,2026-08-17,01,,,2023-01-30,1,,,,,"ワダイ",0
653,3400005008409,12,0,2026-08-24,2026-08-19,"一般社団法人日本ロープ高所作業協会",,399,"埼玉県","新座市","中野２丁目３番９号",,11,230,3520005,,,,,,,2024-04-19,1,,,,,"ニッポンロープコウショサギョウキョウカイ",0
654,3420001011983,01,1,2026-08-24,2015-10-05,"株式会社目時運送",,301,"青森県","十和田市","大字相坂字小林２５３番地６",,02,206,0340041,,,,,,,2015-10-05,1,,,,,"メトキウンソウ",0
655,3420005005924,21,0,2026-08-24,2026-08-18,"七戸中央商店街協同組合",,399,"青森県","上北郡七戸町","字七戸４８番地３",,02,402,0392525,,,2026-08-18,01,,,2015-10-05,1,,,,,"シチノヘチュウオウショウテンガイ",0
656,3430001023821,12,0,2026-08-24,2026-08-19,"ニッシンドー株式会社",,301,"北海道","札幌市豊平区","平岸三条６丁目３番１７号",,01,105,0620933,,,,,,,2015-10-05,1,,,,,"ニッシンドー",0
657,3430001039297,01,1,2026-08-24,2015-10-05,"株式会社北石エンジニアリング",,301,"北海道","石狩市","新港南３丁目７００番地１９",,01,235,0613244,,,,,,,2015-10-05,1,,,,,,0
658,3430001078642,12,0,2026-08-24,2026-08-19,"北海道ノマドレンタカー株式会社",,301,"北海道","札幌市豊平区","平岸三条６丁目３番１７号",,01,105,0620933,,,,,,,2019-04-04,1,,,,,"ホッカイドウノマドレンタカー",0
659,3430001086372,11,0,2026-08-24,2026-08-18,"ＳＢＡマネジメント株式会社",,301,"北海道","札幌市中央区","南九条西５丁目１番１５号",,01,101,0640809,,,,,,,2022-04-08,1,,,,,"エスビーエーマネジメント",0
660,3490005003657,01,1,2026-08-24,2015-10-05,"学校法人明徳義塾",,399,"高知県","須崎市","浦ノ内下中山１６０番地",,39,206,7850174,,,,,,,2015-10-05,1,,,,,"メイトクギジュク",0
661,3500002024514,01,0,2026-08-24,2026-08-24,"有限会社藏本農園",,302,"愛媛県","宇和島市","吉田町白浦１２２番地",,38,203,7993741,,,,,,,2026-08-24,1,,,,,,0
662,4010001067174,12,0,2026-08-24,2026-08-18,"株式会社ＲＡＪＡ",,301,"東京都","港区","海岸１丁目１６番１号",,13,103,1050022,,,,,,,2015-10-05,1,,,,,"ラジャ",0
663,4010001166760,11,0,2026-08-24,2026-07-23,"ソウルドアウトライズ株式会社",,301,"東京都","文京区","後楽１丁目４番１４号",,13,105,1120004,,,,,,,2015-10-05,1,,,,,"ソウルドアウトライズ",0
664,4010001195578,12,0,2026-08-24,2026-08-18,"株式会社アライアンス電算処理開発",,301,"東京都","墨田区","錦糸１丁目２番１号アルカセントラル１４階",,13,107,1300013,,,,,,,2018-10-15,1,,,,,"アライアンスデンサンショリカイハツ",0
665,4010001215154,01,1,2026-08-24,2021-01-20,"株式会社ＭＡＫＥ　Ａ　ＣＨＡＮＧＥ",,301,"東京都","千代田区","九段南１丁目５番６号りそな九段ビル５Ｆ－ＫＳフロア",,13,101,1020074,,,,,,,2021-01-20,1,,,,,,0
666,4010001215848,01,1,2026-08-24,2021-02-15,"Ｅｄｕｃａｔｉｏｎ　Ｏｎｌｉｎｅ株式会社",,301,"東京都","千代田区","神田神保町２丁目１３番地",,13,101,1010051,,,,,,,2021-02-15,0,,,,,,0
667,4010001215848,12,1,2026-08-24,2022-04-25,"Ｅｄｕｃａｔｉｏｎ　Ｏｎｌｉｎｅ株式会社",,301,"東京都","中央区","日本橋本町３丁目８番５号",,13,102,1030023,,,,,,,2021-02-15,0,,,,,,0
668,4010001215848,12,1,2026-08-24,2026-07-23,"Ｅｄｕｃａｔｉｏｎ　Ｏｎｌｉｎｅ株式会社",,301,"東京都","中央区","日本橋本町３丁目１１番５号",,13,102,1030023,,,,,,,2021-02-15,1,,,,,,0
669,4010001241737,12,0,2026-08-24,2026-08-20,"ＤＡＩＪＯＢＵ株式会社",,301,"東京都","新宿区","内藤町１番地１１０",,13,104,1600014,,,,,,,2024-01-24,1,,,,,"ダイジョウブ",0
670,4010001268053,01,0,2026-08-24,2026-08-24,"ニコア株式会社",,301,"東京都","中央区","新川１丁目３番２１号",,13,102,1040033,,,,,,,2026-08-24,1,,,,,"ニコア",0
671,4010003037316,12,0,2026-08-24,2026-08-20,"Ｃｙｖａｔｅ株式会社",,301,"東京都","豊島区","南大塚２丁目１１番１０号ミモザビル３階",,13,116,1700005,,,,,,,2022-03-25,1,,,,,"サイベイト",0
672,4010003052125,01,0,2026-08-24,2026-08-24,"合同会社Ｂｅｌｌ　Ｔｒｅｅ",,305,"東京都","中央区","新川１丁目７番１号４０６号室",,13,102,1040033,,,,,,,2026-08-24,1,,,,,"ベルツリー",0
673,4010003052356,01,0,2026-08-24,2026-08-24,"合同会社Ｓｔａｙ　Ｇｏｌｄ",,305,"東京都","中央区","日本橋室町１丁目１１番１２号日本橋水野ビル７階",,13,102,1030022,,,,,,,2026-08-24,1,,,,,"ステイゴールド",0
674,4010005033932,21,0,2026-08-24,2026-07-21,"一般社団法人八重洲一丁目開発",,399,"東京都","千代田区","丸の内１丁目４番１号東京共同会計事務所内",,13,101,1000005,,,2026-07-21,01,,,2021-09-10,1,,,,,"ヤエスイッチョウメカイハツ",0
675,4010005042322,01,0,2026-08-24,2026-08-24,"一般社団法人ＭＬＤ０１",,399,"東京都","中央区","新川１丁目１７番２４号",,13,102,1040033,,,,,,,2026-08-24,1,,,,,"エムエルディーゼロワン",0
676,4010102001742,01,1,2026-08-24,2015-10-05,"有限会社ファーイーストシステムス",,302,"東京都","八王子市","散田町３丁目６番１９－６０２号",,13,201,1930832,,,,,,,2015-10-05,1,,,,,"ファーイーストシステムス",0
677,4010401097762,01,1,2026-08-24,2015-10-05,"株式会社白豊",,301,"東京都","港区","三田４丁目１７番２５号",,13,103,1080073,,,,,,,2015-10-05,1,,,,,"ビャクホウ",0
678,4010403025861,12,0,2026-08-24,2026-07-22,"合同会社ＹＩカンパニー",,305,"東京都","港区","北青山３丁目５番１７号Ｒ＆Ｍ２Ｆ",,13,103,1070061,,,,,,,2021-08-05,1,,,,,"ワイアイカンパニー",0
679,4010405026073,01,0,2026-08-24,2026-08-24,"Ｉｒｕｍａ一般社団法人",,399,"東京都","港区","虎ノ門２丁目６番１号",,13,103,1050001,,,,,,,2026-08-24,1,,,,,"イルマ",0
680,4010501043674,12,0,2026-08-24,2026-08-19,"大和控股株式会社",,301,"東京都","台東区","松が谷３丁目１－１アスカイビル",,13,106,1110036,,,,,,,2019-02-07,1,,,,,"ダイワコウコ",0
681,4010502022355,12,0,2026-08-24,2026-08-12,"有限会社カーラインク",,302,"東京都","台東区","浅草橋４丁目１８番６号ポポラーレ浅草橋２Ｂ",,13,106,1110053,,,,,,,2015-10-05,1,,,,,"カーラインク",0
682,4010701049083,21,0,2026-08-24,2026-07-27,"株式会社０４０１",,301,"東京都","大田区","蒲田５丁目１１番１０号ＦＵＮＤＥＳ蒲田８階",,13,111,1440052,,,2026-07-27,01,,,2026-03-16,1,,,,,"ゼロヨンゼロイチ",0
683,4010702009004,22,0,2026-08-24,2026-07-14,"有限会社渡辺工業所",,302,"東京都","品川区","西品川１丁目１３番２号",,13,109,1410033,,,,,,,2015-10-05,1,,,,,"ワタナベコウギョウショ",0
684,4010703006768,21,0,2026-08-24,2026-07-31,"スマートビジョンテックＡＩ合同会社",,305,"東京都","品川区","西大井３丁目１６番３８号",,13,109,1400015,,,2026-07-31,01,,,2023-07-10,1,,,,,"スマートビジョンテックエーアイ",0
685,4010901032541,01,1,2026-08-24,2015-10-05,"ピタリ株式会社",,301,"神奈川県","横浜市港北区","新吉田東２丁目１３番１１－２号",,14,109,2230058,,,,,,,2015-10-05,1,,,,,"ピタリ",0
686,4010901035461,01,1,2026-08-24,2015-10-05,"株式会社リーファーテクノ",,301,"東京都","世田谷区","船橋１丁目１８番６号",,13,112,1560055,,,,,,,2015-10-05,1,,,,,"リーファーテクノ",0
687,4010901048133,01,1,2026-08-24,2021-03-01,"株式会社ビリヤニ",,301,"東京都","世田谷区","松原６丁目２６－９",,13,112,1560043,,,,,,,2021-03-01,0,,,,,,0
688,4010901048133,12,1,2026-08-24,2023-06-23,"株式会社ビリヤニ",,301,"東京都","千代田区","内神田１丁目１５番１２号",,13,101,1010047,,,,,,,2021-03-01,1,,,,,,0
689,4011001098069,12,0,2026-08-24,2026-07-23,"株式会社ＥＬＥＭＥＮＴＳ",,301,"東京都","中央区","日本橋本町３丁目９番４号日本橋ライフサイエンスビルディング６",,13,102,1030023,,,,,,,2015-10-05,1,,,,,"エレメンツ",0
690,4011001146298,12,0,2026-08-24,2026-07-31,"株式会社Ｎｅｗｋａ",,301,"東京都","渋谷区","神南１丁目１１－４ＦＰＧリンクス神南５階",,13,113,1500041,,,,,,,2022-03-17,1,,,,,"ニューカ",0
691,4011001149152,12,0,2026-08-24,2026-08-04,"株式会社ポック",,301,"東京都","渋谷区","道玄坂１丁目１６番６号二葉ビル８ｂ",,13,113,1500043,,,,,,,2022-08-22,1,,,,,"ポック",0
692,4011001149334,71,0,2026-08-24,2026-08-03,"株式会社Ａｖｒｉｏｔ　Ｈｏｌｄｉｎｇｓ",,301,"東京都","渋谷区","道玄坂１丁目１０番８号渋谷道玄坂東急ビル２Ｆ‐Ｃ",,13,113,1500043,,,,,,"令和８年８月１日東京都渋谷区道玄坂一丁目１０番８号渋谷道玄坂東急ビル２Ｆ－Ｃ株式会社ＤＹＲ（8011001166193）を合併",2022-08-23,1,,,,,"アヴリオットホールディングス",0
693,4011001155068,12,0,2026-08-24,2026-08-04,"ｉｎＢａｓｅ株式会社",,301,"東京都","目黒区","中根１丁目６番１２号菅野ビル３階",,13,110,1520031,,,,,,,2023-06-16,1,,,,,"インベース",0
694,4011001162576,12,0,2026-08-24,2026-08-04,"株式会社ＶＩＧ",,301,"東京都","渋谷区","神宮前４丁目３０番３号東急プラザ表参道「オモカド」５階ＬＯＣＵＬＦＤ－０３",,13,113,1500001,,,,,,,2024-06-12,1,,,,,"ブイアイジー",0
695,4011001175636,21,0,2026-08-24,2026-08-18,"株式会社ＭＢ",,301,"東京都","渋谷区","恵比寿南２丁目２３番１７号ＭＯＢＥＲＣＩＡＬＢＬＤＧ",,13,113,1500022,,,2026-08-18,11,7010401188071,"令和８年７月１日東京都港区元赤坂一丁目１番７－１２０９号株式会社赤坂国際会計内ＭＣＰ３３株式会社（7010401188071）に合併し解散",2026-03-03,1,,,,,"エムビー",0
696,4011001179810,01,0,2026-08-24,2026-08-24,"株式会社映伝",,301,"東京都","渋谷区","道玄坂１丁目１０番８号渋谷道玄坂東急ビル２Ｆ－Ｃ",,13,113,1500043,,,,,,,2026-08-24,1,,,,,"エイデン",0
697,4011001179983,01,0,2026-08-24,2026-08-24,"新日本未来開発株式会社",,301,"東京都","渋谷区","道玄坂１丁目１０番８号",,13,113,1500043,,,,,,,2026-08-24,1,,,,,"シンニホンミライカイハツ",0
698,4011003021375,11,0,2026-08-24,2026-07-15,"合同会社みろくコーポレーション",,305,"東京都","渋谷区","幡ヶ谷２丁目２０－１２－２０３",,13,113,1510072,,,,,,,2025-04-15,0,,,,,"ミロクコーポレーション",0
699,4011003021375,12,0,2026-08-24,2026-08-20,"合同会社みろくコーポレーション",,305,"東京都","渋谷区","桜丘町１６番１５号カーサ渋谷７０４号室",,13,113,1500031,,,,,,,2025-04-15,1,,,,,"ミロクコーポレーション",0
700,4011101041993,01,1,2026-08-24,2015-10-05,"株式会社アルタ",,301,"東京都","新宿区","山吹町４番地７新宿山吹町ビル４Ｆ",,13,104,1620801,,,,,,,2015-10-05,1,,,,,"アルタ",0
701,4011101117190,01,0,2026-08-24,2026-08-24,"株式会社ｄｏｔｓｌｉｎｅ　ｓｏｌｕｔｉｏｎ",,301,"東京都","新宿区","西新宿３丁目３番１３号",,13,104,1600023,,,,,,,2026-08-24,1,,,,,"ドッツラインソリューション",0
702,4011102009313,01,1,2026-08-24,2015-10-05,"有限会社東京リーガルサービスセンター",,302,"東京都","新宿区","市谷薬王寺町７４番地",,13,104,1620063,,,,,,,2015-10-05,0,,,,,"トウキョウリーガルサービスセンター",0
703,4011102009313,12,1,2026-08-24,2026-07-21,"有限会社東京リーガルサービスセンター",,302,"東京都","新宿区","市谷薬王寺町５番６６号",,13,104,1620063,,,,,,,2015-10-05,1,,,,,"トウキョウリーガルサービスセンター",0
704,4011103017901,01,0,2026-08-24,2026-08-24,"合同会社ＲＲＢ",,305,"東京都","新宿区","大久保１丁目１２番６号",,13,104,1690072,,,,,,,2026-08-24,1,,,,,"アールアールビー",0
705,4011501033673,01,0,2026-08-24,2026-08-24,"株式会社ｓｏｌｉｓｔａ",,301,"東京都","北区","滝野川５丁目２０番２号",,13,117,1140023,,,,,,,2026-08-24,1,,,,,"ソリスタ",0
706,4011502009185,21,0,2026-08-24,2026-08-19,"有限会社杉原製本所",,302,"東京都","荒川区","東日暮里３丁目６番６号",,13,118,1160014,,,2026-08-19,01,,,2015-10-05,1,,,,,"スギハラセイホンジョ",0
707,4011601005498,01,1,2026-08-24,2015-10-05,"パークサイド・リアルテイ株式会社",,301,"東京都","練馬区","桜台１丁目４７番８号",,13,120,1760002,,,,,,,2015-10-05,1,,,,,"パークサイドリアルテイ",0
708,4011602001190,21,0,2026-08-24,2026-08-20,"有限会社ウィンスク",,302,"東京都","練馬区","南田中３丁目８番２号",,13,120,1770035,,,2026-08-20,01,,,2015-10-05,1,,,,,"ウィンスク",0
709,4011701017451,12,0,2026-08-24,2026-08-18,"豊サービス株式会社",,301,"東京都","江戸川区","平井７丁目１０番２２－２０３",,13,123,1320035,,,,,,,2015-10-05,1,,,,,"ユタカサービス",0
710,4011703004324,11,0,2026-08-24,2026-08-10,"喜び逢う株式会社",,301,"東京都","江戸川区","北小岩５丁目４－１８",,13,123,1330051,,,,,,,2025-07-29,1,,,,,"ヨロコビアウ",0
711,4011801035881,11,0,2026-08-24,2026-08-04,"天和デジタルエイジ株式会社",,301,"千葉県","八街市","砂７７２－３",,12,230,2891121,,,,,,,2019-03-19,1,,,,,"テンワデジタルエイジ",0
712,4011801044206,12,0,2026-08-24,2026-08-19,"株式会社Ｙｏｌａｉｚ",,301,"東京都","中央区","銀座１丁目２２番１１号銀座大竹ビジデンス２Ｆ",,13,102,1040061,,,,,,,2024-05-10,1,,,,,"ヨーライズ",0
713,4011801047134,11,0,2026-08-24,2026-08-12,"株式会社ＢＩＯＮＯ",,301,"東京都","足立区","西新井栄町１丁目１８番１１－１４０８号",,13,121,1230843,,,,,,,2025-12-05,1,,,,,"ビオノ",0
714,4011801048306,01,0,2026-08-24,2026-08-24,"株式会社ＡＲＫ‐Ｘ　ＤＥＰＯ",,301,"東京都","足立区","西新井１丁目３５番１４号",,13,121,1230841,,,,,,,2026-08-24,1,,,,,"アークエックスデポ",0
715,4012301014970,01,0,2026-08-24,2026-08-24,"株式会社ＦＡアーキテクト",,301,"東京都","町田市","中町１丁目４番２号",,13,209,1940021,,,,,,,2026-08-24,1,,,,,"エフエーアーキテクト",0
716,4012302001316,01,1,2026-08-24,2015-10-05,"有限会社柏木園",,302,"東京都","町田市","大蔵町３０１８番地",,13,209,1950062,,,,,,,2015-10-05,1,,,,,"カシワギエン",0
717,4012303002362,01,0,2026-08-24,2026-08-24,"合同会社ＭＩＧＩＵＤＥ",,305,"東京都","町田市","金井３丁目３０－１３Ｔ’ＳガーデンＤ",,13,209,1950072,,,,,,,2026-08-24,1,,,,,"ミギウデ",0
718,4012305000389,01,1,2026-08-24,2015-10-05,"特定非営利活動法人福祉開発研究センター",,399,"東京都","町田市","森野３丁目１９番１７号",,13,209,1940022,,,,,,,2015-10-05,0,,,,,,0
719,4012305000389,12,1,2026-08-24,2016-08-03,"特定非営利活動法人福祉開発研究センター",,399,"東京都","町田市","森野３丁目１９番１７号アコール町田１階",,13,209,1940022,,,,,,,2015-10-05,1,,,,,,0
720,4012401042178,12,0,2026-08-24,2026-08-03,"株式会社ＣＯＭＯＤＯ　ＨＯＵＳＥ",,301,"東京都","狛江市","和泉本町３丁目１１番９号",,13,219,2010003,,,,,,,2024-08-14,1,,,,,"コモドハウス",0
721,4013201012148,01,1,2026-08-24,2015-10-05,"株式会社フェリーク",,301,"東京都","目黒区","八雲３丁目１２－２４－２０７",,13,110,1520023,,,,,,,2015-10-05,0,,,,,"フェリーク",0
722,4013201012148,12,1,2026-08-24,2018-05-08,"株式会社フェリーク",,301,"神奈川県","横浜市青葉区","すみよし台３１番地１",,14,117,2270035,,,,,,,2015-10-05,0,,,,,"フェリーク",0
723,4013201012148,12,1,2026-08-24,2020-04-27,"株式会社フェリーク",,301,"東京都","大田区","田園調布１丁目９－５－４０１",,13,111,1450071,,,,,,,2015-10-05,0,,,,,"フェリーク",0
724,4013201012148,12,1,2026-08-24,2024-08-05,"株式会社フェリーク",,301,"福岡県","福岡市西区","姪の浜１丁目１６－１２－３０３",,40,135,8190002,,,,,,,2015-10-05,0,,,,,"フェリーク",0
725,4013201012148,12,1,2026-08-24,2025-01-20,"株式会社フェリーク",,301,"福岡県","福岡市早良区","原４丁目２－２２",,40,137,8140022,,,,,,,2015-10-05,1,,,,,"フェリーク",0
726,4013303008143,12,0,2026-08-24,2026-08-12,"合同会社Ｄ＆パートナーズ",,305,"東京都","豊島区","南池袋１丁目１６－２０ぬかりやビル６階",,13,116,1710022,,,,,,,2026-03-23,1,,,,,"ディーアンドパートナーズ",0
727,4020001044453,21,0,2026-08-24,2026-08-03,"日本計測機株式会社",,301,"神奈川県","横浜市港北区","綱島西４丁目９番２号",,14,109,2230053,,,2026-08-03,11,9012401013141,"令和８年８月１日神奈川県横浜市港北区綱島西四丁目９番２号株式会社ヤシマ（9012401013141）に合併し解散",2015-10-05,1,,,,,"ニホンケイソクキ",0
728,4020001121566,01,1,2026-08-24,2017-05-30,"株式会社Ｓｈｅｅｎ",,301,"神奈川県","横浜市神奈川区","高島台２１番地１",,14,102,2210833,,,,,,,2017-05-30,1,,,,,"シーン",0
729,4020001129048,12,0,2026-08-24,2026-08-03,"株式会社ウエストヒル",,301,"神奈川県","横浜市西区","みなとみらい４丁目９番１号",,14,103,2200012,,,,,,,2018-12-10,1,,,,,"ウエストヒル",0
730,4020001153238,12,0,2026-08-24,2026-08-20,"株式会社ＥｌｌｅＧｒｏｗ",,301,"東京都","千代田区","神田神保町１丁目９番地ＫＯＡＬＡＢＬＤＧ．ＪＩＭＢＯＣＨＯ６０７号室",,13,101,1010051,,,,,,,2023-08-30,1,,,,,"エルグロー",0
731,4020001169985,01,0,2026-08-24,2026-08-24,"株式会社ニューロバランスラボ",,301,"神奈川県","横浜市保土ケ谷区","和田１丁目１３番２１号",,14,106,2400065,,,,,,,2026-08-24,1,,,,,"ニューロバランスラボ",0
732,4020001170068,01,0,2026-08-24,2026-08-24,"日本成運電動バス製造株式会社",,301,"神奈川県","横浜市中区","山下町２番地産業貿易センタービル２階",,14,104,2310023,,,,,,,2026-08-24,1,,,,,"ニホンセイウンデンドウバスセイゾウ",0
733,4020003016450,12,0,2026-08-24,2026-07-31,"合同会社ＬＩＦＴ",,305,"神奈川県","横浜市西区","北幸２丁目１０番４８号むつみビル３階",,14,103,2200004,,,,,,,2019-07-26,1,,,,,"リフト",0
734,4020003026301,12,0,2026-08-24,2026-07-31,"ＰＡＷシステム合同会社",,305,"神奈川県","横浜市緑区","青砥町２５４番地１クレッセントアクアポリス３１５号",,14,113,2260022,,,,,,,2024-06-05,1,,,,,"パウシステム",0
735,4021001012929,01,1,2026-08-24,2015-10-05,"ダイセイ産業株式会社",,301,"神奈川県","相模原市中央区","上溝３９５７番地１",,14,152,2520243,,,,,,,2015-10-05,0,,,,,"ダイセイサンギョウ",0
736,4021001012929,12,1,2026-08-24,2016-06-15,"ダイセイ産業株式会社",,301,"神奈川県","相模原市緑区","大島１５３８番地３",,14,151,2520135,,,,,,,2015-10-05,1,,,,,"ダイセイサンギョウ",0
737,4021001022011,01,1,2026-08-24,2015-10-05,"株式会社かなめ流通サービス",,301,"神奈川県","厚木市","山際１６２番地の１",,14,212,2430803,,,,,,,2015-10-05,1,,,,,"カナメリュウツウサービス",0
738,4021001036060,21,0,2026-08-24,2026-07-30,"秋池商事株式会社",,301,"神奈川県","平塚市","黒部丘６番１９－１１３号",,14,203,2540821,,,2026-07-30,01,,,2015-10-05,1,,,,,"アキイケショウジ",0
739,4021001057569,01,1,2026-08-24,2015-10-21,"ファンクショナルマッサージ株式会社",,301,"神奈川県","藤沢市","鵠沼石上１丁目２－５第一ミヤビル２Ｃ",,14,205,2510025,,,,,,,2015-10-21,1,,,,,"ファンクショナルマッサージ",0
740,4021001088969,01,0,2026-08-24,2026-08-24,"株式会社田中組",,301,"神奈川県","茅ヶ崎市","香川４丁目３０番３１号",,14,207,2530082,,,,,,,2026-08-24,1,,,,,"タナカグミ",0
741,4021003017793,01,0,2026-08-24,2026-08-24,"合同会社ＮＡＮＯ　Ｂｉｚ",,305,"神奈川県","海老名市","中央３丁目５番３－７０５号",,14,215,2430432,,,,,,,2026-08-24,1,,,,,"ナノビズ",0
742,4021003017810,01,0,2026-08-24,2026-08-24,"合同会社コマライズ",,305,"神奈川県","小田原市","前川５７３－Ｆ",,14,206,2560813,,,,,,,2026-08-24,1,,,,,"コマライズ",0
743,4030001036292,21,0,2026-08-24,2026-08-06,"株式会社ヒカリ",,301,"埼玉県","八潮市","大字大曽根１４１１番地３",,11,234,3400834,,,2026-08-06,01,,,2015-10-05,1,,,,,"ヒカリ",0
744,4030001094159,21,0,2026-08-24,2026-08-05,"株式会社ベストペイント",,301,"埼玉県","入間郡三芳町","大字上富１９８７番地６",,11,324,3540045,,,2026-08-05,01,,,2015-10-05,1,,,,,"ベストペイント",0
745,4030001102367,01,1,2026-08-24,2015-10-05,"株式会社Ｗ．ＳＯＵＮＤ",,301,"埼玉県","川越市","大字福田５３番地１",,11,201,3500821,,,,,,,2015-10-05,0,,,,,,0
746,4030001102367,12,1,2026-08-24,2026-08-06,"株式会社Ｗ．ＳＯＵＮＤ",,301,"埼玉県","川越市","大字府川１２７",,11,201,3500831,,,,,,,2015-10-05,1,,,,,,0
747,4030001115170,01,1,2026-08-24,2016-07-05,"継承美学株式会社",,301,"埼玉県","入間市","扇町屋３丁目２番６号",,11,225,3580022,,,,,,,2016-07-05,1,,,,,"ケイショウビガク",0
748,4030001129939,12,0,2026-08-24,2026-08-06,"株式会社ＮＯＭＯ",,301,"埼玉県","八潮市","中央１丁目２１番８号２０２",,11,234,3400816,,,,,,,2019-03-12,1,,,,,"ノモ",0
749,4030001146769,21,0,2026-08-24,2026-08-06,"株式会社Ｎｏｖａ",,301,"埼玉県","戸田市","笹目３丁目４－１７",,11,224,3350034,,,2026-08-06,01,,,2022-02-16,1,,,,,"ノヴァ",0
750,4030001173870,01,0,2026-08-24,2026-08-24,"株式会社岡本電気",,301,"埼玉県","深谷市","上野台３１１２番地２",,11,218,3660801,,,,,,,2026-08-24,1,,,,,"オカモトデンキ",0
751,4030001173904,01,0,2026-08-24,2026-08-24,"株式会社ＣＯＵＲＡＧＥ",,301,"埼玉県","草加市","遊馬町２００番地１０",,11,221,3400032,,,,,,,2026-08-24,1,,,,,"クラージュ",0
752,4030003005188,01,1,2026-08-24,2015-10-05,"合同会社ＴＯＫＩＮ",,305,"埼玉県","吉川市","大字三輪野江字南裏通１３２３番地１",,11,243,3420027,,,,,,,2015-10-05,1,,,,,,0
753,4030003022183,12,0,2026-08-24,2026-08-05,"合同会社ジーエムケー",,305,"埼玉県","さいたま市見沼区","大字片柳８４４番地２号",,11,104,3370024,,,,,,,2023-07-26,1,,,,,"ジーエムケー",0
754,4040001019404,01,1,2026-08-24,2015-10-05,"船橋復興株式会社",,301,"千葉県","船橋市","本町４丁目４番３号",,12,204,2730005,,,,,,,2015-10-05,1,,,,,"フナバシフッコウ",0
755,4040001127009,12,0,2026-08-24,2026-08-13,"アクアジャスト株式会社",,301,"千葉県","船橋市","湊町２丁目１２番２４号",,12,204,2730011,,,,,,,2023-02-08,1,,,,,"アクアジャスト",0
756,4040002058888,21,0,2026-08-24,2026-08-03,"有限会社ユアーズフーズはなまる",,302,"千葉県","白井市","南山２丁目５番１０号",,12,232,2701423,,,2026-08-03,01,,,2015-10-05,1,,,,,"ユアーズフーズハナマル",0
757,4040002081551,01,1,2026-08-24,2015-10-05,"有限会社ボディーショップ麻生",,302,"千葉県","茂原市","立木１６１０番地５",,12,210,2970043,,,,,,,2015-10-05,1,,,,,"ボディーショップアソウ",0
758,4040003018445,12,0,2026-08-24,2026-07-30,"合同会社Ｇｌｏｒｉａ",,305,"千葉県","松戸市","新松戸１丁目３０９番地の１－４０２号",,12,207,2700034,,,,,,,2021-09-07,1,,,,,"グロリア",0
759,4050001015121,12,0,2026-08-24,2026-08-19,"株式会社Ｓｕｎ　Ｒｉｇｈｔ",,301,"茨城県","猿島郡境町","１６６３番地６",,08,546,3060433,,,,,,,2015-10-05,1,,,,,"サンライト",0
760,4050001055563,12,0,2026-08-24,2026-08-18,"株式会社遊匠",,301,"茨城県","坂東市","辺田１０６５番地１",,08,228,3060632,,,,,,,2024-10-23,1,,,,,"ユウショウ",0
761,4050001058830,01,0,2026-08-24,2026-08-24,"株式会社メディスマート",,301,"茨城県","結城市","大字結城１２９５番地１",,08,207,3070001,,,,,,,2026-08-24,1,,,,,"メディスマート",0
762,4050001058839,01,0,2026-08-24,2026-08-24,"株式会社ＣＨＩＣ",,301,"茨城県","古河市","下辺見３０２９番地",,08,204,3060235,,,,,,,2026-08-24,1,,,,,"シック",0
763,4050001058847,01,0,2026-08-24,2026-08-24,"株式会社ＥＧ神栖バイオマス発電所",,301,"茨城県","神栖市","砂山１４番地９",,08,232,3140255,,,,,,,2026-08-24,1,,,,,"イージーカミスバイオマスハツデンショ",0
764,4050002026803,01,1,2026-08-24,2015-10-05,"フジテック有限会社",,302,"茨城県","鹿嶋市","大字宮中４６２６番地",,08,222,3140031,,,,,,,2015-10-05,1,,,,,"フジテック",0
765,4070001003504,01,1,2026-08-24,2015-10-05,"株式会社広告新聞",,301,"群馬県","前橋市","大手町１丁目９番７号",,10,201,3710026,,,,,,,2015-10-05,1,,,,,,0
766,4070001019558,21,0,2026-08-24,2026-08-18,"創生建設株式会社",,301,"群馬県","邑楽郡大泉町","仙石２丁目１１番１５号",,10,524,3700533,,,2026-08-18,01,,,2015-10-05,1,,,,,"ソウセイケンセツ",0
767,4070002015093,12,0,2026-08-24,2026-08-18,"有限会社本店タカハシ安中",,302,"群馬県","高崎市","鞘町４９番地",,10,202,3700827,,,,,,,2015-10-05,1,,,,,,0
768,4080001026751,21,0,2026-08-24,2026-08-19,"エスワイ２号株式会社",,301,"静岡県","静岡市清水区","草薙北２番１号",,22,103,4240883,,,2026-08-19,11,7110001009345,"令和８年８月１日新潟市秋葉区新津４４６２番地３ＢＤコーポレーション株式会社（7110001009345）に合併し解散",2025-02-10,1,,,,,"エスワイニゴウ",0
769,4080101021272,12,0,2026-08-24,2026-08-20,"株式会社ＡＬＬ",,301,"静岡県","富士宮市","黒田２３１番地の２７",,22,207,4180034,,,,,,,2019-08-06,1,,,,,"オール",0
770,4100003007870,01,1,2026-08-24,2024-11-22,"合同会社エフエス・エンタープライズ",,305,"長野県","安曇野市","穂高５９８９番地４",,20,220,3998303,,,,,,,2024-11-22,1,"F.S.Enterprise Inc.","Nagano","5989-4, Hotaka, Azumino shi",,"エフエスエンタープライズ",0
771,4100003008910,01,0,2026-08-24,2026-08-24,"合同会社シェアーク",,305,"長野県","須坂市","大字野辺１９８７番地２",,20,207,3820913,,,,,,,2026-08-24,1,,,,,"シェアーク",0
772,4110001027985,21,0,2026-08-24,2026-08-17,"株式会社アガデンソー",,301,"新潟県","阿賀野市","上江端１６５１番地",,15,223,9592081,,,2026-08-17,01,,,2015-10-05,1,,,,,"アガデンソー",0
773,4110002009149,12,0,2026-08-24,2026-08-10,"有限会社鈴幸商事",,302,"新潟県","新潟市秋葉区","古田４丁目１番１０号ウェストヴィラ弐号館１０１号",,15,105,9560025,,,,,,,2015-10-05,0,,,,,,0
774,4110002009149,11,0,2026-08-24,2026-08-10,"有限会社ケント保険事務所",,302,"新潟県","新潟市秋葉区","古田４丁目１番１０号ウェストヴィラ弐号館１０１号",,15,105,9560025,,,,,,,2015-10-05,1,,,,,"ケントホケンジムショ",0
775,4110002014859,21,0,2026-08-24,2026-08-03,"有限会社梅津建築",,302,"新潟県","新発田市","大栄町４丁目７番２４号",,15,206,9570056,,,2026-08-03,01,,,2015-10-05,1,,,,,"ウメツケンチク",0
776,4110002017572,01,1,2026-08-24,2015-10-05,"有限会社フザワ",,302,"新潟県","三条市","荒町２丁目１８番７号",,15,204,9550083,,,,,,,2015-10-05,1,,,,,"フザワ",0
777,4110002022556,01,1,2026-08-24,2015-10-05,"有限会社キミシマ",,302,"新潟県","上越市","新光町１丁目２番１０号",,15,222,9430804,,,,,,,2015-10-05,1,,,,,"キミシマ",0
778,4120001092608,01,1,2026-08-24,2015-10-05,"株式会社渡辺洋行",,301,"大阪府","大阪市中央区","平野町３丁目１番１０号オーセンティック淀屋橋６０２号",,27,128,5410046,,,,,,,2015-10-05,1,,,,,"ワタナベヨウコウ",0
779,4120001109493,21,0,2026-08-24,2026-08-18,"菱栄商事株式会社",,301,"大阪府","大阪市中央区","安土町３丁目４番５号",,27,128,5410052,,,2026-08-18,01,,,2015-10-05,1,,,,,"ヒシエイショウジ",0
780,4120001217115,12,0,2026-08-24,2026-08-19,"Ｃｒａｚｙ株式会社",,301,"滋賀県","大津市","京町３丁目４番３２号第１４森田ビル２階南",,25,201,5200044,,,,,,,2018-11-12,1,,,,,"クレイジー",0
781,4120001224978,12,0,2026-08-24,2026-08-18,"株式会社ＪＩＮＩ　ＣＯＭＰＡＮＹ",,301,"大阪府","大阪市西区","新町２丁目１４－２０内外うつぼビル５０６号",,27,106,5500013,,,,,,,2019-11-11,1,,,,,"ジニカンパニー",0
782,4120001252343,12,0,2026-08-24,2026-08-04,"株式会社映せば",,301,"大阪府","吹田市","春日１丁目５番１２－２０１号",,27,205,5650853,,,,,,,2023-02-08,0,,,,,"ウツセバ",0
783,4120001252343,11,0,2026-08-24,2026-08-04,"株式会社ウツセバ",,301,"大阪府","吹田市","春日１丁目５番１２－２０１号",,27,205,5650853,,,,,,,2023-02-08,1,,,,,"ウツセバ",0
784,4120001267168,12,0,2026-08-24,2026-08-20,"亜新冶金技術株式会社",,301,"東京都","北区","王子３丁目４－２２階２０２号",,13,117,1140002,,,,,,,2024-07-26,1,,,,,"アシンヤキンギジュツ",0
785,4120001278223,12,0,2026-08-24,2026-08-18,"祥豊株式会社",,301,"大阪府","大阪市淀川区","西中島４丁目３番４号地産第６新大阪５０６号室",,27,123,5320011,,,,,,,2025-07-28,1,,,,,"ショウホウ",0
786,4120001278446,12,0,2026-08-24,2026-08-18,"裕森株式会社",,301,"大阪府","大阪市住之江区","西加賀屋３丁目１７－２",,27,125,5590016,,,,,,,2025-08-05,1,,,,,"ユウモリ",0
787,4120001280600,12,0,2026-08-24,2026-08-20,"騰鵬株式会社",,301,"東京都","新宿区","原町３丁目４０番１号グローリオ新宿夏目坂７０３",,13,104,1620053,,,,,,,2025-10-06,1,,,,,"トウホウ",0
788,4120001288643,01,0,2026-08-24,2026-08-24,"株式会社ＲＪアーク",,301,"大阪府","大阪市中央区","難波千日前８番１９号千田北ビル３Ｆ",,27,128,5420075,,,,,,,2026-08-24,1,,,,,"アールジェイアーク",0
789,4120003023379,12,0,2026-08-24,2026-08-18,"Ａｔｈ　ｃｏｎｓｕｌ合同会社",,305,"大阪府","大阪市浪速区","下寺３丁目１番８号セレニテ夕陽ヶ丘エクラ１０１",,27,111,5560001,,,,,,,2023-02-03,1,,,,,"アースコンサル",0
790,4120003023759,12,0,2026-08-24,2026-08-17,"リミズ合同会社",,305,"大阪府","吹田市","垂水町１丁目３９番２４号",,27,205,5640062,,,,,,,2023-04-06,1,,,,,"リミズ",0
791,4120003033304,01,0,2026-08-24,2026-08-24,"合同会社ＴＫＭ",,305,"大阪府","大阪市東淀川区","南江口１丁目１番４１－７１３号",,27,114,5330003,,,,,,,2026-08-24,1,,,,,"ティーケーエム",0
792,4120003033320,01,0,2026-08-24,2026-08-24,"合同会社安翔匠",,305,"大阪府","寝屋川市","上神田１丁目１２番１２号",,27,215,5720052,,,,,,,2026-08-24,1,,,,,"アントタクミ",0
793,4120003033353,01,0,2026-08-24,2026-08-24,"合同会社のび",,305,"大阪府","大阪市都島区","片町１丁目６番４号",,27,102,5340025,,,,,,,2026-08-24,1,,,,,"ノビ",0
794,4120901053097,01,0,2026-08-24,2026-08-24,"ＭＢホールディングス株式会社",,301,"大阪府","豊中市","中桜塚３丁目２番３１号",,27,203,5610881,,,,,,,2026-08-24,1,,,,,"エムビーホールディングス",0
795,4122002001489,12,0,2026-08-24,2026-08-20,"株式会社隆生",,301,"大阪府","枚方市","茄子作東町３９番１８号",,27,210,5730082,,,,,,,2015-10-05,1,,,,,"リュウセイ",0
796,4122002014004,01,1,2026-08-24,2015-10-05,"有限会社昴商事",,302,"大阪府","八尾市","東本町２丁目２番２１号",,27,212,5810004,,,,,,,2015-10-05,1,,,,,"スバルショウジ",0
797,4130001036084,21,0,2026-08-24,2026-08-03,"京丹波ガス株式会社",,301,"京都府","亀岡市","三宅町八田３５番地",,26,206,6210814,,,2026-08-03,01,,,2015-10-05,1,,,,,"キョウタンバガス",0
798,4130001048955,12,0,2026-08-24,2026-08-20,"株式会社さくらインベスト",,301,"東京都","港区","三田１丁目４－２８三田国際ビル２階２０９",,13,103,1080073,,,,,,,2015-10-05,1,,,,,"サクラインベスト",0
799,4130001060621,12,0,2026-08-24,2026-07-30,"株式会社ＷＰＭ",,301,"京都府","京田辺市","興戸久保４１番地９",,26,211,6100332,,,,,,,2017-09-28,1,,,,,"ダブリューピーエム",0
800,4130001082814,01,0,2026-08-24,2026-08-24,"株式会社ＨＯＮＤＡ　ＤＥＭＯＬＩＴＩＯＮ",,301,"京都府","京都市伏見区","小栗栖西谷町２２番地２",,26,109,6011453,,,,,,,2026-08-24,1,,,,,"ホンダデモリッション",0
801,4140001047254,11,0,2026-08-24,2026-08-17,"中岸会計株式会社",,301,"兵庫県","神戸市中央区","浜辺通３丁目１－３１クローバーハイツ三宮１０２",,28,110,6510083,,,,,,,2015-10-05,1,,,,,"ナカギシカイケイ",0
802,4140001057286,12,0,2026-08-24,2026-08-07,"株式会社ＮＥＸＴ　Ｐｈａｓｅ",,301,"兵庫県","神戸市中央区","磯辺通１丁目１番１８号カサベラ国際プラザビル７０７号室",,28,110,6510084,,,,,,,2015-10-05,1,,,,,"ネクストフェーズ",0
803,4140001084710,21,0,2026-08-24,2026-08-06,"三営株式会社",,301,"兵庫県","洲本市","山手３丁目４番１３号",,28,205,6560024,,,2026-08-06,01,,,2015-10-05,1,,,,,"サンエイ",0
804,4140001137798,21,0,2026-08-24,2026-08-19,"ＪＰＡＬ株式会社",,301,"山梨県","富士吉田市","松山４丁目１０番２２号富士の海老株式会社内",,19,202,4030016,,,2026-08-19,01,,,2025-03-18,1,,,,,"ジェイパル",0
805,4140001143813,01,0,2026-08-24,2026-08-24,"株式会社台中ＦＵＴＵＲＯ　ＪＡＰＡＮ",,301,"兵庫県","神戸市西区","桜が丘東町１丁目２番地の１２",,28,111,6512225,,,,,,,2026-08-24,1,,,,,"タイチュウフトゥーロジャパン",0
806,4140003021554,12,0,2026-08-24,2026-08-19,"合同会社３ｆ",,305,"愛知県","名古屋市西区","庄内通２丁目７－６－２０３",,23,104,4510016,,,,,,,2025-01-20,1,,,,,"スリーエフ",0
807,4160003002494,12,0,2026-08-24,2026-08-18,"合同会社縁起",,305,"滋賀県","草津市","駒井沢町１２９番地１９",,25,206,5250014,,,,,,,2022-02-08,1,,,,,"エンギ",0
808,4170003002485,01,0,2026-08-24,2026-08-24,"合同会社ＭＡＣＫＹＢＡＳＥ",,305,"和歌山県","和歌山市","狐島５２１番地１３",,30,201,6408412,,,,,,,2026-08-24,1,,,,,"マッキーベース",0
809,4180001112244,11,0,2026-08-24,2026-08-04,"株式会社ＡＫＥＢＯＮＯ",,301,"愛知県","一宮市","西萩原字上沼５２番地４",,23,203,4940011,,,,,,,2015-10-05,1,,,,,"アケボノ",0
810,4180002069715,01,1,2026-08-24,2015-10-05,"有限会社長谷川光建",,302,"愛知県","小牧市","下小針天神３丁目３８３番地",,23,219,4850036,,,,,,,2015-10-05,1,,,,,"ハセガワコウケン",0
811,4180003018415,01,1,2026-08-24,2017-11-07,"こどもレストランズ合同会社",,305,"愛知県","名古屋市中区","丸の内２丁目１７番１３号ＮＫ丸の内ビル６０２",,23,106,4600002,,,,,,,2017-11-07,0,,,,,,0
812,4180003018415,11,1,2026-08-24,2019-02-21,"株式会社こども企画",,301,"愛知県","名古屋市中区","丸の内２丁目１７番１３号ＮＫ丸の内ビル６０２",,23,106,4600002,,,,,,,2017-11-07,0,,,,,"コドモキカク",0
813,4180003018415,12,1,2026-08-24,2019-05-17,"株式会社こども企画",,301,"愛知県","名古屋市中区","丸の内２丁目１７番１３号ＮＫ丸の内ビル６階",,23,106,4600002,,,,,,,2017-11-07,0,,,,,"コドモキカク",0
814,4180003018415,12,1,2026-08-24,2020-05-08,"株式会社こども企画",,301,"愛知県","名古屋市北区","大曽根２丁目８番２６号エステイト大曽根７０１号室",,23,103,4620825,,,,,,,2017-11-07,0,,,,,"コドモキカク",0
815,4180003018415,11,1,2026-08-24,2025-07-15,"こどもキャスト株式会社",,301,"愛知県","名古屋市北区","大曽根２丁目８番２６号エステイト大曽根７０１号室",,23,103,4620825,,,,,,,2017-11-07,0,,,,,"コドモキャスト",0
816,4180003018415,11,1,2026-08-24,2026-03-10,"日本こどもホールディングス株式会社",,301,"愛知県","名古屋市北区","大曽根２丁目８番２６号エステイト大曽根７０１号室",,23,103,4620825,,,,,,,2017-11-07,0,,,,,"ニホンコドモホールディングス",0
817,4180003018415,12,1,2026-08-24,2026-08-12,"日本こどもホールディングス株式会社",,301,"愛知県","名古屋市北区","大曽根３丁目８番１９号ＳＴＰＬＡＺＡＯＺＯＮＥ３階",,23,103,4620825,,,,,,,2017-11-07,1,,,,,"ニホンコドモホールディングス",0
818,4180003024727,12,0,2026-08-24,2026-08-13,"合同会社Ｂａｎｄｉｅｒａ",,305,"愛知県","名古屋市西区","那古野１丁目１７－２４オープンレジデンシア名駅那古野１２０３",,23,104,4510042,,,,,,,2023-01-17,1,,,,,"バンディエラ",0
819,4180301029320,01,1,2026-08-24,2016-06-23,"株式会社エヌ・ティー・グループ",,301,"愛知県","西尾市","一色町味浜屋下１５番地１０",,23,213,4440422,,,,,,,2016-06-23,1,,,,,"エヌティーグループ",0
820,4190001021584,12,0,2026-08-24,2026-08-03,"株式会社アトラス",,301,"三重県","四日市市","浜町２番９号",,24,202,5100046,,,,,,,2015-10-05,1,,,,,"アトラス",0
821,4190001023770,01,1,2026-08-24,2016-06-23,"株式会社うを富",,301,"三重県","四日市市","十志町１４０番地２",,24,202,5108026,,,,,,,2016-06-23,1,,,,,"ウヲトミ",0
822,4190002016971,21,0,2026-08-24,2026-08-12,"有限会社丹羽銀座タオル",,302,"三重県","桑名市","大字萱町１５２番地",,24,205,5110044,,,2026-08-12,01,,,2015-10-05,1,,,,,"ニワギンザタオル",0
823,4200001001980,01,1,2026-08-24,2015-10-05,"株式会社児島製機",,301,"岐阜県","岐阜市","山吹町３丁目１１番地",,21,201,5020905,,,,,,,2015-10-05,1,,,,,"コジマセイキ",0
824,4200001027332,12,0,2026-08-24,2026-08-17,"トレンドクリエーションズ株式会社",,301,"岐阜県","多治見市","下沢町４丁目４５番地３",,21,204,5070812,,,,,,,2015-10-05,1,,,,,"トレンドクリエーションズ",0
825,4200005008460,01,1,2026-08-24,2015-10-05,"諏訪神社",,399,"岐阜県","土岐市","曽木町２４５７番地",,21,212,5095402,,,,,,,2015-10-05,1,,,,,"スワジンジャ",0
826,4220001002267,01,1,2026-08-24,2015-10-05,"株式会社貴生",,301,"石川県","野々市市","押野６丁目１２番",,17,212,9218802,,,,,,,2015-10-05,1,,,,,"キリュウ",0
827,4220001021192,01,1,2026-08-24,2016-09-01,"株式会社先導社",,301,"石川県","金沢市","湊４丁目６３番地",,17,201,9200211,,,,,,,2016-09-01,1,,,,,"センドウシャ",0
828,4230001010541,12,0,2026-08-24,2026-07-23,"ＪＰトナミグループ株式会社",,301,"東京都","中央区","日本橋堀留町２丁目８番４号",,13,102,1030012,,,,,,,2015-10-05,1,,,,,"ジェイピートナミグループ",0
829,4260001037359,71,0,2026-08-24,2026-07-31,"株式会社ＯＰＥＮ　ＵＰ　ＨＤ",,301,"岡山県","岡山市北区","問屋町９番地１０１",,33,101,7000977,,,,,,"令和８年７月３１日岡山市北区問屋町９番地１０１株式会社プラスＶ（7260001036275）を合併",2022-11-07,1,,,,,"オープンアップホールディングス",0
830,4280002005296,01,1,2026-08-24,2015-10-05,"有限会社オフィスヒストリィ",,302,"島根県","出雲市","大津町８２２番地１",,32,203,6930011,,,,,,,2015-10-05,1,,,,,"オフィスヒストリィ",0
831,4290001024107,01,1,2026-08-24,2015-10-05,"株式会社九宅協住宅開発",,301,"福岡県","福岡市博多区","博多駅前２丁目１１番１６号第二大西ビル",,40,132,8120011,,,,,,,2015-10-05,1,,,,,"キュウタクキョウジュウタクカイハツ",0
832,4290001026508,12,0,2026-08-24,2026-08-07,"小林建装株式会社",,301,"福岡県","福岡市南区","老司５丁目４１番２号",,40,134,8111346,,,,,,,2015-10-05,1,,,,,"コバヤシケンソウ",0
833,4290001052941,12,0,2026-08-24,2026-08-12,"株式会社水産堂",,301,"福岡県","柳川市","東魚屋町１９番地２",,40,207,8320035,,,,,,,2015-10-05,1,,,,,"スイサンドウ",0
834,4290001095874,12,0,2026-08-24,2026-08-10,"株式会社大石",,301,"福岡県","久留米市","御井町２２６８番地９ロイヤルパークマンション８０５号",,40,203,8390851,,,,,,,2022-01-04,1,,,,,"オオイシ",0
835,4290001115228,01,0,2026-08-24,2026-08-24,"株式会社Ｋ‐ｓｔｙｌｅ",,301,"福岡県","福岡市中央区","清川１丁目７－１３－１００５",,40,133,8100005,,,,,,,2026-08-24,1,,,,,"ケイスタイル",0
836,4290002046109,01,1,2026-08-24,2015-10-05,"有限会社ライト工業",,302,"福岡県","飯塚市","鯰田２９９番地の１０",,40,205,8200001,,,,,,,2015-10-05,1,,,,,"ライトコウギョウ",0
837,4290003004560,12,0,2026-08-24,2026-07-23,"合同会社４Ｃｏｌｌｅｃｔｉｏｎ",,305,"東京都","新宿区","百人町２丁目１１－２５新戸山ビル２Ｆ中央店舗",,13,104,1690073,,,,,,,2015-10-05,1,,,,,"フォーコレクション",0
838,4290801002179,01,1,2026-08-24,2015-10-05,"株式会社オカムラエステート２１",,301,"福岡県","北九州市小倉北区","京町３丁目１２番２２号",,40,106,8020002,,,,,,,2015-10-05,1,,,,,"オカムラエステートニジュウイチ",0
839,4290801029874,12,0,2026-08-24,2026-08-03,"株式会社Ｃｏｃｏ",,301,"福岡県","北九州市小倉北区","堺町２丁目１番１３号",,40,106,8020005,,,,,,,2023-09-14,1,,,,,"ココ",0
840,4300001014717,01,0,2026-08-24,2026-08-24,"株式会社キングファーム",,301,"佐賀県","神埼市","千代田町嘉納９９９番地",,41,210,8420067,,,,,,,2026-08-24,1,,,,,"キングファーム",0
841,4310001006977,21,0,2026-08-24,2026-08-20,"株式会社九州メカニカルセンター",,301,"長崎県","佐世保市","鹿町町土肥ノ浦１６９番地１",,42,202,8596145,,,2026-08-20,01,,,2015-10-05,1,,,,,"キュウシュウメカニカルセンター",0
842,4330001018979,01,1,2026-08-24,2015-10-05,"熊本社宅サービス株式会社",,301,"熊本県","熊本市東区","下南部３丁目６番２１号",,43,102,8618019,,,,,,,2015-10-05,1,,,,,"クマモトシャタクサービス",0
843,4330001026461,12,0,2026-08-24,2026-08-19,"株式会社ＡＬＡ",,301,"東京都","豊島区","南長崎２丁目１２番１０号レーベンシュロス２０２号",,13,116,1710052,,,,,,,2019-06-07,1,,,,,"エーエルエー",0
844,4340002004928,01,1,2026-08-24,2015-10-05,"有限会社秀栄設備",,302,"鹿児島県","鹿児島市","易居町１０番４号－９０３",,46,201,8920815,,,,,,,2015-10-05,1,,,,,"シュウエイセツビ",0
845,4340003005256,12,0,2026-08-24,2026-08-12,"合同会社つばめ",,305,"鹿児島県","姶良市","脇元６３５番地１セジュールアミ２０１号室",,46,225,8995651,,,,,,,2026-06-26,1,,,,,"ツバメ",0
846,4350002001742,21,0,2026-08-24,2026-08-20,"有限会社後藤医療コンサルタント",,302,"宮崎県","宮崎市","小松台東３丁目５番地１２",,45,201,8800953,,,2026-08-20,01,,,2015-10-05,1,,,,,"ゴトウイリョウコンサルタント",0
847,4350003004926,01,1,2026-08-24,2025-05-01,"合同会社１０５３",,305,"宮崎県","都城市","南横市町３７３０番地１３",,45,202,8850092,,,,,,,2025-05-01,0,,,,,,0
848,4350003004926,12,1,2026-08-24,2026-07-06,"合同会社１０５３",,305,"宮崎県","都城市","横市町９７８２番地",,45,202,8850091,,,,,,,2025-05-01,1,,,,,,0
849,4360001010487,12,0,2026-08-24,2026-08-17,"日産部品沖縄販売株式会社",,301,"沖縄県","中頭郡西原町","字幸地４２０番地",,47,329,9030116,,,,,,,2015-10-05,1,,,,,"ニッサンブヒンオキナワハンバイ",0
850,4360001037159,01,0,2026-08-24,2026-08-24,"株式会社ちゅらかじ",,301,"沖縄県","那覇市","久米２丁目３番１５号ＪＲ九州那覇ビル５階",,47,201,9000033,,,,,,,2026-08-24,1,,,,,"チュラカジ",0
851,4360001037183,01,0,2026-08-24,2026-08-24,"株式会社かりゆしパートナーズ",,301,"沖縄県","那覇市","安里１丁目８番２号",,47,201,9020067,,,,,,,2026-08-24,1,,,,,"カリユシパートナーズ",0
852,4370003002440,01,1,2026-08-24,2015-10-05,"合同会社シルクリーフ",,305,"宮城県","黒川郡富谷町","一ノ関字川又山２番地７９",,04,423,9813305,,,,,,,2015-10-05,0,,,,,"シルクリーフ",0
853,4370003002440,12,1,2026-08-24,2016-10-13,"合同会社シルクリーフ",,305,"宮城県","富谷市","一ノ関川又山２番地７９",,04,216,9813305,,,,,,,2015-10-05,0,,,,,"シルクリーフ",0
854,4370003002440,12,1,2026-08-24,2026-08-17,"合同会社シルクリーフ",,305,"宮城県","富谷市","富ケ丘３丁目６番２号",,04,216,9813352,,,,,,,2015-10-05,1,,,,,"シルクリーフ",0
855,4370003004024,21,0,2026-08-24,2026-08-13,"ムラセイ合同会社",,305,"宮城県","富谷市","富ケ丘２丁目２２番２０号",,04,216,9813352,,,2026-08-13,01,,,2017-12-08,1,,,,,"ムラセイ",0
856,4370003007068,12,0,2026-08-24,2026-08-04,"子ども達に学びの場をＤＡＯ合同会社",,305,"宮城県","気仙沼市","南町３丁目２番５号",,04,205,9880017,,,,,,,2025-06-23,0,,,,,"コドモタチニマナビノバヲダオ",0
857,4370003007068,11,0,2026-08-24,2026-08-04,"さんりくＤＡＯ合同会社",,305,"宮城県","気仙沼市","南町３丁目２番５号",,04,205,9880017,,,,,,,2025-06-23,1,,,,,,0
858,4370003007737,01,0,2026-08-24,2026-08-24,"玉田企画合同会社",,305,"宮城県","仙台市青葉区","国見ケ丘３丁目２６－１",,04,101,9893201,,,,,,,2026-08-24,1,,,,,"タマダキカク",0
859,4370005011150,01,0,2026-08-24,2026-08-24,"一般社団法人Ｍｉｔｒａ",,399,"宮城県","伊具郡丸森町","舘矢間松掛字宮田６７番地",,04,341,9812105,,,,,,,2026-08-24,1,,,,,"ミトラ",0
860,4380002028246,01,1,2026-08-24,2015-10-05,"有限会社熱海興運",,302,"福島県","相馬市","椎木字西田６番地の１",,07,209,9760002,,,,,,,2015-10-05,1,,,,,"アタミコウウン",0
861,4400003002404,01,1,2026-08-24,2018-11-29,"合同会社フローラ・サクラサワ",,305,"岩手県","奥州市","江刺玉里字稲荷崎１１３番地",,03,215,0231134,,,,,,,2018-11-29,0,,,,,"フローラサクラサワ",0
862,4400003002404,21,0,2026-08-24,2026-08-17,"合同会社フローラ・サクラサワ",,305,"岩手県","奥州市","江刺玉里字稲荷崎１１３番地",,03,215,0231134,,,2026-08-17,01,,,2018-11-29,1,,,,,"フローラサクラサワ",0
863,4400003003773,01,0,2026-08-24,2026-08-24,"架昇合同会社",,305,"岩手県","盛岡市","前九年３丁目２１番１２号グランツ１０１号",,03,201,0200127,,,,,,,2026-08-24,1,,,,,"カショウ",0
864,4400603000039,12,0,2026-08-24,2026-08-12,"株式会社東北電材",,301,"岩手県","奥州市","水沢字谷地明円８２番地１",,03,215,0230804,,,,,,,2015-10-05,1,,,,,"トウホクデンザイ",0
865,4420001001612,01,1,2026-08-24,2015-10-05,"株式会社中嶋五郎設計事務所",,301,"青森県","青森市","長島４丁目２番１８号",,02,201,0300861,,,,,,,2015-10-05,1,,,,,"ナカジマゴロウセッケイジムショ",0
866,4430001008549,12,0,2026-08-24,2026-08-21,"スミセキ・コンテック株式会社",,301,"北海道","札幌市中央区","北五条西１２丁目２番地",,01,101,0600005,,,,,,,2015-10-05,1,,,,,"スミセキコンテック",0
867,4430001074418,12,0,2026-08-24,2026-08-21,"スミセキ・コンテックホールディングス株式会社",,301,"北海道","札幌市中央区","北五条西１２丁目２番地",,01,101,0600005,,,,,,,2017-07-04,1,,,,,"スミセキコンテックホールディングス",0
868,4430001097559,01,0,2026-08-24,2026-08-24,"株式会社トーノ",,301,"北海道","札幌市西区","西野一条５丁目３番２２―２０１号",,01,107,0630031,,,,,,,2026-08-24,1,,,,,"トーノ",0
869,4470001021390,01,0,2026-08-24,2026-08-24,"株式会社ＫＡＷＡＲＩＭＯＮＯ",,301,"香川県","綾歌郡綾川町","陶４６００番地１",,37,387,7612103,,,,,,,2026-08-24,1,,,,,"カワリモノ",0
870,4480001013263,01,0,2026-08-24,2026-08-24,"株式会社まめぞう商会",,301,"徳島県","海部郡美波町","奥河内字寺前２２９－３",,36,387,7792305,,,,,,,2026-08-24,1,,,,,"マメゾウショウカイ",0
871,5010001029719,01,1,2026-08-24,2015-10-05,"株式会社マイク・グレー",,301,"東京都","千代田区","一番町１３番１６号",,13,101,1020082,,,,,,,2015-10-05,0,,,,,,0
872,5010001029719,12,1,2026-08-24,2021-02-05,"株式会社マイク・グレー",,301,"東京都","港区","西麻布４丁目１４番１２号",,13,103,1060031,,,,,,,2015-10-05,0,,,,,,0
873,5010001029719,12,1,2026-08-24,2025-08-21,"株式会社マイク・グレー",,301,"東京都","中央区","東日本橋３丁目２番４号",,13,102,1030004,,,,,,,2015-10-05,1,,,,,,0
874,5010001037333,01,1,2026-08-24,2015-10-05,"伊藤忠モードパル株式会社",,301,"東京都","千代田区","紀尾井町３番６号紀尾井町パークビル６Ｆ",,13,101,1020094,,,,,,,2015-10-05,0,,,,,"イトウチュウモードパル",0
875,5010001037333,12,1,2026-08-24,2016-10-19,"伊藤忠モードパル株式会社",,301,"東京都","中央区","日本橋富沢町９番１０号",,13,102,1030006,,,,,,,2015-10-05,0,,,,,"イトウチュウモードパル",0
876,5010001037333,12,1,2026-08-24,2024-05-29,"伊藤忠モードパル株式会社",,301,"東京都","中央区","入船２丁目１番１号",,13,102,1040042,,,,,,,2015-10-05,1,,,,,"イトウチュウモードパル",0
877,5010001126227,01,1,2026-08-24,2015-10-05,"株式会社Ｄ‐ｐｒｏｃｅｓｓ",,301,"神奈川県","大和市","大和南２丁目８番２２号",,14,213,2420016,,,,,,,2015-10-05,0,,,,,"ディープロセス",0
878,5010001126227,12,1,2026-08-24,2022-07-22,"株式会社Ｄ‐ｐｒｏｃｅｓｓ",,301,"東京都","北区","浮間１丁目２番２７号",,13,117,1150051,,,,,,,2015-10-05,1,,,,,"ディープロセス",0
879,5010001140979,01,1,2026-08-24,2015-10-05,"株式会社ドミノ・ピザジャパン",,301,"東京都","千代田区","岩本町１丁目１０番３号",,13,101,1010032,,,,,,,2015-10-05,0,"Domino's Pizza Japan, Inc.",,,,"ドミノピザジャパン",0
880,5010001140979,71,1,2026-08-24,2018-02-14,"株式会社ドミノ・ピザジャパン",,301,"東京都","千代田区","岩本町１丁目１０番３号",,13,101,1010032,,,,,,"平成３０年１月２６日東京都千代田区岩本町一丁目１０番３号株式会社ＤＰＪホールディングス１（9010001143838）を合併平成３０年１月２６日東京都千代田区岩本町一丁目１０番３号ＤＰＥジャパン株式会社（5010401107248）を合併平成３０年１月２６日東京都港区六本木六丁目１０番１号合同会社ＤＰＪホールディングス２（9010403016971）を合併",2015-10-05,0,"Domino's Pizza Japan, Inc.",,,,"ドミノピザジャパン",0
881,5010001140979,12,1,2026-08-24,2022-08-16,"株式会社ドミノ・ピザジャパン",,301,"東京都","品川区","上大崎２丁目１３番３０号",,13,109,1410021,,,,,,,2015-10-05,1,"Domino's Pizza Japan, Inc.","Tokyo","2-13-30, Kami-osaki, Shinagawa ku",,"ドミノピザジャパン",0
882,5010001149921,21,0,2026-08-24,2026-07-23,"ＦＢインベストメンツ株式会社",,301,"東京都","中央区","八丁堀３丁目２５番８号",,13,102,1040032,,,2026-07-23,01,,,2015-10-05,1,,,,,"エフビーインベストメンツ",0
883,5010001209601,12,0,2026-08-24,2026-07-23,"株式会社アルファ－Ａ",,301,"東京都","中央区","日本橋本町３丁目１１番５号",,13,102,1030023,,,,,,,2020-05-22,1,,,,,"アルファエー",0
884,5010001230656,12,0,2026-08-24,2026-07-14,"株式会社ＷＧマネジメント",,301,"東京都","千代田区","神田猿楽町２丁目８番１１号",,13,101,1010064,,,,,,,2022-11-10,1,,,,,"ダブリュージーマネジメント",0
885,5010001233691,12,0,2026-08-24,2026-07-22,"株式会社バリューパス",,301,"東京都","港区","南麻布３丁目２０－１Ｄａｉｗａ麻布テラス５階",,13,103,1060047,,,,,,,2023-03-16,1,,,,,"バリューパス",0
886,5010001249630,71,0,2026-08-24,2026-07-14,"株式会社船井総研あがたＦＡＳ",,301,"東京都","中央区","八重洲２丁目２番１号",,13,102,1040028,,,,,,"令和８年７月１日名古屋市中区錦一丁目１７番２６号株式会社ＭＩコンサルティング（5180001152462）を合併",2024-11-06,1,,,,,"フナイソウケンアガタファス",0
887,5010001262369,12,0,2026-08-24,2026-08-18,"Ｌ．Ａ．Ｂ．Ｇｏｌｆ　Ｊａｐａｎ株式会社",,301,"東京都","港区","虎ノ門４丁目３番１号城山トラストタワー２７階",,13,103,1050001,,,,,,,2026-01-29,1,,,,,"ラブゴルフジャパン",0
888,5010002050054,12,0,2026-08-24,2026-07-14,"有限会社順昌国際商社",,302,"東京都","千代田区","神田神保町１丁目５番１号",,13,101,1010051,,,,,,,2015-10-05,1,,,,,"ジュンショウコクサイショウシャ",0
889,5010003032869,21,0,2026-08-24,2026-07-23,"合同会社トリニティカンザス",,305,"東京都","中央区","日本橋１丁目４番１号",,13,102,1030027,,,2026-07-23,01,,,2020-08-20,1,,,,,"トリニティカンザス",0
890,5010003034477,12,0,2026-08-24,2026-08-19,"Ｔｈｅ　ＦＡＮ合同会社",,305,"東京都","港区","東新橋２丁目１０番７号中銀第２新橋マンシオン８０１",,13,103,1050021,,,,,,,2021-03-25,1,,,,,"ザファン",0
891,5010003050367,01,1,2026-08-24,2026-02-10,"合同会社ぽのぽ",,305,"東京都","中央区","晴海５丁目４番５－１５１０号",,13,102,1040053,,,,,,,2026-02-10,1,,,,,,0
892,5010003052355,01,0,2026-08-24,2026-08-24,"合同会社佐世保",,305,"東京都","中央区","日本橋１丁目４番１号",,13,102,1030027,,,,,,,2026-08-24,1,,,,,"サセボ",0
893,5010003052363,01,0,2026-08-24,2026-08-24,"合同会社ＬＡＡｒｃｈｉｔｅｃｔ",,305,"東京都","中央区","銀座１丁目１２番４号Ｎ＆ＥＢＬＤ．６Ｆ",,13,102,1040061,,,,,,,2026-08-24,1,,,,,"エルエーアーキテクト",0
894,5010003052446,01,0,2026-08-24,2026-08-24,"ＴＮＦ１号合同会社",,305,"東京都","千代田区","丸の内１丁目４番１号東京共同会計事務所内",,13,101,1000005,,,,,,,2026-08-24,1,,,,,"ティーエヌエフイチゴウ",0
895,5010401093100,12,0,2026-08-24,2026-08-20,"株式会社ＬＹＬＡ",,301,"神奈川県","横浜市鶴見区","駒岡５丁目３番１２－５０７号",,14,101,2300071,,,,,,,2015-10-05,1,,,,,"ライラ",0
896,5010401117858,71,0,2026-08-24,2026-08-03,"株式会社ディスカバリー・ネクスト",,301,"東京都","目黒区","青葉台３丁目６番１６号ＨＦ青葉台ビル５階",,13,110,1530042,,,,,,"令和８年８月１日東京都目黒区青葉台三丁目６番１６号ＨＦ青葉台ビル５階株式会社ＳＵＭＭＥＲ　ＳＥＡＳＯＮ（1011001112583）を合併",2015-10-05,1,,,,,"ディスカバリーネクスト",0
897,5010401184700,11,0,2026-08-24,2026-07-14,"株式会社エンゲージリンクス",,301,"東京都","港区","南青山２丁目２番１５号ＷｉｎＡｏｙａｍａビルＵＣＦ６階",,13,103,1070062,,,,,,,2024-08-30,1,,,,,"エンゲージリンクス",0
898,5010402008049,01,1,2026-08-24,2015-10-05,"有限会社タケムラ金属",,302,"東京都","港区","白金３丁目３番１９号",,13,103,1080072,,,,,,,2015-10-05,1,,,,,"タケムラキンゾク",0
899,5010402023881,11,0,2026-08-24,2026-07-24,"ヘリコニアリーシング有限会社",,302,"東京都","千代田区","丸の内１丁目３番２号",,13,101,1000005,,,,,,,2015-10-05,1,,,,,"ヘリコニアリーシング",0
900,5010403022965,12,0,2026-08-24,2026-07-13,"合同会社ＲＪソーラー２",,305,"東京都","港区","虎ノ門１丁目２番８号株式会社リエネ・エナジー内",,13,103,1050001,,,,,,,2020-05-14,1,,,,,"アールジェイソーラーツー",0
901,5010403038879,01,0,2026-08-24,2026-08-24,"合同会社ダイカン・マウンテン",,305,"東京都","港区","元赤坂１丁目１番７号",,13,103,1070051,,,,,,,2026-08-24,1,,,,,"ダイカンマウンテン",0
902,5010501026298,01,1,2026-08-24,2015-10-05,"株式会社サン・アイデア",,301,"東京都","台東区","台東３丁目３５番８号",,13,106,1100016,,,,,,,2015-10-05,0,,,,,"サンアイデア",0
903,5010501026298,12,1,2026-08-24,2018-03-14,"株式会社サン・アイデア",,301,"東京都","台東区","台東４丁目２９番１５号",,13,106,1100016,,,,,,,2015-10-05,1,,,,,"サンアイデア",0
904,5010501038640,12,0,2026-08-24,2026-08-19,"株式会社ＳＳ物流",,301,"東京都","台東区","橋場２丁目１０番３号",,13,106,1110023,,,,,,,2015-10-15,1,,,,,"エスエスブツリュウ",0
905,5010601040975,12,0,2026-08-24,2026-08-19,"株式会社ワンダーマンクリエイティブ",,301,"東京都","江戸川区","西葛西６丁目１５番８－６０３号第１荒井プレイス",,13,123,1340088,,,,,,,2015-10-05,1,,,,,"ワンダーマンクリエイティブ",0
906,5010601049364,01,1,2026-08-24,2016-03-15,"株式会社オフィスＫＡＮＫＩ",,301,"東京都","江東区","白河２丁目１２番３－６０３号",,13,108,1350021,,,,,,,2016-03-15,1,,,,,"オフィスカンキ",0
907,5010601059487,01,1,2026-08-24,2021-06-15,"株式会社光新プランニング",,301,"東京都","江東区","塩浜１丁目４番３３－８４５号",,13,108,1350043,,,,,,,2021-06-15,1,,,,,"コウシンプランニング",0
908,5010701020605,01,1,2026-08-24,2015-10-05,"ＢＥＥＮＯＳ株式会社",,301,"東京都","品川区","北品川４丁目７番３５号",,13,109,1400001,,,,,,,2015-10-05,0,,,,,,0
909,5010701020605,12,1,2026-08-24,2024-12-02,"ＢＥＥＮＯＳ株式会社",,301,"東京都","品川区","西五反田８丁目４番１３号",,13,109,1410031,,,,,,,2015-10-05,0,,,,,,0
910,5010701020605,71,1,2026-08-24,2026-07-21,"ＢＥＥＮＯＳ株式会社",,301,"東京都","品川区","西五反田８丁目４番１３号",,13,109,1410031,,,,,,"令和８年７月１日東京都品川区西五反田八丁目４番１３号株式会社ＢＥＥＮＯＳ　Ｐａｒｔｎｅｒｓ（1010701026589）を合併",2015-10-05,1,,,,,,0
911,5010701032658,12,0,2026-08-24,2026-08-19,"スリーデイズ株式会社",,301,"東京都","新宿区","西五軒町１番－１０－４０１号",,13,104,1620812,,,,,,,2016-06-30,1,,,,,"スリーデイズ",0
912,5010702015026,01,1,2026-08-24,2015-10-05,"有限会社ニイダ製作所",,302,"東京都","品川区","旗の台６丁目６番７号",,13,109,1420064,,,,,,,2015-10-05,1,,,,,"ニイダセイサクショ",0
913,5010801019489,01,1,2026-08-24,2015-10-05,"株式会社外国屋コーポレーション",,301,"東京都","大田区","西嶺町９番６号",,13,111,1450075,,,,,,,2015-10-05,1,,,,,"ガイコクヤコーポレーション",0
914,5010902007582,12,0,2026-08-24,2026-08-03,"有限会社志村建物",,302,"東京都","調布市","仙川町１丁目２５番地４シティハウス仙川２１５",,13,208,1820002,,,,,,,2015-10-05,1,,,,,"シムラタテモノ",0
915,5010903011096,01,0,2026-08-24,2026-08-24,"合同会社植木",,305,"東京都","世田谷区","深沢４丁目３１－３",,13,112,1580081,,,,,,,2026-08-24,1,,,,,"ウエキ",0
916,5011001091816,12,0,2026-08-24,2026-08-04,"株式会社タンジェント",,301,"東京都","渋谷区","東２丁目１７－１２パーシモン・チバ２０３",,13,113,1500011,,,,,,,2015-10-05,1,,,,,"タンジェント",0
917,5011001139375,12,0,2026-08-24,2026-08-20,"株式会社ＧＴ‐ｗｏｒｋｓ",,301,"東京都","渋谷区","神宮前６丁目１８－８ニュー関口ビル５階",,13,113,1500001,,,,,,,2021-03-23,1,,,,,"ジーティーワークス",0
918,5011001140275,11,0,2026-08-24,2026-08-03,"合同会社若山陽一",,305,"東京都","渋谷区","神宮前２丁目２番３９－２００６号",,13,113,1500001,,,,,,,2021-05-12,1,,,,,"ワカヤマヨウイチジムショ",0
919,5011001180008,01,0,2026-08-24,2026-08-24,"株式会社トライアセット",,301,"東京都","渋谷区","鶯谷町１３番１号ラ・トゥール代官山Ｊ－１０２",,13,113,1500032,,,,,,,2026-08-24,1,,,,,"トライアセット",0
920,5011003017117,21,0,2026-08-24,2026-08-04,"ＮＡＴ　ＪＡＰＡＮ合同会社",,305,"東京都","目黒区","平町２丁目５－１７－１０３",,13,110,1520032,,,2026-08-04,01,,,2023-07-06,1,,,,,"ナットジャパン",0
921,5011101014528,12,0,2026-08-24,2026-07-23,"戸部興業株式会社",,301,"東京都","新宿区","歌舞伎町２丁目６番８号",,13,104,1600021,,,,,,,2015-10-05,1,,,,,"トベコウギョウ",0
922,5011102015905,12,0,2026-08-24,2026-08-03,"株式会社ケイズ・オフィス",,301,"東京都","中央区","日本橋茅場町１丁目１０番５号",,13,102,1030025,,,,,,,2015-10-05,1,,,,,"ケイズオフィス",0
923,5011203005078,01,0,2026-08-24,2026-08-24,"合同会社ＧＯＥＮ",,305,"東京都","中野区","中野５丁目５１番１６―８０４号",,13,114,1640001,,,,,,,2026-08-24,1,,,,,"ゴエン",0
924,5011301027940,12,0,2026-08-24,2026-08-12,"株式会社Ｎ",,301,"東京都","三鷹市","井の頭５丁目２５－４",,13,204,1810001,,,,,,,2022-07-21,1,,,,,"エヌ",0
925,5011401000351,12,0,2026-08-24,2026-08-20,"アトミクス株式会社",,301,"東京都","新宿区","西新宿１丁目２６番２号新宿野村ビル１１階",,13,104,1600023,,,,,,,2015-10-05,1,,,,,"アトミクス",0
926,5011402009615,01,1,2026-08-24,2015-10-05,"有限会社若木サービス",,302,"東京都","板橋区","若木３丁目７番７号",,13,119,1740065,,,,,,,2015-10-05,1,,,,,"ワカギサービス",0
927,5011402018946,01,1,2026-08-24,2015-10-05,"有限会社ＨＩＢＩＫＩ",,302,"東京都","板橋区","赤塚６丁目３５番１６号",00066449,13,119,1750092,,,,,,,2015-10-05,1,,,,,"ヒビキ",0
928,5011501029646,11,0,2026-08-24,2026-08-21,"株式会社アカイホシ",,301,"東京都","北区","滝野川７丁目４４番６号",,13,117,1140023,,,,,,,2023-08-14,1,,,,,"アカイホシ",0
929,5011702000323,01,1,2026-08-24,2015-10-05,"有限会社アクトエンジニアリング",,302,"東京都","江戸川区","西葛西８丁目１２番１８号",,13,123,1340088,,,,,,,2015-10-05,1,,,,,"アクトエンジニアリング",0
930,5012301008121,01,1,2026-08-24,2015-10-05,"株式会社エス・アール・ネット",,301,"東京都","新宿区","南元町四丁目３８番シャトレーヌ信濃町２０１",,13,104,1600012,,,,,,,2015-10-05,1,,,,,"エスアールネット",0
931,5012302007642,12,0,2026-08-24,2026-08-20,"有限会社ケン商",,302,"東京都","町田市","野津田町６８１番地サンライズパーク河井Ｃ－２０１",,13,209,1950063,,,,,,,2015-10-05,1,,,,,,0
932,5012402010422,01,1,2026-08-24,2015-10-05,"有限会社内田恒産",,302,"東京都","調布市","深大寺北町４丁目２２番地８",,13,208,1820011,,,,,,,2015-10-05,1,,,,,"ウチダコウサン",0
933,5012801008835,21,0,2026-08-24,2026-08-17,"株式会社エムジーサプライ",,301,"東京都","立川市","曙町１丁目２０番９号",00058899,13,202,1900012,,,2026-08-17,01,,,2015-10-05,1,,,,,"エムジーサプライ",0
934,5012803004171,01,0,2026-08-24,2026-08-24,"ｓｈｏｗ‐ｔｅｃｈ‐ＣＯＤＥ合同会社",,305,"東京都","日野市","三沢２丁目３６－１２",,13,212,1910032,,,,,,,2026-08-24,1,,,,,"ショウテックコード",0
935,5013201016528,12,0,2026-08-24,2026-08-03,"株式会社タガル",,301,"東京都","渋谷区","恵比寿西１丁目３３－１５ＥＮ代官山ビル１Ｆ",,13,113,1500021,,,,,,,2015-10-05,1,,,,,"タガル",0
936,5013301038158,12,0,2026-08-24,2026-07-28,"株式会社ＭＡＴ",,301,"東京都","千代田区","岩本町２丁目１１番３号",,13,101,1010032,,,,,,,2016-01-27,1,,,,,"エムエーティ",0
937,5020001087708,71,0,2026-08-24,2026-08-03,"株式会社小林石材店",,301,"神奈川県","横浜市港南区","日野中央１丁目１２番３号",,14,111,2340053,,,,,,"令和８年８月１日横浜市港南区日野中央一丁目１２番３号株式会社常盤石材（1020001004229）を合併",2015-10-05,1,,,,,"コバヤシセキザイテン",0
938,5020001087889,12,0,2026-08-24,2026-08-03,"株式会社ホテルタイムズイン２４綱島",,301,"神奈川県","横浜市港北区","綱島東１丁目４番３号",,14,109,2230052,,,,,,,2015-10-05,1,,,,,"ホテルタイムズインニジュウヨンツナシマ",0
939,5020001151422,12,0,2026-08-24,2026-08-03,"株式会社ａｎｄｙ　ｈｏｍｅ",,301,"神奈川県","川崎市宮前区","平１丁目１１番３６－２０２号アークプラザ宮前平",,14,136,2160022,,,,,,,2023-05-10,1,,,,,"アンディホーム",0
940,5020001163797,12,0,2026-08-24,2026-08-20,"株式会社ＩＮＣｒｅｗ",,301,"東京都","豊島区","東池袋１丁目３４－５",,13,116,1700013,,,,,,,2025-07-28,1,,,,,"インクルー",0
941,5020003031548,01,0,2026-08-24,2026-08-24,"合同会社はりきゅうマッサージひかり",,305,"神奈川県","横浜市青葉区","しらとり台３３番地２コアロードＢ－２０２",,14,117,2270054,,,,,,,2026-08-24,1,,,,,"ハリキュウマッサージヒカリ",0
942,5021001059135,01,1,2026-08-24,2016-04-22,"株式会社斉野建創",,301,"神奈川県","座間市","ひばりが丘１丁目５０番４５号",,14,216,2520003,,,,,,,2016-04-22,1,,,,,"サイノケンソウ",0
943,5021001059440,01,1,2026-08-24,2016-06-03,"株式会社鎌倉学び舎",,301,"神奈川県","鎌倉市","梶原２丁目２２番９号",,14,204,2470063,,,,,,,2016-06-03,0,,,,,,0
944,5021001059440,11,1,2026-08-24,2017-12-20,"株式会社鎌倉学び舎ラボラトリー",,301,"神奈川県","鎌倉市","梶原２丁目２２番９号",,14,204,2470063,,,,,,,2016-06-03,1,,,,,"カマクラマナビヤラボラトリー",0
945,5021001066098,21,0,2026-08-24,2026-07-30,"株式会社ＲＡＩＳＥ",,301,"神奈川県","藤沢市","片瀬山５丁目２４番２号",,14,205,2510033,,,2026-07-30,01,,,2018-11-28,1,,,,,"レイズ",0
946,5021003013172,12,0,2026-08-24,2026-08-12,"かいな合同会社",,305,"大分県","速見郡日出町","大字南畑１７５３－１５５４",,44,341,8791509,,,,,,,2023-06-07,1,,,,,"カイナ",0
947,5021003017792,01,0,2026-08-24,2026-08-24,"シイカワエンタープライズ合同会社",,305,"神奈川県","秦野市","東田原１０６０番地の６",,14,211,2570028,,,,,,,2026-08-24,1,,,,,"シイカワエンタープライズ",0
948,5030001028140,12,0,2026-08-24,2026-07-28,"株式会社エイチエムティ",,301,"埼玉県","さいたま市北区","土呂町１丁目２１番地７ＳＵＺＵＹＡビル２階２０２号",,11,102,3310804,,,,,,,2015-10-05,1,,,,,"エイチエムティ",0
949,5030001093449,12,0,2026-08-24,2026-08-04,"株式会社大和",,301,"埼玉県","さいたま市大宮区","桜木町２丁目３番地大宮マルイ７階",,11,103,3300854,,,,,,,2015-10-05,1,,,,,"ヤマト",0
950,5030001154696,12,0,2026-08-24,2026-08-05,"株式会社モトデント",,301,"埼玉県","さいたま市見沼区","大字片柳１２５９番",,11,104,3370024,,,,,,,2023-07-06,1,,,,,"モトデント",0
951,5030001155430,12,0,2026-08-24,2026-08-03,"翔和美装株式会社",,301,"埼玉県","越谷市","大沢１６４２番地１―１０５号室",,11,222,3430025,,,,,,,2023-08-25,1,,,,,"ショウワビソウ",0
952,5030001173878,01,0,2026-08-24,2026-08-24,"株式会社Ｇｕｉｌｄ",,301,"埼玉県","蓮田市","見沼町５番８号",,11,238,3490127,,,,,,,2026-08-24,1,,,,,"ギルド",0
953,5030001173903,01,0,2026-08-24,2026-08-24,"株式会社ダークエンジェルドラゴン",,301,"埼玉県","川越市","東田町２３番地２",,11,201,3501114,,,,,,,2026-08-24,1,,,,,"ダークエンジェルドラゴン",0
954,5030002063582,21,0,2026-08-24,2026-08-06,"有限会社富士見米酒店",,302,"埼玉県","富士見市","西みずほ台１丁目２１番地２",,11,235,3540018,,,2026-08-06,01,,,2015-10-05,1,,,,,"フジミコメサケテン",0
955,5030003006937,01,1,2026-08-24,2015-10-05,"合同会社Ｖｉｇｎｅ",,305,"埼玉県","越谷市","大字砂原９７５番地",,11,222,3430803,,,,,,,2015-10-05,1,,,,,"ヴィーニュ",0
956,5030005015564,12,0,2026-08-24,2026-08-06,"一般社団法人埼玉県銀行協会",,399,"埼玉県","さいたま市浦和区","常盤７丁目４番１号埼玉りそな銀行本店ビル",,11,107,3300061,,,,,,,2015-10-05,1,,,,,"サイタマケンギンコウキョウカイ",0
957,5040001015757,12,0,2026-08-24,2026-07-30,"株式会社ジェイアシスト",,301,"千葉県","千葉市稲毛区","園生町４６８－１４２",,12,103,2630051,,,,,,,2015-10-05,1,,,,,"ジェイアシスト",0
958,5040001053658,21,0,2026-08-24,2026-07-31,"ＭＫ損害サービス株式会社",,301,"千葉県","千葉市中央区","村田町１１８７番地",,12,101,2600825,,,2026-07-31,01,,,2015-10-05,1,,,,,"エムケーソンガイサービス",0
959,5040002010963,01,1,2026-08-24,2015-10-05,"有限会社マルカ",,302,"千葉県","千葉市稲毛区","作草部町７７３番地",,12,103,2630014,,,,,,,2015-10-05,1,,,,,"マルカ",0
960,5040003013858,12,0,2026-08-24,2026-08-03,"かがやき開発合同会社",,305,"千葉県","松戸市","本町１７番地の１１",,12,207,2710091,,,,,,,2019-08-13,1,,,,,"カガヤキカイハツ",0
961,5040003030622,01,0,2026-08-24,2026-08-24,"合同会社ブルームライツ",,305,"千葉県","市川市","南行徳２丁目１３番２０－１０７号（ステイツ南行徳ヴェルパセオ）",,12,203,2720138,,,,,,,2026-08-24,1,,,,,"ブルームライツ",0
962,5040005019192,01,1,2026-08-24,2016-08-17,"一般社団法人日本ジュニアバスケットボール協会",,399,"千葉県","鎌ケ谷市","南鎌ケ谷４丁目１２番７２号",,12,224,2730106,,,,,,,2016-08-17,1,,,,,"ニホンジュニアバスケットボールキョウカイ",0
963,5050001050712,11,0,2026-08-24,2026-08-14,"株式会社ＳｉｃｃａＮｏｖａ　Ｔｈｅｒａｐｅｕｔｉｃｓ",,301,"茨城県","つくば市","吾妻２丁目５番地１",,08,220,3050031,,,,,,,2022-03-07,1,,,,,"シッカノヴァセラピューティクス",0
964,5050001056833,12,0,2026-08-24,2026-08-20,"株式会社林トレーディング",,301,"北海道","苫小牧市","桜木町３丁目１９番２７",,01,213,0530832,,,,,,,2025-06-20,1,,,,,"ハヤシトレーディング",0
965,5060001033484,12,0,2026-08-24,2026-08-19,"澤畜商事株式会社",,301,"栃木県","下野市","石橋２６３番地１９",,09,216,3290511,,,,,,,2021-03-05,0,,,,,"サワチクショウジ",0
966,5060001033484,11,0,2026-08-24,2026-08-19,"澤畜下野食品商事株式会社",,301,"栃木県","下野市","石橋２６３番地１９",,09,216,3290511,,,,,,,2021-03-05,1,,,,,"サワチクシモツケショクヒンショウジ",0
967,5060002008378,21,0,2026-08-24,2026-08-20,"有限会社丸中商店",,302,"栃木県","宇都宮市","大曽１丁目７番１９号",,09,201,3200014,,,2026-08-20,01,,,2015-10-05,1,,,,,"マルナカショウテン",0
968,5060002009120,01,0,2026-08-24,2026-08-24,"有限会社谷中商店",,302,"栃木県","宇都宮市","中戸祭１丁目９番１４号",,09,201,3200057,,,,,,,2026-08-24,1,,,,,"ヤナカショウテン",0
969,5060005007732,01,1,2026-08-24,2015-10-05,"特定非営利活動法人栃木県防災士会",,399,"栃木県","那須郡那須町","大字寺子乙２５４８番地５２",,09,407,3293215,,,,,,,2015-10-05,0,,,,,"トチギケンボウサイシカイ",0
970,5060005007732,12,1,2026-08-24,2026-08-20,"特定非営利活動法人栃木県防災士会",,399,"栃木県","宇都宮市","竹下町９０８番地作新学院大学内",,09,201,3213236,,,,,,,2015-10-05,1,,,,,"トチギケンボウサイシカイ",0
971,5070001027469,21,0,2026-08-24,2026-08-18,"株式会社エイホウ",,301,"群馬県","高崎市","足門町１３０９番地",,10,202,3703531,,,2026-08-18,01,,,2015-10-05,1,,,,,"エイホウ",0
972,5070001027725,21,0,2026-08-24,2026-08-18,"株式会社ｐｉｅｃｅｓ",,301,"群馬県","高崎市","浜尻町１１３５番地サンクフルタウン１－２Ｆ－Ｈ",,10,202,3700005,,,2026-08-18,01,,,2015-10-05,1,,,,,"ピーシーズ",0
973,5070001028483,21,0,2026-08-24,2026-08-20,"株式会社エヌ・ネットサポート",,301,"群馬県","高崎市","上豊岡町２９７番地１２",,10,202,3700871,,,2026-08-20,01,,,2015-10-05,1,,,,,,0
974,5070001044431,01,0,2026-08-24,2026-08-24,"ＳＫＩＦＵＬＬ株式会社",,301,"群馬県","館林市","本町２丁目１２番２３号",,10,207,3740024,,,,,,,2026-08-24,1,,,,,"スキフル",0
975,5080001017502,21,0,2026-08-24,2026-08-21,"株式会社静桐",,301,"静岡県","島田市","横井３丁目２０番２２号",,22,209,4270024,,,2026-08-21,01,,,2015-10-05,1,,,,,"セイトウ",0
976,5080101011173,01,1,2026-08-24,2015-10-05,"株式会社新菱興産",,301,"千葉県","松戸市","金ケ作１７番地の１",,12,207,2702251,,,,,,,2015-10-05,0,,,,,"シンリョウコウサン",0
977,5080101011173,12,1,2026-08-24,2026-08-06,"株式会社新菱興産",,301,"千葉県","松戸市","常盤平５丁目２８番地の４小川ビル２階",,12,207,2702261,,,,,,,2015-10-05,1,,,,,"シンリョウコウサン",0
978,5080101026428,01,0,2026-08-24,2026-08-24,"伊豆半島株式会社",,301,"静岡県","熱海市","咲見町７－３３ユニオンビル１階",,22,205,4130019,,,,,,,2026-08-24,1,,,,,"イズハントウ",0
979,5080402005824,01,1,2026-08-24,2015-10-05,"有限会社ナチュラルピアノ",,302,"静岡県","浜松市東区","北島町５９２番地の３",,22,132,4350041,,,,,,,2015-10-05,0,,,,,"ナチュラルピアノ",0
980,5080402005824,12,1,2026-08-24,2024-01-11,"有限会社ナチュラルピアノ",,302,"静岡県","浜松市中央区","北島町５９２番地の３",,22,138,4350041,,,,,,,2015-10-05,1,,,,,"ナチュラルピアノ",0
981,5100001039956,01,0,2026-08-24,2026-08-24,"株式会社ミナモトヤ",,301,"長野県","上伊那郡宮田村","６７２５番地２",,20,388,3994301,,,,,,,2026-08-24,1,,,,,"ミナモトヤ",0
982,5100002035145,01,1,2026-08-24,2015-10-05,"有限会社大槻精密",,302,"長野県","上伊那郡辰野町","大字平出１６１９番地１",,20,382,3990422,,,,,,,2015-10-05,1,,,,,"オオツキセイミツ",0
983,5110001029213,01,1,2026-08-24,2015-10-05,"株式会社泰成コーポレーション",,301,"新潟県","新潟市南区","西白根２４８番地２",,15,106,9501262,,,,,,,2015-10-05,1,,,,,"タイセイコーポレーション",0
984,5110001038651,12,0,2026-08-24,2026-08-10,"株式会社ＴＡＳＵＫＵ",,301,"新潟県","上越市","住吉町６番７号１Ｆ",,15,222,9420002,,,,,,,2024-08-15,1,,,,,"タスク",0
985,5110002019048,01,1,2026-08-24,2015-10-05,"有限会社栗林建装",,302,"新潟県","西蒲原郡弥彦村","大字川崎１１５番地９",,15,342,9590307,,,,,,,2015-10-05,0,,,,,"クリバヤシケンソウ",0
986,5110002019048,12,1,2026-08-24,2026-08-12,"有限会社栗林建装",,302,"新潟県","燕市","小関１４６５番地１",,15,213,9591286,,,,,,,2015-10-05,1,,,,,"クリバヤシケンソウ",0
987,5110003003158,21,0,2026-08-24,2026-08-17,"Ｓｍｉｌｅ　Ｊａｐａｎ合同会社",,305,"新潟県","長岡市","新保６丁目３２５番地",,15,202,9400875,,,2026-08-17,01,,,2015-10-05,1,,,,,"スマイルジャパン",0
988,5120001008026,01,1,2026-08-24,2015-10-05,"株式会社田代商店",,301,"大阪府","大阪市都島区","都島南通１丁目６番１２号",,27,102,5340023,,,,,,,2015-10-05,1,,,,,"タシロショウテン",0
989,5120001015922,12,0,2026-08-24,2026-08-10,"ハクセン化学工業株式会社",,301,"大阪府","大阪市城東区","中央３丁目１番１３号－８０１",,27,118,5360005,,,,,,,2015-10-05,1,,,,,"ハクセンカガクコウギョウ",0
990,5120001184057,12,0,2026-08-24,2026-08-17,"株式会社スカイホーム",,301,"大阪府","寝屋川市","豊里町１番７－８０７号",,27,215,5720071,,,,,,,2015-10-05,1,,,,,"スカイホーム",0
991,5120001247301,11,0,2026-08-24,2026-08-07,"株式会社笹興",,301,"大阪府","大阪市福島区","海老江５丁目２番２号",,27,103,5530001,,,,,,,2022-07-13,1,,,,,"ササコウ",0
992,5120001275830,12,0,2026-08-24,2026-08-20,"西教信通株式会社",,301,"兵庫県","神戸市中央区","元町通５丁目２番３号甲南サンシティ元町１０６号室",,28,110,6500022,,,,,,,2025-05-16,1,,,,,"セイキョウシンツウ",0
993,5120001278321,12,0,2026-08-24,2026-08-12,"株式会社ＲＥＤ",,301,"大阪府","大阪市淀川区","新高５丁目１０番３１号",,27,123,5320033,,,,,,,2025-07-30,1,,,,,"レッド",0
994,5120001285037,12,0,2026-08-24,2026-08-17,"株式会社ホープ",,301,"大阪府","大阪市東淀川区","大道南３丁目７－１メゾンインペリアル豊里３０３",,27,114,5330012,,,,,,,2026-03-24,1,,,,,"ホープ",0
995,5120001288626,01,0,2026-08-24,2026-08-24,"株式会社ＣＬＡＳＳ",,301,"大阪府","枚方市","香里園町１２－１０－２",,27,210,5730086,,,,,,,2026-08-24,1,,,,,"クラス",0
996,5120002036158,01,1,2026-08-24,2015-10-05,"株式会社メビウスＬｉｎｋ",,301,"大阪府","大阪市北区","梅田１丁目１番３号大阪駅前第３ビル５階",,27,127,5300001,,,,,,,2015-10-05,1,,,,,"メビウスリンク",0
997,5120002055042,01,1,2026-08-24,2015-10-05,"有限会社ミリュー建築設備設計",,302,"大阪府","大阪市中央区","谷町４丁目８番１号ストークＦＳビル",,27,128,5400012,,,,,,,2015-10-05,1,,,,,"ミリューケンチクセツビセッケイ",0
998,5120003009583,21,0,2026-08-24,2026-08-17,"アスタメディア合同会社",,305,"大阪府","大阪市中央区","南久宝寺町２丁目６番７号",,27,128,5410058,,,2026-08-17,01,,,2015-10-05,1,,,,,"アスタメディア",0
999,5120003032949,01,1,2026-08-24,2026-07-02,"慶静合同会社",,305,"大阪府","交野市","私部西５丁目９８２－２",,27,230,5760041,,,,,,,2026-07-02,1,,,,,"ケイセイ",0
1000,5120003033278,01,0,2026-08-24,2026-08-24,"合同会社河邉",,305,"大阪府","枚方市","香里ケ丘１丁目６番２４号",,27,210,5730084,,,,,,,2026-08-24,1,,,,,"カワベ",0
1001,5120005009565,12,0,2026-08-24,2026-08-19,"特定非営利活動法人エルスタ絆ネット",,399,"大阪府","大阪市港区","弁天３丁目３－２４",,27,107,5520007,,,,,,,2015-10-05,1,,,,,"エルスタキズナネット",0
1002,5120005015588,21,0,2026-08-24,2026-08-13,"特定非営利活動法人ＮＵＳＰＡ",,399,"大阪府","箕面市","箕面６丁目７番２１号",,27,220,5620001,,,2026-08-13,01,,,2015-10-05,1,,,,,"ニュースパ",0
1003,5120005024366,11,0,2026-08-24,2026-08-18,"一般社団法人法悟空出版",,399,"大阪府","大阪市大正区","南恩加島６丁目９番２号",,27,108,5510021,,,,,,,2024-06-07,1,,,,,"ホウゴクウシュッパン",0
1004,5120101074257,01,0,2026-08-24,2026-08-24,"株式会社燈火",,301,"大阪府","泉大津市","豊中町１丁目１９番１１号",,27,206,5950023,,,,,,,2026-08-24,1,,,,,"トウカ",0
1005,5120901023933,01,1,2026-08-24,2015-10-05,"三宮企業株式会社",,301,"大阪府","豊中市","岡町南３丁目３番２１号ネバーランド豊中岡町５０５号",,27,203,5610883,,,,,,,2015-10-05,1,,,,,"サンノミヤキギョウ",0
1006,5120901034492,01,1,2026-08-24,2015-10-05,"株式会社メディケア",,301,"大阪府","豊能郡豊能町","希望ケ丘５丁目３番地の１",,27,321,5630214,,,,,,,2015-10-05,1,,,,,"メディケア",0
1007,5120901045837,21,0,2026-08-24,2026-08-17,"株式会社プライム",,301,"大阪府","池田市","神田１丁目１番１２号Ａ棟",,27,204,5630043,,,2026-08-17,01,,,2022-04-07,1,,,,,"プライム",0
1008,5122001040834,01,0,2026-08-24,2026-08-24,"日本日森機電株式会社",,301,"大阪府","柏原市","大字高井田１２０４番地の３２１",,27,221,5820015,,,,,,,2026-08-24,1,,,,,"ニッポンニッシンキデン",0
1009,5130001021597,21,0,2026-08-24,2026-07-31,"田村商事株式会社",,301,"京都府","京都市左京区","松ケ崎小竹藪町３番地６ジ・アーバネックス京都松ケ崎１０３号室",,26,103,6060000,,,2026-07-31,01,,,2015-10-05,1,,,,,"タムラショウジ",0
1010,5130001027215,01,1,2026-08-24,2015-10-05,"ＫＡＺＵ株式会社",,301,"京都府","京都市左京区","静市市原町１２４２番地の４９",,26,103,6011123,,,,,,,2015-10-05,1,,,,,"カズ",0
1011,5130001082912,01,0,2026-08-24,2026-08-24,"株式会社ＹＡＳＵＭＯＴＯ",,301,"京都府","京都市左京区","上高野鳥脇町３番地２６",,26,103,6060052,,,,,,,2026-08-24,1,,,,,"ヤスモト",0
1012,5130002032791,01,1,2026-08-24,2015-10-05,"光産業有限会社",,302,"京都府","福知山市","字大門４４番地",,26,201,6200952,,,,,,,2015-10-05,1,,,,,"ヒカリサンギョウ",0
1013,5130003011638,01,0,2026-08-24,2026-08-24,"河本開発合同会社",,305,"京都府","宇治市","伊勢田町大谷３９番地ベル・アーバニティ小倉南１０８号",,26,204,6110043,,,,,,,2026-08-24,1,,,,,"カワモトカイハツ",0
1014,5130005003492,21,0,2026-08-24,2026-07-30,"京都中央生コン販売協同組合",,399,"京都府","京都市南区","東九条明田町８番地",,26,107,6018044,,,2026-07-30,01,,,2015-10-05,1,,,,,"キョウトチュウオウナマコンハンバイ",0
1015,5130005014969,21,0,2026-08-24,2026-07-29,"特定非営利活動法人ハテナソン共創ラボ",,399,"京都府","京都市左京区","高野東開町１番地７東大路高野第２住宅５号棟７０１号室",,26,103,6068107,,,2026-07-29,01,,,2017-06-15,1,,,,,"ハテナソンキョウソウラボ",0
1016,5130005017749,01,0,2026-08-24,2026-08-24,"一般社団法人ＴＡＧＡＩＮＹ",,399,"京都府","福知山市","三和町上川合１５６",,26,201,6201311,,,,,,,2026-08-24,1,,,,,"タガイニー",0
1017,5140001001433,01,1,2026-08-24,2015-10-05,"株式会社甲南カードック",,301,"兵庫県","神戸市東灘区","田中町２丁目４番８号",,28,101,6580081,,,,,,,2015-10-05,1,,,,,"コウナンカードック",0
1018,5140001027866,12,0,2026-08-24,2026-08-13,"アイビー電子株式会社",,301,"兵庫県","神戸市灘区","天城通５丁目２番１４号",,28,102,6570823,,,,,,,2015-10-05,1,,,,,"アイビーデンシ",0
1019,5140001058861,01,1,2026-08-24,2015-10-05,"株式会社呉服えり新",,301,"兵庫県","姫路市","呉服町４５番地",,28,201,6700923,,,,,,,2015-10-05,1,,,,,"ゴフクエリシン",0
1020,5140002002843,01,1,2026-08-24,2015-10-05,"有限会社イフ",,302,"兵庫県","神戸市東灘区","御影山手３丁目１５番１１号",,28,101,6580065,,,,,,,2015-10-05,0,,,,,"イフ",0
1021,5140002002843,12,1,2026-08-24,2016-09-30,"有限会社イフ",,302,"兵庫県","神戸市東灘区","深江南町１丁目１番６４－４１３号",,28,101,6580022,,,,,,,2015-10-05,0,,,,,"イフ",0
1022,5140002002843,12,1,2026-08-24,2024-12-16,"有限会社イフ",,302,"兵庫県","神戸市東灘区","御影２丁目１３－２７－３０２",,28,101,6580047,,,,,,,2015-10-05,0,,,,,"イフ",0
1023,5140002002843,12,1,2026-08-24,2026-08-13,"有限会社イフ",,302,"兵庫県","神戸市東灘区","本山北町１丁目４番１７号７０１号室",,28,101,6580003,,,,,,,2015-10-05,1,,,,,"イフ",0
1024,5140003004896,01,1,2026-08-24,2015-10-05,"合資会社たんぽぽ",,304,"兵庫県","神戸市東灘区","田中町３丁目１９番１６号ハイツタケシ３０１",,28,101,6580081,,,,,,,2015-10-05,1,,,,,"タンポポ",0
1025,5140003024011,01,0,2026-08-24,2026-08-24,"合同会社ＣＯＲＥ",,305,"兵庫県","神戸市中央区","磯辺通１丁目１番１８号カサベラ国際プラザビル７０７号室",,28,110,6510084,,,,,,,2026-08-24,1,,,,,"コア",0
1026,5140005022442,12,0,2026-08-24,2026-07-17,"一般社団法人カラーコミュニケーションアカデミー",,399,"東京都","中央区","日本橋室町１丁目１１番１２号日本橋水野ビル７階",,13,102,1030022,,,,,,,2015-10-05,1,,,,,"カラーコミュニケーションアカデミー",0
1027,5150001024053,11,0,2026-08-24,2026-08-17,"株式会社トライアブル礎",,301,"奈良県","五條市","野原西１丁目４番３３号",,29,207,6370036,,,,,,,2020-09-14,1,,,,,"トライアブルイシズエ",0
1028,5150001029192,01,0,2026-08-24,2026-08-24,"株式会社トライアブル結",,301,"奈良県","五條市","野原西１丁目４番２６号",,29,207,6370036,,,,,,,2026-08-24,1,,,,,"トライアブルユイ",0
1029,5150003004029,01,0,2026-08-24,2026-08-24,"合同会社Ｂｌｏｏｍｉａ",,305,"奈良県","大和郡山市","北郡山町７３１－１",,29,203,6391160,,,,,,,2026-08-24,1,,,,,"ブルーミア",0
1030,5170001000548,01,1,2026-08-24,2015-10-05,"株式会社オーニシテックス",,301,"和歌山県","和歌山市","布引８７４番地",,30,201,6410015,,,,,,,2015-10-05,0,,,,,"オーニシテックス",0
1031,5170001000548,12,1,2026-08-24,2017-06-02,"株式会社オーニシテックス",,301,"和歌山県","和歌山市","毛見４４９番地３",,30,201,6410014,,,,,,,2015-10-05,1,,,,,"オーニシテックス",0
1032,5170003002484,01,0,2026-08-24,2026-08-24,"合同会社アイネヴィア",,305,"和歌山県","和歌山市","東小二里町１番２９号",,30,201,6410032,,,,,,,2026-08-24,1,,,,,"アイネヴィア",0
1033,5180001029603,01,1,2026-08-24,2015-10-05,"株式会社エス・ケー・エンタープライズ",,301,"愛知県","名古屋市中村区","北畑町２丁目２５番地",,23,105,4530815,,,,,,,2015-10-05,1,,,,,"エスケーエンタープライズ",0
1034,5180001092089,12,0,2026-08-24,2026-08-14,"株式会社水野工業",,301,"愛知県","半田市","住吉町３丁目１８３番地",,23,205,4750862,,,,,,,2015-10-05,1,,,,,"ミズノコウギョウ",0
1035,5180001120452,12,0,2026-08-24,2026-08-19,"株式会社エーシーコーポレーション",,301,"愛知県","名古屋市中区","丸の内２丁目１３－１６－２プレサンスグラン丸の内９０８号",,23,106,4600002,,,,,,,2015-10-05,1,,,,,"エーシーコーポレーション",0
1036,5180001127035,12,0,2026-08-24,2026-08-18,"株式会社創信",,301,"愛知県","春日井市","牛山町２４６８番地２",,23,206,4860901,,,,,,,2017-03-22,1,,,,,"ソウシン",0
1037,5180001152462,21,0,2026-08-24,2026-08-17,"株式会社ＭＩコンサルティング",,301,"愛知県","名古屋市中区","錦１丁目１７番２６号",,23,106,4600003,,,2026-08-17,11,5010001249630,"令和８年７月１日東京都中央区八重洲二丁目２番１号株式会社船井総研あがたＦＡＳ（5010001249630）に合併し解散",2022-08-03,1,,,,,"エムアイコンサルティング",0
1038,5180001158617,12,0,2026-08-24,2026-08-07,"株式会社ハヤテ・ジャパン",,301,"愛知県","名古屋市熱田区","神宮３丁目５番４号Ｓｏｎｏビル２階",,23,109,4560031,,,,,,,2023-10-20,1,,,,,"ハヤテジャパン",0
1039,5180001173186,01,0,2026-08-24,2026-08-24,"株式会社ＱＯＶ",,301,"愛知県","名古屋市名東区","貴船２丁目２２０２番地",,23,115,4650058,,,,,,,2026-08-24,1,,,,,"キューオーブイ",0
1040,5180001173203,01,0,2026-08-24,2026-08-24,"株式会社Ｔａｎａｋａ",,301,"愛知県","江南市","村久野町平河１４１番地１",,23,217,4838075,,,,,,,2026-08-24,1,,,,,"タナカ",0
1041,5180001173211,01,0,2026-08-24,2026-08-24,"株式会社フレンドシップ",,301,"愛知県","名古屋市中村区","長筬町１丁目１番地長筬マンション１０３室",,23,105,4530839,,,,,,,2026-08-24,1,,,,,"フレンドシップ",0
1042,5180001173228,01,0,2026-08-24,2026-08-24,"株式会社三和コネクション",,301,"愛知県","東海市","富木島町植ノ口４番地２０",,23,222,4760011,,,,,,,2026-08-24,1,,,,,"サンワコネクション",0
1043,5180003022473,01,1,2026-08-24,2021-05-07,"合同会社Ａｆｔｅｒ　Ｌｉｇｈｔ",,305,"愛知県","名古屋市名東区","勢子坊２丁目８１６",,23,115,4650055,,,,,,,2021-05-07,1,,,,,,0
1044,5180003023612,12,0,2026-08-24,2026-08-17,"Ｖ＆Ａ合同会社",,305,"愛知県","名古屋市東区","泉１丁目１５番２３号チサンマンション栄リバーパーク７０２",,23,102,4610001,,,,,,,2022-03-16,1,,,,,"ヴィーアンドエー",0
1045,5180301030351,01,1,2026-08-24,2017-05-16,"株式会社クール",,301,"愛知県","豊田市","永覚町中山畑２５番地",,23,211,4701205,,,,,,,2017-05-16,1,,,,,"クール",0
1046,5180302015368,01,1,2026-08-24,2015-10-05,"有限会社グッドラック",,302,"愛知県","蒲郡市","神明町８番地１０",,23,214,4430056,,,,,,,2015-10-05,0,,,,,"グッドラック",0
1047,5180302015368,12,1,2026-08-24,2015-10-05,"有限会社グッドラック",,302,"愛知県","蒲郡市","神明町２番１号",,23,214,4430056,,,,,,,2015-10-05,0,,,,,"グッドラック",0
1048,5180302015368,12,1,2026-08-24,2026-08-10,"有限会社グッドラック",,302,"愛知県","蒲郡市","形原町東欠ノ上１１番地３",,23,214,4430104,,,,,,,2015-10-05,1,,,,,"グッドラック",0
1049,5180302015590,21,0,2026-08-24,2026-08-12,"有限会社西宝牛乳",,302,"愛知県","蒲郡市","三谷町西畑５２番地",,23,214,4430021,,,2026-08-12,01,,,2015-10-05,1,,,,,"セイホウギュウニュウ",0
1050,5190001012005,21,0,2026-08-24,2026-08-10,"株式会社アズマ",,301,"三重県","桑名市","春日町１９番地",,24,205,5110012,,,2026-08-10,01,,,2015-10-05,1,,,,,"アズマ",0
1051,5190002001130,01,1,2026-08-24,2015-10-05,"有限会社中辻",00080905,302,"三重県","津市","万町１５４番地",,24,201,5140000,,,,,,,2015-10-05,1,,,,,"ナカツジ",0
1052,5190002005998,21,0,2026-08-24,2026-08-10,"有限会社イトウグリーン",,302,"三重県","鈴鹿市","追分町２２５７番地",,24,207,5190313,,,2026-08-10,01,,,2015-10-05,1,,,,,"イトウグリーン",0
1053,5190005012182,01,0,2026-08-24,2026-08-24,"南勢資源循環協同組合",,399,"三重県","度会郡玉城町","岩出４００番地２",,24,461,5190425,,,,,,,2026-08-24,1,,,,,"ナンセイシゲンジュンカン",0
1054,5200001008273,01,1,2026-08-24,2015-10-05,"株式会社西創",,301,"岐阜県","岐阜市","雪見町２丁目１８番地",,21,201,5008136,,,,,,,2015-10-05,1,,,,,"ニシソウ",0
1055,5200001015963,01,1,2026-08-24,2015-10-05,"石山鉱業株式会社",,301,"岐阜県","揖斐郡大野町","大字寺内字雁又平１３６９番ノ１",,21,403,5010503,,,,,,,2015-10-05,0,,,,,,0
1056,5200001015963,12,1,2026-08-24,2019-04-10,"石山鉱業株式会社",,301,"岐阜県","揖斐郡大野町","大字稲畑字中之長１４０番１",,21,403,5010511,,,,,,,2015-10-05,1,,,,,,0
1057,5200005008443,01,1,2026-08-24,2015-10-05,"白玉神社",,399,"岐阜県","土岐市","曽木町１５０９番地",,21,212,5095402,,,,,,,2015-10-05,1,,,,,"シラタマジンジャ",0
1058,5210005004631,01,1,2026-08-24,2015-10-05,"協同組合テクノ三国",,399,"福井県","坂井市","三国町嵩第４３号３１番地１",,18,210,9130051,,,,,,,2015-10-05,0,,,,,,0
1059,5210005004631,11,1,2026-08-24,2016-02-03,"福井北部機械工業協同組合",,399,"福井県","坂井市","三国町嵩第４３号３１番地１",,18,210,9130051,,,,,,,2015-10-05,0,,,,,,0
1060,5210005004631,12,1,2026-08-24,2020-07-21,"福井北部機械工業協同組合",,399,"福井県","坂井市","三国町新宿１丁目３番１２号",,18,210,9130058,,,,,,,2015-10-05,1,,,,,,0
1061,5220001001227,21,0,2026-08-24,2026-08-21,"株式会社いわお",,301,"石川県","金沢市","安江町３番２３号",,17,201,9200854,,,2026-08-21,01,,,2015-10-05,1,,,,,"イワオ",0
1062,5220002010714,01,1,2026-08-24,2015-10-05,"有限会社浄土",,302,"石川県","小松市","福乃宮町２丁目５９番地",,17,203,9230865,,,,,,,2015-10-05,1,,,,,"ジョウド",0
1063,5240001060989,12,0,2026-08-24,2026-08-19,"リテラバイオエネルギー株式会社",,301,"東京都","中央区","日本橋室町１丁目２－６日本橋大栄ビル７階",,13,102,1030022,,,,,,,2023-01-23,1,,,,,"リテラバイオエネルギー",0
1064,5250001007378,01,1,2026-08-24,2015-10-05,"株式会社フクシン",,301,"山口県","下関市","筋川町２３番２号",,35,201,7500057,,,,,,,2015-10-05,1,,,,,"フクシン",0
1065,5250001012592,12,0,2026-08-24,2026-08-20,"株式会社柳井機工商会",,301,"山口県","柳井市","柳井４１７４番地",,35,212,7420021,,,,,,,2015-10-05,1,,,,,"ヤナイキコウショウカイ",0
1066,5250001017113,12,0,2026-08-24,2026-08-20,"株式会社菊本商会",,301,"山口県","柳井市","柳井４１７４番地",,35,212,7420021,,,,,,,2018-05-08,1,,,,,"キクモトショウカイ",0
1067,5250003003747,21,0,2026-08-24,2026-08-21,"合同会社Ｌｉｆｅ　ｔｒｅｅ",,305,"山口県","光市","大字岩田２４８８番地４",,35,210,7430103,,,2026-08-21,01,,,2025-06-20,1,,,,,"ライフツリー",0
1068,5290001056990,01,1,2026-08-24,2015-10-05,"株式会社グルーヴノーツ",,301,"福岡県","福岡市中央区","今泉１丁目２０番２号",,40,133,8100021,,,,,,,2015-10-05,0,,,,,"グルーヴノーツ",0
1069,5290001056990,12,1,2026-08-24,2016-03-09,"株式会社グルーヴノーツ",,301,"福岡県","福岡市中央区","今泉１丁目１９番２２号",,40,133,8100021,,,,,,,2015-10-05,0,,,,,"グルーヴノーツ",0
1070,5290001056990,12,1,2026-08-24,2026-03-04,"株式会社グルーヴノーツ",,301,"福岡県","福岡市中央区","天神１丁目１１番１号",,40,133,8100001,,,,,,,2015-10-05,1,,,,,"グルーヴノーツ",0
1071,5290001068598,21,0,2026-08-24,2026-08-07,"株式会社ＪＡＫ",,301,"福岡県","福岡市南区","野間４丁目２４番２１号",,40,134,8150041,,,2026-08-07,01,,,2015-10-05,1,,,,,"ジャック",0
1072,5290001115210,01,0,2026-08-24,2026-08-24,"株式会社ＭＵＷＩ",,301,"福岡県","福岡市中央区","天神２丁目２番１２号Ｔ＆Ｊビルディング７Ｆ",,40,133,8100001,,,,,,,2026-08-24,1,,,,,"ムウィ",0
1073,5290002025870,01,1,2026-08-24,2015-10-05,"有限会社ワーキング・クォーズ",,302,"福岡県","福岡市早良区","昭代１丁目２１番１０号",,40,137,8140012,,,,,,,2015-10-05,1,,,,,"ワーキングクォーズ",0
1074,5290002043575,01,1,2026-08-24,2015-10-05,"有限会社サンカイ・ランバー",,302,"福岡県","朝倉郡筑前町","大久保１６２番地の３４",,40,447,8380825,,,,,,,2015-10-05,1,,,,,"サンカイランバー",0
1075,5290002046280,01,1,2026-08-24,2015-10-05,"有限会社芳雄物流サービス",,302,"福岡県","飯塚市","平恒４７７番地２７",,40,205,8200073,,,,,,,2015-10-05,1,,,,,"ヨシオブツリュウサービス",0
1076,5290003018774,01,0,2026-08-24,2026-08-24,"合同会社Ｃｒｅｓｔｏｒｉａ",,305,"福岡県","福岡市博多区","中洲３丁目４－５多門ビルＢ１階Ｂ",,40,132,8100801,,,,,,,2026-08-24,1,,,,,"クレストリア",0
1077,5290003018790,01,0,2026-08-24,2026-08-24,"合同会社ひとと",,305,"福岡県","福岡市西区","十郎川団地１２－５０６",,40,135,8190024,,,,,,,2026-08-24,1,,,,,"ヒトト",0
1078,5290801032753,01,0,2026-08-24,2026-08-24,"柴田自動車鈑金株式会社",,301,"福岡県","北九州市若松区","塩屋３丁目１６番７号",,40,103,8080131,,,,,,,2026-08-24,1,,,,,"シバタジドウシャバンキン",0
1079,5290802013546,01,1,2026-08-24,2015-10-05,"有限会社江尻塗装",,302,"福岡県","北九州市八幡西区","千代４丁目７番３号",,40,109,8071112,,,,,,,2015-10-05,1,,,,,"エジリトソウ",0
1080,5290805005367,01,1,2026-08-24,2015-10-05,"特定非営利活動法人介護予防研究会",,399,"福岡県","北九州市八幡西区","浅川２丁目９番１３号",,40,109,8070872,,,,,,,2015-10-05,1,,,,,"カイゴヨボウケンキュウカイ",0
1081,5310001020218,01,0,2026-08-24,2026-08-24,"ＨＡＲＥＴＯＫＥ　Ｃ．Ｄｅｓｉｇｎ株式会社",,301,"長崎県","大村市","水主町１丁目７４７番地３４アルファスマート大村１００３号室",,42,205,8560827,,,,,,,2026-08-24,1,,,,,"ハレトケシーデザイン",0
1082,5330001002676,01,1,2026-08-24,2015-10-05,"株式会社第一エンジニアリング",,301,"熊本県","熊本市東区","花立３丁目２１番１０号",,43,102,8612118,,,,,,,2015-10-05,1,,,,,"ダイイチエンジニアリング",0
1083,5330001034546,01,0,2026-08-24,2026-08-24,"株式会社平安貿易",,301,"熊本県","宇城市","三角町三角浦１１６０－２８",,43,213,8693207,,,,,,,2026-08-24,1,,,,,"ヘイアンボウエキ",0
1084,5330001034595,01,0,2026-08-24,2026-08-24,"株式会社Ｃｈａｔｏｃｏ",,301,"熊本県","合志市","豊岡２０００番地２７６５",,43,216,8611115,,,,,,,2026-08-24,1,,,,,"チャトコ",0
1085,5330002020529,01,1,2026-08-24,2015-10-05,"有限会社七光防水塗装工業",,302,"熊本県","上益城郡益城町","大字福富７８０番地７",,43,443,8612235,,,,,,,2015-10-05,1,,,,,"シチコウボウスイトソウコウギョウ",0
1086,5330005008117,21,0,2026-08-24,2026-08-20,"ＮＰＯ法人はっぴい・はっぴい",,399,"熊本県","菊池郡大津町","大字陣内１６５２番地",,43,403,8691221,,,2026-08-20,01,,,2015-10-05,1,,,,,"ハッピィハッピィ",0
1087,5380003006423,01,0,2026-08-24,2026-08-24,"合同会社コネッション",,305,"福島県","いわき市","内郷御厩町４丁目２６－５",00144704,07,204,9738402,,,,,,,2026-08-24,1,,,,,"コネッション",0
1088,5380005002800,01,1,2026-08-24,2015-10-05,"医療法人社団添田整形外科",,399,"福島県","郡山市","富田町字町畑２３番地３",,07,203,9638041,,,,,,,2015-10-05,1,,,,,"ソエタセイケイゲカ",0
1089,5390002009203,21,0,2026-08-24,2026-08-10,"有限会社開成工業",,302,"山形県","鶴岡市","水沢字水京９番地５",,06,203,9997542,,,2026-08-10,01,,,2015-10-05,1,,,,,"カイセイコウギョウ",0
1090,5400001017527,01,0,2026-08-24,2026-08-24,"株式会社Ｗｅｌｌｓｔ",,301,"岩手県","盛岡市","大通３丁目６番１２号開運橋センタービル３階",,03,201,0200022,,,,,,,2026-08-24,1,,,,,"ウェルスト",0
1091,5400005007771,21,0,2026-08-24,2026-08-14,"特定非営利活動法人マニラ育英会",,399,"岩手県","盛岡市","大通３丁目１番２３号",,03,201,0200022,,,2026-08-14,01,,,2017-03-24,1,,,,,"マニライクエイカイ",0
1092,5400602001243,01,1,2026-08-24,2015-10-05,"有限会社岩渕建設",,302,"岩手県","奥州市","胆沢区小山字伊勢堂１３１番地",,03,215,0230402,,,,,,,2015-10-05,0,,,,,"イワブチケンセツ",0
1093,5400602001243,12,1,2026-08-24,2018-04-02,"有限会社岩渕建設",,302,"岩手県","奥州市","胆沢小山字伊勢堂１３１番地",,03,215,0230402,,,,,,,2015-10-05,1,,,,,"イワブチケンセツ",0
1094,5410001012114,21,0,2026-08-24,2026-08-21,"株式会社Ａｒｘ建設",,301,"秋田県","湯沢市","駒形町字東福寺大沢１番地",,05,207,0120104,,,2026-08-21,01,,,2019-03-08,1,,,,,"アークケンセツ",0
1095,5420001018671,12,0,2026-08-24,2026-08-19,"カトー測量株式会社",,301,"青森県","青森市","はまなす１丁目１２番２６号",,02,201,0300919,,,,,,,2024-04-05,1,,,,,"カトーソクリョウ",0
1096,5420002010669,12,0,2026-08-24,2026-08-18,"有限会社スリーエス八戸",,302,"青森県","八戸市","売市４丁目５番３号",,02,203,0310073,,,,,,,2015-10-05,1,,,,,"スリーエスハチノヘ",0
1097,5430001016641,01,1,2026-08-24,2015-10-05,"ミヤシタ米穀株式会社",,301,"北海道","札幌市豊平区","豊平五条３丁目２番４１号",,01,105,0620905,,,,,,,2015-10-05,1,,,,,"ミヤシタベイコク",0
1098,5430001067651,21,0,2026-08-24,2026-08-21,"彩紋総業株式会社",,301,"北海道","江別市","萌えぎ野西１８番地の８",,01,217,0670059,,,2026-08-21,01,,,2015-10-05,1,,,,,,0
1099,5430001093532,11,0,2026-08-24,2026-08-20,"株式会社竹谷組",,301,"北海道","札幌市白石区","本郷通１０丁目南２番１７－２０２号",,01,104,0030024,,,,,,,2025-01-24,1,,,,,"タケヤグミ",0
1100,5430001097541,01,0,2026-08-24,2026-08-24,"株式会社Ｆｕｄａｎｚｕｋａｉ",,301,"北海道","札幌市中央区","南五条西１５丁目２－３－５０３",,01,101,0640805,,,,,,,2026-08-24,1,,,,,"フダンヅカイ",0
1101,5450005001778,21,0,2026-08-24,2026-08-21,"特定非営利活動法人ジョインズ",,399,"北海道","旭川市","東光七条３丁目２番９号",,01,204,0788347,,,2026-08-21,01,,,2015-10-05,1,,,,,"ジョインズ",0
1102,5470001011283,01,1,2026-08-24,2015-10-05,"株式会社池田建設",,301,"香川県","東かがわ市","伊座６４１番地３",,37,207,7692703,,,,,,,2015-10-05,1,,,,,"イケダケンセツ",0
1103,5470001021175,12,0,2026-08-24,2026-08-20,"Ｋａｇａｗａ　Ｋｅｎｓｏ株式会社",,301,"香川県","高松市","円座町１１７５番地２",,37,201,7618044,,,,,,,2026-03-31,1,,,,,"カガワケンソウ",0
1104,5490001005457,12,0,2026-08-24,2026-08-19,"株式会社大和",,301,"高知県","四万十市","具同５３１２番地",,39,210,7870019,,,,,,,2015-10-05,1,,,,,"ダイワ",0
1105,6010001002369,21,0,2026-08-24,2026-07-23,"株式会社ケイ・エス・システム",,301,"東京都","文京区","湯島２丁目２９番４号",,13,105,1130034,,,2026-07-23,01,,,2015-10-05,1,,,,,"ケイエスシステム",0
1106,6010001009298,01,1,2026-08-24,2015-10-05,"アイエスケー・コンサルティング株式会社",,301,"東京都","千代田区","四番町４番地９東越伯鷹ビル２Ｆ",,13,101,1020081,,,,,,,2015-10-05,1,,,,,,0
1107,6010001044089,12,0,2026-08-24,2026-07-28,"株式会社児安ビル",,301,"東京都","中央区","日本橋茅場町２丁目６番５号ＹＫビル７０１号室",,13,102,1030025,,,,,,,2015-10-05,1,,,,,"コヤスビル",0
1108,6010001047257,01,1,2026-08-24,2015-10-05,"株式会社昇賢",,301,"東京都","中央区","日本橋室町１丁目５番１５号",,13,102,1030022,,,,,,,2015-10-05,0,,,,,"ショウケン",0
1109,6010001047257,12,1,2026-08-24,2026-07-23,"株式会社昇賢",,301,"東京都","中央区","日本橋室町１丁目９番９号",,13,102,1030022,,,,,,,2015-10-05,1,,,,,"ショウケン",0
1110,6010001065184,01,1,2026-08-24,2015-10-05,"日本製袋株式会社",,301,"東京都","千代田区","神田須田町１丁目３番地",,13,101,1010041,,,,,,,2015-10-05,0,,,,,"ニッポンセイタイ",0
1111,6010001065184,12,1,2026-08-24,2016-07-26,"日本製袋株式会社",,301,"東京都","千代田区","神田美土代町７番地",,13,101,1010053,,,,,,,2015-10-05,0,,,,,"ニッポンセイタイ",0
1112,6010001065184,12,1,2026-08-24,2024-11-27,"日本製袋株式会社",,301,"東京都","千代田区","神田富山町５番１",,13,101,1010043,,,,,,,2015-10-05,1,,,,,"ニッポンセイタイ",0
1113,6010001104339,01,1,2026-08-24,2015-10-05,"株式会社バーバリーアートスペース",,301,"東京都","中央区","東日本橋２丁目１番６号岩田屋ビル２階",,13,102,1030004,,,,,,,2015-10-05,1,,,,,"バーバリーアートスペース",0
1114,6010001166461,01,1,2026-08-24,2015-10-05,"日＿株式会社",00049614,301,"東京都","文京区","音羽２丁目１１番２２号",,13,105,1120013,,,,,,,2015-10-05,0,,,,,"ニッシン",0
1115,6010001166461,12,1,2026-08-24,2023-08-01,"日＿株式会社",00049614,301,"東京都","文京区","音羽２丁目１１番２１号",,13,105,1120013,,,,,,,2015-10-05,0,,,,,"ニッシン",0
1116,6010001166461,12,1,2026-08-24,2026-06-18,"日＿株式会社",00049614,301,"東京都","江戸川区","江戸川３丁目４０番３１号サンスイビル２０２号",,13,123,1320013,,,,,,,2015-10-05,1,,,,,"ニッシン",0
1117,6010001235282,12,0,2026-08-24,2026-08-18,"Ｊａｐａｎ　Ｇａｔｅｓ株式会社",,301,"東京都","港区","芝３丁目２番１８号ＩＣＯＮＰＬＡＣＥＳＨＩＢＡＫＯＥＮ１Ｆ",,13,103,1050014,,,,,,,2023-05-15,1,,,,,"ジャパンゲーツ",0
1118,6010001240588,12,0,2026-08-24,2026-07-14,"株式会社Ｄｈａｎａ　Ｒｅａｌ　Ｅｓｔａｔｅ",,301,"東京都","千代田区","鍛冶町２丁目８番１２号ＪＧＮ神田ビル３階",,13,101,1010044,,,,,,,2023-12-12,1,,,,,"ダナリアルエステート",0
1119,6010002043924,21,0,2026-08-24,2026-07-28,"有限会社人形町徳",,302,"東京都","中央区","日本橋蛎殻町２丁目３番７号",,13,102,1030014,,,2026-07-28,01,,,2015-10-05,1,,,,,"ニンギョウチョウトク",0
1120,6010003052395,01,0,2026-08-24,2026-08-24,"グリッドコア合同会社",,305,"東京都","千代田区","永田町２丁目１１番１号山王パークタワー５階トラスティーズ・コンサルティングＬＬＰ内",,13,101,1000014,,,,,,,2026-08-24,1,,,,,"グリッドコア",0
1121,6010005011465,12,0,2026-08-24,2026-07-21,"ニース税理士法人",,399,"東京都","中央区","京橋３丁目１３番１０号",,13,102,1040031,,,,,,,2015-10-05,1,,,,,"ニース",0
1122,6010101001452,01,0,2026-08-24,2026-08-24,"株式会社三尚",,301,"東京都","八王子市","暁町１丁目２７番１１号",,13,201,1920043,,,,,,,2026-08-24,1,,,,,"サンショウ",0
1123,6010401066030,12,0,2026-08-24,2026-08-13,"株式会社ゆめ相建",,301,"東京都","町田市","野津田町１５５０番地９",,13,209,1950063,,,,,,,2015-10-05,1,,,,,"ユメソウケン",0
1124,6010401082564,01,1,2026-08-24,2015-10-05,"株式会社シティインデックスプロパティーズ",,301,"東京都","港区","南青山３丁目８番３７号",,13,103,1070062,,,,,,,2015-10-05,0,,,,,"シティインデックスプロパティーズ",0
1125,6010401082564,12,1,2026-08-24,2016-04-05,"株式会社シティインデックスプロパティーズ",,301,"東京都","渋谷区","東３丁目２２番１４号",,13,113,1500011,,,,,,,2015-10-05,0,,,,,"シティインデックスプロパティーズ",0
1126,6010401082564,12,1,2026-08-24,2018-04-09,"株式会社シティインデックスプロパティーズ",,301,"東京都","品川区","西品川１丁目１番１号",,13,109,1410033,,,,,,,2015-10-05,0,,,,,"シティインデックスプロパティーズ",0
1127,6010401082564,11,1,2026-08-24,2018-06-19,"株式会社建物管理サービス",,301,"東京都","品川区","西品川１丁目１番１号",,13,109,1410033,,,,,,,2015-10-05,0,,,,,,0
1128,6010401082564,12,1,2026-08-24,2018-06-26,"株式会社建物管理サービス",,301,"東京都","港区","新橋５丁目７番１２号",,13,103,1050004,,,,,,,2015-10-05,0,,,,,,0
1129,6010401082564,12,1,2026-08-24,2018-11-13,"株式会社建物管理サービス",,301,"東京都","品川区","西品川１丁目１番１号",,13,109,1410033,,,,,,,2015-10-05,0,,,,,,0
1130,6010401082564,12,1,2026-08-24,2023-12-05,"株式会社建物管理サービス",,301,"東京都","中央区","日本橋久松町４番７号",,13,102,1030005,,,,,,,2015-10-05,1,,,,,,0
1131,6010401115910,01,1,2026-08-24,2015-10-05,"ＩＮＡ株式会社",,301,"東京都","港区","芝浦３丁目１５番５－８１０号",,13,103,1080023,,,,,,,2015-10-05,1,,,,,"アイエヌエー",0
1132,6010401125199,01,1,2026-08-24,2016-06-08,"シアラープレイスジャパン株式会社",,301,"東京都","港区","東新橋２丁目１８番３－１００４号",,13,103,1050021,,,,,,,2016-06-08,0,,,,,"シアラープレイスジャパン",0
1133,6010401125199,12,1,2026-08-24,2016-08-05,"シアラープレイスジャパン株式会社",,301,"東京都","港区","赤坂２丁目９番３号松浦ビル２Ｆ",,13,103,1070052,,,,,,,2016-06-08,1,,,,,"シアラープレイスジャパン",0
1134,6010401170385,12,0,2026-08-24,2026-08-20,"株式会社ｏｎｆｒｏｙ",,301,"東京都","新宿区","西新宿３丁目３番１３号西新宿水間ビル２Ｆ",,13,104,1600023,,,,,,,2022-10-20,1,,,,,"オンフロイ",0
1135,6010401193907,12,0,2026-08-24,2026-07-21,"株式会社クスパス",,301,"東京都","港区","南青山４丁目１８番１１号フォレストヒルズイーストウィング２Ｆ",,13,103,1070062,,,,,,,2025-10-21,1,,,,,"クスパス",0
1136,6010401197197,12,0,2026-08-24,2026-08-20,"株式会社火影",,301,"東京都","目黒区","上目黒２丁目４６－７プラスキューブ中目黒２階",,13,110,1530051,,,,,,,2026-03-17,1,,,,,"ホカゲ",0
1137,6010401199037,12,0,2026-08-24,2026-07-07,"ガルボット株式会社",,301,"東京都","港区","高輪２丁目２１番２号",,13,103,1080074,,,,,,,2026-06-04,1,,,,,"ガルボット",0
1138,6010402002942,11,0,2026-08-24,2026-08-18,"協栄コンサルティング有限会社",,302,"大阪府","豊中市","新千里東町２丁目５番３－１０４号",,27,203,5600082,,,,,,,2015-10-05,1,,,,,"キョウエイコンサルティング",0
1139,6010402009616,01,1,2026-08-24,2015-10-05,"ナガシマシティアート有限会社",,302,"東京都","港区","白金１丁目２３番８号オーク白金７０６",,13,103,1080072,,,,,,,2015-10-05,0,,,,,"ナガシマシティアート",0
1140,6010402009616,12,0,2026-08-24,2026-08-20,"ナガシマシティアート有限会社",,302,"東京都","品川区","小山２丁目６番６号",,13,109,1420062,,,,,,,2015-10-05,1,,,,,"ナガシマシティアート",0
1141,6010403038804,01,0,2026-08-24,2026-08-24,"ＥＬＦＬＯＷＬＥＳＳ合同会社",,305,"東京都","港区","南麻布１丁目９番４号",,13,103,1060047,,,,,,,2026-08-24,1,,,,,"エルフロウレス",0
1142,6010501029366,12,0,2026-08-24,2026-08-20,"株式会社スター",,301,"東京都","台東区","駒形２丁目６番１２号",,13,106,1110043,,,,,,,2015-10-05,1,,,,,"スター",0
1143,6010501039571,01,1,2026-08-24,2016-05-23,"ニューライフホールディングス株式会社",,301,"東京都","台東区","西浅草３丁目２９－１９浙江建設ビル８０１室",,13,106,1110035,,,,,,,2016-05-23,1,,,,,"ニューライフホールディングス",0
1144,6010601069460,12,0,2026-08-24,2026-08-20,"２ＧＡＭＭＡ　ＪＡＰＡＮ株式会社",,301,"東京都","港区","高輪２丁目１４番１９－５０１号",,13,103,1080074,,,,,,,2026-07-01,1,,,,,"ツーガンマジャパン",0
1145,6010703005438,12,0,2026-08-24,2026-07-29,"合同会社Ａｎｎｕｌｕｓ",,305,"東京都","品川区","大崎３丁目５番２号エステージ大崎ビル６Ｆ",,13,109,1410032,,,,,,,2020-09-30,1,,,,,"アニュラス",0
1146,6010703008044,12,0,2026-08-24,2026-07-23,"合同会社スピードキャリー",,305,"東京都","品川区","西品川３丁目１９－８",,13,109,1410033,,,,,,,2025-12-17,1,,,,,"スピードキャリー",0
1147,6010803005940,01,0,2026-08-24,2026-08-24,"合同会社ＰＳ‐Ｌｉｆｅ",,305,"東京都","大田区","南馬込３丁目２９－２－４０９",,13,111,1430025,,,,,,,2026-08-24,1,,,,,"ピーエスライフ",0
1148,6010901002749,01,1,2026-08-24,2015-10-05,"株式会社カザリ",,301,"東京都","世田谷区","弦巻３丁目２０番１２号",,13,112,1540016,,,,,,,2015-10-05,1,,,,,"カザリ",0
1149,6010901055706,12,0,2026-08-24,2026-08-07,"方方株式会社",,301,"東京都","世田谷区","池尻２丁目４番５－１１３号",,13,112,1540001,,,,,,,2024-07-26,1,,,,,"ホウボウ",0
1150,6010903011104,01,0,2026-08-24,2026-08-24,"トリリアムインスティチュートジャパン合同会社",,305,"東京都","世田谷区","桜丘１丁目１８番１５号",,13,112,1560054,,,,,,,2026-08-24,1,,,,,"トリリアムインスティテュートジャパン",0
1151,6011001092243,01,1,2026-08-24,2015-10-05,"Ｏｐｔｉｍａ株式会社",,301,"東京都","渋谷区","恵比寿３丁目３５番５号",,13,113,1500013,,,,,,,2015-10-05,1,,,,,"オプティマ",0
1152,6011001126307,12,0,2026-08-24,2026-08-03,"株式会社ＣＯＴＯＣＯＴＯ",,301,"東京都","渋谷区","渋谷３丁目１番９号渋谷ＹＡＺＡＷＡビル３階",,13,113,1500002,,,,,,,2019-01-28,1,,,,,"コトコト",0
1153,6011001173299,12,0,2026-08-24,2026-08-20,"株式会社日本プレミアムナース協会",,301,"長野県","飯田市","山本２３６１番",,20,205,3950244,,,,,,,2025-11-05,1,,,,,"ニホンプレミアムナースキョウカイ",0
1154,6011001179833,01,0,2026-08-24,2026-08-24,"株式会社Ｖｉａ　Ｖｅｌｌｄｙ",,301,"東京都","渋谷区","神南１丁目１１－４ＦｐｇＬｉｎｋｓＳｈｉｂｕｙａＤｏｇｅｎｚａｋａ，神南５Ｆ",,13,113,1500041,,,,,,,2026-08-24,1,,,,,"ヴィアヴェルディ",0
1155,6011001179908,01,0,2026-08-24,2026-08-24,"株式会社ＳＡＫＩＧＡＫＥ",,301,"東京都","渋谷区","道玄坂１丁目１０－８渋谷道玄坂東急ビル",,13,113,1500043,,,,,,,2026-08-24,1,,,,,"サキガケ",0
1156,6011005011579,01,0,2026-08-24,2026-08-24,"一般社団法人サステナブル奨学金基金２",,399,"東京都","渋谷区","道玄坂１丁目２１番１号ＳＨＩＢＵＹＡ　ＳＯＬＡＳＴＡ３Ｆ",,13,113,1500043,,,,,,,2026-08-24,1,,,,,"サステナブルショウガクキンキキンニ",0
1157,6011101014147,12,0,2026-08-24,2026-08-20,"東鉄工業株式会社",,301,"東京都","品川区","広町２丁目１番２１号",,13,109,1400005,,,,,,,2015-10-05,1,,,,,"トウテツコウギョウ",0
1158,6011101083893,21,0,2026-08-24,2026-08-03,"株式会社ニコラボ",,301,"神奈川県","横浜市神奈川区","斎藤分町１３番１５号",,14,102,2210811,,,2026-08-03,01,,,2018-04-18,1,,,,,"ニコラボ",0
1159,6011101109509,12,0,2026-08-24,2026-08-20,"アンリミテッド株式会社",,301,"東京都","渋谷区","恵比寿西２丁目４番８号ウィンド恵比寿ビル８Ｆ",,13,113,1500021,,,,,,,2024-11-13,1,,,,,"アンリミテッド",0
1160,6011101117024,01,0,2026-08-24,2026-08-24,"株式会社ｒｅｆｒａｍｅ",,301,"東京都","新宿区","西新宿３丁目３番１３号西新宿水間ビル２Ｆ",,13,104,1600023,,,,,,,2026-08-24,1,,,,,"リフレーム",0
1161,6011103017874,01,0,2026-08-24,2026-08-24,"合同会社ｅｃｌａｉｒ",,305,"東京都","新宿区","西新宿３丁目３番１３号西新宿水間ビル２Ｆ",,13,104,1600023,,,,,,,2026-08-24,1,,,,,"エクレア",0
1162,6011201025804,01,1,2026-08-24,2024-09-24,"株式会社Ｆ",,301,"東京都","中野区","上高田４丁目１９番６－１０１号ＳＰＩＣＡ",,13,114,1640002,,,,,,,2024-09-24,1,,,,,,0
1163,6011401006240,01,1,2026-08-24,2015-10-05,"株式会社ムービック",,301,"東京都","板橋区","弥生町７７番３号",,13,119,1730021,,,,,,,2015-10-05,0,,,,,"ムービック",0
1164,6011401006240,12,1,2026-08-24,2020-10-06,"株式会社ムービック",,301,"東京都","豊島区","東池袋１丁目１８番１号",,13,116,1700013,,,,,,,2015-10-05,1,,,,,"ムービック",0
1165,6011403003525,01,1,2026-08-24,2021-12-21,"ＦＤＮＣ合同会社",,305,"東京都","板橋区","舟渡２丁目３１番１－５０７号",,13,119,1740041,,,,,,,2021-12-21,0,,,,,"エフデーエヌシー",0
1166,6011403003525,12,0,2026-08-24,2026-08-20,"ＦＤＮＣ合同会社",,305,"東京都","豊島区","池袋本町２丁目２０",,13,116,1700011,,,,,,,2021-12-21,1,,,,,"エフデーエヌシー",0
1167,6011801003168,12,0,2026-08-24,2026-08-20,"富士フイルムメディカルサービスソリューション株式会社",,301,"東京都","品川区","広町２丁目１番２１号",,13,109,1400005,,,,,,,2015-10-05,1,,,,,"フジフイルムメディカルサービスソリューション",0
1168,6011801018001,21,0,2026-08-24,2026-08-18,"太洋運輸株式会社",,301,"東京都","足立区","花畑４丁目７番１５号",,13,121,1210061,,,2026-08-18,01,,,2015-10-05,1,,,,,"タイヨウウンユ",0
1169,6012301012163,71,0,2026-08-24,2026-07-31,"株式会社楓の風ホールディングス",,301,"神奈川県","横浜市中区","尾上町３丁目３５番地",,14,104,2310015,,,,,,"令和８年７月３１日横浜市中区尾上町三丁目３５番地株式会社デルフィネクト（7020001153466）を合併",2020-06-22,0,,,,,"カエデノカゼホールディングス",0
1170,6012301012163,11,0,2026-08-24,2026-08-03,"株式会社デルフィネクト",,301,"神奈川県","横浜市中区","尾上町３丁目３５番地",,14,104,2310015,,,,,,,2020-06-22,1,,,,,"デルフィネクト",0
1171,6012302004861,01,1,2026-08-24,2015-10-05,"有限会社守田造園",,302,"東京都","町田市","小川３丁目１４番地１０",,13,209,1940003,,,,,,,2015-10-05,1,,,,,"モリタゾウエン",0
1172,6012702006020,12,0,2026-08-24,2026-08-20,"有限会社明美",,302,"神奈川県","川崎市多摩区","菅北浦４丁目１５番５－２２２号",,14,135,2140008,,,,,,,2015-10-05,1,,,,,"メイビ",0
1173,6012702012737,21,0,2026-08-24,2026-08-14,"有限会社世紀堂",,302,"東京都","小平市","学園東町２丁目２番２１号",,13,211,1870043,,,2026-08-14,01,,,2015-10-05,1,,,,,,0
1174,6012801020054,12,0,2026-08-24,2026-08-06,"株式会社ＳＰＩ",,301,"東京都","渋谷区","神泉町１１番７号セロンビル４階",,13,113,1500045,,,,,,,2020-03-26,1,,,,,"エスピーアイ",0
1175,6013101000003,12,0,2026-08-24,2026-08-19,"株式会社アドロス",,301,"東京都","西多摩郡瑞穂町","箱根ケ崎東松原２６番地１７",,13,303,1901222,,,,,,,2015-10-05,1,,,,,"アドロス",0
1176,6013202000133,21,0,2026-08-24,2026-08-04,"有限会社アイコーシルク印刷",,302,"東京都","目黒区","東が丘１丁目２６番３号",,13,110,1520021,,,2026-08-04,01,,,2015-10-05,1,,,,,,0
1177,6013303003200,12,0,2026-08-24,2026-08-06,"ＪＮトラスト株式会社",,301,"東京都","目黒区","大岡山１丁目３１番１５－６０３号",,13,110,1520033,,,,,,,2016-04-01,1,,,,,"ジェーエヌトラスト",0
1178,6013303003539,01,1,2026-08-24,2017-01-13,"合同会社楓",,305,"東京都","豊島区","南池袋１丁目２５番４号ＲＳビルＢ１Ｆ",,13,116,1710022,,,,,,,2017-01-13,1,,,,,"カエデ",0
1179,6013401006443,21,0,2026-08-24,2026-08-05,"株式会社タングラム",,301,"東京都","日野市","神明２丁目１４番地の１",,13,212,1910016,,,2026-08-05,01,,,2015-10-05,1,,,,,"タングラム",0
1180,6020001023760,01,1,2026-08-24,2015-10-05,"株式会社出口建設工業",,301,"神奈川県","横浜市神奈川区","二ツ谷町２番地の１",,14,102,2210823,,,,,,,2015-10-05,1,,,,,"デグチケンセツコウギョウ",0
1181,6020001046563,21,0,2026-08-24,2026-08-03,"株式会社鶴商",,301,"神奈川県","横浜市青葉区","つつじが丘２８番地１９０",,14,117,2270055,,,2026-08-03,01,,,2015-10-05,1,,,,,"ツルショウ",0
1182,6020001097053,01,1,2026-08-24,2015-10-05,"株式会社ブラザーズ",,301,"神奈川県","横浜市都筑区","仲町台３丁目１２番４－５１７号",,14,118,2240041,,,,,,,2015-10-05,0,,,,,"ブラザーズ",0
1183,6020001097053,12,1,2026-08-24,2017-03-10,"株式会社ブラザーズ",,301,"東京都","品川区","東大井５丁目１７－２野村ビル４階",,13,109,1400011,,,,,,,2015-10-05,1,,,,,"ブラザーズ",0
1184,6020001098828,01,1,2026-08-24,2015-10-05,"株式会社ＡＫフォーチュン",,301,"神奈川県","横浜市港北区","日吉２丁目１１番２５号",,14,109,2230061,,,,,,,2015-10-05,0,,,,,"エーケーフォーチュン",0
1185,6020001098828,71,1,2026-08-24,2022-03-01,"株式会社ＡＫフォーチュン",,301,"神奈川県","横浜市港北区","日吉２丁目１１番２５号",,14,109,2230061,,,,,,"令和４年３月１日横浜市港北区日吉二丁目１１番２５号株式会社シーインザサン（2020001041147）を合併",2015-10-05,1,,,,,"エーケーフォーチュン",0
1186,6020001154564,11,0,2026-08-24,2026-08-07,"株式会社ニシダイ",,301,"東京都","江東区","永代２丁目３１－１５",,13,108,1350034,,,,,,,2023-11-22,1,,,,,"ニシダイ",0
1187,6020001169827,01,0,2026-08-24,2026-08-24,"株式会社Ｋ‐サード",,301,"神奈川県","横浜市旭区","矢指町２０００番地３",,14,112,2410811,,,,,,,2026-08-24,1,,,,,"ケイサード",0
1188,6020001169926,01,0,2026-08-24,2026-08-24,"株式会社ＮｏｄｅＣｈａｒｇｅ",,301,"神奈川県","川崎市高津区","梶ケ谷２丁目９番地２西松建設梶が谷寮３１４",,14,134,2130015,,,,,,,2026-08-24,1,,,,,"ノードチャージ",0
1189,6020003011821,01,1,2026-08-24,2016-09-21,"梨桜工業合同会社",,305,"神奈川県","横浜市磯子区","磯子２丁目６番４－２０２号",,14,107,2350016,,,,,,,2016-09-21,0,,,,,"リオコウギョウ",0
1190,6020003011821,12,1,2026-08-24,2017-04-24,"梨桜工業合同会社",,305,"神奈川県","横浜市磯子区","上中里町２５７番地９向山ハイツ２０２号",,14,107,2350042,,,,,,,2016-09-21,0,,,,,"リオコウギョウ",0
1191,6020003011821,12,1,2026-08-24,2026-08-03,"梨桜工業合同会社",,305,"神奈川県","横浜市磯子区","磯子７丁目２３番６号",,14,107,2350016,,,,,,,2016-09-21,1,,,,,"リオコウギョウ",0
1192,6020003012456,01,1,2026-08-24,2017-03-06,"ヱンガワシステムズ合同会社",,305,"神奈川県","横浜市中区","野毛町１丁目１６番地１",,14,104,2310064,,,,,,,2017-03-06,1,"Yengawa Systems LLC","Kanagawa","1-16-1, Noge-cho, Naka-ku, Yokohama-shi",,,0
1193,6021001002028,12,0,2026-08-24,2026-07-30,"株式会社はないちりん",,301,"神奈川県","秦野市","尾尻５４３番地の１",,14,211,2570011,,,,,,,2015-10-05,1,,,,,"ハナイチリン",0
1194,6021001088942,01,0,2026-08-24,2026-08-24,"株式会社熊澤ファーム",,301,"神奈川県","茅ヶ崎市","香川７丁目１０番７号",,14,207,2530082,,,,,,,2026-08-24,1,,,,,"クマザワファーム",0
1195,6021001088967,01,0,2026-08-24,2026-08-24,"Ｂｅｌｌ　Ｔｒｅｅ　Ｈｏｌｄｉｎｇｓ株式会社",,301,"神奈川県","横須賀市","佐原１丁目２０番４号",,14,201,2390835,,,,,,,2026-08-24,1,,,,,"ベルツリーホールディングス",0
1196,6021003017825,01,0,2026-08-24,2026-08-24,"Ｈａｊｉ＆Ｃｏ．合同会社",,305,"神奈川県","藤沢市","鵠沼松が岡２丁目９－２１",,14,205,2510038,,,,,,,2026-08-24,1,,,,,"ハジアンドカンパニー",0
1197,6030001152344,21,0,2026-08-24,2026-08-05,"株式会社Ｉｎ　Ｓｔｙｌｅ　ｃｏｒｐ．",,301,"埼玉県","川口市","南鳩ヶ谷５丁目９番１８号",,11,203,3340013,,,2026-08-05,01,,,2023-02-13,1,,,,,"インスタイルコープ",0
1198,6030001168183,12,0,2026-08-24,2026-08-19,"ＤｒｅａｍＢｏｘ株式会社",,301,"東京都","新宿区","新宿２丁目２番１０号サニープラザ新宿御苑ビル５０２号室",,13,104,1600022,,,,,,,2025-08-13,1,,,,,"ドリームボックス",0
1199,6030001173869,01,0,2026-08-24,2026-08-24,"株式会社ＲＥＸＩＦＡ",,301,"埼玉県","さいたま市見沼区","大字御蔵１３６６番地２",,11,104,3370033,,,,,,,2026-08-24,1,,,,,"レクシファ",0
1200,6030001173877,01,0,2026-08-24,2026-08-24,"株式会社ラーゴム",,301,"埼玉県","所沢市","大字北秋津７９１－１",,11,208,3590038,,,,,,,2026-08-24,1,,,,,"ラーゴム",0
1201,6030001173902,01,0,2026-08-24,2026-08-24,"株式会社ＳＡＮＴＥ",,301,"埼玉県","草加市","遊馬町２００番地１０",,11,221,3400032,,,,,,,2026-08-24,1,,,,,"サンテ",0
1202,6030002033741,01,1,2026-08-24,2015-10-05,"有限会社サヤマ商会",,302,"埼玉県","狭山市","大字下奥富１７９６番地の２",,11,215,3501332,,,,,,,2015-10-05,1,,,,,"サヤマショウカイ",0
1203,6030003029838,01,0,2026-08-24,2026-08-24,"ＳＮＮワールドビジネスサポート合同会社",,305,"埼玉県","比企郡川島町","大字上伊草１７８２番地１プレステージ・サクラ１０５号室",,11,346,3500152,,,,,,,2026-08-24,1,,,,,"エスエヌエヌワールドビジネスサポート",0
1204,6030003029846,01,0,2026-08-24,2026-08-24,"合同会社ＡＬＢＡ",,305,"埼玉県","さいたま市西区","大字中釘１９８０－２６",,11,101,3310077,,,,,,,2026-08-24,1,,,,,"アルバ",0
1205,6030005012511,21,0,2026-08-24,2026-08-04,"医療法人博和会",,399,"埼玉県","川口市","西川口２丁目１０番８号サイレンス扶桑２階",,11,203,3320021,,,2026-08-04,01,,,2015-10-05,1,,,,,"ハクワカイ",0
1206,6030005022626,01,0,2026-08-24,2026-08-24,"一般社団法人ぷろじぇくとＯｈａｎａ",,399,"埼玉県","新座市","栄３丁目４番８号",,11,230,3520014,,,,,,,2026-08-24,1,,,,,"プロジェクトオハナ",0
1207,6040001001376,01,1,2026-08-24,2015-10-05,"株式会社環境測定センター",,301,"千葉県","千葉市花見川区","検見川町３丁目３１６番地２５",,12,102,2620023,,,,,,,2015-10-05,1,,,,,"カンキョウソクテイセンター",0
1208,6040001023908,01,1,2026-08-24,2015-10-05,"株式会社岩本商事",,301,"千葉県","船橋市","習志野台７丁目１７番１５号",,12,204,2740063,,,,,,,2015-10-05,0,,,,,"イワモトショウジ",0
1209,6040001023908,12,1,2026-08-24,2024-06-27,"株式会社岩本商事",,301,"千葉県","船橋市","二和西３丁目１２番１９号",,12,204,2740806,,,,,,,2015-10-05,0,,,,,"イワモトショウジ",0
1210,6040001023908,11,1,2026-08-24,2026-04-01,"株式会社ジー・エル・シー",,301,"千葉県","船橋市","二和西３丁目１２番１９号",,12,204,2740806,,,,,,,2015-10-05,0,,,,,"ジーエルシー",0
1211,6040001023908,12,1,2026-08-24,2026-08-03,"株式会社ジー・エル・シー",,301,"千葉県","船橋市","古和釜町５１２番地１",,12,204,2740061,,,,,,,2015-10-05,1,,,,,"ジーエルシー",0
1212,6040001050753,01,1,2026-08-24,2015-10-05,"中央自動車販売株式会社",,301,"千葉県","木更津市","長須賀１９９０番地",,12,206,2920054,,,,,,,2015-10-05,1,,,,,"チュウオウジドウシャハンバイ",0
1213,6040002072251,01,1,2026-08-24,2015-10-05,"有限会社石井運輸",,302,"千葉県","市原市","磯ケ谷１３３１番地３",,12,219,2900204,,,,,,,2015-10-05,1,,,,,"イシイウンユ",0
1214,6040003011134,12,0,2026-08-24,2026-08-03,"甲天下合同会社",,305,"千葉県","松戸市","松戸新田４３８－１２モトキハイツ１０２号室",,12,207,2702241,,,,,,,2018-01-23,1,,,,,"コウテンカ",0
1215,6040005002783,01,1,2026-08-24,2015-10-05,"薬王寺",,399,"千葉県","船橋市","夏見５丁目２４番６号",,12,204,2730865,,,,,,,2015-10-05,1,,,,,"ヤクオウジ",0
1216,6050001053375,12,0,2026-08-24,2026-08-10,"株式会社Ｎａｎｏ　Ｃｈｅｍｉｘ",,301,"茨城県","つくば市","千現２丁目１番６号",,08,220,3050047,,,,,,,2023-09-01,1,,,,,"ナノケミックス",0
1217,6050001058845,01,0,2026-08-24,2026-08-24,"株式会社Ｔｒａｄｅ　Ｂａｓｅ　Ｊａｐａｎ",,301,"茨城県","神栖市","知手中央８丁目３番３２号",,08,232,3140112,,,,,,,2026-08-24,1,,,,,"トレードベースジャパン",0
1218,6070002011339,01,1,2026-08-24,2015-10-05,"ナカヤマ運輸有限会社",,302,"群馬県","高崎市","上室田町３３３１番地",,10,202,3703346,,,,,,,2015-10-05,1,,,,,"ナカヤマウンユ",0
1219,6070002024828,21,0,2026-08-24,2026-08-18,"有限会社丸橋製作所",,302,"群馬県","みどり市","笠懸町西鹿田４４６番地の１",,10,212,3792314,,,2026-08-18,01,,,2015-10-05,1,,,,,"マルハシセイサクジョ",0
1220,6080105006268,11,0,2026-08-24,2026-08-18,"一般社団法人おたまちゃん",,399,"静岡県","三島市","富士見台２６番地の１３",,22,206,4110021,,,,,,,2022-07-19,1,,,,,"オタマチャン",0
1221,6080105006301,21,0,2026-08-24,2026-08-20,"一般社団法人陽伊豆る国３Ａ研究所",,399,"静岡県","伊豆の国市","田原野４４０－４株式会社大仁まごころ市場気付",,22,225,4102313,,,2026-08-20,01,,,2022-12-08,1,,,,,"ヒイズルクニスリーエーケンキュウショ",0
1222,6080401009973,71,0,2026-08-24,2026-07-15,"株式会社ハイブリッヂ",,301,"東京都","千代田区","西神田３丁目３番６号",,13,101,1010065,,,,,,"令和８年７月１５日静岡県浜松市中央区西島町１３１８番地の１有限会社神楽（8080402014517）を合併",2015-10-05,1,,,,,"ハイブリッヂ",0
1223,6080401016846,21,0,2026-08-24,2026-08-20,"株式会社広和精工",,301,"静岡県","磐田市","西貝塚１７４１番地",,22,211,4380026,,,2026-08-20,01,,,2015-10-05,1,,,,,"コウワセイコウ",0
1224,6080401017233,12,0,2026-08-24,2026-08-19,"株式会社タイセイ",,301,"静岡県","袋井市","高尾町５番地の２２袋井センタービル１階",,22,216,4370027,,,,,,,2015-10-05,1,,,,,"タイセイ",0
1225,6080402001517,01,1,2026-08-24,2015-10-05,"有限会社エルプラス",,302,"静岡県","浜松市南区","白羽町９１１番地の２",,22,134,4300846,,,,,,,2015-10-05,0,,,,,"エルプラス",0
1226,6080402001517,12,1,2026-08-24,2024-01-09,"有限会社エルプラス",,302,"静岡県","浜松市中央区","白羽町９１１番地の２",,22,138,4300846,,,,,,,2015-10-05,1,,,,,"エルプラス",0
1227,6090001005364,11,0,2026-08-24,2026-08-10,"株式会社ＴＸＴ",,301,"山梨県","甲府市","下石田２丁目１０番６号",,19,201,4000046,,,,,,,2015-10-05,1,,,,,"スマート",0
1228,6090002002204,12,0,2026-08-24,2026-08-07,"内藤土地建物有限会社",00068829,302,"山梨県","甲府市","天神町１４番２３号",,19,201,4000006,,,,,,,2015-10-05,1,,,,,"ナイトウトチタテモノ",0
1229,6110001004041,01,1,2026-08-24,2015-10-05,"株式会社新潟ファーマシー",,301,"新潟県","新潟市西区","寺尾６番３７号",,15,107,9502052,,,,,,,2015-10-05,0,,,,,"ニイガタファマシー",0
1230,6110001004041,71,1,2026-08-24,2024-12-06,"株式会社新潟ファーマシー",,301,"新潟県","新潟市西区","寺尾６番３７号",,15,107,9502052,,,,,,"令和６年１２月１日新潟市中央区医学町通二番町７４番地１有限会社メディカルプランナー新潟（9110002006587）を合併",2015-10-05,0,,,,,"ニイガタファマシー",0
1231,6110001004041,12,1,2026-08-24,2025-09-02,"株式会社新潟ファーマシー",,301,"新潟県","新潟市西区","小針４丁目１５番５号",,15,107,9502022,,,,,,,2015-10-05,1,,,,,"ニイガタファマシー",0
1232,6110002024311,01,1,2026-08-24,2015-10-05,"有限会社ジョーバン",,302,"新潟県","上越市","大字本新保２６９番地",,15,222,9430123,,,,,,,2015-10-05,1,,,,,"ジョーバン",0
1233,6120001062336,12,0,2026-08-24,2026-08-19,"株式会社神代",,301,"大阪府","大阪市西区","南堀江２丁目３番４－５０４号",,27,106,5500015,,,,,,,2015-10-05,1,,,,,"カミヨ",0
1234,6120001071345,12,0,2026-08-24,2026-08-20,"株式会社森田家具店",,301,"大阪府","豊中市","庄内東町１丁目７番１１号",,27,203,5610831,,,,,,,2015-10-05,1,,,,,"モリタカグテン",0
1235,6120001083670,21,0,2026-08-24,2026-08-21,"ダイワボウライフサポート株式会社",,301,"大阪府","大阪市中央区","久太郎町３丁目６番８号",,27,128,5410056,,,2026-08-21,01,,,2015-10-05,1,,,,,"ダイワボウライフサポート",0
1236,6120001101944,01,1,2026-08-24,2015-10-05,"西日本フードサービス株式会社",,301,"大阪府","大阪市北区","大淀南２丁目１番１４号",,27,127,5310075,,,,,,,2015-10-05,0,,,,,"ニシニホンフードサービス",0
1237,6120001101944,12,1,2026-08-24,2016-04-25,"西日本フードサービス株式会社",,301,"大阪府","大阪市北区","大淀南２丁目１番１号",,27,127,5310075,,,,,,,2015-10-05,0,,,,,"ニシニホンフードサービス",0
1238,6120001101944,12,1,2026-08-24,2020-07-21,"西日本フードサービス株式会社",,301,"大阪府","大阪市北区","大淀北１丁目５番２９－２０８号",,27,127,5310077,,,,,,,2015-10-05,0,,,,,"ニシニホンフードサービス",0
1239,6120001101944,11,1,2026-08-24,2023-07-19,"無礙株式会社",,301,"大阪府","大阪市北区","大淀北１丁目５番２９－２０８号",,27,127,5310077,,,,,,,2015-10-05,0,,,,,"ムゲ",0
1240,6120001101944,12,1,2026-08-24,2024-08-01,"無礙株式会社",,301,"滋賀県","甲賀市","土山町前野１３８番地６",,25,209,5280232,,,,,,,2015-10-05,1,,,,,"ムゲ",0
1241,6120001144984,01,1,2026-08-24,2015-10-05,"株式会社正志会ホールディングス",,301,"大阪府","大阪市東淀川区","淡路４丁目８番１８号",,27,114,5330032,,,,,,,2015-10-05,0,,,,,"ショウシカイ",0
1242,6120001144984,12,1,2026-08-24,2025-10-06,"株式会社正志会ホールディングス",,301,"大阪府","大阪市東淀川区","淡路４丁目３番８号",,27,114,5330032,,,,,,,2015-10-05,1,,,,,"ショウシカイ",0
1243,6120001155008,12,0,2026-08-24,2026-08-10,"株式会社ラミティー",,301,"大阪府","大阪市北区","南森町１丁目４－１１",,27,127,5300054,,,,,,,2015-10-05,1,,,,,"ラミティー",0
1244,6120001167952,21,0,2026-08-24,2026-08-18,"株式会社百万石",,301,"大阪府","大阪市東成区","東小橋３丁目９番１０号",,27,115,5370024,,,2026-08-18,01,,,2015-10-05,1,,,,,"ヒャクマンゴク",0
1245,6120001173546,12,0,2026-08-24,2026-08-18,"富邦通商株式会社",,301,"大阪府","大阪市中央区","東心斎橋１丁目３番５－２０５号",,27,128,5420083,,,,,,,2015-10-05,1,,,,,"フホウツウショウ",0
1246,6120001197628,01,1,2026-08-24,2016-04-18,"山口建設株式会社",,301,"大阪府","大阪市住之江区","西加賀屋４丁目５番６号",,27,125,5590016,,,,,,,2016-04-18,0,,,,,"ヤマグチケンセツ",0
1247,6120001197628,12,1,2026-08-24,2017-02-22,"山口建設株式会社",,301,"大阪府","大阪市住之江区","御崎８丁目４番２２号",,27,125,5590013,,,,,,,2016-04-18,1,,,,,"ヤマグチケンセツ",0
1248,6120001232418,12,0,2026-08-24,2026-08-19,"ＣＡＬ　Ａｓｓｅｔｓ株式会社",,301,"東京都","港区","虎ノ門５丁目１番４号",,13,103,1050001,,,,,,,2020-10-14,1,,,,,"シーエーエルアセッツ",0
1249,6120001274253,12,0,2026-08-24,2026-08-18,"天慶株式会社",,301,"大阪府","大阪市此花区","春日出中１丁目９番１３号３０１Ｂ",,27,104,5540022,,,,,,,2025-04-07,1,,,,,"テンケイ",0
1250,6120001280029,12,0,2026-08-24,2026-08-10,"クラアパス株式会社",,301,"大阪府","大阪市北区","梅田１丁目１番３号大阪駅前第３ビル１１階２号室",,27,127,5300001,,,,,,,2025-09-29,1,,,,,"クラアパス",0
1251,6120001280111,12,0,2026-08-24,2026-08-17,"アールクラウド株式会社",,301,"大阪府","大阪市浪速区","下寺３丁目１番１４号エクレール夕陽ヶ丘５号２１２号室",,27,111,5560001,,,,,,,2025-09-26,1,,,,,"アールクラウド",0
1252,6120001288641,01,0,2026-08-24,2026-08-24,"株式会社ＪＵＮホールディングス",,301,"大阪府","大阪市城東区","永田１丁目４番１９号",,27,118,5360022,,,,,,,2026-08-24,1,,,,,"ジュンホールディングス",0
1253,6120001288658,01,0,2026-08-24,2026-08-24,"株式会社オルト",,301,"大阪府","大阪市福島区","鷺洲５丁目６番４５－４０３号",,27,103,5530002,,,,,,,2026-08-24,1,,,,,"オルト",0
1254,6120001288674,01,0,2026-08-24,2026-08-24,"株式会社Ｋ２ＨＯＬＤＩＮＧＳ",,301,"大阪府","大阪市中央区","博労町３丁目１－１０ルセオン博労町６Ｆ－Ｃ",,27,128,5410059,,,,,,,2026-08-24,1,,,,,"ケーツーホールディングス",0
1255,6120001288682,01,0,2026-08-24,2026-08-24,"株式会社ｖｅｌ・ｃｒａｆｔ",,301,"大阪府","大阪市中央区","南久宝寺町２丁目１番２号",,27,128,5410058,,,,,,,2026-08-24,1,,,,,"ヴェルクラフト",0
1256,6120002075980,01,1,2026-08-24,2015-10-05,"有限会社芝田工業",,302,"大阪府","寝屋川市","川勝町２番２９号",,27,215,5720015,,,,,,,2015-10-05,1,,,,,"シバタコウギョウ",0
1257,6120003033327,01,0,2026-08-24,2026-08-24,"合同会社ワイケイカンパニー",,305,"大阪府","大阪市西淀川区","野里１丁目１９番１７号",,27,113,5550024,,,,,,,2026-08-24,1,,,,,"ワイケイカンパニー",0
1258,6120102016496,01,1,2026-08-24,2015-10-05,"有限会社ジエイエスアール",,302,"大阪府","堺市美原区","黒山７８４番地１",,27,147,5870002,,,,,,,2015-10-05,1,,,,,"ジェイエスアール",0
1259,6120103003626,11,0,2026-08-24,2026-08-10,"合名会社新生",,303,"大阪府","高石市","高師浜３丁目１４番１７号",,27,225,5920004,,,,,,,2020-03-03,1,,,,,"シンセイ",0
1260,6120103007305,01,0,2026-08-24,2026-08-24,"合同会社彩り",,305,"大阪府","堺市西区","津久野町１丁３番２号２階",,27,144,5938322,,,,,,,2026-08-24,1,,,,,"イロドリ",0
1261,6120901009444,01,1,2026-08-24,2015-10-05,"株式会社三伸商会",,301,"大阪府","高槻市","西冠３丁目３４番３号",,27,207,5690055,,,,,,,2015-10-05,1,,,,,,0
1262,6120901053087,01,0,2026-08-24,2026-08-24,"株式会社ヘルスビルディング",,301,"大阪府","高槻市","大手町２番４０号",,27,207,5690078,,,,,,,2026-08-24,1,,,,,"ヘルスビルディング",0
1263,6120902021349,01,1,2026-08-24,2015-10-05,"有限会社ＰＡＧ",,302,"大阪府","豊中市","桜の町６丁目１０番５－４０８号",,27,203,5600054,,,,,,,2015-10-05,1,,,,,"パグ",0
1264,6122001040825,01,0,2026-08-24,2026-08-24,"株式会社ＳｅｅｄＯＮＥ",,301,"大阪府","東大阪市","昭和町２０－２５",,27,227,5798046,,,,,,,2026-08-24,1,,,,,"シードワン",0
1265,6130001028030,01,1,2026-08-24,2015-10-05,"株式会社繍匠いながき",,301,"京都府","京都市中京区","壬生森町１１番地の１",,26,104,6048862,,,,,,,2015-10-05,1,,,,,"ヌイショウイナガキ",0
1266,6130001046528,21,0,2026-08-24,2026-07-31,"株式会社鳳苑",,301,"京都府","京都市下京区","東中筋通正面下る紅葉町３５８番地１",,26,106,6008345,,,2026-07-31,01,,,2015-10-05,1,,,,,"ホウエン",0
1267,6130001081624,12,0,2026-08-24,2026-08-03,"株式会社ＭＩＬＡＣＴ",,301,"京都府","京都市下京区","七条通油小路東入大黒町２２７番地第２キョートビル４０２",,26,106,6008223,,,,,,,2026-02-17,1,,,,,"ミラクト",0
1268,6130002008972,21,0,2026-08-24,2026-08-03,"有限会社高石ともや・事務所",,302,"京都府","京都市西京区","山田上ノ町１５－５",,26,111,6158274,,,2026-08-03,01,,,2015-10-05,1,,,,,"タカイシトモヤジムショ",0
1269,6130002032849,21,0,2026-08-24,2026-08-03,"有限会社堀久",,302,"京都府","福知山市","字裏ノ４１番地の１４",,26,201,6200000,,,2026-08-03,01,,,2015-10-05,1,,,,,"ホリキュウ",0
1270,6130002033806,01,1,2026-08-24,2015-10-05,"大宗織物有限会社",,302,"京都府","京丹後市","網野町浅茂川１７４番地",,26,212,6293104,,,,,,,2015-10-05,1,,,,,"ダイソウオリモノ",0
1271,6130002034498,12,0,2026-08-24,2026-07-31,"日進商事有限会社",,302,"京都府","舞鶴市","字浜８８番地",,26,202,6250036,,,,,,,2015-10-05,1,,,,,"ニッシンショウジ",0
1272,6130005014489,01,1,2026-08-24,2016-02-17,"一般社団法人日本臨床疫学会",,399,"京都府","京都市下京区","中堂寺壬生川町２６番地３",,26,106,6008806,,,,,,,2016-02-17,0,,,,,"ニホンリンショウエキガッカイ",0
1273,6130005014489,12,1,2026-08-24,2017-10-24,"一般社団法人日本臨床疫学会",,399,"大阪府","大阪市西区","土佐堀１丁目４番８号日栄ビル７０３Ａ号室あゆみコーポレーション内",,27,106,5500001,,,,,,,2016-02-17,0,,,,,"ニホンリンショウエキガッカイ",0
1274,6130005014489,12,1,2026-08-24,2020-06-09,"一般社団法人日本臨床疫学会",,399,"東京都","新宿区","箪笥町４３新神楽坂ビル２階有限会社ビジョンブリッジ内",,13,104,1620833,,,,,,,2016-02-17,1,,,,,"ニホンリンショウエキガッカイ",0
1275,6140001008196,01,1,2026-08-24,2015-10-05,"株式会社ジェムランカ",,301,"兵庫県","神戸市中央区","山本通３丁目６番７号",,28,110,6500003,,,,,,,2015-10-05,1,,,,,"ジェムランカ",0
1276,6140001098106,01,1,2026-08-24,2015-10-05,"株式会社日本交通レンタカーサービス",,301,"兵庫県","宝塚市","南口２丁目１４番５号",,28,214,6650011,,,,,,,2015-10-05,0,,,,,,0
1277,6140001098106,11,1,2026-08-24,2017-11-01,"イデアソリューション株式会社",,301,"兵庫県","宝塚市","南口２丁目１４番５号",,28,214,6650011,,,,,,,2015-10-05,1,,,,,"イデアソリューション",0
1278,6140001099087,12,0,2026-08-24,2026-08-20,"株式会社萬豊",,301,"大阪府","大東市","深野４丁目１７－７６プチシャトウ４０３大阪東ビジネスセンター１０",,27,218,5740072,,,,,,,2015-10-05,1,,,,,"マンホウ",0
1279,6140001102890,01,1,2026-08-24,2016-07-29,"株式会社リノテックＥＲ",,301,"兵庫県","宝塚市","野上３丁目８番２４号",,28,214,6650022,,,,,,,2016-07-29,0,,,,,"リノテックイーアール",0
1280,6140001102890,12,1,2026-08-24,2017-02-23,"株式会社リノテックＥＲ",,301,"兵庫県","宝塚市","仁川北２丁目１２番１６号",,28,214,6650061,,,,,,,2016-07-29,0,,,,,"リノテックイーアール",0
1281,6140001102890,12,1,2026-08-24,2018-09-10,"株式会社リノテックＥＲ",,301,"兵庫県","宝塚市","川面６丁目１２番９号",,28,214,6650842,,,,,,,2016-07-29,1,,,,,"リノテックイーアール",0
1282,6140001116172,11,0,2026-08-24,2026-08-13,"都志マリン株式会社",,301,"兵庫県","神戸市灘区","大石東町４丁目６－２－１Ｆ",,28,102,6570043,,,,,,,2020-01-16,1,,,,,"ツシマリン",0
1283,6140001142581,12,0,2026-08-24,2026-08-13,"株式会社ｉｒｏｎ",,301,"兵庫県","西宮市","南越木岩町８－１３－１０２",,28,204,6620075,,,,,,,2026-04-28,1,,,,,"イーロン",0
1284,6140002013121,01,1,2026-08-24,2015-10-05,"有限会社エステムビック",,302,"兵庫県","神戸市須磨区","菅の台７丁目１０番地の１４",,28,107,6540143,,,,,,,2015-10-05,1,,,,,"エステムビック",0
1285,6140003024002,01,0,2026-08-24,2026-08-24,"合同会社いろり",,305,"兵庫県","加東市","下滝野１丁目１３６フルール滝野２０２",,28,228,6790212,,,,,,,2026-08-24,1,,,,,"イロリ",0
1286,6140003024010,01,0,2026-08-24,2026-08-24,"合同会社うさぎと亀",,305,"兵庫県","西宮市","与古道町３－１４",,28,204,6620917,,,,,,,2026-08-24,1,,,,,"ウサギトカメ",0
1287,6150001022007,12,0,2026-08-24,2026-08-18,"株式会社たまデン",,301,"奈良県","奈良市","西大寺国見町３丁目１４番１１号",,29,201,6310823,,,,,,,2017-12-22,0,,,,,"タマデン",0
1288,6150001022007,11,0,2026-08-24,2026-08-18,"株式会社Ｎ＆ＣＳ",,301,"奈良県","奈良市","西大寺国見町３丁目１４番１１号",,29,201,6310823,,,,,,,2017-12-22,1,,,,,"エヌアンドシーエス",0
1289,6160001010670,01,1,2026-08-24,2015-10-05,"大阪通販株式会社",,301,"滋賀県","近江八幡市","鷹飼町４５７番地８",,25,204,5230891,,,,,,,2015-10-05,0,,,,,,0
1290,6160001010670,21,0,2026-08-24,2026-08-20,"大阪通販株式会社",,301,"滋賀県","近江八幡市","鷹飼町４５７番地８",,25,204,5230891,,,2026-08-20,01,,,2015-10-05,1,,,,,,0
1291,6170001015611,12,0,2026-08-24,2026-08-20,"スマイル株式会社",,301,"和歌山県","和歌山市","土佐町３丁目３９－４",,30,201,6408256,,,,,,,2019-05-21,1,,,,,"スマイル",0
1292,6170003002277,21,0,2026-08-24,2026-08-21,"ＲｅｖｏＧｏ合同会社",,305,"和歌山県","和歌山市","松江１３２４番地１",,30,201,6408421,,,2026-08-21,01,,,2025-08-22,1,,,,,"レヴォゴ",0
1293,6180001005504,11,0,2026-08-24,2026-08-21,"ビーアバンディ株式会社",,301,"愛知県","名古屋市千種区","内山１丁目１４番４号",,23,101,4640075,,,,,,,2015-10-05,1,,,,,"ビーアバンディ",0
1294,6180001092476,01,1,2026-08-24,2015-10-05,"久野不動産株式会社",,301,"愛知県","大府市","月見町４丁目１２番地",,23,223,4740036,,,,,,,2015-10-05,1,,,,,,0
1295,6180001162345,12,0,2026-08-24,2026-08-17,"株式会社Ｎｕｍｂｅｒ９",,301,"愛知県","名古屋市緑区","桃山２丁目１１０番地の３",,23,114,4580002,,,,,,,2024-07-17,1,,,,,"ナンバーナイン",0
1296,6180001167468,12,0,2026-08-24,2026-08-18,"朝露商事株式会社",,301,"愛知県","名古屋市中区","栄１丁目１６－１６チサンマンション栄４１４",,23,106,4600008,,,,,,,2025-06-30,1,,,,,"アサツユショウジ",0
1297,6180001173202,01,0,2026-08-24,2026-08-24,"ＰＡＸ株式会社",,301,"愛知県","北名古屋市","西之保青野２０６番地１",,23,234,4810033,,,,,,,2026-08-24,1,,,,,"パックス",0
1298,6180002061397,01,1,2026-08-24,2015-10-05,"ＭＡＨＭＯＯＤ　ＴＲＡＤＩＮＧ有限会社",,302,"愛知県","弥富市","松名５丁目２００番地２８",,23,235,4980042,,,,,,,2015-10-05,1,,,,,"マハムードトレーディング",0
1299,6180003027901,12,0,2026-08-24,2026-08-18,"合同会社Ｓｅｃｏｎｄ　Ｆｉｅｌｄ",,305,"愛知県","名古屋市中区","丸の内１丁目２番４号グランツ丸の内５０６号",,23,106,4600002,,,,,,,2025-01-21,1,,,,,"セカンドフィールド",0
1300,6180003028387,12,0,2026-08-24,2026-08-18,"名古屋観光合同会社",,305,"愛知県","名古屋市中村区","名駅３丁目４－１０アルティメイト名駅１ｓｔ２階",,23,105,4500002,,,,,,,2025-04-23,1,,,,,"ナゴヤカンコウ",0
1301,6180301041216,11,0,2026-08-24,2026-08-20,"株式会社アセット・ホルダー",,301,"愛知県","刈谷市","東刈谷町３丁目１２番地７",,23,210,4480807,,,,,,,2026-07-24,1,,,,,"アセットホルダー",0
1302,6190001003184,21,0,2026-08-24,2026-08-13,"株式会社データスピリット",,301,"三重県","津市","長岡町３０２０番地４",,24,201,5140064,,,2026-08-13,01,,,2015-10-05,1,,,,,"データスピリット",0
1303,6190001031986,12,0,2026-08-24,2026-08-12,"ＡＬ不動産株式会社",,301,"三重県","四日市市","西日野町２７１３番地２",,24,202,5100943,,,,,,,2025-02-07,1,,,,,"エーエルフドウサン",0
1304,6190001032893,12,0,2026-08-24,2026-08-19,"株式会社松竹工芸",,301,"愛知県","名古屋市天白区","八幡山１２３４",,23,116,4680074,,,,,,,2026-02-13,1,,,,,"ショウチクコウゲイ",0
1305,6190002012283,21,0,2026-08-24,2026-08-06,"有限会社二光電工社",,302,"三重県","伊賀市","鳳凰寺字轟２４０番地",,24,216,5181405,,,2026-08-06,01,,,2015-10-05,1,,,,,"ニコウデンコウシャ",0
1306,6190003005534,01,0,2026-08-24,2026-08-24,"合同会社ＳＡＢＯＮ　ＴＲＥＥ",,305,"三重県","桑名市","大字桑名６６３番地の１０８",,24,205,5110009,,,,,,,2026-08-24,1,,,,,"サボンツリー",0
1307,6200001002762,21,0,2026-08-24,2026-08-17,"株式会社スペンサー",,301,"岐阜県","岐阜市","北一色１０丁目３番３号",,21,201,5008227,,,2026-08-17,01,,,2015-10-05,1,,,,,"スペンサー",0
1308,6200001024897,01,1,2026-08-24,2015-10-05,"株式会社洲さき",,301,"岐阜県","高山市","神明町４丁目１４番地",,21,203,5060821,,,,,,,2015-10-05,1,,,,,"スサキ",0
1309,6200001031506,01,1,2026-08-24,2015-10-05,"郡上淡水魚株式会社",,301,"岐阜県","郡上市","八幡町安久田１３４７番地１",,21,219,5014205,,,,,,,2015-10-05,1,,,,,"グジョウタンスイギョ",0
1310,6200002011861,12,0,2026-08-24,2026-08-17,"有限会社ライフサービス山田",,302,"岐阜県","羽島市","江吉良町１６８９番地１",,21,209,5016236,,,,,,,2015-10-05,1,,,,,"ライフサービスヤマダ",0
1311,6200002019938,01,1,2026-08-24,2015-10-05,"有限会社いとう",,302,"岐阜県","多治見市","明和町４丁目５番地の１５７",,21,204,5070072,,,,,,,2015-10-05,1,,,,,"イトウ",0
1312,6200005008442,01,1,2026-08-24,2015-10-05,"白鳥神社",,399,"岐阜県","土岐市","曽木町３１１番地",,21,212,5095402,,,,,,,2015-10-05,1,,,,,"シラトリジンジャ",0
1313,6210001011977,01,1,2026-08-24,2015-10-05,"株式会社真寿美衣裳",,301,"福井県","越前市","幸町１番１３号",,18,209,9150075,,,,,,,2015-10-05,1,,,,,,0
1314,6210001020714,01,0,2026-08-24,2026-08-24,"株式会社クラフト",,301,"福井県","福井市","栗森２丁目８０４番地",,18,201,9100137,,,,,,,2026-08-24,1,,,,,"クラフト",0
1315,6210002011332,12,0,2026-08-24,2026-08-19,"有限会社明光舎",,302,"東京都","品川区","北品川１丁目１３－１０ストークビル北品川",,13,109,1400001,,,,,,,2015-10-05,1,,,,,"メイコウシャ",0
1316,6230001021561,01,0,2026-08-24,2026-08-24,"株式会社インプルーブ",,301,"富山県","富山市","藤木新町２１番地１",,16,201,9300932,,,,,,,2026-08-24,1,,,,,"インプルーブ",0
1317,6230002000606,01,1,2026-08-24,2015-10-05,"有限会社奥村電気工事",,302,"富山県","富山市","小杉１０２１番地の１",,16,201,9398063,,,,,,,2015-10-05,1,,,,,"オクムラデンキコウジ",0
1318,6230003000415,01,1,2026-08-24,2015-10-05,"合名会社若駒酒造場",,303,"富山県","南砺市","井波３６０１番地",,16,210,9320211,,,,,,,2015-10-05,1,,,,,"ワカコマシュゾウジョウ",0
1319,6240001063702,12,0,2026-08-24,2026-08-19,"株式会社ＹＳ",,301,"広島県","広島市南区","宇品海岸２丁目６番２号１Ｆ",,34,103,7340011,,,,,,,2024-08-13,1,,,,,"ワイエス",0
1320,6240001066837,11,0,2026-08-24,2026-08-12,"豊科テック株式会社",,301,"広島県","広島市安佐南区","山本新町３丁目２０番１４号",,34,105,7310139,,,,,,,2026-07-27,1,,,,,"トヨシナテック",0
1321,6270001009512,01,0,2026-08-24,2026-08-24,"株式会社チクマフィールド",,301,"鳥取県","東伯郡三朝町","大字三朝９７２番地１",,31,364,6820123,,,,,,,2026-08-24,1,,,,,"チクマフィールド",0
1322,6280001008752,12,0,2026-08-24,2026-08-19,"リアライズジャパン株式会社",,301,"島根県","出雲市","小山町５７１番地１１",,32,203,6930051,,,,,,,2022-07-26,1,,,,,"リアライズジャパン",0
1323,6290001026175,01,1,2026-08-24,2015-10-05,"株式会社巧明プラント",,301,"福岡県","福岡市東区","香住ケ丘２丁目４０番５号",,40,131,8130003,,,,,,,2015-10-05,1,,,,,"コウメイプラント",0
1324,6290001027966,01,1,2026-08-24,2015-10-05,"メンテックシステム株式会社",,301,"福岡県","福岡市南区","平和２丁目２８番８号",,40,134,8150071,,,,,,,2015-10-05,0,,,,,"メンテックシステム",0
1325,6290001027966,12,1,2026-08-24,2016-09-28,"メンテックシステム株式会社",,301,"福岡県","福岡市城南区","別府６丁目４番１号",,40,136,8140104,,,,,,,2015-10-05,1,,,,,"メンテックシステム",0
1326,6290001041554,01,1,2026-08-24,2015-10-05,"浜本商店株式会社",,301,"福岡県","春日市","小倉１丁目３番地",,40,218,8160824,,,,,,,2015-10-05,1,,,,,"ハマモトショウテン",0
1327,6290001115242,01,0,2026-08-24,2026-08-24,"株式会社ダッパンファクトリー",,301,"福岡県","福岡市南区","大楠２丁目２番１－１１０５号",,40,134,8150082,,,,,,,2026-08-24,1,,,,,"ダッパンファクトリー",0
1328,6290001115259,01,0,2026-08-24,2026-08-24,"株式会社峰也建設",,301,"福岡県","久留米市","国分町１１９７番地２紫原ビル２Ｆ－Ａ",,40,203,8390863,,,,,,,2026-08-24,1,,,,,"ミネヤケンセツ",0
1329,6290002016745,01,1,2026-08-24,2015-10-05,"有限会社仁伊島総本店",,302,"福岡県","福岡市博多区","下川端町２番１号",,40,132,8120027,,,,,,,2015-10-05,1,,,,,"ニイジマソウホンテン",0
1330,6290003013246,12,0,2026-08-24,2026-08-07,"合同会社ＹＡＳＡＫＩ",,305,"福岡県","福岡市博多区","上川端町１０番１５－６０２号",,40,132,8120026,,,,,,,2022-11-29,1,,,,,"ヤサキ",0
1331,6290003014608,12,0,2026-08-24,2026-08-07,"合同会社ノイ",,305,"福岡県","福岡市中央区","大名２丁目１０番３８－１７０１号",,40,133,8100041,,,,,,,2023-11-14,1,,,,,"ノイ",0
1332,6290005014226,01,1,2026-08-24,2015-10-05,"医療法人健恵会",,399,"福岡県","福岡市早良区","原１丁目３０番３６号",,40,137,8140022,,,,,,,2015-10-05,1,,,,,"ケンエカイ",0
1333,6340001020908,12,0,2026-08-24,2026-08-13,"株式会社松柏工業",,301,"鹿児島県","薩摩川内市","東向田町７番２５号",,46,215,8950026,,,,,,,2018-01-25,1,,,,,"ショウハクコウギョウ",0
1334,6340003005312,01,0,2026-08-24,2026-08-24,"薩摩川内ＤＣエネルギーマネジメントセンター合同会社",,305,"鹿児島県","薩摩川内市","国分寺町７０５９番地",,46,215,8950073,,,,,,,2026-08-24,1,,,,,"サツマセンダイディーシーエネルギーマネジメントセンター",0
1335,6360001037132,01,0,2026-08-24,2026-08-24,"株式会社Ｃｈｉｂａｎａ＆Ｃｏ．",,301,"沖縄県","島尻郡南風原町","字山川２８６番地９",,47,350,9011115,,,,,,,2026-08-24,1,,,,,"チバナアンドコ",0
1336,6360003016118,01,0,2026-08-24,2026-08-24,"合同会社近藤建設",,305,"沖縄県","うるま市","勝連平敷屋３９７７番地１東門アパート２－Ｂ",,47,213,9042314,,,,,,,2026-08-24,1,,,,,"コンドウケンセツ",0
1337,6370001052312,12,0,2026-08-24,2026-08-18,"天翔貿易株式会社",,301,"宮城県","仙台市青葉区","熊ケ根字町三番１番１",,04,101,9893432,,,,,,,2025-03-05,1,,,,,"テンショウボウエキ",0
1338,6370001052857,11,0,2026-08-24,2026-08-14,"株式会社スリーエス会計",,301,"宮城県","仙台市青葉区","本町１丁目９番６号",,04,101,9800014,,,,,,,2025-07-18,1,,,,,"スリーエスカイケイ",0
1339,6370001054168,01,0,2026-08-24,2026-08-24,"株式会社Ｆｉｅｌｄ　Ｌａｇｏｎ",,301,"宮城県","仙台市宮城野区","中野字神明５１番地の６",,04,102,9830013,,,,,,,2026-08-24,1,,,,,"フィールドラゴン",0
1340,6370003005276,12,0,2026-08-24,2026-08-17,"夢憧楽合同会社",,305,"宮城県","仙台市泉区","松森字明神３９番地の１ダイアパレスいずみの杜南光台３１１",,04,105,9813111,,,,,,,2021-06-14,1,,,,,"ムドウラク",0
1341,6380001036280,01,0,2026-08-24,2026-08-24,"高保製薬工業ＨＤ株式会社",,301,"福島県","福島市","瀬上町字西上新田２５番地の２",,07,201,9600101,,,,,,,2026-08-24,1,,,,,"タカヤスセイヤクコウギョウエイチディー",0
1342,6380003006422,01,0,2026-08-24,2026-08-24,"合同会社コアグレイス",,305,"福島県","田村郡三春町","字山中２１番地の３",,07,521,9637755,,,,,,,2026-08-24,1,,,,,"コアグレイス",0
1343,6380005004102,01,1,2026-08-24,2015-10-05,"志津神社",,399,"福島県","二本松市","上長折字箱石１３８番地",,07,210,9640312,,,,,,,2015-10-05,1,,,,,"シヅジンジャ",0
1344,6390001012009,21,0,2026-08-24,2026-08-10,"株式会社ゴトウ通信",,301,"山形県","西村山郡河北町","大字溝延字黒木渕２１２番地",,06,321,9993522,,,2026-08-10,01,,,2015-10-05,1,,,,,"ゴトウツウシン",0
1345,6390001017882,12,0,2026-08-24,2026-08-10,"株式会社キミヲテラス",,301,"山形県","山形市","大字下東山１０２７番地",,06,201,9902232,,,,,,,2025-02-19,0,,,,,"キミヲテラス",0
1346,6390001017882,11,0,2026-08-24,2026-08-10,"創進企画株式会社",,301,"山形県","山形市","大字下東山１０２７番地",,06,201,9902232,,,,,,,2025-02-19,1,,,,,"ソウシンキカク",0
1347,6390005008960,12,0,2026-08-24,2026-07-23,"特定非営利活動法人あーちゃんの家",,399,"山形県","上山市","金瓶字林ノ蔭１０番１号",,06,207,9993101,,,,,,,2022-05-30,1,,,,,"アーチャンノイエ",0
1348,6400001004540,21,0,2026-08-24,2026-08-10,"株式会社グラックプロデュース",,301,"岩手県","盛岡市","茶畑１丁目１７番１０号さんさビル７Ｆ",,03,201,0200822,,,2026-08-10,01,,,2015-10-05,1,,,,,"グラックプロデュース",0
1349,6400002002270,12,0,2026-08-24,2026-08-12,"有限会社藤松工業",,302,"岩手県","盛岡市","玉山馬場字馬場１６番地１",,03,201,0284124,,,,,,,2015-10-05,1,,,,,"トウマツコウギョウ",0
1350,6430001002500,01,1,2026-08-24,2015-10-05,"エッチ．エス．テイ北海道サニツト株式会社",,301,"北海道","江別市","野幌若葉町８６番地１１",,01,217,0690831,,,,,,,2015-10-05,1,,,,,"エッチエステイホッカイドウサニット",0
1351,6430001020163,21,0,2026-08-24,2026-08-10,"札幌団地タクシー株式会社",,301,"北海道","札幌市中央区","北一条東１５丁目１４０番地",,01,101,0600031,,,2026-08-10,01,,,2015-10-05,1,,,,,"サッポロダンチタクシー",0
1352,6430001032332,01,1,2026-08-24,2015-10-05,"株式会社和光通信設備",,301,"北海道","札幌市北区","新琴似十二条１２丁目５番１０号",,01,102,0010912,,,,,,,2015-10-05,1,,,,,"ワコウツウシンセツビ",0
1353,6430003019344,01,0,2026-08-24,2026-08-24,"合同会社ａｎｄ‐Ｕ",,305,"北海道","札幌市東区","北十九条東１６丁目３‐９",,01,103,0650019,,,,,,,2026-08-24,1,,,,,"アンドユー",0
1354,6470005006725,01,0,2026-08-24,2026-08-24,"一般社団法人あ・ふれる未来",,399,"香川県","丸亀市","西本町１丁目７番２９号矢野ビル２階",,37,202,7630047,,,,,,,2026-08-24,1,,,,,,0
1355,6490002004432,12,0,2026-08-24,2026-08-21,"有限会社福井産業",,302,"高知県","高知市","葛島３丁目２番１７号",,39,201,7818121,,,,,,,2015-10-05,1,,,,,"フクイサンギョウ",0
1356,6490003001503,21,0,2026-08-24,2026-08-20,"合同会社ＴＳＣ２７",,305,"高知県","高知市","一宮西町３丁目３０番２１号",,39,201,7818136,,,2026-08-20,01,,,2021-01-25,1,,,,,"ティーエスシーニジュウナナ",0
1357,6500001024165,12,0,2026-08-24,2026-08-21,"株式会社ベンテン",,301,"愛媛県","松山市","西垣生町１９１番地７サントノーレ西垣生４０３号",,38,201,7918044,,,,,,,2022-04-19,1,,,,,"ベンテン",0
1358,7010001089959,71,0,2026-08-24,2026-07-13,"株式会社インプレス",,301,"東京都","千代田区","神田神保町１丁目１０５番地",,13,101,1010051,,,,,,"令和８年７月１日東京都千代田区神田神保町一丁目１０５番地株式会社エムディエヌコーポレーション（9010001126388）を合併",2015-10-05,1,"Impress Corporation","Tokyo","1-105, Kanda jinbo-cho, Chiyoda ku",,"インプレス",0
1359,7010001122075,12,0,2026-08-24,2026-08-20,"株式会社ＩＣＴソリューション・コンサルティング",,301,"東京都","中央区","日本橋小舟町二丁目５番地Ｈ１Ｏ日本橋小舟町ＩＩ８２０号室",00144702,13,102,1030024,,,,,,,2015-10-05,1,,,,,"アイシーティソリューションコンサルティング",0
1360,7010001167327,01,1,2026-08-24,2015-10-05,"株式会社日本新電力総合研究所",,301,"東京都","千代田区","丸の内１丁目３番１号",,13,101,1000005,,,,,,,2015-10-05,0,,,,,"ニホンシンデンリョクソウゴウケンキュウジョ",0
1361,7010001167327,12,1,2026-08-24,2016-12-16,"株式会社日本新電力総合研究所",,301,"東京都","千代田区","丸の内１丁目６番２号",,13,101,1000005,,,,,,,2015-10-05,0,,,,,"ニホンシンデンリョクソウゴウケンキュウジョ",0
1362,7010001167327,12,1,2026-08-24,2018-01-16,"株式会社日本新電力総合研究所",,301,"東京都","千代田区","永田町２丁目１１番１号山王パークタワー",,13,101,1000014,,,,,,,2015-10-05,0,,,,,"ニホンシンデンリョクソウゴウケンキュウジョ",0
1363,7010001167327,11,1,2026-08-24,2020-04-01,"ｂｏｏｏｓｔ　ｔｅｃｈｎｏｌｏｇｉｅｓ株式会社",,301,"東京都","千代田区","永田町２丁目１１番１号山王パークタワー",,13,101,1000014,,,,,,,2015-10-05,0,,,,,"ブーストテクノロジーズ",0
1364,7010001167327,12,1,2026-08-24,2022-12-14,"ｂｏｏｏｓｔ　ｔｅｃｈｎｏｌｏｇｉｅｓ株式会社",,301,"東京都","品川区","大崎１丁目６番４号",,13,109,1410032,,,,,,,2015-10-05,0,,"Tokyo","1-6-4,Osaki, Shinagawa ku",,"ブーストテクノロジーズ",0
1365,7010001167327,11,1,2026-08-24,2025-04-02,"Ｂｏｏｏｓｔ株式会社",,301,"東京都","品川区","大崎１丁目６番４号",,13,109,1410032,,,,,,,2015-10-05,1,"Booost,Inc.","Tokyo","1-6-4,Osaki, Shinagawa ku",,"ブースト",0
1366,7010001169075,01,1,2026-08-24,2015-10-05,"株式会社シンプル",,301,"東京都","千代田区","九段南１丁目５番６号りそな九段ビル５Ｆ",,13,101,1020074,,,,,,,2015-10-05,0,,,,,,0
1367,7010001169075,12,0,2026-08-24,2026-08-18,"株式会社シンプル",,301,"東京都","港区","南青山３丁目１番３６号青山丸竹ビル６Ｆ",,13,103,1070062,,,,,,,2015-10-05,1,,,,,,0
1368,7010001219714,12,0,2026-08-24,2026-08-20,"株式会社Ｂｅｎｃｈ",,301,"東京都","渋谷区","道玄坂１丁目１０番８号渋谷道玄坂東急ビル２Ｆ－Ｃ",,13,113,1500043,,,,,,,2021-07-15,1,,,,,"ベンチ",0
1369,7010001220060,11,0,2026-08-24,2026-08-21,"株式会社シルドラ",,301,"東京都","文京区","白山２丁目２番７号",,13,105,1120001,,,,,,,2021-08-02,1,,,,,"シルドラ",0
1370,7010001235819,12,0,2026-08-24,2026-07-23,"株式会社リールピーク",,301,"東京都","新宿区","大京町４番地オオタケ第５ビル２０１号室",,13,104,1600015,,,,,,,2023-06-05,1,,,,,"リールピーク",0
1371,7010001236981,12,0,2026-08-24,2026-07-23,"Ｚｅｌｏ株式会社",,301,"東京都","中央区","日本橋蛎殻町１丁目１３番７号",,13,102,1030014,,,,,,,2023-07-19,1,,,,,"ゼーロ",0
1372,7010001255032,12,0,2026-08-24,2026-08-20,"株式会社ＡＩＤＥＮＣＥ",,301,"東京都","渋谷区","千駄ヶ谷５丁目１５番８号佐一代々木ビル",,13,113,1510051,,,,,,,2025-05-20,1,,,,,"エイデンス",0
1373,7010001259974,21,0,2026-08-24,2026-08-10,"株式会社ＵＭＫ",,301,"東京都","墨田区","緑２丁目１４番１５号",,13,107,1300021,,,2026-08-10,11,3010601011400,"令和８年７月３１日東京都墨田区緑二丁目１４番１５号杉田エース株式会社（3010601011400）に合併し解散",2025-11-04,1,,,,,"ユーエムケー",0
1374,7010001268083,01,0,2026-08-24,2026-08-24,"平山国際株式会社",,301,"東京都","千代田区","神田佐久間町３丁目２８星野ビル４Ｆ３３号室",,13,101,1010025,,,,,,,2026-08-24,1,,,,,"ヒラヤマコクサイ",0
1375,7010001268232,01,0,2026-08-24,2026-08-24,"株式会社浜橋",,301,"東京都","中央区","日本橋小網町１２番７号日本橋小網ビル８階",,13,102,1030016,,,,,,,2026-08-24,1,,,,,"ハマハシ",0
1376,7010002017043,21,0,2026-08-24,2026-08-03,"有限会社イマジックス",,302,"千葉県","大網白里市","季美の森南４丁目１４番１２号",,12,239,2993241,,,2026-08-03,01,,,2015-10-05,1,,,,,"イマジックス",0
1377,7010003052394,01,0,2026-08-24,2026-08-24,"ＨＡＮＤＥＬ合同会社",,305,"東京都","中央区","銀座１丁目１２番４号Ｎ＆ＥＢＬＤ．６Ｆ",,13,102,1040061,,,,,,,2026-08-24,1,,,,,"ハンデル",0
1378,7010005042146,01,0,2026-08-24,2026-08-24,"一般社団法人日本ヒューマンパフォーマンス健康科学協会",,399,"東京都","中央区","銀座２丁目７番６号２Ｆ",,13,102,1040061,,,,,,,2026-08-24,1,,,,,"ニホンヒューマンパフォーマンスケンコウカガクキョウカイ",0
1379,7010005042220,01,0,2026-08-24,2026-08-24,"一般社団法人新藝文協会",,399,"東京都","中央区","日本橋３丁目１４番３号＋ＳＨＩＦＴ日本橋桜通り９階",,13,102,1030027,,,,,,,2026-08-24,1,,,,,"シンゲイブンキョウカイ",0
1380,7010102003182,01,1,2026-08-24,2015-10-05,"有限会社シー・クラフト",,302,"東京都","八王子市","南新町２５番地",,13,201,1920075,,,,,,,2015-10-05,1,,,,,"シークラフト",0
1381,7010401024326,12,0,2026-08-24,2026-07-21,"パナメディカル株式会社",,301,"東京都","港区","芝公園１丁目８番１２号",,13,103,1050011,,,,,,,2015-10-05,1,,,,,"パナメディカル",0
1382,7010401084642,21,0,2026-08-24,2026-08-10,"株式会社カナタ",,301,"福岡県","福岡市城南区","田島１丁目４番８－２１２号",,40,136,8140113,,,2026-08-10,01,,,2015-10-05,1,,,,,"カナタ",0
1383,7010401171317,12,0,2026-08-24,2026-08-19,"株式会社アロービースタジオ",,301,"東京都","新宿区","上落合３丁目２５番１１号",,13,104,1610034,,,,,,,2022-12-13,1,,,,,"アロービースタジオ",0
1384,7010401188071,71,0,2026-08-24,2026-07-14,"ＭＣＰ３３株式会社",,301,"東京都","港区","元赤坂１丁目１番７－１２０９号株式会社赤坂国際会計内",,13,103,1070051,,,,,,"令和８年７月１日東京都渋谷区恵比寿南二丁目２３番１７号ＭＯＢＥＲＣＩＡＬＢＬＤＧ株式会社ＭＢ（4011001175636）を合併",2025-02-10,1,,,,,"エムシーピースリースリー",0
1385,7010401201503,01,0,2026-08-24,2026-08-24,"ＳＴＯＲＩＥＳ　Ｈ２ＡＩ株式会社",,301,"東京都","港区","赤坂５丁目２番２０号",,13,103,1070052,,,,,,,2026-08-24,1,,,,,"ストーリーズエイチツーエイアイ",0
1386,7010403038902,01,0,2026-08-24,2026-08-24,"アビエーターＤＦＧ合同会社",,305,"東京都","港区","元赤坂１丁目１番７－１２０９号株式会社赤坂国際会計内",,13,103,1070051,,,,,,,2026-08-24,1,,,,,"アビエーターディーエフジー",0
1387,7010405002831,01,1,2026-08-24,2015-10-05,"一般社団法人全国社会保険協会連合会",,399,"東京都","品川区","西五反田１丁目３１番１号日本生命五反田ビル２階",,13,109,1410031,,,,,,,2015-10-05,0,,,,,"ゼンコクシャカイホケンキョウカイレンゴウカイ",0
1388,7010405002831,12,1,2026-08-24,2023-11-09,"一般社団法人全国社会保険協会連合会",,399,"東京都","品川区","西五反田８丁目２番８号五反田佑気ビル４階",,13,109,1410031,,,,,,,2015-10-05,1,,,,,"ゼンコクシャカイホケンキョウカイレンゴウカイ",0
1389,7010405024743,11,0,2026-08-24,2026-07-22,"公益財団法人シロ財団",,399,"東京都","港区","北青山３丁目６番７号青山パラシオタワー８Ｆ",,13,103,1070061,,,,,,,2025-09-12,1,,,,,"シロザイダン",0
1390,7010405025956,01,0,2026-08-24,2026-08-24,"一般財団法人国連支援財団",,399,"東京都","港区","赤坂６丁目１３番１３号",,13,103,1070052,,,,,,,2026-08-24,1,,,,,"コクレンシエンザイダン",0
1391,7010501035421,01,1,2026-08-24,2015-10-05,"株式会社ヤマト",,301,"東京都","台東区","上野６丁目１０－２",,13,106,1100005,,,,,,,2015-10-05,1,,,,,"ヤマト",0
1392,7010501046096,12,0,2026-08-24,2026-08-19,"ＳＡＮＹＯ技術株式会社",,301,"埼玉県","さいたま市浦和区","北浦和３丁目１２番６－６０２号北浦和サニーコート",,11,107,3300074,,,,,,,2020-08-17,1,,,,,"サンヨウギジュツ",0
1393,7010601068362,21,0,2026-08-24,2026-08-18,"株式会社アイブイジー",,301,"東京都","江東区","亀戸９丁目６番１９号",,13,108,1360071,,,2026-08-18,01,,,2025-12-04,1,,,,,"アイブイシー",0
1394,7010601069732,01,0,2026-08-24,2026-08-24,"岩木工藝株式会社",,301,"東京都","江東区","牡丹３丁目１０番１号",,13,108,1350046,,,,,,,2026-08-24,1,,,,,"イワキコウゲイ",0
1395,7010701024141,12,0,2026-08-24,2026-07-27,"Ｅｎｄｌｌｅ・Ｊａｐａｎ株式会社",,301,"東京都","品川区","西五反田２丁目１０番８－４０８号",,13,109,1410031,,,,,,,2015-10-05,1,,,,,"エンドルジャパン",0
1396,7010701043950,21,0,2026-08-24,2026-07-22,"株式会社ＴＨＲＥＥ　ＦＯＲ　ＯＮＥ",,301,"東京都","港区","芝大門１丁目１０番１１号芝大門センタービル１０Ｆ",,13,103,1050012,,,2026-07-22,01,,,2023-03-10,1,,,,,"スリーフォーワン",0
1397,7010702011114,01,1,2026-08-24,2015-10-05,"ジェーシー出版有限会社",,302,"東京都","目黒区","八雲２丁目１０番２３－１０１号",,13,110,1520023,,,,,,,2015-10-05,0,,,,,"ジェーシーシュッパン",0
1398,7010702011114,12,1,2026-08-24,2018-01-26,"ジェーシー出版有限会社",,302,"東京都","目黒区","八雲２丁目２４番１５－１０１号",,13,110,1520023,,,,,,,2015-10-05,0,,,,,"ジェーシーシュッパン",0
1399,7010702011114,12,0,2026-08-24,2026-08-20,"ジェーシー出版有限会社",,302,"東京都","大田区","上池台２丁目２３番１２号－２０１",,13,111,1450064,,,,,,,2015-10-05,1,,,,,"ジェーシーシュッパン",0
1400,7010705003661,21,0,2026-08-24,2026-07-29,"一般社団法人医療福祉キャリア協会",,399,"東京都","品川区","西五反田１丁目２６番２号五反田サンハイツビル内",,13,109,1410031,,,2026-07-29,01,,,2024-08-06,1,,,,,"イリョウフクシキャリアキョウカイ",0
1401,7010801002088,01,1,2026-08-24,2015-10-05,"株式会社オータス機工",,301,"東京都","世田谷区","大蔵２丁目５番１２号",,13,112,1570074,,,,,,,2015-10-05,1,,,,,"オータスキコウ",0
1402,7010801023349,01,1,2026-08-24,2015-10-05,"サイスガジェット株式会社",,301,"東京都","大田区","上池台４丁目５番３－２０４号",,13,111,1450064,,,,,,,2015-10-05,0,"SEISGADGET LTD.",,,,"サイスガジェット",0
1403,7010801023349,12,1,2026-08-24,2016-04-04,"サイスガジェット株式会社",,301,"東京都","大田区","大森北３丁目３８番１号ＰＥＡＣＥ大森１Ｆ",,13,111,1430016,,,,,,,2015-10-05,0,"SEISGADGET LTD.",,,,"サイスガジェット",0
1404,7010801023349,12,1,2026-08-24,2022-06-03,"サイスガジェット株式会社",,301,"東京都","大田区","大森北３丁目３１番１１号",,13,111,1430016,,,,,,,2015-10-05,1,"SEISGADGET LTD.","Tokyo","3-31-11, Omorikita, Ota ku",,"サイスガジェット",0
1405,7010803000429,12,0,2026-08-24,2026-08-04,"合同会社日の丸鉄工所",,305,"東京都","大田区","中馬込１丁目７番１－５０１号",,13,111,1430027,,,,,,,2015-10-05,1,,,,,"ヒノマルテッコウジョ",0
1406,7010803005642,11,0,2026-08-24,2026-08-19,"Ｕｍａ‐Ｕｍａ合同会社",,305,"東京都","大田区","中央２丁目２０番１２号",,13,111,1430024,,,,,,,2025-12-15,1,,,,,"ウーマウーマ",0
1407,7010901035500,21,0,2026-08-24,2026-07-24,"株式会社セルージョン",,301,"東京都","中央区","銀座１丁目２２番１１号銀座大竹ビジデンス２Ｆ",,13,102,1040061,,,2026-07-24,01,,,2015-10-05,1,,,,,"セルージョン",0
1408,7010901058410,11,0,2026-08-24,2026-08-04,"Ｚｏｔｈ　Ｃｏｎｓｕｌｔｉｎｇ株式会社",,301,"東京都","渋谷区","神宮前３丁目５－９エスナリオ表参道３０１号",,13,113,1500001,,,,,,,2025-11-10,1,,,,,"ゾスコンサルティング",0
1409,7011001050217,01,1,2026-08-24,2015-10-05,"株式会社ロバスト",,301,"東京都","渋谷区","渋谷３丁目１番６号",,13,113,1500002,,,,,,,2015-10-05,0,,,,,"ロバスト",0
1410,7011001050217,12,0,2026-08-24,2026-08-19,"株式会社ロバスト",,301,"東京都","港区","元麻布２丁目７番１１号元麻布クラティオ３０３",,13,103,1060046,,,,,,,2015-10-05,1,,,,,"ロバスト",0
1411,7011001097101,12,0,2026-08-24,2026-08-20,"株式会社アレンジ",,301,"東京都","目黒区","青葉台１丁目６番４２号",,13,110,1530042,,,,,,,2015-10-05,1,,,,,"アレンジ",0
1412,7011001103874,21,0,2026-08-24,2026-08-17,"株式会社アルティメイトワークス",,301,"東京都","大田区","西蒲田８丁目２４番１号ミマツビル４階",,13,111,1440051,,,2026-08-17,01,,,2015-10-05,1,,,,,"アルティメイトワークス",0
1413,7011001117239,12,0,2026-08-24,2026-07-31,"株式会社ＤＯＮＣＨＡ",,301,"東京都","渋谷区","道玄坂１丁目１０番８号渋谷道玄坂東急ビル２Ｆ－Ｃ",,13,113,1500043,,,,,,,2017-07-07,1,,,,,,0
1414,7011001131248,12,0,2026-08-24,2026-07-23,"株式会社クレディア",,301,"東京都","新宿区","四谷２丁目４番地",,13,104,1600004,,,,,,,2019-12-06,1,,,,,"クレディア",0
1415,7011001131553,12,0,2026-08-24,2026-08-20,"デジタルトリガー株式会社",,301,"東京都","新宿区","西新宿４丁目３１番３－１２０２号",,13,104,1600023,,,,,,,2019-12-26,1,,,,,"デジタルトリガー",0
1416,7011001146411,11,0,2026-08-24,2026-08-04,"株式会社トランクウェル",,301,"東京都","渋谷区","恵比寿西２丁目８番４号ＥＸ恵比寿西ビル５階",,13,113,1500021,,,,,,,2022-03-25,1,,,,,"トランクウェル",0
1417,7011001159297,12,0,2026-08-24,2026-08-19,"日本テック株式会社",,301,"東京都","杉並区","和田３丁目５６番１２号モンテハイツ５０１",,13,115,1660012,,,,,,,2024-01-16,1,,,,,"ニホンテック",0
1418,7011001179824,01,0,2026-08-24,2026-08-24,"株式会社クオリアル",,301,"東京都","渋谷区","代々木２丁目１８番４号細川ビル４Ｆ",,13,113,1510053,,,,,,,2026-08-24,1,,,,,"クオリアル",0
1419,7011003018146,12,0,2026-08-24,2026-08-20,"慧文合同会社",,305,"東京都","世田谷区","粕谷３丁目９番２４号",,13,112,1570063,,,,,,,2023-12-20,1,"Keibun LLC",,,,"ケイブン",0
1420,7011003025084,01,0,2026-08-24,2026-08-24,"素晴らしい合同会社",,305,"東京都","目黒区","自由が丘２丁目１６番１２号ＲＪ３",,13,110,1520035,,,,,,,2026-08-24,1,,,,,"スバラシイ",0
1421,7011101073976,12,0,2026-08-24,2026-08-18,"株式会社ビヨンドボーダーズ",,301,"東京都","港区","虎ノ門３丁目４番８号",,13,103,1050001,,,,,,,2015-10-05,1,,,,,"ビヨンドボーダーズ",0
1422,7011101084239,01,1,2026-08-24,2018-05-24,"なんでもつくるよ株式会社",,301,"東京都","新宿区","東榎町１０番３号市川製本ビル５階",,13,104,1620807,,,,,,,2018-05-24,0,,,,,,0
1423,7011101084239,21,0,2026-08-24,2026-07-22,"なんでもつくるよ株式会社",,301,"東京都","新宿区","東榎町１０番３号市川製本ビル５階",,13,104,1620807,,,2026-07-22,01,,,2018-05-24,1,,,,,,0
1424,7011101085393,12,0,2026-08-24,2026-08-18,"株式会社メイワホールディングス",,301,"東京都","港区","東新橋２丁目１１番７号",,13,103,1050021,,,,,,,2018-09-14,1,,,,,"メイワホールディングス",0
1425,7011101114607,11,0,2026-08-24,2026-07-27,"ＳＢＣ　ＡＩ　Ｌｏｎｇｅｖｉｔｙ　Ｉｎｎｏｖａｔｉｏｎ株式会社",,301,"東京都","新宿区","西新宿６丁目５番１号新宿アイランドタワー１２Ｆ",,13,104,1600023,,,,,,,2026-02-04,1,,,,,"エスビーシーエーアイロンジェビティーイノベーション",0
1426,7011101116784,01,0,2026-08-24,2026-08-24,"株式会社ＭＡＲＩＮＥ",,301,"東京都","新宿区","百人町１丁目７－２６",,13,104,1690073,,,,,,,2026-08-24,1,,,,,"マリン",0
1427,7011103005787,11,0,2026-08-24,2026-08-07,"Ｃｒｅｓｃ．株式会社",,301,"東京都","渋谷区","道玄坂１丁目１０番８号渋谷道玄坂東急ビル２Ｆ－Ｃ",,13,113,1500043,,,,,,,2015-10-05,1,,,,,"クレッシェンド",0
1428,7011103013014,01,1,2026-08-24,2023-05-01,"合同会社Ｖｉｏｌｅｔ",,305,"東京都","新宿区","新宿２丁目１４番４号",,13,104,1600022,,,,,,,2023-05-01,1,,,,,"ヴァイオレット",0
1429,7011103017898,01,0,2026-08-24,2026-08-24,"合同会社ジェイ・エヌ・イー",,305,"東京都","新宿区","下宮比町１番４号",,13,104,1620822,,,,,,,2026-08-24,1,,,,,"ジェイエヌイー",0
1430,7011105007138,21,0,2026-08-24,2026-07-22,"一般社団法人ポコ・ア・ポコ",,399,"東京都","新宿区","西早稲田２丁目７番６号",,13,104,1690051,,,2026-07-22,01,,,2016-02-17,1,,,,,"ポコアポコ",0
1431,7011205002765,01,0,2026-08-24,2026-08-24,"一般社団法人建設資材防犯支援協会",,399,"東京都","中野区","本町１丁目２３番９号ＮＩＤビル４階",,13,114,1640012,,,,,,,2026-08-24,1,,,,,"ケンセツシザイボウハンシエンキョウカイ",0
1432,7011302004598,01,1,2026-08-24,2015-10-05,"有限会社柴垣商事",,302,"東京都","杉並区","善福寺３丁目１６番２３号",,13,115,1670041,,,,,,,2015-10-05,1,,,,,"シバガキショウジ",0
1433,7011303003707,21,0,2026-08-24,2026-08-06,"ｍｏｇｍｏｇ合同会社",,305,"東京都","杉並区","高井戸東２丁目４番１８号",,13,115,1680072,,,2026-08-06,01,,,2020-07-09,1,,,,,"モグモグ",0
1434,7011403005215,01,0,2026-08-24,2026-08-24,"合同会社だいきち",,305,"東京都","板橋区","西台１丁目２０－１０谷田方",,13,119,1740045,,,,,,,2026-08-24,1,,,,,"ダイキチ",0
1435,7011603004768,12,0,2026-08-24,2026-08-19,"合同会社Ｆｌａｉｒ",,305,"北海道","札幌市厚別区","厚別中央四条２丁目１９番１－２０３号",,01,108,0040054,,,,,,,2025-07-16,1,,,,,"フレア",0
1436,7011801011582,12,0,2026-08-24,2026-08-19,"株式会社ファミリー",,301,"東京都","中央区","日本橋人形町２丁目６番１号柴川ビル５階",,13,102,1030013,,,,,,,2015-10-05,1,,,,,"ファミリー",0
1437,7012301006841,01,1,2026-08-24,2015-10-05,"株式会社エスティーシージャパン",,301,"東京都","町田市","中町１丁目１０番４－６０１号",,13,209,1940021,,,,,,,2015-10-05,1,,,,,"エスティーシージャパン",0
1438,7012301013516,12,0,2026-08-24,2026-08-20,"株式会社アンカークラウド",,301,"東京都","町田市","小川２丁目１５番５号",,13,209,1940003,,,,,,,2023-07-12,1,,,,,"アンカークラウド",0
1439,7012302007847,01,1,2026-08-24,2015-10-05,"有限会社音楽総合",,302,"東京都","町田市","真光寺町１３８７番地１",,13,209,1950051,,,,,,,2015-10-05,1,,,,,"オンガクソウゴウ",0
1440,7012401010231,21,0,2026-08-24,2026-08-03,"新和電気工事株式会社",,301,"東京都","調布市","緑ケ丘２丁目１７番地１エルパラドール４０８",,13,208,1820001,,,2026-08-03,01,,,2015-10-05,1,,,,,"シンワデンキコウジ",0
1441,7012702001540,01,1,2026-08-24,2015-10-05,"有限会社土方商店",,302,"東京都","小平市","小川町１丁目２１４１番地",,13,211,1870032,,,,,,,2015-10-05,1,,,,,"ヒジカタショウテン",0
1442,7012703003602,01,0,2026-08-24,2026-08-24,"シャムル合同会社",,305,"東京都","小平市","栄町３丁目５番１７号",,13,211,1870034,,,,,,,2026-08-24,1,,,,,"シャムル",0
1443,7012801010087,01,1,2026-08-24,2015-10-05,"株式会社掛端興業",,301,"東京都","東大和市","芋窪６丁目１０２４番地１０",,13,220,2070033,,,,,,,2015-10-05,1,,,,,"カケハタコウギョウ",0
1444,7012803003171,12,0,2026-08-24,2026-08-19,"合同会社青空",,305,"埼玉県","川口市","並木４丁目９番１２号",,11,203,3320034,,,,,,,2023-09-01,1,,,,,"アオゾラ",0
1445,7013301039732,12,0,2026-08-24,2026-08-19,"ソリッドホーム株式会社",,301,"東京都","北区","浮間４丁目１５番３号",,13,117,1150051,,,,,,,2016-11-24,1,,,,,"ソリッドホーム",0
1446,7020001124665,01,1,2026-08-24,2018-01-23,"株式会社ＡＲＭＳ",,301,"神奈川県","川崎市川崎区","日ノ出２丁目４番１７号",,14,131,2100824,,,,,,,2018-01-23,0,,,,,"アームス",0
1447,7020001124665,12,1,2026-08-24,2024-01-22,"株式会社ＡＲＭＳ",,301,"神奈川県","川崎市川崎区","殿町２丁目６番２号",,14,131,2100821,,,,,,,2018-01-23,0,,,,,"アームス",0
1448,7020001124665,21,0,2026-08-24,2026-08-03,"株式会社ＡＲＭＳ",,301,"神奈川県","川崎市川崎区","殿町２丁目６番２号",,14,131,2100821,,,2026-08-03,11,2020001043259,"令和８年８月１日川崎市川崎区殿町三丁目２０番１４号環境グリーンサービス株式会社（2020001043259）に合併し解散",2018-01-23,1,,,,,"アームス",0
1449,7020001153466,21,0,2026-08-24,2026-07-31,"株式会社デルフィネクト",,301,"神奈川県","横浜市中区","尾上町３丁目３５番地",,14,104,2310015,,,2026-07-31,11,6012301012163,"令和８年７月３１日横浜市中区尾上町三丁目３５番地株式会社楓の風ホールディングス（6012301012163）に合併し解散",2023-09-11,1,,,,,"デルフィネクト",0
1450,7020001170049,01,0,2026-08-24,2026-08-24,"株式会社ｏｖｅｒ　ｓｔｙｌｅ",,301,"神奈川県","川崎市川崎区","大島１丁目５番５号",,14,131,2100834,,,,,,,2026-08-24,1,,,,,"オーバースタイル",0
1451,7020001170073,01,0,2026-08-24,2026-08-24,"ケアフラ株式会社",,301,"神奈川県","横浜市西区","北幸２丁目１０番４８号むつみビル３階",,14,103,2200004,,,,,,,2026-08-24,1,,,,,"ケアフラ",0
1452,7020002033502,01,1,2026-08-24,2015-10-05,"有限会社幸山精機",,302,"神奈川県","横浜市港北区","綱島東６丁目１１番４８号",,14,109,2230052,,,,,,,2015-10-05,1,,,,,"コウヤマセイキ",0
1453,7020003009071,01,1,2026-08-24,2015-10-05,"合同会社Ｎビデオ企画",,305,"神奈川県","川崎市多摩区","南生田１丁目２２－１４シーダーハウス１０１",,14,135,2140036,,,,,,,2015-10-05,1,,,,,"エヌビデオキカク",0
1454,7020003031711,01,0,2026-08-24,2026-08-24,"合同会社かがやき",,305,"神奈川県","横浜市旭区","南本宿町２１番地１サンリヤン横浜二俣川６１９号",,14,112,2410833,,,,,,,2026-08-24,1,,,,,"カガヤキ",0
1455,7021001034367,01,1,2026-08-24,2015-10-05,"株式会社シンワ建商",,301,"神奈川県","小田原市","北ノ窪２４９番地１",,14,206,2500051,,,,,,,2015-10-05,1,,,,,"シンワケンショウ",0
1456,7021001088958,01,0,2026-08-24,2026-08-24,"健海建設株式会社",,301,"神奈川県","高座郡寒川町","宮山１９５２番地４",,14,321,2530106,,,,,,,2026-08-24,1,,,,,"ケンカイケンセツ",0
1457,7030001022001,01,1,2026-08-24,2015-10-05,"株式会社ＬＯＴＵＳ",,301,"埼玉県","蕨市","北町１丁目８番１８号",,11,223,3350001,,,,,,,2015-10-05,1,,,,,,0
1458,7030001114293,01,1,2026-08-24,2016-05-12,"株式会社キーペイント",,301,"埼玉県","川口市","大字藤兵衛新田５７番地の１",,11,203,3330803,,,,,,,2016-05-12,1,,,,,"キーペイント",0
1459,7030001126603,12,0,2026-08-24,2026-08-06,"株式会社四つ葉エステート",,301,"埼玉県","川口市","大字芝５０７０番地の１",,11,203,3330866,,,,,,,2018-07-13,1,,,,,"ヨツバエステート",0
1460,7030001168273,12,0,2026-08-24,2026-08-06,"ＴＡＫＡＹＯＳＨＩ株式会社",,301,"埼玉県","和光市","白子２丁目１５番１－７０６号",,11,229,3510101,,,,,,,2025-08-22,1,,,,,"タカヨシ",0
1461,7030001169115,12,0,2026-08-24,2026-08-20,"福昇キホウエキ株式会社",,301,"東京都","豊島区","東池袋２丁目６２番８号",,13,116,1700013,,,,,,,2025-10-10,1,,,,,"フクショウキホウエキ",0
1462,7030001173884,01,0,2026-08-24,2026-08-24,"今井総合住設株式会社",,301,"埼玉県","川口市","大字榛松９２３番地の３",,11,203,3340062,,,,,,,2026-08-24,1,,,,,"イマイソウゴウジュウセツ",0
1463,7030002048499,21,0,2026-08-24,2026-08-05,"有限会社大橋化工",,302,"埼玉県","三郷市","市助７９２番地１",,11,237,3410033,,,2026-08-05,01,,,2015-10-05,1,,,,,"オオハシカコウ",0
1464,7030002066567,01,1,2026-08-24,2015-10-05,"有限会社小檜山重機",,302,"埼玉県","富士見市","大字東大久保５３番地５",,11,235,3540001,,,,,,,2015-10-05,1,,,,,"コヒヤマジュウキ",0
1465,7030002089279,01,1,2026-08-24,2015-10-05,"有限会社建匠",,302,"埼玉県","吉川市","大字土場２８１番地１",,11,243,3420026,,,,,,,2015-10-05,0,,,,,,0
1466,7030002089279,11,1,2026-08-24,2016-10-27,"株式会社建匠",,301,"埼玉県","吉川市","大字土場２８１番地１",,11,243,3420026,,,,,,,2015-10-05,1,,,,,"ケンショウ",0
1467,7030005022625,01,0,2026-08-24,2026-08-24,"一般社団法人アニマルオーソモレキュラー協会",,399,"埼玉県","新座市","栄３丁目４番８号",,11,230,3520014,,,,,,,2026-08-24,1,,,,,"アニマルオーソモレキュラーキョウカイ",0
1468,7040001005368,12,0,2026-08-24,2026-08-03,"株式会社トーヨー企画",,301,"千葉県","千葉市稲毛区","作草部２丁目１１－５グランドハイツモトキ１０３号室",,12,103,2630015,,,,,,,2015-10-05,1,,,,,"トーヨーキカク",0
1469,7040001075816,12,0,2026-08-24,2026-08-04,"株式会社高木物産",00019474,301,"千葉県","成田市","囲護台１１５５番３５",,12,211,2860000,,,,,,,2015-10-05,1,,,,,"タカギブッサン",0
1470,7040001097777,01,1,2026-08-24,2016-11-22,"株式会社イースト",,301,"千葉県","市川市","妙典１丁目１１番１０号",,12,203,2720111,,,,,,,2016-11-22,1,,,,,"イースト",0
1471,7040001120019,11,0,2026-08-24,2026-08-03,"株式会社ｙｄ",,301,"千葉県","柏市","若柴１７８番地４柏の葉キャンパス１４８街区２ららぽーと北館オフィス棟５階",,12,217,2770871,,,,,,,2021-09-10,1,,,,,"ワイディー",0
1472,7040002009657,01,1,2026-08-24,2015-10-05,"有限会社ビックナイン",,302,"千葉県","千葉市稲毛区","稲毛東６丁目１８番３号",,12,103,2630031,,,,,,,2015-10-05,1,,,,,"ビックナイン",0
1473,7040002065997,21,0,2026-08-24,2026-07-31,"有限会社伊藤建築所",,302,"千葉県","木更津市","文京２丁目６番２５号",,12,206,2920804,,,2026-07-31,01,,,2015-10-05,1,,,,,"イトウケンチクショ",0
1474,7040002101884,01,1,2026-08-24,2015-10-05,"有限会社日栄青果",,302,"千葉県","いすみ市","大原８２００番地４",,12,238,2980004,,,,,,,2015-10-05,1,,,,,"ニチエイセイカ",0
1475,7040005020421,21,0,2026-08-24,2026-08-03,"一般社団法人市川塩浜第１期土地区画整理事業資産管理協会",,399,"千葉県","市川市","八幡１丁目１番１号",,12,203,2720021,,,2026-08-03,01,,,2019-05-28,1,,,,,"イチカワシオハマダイイッキトチクカクセイリジギョウシサンカンリキョウカイ",0
1476,7040005022723,12,0,2026-08-24,2026-08-03,"一般社団法人エコール・たちばな",,399,"千葉県","市川市","南八幡３丁目９番１３号マロンハイムＩＩ、１階",00144709,12,203,2720023,,,,,,,2025-04-15,1,,,,,"エコールタチバナ",0
1477,7050001039299,01,1,2026-08-24,2015-10-05,"ワイエス商事株式会社",,301,"茨城県","古河市","尾崎３０１２番地２",,08,204,3060101,,,,,,,2015-10-05,1,,,,,"ワイエスショウジ",0
1478,7050001053960,12,0,2026-08-24,2026-08-18,"株式会社ＫＳ３",,301,"茨城県","神栖市","神栖１丁目３番２３号",,08,232,3140143,,,,,,,2023-12-13,1,,,,,"ケイエススリー",0
1479,7050001058844,01,0,2026-08-24,2026-08-24,"株式会社ＩＮＧ",,301,"茨城県","稲敷郡阿見町","大字荒川本郷２２９８番地１",,08,443,3001152,,,,,,,2026-08-24,1,,,,,"イング",0
1480,7060001023830,01,1,2026-08-24,2015-10-05,"株式会社ケア北関東",,301,"茨城県","龍ケ崎市","貝原塚町２９５３番地８",,08,208,3010856,,,,,,,2015-10-05,1,,,,,"ケアキタカントウ",0
1481,7060001028342,01,1,2026-08-24,2016-06-09,"株式会社松村保温工業",,301,"栃木県","足利市","利保町２丁目１７番地１７",,09,202,3260006,,,,,,,2016-06-09,0,,,,,"マツムラホオンコウギョウ",0
1482,7060001028342,12,1,2026-08-24,2018-03-06,"株式会社松村保温工業",,301,"栃木県","足利市","江川町１２３番地",,09,202,3260067,,,,,,,2016-06-09,1,,,,,"マツムラホオンコウギョウ",0
1483,7060001029051,21,0,2026-08-24,2026-08-19,"株式会社ミライズ",,301,"栃木県","足利市","五十部町５６７番地１",,09,202,3260843,,,2026-08-19,01,,,2017-02-02,1,,,,,"ミライズ",0
1484,7060002009440,21,0,2026-08-24,2026-08-21,"有限会社ヨコデンキサービス",,302,"栃木県","宇都宮市","一の沢２丁目１２番３０号",,09,201,3200047,,,2026-08-21,01,,,2015-10-05,1,,,,,"ヨコデンキサービス",0
1485,7060002037326,01,1,2026-08-24,2015-10-05,"有限会社前三",,302,"栃木県","足利市","借宿町１丁目７番地１",,09,202,3260826,,,,,,,2015-10-05,1,,,,,"マエサン",0
1486,7060003004622,12,0,2026-08-24,2026-08-20,"合同会社ワームス",,305,"栃木県","宇都宮市","道場宿町１０５５－４",,09,201,3213237,,,,,,,2023-07-05,1,,,,,"ワームス",0
1487,7070001005679,01,1,2026-08-24,2015-10-05,"フィールドワークトレーディング株式会社",,301,"群馬県","前橋市","荒牧町２丁目１５番地１０",,10,201,3710044,,,,,,,2015-10-05,1,,,,,"フィールドワークトレーディング",0
1488,7070001010324,01,1,2026-08-24,2015-10-05,"丸直タクシー株式会社",,301,"群馬県","高崎市","新町２１５４番地の４",,10,202,3701301,,,,,,,2015-10-05,1,,,,,"マルナオタクシー",0
1489,7070001032104,01,1,2026-08-24,2016-04-26,"株式会社ＴＯＴＡＬ　ＣＬＥＡＮ",,301,"群馬県","高崎市","東貝沢町２丁目２１番地１４",,10,202,3700041,,,,,,,2016-04-26,1,,,,,"トータルクリーン",0
1490,7070001043613,12,0,2026-08-24,2026-08-14,"株式会社ＡＧＣ",,301,"群馬県","高崎市","鞘町４９番地の１３０２ファインレジデンス高崎鞘町",,10,202,3700827,,,,,,,2025-12-04,1,,,,,"エージーシー",0
1491,7070001044438,01,0,2026-08-24,2026-08-24,"株式会社メディモニ",,301,"群馬県","高崎市","中大類町３７番地１高崎健康福祉大学内",,10,202,3700033,,,,,,,2026-08-24,1,,,,,"メディモニ",0
1492,7070003005181,12,0,2026-08-24,2026-08-13,"みち合同会社",,305,"群馬県","前橋市","亀里町１２０１番地３メゾン６２Ｉ１０１号室",00144710,10,201,3792147,,,,,,,2023-12-05,1,,,,,"ミチ",0
1493,7080101018927,12,0,2026-08-24,2026-08-19,"福原株式会社",,301,"徳島県","板野郡板野町","羅漢字吉田１５番地４",,36,404,7790114,,,,,,,2016-02-24,1,,,,,"フクハラ",0
1494,7080102013191,01,1,2026-08-24,2015-10-05,"有限会社秋山工業所",,302,"静岡県","富士市","厚原３番地の２",,22,210,4190201,,,,,,,2015-10-05,1,,,,,"アキヤマコウギョウショ",0
1495,7080102020329,21,0,2026-08-24,2026-08-19,"有限会社日吉",,302,"静岡県","伊東市","富戸９１６番地の８",,22,208,4130231,,,2026-08-19,01,,,2015-10-05,1,,,,,"ヒヨシ",0
1496,7080401010435,21,0,2026-08-24,2026-08-18,"株式会社トーカイシステム",,301,"静岡県","浜松市浜名区","宮口７１６番地の３",,22,139,4340004,,,2026-08-18,01,,,2015-10-05,1,,,,,"トーカイシステム",0
1497,7090005007810,01,0,2026-08-24,2026-08-24,"医療法人塩山つむぎ会",,399,"山梨県","甲州市","塩山下塩後３５６番地３",,19,213,4040044,,,,,,,2026-08-24,1,,,,,"エンザンツムギカイ",0
1498,7100005005911,01,1,2026-08-24,2015-10-05,"玄向寺",,399,"長野県","松本市","大字大村６８１番地",,20,202,3900304,,,,,,,2015-10-05,1,,,,,"ゲンコウジ",0
1499,7110001030557,01,1,2026-08-24,2015-10-05,"株式会社野村",,301,"新潟県","新潟市中央区","笹口３丁目１２番１号",,15,103,9500911,,,,,,,2015-10-05,1,,,,,"ノムラ",0
1500,7120001001292,01,1,2026-08-24,2015-10-05,"ユーロ・セミコン株式会社",,301,"大阪府","守口市","京阪本通１丁目２番７－９０４号",,27,209,5700083,,,,,,,2015-10-05,0,,,,,"ユーロセミコン",0
1501,7120001001292,12,1,2026-08-24,2017-01-11,"ユーロ・セミコン株式会社",,301,"大阪府","大阪市旭区","大宮４丁目２２番２２号",,27,117,5350002,,,,,,,2015-10-05,1,,,,,"ユーロセミコン",0
1502,7120001021340,01,1,2026-08-24,2015-10-05,"世紀商事株式会社",,301,"大阪府","大阪市東成区","大今里西３丁目１８番２２－１０１号",,27,115,5370014,,,,,,,2015-10-05,0,,,,,"セイキショウジ",0
1503,7120001021340,12,1,2026-08-24,2017-06-01,"世紀商事株式会社",,301,"大阪府","大阪市中央区","日本橋１丁目２５番１６号９階",,27,128,5420073,,,,,,,2015-10-05,0,,,,,"セイキショウジ",0
1504,7120001021340,12,1,2026-08-24,2025-08-26,"世紀商事株式会社",,301,"大阪府","大阪市生野区","鶴橋３丁目１番３８－８０４号",,27,116,5440031,,,,,,,2015-10-05,1,,,,,"セイキショウジ",0
1505,7120001038442,01,1,2026-08-24,2015-10-05,"株式会社清水",,301,"大阪府","大阪市浪速区","元町２丁目１３番６号",,27,111,5560016,,,,,,,2015-10-05,1,,,,,"シミズ",0
1506,7120001237572,12,0,2026-08-24,2026-08-20,"ランドエム株式会社",,301,"東京都","新宿区","西新宿７丁目２－７豊ビル２Ｆ",,13,104,1600023,,,,,,,2021-05-21,1,,,,,"ランドエム",0
1507,7120001240205,12,0,2026-08-24,2026-08-17,"あさぎ株式会社",,301,"大阪府","大阪市浪速区","下寺２丁目６－１９ヴィラ松井３Ａ号",,27,111,5560001,,,,,,,2021-09-06,1,,,,,"アサギ",0
1508,7120001257744,12,0,2026-08-24,2026-08-19,"Ｑｕａｎｔｕｍ‐Ｐｏｗｅｒ株式会社",,301,"大阪府","大阪市天王寺区","生玉町１１番２９号朝日プラザ高津第一１０８Ｋ号室",,27,109,5430071,,,,,,,2023-09-06,1,,,,,"クアンタムパワー",0
1509,7120001288649,01,0,2026-08-24,2026-08-24,"株式会社Ｆｉｒｓｔ　Ｇｒｏｕｐ",,301,"大阪府","大阪市西区","靭本町一丁目１０番７－２６１１号室",,27,106,5500000,,,,,,,2026-08-24,1,,,,,"ファーストグループ",0
1510,7120003020877,12,0,2026-08-24,2026-08-20,"合同会社カリスサポート",,305,"大阪府","東大阪市","長栄寺２０番１３号１０３",,27,227,5770055,,,,,,,2022-01-07,1,,,,,"カリスサポート",0
1511,7120003033326,01,0,2026-08-24,2026-08-24,"ＲＥ合同会社",,305,"大阪府","大阪市阿倍野区","王子町２丁目１２番７号",,27,119,5450023,,,,,,,2026-08-24,1,,,,,"アールイー",0
1512,7120102028012,12,0,2026-08-24,2026-08-19,"有限会社トータル・ライフ・サービス",,302,"大阪府","阪南市","鳥取６２４番地の１",,27,232,5990204,,,,,,,2015-10-05,1,,,,,"トータルライフサービス",0
1513,7120901013445,01,1,2026-08-24,2015-10-05,"トータルサービス株式会社",,301,"大阪府","高槻市","紺屋町三丁目１番３１５号",,27,207,5690804,,,,,,,2015-10-05,1,,,,,"トータルサービス",0
1514,7120902001688,01,1,2026-08-24,2015-10-05,"有限会社山端工業所",,302,"大阪府","茨木市","庄１丁目５番３号",,27,211,5670806,,,,,,,2015-10-05,1,,,,,"ヤマバタコウギョウショ",0
1515,7120902005433,21,0,2026-08-24,2026-08-18,"有限会社エースコーポレーション",,302,"大阪府","吹田市","佐竹台６丁目１０番３号",,27,205,5650855,,,2026-08-18,01,,,2015-10-05,1,,,,,"エースコーポレーション",0
1516,7120903006348,01,0,2026-08-24,2026-08-24,"合同会社はづき",,305,"大阪府","吹田市","千里山西５丁目３番１号千里山西田ビル３０１",,27,205,5650851,,,,,,,2026-08-24,1,,,,,"ハヅキ",0
1517,7130001057739,01,1,2026-08-24,2016-06-21,"みやこ土地開発株式会社",,301,"京都府","京都市左京区","一乗寺塚本町１０６－３アベニュー７７（１Ｆ）",,26,103,6068176,,,,,,,2016-06-21,1,,,,,"ミヤコトチカイハツ",0
1518,7130001080740,12,0,2026-08-24,2026-08-19,"株式会社モノマインド",,301,"東京都","新宿区","西早稲田１丁目８番１９号日興パレセゾン早稲田２０５",,13,104,1690051,,,,,,,2025-10-02,1,,,,,"モノマインド",0
1519,7130001082803,01,0,2026-08-24,2026-08-24,"株式会社大創",,301,"京都府","京都市西京区","松室吾田神町２６１番地",,26,111,6158202,,,,,,,2026-08-24,1,,,,,"ダイソウ",0
1520,7130001082910,01,0,2026-08-24,2026-08-24,"株式会社Ｏｎ",,301,"京都府","京都市右京区","西京極前田町２８番地９",,26,108,6150823,,,,,,,2026-08-24,1,,,,,"オン",0
1521,7130001082919,01,0,2026-08-24,2026-08-24,"株式会社飛田工務店",,301,"京都府","京都市山科区","御陵進藤町１８－１－２０１",,26,110,6078416,,,,,,,2026-08-24,1,,,,,"トビタコウムテン",0
1522,7130005008630,01,1,2026-08-24,2015-10-05,"和伎座天乃夫岐売神社",,399,"京都府","木津川市","山城町平尾里屋敷５４番地",,26,214,6190202,,,,,,,2015-10-05,1,,,,,"ワギザテンノフギウリジンジャ",0
1523,7140001012073,12,0,2026-08-24,2026-08-12,"神戸電溶工業株式会社",,301,"兵庫県","神戸市中央区","野崎通４丁目３番１４号",,28,110,6510054,,,,,,,2015-10-05,1,,,,,"コウベデンヨウコウギョウ",0
1524,7140001069980,01,1,2026-08-24,2015-10-05,"株式会社早川設計事務所",,301,"兵庫県","西宮市","城ケ堀町２番２２号",,28,204,6620856,,,,,,,2015-10-05,1,,,,,"ハヤカワセッケイジムショ",0
1525,7140001096117,01,1,2026-08-24,2015-10-05,"ＴＯカンパニー株式会社",,301,"兵庫県","神戸市西区","学園東町１丁目２番地１００２号",,28,111,6512102,,,,,,,2015-10-05,0,,,,,"ティーオーカンパニー",0
1526,7140001096117,12,1,2026-08-24,2023-03-29,"ＴＯカンパニー株式会社",,301,"兵庫県","神戸市中央区","浜辺通６丁目１番１－１８０４",,28,110,6510083,,,,,,,2015-10-05,1,,,,,"ティーオーカンパニー",0
1527,7140001099160,12,0,2026-08-24,2026-08-19,"株式会社メビウス",,301,"東京都","品川区","南品川５丁目９番２３－１０２号",,13,109,1400004,,,,,,,2015-10-05,1,,,,,"メビウス",0
1528,7140001143802,01,0,2026-08-24,2026-08-24,"Ｄｕｎｋ　Ｌｉｖｅ株式会社",,301,"兵庫県","神戸市中央区","磯辺通１丁目１番１８号カサベラ国際プラザビル７０７号室",,28,110,6510084,,,,,,,2026-08-24,1,,,,,"ダンクライブ",0
1529,7140003018341,11,0,2026-08-24,2026-08-18,"株式会社蒼",,301,"兵庫県","神戸市中央区","栄町通５丁目２番２号",,28,110,6500023,,,,,,,2022-11-10,1,,,,,"アオ",0
1530,7140003022475,12,0,2026-08-24,2026-08-13,"合同会社ｍｙｃａｒｅ",,305,"兵庫県","神戸市東灘区","岡本７丁目２－４",,28,101,6580072,,,,,,,2025-08-25,1,,,,,"マイケア",0
1531,7150002002023,01,1,2026-08-24,2015-10-05,"有限会社芙蓉",,302,"奈良県","奈良市","中登美ヶ丘６丁目１３番１－９０６号",,29,201,6310003,,,,,,,2015-10-05,1,,,,,"フヨウ",0
1532,7150002005959,01,1,2026-08-24,2015-10-05,"惠企画有限会社",,302,"奈良県","天理市","森本町２１７番地",,29,204,6320007,,,,,,,2015-10-05,1,,,,,"メグミキカク",0
1533,7160003000958,01,1,2026-08-24,2015-10-05,"合同会社丸金ビル",,305,"滋賀県","彦根市","大東町２番３３号",,25,202,5220074,,,,,,,2015-10-05,1,,,,,"マルキンビル",0
1534,7180001033867,01,1,2026-08-24,2015-10-05,"アシスト企画株式会社",,301,"愛知県","名古屋市昭和区","緑町２丁目２８",,23,107,4660013,,,,,,,2015-10-05,1,,,,,"アシストキカク",0
1535,7180001064425,01,1,2026-08-24,2015-10-05,"武山重量株式会社",,301,"愛知県","名古屋市緑区","鳴海町字山下５２番地４",,23,114,4580801,,,,,,,2015-10-05,0,,,,,"タケヤマジュウリョウ",0
1536,7180001064425,11,1,2026-08-24,2022-01-26,"株式会社ＴＫＪ",,301,"愛知県","名古屋市緑区","鳴海町字山下５２番地４",,23,114,4580801,,,,,,,2015-10-05,1,,,,,"ティーケージェイ",0
1537,7180001082179,01,1,2026-08-24,2015-10-05,"株式会社岩田組",,301,"愛知県","一宮市","大志２丁目２番７号",,23,203,4910852,,,,,,,2015-10-05,1,,,,,"イワタグミ",0
1538,7180001130417,12,0,2026-08-24,2026-07-31,"株式会社ｅ－ｂｅａｎｓ",,301,"愛知県","名古屋市緑区","鳴子町４丁目５６番地エムズシティ鳴子プレディア１２３号",,23,114,4580041,,,,,,,2017-12-08,1,,,,,"イービーンズ",0
1539,7180001173201,01,0,2026-08-24,2026-08-24,"株式会社ブリングノット",,301,"愛知県","名古屋市西区","花の木１丁目８－１９プログレッソ花の木４０１",,23,104,4510062,,,,,,,2026-08-24,1,,,,,"ブリングノット",0
1540,7180002068937,12,0,2026-08-24,2026-08-19,"日新建設有限会社",,302,"愛知県","名古屋市中村区","長筬町４丁目３７番地の１",,23,105,4530839,,,,,,,2015-10-05,1,,,,,"ニッシンケンセツ",0
1541,7180002072674,01,1,2026-08-24,2015-10-05,"有限会社黒川新聞店",,302,"愛知県","尾張旭市","柏井町公園通１１８番地",,23,226,4880007,,,,,,,2015-10-05,1,,,,,"クロカワシンブンテン",0
1542,7180002084158,01,1,2026-08-24,2015-10-05,"有限会社ワンポイント",,302,"愛知県","半田市","南大矢知町３丁目１０２番地の３７",,23,205,4750006,,,,,,,2015-10-05,1,,,,,"ワンポイント",0
1543,7180003026489,12,0,2026-08-24,2026-08-18,"合同会社Ｏｐｅｎ　Ｆｉｅｌｄ",,305,"愛知県","名古屋市中区","錦３丁目１４番４号シャインアルファ錦ビル４０３号",,23,106,4600003,,,,,,,2024-03-15,1,,,,,"オープンフィールド",0
1544,7180003030714,01,0,2026-08-24,2026-08-24,"合同会社ＥＮＦｅｌｉｘ",,305,"愛知県","名古屋市中村区","名駅４丁目２４番５号第２森ビル４０１",,23,105,4500002,,,,,,,2026-08-24,1,,,,,"エンフェリックス",0
1545,7180301019871,12,0,2026-08-24,2026-08-19,"株式会社ファブレス",,301,"愛知県","長久手市","氏神前５０９番地",,23,238,4801125,,,,,,,2015-10-05,1,,,,,"ファブレス",0
1546,7180302010466,12,0,2026-08-24,2026-08-10,"有限会社吉田商店",00074968,302,"愛知県","豊橋市","絹田町８０番地",,23,201,4400078,,,,,,,2015-10-05,1,,,,,"ヨシダショウテン",0
1547,7180303005960,12,0,2026-08-24,2026-08-18,"Ｊａｐａｎｉｃａ合同会社",,305,"沖縄県","中頭郡北谷町","北前１丁目６番地５イナテックマンション３０１",,47,326,9040117,,,,,,,2023-12-27,1,,,,,"ジャパニカ",0
1548,7190001017506,21,0,2026-08-24,2026-08-10,"三重綜合住宅株式会社",,301,"三重県","三重郡菰野町","大字潤田４３７番地１",,24,341,5101253,,,2026-08-10,01,,,2015-10-05,1,,,,,"ミエソウゴウジュウタク",0
1549,7190002019022,21,0,2026-08-24,2026-08-06,"朝明水産有限会社",,302,"三重県","三重郡川越町","大字高松５４番地",,24,344,5108121,,,2026-08-06,01,,,2015-10-05,1,,,,,"アサケスイサン",0
1550,7190005011546,12,0,2026-08-24,2026-08-10,"社会福祉法人明健福祉会",,399,"三重県","桑名市","駅元町１０番地",,24,205,5110071,,,,,,,2021-04-02,1,,,,,"メイケンフクシカイ",0
1551,7200001010681,01,1,2026-08-24,2015-10-05,"青木織物株式会社",,301,"岐阜県","羽島郡笠松町","門間３８７番地の１",,21,303,5016065,,,,,,,2015-10-05,1,,,,,"アオキオリモノ",0
1552,7200001018353,01,1,2026-08-24,2015-10-05,"株式会社タイホー",,301,"岐阜県","加茂郡川辺町","比久見５０４番地３",,21,503,5090315,,,,,,,2015-10-05,1,,,,,"タイホー",0
1553,7200001032932,01,1,2026-08-24,2016-06-10,"帝国興業株式会社",,301,"岐阜県","大垣市","領家町１丁目９９１番地",,21,202,5030014,,,,,,,2016-06-10,1,,,,,"テイコクコウギョウ",0
1554,7200003004640,12,0,2026-08-24,2026-08-13,"合同会社Ｐｒｅｓｔａｔｅ",,305,"岐阜県","海津市","海津町高須町３６９番地３",,21,221,5030653,,,,,,,2019-11-13,1,,,,,"プレステート",0
1555,7200003007362,01,1,2026-08-24,2026-06-04,"合同会社Ｆｏｒｅｓｔ　Ｂｅａｒｓ",,305,"岐阜県","大垣市","釜笛１丁目１５６－３",,21,202,5030937,,,,,,,2026-06-04,1,,,,,,0
1556,7200005008417,01,1,2026-08-24,2015-10-05,"秋葉神社",,399,"岐阜県","土岐市","曽木町９７２番地",,21,212,5095402,,,,,,,2015-10-05,1,,,,,"アキバジンジャ",0
1557,7220001002735,01,1,2026-08-24,2015-10-05,"株式会社Ｋ・Ｓ・Ｄコンサルティング",,301,"東京都","港区","北青山１丁目３番２号",,13,103,1070061,,,,,,,2015-10-05,0,,,,,"ケーエスディーコンサルティング",0
1558,7220001002735,12,1,2026-08-24,2017-04-11,"株式会社Ｋ・Ｓ・Ｄコンサルティング",,301,"石川県","金沢市","桜町２１番２０号",,17,201,9200923,,,,,,,2015-10-05,0,,,,,"ケーエスディーコンサルティング",0
1559,7220001002735,12,1,2026-08-24,2019-03-13,"株式会社Ｋ・Ｓ・Ｄコンサルティング",,301,"石川県","金沢市","広岡１丁目１１番６号",,17,201,9200031,,,,,,,2015-10-05,0,,,,,"ケーエスディーコンサルティング",0
1560,7220001002735,71,1,2026-08-24,2021-08-02,"株式会社Ｋ・Ｓ・Ｄコンサルティング",,301,"石川県","金沢市","広岡１丁目１１番６号",,17,201,9200031,,,,,,"令和３年８月１日石川県金沢市広岡一丁目１１番６号株式会社プレイス・ヴィレッジ（3220001018215）を合併",2015-10-05,0,,,,,"ケーエスディーコンサルティング",0
1561,7220001002735,71,1,2026-08-24,2024-10-01,"株式会社Ｋ・Ｓ・Ｄコンサルティング",,301,"石川県","金沢市","広岡１丁目１１番６号",,17,201,9200031,,,,,,"令和６年１０月１日石川県金沢市広岡一丁目１１番６号株式会社ジャパンプライニング（6080001014911）を合併",2015-10-05,1,,,,,"ケーエスディーコンサルティング",0
1562,7220003004341,01,0,2026-08-24,2026-08-24,"合同会社ｐｉｖｏｔ",,305,"石川県","小松市","打越町丙１４０番地１ラフィネデュオＩＩ２１１号室",00144701,17,203,9230831,,,,,,,2026-08-24,1,,,,,"ピボット",0
1563,7220005001411,21,0,2026-08-24,2026-08-21,"協同組合あいあいケイ",,399,"石川県","金沢市","北安江３丁目１５番２４号カシショウジ保険事務所内",,17,201,9200022,,,2026-08-21,01,,,2015-10-05,1,,,,,"アイアイケイ",0
1564,7250005005384,01,1,2026-08-24,2015-10-05,"湯野神社",,399,"山口県","周南市","大字湯野字後山",,35,215,7451132,,,,,,,2015-10-05,1,,,,,"ユノジンジャ",0
1565,7260001010115,21,0,2026-08-24,2026-08-21,"株式会社ツインシステムズ",,301,"岡山県","岡山市南区","北七区８０８番地",,33,104,7091201,,,2026-08-21,01,,,2015-10-05,1,,,,,,0
1566,7260001036275,21,0,2026-08-24,2026-07-31,"株式会社プラスＶ",,301,"岡山県","岡山市北区","問屋町９番地１０１",,33,101,7000977,,,2026-07-31,11,4260001037359,"令和８年７月３１日岡山市北区問屋町９番地１０１株式会社ＯＰＥＮ　ＵＰ　ＨＤ（4260001037359）に合併し解散",2021-12-02,1,,,,,"プラスブイ",0
1567,7260002002747,01,1,2026-08-24,2015-10-05,"有限会社ガレージ近藤",,302,"岡山県","岡山市東区","光津５０９番地の１",,33,103,7048164,,,,,,,2015-10-05,1,,,,,"ガレージコンドウ",0
1568,7260002013620,21,0,2026-08-24,2026-08-21,"有限会社しあわせサービス",,302,"岡山県","岡山市中区","原尾島３丁目１２番６２－２０５号",,33,102,7038235,,,2026-08-21,01,,,2015-10-05,1,,,,,"シアワセサービス",0
1569,7270002004131,01,1,2026-08-24,2015-10-05,"有限会社ロータス",,302,"鳥取県","鳥取市","鹿野町今市８番地",,31,201,6890425,,,,,,,2015-10-05,1,,,,,"ロータス",0
1570,7290001050901,01,1,2026-08-24,2015-10-05,"株式会社セイコー・カンパニー",,301,"福岡県","三井郡大刀洗町","大字高樋２４５４番地２５",00092617,40,503,8301221,,,,,,,2015-10-05,1,,,,,"セイコーカンパニー",0
1571,7290001058036,12,0,2026-08-24,2026-08-12,"善トレーディング株式会社",,301,"新潟県","胎内市","星の宮町４３０番地３７",,15,227,9592636,,,,,,,2015-10-05,1,,,,,"ゼントレーディング",0
1572,7290001077671,12,0,2026-08-24,2026-08-19,"シーガルジャパン株式会社",,301,"福岡県","春日市","小倉３丁目１１０番地",,40,218,8160824,,,,,,,2017-05-08,1,,,,,"シーガルジャパン",0
1573,7290001104962,12,0,2026-08-24,2026-08-07,"株式会社将信",,301,"福岡県","那珂川市","大字不入道６５２番地２レーヴプレイス２号室",,40,231,8111231,,,,,,,2024-03-06,1,,,,,"ショウシン",0
1574,7290001115258,01,0,2026-08-24,2026-08-24,"株式会社ホビーショップたかはし",,301,"福岡県","那珂川市","西隈１丁目４番４号",,40,231,8111242,,,,,,,2026-08-24,1,,,,,"ホビーショップタカハシ",0
1575,7290001115266,01,0,2026-08-24,2026-08-24,"ＡｒｃａＺ　Ｌａｂ株式会社",,301,"福岡県","福岡市中央区","天神２丁目２番１２号Ｔ＆Ｊビルディング７Ｆ",,40,133,8100001,,,,,,,2026-08-24,1,,,,,"アルカゼットラボ",0
1576,7290003003964,12,0,2026-08-24,2026-08-10,"合同会社Ｍ－Ｉｎｏｎ",,305,"福岡県","福岡市中央区","大濠１丁目８番８－３０１号",,40,133,8100052,,,,,,,2015-10-05,1,,,,,,0
1577,7290801015186,12,0,2026-08-24,2026-08-03,"大阪電器株式会社",,301,"福岡県","行橋市","行事４丁目５番２１号",,40,213,8240001,,,,,,,2015-10-05,1,,,,,"オオサカデンキ",0
1578,7290801031167,12,0,2026-08-24,2026-08-03,"株式会社ミヤコ保全サービス",,301,"福岡県","京都郡苅田町","大字与原１２２１番地１１",,40,621,8000323,,,,,,,2025-01-07,1,,,,,"ミヤコホゼンサービス",0
1579,7320001021881,01,0,2026-08-24,2026-08-24,"ルミナスループス株式会社",,301,"大分県","大分市","中央町１丁目４番２４号大分セントラルビル２Ｆ",,44,201,8700035,,,,,,,2026-08-24,1,,,,,"ルミナスループス",0
1580,7330001016906,71,0,2026-08-24,2026-08-10,"株式会社黒田海運",,301,"熊本県","熊本市中央区","水道町７番１６号",,43,101,8600844,,,,,,"令和８年８月８日熊本市中央区水道町７番１６号株式会社サロン（3330001020878）を合併",2015-10-05,1,,,,,"クロダカイウン",0
1581,7330005009369,12,0,2026-08-24,2026-08-20,"一般社団法人熊本環境革新支援センター",,399,"熊本県","熊本市中央区","帯山４丁目２８番１７号",,43,101,8620924,,,,,,,2015-12-10,1,,,,,"クマモトカンキョウカクシンシエンセンター",0
1582,7340003005311,01,0,2026-08-24,2026-08-24,"合同会社Ｌｉｎｏ",,305,"鹿児島県","鹿児島市","小松原１丁目３９番５号サンライズ小松原２０５号",,46,201,8910114,,,,,,,2026-08-24,1,,,,,"リノ",0
1583,7350001006211,01,1,2026-08-24,2015-10-05,"株式会社北斗開発",,301,"宮崎県","日向市","東郷町山陰辛１２３３番地１６",,45,206,8830106,,,,,,,2015-10-05,1,,,,,"ホクトカイハツ",0
1584,7350002007076,01,1,2026-08-24,2015-10-05,"有限会社国富電器",,302,"宮崎県","東諸県郡国富町","大字本庄４５８８番地４",,45,382,8801101,,,,,,,2015-10-05,1,,,,,"クニトミデンキ",0
1585,7350003001961,21,0,2026-08-24,2026-08-19,"合同会社ケアサポート絆",,305,"宮崎県","都城市","下長飯町１７５１番地３６",,45,202,8850061,,,2026-08-19,01,,,2015-10-05,1,,,,,"ケアサポートキズナ",0
1586,7360003000046,01,1,2026-08-24,2015-10-05,"合資会社安謝運送",,304,"沖縄県","那覇市","港町３丁目７番１７号",,47,201,9000001,,,,,,,2015-10-05,1,,,,,"アジャウンソウ",0
1587,7370001020029,12,0,2026-08-24,2026-08-17,"株式会社サスケネット",,301,"宮城県","仙台市青葉区","中央２丁目１１番１９号仙南ビル４階－Ａ",,04,101,9800021,,,,,,,2015-10-05,1,,,,,"サスケネット",0
1588,7370001054175,01,0,2026-08-24,2026-08-24,"株式会社Ｉテクノ",,301,"宮城県","仙台市太白区","上野山１丁目７番５号",,04,104,9820812,,,,,,,2026-08-24,1,,,,,"アイテクノ",0
1589,7370005002304,01,1,2026-08-24,2015-10-05,"医療法人社団台原整形外科",,399,"宮城県","仙台市青葉区","台原５丁目１番１９号",,04,101,9810911,,,,,,,2015-10-05,1,,,,,"シャダンダイノハラセイケイゲカ",0
1590,7380001011365,21,0,2026-08-24,2026-08-17,"株式会社ファネット",,301,"福島県","須賀川市","卸町２５番地",,07,207,9620053,,,2026-08-17,01,,,2015-10-05,1,,,,,"ファネット",0
1591,7380001013246,21,0,2026-08-24,2026-08-18,"株式会社大生不動産",,301,"福島県","いわき市","平字中町４番地の２",,07,204,9708026,,,2026-08-18,01,,,2015-10-05,1,,,,,"タイセイフドウサン",0
1592,7390002013260,21,0,2026-08-24,2026-08-17,"有限会社ヴェルデ",,302,"山形県","米沢市","大字花沢８８３番地１１",,06,202,9920021,,,2026-08-17,01,,,2015-10-05,1,,,,,,0
1593,7400502000624,01,1,2026-08-24,2015-10-05,"有限会社ほんご動物病院",,302,"岩手県","一関市","萩荘字金ケ崎４９番地１",,03,209,0210902,,,,,,,2015-10-05,1,,,,,"ホンゴドウブツビョウイン",0
1594,7430001053055,12,0,2026-08-24,2026-08-18,"新成運輸株式会社",,301,"北海道","苫小牧市","あけぼの町１丁目６番１８号",,01,213,0591366,,,,,,,2015-10-05,1,,,,,"シンセイウンユ",0
1595,7430001064845,12,0,2026-08-24,2026-08-19,"株式会社ＭＫイータ",,301,"東京都","大田区","山王４丁目１番８－１０４号",,13,111,1430023,,,,,,,2015-10-05,1,,,,,"エムケイイータ",0
1596,7430001089355,12,0,2026-08-24,2026-08-20,"株式会社ぽるく",,301,"北海道","札幌市北区","北三十条西４丁目２－２７拓邦ビル１階",,01,102,0010030,,,,,,,2023-06-20,1,,,,,"ポルク",0
1597,7430001096624,12,0,2026-08-24,2026-08-19,"株式会社フレア",,301,"北海道","札幌市白石区","北郷四条５丁目１１－１０希幸サービス２Ｆ",,01,104,0030834,,,,,,,2026-04-06,1,,,,,"フレア",0
1598,7430003014278,12,0,2026-08-24,2026-08-19,"ルーセントジャパン合同会社",,305,"北海道","札幌市白石区","本郷通１３丁目南１－３",,01,104,0030024,,,,,,,2022-09-15,1,,,,,"ルーセントジャパン",0
1599,7430003017446,11,0,2026-08-24,2026-08-19,"株式会社エミシス",,301,"北海道","札幌市西区","西野六条１０丁目２４番２２号２Ｆ－Ｂ",,01,107,0630036,,,,,,,2025-04-01,1,,,,,,0
1600,7470003003186,01,0,2026-08-24,2026-08-24,"合同会社行天養鶏場",,305,"香川県","観音寺市","粟井町２４２４番地２",,37,205,7680052,,,,,,,2026-08-24,1,,,,,"ギョウテンヨウケイジョウ",0
1601,7480002010612,21,0,2026-08-24,2026-08-21,"有限会社つくし",,302,"徳島県","鳴門市","撫養町斎田字大堤３１２番地",,36,202,7720002,,,2026-08-21,01,,,2015-10-05,1,,,,,"ツクシ",0
1602,7500001008423,01,1,2026-08-24,2015-10-05,"豊洋産業株式会社",,301,"愛媛県","八幡浜市","保内町川之石１番耕地２３６番地１０５",,38,204,7960201,,,,,,,2015-10-05,1,,,,,"ホウヨウサンギョウ",0
1603,7500002000197,01,1,2026-08-24,2015-10-05,"有限会社総聖電設工業",,302,"愛媛県","松山市","北条辻１００５番地４",00007652,38,201,7992430,,,,,,,2015-10-05,1,,,,,"ソウセイデンセツコウギョウ",0
1604,8010001043601,01,1,2026-08-24,2015-10-05,"コスモパック株式会社",,301,"東京都","中央区","八丁堀３丁目２４番１－１１０９",,13,102,1040032,,,,,,,2015-10-05,1,,,,,"コスモパック",0
1605,8010001087986,12,0,2026-08-24,2026-08-20,"株式会社ソフトライン",,301,"東京都","中央区","銀座１丁目１８番６号",,13,102,1040061,,,,,,,2015-10-05,1,,,,,"ソフトライン",0
1606,8010001131645,11,0,2026-08-24,2026-07-21,"中央不動産株式会社",,301,"東京都","中央区","湊３丁目１５番１０号",,13,102,1040043,,,,,,,2015-10-05,1,,,,,"チュウオウフドウサン",0
1607,8010001146866,01,1,2026-08-24,2015-10-05,"日本ポリプロ株式会社",,301,"東京都","千代田区","丸の内１丁目１番１号",,13,101,1000005,,,,,,,2015-10-05,1,"JAPAN POLYPROPYLENE CORPORATION","Tokyo","1-1-1, Marunouchi, Chiyoda ku",,"ニホンポリプロ",0
1608,8010001167672,01,1,2026-08-24,2015-10-05,"株式会社モルゲンレーテ",,301,"東京都","千代田区","一番町１０番８号",,13,101,1020082,,,,,,,2015-10-05,1,,,,,"モルゲンレーテ",0
1609,8010001254149,01,1,2026-08-24,2025-04-15,"ＭＩＴガエア２エネルギー開発株式会社",,301,"東京都","千代田区","大手町１丁目２番１号",,13,101,1000004,,,,,,,2025-04-15,1,,,,,"ミットガエアツーエネルギーカイハツ",0
1610,8010001267984,01,0,2026-08-24,2026-08-24,"株式会社Ｄａｗｎｌｉｎｅ",,301,"東京都","中央区","日本橋人形町２丁目３５－６－８０１号室",,13,102,1030013,,,,,,,2026-08-24,1,,,,,"ドーンライン",0
1611,8010001268198,01,0,2026-08-24,2026-08-24,"ＮＹＣＩ２０株式会社",,301,"東京都","中央区","新川１丁目６番１１号",,13,102,1040033,,,,,,,2026-08-24,1,,,,,"エヌワイシーアイトゥウェンティ",0
1612,8010001268207,01,0,2026-08-24,2026-08-24,"ＪＡＰＡＮ　ＥＮＥＲＧＹ　ＦＲＯＮＴＩＥＲ株式会社",,301,"東京都","千代田区","丸の内１丁目１１番１号１３階",,13,101,1000005,,,,,,,2026-08-24,1,,,,,"ジャパンエナジーフロンティア",0
1613,8010002003455,21,0,2026-08-24,2026-07-24,"有限会社セットジャパン",,302,"東京都","文京区","本郷４丁目１２番１６号",,13,105,1130033,,,2026-07-24,01,,,2015-10-05,1,,,,,"セットジャパン",0
1614,8010003041719,01,1,2026-08-24,2023-09-22,"Ｓｏｎｎｅｎｂｌｕｍｅ第三発電所合同会社",,305,"東京都","文京区","本郷５丁目３３番１０号",,13,105,1130033,,,,,,,2023-09-22,0,,,,,,0
1615,8010003041719,12,1,2026-08-24,2023-12-19,"Ｓｏｎｎｅｎｂｌｕｍｅ第三発電所合同会社",,305,"東京都","中央区","日本橋本町２丁目４番７号",,13,102,1030023,,,,,,,2023-09-22,1,,,,,,0
1616,8010005040438,12,0,2026-08-24,2026-07-21,"ニースグループ行政書士法人",,399,"東京都","中央区","京橋３丁目１３番１０号",,13,102,1040031,,,,,,,2025-07-29,1,,,,,"ニースグループ",0
1617,8010101011193,12,0,2026-08-24,2026-08-20,"ハウスリンクマネジメント株式会社",,301,"東京都","武蔵野市","中町１丁目１５－５三鷹Ｒｅｎｏｌｉｋｅビル７階",,13,203,1800006,,,,,,,2015-10-05,1,,,,,"ハウスリンクマネジメント",0
1618,8010401087306,12,0,2026-08-24,2026-08-20,"株式会社レジラボ",,301,"東京都","千代田区","丸の内２丁目７番２号",,13,101,1000005,,,,,,,2015-10-05,1,,,,,"レジラボ",0
1619,8010401101520,12,0,2026-08-24,2026-07-21,"株式会社インタードリーム",,301,"東京都","港区","新橋４丁目７番２号",,13,103,1050004,,,,,,,2015-10-05,1,,,,,"インタードリーム",0
1620,8010401183253,12,0,2026-08-24,2026-08-20,"株式会社ワタココ",,301,"東京都","中央区","銀座１丁目１２番４号Ｎ＆ＥＢＬＤ．６Ｆ",,13,102,1040061,,,,,,,2024-06-19,1,,,,,"ワタココ",0
1621,8010401197113,12,0,2026-08-24,2026-08-19,"株式会社兼本企画",,301,"沖縄県","うるま市","字赤道５７８番地８４－１Ｆ",,47,213,9042245,,,,,,,2026-03-11,1,,,,,"カネモトキカク",0
1622,8010401201527,01,0,2026-08-24,2026-08-24,"株式会社Ｓｕｂｌｉｍｉｎａｌ",,301,"東京都","港区","六本木３丁目１６番１２号六本木ＫＳビル５Ｆ",,13,103,1060032,,,,,,,2026-08-24,1,,,,,"サブリミナル",0
1623,8010403021592,11,0,2026-08-24,2026-08-20,"合同会社ＧＳＣ　Ｆｕｎｄｉｎｇ２",,305,"東京都","港区","虎ノ門５丁目１番４号",,13,103,1050001,,,,,,,2019-10-09,1,,,,,"ジーエスシーファンディングツー",0
1624,8010405012012,12,0,2026-08-24,2026-08-20,"弁護士法人みやび",,399,"東京都","中央区","銀座７丁目１３番２０号銀座ＴＨビル９階",,13,102,1040061,,,,,,,2015-10-05,1,,,,,"ミヤビ",0
1625,8010405025971,01,0,2026-08-24,2026-08-24,"一般社団法人アートライフ",,399,"東京都","港区","六本木２丁目２番６号六本木福吉町ビル５階",,13,103,1060032,,,,,,,2026-08-24,1,,,,,"アートライフ",0
1626,8010405026061,01,0,2026-08-24,2026-08-24,"一般社団法人ダイカン・マウンテン",,399,"東京都","港区","元赤坂１丁目１番７号",,13,103,1070051,,,,,,,2026-08-24,1,,,,,"ダイカンマウンテン",0
1627,8010501013013,21,0,2026-08-24,2026-07-02,"株式会社丸菱",,301,"東京都","台東区","池之端４丁目１４番３号",,13,106,1100008,,,2026-07-02,01,,,2015-10-05,1,,,,,"マルビシ",0
1628,8010501044669,12,0,2026-08-24,2026-08-20,"雪達磨イノベーション株式会社",,301,"東京都","台東区","寿１丁目１８－１３サエグサビル６Ｆ",,13,106,1110042,,,,,,,2019-09-24,1,,,,,"ユキダルマイノベーション",0
1629,8010603008935,11,0,2026-08-24,2026-08-13,"株式会社ＴＳＭ",,301,"東京都","江東区","南砂４丁目５番２４号",,13,108,1360076,,,,,,,2021-05-18,1,,,,,"ティーエスエム",0
1630,8010701017227,01,1,2026-08-24,2015-10-05,"株式会社クリスタルライン",,301,"東京都","港区","東麻布２丁目２６番１６号",,13,103,1060044,,,,,,,2015-10-05,0,,,,,"クリスタルライン",0
1631,8010701017227,12,1,2026-08-24,2017-08-04,"株式会社クリスタルライン",,301,"東京都","品川区","東五反田１丁目４番９号",,13,109,1410022,,,,,,,2015-10-05,0,,,,,"クリスタルライン",0
1632,8010701017227,12,1,2026-08-24,2020-04-16,"株式会社クリスタルライン",,301,"東京都","品川区","東五反田５丁目４番１４号",,13,109,1410022,,,,,,,2015-10-05,1,,,,,"クリスタルライン",0
1633,8010801016285,01,1,2026-08-24,2015-10-05,"株式会社ＡＺＥＳＴ",,301,"東京都","大田区","南馬込４丁目４９番２号",,13,111,1430025,,,,,,,2015-10-05,1,,,,,"アゼスト",0
1634,8010901017266,11,0,2026-08-24,2026-08-04,"株式会社森田経営設計",,301,"東京都","調布市","布田１丁目３番地１－２０１号",,13,208,1820024,,,,,,,2015-10-05,1,,,,,"モリタケイエイセッケイ",0
1635,8010901052305,12,0,2026-08-24,2026-08-20,"株式会社Ｒｅｌｉｖｅ",,301,"東京都","世田谷区","岡本１丁目３８－１４－５０５",,13,112,1570076,,,,,,,2023-01-12,1,,,,,"リリブ",0
1636,8011001048796,01,1,2026-08-24,2015-10-05,"株式会社アーバンコア",,301,"東京都","渋谷区","南平台町２番１２号南平台久保ビル",,13,113,1500036,,,,,,,2015-10-05,0,,,,,"アーバンコア",0
1637,8011001048796,12,1,2026-08-24,2016-03-22,"株式会社アーバンコア",,301,"東京都","江戸川区","中葛西５丁目２９番１１号",,13,123,1340083,,,,,,,2015-10-05,1,,,,,"アーバンコア",0
1638,8011001065684,21,0,2026-08-24,2026-07-01,"株式会社Ｐｌａｙｃｅ",,301,"東京都","千代田区","神田神保町３丁目７番４号",,13,101,1010051,,,2026-07-01,11,3010001046749,"令和８年７月１日東京都千代田区神田神保町三丁目５番地株式会社ＰｌａｙｃｅＣＵＢＥ（3010001046749）に合併し解散",2015-10-05,1,,,,,"プレイス",0
1639,8011001154875,11,0,2026-08-24,2026-08-04,"株式会社ＭＩＰ　Ｓｔｙｌｅ",,301,"東京都","渋谷区","道玄坂１丁目１０番８号渋谷道玄坂東急ビル２Ｆ－Ｃ",,13,113,1500043,,,,,,,2023-06-08,1,,,,,"ミップスタイル",0
1640,8011001166193,21,0,2026-08-24,2026-08-03,"株式会社ＤＹＲ",,301,"東京都","渋谷区","道玄坂１丁目１０番８号渋谷道玄坂東急ビル２Ｆ－Ｃ",,13,113,1500043,,,2026-08-03,11,4011001149334,"令和８年８月１日東京都渋谷区道玄坂一丁目１０番８号渋谷道玄坂東急ビル２Ｆ‐Ｃ株式会社Ａｖｒｉｏｔ　Ｈｏｌｄｉｎｇｓ（4011001149334）に合併し解散",2024-11-25,1,,,,,"ディーワイアール",0
1641,8011001173215,12,0,2026-08-24,2026-08-06,"株式会社ＱＵＷＡＳＥＮＳＥ",,301,"東京都","渋谷区","道玄坂１丁目１０番８号渋谷道玄坂東急ビル２Ｆ－Ｃ",,13,113,1500043,,,,,,,2025-10-29,1,,,,,"クワセンス",0
1642,8011003011967,11,0,2026-08-24,2026-08-03,"株式会社Ｒｉｓｅ",,301,"東京都","渋谷区","広尾１丁目６番１０号Ｇｉｒａｆｆａ１１階",,13,113,1500012,,,,,,,2020-12-17,1,,,,,"ライズ",0
1643,8011003025075,01,0,2026-08-24,2026-08-24,"合同会社Ｗａｎｄｅｒｉｎｇ",,305,"東京都","渋谷区","神宮前６丁目２９－４原宿ｋｏｍｉｙａビル６階",,13,113,1500001,,,,,,,2026-08-24,1,,,,,"ワンダリング",0
1644,8011101020977,12,0,2026-08-24,2026-08-18,"盟和工業株式会社",,301,"東京都","港区","東新橋２丁目１１番７号",,13,103,1050021,,,,,,,2015-10-05,1,,,,,"メイワコウギョウ",0
1645,8011101039076,12,0,2026-08-24,2026-08-03,"株式会社パワーズホーム",,301,"千葉県","大網白里市","みどりが丘２丁目２４番地１８",,12,239,2993255,,,,,,,2015-10-05,1,,,,,"パワーズホーム",0
1646,8011101063679,12,0,2026-08-24,2026-08-18,"コンガテックジャパン株式会社",,301,"東京都","港区","芝浦４丁目４番３４号コトヒラビルディング５階",,13,103,1080023,,,,,,,2015-10-05,1,,,,,"コンガテックジャパン",0
1647,8011105011428,12,0,2026-08-24,2026-07-21,"一般社団法人日本共同システム持株会支援会",,399,"東京都","新宿区","西新宿１丁目２６番２号",,13,104,1600023,,,,,,,2025-05-19,1,,,,,"ニホンキョウドウシステムモチカブカイシエンカイ",0
1648,8011201006777,01,1,2026-08-24,2015-10-05,"シード株式会社",,301,"東京都","中野区","南台４丁目５５番１０号",,13,114,1640014,,,,,,,2015-10-05,0,,,,,,0
1649,8011201006777,12,1,2026-08-24,2016-12-09,"シード株式会社",,301,"東京都","千代田区","一番町４番５号",,13,101,1020082,,,,,,,2015-10-05,1,,,,,,0
1650,8011203000076,01,1,2026-08-24,2015-10-05,"合資会社東京木芸社",,304,"東京都","中野区","中央２丁目３６番１４号",,13,114,1640011,,,,,,,2015-10-05,1,,,,,"トウキョウモクグィシャ",0
1651,8011205000470,01,1,2026-08-24,2015-10-05,"医療法人社団明篤会",,399,"東京都","中野区","鷺宮３丁目２０番４号鷺宮医療ビル２階、３階",,13,114,1650032,,,,,,,2015-10-05,1,,,,,"メイトクカイ",0
1652,8011403005214,01,0,2026-08-24,2026-08-24,"ｔｏｋａ合同会社",,305,"東京都","板橋区","小茂根１丁目１９番３号",,13,119,1730037,,,,,,,2026-08-24,1,,,,,"トウカ",0
1653,8011505001689,21,0,2026-08-24,2026-08-21,"医療法人社団医慶会",,399,"東京都","北区","滝野川７丁目２３番５号パークサイドコート１０４号室",,13,117,1140023,,,2026-08-21,01,,,2015-10-05,1,,,,,"イケイカイ",0
1654,8011701029699,01,0,2026-08-24,2026-08-24,"株式会社ＩＣＨＩＮＯプロパティ",,301,"東京都","江戸川区","西葛西２丁目２２－４５",,13,123,1340088,,,,,,,2026-08-24,1,,,,,"イチノプロパティ",0
1655,8011702003406,12,0,2026-08-24,2026-08-18,"有限会社協友電機工業所",,302,"東京都","江戸川区","北篠崎１丁目１番１６号",,13,123,1330053,,,,,,,2015-10-05,1,,,,,,0
1656,8012301010438,21,0,2026-08-24,2026-08-19,"株式会社早稲塚組",,301,"東京都","町田市","山崎町１４９３番地３",,13,209,1950074,,,2026-08-19,01,,,2016-02-24,1,,,,,,0
1657,8012703003601,01,0,2026-08-24,2026-08-24,"合同会社ネクサス",,305,"東京都","西東京市","柳沢１丁目１５番１－７０８号",,13,229,2020022,,,,,,,2026-08-24,1,,,,,"ネクサス",0
1658,8012705002089,01,1,2026-08-24,2018-06-21,"医療法人社団ＯＫＢ",,399,"東京都","小平市","小川東町１丁目２１番１４号米沢ビル２階",,13,211,1870031,,,,,,,2018-06-21,1,,,,,"オーケイビイ",0
1659,8013301049053,12,0,2026-08-24,2026-08-20,"株式会社昌和",,301,"東京都","北区","滝野川４丁目４－９－２Ｆ",,13,117,1140023,,,,,,,2022-05-19,1,,,,,"ショウワ",0
1660,8013301054631,01,1,2026-08-24,2025-07-24,"京貿株式会社",,301,"東京都","豊島区","東池袋１丁目７番１２号日産ビルディング６Ｆ",,13,116,1700013,,,,,,,2025-07-24,0,,,,,,0
1661,8013301054631,12,1,2026-08-24,2026-03-18,"京貿株式会社",,301,"東京都","千代田区","平河町２丁目３番１０号",,13,101,1020093,,,,,,,2025-07-24,0,,,,,,0
1662,8013301054631,12,0,2026-08-24,2026-08-20,"京貿株式会社",,301,"埼玉県","加須市","三俣２丁目１７番地５",,11,210,3470009,,,,,,,2025-07-24,1,,,,,,0
1663,8020001104006,01,1,2026-08-24,2015-10-05,"株式会社エイチプラス",,301,"神奈川県","横浜市西区","みなとみらい４丁目７番１－２００６号",,14,103,2200012,,,,,,,2015-10-05,1,,,,,"エイチプラス",0
1664,8020001125869,12,0,2026-08-24,2026-08-03,"株式会社ＫＳＳ",,301,"神奈川県","横浜市鶴見区","東寺尾北台１－２４－４",,14,101,2300016,,,,,,,2018-04-12,1,,,,,"ケイエスエス",0
1665,8020001170048,01,0,2026-08-24,2026-08-24,"株式会社ルイトレ",,301,"神奈川県","横浜市青葉区","市ケ尾町１１６１番地４ラ・フォレスタ３０２",,14,117,2250024,,,,,,,2026-08-24,1,,,,,"ルイトレ",0
1666,8020001170072,01,0,2026-08-24,2026-08-24,"株式会社もりくろうエンターテインメント",,301,"神奈川県","川崎市麻生区","上麻生１丁目１番１号",,14,137,2150021,,,,,,,2026-08-24,1,,,,,"モリクロウエンターテインメント",0
1667,8020005013368,21,0,2026-08-24,2026-08-05,"一般社団法人ブルーオーシャン機構",,399,"神奈川県","横浜市西区","平沼２丁目４－２２ジュネスササキ２０２号（株式会社ＭＡｃＳ内）",,14,103,2200023,,,2026-08-05,01,,,2017-11-08,1,,,,,"ブルーオーシャンキコウ",0
1668,8021001016570,01,1,2026-08-24,2015-10-05,"Ａｒｔ’ｓ株式会社",,301,"神奈川県","相模原市南区","麻溝台７丁目６番１号",,14,153,2520328,,,,,,,2015-10-05,1,,,,,"アーツ",0
1669,8021001042971,12,0,2026-08-24,2026-07-30,"株式会社ＳＥＩＳＴ",,301,"神奈川県","逗子市","逗子７丁目１番６１号",,14,208,2490006,,,,,,,2015-10-05,1,,,,,"セイスト",0
1670,8021001088949,01,0,2026-08-24,2026-08-24,"株式会社心和",,301,"神奈川県","横須賀市","大矢部３丁目１０番２５号",,14,201,2380024,,,,,,,2026-08-24,1,,,,,"ココワ",0
1671,8021001088957,01,0,2026-08-24,2026-08-24,"ＴＡＳＵＫＵ　ＳＥＲＶＩＣＥ株式会社",,301,"神奈川県","座間市","東原２丁目１６番２６号",,14,216,2520004,,,,,,,2026-08-24,1,,,,,"タスクサービス",0
1672,8021001088965,01,0,2026-08-24,2026-08-24,"株式会社千規総建",,301,"神奈川県","茅ヶ崎市","中海岸４丁目１５番１５－２０７号",,14,207,2530055,,,,,,,2026-08-24,1,,,,,"センキソウケン",0
1673,8021002017790,21,0,2026-08-24,2026-07-30,"有限会社伊川ランドリー",,302,"神奈川県","相模原市南区","鵜野森１丁目３番１号",,14,153,2520301,,,2026-07-30,01,,,2015-10-05,1,,,,,"イガワランドリー",0
1674,8021002045511,01,1,2026-08-24,2015-10-05,"有限会社ビット",,302,"神奈川県","海老名市","上今泉２丁目６番２１号",,14,215,2430431,,,,,,,2015-10-05,1,,,,,"ビット",0
1675,8021003017757,01,0,2026-08-24,2026-08-24,"合同会社ＰＵＮＪＡＢ＆ＪＡＰＡＮ　ＩＮＴＥＲＮＡＴＩＯＮＡＬ",,305,"神奈川県","厚木市","下川入１１４番地８－２０３",,14,212,2430206,,,,,,,2026-08-24,1,,,,,"パンジャブアンドジャパンインターナショナル",0
1676,8021003017798,01,0,2026-08-24,2026-08-24,"ＧＲＡＴＩＡ合同会社",,305,"神奈川県","藤沢市","片瀬３丁目４番１３号",,14,205,2510032,,,,,,,2026-08-24,1,,,,,"グラティア",0
1677,8021003017831,01,0,2026-08-24,2026-08-24,"合同会社雷門デジタル",,305,"神奈川県","秦野市","北矢名６６６―４１５",,14,211,2570006,,,,,,,2026-08-24,1,,,,,"ライモンデジタル",0
1678,8030001032981,21,0,2026-08-24,2026-08-05,"池田商事株式会社",,301,"埼玉県","加須市","上崎２０５８番地１",,11,210,3470125,,,2026-08-05,01,,,2015-10-05,1,,,,,"イケダショウジ",0
1679,8030001102660,12,0,2026-08-24,2026-08-20,"東和商事株式会社",,301,"東京都","千代田区","飯田橋４丁目５－１６－７Ｆ",,13,101,1020072,,,,,,,2015-10-05,1,,,,,"トウワショウジ",0
1680,8030001173875,01,0,2026-08-24,2026-08-24,"株式会社太陽建築設計事務所",,301,"埼玉県","さいたま市浦和区","北浦和４丁目９番３４号",,11,107,3300074,,,,,,,2026-08-24,1,,,,,"タイヨウケンチクセッケイジムショ",0
1681,8030002011035,12,0,2026-08-24,2026-08-05,"有限会社濱慶工務店",00016133,302,"埼玉県","さいたま市大宮区","大成町２丁目４２０番地２",,11,103,3300852,,,,,,,2015-10-05,1,,,,,"ハマケイコウムテン",0
1682,8030002011191,21,0,2026-08-24,2026-08-06,"有限会社広瀬商店",,302,"埼玉県","さいたま市浦和区","神明１丁目２３番１号",,11,107,3300065,,,2026-08-06,01,,,2015-10-05,1,,,,,"ヒロセショウテン",0
1683,8030002012842,01,1,2026-08-24,2015-10-05,"有限会社松谷重機",,302,"埼玉県","さいたま市見沼区","大字新堤１４０番地の１０",,11,104,3370013,,,,,,,2015-10-05,0,,,,,"マツタニジュウキ",0
1684,8030002012842,12,1,2026-08-24,2017-06-19,"有限会社松谷重機",,302,"埼玉県","さいたま市岩槻区","大字高曽根１２９６番地４",,11,110,3390022,,,,,,,2015-10-05,1,,,,,"マツタニジュウキ",0
1685,8030003029836,01,0,2026-08-24,2026-08-24,"合同会社コネクト絆",,305,"埼玉県","越谷市","大字大道３１５ベルファミーユ２０１",,11,222,3430035,,,,,,,2026-08-24,1,,,,,"コネクトキズナ",0
1686,8040001027155,22,0,2026-08-24,2026-07-28,"株式会社トラストジャパン",,301,"千葉県","市川市","原木１丁目２番３号",,12,203,2720004,,,,,,,2015-10-05,1,,,,,"トラストジャパン",0
1687,8040001029440,01,1,2026-08-24,2015-10-05,"クリーンエース株式会社",,301,"千葉県","浦安市","富士見５丁目１１番２８号",,12,227,2790043,,,,,,,2015-10-05,1,,,,,"クリーンエース",0
1688,8040001101835,21,0,2026-08-24,2026-08-03,"株式会社キャリスタ",,301,"千葉県","木更津市","大久保２丁目２３番８号",,12,206,2920815,,,2026-08-03,01,,,2017-09-19,1,,,,,"キャリスタ",0
1689,8040001114754,12,0,2026-08-24,2026-08-03,"株式会社デヴォーション",,301,"千葉県","袖ケ浦市","三ツ作１３０６番地１",,12,229,2990254,,,,,,,2020-08-18,1,,,,,"デヴォーション",0
1690,8040001116783,01,1,2026-08-24,2021-01-19,"株式会社ＣＫフロンティア",,301,"千葉県","市原市","千種１丁目１５番地２株式会社三好鉄工所内",,12,219,2990109,,,,,,,2021-01-19,1,,,,,"シーケイフロンティア",0
1691,8040001128820,12,0,2026-08-24,2026-07-31,"株式会社ｎａｔｕｒａｌ",,301,"千葉県","野田市","船形２８５７番地２",,12,208,2700233,,,,,,,2023-06-12,1,,,,,"ナチュラル",0
1692,8040002029654,01,1,2026-08-24,2015-10-05,"有限会社土屋重機",,302,"千葉県","八千代市","平戸２９５番地",,12,221,2760017,,,,,,,2015-10-05,1,,,,,"ツチヤジュウキ",0
1693,8040003005794,01,1,2026-08-24,2015-10-05,"合同会社クロスポイント",,305,"千葉県","佐倉市","ユーカリが丘４丁目１番Ｗ－２４０３号",,12,212,2850858,,,,,,,2015-10-05,1,,,,,"クロスポイント",0
1694,8040003030594,01,0,2026-08-24,2026-08-24,"合同会社ＢＵＩＬＤ",,305,"千葉県","木更津市","大久保２丁目１５番１３号",,12,206,2920815,,,,,,,2026-08-24,1,,,,,"ビルド",0
1695,8040005023258,01,0,2026-08-24,2026-08-24,"一般社団法人神奈川県走友会連盟",,399,"千葉県","木更津市","長須賀１６３１－１１",,12,206,2920054,,,,,,,2026-08-24,1,,,,,"カナガワケンソウユウカイレンメイ",0
1696,8070001021048,21,0,2026-08-24,2026-08-17,"株式会社エースネット",,301,"群馬県","太田市","内ケ島町５５４番地１オオツキビル１階",,10,205,3730813,,,2026-08-17,01,,,2015-10-05,1,,,,,"エースネット",0
1697,8070001044437,01,0,2026-08-24,2026-08-24,"株式会社ＡＫＩＲＡ",,301,"群馬県","太田市","新田上田中町６１９番地２",,10,205,3700346,,,,,,,2026-08-24,1,,,,,"アキラ",0
1698,8070003004769,12,0,2026-08-24,2026-08-12,"ＴＩＳＩＮＩ　ＥＮＴＥＲＰＲＩＳＥＳ合同会社",,305,"群馬県","邑楽郡千代田町","大字木崎３３０番地の１",,10,523,3700721,,,,,,,2023-01-06,1,,,,,"ティシニエンタープライゼズ",0
1699,8070005003240,01,1,2026-08-24,2015-10-05,"医療法人ゼロポジシヨン",,399,"群馬県","高崎市","島野町１０３８番地１",,10,202,3700015,,,,,,,2015-10-05,1,,,,,"ゼロポジシヨン",0
1700,8080002003944,01,1,2026-08-24,2015-10-05,"有限会社トーカイ",,302,"静岡県","静岡市駿河区","大谷３８００番地の２８５",,22,102,4228017,,,,,,,2015-10-05,1,,,,,"トーカイ",0
1701,8080101019222,01,1,2026-08-24,2016-07-12,"元気・はつらつ農園株式会社",,301,"静岡県","三島市","谷田夏梅木５９１番地の１－３０２",,22,206,4110801,,,,,,,2016-07-12,1,,,,,"ゲンキハツラツノウエン",0
1702,8080101026425,01,0,2026-08-24,2026-08-24,"株式会社みてみて",,301,"静岡県","富士市","瓜島町１３８番地１ぷち蔵ビル永田２１０号室",,22,210,4170057,,,,,,,2026-08-24,1,,,,,"ミテミテ",0
1703,8080101026466,01,0,2026-08-24,2026-08-24,"株式会社白緑",,301,"静岡県","駿東郡長泉町","南一色４８７番地",,22,342,4110932,,,,,,,2026-08-24,1,,,,,"ビャクロク",0
1704,8080402014517,21,0,2026-08-24,2026-08-19,"有限会社神楽",,302,"静岡県","浜松市中央区","西島町１３１８番地の１",,22,138,4300837,,,2026-08-19,11,6080401009973,"令和８年７月１５日東京都千代田区西神田三丁目３番６号株式会社ハイブリッヂ（6080401009973）に合併し解散",2015-10-05,1,,,,,"カグラ",0
1705,8090001020048,01,0,2026-08-24,2026-08-24,"株式会社Ｍ建",,301,"山梨県","中央市","木原７５７番地２",,19,214,4001511,,,,,,,2026-08-24,1,,,,,"エムケン",0
1706,8090003001252,01,1,2026-08-24,2017-01-11,"グリーンエナジー合同会社",,305,"山梨県","大月市","七保町林１０４６番地",,19,206,4090624,,,,,,,2017-01-11,0,,,,,"グリーンエナジー",0
1707,8090003001252,12,0,2026-08-24,2026-08-19,"グリーンエナジー合同会社",,305,"東京都","港区","麻布十番２丁目８番１６号ＩＳＩビル５階",,13,103,1060045,,,,,,,2017-01-11,1,,,,,"グリーンエナジー",0
1708,8100001039953,01,0,2026-08-24,2026-08-24,"株式会社こばやし農保",,301,"長野県","上高井郡小布施町","大字小布施１８７１番地",,20,541,3810201,,,,,,,2026-08-24,1,,,,,"コバヤシノウホ",0
1709,8100002032370,21,0,2026-08-24,2026-07-30,"有限会社日新",,302,"神奈川県","藤沢市","藤沢１４６番２０号",,14,205,2510052,,,2026-07-30,01,,,2015-10-05,1,,,,,"ニッシン",0
1710,8100002037048,21,0,2026-08-24,2026-08-19,"有限会社橋本商会",,302,"長野県","飯田市","知久町３丁目４０番地",,20,205,3950045,,,2026-08-19,01,,,2015-10-05,1,,,,,"ハシモトショウカイ",0
1711,8110001037824,12,0,2026-08-24,2026-08-17,"株式会社ＤＡＩＲＡｓ",,301,"新潟県","長岡市","関原南５丁目４９６４番地",,15,202,9402039,,,,,,,2023-09-06,1,,,,,"ダイラス",0
1712,8110001040357,01,0,2026-08-24,2026-08-24,"新潟総合不動産株式会社",,301,"新潟県","新潟市秋葉区","新津本町３丁目１７番１４号ＮＳＦ２０１",,15,105,9560864,,,,,,,2026-08-24,1,,,,,"ニイガタソウゴウフドウサン",0
1713,8110002012108,01,1,2026-08-24,2015-10-05,"有限会社新潟美甦",,302,"新潟県","新潟市東区","牡丹山４丁目２番１６号",,15,102,9500872,,,,,,,2015-10-05,1,,,,,"ニイガタビコウ",0
1714,8110002022651,01,1,2026-08-24,2015-10-05,"有限会社小島スポーツ",,302,"新潟県","上越市","仲町２丁目６番８号",,15,222,9430831,,,,,,,2015-10-05,1,,,,,"コジマスポーツ",0
1715,8110002026322,12,0,2026-08-24,2026-08-17,"有限会社姫川電業",,302,"新潟県","糸魚川市","南押上３丁目８番３５号",,15,216,9410052,,,,,,,2015-10-05,1,,,,,"ヒメカワデンギョウ",0
1716,8110003000565,21,0,2026-08-24,2026-08-17,"合同会社フジサワ",,305,"新潟県","新潟市西区","青山８丁目３番３４号",,15,107,9502002,,,2026-08-17,01,,,2015-10-05,1,,,,,"フジサワ",0
1717,8120001206188,12,0,2026-08-24,2026-08-10,"株式会社シリウス",,301,"大阪府","大阪市城東区","中央３丁目１番１３号－８０１",,27,118,5360005,,,,,,,2017-06-08,1,,,,,,0
1718,8120001288565,01,0,2026-08-24,2026-08-24,"株式会社ＢＵＢＢＬＥＭＯＮ",,301,"大阪府","大阪市東淀川区","豊新３丁目２４番６号プラザコウエイＩＩ３０９号室",00144712,27,114,5330014,,,,,,,2026-08-24,1,,,,,"バブルモン",0
1719,8120001288664,01,0,2026-08-24,2026-08-24,"株式会社ベルテックジャパン",,301,"大阪府","大阪市浪速区","幸町１丁目２‐９",,27,111,5560021,,,,,,,2026-08-24,1,,,,,"ベルテックジャパン",0
1720,8120001288680,01,0,2026-08-24,2026-08-24,"ＡＬＶＩＡ株式会社",,301,"大阪府","大阪市西区","阿波座１丁目２番２号エスリード本町８０８",,27,106,5500011,,,,,,,2026-08-24,1,,,,,"アルビア",0
1721,8120003027293,11,0,2026-08-24,2026-08-07,"株式会社Ｌｉｅｎ　Ｒｅａｌｔｙ",,301,"大阪府","守口市","藤田町３丁目１８番９号",,27,209,5700014,,,,,,,2024-08-13,1,,,,,"リアンリアルティ",0
1722,8120003033300,01,0,2026-08-24,2026-08-24,"合同会社おばあ",,305,"大阪府","枚方市","牧野阪１丁目１６番１５号",,27,210,5731146,,,,,,,2026-08-24,1,,,,,"オバア",0
1723,8120005025741,01,0,2026-08-24,2026-08-24,"一般社団法人両立支援協会",,399,"大阪府","大阪市中央区","天満橋京町２番６号天満橋八千代ビル別館７階Ｄ号室",,27,128,5400032,,,,,,,2026-08-24,1,,,,,"リョウリツシエンキョウカイ",0
1724,8120101054644,01,1,2026-08-24,2016-04-19,"株式会社ｗｅ－Ｂ　ｓｔｕｄｉｏｓ",,301,"大阪府","堺市堺区","向陵中町３丁３番２０号２Ｆ",,27,141,5900024,,,,,,,2016-04-19,1,,,,,"ウィービースタジオズ",0
1725,8120901052013,12,0,2026-08-24,2026-08-18,"株式会社Ａｃｈｔ",,301,"大阪府","豊中市","新千里北町３丁目１６番９号",,27,203,5600081,,,,,,,2025-12-24,1,,,,,"アハト",0
1726,8120902012791,21,0,2026-08-24,2026-08-17,"有限会社オダ建築事務所",,302,"大阪府","茨木市","若草町４番３０－１００４号",,27,211,5670875,,,2026-08-17,01,,,2015-10-05,1,,,,,"オダケンチクジムショ",0
1727,8120902013906,01,1,2026-08-24,2015-10-05,"有限会社ＡＸＩＳ",,302,"大阪府","大阪市東淀川区","相川１丁目７番１７号４Ｆ",,27,114,5330007,,,,,,,2015-10-05,0,,,,,"アクシス",0
1728,8120902013906,12,1,2026-08-24,2016-11-01,"有限会社ＡＸＩＳ",,302,"大阪府","大阪市東淀川区","相川２丁目１０番１０号１Ｆ",,27,114,5330007,,,,,,,2015-10-05,1,,,,,"アクシス",0
1729,8120902015753,12,0,2026-08-24,2026-08-18,"有限会社松木コーポレーション",,302,"大阪府","豊中市","上新田２丁目１３番３１号",,27,203,5600085,,,,,,,2015-10-05,1,,,,,"マツキコーポレーション",0
1730,8130001014433,01,1,2026-08-24,2015-10-05,"株式会社小我野木工所",,301,"京都府","京都市伏見区","東堺町５３１番地",,26,109,6128066,,,,,,,2015-10-05,0,,,,,"コガノモッコウジョ",0
1731,8130001014433,12,1,2026-08-24,2019-06-07,"株式会社小我野木工所",,301,"京都府","京都市伏見区","横大路菅本２－５",,26,109,6128251,,,,,,,2015-10-05,1,,,,,"コガノモッコウジョ",0
1732,8130003009539,12,0,2026-08-24,2026-07-30,"緑青合同会社",,305,"京都府","京都市北区","紫野上門前町１４－２",,26,101,6038217,,,,,,,2024-05-08,1,,,,,"ロクショウ",0
1733,8130003010348,12,0,2026-08-24,2026-08-03,"合同会社まりむ",,305,"京都府","京都市中京区","富小路通六角下る骨屋之町５５２番地６０４号室",,26,104,6048064,,,,,,,2025-04-09,1,,,,,"マリム",0
1734,8130003011602,01,0,2026-08-24,2026-08-24,"ＪＢ　Ｉｎｔｅｒｎａｔｉｏｎａｌ合同会社",,305,"京都府","亀岡市","篠町夕日ケ丘１丁目５番２２号",,26,206,6210829,,,,,,,2026-08-24,1,,,,,"ジェイビーインターナショナル",0
1735,8140001135204,21,0,2026-08-24,2026-08-12,"株式会社ＲＯＳＥ",,301,"兵庫県","芦屋市","奥池南町５１番２８号",,28,206,6590004,,,2026-08-12,01,,,2024-07-23,1,,,,,"ローズ",0
1736,8140001137514,12,0,2026-08-24,2026-08-13,"株式会社ＹＯＳＣＩＩ",,301,"兵庫県","西宮市","南越木岩町５－１８－１階",,28,204,6620075,,,,,,,2025-02-28,1,,,,,"ヨスキー",0
1737,8140002007633,01,1,2026-08-24,2015-10-05,"有限会社中野事務所",,302,"兵庫県","神戸市須磨区","西落合１丁目１番２－７２６号",,28,107,6540155,,,,,,,2015-10-05,1,,,,,"ナカノジムショ",0
1738,8140002033621,01,1,2026-08-24,2015-10-05,"有限会社綿田商店",,302,"兵庫県","赤穂市","坂越１５６９番地",,28,212,6780172,,,,,,,2015-10-05,1,,,,,"ワタダショウテン",0
1739,8140003023670,12,0,2026-08-24,2026-08-13,"合同会社フードジャム",,305,"兵庫県","神戸市東灘区","岡本７丁目２－４",,28,101,6580072,,,,,,,2026-06-03,1,,,,,"フードジャム",0
1740,8160001005933,01,1,2026-08-24,2015-10-05,"株式会社高伸",,301,"滋賀県","甲賀市","水口町山３８５８番地９８",,25,209,5280067,,,,,,,2015-10-05,1,,,,,"コウシン",0
1741,8160001019834,01,1,2026-08-24,2016-11-08,"株式会社ミヅホ工芸",,301,"滋賀県","高島市","安曇川町青柳１１７２番地１",,25,212,5201221,,,,,,,2016-11-08,1,,,,,"ミヅホコウゲイ",0
1742,8170001006971,21,0,2026-08-24,2026-08-21,"株式会社ニューロード",,301,"和歌山県","和歌山市","杭ノ瀬２７１番地の４６",,30,201,6410001,,,2026-08-21,01,,,2015-10-05,1,,,,,"ニューロード",0
1743,8170002002045,01,1,2026-08-24,2015-10-05,"有限会社菅興業",,302,"和歌山県","和歌山市","島崎町４丁目２４番地の３０",,30,201,6408125,,,,,,,2015-10-05,1,,,,,"スガコウギョウ",0
1744,8170002008983,21,0,2026-08-24,2026-08-20,"有限会社万呂瓦店",,302,"和歌山県","田辺市","下万呂４８３番地",,30,206,6460004,,,2026-08-20,01,,,2015-10-05,1,,,,,"マロカワラテン",0
1745,8180001000949,21,0,2026-08-24,2026-08-19,"永川工業株式会社",,301,"愛知県","名古屋市守山区","川宮町５６番地",,23,113,4630081,,,2026-08-19,01,,,2015-10-05,1,,,,,"ナガカワコウギョウ",0
1746,8180001098414,01,1,2026-08-24,2015-10-05,"株式会社品川製作所",,301,"愛知県","あま市","篠田新割２１番地１",,23,237,4901211,,,,,,,2015-10-05,1,,,,,"シナガワセイサクジョ",0
1747,8180001114939,01,1,2026-08-24,2015-10-05,"株式会社つくば化成",,301,"愛知県","名古屋市中区","大須３丁目４４番３０号",,23,106,4600011,,,,,,,2015-10-05,1,,,,,"ツクバカセイ",0
1748,8180001116010,12,0,2026-08-24,2026-08-13,"ジェイニコルズ株式会社",,301,"愛知県","名古屋市北区","八代町１丁目１０２番地１",,23,103,4620043,,,,,,,2015-10-05,0,,,,,,0
1749,8180001116010,11,0,2026-08-24,2026-08-13,"株式会社ＫＩＲＡＮＳＯＵ",,301,"愛知県","名古屋市北区","八代町１丁目１０２番地１",,23,103,4620043,,,,,,,2015-10-05,1,,,,,"キランソウ",0
1750,8180001173200,01,0,2026-08-24,2026-08-24,"ダイナミックオーガニゼーション株式会社",,301,"愛知県","名古屋市東区","芳野３丁目９番８号",,23,102,4610027,,,,,,,2026-08-24,1,,,,,"ダイナミックオーガニゼーション",0
1751,8180001173217,01,0,2026-08-24,2026-08-24,"株式会社廣川商事",,301,"愛知県","日進市","三本木町大根９６",,23,230,4700101,,,,,,,2026-08-24,1,,,,,"ヒロカワショウジ",0
1752,8180001173241,01,0,2026-08-24,2026-08-24,"株式会社ハヤシチクロ",,301,"愛知県","一宮市","浅野字比丘尼塚６４番地１２",,23,203,4910871,,,,,,,2026-08-24,1,,,,,"ハヤシチクロ",0
1753,8180003030713,01,0,2026-08-24,2026-08-24,"合同会社Ｔｈｅ　Ｆｉｒｓｔ　Ｓｔｅｐ",,305,"愛知県","半田市","前崎西町２３番地",,23,205,4750864,,,,,,,2026-08-24,1,,,,,"ザファーストステップ",0
1754,8180301003684,01,1,2026-08-24,2015-10-05,"金松工業株式会社",,301,"愛知県","岡崎市","大樹寺３丁目８番地２４",,23,202,4442134,,,,,,,2015-10-05,1,,,,,"カネマツコウギョウ",0
1755,8180301031768,12,0,2026-08-24,2026-08-19,"株式会社アソビバ",,301,"愛知県","愛知郡東郷町","御岳１丁目３－１",,23,302,4700156,,,,,,,2018-08-13,1,,,,,"アソビバ",0
1756,8190001003439,01,1,2026-08-24,2015-10-05,"竹森不動産株式会社",,301,"三重県","亀山市","天神１丁目２番１１号１",,24,210,5190142,,,,,,,2015-10-05,1,,,,,"タケモリフドウサン",0
1757,8190001005385,01,1,2026-08-24,2015-10-05,"株式会社まるかつ",,301,"三重県","鈴鹿市","白子１丁目２２番２号",,24,207,5100243,,,,,,,2015-10-05,0,,,,,"マルカツ",0
1758,8190001005385,12,1,2026-08-24,2017-08-29,"株式会社まるかつ",,301,"三重県","鈴鹿市","白子本町１８番１６号",,24,207,5100242,,,,,,,2015-10-05,1,,,,,"マルカツ",0
1759,8200001043219,12,0,2026-08-24,2026-08-19,"株式会社エコライン",,301,"愛知県","一宮市","三条字宮西３６番地２",,23,203,4940003,,,,,,,2024-12-12,1,,,,,"エコライン",0
1760,8200001045396,01,0,2026-08-24,2026-08-24,"株式会社ＮＯＶＡＬＵＸ",,301,"岐阜県","各務原市","鵜沼宝積寺町５丁目１０番地４",,21,213,5090123,,,,,,,2026-08-24,1,,,,,"ノヴァルークス",0
1761,8200005008449,01,1,2026-08-24,2015-10-05,"神明神社",,399,"岐阜県","土岐市","曽木町９２番地",,21,212,5095402,,,,,,,2015-10-05,1,,,,,"シンメイジンジャ",0
1762,8210002008616,21,0,2026-08-24,2026-08-20,"有限会社　ローズ大和",,302,"福井県","坂井市","三国町山岸第６９号３６番地３",,18,210,9130032,,,2026-08-20,01,,,2015-10-05,1,,,,,"ローズダイワ",0
1763,8210005006030,12,0,2026-08-24,2026-08-20,"特定非営利活動法人福井地域地盤防災研究所",,399,"福井県","あわら市","花乃杜１丁目２番２６号",,18,208,9190633,,,,,,,2015-10-05,1,,,,,"フクイチイキジバンボウサイケンキュウジョ",0
1764,8220001013608,21,0,2026-08-24,2026-08-20,"株式会社湯元越後屋",,301,"石川県","加賀市","山中温泉湯の出町レ１６番地",,17,206,9220124,,,2026-08-20,01,,,2015-10-05,1,,,,,"ユモトエチゴヤ",0
1765,8230001005091,71,0,2026-08-24,2026-08-21,"株式会社藤井産業",,301,"富山県","富山市","婦中町余川１６番地",,16,201,9390000,,,,,,"令和８年８月２１日富山市婦中町余川１６番地株式会社藤井産業運輸（1230001005569）を合併",2015-10-05,1,,,,,"フジイサンギョウ",0
1766,8260002023164,12,0,2026-08-24,2026-08-21,"有限会社インテリア工房三基",,302,"岡山県","倉敷市","福江１２００－２９",,33,202,7100145,,,,,,,2015-10-05,1,,,,,"インテリアコウボウサンキ",0
1767,8270001005880,21,0,2026-08-24,2026-08-20,"株式会社やとや",,301,"鳥取県","米子市","弥生町８番地２７",,31,202,6830036,,,2026-08-20,01,,,2015-10-05,1,,,,,"ヤトヤ",0
1768,8280002011687,21,0,2026-08-24,2026-08-20,"有限会社三成マツダ",,302,"島根県","仁多郡奥出雲町","三成７０４番地１５",,32,343,6991511,,,2026-08-20,01,,,2015-10-05,1,,,,,"ミナリマツダ",0
1769,8290001056625,01,1,2026-08-24,2015-10-05,"株式会社ジュノー",,301,"福岡県","福岡市東区","香住ケ丘４丁目１３番１１号",,40,131,8130003,,,,,,,2015-10-05,1,,,,,"ジュノー",0
1770,8290001080261,12,0,2026-08-24,2026-08-10,"テクノモデル九州株式会社",,301,"福岡県","古賀市","天神４丁目１３番２８号",,40,223,8113101,,,,,,,2018-01-18,1,,,,,"テクノモデルキュウシュウ",0
1771,8290001084808,12,0,2026-08-24,2026-08-10,"明松電工株式会社",,301,"福岡県","福岡市博多区","堅粕３丁目１７番１１号",,40,132,8120043,,,,,,,2019-04-05,1,,,,,"タイマツデンコウ",0
1772,8290001085657,12,0,2026-08-24,2026-08-06,"株式会社クロエ",,301,"福岡県","福岡市城南区","田島２丁目２６番１０－１号",,40,136,8140113,,,,,,,2019-06-25,1,,,,,"クロエ",0
1773,8290001102981,12,0,2026-08-24,2026-08-05,"株式会社三興匠技",,301,"福岡県","福岡市南区","花畑３丁目２９番４号",,40,134,8111356,,,,,,,2023-09-14,1,,,,,"サンコウショウギ",0
1774,8290001104672,11,0,2026-08-24,2026-08-10,"株式会社Ｇｒｏｗｔｈ　Ｍａｋｅｒｓ",,301,"福岡県","福岡市中央区","天神２丁目８番３５号天神住友生命ＦＪビジネスセンター５、６階",,40,133,8100001,,,,,,,2024-02-13,1,,,,,"グロースメイカーズ",0
1775,8290003018805,01,0,2026-08-24,2026-08-24,"合同会社おさかな工房",,305,"福岡県","柳川市","大和町六合１５３１番地１",,40,207,8390244,,,,,,,2026-08-24,1,,,,,"オサカナコウボウ",0
1776,8290802007223,01,1,2026-08-24,2015-10-05,"有限会社まる",,302,"福岡県","北九州市小倉北区","室町３丁目２番２７号",,40,106,8030812,,,,,,,2015-10-05,1,,,,,"マル",0
1777,8320001018869,12,0,2026-08-24,2026-08-10,"ａｓ株式会社",,301,"大分県","大分市","中島西２丁目６番６号中島西ビル２階",,44,201,8700047,,,,,,,2022-01-31,1,,,,,"アズ",0
1778,8320003000412,12,0,2026-08-24,2026-08-10,"合同会社豊生",,305,"大分県","大分市","大字白木１１６６－１",,44,201,8792202,,,,,,,2015-10-05,1,,,,,,0
1779,8340001012812,01,1,2026-08-24,2015-10-05,"株式会社堂薗組",,301,"鹿児島県","南九州市","川辺町平山１９１５番地の１",,46,223,8970215,,,,,,,2015-10-05,1,,,,,"ドウゾノグミ",0
1780,8340002013900,21,0,2026-08-24,2026-08-13,"有限会社東東荘",,302,"鹿児島県","霧島市","国分中央３丁目１７番７号",,46,218,8994332,,,2026-08-13,01,,,2015-10-05,1,,,,,"トントンソウ",0
1781,8340002021432,01,1,2026-08-24,2015-10-05,"安田藥品有限会社",,302,"鹿児島県","奄美市","名瀬真名津町１３番４０号",,46,222,8940015,,,,,,,2015-10-05,1,,,,,"ヤスダヤクヒン",0
1782,8340003005310,01,0,2026-08-24,2026-08-24,"合同会社Ｂｌｕｅ　Ｌｉｇｈｔ　Ｓｐａｃｅ",,305,"鹿児島県","鹿児島市","武岡４丁目３８－３",,46,201,8900031,,,,,,,2026-08-24,1,,,,,"ブルーライトスペース",0
1783,8340005002561,12,0,2026-08-24,2026-08-21,"医療法人啓友会",,399,"鹿児島県","霧島市","国分下井６１８番地１",,46,218,8994463,,,,,,,2015-10-05,1,,,,,"ケイユウカイ",0
1784,8360001018584,12,0,2026-08-24,2026-07-28,"株式会社ワイシステム",,301,"沖縄県","那覇市","前島３丁目７番２２号アールジェイビル２階",,47,201,9000016,,,,,,,2015-10-05,1,,,,,"ワイシステム",0
1785,8360001033815,12,0,2026-08-24,2026-07-21,"株式会社ウチナテラス",,301,"沖縄県","宜野湾市","真志喜１丁目１１－１２コモンズビル３０３",,47,205,9012224,,,,,,,2024-06-13,1,,,,,"ウチナテラス",0
1786,8380001015935,21,0,2026-08-24,2026-08-20,"相馬港木材ビル株式会社",,301,"福島県","相馬市","中村字荒井町３番地",,07,209,9760042,,,2026-08-20,01,,,2015-10-05,1,,,,,"ソウマコウモクザイビル",0
1787,8380001022056,12,0,2026-08-24,2026-08-21,"株式会社えーる",,301,"福島県","福島市","松川町字前原１２番１",,07,201,9601241,,,,,,,2015-10-05,1,,,,,,0
1788,8380001036279,01,0,2026-08-24,2026-08-24,"ＡＭホールディングス株式会社",,301,"福島県","白河市","夏梨子前２８番地１",,07,205,9610000,,,,,,,2026-08-24,1,,,,,"エーエムホールディングス",0
1789,8390005002813,01,1,2026-08-24,2015-10-05,"一般社団法人山形県労働基準協会連合会",,399,"山形県","山形市","緑町１丁目９番３０号",,06,201,9900041,,,,,,,2015-10-05,1,,,,,"ヤマガタケンロウドウキジュンキョウカイレンゴウカイ",0
1790,8400001004803,12,0,2026-08-24,2026-08-07,"フロンティア株式会社",,301,"岩手県","北上市","里分１２地割７番地５",,03,206,0240023,,,,,,,2015-10-05,1,,,,,"フロンティア",0
1791,8400001015305,12,0,2026-08-24,2026-08-07,"ホーショー物流盛岡株式会社",,301,"岩手県","紫波郡矢巾町","大字南矢幅第１１地割１４番地１３",,03,322,0283615,,,,,,,2021-02-03,1,,,,,"ホーショーブツリュウモリオカ",0
1792,8410001014529,12,0,2026-08-24,2026-08-20,"株式会社カネマツ",,301,"秋田県","秋田市","千秋城下町４番１５号",,05,201,0100873,,,,,,,2026-06-22,1,,,,,"カネマツ",0
1793,8420001019626,01,0,2026-08-24,2026-08-24,"株式会社浪岡オフィス",,301,"青森県","青森市","浪岡大字浪岡字細田１９１番地２",,02,201,0381311,,,,,,,2026-08-24,1,,,,,"ナミオカオフィス",0
1794,8430001066948,21,0,2026-08-24,2026-08-21,"ぽじてぃぶらんど株式会社",,301,"北海道","札幌市東区","北四十六条東１７丁目１－１７イーグル４６",,01,103,0070846,,,2026-08-21,01,,,2015-10-05,1,,,,,"ポジティブランド",0
1795,8430002036396,12,0,2026-08-24,2026-08-20,"有限会社ユーボデー",,302,"北海道","札幌市東区","東苗穂五条１丁目１２－１４",,01,103,0070805,,,,,,,2015-10-05,1,,,,,"ユーボデー",0
1796,8430003007198,01,1,2026-08-24,2015-11-27,"ＧＬＯ　ＭＡＮＡＧＥＭＥＮＴ合同会社",,305,"北海道","虻田郡ニセコ町","字東山３５番地",,01,395,0481521,,,,,,,2015-11-27,1,,,,,"グローマネジメント",0
1797,8430003019334,01,0,2026-08-24,2026-08-24,"合同会社Ｌｏｔ　ｏｆ　Ｆｕｎ",,305,"北海道","札幌市中央区","北一条東５丁目１０番地岡山ビル２Ｆ２０２",,01,101,0600031,,,,,,,2026-08-24,1,,,,,"ロットオブファン",0
1798,8490003001897,12,0,2026-08-24,2026-08-18,"合同会社ｉｎｓｉｄｅ　ｖｉｌｌａｇｅ",,305,"高知県","高知市","瀬戸南町２丁目８番５０号",,39,201,7810253,,,,,,,2024-06-13,1,,,,,"インサイドビィレッジ",0
1799,9010001038121,21,0,2026-08-24,2026-07-23,"株式会社エグゼックコンサルティング",,301,"東京都","中央区","八丁堀４丁目４番５号市川ビル３階",,13,102,1040032,,,2026-07-23,01,,,2015-10-05,1,,,,,"エグゼックコンサルティング",0
1800,9010001068119,01,1,2026-08-24,2015-10-05,"株式会社東京ドーム・リゾートオペレーションズ",,301,"東京都","文京区","後楽１丁目３番６１号",,13,105,1120004,,,,,,,2015-10-05,1,,,,,,0
1801,9010001126388,01,1,2026-08-24,2015-10-05,"株式会社エムディエヌコーポレーション",,301,"東京都","千代田区","神田神保町１丁目１０５番地",,13,101,1010051,,,,,,,2015-10-05,0,"MdN Corporation","Tokyo","1-105, Kanda jinbo-cho, Chiyoda ku",,"エムディエヌコーポレーション",0
1802,9010001126388,21,0,2026-08-24,2026-07-13,"株式会社エムディエヌコーポレーション",,301,"東京都","千代田区","神田神保町１丁目１０５番地",,13,101,1010051,,,2026-07-13,11,7010001089959,"令和８年７月１日東京都千代田区神田神保町一丁目１０５番地株式会社インプレス（7010001089959）に合併し解散",2015-10-05,1,"MdN Corporation","Tokyo","1-105, Kanda jinbo-cho, Chiyoda ku",,"エムディエヌコーポレーション",0
1803,9010001153085,01,1,2026-08-24,2015-10-05,"株式会社ＲＥ１",,301,"東京都","千代田区","霞が関３丁目２番５号",,13,101,1000013,,,,,,,2015-10-05,1,,,,,,0
1804,9010001165840,12,0,2026-08-24,2026-08-20,"株式会社デジタルイノベーション研究所",,301,"東京都","中央区","日本橋小舟町二丁目５番地Ｈ１Ｏ日本橋小舟町ＩＩ８２０号室",00144703,13,102,1030024,,,,,,,2015-10-05,1,,,,,"デジタルイノベーションケンキュウジョ",0
1805,9010001166368,01,1,2026-08-24,2015-10-05,"株式会社ｅｘｔ",,301,"東京都","中央区","東日本橋３丁目１０番１４号サンライズ橘４Ｆ",,13,102,1030004,,,,,,,2015-10-05,0,,,,,"エクジット",0
1806,9010001166368,12,1,2026-08-24,2016-06-07,"株式会社ｅｘｔ",,301,"新潟県","新潟市中央区","米山４丁目１番３１号紫竹綜合ビル５０３",,15,103,9500916,,,,,,,2015-10-05,0,,,,,"エクジット",0
1807,9010001166368,12,1,2026-08-24,2023-06-05,"株式会社ｅｘｔ",,301,"新潟県","新潟市中央区","上大川前通７番町１２３０番地７ストークビル鏡橋７階",,15,103,9518068,,,,,,,2015-10-05,1,,,,,"エクジット",0
1808,9010001184873,12,0,2026-08-24,2026-08-20,"株式会社Ｖｉｖａｃｅ",,301,"神奈川県","川崎市川崎区","藤崎４丁目１７番２０－２号",,14,131,2100804,,,,,,,2017-07-14,1,,,,,"ヴィヴァーチェ",0
1809,9010001210885,12,0,2026-08-24,2026-08-03,"私たちの株式会社",,301,"京都府","京都市下京区","小稲荷町８５番地２Ｇｒａｎｄ－Ｋ京都駅前ビル２０１",,26,106,6008208,,,,,,,2020-07-10,1,,,,,"ワタシタチノ",0
1810,9010001235239,12,0,2026-08-24,2026-08-19,"株式会社ＴＡＩＧＡ",,301,"東京都","港区","新橋３丁目１９番７号江夏ビル６０２",,13,103,1050004,,,,,,,2023-05-16,1,,,,,"タイガ",0
1811,9010001235370,12,0,2026-08-24,2026-08-17,"ＳｍａｒｔＲｏｐｐｏ株式会社",,301,"東京都","港区","六本木５丁目１３番２８－２０６号",,13,103,1060032,,,,,,,2023-05-17,1,,,,,"スマートロッポー",0
1812,9010001254148,01,1,2026-08-24,2025-04-15,"ＭＩＴガエアエネルギー開発株式会社",,301,"東京都","千代田区","大手町１丁目２番１号",,13,101,1000004,,,,,,,2025-04-15,1,,,,,"ミットガエアエネルギーカイハツ",0
1813,9010001258537,12,0,2026-08-24,2026-08-18,"Ｚｈｅｎｎｙ　Ｍｅｄｉａ株式会社",,301,"東京都","港区","赤坂９丁目２番１３－４０８号",,13,103,1070052,,,,,,,2025-09-18,1,,,,,"ジェニーメディア",0
1814,9010001265938,01,1,2026-08-24,2026-06-17,"ヒノモト商事綜合株式会社",,301,"東京都","中央区","銀座１丁目１２－４Ｎ＆ＥＢＬＤ．７階",,13,102,1040061,,,,,,,2026-06-17,1,,,,,"ヒノモトショウジソウゴウ",0
1815,9010001268271,01,0,2026-08-24,2026-08-24,"株式会社マイナエキスパート",,301,"東京都","中央区","日本橋兜町１７―２兜町第６葉山ビル４Ｆ",,13,102,1030026,,,,,,,2026-08-24,1,,,,,"マイナエキスパート",0
1816,9010003052384,01,0,2026-08-24,2026-08-24,"Ａｎｔ‐０１合同会社",,305,"東京都","千代田区","平河町１丁目６番１５号シルスフィア会計事務所内",,13,101,1020093,,,,,,,2026-08-24,1,,,,,"アントゼロワン",0
1817,9010005015926,12,0,2026-08-24,2026-07-21,"清和税理士法人",,399,"東京都","千代田区","九段南１丁目６番５号九段会館テラスＣｌａｓｓｉｃＯｆｆｉｃｅ３階Ｄ区画",,13,101,1020074,,,,,,,2015-10-05,1,,,,,"セイワ",0
1818,9010103002875,01,0,2026-08-24,2026-08-24,"鈴合同会社",,305,"東京都","八王子市","北野町５６９番地９",,13,201,1920906,,,,,,,2026-08-24,1,,,,,"スズ",0
1819,9010401109364,12,0,2026-08-24,2026-08-20,"株式会社オレンジグラフィックス",,301,"東京都","大田区","鵜の木２丁目４２番１５－１０５号",,13,111,1460091,,,,,,,2015-10-05,1,,,,,"オレンジグラフィックス",0
1820,9010401141961,12,0,2026-08-24,2026-08-20,"株式会社Ｒｏｂｏｓｈ",,301,"東京都","千代田区","麹町４丁目４－７アトム麹町タワー７階",,13,101,1020083,,,,,,,2018-11-09,1,,,,,"ロボッシュ",0
1821,9010401160929,12,0,2026-08-24,2026-08-04,"株式会社アンドキーロム",,301,"東京都","目黒区","中根１丁目６番１２号菅野ビル３階",,13,110,1520031,,,,,,,2021-06-21,1,,,,,"アンドキーロム",0
1822,9010401181041,12,0,2026-08-24,2026-08-20,"株式会社ローレ東京",,301,"東京都","中央区","日本橋室町１丁目１１番１４号",,13,102,1030022,,,,,,,2024-03-18,1,,,,,"ローレトウキョウ",0
1823,9010401201328,01,0,2026-08-24,2026-08-24,"サーブ・メディカル株式会社",,301,"東京都","港区","虎ノ門１丁目１５－１０名和ビル４Ｆ",,13,103,1050001,,,,,,,2026-08-24,1,,,,,"サーブメディカル",0
1824,9010401201575,01,0,2026-08-24,2026-08-24,"ＳＡＧＵＮ　ＮＩＰＰＯＮ株式会社",,301,"東京都","港区","元赤坂１丁目２番７号赤坂Ｋタワー４階",,13,103,1070051,,,,,,,2026-08-24,1,,,,,"サグンニッポン",0
1825,9010401201682,01,0,2026-08-24,2026-08-24,"株式会社イオリ",,301,"東京都","港区","北青山１丁目３番１号アールキューブ青山３階",,13,103,1070061,,,,,,,2026-08-24,1,,,,,"イオリ",0
1826,9010403031789,12,0,2026-08-24,2026-07-17,"合同会社ＴＪＭパワー",,305,"東京都","港区","虎ノ門１丁目２番８号株式会社リエネ・エナジー内",,13,103,1050001,,,,,,,2024-01-25,1,,,,,"ティジェイエムパワー",0
1827,9010405017522,21,0,2026-08-24,2026-07-22,"Ｃｒｅｄｏｓ特定目的会社",,399,"東京都","港区","虎ノ門２丁目６番１号",,13,103,1050001,,,2026-07-22,01,,,2019-03-08,1,,,,,"クレドス",0
1828,9010601039527,12,0,2026-08-24,2026-08-17,"株式会社ミートアイズ",,301,"東京都","江東区","豊洲４丁目６番３号",,13,108,1350061,,,,,,,2015-10-05,1,,,,,"ミートアイズ",0
1829,9010602027935,21,0,2026-08-24,2026-08-17,"有限会社マインド",,302,"東京都","墨田区","業平１丁目６番３－１２０１号",,13,107,1300002,,,2026-08-17,01,,,2015-10-05,1,,,,,"マインド",0
1830,9010603012424,01,0,2026-08-24,2026-08-24,"合同会社はるの",,305,"東京都","墨田区","錦糸１丁目２番１号アルカセントラル１４Ｆ",,13,107,1300013,,,,,,,2026-08-24,1,,,,,"ハルノ",0
1831,9010701006352,01,1,2026-08-24,2015-10-05,"株式会社テンショウ",,301,"東京都","品川区","上大崎３丁目９番１１－１０１号",,13,109,1410021,,,,,,,2015-10-05,1,,,,,"テンショウ",0
1832,9010701039468,01,1,2026-08-24,2020-07-07,"就活会議株式会社",,301,"東京都","品川区","上大崎２丁目２５番２号",,13,109,1410021,,,,,,,2020-07-07,0,,,,,,0
1833,9010701039468,12,1,2026-08-24,2020-08-11,"就活会議株式会社",,301,"東京都","新宿区","西新宿８丁目１７番１号",,13,104,1600023,,,,,,,2020-07-07,0,,,,,,0
1834,9010701039468,12,1,2026-08-24,2022-12-09,"就活会議株式会社",,301,"東京都","新宿区","北新宿２丁目２１番１号新宿フロントタワー５階",,13,104,1690074,,,,,,,2020-07-07,1,,,,,,0
1835,9010703002746,01,1,2026-08-24,2015-10-05,"ギフト合同会社",,305,"東京都","品川区","大崎５丁目８番５－９１４号",,13,109,1410032,,,,,,,2015-10-05,0,,,,,"ギフト",0
1836,9010703002746,12,1,2026-08-24,2016-02-23,"ギフト合同会社",,305,"神奈川県","横浜市西区","北幸１丁目１１番１号水信ビル７階",,14,103,2200004,,,,,,,2015-10-05,0,,,,,"ギフト",0
1837,9010703002746,12,0,2026-08-24,2026-08-20,"ギフト合同会社",,305,"東京都","大田区","田園調布１丁目１１－２ハウス１０１",,13,111,1450071,,,,,,,2015-10-05,1,,,,,"ギフト",0
1838,9010703008280,11,0,2026-08-24,2026-08-10,"株式会社ＳＴＡＲ　ＢＡＳＥ",,301,"東京都","品川区","西五反田１丁目２６番２号",,13,109,1410031,,,,,,,2026-05-20,1,,,,,"スターベース",0
1839,9010703008454,01,0,2026-08-24,2026-08-24,"コクシ合同会社",,305,"東京都","品川区","西五反田１丁目２６番２号五反田サンハイツビル２Ｆ",,13,109,1410031,,,,,,,2026-08-24,1,,,,,"コクシ",0
1840,9010901019930,01,1,2026-08-24,2015-10-05,"株式会社ケーズリンク",,301,"東京都","世田谷区","桜上水１丁目１７番１５号",,13,112,1560045,,,,,,,2015-10-05,1,,,,,"ケーズリンク",0
1841,9010901060125,01,0,2026-08-24,2026-08-24,"株式会社おかゆ",,301,"東京都","世田谷区","北沢５丁目３１番３号ラフィーネ世田谷３０２",,13,112,1550031,,,,,,,2026-08-24,1,,,,,"オカユ",0
1842,9011001060528,12,0,2026-08-24,2026-08-20,"株式会社アイサイト",,301,"神奈川県","川崎市中原区","新丸子東２丁目８９０番７号エクレール武蔵小杉１０１",,14,133,2110004,,,,,,,2015-10-05,1,,,,,"アイサイト",0
1843,9011001096571,01,1,2026-08-24,2015-10-05,"ＶＥＬＤＡ　ＤＥＳＩＧＮ株式会社",,301,"東京都","渋谷区","渋谷３丁目１３番５",,13,113,1500002,,,,,,,2015-10-05,0,,,,,"ヴェルダデザイン",0
1844,9011001096571,12,1,2026-08-24,2016-05-23,"ＶＥＬＤＡ　ＤＥＳＩＧＮ株式会社",,301,"東京都","港区","南青山２丁目２番１５号９階",,13,103,1070062,,,,,,,2015-10-05,0,,,,,"ヴェルダデザイン",0
1845,9011001096571,12,1,2026-08-24,2026-07-29,"ＶＥＬＤＡ　ＤＥＳＩＧＮ株式会社",,301,"東京都","港区","南青山２丁目２番１５号ＷｉｎＡｏｙａｍａビルＵＣＦ９１７",,13,103,1070062,,,,,,,2015-10-05,1,,,,,"ヴェルダデザイン",0
1846,9011001101389,11,0,2026-08-24,2026-08-03,"株式会社アセット企画",,301,"東京都","目黒区","目黒３丁目１番１０号",,13,110,1530063,,,,,,,2015-10-05,1,,,,,"アセットキカク",0
1847,9011001106958,12,0,2026-08-24,2026-08-04,"株式会社ＥＮＧＬＯＢＡＬ",,301,"東京都","渋谷区","神宮前６丁目２３番４号桑野ビル２階",,13,113,1500001,,,,,,,2015-10-05,1,,,,,"エングローバル",0
1848,9011001108211,12,0,2026-08-24,2026-08-20,"Ｌａ　Ｂｅｌｌａ株式会社",,301,"東京都","品川区","西品川３丁目１９－６リビングライフ大崎ビル４Ｆ",,13,109,1410033,,,,,,,2015-11-17,1,,,,,"ラベラ",0
1849,9011001112683,12,0,2026-08-24,2026-08-20,"株式会社アルティメット",,301,"東京都","杉並区","上井草１丁目２０番２０号",,13,115,1670023,,,,,,,2016-09-15,1,,,,,"アルティメット",0
1850,9011001122229,12,0,2026-08-24,2026-08-19,"株式会社ヘンリー",,301,"東京都","新宿区","四谷坂町１０番１０号",,13,104,1600002,,,,,,,2018-05-16,1,,,,,"ヘンリー",0
1851,9011001126114,12,0,2026-08-24,2026-07-22,"株式会社ＣＬＯＣＫ",,301,"東京都","港区","白金台３丁目１３－２３芙蓉コンパウンドＤ１棟",,13,103,1080071,,,,,,,2019-01-21,1,,,,,"クロック",0
1852,9011001154222,21,0,2026-08-24,2026-08-03,"いやさか株式会社",,301,"東京都","渋谷区","広尾２丁目１５番６号",,13,113,1500012,,,2026-08-03,11,9011003009143,"令和８年８月１日東京都渋谷区広尾五丁目４番１２号大成鋼機ビル４階株式会社ナッシュホールディングス（9011003009143）に合併し解散",2023-05-10,1,,,,,"イヤサカ",0
1853,9011001167612,12,0,2026-08-24,2026-08-20,"株式会社サニーフォース",,301,"神奈川県","横浜市青葉区","大場町９７８番地７",,14,117,2250023,,,,,,,2025-02-05,1,,,,,"サニーフォース",0
1854,9011001179797,01,0,2026-08-24,2026-08-24,"マイファーストクラス株式会社",,301,"東京都","渋谷区","神南１丁目１１－４ＦＰＧリンクス神南５階",,13,113,1500041,,,,,,,2026-08-24,1,,,,,"マイファーストクラス",0
1855,9011003009143,71,0,2026-08-24,2026-08-03,"株式会社ナッシュホールディングス",,301,"東京都","渋谷区","広尾５丁目４番１２号大成鋼機ビル４階",,13,113,1500012,,,,,,"令和８年８月１日東京都渋谷区広尾二丁目１５番６号いやさか株式会社（9011001154222）を合併",2018-09-11,1,,,,,"ナッシュホールディングス",0
1856,9011101090722,01,1,2026-08-24,2020-03-13,"ＪＵＮＴＥＮ株式会社",,301,"東京都","新宿区","大久保３丁目８－３、３４０９号室",,13,104,1690072,,,,,,,2020-03-13,0,,,,,"ジュンテン",0
1857,9011101090722,12,1,2026-08-24,2024-03-25,"ＪＵＮＴＥＮ株式会社",,301,"東京都","新宿区","百人町２丁目２０－２４",,13,104,1690073,,,,,,,2020-03-13,0,,,,,"ジュンテン",0
1858,9011101090722,11,1,2026-08-24,2026-01-14,"ｎｏｏｓ株式会社",,301,"東京都","新宿区","百人町２丁目２０－２４",,13,104,1690073,,,,,,,2020-03-13,1,,,,,"ヌース",0
1859,9011101112716,12,0,2026-08-24,2026-07-23,"オーシャンウイング株式会社",,301,"東京都","新宿区","百人町１丁目１８－８大久保カドビルＬｉｎｋＳｐａｃｅ百人町Ａ１０号室",,13,104,1690073,,,,,,,2025-08-12,1,,,,,"オーシャンウイング",0
1860,9011102027673,01,1,2026-08-24,2015-10-05,"有限会社アルファ＆オメガエンターテイメント",,302,"東京都","新宿区","下落合１丁目１２番１号サトウマンション２０６号室",,13,104,1610033,,,,,,,2015-10-05,1,,,,,"アルファアンドオメガエンターテイメント",0
1861,9011103013086,12,0,2026-08-24,2026-08-19,"ホールトーン合同会社",,305,"山口県","宇部市","草江３丁目３番１５号サバービア福輪２０１号室",,35,202,7550004,,,,,,,2023-05-29,1,,,,,"ホールトーン",0
1862,9011301022830,12,0,2026-08-24,2026-08-20,"武井コーポレーション株式会社",,301,"東京都","杉並区","成田西２丁目１６番８号",,13,115,1660016,,,,,,,2017-01-16,1,,,,,,0
1863,9011302002253,01,1,2026-08-24,2015-10-05,"有限会社大西デザイン事務所",,302,"東京都","杉並区","上井草３丁目１１番１４号",,13,115,1670023,,,,,,,2015-10-05,1,,,,,"オオニシデザインジムショ",0
1864,9011401010561,01,1,2026-08-24,2015-10-05,"東洋薬化学工業株式会社",,301,"東京都","板橋区","坂下３丁目３３番２号",,13,119,1740043,,,,,,,2015-10-05,1,,,,,"トウヨウクスリカガクコウギョウ",0
1865,9011401011444,12,0,2026-08-24,2026-08-20,"株式会社メデューム",,301,"東京都","北区","浮間４丁目１５番３号",,13,117,1150051,,,,,,,2015-10-05,1,,,,,"メデューム",0
1866,9011501031251,12,0,2026-08-24,2026-08-20,"和枝家株式会社",,301,"東京都","新宿区","榎町３４－３榎町ビル５階－１１室",,13,104,1620806,,,,,,,2024-10-11,1,,,,,"ワシヤ",0
1867,9011501033677,01,0,2026-08-24,2026-08-24,"株式会社二番太鼓",,301,"東京都","北区","赤羽２丁目２１番３号",,13,117,1150045,,,,,,,2026-08-24,1,,,,,"ニバンダイコ",0
1868,9011701021580,12,0,2026-08-24,2026-08-20,"株式会社ロジクレオ",,301,"東京都","千代田区","神田神保町３丁目１１番１号安田神保町マンション３０８",,13,101,1010051,,,,,,,2018-03-08,1,,,,,"ロジクレオ",0
1869,9011701024971,21,0,2026-08-24,2026-08-17,"株式会社丸泰基礎",,301,"東京都","江戸川区","北葛西２丁目１４番１３号",,13,123,1340081,,,2026-08-17,01,,,2022-01-17,1,,,,,"マルタイキソ",0
1870,9011701027628,12,0,2026-08-24,2026-08-20,"株式会社ＴＨＲＥＥＮＩＮＥ",,301,"東京都","江東区","青海２丁目７番４号１１３８号室",,13,108,1350064,,,,,,,2024-09-13,1,,,,,"スリーナイン",0
1871,9011801019855,01,1,2026-08-24,2015-10-05,"株式会社リガード",,301,"東京都","葛飾区","堀切３丁目３番１号",,13,122,1240006,,,,,,,2015-10-05,0,,,,,"リガード",0
1872,9011801019855,12,1,2026-08-24,2017-08-22,"株式会社リガード",,301,"東京都","葛飾区","青戸４丁目２１番６号",,13,122,1250062,,,,,,,2015-10-05,1,,,,,"リガード",0
1873,9012301010180,12,0,2026-08-24,2026-08-20,"株式会社ライトス",,301,"東京都","町田市","森野１丁目３２番１４－８０９号",,13,209,1940022,,,,,,,2015-10-05,1,,,,,"ライトス",0
1874,9012302001336,01,1,2026-08-24,2015-10-05,"有限会社かとう",,302,"東京都","町田市","原町田６丁目２１番２７号",,13,209,1940013,,,,,,,2015-10-05,1,,,,,"カトウ",0
1875,9012401013141,71,0,2026-08-24,2026-08-03,"株式会社ヤシマ",,301,"神奈川県","横浜市港北区","綱島西４丁目９番２号",,14,109,2230053,,,,,,"令和８年８月１日横浜市港北区綱島西四丁目９番２号日本計測機株式会社（4020001044453）を合併",2015-10-05,1,,,,,"ヤシマ",0
1876,9012401040879,12,0,2026-08-24,2026-08-03,"株式会社スリーコンサンドイッチ",,301,"東京都","三鷹市","中原２丁目１６－３",,13,204,1810005,,,,,,,2023-08-15,1,,,,,"スリーコンサンドイッチ",0
1877,9012403007934,01,0,2026-08-24,2026-08-24,"ＡＳＵ‐ｌｉｎｋ　Ｊａｐａｎ合同会社",,305,"東京都","調布市","調布ケ丘３丁目１８番地１２",,13,208,1820021,,,,,,,2026-08-24,1,,,,,"アスリンクジャパン",0
1878,9012702013823,01,1,2026-08-24,2015-10-05,"有限会社クラフト電設",,302,"東京都","西東京市","保谷町２丁目２番６号",,13,229,2020015,,,,,,,2015-10-05,1,,,,,"クラフトデンセツ",0
1879,9012703003047,12,0,2026-08-24,2026-08-19,"ＰＲＯＵＤ合同会社",,305,"神奈川県","川崎市多摩区","堰１丁目１番３２号",,14,135,2140022,,,,,,,2024-07-18,1,,,,,"プラウド",0
1880,9012703003600,01,0,2026-08-24,2026-08-24,"ＹＯＩグループ合同会社",,305,"東京都","東村山市","本町４丁目１５番地本町アパート３－１０４",,13,213,1890014,,,,,,,2026-08-24,1,,,,,"ヨイグループ",0
1881,9012705001569,01,1,2026-08-24,2015-10-05,"一般社団法人セレニティ・プログラム",,399,"神奈川県","横浜市金沢区","西柴４丁目９番２２号",,14,108,2360017,,,,,,,2015-10-05,1,,,,,"セレニティプログラム",0
1882,9013301000428,21,0,2026-08-24,2026-08-06,"アサヒ経済株式会社",,301,"埼玉県","所沢市","東所沢和田３丁目４番地の２０",,11,208,3590023,,,2026-08-06,01,,,2015-10-05,1,,,,,"アサヒケイザイ",0
1883,9013301041059,12,0,2026-08-24,2026-08-13,"株式会社エコゾー",,301,"東京都","豊島区","池袋２丁目３５番１４号ペアパレス池袋１０２号室",,13,116,1710014,,,,,,,2017-09-01,1,,,,,"エコゾー",0
1884,9013401000848,12,0,2026-08-24,2026-08-20,"安全企画工業株式会社",,301,"東京都","多摩市","南野２丁目２８番地４",,13,224,2060032,,,,,,,2015-10-05,1,,,,,"アンゼンキカクコウギョウ",0
1885,9020001084288,01,1,2026-08-24,2015-10-05,"株式会社ラビットスター",,301,"神奈川県","横浜市金沢区","六浦南５丁目１１番６－７０４号",,14,108,2360038,,,,,,,2015-10-05,1,,,,,"ラビットスター",0
1886,9020001085559,12,0,2026-08-24,2026-08-04,"株式会社サクセスライフ・カンパニー",,301,"神奈川県","川崎市幸区","東小倉２１番２４号",,14,132,2120033,,,,,,,2015-10-05,1,,,,,"サクセスライフカンパニー",0
1887,9020001163430,12,0,2026-08-24,2026-08-19,"Ｔ．Ｇ．Ｆ株式会社",,301,"兵庫県","西宮市","南越木岩町７－２６ファストリバー３０１",,28,204,6620075,,,,,,,2025-06-17,1,,,,,"ティージーエフ",0
1888,9020001169980,01,0,2026-08-24,2026-08-24,"天宇株式会社",,301,"神奈川県","横浜市中区","本郷町３丁目１７１番地１０",,14,104,2310843,,,,,,,2026-08-24,1,,,,,"テンウ",0
1889,9020002050883,01,1,2026-08-24,2015-10-05,"有限会社松山工業所",,302,"神奈川県","横浜市港北区","大豆戸町１０１９番地の８",,14,109,2220032,,,,,,,2015-10-05,1,,,,,"マツヤマコウギョウショ",0
1890,9020003031651,01,0,2026-08-24,2026-08-24,"合同会社金の茶室ｌａｂ",,305,"神奈川県","横浜市青葉区","柿の木台４７番５号",,14,117,2270048,,,,,,,2026-08-24,1,,,,,,0
1891,9021001046963,01,1,2026-08-24,2015-10-05,"株式会社ジオリンクス",,301,"神奈川県","茅ヶ崎市","松が丘２丁目１３番７０号",,14,207,2530025,,,,,,,2015-10-05,1,,,,,,0
1892,9021001071318,21,0,2026-08-24,2026-07-30,"ファインエコ株式会社",,301,"神奈川県","厚木市","上荻野３４７２番地１",,14,212,2430201,,,2026-07-30,01,,,2020-11-11,1,,,,,"ファインエコ",0
1893,9021002028820,01,1,2026-08-24,2015-10-05,"有限会社苅邊商店",,302,"神奈川県","相模原市緑区","中野１３４３番地",,14,151,2520157,,,,,,,2015-10-05,0,,,,,"カルベショウテン",0
1894,9021002028820,12,1,2026-08-24,2026-07-01,"有限会社苅邊商店",,302,"神奈川県","相模原市緑区","中野１０３８番地",,14,151,2520157,,,,,,,2015-10-05,1,,,,,"カルベショウテン",0
1895,9021003017797,01,0,2026-08-24,2026-08-24,"合同会社ＣｏーＤａｒｅ",,305,"神奈川県","横須賀市","山科台４８番６号",,14,201,2380312,,,,,,,2026-08-24,1,,,,,"コーデア",0
1896,9021005009149,12,0,2026-08-24,2026-07-21,"公益社団法人中央日韓協会",,399,"東京都","千代田区","二番町５－２麹町駅プラザ４０５号",,13,101,1020084,,,,,,,2015-10-05,1,,,,,"チュウオウニッカンキョウカイ",0
1897,9021005010742,01,1,2026-08-24,2016-09-14,"ＮＰＯ法人ほっとスペースたまりば",,399,"神奈川県","鎌倉市","玉縄２丁目５２５番地１－３１０号",,14,204,2470071,,,,,,,2016-09-14,0,,,,,"ホットスペースタマリバ",0
1898,9021005010742,12,1,2026-08-24,2026-06-26,"ＮＰＯ法人ほっとスペースたまりば",,399,"神奈川県","鎌倉市","岡本２丁目２１番地１９",,14,204,2470072,,,,,,,2016-09-14,1,,,,,"ホットスペースタマリバ",0
1899,9021005010949,01,1,2026-08-24,2017-04-12,"医療法人社団観世会",,399,"神奈川県","海老名市","中央１丁目８番６号",,14,215,2430432,,,,,,,2017-04-12,0,,,,,"カンゼカイ",0
1900,9021005010949,12,1,2026-08-24,2020-12-01,"医療法人社団観世会",,399,"神奈川県","海老名市","扇町１５番１号",,14,215,2430436,,,,,,,2017-04-12,1,,,,,"カンゼカイ",0
1901,9030001007099,01,1,2026-08-24,2015-10-05,"樋口商事株式会社",,301,"埼玉県","さいたま市見沼区","東大宮２丁目５６番地の７",,11,104,3370051,,,,,,,2015-10-05,1,,,,,"ヒグチショウジ",0
1902,9030001067770,01,1,2026-08-24,2015-10-05,"株式会社メヘルン",,301,"埼玉県","北葛飾郡松伏町","大字大川戸４８６番地",,11,465,3430106,,,,,,,2015-10-05,0,,,,,"メヘルン",0
1903,9030001067770,12,1,2026-08-24,2017-11-29,"株式会社メヘルン",,301,"埼玉県","北葛飾郡松伏町","大字大川戸１７１５",,11,465,3430106,,,,,,,2015-10-05,1,,,,,"メヘルン",0
1904,9030001149362,12,0,2026-08-24,2026-08-06,"株式会社ダリア",,301,"埼玉県","川口市","西青木３丁目１２番１７号",,11,203,3320035,,,,,,,2022-07-25,1,,,,,"ダリア",0
1905,9030001173271,01,1,2026-08-24,2026-07-14,"株式会社アンフィニプロジェクト",,301,"埼玉県","さいたま市南区","白幡３丁目１２番１６号",,11,108,3360022,,,,,,,2026-07-14,1,,,,,,0
1906,9030001173932,01,0,2026-08-24,2026-08-24,"Ｐｒａｘｉａ株式会社",,301,"埼玉県","吉川市","保１丁目５―１グリーンシティマンション１０３",,11,243,3420041,,,,,,,2026-08-24,1,,,,,"プラクシア",0
1907,9030002029282,01,1,2026-08-24,2015-10-05,"有限会社タックスブレイン",,302,"埼玉県","さいたま市大宮区","浅間町２丁目６４番地",,11,103,3300842,,,,,,,2015-10-05,0,,,,,,0
1908,9030002029282,12,1,2026-08-24,2022-01-27,"有限会社タックスブレイン",,302,"東京都","中央区","銀座１丁目２２番１１号銀座大竹ビジデンス２階",,13,102,1040061,,,,,,,2015-10-05,1,,,,,,0
1909,9030002041353,21,0,2026-08-24,2026-08-06,"有限会社長谷川商店",,302,"埼玉県","加須市","久下５丁目２８６番地１",,11,210,3470063,,,2026-08-06,01,,,2015-10-05,1,,,,,"ハセガワショウテン",0
1910,9030002109316,12,0,2026-08-24,2026-08-06,"有限会社栗原商事",,302,"埼玉県","川口市","戸塚東２丁目２６番３５号マインドハイム後藤１０１",,11,203,3330802,,,,,,,2015-10-05,1,,,,,"クリハラショウジ",0
1911,9030003010621,01,1,2026-08-24,2017-08-10,"合同会社イートラスティ",,305,"埼玉県","さいたま市桜区","大字下大久保７６５番地",,11,106,3380825,,,,,,,2017-08-10,1,,,,,"イートラスティ",0
1912,9030003029835,01,0,2026-08-24,2026-08-24,"合同会社１ＳＴ‐ＺＥＲＯ",,305,"埼玉県","鴻巣市","下谷４２２番地５",,11,217,3650025,,,,,,,2026-08-24,1,,,,,"ファーストゼロ",0
1913,9040001010060,12,0,2026-08-24,2026-08-18,"ネイチャーライフ株式会社",,301,"東京都","港区","新橋１丁目１４番８号ＶＯＲＴ新橋一丁目９階",,13,103,1050004,,,,,,,2015-10-05,1,,,,,"ネイチャーライフ",0
1914,9040001097313,12,0,2026-08-24,2026-07-31,"易創株式会社",,301,"千葉県","柏市","手賀の杜４丁目２３－１０",,12,217,2701447,,,,,,,2016-10-12,1,,,,,"イソウ",0
1915,9040001100101,01,1,2026-08-24,2017-05-15,"株式会社Ｎ’ｓ－ＬＡＮＤ",,301,"千葉県","船橋市","西船６丁目１番１６号",,12,204,2730031,,,,,,,2017-05-15,1,,,,,,0
1916,9040001108045,12,0,2026-08-24,2026-08-03,"株式会社モーニングスター",,301,"神奈川県","横浜市中区","山下町２５－１上田ビル５０５",,14,104,2310023,,,,,,,2019-02-18,1,,,,,"モーニングスター",0
1917,9040001128274,21,0,2026-08-24,2026-08-03,"カモンエステート株式会社",,301,"千葉県","君津市","北久保２丁目６番１５号",,12,225,2991164,,,2026-08-03,01,,,2023-05-10,1,,,,,"カモンエステート",0
1918,9040002038712,12,0,2026-08-24,2026-08-03,"有限会社ケーツー",,302,"千葉県","市川市","稲越２丁目２０番２５号",,12,203,2720831,,,,,,,2015-10-05,1,,,,,"ケーツー",0
1919,9040003021650,12,0,2026-08-24,2026-08-20,"ベルウェル合同会社",,305,"東京都","中央区","日本橋茅場町１丁目１２番８号茅場町ＳＤビル６階",,13,102,1030025,,,,,,,2023-01-06,1,,,,,"ベルウェル",0
1920,9040003030593,01,0,2026-08-24,2026-08-24,"ひかり合同会社",,305,"千葉県","君津市","上湯江２０２４番地３８",,12,225,2991138,,,,,,,2026-08-24,1,,,,,"ヒカリ",0
1921,9050001008913,21,0,2026-08-24,2026-08-18,"株式会社茨石土浦",00021985,301,"茨城県","土浦市","若松町１番６号",,08,203,3000063,,,2026-08-18,01,,,2015-10-05,1,,,,,"イバセキツチウラ",0
1922,9050001011495,01,1,2026-08-24,2015-10-05,"興民建設株式会社",,301,"茨城県","石岡市","若松２丁目１番５１号",,08,205,3150018,,,,,,,2015-10-05,1,,,,,"コウミンケンセツ",0
1923,9050001014671,01,1,2026-08-24,2015-10-05,"株式会社安栄自動車工業",,301,"茨城県","坂東市","桐木１０８２番地７",,08,228,3060636,,,,,,,2015-10-05,1,,,,,"アンエイジドウシャコウギョウ",0
1924,9050001058834,01,0,2026-08-24,2026-08-24,"株式会社エビハラ",,301,"茨城県","龍ケ崎市","８８７９番地の３",,08,208,3010000,,,,,,,2026-08-24,1,,,,,"エビハラ",0
1925,9060001010546,01,1,2026-08-24,2015-10-05,"株式会社南摩城カントリークラブ",,301,"栃木県","鹿沼市","下南摩町９８２番地２",,09,205,3220341,,,,,,,2015-10-05,1,,,,,"ナンマジョウカントリークラブ",0
1926,9070001023258,21,0,2026-08-24,2026-08-17,"株式会社月夜野振興公社",,301,"群馬県","利根郡みなかみ町","月夜野６７７番地１",,10,449,3791313,,,2026-08-17,01,,,2015-10-05,1,,,,,"ツキヨノシンコウコウシャ",0
1927,9070001030675,01,1,2026-08-24,2015-10-05,"ラグーナフロンティア株式会社",,301,"群馬県","高崎市","東貝沢町３丁目４０番地１５",,10,202,3700041,,,,,,,2015-10-05,1,,,,,"ラグーナフロンティア",0
1928,9070002035368,01,1,2026-08-24,2015-10-05,"有限会社小林畳店",,302,"群馬県","沼田市","利根町老神５６８番地の１",,10,206,3780322,,,,,,,2015-10-05,1,,,,,"コバヤシタタミテン",0
1929,9080101026465,01,0,2026-08-24,2026-08-24,"株式会社ＢＣｏｎｎｅｃｔ",,301,"静岡県","田方郡函南町","平井１７５３番地の２４５０",,22,325,4190107,,,,,,,2026-08-24,1,,,,,"ビーコネクト",0
1930,9100001012380,01,1,2026-08-24,2015-10-05,"株式会社ブラッキー",,301,"長野県","中野市","大字岩船１９番地１０",,20,211,3830041,,,,,,,2015-10-05,1,,,,,"ブラッキー",0
1931,9100001024896,21,0,2026-08-24,2026-08-21,"株式会社東京洗染",,301,"長野県","小諸市","大字耳取１４７３番地１",,20,208,3840084,,,2026-08-21,01,,,2015-10-05,1,,,,,"トウキョウセンセン",0
1932,9100001039960,01,0,2026-08-24,2026-08-24,"株式会社ＳＴＲＡＴＩＳ",,301,"長野県","北佐久郡御代田町","大字御代田２６１１番地２５",,20,323,3890206,,,,,,,2026-08-24,1,,,,,"ストラティス",0
1933,9100003008906,01,0,2026-08-24,2026-08-24,"合同会社サンクリングス",,305,"長野県","上伊那郡南箕輪村","４９０５番地１０",,20,385,3994511,,,,,,,2026-08-24,1,,,,,"サンクリングス",0
1934,9110001030522,21,0,2026-08-24,2026-08-19,"ＮＩＩＧＡＴＡＴＡＩＨＥＩ株式会社",,301,"新潟県","上越市","大字小猿屋１００８番地３",,15,222,9420055,,,2026-08-19,01,,,2015-10-05,1,,,,,"ニイガタタイヘイ",0
1935,9120001016925,01,1,2026-08-24,2015-10-05,"株式会社上田寝具店",,301,"大阪府","大阪市生野区","桃谷１丁目１３番１３号",,27,116,5440034,,,,,,,2015-10-05,1,,,,,"ウエダシングテン",0
1936,9120001101693,01,1,2026-08-24,2015-10-05,"エス・ネットワーク株式会社",,301,"大阪府","大阪市淀川区","西中島７丁目８番１７号",,27,123,5320011,,,,,,,2015-10-05,1,,,,,"エスネットワーク",0
1937,9120001122599,12,0,2026-08-24,2026-08-17,"株式会社ラームヴィフ",,301,"大阪府","大阪市北区","南森町１丁目４－１１",,27,127,5300054,,,,,,,2015-10-05,1,,,,,"ラームヴィフ",0
1938,9120001211807,12,0,2026-08-24,2026-08-18,"株式会社侍魂",,301,"大阪府","大阪市福島区","大開１丁目１３番３５号２階",,27,103,5530007,,,,,,,2018-03-08,1,,,,,"サムライダマシイ",0
1939,9120001288564,01,0,2026-08-24,2026-08-24,"株式会社Ａｌｌ　Ｈｕｂ",,301,"大阪府","大阪市北区","梅田１丁目３番１－６００大阪駅前第１ビル６階５－２号室",,27,127,5300001,,,,,,,2026-08-24,1,,,,,"オールハブ",0
1940,9120001288630,01,0,2026-08-24,2026-08-24,"株式会社ＡＣＥ",,301,"大阪府","大阪市中央区","宗右衛門町１番１４号ＢＲＡＶＥ宗右衛門町ＩＩ５階",00144700,27,128,5420084,,,,,,,2026-08-24,1,,,,,"エース",0
1941,9120001288647,01,0,2026-08-24,2026-08-24,"株式会社ＩＮＮＥＲＡＮ　Ｊａｐａｎ",,301,"大阪府","大阪市中央区","松屋町１番１６－４０２号",,27,128,5420067,,,,,,,2026-08-24,1,,,,,"インナーランジャパン",0
1942,9120001288688,01,0,2026-08-24,2026-08-24,"株式会社Ｌｉｅｎ　Ｏｎｅ",,301,"大阪府","大阪市浪速区","難波中３丁目１８番１７－１００３号",,27,111,5560011,,,,,,,2026-08-24,1,,,,,"リアンワン",0
1943,9120003033308,01,0,2026-08-24,2026-08-24,"合同会社Ｂａｌｌ　Ｒｉｓｅ",,305,"大阪府","大阪市大正区","三軒家東２丁目８番１９－９０１号",,27,108,5510002,,,,,,,2026-08-24,1,,,,,"ボールライズ",0
1944,9120003033324,01,0,2026-08-24,2026-08-24,"アリアニコ合同会社",,305,"大阪府","大阪市都島区","都島北通２丁目７－９マチミチＣＵＢＥ１階西側",,27,102,5340014,,,,,,,2026-08-24,1,,,,,"アリアニコ",0
1945,9120101058768,12,0,2026-08-24,2026-08-20,"弘法建設株式会社",,301,"大阪府","堺市堺区","今池町２丁５番１０号",,27,141,5900018,,,,,,,2018-09-14,1,,,,,"コウボウケンセツ",0
1946,9120101074253,01,0,2026-08-24,2026-08-24,"Ｃａｍｉｎｏ　Ｈｏｍｅｓ株式会社",,301,"大阪府","松原市","高見の里５丁目４９０番地の８",,27,217,5800021,,,,,,,2026-08-24,1,,,,,"カミーノホームズ",0
1947,9120901024548,01,1,2026-08-24,2015-10-05,"大和輸送機株式会社",,301,"大阪府","豊中市","北桜塚４丁目１番３０号",,27,203,5600022,,,,,,,2015-10-05,1,,,,,"ダイワユソウキ",0
1948,9120901038052,01,1,2026-08-24,2017-02-15,"ノイ・フィールド株式会社",,301,"大阪府","池田市","渋谷１丁目２番３号",,27,204,5630028,,,,,,,2017-02-15,1,,,,,"ノイフィールド",0
1949,9120902011132,21,0,2026-08-24,2026-08-17,"有限会社ビルバオ",,302,"大阪府","高槻市","大蔵司２丁目１６番１４号",,27,207,5691034,,,2026-08-17,01,,,2015-10-05,1,,,,,"ビルバオ",0
1950,9120903004969,01,1,2026-08-24,2023-12-25,"合同会社中利",,305,"大阪府","豊中市","庄内栄町４丁目１４番２１号",,27,203,5610834,,,,,,,2023-12-25,1,,,,,,0
1951,9122001036820,01,1,2026-08-24,2023-03-27,"博森日本株式会社",,301,"大阪府","八尾市","大竹７丁目１６９番地",,27,212,5810854,,,,,,,2023-03-27,0,,,,,"ハクモリニホン",0
1952,9122001036820,12,1,2026-08-24,2025-12-22,"博森日本株式会社",,301,"京都府","京都市左京区","二条通川端東入３筋目大文字町１５８－２０１",,26,103,6068382,,,,,,,2023-03-27,1,,,,,"ハクモリニホン",0
1953,9122003003612,01,0,2026-08-24,2026-08-24,"合同会社大日本金光総合事務所",,305,"大阪府","八尾市","竹渕５丁目１２３番地の２０",,27,212,5810052,,,,,,,2026-08-24,1,,,,,"ダイニッポンカネミツソウゴウジムショ",0
1954,9130001054222,12,0,2026-08-24,2026-08-03,"治森商会株式会社",,301,"京都府","京都市下京区","仏光寺通柳馬場西入東前町４１２番地ブランズ京都四条烏丸桜風庵２０２",,26,106,6008074,,,,,,,2015-10-05,1,,,,,"チモリショウカイ",0
1955,9130001069971,12,0,2026-08-24,2026-07-28,"タイムプレ株式会社",,301,"京都府","京都市下京区","玉津島町２９４",,26,106,6008427,,,,,,,2021-08-25,1,,,,,"タイムプレ",0
1956,9130001077248,12,0,2026-08-24,2026-07-30,"株式会社Ｘ",,301,"京都府","京都市東山区","花見小路通新門前上ル中之町２４４番地１",,26,105,6050000,,,,,,,2024-06-07,0,,,,,"クロス",0
1957,9130001077248,11,0,2026-08-24,2026-07-30,"株式会社Ｍａｒｉｎａ",,301,"京都府","京都市東山区","花見小路通新門前上ル中之町２４４番地１",,26,105,6050000,,,,,,,2024-06-07,1,,,,,"マリナ",0
1958,9130001082850,01,0,2026-08-24,2026-08-24,"株式会社Ｓａｎ",,301,"京都府","相楽郡精華町","桜が丘１丁目９番地７",,26,366,6190232,,,,,,,2026-08-24,1,,,,,"サン",0
1959,9130002002948,01,1,2026-08-24,2015-10-05,"有限会社マナック",,302,"京都府","京都市上京区","出水通衣棚東入御霊町７７番地",,26,102,6028018,,,,,,,2015-10-05,1,,,,,"マナック",0
1960,9130002010463,01,1,2026-08-24,2015-10-05,"有限会社居川製作所",,302,"京都府","京都市南区","壬生通八条下る東寺町５４１番地",,26,107,6018478,,,,,,,2015-10-05,1,,,,,"イカワセイサクショ",0
1961,9130003009892,12,0,2026-08-24,2026-08-03,"Ｋａｐｐｏ　Ａｔｏｎａ合同会社",,305,"京都府","京都市東山区","三吉町３３４番地",,26,105,6050081,,,,,,,2024-10-04,1,,,,,"カッポウアトナ",0
1962,9130005008430,01,1,2026-08-24,2015-10-05,"春日神社",,399,"京都府","木津川市","山城町平尾小島４８番地",,26,214,6190202,,,,,,,2015-10-05,1,,,,,"カスガジンジャ",0
1963,9140001089473,21,0,2026-08-24,2026-08-13,"Ｊ－ｃｕｂｅ株式会社",,301,"兵庫県","神戸市西区","北別府５丁目２０番地の２",,28,111,6512117,,,2026-08-13,01,,,2015-10-05,1,,,,,"ジェーキューブ",0
1964,9140001092477,01,1,2026-08-24,2015-10-05,"株式会社島田工務店",,301,"兵庫県","加古川市","加古川町河原２８１番地の９",,28,210,6750067,,,,,,,2015-10-05,1,,,,,"シマダコウムテン",0
1965,9140001119949,11,0,2026-08-24,2026-08-14,"ＦＬＲＡＭＥ株式会社",,301,"兵庫県","神戸市中央区","中町通４丁目１－１５",,28,110,6500027,,,,,,,2021-02-01,1,,,,,"フレイム",0
1966,9140001130204,12,0,2026-08-24,2026-08-13,"株式会社ＷＥＬＬ　ＢＩＺ",,301,"兵庫県","宝塚市","月見山２丁目２０－８",,28,214,6650002,,,,,,,2023-05-16,0,,,,,"ウェルビズ",0
1967,9140001130204,11,0,2026-08-24,2026-08-13,"ＨＤ４８株式会社",,301,"兵庫県","宝塚市","月見山２丁目２０－８",,28,214,6650002,,,,,,,2023-05-16,1,,,,,"エイチディーヨンジュウハチ",0
1968,9140001139253,12,0,2026-08-24,2026-08-13,"株式会社スガケン",,301,"兵庫県","姫路市","夢前町前之庄８００－１",,28,201,6712103,,,,,,,2025-07-16,1,,,,,"スガケン",0
1969,9140002004381,01,1,2026-08-24,2015-10-05,"有限会社木下電化",,302,"兵庫県","神戸市西区","平野町宮前１８８番地",,28,111,6512265,,,,,,,2015-10-05,1,,,,,"キノシタデンカ",0
1970,9140002051011,11,0,2026-08-24,2026-08-12,"マルト食品株式会社",,301,"兵庫県","姫路市","玉手３８６番地",,28,201,6700985,,,,,,,2015-10-05,1,,,,,"マルトショクヒン",0
1971,9140002064054,11,0,2026-08-24,2026-08-05,"有限会社セミコンラボ",,302,"兵庫県","伊丹市","昆陽東３丁目２番３－２号",,28,207,6640886,,,,,,,2015-10-05,1,,,,,"セミコンラボ",0
1972,9160001002005,01,1,2026-08-24,2015-10-05,"山中電工株式会社",,301,"滋賀県","大津市","中庄１丁目１７番３９号",,25,201,5200837,,,,,,,2015-10-05,1,,,,,"ヤマナカデンコウ",0
1973,9160001027869,01,0,2026-08-24,2026-08-24,"宮本一総研株式会社",,301,"滋賀県","大津市","打出浜２－１コラボしが２１内",,25,201,5200806,,,,,,,2026-08-24,1,,,,,"ミヤモトイチソウケン",0
1974,9160002006070,01,1,2026-08-24,2015-10-05,"有限会社プレスト",,302,"滋賀県","甲賀市","水口町水口３２１６番地",,25,209,5280005,,,,,,,2015-10-05,1,,,,,"プレスト",0
1975,9160002006673,21,0,2026-08-24,2026-08-20,"有限会社立木硝子店",,302,"滋賀県","米原市","醒井４１３番地",,25,214,5210035,,,2026-08-20,01,,,2015-10-05,1,,,,,"タチキガラステン",0
1976,9180001041595,01,1,2026-08-24,2015-10-05,"山七近藤建陶株式会社",,301,"愛知県","名古屋市中区","栄５丁目２６番３３号",,23,106,4600008,,,,,,,2015-10-05,1,,,,,"ヤマヒチコンドウケントウ",0
1977,9180001060851,01,1,2026-08-24,2015-10-05,"株式会社グリーンメイト",,301,"愛知県","名古屋市緑区","亀が洞１丁目１０２",,23,114,4580804,,,,,,,2015-10-05,1,,,,,"グリーンメイト",0
1978,9180001133590,12,0,2026-08-24,2026-08-19,"株式会社Ｖｉｌｌａｇｅ",,301,"岐阜県","瑞穂市","穂積２６６番地",,21,216,5010223,,,,,,,2018-09-05,1,,,,,"ヴィレッジ",0
1979,9180001173208,01,0,2026-08-24,2026-08-24,"世煌途株式会社",,301,"愛知県","名古屋市熱田区","一番２丁目１番５号リバティハイツ白鳥２０２号",,23,109,4560053,,,,,,,2026-08-24,1,,,,,"セイコウト",0
1980,9180003026652,01,1,2026-08-24,2024-05-20,"Ｓ．Ｇ．Ｅｘｃｉｔｅ合同会社",,305,"愛知県","名古屋市西区","名西１丁目２０番１０号アンシャンテ１０７",,23,104,4510064,,,,,,,2024-05-20,0,,,,,,0
1981,9180003026652,12,1,2026-08-24,2026-08-13,"Ｓ．Ｇ．Ｅｘｃｉｔｅ合同会社",,305,"愛知県","名古屋市中村区","名駅４丁目２４番５号第２森ビル４０１",,23,105,4500002,,,,,,,2024-05-20,1,,,,,,0
1982,9180003030720,01,0,2026-08-24,2026-08-24,"合同会社ＴＲＵＳＴ　ＲＥＡＬＴＹ",,305,"愛知県","名古屋市中区","錦３丁目１３番２４号",,23,106,4600003,,,,,,,2026-08-24,1,,,,,"トラストリアリティ",0
1983,9180005014325,12,0,2026-08-24,2026-08-19,"公益社団法人中部日本書道会",,399,"愛知県","名古屋市中村区","名駅４丁目２番１２号松陽ビル７階",,23,105,4500002,,,,,,,2015-10-05,1,,,,,"チュウブニホンショドウカイ",0
1984,9180301008559,01,1,2026-08-24,2015-10-05,"株式会社小久保建築",,301,"愛知県","田原市","相川町片神戸３４番地１",,23,231,4413418,,,,,,,2015-10-05,1,,,,,"コクボケンチク",0
1985,9180301025348,01,1,2026-08-24,2015-10-05,"株式会社Ｍｍｍ’ｓ",,301,"愛知県","豊田市","市木町３丁目１６番地１６",,23,211,4710006,,,,,,,2015-10-05,0,,,,,"エムエムエムズ",0
1986,9180301025348,12,1,2026-08-24,2026-07-31,"株式会社Ｍｍｍ’ｓ",,301,"愛知県","豊田市","野見町１２丁目５５番地１２－１階",,23,211,4710812,,,,,,,2015-10-05,1,,,,,"エムエムエムズ",0
1987,9180301029811,21,0,2026-08-24,2026-08-10,"ゼクノーバタイヤ株式会社",,301,"愛知県","蒲郡市","形原町下川原５７番地２",,23,214,4430104,,,2026-08-10,01,,,2016-11-30,1,,,,,"ゼクノーバタイヤ",0
1988,9200001001654,01,1,2026-08-24,2015-10-05,"木村商事株式会社",,301,"岐阜県","岐阜市","住田町１丁目１４番地",,21,201,5008843,,,,,,,2015-10-05,1,,,,,"キムラショウジ",0
1989,9200001029811,01,1,2026-08-24,2015-10-05,"株式会社バローファーム海津",,301,"岐阜県","海津市","海津町帆引新田５８６番地",,21,221,5030636,,,,,,,2015-10-05,0,,,,,"バローファームカイヅ",0
1990,9200001029811,71,1,2026-08-24,2018-10-01,"株式会社バローファーム海津",,301,"岐阜県","海津市","海津町帆引新田５８６番地",,21,221,5030636,,,,,,"平成３０年１０月１日三重県尾鷲市矢浜大道１０１０番地１東邦産業株式会社（5190001004539）を合併平成３０年１０月１日岐阜県郡上市和良町鹿倉字落合３５番地株式会社郡上きのこファーム（9200001029712）を合併平成３０年１０月１日長野県下高井郡木島平村大字穂高２６２４番地ロ株式会社北信州きのこファーム（9100001029243）を合併",2015-10-05,0,,,,,"バローファームカイヅ",0
1991,9200001029811,12,1,2026-08-24,2018-10-01,"株式会社バローファーム海津",,301,"岐阜県","多治見市","大針町６６１番地の１",,21,204,5070062,,,,,,,2015-10-05,0,,,,,"バローファームカイヅ",0
1992,9200001029811,11,1,2026-08-24,2018-10-01,"中部アグリ株式会社",,301,"岐阜県","多治見市","大針町６６１番地の１",,21,204,5070062,,,,,,,2015-10-05,0,,,,,"チュウブアグリチュウブイアグリ",0
1993,9200001029811,71,1,2026-08-24,2020-04-01,"中部アグリ株式会社",,301,"岐阜県","多治見市","大針町６６１番地の１",,21,204,5070062,,,,,,"令和２年４月１日岐阜県下呂市小坂町小坂町２７番地３３株式会社飛騨小坂ぶなしめじ（6200001025937）を合併",2015-10-05,1,,,,,"チュウブアグリチュウブイアグリ",0
1994,9200001031973,01,1,2026-08-24,2015-10-05,"株式会社タカイ技研",,301,"岐阜県","多治見市","根本町１丁目１５番地の２６",,21,204,5070065,,,,,,,2015-10-05,1,,,,,"タカイギケン",0
1995,9200001034745,01,1,2026-08-24,2017-12-20,"株式会社シャイニーデイズ",,301,"岐阜県","岐阜市","正木１９７８番地８４",,21,201,5020857,,,,,,,2017-12-20,1,,,,,"シャイニーデイズ",0
1996,9200001040074,12,0,2026-08-24,2026-08-17,"株式会社ＭＵＲＡＳＥ設備工業",,301,"岐阜県","大垣市","内原２丁目１１１番地１",,21,202,5030936,,,,,,,2022-05-16,1,,,,,"ムラセセツビコウギョウ",0
1997,9200005008472,01,1,2026-08-24,2015-10-05,"津島神社",,399,"岐阜県","土岐市","曽木町２０５５番地",,21,212,5095402,,,,,,,2015-10-05,1,,,,,"ツシマジンジャ",0
1998,9210001004103,12,0,2026-08-24,2026-08-20,"メディアボックス株式会社",,301,"福井県","福井市","和田東２丁目１１０５番地",,18,201,9188237,,,,,,,2015-10-05,1,,,,,"メディアボックス",0
1999,9210001015463,21,0,2026-08-24,2026-08-20,"株式会社ＦＫトレーディング",,301,"福井県","あわら市","下番第１号１３番地",,18,208,9104138,,,2026-08-20,01,,,2015-10-05,1,,,,,"エフケイトレーディング",0
2000,9210001016552,12,0,2026-08-24,2026-08-20,"株式会社きらーな",,301,"福井県","福井市","板垣３丁目６０１番地ＩＴＯビル１Ｆ",,18,201,9188104,,,,,,,2016-12-07,1,,,,,"キラーナ",0
2001,9210001018887,12,0,2026-08-24,2026-08-18,"株式会社アンドｓ",,301,"福井県","福井市","開発３丁目２５１２",,18,201,9100842,,,,,,,2022-04-15,1,,,,,"アンドエス",0
2002,9210001018904,21,0,2026-08-24,2026-08-18,"株式会社エルドラ",,301,"福井県","福井市","八重巻町第１６号１４番地１",,18,201,9100123,,,2026-08-18,01,,,2022-04-22,1,,,,,"エルドラ",0
2003,9220002000496,12,0,2026-08-24,2026-08-20,"有限会社ソルト",,302,"石川県","金沢市","高尾南３丁目１３番地（イマージュ８８Ｂ棟・１０１号）",,17,201,9218154,,,,,,,2015-10-05,1,,,,,"ソルト",0
2004,9240005015804,12,0,2026-08-24,2026-08-18,"特定非営利活動法人Ｌｕｎａ",,399,"広島県","福山市","沼隈町大字能登原字殿坂甲９２０番地３",,34,207,7200312,,,,,,,2024-07-31,1,,,,,"ルーナ",0
2005,9270002007470,01,1,2026-08-24,2015-10-05,"有限会社山陰プリントケース",,302,"鳥取県","米子市","両三柳６７５番地３",,31,202,6830853,,,,,,,2015-10-05,0,,,,,"サンインプリントケース",0
2006,9270002007470,21,0,2026-08-24,2026-08-19,"有限会社山陰プリントケース",,302,"鳥取県","米子市","両三柳６７５番地３",,31,202,6830853,,,2026-08-19,01,,,2015-10-05,1,,,,,"サンインプリントケース",0
2007,9280002010829,12,0,2026-08-24,2026-08-19,"Ｙ．Ｄ．Ｋ．有限会社",,302,"広島県","廿日市市","宮内３６６６番地５",,34,213,7380034,,,,,,,2015-10-05,1,,,,,"ワイディーケイ",0
2008,9290001002891,21,0,2026-08-24,2026-08-07,"株式会社九州テクニカ",,301,"福岡県","宗像市","朝野４１１番地",,40,220,8113415,,,2026-08-07,01,,,2015-10-05,1,,,,,"キュウシュウテクニカ",0
2009,9290001030538,01,1,2026-08-24,2015-10-05,"アイテレス株式会社",,301,"福岡県","福岡市南区","高宮４丁目１２番１４号",,40,134,8150083,,,,,,,2015-10-05,1,,,,,"アイテレス",0
2010,9290001058827,21,0,2026-08-24,2026-08-03,"株式会社石津緑地建設",,301,"福岡県","福岡市早良区","野芥３丁目１９番１２号",,40,137,8140171,,,2026-08-03,11,1290002009068,"令和８年８月１日福岡市早良区田村四丁目２６番４号株式会社平政緑地建設（1290002009068）に合併し解散",2015-10-05,1,,,,,"イシヅリョクチケンセツ",0
2011,9290001074510,01,1,2026-08-24,2016-07-08,"ラポールデザイン株式会社",,301,"福岡県","福岡市西区","姪の浜３丁目３４番１５号",,40,135,8190002,,,,,,,2016-07-08,1,,,,,"ラポールデザイン",0
2012,9290001109489,21,0,2026-08-24,2026-08-10,"株式会社ツザメン",,301,"福岡県","うきは市","浮羽町朝田６１－２",,40,225,8391401,,,2026-08-10,01,,,2025-04-04,1,,,,,"ツザメン",0
2013,9290001111478,11,0,2026-08-24,2026-08-10,"薬院キャピタル株式会社",,301,"福岡県","福岡市中央区","高砂２丁目１番４号",,40,133,8100011,,,,,,,2025-09-25,1,,,,,"ヤクインキャピタル",0
2014,9290003013945,12,0,2026-08-24,2026-08-19,"合同会社ＥＳＰＥＲＡＮＺＡ",,305,"東京都","新宿区","百人町１丁目２４番２２号宝月荘３号室",,13,104,1690073,,,,,,,2023-05-23,1,,,,,"エスペランサ",0
2015,9290003018779,01,0,2026-08-24,2026-08-24,"わかなアドバイザリー合同会社",,305,"福岡県","福岡市中央区","天神４丁目２番３６号",,40,133,8100001,,,,,,,2026-08-24,1,,,,,"ワカナアドバイザリー",0
2016,9290003018804,01,0,2026-08-24,2026-08-24,"合同会社ＪＫマネジメント",,305,"福岡県","福岡市早良区","祖原２２番２５－１０１号祖原公園ハウス",,40,137,8140005,,,,,,,2026-08-24,1,,,,,"ジェイケイマネジメント",0
2017,9290003018820,01,0,2026-08-24,2026-08-24,"合同会社紡",,305,"福岡県","福岡市中央区","天神２丁目２番１２号Ｔ＆Ｊビルディング７Ｆ",,40,133,8100001,,,,,,,2026-08-24,1,,,,,"ツムギ",0
2018,9290005004463,01,1,2026-08-24,2015-10-05,"特定非営利活動法人そだちの庭",,399,"福岡県","福岡市南区","長住３丁目２５番１０５号",,40,134,8111362,,,,,,,2015-10-05,0,,,,,"ソダチノニワ",0
2019,9290005004463,12,1,2026-08-24,2015-10-22,"特定非営利活動法人そだちの庭",,399,"福岡県","福岡市早良区","大字脇山５６５号",,40,137,8111111,,,,,,,2015-10-05,1,,,,,"ソダチノニワ",0
2020,9290801007041,01,1,2026-08-24,2015-10-05,"株式会社ＮＨＣヘルスケア",,301,"福岡県","北九州市小倉北区","香春口１丁目１５番１０号",,40,106,8020084,,,,,,,2015-10-05,1,,,,,"エヌエイチシーヘルスケア",0
2021,9290801012909,12,0,2026-08-24,2026-08-03,"藤惠物流株式会社",,301,"福岡県","北九州市若松区","南二島５丁目２番１号",,40,103,8080109,,,,,,,2015-10-05,1,,,,,"フジエブツリュウ",0
2022,9290801015309,12,0,2026-08-24,2026-08-03,"豊前興産株式会社",,301,"福岡県","行橋市","行事４丁目５番２１号",,40,213,8240001,,,,,,,2015-10-05,1,,,,,"ブゼンコウサン",0
2023,9290801015457,12,0,2026-08-24,2026-07-31,"株式会社ヘッズ",,301,"福岡県","京都郡苅田町","大字苅田３７８７番地９ＫＡＮＤＡＧＡＴＥＷＡＹ",,40,621,8000365,,,,,,,2015-10-05,1,,,,,"ヘッズ",0
2024,9290801026454,12,0,2026-08-24,2026-08-03,"株式会社岩崎通信社",00119569,301,"福岡県","北九州市小倉南区","富士見２丁目１５番２号",,40,107,8020801,,,,,,,2020-04-22,1,,,,,"イワサキツウシンシャ",0
2025,9290802012981,01,1,2026-08-24,2015-10-05,"有限会社ホワイト興産",,302,"福岡県","北九州市八幡東区","西本町４丁目９番１２号",,40,108,8050061,,,,,,,2015-10-05,1,,,,,"ホワイトコウサン",0
2026,9290805000158,01,1,2026-08-24,2015-10-05,"不輕寺",,399,"福岡県","北九州市小倉北区","赤坂１丁目１０番１号",,40,106,8020032,,,,,,,2015-10-05,1,,,,,"フキョウジ",0
2027,9310001014265,11,0,2026-08-24,2026-08-21,"ジェイレントホールディングス株式会社",,301,"長崎県","長崎市","宝町３番２０号",,42,201,8500045,,,,,,,2016-06-13,1,,,,,"ジェイレントホールディングス",0
2028,9330001023504,01,1,2026-08-24,2016-12-07,"株式会社セブンベジコーポレーション",,301,"熊本県","熊本市西区","松尾２丁目５番２０号",,43,103,8615280,,,,,,,2016-12-07,1,,,,,"セブンベジコーポレーション",0
2029,9340003002307,01,1,2026-08-24,2017-04-17,"ひとつむぎ合同会社",,305,"鹿児島県","鹿屋市","吾平町麓３３９４番地２",,46,203,8931103,,,,,,,2017-04-17,0,,,,,"ヒトツムギ",0
2030,9340003002307,12,1,2026-08-24,2026-08-10,"ひとつむぎ合同会社",,305,"鹿児島県","鹿屋市","今坂町１００８０番地１１",,46,203,8930057,,,,,,,2017-04-17,1,,,,,"ヒトツムギ",0
2031,9370001008336,01,1,2026-08-24,2015-10-05,"株式会社戝商",,301,"宮城県","仙台市青葉区","川平５丁目４番３０号キャピタル中山３Ｆ",,04,101,9810954,,,,,,,2015-10-05,1,,,,,"ザイショウ",0
2032,9370001023434,01,1,2026-08-24,2015-10-05,"株式会社リニュー",,301,"宮城県","仙台市宮城野区","日の出町１丁目６番１９号",,04,102,9830035,,,,,,,2015-10-05,1,,,,,"リニュー",0
2033,9370001052177,12,0,2026-08-24,2026-08-17,"株式会社エスエーメイク",,301,"宮城県","仙台市泉区","松森字館２３３番地の６",,04,105,9813111,,,,,,,2025-01-24,1,,,,,"エスエーメイク",0
2034,9370001054173,01,0,2026-08-24,2026-08-24,"株式会社ＡｉｒＬｉｎｋ",,301,"宮城県","亘理郡山元町","山寺字町東２６番地１",,04,362,9892201,,,,,,,2026-08-24,1,,,,,"エアリンク",0
2035,9370005001568,12,0,2026-08-24,2026-08-17,"宮城県社会保険労務士会",,399,"宮城県","仙台市青葉区","五橋１丁目６番６号五橋ビル９階",,04,101,9800022,,,,,,,2015-10-05,1,,,,,"ミヤギケン",0
2036,9370005010180,12,0,2026-08-24,2026-08-21,"協同組合アイ・ビリーブ",,399,"東京都","中央区","日本橋馬喰町１丁目１１－１東京問屋連盟ビル６階",,13,102,1030002,,,,,,,2020-10-21,1,,,,,"アイビリーブ",0
2037,9370005010841,01,1,2026-08-24,2024-10-02,"ＦｅＬＬｏｗ事業協同組合",,399,"宮城県","亘理郡亘理町","字東郷１５７番地１",,04,361,9892351,,,,,,,2024-10-02,0,,,,,,0
2038,9370005010841,12,1,2026-08-24,2025-07-14,"ＦｅＬＬｏｗ事業協同組合",,399,"宮城県","亘理郡亘理町","字東郷１５６番地１キラリビレッジ２",,04,361,9892351,,,,,,,2024-10-02,1,,,,,,0
2039,9380001020174,21,0,2026-08-24,2026-08-21,"株式会社ジースクール",,301,"福島県","耶麻郡北塩原村","大字桧原字小野川１０８２番地１２",,07,402,9692701,,,2026-08-21,01,,,2015-10-05,1,,,,,,0
2040,9380001036278,01,0,2026-08-24,2026-08-24,"株式会社ＢＬＯＯＭ",,301,"福島県","河沼郡湯川村","大字佐野目字四郎右エ門田甲７６５番地５",,07,422,9693555,,,,,,,2026-08-24,1,,,,,"ブルーム",0
2041,9380002024901,21,0,2026-08-24,2026-08-06,"有限会社テクテム",,302,"福島県","いわき市","平鎌田字岸２５番地",,07,204,9708023,,,2026-08-06,01,,,2015-10-05,1,,,,,,0
2042,9390003002186,21,0,2026-08-24,2026-08-10,"合同会社土田慎",,305,"山形県","山形市","白山１丁目４番７号",,06,201,9902446,,,2026-08-10,01,,,2024-01-09,1,,,,,"ツチダマコト",0
2043,9410001000858,21,0,2026-08-24,2026-08-21,"株式会社環境管理エンジニアリング",,301,"秋田県","秋田市","川尻みよし町４番２４号",,05,201,0100945,,,2026-08-21,01,,,2015-10-05,1,,,,,"カンキョウカンリエンジニアリング",0
2044,9410002013207,21,0,2026-08-24,2026-08-19,"有限会社松久",,302,"秋田県","横手市","四日町５番２２号",,05,203,0130022,,,2026-08-19,01,,,2015-10-05,1,,,,,,0
2045,9410003004287,01,0,2026-08-24,2026-08-24,"Ｓｉｇｎ　ＭＡＲＫＥＴ合同会社",,305,"秋田県","潟上市","天王字上江川４７番地１２７７",,05,211,0100201,,,,,,,2026-08-24,1,,,,,"サインマーケット",0
2046,9430001092068,21,0,2026-08-24,2026-08-19,"株式会社丸平工業",,301,"北海道","札幌市白石区","本郷通１丁目南１番１－５０５号",,01,104,0030024,,,2026-08-19,01,,,2024-06-19,1,,,,,"マルヒラコウギョウ",0
2047,9430001096424,12,0,2026-08-24,2026-08-06,"株式会社Ｈ２ほっかいどう",,301,"北海道","札幌市東区","本町二条１０丁目２番７号",,01,103,0650042,,,,,,,2026-03-23,1,"H2 HOKKAIDO Co., Ltd.",,,,"エイチツーホッカイドウ",0
2048,9430001097554,01,0,2026-08-24,2026-08-24,"株式会社ノースウインド",,301,"北海道","北広島市","北の里２６６番地１",,01,234,0611111,,,,,,,2026-08-24,1,,,,,"ノースウインド",0
2049,9430002066244,01,1,2026-08-24,2015-10-05,"有限会社興振電機",,302,"北海道","室蘭市","輪西町２丁目１８番１号",,01,205,0500085,,,,,,,2015-10-05,1,,,,,"コウシンデンキ",0
2050,9500001008867,01,1,2026-08-24,2015-10-05,"株式会社アドバンテック",,301,"東京都","千代田区","丸の内１丁目８番３号",,13,101,1000005,,,,,,,2015-10-05,1,"ADVANTEC CO.,LTD.","Tokyo","1-8-3,Marunouchi, Chiyoda ku",,,0
