1,1010001033204,01,1,2026-09-29,2015-10-05,"日本ジエツト・オン株式会社",,301,"東京都","千代田区","外神田３丁目２番６号",,13,101,1010021,,,,,,,2015-10-05,0,,,,,"ニホンジェットオン",0
2,1010001033204,12,1,2026-09-29,2026-09-01,"日本ジエツト・オン株式会社",,301,"東京都","千代田区","外神田３丁目５番５－６０５号",,13,101,1010021,,,,,,,2015-10-05,1,,,,,"ニホンジェットオン",0
3,1010001036504,21,0,2026-09-29,2026-09-01,"曙フーズ株式会社",,301,"東京都","中央区","日本橋浜町２丁目３９番２号",,13,102,1030007,,,2026-09-01,11,4010001036501,"令和８年９月１日東京都中央区日本橋浜町二丁目３９番２号株式会社曙（4010001036501）に合併し解散",2015-10-05,1,,,,,"アケボノフーズ",0
4,1010001214935,21,0,2026-09-29,2026-08-31,"セカイエ千葉４株式会社",,301,"東京都","中央区","八丁堀２丁目１０番７号日本瓦斯八丁堀ビル",,13,102,1040032,,,2026-08-31,11,8010001170197,"令和８年８月３０日東京都中央区八丁堀二丁目１０番７号日本瓦斯八丁堀ビルセカイエ株式会社（8010001170197）に合併し解散",2021-01-08,1,,,,,"セカイエチバヨン",0
5,1010001214943,21,0,2026-09-29,2026-08-31,"セカイエ茨城１株式会社",,301,"東京都","中央区","八丁堀２丁目１０番７号日本瓦斯八丁堀ビル",,13,102,1040032,,,2026-08-31,11,8010001170197,"令和８年８月３０日東京都中央区八丁堀二丁目１０番７号日本瓦斯八丁堀ビルセカイエ株式会社（8010001170197）に合併し解散",2021-01-07,1,,,,,"セカイエイバラキイチ",0
6,1010001262678,12,0,2026-09-29,2026-09-25,"ＢｌｕｅＰｅａｋＴｅｃｈ株式会社",,301,"山口県","宇部市","海南町７番１０号",,35,202,7550038,,,,,,,2026-02-06,1,,,,,"ブルーピークテック",0
7,1010001269104,01,0,2026-09-29,2026-09-29,"株式会社ＣＳＹ　Ｐａｒｔｎｅｒｓ",,301,"東京都","中央区","銀座１丁目１２番４号Ｎ＆ＥＢＬＤ．６Ｆ",,13,102,1040061,,,,,,,2026-09-29,1,,,,,"シーエスワイパートナーズ",0
8,1010003040520,71,0,2026-09-29,2026-09-01,"合同会社Ｓ．ｒ．ｌ",,305,"東京都","千代田区","東神田１丁目１７番６号",,13,101,1010031,,,,,,"令和８年９月１日東京都千代田区東神田一丁目１７番６号株式会社クラチカヨシダ（8010001095857）を合併",2023-05-09,1,,,,,"エスアールエル",0
9,1010003040594,21,0,2026-09-29,2026-09-01,"エンジェル合同会社",,305,"東京都","中央区","入船１丁目４番９－５０７号",,13,102,1040042,,,2026-09-01,01,,,2023-05-16,1,,,,,"エンジェル",0
10,1010003052821,01,0,2026-09-29,2026-09-29,"ルビーＩＶ合同会社",,305,"東京都","千代田区","丸の内１丁目４番１号東京共同会計事務所内",,13,101,1000005,,,,,,,2026-09-29,1,,,,,"ルビーフォー",0
11,1010005042473,01,0,2026-09-29,2026-09-29,"ベイサイド商業一般社団法人",,399,"東京都","千代田区","内神田１丁目３番７号４０１あすな会計事務所内",,13,101,1010047,,,,,,,2026-09-29,1,,,,,"ベイサイドショウギョウ",0
12,1010105001800,01,1,2026-09-29,2015-10-05,"医療法人社団和漢会",,399,"東京都","八王子市","大楽寺町４２６番地２",,13,201,1930816,,,,,,,2015-10-05,1,,,,,"ワカンカイ",0
13,1010401021221,01,1,2026-09-29,2015-10-05,"株式会社中村や",,301,"東京都","港区","南青山２丁目１０番１１号",,13,103,1070062,,,,,,,2015-10-05,0,,,,,"ナカムラヤ",0
14,1010401021221,21,1,2026-09-29,2026-01-28,"株式会社中村や",,301,"東京都","港区","南青山２丁目１０番１１号",,13,103,1070062,,,2026-01-28,21,,,2015-10-05,0,,,,,"ナカムラヤ",0
15,1010401021221,22,1,2026-09-29,2026-08-20,"株式会社中村や",,301,"東京都","港区","南青山２丁目１０番１１号",,13,103,1070062,,,,,,,2015-10-05,1,,,,,"ナカムラヤ",0
16,1010401087543,21,0,2026-09-29,2026-09-01,"沙門株式会社",,301,"東京都","港区","東麻布３丁目４番１８号ＶＯＲＴ麻布十番５Ｆ",,13,103,1060044,,,2026-09-01,01,,,2015-10-05,1,,,,,"サモン",0
17,1010401115353,12,0,2026-09-29,2026-09-24,"ＦｌｉｇｈｔＳｃｏｐｅ　Ｊａｐａｎ株式会社",,301,"東京都","千代田区","霞が関３丁目２番６号東京倶楽部ビルディング１１階",,13,101,1000013,,,,,,,2015-10-05,1,,,,,"フライトスコープジャパン",0
18,1010401152644,01,1,2026-09-29,2020-05-13,"株式会社Ｔ＆Ｈエコみらい",,301,"東京都","港区","芝公園２丁目４番１号Ａ－１０階",,13,103,1050011,,,,,,,2020-05-13,0,,,,,"ティーアンドエッチエコミライ",0
19,1010401152644,12,1,2026-09-29,2026-08-31,"株式会社Ｔ＆Ｈエコみらい",,301,"東京都","港区","芝浦１丁目１番１号",,13,103,1050023,,,,,,,2020-05-13,1,,,,,"ティーアンドエッチエコミライ",0
20,1010401185256,12,0,2026-09-29,2026-09-17,"株式会社ＯＮＥ　ＷＩＬＬ",,301,"東京都","渋谷区","東２丁目２７番１０号ＢＬＯＣＫＳＳＨＩＢＵＹＡＨＩＧＡＳＨＩ６２９",,13,113,1500011,,,,,,,2024-09-24,1,,,,,"ワンウィル",0
21,1010401195073,12,0,2026-09-29,2026-09-18,"株式会社ＭＩＲＡ",,301,"千葉県","船橋市","新高根１丁目１６番３号",,12,204,2740814,,,,,,,2025-12-11,1,,,,,"ミラ",0
22,1010401202300,01,0,2026-09-29,2026-09-29,"ハルカ製薬株式会社",,301,"東京都","港区","三田５丁目７番８号",,13,103,1080073,,,,,,,2026-09-29,1,,,,,"ハルカセイヤク",0
23,1010403019271,11,0,2026-09-29,2026-09-01,"株式会社オフィス川上",,301,"東京都","世田谷区","世田谷１丁目１１番２９－１０４号",,13,112,1540017,,,,,,,2018-09-06,1,,,,,"オフィスカワカミ",0
24,1010403031103,21,0,2026-09-29,2026-08-27,"合同会社トレック・サターン",,305,"東京都","港区","赤坂７丁目６番１５号",,13,103,1070052,,,2026-08-27,01,,,2023-10-11,1,,,,,"トレックサターン",0
25,1010403032035,12,0,2026-09-29,2026-09-01,"合同会社Ｌｏｔｕｓ　Ｂｌｅｕ１",,305,"東京都","港区","新橋６丁目１３番９号ＲＥＧＲＡＲＤＳＨＩＭＢＡＳＨＩ５階ＣｉｅｌＴｅｒｒｅＪａｐａｎ内",,13,103,1050004,,,,,,,2024-02-28,1,,,,,"ロータスブルーワン",0
26,1010501052595,21,0,2026-09-29,2026-09-25,"虎虎株式会社",,301,"東京都","台東区","松が谷２丁目９番１－４０１号",,13,106,1110036,,,2026-09-25,01,,,2024-07-12,1,,,,,"フフ",0
27,1010501056489,01,0,2026-09-29,2026-09-29,"株式会社ケイエスワイホールディングス",,301,"東京都","台東区","三筋１丁目１７番１０号本多ビル６階",,13,106,1110055,,,,,,,2026-09-29,1,,,,,"ケイエスワイホールディングス",0
28,1010601040681,01,1,2026-09-29,2015-10-05,"株式会社ジェーシーアンドジー",,301,"東京都","墨田区","江東橋４丁目２９番１３号",,13,107,1300022,,,,,,,2015-10-05,0,,,,,,0
29,1010601040681,12,1,2026-09-29,2017-03-06,"株式会社ジェーシーアンドジー",,301,"東京都","墨田区","江東橋２丁目１９番７号",,13,107,1300022,,,,,,,2015-10-05,1,,,,,,0
30,1010602018611,01,1,2026-09-29,2015-10-05,"磁気ラック有限会社",,302,"東京都","墨田区","向島３丁目４０番１号",,13,107,1310033,,,,,,,2015-10-05,1,,,,,"ジキラック",0
31,1010602019733,21,0,2026-09-29,2026-09-18,"有限会社クレクレジャパン",,302,"東京都","墨田区","向島２丁目１２番４－１００３号",,13,107,1310033,,,2026-09-18,01,,,2015-10-05,1,,,,,"クレクレジャパン",0
32,1010603005014,12,0,2026-09-29,2026-09-17,"株式会社ＮＯＮＤ",,301,"神奈川県","横浜市港北区","綱島東３丁目１１番４５号",,14,109,2230052,,,,,,,2015-10-05,1,,,,,"エヌオーエヌディー",0
33,1010603012472,01,0,2026-09-29,2026-09-29,"ＧＷ　Ｃａｐｉｔａｌ　Ｍａｎａｇｅｍｅｎｔ合同会社",,305,"東京都","江東区","豊洲５丁目１番１３号",,13,108,1350061,,,,,,,2026-09-29,1,,,,,"ジーダブリューキャピタルマネジメント",0
34,1010801003851,21,0,2026-09-29,2026-09-24,"株式会社恒陽社",,301,"東京都","新宿区","西早稲田３丁目５番１０号",,13,104,1690051,,,2026-09-24,11,6010001004027,"令和８年９月１日東京都文京区関口一丁目４７番１２号スピックバンスター株式会社（6010001004027）に合併し解散",2015-10-05,1,,,,,"コウヨウシャ",0
35,1010802019186,01,1,2026-09-29,2015-10-05,"ビンシー・トレーディング有限会社",,302,"東京都","大田区","大森南１丁目７番８号",,13,111,1430013,,,,,,,2015-10-05,0,,,,,,0
36,1010802019186,11,1,2026-09-29,2017-08-09,"ビートラスト株式会社",,301,"東京都","大田区","大森南１丁目７番８号",,13,111,1430013,,,,,,,2015-10-05,1,,,,,"ビートラスト",0
37,1010803005986,01,0,2026-09-29,2026-09-29,"合同会社ベルアセットマネジメント",,305,"東京都","大田区","下丸子２丁目３０番２３－６０１号",,13,111,1460092,,,,,,,2026-09-29,1,,,,,"ベルアセットマネジメント",0
38,1010902002595,12,0,2026-09-29,2026-09-01,"江島屋有限会社",,302,"東京都","中央区","八丁堀１丁目１番１号",,13,102,1040032,,,,,,,2015-10-05,1,,,,,"エジマヤ",0
39,1010905004663,01,1,2026-09-29,2024-08-30,"一般社団法人ＲＷＯ",,399,"東京都","世田谷区","祖師谷３丁目４１番７号",,13,112,1570072,,,,,,,2024-08-30,1,,,,,"アールダブリュオー",0
40,1011001073487,01,1,2026-09-29,2015-10-05,"株式会社ｍａｒｙ　ｊａｎｅ",,301,"東京都","新宿区","新宿２丁目７番３号ヴェラハイツ新宿御苑７０７",,13,104,1600022,,,,,,,2015-10-05,1,,,,,"メアリージェーン",0
41,1011001129834,12,0,2026-09-29,2026-09-09,"Ｐａｔｉｅｎｔｒｉｃｉｔｙ　ＭｅｄＰａｒｔｎｅｒｓ株式会社",,301,"東京都","渋谷区","幡ヶ谷１丁目２番２号",,13,113,1510072,,,,,,,2019-09-04,1,,,,,"ペイシェントリシティメドパートナーズ",0
42,1011001167371,12,0,2026-09-29,2026-09-14,"株式会社Ｅｍａｎ",,301,"東京都","渋谷区","神宮前５丁目５１番８号ラ・ポルト青山２Ｆ－７",,13,113,1500001,,,,,,,2025-02-03,1,,,,,"エマン",0
43,1011001180523,01,0,2026-09-29,2026-09-29,"Ａｍｅｌａ株式会社",,301,"東京都","渋谷区","恵比寿西２丁目４番８号ウィンド恵比寿８Ｆ",,13,113,1500021,,,,,,,2026-09-29,1,,,,,"アメラ",0
44,1011005005627,12,0,2026-09-29,2026-09-25,"一般社団法人マインドフルリーダーシップインスティテュート",,399,"神奈川県","鎌倉市","稲村ガ崎２丁目１０番２１号",,14,204,2480024,,,,,,,2015-10-05,1,,,,,"マインドフルリーダーシップインスティテュート",0
45,1011005006732,01,1,2026-09-29,2016-04-06,"税理士法人ＳＫＹ",,399,"東京都","渋谷区","代々木１丁目５７番２－９０７号",,13,113,1510053,,,,,,,2016-04-06,1,,,,,"スカイ",0
46,1011101074914,12,0,2026-09-29,2026-09-24,"株式会社ＷＩＮＸマネジメント",,301,"東京都","品川区","東品川４丁目１２番６号",,13,109,1400002,,,,,,,2015-10-21,1,,,,,"ウィンクスマネジメント",0
47,1011101096181,11,0,2026-09-29,2026-09-17,"株式会社みらいへ",,301,"東京都","新宿区","西新宿３丁目３番１３号西新宿水間ビル６階",,13,104,1600023,,,,,,,2021-09-03,1,,,,,"ミライヘ",0
48,1011103011213,01,1,2026-09-29,2021-11-29,"合同会社Ｇｅｎｕｉｎｅ　Ｖｉｎｅｙａｒｄ",,305,"東京都","新宿区","四谷１丁目１４番地２",,13,104,1600004,,,,,,,2021-11-29,0,,,,,"ジェニュインヴィンヤード",0
49,1011103011213,11,1,2026-09-29,2026-09-08,"合同会社陣馬ワインズ",,305,"東京都","新宿区","四谷１丁目１４番地２",,13,104,1600004,,,,,,,2021-11-29,0,,,,,"ジンバワインズ",0
50,1011103011213,12,0,2026-09-29,2026-09-24,"合同会社陣馬ワインズ",,305,"神奈川県","相模原市緑区","日連６７７番地５",,14,151,2520185,,,,,,,2021-11-29,1,,,,,"ジンバワインズ",0
51,1011103018027,01,0,2026-09-29,2026-09-29,"合同会社ジェイ・エヌ・エフ",,305,"東京都","新宿区","下宮比町１番４号",,13,104,1620822,,,,,,,2026-09-29,1,,,,,"ジェイエヌエフ",0
52,1011103018051,01,0,2026-09-29,2026-09-29,"プロテオアクシス合同会社",,305,"東京都","新宿区","新宿２丁目８番１５号パークフロント新宿２０２号室",,13,104,1600022,,,,,,,2026-09-29,1,,,,,"プロテオアクシス",0
53,1011301029593,12,0,2026-09-29,2026-09-25,"ＨＯＭＴＥＸ株式会社",,301,"神奈川県","横浜市緑区","東本郷３丁目４４－２０",,14,113,2260002,,,,,,,2024-04-18,1,,,,,"ホームテックス",0
54,1011401007235,01,1,2026-09-29,2015-10-05,"板橋梱包株式会社",,301,"東京都","板橋区","中丸町４番３号",,13,119,1730026,,,,,,,2015-10-05,0,,,,,"イタバシコンポウ",0
55,1011401007235,12,1,2026-09-29,2016-11-29,"板橋梱包株式会社",,301,"東京都","板橋区","清水町１４番７号",,13,119,1740053,,,,,,,2015-10-05,1,,,,,"イタバシコンポウ",0
56,1011402005477,01,1,2026-09-29,2015-10-05,"有限会社泰山工業",00018158,302,"埼玉県","川越市","中台南３丁目１０番地３",,11,201,3501150,,,,,,,2015-10-05,1,,,,,"ヤスヤマコウギョウ",0
57,1011501021169,01,1,2026-09-29,2015-12-15,"ＮＭナカガワ株式会社",,301,"東京都","北区","滝野川７丁目３１番９号",,13,117,1140023,,,,,,,2015-12-15,1,,,,,"エヌエムナカガワ",0
58,1011601005798,12,0,2026-09-29,2026-09-25,"株式会社仁美警備保障",,301,"東京都","足立区","新田３丁目３７番１３－１１１２号",,13,121,1230865,,,,,,,2015-10-05,1,,,,,"ヒトミケイビホショウ",0
59,1011602009716,01,1,2026-09-29,2015-10-05,"有限会社宮下社",,302,"東京都","練馬区","高野台１丁目２１番６－４０８号",,13,120,1770033,,,,,,,2015-10-05,1,,,,,"ミヤシタシャ",0
60,1011801008601,12,0,2026-09-29,2026-09-25,"株式会社島津製作所",,301,"東京都","杉並区","浜田山３丁目３５番３４－７０２号",,13,115,1680065,,,,,,,2015-10-05,1,,,,,"シマヅセイサクショ",0
61,1011801019342,01,1,2026-09-29,2015-10-05,"株式会社岩崎桐材店",,301,"東京都","足立区","千住緑町１丁目２２番７号",,13,121,1200044,,,,,,,2015-10-05,1,,,,,"イワサキキリザイテン",0
62,1011801048424,01,0,2026-09-29,2026-09-29,"株式会社アステリア",,301,"東京都","葛飾区","奥戸６丁目１７番１７号",,13,122,1240022,,,,,,,2026-09-29,1,,,,,"アステリア",0
63,1012401031497,01,1,2026-09-29,2016-06-07,"株式会社ｄｏｕｂｌｅｔ．",,301,"東京都","調布市","西つつじケ丘１丁目２３番７－２０５号",,13,208,1820006,,,,,,,2016-06-07,0,,,,,"ダブレット",0
64,1012401031497,12,1,2026-09-29,2017-10-05,"株式会社ｄｏｕｂｌｅｔ．",,301,"東京都","世田谷区","用賀２丁目３９番１７－４０１号",,13,112,1580097,,,,,,,2016-06-07,1,,,,,"ダブレット",0
65,1012401044929,01,0,2026-09-29,2026-09-29,"株式会社ＬＯＣＡＫＮＯＴ",,301,"東京都","武蔵野市","吉祥寺北町３丁目１３番３１号",,13,203,1800001,,,,,,,2026-09-29,1,,,,,"ロカノット",0
66,1012701002859,01,1,2026-09-29,2015-10-05,"株式会社重田材木店",,301,"東京都","西東京市","富士町２丁目８番１５号",,13,229,2020014,,,,,,,2015-10-05,1,,,,,,0
67,1012803001057,21,0,2026-09-29,2026-09-11,"巧住建株式会社",,301,"東京都","立川市","富士見町６丁目５３番４０５号",,13,202,1900013,,,2026-09-11,01,,,2015-10-05,1,,,,,"タクミジュウケン",0
68,1013301016753,12,0,2026-09-29,2026-09-17,"株式会社国際サービス",,301,"東京都","豊島区","北大塚２丁目２３－７ハマダビル１階",,13,116,1700004,,,,,,,2015-10-05,1,,,,,"コクサイサービス",0
69,1013301051016,01,1,2026-09-29,2023-07-07,"株式会社ＺＥＮＢ　ＭＡＲＫＥＴＩＮＧ",,301,"東京都","豊島区","池袋２丁目４０番１３号",,13,116,1710014,,,,,,,2023-07-07,0,,,,,"ゼンブマーケティング",0
70,1013301051016,11,1,2026-09-29,2024-08-19,"株式会社ＺＥＮＢ　ＤＩＲＥＣＴ",,301,"東京都","豊島区","池袋２丁目４０番１３号",,13,116,1710014,,,,,,,2023-07-07,0,,,,,"ゼンブダイレクト",0
71,1013301051016,11,1,2026-09-29,2024-10-16,"株式会社風林火山マネジメント",,301,"東京都","豊島区","池袋２丁目４０番１３号",,13,116,1710014,,,,,,,2023-07-07,0,,,,,"フウリンカザンマネジメント",0
72,1013301051016,11,1,2026-09-29,2025-07-18,"株式会社ＺＥＮＢ　ＮＥＸＴ",,301,"東京都","豊島区","池袋２丁目４０番１３号",,13,116,1710014,,,,,,,2023-07-07,0,,,,,"ゼンブネクスト",0
73,1013301051016,11,1,2026-09-29,2026-09-04,"株式会社ＺＥＮＢＩＳ",,301,"東京都","豊島区","池袋２丁目４０番１３号",,13,116,1710014,,,,,,,2023-07-07,1,,,,,,0
74,1013303008451,01,0,2026-09-29,2026-09-29,"合同会社ＶＩＶＡ　ＬＩＮＫＳ",,305,"東京都","豊島区","池袋４丁目１８－１１メゾンド澄２０１",,13,116,1710014,,,,,,,2026-09-29,1,,,,,"ヴィヴァリンクス",0
75,1020001024607,01,1,2026-09-29,2015-10-05,"明発工業株式会社",,301,"神奈川県","横浜市神奈川区","羽沢町５２６番地",,14,102,2210863,,,,,,,2015-10-05,1,,,,,"ミョウハツコウギョウ",0
76,1020001026925,12,0,2026-09-29,2026-09-08,"章洋建物管理株式会社",,301,"神奈川県","横浜市中区","長者町４丁目９番地８",,14,104,2310033,,,,,,,2015-10-05,1,,,,,"ショウヨウタテモノカンリ",0
77,1020002058760,01,1,2026-09-29,2015-10-05,"有限会社三田商事",,302,"神奈川県","横浜市神奈川区","松本町３丁目２７－１－１０１",,14,102,2210841,,,,,,,2015-10-05,0,,,,,"ミタショウジ",0
78,1020002058760,12,1,2026-09-29,2017-06-27,"有限会社三田商事",,302,"北海道","富良野市","字東学田二区",,01,229,0760045,,,,,,,2015-10-05,1,,,,,"ミタショウジ",0
79,1020003031857,01,0,2026-09-29,2026-09-29,"合同会社たよなん",,305,"神奈川県","川崎市多摩区","菅北浦２丁目１６番６２号",,14,135,2140008,,,,,,,2026-09-29,1,,,,,"タヨナン",0
80,1020005017425,01,0,2026-09-29,2026-09-29,"特定非営利活動法人ユラギト",,399,"神奈川県","横浜市戸塚区","品濃町５０５番地１１",,14,110,2440801,,,,,,,2026-09-29,1,,,,,"ユラギト",0
81,1021002027978,01,1,2026-09-29,2015-10-05,"メールボックス有限会社",,302,"神奈川県","相模原市緑区","二本松１丁目８番１７号",,14,151,2520137,,,,,,,2015-10-05,1,,,,,"メールボックス",0
82,1021002028126,21,0,2026-09-29,2026-09-18,"有限会社アイアールシー",,302,"神奈川県","相模原市緑区","橋本４丁目１１番３４号",,14,151,2520143,,,2026-09-18,11,2010101008633,"令和８年９月１日東京都八王子市別所一丁目７４番地１７株式会社グッドスマイル（2010101008633）に合併し解散",2015-10-05,1,,,,,"アイアールシー",0
83,1021003005339,01,1,2026-09-29,2015-10-05,"ＪＳＤ合同会社",,305,"神奈川県","座間市","相模が丘１丁目１１番９－１０１号リバシティー",,14,216,2520001,,,,,,,2015-10-05,0,,,,,"ジェーエスディー",0
84,1021003005339,12,1,2026-09-29,2025-04-01,"ＪＳＤ合同会社",,305,"神奈川県","相模原市南区","南台５丁目２２番１５号",,14,153,2520314,,,,,,,2015-10-05,0,,"Kanagawa","5-22-15, Minamidai, Minami ku Sagamihara shi",,"ジェーエスディー",0
85,1021003005339,11,1,2026-09-29,2025-04-01,"ＪＳＤ株式会社",,301,"神奈川県","相模原市南区","南台５丁目２２番１５号",,14,153,2520314,,,,,,,2015-10-05,1,"JSD Ltd.","Kanagawa","5-22-15, Minamidai, Minami ku Sagamihara shi",,"ジェーエスディー",0
86,1021003014694,21,0,2026-09-29,2026-09-02,"Ｈａｎｖｏｎ　Ｕｇｅｅ　Ｔｅｃｈｎｏｌｏｇｙ　Ｊａｐａｎ合同会社",,305,"千葉県","成田市","南羽鳥１８１７－１",,12,211,2860805,,,2026-09-02,01,,,2024-07-04,1,,,,,"ハンボンユージーテクノロジージャパン",0
87,1021003014926,12,0,2026-09-29,2026-09-25,"合同会社ＳＰＥＸ　ＬＯＧＩＳＴＩＣＳ",,305,"東京都","小平市","大沼町７丁目１６－１",,13,211,1870001,,,,,,,2024-09-20,1,,,,,"スペックスロジスティクス",0
88,1030001016454,01,1,2026-09-29,2015-10-05,"株式会社埼玉林業",,301,"埼玉県","さいたま市西区","大字高木１１５３番地",,11,101,3310071,,,,,,,2015-10-05,1,,,,,"サイタマリンギョウ",0
89,1030001046311,21,0,2026-09-29,2026-09-01,"ユニバーサルトレーディング株式会社",,301,"東京都","港区","新橋４丁目１４番４号間島ビル２階",,13,103,1050004,,,2026-09-01,01,,,2015-10-05,1,,,,,"ユニバーサルトレーディング",0
90,1030001074139,11,0,2026-09-29,2026-09-10,"岡島塗装工業株式会社",,301,"埼玉県","川口市","川口２丁目２番１７号",,11,203,3320015,,,,,,,2015-10-05,1,,,,,"オカジマトソウコウギョウ",0
91,1030001075211,01,0,2026-09-29,2026-09-29,"山陽土建株式会社",,301,"埼玉県","川口市","弥平４丁目６番１７号",,11,203,3320002,,,,,,,2026-09-29,1,,,,,"サンヨウドケン",0
92,1030001089459,21,0,2026-09-29,2026-09-11,"竹田株式会社",,301,"埼玉県","飯能市","大字川寺１０２番地",,11,209,3570044,,,2026-09-11,01,,,2015-10-05,1,,,,,"タケダ",0
93,1030001114175,01,1,2026-09-29,2016-05-09,"株式会社真匠",,301,"埼玉県","川口市","安行出羽２丁目１０番２１号",,11,203,3340052,,,,,,,2016-05-09,1,,,,,"シンショウ",0
94,1030001115850,01,1,2026-09-29,2016-08-08,"葛飾土地建物株式会社",,301,"埼玉県","三郷市","戸ケ崎３１５９番地１",,11,237,3410044,,,,,,,2016-08-08,0,,,,,,0
95,1030001115850,12,1,2026-09-29,2017-09-07,"葛飾土地建物株式会社",,301,"東京都","葛飾区","南水元１丁目１８番１６号",,13,122,1250035,,,,,,,2016-08-08,0,,,,,,0
96,1030001115850,11,1,2026-09-29,2018-02-02,"ＫＴＴ株式会社",,301,"東京都","葛飾区","南水元１丁目１８番１６号",,13,122,1250035,,,,,,,2016-08-08,1,,,,,"ケーティーティー",0
97,1030001121097,01,1,2026-09-29,2017-07-05,"株式会社ＴＭＡ",,301,"埼玉県","新座市","中野１丁目１０番８号",,11,230,3520005,,,,,,,2017-07-05,1,,,,,"ティーエムエー",0
98,1030001122500,12,0,2026-09-29,2026-09-10,"株式会社浦和ナカノヤ",,301,"埼玉県","さいたま市浦和区","高砂１丁目１０番１－１０４号",,11,107,3300063,,,,,,,2017-10-12,1,,,,,"ウラワナカノヤ",0
99,1030001161606,12,0,2026-09-29,2026-09-10,"Ａｃｅ株式会社",,301,"埼玉県","深谷市","稲荷町１丁目１６番１８号２Ｆ",,11,218,3660026,,,,,,,2024-07-29,1,,,,,"エース",0
100,1030001174335,01,0,2026-09-29,2026-09-29,"株式会社ＫＯＫ",,301,"埼玉県","吉川市","大字保８番地７",,11,243,3420041,,,,,,,2026-09-29,1,,,,,"ケーオーケー",0
101,1030002090556,01,1,2026-09-29,2015-10-05,"有限会社藤川左官工業",,302,"埼玉県","吉川市","会野谷２丁目５４番地１",,11,243,3420016,,,,,,,2015-10-05,1,,,,,"フジカワサカンコウギョウ",0
102,1030003029999,01,0,2026-09-29,2026-09-29,"日本丸合同会社",,305,"埼玉県","新座市","東２丁目８番１６号１階",,11,230,3520002,,,,,,,2026-09-29,1,,,,,"ニッポンマル",0
103,1030003030008,01,0,2026-09-29,2026-09-29,"ＦＯＲＴＵＮＥ合同会社",,305,"埼玉県","川越市","菅原町２２番地２川越昭和ビル地下１階",,11,201,3500046,,,,,,,2026-09-29,1,,,,,"フォーチャン",0
104,1040001037573,01,1,2026-09-29,2015-10-05,"株式会社ジェイ・エス・イー",,301,"千葉県","松戸市","六高台６丁目９６－２グリンハイツ岡田１－１０２号室",,12,207,2702203,,,,,,,2015-10-05,0,,,,,"ジェイエスイー",0
105,1040001037573,12,1,2026-09-29,2016-01-28,"株式会社ジェイ・エス・イー",,301,"千葉県","松戸市","高柳新田３９番地の５２",,12,207,2702201,,,,,,,2015-10-05,1,,,,,"ジェイエスイー",0
106,1040001050774,01,1,2026-09-29,2015-10-05,"株式会社ティー・ワイ・シー",,301,"千葉県","木更津市","大久保３丁目７番１２号",,12,206,2920815,,,,,,,2015-10-05,1,,,,,"ティーワイシー",0
107,1040001060542,01,1,2026-09-29,2015-10-05,"株式会社アーストレジャー",,301,"千葉県","習志野市","藤崎１丁目１８番１０号",,12,216,2750017,,,,,,,2015-10-05,0,,,,,"アーストレジャー",0
108,1040001060542,12,1,2026-09-29,2026-08-24,"株式会社アーストレジャー",,301,"千葉県","千葉市花見川区","天戸町３番地９号",,12,102,2620043,,,,,,,2015-10-05,1,,,,,"アーストレジャー",0
109,1040001145384,01,0,2026-09-29,2026-09-29,"ＴＩエステート株式会社",,301,"千葉県","千葉市中央区","登戸３丁目８番３号",,12,101,2600032,,,,,,,2026-09-29,1,,,,,"ティーアイエステート",0
110,1040001145418,01,0,2026-09-29,2026-09-29,"株式会社１５１Ａ",,301,"千葉県","袖ケ浦市","神納３３６２番地１９",,12,229,2990257,,,,,,,2026-09-29,1,,,,,"イチゴイチエー",0
111,1040002060293,01,1,2026-09-29,2015-10-05,"有限会社和泉サービス",,302,"千葉県","佐倉市","六崎１６１８番地３",,12,212,2850812,,,,,,,2015-10-05,0,,,,,"イズミサービス",0
112,1040002060293,12,1,2026-09-29,2026-09-02,"有限会社和泉サービス",,302,"千葉県","八街市","八街ほ４３３番地８",,12,230,2891115,,,,,,,2015-10-05,1,,,,,"イズミサービス",0
113,1040002062307,01,1,2026-09-29,2015-10-05,"有限会社大日電気商会",,302,"千葉県","四街道市","四街道１５１１番地の７",,12,228,2840005,,,,,,,2015-10-05,1,,,,,"ダイニチデンキショウカイ",0
114,1040003015189,12,0,2026-09-29,2026-09-02,"合同会社エスアールイー",,305,"千葉県","野田市","野田６７７番地１ローズハイツ野田愛宕Ｂ７０５",,12,208,2780037,,,,,,,2020-04-09,0,,,,,"エスアールイー",0
115,1040003015189,11,0,2026-09-29,2026-09-02,"合同会社ＳＲＥ",,305,"千葉県","野田市","野田６７７番地１ローズハイツ野田愛宕Ｂ７０５",,12,208,2780037,,,,,,,2020-04-09,1,,,,,"エスアールイー",0
116,1050001050451,12,0,2026-09-29,2026-09-16,"千修商事株式会社",,301,"茨城県","筑西市","伊佐山１９４番地１３",,08,227,3080856,,,,,,,2022-01-17,1,,,,,"センシュウショウジ",0
117,1050001056911,01,1,2026-09-29,2025-07-10,"株式会社ＴａｎｄＴ",,301,"茨城県","水戸市","水府町１４８０番地の２アスカ・Ｆ２０６号",,08,201,3100005,,,,,,,2025-07-10,1,,,,,"ティアンドティ",0
118,1060001033422,12,0,2026-09-29,2026-09-28,"株式会社フルハウス",,301,"栃木県","宇都宮市","下栗１丁目１２番地７エトアールマノアＩＩ１０１号室",00145080,09,201,3210924,,,,,,,2021-02-12,1,,,,,"フルハウス",0
119,1060005010467,01,0,2026-09-29,2026-09-29,"一般社団法人ライフデザイン協会",,399,"栃木県","足利市","田中町９２０番地９",,09,202,3260822,,,,,,,2026-09-29,1,,,,,"ライフデザインキョウカイ",0
120,1070005006316,01,1,2026-09-29,2015-10-05,"長良神社",,399,"群馬県","邑楽郡邑楽町","大字中野３５７２番地",,10,525,3700603,,,,,,,2015-10-05,1,,,,,"ナガラジンジャ",0
121,1080001017431,01,1,2026-09-29,2015-10-05,"株式会社イハラ",,301,"静岡県","藤枝市","善左衛門１６４４番地の６",,22,214,4260053,,,,,,,2015-10-05,1,,,,,"イハラ",0
122,1080101009849,01,1,2026-09-29,2015-10-05,"望月紙業株式会社",,301,"静岡県","富士市","原田３１３番地",,22,210,4170852,,,,,,,2015-10-05,1,,,,,"モチヅキシギョウ",0
123,1080401028862,01,0,2026-09-29,2026-09-29,"株式会社ピラータ",,301,"静岡県","御前崎市","池新田５１４７番地の２ハンドレットＢ棟",,22,223,4371612,,,,,,,2026-09-29,1,,,,,"ピラータ",0
124,1080402009754,01,1,2026-09-29,2015-10-05,"有限会社米澤製作所",,302,"静岡県","湖西市","新居町新居１９１６番地",,22,221,4310302,,,,,,,2015-10-05,0,,,,,,0
125,1080402009754,11,1,2026-09-29,2017-05-01,"米澤製作株式会社",,301,"静岡県","湖西市","新居町新居１９１６番地",,22,221,4310302,,,,,,,2015-10-05,0,,,,,"ヨネザワセイサク",0
126,1080402009754,12,1,2026-09-29,2017-05-01,"米澤製作株式会社",,301,"静岡県","湖西市","新居町内山１２１４番地の５",,22,221,4310304,,,,,,,2015-10-05,1,,,,,"ヨネザワセイサク",0
127,1090001003307,01,1,2026-09-29,2015-10-05,"アクティック株式会社",,301,"山梨県","甲府市","丸の内３丁目１３番１１号",,19,201,4000031,,,,,,,2015-10-05,0,,,,,"アクティック",0
128,1090001003307,12,1,2026-09-29,2016-04-06,"アクティック株式会社",,301,"山梨県","甲斐市","島上条７５７番地",,19,210,4000123,,,,,,,2015-10-05,1,,,,,"アクティック",0
129,1090002009542,21,0,2026-09-29,2026-09-24,"立正堂印刷有限会社",,302,"山梨県","大月市","御太刀１丁目８番１４号",,19,206,4010012,,,2026-09-24,01,,,2015-10-05,1,,,,,"リツセイドウインサツ",0
130,1100001021166,01,1,2026-09-29,2015-10-05,"カトー株式会社",,301,"長野県","上伊那郡宮田村","６４５８番地",,20,388,3994301,,,,,,,2015-10-05,1,,,,,"カトー",0
131,1110001003122,11,0,2026-09-29,2026-09-14,"株式会社シャイン・テック",,301,"新潟県","新潟市東区","紫竹６丁目２７番１２号",,15,102,9500864,,,,,,,2015-10-05,1,,,,,"シャインテック",0
132,1110001018145,01,1,2026-09-29,2015-10-05,"株式会社瀬波空調設備",,301,"新潟県","村上市","瀬波浜町３番１２号",,15,212,9580026,,,,,,,2015-10-05,1,,,,,"セナミクウチョウセツビ",0
133,1110003006305,01,0,2026-09-29,2026-09-29,"合同会社トランクマネジメント",,305,"新潟県","佐渡市","浜河内７３２番地",,15,224,9520823,,,,,,,2026-09-29,1,,,,,"トランクマネジメント",0
134,1120001081332,21,0,2026-09-29,2026-09-17,"株式会社上海樓",,301,"大阪府","大阪市中央区","道修町４丁目５番１５号",,27,128,5410045,,,2026-09-17,01,,,2015-10-05,1,,,,,"シャンハイロウ",0
135,1120001128075,12,0,2026-09-29,2026-09-15,"嘉嘉貿易株式会社",,301,"大阪府","大阪市港区","南市岡１丁目６番３号－３Ａ",,27,107,5520011,,,,,,,2015-10-05,0,,,,,"カカボウエキ",0
136,1120001128075,11,0,2026-09-29,2026-09-15,"誠ホールディングス株式会社",,301,"大阪府","大阪市港区","南市岡１丁目６番３号－３Ａ",,27,107,5520011,,,,,,,2015-10-05,1,,,,,"マコトホールディングス",0
137,1120001205618,12,0,2026-09-29,2026-09-25,"株式会社Ｒ＆Ｌネパール",,301,"東京都","台東区","台東４丁目３０番６－２０４号アイリブフォレスト",,13,106,1100016,,,,,,,2017-05-17,1,,,,,"アールアンドエルネパール",0
138,1120001222646,12,0,2026-09-29,2026-09-25,"千成株式会社",,301,"大阪府","大阪市阿倍野区","天王寺町南１丁目４番２３号元谷ビル１０２号室",,27,119,5450002,,,,,,,2019-07-23,1,,,,,"チナリ",0
139,1120001273920,12,0,2026-09-29,2026-09-17,"先端ＡＩロボテック株式会社",,301,"大阪府","大阪市阿倍野区","阿倍野筋１丁目１番４３号あべのハルカス３１階",,27,119,5450052,,,,,,,2025-03-26,1,,,,,"センタンエーアイロボテック",0
140,1120001276163,11,0,2026-09-29,2026-09-11,"株式会社ＤＯＣＴＡＳ",,301,"大阪府","大阪市北区","西天満４丁目１１番２３号",,27,127,5300047,,,,,,,2025-05-28,1,,,,,"ドクタス",0
141,1120001276782,12,0,2026-09-29,2026-09-16,"正捷ＭＥＤＩＡ株式会社",,301,"大阪府","大阪市西成区","天下茶屋２丁目１８番８号",,27,122,5570014,,,,,,,2025-06-12,1,,,,,"セイショウメディア",0
142,1120001286781,11,0,2026-09-29,2026-09-18,"株式会社マンダム",,301,"大阪府","大阪市中央区","十二軒町５番１２号",,27,128,5400015,,,,,,,2026-06-03,1,,,,,"マンダム",0
143,1120101046929,01,1,2026-09-29,2015-10-05,"株式会社開夢",,301,"大阪府","貝塚市","畠中１丁目１番１８号",,27,208,5970072,,,,,,,2015-10-05,1,,,,,"カイム",0
144,1120101051714,21,0,2026-09-29,2026-09-01,"株式会社大起",,301,"大阪府","岸和田市","春木若松町７番２２号",,27,202,5960006,,,2026-09-01,11,2120101038677,"令和８年９月１日大阪府岸和田市春木若松町８番１０号株式会社大起（2120101038677）に合併し解散",2015-10-05,1,,,,,"ダイキ",0
145,1120101053669,12,0,2026-09-29,2026-09-24,"株式会社ＧＲＡＮＤＲＩＮＫ",,301,"大阪府","泉大津市","若宮町１０番９号ラフォーレ若宮３Ｇ号室",,27,206,5950065,,,,,,,2015-10-05,1,,,,,"グランドリンク",0
146,1120903006130,01,1,2026-09-29,2026-03-10,"Ｓａｌｉｖａ合同会社",,305,"大阪府","箕面市","箕面４丁目２－２３",,27,220,5620001,,,,,,,2026-03-10,1,,,,,,0
147,1122001022571,01,1,2026-09-29,2015-10-05,"株式会社ＭＡＲＩＭＯ",,301,"大阪府","八尾市","青山町４丁目１０番３２号",,27,212,5810018,,,,,,,2015-10-05,1,,,,,"マリモ",0
148,1130001051516,01,1,2026-09-29,2015-10-05,"株式会社ＭＪＳオペレーション",,301,"京都府","京都市中京区","河原町通二条上る清水町３４１番地１１グランクール河原町二条５１３号",,26,104,6040911,,,,,,,2015-10-05,1,,,,,"エムジェイエスオペレーション",0
149,1130001056861,01,1,2026-09-29,2016-02-17,"株式会社シンス",,301,"京都府","宇治市","伊勢田町名木２丁目１番地の２０７",,26,204,6110044,,,,,,,2016-02-17,1,,,,,"シンス",0
150,1130001075795,11,0,2026-09-29,2026-09-25,"株式会社一翔",,301,"京都府","八幡市","八幡馬場６６番地の２ＤＫマンション２０２号室",,26,210,6148085,,,,,,,2023-11-22,1,,,,,"イッショウ",0
151,1130001083063,01,0,2026-09-29,2026-09-29,"株式会社Ｃｕｆｆｉｎ",,301,"京都府","京都市下京区","善長寺町１３９ＡＭＩ四条烏丸１０２号室",,26,106,6008431,,,,,,,2026-09-29,1,,,,,"カフィン",0
152,1130003011682,01,0,2026-09-29,2026-09-29,"合同会社ＨＵＧＭ",,305,"京都府","舞鶴市","字行永２７１３番地１",,26,202,6250052,,,,,,,2026-09-29,1,,,,,"ハグム",0
153,1130005003694,21,0,2026-09-29,2026-09-14,"西陣織物産地問屋協同組合",,399,"京都府","京都市上京区","笹屋町通浄福寺西入笹屋町２丁目５９１番地川村博商店内",,26,102,6028453,,,2026-09-14,01,,,2015-10-05,1,,,,,"ニシジンオリモノサンチトンヤ",0
154,1140001050244,01,1,2026-09-29,2015-10-05,"株式会社斗々匠",,301,"兵庫県","尼崎市","東園田町９丁目１６番地の８",,28,202,6610953,,,,,,,2015-10-05,1,,,,,"トトショウ",0
155,1140001144137,01,0,2026-09-29,2026-09-29,"株式会社ＡＬＬＮＯＷ",,301,"兵庫県","西宮市","泉町１番９５－１５１２号",,28,204,6620932,,,,,,,2026-09-29,1,,,,,"オールノウ",0
156,1140002009842,01,1,2026-09-29,2015-10-05,"有限会社金生不動産",,302,"兵庫県","神戸市北区","鈴蘭台西町１丁目１１番地",,28,109,6511114,,,,,,,2015-10-05,0,,,,,"キンセイフドウサン",0
157,1140002009842,12,1,2026-09-29,2026-09-17,"有限会社金生不動産",,302,"兵庫県","神戸市灘区","篠原南町５丁目３番１１号",,28,102,6570059,,,,,,,2015-10-05,1,,,,,"キンセイフドウサン",0
158,1140002068599,01,1,2026-09-29,2015-10-05,"有限会社プランニングファクトリー",,302,"兵庫県","伊丹市","中央１丁目５番１６号",,28,207,6640851,,,,,,,2015-10-05,1,,,,,"プランニングファクトリー",0
159,1140005004477,12,0,2026-09-29,2026-09-17,"特定非営利活動法人ひょうご消費者ネット",,399,"兵庫県","神戸市中央区","北長狭通５丁目４番７号ニューブ神戸３０６号室",,28,110,6500012,,,,,,,2015-10-05,1,,,,,"ヒョウゴショウヒシャネット",0
160,1150001027282,12,0,2026-09-29,2026-09-18,"株式会社Ｍａｒｓｈａｌ",,301,"奈良県","橿原市","田中町４０４番地１",,29,205,6340032,,,,,,,2024-05-17,1,,,,,"マーシャル",0
161,1150005002001,21,0,2026-09-29,2026-09-28,"実行教矢田原教会",,399,"奈良県","奈良市","大字矢田原乙２７８番地",,29,201,6300000,,,2026-09-28,01,,,2015-10-05,1,,,,,,0
162,1170001008553,21,0,2026-09-29,2026-09-28,"株式会社上田工務店",,301,"和歌山県","田辺市","秋津町３３５番地の５",,30,206,6460005,,,2026-09-28,01,,,2015-10-05,1,,,,,"ウエダコウムテン",0
163,1180001065560,21,0,2026-09-29,2026-09-24,"株式会社名古屋大和",,301,"愛知県","名古屋市中区","丸の内１丁目５番４０号",,23,106,4600002,,,2026-09-24,01,,,2015-10-05,1,,,,,"ナゴヤダイワ",0
164,1180001083059,21,0,2026-09-29,2026-09-08,"谷津不動産株式会社",,301,"愛知県","一宮市","今伊勢町本神戸字高野池３番地２",,23,203,4910053,,,2026-09-08,01,,,2015-10-05,1,,,,,"タニヅフドウサン",0
165,1180001101803,21,0,2026-09-29,2026-09-24,"メイセイケミカル株式会社",,301,"愛知県","名古屋市守山区","川東山３６０２",,23,113,4630006,,,2026-09-24,01,,,2015-10-05,1,,,,,"メイセイケミカル",0
166,1180001171929,12,0,2026-09-29,2026-09-28,"株式会社リブート",,301,"愛知県","名古屋市中区","錦３丁目８番１９号４０２号",,23,106,4600003,,,,,,,2026-05-25,1,,,,,"リブート",0
167,1180001173669,01,0,2026-09-29,2026-09-29,"株式会社Ｓ",,301,"愛知県","名古屋市中村区","名駅４丁目２４番５号第２森ビル４０１",,23,105,4500002,,,,,,,2026-09-29,1,,,,,"エス",0
168,1180005012212,01,1,2026-09-29,2015-10-05,"熊野社",,399,"愛知県","知多郡南知多町","大字内海字山尾９３番地",,23,445,4703321,,,,,,,2015-10-05,1,,,,,"クマノシャ",0
169,1180301017476,12,0,2026-09-29,2026-09-15,"株式会社ジェネラルアメリカンホーム",,301,"愛知県","刈谷市","東境町町屋３０番地１",,23,210,4480007,,,,,,,2015-10-05,1,,,,,"ジェネラルアメリカンホーム",0
170,1180301037887,12,0,2026-09-29,2026-09-24,"株式会社旭ロック",,301,"愛知県","豊明市","新田町錦１０番地１７（Ａ）",,23,229,4701113,,,,,,,2023-10-06,1,,,,,"アサヒロック",0
171,1180302010570,21,0,2026-09-29,2026-09-11,"ワールド・エンタープライズ有限会社",,302,"愛知県","豊橋市","牟呂市場町１番地１シャトレーオカダＢ号棟１０２号室",,23,201,4418088,,,2026-09-11,01,,,2015-10-05,1,,,,,"ワールドエンタープライズ",0
172,1180302011222,01,1,2026-09-29,2015-10-05,"有限会社ライヴ",,302,"愛知県","豊橋市","飯村南１丁目９番地の１１",,23,201,4400835,,,,,,,2015-10-05,1,,,,,"ライヴ",0
173,1180302020652,21,0,2026-09-29,2026-09-11,"有限会社安兵衛",,302,"愛知県","高浜市","芳川町２丁目１１番地２３",,23,227,4441335,,,2026-09-11,01,,,2015-10-05,1,,,,,"ヤスベイ",0
174,1180303007120,01,0,2026-09-29,2026-09-29,"ＧＭ　ＭＯＴＯＲＳ合同会社",,305,"愛知県","碧南市","三宅町３丁目３７－２",,23,209,4470026,,,,,,,2026-09-29,1,,,,,"ジーエムモータース",0
175,1190002014763,22,0,2026-09-29,2026-09-01,"羽木製材有限会社",,302,"三重県","松阪市","嬉野権現前町字山ノ神田８８０番地の１２",,24,204,5152323,,,,,,,2015-10-05,1,,,,,"ハギセイザイ",0
176,1220001021377,01,1,2026-09-29,2016-12-22,"株式会社油本建築ＡＢＵＫＥＮ",,301,"石川県","小松市","本大工町１丁目１２番地",,17,203,9230936,,,,,,,2016-12-22,1,,,,,"アブラモトケンチクアブケン",0
177,1220005001598,21,0,2026-09-29,2026-09-28,"金沢クレーン協同組合",,399,"石川県","金沢市","中屋町西４４７番地１",,17,201,9200375,,,2026-09-28,01,,,2015-10-05,1,,,,,"カナザワクレーン",0
178,1250001021853,01,0,2026-09-29,2026-09-29,"株式会社あじ結",,301,"山口県","下関市","後田町５丁目１‐１４",,35,201,7510826,,,,,,,2026-09-29,1,,,,,"アジユイ",0
179,1260001041644,01,0,2026-09-29,2026-09-29,"ａｘｉａ株式会社",,301,"岡山県","倉敷市","連島町西之浦１０９７番地",,33,202,7128001,,,,,,,2026-09-29,1,,,,,"アクシア",0
180,1260003005770,01,0,2026-09-29,2026-09-29,"合同会社コミチラボ",,305,"岡山県","岡山市南区","阿津１５８６番地",,33,104,7028015,,,,,,,2026-09-29,1,,,,,"コミチラボ",0
181,1280001007180,12,0,2026-09-29,2026-09-24,"株式会社大建商事",,301,"島根県","浜田市","旭町今市３６３番地２",,32,202,6970425,,,,,,,2016-04-07,0,,,,,"ダイケンショウジ",0
182,1280001007180,21,0,2026-09-29,2026-09-24,"株式会社大建商事",,301,"島根県","浜田市","旭町今市３６３番地２",,32,202,6970425,,,2026-09-24,01,,,2016-04-07,1,,,,,"ダイケンショウジ",0
183,1290001069955,12,0,2026-09-29,2026-09-14,"株式会社丸井",,301,"福岡県","那珂川市","大字西畑６２８番地２１",,40,231,8111246,,,,,,,2015-10-05,1,,,,,"マルイ",0
184,1290001115552,01,0,2026-09-29,2026-09-29,"株式会社ＳＮＴ",,301,"福岡県","福岡市早良区","飯倉４丁目３１番１３号コーポ飯原１０３号",,40,137,8140161,,,,,,,2026-09-29,1,,,,,"エスエヌティー",0
185,1290001115569,01,0,2026-09-29,2026-09-29,"ヴァージンフェイス株式会社",,301,"福岡県","福岡市博多区","美野島２丁目１７番９号",,40,132,8120017,,,,,,,2026-09-29,1,,,,,"ヴァージンフェイス",0
186,1290001115577,01,0,2026-09-29,2026-09-29,"株式会社ＬＡＺＯＮＡ",,301,"福岡県","福岡市東区","香椎照葉６丁目３番１２－１０１８号",,40,131,8130017,,,,,,,2026-09-29,1,,,,,"ラゾーナ",0
187,1290002047423,01,1,2026-09-29,2015-10-05,"有限会社仁賀木不動産",,302,"福岡県","八女市","本町１番地２２６の１",,40,210,8340031,,,,,,,2015-10-05,1,,,,,"ニガキフドウサン",0
188,1290002048339,01,1,2026-09-29,2015-10-05,"有限会社アタック",,302,"福岡県","久留米市","南４丁目１０番１２号",,40,203,8300051,,,,,,,2015-10-05,0,,,,,,0
189,1290002048339,11,1,2026-09-29,2016-11-07,"株式会社アタック",,301,"福岡県","久留米市","南４丁目１０番１２号",,40,203,8300051,,,,,,,2015-10-05,0,,,,,"アタック",0
190,1290002048339,12,1,2026-09-29,2016-11-07,"株式会社アタック",,301,"福岡県","久留米市","荒木町白口１５４７番地１",,40,203,8300062,,,,,,,2015-10-05,1,,,,,"アタック",0
191,1290003018935,01,0,2026-09-29,2026-09-29,"合同会社ＦＭＰ",,305,"福岡県","糟屋郡篠栗町","和田１丁目５番１１号",,40,342,8112414,,,,,,,2026-09-29,1,,,,,"エフエムピー",0
192,1290005008620,01,1,2026-09-29,2015-10-05,"特定非営利活動法人十月の森",,399,"福岡県","福岡市中央区","薬院４丁目３番５号",,40,133,8100022,,,,,,,2015-10-05,0,,,,,,0
193,1290005008620,12,1,2026-09-29,2022-09-15,"特定非営利活動法人十月の森",,399,"佐賀県","武雄市","山内町大字三間坂甲１３８００番地",,41,206,8492303,,,,,,,2015-10-05,1,,,,,,0
194,1310002009379,12,0,2026-09-29,2026-09-25,"有限会社江良鈑金整備工場",,302,"長崎県","佐世保市","大岳台町２番２２号",,42,202,8571163,,,,,,,2015-10-05,1,,,,,,0
195,1310003005311,01,0,2026-09-29,2026-09-29,"合同会社解体センター",,305,"長崎県","長崎市","昭和１丁目１１番１６－１２０１",,42,201,8528145,,,,,,,2026-09-29,1,,,,,"カイタイセンター",0
196,1320002010468,12,0,2026-09-29,2026-09-17,"有限会社思援",,302,"大分県","大分市","季の坂１丁目２番１号９０１",,44,201,8700870,,,,,,,2015-10-05,1,,,,,,0
197,1330001022488,21,0,2026-09-29,2026-09-28,"株式会社百叶運送",,301,"熊本県","上益城郡甲佐町","大字下横田１５６７番地２号",,43,444,8614621,,,2026-09-28,01,,,2016-02-04,1,,,,,"モモカウンソウ",0
198,1330003011761,01,0,2026-09-29,2026-09-29,"合同会社ＭａｈａｌｏＣｏｍｅｔ",,305,"熊本県","菊池市","泗水町田島５９３番地３",,43,210,8611214,,,,,,,2026-09-29,1,,,,,"マハロコメット",0
199,1340005010018,01,0,2026-09-29,2026-09-29,"一般社団法人ａｓｏｂｉ　ＢＡＳＥ",,399,"鹿児島県","姶良市","宮島町２７番地１３",,46,225,8995432,,,,,,,2026-09-29,1,,,,,"アソビベース",0
200,1360001024705,12,0,2026-09-29,2026-08-28,"１２３３株式会社",,301,"沖縄県","宮古島市","上野字野原鏡原１１９０－４５４",,47,214,9060201,,,,,,,2018-10-19,1,,,,,"イアササ",0
201,1360001028796,11,0,2026-09-29,2026-09-18,"Ｎａｔｕｒｅ’ｓ株式会社",,301,"茨城県","笠間市","鴻巣６４１番地１",,08,216,3091706,,,,,,,2021-05-31,1,,,,,"ネイチャーズ",0
202,1360003016188,01,0,2026-09-29,2026-09-29,"合同会社和",,305,"沖縄県","那覇市","長田２丁目２９番１－３０１号ライオンズマンション長田第２",,47,201,9020077,,,,,,,2026-09-29,1,,,,,"ナギ",0
203,1370002002155,01,1,2026-09-29,2015-10-05,"有限会社東北日流",,302,"宮城県","仙台市泉区","永和台２６番６号",,04,105,9813104,,,,,,,2015-10-05,1,,,,,"トウホクニチリュウ",0
204,1370003003714,12,0,2026-09-29,2026-09-28,"ＬＩＦＥ・ＬＡＢ合同会社",,305,"宮城県","仙台市若林区","六丁の目中町２７－２３－４０２",,04,103,9840012,,,,,,,2017-02-16,1,,,,,"ライフラボ",0
205,1380001013136,11,0,2026-09-29,2026-09-16,"株式会社Ｌ．Ｉ．Ｂ",,301,"福島県","いわき市","泉町下川字田宿１６６番地",,07,204,9718183,,,,,,,2015-10-05,1,,,,,"エルアイビー",0
206,1390003001286,21,0,2026-09-29,2026-09-24,"極楽麦酒本舗合同会社",,305,"山形県","米沢市","中央２丁目３番１８号",,06,202,9920045,,,2026-09-24,01,,,2015-10-05,1,,,,,"ゴクラクビールホンポ",0
207,1430001072977,12,0,2026-09-29,2026-09-25,"株式会社富永農産",,301,"兵庫県","神戸市中央区","港島３丁目６番５号",,28,110,6500045,,,,,,,2016-12-26,1,,,,,"トミナガノウサン",0
208,1430001097743,01,0,2026-09-29,2026-09-29,"株式会社ＳＩＯＮ　ｈｏｍｅ＆ｗｅｌｌｎｅｓｓ",,301,"北海道","札幌市中央区","南二条西１３丁目３１９番地南大通ビル２条館２階",,01,101,0600062,,,,,,,2026-09-29,1,,,,,"シオンホームアンドウエルネス",0
209,1430002057003,12,0,2026-09-29,2026-09-24,"有限会社佐藤造花生花店",,302,"北海道","虻田郡倶知安町","北七条東２丁目１番地１",,01,400,0440007,,,,,,,2015-10-05,1,,,,,"サトウゾウカセイカテン",0
210,1430003019431,01,0,2026-09-29,2026-09-29,"合同会社ミルクスノー",,305,"北海道","札幌市南区","藤野五条２丁目８番１０号",,01,106,0612285,,,,,,,2026-09-29,1,,,,,"ミルクスノー",0
211,1430005010982,21,0,2026-09-29,2026-09-24,"特定非営利活動法人失語症サロンいーたいむ",,399,"北海道","札幌市豊平区","月寒東一条１６丁目１番８－９１３号",,01,105,0620051,,,2026-09-24,01,,,2015-10-05,1,,,,,"シツゴショウサロンイータイム",0
212,1430005014562,12,0,2026-09-29,2026-09-24,"一般社団法人オアリパ",,399,"北海道","砂川市","西一条北２丁目１番２０号砂川市まちなか交流施設すないる",,01,226,0730161,,,,,,,2022-10-06,1,,,,,"オアリパ",0
213,1450003001965,21,0,2026-09-29,2026-09-28,"合同会社ＳａｎｄＳ",,305,"北海道","空知郡上富良野町","泉町２丁目６番１５号",,01,460,0710547,,,2026-09-28,01,,,2020-06-29,1,,,,,"サンズ",0
214,1460301003992,01,1,2026-09-29,2015-10-05,"株式会社堀内企画",,301,"北海道","北見市","とん田東町４４２番地２５",,01,208,0900833,,,,,,,2015-10-05,1,,,,,"ホリウチキカク",0
215,1470001021443,01,0,2026-09-29,2026-09-29,"株式会社ＴＳＵＮＡＧＬＯＷ",,301,"香川県","丸亀市","垂水町１４８４－７",,37,202,7630095,,,,,,,2026-09-29,1,,,,,,0
216,1500001009690,01,1,2026-09-29,2015-10-05,"エスエヌ化成株式会社",,301,"愛媛県","新居浜市","大江町１番１号",,38,205,7920015,,,,,,,2015-10-05,1,,,,,,0
217,2010001003981,01,1,2026-09-29,2015-10-05,"須藤保温工業株式会社",,301,"東京都","荒川区","西日暮里２丁目５２番４号",,13,118,1160013,,,,,,,2015-10-05,1,,,,,"スドウホオンコウギョウ",0
218,2010001056856,21,0,2026-09-29,2026-09-01,"株式会社曙豊栄",,301,"東京都","中央区","日本橋浜町２丁目３９番２号",,13,102,1030007,,,2026-09-01,11,4010001036501,"令和８年９月１日東京都中央区日本橋浜町二丁目３９番２号株式会社曙（4010001036501）に合併し解散",2015-10-05,1,,,,,"アケボノホウエイ",0
219,2010001082605,12,0,2026-09-29,2026-09-25,"株式会社リューズクリエーション",,301,"東京都","新宿区","矢来町１４",,13,104,1620805,,,,,,,2015-10-05,1,,,,,"リューズクリエーション",0
220,2010001132913,12,0,2026-09-29,2026-09-14,"株式会社スリーワイズエステート",,301,"東京都","港区","虎ノ門４丁目３番１号城山トラストタワー３３階",,13,103,1050001,,,,,,,2015-10-05,1,,,,,"スリーワイズエステート",0
221,2010001184839,01,1,2026-09-29,2017-07-13,"株式会社ＪＴアライアンス",,301,"東京都","中央区","銀座７丁目１２番４号友野本社ビル８階",,13,102,1040061,,,,,,,2017-07-13,0,,,,,"ジェイティーアライアンス",0
222,2010001184839,12,1,2026-09-29,2026-08-31,"株式会社ＪＴアライアンス",,301,"東京都","中央区","銀座１丁目２２番１１号銀座大竹ビジデンス２階",,13,102,1040061,,,,,,,2017-07-13,1,,,,,"ジェイティーアライアンス",0
223,2010001214934,21,0,2026-09-29,2026-08-31,"セカイエ千葉５株式会社",,301,"東京都","中央区","八丁堀２丁目１０番７号日本瓦斯八丁堀ビル",,13,102,1040032,,,2026-08-31,11,8010001170197,"令和８年８月３０日東京都中央区八丁堀二丁目１０番７号日本瓦斯八丁堀ビルセカイエ株式会社（8010001170197）に合併し解散",2021-01-08,1,,,,,"セカイエチバゴ",0
224,2010001214942,21,0,2026-09-29,2026-08-31,"セカイエ茨城２株式会社",,301,"東京都","中央区","八丁堀２丁目１０番７号日本瓦斯八丁堀ビル",,13,102,1040032,,,2026-08-31,11,8010001170197,"令和８年８月３０日東京都中央区八丁堀二丁目１０番７号日本瓦斯八丁堀ビルセカイエ株式会社（8010001170197）に合併し解散",2021-01-07,1,,,,,"セカイエイバラキニ",0
225,2010001228604,21,0,2026-09-29,2026-09-02,"ＭＩＢ株式会社",,301,"東京都","中央区","銀座１丁目１２番４号Ｎ＆ＥＢＬＤ．７階",,13,102,1040061,,,2026-09-02,01,,,2022-08-05,1,,,,,"エムアイビー",0
226,2010001231153,12,0,2026-09-29,2026-09-24,"感恩ホールディングス株式会社",,301,"大阪府","大阪市中央区","平野町１丁目７番１４号平野町グランドビル",,27,128,5410046,,,,,,,2022-11-29,1,,,,,"カンオンホールディングス",0
227,2010001268492,01,0,2026-09-29,2026-09-29,"株式会社ＯＵＴＲＩＴＨＭ",,301,"東京都","千代田区","内幸町２丁目１番６号",,13,101,1000011,,,,,,,2026-09-29,1,,,,,"アウトリズム",0
228,2010001268963,01,0,2026-09-29,2026-09-29,"ＵＰＭコミュニケーション・ペーパーズ・ジャパン株式会社",,301,"東京都","千代田区","永田町２丁目１４番２号山王グランドビル４Ｆ",,13,101,1000014,,,,,,,2026-09-29,1,,,,,"ユーピーエムコミュニケーションペーパーズジャパン",0
229,2010001269053,01,0,2026-09-29,2026-09-29,"株式会社カーネリアン",,301,"東京都","千代田区","内幸町２丁目１番６号日比谷パークフロント１９階",,13,101,1000011,,,,,,,2026-09-29,1,,,,,"カーネリアン",0
230,2010001269136,01,0,2026-09-29,2026-09-29,"株式会社Ｓｅａ　Ｔｕｒｔｌｅ",,301,"東京都","中央区","月島３丁目８番９号",,13,102,1040052,,,,,,,2026-09-29,1,,,,,"シータートル",0
231,2010001269144,01,0,2026-09-29,2026-09-29,"株式会社リバレイトバイオ",,301,"東京都","中央区","銀座１丁目２２番１１号銀座大竹ビジデンス２Ｆ",,13,102,1040061,,,,,,,2026-09-29,1,,,,,"リバレイトバイオ",0
232,2010001269152,01,0,2026-09-29,2026-09-29,"株式会社Ｃｒｏｓｓ　Ａｃｃｅｌｅｒａｔｉｏｎ",,301,"東京都","文京区","湯島４丁目１－１６ＧａｔｅＣｒｏｓｓＨｏｎｇｏ３Ｆ３－２３",,13,105,1130034,,,,,,,2026-09-29,1,,,,,"クロスアクセラレーション",0
233,2010002053563,21,0,2026-09-29,2026-09-01,"有限会社愛美",,302,"東京都","中央区","銀座１丁目１５－７ＭＡＣ銀座ビル３階",,13,102,1040061,,,2026-09-01,01,,,2015-10-05,1,,,,,,0
234,2010003052820,01,0,2026-09-29,2026-09-29,"東京オフィス・アイヴィー２合同会社",,305,"東京都","千代田区","丸の内１丁目４番１号東京共同会計事務所内",,13,101,1000005,,,,,,,2026-09-29,1,,,,,"トウキョウオフィスアイヴィーツー",0
235,2010005041251,12,0,2026-09-29,2026-08-27,"一般社団法人日本支援機器開発推進機構",,399,"東京都","千代田区","神田和泉町１番地６－１６ヤマトビル４０５",,13,101,1010024,,,,,,,2026-01-28,1,,,,,"ニホンシエンキキカイハツスイシンキコウ",0
236,2010101008633,71,0,2026-09-29,2026-09-07,"株式会社グッドスマイル",,301,"東京都","八王子市","別所１丁目７４番地１７",,13,201,1920363,,,,,,"令和８年９月１日神奈川県相模原市緑区橋本四丁目１１番３４号有限会社アイアールシー（1021002028126）を合併",2015-10-05,1,,,,,"グッドスマイル",0
237,2010401095875,12,0,2026-09-29,2026-09-25,"株式会社シンク",,301,"東京都","品川区","旗の台１丁目１番１３号",,13,109,1420064,,,,,,,2015-10-05,1,,,,,"シンク",0
238,2010401118297,12,0,2026-09-29,2026-09-25,"株式会社ＤｒｅａｍＪａｐａｎ",,301,"東京都","中央区","東日本橋２丁目２－２池上ビル３階",,13,102,1030004,,,,,,,2015-10-05,1,,,,,"ドリームジャパン",0
239,2010401126762,01,1,2026-09-29,2016-09-02,"株式会社コードノワール",,301,"東京都","港区","南青山３丁目１番３号スプライン青山東急ビル６階",,13,103,1070062,,,,,,,2016-09-02,1,,,,,"コードノワール",0
240,2010401157163,12,0,2026-09-29,2026-09-17,"株式会社クレイン",,301,"千葉県","富津市","鶴岡１３５４番地１",,12,226,2930054,,,,,,,2020-12-18,1,,,,,"クレイン",0
241,2010401202150,01,0,2026-09-29,2026-09-29,"株式会社Ｃｉｔｒｉｎｅ",,301,"東京都","港区","浜松町２丁目２番１５号浜松町ダイヤビル２Ｆ",,13,103,1050013,,,,,,,2026-09-29,1,,,,,"シトリン",0
242,2010401202183,01,0,2026-09-29,2026-09-29,"株式会社高橋エステート",00145072,301,"東京都","港区","赤坂４丁目２番３号２階",,13,103,1070052,,,,,,,2026-09-29,1,,,,,"タカハシエステート",0
243,2010401202340,01,0,2026-09-29,2026-09-29,"ワンクッション映像株式会社",,301,"東京都","港区","南麻布３丁目２０番１号Ｄａｉｗａ麻布テラス５Ｆ",,13,103,1060047,,,,,,,2026-09-29,1,,,,,"ワンクッションエイゾウ",0
244,2010402023629,11,0,2026-09-29,2026-09-10,"有限会社くりぼう",,302,"東京都","港区","南青山２丁目２０番１号",,13,103,1070062,,,,,,,2015-10-05,1,,,,,"クリボウ",0
245,2010403023495,12,0,2026-09-29,2026-09-25,"ＬＧＴＭ合同会社",,305,"東京都","中央区","銀座１丁目１２番４号Ｎ＆ＥＢＬＤ．６Ｆ",,13,102,1040061,,,,,,,2020-08-17,1,,,,,"エルジーティーエム",0
246,2010403034633,12,0,2026-09-29,2026-09-24,"ＭＯＭＯｚ　ＴＯＫＹＯ合同会社",,305,"大阪府","箕面市","箕面６丁目４－４３",,27,220,5620001,,,,,,,2025-03-14,1,,,,,"モモズトーキョー",0
247,2010403039211,01,0,2026-09-29,2026-09-29,"Ｇｌｏｂａｌ　Ａｃａｄｅｍｉｃｓ合同会社",,305,"東京都","港区","六本木３丁目１６番１２号六本木ＫＳビル５Ｆ",,13,103,1060032,,,,,,,2026-09-29,1,,,,,"グローバルアカデミックス",0
248,2010405012034,12,0,2026-09-29,2026-08-31,"一般社団法人スキンラボ",,399,"東京都","港区","六本木７丁目１８番８号第ＩＩＩ大栄ビル７階",00145079,13,103,1060032,,,,,,,2015-10-05,1,,,,,"スキンラボ",0
249,2010405019260,01,1,2026-09-29,2020-11-20,"特定非営利活動法人未来のカタチ",,399,"東京都","港区","南青山２丁目２番１５号ＷＩＮ青山５３１",,13,103,1070062,,,,,,,2020-11-20,1,,,,,"ミライノカタチ",0
250,2010501051150,21,0,2026-09-29,2026-09-24,"株式会社リメイク",,301,"東京都","台東区","竜泉１丁目２１－８",,13,106,1100012,,,2026-09-24,01,,,2023-10-04,1,,,,,"リメイク",0
251,2010501056488,01,0,2026-09-29,2026-09-29,"日本レジネス株式会社",,301,"東京都","台東区","上野１丁目１７番６号広小路ビル８Ｆ－Ｂ",,13,106,1100005,,,,,,,2026-09-29,1,,,,,"ニホンレジネス",0
252,2010503004783,01,1,2026-09-29,2016-09-29,"合同会社ミロクマインド",,305,"東京都","台東区","台東４丁目７番２－３０２号レジディア上野御徒町",,13,106,1100016,,,,,,,2016-09-29,1,,,,,"ミロクマインド",0
253,2010601042727,71,0,2026-09-29,2026-09-02,"共創未来株式会社",,301,"東京都","中央区","京橋３丁目１２番１号",,13,102,1040031,,,,,,"令和８年９月１日東京都中央区京橋三丁目１２番１号東和リアル・エステート・インベストメント株式会社（4010001207894）を合併",2015-10-05,1,,,,,"キョウソウミライ",0
254,2010603012488,01,0,2026-09-29,2026-09-29,"グランドフォレスト合同会社",,305,"東京都","江東区","森下１丁目１３－５",,13,108,1350004,,,,,,,2026-09-29,1,,,,,"グランドフォレスト",0
255,2010605002454,11,0,2026-09-29,2026-09-09,"ＮＥＸＡＳ国際協同組合",,399,"埼玉県","川口市","弥平１丁目１４番２号",,11,203,3320002,,,,,,,2015-10-05,1,,,,,"ネクサス",0
256,2010701006086,01,1,2026-09-29,2015-10-05,"株式会社司商事",,301,"東京都","品川区","西五反田１丁目１１番９号",,13,109,1410031,,,,,,,2015-10-05,1,,,,,"ツカサショウジ",0
257,2010701029178,11,0,2026-09-29,2026-09-14,"株式会社Ｔｈｅ　Ｅｎｇｌｉｓｈ　Ｃｌｕｂ",,301,"東京都","新宿区","西新宿３丁目２番９号新宿ワシントンホテルビル本館２階",,13,104,1600023,,,,,,,2015-10-05,1,,,,,"ザイングリッシュクラブ",0
258,2010801027049,01,1,2026-09-29,2016-09-08,"株式会社ＫＴ企画",,301,"東京都","大田区","久が原６丁目７番１３号",,13,111,1460085,,,,,,,2016-09-08,1,,,,,"ケーティーキカク",0
259,2010801036669,12,0,2026-09-29,2026-09-15,"孝拡メディカルコンサルティング株式会社",,301,"東京都","大田区","矢口２丁目５番１０号",,13,111,1460093,,,,,,,2025-10-08,1,,,,,"タカヒロメディカルコンサルティング",0
260,2010802012438,01,1,2026-09-29,2015-10-05,"有限会社福井企画",,302,"東京都","大田区","西蒲田７丁目４３番１１号",,13,111,1440051,,,,,,,2015-10-05,1,,,,,"フクイキカク",0
261,2010901056245,12,0,2026-09-29,2026-09-25,"株式会社らぶここ",,301,"東京都","新宿区","新宿２丁目８番１５号パークフロント新宿２０２号室",,13,104,1600022,,,,,,,2024-11-05,1,,,,,"ラブココ",0
262,2010902003130,01,1,2026-09-29,2015-10-05,"有限会社大倉建築事務所",,302,"東京都","世田谷区","南烏山４丁目２３番２１号",,13,112,1570062,,,,,,,2015-10-05,1,,,,,"オオクラケンチクジムショ",0
263,2010903003006,01,1,2026-09-29,2016-01-13,"合同会社レアル",,305,"東京都","世田谷区","代沢１丁目２９番２２号",,13,112,1550032,,,,,,,2016-01-13,0,,,,,"レアル",0
264,2010903003006,12,1,2026-09-29,2026-09-03,"合同会社レアル",,305,"東京都","世田谷区","代沢１丁目３１番２７号",,13,112,1550032,,,,,,,2016-01-13,1,,,,,"レアル",0
265,2010903010489,12,0,2026-09-29,2026-09-25,"ＳＡＮＴＯＰＡＺ合同会社",,305,"神奈川県","平塚市","松風町１２番１５－４０８号エルザ湘南松風",,14,203,2540812,,,,,,,2025-12-16,1,,,,,"サントパズ",0
266,2010903011173,01,0,2026-09-29,2026-09-29,"合同会社ＭＩＯＯＮ",,305,"東京都","世田谷区","太子堂４丁目１８番１５号３Ｆ‐３",,13,112,1540004,,,,,,,2026-09-29,1,,,,,"ミオン",0
267,2011001023391,01,1,2026-09-29,2015-10-05,"株式会社紅葉屋",,301,"東京都","渋谷区","代々木１丁目３０番３号",,13,113,1510053,,,,,,,2015-10-05,1,,,,,"モミジヤ",0
268,2011001097691,12,0,2026-09-29,2026-09-24,"健康サロン株式会社",,301,"東京都","港区","赤坂７丁目１番１６号オーク赤坂ビル９階",,13,103,1070052,,,,,,,2015-10-05,1,,,,,"ケンコウサロン",0
269,2011001098368,71,0,2026-09-29,2026-09-04,"株式会社Ｊｏｋｅｒ",,301,"東京都","渋谷区","千駄ヶ谷４丁目２８－７",,13,113,1510051,,,,,,"令和８年９月１日山形県米沢市成島町二丁目１番３３号合同会社ｌｉｎｋ（6390003002073）を合併",2015-10-05,1,,,,,"ジョーカー",0
270,2011001107392,12,0,2026-09-29,2026-09-24,"株式会社ファセッタズム",,301,"東京都","新宿区","東榎町１０番地３（６階）",,13,104,1620807,,,,,,,2015-10-05,1,,,,,"ファセッタズム",0
271,2011001153916,12,0,2026-09-29,2026-09-14,"株式会社リユースプラス",,301,"東京都","渋谷区","千駄ヶ谷１丁目２８番８号ニュー千駄ヶ谷マンション４０５",,13,113,1510051,,,,,,,2023-04-20,1,,,,,"リユースプラス",0
272,2011001179960,01,0,2026-09-29,2026-09-29,"株式会社ＧＲＩＴ",,301,"東京都","目黒区","上目黒２丁目１７番２号ＤＯＬＣＥ中目黒３Ｆ",,13,110,1530051,,,,,,,2026-09-29,1,,,,,"グリット",0
273,2011001180547,01,0,2026-09-29,2026-09-29,"株式会社オルカディア",,301,"東京都","渋谷区","恵比寿４丁目２０番３号恵比寿ガーデンプレイスタワー１８階",,13,113,1500013,,,,,,,2026-09-29,1,,,,,"オルカディア",0
274,2011001180555,01,0,2026-09-29,2026-09-29,"株式会社ＴＡＫＩＢＩ",,301,"東京都","渋谷区","代々木２丁目３２番２－３０３号",,13,113,1510053,,,,,,,2026-09-29,1,,,,,"タキビ",0
275,2011001180654,01,0,2026-09-29,2026-09-29,"株式会社プラグナ",,301,"東京都","渋谷区","千駄ヶ谷１丁目８番１１号日興パレス千駄ヶ谷４０２",,13,113,1510051,,,,,,,2026-09-29,1,,,,,"プラグナ",0
276,2011003021600,01,1,2026-09-29,2025-05-23,"ユニエステート合同会社",,305,"東京都","渋谷区","広尾１丁目８番９号",,13,113,1500012,,,,,,,2025-05-23,0,,,,,"ユニエステート",0
277,2011003021600,11,1,2026-09-29,2026-05-14,"株式会社ユニエステート",,301,"東京都","渋谷区","広尾１丁目８番９号",,13,113,1500012,,,,,,,2025-05-23,0,,,,,"ユニエステート",0
278,2011003021600,12,1,2026-09-29,2026-07-02,"株式会社ユニエステート",,301,"岐阜県","多治見市","太平町２丁目２３番地１－５号室",,21,204,5070041,,,,,,,2025-05-23,1,,,,,"ユニエステート",0
279,2011005009412,12,0,2026-09-29,2026-09-24,"ファストコムプラス行政書士法人",,399,"東京都","渋谷区","代々木３丁目２３番４号１０階",,13,113,1510053,,,,,,,2022-02-02,1,,,,,"ファストコムプラス",0
280,2011101095926,12,0,2026-09-29,2026-09-25,"株式会社グーナビ",,301,"東京都","千代田区","神田小川町３丁目２番２５号小川町ＫＳビル５階",,13,101,1010052,,,,,,,2021-08-06,1,,,,,"グーナビ",0
281,2011101117531,01,0,2026-09-29,2026-09-29,"株式会社ＣＲＥＤ",,301,"東京都","新宿区","新宿１丁目３６番２号新宿第七葉山ビル３Ｆ",,13,104,1600022,,,,,,,2026-09-29,1,,,,,"クレド",0
282,2011102025618,12,0,2026-09-29,2026-09-25,"有限会社ＢＯＳＳ　ＣＯＲＰＯＲＡＴＩＯＮ",,302,"新潟県","十日町市","仙納７９２－１",,15,210,9421532,,,,,,,2015-10-05,1,,,,,"ボスコーポレーション",0
283,2011103018026,01,0,2026-09-29,2026-09-29,"シネモ・ジャパン合同会社",,305,"東京都","新宿区","新宿４丁目１番６号ＪＲ新宿ミライナタワー１８階",,13,104,1600022,,,,,,,2026-09-29,1,,,,,"シネモジャパン",0
284,2011103018042,01,0,2026-09-29,2026-09-29,"合同会社ＡＩ　Ｍａｇｉｃ　Ｏｒｃｈｅｓｔｒａ",,305,"東京都","新宿区","西新宿３丁目３番１３号西新宿水間ビル６階",,13,104,1600023,,,,,,,2026-09-29,1,,,,,"エーアイマジックオーケストラ",0
285,2011105011986,01,0,2026-09-29,2026-09-29,"Ｏｓａｋａ　Ｖｉｓｉｏｎ一般社団法人",,399,"東京都","新宿区","富久町８番２６号東京ユナイテッド綜合事務所内",,13,104,1620067,,,,,,,2026-09-29,1,,,,,"オオサカビジョン",0
286,2011201005974,01,1,2026-09-29,2015-10-05,"株式会社六方社",,301,"東京都","中央区","日本橋茅場町３丁目４番１号",,13,102,1030025,,,,,,,2015-10-05,1,,,,,"ロッポウシャ",0
287,2011201014570,12,0,2026-09-29,2026-09-24,"株式会社ＣｔｏＸ",,301,"東京都","中央区","晴海５丁目３番３－３１８号",,13,102,1040053,,,,,,,2015-10-05,1,,,,,"シートゥエックス",0
288,2011201018456,01,1,2026-09-29,2015-10-05,"ｒｅｌａｓｉｓ株式会社",,301,"東京都","中野区","中央４丁目２８番１号",,13,114,1640011,,,,,,,2015-10-05,1,,,,,"リラシス",0
289,2011203001807,21,0,2026-09-29,2026-09-17,"グリーンフィールド合同会社",,305,"東京都","中野区","本町１丁目３２番２８号マンションストーンミル９０６",,13,114,1640012,,,2026-09-17,01,,,2015-10-05,1,,,,,"グリーンフィールド",0
290,2011305001853,01,1,2026-09-29,2015-10-05,"医療法人社団ＡＹＵＭＩ",,399,"東京都","杉並区","方南１丁目４１番８号",,13,115,1680062,,,,,,,2015-10-05,0,,,,,"アユミ",0
291,2011305001853,12,1,2026-09-29,2018-12-25,"医療法人社団ＡＹＵＭＩ",,399,"東京都","新宿区","西新宿４丁目２番１８号",,13,104,1600023,,,,,,,2015-10-05,0,,,,,"アユミ",0
292,2011305001853,12,1,2026-09-29,2023-02-10,"医療法人社団ＡＹＵＭＩ",,399,"東京都","新宿区","西新宿４丁目２番１８号三共西新宿ビル２階",,13,104,1600023,,,,,,,2015-10-05,1,,,,,"アユミ",0
293,2011501025409,21,0,2026-09-29,2026-09-25,"株式会社ＰＨＵＬＢＡＲＩ",,301,"東京都","荒川区","南千住３丁目３番１０号",,13,118,1160003,,,2026-09-25,01,,,2019-12-13,1,,,,,"フルバリ",0
294,2011501033378,12,0,2026-09-29,2026-09-25,"株式会社アンリット",,301,"東京都","中央区","日本橋小網町８番２号ＢＩＺＭＡＲＫＳ日本橋茅場町００６",,13,102,1030016,,,,,,,2026-05-18,1,,,,,"アンリット",0
295,2011502011366,01,1,2026-09-29,2015-10-05,"有限会社ミナト理容室",,302,"東京都","荒川区","南千住７丁目１２番１号",,13,118,1160003,,,,,,,2015-10-05,1,,,,,"ミナトリヨウシツ",0
296,2011601027429,12,0,2026-09-29,2026-09-25,"株式会社ＭＡＲＲＯＮ　ＭＯＵＮＴＡＩＮ",,301,"東京都","練馬区","谷原１丁目２１番３号",,13,120,1770032,,,,,,,2024-01-09,1,,,,,"マロンマウンテン",0
297,2011702001794,21,0,2026-09-29,2026-09-18,"有限会社エクレール",,302,"東京都","江戸川区","東小岩１丁目２１番１２号",,13,123,1330052,,,2026-09-18,01,,,2015-10-05,1,,,,,"エクレール",0
298,2012305001752,01,1,2026-09-29,2016-03-09,"医療法人社団徳丹会",,399,"東京都","町田市","小川２丁目２５番１４成瀬メディカルヴィレッジ１階",,13,209,1940003,,,,,,,2016-03-09,1,,,,,"トクニカイ",0
299,2012401015243,01,1,2026-09-29,2015-10-05,"株式会社ディベロ",,301,"東京都","小金井市","東町４丁目２３番５－３０２号プラザ新小金井",,13,210,1840011,,,,,,,2015-10-05,0,,,,,"ディベロ",0
300,2012401015243,12,1,2026-09-29,2016-09-14,"株式会社ディベロ",,301,"東京都","国分寺市","東元町１丁目３８番３２号",,13,214,1850022,,,,,,,2015-10-05,1,,,,,"ディベロ",0
301,2012402014450,01,1,2026-09-29,2015-10-05,"有限会社ハロー工務店",,302,"東京都","調布市","深大寺北町６丁目６１番地１１",,13,208,1820011,,,,,,,2015-10-05,1,,,,,"ハローコウムテン",0
302,2012403007981,01,0,2026-09-29,2026-09-29,"合同会社グランドピロシキ",,305,"東京都","調布市","染地２丁目３６番地１ソフィア調布染地公園５１２",,13,208,1820023,,,,,,,2026-09-29,1,,,,,"グランドピロシキ",0
303,2012701019654,01,0,2026-09-29,2026-09-29,"ＮＥＸＴ　ＩＮＮＯＶＡＴＩＯＮ株式会社",,301,"東京都","西東京市","田無町５丁目９番２号",,13,229,1880011,,,,,,,2026-09-29,1,,,,,"ネクストイノベーション",0
304,2012801024975,01,0,2026-09-29,2026-09-29,"ＳＩＴＵ株式会社",,301,"東京都","昭島市","中神町１１６９番地１４、４階",,13,207,1960022,,,,,,,2026-09-29,1,,,,,"シトゥ",0
305,2013301056831,01,0,2026-09-29,2026-09-29,"株式会社モアイ",,301,"東京都","豊島区","西池袋１丁目３５番４号",,13,116,1710021,,,,,,,2026-09-29,1,,,,,"モアイ",0
306,2013303008459,01,0,2026-09-29,2026-09-29,"合同会社Ｂｉｔｃｈｉｎ",,305,"東京都","豊島区","東池袋２丁目６２番８号ＢＩＧオフィスプラザ池袋１２０６",,13,116,1700013,,,,,,,2026-09-29,1,,,,,"ビッチン",0
307,2020001042145,01,0,2026-09-29,2026-09-29,"株式会社ＢＥＬＷＡＮＤ",,301,"神奈川県","横浜市港北区","新吉田町５６１１番地",,14,109,2230056,,,,,,,2026-09-29,1,,,,,,0
308,2020001074527,01,1,2026-09-29,2015-10-05,"株式会社マスプランニング",,301,"神奈川県","川崎市川崎区","駅前本町１８番１",,14,131,2100007,,,,,,,2015-10-05,0,,,,,"マスプランニング",0
309,2020001074527,21,1,2026-09-29,2026-01-27,"株式会社マスプランニング",,301,"神奈川県","川崎市川崎区","駅前本町１８番１",,14,131,2100007,,,2026-01-27,21,,,2015-10-05,0,,,,,"マスプランニング",0
310,2020001074527,22,1,2026-09-29,2026-08-14,"株式会社マスプランニング",,301,"神奈川県","川崎市川崎区","駅前本町１８番１",,14,131,2100007,,,,,,,2015-10-05,1,,,,,"マスプランニング",0
311,2020001123218,21,0,2026-09-29,2026-09-09,"株式会社グローバルサークルジャパン",,301,"神奈川県","横浜市都筑区","川向町８５４番地１",,14,118,2240044,,,2026-09-09,01,,,2017-09-29,1,,,,,"グローバルサークルジャパン",0
312,2020001139354,21,0,2026-09-29,2026-09-10,"株式会社ＲＹＯ",,301,"神奈川県","横浜市瀬谷区","瀬谷４丁目２９番地３１",,14,114,2460031,,,2026-09-10,01,,,2021-01-05,1,,,,,"リョウ",0
313,2020001151805,11,0,2026-09-29,2026-09-09,"ＣＨＣＰホームナーシングケア株式会社",,301,"神奈川県","横浜市港北区","新横浜３丁目２番地６ＶＯＲＴ新横浜",,14,109,2220033,,,,,,,2023-05-30,1,,,,,"シーエイチシーピーホームナーシングケア",0
314,2020002068775,01,1,2026-09-29,2015-10-05,"有限会社ラスタキッズ",,302,"神奈川県","横浜市都筑区","牛久保東２丁目１８番７号",,14,118,2240014,,,,,,,2015-10-05,0,,,,,"ラスタキッズ",0
315,2020002068775,12,1,2026-09-29,2026-09-08,"有限会社ラスタキッズ",,302,"神奈川県","横浜市旭区","若葉台１丁目１番５０７号",,14,112,2410801,,,,,,,2015-10-05,1,,,,,"ラスタキッズ",0
316,2020005004356,11,0,2026-09-29,2026-09-10,"ＮＰＯ法人くまさん",,399,"神奈川県","横浜市緑区","白山３丁目１番９号",,14,113,2260006,,,,,,,2015-10-05,1,,,,,"クマサン",0
317,2021001078757,12,0,2026-09-29,2026-09-24,"株式会社Ｋｉｎｅｃｔｉｏｎ",,301,"神奈川県","相模原市南区","相南４丁目３番９号",,14,153,2520312,,,,,,,2023-04-19,1,,,,,"キネクション",0
318,2021003017853,01,0,2026-09-29,2026-09-29,"Ｈ＆Ｑ合同会社",,305,"神奈川県","相模原市緑区","西橋本１丁目３－１２",,14,151,2520131,,,,,,,2026-09-29,1,,,,,"エイチアンドキュウ",0
319,2021003017886,01,0,2026-09-29,2026-09-29,"合同会社みつ葉",,305,"神奈川県","南足柄市","和田河原７６０番地３ディアコートＩＩ２０２",00145074,14,217,2500112,,,,,,,2026-09-29,1,,,,,"ミツバ",0
320,2030001038670,12,0,2026-09-29,2026-09-16,"株式会社Ｒ・Ｙ・Ｕ",,301,"千葉県","白井市","根４２２番地１",,12,232,2701431,,,,,,,2015-10-05,1,,,,,"アールワイユー",0
321,2030001074336,12,0,2026-09-29,2026-09-11,"関東工事株式会社",,301,"埼玉県","川口市","西川口６丁目２番１３号",,11,203,3320021,,,,,,,2015-10-05,1,,,,,"カントウコウジ",0
322,2030001114281,12,0,2026-09-29,2026-09-24,"株式会社ＡＱＵＡ",,301,"東京都","青梅市","今寺１丁目７６７番地の１８",,13,205,1980021,,,,,,,2016-05-13,1,,,,,"アクア",0
323,2030001115486,01,1,2026-09-29,2016-07-20,"アイル株式会社",,301,"埼玉県","川口市","戸塚２丁目３番１０号６０１",,11,203,3330811,,,,,,,2016-07-20,1,,,,,"アイル",0
324,2030001129924,21,0,2026-09-29,2026-09-01,"Ｔ‐ｇｒｉｎ株式会社",,301,"埼玉県","熊谷市","上之８２０番地２１",,11,202,3600012,,,2026-09-01,01,,,2019-03-12,1,,,,,"ティーグリン",0
325,2030001174160,01,0,2026-09-29,2026-09-29,"ＣＣ．ＣＲＥＡＴＩＶＥ株式会社",,301,"埼玉県","川口市","南鳩ヶ谷６丁目１６－６",,11,203,3340013,,,,,,,2026-09-29,1,,,,,"クリアケアクリエイティブ",0
326,2030001174334,01,0,2026-09-29,2026-09-29,"エフォール株式会社",,301,"埼玉県","上尾市","宮本町１５番７号",,11,219,3620036,,,,,,,2026-09-29,1,,,,,"エフォール",0
327,2030002009308,01,1,2026-09-29,2015-10-05,"有限会社テクノ空調システム",,302,"埼玉県","さいたま市見沼区","大字小深作６８１番地７",,11,104,3370005,,,,,,,2015-10-05,1,,,,,"テクノクウチョウシステム",0
328,2030002009695,01,1,2026-09-29,2015-10-05,"有限会社陶雅園",,302,"埼玉県","さいたま市大宮区","三橋２丁目８１７番地",,11,103,3300856,,,,,,,2015-10-05,1,,,,,"トウガエン",0
329,2030002041657,01,1,2026-09-29,2015-10-05,"有限会社賀山工業",,302,"埼玉県","羽生市","大字今泉７９０番地",,11,216,3480017,,,,,,,2015-10-05,1,,,,,"カヤマコウギョウ",0
330,2030002053966,21,0,2026-09-29,2026-09-10,"有限会社志村商事",,302,"埼玉県","上尾市","大字瓦葺２７１６番地（尾山台団地５－１０－１０３）",,11,219,3620022,,,2026-09-10,01,,,2015-10-05,1,,,,,"シムラショウジ",0
331,2030002053999,01,1,2026-09-29,2015-10-05,"有限会社シーアンドシー",,302,"埼玉県","上尾市","本町６丁目１３番４－４０５号上尾東団地",,11,219,3620014,,,,,,,2015-10-05,1,,,,,"シーアンドシー",0
332,2030002125856,01,0,2026-09-29,2026-09-29,"有限会社ひらわたストアー",,302,"埼玉県","加須市","向川岸町５番３１号",,11,210,3470067,,,,,,,2026-09-29,1,,,,,,0
333,2030003030007,01,0,2026-09-29,2026-09-29,"合同会社Ｔｏｍａａｔｏ",,305,"埼玉県","熊谷市","新堀４８７番地７",,11,202,3600841,,,,,,,2026-09-29,1,,,,,"トマト",0
334,2040001059815,01,1,2026-09-29,2015-10-05,"東京ライティング株式会社",,301,"千葉県","長生郡一宮町","一宮１０１８６番地",,12,421,2994301,,,,,,,2015-10-05,1,,,,,"トウキョウライティング",0
335,2040001130427,21,0,2026-09-29,2026-08-31,"株式会社ＷＡＢＯＬＩ",,301,"千葉県","千葉市美浜区","打瀬１丁目９番地",,12,106,2610013,,,2026-08-31,01,,,2023-10-10,1,,,,,"ワボリ",0
336,2040001134733,12,0,2026-09-29,2026-08-18,"ＭＥＩ株式会社",,301,"千葉県","八千代市","八千代台東５丁目１３－１３",,12,221,2760032,,,,,,,2024-07-30,1,,,,,"メイ",0
337,2040002020866,01,1,2026-09-29,2015-10-05,"有限会社エスエス・フナバシ",,302,"千葉県","船橋市","前原西７丁目１７番１２－１０４号",,12,204,2740825,,,,,,,2015-10-05,1,,,,,"エスエスフナバシ",0
338,2040002056761,01,1,2026-09-29,2015-10-05,"有限会社高見商店",00020338,302,"千葉県","印旛郡栄町","安食３７９５番地３３",,12,329,2701516,,,,,,,2015-10-05,1,,,,,"タカミショウテン",0
339,2040003003011,01,1,2026-09-29,2015-10-05,"合同会社Ｓｅｌｅｃｔ",,305,"千葉県","印西市","木下東３丁目１３番地１２",,12,231,2701323,,,,,,,2015-10-05,1,,,,,,0
340,2040003009652,12,0,2026-09-29,2026-09-01,"合同会社ありが",,305,"東京都","中央区","京橋１丁目１番５号セントラルビル２階",,13,102,1040031,,,,,,,2017-02-07,1,,,,,"アリガ",0
341,2040003029799,12,0,2026-09-29,2026-09-02,"合同会社Ｎｅｘｕｓ",,305,"千葉県","千葉市花見川区","幕張本郷６丁目１７番１１－１０３号",,12,102,2620033,,,,,,,2026-04-06,1,,,,,"ネクサス",0
342,2050002025393,01,1,2026-09-29,2015-10-05,"サングロー有限会社",,302,"茨城県","古河市","南間中橋１４番地１１",,08,204,3060108,,,,,,,2015-10-05,0,,,,,,0
343,2050002025393,12,1,2026-09-29,2025-04-24,"サングロー有限会社",,302,"茨城県","古河市","諸川１９８１番地２",,08,204,3060126,,,,,,,2015-10-05,0,,,,,,0
344,2050002025393,21,0,2026-09-29,2026-09-16,"サングロー有限会社",,302,"茨城県","古河市","諸川１９８１番地２",,08,204,3060126,,,2026-09-16,01,,,2015-10-05,1,,,,,,0
345,2060001028669,12,0,2026-09-29,2026-09-25,"株式会社ブルー工業",,301,"栃木県","宇都宮市","六道町８番６号",,09,201,3200841,,,,,,,2016-09-28,1,,,,,"ブルーコウギョウ",0
346,2070001023792,21,0,2026-09-29,2026-09-17,"株式会社佐藤測量",,301,"群馬県","吾妻郡嬬恋村","大字鎌原７２０番地８",,10,425,3771524,,,2026-09-17,01,,,2015-10-05,1,,,,,"サトウソクリョウ",0
347,2070002031159,01,1,2026-09-29,2015-10-05,"有限会社宮下建材店",,302,"群馬県","太田市","本町５番１８号",,10,205,3730057,,,,,,,2015-10-05,1,,,,,"ミヤシタケンザイテン",0
348,2070003006606,01,0,2026-09-29,2026-09-29,"合同会社澤",,305,"群馬県","前橋市","千代田町５丁目１３番２０号",,10,201,3710022,,,,,,,2026-09-29,1,,,,,"サワ",0
349,2070005006298,01,1,2026-09-29,2015-10-05,"宗教法人玉取神社",,399,"群馬県","邑楽郡邑楽町","大字秋妻１０４７番地の１",,10,525,3700606,,,,,,,2015-10-05,1,,,,,"タマトリジンジャ",0
350,2080001027165,21,0,2026-09-29,2026-09-18,"テラリア株式会社",,301,"静岡県","静岡市葵区","田町６丁目４４番地の１２",,22,101,4200068,,,2026-09-18,01,,,2025-09-30,1,,,,,"テラリア",0
351,2080101013338,21,0,2026-09-29,2026-09-18,"株式会社石田設計",,301,"静岡県","伊東市","宇佐美１２９４番地",,22,208,4140001,,,2026-09-18,01,,,2015-10-05,1,,,,,"イシダセッケイ",0
352,2080101026521,01,0,2026-09-29,2026-09-29,"株式会社ＯＰＴＩＭＵＳ．",,301,"静岡県","富士宮市","中里東町８２２番地",,22,207,4180046,,,,,,,2026-09-29,1,,,,,"オプティマス",0
353,2080102011662,11,0,2026-09-29,2026-09-14,"有限会社マルテン",,302,"静岡県","沼津市","吉田町１５番３２号",,22,203,4100836,,,,,,,2015-10-05,1,,,,,"マルテン",0
354,2080105004606,01,1,2026-09-29,2015-10-05,"隠了寺",,399,"静岡県","賀茂郡河津町","見高１６７９番地",,22,302,4130503,,,,,,,2015-10-05,1,,,,,"インリョウジ",0
355,2080105006619,01,0,2026-09-29,2026-09-29,"医療法人社団Ｏｎｅ　Ｆｏｒ　Ａｌｌ",,399,"静岡県","駿東郡清水町","徳倉６１６番地の１",,22,341,4110917,,,,,,,2026-09-29,1,,,,,"ワンフォーオール",0
356,2080401017765,21,0,2026-09-29,2026-09-24,"株式会社ＡＥＰ",,301,"静岡県","磐田市","和口２２９番地１",,22,211,4380034,,,2026-09-24,01,,,2015-10-05,1,,,,,"エーイーピー",0
357,2100001040033,01,0,2026-09-29,2026-09-29,"株式会社ＳＴＡＲ　ＨＯＬＤＩＮＧＳ",,301,"長野県","飯田市","丸山町４丁目５５３０番地１",,20,205,3950077,,,,,,,2026-09-29,1,,,,,"スターホールディングス",0
358,2100002033523,01,1,2026-09-29,2015-10-05,"有限会社アイティー・キューブ",,302,"長野県","伊那市","荒井３７２８番地６",,20,209,3960025,,,,,,,2015-10-05,0,,,,,,0
359,2100002033523,11,1,2026-09-29,2017-02-01,"株式会社アイティー・キューブ",,301,"長野県","伊那市","荒井３７２８番地６",,20,209,3960025,,,,,,,2015-10-05,0,,,,,"アイティーキューブ",0
360,2100002033523,12,1,2026-09-29,2017-02-01,"株式会社アイティー・キューブ",,301,"長野県","上伊那郡南箕輪村","５１９６番地１",,20,385,3994511,,,,,,,2015-10-05,1,,,,,"アイティーキューブ",0
361,2110002005364,01,1,2026-09-29,2015-10-05,"有限会社パル",,302,"新潟県","新潟市東区","紫竹２丁目２番２２号",,15,102,9500864,,,,,,,2015-10-05,0,,,,,"パル",0
362,2110002005364,12,1,2026-09-29,2017-07-24,"有限会社パル",,302,"新潟県","新潟市北区","葛塚３１５８番地１",,15,101,9503321,,,,,,,2015-10-05,1,,,,,"パル",0
363,2110002025544,21,0,2026-09-29,2026-09-14,"有限会社佐野写真館",,302,"新潟県","十日町市","高田町６丁目６４９番地１",,15,210,9480056,,,2026-09-14,01,,,2015-10-05,1,,,,,"サノシャシンカン",0
364,2120001020867,21,0,2026-09-29,2026-09-25,"大平工業株式会社",,301,"大阪府","大阪市平野区","加美西１丁目１１番２４号",,27,126,5470005,,,2026-09-25,01,,,2015-10-05,1,,,,,"タイヘイコウギョウ",0
365,2120001082404,11,0,2026-09-29,2026-09-10,"株式会社三輪舎",,301,"大阪府","大阪市北区","本庄西２丁目１２番１号",,27,127,5310073,,,,,,,2015-10-05,1,,,,,"サンリンシャ",0
366,2120001092080,12,0,2026-09-29,2026-09-24,"大阪ガスリキッド株式会社",,301,"大阪府","大阪市中央区","瓦町３丁目５番７号",,27,128,5410048,,,,,,,2015-10-05,1,,,,,"オオサカガスリキッド",0
367,2120001095653,01,1,2026-09-29,2015-10-05,"株式会社世界通",,301,"大阪府","大阪市北区","芝田１丁目１０番１０号芝田グランドビル",,27,127,5300012,,,,,,,2015-10-05,1,,,,,"セカイツウ",0
368,2120001122606,12,0,2026-09-29,2026-09-24,"株式会社アイラ",,301,"大阪府","大阪市北区","南森町２丁目３番２９号",,27,127,5300054,,,,,,,2015-10-05,1,,,,,"アイラ",0
369,2120001219518,01,1,2026-09-29,2019-03-11,"崇広株式会社",,301,"大阪府","大阪市浪速区","浪速西３丁目５番１０号",,27,111,5560026,,,,,,,2019-03-11,0,,,,,"ソウコウ",0
370,2120001219518,12,1,2026-09-29,2021-06-23,"崇広株式会社",,301,"大阪府","大阪市北区","天満２丁目１－１２天満橋ＳＥビル４階",,27,127,5300043,,,,,,,2019-03-11,0,,,,,"ソウコウ",0
371,2120001219518,12,1,2026-09-29,2022-05-18,"崇広株式会社",,301,"京都府","京都市伏見区","醍醐南端山町１５－３９Ｂ",,26,109,6011331,,,,,,,2019-03-11,0,,,,,"ソウコウ",0
372,2120001219518,12,1,2026-09-29,2026-09-10,"崇広株式会社",,301,"京都府","京都市南区","吉祥院春日町１９番４５",,26,107,6018323,,,,,,,2019-03-11,1,,,,,"ソウコウ",0
373,2120001248847,12,0,2026-09-29,2026-09-24,"Ｊ　ＴＲＵＳＴＹ株式会社",,301,"大阪府","大阪市生野区","巽中２丁目１番９号",,27,116,5440013,,,,,,,2022-09-15,1,,,,,"ジェイトラスティ",0
374,2120001254985,21,0,2026-09-29,2026-09-17,"泛如株式会社",,301,"大阪府","大阪市中央区","島之内１丁目１１－２９",,27,128,5420082,,,2026-09-17,01,,,2023-05-18,1,,,,,"ハンジョ",0
375,2120001262451,01,1,2026-09-29,2024-02-21,"＿立株式会社",00133788,301,"大阪府","大阪市東淀川区","西淡路３丁目１２番３－１０２号",,27,114,5330031,,,,,,,2024-02-21,0,,,,,"ヨウリツ",0
376,2120001262451,21,0,2026-09-29,2026-09-24,"＿立株式会社",00133788,301,"大阪府","大阪市東淀川区","西淡路３丁目１２番３－１０２号",,27,114,5330031,,,2026-09-24,01,,,2024-02-21,1,,,,,"ヨウリツ",0
377,2120001270702,12,0,2026-09-29,2026-09-17,"雲欣達株式会社",,301,"大阪府","大阪市阿倍野区","阪南町１丁目１８－７メゾン・ラ・ネージュ２０３",,27,119,5450021,,,,,,,2024-12-02,1,,,,,"ウンキンタツ",0
378,2120001276245,12,0,2026-09-29,2026-09-24,"株式会社Ｓｙｍｂｏｌ",,301,"大阪府","大阪市中央区","瓦町４丁目６番８－２８０４号",,27,128,5410048,,,,,,,2025-05-29,1,,,,,"シンボル",0
379,2120002013424,21,0,2026-09-29,2026-09-24,"有限会社ナンヨークラフト",,302,"大阪府","枚方市","翠香園町１４番５号",,27,210,5730095,,,2026-09-24,01,,,2015-10-05,1,,,,,"ナンヨークラフト",0
380,2120002047430,01,1,2026-09-29,2015-10-05,"有限会社フクラム",,302,"大阪府","大阪市都島区","御幸町１丁目３番１１号",,27,102,5340012,,,,,,,2015-10-05,1,,,,,"フクラム",0
381,2120002055697,11,0,2026-09-29,2026-09-25,"有限会社勝大ライオン",,302,"大阪府","大阪市東成区","大今里南２丁目９番１３号",,27,115,5370013,,,,,,,2015-10-05,1,,,,,"カツダイライオン",0
382,2120003033537,01,0,2026-09-29,2026-09-29,"合同会社ダルマベース",,305,"大阪府","大阪市北区","梅田１丁目２番２号大阪駅前第２ビル１２－１２",,27,127,5300001,,,,,,,2026-09-29,1,,,,,"ダルマベース",0
383,2120005012159,12,0,2026-09-29,2026-09-25,"弁護士法人グラス・オランジュ法律事務所",,399,"大阪府","大阪市北区","堂島２丁目４番２７号ＪＲＷＤ堂島タワー１５階",,27,127,5300003,,,,,,,2015-10-05,1,,,,,,0
384,2120101033777,12,0,2026-09-29,2026-09-24,"株式会社Ｔ２企画",,301,"神奈川県","横浜市西区","平沼１丁目１番３号合人社高島橋ビル７Ｆ",,14,103,2200023,,,,,,,2015-10-05,1,,,,,"ティーツーキカク",0
385,2120101038677,71,0,2026-09-29,2026-09-01,"株式会社大起",,301,"大阪府","岸和田市","春木若松町８番１０号",,27,202,5960006,,,,,,"令和８年９月１日大阪府岸和田市春木若松町７番２２号株式会社大起（1120101051714）を合併",2015-10-05,1,,,,,"ダイキ",0
386,2120102000603,21,0,2026-09-29,2026-09-28,"株式会社ウォーク",,301,"大阪府","堺市中区","伏尾２９３３番地１",,27,142,5998254,,,2026-09-28,01,,,2015-10-05,1,,,,,"ウォーク",0
387,2120103007341,01,0,2026-09-29,2026-09-29,"合同会社ル・ソベール",,305,"大阪府","泉南市","新家４５２９番地の１リノン新家Ａ棟１－Ｂ号室",,27,228,5900503,,,,,,,2026-09-29,1,,,,,"ルソベール",0
388,2120901031006,01,1,2026-09-29,2015-10-05,"株式会社ＴＥＳＳＹ",,301,"大阪府","高槻市","城南町４丁目６番２３号",,27,207,5690056,,,,,,,2015-10-05,1,,,,,"テッシィー",0
389,2120903006419,01,0,2026-09-29,2026-09-29,"合同会社Ｆｏｏｄ　Ｒｅｓｕｌｔ　Ｌａｂ",,305,"大阪府","豊中市","熊野町４丁目５‐２２‐７",,27,203,5600014,,,,,,,2026-09-29,1,,,,,"フードリザルトラボ",0
390,2122001002176,01,1,2026-09-29,2015-10-05,"鴻池興発株式会社",,301,"大阪府","東大阪市","鴻池元町２番２号",,27,227,5780974,,,,,,,2015-10-05,1,,,,,"コウノイケコウハツ",0
391,2122003000450,12,0,2026-09-29,2026-09-25,"合同会社カンパニュラ",,305,"大阪府","大阪市中央区","道修町２丁目２番５号イヌイ第２ビル",,27,128,5410045,,,,,,,2015-10-05,1,,,,,"カンパニュラ",0
392,2130001062280,12,0,2026-09-29,2026-09-11,"株式会社エンライブン",,301,"京都府","京都市下京区","七条通油小路東入大黒町２２７番地ＫＹＯＴＯＢＵＩＬＤＩＮＧＩＩ４Ｆ",00145081,26,106,6008223,,,,,,,2018-06-07,1,,,,,"エンライブン",0
393,2130001082279,12,0,2026-09-29,2026-09-09,"株式会社Ｏｎｅ＆Ｏｎｌｙ",,301,"京都府","京都市伏見区","横大路三栖山城屋敷町１０８番地ＭＯＬＩＣＡビル５階",,26,109,6128207,,,,,,,2026-05-27,1,,,,,"ワンアンドオンリー",0
394,2140001042397,12,0,2026-09-29,2026-09-18,"株式会社美竹",,301,"兵庫県","神戸市兵庫区","駅南通２丁目１番３８号ストークコート７０２",,28,105,6520897,,,,,,,2015-10-05,1,,,,,"ミタケ",0
395,2140001060969,01,1,2026-09-29,2015-10-05,"姫路ヂィーゼル工業株式会社",,301,"兵庫県","姫路市","花田町加納原田字栗蔵敷８８番地の５",,28,201,6710252,,,,,,,2015-10-05,1,,,,,"ヒメジヂィーゼルコウギョウ",0
396,2140001096113,12,0,2026-09-29,2026-09-18,"株式会社ＣＩＡＯＬＡ",,301,"兵庫県","神戸市東灘区","御影塚町２丁目９－１０",,28,101,6580044,,,,,,,2015-10-05,0,,,,,"チャオラ",0
397,2140001096113,11,0,2026-09-29,2026-09-18,"ＩＮＳＴＡＣＵＢＥ株式会社",,301,"兵庫県","神戸市東灘区","御影塚町２丁目９－１０",,28,101,6580044,,,,,,,2015-10-05,1,,,,,"インスタキューブ",0
398,2140001102820,01,1,2026-09-29,2016-07-25,"株式会社エムズワークス",,301,"兵庫県","神戸市垂水区","潮見が丘１丁目２７番８号",,28,108,6550005,,,,,,,2016-07-25,1,,,,,"エムズワークス",0
399,2140001139986,12,0,2026-09-29,2026-09-18,"株式会社アイ",,301,"兵庫県","神戸市中央区","中山手通４丁目１８番３－２０３号",,28,110,6500004,,,,,,,2025-09-11,1,,,,,"アイ",0
400,2140001144136,01,0,2026-09-29,2026-09-29,"ＮＳ建工株式会社",,301,"兵庫県","三田市","加茂３９４番地１",,28,219,6691311,,,,,,,2026-09-29,1,,,,,"エヌエスケンコウ",0
401,2140002026309,01,1,2026-09-29,2015-10-05,"株式会社ケイエムシー",,301,"兵庫県","西宮市","門戸岡田町８番２３－３０６号",,28,204,6620826,,,,,,,2015-10-05,0,,,,,"ケイエムシー",0
402,2140002026309,12,1,2026-09-29,2018-03-02,"株式会社ケイエムシー",,301,"兵庫県","宝塚市","梅野町２番１８－３０７号",,28,214,6650004,,,,,,,2015-10-05,1,,,,,"ケイエムシー",0
403,2140002032612,21,0,2026-09-29,2026-09-16,"有限会社コーエー加工所",,302,"兵庫県","宍粟市","山崎町野々上深川４６番地",,28,227,6712528,,,2026-09-16,01,,,2015-10-05,1,,,,,"コーエーカコウショ",0
404,2140002037124,21,0,2026-09-29,2026-09-15,"有限会社タカサゴカッターサービス",,302,"兵庫県","高砂市","荒井町小松原４丁目６５７番地の１",,28,216,6760011,,,2026-09-15,01,,,2015-10-05,1,,,,,"タカサゴカッターサービス",0
405,2140002064762,01,1,2026-09-29,2015-10-05,"有限会社美容室ノザキ",,302,"兵庫県","川西市","向陽台３丁目３番地の１４４",,28,217,6660115,,,,,,,2015-10-05,0,,,,,"ビヨウシツノザキ",0
406,2140002064762,21,1,2026-09-29,2022-01-28,"有限会社美容室ノザキ",,302,"兵庫県","川西市","向陽台３丁目３番地の１４４",,28,217,6660115,,,2022-01-28,21,,,2015-10-05,0,,,,,"ビヨウシツノザキ",0
407,2140002064762,22,1,2026-09-29,2026-09-07,"有限会社美容室ノザキ",,302,"兵庫県","川西市","向陽台３丁目３番地の１４４",,28,217,6660115,,,,,,,2015-10-05,1,,,,,"ビヨウシツノザキ",0
408,2140003024138,01,0,2026-09-29,2026-09-29,"合同会社Ｋ＆Ｒ",,305,"兵庫県","神戸市中央区","磯辺通１丁目１番１８号－７０７号室",,28,110,6510084,,,,,,,2026-09-29,1,,,,,"ケーアンドアール",0
409,2150001007861,01,1,2026-09-29,2015-10-05,"さくらサービシーズ株式会社",,301,"奈良県","奈良市","あやめ池南８丁目７番４号",,29,201,6310033,,,,,,,2015-10-05,1,,,,,"サクラサービシーズ",0
410,2150001027050,12,0,2026-09-29,2026-09-24,"元和織繍株式会社",,301,"奈良県","奈良市","南京終町１４番１６号",,29,201,6308141,,,,,,,2024-02-07,1,,,,,"ゲンワショクシュウ",0
411,2150003001350,12,0,2026-09-29,2026-09-16,"合同会社ＭＭＤ",,305,"奈良県","大和郡山市","箕山町１３番４６号１０３",,29,203,6391015,,,,,,,2015-10-05,0,,,,,,0
412,2150003001350,11,0,2026-09-29,2026-09-16,"ジョイン・ハンズプラス合同会社",,305,"奈良県","大和郡山市","箕山町１３番４６号１０３",,29,203,6391015,,,,,,,2015-10-05,1,,,,,"ジョインハンズプラス",0
413,2160001012919,01,1,2026-09-29,2015-10-05,"株式会社瀬川元",,301,"滋賀県","草津市","矢倉２丁目２番１号",,25,206,5250053,,,,,,,2015-10-05,1,,,,,"セガワモト",0
414,2160003003429,21,0,2026-09-29,2026-09-07,"合同会社Ｊｏｉｎｏｐｉａ",,305,"愛知県","新城市","杉山字荒井１９番地１２",,23,221,4411341,,,2026-09-07,01,,,2025-03-26,1,,,,,"ジョイノピア",0
415,2180001033070,21,0,2026-09-29,2026-09-07,"株式会社めいてつカスタマーサービス",,301,"愛知県","名古屋市中村区","名駅１丁目２番１号",,23,105,4500002,,,2026-09-07,11,8180001031837,"令和８年９月１日名古屋市中村区名駅一丁目２番４号名古屋鉄道株式会社（8180001031837）に合併し解散",2015-10-05,1,,,,,"メイテツカスタマーサービス",0
416,2180001083272,71,0,2026-09-29,2026-09-14,"豊島株式会社",,301,"愛知県","一宮市","せんい２丁目５番１１号",,23,203,4910873,,,,,,"令和８年７月３１日新潟県新潟市秋葉区小戸下組７８番地１株式会社トヨシマエクセル（4110001007351）を合併",2015-10-05,1,"Toyoshima & Co., Ltd.","Aichi","Seni 2-5-11, Ichinomiya shi",,"トヨシマ",0
417,2180001120546,21,0,2026-09-29,2026-09-25,"株式会社ソフトウィン",,301,"愛知県","津島市","葉苅町字北町６３番地",,23,208,4960009,,,2026-09-25,01,,,2015-10-05,1,,,,,"ソフトウィン",0
418,2180001130859,12,0,2026-09-29,2026-09-18,"株式会社ｄｉｃｅ",,301,"愛知県","名古屋市中村区","千成通２丁目４０番地の１",,23,105,4530818,,,,,,,2018-01-18,1,,,,,"ダイス",0
419,2180001149453,12,0,2026-09-29,2026-09-24,"株式会社ｔｒｅｅ",,301,"愛知県","名古屋市天白区","元八事３丁目２１８番地",,23,116,4680066,,,,,,,2022-01-11,1,,,,,"ツリー",0
420,2180001161061,12,0,2026-09-29,2026-09-11,"株式会社至福グループ",,301,"愛知県","名古屋市西区","浄心２丁目１３の５",,23,104,4510061,,,,,,,2024-04-12,1,,,,,"シフクグループ",0
421,2180001164782,12,0,2026-09-29,2026-09-11,"株式会社ＡＭＯＶＥ",,301,"愛知県","一宮市","あずら１丁目１番２７号",,23,203,4910835,,,,,,,2025-01-07,1,,,,,"エイムーブ",0
422,2180001166275,12,0,2026-09-29,2026-09-11,"株式会社ミノリズム",,301,"愛知県","名古屋市中村区","椿町１３－４スパーク椿町Ｉ－６Ｆ",00145082,23,105,4530015,,,,,,,2025-04-08,1,,,,,"ミノリズム",0
423,2180001173602,01,0,2026-09-29,2026-09-29,"株式会社カルクス",,301,"愛知県","春日井市","長塚町１丁目１１１番地４",,23,206,4860934,,,,,,,2026-09-29,1,,,,,"カルクス",0
424,2180001173643,01,0,2026-09-29,2026-09-29,"株式会社燈し火",,301,"愛知県","尾張旭市","向町３丁目２番地１",,23,226,4880818,,,,,,,2026-09-29,1,,,,,"トモシビ",0
425,2180002027328,01,1,2026-09-29,2015-10-05,"尾関重機有限会社",,302,"愛知県","名古屋市港区","木場町２番地の１０５",,23,111,4550021,,,,,,,2015-10-05,1,,,,,"オゼキジュウキ",0
426,2180002064701,12,0,2026-09-29,2026-09-24,"有限会社綜合通信工業",,302,"愛知県","半田市","青山１丁目３番地４（３ｒｄＦｕｋｕｙａ４０２号室）",,23,205,4750836,,,,,,,2015-10-05,1,,,,,"ソウゴウツウシンコウギョウ",0
427,2180005020627,21,0,2026-09-29,2026-09-18,"行政書士法人Ａ．Ｃ．Ｍ．Ｓ．",,399,"愛知県","春日井市","中新町２丁目１番地１５",,23,206,4860956,,,2026-09-18,01,,,2024-05-15,1,,,,,"アクムス",0
428,2180301005109,01,1,2026-09-29,2015-10-05,"伊藤商事株式会社",,301,"愛知県","豊橋市","問屋町１０番地５",,23,201,4418086,,,,,,,2015-10-05,1,,,,,"イトウショウジ",0
429,2180301031006,12,0,2026-09-29,2026-09-10,"ＮＳ株式会社",,301,"愛知県","刈谷市","寿町３丁目３０２番ｐｒｏｓｐｅｒｉｔｙＫｏｔｏｂｕｋｉＣ号室",,23,210,4480856,,,,,,,2017-12-06,1,,,,,"エヌエス",0
430,2180302010719,01,1,2026-09-29,2015-10-05,"有限会社グリーン流通システム",,302,"愛知県","田原市","赤羽根町天神９５番地６",,23,231,4413502,,,,,,,2015-10-05,1,,,,,"グリーンリュウツウシステム",0
431,2180302024537,21,0,2026-09-29,2026-09-07,"有限会社羽矢商店",,302,"愛知県","豊田市","竜岡町丸根２番地",,23,211,4442402,,,2026-09-07,01,,,2015-10-05,1,,,,,"ハヤショウテン",0
432,2180303005783,01,1,2026-09-29,2023-07-20,"合同会社東海エクステリア",,305,"愛知県","蒲郡市","拾石町土取４－１",,23,214,4430038,,,,,,,2023-07-20,0,,,,,,0
433,2180303005783,12,1,2026-09-29,2026-09-11,"合同会社東海エクステリア",,305,"愛知県","蒲郡市","形原町北浜７番地４",,23,214,4430103,,,,,,,2023-07-20,1,,,,,,0
434,2190001033400,12,0,2026-09-29,2026-09-10,"株式会社ＳＴＥＰ　ＵＰ",,301,"三重県","名張市","つつじが丘北９番町９５",,24,208,5180439,,,,,,,2026-09-07,1,,,,,"ステップアップ",0
435,2200002006576,21,0,2026-09-29,2026-09-28,"有限会社堀ミシン",,302,"岐阜県","山県市","高富１２２９番地の４",,21,215,5012105,,,2026-09-28,01,,,2015-10-05,1,,,,,"ホリミシン",0
436,2200003006294,12,0,2026-09-29,2026-09-11,"Ａｕｔｏ　Ｇｌｏｂｅ合同会社",,305,"愛知県","弥富市","中山町北脇６９３番２",,23,235,4980038,,,,,,,2024-04-03,1,,,,,"オートグローブ",0
437,2210002013828,01,1,2026-09-29,2015-10-05,"有限会社田中コンタクトレンズ",,302,"福井県","小浜市","遠敷１０丁目６０１番地の１",,18,204,9170241,,,,,,,2015-10-05,1,,,,,"タナカコンタクトレンズ",0
438,2230001016631,01,1,2026-09-29,2016-09-08,"渡辺工業株式会社",,301,"富山県","中新川郡立山町","金剛新２３５番地",,16,323,9303262,,,,,,,2016-09-08,1,,,,,"ワタナベコウギョウ",0
439,2260001041643,01,0,2026-09-29,2026-09-29,"株式会社守友",,301,"岡山県","総社市","中原８９０－５",,33,208,7191133,,,,,,,2026-09-29,1,,,,,"モリトモ",0
440,2260002006983,12,0,2026-09-29,2026-09-28,"有限会社利守広志商店",,302,"岡山県","岡山市北区","南方１丁目２番２０号",,33,101,7000807,,,,,,,2015-10-05,1,,,,,,0
441,2260003003055,12,0,2026-09-29,2026-09-17,"Ｘｉｎ合同会社",,305,"岡山県","岡山市南区","福田１６１番地３",,33,104,7028021,,,,,,,2019-12-27,1,,,,,"シン",0
442,2270003001909,01,0,2026-09-29,2026-09-29,"ｌｕｃｅｒｎａ合同会社",,305,"鳥取県","米子市","中島１丁目１番５７号２０１号",,31,202,6830005,,,,,,,2026-09-29,1,,,,,"ルケルナ",0
443,2280001002544,01,1,2026-09-29,2015-10-05,"株式会社亀屋造船所",,301,"島根県","松江市","美保関町森山７８４番地９",,32,201,6901312,,,,,,,2015-10-05,1,,,,,"カメヤゾウセンジョ",0
444,2280002010240,01,1,2026-09-29,2015-10-05,"有限会社平野ゴム",,302,"島根県","益田市","須子町４２番７号",,32,204,6980036,,,,,,,2015-10-05,1,,,,,"ヒラノゴム",0
445,2290001040304,21,0,2026-09-29,2026-09-15,"株式会社ビープログ",,301,"福岡県","福岡市中央区","平尾２丁目２番２２号",,40,133,8100014,,,2026-09-15,01,,,2015-10-05,1,,,,,"ビープログ",0
446,2290001110032,12,0,2026-09-29,2026-09-15,"株式会社シンセン建設",,301,"福岡県","小郡市","古飯６９５番地１",,40,216,8380124,,,,,,,2025-05-15,1,,,,,"シンセンケンセツ",0
447,2290003018942,01,0,2026-09-29,2026-09-29,"合同会社ＴＡＭＯＮ",,305,"福岡県","久留米市","国分町２５０番地１",,40,203,8390863,,,,,,,2026-09-29,1,,,,,"タモン",0
448,2290005005344,01,1,2026-09-29,2015-10-05,"九州鮮魚販売協同組合連合会",,399,"福岡県","福岡市中央区","長浜３丁目１４番１号",,40,133,8100072,,,,,,,2015-10-05,1,,,,,"キュウシュウセンギョハンバイ",0
449,2300001005610,12,0,2026-09-29,2026-09-10,"株式会社日新技術コンサルタント",,301,"福岡県","久留米市","中央町２８番地７",,40,203,8300023,,,,,,,2015-10-05,1,,,,,"ニッシンギジュツコンサルタント",0
450,2300001010511,01,1,2026-09-29,2016-10-07,"株式会社ニコー商店",,301,"佐賀県","佐賀市","大和町大字尼寺３６４７番地４",,41,201,8400201,,,,,,,2016-10-07,1,,,,,"ニコーショウテン",0
451,2320003005086,01,0,2026-09-29,2026-09-29,"合同会社ＸＲＯＳ",,305,"大分県","大分市","横尾東町２丁目１４番１１号",,44,201,8700130,,,,,,,2026-09-29,1,,,,,"クロス",0
452,2330001010707,12,0,2026-09-29,2026-09-24,"株式会社坂本商店",,301,"熊本県","菊池郡菊陽町","大字津久礼１５番地３",,43,404,8691101,,,,,,,2015-10-05,1,,,,,"サカモトショウテン",0
453,2330001015862,01,1,2026-09-29,2015-10-05,"株式会社イトウ建設",,301,"熊本県","球磨郡錦町","大字一武２７４５番地の２",,43,501,8680302,,,,,,,2015-10-05,1,,,,,"イトウケンセツ",0
454,2330001028559,21,0,2026-09-29,2026-09-17,"株式会社Ｗ",,301,"熊本県","熊本市中央区","井川淵町１番３３号９０５",,43,101,8600841,,,2026-09-17,01,,,2021-05-10,1,,,,,"ダブル",0
455,2330003004748,01,1,2026-09-29,2015-10-05,"合同会社ｖｉｏｌａ",,305,"熊本県","熊本市東区","湖東１丁目１０番２５号",,43,102,8620909,,,,,,,2015-10-05,1,,,,,"ビオラ",0
456,2340002012206,01,1,2026-09-29,2015-10-05,"有限会社喜入山田商店",,302,"鹿児島県","鹿児島市","喜入町６１５５番地６",,46,201,8910203,,,,,,,2015-10-05,1,,,,,"キイレヤマダショウテン",0
457,2340005010017,01,0,2026-09-29,2026-09-29,"医療法人鹿屋眼科",,399,"鹿児島県","鹿屋市","札元２丁目３６９２番地４",,46,203,8930013,,,,,,,2026-09-29,1,,,,,"カノヤガンカ",0
458,2360003006898,01,1,2026-09-29,2015-10-05,"農業生産法人合同会社日本琉球ヘナ協会",,305,"沖縄県","那覇市","金城３丁目８番地１１ゆいビル１Ｆ",,47,201,9010155,,,,,,,2015-10-05,0,,,,,"ニホンリュウキュウヘナキョウカイ",0
459,2360003006898,12,1,2026-09-29,2016-01-12,"農業生産法人合同会社日本琉球ヘナ協会",,305,"沖縄県","那覇市","字天久１０６８番地７",,47,201,9000005,,,,,,,2015-10-05,1,,,,,"ニホンリュウキュウヘナキョウカイ",0
460,2360003016204,01,0,2026-09-29,2026-09-29,"Ｒｅｉｃｈ　Ｂｏｕｔｉｑｕｅ合同会社",,305,"沖縄県","中頭郡読谷村","字ときわ７５番地",,47,324,9040317,,,,,,,2026-09-29,1,,,,,"レイチブティック",0
461,2370001054262,01,0,2026-09-29,2026-09-29,"株式会社丸與",,301,"宮城県","仙台市青葉区","中央２丁目１１－１９仙南ビル４階－Ａ",,04,101,9800021,,,,,,,2026-09-29,1,,,,,"マルヨ",0
462,2380001004753,01,1,2026-09-29,2015-10-05,"大野屋製菓株式会社",,301,"福島県","郡山市","中町１６番１２号",,07,203,9638004,,,,,,,2015-10-05,1,,,,,"オオノヤセイカ",0
463,2380001017144,21,0,2026-09-29,2026-09-25,"会津デンカ生コンクリート株式会社",,301,"福島県","会津若松市","大戸町下雨屋２８０番地",,07,202,9695112,,,2026-09-25,01,,,2015-10-05,1,,,,,"アイヅデンカナマコンクリート",0
464,2380001020841,01,1,2026-09-29,2015-10-05,"株式会社ＬｉｎＫ",,301,"福島県","郡山市","山根町１番２０号",,07,203,9638832,,,,,,,2015-10-05,1,,,,,"リンク",0
465,2380002005032,12,0,2026-09-29,2026-09-28,"株式会社共和ほけん",,301,"福島県","伊達市","伏黒字八反田１番地１",,07,213,9600501,,,,,,,2015-10-05,1,,,,,"キョウワホケン",0
466,2380005004155,21,0,2026-09-29,2026-09-24,"長谷寺",,399,"福島県","二本松市","油井字桑原９９番地",,07,210,9691404,,,2026-09-24,01,,,2015-10-05,1,,,,,"ハセデラ",0
467,2390001012755,21,0,2026-09-29,2026-09-24,"株式会社サントテック",,301,"山形県","寒河江市","大字寒河江字石田４９番地１",,06,206,9910041,,,2026-09-24,01,,,2015-10-05,1,,,,,"サントテック",0
468,2390002011129,12,0,2026-09-29,2026-09-15,"有限会社賀登屋旅館",,302,"千葉県","松戸市","常盤平西窪町１番地３－２０３号",,12,207,2702266,,,,,,,2015-10-05,1,,,,,"カトヤリョカン",0
469,2390003001327,21,0,2026-09-29,2026-09-17,"株式会社ワンサウザンド",,301,"山形県","東田川郡三川町","大字横山字横山３４番地",,06,426,9971301,,,2026-09-17,01,,,2015-10-05,1,,,,,,0
470,2400001013231,12,0,2026-09-29,2026-09-18,"株式会社新道建設",,301,"岩手県","久慈市","夏井町早坂第２地割１３番地",,03,207,0280001,,,,,,,2016-06-10,1,,,,,"シンドウケンセツ",0
471,2420001004377,01,1,2026-09-29,2015-10-05,"株式会社ヴィナスフォート",,301,"青森県","青森市","緑２丁目１６番２号",,02,201,0300845,,,,,,,2015-10-05,0,,,,,"ヴィナスフォート",0
472,2420001004377,12,1,2026-09-29,2017-04-03,"株式会社ヴィナスフォート",,301,"青森県","青森市","長島３丁目５番１８号",,02,201,0300861,,,,,,,2015-10-05,0,,,,,"ヴィナスフォート",0
473,2420001004377,12,1,2026-09-29,2026-09-04,"株式会社ヴィナスフォート",,301,"青森県","青森市","長島３丁目４番１０号",,02,201,0300861,,,,,,,2015-10-05,1,,,,,"ヴィナスフォート",0
474,2420002007833,01,1,2026-09-29,2015-10-05,"有限会社月金百貨店",,302,"青森県","八戸市","旭ケ丘３丁目１番地２６",,02,203,0310824,,,,,,,2015-10-05,1,,,,,"ツキキンヒャッカテン",0
475,2430003007955,12,0,2026-09-29,2026-09-25,"合同会社岩佐技研",,305,"宮城県","仙台市太白区","長町１丁目５－６アイビル３０１",,04,104,9820011,,,,,,,2016-10-25,1,,,,,"イワサギケン",0
476,2460001005512,12,0,2026-09-29,2026-09-24,"株式会社ＭＡＣＨＩづくり",,301,"岩手県","岩手郡雫石町","鴬宿第６地割１５番地１",,03,301,0200574,,,,,,,2020-12-25,1,,,,,"マチヅクリ",0
477,2470001021442,01,0,2026-09-29,2026-09-29,"株式会社ＣＯＮＳＥＮＴ　ＢＡＳＥ",,301,"香川県","丸亀市","西平山町３８番地",,37,202,7630041,,,,,,,2026-09-29,1,,,,,"コンセントベース",0
478,2470002012597,01,1,2026-09-29,2015-10-05,"有限会社小原精肉店",,302,"香川県","仲多度郡多度津町","東浜１番１０号",,37,404,7640016,,,,,,,2015-10-05,1,,,,,"コバラセイニクテン",0
479,2480002002449,01,1,2026-09-29,2015-10-05,"有限会社清福不動産",,302,"徳島県","徳島市","津田本町４丁目２番３２－１号",,36,201,7708003,,,,,,,2015-10-05,1,,,,,"セイフクフドウサン",0
480,2490001011441,01,0,2026-09-29,2026-09-29,"株式会社ひがり",,301,"高知県","高知市","桜井町２丁目６番３３号",,39,201,7800821,,,,,,,2026-09-29,1,,,,,"ヒガリ",0
481,2490002003776,12,0,2026-09-29,2026-09-18,"有限会社中澤設計事務所",,302,"高知県","南国市","大＿甲１２２０番地",00145049,39,204,7830004,,,,,,,2015-10-05,1,,,,,"ナカザワセッケイジムショ",0
482,2500001020779,21,0,2026-09-29,2026-09-17,"株式会社希和",,301,"愛媛県","伊予郡松前町","大字昌農内２８８番地の２",,38,401,7913133,,,2026-09-17,01,,,2017-08-01,1,,,,,"キワ",0
483,2500001027147,01,0,2026-09-29,2026-09-29,"株式会社ＭＩＳＨ",,301,"愛媛県","四国中央市","柴生町４７３番地３",,38,213,7990125,,,,,,,2026-09-29,1,,,,,"ミッシュ",0
484,2500002002306,12,0,2026-09-29,2026-09-28,"有限会社キューブ",,302,"愛媛県","松山市","春日町５番１２号",,38,201,7900024,,,,,,,2015-10-05,1,,,,,,0
485,3010001050437,12,0,2026-09-29,2026-09-01,"株式会社長潤社",,301,"東京都","中央区","八丁堀１丁目１番１号",,13,102,1040032,,,,,,,2015-10-05,1,,,,,"ナガジュンシャ",0
486,3010001080277,12,0,2026-09-29,2026-09-24,"株式会社オーテーエス電機",,301,"東京都","台東区","台東３丁目２９番１号",,13,106,1100016,,,,,,,2015-10-05,1,,,,,"オーテーエスデンキ",0
487,3010001143728,71,0,2026-09-29,2026-09-01,"インテグラル投資株式会社",,301,"東京都","千代田区","丸の内１丁目９番２号",,13,101,1000005,,,,,,"令和８年９月１日東京都千代田区丸の内一丁目９番２号インテグラル投資アルファ株式会社（6010001180603）を合併",2015-10-05,1,,,,,"インテグラルトウシ",0
488,3010001150071,12,0,2026-09-29,2026-08-31,"アヴェイル・ホールディングス株式会社",,301,"東京都","千代田区","神田錦町３丁目１９番地",,13,101,1010054,,,,,,,2015-10-05,0,,,,,"アヴェイルホールディングス",0
489,3010001150071,11,0,2026-09-29,2026-08-31,"ビームス株式会社",,301,"東京都","千代田区","神田錦町３丁目１９番地",,13,101,1010054,,,,,,,2015-10-05,1,,,,,"ビームス",0
490,3010001214933,21,0,2026-09-29,2026-08-31,"セカイエ静岡２株式会社",,301,"東京都","中央区","八丁堀２丁目１０番７号日本瓦斯八丁堀ビル",,13,102,1040032,,,2026-08-31,11,8010001170197,"令和８年８月３０日東京都中央区八丁堀二丁目１０番７号日本瓦斯八丁堀ビルセカイエ株式会社（8010001170197）に合併し解散",2021-01-07,1,,,,,"セカイエシズオカニ",0
491,3010001214941,21,0,2026-09-29,2026-08-31,"セカイエ茨城３株式会社",,301,"東京都","中央区","八丁堀２丁目１０番７号日本瓦斯八丁堀ビル",,13,102,1040032,,,2026-08-31,11,8010001170197,"令和８年８月３０日東京都中央区八丁堀二丁目１０番７号日本瓦斯八丁堀ビルセカイエ株式会社（8010001170197）に合併し解散",2021-01-08,1,,,,,"セカイエイバラキサン",0
492,3010001268913,01,0,2026-09-29,2026-09-29,"Ｍ＆Ａディールアシスト株式会社",,301,"東京都","千代田区","丸の内２丁目４番１号丸の内ビルディング９階",,13,101,1000005,,,,,,,2026-09-29,1,,,,,"エムアンドエーディールアシスト",0
493,3010001268938,01,0,2026-09-29,2026-09-29,"大門系統用蓄電所株式会社",,301,"東京都","千代田区","平河町２丁目４番８号平河町アーバンビル３階",,13,101,1020093,,,,,,,2026-09-29,1,,,,,"ダイモンケイトウヨウチクデンショ",0
494,3010001269110,01,0,2026-09-29,2026-09-29,"ＰＡＯ　Ｐｅｅｐｓ株式会社",,301,"東京都","千代田区","神田東松下町１０番地２翔和神田ビル８階",,13,101,1010042,,,,,,,2026-09-29,1,,,,,"パオピープス",0
495,3010003052670,01,0,2026-09-29,2026-09-29,"合同会社Ａｍｅｘｓｔｅｒｉａ",,305,"東京都","文京区","湯島３丁目３７番２号雄山ビル２階",,13,105,1130034,,,,,,,2026-09-29,1,,,,,"アメステリア",0
496,3010003052712,01,0,2026-09-29,2026-09-29,"合同会社健やか支援",,305,"東京都","中央区","勝どき２丁目１－１１－６０４",,13,102,1040054,,,,,,,2026-09-29,1,,,,,"スコヤカシエン",0
497,3010005031334,12,0,2026-09-29,2026-09-01,"デジタル東京２特定目的会社",,399,"東京都","中央区","新富１丁目１８番８号ジパングアウトソーシングサービス株式会社内",,13,102,1040041,,,,,,,2020-01-22,1,,,,,"デジタルトウキョウツー",0
498,3010005040905,12,0,2026-09-29,2026-09-01,"デジタル東京ベイ１特定目的会社",,399,"東京都","中央区","新富１丁目１８番８号ジパングアウトソーシングサービス株式会社内",,13,102,1040041,,,,,,,2025-11-11,1,,,,,"デジタルトウキョウベイワン",0
499,3010401062081,12,0,2026-09-29,2026-09-25,"株式会社入船ダイナミック・シッピング",,301,"東京都","中央区","東日本橋２丁目１５番５号",,13,102,1030004,,,,,,,2015-10-05,1,,,,,"イリフネダイナミックシッピング",0
500,3010401110542,01,1,2026-09-29,2015-10-05,"ＨＡＢＡ－ＳＰＥＤ　Ｌｏｇｉｓｔｉｃｓ　Ｊａｐａｎ株式会社",,301,"東京都","渋谷区","千駄ヶ谷３丁目４０番１３号Ｍ＆Ｎ１０３",,13,113,1510051,,,,,,,2015-10-05,1,,,,,"ハバスペドロジステックスジャパン",0
501,3010401132636,12,0,2026-09-29,2026-09-25,"磐城コーポレイション株式会社",,301,"福島県","いわき市","遠野町入遠野字東山４７番地",,07,204,9720251,,,,,,,2017-07-21,1,,,,,"イワキコーポレイション",0
502,3010401148731,12,0,2026-09-29,2026-08-25,"ダニーバンズ株式会社",,301,"東京都","港区","麻布台１丁目５番６号６０３号室",,13,103,1060041,,,,,,,2019-10-25,1,,,,,"ダニーバンズ",0
503,3010401152717,12,0,2026-09-29,2026-09-01,"株式会社ロータスキャピタル",,301,"東京都","港区","虎ノ門１丁目２３－２－４１１７",,13,103,1050001,,,,,,,2020-05-22,1,,,,,"ロータスキャピタル",0
504,3010401184074,11,0,2026-09-29,2026-09-25,"株式会社ＭＩＭ０２",,301,"東京都","港区","元赤坂１丁目１番７－１２０９号株式会社赤坂国際会計内",,13,103,1070051,,,,,,,2024-07-29,1,,,,,"エムアイエムゼロツー",0
505,3010401186806,12,0,2026-09-29,2026-09-01,"ＷＷＲＣ　ＪＡＰＡＮ株式会社",,301,"東京都","港区","高輪１丁目２０番２号ヌーク白金高輪４０１",,13,103,1080074,,,,,,,2024-12-04,1,,,,,"ダブルダブルアールシージャパン",0
506,3010401195063,01,1,2026-09-29,2025-12-10,"博衆株式会社",,301,"東京都","港区","三田１丁目４－２８三田国際ビル２０８",,13,103,1080073,,,,,,,2025-12-10,0,,,,,"ハクシュウ",0
507,3010401195063,12,1,2026-09-29,2026-09-01,"博衆株式会社",,301,"東京都","港区","芝５丁目３６番４号札の辻スクエア９階",,13,103,1080014,,,,,,,2025-12-10,1,,,,,"ハクシュウ",0
508,3010401202174,01,0,2026-09-29,2026-09-29,"ＦＬホールディングス株式会社",,301,"東京都","港区","赤坂９丁目７番１号",,13,103,1070052,,,,,,,2026-09-29,1,,,,,"エフエルホールディングス",0
509,3010401202199,01,0,2026-09-29,2026-09-29,"株式会社ＰＬＯＴ　ＷＩＴＨ",,301,"東京都","港区","芝３丁目２番１８号ＩＣＯＮＰＬＡＣＥ・ＳＨＩＢＡＫＯＥＮ",,13,103,1050014,,,,,,,2026-09-29,1,,,,,"プロットウィズ",0
510,3010401202273,12,0,2026-09-29,2026-09-25,"株式会社Ｃｒｅｓｃｅｎｔｉｎｅ",,301,"東京都","港区","麻布十番２丁目５番１号マニヴィアビル４Ｆ",,13,103,1060045,,,,,,,2026-09-24,1,,,,,"クレシェンティーネ",0
511,3010403039160,01,0,2026-09-29,2026-09-29,"合同会社ハンズ",,305,"東京都","港区","六本木３丁目１６番１２号六本木ＫＳビル５階",,13,103,1060032,,,,,,,2026-09-29,1,,,,,"ハンズ",0
512,3010405022486,11,0,2026-09-29,2026-09-14,"一般社団法人ＡＸ認定協会",,399,"東京都","港区","新橋２丁目２０－１５新橋駅前ビル１号館５０９－１",,13,103,1050004,,,,,,,2023-09-22,1,,,,,"エーエックスニンテイキョウカイ",0
513,3010405026198,01,0,2026-09-29,2026-09-29,"医療法人社団ｎａｇｉ",,399,"東京都","港区","赤坂２丁目９番１１号オリックス赤坂２丁目ビルＢ１階",,13,103,1070052,,,,,,,2026-09-29,1,,,,,"ナギ",0
514,3010501044582,12,0,2026-09-29,2026-09-24,"スパークオン株式会社",,301,"東京都","台東区","浅草５丁目７１番８号グローリービル浅草２０１",,13,106,1110032,,,,,,,2019-09-04,1,,,,,"スパークオン",0
515,3010501047916,12,0,2026-09-29,2026-09-24,"ステップルート株式会社",,301,"群馬県","高崎市","問屋町２丁目８番地２",,10,202,3700006,,,,,,,2021-10-05,1,,,,,"ステップルート",0
516,3010501053947,01,1,2026-09-29,2025-05-21,"株式会社鴻達シンクタンク",,301,"東京都","台東区","浅草５丁目３番１号",,13,106,1110032,,,,,,,2025-05-21,1,,,,,"コウタツシンクタンク",0
517,3010503004997,01,1,2026-09-29,2017-06-14,"合同会社くらら",,305,"東京都","台東区","寿３丁目１８番２号－８０４",,13,106,1110042,,,,,,,2017-06-14,1,,,,,"クララ",0
518,3010601005955,12,0,2026-09-29,2026-09-16,"株式会社富士ボルト製作所",,301,"千葉県","野田市","尾崎２３２５番６",,12,208,2700235,,,,,,,2015-10-05,1,,,,,"フジボルトセイサクショ",0
519,3010601060802,12,0,2026-09-29,2026-09-24,"株式会社ｅｉｇｈｔ",,301,"東京都","墨田区","菊川１丁目１３番１１－２０３号",,13,107,1300024,,,,,,,2022-03-07,1,,,,,"エイト",0
520,3010601069876,01,0,2026-09-29,2026-09-29,"株式会社ＲＭＮ",,301,"東京都","墨田区","東向島６丁目３４番６号",,13,107,1310032,,,,,,,2026-09-29,1,,,,,"アールエムエヌ",0
521,3010602025556,12,0,2026-09-29,2026-09-02,"有限会社岡部タカノブオフィス",,302,"東京都","渋谷区","道玄坂１丁目１０番８号渋谷道玄坂東急ビル２Ｆ－Ｃ",,13,113,1500043,,,,,,,2015-10-05,1,,,,,,0
522,3010603012479,01,0,2026-09-29,2026-09-29,"合同会社Ｖｅｒａｚｕｌ",,305,"東京都","江東区","有明１丁目４番１１－１３０８号",,13,108,1350063,,,,,,,2026-09-29,1,,,,,"ヴェラズール",0
523,3010701032453,01,1,2026-09-29,2016-05-20,"株式会社万順",,301,"東京都","品川区","南大井６丁目１８番２－３０４号",,13,109,1400013,,,,,,,2016-05-20,1,,,,,"マンジュン",0
524,3010701044341,12,0,2026-09-29,2026-09-25,"萬潤科技日本株式会社",,301,"東京都","千代田区","外神田６丁目７番５号",,13,101,1010021,,,,,,,2023-06-01,1,,,,,"マンジュンカギニホン",0
525,3010701050158,01,0,2026-09-29,2026-09-29,"株式会社ミライシオクリ",,301,"東京都","品川区","東品川２丁目３番１５－１７０４号",,13,109,1400002,,,,,,,2026-09-29,1,,,,,"ミライシオクリ",0
526,3010701050190,01,0,2026-09-29,2026-09-29,"ＦＦＪ株式会社",,301,"東京都","品川区","戸越３丁目３番１２号",,13,109,1420041,,,,,,,2026-09-29,1,,,,,"エフエフジェイ",0
527,3010801016083,01,1,2026-09-29,2015-10-05,"田島物流サービス株式会社",,301,"東京都","大田区","南六郷１丁目１９番１－１００４号",,13,111,1440045,,,,,,,2015-10-05,1,,,,,"タジマブツリュウ",0
528,3010802010127,01,1,2026-09-29,2015-10-05,"有限会社東松エステイトスタジオ",,302,"東京都","大田区","中央８丁目２番２０－７０９号",,13,111,1430024,,,,,,,2015-10-05,0,,,,,"トウショウエステイトスタジオ",0
529,3010802010127,21,0,2026-09-29,2026-09-17,"有限会社東松エステイトスタジオ",,302,"東京都","大田区","中央８丁目２番２０－７０９号",,13,111,1430024,,,2026-09-17,01,,,2015-10-05,1,,,,,"トウショウエステイトスタジオ",0
530,3010805003292,01,0,2026-09-29,2026-09-29,"一般社団法人ベンチャーフレンドリープロジェクト",,399,"東京都","大田区","下丸子２丁目２６番１３号",,13,111,1460092,,,,,,,2026-09-29,1,,,,,"ベンチャーフレンドリープロジェクト",0
531,3010901038936,01,1,2026-09-29,2016-10-18,"株式会社オフィース・Ｔ",,301,"東京都","世田谷区","桜丘４丁目２番２８号番場ビル３０１号室",,13,112,1560054,,,,,,,2016-10-18,1,,,,,"オフィースティー",0
532,3010901040743,12,0,2026-09-29,2026-09-10,"株式会社レゴリス",,301,"東京都","世田谷区","太子堂４丁目１８番１５号３Ｆ－３",,13,112,1540004,,,,,,,2017-09-06,1,,,,,"レゴリス",0
533,3010901056847,12,0,2026-09-29,2026-09-24,"株式会社Ｇｒｅａｔ　Ｂｅｎｅｆｉｔｓ",,301,"東京都","港区","南青山３丁目１番３号スプライン青山東急ビル６階",,13,103,1070062,,,,,,,2025-02-20,1,,,,,"グレイトベネフィッツ",0
534,3010901059924,12,0,2026-09-29,2026-09-07,"Ｋｎｏｗ　Ｒｅｐｌｙ株式会社",,301,"東京都","世田谷区","太子堂４丁目１８番１５号ＴＡＳＵＫＩＰＲＩＭＥＳＡＮＧＥＮＪＡＹＡ３Ｆ－３",,13,112,1540004,,,,,,,2026-07-23,1,,,,,"ノウリプライ",0
535,3011001095174,21,0,2026-09-29,2026-09-02,"株式会社共創舎",,301,"東京都","渋谷区","広尾４丁目１番２７－８０８号",,13,113,1500012,,,2026-09-02,01,,,2015-10-05,1,,,,,"キョウソウシャ",0
536,3011001097328,12,0,2026-09-29,2026-09-24,"株式会社ジェイデザイン",,301,"東京都","大田区","北馬込２丁目４０番２号",,13,111,1430021,,,,,,,2015-10-05,1,,,,,"ジェイデザイン",0
537,3011001107053,12,0,2026-09-29,2026-09-25,"株式会社ＣＥＯパートナー",,301,"栃木県","宇都宮市","鶴田町８４６番地９",,09,201,3200851,,,,,,,2015-10-05,1,,,,,"シーイーオーパートナー",0
538,3011001174102,12,0,2026-09-29,2026-09-03,"株式会社財務パレット",,301,"東京都","品川区","西五反田７丁目１番１０号五反田テックワン３階",,13,109,1410031,,,,,,,2025-12-11,1,,,,,"ザイムパレット",0
539,3011001179010,01,0,2026-09-29,2026-09-29,"株式会社ＬＩＮＯ　ＴＯＫＹＯ",,301,"東京都","渋谷区","猿楽町２３番３号鳥居ビル地下１階奥",,13,113,1500033,,,,,,,2026-09-29,1,,,,,"リノトウキョウ",0
540,3011002023704,11,0,2026-09-29,2026-09-11,"株式会社キーウェスト・ネットワーク",,301,"東京都","渋谷区","代官山町１７番１－３２０６号",,13,113,1500034,,,,,,,2015-10-05,1,,,,,"キーウェストネットワーク",0
541,3011002035071,12,0,2026-09-29,2026-09-24,"有限会社岡田ビジネスディベロップメンツ",,302,"東京都","港区","南青山３丁目１番３６号青山丸竹ビル６階",,13,103,1070062,,,,,,,2015-10-05,1,,,,,"オカダビジネスディベロップメンツ",0
542,3011003025360,01,0,2026-09-29,2026-09-29,"合同会社シエロ",,305,"東京都","渋谷区","広尾１丁目２番地１号ヒカリビル４階",,13,113,1500012,,,,,,,2026-09-29,1,,,,,"シエロ",0
543,3011003025369,01,0,2026-09-29,2026-09-29,"合同会社ＥＡＳＴ　ＣＯＭＭＯＮ　ＭＥＲＣＨＡＮＴＳ",,305,"東京都","渋谷区","神宮前５丁目５１番８号ラ・ポルト青山２Ｆ－７",,13,113,1500001,,,,,,,2026-09-29,1,,,,,"イーストコモンマーチャンツ",0
544,3011005011631,01,0,2026-09-29,2026-09-29,"一般社団法人日本バイオハッキング協会",,399,"東京都","渋谷区","神南１丁目１１番４号ＦＰＧリンクス神南５階",,13,113,1500041,,,,,,,2026-09-29,1,,,,,"ニホンバイオハッキングキョウカイ",0
545,3011101042522,12,0,2026-09-29,2026-09-24,"株式会社ブライダルエモーション",,301,"神奈川県","川崎市宮前区","土橋１丁目１０番地２６宮前平パーク・ホームズヒルテラス１０２",,14,136,2160005,,,,,,,2015-10-05,1,,,,,"ブライダルエモーション",0
546,3011101076223,01,1,2026-09-29,2016-03-04,"株式会社Ｒｅ・ｂｏｒｎ",,301,"東京都","新宿区","新宿５丁目２番７ー３０１号",,13,104,1600022,,,,,,,2016-03-04,0,,,,,"リボーン",0
547,3011101076223,12,1,2026-09-29,2017-11-22,"株式会社Ｒｅ・ｂｏｒｎ",,301,"東京都","板橋区","若木１丁目１７番１１号",,13,119,1740065,,,,,,,2016-03-04,1,,,,,"リボーン",0
548,3011101103324,12,0,2026-09-29,2026-09-24,"スカイウォーカー株式会社",,301,"東京都","中央区","築地７丁目１０－８ＳＥＡビル４階４０２号室",,13,102,1040045,,,,,,,2023-06-22,1,,,,,"スカイウォーカー",0
549,3011101117472,01,0,2026-09-29,2026-09-29,"ウェスタラボ株式会社",,301,"東京都","新宿区","新宿５丁目１１－３０",,13,104,1600022,,,,,,,2026-09-29,1,,,,,"ウェスタラボ",0
550,3011101117480,01,0,2026-09-29,2026-09-29,"ジュピターリサーチ株式会社",,301,"東京都","新宿区","富久町１５番１号",,13,104,1620067,,,,,,,2026-09-29,1,,,,,"ジュピターリサーチ",0
551,3011101117497,01,0,2026-09-29,2026-09-29,"株式会社昇龍源",,301,"東京都","新宿区","新宿１丁目３４－９ＨＩＲＯＢＵＩＬＤＩＮＧＩＩ９階",00145073,13,104,1600022,,,,,,,2026-09-29,1,,,,,"ショウリュウゲン",0
552,3011103018041,01,0,2026-09-29,2026-09-29,"合同会社Ｌｅａｄｓ",,305,"東京都","新宿区","新宿２丁目８番１５号パークフロント新宿２０２号室",,13,104,1600022,,,,,,,2026-09-29,1,,,,,"リーズ",0
553,3011302007068,01,1,2026-09-29,2015-10-05,"有限会社ジュネス",,302,"東京都","三鷹市","大沢６丁目３番４３号",,13,204,1810015,,,,,,,2015-10-05,1,,,,,"ジュネス",0
554,3011401027289,12,0,2026-09-29,2026-09-25,"光啓商事株式会社",,301,"東京都","葛飾区","柴又３丁目１１－１１カエデ柴又１０６",,13,122,1250052,,,,,,,2025-07-29,1,,,,,"コウケイ",0
555,3011403002570,12,0,2026-09-29,2026-09-25,"みやこすたじお合同会社",,305,"東京都","豊島区","南大塚３丁目５０番１号ウィンド大塚ビル３０２号",,13,116,1700005,,,,,,,2018-12-28,1,,,,,"ミヤコスタジオ",0
556,3011501032759,12,0,2026-09-29,2026-09-25,"ＡＩＡ　ｆｉｎａｎｃｉａｌ株式会社",,301,"東京都","中央区","銀座１丁目１２番４号Ｎ＆ＥＢＬＤ．６Ｆ",,13,102,1040061,,,,,,,2025-10-28,1,,,,,"エーアイエーファイナンシャル",0
557,3011702010893,21,0,2026-09-29,2026-09-18,"有限会社丸井洋品店",,302,"東京都","江戸川区","小松川４丁目７３番地",,13,123,1320034,,,2026-09-18,01,,,2015-10-05,1,,,,,"マルイヨウヒンテン",0
558,3012301008437,01,1,2026-09-29,2015-10-05,"株式会社Ｋ’ｓリアルエステート",,301,"東京都","町田市","鶴川１丁目７番地９",,13,209,1950061,,,,,,,2015-10-05,0,,,,,"ケーズリアルエステート",0
559,3012301008437,12,1,2026-09-29,2016-11-15,"株式会社Ｋ’ｓリアルエステート",,301,"東京都","港区","港南４丁目６番１－１４０４号",,13,103,1080075,,,,,,,2015-10-05,0,,,,,"ケーズリアルエステート",0
560,3012301008437,12,1,2026-09-29,2023-09-21,"株式会社Ｋ’ｓリアルエステート",,301,"神奈川県","相模原市南区","上鶴間５丁目１３番１２－１０２号",,14,153,2520302,,,,,,,2015-10-05,1,,,,,"ケーズリアルエステート",0
561,3012302007594,12,0,2026-09-29,2026-09-04,"オークリッチケア有限会社",,302,"神奈川県","相模原市緑区","二本松３丁目１９－３",,14,151,2520137,,,,,,,2015-10-05,1,,,,,"オークリッチケア",0
562,3012401032551,21,0,2026-09-29,2026-09-14,"株式会社Ｔ２Ａｇｅｎｃｙ",,301,"東京都","府中市","府中町１丁目３０番地の３オーク・ワン・ビル３Ｆ",,13,206,1830055,,,2026-09-14,01,,,2017-04-05,1,,,,,"ティーツーエージェンシー",0
563,3012401044919,01,0,2026-09-29,2026-09-29,"株式会社ＳＯＬＥＡ",,301,"東京都","調布市","西つつじケ丘３丁目２６番７号アーバンフラッツＭＡ２０３",,13,208,1820006,,,,,,,2026-09-29,1,,,,,"ソレア",0
564,3012701010703,21,0,2026-09-29,2026-09-16,"株式会社Ｔｈｅｏｒｙ",,301,"東京都","清瀬市","旭が丘６丁目９４１番地５７",,13,221,2040002,,,2026-09-16,01,,,2015-10-05,1,,,,,"セオリー",0
565,3012701019653,01,0,2026-09-29,2026-09-29,"株式会社リベルタ",,301,"東京都","東村山市","恩多町１丁目２５番地３１",,13,213,1890011,,,,,,,2026-09-29,1,,,,,"リベルタ",0
566,3012801024982,01,0,2026-09-29,2026-09-29,"株式会社フォーサイズアセット",,301,"東京都","昭島市","大神町２丁目３番１４号",,13,207,1960013,,,,,,,2026-09-29,1,,,,,"フォーサイズアセット",0
567,3020001037904,21,0,2026-09-29,2026-09-10,"株式会社メビウス",,301,"神奈川県","横浜市西区","北幸２丁目１０番２７号",,14,103,2200004,,,2026-09-10,01,,,2015-10-05,1,,,,,"メビウス",0
568,3020003031335,01,0,2026-09-29,2026-09-29,"合同会社佐藤住建",,305,"神奈川県","横浜市栄区","野七里１丁目１６－１９",,14,115,2470024,,,,,,,2026-09-29,1,,,,,"サトウジュウケン",0
569,3021001021162,01,1,2026-09-29,2015-10-05,"拓伸電業株式会社",,301,"神奈川県","伊勢原市","上粕屋１４７２番地の１５",,14,214,2591141,,,,,,,2015-10-05,1,,,,,"タクシンデンギョウ",0
570,3021001089225,01,0,2026-09-29,2026-09-29,"株式会社ｈｏｍｅ　ｔｏ　ｙｏｕ",,301,"神奈川県","横須賀市","大津町２丁目３番１１号",,14,201,2390808,,,,,,,2026-09-29,1,,,,,"ホームトゥーユー",0
571,3021003003695,12,0,2026-09-29,2026-09-03,"合同会社ＭＳＫ",,305,"神奈川県","鎌倉市","山ノ内２１７－２",,14,204,2470062,,,,,,,2015-10-05,1,,,,,"エムエスケイ",0
572,3030001044957,21,0,2026-09-29,2026-09-09,"株式会社藤和",,301,"埼玉県","朝霞市","溝沼２丁目１番５１号",,11,227,3510023,,,2026-09-09,01,,,2015-10-05,1,,,,,"トウワ",0
573,3030001115262,01,1,2026-09-29,2016-07-05,"株式会社日野屋",,301,"埼玉県","川口市","東川口６丁目１９番１７号",,11,203,3330801,,,,,,,2016-07-05,1,,,,,"ヒノヤ",0
574,3030001116038,01,1,2026-09-29,2016-08-23,"株式会社住まいるヤジマ",,301,"埼玉県","さいたま市大宮区","大成町３丁目２８９番地",,11,103,3300852,,,,,,,2016-08-23,1,,,,,"スマイルヤジマ",0
575,3030001150796,12,0,2026-09-29,2026-09-24,"株式会社フジ林業",,301,"秋田県","北秋田市","小又字下川原１０１",,05,213,0184513,,,,,,,2022-10-31,1,,,,,"フジリンギョウ",0
576,3030001174325,01,0,2026-09-29,2026-09-29,"株式会社Ｃａｒｒｙ　Ｏｎ",,301,"埼玉県","川口市","大字東内野２８８番地の１１",,11,203,3330821,,,,,,,2026-09-29,1,,,,,"キャリーオン",0
577,3030002035897,01,1,2026-09-29,2015-10-05,"有限会社丸正肉店",,302,"埼玉県","入間市","扇町屋２丁目１番３号",,11,225,3580022,,,,,,,2015-10-05,1,,,,,"マルショウニクテン",0
578,3030002040996,21,0,2026-09-29,2026-09-09,"有限会社加須ショッピングセンター",,302,"埼玉県","加須市","土手２丁目８番１６号",,11,210,3470056,,,2026-09-09,01,,,2015-10-05,1,,,,,"カゾショッピングセンター",0
579,3030002077642,21,0,2026-09-29,2026-09-11,"有限会社中島電気商会",,302,"埼玉県","比企郡川島町","大字上伊草８４６番地６",,11,346,3500152,,,2026-09-11,01,,,2015-10-05,1,,,,,"ナカジマデンキショウカイ",0
580,3030002113389,01,1,2026-09-29,2015-10-05,"有限会社佐藤工業",,302,"埼玉県","熊谷市","拾六間７４９番地１６",,11,202,3600846,,,,,,,2015-10-05,1,,,,,"サトウコウギョウ",0
581,3030003017606,12,0,2026-09-29,2026-09-24,"合同会社ＺＥＮＩＴＨ",,305,"山梨県","甲府市","高畑１丁目２２番６号",,19,201,4000042,,,,,,,2021-07-09,1,,,,,"ゼニス",0
582,3030003024288,12,0,2026-09-29,2026-08-20,"友来商事合同会社",,305,"埼玉県","川口市","西川口１丁目３０番２０－４０９号室",,11,203,3320021,,,,,,,2024-05-10,1,,,,,"ユウライショウジ",0
583,3030005017661,21,0,2026-09-29,2026-09-10,"一般社団法人彩の国福祉介護移送協会",,399,"埼玉県","さいたま市桜区","田島３丁目１８番３号",,11,106,3380837,,,2026-09-10,01,,,2015-10-22,1,,,,,"サイノクニフクシカイゴイソウキョウカイ",0
584,3040001035740,01,1,2026-09-29,2015-10-05,"株式会社上信水道工業所",,301,"千葉県","松戸市","常盤平柳町９番地の１",,12,207,2702263,,,,,,,2015-10-05,1,,,,,"ジョウシンスイドウコウギョウショ",0
585,3040001051184,01,1,2026-09-29,2015-10-05,"株式会社平岡モータース",,301,"千葉県","袖ケ浦市","下泉４６４番地",,12,229,2990231,,,,,,,2015-10-05,1,,,,,"ヒラオカモータース",0
586,3040001090158,12,0,2026-09-29,2026-09-18,"おもいで不動産株式会社",,301,"東京都","江東区","亀戸４丁目２６番３号エミービル１階",,13,108,1360071,,,,,,,2015-10-05,1,,,,,"オモイデフドウサン",0
587,3040001096031,01,1,2026-09-29,2016-07-13,"スタイルグレス株式会社",,301,"千葉県","茂原市","上茂原２２０番地５１",,12,210,2970052,,,,,,,2016-07-13,1,,,,,"スタイルグレス",0
588,3040002008456,01,1,2026-09-29,2015-10-05,"有限会社トリ美装",,302,"千葉県","千葉市若葉区","多部田町１５５－６",,12,104,2650066,,,,,,,2015-10-05,1,,,,,"トリビソウ",0
589,3040002010890,01,1,2026-09-29,2015-10-05,"有限会社松本鉄工所",,302,"千葉県","千葉市稲毛区","長沼町２４７番地９７",,12,103,2630005,,,,,,,2015-10-05,1,,,,,"マツモトテッコウショ",0
590,3050001041291,01,1,2026-09-29,2016-07-11,"株式会社宮崎総業",00107236,301,"茨城県","筑西市","井上１２２２番地１",,08,227,3080101,,,,,,,2016-07-11,1,,,,,"ミヤザキソウギョウ",0
591,3050002032918,01,1,2026-09-29,2015-10-05,"有限会社足立製菓",,302,"茨城県","龍ケ崎市","大徳町４９３６番地",,08,208,3010816,,,,,,,2015-10-05,1,,,,,"アダチセイカ",0
592,3060003000030,01,1,2026-09-29,2015-10-05,"合名会社つちや",,303,"栃木県","宇都宮市","駅前通り３丁目１番５号",,09,201,3210964,,,,,,,2015-10-05,0,,,,,"ツチヤ",0
593,3060003000030,12,1,2026-09-29,2026-09-18,"合名会社つちや",,303,"栃木県","宇都宮市","大通り２丁目４番１２号ハウス大通り２１１号室",,09,201,3200811,,,,,,,2015-10-05,1,,,,,"ツチヤ",0
594,3070001042024,12,0,2026-09-29,2026-09-17,"株式会社ＹＴ　Ｃｏｎｎｅｃｔ",,301,"群馬県","高崎市","通町４番地プラザビル７０９",,10,202,3700053,,,,,,,2024-07-30,1,,,,,"ワイティコネクト",0
595,3070001044326,11,0,2026-09-29,2026-09-14,"ＳＨＹＫ　ＢＡＳＥ株式会社",,301,"群馬県","前橋市","古市町２丁目８番地４三華ビル１０３",,10,201,3710844,,,,,,,2026-07-17,1,,,,,"シークベース",0
596,3070001044532,01,0,2026-09-29,2026-09-29,"株式会社吉建",00145075,301,"群馬県","沼田市","利根町平川１７０３番地",,10,206,3780301,,,,,,,2026-09-29,1,,,,,"ヨシケン",0
597,3080001027825,01,0,2026-09-29,2026-09-29,"株式会社ｙｕｍｅｙｏｒｉ",,301,"静岡県","藤枝市","駅前１丁目３番２号駅前会館ビル２Ｆ",,22,214,4260034,,,,,,,2026-09-29,1,,,,,"ユメヨリ",0
598,3080002014046,01,1,2026-09-29,2015-10-05,"有限会社オジマ瓦店",,302,"静岡県","島田市","横岡８５９番地の１",,22,209,4280004,,,,,,,2015-10-05,1,,,,,"オジマカワラテン",0
599,3080002017593,01,1,2026-09-29,2015-10-05,"静岡製紐有限会社",,302,"静岡県","藤枝市","小石川町２丁目２番２号",,22,214,4260033,,,,,,,2015-10-05,1,,,,,"シズオカセイチュウ",0
600,3080005007187,12,0,2026-09-29,2026-09-24,"ふじのくに静岡防災事業協同組合",,399,"静岡県","榛原郡吉田町","片岡２２０６番地の１",,22,424,4210303,,,,,,,2019-05-17,1,,,,,"フジノクニシズオカボウサイ",0
601,3080101004419,21,0,2026-09-29,2026-09-18,"株式会社新技術研究所",,301,"静岡県","御殿場市","神場字水上６１６番地の３",,22,215,4120047,,,2026-09-18,01,,,2015-10-05,1,,,,,"シンギジュツケンキュウジョ",0
602,3080102016537,21,0,2026-09-29,2026-09-18,"有限会社大富士ゴム工業",,302,"静岡県","富士宮市","朝日町２番１０号",,22,207,4180057,,,2026-09-18,01,,,2015-10-05,1,,,,,"オオフジゴムコウギョウ",0
603,3080401028860,01,0,2026-09-29,2026-09-29,"株式会社光鱗",,301,"静岡県","磐田市","中泉１２９３番地１２",,22,211,4380078,,,,,,,2026-09-29,1,,,,,"コウリン",0
604,3080403005593,01,0,2026-09-29,2026-09-29,"ＣＨＡ‐ＲＯ合同会社",,305,"静岡県","袋井市","岡崎７１５７番地１",,22,216,4371312,,,,,,,2026-09-29,1,,,,,"チャロ",0
605,3090001001572,01,1,2026-09-29,2015-10-05,"中楯スポーツ振興株式会社",,301,"山梨県","甲府市","相生３丁目７番１１号",,19,201,4000858,,,,,,,2015-10-05,1,,,,,"ナカダテスポーツシンコウ",0
606,3100003004101,11,0,2026-09-29,2026-09-15,"株式会社エコレットカンパニー",,301,"長野県","上水内郡信濃町","大字柏原５７番地１",,20,583,3891305,,,,,,,2015-10-05,1,,,,,"エコレットカンパニー",0
607,3110001006338,01,1,2026-09-29,2015-10-05,"五十嵐建設工業株式会社",,301,"新潟県","新潟市江南区","亀田本町２丁目２番４０号",,15,104,9500164,,,,,,,2015-10-05,0,,,,,"イガラシケンセツコウギョウ",0
608,3110001006338,12,1,2026-09-29,2016-03-22,"五十嵐建設工業株式会社",,301,"新潟県","新潟市江南区","下早通柳田２丁目２番１７号",,15,104,9500150,,,,,,,2015-10-05,1,,,,,"イガラシケンセツコウギョウ",0
609,3110001032986,12,0,2026-09-29,2026-09-14,"信和株式会社",,301,"京都府","京都市北区","紫野下御輿町４番地１Ｐｌａｉｓｉｒ北山１０４号室",,26,101,6038235,,,,,,,2018-02-05,1,,,,,"シンワ",0
610,3110002011543,01,1,2026-09-29,2015-10-05,"有限会社リトルサポート信濃町",,302,"新潟県","新潟市中央区","信濃町７番１９号",,15,103,9518152,,,,,,,2015-10-05,1,,,,,"リトルサポートシナノマチ",0
611,3110003006303,01,0,2026-09-29,2026-09-29,"合同会社ライトケア新潟",,305,"新潟県","新潟市中央区","西堀通７番町１５６８－１チサンマンション大畑１階１０７",,15,103,9518061,,,,,,,2026-09-29,1,,,,,"ライトケアニイガタ",0
612,3120001032432,01,0,2026-09-29,2026-09-29,"株式会社川渕地所",,301,"大阪府","大阪市住吉区","我孫子東２丁目１番２６号",,27,120,5580013,,,,,,,2026-09-29,1,,,,,"カワブチジショ",0
613,3120001269181,12,0,2026-09-29,2026-09-24,"株式会社Ｙ＆Ｍ",,301,"大阪府","守口市","藤田町２丁目２３番１０号",,27,209,5700014,,,,,,,2024-10-08,1,,,,,"ワイアンドエム",0
614,3120001271872,12,0,2026-09-29,2026-09-17,"翡翠坊株式会社",,301,"大阪府","大阪市此花区","島屋６丁目２番９０号リバーガーデンシティさくらの丘Ａ棟１３０３号室",,27,104,5540024,,,,,,,2025-01-09,1,,,,,"ヒスイボウ",0
615,3120001282151,12,0,2026-09-29,2026-09-25,"株式会社ＡＯＮＯＶＡ",,301,"兵庫県","神戸市須磨区","一ノ谷町４丁目１番１７号グランフォルム須磨浦１０２号",,28,107,6540076,,,,,,,2025-11-21,1,,,,,"アオノバ",0
616,3120001287679,01,1,2026-09-29,2026-07-09,"春日ブリッジ株式会社",,301,"大阪府","大阪市天王寺区","清水谷町３－２２ビューテラス清水谷町９０６",,27,109,5430011,,,,,,,2026-07-09,0,"Kasuga Bridge Ltd.",,,,"カスガブリッジ",0
617,3120001287679,12,1,2026-09-29,2026-08-21,"春日ブリッジ株式会社",,301,"大阪府","大阪市北区","梅田１丁目１番３号大阪駅前第３ビル１１階２号室",,27,127,5300001,,,,,,,2026-07-09,1,"Kasuga Bridge Ltd.","Osaka","Room 2, 11th Floor, Osaka Ekimae Daisan Building, 1-1-3 Umeda, Kita ku Osaka shi",,"カスガブリッジ",0
618,3120002010180,01,1,2026-09-29,2015-10-05,"有限会社福嶋建具店",,302,"大阪府","大阪市生野区","巽中１丁目２３番２７号",00030377,27,116,5440013,,,,,,,2015-10-05,1,,,,,"フクシマタテグテン",0
619,3120003015749,12,0,2026-09-29,2026-09-25,"合同会社かりゆし経営",,305,"大阪府","大阪市中央区","天満橋京町１番２７号ファラン天満橋",,27,128,5400032,,,,,,,2019-05-21,1,,,,,"カリユシケイエイ",0
620,3120901048065,01,1,2026-09-29,2023-09-25,"北大阪運輸倉庫株式会社",,301,"大阪府","摂津市","鳥飼中２丁目７番８号",,27,224,5660064,,,,,,,2023-09-25,0,,,,,"キタオオサカフンユソウコ",0
621,3120901048065,12,1,2026-09-29,2026-09-17,"北大阪運輸倉庫株式会社",,301,"大阪府","摂津市","鳥飼上４丁目２番１８－１０１号",,27,224,5660062,,,,,,,2023-09-25,1,,,,,"キタオオサカフンユソウコ",0
622,3122001013230,01,1,2026-09-29,2015-10-05,"株式会社アドバンス開発",,301,"大阪府","東大阪市","足代２丁目２番１５号",,27,227,5770841,,,,,,,2015-10-05,1,,,,,"アドバンスカイハツ",0
623,3122001024590,01,1,2026-09-29,2015-10-05,"株式会社パシオンデザイン",,301,"大阪府","東大阪市","南上小阪２番１５号",,27,227,5770814,,,,,,,2015-10-05,1,,,,,"パシオンデザイン",0
624,3122001040927,01,0,2026-09-29,2026-09-29,"株式会社ＳＳビルド",,301,"大阪府","八尾市","跡部南の町２丁目４番４０号",,27,212,5810055,,,,,,,2026-09-29,1,,,,,"エスエスビルド",0
625,3122001040935,01,0,2026-09-29,2026-09-29,"株式会社ＴＳライナー",,301,"大阪府","八尾市","南本町９丁目１５番２号",,27,212,5810081,,,,,,,2026-09-29,1,,,,,"ティーエスライナー",0
626,3122002000178,01,1,2026-09-29,2015-10-05,"有限会社アイズアート",,302,"大阪府","東大阪市","御厨３丁目８番２６号",,27,227,5770032,,,,,,,2015-10-05,1,,,,,"アイズアート",0
627,3122002011951,01,1,2026-09-29,2015-10-05,"有限会社丸市倉庫",,302,"大阪府","四條畷市","蔀屋本町２番８号",,27,229,5750042,,,,,,,2015-10-05,1,,,,,"マルイチソウコ",0
628,3130001022300,71,0,2026-09-29,2026-09-18,"株式会社フェイス",,301,"京都府","京都市中京区","烏丸通御池下る虎屋町５６６－１井門明治安田生命ビル",,26,104,6048171,,,,,,"令和８年９月１日京都市中京区烏丸通御池下る虎屋町５６６－１井門明治安田生命ビルグッディポイント株式会社（5130001026712）を合併",2015-10-05,1,,,,,"フェイス",0
629,3130001057387,01,1,2026-09-29,2016-04-26,"株式会社アイレボ",,301,"京都府","京都市南区","吉祥院蒔絵町２番地１",,26,107,6018344,,,,,,,2016-04-26,0,,,,,,0
630,3130001057387,12,1,2026-09-29,2018-05-10,"株式会社アイレボ",,301,"京都府","京都市南区","唐橋西平垣町３９番地１",,26,107,6018468,,,,,,,2016-04-26,1,,,,,,0
631,3130001083086,01,0,2026-09-29,2026-09-29,"株式会社Ｔｏｗａ　Ｐｌｕｓ",,301,"京都府","京都市右京区","太秦御領田町８番地６",,26,108,6168187,,,,,,,2026-09-29,1,,,,,"トワプラス",0
632,3130002009494,01,1,2026-09-29,2015-10-05,"有限会社洛卯兵衛",,302,"京都府","京都市西京区","川島滑樋町２１番地",,26,111,6158106,,,,,,,2015-10-05,1,,,,,"ラクウヘエ",0
633,3130003011433,11,0,2026-09-29,2026-07-03,"合同会社ＭＥＥＴ　ＡＤＶＡＮＣＥ",,305,"京都府","京都市山科区","西野楳本町５０－１２６",,26,110,6078358,,,,,,,2026-06-08,1,,,,,"ミートアドバンス",0
634,3130005004732,01,1,2026-09-29,2015-10-05,"パナソニックデバイスディスクリートセミコンダクター労働組合",,399,"京都府","亀岡市","大井町小金岐４丁目２４番地",,26,206,6210018,,,,,,,2015-10-05,0,,,,,,0
635,3130005004732,12,1,2026-09-29,2016-09-07,"パナソニックデバイスディスクリートセミコンダクター労働組合",,399,"京都府","長岡京市","神足焼町１番地",,26,209,6170833,,,,,,,2015-10-05,0,,,,,,0
636,3130005004732,11,1,2026-09-29,2016-09-07,"パナソニック　セミコンダクターソリューションズ労働組合",,399,"京都府","長岡京市","神足焼町１番地",,26,209,6170833,,,,,,,2015-10-05,0,,,,,"パナソニックセミコンダクターソリューションズ",0
637,3130005004732,11,1,2026-09-29,2020-09-02,"ヌヴォトンテクノロジージャパン労働組合",,399,"京都府","長岡京市","神足焼町１番地",,26,209,6170833,,,,,,,2015-10-05,1,,,,,,0
638,3140001013703,01,1,2026-09-29,2015-10-05,"株式会社東和電機",,301,"兵庫県","神戸市兵庫区","笠松通６丁目１番７号",,28,105,6520864,,,,,,,2015-10-05,0,,"Hyogo","6-1-7,Kasamatsudori, Hyogo ku Kobe shi",,"トウワデンキ",0
639,3140001013703,11,1,2026-09-29,2021-06-07,"株式会社ＴＯＷＡＴＥＣＨＮＯ",,301,"兵庫県","神戸市兵庫区","笠松通６丁目１番７号",,28,105,6520864,,,,,,,2015-10-05,1,"TOWATECHNO Co.,Ltd","Hyogo","6-1-7,Kasamatsudori, Hyogo ku Kobe shi",,"トウワテクノ",0
640,3140001016292,12,0,2026-09-29,2026-09-18,"株式会社スペース・ギャラリー・リミテッド",,301,"兵庫県","神戸市兵庫区","中道通６丁目１番２２号",,28,105,6520801,,,,,,,2015-10-05,1,,,,,"スペースギャラリーリミテッド",0
641,3140001032224,01,1,2026-09-29,2015-10-05,"株式会社商業リサーチ",,301,"兵庫県","神戸市東灘区","本山北町５丁目１６番５６号",,28,101,6580003,,,,,,,2015-10-05,1,,,,,"ショウギョウリサーチ",0
642,3140001053583,01,1,2026-09-29,2015-10-05,"株式会社オフィスシーズ",,301,"兵庫県","尼崎市","昭和通２丁目６番３０－１１１１号",,28,202,6600881,,,,,,,2015-10-05,1,,,,,"オフィスシーズ",0
643,3140001058913,01,1,2026-09-29,2015-10-05,"三洋建設工業株式会社",,301,"兵庫県","姫路市","大津区勘兵衛町３丁目１番地の１",,28,201,6711132,,,,,,,2015-10-05,1,,,,,"サンヨウケンセツコウギョウ",0
644,3140001135852,12,0,2026-09-29,2026-09-24,"ＭＩＮＨ　ＫＨＯＩ株式会社",,301,"兵庫県","神戸市中央区","山本通１丁目７－１５東洋ハイツ４０１号",,28,110,6500003,,,,,,,2024-09-24,1,,,,,"ミンコイ",0
645,3140001144143,01,0,2026-09-29,2026-09-29,"株式会社結",,301,"兵庫県","宝塚市","逆瀬川１丁目１－１９",,28,214,6650035,,,,,,,2026-09-29,1,,,,,"ツムギ",0
646,3140002065784,01,1,2026-09-29,2015-10-05,"有限会社彗星殖産",,302,"兵庫県","伊丹市","鴻池２丁目１４番５号",,28,207,6640006,,,,,,,2015-10-05,1,,,,,"スイセイショクサン",0
647,3170002000697,01,1,2026-09-29,2015-10-05,"有限会社明伸",,302,"和歌山県","和歌山市","紀三井寺４９２番地の１",,30,201,6410012,,,,,,,2015-10-05,1,,,,,"メイシン",0
648,3180001083684,01,1,2026-09-29,2015-10-05,"株式会社ボギー",,301,"愛知県","一宮市","大和町苅安賀字山王４９番地",,23,203,4910934,,,,,,,2015-10-05,1,,,,,"ボギー",0
649,3180001138190,11,0,2026-09-29,2026-09-11,"千歳株式会社",,301,"愛知県","春日井市","出川町４丁目１０番地９",,23,206,4870025,,,,,,,2019-09-27,1,,,,,"チトセ",0
650,3180001173535,01,0,2026-09-29,2026-09-29,"株式会社最強の味方",,301,"愛知県","名古屋市中区","錦１丁目７番４０号",,23,106,4600003,,,,,,,2026-09-29,1,,,,,"サイキョウノミカタ",0
651,3180001173650,01,0,2026-09-29,2026-09-29,"株式会社Ａ．Ｒ",,301,"愛知県","丹羽郡大口町","下小口７丁目３７番地",,23,361,4800144,,,,,,,2026-09-29,1,,,,,"エーアール",0
652,3180003030841,01,0,2026-09-29,2026-09-29,"合同会社Ｌｉｎｏａ",,305,"愛知県","名古屋市中村区","名駅４丁目２４番５号第２森ビル４０１",,23,105,4500002,,,,,,,2026-09-29,1,,,,,"リノア",0
653,3180005012219,01,1,2026-09-29,2015-10-05,"高宮神社",,399,"愛知県","知多郡南知多町","大字内海字高平井２６番地",,23,445,4703321,,,,,,,2015-10-05,1,,,,,"タカミヤジンジャ",0
654,3180005021673,01,0,2026-09-29,2026-09-29,"一般社団法人ＰＦＡＳリスク管理認証機構",,399,"愛知県","名古屋市中村区","名駅４丁目２４番５号第２森ビル４０１号",,23,105,4500002,,,,,,,2026-09-29,1,,,,,"ピーエフエーエスリスクカンリニンショウキコウ",0
655,3180301023010,01,1,2026-09-29,2015-10-05,"株式会社コーセー社",,301,"愛知県","西尾市","吉良町富田殿海戸９１番地",,23,213,4440525,,,,,,,2015-10-05,1,,,,,"コーセーシャ",0
656,3180301039163,21,0,2026-09-29,2026-09-08,"株式会社ｃｏｍｆ",,301,"愛知県","安城市","桜井町高見５番地３",,23,212,4441154,,,2026-09-08,01,,,2024-10-24,1,,,,,"コンフ",0
657,3180302006880,01,1,2026-09-29,2015-10-05,"有限会社小野田園芸",,302,"愛知県","豊橋市","高塚町字郷中７４番地",,23,201,4413203,,,,,,,2015-10-05,1,,,,,"オノダエンゲイ",0
658,3180302011245,01,1,2026-09-29,2015-10-05,"有限会社イージャン",,302,"愛知県","豊橋市","つつじが丘２丁目１１番地の８",,23,201,4400858,,,,,,,2015-10-05,1,,,,,"イージャン",0
659,3180302017135,01,1,2026-09-29,2015-10-05,"有限会社ビッグ保温",,302,"愛知県","安城市","桜井町山ノ寺１番地１",,23,212,4441154,,,,,,,2015-10-05,1,,,,,"ビッグホオン",0
660,3190001033457,01,0,2026-09-29,2026-09-29,"株式会社ＯＧＡＷＡ",,301,"三重県","度会郡玉城町","中楽３１２番地１",,24,461,5190412,,,,,,,2026-09-29,1,,,,,"オガワ",0
661,3190002008912,11,0,2026-09-29,2026-09-14,"株式会社上尚",,301,"三重県","度会郡南伊勢町","古和浦２８０番地",,24,472,5161534,,,,,,,2015-10-05,0,,,,,"ウエショウ",0
662,3190002008912,12,0,2026-09-29,2026-09-14,"株式会社上尚",,301,"三重県","度会郡南伊勢町","古和浦２８０番地１",,24,472,5161534,,,,,,,2015-10-05,1,,,,,"ウエショウ",0
663,3200001031863,01,1,2026-09-29,2015-10-05,"株式会社大塚総業",,301,"岐阜県","多治見市","市之倉町１１丁目１９２番地の１３５",,21,204,5070814,,,,,,,2015-10-05,1,,,,,"オオツカソウギョウ",0
664,3200005003628,01,1,2026-09-29,2015-10-05,"八幡神社",,399,"岐阜県","羽島市","竹鼻町飯柄２０９７番地の１",,21,209,5016233,,,,,,,2015-10-05,1,,,,,"ハチマンジンジャ",0
665,3210005005697,01,1,2026-09-29,2015-10-05,"洞善寺",,399,"福井県","大野市","蓑道３８号５番地",,18,205,9120142,,,,,,,2015-10-05,1,,,,,,0
666,3220002003471,21,0,2026-09-29,2026-09-28,"有限会社そば料理そばのはな",,302,"石川県","金沢市","尾山町２番３２号",,17,201,9200918,,,2026-09-28,01,,,2015-10-05,1,,,,,"ソバリョウリソバノハナ",0
667,3220002009287,21,0,2026-09-29,2026-09-28,"有限会社中嶋茶舗",,302,"石川県","白山市","中町２３番地",,17,210,9240877,,,2026-09-28,01,,,2015-10-05,1,,,,,"ナカジマチャホ",0
668,3260001029943,01,1,2026-09-29,2016-09-01,"リーフネット株式会社",,301,"岡山県","岡山市南区","箕島３６６番地３",,33,104,7010206,,,,,,,2016-09-01,1,,,,,"リーフネット",0
669,3260001038713,12,0,2026-09-29,2026-09-17,"株式会社ｈｉｔｏｒｉｇｏｔｏ",,301,"愛知県","名古屋市昭和区","鶴舞１丁目２番３２号",,23,107,4660064,,,,,,,2024-01-26,1,,,,,"ヒトリゴト",0
670,3260001041642,01,0,2026-09-29,2026-09-29,"株式会社ＥＤＥＮ",,301,"岡山県","笠岡市","小平井３２４８番地４ニッコー住宅Ａ３０４",,33,205,7140012,,,,,,,2026-09-29,1,,,,,"エデン",0
671,3260003005769,01,0,2026-09-29,2026-09-29,"合同会社高梁まちづくりカンパニー",,305,"岡山県","高梁市","横町１６９４－４",,33,209,7160046,,,,,,,2026-09-29,1,,,,,"タカハシマチヅクリカンパニー",0
672,3280002007566,01,1,2026-09-29,2015-10-05,"金子有限会社",,302,"島根県","大田市","波根町１３４５番地",,32,205,6992211,,,,,,,2015-10-05,1,,,,,"カネコ",0
673,3290001005074,01,1,2026-09-29,2015-10-05,"神田商産株式会社",,301,"福岡県","福岡市早良区","田村１丁目９番１号",,40,137,8140175,,,,,,,2015-10-05,1,,,,,"カンダショウサン",0
674,3290001081165,12,0,2026-09-29,2026-09-15,"株式会社プランニングＦ",,301,"福岡県","福岡市博多区","空港前２丁目１２番７号",,40,132,8120002,,,,,,,2018-04-18,1,,,,,"プランニングエフ",0
675,3290001104933,12,0,2026-09-29,2026-09-28,"コクドグローバルマネジメント九州株式会社",,301,"福岡県","小郡市","祇園１丁目１０番１７号土方ビル２０１号室",,40,216,8380144,,,,,,,2024-03-08,1,,,,,"コクドグローバルマネジメントキュウシュウ",0
676,3290001115600,01,0,2026-09-29,2026-09-29,"株式会社ＨＭアセット",,301,"福岡県","飯塚市","伊岐須８７７番地１二瀬コーポ７０５号",,40,205,8200053,,,,,,,2026-09-29,1,,,,,"エイチエムアセット",0
677,3290003018917,01,0,2026-09-29,2026-09-29,"合同会社ＩＮＦＬＯ",,305,"福岡県","福岡市東区","松田３丁目２４番８－５０５号ロワールマンション箱崎２",,40,131,8120064,,,,,,,2026-09-29,1,,,,,"インフロー",0
678,3290005020227,01,0,2026-09-29,2026-09-29,"一般社団法人九州福祉推進機構",,399,"福岡県","福岡市博多区","博多駅東１丁目１２番５号",,40,132,8120013,,,,,,,2026-09-29,1,,,,,"キュウシュウフクシスイシンキコウ",0
679,3300002007423,21,0,2026-09-29,2026-09-28,"有限会社倉持建設",,302,"佐賀県","杵島郡白石町","大字廿治１０８６番地１",,41,425,8491106,,,2026-09-28,01,,,2015-10-05,1,,,,,"クラモチケンセツ",0
680,3310003005185,01,1,2026-09-29,2026-02-19,"合同会社Ｓｍｉｌｅ　Ａｌｗａｙｓ",,305,"長崎県","長崎市","葉山２丁目５２番２７号",,42,201,8528053,,,,,,,2026-02-19,0,,,,,,0
681,3310003005185,12,0,2026-09-29,2026-09-24,"合同会社Ｓｍｉｌｅ　Ａｌｗａｙｓ",,305,"東京都","豊島区","西巣鴨１丁目１７番１１号クレシェンテ大塚３０２号",,13,116,1700001,,,,,,,2026-02-19,1,,,,,,0
682,3320001011944,01,1,2026-09-29,2015-10-05,"ミントコンサルティング株式会社",,301,"大分県","大分市","王子中町６番２１号中村ビル２Ｆ",,44,201,8700006,,,,,,,2015-10-05,1,,,,,"ミントコンサルティング",0
683,3320003005011,12,0,2026-09-29,2026-09-25,"合同会社ＦＢエナジー",,305,"東京都","中央区","日本橋本町３丁目８－３－８階",,13,102,1030023,,,,,,,2026-06-19,1,,,,,"エフビーエナジー",0
684,3330001001614,01,1,2026-09-29,2015-10-05,"熊本被服株式会社",,301,"熊本県","熊本市中央区","大江４丁目１０番３３号",,43,101,8620971,,,,,,,2015-10-05,1,,,,,"クマモトヒフク",0
685,3330003006859,01,1,2026-09-29,2016-10-07,"合同会社スティル",,305,"熊本県","熊本市南区","日吉２丁目１１番６５号",,43,104,8614109,,,,,,,2016-10-07,1,,,,,"スティル",0
686,3350005000247,01,1,2026-09-29,2015-10-05,"宮崎県産業廃棄物事業協同組合",,399,"宮崎県","宮崎市","高岡町花見３８８８番地",,45,201,8802211,,,,,,,2015-10-05,1,,,,,"ミヤザキケンサンギョウハイキブツ",0
687,3370001040063,01,1,2026-09-29,2016-08-04,"石垣防水工業株式会社",,301,"宮城県","宮城郡利府町","青山２丁目８番地１",,04,406,9810131,,,,,,,2016-08-04,1,,,,,"イシガキボウスイコウギョウ",0
688,3380001027431,01,1,2026-09-29,2016-10-21,"株式会社三和メタル",,301,"福島県","郡山市","田村町上行合字下川原１５８番地１",,07,203,9630724,,,,,,,2016-10-21,0,,,,,,0
689,3380001027431,12,1,2026-09-29,2017-06-12,"株式会社三和メタル",,301,"福島県","須賀川市","岩渕字川崎１１番地",,07,207,9620043,,,,,,,2016-10-21,0,,,,,,0
690,3380001027431,12,1,2026-09-29,2017-07-18,"株式会社三和メタル",,301,"福島県","須賀川市","日向町１２８番地１",,07,207,9620015,,,,,,,2016-10-21,0,,,,,,0
691,3380001027431,11,1,2026-09-29,2020-04-01,"株式会社メタルリサイクルＪＡＰＡＮ",,301,"福島県","須賀川市","日向町１２８番地１",,07,207,9620015,,,,,,,2016-10-21,0,,,,,"メタルリサイクルジャパン",0
692,3380001027431,12,1,2026-09-29,2022-01-11,"株式会社メタルリサイクルＪＡＰＡＮ",,301,"福島県","須賀川市","森宿字関表１０６－２",,07,207,9620001,,,,,,,2016-10-21,1,,,,,"メタルリサイクルジャパン",0
693,3380001032943,12,0,2026-09-29,2026-09-24,"株式会社一成",,301,"福島県","いわき市","平字十五町目２０番地４",,07,204,9708026,,,,,,,2022-07-07,1,,,,,"イッセイ",0
694,3430001091447,12,0,2026-09-29,2026-09-25,"株式会社ＪＳウェルフェア",,301,"北海道","札幌市白石区","北郷五条７丁目１－３４フラット５７　１階",,01,104,0030835,,,,,,,2024-04-03,1,,,,,"ジェーエスウェルフェア",0
695,3430003019446,01,0,2026-09-29,2026-09-29,"合同会社Ａｍａｎ",,305,"北海道","札幌市白石区","南郷通１丁目北２番２３号６０６",,01,104,0030023,,,,,,,2026-09-29,1,,,,,"アマン",0
696,3460003001120,01,0,2026-09-29,2026-09-29,"合同会社Ｋｕｄｏｓ",,305,"北海道","阿寒郡鶴居村","字雪裡原野北四線東１７－１８",,01,667,0851200,,,,,,,2026-09-29,1,,,,,,0
697,3470001021441,01,0,2026-09-29,2026-09-29,"ヒューマンリング株式会社",,301,"香川県","さぬき市","津田町津田１３８７番地１",,37,206,7692401,,,,,,,2026-09-29,1,,,,,"ヒューマンリング",0
698,3700150081898,01,1,2026-09-29,2017-03-15,"ＭＡＩＮＭＡＲＫ　ＧＲＯＵＮＤ　ＥＮＧＩＮＥＥＲＩＮＧ　ＪＡＰＡＮ　ＰＴＹ　ＬＴＤ",,401,"東京都","江戸川区","西葛西５丁目２番３号",,13,123,1340088,"オーストラリア連邦、ニューサウスウェールズ州、ノースブリッジ、セーラーズベイロード１６９",,,,,,2017-03-15,0,,,,,"メインマークグラウンドエンジニアリングジヤパンピーテイーワイエルテイーデイー",0
699,3700150081898,12,1,2026-09-29,2026-04-13,"ＭＡＩＮＭＡＲＫ　ＧＲＯＵＮＤ　ＥＮＧＩＮＥＥＲＩＮＧ　ＪＡＰＡＮ　ＰＴＹ　ＬＴＤ",,401,,,,,,,,"オーストラリア連邦、ニューサウスウェールズ州、ノースブリッジ、セーラーズベイロード１６９",,,,,,2017-03-15,1,,,,,"メインマークグラウンドエンジニアリングジヤパンピーテイーワイエルテイーデイー",0
700,3700150094999,01,1,2026-09-29,2019-06-21,"ＡＣＡ　Ｉｎｖｅｓｔｍｅｎｔｓ　Ｐｔｅ．Ｌｔｄ．",,401,"東京都","千代田区","永田町１丁目１１番３０号",,13,101,1000014,"８　ＴＥＭＡＳＥＫ　ＢＯＵＬＥＶＡＲＤ　３４－０２　ＳＵＮＴＥＣ　ＴＯＷＥＲ　３",,,,,,2019-06-21,0,,,,,"エーシーエーインベストメンツピーテイーイーリミテツド",0
701,3700150094999,11,1,2026-09-29,2025-07-31,"Ｆｅｌｉｃｉｔｙ　Ｇｌｏｂａｌ　Ｃａｐｉｔａｌ　Ｐｔｅ．Ｌｔｄ．",,401,"東京都","千代田区","永田町１丁目１１番３０号",,13,101,1000014,"８　ＴＥＭＡＳＥＫ　ＢＯＵＬＥＶＡＲＤ　３４－０２　ＳＵＮＴＥＣ　ＴＯＷＥＲ　３",,,,,,2019-06-21,0,,,,,"フエリシテイグローバルキヤピタルピーテイーイーリミテツド",0
702,3700150094999,12,1,2026-09-29,2026-04-24,"Ｆｅｌｉｃｉｔｙ　Ｇｌｏｂａｌ　Ｃａｐｉｔａｌ　Ｐｔｅ．Ｌｔｄ．",,401,"東京都","千代田区","平河町２丁目１６－９",,13,101,1020093,"８　ＴＥＭＡＳＥＫ　ＢＯＵＬＥＶＡＲＤ　３４－０２　ＳＵＮＴＥＣ　ＴＯＷＥＲ　３",,,,,,2019-06-21,0,,,,,"フエリシテイグローバルキヤピタルピーテイーイーリミテツド",0
703,3700150094999,13,1,2026-09-29,2026-04-24,"Ｆｅｌｉｃｉｔｙ　Ｇｌｏｂａｌ　Ｃａｐｉｔａｌ　Ｐｔｅ．Ｌｔｄ．",,401,"東京都","千代田区","平河町２丁目１６－９",,13,101,1020093,"６　Ｔｅｍａｓｅｋ　Ｂｏｕｌｅｖａｒｄ　♯２９－０４　Ｓｕｎｔｅｃ　Ｔｏｗｅｒ　Ｆｏｕｒ",,,,,,2019-06-21,1,,,,,"フエリシテイグローバルキヤピタルピーテイーイーリミテツド",0
704,4010001059691,12,0,2026-09-29,2026-08-31,"株式会社ユウ建築設計事務所",,301,"東京都","中央区","築地７丁目１５番１３号セブン築地４Ｈ号",,13,102,1040045,,,,,,,2015-10-05,0,,,,,,0
705,4010001059691,11,0,2026-09-29,2026-08-31,"ＬＩＦＥ・環境デザイン株式会社",,301,"東京都","中央区","築地７丁目１５番１３号セブン築地４Ｈ号",,13,102,1040045,,,,,,,2015-10-05,1,,,,,"ライフカンキョウデザイン",0
706,4010001118489,01,1,2026-09-29,2015-10-05,"メディカルコンテクストサポート株式会社",,301,"東京都","千代田区","丸の内１丁目１１－１パシフィックセンチュリープレイス８Ｆ",,13,101,1000005,,,,,,,2015-10-05,0,,,,,,0
707,4010001118489,12,1,2026-09-29,2015-11-16,"メディカルコンテクストサポート株式会社",,301,"東京都","杉並区","本天沼２丁目４２番２７号",,13,115,1670031,,,,,,,2015-10-05,0,,,,,,0
708,4010001118489,11,1,2026-09-29,2016-07-11,"ＭＣＳ株式会社",,301,"東京都","杉並区","本天沼２丁目４２番２７号",,13,115,1670031,,,,,,,2015-10-05,1,,,,,"エムシーエス",0
709,4010001180027,21,0,2026-09-29,2026-09-08,"株式会社ＳＲＫリアルティ",,301,"東京都","世田谷区","大蔵５丁目５番２号",,13,112,1570074,,,2026-09-08,01,,,2016-12-06,1,,,,,"エスアールケーリアルティ",0
710,4010001189951,01,1,2026-09-29,2018-03-02,"株式会社アールイーソリューション",,301,"東京都","千代田区","九段南１丁目５番６号",,13,101,1020074,,,,,,,2018-03-02,1,,,,,"アールイーソリューション",0
711,4010001206418,12,0,2026-09-29,2026-09-01,"Ｘ　ＰＬＡＴＦＯＲＭ株式会社",,301,"東京都","中央区","日本橋室町１丁目１１番１２号日本橋水野ビル７階",,13,102,1030022,,,,,,,2020-01-07,1,,,,,"エックスプラットフォーム",0
712,4010001207894,21,0,2026-09-29,2026-09-02,"東和リアル・エステート・インベストメント株式会社",,301,"東京都","中央区","京橋３丁目１２番１号",,13,102,1040031,,,2026-09-02,11,2010601042727,"令和８年９月１日東京都中央区京橋三丁目１２番１号共創未来株式会社（2010601042727）に合併し解散",2020-03-04,1,,,,,"トウワリアルエステートインベストメント",0
713,4010001214932,21,0,2026-09-29,2026-08-31,"セカイエ山梨株式会社",,301,"東京都","中央区","八丁堀２丁目１０番７号日本瓦斯八丁堀ビル",,13,102,1040032,,,2026-08-31,11,8010001170197,"令和８年８月３０日東京都中央区八丁堀二丁目１０番７号日本瓦斯八丁堀ビルセカイエ株式会社（8010001170197）に合併し解散",2021-01-07,1,,,,,"セカイエヤマナシ",0
714,4010001214940,21,0,2026-09-29,2026-08-31,"セカイエ茨城４株式会社",,301,"東京都","中央区","八丁堀２丁目１０番７号日本瓦斯八丁堀ビル",,13,102,1040032,,,2026-08-31,11,8010001170197,"令和８年８月３０日東京都中央区八丁堀二丁目１０番７号日本瓦斯八丁堀ビルセカイエ株式会社（8010001170197）に合併し解散",2021-01-08,1,,,,,"セカイエイバラキヨン",0
715,4010001234641,12,0,2026-09-29,2026-09-25,"株式会社店舗高値買取センター",,301,"東京都","豊島区","東池袋１丁目１７－３ウェルシャン池袋１００３号",,13,116,1700013,,,,,,,2023-04-24,1,,,,,"テンポタカネカイトリセンター",0
716,4010001235870,12,0,2026-09-29,2026-09-02,"株式会社ｐｈａｒｍａｋｅ",,301,"東京都","千代田区","神田神保町３丁目１１番６号神保町ビル１０階",,13,101,1010051,,,,,,,2023-06-05,1,,,,,"ファルメイク",0
717,4010001248468,21,0,2026-09-29,2026-09-02,"株式会社Ｃｒｅｗ　Ｓｈｉｎｅ",,301,"千葉県","船橋市","高根町６２６番地５",,12,204,2740817,,,2026-09-02,01,,,2024-09-24,1,,,,,"クルーシャイン",0
718,4010001252486,12,0,2026-09-29,2026-09-01,"ＳＭＢＣサイバーフロント株式会社",,301,"東京都","千代田区","丸の内１丁目６番５号",,13,101,1000005,,,,,,,2025-02-20,1,,,,,"エスエムビーシーサイバーフロント",0
719,4010001259449,12,0,2026-09-29,2026-09-01,"株式会社ＴＵＦｓ",,301,"東京都","中央区","銀座８丁目５番２５号エイトビル２階",,13,102,1040061,,,,,,,2025-10-16,1,,,,,"タフス",0
720,4010001264556,12,0,2026-09-29,2026-09-16,"株式会社ＫＬＯＶＥＲ",,301,"千葉県","松戸市","五香６丁目１７番地８",,12,207,2702213,,,,,,,2026-04-16,1,,,,,"クローバー",0
721,4010001269051,01,0,2026-09-29,2026-09-29,"Ｅｎｎｏｗｅｌｌ　Ｊａｐａｎ株式会社",,301,"東京都","千代田区","霞が関３丁目２番５号",,13,101,1000013,,,,,,,2026-09-29,1,,,,,"エンノウェルジャパン",0
722,4010003031194,11,0,2026-09-29,2026-09-10,"株式会社ＩＰＣＪ",,301,"東京都","中央区","銀座６丁目６番１号",,13,102,1040061,,,,,,,2019-12-05,1,,,,,"アイピーシージェイ",0
723,4010003044808,12,0,2026-09-29,2026-09-17,"合同会社ＳＭＩＬＥ",,305,"千葉県","習志野市","本大久保３丁目５番９号",,12,216,2750012,,,,,,,2024-09-05,1,,,,,"スマイル",0
724,4010003052562,01,1,2026-09-29,2026-09-07,"１００Ｑ合同会社",,305,"東京都","文京区","目白台１丁目２３番３号",,13,105,1120015,,,,,,,2026-09-07,1,,,,,"ヒヤク",0
725,4010102002699,01,1,2026-09-29,2015-10-05,"有限会社五味工業所",,302,"東京都","八王子市","弐分方町７８５番地の１",,13,201,1930822,,,,,,,2015-10-05,1,,,,,"ゴミコウギョウショ",0
726,4010401056405,71,0,2026-09-29,2026-09-03,"アクアクララ株式会社",,301,"東京都","港区","港南１丁目６番３１号",,13,103,1080075,,,,,,"令和８年９月１日東京都港区港南一丁目６番３１号株式会社アクアクララボトリング（4010401171666）を合併",2015-10-05,1,,,,,"アクアクララ",0
727,4010401081320,21,0,2026-09-29,2026-09-10,"株式会社エイムス",,301,"神奈川県","横浜市青葉区","桂台１丁目９－２０",,14,117,2270034,,,2026-09-10,01,,,2015-10-05,1,,,,,"エイムス",0
728,4010401085296,21,0,2026-09-29,2026-09-11,"株式会社ＯＫ　ＩＮＶＥＳＴＭＥＮＴＳ",,301,"神奈川県","横浜市西区","北幸１丁目１１番５号相鉄ＫＳビル９階",,14,103,2200004,,,2026-09-11,01,,,2015-10-05,1,,,,,"オーケーインベストメンツ",0
729,4010401154737,12,0,2026-09-29,2026-09-01,"株式会社Ｋ．Ｂ　Ｆａｃｔｏｒｙ",,301,"東京都","港区","南青山３丁目１番３６号青山丸竹ビル６階",,13,103,1070062,,,,,,,2020-08-24,1,,,,,"ケービーファクトリー",0
730,4010401165602,12,0,2026-09-29,2026-09-24,"オールブルー株式会社",,301,"東京都","渋谷区","桜丘町１６番１３号スカイランドベンチャーズ株式会社内",,13,113,1500031,,,,,,,2022-02-17,1,,,,,"オールブルー",0
731,4010401171666,21,0,2026-09-29,2026-09-03,"株式会社アクアクララボトリング",,301,"東京都","港区","港南１丁目６番３１号",,13,103,1080075,,,2026-09-03,11,4010401056405,"令和８年９月１日東京都港区港南一丁目６番３１号アクアクララ株式会社（4010401056405）に合併し解散",2023-01-10,1,,,,,"アクアクララボトリング",0
732,4010401193256,12,0,2026-09-29,2026-09-01,"株式会社ＳＰＡＲＫ　ＳＴＵＤＩＯ",,301,"東京都","港区","南青山１丁目１５番１号みいでらビル２階",,13,103,1070062,,,,,,,2025-10-08,1,,,,,"スパークスタジオ",0
733,4010401195962,12,0,2026-09-29,2026-09-24,"株式会社Ｌｕｘｉａ　Ｔｅｃｈ",,301,"静岡県","沼津市","西間門１９８番地１号",,22,203,4100871,,,,,,,2026-01-21,1,,,,,"ラグシアテック",0
734,4010401202314,01,0,2026-09-29,2026-09-29,"株式会社Ｌｕｍｉｎａ＆Ｃｏ．",,301,"東京都","港区","六本木５丁目１６番３５号麻布テラスアパートメント６０１",,13,103,1060032,,,,,,,2026-09-29,1,,,,,"ルミナアンドカンパニー",0
735,4010401202347,01,0,2026-09-29,2026-09-29,"株式会社ＫＳＡ",,301,"東京都","港区","芝浦２丁目２番１５－４０１号",,13,103,1080023,,,,,,,2026-09-29,1,,,,,"ケイエスエ",0
736,4010403033807,11,0,2026-09-29,2026-08-27,"Ｓｐｉｒｉｔ　Ｏｆ　Ｗａ　Ｊａｐａｎ合同会社",,305,"東京都","港区","南青山３丁目１番３６号青山丸竹ビル６Ｆ",,13,103,1070062,,,,,,,2024-11-15,1,,,,,"スピリットオブワジャパン",0
737,4010403038343,12,0,2026-09-29,2026-09-25,"合同会社ＡＲＣ",,305,"東京都","渋谷区","恵比寿西２丁目４番８号ウィンド恵比寿ビル８Ｆ",,13,113,1500021,,,,,,,2026-07-13,1,,,,,"アーク",0
738,4010405026230,01,0,2026-09-29,2026-09-29,"ジェイエルスリー一般社団法人",,399,"東京都","港区","元赤坂１丁目１番７－１２０９号株式会社赤坂国際会計内",,13,103,1070051,,,,,,,2026-09-29,1,,,,,"ジェイエルスリー",0
739,4010501016779,11,0,2026-09-29,2026-09-16,"株式会社古谷",,301,"東京都","台東区","浅草２丁目２７番１７号",,13,106,1110032,,,,,,,2015-10-05,1,,,,,"フルヤ",0
740,4010501032792,21,0,2026-09-29,2026-09-24,"株式会社プレジール",,301,"東京都","台東区","台東１丁目２１番４号",,13,106,1100016,,,2026-09-24,01,,,2015-10-05,1,,,,,"プレジール",0
741,4010502003818,12,0,2026-09-29,2026-09-24,"有限会社光伸",,302,"東京都","台東区","上野３丁目１０番５号",,13,106,1100005,,,,,,,2015-10-05,1,,,,,,0
742,4010502010780,01,1,2026-09-29,2015-10-05,"有限会社前崎材木店",,302,"東京都","台東区","東浅草２丁目８番７号",,13,106,1110025,,,,,,,2015-10-05,1,,,,,"マエザキザイモクテン",0
743,4010502018460,01,1,2026-09-29,2015-10-05,"クライム有限会社",,302,"東京都","台東区","清川１丁目３番２号",,13,106,1110022,,,,,,,2015-10-05,1,,,,,"クライム",0
744,4010601032032,01,1,2026-09-29,2015-10-05,"株式会社岩瀬商事",00051532,301,"東京都","江東区","東陽３丁目１１番７号",,13,108,1350016,,,,,,,2015-10-05,1,,,,,"イワセショウジ",0
745,4010601063523,21,0,2026-09-29,2026-09-11,"易貿国際日本株式会社",,301,"東京都","江東区","木場５丁目１番５号メイプルハイム木場Ｂ１１４室",,13,108,1350042,,,2026-09-11,01,,,2023-08-02,1,,,,,"エキボウコクサイニホン",0
746,4010601064067,12,0,2026-09-29,2026-09-25,"株式会社日本免税",,301,"東京都","千代田区","神田紺屋町４６風月堂ビル",,13,101,1010035,,,,,,,2023-11-02,1,,,,,"ニホンメンゼイ",0
747,4010601069875,01,0,2026-09-29,2026-09-29,"株式会社ＫＲＭ",,301,"東京都","墨田区","東向島６丁目３４番６号",,13,107,1310032,,,,,,,2026-09-29,1,,,,,"ケーアールエム",0
748,4010703008302,12,0,2026-09-29,2026-09-24,"合同会社ＫＳＢ",,305,"東京都","世田谷区","上野毛４丁目３９番１０－５０１号",,13,112,1580093,,,,,,,2026-05-29,1,,,,,"ケーエスビー",0
749,4010801002132,01,1,2026-09-29,2015-10-05,"株式会社太田屋",,301,"東京都","大田区","蒲田１丁目１１番５号",,13,111,1440052,,,,,,,2015-10-05,1,,,,,"オオタヤ",0
750,4010801022444,01,1,2026-09-29,2015-10-05,"松アネックス株式会社",,301,"東京都","大田区","上池台１丁目１４番２号",,13,111,1450064,,,,,,,2015-10-05,1,,,,,"マツアネックス",0
751,4010901005563,01,1,2026-09-29,2015-10-05,"株式会社島田建築事務所",,301,"東京都","世田谷区","南烏山６丁目６番４号",,13,112,1570062,,,,,,,2015-10-05,1,,,,,"シマダケンチクジムショ",0
752,4011001003094,01,1,2026-09-29,2015-10-05,"株式会社ウスイ",,301,"東京都","渋谷区","神宮前２丁目３３番８－２０６号",,13,113,1500001,,,,,,,2015-10-05,1,,,,,"ウスイ",0
753,4011001006320,12,0,2026-09-29,2026-09-25,"旭光通商株式会社",,301,"東京都","渋谷区","渋谷２丁目９番８号ＣＩＲＣＬＥＳ渋谷７階",,13,113,1500002,,,,,,,2015-10-05,1,,,,,"キョッコウツウショウ",0
754,4011001049889,12,0,2026-09-29,2026-09-25,"株式会社ニューヘルスケアジャパン",,301,"東京都","新宿区","横寺町３７番地",,13,104,1620831,,,,,,,2015-10-05,1,,,,,"ニューヘルスケアジャパン",0
755,4011001067874,12,0,2026-09-29,2026-09-24,"Ｔａｌｋｎｏｔｅ株式会社",,301,"東京都","港区","麻布台１丁目１番２号麻布台ヒルズＳ－Ｏｆｆｉｃｅ５階５１５号室",,13,103,1060041,,,,,,,2015-10-05,1,,,,,"トークノート",0
756,4011001100395,12,0,2026-09-29,2026-09-01,"株式会社ソリューションウェア",,301,"東京都","千代田区","東神田２丁目６番５号東神田ビル７階",,13,101,1010031,,,,,,,2015-10-05,1,,,,,"ソリューションウェア",0
757,4011001161974,12,0,2026-09-29,2026-09-25,"株式会社リノバンス",,301,"東京都","千代田区","内神田３丁目５番５号大同ビル３階",,13,101,1010047,,,,,,,2024-05-13,1,,,,,"リノバンス",0
758,4011001174638,12,0,2026-09-29,2026-09-11,"ノマド紀行株式会社",,301,"東京都","渋谷区","神宮前６丁目２８－９東武ビル６階",,13,113,1500001,,,,,,,2025-12-24,1,,,,,"ノマドキコウ",0
759,4011003025351,01,0,2026-09-29,2026-09-29,"ＮＥＯリンク合同会社",,305,"東京都","渋谷区","道玄坂１丁目１０番８号渋谷道玄坂東急ビル２Ｆ－Ｃ",,13,113,1500043,,,,,,,2026-09-29,1,,,,,"ネオリンク",0
760,4011005010203,21,0,2026-09-29,2026-08-04,"一般社団法人探究科学検定協会",,399,"東京都","渋谷区","道玄坂１丁目１０番８号渋谷道玄坂東急ビル２Ｆ－Ｃ",,13,113,1500043,,,2026-08-04,01,,,2023-09-07,1,,,,,"タンキュウカガクケンテイキョウカイ",0
761,4011101117439,01,0,2026-09-29,2026-09-29,"株式会社Ｄｒｅａｍｙ　ｃｈｕｕｍｅ",,301,"東京都","新宿区","歌舞伎町２丁目２０番９号三経７５ビル６階",,13,104,1600021,,,,,,,2026-09-29,1,,,,,"ドリーミーチューミー",0
762,4011101117471,01,0,2026-09-29,2026-09-29,"株式会社Ｃａｍｂｅｒ",,301,"東京都","新宿区","西新宿３丁目３番１３号西新宿水間ビル２Ｆ",,13,104,1600023,,,,,,,2026-09-29,1,,,,,"キャンバー",0
763,4011101117505,01,0,2026-09-29,2026-09-29,"ＯｐｅｎＰＲ株式会社",,301,"東京都","新宿区","新宿２丁目１２番１３号",,13,104,1600022,,,,,,,2026-09-29,1,,,,,"オープンピーアール",0
764,4011103007191,01,1,2026-09-29,2017-07-14,"友辰商事合同会社",,305,"東京都","新宿区","百人町１丁目６－１２コートＫ２０２",,13,104,1690073,,,,,,,2017-07-14,0,,,,,"ユウシンショウジ",0
765,4011103007191,12,0,2026-09-29,2026-09-18,"友辰商事合同会社",,305,"神奈川県","川崎市高津区","末長３丁目２番７－２３６号ＢＥＬＩＳＴＡ溝の口",,14,134,2130013,,,,,,,2017-07-14,1,,,,,"ユウシンショウジ",0
766,4011201027439,01,0,2026-09-29,2026-09-29,"株式会社メディベース",,301,"東京都","中野区","中央５丁目３５番４号リベルラ中野１０１",,13,114,1640011,,,,,,,2026-09-29,1,,,,,"メディベース",0
767,4011301016341,21,0,2026-09-29,2026-09-18,"たけい土地建物株式会社",,301,"東京都","杉並区","荻窪１丁目１５番１１号",,13,115,1670051,,,2026-09-18,01,,,2015-10-05,1,,,,,"タケイトチタテモノ",0
768,4011301031844,01,0,2026-09-29,2026-09-29,"株式会社ＳＰアートスタジオ",,301,"東京都","杉並区","阿佐谷南２丁目１８番８号ザ・シティ阿佐ヶ谷５階",,13,115,1660004,,,,,,,2026-09-29,1,,,,,"エスピーアートスタジオ",0
769,4011401012018,01,1,2026-09-29,2015-10-05,"高橋管理株式会社",,301,"東京都","板橋区","高島平１丁目６４番１７号",,13,119,1750082,,,,,,,2015-10-05,1,,,,,"タカハシカンリ",0
770,4011501032361,12,0,2026-09-29,2026-09-25,"ＬＣＧ　ＩＮＶＥＳＴＭＥＮＴ株式会社",,301,"東京都","墨田区","両国３丁目２５－８",,13,107,1300026,,,,,,,2025-07-29,1,,,,,"エルシジーインベストメント",0
771,4011502003683,01,1,2026-09-29,2015-10-05,"有限会社タクマエステート",,302,"東京都","北区","西ケ原２丁目３９番１２－５０５号",,13,117,1140024,,,,,,,2015-10-05,1,,,,,"タクマエステート",0
772,4011703004737,01,0,2026-09-29,2026-09-29,"合同会社たなか",,305,"東京都","江戸川区","西一之江１丁目１１番１４号ペリア２号棟",,13,123,1320023,,,,,,,2026-09-29,1,,,,,"タナカ",0
773,4011705000412,01,1,2026-09-29,2015-10-05,"医療法人社団三和会",,399,"東京都","江戸川区","鹿骨３丁目２０番３号",,13,123,1330073,,,,,,,2015-10-05,1,,,,,"ミツワカイ",0
774,4011801028290,12,0,2026-09-29,2026-09-25,"ＭＩＮ株式会社",,301,"東京都","文京区","本駒込６丁目２５－５ＨＯＮＫＯＭＡＧＯＭＥ・ＮＩＳＨＩＧＡＩ・ＢＵＩＬＤＩＮＧ９－５４",,13,105,1130021,,,,,,,2015-10-05,1,,,,,"エムアイエヌ",0
775,4011802019207,01,1,2026-09-29,2015-10-05,"有限会社ミノル工芸社",,302,"東京都","足立区","大谷田２丁目５番１９号",,13,121,1200001,,,,,,,2015-10-05,1,,,,,"ミノルコウゲイシャ",0
776,4012401044926,01,0,2026-09-29,2026-09-29,"櫻橋国際株式会社",,301,"東京都","府中市","府中町２丁目９－１プレスティージ府中４０８",,13,206,1830055,,,,,,,2026-09-29,1,,,,,"オウキョウコクサイ",0
777,4012801024321,12,0,2026-09-29,2026-09-11,"株式会社ｂｌｏｏｍ　ｉｎｔｅｒｉｏｒ",,301,"東京都","昭島市","緑町２丁目２５番２号",,13,207,1960004,,,,,,,2025-10-27,1,,,,,"ブルームインテリア",0
778,4012801024981,01,0,2026-09-29,2026-09-29,"ＭＢホスピタリティコンサルティング株式会社",,301,"東京都","国分寺市","西町２丁目２２番地１７",,13,214,1850035,,,,,,,2026-09-29,1,,,,,"エムビーホスピタリティコンサルティング",0
779,4013301039108,01,1,2026-09-29,2016-07-11,"株式会社あゆみ・みらい教育出版",,301,"東京都","豊島区","南池袋２丁目４９番７号",,13,116,1710022,,,,,,,2016-07-11,0,,,,,"アユミミライキョウイクシュッパン",0
780,4013301039108,11,1,2026-09-29,2023-11-17,"株式会社ＨＯＸホールディングス",,301,"東京都","豊島区","南池袋２丁目４９番７号",,13,116,1710022,,,,,,,2016-07-11,1,,,,,,0
781,4013301046327,12,0,2026-09-29,2026-09-18,"株式会社ＩＣ",,301,"千葉県","浦安市","高洲４丁目３番１－１１０８号プラウド新浦安",,12,227,2790023,,,,,,,2020-10-07,1,,,,,"アイシー",0
782,4020001065895,21,0,2026-09-29,2026-09-24,"ウトシン石油株式会社",,301,"神奈川県","川崎市高津区","久地１丁目５０番６号",,14,134,2130032,,,2026-09-24,11,8021001036718,"令和８年９月１日神奈川県平塚市高根一丁目１番１１号レモンガス株式会社（8021001036718）に合併し解散",2015-10-05,1,,,,,"ウトシンセキユ",0
783,4020001106971,12,0,2026-09-29,2026-09-25,"Ｂｅｔｔｅｒ　Ｌｅａｄｅｒ株式会社",,301,"東京都","武蔵野市","吉祥寺本町１丁目３０－１０ウィスタクア３０３号室",,13,203,1800004,,,,,,,2015-10-05,1,,,,,"ベターリーダー",0
784,4020001147652,12,0,2026-09-29,2026-09-25,"株式会社ビアンサ",,301,"神奈川県","横浜市中区","本牧町２丁目５８０番地６",,14,104,2310806,,,,,,,2022-08-04,1,,,,,"ビアンサ",0
785,4020001151646,01,1,2026-09-29,2023-05-17,"株式会社ＲｅＦｉｎｅ",,301,"神奈川県","横浜市中区","不老町１丁目２番１号",,14,104,2310032,,,,,,,2023-05-17,1,,,,,"リファイン",0
786,4020001153948,12,0,2026-09-29,2026-09-02,"株式会社吉原合同事務所",,301,"千葉県","千葉市中央区","新町１番地１７ＪＰＲ千葉ビル８階",,12,101,2600028,,,,,,,2023-10-13,1,,,,,"ヨシワラゴウドウジムショ",0
787,4020001170480,01,0,2026-09-29,2026-09-29,"株式会社ＩＴＡＤＡＫＩ",,301,"神奈川県","横浜市保土ケ谷区","天王町１丁目２４番３－２０１号",,14,106,2400003,,,,,,,2026-09-29,1,,,,,"イタダキ",0
788,4020002037480,21,0,2026-09-29,2026-09-02,"有限会社大西瓦店",,302,"神奈川県","横浜市鶴見区","獅子ケ谷１丁目１７番１号",,14,101,2300073,,,2026-09-02,01,,,2015-10-05,1,,,,,"オオニシカワラテン",0
789,4020002065333,01,1,2026-09-29,2015-10-05,"有限会社横浜創建",,302,"神奈川県","横浜市神奈川区","片倉５丁目１６番１２号",,14,102,2210865,,,,,,,2015-10-05,1,,,,,"ヨコハマソウケン",0
790,4020002071703,01,1,2026-09-29,2015-10-05,"有限会社開南",,302,"神奈川県","横浜市鶴見区","上末吉１丁目１３番１９号",,14,101,2300011,,,,,,,2015-10-05,1,,,,,"カイナン",0
791,4020003024726,12,0,2026-09-29,2026-09-25,"合同会社サーフコンサルティング",,305,"岩手県","盛岡市","高松４丁目１２－４１",,03,201,0200114,,,,,,,2023-10-12,1,,,,,"サーフコンサルティング",0
792,4020003030476,12,0,2026-09-29,2026-09-17,"合同会社パスファインダーコミュニケーション",,305,"千葉県","市川市","真間３丁目８番１０号（Ｆ．ＭＡＩＳＯＮ１０２号）",,12,203,2720826,,,,,,,2026-03-06,1,,,,,"パスファインダーコミュニケーション",0
793,4020003030724,12,0,2026-09-29,2026-09-07,"合同会社ＷＡＢＯＫＵ",,305,"神奈川県","川崎市中原区","上丸子山王町２丁目１３３２グランデュール山王１０２",,14,133,2110002,,,,,,,2026-04-15,1,,,,,"ワボク",0
794,4021001059929,01,1,2026-09-29,2016-08-03,"株式会社ＮＡＧＩＳＩＮ",,301,"神奈川県","相模原市南区","上鶴間本町６丁目７番１９号",,14,153,2520318,,,,,,,2016-08-03,1,,,,,"ナギシン",0
795,4021001089182,01,0,2026-09-29,2026-09-29,"株式会社ＳＨＩＥＮＡ",,301,"神奈川県","伊勢原市","高森１１５０番地の２グリーンマンション２－６０１号",,14,214,2591114,,,,,,,2026-09-29,1,,,,,"シエナ",0
796,4021001089249,01,0,2026-09-29,2026-09-29,"株式会社舟田設備",,301,"神奈川県","藤沢市","遠藤２２５９番地の８",,14,205,2520816,,,,,,,2026-09-29,1,,,,,"フナダセツビ",0
797,4021001089257,01,0,2026-09-29,2026-09-29,"株式会社バリュークリエイトベンチャーズ",,301,"神奈川県","足柄下郡湯河原町","宮上７１８番地の２８８",,14,384,2590314,,,,,,,2026-09-29,1,,,,,"バリュークリエイトベンチャーズ",0
798,4021005013700,01,0,2026-09-29,2026-09-29,"特定非営利活動法人翔‐かける",,399,"神奈川県","大和市","中央５丁目１７番１４号クーネル大和１０６号",,14,213,2420021,,,,,,,2026-09-29,1,,,,,"カケルカケル",0
799,4030001012599,21,0,2026-09-29,2026-09-10,"モガミ産業株式会社",,301,"埼玉県","さいたま市南区","大字大谷口１３０３番地４－６",,11,108,3360042,,,2026-09-10,01,,,2015-10-05,1,,,,,"モガミサンギョウ",0
800,4030001112093,01,1,2026-09-29,2016-01-05,"株式会社栄板金工業",,301,"埼玉県","所沢市","大字牛沼４６番地の４",,11,208,3590026,,,,,,,2016-01-05,1,,,,,"サカエバンキンコウギョウ",0
801,4030001114040,01,1,2026-09-29,2016-04-25,"株式会社坂本ファーム",,301,"埼玉県","大里郡寄居町","大字赤浜６９０番地１",,11,408,3691211,,,,,,,2016-04-25,1,,,,,"サカモトファーム",0
802,4030001116870,12,0,2026-09-29,2026-09-16,"龍達国際株式会社",,301,"千葉県","松戸市","三矢小台５丁目８－１８",,12,207,2710087,,,,,,,2016-10-25,1,,,,,"リュウタツコクサイ",0
803,4030001119568,01,1,2026-09-29,2017-04-11,"株式会社中島ＤＯ",,301,"埼玉県","さいたま市浦和区","岸町４丁目１７－１クレール浦和１０２",,11,107,3300064,,,,,,,2017-04-11,1,,,,,"ナカジマドゥー",0
804,4030001174308,01,0,2026-09-29,2026-09-29,"ケーアイマネジメント株式会社",,301,"埼玉県","さいたま市大宮区","桜木町２丁目３番地大宮マルイ７階",,11,103,3300854,,,,,,,2026-09-29,1,,,,,"ケーアイマネジメント",0
805,4030002031763,01,1,2026-09-29,2015-10-05,"有限会社ワールドメンテナンスサービス",,302,"埼玉県","所沢市","南住吉２番１３号",,11,208,3591125,,,,,,,2015-10-05,1,,,,,"ワールドメンテナンスサービス",0
806,4030003013835,21,0,2026-09-29,2026-09-07,"＿洋商事合同会社",00117224,305,"埼玉県","八潮市","大字大曽根３４６番地１９",,11,234,3400834,,,2026-09-07,01,,,2019-07-23,1,,,,,"キンヨウショウジ",0
807,4030003023909,12,0,2026-09-29,2026-09-24,"ルラシアス合同会社",,305,"茨城県","古河市","東４丁目１５番９号",,08,204,3060011,,,,,,,2024-03-27,1,,,,,"ルラシアス",0
808,4030003030013,01,0,2026-09-29,2026-09-29,"合同会社Ｈｏｔ　Ｓｔｒｅａｋ",,305,"埼玉県","草加市","新善町３８８番地カルセドニー２０２号",,11,221,3400054,,,,,,,2026-09-29,1,,,,,"ホットストリーク",0
809,4030005022644,01,0,2026-09-29,2026-09-29,"特定非営利活動法人子ども文庫ここ",,399,"埼玉県","富士見市","鶴瀬東２丁目４番６号",,11,235,3540024,,,,,,,2026-09-29,1,,,,,"コドモブンコココ",0
810,4040001015320,21,0,2026-09-29,2026-09-03,"Ｒ＆Ｓ　Ｉｎｓｔｉｔｕｔｅ株式会社",,301,"千葉県","習志野市","香澄５丁目６番３号",,12,216,2750022,,,2026-09-03,01,,,2015-10-05,1,,,,,"アールアンドエスインスティチュート",0
811,4040001035459,21,0,2026-09-29,2026-09-02,"株式会社小松不動産",,301,"千葉県","松戸市","六高台２丁目４７番地",,12,207,2702203,,,2026-09-02,01,,,2015-10-05,1,,,,,"コマツフドウサン",0
812,4040001096988,01,1,2026-09-29,2016-09-16,"ＨＤコンサルタント株式会社",,301,"千葉県","市川市","広尾１丁目６番６号",,12,203,2720146,,,,,,,2016-09-16,1,,,,,"エイチディーコンサルタント",0
813,4040001145373,01,0,2026-09-29,2026-09-29,"株式会社Ｈ２マネジメント",,301,"千葉県","市川市","八幡３丁目３番２－１２０５号",,12,203,2720021,,,,,,,2026-09-29,1,,,,,"エイチツーマネジメント",0
814,4040001145415,01,0,2026-09-29,2026-09-29,"グロースアシスタンス株式会社",,301,"千葉県","船橋市","前原東４丁目２１－６",,12,204,2740824,,,,,,,2026-09-29,1,,,,,"グロースアシスタンス",0
815,4040003017298,12,0,2026-09-29,2026-08-18,"合同会社ＳＵＮ－ＭＯＯＮ",,305,"千葉県","柏市","末広町５番１６号エスパス柏３階Ａ号室",,12,217,2770842,,,,,,,2021-03-22,1,,,,,"サンムーン",0
816,4050001038915,01,1,2026-09-29,2015-10-05,"株式会社Ｓｈａｋｅ",,301,"茨城県","神栖市","波崎９１０５－７",,08,232,3140408,,,,,,,2015-10-05,1,,,,,"シェイク",0
817,4050001058995,01,0,2026-09-29,2026-09-29,"センテル株式会社",,301,"茨城県","つくば市","梅園２丁目１番地１５スプリングテックつくばビル４０１",,08,220,3050045,,,,,,,2026-09-29,1,,,,,"センテル",0
818,4060003006233,01,0,2026-09-29,2026-09-29,"ＦＳＳ　Ｊａｐａｎ合同会社",,305,"栃木県","那須塩原市","西三島２丁目１７１番地３５",,09,213,3292756,,,,,,,2026-09-29,1,,,,,"エフエスエスジャパン",0
819,4070001007901,21,0,2026-09-29,2026-09-16,"株式会社中島電機製作所",,301,"群馬県","高崎市","飯玉町７９番地２",,10,202,3700063,,,2026-09-16,01,,,2015-10-05,1,,,,,"ナカジマデンキセイサクジョ",0
820,4070001044531,01,0,2026-09-29,2026-09-29,"株式会社たくみ創建",,301,"群馬県","高崎市","新町２３５２番地１",,10,202,3701301,,,,,,,2026-09-29,1,,,,,"タクミソウケン",0
821,4070002005648,21,0,2026-09-29,2026-09-18,"有限会社ユニティ・システム",,302,"群馬県","前橋市","宮地町２６９番地",,10,201,3710814,,,2026-09-18,01,,,2015-10-05,1,,,,,"ユニティシステム",0
822,4080001003065,01,1,2026-09-29,2015-10-05,"株式会社タイコウ",,301,"静岡県","静岡市駿河区","下島３７６番地の１",,22,102,4228037,,,,,,,2015-10-05,1,,,,,"タイコウ",0
823,4090005005461,01,1,2026-09-29,2015-10-05,"禅林寺",,399,"山梨県","西八代郡市川三郷町","市川大門１２９０番地",,19,346,4093601,,,,,,,2015-10-05,1,,,,,"ゼンリンジ",0
824,4100001018382,01,1,2026-09-29,2015-10-05,"信越工販株式会社",,301,"長野県","諏訪市","大字四賀１５９８番地６",,20,206,3920012,,,,,,,2015-10-05,1,,,,,"シンエツコウハン",0
825,4110001007351,21,0,2026-09-29,2026-09-24,"株式会社トヨシマエクセル",,301,"新潟県","新潟市秋葉区","小戸下組７８番地１",,15,105,9560007,,,2026-09-24,11,2180001083272,"令和８年７月３１日愛知県一宮市せんい二丁目５番１１号豊島株式会社（2180001083272）に合併し解散",2015-10-05,1,,,,,"トヨシマエクセル",0
826,4110002034452,01,1,2026-09-29,2015-10-05,"有限会社中川漁業",,302,"新潟県","佐渡市","赤泊４２番地",,15,224,9520711,,,,,,,2015-10-05,1,,,,,"ナカガワギョギョウ",0
827,4120001003374,01,1,2026-09-29,2015-10-05,"株式会社高興ビル",00027006,301,"大阪府","大阪市西成区","潮路１丁目９番１号",,27,122,5570052,,,,,,,2015-10-05,0,,,,,"コウコウビル",0
828,4120001003374,21,1,2026-09-29,2025-01-23,"株式会社高興ビル",00027006,301,"大阪府","大阪市西成区","潮路１丁目９番１号",,27,122,5570052,,,2025-01-23,21,,,2015-10-05,0,,,,,"コウコウビル",0
829,4120001003374,22,1,2026-09-29,2026-09-14,"株式会社高興ビル",00027006,301,"大阪府","大阪市西成区","潮路１丁目９番１号",,27,122,5570052,,,,,,,2015-10-05,1,,,,,"コウコウビル",0
830,4120001055060,21,0,2026-09-29,2026-09-24,"ケー・ディー・エンジニアリング株式会社",,301,"大阪府","大阪市淀川区","西中島４丁目７番１８号",,27,123,5320011,,,2026-09-24,01,,,2015-10-05,1,,,,,"ケーディーエンジニアリング",0
831,4120001072725,12,0,2026-09-29,2026-09-28,"エスリード株式会社",,301,"大阪府","大阪市北区","大深町５番５４号",,27,127,5300011,,,,,,,2015-10-05,1,,,,,"エスリード",0
832,4120001079340,21,0,2026-09-29,2026-09-17,"株式会社呉淑路",,301,"大阪府","大阪市中央区","北浜３丁目５番１９号（Ｂ１０１）",,27,128,5410041,,,2026-09-17,01,,,2015-10-05,1,,,,,"ウースンロ",0
833,4120001094538,01,1,2026-09-29,2015-10-05,"株式会社日化工ポリマー",,301,"大阪府","大阪市中央区","釣鐘町１丁目５番７号ニューライフ大手前４０１号",,27,128,5400035,,,,,,,2015-10-05,1,,,,,"ニッカコウポリマー",0
834,4120001274494,12,0,2026-09-29,2026-09-24,"株式会社ｓｈｅｎｔｅ",,301,"大阪府","大阪市北区","中之島６丁目１番３８－２０１７号",,27,127,5300005,,,,,,,2025-04-16,1,,,,,"シェンテ",0
835,4120001275633,12,0,2026-09-29,2026-09-17,"株式会社Ｙｅｄｕｒａ",,301,"大阪府","大阪市淀川区","西中島４丁目７－３深井レインボービル１Ｆ",,27,123,5320011,,,,,,,2025-05-08,1,,,,,"イェドゥラ",0
836,4120003033551,01,0,2026-09-29,2026-09-29,"ＴＫプロダクト合同会社",,305,"大阪府","枚方市","大垣内町１丁目１番１０－２５号",,27,210,5730027,,,,,,,2026-09-29,1,,,,,"ティーケープロダクト",0
837,4120005013345,22,0,2026-09-29,2026-09-14,"特定非営利活動法人友・遊",,399,"大阪府","寝屋川市","本町１６番１１号",,27,215,5720832,,,,,,,2015-10-05,0,,,,,"ユウユウ",0
838,4120005013345,21,0,2026-09-29,2026-09-28,"特定非営利活動法人友・遊",,399,"大阪府","寝屋川市","本町１６番１１号",,27,215,5720832,,,2026-09-28,01,,,2015-10-05,1,,,,,"ユウユウ",0
839,4120005016348,12,0,2026-09-29,2026-09-24,"一般社団法人ｃｈａｒｉｓ",,399,"大阪府","大阪市北区","茶屋町６番２０号",,27,127,5300013,,,,,,,2015-10-05,1,,,,,"カリス",0
840,4120005017404,21,0,2026-09-29,2026-09-25,"税理士法人出入橋会計事務所",,399,"大阪府","大阪市北区","梅田２丁目５番４号",,27,127,5300001,,,2026-09-25,01,,,2015-10-05,1,,,,,"デイリバシカイケイジムショ",0
841,4120101005436,21,0,2026-09-29,2026-09-10,"西尾工業株式会社",,301,"大阪府","堺市堺区","綾之町東１丁３番３１号",,27,141,5900925,,,2026-09-10,01,,,2015-10-05,1,,,,,"ニシオコウギョウ",0
842,4120102027082,01,1,2026-09-29,2015-10-05,"有限会社愛の里",,302,"大阪府","和泉市","府中町４丁目２１番６号レミューイズミ３０１",,27,219,5940071,,,,,,,2015-10-05,0,,,,,"アイノサト",0
843,4120102027082,12,1,2026-09-29,2016-06-29,"有限会社愛の里",,302,"大阪府","和泉市","府中町１丁目２２－３",,27,219,5940071,,,,,,,2015-10-05,1,,,,,"アイノサト",0
844,4120903006417,01,0,2026-09-29,2026-09-29,"ＧＡＤＧＥＴ‐ＬＡＢＯ合同会社",,305,"大阪府","豊中市","東豊中町６丁目１５番３６－１０６号",,27,203,5600003,,,,,,,2026-09-29,1,,,,,"ガジェットラボ",0
845,4122001040934,01,0,2026-09-29,2026-09-29,"Ｔ・Ａ・Ｔ株式会社",,301,"大阪府","八尾市","太田新町７丁目９５番地",,27,212,5810039,,,,,,,2026-09-29,1,,,,,"ティーエーティー",0
846,4122003003427,11,0,2026-09-29,2026-08-31,"株式会社Ｍａｋｅ　Ｕｐ　Ｍ’ｓ",,301,"大阪府","四條畷市","清滝新町２３番８号",,27,229,5750062,,,,,,,2025-12-25,1,,,,,"メイクアップエムズ",0
847,4130001034889,01,1,2026-09-29,2015-10-05,"佐野電機株式会社",,301,"京都府","南丹市","園部町若松町１３０番地の１",,26,213,6220017,,,,,,,2015-10-05,1,,,,,"サノデンキ",0
848,4130001083028,01,0,2026-09-29,2026-09-29,"株式会社啓承",,301,"京都府","京都市伏見区","深草秡川町２５番地６（北側１階）",,26,109,6120013,,,,,,,2026-09-29,1,,,,,,0
849,4130002006689,01,1,2026-09-29,2015-10-05,"有限会社イングリッシュアカデミー",,302,"京都府","京都市下京区","河原町通仏光寺下る富永町３５６番地",,26,106,6008023,,,,,,,2015-10-05,1,,,,,,0
850,4130003011705,01,0,2026-09-29,2026-09-29,"合同会社プライベートエリヤ",,305,"京都府","京都市伏見区","桃山町鍋島１番地５アメニティ桃山４０３",,26,109,6128037,,,,,,,2026-09-29,1,,,,,"プライベートエリヤ",0
851,4140001016663,21,0,2026-09-29,2026-09-18,"株式会社八栄",,301,"兵庫県","神戸市長田区","神楽町２丁目３番２８号",,28,106,6530836,,,2026-09-18,01,,,2015-10-05,1,,,,,"ヤエイ",0
852,4140001052915,01,1,2026-09-29,2015-10-05,"株式会社ビーワン",,301,"兵庫県","尼崎市","大庄川田町４番地の１",,28,202,6600072,,,,,,,2015-10-05,1,,,,,"ビーワン",0
853,4140001081229,01,1,2026-09-29,2015-10-05,"上原建材工業株式会社",,301,"兵庫県","宝塚市","星の荘３０番１２号",,28,214,6650866,,,,,,,2015-10-05,1,,,,,"ウエハラケンザイコウギョウ",0
854,4140001094255,12,0,2026-09-29,2026-09-18,"株式会社三雄",,301,"兵庫県","神戸市中央区","中町通３丁目１番１６号サンビル５０２号",,28,110,6500027,,,,,,,2015-10-05,1,,,,,"サンオウ",0
855,4140001104253,12,0,2026-09-29,2026-09-15,"株式会社ＳＨＩＳ",,301,"兵庫県","神戸市東灘区","深江南町１丁目１６－２０",,28,101,6580022,,,,,,,2016-12-06,1,,,,,"エスエイチアイエス",0
856,4140001127023,21,0,2026-09-29,2026-09-18,"株式会社グランドライン",,301,"兵庫県","西宮市","甲東園１丁目１－６パセオ甲東１Ｆ１１０",,28,204,6620812,,,2026-09-18,01,,,2022-08-10,1,,,,,"グランドライン",0
857,4140001131495,12,0,2026-09-29,2026-09-16,"エヌエスファーマ株式会社",,301,"兵庫県","芦屋市","大桝町６番５号堀萬ビル２階Ｐ－０５号",,28,206,6590066,,,,,,,2023-09-12,1,,,,,"エヌエスファーマ",0
858,4140001144142,01,0,2026-09-29,2026-09-29,"クリーンガード株式会社",,301,"兵庫県","明石市","王子２丁目６番１１号グリーンハイム山口１０６号室",,28,203,6730022,,,,,,,2026-09-29,1,,,,,"クリーンガード",0
859,4140001144167,01,0,2026-09-29,2026-09-29,"株式会社クロスワン",,301,"兵庫県","姫路市","勝原区熊見１２１－１",,28,201,6711211,,,,,,,2026-09-29,1,,,,,"クロスワン",0
860,4140002024401,01,1,2026-09-29,2015-10-05,"有限会社レミア",,302,"兵庫県","芦屋市","東芦屋町１１番１８号",00040759,28,206,6590095,,,,,,,2015-10-05,1,,,,,"レミア",0
861,4140003020928,12,0,2026-09-29,2026-09-24,"合同会社ｓｃｉｕｒｉ",,305,"大阪府","大阪市阿倍野区","北畠２丁目６番１８号グレースヒルズ北畠３０１号",,27,119,5450035,,,,,,,2024-08-09,1,,,,,"シュリ",0
862,4140003024103,01,0,2026-09-29,2026-09-29,"ＫＧｋｏｂｅ合同会社",,305,"兵庫県","神戸市中央区","山本通３丁目６－１３－３０１",,28,110,6500003,,,,,,,2026-09-29,1,,,,,"ケージーコウベ",0
863,4140005021726,01,1,2026-09-29,2015-10-05,"医療法人社団にしはら乳腺クリニック",,399,"兵庫県","姫路市","南町１１番地キャピタルｉ姫路２Ｆ",,28,201,6700912,,,,,,,2015-10-05,1,,,,,"ニシハラニュウセンクリニック",0
864,4160005006064,01,1,2026-09-29,2015-10-05,"経王寺",,399,"滋賀県","蒲生郡日野町","大字西大路２１４１番地",,25,383,5291628,,,,,,,2015-10-05,1,,,,,,0
865,4180001070533,12,0,2026-09-29,2026-09-24,"株式会社ライフワークス",,301,"愛知県","名古屋市東区","東桜１丁目６番３号　ユニーブル栄４０６",,23,102,4610005,,,,,,,2015-10-05,1,,,,,"ライフワークス",0
866,4180001102195,01,1,2026-09-29,2015-10-05,"株式会社ＴＲＹ＆ＴＲＵＳＴ",,301,"愛知県","名古屋市中川区","外新町１丁目１番地",,23,110,4540053,,,,,,,2015-10-05,0,,,,,,0
867,4180001102195,71,1,2026-09-29,2020-03-02,"株式会社ＴＲＹ＆ＴＲＵＳＴ",,301,"愛知県","名古屋市中川区","外新町１丁目１番地",,23,110,4540053,,,,,,"令和２年３月１日名古屋市中川区外新町一丁目１番地ＴＲＹ＆ＴＲＵＳＴホールディングス株式会社（5180001102491）を合併令和２年３月１日名古屋市中川区外新町一丁目１番地株式会社Ｔ＆Ｔプロパティー（2180001102197）を合併",2015-10-05,0,,,,,,0
868,4180001102195,12,1,2026-09-29,2023-09-01,"株式会社ＴＲＹ＆ＴＲＵＳＴ",,301,"愛知県","名古屋市中川区","外新町１丁目２４番地",,23,110,4540053,,,,,,,2015-10-05,1,,,,,,0
869,4180001124082,01,1,2026-09-29,2016-07-14,"株式会社原組",,301,"愛知県","あま市","篠田南長無２６番地１ロイヤルマンション美和１０２号",,23,237,4901211,,,,,,,2016-07-14,1,,,,,"ハラグミ",0
870,4180001131640,12,0,2026-09-29,2026-09-16,"Ｉｂｉｓ株式会社",,301,"愛知県","名古屋市中区","金山１丁目８番２０号シャローナビル３階",,23,106,4600022,,,,,,,2018-03-23,1,,,,,"アイビス",0
871,4180001154047,12,0,2026-09-29,2026-09-08,"株式会社満天",,301,"愛知県","半田市","宮本町３丁目２０９番地２ハイドリーム宮本１０３",,23,205,4750925,,,,,,,2022-12-02,0,,,,,"マンテン",0
872,4180001154047,11,0,2026-09-29,2026-09-08,"株式会社燈環",,301,"愛知県","半田市","宮本町３丁目２０９番地２ハイドリーム宮本１０３",,23,205,4750925,,,,,,,2022-12-02,1,,,,,"トウワ",0
873,4180001156794,12,0,2026-09-29,2026-09-24,"株式会社ｉ．ｂａｓｅ",,301,"愛知県","豊明市","三崎町高鴨７番地１８二階",,23,229,4701126,,,,,,,2023-06-16,1,,,,,"アイベース",0
874,4180001166463,12,0,2026-09-29,2026-09-11,"ＩＥＣＳ株式会社",,301,"愛知県","名古屋市東区","葵２丁目３－５４アーバンハイツ葵２０７号",,23,102,4610004,,,,,,,2025-04-22,1,,,,,"イークス",0
875,4180001173641,01,0,2026-09-29,2026-09-29,"株式会社ｆｉｖｅ　ｔｅｎ",,301,"愛知県","小牧市","大字下末字山畑１５７１－２２２",,23,219,4850825,,,,,,,2026-09-29,1,,,,,"ファイブテン",0
876,4180001173658,01,0,2026-09-29,2026-09-29,"つるまい不動産株式会社",,301,"愛知県","名古屋市中区","千代田３丁目１８番２４号",,23,106,4600012,,,,,,,2026-09-29,1,,,,,"ツルマイフドウサン",0
877,4180001173666,01,0,2026-09-29,2026-09-29,"株式会社ＦｉｒｓｔＭｏｂｉｌｉｔｙ",,301,"愛知県","名古屋市緑区","桃山２丁目１４０番地",,23,114,4580002,,,,,,,2026-09-29,1,,,,,"ファーストモビリティー",0
878,4180002006412,01,1,2026-09-29,2015-10-05,"有限会社嶋製作所",,302,"愛知県","名古屋市港区","当知２丁目８１０番地",,23,111,4550804,,,,,,,2015-10-05,0,,,,,"シマセイサクシヨ",0
879,4180002006412,21,0,2026-09-29,2026-09-24,"有限会社嶋製作所",,302,"愛知県","名古屋市港区","当知２丁目８１０番地",,23,111,4550804,,,2026-09-24,01,,,2015-10-05,1,,,,,"シマセイサクシヨ",0
880,4180003010462,21,0,2026-09-29,2026-09-18,"合同会社旭書店",,305,"愛知県","瀬戸市","菱野台２丁目５９番地",,23,204,4890887,,,2026-09-18,01,,,2015-10-05,1,,,,,"アサヒショテン",0
881,4180003026558,21,0,2026-09-29,2026-09-24,"合同会社南成商会",,305,"愛知県","名古屋市港区","本宮町２丁目３４番地の５",,23,111,4550064,,,2026-09-24,01,,,2024-03-28,1,,,,,"ナンセイショウカイ",0
882,4180003030816,01,0,2026-09-29,2026-09-29,"合同会社ｎａｎｏラボ",,305,"愛知県","知多郡阿久比町","宮津１丁目７８番地",,23,441,4702204,,,,,,,2026-09-29,1,,,,,"ナノラボ",0
883,4180003030832,01,0,2026-09-29,2026-09-29,"ＬｏｏｋＦｏｒｗａｒｄ合同会社",,305,"愛知県","名古屋市千種区","赤坂町３丁目３７",,23,101,4640094,,,,,,,2026-09-29,1,,,,,"ルックフォワード",0
884,4180301011600,01,1,2026-09-29,2015-10-05,"株式会社デイエクス",,301,"愛知県","豊川市","代田町２丁目９番地の１",,23,207,4420841,,,,,,,2015-10-05,1,,,,,"デイエクス",0
885,4180301022812,01,1,2026-09-29,2015-10-05,"株式会社三河リフト",,301,"愛知県","西尾市","楠村町寺前２１番地",,23,213,4440325,,,,,,,2015-10-05,0,,,,,"ミカワリフト",0
886,4180301022812,12,1,2026-09-29,2026-09-09,"株式会社三河リフト",,301,"愛知県","西尾市","巨海町北脇８５番地",,23,213,4440322,,,,,,,2015-10-05,1,,,,,"ミカワリフト",0
887,4180302018099,21,0,2026-09-29,2026-09-11,"有限会社カトレア",,302,"愛知県","刈谷市","桜町５丁目４番地",,23,210,4480028,,,2026-09-11,01,,,2015-10-05,1,,,,,"カトレア",0
888,4180302024097,01,1,2026-09-29,2015-10-05,"有限会社後藤鉄工所",,302,"愛知県","みよし市","打越町三本松１４番地１",,23,236,4700213,,,,,,,2015-10-05,1,,,,,"ゴトウテッコウジョ",0
889,4180305004245,01,1,2026-09-29,2015-10-05,"知禅庵",,399,"愛知県","蒲郡市","豊岡町蓮池１５番地",,23,214,4430011,,,,,,,2015-10-05,1,,,,,"チゼンアン",0
890,4190001010769,21,0,2026-09-29,2026-09-14,"株式会社ＩＳＥ",,301,"三重県","松阪市","小野江町８２０番地１",,24,204,5152109,,,2026-09-14,01,,,2015-10-05,1,,,,,"イセ",0
891,4200001038081,01,1,2026-09-29,2020-12-03,"建峰株式会社",,301,"岐阜県","山県市","大門９１２番地７６",,21,215,5012121,,,,,,,2020-12-03,0,,,,,,0
892,4200001038081,12,1,2026-09-29,2021-08-17,"建峰株式会社",,301,"岐阜県","岐阜市","下尻毛５１６番地１",,21,201,5011146,,,,,,,2020-12-03,0,,,,,,0
893,4200001038081,12,1,2026-09-29,2021-11-04,"建峰株式会社",,301,"岐阜県","岐阜市","下尻毛５１８番地１",,21,201,5011146,,,,,,,2020-12-03,0,,,,,,0
894,4200001038081,11,1,2026-09-29,2025-12-22,"株式会社建峰",,301,"岐阜県","岐阜市","下尻毛５１８番地１",,21,201,5011146,,,,,,,2020-12-03,1,,,,,,0
895,4200003007480,01,0,2026-09-29,2026-09-29,"合同会社アドゴリラ",,305,"岐阜県","多治見市","宝町６丁目６番地の２エーリ日向Ｂ２０１号室",,21,204,5070054,,,,,,,2026-09-29,1,,,,,"アドゴリラ",0
896,4200005003593,01,1,2026-09-29,2015-10-05,"神明神社",,399,"岐阜県","羽島市","小熊町西小熊字三番地所１５０２番地の１",,21,209,5016274,,,,,,,2015-10-05,1,,,,,"シンメイジンジャ",0
897,4200005013923,01,0,2026-09-29,2026-09-29,"一般社団法人つむぎ",,399,"岐阜県","岐阜市","雲竜町１１－１ＡＣハイム１０２",,21,201,5008123,,,,,,,2026-09-29,1,,,,,"ツムギ",0
898,4210001020740,01,0,2026-09-29,2026-09-29,"株式会社監督屋",,301,"福井県","福井市","帆谷町第２８号２番地５１",,18,201,9190324,,,,,,,2026-09-29,1,,,,,"カントクヤ",0
899,4220001020913,01,1,2026-09-29,2016-04-06,"松林研究室株式会社",,301,"石川県","金沢市","片町１丁目１番１号－２０１",,17,201,9200981,,,,,,,2016-04-06,1,,,,,"マツバヤシケンキュウシツ",0
900,4220001027586,01,0,2026-09-29,2026-09-29,"タイ‐シン‐ホームズ株式会社",,301,"石川県","金沢市","並木町２番１０号浅の川ハイム３０４号",,17,201,9200928,,,,,,,2026-09-29,1,,,,,"タイシンホームズ",0
901,4220002016448,01,1,2026-09-29,2015-10-05,"有限会社ファミール不動産",,302,"石川県","河北郡内灘町","字向粟崎１丁目３１７番地",,17,365,9200274,,,,,,,2015-10-05,1,,,,,,0
902,4240001067077,01,0,2026-09-29,2026-09-29,"ＫＩＡＩ株式会社",,301,"広島県","山県郡北広島町","川戸２０２９番地１",,34,369,7311501,,,,,,,2026-09-29,1,,,,,"キアイ",0
903,4250001000524,21,0,2026-09-29,2026-09-25,"株式会社日企都市開発研究所",,301,"山口県","山口市","小郡大江町６番３３号",,35,203,7540015,,,2026-09-25,01,,,2015-10-05,1,,,,,"ニッキトシカイハツケンキュウジョ",0
904,4260001041641,01,0,2026-09-29,2026-09-29,"株式会社エーシーズ",,301,"岡山県","岡山市北区","中央町６番２６号タイムビル麒麟館４０５",,33,101,7000836,,,,,,,2026-09-29,1,,,,,"エーシーズ",0
905,4260002027656,01,1,2026-09-29,2015-10-05,"有限会社アトリエ運送",,302,"岡山県","津山市","加茂町中原１６６番地",,33,203,7093931,,,,,,,2015-10-05,0,,,,,"アトリエウンソウ",0
906,4260002027656,12,1,2026-09-29,2016-03-17,"有限会社アトリエ運送",,302,"岡山県","津山市","加茂町成安６３３番地７",,33,203,7093932,,,,,,,2015-10-05,1,,,,,"アトリエウンソウ",0
907,4270005005708,01,0,2026-09-29,2026-09-29,"プロテリアル労働組合鳥取支部",,399,"鳥取県","鳥取市","南栄町７０番地２",,31,201,6891121,,,,,,,2026-09-29,1,,,,,"プロテリアルトットリシブ",0
908,4280005005921,01,1,2026-09-29,2015-10-05,"医療法人緑国会",,399,"島根県","雲南市","加茂町加茂中１０６１番地１",,32,209,6991106,,,,,,,2015-10-05,1,,,,,"リョクコクカイ",0
909,4290001070324,12,0,2026-09-29,2026-09-18,"株式会社Ｒｏｏｘｙｌ　Ｃｏｎｓｕｌｔｉｎｇ",,301,"神奈川県","横浜市旭区","笹野台３丁目５６番３号",,14,112,2410816,,,,,,,2015-10-05,1,,,,,"ルークシルコンサルティング",0
910,4290001114394,12,0,2026-09-29,2026-09-24,"ルイ・ロブション株式会社",,301,"大阪府","大阪市北区","扇町２丁目１番７号",,27,127,5300025,,,,,,,2026-06-04,1,,,,,"ルイロブション",0
911,4290005020218,01,0,2026-09-29,2026-09-29,"ロワールシティフォレスト室見管理組合法人",,399,"福岡県","福岡市西区","愛宕２丁目１２番２１号",,40,135,8190015,,,,,,,2026-09-29,1,,,,,"ロワールシティフォレストムロミ",0
912,4300001000163,01,1,2026-09-29,2015-10-05,"株式会社観光ホテル千代田館",,301,"佐賀県","佐賀市","高木瀬町大字東高木２１６番地１",,41,201,8490916,,,,,,,2015-10-05,1,,,,,,0
913,4300001010253,01,1,2026-09-29,2016-02-25,"モリタ工芸株式会社",,301,"佐賀県","唐津市","江川町６８５番地１",,41,202,8470853,,,,,,,2016-02-25,1,,,,,,0
914,4330001034662,01,0,2026-09-29,2026-09-29,"工藤建設株式会社",,301,"熊本県","熊本市東区","尾ノ上２丁目２２番１２号",,43,102,8620913,,,,,,,2026-09-29,1,,,,,"クドウケンセツ",0
915,4340005002004,01,1,2026-09-29,2015-10-05,"共栄漁業生産組合",,399,"鹿児島県","日置市","東市来町伊作田１６４６番地４",,46,216,8992203,,,,,,,2015-10-05,0,,,,,"キョウエイギョギョウ",0
916,4340005002004,21,0,2026-09-29,2026-09-25,"共栄漁業生産組合",,399,"鹿児島県","日置市","東市来町伊作田１６４６番地４",,46,216,8992203,,,2026-09-25,01,,,2015-10-05,1,,,,,"キョウエイギョギョウ",0
917,4350001007385,01,1,2026-09-29,2015-10-05,"株式会社一吉",,301,"宮崎県","延岡市","土々呂町５丁目２２３０番地３",,45,203,8890513,,,,,,,2015-10-05,1,,,,,"イチヨシ",0
918,4350005001599,01,1,2026-09-29,2015-10-05,"宮崎県産直住宅事業協同組合",,399,"宮崎県","宮崎市","大淀２丁目５番５号",,45,201,8800902,,,,,,,2015-10-05,1,,,,,"ミヤザキケンサンチョクジュウタク",0
919,4360001037290,01,0,2026-09-29,2026-09-29,"株式会社富士美装工業",,301,"沖縄県","浦添市","字経塚５１４番地１サンパティオ経塚１０１号",,47,208,9012111,,,,,,,2026-09-29,1,,,,,"フジビソウコウギョウ",0
920,4360003014123,12,0,2026-09-29,2026-09-25,"合同会社ＢＩＧＳＨＯＴ",,305,"神奈川県","横浜市西区","北幸２丁目１０番４８号むつみビル３階",,14,103,2200004,,,,,,,2024-07-05,1,,,,,"ビッグショット",0
921,4360003016202,01,0,2026-09-29,2026-09-29,"合同会社琉華",,305,"沖縄県","宮古島市","伊良部字長浜１５８２番地４",,47,214,9060506,,,,,,,2026-09-29,1,,,,,"ルウカ",0
922,4370003007761,01,0,2026-09-29,2026-09-29,"合同会社ＡＲスピード",,305,"宮城県","亘理郡山元町","八手庭字北向９１番１",,04,362,9892207,,,,,,,2026-09-29,1,,,,,"エーアールスピード",0
923,4380001001006,12,0,2026-09-29,2026-09-28,"株式会社同仁社",,301,"福島県","伊達市","伏黒字八反田１番地１",,07,213,9600501,,,,,,,2015-10-05,1,,,,,"ドウジンシャ",0
924,4380001036299,01,0,2026-09-29,2026-09-29,"株式会社Ｆ‐ＬＩＮＥ２５",,301,"福島県","いわき市","田人町旅人字横川４４番地",,07,204,9740152,,,,,,,2026-09-29,1,,,,,"エフラインニジュウゴ",0
925,4410002001819,01,1,2026-09-29,2015-10-05,"有限会社山王インシュアランス",,302,"秋田県","秋田市","泉南３丁目１６番１１号",,05,201,0100918,,,,,,,2015-10-05,1,,,,,"サンノウインシュアランス",0
926,4420002019554,21,0,2026-09-29,2026-09-25,"有限会社柏崎靴店",,302,"青森県","むつ市","柳町１丁目２番１６号",,02,208,0350031,,,2026-09-25,01,,,2015-10-05,1,,,,,"カシワザキクツテン",0
927,4420003003359,01,0,2026-09-29,2026-09-29,"合同会社ＫＮＧ　ｆａｒｍ",,305,"青森県","三戸郡五戸町","大字倉石又重字舘町１３０番地１",,02,442,0391703,,,,,,,2026-09-29,1,,,,,"ケーエヌジーファーム",0
928,4430001095562,12,0,2026-09-29,2026-09-25,"株式会社Ｎ．Ａ　ＴＲＡＤＩＮＧ",,301,"茨城県","坂東市","寺久１０７９番２号",,08,228,3060656,,,,,,,2025-11-04,1,,,,,"エヌエートレーディング",0
929,4450001008571,21,0,2026-09-29,2026-09-24,"オホーツク生コン株式会社",,301,"北海道","稚内市","末広３丁目８番３３号",,01,214,0970001,,,2026-09-24,01,,,2015-10-05,1,,,,,"オホーツクナマコン",0
930,4462502000733,21,0,2026-09-29,2026-09-25,"有限会社丸宝魚津漁業",,302,"北海道","目梨郡羅臼町","八木浜町３３番地３",,01,694,0861841,,,2026-09-25,01,,,2015-10-05,1,,,,,"マルホウウオツギョギョウ",0
931,4470001016085,01,1,2026-09-29,2017-01-20,"株式会社真栄工業",,301,"香川県","丸亀市","塩屋町５丁目８番２０号",,37,202,7630065,,,,,,,2017-01-20,1,,,,,"シンエイコウギョウ",0
932,4470001021440,01,0,2026-09-29,2026-09-29,"株式会社ＶＥＳＴＡ",,301,"香川県","高松市","元山町１２７０番地",,37,201,7610311,,,,,,,2026-09-29,1,,,,,"ベスタ",0
933,4500001027137,01,0,2026-09-29,2026-09-29,"株式会社ＭＧＪ",,301,"愛媛県","松山市","三番町５丁目１３番１０号リパップビル３０１",,38,201,7900003,,,,,,,2026-09-29,1,,,,,,0
934,4500001027145,01,0,2026-09-29,2026-09-29,"株式会社スウィフトエッジ",,301,"愛媛県","西条市","神拝甲５０９番地７",,38,206,7930041,,,,,,,2026-09-29,1,,,,,"スウィフトエッジ",0
935,4700150137245,01,1,2026-09-29,2026-09-02,"南上野自治会",,499,"富山県","小矢部市","石動町４－２０",,16,209,9320053,,,,,,,2026-09-02,1,,,,,"ミナミウワノジチカイ",0
936,4700150137476,01,0,2026-09-29,2026-09-29,"梅若能楽堂研究会",,499,"東京都","稲城市","長峰２丁目３－１４",,13,225,2060821,,,,,,,2026-09-29,1,,,,,"ウメワカノウガクドウケンキュウカイ",0
937,5010001092650,12,0,2026-09-29,2026-09-01,"株式会社ＨＣＩ",,301,"東京都","中央区","日本橋室町１丁目１１番１２号日本橋水野ビル７階",,13,102,1030022,,,,,,,2015-10-05,1,,,,,"エイチシーアイ",0
938,5010001130088,12,0,2026-09-29,2026-09-25,"株式会社プログレスマインド",,301,"東京都","千代田区","飯田橋２丁目１番４号",,13,101,1020072,,,,,,,2015-10-05,1,,,,,"プログレスマインド",0
939,5010001187368,21,0,2026-09-29,2026-09-04,"株式会社ベスト工業",,301,"千葉県","市川市","南八幡３丁目２０－１６－４０５",,12,203,2720023,,,2026-09-04,01,,,2017-11-06,1,,,,,"ベストコウギョウ",0
940,5010001204461,12,0,2026-09-29,2026-09-02,"株式会社ＡＹＵＮＧ",,301,"東京都","中央区","銀座２丁目１１番１号",,13,102,1040061,,,,,,,2019-10-15,1,,,,,"アユン",0
941,5010001206037,12,0,2026-09-29,2026-09-01,"株式会社Ｓａｔｏｓｈｉ　Ｔｏｙｏｄａ　Ｓｏｌｕｔｉｏｎｓ",,301,"東京都","中央区","日本橋室町１丁目１１番１２号日本橋水野ビル７階",,13,102,1030022,,,,,,,2019-12-13,1,,,,,"サトシトヨダソリューションズ",0
942,5010001214931,21,0,2026-09-29,2026-08-31,"セカイエ静岡１株式会社",,301,"東京都","中央区","八丁堀２丁目１０番７号日本瓦斯八丁堀ビル",,13,102,1040032,,,2026-08-31,11,8010001170197,"令和８年８月３０日東京都中央区八丁堀二丁目１０番７号日本瓦斯八丁堀ビルセカイエ株式会社（8010001170197）に合併し解散",2021-01-08,1,,,,,"セカイエシズオカイチ",0
943,5010001222876,01,1,2026-09-29,2021-12-06,"ＭＩＯパーソナル株式会社",,301,"東京都","中央区","銀座７丁目５－４毛利ビル５Ｆ・Ｓ",,13,102,1040061,,,,,,,2021-12-06,0,,,,,"ミオパーソナル",0
944,5010001222876,12,0,2026-09-29,2026-09-17,"ＭＩＯパーソナル株式会社",,301,"千葉県","鎌ケ谷市","東鎌ケ谷２丁目７番９０号",,12,224,2730104,,,,,,,2021-12-06,1,,,,,"ミオパーソナル",0
945,5010001227322,01,1,2026-09-29,2022-06-14,"株式会社ＤｅｌｔａＸ",,301,"東京都","中央区","銀座５丁目１３番１６号ヒューリック銀座イーストビル５階",,13,102,1040061,,,,,,,2022-06-14,0,,,,,"デルタエックス",0
946,5010001227322,12,1,2026-09-29,2022-11-08,"株式会社ＤｅｌｔａＸ",,301,"東京都","港区","虎ノ門４丁目１番１号",,13,103,1050001,,,,,,,2022-06-14,0,,,,,"デルタエックス",0
947,5010001227322,12,1,2026-09-29,2024-04-22,"株式会社ＤｅｌｔａＸ",,301,"東京都","千代田区","内幸町２丁目１番６号",,13,101,1000011,,,,,,,2022-06-14,1,,,,,"デルタエックス",0
948,5010001233320,12,0,2026-09-29,2026-09-18,"株式会社ＦＡＣＴＯ",,301,"神奈川県","横浜市西区","北幸１丁目５番１０号",,14,103,2200004,,,,,,,2023-03-01,1,,,,,"ファクト",0
949,5010001238749,12,0,2026-09-29,2026-08-27,"原力株式会社",,301,"東京都","港区","六本木２丁目１番１９号Ｓ－Ｂｕｉｌｄｉｎｇ３階",,13,103,1060032,,,,,,,2023-09-26,1,,,,,"ゲンリョク",0
950,5010001239441,12,0,2026-09-29,2026-09-25,"株式会社エクフラッシュ",,301,"東京都","台東区","浅草橋５丁目１番１３号シャングリラビル５階",,13,106,1110053,,,,,,,2023-10-19,1,,,,,"エクフラッシュ",0
951,5010001249275,01,1,2026-09-29,2024-10-25,"新星充電技術日本株式会社",,301,"東京都","千代田区","丸の内１丁目４番１号丸の内永楽ビル２６０５号室",,13,101,1000005,,,,,,,2024-10-25,0,,,,,"シンゼイジュウデンギジュツジャパン",0
952,5010001249275,12,1,2026-09-29,2025-04-07,"新星充電技術日本株式会社",,301,"東京都","千代田区","有楽町１丁目１番２号東京ミッドタウン日比谷日比谷三井タワー３３０２号室",,13,101,1000006,,,,,,,2024-10-25,1,,,,,"シンゼイジュウデンギジュツジャパン",0
953,5010001267401,12,0,2026-09-29,2026-09-01,"ＥＮ　Ｃａｐｉｔａｌ　Ｍａｎａｇｅｍｅｎｔ株式会社",,301,"東京都","千代田区","二番町９番３号",,13,101,1020084,,,,,,,2026-07-27,1,,,,,"エンキャピタルマネジメント",0
954,5010002047430,12,0,2026-09-29,2026-09-25,"株式会社ＡＯＢＡコーポレーション",,301,"神奈川県","横浜市都筑区","東山田２丁目１０番３３号",,14,118,2240023,,,,,,,2015-10-05,1,,,,,"アオバコーポレーション",0
955,5010002047554,12,0,2026-09-29,2026-08-27,"有限会社音葉",,302,"東京都","千代田区","神田和泉町１番地６の１５－２Ｆ",,13,101,1010024,,,,,,,2015-10-05,1,,,,,"オトノハ",0
956,5010003052751,01,0,2026-09-29,2026-09-29,"結葉合同会社",,305,"東京都","中央区","日本橋久松町４番３－８０１号",,13,102,1030005,,,,,,,2026-09-29,1,,,,,"ユイハ",0
957,5010003052784,01,0,2026-09-29,2026-09-29,"タクミ合同会社",,305,"東京都","千代田区","丸の内１丁目４番１号東京共同会計事務所内",,13,101,1000005,,,,,,,2026-09-29,1,,,,,"タクミ",0
958,5010005042412,01,0,2026-09-29,2026-09-29,"フォーワン税理士法人",,399,"東京都","千代田区","神田岩本町４番地７－１１階",,13,101,1010033,,,,,,,2026-09-29,1,,,,,"フォーワン",0
959,5010401081294,21,0,2026-09-29,2026-08-27,"アスール株式会社",,301,"東京都","港区","新橋６丁目４番９号",,13,103,1050004,,,2026-08-27,01,,,2015-10-05,1,,,,,"アスール",0
960,5010401090007,01,1,2026-09-29,2015-10-05,"株式会社マインメルク",,301,"東京都","港区","南青山３丁目１８番４号",,13,103,1070062,,,,,,,2015-10-05,1,,,,,"マインメルク",0
961,5010401095559,12,0,2026-09-29,2026-09-24,"株式会社Ｓｏｃｉａｌ　Ｔｒｕｓｔ　Ｄｅｓｉｇｎ",,301,"東京都","港区","港南２丁目１６－２－２８Ｆ",,13,103,1080075,,,,,,,2015-10-05,1,,,,,"ソーシャルトラストデザイン",0
962,5010401102810,12,0,2026-09-29,2026-09-24,"株式会社Ｇｕｎｏｓｙ",,301,"東京都","港区","赤坂２丁目４番６号",,13,103,1070052,,,,,,,2015-10-05,1,"Gunosy Inc.",,,,"グノシー",0
963,5010401139910,12,0,2026-09-29,2026-09-01,"Ｕ　Ｓｈａｒｅ株式会社",,301,"東京都","渋谷区","渋谷２丁目２４－１２渋谷スクランブルスクエア１５階",,13,113,1500002,,,,,,,2018-07-31,1,,,,,"ユーシェア",0
964,5010401157879,12,0,2026-09-29,2026-09-01,"アキュリスファーマ株式会社",,301,"東京都","港区","麻布台１丁目３番１号",,13,103,1060041,,,,,,,2021-01-29,1,,,,,"アキュリスファーマ",0
965,5010401179691,21,0,2026-09-29,2026-09-24,"ＡＩＧＯ株式会社",,301,"東京都","中央区","京橋３丁目３－１３平和ビル３号館３階ＴＨＥ・ＨＵＢ有楽町ＥＡＳＴ３１８号室",,13,102,1040031,,,2026-09-24,01,,,2024-01-31,1,,,,,,0
966,5010401191597,11,0,2026-09-29,2026-08-26,"ＩＸＬＩＯＲ株式会社",,301,"東京都","港区","芝浦２丁目９番１－２７０１号",,13,103,1080023,,,,,,,2025-07-09,1,,,,,"イクスリオール",0
967,5010401202379,01,0,2026-09-29,2026-09-29,"Ｋｏｈａｋｕ株式会社",,301,"東京都","港区","南青山３丁目１番３号スプライン青山東急ビル３階",,13,103,1070062,,,,,,,2026-09-29,1,,,,,"コハク",0
968,5010403028070,21,0,2026-09-29,2026-09-08,"恵満顧問合同会社",,305,"東京都","世田谷区","羽根木２丁目１７番８号（司法書士山口綾乃事務所内）",,13,112,1560042,,,2026-09-08,01,,,2022-07-12,1,,,,,"ケイマンコモン",0
969,5010403039209,01,0,2026-09-29,2026-09-29,"余白のある合同会社",,305,"東京都","港区","六本木６丁目１番２４号",,13,103,1060032,,,,,,,2026-09-29,1,,,,,"ヨハクノアル",0
970,5010501026430,11,0,2026-09-29,2026-09-18,"株式会社ＩＩＤＡ",,301,"東京都","台東区","下谷２丁目２４番２号",,13,106,1100004,,,,,,,2015-10-05,1,,,,,"イイダ",0
971,5010502003973,21,0,2026-09-29,2026-09-25,"有限会社コバヤシ",,302,"東京都","台東区","鳥越２丁目１番１号",,13,106,1110054,,,2026-09-25,01,,,2015-10-05,1,,,,,"コバヤシ",0
972,5010601042856,12,0,2026-09-29,2026-09-18,"株式会社ＳＡ，ＲＡＹ",,301,"東京都","墨田区","東向島５丁目１３番１１号",,13,107,1310032,,,,,,,2015-10-05,1,,,,,"サレイ",0
973,5010601069882,01,0,2026-09-29,2026-09-29,"株式会社ｓｈｏｗ電設",,301,"東京都","江東区","永代１丁目９番２号ケイエススリー２階",,13,108,1350034,,,,,,,2026-09-29,1,,,,,"ショウデンセツ",0
974,5010602022262,01,1,2026-09-29,2015-10-05,"有限会社ダックスホームクリエート",,302,"東京都","墨田区","業平２丁目１８番３号",,13,107,1300002,,,,,,,2015-10-05,1,,,,,"ダックスホームクリエート",0
975,5010603009424,12,0,2026-09-29,2026-09-25,"ディーカンパニー合同会社",,305,"東京都","千代田区","二番町７－１－２０６",,13,101,1020084,,,,,,,2022-03-09,1,,,,,"ディーカンパニー",0
976,5010701035181,21,0,2026-09-29,2026-09-08,"株式会社五反田",,301,"東京都","品川区","平塚１丁目２番１６－１４０２号",,13,109,1420051,,,2026-09-08,01,,,2018-01-16,1,,,,,"ゴタンダ",0
977,5010901054766,12,0,2026-09-29,2026-09-24,"株式会社ぽらりす",,301,"東京都","新宿区","新宿５丁目１番１号ローヤルマンション４０１",,13,104,1600022,,,,,,,2024-02-26,1,,,,,"ポラリス",0
978,5010902011907,01,1,2026-09-29,2015-10-05,"有限会社ハギワラ興産",,302,"東京都","世田谷区","若林３丁目３０番１号",,13,112,1540023,,,,,,,2015-10-05,1,,,,,"ハギワラコウサン",0
979,5010903001774,12,0,2026-09-29,2026-09-25,"株式会社ななごー",,301,"東京都","渋谷区","恵比寿西１丁目３３番６号ＪＰｎｏｉｅ恵比寿西",,13,113,1500021,,,,,,,2015-10-05,1,,,,,"ナナゴー",0
980,5011001007854,01,1,2026-09-29,2015-10-05,"向陽産業株式会社",,301,"東京都","渋谷区","神宮前２丁目３０番２５号",,13,113,1500001,,,,,,,2015-10-05,1,,,,,"コウヨウサンギョウ",0
981,5011001071438,12,0,2026-09-29,2026-09-14,"株式会社ワールドコネクション",,301,"東京都","渋谷区","南平台町２－１３南平台大崎ビル１Ｆ",,13,113,1500036,,,,,,,2015-10-05,1,,,,,"ワールドコネクション",0
982,5011001091832,21,0,2026-09-29,2026-09-14,"ＮＴＭサービス株式会社",,301,"東京都","渋谷区","渋谷３丁目１２番１８号",,13,113,1500002,,,2026-09-14,01,,,2015-10-05,1,,,,,"エヌティーエムサービス",0
983,5011001176617,11,0,2026-09-29,2026-09-10,"株式会社ＣＹＢＲＩＸ　ＷＯＲＫＳ",,301,"東京都","渋谷区","恵比寿西１丁目２９番５号カプリ代官山２０３",,13,113,1500021,,,,,,,2026-04-07,1,,,,,"サイブリックスワークス",0
984,5011001180544,01,0,2026-09-29,2026-09-29,"株式会社リンクアソシエイツ",,301,"東京都","渋谷区","代々木２丁目２３番地１号",,13,113,1510053,,,,,,,2026-09-29,1,,,,,"リンクアソシエイツ",0
985,5011001180552,01,0,2026-09-29,2026-09-29,"株式会社ＴＨＥ　ＬＩＦＥ　ＰＬＡＮ",,301,"東京都","渋谷区","道玄坂１丁目１０番８号渋谷道玄坂東急ビル２Ｆ－Ｃ",,13,113,1500043,,,,,,,2026-09-29,1,,,,,"ザライフプラン",0
986,5011001180676,01,0,2026-09-29,2026-09-29,"株式会社ＡＤＯＲＩ",,301,"東京都","渋谷区","東３丁目２２番８号",,13,113,1500011,,,,,,,2026-09-29,1,,,,,"アドオリ",0
987,5011001180701,01,0,2026-09-29,2026-09-29,"株式会社クレンタ",,301,"東京都","渋谷区","神南１丁目１１―４",,13,113,1500041,,,,,,,2026-09-29,1,,,,,"クレンタ",0
988,5011002028511,01,1,2026-09-29,2015-10-05,"有限会社ＡＬＦ",,302,"東京都","渋谷区","代々木３丁目３７番５号",,13,113,1510053,,,,,,,2015-10-05,0,,,,,,0
989,5011002028511,11,1,2026-09-29,2016-03-01,"株式会社ＡＬＦ",,301,"東京都","渋谷区","代々木３丁目３７番５号",,13,113,1510053,,,,,,,2015-10-05,0,,,,,"エーエルエフ",0
990,5011002028511,12,0,2026-09-29,2026-09-18,"株式会社ＡＬＦ",,301,"東京都","港区","北青山２丁目１２番５号",,13,103,1070061,,,,,,,2015-10-05,1,,,,,"エーエルエフ",0
991,5011003017166,12,0,2026-09-29,2026-09-24,"合同会社コレモ",,305,"東京都","中央区","銀座８丁目１０－５ＤＥＮＳＡＮビルＧ－１４０１５６",,13,102,1040061,,,,,,,2023-07-13,1,,,,,"コレモ",0
992,5011003018255,12,0,2026-09-29,2026-09-24,"合同会社ＥＫ",,305,"東京都","千代田区","神田神保町２丁目３２番地３カーサ神保町４０５室",,13,101,1010051,,,,,,,2024-01-12,1,,,,,"イーケー",0
993,5011003024303,12,0,2026-09-29,2026-09-18,"合同会社ＹＡＷＡＲＡＧＩ",,305,"神奈川県","横浜市西区","浅間町１丁目４番３号ウィザードビル４０２",,14,103,2200072,,,,,,,2026-05-11,1,,,,,"ヤワラギ",0
994,5011003025342,01,0,2026-09-29,2026-09-29,"合同会社ヤガミフードリンク",,305,"東京都","渋谷区","幡ヶ谷２丁目２番２号",,13,113,1510072,,,,,,,2026-09-29,1,,,,,"ヤガミフードリンク",0
995,5011003025350,01,0,2026-09-29,2026-09-29,"合同会社ちゃちゃ丸",,305,"東京都","渋谷区","恵比寿西２丁目４番８号ウィンド恵比寿ビル８Ｆ",,13,113,1500021,,,,,,,2026-09-29,1,,,,,"チャチャマル",0
996,5011003025359,01,0,2026-09-29,2026-09-29,"合同会社ＯＫ",,305,"東京都","渋谷区","道玄坂１丁目１０番８号渋谷道玄坂東急ビル２Ｆ－Ｃ",,13,113,1500043,,,,,,,2026-09-29,1,,,,,"オーケー",0
997,5011005003544,01,1,2026-09-29,2015-10-05,"一般社団法人ＵＹＰａｒｔｎｅｒｓ",,399,"東京都","渋谷区","代々木３丁目８番１－４０１号",,13,113,1510053,,,,,,,2015-10-05,0,,,,,"ユーワイパートナーズ",0
998,5011005003544,12,0,2026-09-29,2026-09-25,"一般社団法人ＵＹＰａｒｔｎｅｒｓ",,399,"東京都","杉並区","天沼２丁目１６番１１号",,13,115,1670032,,,,,,,2015-10-05,1,,,,,"ユーワイパートナーズ",0
999,5011101117553,01,0,2026-09-29,2026-09-29,"株式会社ときいろ",,301,"東京都","新宿区","四谷本塩町３番３号",,13,104,1600003,,,,,,,2026-09-29,1,,,,,"トキイロ",0
1000,5011102002861,21,0,2026-09-29,2026-09-01,"有限会社オムデザイン",,302,"東京都","千代田区","五番町１２番地２－０９１",,13,101,1020076,,,2026-09-01,01,,,2015-10-05,1,,,,,"オムデザイン",0
1001,5011301031835,01,0,2026-09-29,2026-09-29,"Ｊｏｕｒｎｅｙ　Ｌａｂ株式会社",,301,"東京都","杉並区","堀ノ内３丁目５１番２０号",,13,115,1660013,,,,,,,2026-09-29,1,,,,,"ジャーニーラボ",0
1002,5011302001234,01,1,2026-09-29,2015-10-05,"有限会社上野工務店",,302,"東京都","杉並区","高円寺南４丁目１４番６号",,13,115,1660003,,,,,,,2015-10-05,1,,,,,"ウエノコウムテン",0
1003,5011601021635,12,0,2026-09-29,2026-09-10,"タカナリ創設株式会社",,301,"東京都","足立区","綾瀬２丁目４０番１号",,13,121,1200005,,,,,,,2017-03-29,1,,,,,"タカナリソウセツ",0
1004,5011701013433,21,0,2026-09-29,2026-09-18,"株式会社東都よみうり新聞社",,301,"東京都","江戸川区","船堀３丁目７番１１号矢島ビル３０１",,13,123,1340091,,,2026-09-18,01,,,2015-10-05,1,,,,,"トウトヨミウリシンブンシャ",0
1005,5011801002055,12,0,2026-09-29,2026-09-14,"株式会社シゲヤマ",,301,"東京都","葛飾区","東金町８丁目４番１６号",,13,122,1250041,,,,,,,2015-10-05,1,,,,,"シゲヤマ",0
1006,5011801048412,01,0,2026-09-29,2026-09-29,"株式会社クレッセントベース",,301,"東京都","足立区","千住中居町１７－２０マルアイビル６Ｆ－１８号室",,13,121,1200035,,,,,,,2026-09-29,1,,,,,"クレッセントベース",0
1007,5011803007614,01,0,2026-09-29,2026-09-29,"アナログチーク合同会社",,305,"東京都","葛飾区","亀有３丁目１２－５グリーンパーク亀有２０４",,13,122,1250061,,,,,,,2026-09-29,1,,,,,"アナログチーク",0
1008,5012801024972,01,0,2026-09-29,2026-09-29,"ＨＤＧ　ＣＡＲＳ株式会社",,301,"東京都","国分寺市","西恋ヶ窪１丁目４３番地１",,13,214,1850013,,,,,,,2026-09-29,1,,,,,"エイチディージーカーズ",0
1009,5013101010119,01,0,2026-09-29,2026-09-29,"株式会社ＰＥＲＳＥＶＥＲＥ",,301,"東京都","青梅市","二俣尾２丁目７１６番地の１",,13,205,1980171,,,,,,,2026-09-29,1,,,,,"パーシヴィア",0
1010,5013201007964,12,0,2026-09-29,2026-09-14,"株式会社マスターシュ",,301,"東京都","目黒区","目黒本町２丁目７番４号太陽ビル１Ｆ",,13,110,1520002,,,,,,,2015-10-05,1,,,,,"マスターシュ",0
1011,5013301040816,01,1,2026-09-29,2017-07-13,"株式会社フルフロンタル",,301,"東京都","豊島区","東池袋２丁目５番９号加瀬ビル１２２－２１０号",,13,116,1700013,,,,,,,2017-07-13,0,,,,,"フルフロンタル",0
1012,5013301040816,12,1,2026-09-29,2018-03-12,"株式会社フルフロンタル",,301,"東京都","豊島区","池袋２丁目５７番６号ＭＣオフィス池袋西口３０５号",,13,116,1710014,,,,,,,2017-07-13,1,,,,,"フルフロンタル",0
1013,5020001062594,21,0,2026-09-29,2026-09-11,"エイムス株式会社",,301,"神奈川県","横浜市戸塚区","下倉田町１２６９番地",,14,110,2440815,,,2026-09-11,01,,,2015-10-05,1,,,,,"エイムス",0
1014,5020001102425,01,1,2026-09-29,2015-10-05,"株式会社レイライン",,301,"神奈川県","川崎市高津区","下作延２丁目２４番５－２０６号バースシティ溝の口コンフォート",,14,134,2130033,,,,,,,2015-10-05,1,,,,,"レイライン",0
1015,5020001170067,12,0,2026-09-29,2026-09-04,"株式会社ＢＡＢＹ　ＢＬＵＥ",,301,"神奈川県","横浜市瀬谷区","本郷３丁目４６－３、１０１",,14,114,2460015,,,,,,,2026-08-20,1,,,,,"ベイビーブルー",0
1016,5020002053650,01,1,2026-09-29,2015-10-05,"有限会社クレオ",,302,"神奈川県","横浜市港南区","丸山台３丁目２７番２３号",,14,111,2330013,,,,,,,2015-10-05,1,,,,,"クレオ",0
1017,5020003010535,11,0,2026-09-29,2026-08-28,"株式会社ワイケイプランニング",,301,"神奈川県","川崎市高津区","千年２２４番地",,14,134,2130022,,,,,,,2015-10-26,1,,,,,"ワイケイプランニング",0
1018,5020005017421,01,0,2026-09-29,2026-09-29,"特定非営利活動法人ＲＡＩＯＮ",,399,"神奈川県","横浜市栄区","小菅ケ谷３丁目２４番２５号",,14,115,2470007,,,,,,,2026-09-29,1,,,,,,0
1019,5021001012985,12,0,2026-09-29,2026-09-25,"大洋電機株式会社",,301,"東京都","調布市","染地３丁目１番地８１１シティテラス多摩川Ａ２０４",,13,208,1820023,,,,,,,2015-10-05,1,,,,,"タイヨウデンキ",0
1020,5021001016540,12,0,2026-09-29,2026-09-25,"株式会社ＯＳＡ",,301,"東京都","八王子市","川口町４４８－４",,13,201,1930801,,,,,,,2015-10-05,1,,,,,"オーエスエー",0
1021,5021001089215,01,0,2026-09-29,2026-09-29,"株式会社樂蒼緑",,301,"神奈川県","厚木市","岡田２丁目１５番３５号アグレアーブルＩ－２０２",00145077,14,212,2430021,,,,,,,2026-09-29,1,,,,,"ラセン",0
1022,5021005013708,01,0,2026-09-29,2026-09-29,"一般社団法人アップサイクルプランナー協会",,399,"神奈川県","相模原市中央区","東淵野辺４丁目３２番１３号メゾン古淵２０３",,14,152,2520203,,,,,,,2026-09-29,1,,,,,"アップサイクルプランナーキョウカイ",0
1023,5030001026739,01,1,2026-09-29,2015-10-05,"アメニティ・ライフ株式会社",,301,"埼玉県","入間市","鍵山３丁目１番４号３０６",,11,225,3580004,,,,,,,2015-10-05,1,,,,,"アメニティライフ",0
1024,5030001063278,11,0,2026-09-29,2026-09-02,"リスター株式会社",,301,"埼玉県","羽生市","大字北袋５７０番地サンシティイズミＩＩ２０５",00015091,11,216,3480028,,,,,,,2015-10-05,1,,,,,"リスター",0
1025,5030001076404,21,0,2026-09-29,2026-09-10,"トヤマ精密株式会社",,301,"埼玉県","川口市","大字榛松７７２番地",,11,203,3340062,,,2026-09-10,01,,,2015-10-05,1,,,,,"トヤマセイミツ",0
1026,5030001079514,01,1,2026-09-29,2015-10-05,"株式会社メトラン",,301,"埼玉県","川口市","川口２丁目１２番１８号",,11,203,3320015,,,,,,,2015-10-05,0,"Metran Co., Ltd.","Saitama","2-12-18, Kawaguchi, Kawaguchi shi",,"メトラン",0
1027,5030001079514,71,1,2026-09-29,2026-05-25,"株式会社メトラン",,301,"埼玉県","川口市","川口２丁目１２番１８号",,11,203,3320015,,,,,,"令和８年５月１日埼玉県川口市川口二丁目２番３号株式会社レッドポイントエムアイ（2030001133281）を合併",2015-10-05,1,"Metran Co., Ltd.","Saitama","2-12-18, Kawaguchi, Kawaguchi shi",,"メトラン",0
1028,5030001080034,01,1,2026-09-29,2015-10-05,"株式会社エスエスコーポレーション",,301,"埼玉県","川口市","新井町２７番５－４０５号",,11,203,3320005,,,,,,,2015-10-05,0,,,,,"エスエスコーポレーション",0
1029,5030001080034,12,1,2026-09-29,2016-11-04,"株式会社エスエスコーポレーション",,301,"埼玉県","川口市","東領家３丁目３１番７号",,11,203,3320003,,,,,,,2015-10-05,1,,,,,"エスエスコーポレーション",0
1030,5030001135036,12,0,2026-09-29,2026-09-11,"株式会社松尾",,301,"埼玉県","さいたま市北区","東大成町２丁目１１番地３",,11,102,3310814,,,,,,,2020-02-06,1,,,,,"マツオ",0
1031,5030001165784,12,0,2026-09-29,2026-09-09,"富士ｅ聯株式会社",,301,"埼玉県","所沢市","小手指町１丁目６小手指タワーズディアスカイタワー２０２",,11,208,3591141,,,,,,,2025-04-07,1,,,,,"フジイレン",0
1032,5030001174298,01,0,2026-09-29,2026-09-29,"株式会社ｔａｘｉｉｎｇ",,301,"埼玉県","和光市","新倉１丁目２７－１－２１０",,11,229,3510115,,,,,,,2026-09-29,1,,,,,"タキシング",0
1033,5030001174323,01,0,2026-09-29,2026-09-29,"株式会社ｓｊ．ｐｒｉｍｅ",,301,"埼玉県","川口市","西川口３丁目１５番２３号２０１号",,11,203,3320021,,,,,,,2026-09-29,1,,,,,"エスジェープライム",0
1034,5030001174331,01,0,2026-09-29,2026-09-29,"ＢＥＢＥＣＨＡＮ株式会社",,301,"埼玉県","川越市","岸町３丁目１６番地１９",,11,201,3501131,,,,,,,2026-09-29,1,,,,,"ベベチャン",0
1035,5030002055794,01,1,2026-09-29,2015-10-05,"有限会社シーニック",,302,"埼玉県","桶川市","北１丁目１５番６号",,11,231,3630011,,,,,,,2015-10-05,1,,,,,"シーニック",0
1036,5030002082995,01,1,2026-09-29,2015-10-05,"有限会社矢部製作所",,302,"埼玉県","鴻巣市","本町５丁目８番２号",,11,217,3650038,,,,,,,2015-10-05,1,,,,,"ヤベセイサクショ",0
1037,5030003029987,01,0,2026-09-29,2026-09-29,"松浦商事合同会社",,305,"埼玉県","北葛飾郡杉戸町","高野台西１丁目８番地－７高野台ビルパート１－３０６",,11,464,3450045,,,,,,,2026-09-29,1,,,,,"マツウラショウジ",0
1038,5030003029995,01,0,2026-09-29,2026-09-29,"ＢＵＪ合同会社",,305,"埼玉県","久喜市","本町３丁目８番３３－２号",,11,232,3460005,,,,,,,2026-09-29,1,,,,,"ビーユージェイ",0
1039,5030003030012,01,0,2026-09-29,2026-09-29,"ＲＴＥＣＨ合同会社",,305,"埼玉県","さいたま市南区","別所５丁目１５番２号",,11,108,3360021,,,,,,,2026-09-29,1,,,,,"アールテック",0
1040,5040001046463,01,1,2026-09-29,2015-10-05,"株式会社ＡＢ　ＬＡＮＫＡ",,301,"千葉県","千葉市花見川区","柏井町４４８番地２",,12,102,2620041,,,,,,,2015-10-05,1,,,,,,0
1041,5040001096252,01,1,2026-09-29,2016-07-26,"株式会社幸工房",,301,"千葉県","船橋市","駿河台２丁目７番１５号",,12,204,2730862,,,,,,,2016-07-26,1,,,,,"ミユキコウボウ",0
1042,5040001145414,01,0,2026-09-29,2026-09-29,"株式会社ＡＴ　ＲＯＡＤ",,301,"千葉県","鎌ケ谷市","東道野辺４丁目１５番３１号",,12,224,2730115,,,,,,,2026-09-29,1,,,,,"アットロード",0
1043,5040005009838,11,0,2026-09-29,2026-09-25,"ＮＰＯ法人Ｉ．Ｋ．Ｏアカデミー",,399,"大阪府","大阪狭山市","今熊７丁目３３０番地の１（６０１号）",,27,231,5890021,,,,,,,2015-10-05,1,,,,,"アイケーオーアカデミー",0
1044,5070001044522,01,0,2026-09-29,2026-09-29,"株式会社アポロフィルム",,301,"群馬県","伊勢崎市","宮前町６７番地マーズ伊勢崎Ａ棟２Ｂ",,10,204,3720026,,,,,,,2026-09-29,1,,,,,"アポロフィルム",0
1045,5070001044530,01,0,2026-09-29,2026-09-29,"株式会社トゥモローステッド",,301,"群馬県","前橋市","総社町総社１７３２－１",,10,201,3710852,,,,,,,2026-09-29,1,,,,,"トゥモローステッド",0
1046,5080401015460,01,1,2026-09-29,2015-10-05,"株式会社ヒートプランニング",,301,"静岡県","御前崎市","池新田５４８９番地の１",,22,223,4371612,,,,,,,2015-10-05,1,,,,,"ヒートプランニング",0
1047,5090003003128,01,0,2026-09-29,2026-09-29,"合同会社ＫＹ",,305,"山梨県","都留市","十日市場８５６番地３１号",,19,204,4020031,,,,,,,2026-09-29,1,,,,,"ケーワイ",0
1048,5100005013544,01,0,2026-09-29,2026-09-29,"特定非営利活動法人ＢＡＮＳＯＵ",,399,"長野県","長野市","大字北長池２３７番地",,20,201,3810025,,,,,,,2026-09-29,1,,,,,"バンソウ",0
1049,5110005006992,01,1,2026-09-29,2015-10-05,"十二神社",,399,"新潟県","柏崎市","大字小黒須８１５番地",,15,205,9450211,,,,,,,2015-10-05,1,,,,,"ジュウニジンジャ",0
1050,5120001008166,01,1,2026-09-29,2015-10-05,"株式会社ドリーム",,301,"大阪府","大阪市都島区","高倉町３丁目１２番１２号",,27,102,5340011,,,,,,,2015-10-05,1,,,,,"ドリーム",0
1051,5120001159562,01,1,2026-09-29,2015-10-05,"勇信運輸株式会社",,301,"大阪府","門真市","一番町１０番６－２０４号",,27,223,5710033,,,,,,,2015-10-05,1,,,,,"ユウシンウンユ",0
1052,5120001286514,12,0,2026-09-29,2026-09-25,"株式会社ＭＯＮＳＴＥＲ",,301,"沖縄県","那覇市","久茂地３丁目２６番３２号ＹＳＣビル２０２",,47,201,9000015,,,,,,,2026-05-20,1,,,,,"モンスター",0
1053,5120001289319,01,0,2026-09-29,2026-09-29,"英和株式会社",,301,"大阪府","大阪市西淀川区","歌島１丁目２４番１６号",,27,113,5550021,,,,,,,2026-09-29,1,,,,,"エイワ",0
1054,5120001289335,01,0,2026-09-29,2026-09-29,"株式会社ミチル",,301,"大阪府","大阪市中央区","内本町１丁目１－６内本町Ｂ＆Ｍビル６階ＢｕｓｉｎｅｓｓＣｅｎｔｅｒ内",,27,128,5400026,,,,,,,2026-09-29,1,,,,,"ミチル",0
1055,5120002022570,12,0,2026-09-29,2026-09-09,"有限会社呑城",,302,"大阪府","大阪市浪速区","下寺３丁目６－６",,27,111,5560001,,,,,,,2015-10-05,1,,,,,,0
1056,5120002070396,21,0,2026-09-29,2026-09-25,"有限会社ケイグッド",,302,"大阪府","大阪市都島区","善源寺町２丁目２番２－１２０１号",,27,102,5340015,,,2026-09-25,01,,,2015-10-05,1,,,,,"ケイグッド",0
1057,5120003028154,12,0,2026-09-29,2026-09-24,"合同会社Ｂｒａｎｄｉｎｇ",,305,"大阪府","大阪市阿倍野区","北畠２丁目６番１８号グレースヒルズ北畠３０１号",,27,119,5450035,,,,,,,2025-01-06,1,,,,,"ブランディング",0
1058,5120003033518,01,0,2026-09-29,2026-09-29,"合同会社Ｇｅｎｉｕｓ",,305,"大阪府","大阪市阿倍野区","帝塚山１丁目１８－２４帝塚山シャトー２０６号",00145084,27,119,5450037,,,,,,,2026-09-29,1,,,,,"ジーニアス",0
1059,5120005014078,01,1,2026-09-29,2015-10-05,"医療法人綾川歯科診療所",,399,"大阪府","門真市","本町９番１６号西三荘松原ハイツ１Ｆ",,27,223,5710046,,,,,,,2015-10-05,1,,,,,"アヤカワシカシンリョウジョ",0
1060,5120005019333,12,0,2026-09-29,2026-09-15,"一般社団法人日本キックボクシングフィットネス協会",,399,"大阪府","大阪市中央区","島町２丁目４番１２",,27,128,5400034,,,,,,,2017-03-07,1,,,,,"ニホンキックボクシングフィットネスキョウカイ",0
1061,5120101056791,22,0,2026-09-29,2026-09-11,"株式会社Ｇｒａｎｄｅｕｒ",,301,"大阪府","堺市北区","北花田町４丁９１番地４",,27,146,5918002,,,,,,,2017-07-11,1,,,,,"グランドール",0
1062,5120102002241,01,1,2026-09-29,2015-10-05,"有限会社真栄純建設",,302,"大阪府","堺市西区","平岡町１８５番地の１２ノバカネイチ津久野台１００５号",,27,144,5938307,,,,,,,2015-10-05,1,,,,,"シンエイジュンケンセツ",0
1063,5120902011499,01,1,2026-09-29,2015-10-05,"有限会社山正",,302,"大阪府","高槻市","淀の原町５４番１５号",,27,207,5690001,,,,,,,2015-10-05,0,,,,,"ヤマセイ",0
1064,5120902011499,12,1,2026-09-29,2026-09-17,"有限会社山正",,302,"大阪府","高槻市","南松原町１０番１５号",,27,207,5690085,,,,,,,2015-10-05,1,,,,,"ヤマセイ",0
1065,5120905001670,01,1,2026-09-29,2015-10-05,"正覚寺",,399,"大阪府","摂津市","千里丘東４丁目５番１３号",,27,224,5660011,,,,,,,2015-10-05,1,,,,,"ショウカクジ",0
1066,5122002015240,01,1,2026-09-29,2015-10-05,"有限会社アマノ",,302,"大阪府","柏原市","田辺１丁目９番７号",,27,221,5820024,,,,,,,2015-10-05,1,,,,,"アマノ",0
1067,5130001026712,21,0,2026-09-29,2026-09-18,"グッディポイント株式会社",,301,"京都府","京都市中京区","烏丸通御池下る虎屋町５６６－１井門明治安田生命ビル",,26,104,6048171,,,2026-09-18,11,3130001022300,"令和８年９月１日京都市中京区烏丸通御池下る虎屋町５６６－１井門明治安田生命ビル株式会社フェイス（3130001022300）に合併し解散",2015-10-05,1,,,,,"グッディポイント",0
1068,5130001029863,01,1,2026-09-29,2015-10-05,"旭産建株式会社",,301,"京都府","向日市","森本町石田２０番地の１",,26,208,6170003,,,,,,,2015-10-05,1,,,,,,0
1069,5130001083101,01,0,2026-09-29,2026-09-29,"株式会社ＡＤＶＥＮＴ",,301,"京都府","京都市左京区","一乗寺南大丸町１１ポルト・ボヌール２０３",,26,103,6068186,,,,,,,2026-09-29,1,,,,,"アドベント",0
1070,5130002026983,01,1,2026-09-29,2015-10-05,"有限会社村田組",,302,"京都府","宇治市","白川川上り谷８０番地１６",,26,204,6110022,,,,,,,2015-10-05,0,,,,,"ムラタグミ",0
1071,5130002026983,12,1,2026-09-29,2026-09-09,"有限会社村田組",,302,"京都府","宇治市","白川川下８番地",,26,204,6110022,,,,,,,2015-10-05,1,,,,,"ムラタグミ",0
1072,5130005017781,01,0,2026-09-29,2026-09-29,"一般社団法人Ｎｅｕｒｏａｅｓｔｈｅｔｉｃｓ　Ｌａｂ",,399,"京都府","京都市左京区","吉田橘町３２番地",,26,103,6068303,,,,,,,2026-09-29,1,,,,,"ニューロエステティクス",0
1073,5140001085311,22,0,2026-09-29,2026-09-11,"金宝丸冷蔵株式会社",,301,"兵庫県","淡路市","育波字西地５７１番地",,28,226,6561602,,,,,,,2015-10-05,1,,,,,"キンポウマルレイゾウ",0
1074,5140001095772,12,0,2026-09-29,2026-09-18,"株式会社神光",,301,"兵庫県","神戸市中央区","中町通３丁目１番１６号サンビル５０２号",,28,110,6500027,,,,,,,2015-10-05,1,,,,,"シンコウ",0
1075,5140001104293,12,0,2026-09-29,2026-09-17,"株式会社ならはら住宅設備",,301,"兵庫県","神戸市北区","星和台６丁目４番地の１",,28,109,6511121,,,,,,,2016-12-09,1,,,,,"ナラハラジュウタクセツビ",0
1076,5140001128945,12,0,2026-09-29,2026-09-18,"株式会社月見山総合研究所",,301,"東京都","新宿区","百人町１丁目２４番２２号宝月荘３号室",,13,104,1690073,,,,,,,2023-01-31,1,,,,,"ツキミヤマソウゴウケンキュウショ",0
1077,5140001130091,12,0,2026-09-29,2026-09-14,"株式会社ＢＬＵＥＷＡＶＥ",,301,"兵庫県","西宮市","西宮浜２丁目４２番地",,28,204,6620934,,,,,,,2023-05-08,1,,,,,"ブルーウェーブ",0
1078,5140001139876,12,0,2026-09-29,2026-09-18,"ＭＡＲＩＮＯ株式会社",,301,"兵庫県","姫路市","御国野町深志野４８番地１６",,28,201,6710231,,,,,,,2025-09-04,1,,,,,"マリノ",0
1079,5140001144125,01,0,2026-09-29,2026-09-29,"株式会社ミズイル",,301,"兵庫県","神戸市東灘区","岡本１丁目６番１号印綬産業ビル２Ｆ",,28,101,6580072,,,,,,,2026-09-29,1,,,,,"ミズイル",0
1080,5140001144141,01,0,2026-09-29,2026-09-29,"エクラリラ株式会社",,301,"兵庫県","川西市","けやき坂２丁目６４番地の８",,28,217,6660145,,,,,,,2026-09-29,1,,,,,"エクラリラ",0
1081,5140002008106,12,0,2026-09-29,2026-09-18,"有限会社丸富",,302,"兵庫県","神戸市中央区","中町通３丁目１番１６号サンビル５０２号",,28,110,6500027,,,,,,,2015-10-05,1,,,,,"マルトミ",0
1082,5140002015911,21,0,2026-09-29,2026-09-16,"有限会社ボントン",,302,"兵庫県","神戸市東灘区","魚崎南町３丁目８番２０－４０１号",,28,101,6580025,,,2026-09-16,01,,,2015-10-05,1,,,,,"ボントン",0
1083,5140002033335,01,1,2026-09-29,2015-10-05,"有限会社山本製麺所",,302,"兵庫県","佐用郡佐用町","廣山５８",,28,501,6795141,,,,,,,2015-10-05,1,,,,,"ヤマモトセイメンジョ",0
1084,5140003024028,12,0,2026-09-29,2026-09-18,"ｍａｎａ　ｃａｒｅ合同会社",,305,"兵庫県","西宮市","戸田町２－１",,28,204,6620916,,,,,,,2026-08-26,1,,,,,"マナケア",0
1085,5140003024119,01,0,2026-09-29,2026-09-29,"Ｅｃｏ　Ｅｎａｇｉａ水戸合同会社",,305,"兵庫県","姫路市","白浜町宇佐崎南１丁目５４番地２",,28,201,6728022,,,,,,,2026-09-29,1,,,,,"エコエナジアミト",0
1086,5150002008666,21,0,2026-09-29,2026-09-18,"アーキ有限会社",,302,"奈良県","北葛城郡広陵町","馬見南３丁目１１番２５号",,29,426,6350833,,,2026-09-18,01,,,2015-10-05,1,,,,,"アーキ",0
1087,5170001001216,21,0,2026-09-29,2026-09-17,"株式会社越後屋",,301,"和歌山県","和歌山市","新在家１２１番地の１",,30,201,6408345,,,2026-09-17,01,,,2015-10-05,1,,,,,"エチゴヤ",0
1088,5180001041310,21,0,2026-09-29,2026-09-24,"株式会社メイク",,301,"愛知県","名古屋市中区","栄４丁目１５番２３号",,23,106,4600008,,,2026-09-24,01,,,2015-10-05,1,,,,,"メイク",0
1089,5180001089085,12,0,2026-09-29,2026-09-17,"株式会社トワザノ",,301,"愛知県","名古屋市西区","名駅２丁目１４番１１号オープンレジデンシア名古屋駅ＴＨＥＣＯＵＲＴ８０１号",,23,104,4510045,,,,,,,2015-10-05,1,,,,,"トワザノ",0
1090,5180001141936,12,0,2026-09-29,2026-09-24,"天音株式会社",,301,"愛知県","名古屋市天白区","天白町大字野並字上大塚１２３番地１",,23,116,4680037,,,,,,,2020-07-08,1,,,,,"アマネ",0
1091,5180001149285,12,0,2026-09-29,2026-09-18,"株式会社東海リアルティ",,301,"愛知県","名古屋市東区","東桜１丁目４番３２号ダイアパレス栄公園６０２号",,23,102,4610005,,,,,,,2022-01-04,1,,,,,"トウカイリアルティ",0
1092,5180001150152,12,0,2026-09-29,2026-09-04,"株式会社Ｄ．ｖａｌ",,301,"愛知県","名古屋市中区","葵１丁目２３番１４号プロト葵ビル２階",,23,106,4600006,,,,,,,2022-02-28,1,,,,,"ディーバル",0
1093,5180001165720,12,0,2026-09-29,2026-09-11,"株式会社ＮａｎｏＡｃｔ",,301,"愛知県","名古屋市中区","丸の内２丁目１９－３２パインツリー丸の内",,23,106,4600002,,,,,,,2025-03-06,1,,,,,"ナノアクト",0
1094,5180002061951,12,0,2026-09-29,2026-09-24,"有限会社伊東商店",,302,"愛知県","日進市","赤池町箕ノ手２番地１４７",,23,230,4700126,,,,,,,2015-10-05,1,,,,,"イトウショウテン",0
1095,5180002064789,12,0,2026-09-29,2026-09-24,"アシステート有限会社",,302,"愛知県","名古屋市天白区","天白町大字野並字上大塚１２３番地１",,23,116,4680037,,,,,,,2015-10-05,1,,,,,"アシステート",0
1096,5180002070721,12,0,2026-09-29,2026-09-25,"有限会社ノースヒル",,302,"愛知県","春日井市","神領町２丁目１番地１７",,23,206,4860821,,,,,,,2015-10-05,1,,,,,,0
1097,5180005019914,21,0,2026-09-29,2026-09-07,"一般社団法人キッカケキカク",,399,"愛知県","稲沢市","奥田大門町１４４番地",,23,220,4928226,,,2026-09-07,01,,,2022-09-05,1,,,,,"キッカケキカク",0
1098,5180005020797,12,0,2026-09-29,2026-09-15,"一般社団法人いけばな心月",,399,"愛知県","名古屋市中区","正木４丁目２番３０号第３フクマルビル５Ｂ号室",,23,106,4600024,,,,,,,2024-10-08,1,,,,,"イケバナシンゲツ",0
1099,5180301033973,12,0,2026-09-29,2026-09-15,"株式会社東海ハウス豊橋",,301,"愛知県","豊橋市","下地町字柳目２７番地",,23,201,4400083,,,,,,,2020-08-12,1,,,,,"トウカイハウストヨハシ",0
1100,5180301036893,12,0,2026-09-29,2026-09-09,"株式会社岡田ビル",,301,"愛知県","豊橋市","牟呂市場町２番地７",,23,201,4418088,,,,,,,2022-12-08,1,,,,,"オカダビル",0
1101,5180301041373,01,0,2026-09-29,2026-09-29,"株式会社Ｅｎ",,301,"愛知県","豊橋市","往完町字郷社東９７番地",,23,201,4418082,,,,,,,2026-09-29,1,,,,,"エン",0
1102,5180302017190,01,1,2026-09-29,2015-10-05,"有限会社ヘアーサロンスズラン",,302,"愛知県","安城市","朝日町１９番８号",,23,212,4460031,,,,,,,2015-10-05,1,,,,,"ヘアーサロンスズラン",0
1103,5180305004203,01,1,2026-09-29,2015-10-05,"光林寺",,399,"愛知県","蒲郡市","豊岡町蓮池６６番地",,23,214,4430011,,,,,,,2015-10-05,1,,,,,"コウリンジ",0
1104,5190005011218,21,0,2026-09-29,2026-09-18,"一般社団法人ディアマン",,399,"三重県","松阪市","春日町１丁目１４９番地",,24,204,5150078,,,2026-09-18,01,,,2018-07-26,1,,,,,"ディアマン",0
1105,5200001014156,01,1,2026-09-29,2015-10-05,"ピーアイシステム株式会社",,301,"岐阜県","大垣市","久徳町１００番地",,21,202,5030982,,,,,,,2015-10-05,1,,,,,"ピーアイシステム",0
1106,5200001045507,01,0,2026-09-29,2026-09-29,"ＭＨホールディングス株式会社",,301,"岐阜県","岐阜市","北一色１０丁目３６番１４号",,21,201,5008227,,,,,,,2026-09-29,1,,,,,"エムエイチホールディングス",0
1107,5220001027585,01,0,2026-09-29,2026-09-29,"ミトピックビジョン株式会社",,301,"石川県","金沢市","玉鉾２丁目１４３番地",,17,201,9218002,,,,,,,2026-09-29,1,,,,,"ミトピックビジョン",0
1108,5230001011621,01,1,2026-09-29,2015-10-05,"株式会社富山フアツシヨン",,301,"富山県","氷見市","田江１６１番地２",,16,205,9350256,,,,,,,2015-10-05,1,,,,,"トヤマファッション",0
1109,5240001059288,11,0,2026-09-29,2026-09-16,"株式会社ＭＬＣ",,301,"広島県","福山市","沼隈町大字草深１９３４番地６",,34,207,7200311,,,,,,,2022-02-10,1,,,,,"エムエルシー",0
1110,5240005016178,01,0,2026-09-29,2026-09-29,"特定非営利活動法人ＨｅａｒｔＢｅａｔｓ",,399,"広島県","廿日市市","宮浜温泉１丁目４番３６号",,34,213,7390454,,,,,,,2026-09-29,1,,,,,"ハートビーツ",0
1111,5260001041640,01,0,2026-09-29,2026-09-29,"株式会社ＦＯＯＤ＆ＤＥＶＥＬＯＰＭＥＮＴＣＯＭＰＡＮＹ",,301,"岡山県","岡山市中区","原尾島８６７番地１エテルノカーサＡ２０１",,33,102,7038235,,,,,,,2026-09-29,1,,,,,"フードアンドデベロップメントカンパニー",0
1112,5260005011664,01,0,2026-09-29,2026-09-29,"一般社団法人桧文化推進協会",,399,"岡山県","久米郡美咲町","江与味１１３３番地",,33,666,7093415,,,,,,,2026-09-29,1,,,,,"ヒノキブンカスイシンキョウカイ",0
1113,5280002002029,21,0,2026-09-29,2026-09-24,"有限会社豊米本店",,302,"島根県","松江市","東本町３丁目５９番地",,32,201,6900842,,,2026-09-24,01,,,2015-10-05,1,,,,,"ホウベイホンテン",0
1114,5280002010997,21,0,2026-09-29,2026-09-18,"有限会社フアミリーレストランいりふね",,302,"島根県","隠岐郡隠岐の島町","中町目貫の四・５４番地２",,32,528,6850013,,,2026-09-18,01,,,2015-10-05,1,,,,,"ファミリーレストランイリフネ",0
1115,5290001115540,01,0,2026-09-29,2026-09-29,"株式会社瑞輝",,301,"福岡県","糟屋郡新宮町","杜の宮２丁目１１番８号",,40,345,8110122,,,,,,,2026-09-29,1,,,,,"ミズキ",0
1116,5290001115581,01,0,2026-09-29,2026-09-29,"株式会社古屋敷秋本企画",,301,"福岡県","福岡市城南区","別府２丁目１４番３号",,40,136,8140104,,,,,,,2026-09-29,1,,,,,"フルヤシキアキモトキカク",0
1117,5290001115598,01,0,2026-09-29,2026-09-29,"株式会社ＫＵＲＯＫＩ",,301,"福岡県","朝倉市","甘木２２１５番地７１",,40,228,8380068,,,,,,,2026-09-29,1,,,,,"クロキ",0
1118,5300001014245,01,1,2026-09-29,2025-06-25,"株式会社ファームダイレクト",,301,"佐賀県","佐賀市","高木瀬西６丁目７番８号",,41,201,8490921,,,,,,,2025-06-25,1,,,,,,0
1119,5300001014757,01,0,2026-09-29,2026-09-29,"株式会社大和",,301,"佐賀県","唐津市","半田５７８０番地２",,41,202,8470023,,,,,,,2026-09-29,1,,,,,"ヤマト",0
1120,5310002000219,01,1,2026-09-29,2015-10-05,"アトラススポーツ医療有限会社",,302,"長崎県","長崎市","小峰町１４番３号",,42,201,8528125,,,,,,,2015-10-05,1,,,,,"アトラススポーツイリョウ",0
1121,5320003000828,01,1,2026-09-29,2015-10-05,"合同会社佐藤開発",,305,"大分県","別府市","大字鉄輪１１７７番地の２",,44,202,8740000,,,,,,,2015-10-05,0,,,,,"サトウカイハツ",0
1122,5320003000828,12,1,2026-09-29,2026-09-15,"合同会社佐藤開発",,305,"大分県","大分市","西新地２丁目３番２６号",,44,201,8700901,,,,,,,2015-10-05,1,,,,,"サトウカイハツ",0
1123,5320005009578,21,0,2026-09-29,2026-09-17,"一般社団法人絆",,399,"大分県","大分市","高城西町３２番３６号",,44,201,8700154,,,2026-09-17,01,,,2018-04-13,1,,,,,"キズナ",0
1124,5330001017096,11,0,2026-09-29,2026-09-11,"株式会社Ｈａｐｐｙ　Ｓｕｒｐｒｉｓｅ",,301,"熊本県","球磨郡山江村","大字山田乙２５２１番地２３",,43,512,8680092,,,,,,,2015-10-05,1,,,,,"ハッピーサプライズ",0
1125,5330002004960,01,1,2026-09-29,2015-10-05,"有限会社システムサポート",,302,"熊本県","熊本市中央区","新市街１３番１９号",,43,101,8600803,,,,,,,2015-10-05,0,,,,,"システムサポート",0
1126,5330002004960,12,1,2026-09-29,2026-09-18,"有限会社システムサポート",,302,"熊本県","熊本市中央区","水前寺１丁目２７番９号",,43,101,8620950,,,,,,,2015-10-05,1,,,,,"システムサポート",0
1127,5360001023645,01,1,2026-09-29,2018-03-07,"リンクライフ株式会社",,301,"沖縄県","那覇市","銘苅１丁目１９番３３号",,47,201,9000004,,,,,,,2018-03-07,1,,,,,"リンクライフ",0
1128,5360001027522,12,0,2026-09-29,2026-09-25,"天樂株式会社",,301,"福岡県","福岡市博多区","吉塚４丁目１０番１８号",,40,132,8120041,,,,,,,2020-08-13,1,,,,,"テンラク",0
1129,5360003016192,01,0,2026-09-29,2026-09-29,"やすだ不動産合同会社",,305,"沖縄県","中頭郡北谷町","字桃原１４番地４",,47,326,9040104,,,,,,,2026-09-29,1,,,,,"ヤスダフドウサン",0
1130,5370305000934,21,0,2026-09-29,2026-09-08,"特定非営利活動法人石巻茗荷村",,399,"宮城県","東松島市","大塩字緑ケ丘三丁目１５番地４",,04,214,9810505,,,2026-09-08,01,,,2015-10-05,1,,,,,"イシノマキミョウガムラ",0
1131,5410003001461,01,1,2026-09-29,2015-10-05,"合資会社小畑電気商会",,304,"秋田県","北秋田市","材木町６番２６号",,05,213,0183311,,,,,,,2015-10-05,0,,,,,,0
1132,5410003001461,11,1,2026-09-29,2017-07-03,"株式会社小畑電気商会",,301,"秋田県","北秋田市","材木町６番２６号",,05,213,0183311,,,,,,,2015-10-05,1,,,,,"オバタデンキショウカイ",0
1133,5410005004041,01,1,2026-09-29,2015-10-05,"公益社団法人青少年育成秋田県民会議",,399,"秋田県","秋田市","山王４丁目１番１号",,05,201,0100951,,,,,,,2015-10-05,0,,,,,"セイショウネンイクセイアキタケンミンカイギ",0
1134,5410005004041,11,1,2026-09-29,2025-04-02,"一般社団法人青少年育成秋田県民会議",,399,"秋田県","秋田市","山王４丁目１番１号",,05,201,0100951,,,,,,,2015-10-05,1,,,,,"セイショウネンイクセイアキタケンミンカイギ",0
1135,5420002003185,21,0,2026-09-29,2026-09-25,"有限会社玲華苑",,302,"青森県","青森市","松森１丁目１３番４号",,02,201,0300965,,,2026-09-25,01,,,2015-10-05,1,,,,,"レイカエン",0
1136,5420002011766,01,1,2026-09-29,2015-10-05,"有限会社鎌田板金工業",,302,"青森県","つがる市","車力町乗鞍１０番地",,02,209,0383303,,,,,,,2015-10-05,1,,,,,"カマタバンキンコウギョウ",0
1137,5420005002457,01,1,2026-09-29,2015-10-05,"一般社団法人青森県工業会",,399,"青森県","青森市","新町２丁目４番１号",,02,201,0300801,,,,,,,2015-10-05,0,,,,,,0
1138,5420005002457,12,1,2026-09-29,2026-05-19,"一般社団法人青森県工業会",,399,"青森県","青森市","新町２丁目８番２６号県火災あおもりビル５階",,02,201,0300801,,,,,,,2015-10-05,1,,,,,,0
1139,5430001009249,01,1,2026-09-29,2015-10-05,"暖衛設備工業株式会社",,301,"北海道","札幌市東区","北四十条東１６丁目２番１６号",,01,103,0070840,,,,,,,2015-10-05,1,,,,,"ダンエイセツビコウギョウ",0
1140,5430001071629,21,0,2026-09-29,2026-09-25,"株式会社瀬戸工業",,301,"北海道","札幌市中央区","南十条西１３丁目３番４号",,01,101,0640810,,,2026-09-25,01,,,2016-05-24,1,,,,,"セトコウギョウ",0
1141,5430003017101,11,0,2026-09-29,2026-08-25,"株式会社優助ＧＲＯＵＰ",,301,"北海道","札幌市手稲区","西宮の沢五条１丁目２０番１６号",,01,109,0060005,,,,,,,2024-12-25,1,,,,,"ユウスケグループ",0
1142,5430003017571,12,0,2026-09-29,2026-09-25,"ＨＣ　Ｓｅｒｖｉｃｅｓ合同会社",,305,"北海道","磯谷郡蘭越町","蘭越町２１９番地３",,01,394,0481301,,,,,,,2025-04-23,1,,,,,"エイチシーサービシーズ",0
1143,5430003018941,12,0,2026-09-29,2026-09-25,"合同会社Ｕｌｔシステム",,305,"北海道","札幌市中央区","北一条西３丁目３－３３－３０２号",,01,101,0600001,,,,,,,2026-05-15,1,,,,,"ウルトシステム",0
1144,5460301004194,01,1,2026-09-29,2015-10-05,"株式会社メディカルＫ",,301,"北海道","北見市","高栄西町９丁目２番２４号",,01,208,0900058,,,,,,,2015-10-05,0,,,,,"メディカルケー",0
1145,5460301004194,12,1,2026-09-29,2021-10-08,"株式会社メディカルＫ",,301,"北海道","紋別郡遠軽町","大通南２丁目１番地５５",,01,555,0990416,,,,,,,2015-10-05,1,,,,,"メディカルケー",0
1146,5460302000250,01,1,2026-09-29,2015-10-05,"有限会社おおつか薬局",,302,"北海道","北見市","美芳町４丁目５番１９号",,01,208,0900064,,,,,,,2015-10-05,0,,,,,"オオツカヤッキョク",0
1147,5460302000250,21,1,2026-09-29,2025-04-30,"有限会社おおつか薬局",,302,"北海道","北見市","美芳町４丁目５番１９号",,01,208,0900064,,,2025-04-30,01,,,2015-10-05,0,,,,,"オオツカヤッキョク",0
1148,5460302000250,22,1,2026-09-29,2026-07-01,"有限会社おおつか薬局",,302,"北海道","北見市","美芳町４丁目５番１９号",,01,208,0900064,,,,,,,2015-10-05,0,,,,,"オオツカヤッキョク",0
1149,5460302000250,21,0,2026-09-29,2026-09-24,"有限会社おおつか薬局",,302,"北海道","北見市","美芳町４丁目５番１９号",,01,208,0900064,,,2026-09-24,01,,,2015-10-05,1,,,,,"オオツカヤッキョク",0
1150,5480001012438,12,0,2026-09-29,2026-09-24,"株式会社いせや農場福祉のさと",,301,"大阪府","大阪市阿倍野区","松崎町４丁目２番４号",,27,119,5450053,,,,,,,2024-04-10,1,,,,,"イセヤノウジョウフクシノサト",0
1151,5500001023110,12,0,2026-09-29,2026-09-28,"株式会社エアライズ",,301,"愛媛県","松山市","南吉田町３５７番地２",,38,201,7918042,,,,,,,2021-01-06,1,,,,,"エアライズ",0
1152,5500001027144,01,0,2026-09-29,2026-09-29,"株式会社計算資源開発愛媛",,301,"愛媛県","松山市","千舟町５丁目３－１７－４階",,38,201,7900011,,,,,,,2026-09-29,1,,,,,"ケイサンシゲンカイハツエヒメ",0
1153,5500005008594,22,0,2026-09-29,2026-09-11,"天満農事實行組合",,399,"愛媛県","大洲市","田口",,38,207,7950063,,,,,,,2023-04-05,1,,,,,"テンマノウギョウジッコウクミアイ",0
1154,5700150137475,01,0,2026-09-29,2026-09-29,"東上野六丁目南町会",,499,"東京都","台東区","東上野６丁目４－１０",,13,106,1100015,,,,,,,2026-09-29,1,,,,,"ヒガシウエノロクチョウメミナミチョウカイ",0
1155,6010001004027,71,0,2026-09-29,2026-09-07,"スピックバンスター株式会社",,301,"東京都","文京区","関口１丁目４７番１２号",,13,105,1120014,,,,,,"令和８年９月１日東京都新宿区西早稲田三丁目５番１０号株式会社恒陽社（1010801003851）を合併",2015-10-05,1,,,,,"スピックバンスター",0
1156,6010001004935,12,0,2026-09-29,2026-09-25,"株式会社ＴＫ不動産",,301,"東京都","渋谷区","代々木２丁目２６番５－２２３号",,13,113,1510053,,,,,,,2015-10-05,1,,,,,"ティーケーフドウサン",0
1157,6010001031459,12,0,2026-09-29,2026-09-01,"ユーキ塗料株式会社",,301,"東京都","千代田区","外神田３丁目５番５－６０５号",,13,101,1010021,,,,,,,2015-10-05,1,,,,,"ユーキトリョウ",0
1158,6010001043396,01,1,2026-09-29,2015-10-05,"株式会社小松商店",,301,"東京都","中央区","日本橋人形町２丁目１７番７号",,13,102,1030013,,,,,,,2015-10-05,1,,,,,"コマツショウテン",0
1159,6010001127216,01,1,2026-09-29,2015-10-05,"株式会社ＹＭＤトレード",,301,"東京都","中央区","日本橋横山町３番４号",,13,102,1030003,,,,,,,2015-10-05,0,,,,,"ワイエムディトレード",0
1160,6010001127216,12,1,2026-09-29,2016-07-25,"株式会社ＹＭＤトレード",,301,"東京都","江戸川区","東葛西５丁目２７番２号",,13,123,1340084,,,,,,,2015-10-05,1,,,,,"ワイエムディトレード",0
1161,6010001140499,12,0,2026-09-29,2026-09-24,"株式会社ひばりケア",,301,"東京都","新宿区","西新宿６丁目６番３号新宿国際ビルディング新館４階",,13,104,1600023,,,,,,,2015-10-05,1,,,,,"ヒバリケア",0
1162,6010001180140,01,1,2026-09-29,2016-12-09,"株式会社ｇａｉｎｅｎ",,301,"東京都","中央区","築地２丁目１５番１９号ミレニアム築地４Ｆ",,13,102,1040045,,,,,,,2016-12-09,1,,,,,"ガイネン",0
1163,6010001180603,21,0,2026-09-29,2026-09-01,"インテグラル投資アルファ株式会社",,301,"東京都","千代田区","丸の内１丁目９番２号",,13,101,1000005,,,2026-09-01,11,3010001143728,"令和８年９月１日東京都千代田区丸の内一丁目９番２号インテグラル投資株式会社（3010001143728）に合併し解散",2017-01-10,1,,,,,"インテグラルトウシアルファ",0
1164,6010001214939,21,0,2026-09-29,2026-08-31,"セカイエ千葉１株式会社",,301,"東京都","中央区","八丁堀２丁目１０番７号日本瓦斯八丁堀ビル",,13,102,1040032,,,2026-08-31,11,8010001170197,"令和８年８月３０日東京都中央区八丁堀二丁目１０番７号日本瓦斯八丁堀ビルセカイエ株式会社（8010001170197）に合併し解散",2021-01-08,1,,,,,"セカイエチバイチ",0
1165,6010001236784,21,0,2026-09-29,2026-09-02,"株式会社カイゼント",,301,"東京都","中央区","新川１丁目１０番１０号とらい館",,13,102,1040033,,,2026-09-02,01,,,2023-07-11,1,,,,,"カイゼント",0
1166,6010001268506,01,0,2026-09-29,2026-09-29,"ＴＩＰホールディングス株式会社",,301,"東京都","中央区","京橋１丁目１３番１号",,13,102,1040031,,,,,,,2026-09-29,1,,,,,"ティーアイピーホールディングス",0
1167,6010001268951,01,0,2026-09-29,2026-09-29,"株式会社ＳＵＮＬＩＧＨＴ．ＧＬＯＢＡＬ",,301,"東京都","中央区","銀座１丁目２２番１１号銀座大竹ビジデンス２Ｆ",,13,102,1040061,,,,,,,2026-09-29,1,,,,,"サンライトグローバル",0
1168,6010001268968,01,0,2026-09-29,2026-09-29,"株式会社Ｎａｋａｏ　Ａｃｃｏｕｎｔｉｎｇ",,301,"東京都","中央区","銀座１丁目１２番４号Ｎ＆ＥＢＬＤ．６Ｆ",,13,102,1040061,,,,,,,2026-09-29,1,,,,,"ナカオアカウンティング",0
1169,6010001268976,01,0,2026-09-29,2026-09-29,"株式会社Ａｕｔｅｒｉａ",,301,"東京都","千代田区","丸の内１丁目１１番１号パシフィックセンチュリープレイス１３Ｆ",,13,101,1000005,,,,,,,2026-09-29,1,,,,,"オウテリア",0
1170,6010001269025,01,0,2026-09-29,2026-09-29,"株式会社ＧＭＤ",,301,"東京都","中央区","日本橋蛎殻町２丁目１３番４号",,13,102,1030014,,,,,,,2026-09-29,1,,,,,"ジーエムディー",0
1171,6010001269116,01,0,2026-09-29,2026-09-29,"株式会社Ｋａｉｔｏ",,301,"東京都","千代田区","神田和泉町１番地６－１６ヤマトビル４０５",,13,101,1010024,,,,,,,2026-09-29,1,,,,,"カイト",0
1172,6010001269132,01,0,2026-09-29,2026-09-29,"ＶＨＳＩ‐Ｄ　Ｔｅｃｈｎｏｌｏｇｉｅｓ株式会社",,301,"東京都","中央区","日本橋２丁目２番３号ＲＩＳＨＥビルＵＣＦ４０２",,13,102,1030027,,,,,,,2026-09-29,1,,,,,"ヴィエイチエスアイハイフンディテクノロジーズ",0
1173,6010001269157,01,0,2026-09-29,2026-09-29,"株式会社ｇｒｏｗｇｌｏｗ",,301,"東京都","千代田区","神田和泉町１番地６－１６ヤマトビル４０５",,13,101,1010024,,,,,,,2026-09-29,1,,,,,"グローグロー",0
1174,6010002008902,01,1,2026-09-29,2015-10-05,"有限会社カメヤ",,302,"東京都","千代田区","神田東松下町２５番地",,13,101,1010042,,,,,,,2015-10-05,1,,,,,"カメヤ",0
1175,6010005003082,12,0,2026-09-29,2026-08-28,"一般社団法人全日本吹奏楽連盟",,399,"東京都","千代田区","神田須田町２丁目１７番地３",,13,101,1010041,,,,,,,2015-10-05,1,,,,,"ゼンニホンスイソウガクレンメイ",0
1176,6010005025309,12,0,2026-09-29,2026-09-24,"一般社団法人家族心理士・家族相談士資格認定機構",,399,"東京都","新宿区","山吹町３５８番地５（国際文献社内）",,13,104,1620801,,,,,,,2016-05-11,1,,,,,"カゾクシンリシカゾクソウダンシシカクニンテイキコウ",0
1177,6010005042477,01,0,2026-09-29,2026-09-29,"東京オフィス・アイヴィー２一般社団法人",,399,"東京都","千代田区","丸の内１丁目４番１号東京共同会計事務所内",,13,101,1000005,,,,,,,2026-09-29,1,,,,,"トウキョウオフィスアイヴィーツー",0
1178,6010401136915,01,1,2026-09-29,2018-03-02,"株式会社ＫＳＰｒｏｍｏｔｉｏｎ",,301,"東京都","港区","北青山３丁目６番７号青山パラシオタワー１１階",,13,103,1070061,,,,,,,2018-03-02,0,,,,,"ケイエスプロモーション",0
1179,6010401136915,12,1,2026-09-29,2026-09-01,"株式会社ＫＳＰｒｏｍｏｔｉｏｎ",,301,"東京都","港区","北青山１丁目３番１号アールキューブ青山３階",,13,103,1070061,,,,,,,2018-03-02,1,,,,,"ケイエスプロモーション",0
1180,6010401149685,12,0,2026-09-29,2026-09-25,"ｃｏｃｃｉ株式会社",,301,"東京都","渋谷区","神南１丁目１１番４号ＦＰＧリンクス神南５階",,13,113,1500041,,,,,,,2019-12-06,1,,,,,"コッチ",0
1181,6010401184996,01,1,2026-09-29,2024-09-12,"ＨＥＥＲＡＥ物産株式会社",,301,"東京都","港区","浜松町２丁目７番１７号",,13,103,1050013,,,,,,,2024-09-12,1,,,,,"ヒレブッサン",0
1182,6010401200349,12,0,2026-09-29,2026-09-25,"株式会社Ｆａｎａａ",,301,"東京都","世田谷区","羽根木２丁目１３番１１号",,13,112,1560042,,,,,,,2026-07-21,1,,,,,"ファナー",0
1183,6010401202163,01,0,2026-09-29,2026-09-29,"株式会社ＶＥＱＸ",,301,"東京都","港区","麻布十番２丁目１２番５号",,13,103,1060045,,,,,,,2026-09-29,1,,,,,"ベクス",0
1184,6010403031296,21,0,2026-09-29,2026-08-27,"合同会社トレック・ウラヌス",,305,"東京都","港区","赤坂７丁目６番１５号",,13,103,1070052,,,2026-08-27,01,,,2023-11-06,1,,,,,"トレックウラヌス",0
1185,6010403038911,12,0,2026-09-29,2026-09-01,"合同会社Ｍａａｒｅ",,305,"東京都","港区","南青山３丁目１番３６号青山丸竹ビル６Ｆ",,13,103,1070062,,,,,,,2026-08-28,1,,,,,"マーレ",0
1186,6010405026229,01,0,2026-09-29,2026-09-29,"ジェイエルツー一般社団法人",,399,"東京都","港区","元赤坂１丁目１番７－１２０９号株式会社赤坂国際会計内",,13,103,1070051,,,,,,,2026-09-29,1,,,,,"ジェイエルツー",0
1187,6010503008467,01,0,2026-09-29,2026-09-29,"合同会社アサクサ車輌製作所",,305,"東京都","台東区","西浅草３丁目２２番３－１９１３号浅草タワー",,13,106,1110035,,,,,,,2026-09-29,1,,,,,"アサクサシャリョウセイサクジョ",0
1188,6010601010812,01,1,2026-09-29,2015-10-05,"株式会社サンローレル",,301,"東京都","江東区","亀戸５丁目４５番１０号",,13,108,1360071,,,,,,,2015-10-05,1,,,,,"サンローレル",0
1189,6010601069873,01,0,2026-09-29,2026-09-29,"株式会社ＲＳ　Ｌｉｎｋ",,301,"東京都","江東区","亀戸１丁目４３－９－６０２",,13,108,1360071,,,,,,,2026-09-29,1,,,,,"アールエスリンク",0
1190,6010602030421,01,1,2026-09-29,2015-10-05,"有限会社ラパン",,302,"東京都","江東区","東砂３丁目１９番１９号アミーパレス山内ＩＩＩ５０２号室",00051772,13,108,1360074,,,,,,,2015-10-05,1,,,,,"ラパン",0
1191,6010801028332,21,0,2026-09-29,2026-09-11,"ｇｒａｂ株式会社",,301,"東京都","目黒区","柿の木坂２丁目４番１２－１０１号",,13,110,1520022,,,2026-09-11,01,,,2017-11-21,1,,,,,"グラブ",0
1192,6010802000538,01,1,2026-09-29,2015-10-05,"有限会社浅野製作所",,302,"東京都","大田区","西糀谷４丁目１３番３号",,13,111,1440034,,,,,,,2015-10-05,1,,,,,"アサノセイサクジョ",0
1193,6010901049352,12,0,2026-09-29,2026-09-24,"株式会社オーガル",,301,"東京都","新宿区","新宿６丁目２７番３０号",,13,104,1600022,,,,,,,2021-09-02,1,,,,,"オーガル",0
1194,6010903011186,01,0,2026-09-29,2026-09-29,"合同会社ＡＢ",,305,"東京都","世田谷区","北沢２丁目１４番８号春日ビル地下１Ｆ",,13,112,1550031,,,,,,,2026-09-29,1,,,,,"エービー",0
1195,6011001180485,01,0,2026-09-29,2026-09-29,"株式会社Ｆｏｒｔｅ　Ｃｈａｒｍｅ",,301,"東京都","渋谷区","神宮前６丁目２３－４桑野ビル２Ｆ",,13,113,1500001,,,,,,,2026-09-29,1,,,,,"フォルテシャルム",0
1196,6011003015549,01,1,2026-09-29,2022-10-19,"Ｅｄｄｙ　Ｐｒｏｐｅｒｔｙ合同会社",,305,"東京都","渋谷区","神山町２５番１９号",,13,113,1500047,,,,,,,2022-10-19,0,,,,,"エディープロパティ",0
1197,6011003015549,12,1,2026-09-29,2025-07-22,"Ｅｄｄｙ　Ｐｒｏｐｅｒｔｙ合同会社",,305,"東京都","杉並区","浜田山２丁目１５番１－２０４号プレステージ浜田山ジヴェルニー",,13,115,1680065,,,,,,,2022-10-19,1,,,,,"エディープロパティ",0
1198,6011101025078,12,0,2026-09-29,2026-09-25,"株式会社ツリーベル",,301,"東京都","千代田区","麹町４丁目８番１号",,13,101,1020083,,,,,,,2015-10-05,1,,,,,"ツリーベル",0
1199,6011101106209,12,0,2026-09-29,2026-09-24,"株式会社ヘアソリューションラボ",,301,"東京都","中央区","銀座１丁目１２番４号Ｎ＆Ｅ．ＢＬＤ．６Ｆ",,13,102,1040061,,,,,,,2024-02-19,1,,,,,"ヘアソリューションラボ",0
1200,6011101108592,12,0,2026-09-29,2026-09-18,"鯤宿株式会社",,301,"東京都","江戸川区","西葛西５丁目１－１４－４階",,13,123,1340088,,,,,,,2024-08-29,1,,,,,"コンジュク",0
1201,6011101117478,01,0,2026-09-29,2026-09-29,"株式会社Ｂｅｌｌａ　Ｓｐｅｓ　Ｆｉｎａｎｃｉａｌ",,301,"東京都","新宿区","西新宿８丁目１１番１号",,13,104,1600023,,,,,,,2026-09-29,1,,,,,"ベラスペスファイナンシャル",0
1202,6011202003841,01,1,2026-09-29,2015-10-05,"有限会社中央理化学研究所",,302,"東京都","中野区","弥生町４丁目１４番１１号",,13,114,1640013,,,,,,,2015-10-05,1,,,,,,0
1203,6011301031842,01,0,2026-09-29,2026-09-29,"株式会社ＭＹハウス",,301,"東京都","杉並区","久我山３丁目３６番２３号",,13,115,1680082,,,,,,,2026-09-29,1,,,,,"マイハウス",0
1204,6011401011975,01,1,2026-09-29,2015-10-05,"石井産業株式会社",,301,"東京都","板橋区","中台２丁目２３番９号",,13,119,1740064,,,,,,,2015-10-05,1,,,,,"イシイサンギョウ",0
1205,6011401028292,01,0,2026-09-29,2026-09-29,"株式会社ムコウミズ",,301,"東京都","板橋区","蓮根３丁目９番６号サンビスタ西台２階",,13,119,1740046,,,,,,,2026-09-29,1,,,,,"ムコウミズ",0
1206,6011501032533,12,0,2026-09-29,2026-09-25,"株式会社東京エステート",,301,"東京都","板橋区","大和町４４番５号",,13,119,1730012,,,,,,,2025-09-05,1,,,,,"トウキョウエステート",0
1207,6011501032624,12,0,2026-09-29,2026-09-25,"株式会社金華堂",,301,"東京都","台東区","浅草橋５丁目８－１１大富ビル２階",,13,106,1110053,,,,,,,2025-09-29,1,,,,,"キンカドウ",0
1208,6011703003035,21,0,2026-09-29,2026-09-18,"合同会社Ｍｉｋａｔｓｕｋｉ",,305,"東京都","江戸川区","中葛西５丁目２－２９ＯＦＦＩＣＥ５２２９ＢＬＤＧ．０３０２号室",,13,123,1340083,,,2026-09-18,01,,,2021-12-24,1,,,,,"ミカツキ",0
1209,6011801020782,21,0,2026-09-29,2026-09-25,"株式会社東京自動車整備",,301,"東京都","足立区","新田２丁目９番１６号",,13,121,1230865,,,2026-09-25,11,6011802028230,"令和８年９月１日東京都世田谷区深沢五丁目２６番１３号ルミネ等々力１０３株式会社東京タクシー（6011802028230）に合併し解散",2015-10-05,1,,,,,"トウキョウジドウシャセイビ",0
1210,6011801032126,01,1,2026-09-29,2016-08-04,"株式会社三友硝工",,301,"東京都","足立区","加平３丁目１番１－２０９号",,13,121,1210055,,,,,,,2016-08-04,0,,,,,,0
1211,6011801032126,12,1,2026-09-29,2016-12-28,"株式会社三友硝工",,301,"東京都","足立区","舎人４丁目１番１８－７０１号",,13,121,1210831,,,,,,,2016-08-04,0,,,,,,0
1212,6011801032126,11,1,2026-09-29,2016-12-28,"株式会社ワイエス",,301,"東京都","足立区","舎人４丁目１番１８－７０１号",,13,121,1210831,,,,,,,2016-08-04,1,,,,,"ワイエス",0
1213,6011801044591,12,0,2026-09-29,2026-09-25,"タンポポ株式会社",,301,"東京都","中央区","築地２丁目１番１４号トミービル６階",,13,102,1040045,,,,,,,2024-07-31,1,,,,,"タンポポ",0
1214,6011802028230,71,0,2026-09-29,2026-09-07,"株式会社東京タクシー",,301,"東京都","世田谷区","深沢５丁目２６番１３号ルミネ等々力１０３",,13,112,1580081,,,,,,"令和８年９月１日東京都足立区新田二丁目９番１６号株式会社東京自動車整備（6011801020782）を合併",2015-10-05,1,,,,,"トウキョウタクシー",0
1215,6012303001890,12,0,2026-09-29,2026-09-24,"ヒーリングミュージック合同会社",,305,"東京都","台東区","東上野３丁目１－２スカイガーデン１２０１号室",,13,106,1100015,,,,,,,2023-10-17,1,,,,,"ヒーリングミュージック",0
1216,6012401007261,21,0,2026-09-29,2026-09-14,"株式会社荒木工務店",,301,"東京都","調布市","深大寺東町２丁目１７番地５",,13,208,1820012,,,2026-09-14,01,,,2015-10-05,1,,,,,"アラキコウムテン",0
1217,6012402004118,12,0,2026-09-29,2026-09-16,"有限会社平岡ホーム",,302,"東京都","小平市","花小金井１丁目１７番６号",,13,211,1870002,,,,,,,2015-10-05,1,,,,,"ヒラオカホーム",0
1218,6012402021047,01,1,2026-09-29,2015-10-05,"有限会社五洋ジャパン",,302,"東京都","武蔵野市","吉祥寺本町１丁目２８番３号",,13,203,1800004,,,,,,,2015-10-05,1,,,,,"ゴヨウジャパン",0
1219,6012403007986,01,0,2026-09-29,2026-09-29,"安心グループ合同会社",,305,"東京都","稲城市","東長沼６５２番地",,13,225,2060802,,,,,,,2026-09-29,1,,,,,,0
1220,6012803004204,01,0,2026-09-29,2026-09-29,"合同会社製造環境研究所",,305,"東京都","昭島市","緑町５丁目１９番２０号",,13,207,1960004,,,,,,,2026-09-29,1,,,,,"セイゾウカンキョウケンキュウジョ",0
1221,6013101007898,12,0,2026-09-29,2026-09-25,"株式会社プレスト",,301,"東京都","武蔵村山市","伊奈平１丁目５４番地の１",,13,223,2080023,,,,,,,2018-08-09,1,,,,,"プレスト",0
1222,6013201010991,01,1,2026-09-29,2015-10-05,"株式会社プライムオン",,301,"東京都","目黒区","自由が丘２丁目２番１９－４０７号",,13,110,1520035,,,,,,,2015-10-05,0,,,,,"プライムオン",0
1223,6013201010991,12,1,2026-09-29,2018-01-16,"株式会社プライムオン",,301,"東京都","千代田区","平河町２丁目５番５号",,13,101,1020093,,,,,,,2015-10-05,1,,,,,"プライムオン",0
1224,6013301049476,12,0,2026-09-29,2026-09-24,"健美Ｐｌｕｓ株式会社",,301,"東京都","港区","赤坂７丁目６－４３ｒｏｊｉ赤坂Ｈ号室",,13,103,1070052,,,,,,,2022-08-05,1,,,,,"ケンビプラス",0
1225,6013301056828,01,0,2026-09-29,2026-09-29,"株式会社エンライトメント・キャピタル",,301,"東京都","豊島区","東池袋５丁目４２－２デュオメゾン東池袋１０１",,13,116,1700013,,,,,,,2026-09-29,1,,,,,"エンライトメントキャピタル",0
1226,6013301056836,01,0,2026-09-29,2026-09-29,"株式会社バズリーチ",,301,"東京都","豊島区","東池袋５丁目７番３号東池袋五丁目ビル２Ｆ",,13,116,1700013,,,,,,,2026-09-29,1,,,,,"バズリーチ",0
1227,6013305003917,01,0,2026-09-29,2026-09-29,"東京リフォームド福音教会",,399,"東京都","豊島区","北大塚３丁目２６番８号",,13,116,1700004,,,,,,,2026-09-29,1,,,,,"トウキョウリフォームドフクインキョウカイ",0
1228,6020001089843,21,0,2026-09-29,2026-09-11,"ＦＵＪＩ精工ＪＡＰＡＮ株式会社",,301,"神奈川県","横浜市保土ケ谷区","今井町５７５番地９",,14,106,2400035,,,2026-09-11,01,,,2015-10-05,1,,,,,"フジセイコウジャパン",0
1229,6020001101599,01,1,2026-09-29,2015-10-05,"株式会社エブリィプラス",,301,"神奈川県","川崎市中原区","下小田中４丁目１９番６０号",,14,133,2110041,,,,,,,2015-10-05,1,,,,,"エブリィプラス",0
1230,6020001118370,11,0,2026-09-29,2026-08-10,"株式会社ＣＳ　ＴＯＫＹＯ　ＢＡＳＥ",,301,"神奈川県","川崎市多摩区","西生田４丁目１９番１７－２１０号",,14,135,2140037,,,,,,,2016-10-26,1,,,,,"シーエストウキョウベース",0
1231,6020002087994,01,1,2026-09-29,2015-10-05,"有限会社石井電設",,302,"神奈川県","川崎市高津区","久本３丁目６番３－１４０８号",,14,134,2130011,,,,,,,2015-10-05,1,,,,,"イシイデンセツ",0
1232,6020003012588,01,1,2026-09-29,2017-04-07,"合同会社防災電気工業",,305,"神奈川県","川崎市麻生区","下麻生１丁目３番",,14,137,2150022,,,,,,,2017-04-07,0,,,,,"ボウサイデンキコウギョウ",0
1233,6020003012588,12,1,2026-09-29,2026-09-09,"合同会社防災電気工業",,305,"神奈川県","川崎市麻生区","下麻生１丁目３番麻生台団地８号棟３０３号",,14,137,2150022,,,,,,,2017-04-07,1,,,,,"ボウサイデンキコウギョウ",0
1234,6020003023916,12,0,2026-09-29,2026-09-01,"合同会社ＡＤＷＯＲＫ",,305,"東京都","港区","芝５丁目１５番２号ＡＣＮ三田ビル１階",,13,103,1080014,,,,,,,2023-05-16,1,,,,,"アドワーク",0
1235,6020005017420,01,0,2026-09-29,2026-09-29,"一般社団法人スマイル",,399,"神奈川県","横浜市鶴見区","上末吉２丁目１－１４",,14,101,2300011,,,,,,,2026-09-29,1,,,,,"スマイル",0
1236,6021001071601,12,0,2026-09-29,2026-08-27,"ゼンフォース株式会社",,301,"東京都","港区","西新橋１丁目２－９日比谷セントラルビル１４階",,13,103,1050003,,,,,,,2020-12-16,1,,,,,"ゼンフォース",0
1237,6021002048185,01,1,2026-09-29,2015-10-05,"有限会社ティーエムエンタープライズ",,302,"神奈川県","大和市","つきみ野２丁目１番地の８",,14,213,2420002,,,,,,,2015-10-05,1,,,,,"ティーエムエンタープライズ",0
1238,6021002059447,01,1,2026-09-29,2015-10-05,"有限会社富久和商事",,302,"神奈川県","平塚市","代官町２１番３号",,14,203,2540807,,,,,,,2015-10-05,1,,,,,"フクワショウジ",0
1239,6021003017882,01,0,2026-09-29,2026-09-29,"アールスタート合同会社",,305,"神奈川県","厚木市","上荻野２２６０－７",,14,212,2430201,,,,,,,2026-09-29,1,,,,,"アールスタート",0
1240,6030001009552,21,0,2026-09-29,2026-09-10,"株式会社テレワールド",,301,"埼玉県","さいたま市見沼区","大字蓮沼１６７３番地１４",,11,104,3370015,,,2026-09-10,01,,,2015-10-05,1,,,,,"テレワールド",0
1241,6030001076312,21,0,2026-09-29,2026-09-11,"東洋超硬株式会社",,301,"埼玉県","川口市","中青木４丁目３番１５号",,11,203,3320032,,,2026-09-11,01,,,2015-10-05,1,,,,,"トウヨウチョウコウ",0
1242,6030001085932,01,1,2026-09-29,2015-10-05,"太陽ファミリー株式会社",,301,"埼玉県","大里郡寄居町","大字赤浜２０２６番地５",,11,408,3691211,,,,,,,2015-10-05,1,,,,,"タイヨウファミリー",0
1243,6030001159595,21,0,2026-09-29,2026-09-01,"株式会社サイバーガジェットホールディングス",,301,"東京都","千代田区","外神田５丁目１番２号末広ビル３階",,13,101,1010021,,,2026-09-01,11,8010001140357,"令和８年９月１日東京都千代田区外神田五丁目１番２号末広ビル３階株式会社サイバーガジェット（8010001140357）に合併し解散",2024-04-08,1,,,,,"サイバーガジェットホールディングス",0
1244,6030001162995,12,0,2026-09-29,2026-09-17,"徳馬科技株式会社",,301,"東京都","中央区","日本橋久松町９番９号ＦＲＡＭＥ日本橋８階Ｂ室",,13,102,1030005,,,,,,,2024-10-18,1,,,,,"トクマカギ",0
1245,6030001171286,12,0,2026-09-29,2026-09-11,"株式会社ｒｏｎ　ａｒｃｈｉｔｅｃｔｓ",,301,"埼玉県","さいたま市中央区","上落合１丁目７番１７号",,11,105,3380001,,,,,,,2026-03-06,1,,,,,"ロンアーキテクツ",0
1246,6030001174330,01,0,2026-09-29,2026-09-29,"弥栄万歳株式会社",,301,"埼玉県","蓮田市","大字馬込２８７９",,11,238,3490114,,,,,,,2026-09-29,1,,,,,"イヤサカバンザイ",0
1247,6030002035184,21,0,2026-09-29,2026-09-09,"有限会社コスモエレクトロニクス",,302,"埼玉県","入間市","河原町１１番２号",,11,225,3580008,,,2026-09-09,01,,,2015-10-05,1,,,,,"コスモエレクトロニクス",0
1248,6030003029994,01,0,2026-09-29,2026-09-29,"合同会社クライオデザイン",,305,"埼玉県","新座市","栗原２丁目２番３７号",,11,230,3520035,,,,,,,2026-09-29,1,,,,,"クライオデザイン",0
1249,6030005008575,01,1,2026-09-29,2015-10-05,"学校法人川越ひかり学園",,399,"埼玉県","川越市","大字大袋新田１８１番地１",,11,201,3501167,,,,,,,2015-10-05,0,,,,,"カワゴエヒカリガクエン",0
1250,6030005008575,12,1,2026-09-29,2016-03-18,"学校法人川越ひかり学園",,399,"埼玉県","川越市","藤倉２丁目１５番地１６",,11,201,3501166,,,,,,,2015-10-05,1,,,,,"カワゴエヒカリガクエン",0
1251,6040001145405,01,0,2026-09-29,2026-09-29,"株式会社竹りんフードサービス",,301,"千葉県","茂原市","八千代３丁目１３番地９",,12,210,2970024,,,,,,,2026-09-29,1,,,,,"チクリンフードサービス",0
1252,6040001145413,01,0,2026-09-29,2026-09-29,"大富商建株式会社",,301,"千葉県","市川市","市川１丁目３－３フロームファースト市川３０２号",,12,203,2720034,,,,,,,2026-09-29,1,,,,,"オオトミショウケン",0
1253,6040002081005,01,1,2026-09-29,2015-10-05,"有限会社グリーンフット",,302,"千葉県","茂原市","高師８９４番地",,12,210,2970029,,,,,,,2015-10-05,1,,,,,"グリーンフット",0
1254,6040002095995,01,1,2026-09-29,2015-10-05,"有限会社西原電子",,302,"千葉県","柏市","西原６丁目８番３０号",,12,217,2770885,,,,,,,2015-10-05,0,,,,,,0
1255,6040002095995,11,1,2026-09-29,2017-01-05,"株式会社ＮＩＳＨＩＨＡＲＡ",,301,"千葉県","柏市","西原６丁目８番３０号",,12,217,2770885,,,,,,,2015-10-05,1,,,,,"ニシハラ",0
1256,6050001005855,12,0,2026-09-29,2026-09-16,"株式会社ライフキーパージャパン",,301,"茨城県","水戸市","石川３丁目４１７６番地３",,08,201,3100905,,,,,,,2015-10-05,1,,,,,"ライフキーパージャパン",0
1257,6050002000500,12,0,2026-09-29,2026-09-17,"有限会社エイ・シー建築計画室",,302,"茨城県","水戸市","見和２丁目１９４番地の９",,08,201,3100911,,,,,,,2015-10-05,1,,,,,"エイシーケンチクケイカクシツ",0
1258,6050003009714,12,0,2026-09-29,2026-09-28,"株式会社ｎａｋａ　ｆａｃｔｏｒｙ",,301,"大阪府","東大阪市","若江東町６丁目６番１２号",,27,227,5780935,,,,,,,2025-10-27,1,,,,,"ナカファクトリー",0
1259,6060005009356,21,0,2026-09-29,2026-09-24,"特定非営利活動法人成年後見ネットとちぎ",,399,"栃木県","宇都宮市","睦町４番７号グランドハイツ睦町５１０",,09,201,3200865,,,2026-09-24,01,,,2017-08-16,1,,,,,"セイネンコウケンネットトチギ",0
1260,6070001026395,01,1,2026-09-29,2015-10-05,"株式会社ダイヤロジ",,301,"群馬県","安中市","松井田町行田４９１番地１",,10,211,3790226,,,,,,,2015-10-05,1,,,,,"ダイヤロジ",0
1261,6070001044521,01,0,2026-09-29,2026-09-29,"株式会社Ｔ．ＳＯＬＩＤ",,301,"群馬県","渋川市","北橘町真壁１２１４番地１１",,10,208,3770062,,,,,,,2026-09-29,1,,,,,"ティーソリッド",0
1262,6070002001793,01,1,2026-09-29,2015-10-05,"群馬ハンプトン販売有限会社",,302,"群馬県","前橋市","三俣町１丁目３０番地の３",,10,201,3710018,,,,,,,2015-10-05,1,,,,,"グンマハンプトンハンバイ",0
1263,6070002004499,21,0,2026-09-29,2026-09-17,"有限会社ファーストタウン",,302,"群馬県","前橋市","六供町３丁目３６番地２",,10,201,3710804,,,2026-09-17,01,,,2015-10-05,1,,,,,"ファーストタウン",0
1264,6070003006619,01,0,2026-09-29,2026-09-29,"合同会社蒼天",,305,"群馬県","甘楽郡甘楽町","大字秋畑４５２８‐２",,10,384,3702204,,,,,,,2026-09-29,1,,,,,"ソウテン",0
1265,6070005006311,01,1,2026-09-29,2015-10-05,"宗教法人長柄神社",,399,"群馬県","邑楽郡邑楽町","大字篠塚甲２９０７番地",,10,525,3700615,,,,,,,2015-10-05,1,,,,,"ナガエジンジャ",0
1266,6080105004619,01,1,2026-09-29,2015-10-05,"長福寺",,399,"静岡県","賀茂郡河津町","浜２９９番地",,22,302,4130513,,,,,,,2015-10-05,1,,,,,"チョウフクジ",0
1267,6090003003127,01,0,2026-09-29,2026-09-29,"合同会社大橋商事",,305,"山梨県","笛吹市","一宮町塩田７８６",,19,211,4050064,,,,,,,2026-09-29,1,,,,,"オオハシショウジ",0
1268,6110003006300,01,0,2026-09-29,2026-09-29,"ｉｉｉ合同会社",,305,"新潟県","新潟市中央区","万代１丁目２番３号コープ野村万代７２１号",,15,103,9500088,,,,,,,2026-09-29,1,,,,,"アイアイアイ",0
1269,6120001023478,01,1,2026-09-29,2015-10-05,"三清堂製菓株式会社",,301,"大阪府","大阪市天王寺区","大道２丁目８番１０号",,27,109,5430052,,,,,,,2015-10-05,0,,,,,"サンセイドウセイカ",0
1270,6120001023478,12,1,2026-09-29,2026-09-24,"三清堂製菓株式会社",,301,"大阪府","大阪市天王寺区","大道４丁目１番１８－８０１号",,27,109,5430052,,,,,,,2015-10-05,1,,,,,"サンセイドウセイカ",0
1271,6120001106324,21,0,2026-09-29,2026-09-25,"ダイヤモンド保険株式会社",,301,"大阪府","大阪市住之江区","南加賀屋３丁目４番７号",,27,125,5590015,,,2026-09-25,01,,,2015-10-05,1,,,,,"ダイヤモンドホケン",0
1272,6120001114715,21,0,2026-09-29,2026-09-25,"株式会社Ｊフューチャー",,301,"大阪府","大阪市旭区","今市２丁目１０番２１号",,27,117,5350011,,,2026-09-25,01,,,2015-10-05,1,,,,,"ジェイフューチャー",0
1273,6120001114748,01,1,2026-09-29,2015-10-05,"株式会社リールスタッフ",,301,"大阪府","大阪市西区","北堀江２丁目１４番１８号小林堀江ビル３階",,27,106,5500014,,,,,,,2015-10-05,1,,,,,"リールスタッフ",0
1274,6120001159611,01,1,2026-09-29,2015-10-05,"株式会社ＹＯＳＨＩＤＡ",,301,"大阪府","門真市","大字打越５１３番地の１",,27,223,5710028,,,,,,,2015-10-05,1,,,,,"ヨシダ",0
1275,6120001238126,11,0,2026-09-29,2026-09-14,"株式会社Ｊ　Ｓｔｙｌｅ　Ｈｏｌｄｉｎｇｓ",,301,"兵庫県","加古川市","野口町水足字下代８２７番地１６",,28,210,6750019,,,,,,,2021-06-11,1,,,,,"ジェイスタイルホールディングス",0
1276,6120001289326,01,0,2026-09-29,2026-09-29,"株式会社ＥＸＰＯＮＥＮＴ",,301,"大阪府","守口市","大日町２丁目１番１８号",,27,209,5700003,,,,,,,2026-09-29,1,,,,,"エクスポーネント",0
1277,6120001289334,01,0,2026-09-29,2026-09-29,"人を幸せにする株式会社",,301,"大阪府","大阪市北区","天満４丁目１０－１０－３０５",,27,127,5300043,,,,,,,2026-09-29,1,,,,,"ヒトヲシアワセニスル",0
1278,6120002032775,21,0,2026-09-29,2026-09-24,"有限会社ホンマチ",,302,"大阪府","大阪市北区","大淀中３丁目１３番１３号",,27,127,5310076,,,2026-09-24,01,,,2015-10-05,1,,,,,"ホンマチ",0
1279,6120002074280,11,0,2026-09-29,2026-09-18,"株式会社柴野興産",,301,"大阪府","枚方市","大垣内町２丁目１０番４号",,27,210,5730027,,,,,,,2015-10-05,1,,,,,"シバノコウサン",0
1280,6120003014954,01,1,2026-09-29,2018-11-13,"合同会社決めたん会",,305,"大阪府","大阪市中央区","久太郎町４丁目１－３大阪センタービル６－５２",,27,128,5410056,,,,,,,2018-11-13,0,,,,,"キメタンカイ",0
1281,6120003014954,12,1,2026-09-29,2019-09-17,"合同会社決めたん会",,305,"大阪府","大阪市中央区","南本町４丁目３－１６－３２０６",,27,128,5410054,,,,,,,2018-11-13,0,,,,,"キメタンカイ",0
1282,6120003014954,12,1,2026-09-29,2020-07-16,"合同会社決めたん会",,305,"大阪府","大阪市西区","北堀江１丁目１３－８－６０２",,27,106,5500014,,,,,,,2018-11-13,0,,,,,"キメタンカイ",0
1283,6120003014954,11,1,2026-09-29,2026-08-27,"下鴨商事合同会社",,305,"大阪府","大阪市西区","北堀江１丁目１３－８－６０２",,27,106,5500014,,,,,,,2018-11-13,0,,,,,,0
1284,6120003014954,12,0,2026-09-29,2026-09-24,"下鴨商事合同会社",,305,"京都府","京都市左京区","下鴨蓼倉町４４番地８",,26,103,6060806,,,,,,,2018-11-13,1,,,,,,0
1285,6120003033525,01,0,2026-09-29,2026-09-29,"合同会社主",,305,"大阪府","大阪市西区","南堀江２丁目１０番２０号プレサンス西心斎橋７０５",,27,106,5500015,,,,,,,2026-09-29,1,,,,,"アルジ",0
1286,6120101074413,01,0,2026-09-29,2026-09-29,"株式会社キューブＫ２",,301,"大阪府","岸和田市","下松町１０７４番地１７",,27,202,5960823,,,,,,,2026-09-29,1,,,,,"キューブケイツー",0
1287,6120103004104,12,0,2026-09-29,2026-09-28,"合同会社ＧＦＣ",,305,"大阪府","堺市北区","中百舌鳥町３丁３６２番地コーポ中もず１０１号",,27,146,5918023,,,,,,,2021-03-29,1,,,,,"ジーエフシー",0
1288,6120901053236,01,0,2026-09-29,2026-09-29,"株式会社ＨＯＰＰＥ",,301,"大阪府","吹田市","豊津町５６番１７－３号",,27,205,5640051,,,,,,,2026-09-29,1,,,,,"ホッペ",0
1289,6120902021687,21,0,2026-09-29,2026-09-17,"有限会社檀上コンタクト",,302,"大阪府","豊中市","蛍池東町一丁目３番３号",,27,203,5600000,,,2026-09-17,01,,,2015-10-05,1,,,,,"ダンジョウコンタクト",0
1290,6122001029661,12,0,2026-09-29,2026-09-25,"株式会社Ｎ’ｓｔｕｄｉｏ",,301,"大阪府","茨木市","野々宮２丁目１０番２１号の２",,27,211,5670847,,,,,,,2016-06-03,1,,,,,"エヌスタジオ",0
1291,6130001059892,01,1,2026-09-29,2017-05-30,"株式会社イトヤ",,301,"京都府","京都市西京区","樫原宇治井西町１２番地",,26,111,6158172,,,,,,,2017-05-30,1,,,,,"イトヤ",0
1292,6130001083133,01,0,2026-09-29,2026-09-29,"株式会社ＹＯＭＡ",,301,"京都府","京都市左京区","吉田中阿達町４３‐５",,26,103,6068306,,,,,,,2026-09-29,1,,,,,"ヨマ",0
1293,6130003010655,12,0,2026-09-29,2026-09-25,"合同会社ドリームＫ３",,305,"京都府","京都市西京区","松尾木ノ曽町３６番地３静嵐荘２階７号室",,26,111,6158281,,,,,,,2025-07-24,1,,,,,"ドリームケースリー",0
1294,6130005017038,21,0,2026-09-29,2026-09-18,"一般社団法人運送・軽貨物支援協会",,399,"兵庫県","神戸市北区","西山１丁目２６番地の１３",,28,109,6511305,,,2026-09-18,01,,,2024-03-21,1,,,,,"ウンソウケイカモツシエンキョウカイ",0
1295,6140001102949,01,1,2026-09-29,2016-08-01,"株式会社ＰｒｏＢｏｄｙ",,301,"兵庫県","神戸市東灘区","魚崎西町４丁目２番９号",,28,101,6580026,,,,,,,2016-08-01,1,,,,,"プロボディ",0
1296,6140001103121,01,1,2026-09-29,2016-08-16,"株式会社ＨＹＭＹ",,301,"兵庫県","尼崎市","武庫元町２丁目５番１３号",,28,202,6610043,,,,,,,2016-08-16,1,,,,,"エイチワイエムワイ",0
1297,6140002043779,21,0,2026-09-29,2026-09-18,"有限会社エステートワイズ",,302,"兵庫県","尼崎市","南武庫之荘５丁目１番４号",,28,202,6610033,,,2026-09-18,01,,,2015-10-05,1,,,,,"エステートワイズ",0
1298,6140003024126,01,0,2026-09-29,2026-09-29,"合同会社ｍａｍｍａ・ｄｅ・まんま",,305,"兵庫県","三木市","末広２丁目５番９１",,28,215,6730403,,,,,,,2026-09-29,1,,,,,"マンマデマンマ",0
1299,6150001007247,21,0,2026-09-29,2026-09-25,"株式会社サンクレスト不動産販売",,301,"奈良県","生駒郡斑鳩町","法隆寺西１丁目９番３８号",,29,344,6360114,,,2026-09-25,01,,,2015-10-05,1,,,,,"サンクレストフドウサンハンバイ",0
1300,6160001018334,01,1,2026-09-29,2015-10-05,"株式会社ＡＣＴＹ　Ｐｏｗｅｒ",,301,"滋賀県","栗東市","出庭９００番地１",,25,208,5203041,,,,,,,2015-10-05,1,,,,,"アクティパワー",0
1301,6180001023662,12,0,2026-09-29,2026-09-24,"株式会社ジーピー浅井",,301,"愛知県","名古屋市天白区","梅が丘４丁目１７０５番地",,23,116,4680004,,,,,,,2015-10-05,1,,,,,"ジーピーアサイ",0
1302,6180001050384,22,0,2026-09-29,2026-08-25,"なごみ不動産株式会社",,301,"愛知県","一宮市","起字東茜屋４６番地６",,23,203,4940006,,,,,,,2017-09-19,1,,,,,,0
1303,6180001059351,01,1,2026-09-29,2015-10-05,"株式会社西野鉄工所",,301,"愛知県","名古屋市北区","水草町１丁目４３番地",,23,103,4620042,,,,,,,2015-10-05,1,,,,,"ニシノテッコウジョ",0
1304,6180001103646,01,1,2026-09-29,2015-10-05,"株式会社三喜ハンズ",,301,"愛知県","小牧市","高根１丁目３１０番地１",,23,219,4850803,,,,,,,2015-10-05,0,,,,,"サンキハンズ",0
1305,6180001103646,12,1,2026-09-29,2026-09-15,"株式会社三喜ハンズ",,301,"愛知県","小牧市","大字大草字大野５７８６番地の１２３（株式会社三喜工務店内）",,23,219,4850802,,,,,,,2015-10-05,1,,,,,"サンキハンズ",0
1306,6180001130698,12,0,2026-09-29,2026-09-25,"株式会社ファルベプロセシング",,301,"東京都","中央区","八丁堀４丁目１番３号",,13,102,1040032,,,,,,,2018-01-15,1,,,,,"ファルベプロセシング",0
1307,6180001145085,12,0,2026-09-29,2026-09-24,"令和トランスポート株式会社",,301,"愛知県","名古屋市昭和区","南山町８番地の６",,23,107,4660835,,,,,,,2021-03-08,1,,,,,"レイワトランスポート",0
1308,6180001153377,01,1,2026-09-29,2022-10-13,"株式会社サンライト",,301,"愛知県","稲沢市","平和町下起中２２６番地３",,23,220,4901323,,,,,,,2022-10-13,1,,,,,"サンライト",0
1309,6180001154359,12,0,2026-09-29,2026-09-11,"株式会社暖家",,301,"愛知県","名古屋市中区","丸の内３丁目５番３３号名古屋有楽ビル４０１号",,23,106,4600002,,,,,,,2023-01-04,1,,,,,"ダンケ",0
1310,6180001173648,01,0,2026-09-29,2026-09-29,"カジウラ木工株式会社",,301,"愛知県","小牧市","大字舟津５０番地１",,23,219,4850073,,,,,,,2026-09-29,1,,,,,"カジウラモッコウ",0
1311,6180001173664,01,0,2026-09-29,2026-09-29,"株式会社オカダエンタープライゼス",,301,"愛知県","春日井市","牛山町２０８１－２５",,23,206,4860901,,,,,,,2026-09-29,1,,,,,"オカダエンタープライゼス",0
1312,6180001173706,01,0,2026-09-29,2026-09-29,"明和トラスト株式会社",,301,"愛知県","名古屋市中村区","名駅３丁目２８番１２号",,23,105,4500002,,,,,,,2026-09-29,1,,,,,"メイワトラスト",0
1313,6180002000297,12,0,2026-09-29,2026-09-11,"有限会社オーケールーフ",,302,"愛知県","名古屋市守山区","向台１丁目１２０７番地１",,23,113,4630036,,,,,,,2015-10-05,0,,,,,"オーケールーフ",0
1314,6180002000297,11,0,2026-09-29,2026-09-11,"有限会社ＯＫルーフ",,302,"愛知県","名古屋市守山区","向台１丁目１２０７番地１",,23,113,4630036,,,,,,,2015-10-05,1,,,,,"オーケールーフ",0
1315,6180002081230,21,0,2026-09-29,2026-09-24,"有限会社吉村捺染彫刻工業",,302,"愛知県","稲沢市","祖父江町祖父江居中１４２番地の４",,23,220,4950001,,,2026-09-24,01,,,2015-10-05,1,,,,,"ヨシムラナッセンチョウコクコウギョウ",0
1316,6180003030839,01,0,2026-09-29,2026-09-29,"合同会社ＥＳＴＩＭＡＴＥ",,305,"愛知県","名古屋市中区","栄２丁目２番１号広小路伏見中駒ビル２Ｆ－９",,23,106,4600008,,,,,,,2026-09-29,1,,,,,"エスティメイト",0
1317,6180003030855,01,0,2026-09-29,2026-09-29,"合同会社ｎｅｘｔ未来",,305,"愛知県","春日井市","白山町３丁目１１―１０",,23,206,4870034,,,,,,,2026-09-29,1,,,,,"ネクストミライ",0
1318,6180005021679,01,0,2026-09-29,2026-09-29,"医療法人ＳｏａＬｉａ",,399,"愛知県","知多郡東浦町","大字森岡字松原７７番地",,23,442,4702101,,,,,,,2026-09-29,1,,,,,"ソアリア",0
1319,6180301029236,01,1,2026-09-29,2016-05-26,"株式会社ＳＰＭ",,301,"愛知県","岡崎市","稲熊町字８丁目６３番地",,23,202,4440071,,,,,,,2016-05-26,1,,,,,"エスピーエム",0
1320,6180301029401,01,1,2026-09-29,2016-07-11,"株式会社尾方電機",,301,"愛知県","豊橋市","東森岡２丁目７番地３０",,23,201,4411113,,,,,,,2016-07-11,1,,,,,"オガタデンキ",0
1321,6180302001111,01,1,2026-09-29,2015-10-05,"有限会社ケイ・エヌメディカルサービス",,302,"愛知県","岡崎市","伊賀新町３５番地２",,23,202,4440078,,,,,,,2015-10-05,1,,,,,"ケイエヌメディカルサービス",0
1322,6180302018857,21,0,2026-09-29,2026-09-10,"有限会社フジ急送",,302,"愛知県","刈谷市","井ケ谷町前田２６番地２",,23,210,4480001,,,2026-09-10,01,,,2015-10-05,1,,,,,"フジキュウソウ",0
1323,6180302019120,01,1,2026-09-29,2015-10-05,"有限会社ラッキー自動車",,302,"愛知県","刈谷市","高倉町５丁目２０８番地",,23,210,4480037,,,,,,,2015-10-05,1,,,,,"ラッキージドウシャ",0
1324,6190001017770,01,1,2026-09-29,2015-10-05,"株式会社ユアステージ",,301,"三重県","四日市市","日永西３丁目２６番１２号",,24,202,5100891,,,,,,,2015-10-05,1,,,,,"ユアステージ",0
1325,6200001045456,01,0,2026-09-29,2026-09-29,"株式会社松野酒店",,301,"岐阜県","岐阜市","黒野６２０番地",,21,201,5011131,,,,,,,2026-09-29,1,,,,,"マツノサケテン",0
1326,6200002011993,21,0,2026-09-29,2026-09-25,"有限会社福祉サポートはじめのいっぽ",,302,"岐阜県","羽島郡笠松町","長池３８６番地の８",,21,303,5016063,,,2026-09-25,01,,,2015-10-05,1,,,,,"フクシサポートハジメノイッポ",0
1327,6210001020739,01,0,2026-09-29,2026-09-29,"株式会社ちはや工業",,301,"福井県","福井市","成和２丁目１１０３番地成和ビル１Ｆ",,18,201,9188239,,,,,,,2026-09-29,1,,,,,"チハヤコウギョウ",0
1328,6210002001283,21,0,2026-09-29,2026-09-18,"有限会社こだま電器",,302,"福井県","福井市","中央２丁目１０番２１号",,18,201,9100006,,,2026-09-18,01,,,2015-10-05,1,,,,,"コダマデンキ",0
1329,6210002004922,01,1,2026-09-29,2015-10-05,"有限会社ジェーテック",,302,"福井県","福井市","藤島町第４６号１５番地",,18,201,9100827,,,,,,,2015-10-05,1,,,,,"ジェーテック",0
1330,6220001020779,12,0,2026-09-29,2026-09-18,"株式会社紅の華",,301,"石川県","金沢市","四十万４丁目２０１番地２",,17,201,9218135,,,,,,,2016-01-21,1,,,,,"ベニノハナ",0
1331,6220001027584,01,0,2026-09-29,2026-09-29,"株式会社ＭＫＤ",,301,"石川県","金沢市","駅西本町２丁目１１番４２号ＭＫビル１Ｆ１０１",,17,201,9200025,,,,,,,2026-09-29,1,,,,,"エムケーディー",0
1332,6220002015704,21,0,2026-09-29,2026-09-17,"有限会社のとエアーグリーン柏木",,302,"石川県","鳳珠郡能登町","字柏木５字８０番地１",,17,463,9270324,,,2026-09-17,01,,,2015-10-05,1,,,,,"ノトエアーグリーンカシワギ",0
1333,6220003000969,21,0,2026-09-29,2026-09-28,"ＡＮＫ　ＤＥＳＩＧＮ　ＪＡＰＡＮ合同会社",,305,"石川県","金沢市","無量寺４丁目５２番地",,17,201,9200333,,,2026-09-28,01,,,2015-10-05,1,,,,,"アンデザインジャパン",0
1334,6230001000350,21,0,2026-09-29,2026-09-25,"株式会社内山興産",,301,"富山県","魚津市","新金屋２丁目９番６号",,16,204,9370801,,,2026-09-25,01,,,2015-10-05,1,,,,,"ウチヤマコウサン",0
1335,6230001005671,01,1,2026-09-29,2015-10-05,"株式会社オーエーリンク",,301,"富山県","富山市","珠泉東町１００番地６",,16,201,9398156,,,,,,,2015-10-05,1,,,,,"オーエーリンク",0
1336,6230001021603,01,0,2026-09-29,2026-09-29,"株式会社あまねく",,301,"富山県","南砺市","福光１１８４番地３",,16,210,9391610,,,,,,,2026-09-29,1,,,,,"アマネク",0
1337,6230002008129,01,1,2026-09-29,2015-10-05,"有限会社中井電機",,302,"富山県","黒部市","立野１６０番地の１",,16,207,9380051,,,,,,,2015-10-05,1,,,,,"ナカイデンキ",0
1338,6250002005421,21,0,2026-09-29,2026-09-24,"有限会社西方縫製所",,302,"山口県","宇部市","昭和町３丁目１２番３０号",,35,202,7550011,,,2026-09-24,01,,,2015-10-05,1,,,,,"ニシカタホウセイショ",0
1339,6250005008454,21,0,2026-09-29,2026-09-25,"一般社団法人宇部市スポーツコミッション",,399,"山口県","宇部市","新天町２丁目８番６号",,35,202,7550029,,,2026-09-25,01,,,2018-11-07,1,,,,,"ウベシスポーツコミッション",0
1340,6260001041573,01,1,2026-09-29,2026-09-04,"Ｗａｋｕ＆Ｃｏ．株式会社",,301,"岡山県","岡山市北区","大供１丁目６番２２号間嶋大供ビル２Ｆ",,33,101,7000913,,,,,,,2026-09-04,1,,,,,"ワクアンドコー",0
1341,6260002003069,01,1,2026-09-29,2015-10-05,"共同熔解有限会社",,302,"岡山県","岡山市中区","桑野５１８番地",,33,102,7028002,,,,,,,2015-10-05,1,,,,,"キョウドウヨウカイ",0
1342,6280001007275,01,1,2026-09-29,2016-08-09,"株式会社ＫＮＯＴ",,301,"島根県","松江市","玉湯町湯町４０２番地",,32,201,6990202,,,,,,,2016-08-09,1,,,,,"ノット",0
1343,6280001009718,01,0,2026-09-29,2026-09-29,"株式会社便利屋シナガワ",,301,"島根県","浜田市","河内町１８５０番地２",,32,202,6970012,,,,,,,2026-09-29,1,,,,,"ベンリヤシナガワ",0
1344,6290001103073,21,0,2026-09-29,2026-09-15,"朝日株式会社",,301,"福岡県","福岡市早良区","百道浜１丁目７番２－１８０１号",,40,137,8140001,,,2026-09-15,01,,,2023-09-21,1,,,,,"アサヒ",0
1345,6290001115440,01,0,2026-09-29,2026-09-29,"株式会社Ｄａｃｏｍｅ",,301,"福岡県","福岡市中央区","平尾２丁目２０番３５号",,40,133,8100014,,,,,,,2026-09-29,1,,,,,"ダーカム",0
1346,6290001115481,01,0,2026-09-29,2026-09-29,"株式会社ＡＩ　ＧＥＡＲＷＯＲＫＳ",,301,"福岡県","福岡市東区","三苫２丁目３３番２０号",,40,131,8110201,,,,,,,2026-09-29,1,,,,,"エーアイギアワークス",0
1347,6290001115515,01,0,2026-09-29,2026-09-29,"ＧＰＫ株式会社",,301,"福岡県","太宰府市","高雄５丁目１６番１６号",,40,221,8180122,,,,,,,2026-09-29,1,,,,,"ジーピーケー",0
1348,6290002047567,01,1,2026-09-29,2015-10-05,"有限会社史祥建設",,302,"福岡県","八女郡広川町","大字水原３７０７番地の１",,40,544,8340102,,,,,,,2015-10-05,1,,,,,"フミナガケンセツ",0
1349,6290003018113,12,0,2026-09-29,2026-09-08,"ストラテジーマネジメント合同会社",,305,"福岡県","福岡市博多区","博多駅南５丁目９－１６Ｇｒａｎｄｅｆｉａ５Ｆ",,40,132,8120016,,,,,,,2026-03-04,1,,,,,"ストラテジーマネジメント",0
1350,6290805009912,12,0,2026-09-29,2026-09-25,"特定非営利活動法人ＮＩＣＥ",,399,"福岡県","北九州市八幡西区","光明２丁目２番１９号",,40,109,8070824,,,,,,,2026-03-13,1,,,,,"ナイス",0
1351,6300002001407,01,1,2026-09-29,2015-10-05,"有限会社万才",,302,"佐賀県","佐賀市","城内２丁目１２番１２号",,41,201,8400041,,,,,,,2015-10-05,1,,,,,"マンザイ",0
1352,6300005005801,01,1,2026-09-29,2015-10-05,"医療法人勝三会",,399,"佐賀県","唐津市","鎮西町塩鶴２５３５番地１",,41,202,8470313,,,,,,,2015-10-05,1,,,,,,0
1353,6310002001380,01,1,2026-09-29,2015-10-05,"有限会社キティー薬局",,302,"長崎県","長崎市","城栄町１７番１７号",,42,201,8528034,,,,,,,2015-10-05,1,,,,,"キティーヤッキョク",0
1354,6320001002271,21,0,2026-09-29,2026-09-17,"株式会社パルス",,301,"大分県","大分市","広瀬町２丁目３番４０号",,44,201,8700847,,,2026-09-17,01,,,2015-10-05,1,,,,,"パルス",0
1355,6330001006817,01,1,2026-09-29,2015-10-05,"未来株式会社",,301,"熊本県","熊本市東区","石原１丁目１１番１１号",,43,102,8618046,,,,,,,2015-10-05,1,,,,,"ミライ",0
1356,6330001016337,21,0,2026-09-29,2026-09-18,"株式会社三星",,301,"熊本県","球磨郡あさぎり町","免田西下乙３２４４－１",,43,514,8680415,,,2026-09-18,01,,,2015-10-05,1,,,,,"サンセイ",0
1357,6330001018135,12,0,2026-09-29,2026-09-18,"Ｈｉｄａｍａｒｉ株式会社",,301,"熊本県","熊本市中央区","下通１丁目１２－２７ＣＯＲＥ２１下通ビル５Ｆ",,43,101,8600807,,,,,,,2015-10-05,1,,,,,"ヒダマリ",0
1358,6330001022962,01,1,2026-09-29,2016-07-13,"株式会社ティージーホーム",,301,"熊本県","熊本市南区","出仲間６丁目５番３７号",,43,104,8620963,,,,,,,2016-07-13,1,,,,,"ティージーホーム",0
1359,6330001034660,01,0,2026-09-29,2026-09-29,"新日本企業株式会社",,301,"熊本県","熊本市中央区","大江１丁目２５番３６号",,43,101,8620971,,,,,,,2026-09-29,1,,,,,"シンニホンキギョウ",0
1360,6340001027606,12,0,2026-09-29,2026-09-28,"嘉吉株式会社",,301,"鹿児島県","姶良市","加治木町反土６６８－２－３０１",,46,225,8995231,,,,,,,2025-08-27,1,,,,,"カキツ",0
1361,6340001028455,01,0,2026-09-29,2026-09-29,"株式会社和田笑店",,301,"鹿児島県","薩摩川内市","平佐町１３３８番地６",,46,215,8950012,,,,,,,2026-09-29,1,,,,,"ワダショウテン",0
1362,6340002027010,11,0,2026-09-29,2026-09-24,"株式会社Ｓｕｎｎｙ",,301,"鹿児島県","鹿屋市","旭原町２５６９番地１０",,46,203,8930022,,,,,,,2015-10-05,1,,,,,"サニー",0
1363,6350001005049,01,1,2026-09-29,2015-10-05,"株式会社ＭＪＣソフトウェア",,301,"宮崎県","宮崎市","霧島４丁目１８５番地",,45,201,8800032,,,,,,,2015-10-05,1,,,,,"エムジェーシーソフトウェア",0
1364,6350005003453,12,0,2026-09-29,2026-09-17,"一般社団法人高千穂町観光協会",,399,"宮崎県","西臼杵郡高千穂町","大字三田井７８９番地７",,45,441,8821101,,,,,,,2015-10-05,1,,,,,"タカチホチョウカンコウキョウカイ",0
1365,6360001037280,01,0,2026-09-29,2026-09-29,"株式会社ニライ商事",,301,"沖縄県","那覇市","繁多川４丁目１５番１４号",,47,201,9020071,,,,,,,2026-09-29,1,,,,,"ニライショウジ",0
1366,6360005002693,01,1,2026-09-29,2015-10-05,"医療法人六人会",,399,"沖縄県","浦添市","牧港２丁目４６番１２号－２０２号",,47,208,9012131,,,,,,,2015-10-05,1,,,,,"ロクトカイ",0
1367,6360005007486,01,0,2026-09-29,2026-09-29,"税理士法人ニライ",,399,"沖縄県","中頭郡北谷町","字浜川８番地２４しまぜんビル２Ｆ－Ｂ",,47,326,9040112,,,,,,,2026-09-29,1,,,,,"ニライ",0
1368,6380001016522,01,1,2026-09-29,2015-10-05,"坂本種苗株式会社",,301,"福島県","双葉郡富岡町","中央１丁目１０３番地",,07,543,9791112,,,,,,,2015-10-05,1,,,,,"サカモトシュビョウ",0
1369,6380001031653,01,1,2026-09-29,2021-03-15,"億成金属株式会社",,301,"福島県","須賀川市","森宿字関表１１番１",,07,207,9620001,,,,,,,2021-03-15,0,,,,,"オクセイキンゾク",0
1370,6380001031653,11,1,2026-09-29,2023-04-17,"億成金属須賀川株式会社",,301,"福島県","須賀川市","森宿字関表１１番１",,07,207,9620001,,,,,,,2021-03-15,1,,,,,"オクナリキンゾクスカガワ",0
1371,6380002013700,21,0,2026-09-29,2026-09-25,"有限会社合設計",,302,"福島県","郡山市","麓山１丁目７番１８号ヤマトビル２階",,07,203,9638876,,,2026-09-25,01,,,2015-10-05,1,,,,,,0
1372,6380002030076,21,0,2026-09-29,2026-09-24,"有限会社伸興開発",,302,"福島県","双葉郡大熊町","大字小入野字東大和久６５３番地",,07,545,9791302,,,2026-09-24,01,,,2015-10-05,1,,,,,"シンコウカイハツ",0
1373,6390001010012,21,0,2026-09-29,2026-09-24,"株式会社ワールドソーイング",,301,"山形県","米沢市","アルカディア１丁目８０８番地の９",,06,202,9920119,,,2026-09-24,11,8011001038566,"令和８年９月１日東京都品川区東五反田二丁目２２番９号エムシーファッション株式会社（8011001038566）に合併し解散",2015-10-05,1,,,,,"ワールドソーイング",0
1374,6390003002073,21,0,2026-09-29,2026-09-24,"合同会社ｌｉｎｋ",,305,"山形県","米沢市","成島町２丁目１番３３号",,06,202,9920057,,,2026-09-24,11,2011001098368,"令和８年９月１日東京都渋谷区千駄ヶ谷４－２８－７株式会社Ｊｏｋｅｒ（2011001098368）に合併し解散",2023-04-04,1,,,,,"リンク",0
1375,6420001019660,01,0,2026-09-29,2026-09-29,"株式会社白山",,301,"青森県","三戸郡三戸町","大字同心町字古間木平３９番地１",,02,441,0390134,,,,,,,2026-09-29,1,,,,,"シラヤマ",0
1376,6420003002631,01,1,2026-09-29,2022-12-19,"合同会社ＫＣ‐２２インベストメント",,305,"青森県","上北郡七戸町","字森ノ上１００番地１",,02,402,0392827,,,,,,,2022-12-19,1,,,,,,0
1377,6420003003035,21,0,2026-09-29,2026-09-24,"合同会社ヒラカワ",,305,"青森県","つがる市","柏稲盛岡本５４番地",,02,209,0383107,,,2026-09-24,01,,,2024-12-12,1,,,,,"ヒラカワ",0
1378,6430001004843,01,0,2026-09-29,2026-09-29,"旭林建設株式会社",,301,"北海道","札幌市白石区","菊水上町二条３丁目５２番地１５７",,01,104,0030812,,,,,,,2026-09-29,1,,,,,"キョクリンケンセツ",0
1379,6430001059516,01,1,2026-09-29,2015-10-05,"家系図作成代行センター株式会社",,301,"北海道","札幌市厚別区","大谷地西３丁目１番３２号",,01,108,0040042,,,,,,,2015-10-05,0,,,,,"カケイズサクセイダイコウセンター",0
1380,6430001059516,12,1,2026-09-29,2017-05-09,"家系図作成代行センター株式会社",,301,"北海道","札幌市清田区","里塚緑ケ丘１丁目１５番１号",,01,110,0040805,,,,,,,2015-10-05,1,,,,,"カケイズサクセイダイコウセンター",0
1381,6430001088639,12,0,2026-09-29,2026-09-24,"株式会社藤本高等教育研究所",,301,"北海道","札幌市中央区","南五条西１５丁目２－３－５０３号",,01,101,0640805,,,,,,,2023-03-16,1,,,,,"フジモトコウトウキョウイクケンキュウショ",0
1382,6430002064548,01,1,2026-09-29,2015-10-05,"トミック包材有限会社",,302,"北海道","室蘭市","増市町１丁目１８番１８号",,01,205,0510034,,,,,,,2015-10-05,1,,,,,"トミックホウザイ",0
1383,6430003019451,01,0,2026-09-29,2026-09-29,"合同会社ひだ縁企画",,305,"北海道","札幌市北区","新川西三条５丁目８番１５号",,01,102,0010933,,,,,,,2026-09-29,1,,,,,"ヒダエンキカク",0
1384,6430005015572,01,0,2026-09-29,2026-09-29,"弁護士法人ｕ．Ｌｅｘ合同法律事務所",,399,"北海道","札幌市中央区","南一条東３丁目１０番地１北海道日伊文化会館新館３階",,01,101,0600051,,,,,,,2026-09-29,1,,,,,"ユーレックスゴウドウホウリツジムショ",0
1385,6470001021439,01,0,2026-09-29,2026-09-29,"株式会社ｏｎｔｏ",,301,"香川県","高松市","元山町１２７０番地",,37,201,7610311,,,,,,,2026-09-29,1,,,,,"オントゥー",0
1386,6470003003204,01,0,2026-09-29,2026-09-29,"ジムラクＤＸ合同会社",,305,"香川県","綾歌郡宇多津町","浜二番丁１２番地５カーサ二番丁２１１",,37,386,7690202,,,,,,,2026-09-29,1,,,,,"ジムラクディーエックス",0
1387,6490001003220,01,1,2026-09-29,2015-10-05,"株式会社高知中央ホーム",,301,"高知県","高知市","中久万５０９番地２",,39,201,7800983,,,,,,,2015-10-05,0,,,,,"コウチチュウオウホーム",0
1388,6490001003220,12,1,2026-09-29,2016-07-01,"株式会社高知中央ホーム",,301,"高知県","高知市","秦南町１丁目１番１６号",,39,201,7800026,,,,,,,2015-10-05,1,,,,,"コウチチュウオウホーム",0
1389,6500002004125,12,0,2026-09-29,2026-09-18,"有限会社タカオカコンタクト",,302,"愛知県","名古屋市千種区","池園町１丁目５３番地グレイス本山Ａ棟２０１号",,23,101,4640818,,,,,,,2015-10-05,1,,,,,"タカオカコンタクト",0
1390,6700150136204,01,1,2026-09-29,2026-06-16,"ＮＯＶＡＲＡ　ＡＤＶＩＳＯＲＹ　ＰＡＲＴＮＥＲＳ　ＬＩＭＩＴＥＤ",,401,"東京都","港区","虎ノ門１丁目１７－１　虎ノ門ヒルズビジネスタワー１５階",,13,103,1050001,"９８ウエスト・ストリート、オウンドル、ピーターボロウ、イングランドＰＥ８４ＥＦ",,,,,,2026-06-16,1,,,,,"ノヴアラアドバイザリーパートナーズリミテツド",0
1391,7010001031037,12,0,2026-09-29,2026-08-27,"山傳ビルデイング株式会社",,301,"東京都","千代田区","東神田２丁目３番４号",,13,101,1010031,,,,,,,2015-10-05,1,,,,,"ヤマデンビルディング",0
1392,7010001046489,01,1,2026-09-29,2015-10-05,"株式会社ジェイエムアンドカンパニー",,301,"東京都","中央区","銀座４丁目１４番７号",,13,102,1040061,,,,,,,2015-10-05,1,,,,,"ジェイエムアンドカンパニー",0
1393,7010001119179,12,0,2026-09-29,2026-09-25,"銀座セカンドライフ株式会社",,301,"東京都","中央区","銀座７丁目１３番２０号銀座ＴＨビル９Ｆ",,13,102,1040061,,,,,,,2015-10-05,1,,,,,"ギンザセカンドライフ",0
1394,7010001169785,12,0,2026-09-29,2026-08-28,"株式会社Ｆｏｒｔｕｎｅ　Ｔｅｒｒａｃｅ",,301,"東京都","中央区","銀座１丁目１２番４号Ｎ＆ＥＢＬＤ．６Ｆ",,13,102,1040061,,,,,,,2015-10-05,1,,,,,"フォーチュンテラス",0
1395,7010001203040,12,0,2026-09-29,2026-09-25,"株式会社Ｌｉｆｅ　Ｌｉｎｋ",,301,"東京都","江戸川区","本一色２丁目１８－２",,13,123,1330044,,,,,,,2019-08-07,1,,,,,"ライフリンク",0
1396,7010001248762,01,1,2026-09-29,2024-10-15,"株式会社ＵＰＳＩＤＥ",,301,"東京都","千代田区","飯田橋２丁目１番１０号ＴＵＧビル４Ｆ",,13,101,1020072,,,,,,,2024-10-15,1,,,,,"アップサイド",0
1397,7010001255627,12,0,2026-09-29,2026-09-25,"株式会社ＲＯＤＥＯ　ＪＰＮ",,301,"沖縄県","石垣市","美崎町７番地２４・１階",,47,207,9070012,,,,,,,2025-06-03,1,,,,,"ロデオジャパン",0
1398,7010001268926,01,0,2026-09-29,2026-09-29,"木白年株式会社",,301,"東京都","中央区","銀座１丁目１２－４Ｎ＆ＥＢＬＤ．ビル７階",,13,102,1040061,,,,,,,2026-09-29,1,,,,,"キハクネン",0
1399,7010001269016,01,0,2026-09-29,2026-09-29,"やすやす株式会社",,301,"東京都","千代田区","麹町３丁目１２番５号近代ビル５階",,13,101,1020083,,,,,,,2026-09-29,1,,,,,"ヤスヤス",0
1400,7010001269148,01,0,2026-09-29,2026-09-29,"株式会社森嶋ホールディングス",,301,"東京都","千代田区","九段南１丁目５番６号りそな九段ビル５Ｆ－ＫＳフロア",,13,101,1020074,,,,,,,2026-09-29,1,,,,,"モリシマホールディングス",0
1401,7010003023478,01,1,2026-09-29,2016-05-09,"合同会社ＡＹコンサルティング",,305,"東京都","中央区","東日本橋２丁目２８番４号日本橋ＣＥＴビル２階",,13,102,1030004,,,,,,,2016-05-09,0,,,,,"エーワイコンサルティング",0
1402,7010003023478,12,0,2026-09-29,2026-09-17,"合同会社ＡＹコンサルティング",,305,"千葉県","市川市","湊１２番２号レジデンス青山２０２号",,12,203,2720131,,,,,,,2016-05-09,1,,,,,"エーワイコンサルティング",0
1403,7010003032669,21,0,2026-09-29,2026-09-02,"Ｈｏｌｔｅｃ　Ｊａｐａｎ合同会社",,305,"東京都","千代田区","大手町１丁目７番２号東京サンケイビル２７階",,13,101,1000004,,,2026-09-02,01,,,2020-07-31,1,,,,,"ホルテックジャパン",0
1404,7010003052758,01,0,2026-09-29,2026-09-29,"フレンズ合同会社",,305,"東京都","中央区","銀座７丁目１３番６号サガミビル２階",,13,102,1040061,,,,,,,2026-09-29,1,,,,,"フレンズ",0
1405,7010003052782,01,0,2026-09-29,2026-09-29,"ｆｏｒ　ｍｅ合同会社",,305,"東京都","中央区","晴海２丁目３－２－４５１７号室",,13,102,1040053,,,,,,,2026-09-29,1,,,,,"フォーミー",0
1406,7010003052816,01,0,2026-09-29,2026-09-29,"ＸｉｕｍＣｌｏｕｄ合同会社",,305,"東京都","千代田区","神田佐久間町２丁目１８番地１秋葉原ＳＴＮフロント１０階",,13,101,1010025,,,,,,,2026-09-29,1,,,,,"ジウムクラウド",0
1407,7010005022965,12,0,2026-09-29,2026-08-25,"医療法人社団スマイルイノベーション",,399,"東京都","中央区","銀座４丁目３番９号天賞堂ビル６階、７階",,13,102,1040061,,,,,,,2015-10-05,1,,,,,"スマイルイノベーション",0
1408,7010005042253,01,0,2026-09-29,2026-09-29,"一般社団法人ＦｒｅｅＬｉｆｅＬａｂ．",,399,"東京都","中央区","日本橋２丁目１６－４ｒｅｍｉｘ日本橋６階",,13,102,1030027,,,,,,,2026-09-29,1,,,,,"フリーライフラボ",0
1409,7010401129091,12,0,2026-09-29,2026-09-25,"株式会社エルエスジェイ",,301,"東京都","墨田区","業平２丁目１２番３号プティアムススカイツリー前１０６号",,13,107,1300002,,,,,,,2017-01-17,1,,,,,"エルエスジェイ",0
1410,7010401140908,01,1,2026-09-29,2018-09-26,"ＴＴＮＥ株式会社",,301,"東京都","港区","浜松町１丁目２１番４号",,13,103,1050013,,,,,,,2018-09-26,0,,,,,"ティーティエヌイー",0
1411,7010401140908,12,0,2026-09-29,2026-09-25,"ＴＴＮＥ株式会社",,301,"東京都","渋谷区","千駄ヶ谷３丁目５４番１１号",,13,113,1510051,,,,,,,2018-09-26,1,,,,,"ティーティエヌイー",0
1412,7010401156152,21,0,2026-09-29,2026-09-17,"株式会社馬産地情報サービス",,301,"東京都","中野区","鷺宮１丁目２７番７号",,13,114,1650032,,,2026-09-17,01,,,2020-10-28,1,,,,,"バサンチジョウホウサービス",0
1413,7010401196355,11,0,2026-09-29,2026-08-03,"株式会社ＡＳ　Ｒｅａｌ",,301,"東京都","港区","元赤坂１丁目１番７－１２０９号株式会社赤坂国際会計内",,13,103,1070051,,,,,,,2026-02-19,1,,,,,"アズリアル",0
1414,7010402013261,01,1,2026-09-29,2015-10-05,"有限会社友愛コンサルタント",,302,"東京都","港区","南青山２丁目４番８号",,13,103,1070062,,,,,,,2015-10-05,0,,,,,"ユウアイコンサルタント",0
1415,7010402013261,12,0,2026-09-29,2026-09-24,"有限会社友愛コンサルタント",,302,"神奈川県","茅ヶ崎市","柳島海岸２番８－１０５号",,14,207,2530063,,,,,,,2015-10-05,1,,,,,"ユウアイコンサルタント",0
1416,7010402026602,01,1,2026-09-29,2015-10-05,"有限会社渡辺工房",,302,"東京都","世田谷区","玉川台１丁目２番７－４０５号",,13,112,1580096,,,,,,,2015-10-05,0,,,,,"ワタナベコウボウ",0
1417,7010402026602,12,1,2026-09-29,2016-03-02,"有限会社渡辺工房",,302,"東京都","港区","西麻布３丁目３番３号三菊１０２",,13,103,1060031,,,,,,,2015-10-05,0,,,,,"ワタナベコウボウ",0
1418,7010402026602,12,1,2026-09-29,2023-07-18,"有限会社渡辺工房",,302,"東京都","港区","元麻布３丁目１０－１１大和コーポ２０３",,13,103,1060046,,,,,,,2015-10-05,1,,,,,"ワタナベコウボウ",0
1419,7010403036336,11,0,2026-09-29,2026-09-08,"株式会社ｗｅｌｌｎａｒｅ",,301,"東京都","港区","南青山３丁目１番３６号青山丸竹ビル６Ｆ",,13,103,1070062,,,,,,,2025-10-20,1,,,,,"ウェルナーレ",0
1420,7010403039140,01,0,2026-09-29,2026-09-29,"ＳＬＧ　ＪＡＰＡＮ合同会社",,305,"東京都","港区","赤坂４丁目８－２０ＪＥＳＣＯ赤坂表町ビル７階，８階，９階",,13,103,1070052,,,,,,,2026-09-29,1,,,,,"エスエルジージャパン",0
1421,7010403039165,01,0,2026-09-29,2026-09-29,"合同会社ＺＥＯＮ",,305,"東京都","港区","新橋３丁目１５番７号１Ｆ",,13,103,1050004,,,,,,,2026-09-29,1,,,,,"ゼオン",0
1422,7010403039173,01,0,2026-09-29,2026-09-29,"セニマージュ・ジャポン合同会社",,305,"東京都","港区","六本木３丁目１６番１２号六本木ＫＳビル５Ｆ",,13,103,1060032,,,,,,,2026-09-29,1,,,,,"セニマージュジャポン",0
1423,7010403039207,01,0,2026-09-29,2026-09-29,"ジェイエルスリー合同会社",,305,"東京都","港区","元赤坂１丁目１番７－１２０９号株式会社赤坂国際会計内",,13,103,1070051,,,,,,,2026-09-29,1,,,,,"ジェイエルスリー",0
1424,7010501056491,01,0,2026-09-29,2026-09-29,"株式会社ねこかつお",,301,"東京都","台東区","浅草１丁目１３番５号",,13,106,1110032,,,,,,,2026-09-29,1,,,,,"ネコカツオ",0
1425,7010601036303,12,0,2026-09-29,2026-09-25,"株式会社ゼロ・ジャパン",,301,"神奈川県","川崎市幸区","小向西町４丁目５３メゾンファスト３階",,14,132,2120004,,,,,,,2015-10-05,1,,,,,"ゼロジャパン",0
1426,7010601061656,12,0,2026-09-29,2026-09-24,"アリ広株式会社",,301,"東京都","港区","三田１丁目３番４０号麻布十番ＢＵＳＩＮＥＳＳＣＵＢＥ－Ｓ天翔オフィス麻布十番６０１号室",,13,103,1080073,,,,,,,2022-08-15,1,,,,,"アリヒロ",0
1427,7010601069872,01,0,2026-09-29,2026-09-29,"株式会社グローサス・アカウンティング",,301,"東京都","墨田区","江東橋２丁目１４番７号錦糸町サンライズビル８階Ａ",,13,107,1300022,,,,,,,2026-09-29,1,,,,,"グローサスアカウンティング",0
1428,7010603012475,01,0,2026-09-29,2026-09-29,"合同会社ｃｏｃｏ‐ｅｘａｃｔｌｙ",,305,"東京都","江東区","扇橋１丁目２番９号ヴェラハイツ扇橋５０２",,13,108,1350011,,,,,,,2026-09-29,1,,,,,"ココイグザクトリー",0
1429,7010701009357,01,1,2026-09-29,2015-10-05,"株式会社丸山福市商店",,301,"東京都","品川区","西五反田７丁目２２番１７号テーオーシー７階５３号",,13,109,1410031,,,,,,,2015-10-05,1,,,,,"マルヤマフクイチショウテン",0
1430,7010701026220,12,0,2026-09-29,2026-09-18,"株式会社風姿華傳",,301,"神奈川県","横浜市西区","北幸２丁目２番１号７階",,14,103,2200004,,,,,,,2015-10-05,1,,,,,"フウシカデン",0
1431,7010701027409,01,1,2026-09-29,2015-10-05,"株式会社エメラルド",,301,"東京都","品川区","東品川４丁目１２－５イオン品川シーサイド３Ｆリラックス",,13,109,1400002,,,,,,,2015-10-05,1,,,,,"エメラルド",0
1432,7010703008514,01,0,2026-09-29,2026-09-29,"合同会社ＲＯＤＭＡＮ　ＴＯＫＹＯ",,305,"東京都","品川区","戸越２丁目５番２号ふぁみーゆ戸越Ｂ１Ｆ",,13,109,1420041,,,,,,,2026-09-29,1,,,,,"ロッドマントウキョウ",0
1433,7010901004414,01,1,2026-09-29,2015-10-05,"財恒株式会社",,301,"東京都","世田谷区","北烏山９丁目１番９号",,13,112,1570061,,,,,,,2015-10-05,1,,,,,"ザイコウ",0
1434,7010902008059,01,1,2026-09-29,2015-10-05,"有限会社菅田商事",,302,"東京都","世田谷区","新町３丁目２０番１号",,13,112,1540014,,,,,,,2015-10-05,1,,,,,"スゲタショウジ",0
1435,7010902025459,01,1,2026-09-29,2015-10-05,"ロンジェニック有限会社",,302,"東京都","世田谷区","世田谷１丁目２０番１０号",,13,112,1540017,,,,,,,2015-10-05,0,,,,,"ロンジェニック",0
1436,7010902025459,12,0,2026-09-29,2026-09-24,"ロンジェニック有限会社",,302,"京都府","京都市左京区","修学院水川原町５番１号",,26,103,6068027,,,,,,,2015-10-05,1,,,,,"ロンジェニック",0
1437,7011001053095,21,0,2026-09-29,2026-09-03,"株式会社ネストクリエーション・ラボ",,301,"東京都","渋谷区","渋谷１丁目３番１８号",,13,113,1500002,,,2026-09-03,01,,,2015-10-05,1,,,,,"ネストクリエーションラボ",0
1438,7011001069752,12,0,2026-09-29,2026-08-20,"株式会社クァム",,301,"東京都","港区","北青山３丁目６番７号青山パラシオタワー１１階",,13,103,1070061,,,,,,,2015-10-05,1,,,,,"クァム",0
1439,7011001129003,21,0,2026-09-29,2026-09-14,"株式会社ＭｉｎｔＭｅ",,301,"東京都","渋谷区","渋谷２丁目７番５号",,13,113,1500002,,,2026-09-14,01,,,2019-07-16,1,,,,,"ミントミー",0
1440,7011001129507,12,0,2026-09-29,2026-09-01,"レースペース・ジャパン株式会社",,301,"東京都","千代田区","二番町１１番地９花ビル２階４号室",,13,101,1020084,,,,,,,2019-08-15,1,,,,,"レースペースジャパン",0
1441,7011001144910,12,0,2026-09-29,2026-09-25,"ユアトレード株式会社",,301,"東京都","新宿区","四谷坂町１０番１０号",,13,104,1600002,,,,,,,2022-01-06,1,,,,,"ユアトレード",0
1442,7011001156229,12,0,2026-09-29,2026-09-24,"株式会社ｅｔａｌｅｒ",,301,"東京都","品川区","西五反田１丁目１７番１号第２東栄ビル６０２号",,13,109,1410031,,,,,,,2023-08-09,1,,,,,"エターレル",0
1443,7011001170378,12,0,2026-09-29,2026-09-25,"株式会社Ｚｅｎｉｔｈ　Ｃｏｄｅ",,301,"東京都","墨田区","両国３丁目２５番８号１０－０１",,13,107,1300026,,,,,,,2025-06-23,1,,,,,"ゼニスコード",0
1444,7011001177654,12,0,2026-09-29,2026-09-02,"株式会社Ｍｕｓｅ",,301,"東京都","渋谷区","恵比寿西２丁目４番８号ウィンド恵比寿ビル８",,13,113,1500021,,,,,,,2026-05-28,1,,,,,"ミューズ",0
1445,7011001180427,01,0,2026-09-29,2026-09-29,"ＭＲ　ＮＡＩＬ株式会社",,301,"東京都","渋谷区","道玄坂１丁目１０番８号渋谷道玄坂東急ビル２Ｆ－Ｃ",,13,113,1500043,,,,,,,2026-09-29,1,,,,,"エムアールネイル",0
1446,7011001180526,01,0,2026-09-29,2026-09-29,"ＧＩＰコマース株式会社",,301,"東京都","渋谷区","円山町６番７号渋谷アムフラット１階",,13,113,1500044,,,,,,,2026-09-29,1,,,,,"ジーアイーピーコマース",0
1447,7011001180550,01,0,2026-09-29,2026-09-29,"ＹＭアルファ株式会社",,301,"東京都","渋谷区","神宮前５丁目５１番８号ラ・ポルト青山２Ｆ－７",,13,113,1500001,,,,,,,2026-09-29,1,,,,,"ワイエムアルファ",0
1448,7011001180559,01,0,2026-09-29,2026-09-29,"株式会社ディフェンドトラスト",,301,"東京都","渋谷区","円山町５番３号ＭＩＥＵＸ渋谷ビル８階",,13,113,1500044,,,,,,,2026-09-29,1,,,,,"ディフェンドトラスト",0
1449,7011002028955,12,0,2026-09-29,2026-09-01,"株式会社ヒューマンヴォイス",,301,"東京都","千代田区","岩本町２丁目５－５フジタニビル２階",,13,101,1010032,,,,,,,2015-10-05,1,,,,,"ヒューマンヴォイス",0
1450,7011003008725,21,0,2026-09-29,2026-09-11,"合同会社ＫＡＭＡＴＡホールディングス",,305,"東京都","目黒区","青葉台２丁目１７番３号パークビュー青葉台２０３",,13,110,1530042,,,2026-09-11,01,,,2018-04-20,1,,,,,"カマタホールディングス",0
1451,7011003025373,01,0,2026-09-29,2026-09-29,"合同会社Ｌｉｂｅｒｔｙ　Ｐａｌｅｔｔｅ",,305,"東京都","渋谷区","神宮前５丁目５１番８号ラ・ポルト青山２Ｆ－７",,13,113,1500001,,,,,,,2026-09-29,1,,,,,"リバティーパレット",0
1452,7011005003030,12,0,2026-09-29,2026-09-24,"一般社団法人エステティックセラピスト協会",,399,"東京都","港区","南青山２丁目１２番１２号",,13,103,1070062,,,,,,,2015-10-05,1,,,,,"エステティックセラピストキョウカイ",0
1453,7011101072029,12,0,2026-09-29,2026-09-24,"株式会社ＦｏｒｔｙＦｏｕｒ",,301,"東京都","新宿区","西新宿１丁目２６番２号",,13,104,1600023,,,,,,,2015-10-05,1,,,,,"フォーティフォー",0
1454,7011101115167,12,0,2026-09-29,2026-09-24,"大山製薬株式会社",,301,"大阪府","大阪市中央区","内平野町２丁目４番５号内平野中央ビル５階",,27,128,5400037,,,,,,,2026-03-09,1,,,,,"オオヤマセイヤク",0
1455,7011203004879,01,1,2026-09-29,2025-11-12,"ＡＩクリエイターズ合同会社",,305,"東京都","中野区","本町２丁目４６番１号中野坂上サンライトツイン１４階",,13,114,1640012,,,,,,,2025-11-12,1,,,,,,0
1456,7011401026865,12,0,2026-09-29,2026-09-24,"辰和株式会社",,301,"東京都","港区","白金台５丁目２２番１１号４０５号",,13,103,1080071,,,,,,,2025-03-07,1,,,,,"シンワ",0
1457,7011402018928,12,0,2026-09-29,2026-09-25,"有限会社ミニマル",,302,"東京都","渋谷区","道玄坂１丁目１６番６号二葉ビル８ｂ",,13,113,1500043,,,,,,,2015-10-05,1,,,,,"ミニマル",0
1458,7011501013854,01,1,2026-09-29,2015-10-05,"株式会社植村製材所",,301,"東京都","荒川区","東日暮里４丁目１５番１４号",,13,118,1160014,,,,,,,2015-10-05,1,,,,,"ウエムラセイザイショ",0
1459,7011501023688,12,0,2026-09-29,2026-09-18,"株式会社ＳｔａｒＣｈａｎｔ",,301,"千葉県","浦安市","東野２丁目９－１１",,12,227,2790042,,,,,,,2018-05-11,1,,,,,"スターチャント",0
1460,7011501030073,12,0,2026-09-29,2026-09-25,"ＨＦＺ　Ｉｎｖｅｓｔｍｅｎｔ株式会社",,301,"東京都","墨田区","両国３丁目２５－８",,13,107,1300026,,,,,,,2023-12-04,1,,,,,"エッチエフゼットインベストメント",0
1461,7011601020858,01,1,2026-09-29,2016-04-20,"株式会社杉建",,301,"東京都","練馬区","豊玉中２丁目１６番１１号",,13,120,1760013,,,,,,,2016-04-20,1,,,,,"スギケン",0
1462,7011701020527,01,1,2026-09-29,2017-01-19,"株式会社ナピル",,301,"東京都","江戸川区","西葛西１丁目１０番地６号",,13,123,1340088,,,,,,,2017-01-19,0,,,,,,0
1463,7011701020527,12,1,2026-09-29,2019-06-12,"株式会社ナピル",,301,"東京都","中央区","銀座２丁目１４番１号森山ビル２階",,13,102,1040061,,,,,,,2017-01-19,0,,,,,,0
1464,7011701020527,12,1,2026-09-29,2021-03-16,"株式会社ナピル",,301,"東京都","中央区","銀座８丁目１７番５号アイオス銀座９階",,13,102,1040061,,,,,,,2017-01-19,0,,,,,,0
1465,7011701020527,12,1,2026-09-29,2024-01-04,"株式会社ナピル",,301,"東京都","中央区","銀座２丁目１５番２号６階",,13,102,1040061,,,,,,,2017-01-19,0,,,,,,0
1466,7011701020527,12,1,2026-09-29,2026-08-24,"株式会社ナピル",,301,"東京都","中央区","勝どき３丁目１２番１号８階",,13,102,1040054,,,,,,,2017-01-19,1,,,,,,0
1467,7011701025377,11,0,2026-09-29,2026-09-17,"アステリアキャンバス株式会社",,301,"東京都","千代田区","神田駿河台３丁目３番地ＵＺビル５階",,13,101,1010062,,,,,,,2022-07-08,1,,,,,"アステリアキャンバス",0
1468,7011702016210,01,1,2026-09-29,2015-10-05,"有限会社保島",,302,"東京都","江戸川区","東葛西６丁目１８番１７号",,13,123,1340084,,,,,,,2015-10-05,1,,,,,"ホシマ",0
1469,7011703004131,12,0,2026-09-29,2026-09-18,"合同会社ぽらりす",,305,"東京都","江戸川区","船堀６丁目１１－２５－１０５",,13,123,1340091,,,,,,,2025-02-20,1,,,,,"ポラリス",0
1470,7011703004742,01,0,2026-09-29,2026-09-29,"合同会社Ａｌａｖｉｓｅ",,305,"東京都","江戸川区","中葛西３丁目２４番１０－２０３号",,13,123,1340083,,,,,,,2026-09-29,1,,,,,"アラヴィス",0
1471,7011801026523,12,0,2026-09-29,2026-09-01,"株式会社シビルアーチ",,301,"東京都","文京区","関口１丁目４４番４号",,13,105,1120014,,,,,,,2015-10-05,1,,,,,"シビルアーチ",0
1472,7011801046380,12,0,2026-09-29,2026-09-18,"株式会社スターアップル",,301,"東京都","港区","東麻布２丁目３５番１号ＫＣビル６階",,13,103,1060044,,,,,,,2025-06-30,1,,,,,"スターアップル",0
1473,7011802005609,01,1,2026-09-29,2015-10-05,"有限会社トマト",,302,"東京都","葛飾区","堀切４丁目５２番９号",,13,122,1240006,,,,,,,2015-10-05,1,,,,,"トマト",0
1474,7011802009295,01,1,2026-09-29,2015-10-05,"網野ゴム工業有限会社",,302,"東京都","足立区","竹の塚２丁目１９番１０号",,13,121,1210813,,,,,,,2015-10-05,1,,,,,"アミノゴムコウギョウ",0
1475,7011803007637,01,0,2026-09-29,2026-09-29,"合同会社インスパーク",,305,"東京都","葛飾区","鎌倉４丁目７番３号",,13,122,1250053,,,,,,,2026-09-29,1,,,,,"インスパーク",0
1476,7012401038116,12,0,2026-09-29,2026-09-25,"株式会社ＰＲＯＵＤ　ＨＯＭＥ",,301,"東京都","多摩市","関戸４丁目１０番９号聖ビル４Ｆ－Ｂ",,13,224,2060011,,,,,,,2021-07-19,1,,,,,"プラウドホーム",0
1477,7012403007993,01,0,2026-09-29,2026-09-29,"ＭＫ１合同会社",,305,"東京都","狛江市","岩戸北４丁目１０番１１号",,13,219,2010004,,,,,,,2026-09-29,1,,,,,"エムケイワン",0
1478,7013201013721,01,1,2026-09-29,2015-10-05,"株式会社ケイ・エム・ケー企画",,301,"東京都","目黒区","青葉台３丁目３番１９号",,13,110,1530042,,,,,,,2015-10-05,1,,,,,"ケイエムケーキカク",0
1479,7013202002715,01,1,2026-09-29,2015-10-05,"有限会社サイケデリックムーブメント",,302,"東京都","目黒区","大橋２丁目２番３号",,13,110,1530044,,,,,,,2015-10-05,1,,,,,"サイケデリックムーブメント",0
1480,7013303008454,01,0,2026-09-29,2026-09-29,"合同会社Ｆｅｒｉｍｍｏ",,305,"東京都","豊島区","南大塚３丁目２８番６―１９０１号",,13,116,1700005,,,,,,,2026-09-29,1,,,,,"フェリモ",0
1481,7013402001046,01,1,2026-09-29,2015-10-05,"有限会社戸塚",,302,"東京都","日野市","豊田４丁目４６番地の５４",,13,212,1910053,,,,,,,2015-10-05,0,,,,,"トヅカ",0
1482,7013402001046,12,1,2026-09-29,2026-09-11,"有限会社戸塚",,302,"東京都","日野市","多摩平１丁目２番地の１８第一ビル４０６号",,13,212,1910062,,,,,,,2015-10-05,1,,,,,"トヅカ",0
1483,7020001158548,12,0,2026-09-29,2026-09-10,"株式会社鈴の桜",,301,"神奈川県","横浜市戸塚区","影取町１６２番４",,14,110,2450064,,,,,,,2024-08-22,1,,,,,"スズノサクラ",0
1484,7020002043237,21,0,2026-09-29,2026-09-10,"有限会社スカイ．レイ",,302,"神奈川県","横浜市中区","真砂町２丁目１２番地",,14,104,2310016,,,2026-09-10,01,,,2015-10-05,1,,,,,"スカイレイ",0
1485,7021001089196,01,0,2026-09-29,2026-09-29,"株式会社Ｋｅｙ",,301,"神奈川県","大和市","中央４丁目２番１号",,14,213,2420021,,,,,,,2026-09-29,1,,,,,"キー",0
1486,7021002054835,01,1,2026-09-29,2015-10-05,"有限会社トライアングル",,302,"神奈川県","小田原市","風祭９番地１",,14,206,2500032,,,,,,,2015-10-05,0,,,,,"トライアングル",0
1487,7021002054835,21,1,2026-09-29,2017-01-31,"有限会社トライアングル",,302,"神奈川県","小田原市","風祭９番地１",,14,206,2500032,,,2017-01-31,21,,,2015-10-05,0,,,,,"トライアングル",0
1488,7021002054835,22,1,2026-09-29,2026-08-27,"有限会社トライアングル",,302,"神奈川県","小田原市","風祭９番地１",,14,206,2500032,,,,,,,2015-10-05,0,,,,,"トライアングル",0
1489,7021002054835,12,0,2026-09-29,2026-08-27,"有限会社トライアングル",,302,"神奈川県","小田原市","城山３丁目２５番１２号",,14,206,2500045,,,,,,,2015-10-05,1,,,,,"トライアングル",0
1490,7021003017898,01,0,2026-09-29,2026-09-29,"合同会社ケニーズ",,305,"神奈川県","高座郡寒川町","倉見２２２２－１－ガレリア湘南Ａ２",,14,321,2530101,,,,,,,2026-09-29,1,,,,,"ケニーズ",0
1491,7021005013697,01,0,2026-09-29,2026-09-29,"特定非営利活動法人こどものえんむすび",,399,"神奈川県","厚木市","山際３９番１",,14,212,2430803,,,,,,,2026-09-29,1,,,,,"コドモノエンムスビ",0
1492,7030001007638,21,0,2026-09-29,2026-09-10,"株式会社北友興業",,301,"埼玉県","さいたま市緑区","東浦和５丁目１７番地３２",,11,109,3360926,,,2026-09-10,01,,,2015-10-05,1,,,,,"ホクユウコウギョウ",0
1493,7030001044094,12,0,2026-09-29,2026-09-09,"株式会社Ｅ・Ｐ・Ｓ",,301,"埼玉県","上尾市","大字中新井２１０番地",,11,219,3620052,,,,,,,2015-10-05,1,,,,,"イーピーエス",0
1494,7030001171054,12,0,2026-09-29,2026-09-09,"株式会社ＥＪＭ",,301,"埼玉県","さいたま市浦和区","元町３丁目１２番５号ｃｏｍｉｃｈｉ浦和元町Ｅ",,11,107,3300073,,,,,,,2026-02-17,1,,,,,"イージェーエム",0
1495,7030001173967,12,0,2026-09-29,2026-09-08,"株式会社ＹＯＳＨＩ",,301,"埼玉県","さいたま市見沼区","東大宮４丁目５５‐３６",,11,104,3370051,,,,,,,2026-08-31,1,,,,,"ヨシイ",0
1496,7030002015375,12,0,2026-09-29,2026-09-10,"有限会社ライフ住販",,302,"埼玉県","さいたま市大宮区","北袋町１丁目６０１番地１（Ｅ１４３）",,11,103,3300835,,,,,,,2015-10-05,1,,,,,"ライフジュウハン",0
1497,7030002016159,01,1,2026-09-29,2015-10-05,"有限会社テイ・アンド・テイアーキテクツ",,302,"埼玉県","さいたま市見沼区","大和田町１丁目１２３０番地９１",,11,104,3370053,,,,,,,2015-10-05,1,,,,,"テイアンドテイアーキテクツ",0
1498,7030002115662,01,1,2026-09-29,2015-10-05,"有限会社新井電化設備",,302,"埼玉県","大里郡寄居町","大字富田１７０８番地",,11,408,3691216,,,,,,,2015-10-05,1,,,,,"アライデンカセツビ",0
1499,7030003004014,01,1,2026-09-29,2015-10-05,"合名会社富岡鋳工場",,303,"埼玉県","川口市","南町２丁目２番２４号",,11,203,3320026,,,,,,,2015-10-05,1,,,,,"トミオカチュウコウジョウ",0
1500,7040001000526,01,1,2026-09-29,2015-10-05,"株式会社伊勢源",,301,"千葉県","千葉市中央区","中央３丁目１０番６号",,12,101,2600013,,,,,,,2015-10-05,0,,,,,"イセゲン",0
1501,7040001000526,21,1,2026-09-29,2025-01-31,"株式会社伊勢源",,301,"千葉県","千葉市中央区","中央３丁目１０番６号",,12,101,2600013,,,2025-01-31,21,,,2015-10-05,0,,,,,"イセゲン",0
1502,7040001000526,22,1,2026-09-29,2026-08-03,"株式会社伊勢源",,301,"千葉県","千葉市中央区","中央３丁目１０番６号",,12,101,2600013,,,,,,,2015-10-05,1,,,,,"イセゲン",0
1503,7040001058432,01,1,2026-09-29,2015-10-05,"株式会社ＢＡＡＴＡＲ",,301,"千葉県","大網白里市","季美の森南２丁目３６番地１２",,12,239,2993241,,,,,,,2015-10-05,1,,,,,"バータル",0
1504,7040001145387,01,0,2026-09-29,2026-09-29,"株式会社Ｓｌａｐｓ",,301,"千葉県","習志野市","津田沼１丁目３番１１号昭和第三ビル６階",,12,216,2750016,,,,,,,2026-09-29,1,,,,,"スラップス",0
1505,7040001145412,01,0,2026-09-29,2026-09-29,"株式会社イチョウ",,301,"千葉県","千葉市若葉区","千城台南１丁目１０番１３号",,12,104,2640003,,,,,,,2026-09-29,1,,,,,"イチョウ",0
1506,7040002062706,01,1,2026-09-29,2015-10-05,"有限会社由喜",,302,"千葉県","四街道市","大日１６８番地１６",,12,228,2840001,,,,,,,2015-10-05,1,,,,,"ユウキ",0
1507,7040002063423,21,0,2026-09-29,2026-09-03,"有限会社鈴木抜型製作所",,302,"千葉県","八街市","根古谷５００番地",,12,230,2891136,,,2026-09-03,01,,,2015-10-05,1,,,,,"スズキヌキガタセイサクショ",0
1508,7050001009756,01,1,2026-09-29,2015-10-05,"株式会社丸木屋製作所",,301,"茨城県","かすみがうら市","牛渡５９３６番地５",,08,230,3000213,,,,,,,2015-10-05,0,,,,,,0
1509,7050001009756,12,1,2026-09-29,2026-08-20,"株式会社丸木屋製作所",,301,"茨城県","土浦市","大町１０番地８",,08,203,3000038,,,,,,,2015-10-05,1,,,,,,0
1510,7050001053787,12,0,2026-09-29,2026-09-28,"ブライトプロセス株式会社",,301,"東京都","荒川区","東尾久２丁目２番９号三祥ビル１０８室",,13,118,1160012,,,,,,,2023-11-08,1,,,,,"ブライトプロセス",0
1511,7070002004449,21,0,2026-09-29,2026-09-18,"有限会社美容室アベック",,302,"群馬県","前橋市","六供町１丁目１番地１",,10,201,3710804,,,2026-09-18,01,,,2015-10-05,1,,,,,"ビヨウシツアベック",0
1512,7070002009200,01,1,2026-09-29,2015-10-05,"小田澤工業有限会社",,302,"群馬県","高崎市","下滝町７１７番地５",,10,202,3700026,,,,,,,2015-10-05,1,,,,,"オダサワコウギョウ",0
1513,7070003006221,12,0,2026-09-29,2026-09-24,"合同会社Ｒｉｏｓ",,305,"東京都","品川区","小山４丁目４番１０号ＡＺ武蔵小山２０１",,13,109,1420062,,,,,,,2025-12-15,1,,,,,"リオス",0
1514,7070003006618,01,0,2026-09-29,2026-09-29,"合同会社ＡＬＶＡＲＩＳＥ",,305,"群馬県","高崎市","吉井町上奥平１９８７番地",,10,202,3702139,,,,,,,2026-09-29,1,,,,,"アルヴァライズ",0
1515,7080002010173,01,1,2026-09-29,2015-10-05,"有限会社清水コンタクトレンズセンター",,302,"静岡県","静岡市清水区","新富町９番１号",,22,103,4240833,,,,,,,2015-10-05,1,,,,,"シミズコンタクトレンズセンター",0
1516,7080401028857,01,0,2026-09-29,2026-09-29,"株式会社ベジケイ",,301,"静岡県","磐田市","加茂２００番地",,22,211,4380804,,,,,,,2026-09-29,1,,,,,"ベジケイ",0
1517,7100001015781,12,0,2026-09-29,2026-09-24,"株式会社マルナカ",,301,"長野県","塩尻市","大門幸町４番７号",,20,215,3990741,,,,,,,2015-10-05,1,,,,,"マルナカ",0
1518,7110001008958,01,1,2026-09-29,2015-10-05,"株式会社愛宕ファシリティーズ",,301,"新潟県","新潟市中央区","大島９５番地１２",,15,103,9500953,,,,,,,2015-10-05,0,,,,,"アタゴファシリティーズ",0
1519,7110001008958,11,1,2026-09-29,2026-04-15,"株式会社ＮＲＤファシリティーズ",,301,"新潟県","新潟市中央区","大島９５番地１２",,15,103,9500953,,,,,,,2015-10-05,1,,,,,"エヌアールディーファシリティーズ",0
1520,7110001040424,01,0,2026-09-29,2026-09-29,"エイセイサービス株式会社",,301,"新潟県","南魚沼郡湯沢町","大字土樽３１５３番地",00145083,15,461,9496103,,,,,,,2026-09-29,1,,,,,"エイセイサービス",0
1521,7110003006299,01,0,2026-09-29,2026-09-29,"合同会社三光堂",,305,"新潟県","新潟市江南区","荻曽根２丁目４番３２号亀山アパートＢ棟",,15,104,9500154,,,,,,,2026-09-29,1,,,,,"サンコウドウ",0
1522,7120001023766,11,0,2026-09-29,2026-09-25,"株式会社１ＳＥＬＦ",,301,"大阪府","大阪市天王寺区","真法院町１７番１４号",,27,109,5430041,,,,,,,2015-10-05,1,,,,,"ワンセルフ",0
1523,7120001136576,21,0,2026-09-29,2026-09-25,"株式会社レオン",,301,"大阪府","大阪市阿倍野区","西田辺町１丁目１９番２９号",,27,119,5450014,,,2026-09-25,01,,,2015-10-05,1,,,,,"レオン",0
1524,7120001163926,12,0,2026-09-29,2026-09-18,"株式会社恒憲産業",,301,"大阪府","岸和田市","岸の丘町１丁目１１番１号",,27,202,5960817,,,,,,,2015-10-05,1,,,,,"コウケンサンギョウ",0
1525,7120001186381,11,0,2026-09-29,2026-09-10,"志マネジメント株式会社",,301,"大阪府","大阪市北区","梅田２丁目２番２号",,27,127,5300001,,,,,,,2015-10-05,1,,,,,"ココロザシマネジメント",0
1526,7120001191992,12,0,2026-09-29,2026-09-25,"株式会社ウーキー",,301,"大阪府","高石市","取石１丁目１３番２号３０２",,27,225,5920013,,,,,,,2015-10-05,1,,,,,"ウーキー",0
1527,7120001222104,12,0,2026-09-29,2026-09-25,"ギャラクシス株式会社",,301,"大阪府","大阪市天王寺区","大道４丁目１０番１７号新井ビル４Ｆ",,27,109,5430052,,,,,,,2019-07-02,1,,,,,"ギャラクシス",0
1528,7120001234982,12,0,2026-09-29,2026-09-24,"１８６８ＢＲＥＷＩＮＧ株式会社",,301,"東京都","港区","東麻布１丁目９番１１号ＧＲＯＷＴＨＢＹＩＯＱＷ－１３",,13,103,1060044,,,,,,,2021-02-04,1,,,,,"エイティーンシックスティエイトブリューイング",0
1529,7120001273130,12,0,2026-09-29,2026-09-25,"システムクラウド株式会社",,301,"沖縄県","那覇市","安里２丁目１－１",,47,201,9020067,,,,,,,2025-02-26,1,,,,,"システムクラウド",0
1530,7120003010416,12,0,2026-09-29,2026-09-25,"合同会社ＢＯＡＴＥＮＧ　ＥＮＴＥＲＰＲＩＳＥ",,305,"大阪府","和泉市","池田下町３５０７－２－３",,27,219,5940032,,,,,,,2015-10-05,1,,,,,"ボアテンエンタープライズ",0
1531,7120003024127,12,0,2026-09-29,2026-09-16,"士心合同会社",,305,"大阪府","大阪市中央区","南船場１丁目５－２１大日南船場ビル４Ｆ",,27,128,5420081,,,,,,,2023-05-26,1,,,,,"シシン",0
1532,7120005005298,21,0,2026-09-29,2026-09-24,"医療法人成義会",,399,"大阪府","大阪市城東区","成育１丁目７番７号",,27,118,5360007,,,2026-09-24,01,,,2015-10-05,1,,,,,"セイギカイ",0
1533,7120005018630,12,0,2026-09-29,2026-09-24,"アイボウ協同組合",,399,"大阪府","大阪市中央区","瓦町１丁目７－７大阪堺筋Ｌタワー７階",,27,128,5410048,,,,,,,2016-04-18,1,,,,,"アイボウ",0
1534,7120101000236,01,1,2026-09-29,2015-10-05,"石橋水道工業株式会社",,301,"大阪府","堺市中区","土師町１丁２９番２号",,27,142,5998238,,,,,,,2015-10-05,1,,,,,"イシバシスイドウコウギョウ",0
1535,7120101004567,01,1,2026-09-29,2015-10-05,"東和工業株式会社",,301,"大阪府","堺市南区","美木多上２６３９番地",,27,145,5900136,,,,,,,2015-10-05,1,,,,,"トウワコウギョウ",0
1536,7120101055107,01,1,2026-09-29,2016-07-25,"株式会社三和",,301,"大阪府","堺市北区","中長尾町３丁３番１号",,27,146,5918044,,,,,,,2016-07-25,1,,,,,"サンワ",0
1537,7120101056732,12,0,2026-09-29,2026-09-28,"株式会社ＴＲＵＳＴ",,301,"大阪府","堺市北区","大豆塚町２丁１７番４号",,27,146,5918042,,,,,,,2017-06-22,1,,,,,"トラスト",0
1538,7120102020150,01,1,2026-09-29,2015-10-05,"有限会社原金物店",,302,"大阪府","河内長野市","原町６丁目９番１０号",,27,216,5860021,,,,,,,2015-10-05,1,,,,,"ハラカナモノテン",0
1539,7120901053193,01,0,2026-09-29,2026-09-29,"株式会社ＫＥＹＲＩＺＥＳ",,301,"大阪府","箕面市","船場東３丁目８番１号ブリリアタワー箕面船場１６０６号",,27,220,5620035,,,,,,,2026-09-29,1,,,,,"キーライゼス",0
1540,7130001005805,01,1,2026-09-29,2015-10-05,"株式会社アオバスピルリナ",,301,"京都府","京都市左京区","下鴨北園町９７番地の３",,26,103,6060831,,,,,,,2015-10-05,0,,,,,"アオバスピルリナ",0
1541,7130001005805,12,1,2026-09-29,2016-09-01,"株式会社アオバスピルリナ",,301,"京都府","京都市左京区","浄土寺下馬場町５１番地の１",,26,103,6068413,,,,,,,2015-10-05,1,,,,,"アオバスピルリナ",0
1542,7130001031999,11,0,2026-09-29,2026-09-09,"株式会社エスエスティ",,301,"京都府","京都市南区","吉祥院西ノ庄向田町３３番地５－Ａ３０３",,26,107,6018309,,,,,,,2015-10-05,1,,,,,"エスエスティ",0
1543,7130001082992,01,0,2026-09-29,2026-09-29,"株式会社京都共栄銀行",,301,"京都府","京都市下京区","四条通油小路東入傘鉾町５２番地",,26,106,6008494,,,,,,,2026-09-29,1,,,,,"キョウトキョウエイギンコウ",0
1544,7130002010028,01,1,2026-09-29,2015-10-05,"有限会社都々美",,302,"京都府","京都市東山区","大和大路通五条下る二丁目下新シ町３２５番地",,26,105,6050000,,,,,,,2015-10-05,0,,,,,"ツヅミ",0
1545,7130002010028,12,1,2026-09-29,2026-09-14,"有限会社都々美",,302,"京都府","京都市下京区","中堂寺坊城町２番地２第４５長栄シャルト五条１１０６",,26,106,6008811,,,,,,,2015-10-05,1,,,,,"ツヅミ",0
1546,7130003011685,01,0,2026-09-29,2026-09-29,"合同会社ＧＲＡＣＩＡ",,305,"京都府","京都市伏見区","久我森の宮町１１‐２２２",,26,109,6128495,,,,,,,2026-09-29,1,,,,,"グラシア",0
1547,7130005014018,01,1,2026-09-29,2015-10-05,"一般社団法人京都システムデザイン研究所",,399,"京都府","京都市西京区","松尾上ノ山町３４番地６",,26,111,6158284,,,,,,,2015-10-05,0,,,,,"キョウトシステムデザインケンキュウジョ",0
1548,7130005014018,12,1,2026-09-29,2022-03-01,"一般社団法人京都システムデザイン研究所",,399,"京都府","京都市中京区","壬生相合町８０番地１６",,26,104,6048812,,,,,,,2015-10-05,1,,,,,"キョウトシステムデザインケンキュウジョ",0
1549,7130005014406,01,1,2026-09-29,2015-11-05,"一般社団法人マンガラ・シュリ・ブティ・ジャパン",,399,"京都府","京都市左京区","上高野大橋町２０番地",,26,103,6060062,,,,,,,2015-11-05,0,,,,,,0
1550,7130005014406,12,1,2026-09-29,2020-09-14,"一般社団法人マンガラ・シュリ・ブティ・ジャパン",,399,"京都府","京都市左京区","松ケ崎河原田町２番地４１",,26,103,6060941,,,,,,,2015-11-05,1,,,,,,0
1551,7140001031503,01,1,2026-09-29,2015-10-05,"株式会社ＮＳＫ",,301,"兵庫県","神戸市中央区","下山手通３丁目８番１１号",,28,110,6500011,,,,,,,2015-10-05,1,,,,,"エヌエスケー",0
1552,7140001064412,01,1,2026-09-29,2015-10-05,"株式会社ＨＡＭＡＳＡＫＩ",,301,"兵庫県","姫路市","勝原区山戸９番地３",,28,201,6711214,,,,,,,2015-10-05,1,,,,,"ハマサキ",0
1553,7140001086035,21,0,2026-09-29,2026-09-18,"株式会社ソフィアスコーポレーション",,301,"兵庫県","洲本市","宇原１７１６番地１",,28,205,6560054,,,2026-09-18,01,,,2015-10-05,1,,,,,"ソフィアスコーポレーション",0
1554,7140001120355,12,0,2026-09-29,2026-09-18,"株式会社コウイチ",,301,"兵庫県","川西市","錦松台１９番６号",,28,217,6660135,,,,,,,2021-02-05,1,,,,,"コウイチ",0
1555,7140001127409,12,0,2026-09-29,2026-09-24,"株式会社ＳＫＮ",,301,"大阪府","大阪市東成区","玉津２丁目１５番２６号",,27,115,5370023,,,,,,,2022-09-21,1,,,,,"スキン",0
1556,7140001140576,12,0,2026-09-29,2026-09-18,"Ｇｏｏｄ　Ｓｌｅｅｐ　Ｓｏｌｕｔｉｏｎｓ株式会社",,301,"兵庫県","西宮市","田中町３番１号エイヴィスプラザ２０９号室",,28,204,6620973,,,,,,,2025-10-28,1,,,,,"グッドスリープソリューションズ",0
1557,7140001144073,01,1,2026-09-29,2026-09-16,"ＳＧＸ　ＧＬＯＢＡＬ　ＴＲＡＤＩＮＧ株式会社",,301,"兵庫県","神戸市灘区","弓木町４丁目３番１－Ｅ１２０１号",,28,102,6570026,,,,,,,2026-09-16,1,,,,,"エスジエックスグローバルトレーディング",0
1558,7140001144148,01,0,2026-09-29,2026-09-29,"Ｒｉｖｅｒ　Ｊｏｉｎｔ株式会社",,301,"兵庫県","尼崎市","北大物町１０番１１号",,28,202,6600804,,,,,,,2026-09-29,1,,,,,"リバージョイント",0
1559,7140003014662,21,0,2026-09-29,2026-09-24,"合同会社ＦＲＥＥ’Ｓ　ＫＯＢＥ",,305,"兵庫県","神戸市中央区","加納町４丁目５番１０号北野坂ＫＩＮＳＥＮビル４階",,28,110,6500001,,,2026-09-24,01,,,2020-01-30,1,,,,,"フリーズコウベ",0
1560,7140003018770,11,0,2026-09-29,2026-09-18,"合同会社あすか企画",,305,"兵庫県","神戸市垂水区","塩屋町９丁目２０－１２－１０１",,28,108,6550872,,,,,,,2023-02-28,1,,,,,"アスカキカク",0
1561,7140003024026,12,0,2026-09-29,2026-09-16,"合同会社かいぶ",,305,"兵庫県","尼崎市","東園田町３丁目５２番地の１５",,28,202,6610953,,,,,,,2026-08-25,1,,,,,"カイブ",0
1562,7140003024034,12,0,2026-09-29,2026-09-18,"合同会社１９ＩＳＬＡＮＤ",,305,"兵庫県","神戸市東灘区","御影本町１丁目１２－２０",,28,101,6580046,,,,,,,2026-08-31,1,,,,,"ジュークアイランド",0
1563,7140003024133,01,0,2026-09-29,2026-09-29,"合同会社拓海ケアプラン",,305,"兵庫県","神戸市垂水区","大町２丁目６番Ａ－３０４号",,28,108,6550014,,,,,,,2026-09-29,1,,,,,"タクミケアプラン",0
1564,7140005005172,01,1,2026-09-29,2015-10-05,"医療法人社団橋本クリニック",,399,"兵庫県","神戸市東灘区","住吉本町１丁目７番２号石橋ビル３階",,28,101,6580051,,,,,,,2015-10-05,1,,,,,"ハシモトクリニック",0
1565,7150002005521,21,0,2026-09-29,2026-09-25,"有限会社ケミックスジャパン",,302,"奈良県","奈良市","朱雀５丁目１５番地の１３",,29,201,6310806,,,2026-09-25,01,,,2015-10-05,1,,,,,"ケミックスジャパン",0
1566,7160001024182,01,1,2026-09-29,2022-05-10,"株式会社たぬきホーム",,301,"滋賀県","近江八幡市","中小森町３２７番地７",,25,204,5230041,,,,,,,2022-05-10,1,,,,,,0
1567,7160001027945,01,0,2026-09-29,2026-09-29,"株式会社ＭＩＲＡＩＥ＆ＡＬＬＩＡＮＣＥ",,301,"滋賀県","野洲市","比留田５６８番地１号",,25,210,5202422,,,,,,,2026-09-29,1,,,,,"ミライエアンドアライアンス",0
1568,7160005011540,01,0,2026-09-29,2026-09-29,"一般社団法人大津未来文化アカデミー",,399,"滋賀県","大津市","丸の内町９番３３号",,25,201,5200813,,,,,,,2026-09-29,1,,,,,"オオツミライブンカアカデミー",0
1569,7170001000034,21,0,2026-09-29,2026-09-25,"株式会社アイビーフーズ",,301,"和歌山県","和歌山市","堀止東２丁目３番２０号",,30,201,6408136,,,2026-09-25,01,,,2015-10-05,1,,,,,"アイビーフーズ",0
1570,7170001013721,21,0,2026-09-29,2026-09-24,"株式会社早和なでしこ",,301,"和歌山県","有田市","宮原町東３４９番地２",,30,204,6490432,,,2026-09-24,01,,,2015-10-05,1,,,,,"ソウワナデシコ",0
1571,7180001123998,01,1,2026-09-29,2016-07-13,"株式会社ラ・ミューズ",,301,"愛知県","名古屋市緑区","桶狭間神明３０１５番地の１",,23,114,4580919,,,,,,,2016-07-13,1,,,,,"ラミューズ",0
1572,7180001171312,12,0,2026-09-29,2026-09-24,"Ａｑｕａ　Ｔｈｅｏｎ　Ｊａｐａｎ株式会社",,301,"東京都","千代田区","霞が関３丁目２番３号霞が関コモンゲートアネックス棟２階",,13,101,1000013,,,,,,,2026-04-02,1,,,,,"アクアセオンジャパン",0
1573,7180001173622,01,0,2026-09-29,2026-09-29,"株式会社ＢＣＹホールディングス",,301,"愛知県","瀬戸市","苗場町４８番地の２スペリア瀬戸２０５",,23,204,4890983,,,,,,,2026-09-29,1,,,,,,0
1574,7180001173713,01,0,2026-09-29,2026-09-29,"株式会社ＳＧネクステップ",,301,"愛知県","名古屋市千種区","今池３丁目３８番１号",,23,101,4640850,,,,,,,2026-09-29,1,,,,,"エスジーネクステップ",0
1575,7180003025854,12,0,2026-09-29,2026-09-04,"ＤＥＷＡＮ　ＢＲＯＴＨＥＲＳ合同会社",,305,"愛知県","大府市","北崎町井田６７番１",,23,223,4740001,,,,,,,2023-10-16,1,,,,,"デワンブラザーズ",0
1576,7180003030838,01,0,2026-09-29,2026-09-29,"ＴＨソリューションズ合同会社",,305,"愛知県","名古屋市港区","正保町７丁目６番地の６",,23,111,4550074,,,,,,,2026-09-29,1,,,,,"ティーエイチソリューションズ",0
1577,7180003030854,01,0,2026-09-29,2026-09-29,"合同会社ＲｏｏｔＬｉｆｅ",,305,"愛知県","名古屋市中村区","名駅４丁目２４番５号第２森ビル４０１",,23,105,4500002,,,,,,,2026-09-29,1,,,,,"ルートライフ",0
1578,7180301013206,01,1,2026-09-29,2015-10-05,"日本モウルド工業株式会社",,301,"愛知県","安城市","三河安城町２丁目２０番地１",,23,212,4460056,,,,,,,2015-10-05,1,,,,,"ニホンモウルド",0
1579,7180302010160,21,0,2026-09-29,2026-09-10,"有限会社ライフブルーミー",,302,"愛知県","豊橋市","花園町２２番地１",,23,201,4400895,,,2026-09-10,01,,,2015-10-05,1,,,,,"ライフブルーミー",0
1580,7180302020993,12,0,2026-09-29,2026-09-24,"ＳＴＲＡＴＡ　ＦＩＮＤ有限会社",,302,"愛知県","名古屋市東区","泉３丁目９番４号８０５号室",,23,102,4610001,,,,,,,2015-10-05,1,,,,,"ストラータファインド",0
1581,7180303002157,21,0,2026-09-29,2026-09-10,"合資会社鶴田組",,304,"愛知県","知立市","新地町東新地５６番地１",,23,225,4720041,,,2026-09-10,01,,,2015-10-05,1,,,,,"ツルタグミ",0
1582,7180303007115,01,0,2026-09-29,2026-09-29,"合同会社ＹＳＫ",,305,"愛知県","豊橋市","牛川町字東側９２番地",,23,201,4400016,,,,,,,2026-09-29,1,,,,,"ワイエスケー",0
1583,7180303007123,01,0,2026-09-29,2026-09-29,"合同会社みらい伴走社",,305,"愛知県","豊橋市","岩屋町字岩屋下７６番地２サジタリウス岩屋Ｂ１０１",,23,201,4400842,,,,,,,2026-09-29,1,,,,,,0
1584,7200003006926,01,1,2026-09-29,2025-07-22,"Ｄｏｔｓ　Ｌｉｎｅ合同会社",,305,"岐阜県","関市","巾２丁目１３６番地１０",,21,205,5013256,,,,,,,2025-07-22,1,,,,,,0
1585,7210001012743,01,1,2026-09-29,2015-10-05,"株式会社オプティックニシムラ眼鏡",,301,"福井県","鯖江市","有定町２丁目８番２５号",,18,207,9160057,,,,,,,2015-10-05,0,,,,,,0
1586,7210001012743,21,0,2026-09-29,2026-09-17,"株式会社オプティックニシムラ眼鏡",,301,"福井県","鯖江市","有定町２丁目８番２５号",,18,207,9160057,,,2026-09-17,01,,,2015-10-05,1,,,,,,0
1587,7210002007536,01,1,2026-09-29,2015-10-05,"赤尾建設有限会社",,302,"福井県","あわら市","北潟第１４０号１番地１",,18,208,9104272,,,,,,,2015-10-05,1,,,,,"アカオケンセツ",0
1588,7220001000755,01,1,2026-09-29,2015-10-05,"株式会社朝日商会",,301,"石川県","金沢市","浅野本町２丁目２番７号",,17,201,9200841,,,,,,,2015-10-05,1,,,,,"アサヒショウカイ",0
1589,7220001021297,21,0,2026-09-29,2026-09-28,"Ｋ＆Ａ　ＪＡＰＡＮ株式会社",,301,"石川県","金沢市","直江東１丁目１５５番地",,17,201,9208213,,,2026-09-28,01,,,2016-10-27,1,,,,,"ケーアンドエージャパン",0
1590,7220001026453,01,1,2026-09-29,2025-01-28,"株式会社アクトＨＤ",,301,"石川県","金沢市","大豆田本町ハ１７番地２",,17,201,9218047,,,,,,,2025-01-28,1,,,,,"アクトホールディングス",0
1591,7220002009837,11,0,2026-09-29,2026-09-18,"有限会社プロフィット",,302,"石川県","金沢市","福増町北８４５番地１",,17,201,9200376,,,,,,,2015-10-05,1,,,,,"プロフィット",0
1592,7220002013764,12,0,2026-09-29,2026-09-25,"有限会社小西タイヤ商会",,302,"石川県","七尾市","国分町ウ部３５番地１",,17,202,9260821,,,,,,,2015-10-05,1,,,,,"コニシタイヤショウカイ",0
1593,7230001003344,01,1,2026-09-29,2015-10-05,"ヤマギシ精工株式会社",,301,"富山県","富山市","四方荒屋１４２番地の２３",,16,201,9302243,,,,,,,2015-10-05,1,,,,,,0
1594,7230003002690,01,0,2026-09-29,2026-09-29,"ＳＡＮＴＯＳ　ＦＯＲＥＳＴ合同会社",,305,"富山県","南砺市","柴田屋５６５番地",,16,210,9391552,,,,,,,2026-09-29,1,,,,,"サントスフォレスト",0
1595,7240005016176,01,0,2026-09-29,2026-09-29,"特定非営利活動法人ゆめの広場",,399,"広島県","尾道市","三軒家町５番２２号",,34,205,7220031,,,,,,,2026-09-29,1,,,,,"ユメノヒロバ",0
1596,7250001000521,21,0,2026-09-29,2026-09-25,"株式会社日企設計西日本本社",,301,"山口県","山口市","小郡大江町６番３３号",,35,203,7540015,,,2026-09-25,01,,,2015-10-05,1,,,,,"ニッキセッケイニシニホンホンシャ",0
1597,7250001001619,01,1,2026-09-29,2015-10-05,"株式会社かどや",,301,"山口県","山口市","小郡上郷１８５０番地１",,35,203,7540001,,,,,,,2015-10-05,1,,,,,"カドヤ",0
1598,7250001002253,01,1,2026-09-29,2015-10-05,"株式会社毎日興産",,301,"山口県","防府市","八王子１丁目９番１号",,35,206,7470037,,,,,,,2015-10-05,1,,,,,"マイニチコウサン",0
1599,7260002032835,01,1,2026-09-29,2015-10-05,"有限会社岡本工業",,302,"岡山県","玉野市","田井２丁目１７番５号",,33,204,7060001,,,,,,,2015-10-05,0,,,,,,0
1600,7260002032835,11,1,2026-09-29,2020-06-19,"有限会社ＯＦＦＩＣＥ　ＯＺ",,302,"岡山県","玉野市","田井２丁目１７番５号",,33,204,7060001,,,,,,,2015-10-05,0,,,,,"オフィスオズ",0
1601,7260002032835,12,1,2026-09-29,2020-06-29,"有限会社ＯＦＦＩＣＥ　ＯＺ",,302,"滋賀県","野洲市","西河原２５９７番地",,25,210,5202423,,,,,,,2015-10-05,0,,,,,"オフィスオズ",0
1602,7260002032835,12,1,2026-09-29,2021-09-17,"有限会社ＯＦＦＩＣＥ　ＯＺ",,302,"滋賀県","栗東市","荒張３６４番地",,25,208,5203003,,,,,,,2015-10-05,0,,,,,"オフィスオズ",0
1603,7260002032835,11,1,2026-09-29,2021-09-17,"有限会社ＡＮＤＯＺ",,302,"滋賀県","栗東市","荒張３６４番地",,25,208,5203003,,,,,,,2015-10-05,1,,,,,,0
1604,7260003005773,01,0,2026-09-29,2026-09-29,"合同会社トップペイント",,305,"岡山県","倉敷市","酒津２６７１番地２キャトルメゾンＤ－１０２",,33,202,7100801,,,,,,,2026-09-29,1,,,,,"トップペイント",0
1605,7270002009452,01,1,2026-09-29,2015-10-05,"有限会社＿治木電装",00004392,302,"鳥取県","東伯郡琴浦町","大字八橋１７４１番地１",,31,371,6892301,,,,,,,2015-10-05,1,,,,,"カジキデンソウ",0
1606,7280001006937,01,1,2026-09-29,2015-10-05,"株式会社田城商事",,301,"島根県","安来市","赤江町９３番地",,32,206,6920001,,,,,,,2015-10-05,1,,,,,"タシロショウジ",0
1607,7280003002109,01,0,2026-09-29,2026-09-29,"合同会社ＭＡＳＳ",,305,"島根県","浜田市","国分町２２０６番地４４",,32,202,6970003,,,,,,,2026-09-29,1,,,,,"マス",0
1608,7290001088586,12,0,2026-09-29,2026-09-17,"ＳＥＡＷＡＲＤ株式会社",,301,"福岡県","古賀市","今在家９番地３",,40,223,8113131,,,,,,,2020-04-08,1,,,,,"シーワード",0
1609,7290001115555,01,0,2026-09-29,2026-09-29,"株式会社信仁",,301,"福岡県","太宰府市","観世音寺１丁目１２番１２号",,40,221,8180101,,,,,,,2026-09-29,1,,,,,"シンジン",0
1610,7290001115563,01,0,2026-09-29,2026-09-29,"九州工芸企画株式会社",,301,"福岡県","糟屋郡宇美町","宇美中央３丁目１３番１４号",,40,341,8112128,,,,,,,2026-09-29,1,,,,,"キュウシュウコウゲイキカク",0
1611,7290001115571,01,0,2026-09-29,2026-09-29,"株式会社ＥｖｅｒＧ",,301,"福岡県","福津市","宮司浜２丁目１７番７号",,40,224,8113311,,,,,,,2026-09-29,1,,,,,"エバージー",0
1612,7290002050504,01,1,2026-09-29,2015-10-05,"有限会社中島製作所",,302,"福岡県","久留米市","城島町上青木３５５番地の１",,40,203,8300224,,,,,,,2015-10-05,1,,,,,"ナカシマセイサクショ",0
1613,7290003015753,12,0,2026-09-29,2026-09-08,"合同会社ハッピーロード",,305,"福岡県","福岡市博多区","南本町２丁目４－２－６０４号",,40,132,8120883,,,,,,,2024-08-27,1,,,,,"ハッピーロード",0
1614,7290003018938,01,0,2026-09-29,2026-09-29,"ＶＩＮＣＵＬＵＭ合同会社",,305,"福岡県","福岡市博多区","博多駅前１丁目２３番２号ＰａｒｋＦｒｏｎｔ博多駅前１丁目５Ｆ－Ｂ",,40,132,8120011,,,,,,,2026-09-29,1,,,,,"ウィンクルム",0
1615,7290005009712,01,1,2026-09-29,2015-10-05,"医療法人杉田眼科医院",,399,"福岡県","久留米市","国分町１０８１番地４",,40,203,8390863,,,,,,,2015-10-05,1,,,,,"スギタガンカイイン",0
1616,7300005007037,01,1,2026-09-29,2021-10-07,"農事組合法人きざと",,399,"佐賀県","鳥栖市","飯田町５３４番地４",,41,203,8410022,,,,,,,2021-10-07,1,,,,,,0
1617,7330005001004,21,0,2026-09-29,2026-09-17,"熊本繊維工業協同組合",,399,"熊本県","熊本市西区","城山下代４丁目１０番１８号",,43,103,8600066,,,2026-09-17,01,,,2015-10-05,1,,,,,"クマモトセンイコウギョウ",0
1618,7340001018307,12,0,2026-09-29,2026-09-25,"株式会社ＩＮＦＩＮＩＴＹ",,301,"鹿児島県","鹿児島市","山之口町２番３０号鹿児島第一生命ビルディング",,46,201,8920844,,,,,,,2015-10-05,1,,,,,"インフィニティ",0
1619,7340002023248,21,0,2026-09-29,2026-09-24,"有限会社ひねもすの館",,302,"鹿児島県","出水市","下鯖町２８６７番地",00099804,46,208,8990123,,,2026-09-24,01,,,2015-10-05,1,,,,,"ヒネモスノヤカタ",0
1620,7340003004701,11,0,2026-09-29,2026-09-18,"株式会社才有る者の楽園",,301,"京都府","京都市上京区","油小路中立売下ル甲斐守町９７番地西陣産業創造會舘１Ｆ",,26,102,6020000,,,,,,,2025-01-06,1,,,,,"サイアルモノノラクエン",0
1621,7350001004743,12,0,2026-09-29,2026-09-16,"株式会社ＫＴグローバルアドバイザー",,301,"千葉県","松戸市","岩瀬２６９番地７",,12,207,2710076,,,,,,,2015-10-05,1,,,,,"ケーティーグローバルアドバイザー",0
1622,7350001016821,11,0,2026-09-29,2026-09-17,"株式会社ひなたグリーン",,301,"宮崎県","宮崎市","橘通東４丁目３番５号",,45,201,8800805,,,,,,,2021-01-06,1,,,,,"ヒナタグリーン",0
1623,7350001020278,01,0,2026-09-29,2026-09-29,"Ｏｎｅ　Ｌｉｎｅ株式会社",,301,"宮崎県","延岡市","古川町５７番地１",,45,203,8820063,,,,,,,2026-09-29,1,,,,,"ワンライン",0
1624,7360001032909,12,0,2026-09-29,2026-08-27,"株式会社グレース・トリップ",,301,"沖縄県","豊見城市","字与根１５５－３",,47,212,9010224,,,,,,,2023-12-08,1,,,,,"グレーストリップ",0
1625,7360001033873,12,0,2026-09-29,2026-09-24,"株式会社ＢｅＡｕｔｈ",,301,"福岡県","北九州市小倉北区","浅野３丁目８番１号ＡＩＭビル６階",,40,106,8020001,,,,,,,2024-07-04,1,,,,,"ビオース",0
1626,7370001002101,01,1,2026-09-29,2015-10-05,"株式会社花いちばん",,301,"宮城県","仙台市太白区","長町１丁目５番１４号",,04,104,9820011,,,,,,,2015-10-05,1,,,,,"ハナイチバン",0
1627,7370001022487,01,1,2026-09-29,2015-10-05,"株式会社ユーロバス",,301,"宮城県","仙台市若林区","若林５丁目１１番４１－２号",,04,103,9840826,,,,,,,2015-10-05,1,,,,,"ユーロバス",0
1628,7380001034374,12,0,2026-09-29,2026-09-25,"株式会社ＡＩＳ",,301,"福島県","会津若松市","本町１１番２８号",,07,202,9650862,,,,,,,2024-03-22,1,,,,,"アイズ",0
1629,7380002018038,12,0,2026-09-29,2026-09-18,"有限会社シージーエムモビリティ",,302,"福島県","白河市","泉田池ノ下８０番地",,07,205,9610003,,,,,,,2015-10-05,1,,,,,"シージーエムモビリティ",0
1630,7380005012574,12,0,2026-09-29,2026-09-24,"一般社団法人林創活用協会",,399,"東京都","港区","赤坂８丁目５番６号ＩＰＩＡＳＡｏｙａｍａ１０３",,13,103,1070052,,,,,,,2022-04-22,1,,,,,"リンソウカツヨウキョウカイ",0
1631,7390001018475,01,0,2026-09-29,2026-09-29,"株式会社ＦａｒｍＴ",,301,"山形県","尾花沢市","大字野黒沢６４６番地",,06,212,9994553,,,,,,,2026-09-29,1,,,,,"ファームティー",0
1632,7420002003076,01,1,2026-09-29,2015-10-05,"有限会社八木橋商店",,302,"青森県","青森市","大字油川字大浜６９番地１",,02,201,0380059,,,,,,,2015-10-05,1,,,,,"ヤギハシショウテン",0
1633,7420002009230,21,0,2026-09-29,2026-09-25,"有限会社吉田ビニール",,302,"青森県","八戸市","大字尻内町字下毛合清水４番地１",,02,203,0391101,,,2026-09-25,01,,,2015-10-05,1,,,,,"ヨシダビニール",0
1634,7430001063368,12,0,2026-09-29,2026-09-24,"株式会社ＧＶＫ",,301,"福岡県","大野城市","月の浦１丁目１９番７号シャーメゾンアミコート２０２号",,40,219,8160983,,,,,,,2015-10-05,1,,,,,"ジーブイケー",0
1635,7430001096979,12,0,2026-09-29,2026-09-28,"株式会社セーフティアシスト",,301,"北海道","札幌市東区","東苗穂十条２丁目１３番１３号",,01,103,0070810,,,,,,,2026-05-26,1,,,,,"セーフティアシスト",0
1636,7430001097746,01,0,2026-09-29,2026-09-29,"株式会社沖北",,301,"北海道","札幌市中央区","北八条西１９丁目３５番地１０号２０７号",,01,101,0600008,,,,,,,2026-09-29,1,,,,,,0
1637,7430003019450,01,0,2026-09-29,2026-09-29,"合同会社白玄テック",,305,"北海道","札幌市中央区","南二条西５丁目３１番１号ＲＭＢｌｄ．７０１",,01,101,0600062,,,,,,,2026-09-29,1,,,,,"シロクロテック",0
1638,7430005005135,01,1,2026-09-29,2015-10-05,"特定非営利活動法人青眼",,399,"北海道","札幌市西区","二十四軒二条６丁目３－１０ＭＴハイム１０２",,01,107,0630802,,,,,,,2015-10-05,0,,,,,"セイガン",0
1639,7430005005135,12,1,2026-09-29,2017-11-29,"特定非営利活動法人青眼",,399,"北海道","札幌市西区","西町南３丁目１－７",,01,107,0630062,,,,,,,2015-10-05,1,,,,,"セイガン",0
1640,7430005015571,01,0,2026-09-29,2026-09-29,"一般社団法人ＫＯＤＡＭＡ＆Ｌａｂｏ",,399,"北海道","岩見沢市","有明町南１番地２０岩見沢コミュニティプラザ",,01,210,0680034,,,,,,,2026-09-29,1,,,,,"コダマアンドラボ",0
1641,7450001005608,12,0,2026-09-29,2026-09-24,"株式会社ＫＢＣ",,301,"北海道","旭川市","永山二条２３丁目２番１６号",,01,204,0798412,,,,,,,2015-10-05,1,,,,,"ケィビィシー",0
1642,7470001017642,12,0,2026-09-29,2026-09-24,"株式会社ココパートナーズ",,301,"香川県","高松市","香川町大野９１６番地１",,37,201,7611701,,,,,,,2019-09-26,1,,,,,"ココパートナーズ",0
1643,7470003003203,01,0,2026-09-29,2026-09-29,"ローカスビット合同会社",,305,"香川県","高松市","昭和町１丁目４番３０－５０５号サーパス昭和町",,37,201,7600014,,,,,,,2026-09-29,1,,,,,,0
1644,7480001009003,01,1,2026-09-29,2015-10-05,"株式会社エイコー機械",,301,"徳島県","美馬市","穴吹町三島字舞中島１７２９番地１",,36,207,7770002,,,,,,,2015-10-05,1,,,,,"エイコーキカイ",0
1645,7490001006783,01,1,2026-09-29,2015-10-05,"芸陽運送株式会社",,301,"高知県","安芸市","港町２丁目４番２６号",,39,203,7840005,,,,,,,2015-10-05,1,,,,,"ゲイヨウウンソウ",0
1646,8010001095857,21,0,2026-09-29,2026-09-01,"株式会社クラチカヨシダ",,301,"東京都","千代田区","東神田１丁目１７番６号",,13,101,1010031,,,2026-09-01,11,1010003040520,"令和８年９月１日東京都千代田区東神田一丁目１７番６号合同会社Ｓ．ｒ．ｌ（1010003040520）に合併し解散",2015-10-05,1,,,,,"クラチカヨシダ",0
1647,8010001137493,11,0,2026-09-29,2026-09-17,"ＣＯＮＮＥＣＴ　Ｘ株式会社",,301,"東京都","中央区","銀座１丁目２２番１１号銀座大竹ビジデンス２階",,13,102,1040061,,,,,,,2015-10-05,1,,,,,"コネクトエックス",0
1648,8010001140357,71,0,2026-09-29,2026-09-01,"株式会社サイバーガジェット",,301,"東京都","千代田区","外神田５丁目１番２号末広ビル３階",,13,101,1010021,,,,,,"令和８年９月１日東京都千代田区外神田五丁目１番２号末広ビル３階株式会社サイバーガジェットホールディングス（6030001159595）を合併",2015-10-05,1,,,,,"サイバーガジェット",0
1649,8010001170494,01,1,2026-09-29,2015-10-05,"株式会社ＴＫＩ",,301,"東京都","中央区","入船１丁目４番８ネオアージュ八丁堀３０５号",,13,102,1040042,,,,,,,2015-10-05,1,,,,,"ティーケーアイ",0
1650,8010001194725,21,0,2026-09-29,2026-08-31,"セカイエＣＲＥＷ株式会社",,301,"東京都","中央区","八丁堀２丁目１０番７号日本瓦斯八丁堀ビル",,13,102,1040032,,,2026-08-31,11,8010001170197,"令和８年８月３０日東京都中央区八丁堀二丁目１０番７号日本瓦斯八丁堀ビルセカイエ株式会社（8010001170197）に合併し解散",2018-09-10,1,,,,,"セカイエクルー",0
1651,8010001214937,21,0,2026-09-29,2026-08-31,"セカイエ千葉２株式会社",,301,"東京都","中央区","八丁堀２丁目１０番７号日本瓦斯八丁堀ビル",,13,102,1040032,,,2026-08-31,11,8010001170197,"令和８年８月３０日東京都中央区八丁堀二丁目１０番７号日本瓦斯八丁堀ビルセカイエ株式会社（8010001170197）に合併し解散",2021-01-08,1,,,,,"セカイエチバニ",0
1652,8010001216371,01,1,2026-09-29,2021-03-08,"株式会社スポスル",,301,"東京都","千代田区","三番町５－１９－２１０",,13,101,1020075,,,,,,,2021-03-08,0,,,,,,0
1653,8010001216371,12,1,2026-09-29,2021-07-15,"株式会社スポスル",,301,"東京都","豊島区","東池袋１丁目１８番１号ＨａｒｅｚａＴｏｗｅｒ２０Ｆ",,13,116,1700013,,,,,,,2021-03-08,1,,,,,,0
1654,8010001268900,01,0,2026-09-29,2026-09-29,"ビュルガーテック株式会社",,301,"東京都","中央区","日本橋大伝馬町６番７号住長第二ビル４階",,13,102,1030011,,,,,,,2026-09-29,1,,,,,,0
1655,8010001269139,01,0,2026-09-29,2026-09-29,"株式会社銀座６丁目かん",,301,"東京都","中央区","銀座６丁目４番１号",,13,102,1040061,,,,,,,2026-09-29,1,,,,,"ギンザロクチョウメカン",0
1656,8010002040564,01,1,2026-09-29,2015-10-05,"有限会社Ｔビル",,302,"東京都","中央区","日本橋人形町２丁目１番９号",,13,102,1030013,,,,,,,2015-10-05,0,,,,,,0
1657,8010002040564,11,1,2026-09-29,2017-05-15,"有限会社リアル東京",,302,"東京都","中央区","日本橋人形町２丁目１番９号",,13,102,1030013,,,,,,,2015-10-05,1,,,,,"リアルトウキョウ",0
1658,8010003036462,12,0,2026-09-29,2026-09-25,"合同会社ＹＯＡＫＥ",,305,"東京都","江東区","深川１丁目５番２－６０３号",,13,108,1350033,,,,,,,2021-12-06,1,,,,,"ヨアケ",0
1659,8010003052674,01,0,2026-09-29,2026-09-29,"ＷＡＶＩＡ合同会社",,305,"東京都","中央区","日本橋室町１丁目１１番１２号日本橋水野ビル７階",,13,102,1030022,,,,,,,2026-09-29,1,,,,,"ワヴィア",0
1660,8010005018616,12,0,2026-09-29,2026-08-06,"一般社団法人日本弁当サービス協会",,399,"東京都","千代田区","神田神保町２丁目１０番地３０",,13,101,1010051,,,,,,,2015-10-05,1,,,,,"ニホンベントウサービスキョウカイ",0
1661,8010005031825,21,0,2026-09-29,2026-08-25,"一般社団法人ファンドドゥ６号",,399,"東京都","千代田区","霞が関３丁目２番５号",,13,101,1000013,,,2026-08-25,01,,,2020-05-15,1,,,,,"ファンドドゥロクゴウ",0
1662,8010005042450,01,0,2026-09-29,2026-09-29,"一般社団法人国際ウェルネス医療美容研究会",,399,"東京都","中央区","銀座６丁目９番２号クロサワビル９階",,13,102,1040061,,,,,,,2026-09-29,1,,,,,"コクサイウェルネスイリョウビヨウケンキュウカイ",0
1663,8010401071747,01,1,2026-09-29,2015-10-05,"株式会社ブロードウォッチ",,301,"東京都","港区","南青山２丁目１１番１３号",,13,103,1070062,,,,,,,2015-10-05,0,,,,,"ブロードウォッチ",0
1664,8010401071747,12,1,2026-09-29,2018-12-05,"株式会社ブロードウォッチ",,301,"東京都","中央区","銀座１丁目３番３号ＧＩビル７Ｆ",,13,102,1040061,,,,,,,2015-10-05,1,,,,,"ブロードウォッチ",0
1665,8010401128803,12,0,2026-09-29,2026-09-25,"Ｙｓ株式会社",,301,"東京都","台東区","蔵前３丁目９番３号",,13,106,1110051,,,,,,,2016-12-19,1,,,,,"ワイズ",0
1666,8010401165417,12,0,2026-09-29,2026-09-25,"株式会社ＴｈｉｎｋＧｏｏｄ",,301,"東京都","目黒区","中目黒３丁目８－１１",,13,110,1530061,,,,,,,2022-02-08,1,,,,,"シンクグッド",0
1667,8010401173064,12,0,2026-09-29,2026-09-25,"株式会社ｐｒｏｇｒｅｓｓ",,301,"神奈川県","横浜市西区","浅間町１丁目４番３号ウィザードビル４０２",,14,103,2200072,,,,,,,2023-03-14,1,,,,,"プログレス",0
1668,8010401183963,11,0,2026-09-29,2026-09-04,"株式会社扶桑エネシス",,301,"東京都","港区","元赤坂１丁目１番７－１２０９号株式会社赤坂国際会計内",,13,103,1070051,,,,,,,2024-07-23,1,,,,,"フソウエネシス",0
1669,8010401184706,12,0,2026-09-29,2026-09-01,"株式会社トゥルーアプリシエーション",,301,"東京都","港区","南麻布５丁目１０番９－５０１号",,13,103,1060047,,,,,,,2024-08-27,1,,,,,"トゥルーアプリシエーション",0
1670,8010403015958,01,1,2026-09-29,2017-01-18,"ＳＫＧ合同会社",,305,"東京都","港区","南青山２丁目２－１５－９階",,13,103,1070062,,,,,,,2017-01-18,1,,,,,"エスケージ",0
1671,8010403034223,12,0,2026-09-29,2026-09-01,"合同会社ＵＩＫＸ",,305,"東京都","港区","三田３丁目７番２６－２０２号",,13,103,1080073,,,,,,,2025-01-28,0,,,,,"ユーアイケーエックス",0
1672,8010403034223,11,0,2026-09-29,2026-09-01,"ビズムービー合同会社",,305,"東京都","港区","三田３丁目７番２６－２０２号",,13,103,1080073,,,,,,,2025-01-28,1,,,,,"ビズムービー",0
1673,8010403039206,01,0,2026-09-29,2026-09-29,"ジェイエルツー合同会社",,305,"東京都","港区","元赤坂１丁目１番７－１２０９号株式会社赤坂国際会計内",,13,103,1070051,,,,,,,2026-09-29,1,,,,,"ジェイエルツー",0
1674,8010405026128,01,0,2026-09-29,2026-09-29,"一般社団法人ＨＡＲＢＯＲ　ＳＰＯＲＴＳ",,399,"東京都","港区","赤坂４丁目８番１９号赤坂フロントタウン３階",,13,103,1070052,,,,,,,2026-09-29,1,,,,,"ハーバースポーツ",0
1675,8010405026152,01,0,2026-09-29,2026-09-29,"弁護士法人永井総合法律事務所",,399,"東京都","港区","三田２丁目１４－５フロイントゥ三田１００６",,13,103,1080073,,,,,,,2026-09-29,1,,,,,"ナガイソウゴウホウリツジムショ",0
1676,8010601058404,12,0,2026-09-29,2026-09-08,"株式会社クラウドチーム",,301,"福岡県","福岡市博多区","博多駅南５丁目９－１６Ｇｒａｎｄｅｆｉａ５Ｆ",,40,132,8120016,,,,,,,2020-12-02,1,,,,,"クラウドチーム",0
1677,8010601064443,12,0,2026-09-29,2026-08-31,"風標株式会社",,301,"東京都","千代田区","九段北４丁目３番２０号九段フラワーホーム４０８号",,13,101,1020073,,,,,,,2024-01-10,1,,,,,"フウヒョウ",0
1678,8010603012482,01,0,2026-09-29,2026-09-29,"合同会社ゼロ",,305,"東京都","江東区","亀戸６丁目２－３クリスタル亀戸６０３",,13,108,1360071,,,,,,,2026-09-29,1,,,,,"ゼロ",0
1679,8010605003587,01,1,2026-09-29,2018-09-20,"一般社団法人東京特別支援教育心理研究センター",,399,"東京都","墨田区","両国４丁目３８番１２－５０１号",,13,107,1300026,,,,,,,2018-09-20,0,,,,,"トウキョウトクベツシエンキョウイクシンリケンキュウセンター",0
1680,8010605003587,12,1,2026-09-29,2020-10-13,"一般社団法人東京特別支援教育心理研究センター",,399,"東京都","千代田区","神田駿河台１丁目５番地５",,13,101,1010062,,,,,,,2018-09-20,1,,,,,"トウキョウトクベツシエンキョウイクシンリケンキュウセンター",0
1681,8010701002204,01,1,2026-09-29,2015-10-05,"株式会社オリエンタルガレージ",,301,"東京都","品川区","豊町１丁目８番１０号",,13,109,1420042,,,,,,,2015-10-05,1,,,,,"オリエンタルガレージ",0
1682,8010702004851,01,1,2026-09-29,2015-10-05,"有限会社ダイレクト",,302,"東京都","品川区","西五反田７丁目２２番１７号",,13,109,1410031,,,,,,,2015-10-05,0,,,,,"ダイレクト",0
1683,8010702004851,12,1,2026-09-29,2016-08-02,"有限会社ダイレクト",,302,"東京都","東久留米市","南沢２丁目３番１３号",,13,222,2030023,,,,,,,2015-10-05,1,,,,,"ダイレクト",0
1684,8010901058822,12,0,2026-09-29,2026-09-24,"キーウェアメディカル株式会社",,301,"東京都","新宿区","新宿６丁目２７番３０号",,13,104,1600022,,,,,,,2026-01-22,1,,,,,"キーウェアメディカル",0
1685,8010901059564,12,0,2026-09-29,2026-09-04,"株式会社ＫｅｙＡｃｅ",,301,"東京都","世田谷区","駒沢４丁目２３番１８号加瀬１６６ビル５０６",,13,112,1540012,,,,,,,2026-05-18,1,,,,,"キーエース",0
1686,8011001038566,71,0,2026-09-29,2026-09-04,"エムシーファッション株式会社",,301,"東京都","品川区","東五反田２丁目２２番９号",,13,109,1410022,,,,,,"令和８年９月１日山形県米沢市アルカディア一丁目８０８番地の９株式会社ワールドソーイング（6390001010012）を合併",2015-10-05,1,,,,,"エムシーファッション",0
1687,8011001095021,01,1,2026-09-29,2015-10-05,"株式会社チェントアピ",,301,"東京都","目黒区","自由が丘２丁目１６番１１号",,13,110,1520035,,,,,,,2015-10-05,1,,,,,"チェントアピ",0
1688,8011001108666,12,0,2026-09-29,2026-09-25,"株式会社沓音",,301,"東京都","中央区","日本橋兜町１７－２兜町第６葉山ビル４Ｆ",,13,102,1030026,,,,,,,2015-12-16,1,,,,,"クオン",0
1689,8011001120002,12,0,2026-09-29,2026-09-11,"株式会社ＣＸＯサーチ",,301,"東京都","渋谷区","東３丁目２２番１４号グランファースト恵比寿６Ｆ",,13,113,1500011,,,,,,,2018-01-10,1,,,,,"シーエックスオーサーチ",0
1690,8011001131346,12,0,2026-09-29,2026-09-25,"株式会社Ｌｏｗｅｒ",,301,"東京都","品川区","西五反田６丁目９番９号",,13,109,1410031,,,,,,,2019-12-16,1,,,,,"ロワー",0
1691,8011001180566,01,0,2026-09-29,2026-09-29,"Ｓｔｕｄｉｏ　Ｄａｙ　ｂｙ　Ｄａｙ株式会社",,301,"東京都","渋谷区","恵比寿西２丁目４－８ウィンド恵比寿ビル８Ｆ",,13,113,1500021,,,,,,,2026-09-29,1,,,,,"スタジオデイバイデイ",0
1692,8011001180616,01,0,2026-09-29,2026-09-29,"バルトロ株式会社",,301,"東京都","渋谷区","広尾１丁目２番地１号ヒカリビル４階",,13,113,1500012,,,,,,,2026-09-29,1,,,,,"バルトロ",0
1693,8011101040307,01,1,2026-09-29,2015-10-05,"クレディネット株式会社",,301,"東京都","世田谷区","祖師谷１丁目３３番１０号",,13,112,1570072,,,,,,,2015-10-05,0,,,,,"クレディネット",0
1694,8011101040307,21,0,2026-09-29,2026-09-07,"クレディネット株式会社",,301,"東京都","世田谷区","祖師谷１丁目３３番１０号",,13,112,1570072,,,2026-09-07,01,,,2015-10-05,1,,,,,"クレディネット",0
1695,8011101081169,12,0,2026-09-29,2026-09-25,"株式会社ツリーベルホールディングス",,301,"東京都","千代田区","麹町４丁目８番１号",,13,101,1020083,,,,,,,2017-07-14,1,,,,,"ツリーベルホールディングス",0
1696,8011101090764,12,0,2026-09-29,2026-09-18,"株式会社ｎａｕｒａ",,301,"東京都","港区","赤坂９丁目６番２９号３０１室",,13,103,1070052,,,,,,,2020-03-17,1,,,,,"ナウラ",0
1697,8011101094889,11,0,2026-09-29,2026-09-17,"株式会社ＩＯＲ",,301,"東京都","新宿区","歌舞伎町２丁目１１番２号",,13,104,1600021,,,,,,,2021-04-23,1,,,,,"アイオーアール",0
1698,8011101117261,01,0,2026-09-29,2026-09-29,"フィナンシェ株式会社",,301,"東京都","新宿区","西新宿７丁目１１－１５ミヤコビル３０２",,13,104,1600023,,,,,,,2026-09-29,1,,,,,"フィナンシェ",0
1699,8011101117468,01,0,2026-09-29,2026-09-29,"株式会社ログレッジ",,301,"東京都","新宿区","西新宿３丁目３番１３号西新宿水間ビル２Ｆ",,13,104,1600023,,,,,,,2026-09-29,1,,,,,"ログレッジ",0
1700,8011103018004,01,0,2026-09-29,2026-09-29,"合同会社Ｌｕｍｉｒａｓ",,305,"東京都","新宿区","袋町８－１２アルファホームズ新神楽坂アスティオン７０２",,13,104,1620828,,,,,,,2026-09-29,1,,,,,"ルミラス",0
1701,8011103018029,01,0,2026-09-29,2026-09-29,"合同会社ジェイ・エヌ・エイチ",,305,"東京都","新宿区","下宮比町１番４号",,13,104,1620822,,,,,,,2026-09-29,1,,,,,"ジェイエヌエイチ",0
1702,8011201027427,01,0,2026-09-29,2026-09-29,"株式会社アーリ",,301,"東京都","中野区","中野５丁目３２番４号中野ステーションハイツ５０３号室",,13,114,1640001,,,,,,,2026-09-29,1,,,,,"アーリ",0
1703,8011301025058,12,0,2026-09-29,2026-09-25,"株式会社ゲーム感覚",,301,"東京都","渋谷区","道玄坂１丁目１６番６号二葉ビル８Ｂ",,13,113,1500043,,,,,,,2019-05-23,1,,,,,"ゲームカンカク",0
1704,8011303002344,11,0,2026-09-29,2026-09-18,"合同会社ａｌｌｅｓ　ｍ．",,305,"東京都","杉並区","永福４丁目２０番７号",,13,115,1680064,,,,,,,2015-11-19,1,,,,,"アレスエム",0
1705,8011303006139,01,0,2026-09-29,2026-09-29,"Ｈａｎｉｔｏ合同会社",,305,"東京都","杉並区","和泉１丁目１１番３号",,13,115,1680063,,,,,,,2026-09-29,1,,,,,"ハニート",0
1706,8011401006445,01,1,2026-09-29,2015-10-05,"株式会社ヤナギサワ",,301,"東京都","板橋区","大原町２９番１１号",,13,119,1740061,,,,,,,2015-10-05,1,,,,,"ヤナギサワ",0
1707,8011401007682,01,1,2026-09-29,2015-10-05,"株式会社エヌイーエス",,301,"東京都","板橋区","坂下３丁目３４番１４号",,13,119,1740043,,,,,,,2015-10-05,1,,,,,"エヌイーエス",0
1708,8011401021972,12,0,2026-09-29,2026-09-24,"友利株式会社",,301,"東京都","港区","六本木２丁目１番１９号Ｓ－Ｂｕｉｌｄｉｎｇ３階",,13,103,1060032,,,,,,,2019-07-31,1,,,,,"ユウリ",0
1709,8011501021526,11,0,2026-09-29,2026-09-25,"株式会社１６８",,301,"東京都","荒川区","西日暮里２丁目２５番１ステーションガーデンタワー３７０８号",,13,118,1160013,,,,,,,2016-04-20,1,,,,,"イロハ",0
1710,8011502002260,01,1,2026-09-29,2015-10-05,"有限会社小早商事",,302,"東京都","北区","西が丘２丁目３番１０号",,13,117,1150056,,,,,,,2015-10-05,0,,,,,"コハヤショウジ",0
1711,8011502002260,12,0,2026-09-29,2026-09-25,"有限会社小早商事",,302,"神奈川県","川崎市中原区","西加瀬１番８号",,14,133,2110024,,,,,,,2015-10-05,1,,,,,"コハヤショウジ",0
1712,8011601013200,21,0,2026-09-29,2026-09-24,"株式会社カーヴ",,301,"東京都","練馬区","東大泉３丁目５０番１１号",,13,120,1780063,,,2026-09-24,01,,,2015-10-05,1,,,,,"カーブ",0
1713,8011601015972,12,0,2026-09-29,2026-09-25,"株式会社あずまさ",,301,"東京都","練馬区","西大泉３丁目２６番３号テラスハウス野瀬Ｎｏ．２－２０３号",,13,120,1780065,,,,,,,2015-10-05,1,,,,,"アズマサ",0
1714,8011702014527,12,0,2026-09-29,2026-09-24,"株式会社ライフサポート・コム",,301,"東京都","新宿区","西新宿３丁目３番１３号西新宿水間ビル６階",,13,104,1600023,,,,,,,2015-10-05,1,,,,,"ライフサポートコム",0
1715,8011703004741,01,0,2026-09-29,2026-09-29,"ノゾミフィンテック合同会社",,305,"東京都","江戸川区","西葛西６丁目２４番１号アーバンシティプレミエ１０２",,13,123,1340088,,,,,,,2026-09-29,1,,,,,"ノゾミフィンテック",0
1716,8011801042115,12,0,2026-09-29,2026-09-10,"志茂株式会社",,301,"千葉県","八街市","八街ほ１０３５－１３６",,12,230,2891115,,,,,,,2023-03-23,1,,,,,"シモ",0
1717,8011802019401,21,0,2026-09-29,2026-09-11,"有限会社アラタニミート",,302,"東京都","足立区","平野３丁目８番１１号",,13,121,1210076,,,2026-09-11,01,,,2015-10-05,1,,,,,"アラタニミート",0
1718,8012402017225,01,1,2026-09-29,2015-10-05,"有限会社田辺",,302,"東京都","武蔵野市","中町１丁目１３番１号",,13,203,1800006,,,,,,,2015-10-05,1,,,,,"タナベ",0
1719,8012403007992,01,0,2026-09-29,2026-09-29,"合同会社ＳＷＧｓニンフェアＩｎｃ．",,305,"東京都","三鷹市","井の頭５丁目５番１６号",,13,204,1810001,,,,,,,2026-09-29,1,,,,,"エスダブリュージーズニンフェアインク",0
1720,8012703001761,01,1,2026-09-29,2019-03-07,"林霖合同会社",,305,"東京都","東村山市","本町３丁目２２番地１６－２０１号",,13,213,1890014,,,,,,,2019-03-07,0,,,,,,0
1721,8012703001761,12,1,2026-09-29,2024-07-30,"林霖合同会社",,305,"東京都","文京区","向丘１丁目２０－６－１１０８室",,13,105,1130023,,,,,,,2019-03-07,0,,,,,,0
1722,8012703001761,12,1,2026-09-29,2025-05-13,"林霖合同会社",,305,"東京都","文京区","本駒込３丁目１０－２３－１０２室",,13,105,1130021,,,,,,,2019-03-07,0,,,,,,0
1723,8012703001761,12,1,2026-09-29,2026-08-31,"林霖合同会社",,305,"東京都","文京区","向丘１丁目２０番６号１１０８",,13,105,1130023,,,,,,,2019-03-07,1,,,,,,0
1724,8012801024986,01,0,2026-09-29,2026-09-29,"株式会社Ｏｒｃａｒｔａ",,301,"東京都","立川市","柴崎町３丁目８番５号",,13,202,1900023,,,,,,,2026-09-29,1,,,,,"オルカルタ",0
1725,8012802007148,12,0,2026-09-29,2026-09-11,"有限会社スルガ",,302,"東京都","昭島市","拝島町３丁目９－１－９０６",,13,207,1960002,,,,,,,2015-10-05,1,,,,,"スルガ",0
1726,8013201010040,01,1,2026-09-29,2015-10-05,"ライズ・シー株式会社",,301,"東京都","荒川区","西尾久７丁目１３番６号",,13,118,1160011,,,,,,,2015-10-05,1,,,,,"ライズシー",0
1727,8013201011930,12,0,2026-09-29,2026-09-25,"株式会社ティーケーエスエンジニアリング",,301,"東京都","品川区","西五反田１丁目３０番６号大塚ビル５階",00145076,13,109,1410031,,,,,,,2015-10-05,1,,,,,"ティーケーエスエンジニアリング",0
1728,8013301027240,12,0,2026-09-29,2026-09-01,"株式会社Ｓ．Ｐ．Ｍ",,301,"東京都","港区","元赤坂１丁目２番７号赤坂Ｋタワー４階",,13,103,1070051,,,,,,,2015-10-05,1,,,,,"エスピーエム",0
1729,8013303004865,21,0,2026-09-29,2026-09-18,"徳心合同会社",00118079,305,"東京都","江戸川区","東小岩６丁目２６－１３－３０２",,13,123,1330052,,,2026-09-18,01,,,2019-11-05,1,,,,,"トクシン",0
1730,8020001024278,11,0,2026-09-29,2026-09-08,"株式会社ＤＯＧＢＡＳＥ　ＹＯＫＯＨＡＭＡ",,301,"神奈川県","横浜市中区","本牧間門３９番１３号",,14,104,2310825,,,,,,,2015-10-05,1,,,,,"ドッグベースヨコハマ",0
1731,8020001116918,01,1,2026-09-29,2016-07-07,"株式会社ＡＣＳ",,301,"神奈川県","横浜市旭区","金が谷１丁目５番３号",,14,112,2410812,,,,,,,2016-07-07,1,,,,,"エーシーエス",0
1732,8020001158596,11,0,2026-09-29,2026-08-31,"株式会社ＳＡＮＫＩ",,301,"神奈川県","横浜市磯子区","岡村７丁目３２番５号",,14,107,2350021,,,,,,,2024-08-15,1,,,,,"サンキロウドウアンゼンセンター",0
1733,8020002010418,21,0,2026-09-29,2026-09-18,"有限会社日東防災",,302,"東京都","大田区","東六郷３丁目１５番２号",,13,111,1440046,,,2026-09-18,01,,,2015-10-05,1,,,,,"ニットウボウサイ",0
1734,8020003013551,01,1,2026-09-29,2017-11-17,"ウィズダム・ワークス合同会社",,305,"神奈川県","横浜市青葉区","荏田北１丁目１２番地１６８",,14,117,2250015,,,,,,,2017-11-17,1,,,,,"ウィズダムワークス",0
1735,8020003029110,11,0,2026-09-29,2026-09-01,"株式会社ＴＹ電設",,301,"神奈川県","川崎市川崎区","大島１丁目１１－９リラシオン６Ｇ",,14,131,2100834,,,,,,,2025-08-22,1,,,,,"ティワイデンセツ",0
1736,8021001061542,12,0,2026-09-29,2026-09-28,"株式会社ＳＥＩＭＩ",,301,"東京都","八王子市","大和田町６丁目３番２９号",,13,201,1920045,,,,,,,2017-03-06,1,,,,,"セイミ",0
1737,8021001079155,12,0,2026-09-29,2026-09-16,"株式会社ＲＥＳＩＬＩＥ",,301,"兵庫県","神戸市長田区","久保町３丁目１番２－１０３号",,28,106,6530041,,,,,,,2023-05-29,1,,,,,"レジリエ",0
1738,8021001085194,12,0,2026-09-29,2026-09-25,"株式会社窪松設備",,301,"神奈川県","横浜市瀬谷区","宮沢２丁目４５番地４７",,14,114,2460038,,,,,,,2025-05-09,1,,,,,"クボマツセツビ",0
1739,8021001089229,01,0,2026-09-29,2026-09-29,"株式会社補修家",,301,"神奈川県","平塚市","東八幡１丁目１８番１４号",,14,203,2540016,,,,,,,2026-09-29,1,,,,,"ホシュウカ",0
1740,8021002003948,01,1,2026-09-29,2015-10-05,"有限会社パトスジャパン",,302,"神奈川県","藤沢市","片瀬山５丁目２２番６号",,14,205,2510033,,,,,,,2015-10-05,1,,,,,"パトスジャパン",0
1741,8021003009746,12,0,2026-09-29,2026-09-25,"合同会社Ｒｉｓｉｎｇ　Ｓｕｎ　ＪＤＭｓ",,305,"沖縄県","中頭郡読谷村","字長浜７５４番１号サニー・ハイツ・ミヤ",,47,324,9040324,,,,,,,2020-10-16,1,,,,,"ライジングサンジェイディーエムズ",0
1742,8021003017914,01,0,2026-09-29,2026-09-29,"合同会社ズイカクエディット",,305,"神奈川県","茅ヶ崎市","東海岸南２丁目１３－４７",,14,207,2530054,,,,,,,2026-09-29,1,,,,,"ズイカクエディット",0
1743,8030001004477,21,0,2026-09-29,2026-09-09,"株式会社水商",,301,"埼玉県","さいたま市見沼区","大字蓮沼４７２番地９",,11,104,3370015,,,2026-09-09,01,,,2015-10-05,1,,,,,,0
1744,8030001019054,01,1,2026-09-29,2015-10-05,"平成工業株式会社",,301,"埼玉県","さいたま市岩槻区","府内３丁目１番６号",,11,110,3390042,,,,,,,2015-10-05,1,,,,,"ヘイセイコウギョウ",0
1745,8030001052617,01,1,2026-09-29,2015-10-05,"株式会社リーエル",,301,"埼玉県","春日部市","粕壁東３丁目１９番５号",,11,214,3440062,,,,,,,2015-10-05,0,,,,,"リーエル",0
1746,8030001052617,21,1,2026-09-29,2022-01-28,"株式会社リーエル",,301,"埼玉県","春日部市","粕壁東３丁目１９番５号",,11,214,3440062,,,2022-01-28,21,,,2015-10-05,0,,,,,"リーエル",0
1747,8030001052617,22,1,2026-09-29,2026-09-14,"株式会社リーエル",,301,"埼玉県","春日部市","粕壁東３丁目１９番５号",,11,214,3440062,,,,,,,2015-10-05,1,,,,,"リーエル",0
1748,8030001080634,12,0,2026-09-29,2026-09-10,"株式会社幸創",,301,"埼玉県","加須市","水深１１６７番地１８",,11,210,3470022,,,,,,,2015-10-05,1,,,,,"コウソウ",0
1749,8030001086573,21,0,2026-09-29,2026-09-09,"豊真自動車工業株式会社",,301,"埼玉県","深谷市","上柴町東２丁目１８番地２",,11,218,3660051,,,2026-09-09,01,,,2015-10-05,1,,,,,"ホウシンジドウシャコウギョウ",0
1750,8030001114160,01,1,2026-09-29,2016-05-09,"株式会社原嶋鉄工",,301,"埼玉県","秩父市","荒川白久１４１９番地",,11,207,3691912,,,,,,,2016-05-09,1,,,,,"ハラシマテッコウ",0
1751,8030001174329,01,0,2026-09-29,2026-09-29,"株式会社七夕",,301,"埼玉県","川口市","東川口４丁目２６番２５－２号",,11,203,3330801,,,,,,,2026-09-29,1,,,,,"タナバタ",0
1752,8030003019738,21,0,2026-09-29,2026-09-10,"合同会社ＭＡＣ",,305,"埼玉県","川口市","芝１丁目４５番１５号",,11,203,3330866,,,2026-09-10,01,,,2022-07-11,1,,,,,"エムエーシー",0
1753,8040001078033,12,0,2026-09-29,2026-09-04,"株式会社さくら商事",,301,"千葉県","市川市","日之出５番２－４０１号（チュリス行徳）",,12,203,2720135,,,,,,,2015-10-05,1,,,,,"サクラショウジ",0
1754,8040001096209,01,1,2026-09-29,2016-07-25,"株式会社大西塗装工業",,301,"千葉県","四街道市","千代田５丁目５５番２３号",,12,228,2840015,,,,,,,2016-07-25,1,,,,,"オオニシトソウコウギョウ",0
1755,8040001103435,12,0,2026-09-29,2026-08-31,"株式会社ＡＸＩＳ",,301,"千葉県","松戸市","稔台７丁目３１番地の９グリーンコーポ松戸みのり台７０９",,12,207,2702231,,,,,,,2018-02-09,1,,,,,"アクシス",0
1756,8040002012577,12,0,2026-09-29,2026-09-16,"有限会社レインフィールド企画",,302,"千葉県","千葉市緑区","おゆみ野中央６丁目４２番地５",,12,105,2660032,,,,,,,2015-10-05,1,,,,,"レインフィールドキカク",0
1757,8040002023863,21,0,2026-09-29,2026-09-04,"有限会社テン・ネット・ワークス",,302,"千葉県","船橋市","東船橋７丁目２１番３号",,12,204,2730002,,,2026-09-04,01,,,2015-10-05,1,,,,,"テンネットワークス",0
1758,8040002098195,21,0,2026-09-29,2026-09-02,"有限会社正勝塗装",,302,"千葉県","野田市","古布内１０１１番地１０",,12,208,2700221,,,2026-09-02,01,,,2015-10-05,1,,,,,"マサカツトソウ",0
1759,8040003021858,12,0,2026-09-29,2026-08-31,"合同会社ｒａｐｐｏｒｔ",,305,"千葉県","成田市","大袋６５４－７９",,12,211,2860043,,,,,,,2023-02-06,1,,,,,"ラポール",0
1760,8040003030693,01,0,2026-09-29,2026-09-29,"三中井合同会社",,305,"千葉県","船橋市","咲が丘４丁目２番１９―２号",,12,204,2740807,,,,,,,2026-09-29,1,,,,,"ミナカイ",0
1761,8040005023274,01,0,2026-09-29,2026-09-29,"特定非営利活動法人さくらねこＤａｙｓ",,399,"千葉県","市原市","迎田１９９番地１",,12,219,2990116,,,,,,,2026-09-29,1,,,,,"サクラネコデイズ",0
1762,8050002025512,01,1,2026-09-29,2015-10-05,"有限会社大谷鉄工",,302,"茨城県","古河市","北間中橋１７５番地の４７",,08,204,3060106,,,,,,,2015-10-05,1,,,,,"オオタニテッコウ",0
1763,8070001022161,01,1,2026-09-29,2015-10-05,"株式会社やしお造園",,301,"群馬県","館林市","成島町４３８番地の２",,10,207,3740055,,,,,,,2015-10-05,1,,,,,"ヤシオゾウエン",0
1764,8080001026021,21,0,2026-09-29,2026-09-25,"株式会社ＲｅＡｃｔ",,301,"静岡県","静岡市清水区","船原１丁目１９５番地の３",,22,103,4240845,,,2026-09-25,01,,,2023-12-08,1,,,,,"リアクト",0
1765,8080101002145,01,1,2026-09-29,2015-10-05,"エム・テー工業株式会社",,301,"静岡県","裾野市","深良字道城平３６４２番地の１３",,22,220,4101102,,,,,,,2015-10-05,1,,,,,"エムテーコウギョウ",0
1766,8080102008240,11,0,2026-09-29,2026-09-18,"株式会社さくら",,301,"静岡県","伊豆市","門野原４００番地の１",,22,222,4103209,,,,,,,2015-10-05,1,,,,,"サクラ",0
1767,8080403005069,12,0,2026-09-29,2026-09-17,"合同会社６３",,305,"静岡県","浜松市中央区","上浅田１丁目７－１２",,22,138,4328042,,,,,,,2024-07-26,1,,,,,"ロクサン",0
1768,8110001040423,01,0,2026-09-29,2026-09-29,"株式会社餞心亭",,301,"新潟県","三条市","横町２丁目１１番８号",,15,204,9550064,,,,,,,2026-09-29,1,,,,,,0
1769,8110003006298,01,0,2026-09-29,2026-09-29,"ＭＣコンサルティング合同会社",,305,"新潟県","新潟市西区","寺尾東３丁目６番３号",,15,107,9502054,,,,,,,2026-09-29,1,,,,,"エムシーコンサルティング",0
1770,8120001035876,21,0,2026-09-29,2026-09-24,"東洋自動車株式会社",,301,"大阪府","大阪市福島区","海老江６丁目３番３号",,27,103,5530001,,,2026-09-24,01,,,2015-10-05,1,,,,,"トウヨウジドウシャ",0
1771,8120001228612,12,0,2026-09-29,2026-09-25,"ブリリアンス・スタイル株式会社",,301,"大阪府","寝屋川市","萱島本町２０番４号３階",,27,215,5720827,,,,,,,2020-04-14,1,,,,,"ブリリアンススタイル",0
1772,8120001240757,01,1,2026-09-29,2021-10-05,"株式会社ｆｏｒｔｕｎａ",,301,"大阪府","大阪市中央区","農人橋２丁目４番３号１階",,27,128,5400011,,,,,,,2021-10-05,1,,,,,"フォルトゥーナ",0
1773,8120001242712,12,0,2026-09-29,2026-09-16,"株式会社ｋａｎａＤｅ",,301,"大阪府","大阪市北区","豊崎４丁目２番１６号第２メゾン北梅田８０２",,27,127,5310072,,,,,,,2021-12-27,1,,,,,"カナデ",0
1774,8120001244725,21,0,2026-09-29,2026-09-24,"株式会社アンカー",,301,"大阪府","大阪市北区","梅田２丁目６番２０号パシフィックマークス西梅田４階",,27,127,5300001,,,2026-09-24,01,,,2022-03-29,1,,,,,"アンカー",0
1775,8120001257966,12,0,2026-09-29,2026-09-25,"修斎株式会社",,301,"東京都","荒川区","南千住６丁目３７番１号アクロシティＡポート４０１号室",,13,118,1160003,,,,,,,2023-09-13,1,,,,,"シュウサイ",0
1776,8120001274177,12,0,2026-09-29,2026-09-17,"養潔堂株式会社",,301,"大阪府","大阪市中央区","船越町２丁目３－８－５０９号室",,27,128,5400036,,,,,,,2025-04-02,1,,,,,"ヨウケツドウ",0
1777,8120001274680,12,0,2026-09-29,2026-09-17,"株式会社アイリー不動産",,301,"大阪府","大阪市生野区","勝山北５丁目９番３号２Ｆ",,27,116,5440033,,,,,,,2025-04-14,1,,,,,"アイリーフドウサン",0
1778,8120001278970,12,0,2026-09-29,2026-09-11,"日本鋭科株式会社",,301,"大阪府","大阪市住吉区","清水丘３丁目１２番２１号",,27,120,5580033,,,,,,,2025-08-22,1,,,,,"ニホンエイカ",0
1779,8120001289134,11,0,2026-09-29,2026-09-18,"ニューロジック株式会社",,301,"大阪府","大阪市北区","梅田１丁目２－２大阪駅前第２ビル１２－１２",,27,127,5300001,,,,,,,2026-09-16,1,,,,,"ニューロジック",0
1780,8120001289299,01,0,2026-09-29,2026-09-29,"ＳＯＮＡＹＡ株式会社",,301,"大阪府","大阪市中央区","島之内２丁目８番２５号ジョイフル島之内１０１号",,27,128,5420082,,,,,,,2026-09-29,1,,,,,"ソナヤ",0
1781,8120001289308,01,0,2026-09-29,2026-09-29,"株式会社ＺＯＥＳＴＥＣ",,301,"大阪府","大阪市中央区","北浜１丁目１番３０号リバービュー北浜４０５",,27,128,5410041,,,,,,,2026-09-29,1,,,,,"ゾエズテック",0
1782,8120003027293,12,0,2026-09-29,2026-09-09,"株式会社Ｌｉｅｎ　Ｒｅａｌｔｙ",,301,"大阪府","門真市","新橋町７番２１号",,27,223,5710048,,,,,,,2024-08-13,1,,,,,"リアンリアルティ",0
1783,8120003030974,11,0,2026-09-29,2026-09-11,"株式会社ｋａｃｈｉｎｏｖａ",,301,"東京都","渋谷区","桜丘町２９番２４号秀和桜丘レジデンス５１０号",,13,113,1500031,,,,,,,2025-10-21,1,,,,,,0
1784,8120005019355,12,0,2026-09-29,2026-09-25,"一般財団法人ＣＯＣＯＨＡＲＵ",,399,"栃木県","那須郡那須町","大字豊原乙沼尻１番８０８号",,09,407,3293224,,,,,,,2017-03-23,1,,,,,"ココハル",0
1785,8120901001754,01,1,2026-09-29,2015-10-05,"檜垣建材工業株式会社",,301,"大阪府","茨木市","西安威１丁目１６番８号",00033276,27,211,5670008,,,,,,,2015-10-05,1,,,,,"ヒガキケンザイコウギョウ",0
1786,8120901031982,01,1,2026-09-29,2015-10-05,"アクアエージェンシー株式会社",,301,"大阪府","豊中市","刀根山元町３番８号",,27,203,5600044,,,,,,,2015-10-05,1,,,,,"アクアエージェンシー",0
1787,8120901049934,12,0,2026-09-29,2026-09-24,"株式会社センゴク",,301,"大阪府","大阪市平野区","瓜破西３丁目３番３号",,27,126,5470025,,,,,,,2024-10-22,1,,,,,"センゴク",0
1788,8120901053242,01,0,2026-09-29,2026-09-29,"株式会社トレス",,301,"大阪府","豊中市","宮山町４丁目１７番１８号",,27,203,5600056,,,,,,,2026-09-29,1,,,,,"トレス",0
1789,8120902006406,21,0,2026-09-29,2026-09-16,"有限会社シャトウキシモト",,302,"大阪府","吹田市","穂波町１５番１３－５０２号",,27,205,5640042,,,2026-09-16,01,,,2015-10-05,1,,,,,"シャトウキシモト",0
1790,8120903004549,12,0,2026-09-29,2026-09-25,"合同会社Ｍａｎａ",,305,"大阪府","大東市","緑が丘１丁目１３番２号４０１号",,27,218,5740073,,,,,,,2023-03-20,1,,,,,"マナ",0
1791,8120903006421,01,0,2026-09-29,2026-09-29,"佐藤合同会社",,305,"大阪府","箕面市","坊島３丁目１３番３号（２０３号）",,27,220,5620013,,,,,,,2026-09-29,1,,,,,"サトウ",0
1792,8120905004159,21,0,2026-09-29,2026-09-17,"医療法人藤田整形外科",,399,"大阪府","豊中市","新千里東町１丁目２番３号ザ・千里レジデンス２０２",,27,203,5600082,,,2026-09-17,01,,,2015-10-05,1,,,,,"フジタセイケイゲカ",0
1793,8122001023225,01,1,2026-09-29,2015-10-05,"ロアリングシステム株式会社",,301,"大阪府","八尾市","清水町２丁目２番１０号",,27,212,5810006,,,,,,,2015-10-05,1,,,,,"ロアリングシステム",0
1794,8130001040801,01,1,2026-09-29,2015-10-05,"株式会社曉",,301,"京都府","与謝郡与謝野町","字下山田１８０２番地の１",,26,465,6292302,,,,,,,2015-10-05,1,,,,,"アカツキ",0
1795,8130001076820,12,0,2026-09-29,2026-09-18,"株式会社Ｌｉｎｎｅ",,301,"京都府","京都市東山区","竹村町１５１番１",,26,105,6050845,,,,,,,2024-04-11,1,,,,,"リンネ",0
1796,8130001083065,01,0,2026-09-29,2026-09-29,"株式会社ｍｕ",,301,"京都府","京都市上京区","東堀川通出水下ル四丁目１９９－１ホリカワＣｕｂｅｓ１Ｆ",,26,102,6020000,,,,,,,2026-09-29,1,,,,,"ムー",0
1797,8130001083115,01,0,2026-09-29,2026-09-29,"株式会社ＭＩＯ",,301,"京都府","京都市上京区","竹屋町通千本東入主税町８２５番地１シャーメゾン朱雀二条３０３",,26,102,6028155,,,,,,,2026-09-29,1,,,,,"ミオ",0
1798,8140001042887,01,1,2026-09-29,2015-10-05,"サンエム電機株式会社",,301,"兵庫県","加古川市","野口町北野３７番地の１",,28,210,6750011,,,,,,,2015-10-05,1,,,,,"サンエムデンキ",0
1799,8140001044685,01,1,2026-09-29,2015-10-05,"株式会社日東",,301,"兵庫県","加古川市","志方町上冨木５番地",,28,210,6750314,,,,,,,2015-10-05,0,,,,,,0
1800,8140001044685,12,1,2026-09-29,2021-01-14,"株式会社日東",,301,"兵庫県","加西市","市村町８３番地の１",,28,220,6752337,,,,,,,2015-10-05,1,,,,,,0
1801,8140001047960,01,1,2026-09-29,2015-10-05,"生越石油株式会社",,301,"兵庫県","尼崎市","久々知西町２丁目１０番１号",,28,202,6610978,,,,,,,2015-10-05,1,,,,,"オゴシセキユ",0
1802,8140001134949,12,0,2026-09-29,2026-09-15,"株式会社ＬＡＴＩＹＡ　ＭＩＫＩ",,301,"兵庫県","小野市","粟生町１５０６番地の１１",,28,218,6751358,,,,,,,2024-07-01,1,,,,,"ラティアミキ",0
1803,8140001144139,01,0,2026-09-29,2026-09-29,"株式会社ＭＯＯＮＲＩＴＵＡＬ",,301,"兵庫県","神戸市中央区","北野町４丁目５－１３－１Ｆ",,28,110,6500002,,,,,,,2026-09-29,1,,,,,"ムーンリチュアル",0
1804,8140002021584,12,0,2026-09-29,2026-09-17,"有限会社ドリアン・インターナショナル",,302,"兵庫県","神戸市東灘区","岡本２丁目１０番１５号",,28,101,6580072,,,,,,,2015-10-05,0,,,,,"ドリアンインターナショナル",0
1805,8140002021584,11,0,2026-09-29,2026-09-17,"有限会社ペイフォワード",,302,"兵庫県","神戸市東灘区","岡本２丁目１０番１５号",,28,101,6580072,,,,,,,2015-10-05,1,,,,,"ペイフォワード",0
1806,8140002033092,71,0,2026-09-29,2026-09-01,"株式会社ファブール",,301,"東京都","品川区","北品川５丁目３番１号パークシティ大崎ザタワー２９Ｆ１３号",,13,109,1410001,,,,,,"令和８年９月１日熊本県天草市栄町１２番１５号有限会社栄町薬局（9330002028543）を合併",2015-10-05,1,,,,,"ファブール",0
1807,8140002056630,21,0,2026-09-29,2026-09-16,"有限会社眞田リアルエステート",,302,"兵庫県","西宮市","上甲東園２丁目７番３２号",,28,204,6620813,,,2026-09-16,01,,,2015-10-05,1,,,,,"サナダリアルエステート",0
1808,8140003011254,12,0,2026-09-29,2026-09-15,"合同会社チャレンジ・ベース",,305,"兵庫県","加東市","山国１９４９番地３９",,28,228,6731421,,,,,,,2016-03-10,1,,,,,"チャレンジベース",0
1809,8140003024099,01,0,2026-09-29,2026-09-29,"合同会社陽",,305,"兵庫県","丹波市","柏原町柏原５２１６番地",,28,223,6693309,,,,,,,2026-09-29,1,,,,,"ヨウ",0
1810,8140003024132,01,0,2026-09-29,2026-09-29,"合同会社ＣＡＲＮＡ",,305,"兵庫県","神戸市東灘区","本山南町５丁目１‐２５‐２０６",,28,101,6580015,,,,,,,2026-09-29,1,,,,,"カルナ",0
1811,8170001003052,21,0,2026-09-29,2026-09-25,"松江運送株式会社",,301,"和歌山県","和歌山市","松江中２丁目４番７号",,30,201,6408423,,,2026-09-25,01,,,2015-10-05,1,,,,,"マツエウンソウ",0
1812,8180001004280,01,1,2026-09-29,2015-10-05,"株式会社壽山",,301,"愛知県","名古屋市千種区","末盛通３丁目６番地",,23,101,4640821,,,,,,,2015-10-05,1,,,,,"ジュザン",0
1813,8180001031837,71,0,2026-09-29,2026-09-07,"名古屋鉄道株式会社",,301,"愛知県","名古屋市中村区","名駅１丁目２番４号",,23,105,4500002,,,,,,"令和８年９月１日名古屋市中村区名駅一丁目２番１号株式会社めいてつカスタマーサービス（2180001033070）を合併",2015-10-05,1,,,,,"ナゴヤテツドウ",0
1814,8180001078837,12,0,2026-09-29,2026-09-24,"株式会社サンセイ",,301,"愛知県","名古屋市中区","大須２丁目８番１９号",,23,106,4600011,,,,,,,2015-10-05,1,,,,,"サンセイ",0
1815,8180001086526,01,1,2026-09-29,2015-10-05,"株式会社安理ジャパン",,301,"愛知県","一宮市","八幡４丁目１番６７－６０６号",,23,203,4910903,,,,,,,2015-10-05,1,,,,,"アンリジャパン",0
1816,8180001092499,01,1,2026-09-29,2015-10-05,"五興電機株式会社",,301,"愛知県","大府市","横根町箕手１５３番地の８",,23,223,4740011,,,,,,,2015-10-05,1,,,,,"ゴコウデンキ",0
1817,8180001107587,12,0,2026-09-29,2026-09-09,"株式会社スマイルツーリスト",,301,"愛知県","小牧市","大字小牧原新田字樋下１７０３番１の１",00145078,23,219,4850012,,,,,,,2015-10-05,1,,,,,"スマイルツーリスト",0
1818,8180001119260,12,0,2026-09-29,2026-08-25,"ｐｒｉｍｅｒａ株式会社",,301,"愛知県","名古屋市西区","那古野２丁目２５番７号",,23,104,4510042,,,,,,,2015-10-05,1,,,,,"プリメーラ",0
1819,8180001146346,01,1,2026-09-29,2021-06-09,"株式会社カトービジネス",,301,"愛知県","瀬戸市","大坂町２００番地",,23,204,4890867,,,,,,,2021-06-09,1,,,,,"カトービジネス",0
1820,8180001169743,12,0,2026-09-29,2026-09-24,"イオテクノ株式会社",,301,"愛知県","名古屋市港区","秋葉１丁目３番地－１０３号",,23,111,4550857,,,,,,,2025-12-03,1,,,,,"イオテクノ",0
1821,8180001173588,01,0,2026-09-29,2026-09-29,"株式会社ＬＴＲｉｖｅ",,301,"愛知県","名古屋市中村区","名駅３丁目４－１０アルティメイト名駅１ｓｔ２階",,23,105,4500002,,,,,,,2026-09-29,1,,,,,"エルトライブ",0
1822,8180001173670,01,0,2026-09-29,2026-09-29,"株式会社ＢＡＭＢＯＯＬ",,301,"愛知県","名古屋市中村区","名駅４丁目２４番５号第２森ビル４０１",,23,105,4500002,,,,,,,2026-09-29,1,,,,,"バンブール",0
1823,8180003018089,12,0,2026-09-29,2026-09-24,"Ｄｈａｒｍａｓ　Ｃｏｍｐａｎｙ合資会社",,304,"大阪府","大阪市北区","末広町２番２８号ブルフォルトゥーナ扇町１２０２号",,27,127,5300053,,,,,,,2017-07-13,1,,,,,"ダーマズカンパニー",0
1824,8180003030820,01,0,2026-09-29,2026-09-29,"飲食ＩＰ開発合同会社",,305,"愛知県","名古屋市中村区","名駅４丁目２４番５号第２森ビル４０１",,23,105,4500002,,,,,,,2026-09-29,1,,,,,"インショクアイピーカイハツ",0
1825,8180003030853,01,0,2026-09-29,2026-09-29,"合同会社ドン",,305,"愛知県","名古屋市千種区","千代が丘５コミュニタス千代が丘Ｓ棟１００６",,23,101,4640005,,,,,,,2026-09-29,1,,,,,"ドン",0
1826,8180301025497,12,0,2026-09-29,2026-09-16,"インスパイアコンサルティング株式会社",,301,"愛知県","安城市","末広町２番７号",,23,212,4460038,,,,,,,2015-10-05,1,,,,,"インスパイアコンサルティング",0
1827,8180301032618,12,0,2026-09-29,2026-09-24,"ＪＶＭａｘ株式会社",,301,"愛知県","名古屋市瑞穂区","平郷町１丁目１０番地の１１",,23,108,4670879,,,,,,,2019-06-05,1,,,,,"ジェイブイマックス",0
1828,8180301041387,01,0,2026-09-29,2026-09-29,"株式会社コネクト",,301,"愛知県","安城市","榎前町宮下２―３",,23,212,4441214,,,,,,,2026-09-29,1,,,,,"コネクト",0
1829,8180302010374,01,1,2026-09-29,2015-10-05,"有限会社ヤマモト自動車工業",,302,"愛知県","豊橋市","清須町字万高地１１３番１",,23,201,4400095,,,,,,,2015-10-05,1,,,,,"ヤマモトジドウシャコウギョウ",0
1830,8180302020200,21,0,2026-09-29,2026-09-11,"有限会社福光堂",,302,"愛知県","碧南市","大浜上町４丁目６６番地",,23,209,4470857,,,2026-09-11,01,,,2015-10-05,1,,,,,"フッコウドウ",0
1831,8180302020729,21,0,2026-09-29,2026-09-11,"有限会社永坂軽合金",,302,"愛知県","碧南市","洲先町１丁目２９番地",,23,209,4470086,,,2026-09-11,01,,,2015-10-05,1,,,,,"ナガサカケイゴウキン",0
1832,8180303005332,21,0,2026-09-29,2026-09-09,"合同会社Ｂｅｒｌｉｎ　ｒｅｃｏｒｄｉｎｇｓ",,305,"愛知県","豊田市","曙町４丁目２３番地",,23,211,4710835,,,2026-09-09,01,,,2022-05-18,1,,,,,"ベルリンレコーディングス",0
1833,8190001004998,01,1,2026-09-29,2015-10-05,"株式会社佐和組",,301,"三重県","鈴鹿市","東庄内町４３３８番地１０",,24,207,5190272,,,,,,,2015-10-05,1,,,,,"サワグミ",0
1834,8190005011495,12,0,2026-09-29,2026-09-25,"一般社団法人みえのパラスポーツ",,399,"三重県","津市","一身田上津部田１３５１番地５",,24,201,5140061,,,,,,,2020-10-09,1,,,,,"ミエノパラスポーツ",0
1835,8200001042039,12,0,2026-09-29,2026-09-28,"ＳＡＩ‐ＴＡ株式会社",,301,"岐阜県","大垣市","寺内町４丁目８７番地１０",,21,202,5030865,,,,,,,2024-01-05,1,,,,,"サイタ",0
1836,8200001042204,21,0,2026-09-29,2026-09-25,"株式会社セゾンマルナカ",,301,"岐阜県","羽島市","舟橋町宮北２丁目７４番地３",,21,209,5016301,,,2026-09-25,01,,,2024-02-29,1,,,,,"セゾンマルナカ",0
1837,8220001023235,12,0,2026-09-29,2026-09-25,"株式会社オーテック",,301,"石川県","金沢市","保古町ホ１１９番地",,17,201,9218053,,,,,,,2019-12-05,1,,,,,"オーテック",0
1838,8220002008499,21,0,2026-09-29,2026-09-28,"有限会社フラワービジョン・リリアール",,302,"石川県","金沢市","笠舞本町１丁目２番８号",,17,201,9200947,,,2026-09-28,01,,,2015-10-05,1,,,,,"フラワービジョンリリアール",0
1839,8240003007952,01,0,2026-09-29,2026-09-29,"合同会社バナー",,305,"広島県","東広島市","西条下見６丁目４－３６メイフェアー１０２",,34,212,7390047,,,,,,,2026-09-29,1,,,,,"バナー",0
1840,8250002001170,21,0,2026-09-29,2026-09-25,"有限会社ニツセイ",,302,"山口県","山口市","小郡大江町６番３３号",,35,203,7540015,,,2026-09-25,01,,,2015-10-05,1,,,,,"ニツセイ",0
1841,8250002001476,12,0,2026-09-29,2026-09-28,"有限会社マルナカ地所",,302,"山口県","山口市","小郡本町１丁目８番１０号",,35,203,7540073,,,,,,,2015-10-05,1,,,,,,0
1842,8260001006517,12,0,2026-09-29,2026-09-25,"都設計システム株式会社",,301,"岡山県","倉敷市","南畝２丁目４番６号",,33,202,7128055,,,,,,,2015-10-05,1,,,,,"ミヤコセッケイシステム",0
1843,8260001011814,12,0,2026-09-29,2026-09-14,"株式会社ランバーミル",,301,"宮崎県","宮崎市","橘通東４丁目５番２５号Ｍ－Ｃｉｔｙ橘６Ｆ",,45,201,8800805,,,,,,,2015-10-05,1,,,,,"ランバーミル",0
1844,8260001041613,01,0,2026-09-29,2026-09-29,"スマート防災株式会社",,301,"岡山県","真庭市","法界寺５１１番地２",,33,214,7193125,,,,,,,2026-09-29,1,,,,,"スマートボウサイ",0
1845,8260002013495,01,1,2026-09-29,2015-10-05,"有限会社渡辺幸弘工業",,302,"岡山県","岡山市南区","古新田１１３７番地の１５",,33,104,7010203,,,,,,,2015-10-05,1,,,,,"ワタナベユキヒロコウギョウ",0
1846,8260003003504,01,1,2026-09-29,2021-04-05,"合同会社ｎｏｕｖｅｌｌｅ　ｌｕｎｅ",,305,"岡山県","岡山市北区","富田２６７番地１サーパス富田３０６",,33,101,7000936,,,,,,,2021-04-05,1,,,,,"ヌーベルリエヌ",0
1847,8260003005772,01,0,2026-09-29,2026-09-29,"合同会社ヴァレット",,305,"岡山県","岡山市北区","鹿田町１丁目６番１６号オレンジハウス医大北東棟３０３号",,33,101,7000914,,,,,,,2026-09-29,1,,,,,"ヴァレット",0
1848,8280002007470,12,0,2026-09-29,2026-09-24,"有限会社アキトミ",,302,"島根県","大田市","久手町刺鹿２６５５番地３６",,32,205,6940052,,,,,,,2015-10-05,0,,,,,"アキトミ",0
1849,8280002007470,21,0,2026-09-29,2026-09-24,"有限会社アキトミ",,302,"島根県","大田市","久手町刺鹿２６５５番地３６",,32,205,6940052,,,2026-09-24,01,,,2015-10-05,1,,,,,"アキトミ",0
1850,8290001103666,01,1,2026-09-29,2023-11-06,"スマイルプロダクション株式会社",,301,"福岡県","福岡市南区","高宮３丁目１－１６セリエ高宮９０３号",,40,134,8150083,,,,,,,2023-11-06,0,"Smile Production Co., Ltd.","Fukuoka","903 Serie Takamiya, 3-1-16 Takamiya, Minami ku Fukuoka shi",,"スマイルプロダクション",0
1851,8290001103666,12,1,2026-09-29,2026-03-19,"スマイルプロダクション株式会社",,301,"福岡県","糟屋郡須惠町","大字旅石７２－３２５サンスクエアＩＩＢ",00143050,40,344,8112221,,,,,,,2023-11-06,1,"Smile Production Co., Ltd.","Fukuoka","Sun Square II B, 72-325 Oaza Tabiishi, Sue machi Kasuya gun",,"スマイルプロダクション",0
1852,8290001115562,01,0,2026-09-29,2026-09-29,"Ｒｉｂｂｏｎ　Ｇｒｏｕｐ株式会社",,301,"福岡県","福岡市東区","筥松２丁目６番２８号",,40,131,8120061,,,,,,,2026-09-29,1,,,,,"リボングループ",0
1853,8290801020978,01,1,2026-09-29,2015-10-05,"株式会社このみ",,301,"福岡県","北九州市小倉北区","南丘１丁目２１番７号",,40,106,8030863,,,,,,,2015-10-05,0,,,,,"コノミ",0
1854,8290801020978,12,1,2026-09-29,2026-09-24,"株式会社このみ",,301,"福岡県","北九州市小倉北区","南丘１丁目１０番７号",,40,106,8030863,,,,,,,2015-10-05,1,,,,,"コノミ",0
1855,8300001004904,01,1,2026-09-29,2015-10-05,"株式会社鹿島製作所",,301,"佐賀県","鹿島市","古枝甲４９６番地１",,41,207,8491321,,,,,,,2015-10-05,1,,,,,,0
1856,8300001010431,01,1,2026-09-29,2016-08-05,"株式会社シビコ",,301,"佐賀県","東松浦郡玄海町","大字平尾５３６番地１",,41,387,8471432,,,,,,,2016-08-05,0,,,,,,0
1857,8300001010431,12,1,2026-09-29,2019-04-19,"株式会社シビコ",,301,"佐賀県","東松浦郡玄海町","大字今村６５０７番地２",,41,387,8471441,,,,,,,2016-08-05,1,,,,,,0
1858,8300005002755,01,1,2026-09-29,2015-10-05,"医療法人島内整形外科医院",,399,"佐賀県","佐賀市","大和町大字尼寺２６２８番地１",,41,201,8400201,,,,,,,2015-10-05,1,,,,,,0
1859,8340001019634,01,1,2026-09-29,2016-09-05,"株式会社南日本新聞川内北販売所",,301,"鹿児島県","薩摩川内市","高城町１４２８番地１",,46,215,8950211,,,,,,,2016-09-05,1,,,,,"ミナミニホンシンブンセンダイキタハンバイジョ",0
1860,8340003004717,01,1,2026-09-29,2025-01-10,"ＩＣＴプロデュース合同会社",,305,"鹿児島県","鹿児島市","明和１丁目５１番２号",,46,201,8900024,,,,,,,2025-01-10,1,,,,,"アイシィティプロデュース",0
1861,8350005001505,01,1,2026-09-29,2015-10-05,"宮崎県結婚情報サービス事業協同組合",,399,"宮崎県","宮崎市","旭１丁目８番１５号",,45,201,8800803,,,,,,,2015-10-05,1,,,,,"ミヤザキケンケッコンジョウホウサービス",0
1862,8360003016173,01,0,2026-09-29,2026-09-29,"合同会社むんがたい",,305,"沖縄県","中頭郡読谷村","字波平２９７番地",,47,324,9040322,,,,,,,2026-09-29,1,,,,,"ムンガタイ",0
1863,8370002001844,01,1,2026-09-29,2015-10-05,"有限会社ミカサボディー",,302,"宮城県","仙台市泉区","七北田字新田６１番地の１",,04,105,9813131,,,,,,,2015-10-05,1,,,,,"ミカサボディー",0
1864,8370102000639,01,1,2026-09-29,2015-10-05,"有限会社山家建設",,302,"宮城県","柴田郡大河原町","金ケ瀬字町１８５番地",,04,321,9891224,,,,,,,2015-10-05,1,,,,,"ヤンベケンセツ",0
1865,8370102002809,01,1,2026-09-29,2015-10-05,"カハラリゾート有限会社",,302,"宮城県","刈田郡蔵王町","大字円田字棚村道上３５－２",,04,301,9890821,,,,,,,2015-10-05,1,,,,,"カハラリゾート",0
1866,8420001015360,01,1,2026-09-29,2016-08-10,"株式会社トータルクリーン",,301,"青森県","青森市","南佃１丁目４番３０号",,02,201,0300964,,,,,,,2016-08-10,1,,,,,"トータルクリーン",0
1867,8430001091434,01,1,2026-09-29,2024-04-01,"株式会社ＮｅｗＶｉｌｌａｇｅ",,301,"北海道","札幌市東区","北三十四条東６丁目３番２３－１０２号",,01,103,0070834,,,,,,,2024-04-01,1,,,,,"ニュービレッジ",0
1868,8430002053243,12,0,2026-09-29,2026-09-24,"有限会社山小屋",,302,"北海道","砂川市","西一条北１０丁目３番３号",,01,226,0730161,,,,,,,2015-10-05,1,,,,,"ヤマゴヤ",0
1869,8430002056361,01,1,2026-09-29,2015-10-05,"有限会社助っ人",,302,"北海道","余市郡赤井川村","字都１６３番地６",,01,409,0460541,,,,,,,2015-10-05,0,,,,,"スケット",0
1870,8430002056361,12,1,2026-09-29,2023-04-03,"有限会社助っ人",,302,"北海道","余市郡赤井川村","字都１１２番地１０",,01,409,0460541,,,,,,,2015-10-05,1,,,,,"スケット",0
1871,8430005000382,01,1,2026-09-29,2015-10-05,"宗教法人本門寺",,399,"北海道","札幌市中央区","北一条東１０丁目１７番地の２",,01,101,0600031,,,,,,,2015-10-05,1,,,,,"ホンモンジ",0
1872,8460002000003,01,1,2026-09-29,2015-10-05,"有限会社丸豊アキタ",,302,"北海道","釧路市","柏木町７番１号",,01,206,0850824,,,,,,,2015-10-05,1,,,,,"マルトヨアキタ",0
1873,8470001002494,11,0,2026-09-29,2026-09-16,"大運ステベドリング株式会社",,301,"香川県","高松市","朝日新町３２番２号",,37,201,7600064,,,,,,,2015-10-05,1,,,,,"ダイウンステベドリング",0
1874,8500002018239,21,0,2026-09-29,2026-09-25,"有限会社近藤設計事務所",,302,"愛媛県","今治市","郷桜井４丁目５番７０号",,38,202,7991523,,,2026-09-25,01,,,2015-10-05,1,,,,,"コンドウセッケイジムショ",0
1875,8500005008807,12,0,2026-09-29,2026-09-24,"一般社団法人ＴＲＹ　Ｆｏｒ　ＬＩＦＥ",,399,"島根県","出雲市","斐川町荘原３０５７番地",,32,203,6990502,,,,,,,2025-07-29,1,,,,,"トライフォーライフ",0
1876,9010001058061,01,1,2026-09-29,2015-10-05,"三ッ矢観光自動車株式会社",,301,"東京都","中央区","日本橋箱崎町１８番１２号",,13,102,1030015,,,,,,,2015-10-05,0,,,,,,0
1877,9010001058061,12,1,2026-09-29,2019-04-25,"三ッ矢観光自動車株式会社",,301,"東京都","墨田区","墨田２丁目４２番１４号",,13,107,1310031,,,,,,,2015-10-05,1,,,,,,0
1878,9010001153093,12,0,2026-09-29,2026-09-01,"株式会社Ｃｉｅｌ　Ｔｅｒｒｅ　Ｊａｐａｎ",,301,"東京都","港区","新橋６丁目１３番９号ＲＥＧＲＡＲＤＳＨＩＭＢＡＳＨＩ５階",,13,103,1050004,,,,,,,2015-10-05,1,,,,,"シエルテールジャパン",0
1879,9010001214936,21,0,2026-09-29,2026-08-31,"セカイエ千葉３株式会社",,301,"東京都","中央区","八丁堀２丁目１０番７号日本瓦斯八丁堀ビル",,13,102,1040032,,,2026-08-31,11,8010001170197,"令和８年８月３０日東京都中央区八丁堀二丁目１０番７号日本瓦斯八丁堀ビルセカイエ株式会社（8010001170197）に合併し解散",2021-01-08,1,,,,,"セカイエチバサン",0
1880,9010001237284,12,0,2026-09-29,2026-09-25,"株式会社雨晴国際",,301,"東京都","渋谷区","神宮前５丁目４２番４号ブランスィック表参道１階",,13,113,1500001,,,,,,,2023-08-01,1,,,,,"ウセイコクサイ",0
1881,9010001255039,11,0,2026-09-29,2026-09-03,"ＳＡＴＥＬＬＩＴＥ　Ｅｎｔｅｒｔａｉｎｍｅｎｔ株式会社",,301,"東京都","八王子市","川口町１１６０番地１６",,13,201,1930801,,,,,,,2025-05-15,1,,,,,"サテライトエンターテイメント",0
1882,9010001268511,01,0,2026-09-29,2026-09-29,"株式会社Ｒａｉｓｉｎｓ",,301,"東京都","中央区","銀座６丁目１２番２号",,13,102,1040061,,,,,,,2026-09-29,1,,,,,"レザン",0
1883,9010001269105,01,0,2026-09-29,2026-09-29,"ＴＡＩＬＬＥＶＥＮＴ　ＪＡＰＯＮ株式会社",,301,"東京都","千代田区","丸の内１丁目１１番１号",,13,101,1000005,,,,,,,2026-09-29,1,,,,,"タイユバンジャポン",0
1884,9010003022437,12,0,2026-09-29,2026-09-25,"ベルビュー合同会社",,305,"東京都","墨田区","堤通１丁目１１番２４号ベルビュービル",,13,107,1310034,,,,,,,2015-10-05,1,,,,,"ベルビュー",0
1885,9010003052748,01,0,2026-09-29,2026-09-29,"ＮＭＬ合同会社",,305,"東京都","千代田区","飯田橋４丁目７番１号結和税理士法人内",,13,101,1020072,,,,,,,2026-09-29,1,,,,,"エヌエムエル",0
1886,9010003052764,01,0,2026-09-29,2026-09-29,"仙台長町合同会社",,305,"東京都","千代田区","飯田橋４丁目７番１号結和税理士法人内",,13,101,1020072,,,,,,,2026-09-29,1,,,,,"センダイナガマチ",0
1887,9010101017413,01,0,2026-09-29,2026-09-29,"株式会社Ｆｉｅｌｄ　Ｉｎ　Ｃｏｎｓｕｌｔｉｎｇ",,301,"東京都","八王子市","川口町１５９０番地１",,13,201,1930801,,,,,,,2026-09-29,1,,,,,"フィールドインコンサルティング",0
1888,9010401001554,12,0,2026-09-29,2026-09-01,"株式会社アダージオ・カンパニー",,301,"東京都","港区","赤坂２丁目１７番１２－２０６号",,13,103,1070052,,,,,,,2015-10-05,1,,,,,"アダージオカンパニー",0
1889,9010401187360,11,0,2026-09-29,2026-09-25,"ＳＨＩＢＡ株式会社",,301,"東京都","港区","元赤坂１丁目１番７－１２０９号株式会社赤坂国際会計内",,13,103,1070051,,,,,,,2024-12-27,1,,,,,"シバ",0
1890,9010401192063,12,0,2026-09-29,2026-09-25,"ロビンフッド株式会社",,301,"東京都","品川区","東中延１丁目１１番１７－１３０３号",,13,109,1420052,,,,,,,2025-07-29,1,,,,,"ロビンフッド",0
1891,9010401195529,12,0,2026-09-29,2026-09-08,"吉成株式会社",,301,"東京都","港区","芝５丁目３６番４号札の辻スクエア９階",,13,103,1080014,,,,,,,2026-01-05,1,,,,,"ヨシナリ",0
1892,9010401202342,01,0,2026-09-29,2026-09-29,"ＮＯＵＳ　ＡＩ株式会社",,301,"東京都","港区","六本木３丁目１６番１２号六本木ＫＳビル５Ｆ",,13,103,1060032,,,,,,,2026-09-29,1,,,,,"ノウスエーアイ",0
1893,9010401202375,01,0,2026-09-29,2026-09-29,"Ｒｈａｅｌｍ　Ｓｅｒｖｉｃｅｓ　Ｎｉｐｐｏｎ株式会社",,301,"東京都","港区","芝２丁目１０番６号ＥＡＲＴＨＳＨＩＢＡＢＬＤ．３Ｆイントリム内",,13,103,1050014,,,,,,,2026-09-29,1,,,,,"ラエルムサービシーズニッポン",0
1894,9010403039188,01,0,2026-09-29,2026-09-29,"合同会社Ｅａｇｌｅ２",,305,"東京都","港区","虎ノ門５丁目１番４号",,13,103,1050001,,,,,,,2026-09-29,1,,,,,"イーグルツー",0
1895,9010601000100,01,1,2026-09-29,2015-10-05,"株式会社加村商店",,301,"東京都","江東区","北砂４丁目４１番８号",,13,108,1360073,,,,,,,2015-10-05,1,,,,,"カムラショウテン",0
1896,9010601004308,01,1,2026-09-29,2015-10-05,"株式会社田巻屋",,301,"東京都","江東区","三好２丁目１３番３号",,13,108,1350022,,,,,,,2015-10-05,1,,,,,"タマキヤ",0
1897,9010601067949,01,1,2026-09-29,2025-09-11,"株式会社ＣＭＡ",,301,"東京都","江東区","大島３丁目２６番１－３０２号",,13,108,1360072,,,,,,,2025-09-11,1,,,,,,0
1898,9010602018240,01,1,2026-09-29,2015-10-05,"有限会社伸栄設備佐藤工業所",,302,"東京都","江東区","猿江１丁目８番１２号",,13,108,1350003,,,,,,,2015-10-05,1,,,,,"シンエイセツビサトウコウギョウショ",0
1899,9010603012481,01,0,2026-09-29,2026-09-29,"合同会社Ｍｅｒｃｕｒｙ",,305,"東京都","江東区","亀戸５丁目４番６号ダイヤモンドマンション１０６",,13,108,1360071,,,,,,,2026-09-29,1,,,,,"マーキュリー",0
1900,9010703003496,12,0,2026-09-29,2026-09-25,"合同会社ルフレ・アセットマネジメント",,305,"東京都","渋谷区","桜丘町１５番８号高木産業会館３１６",,13,113,1500031,,,,,,,2017-02-23,1,,,,,"ルフレアセットマネジメント",0
1901,9010703003579,21,0,2026-09-29,2026-09-11,"合同会社Ａ・ＬＯＨＡＳ",,305,"京都府","宇治市","宇治妙楽５１番３号マンションアイネ２０２",,26,204,6110021,,,2026-09-11,01,,,2017-05-02,1,,,,,"アロハス",0
1902,9010901011887,01,1,2026-09-29,2015-10-05,"株式会社向笠建材店",,301,"東京都","世田谷区","深沢１丁目７番３号",,13,112,1580081,,,,,,,2015-10-05,1,,,,,"ムカサケンザイテン",0
1903,9011001002249,12,0,2026-09-29,2026-09-17,"株式会社いずみ工芸",,301,"千葉県","習志野市","藤崎３丁目２６番３－１０２号",,12,216,2750017,,,,,,,2015-10-05,1,,,,,,0
1904,9011001122740,12,0,2026-09-29,2026-09-02,"株式会社ＯＲＩＮＥＸＴ",,301,"東京都","渋谷区","桜丘町１５番１２号フジビル４０－７Ｆ",,13,113,1500031,,,,,,,2018-06-13,1,,,,,"オリネクスト",0
1905,9011001165905,12,0,2026-09-29,2026-09-24,"株式会社ＫＡＩＯＨ",,301,"東京都","大田区","中馬込１丁目１４番４号",,13,111,1430027,,,,,,,2024-11-20,1,,,,,"カイオウ",0
1906,9011001180334,01,0,2026-09-29,2026-09-29,"株式会社リミナル",,301,"東京都","渋谷区","宇田川町３－７ヒューリック渋谷公園通りビル５Ｆ",,13,113,1500042,,,,,,,2026-09-29,1,,,,,"リミナル",0
1907,9011001180714,01,0,2026-09-29,2026-09-29,"ＴＥＱＴＡ株式会社",,301,"東京都","渋谷区","広尾１丁目２番地１号ヒカリビル４階",,13,113,1500012,,,,,,,2026-09-29,1,,,,,"テクタ",0
1908,9011002005069,21,0,2026-09-29,2026-09-14,"有限会社佐野薬局",,302,"東京都","渋谷区","本町２丁目３３番１号",,13,113,1510071,,,2026-09-14,01,,,2015-10-05,1,,,,,"サノヤッキョク",0
1909,9011002035594,01,1,2026-09-29,2015-10-05,"有限会社エテカンパニー",,302,"東京都","渋谷区","元代々木町４２番２号",,13,113,1510062,,,,,,,2015-10-05,1,,,,,"エテカンパニー",0
1910,9011003025355,01,0,2026-09-29,2026-09-29,"合同会社Ｐｒｉｓｔｉｎｅ",,305,"東京都","渋谷区","神宮前３丁目１５番１１号",,13,113,1500001,,,,,,,2026-09-29,1,,,,,"プリスティン",0
1911,9011003025363,01,0,2026-09-29,2026-09-29,"合同会社ＭＲ　ＦＯＯＬＩＳＨ",,305,"東京都","渋谷区","道玄坂１丁目１０番８号渋谷道玄坂東急ビル２Ｆ－Ｃ",,13,113,1500043,,,,,,,2026-09-29,1,,,,,"ミスターフーリッシュ",0
1912,9011101105827,11,0,2026-09-29,2026-09-01,"Ｇ２Ｓ‐Ｅｎｅｒｇｙ株式会社",,301,"東京都","港区","西新橋１丁目２－９日比谷セントラルビル１４階",,13,103,1050003,,,,,,,2024-01-17,1,,,,,"ジートゥーエナジー",0
1913,9011103017995,01,0,2026-09-29,2026-09-29,"Ｏｓａｋａ　Ｖｉｓｉｏｎ合同会社",,305,"東京都","新宿区","富久町８番２６号東京ユナイテッド綜合事務所内",,13,104,1620067,,,,,,,2026-09-29,1,,,,,"オオサカビジョン",0
1914,9011103018011,01,0,2026-09-29,2026-09-29,"ＳＭＧＴ　Ｊａｐａｎ合同会社",,305,"東京都","新宿区","新宿７丁目１２番１号新宿平和ビル１階",,13,104,1600022,,,,,,,2026-09-29,1,,,,,"エスエムジーティージャパン",0
1915,9011103018028,01,0,2026-09-29,2026-09-29,"合同会社ジェイ・エヌ・ジー",,305,"東京都","新宿区","下宮比町１番４号",,13,104,1620822,,,,,,,2026-09-29,1,,,,,"ジェイエヌジー",0
1916,9011103018036,01,0,2026-09-29,2026-09-29,"Ａｘｅｌｉａ合同会社",,305,"東京都","新宿区","西新宿３丁目３番１３号西新宿水間ビル６階",,13,104,1600023,,,,,,,2026-09-29,1,,,,,"アクセリア",0
1917,9011201026378,12,0,2026-09-29,2026-09-28,"ＷＨＩＴＥ株式会社",,301,"東京都","港区","赤坂２丁目１４－５Ｄａｉｗａ赤坂ビル７階オフィス７２５",,13,103,1070052,,,,,,,2025-05-30,1,,,,,"ホワイト",0
1918,9011203002708,12,0,2026-09-29,2026-09-18,"合同会社タグチ・メソッド・インスティテュート",,305,"東京都","中野区","中野５丁目６７番７号プラザ中野内",,13,114,1640001,,,,,,,2018-03-07,1,,,,,,0
1919,9011203004002,21,0,2026-09-29,2026-09-16,"合同会社ＭＫ　Ｃｏｍｐａｎｙ",,305,"東京都","中野区","中野５丁目５７番４号永嶋ビル１階",,13,114,1640001,,,2026-09-16,01,,,2023-02-07,1,,,,,"エムケーカンパニー",0
1920,9011301003715,01,1,2026-09-29,2015-10-05,"株式会社生光企画",,301,"東京都","杉並区","高円寺南１丁目６番６号",,13,115,1660003,,,,,,,2015-10-05,0,,,,,"セイコウキカク",0
1921,9011301003715,12,0,2026-09-29,2026-09-25,"株式会社生光企画",,301,"東京都","中野区","中野３丁目３４番２２号第二コウヘイビル１Ｆ",,13,114,1640001,,,,,,,2015-10-05,1,,,,,"セイコウキカク",0
1922,9011301031848,01,0,2026-09-29,2026-09-29,"Ｓｅｃｏｎｄ　Ｐｏｒｔ株式会社",,301,"東京都","杉並区","高円寺北２丁目３番４号レインボースクエアビル１０３",,13,115,1660002,,,,,,,2026-09-29,1,,,,,"セカンドポート",0
1923,9011401026574,11,0,2026-09-29,2026-09-17,"株式会社ＣＯＭＰＯＳＥＲ",,301,"東京都","板橋区","泉町４－４",,13,119,1740055,,,,,,,2024-11-14,1,,,,,"コンポーサー",0
1924,9011503007101,01,0,2026-09-29,2026-09-29,"エムアンドエムズ合同会社",,305,"東京都","荒川区","西尾久７丁目６１番５号ライオンズマンション上中里６０１号室",,13,118,1160011,,,,,,,2026-09-29,1,,,,,"エムアンドエムズ",0
1925,9011701015913,22,0,2026-09-29,2026-08-21,"株式会社ドクターフライ総研",,301,"東京都","渋谷区","渋谷２丁目１５番１号",,13,113,1500002,,,,,,,2015-10-05,1,,,,,"ドクターフライソウケン",0
1926,9011801043673,12,0,2026-09-29,2026-09-24,"株式会社ＷＡＶＥ４４３",,301,"沖縄県","中頭郡読谷村","字長浜１７７０番地",,47,324,9040324,,,,,,,2024-01-19,1,,,,,"ウェーヴフォーフォーティスリー",0
1927,9011801048417,01,0,2026-09-29,2026-09-29,"株式会社マルオン",,301,"東京都","足立区","中央本町３丁目９番２０－１０５号",,13,121,1210011,,,,,,,2026-09-29,1,,,,,"マルオン",0
1928,9012401011277,12,0,2026-09-29,2026-09-14,"株式会社すかいらーくＤ＆Ｍ",,301,"東京都","武蔵野市","中町１丁目１９番３号",,13,203,1800006,,,,,,,2015-10-05,1,,,,,"スカイラークディーアンドエム",0
1929,9012401012556,01,1,2026-09-29,2015-10-05,"新乾ビルサービス株式会社",,301,"東京都","三鷹市","下連雀４丁目１８番２０号",,13,204,1810013,,,,,,,2015-10-05,0,,,,,"シンケンビルサービス",0
1930,9012401012556,12,1,2026-09-29,2017-04-03,"新乾ビルサービス株式会社",,301,"東京都","府中市","四谷３丁目２７番地の１",,13,206,1830035,,,,,,,2015-10-05,1,,,,,"シンケンビルサービス",0
1931,9012702003460,01,1,2026-09-29,2015-10-05,"ブランパピエ有限会社",,302,"東京都","東村山市","野口町４丁目１７番地５",,13,213,1890022,,,,,,,2015-10-05,1,,,,,"ブランパピエ",0
1932,9020001052963,01,1,2026-09-29,2015-10-05,"株式会社ツルギ",,301,"神奈川県","横浜市金沢区","富岡東５丁目１番１９号",,14,108,2360051,,,,,,,2015-10-05,1,,,,,"ツルギ",0
1933,9020001110903,12,0,2026-09-29,2026-09-08,"株式会社ＣＲＯＳＳ　ＡＳＳＥＴ",,301,"神奈川県","横浜市中区","山下町４６番ＢＬＯＣＫＳＹＡＭＡＳＨＩＴＡＰＡＲＫ",,14,104,2310023,,,,,,,2015-10-05,1,,,,,"クロスアセット",0
1934,9020001113195,01,1,2026-09-29,2015-10-20,"株式会社アンダンテ",,301,"神奈川県","横浜市保土ケ谷区","天王町１丁目７番地１",,14,106,2400003,,,,,,,2015-10-20,1,,,,,"アンダンテ",0
1935,9020001163026,01,1,2026-09-29,2025-05-27,"株式会社ＮｅｘＴｒｕｓｔソリューションズ",,301,"神奈川県","横浜市西区","みなとみらい４丁目４番２号横浜ブルーアベニュー１２Ｆ１２５６",,14,103,2200012,,,,,,,2025-05-27,1,,,,,"ネックトラストソリューションズ",0
1936,9020001165939,01,1,2026-09-29,2025-11-25,"株式会社ジュピター",,301,"神奈川県","横浜市港北区","新横浜２丁目５番１０号楓第２ビル９階Ｂ室",,14,109,2220033,,,,,,,2025-11-25,0,,,,,"ジュピター",0
1937,9020001165939,11,1,2026-09-29,2026-07-30,"株式会社ウィーズＢＵＮＡ",,301,"神奈川県","横浜市港北区","新横浜２丁目５番１０号楓第２ビル９階Ｂ室",,14,109,2220033,,,,,,,2025-11-25,0,,,,,"ウィーズブナ",0
1938,9020001165939,12,1,2026-09-29,2026-08-07,"株式会社ウィーズＢＵＮＡ",,301,"兵庫県","尼崎市","御園町２４番５０２",,28,202,6600861,,,,,,,2025-11-25,1,,,,,"ウィーズブナ",0
1939,9020001170261,01,0,2026-09-29,2026-09-29,"株式会社ＮＡＧＩ",,301,"神奈川県","横浜市神奈川区","台町７番２号ハイツ横浜３０７号",,14,102,2210834,,,,,,,2026-09-29,1,,,,,"ナギ",0
1940,9020001170410,11,0,2026-09-29,2026-09-24,"株式会社ＭｉｎａｔｏＣｏ",,301,"神奈川県","川崎市幸区","神明町２丁目３７番地１",,14,132,2120022,,,,,,,2026-09-16,1,,,,,"ミナトコ",0
1941,9020002061708,11,0,2026-09-29,2026-09-01,"パインヴィレッジ株式会社",,301,"神奈川県","横浜市戸塚区","下倉田町５９６番地",,14,110,2440815,,,,,,,2015-10-05,1,,,,,"パインヴィレッジ",0
1942,9020003010837,01,1,2026-09-29,2016-01-14,"合同会社エヌプリント",,305,"神奈川県","横浜市旭区","白根３丁目２０番１３－１０３号",,14,112,2410005,,,,,,,2016-01-14,1,,,,,"エヌプリント",0
1943,9021001070204,12,0,2026-09-29,2026-09-25,"音と映像と舞台の株式会社",,301,"東京都","中野区","中野５丁目５１番２ザ・パークハウス中野タワー１２０７号",,13,114,1640001,,,,,,,2020-06-29,1,,,,,"オトトエイゾウトブタイノ",0
1944,9021002062844,01,1,2026-09-29,2015-10-05,"有限会社いづみや",,302,"神奈川県","横須賀市","衣笠栄町１丁目７０番地",,14,201,2380031,,,,,,,2015-10-05,1,,,,,"イヅミヤ",0
1945,9021002063850,12,0,2026-09-29,2026-07-24,"有限会社旭洋不動産",,302,"神奈川県","横須賀市","大津町２丁目１番１０号",,14,201,2390808,,,,,,,2015-10-05,1,,,,,"キョクヨウフドウサン",0
1946,9021003015396,12,0,2026-09-29,2026-09-14,"株式会社ａｒｖｉｅ",,301,"神奈川県","藤沢市","用田６３５番地の３",,14,205,2520821,,,,,,,2025-01-06,1,,,,,"アルヴィ",0
1947,9030001013015,21,0,2026-09-29,2026-09-10,"株式会社クロスオーバービジネス研究所",,301,"埼玉県","さいたま市浦和区","領家６丁目１番９号",,11,107,3300072,,,2026-09-10,01,,,2015-10-05,1,,,,,"クロスオーバービジネスケンキュウジョ",0
1948,9030001055156,01,1,2026-09-29,2015-10-05,"株式会社辻電気商会",,301,"埼玉県","川越市","野田町１丁目１１番地７",,11,201,3501115,,,,,,,2015-10-05,1,,,,,"ツジデンキショウカイ",0
1949,9030001055916,21,0,2026-09-29,2026-09-09,"株式会社小峰建設",,301,"埼玉県","ふじみ野市","上福岡２丁目６番１０号",,11,245,3560004,,,2026-09-09,01,,,2015-10-05,1,,,,,"コミネケンセツ",0
1950,9030001067754,01,1,2026-09-29,2015-10-05,"株式会社桜井建設",,301,"埼玉県","北葛飾郡松伏町","ゆめみ野６丁目１１番地２０",,11,465,3430113,,,,,,,2015-10-05,1,,,,,"サクライケンセツ",0
1951,9030003030000,01,0,2026-09-29,2026-09-29,"合同会社ニュークリエイティブ",,305,"埼玉県","新座市","東２丁目８番１６号１階",,11,230,3520002,,,,,,,2026-09-29,1,,,,,"ニュークリエイティブ",0
1952,9040001034126,12,0,2026-09-29,2026-09-01,"株式会社田中電設",,301,"千葉県","鎌ケ谷市","軽井沢１９８７番地２１",,12,224,2730131,,,,,,,2015-10-05,1,,,,,"タナカデンセツ",0
1953,9040001036980,12,0,2026-09-29,2026-09-01,"株式会社丸正環境センター",,301,"千葉県","松戸市","東松戸３丁目１２番地の１・１Ｆ",,12,207,2702225,,,,,,,2015-10-05,1,,,,,,0
1954,9040001046476,12,0,2026-09-29,2026-09-24,"レジェンド株式会社",,301,"東京都","中野区","中央２丁目２０番４号",,13,114,1640011,,,,,,,2015-10-05,1,,,,,"レジェンド",0
1955,9040001049850,01,1,2026-09-29,2015-10-05,"株式会社誠裕",,301,"千葉県","佐倉市","鏑木町１９８番地３２",,12,212,2850025,,,,,,,2015-10-05,1,,,,,"セイユウ",0
1956,9040001056871,21,0,2026-09-29,2026-09-02,"株式会社アヴァンティ",,301,"千葉県","市原市","ちはら台南６丁目１９番地１",,12,219,2900142,,,2026-09-02,01,,,2015-10-05,1,,,,,"アヴァンティ",0
1957,9040001068553,12,0,2026-09-29,2026-09-01,"株式会社Ｆ．Ｓ",,301,"千葉県","流山市","西初石１丁目７４１番地の２８",,12,220,2700121,,,,,,,2015-10-05,1,,,,,"エフエス",0
1958,9040001105109,01,1,2026-09-29,2018-06-19,"株式会社ＯｎｅＰｌａｎｅｔ",,301,"千葉県","長生郡一宮町","一宮２９９８番地２",,12,421,2994301,,,,,,,2018-06-19,1,,,,,,0
1959,9040001122302,12,0,2026-09-29,2026-09-04,"ピット株式会社",,301,"千葉県","千葉市稲毛区","長沼町１３３－９",,12,103,2630005,,,,,,,2022-02-21,1,,,,,"ピット",0
1960,9040001129363,12,0,2026-09-29,2026-09-25,"日新国際株式会社",,301,"東京都","中央区","築地４丁目３番３号２Ｆ",,13,102,1040045,,,,,,,2023-07-25,1,,,,,"ニッシンコクサイ",0
1961,9040001145402,01,0,2026-09-29,2026-09-29,"株式会社ＦｉｖｅＮｏｄｅ",,301,"千葉県","柏市","若柴２２６番地４４中央１４１街区１ＫＯＩＬＴＥＲＲＡＣＥ６Ｆ",,12,217,2770871,,,,,,,2026-09-29,1,,,,,"ファイブノード",0
1962,9040002101073,21,0,2026-09-29,2026-09-02,"有限会社マツノ",,302,"千葉県","鴨川市","前原３５１番地",,12,223,2960002,,,2026-09-02,01,,,2015-10-05,1,,,,,"マツノ",0
1963,9040002101230,01,1,2026-09-29,2015-10-05,"有限会社西川造船所",,302,"千葉県","鴨川市","天津２２１８番地７",,12,223,2995503,,,,,,,2015-10-05,0,,,,,"ニシカワゾウセンジョ",0
1964,9040002101230,21,0,2026-09-29,2026-09-02,"有限会社西川造船所",,302,"千葉県","鴨川市","天津２２１８番地７",,12,223,2995503,,,2026-09-02,01,,,2015-10-05,1,,,,,"ニシカワゾウセンジョ",0
1965,9040003000992,12,0,2026-09-29,2026-09-04,"合資会社アイム・ファイン",,304,"千葉県","船橋市","咲が丘２丁目３３番１５号",,12,204,2740807,,,,,,,2015-10-05,1,,,,,"アイムファイン",0
1966,9040003007609,21,0,2026-09-29,2026-09-24,"合同会社ＭＴパートナーズ",,305,"長野県","大町市","美麻１９５５１番",,20,212,3999101,,,2026-09-24,01,,,2015-10-05,1,,,,,"エムティパートナーズ",0
1967,9040005018819,01,1,2026-09-29,2015-11-16,"ＮＰＯ法人水辺散歩",,399,"千葉県","八街市","八街に４５番地２１０",,12,230,2891103,,,,,,,2015-11-16,0,,,,,"ミズベサンポ",0
1968,9040005018819,12,1,2026-09-29,2026-09-04,"ＮＰＯ法人水辺散歩",,399,"千葉県","佐倉市","大崎台２丁目３番地５",,12,212,2850817,,,,,,,2015-11-16,1,,,,,"ミズベサンポ",0
1969,9050002016056,01,1,2026-09-29,2015-10-05,"有限会社村田板金工業",,302,"茨城県","小美玉市","羽鳥２２３５番地",,08,236,3190123,,,,,,,2015-10-05,1,,,,,"ムラタバンキンコウギョウ",0
1970,9050002030453,21,0,2026-09-29,2026-09-15,"有限会社協同設計社",,302,"茨城県","日立市","東大沼町２丁目１３番１号",,08,202,3160023,,,2026-09-15,01,,,2015-10-05,1,,,,,"キョウドウセッケイシャ",0
1971,9070001005108,12,0,2026-09-29,2026-09-16,"株式会社丸栄",,301,"群馬県","前橋市","小屋原町１４３０番地１それいゆ２０中号室",,10,201,3792121,,,,,,,2015-10-05,1,,,,,"マルエイ",0
1972,9070002010420,21,0,2026-09-29,2026-09-18,"株式会社シャクナゲ",,301,"群馬県","高崎市","上並榎町１１１１番地７",,10,202,3700801,,,2026-09-18,01,,,2015-10-05,1,,,,,"シャクナゲ",0
1973,9070003002524,01,1,2026-09-29,2015-11-26,"合同会社東日本ソーラー",,305,"群馬県","高崎市","飯塚町４６２番地１",,10,202,3700069,,,,,,,2015-11-26,0,,,,,"ヒガシニホンソーラー",0
1974,9070003002524,12,1,2026-09-29,2021-05-28,"合同会社東日本ソーラー",,305,"群馬県","高崎市","上並榎町３８２番地１",,10,202,3700801,,,,,,,2015-11-26,0,,,,,"ヒガシニホンソーラー",0
1975,9070003002524,12,0,2026-09-29,2026-09-25,"合同会社東日本ソーラー",,305,"新潟県","長岡市","藤橋２丁目６６０番地１",,15,202,9402141,,,,,,,2015-11-26,1,,,,,"ヒガシニホンソーラー",0
1976,9080002009973,01,1,2026-09-29,2015-10-05,"有限会社サンフォト",,302,"静岡県","静岡市清水区","江尻町１２番１号",,22,103,4240818,,,,,,,2015-10-05,1,,,,,"サンフォト",0
1977,9090003002786,12,0,2026-09-29,2026-09-25,"合同会社ｈｅｌｍ",,305,"山梨県","甲府市","朝日２丁目１７－１１ドロワット１Ｆ",,19,201,4000025,,,,,,,2025-03-26,1,,,,,"ヘルム",0
1978,9100002025893,01,1,2026-09-29,2015-10-05,"有限会社増田自動車鈑金",,302,"長野県","安曇野市","明科七貴５５５２番地１",,20,220,3997104,,,,,,,2015-10-05,1,,,,,"マスダジドウシャバンキン",0
1979,9100003008955,01,0,2026-09-29,2026-09-29,"合同会社ＳＡＳトレーディング",,305,"長野県","上伊那郡辰野町","大字赤羽１０４番地４",,20,382,3990424,,,,,,,2026-09-29,1,,,,,"エスエーエストレーディング",0
1980,9110001009632,01,1,2026-09-29,2015-10-05,"株式会社ＡＣＲＯＳＳ　ＪＡＰＡＮ",,301,"新潟県","新潟市中央区","上大川前通４番町３７番地１アパガーデンコート上大川前５０５号",,15,103,9518068,,,,,,,2015-10-05,1,,,,,"アクロスジャパン",0
1981,9110001031487,12,0,2026-09-29,2026-09-25,"株式会社Ｓｉｍｐｌｅ　Ａｇｅｎｔ",,301,"東京都","中央区","日本橋本町２丁目３番１６号－３０１",,13,102,1030023,,,,,,,2016-04-28,1,,,,,"シンプルエージェント",0
1982,9110002005309,01,1,2026-09-29,2015-10-05,"有限会社はちみ",,302,"新潟県","新潟市西区","小針３丁目１８番１８号",,15,107,9502022,,,,,,,2015-10-05,1,,,,,"ハチミ",0
1983,9110002006595,21,0,2026-09-29,2026-09-14,"有限会社芽来紫衣",,302,"新潟県","新潟市中央区","関屋松波町１丁目４７番地１",,15,103,9518161,,,2026-09-14,01,,,2015-10-05,1,,,,,"メクシイ",0
1984,9110002014870,21,0,2026-09-29,2026-09-15,"有限会社エヌオーエヌ",,302,"新潟県","新発田市","豊町２丁目２番２号",,15,206,9570016,,,2026-09-15,01,,,2015-10-05,1,,,,,"エヌオーエヌ",0
1985,9120001011728,21,0,2026-09-29,2026-09-24,"今井硝子株式会社",,301,"大阪府","東大阪市","大蓮東４丁目１３番１号",,27,227,5770824,,,2026-09-24,01,,,2015-10-05,1,,,,,"イマイガラス",0
1986,9120001025439,12,0,2026-09-29,2026-09-17,"マルマン建設株式会社",,301,"大阪府","大阪市天王寺区","寺田町１丁目７番１７－８０１号",,27,109,5430045,,,,,,,2015-10-05,1,,,,,"マルマンケンセツ",0
1987,9120001168188,12,0,2026-09-29,2026-09-24,"大宮グリーン開発株式会社",,301,"大阪府","門真市","新橋町１７番１号２０４号室",,27,223,5710048,,,,,,,2015-10-05,1,,,,,"オオミヤグリーンカイハツ",0
1988,9120001199357,01,1,2026-09-29,2016-07-06,"ＮＥＷＳ　ＰＲＯＤＵＣＴ株式会社",,301,"大阪府","大阪市生野区","桃谷４丁目１５番１号",,27,116,5440034,,,,,,,2016-07-06,1,,,,,"ニュースプロダクト",0
1989,9120001230567,12,0,2026-09-29,2026-09-24,"株式会社Ｇｏｖｅｒｎ",,301,"東京都","港区","麻布台３丁目１－６－４Ｆ",,13,103,1060041,,,,,,,2020-07-22,1,,,,,"ガヴァン",0
1990,9120001237777,12,0,2026-09-29,2026-09-18,"株式会社Ｈ２Ｏソリューションズ",,301,"大阪府","大阪市西区","西本町１丁目８番２号三晃ビル４０３",,27,106,5500005,,,,,,,2021-05-28,1,,,,,"エイチツーオーソリューションズ",0
1991,9120001275538,01,1,2026-09-29,2025-05-12,"ＳＨＩＭＯＡ株式会社",,301,"大阪府","大阪市中央区","淡路町３丁目５番１３号創建御堂筋ビル２階",,27,128,5410047,,,,,,,2025-05-12,1,,,,,"シモア",0
1992,9120001282170,12,0,2026-09-29,2026-09-24,"株式会社眞創",,301,"大阪府","大阪市住之江区","東加賀屋１丁目１２番９－９０１号",,27,125,5590012,,,,,,,2025-11-27,1,,,,,"シンソウ",0
1993,9120001289216,01,0,2026-09-29,2026-09-29,"株式会社ウイングブリッジ",,301,"大阪府","大阪市都島区","都島本通３丁目２４番３号",,27,102,5340021,,,,,,,2026-09-29,1,,,,,"ウイングブリッジ",0
1994,9120001289265,01,0,2026-09-29,2026-09-29,"株式会社海結",,301,"大阪府","大阪市北区","天満４丁目３番５号中之島岡田ビル４階Ａ号室",,27,127,5300043,,,,,,,2026-09-29,1,,,,,"ウミユイ",0
1995,9120001289323,01,0,2026-09-29,2026-09-29,"スターフォレスト株式会社",,301,"大阪府","守口市","南寺方中通３丁目７番８号",,27,209,5700045,,,,,,,2026-09-29,1,,,,,"スターフォレスト",0
1996,9120001289380,01,0,2026-09-29,2026-09-29,"株式会社アラジン",,301,"大阪府","大阪市北区","万歳町３番１６号天満病院グループ梅田ビル７階",,27,127,5300028,,,,,,,2026-09-29,1,,,,,"アラジン",0
1997,9120002069220,12,0,2026-09-29,2026-09-24,"有限会社近畿データシステムズ",,302,"大阪府","大阪市西区","江戸堀２丁目１番１号",,27,106,5500002,,,,,,,2015-10-05,1,,,,,"キンキデータシステムズ",0
1998,9120003027342,12,0,2026-09-29,2026-09-25,"合同会社Ａｕｒａｌｉｎｋ",,305,"和歌山県","和歌山市","黒田２丁目１８番５号２階",,30,201,6408341,,,,,,,2024-08-20,1,,,,,"オーラリンク",0
1999,9120003033373,12,0,2026-09-29,2026-09-16,"合同会社結縁トラベル",,305,"大阪府","大阪市中央区","難波千日前８番１９号",,27,128,5420075,,,,,,,2026-08-28,1,,,,,"ユエントラベル",0
2000,9120005005619,11,0,2026-09-29,2026-09-24,"医療法人エスポワール",,399,"大阪府","大阪市住之江区","御崎４丁目１０番４号",,27,125,5590013,,,,,,,2015-10-05,1,,,,,"エスポワール",0
2001,9120101022864,01,1,2026-09-29,2015-10-05,"株式会社Ｅ環境サプライ",,301,"大阪府","堺市北区","中百舌鳥町６丁１０３４番地６（３番館７１０号）",,27,146,5918023,,,,,,,2015-10-05,1,,,,,"イーカンキョウサプライ",0
2002,9120101074419,01,0,2026-09-29,2026-09-29,"株式会社Ｈｉｇｈ　ｄｅａｌ",,301,"大阪府","堺市南区","富蔵３３６番地７",,27,145,5900127,,,,,,,2026-09-29,1,,,,,"ハイディール",0
2003,9120901001571,01,1,2026-09-29,2015-10-05,"西尾陶器株式会社",,301,"大阪府","茨木市","元町２番１８号",,27,211,5670882,,,,,,,2015-10-05,0,,,,,"ニシオトウキ",0
2004,9120901001571,12,1,2026-09-29,2016-08-22,"西尾陶器株式会社",,301,"大阪府","茨木市","永代町５番４０６号",,27,211,5670816,,,,,,,2015-10-05,1,,,,,"ニシオトウキ",0
2005,9120901038176,12,0,2026-09-29,2026-09-17,"北大阪物流株式会社",,301,"大阪府","摂津市","鳥飼上４丁目２番１８－２０１号",,27,224,5660062,,,,,,,2017-03-15,1,,,,,,0
2006,9120901052656,12,0,2026-09-29,2026-09-24,"ｐｏｅｍ株式会社",,301,"京都府","舞鶴市","字志高１９５７番地４",,26,202,6240102,,,,,,,2026-05-19,1,,,,,"ポエム",0
2007,9122001018323,01,1,2026-09-29,2015-10-05,"近畿通商株式会社",,301,"大阪府","八尾市","南本町６丁目６番３１号",,27,212,5810081,,,,,,,2015-10-05,0,,,,,"キンキツウショウ",0
2008,9122001018323,12,1,2026-09-29,2026-09-24,"近畿通商株式会社",,301,"大阪府","八尾市","西弓削２丁目１－２２",,27,212,5810035,,,,,,,2015-10-05,1,,,,,"キンキツウショウ",0
2009,9122001022713,01,1,2026-09-29,2015-10-05,"株式会社新進化学",,301,"大阪府","東大阪市","衣摺２丁目１９番９号",00034538,27,227,5770827,,,,,,,2015-10-05,1,,,,,"シンシンカガク",0
2010,9130001010159,01,1,2026-09-29,2015-10-05,"大島タイヤ株式会社",,301,"京都府","京都市南区","吉祥院井ノ口町２５番地",,26,107,6018314,,,,,,,2015-10-05,1,,,,,,0
2011,9130001016833,12,0,2026-09-29,2026-09-11,"株式会社開明社",,301,"京都府","京都市下京区","西中筋通花屋町下る堺町１０２番地",,26,106,6008349,,,,,,,2015-10-05,1,,,,,"カイメイシャ",0
2012,9130001083122,01,0,2026-09-29,2026-09-29,"株式会社Ｍａｉｓｏｎ　Ａｌｌｉａｎｃｅ",,301,"京都府","京都市下京区","葛籠屋町５１９",,26,106,6008085,,,,,,,2026-09-29,1,,,,,"メゾンアライアンス",0
2013,9130001083130,01,0,2026-09-29,2026-09-29,"株式会社ＴｏｎａｒｉＮｉ",,301,"京都府","京都市下京区","小稲荷町８５－２Ｇｒａｎｄ－Ｋ京都駅前ビル２０１",,26,106,6008208,,,,,,,2026-09-29,1,,,,,"トナリニ",0
2014,9130002001396,12,0,2026-09-29,2026-09-09,"有限会社ファームハイランド",,302,"京都府","京都市右京区","西院下花田町２２番地２",,26,108,6150004,,,,,,,2015-10-05,1,,,,,"ファームハイランド",0
2015,9130002008012,12,0,2026-09-29,2026-09-07,"有限会社みゆき",,302,"京都府","長岡京市","高台１丁目１１番地の１０",,26,209,6170847,,,,,,,2015-10-05,1,,,,,"ミユキ",0
2016,9140001040337,12,0,2026-09-29,2026-09-18,"株式会社テクノマック",,301,"兵庫県","たつの市","新宮町井野原２７５番地",,28,229,6794315,,,,,,,2015-10-05,1,,,,,"テクノマック",0
2017,9140001080093,01,1,2026-09-29,2015-10-05,"株式会社豊中食品",,301,"兵庫県","伊丹市","口酒井１丁目１０番１４号",,28,207,6640844,,,,,,,2015-10-05,1,,,,,"トヨナカショクヒン",0
2018,9140001143627,12,0,2026-09-29,2026-09-18,"株式会社結一級建築士事務所",,301,"兵庫県","神戸市灘区","福住通４丁目２番１７号コンフォート福住１０１号室",,28,102,6570824,,,,,,,2026-08-06,1,,,,,"ユイイッキュウケンチクシジムショ",0
2019,9140001144138,01,0,2026-09-29,2026-09-29,"大栄株式会社",,301,"兵庫県","神戸市長田区","西山町２丁目３番３５号",,28,106,6530862,,,,,,,2026-09-29,1,,,,,"ダイエイ",0
2020,9140002005784,01,1,2026-09-29,2015-10-05,"有限会社カンノ",,302,"兵庫県","神戸市中央区","伊藤町１０９番地ルネ神戸旧居留地１０９番館１３０１号",,28,110,6500032,,,,,,,2015-10-05,1,,,,,"カンノ",0
2021,9140002013028,01,1,2026-09-29,2015-10-05,"有無有限会社",,302,"兵庫県","神戸市中央区","北長狭通２丁目５番１７号",,28,110,6500012,,,,,,,2015-10-05,1,,,,,"ウム",0
2022,9140002027721,21,0,2026-09-29,2026-09-18,"有限会社サブハウス",,302,"兵庫県","神戸市中央区","若菜通６丁目１番２０号",,28,110,6510091,,,2026-09-18,01,,,2015-10-05,1,,,,,,0
2023,9140002034544,01,1,2026-09-29,2015-10-05,"有限会社青東工業",,302,"兵庫県","丹波市","青垣町西芦田１３５３番地",00040932,28,223,6693803,,,,,,,2015-10-05,1,,,,,"セイトウコウギョウ",0
2024,9140002061258,01,1,2026-09-29,2015-10-05,"有限会社フラワー森本",,302,"兵庫県","加東市","社７４９番地",,28,228,6731431,,,,,,,2015-10-05,1,,,,,"フラワーモリモト",0
2025,9140003015411,12,0,2026-09-29,2026-09-18,"ビュービック合同会社",,305,"大阪府","大阪市北区","豊崎５丁目７－２１豊崎西公園ビル４Ｆ",,27,127,5310072,,,,,,,2020-09-28,1,,,,,"ビュービック",0
2026,9140003024123,01,0,2026-09-29,2026-09-29,"合同会社豊進",,305,"兵庫県","神戸市兵庫区","湊町１丁目１番３―９０３号",,28,105,6520812,,,,,,,2026-09-29,1,,,,,"ホウシン",0
2027,9160001013126,01,1,2026-09-29,2015-10-05,"株式会社フラワード松浦",,301,"滋賀県","草津市","大路１丁目１２番５号",,25,206,5250032,,,,,,,2015-10-05,1,,,,,"フラワードマツウラ",0
2028,9170001005428,01,1,2026-09-29,2015-10-05,"アリス藤株式会社",,301,"和歌山県","和歌山市","黒田９３－１メゾンクロダ１０６",,30,201,6408341,,,,,,,2015-10-05,0,,,,,"アリスフジ",0
2029,9170001005428,12,1,2026-09-29,2026-09-24,"アリス藤株式会社",,301,"和歌山県","和歌山市","黒田１丁目１５番３０号メゾンクロダ１０６",,30,201,6408341,,,,,,,2015-10-05,1,,,,,"アリスフジ",0
2030,9170001016680,11,0,2026-09-29,2026-09-28,"株式会社コウ",,301,"和歌山県","和歌山市","久保丁１丁目２７",,30,201,6408225,,,,,,,2021-07-19,1,,,,,"コウ",0
2031,9180001079289,01,1,2026-09-29,2015-10-05,"株式会社丸増商事",,301,"愛知県","瀬戸市","上品野町１３５７番地",,23,204,4801214,,,,,,,2015-10-05,1,,,,,"マルマスショウジ",0
2032,9180001106596,21,0,2026-09-29,2026-09-24,"株式会社苑寿",,301,"愛知県","春日井市","高山町３丁目１０番地１１",,23,206,4860912,,,2026-09-24,01,,,2015-10-05,1,,,,,"エンジュ",0
2033,9180001161410,12,0,2026-09-29,2026-09-04,"株式会社ホームマイスター",,301,"愛知県","名古屋市中区","葵１丁目２３番１４号プロト葵ビル２階",,23,106,4600006,,,,,,,2024-05-10,1,,,,,"ホームマイスター",0
2034,9180001168430,12,0,2026-09-29,2026-09-24,"ＹＩＱＩ株式会社",,301,"愛知県","名古屋市中区","栄４丁目２１番９号シティハイツ栄２０２",,23,106,4600008,,,,,,,2025-09-03,1,,,,,"イチ",0
2035,9180001169107,12,0,2026-09-29,2026-09-24,"株式会社Ｉ　ＬＯＶＥ　ＹＯＵ",,301,"愛知県","一宮市","開明字南井保里３５番地１",,23,203,4940001,,,,,,,2025-10-15,1,,,,,"アイラブユー",0
2036,9180001173645,01,0,2026-09-29,2026-09-29,"株式会社オルタイムゴルフ",,301,"愛知県","名古屋市港区","明正１丁目３番地",,23,111,4550806,,,,,,,2026-09-29,1,,,,,"オルタイムゴルフ",0
2037,9180001173653,01,0,2026-09-29,2026-09-29,"株式会社ＦＡＳＴＡＣＴ",,301,"愛知県","名古屋市昭和区","鶴舞１丁目１番地",,23,107,4660064,,,,,,,2026-09-29,1,,,,,"ファスタクト",0
2038,9180002020458,21,0,2026-09-29,2026-09-24,"有限会社武内工業",,302,"愛知県","名古屋市熱田区","八番１丁目４番１５号",,23,109,4560059,,,2026-09-24,01,,,2015-10-05,1,,,,,"タケウチコウギョウ",0
2039,9180003011464,01,1,2026-09-29,2015-10-05,"大健毛織合資会社",,304,"愛知県","一宮市","時之島字中垂３７番地",,23,203,4910002,,,,,,,2015-10-05,1,,,,,"ダイケンケオリ",0
2040,9180003030828,01,0,2026-09-29,2026-09-29,"合同会社鈴木",,305,"愛知県","名古屋市南区","観音町５丁目５２番地",,23,112,4570845,,,,,,,2026-09-29,1,,,,,"スズキ",0
2041,9180301030810,01,1,2026-09-29,2017-10-04,"株式会社リベラル",,301,"愛知県","豊橋市","北島町字北島１６１番地",,23,201,4400071,,,,,,,2017-10-04,1,,,,,"リベラル",0
2042,9180302014234,11,0,2026-09-29,2026-09-10,"有限会社是枝鉄工",,302,"愛知県","豊橋市","石巻本町字西浦７３番地",,23,201,4411115,,,,,,,2015-10-05,1,,,,,"コレエダテッコウ",0
2043,9180303007121,01,0,2026-09-29,2026-09-29,"合同会社ＬＩＥＮ",,305,"愛知県","安城市","二本木町切替６１番地８",,23,212,4460054,,,,,,,2026-09-29,1,,,,,"リアン",0
2044,9200003007451,01,1,2026-09-29,2026-09-01,"合同会社にぎわい",,305,"岐阜県","岐阜市","早田栄町１丁目１０番地キャッスルハイツ早田栄町１１０１号",,21,201,5020847,,,,,,,2026-09-01,1,"Nigiwai LLC","Gifu","Room 1101, Castle Heights, 1-10 Soden-Sakae Machi, Gifu shi",,"ニギワイ",0
2045,9200005001345,01,1,2026-09-29,2015-10-05,"社団医療法人かなめ会",,399,"岐阜県","岐阜市","市橋３丁目７番２２号",,21,201,5008381,,,,,,,2015-10-05,1,,,,,"カナメカイ",0
2046,9210001008491,01,1,2026-09-29,2015-10-05,"株式会社ダイワ広告",,301,"福井県","福井市","高柳１丁目８０５番地",,18,201,9100837,,,,,,,2015-10-05,1,,,,,"ダイワコウコク",0
2047,9210002004523,12,0,2026-09-29,2026-09-17,"有限会社メディアリンクス",,302,"福井県","福井市","中央１丁目１７番１５号サンジェルマンビル２階",,18,201,9100006,,,,,,,2015-10-05,1,,,,,"メディアリンクス",0
2048,9210003002096,01,0,2026-09-29,2026-09-29,"合同会社Ａｒｋ　Ｌｉｎｋ",,305,"福井県","福井市","高木中央２丁目１９０８番地ヤシキコーポ２０１",,18,201,9100804,,,,,,,2026-09-29,1,,,,,"アークリンク",0
2049,9220001016824,01,1,2026-09-29,2015-10-05,"能登建販株式会社",,301,"石川県","鳳珠郡穴水町","字地蔵坊イの２１番地",,17,461,9270055,,,,,,,2015-10-05,1,,,,,"ノトケンバン",0
2050,9220001027581,01,0,2026-09-29,2026-09-29,"株式会社北陸リサイクル",,301,"石川県","小松市","龍助町５０番地",,17,203,9230926,,,,,,,2026-09-29,1,,,,,"ホクリクリサイクル",0
2051,9240001064474,12,0,2026-09-29,2026-09-18,"株式会社丸三五代目堀田園",,301,"鹿児島県","南さつま市","金峰町新山４８番地",,46,220,8993514,,,,,,,2025-02-03,1,,,,,"マルサンゴダイメホッタエン",0
2052,9240003007951,01,0,2026-09-29,2026-09-29,"合同会社Ｓｅｖｅｎ’ｓ　Ｃｏｍｐａｎｙ",,305,"広島県","福山市","今津町６丁目１９‐５０‐２",,34,207,7290111,,,,,,,2026-09-29,1,,,,,"セブンズカンパニー",0
2053,9250001020369,21,0,2026-09-29,2026-09-25,"株式会社ＳＡＮＥＩ",,301,"山口県","山口市","大内千坊２丁目１５番３号",,35,203,7530251,,,2026-09-25,01,,,2023-10-24,1,,,,,"サンエイ",0
2054,9250005000400,01,1,2026-09-29,2015-10-05,"東泉寺",,399,"山口県","山口市","秋穂東１３３３番地",,35,203,7541101,,,,,,,2015-10-05,1,,,,,"トウセンジ",0
2055,9250005004624,21,0,2026-09-29,2026-09-28,"特定非営利活動法人しぜんとあそびたい",,399,"山口県","長門市","油谷蔵小田１００８番地の２",,35,211,7594501,,,2026-09-28,01,,,2015-10-05,1,,,,,"シゼントアソビタイ",0
2056,9260001036711,12,0,2026-09-29,2026-09-28,"株式会社ＳｅａＷｏｒｋｓ",,301,"岡山県","岡山市北区","奉還町３丁目２１番１号",,33,101,7000026,,,,,,,2022-04-05,1,,,,,,0
2057,9260003005771,01,0,2026-09-29,2026-09-29,"ＳＯＲＡＯＦＦＩＣＥ合同会社",,305,"岡山県","岡山市南区","郡１０７８－３",,33,104,7028011,,,,,,,2026-09-29,1,,,,,"ソラオフィス",0
2058,9290001050049,01,1,2026-09-29,2015-10-05,"久留米レミコン株式会社",,301,"福岡県","久留米市","梅満町１６６０番地の６",,40,203,8300048,,,,,,,2015-10-05,1,,,,,"クルメレミコン",0
2059,9290001115371,01,1,2026-09-29,2026-09-10,"Ｑｏｌｏｍｂｏ　Ｅｌｅｍｅｎｔｓ株式会社",,301,"福岡県","福岡市西区","九大新町４番地１",,40,135,8190388,,,,,,,2026-09-10,1,"Qolombo Elements Co., Ltd.","Fukuoka","4-1, Kyudaishinmachi, Nishi ku Fukuoka shi",,"コロンボエレメンツ",0
2060,9290001115594,01,0,2026-09-29,2026-09-29,"株式会社ワタシダ",,301,"福岡県","福岡市中央区","小笹１丁目１２番４－７０１号",,40,133,8100033,,,,,,,2026-09-29,1,,,,,"ワタシダ",0
2061,9290003012336,12,0,2026-09-29,2026-09-25,"合同会社ＩｃｏＲｏ",,305,"佐賀県","佐賀市","諸富町大字山領７７８",,41,201,8402106,,,,,,,2022-03-31,1,,,,,"イコロ",0
2062,9290003018936,01,0,2026-09-29,2026-09-29,"合同会社ｍｉｈｏ",,305,"福岡県","福岡市東区","青葉７丁目４６－６４",,40,131,8130025,,,,,,,2026-09-29,1,,,,,"ミホ",0
2063,9290801009608,12,0,2026-09-29,2026-09-17,"石川産業株式会社",,301,"福岡県","北九州市八幡西区","萩原１丁目８番１０－４０１号",,40,109,8060059,,,,,,,2015-10-05,1,,,,,"イシカワサンギョウ",0
2064,9290805006114,12,0,2026-09-29,2026-07-07,"特定非営利活動法人子育てなかま",,399,"福岡県","直方市","大字植木１０２６番地９",,40,204,8220031,,,,,,,2015-10-05,1,,,,,"コソダテナカマ",0
2065,9300005007175,01,1,2026-09-29,2024-01-15,"医療法人大和会",,399,"佐賀県","佐賀市","高木瀬東３丁目１３－１７",,41,201,8490922,,,,,,,2024-01-15,1,,,,,,0
2066,9330002024385,21,0,2026-09-29,2026-09-15,"有限会社熊本時計修理センター",,302,"熊本県","宇土市","善道寺町１６３番地",,43,211,8690418,,,2026-09-15,01,,,2015-10-05,1,,,,,"クマモトトケイシュウリセンター",0
2067,9330002028543,21,0,2026-09-29,2026-09-24,"有限会社栄町薬局",,302,"熊本県","天草市","栄町１２番１５号",,43,215,8630022,,,2026-09-24,11,8140002033092,"令和８年９月１日東京都品川区北品川五丁目３番１号パークシティ大崎ザタワー２９Ｆ１３号株式会社ファブール（8140002033092）に合併し解散",2015-10-05,1,,,,,"サカエマチヤッキョク",0
2068,9340005009580,21,0,2026-09-29,2026-09-25,"一般社団法人南九州市観光協会",,399,"鹿児島県","南九州市","知覧町郡１７８８０番地",,46,223,8970302,,,2026-09-25,01,,,2023-04-06,1,,,,,"ミナミキュウシュウシカンコウキョウカイ",0
2069,9350005003855,01,1,2026-09-29,2015-10-05,"都城繊維協同組合",,399,"宮崎県","都城市","志比田町１０８７１番地",,45,202,8850093,,,,,,,2015-10-05,1,,,,,"ミヤコノジョウセンイ",0
2070,9360001037294,01,0,2026-09-29,2026-09-29,"株式会社徳咲輪",,301,"沖縄県","那覇市","楚辺１丁目５番２４号ワイズガーデン那覇城岳５０１",,47,201,9000023,,,,,,,2026-09-29,1,,,,,"トクサクリン",0
2071,9370003004969,12,0,2026-09-29,2026-09-28,"合同会社関井商店",,305,"宮城県","加美郡色麻町","高城字上ノ原７番地３１",,04,444,9814102,,,,,,,2020-10-19,1,,,,,"セキイショウテン",0
2072,9370201000555,01,1,2026-09-29,2015-10-05,"株式会社トータルホームプラン",,301,"宮城県","大崎市","古川江合寿町１丁目１０番２１号",,04,215,9896103,,,,,,,2015-10-05,1,,,,,"トータルホームプラン",0
2073,9380001001356,12,0,2026-09-29,2026-09-25,"株式会社エコサイクルファーム",,301,"福島県","福島市","北沢又字川寒西６番地",,07,201,9608251,,,,,,,2015-10-05,1,,,,,"エコサイクルファーム",0
2074,9380001019613,01,1,2026-09-29,2015-10-05,"株式会社アテール",,301,"福島県","郡山市","富田町字豊年田８番地の６",,07,203,9638041,,,,,,,2015-10-05,0,,,,,"アテール",0
2075,9380001019613,12,1,2026-09-29,2015-12-07,"株式会社アテール",,301,"福島県","郡山市","並木２丁目５番地の１ソレイユ１０５号",,07,203,9638026,,,,,,,2015-10-05,1,,,,,"アテール",0
2076,9400002003357,21,0,2026-09-29,2026-09-24,"盛岡牛乳輸送有限会社",,302,"岩手県","盛岡市","津志田中央２丁目８番３１号ミネルバビル２階Ｂ室",,03,201,0200838,,,2026-09-24,01,,,2015-10-05,1,,,,,"モリオカギュウニュウユソウ",0
2077,9400002011418,21,0,2026-09-29,2026-09-25,"有限会社石川住宅設備",,302,"岩手県","釜石市","小川町４丁目３番２８号",,03,211,0260045,,,2026-09-25,01,,,2015-10-05,1,,,,,"イシカワジュウタクセツビ",0
2078,9420001007051,01,1,2026-09-29,2015-10-05,"株式会社中川原",,301,"青森県","八戸市","根城１丁目３６番１０号",,02,203,0391166,,,,,,,2015-10-05,1,,,,,"ナカガワラ",0
2079,9420001014725,21,0,2026-09-29,2026-09-24,"株式会社三角漁業部",,301,"青森県","上北郡六ヶ所村","大字泊字村ノ内８６番地",,02,411,0394301,,,2026-09-24,01,,,2015-10-05,1,,,,,"ミカドギョギョウブ",0
2080,9420001019658,01,0,2026-09-29,2026-09-29,"株式会社リンクグループマネジメント",,301,"青森県","青森市","浜館２丁目１番地１",,02,201,0300947,,,,,,,2026-09-29,1,,,,,"リンクグループマネジメント",0
2081,9430001097744,01,0,2026-09-29,2026-09-29,"株式会社ＳＥＥＮ．",,301,"北海道","札幌市中央区","南八条西１７丁目３－３０",,01,101,0640808,,,,,,,2026-09-29,1,,,,,"シーン",0
2082,9430003019440,01,0,2026-09-29,2026-09-29,"合同会社Ｄｕｓｔｙ　Ｆｉｎｇｅｒｓ",,305,"北海道","札幌市東区","伏古九条５丁目２番５号",,01,103,0070869,,,,,,,2026-09-29,1,,,,,"ダスティーフィンガーズ",0
2083,9430003019449,01,0,2026-09-29,2026-09-29,"合同会社プレデ",,305,"北海道","札幌市中央区","南一条西４丁目１３番地",,01,101,0600061,,,,,,,2026-09-29,1,,,,,"プレデ",0
2084,9450002002767,21,0,2026-09-29,2026-09-28,"有限会社島田自動車工業",,302,"北海道","旭川市","東鷹栖五線十八号５９５７番地の１",,01,204,0718155,,,2026-09-28,01,,,2015-10-05,1,,,,,"シマダジドウシャコウギョウ",0
2085,9500003003833,01,0,2026-09-29,2026-09-29,"めぐみのいし合同会社",,305,"愛媛県","松山市","萱町１丁目３番３号横田ビル２０２号",,38,201,7900813,,,,,,,2026-09-29,1,,,,,"メグミノイシ",0
2086,9700150096296,13,0,2026-09-29,2026-09-24,"ギガビス株式会社",,401,"岐阜県","大垣市","熊野町４丁目１２１番地",,21,202,5030032,"大韓民国京畿道華城市東灘区東灘産団３ギル２０－５（方橋洞）",,,,,,2019-10-16,1,,,,,"ギガビスカブシキガイシヤ",0
2087,9700150113869,01,1,2026-09-29,2023-01-23,"湖南順正達建設　有限公司",,401,"東京都","板橋区","板橋２丁目９－９セントラルハイツ板橋５Ｆ－８号",,13,119,1730004,"中国湖南省長沙市天心区湘府中路１９８号新南城商務中心Ａ棟１４２２",,,,,,2023-01-23,0,,,,,"コナンジユンセイタケンセツ",0
2088,9700150113869,12,1,2026-09-29,2026-02-01,"湖南順正達建設　有限公司",,401,"東京都","北区","赤羽２丁目２４－２　東拓ビル壱番館４０２号",,13,117,1150045,"中国湖南省長沙市天心区湘府中路１９８号新南城商務中心Ａ棟１４２２",,,,,,2023-01-23,1,,,,,"コナンジユンセイタケンセツ",0
