1,1010001059926,01,1,2026-07-14,2015-10-05,"ゆとりサービス株式会社",,301,"東京都","中央区","新富１丁目１１番１－６０１号",,13,102,1040041,,,,,,,2015-10-05,1,,,,,"ユトリサービス",0
2,1010001082151,01,1,2026-07-14,2015-10-05,"株式会社リュージー・キャピタル",,301,"東京都","千代田区","平河町１丁目３番６号",,13,101,1020093,,,,,,,2015-10-05,1,,,,,"リュージーキャピタル",0
3,1010001087844,01,1,2026-07-14,2015-10-05,"ペトロサミット石油開発株式会社",,301,"東京都","中央区","晴海１丁目８番１１号",,13,102,1040053,,,,,,,2015-10-05,0,,,,,"ペトロサミットセキユカイハツ",0
4,1010001087844,12,1,2026-07-14,2018-10-02,"ペトロサミット石油開発株式会社",,301,"東京都","千代田区","大手町２丁目３番２号",,13,101,1000004,,,,,,,2015-10-05,0,,,,,"ペトロサミットセキユカイハツ",0
5,1010001087844,11,1,2026-07-14,2020-04-01,"サミットエネルギー開発株式会社",,301,"東京都","千代田区","大手町２丁目３番２号",,13,101,1000004,,,,,,,2015-10-05,1,,,,,"サミットエネルギーカイハツ",0
6,1010001147557,11,0,2026-07-14,2026-07-02,"Ｅｖｉｄｅｎ　Ｓｅｃｕｒｉｔｙ　Ｓｏｌｕｔｉｏｎｓ株式会社",,301,"東京都","渋谷区","桜丘町２６番１号セルリアンタワー１５階",,13,113,1500031,,,,,,,2015-10-05,1,,,,,"エヴィデンセキュリティソリューションズ",0
7,1010001165419,01,1,2026-07-14,2015-10-05,"株式会社恵裕プロジェクト",,301,"東京都","千代田区","一番町３番地３日成ビル２階",,13,101,1020082,,,,,,,2015-10-05,0,,,,,"エユウプロジェクト",0
8,1010001165419,12,1,2026-07-14,2023-08-18,"株式会社恵裕プロジェクト",,301,"東京都","中央区","銀座７丁目１３番６号サガミビル２階",,13,102,1040061,,,,,,,2015-10-05,1,,,,,"エユウプロジェクト",0
9,1010001207740,12,0,2026-07-14,2026-06-29,"株式会社キモノット",,301,"東京都","千代田区","神田練塀町６８番地",,13,101,1010022,,,,,,,2020-02-26,1,,,,,"キモノット",0
10,1010001216246,12,0,2026-07-14,2026-06-15,"株式会社Ａ．Ｅ．",,301,"東京都","中央区","京橋２丁目２－１京橋エドグラン２６階",,13,102,1040031,,,,,,,2021-03-05,1,,,,,"エーイー",0
11,1010001227441,12,0,2026-07-14,2026-07-08,"株式会社ＲＩＮＧＢＥＬＬ",,301,"大阪府","大阪市中央区","内本町１丁目４番８－９０１号",,27,128,5400026,,,,,,,2022-06-16,1,,,,,"リングベル",0
12,1010001253900,12,0,2026-07-14,2026-07-01,"Ｍｕｓｏ　Ａｃｔｉｏｎ株式会社",,301,"東京都","品川区","西五反田７丁目２１番１１号",,13,109,1410031,,,,,,,2025-04-08,1,,,,,"ムソウアクション",0
13,1010001254345,01,1,2026-07-14,2025-05-16,"株式会社ソリューションバンクコンサルティング",,301,"東京都","中央区","晴海５丁目３番２号ＨＡＲＵＭＩＦＬＡＧＰＯＲＴＶＩＬＬＡＧＥＢ棟１６１１",,13,102,1040053,,,,,,,2025-05-16,1,,,,,"ソリューションバンクコンサルティング",0
14,1010001265318,12,0,2026-07-14,2026-07-10,"ＪＰＡ第４０３号株式会社",,301,"東京都","港区","赤坂１丁目８番１号",,13,103,1070052,,,,,,,2026-05-15,1,,,,,"ジェイピーエーダイヨンヒャクサンゴウ",0
15,1010001265326,12,0,2026-07-14,2026-07-10,"ＪＰＡ第４１１号株式会社",,301,"東京都","港区","赤坂１丁目８番１号",,13,103,1070052,,,,,,,2026-05-15,1,,,,,"ジェイピーエーダイヨンヒャクジュウイチゴウ",0
16,1010001265334,12,0,2026-07-14,2026-07-10,"ＪＰＡ第４１９号株式会社",,301,"東京都","港区","赤坂１丁目８番１号",,13,103,1070052,,,,,,,2026-05-15,1,,,,,"ジェイピーエーダイヨンヒャクジュウキュウゴウ",0
17,1010001267074,01,0,2026-07-14,2026-07-14,"株式会社Ｆａｉｒ　Ｄｅａｌ　Ａｇｅｎｔ",,301,"東京都","中央区","銀座１丁目２２番１１号銀座大竹ビジデンス２Ｆ",,13,102,1040061,,,,,,,2026-07-14,1,,,,,"フェアディールエージェント",0
18,1010003035801,12,0,2026-07-14,2026-07-09,"ＵＭＤプロジェクト合同会社",,305,"東京都","港区","赤坂１丁目８番１号三菱ＵＦＪ信託銀行内",,13,103,1070052,,,,,,,2021-09-09,1,,,,,"ユーエムディープロジェクト",0
19,1010003051971,01,0,2026-07-14,2026-07-14,"合同会社ＭＫＫ",,305,"東京都","千代田区","神田神保町３丁目１１番６号神保町ビル１０階",,13,101,1010051,,,,,,,2026-07-14,1,,,,,"エムケーケー",0
20,1010003052004,01,0,2026-07-14,2026-07-14,"イークラウドＮＥＸＴ８号合同会社",,305,"東京都","中央区","京橋２丁目２番１号京橋エドグランサウス４階トラスティルグループ内",,13,102,1040031,,,,,,,2026-07-14,1,,,,,"イークラウドネクストハチゴウ",0
21,1010005037614,21,0,2026-07-14,2026-06-30,"一般社団法人ＭＰＨＷ",,399,"東京都","千代田区","内神田１丁目３番７号４０１あすな会計事務所内",,13,101,1010047,,,2026-06-30,01,,,2023-12-07,1,,,,,"エムピーエイチダブリュー",0
22,1010005040221,12,0,2026-07-14,2026-07-09,"クレイン・アンド・スターズ一般社団法人",,399,"東京都","港区","六本木１丁目６番１号泉ガーデンタワーＫＰＭＧ税理士法人内",,13,103,1060032,,,,,,,2025-06-20,1,,,,,"クレインアンドスターズ",0
23,1010101009483,12,0,2026-07-14,2026-07-10,"株式会社マーケットボックス",,301,"東京都","中央区","京橋２丁目２番１号",,13,102,1040031,,,,,,,2015-10-05,1,,,,,"マーケットボックス",0
24,1010401132935,01,1,2026-07-14,2017-08-02,"ＨＳＣ株式会社",,301,"東京都","港区","愛宕２丁目５番１号愛宕グリーンヒルズＭＯＲＩタワー３７階",,13,103,1050002,,,,,,,2017-08-02,0,,,,,"エイチエスシー",0
25,1010401132935,12,0,2026-07-14,2026-07-10,"ＨＳＣ株式会社",,301,"東京都","世田谷区","経堂５丁目２４番７号",,13,112,1560052,,,,,,,2017-08-02,1,,,,,"エイチエスシー",0
26,1010401169250,12,0,2026-07-14,2026-07-07,"株式会社ｈａｂａｎｅｒｏ",,301,"山梨県","甲府市","川田町５１７山梨県立スタートアップ支援センター３Ｆ",,19,201,4000811,,,,,,,2022-08-26,1,,,,,"ハバネロ",0
27,1010405016985,21,0,2026-07-14,2026-06-22,"一般社団法人札幌南２条",,399,"東京都","港区","西新橋１丁目２番９号メンターキャピタル税理士法人内",,13,103,1050003,,,2026-06-22,01,,,2018-08-13,1,,,,,"サッポロミナミニジョウ",0
28,1010405020913,21,0,2026-07-14,2026-06-22,"一般社団法人Ｋｉｒｏｇｉ",,399,"東京都","港区","六本木１丁目９番１０号アークヒルズ仙石山森タワー４０階",,13,103,1060032,,,2026-06-22,01,,,2022-04-11,1,,,,,"キロギー",0
29,1010501056159,01,0,2026-07-14,2026-07-14,"株式会社Ｅａｓｔ　Ｃｏｒｎｅｒ",,301,"東京都","台東区","浅草橋４丁目５番４－１４０４号",,13,106,1110053,,,,,,,2026-07-14,1,,,,,"イーストコーナー",0
30,1010801029038,12,0,2026-07-14,2026-07-10,"株式会社Ｏｔｔｉｍｏ",,301,"東京都","町田市","野津田町２０９４番９",,13,209,1950063,,,,,,,2018-07-31,1,,,,,"オッティモ",0
31,1010801037577,01,0,2026-07-14,2026-07-14,"りすさん株式会社",,301,"東京都","大田区","大森北１丁目２７番３号",,13,111,1430016,,,,,,,2026-07-14,1,,,,,"リスサン",0
32,1010901021563,01,1,2026-07-14,2015-10-05,"株式会社コバアンドカンパニー",,301,"東京都","世田谷区","桜丘３丁目３７番１８号",,13,112,1560054,,,,,,,2015-10-05,1,,,,,"コバアンドカンパニー",0
33,1010901030127,12,0,2026-07-14,2026-07-09,"株式会社メディカルフロンティア",,301,"東京都","港区","虎ノ門３丁目２０番６－１５０３号",,13,103,1050001,,,,,,,2015-10-05,1,,,,,"メディカルフロンティア",0
34,1010901057731,12,0,2026-07-14,2026-07-01,"株式会社ＣＬＡＲＴＥ",,301,"東京都","世田谷区","粕谷４丁目７番３号プロメテール１階ＢＦ１号室",,13,112,1570063,,,,,,,2025-07-11,1,,,,,"クラルテ",0
35,1011001009854,01,1,2026-07-14,2015-10-05,"株式会社ジェイド・イン",,301,"東京都","渋谷区","広尾１丁目１番２２号",,13,113,1500012,,,,,,,2015-10-05,1,,,,,"ジェイドイン",0
36,1011001062515,12,0,2026-07-14,2026-07-06,"株式会社エム・エイチ・グループ",,301,"東京都","渋谷区","千駄ヶ谷４丁目４番４号",,13,113,1510051,,,,,,,2015-10-05,1,,,,,"エムエイチグループ",0
37,1011001067134,21,0,2026-07-14,2026-07-01,"株式会社ＨＹ",,301,"東京都","渋谷区","道玄坂２丁目２０番２２号",,13,113,1500043,,,2026-07-01,01,,,2015-10-05,1,,,,,"エイチワイ",0
38,1011001100968,21,0,2026-07-14,2026-07-02,"株式会社フロイデ",,301,"東京都","目黒区","洗足２丁目２７番１０号",,13,110,1520012,,,2026-07-02,01,,,2015-10-05,1,,,,,"フロイデ",0
39,1011001143430,12,0,2026-07-14,2026-07-09,"ＲＥＴＨＲＥＥ株式会社",,301,"神奈川県","三浦郡葉山町","一色１８３９番地の１葉山サンハイツ３０４号室",,14,301,2400111,,,,,,,2021-10-13,1,,,,,"リスリー",0
40,1011001152010,12,0,2026-07-14,2026-06-25,"株式会社オフィスハマ",,301,"東京都","渋谷区","幡ヶ谷２丁目１０番３号",,13,113,1510072,,,,,,,2023-01-16,1,,,,,"オフィスハマ",0
41,1011001160426,21,0,2026-07-14,2026-07-01,"レインメーカーズ株式会社",,301,"東京都","目黒区","三田２丁目１番５－２０２号",,13,110,1530062,,,2026-07-01,11,9011003018838,"令和８年７月１日東京都目黒区三田二丁目１番５－２０２号レインメーカーズ株式会社（9011003018838）に合併し解散",2024-03-08,1,,,,,"レインメーカーズ",0
42,1011001176158,12,0,2026-07-14,2026-06-22,"株式会社ＦＪ　ＴＲＡＶＥＬ　ＳＥＲＶＩＣＥ",,301,"東京都","渋谷区","鶯谷町１９番１９号第三叶ビル３０５号室",,13,113,1500032,,,,,,,2026-03-10,1,,,,,"エフジェイトラベルサービス",0
43,1011001179136,01,0,2026-07-14,2026-07-14,"株式会社Ｈｉｌｌｓ",,301,"東京都","渋谷区","恵比寿１丁目２１番１０号えびすアシストビル５階",,13,113,1500013,,,,,,,2026-07-14,1,,,,,"ヒルズ",0
44,1011001179152,01,0,2026-07-14,2026-07-14,"株式会社ＴＲＡＭＥ",,301,"東京都","渋谷区","神宮前５丁目５１番８号ラ・ポルト青山２Ｆ－７",,13,113,1500001,,,,,,,2026-07-14,1,,,,,"トラム",0
45,1011003022905,11,0,2026-07-14,2026-06-10,"株式会社ＡＩパートナーズ",,301,"東京都","渋谷区","広尾１丁目２番地１号ヒカリビル４階",,13,113,1500012,,,,,,,2025-11-26,1,,,,,"エーアイパートナーズ",0
46,1011003024793,01,0,2026-07-14,2026-07-14,"合同会社えらびの道",,305,"東京都","渋谷区","道玄坂１丁目１０番８号渋谷道玄坂東急ビル２Ｆ－Ｃ",,13,113,1500043,,,,,,,2026-07-14,1,,,,,"エラビノミチ",0
47,1011005011550,01,0,2026-07-14,2026-07-14,"一般社団法人民間保育・教育評価機構",,399,"東京都","渋谷区","広尾５丁目４番１２号大成鋼機ビル５階",,13,113,1500012,,,,,,,2026-07-14,1,,,,,"ミンカンホイクキョウイクヒョウカキコウ",0
48,1011101074831,12,0,2026-07-14,2026-07-10,"豊進堂株式会社",,301,"東京都","葛飾区","金町１丁目１６番７－４１３号セブンスターマンション金町",,13,122,1250042,,,,,,,2015-10-14,1,,,,,"ホウシンドウ",0
49,1011101116765,01,0,2026-07-14,2026-07-14,"株式会社Ｙ２",,301,"東京都","新宿区","百人町１丁目６－６－３２５",,13,104,1690073,,,,,,,2026-07-14,1,,,,,"ワイツー",0
50,1011103017409,01,0,2026-07-14,2026-07-14,"合同会社Ｋｅｙ　Ｒｕｎｔｉｍｅ　Ｘ",,305,"東京都","新宿区","西新宿２丁目６－１新宿住友ビル１８Ｆ",,13,104,1600023,,,,,,,2026-07-14,1,,,,,"キーランタイムエックス",0
51,1011103017747,01,0,2026-07-14,2026-07-14,"合同会社ＫＵＪＩＧＯＪＩ",,305,"東京都","新宿区","西新宿３丁目３番１３号",,13,104,1600023,,,,,,,2026-07-14,1,,,,,"クジゴジ",0
52,1011201003434,21,0,2026-07-14,2026-06-29,"株式会社ディアール",,301,"埼玉県","所沢市","若松町１１１０番地の２６",,11,208,3590032,,,2026-06-29,01,,,2015-10-05,1,,,,,"ディアール",0
53,1011202001115,12,0,2026-07-14,2026-07-01,"アドバンスライフ有限会社",,302,"東京都","世田谷区","三軒茶屋１丁目３９番７号",,13,112,1540024,,,,,,,2015-10-05,1,,,,,"アドバンスライフ",0
54,1011303006054,01,0,2026-07-14,2026-07-14,"ＮＥＸＩＡ　ＴＲＡＤＩＮＧ合同会社",,305,"東京都","杉並区","阿佐谷北２丁目８番８号",,13,115,1660001,,,,,,,2026-07-14,1,,,,,"ネクシアトレーディング",0
55,1011402001922,01,1,2026-07-14,2015-10-05,"有限会社大山園",,302,"東京都","板橋区","大山町６番８号",,13,119,1730023,,,,,,,2015-10-05,0,,,,,"オオヤマエン",0
56,1011402001922,12,1,2026-07-14,2026-07-10,"有限会社大山園",,302,"東京都","板橋区","大山町１４番１号",,13,119,1730023,,,,,,,2015-10-05,1,,,,,"オオヤマエン",0
57,1011501025104,12,0,2026-07-14,2026-07-09,"株式会社ビジョンコネクティング",,301,"愛媛県","西条市","大町６０４－７",,38,206,7930030,,,,,,,2019-09-10,1,,,,,"ビジョンコネクティング",0
58,1011501033569,01,0,2026-07-14,2026-07-14,"株式会社ＳＦＣオリーブ＆ルクス",,301,"東京都","北区","中里３丁目１２番１号",,13,117,1140015,,,,,,,2026-07-14,1,,,,,"エスエフシーオリーブアンドルクス",0
59,1011601017678,21,0,2026-07-14,2026-07-08,"株式会社かわせみ",,301,"東京都","練馬区","中村北２丁目２４番４号１０５",,13,120,1760023,,,2026-07-08,01,,,2015-10-05,1,,,,,"カワセミ",0
60,1011601021762,12,0,2026-07-14,2026-07-10,"サンアイ企画株式会社",,301,"東京都","調布市","入間町１丁目２３番地９２",,13,208,1820004,,,,,,,2017-05-12,1,,,,,"サンアイキカク",0
61,1011701020747,12,0,2026-07-14,2026-07-08,"株式会社ＳＥＥＤＩＮＧ",,301,"大阪府","枚方市","岡本町７番１号",,27,210,5730031,,,,,,,2017-04-05,1,,,,,"シーディング",0
62,1011801016546,21,0,2026-07-14,2026-07-06,"東京ビジネスサポート株式会社",,301,"東京都","足立区","島根３丁目７番６号",,13,121,1210815,,,2026-07-06,01,,,2015-10-05,1,,,,,"トウキョウビジネスサポート",0
63,1011801030200,01,1,2026-07-14,2015-10-05,"株式会社岩井重量",,301,"東京都","足立区","鹿浜６丁目２８番８",,13,121,1230864,,,,,,,2015-10-05,0,,,,,"イワイジュウリョウ",0
64,1011801030200,12,1,2026-07-14,2017-08-10,"株式会社岩井重量",,301,"東京都","足立区","伊興４丁目１１番１号",,13,121,1210823,,,,,,,2015-10-05,1,,,,,"イワイジュウリョウ",0
65,1011801031677,01,1,2026-07-14,2016-04-25,"株式会社ユア",,301,"東京都","足立区","舎人２丁目１９番１０－７０１号",,13,121,1210831,,,,,,,2016-04-25,1,,,,,"ユア",0
66,1011801041908,12,0,2026-07-14,2026-07-03,"株式会社ｋ．ｋグローバル",,301,"東京都","葛飾区","立石２丁目２８－５－８０１",,13,122,1240012,,,,,,,2023-02-10,1,,,,,"ケイケイグローバル",0
67,1011801048036,12,0,2026-07-14,2026-07-06,"高橋総合経営株式会社",00144040,301,"東京都","足立区","加賀２丁目２６番１１号２Ｃ",,13,121,1230861,,,,,,,2026-06-19,1,,,,,"タカハシソウゴウケイエイ",0
68,1011801048135,01,0,2026-07-14,2026-07-14,"株式会社Ｕ‐Ｏｃｅａｎ",,301,"東京都","葛飾区","水元１丁目１６番１－５０２号",,13,122,1250032,,,,,,,2026-07-14,1,,,,,"ユーオーシャン",0
69,1011803000218,01,1,2026-07-14,2015-10-05,"合資会社木村商店",,304,"東京都","葛飾区","亀有３丁目２０番８号",,13,122,1250061,,,,,,,2015-10-05,1,,,,,"キムラショウテン",0
70,1012401016754,12,0,2026-07-14,2026-06-29,"株式会社アリエス",,301,"東京都","調布市","布田４丁目１１番地５",,13,208,1820024,,,,,,,2015-10-05,1,,,,,"アリエス",0
71,1012801024852,01,0,2026-07-14,2026-07-14,"Ｎａｋａｓｈｏリスクパートナーズ株式会社",,301,"東京都","国立市","東１丁目１５－１１－４４８ビル３Ｆ",,13,215,1860002,,,,,,,2026-07-14,1,,,,,"ナカショウリスクパートナーズ",0
72,1012801024860,01,0,2026-07-14,2026-07-14,"株式会社ｆｕｎｎｙ",,301,"東京都","国立市","矢川３丁目２３番地の１１",,13,215,1860015,,,,,,,2026-07-14,1,,,,,"ファニー",0
73,1013301029144,01,1,2026-07-14,2015-10-05,"株式会社ドクター・ソリューション",,301,"東京都","豊島区","南池袋２丁目６番１０号",,13,116,1710022,,,,,,,2015-10-05,0,,,,,"ドクターソリューション",0
74,1013301029144,12,1,2026-07-14,2018-11-26,"株式会社ドクター・ソリューション",,301,"東京都","豊島区","南池袋２丁目２９番１２号",,13,116,1710022,,,,,,,2015-10-05,0,,,,,"ドクターソリューション",0
75,1013301029144,12,1,2026-07-14,2026-07-03,"株式会社ドクター・ソリューション",,301,"東京都","豊島区","東池袋３丁目４番３号",,13,116,1700013,,,,,,,2015-10-05,1,,,,,"ドクターソリューション",0
76,1013303003774,12,0,2026-07-14,2026-06-29,"合同会社Ｖａｓｔｕｎｅ　Ｐｒｏｄｕｃｔｉｏｎ",,305,"東京都","豊島区","高田１丁目３６－１３－３１０",,13,116,1710033,,,,,,,2017-07-26,1,,,,,,0
77,1013305001850,12,0,2026-07-14,2026-07-09,"特定非営利活動法人Ｌｉｇｈｔ　Ｒｉｎｇ．",,399,"東京都","千代田区","神田司町２丁目１３神田第４アメレックスビル４１５",,13,101,1010048,,,,,,,2015-10-05,1,,,,,"ライトリング",0
78,1013401006811,12,0,2026-07-14,2026-07-03,"日本環境サポート株式会社",,301,"東京都","昭島市","東町３丁目１番１０号",,13,207,1960033,,,,,,,2015-10-05,1,,,,,"ニホンカンキョウサポート",0
79,1020001040686,21,0,2026-07-14,2026-07-01,"株式会社セルフ・ジェー",,301,"神奈川県","横浜市港南区","芹が谷４丁目２６番３２号",,14,111,2330006,,,2026-07-01,01,,,2015-10-05,1,,,,,"セルフジェー",0
80,1020001042468,12,0,2026-07-14,2026-07-01,"株式会社キンロウ",,301,"神奈川県","横浜市西区","中央１丁目３０番１４号泉谷ビル１０１",,14,103,2200051,,,,,,,2015-10-05,1,,,,,"キンロウ",0
81,1020001046650,01,1,2026-07-14,2015-10-05,"株式会社イブロ",,301,"神奈川県","横浜市磯子区","森が丘２丁目２番１５号",,14,107,2350024,,,,,,,2015-10-05,1,,,,,"イブロ",0
82,1020001046725,12,0,2026-07-14,2026-07-01,"株式会社サニテック",,301,"神奈川県","横浜市南区","宿町２丁目４９番地５",,14,105,2320017,,,,,,,2015-10-05,1,,,,,"サニテック",0
83,1020001047070,01,1,2026-07-14,2015-10-05,"株式会社ＭＩＴ",,301,"神奈川県","横浜市保土ケ谷区","宮田町３丁目３００番地２",,14,106,2400002,,,,,,,2015-10-05,0,,,,,"エムアイティー",0
84,1020001047070,12,1,2026-07-14,2019-12-20,"株式会社ＭＩＴ",,301,"神奈川県","横浜市中区","寺久保４８番地１６",,14,104,2310855,,,,,,,2015-10-05,0,,,,,"エムアイティー",0
85,1020001047070,12,1,2026-07-14,2026-07-07,"株式会社ＭＩＴ",,301,"神奈川県","横浜市西区","みなとみらい３丁目６番地１みなとみらいセンタービル１９階",,14,103,2200012,,,,,,,2015-10-05,1,,,,,"エムアイティー",0
86,1020001092926,01,1,2026-07-14,2015-10-05,"株式会社ＳＤアート",,301,"神奈川県","横浜市西区","平沼１丁目３番１７号",,14,103,2200023,,,,,,,2015-10-05,0,,,,,"エスディーアート",0
87,1020001092926,12,1,2026-07-14,2021-12-03,"株式会社ＳＤアート",,301,"東京都","渋谷区","恵比寿４丁目２０番４号",,13,113,1500013,,,,,,,2015-10-05,1,,,,,"エスディーアート",0
88,1020001102676,12,0,2026-07-14,2026-06-30,"福宝株式会社",,301,"埼玉県","さいたま市大宮区","北袋町１丁目６０１－１ＳＨＩＮＴＯＣＩＴＹ－Ｂ１４１５",,11,103,3300835,,,,,,,2015-10-05,1,,,,,"フクホウ",0
89,1020001110621,01,1,2026-07-14,2015-10-05,"株式会社メニュー",,301,"神奈川県","横浜市泉区","新橋町１０２７番地１－１０２",,14,116,2450009,,,,,,,2015-10-05,0,,,,,"メニュー",0
90,1020001110621,12,1,2026-07-14,2017-06-07,"株式会社メニュー",,301,"神奈川県","大和市","南林間６丁目１番３０号Ｂ２０２",,14,213,2420006,,,,,,,2015-10-05,1,,,,,"メニュー",0
91,1020001169484,01,0,2026-07-14,2026-07-14,"株式会社みらいスタッフ",,301,"神奈川県","横浜市中区","山下町４６ＢＬＯＣＫＳ・ＹＡＭＡＳＨＩＴＡ・ＰＡＲＫ",,14,104,2310023,,,,,,,2026-07-14,1,,,,,"ミライスタッフ",0
92,1020001169492,01,0,2026-07-14,2026-07-14,"株式会社オガワークス",,301,"神奈川県","横浜市青葉区","すみよし台７番地４５",,14,117,2270035,,,,,,,2026-07-14,1,,,,,"オガワークス",0
93,1020001169518,01,0,2026-07-14,2026-07-14,"株式会社Ｍｅｉｓｔｅｒ　Ｐｏｒｔ",,301,"神奈川県","横浜市瀬谷区","上瀬谷町３４－１",,14,114,2460006,,,,,,,2026-07-14,1,,,,,"マイスターポート",0
94,1020001169526,01,0,2026-07-14,2026-07-14,"サイファーラボ株式会社",,301,"神奈川県","横浜市中区","弁天通６丁目８５番地宇徳ビルディング９０６号室",,14,104,2310007,,,,,,,2026-07-14,1,,,,,"サイファーラボ",0
95,1020002072423,01,1,2026-07-14,2015-10-05,"エフエスメディカル有限会社",,302,"神奈川県","横浜市戸塚区","名瀬町３１３４番地２８",,14,110,2450051,,,,,,,2015-10-05,0,,,,,"エフエスメディカル",0
96,1020002072423,12,1,2026-07-14,2026-07-02,"エフエスメディカル有限会社",,302,"神奈川県","横浜市戸塚区","品濃町５４３番地５",,14,110,2440801,,,,,,,2015-10-05,1,,,,,"エフエスメディカル",0
97,1020003030041,12,0,2026-07-14,2026-07-03,"ハコスタンダード合同会社",,305,"神奈川県","横浜市中区","不老町１丁目２番地１",,14,104,2310032,,,,,,,2025-12-24,1,,,,,"ハコスタンダード",0
98,1020003031411,01,0,2026-07-14,2026-07-14,"合同会社Ａｔｔｒａｃｔ",,305,"神奈川県","横浜市西区","平沼１丁目５番２５－７０４号",,14,103,2200023,,,,,,,2026-07-14,1,,,,,"アトラクト",0
99,1020003031428,01,0,2026-07-14,2026-07-14,"ＯＳＡＭＵ合同会社",,305,"神奈川県","横浜市戸塚区","戸塚町４８６番地１８オセアン戸塚皇谷台ヒルトップ２１・５０１号",,14,110,2440003,,,,,,,2026-07-14,1,,,,,"オサム",0
100,1020003031452,01,0,2026-07-14,2026-07-14,"合同会社ＹＲ",,305,"神奈川県","横浜市青葉区","青葉台２丁目２９番地１Ｐ－５１８",,14,117,2270062,,,,,,,2026-07-14,1,,,,,"ワイアール",0
101,1021001062365,12,0,2026-07-14,2026-06-19,"株式会社ＩＳＣ",,301,"神奈川県","綾瀬市","深谷上１丁目１３番３１号",,14,218,2521108,,,,,,,2017-06-20,1,,,,,"アイエスシー",0
102,1030001071350,01,1,2026-07-14,2015-10-05,"株式会社ＫＡＴＡＮＡ",,301,"埼玉県","東松山市","大字新郷８８番地３４",,11,212,3550071,,,,,,,2015-10-05,1,,,,,"カタナ",0
103,1030001092537,12,0,2026-07-14,2026-07-10,"工藤工業株式会社",,301,"東京都","足立区","保木間２丁目９番１３号",,13,121,1210064,,,,,,,2015-10-05,1,,,,,"クドウコウギョウ",0
104,1030001173130,01,0,2026-07-14,2026-07-14,"株式会社ＫＲアセット",,301,"埼玉県","蕨市","中央２丁目１０番２２号",,11,223,3350004,,,,,,,2026-07-14,1,,,,,"ケーアールアセット",0
105,1030001173304,01,0,2026-07-14,2026-07-14,"株式会社ＨＩＲＯ　ＷＯＲＫＳ",,301,"埼玉県","比企郡鳩山町","鳩ヶ丘２丁目６番１号",,11,348,3500312,,,,,,,2026-07-14,1,,,,,"ヒロワークス",0
106,1030002020265,21,0,2026-07-14,2026-06-29,"有限会社グッドウエーブ",,302,"埼玉県","所沢市","東町１５番２２－１２０４号ザ・パークハウス所沢プレイス",,11,208,3591116,,,2026-06-29,01,,,2015-10-05,1,,,,,"グッドウエーブ",0
107,1030002057860,01,1,2026-07-14,2015-10-05,"有限会社ＪＵＮインターナショナル",,302,"埼玉県","上尾市","大字上２０番地６",,11,219,3620001,,,,,,,2015-10-05,0,,,,,"ジュンインターナショナル",0
108,1030002057860,12,1,2026-07-14,2026-06-29,"有限会社ＪＵＮインターナショナル",,302,"埼玉県","北足立郡伊奈町","内宿台３丁目７４番地",,11,301,3620812,,,,,,,2015-10-05,1,,,,,"ジュンインターナショナル",0
109,1030002062084,01,1,2026-07-14,2015-10-05,"有限会社萩原設備",,302,"埼玉県","新座市","石神２丁目１２番６号",,11,230,3520033,,,,,,,2015-10-05,1,,,,,"ハギワラセツビ",0
110,1030002085358,01,1,2026-07-14,2015-10-05,"大野製畳有限会社",,302,"埼玉県","越谷市","宮本町１丁目７４番地",,11,222,3430806,,,,,,,2015-10-05,1,,,,,"オオノセイジョウ",0
111,1030005003325,12,0,2026-07-14,2026-06-30,"特定非営利活動法人あいのて",,399,"埼玉県","さいたま市岩槻区","東岩槻１丁目８番５号",,11,110,3390005,,,,,,,2015-10-05,1,,,,,"アイノテ",0
112,1040001006628,21,0,2026-07-14,2026-07-01,"株式会社藤原商店",,301,"千葉県","千葉市中央区","白旗２丁目１８番４号",,12,101,2600841,,,2026-07-01,01,,,2015-10-05,1,,,,,"フジワラショウテン",0
113,1040001023623,12,0,2026-07-14,2026-07-06,"株式会社ケイ・パックス",,301,"千葉県","船橋市","豊富町６４８番地１６",,12,204,2740053,,,,,,,2015-10-05,1,,,,,"ケイパックス",0
114,1040001039454,01,1,2026-07-14,2015-10-05,"株式会社パッケージ販売",,301,"千葉県","松戸市","六高台７丁目６６番地ハートフルシティ１－２２２号",,12,207,2702203,,,,,,,2015-10-05,1,,,,,"パッケージハンバイ",0
115,1040001144502,01,0,2026-07-14,2026-07-14,"株式会社ＬＩＧＡＲＩＳ",,301,"千葉県","松戸市","三矢小台４丁目４番地の３０",,12,207,2710087,,,,,,,2026-07-14,1,,,,,"リガリス",0
116,1040001144510,01,0,2026-07-14,2026-07-14,"株式会社勝右衛門",,301,"千葉県","習志野市","大久保１丁目９番７号",,12,216,2750011,,,,,,,2026-07-14,1,,,,,"カツエモン",0
117,1040001144519,01,0,2026-07-14,2026-07-14,"スターフェス株式会社",,301,"千葉県","船橋市","習志野台５丁目１８番１５号フォレスト壱番館２０３号",,12,204,2740063,,,,,,,2026-07-14,1,,,,,"スターフェス",0
118,1040001144568,01,0,2026-07-14,2026-07-14,"ＦＩＬＬ株式会社",,301,"千葉県","船橋市","南本町９番１３号アイメゾン２０３号",,12,204,2730004,,,,,,,2026-07-14,1,,,,,"フィル",0
119,1040002034529,12,0,2026-07-14,2026-06-26,"有限会社松榮商事",,302,"千葉県","市川市","南大野１丁目４５番１－２０７号",,12,203,2720804,,,,,,,2015-10-05,1,,,,,"ショウエイショウジ",0
120,1040002048264,12,0,2026-07-14,2026-07-02,"有限会社福々亭",,302,"千葉県","松戸市","松戸１１７６番地の１３",,12,207,2710092,,,,,,,2015-10-05,1,,,,,"フクフクテイ",0
121,1040003030378,01,0,2026-07-14,2026-07-14,"合同会社ＮＡＮＡＯ",,305,"千葉県","船橋市","前原東１丁目１１番１４－２号",,12,204,2740824,,,,,,,2026-07-14,1,,,,,"ナナオ",0
122,1050001018837,12,0,2026-07-14,2026-07-10,"株式会社田中工業",,301,"茨城県","古河市","下大野１４４４番地１",,08,204,3060204,,,,,,,2015-10-05,1,,,,,"タナカコウギョウ",0
123,1050002012541,21,0,2026-07-14,2026-07-03,"有限会社飯塚水道工業",,302,"茨城県","稲敷郡阿見町","大字青宿４３６番地の５",,08,443,3000301,,,2026-07-03,01,,,2015-10-05,1,,,,,"イイヅカスイドウコウギョウ",0
124,1060002006022,11,0,2026-07-14,2026-06-29,"株式会社Ｌｅａｆｌｕｓ",,301,"栃木県","宇都宮市","石井町３４０５番地２６",,09,201,3210912,,,,,,,2015-10-05,1,,,,,"リーフラス",0
125,1060002017820,01,1,2026-07-14,2015-10-05,"有限会社えびはら",,302,"栃木県","真岡市","久下田８４７番地",,09,209,3214521,,,,,,,2015-10-05,1,,,,,"エビハラ",0
126,1070001005552,01,1,2026-07-14,2015-10-05,"株式会社ＬＫ商事",,301,"群馬県","前橋市","千代田町２丁目７番１３号",,10,201,3710022,,,,,,,2015-10-05,1,,,,,"エルケイショウジ",0
127,1070001018232,01,1,2026-07-14,2015-10-05,"共和興業株式会社",,301,"群馬県","渋川市","北橘町下箱田字岩上６２５番地",,10,208,3770061,,,,,,,2015-10-05,1,,,,,"キョウワコウギョウ",0
128,1070001044278,01,0,2026-07-14,2026-07-14,"エルスピーナリンクス株式会社",,301,"群馬県","高崎市","貝沢町甲９６５番地",,10,202,3700042,,,,,,,2026-07-14,1,,,,,"エルスピーナリンクス",0
129,1070002008422,01,1,2026-07-14,2015-10-05,"有限会社アールサイン",,302,"群馬県","高崎市","小八木町４１７番地",,10,202,3700071,,,,,,,2015-10-05,1,,,,,"アールサイン",0
130,1080001019683,12,0,2026-07-14,2026-07-08,"信一産業株式会社",,301,"静岡県","静岡市駿河区","宮竹２丁目２０番１号インプレスフレイムＢ１０１",,22,102,4228035,,,,,,,2015-10-05,1,,,,,"シンイチサンギョウ",0
131,1080002003595,01,1,2026-07-14,2015-10-05,"有限会社大與産業",,302,"静岡県","静岡市駿河区","下島５６４番地",,22,102,4228037,,,,,,,2015-10-05,1,,,,,"ダイヨサンギョウ",0
132,1080003003735,01,0,2026-07-14,2026-07-14,"ＦＫＫ合同会社",,305,"静岡県","焼津市","栄町４丁目２番５号",,22,212,4250027,,,,,,,2026-07-14,1,,,,,"エフケーケー",0
133,1080101001319,01,1,2026-07-14,2015-10-05,"殿岡服飾工業株式会社",,301,"静岡県","沼津市","原２７１番地の１",,22,203,4100312,,,,,,,2015-10-05,1,,,,,"トノオカフクショクコウギョウ",0
134,1080101011656,01,1,2026-07-14,2015-10-05,"株式会社西原石材工業",,301,"静岡県","富士宮市","下条３７５番地",,22,207,4180114,,,,,,,2015-10-05,1,,,,,"ニシハラセキザイコウギョウ",0
135,1090001007654,12,0,2026-07-14,2026-07-09,"株式会社スカイ工業",,301,"山梨県","甲斐市","龍地２５４８番地",,19,210,4000104,,,,,,,2015-10-05,1,,,,,,0
136,1090002012190,12,0,2026-07-14,2026-07-08,"有限会社蒼天",,302,"山梨県","南都留郡富士河口湖町","船津３３０８番地１７",,19,430,4010301,,,,,,,2015-10-05,1,,,,,,0
137,1100001026990,21,0,2026-07-14,2026-06-30,"株式会社トピア",,301,"滋賀県","長浜市","落合町６４５番地",,25,203,5260102,,,2026-06-30,11,2160001007290,"令和８年６月１日滋賀県長浜市落合町６４５番地パセリエンタープライズ株式会社（2160001007290）に合併し解散",2015-10-05,1,,,,,"トピア",0
138,1100002037847,21,0,2026-07-14,2026-07-08,"有限会社カネチョウ",,302,"長野県","飯田市","羽場町２丁目１１番地６",,20,205,3950063,,,2026-07-08,01,,,2015-10-05,1,,,,,"カネチョウ",0
139,1110002008327,01,1,2026-07-14,2015-10-05,"有限会社タウン薬局",,302,"新潟県","新潟市江南区","亀田本町３丁目４番１２号",,15,104,9500164,,,,,,,2015-10-05,1,,,,,"タウンヤッキョク",0
140,1120001240136,11,0,2026-07-14,2026-07-07,"星安株式会社",,301,"大阪府","大阪市生野区","巽北３丁目１２番３８号",00125957,27,116,5440004,,,,,,,2021-09-03,1,,,,,"セイアン",0
141,1120001241497,01,1,2026-07-14,2021-10-29,"ＮＡＴＹ株式会社",,301,"大阪府","大阪市浪速区","日本橋東３丁目１６番２６－１４０４号",,27,111,5560006,,,,,,,2021-10-29,0,,,,,"ナッティー",0
142,1120001241497,12,1,2026-07-14,2024-02-13,"ＮＡＴＹ株式会社",,301,"大阪府","大阪市中央区","博労町１丁目２－１オーセンティックＩＩ－８０１",00133805,27,128,5410059,,,,,,,2021-10-29,0,,,,,"ナッティー",0
143,1120001241497,12,1,2026-07-14,2024-03-11,"ＮＡＴＹ株式会社",,301,"大阪府","大阪市中央区","博労町１丁目２－１オーセンティック東船場ＩＩ－８０１",00134046,27,128,5410059,,,,,,,2021-10-29,0,,,,,"ナッティー",0
144,1120001241497,12,1,2026-07-14,2026-04-07,"ＮＡＴＹ株式会社",,301,"大阪府","大阪市中央区","南久宝寺町４丁目５－１７アップウェル船場４階",,27,128,5410058,,,,,,,2021-10-29,1,,,,,"ナッティー",0
145,1120001258005,21,0,2026-07-14,2026-07-08,"宏達株式会社",,301,"大阪府","大阪市北区","本庄西３丁目６－８パークハイツエルパティオ３０１号室",,27,127,5310073,,,2026-07-08,01,,,2023-09-07,1,,,,,"コウタツ",0
146,1120001265315,12,0,2026-07-14,2026-07-10,"株式会社ＦＤＳ",,301,"大阪府","東大阪市","足代北１丁目１４－１８",,27,227,5770058,,,,,,,2024-05-28,1,,,,,"エフディーエス",0
147,1120001268128,21,0,2026-07-14,2026-07-08,"瑞豊株式会社",,301,"大阪府","大阪市都島区","中野町４丁目３番６号Ｈ２Ｈ大阪桜之宮邸５Ｄ－４",,27,102,5340027,,,2026-07-08,01,,,2024-08-30,1,,,,,"スイホウ",0
148,1120001270083,01,1,2026-07-14,2024-11-06,"宋氏株式会社",,301,"大阪府","大阪市東住吉区","西今川３丁目３３番２０号１０４号室",,27,121,5460042,,,,,,,2024-11-06,0,,,,,"ソウシ",0
149,1120001270083,12,1,2026-07-14,2025-09-22,"宋氏株式会社",,301,"大阪府","大阪市生野区","鶴橋４丁目１１番１８号１Ｆ",,27,116,5440031,,,,,,,2024-11-06,1,,,,,"ソウシ",0
150,1120001276097,21,0,2026-07-14,2026-07-06,"＿力元盛株式会社",00139282,301,"大阪府","大阪市城東区","関目５丁目１９番９号関目花博公館５０１Ｂ",,27,118,5360008,,,2026-07-06,01,,,2025-05-23,1,,,,,"キンリョクゲンセイ",0
151,1120001276444,12,0,2026-07-14,2026-07-09,"ＤＰＲＯ株式会社",,301,"大阪府","泉佐野市","上瓦屋６６１－１第２リヒトビル５０３号室",,27,213,5980001,,,,,,,2025-06-05,1,,,,,"デープロー",0
152,1120001281089,21,0,2026-07-14,2026-07-08,"天奥株式会社",,301,"大阪府","大阪市東住吉区","中野４丁目１番１６号サラオリエンテ中野６０５Ａ",,27,121,5460012,,,2026-07-08,01,,,2025-10-14,1,,,,,"テンオク",0
153,1120001287730,01,0,2026-07-14,2026-07-14,"株式会社Ｃａｂｏ　Ｓａｎ　Ｌｕｃａｓ",,301,"大阪府","大阪市中央区","高麗橋３丁目２番７号",,27,128,5410043,,,,,,,2026-07-14,1,,,,,"カボサンルーカス",0
154,1120001287788,01,0,2026-07-14,2026-07-14,"株式会社あおいちゃん",,301,"大阪府","大阪市此花区","伝法３丁目１番１２－１１０８号",,27,104,5540002,,,,,,,2026-07-14,1,,,,,"アオイチャン",0
155,1120001287821,01,0,2026-07-14,2026-07-14,"株式会社クロマリンク",,301,"大阪府","大阪市北区","野崎町１－３０シティタワー東梅田パークフロント１８０６",,27,127,5300055,,,,,,,2026-07-14,1,,,,,"クロマリンク",0
156,1120001287838,01,0,2026-07-14,2026-07-14,"株式会社ＳＰＯＬＩＡ",,301,"大阪府","大阪市西淀川区","柏里１丁目１６番２１号",,27,113,5550022,,,,,,,2026-07-14,1,,,,,"スポリア",0
157,1120003032952,01,0,2026-07-14,2026-07-14,"合同会社ＣＯＲＥ",,305,"大阪府","大阪市北区","天満２丁目１２番９‐３０２号",,27,127,5300043,,,,,,,2026-07-14,1,,,,,"コア",0
158,1120003033018,01,0,2026-07-14,2026-07-14,"合同会社西脇大野コネクトバッテリ",,305,"大阪府","大阪市中央区","北久宝寺町２丁目１番１０号",,27,128,5410057,,,,,,,2026-07-14,1,,,,,"ニシワキオオノコネクトバッテリ",0
159,1120003033050,01,0,2026-07-14,2026-07-14,"合同会社ＧＲＡＣＥ",,305,"大阪府","交野市","妙見坂７丁目２３番２０号",,27,230,5760021,,,,,,,2026-07-14,1,,,,,"グレイス",0
160,1120003033075,01,0,2026-07-14,2026-07-14,"合同会社ＡＰＰＬＥ",,305,"大阪府","大阪市天王寺区","清水谷町１３番５－５０１号",,27,109,5430011,,,,,,,2026-07-14,1,,,,,"アップル",0
161,1120005025632,01,0,2026-07-14,2026-07-14,"一般社団法人ｈｉｔｏ‐ｅｎｉ",,399,"大阪府","大阪市北区","大深町６番３８号グラングリーン大阪北館ＪＡＭＢＡＳＥ６階ＪＡＭ－ＤＥＳＫ",,27,127,5300011,,,,,,,2026-07-14,1,,,,,"ヒトエニ",0
162,1120005025649,01,0,2026-07-14,2026-07-14,"一般社団法人となり組",,399,"大阪府","大阪市住之江区","北加賀屋１丁目１１番１６号",,27,125,5590011,,,,,,,2026-07-14,1,,,,,,0
163,1120901027632,01,1,2026-07-14,2015-10-05,"ナニワテクノス株式会社",,301,"大阪府","豊中市","若竹町１丁目９番８号",,27,203,5610811,,,,,,,2015-10-05,1,,,,,"ナニワテクノス",0
164,1122001017596,01,1,2026-07-14,2015-10-05,"アサカ硝子産業株式会社",,301,"大阪府","八尾市","太田３丁目２３５番地",,27,212,5810037,,,,,,,2015-10-05,1,,,,,"アサカガラスサンギョウ",0
165,1122001040714,01,0,2026-07-14,2026-07-14,"西村建工株式会社",,301,"大阪府","大東市","灰塚６丁目１１番２６号",00144290,27,218,5740043,,,,,,,2026-07-14,1,,,,,"ニシムラケンコウ",0
166,1130001027185,01,1,2026-07-14,2015-10-05,"株式会社アースコンシャス",,301,"京都府","京都市右京区","西京極西大丸町６４番地２",,26,108,6150862,,,,,,,2015-10-05,1,,,,,"アースコンシャス",0
167,1130001059971,01,1,2026-07-14,2017-06-07,"株式会社ＪＪＣカンパニー",,301,"京都府","京都市北区","紫竹下長目町３３番地",,26,101,6038106,,,,,,,2017-06-07,1,,,,,"ジェイジェイシーカンパニー",0
168,1130001078435,11,0,2026-07-14,2026-07-07,"株式会社ニューシリカジャパンラボ",,301,"京都府","京都市上京区","御前通今出川上る２丁目北町６２２番地１",,26,102,6028392,,,,,,,2024-11-26,1,,,,,"ニューシリカジャパンラボ",0
169,1130001082684,01,0,2026-07-14,2026-07-14,"株式会社ＡＬＬＳＥＴ　ＯＮＥ",,301,"京都府","京都市下京区","小稲荷町８５番地２Ｇｒａｎｄ－Ｋ京都駅前ビル２０１",,26,106,6008208,,,,,,,2026-07-14,1,,,,,"オールセットワン",0
170,1140001074284,12,0,2026-07-14,2026-07-10,"株式会社アップビート",,301,"兵庫県","西宮市","羽衣町６番４－５０１号",,28,204,6620051,,,,,,,2015-10-05,1,,,,,"アップビート",0
171,1140001097566,01,1,2026-07-14,2015-10-05,"株式会社桧山商店",,301,"兵庫県","神戸市須磨区","東町２丁目１番２９号",,28,107,6540033,,,,,,,2015-10-05,1,,,,,"ヒヤマショウテン",0
172,1140001101187,01,1,2026-07-14,2016-03-03,"真改株式会社",,301,"兵庫県","姫路市","夢前町菅生澗６５番地８",,28,201,6712134,,,,,,,2016-03-03,1,,,,,"シンカイ",0
173,1140001101889,01,1,2026-07-14,2016-04-26,"株式会社シートランスライン",,301,"兵庫県","神戸市垂水区","千鳥が丘３丁目８番４１－２０４号",,28,108,6550011,,,,,,,2016-04-26,1,,,,,"シートランスライン",0
174,1140002006922,01,1,2026-07-14,2015-10-05,"有限会社秋元産業",,302,"兵庫県","神戸市西区","糀台５丁目１番地の１－１０２号",,28,111,6512273,,,,,,,2015-10-05,1,,,,,"アキモトサンギョウ",0
175,1140003023859,01,0,2026-07-14,2026-07-14,"ＡＬｅ合同会社",,305,"兵庫県","明石市","大久保町ゆりのき通２丁目５０－６Ａ１４１６",,28,203,6740068,,,,,,,2026-07-14,1,,,,,"エーエルイー",0
176,1140005027981,01,0,2026-07-14,2026-07-14,"一般社団法人兵庫県空手道連盟",,399,"兵庫県","神戸市中央区","熊内町５丁目９番１９号",,28,110,6510056,,,,,,,2026-07-14,1,,,,,"ヒョウゴケンカラテドウレンメイ",0
177,1150005008931,21,0,2026-07-14,2026-07-06,"特定非営利活動法人山田町地域料理グループ",,399,"奈良県","天理市","山田町１６７８番地３",,29,204,6320121,,,2026-07-06,01,,,2017-12-25,1,,,,,"ヤマダチョウチイキリョウリグループ",0
178,1160001017150,12,0,2026-07-14,2026-07-07,"株式会社ｉｓｓｅｉ",,301,"滋賀県","大津市","堅田１丁目２０番７号",,25,201,5200243,,,,,,,2015-10-05,1,,,,,"イッセイ",0
179,1160005008393,01,1,2026-07-14,2015-10-05,"社会福祉法人志津保育園",,399,"滋賀県","草津市","青地町字高畑９４６番地",,25,206,5250041,,,,,,,2015-10-05,0,,,,,"シヅホイクエン",0
180,1160005008393,11,1,2026-07-14,2026-05-14,"社会福祉法人志津保会",,399,"滋賀県","草津市","青地町字高畑９４６番地",,25,206,5250041,,,,,,,2015-10-05,1,,,,,,0
181,1180001008478,12,0,2026-07-14,2026-07-03,"柴田工業株式会社",,301,"愛知県","名古屋市昭和区","御器所３丁目３１番２２号",,23,107,4660051,,,,,,,2015-10-05,1,,,,,"シバタコウギョウ",0
182,1180001098775,01,1,2026-07-14,2015-10-05,"株式会社岩本工業",,301,"愛知県","あま市","七宝町遠島新開１０９番地２",,23,237,4970002,,,,,,,2015-10-05,1,,,,,"イワモトコウギョウ",0
183,1180001138713,21,0,2026-07-14,2026-07-01,"株式会社クルール岡崎",,301,"愛知県","名古屋市中区","丸の内３丁目２０番９号三晃社ビル３階",,23,106,4600002,,,2026-07-01,11,8180001102539,"令和８年７月１日名古屋市中区丸の内三丁目２０番９号三晃社ビル３階株式会社アフェクトホールディングス（8180001102539）に合併し解散",2019-11-14,1,,,,,"クルールオカザキ",0
184,1180001142491,21,0,2026-07-14,2026-07-01,"株式会社クルール岐阜",,301,"愛知県","名古屋市中区","丸の内３丁目２０番９号三晃社ビル３階",,23,106,4600002,,,2026-07-01,11,8180001102539,"令和８年７月１日名古屋市中区丸の内三丁目２０番９号三晃社ビル３階株式会社アフェクトホールディングス（8180001102539）に合併し解散",2020-08-18,1,,,,,"クルールギフ",0
185,1180001160832,12,0,2026-07-14,2026-07-02,"株式会社Ａ．Ｃ",,301,"愛知県","名古屋市千種区","神田町２３番１０号",,23,101,4640077,,,,,,,2024-04-10,1,,,,,"エーシー",0
186,1180001172753,01,0,2026-07-14,2026-07-14,"株式会社朱莉",,301,"愛知県","東海市","横須賀町四ノ割１３番地",,23,222,4770036,,,,,,,2026-07-14,1,,,,,"アカリ",0
187,1180001172761,01,0,2026-07-14,2026-07-14,"株式会社Ｂｕｉｌｄ　Ｈｏｌｄｉｎｇｓ",,301,"愛知県","一宮市","北方町曽根字村東２６６番地",,23,203,4938002,,,,,,,2026-07-14,1,,,,,"ビルドホールディングス",0
188,1180002028343,01,1,2026-07-14,2015-10-05,"有限会社ツカショウ",,302,"愛知県","名古屋市中村区","椿町４番６号",,23,105,4530015,,,,,,,2015-10-05,1,,,,,"ツカショウ",0
189,1180002042872,01,1,2026-07-14,2015-10-05,"有限会社佐藤商事",,302,"愛知県","大府市","横根町坊主山１番地１０２",,23,223,4740011,,,,,,,2015-10-05,1,,,,,"サトウショウジ",0
190,1180002070007,12,0,2026-07-14,2026-07-03,"有限会社三増",,302,"愛知県","小牧市","大字三ツ渕５５１番地",,23,219,4850075,,,,,,,2015-10-05,1,,,,,"ミマス",0
191,1180002078314,01,1,2026-07-14,2015-10-05,"有限会社橋本住設",,302,"愛知県","一宮市","玉野２０８５番地",,23,203,4940013,,,,,,,2015-10-05,0,,,,,"ハシモトジュウセツ",0
192,1180002078314,12,1,2026-07-14,2026-07-03,"有限会社橋本住設",,302,"愛知県","一宮市","玉野字宮崎３６番地４",,23,203,4940013,,,,,,,2015-10-05,1,,,,,"ハシモトジュウセツ",0
193,1180301025784,01,1,2026-07-14,2015-10-05,"株式会社古池自動車鈑金塗装",,301,"愛知県","蒲郡市","豊岡町前野４８番地１",,23,214,4430011,,,,,,,2015-10-05,1,,,,,"コイケジドウシャバンキントソウ",0
194,1180301030421,01,1,2026-07-14,2017-06-14,"オッチプランニング株式会社",,301,"愛知県","豊橋市","中岩田１丁目１５番地１９",,23,201,4400832,,,,,,,2017-06-14,1,,,,,"オッチプランニング",0
195,1180301041187,01,0,2026-07-14,2026-07-14,"株式会社ウイングバレー",,301,"愛知県","豊橋市","神野新田町字ロノ割１９３番地６",,23,201,4418077,,,,,,,2026-07-14,1,,,,,"ウイングバレー",0
196,1180302007014,01,1,2026-07-14,2015-10-05,"有限会社金子管工",,302,"愛知県","豊橋市","池見町５８番地の３",,23,201,4400827,,,,,,,2015-10-05,1,,,,,"カネコカンコ",0
197,1180302019455,01,1,2026-07-14,2015-10-05,"有限会社セントラルプラザ",,302,"愛知県","知立市","新富２丁目３３番地",,23,225,4720047,,,,,,,2015-10-05,1,,,,,"セントラルプラザ",0
198,1180303006898,01,1,2026-07-14,2026-02-17,"合同会社ＬＯＯＰＡ",,305,"愛知県","西尾市","羽塚町北側６６番地３キャラウェイ１０１号室",00142605,23,213,4440316,,,,,,,2026-02-17,0,,,,,"ルーパ",0
199,1180303006898,12,1,2026-07-14,2026-06-26,"合同会社ＬＯＯＰＡ",,305,"愛知県","西尾市","住吉町４丁目４‐１８",,23,213,4450851,,,,,,,2026-02-17,1,,,,,"ルーパ",0
200,1190001010994,01,1,2026-07-14,2015-10-05,"タカノフーズ関西株式会社",,301,"三重県","松阪市","嬉野天花寺町字赤坂６４７番地",,24,204,5152302,,,,,,,2015-10-05,1,,,,,"タカノフーズカンサイ",0
201,1200001045238,01,0,2026-07-14,2026-07-14,"株式会社福トラックサービス",,301,"岐阜県","各務原市","鵜沼羽場町６丁目１７８番地５",,21,213,5090135,,,,,,,2026-07-14,1,,,,,"フクトラックサービス",0
202,1200001045246,01,0,2026-07-14,2026-07-14,"株式会社エーピーエス",,301,"岐阜県","羽島郡岐南町","薬師寺８丁目１２番地",,21,302,5016014,,,,,,,2026-07-14,1,,,,,"エーピーエス",0
203,1200002008870,11,0,2026-07-14,2026-07-03,"有限会社エムケーアライズ",,302,"岐阜県","岐阜市","東鶉４丁目７９番地２",,21,201,5008281,,,,,,,2015-10-05,1,,,,,"エムケーアライズ",0
204,1200002013045,21,0,2026-07-14,2026-07-06,"有限会社バンベール",,302,"岐阜県","不破郡垂井町","９５８番地の８４",,21,361,5032121,,,2026-07-06,01,,,2015-10-05,1,,,,,"バンベール",0
205,1200002025239,21,0,2026-07-14,2026-07-03,"有限会社小林工業",,302,"岐阜県","高山市","神田町１丁目９０番地",,21,203,5060006,,,2026-07-03,01,,,2015-10-05,1,,,,,"コバヤシコウギョウ",0
206,1200005010782,21,0,2026-07-14,2026-06-30,"一般社団法人ふるさと体験飛騨高山",,399,"岐阜県","高山市","清見町福寄５９５番地２",,21,203,5060104,,,2026-06-30,01,,,2015-10-05,1,,,,,"フルサトタイケンヒダタカヤマ",0
207,1210001000885,21,0,2026-07-14,2026-07-07,"株式会社加藤自動車",,301,"福井県","福井市","小幡町第３号８番地１",,18,201,9103146,,,2026-07-07,01,,,2015-10-05,1,,,,,"カトウジドウシャ",0
208,1210002009447,01,1,2026-07-14,2015-10-05,"有限会社小嶋組",,302,"福井県","大野市","中野町１丁目２番２４号",,18,205,9120021,,,,,,,2015-10-05,1,,,,,"コジマグミ",0
209,1230001021491,01,0,2026-07-14,2026-07-14,"株式会社イセリ工業",,301,"富山県","高岡市","鷲北新４５番１０号レクリオ秋思野２０６",,16,202,9330071,,,,,,,2026-07-14,1,,,,,"イセリコウギョウ",0
210,1230001021517,01,0,2026-07-14,2026-07-14,"株式会社ＭＲＹ",,301,"富山県","富山市","婦中町砂子田３８番地１５",,16,201,9392727,,,,,,,2026-07-14,1,,,,,"エムアールワイ",0
211,1230002004108,01,1,2026-07-14,2015-10-05,"株式会社クリーンエアコン",,301,"富山県","富山市","堀１９７番地",,16,201,9398057,,,,,,,2015-10-05,1,,,,,"クリーンエアコン",0
212,1240001029096,12,0,2026-07-14,2026-07-03,"オーエンス株式会社",,301,"広島県","廿日市市","河津原６１７番地３",,34,213,7380204,,,,,,,2015-10-05,1,,,,,"オーエンス",0
213,1240001048360,01,1,2026-07-14,2015-10-20,"株式会社Ｌａ　ｍｕｅ",,301,"広島県","広島市安佐南区","山本２丁目３番３５－１０２号",,34,105,7310137,,,,,,,2015-10-20,0,,,,,"ラミュー",0
214,1240001048360,12,1,2026-07-14,2016-10-17,"株式会社Ｌａ　ｍｕｅ",,301,"広島県","広島市安佐南区","上安２丁目１１番８－１０１号",,34,105,7310154,,,,,,,2015-10-20,1,,,,,"ラミュー",0
215,1240001054177,12,0,2026-07-14,2026-07-08,"株式会社ＴＳＵＮＡＧ",,301,"広島県","広島市中区","白島中町１番１５号",,34,101,7300002,,,,,,,2019-04-05,1,,,,,"ツナグ",0
216,1240001066791,01,0,2026-07-14,2026-07-14,"株式会社マナベル",,301,"広島県","広島市西区","南観音１丁目１０番４０－６０３号",,34,104,7330035,,,,,,,2026-07-14,1,,,,,"マナベル",0
217,1240002022496,11,0,2026-07-14,2026-07-01,"有限会社ＲＯＯＴＺＥ",,302,"広島県","広島市西区","打越町１１番８－９０３号",,34,104,7330004,,,,,,,2015-10-05,1,,,,,"ルーチェ",0
218,1240003007819,01,0,2026-07-14,2026-07-14,"合同会社めだかの学校",,305,"広島県","広島市佐伯区","美鈴が丘西１丁目３番１２号",,34,108,7315114,,,,,,,2026-07-14,1,,,,,"メダカノガッコウ",0
219,1240003007835,01,0,2026-07-14,2026-07-14,"合同会社Ｔ＆Ａ広島",,305,"広島県","広島市中区","中町１－２４クラース袋町公園３階ＯｅｎＳｐａｃｅＦｌｏｒｅ",,34,101,7300037,,,,,,,2026-07-14,1,,,,,"ティーアンドエーヒロシマ",0
220,1240005007445,71,0,2026-07-14,2026-06-29,"稲荷神社",,399,"広島県","福山市","神辺町字平野５１５番地",,34,207,7202116,,,,,,"広島県福山市神辺町字平野４８１番地大山祇神社（1240005007503）を合併",2015-10-05,1,,,,,"イナリジンジャ",0
221,1240005007503,21,0,2026-07-14,2026-06-29,"大山祇神社",,399,"広島県","福山市","神辺町字平野４８１番地",,34,207,7202116,,,2026-06-29,11,1240005007445,"令和８年６月２９日広島県福山市神辺町字平野５１５番地稲荷神社（1240005007445）に合併し解散",2015-10-05,1,,,,,"オオヤマツミジンジャ",0
222,1250001021374,21,0,2026-07-14,2026-07-10,"株式会社ナカムラエンジニア",,301,"山口県","下関市","西観音町１６番２４号",,35,201,7520905,,,2026-07-10,01,,,2025-10-06,1,,,,,"ナカムラエンジニア",0
223,1250002014625,21,0,2026-07-14,2026-07-09,"有限会社コウデン社",,302,"山口県","周南市","今宿町４丁目８番地",,35,215,7450074,,,2026-07-09,01,,,2015-10-05,1,,,,,"コウデンシャ",0
224,1250003000483,21,0,2026-07-14,2026-07-13,"株式会社油政商店",,301,"山口県","下関市","丸山町３丁目２番５号",,35,201,7500019,,,2026-07-13,01,,,2015-10-05,1,,,,,"アブラマサショウテン",0
225,1250003003981,12,0,2026-07-14,2026-07-09,"合同会社ＬＩＦＥ　ＳＨＩＦＴ",,305,"福岡県","筑紫野市","大字原田４５５番地２４５",,40,217,8180024,,,,,,,2026-06-10,1,,,,,"ライフシフト",0
226,1250003004006,01,0,2026-07-14,2026-07-14,"Ｎｅｘｕｓ　Ｂｒｉｄｇｅ合同会社",,305,"山口県","長門市","三隅中字宇治２６２番地１",,35,211,7593802,,,,,,,2026-07-14,1,,,,,"ネクサスブリッジ",0
227,1260001023048,71,0,2026-07-14,2026-06-25,"株式会社ハンコヤストア",,301,"岡山県","真庭市","蒜山下長田１８８６番地１",,33,214,7170506,,,,,,"令和８年６月１日岡山県真庭市蒜山下長田１９３１番地株式会社なおみ家（8260001026184）を合併令和８年６月１日鳥取県倉吉市駄経寺町二丁目３１番地３ＦＲＯＮＴＩＥＲ株式会社（7270001008538）を合併令和８年６月１日鳥取県倉吉市伊木２８２番地２太陽ビル２Ｆ有限会社アシール（8240002026177）を合併",2015-10-05,1,,,,,"ハンコヤストア",0
228,1260001026364,01,1,2026-07-14,2015-10-05,"日本プロパティ株式会社",,301,"岡山県","岡山市北区","表町３丁目１８番４３号",,33,101,7000822,,,,,,,2015-10-05,1,,,,,"ニホンプロパティ",0
229,1290001070780,12,0,2026-07-14,2026-07-10,"株式会社コンロッド",,301,"佐賀県","唐津市","町田１丁目１３番２５号",,41,202,8470821,,,,,,,2015-10-05,1,,,,,"コンロッド",0
230,1290002010026,01,1,2026-07-14,2015-10-05,"有限会社大西企画",,302,"福岡県","福岡市中央区","天神２丁目７番８号西天神ビル",,40,133,8100001,,,,,,,2015-10-05,1,,,,,"オオニシキカク",0
231,1290002042903,01,1,2026-07-14,2015-10-05,"有限会社ＰＥＡＳＥ企画",,302,"福岡県","太宰府市","五条２丁目１４番８－２０１号",,40,221,8180125,,,,,,,2015-10-05,1,,,,,"ピースキカク",0
232,1290003013985,01,1,2026-07-14,2023-06-02,"合同会社４５１",,305,"福岡県","福岡市中央区","天神２丁目２番１２号",,40,133,8100001,,,,,,,2023-06-02,0,,,,,"ヨンゴウイチ",0
233,1290003013985,12,1,2026-07-14,2026-07-01,"合同会社４５１",,305,"福岡県","福岡市南区","塩原４丁目３番２０－４０３号",,40,134,8150032,,,,,,,2023-06-02,1,,,,,"ヨンゴウイチ",0
234,1290003018679,01,0,2026-07-14,2026-07-14,"ｓｈＡｄｏｗ合同会社",,305,"福岡県","福岡市東区","香椎照葉６丁目２番５２－３６０１号アイランドシティオーシャン＆フォレストタワーレジデンスＷＥＳＴ棟",,40,131,8130017,,,,,,,2026-07-14,1,,,,,"シャドー",0
235,1290801005779,21,0,2026-07-14,2026-06-30,"株式会社メイテック",,301,"福岡県","北九州市門司区","東馬寄４番２５号",,40,101,8000052,,,2026-06-30,01,,,2015-10-05,1,,,,,"メイテック",0
236,1290802023160,01,1,2026-07-14,2015-10-05,"有限会社藤井牧場",,302,"福岡県","京都郡みやこ町","犀川大村７９３番地",,40,625,8240222,,,,,,,2015-10-05,1,,,,,"フジイボクジョウ",0
237,1320001014750,01,1,2026-07-14,2016-02-25,"株式会社ミライ電設工業",,301,"大分県","津久見市","岩屋町３番３号",,44,207,8792411,,,,,,,2016-02-25,1,,,,,"ミライデンセツコウギョウ",0
238,1320001020897,01,1,2026-07-14,2025-01-22,"ＳＯＳＨＩＮ株式会社",,301,"大分県","宇佐市","大字住江２２５番地の２",,44,211,8720044,,,,,,,2025-01-22,0,,,,,"ソーシン",0
239,1320001020897,11,1,2026-07-14,2025-10-20,"ＳＯＵＳＨＩＮ株式会社",,301,"大分県","宇佐市","大字住江２２５番地の２",,44,211,8720044,,,,,,,2025-01-22,1,,,,,"ソウシン",0
240,1330001034467,01,0,2026-07-14,2026-07-14,"五木グリーンエナジー株式会社",,301,"熊本県","球磨郡五木村","乙字古山口１７８６番地",,43,511,8680202,,,,,,,2026-07-14,1,,,,,"イツキグリーンエナジー",0
241,1340001009328,21,0,2026-07-14,2026-07-01,"株式会社利休",,301,"鹿児島県","鹿児島市","西田２丁目１５番９号",,46,201,8900046,,,2026-07-01,01,,,2015-10-05,1,,,,,"リキュウ",0
242,1340001010673,01,1,2026-07-14,2015-10-05,"株式会社名島",,301,"鹿児島県","奄美市","名瀬幸町９番３号",,46,222,8940025,,,,,,,2015-10-05,1,,,,,"ナジマ",0
243,1340002012339,01,1,2026-07-14,2015-10-05,"有限会社トワメゾン",,302,"鹿児島県","鹿児島市","谷山中央７丁目２番２号",,46,201,8910141,,,,,,,2015-10-05,1,,,,,"トワメゾン",0
244,1340005008251,01,1,2026-07-14,2015-10-05,"一般社団法人鹿児島県精神保健福祉士協会",,399,"鹿児島県","鹿児島市","下荒田４丁目１１番１２号しのびビル下荒田３０１号",,46,201,8900056,,,,,,,2015-10-05,0,,,,,"セイシンホケンフクシシキョウカイ",0
245,1340005008251,12,1,2026-07-14,2016-07-14,"一般社団法人鹿児島県精神保健福祉士協会",,399,"鹿児島県","鹿児島市","下荒田４丁目１１番１２号しのびビル下荒田",,46,201,8900056,,,,,,,2015-10-05,1,,,,,"セイシンホケンフクシシキョウカイ",0
246,1360001028697,01,1,2026-07-14,2021-04-27,"株式会社ＴＥＡＭ　ＧＡＮＢＡＲＵ",,301,"沖縄県","中頭郡嘉手納町","字水釜５２４番地３，３階",,47,325,9040204,,,,,,,2021-04-27,1,,,,,,0
247,1360002020579,01,1,2026-07-14,2015-10-05,"有限会社沖縄月桃園",,302,"沖縄県","国頭郡国頭村","字佐手１７４番地",,47,301,9051425,,,,,,,2015-10-05,1,,,,,"オキナワゲットウエン",0
248,1360003016031,01,0,2026-07-14,2026-07-14,"合同会社長嶺運送",,305,"沖縄県","那覇市","具志１丁目１７番１号（５０１）",,47,201,9010146,,,,,,,2026-07-14,1,,,,,"ナガミネウンソウ",0
249,1370001043365,21,0,2026-07-14,2026-07-10,"株式会社丸章",,301,"宮城県","名取市","大曲字中小路１６番地",,04,207,9811216,,,2026-07-10,01,,,2018-08-01,1,,,,,"マルショウ",0
250,1370002010538,01,1,2026-07-14,2015-10-05,"有限会社きくた自動車販売",,302,"宮城県","仙台市青葉区","藤松２番３３号",,04,101,9810921,,,,,,,2015-10-05,0,,,,,"キクタジドウシャハンバイ",0
251,1370002010538,12,1,2026-07-14,2026-07-01,"有限会社きくた自動車販売",,302,"宮城県","仙台市青葉区","通町１丁目６番１０－８０４号",,04,101,9810915,,,,,,,2015-10-05,1,,,,,"キクタジドウシャハンバイ",0
252,1370601002919,01,1,2026-07-14,2015-10-05,"株式会社Ｍ．Ｔ．Ｏ",,301,"宮城県","宮城郡七ヶ浜町","汐見台南１丁目１９－１",,04,404,9850822,,,,,,,2015-10-05,1,,,,,"エムテーオー",0
253,1380001002551,01,1,2026-07-14,2015-10-05,"菊池電設工業株式会社",,301,"福島県","伊達郡桑折町","字上町３５番地１",,07,301,9691603,,,,,,,2015-10-05,0,,,,,,0
254,1380001002551,11,1,2026-07-14,2016-04-01,"株式会社ＡＣＤＣ",,301,"福島県","伊達郡桑折町","字上町３５番地１",,07,301,9691603,,,,,,,2015-10-05,1,,,,,"エーシーディーシー",0
255,1380001016238,01,1,2026-07-14,2015-10-05,"株式会社アトラス",,301,"福島県","相馬郡新地町","小川字二羽渡１番地",,07,561,9792703,,,,,,,2015-10-05,1,,,,,"アトラス",0
256,1380005013108,01,0,2026-07-14,2026-07-14,"ＮＰＯ法人ｎｅｘｔｏｂｉｌａ",,399,"福島県","会津若松市","東栄町３番２１号レユシール東栄町Ｄ号室",,07,202,9650872,,,,,,,2026-07-14,1,,,,,"ネクストビラ",0
257,1400001005270,21,0,2026-07-14,2026-07-01,"川辺産業株式会社",,301,"岩手県","花巻市","東十二丁目第１９地割１０番地６",,03,205,0250015,,,2026-07-01,01,,,2015-10-05,1,,,,,"カワベサンギョウ",0
258,1420001010384,11,0,2026-07-14,2026-06-22,"株式会社ＪＯＨＯＫＵ",,301,"青森県","弘前市","大字福田字花岡１番地８",,02,202,0368081,,,,,,,2015-10-05,1,,,,,"ジョウホク",0
259,1420002001580,21,0,2026-07-14,2026-07-02,"有限会社菅谷コンクリート",,302,"青森県","青森市","大字新町野字菅谷５９番地１",,02,201,0300135,,,2026-07-02,01,,,2015-10-05,1,,,,,"スガヤコンクリート",0
260,1430001097330,01,0,2026-07-14,2026-07-14,"株式会社ＮＯＲＳＴ",,301,"北海道","札幌市手稲区","新発寒五条１丁目７番２２号",,01,109,0060805,,,,,,,2026-07-14,1,,,,,"ノースト",0
261,1430003013707,12,0,2026-07-14,2026-07-10,"ニセコオフィス合同会社",,305,"兵庫県","加古郡播磨町","南大中１丁目１１番９－２号",,28,382,6750147,,,,,,,2022-03-11,1,,,,,"ニセコオフィス",0
262,1430003015802,12,0,2026-07-14,2026-07-07,"ホールディング合同会社",,305,"北海道","札幌市豊平区","月寒西一条７丁目６番９号",,01,105,0620021,,,,,,,2023-12-28,1,,,,,"ホールディング",0
263,1430003019175,01,0,2026-07-14,2026-07-14,"インタラプトクォーテーション合同会社",,305,"北海道","札幌市南区","澄川四条３丁目６番８号",,01,106,0050004,,,,,,,2026-07-14,1,,,,,"インタラプトクォーテーション",0
264,1430005001346,12,0,2026-07-14,2026-07-03,"一般財団法人北海道勤労者信用基金協会",,399,"北海道","札幌市中央区","北四条西１２丁目１番地",,01,101,0600004,,,,,,,2015-10-05,1,,,,,"ホッカイドウキンロウシャシンヨウキキンキョウカイ",0
265,1440001009268,12,0,2026-07-14,2026-07-10,"ＬＩＢｓ　Ｃｏｎｎｅｃｔ株式会社",,301,"北海道","函館市","吉川町３番３０号",,01,202,0400077,,,,,,,2023-06-02,1,,,,,"リブスコネクト",0
266,1470001010165,12,0,2026-07-14,2026-07-07,"株式会社浅野鉄工",,301,"香川県","観音寺市","大野原町大野原３６０５番地１",,37,205,7691611,,,,,,,2015-10-05,1,,,,,"アサノテッコウ",0
267,1470001013928,01,1,2026-07-14,2015-10-05,"株式会社さいか屋",,301,"香川県","高松市","御厩町５８６番地６",00005197,37,201,7618042,,,,,,,2015-10-05,1,,,,,"サイカヤ",0
268,1470002003812,01,1,2026-07-14,2015-10-05,"有限会社鈴木工業所",,302,"香川県","高松市","多肥上町６３０番地７",,37,201,7618076,,,,,,,2015-10-05,1,,,,,"スズキコウギョウショ",0
269,1470002016319,01,1,2026-07-14,2015-10-05,"有限会社アサノ",,302,"香川県","観音寺市","大野原町青岡７６０番地",,37,205,7691617,,,,,,,2015-10-05,0,,,,,"アサノ",0
270,1470002016319,12,1,2026-07-14,2026-07-07,"有限会社アサノ",,302,"香川県","観音寺市","大野原町大野原３６０５番地１",,37,205,7691611,,,,,,,2015-10-05,1,,,,,"アサノ",0
271,1470002019404,01,1,2026-07-14,2015-10-05,"有限会社小豆島マリンサービス",,302,"香川県","小豆郡土庄町","淵崎甲２０６９番地２",,37,322,7614121,,,,,,,2015-10-05,1,,,,,"ショウドシママリンサービス",0
272,1480001013225,01,0,2026-07-14,2026-07-14,"株式会社リンクスワン",,301,"徳島県","徳島市","昭和町６丁目７４番地の１サーパス昭和町２０４",,36,201,7700942,,,,,,,2026-07-14,1,,,,,"リンクスワン",0
273,1490001011392,01,0,2026-07-14,2026-07-14,"株式会社Ｎｏａ",,301,"高知県","土佐市","高岡町乙７９０－４８",,39,205,7811102,,,,,,,2026-07-14,1,,,,,"ノア",0
274,1490002009774,01,1,2026-07-14,2015-10-05,"有限会社高岡ハイヤー",,302,"高知県","土佐市","高岡町甲９３０番地１",,39,205,7811101,,,,,,,2015-10-05,1,,,,,"タカオカハイヤー",0
275,1500001026785,01,1,2026-07-14,2026-02-17,"株式会社ハルトリン",,301,"愛媛県","松山市","大街道１丁目１番地７",,38,201,7900004,,,,,,,2026-02-17,1,,,,,,0
276,1700150114890,21,0,2026-07-14,2024-01-31,"埼玉県舞踊協会",,499,"埼玉県","さいたま市浦和区","東仲町１－１６鳥昇ビル３階",,11,107,3300056,,,2024-01-31,31,,,2023-03-23,1,,,,,"サイタマケンブヨウキヨウカイ",0
277,2010001060908,21,0,2026-07-14,2026-07-01,"株式会社若松屋",,301,"東京都","世田谷区","等々力６丁目１５番５－９１０号",,13,112,1580082,,,2026-07-01,01,,,2015-10-05,1,,,,,"ワカマツヤ",0
278,2010001089542,01,1,2026-07-14,2015-10-05,"ＣＷ　ロジスティックス株式会社",,301,"東京都","中央区","日本橋２丁目１３番１０号日本橋サンライズビル",,13,102,1030027,,,,,,,2015-10-05,0,,,,,"シーダブリューロジスティックス",0
279,2010001089542,12,1,2026-07-14,2018-11-26,"ＣＷ　ロジスティックス株式会社",,301,"東京都","中央区","日本橋２丁目１番３号アーバンネット日本橋二丁目ビル１０階",,13,102,1030027,,,,,,,2015-10-05,1,,,,,"シーダブリューロジスティックス",0
280,2010001207599,12,0,2026-07-14,2026-06-24,"森グリコ株式会社",,301,"東京都","中央区","月島４丁目３番１２－７０５号",,13,102,1040052,,,,,,,2020-02-20,1,,,,,"モリグリコ",0
281,2010001238917,12,0,2026-07-14,2026-07-09,"ソロエマシタ株式会社",,301,"東京都","港区","南青山４丁目２７番１号ヒルトップ南青山３０３",,13,103,1070062,,,,,,,2023-10-04,1,,,,,"ソロエマシタ",0
282,2010001260796,12,0,2026-07-14,2026-07-09,"株式会社ＳＨＩＮ‐ＳＩ",,301,"長野県","上田市","上田原９１０番地１",,20,203,3861102,,,,,,,2025-12-11,1,,,,,"シンシ",0
283,2010001265317,12,0,2026-07-14,2026-07-10,"ＪＰＡ第４０２号株式会社",,301,"東京都","港区","赤坂１丁目８番１号",,13,103,1070052,,,,,,,2026-05-15,1,,,,,"ジェイピーエーダイヨンヒャクニゴウ",0
284,2010001265325,12,0,2026-07-14,2026-07-10,"ＪＰＡ第４１０号株式会社",,301,"東京都","港区","赤坂１丁目８番１号",,13,103,1070052,,,,,,,2026-05-15,1,,,,,"ジェイピーエーダイヨンヒャクジュウゴウ",0
285,2010001265333,12,0,2026-07-14,2026-07-10,"ＪＰＡ第４１８号株式会社",,301,"東京都","港区","赤坂１丁目８番１号",,13,103,1070052,,,,,,,2026-05-15,1,,,,,"ジェイピーエーダイヨンヒャクジュウハチゴウ",0
286,2010001266942,01,0,2026-07-14,2026-07-14,"ＳＰホールディングス株式会社",,301,"東京都","中央区","日本橋３丁目１５番６号",,13,102,1030027,,,,,,,2026-07-14,1,,,,,"エスピーホールディングス",0
287,2010001267040,01,0,2026-07-14,2026-07-14,"キセキエ株式会社",,301,"東京都","中央区","銀座１丁目２２番１１号銀座大竹ビジデンス２階",,13,102,1040061,,,,,,,2026-07-14,1,,,,,"キセキエ",0
288,2010001267073,01,0,2026-07-14,2026-07-14,"株式会社Ｖｅｓｓｅｌ　Ｐａｒｔｎｅｒｓ",,301,"東京都","中央区","銀座１丁目２２番１１号銀座大竹ビジデンス２Ｆ",,13,102,1040061,,,,,,,2026-07-14,1,,,,,"ベッセルパートナーズ",0
289,2010003025280,01,1,2026-07-14,2017-05-09,"Ｒ＆Ｍ合同会社",,305,"東京都","中央区","月島１丁目５番１－４０１１号",,13,102,1040052,,,,,,,2017-05-09,1,,,,,"アールアンドエム",0
290,2010003030223,01,1,2026-07-14,2019-07-23,"合同会社ラヴィエベル",,305,"東京都","文京区","大塚２丁目１４番８号アルテシモルーナ３０２",,13,105,1120012,,,,,,,2019-07-23,0,,,,,,0
291,2010003030223,12,1,2026-07-14,2020-08-13,"合同会社ラヴィエベル",,305,"東京都","豊島区","南池袋２丁目４８－３クロスポイント南池袋１Ｆ",,13,116,1710022,,,,,,,2019-07-23,0,,,,,,0
292,2010003030223,12,1,2026-07-14,2023-08-29,"合同会社ラヴィエベル",,305,"東京都","豊島区","南池袋２丁目３２－６南池袋ビル・サンハイツ豊島１０２",,13,116,1710022,,,,,,,2019-07-23,1,,,,,,0
293,2010003037359,12,0,2026-07-14,2026-06-17,"合同会社フレア",,305,"東京都","千代田区","神田小川町３丁目１１番２号",,13,101,1010052,,,,,,,2022-03-31,1,,,,,"フレア",0
294,2010005022086,12,0,2026-07-14,2026-07-09,"一般社団法人日本自動車車体補修協会",,399,"東京都","港区","赤坂４丁目３番４号",,13,103,1070052,,,,,,,2015-10-05,1,,,,,"ニホンジドウシャシャタイホシュウキョウカイ",0
295,2010005030023,01,1,2026-07-14,2019-04-09,"一般社団法人日本かまぼこ協会",,399,"東京都","千代田区","神田佐久間町３丁目３７番地",,13,101,1010025,,,,,,,2019-04-09,1,,,,,"ニホンカマボコキョウカイ",0
296,2010005036128,21,0,2026-07-14,2026-06-26,"一般社団法人Ｇｅｍｉｎｉ２",,399,"東京都","中央区","八丁堀４丁目２番１０号ＡＯＪ税理士法人内",,13,102,1040032,,,2026-06-26,01,,,2023-01-16,1,,,,,"ジェミニツー",0
297,2010005040030,11,0,2026-07-14,2026-06-17,"公益財団法人日本科学未来財団",,399,"東京都","中央区","日本橋本町３丁目７番２号",,13,102,1030023,,,,,,,2025-05-14,1,,,,,"ニホンカガクミライザイダン",0
298,2010401013060,21,0,2026-07-14,2026-06-22,"株式会社新京自動車",,301,"東京都","港区","南麻布２丁目７番３１号",,13,103,1060047,,,2026-06-22,01,,,2015-10-05,1,,,,,"シンキョウジドウシャ",0
299,2010401043066,01,1,2026-07-14,2015-10-05,"株式会社ワイ・ジェー・ワイコーポレーション",,301,"東京都","港区","芝３丁目３番１０号",,13,103,1050014,,,,,,,2015-10-05,0,,,,,"ワイジェーワイコーポレーション",0
300,2010401043066,12,1,2026-07-14,2016-10-18,"株式会社ワイ・ジェー・ワイコーポレーション",,301,"東京都","港区","芝２丁目２９番１０号",,13,103,1050014,,,,,,,2015-10-05,1,,,,,"ワイジェーワイコーポレーション",0
301,2010401076438,01,1,2026-07-14,2015-10-05,"株式会社博報堂マグネット",,301,"東京都","中央区","銀座５丁目９番８号",,13,102,1040061,,,,,,,2015-10-05,0,,,,,"ハクホウドウマグネット",0
302,2010401076438,11,1,2026-07-14,2022-04-05,"株式会社博報堂Ｇｒａｖｉｔｙ",,301,"東京都","中央区","銀座５丁目９番８号",,13,102,1040061,,,,,,,2015-10-05,0,,,,,"ハクホウドウグラビティー",0
303,2010401076438,71,1,2026-07-14,2023-01-04,"株式会社博報堂Ｇｒａｖｉｔｙ",,301,"東京都","中央区","銀座５丁目９番８号",,13,102,1040061,,,,,,"令和５年１月１日東京都港区北青山二丁目５番８号株式会社コスモ・コミュニケーションズ（5010401010154）を合併",2015-10-05,0,,,,,"ハクホウドウグラビティー",0
304,2010401076438,12,1,2026-07-14,2023-07-05,"株式会社博報堂Ｇｒａｖｉｔｙ",,301,"東京都","千代田区","有楽町１丁目５番２号",,13,101,1000006,,,,,,,2015-10-05,1,,,,,"ハクホウドウグラビティー",0
305,2010401078161,12,0,2026-07-14,2026-07-02,"ＤＯＭＩＮＩＣ　ＶＥＲＳＡＣＥ　ＷＩＮＥ　ＢＡＲ株式会社",,301,"千葉県","松戸市","松戸１１７６番地の１３",,12,207,2710092,,,,,,,2015-10-05,1,,,,,"ドミニクベルサーチワインバー",0
306,2010401080968,01,1,2026-07-14,2015-10-05,"株式会社ＤＥＬＰＨＩ",,301,"東京都","新宿区","信濃町８番地",,13,104,1600016,,,,,,,2015-10-05,0,,,,,"デルファイ",0
307,2010401080968,12,1,2026-07-14,2016-09-06,"株式会社ＤＥＬＰＨＩ",,301,"東京都","千代田区","平河町２丁目３番１８号",,13,101,1020093,,,,,,,2015-10-05,1,,,,,"デルファイ",0
308,2010401123603,12,0,2026-07-14,2026-06-23,"株式会社ＲＯＪＩＵＲＡ",,301,"東京都","港区","六本木７丁目２０番３－３０２号",,13,103,1060032,,,,,,,2016-03-10,1,,,,,,0
309,2010401124394,01,1,2026-07-14,2016-05-02,"株式会社セレマーケット",,301,"東京都","港区","西新橋１丁目２２番５号６階",,13,103,1050003,,,,,,,2016-05-02,1,,,,,"セレマーケット",0
310,2010401126886,12,0,2026-07-14,2026-07-09,"Ｏｎｅ’ｓｌｉｆｅｌｉｎｅ株式会社",,301,"神奈川県","鎌倉市","材木座３丁目７番３号",,14,204,2480013,,,,,,,2016-09-07,1,,,,,"ワンズライフライン",0
311,2010401140714,12,0,2026-07-14,2026-06-23,"株式会社佐野企画",,301,"東京都","港区","赤坂３丁目２１番１２号陶香堂ビル５階",,13,103,1070052,,,,,,,2018-09-11,1,,,,,"サノキカク",0
312,2010401170819,21,0,2026-07-14,2026-06-22,"株式会社ｎｏｔｏｒｉｏｕｓ",,301,"東京都","港区","六本木３丁目１３番１０号六本木幸田ビル９Ｆ",,13,103,1060032,,,2026-06-22,01,,,2022-11-14,1,,,,,"ノートリアス",0
313,2010403010659,21,0,2026-07-14,2026-06-16,"合同会社ジャパンプレミアム協会",,305,"東京都","港区","虎ノ門１丁目２番８号",,13,103,1050001,,,2026-06-16,01,,,2015-10-05,1,,,,,,0
314,2010403031663,12,0,2026-07-14,2026-06-22,"合同会社Ｌａｂｙｒｉｎｔｈ",,305,"東京都","港区","東麻布３丁目４番６号ＫＴ・ＡＺＡＢＵビル３Ｆ",,13,103,1060044,,,,,,,2024-01-04,1,,,,,"ラビリンス",0
315,2010501010577,01,1,2026-07-14,2015-10-05,"株式会社日本ミシンタイムス社",,301,"東京都","台東区","台東１丁目２１番４号",,13,106,1100016,,,,,,,2015-10-05,1,,,,,"ニホンミシンタイムスシャ",0
316,2010502003877,01,1,2026-07-14,2015-10-05,"有限会社小林花環店",,302,"東京都","台東区","千束４丁目５１番１１号",,13,106,1110031,,,,,,,2015-10-05,1,,,,,"コバヤシハナワテン",0
317,2010601069539,01,0,2026-07-14,2026-07-14,"株式会社ＶＩＡＢＬＥ　ＧＬＯＢＡＬ　ＪＡＰＡＮ",,301,"東京都","江東区","大島２丁目１３番１１号",,13,108,1360072,,,,,,,2026-07-14,1,,,,,"ヴァイアブルグローバルジャパン",0
318,2010703008394,01,0,2026-07-14,2026-07-14,"合同会社集客",,305,"東京都","品川区","上大崎３丁目１４番３４号プラスワン４０１",,13,109,1410021,,,,,,,2026-07-14,1,,,,,"シュウキャク",0
319,2010801024277,12,0,2026-07-14,2026-07-09,"ポリシー・リサーチ・ユニット株式会社",,301,"神奈川県","横須賀市","日の出町３丁目２０－１テレパレス横須賀８０２",,14,201,2380006,,,,,,,2015-10-05,1,,,,,"ポリシーリサーチユニット",0
320,2010801028294,01,1,2026-07-14,2017-11-06,"株式会社Ｎ．Ｒ．Ｓ",,301,"東京都","大田区","南蒲田２丁目８番５号",,13,111,1440035,,,,,,,2017-11-06,1,,,,,"エヌアールエス",0
321,2010801032107,12,0,2026-07-14,2026-07-03,"森とまちコンサルタント株式会社",,301,"東京都","大田区","北千束１丁目４０番１８号",,13,111,1450062,,,,,,,2021-07-06,1,,,,,"モリトマチコンサルタント",0
322,2010802008353,01,1,2026-07-14,2015-10-05,"有限会社代幸建設",,302,"東京都","大田区","東馬込１丁目１番１３号",,13,111,1430022,,,,,,,2015-10-05,1,,,,,"ダイコウケンセツ",0
323,2010901021397,12,0,2026-07-14,2026-06-19,"株式会社ランブルフィッシュ",,301,"東京都","渋谷区","神泉町２０番２２号ＭＫＣ神泉ハイツ８０１",,13,113,1500045,,,,,,,2015-10-05,1,,,,,"ランブルフィッシュ",0
324,2010902003626,01,1,2026-07-14,2015-10-05,"有限会社オフィス・サン",,302,"東京都","世田谷区","北沢１丁目２３番１７号",,13,112,1550031,,,,,,,2015-10-05,1,,,,,"オフィスサン",0
325,2010903007015,12,0,2026-07-14,2026-07-01,"合同会社アルンカ",,305,"東京都","世田谷区","玉川田園調布２丁目１３番２号",,13,112,1580085,,,,,,,2021-12-15,1,,,,,"アルンカ",0
326,2011001064469,12,0,2026-07-14,2026-06-30,"ナウ・ジャパン株式会社",,301,"東京都","渋谷区","桜丘町７－１３ＲＥＶＥＲＩＥＳＨＩＢＵＹＡ１階",,13,113,1500031,,,,,,,2015-10-05,1,,,,,"ナウジャパン",0
327,2011001067133,21,0,2026-07-14,2026-07-01,"株式会社英光",,301,"東京都","渋谷区","道玄坂２丁目２３番４号",,13,113,1500043,,,2026-07-01,01,,,2015-10-05,1,,,,,"エイコウ",0
328,2011001113861,12,0,2026-07-14,2026-07-08,"ハッピーワークス株式会社",,301,"東京都","港区","虎ノ門４丁目３番１号城山トラストタワー２７階",,13,103,1050001,,,,,,,2016-12-08,1,,,,,"ハッピーワークス",0
329,2011001116303,01,1,2026-07-14,2017-05-16,"株式会社籾井事務所",00110207,301,"東京都","渋谷区","西原２丁目２５番１３－１００１号",,13,113,1510066,,,,,,,2017-05-16,1,,,,,"モミイジムショ",0
330,2011001179110,01,0,2026-07-14,2026-07-14,"株式会社ＩＭＰ",,301,"東京都","目黒区","中目黒４丁目５番２－１２０６号クレッセント中目黒",,13,110,1530061,,,,,,,2026-07-14,1,,,,,"アイエムピー",0
331,2011001179135,01,0,2026-07-14,2026-07-14,"株式会社３プラスＯＮＥ",,301,"東京都","渋谷区","広尾５丁目１４番２号",,13,113,1500012,,,,,,,2026-07-14,1,,,,,"スリープラスワン",0
332,2011003019000,12,0,2026-07-14,2026-07-10,"カミーズ株式会社",,301,"新潟県","新潟市中央区","西大畑町５１９１番地１４",,15,103,9518104,,,,,,,2024-05-07,1,,,,,"カミーズ",0
333,2011003021600,12,0,2026-07-14,2026-07-02,"株式会社ユニエステート",,301,"岐阜県","多治見市","太平町２丁目２３番地１－５号室",,21,204,5070041,,,,,,,2025-05-23,1,,,,,"ユニエステート",0
334,2011003024842,01,0,2026-07-14,2026-07-14,"Ｓｕｒｈｏｍｍｅ　Ｗｏｒｋｓ合同会社",,305,"東京都","渋谷区","千駄ヶ谷２丁目３４番地５号ハイツＳＫＥ１０２",,13,113,1510051,,,,,,,2026-07-14,1,,,,,"シュルオムワークス",0
335,2011003024850,01,0,2026-07-14,2026-07-14,"合同会社エコライナ",,305,"東京都","渋谷区","神南１丁目１１番４号ＦＰＧリンクス神南５階",,13,113,1500041,,,,,,,2026-07-14,1,,,,,"エコライナ",0
336,2011101116715,01,0,2026-07-14,2026-07-14,"株式会社ＬＯＲＥ",,301,"東京都","新宿区","新宿６丁目２８番１２号ＤＳ新宿ビル７Ｆ",,13,104,1600022,,,,,,,2026-07-14,1,,,,,"ロア",0
337,2011103013869,12,0,2026-07-14,2026-07-10,"合同会社Ｆｉｒｓｔ",,305,"鹿児島県","鹿屋市","寿４丁目１４番１５号メルシーＫ３０２室",,46,203,8930014,,,,,,,2023-12-19,1,,,,,"ファースト",0
338,2011103014322,12,0,2026-07-14,2026-07-10,"合同会社Ｂｕｎｋｉｃｈｉ",,305,"東京都","杉並区","西荻北３丁目３０番１４号",,13,115,1670042,,,,,,,2024-04-12,1,,,,,"ブンキチ",0
339,2011301016681,01,1,2026-07-14,2015-10-05,"株式会社ｂｌａｎｃ",,301,"東京都","杉並区","和泉４丁目１７番１２号",,13,115,1680063,,,,,,,2015-10-05,0,,,,,"ブラン",0
340,2011301016681,12,0,2026-07-14,2026-07-10,"株式会社ｂｌａｎｃ",,301,"東京都","練馬区","石神井町７丁目３１番２号－３",,13,120,1770041,,,,,,,2015-10-05,1,,,,,"ブラン",0
341,2011303006045,01,0,2026-07-14,2026-07-14,"Ｍａｒｉｍｏ合同会社",,305,"東京都","杉並区","高円寺北３丁目２番１６号第２日興ビル３０６",,13,115,1660002,,,,,,,2026-07-14,1,,,,,,0
342,2011401027307,21,0,2026-07-14,2026-07-07,"Ａｙａｙａ株式会社",,301,"東京都","板橋区","仲宿６３番７号ＯＥＯｆｆｉｃｅＢｌｄｇ．１１２号",,13,119,1730005,,,2026-07-07,01,,,2025-08-14,1,,,,,"アヤヤ",0
343,2011402007555,01,1,2026-07-14,2015-10-05,"有限会社平下商店",,302,"東京都","板橋区","大山金井町１９番９号",,13,119,1730024,,,,,,,2015-10-05,1,,,,,"ヒラシタショウテン",0
344,2011501031968,21,0,2026-07-14,2026-07-07,"民涵株式会社",,301,"東京都","荒川区","町屋３丁目１８－１２ＮＤビル２０２",,13,118,1160001,,,2026-07-07,01,,,2025-04-22,1,,,,,"ミンカン",0
345,2011501032090,12,0,2026-07-14,2026-07-10,"迅商株式会社",,301,"東京都","豊島区","南池袋３丁目９番５－６１１号",,13,116,1710022,,,,,,,2025-05-23,1,,,,,"シュンショウ",0
346,2011505002536,12,0,2026-07-14,2026-07-13,"一般社団法人多幸会",,399,"東京都","北区","滝野川７丁目５－５",,13,117,1140023,,,,,,,2023-03-07,1,,,,,"タコウカイ",0
347,2011505002585,12,0,2026-07-14,2026-07-09,"一般社団法人プラポ倶楽部",,399,"東京都","港区","赤坂６丁目３－８ダイアパレス赤坂７０３",,13,103,1070052,,,,,,,2023-10-18,1,,,,,"プラポクラブ",0
348,2011601019260,12,0,2026-07-14,2026-07-08,"ＨＦＷ株式会社",,301,"東京都","練馬区","大泉町５丁目３１番１６号",,13,120,1780062,,,,,,,2015-10-05,1,,,,,"エイチエフダブリュ",0
349,2011602023674,01,1,2026-07-14,2015-10-05,"有限会社ポライト",,302,"東京都","練馬区","田柄４丁目３２番４－２０４号",,13,120,1790073,,,,,,,2015-10-05,0,,,,,"ポライト",0
350,2011602023674,12,1,2026-07-14,2026-07-08,"有限会社ポライト",,302,"東京都","練馬区","大泉町５丁目２５番地３号",,13,120,1780062,,,,,,,2015-10-05,1,,,,,"ポライト",0
351,2011801018608,01,1,2026-07-14,2015-10-05,"株式会社Ａ　ＨｏｔＤｏｃｕｍｅｎｔ",,301,"東京都","葛飾区","新小岩１丁目５６番９号",,13,122,1240024,,,,,,,2015-10-05,1,,,,,"アホットドキュメント",0
352,2011803007518,01,0,2026-07-14,2026-07-14,"合同会社ＳＫ",,305,"東京都","足立区","竹の塚２丁目３２番１０号トーキョーベータ竹ノ塚１４－１０５",00144281,13,121,1210813,,,,,,,2026-07-14,1,,,,,"エスケイ",0
353,2012301014766,12,0,2026-07-14,2026-07-10,"株式会社ピースライフ",,301,"東京都","町田市","小川２丁目２５番地１３",,13,209,1940003,,,,,,,2026-03-23,1,,,,,"ピースライフ",0
354,2012301014923,01,0,2026-07-14,2026-07-14,"株式会社町田電工",,301,"東京都","町田市","木曽西１丁目２番７号",,13,209,1940037,,,,,,,2026-07-14,1,,,,,"マチダデンコウ",0
355,2012305002180,01,0,2026-07-14,2026-07-14,"一般社団法人地域みらいメディカルパートナーズ",,399,"東京都","町田市","原町田３丁目２番２号第２タストンビル５Ｆ",,13,209,1940013,,,,,,,2026-07-14,1,,,,,"チイキミライメディカルパートナーズ",0
356,2012803004125,01,0,2026-07-14,2026-07-14,"トリニティ合同会社",,305,"東京都","国分寺市","西恋ヶ窪４丁目１４番２０号",,13,214,1850013,,,,,,,2026-07-14,1,,,,,"トリニティ",0
357,2012803004141,01,0,2026-07-14,2026-07-14,"７ＴＲＡＤＥ合同会社",,305,"東京都","日野市","旭が丘１丁目９番地の１３",,13,212,1910065,,,,,,,2026-07-14,1,,,,,"ナナトレード",0
358,2013201018221,12,0,2026-07-14,2026-07-09,"Ｔａｔ　Ｔｕｎ　Ａｕｎｇ株式会社",,301,"東京都","板橋区","赤塚７丁目１１－１２－２０１",,13,119,1750092,,,,,,,2015-10-05,1,,,,,"テットンアウン",0
359,2013301021884,01,1,2026-07-14,2015-10-05,"株式会社アンビション",,301,"東京都","豊島区","東池袋３丁目４－３",,13,116,1700013,,,,,,,2015-10-05,0,,,,,"アンビション",0
360,2013301021884,71,1,2026-07-14,2019-03-01,"株式会社アンビション",,301,"東京都","豊島区","東池袋３丁目４－３",,13,116,1700013,,,,,,"平成３１年３月１日大阪市中央区南久宝寺町二丁目６番７号株式会社遊ネット（3120001107291）を合併",2015-10-05,0,,,,,"アンビション",0
361,2013301021884,12,1,2026-07-14,2025-12-09,"株式会社アンビション",,301,"東京都","豊島区","北大塚３丁目１０－４",,13,116,1700004,,,,,,,2015-10-05,1,,,,,"アンビション",0
362,2013301056278,12,0,2026-07-14,2026-07-08,"株式会社Ｆ",,301,"沖縄県","浦添市","西原４丁目３７番５－２号Ｅ＆ｂｅｌｉｖｉｎｇ１０２",,47,208,9012101,,,,,,,2026-06-04,1,,,,,"エフ",0
363,2013305000538,01,1,2026-07-14,2015-10-05,"日個連東京都営業協同組合",,399,"東京都","豊島区","南大塚１丁目２番１２号",,13,116,1700005,,,,,,,2015-10-05,1,,,,,,0
364,2020001055700,11,0,2026-07-14,2026-07-09,"ＤＯＪＯ　Ｐｌｕｓ株式会社",,301,"神奈川県","横浜市港南区","丸山台３丁目１８番６号",,14,111,2330013,,,,,,,2015-10-05,1,,,,,"ドージョープラス",0
365,2020001162380,12,0,2026-07-14,2026-07-10,"株式会社アールエッジ",,301,"東京都","品川区","上大崎３丁目１４番３４号プラスワン４０２",,13,109,1410021,,,,,,,2025-04-17,1,,,,,"アールエッジ",0
366,2020001169509,01,0,2026-07-14,2026-07-14,"株式会社ＤＯＮホールディングス",,301,"神奈川県","横浜市保土ケ谷区","西谷２丁目２－１３",,14,106,2400054,,,,,,,2026-07-14,1,,,,,"ドンホールディングス",0
367,2020001169525,01,0,2026-07-14,2026-07-14,"株式会社ＳＵＩ",,301,"神奈川県","横浜市鶴見区","東寺尾１丁目３９番３号",,14,101,2300077,,,,,,,2026-07-14,1,,,,,"スイ",0
368,2020001169533,01,0,2026-07-14,2026-07-14,"シグマ企画株式会社",,301,"神奈川県","横浜市都筑区","北山田２丁目７番１４号Ｃ－２",,14,118,2240021,,,,,,,2026-07-14,1,,,,,"シグマキカウ",0
369,2020002073734,01,1,2026-07-14,2015-10-05,"有限会社モリワケ一級建築士事務所",,302,"神奈川県","横浜市港南区","港南台７丁目１１番８号",,14,111,2340054,,,,,,,2015-10-05,0,,,,,"モリワケイッキュウケンチクシジムショ",0
370,2020002073734,21,0,2026-07-14,2026-06-18,"有限会社モリワケ一級建築士事務所",,302,"神奈川県","横浜市港南区","港南台７丁目１１番８号",,14,111,2340054,,,2026-06-18,01,,,2015-10-05,1,,,,,"モリワケイッキュウケンチクシジムショ",0
371,2020003031369,01,0,2026-07-14,2026-07-14,"合同会社Ｅｎマルシェ",,305,"神奈川県","横浜市鶴見区","栄町通３丁目３４番地１４",,14,101,2300038,,,,,,,2026-07-14,1,,,,,"エンマルシェ",0
372,2020003031419,01,0,2026-07-14,2026-07-14,"合同会社ひじき",,305,"神奈川県","横浜市保土ケ谷区","和田２丁目５－１３",,14,106,2400065,,,,,,,2026-07-14,1,,,,,"ヒジキ",0
373,2020003031427,01,0,2026-07-14,2026-07-14,"汐風不動産合同会社",,305,"神奈川県","横浜市青葉区","たちばな台１丁目１番地２２",,14,117,2270046,,,,,,,2026-07-14,1,,,,,"シオカゼフドウサン",0
374,2020003031451,01,0,2026-07-14,2026-07-14,"ＳＨＩＮＲＡＩ合同会社",,305,"神奈川県","横浜市鶴見区","下野谷町３丁目１０２番地５",,14,101,2300047,,,,,,,2026-07-14,1,,,,,"シンライ",0
375,2020003031476,01,0,2026-07-14,2026-07-14,"合同会社ナウリッジ",,305,"神奈川県","横浜市神奈川区","金港町５－１４クアドリフォリオ８階",,14,102,2210056,,,,,,,2026-07-14,1,,,,,"ナウリッジ",0
376,2021001020330,21,0,2026-07-14,2026-06-19,"パウダル科学株式会社",,301,"神奈川県","厚木市","金田字走落１１３１番地１",,14,212,2430807,,,2026-06-19,01,,,2015-10-05,1,,,,,,0
377,2021001027565,01,1,2026-07-14,2015-10-05,"新菅田工業株式会社",,301,"神奈川県","綾瀬市","深谷上８丁目１８番１号",,14,218,2521108,,,,,,,2015-10-05,1,,,,,"シンスゲタコウギョウ",0
378,2021001047877,12,0,2026-07-14,2026-07-10,"サンビュー株式会社",,301,"東京都","世田谷区","等々力６丁目４０番１０－８０１号",,13,112,1580082,,,,,,,2015-10-05,1,,,,,"サンビュー",0
379,2021001082197,11,0,2026-07-14,2026-07-08,"トータルコンサルティング株式会社",,301,"神奈川県","中郡二宮町","百合が丘１丁目１３番５号",,14,342,2590133,,,,,,,2024-05-14,1,,,,,"トータルコンサルティング",0
380,2021001088640,01,0,2026-07-14,2026-07-14,"株式会社マルタデンキ",,301,"神奈川県","相模原市中央区","上溝２５３１番地１７",,14,152,2520243,,,,,,,2026-07-14,1,,,,,"マルタデンキ",0
381,2021002064161,01,1,2026-07-14,2015-10-05,"有限会社弘友産業",,302,"神奈川県","横須賀市","神明町１００３番地３４",,14,201,2390832,,,,,,,2015-10-05,1,,,,,"コウユウサンギョウ",0
382,2030001013054,11,0,2026-07-14,2026-06-29,"八光産業株式会社",,301,"埼玉県","さいたま市見沼区","大字大谷１９１３番地５",,11,104,3370014,,,,,,,2015-10-05,1,,,,,"ハッコウセキユ",0
383,2030001031634,01,1,2026-07-14,2015-10-05,"清美不動産販売株式会社",,301,"埼玉県","久喜市","久喜中央２丁目４番２２号",,11,232,3460003,,,,,,,2015-10-05,1,,,,,"キヨミフドウサンハンバイ",0
384,2030001071028,01,1,2026-07-14,2015-10-05,"株式会社ペッカー精工",,301,"埼玉県","東松山市","大字新郷８８番地３４",,11,212,3550071,,,,,,,2015-10-05,1,,,,,"ペッカーセイコウ",0
385,2030001088559,01,1,2026-07-14,2015-10-05,"サゴカ株式会社",,301,"埼玉県","深谷市","櫛引２２９番地",00015538,11,218,3660815,,,,,,,2015-10-05,1,,,,,"サゴカ",0
386,2030001103086,12,0,2026-07-14,2026-07-09,"鴻信株式会社",,301,"東京都","板橋区","三園１丁目５番４号ブラザ・ドゥ・マリーＡ棟１０７号室",,13,119,1750091,,,,,,,2015-10-05,1,,,,,"コウシン",0
387,2030001146317,12,0,2026-07-14,2026-06-30,"株式会社ＳＧＷｏｒｋ",,301,"埼玉県","さいたま市大宮区","三橋２丁目８４８－２",,11,103,3300856,,,,,,,2022-01-14,1,,,,,"エスジーワーク",0
388,2030001173212,01,0,2026-07-14,2026-07-14,"株式会社Ｒｅｅｌ",,301,"埼玉県","さいたま市南区","根岸２丁目８番３号",,11,108,3360024,,,,,,,2026-07-14,1,,,,,"リール",0
389,2030001173261,01,0,2026-07-14,2026-07-14,"株式会社テラ・クオン",,301,"埼玉県","さいたま市中央区","新中里５丁目１５番７－８０４号",,11,105,3380011,,,,,,,2026-07-14,1,,,,,"テラクオン",0
390,2030002052398,01,1,2026-07-14,2015-10-05,"有限会社麻布自動車観光",,302,"埼玉県","八潮市","大字鶴ケ曽根２００番地",,11,234,3400802,,,,,,,2015-10-05,1,,,,,"アザブジドウシャカンコウ",0
391,2030002102178,21,0,2026-07-14,2026-06-30,"有限会社栗田機械製作所",,302,"埼玉県","川口市","川口２丁目８番１３号",,11,203,3320015,,,2026-06-30,01,,,2015-10-05,1,,,,,"クリタキカイセイサクショ",0
392,2030003011304,01,1,2026-07-14,2018-01-11,"合同会社Ｈ．Ｋ　ＭＯＴＯＲＳ",,305,"埼玉県","比企郡吉見町","大字南吉見２０００番地２６",,11,347,3550154,,,,,,,2018-01-11,1,,,,,"エイチケイモータース",0
393,2030003029643,01,0,2026-07-14,2026-07-14,"合同会社縁絲",,305,"埼玉県","上尾市","大字原市３５２５番地１フジハイム１０１号室",,11,219,3620021,,,,,,,2026-07-14,1,,,,,"エニイ",0
394,2030005013158,01,1,2026-07-14,2015-10-05,"観照院",,399,"埼玉県","熊谷市","久保島１７６２番地",,11,202,3600831,,,,,,,2015-10-05,1,,,,,"カンショウイン",0
395,2040001071547,21,0,2026-07-14,2026-06-30,"宮崎鋼圧株式会社",,301,"埼玉県","さいたま市緑区","太田窪３丁目７番１１号",,11,109,3360936,,,2026-06-30,01,,,2015-10-05,1,,,,,"ミヤザキコウアツ",0
396,2040001098912,01,1,2026-07-14,2017-02-21,"株式会社大松",,301,"千葉県","大網白里市","みどりが丘４丁目１４番地１",,12,239,2993255,,,,,,,2017-02-21,0,,,,,"ダイショウ",0
397,2040001098912,12,1,2026-07-14,2026-07-01,"株式会社大松",,301,"千葉県","大網白里市","大網７４９番地１",,12,239,2993251,,,,,,,2017-02-21,1,,,,,"ダイショウ",0
398,2040001144195,01,0,2026-07-14,2026-07-14,"Ｖｉｒｔｕａｌ　Ｖｉｌｌａｇｅ株式会社",,301,"千葉県","市原市","ちはら台東７丁目１１－８３",,12,219,2900141,,,,,,,2026-07-14,1,,,,,"バーチャルビレッジ",0
399,2040001144492,01,0,2026-07-14,2026-07-14,"ＴＲＹＢＥ株式会社",,301,"千葉県","八千代市","麦丸１３９５番地２９",,12,221,2760041,,,,,,,2026-07-14,1,,,,,"トライブ",0
400,2040001144526,01,0,2026-07-14,2026-07-14,"株式会社Ｙ‐プランニング",,301,"千葉県","八千代市","緑が丘西５丁目８番地４ミルティーユＡ２号室",,12,221,2760040,,,,,,,2026-07-14,1,,,,,"ワイプランニング",0
401,2040001144542,01,0,2026-07-14,2026-07-14,"株式会社響美装",,301,"千葉県","千葉市緑区","おゆみ野中央７丁目２４番地１６",,12,105,2660032,,,,,,,2026-07-14,1,,,,,"ヒビキビソウ",0
402,2040001144550,01,0,2026-07-14,2026-07-14,"南房総エナジー株式会社",,301,"千葉県","南房総市","平久里中１４１０番地１",,12,234,2992204,,,,,,,2026-07-14,1,,,,,"ミナミボウソウエナジー",0
403,2040002075976,01,1,2026-07-14,2015-10-05,"有限会社糸村産業",,302,"千葉県","市原市","国分寺台中央４丁目９番地１９トップヒル",,12,219,2900073,,,,,,,2015-10-05,1,,,,,"イトムラサンギョウ",0
404,2040002076140,12,0,2026-07-14,2026-07-01,"田園住通有限会社",,302,"千葉県","市原市","国分寺台中央１丁目７番地４",,12,219,2900073,,,,,,,2015-10-05,1,,,,,"デンエンジュウツウ",0
405,2040002095355,01,1,2026-07-14,2015-10-05,"有限会社ＮＥＯシステム外装",,302,"千葉県","柏市","南逆井５丁目１３番１号",,12,217,2770043,,,,,,,2015-10-05,1,,,,,"ネオシステムガイソウ",0
406,2040002101286,12,0,2026-07-14,2026-07-10,"有限会社下田興業",,302,"東京都","千代田区","神田須田町１丁目７番８号ＶＯＲＴ秋葉原ＩＶ２Ｆ",00144287,13,101,1010041,,,,,,,2015-10-05,1,,,,,"シモダコウギョウ",0
407,2040003030336,01,0,2026-07-14,2026-07-14,"合同会社ｏｈａｎａ",,305,"千葉県","長生郡長生村","岩沼５７番地６",,12,423,2994336,,,,,,,2026-07-14,1,,,,,"オハナ",0
408,2040003030352,01,0,2026-07-14,2026-07-14,"前栄キャピタル合同会社",,305,"千葉県","千葉市稲毛区","天台１丁目１８番１５号",,12,103,2630016,,,,,,,2026-07-14,1,,,,,"ゼンエイキャピタル",0
409,2040003030377,01,0,2026-07-14,2026-07-14,"合同会社スーパーカイロ",,305,"千葉県","八千代市","緑が丘西４丁目１番地５ＧＲＥＥＮＧＡＢＬＥＳＢ棟３０１",,12,221,2760040,,,,,,,2026-07-14,1,,,,,"スーパーカイロ",0
410,2050001006989,01,1,2026-07-14,2015-10-05,"株式会社日本アクシス",,301,"茨城県","ひたちなか市","外野２丁目１３番８号",,08,221,3120053,,,,,,,2015-10-05,0,,,,,"ニホンアクシス",0
411,2050001006989,12,1,2026-07-14,2023-11-01,"株式会社日本アクシス",,301,"茨城県","ひたちなか市","新光町３８番地",,08,221,3120005,,,,,,,2015-10-05,1,,,,,"ニホンアクシス",0
412,2050001058683,01,0,2026-07-14,2026-07-14,"三幸運送株式会社",,301,"茨城県","坂東市","逆井１４９４番地５",,08,228,3060501,,,,,,,2026-07-14,1,,,,,,0
413,2050002034865,01,1,2026-07-14,2015-10-05,"有限会社ヨシタカ",,302,"宮城県","石巻市","千石町４－４３",,04,202,9860827,,,,,,,2015-10-05,0,,,,,"ヨシタカ",0
414,2050002034865,12,1,2026-07-14,2016-07-12,"有限会社ヨシタカ",,302,"茨城県","龍ケ崎市","城ノ内３丁目１５番地３",,08,208,3010847,,,,,,,2015-10-05,0,,,,,"ヨシタカ",0
415,2050002034865,12,0,2026-07-14,2026-07-09,"有限会社ヨシタカ",,302,"石川県","珠洲市","野々江町ワ部６６番１－１０２",,17,205,9271213,,,,,,,2015-10-05,1,,,,,"ヨシタカ",0
416,2050005008965,01,1,2026-07-14,2015-10-05,"西光寺",,399,"茨城県","牛久市","正直町１１５５番地",,08,219,3001285,,,,,,,2015-10-05,1,,,,,"サイコウジ",0
417,2060002006500,12,0,2026-07-14,2026-07-07,"有限会社栃木工具店",,302,"栃木県","宇都宮市","海道町８２３番地２",,09,201,3210971,,,,,,,2015-10-05,1,,,,,"トチギコウグテン",0
418,2060002032083,21,0,2026-07-14,2026-07-07,"有限会社秀和アルラス",,302,"栃木県","栃木市","錦町１４番１３号",,09,203,3280017,,,2026-07-07,01,,,2015-10-05,1,,,,,"シュウワアルラス",0
419,2060002035623,01,1,2026-07-14,2015-10-05,"有限会社大熊薬局",,302,"栃木県","足利市","通３丁目２７７０番地",,09,202,3260814,,,,,,,2015-10-05,1,,,,,"オオクマヤッキョク",0
420,2060003006144,01,0,2026-07-14,2026-07-14,"合同会社エミナ縁コーポレーション",,305,"栃木県","矢板市","中２０１７番地４－２０４号",,09,211,3292135,,,,,,,2026-07-14,1,,,,,"エミナエンコーポレーション",0
421,2070001012366,01,1,2026-07-14,2015-10-05,"株式会社笠原工務店",,301,"群馬県","藤岡市","下栗須３４６番地の１",,10,209,3750014,,,,,,,2015-10-05,1,,,,,"カサハラコウムテン",0
422,2070001040805,12,0,2026-07-14,2026-07-03,"ＧＭＴ　ＢＲＩＧＨＴ株式会社",,301,"群馬県","邑楽郡明和町","斗合田３９６番地１",,10,522,3700704,,,,,,,2023-09-04,1,,,,,"ジーエムティブライト",0
423,2070003002563,01,1,2026-07-14,2016-01-19,"やまざき合同会社",,305,"群馬県","高崎市","あら町１５７番地",,10,202,3700831,,,,,,,2016-01-19,1,,,,,"ヤマザキ",0
424,2080003002991,12,0,2026-07-14,2026-07-08,"合同会社すてきな仲間",,305,"静岡県","静岡市葵区","昭府１丁目１９番３５号",,22,101,4200871,,,,,,,2023-06-02,1,,,,,"ステキナナカマ",0
425,2080003003734,01,0,2026-07-14,2026-07-14,"合同会社ＬＯＫＡＨＩ",,305,"静岡県","静岡市清水区","蒲原小金３７９番地",,22,103,4213212,,,,,,,2026-07-14,1,,,,,"ロカヒ",0
426,2080401002164,12,0,2026-07-14,2026-07-01,"株式会社シーズ静岡",,301,"静岡県","浜松市中央区","佐浜町１８９３番地",,22,138,4311114,,,,,,,2015-10-05,1,,,,,"シーズシズオカ",0
427,2080401013277,21,0,2026-07-14,2026-07-03,"株式会社ＲＡＹ　Ｇａｒｄｅｎ",,301,"愛知県","岡崎市","稲熊町字２丁目７２番地５",,23,202,4440071,,,2026-07-03,01,,,2015-10-05,1,,,,,"レイガーデン",0
428,2080403002476,11,0,2026-07-14,2026-07-01,"株式会社八木",,301,"静岡県","磐田市","福田中島２１４番地",,22,211,4371204,,,,,,,2015-10-05,1,,,,,"ヤギ",0
429,2100001020456,12,0,2026-07-14,2026-07-09,"Ｓ．Ｎ．Ｃｓｅｒｖｉｃｅ株式会社",,301,"長野県","諏訪郡下諏訪町","西豊６１２３番地７",,20,361,3930035,,,,,,,2015-10-05,1,,,,,"エスエヌシーサービス",0
430,2100001027708,01,1,2026-07-14,2015-10-05,"株式会社フィールドプランナー",,301,"長野県","松本市","大字寿豊丘７０８番地２",,20,202,3990021,,,,,,,2015-10-05,1,,,,,"フィールドプランナー",0
431,2100001030595,01,1,2026-07-14,2017-09-12,"株式会社ウチカワ",,301,"長野県","松本市","大字笹賀５７８９番地",,20,202,3990033,,,,,,,2017-09-12,1,,,,,"ウチカワ",0
432,2100003007988,12,0,2026-07-14,2026-07-08,"ＭＳＳ　ＮＩＨＯＮ　ＳＨＯＫＡＩ合同会社",,305,"長野県","佐久市","中込１１０４－２",,20,217,3850051,,,,,,,2025-02-18,1,,,,,"エムエスエスニホンショウカイ",0
433,2110003004076,21,0,2026-07-14,2026-07-01,"合同会社まちづくりアシスト事業",,305,"新潟県","長岡市","城内町３丁目８番地２５蒼紫ビル",,15,202,9400061,,,2026-07-01,01,,,2019-12-25,1,,,,,"マチヅクリアシストジギョウ",0
434,2120001065012,12,0,2026-07-14,2026-07-09,"株式会社渋谷",,301,"大阪府","大阪市北区","本庄東２丁目４番１－１０１６号",,27,127,5310074,,,,,,,2015-10-05,1,,,,,"シブヤ",1
435,2120001116384,11,0,2026-07-14,2026-07-07,"ＷａｎｄｅＲ　Ｓｔｕｄｉｏ株式会社",,301,"大阪府","大阪市西区","京町堀１丁目８番２６号",,27,106,5500003,,,,,,,2015-10-05,1,,,,,"ワンダースタジオ",0
436,2120001206251,01,1,2026-07-14,2017-06-06,"株式会社ホームプラス",,301,"大阪府","大阪市住吉区","長居１丁目５番１０号",,27,120,5580003,,,,,,,2017-06-06,0,,,,,"ホームプラス",0
437,2120001206251,12,1,2026-07-14,2026-07-10,"株式会社ホームプラス",,301,"大阪府","大阪市阿倍野区","西田辺町２丁目３番２１号レクシア鶴ヶ丘９０２号",,27,119,5450014,,,,,,,2017-06-06,1,,,,,"ホームプラス",0
438,2120001224526,21,0,2026-07-14,2026-07-10,"ＧＷ大阪株式会社",,301,"大阪府","守口市","橋波西之町３丁目１番１５号",,27,209,5700039,,,2026-07-10,01,,,2019-10-17,1,,,,,"ジーダブルオオサカ",0
439,2120001280610,01,1,2026-07-14,2025-10-06,"熱丞株式会社",,301,"大阪府","大阪市東住吉区","中野４丁目１番１６号リベラルオリエンテ中野２０８Ａ",,27,121,5460012,,,,,,,2025-10-06,0,,,,,"ネツジョウ",0
440,2120001280610,21,0,2026-07-14,2026-07-08,"熱丞株式会社",,301,"大阪府","大阪市東住吉区","中野４丁目１番１６号リベラルオリエンテ中野２０８Ａ",,27,121,5460012,,,2026-07-08,01,,,2025-10-06,1,,,,,"ネツジョウ",0
441,2120001281022,21,0,2026-07-14,2026-07-08,"三迅科技株式会社",,301,"大阪府","大阪市東住吉区","中野４丁目１番１６号サラオリエンテ中野８１１Ａ",,27,121,5460012,,,2026-07-08,01,,,2025-10-17,1,,,,,"サンジンカギ",0
442,2120001281501,11,0,2026-07-14,2026-07-07,"株式会社芳縁会",,301,"大阪府","大阪市生野区","桃谷４丁目４番３号",,27,116,5440034,,,,,,,2025-10-28,1,,,,,"ホウエンカイ",0
443,2120001287696,01,0,2026-07-14,2026-07-14,"ＡＰＯＬＬＯ　ＩＮＶＥＳＴＭＥＮＴ株式会社",,301,"大阪府","大阪市中央区","南本町４丁目３番１６－３５０３号",,27,128,5410054,,,,,,,2026-07-14,1,,,,,"アポロインベストメント",0
444,2120001287762,01,0,2026-07-14,2026-07-14,"株式会社ＳＴＮ通信",,301,"大阪府","大阪市鶴見区","諸口４丁目１３番８号",,27,124,5380051,,,,,,,2026-07-14,1,,,,,"エスティーエヌツウシン",0
445,2120001287779,01,0,2026-07-14,2026-07-14,"株式会社ＲＣＮ",,301,"大阪府","大阪市淀川区","西宮原２丁目５番３１－３０４号",,27,123,5320004,,,,,,,2026-07-14,1,,,,,"アールシーエヌ",0
446,2120001287853,01,0,2026-07-14,2026-07-14,"株式会社ルアナ",,301,"大阪府","大阪市中央区","大手前１丁目３－５９",,27,128,5400008,,,,,,,2026-07-14,1,,,,,"ルアナ",0
447,2120002002138,01,1,2026-07-14,2015-10-05,"有限会社タカス商事",,302,"大阪府","大阪市西成区","橘１丁目１２番２２号",,27,122,5570051,,,,,,,2015-10-05,1,,,,,"タカスショウジ",0
448,2120002008390,01,1,2026-07-14,2015-10-05,"有限会社田村塗装",,302,"大阪府","大阪市城東区","鴫野西１丁目１２番３号",,27,118,5360014,,,,,,,2015-10-05,1,,,,,"タムラトソウ",0
449,2120002048040,21,0,2026-07-14,2026-07-03,"株式会社ワカタ製作所",,301,"大阪府","大阪市西淀川区","御幣島５丁目１１番２７号",,27,113,5550012,,,2026-07-03,01,,,2015-10-05,1,,,,,"ワカタセイサクショ",0
450,2120002080530,12,0,2026-07-14,2026-07-03,"有限会社関西ソーラーサービス",,302,"大阪府","大阪市北区","梅田１丁目２番２号大阪駅前第２ビル１２－１２",,27,127,5300001,,,,,,,2015-10-05,1,,,,,,0
451,2120003012516,12,0,2026-07-14,2026-07-03,"合同会社ＪＣＭ",,305,"大阪府","大阪市中央区","玉造２丁目２７－２８稲垣ビル１－２Ｆ",,27,128,5400004,,,,,,,2017-02-28,1,,,,,"ジェーシーエム",0
452,2120003031160,21,0,2026-07-14,2026-07-03,"合同会社ケアサポートまつり",,305,"大阪府","大阪市鶴見区","安田３丁目５番５号",,27,124,5380032,,,2026-07-03,01,,,2025-11-05,1,,,,,"ケアサポートマツリ",0
453,2120003033082,01,0,2026-07-14,2026-07-14,"虎指淡々合同会社",,305,"大阪府","大阪市生野区","勝山北５丁目１６‐４",,27,116,5440033,,,,,,,2026-07-14,1,,,,,"コシタンタン",0
454,2120103004792,12,0,2026-07-14,2026-07-07,"合同会社鈴蘭ケアプラン叶",,305,"大阪府","堺市南区","高倉台２丁２番２－３０２号",,27,145,5900117,,,,,,,2022-07-25,1,,,,,"スズランケアプランカナ",0
455,2120105009864,12,0,2026-07-14,2026-07-08,"一般社団法人Ｗ‐ＫＩＮＤ",,399,"大阪府","泉大津市","東豊中町３丁目１４番１４号ネオコスモ８８－２０６号室",,27,206,5950021,,,,,,,2024-06-04,1,,,,,"ダブルカインド",0
456,2120901030726,21,0,2026-07-14,2026-07-03,"株式会社シグナルエンタープライズ",,301,"大阪府","高槻市","八幡町３番２５号",,27,207,5690051,,,2026-07-03,01,,,2015-10-05,1,,,,,"シグナルエンタープライズ",0
457,2122001028873,12,0,2026-07-14,2026-07-08,"華＿商事株式会社",00103241,301,"大阪府","東大阪市","西岩田４丁目１番６号",,27,227,5780947,,,,,,,2015-10-05,1,,,,,"カシンショウジ",0
458,2130001082683,01,0,2026-07-14,2026-07-14,"ＰＬＵＧ株式会社",,301,"京都府","宇治市","宇治壱番１４２番地の３",,26,204,6110021,,,,,,,2026-07-14,1,,,,,"プラグ",0
459,2130002002715,01,1,2026-07-14,2015-10-05,"有限会社仁木電工",,302,"京都府","京都市上京区","浄福寺通丸太町下る主税町１１２３番地",,26,102,6028155,,,,,,,2015-10-05,1,,,,,"ニキデンコウ",0
460,2130002031012,01,1,2026-07-14,2015-10-05,"有限会社新田辺住宅",,302,"京都府","京田辺市","東西神屋４４番地９",,26,211,6100362,,,,,,,2015-10-05,0,,,,,"シンタナベジュウタク",0
461,2130002031012,21,0,2026-07-14,2026-07-09,"有限会社新田辺住宅",,302,"京都府","京田辺市","東西神屋４４番地９",,26,211,6100362,,,2026-07-09,01,,,2015-10-05,1,,,,,"シンタナベジュウタク",0
462,2130005015912,21,0,2026-07-14,2026-06-25,"一般社団法人テラヘルツ温療研究会",,399,"京都府","京都市右京区","太秦面影町１２番地９３",,26,108,6168153,,,2026-06-25,01,,,2020-06-05,1,,,,,"テラヘルツオンリョウケンキュウカイ",0
463,2140001059152,12,0,2026-07-14,2026-07-03,"株式会社サンユー",,301,"兵庫県","姫路市","五軒邸１丁目８０番地",,28,201,6700854,,,,,,,2015-10-05,1,,,,,"サンユー",0
464,2140001089513,12,0,2026-07-14,2026-07-09,"ヘップエスピーブイ３ジャパン株式会社",,301,"東京都","港区","浜松町２丁目１０番６号",,13,103,1050013,,,,,,,2015-10-05,1,,,,,"ヘップエスピーブイサンジャパン",0
465,2140001113792,12,0,2026-07-14,2026-07-09,"ヘップエスピーブイ１６ジャパン株式会社",,301,"東京都","港区","浜松町２丁目１０番６号",,13,103,1050013,,,,,,,2019-05-29,1,,,,,"ヘップエスピーブイジュウロクジャパン",0
466,2140001131852,12,0,2026-07-14,2026-07-07,"株式会社稲垣サービス",,301,"兵庫県","明石市","松が丘１丁目１２番１号コリーヌＩＩ",00144285,28,203,6730862,,,,,,,2023-10-04,1,,,,,"イナガキサービス",0
467,2140001136513,12,0,2026-07-14,2026-07-02,"株式会社ＪＡＰＡＮ　ＩＮＴＥＲＮＡＴＩＯＮＡＬ　ＴＲＡＤＩＮＧ",,301,"兵庫県","西宮市","与古道町６－２－３０１",,28,204,6620917,,,,,,,2024-11-25,1,,,,,"ジャパンインターナショナルトレーディング",0
468,2140001143419,01,0,2026-07-14,2026-07-14,"株式会社モトログ",,301,"兵庫県","神戸市中央区","磯辺通２丁目２－１０ｏｎｅｋｎｏｔｔｒａｄｅｓ神戸ビル１００６",,28,110,6510084,,,,,,,2026-07-14,1,,,,,"モトログ",0
469,2140001143427,01,0,2026-07-14,2026-07-14,"株式会社ツギノテ",,301,"兵庫県","明石市","王子２丁目５番２６号",,28,203,6730022,,,,,,,2026-07-14,1,,,,,"ツギノテ",0
470,2140002008026,01,1,2026-07-14,2015-10-05,"有限会社ラピタ",,302,"兵庫県","神戸市須磨区","白川台６丁目２３番地の２",,28,107,6540103,,,,,,,2015-10-05,0,,,,,"ラピタ",0
471,2140002008026,12,1,2026-07-14,2026-07-03,"有限会社ラピタ",,302,"兵庫県","神戸市須磨区","友が丘９丁目２６０３番地の１７",,28,107,6540142,,,,,,,2015-10-05,1,,,,,"ラピタ",0
472,2140002057196,01,1,2026-07-14,2015-10-05,"有限会社ドイツ菓子・カーベ・カイザー",,302,"兵庫県","西宮市","甲子園四番町１番３１号",,28,204,6638174,,,,,,,2015-10-05,1,,,,,"ドイツガシカーベカイザー",0
473,2140003000592,01,1,2026-07-14,2015-10-05,"合名会社森鉄工所",,303,"兵庫県","神戸市兵庫区","駅前通３丁目２番２号",,28,105,6520898,,,,,,,2015-10-05,1,,,,,"モリテッコウショ",0
474,2140003009691,21,0,2026-07-14,2026-07-03,"合同会社信陽",,305,"兵庫県","加古郡稲美町","北山１２１番地",,28,381,6751121,,,2026-07-03,01,,,2015-10-05,1,,,,,"シンヨウ",0
475,2150001026192,11,0,2026-07-14,2026-07-08,"株式会社東研アセット",,301,"奈良県","奈良市","登美ヶ丘５丁目６番２号",,29,201,6310004,,,,,,,2023-02-27,1,,,,,"トウケンアセット",0
476,2160001007290,71,0,2026-07-14,2026-06-30,"パセリエンタープライズ株式会社",,301,"滋賀県","長浜市","落合町６４５番地",,25,203,5260102,,,,,,"令和８年６月１日滋賀県長浜市落合町６４５番地株式会社トピア（1100001026990）を合併",2015-10-05,1,,,,,"パセリエンタープライズ",0
477,2160001015211,11,0,2026-07-14,2026-07-01,"キノンテック株式会社",,301,"滋賀県","守山市","大門町２７９番地２",,25,207,5240052,,,,,,,2015-10-05,1,,,,,"キノンテック",0
478,2160002012364,21,0,2026-07-14,2026-07-01,"有限会社深見プレス",,302,"滋賀県","草津市","上笠１丁目３０番２７号",,25,206,5250028,,,2026-07-01,01,,,2015-10-05,1,,,,,"フカミプレス",0
479,2180001008329,21,0,2026-07-14,2026-07-09,"榊原株式会社",00071783,301,"愛知県","名古屋市中区","平和１丁目１６番１４号",,23,106,4600021,,,2026-07-09,11,8010001260196,"令和８年７月１日東京都千代田区大手町一丁目９番２号榊原株式会社（8010001260196）に合併し解散",2015-10-05,1,,,,,"サカキバラ",0
480,2180001057598,01,1,2026-07-14,2015-10-05,"株式会社ジーエムテック",,301,"愛知県","名古屋市緑区","六田２丁目１２４番地の１",,23,114,4580036,,,,,,,2015-10-05,1,,,,,"ジーエムテック",0
481,2180001154750,12,0,2026-07-14,2026-06-25,"ｑｕｉｎｘ株式会社",,301,"愛知県","名古屋市守山区","大永寺町２０番地ルミエール梅村３０１号",,23,113,4630087,,,,,,,2023-02-02,1,,,,,"クインクス",0
482,2180001157308,12,0,2026-07-14,2026-06-22,"株式会社Ｋポジティブ",,301,"愛知県","名古屋市名東区","つつじが丘４０３番地",,23,115,4650017,,,,,,,2023-07-27,1,,,,,"ケーポジティブ",0
483,2180001172769,01,0,2026-07-14,2026-07-14,"株式会社上田自然食品",,301,"愛知県","名古屋市東区","矢田４丁目５番１１号レジデンスアロー",,23,102,4610040,,,,,,,2026-07-14,1,,,,,"ウエダシゼンショクヒン",0
484,2180002036592,21,0,2026-07-14,2026-07-06,"有限会社プランセス",,302,"愛知県","名古屋市千種区","高見２丁目１３番１４号",,23,101,4640073,,,2026-07-06,01,,,2015-10-05,1,,,,,"プランセス",0
485,2180002061500,12,0,2026-07-14,2026-07-02,"有限会社ＫＹＳ",,302,"愛知県","清須市","西枇杷島町古城２丁目１８番地２",,23,233,4520001,,,,,,,2015-10-05,1,,,,,"ケーワイエス",0
486,2180003030537,01,0,2026-07-14,2026-07-14,"合同会社ティーシーワイ",,305,"愛知県","名古屋市瑞穂区","日向町４丁目１４番地の５",,23,108,4670047,,,,,,,2026-07-14,1,,,,,"ティーシーワイ",0
487,2180005000117,12,0,2026-07-14,2026-07-09,"天理教平愛分教会",,399,"愛知県","名古屋市中川区","昭和橋通４丁目１０番地１",,23,110,4540852,,,,,,,2015-10-05,1,,,,,"テンリキョウヘイアイブンキョウカイ",0
488,2180301012138,21,0,2026-07-14,2026-07-09,"株式会社ゆうせん中部",,301,"愛知県","蒲郡市","元町６番３号",,23,214,4430043,,,2026-07-09,01,,,2015-10-05,1,,,,,,0
489,2180301025379,01,1,2026-07-14,2015-10-05,"株式会社オフィス藤野",,301,"愛知県","岡崎市","竜美南２丁目７番地１２",,23,202,4440874,,,,,,,2015-10-05,1,,,,,"オフィスフジノ",0
490,2180301028720,12,0,2026-07-14,2026-07-02,"ブリットアプリケーション株式会社",,301,"愛知県","安城市","御幸本町２番３号",,23,212,4460032,,,,,,,2015-12-17,1,,,,,"ブリットアプリケーション",0
491,2180302010900,01,1,2026-07-14,2015-10-05,"有限会社八百源商店",,302,"愛知県","田原市","田原町萱町６０番地の１",,23,231,4413421,,,,,,,2015-10-05,1,,,,,"ヤオゲン",0
492,2190001014045,12,0,2026-07-14,2026-07-02,"株式会社愛菜",,301,"三重県","亀山市","能褒野町６３番地１５",,24,210,5190212,,,,,,,2015-10-05,1,,,,,"アイサイ",0
493,2190001019135,21,0,2026-07-14,2026-07-02,"株式会社ゆうらく",,301,"三重県","志摩市","阿児町鵜方２８２４番地４９",,24,215,5170501,,,2026-07-02,01,,,2015-10-05,1,,,,,"ユウラク",0
494,2190002013657,01,1,2026-07-14,2015-10-05,"小津運送有限会社",,302,"三重県","松阪市","西之庄町１００番地の２",,24,204,5150816,,,,,,,2015-10-05,1,,,,,"オヅウンソウ",0
495,2200001022780,71,0,2026-07-14,2026-06-15,"株式会社アイランドジー・アイ",,301,"岐阜県","瑞浪市","益見町２丁目１３０番地",,21,208,5096108,,,,,,"令和８年６月１日岐阜県瑞浪市益見町二丁目１３０番地株式会社ジー・アイ（8200001023039）を合併令和８年６月１日岐阜県瑞浪市益見町二丁目１３０番地株式会社ジー・アイ　ドゥー（7200001023213）を合併令和８年６月１日岐阜県瑞浪市益見町二丁目１３０番地合同会社愛（9200003003095）を合併令和８年６月１日岐阜県瑞浪市益見町二丁目１３０番地株式会社慈愛（3200001020651）を合併",2015-10-05,1,,,,,"アイランドジーアイ",0
496,2200001045229,01,0,2026-07-14,2026-07-14,"株式会社ＴＨＥ　ＰＩＥＣＥ",,301,"岐阜県","山県市","高富２１４２番地１‐２階",,21,215,5012105,,,,,,,2026-07-14,1,,,,,"ザピース",0
497,2200001045245,01,0,2026-07-14,2026-07-14,"株式会社ＦＲＥＥＤＯＭ",,301,"岐阜県","多治見市","宝町４丁目１２３番地",,21,204,5070054,,,,,,,2026-07-14,1,,,,,"フリーダム",0
498,2210001020651,01,0,2026-07-14,2026-07-14,"株式会社ＷＡＫＡＢＡ",,301,"福井県","福井市","大宮４丁目８－２８",,18,201,9100016,,,,,,,2026-07-14,1,,,,,"ワカバ",0
499,2220001022630,12,0,2026-07-14,2026-07-10,"株式会社アースメイカー北陸",,301,"石川県","七尾市","白馬町五七部２３番地",,17,202,9260828,,,,,,,2018-12-14,1,,,,,"アースメイカーホクリク",0
500,2220002015435,01,1,2026-07-14,2015-10-05,"有限会社金沢商店",,302,"石川県","羽咋市","粟生町メ１８９番地１",,17,207,9250045,,,,,,,2015-10-05,1,,,,,"カナザワショウテン",0
501,2230002001070,12,0,2026-07-14,2026-07-07,"有限会社グリーンパツク",,302,"富山県","富山市","掛尾町１５１番地３グランドパレス掛尾３０１号",,16,201,9398212,,,,,,,2015-10-05,0,,,,,"グリーンパック",0
502,2230002001070,11,0,2026-07-14,2026-07-07,"有限会社ｓｏｔ．",,302,"富山県","富山市","掛尾町１５１番地３グランドパレス掛尾３０１号",,16,201,9398212,,,,,,,2015-10-05,1,,,,,"ソット",0
503,2240001039037,01,1,2026-07-14,2015-10-05,"田坂商事株式会社",,301,"広島県","世羅郡世羅町","大字宇津戸２２５番地",,34,462,7220411,,,,,,,2015-10-05,1,,,,,"タサカショウジ",0
504,2240001047403,12,0,2026-07-14,2026-07-03,"株式会社八紘興業",,301,"広島県","三原市","円一町５丁目８番６号",,34,204,7230015,,,,,,,2015-10-05,1,,,,,"ヤヒロコウギョウ",0
505,2240001063045,12,0,2026-07-14,2026-06-30,"株式会社ひにあらた",,301,"広島県","尾道市","美ノ郷町三成２１５番地２",,34,205,7220215,,,,,,,2024-04-04,1,,,,,"ヒニアラタ",0
506,2240001066799,01,0,2026-07-14,2026-07-14,"株式会社ＴＡＫＥＩＣＨＩ",,301,"広島県","呉市","押込３丁目１３－１０",,34,202,7370915,,,,,,,2026-07-14,1,,,,,"タケイチ",0
507,2240003007842,01,0,2026-07-14,2026-07-14,"ドクターズアセット合同会社",,305,"広島県","福山市","久松台１丁目６番３５号",,34,207,7200083,,,,,,,2026-07-14,1,,,,,"ドクターズアセット",0
508,2260001037914,21,0,2026-07-14,2026-06-26,"株式会社ＰｏｗｅｒＸ　Ｍａｎｕｆａｃｔｕｒｉｎｇ",,301,"岡山県","玉野市","田井６丁目９番１号",,33,204,7060001,,,2026-06-26,11,7010401159056,"令和８年６月１日岡山県玉野市田井六丁目９番１号株式会社パワーエックス（7010401159056）に合併し解散",2023-05-18,1,,,,,"パワーエックスマニュファクチュアリング",0
509,2290001002122,12,0,2026-07-14,2026-07-03,"株式会社岡部工務店",,301,"福岡県","福岡市南区","和田１丁目１４番３３号",,40,134,8111343,,,,,,,2015-10-05,1,,,,,"オカベコウムテン",0
510,2290001098846,12,0,2026-07-14,2026-07-10,"ＰＩＣＦＡ　ｃｏｍｍｏｎｓ株式会社",,301,"佐賀県","三養基郡基山町","大字園部皮籠石２２９５番地１号",,41,341,8410203,,,,,,,2022-09-08,1,,,,,"ピクファコモンズ",0
511,2290001107763,12,0,2026-07-14,2026-07-03,"株式会社Ｒ・コンサル",,301,"福岡県","福岡市博多区","銀天町２丁目２番２１－９０５号",,40,132,8120879,,,,,,,2024-11-01,1,,,,,"アールコンサル",0
512,2290001114784,01,0,2026-07-14,2026-07-14,"株式会社みらいナレッジ",,301,"福岡県","福岡市中央区","渡辺通２丁目１番８２号電気ビル共創館３階ＢＩＺＣＯＬＩ内",,40,133,8100004,,,,,,,2026-07-14,1,,,,,"ミライナレッジ",0
513,2290001114859,01,0,2026-07-14,2026-07-14,"株式会社Ｎ",,301,"福岡県","福岡市中央区","荒戸１丁目７番１９号",,40,133,8100062,,,,,,,2026-07-14,1,,,,,"エヌ",0
514,2290801018086,01,1,2026-07-14,2015-10-05,"株式会社Ｋ’ｓオフィス",,301,"福岡県","北九州市八幡西区","山寺町１２番２－５０５号",,40,109,8060030,,,,,,,2015-10-05,1,,,,,"ケーズオフィス",0
515,2290802012906,01,1,2026-07-14,2015-10-05,"有限会社ビジネスホテル帆柱",,302,"福岡県","北九州市八幡東区","西本町２丁目７番１７号",,40,108,8050061,,,,,,,2015-10-05,1,,,,,"ビジネスホテルホバシラ",0
516,2310001020179,01,0,2026-07-14,2026-07-14,"株式会社ＡＣＥ",,301,"長崎県","佐世保市","常盤町３番９号ダイセイ常盤１Ｆ",,42,202,8570053,,,,,,,2026-07-14,1,,,,,"エース",0
517,2310002019369,01,1,2026-07-14,2015-10-05,"有限会社末吉組",,302,"長崎県","平戸市","紐差町１０２４番地",,42,207,8595361,,,,,,,2015-10-05,1,,,,,"スエヨシグミ",0
518,2310005000672,01,1,2026-07-14,2015-10-05,"公益社団法人滑石樫原霊苑",,399,"長崎県","長崎市","滑石４丁目１３３１番地１",,42,201,8528061,,,,,,,2015-10-05,1,,,,,"ナメシカシハラレイエン",0
519,2320001010451,01,1,2026-07-14,2015-10-05,"株式会社かすが薬局",,301,"大分県","玖珠郡玖珠町","大字帆足２５８番地１２",,44,462,8794403,,,,,,,2015-10-05,1,,,,,"カスガヤッキョク",0
520,2330001019723,12,0,2026-07-14,2026-07-03,"株式会社木村写真館",,301,"熊本県","玉名市","中１３３９番地３",,43,206,8650064,,,,,,,2015-10-05,1,,,,,"キムラシャシンカン",0
521,2330001028674,12,0,2026-07-14,2026-07-03,"株式会社フジセツ",,301,"熊本県","玉名郡和水町","原口５１３番地１",,43,369,8650124,,,,,,,2021-06-04,1,,,,,"フジセツ",0
522,2330001034458,01,0,2026-07-14,2026-07-14,"株式会社ＫＩＤＯＲＥ",,301,"熊本県","熊本市中央区","水前寺３丁目４４番３１号",,43,101,8620950,,,,,,,2026-07-14,1,,,,,"キドレ",0
523,2330001034466,01,0,2026-07-14,2026-07-14,"株式会社清水工業",,301,"熊本県","菊池郡菊陽町","大字原水１００９番地１７",,43,404,8691102,,,,,,,2026-07-14,1,,,,,"シミズコウギョウ",0
524,2330001034474,01,0,2026-07-14,2026-07-14,"株式会社ねっこの畑",,301,"熊本県","熊本市西区","田崎町４８４番地",,43,103,8600058,,,,,,,2026-07-14,1,,,,,"ネッコノハタケ",0
525,2340001005367,12,0,2026-07-14,2026-07-08,"株式会社晴天街",,301,"鹿児島県","鹿児島市","武１丁目２番１０号ＪＲ鹿児島中央ビル４階リージャス鹿児島中央駅前ビジネスセンター",,46,201,8900045,,,,,,,2015-10-05,1,,,,,"セイテンガイ",0
526,2340001028285,01,0,2026-07-14,2026-07-14,"タケヤマホールディングス株式会社",,301,"鹿児島県","奄美市","名瀬小俣町２９番２５号",,46,222,8940012,,,,,,,2026-07-14,1,,,,,"タケヤマホールディングス",0
527,2360001036996,01,0,2026-07-14,2026-07-14,"重工業株式会社",,301,"沖縄県","うるま市","字田場９７８番地１",,47,213,9042213,,,,,,,2026-07-14,1,,,,,"シゲコウギョウ",0
528,2360002019083,21,0,2026-07-14,2026-06-22,"有限会社嘉建",,302,"沖縄県","中頭郡中城村","字北上原３２６番地",,47,328,9012423,,,2026-06-22,01,,,2015-10-05,1,,,,,,0
529,2360003011675,12,0,2026-07-14,2026-06-19,"合同会社宅建スクール",,305,"沖縄県","島尻郡与那原町","字東浜８９番地の６",,47,348,9011304,,,,,,,2021-12-24,1,,,,,"タッケンスクール",0
530,2360003016014,01,0,2026-07-14,2026-07-14,"カーサポートＲｉｎｋ合同会社",,305,"沖縄県","豊見城市","字根差部１７９番地１",,47,212,9010205,,,,,,,2026-07-14,1,,,,,"カーサポートリンク",0
531,2360003016030,01,0,2026-07-14,2026-07-14,"合同会社ＹＯＳＨＩＫＡＴＳＵ春来",,305,"沖縄県","那覇市","松川２丁目９番３５号",,47,201,9020062,,,,,,,2026-07-14,1,,,,,"ヨシカツシュンライ",0
532,2360005005320,12,0,2026-07-14,2026-06-18,"医療法人スネイル会",,399,"沖縄県","うるま市","字前原３０８番地１",,47,213,9042235,,,,,,,2016-04-06,0,,,,,"スネイルカイ",0
533,2360005005320,11,0,2026-07-14,2026-06-18,"医療法人星音会",,399,"沖縄県","うるま市","字前原３０８番地１",,47,213,9042235,,,,,,,2016-04-06,1,,,,,"セイオンカイ",0
534,2370001047951,11,0,2026-07-14,2026-07-02,"株式会社ローカルビジョン",,301,"宮城県","仙台市青葉区","中央３丁目５－３０Ｔ＆ＩＮＥＸＴ３Ｆ３０３号室",,04,101,9800021,,,,,,,2021-12-14,1,,,,,"ローカルビジョン",0
535,2370201003300,21,0,2026-07-14,2026-07-10,"株式会社Ｆｒｅｓｈ　Ｍａｒｔ元気屋",,301,"宮城県","黒川郡大郷町","中村字台５番地２",,04,422,9813521,,,2026-07-10,01,,,2015-10-05,1,,,,,"フレッシュマートゲンキヤ",0
536,2380002023620,01,1,2026-07-14,2015-10-05,"有限会社山英観光",,302,"福島県","いわき市","小名浜字下町３７番地の２",,07,204,9718101,,,,,,,2015-10-05,1,,,,,"サンエイカンコウ",0
537,2430001062969,12,0,2026-07-14,2026-07-07,"株式会社ＮＯＲＴＨ　ＧＡＴＥ",,301,"北海道","札幌市中央区","南四条西１３丁目２番２１号",,01,101,0640804,,,,,,,2015-10-05,1,,,,,"ノースゲート",0
538,2430001072118,12,0,2026-07-14,2026-07-10,"株式会社北海道ＰＶＧＳ",,301,"東京都","足立区","花畑３丁目２４番１１号",,13,121,1210061,,,,,,,2016-08-10,1,,,,,"ホッカイドウピーブイジーエス",0
539,2430003015801,12,0,2026-07-14,2026-07-07,"インジェクション合同会社",,305,"北海道","札幌市豊平区","月寒西一条７丁目６番９号",,01,105,0620021,,,,,,,2023-12-28,1,,,,,"インジェクション",0
540,2430003019182,01,0,2026-07-14,2026-07-14,"合同会社ＮＰ‐ｃａｒｒｉｅｒ",,305,"北海道","札幌市北区","新川三条１５丁目６番７号ＲｉｎｏグランテＤ号",,01,102,0010923,,,,,,,2026-07-14,1,,,,,"エヌピーキャリア",0
541,2430005015519,01,0,2026-07-14,2026-07-14,"一般社団法人ＬＡＵＧＨＴＡＬＥ",,399,"北海道","札幌市厚別区","厚別東三条４丁目４番１９号プラザくりの木ビル３０３号",,01,108,0040003,,,,,,,2026-07-14,1,,,,,"ラフテル",0
542,2450002002740,21,0,2026-07-14,2026-07-09,"有限会社シバノ",,302,"北海道","旭川市","一条通１１丁目１１３番地の１",,01,204,0700031,,,2026-07-09,01,,,2015-10-05,1,,,,,"シバノ",0
543,2460103001830,01,0,2026-07-14,2026-07-14,"ＪＩＶＡ　ＹＯＧＡ合同会社",,305,"北海道","帯広市","西十一条南３２丁目２７番地３",,01,207,0800021,,,,,,,2026-07-14,1,,,,,"ジーヴァヨガ",0
544,2470001019453,12,0,2026-07-14,2026-07-03,"株式会社ナンバー",,301,"香川県","高松市","田町２番地５ＫＡＭＡＤＡビル３階",,37,201,7600053,,,,,,,2023-02-02,1,,,,,"ナンバー",0
545,2470002018891,01,1,2026-07-14,2015-10-05,"有限会社ガス器具のくずにし",,302,"香川県","小豆郡土庄町","淵崎甲１５０６番地の２",,37,322,7614121,,,,,,,2015-10-05,1,,,,,"ガスキグノクズニシ",0
546,2480001012853,12,0,2026-07-14,2026-07-07,"株式会社ニシテックホールディングス",,301,"徳島県","徳島市","津田海岸町１３番１３２号",,36,201,7708001,,,,,,,2025-06-09,1,,,,,"ニシテックホールディングス",0
547,2700150097301,21,0,2026-07-14,2022-03-31,"ねんりんピック岐阜２０２１多治見市実行委員会",,499,"岐阜県","多治見市","日ノ出町２丁目１５",,21,204,5070848,,,2022-03-31,31,,,2020-01-06,1,,,,,"ネンリンピツクギフニーマルニーイチタジミシジツコウイインカイ",0
548,2700150136620,01,0,2026-07-14,2026-07-14,"栗本鐵工健康保険組合",,499,"大阪府","大阪市西区","北堀江１丁目１２番１９号",,27,106,5500014,,,,,,,2026-07-14,1,,,,,"クリモトテッコウケンコウホケンクミアイ",0
549,3010001030471,01,1,2026-07-14,2015-10-05,"村井運動具株式会社",,301,"東京都","千代田区","内神田３丁目２１番５号",,13,101,1010047,,,,,,,2015-10-05,1,,,,,"ムライウンドウグ",0
550,3010001042921,01,1,2026-07-14,2015-10-05,"株式会社ケイ・エム・ケイ",,301,"東京都","中央区","銀座２丁目５番１６号",,13,102,1040061,,,,,,,2015-10-05,1,,,,,"ケイエムケイ",0
551,3010001169624,01,1,2026-07-14,2015-10-05,"株式会社ゼニス",,301,"東京都","千代田区","富士見２丁目１１番１１号",,13,101,1020071,,,,,,,2015-10-05,1,,,,,"ゼニス",0
552,3010001176752,21,0,2026-07-14,2026-06-26,"叶ビジネス株式会社",,301,"東京都","文京区","湯島３丁目３５番１０号",,13,105,1130034,,,2026-06-26,01,,,2016-07-06,1,,,,,"カノウビジネス",0
553,3010001199200,12,0,2026-07-14,2026-06-30,"株式会社Ｎ．Ｐｒｏ",,301,"東京都","千代田区","六番町１３番地１１",,13,101,1020085,,,,,,,2019-03-14,1,,,,,"エヌプロ",0
554,3010001224503,12,0,2026-07-14,2026-06-11,"株式会社ＭＯＵＮＴＡＩＮ",,301,"東京都","千代田区","岩本町２丁目１３番６号リアライズ岩本町ビル５０１号",,13,101,1010032,,,,,,,2022-02-10,1,,,,,"マウンテン",0
555,3010001265316,12,0,2026-07-14,2026-07-10,"ＪＰＡ第４０１号株式会社",,301,"東京都","港区","赤坂１丁目８番１号",,13,103,1070052,,,,,,,2026-05-15,1,,,,,"ジェイピーエーダイヨンヒャクイチゴウ",0
556,3010001265324,12,0,2026-07-14,2026-07-10,"ＪＰＡ第４０９号株式会社",,301,"東京都","港区","赤坂１丁目８番１号",,13,103,1070052,,,,,,,2026-05-15,1,,,,,"ジェイピーエーダイヨンヒャクキュウゴウ",0
557,3010001265332,12,0,2026-07-14,2026-07-10,"ＪＰＡ第４１７号株式会社",,301,"東京都","港区","赤坂１丁目８番１号",,13,103,1070052,,,,,,,2026-05-15,1,,,,,"ジェイピーエーダイヨンヒャクジュウナナゴウ",0
558,3010001267147,01,0,2026-07-14,2026-07-14,"株式会社ＮＥＧＯＡ",,301,"東京都","中央区","日本橋室町１丁目１１番１２号日本橋水野ビル７階",,13,102,1030022,,,,,,,2026-07-14,1,,,,,"ネゴア",0
559,3010005042018,01,0,2026-07-14,2026-07-14,"ＮＴＴ　ＤＣＲ東京１特定目的会社",,399,"東京都","千代田区","丸の内１丁目４番１号東京共同会計事務所内",,13,101,1000005,,,,,,,2026-07-14,1,,,,,"エヌティティディーシーアールトウキョウイチ",0
560,3010401069408,01,1,2026-07-14,2015-10-05,"株式会社プラティコ",,301,"東京都","港区","赤坂８丁目１０番３０号",,13,103,1070052,,,,,,,2015-10-05,1,,,,,"プラティコ",0
561,3010401112654,01,1,2026-07-14,2015-10-05,"ＶＰＯＮ　ＪＡＰＡＮ株式会社",,301,"東京都","渋谷区","恵比寿南３丁目７番４号モリモト代官山ビル",,13,113,1500022,,,,,,,2015-10-05,0,,,,,"ブイポンジャパン",0
562,3010401112654,12,1,2026-07-14,2016-06-03,"ＶＰＯＮ　ＪＡＰＡＮ株式会社",,301,"東京都","渋谷区","千駄ヶ谷５丁目３３番３号",,13,113,1510051,,,,,,,2015-10-05,0,,,,,"ブイポンジャパン",0
563,3010401112654,12,1,2026-07-14,2017-05-23,"ＶＰＯＮ　ＪＡＰＡＮ株式会社",,301,"東京都","新宿区","新宿６丁目７番１号",,13,104,1600022,,,,,,,2015-10-05,0,,,,,"ブイポンジャパン",0
564,3010401112654,12,1,2026-07-14,2019-02-01,"ＶＰＯＮ　ＪＡＰＡＮ株式会社",,301,"東京都","新宿区","西新宿１丁目１番６号",,13,104,1600023,,,,,,,2015-10-05,0,,,,,"ブイポンジャパン",0
565,3010401112654,12,1,2026-07-14,2023-02-24,"ＶＰＯＮ　ＪＡＰＡＮ株式会社",,301,"東京都","新宿区","新宿４丁目１番６号",,13,104,1600022,,,,,,,2015-10-05,0,,,,,"ブイポンジャパン",0
566,3010401112654,12,1,2026-07-14,2025-01-14,"ＶＰＯＮ　ＪＡＰＡＮ株式会社",,301,"東京都","渋谷区","千駄ヶ谷３丁目１５番７号ＡＭＢＲＥ６階",,13,113,1510051,,,,,,,2015-10-05,1,,,,,"ブイポンジャパン",0
567,3010402002722,01,1,2026-07-14,2015-10-05,"有限会社大友",,302,"東京都","港区","新橋２丁目１６番１号ニュー新橋ビル",,13,103,1050004,,,,,,,2015-10-05,1,,,,,"オオトモ",0
568,3010403025854,12,0,2026-07-14,2026-07-09,"合同会社Ｔｅ　Ａｍｏ　Ｃｏｒｐｏｒａｔｉｏｎ",,305,"東京都","港区","海岸１丁目７－１東京ポートシティー竹芝オフィスタワー８Ｆビジネスエアポート竹芝",,13,103,1050022,,,,,,,2021-08-06,1,,,,,"テアモコーポレーション",0
569,3010403037189,12,0,2026-07-14,2026-06-23,"合同会社ＴａｋｅＤ　Ｌａｂｓ",,305,"東京都","港区","浜松町２丁目２番１５号浜松町ダイヤビル２階",,13,103,1050013,,,,,,,2026-01-29,1,,,,,"テイクディーラボズ",0
570,3010501030566,12,0,2026-07-14,2026-07-06,"アドバンテック株式会社",,301,"東京都","台東区","台東１丁目３０番７号",,13,106,1100016,,,,,,,2015-10-05,1,,,,,"アドバンテック",0
571,3010501044500,12,0,2026-07-14,2026-07-08,"国道株式会社",,301,"東京都","台東区","浅草２丁目１２－５－２階",,13,106,1110032,,,,,,,2019-08-13,1,,,,,"コクトウ",0
572,3010501049615,12,0,2026-07-14,2026-07-08,"華洋株式会社",,301,"東京都","台東区","根岸２丁目１５－６滝沢ビル２０２室",,13,106,1100003,,,,,,,2022-11-18,1,,,,,"カヨウ",0
573,3010501056132,01,0,2026-07-14,2026-07-14,"株式会社ｅｎ　ｐｌｕｓ",,301,"東京都","台東区","元浅草１丁目１７－１５ストークＴ・Ｓ元浅草３０３",,13,106,1110041,,,,,,,2026-07-14,1,,,,,"エンプラス",0
574,3010503008379,01,0,2026-07-14,2026-07-14,"Ｐｅｄａｇｏｔｏｏｌｓ合同会社",,305,"東京都","台東区","上野１丁目１７番６号広小路ビル８Ｆ－Ｂ",,13,106,1100005,,,,,,,2026-07-14,1,,,,,"ペタゴツールズ",0
575,3010601046479,12,0,2026-07-14,2026-07-07,"Ｔサポート株式会社",,301,"沖縄県","中頭郡読谷村","字宇座１８６１番地",,47,324,9040328,,,,,,,2015-10-05,1,,,,,"ティーサポート",0
576,3010601059720,12,0,2026-07-14,2026-07-10,"株式会社ＣＲＳＣ　ＪＡＰＡＮ",,301,"東京都","中央区","日本橋室町１丁目１１番１２号日本橋水野ビル７階",,13,102,1030022,,,,,,,2021-08-03,1,,,,,"シアエスシジャパン",0
577,3010602031364,01,1,2026-07-14,2015-10-05,"有限会社上西油脂",,302,"東京都","墨田区","八広２丁目２６番６号",,13,107,1310041,,,,,,,2015-10-05,1,,,,,"カミニシユシ",0
578,3010603005615,71,0,2026-07-14,2026-07-01,"オリーブ不動産合同会社",,305,"東京都","江東区","豊洲４丁目１１番２０－１５１７号",,13,108,1350061,,,,,,"令和８年７月１日東京都江東区豊洲四丁目１１番２０－１５１７号だい吉不動産合同会社（4010603005614）を合併",2015-10-05,1,,,,,"オリーブフドウサン",0
579,3010701048433,12,0,2026-07-14,2026-07-09,"ＧＨＯＳＴ　ＭＯＶＥＭＥＮＴ株式会社",,301,"東京都","港区","赤坂２丁目２１番５号ＡＢＣ－Ｄ－９１",,13,103,1070052,,,,,,,2025-10-14,1,,,,,"ゴーストムーブメント",0
580,3010801037419,12,0,2026-07-14,2026-07-09,"株式会社エスリーパートナーズ",,301,"神奈川県","横浜市都筑区","荏田南１丁目２番９号ユニバーサルツインＢ",,14,118,2240007,,,,,,,2026-06-05,1,,,,,"エスリーパートナーズ",0
581,3010901004624,21,0,2026-07-14,2026-07-01,"坂本建設株式会社",,301,"東京都","世田谷区","玉川３丁目３８番１０号",,13,112,1580094,,,2026-07-01,01,,,2015-10-05,1,,,,,"サカモトケンセツ",0
582,3010903011016,01,0,2026-07-14,2026-07-14,"ＨＳ世田谷合同会社",,305,"東京都","世田谷区","宇奈根２丁目３番１９―４０２号",,13,112,1570068,,,,,,,2026-07-14,1,,,,,"エイチエスセタガヤ",0
583,3011001065078,12,0,2026-07-14,2026-07-10,"株式会社優駿ブリテンズゲート",,301,"東京都","府中市","幸町１丁目２番１４号",,13,206,1830054,,,,,,,2015-10-05,1,,,,,"ユウシュンブリテンズゲート",0
584,3011001065532,12,0,2026-07-14,2026-07-06,"グッドルーム株式会社",,301,"東京都","渋谷区","神宮前５丁目５２番２号",,13,113,1500001,,,,,,,2015-10-05,1,,,,,"グッドルーム",0
585,3011001090398,21,0,2026-07-14,2026-07-01,"株式会社ＬＩＦＥＳＥＮＳＥ",,301,"福岡県","福津市","星ケ丘２６番２９号",,40,224,8113308,,,2026-07-01,01,,,2015-10-05,1,,,,,,0
586,3011001101361,12,0,2026-07-14,2026-06-24,"株式会社アークブリッジ",,301,"東京都","渋谷区","恵比寿西２丁目８番４号ＥＸ恵比寿西ビル５階",,13,113,1500021,,,,,,,2015-10-05,1,,,,,"アークブリッジ",0
587,3011001138833,21,0,2026-07-14,2026-07-01,"株式会社アーキテクトクラブ",,301,"東京都","渋谷区","広尾３丁目１２番１７号",,13,113,1500012,,,2026-07-01,01,,,2021-03-02,1,,,,,"アーキテクトクラブ",0
588,3011001149203,12,0,2026-07-14,2026-07-01,"株式会社５００Ｔ",,301,"東京都","目黒区","中目黒１丁目１番５４号恒詠荘２－５号室",,13,110,1530061,,,,,,,2022-08-16,1,,,,,"ゴヒャクティー",0
589,3011001164012,12,0,2026-07-14,2026-07-09,"Ｄｅｉｎ株式会社",,301,"東京都","港区","新橋４丁目２１－３新橋東急ビル２Ｆ２０１号",,13,103,1050004,,,,,,,2024-08-15,1,,,,,"デイン",0
590,3011001171594,11,0,2026-07-14,2026-07-07,"株式会社ＫＯＤＯ",,301,"東京都","渋谷区","道玄坂１丁目１０番８号渋谷道玄坂東急ビル２Ｆ－Ｃ",,13,113,1500043,,,,,,,2025-08-28,1,,,,,"コドー",0
591,3011001175728,12,0,2026-07-14,2026-07-02,"株式会社Ｌｕｘｉａ",,301,"東京都","渋谷区","渋谷１丁目１番１１号青山ＳＩビル５階",,13,113,1500002,,,,,,,2026-03-09,1,,,,,"ルクシア",0
592,3011001178937,01,0,2026-07-14,2026-07-14,"ホトミエ株式会社",,301,"東京都","渋谷区","幡ヶ谷２丁目３５番１－１０９号",,13,113,1510072,,,,,,,2026-07-14,1,,,,,"ホトミエ",0
593,3011001179035,01,0,2026-07-14,2026-07-14,"株式会社ｈｏｍｉｅ",,301,"東京都","渋谷区","道玄坂１丁目１０番８号渋谷道玄坂東急ビル２Ｆ－Ｃ",,13,113,1500043,,,,,,,2026-07-14,1,,,,,"ホーミー",0
594,3011001179084,01,0,2026-07-14,2026-07-14,"株式会社ＫＯＴＩ",,301,"東京都","目黒区","鷹番２丁目５番２０号",,13,110,1520004,,,,,,,2026-07-14,1,,,,,"コティ",0
595,3011001179142,01,0,2026-07-14,2026-07-14,"Ｒｅｄｅｆｙ株式会社",,301,"東京都","渋谷区","神南１丁目１１番４号ＦＰＧリンクス神南５階",,13,113,1500041,,,,,,,2026-07-14,1,,,,,"リディファイ",0
596,3011001179150,01,0,2026-07-14,2026-07-14,"株式会社Ｈａｉｚ",,301,"東京都","渋谷区","東３丁目１１番１５号ストークＴＩ１０１",,13,113,1500011,,,,,,,2026-07-14,1,,,,,"ヘイズ",0
597,3011003024750,01,0,2026-07-14,2026-07-14,"合同会社Ｐｌａｔｉｎｕｍ　Ｍｕｓｉｃ",,305,"東京都","渋谷区","恵比寿３丁目４５ー２コンシェリア恵比寿５０４号室",,13,113,1500013,,,,,,,2026-07-14,1,,,,,"プラチナミュージック",0
598,3011003024841,01,0,2026-07-14,2026-07-14,"ＨＩＤＥＣＡ合同会社",,305,"東京都","渋谷区","恵比寿西１丁目３番５－１００５号",,13,113,1500021,,,,,,,2026-07-14,1,,,,,"ヒデカ",0
599,3011003024874,01,0,2026-07-14,2026-07-14,"合同会社Ｂｅｌｌ",,305,"東京都","渋谷区","恵比寿１丁目２１番２－１１０３号ザ・パークハウス恵比寿",,13,113,1500013,,,,,,,2026-07-14,1,,,,,"ベル",0
600,3011101023852,21,0,2026-07-14,2026-06-15,"株式会社トーキョウアート",,301,"東京都","新宿区","新宿３丁目８番９号",,13,104,1600022,,,2026-06-15,01,,,2015-10-05,1,,,,,"トーキョウアート",0
601,3011101059509,01,1,2026-07-14,2015-10-05,"株式会社キャメルプランニング",,301,"東京都","新宿区","新宿３丁目１０番８号",,13,104,1600022,,,,,,,2015-10-05,1,,,,,"キャメルプランニング",0
602,3011101116730,01,0,2026-07-14,2026-07-14,"株式会社ＡｄＰｒｏｍｏｔｉｏｎ",,301,"東京都","新宿区","新宿２丁目１２番１３号新宿アントレサロンビル２階",,13,104,1600022,,,,,,,2026-07-14,1,,,,,"アドプロモーション",0
603,3011101116747,01,0,2026-07-14,2026-07-14,"株式会社ＭＡＬＯＮＥ　ＪＡＰＡＮ",,301,"東京都","新宿区","西新宿７丁目２１番９号天翔西新宿ビル３０４号",,13,104,1600023,,,,,,,2026-07-14,1,,,,,"マローンジャパン",0
604,3011101116763,01,0,2026-07-14,2026-07-14,"株式会社ｓｏｒｅｋａ",,301,"東京都","新宿区","西新宿３丁目３番１３号西新宿水間ビル２Ｆ",,13,104,1600023,,,,,,,2026-07-14,1,,,,,"ソレカ",0
605,3011101116821,01,0,2026-07-14,2026-07-14,"株式会社ＯＴＣ",,301,"東京都","新宿区","東五軒町３番１４－３０２号",,13,104,1620813,,,,,,,2026-07-14,1,,,,,"オーティーシー",0
606,3011103014437,12,0,2026-07-14,2026-07-10,"Ｍｙａｎｄｅｍｙ　Ｊａｐａｎ株式会社",,301,"東京都","武蔵野市","吉祥寺本町２丁目３３番２―２０１号",,13,203,1800004,,,,,,,2024-05-28,1,,,,,"ミャンデミージャパン",0
607,3011103017729,01,0,2026-07-14,2026-07-14,"合同会社ＭＫ　Ａｒｔｓ　Ａｄｖｉｓｏｒｙ",,305,"東京都","新宿区","西新宿６丁目５番１号新宿アイランドタワー２階",,13,104,1600023,,,,,,,2026-07-14,1,,,,,"エムケーアーツアドバイザリー",0
608,3011103017761,01,0,2026-07-14,2026-07-14,"Ｍａｒｋｙ合同会社",,305,"東京都","新宿区","新宿１丁目３６－２新宿第七葉山ビル３Ｆ",,13,104,1600022,,,,,,,2026-07-14,1,,,,,"マーキー",0
609,3011302000898,01,1,2026-07-14,2015-10-05,"有限会社磯はん",,302,"東京都","杉並区","西荻南３丁目１５番１号",,13,115,1670053,,,,,,,2015-10-05,1,,,,,"イソハン",0
610,3011501027123,01,1,2026-07-14,2021-07-12,"株式会社Ｒｏｏｔ　Ｓｅｖｅｎ",,301,"東京都","荒川区","町屋２丁目１０番９号",,13,118,1160001,,,,,,,2021-07-12,0,,,,,"ルーツセブン",0
611,3011501027123,11,1,2026-07-14,2021-08-26,"株式会社Ｒｏｏｔ　ｓｅｖｅｎ",,301,"東京都","荒川区","町屋２丁目１０番９号",,13,118,1160001,,,,,,,2021-07-12,0,,,,,"ルートセブン",0
612,3011501027123,12,1,2026-07-14,2022-02-03,"株式会社Ｒｏｏｔ　ｓｅｖｅｎ",,301,"東京都","荒川区","町屋２丁目１番１２号",,13,118,1160001,,,,,,,2021-07-12,0,,,,,"ルートセブン",0
613,3011501027123,12,1,2026-07-14,2024-12-25,"株式会社Ｒｏｏｔ　ｓｅｖｅｎ",,301,"東京都","荒川区","町屋２丁目１０番９号",,13,118,1160001,,,,,,,2021-07-12,1,,,,,"ルートセブン",0
614,3011501033567,01,0,2026-07-14,2026-07-14,"株式会社イコウリ",,301,"東京都","北区","西ケ原１丁目５２番１４号エスティア駒込４０２",,13,117,1140024,,,,,,,2026-07-14,1,,,,,"イコウリ",0
615,3011503002215,21,0,2026-07-14,2026-07-02,"天時合同会社",,305,"東京都","足立区","竹の塚７丁目６番７号",,13,121,1210813,,,2026-07-02,01,,,2015-10-05,1,,,,,"テンジ",0
616,3011601029738,01,0,2026-07-14,2026-07-14,"株式会社ＵＴＡＮＡ",,301,"東京都","練馬区","関町北３丁目４３番３０号",,13,120,1770051,,,,,,,2026-07-14,1,,,,,"ウタナ",0
617,3011701014714,01,1,2026-07-14,2015-10-05,"株式会社コードワン",,301,"東京都","江戸川区","船堀３丁目３番８号３階",,13,123,1340091,,,,,,,2015-10-05,0,,,,,"コードワン",0
618,3011701014714,12,1,2026-07-14,2026-06-25,"株式会社コードワン",,301,"神奈川県","横浜市西区","高島２丁目１１番２号スカイメナー横浜５１９",,14,103,2200011,,,,,,,2015-10-05,1,,,,,"コードワン",0
619,3011702010893,01,1,2026-07-14,2015-10-05,"有限会社丸井洋品店",,302,"東京都","江戸川区","小松川４丁目７３番地",,13,123,1320034,,,,,,,2015-10-05,1,,,,,"マルイヨウヒンテン",0
620,3011703004399,12,0,2026-07-14,2026-07-06,"日本サービス合同会社",,305,"東京都","江戸川区","平井４丁目１１－１０メゾン吉崎２０３",,13,123,1320035,,,,,,,2025-09-29,1,,,,,"ニホンサービス",0
621,3011801008905,01,1,2026-07-14,2015-10-05,"株式会社鈴木商店",,301,"東京都","足立区","入谷９丁目１８番３１号",,13,121,1210836,,,,,,,2015-10-05,0,,,,,"スズキショウテン",0
622,3011801008905,11,1,2026-07-14,2022-10-11,"鈴商ミートサプライ株式会社",,301,"東京都","足立区","入谷９丁目１８番３１号",,13,121,1210836,,,,,,,2015-10-05,1,,,,,"スズショウミートサプライ",0
623,3012301001334,12,0,2026-07-14,2026-07-13,"株式会社成和",,301,"東京都","町田市","木曽東３丁目３４番６号",,13,209,1940036,,,,,,,2015-10-05,1,,,,,"セイワ",0
624,3012303002347,01,0,2026-07-14,2026-07-14,"合同会社ケヤキ設計",,305,"東京都","町田市","矢部町２７３０番地２６",,13,209,1940214,,,,,,,2026-07-14,1,,,,,"ケヤキセッケイ",0
625,3012401044670,01,0,2026-07-14,2026-07-14,"ｃｒａｆｔ　ｎｏｉｅ株式会社",,301,"東京都","三鷹市","大沢３丁目２番３５号メリープレイス２０３",,13,204,1810015,,,,,,,2026-07-14,1,,,,,"クラフトノイエ",0
626,3012402008798,12,0,2026-07-14,2026-07-10,"有限会社秋栄",,302,"東京都","府中市","日新町２丁目１９番地２８",,13,206,1830036,,,,,,,2015-10-05,1,,,,,"シュウエイ",0
627,3013102000120,01,1,2026-07-14,2015-10-05,"有限会社海野塗装工業",,302,"東京都","福生市","武蔵野台１丁目４番地７",,13,218,1970013,,,,,,,2015-10-05,1,,,,,"ウンノトソウコウギョウ",0
628,3013301013699,01,1,2026-07-14,2015-10-05,"株式会社サン・フロンティア",,301,"東京都","豊島区","東池袋１丁目２８番６号",,13,116,1700013,,,,,,,2015-10-05,1,,,,,,0
629,3013301020679,12,0,2026-07-14,2026-06-30,"株式会社デジタル・デザイナーズ・スタジオ",,301,"青森県","青森市","浜館２丁目１番地１",,02,201,0300947,,,,,,,2015-10-05,1,,,,,"デジタルデザイナーズスタジオ",0
630,3013301022733,01,1,2026-07-14,2015-10-05,"株式会社千早鉄筋",,301,"東京都","豊島区","千早２丁目２４番４号",,13,116,1710044,,,,,,,2015-10-05,1,,,,,"チハヤテッキン",0
631,3013301031949,01,1,2026-07-14,2015-10-05,"ＰＧ収納サービス株式会社",,301,"東京都","豊島区","東池袋４丁目２４番３号",,13,116,1700013,,,,,,,2015-10-05,1,,,,,,0
632,3013301049198,12,0,2026-07-14,2026-07-10,"株式会社アバンティア",,301,"東京都","豊島区","南大塚２丁目１１番１０号ミモザビル３階",,13,116,1700005,,,,,,,2022-06-06,1,,,,,"アバンティア",0
633,3013305002921,01,1,2026-07-14,2019-04-17,"一般社団法人伝統工芸つまみ細工技術協会",,399,"東京都","豊島区","雑司が谷３丁目１９番４号並木ハウス１０６",,13,116,1710032,,,,,,,2019-04-17,1,,,,,,0
634,3020001140195,12,0,2026-07-14,2026-05-08,"株式会社井上板金店",,301,"神奈川県","横浜市旭区","上川井町２０７１番地４",,14,112,2410802,,,,,,,2021-03-05,1,,,,,"イノウエバンキンテン",0
635,3020001146762,12,0,2026-07-14,2026-07-01,"株式会社エヌエスケア",,301,"神奈川県","横浜市西区","北幸２丁目６番１号ＯＮＥＳＴ横浜西口ビル７階",,14,103,2200004,,,,,,,2022-06-03,1,,,,,"エヌエスケア",0
636,3020001163691,11,0,2026-07-14,2026-07-03,"株式会社アルバスパートナーズ",,301,"神奈川県","横浜市神奈川区","新子安１丁目１４番２１号プリムス１階",,14,102,2210013,,,,,,,2025-07-03,1,,,,,"アルバスパートナーズ",0
637,3020001166026,12,0,2026-07-14,2026-07-01,"株式会社ＳＯＬＴＥＲＲＡ　ＲＥＡＬＴＹ",,301,"神奈川県","川崎市中原区","中丸子３５番地９ディール武蔵小杉４階",,14,133,2110012,,,,,,,2025-11-27,1,,,,,"ソルテラリアルティ",0
638,3020001169516,01,0,2026-07-14,2026-07-14,"株式会社基点",,301,"神奈川県","横浜市西区","北幸２丁目１０番４８号むつみビル３階",,14,103,2200004,,,,,,,2026-07-14,1,,,,,"キテン",0
639,3020003031401,01,0,2026-07-14,2026-07-14,"合同会社クロステック",,305,"神奈川県","川崎市高津区","新作２丁目１番３４号",,14,134,2130014,,,,,,,2026-07-14,1,,,,,"クロステック",0
640,3020003031418,01,0,2026-07-14,2026-07-14,"合同会社ＫＵＰＵＮＡ",,305,"神奈川県","横浜市青葉区","荏田西２丁目２番地８－３０３",,14,117,2250014,,,,,,,2026-07-14,1,,,,,"クプナ",0
641,3020003031426,01,0,2026-07-14,2026-07-14,"アムール横浜合同会社",,305,"神奈川県","横浜市中区","花咲町１丁目２番地",,14,104,2310063,,,,,,,2026-07-14,1,,,,,"アムールヨコハマ",0
642,3021001020627,01,1,2026-07-14,2015-10-05,"株式会社吉次土木",,301,"神奈川県","厚木市","戸田２１９０番地４",,14,212,2430023,,,,,,,2015-10-05,1,,,,,"ヨシツグドボク",0
643,3021001067189,12,0,2026-07-14,2026-06-19,"ネイティブキャラバン株式会社",,301,"神奈川県","足柄下郡湯河原町","吉浜１１５番地",,14,384,2590312,,,,,,,2019-05-07,1,,,,,"ネイティブキャラバン",0
644,3021001088276,12,0,2026-07-14,2026-06-19,"株式会社堀本マネジメント",,301,"神奈川県","藤沢市","善行７丁目９－１湘南ビル１０１号室",,14,205,2510871,,,,,,,2026-05-28,1,,,,,"ホリモトマネジメント",0
645,3021001088565,01,0,2026-07-14,2026-07-14,"株式会社ｇｏｗｎ",,301,"神奈川県","茅ヶ崎市","東海岸南６丁目２番４４号",,14,207,2530054,,,,,,,2026-07-14,1,,,,,"ガウン",0
646,3021001088631,01,0,2026-07-14,2026-07-14,"株式会社海津建設",,301,"神奈川県","秦野市","菩提２０８番地の７",,14,211,2591302,,,,,,,2026-07-14,1,,,,,"カイヅケンセツ",0
647,3021001088648,01,0,2026-07-14,2026-07-14,"熊野火山アソシエイト株式会社",,301,"神奈川県","三浦郡葉山町","下山口１０５１番地の２",,14,301,2400116,,,,,,,2026-07-14,1,,,,,"クマノカザンアソシエイト",0
648,3021001088656,01,0,2026-07-14,2026-07-14,"株式会社やね家",,301,"神奈川県","横須賀市","根岸町５丁目２番４号",,14,201,2390807,,,,,,,2026-07-14,1,,,,,"ヤネヤ",0
649,3030001079045,12,0,2026-07-14,2026-07-01,"株式会社イケデンエンジ",,301,"埼玉県","さいたま市北区","奈良町１５０番地８",,11,102,3310822,,,,,,,2015-10-05,1,,,,,"イケデンエンジ",0
650,3030001113225,21,0,2026-07-14,2026-06-30,"株式会社アップル埼玉",,301,"埼玉県","さいたま市大宮区","大成町２丁目２７３番地１",,11,103,3300852,,,2026-06-30,01,,,2016-03-11,1,,,,,"アップルサイタマ",0
651,3030001168871,12,0,2026-07-14,2026-06-29,"株式会社ＷＡＫＯＨ",,301,"埼玉県","さいたま市岩槻区","大字岩槻５０７番地３",,11,110,3390061,,,,,,,2025-10-01,1,,,,,"ワコウ",0
652,3030001169408,12,0,2026-07-14,2026-07-09,"河道存株式会社",,301,"東京都","千代田区","外神田６丁目５番４号",,13,101,1010021,,,,,,,2025-10-27,1,,,,,"カワドゾ",0
653,3030001171941,12,0,2026-07-14,2026-07-07,"インプエスト不動産株式会社",,301,"大阪府","大阪市淀川区","西中島３丁目５番１２号新大阪浪速ビル２０３号室",,27,123,5320011,,,,,,,2026-04-21,1,,,,,"インプエストフドウサン",0
654,3030001173293,01,0,2026-07-14,2026-07-14,"株式会社ＡＩＯＮＧＡＴＥ",,301,"埼玉県","さいたま市浦和区","常盤１丁目７番１８号",,11,107,3300061,,,,,,,2026-07-14,1,,,,,,0
655,3030001173302,01,0,2026-07-14,2026-07-14,"株式会社南洋",,301,"埼玉県","桶川市","西２丁目９番３６号",,11,231,3630017,,,,,,,2026-07-14,1,,,,,"ナンヨウ",0
656,3030002053379,21,0,2026-07-14,2026-06-26,"有限会社太田製作所",,302,"埼玉県","上尾市","大字原市１３３１番地６",,11,219,3620021,,,2026-06-26,01,,,2015-10-05,1,,,,,"オオタセイサクショ",0
657,3030003022283,12,0,2026-07-14,2026-07-08,"合同会社エルシャダイ",,305,"東京都","北区","赤羽西２丁目３－１１",,13,117,1150055,,,,,,,2023-08-14,1,,,,,"エルシャダイ",0
658,3030003029626,01,0,2026-07-14,2026-07-14,"合同会社ＰＲＯＴＩＳＬＥ",,305,"埼玉県","白岡市","小久喜７８７",,11,246,3490217,,,,,,,2026-07-14,1,,,,,"プロタイル",0
659,3030003029634,01,0,2026-07-14,2026-07-14,"合同会社ｍｙｔｈｏｌ",,305,"埼玉県","草加市","親善町３６－６",,11,221,3400000,,,,,,,2026-07-14,1,,,,,"ミソル",0
660,3040001002749,12,0,2026-07-14,2026-07-01,"佐藤不動産株式会社",,301,"千葉県","千葉市稲毛区","小中台町５６７番地稲毛スカイタウン１棟２０７号",,12,103,2630044,,,,,,,2015-10-05,1,,,,,"サトウフドウサン",0
661,3040001051234,21,0,2026-07-14,2026-06-12,"陽品運輸商事株式会社",,301,"千葉県","袖ケ浦市","南袖６５番地１",,12,229,2990268,,,2026-06-12,11,3040001054690,"令和８年６月１日千葉県市原市五井５９４５番地の１陽品運輸倉庫株式会社（3040001054690）に合併し解散",2015-10-05,1,,,,,"ヨウヒンウンユショウジ",0
662,3040001054690,71,0,2026-07-14,2026-06-12,"陽品運輸倉庫株式会社",,301,"千葉県","市原市","五井５９４５番地の１",,12,219,2900056,,,,,,"令和８年６月１日埼玉県大里郡寄居町用土５９２０番地１ペトロサポート株式会社（9040001053101）を合併令和８年６月１日千葉県袖ケ浦市南袖６５番地１陽品運輸商事株式会社（3040001051234）を合併令和８年６月１日千葉県市原市五井５９４５番地の１野田エルピーガス物流株式会社（6040002048870）を合併",2015-10-05,1,,,,,"ヨウヒンウンユソウコ",0
663,3040001057009,21,0,2026-07-14,2026-06-30,"バイオフロンテ株式会社",,301,"千葉県","市川市","市川３丁目２７番１６号",,12,203,2720034,,,2026-06-30,01,,,2015-10-05,1,,,,,"バイオフロンテ",0
664,3040001095495,01,1,2026-07-14,2016-05-31,"株式会社アートファクトリー",,301,"千葉県","木更津市","清見台東２丁目２８番１５号",,12,206,2920041,,,,,,,2016-05-31,1,,,,,"アートファクトリー",0
665,3040001108554,01,1,2026-07-14,2019-04-03,"株式会社Ｌｉｆｅ　Ｓｈｏｗ",,301,"千葉県","柏市","柏２丁目５番９－１００１号",,12,217,2770005,,,,,,,2019-04-03,0,,,,,"ライフショー",0
666,3040001108554,12,1,2026-07-14,2024-11-13,"株式会社Ｌｉｆｅ　Ｓｈｏｗ",,301,"埼玉県","川口市","西川口６丁目１２－１３－３",,11,203,3320021,,,,,,,2019-04-03,1,,,,,"ライフショー",0
667,3040001144483,01,0,2026-07-14,2026-07-14,"ヴァンテージ・フード・イノベーション株式会社",,301,"千葉県","浦安市","富士見２丁目３番１７号",,12,227,2790043,,,,,,,2026-07-14,1,,,,,"ヴァンテージフードイノベーション",0
668,3040001144525,01,0,2026-07-14,2026-07-14,"株式会社柴工務店",,301,"千葉県","千葉市稲毛区","六方町９３番地２",,12,103,2630004,,,,,,,2026-07-14,1,,,,,"シバコウムテン",0
669,3040001144541,01,0,2026-07-14,2026-07-14,"株式会社ジャイキリ",,301,"千葉県","千葉市花見川区","浪花町９０７番地１２１",,12,102,2620024,,,,,,,2026-07-14,1,,,,,"ジャイキリ",0
670,3040001144558,01,0,2026-07-14,2026-07-14,"株式会社ヤドるん",,301,"千葉県","柏市","東上町１番１－５０１号",,12,217,2770011,,,,,,,2026-07-14,1,,,,,"ヤドルン",0
671,3040002011600,01,1,2026-07-14,2015-10-05,"有限会社明菓堂本店",,302,"千葉県","千葉市稲毛区","千草台１丁目１番２５棟１０２号",,12,103,2630013,,,,,,,2015-10-05,1,,,,,"メイカドウホンテン",0
672,3040003030310,01,0,2026-07-14,2026-07-14,"合同会社さくら",,305,"千葉県","船橋市","海神１丁目３１番１１号",,12,204,2730021,,,,,,,2026-07-14,1,,,,,"サクラ",0
673,3040003030351,01,0,2026-07-14,2026-07-14,"ＴＡＰ　ＴＯ　ＭＯＵＴＨ合同会社",,305,"千葉県","柏市","千代田１丁目７番３－１０８号",,12,217,2770025,,,,,,,2026-07-14,1,,,,,"タップトゥマウス",0
674,3040003030376,01,0,2026-07-14,2026-07-14,"合同会社ｆｕｋｉｙｏｓｅ",,305,"千葉県","松戸市","稔台１丁目１５－６アップルステーションＡ棟店舗Ｂ",,12,207,2702231,,,,,,,2026-07-14,1,,,,,"フキヨセ",0
675,3040005023221,01,0,2026-07-14,2026-07-14,"行政書士法人菅谷事務所",,399,"千葉県","旭市","琴田２８１５番地６",,12,215,2892502,,,,,,,2026-07-14,1,,,,,"スガヤジムショ",0
676,3050001034295,01,1,2026-07-14,2015-10-05,"株式会社カツキサービス",,301,"茨城県","稲敷郡阿見町","大字阿見４６６６番地３３９５",,08,443,3000331,,,,,,,2015-10-05,1,,,,,"カツキサービス",0
677,3060001033239,12,0,2026-07-14,2026-07-03,"エヌジェーアシスト株式会社",,301,"栃木県","鹿沼市","板荷２４５番５",,09,205,3211111,,,,,,,2020-12-10,1,,,,,"エヌジェーアシスト",0
678,3060001039450,01,0,2026-07-14,2026-07-14,"株式会社ＭＯＮＡＬＹＴＨ",,301,"栃木県","佐野市","石塚町１２８３‐１",,09,204,3270103,,,,,,,2026-07-14,1,,,,,"モナリス",0
679,3070001008586,01,1,2026-07-14,2015-10-05,"株式会社茂木製作所",,301,"群馬県","高崎市","吉井町池７７９番地の１",,10,202,3702107,,,,,,,2015-10-05,0,,,,,"モギセイサクショ",0
680,3070001008586,71,1,2026-07-14,2018-03-01,"株式会社茂木製作所",,301,"群馬県","高崎市","吉井町池７７９番地の１",,10,202,3702107,,,,,,"平成３０年３月１日群馬県高崎市倉賀野町２４５３番地の９関東エンジニアリング株式会社（5070001006448）を合併",2015-10-05,1,,,,,"モギセイサクショ",0
681,3070002022561,01,1,2026-07-14,2015-10-05,"有限会社新居精工",,302,"群馬県","みどり市","笠懸町阿左美７６７番地２２",,10,212,3792311,,,,,,,2015-10-05,1,,,,,"アライセイコウ",0
682,3080001027718,01,0,2026-07-14,2026-07-14,"株式会社Ｓ’ｔｒｒｉｃ",,301,"静岡県","静岡市葵区","若松町５２番地の６",,22,101,4200006,,,,,,,2026-07-14,1,,,,,"エスズトリック",0
683,3080101019094,01,1,2026-07-14,2016-05-11,"株式会社土屋工業",,301,"静岡県","富士市","今泉２５５３番地の１",,22,210,4170001,,,,,,,2016-05-11,1,,,,,"ツチヤコウギョウ",0
684,3080101026371,01,0,2026-07-14,2026-07-14,"株式会社Ｎｕｕ",,301,"静岡県","沼津市","原町中１丁目５番地の８",,22,203,4100311,,,,,,,2026-07-14,1,,,,,"ヌー",0
685,3080101026396,01,0,2026-07-14,2026-07-14,"株式会社みるく舎ＩＤＥＢＯＫ",,301,"静岡県","富士宮市","北山４４０４番地２",,22,207,4180112,,,,,,,2026-07-14,1,,,,,"ミルクシャイデボク",0
686,3080401003401,21,0,2026-07-14,2026-07-01,"株式会社東海国本",,301,"静岡県","浜松市中央区","高丘北３丁目３７番５０号",,22,138,4338119,,,2026-07-01,11,5080401003952,"令和８年７月１日静岡県浜松市中央区高丘北三丁目３７番５０号株式会社布橋運送（5080401003952）に合併し解散",2015-10-05,1,,,,,"トウカイクニモト",0
687,3080401028729,01,0,2026-07-14,2026-07-14,"株式会社Ａｒｅｔｅ",,301,"静岡県","浜松市中央区","有玉南町１２２６番地の１",,22,138,4313122,,,,,,,2026-07-14,1,,,,,"アレテ",0
688,3080401028737,01,0,2026-07-14,2026-07-14,"株式会社ＳＨＯ",,301,"静岡県","周智郡森町","一宮５５９６番地",,22,461,4370226,,,,,,,2026-07-14,1,,,,,"ショウ",0
689,3090001019986,01,0,2026-07-14,2026-07-14,"山和建設工業株式会社",,301,"山梨県","南アルプス市","飯野３４６５番地１",,19,208,4000222,,,,,,,2026-07-14,1,,,,,"サンワケンセツコウギョウ",0
690,3100002009803,01,1,2026-07-14,2015-10-05,"有限会社中沢ガラス店",,302,"長野県","千曲市","大字戸倉２１３８番地４",,20,218,3890804,,,,,,,2015-10-05,1,,,,,"ナカザワガラステン",0
691,3100002024513,21,0,2026-07-14,2026-07-09,"有限会社タカイデ工業",,302,"長野県","塩尻市","大字洗馬５６４４番地",,20,215,3996462,,,2026-07-09,01,,,2015-10-05,1,,,,,"タカイデコウギョウ",0
692,3100005006962,01,1,2026-07-14,2015-10-05,"鶯着寺",,399,"長野県","塩尻市","大字贄川４００番地１",,20,215,3996301,,,,,,,2015-10-05,1,,,,,"オウチャクジ",0
693,3110001020306,12,0,2026-07-14,2026-07-01,"株式会社あらきん",,301,"新潟県","妙高市","大字関川７５５番地４",,15,217,9492112,,,,,,,2015-10-05,1,,,,,"アラキン",0
694,3110001020735,11,0,2026-07-14,2026-07-02,"ＲＹＯＹＵ株式会社",,301,"新潟県","上越市","板倉区稲増１９２番地５",,15,222,9440101,,,,,,,2015-10-05,1,,,,,"リョウユウ",0
695,3110001040270,01,0,2026-07-14,2026-07-14,"ジャステムホールディングス株式会社",,301,"新潟県","長岡市","新陽１丁目１５番地",,15,202,9402147,,,,,,,2026-07-14,1,,,,,"ジャステムホールディングス",0
696,3110005006177,21,0,2026-07-14,2026-07-01,"燕市公害防止事業協同組合",,399,"新潟県","燕市","東太田字杉名田６８５７番地",,15,213,9591289,,,2026-07-01,01,,,2015-10-05,1,,,,,"ツバメシコウガイボウシ",0
697,3120001015635,21,0,2026-07-14,2026-07-09,"株式会社天和鉄工所",,301,"大阪府","大阪市鶴見区","今津北３丁目４番６号",,27,124,5380041,,,2026-07-09,01,,,2015-10-05,1,,,,,"テンワテッコウショ",0
698,3120001187375,01,1,2026-07-14,2015-10-05,"株式会社ＮＣＬ",,301,"大阪府","大阪市中央区","博労町１丁目７番７号",,27,128,5410059,,,,,,,2015-10-05,0,,,,,,0
699,3120001187375,12,1,2026-07-14,2016-11-02,"株式会社ＮＣＬ",,301,"大阪府","大阪市中央区","備後町１丁目４番８号",,27,128,5410051,,,,,,,2015-10-05,0,,,,,,0
700,3120001187375,12,1,2026-07-14,2023-05-02,"株式会社ＮＣＬ",,301,"大阪府","豊中市","上新田２丁目１４－１４",,27,203,5600085,,,,,,,2015-10-05,1,,,,,,0
701,3120001237477,12,0,2026-07-14,2026-07-07,"安信株式会社",,301,"大阪府","大阪市浪速区","日本橋４丁目７番１８号",,27,111,5560005,,,,,,,2021-05-19,1,,,,,"アンシン",0
702,3120001275411,21,0,2026-07-14,2026-07-07,"捷隆株式会社",,301,"大阪府","大阪市東成区","大今里３丁目１５番６号ＩｍａｚａｔｏＴｏｗｅｒ１０５Ｂ",,27,115,5370012,,,2026-07-07,01,,,2025-05-12,1,,,,,"ショウリュウ",0
703,3120001278067,12,0,2026-07-14,2026-07-03,"点撃株式会社",,301,"大阪府","大阪市東住吉区","桑津４丁目１－１メランジュ天王寺東４０５号",,27,121,5460041,,,,,,,2025-07-23,1,,,,,"テンゲキ",0
704,3120001280171,21,0,2026-07-14,2026-07-06,"日庭株式会社",,301,"大阪府","大阪市中央区","瓦屋町３丁目４番９号サンシャイン瓦屋町２０７Ｂ",,27,128,5420066,,,2026-07-06,01,,,2025-09-22,1,,,,,"ニテイ",0
705,3120001280304,21,0,2026-07-14,2026-07-06,"一新株式会社",,301,"大阪府","大阪市東住吉区","中野４丁目１番１６号リベラルオリエンテ中野７０４Ｂ",,27,121,5460012,,,2026-07-06,01,,,2025-10-09,1,,,,,"イチシン",0
706,3120002060911,01,1,2026-07-14,2015-10-05,"有限会社竹下鉄筋工業所",,302,"大阪府","大阪市城東区","中央２丁目１番２０－７０３号",,27,118,5360005,,,,,,,2015-10-05,0,,,,,"タケシタテッキンコウギョウショ",0
707,3120002060911,21,0,2026-07-14,2026-07-06,"有限会社竹下鉄筋工業所",,302,"大阪府","大阪市城東区","中央２丁目１番２０－７０３号",,27,118,5360005,,,2026-07-06,01,,,2015-10-05,1,,,,,"タケシタテッキンコウギョウショ",0
708,3120003028742,12,0,2026-07-14,2026-07-03,"禾澤智心合同会社",,305,"大阪府","大阪市西区","九条２丁目１０番１９号１階",,27,106,5500027,,,,,,,2025-02-28,1,,,,,"イネサワチシン",0
709,3120003033065,01,0,2026-07-14,2026-07-14,"合同会社ＮＥＷＢＯＮＤ",,305,"大阪府","大阪市北区","中津６丁目７番１３号５０３号室",,27,127,5310071,,,,,,,2026-07-14,1,,,,,"ニューボンド",0
710,3120005025655,01,0,2026-07-14,2026-07-14,"一般社団法人住宅点検・維持管理推進協議会",,399,"大阪府","大阪市中央区","淡路町３丁目５番１３号",,27,128,5410047,,,,,,,2026-07-14,1,,,,,"ジュウタクテンケンイジカンリスイシンキョウギカイ",0
711,3120101044278,01,1,2026-07-14,2015-10-05,"東洋クロス株式会社",,301,"大阪府","泉南市","樽井６丁目２９番１号",,27,228,5900521,,,,,,,2015-10-05,1,,,,,"トウヨウ",0
712,3120101068112,12,0,2026-07-14,2026-07-10,"株式会社Ｌｅａｄ　Ｃｏｍｐａｎｙ",,301,"大阪府","東大阪市","川中５番２０号",,27,227,5780902,,,,,,,2023-08-28,1,,,,,"リードカンパニー",0
713,3122001022462,12,0,2026-07-14,2026-07-09,"株式会社山二",,301,"大阪府","八尾市","太田３丁目１３２番地",,27,212,5810037,,,,,,,2015-10-05,1,,,,,"ヤマニ",0
714,3122001029680,21,0,2026-07-14,2026-07-09,"株式会社ＮＥＸＴ",,301,"大阪府","柏原市","片山町１番３１号",,27,221,5820020,,,2026-07-09,01,,,2016-06-03,1,,,,,"ネクスト",0
715,3122001034086,12,0,2026-07-14,2026-07-10,"株式会社Ｚｏｏｍｉｎ",,301,"大阪府","東大阪市","永和１丁目１０番１号",,27,227,5770809,,,,,,,2020-10-05,1,,,,,"ズームイン",0
716,3122001040712,01,0,2026-07-14,2026-07-14,"株式会社Ｖｉ‐Ｍｉｒｒｏｒｉｚｅ　Ｌａｂ",,301,"大阪府","東大阪市","小若江３丁目６番９号近畿大学ＫＩＮＣＵＢＡＢａｓｅｃａｍｐ",,27,227,5770818,,,,,,,2026-07-14,1,,,,,"ヴィミラーライズラボ",0
717,3130001016987,01,1,2026-07-14,2015-10-05,"株式会社きもの姿",,301,"京都府","京都市下京区","東中筋通正面下る紅葉町３５８番地１",,26,106,6008345,,,,,,,2015-10-05,1,,,,,"キモノスガタ",0
718,3140001005139,01,1,2026-07-14,2015-10-05,"株式会社ナガシマ建築企画",,301,"兵庫県","神戸市西区","伊川谷町有瀬７３０番地の６",,28,111,6512113,,,,,,,2015-10-05,1,,,,,"ナガシマケンチクキカク",0
719,3140001017737,12,0,2026-07-14,2026-07-09,"飛松住宅株式会社",,301,"東京都","杉並区","今川４丁目１９番１３号",,13,115,1670035,,,,,,,2015-10-05,1,,,,,"トビマツジュウタク",0
720,3140001063467,11,0,2026-07-14,2026-07-06,"株式会社アミューズ２４環境サービス",,301,"兵庫県","神崎郡市川町","甘地１６６番地の３",,28,442,6792323,,,,,,,2015-10-05,1,,,,,"ジュウセツアズミショウジ",0
721,3140001088927,12,0,2026-07-14,2026-07-09,"ヘップエスピーブイ２ジャパン株式会社",,301,"東京都","港区","浜松町２丁目１０番６号",,13,103,1050013,,,,,,,2015-10-05,1,,,,,"ヘップエスピーブイニジャパン",0
722,3140001094751,12,0,2026-07-14,2026-07-09,"ヘップエスピーブイ７ジャパン株式会社",,301,"東京都","港区","浜松町２丁目１０番６号",,13,103,1050013,,,,,,,2015-10-05,1,,,,,"ヘップエスピーブイナナジャパン",0
723,3140001102217,12,0,2026-07-14,2026-07-09,"ヘップエスピーブイ１４ジャパン株式会社",,301,"東京都","港区","浜松町２丁目１０番６号",,13,103,1050013,,,,,,,2016-06-01,1,,,,,"ヘップエスピーブイジュウヨンジャパン",0
724,3140001114831,71,0,2026-07-14,2026-07-01,"株式会社スリーエム",,301,"兵庫県","尼崎市","水堂町３丁目１７番２７号",,28,202,6610026,,,,,,"令和８年６月２１日兵庫県宝塚市中野町８番８号リリーフ宝塚１０１株式会社Ｈｏ‐ｋａｎ（3140001133154）を合併",2019-09-10,1,,,,,"スリーエム",0
725,3140001119574,12,0,2026-07-14,2026-07-09,"ヘップエスピーブイ１８ジャパン株式会社",,301,"東京都","港区","浜松町２丁目１０番６号",,13,103,1050013,,,,,,,2020-11-30,1,,,,,"ヘップエスピーブイジュウハチジャパン",0
726,3140001130688,01,1,2026-07-14,2023-07-03,"心グループ株式会社",,301,"兵庫県","神戸市垂水区","青山台７丁目７番１号",,28,108,6550873,,,,,,,2023-07-03,0,,,,,,0
727,3140001130688,12,1,2026-07-14,2024-07-03,"心グループ株式会社",,301,"兵庫県","神戸市垂水区","王居殿２丁目１３番４－１０７号",,28,108,6550883,,,,,,,2023-07-03,0,,,,,,0
728,3140001130688,12,0,2026-07-14,2026-07-09,"心グループ株式会社",,301,"群馬県","前橋市","南町３丁目１９－５番１０２号",,10,201,3710805,,,,,,,2023-07-03,1,,,,,,0
729,3140001133154,21,0,2026-07-14,2026-07-01,"株式会社Ｈｏ‐ｋａｎ",,301,"兵庫県","宝塚市","中野町８番８号リリーフ宝塚１０１",00133578,28,214,6650056,,,2026-07-01,11,3140001114831,"令和８年６月２１日兵庫県尼崎市水堂町三丁目１７番２７号株式会社スリーエム（3140001114831）に合併し解散",2024-01-31,1,,,,,"ホーカン",0
730,3140001143392,01,0,2026-07-14,2026-07-14,"株式会社悠和環境",,301,"兵庫県","神戸市長田区","明泉寺町２丁目９番３－２号",,28,106,6530884,,,,,,,2026-07-14,1,,,,,"ユウワカンキョウ",0
731,3140001143434,01,0,2026-07-14,2026-07-14,"株式会社ひらっく",,301,"兵庫県","伊丹市","荒牧７丁目１４－２１",,28,207,6640001,,,,,,,2026-07-14,1,,,,,"ヒラック",0
732,3140002050381,12,0,2026-07-14,2026-07-09,"ウイルプラスＯＧＵＮＩ株式会社",,301,"東京都","港区","芝５丁目１３番１５号",,13,103,1080014,,,,,,,2015-10-05,1,,,,,"ウイルプラスオグニ",0
733,3140005008583,11,0,2026-07-14,2026-07-01,"株式会社西紀",,301,"兵庫県","丹波篠山市","上板井７８０番地",,28,221,6692732,,,,,,,2015-10-05,1,,,,,"ニシキ",0
734,3170001014582,01,1,2026-07-14,2017-01-19,"大和送電株式会社",,301,"和歌山県","紀の川市","貴志川町神戸１０５２番地５",,30,208,6400413,,,,,,,2017-01-19,1,,,,,"ヤマトソウデン",0
735,3170002009474,01,1,2026-07-14,2015-10-05,"有限会社南和軌道",,302,"和歌山県","日高郡みなべ町","埴田９３６番地の３",,30,391,6450004,,,,,,,2015-10-05,1,,,,,"ナンワキドウ",0
736,3180001048027,01,1,2026-07-14,2015-10-05,"ビュースカイネット株式会社",,301,"愛知県","名古屋市熱田区","中田町４番２号",,23,109,4560014,,,,,,,2015-10-05,1,,,,,"ビュースカイネット",0
737,3180001064247,12,0,2026-07-14,2026-07-03,"株式会社Ｏｖａｌ　Ｊｒ．",,301,"愛知県","名古屋市中村区","名駅２丁目３９番２３号",,23,105,4500002,,,,,,,2015-10-05,1,,,,,"オーバルジュニア",0
738,3180001134074,21,0,2026-07-14,2026-07-03,"株式会社ＮＢ　ＥＳＴＡＴＥ",,301,"愛知県","名古屋市千種区","菊坂町２丁目４３番地",,23,101,4640836,,,2026-07-03,01,,,2018-10-16,1,,,,,"エヌビーエステート",0
739,3180001172743,01,0,2026-07-14,2026-07-14,"服部アセット株式会社",,301,"愛知県","名古屋市緑区","諸の木１丁目２３０１番地",,23,114,4580817,,,,,,,2026-07-14,1,,,,,"ハットリアセット",0
740,3180001172751,01,0,2026-07-14,2026-07-14,"株式会社メルヴェイユＡＩ",,301,"愛知県","名古屋市中区","栄２丁目１２番１２号",,23,106,4600008,,,,,,,2026-07-14,1,,,,,"メルヴェイユエーアイ",0
741,3180001172776,01,0,2026-07-14,2026-07-14,"株式会社ＴＯＳＨＩＮ",,301,"愛知県","名古屋市東区","橦木町１丁目６番地の２",,23,102,4610014,,,,,,,2026-07-14,1,,,,,"トウシン",0
742,3180002005381,21,0,2026-07-14,2026-07-10,"有限会社宮本料理プロダクション",,302,"愛知県","名古屋市千種区","東山通４丁目５番地の４",,23,101,4640807,,,2026-07-10,01,,,2015-10-05,1,,,,,"ミヤモトリョウリプロダクション",0
743,3180003021080,21,0,2026-07-14,2026-06-29,"合同会社アタラキシア",,305,"愛知県","名古屋市名東区","西里町５丁目５５番地の１８",,23,115,4650084,,,2026-06-29,01,,,2020-04-10,1,,,,,"アタラキシア",0
744,3180003030503,01,0,2026-07-14,2026-07-14,"合同会社ＹＥＫオフィス",,305,"愛知県","尾張旭市","西山町１丁目１０番地１３",,23,226,4880824,,,,,,,2026-07-14,1,,,,,"ワイイーケイオフィス",0
745,3180301001263,01,1,2026-07-14,2015-10-05,"株式会社ゼロ",,301,"愛知県","岡崎市","宇頭町字久屋名２３番地",,23,202,4440905,,,,,,,2015-10-05,0,,,,,"ゼロ",0
746,3180301001263,12,1,2026-07-14,2026-07-03,"株式会社ゼロ",,301,"愛知県","岡崎市","宇頭北町２丁目１番地７",,23,202,4440906,,,,,,,2015-10-05,1,,,,,"ゼロ",0
747,3180301004976,12,0,2026-07-14,2026-07-01,"株式会社あゆみっくす",,301,"愛知県","豊橋市","春日町２丁目４番地３",,23,201,4400821,,,,,,,2015-10-05,1,,,,,"アユミックス",0
748,3180301029767,01,1,2026-07-14,2016-11-10,"古居興業株式会社",,301,"愛知県","西尾市","平坂町烏多２５番地１９",,23,213,4440305,,,,,,,2016-11-10,1,,,,,"フルイコウギョウ",0
749,3180301039634,12,0,2026-07-14,2026-07-03,"株式会社さくらフィッシャリー",,301,"愛知県","豊橋市","駅前大通２丁目８１番地ｅｍＣＡＭＰＵＳＥＡＳＴ５Ｆ",,23,201,4400888,,,,,,,2025-03-18,1,,,,,"サクラフィッシャリー",0
750,3180302010164,01,1,2026-07-14,2015-10-05,"有限会社むぎとろ",,302,"愛知県","豊橋市","松葉町１丁目７番地",,23,201,4400897,,,,,,,2015-10-05,1,,,,,"ムギトロ",0
751,3180303005378,21,0,2026-07-14,2026-07-01,"合同会社ＡＫＩＫＯ",,305,"愛知県","豊橋市","広小路２丁目４番地岡田ビル１Ｆ",,23,201,4400881,,,2026-07-01,01,,,2022-07-05,1,,,,,"アキコ",0
752,3180305009716,12,0,2026-07-14,2026-07-08,"ひろ行政書士法人",,399,"愛知県","西尾市","寺津２丁目９番地２１",,23,213,4440327,,,,,,,2025-08-07,1,,,,,"ヒロ",0
753,3190001023540,12,0,2026-07-14,2026-07-02,"株式会社せせらぎの里営農組合",,301,"三重県","亀山市","小川町２０３９番地",,24,210,5190161,,,,,,,2016-04-04,1,,,,,"セセラギノサトエイノウクミアイ",0
754,3200001045211,01,0,2026-07-14,2026-07-14,"熾金株式会社",,301,"岐阜県","中津川市","飯沼２０５－３",,21,206,5097322,,,,,,,2026-07-14,1,,,,,"シキン",0
755,3200001045228,01,0,2026-07-14,2026-07-14,"松田工務店株式会社",,301,"岐阜県","土岐市","妻木町３２４７番地の２４７",,21,212,5095301,,,,,,,2026-07-14,1,,,,,"マツダコウムテン",0
756,3200001045244,01,0,2026-07-14,2026-07-14,"興栄丸株式会社",,301,"岐阜県","加茂郡坂祝町","取組５８２番地３",,21,501,5050075,,,,,,,2026-07-14,1,,,,,"コウエイマル",0
757,3200001045269,01,0,2026-07-14,2026-07-14,"株式会社木村アカウンティングリースサービス",,301,"岐阜県","岐阜市","岩滝東２丁目３２２番地",,21,201,5013151,,,,,,,2026-07-14,1,,,,,"キムラアカウンティングリースサービス",0
758,3210001020675,01,0,2026-07-14,2026-07-14,"株式会社アスピカグループホールディングス",,301,"福井県","福井市","二の宮４丁目６番１６号",,18,201,9100015,,,,,,,2026-07-14,1,,,,,"アスピカグループホールディングス",0
759,3220001001237,12,0,2026-07-14,2026-07-13,"イワタニ北陸株式会社",,301,"石川県","野々市市","下林４丁目５１８番地",,17,212,9218831,,,,,,,2015-10-05,1,,,,,"イワタニホクリク",0
760,3230001003141,01,1,2026-07-14,2015-10-05,"水上建設株式会社",,301,"富山県","富山市","水橋伊勢領９２番地",,16,201,9390545,,,,,,,2015-10-05,1,,,,,"ミズカミケンセツ",0
761,3230001021515,01,0,2026-07-14,2026-07-14,"成伯住設株式会社",,301,"富山県","富山市","上冨居２丁目１２番８号",,16,201,9300835,,,,,,,2026-07-14,1,,,,,"ナリキジュウセツ",0
762,3230005005456,01,1,2026-07-14,2015-10-05,"井栗谷生産森林組合",,399,"富山県","砺波市","井栗谷６５４４番地",,16,208,9391425,,,,,,,2015-10-05,1,,,,,"イクリダニ",0
763,3240001030861,01,1,2026-07-14,2015-10-05,"塩出印刷株式会社",,301,"広島県","福山市","引野町１丁目２９番２７号",,34,207,7210942,,,,,,,2015-10-05,1,,,,,"シオデインサツ",0
764,3240001035175,01,1,2026-07-14,2015-10-05,"株式会社ＡＨＴ",,301,"広島県","福山市","藤江町５８３番地１",,34,207,7200543,,,,,,,2015-10-05,1,,,,,"エーエイチティー",0
765,3240001062566,21,0,2026-07-14,2026-06-22,"株式会社ＬｉＢ",,301,"広島県","広島市西区","庚午北２丁目１５番１５号コ－ポキムラ１０１",,34,104,7330821,,,2026-06-22,11,9240001062544,"令和８年６月２１日広島市安佐南区緑井二丁目１４番２６号株式会社ｏｗｌ（9240001062544）に合併し解散",2023-12-15,1,,,,,"リブ",0
766,3240002017841,01,1,2026-07-14,2015-10-05,"有限会社よねさき",,302,"広島県","広島市西区","新庄町２２番８－６号",,34,104,7330801,,,,,,,2015-10-05,0,,,,,"ヨネサキ",0
767,3240002017841,12,1,2026-07-14,2026-07-02,"有限会社よねさき",,302,"広島県","広島市西区","竜王町６番８号",,34,104,7330803,,,,,,,2015-10-05,1,,,,,"ヨネサキ",0
768,3260001028879,21,0,2026-07-14,2026-07-03,"株式会社志",,301,"広島県","広島市安佐北区","安佐町大字毛木８０番地５",,34,106,7313351,,,2026-07-03,01,,,2015-10-16,1,,,,,"ココロザシ",0
769,3270002007014,01,1,2026-07-14,2015-10-05,"松浦有限会社",,302,"鳥取県","米子市","角盤町２丁目７０番地",,31,202,6830812,,,,,,,2015-10-05,1,,,,,"マツウラ",0
770,3290001070894,21,0,2026-07-14,2026-07-01,"株式会社おおはまファーム",,301,"福岡県","福岡市東区","松島３丁目２３番４５号",,40,131,8130062,,,2026-07-01,11,8290001002760,"令和８年７月１日福岡市東区松島三丁目２３番４５号株式会社大濱組（8290001002760）に合併し解散",2015-10-05,1,,,,,"オオハマファーム",0
771,3290001079317,12,0,2026-07-14,2026-07-01,"株式会社マネジメント福岡",,301,"福岡県","福岡市城南区","田島２丁目２６番３７号",,40,136,8140113,,,,,,,2017-10-11,1,,,,,"マネジメントフクオカ",0
772,3290001105007,12,0,2026-07-14,2026-07-08,"株式会社アノニマス",,301,"東京都","港区","西麻布１丁目２番１３号デュオ・スカーラ西麻布タワーＣＥＮＴＲＡＬ２０１号室",,13,103,1060031,,,,,,,2024-03-11,1,,,,,"アノニマス",0
773,3290001114825,01,0,2026-07-14,2026-07-14,"株式会社成宝",,301,"福岡県","春日市","泉４丁目３２番地１",,40,218,8160853,,,,,,,2026-07-14,1,,,,,"セイホウ",0
774,3290003018669,01,0,2026-07-14,2026-07-14,"合同会社アルカロ",,305,"福岡県","福岡市中央区","清川３丁目２７番１１－１１０２号アリビオ天神南",,40,133,8100005,,,,,,,2026-07-14,1,,,,,"アルカロ",0
775,3290003018693,01,0,2026-07-14,2026-07-14,"マシンサポート合同会社",,305,"福岡県","小郡市","小郡８２４番地１１",,40,216,8380141,,,,,,,2026-07-14,1,,,,,"マシンサポート",0
776,3290801000745,01,1,2026-07-14,2015-10-05,"九州冷熱株式会社",,301,"福岡県","北九州市戸畑区","大字中原字先の浜４６番地の９５",,40,105,8040002,,,,,,,2015-10-05,1,,,,,,0
777,3290801001306,12,0,2026-07-14,2026-07-03,"株式会社巧栄舎",,301,"福岡県","北九州市小倉南区","津田南町２２番５号",,40,107,8000248,,,,,,,2015-10-05,1,,,,,"コウエイシャ",0
778,3290801032648,01,0,2026-07-14,2026-07-14,"株式会社ＳＨＩＯＲＩ",,301,"福岡県","北九州市小倉南区","中曽根５丁目１１－４３",,40,107,8000222,,,,,,,2026-07-14,1,,,,,,0
779,3290801032656,01,0,2026-07-14,2026-07-14,"株式会社アポロ",,301,"福岡県","遠賀郡遠賀町","浅木３丁目５番１５号",,40,384,8114312,,,,,,,2026-07-14,1,,,,,"アポロ",0
780,3290802016484,01,1,2026-07-14,2015-10-05,"津崎工業有限会社",00102359,302,"福岡県","遠賀郡芦屋町","粟屋１１０２番地の１１",,40,381,8070100,,,,,,,2015-10-05,1,,,,,"ツザキコウギョウ",0
781,3300001014180,71,0,2026-07-14,2026-07-01,"中央地所株式会社",,301,"佐賀県","佐賀市","高木瀬東２丁目２番３７号",,41,201,8490922,,,,,,"令和８年７月１日佐賀市高木瀬東二丁目２番３７号中央商事株式会社（5300001008081）を合併",2025-05-07,1,,,,,"チュウオウジショ",0
782,3310002017561,11,0,2026-07-14,2026-07-07,"株式会社ピーシーサポート長崎",,301,"長崎県","大村市","大川田町４２６番地２",,42,205,8560804,,,,,,,2015-10-05,1,,,,,"ピーシーサポートナガサキ",0
783,3320003002025,11,0,2026-07-14,2026-07-01,"株式会社ダイプロランドリー",,301,"大分県","大分市","新川西１丁目４番１７号",,44,201,8700015,,,,,,,2015-10-05,1,,,,,"ダイプロランドリー",0
784,3330001021265,01,1,2026-07-14,2015-10-05,"株式会社Ｒｅｅｆ",,301,"熊本県","熊本市南区","近見６丁目２１番３５号",,43,104,8614101,,,,,,,2015-10-05,1,,,,,"リーフ",0
785,3330001024061,01,1,2026-07-14,2017-05-17,"株式会社三共クレーン工業",,301,"熊本県","玉名郡和水町","津田２０７４番地１",,43,369,8610921,,,,,,,2017-05-17,1,,,,,"サンキョウクレーンコウギョウ",0
786,3330002021710,01,1,2026-07-14,2015-10-05,"有限会社川もと商会",,302,"熊本県","荒尾市","増永１８６２",,43,204,8640032,,,,,,,2015-10-05,1,,,,,"カワモトショウカイ",0
787,3340001017345,21,0,2026-07-14,2026-07-02,"株式会社新村設計",,301,"鹿児島県","鹿児島市","星ヶ峯２丁目１６番１０号",,46,201,8910102,,,2026-07-02,01,,,2015-10-05,1,,,,,"シンムラセッケイ",0
788,3340002010448,21,0,2026-07-14,2026-07-02,"緑陽有限会社",,302,"鹿児島県","鹿児島市","郡元１丁目４番５号",,46,201,8900065,,,2026-07-02,01,,,2015-10-05,1,,,,,"リョクヨウ",0
789,3350003004324,11,0,2026-07-14,2026-07-06,"ＲＣＤキャピタル合同会社",,305,"宮崎県","宮崎市","丸山２丁目２７０－１サーパス神宮参道レジデンス１０４",,45,201,8800052,,,,,,,2023-03-16,1,,,,,"アールシーディキャピタル",0
790,3360001000448,01,1,2026-07-14,2015-10-05,"沖縄土地住宅株式会社",,301,"沖縄県","那覇市","泉崎１丁目２１番１３号",,47,201,9000021,,,,,,,2015-10-05,1,,,,,,0
791,3360001036995,01,0,2026-07-14,2026-07-14,"株式会社ＯＫＩＳＨＩＮ",,301,"沖縄県","中頭郡北中城村","字熱田５５７番地",,47,327,9012313,,,,,,,2026-07-14,1,,,,,"オキシン",0
792,3360003012714,21,0,2026-07-14,2026-06-22,"合同会社ネクストイノベーション",,305,"沖縄県","那覇市","松尾１丁目１０番２４号ホークシティ那覇ビル１階",,47,201,9000014,,,2026-06-22,01,,,2023-02-10,1,,,,,"ネクストイノベーション",0
793,3360005000337,01,1,2026-07-14,2015-10-05,"社会福祉法人まつみ福祉会",,399,"沖縄県","豊見城市","字高嶺３９５番地４４",,47,212,9010213,,,,,,,2015-10-05,1,,,,,,0
794,3370001044097,12,0,2026-07-14,2026-07-09,"株式会社ＨＭＷ",,301,"宮城県","東松島市","小野字中央２番地１",,04,214,9810303,,,,,,,2019-03-06,1,,,,,"エイチエムダブリュー",0
795,3370001045137,21,0,2026-07-14,2026-07-09,"株式会社Ｒｅ　Ｂｅａｕｔｅ",,301,"宮城県","仙台市青葉区","中央２丁目７－３０角川ビル３２１",,04,101,9800021,,,2026-07-09,01,,,2019-12-06,1,,,,,"リボーテ",0
796,3370301003595,12,0,2026-07-14,2026-07-03,"ＹＥＳ株式会社",,301,"宮城県","仙台市宮城野区","榴岡１丁目６－８タニタビル４階",,04,102,9830852,,,,,,,2015-10-05,1,,,,,"イエス",0
797,3370302000006,21,0,2026-07-14,2026-07-03,"有限会社事情磨錬",,302,"宮城県","石巻市","泉町４丁目３番４５号",,04,202,9860832,,,2026-07-03,01,,,2015-10-05,1,,,,,"ジジョウマレン",0
798,3370302002729,01,1,2026-07-14,2015-10-05,"有限会社テレサポート",,302,"宮城県","石巻市","鹿妻南４丁目４番２９号",,04,202,9860042,,,,,,,2015-10-05,1,,,,,"テレサポート",0
799,3370402001424,01,1,2026-07-14,2015-10-05,"有限会社アドラス",,302,"宮城県","登米市","米山町字善王寺中新田４２番地１",,04,212,9870301,,,,,,,2015-10-05,1,,,,,"アドラス",0
800,3410001000475,21,0,2026-07-14,2026-07-09,"秋田ノーミ株式会社",,301,"秋田県","秋田市","寺内字イサノ９８番１号",,05,201,0110901,,,2026-07-09,11,1400001000197,"令和８年７月１日岩手県盛岡市青山二丁目２０番５号北東北ノーミ株式会社（1400001000197）に合併し解散",2015-10-05,1,,,,,"アキタノーミ",0
801,3410001002042,21,0,2026-07-14,2026-07-03,"日通秋田運輸株式会社",,301,"秋田県","秋田市","土崎港穀保町１３０番３８",,05,201,0110944,,,2026-07-03,01,,,2015-10-05,1,,,,,"ニッツウアキタウンユ",0
802,3410002003428,01,1,2026-07-14,2015-10-05,"有限会社本間酒店",,302,"秋田県","秋田市","泉中央２丁目２７番２８号",,05,201,0100917,,,,,,,2015-10-05,1,,,,,"ホンマサケテン",0
803,3420005002112,21,0,2026-07-14,2026-07-01,"特定非営利活動法人ウィメンズネット青森",,399,"青森県","青森市","中央１丁目１８番９号",,02,201,0300822,,,2026-07-01,01,,,2015-10-05,1,,,,,"ウイメンズネットアオモリ",0
804,3420005002368,01,1,2026-07-14,2015-10-05,"公立大学法人青森県立保健大学",,399,"青森県","青森市","大字浜館字間瀬５８番地１",,02,201,0300947,,,,,,,2015-10-05,1,,,,,,0
805,3430001012337,12,0,2026-07-14,2026-07-06,"株式会社環境アシスト",,301,"北海道","札幌市清田区","清田３３３番地１９１",,01,110,0040859,,,,,,,2015-10-05,1,,,,,"カンキョウアシスト",0
806,3430001088113,12,0,2026-07-14,2026-07-09,"株式会社Ｍｅｒｃｉｆｕｌ",,301,"東京都","品川区","上大崎２丁目１８－１６ヴェリテ目黒３Ｆ",,13,109,1410021,,,,,,,2022-12-28,1,,,,,"マーシフル",0
807,3430001090003,12,0,2026-07-14,2026-07-07,"株式会社ＥＳＳＥＮＣＥ",,301,"北海道","札幌市白石区","平和通２丁目南６番３１号",,01,104,0030028,,,,,,,2023-09-25,1,,,,,"エッセンス",0
808,3430001091249,12,0,2026-07-14,2026-07-06,"石山通りの株式会社",,301,"北海道","札幌市中央区","南二条西１２丁目３２４番地１１",,01,101,0600062,,,,,,,2024-03-11,1,,,,,"イシヤマドオリノ",0
809,3430002053925,01,1,2026-07-14,2015-10-05,"有限会社小樽インテリアクリーニング",00089657,302,"北海道","小樽市","朝里２丁目５番１３号",,01,203,0470151,,,,,,,2015-10-05,1,,,,,"オタルインテリアクリーニング",0
810,3430002063379,01,1,2026-07-14,2015-10-05,"有限会社電熔",,302,"北海道","伊達市","南黄金町３０番地１",,01,233,0590271,,,,,,,2015-10-05,1,,,,,"デンヨウ",0
811,3430003019173,01,0,2026-07-14,2026-07-14,"合同会社ＲｏｃｋＣａｓｔｌｅ",,305,"北海道","江別市","一番町３１番地の１１",,01,217,0670072,,,,,,,2026-07-14,1,,,,,"ロックキャッスル",0
812,3430003019181,01,0,2026-07-14,2026-07-14,"合同会社ナガ総業",,305,"北海道","石狩郡新篠津村","第３７線北３５番地",,01,304,0681100,,,,,,,2026-07-14,1,,,,,"ナガソウギョウ",0
813,3430005015047,12,0,2026-07-14,2026-07-07,"石山通り行政書士法人",,399,"北海道","札幌市中央区","南二条西１２丁目３２４番地１１",,01,101,0600062,,,,,,,2024-08-07,1,,,,,"イシヤマドオリ",0
814,3440003001345,12,0,2026-07-14,2026-07-09,"合同会社ｒｅ’ＣＲＥＡＴＥ",,305,"北海道","函館市","中道１丁目２１番２０号",,01,202,0410853,,,,,,,2020-09-04,1,,,,,"リクリエイト",0
815,3440003001717,01,1,2026-07-14,2025-10-06,"合同会社Ｗｈｉｔｅ　Ｓｅｅｄ",,305,"北海道","函館市","末広町１５番３号",,01,202,0400053,,,,,,,2025-10-06,0,,,,,,0
816,3440003001717,12,1,2026-07-14,2026-07-09,"合同会社Ｗｈｉｔｅ　Ｓｅｅｄ",,305,"北海道","函館市","末広町１４番４号",,01,202,0400053,,,,,,,2025-10-06,1,,,,,,0
817,3490001009955,12,0,2026-07-14,2026-07-07,"株式会社三英重設",,301,"高知県","高知市","一宮中町２丁目１５番２１号",,39,201,7818134,,,,,,,2021-08-04,1,,,,,"サンエイジュウセツ",0
818,3700150073029,21,0,2026-07-14,2026-02-28,"松本マラソン実行委員会",,499,"長野県","松本市","美須々５－１松本市総合体育館内",,20,202,3900801,,,2026-02-28,31,,,2016-04-27,1,,,,,"マツモトマラソンジツコウイインカイ",0
819,4010001071688,12,0,2026-07-14,2026-07-08,"株式会社トーメンデバイス",,301,"東京都","港区","芝浦３丁目１番１号",,13,103,1080023,,,,,,,2015-10-05,1,,,,,"トーメンデバイス",0
820,4010001174706,01,1,2026-07-14,2016-04-07,"日本ビビファイ株式会社",,301,"東京都","中央区","新川１丁目６番１２号ＡＩビル茅場町",,13,102,1040033,,,,,,,2016-04-07,1,,,,,"ニホンビビファイ",0
821,4010001242693,12,0,2026-07-14,2026-07-09,"株式会社黄余社",,301,"神奈川県","横浜市中区","上野町１丁目２９番９号",,14,104,2310842,,,,,,,2024-02-28,1,,,,,"コウヨシャ",0
822,4010001257320,01,1,2026-07-14,2025-08-01,"株式会社Ｔ・Ｐ",,301,"東京都","千代田区","丸の内１丁目１１番１号パシフィックセンチュリープレイス丸の内１３Ｆ",,13,101,1000005,,,,,,,2025-08-01,0,,,,,"ティーピー",0
823,4010001257320,12,1,2026-07-14,2026-03-02,"株式会社Ｔ・Ｐ",,301,"東京都","江東区","豊洲３丁目４－８スーパービバホーム豊洲２Ｆ",,13,108,1350061,,,,,,,2025-08-01,1,,,,,"ティーピー",0
824,4010001265315,12,0,2026-07-14,2026-07-10,"ＪＰＡ第４００号株式会社",,301,"東京都","港区","赤坂１丁目８番１号",,13,103,1070052,,,,,,,2026-05-15,1,,,,,"ジェイピーエーダイヨンヒャクゴウ",0
825,4010001265323,12,0,2026-07-14,2026-07-10,"ＪＰＡ第４０８号株式会社",,301,"東京都","港区","赤坂１丁目８番１号",,13,103,1070052,,,,,,,2026-05-15,1,,,,,"ジェイピーエーダイヨンヒャクハチゴウ",0
826,4010001265331,12,0,2026-07-14,2026-07-10,"ＪＰＡ第４１６号株式会社",,301,"東京都","港区","赤坂１丁目８番１号",,13,103,1070052,,,,,,,2026-05-15,1,,,,,"ジェイピーエーダイヨンヒャクジュウロクゴウ",0
827,4010001266998,01,1,2026-07-14,2026-07-09,"株式会社ＰＯＬＩＥ",,301,"東京都","中央区","銀座１丁目１２番４号Ｎ＆Ｅビル７階",,13,102,1040061,,,,,,,2026-07-09,1,,,,,"ポリィ",0
828,4010005025954,12,0,2026-07-14,2026-06-30,"一般社団法人国際資産運用センター推進機構",,399,"東京都","中央区","日本橋茅場町１丁目８番１号ＦｉｎＧＡＴＥＫＡＹＡＢＡ３階",,13,102,1030025,,,,,,,2016-11-07,1,,,,,"コクサイシサンウンヨウセンタースイシンキコウ",0
829,4010005034947,11,0,2026-07-14,2026-06-25,"公益社団法人新時代アジアピースアカデミー",,399,"千葉県","習志野市","実籾２丁目１０番２４号",,12,216,2750002,,,,,,,2022-04-28,1,,,,,"シンジダイアジアピースアカデミー",0
830,4010102002815,01,1,2026-07-14,2015-10-05,"有限会社サーフェイス・エンドウ",,302,"東京都","八王子市","川町２９番地５",,13,201,1930821,,,,,,,2015-10-05,1,,,,,"サーフェイスエンドウ",0
831,4010401044079,01,1,2026-07-14,2015-10-05,"株式会社シー・ティ・ビー・エス",,301,"東京都","港区","赤坂５丁目３番６号",,13,103,1070052,,,,,,,2015-10-05,0,,,,,"シーティビーエス",0
832,4010401044079,11,1,2026-07-14,2020-04-03,"株式会社ＣＳ－ＴＢＳ",,301,"東京都","港区","赤坂５丁目３番６号",,13,103,1070052,,,,,,,2015-10-05,1,,,,,"シーエスティビーエス",0
833,4010401051422,12,0,2026-07-14,2026-06-22,"株式会社イスパニア",,301,"東京都","港区","三田１丁目３番４４－１００２号",,13,103,1080073,,,,,,,2015-10-05,1,,,,,"イスパニア",0
834,4010401066461,01,1,2026-07-14,2015-10-05,"株式会社ファミリーケア",,301,"北海道","札幌市中央区","南二条西１０丁目１０００番地２０",,01,101,0600062,,,,,,,2015-10-05,1,,,,,"ファミリーケア",0
835,4010401096509,12,0,2026-07-14,2026-06-24,"グランド・ウィル・コーポレーション株式会社",,301,"東京都","渋谷区","恵比寿西２丁目８番４号ＥＸ恵比寿西ビル５階",,13,113,1500021,,,,,,,2015-10-05,1,,,,,"グランドウィルコーポレーション",0
836,4010401101813,01,1,2026-07-14,2015-10-05,"株式会社日本クオリティーエステート",,301,"東京都","港区","西麻布１丁目１４番５",,13,103,1060031,,,,,,,2015-10-05,0,,,,,"ニホンクオリティー",0
837,4010401101813,12,1,2026-07-14,2016-03-11,"株式会社日本クオリティーエステート",,301,"東京都","渋谷区","渋谷２丁目１番５号",,13,113,1500002,,,,,,,2015-10-05,0,,,,,"ニホンクオリティー",0
838,4010401101813,71,1,2026-07-14,2019-01-04,"株式会社日本クオリティーエステート",,301,"東京都","渋谷区","渋谷２丁目１番５号",,13,113,1500002,,,,,,"平成３１年１月４日東京都渋谷区渋谷二丁目１番５号株式会社日本クオリティーリユース（2010401119386）を合併",2015-10-05,1,,,,,"ニホンクオリティー",0
839,4010401155594,12,0,2026-07-14,2026-07-10,"株式会社モータウンハウス",,301,"東京都","千代田区","三番町９番地６三番町パークテラス桜苑４０１号",,13,101,1020075,,,,,,,2020-10-06,1,,,,,"モータウンハウス",0
840,4010401167986,12,0,2026-07-14,2026-06-30,"株式会社ｅｎｕｃｏｌｏｒ",,301,"東京都","港区","南青山３丁目８番４０号青山センタービルＴＨＥＨＵＢ南青山２２６号室",,13,103,1070062,,,,,,,2022-06-16,1,,,,,"エヌカラー",0
841,4010403010260,01,1,2026-07-14,2015-10-05,"ＧＵＥＳＳ　ＪＡＰＡＮ合同会社",,305,"東京都","港区","北青山３丁目３番１１号ルネ青山ビル",,13,103,1070061,,,,,,,2015-10-05,0,,,,,"ゲスジャパン",0
842,4010403010260,12,1,2026-07-14,2024-04-03,"ＧＵＥＳＳ　ＪＡＰＡＮ合同会社",,305,"東京都","港区","南青山３丁目１番３４号３ｒｄＭＩＮＡＭＩＡＯＹＡＭＡ１０Ｆ１００２",,13,103,1070062,,,,,,,2015-10-05,1,,,,,"ゲスジャパン",0
843,4010405024250,12,0,2026-07-14,2026-06-24,"ソーラーフィズホールディングス一般社団法人",,399,"東京都","港区","芝大門２丁目１２番３号共生ビル２号館７階環境エネルギー会計事務所内",,13,103,1050012,,,,,,,2025-03-31,1,,,,,"ソーラーフィズホールディングス",0
844,4010405025926,01,0,2026-07-14,2026-07-14,"守谷ロジスティクス一般社団法人",,399,"東京都","港区","六本木１丁目６番１号泉ガーデンタワー",,13,103,1060032,,,,,,,2026-07-14,1,,,,,,0
845,4010501017496,12,0,2026-07-14,2026-07-01,"株式会社イーボル",,301,"東京都","渋谷区","猿楽町９番８号アーバンパーク代官山Ｉ１０７",00144283,13,113,1500033,,,,,,,2015-10-05,1,,,,,"イーボル",0
846,4010501033304,12,0,2026-07-14,2026-07-01,"株式会社シャイニードラゴン",,301,"東京都","渋谷区","猿楽町９番８号アーバンパーク代官山Ｉ１０７",00144284,13,113,1500033,,,,,,,2015-10-05,1,,,,,"シャイニードラゴン",0
847,4010501033774,11,0,2026-07-14,2026-07-09,"株式会社ソラプト",,301,"東京都","台東区","上野１丁目１０番１２号",,13,106,1100005,,,,,,,2015-10-05,1,,,,,"ソラプト",0
848,4010501056156,01,0,2026-07-14,2026-07-14,"株式会社サンダーデザインジャパン",,301,"東京都","台東区","浅草橋５丁目２番３号鈴和ビル２階",,13,106,1110053,,,,,,,2026-07-14,1,,,,,"サンダーデザインジャパン",0
849,4010601015623,01,1,2026-07-14,2015-10-05,"マツマル株式会社",,301,"東京都","墨田区","横川３丁目１１番１４号",,13,107,1300003,,,,,,,2015-10-05,0,,,,,,0
850,4010601015623,11,1,2026-07-14,2016-06-02,"マツマルホールディングス株式会社",,301,"東京都","墨田区","横川３丁目１１番１４号",,13,107,1300003,,,,,,,2015-10-05,1,,,,,"マツマルホールディングス",0
851,4010801006059,71,0,2026-07-14,2026-07-01,"株式会社セイコー社",,301,"東京都","大田区","東糀谷５丁目５番８号",,13,111,1440033,,,,,,"令和８年７月１日東京都大田区東糀谷五丁目５番８号ＳＫＳ株式会社（8010401179796）を合併",2015-10-05,1,,,,,"セイコーシャ",0
852,4010901026964,12,0,2026-07-14,2026-07-10,"株式会社リバティ",,301,"神奈川県","川崎市多摩区","登戸新町２６５番地２",,14,135,2140013,,,,,,,2015-10-05,1,,,,,"リバティ",0
853,4010901040230,12,0,2026-07-14,2026-07-01,"ＵＮＩＴＹ株式会社",,301,"東京都","渋谷区","道玄坂１丁目１９番１２号ＲｅＲａｉＭａ渋谷道玄坂ビル４Ｆ",,13,113,1500043,,,,,,,2017-06-07,1,,,,,"ユニティ",0
854,4011001059582,01,1,2026-07-14,2015-10-05,"シー・エス・アイ・ジャパン株式会社",,301,"東京都","渋谷区","恵比寿南３丁目１０番１４号",,13,113,1500022,,,,,,,2015-10-05,0,,,,,"シーエスアイジャパン",0
855,4011001059582,11,1,2026-07-14,2026-04-27,"ＥＣＲＵＸ　Ｖｅｎｔｕｒｅ　Ｐａｒｔｎｅｒｓ　Ｊａｐａｎ株式会社",,301,"東京都","渋谷区","恵比寿南３丁目１０番１４号",,13,113,1500022,,,,,,,2015-10-05,0,,,,,,0
856,4011001059582,12,1,2026-07-14,2026-05-18,"ＥＣＲＵＸ　Ｖｅｎｔｕｒｅ　Ｐａｒｔｎｅｒｓ　Ｊａｐａｎ株式会社",,301,"東京都","豊島区","東池袋５丁目１４番２号",,13,116,1700013,,,,,,,2015-10-05,1,,,,,,0
857,4011001179026,01,0,2026-07-14,2026-07-14,"株式会社ＯＦＦＩＣＥ　ＤＸ",,301,"東京都","渋谷区","神宮前５丁目５１番８号ラ・ポルト青山２Ｆ－７",,13,113,1500001,,,,,,,2026-07-14,1,,,,,"オフィスディーエックス",0
858,4011001179091,01,0,2026-07-14,2026-07-14,"株式会社Ｅｙｅ　Ａｘｉａ",,301,"東京都","目黒区","洗足２丁目１８番３号ジョイフル目黒洗足３１０",,13,110,1520012,,,,,,,2026-07-14,1,,,,,"アイアクシア",0
859,4011001179125,01,0,2026-07-14,2026-07-14,"Ｇｒｏｗｅｌｌ株式会社",,301,"東京都","渋谷区","桜丘町２３番１７号シティコート桜丘４０４",,13,113,1500031,,,,,,,2026-07-14,1,,,,,"グローウェル",0
860,4011001179141,01,0,2026-07-14,2026-07-14,"株式会社フォルムファクトリー",,301,"東京都","渋谷区","渋谷３丁目１７番４号アクシーズ７号館６階",,13,113,1500002,,,,,,,2026-07-14,1,,,,,"フォルムファクトリー",0
861,4011001179158,01,0,2026-07-14,2026-07-14,"Ｍｏｏｎ　Ｌｅａｐ株式会社",,301,"東京都","渋谷区","広尾１丁目２番１号ヒカリビル４Ｆ",,13,113,1500012,,,,,,,2026-07-14,1,,,,,"ムーンリープ",0
862,4011001179190,01,0,2026-07-14,2026-07-14,"Ｗｅｉｒ株式会社",,301,"東京都","渋谷区","道玄坂１丁目１０番８号渋谷道玄坂東急ビル２Ｆ－Ｃ",,13,113,1500043,,,,,,,2026-07-14,1,,,,,"ウィア",0
863,4011001179257,01,0,2026-07-14,2026-07-14,"株式会社Ｋａｉ　Ｈｕｎｔ",,301,"東京都","渋谷区","道玄坂１丁目１０番８号渋谷道玄坂東急ビル２Ｆ－Ｃ",,13,113,1500043,,,,,,,2026-07-14,1,,,,,"カイハント",0
864,4011002017944,01,1,2026-07-14,2015-10-05,"有限会社桜雅企画",,302,"東京都","渋谷区","東１丁目８番３号グレイスコート東５０２",,13,113,1500011,,,,,,,2015-10-05,1,,,,,"オウガキカク",0
865,4011002028181,01,1,2026-07-14,2015-10-05,"有限会社Ｋ－ＣＵＢＩＣ",,302,"神奈川県","茅ヶ崎市","東海岸南４丁目１１番２５号",,14,207,2530054,,,,,,,2015-10-05,0,,,,,"ケイキュービック",0
866,4011002028181,12,1,2026-07-14,2023-01-24,"有限会社Ｋ－ＣＵＢＩＣ",,302,"神奈川県","茅ヶ崎市","東海岸南１丁目１６番１１号",,14,207,2530054,,,,,,,2015-10-05,0,,,,,"ケイキュービック",0
867,4011002028181,21,0,2026-07-14,2026-06-22,"有限会社Ｋ－ＣＵＢＩＣ",,302,"神奈川県","茅ヶ崎市","東海岸南１丁目１６番１１号",,14,207,2530054,,,2026-06-22,01,,,2015-10-05,1,,,,,"ケイキュービック",0
868,4011003024849,01,0,2026-07-14,2026-07-14,"合同会社ＬＯＣ",,305,"東京都","目黒区","下目黒１丁目１番１４号コノトラビル７Ｆ",,13,110,1530064,,,,,,,2026-07-14,1,,,,,"エルオーシー",0
869,4011003024865,01,0,2026-07-14,2026-07-14,"合同会社ブチアゲ",,305,"東京都","渋谷区","道玄坂１丁目１０番８号渋谷道玄坂東急ビル２Ｆ－Ｃ",,13,113,1500043,,,,,,,2026-07-14,1,,,,,"ブチアゲ",0
870,4011101116515,01,0,2026-07-14,2026-07-14,"ＢＳＣＩ東京株式会社",,301,"東京都","新宿区","西新宿６丁目１５－１ラ・トゥール新宿３０２号",,13,104,1600023,,,,,,,2026-07-14,1,,,,,"ビーエスシーアイトウキョウ",0
871,4011101116606,01,0,2026-07-14,2026-07-14,"株式会社Ｃａｍｐｂｅｌｌ",,301,"東京都","新宿区","西新宿５丁目５番１－２３１５号",,13,104,1600023,,,,,,,2026-07-14,1,,,,,"キャンベル",0
872,4011101116663,01,0,2026-07-14,2026-07-14,"株式会社ＴＫＲ",,301,"東京都","新宿区","市谷仲之町４番８号",,13,104,1620064,,,,,,,2026-07-14,1,,,,,"ティーケーアール",0
873,4011101116754,01,0,2026-07-14,2026-07-14,"株式会社Ｂｒｉｘａ",,301,"東京都","新宿区","西新宿６丁目１６番６号新宿タツミビル１００２",,13,104,1600023,,,,,,,2026-07-14,1,,,,,"ブリクサ",0
874,4011101116770,01,0,2026-07-14,2026-07-14,"ＦＵＪＩ　ＷＩＮＧＳ株式会社",,301,"東京都","新宿区","高田馬場２丁目１７番３号東京三協信用金庫本店ビルＴＨＥＨＵＢ６１０号室",,13,104,1690075,,,,,,,2026-07-14,1,,,,,"フジウイングス",0
875,4011103017414,01,0,2026-07-14,2026-07-14,"合同会社Ｂｉｎａｒｙ　Ｌｏｇｉｃ　Ｘ",,305,"東京都","新宿区","高田馬場１丁目３３－１３千年ビル５Ｆ",,13,104,1690075,,,,,,,2026-07-14,1,,,,,"バイナリロジックエックス",0
876,4011201027281,01,0,2026-07-14,2026-07-14,"株式会社ゼノリア",,301,"東京都","中野区","中野５丁目５１－２－１７０３",,13,114,1640001,,,,,,,2026-07-14,1,,,,,"ゼノリア",0
877,4011601018509,01,1,2026-07-14,2015-10-05,"株式会社ポリゴンドリル",,301,"東京都","練馬区","豊玉中４丁目１４番７号",,13,120,1760013,,,,,,,2015-10-05,1,,,,,"ポリゴンドリル",0
878,4011601028276,12,0,2026-07-14,2026-07-10,"株式会社ＵＰ＆ＳＴＲＥＡＭ",,301,"東京都","大田区","大森北１丁目１２番１号",,13,111,1430016,,,,,,,2024-12-16,1,,,,,"アップアンドストリーム",0
879,4011601029737,01,0,2026-07-14,2026-07-14,"株式会社ＥＮＡ",,301,"東京都","練馬区","関町北３丁目４３番３０号",,13,120,1770051,,,,,,,2026-07-14,1,,,,,"エナ",0
880,4011602022740,01,1,2026-07-14,2015-10-05,"有限会社大泉ハウジング",,302,"東京都","練馬区","東大泉６丁目４７番１号",,13,120,1780063,,,,,,,2015-10-05,0,,,,,"オオイズミハウジング",0
881,4011602022740,12,1,2026-07-14,2026-07-07,"有限会社大泉ハウジング",,302,"東京都","練馬区","南大泉４丁目１０－５",,13,120,1780064,,,,,,,2015-10-05,1,,,,,"オオイズミハウジング",0
882,4011801024777,01,1,2026-07-14,2015-10-05,"株式会社堀井不動産",,301,"東京都","葛飾区","四つ木１丁目４７番８号",,13,122,1240011,,,,,,,2015-10-05,1,,,,,"ホリイフドウサン",0
883,4011801048116,01,0,2026-07-14,2026-07-14,"株式会社ＮＩＣＯ",,301,"東京都","足立区","六町３丁目４番１１号パークアベニュー１階",,13,121,1210073,,,,,,,2026-07-14,1,,,,,"ニコ",0
884,4011801048132,01,0,2026-07-14,2026-07-14,"株式会社ＲＥＮＯＶＡＴＩＯ",,301,"東京都","足立区","千住１丁目４番１号東京芸術センター１０階",,13,121,1200034,,,,,,,2026-07-14,1,,,,,"リノヴァティオ",0
885,4012301014921,01,0,2026-07-14,2026-07-14,"Ａｏｉパートナーズ株式会社",,301,"東京都","町田市","小山ヶ丘６丁目５番地１リーフィアレジデンス橋本８３９",,13,209,1940215,,,,,,,2026-07-14,1,,,,,"アオイパートナーズ",0
886,4012401020984,12,0,2026-07-14,2026-06-30,"株式会社ブルードキュメンタリー",,301,"東京都","稲城市","百村２１１９番地の２６",,13,225,2060804,,,,,,,2015-10-05,1,,,,,,0
887,4012401040041,01,1,2026-07-14,2023-01-11,"株式会社ＫＳＫ",,301,"東京都","調布市","下石原３丁目１番地３０",,13,208,1820034,,,,,,,2023-01-11,0,,,,,"ケイエスケイ",0
888,4012401040041,12,0,2026-07-14,2026-07-09,"株式会社ＫＳＫ",,301,"神奈川県","横浜市中区","元町４丁目１６８ＢＩＺｃｏｍｆｏｒｔビルＢ１Ｆ－５５",,14,104,2310861,,,,,,,2023-01-11,1,,,,,"ケイエスケイ",0
889,4012702013373,12,0,2026-07-14,2026-07-10,"有限会社バイオフューチャー",,302,"東京都","福生市","大字熊川６９６番地４",,13,218,1970003,,,,,,,2015-10-05,1,,,,,"バイオフューチャー",0
890,4013301020554,21,0,2026-07-14,2026-07-07,"株式会社安山宣之建築設計事務所",,301,"東京都","豊島区","巣鴨５丁目４２番５号",,13,116,1700002,,,2026-07-07,01,,,2015-10-05,1,,,,,"ヤスヤマノリユキケンチクセッケイジムショ",0
891,4013301022658,01,1,2026-07-14,2015-10-05,"株式会社源",,301,"東京都","新宿区","新宿２丁目１１番２号カーサ・ヴェルデ７０２",,13,104,1600022,,,,,,,2015-10-05,1,,,,,"ゲン",0
892,4013301037532,11,0,2026-07-14,2026-07-02,"株式会社ＶＩＴＡＳ",,301,"東京都","豊島区","南池袋３丁目１３番５号池袋サザンプレイス６階",,13,116,1710022,,,,,,,2015-10-05,1,,,,,"バイタス",0
893,4013302009464,01,1,2026-07-14,2015-10-05,"有限会社丸富商事",,302,"東京都","豊島区","高田３丁目６番７号",,13,116,1710033,,,,,,,2015-10-05,1,,,,,,0
894,4020001101832,01,1,2026-07-14,2015-10-05,"株式会社大拓商事",,301,"神奈川県","横浜市南区","睦町１丁目７番地７フォーライフ２０１号",,14,105,2320041,,,,,,,2015-10-05,0,,,,,"ダイタクショウジ",0
895,4020001101832,12,1,2026-07-14,2023-08-18,"株式会社大拓商事",,301,"神奈川県","横浜市磯子区","丸山１丁目１０－１３",,14,107,2350011,,,,,,,2015-10-05,1,,,,,"ダイタクショウジ",0
896,4020001169408,01,0,2026-07-14,2026-07-14,"株式会社ＫＡＮＯＡ",,301,"神奈川県","横浜市南区","蒔田町字谷戸田上９７７番地２０",,14,105,2320043,,,,,,,2026-07-14,1,,,,,"カノア",0
897,4020001169498,01,0,2026-07-14,2026-07-14,"株式会社ＲＯＡ",,301,"神奈川県","横浜市中区","末広町３丁目８８－１、１Ｆ",,14,104,2310046,,,,,,,2026-07-14,1,,,,,"ロア",0
898,4020001169507,01,0,2026-07-14,2026-07-14,"株式会社Ｍｏｉ‐Ｍｏｉ",,301,"神奈川県","横浜市港北区","師岡町５６番地２ガーデンコート大倉山２０２号室",,14,109,2220002,,,,,,,2026-07-14,1,,,,,"モイモイ",0
899,4020001169523,01,0,2026-07-14,2026-07-14,"株式会社ＷＯＷ",,301,"神奈川県","横浜市戸塚区","下倉田町１７５３番地１６",,14,110,2440815,,,,,,,2026-07-14,1,,,,,"ワオ",0
900,4020003031409,01,0,2026-07-14,2026-07-14,"合同会社ＨＡＬＯ’ｓ",,305,"神奈川県","川崎市川崎区","浅田１丁目１番１４号",,14,131,2100847,,,,,,,2026-07-14,1,,,,,"ハロズ",0
901,4020003031425,01,0,2026-07-14,2026-07-14,"合同会社ＮＫコーポレーション",,305,"神奈川県","横浜市保土ケ谷区","桜ケ丘２丁目１９番６号",,14,106,2400011,,,,,,,2026-07-14,1,,,,,"エヌケイコーポレーション",0
902,4020005016382,12,0,2026-07-14,2026-06-30,"特定非営利活動法人緑園都市コミュニティ協会",,399,"神奈川県","横浜市泉区","緑園１丁目１番１号ボヌール緑園１０１号室",,14,116,2450002,,,,,,,2024-04-24,1,,,,,"リョクエントシコミュニティキョウカイ",0
903,4021001033438,01,1,2026-07-14,2015-10-05,"株式会社創美舎",,301,"神奈川県","小田原市","曽比１４５６番地の１",,14,206,2500851,,,,,,,2015-10-05,1,,,,,"ソウビシャ",0
904,4021001054913,12,0,2026-07-14,2026-06-19,"株式会社大橋工業",,301,"神奈川県","相模原市中央区","水郷田名２丁目２７番５号",,14,152,2520246,,,,,,,2015-10-05,1,,,,,"オオハシコウギョウ",0
905,4021001075686,01,1,2026-07-14,2022-04-11,"株式会社ＳＵＮ　ＳＨＩＮＥ　ＴＲＡＤＩＮＧ",,301,"神奈川県","相模原市南区","磯部字勝坂４４８３番地１",,14,153,2520327,,,,,,,2022-04-11,0,,,,,"サンシャイントレーディング",0
906,4021001075686,12,1,2026-07-14,2026-06-11,"株式会社ＳＵＮ　ＳＨＩＮＥ　ＴＲＡＤＩＮＧ",,301,"神奈川県","相模原市南区","麻溝台３４１１番地１",,14,153,2520328,,,,,,,2022-04-11,1,,,,,"サンシャイントレーディング",0
907,4021001083375,12,0,2026-07-14,2026-06-19,"ＨＡＭＺＡ　ＡＳＩＦ　ＴＲＡＤＩＮＧ株式会社",,301,"千葉県","野田市","柏寺１３９－３",,12,208,2700214,,,,,,,2024-10-03,1,,,,,"ハムザアシフトレーディング",0
908,4021001088639,01,0,2026-07-14,2026-07-14,"株式会社永和電工",,301,"神奈川県","横須賀市","根岸町３丁目１番６－１０９号",,14,201,2390807,,,,,,,2026-07-14,1,,,,,"エイワデンコウ",0
909,4021001088647,01,0,2026-07-14,2026-07-14,"株式会社ジェイエーアメニティービルド",,301,"神奈川県","厚木市","戸田２５０８番地２７",,14,212,2430023,,,,,,,2026-07-14,1,,,,,"ジェイエーアメニティービルド",0
910,4021003015797,12,0,2026-07-14,2026-07-06,"合同会社ＫＡＮＴＯ　ＴＲＡＤＩＮＧ",,305,"神奈川県","愛甲郡愛川町","田代６７０－２セントラル田代Ｃ２０１",,14,401,2430306,,,,,,,2025-03-28,1,,,,,"カントートレーディング",0
911,4030001136357,12,0,2026-07-14,2026-07-10,"瑞穂貿易株式会社",,301,"東京都","板橋区","成増３丁目３１－４成増ガーデンハイツ",,13,119,1750094,,,,,,,2020-05-08,1,,,,,"ミズホボウエキ",0
912,4030001142231,01,1,2026-07-14,2021-05-19,"株式会社結ライン",,301,"埼玉県","吉川市","吉川２丁目２６番地４９",,11,243,3420055,,,,,,,2021-05-19,1,,,,,"ユーライン",0
913,4030001166115,01,1,2026-07-14,2025-04-21,"株式会社ＺＵＬＵ",,301,"埼玉県","川越市","岸町１丁目２６―１１",,11,201,3501131,,,,,,,2025-04-21,1,,,,,"ズールー",0
914,4030001166180,12,0,2026-07-14,2026-06-30,"株式会社エーワイ",,301,"埼玉県","春日部市","下蛭田３９４番地８",,11,214,3440043,,,,,,,2025-04-23,1,,,,,"エーワイ",0
915,4030002025534,01,1,2026-07-14,2015-10-05,"有限会社若林建設",,302,"埼玉県","戸田市","笹目２丁目１７番６号",,11,224,3350034,,,,,,,2015-10-05,1,,,,,"ワカバヤシケンセツ",0
916,4030002080265,01,1,2026-07-14,2015-10-05,"有限会社秀公社",,302,"埼玉県","川越市","大字今福１７００番地２",,11,201,3501151,,,,,,,2015-10-05,1,,,,,"シュウコウシャ",0
917,4030003029641,01,0,2026-07-14,2026-07-14,"合同会社Ｈ．Ｕ．Ｇ．",,305,"埼玉県","羽生市","大字神戸１３１１番地８",,11,216,3480024,,,,,,,2026-07-14,1,,,,,"ハグ",0
918,4040001055572,01,1,2026-07-14,2015-10-05,"株式会社風香",,301,"千葉県","市原市","大厩７８６番地１７",00019234,12,219,2900002,,,,,,,2015-10-05,0,,,,,"フウカ",0
919,4040001055572,12,1,2026-07-14,2018-02-01,"株式会社風香",,301,"千葉県","市原市","大厩９２９番地２",00112552,12,219,2900002,,,,,,,2015-10-05,1,,,,,"フウカ",0
920,4040001060052,71,0,2026-07-14,2026-07-01,"株式会社サンアイク",,301,"千葉県","茂原市","腰当５２６番地１",,12,210,2970007,,,,,,"令和８年７月１日千葉県茂原市腰当５２６番地１株式会社サンアイクレンタル（6040001126801）を合併",2015-10-05,1,,,,,"サンアイク",0
921,4040001144474,01,0,2026-07-14,2026-07-14,"株式会社Ｍｉｙａｂｉ　Ｓｐｅｃｔｒｕｍ",,301,"千葉県","銚子市","新生町２丁目２番地の１０",,12,202,2880056,,,,,,,2026-07-14,1,,,,,"ミヤビスペクトラム",0
922,4040001144490,01,0,2026-07-14,2026-07-14,"株式会社ＥＬＭ",,301,"千葉県","千葉市美浜区","真砂３丁目１７番４棟６０３号",,12,106,2610011,,,,,,,2026-07-14,1,,,,,"イーエルエム",0
923,4040001144499,01,0,2026-07-14,2026-07-14,"株式会社畠山総業",,301,"千葉県","千葉市稲毛区","小中台町１５１３番地３－２０６号",,12,103,2630044,,,,,,,2026-07-14,1,,,,,"ハタケヤマソウギョウ",0
924,4040001144524,01,0,2026-07-14,2026-07-14,"株式会社一辰",,301,"千葉県","船橋市","海神２丁目１２番４号メゾンクレール１０２号",,12,204,2730021,,,,,,,2026-07-14,1,,,,,"イッシン",0
925,4040002004561,01,1,2026-07-14,2015-10-05,"有限会社斉藤輪業",,302,"千葉県","千葉市稲毛区","作草部１丁目１２番１号",,12,103,2630015,,,,,,,2015-10-05,1,,,,,"サイトウリンギョウ",0
926,4040002034286,01,1,2026-07-14,2015-10-05,"有限会社佐元",,302,"千葉県","市川市","新田４丁目１８番１３－７１３号",,12,203,2720035,,,,,,,2015-10-05,1,,,,,"サモト",0
927,4040002058888,01,1,2026-07-14,2015-10-05,"有限会社ユアーズフーズはなまる",,302,"千葉県","白井市","南山２丁目５番１０号",,12,232,2701423,,,,,,,2015-10-05,1,,,,,"ユアーズフーズハナマル",0
928,4040002064985,21,0,2026-07-14,2026-06-17,"有限会社アイ・プロダクト",,302,"千葉県","四街道市","大日５３４番地１７",,12,228,2840001,,,2026-06-17,01,,,2015-10-05,1,,,,,"アイプロダクト",0
929,4040003019245,21,0,2026-07-14,2026-06-25,"ＭＣ　ＡＵＴＯ合同会社",,305,"千葉県","松戸市","大橋４５４番地の６ヴェルヌーベルＢ",,12,207,2702224,,,2026-06-25,01,,,2022-01-11,1,,,,,"エムシーオート",0
930,4040003026167,12,0,2026-07-14,2026-06-25,"合同会社保険代理店ライフアップ",,305,"千葉県","旭市","鎌数８７５１－１",,12,215,2892505,,,,,,,2024-11-13,1,,,,,"ホケンダイリテンライフアップ",0
931,4040003030350,01,0,2026-07-14,2026-07-14,"合同会社松の葉",,305,"千葉県","柏市","松ケ崎９６番地６８",,12,217,2770835,,,,,,,2026-07-14,1,,,,,"マツノハ",0
932,4040003030359,01,0,2026-07-14,2026-07-14,"ＩＳＢｅＸ合同会社",,305,"千葉県","柏市","北柏４丁目５番地の２８ＩＳＢｅＸオフィス",,12,217,2770832,,,,,,,2026-07-14,1,,,,,"イソベックス",0
933,4040005022354,12,0,2026-07-14,2026-06-26,"一般社団法人ＢＲＩＧＨＴ",,399,"千葉県","千葉市若葉区","桜木北３丁目５番６号１０２",,12,104,2640029,,,,,,,2024-04-19,1,,,,,"ブライト",0
934,4040005023229,01,0,2026-07-14,2026-07-14,"一般社団法人ＯＲＢＩＴ",,399,"千葉県","千葉市中央区","村田町４４０番地",,12,101,2600825,,,,,,,2026-07-14,1,,,,,"オービット",0
935,4050001023751,01,1,2026-07-14,2015-10-05,"大陽日酸東関東株式会社",,301,"茨城県","日立市","国分町３丁目１番１７号",,08,202,3160035,,,,,,,2015-10-05,0,,,,,"タイヨウニッサンヒガシカントウ",0
936,4050001023751,11,1,2026-07-14,2026-04-01,"日本酸素東関東株式会社",,301,"茨城県","日立市","国分町３丁目１番１７号",,08,202,3160035,,,,,,,2015-10-05,1,,,,,"ニッポンサンソヒガシカントウ",0
937,4050001058665,01,0,2026-07-14,2026-07-14,"株式会社ヒローカーズ",,301,"茨城県","稲敷市","下根本１１６－１",,08,229,3010901,,,,,,,2026-07-14,1,,,,,,0
938,4070001039911,11,0,2026-07-14,2026-07-06,"株式会社ＡＣＣ",,301,"大阪府","大阪市西区","北堀江２丁目２番２４号ＰａｒｋＬａｎｅＨｏｒｉｅＢｌｄ１１Ｂ１号",,27,106,5500014,,,,,,,2022-12-14,1,,,,,"エーシーシー",0
939,4070001044317,01,0,2026-07-14,2026-07-14,"株式会社和",,301,"群馬県","高崎市","浜尻町１番地６",,10,202,3700005,,,,,,,2026-07-14,1,,,,,"ワ",0
940,4070002008221,12,0,2026-07-14,2026-07-06,"有限会社陽光",,302,"群馬県","前橋市","堀越町３２３－４",,10,201,3710231,,,,,,,2015-10-05,1,,,,,"ヨウコウ",0
941,4070002008329,21,0,2026-07-14,2026-07-06,"有限会社ＡＰＩＳＳ",,302,"群馬県","高崎市","下室田町１１２５番地１",,10,202,3703342,,,2026-07-06,01,,,2015-10-05,1,,,,,"アピス",0
942,4070003003898,01,1,2026-07-14,2020-10-30,"合同会社高橋解体",,305,"群馬県","前橋市","富士見町時沢２８９９番地３",,10,201,3710104,,,,,,,2020-10-30,1,,,,,"タカハシカイタイ",0
943,4070003006513,01,0,2026-07-14,2026-07-14,"合同会社ライスフィールド",,305,"群馬県","伊勢崎市","市場町２丁目１２６４番地２",,10,204,3792211,,,,,,,2026-07-14,1,,,,,"ライスフィールド",0
944,4070005010513,01,0,2026-07-14,2026-07-14,"弁護士法人いちろう法律事務所",,399,"群馬県","太田市","新井町５１６－４グランビル太田２０１",,10,205,3730852,,,,,,,2026-07-14,1,,,,,,0
945,4080001027709,01,0,2026-07-14,2026-07-14,"藤永工業株式会社",,301,"静岡県","藤枝市","高田７８１番地の８",,22,214,4260221,,,,,,,2026-07-14,1,,,,,"フジナガコウギョウ",0
946,4080001027717,01,0,2026-07-14,2026-07-14,"株式会社佐野工業",,301,"静岡県","静岡市葵区","下１１８５番地の４",,22,101,4212108,,,,,,,2026-07-14,1,,,,,"サノコウギョウ",0
947,4080002016306,01,1,2026-07-14,2015-10-05,"有限会社又平商店",,302,"静岡県","焼津市","中里５６６番地",,22,212,4250014,,,,,,,2015-10-05,1,,,,,"マタヒラショウテン",0
948,4080101016132,12,0,2026-07-14,2026-07-08,"株式会社イズミ企画",,301,"静岡県","沼津市","我入道津島町２６９番地１",,22,203,4100823,,,,,,,2015-10-05,1,,,,,"イズミキカク",0
949,4080105006600,01,0,2026-07-14,2026-07-14,"レーベンリゾシアヴェスティブルー管理組合法人",,399,"静岡県","熱海市","泉８８番地の３",,22,205,4130001,,,,,,,2026-07-14,1,,,,,"レーベンリゾシアヴェスティブルー",0
950,4080401014785,71,0,2026-07-14,2026-06-04,"旭テック株式会社",,301,"静岡県","掛川市","上西郷１５６９番地の１",,22,213,4360342,,,,,,"令和８年６月１日静岡県掛川市上西郷１５６９番地の１ＡＴＣホールディングス株式会社（4080401018803）を合併",2015-10-05,1,,,,,"アサヒテック",0
951,4080401018803,21,0,2026-07-14,2026-06-04,"ＡＴＣホールディングス株式会社",,301,"静岡県","掛川市","上西郷１５６９番地の１",,22,213,4360342,,,2026-06-04,11,4080401014785,"令和８年６月１日静岡県掛川市上西郷１５６９番地の１旭テック株式会社（4080401014785）に合併し解散",2015-10-05,1,,,,,"エーティーシーホールディングス",0
952,4080402003069,01,1,2026-07-14,2015-10-05,"カネサン竹中水産有限会社",,302,"静岡県","浜松市西区","舞阪町舞阪４２５７番地の２",,22,133,4310211,,,,,,,2015-10-05,0,,,,,"カネサンタケナカスイサン",0
953,4080402003069,12,1,2026-07-14,2024-01-09,"カネサン竹中水産有限会社",,302,"静岡県","浜松市中央区","舞阪町舞阪４２５７番地の２",,22,138,4310211,,,,,,,2015-10-05,1,,,,,"カネサンタケナカスイサン",0
954,4080402018819,01,1,2026-07-14,2015-10-05,"有限会社武蔵",,302,"静岡県","御前崎市","上朝比奈７５７番地の１",,22,223,4371601,,,,,,,2015-10-05,1,,,,,"ムサシ",0
955,4090001015027,01,1,2026-07-14,2017-03-16,"株式会社西山温泉慶雲館",,301,"山梨県","南巨摩郡早川町","湯島白沢８３番地",,19,364,4092702,,,,,,,2017-03-16,1,,,,,"ニシヤマオンセンケイウンカン",0
956,4100001021725,21,0,2026-07-14,2026-06-30,"株式会社ユニオンクリエイト",,301,"長野県","上伊那郡辰野町","大字伊那富７４６１番地３３",,20,382,3990428,,,2026-06-30,11,8100001019757,"令和８年６月３０日長野県岡谷市田中町一丁目１番１号株式会社丸共ユニオン（8100001019757）に合併し解散",2015-10-05,1,,,,,"ユニオンクリエイト",0
957,4100001026071,01,1,2026-07-14,2015-10-05,"株式会社ＧｉＦｔ",,301,"長野県","長野市","大字石渡３２８番地メゾン倉沢１１",,20,201,3810015,,,,,,,2015-10-05,1,,,,,"ギフト",0
958,4100002010363,01,1,2026-07-14,2015-10-05,"有限会社今井製作所",,302,"長野県","北佐久郡立科町","大字塩沢８０６番地",,20,324,3842303,,,,,,,2015-10-05,1,,,,,"イマイセイサクショ",0
959,4110002007813,01,1,2026-07-14,2015-10-05,"有限会社コウケン工業",,302,"新潟県","新潟市東区","榎町２３番地",,15,102,9500881,,,,,,,2015-10-05,1,,,,,"コウケンコウギョウ",0
960,4110002009974,01,1,2026-07-14,2015-10-05,"有限会社コスメ・デ・クルール",,302,"新潟県","新潟市秋葉区","新津本町２丁目１１番４号",,15,105,9560864,,,,,,,2015-10-05,1,,,,,"コスメデクルール",0
961,4120001050111,01,1,2026-07-14,2015-10-05,"高山産業株式会社",00028225,301,"大阪府","大阪市西淀川区","中島２丁目８番１２３号",,27,113,5550041,,,,,,,2015-10-05,1,,,,,"タカヤマサンギョウ",0
962,4120001216505,12,0,2026-07-14,2026-07-03,"ｅｓｐｏｉｒ株式会社",,301,"大阪府","大阪市東住吉区","田辺５丁目４－３－４０２",,27,121,5460031,,,,,,,2018-10-18,1,,,,,"エスポワール",0
963,4120001227857,21,0,2026-07-14,2026-07-10,"株式会社ＮＩＳＨＩＫＩ",,301,"大阪府","大阪市福島区","海老江３丁目１８番６号",,27,103,5530001,,,2026-07-10,01,,,2020-03-16,1,,,,,"ニシキ",0
964,4120001244935,12,0,2026-07-14,2026-07-03,"株式会社現",,301,"大阪府","大阪市北区","梅田１丁目２番２号大阪駅前第２ビル１２－１２",,27,127,5300001,,,,,,,2022-04-07,1,,,,,"ゲン",0
965,4120001253589,21,0,2026-07-14,2026-07-07,"株式会社ユーロプランニング",,301,"大阪府","大阪市大正区","三軒家西３丁目４番１６号中山ビル２１４Ｂ",,27,108,5510001,,,2026-07-07,01,,,2023-03-31,1,,,,,"ユーロプランニング",0
966,4120001254323,12,0,2026-07-14,2026-07-03,"株式会社致輝",,301,"大阪府","大阪市中央区","南船場４丁目１０－５南船場ＳＯＨＯビル７０２",,27,128,5420081,,,,,,,2023-04-25,1,,,,,"チキ",0
967,4120001277893,21,0,2026-07-14,2026-07-07,"ＯＬＹＭＭＯＮＳ株式会社",,301,"大阪府","大阪市中央区","松屋町９番２０号ローレルステート松屋町４０７Ｂ",,27,128,5420067,,,2026-07-07,01,,,2025-07-16,1,,,,,"オリモンズ",0
968,4120001287819,01,0,2026-07-14,2026-07-14,"株式会社Ｌａｚｉｔ",,301,"大阪府","大阪市中央区","谷町２丁目３－１",,27,128,5400012,,,,,,,2026-07-14,1,,,,,"レイジット",0
969,4120001287851,01,0,2026-07-14,2026-07-14,"株式会社コーエイ電気",,301,"大阪府","枚方市","楠葉面取町１丁目６番２７号",,27,210,5731113,,,,,,,2026-07-14,1,,,,,"コーエイデンキ",0
970,4120002003844,01,1,2026-07-14,2015-10-05,"有限会社ユーアイ．ショップ",,302,"大阪府","大阪市阿倍野区","昭和町１丁目２０番２２－８０９号",,27,119,5450011,,,,,,,2015-10-05,1,,,,,"ユーアイショップ",0
971,4120003033072,01,0,2026-07-14,2026-07-14,"インテリジェント・アーツ合同会社",,305,"大阪府","大阪市福島区","鷺洲２丁目１５番３０号ハイコート福島５０１号",,27,103,5530002,,,,,,,2026-07-14,1,,,,,"インテリジェントアーツ",0
972,4120005024945,12,0,2026-07-14,2026-06-23,"ＴＭユニオン協同組合",,399,"大阪府","大阪市都島区","毛馬町２丁目１１－１０",,27,102,5340001,,,,,,,2025-05-20,1,,,,,"ティエムユニオン",0
973,4120101002425,71,0,2026-07-14,2026-06-30,"小林運輸株式会社",,301,"大阪府","堺市西区","築港新町１丁５番地１１",,27,144,5928331,,,,,,"令和８年６月３０日三重県伊賀市柘植町２７００番地小林物流株式会社（9190001009848）を合併",2015-10-05,1,,,,,"コバヤシウンユ",0
974,4120101031936,12,0,2026-07-14,2026-07-06,"悦商事株式会社",,301,"大阪府","羽曳野市","伊賀６丁目５番９号",,27,222,5830876,,,,,,,2015-10-05,1,,,,,"エツショウジ",0
975,4120101050250,01,1,2026-07-14,2015-10-05,"株式会社モズ設計",,301,"大阪府","堺市北区","百舌鳥梅北町５丁４３２番地３",,27,146,5918031,,,,,,,2015-10-05,1,,,,,"モズセッケイ",0
976,4120101069480,21,0,2026-07-14,2026-07-09,"株式会社ＭＩＣＨＩオートメーション",,301,"大阪府","堺市中区","大野芝町２０４番地２２",,27,142,5998233,,,2026-07-09,01,,,2024-04-25,1,,,,,"ミチオートメーション",0
977,4120105010184,01,0,2026-07-14,2026-07-14,"医療法人松明会",,399,"大阪府","堺市西区","津久野町１丁２０番１号津久野メディカビル３階",,27,144,5938322,,,,,,,2026-07-14,1,,,,,"ショウメイカイ",0
978,4120901008167,12,0,2026-07-14,2026-07-08,"株式会社フォーシーズン",,301,"大阪府","吹田市","江坂町１丁目１４－８－５０１号",,27,205,5640063,,,,,,,2015-10-05,1,,,,,"フォーシーズン",0
979,4122003003534,01,0,2026-07-14,2026-07-14,"合同会社てんてん",,305,"大阪府","東大阪市","川俣１丁目１４－２８グランシアター高井田７０５",,27,227,5770063,,,,,,,2026-07-14,1,,,,,"テンテン",0
980,4130001026309,11,0,2026-07-14,2026-07-08,"株式会社ＳＡＫＩＧＡＫＥホールディングス",,301,"京都府","京都市中京区","烏丸通錦小路上る手洗水町６７０番地",,26,104,6048152,,,,,,,2015-10-05,1,,,,,"サキガケホールディングス",0
981,4130001073838,12,0,2026-07-14,2026-06-26,"株式会社Ｓｅｖｅｎ　Ｄｒｅａｍｓ",,301,"京都府","京都市伏見区","下鳥羽北円面田町８２番地",,26,109,6128497,,,,,,,2023-03-13,1,,,,,"セブンドリームズ",0
982,4130001082681,01,0,2026-07-14,2026-07-14,"株式会社Ｓｈｏｗ　Ｈｏｌｄｉｎｇｓ",,301,"京都府","京都市中京区","三条通烏丸西入御倉町８５番地１烏丸ビル５階",,26,104,6048166,,,,,,,2026-07-14,1,,,,,"ショウホールディングス",0
983,4140001041546,12,0,2026-07-14,2026-07-06,"大塚商店株式会社",,301,"兵庫県","丹波市","柏原町小南５０番地１１",,28,223,6693308,,,,,,,2015-10-05,1,,,,,"オオツカショウテン",0
984,4140001066618,21,0,2026-07-14,2026-07-06,"向井工業株式会社",,301,"兵庫県","三田市","成谷１０４番地",,28,219,6691517,,,2026-07-06,01,,,2015-10-05,1,,,,,"ムカイコウギョウ",0
985,4140001097670,12,0,2026-07-14,2026-07-09,"ヘップエスピーブイ１２ジャパン株式会社",,301,"東京都","港区","浜松町２丁目１０番６号",,13,103,1050013,,,,,,,2015-10-05,1,,,,,"ヘップエスピーブイジュウニジャパン",0
986,4140001099915,01,1,2026-07-14,2015-11-06,"株式会社吟八",,301,"兵庫県","神戸市中央区","古湊通１丁目２番２５号",,28,110,6500026,,,,,,,2015-11-06,0,,,,,"ギンパチ",0
987,4140001099915,12,1,2026-07-14,2026-07-07,"株式会社吟八",,301,"兵庫県","神戸市中央区","下山手通２丁目１－５ウィンベル三宮Ｂ１Ｆ",,28,110,6500011,,,,,,,2015-11-06,1,,,,,"ギンパチ",0
988,4140001119573,12,0,2026-07-14,2026-07-09,"ヘップエスピーブイ１７ジャパン株式会社",,301,"東京都","港区","浜松町２丁目１０番６号",,13,103,1050013,,,,,,,2020-11-30,1,,,,,"ヘップエスピーブイジュウナナジャパン",0
989,4140001135208,12,0,2026-07-14,2026-07-09,"株式会社ＡＷＥ",,301,"神奈川県","川崎市宮前区","菅生２丁目２番７号ＫＭリシェス４０４号室",,14,136,2160015,,,,,,,2024-07-24,1,,,,,"エーダブリューイー",0
990,4140001143409,01,0,2026-07-14,2026-07-14,"株式会社ＣＯＭＭＯＮＳ‐Ｃ",,301,"兵庫県","神戸市中央区","港島南町７丁目２番地８",,28,110,6500047,,,,,,,2026-07-14,1,,,,,"コモンズシー",0
991,4140001143417,01,0,2026-07-14,2026-07-14,"ＡＬＰＨＡ　ＱＵＥＥＮ株式会社",,301,"兵庫県","尼崎市","昭和南通３丁目１２番地の２",,28,202,6600882,,,,,,,2026-07-14,1,,,,,"アルファクイーン",0
992,4140003023856,01,0,2026-07-14,2026-07-14,"ＳＴＳ合同会社",,305,"兵庫県","揖保郡太子町","東保２７６－１ボナール東川Ｂ－２０３",,28,464,6711524,,,,,,,2026-07-14,1,,,,,"エスティーエス",0
993,4140005027995,01,0,2026-07-14,2026-07-14,"一般社団法人油化資源循環協会",,399,"兵庫県","川西市","久代１丁目１０番１号",,28,217,6660024,,,,,,,2026-07-14,1,,,,,"ユカシゲンジュンカンキョウカイ",0
994,4160001016273,12,0,2026-07-14,2026-06-30,"株式会社釜工業",,301,"滋賀県","守山市","伊勢町３９８番地６",,25,207,5240036,,,,,,,2015-10-05,1,,,,,"カマコウギョウ",0
995,4160001022800,01,1,2026-07-14,2020-10-07,"奏樹建設株式会社",,301,"滋賀県","湖南市","正福寺９３２番地",,25,211,5203253,,,,,,,2020-10-07,0,,,,,,0
996,4160001022800,12,1,2026-07-14,2024-05-17,"奏樹建設株式会社",,301,"滋賀県","湖南市","中央４丁目１４０番地２",,25,211,5203234,,,,,,,2020-10-07,0,,,,,,0
997,4160001022800,12,1,2026-07-14,2025-04-01,"奏樹建設株式会社",,301,"滋賀県","湖南市","菩提寺３８３",,25,211,5203242,,,,,,,2020-10-07,1,,,,,,0
998,4160005002468,01,1,2026-07-14,2015-10-05,"社会福祉法人おさなご会",,399,"滋賀県","甲賀市","信楽町長野９９８番地",,25,209,5291851,,,,,,,2015-10-05,1,,,,,,0
999,4160005003739,01,1,2026-07-14,2015-10-05,"浄行寺",,399,"滋賀県","長浜市","宮部町１４３９番地",,25,203,5290112,,,,,,,2015-10-05,1,,,,,"ジョウギョウジ",0
1000,4160005007426,01,1,2026-07-14,2015-10-05,"しがまる生活協同組合",,399,"滋賀県","近江八幡市","鷹飼町１５５９番地の１",,25,204,5230891,,,,,,,2015-10-05,0,,,,,"シガマル",0
1001,4160005007426,11,1,2026-07-14,2020-06-29,"グリーンコープしがまる生活協同組合",,399,"滋賀県","近江八幡市","鷹飼町１５５９番地の１",,25,204,5230891,,,,,,,2015-10-05,0,,,,,,0
1002,4160005007426,12,1,2026-07-14,2023-07-11,"グリーンコープしがまる生活協同組合",,399,"滋賀県","東近江市","佐生町１８０－３",,25,213,5211215,,,,,,,2015-10-05,1,,,,,,0
1003,4160005011519,01,0,2026-07-14,2026-07-14,"一般社団法人モモトセジチ",,399,"滋賀県","湖南市","菩提寺西５丁目９番１５号",,25,211,5203248,,,,,,,2026-07-14,1,,,,,"モモトセジチ",0
1004,4170001019184,01,0,2026-07-14,2026-07-14,"ＩＷＴ　Ｇｌｏｂａｌ　Ｐａｒｔｎｅｒｓ株式会社",,301,"和歌山県","和歌山市","和歌浦中１丁目２番７号",,30,201,6410025,,,,,,,2026-07-14,1,,,,,"アイダブリュティグローバルパートナーズ",0
1005,4180001070161,71,0,2026-07-14,2026-07-01,"クルーズ株式会社",,301,"愛知県","名古屋市千種区","北千種１丁目５番３号－２",,23,101,4640083,,,,,,"令和８年７月１日名古屋市守山区新守山１３０１番地カーサカーサ株式会社（8180001104980）を合併",2015-10-05,1,,,,,"クルーズ",0
1006,4180001124421,01,1,2026-07-14,2016-08-09,"ウォルナットホールディングス株式会社",,301,"愛知県","名古屋市中区","栄３丁目１８番１号ナディアパークビジネスセンタービル１３Ｆ",,23,106,4600008,,,,,,,2016-08-09,1,,,,,"ウォルナットホールディングス",0
1007,4180001172750,01,0,2026-07-14,2026-07-14,"株式会社一吹建装",,301,"愛知県","一宮市","萩原町富田方字西出２４番地１",,23,203,4910352,,,,,,,2026-07-14,1,,,,,"イブキケンソウ",0
1008,4180002068832,01,1,2026-07-14,2015-10-05,"有限会社カメテック",,302,"愛知県","小牧市","中央１丁目１４７番地",,23,219,4850029,,,,,,,2015-10-05,1,,,,,"カメテック",0
1009,4180003027300,12,0,2026-07-14,2026-06-30,"Ａｒｔｏｐｉａ合同会社",,305,"愛知県","名古屋市中村区","名駅４丁目２４番５号第２森ビル４０１",,23,105,4500002,,,,,,,2024-08-30,1,,,,,"アートピア",0
1010,4180003030510,01,0,2026-07-14,2026-07-14,"合同会社ベンソン",,305,"愛知県","名古屋市守山区","青山台７０５番地",,23,113,4630805,,,,,,,2026-07-14,1,,,,,"ベンソン",0
1011,4180003030519,01,0,2026-07-14,2026-07-14,"合同会社ＰＥＡＣＥ",,305,"愛知県","小牧市","大字北外山２４９０番地",,23,219,4850023,,,,,,,2026-07-14,1,,,,,"ピース",0
1012,4180003030535,01,0,2026-07-14,2026-07-14,"合同会社佳日",,305,"愛知県","名古屋市中川区","福住町６番２３号エステムコート名古屋ライブゲート１４０１号",,23,110,4540802,,,,,,,2026-07-14,1,,,,,"カジツ",0
1013,4180005001567,01,1,2026-07-14,2015-10-05,"天理教福名神分教会",,399,"愛知県","名古屋市北区","安井２丁目２番８号",,23,103,4620023,,,,,,,2015-10-05,1,,,,,"テンリキョウフクメイシンブンキョウカイ",0
1014,4180301029188,01,1,2026-07-14,2016-05-10,"東海熱研株式会社",,301,"愛知県","豊川市","平尾町番皿７０番地の５",,23,207,4420863,,,,,,,2016-05-10,1,,,,,"トウカイネツケン",0
1015,4180301031210,01,1,2026-07-14,2018-02-15,"あおば薬局株式会社",,301,"愛知県","豊田市","堤本町本地１０番地",,23,211,4730939,,,,,,,2018-02-15,1,,,,,"アオバヤッキョク",0
1016,4180301040368,12,0,2026-07-14,2026-06-30,"株式会社Ｋ’ｓ",,301,"愛知県","豊田市","昭和町１丁目２３番地１６ヴィオレール梅村３０３号室",,23,211,4710078,,,,,,,2025-10-31,1,,,,,"ケーズ",0
1017,4180302008455,12,0,2026-07-14,2026-07-02,"有限会社三昇",,302,"愛知県","豊橋市","下地町字野箱１００番地１",,23,201,4400083,,,,,,,2015-10-05,1,,,,,"サンショウ",0
1018,4200001020329,01,1,2026-07-14,2015-10-05,"株式会社ＫＲＭコーポレーション",,301,"岐阜県","羽島市","正木町上大浦２丁目８１番地１",,21,209,5016212,,,,,,,2015-10-05,0,,,,,"ケイアールエムコーポレーション",0
1019,4200001020329,12,1,2026-07-14,2017-01-16,"株式会社ＫＲＭコーポレーション",,301,"岐阜県","羽島市","正木町新井７２７番地２",,21,209,5016225,,,,,,,2015-10-05,1,,,,,"ケイアールエムコーポレーション",0
1020,4200001045227,01,0,2026-07-14,2026-07-14,"株式会社昌榮金属",,301,"岐阜県","養老郡養老町","竜泉寺字上河原１０４８番地２",,21,341,5031244,,,,,,,2026-07-14,1,,,,,"ショウエイキンゾク",0
1021,4200001045243,01,0,2026-07-14,2026-07-14,"株式会社Ｃ．Ｔｒｕｓｔ",,301,"岐阜県","岐阜市","菅生４丁目５番１８号",,21,201,5020914,,,,,,,2026-07-14,1,,,,,"シートラスト",0
1022,4200005010359,71,0,2026-07-14,2026-06-11,"神明神社",,399,"岐阜県","飛騨市","河合町角川字井ノ平１５３１番地",,21,217,5094301,,,,,,"岐阜県飛騨市河合町中澤上字清水４９番地桂木神社（9200005010338）を合併",2015-10-05,1,,,,,"シンメイジンジャ",0
1023,4200005010796,01,1,2026-07-14,2015-10-05,"一般財団法人飛騨福来心理学研究所",,399,"岐阜県","高山市","国府町八日町７０２番地",,21,203,5094102,,,,,,,2015-10-05,1,,,,,"ヒダフクライシンリガクケンキュウショ",0
1024,4210002000031,01,1,2026-07-14,2015-10-05,"有限会社ゆう楽座ふくい・でんき館",,302,"福井県","福井市","高木中央１丁目３００９番地２",,18,201,9100804,,,,,,,2015-10-05,1,,,,,"ユウラクザフクイデンキカン",0
1025,4220003003560,11,0,2026-07-14,2026-07-07,"株式会社ノラス",,301,"石川県","七尾市","一本杉町８６",,17,202,9260806,,,,,,,2023-08-04,1,,,,,"ノラス",0
1026,4230005007963,01,1,2026-07-14,2015-10-05,"公益財団法人富山市民文化事業団",,399,"富山県","富山市","牛島町９番２８号",,16,201,9300858,,,,,,,2015-10-05,1,,,,,"トヤマシミンブンカジギョウダン",0
1027,4240001010292,11,0,2026-07-14,2026-07-01,"株式会社ＦＵＫＵＮＡＧＡ",,301,"広島県","広島市西区","観音本町１丁目１６番２２号",,34,104,7330033,,,,,,,2015-10-05,1,,,,,"フクナガ",0
1028,4240001066789,01,0,2026-07-14,2026-07-14,"株式会社ＳｅｖｅｎＦｉｅｌｄ",,301,"広島県","広島市中区","大手町１丁目１番２６号",,34,101,7300051,,,,,,,2026-07-14,1,,,,,"セブンフィールド",0
1029,4240002035090,01,1,2026-07-14,2015-10-05,"有限会社大友プレス",,302,"広島県","呉市","安浦町安登西８丁目１６番１９号",,34,202,7372512,,,,,,,2015-10-05,1,,,,,"オオトモプレス",0
1030,4250002006198,21,0,2026-07-14,2026-07-10,"有限会社タメチカ",,302,"山口県","山陽小野田市","セメント町７番２４号",,35,216,7560835,,,2026-07-10,01,,,2015-10-05,1,,,,,"タメチカ",0
1031,4250003003293,21,0,2026-07-14,2026-07-09,"合同会社バウ",,305,"山口県","宇部市","山門３丁目５番２５－４号",,35,202,7550077,,,2026-07-09,01,,,2023-06-20,1,,,,,"バウ",0
1032,4250003004003,01,0,2026-07-14,2026-07-14,"合同会社ＫＳＺＴパートナーズ",,305,"山口県","防府市","牟礼今宿２丁目７番１－２号",,35,206,7470012,,,,,,,2026-07-14,1,,,,,"ケイエスゼッツパートナーズ",0
1033,4260001029612,01,1,2026-07-14,2016-05-24,"株式会社ｍｙｃｏｒｐｏｒａｔｉｏｎ",,301,"岡山県","岡山市北区","西古松西町１番３５号（９０４）",,33,101,7000926,,,,,,,2016-05-24,1,,,,,"マイコーポレーション",0
1034,4260002005430,12,0,2026-07-14,2026-07-07,"有限会社スルガ",,302,"岡山県","岡山市南区","浦安本町３２番地４",,33,104,7028026,,,,,,,2015-10-05,1,,,,,"スルガ",0
1035,4260005008827,01,1,2026-07-14,2015-10-05,"特定非営利活動法人未来想造舎和－久",,399,"岡山県","倉敷市","茶屋町２１１１番地６",,33,202,7101101,,,,,,,2015-10-05,1,,,,,"ミライソウゾウシャワーク",0
1036,4270005005699,01,0,2026-07-14,2026-07-14,"一般社団法人心樹",,399,"鳥取県","米子市","旗ヶ崎３丁目２－２３－２０２号室",,31,202,6830845,,,,,,,2026-07-14,1,,,,,"シンジュ",0
1037,4290001001147,01,1,2026-07-14,2015-10-05,"株式会社久保田吹付工業",,301,"福岡県","福岡市南区","皿山１丁目３番４５号",,40,134,8111365,,,,,,,2015-10-05,1,,,,,"クボタフキツケコウギョウ",0
1038,4290001093614,12,0,2026-07-14,2026-07-01,"盛安商事株式会社",,301,"福岡県","福岡市東区","馬出５丁目３３－７グランディール大串１Ｆ",,40,131,8120054,,,,,,,2021-06-17,1,,,,,"セイアンショウジ",0
1039,4290001114741,01,0,2026-07-14,2026-07-14,"株式会社ＮＩＫＯ",,301,"福岡県","福岡市博多区","南本町１丁目４番３号－１０６号",,40,132,8120883,,,,,,,2026-07-14,1,,,,,"ニコ",0
1040,4290001114790,01,0,2026-07-14,2026-07-14,"株式会社永盛",,301,"福岡県","福岡市中央区","赤坂１丁目９番１号地下１階",,40,133,8100042,,,,,,,2026-07-14,1,,,,,"エイセイ",0
1041,4290001114799,01,0,2026-07-14,2026-07-14,"株式会社オルカ",,301,"福岡県","福岡市城南区","東油山１丁目１４番１９号",,40,136,8140155,,,,,,,2026-07-14,1,,,,,"オルカ",0
1042,4290003018668,01,0,2026-07-14,2026-07-14,"合同会社ＢｅＳｔａｎ",,305,"福岡県","福岡市東区","西戸崎４丁目１番１号うみなかテラス１号",,40,131,8110321,,,,,,,2026-07-14,1,,,,,"ビースタン",0
1043,4300001010732,01,1,2026-07-14,2017-03-23,"株式会社クリエイティブ・アリタ",,301,"佐賀県","西松浦郡有田町","赤坂丙２３５１番地１７０",,41,401,8440024,,,,,,,2017-03-23,1,,,,,"クリエイティブアリタ",0
1044,4300001014618,12,0,2026-07-14,2026-07-06,"株式会社アセント",,301,"佐賀県","佐賀市","大財３丁目１０－２０ニューライフ佐賀１０３",,41,201,8400811,,,,,,,2026-05-26,1,,,,,"アセント",0
1045,4310001003669,01,1,2026-07-14,2015-10-05,"株式会社文具",,301,"長崎県","長崎市","高尾町８番２３号",,42,201,8528111,,,,,,,2015-10-05,1,,,,,"ブング",0
1046,4320003004243,11,0,2026-07-14,2026-07-01,"株式会社笑楽",,301,"大分県","別府市","小倉町３０番５１－２０１号ガーデンヒルズ松本ＩＩ",00139211,44,202,8740842,,,,,,,2023-12-04,1,,,,,"ワラク",0
1047,4330001010358,01,1,2026-07-14,2015-10-05,"株式会社熊本チキン",,301,"熊本県","山鹿市","鹿本町石渕１１０３番地の２",,43,208,8610311,,,,,,,2015-10-05,0,,,,,"クマモトチキン",0
1048,4330001010358,12,1,2026-07-14,2026-07-01,"株式会社熊本チキン",,301,"熊本県","山鹿市","鹿本町石渕７１１番地２",,43,208,8610311,,,,,,,2015-10-05,0,,,,,"クマモトチキン",0
1049,4330001010358,11,1,2026-07-14,2026-07-01,"やまうちフード株式会社",,301,"熊本県","山鹿市","鹿本町石渕７１１番地２",,43,208,8610311,,,,,,,2015-10-05,0,,,,,"ヤマウチフード",0
1050,4330001010358,71,1,2026-07-14,2026-07-01,"やまうちフード株式会社",,301,"熊本県","山鹿市","鹿本町石渕７１１番地２",,43,208,8610311,,,,,,"令和８年７月１日熊本県山鹿市鹿本町石渕７１１番地２やまうちフード株式会社（4330001033078）を合併",2015-10-05,1,,,,,"ヤマウチフード",0
1051,4330001018632,12,0,2026-07-14,2026-07-07,"株式会社ハンドアンドハンド",,301,"熊本県","熊本市北区","和泉町６５５番地２",,43,105,8615533,,,,,,,2015-10-05,1,,,,,"ハンドアンドハンド",0
1052,4330001034464,01,0,2026-07-14,2026-07-14,"株式会社訪問介護ステーションわが家",,301,"熊本県","天草市","本渡町本渡１９７１番地２９",,43,215,8630003,,,,,,,2026-07-14,1,,,,,,0
1053,4330001034472,01,0,2026-07-14,2026-07-14,"株式会社上村総建",,301,"熊本県","熊本市南区","無田口町１６６８番地",,43,104,8615261,,,,,,,2026-07-14,1,,,,,"ウエムラソウケン",0
1054,4340001028309,01,0,2026-07-14,2026-07-14,"株式会社てのん",,301,"鹿児島県","鹿児島市","上竜尾町５番３４号",,46,201,8920851,,,,,,,2026-07-14,1,,,,,"テノン",0
1055,4350002012839,71,0,2026-07-14,2026-07-01,"株式会社吉玉自動車工場",,301,"宮崎県","延岡市","大武町１４０７番地１",,45,203,8820024,,,,,,"令和８年７月１日宮崎県延岡市大武町１３８０番地吉玉工業株式会社（7350002012836）を合併",2015-10-05,1,,,,,"ヨシタマジドウシャコウジョウ",0
1056,4360001036986,01,0,2026-07-14,2026-07-14,"株式会社当銘食品",,301,"沖縄県","糸満市","字武富３６５番地",,47,210,9010311,,,,,,,2026-07-14,1,,,,,"トウメショクヒン",0
1057,4360001036994,01,0,2026-07-14,2026-07-14,"株式会社ＶＡＬＭＩＡ",,301,"沖縄県","那覇市","牧志３丁目６番１５号",,47,201,9000013,,,,,,,2026-07-14,1,,,,,,0
1058,4360003010964,12,0,2026-07-14,2026-07-10,"Ｒｅｎｏｖｅｃｔｅｒ　ＵＲＵＭＡ株式会社",,301,"沖縄県","うるま市","勝連南風原３６３３番地１",,47,213,9042311,,,,,,,2021-03-05,1,,,,,"リノベクターウルマ",0
1059,4360005004279,01,1,2026-07-14,2015-10-05,"一般社団法人沖縄県生産性本部",,399,"沖縄県","那覇市","字小禄１８３１番地１",,47,201,9010152,,,,,,,2015-10-05,1,,,,,,0
1060,4370001024453,01,1,2026-07-14,2015-10-05,"株式会社エイチアンドエイチ",,301,"宮城県","仙台市若林区","伊在字南通２４番地の３",,04,103,9840038,,,,,,,2015-10-05,0,,,,,"エイチアンドエイチ",0
1061,4370001024453,12,1,2026-07-14,2017-11-10,"株式会社エイチアンドエイチ",,301,"宮城県","仙台市若林区","荒井２丁目５番地の８",,04,103,9840032,,,,,,,2015-10-05,1,,,,,"エイチアンドエイチ",0
1062,4370001041250,21,0,2026-07-14,2026-07-09,"株式会社三和建業",,301,"宮城県","仙台市泉区","泉中央３丁目３７番７号４０６号室",,04,105,9813133,,,2026-07-09,01,,,2017-04-06,1,,,,,,0
1063,4370001053972,01,0,2026-07-14,2026-07-14,"株式会社ＫＩＺＡＳＨＩ",,301,"宮城県","仙台市青葉区","国分町２丁目８番１号",,04,101,9800803,,,,,,,2026-07-14,1,,,,,"キザシ",0
1064,4380001023883,01,1,2026-07-14,2015-10-05,"株式会社ボーデンファーム",,301,"福島県","白河市","白坂下黒川５８２番地",,07,205,9610835,,,,,,,2015-10-05,1,,,,,"ボーデンファーム",0
1065,4400002008575,01,1,2026-07-14,2015-10-05,"有限会社良望ファイト",,302,"岩手県","花巻市","下シ沢字大久保３５番地２",,03,205,0250253,,,,,,,2015-10-05,1,,,,,"ヨシボウファイト",0
1066,4400002011744,21,0,2026-07-14,2026-07-01,"有限会社日管水道",,302,"岩手県","釜石市","小川町４丁目２番３２号",,03,211,0260045,,,2026-07-01,01,,,2015-10-05,1,,,,,"ニッカンスイドウ",0
1067,4420002008160,21,0,2026-07-14,2026-07-01,"有限会社ニッシン",,302,"青森県","八戸市","小中野８丁目１７番３０号",,02,203,0310802,,,2026-07-01,11,6420001006287,"令和８年７月１日青森県八戸市江陽四丁目８番１１号株式会社日新管財（6420001006287）に合併し解散",2015-10-05,1,,,,,"ニッシン",0
1068,4430001033530,01,1,2026-07-14,2015-10-05,"株式会社常盤興産",,301,"北海道","北広島市","大曲幸町２丁目３番地１２",,01,234,0611278,,,,,,,2015-10-05,1,,,,,"トキワコウサン",0
1069,4430001062439,12,0,2026-07-14,2026-07-01,"株式会社ＲＩＳＥ",,301,"神奈川県","横浜市西区","北幸２丁目６番１号ＯＮＥＳＴ横浜西口ビル７階",,14,103,2200004,,,,,,,2015-10-05,1,,,,,"ライズ",0
1070,4430001071324,01,1,2026-07-14,2016-04-12,"株式会社アール．エフ",,301,"北海道","札幌市手稲区","西宮の沢一条４丁目５番２５－４０４号",,01,109,0060001,,,,,,,2016-04-12,1,,,,,"アールエフ",0
1071,4430001092295,01,1,2026-07-14,2024-07-22,"Ｆｅｒｎｓ　Ｊａｐａｎ株式会社",,301,"北海道","千歳市","みどり台北３丁目２番１２号",,01,224,0660083,,,,,,,2024-07-22,1,,,,,"フェーンズジャパン",0
1072,4430001092824,12,0,2026-07-14,2026-07-03,"株式会社ＩＹリネンサプライズ",,301,"北海道","札幌市東区","苗穂町３丁目１番５－８０１号",,01,103,0650043,,,,,,,2024-10-07,1,,,,,"アイワイリネンサプライズ",0
1073,4430002028967,01,1,2026-07-14,2015-10-05,"有限会社カネダイ",,302,"北海道","札幌市中央区","北十一条西２１丁目２番３号",,01,101,0600011,,,,,,,2015-10-05,1,,,,,"カネダイ",0
1074,4430003019180,01,0,2026-07-14,2026-07-14,"合同会社ＴＵＮＡＧＵ北海道土地未来機構",,305,"北海道","苫小牧市","表町２丁目３番２３号",,01,213,0530022,,,,,,,2026-07-14,1,,,,,"ツナグホッカイドウトチミライキコウ",0
1075,4430005005063,21,0,2026-07-14,2026-07-02,"特定非営利活動法人サポートハウスみやび",,399,"北海道","札幌市清田区","北野七条１丁目１１－８",,01,110,0040867,,,2026-07-02,01,,,2015-10-05,1,,,,,"サポートハウスミヤビ",0
1076,4440002005908,12,0,2026-07-14,2026-07-10,"有限会社エイチワイ",,302,"北海道","函館市","日吉町２丁目３１番１号",,01,202,0410841,,,,,,,2015-10-05,1,,,,,,0
1077,4440002007466,21,0,2026-07-14,2026-07-09,"有限会社隆建",,302,"北海道","函館市","石崎町３８０番地",,01,202,0410261,,,2026-07-09,01,,,2015-10-05,1,,,,,"リュウケン",0
1078,4460105000077,01,1,2026-07-14,2015-10-05,"宗教法人天理教帯里榮分教会",,399,"北海道","帯広市","西二十四条南２丁目３番地の２２",,01,207,0802474,,,,,,,2015-10-05,1,,,,,"テンリキョウオビリエイブンキョウカイ",0
1079,4460301005383,01,0,2026-07-14,2026-07-14,"株式会社西垣建設",,301,"北海道","北見市","小泉４３４番地４",,01,208,0900001,,,,,,,2026-07-14,1,,,,,"ニシガキケンセツ",0
1080,4480001011069,12,0,2026-07-14,2026-07-07,"ａｎｄ　ｈａｍａｙａ株式会社",,301,"徳島県","美馬市","脇町別所２７７７番地２",,36,207,7793620,,,,,,,2020-07-08,1,,,,,"アンドハマヤ",0
1081,4480002004880,01,1,2026-07-14,2015-10-05,"有限会社宮内ハイツ",,302,"徳島県","徳島市","南田宮２丁目８番２０号",,36,201,7700004,,,,,,,2015-10-05,1,,,,,"ミヤウチハイツ",0
1082,4480005001009,01,1,2026-07-14,2015-10-05,"地蔵寺",,399,"徳島県","徳島市","金沢２丁目５番８１号",,36,201,7700871,,,,,,,2015-10-05,1,,,,,"ジゾウジ",0
1083,4490003002164,01,0,2026-07-14,2026-07-14,"合同会社Ｌｉｎｋ",,305,"高知県","香南市","野市町西野１６４番地３６",,39,211,7815232,,,,,,,2026-07-14,1,,,,,"リンク",0
1084,4700150060348,21,0,2026-07-14,2026-03-31,"筑後市防犯協会",,499,"福岡県","筑後市","大字山ノ井８９８",,40,211,8330031,,,2026-03-31,31,,,2015-10-09,1,,,,,"チクゴシボウハンキヨウカイ",0
1085,5010001183383,01,1,2026-07-14,2017-05-17,"株式会社ベリタス",,301,"東京都","千代田区","霞が関３丁目２番６号",,13,101,1000013,,,,,,,2017-05-17,0,,,,,,0
1086,5010001183383,12,1,2026-07-14,2017-12-01,"株式会社ベリタス",,301,"東京都","千代田区","有楽町２丁目７－１－１２Ｆ",,13,101,1000006,,,,,,,2017-05-17,0,,,,,,0
1087,5010001183383,12,1,2026-07-14,2020-03-30,"株式会社ベリタス",,301,"東京都","中央区","晴海２丁目２－４２－４００９",,13,102,1040053,,,,,,,2017-05-17,1,,,,,,0
1088,5010001214295,21,0,2026-07-14,2026-06-17,"日本奥美祺株式会社",,301,"東京都","千代田区","東神田２丁目６番７号６０８",,13,101,1010031,,,2026-06-17,01,,,2020-12-10,1,,,,,"ニホンオクビキ",0
1089,5010001265322,12,0,2026-07-14,2026-07-10,"ＪＰＡ第４０７号株式会社",,301,"東京都","港区","赤坂１丁目８番１号",,13,103,1070052,,,,,,,2026-05-15,1,,,,,"ジェイピーエーダイヨンヒャクナナゴウ",0
1090,5010001265330,12,0,2026-07-14,2026-07-10,"ＪＰＡ第４１５号株式会社",,301,"東京都","港区","赤坂１丁目８番１号",,13,103,1070052,,,,,,,2026-05-15,1,,,,,"ジェイピーエーダイヨンヒャクジュウゴゴウ",0
1091,5010003051968,01,0,2026-07-14,2026-07-14,"合同会社ＭＡＲＫ０４",,305,"東京都","千代田区","霞が関３丁目２番５号",,13,101,1000013,,,,,,,2026-07-14,1,,,,,"マークゼロフォー",0
1092,5010003051976,01,0,2026-07-14,2026-07-14,"合同会社もくれん",,305,"東京都","千代田区","平河町１丁目５番１３号２階",,13,101,1020093,,,,,,,2026-07-14,1,,,,,"モクレン",0
1093,5010005042115,01,0,2026-07-14,2026-07-14,"一般社団法人ＫＲＳＣ",,399,"東京都","千代田区","内幸町２丁目１番６号",,13,101,1000011,,,,,,,2026-07-14,1,,,,,"ケイアールエスシー",0
1094,5010401024955,12,0,2026-07-14,2026-06-24,"株式会社ビジネスネットワーク",,301,"東京都","港区","芝５丁目２９番１７号－９０１",,13,103,1080014,,,,,,,2015-10-05,1,,,,,"ビジネスネットワーク",0
1095,5010401196357,11,0,2026-07-14,2026-06-19,"株式会社寿",,301,"東京都","港区","東新橋１丁目１０番１号ツインパークスＬ棟１１０９号室",,13,103,1050021,,,,,,,2026-02-06,1,,,,,"コトブキ",0
1096,5010402007604,01,1,2026-07-14,2015-10-05,"有限会社ソウケイ",,302,"東京都","港区","六本木７丁目９番４号",,13,103,1060032,,,,,,,2015-10-05,1,,,,,"ソウケイ",0
1097,5010402026018,21,0,2026-07-14,2026-06-25,"有限会社ゼフィルス",,302,"東京都","港区","南青山３丁目８番３９号",,13,103,1070062,,,2026-06-25,01,,,2015-10-05,1,,,,,"ゼフィルス",0
1098,5010403008857,21,0,2026-07-14,2026-07-02,"テバ・ホールディングス合同会社",,305,"東京都","渋谷区","恵比寿４丁目２０番３号",,13,113,1500013,,,2026-07-02,01,,,2015-10-05,1,,,,,"テバホールディングス",0
1099,5010403015795,11,0,2026-07-14,2026-06-17,"株式会社ルナリアプラン",,301,"東京都","港区","南青山２丁目２番１５号ウィン青山１２１４号",,13,103,1070062,,,,,,,2016-12-19,1,,,,,"ルナリアプラン",0
1100,5010405021602,12,0,2026-07-14,2026-07-01,"ジー・エイ・ワン・ホールディング一般社団法人",,399,"東京都","港区","虎ノ門５丁目１番４号",,13,103,1050001,,,,,,,2022-11-18,1,,,,,"ジーエイワンホールディング",0
1101,5010405025850,01,0,2026-07-14,2026-07-14,"一般社団法人日本の医療の未来を考える会",,399,"東京都","港区","赤坂３丁目５番５号ストロング赤坂ビル６階",,13,103,1070052,,,,,,,2026-07-14,1,,,,,"ニホンノイリョウノミライヲカンガエルカイ",0
1102,5010501024814,12,0,2026-07-14,2026-07-08,"プラスマネジメント株式会社",,301,"東京都","台東区","浅草橋４丁目１８番６号ポポラーレ浅草橋２Ｂ",,13,106,1110053,,,,,,,2015-10-05,1,,,,,"プラスマネジメント",0
1103,5010501027866,01,1,2026-07-14,2015-10-05,"株式会社ユニバーサルコーポレーション",,301,"東京都","台東区","北上野２丁目６番１２号",,13,106,1100014,,,,,,,2015-10-05,1,,,,,"ユニバーサルコーポレーション",0
1104,5010501042485,12,0,2026-07-14,2026-07-10,"レメディ・アンド・カンパニー株式会社",,301,"東京都","港区","虎ノ門２丁目１０番４号",,13,103,1050001,,,,,,,2018-04-19,1,,,,,"レメディアンドカンパニー",0
1105,5010501052930,11,0,2026-07-14,2026-07-02,"株式会社Ｍａｎｉｆｏｌｄ　Ｅｓｔａｔｅ",,301,"千葉県","市川市","広尾１丁目６番６号７０４",,12,203,2720146,,,,,,,2024-09-19,1,,,,,"マニフォールドエステート",0
1106,5010601017940,01,1,2026-07-14,2015-10-05,"さの商事株式会社",,301,"東京都","墨田区","横川５丁目９番３－３１３号",,13,107,1300003,,,,,,,2015-10-05,0,,,,,"サノショウジ",0
1107,5010601017940,12,1,2026-07-14,2020-02-05,"さの商事株式会社",,301,"東京都","墨田区","緑４丁目３６番６－１００７号",,13,107,1300021,,,,,,,2015-10-05,1,,,,,"サノショウジ",0
1108,5010601043788,01,1,2026-07-14,2015-10-05,"株式会社リンクス",,301,"東京都","江東区","東雲１丁目９番１８－１１１０号",,13,108,1350062,,,,,,,2015-10-05,1,,,,,"リンクス",0
1109,5010601064413,12,0,2026-07-14,2026-07-02,"株式会社ＮＳＨＤ",,301,"東京都","渋谷区","東４丁目４番１３－４０１号",,13,113,1500011,,,,,,,2024-01-04,1,,,,,"エヌエスエイチディ",0
1110,5010602016074,21,0,2026-07-14,2026-07-07,"有限会社山田製本所",,302,"東京都","墨田区","千歳１丁目６番８号",,13,107,1300025,,,2026-07-07,01,,,2015-10-05,1,,,,,"ヤマダセイホンジョ",0
1111,5010801000671,21,0,2026-07-14,2026-07-06,"株式会社アラキエンジニアリング",,301,"東京都","大田区","鵜の木２丁目２６番７号",,13,111,1460091,,,2026-07-06,01,,,2015-10-05,1,,,,,"アラキエンジニアリング",0
1112,5010801037573,01,0,2026-07-14,2026-07-14,"株式会社リンクイン",,301,"東京都","大田区","仲六郷３丁目１２番７－６０４号",,13,111,1440055,,,,,,,2026-07-14,1,,,,,"リンクイン",0
1113,5010901007435,01,1,2026-07-14,2015-10-05,"チトセ電子株式会社",,301,"東京都","世田谷区","北烏山３丁目２２番２号",,13,112,1570061,,,,,,,2015-10-05,1,,,,,"チトセデンシ",0
1114,5010901016031,01,1,2026-07-14,2015-10-05,"株式会社日本免疫活性医学研究所",,301,"東京都","世田谷区","中町４丁目５番３号",,13,112,1580091,,,,,,,2015-10-05,0,,,,,"ニホンメンエキカッセイイガクケンキュウジョ",0
1115,5010901016031,12,1,2026-07-14,2026-07-07,"株式会社日本免疫活性医学研究所",,301,"東京都","世田谷区","玉川４丁目１４番３号",,13,112,1580094,,,,,,,2015-10-05,1,,,,,"ニホンメンエキカッセイイガクケンキュウジョ",0
1116,5010901034396,12,0,2026-07-14,2026-07-09,"株式会社ナレッジアセット",,301,"東京都","港区","虎ノ門３丁目２０番６－１５０３号",,13,103,1050001,,,,,,,2015-10-05,1,,,,,"ナレッジアセット",0
1117,5010901040477,01,1,2026-07-14,2017-07-12,"ＩＴクエスト株式会社",,301,"東京都","世田谷区","祖師谷４丁目２４－１４ＰＡＬ祖師谷ＩＩ３０１",00110825,13,112,1570072,,,,,,,2017-07-12,1,,,,,"アイティークエスト",0
1118,5010901059864,01,0,2026-07-14,2026-07-14,"株式会社ＹＯＨＡＫＵ",,301,"東京都","世田谷区","三軒茶屋１丁目６番４号",,13,112,1540024,,,,,,,2026-07-14,1,,,,,"ヨハク",0
1119,5010901059914,01,0,2026-07-14,2026-07-14,"株式会社Ｅｌｄｉｐａ",,301,"東京都","世田谷区","弦巻１丁目１２番１－２０３号",,13,112,1540016,,,,,,,2026-07-14,1,,,,,"エルディパ",0
1120,5010903009660,12,0,2026-07-14,2026-07-10,"合同会社ｅｄｅｌ",,305,"東京都","国分寺市","高木町３丁目１４番２２号",,13,214,1850036,,,,,,,2025-01-23,1,,,,,"エーデル",0
1121,5010903011006,01,0,2026-07-14,2026-07-14,"合同会社ＣｙｂｅｒＤｒｅａｍ",,305,"東京都","世田谷区","大原１丁目２７番５号代田ニューハイツ１Ｆ",,13,112,1560041,,,,,,,2026-07-14,1,,,,,"サイバードリーム",0
1122,5011001113041,01,1,2026-07-14,2016-10-11,"株式会社５ｗａｙ　ｋｉｔｃｈｅｎ",,301,"東京都","渋谷区","恵比寿西２丁目２番１０号",,13,113,1500021,,,,,,,2016-10-11,1,,,,,"ゴウェイキッチン",0
1123,5011001171907,12,0,2026-07-14,2026-07-03,"グッドセーフティ株式会社",,301,"東京都","渋谷区","神宮前５丁目５２番２号",,13,113,1500001,,,,,,,2025-08-19,1,,,,,"グッドセーフティ",0
1124,5011001175404,12,0,2026-07-14,2026-07-02,"株式会社タートルプラス",,301,"東京都","目黒区","下目黒１丁目１番１４号コノトラビル７Ｆ",,13,110,1530064,,,,,,,2026-02-13,1,,,,,"タートルプラス",0
1125,5011001177631,11,0,2026-07-14,2026-07-02,"Ｆａｃｔｏｒｉｅｓ株式会社",,301,"東京都","渋谷区","富ヶ谷１丁目４４番１６号コーポ金子２０３号室",,13,113,1510063,,,,,,,2026-05-13,1,,,,,"ファクトリーズ",0
1126,5011001179000,01,0,2026-07-14,2026-07-14,"株式会社ＳＡＫＵＲＡ",,301,"東京都","渋谷区","神南１丁目１２番１７号すゞやビルＢ",,13,113,1500041,,,,,,,2026-07-14,1,,,,,"サクラ",0
1127,5011001179025,01,0,2026-07-14,2026-07-14,"ＣｏｍｐＡｓｉａ株式会社",,301,"東京都","渋谷区","宇田川町３番５号ＳｐａｒｋＳＨＩＢＵＹＡ７階",,13,113,1500042,,,,,,,2026-07-14,1,,,,,"コンプエイジア",0
1128,5011001179108,01,0,2026-07-14,2026-07-14,"株式会社Ｖｅｌｇｒａ",,301,"東京都","渋谷区","道玄坂１丁目１２番１号渋谷マークシティＷ２２階",,13,113,1500043,,,,,,,2026-07-14,1,,,,,"ベルグラ",0
1129,5011001179149,01,0,2026-07-14,2026-07-14,"伴走法人エスラボ株式会社",,301,"東京都","渋谷区","上原１丁目１７番７号ＦＲＥＮＩＴＹＨＯＵＳＥ１Ｆ",,13,113,1510064,,,,,,,2026-07-14,1,,,,,"バンソウホウジンエスラボ",0
1130,5011001179215,01,0,2026-07-14,2026-07-14,"株式会社Ｇｏｌｄ　Ｆｏｒｅｓｔ",,301,"東京都","渋谷区","円山町５番３号ＭＩＥＵＸ渋谷ビル８階",,13,113,1500044,,,,,,,2026-07-14,1,,,,,"ゴールドフォレスト",0
1131,5011003024848,01,0,2026-07-14,2026-07-14,"合同会社草莽",,305,"東京都","目黒区","鷹番１丁目１４番１６号",,13,110,1520004,,,,,,,2026-07-14,1,,,,,"ソウモウ",0
1132,5011101088984,12,0,2026-07-14,2026-07-06,"ＬＩＮＥ　Ｉｎｖｅｓｔｍｅｎｔ　Ｔｅｃｈｎｏｌｏｇｉｅｓ株式会社",,301,"東京都","千代田区","紀尾井町１番３号",,13,101,1020094,,,,,,,2019-09-19,1,,,,,"ラインインベストメントテクノロジーズ",0
1133,5011101116662,01,0,2026-07-14,2026-07-14,"株式会社Ｎｅ",,301,"東京都","新宿区","市谷仲之町４番８号",,13,104,1620064,,,,,,,2026-07-14,1,,,,,"エヌイー",0
1134,5011101116737,01,0,2026-07-14,2026-07-14,"株式会社ＴＥＮ　ＧＲＯＷ",,301,"東京都","新宿区","新宿１丁目２番９号ＪＦ新宿御苑ビル３Ｆ",,13,104,1600022,,,,,,,2026-07-14,1,,,,,"テングロー",0
1135,5011101116745,01,0,2026-07-14,2026-07-14,"株式会社プラハ",,301,"東京都","新宿区","高田馬場４丁目１８番１５号第２中村ビル３０２",,13,104,1690075,,,,,,,2026-07-14,1,,,,,"プラハ",0
1136,5011101116753,01,0,2026-07-14,2026-07-14,"株式会社かなた",,301,"東京都","新宿区","赤城下町５３番地１９",,13,104,1620803,,,,,,,2026-07-14,1,,,,,"カナタ",0
1137,5011103017413,01,0,2026-07-14,2026-07-14,"合同会社Ｂａｓｉｃ　Ｌｏｇｉｃ　Ｘ",,305,"東京都","新宿区","四谷１丁目２２－５ＷＥＳＴＡＬＬ四谷３Ｆ",,13,104,1600004,,,,,,,2026-07-14,1,,,,,"ベーシックロジックエックス",0
1138,5011103017751,01,0,2026-07-14,2026-07-14,"ステップルーム合同会社",,305,"東京都","新宿区","西新宿３丁目３番１３号西新宿水間ビル２Ｆ",,13,104,1600023,,,,,,,2026-07-14,1,,,,,"ステップルーム",0
1139,5011203005061,01,0,2026-07-14,2026-07-14,"合同会社ＡＫＲアセットマネジメント",,305,"東京都","中野区","中野３丁目２５―１５クリスタルコート２０４",,13,114,1640001,,,,,,,2026-07-14,1,,,,,"エーケーアールアセットマネジメント",0
1140,5011401005937,01,1,2026-07-14,2015-10-05,"株式会社マツキ",,301,"東京都","練馬区","春日町１丁目３３番２号",,13,120,1790074,,,,,,,2015-10-05,1,,,,,"マツキ",0
1141,5011401028095,01,0,2026-07-14,2026-07-14,"ＯＤＹＳ株式会社",,301,"東京都","板橋区","中丸町６－９ａｒｔｅ池袋２０１室",,13,119,1730026,,,,,,,2026-07-14,1,,,,,"オディス",0
1142,5011501012957,21,0,2026-07-14,2026-06-29,"株式会社マスード",,301,"東京都","豊島区","東池袋２丁目６２－８Ｂｉｇオフィスプラザ池袋１１Ｆ",,13,116,1700013,,,2026-06-29,01,,,2015-10-05,1,,,,,"マスード",0
1143,5011501013550,21,0,2026-07-14,2026-06-15,"株式会社オリオンパートナーズ",,301,"東京都","新宿区","新宿６丁目７番１号",,13,104,1600022,,,2026-06-15,01,,,2015-10-05,1,,,,,"オリオンパートナーズ",0
1144,5011501017626,01,1,2026-07-14,2015-10-05,"Ｂｅｉｚｈｏｎｇ＆Ｃｏｍｐａｎｙ株式会社",,301,"東京都","荒川区","西日暮里４丁目１１番９号",,13,118,1160013,,,,,,,2015-10-05,0,,,,,"ベイジョンアンドカンパニー",0
1145,5011501017626,12,1,2026-07-14,2026-07-03,"Ｂｅｉｚｈｏｎｇ＆Ｃｏｍｐａｎｙ株式会社",,301,"東京都","荒川区","西日暮里４丁目３－１１道灌山リハイム３０８号室",,13,118,1160013,,,,,,,2015-10-05,1,,,,,"ベイジョンアンドカンパニー",0
1146,5011601005910,21,0,2026-07-14,2026-07-06,"藤島建設株式会社",,301,"東京都","練馬区","大泉学園町４丁目１０番１２号",,13,120,1780061,,,2026-07-06,01,,,2015-10-05,1,,,,,"フジシマケンセツ",0
1147,5011601029736,01,0,2026-07-14,2026-07-14,"ＳＫＡ株式会社",,301,"東京都","練馬区","練馬３丁目４番１３号",,13,120,1760001,,,,,,,2026-07-14,1,,,,,"エスケーエー",0
1148,5011701021997,12,0,2026-07-14,2026-06-22,"株式会社８４",,301,"東京都","港区","南青山３丁目１番３６号青山丸竹ビル６Ｆ",,13,103,1070062,,,,,,,2018-08-17,1,,,,,"ハチヨン",0
1149,5011702017623,01,1,2026-07-14,2015-10-05,"有限会社江東乳業",,302,"東京都","江戸川区","船堀２丁目４番２７号",,13,123,1340091,,,,,,,2015-10-05,1,,,,,"コウトウニュウギョウ",0
1150,5011703004678,01,0,2026-07-14,2026-07-14,"合同会社アウェイクニング",,305,"東京都","江戸川区","西小岩３丁目１２番１７号ユアビル４０１",,13,123,1330057,,,,,,,2026-07-14,1,,,,,"アウェイクニング",0
1151,5011801039072,01,1,2026-07-14,2021-04-15,"鳳商事株式会社",,301,"東京都","葛飾区","西水元５丁目１３番１４号",,13,122,1250031,,,,,,,2021-04-15,1,,,,,"オオトリショウジ",0
1152,5011801046671,12,0,2026-07-14,2026-07-07,"株式会社ＡＬＫ",,301,"東京都","足立区","千住４丁目１番１号ＲＥＢＯＲＮＡ北千住７Ｆ",,13,121,1200034,,,,,,,2025-09-02,1,,,,,"アルク",0
1153,5012301014920,01,0,2026-07-14,2026-07-14,"西川アセット株式会社",,301,"東京都","町田市","成瀬台１丁目２４番地３",,13,209,1940043,,,,,,,2026-07-14,1,,,,,"ニシカワアセット",0
1154,5012701013423,12,0,2026-07-14,2026-07-01,"株式会社本橋内装",,301,"東京都","東村山市","秋津町２丁目９番地１２",,13,213,1890001,,,,,,,2015-11-05,0,,,,,,0
1155,5012701013423,11,0,2026-07-14,2026-07-01,"株式会社スタイルプラス",,301,"東京都","東村山市","秋津町２丁目９番地１２",,13,213,1890001,,,,,,,2015-11-05,1,,,,,"スタイルプラス",0
1156,5012703001772,11,0,2026-07-14,2026-07-01,"合同会社コンテンツラボ",,305,"東京都","世田谷区","駒沢公園１－１Ｔｏｔｅ駒沢公園３Ｆ",,13,112,1540013,,,,,,,2019-04-05,1,,,,,"コンテンツラボ",0
1157,5013203001833,12,0,2026-07-14,2026-07-09,"ユーディーエヌ合同会社",,305,"東京都","北区","西ケ原１丁目１７番９号雅ＧａｒｄｅｎＶｉｅｗ４階",,13,117,1140024,,,,,,,2015-10-05,1,,,,,"ユーディーエヌ",0
1158,5020001039320,01,1,2026-07-14,2015-10-05,"株式会社芳正",,301,"神奈川県","横浜市戸塚区","川上町２２６番地芳正ビル２ＦＤ",,14,110,2440805,,,,,,,2015-10-05,0,,,,,"ホウセイ",0
1159,5020001039320,12,1,2026-07-14,2026-06-18,"株式会社芳正",,301,"神奈川県","横浜市戸塚区","川上町２２６番地ＨＯＳＥＩビル３Ｅ",,14,110,2440805,,,,,,,2015-10-05,1,,,,,"ホウセイ",0
1160,5020001151050,12,0,2026-07-14,2026-07-10,"株式会社ライフハック",,301,"東京都","千代田区","神田錦町３丁目６－７",,13,101,1010054,,,,,,,2023-04-10,1,,,,,"ライフハック",0
1161,5020001169431,01,0,2026-07-14,2026-07-14,"ＡＴＯＭ　ＢＡＳＥ株式会社",,301,"神奈川県","川崎市高津区","溝口６丁目２３番５７号メヌエット高津２０１",,14,134,2130001,,,,,,,2026-07-14,1,,,,,"アトムベース",0
1162,5020001169497,01,0,2026-07-14,2026-07-14,"株式会社ヘルスマネジメントデザイン",,301,"神奈川県","横浜市神奈川区","松ケ丘６７番地２６",,14,102,2210843,,,,,,,2026-07-14,1,,,,,"ヘルスマネジメントデザイン",0
1163,5020002099405,01,1,2026-07-14,2015-10-05,"有限会社宮下食品",,302,"神奈川県","川崎市川崎区","小田４丁目５番５号",,14,131,2100846,,,,,,,2015-10-05,1,,,,,"ミヤシタショクヒン",0
1164,5020003016961,01,1,2026-07-14,2019-11-21,"はじめ合同会社",,305,"神奈川県","横浜市保土ケ谷区","峰岡町３丁目３９８－１２",,14,106,2400064,,,,,,,2019-11-21,1,,,,,"ハジメ",0
1165,5020003029352,12,0,2026-07-14,2026-07-10,"合同会社和心商事",,305,"東京都","千代田区","神田北乗物町２神田乗物町ビル６階６０２号室",,13,101,1010036,,,,,,,2025-09-11,1,,,,,"ワシンショウジ",0
1166,5020003031416,01,0,2026-07-14,2026-07-14,"トランクィロジャパン合同会社",,305,"神奈川県","川崎市宮前区","鷺沼１丁目２２番地１鷺沼プラッツ３０１",,14,136,2160004,,,,,,,2026-07-14,1,,,,,"トランクィロジャパン",0
1167,5020003031424,01,0,2026-07-14,2026-07-14,"合同会社ウェルネス・パス",,305,"神奈川県","川崎市宮前区","馬絹３丁目８番２９－３０１号",,14,136,2160035,,,,,,,2026-07-14,1,,,,,"ウェルネスパス",0
1168,5020003031465,01,0,2026-07-14,2026-07-14,"合同会社コネクトツールラボ",,305,"神奈川県","川崎市中原区","苅宿７番２５―４０７号レーベンハイム元住吉パテラ",,14,133,2110022,,,,,,,2026-07-14,1,,,,,"コネクトツールラボ",0
1169,5020005012546,12,0,2026-07-14,2026-07-02,"ＮＰＯ法人横浜金沢カヌークラブ",,399,"神奈川県","横浜市西区","北幸２丁目１０番４８号むつみビル３階",,14,103,2200004,,,,,,,2016-04-06,1,,,,,"ヨコハマカナザワカヌークラブ",0
1170,5021001030343,01,1,2026-07-14,2015-10-05,"株式会社日建リビング",,301,"神奈川県","大和市","下和田１２１５番８号",,14,213,2420015,,,,,,,2015-10-05,1,,,,,"ニッケンリビング",0
1171,5021001088340,01,0,2026-07-14,2026-07-14,"海洋システムデザイン株式会社",,301,"神奈川県","三浦郡葉山町","堀内７９４番地の３１",,14,301,2400112,,,,,,,2026-07-14,1,,,,,"カイヨウシステムデザイン",0
1172,5021001088638,01,0,2026-07-14,2026-07-14,"株式会社リファインプラス",,301,"神奈川県","高座郡寒川町","岡田６丁目５番６号",,14,321,2530105,,,,,,,2026-07-14,1,,,,,"リファインプラス",0
1173,5021001088646,01,0,2026-07-14,2026-07-14,"株式会社アーバンネクスト",,301,"神奈川県","横須賀市","安浦町２丁目２７番アットマーク１階",,14,201,2380012,,,,,,,2026-07-14,1,,,,,"アーバンネクスト",0
1174,5021001088679,01,0,2026-07-14,2026-07-14,"株式会社ジラフ",,301,"神奈川県","鎌倉市","台３丁目８番３４－４３０号",,14,204,2470061,,,,,,,2026-07-14,1,,,,,"ジラフ",0
1175,5021002039037,01,1,2026-07-14,2015-10-05,"有限会社ディアールオーピー",,302,"神奈川県","秦野市","渋沢２丁目４６番１８号",,14,211,2591322,,,,,,,2015-10-05,0,,,,,"ディアールオーピー",0
1176,5021002039037,12,1,2026-07-14,2017-06-01,"有限会社ディアールオーピー",,302,"神奈川県","秦野市","南矢名６７９番地の１９",,14,211,2570003,,,,,,,2015-10-05,0,,,,,"ディアールオーピー",0
1177,5021002039037,12,1,2026-07-14,2026-06-19,"有限会社ディアールオーピー",,302,"神奈川県","秦野市","曽屋２５８０－１１",,14,211,2570031,,,,,,,2015-10-05,1,,,,,"ディアールオーピー",0
1178,5021002054746,01,1,2026-07-14,2015-10-05,"有限会社芝貴金属",,302,"神奈川県","南足柄市","壗下１９８番地の１",,14,217,2500103,,,,,,,2015-10-05,0,,,,,"シバキキンゾク",0
1179,5021002054746,12,1,2026-07-14,2017-12-15,"有限会社芝貴金属",,302,"神奈川県","小田原市","酒匂４丁目８番３号",,14,206,2560816,,,,,,,2015-10-05,1,,,,,"シバキキンゾク",0
1180,5030001079407,12,0,2026-07-14,2026-07-09,"株式会社インキュベイト",,301,"東京都","北区","田端新町３丁目８番２号",,13,117,1140012,,,,,,,2015-10-05,1,,,,,"インキュベイト",0
1181,5030001113611,01,1,2026-07-14,2016-04-11,"株式会社ＣＡＮＤＩＩＩ",,301,"埼玉県","さいたま市南区","内谷４丁目１０番８－４１１号",,11,108,3360034,,,,,,,2016-04-11,1,,,,,"キャンディー",0
1182,5030001127405,12,0,2026-07-14,2026-07-09,"榛名株式会社",,301,"東京都","足立区","竹の塚２丁目２９－１４エコハウス",,13,121,1210813,,,,,,,2018-09-13,1,,,,,"ハルナ",0
1183,5030001155249,12,0,2026-07-14,2026-07-07,"株式会社ＷＴＩ",,301,"神奈川県","茅ヶ崎市","松林３丁目１２番４４－３号",,14,207,2530017,,,,,,,2023-08-14,1,,,,,"ダブリューティーアイ",0
1184,5030001173267,01,0,2026-07-14,2026-07-14,"株式会社ＮｅｘｕｓＲＩＳＥ",,301,"埼玉県","比企郡吉見町","大字中新井９９８番地３",,11,347,3550119,,,,,,,2026-07-14,1,,,,,"ネクサスライズ",0
1185,5030002020749,21,0,2026-07-14,2026-07-01,"有限会社桶屋",,302,"埼玉県","さいたま市岩槻区","大字上野８９１番地",,11,110,3390073,,,2026-07-01,01,,,2015-10-05,1,,,,,"オケヤ",0
1186,5030003029657,01,0,2026-07-14,2026-07-14,"Ｐａｃｉｆｉｃ　Ｎｅｘｕｓ合同会社",,305,"埼玉県","蕨市","塚越４丁目１２番３７号ライオンズ蕨ローレルコート３２３号",,11,223,3350002,,,,,,,2026-07-14,1,,,,,,0
1187,5040001022613,01,1,2026-07-14,2015-10-05,"株式会社川平工務店",,301,"千葉県","船橋市","海神５丁目２９番５２－４０１号",,12,204,2730021,,,,,,,2015-10-05,1,,,,,"カワヒラコウムテン",0
1188,5040001057411,01,1,2026-07-14,2015-10-05,"株式会社共和自動車工業",,301,"千葉県","山武郡九十九里町","不動堂４５０番地の１０",,12,403,2830113,,,,,,,2015-10-05,1,,,,,"キョウワジドウシャコウギョウ",0
1189,5040001065422,01,1,2026-07-14,2015-10-05,"株式会社柏シティエステート",,301,"千葉県","柏市","柏３５１番地",,12,217,2770005,,,,,,,2015-10-05,1,,,,,"カシワシティエステート",0
1190,5040001144473,01,0,2026-07-14,2026-07-14,"ルーチェジャパン株式会社",,301,"千葉県","市川市","国府台６丁目６番１号",,12,203,2720827,,,,,,,2026-07-14,1,,,,,"ルーチェジャパン",0
1191,5040001144531,01,0,2026-07-14,2026-07-14,"株式会社Ｊａｍ８",,301,"千葉県","市川市","富浜３丁目５番１－４０２号",,12,203,2720115,,,,,,,2026-07-14,1,,,,,"ジャムエイト",0
1192,5040001144622,01,0,2026-07-14,2026-07-14,"里山くらしデザインラボ株式会社",,301,"千葉県","市原市","水沢４０２",,12,219,2900514,,,,,,,2026-07-14,1,,,,,"サトヤマクラシデザインラボ",0
1193,5040002068639,01,1,2026-07-14,2015-10-05,"有限会社中山工業所",,302,"千葉県","袖ケ浦市","飯富１８９１番地",,12,229,2990256,,,,,,,2015-10-05,1,,,,,"ナカヤマコウギョウショ",0
1194,5040002071287,01,1,2026-07-14,2015-10-05,"有限会社多田製パン",,302,"千葉県","富津市","富津１６５８番地",,12,226,2930021,,,,,,,2015-10-05,1,,,,,"タダセイパン",0
1195,5050001039978,01,1,2026-07-14,2015-10-22,"株式会社ヤマヨ",,301,"茨城県","つくば市","西平塚１６７番地",,08,220,3050814,,,,,,,2015-10-22,1,,,,,"ヤマヨ",0
1196,5050001045002,12,0,2026-07-14,2026-07-06,"株式会社大槻電気",,301,"茨城県","笠間市","石井１１５１番地１７",,08,216,3091613,,,,,,,2018-10-03,1,,,,,"オオツキデンキ",0
1197,5050001058680,01,0,2026-07-14,2026-07-14,"株式会社ジェルメ",,301,"茨城県","下妻市","半谷７７３番地３３",,08,210,3040005,,,,,,,2026-07-14,1,,,,,"ジェルメ",0
1198,5050002016662,01,1,2026-07-14,2015-10-05,"有限会社プラステン",,302,"茨城県","小美玉市","羽刈２１３番地の３６",,08,236,3190121,,,,,,,2015-10-05,1,,,,,"プラステン",0
1199,5060001032726,12,0,2026-07-14,2026-07-06,"ＴＡＫＥＰＡＲＴ株式会社",,301,"栃木県","宇都宮市","宮の内４丁目１５２－１３",,09,201,3210131,,,,,,,2020-06-23,1,,,,,"テイクパート",0
1200,5060001036454,12,0,2026-07-14,2026-07-07,"ファミリーペイント株式会社",,301,"栃木県","下野市","上古山２１４０番地３",,09,216,3290501,,,,,,,2023-10-20,1,,,,,"ファミリーペイント",0
1201,5060001039457,01,0,2026-07-14,2026-07-14,"株式会社鹿沼ジビエ",,301,"栃木県","鹿沼市","下永野３７３",,09,205,3280212,,,,,,,2026-07-14,1,,,,,"カヌマジビエ",0
1202,5060002011183,11,0,2026-07-14,2026-07-09,"株式会社ヤマカ商事",,301,"栃木県","河内郡上三川町","大字東蓼沼２７５番地",,09,301,3290603,,,,,,,2015-10-05,1,,,,,"ヤマカショウジ",0
1203,5070001024202,21,0,2026-07-14,2026-07-06,"株式会社大黒農産",,301,"群馬県","吾妻郡嬬恋村","大字田代乙７番地",,10,425,3771614,,,2026-07-06,01,,,2015-10-05,1,,,,,"ダイコクノウサン",0
1204,5070002000482,01,1,2026-07-14,2015-10-05,"有限会社石井型枠",,302,"群馬県","前橋市","野中町２６６番地",,10,201,3792166,,,,,,,2015-10-05,1,,,,,"イシイカタワク",0
1205,5070002009383,21,0,2026-07-14,2026-07-06,"有限会社かねいち地所",,302,"群馬県","高崎市","上小塙町１２６１番地１",,10,202,3700077,,,2026-07-06,01,,,2015-10-05,1,,,,,"カネイチジショ",0
1206,5080001027716,01,0,2026-07-14,2026-07-14,"株式会社ＲＡＣＨＩ",,301,"静岡県","島田市","島６０３番地の５",,22,209,4280007,,,,,,,2026-07-14,1,,,,,"ラチ",0
1207,5080102001363,01,1,2026-07-14,2015-10-05,"有限会社斎藤木型工所",,302,"静岡県","三島市","松本１０７番地の１",,22,206,4110822,,,,,,,2015-10-05,1,,,,,"サイトウキガタコウショ",0
1208,5080401003952,71,0,2026-07-14,2026-07-01,"株式会社布橋運送",,301,"静岡県","浜松市中央区","高丘北３丁目３７番５０号",,22,138,4338119,,,,,,"令和８年７月１日静岡県浜松市中央区高丘北三丁目３７番５０号株式会社東海国本（3080401003401）を合併",2015-10-05,1,,,,,"ヌノハシウンソウ",0
1209,5080401028735,01,0,2026-07-14,2026-07-14,"株式会社ＡｚｏｒＡ",,301,"静岡県","浜松市中央区","大平台３丁目１４番１３号",,22,138,4328068,,,,,,,2026-07-14,1,,,,,"アゾラ",0
1210,5100001039840,01,0,2026-07-14,2026-07-14,"株式会社前田商事",,301,"長野県","松本市","板場２１番地３",,20,202,3997405,,,,,,,2026-07-14,1,,,,,"マエダショウジ",0
1211,5100002003531,01,1,2026-07-14,2015-10-05,"有限会社長野企画",,302,"長野県","長野市","桐原１丁目２４番８号",,20,201,3810045,,,,,,,2015-10-05,1,,,,,"ナガノキカク",0
1212,5100002014594,01,1,2026-07-14,2015-10-05,"有限会社はなふじ",,302,"長野県","上田市","住吉２１番地１５",,20,203,3860002,,,,,,,2015-10-05,1,,,,,"ハナフジ",0
1213,5100003008851,01,0,2026-07-14,2026-07-14,"合同会社ゼロワン",,305,"長野県","駒ヶ根市","中央２５－１１",,20,210,3994112,,,,,,,2026-07-14,1,,,,,"ゼロワン",0
1214,5110002029063,01,1,2026-07-14,2015-10-05,"有限会社ホクト・サポート",,302,"新潟県","長岡市","花園１丁目５番１３号",,15,202,9400845,,,,,,,2015-10-05,1,,,,,"ホクトサポート",0
1215,5120001133014,01,1,2026-07-14,2015-10-05,"株式会社ＤＩＴ",,301,"大阪府","大阪市北区","梅田１丁目１番３－５１０号大阪駅前第３ビル５階１０号",,27,127,5300001,,,,,,,2015-10-05,1,,,,,"ディーアイティー",0
1216,5120001153697,21,0,2026-07-14,2026-07-10,"株式会社肉の森田屋",,301,"大阪府","寝屋川市","若葉町４番１１号",,27,215,5720031,,,2026-07-10,01,,,2015-10-05,1,,,,,"ニクノモリタヤ",0
1217,5120001156915,01,1,2026-07-14,2015-10-05,"株式会社山澤実業",,301,"大阪府","守口市","大久保町２丁目１５番３号",,27,209,5700012,,,,,,,2015-10-05,1,,,,,"ヤマザワジツギョウ",0
1218,5120001185724,12,0,2026-07-14,2026-07-09,"株式会社いろどりＳＴＲＥＥＴ",,301,"神奈川県","横浜市南区","高根町１丁目３中華街不動産ビル４０１",,14,105,2320022,,,,,,,2015-10-05,1,"IRODORI STREET CO.,LTD","Osaka","13-26 &SPACE NO.5, Ibaraki shi Nishitoyokawacho",,"イロドリストリート",0
1219,5120001280806,21,0,2026-07-14,2026-07-08,"鼎豊科技株式会社",,301,"大阪府","大阪市東住吉区","中野４丁目１番１６号リベラルオリエンテ中野６０４Ｂ",,27,121,5460012,,,2026-07-08,01,,,2025-10-06,1,,,,,"テイホウカギ",0
1220,5120001287850,01,0,2026-07-14,2026-07-14,"株式会社あおい物流",,301,"大阪府","大阪市中央区","大手前１丁目３－５９",,27,128,5400008,,,,,,,2026-07-14,1,,,,,"アオイブツリュウ",0
1221,5120001287859,01,0,2026-07-14,2026-07-14,"ＢＵＬＬＰＡＹ株式会社",,301,"大阪府","大阪市西区","江戸堀２丁目１番１号江戸堀センタービル９Ｆ",,27,106,5500002,,,,,,,2026-07-14,1,,,,,"ブルペイ",0
1222,5120001287875,01,0,2026-07-14,2026-07-14,"株式会社ＭＵＮＤＥＸ",,301,"大阪府","大阪市北区","梅田１丁目１番３号大阪駅前第３ビル１１階２号室",,27,127,5300001,,,,,,,2026-07-14,1,,,,,"ムンデックス",0
1223,5120001287909,01,0,2026-07-14,2026-07-14,"株式会社ＡＣリンクス",,301,"大阪府","寝屋川市","河北中町３５‐２３",,27,215,5720816,,,,,,,2026-07-14,1,,,,,"エーシーリンクス",0
1224,5120002022397,01,1,2026-07-14,2015-10-05,"有限会社大共通信",,302,"大阪府","大阪市都島区","中野町３丁目８番３号",,27,102,5340027,,,,,,,2015-10-05,1,,,,,"ダイキョウツウシン",0
1225,5120002050869,01,1,2026-07-14,2015-10-05,"有限会社エルジー",,302,"大阪府","大阪市中央区","内本町２丁目１－１９内本町松屋１０ビル３５０号",,27,128,5400026,,,,,,,2015-10-05,1,,,,,"エルジー",0
1226,5120002068507,01,1,2026-07-14,2015-10-05,"有限会社近江アセットツー",,302,"大阪府","大阪市中央区","北浜３丁目５番１９号淀屋橋ホワイトビル３０８号株式会社フォグロス・パートナーズ内",,27,128,5410041,,,,,,,2015-10-05,0,,,,,,0
1227,5120002068507,12,1,2026-07-14,2016-04-25,"有限会社近江アセットツー",,302,"京都府","京都市中京区","東洞院通御池下る笹屋町４３６",,26,104,6048187,,,,,,,2015-10-05,0,,,,,,0
1228,5120002068507,12,1,2026-07-14,2019-06-13,"有限会社近江アセットツー",,302,"滋賀県","米原市","西円寺４２７番地",,25,214,5210092,,,,,,,2015-10-05,0,,,,,,0
1229,5120002068507,11,1,2026-07-14,2026-04-21,"株式会社近江アセットツー",,301,"滋賀県","米原市","西円寺４２７番地",,25,214,5210092,,,,,,,2015-10-05,0,,,,,,0
1230,5120002068507,71,1,2026-07-14,2026-07-01,"株式会社近江アセットツー",,301,"滋賀県","米原市","西円寺４２７番地",,25,214,5210092,,,,,,"令和８年７月１日滋賀県米原市西円寺４２７番地有限会社近江アセットワン（6120002068506）を合併",2015-10-05,1,,,,,,0
1231,5120003032180,12,0,2026-07-14,2026-07-10,"合同会社ビギンズ",,305,"大阪府","東大阪市","長堂１丁目２７－４－２０４",,27,227,5770056,,,,,,,2026-03-27,1,,,,,"ビギンズ",0
1232,5120003033030,01,0,2026-07-14,2026-07-14,"ＥＳＰ　ＯＮＥ合同会社",,305,"大阪府","大阪市浪速区","恵美須西３丁目３番２６号グランドウィング４０１号",,27,111,5560003,,,,,,,2026-07-14,1,,,,,"イーエスピーワン",0
1233,5120005025653,01,0,2026-07-14,2026-07-14,"医療法人和診会",,399,"大阪府","大阪市福島区","福島２丁目１番３４号関電不動産大阪福島ビル１階",,27,103,5530003,,,,,,,2026-07-14,1,,,,,"ワシンカイ",0
1234,5120105008509,01,1,2026-07-14,2016-05-27,"一般社団法人にぎわい夢創りプロジェクト",,399,"大阪府","泉佐野市","南泉ケ丘２丁目２番１６号",,27,213,5980073,,,,,,,2016-05-27,1,,,,,"ニギワイユメツクリプロジェクト",0
1235,5120901041737,12,0,2026-07-14,2026-07-09,"皆元商事株式会社",,301,"大阪府","豊中市","曽根南町３丁目６番２号",,27,203,5610804,,,,,,,2019-09-05,1,,,,,"ミナモトショウジ",0
1236,5120901048988,21,0,2026-07-14,2026-07-03,"株式会社水野プランニング",,301,"大阪府","箕面市","小野原東５丁目１２番１６号",,27,220,5620031,,,2026-07-03,01,,,2024-04-04,1,,,,,"ミズノプランニング",0
1237,5120903004683,12,0,2026-07-14,2026-07-07,"合同会社ちむぐくる",,305,"兵庫県","伊丹市","春日丘３丁目６２番２号",,28,207,6640893,,,,,,,2023-06-15,1,,,,,"チムグクル",0
1238,5122001040719,01,0,2026-07-14,2026-07-14,"株式会社ＳＴＳ",,301,"大阪府","東大阪市","菱屋東２丁目１番２４号",,27,227,5780948,,,,,,,2026-07-14,1,,,,,"エスティーエス",0
1239,5122001040727,01,0,2026-07-14,2026-07-14,"アースジャパン開発株式会社",,301,"大阪府","東大阪市","吉田下島８番１９号",,27,227,5780983,,,,,,,2026-07-14,1,,,,,"アースジャパンカイハツ",0
1240,5130001024625,01,1,2026-07-14,2015-10-05,"株式会社プリントパック",,301,"京都府","向日市","森本町野田３番地１",,26,208,6170003,,,,,,,2015-10-05,1,,,,,"プリントパック",0
1241,5130001060190,11,0,2026-07-14,2026-07-07,"ネスト電設株式会社",,301,"京都府","木津川市","木津川台５丁目２４番地１２",,26,214,6190225,,,,,,,2017-07-31,1,,,,,"ネストデンセツ",0
1242,5130001077573,01,1,2026-07-14,2024-07-31,"株式会社ＴＳＩＮＧＹＡＯ",,301,"京都府","京都市東山区","石泉院町３９４－４－２０５",,26,105,6050021,,,,,,,2024-07-31,1,,,,,,0
1243,5140001026934,01,1,2026-07-14,2015-10-05,"株式会社宏達産業",,301,"兵庫県","神戸市中央区","北長狭通１丁目２番３号",,28,110,6500012,,,,,,,2015-10-05,0,,,,,"コウタツサンギョウ",0
1244,5140001026934,12,1,2026-07-14,2016-01-27,"株式会社宏達産業",,301,"兵庫県","神戸市中央区","生田町４丁目５番１９号２階",,28,110,6510092,,,,,,,2015-10-05,1,,,,,"コウタツサンギョウ",0
1245,5140001028162,01,1,2026-07-14,2015-10-05,"株式会社Ｓａｋｕｒａ",,301,"静岡県","浜松市南区","恩地町６４番地",,22,134,4300814,,,,,,,2015-10-05,0,,,,,"サクラ",0
1246,5140001028162,12,1,2026-07-14,2024-01-09,"株式会社Ｓａｋｕｒａ",,301,"静岡県","浜松市中央区","恩地町６４番地",,22,138,4300814,,,,,,,2015-10-05,1,,,,,"サクラ",0
1247,5140001102033,01,1,2026-07-14,2016-05-16,"株式会社青木興業",,301,"兵庫県","尼崎市","杭瀬南新町２丁目６番４０号",,28,202,6600822,,,,,,,2016-05-16,1,,,,,"アオキコウギョウ",0
1248,5140001119696,12,0,2026-07-14,2026-07-06,"株式会社リング",,301,"兵庫県","三木市","緑が丘町中１丁目１０番地の１０",,28,215,6730532,,,,,,,2020-12-09,1,,,,,"リング",0
1249,5140001132666,12,0,2026-07-14,2026-07-06,"株式会社Ｎａｒｒａｋ",,301,"兵庫県","西宮市","平松町２－２８黒田マンション１階１０５号室",,28,204,6620044,,,,,,,2023-12-15,1,,,,,"ナーラック",0
1250,5140001133508,12,0,2026-07-14,2026-07-06,"株式会社エスアンドエス",,301,"兵庫県","尼崎市","次屋３丁目３番２１号",,28,202,6610965,,,,,,,2024-02-29,0,,,,,"エスアンドエス",0
1251,5140001133508,11,0,2026-07-14,2026-07-06,"株式会社ｚｉｌａｂｓ",,301,"兵庫県","尼崎市","次屋３丁目３番２１号",,28,202,6610965,,,,,,,2024-02-29,1,,,,,"ジラボ",0
1252,5140001143300,01,0,2026-07-14,2026-07-14,"株式会社下浦技建",,301,"兵庫県","伊丹市","昆陽５丁目１８８番地１",,28,207,6640881,,,,,,,2026-07-14,1,,,,,"シモウラギケン",0
1253,5140001143374,01,0,2026-07-14,2026-07-14,"株式会社ＲｅＦｒａｍｅ",,301,"兵庫県","淡路市","江井２９７５番地",,28,226,6561531,,,,,,,2026-07-14,1,,,,,"リフレーム",0
1254,5140001143399,01,0,2026-07-14,2026-07-14,"株式会社ｆｏｎｔｅｍ",,301,"兵庫県","西宮市","名塩さくら台３丁目１２番地１３",,28,204,6691146,,,,,,,2026-07-14,1,,,,,"フォンテム",0
1255,5140001143408,01,0,2026-07-14,2026-07-14,"株式会社ぽんず",,301,"兵庫県","芦屋市","月若町３番７－１号",,28,206,6590084,,,,,,,2026-07-14,1,,,,,"ポンズ",0
1256,5140001143449,01,0,2026-07-14,2026-07-14,"株式会社オールモアプラス",,301,"兵庫県","尼崎市","西難波町３丁目２２番２号",,28,202,6600893,,,,,,,2026-07-14,1,,,,,"オールモアプラス",0
1257,5140001143465,01,0,2026-07-14,2026-07-14,"株式会社ＬＵＭＩＡＳ",,301,"兵庫県","神戸市長田区","片山町３丁目１１番２５－１号",,28,106,6530805,,,,,,,2026-07-14,1,,,,,"ルミアス",0
1258,5140002033509,01,1,2026-07-14,2015-10-05,"有限会社Ａ・Ｉ",,302,"兵庫県","たつの市","揖保川町半田７０３番地１",,28,229,6711601,,,,,,,2015-10-05,0,,,,,"エーアイ",0
1259,5140002033509,12,1,2026-07-14,2018-02-19,"有限会社Ａ・Ｉ",,302,"兵庫県","姫路市","船橋町４丁目１番地",,28,201,6700048,,,,,,,2015-10-05,1,,,,,"エーアイ",0
1260,5140003023863,01,0,2026-07-14,2026-07-14,"合同会社オリジン",,305,"兵庫県","尼崎市","元浜町２丁目１０９番地サンワコート元浜３０３",,28,202,6600085,,,,,,,2026-07-14,1,,,,,"オリジン",0
1261,5150001018377,01,1,2026-07-14,2015-10-05,"株式会社飛水設備",,301,"奈良県","橿原市","別所町４１番地－２Ｆ",,29,205,6340026,,,,,,,2015-10-05,1,,,,,"ヒスイセツビ",0
1262,5150003003996,01,0,2026-07-14,2026-07-14,"合同会社ｆｏｏ‐ｓ",,305,"奈良県","大和高田市","大字有井８４‐４",,29,202,6350072,,,,,,,2026-07-14,1,,,,,"フーズ",0
1263,5160001023392,01,1,2026-07-14,2021-06-09,"株式会社ジプラス",,301,"滋賀県","栗東市","川辺１０４番地３",,25,208,5203014,,,,,,,2021-06-09,1,,,,,"ジプラス",0
1264,5160003003855,01,0,2026-07-14,2026-07-14,"合同会社ｍｕｓｕｂｉｘ",,305,"滋賀県","草津市","北大萱町８３１－２",,25,206,5250016,,,,,,,2026-07-14,1,,,,,"ムスビクス",0
1265,5160005004967,01,1,2026-07-14,2015-10-05,"社会福祉法人滋賀県視覚障害者福祉協会",,399,"滋賀県","彦根市","松原１丁目１２番１７号",,25,202,5220002,,,,,,,2015-10-05,1,,,,,,0
1266,5170001019183,01,0,2026-07-14,2026-07-14,"株式会社加茂設備",,301,"和歌山県","海南市","黒江１番地２４８",,30,202,6420011,,,,,,,2026-07-14,1,,,,,"カモセツビ",0
1267,5180001080903,01,1,2026-07-14,2015-10-05,"株式会社ベステックコーポレーション",,301,"愛知県","犬山市","大字上野字兼若９０番地の２",,23,215,4840077,,,,,,,2015-10-05,1,,,,,"ベステックコーポレーション",0
1268,5180001081447,01,1,2026-07-14,2015-10-05,"株式会社るぴなす",,301,"愛知県","丹羽郡扶桑町","大字斎藤字山神１４番地",,23,362,4800104,,,,,,,2015-10-05,1,,,,,"ルピナス",0
1269,5180001082800,21,0,2026-07-14,2026-07-03,"株式会社サンノウニット",,301,"愛知県","一宮市","若竹４丁目１番地７",,23,203,4910832,,,2026-07-03,01,,,2015-10-05,1,,,,,"サンノウニット",0
1270,5180001124627,01,1,2026-07-14,2016-09-01,"株式会社グロリアスライフ",,301,"愛知県","名古屋市中川区","八神町３丁目８番地",,23,110,4540041,,,,,,,2016-09-01,1,,,,,"グロリアスライフ",0
1271,5180001147347,21,0,2026-07-14,2026-07-01,"株式会社クルール各務原",,301,"愛知県","名古屋市中区","丸の内３丁目２０番９号三晃社ビル３階",,23,106,4600002,,,2026-07-01,11,8180001102539,"令和８年７月１日名古屋市中区丸の内三丁目２０番９号三晃社ビル３階株式会社アフェクトホールディングス（8180001102539）に合併し解散",2021-08-06,1,,,,,"クルールカガミハラ",0
1272,5180001172650,01,0,2026-07-14,2026-07-14,"株式会社アセンディア",,301,"愛知県","名古屋市中区","新栄２丁目４６番１号",,23,106,4600007,,,,,,,2026-07-14,1,,,,,"アセンディア",0
1273,5180002005909,01,1,2026-07-14,2015-10-05,"有限会社界工舎",,302,"愛知県","名古屋市港区","当知３丁目２３０３番地",,23,111,4550804,,,,,,,2015-10-05,0,,,,,"カイコウシャ",0
1274,5180002005909,12,1,2026-07-14,2015-10-13,"有限会社界工舎",,302,"愛知県","名古屋市南区","三条２丁目１５番２５号",,23,112,4570866,,,,,,,2015-10-05,0,,,,,"カイコウシャ",0
1275,5180002005909,12,1,2026-07-14,2026-07-03,"有限会社界工舎",,302,"愛知県","知多市","佐布里字竹ケ鼻８０番地の１",,23,224,4780015,,,,,,,2015-10-05,1,,,,,"カイコウシャ",0
1276,5180002050772,11,0,2026-07-14,2026-07-09,"株式会社ホープワークス",,301,"愛知県","名古屋市中村区","鈍池町３丁目１３８番地",,23,105,4530826,,,,,,,2015-10-05,1,,,,,"ホープワークス",0
1277,5180002059855,01,1,2026-07-14,2015-10-05,"有限会社雅",,302,"愛知県","名古屋市中村区","西栄町７２番地２",,23,105,4530846,,,,,,,2015-10-05,1,,,,,"ミヤビ",0
1278,5180002066315,21,0,2026-07-14,2026-07-03,"有限会社シルバー機器情報センター",,302,"愛知県","春日井市","南下原町６丁目４番地８",,23,206,4860841,,,2026-07-03,01,,,2015-10-05,1,,,,,"シルバーキキジョウホウセンター",0
1279,5180003021228,12,0,2026-07-14,2026-07-01,"ネクステアエネルギー株式会社",,301,"愛知県","名古屋市昭和区","広路町字隼人２５－１",,23,107,4660834,,,,,,,2020-06-03,1,,,,,"ネクステアエネルギー",0
1280,5180003029873,12,0,2026-07-14,2026-07-03,"合同会社大丈夫",,305,"愛知県","名古屋市瑞穂区","密柑山町２丁目４７番地",,23,108,4670041,,,,,,,2026-03-10,1,,,,,"ダイジョウブ",0
1281,5180003030526,01,0,2026-07-14,2026-07-14,"合同会社キイロイトンボ",,305,"愛知県","名古屋市中区","錦１丁目１７番１３号名興ビルディング２Ｆ",,23,106,4600003,,,,,,,2026-07-14,1,,,,,"キイロイトンボ",0
1282,5180003030534,01,0,2026-07-14,2026-07-14,"合同会社榊原",00144282,305,"愛知県","半田市","山代町２丁目１０５番地の１８",,23,205,4750974,,,,,,,2026-07-14,1,,,,,"サカキバラ",0
1283,5180003030542,01,0,2026-07-14,2026-07-14,"合同会社ＴＲＹ　ＨＯＲＳＥ",,305,"愛知県","名古屋市中区","新栄３丁目２２番２５号",,23,106,4600007,,,,,,,2026-07-14,1,,,,,"トライホース",0
1284,5180301012325,12,0,2026-07-14,2026-07-01,"株式会社ライフワン",,301,"愛知県","岡崎市","稲熊町字１丁目４２番地３",,23,202,4440071,,,,,,,2015-10-05,1,,,,,"ライフワン",0
1285,5180301022423,01,1,2026-07-14,2015-10-05,"株式会社共栄洋晒工場",,301,"愛知県","西尾市","法光寺町西山１２番地",,23,213,4450892,,,,,,,2015-10-05,1,,,,,"キョウエイヨウサラシコウジョウ",0
1286,5180301026820,21,0,2026-07-14,2026-06-29,"株式会社インターナショナルＡＢＣ",,301,"愛知県","豊川市","野口町名飯１３番地グランデージ野口１０１号",,23,207,4420851,,,2026-06-29,01,,,2015-10-05,1,,,,,"インターナショナルエービーシー",0
1287,5180301041191,01,0,2026-07-14,2026-07-14,"荻野施工株式会社",,301,"愛知県","岡崎市","小久田町字竃５番地",00144288,23,202,4443436,,,,,,,2026-07-14,1,,,,,"オギノセコウ",0
1288,5190001032498,12,0,2026-07-14,2026-07-02,"元株式会社",,301,"三重県","津市","寿町７番２７号",,24,201,5140015,,,,,,,2025-09-02,1,,,,,"ハジメ",0
1289,5190002023166,11,0,2026-07-14,2026-07-01,"株式会社グッドライフ不動産",,301,"三重県","松阪市","外五曲町８５番地６",,24,204,5150821,,,,,,,2015-10-05,1,,,,,"グッドライフフドウサン",0
1290,5200001043477,21,0,2026-07-14,2026-07-02,"株式会社ＫＹＯＴＯＨ",,301,"岐阜県","多治見市","旭ケ丘９丁目４番地の８",,21,204,5070071,,,2026-07-02,01,,,2025-02-28,1,,,,,"キョートー",0
1291,5200001045234,01,0,2026-07-14,2026-07-14,"株式会社ＷＡＫＡＴＡ",,301,"岐阜県","飛騨市","古川町南成町１１番地３",,21,217,5094253,,,,,,,2026-07-14,1,,,,,"ワカタ",0
1292,5200001045242,01,0,2026-07-14,2026-07-14,"株式会社ＹＳＫ建創",,301,"岐阜県","岐阜市","河渡３丁目１５番地２",,21,201,5010105,,,,,,,2026-07-14,1,,,,,"ワイエスケイケンソウ",0
1293,5200001045267,01,0,2026-07-14,2026-07-14,"株式会社大前家大工",,301,"岐阜県","郡上市","八幡町五町３丁目１８番地１０",,21,219,5014234,,,,,,,2026-07-14,1,,,,,"オオマエヤダイク",0
1294,5200003007249,01,1,2026-07-14,2026-03-09,"合同会社Ｃａｒｅ＆Ｂｅａｕｔｙ",,305,"岐阜県","本巣郡北方町","天狗堂２丁目４１番地（ウィザード３０２号）",,21,421,5010433,,,,,,,2026-03-09,1,,,,,"ケアアンドビューティー",0
1295,5200005013906,01,0,2026-07-14,2026-07-14,"エール行政書士法人",,399,"岐阜県","多治見市","本町３丁目４１番地イ棟Ａ号",,21,204,5070033,,,,,,,2026-07-14,1,,,,,"エール",0
1296,5210005008970,01,1,2026-07-14,2015-10-05,"公益社団法人福井市シルバー人材センター",,399,"福井県","福井市","田原１丁目１３番６号",,18,201,9100018,,,,,,,2015-10-05,1,,,,,,0
1297,5230002007321,21,0,2026-07-14,2026-07-08,"有限会社ロカ",,302,"富山県","中新川郡立山町","五百石２１８番地",,16,323,9300214,,,2026-07-08,01,,,2015-10-05,1,,,,,"ロカ",0
1298,5240001064552,21,0,2026-07-14,2026-07-06,"株式会社よりよく",,301,"広島県","東広島市","西条町寺家３９２４番地１",,34,212,7390041,,,2026-07-06,01,,,2025-02-20,1,,,,,"ヨリヨク",0
1299,5240001066796,01,0,2026-07-14,2026-07-14,"株式会社デファクト・マップメディア",,301,"広島県","広島市中区","十日市町１丁目２番２号第１山長ビル１階",,34,101,7300805,,,,,,,2026-07-14,1,,,,,"デファクトマップメディア",0
1300,5240002034752,01,1,2026-07-14,2015-10-05,"有限会社ツガワサッシ",,302,"広島県","呉市","音戸町南隠渡１丁目１１番３８号",,34,202,7371205,,,,,,,2015-10-05,1,,,,,"ツガワサッシ",0
1301,5240002042458,01,1,2026-07-14,2015-10-05,"有限会社久萬商店",,302,"広島県","福山市","柳津町５丁目１８番６号",,34,207,7290114,,,,,,,2015-10-05,1,,,,,"ヒサマンショウテン",0
1302,5240002048042,12,0,2026-07-14,2026-07-03,"有限会社ケーティーホームサービス",,302,"広島県","安芸郡府中町","鹿籠２丁目１７番２８号",,34,302,7350025,,,,,,,2015-10-05,1,,,,,"ケーティーホームサービス",0
1303,5260001017806,01,1,2026-07-14,2015-10-05,"中國ベントナイト鉱業株式会社",,301,"岡山県","笠岡市","笠岡２３６９番地の３１",,33,205,7140081,,,,,,,2015-10-05,1,,,,,"チュウゴクベントナイトコウギョウ",0
1304,5260001023498,01,1,2026-07-14,2015-10-05,"株式会社ガレーラ",,301,"岡山県","瀬戸内市","邑久町豆田６２４番地１　２Ｆ",,33,212,7014254,,,,,,,2015-10-05,1,,,,,"ガレーラ",0
1305,5260001036054,12,0,2026-07-14,2026-07-08,"株式会社ＳＥＶＥＮＴＨ",,301,"岡山県","倉敷市","阿知２丁目１８番３号２Ｄ号室（エール館倉敷ＩＩ）",00144291,33,202,7100055,,,,,,,2021-10-05,1,,,,,"セブンス",0
1306,5280002002185,21,0,2026-07-14,2026-07-13,"有限会社松浦本店",,302,"島根県","松江市","矢田町２５０番地３９",,32,201,6900021,,,2026-07-13,01,,,2015-10-05,1,,,,,"マツウラホンテン",0
1307,5290001085817,12,0,2026-07-14,2026-07-01,"Ｇｌｏｂａｌ　Ｒｅｓｏｕｒｃｅ　Ｍａｎａｇｅｍｅｎｔ株式会社",,301,"福岡県","福岡市博多区","博多駅東１丁目１４－３４博多ＩＣビル７階Ｂ室",,40,132,8120013,,,,,,,2019-07-11,1,,,,,"グローバルリソースマネジメント",0
1308,5290001110459,21,0,2026-07-14,2026-07-01,"モエリンク株式会社",,301,"福岡県","福岡市博多区","下呉服町９番２１号カルチェ恵比寿３０７号室",,40,132,8120034,,,2026-07-01,01,,,2025-06-23,1,,,,,"モエリンク",0
1309,5290001114757,01,0,2026-07-14,2026-07-14,"株式会社匠アシスト",,301,"福岡県","那珂川市","大字別所３７９番地１９",,40,231,8111245,,,,,,,2026-07-14,1,,,,,"タクミアシスト",0
1310,5290001114798,01,0,2026-07-14,2026-07-14,"株式会社ＨｅｌＰｙ",,301,"福岡県","福岡市中央区","草香江２丁目１１番１９号－６０３",,40,133,8100045,,,,,,,2026-07-14,1,,,,,"ヘルピー",0
1311,5290001114815,01,0,2026-07-14,2026-07-14,"株式会社Ｙｉ　ＰＬＵＳ",,301,"福岡県","福岡市南区","警弥郷１丁目２４番２９号",,40,134,8111324,,,,,,,2026-07-14,1,,,,,"ワイアイプラス",0
1312,5290005020142,01,0,2026-07-14,2026-07-14,"一般社団法人ＪＡＰＡＮ　ＳＰＯＲＴ　ＮＥＴＷＯＲＫ",,399,"福岡県","福岡市東区","和白東４丁目２２番７号",,40,131,8110214,,,,,,,2026-07-14,1,,,,,"ジャパンスポーツネットワーク",0
1313,5290801032662,01,0,2026-07-14,2026-07-14,"株式会社オフィス幾島",,301,"福岡県","北九州市八幡西区","光貞台１丁目３番２５－４０３号",,40,109,8070805,,,,,,,2026-07-14,1,,,,,"オフィスイクシマ",0
1314,5290802024015,01,1,2026-07-14,2015-10-05,"有限会社尾崎塗料",,302,"福岡県","田川市","伊田町８番１０号",,40,206,8250015,,,,,,,2015-10-05,1,,,,,"オザキトリョウ",0
1315,5290805008948,01,1,2026-07-14,2017-01-16,"一般社団法人ペイフォワード",,399,"福岡県","北九州市小倉南区","長尾２丁目８番２２号",,40,107,8030274,,,,,,,2017-01-16,1,,,,,,0
1316,5290805009137,01,1,2026-07-14,2018-09-20,"アジアビジネス協同組合",,399,"福岡県","北九州市小倉北区","東篠崎１丁目１番２４号",,40,106,8020072,,,,,,,2018-09-20,0,,,,,,0
1317,5290805009137,12,1,2026-07-14,2021-02-10,"アジアビジネス協同組合",,399,"福岡県","北九州市小倉北区","白銀２丁目４番１４号",,40,106,8020074,,,,,,,2018-09-20,1,,,,,,0
1318,5300001008081,21,0,2026-07-14,2026-07-01,"中央商事株式会社",,301,"佐賀県","佐賀市","高木瀬東２丁目２番３７号",,41,201,8490922,,,2026-07-01,11,3300001014180,"令和８年７月１日佐賀市高木瀬東二丁目２番３７号中央地所株式会社（3300001014180）に合併し解散",2015-10-05,1,,,,,"チュウオウショウジ",0
1319,5310001003692,21,0,2026-07-14,2026-07-03,"ＳＦＫエンジニアリング株式会社",,301,"長崎県","長崎市","葉山１丁目９番３１号",,42,201,8528053,,,2026-07-03,01,,,2015-10-05,1,,,,,"エスエフケイエンジニアリング",0
1320,5330001033069,21,0,2026-07-14,2026-07-03,"株式会社磯本建設",,301,"熊本県","宇城市","不知火町大字永尾１４９番地",,43,213,8690500,,,2026-07-03,01,,,2025-04-14,1,,,,,"イソモトケンセツ",0
1321,5340001015289,01,1,2026-07-14,2015-10-05,"株式会社末吉電化",,301,"鹿児島県","曽於市","末吉町諏訪方７９６６番地２",,46,217,8998604,,,,,,,2015-10-05,1,,,,,"スエヨシデンカ",0
1322,5340005004643,12,0,2026-07-14,2026-06-29,"一般財団法人鹿児島ＹＭＣＡ",,399,"鹿児島県","鹿児島市","中山２丁目１６番１６号",,46,201,8910108,,,,,,,2015-10-05,1,,,,,"カゴシマワイエムシーエー",0
1323,5340005008925,12,0,2026-07-14,2026-07-09,"一般社団法人公認日本バリデーション協会",,399,"福岡県","久留米市","山川町３２６番地６株式会社いちょうの杜内",,40,203,8390817,,,,,,,2018-09-26,1,,,,,"コウニンニホンバリデーションキョウカイ",0
1324,5360001037001,01,0,2026-07-14,2026-07-14,"株式会社仲松鉄筋工業",,301,"沖縄県","うるま市","字江洲８２０番地１",,47,213,9042244,,,,,,,2026-07-14,1,,,,,"ナカマツテッキンコウギョウ",0
1325,5360002022489,21,0,2026-07-14,2026-06-19,"有限会社西里建設",,302,"沖縄県","宮古島市","城辺字長間１４２６番地の３",,47,214,9060105,,,2026-06-19,01,,,2015-10-05,1,,,,,"ニシサトケンセツ",0
1326,5360003014948,21,0,2026-07-14,2026-06-19,"合同会社ゴヤスポーツ",,305,"沖縄県","南城市","大里字稲嶺１４６－３徳元アパート１０１",,47,215,9011204,,,2026-06-19,01,,,2025-05-26,1,,,,,"ゴヤスポーツ",0
1327,5360003016028,01,0,2026-07-14,2026-07-14,"合同会社ホテルコルレやんばる",,305,"沖縄県","浦添市","宮城４丁目１番５号",,47,208,9012126,,,,,,,2026-07-14,1,,,,,"ホテルコルレヤンバル",0
1328,5370001008975,11,0,2026-07-14,2026-07-01,"株式会社ＤＡＩＷＡ",,301,"宮城県","仙台市青葉区","大町２丁目５番１号",,04,101,9800804,,,,,,,2015-10-05,1,,,,,"ダイワ",0
1329,5370001039104,12,0,2026-07-14,2026-07-09,"株式会社センダイ技工",,301,"宮城県","仙台市宮城野区","蒲生３丁目１番地の２",,04,102,9830002,,,,,,,2016-01-19,1,,,,,"センダイギコウ",0
1330,5370001054004,01,0,2026-07-14,2026-07-14,"株式会社佐々木ファーマーズ",,301,"宮城県","大崎市","古川富長字馬頭観音２７番地",,04,215,9896266,,,,,,,2026-07-14,1,,,,,"ササキファーマーズ",0
1331,5370002008108,11,0,2026-07-14,2026-07-01,"株式会社ツダプロ",,301,"宮城県","仙台市宮城野区","日の出町１丁目２番９号",,04,102,9830035,,,,,,,2015-10-05,1,,,,,"ツダプロ",0
1332,5370003003322,01,1,2026-07-14,2016-02-01,"合同会社ユニットメイズ",,305,"宮城県","名取市","小山２丁目６番２０号",,04,207,9811233,,,,,,,2016-02-01,1,,,,,"ユニットメイズ",0
1333,5370003007686,01,0,2026-07-14,2026-07-14,"合同会社荒町つなぎ舎",,305,"宮城県","大崎市","岩出山字下川原町６７－５",,04,215,9896434,,,,,,,2026-07-14,1,,,,,"アラマチツナギシャ",0
1334,5380001036199,01,0,2026-07-14,2026-07-14,"株式会社七折カー",,301,"福島県","河沼郡会津坂下町","大字気多宮字沼尻５４５番地１",,07,421,9696583,,,,,,,2026-07-14,1,,,,,"ナナオリカー",0
1335,5400005008068,12,0,2026-07-14,2026-07-01,"一般社団法人もりおか架け橋の会",,399,"岩手県","盛岡市","津志田南３丁目１５番４０号",,03,201,0200839,,,,,,,2020-05-07,1,,,,,"モリオカカケハシノカイ",0
1336,5420001000745,01,1,2026-07-14,2015-10-05,"木村サッシ株式会社",,301,"青森県","青森市","沖館５丁目１６番３８号",,02,201,0380002,,,,,,,2015-10-05,1,,,,,"キムラサッシ",0
1337,5430001044337,01,1,2026-07-14,2015-10-05,"株式会社ハスカップ",,301,"北海道","千歳市","美々新千歳空港ターミナルビル",,01,224,0660012,,,,,,,2015-10-05,1,,,,,"ハスカップ",0
1338,5430001088235,12,0,2026-07-14,2026-07-06,"ＢＩＴＯＳ株式会社",,301,"北海道","札幌市中央区","南二条西１丁目９番３号１００２",,01,101,0600062,,,,,,,2023-01-17,1,,,,,"ビトス",0
1339,5430001093788,12,0,2026-07-14,2026-07-06,"株式会社あきば商店",,301,"北海道","札幌市中央区","北二条西３丁目１番２号",,01,101,0600002,,,,,,,2025-03-05,1,,,,,"アキバショウテン",0
1340,5430002027357,01,1,2026-07-14,2015-10-05,"有限会社こまどりストアー",,302,"北海道","札幌市北区","篠路八条３丁目５番１９号",,01,102,0028028,,,,,,,2015-10-05,1,,,,,"コマドリストアー",0
1341,5430003015253,12,0,2026-07-14,2026-06-26,"千登合同会社",,305,"東京都","港区","虎ノ門５丁目１番４号",,13,103,1050001,,,,,,,2023-07-26,1,,,,,"セントウ",0
1342,5430003015807,12,0,2026-07-14,2026-07-03,"合同会社真守",,305,"北海道","札幌市豊平区","西岡一条９丁目３番１－３０１",,01,105,0620031,,,,,,,2023-12-28,1,,,,,"マモル",0
1343,5440005002827,01,0,2026-07-14,2026-07-14,"特定非営利活動法人人生は贈り物",,399,"北海道","函館市","上野町３８番２４号",,01,202,0420954,,,,,,,2026-07-14,1,,,,,"ジンセイハオクリモノ",0
1344,5470001014113,12,0,2026-07-14,2026-07-03,"株式会社ゴール",,301,"香川県","高松市","田町２番地５ＫＡＭＡＤＡビル３階",,37,201,7600053,,,,,,,2015-10-05,1,,,,,"ゴール",0
1345,5500001021493,01,1,2026-07-14,2018-07-25,"株式会社七福",,301,"愛媛県","四国中央市","寒川町１７８０番地１",,38,213,7990431,,,,,,,2018-07-25,1,,,,,"シチフク",0
1346,5500001027037,01,0,2026-07-14,2026-07-14,"株式会社ＹＵＳＥＩ",,301,"愛媛県","今治市","大新田町３丁目４番２－１号",,38,202,7940005,,,,,,,2026-07-14,1,,,,,"ユウセイ",0
1347,5500005000997,01,1,2026-07-14,2015-10-05,"愛媛県自転車商協同組合",,399,"愛媛県","松山市","木屋町２丁目１番地１３",,38,201,7900821,,,,,,,2015-10-05,1,,,,,"エヒメケンジテンシャショウ",0
1348,5500005003744,21,0,2026-07-14,2026-07-10,"伊予西条酒販協同組合",,399,"愛媛県","西条市","明神木９２番地１",,38,206,7930034,,,2026-07-10,01,,,2015-10-05,1,,,,,"イヨサイジョウシュハン",0
1349,5700150031827,21,0,2026-07-14,2026-03-31,"鴨川流域土地改良区",,499,"滋賀県","高島市","安曇川町下小川２９１２",,25,212,5201223,,,2026-03-31,31,,,2015-10-09,1,,,,,"カモガワリユウイキトチカイリヨウク",0
1350,5700150057649,21,0,2026-07-14,2026-03-31,"徳島県統計協会",,499,"徳島県","徳島市","万代町１丁目１",,36,201,7700941,,,2026-03-31,31,,,2015-10-09,1,,,,,"トクシマケントウケイキヨウカイ",0
1351,5700150101646,21,0,2026-07-14,2026-03-25,"中新町山手地区市街地再開発組合",,499,"青森県","青森市","新町１丁目２－１８",,02,201,0300801,,,2026-03-25,31,,,2021-01-14,1,,,,,"ナカシンマチヤマテチクシガイチサイカイハツクミアイ",0
1352,6010001039766,01,1,2026-07-14,2015-10-05,"王子製鉄株式会社",,301,"東京都","中央区","日本橋３丁目２番５号",,13,102,1030027,,,,,,,2015-10-05,1,,,,,"オウジセイテツ",0
1353,6010001070333,12,0,2026-07-14,2026-07-10,"エグゼトラスト株式会社",,301,"東京都","三鷹市","下連雀３丁目４１番３－７０２号",,13,204,1810013,,,,,,,2015-10-05,1,,,,,"エグゼトラスト",0
1354,6010001141613,01,1,2026-07-14,2015-10-05,"チェックフィールド株式会社",,301,"東京都","文京区","本郷２丁目３５番１０号",,13,105,1130033,,,,,,,2015-10-05,1,,,,,"チェックフィールド",0
1355,6010001149417,12,0,2026-07-14,2026-07-02,"株式会社チャム",,301,"東京都","渋谷区","神宮前４丁目１４番１３号ハイシティ表参道１１７",,13,113,1500001,,,,,,,2015-10-05,1,,,,,"チャム",0
1356,6010001243582,12,0,2026-07-14,2026-06-18,"株式会社ジナジー",,301,"東京都","中央区","日本橋室町１丁目２－６日本橋大栄ビル７階",,13,102,1030022,,,,,,,2024-04-02,1,,,,,"ジナジー",0
1357,6010001265321,12,0,2026-07-14,2026-07-10,"ＪＰＡ第４０６号株式会社",,301,"東京都","港区","赤坂１丁目８番１号",,13,103,1070052,,,,,,,2026-05-15,1,,,,,"ジェイピーエーダイヨンヒャクロクゴウ",0
1358,6010001266848,01,0,2026-07-14,2026-07-14,"株式会社リ・バース・ホールディングス",,301,"東京都","中央区","八丁堀４丁目１１番７号５階",,13,102,1040032,,,,,,,2026-07-14,1,,,,,"リバースホールディングス",0
1359,6010002021731,01,1,2026-07-14,2015-10-05,"有限会社大勝軒",,302,"東京都","中央区","日本橋人形町２丁目２２番４号",,13,102,1030013,,,,,,,2015-10-05,1,,,,,"タイショウケン",0
1360,6010003021490,01,1,2026-07-14,2015-10-05,"ＳＳＪメガソーラー９４合同会社",,305,"東京都","千代田区","三崎町２丁目４番１号ＴＵＧ－Ｉビル９Ｆ",,13,101,1010061,,,,,,,2015-10-05,0,,,,,"エスエスジェイメガソーラーキュウジュウヨン",0
1361,6010003021490,12,1,2026-07-14,2018-01-04,"ＳＳＪメガソーラー９４合同会社",,305,"東京都","千代田区","神田三崎町２丁目４番１号ＴＵＧ－Ｉビル９Ｆ",,13,101,1010061,,,,,,,2015-10-05,1,,,,,"エスエスジェイメガソーラーキュウジュウヨン",0
1362,6010003051959,01,0,2026-07-14,2026-07-14,"合同会社ＳＯＬＥＡＤＯ",,305,"東京都","文京区","千駄木５丁目１８番１６号",,13,105,1130022,,,,,,,2026-07-14,1,,,,,"ソレアド",0
1363,6010005013008,21,0,2026-07-14,2026-06-26,"一般社団法人国際ドラマフェスティバル協議会",,399,"東京都","千代田区","紀尾井町３番２３号",,13,101,1020094,,,2026-06-26,01,,,2015-10-05,1,,,,,"コクサイドラマフェスティバルキョウギカイ",0
1364,6010401088636,01,1,2026-07-14,2015-10-05,"通信付設業務センター株式会社",,301,"東京都","港区","海岸３丁目８番１号",,13,103,1080022,,,,,,,2015-10-05,0,,,,,"ツウシンフセツギョウムセンター",0
1365,6010401088636,12,0,2026-07-14,2026-07-10,"通信付設業務センター株式会社",,301,"東京都","江東区","東陽６丁目２番１３－３２２号",,13,108,1350016,,,,,,,2015-10-05,1,,,,,"ツウシンフセツギョウムセンター",0
1366,6010401091301,12,0,2026-07-14,2026-07-10,"株式会社ナクアホテル＆リゾーツマネジメント",,301,"栃木県","那須郡那須町","大字高久丙１番地",,09,407,3250302,,,,,,,2015-10-05,1,,,,,"ナクアホテルアンドリゾーツマネジメント",0
1367,6010401194442,71,0,2026-07-14,2026-06-08,"エムキャピタル株式会社",,301,"東京都","港区","南青山３丁目３－３リビエラ南青山ビルＡ館４Ｆ",,13,103,1070062,,,,,,"令和８年５月１日東京都港区南青山３－３－３リビエラ南青山ビルＡ館４０４株式会社Ｍｅｍｅ　Ｊａｐａｎ（2010401195196）を合併令和８年５月１日東京都港区南青山３－３－３リビエラ南青山ビルＡ館４Ｆ株式会社クレオス（4010401194378）を合併",2025-11-17,1,,,,,"エムキャピタル",0
1368,6010401197841,12,0,2026-07-14,2026-07-03,"地政技術戦略株式会社",,301,"東京都","港区","新橋５丁目２９番６号",,13,103,1050004,,,,,,,2026-04-09,1,,,,,"チセイギジュツセンリャク",0
1369,6010403032195,01,1,2026-07-14,2024-03-25,"合同会社私立ニャンズケア学園",,305,"東京都","港区","浜松町２丁目２番１５号",,13,103,1050013,,,,,,,2024-03-25,0,,,,,"ニャンズケアガクエン",0
1370,6010403032195,12,0,2026-07-14,2026-07-10,"合同会社私立ニャンズケア学園",,305,"東京都","千代田区","外神田３丁目６番５号外神田永谷タウンプラザ９０６号",,13,101,1010021,,,,,,,2024-03-25,1,,,,,"ニャンズケアガクエン",0
1371,6010403038531,01,0,2026-07-14,2026-07-14,"テルスアドバイザリー合同会社",,305,"東京都","港区","北青山１丁目３番１号アールキューブ青山３階",,13,103,1070061,,,,,,,2026-07-14,1,,,,,"テルスアドバイザリー",0
1372,6010405023481,21,0,2026-07-14,2026-06-22,"一般社団法人パドラー",,399,"東京都","港区","北青山３丁目５番１４号７階",,13,103,1070061,,,2026-06-22,01,,,2024-08-27,1,,,,,"パドラー",0
1373,6010405024538,11,0,2026-07-14,2026-07-09,"Ｒｏｕｇｅ特定目的会社",,399,"東京都","港区","虎ノ門２丁目６番１号",,13,103,1050001,,,,,,,2025-07-25,1,,,,,"ルージュ",0
1374,6010405025593,12,0,2026-07-14,2026-06-22,"特定非営利活動法人オランジェリーの杜",,399,"東京都","港区","六本木１丁目３番３９－２２１２号",,13,103,1060032,,,,,,,2026-05-13,1,,,,,"オランジェリーノモリ",0
1375,6010405025890,01,0,2026-07-14,2026-07-14,"特定目的会社ＤｉｇｉｔａｌＬａｎｄ　ＶＩＩ　Ｊａｐａｎ",,399,"東京都","港区","虎ノ門５丁目１番４号",,13,103,1050001,,,,,,,2026-07-14,1,,,,,"デジタルランドセブンジャパン",0
1376,6010501052351,12,0,2026-07-14,2026-07-10,"株式会社東和キャピタルホールディングス",,301,"神奈川県","横浜市保土ケ谷区","宮田町１丁目１１－１サングレイス宮田町３０２",,14,106,2400002,,,,,,,2024-05-29,1,,,,,"トウワキャピタルホールディングス",0
1377,6010503007997,12,0,2026-07-14,2026-07-06,"合同会社マーケティブ",,305,"東京都","台東区","千束４丁目４－２",,13,106,1110031,,,,,,,2025-09-16,1,,,,,"マーケティブ",0
1378,6010505003730,01,0,2026-07-14,2026-07-14,"特定非営利活動法人日本の調べ実行委員会",,399,"東京都","台東区","池之端１丁目４番２８－１２０４号ライオンズプラザ池之端",,13,106,1100008,,,,,,,2026-07-14,1,,,,,"ニホンノシラベジッコウイインカイ",0
1379,6010601068207,11,0,2026-07-14,2026-07-03,"ＡＩＲＭＯＲＮ株式会社",,301,"東京都","江東区","亀戸４丁目３０番１０号",,13,108,1360071,,,,,,,2025-10-29,1,,,,,"エアモーン",0
1380,6010603005554,12,0,2026-07-14,2026-07-06,"合同会社ロボコネクト",,305,"東京都","江東区","亀戸１丁目３３番３－１０１号",,13,108,1360071,,,,,,,2015-10-05,1,,,,,"ロボコネクト",0
1381,6010701022229,12,0,2026-07-14,2026-07-07,"株式会社ＫＵＲＥＨＡ",,301,"沖縄県","浦添市","港川１丁目３５番６－１００２号",,47,208,9012134,,,,,,,2015-10-05,1,,,,,"クレハ",0
1382,6010801037572,01,0,2026-07-14,2026-07-14,"ＪｕｍｐＳｔａｃｋ株式会社",,301,"東京都","大田区","仲六郷１丁目１５番１－２０７号",,13,111,1440055,,,,,,,2026-07-14,1,,,,,"ジャンプスタック",0
1383,6010802000034,01,1,2026-07-14,2015-10-05,"有限会社あさひ商事",,302,"東京都","大田区","大森北６丁目１３番７号",,13,111,1430016,,,,,,,2015-10-05,1,,,,,"アサヒショウジ",0
1384,6010803003779,21,0,2026-07-14,2026-07-01,"合同会社やきたてパン屋さん",,305,"東京都","大田区","仲池上１丁目２８番６号",,13,111,1460081,,,2026-07-01,01,,,2021-06-15,1,,,,,"ヤキタテパンヤサン",0
1385,6010901059913,01,0,2026-07-14,2026-07-14,"Ｔｏｍｉｔａ　Ｌａｂ　Ｍｕｓｉｃ株式会社",,301,"東京都","世田谷区","若林２丁目７番１０号",,13,112,1540023,,,,,,,2026-07-14,1,,,,,"トミタラボミュージック",0
1386,6010902025138,12,0,2026-07-14,2026-07-10,"有限会社中山企画",,302,"東京都","調布市","緑ケ丘１丁目８番地３－１０１号",,13,208,1820001,,,,,,,2015-10-05,1,,,,,"ナカヤマキカク",0
1387,6011001018776,21,0,2026-07-14,2026-07-01,"畠山紙器印刷株式会社",,301,"東京都","渋谷区","幡ヶ谷３丁目４８番７号",,13,113,1510072,,,2026-07-01,01,,,2015-10-05,1,,,,,"ハタケヤマシキインサツ",0
1388,6011001111507,12,0,2026-07-14,2026-07-01,"ＭＩＨＡＲＡＹＡＳＵＨＩＲＯ　Ｌａｂｏ株式会社",,301,"東京都","渋谷区","千駄ヶ谷５丁目８番１０号",,13,113,1510051,,,,,,,2016-06-23,1,,,,,"ミハラヤスヒロラボ",0
1389,6011001153862,12,0,2026-07-14,2026-07-10,"株式会社Ｄａｉｒｉ",,301,"東京都","品川区","大井１丁目６－３アゴラ大井町３階",,13,109,1400014,,,,,,,2023-04-18,1,,,,,"ダイリ",0
1390,6011001179081,01,0,2026-07-14,2026-07-14,"株式会社若草ホールディングス",,301,"東京都","渋谷区","富ヶ谷１丁目４９番２１－１９０３号",,13,113,1510063,,,,,,,2026-07-14,1,,,,,"ワカクサホールディングス",0
1391,6011001179131,01,0,2026-07-14,2026-07-14,"株式会社ＴＥＮ",,301,"東京都","渋谷区","恵比寿西２丁目４番８号ウィンド恵比寿ビル８Ｆ",,13,113,1500021,,,,,,,2026-07-14,1,,,,,"テン",0
1392,6011001179189,01,0,2026-07-14,2026-07-14,"３７コンサルティング株式会社",,301,"東京都","渋谷区","道玄坂１丁目１０番８号渋谷道玄坂東急ビル２Ｆ－Ｃ",,13,113,1500043,,,,,,,2026-07-14,1,,,,,"サンナナコンサルティング",0
1393,6011002036331,01,1,2026-07-14,2015-10-05,"有限会社金沢事務所",,302,"東京都","渋谷区","桜丘町７番３号ベラコート渋谷２０２",,13,113,1500031,,,,,,,2015-10-05,1,,,,,"カナザワジムショ",0
1394,6011003024847,01,0,2026-07-14,2026-07-14,"合同会社ＴＭＯ　Ｆｏｒｃｅ",,305,"東京都","目黒区","上目黒３丁目６番２１－５０３号",,13,110,1530051,,,,,,,2026-07-14,1,,,,,"ティーエムオーフォース",0
1395,6011003024855,01,0,2026-07-14,2026-07-14,"合同会社ＴＥＮ",,305,"東京都","渋谷区","神宮前２丁目２０番１２－２０５号",,13,113,1500001,,,,,,,2026-07-14,1,,,,,"テン",0
1396,6011101058185,12,0,2026-07-14,2026-06-22,"株式会社ＴＳＮ",,301,"東京都","港区","浜松町２丁目１番１６号Ａフロント浜松町９階",,13,103,1050013,,,,,,,2015-10-05,0,,,,,"ティーエスエヌ",0
1397,6011101058185,11,0,2026-07-14,2026-06-22,"株式会社オーク",,301,"東京都","港区","浜松町２丁目１番１６号Ａフロント浜松町９階",,13,103,1050013,,,,,,,2015-10-05,1,,,,,"オーク",0
1398,6011101077012,12,0,2026-07-14,2026-07-10,"ＡＳＨＩＴＡ・ＳＴＹＬＥ株式会社",,301,"東京都","武蔵野市","吉祥寺本町３丁目２８番１２号Ｓ吉祥寺１０２",,13,203,1800004,,,,,,,2016-05-16,1,,,,,"アシタスタイル",0
1399,6011101116595,01,0,2026-07-14,2026-07-14,"株式会社ＬｕｖＴｅｃｈ",,301,"東京都","新宿区","百人町１丁目１１番２－５０１号（Ｓ）",,13,104,1690073,,,,,,,2026-07-14,1,,,,,"ラブテック",0
1400,6011101116752,01,0,2026-07-14,2026-07-14,"蒼和株式会社",,301,"東京都","新宿区","早稲田鶴巻町５４４番地１１・６０２号",,13,104,1620041,,,,,,,2026-07-14,1,,,,,"ソウワ",0
1401,6011101116819,01,0,2026-07-14,2026-07-14,"ＪＥＫ株式会社",,301,"東京都","新宿区","西新宿７丁目２０番１号プラティーヌ３０４",,13,104,1600023,,,,,,,2026-07-14,1,,,,,"ジェイイーケイ",0
1402,6011103017412,01,0,2026-07-14,2026-07-14,"合同会社Ｂａｓｅ　Ｌｏｇｉｃ　Ｘ",,305,"東京都","新宿区","西新宿３丁目７－１新宿パークタワー３０Ｆ",,13,104,1600023,,,,,,,2026-07-14,1,,,,,"ベースロジックエックス",0
1403,6011201013429,12,0,2026-07-14,2026-06-16,"ＫＩＮＥＳＩＯ　ＡＳＩＡ株式会社",,301,"東京都","新宿区","新宿２丁目１３番１０号",,13,104,1600022,,,,,,,2015-10-05,1,,,,,"キネシオアジア",0
1404,6011302006389,01,1,2026-07-14,2015-10-05,"有限会社頓所輪業",,302,"東京都","杉並区","桃井１丁目２番３号",,13,115,1670034,,,,,,,2015-10-05,1,,,,,"トンショリンギョウ",0
1405,6011601029743,01,0,2026-07-14,2026-07-14,"株式会社Ｏｎｅ　Ｍｉｌｅｓｔｏｎｅ",,301,"東京都","練馬区","関町東１丁目４番３号オンブラージュ５０２",,13,120,1770052,,,,,,,2026-07-14,1,,,,,"ワンマイルストン",0
1406,6012302004151,21,0,2026-07-14,2026-07-08,"有限会社フクムラ",,302,"東京都","町田市","図師町１６９６番地１５",,13,209,1940203,,,2026-07-08,01,,,2015-10-05,1,,,,,,0
1407,6012305001682,12,0,2026-07-14,2026-07-10,"一般社団法人町田市文化協会",,399,"東京都","町田市","森野２丁目２番３６号",,13,209,1940022,,,,,,,2015-10-05,1,,,,,"マチダシブンカキョウカイ",0
1408,6012401002543,01,1,2026-07-14,2015-10-05,"株式会社ホーセイ土地",,301,"東京都","国分寺市","南町３丁目２６番３３号",,13,214,1850021,,,,,,,2015-10-05,1,,,,,"ホーセイトチ",0
1409,6012403007879,01,0,2026-07-14,2026-07-14,"Ｃｒｅｓｔｍｉｎｄ　Ｃｏｎｓｕｌｔｉｎｇ合同会社",,305,"東京都","多摩市","連光寺２丁目１４番地の３",,13,224,2060021,,,,,,,2026-07-14,1,,,,,"クレストマインドコンサルティング",0
1410,6012702005773,21,0,2026-07-14,2026-07-06,"有限会社中村邦楽器",,302,"東京都","西東京市","芝久保町１丁目１４番１－２０５号",,13,229,1880014,,,2026-07-06,01,,,2015-10-05,1,,,,,"ナカムラホウガッキ",0
1411,6012703003561,01,0,2026-07-14,2026-07-14,"Ｋａｉｒｅｎｄｉｐ合同会社",,305,"東京都","東村山市","萩山町３丁目２８‐１ブリリアエルシオ萩山１０１２",,13,213,1890012,,,,,,,2026-07-14,1,,,,,"カイレンディップ",0
1412,6012805003419,01,0,2026-07-14,2026-07-14,"一般社団法人日本サステナブルリペア協会",,399,"東京都","立川市","錦町３丁目２番２号ＴＭ・タワー",,13,202,1900022,,,,,,,2026-07-14,1,,,,,"ニホンサステナブルリペアキョウカイ",0
1413,6013102000217,01,1,2026-07-14,2015-10-05,"有限会社カドヤフルーツ",,302,"東京都","福生市","武蔵野台１丁目２２番地７８",,13,218,1970013,,,,,,,2015-10-05,1,,,,,"カドヤフルーツ",0
1414,6013301048404,12,0,2026-07-14,2026-07-08,"株式会社イットホールディングス",,301,"山梨県","大月市","七保町葛野２３９８－２",,19,206,4090623,,,,,,,2021-12-10,1,,,,,"イットホールディングス",0
1415,6020001015213,71,0,2026-07-14,2026-07-01,"相鉄企業株式会社",,301,"神奈川県","横浜市西区","北幸２丁目９番１４号",,14,103,2200004,,,,,,"令和８年７月１日横浜市西区南幸二丁目１番２２号第一相美株式会社（7020001015311）を合併",2015-10-05,1,,,,,"ソウテツキギョウ",0
1416,6020001114865,12,0,2026-07-14,2026-07-02,"株式会社ＳＴＡＮＤ",,301,"東京都","渋谷区","渋谷３丁目６番２号",,13,113,1500002,,,,,,,2016-02-17,1,,,,,"スタンド",0
1417,6020001158276,12,0,2026-07-14,2026-06-30,"株式会社ファイブシーズンマネジメント",,301,"神奈川県","横浜市中区","末吉町３丁目４４番地４",,14,104,2310055,,,,,,,2024-08-01,1,,,,,"ファイブシーズンマネジメント",0
1418,6020001169554,01,0,2026-07-14,2026-07-14,"ＡＳＡＮＯ株式会社",,301,"神奈川県","川崎市宮前区","宮前平３丁目１３番地１グランノア宮前平１０８",,14,136,2160006,,,,,,,2026-07-14,1,,,,,"アサノ",0
1419,6020002098406,01,1,2026-07-14,2015-10-05,"有限会社中島商事",,302,"神奈川県","川崎市川崎区","中島２丁目７番１３号",,14,131,2100806,,,,,,,2015-10-05,1,,,,,"ナカジマショウジ",0
1420,6020003031340,01,0,2026-07-14,2026-07-14,"合同会社ハミーモーターズ",,305,"神奈川県","横浜市鶴見区","梶山２丁目２９番１４号",,14,101,2300072,,,,,,,2026-07-14,1,,,,,"ハミーモーターズ",0
1421,6020003031431,01,0,2026-07-14,2026-07-14,"合同会社ＣＯＭＭＯＮＳ",,305,"神奈川県","川崎市多摩区","西生田２丁目１２－６",,14,135,2140037,,,,,,,2026-07-14,1,,,,,"コモンズ",0
1422,6021001088637,01,0,2026-07-14,2026-07-14,"株式会社ＥＰＡＮＯＵ",,301,"神奈川県","伊勢原市","板戸７５２番地の７",,14,214,2591145,,,,,,,2026-07-14,1,,,,,"エパヌー",0
1423,6021001088645,01,0,2026-07-14,2026-07-14,"株式会社エムグレイス",,301,"神奈川県","藤沢市","稲荷１丁目１２番３号",,14,205,2510862,,,,,,,2026-07-14,1,,,,,"エムグレイス",0
1424,6021002008354,01,1,2026-07-14,2015-10-05,"有限会社アサヒライフ企画",,302,"神奈川県","藤沢市","藤沢６６４番地ロ号",,14,205,2510052,,,,,,,2015-10-05,0,,,,,"アサヒライフキカク",0
1425,6021002008354,12,1,2026-07-14,2023-04-14,"有限会社アサヒライフ企画",,302,"神奈川県","藤沢市","西富１丁目５番７号",,14,205,2510001,,,,,,,2015-10-05,1,,,,,"アサヒライフキカク",0
1426,6021005005217,12,0,2026-07-14,2026-06-22,"特定非営利活動法人ワーカーズ・コレクティブ風の子",,399,"神奈川県","座間市","相模が丘３丁目１６番４号",,14,216,2520001,,,,,,,2015-10-05,1,,,,,"ワーカーズコレクティブカゼノコ",0
1427,6030001000569,12,0,2026-07-14,2026-06-29,"株式会社イーエステック",,301,"埼玉県","さいたま市緑区","松木２丁目２番地１２",,11,109,3360918,,,,,,,2015-10-05,1,,,,,"イーエステック",0
1428,6030001003547,01,1,2026-07-14,2015-10-05,"株式会社サンエスケイ",,301,"埼玉県","さいたま市大宮区","大成町２丁目２００番地の２",,11,103,3300852,,,,,,,2015-10-05,1,,,,,"サンエスケイ",0
1429,6030001046331,01,1,2026-07-14,2015-10-05,"株式会社ヨシザワネットワーク",,301,"埼玉県","新座市","畑中２丁目１２番３号",,11,230,3520012,,,,,,,2015-10-05,1,,,,,"ヨシザワネットワーク",0
1430,6030001066965,71,0,2026-07-14,2026-06-08,"株式会社ウィーズ",,301,"大阪府","茨木市","西駅前町１３番２５号",,27,211,5670032,,,,,,"令和８年６月１日兵庫県尼崎市御園町２４番地尼崎第一ビル４０２号株式会社ファーマシーセンター（1140001117571）を合併令和８年６月１日兵庫県尼崎市御園町２４番地尼崎第一ビル４０２号株式会社ファーマシーツー（3140001116547）を合併令和８年６月１日兵庫県尼崎市御園町２４番地尼崎第一ビル４０２号株式会社ファーマシーフォー（2140001116928）を合併令和８年６月１日兵庫県尼崎市御園町２４番地尼崎第一ビル４０２号株式会社プライベートイースト（6140001117757）を合併令和８年６月１日兵庫県尼崎市御園町２４番地尼崎第一ビル４０２号株式会社プライベートウエスト（2140001117760）を合併令和８年６月１日兵庫県尼崎市御園町２４番地尼崎第一ビル４０２号株式会社阪神ファーマシー（4010401138070）を合併令和８年６月１日兵庫県尼崎市御園町２４番地尼崎第一ビル４０２号株式会社ｆ‐関西（7011101105259）を合併",2015-10-05,1,,,,,,0
1431,6030001082343,01,1,2026-07-14,2015-10-05,"株式会社旭ビルディング",,301,"埼玉県","川口市","前川４丁目２８番１３号",,11,203,3330842,,,,,,,2015-10-05,1,,,,,"アサヒビルディング",0
1432,6030001165734,21,0,2026-07-14,2026-06-29,"Ｃｏｌｌｅｃｔｉｖｅ株式会社",,301,"埼玉県","川口市","北原台３丁目８番１２号",,11,203,3330815,,,2026-06-29,01,,,2025-04-07,1,,,,,"コレクティブ",0
1433,6030001167318,12,0,2026-07-14,2026-06-29,"株式会社内海工業",,301,"埼玉県","さいたま市緑区","大字三室２１１３番地６２",,11,109,3360911,,,,,,,2025-06-25,1,,,,,"ウツミコウギョウ",0
1434,6030001168043,21,0,2026-07-14,2026-06-29,"啓發株式会社",,301,"埼玉県","熊谷市","筑波２丁目６",,11,202,3600037,,,2026-06-29,01,,,2025-08-06,1,,,,,"ケイハツ",0
1435,6030001173142,01,0,2026-07-14,2026-07-14,"株式会社ＴＡＣホールディングス",,301,"埼玉県","川口市","安行出羽２丁目１５番１６号",,11,203,3340052,,,,,,,2026-07-14,1,,,,,"タックホールディングス",0
1436,6030001173241,01,0,2026-07-14,2026-07-14,"株式会社ＦＪ",,301,"埼玉県","川口市","朝日１丁目１番３２－４１３号",,11,203,3320001,,,,,,,2026-07-14,1,,,,,"エフジェイ",0
1437,6030001173290,01,0,2026-07-14,2026-07-14,"株式会社ＣｏｐｅｒｎｉＸ",,301,"埼玉県","坂戸市","大字片柳２１９３－１ポートアイランド坂戸３０３",,11,239,3500219,,,,,,,2026-07-14,1,,,,,"コペルニクス",0
1438,6030001173308,01,0,2026-07-14,2026-07-14,"株式会社ＬｉＭｉＣ　ｓｏｕｎｄ　ｃｒｅａｔｅ",,301,"埼玉県","さいたま市大宮区","宮町１丁目３４番地２クリキビル４Ｆ",,11,103,3300802,,,,,,,2026-07-14,1,,,,,"リミックサウンドクリエイト",0
1439,6030002107966,01,1,2026-07-14,2015-10-05,"有限会社山崎鋳造所",,302,"埼玉県","川口市","大字里３７３番地",,11,203,3340005,,,,,,,2015-10-05,0,,,,,"ヤマザキチュウゾウジョ",0
1440,6030002107966,12,1,2026-07-14,2016-05-19,"有限会社山崎鋳造所",,302,"埼玉県","川口市","八幡木３丁目３番７号",,11,203,3340012,,,,,,,2015-10-05,1,,,,,"ヤマザキチュウゾウジョ",0
1441,6030002121744,21,0,2026-07-14,2026-06-30,"有限会社増井製材所",,302,"埼玉県","秩父市","上宮地町２２番１１号",,11,207,3680024,,,2026-06-30,01,,,2015-10-05,1,,,,,"マスイセイザイジョ",0
1442,6040001048888,01,1,2026-07-14,2015-10-05,"株式会社保険コミュニケーション",,301,"千葉県","佐倉市","上志津１３５０番地１",,12,212,2850846,,,,,,,2015-10-05,1,,,,,"ホケンコミュニケーション",0
1443,6040001126801,21,0,2026-07-14,2026-07-01,"株式会社サンアイクレンタル",,301,"千葉県","茂原市","腰当５２６番地１",,12,210,2970007,,,2026-07-01,11,4040001060052,"令和８年７月１日千葉県茂原市腰当５２６番地１株式会社サンアイク（4040001060052）に合併し解散",2023-01-27,1,,,,,"サンアイクレンタル",0
1444,6040001137096,12,0,2026-07-14,2026-06-30,"太岳株式会社",,301,"埼玉県","加須市","礼羽１１３－４ミヤザキＡＰ－Ａ",,11,210,3470044,,,,,,,2025-01-22,1,,,,,"タイガク",0
1445,6040001144514,01,0,2026-07-14,2026-07-14,"株式会社クレイン",,301,"千葉県","松戸市","常盤平７丁目１１番地の１１",,12,207,2702261,,,,,,,2026-07-14,1,,,,,"クレイン",0
1446,6040001144522,01,0,2026-07-14,2026-07-14,"株式会社ＣＬＡＳＳＹ",,301,"千葉県","市原市","山倉５１３番地１",,12,219,2900201,,,,,,,2026-07-14,1,,,,,"クラッシー",0
1447,6040001144530,01,0,2026-07-14,2026-07-14,"株式会社Ｃｈｕｌａｓａｎ",,301,"千葉県","八街市","榎戸４０６番地８５",,12,230,2891106,,,,,,,2026-07-14,1,,,,,"チュラサン",0
1448,6040002063564,21,0,2026-07-14,2026-07-01,"有限会社トキワ内装",,302,"千葉県","八街市","大谷流４２８番地７",,12,230,2891134,,,2026-07-01,01,,,2015-10-05,1,,,,,"トキワナイソウ",0
1449,6040005010786,01,1,2026-07-14,2015-10-05,"農事組合法人白子町花卉園芸組合",,399,"千葉県","長生郡白子町","関８６７番地",,12,424,2994218,,,,,,,2015-10-05,1,,,,,"シラコマチカキエンゲイクミアイ",0
1450,6050001023774,01,1,2026-07-14,2015-10-05,"株式会社日立産業制御ソリューションズ",,301,"茨城県","日立市","大みか町５丁目１番２６号",,08,202,3191221,,,,,,,2015-10-05,0,,,,,,0
1451,6050001023774,12,1,2026-07-14,2023-03-02,"株式会社日立産業制御ソリューションズ",,301,"東京都","台東区","秋葉原６番１号",,13,106,1100006,,,,,,,2015-10-05,1,,,,,,0
1452,6050002029390,21,0,2026-07-14,2026-07-03,"片山食品有限会社",,302,"茨城県","鉾田市","上幡木５２５番地",,08,234,3112113,,,2026-07-03,01,,,2015-10-05,1,,,,,"カタヤマショクヒン",0
1453,6060001015151,01,1,2026-07-14,2015-10-05,"小金井タクシー株式会社",,301,"栃木県","下野市","小金井３００９番地５４",,09,216,3290414,,,,,,,2015-10-05,1,,,,,"コガネイタクシー",0
1454,6060002006843,01,1,2026-07-14,2015-10-05,"有限会社中原組",,302,"栃木県","宇都宮市","上大曽町字川久保４４２番地６",,09,201,3200013,,,,,,,2015-10-05,0,,,,,"ナカハラグミ",0
1455,6060002006843,21,0,2026-07-14,2026-07-03,"有限会社中原組",,302,"栃木県","宇都宮市","上大曽町字川久保４４２番地６",,09,201,3200013,,,2026-07-03,01,,,2015-10-05,1,,,,,"ナカハラグミ",0
1456,6060002013724,21,0,2026-07-14,2026-07-06,"有限会社磯電設",,302,"栃木県","那須郡那珂川町","小川６６３番地５",,09,411,3240501,,,2026-07-06,01,,,2015-10-05,1,,,,,"イソデンセツ",0
1457,6070001016917,01,1,2026-07-14,2015-10-05,"株式会社ケイ．ジェ．ジェ",,301,"群馬県","桐生市","新里町新川１８５９番地３",,10,203,3760121,,,,,,,2015-10-05,1,,,,,"ケイジェジェ",0
1458,6070001034456,21,0,2026-07-14,2026-07-02,"株式会社アサヒ",,301,"群馬県","太田市","東矢島町１２３６フラワーハイツＤ１０１",,10,205,3730816,,,2026-07-02,01,,,2018-03-06,1,,,,,"アサヒ",0
1459,6070001037962,11,0,2026-07-14,2026-07-03,"株式会社中央農業大学校研究所",,301,"群馬県","前橋市","南町２丁目３１番地１",,10,201,3710805,,,,,,,2021-04-28,1,,,,,"チュウオウノウギョウダイガッコウケンキュウジョ",0
1460,6070001042211,21,0,2026-07-14,2026-07-06,"株式会社ｃｏｃｏ＆ｒｕｒｕ",,301,"群馬県","太田市","下浜田町７４０番地１３",,10,205,3730821,,,2026-07-06,01,,,2024-10-23,1,,,,,"ココアンドルル",0
1461,6070001044307,01,0,2026-07-14,2026-07-14,"株式会社千福",,301,"群馬県","高崎市","新紺屋町２番地",,10,202,3700821,,,,,,,2026-07-14,1,,,,,"センプク",0
1462,6070003006478,01,0,2026-07-14,2026-07-14,"ｓｔｏｃｋ　ｃｏｍｐａｎｙ　ｂｌｕｅ　ｓｋｙ合同会社",,305,"群馬県","伊勢崎市","羽黒町１８－６",,10,204,3720844,,,,,,,2026-07-14,1,,,,,,0
1463,6080001027715,01,0,2026-07-14,2026-07-14,"株式会社ＭＡＹＵＺＵ",,301,"静岡県","静岡市清水区","押切１５８３番地",,22,103,4240008,,,,,,,2026-07-14,1,,,,,"マユズ",0
1464,6080005005477,12,0,2026-07-14,2026-06-30,"医療法人社団相和会",,399,"静岡県","焼津市","焼津４丁目１０番１７号",,22,212,4250026,,,,,,,2015-10-05,1,,,,,"ソウワカイ",0
1465,6080101004589,01,1,2026-07-14,2015-10-05,"株式会社東海衛生",,301,"静岡県","御殿場市","東田中６７７番地の１",,22,215,4120026,,,,,,,2015-10-05,1,,,,,"トウカイエイセイ",0
1466,6080401020468,21,0,2026-07-14,2026-07-01,"株式会社斉藤商店",,301,"静岡県","浜松市中央区","肴町３１６番地の３７、桑原ビル３Ｆ",,22,138,4300932,,,2026-07-01,01,,,2015-10-05,1,,,,,"サイトウショウテン",0
1467,6080402022439,21,0,2026-07-14,2026-07-10,"有限会社徳信会",00068525,302,"静岡県","袋井市","上山梨３丁目１６番地の３",,22,216,4370125,,,2026-07-10,01,,,2015-10-05,1,,,,,"トクシンカイ",0
1468,6090003002665,12,0,2026-07-14,2026-07-09,"Ｍ＆Ｐ合同会社",,305,"神奈川県","横浜市神奈川区","金港町５－１４クアドリフォリオ８階",,14,102,2210056,,,,,,,2024-10-17,1,,,,,"エムアンドピー",0
1469,6100001008431,01,1,2026-07-14,2015-10-05,"株式会社坂の上興産",,301,"長野県","小諸市","紺屋町２丁目７番１３号",,20,208,3840015,,,,,,,2015-10-05,1,,,,,"サカノウエコウサン",0
1470,6100002033767,01,1,2026-07-14,2015-10-05,"東建業有限会社",,302,"長野県","駒ヶ根市","赤穂５６５３番地２６",,20,210,3994117,,,,,,,2015-10-05,1,,,,,"アズマケンギョウ",0
1471,6110002013405,01,1,2026-07-14,2015-10-05,"有限会社遠藤設備工業",,302,"新潟県","阿賀野市","笹岡１２９４番地",,15,223,9591918,,,,,,,2015-10-05,1,,,,,"エンドウセツビコウギョウ",0
1472,6110003006234,01,0,2026-07-14,2026-07-14,"合同会社バールク",,305,"新潟県","長岡市","関原南４丁目３９３２番地",,15,202,9402039,,,,,,,2026-07-14,1,,,,,"バールク",0
1473,6120001117189,12,0,2026-07-14,2026-07-10,"株式会社エムディオー",,301,"大阪府","大阪市西区","江戸堀１丁目２０番１１号肥後橋建和ビル３Ｆ",,27,106,5500002,,,,,,,2015-10-05,1,,,,,"エムディオー",0
1474,6120001163514,12,0,2026-07-14,2026-07-08,"株式会社ウッドソーレル",,301,"神奈川県","横浜市港北区","日吉本町４丁目４番３号",,14,109,2230062,,,,,,,2015-10-05,1,,,,,"ウッドソーレル",0
1475,6120001198683,12,0,2026-07-14,2026-07-03,"カルボナーラ株式会社",,301,"大阪府","八尾市","宮町６丁目７－６－１Ｆ",,27,212,5810815,,,,,,,2016-06-10,1,,,,,"カルボナーラ",0
1476,6120001244157,12,0,2026-07-14,2026-07-10,"ＮＹＣ株式会社",,301,"神奈川県","横浜市中区","伊勢佐木町６丁目１３６－１",,14,104,2310045,,,,,,,2022-03-08,1,,,,,"エヌワイシー",0
1477,6120001248166,21,0,2026-07-14,2026-07-08,"悠博株式会社",,301,"大阪府","大阪市天王寺区","空清町４－１１杉野ビル本館１０７号室",,27,109,5430018,,,2026-07-08,01,,,2022-08-18,1,,,,,"ユウハク",0
1478,6120001276943,21,0,2026-07-14,2026-07-06,"Ｋ＆Ｃ株式会社",,301,"大阪府","大阪市城東区","関目５丁目１９番９号関目花博公館６１０Ｂ",,27,118,5360008,,,2026-07-06,01,,,2025-06-19,1,,,,,"ケーアンドシー",0
1479,6120001276992,21,0,2026-07-14,2026-07-06,"虎和創生株式会社",,301,"大阪府","大阪市城東区","関目５丁目１９番９号関目花博公館４０６Ａ",,27,118,5360008,,,2026-07-06,01,,,2025-06-20,1,,,,,"コワソウセイ",0
1480,6120001279277,12,0,2026-07-14,2026-07-03,"四月の夏株式会社",,301,"大阪府","大阪市天王寺区","伶人町２－３１ＳｔａｒＯｆｆｉｃｅ大阪天王寺北",,27,109,5430061,,,,,,,2025-09-04,1,,,,,"シガツノナツ",0
1481,6120001280945,21,0,2026-07-14,2026-07-07,"株式会社宏普瑞",,301,"大阪府","大阪市東成区","大今里３丁目１５番６号ＩｍａｚａｔｏＴｏｗｅｒ３１０Ａ",,27,115,5370012,,,2026-07-07,01,,,2025-10-17,1,,,,,"コウフスイ",0
1482,6120001287800,01,0,2026-07-14,2026-07-14,"株式会社ブライト",,301,"大阪府","大阪市中央区","内久宝寺町４丁目１番７－１７０４号",,27,128,5400013,,,,,,,2026-07-14,1,,,,,"ブライト",0
1483,6120001287809,01,0,2026-07-14,2026-07-14,"株式会社雲川工業",,301,"大阪府","大阪市城東区","成育５丁目２０番４号",,27,118,5360007,,,,,,,2026-07-14,1,,,,,"クモカワコウギョウ",0
1484,6120001287858,01,0,2026-07-14,2026-07-14,"株式会社Ａライフ",,301,"大阪府","大阪市西成区","岸里東１丁目２２番１８－１０２号",,27,122,5570042,,,,,,,2026-07-14,1,,,,,"エーライフ",0
1485,6120001287874,01,0,2026-07-14,2026-07-14,"株式会社Ｍ．Ｏ",,301,"大阪府","枚方市","牧野阪２丁目１９‐１６‐１１３",,27,210,5731146,,,,,,,2026-07-14,1,,,,,"エムオー",0
1486,6120002059447,12,0,2026-07-14,2026-07-10,"有限会社ＪＣＮ",,302,"兵庫県","尼崎市","西難波町４丁目６番２６号５１０号室",,28,202,6600893,,,,,,,2015-10-05,1,,,,,"ジェイシーエヌ",0
1487,6120002068506,01,1,2026-07-14,2015-10-05,"有限会社近江アセットワン",,302,"大阪府","大阪市中央区","北浜３丁目５番１９号淀屋橋ホワイトビル３０８号株式会社フォグロス・パートナーズ内",,27,128,5410041,,,,,,,2015-10-05,0,,,,,"オウミアセットワン",0
1488,6120002068506,12,1,2026-07-14,2016-04-25,"有限会社近江アセットワン",,302,"京都府","京都市中京区","東洞院通御池下る笹屋町４３６",,26,104,6048187,,,,,,,2015-10-05,0,,,,,"オウミアセットワン",0
1489,6120002068506,12,1,2026-07-14,2019-06-10,"有限会社近江アセットワン",,302,"滋賀県","米原市","西円寺４２７番地",,25,214,5210092,,,,,,,2015-10-05,0,,,,,"オウミアセットワン",0
1490,6120002068506,21,0,2026-07-14,2026-07-01,"有限会社近江アセットワン",,302,"滋賀県","米原市","西円寺４２７番地",,25,214,5210092,,,2026-07-01,11,5120002068507,"令和８年７月１日滋賀県米原市西円寺４２７番地株式会社近江アセットツー（5120002068507）に合併し解散",2015-10-05,1,,,,,"オウミアセットワン",0
1491,6120003031438,21,0,2026-07-14,2026-07-03,"合同会社輝グループ",,305,"大阪府","大阪市浪速区","大国３丁目６番１９号",,27,111,5560014,,,2026-07-03,01,,,2025-12-10,1,,,,,"カガヤキグループ",0
1492,6120003033054,01,0,2026-07-14,2026-07-14,"アプリヴォ合同会社",,305,"大阪府","大阪市北区","梅田１丁目２番２号大阪駅前第２ビル１２－１２",,27,127,5300001,,,,,,,2026-07-14,1,,,,,"アプリヴォ",0
1493,6120003033062,01,0,2026-07-14,2026-07-14,"ＴＯＲＡ　Ｌａｂ合同会社",,305,"大阪府","大阪市北区","梅田１丁目２番２号大阪駅前第２ビル１２－１２",,27,127,5300001,,,,,,,2026-07-14,1,,,,,"トララボ",0
1494,6120003033070,01,0,2026-07-14,2026-07-14,"合同会社みらいチャプター",,305,"大阪府","枚方市","東中振１丁目３２番７号",,27,210,5730093,,,,,,,2026-07-14,1,,,,,"ミライチャプター",0
1495,6120901019963,01,1,2026-07-14,2015-10-05,"日本テレシステム株式会社",,301,"大阪府","池田市","建石町９番１３号",,27,204,5630053,,,,,,,2015-10-05,1,,,,,"ニホンテレシステム",0
1496,6120901035275,12,0,2026-07-14,2026-06-22,"株式会社はび・あす",,301,"大阪府","茨木市","真砂２丁目１１番４号",,27,211,5670851,,,,,,,2015-10-05,1,,,,,"ハビアス",0
1497,6120902019021,11,0,2026-07-14,2026-06-30,"有限会社１６８",,302,"大阪府","大阪市東淀川区","下新庄３丁目５番５－２０４号",,27,114,5330021,,,,,,,2015-10-05,1,,,,,"イロハ",0
1498,6122001040718,01,0,2026-07-14,2026-07-14,"株式会社ＭＴＳ",,301,"大阪府","東大阪市","菱屋東２丁目１番２４号",,27,227,5780948,,,,,,,2026-07-14,1,,,,,"エムティーエス",0
1499,6130001082696,01,0,2026-07-14,2026-07-14,"先端ヘルスケアホールディングス株式会社",,301,"京都府","舞鶴市","字野村寺５番地１",,26,202,6240833,,,,,,,2026-07-14,1,,,,,"センタンヘルスケアホールディングス",0
1500,6130002000079,21,0,2026-07-14,2026-06-26,"有限会社アネックス嵯峨",,302,"京都府","京都市右京区","嵯峨天龍寺今堀町２３番地７",,26,108,6168366,,,2026-06-26,01,,,2015-10-05,1,,,,,"アネックスサガ",0
1501,6140001066104,01,1,2026-07-14,2015-10-05,"季節の華株式会社",,301,"兵庫県","神崎郡福崎町","福崎新３６５番地",,28,443,6792214,,,,,,,2015-10-05,1,,,,,"キセツノハナ",0
1502,6140001087819,12,0,2026-07-14,2026-07-02,"株式会社ＫＯＢＡＹ　ＬＯＧＩＳＴＩＣＳ",,301,"兵庫県","西宮市","与古道町６－２－３０１",,28,204,6620917,,,,,,,2015-10-05,1,,,,,"コーベイロジスティクス",0
1503,6140001092793,12,0,2026-07-14,2026-07-09,"ヘップエスピーブイ６ジャパン株式会社",,301,"東京都","港区","浜松町２丁目１０番６号",,13,103,1050013,,,,,,,2015-10-05,1,,,,,"ヘップエスピーブイロクジャパン",0
1504,6140001137838,11,0,2026-07-14,2026-07-06,"ミドリゴ株式会社",,301,"兵庫県","神戸市中央区","山本通３丁目１４番１４号トーアハイツ３０３",,28,110,6500003,,,,,,,2025-03-24,1,,,,,"ミドリゴ",0
1505,6140001143415,01,0,2026-07-14,2026-07-14,"株式会社ＨＡＮＡ",,301,"兵庫県","川西市","鼓が滝３丁目１１番５４号",,28,217,6660123,,,,,,,2026-07-14,1,,,,,"ハナ",0
1506,6140002064627,01,1,2026-07-14,2015-10-05,"有限会社千恵興産",,302,"兵庫県","川西市","加茂２丁目１２番４号",,28,217,6660025,,,,,,,2015-10-05,1,,,,,"チエコウサン",0
1507,6140005007905,01,1,2026-07-14,2015-10-05,"社会福祉法人高嶺福祉会",,399,"千葉県","鎌ケ谷市","佐津間９８９番地１",,12,224,2730136,,,,,,,2015-10-05,1,,,,,"タカミネフクシカイ",0
1508,6150005000941,01,1,2026-07-14,2015-10-05,"奈良県生活協同組合連合会",,399,"奈良県","奈良市","恋の窪１丁目２番２号",,29,201,6308136,,,,,,,2015-10-05,1,,,,,"ナラケン",0
1509,6180001057074,01,1,2026-07-14,2015-10-05,"ＡＩＫＥＩ薬品株式会社",,301,"愛知県","名古屋市熱田区","金山町１丁目３番２号イトーピア金山２０５号",,23,109,4560002,,,,,,,2015-10-05,1,,,,,"アイケイヤクヒン",0
1510,6180001116078,01,1,2026-07-14,2015-10-05,"株式会社エフコム",,301,"愛知県","一宮市","佐千原字天神３１番地２",,23,203,4910124,,,,,,,2015-10-05,1,,,,,"エフコム",0
1511,6180001147602,21,0,2026-07-14,2026-07-03,"ＲＥＮコンストラクト株式会社",,301,"愛知県","名古屋市北区","平安２丁目１３番２１号ニュー平安ビル３階",,23,103,4620819,,,2026-07-03,01,,,2021-09-01,1,,,,,"レンコンストラクト",0
1512,6180001151926,12,0,2026-07-14,2026-07-06,"株式会社森田建設",,301,"愛知県","あま市","坂牧北浦１９番地",,23,237,4901115,,,,,,,2022-06-28,1,,,,,"モリタケンセツ",0
1513,6180001172740,01,0,2026-07-14,2026-07-14,"株式会社Ｋ・Ｃ・Ｒ",,301,"愛知県","名古屋市西区","名塚町５丁目７０番地",,23,104,4510081,,,,,,,2026-07-14,1,,,,,"ケーシーアール",0
1514,6180001172749,01,0,2026-07-14,2026-07-14,"株式会社イワイ",,301,"愛知県","名古屋市東区","泉２丁目２１番３号",,23,102,4610001,,,,,,,2026-07-14,1,,,,,"イワイ",0
1515,6180002047058,21,0,2026-07-14,2026-07-02,"有限会社エスケーホームサポート",,302,"愛知県","名古屋市天白区","土原４丁目２１５番地の１",,23,116,4680026,,,2026-07-02,01,,,2015-10-05,1,,,,,"エスケーホームサポート",0
1516,6180002069985,01,1,2026-07-14,2015-10-05,"有限会社丸恵産業",,302,"愛知県","小牧市","常普請３丁目４１番地",,23,219,4850044,,,,,,,2015-10-05,1,,,,,"マルケイサンギョウ",0
1517,6180003030541,01,0,2026-07-14,2026-07-14,"宝樹合同会社",,305,"愛知県","名古屋市東区","古出来１丁目７番４号",,23,102,4610049,,,,,,,2026-07-14,1,,,,,"タカラギ",0
1518,6180005021621,01,0,2026-07-14,2026-07-14,"行政書士法人ＦＬＡＧＳ",,399,"愛知県","名古屋市東区","東桜２丁目３番１４号",,23,102,4610005,,,,,,,2026-07-14,1,,,,,"フラッグス",0
1519,6180302014088,01,1,2026-07-14,2015-10-05,"御津環境開発有限会社",,302,"愛知県","豊川市","御津町赤根屋敷６６番地",,23,207,4410316,,,,,,,2015-10-05,1,,,,,"ミトカンキョウカイハツ",0
1520,6180302018857,01,1,2026-07-14,2015-10-05,"有限会社フジ急送",,302,"愛知県","刈谷市","井ケ谷町前田２６番地２",,23,210,4480001,,,,,,,2015-10-05,1,,,,,"フジキュウソウ",0
1521,6200001006284,01,1,2026-07-14,2015-10-05,"株式会社緑洲通商",,301,"岐阜県","岐阜市","茜部新所１丁目６３番地",,21,201,5008263,,,,,,,2015-10-05,0,,,,,"リョクシュウツウショウ",0
1522,6200001006284,12,1,2026-07-14,2021-12-01,"株式会社緑洲通商",,301,"岐阜県","岐阜市","茜部新所１丁目８８番地",,21,201,5008263,,,,,,,2015-10-05,1,,,,,"リョクシュウツウショウ",0
1523,6200001045241,01,0,2026-07-14,2026-07-14,"株式会社Ａｓｔｅｃａ　ｃｒａｆｔ",,301,"岐阜県","揖斐郡大野町","大字大野５７９番地",,21,403,5010513,,,,,,,2026-07-14,1,,,,,"アステカクラフト",0
1524,6200001045258,01,0,2026-07-14,2026-07-14,"株式会社エステイト管理企画",,301,"岐阜県","各務原市","鵜沼東町２丁目２８番地２",,21,213,5090126,,,,,,,2026-07-14,1,,,,,"エステイトカンリキカク",0
1525,6210002002216,12,0,2026-07-14,2026-07-07,"有限会社ＡＭＡＴＥＲＵ",,302,"福井県","福井市","花月２丁目３番４号",,18,201,9100022,,,,,,,2015-10-05,1,,,,,"アマテル",0
1526,6220002014144,12,0,2026-07-14,2026-07-10,"有限会社ＮＯＴＯ",,302,"石川県","七尾市","白馬町五七部２３番地",,17,202,9260828,,,,,,,2015-10-05,1,,,,,"ノト",0
1527,6230001000227,12,0,2026-07-14,2026-07-09,"礎総合計画株式会社",,301,"富山県","富山市","下新町１９番１号",,16,201,9300804,,,,,,,2015-10-05,1,,,,,"イシヅエソウゴウケイカク",0
1528,6230002007824,01,1,2026-07-14,2015-10-05,"有限会社フォトショップ魚津",,302,"富山県","魚津市","本町１丁目２番２６号",,16,204,9370866,,,,,,,2015-10-05,1,,,,,"フォトショップウオヅ",0
1529,6240001010753,01,1,2026-07-14,2015-10-05,"株式会社宝星",,301,"広島県","広島市西区","古江東町２３番３２号",,34,104,7330872,,,,,,,2015-10-05,1,,,,,"ホウセイ",0
1530,6240001038002,01,1,2026-07-14,2015-10-05,"共栄自動車工業株式会社",,301,"広島県","尾道市","西御所町６番１１号",,34,205,7220037,,,,,,,2015-10-05,1,,,,,"キョウエイジドウシャコウギョウ",0
1531,6240001038035,21,0,2026-07-14,2026-06-30,"株式会社啓文社エンタープライズ",,301,"広島県","尾道市","東尾道１０番地２６",,34,205,7220051,,,2026-06-30,11,7240001038034,"令和８年６月３０日広島県尾道市東尾道１０番地２６株式会社啓文社（7240001038034）に合併し解散",2015-10-05,1,,,,,"ケイブンシャエンタープライズ",0
1532,6240001044958,21,0,2026-07-14,2026-07-10,"アットホーム絆株式会社",,301,"山口県","山口市","小郡上郷１７５４番地１",,35,203,7540001,,,2026-07-10,01,,,2015-10-05,1,,,,,"アットホームキズナ",0
1533,6240001048975,01,1,2026-07-14,2016-03-03,"株式会社ライカム",,301,"広島県","竹原市","福田町２８１９番地１",,34,203,7292312,,,,,,,2016-03-03,1,,,,,"ライカム",0
1534,6240001064618,12,0,2026-07-14,2026-06-30,"株式会社ａｍｅｌａｔｅｒｉｅ",,301,"広島県","広島市中区","西川口町１１－２１第７ファニー幸１０１",,34,101,7300846,,,,,,,2025-03-07,1,,,,,"アメラトリー",0
1535,6240001066795,01,0,2026-07-14,2026-07-14,"株式会社ヒロッサン物流",,301,"広島県","広島市佐伯区","楽々園３丁目１５番３７号",,34,108,7315136,,,,,,,2026-07-14,1,,,,,"ヒロッサンブツリュウ",0
1536,6250002002914,21,0,2026-07-14,2026-07-10,"有限会社岡田木工",,302,"山口県","防府市","牟礼今宿２丁目４番３１号",,35,206,7470012,,,2026-07-10,01,,,2015-10-05,1,,,,,"オカダモッコウ",0
1537,6260001036053,12,0,2026-07-14,2026-07-08,"株式会社ＥＩＧＨＴＨ",,301,"岡山県","倉敷市","阿知２丁目１８番４号５０１号室（ゼニス館）",,33,202,7100055,,,,,,,2021-10-05,1,,,,,"エイス",0
1538,6280002001434,21,0,2026-07-14,2026-07-09,"有限会社田村技術",,302,"島根県","松江市","八幡町８７８番地４",,32,201,6900025,,,2026-07-09,01,,,2015-10-05,1,,,,,"タムラギジュツ",0
1539,6290001017901,01,1,2026-07-14,2015-10-05,"株式会社レオロジー機能食品研究所",,301,"福岡県","糟屋郡久山町","大字久原２２４１番地の１",,40,348,8112501,,,,,,,2015-10-05,1,,,,,"レオロジーキノウショクヒンケンキュウショ",0
1540,6290001040688,12,0,2026-07-14,2026-07-01,"古賀産業株式会社",,301,"福岡県","大野城市","筒井５丁目１番１号",,40,219,8160931,,,,,,,2015-10-05,1,,,,,"コガサンギョウ",0
1541,6290001077020,01,1,2026-07-14,2017-03-08,"株式会社ハートステーション",,301,"福岡県","福岡市博多区","豊１丁目９番２７号",,40,132,8120042,,,,,,,2017-03-08,0,,,,,"ハートステーション",0
1542,6290001077020,12,1,2026-07-14,2017-10-13,"株式会社ハートステーション",,301,"福岡県","福岡市博多区","金の隈３丁目１８番３０号",,40,132,8120863,,,,,,,2017-03-08,0,,,,,"ハートステーション",0
1543,6290001077020,12,1,2026-07-14,2019-09-09,"株式会社ハートステーション",,301,"福岡県","福岡市博多区","博多駅前２丁目１７番１４号",,40,132,8120011,,,,,,,2017-03-08,0,,,,,"ハートステーション",0
1544,6290001077020,12,1,2026-07-14,2022-05-12,"株式会社ハートステーション",,301,"福岡県","福岡市中央区","薬院３丁目３番３３号６階",,40,133,8100022,,,,,,,2017-03-08,0,,,,,"ハートステーション",0
1545,6290001077020,12,1,2026-07-14,2023-06-09,"株式会社ハートステーション",,301,"福岡県","福岡市博多区","博多駅南６丁目１３番２１号３Ｆ",,40,132,8120016,,,,,,,2017-03-08,0,,,,,"ハートステーション",0
1546,6290001077020,11,1,2026-07-14,2023-06-09,"株式会社淑",,301,"福岡県","福岡市博多区","博多駅南６丁目１３番２１号３Ｆ",,40,132,8120016,,,,,,,2017-03-08,1,,,,,"シトエ",0
1547,6290001089255,01,1,2026-07-14,2020-06-25,"株式会社ＮＥＷＢＯＸ　ＪＡＰＡＮ",,301,"福岡県","大牟田市","浜田町１７番地１",,40,202,8360026,,,,,,,2020-06-25,0,,,,,"ニューボックスジャパン",0
1548,6290001089255,12,1,2026-07-14,2025-06-20,"株式会社ＮＥＷＢＯＸ　ＪＡＰＡＮ",,301,"福岡県","大牟田市","大字田隈４４５番地５",,40,202,8370916,,,,,,,2020-06-25,1,,,,,"ニューボックスジャパン",0
1549,6290001114764,01,0,2026-07-14,2026-07-14,"株式会社ＫＥＭ電材",,301,"福岡県","春日市","上白水８丁目７９番地６",,40,218,8160844,,,,,,,2026-07-14,1,,,,,"ケーイーエムデンザイ",0
1550,6290001114789,01,0,2026-07-14,2026-07-14,"株式会社ＯＢＳ",,301,"福岡県","福岡市博多区","博多駅前１丁目２３番２号ＰａｒｋＦｒｏｎｔ博多駅前１丁目５Ｆ－Ｂ",,40,132,8120011,,,,,,,2026-07-14,1,,,,,"オービーエス",0
1551,6290002020235,12,0,2026-07-14,2026-07-08,"有限会社パインズ",,302,"福岡県","糟屋郡志免町","石橋台１３番１号",,40,343,8112203,,,,,,,2015-10-05,1,,,,,"パインズ",0
1552,6290801024717,12,0,2026-07-14,2026-06-26,"未来警備保障株式会社",,301,"福岡県","行橋市","大字延永１０９８番地５",,40,213,8240068,,,,,,,2018-06-22,0,,,,,"ミライケイビホショウ",0
1553,6290801024717,11,0,2026-07-14,2026-06-26,"未來警備保障株式会社",,301,"福岡県","行橋市","大字延永１０９８番地５",,40,213,8240068,,,,,,,2018-06-22,1,,,,,"ミライケイビホショウ",0
1554,6290801031564,12,0,2026-07-14,2026-07-09,"株式会社Ｇｒａｃｈｉ",,301,"福岡県","福岡市博多区","博多駅前１丁目２３番２号ＰａｒｋＦｒｏｎｔ博多駅前一丁目５Ｆ－Ｂ",,40,132,8120011,,,,,,,2025-05-27,1,,,,,"グラッチ",0
1555,6290801032661,01,0,2026-07-14,2026-07-14,"株式会社クリーンズ",,301,"福岡県","北九州市小倉北区","小文字１丁目２番３４号",,40,106,8020037,,,,,,,2026-07-14,1,,,,,"クリーンズ",0
1556,6300001013700,21,0,2026-07-14,2026-07-08,"みやきスポーツパークパートナーズ株式会社",,301,"佐賀県","三養基郡みやき町","大字原古賀６７０５番地の２",,41,346,8490101,,,2026-07-08,01,,,2024-04-16,1,,,,,"ミヤキスポーツパークパートナーズ",0
1557,6320002001339,12,0,2026-07-14,2026-07-03,"有限会社遠藤ビル",,302,"大分県","大分市","大字佐野４０３９番地",,44,201,8700315,,,,,,,2015-10-05,1,,,,,"エンドウビル",0
1558,6330001034462,01,0,2026-07-14,2026-07-14,"株式会社Ｈｏｒｉｕｃｈｉ　ｋｏｕｇｙｏｕ",,301,"熊本県","宇土市","境目町４５３番地スペリアージュ２１０",,43,211,8690417,,,,,,,2026-07-14,1,,,,,"ホリウチコウギョウ",0
1559,6330001034470,01,0,2026-07-14,2026-07-14,"株式会社つむぎ",,301,"熊本県","熊本市西区","二本木２丁目１３－１６",,43,103,8600051,,,,,,,2026-07-14,1,,,,,"ツムギ",0
1560,6340001021492,12,0,2026-07-14,2026-07-01,"株式会社アルバムデザイン",,301,"鹿児島県","鹿児島市","中町７番１号コアナ天文館３Ｆ－Ｂ",,46,201,8920827,,,,,,,2018-09-28,1,,,,,"アルバムデザイン",0
1561,6340002010197,01,1,2026-07-14,2015-10-05,"有限会社善産業",,302,"鹿児島県","鹿児島市","南栄２丁目１２番地２",,46,201,8910122,,,,,,,2015-10-05,1,,,,,"ヨシサンギョウ",0
1562,6340002012540,01,1,2026-07-14,2015-10-05,"迫田産業有限会社",,302,"鹿児島県","日置市","東市来町伊作田３８２２番地",,46,216,8992203,,,,,,,2015-10-05,1,,,,,"サコダサンギョウ",0
1563,6340005009996,01,0,2026-07-14,2026-07-14,"徳之島町くらしごとサポート協同組合",,399,"鹿児島県","大島郡徳之島町","亀津７２０３番地",,46,530,8917101,,,,,,,2026-07-14,1,,,,,"トクノシマチョウクラシゴトサポート",0
1564,6360001011938,21,0,2026-07-14,2026-06-03,"沖縄ツーリストホールディングス株式会社",,301,"沖縄県","那覇市","松尾１丁目２番３号",,47,201,9000014,,,2026-06-03,11,7360001000428,"令和８年６月１日沖縄県那覇市松尾一丁目２番３号沖繩ツーリスト株式会社（7360001000428）に合併し解散",2015-10-05,1,,,,,"オキナワツーリストホールディングス",0
1565,6360003012100,11,0,2026-07-14,2026-06-19,"余白合同会社",,305,"沖縄県","宜野湾市","嘉数１丁目２２－１１",,47,205,9012226,,,,,,,2022-06-22,1,,,,,"ヨハク",0
1566,6370001044268,12,0,2026-07-14,2026-07-03,"株式会社すい",,301,"宮城県","仙台市太白区","郡山字谷地田西３番６１号",,04,104,9820003,,,,,,,2019-04-16,1,,,,,"スイ",0
1567,6370001054011,01,0,2026-07-14,2026-07-14,"株式会社リアス興産",,301,"宮城県","気仙沼市","田谷９番地２０",,04,205,9880045,,,,,,,2026-07-14,1,,,,,"リアスコウサン",0
1568,6370002018584,01,1,2026-07-14,2015-10-05,"有限会社豚豚拍子",,302,"宮城県","仙台市泉区","野村字馬場屋敷１１番地の２",,04,105,9813124,,,,,,,2015-10-05,0,,,,,"トントンビョウシ",0
1569,6370002018584,12,1,2026-07-14,2026-07-02,"有限会社豚豚拍子",,302,"宮城県","柴田郡川崎町","大字前川字手代塚山２番地３１",,04,324,9890901,,,,,,,2015-10-05,1,,,,,"トントンビョウシ",0
1570,6370003005185,21,0,2026-07-14,2026-06-30,"合同会社あれこれ",,305,"宮城県","白石市","越河字町屋敷３６",,04,206,9890113,,,2026-06-30,01,,,2021-04-07,1,,,,,"アレコレ",0
1571,6370102000211,21,0,2026-07-14,2026-07-09,"有限会社コスモ商運",,302,"宮城県","柴田郡柴田町","船岡土手内３丁目１０番１８－２号",,04,323,9891602,,,2026-07-09,01,,,2015-10-05,1,,,,,"コスモショウウン",0
1572,6370201000293,12,0,2026-07-14,2026-07-03,"株式会社千葉愍ビル",,301,"宮城県","大崎市","古川台町９番２０号",,04,215,9896163,,,,,,,2015-10-05,1,,,,,"チバミンビル",0
1573,6370601002939,01,1,2026-07-14,2015-10-05,"株式会社ハウズ",,301,"宮城県","多賀城市","中央３丁目１０番５号",,04,209,9850873,,,,,,,2015-10-05,1,,,,,"ハウズ",0
1574,6380002032667,01,1,2026-07-14,2015-10-05,"有限会社新鶴電機",,302,"福島県","大沼郡会津美里町","鶴野辺字家ノ東甲８２３番地",,07,447,9696403,,,,,,,2015-10-05,1,,,,,"ニイツルデンキ",0
1575,6380003005993,12,0,2026-07-14,2026-07-02,"合同会社三導",,305,"福島県","郡山市","富田町字舘南４２－３カーサ・フェリシアＤ号室",,07,203,9638041,,,,,,,2025-03-26,1,,,,,"ミチビキ",0
1576,6390005006221,01,1,2026-07-14,2015-10-05,"一般財団法人中田協和会",,399,"山形県","米沢市","中田町９９１番地の１",,06,202,9920011,,,,,,,2015-10-05,1,,,,,"ナカダキョウワカイ",0
1577,6390005006898,01,1,2026-07-14,2015-10-05,"特定非営利活動法人結いのき",,399,"山形県","米沢市","花沢町２６８６番地の４",,06,202,9920022,,,,,,,2015-10-05,1,,,,,"ユイノキ",0
1578,6410001010868,01,1,2026-07-14,2015-10-05,"株式会社イデアグローバルホールディングス",,301,"秋田県","秋田市","手形字西谷地２０６番地５",,05,201,0100851,,,,,,,2015-10-05,1,,,,,"イデアグローバルホールディングス",0
1579,6410005000246,12,0,2026-07-14,2026-07-09,"一般財団法人秋田県職員互助会",,399,"秋田県","秋田市","山王４丁目１番２号",,05,201,0100951,,,,,,,2015-10-05,1,,,,,"アキタケンショクインゴジョカイ",0
1580,6420001006287,71,0,2026-07-14,2026-07-01,"株式会社日新管財",,301,"青森県","八戸市","江陽４丁目８番１１号",,02,203,0310801,,,,,,"令和８年７月１日青森県八戸市小中野八丁目１７番３０号有限会社ニッシン（4420002008160）を合併",2015-10-05,1,,,,,"ニッシンカンザイ",0
1581,6420001018803,12,0,2026-07-14,2026-06-30,"株式会社喜仁会メディカルサポート",,301,"青森県","八戸市","大字根城字馬場頭２番地３３",,02,203,0391166,,,,,,,2024-07-17,1,,,,,"キジンカイメディカルサポート",0
1582,6420005005855,01,1,2026-07-14,2015-10-05,"諏訪神社",,399,"青森県","上北郡六ヶ所村","大字泊字川原１５８番地１",,02,411,0394301,,,,,,,2015-10-05,1,,,,,"スワジンジャ",0
1583,6430001096609,12,0,2026-07-14,2026-07-08,"株式会社箱根ときのみ",,301,"神奈川県","足柄下郡箱根町","芦之湯８４番地５５",,14,382,2500523,,,,,,,2026-04-08,1,,,,,"ハコネトキノミ",0
1584,6430003016754,12,0,2026-07-14,2026-07-06,"合同会社中村電業",,305,"北海道","札幌市中央区","宮の森二条７丁目３番１４－１０１号",,01,101,0640952,,,,,,,2024-09-04,1,,,,,"ナカムラデンギョウ",0
1585,6430003019187,01,0,2026-07-14,2026-07-14,"合同会社Ｓｏｖｉｃｓ",,305,"北海道","苫小牧市","澄川町３丁目１１‐１５",,01,213,0591271,,,,,,,2026-07-14,1,,,,,"ソヴィクス",0
1586,6440001004883,01,1,2026-07-14,2015-10-05,"株式会社アイクム",,301,"北海道","函館市","美原４丁目１８番１０号",,01,202,0410806,,,,,,,2015-10-05,0,,,,,"アイクム",0
1587,6440001004883,12,1,2026-07-14,2016-04-13,"株式会社アイクム",,301,"北海道","函館市","万代町１４番１３号",,01,202,0400075,,,,,,,2015-10-05,1,,,,,"アイクム",0
1588,6480001004970,21,0,2026-07-14,2026-07-07,"北灘土建株式会社",,301,"徳島県","鳴門市","撫養町立岩字六枚８０番地",,36,202,7720017,,,2026-07-07,01,,,2015-10-05,1,,,,,"キタナダドケン",0
1589,6480001007098,21,0,2026-07-14,2026-07-07,"株式会社椿活珍亭",,301,"徳島県","阿南市","椿町加茂前６６番地",,36,204,7791750,,,2026-07-07,01,,,2015-10-05,1,,,,,"ツバキカッチンテイ",0
1590,6480003002452,01,0,2026-07-14,2026-07-14,"合同会社ＡＳ",,305,"徳島県","徳島市","南矢三町１丁目３番地５１",,36,201,7700005,,,,,,,2026-07-14,1,,,,,"エーエス",0
1591,6490001007873,01,1,2026-07-14,2015-10-05,"株式会社松田動物病院",,301,"高知県","宿毛市","宿毛５３７８番地２８",,39,208,7880000,,,,,,,2015-10-05,1,,,,,"マツダドウブツビョウイン",0
1592,6500002023637,01,1,2026-07-14,2015-10-05,"有限会社三島建設",,302,"愛媛県","北宇和郡鬼北町","大字小松１２４１番地",,38,488,7981311,,,,,,,2015-10-05,1,,,,,"ミシマケンセツ",0
1593,6500003003101,01,1,2026-07-14,2023-09-08,"合同会社セブンコンサルタント",,305,"愛媛県","松山市","祇園町１番３６号－３１０",,38,201,7900965,,,,,,,2023-09-08,0,,,,,"セブンコンサルタント",0
1594,6500003003101,12,1,2026-07-14,2024-09-13,"合同会社セブンコンサルタント",,305,"愛媛県","松山市","南江戸１丁目３番８号－２０１",,38,201,7900062,,,,,,,2023-09-08,0,,,,,"セブンコンサルタント",0
1595,6500003003101,12,1,2026-07-14,2026-07-10,"合同会社セブンコンサルタント",,305,"愛媛県","松山市","道後緑台３番８号クレアホームズ道後緑台６０１号",,38,201,7900847,,,,,,,2023-09-08,1,,,,,"セブンコンサルタント",0
1596,6700150029044,21,0,2026-07-14,2025-02-28,"ネイチャーパークかさがた交流協会",,499,"兵庫県","多可郡多可町","八千代区大屋３７８－１",,28,365,6770101,,,2025-02-28,31,,,2015-10-09,1,,,,,"ネイチヤーパークカサガタコウリユウキヨウカイ",0
1597,7010001010024,11,0,2026-07-14,2026-06-23,"アド・サイン株式会社",,301,"東京都","千代田区","鍛冶町２丁目１０番４号",,13,101,1010044,,,,,,,2015-10-05,1,,,,,"アドサイン",0
1598,7010001041176,01,1,2026-07-14,2015-10-05,"株式会社銀座日動社",,301,"東京都","中央区","銀座２丁目５番１６号",,13,102,1040061,,,,,,,2015-10-05,1,,,,,"ギンザニチドウシャ",0
1599,7010001104610,01,1,2026-07-14,2015-10-05,"株式会社ケーシーエスキャロット",,301,"東京都","千代田区","神田和泉町一丁目１３番１号",,13,101,1010024,,,,,,,2015-10-05,1,,,,,,0
1600,7010001110922,01,1,2026-07-14,2015-10-05,"株式会社ＩＴＫ",,301,"東京都","中央区","京橋３丁目９番８号",,13,102,1040031,,,,,,,2015-10-05,0,,,,,"アイテイーケー",0
1601,7010001110922,12,1,2026-07-14,2016-05-16,"株式会社ＩＴＫ",,301,"東京都","足立区","東和２丁目１０番８号",,13,121,1200003,,,,,,,2015-10-05,1,,,,,"アイテイーケー",0
1602,7010001161164,21,0,2026-07-14,2026-07-02,"株式会社アイデミー",,301,"東京都","千代田区","大手町１丁目２番１号",,13,101,1000004,,,2026-07-02,11,7010401001556,"令和８年６月１日東京都港区赤坂一丁目８番１号アクセンチュア株式会社（7010401001556）に合併し解散",2015-10-05,1,,,,,"アイデミー",0
1603,7010001175429,01,1,2026-07-14,2016-05-09,"株式会社河原泰建築研究室",,301,"東京都","中央区","日本橋小舟町１４番１０号",,13,102,1030024,,,,,,,2016-05-09,1,,,,,"カワハラユタカケンチクケンキュウシツ",0
1604,7010001177490,01,1,2026-07-14,2016-08-08,"築地容器株式会社",,301,"東京都","中央区","築地６丁目１８番４－５０１号",,13,102,1040045,,,,,,,2016-08-08,0,,,,,"ツキジヨウキ",0
1605,7010001177490,12,1,2026-07-14,2018-02-02,"築地容器株式会社",,301,"東京都","中央区","湊２丁目１５番１４－２１０８号",,13,102,1040043,,,,,,,2016-08-08,1,,,,,"ツキジヨウキ",0
1606,7010001188967,12,0,2026-07-14,2026-06-29,"株式会社アソビナ",,301,"東京都","千代田区","神田練塀町６８番地",,13,101,1010022,,,,,,,2018-01-16,1,,,,,,0
1607,7010001203528,12,0,2026-07-14,2026-07-10,"株式会社ＷＥＲＭ",,301,"愛媛県","東温市","則之内字段乙２３０９",,38,215,7910200,,,,,,,2019-08-27,1,,,,,"ワーム",0
1608,7010001229523,12,0,2026-07-14,2026-07-10,"株式会社ありがとうアメリカ株式",,301,"東京都","三鷹市","下連雀３丁目４１番３－７０２号",,13,204,1810013,,,,,,,2022-09-14,1,,,,,"アリガトウアメリカカブシキ",0
1609,7010001237716,01,1,2026-07-14,2023-08-16,"株式会社ＨＥＡＤ　ＬＯＵＮＧＥ",,301,"東京都","文京区","大塚２丁目１４番９号",,13,105,1120012,,,,,,,2023-08-16,0,,,,,"ヘッドラウンジ",0
1610,7010001237716,12,1,2026-07-14,2024-05-15,"株式会社ＨＥＡＤ　ＬＯＵＮＧＥ",,301,"東京都","千代田区","有楽町２丁目１０番１号",,13,101,1000006,,,,,,,2023-08-16,0,,,,,"ヘッドラウンジ",0
1611,7010001237716,12,1,2026-07-14,2026-06-11,"株式会社ＨＥＡＤ　ＬＯＵＮＧＥ",,301,"東京都","千代田区","永田町２丁目９番６号",,13,101,1000014,,,,,,,2023-08-16,0,,,,,"ヘッドラウンジ",0
1612,7010001237716,11,1,2026-07-14,2026-06-11,"ＦＡＮＩＦ株式会社",,301,"東京都","千代田区","永田町２丁目９番６号",,13,101,1000014,,,,,,,2023-08-16,1,,,,,"ファンイフ",0
1613,7010001265320,12,0,2026-07-14,2026-07-10,"ＪＰＡ第４０５号株式会社",,301,"東京都","港区","赤坂１丁目８番１号",,13,103,1070052,,,,,,,2026-05-15,1,,,,,"ジェイピーエーダイヨンヒャクゴゴウ",0
1614,7010001265329,12,0,2026-07-14,2026-07-10,"ＪＰＡ第４１４号株式会社",,301,"東京都","港区","赤坂１丁目８番１号",,13,103,1070052,,,,,,,2026-05-15,1,,,,,"ジェイピーエーダイヨンヒャクジュウヨンゴウ",0
1615,7010001267036,01,0,2026-07-14,2026-07-14,"株式会社しらとりスポーツサポート",,301,"東京都","千代田区","神田司町２丁目５番地１７武井ビル１階",,13,101,1010048,,,,,,,2026-07-14,1,,,,,"シラトリスポーツサポート",0
1616,7010001267226,01,0,2026-07-14,2026-07-14,"株式会社アスラ",,301,"東京都","中央区","銀座１丁目２２番１１号銀座大竹ビジデンス２Ｆ",,13,102,1040061,,,,,,,2026-07-14,1,,,,,"アスラ",0
1617,7010003044565,12,0,2026-07-14,2026-07-10,"Ｌｅｔｔｕｃｅ　Ｌｅａｒｎ合同会社",,305,"東京都","江東区","豊洲３丁目３番３号３階ワークスタイリング",,13,108,1350061,,,,,,,2024-08-07,1,,,,,"レタスラーン",0
1618,7010102011342,12,0,2026-07-14,2026-07-10,"有限会社ウェルクラフト",,302,"東京都","多摩市","鶴牧３丁目５番地の７ザ・グランクロス多摩センター１６０１",,13,224,2060034,,,,,,,2015-10-05,1,,,,,"ウェルクラフト",0
1619,7010401036924,01,1,2026-07-14,2015-10-05,"日精エンジニアリング株式会社",,301,"東京都","港区","西新橋２丁目１２番５号",,13,103,1050003,,,,,,,2015-10-05,0,,,,,"ニツセイエンジニアリング",0
1620,7010401036924,12,1,2026-07-14,2023-11-27,"日精エンジニアリング株式会社",,301,"東京都","港区","西新橋２丁目１８番２号",,13,103,1050003,,,,,,,2015-10-05,1,,,,,"ニツセイエンジニアリング",0
1621,7010401087538,12,0,2026-07-14,2026-07-10,"メタネックス・ジャパン株式会社",,301,"東京都","中央区","八重洲２丁目１番１号ＹＡＮＭＡＲＴＯＫＹＯ１２階",,13,102,1040028,,,,,,,2015-10-05,1,,,,,"メタネックスジャパン",0
1622,7010401095920,12,0,2026-07-14,2026-07-09,"株式会社Ｊｕｇｏ",,301,"神奈川県","三浦郡葉山町","一色１８３９番地の１葉山サンハイツ３０４号室",,14,301,2400111,,,,,,,2015-10-05,1,,,,,"ジュウゴ",0
1623,7010401159056,71,0,2026-07-14,2026-06-26,"株式会社パワーエックス",,301,"岡山県","玉野市","田井６丁目９番１号",,33,204,7060001,,,,,,"令和８年６月１日岡山県玉野市田井六丁目９番１号株式会社ＰｏｗｅｒＸ　Ｍａｎｕｆａｃｔｕｒｉｎｇ（2260001037914）を合併",2021-03-25,1,,,,,"パワーエックス",0
1624,7010401173098,12,0,2026-07-14,2026-07-10,"ブルースカイ・インベストメント株式会社",,301,"東京都","千代田区","丸の内２丁目６番１号丸の内パークビルディング８階",,13,101,1000005,,,,,,,2023-03-20,1,,,,,"ブルースカイインベストメント",0
1625,7010401200100,01,0,2026-07-14,2026-07-14,"ロジエンスコンサルティング株式会社",,301,"東京都","港区","赤坂３丁目１７－３Ｈ＿Ｏ赤坂１２Ｆ",00144289,13,103,1070052,,,,,,,2026-07-14,1,,,,,"ロジエンスコンサルティング",0
1626,7010405025923,01,0,2026-07-14,2026-07-14,"ＧＴＯ２特定目的会社",,399,"東京都","港区","虎ノ門３丁目２２番１０－２０１号",,13,103,1050001,,,,,,,2026-07-14,1,,,,,"ジーティーオーツー",0
1627,7010501002842,01,1,2026-07-14,2015-10-05,"株式会社片倉",,301,"東京都","台東区","浅草５丁目７番４号",,13,106,1110032,,,,,,,2015-10-05,1,,,,,"カタクラ",0
1628,7010501050164,12,0,2026-07-14,2026-07-03,"株式会社ｄｉｔｏ",,301,"東京都","台東区","花川戸２丁目８番１２号１Ｆ",,13,106,1110033,,,,,,,2023-03-16,1,,,,,"ディート",0
1629,7010601040049,12,0,2026-07-14,2026-07-08,"株式会社フォーモスト",,301,"東京都","台東区","上野６丁目１番６号",,13,106,1100005,,,,,,,2015-10-05,1,,,,,"フォーモスト",0
1630,7010601060253,01,1,2026-07-14,2021-11-18,"株式会社Ｅｕｆｏｒｉａ",,301,"東京都","江東区","有明１丁目４番２０－２９３４号",,13,108,1350063,,,,,,,2021-11-18,0,,,,,"ユーフォリア",0
1631,7010601060253,12,1,2026-07-14,2024-03-28,"株式会社Ｅｕｆｏｒｉａ",,301,"東京都","中央区","勝どき４丁目６番２－２１２９号",,13,102,1040054,,,,,,,2021-11-18,1,,,,,"ユーフォリア",0
1632,7010701031708,01,1,2026-07-14,2015-12-04,"株式会社正＿",00105163,301,"東京都","品川区","南大井３丁目２６番４号大森ロイヤルハイツ１０１Ａ",,13,109,1400013,,,,,,,2015-12-04,0,,,,,"セイキン",0
1633,7010701031708,12,1,2026-07-14,2016-07-12,"株式会社正＿",00105163,301,"東京都","台東区","寿３丁目７番１－６０１号",,13,106,1110042,,,,,,,2015-12-04,1,,,,,"セイキン",0
1634,7010801036813,12,0,2026-07-14,2026-07-10,"Ｔｒｕｓｔｉｖｅ　Ｗｏｒｋｓ株式会社",,301,"神奈川県","横浜市南区","永田東１丁目６番３０－２０７号",,14,105,2320072,,,,,,,2025-11-28,1,,,,,"トラスティブワークス",0
1635,7010801037571,01,0,2026-07-14,2026-07-14,"株式会社ＲＡＮＲＹＵ",,301,"東京都","大田区","中央１丁目８番６号",,13,111,1430024,,,,,,,2026-07-14,1,,,,,"ランリュウ",0
1636,7010803005898,01,0,2026-07-14,2026-07-14,"合同会社ペインティングＧ",,305,"東京都","大田区","新蒲田２丁目１５番１１号シェアレル蒲田２０２",,13,111,1440054,,,,,,,2026-07-14,1,,,,,"ペインティングジー",0
1637,7010901015741,12,0,2026-07-14,2026-07-10,"株式会社カノンテクノ",,301,"東京都","大田区","田園調布２丁目４４番８－７０２号",,13,111,1450071,,,,,,,2015-10-05,1,,,,,"カノンテクノ",0
1638,7010901018430,01,1,2026-07-14,2015-10-05,"株式会社世田谷サーヴ",,301,"東京都","世田谷区","用賀４丁目２０番１１号",,13,112,1580097,,,,,,,2015-10-05,0,,,,,"セタガヤサーヴ",0
1639,7010901018430,12,1,2026-07-14,2026-06-30,"株式会社世田谷サーヴ",,301,"東京都","世田谷区","新町３丁目２番１９号インテグレート桜新町１０１号",,13,112,1540014,,,,,,,2015-10-05,1,,,,,"セタガヤサーヴ",0
1640,7010901059887,01,0,2026-07-14,2026-07-14,"ＡＮＧ株式会社",,301,"東京都","世田谷区","船橋７丁目８－１－１０２３",,13,112,1560055,,,,,,,2026-07-14,1,,,,,"エーエヌジー",0
1641,7010901059912,01,0,2026-07-14,2026-07-14,"株式会社クルール",,301,"東京都","世田谷区","上野毛４丁目４番１７－１２１号",,13,112,1580093,,,,,,,2026-07-14,1,,,,,"クルール",0
1642,7010903001260,01,1,2026-07-14,2015-10-05,"プロド合同会社",,305,"東京都","世田谷区","深沢２丁目１番１－４０６号",,13,112,1580081,,,,,,,2015-10-05,1,,,,,"プロド",0
1643,7011001029640,12,0,2026-07-14,2026-07-02,"大東食品株式会社",,301,"東京都","渋谷区","恵比寿南１丁目１１番１２号ＴｈｅＨＯＮＤＡＡＲＭＳ１０３",,13,113,1500022,,,,,,,2015-10-05,1,,,,,"ダイトウショクヒン",0
1644,7011001037552,11,0,2026-07-14,2026-07-01,"株式会社Ａ・Ｍコーポレーション",,301,"東京都","渋谷区","神宮前１丁目１０番３７号",,13,113,1500001,,,,,,,2015-10-05,1,,,,,"エーエムコーポレーション",0
1645,7011001095996,12,0,2026-07-14,2026-06-30,"株式会社ＡＩＲ",,301,"東京都","渋谷区","東１丁目４番１号",,13,113,1500011,,,,,,,2015-10-05,1,,,,,"エアー",0
1646,7011001096887,11,0,2026-07-14,2026-06-10,"ＦＤＸ株式会社",,301,"東京都","港区","北青山２丁目７－２０第２猪瀬ビル２Ｆ",,13,103,1070061,,,,,,,2015-10-05,1,,,,,"エフディーエックス",0
1647,7011001126883,12,0,2026-07-14,2026-07-09,"株式会社ｅｐｉｇｒａｍ",,301,"東京都","港区","西麻布２丁目２５番１１号１階",,13,103,1060031,,,,,,,2019-03-12,1,,,,,"エピグラム",0
1648,7011001144786,12,0,2026-07-14,2026-07-03,"株式会社ＪＵＮＫＳ",,301,"東京都","目黒区","下目黒１丁目１番１４号コノトラビル７Ｆ",,13,110,1530064,,,,,,,2021-12-27,1,,,,,"ジャンクス",0
1649,7011001146295,12,0,2026-07-14,2026-07-01,"株式会社それっちゃ",,301,"東京都","渋谷区","神宮前６丁目２３番４号桑野ビル２階",,13,113,1500001,,,,,,,2022-03-15,1,,,,,"ソレッチャ",0
1650,7011001178776,01,0,2026-07-14,2026-07-14,"ＳＵＲＦＩＮ　ＭＥＴＡ　ＤＩＧＩＴＡＬ　ＴＥＣＨＮＯＬＯＧＹ　ＪＡＰＡＮ株式会社",,301,"東京都","渋谷区","神南１丁目１１－４ＦＰＧリンクス神南５階",,13,113,1500041,,,,,,,2026-07-14,1,,,,,"サーフィンメタデジタルテクノロジージャパン",0
1651,7011001179007,01,0,2026-07-14,2026-07-14,"株式会社ＤＯＣＫ",,301,"東京都","渋谷区","道玄坂１丁目１６－６二葉ビル８ｂ",,13,113,1500043,,,,,,,2026-07-14,1,,,,,,0
1652,7011001179080,01,0,2026-07-14,2026-07-14,"株式会社司ホールディングス",,301,"東京都","渋谷区","富ヶ谷１丁目４９番２１－１９０３号",,13,113,1510063,,,,,,,2026-07-14,1,,,,,"ツカサホールディングス",0
1653,7011001179130,01,0,2026-07-14,2026-07-14,"株式会社ａｌ",,301,"東京都","渋谷区","神宮前４丁目２２番９号Ｊ４２２ビルＢ１Ｆ",,13,113,1500001,,,,,,,2026-07-14,1,,,,,"アル",0
1654,7011001179139,01,0,2026-07-14,2026-07-14,"株式会社ＴＭＨ",,301,"東京都","目黒区","中央町１丁目１２番１６号ＫＲビル３階",,13,110,1520001,,,,,,,2026-07-14,1,,,,,"ティーエムエイチ",0
1655,7011003010730,12,0,2026-07-14,2026-06-22,"ドクターズコンサルティング合同会社",,305,"東京都","渋谷区","桜丘町１８番４号二宮ビル１Ｆ－１０６",,13,113,1500031,,,,,,,2020-01-14,1,,,,,"ドクターズコンサルティング",0
1656,7011003024854,01,0,2026-07-14,2026-07-14,"花菖武合同会社",,305,"東京都","渋谷区","広尾１丁目３番１２－４０１号",,13,113,1500012,,,,,,,2026-07-14,1,,,,,"ハナショウブ",0
1657,7011101037171,11,0,2026-07-14,2026-07-02,"Ａｔｏｓ株式会社",,301,"東京都","渋谷区","桜丘町２６番１号セルリアンタワー１５階",,13,113,1500031,,,,,,,2015-10-05,1,,,,,"アトス",0
1658,7011101096622,12,0,2026-07-14,2026-07-03,"株式会社ＤＯＵＢＬＥ",,301,"東京都","新宿区","西新宿６丁目１２－１西新宿パークウエストビル１３階",,13,104,1600023,,,,,,,2021-10-19,1,,,,,"ダブル",0
1659,7011101097793,12,0,2026-07-14,2026-07-10,"和美株式会社",,301,"東京都","中央区","日本橋箱崎町４４－５日本橋ニューシティダイヤモンドパレスＢ棟７０１号",,13,102,1030015,,,,,,,2022-02-14,1,,,,,"カズミ",0
1660,7011101102834,11,0,2026-07-14,2026-07-02,"東京建物調査センター株式会社",,301,"東京都","新宿区","西新宿３丁目３番１３号西新宿水間ビル２階",,13,104,1600023,,,,,,,2023-05-12,1,,,,,"トウキョウタテモノチョウサセンター",0
1661,7011101116628,01,0,2026-07-14,2026-07-14,"青いレモン株式会社",,301,"東京都","新宿区","歌舞伎町１丁目１３－７",,13,104,1600021,,,,,,,2026-07-14,1,,,,,"アオイレモン",0
1662,7011103017411,01,0,2026-07-14,2026-07-14,"合同会社Ｋｅｙ　Ｒｅｌａｙ　Ｘ",,305,"東京都","新宿区","西新宿６丁目５－１新宿アイランドタワー２０Ｆ",,13,104,1600023,,,,,,,2026-07-14,1,,,,,"キーリレーエックス",0
1663,7011103017717,01,0,2026-07-14,2026-07-14,"合同会社ＥＭＩＮＯＷＡ　ＢＡＳＥ",,305,"東京都","新宿区","四谷４丁目８",,13,104,1600004,,,,,,,2026-07-14,1,,,,,"エミノワベース",0
1664,7011201027279,01,0,2026-07-14,2026-07-14,"ユニバーサルグロウ株式会社",,301,"東京都","中野区","南台２丁目１１番２号Ｇｌａｎｐｉａ笹塚２０２",,13,114,1640014,,,,,,,2026-07-14,1,,,,,"ユニバーサルグロウ",0
1665,7011301001712,01,1,2026-07-14,2015-10-05,"株式会社亀屋精肉店",,301,"東京都","杉並区","高円寺南４丁目３番９号",,13,115,1660003,,,,,,,2015-10-05,1,,,,,"カメヤセイニクテン",0
1666,7011305000594,12,0,2026-07-14,2026-07-09,"医療法人社団千紀会",,399,"東京都","杉並区","上荻１丁目１６番１６号喜屋ビル５階",,13,115,1670043,,,,,,,2015-10-05,1,,,,,"センキカイ",0
1667,7011501022855,12,0,2026-07-14,2026-07-09,"グローバルパワーポイント株式会社",,301,"東京都","北区","赤羽１丁目７番９号赤羽第一葉山ビル４Ｆ",,13,117,1150045,,,,,,,2017-07-21,0,,,,,,0
1668,7011501022855,11,0,2026-07-14,2026-07-09,"株式会社インディアート",,301,"東京都","北区","赤羽１丁目７番９号赤羽第一葉山ビル４Ｆ",,13,117,1150045,,,,,,,2017-07-21,1,,,,,"インディアート",0
1669,7011601024529,12,0,2026-07-14,2026-07-08,"株式会社司コーポレーション",,301,"東京都","練馬区","南大泉４丁目４０番７号",,13,120,1780064,,,,,,,2020-10-05,1,,,,,"ツカサコーポレーション",0
1670,7011601029742,01,0,2026-07-14,2026-07-14,"株式会社ＵＮＩＴＥ",,301,"東京都","練馬区","西大泉２丁目２３－３",,13,120,1780065,,,,,,,2026-07-14,1,,,,,"ユナイト",0
1671,7011602002640,01,1,2026-07-14,2015-10-05,"有限会社かどや電気",,302,"東京都","練馬区","東大泉３丁目１７番１３号",,13,120,1780063,,,,,,,2015-10-05,1,,,,,"カドヤデンキ",0
1672,7011603001880,01,1,2026-07-14,2016-07-07,"ラフ合同会社",,305,"東京都","練馬区","高野台１丁目１３番２１－３０２号",,13,120,1770033,,,,,,,2016-07-07,1,,,,,"ラフ",0
1673,7011603005196,01,0,2026-07-14,2026-07-14,"合同会社Ｃｙｇｎｕｓ",,305,"東京都","練馬区","春日町６丁目７番２１号",,13,120,1790074,,,,,,,2026-07-14,1,,,,,"シグナス",0
1674,7011605001680,21,0,2026-07-14,2026-07-07,"ＮＰＯ法人ひなぎく友の会",,399,"東京都","練馬区","大泉学園町２丁目２０番６号",,13,120,1780061,,,2026-07-07,01,,,2015-10-05,1,,,,,"エヌピーオーホウジンヒナギクトモノカイ",0
1675,7011701012945,01,1,2026-07-14,2015-10-05,"アサヒ産業株式会社",,301,"東京都","江戸川区","西小岩３丁目７番１１号",,13,123,1330057,,,,,,,2015-10-05,1,,,,,"アサヒサンギョウ",0
1676,7011701025765,12,0,2026-07-14,2026-07-10,"株式会社ルート",,301,"東京都","葛飾区","鎌倉３丁目３９番１７号清安荘１０３",,13,122,1250053,,,,,,,2022-11-09,1,,,,,"ルート",0
1677,7011702003175,01,1,2026-07-14,2015-10-05,"有限会社貴金属パイプ",,302,"東京都","江戸川区","新堀１丁目３番１０号",,13,123,1320001,,,,,,,2015-10-05,0,,,,,,0
1678,7011702003175,12,1,2026-07-14,2017-10-20,"有限会社貴金属パイプ",,302,"東京都","江戸川区","中央４丁目１９番１２号",,13,123,1320021,,,,,,,2015-10-05,0,,,,,,0
1679,7011702003175,11,1,2026-07-14,2017-10-20,"有限会社ＰＰＭ",,302,"東京都","江戸川区","中央４丁目１９番１２号",,13,123,1320021,,,,,,,2015-10-05,1,,,,,"ピーピーエム",0
1680,7011802025516,12,0,2026-07-14,2026-07-07,"有限会社アイ・ビジョン・トネガワ",,302,"東京都","足立区","花畑１丁目７番１９号横山眼科ビル２階",,13,121,1210061,,,,,,,2015-10-05,1,,,,,"アイビジョントネガワ",0
1681,7012301008086,12,0,2026-07-14,2026-07-10,"株式会社ティーエスシー",,301,"東京都","町田市","森野１丁目１０番２５号",,13,209,1940022,,,,,,,2015-10-05,1,,,,,"ティーエスシー",0
1682,7012302008408,11,0,2026-07-14,2026-07-01,"株式会社クールミスト",,301,"東京都","町田市","広袴町６００番地１",,13,209,1950052,,,,,,,2015-10-05,1,,,,,"クールミスト",0
1683,7012401002294,01,1,2026-07-14,2015-10-05,"株式会社荘厳",,301,"東京都","国分寺市","富士本２丁目１９番地９",,13,214,1850031,,,,,,,2015-10-05,1,,,,,"ソウゲン",0
1684,7012401011782,12,0,2026-07-14,2026-07-01,"株式会社フォルテ",,301,"東京都","武蔵野市","吉祥寺東町１丁目４番１４号",,13,203,1800002,,,,,,,2015-10-05,1,,,,,"フォルテ",0
1685,7012401030386,01,1,2026-07-14,2015-10-05,"株式会社Ｄａｌｙ　Ｃｏｒｐｏｒａｔｉｏｎ",,301,"東京都","府中市","宮西町２丁目２２番地の１",,13,206,1830022,,,,,,,2015-10-05,0,,,,,"ダリコーポレーション",0
1686,7012401030386,12,1,2026-07-14,2016-11-28,"株式会社Ｄａｌｙ　Ｃｏｒｐｏｒａｔｉｏｎ",,301,"東京都","渋谷区","富ヶ谷２丁目１９番６号ヴィーナパーク富ヶ谷５０４号室",,13,113,1510063,,,,,,,2015-10-05,0,,,,,"ダリコーポレーション",0
1687,7012401030386,12,1,2026-07-14,2023-12-04,"株式会社Ｄａｌｙ　Ｃｏｒｐｏｒａｔｉｏｎ",,301,"東京都","渋谷区","神山町５－８ステラハイム神山５０１号室",,13,113,1500047,,,,,,,2015-10-05,1,,,,,"ダリコーポレーション",0
1688,7012701002275,01,1,2026-07-14,2015-10-05,"昭和オート販売株式会社",,301,"東京都","西東京市","南町４丁目２３番１－５０１号",,13,229,1880012,,,,,,,2015-10-05,1,,,,,"ショウワオートハンバイ",0
1689,7012703000715,01,1,2026-07-14,2015-10-05,"合同会社スマイル",,305,"東京都","東久留米市","下里３丁目２３番２６号",,13,222,2030043,,,,,,,2015-10-05,1,,,,,"スマイル",0
1690,7013101005166,01,1,2026-07-14,2015-10-05,"福井電気株式会社",,301,"東京都","福生市","本町８８番地",,13,218,1970022,,,,,,,2015-10-05,1,,,,,"フクイデンキ",0
1691,7013101006973,01,1,2026-07-14,2015-10-05,"株式会社カネマン",,301,"東京都","西多摩郡瑞穂町","むさし野２丁目４６番地２８",,13,303,1901214,,,,,,,2015-10-05,0,,,,,,0
1692,7013101006973,12,1,2026-07-14,2020-07-02,"株式会社カネマン",,301,"東京都","福生市","大字熊川６４９番地３",,13,218,1970003,,,,,,,2015-10-05,0,,,,,,0
1693,7013101006973,11,1,2026-07-14,2020-07-02,"株式会社越後屋",,301,"東京都","福生市","大字熊川６４９番地３",,13,218,1970003,,,,,,,2015-10-05,1,,,,,"エチゴヤ",0
1694,7013102001420,01,1,2026-07-14,2015-10-05,"有限会社ニライハウジング",,302,"東京都","福生市","加美平１丁目１９番６号シャトー古川１０１号",,13,218,1970012,,,,,,,2015-10-05,1,,,,,"ニライハウジング",0
1695,7013301011897,01,1,2026-07-14,2015-10-05,"株式会社ヌワール",,301,"東京都","豊島区","南長崎５丁目１３番１５号",,13,116,1710052,,,,,,,2015-10-05,1,,,,,"ヌワール",0
1696,7013301039245,12,0,2026-07-14,2026-07-09,"株式会社ＢＩＲＩＳ",,301,"東京都","豊島区","南長崎１丁目２１番２号",,13,116,1710052,,,,,,,2016-08-08,1,,,,,"ビリス",0
1697,7013301044724,21,0,2026-07-14,2026-07-09,"株式会社ハルワ",,301,"東京都","豊島区","南大塚３丁目１２番１１号",,13,116,1700005,,,2026-07-09,01,,,2019-11-07,1,,,,,"ハルワ",0
1698,7013301045615,12,0,2026-07-14,2026-07-08,"株式会社クラヴィデザインラボ",,301,"東京都","豊島区","南長崎１丁目１５－１７",,13,116,1710052,,,,,,,2020-05-13,1,,,,,"クラヴィデザインラボ",0
1699,7013301052289,21,0,2026-07-14,2026-07-08,"陳鵬鵬餐飲株式会社",,301,"東京都","豊島区","西巣鴨４丁目２７番７号セントヒルズ巣鴨５０２",,13,116,1700001,,,2026-07-08,01,,,2024-04-01,1,,,,,"チンホウホウサンイン",0
1700,7020001015311,21,0,2026-07-14,2026-07-01,"第一相美株式会社",,301,"神奈川県","横浜市西区","南幸２丁目１番２２号",,14,103,2200005,,,2026-07-01,11,6020001015213,"令和８年７月１日横浜市西区北幸二丁目９番１４号相鉄企業株式会社（6020001015213）に合併し解散",2015-10-05,1,,,,,"ダイイチソウビ",0
1701,7020001107430,12,0,2026-07-14,2026-07-02,"デザイニストラボ株式会社",,301,"神奈川県","川崎市高津区","坂戸３丁目２番１号",,14,134,2130012,,,,,,,2015-10-05,1,,,,,"デザイニストラボ",0
1702,7020001111787,21,0,2026-07-14,2026-07-01,"株式会社ＷＨＥＥＬＥＲＳ",,301,"神奈川県","横浜市旭区","鶴ケ峰１丁目９７番地２サングレイスガーデン鶴ヶ峰１０７号",,14,112,2410022,,,2026-07-01,01,,,2015-10-05,1,,,,,"ホイーラーズ",0
1703,7020001169371,01,0,2026-07-14,2026-07-14,"Ｊａｐａｎ‐Ｂａｎｇｌａ　Ｃｒｏｓｓ株式会社",,301,"神奈川県","横浜市鶴見区","尻手１丁目１番１８－１３０４号",,14,101,2300003,,,,,,,2026-07-14,1,,,,,"ジャパンーバングラクロス",0
1704,7020001169479,01,0,2026-07-14,2026-07-14,"株式会社Ｎ＆Ｋコーポレーション",,301,"神奈川県","横浜市港北区","綱島上町１番地１グリーンサラウンドシティ１番街５０４号",,14,109,2230055,,,,,,,2026-07-14,1,,,,,"エヌアンドケーコーポレーション",0
1705,7020001169487,01,0,2026-07-14,2026-07-14,"ＹＯＫＩＫＡＮＡ株式会社",,301,"神奈川県","横浜市西区","北幸２丁目１０番４８号むつみビル３階",,14,103,2200004,,,,,,,2026-07-14,1,,,,,"ヨキカナ",0
1706,7020001169495,01,0,2026-07-14,2026-07-14,"株式会社未来経済研究室",,301,"神奈川県","横浜市西区","岡野２丁目１１番２６－５１７",,14,103,2200073,,,,,,,2026-07-14,1,,,,,"ミライケイザイケンキュウシツ",0
1707,7020001169512,01,0,2026-07-14,2026-07-14,"株式会社マコト技建",,301,"神奈川県","横浜市神奈川区","桐畑１０番地５レジデンスサエキ４１１号",,14,102,2210832,,,,,,,2026-07-14,1,,,,,"マコトギケン",0
1708,7020001169520,01,0,2026-07-14,2026-07-14,"株式会社Ｔ＆Ｗ",,301,"神奈川県","川崎市高津区","溝口３丁目１１番１７―９０１号",,14,134,2130001,,,,,,,2026-07-14,1,,,,,"ティーアンドダブリュー",0
1709,7020001169529,01,0,2026-07-14,2026-07-14,"株式会社イフユーシャーグ",,301,"神奈川県","川崎市多摩区","南生田２丁目２６番１０号グリューンベルグ生田４０１号室",,14,135,2140036,,,,,,,2026-07-14,1,,,,,"イフユーシャーグ",0
1710,7020002084082,01,1,2026-07-14,2015-10-05,"有限会社津田時計店",,302,"神奈川県","川崎市中原区","井田中ノ町３３番２号",,14,133,2110034,,,,,,,2015-10-05,1,,,,,"ツダトケイテン",0
1711,7020003031166,01,0,2026-07-14,2026-07-14,"シーダーパスセラピー合同会社",,305,"神奈川県","横浜市西区","浅間町１丁目４番３号ウィザードビル４０２",,14,103,2200072,,,,,,,2026-07-14,1,,,,,"シーダーパスセラピー",0
1712,7020003031422,01,0,2026-07-14,2026-07-14,"合同会社ＴＩＧコンサルティング",,305,"神奈川県","川崎市多摩区","中野島４丁目１６番７－１０２号",,14,135,2140012,,,,,,,2026-07-14,1,,,,,"ティーアイジーコンサルティング",0
1713,7020003031430,01,0,2026-07-14,2026-07-14,"合同会社ＴＺＧ",,305,"神奈川県","川崎市多摩区","登戸３０４７番地",,14,135,2140014,,,,,,,2026-07-14,1,,,,,,0
1714,7020005017353,01,0,2026-07-14,2026-07-14,"一般社団法人全日本レディースバレーボール連盟",,399,"神奈川県","横浜市神奈川区","台町１６番１号ソレイユ台町４０３号室",,14,102,2210834,,,,,,,2026-07-14,1,,,,,"ゼンニッポンレディースバレーボールレンメイ",0
1715,7021001088636,01,0,2026-07-14,2026-07-14,"ＹＵＴＡＫＡ株式会社",,301,"神奈川県","三浦郡葉山町","長柄５０５番地",,14,301,2400113,,,,,,,2026-07-14,1,,,,,"ユタカ",0
1716,7021001088644,01,0,2026-07-14,2026-07-14,"株式会社コムズ",,301,"神奈川県","相模原市中央区","緑が丘２丁目３７番１号",,14,152,2520225,,,,,,,2026-07-14,1,,,,,"コムズ",0
1717,7021001088652,01,0,2026-07-14,2026-07-14,"デコードインサイト株式会社",,301,"神奈川県","逗子市","小坪１丁目２４番１３号",,14,208,2490008,,,,,,,2026-07-14,1,,,,,"デコードインサイト",0
1718,7021003017691,01,0,2026-07-14,2026-07-14,"合同会社クイック",,305,"神奈川県","綾瀬市","早川２２１７番地８",,14,218,2521123,,,,,,,2026-07-14,1,,,,,"クイック",0
1719,7030001011714,01,1,2026-07-14,2015-10-05,"株式会社ウエルＡ",,301,"埼玉県","さいたま市大宮区","桜木町３丁目１１６番地４",,11,103,3300854,,,,,,,2015-10-05,1,,,,,,0
1720,7030001056247,12,0,2026-07-14,2026-06-29,"株式会社吉崎製作所",00015037,301,"埼玉県","比企郡川島町","大字北園部１８６番地１",,11,346,3500163,,,,,,,2015-10-05,1,,,,,"ヨシザキセイサクショ",0
1721,7030001058251,01,1,2026-07-14,2015-10-05,"株式会社ヤマゲン",,301,"埼玉県","比企郡川島町","大字下伊草１６３番地１",,11,346,3500157,,,,,,,2015-10-05,1,,,,,"ヤマゲン",0
1722,7030001116892,21,0,2026-07-14,2026-06-26,"新越株式会社",,301,"埼玉県","川口市","南前川１丁目５番１４号",,11,203,3330846,,,2026-06-26,01,,,2016-10-26,1,,,,,"シンコシ",0
1723,7030001136123,12,0,2026-07-14,2026-06-30,"株式会社アックス",,301,"埼玉県","三郷市","幸房５３８番地２",,11,237,3410026,,,,,,,2020-04-16,1,,,,,"アックス",0
1724,7030001164850,12,0,2026-07-14,2026-07-09,"株式会社ＲＯＴＥＣＳ",,301,"神奈川県","横浜市中区","千歳町１番地２横浜ＴＨビル５０３号室",,14,104,2310035,,,,,,,2025-02-14,1,,,,,"ロテックス",0
1725,7030001173307,01,0,2026-07-14,2026-07-14,"株式会社亀井興業",,301,"埼玉県","熊谷市","成沢５１６番地７",,11,202,3600115,,,,,,,2026-07-14,1,,,,,"カメイコウギョウ",0
1726,7030002047419,21,0,2026-07-14,2026-06-30,"有限会社種利商店",,302,"埼玉県","八潮市","大字伊勢野１８０番地２",,11,234,3400821,,,2026-06-30,01,,,2015-10-05,1,,,,,"タネリショウテン",0
1727,7030002083876,12,0,2026-07-14,2026-06-29,"有限会社橋本倉庫",,302,"埼玉県","鴻巣市","鎌塚２丁目８番１６号",,11,217,3690112,,,,,,,2015-10-05,1,,,,,"ハシモトソウコ",0
1728,7030003015457,12,0,2026-07-14,2026-07-10,"石井商事ソーラー１合同会社",,305,"大阪府","東大阪市","中石切町７丁目２番５号",,27,227,5798014,,,,,,,2020-06-30,1,,,,,"イシイショウジソーラーワン",0
1729,7040001085187,01,1,2026-07-14,2015-10-05,"株式会社ケーユーサービス",,301,"千葉県","千葉市稲毛区","園生町７５９番地５",,12,103,2630051,,,,,,,2015-10-05,1,,,,,"ケーユーサービス",0
1730,7040001144513,01,0,2026-07-14,2026-07-14,"株式会社リンク・フュージョン",,301,"千葉県","鎌ケ谷市","東鎌ケ谷２丁目１３番２号",,12,224,2730104,,,,,,,2026-07-14,1,,,,,"リンクフュージョン",0
1731,7040001144521,01,0,2026-07-14,2026-07-14,"株式会社Ｍｉｎｏｒｉ",,301,"千葉県","香取郡多古町","林５２５番４",,12,347,2892233,,,,,,,2026-07-14,1,,,,,"ミノリ",0
1732,7040001144546,01,0,2026-07-14,2026-07-14,"久木株式会社",,301,"千葉県","大網白里市","駒込７８６番地Ｌａｌａｍｉｅ１０３号室",,12,239,2993235,,,,,,,2026-07-14,1,,,,,"ヒサキ",0
1733,7040002021463,01,1,2026-07-14,2015-10-05,"有限会社金光フードセンター",,302,"千葉県","船橋市","駿河台２丁目１５番３９－１０３号",,12,204,2730862,,,,,,,2015-10-05,1,,,,,"カネミツフードセンター",0
1734,7040002021554,01,1,2026-07-14,2015-10-05,"菊栄運輸有限会社",,302,"千葉県","船橋市","前原東５丁目３９番１８号",,12,204,2740824,,,,,,,2015-10-05,1,,,,,"キクエイウンユ",0
1735,7040002041874,21,0,2026-07-14,2026-07-06,"有限会社やまだ",,302,"東京都","江戸川区","清新町１丁目４番７－７０３号",,13,123,1340087,,,2026-07-06,01,,,2015-10-05,1,,,,,"ヤマダ",0
1736,7040003015497,12,0,2026-07-14,2026-07-02,"合同会社吉香",,305,"千葉県","松戸市","松戸１１７６番地の１３",,12,207,2710092,,,,,,,2020-06-09,1,,,,,"キッコウ",0
1737,7040003027377,12,0,2026-07-14,2026-07-01,"合同会社ＳＡＫＡ’ｓ",,305,"千葉県","市川市","東菅野１丁目２０番１３号",,12,203,2720823,,,,,,,2025-04-18,1,,,,,"サカス",0
1738,7040003030372,01,0,2026-07-14,2026-07-14,"合同会社Ｅｎｒｉｃｈ　Ｃｏｌｏｒｓ",,305,"千葉県","船橋市","習志野台３丁目１８番３号",,12,204,2740063,,,,,,,2026-07-14,1,,,,,"エンリッチカラーズ",0
1739,7040003030380,01,0,2026-07-14,2026-07-14,"合同会社ソレイユ",,305,"千葉県","松戸市","樋野口７０１番地",,12,207,2710067,,,,,,,2026-07-14,1,,,,,"ソレイユ",0
1740,7040005022013,01,1,2026-07-14,2023-05-29,"一般社団法人日本麻結",,399,"千葉県","浦安市","猫実２丁目１０番２７－１０２号",,12,227,2790004,,,,,,,2023-05-29,1,,,,,"ニッポンアサムスビ",0
1741,7050001040892,01,1,2026-07-14,2016-04-27,"株式会社関組",,301,"茨城県","東茨城郡茨城町","大字長岡４２９２番地５",,08,302,3113116,,,,,,,2016-04-27,1,,,,,"セキクミ",0
1742,7050001058662,01,0,2026-07-14,2026-07-14,"株式会社うばがい",,301,"茨城県","神栖市","鰐川２５番地２２５",,08,232,3140147,,,,,,,2026-07-14,1,,,,,"ウバガイ",0
1743,7050001058679,01,0,2026-07-14,2026-07-14,"株式会社野中昇康農園",,301,"茨城県","結城郡八千代町","大字新地３７６番地１",,08,521,3003541,,,,,,,2026-07-14,1,,,,,"ノナカショウコウノウエン",0
1744,7060001008105,01,1,2026-07-14,2015-10-05,"株式会社中野屋",,301,"栃木県","那須烏山市","田野倉２０８番地５",,09,215,3210526,,,,,,,2015-10-05,0,,,,,"ナカノヤ",0
1745,7060001008105,12,1,2026-07-14,2016-04-28,"株式会社中野屋",,301,"栃木県","那須烏山市","田野倉１９２番地１",,09,215,3210526,,,,,,,2015-10-05,1,,,,,"ナカノヤ",0
1746,7060001015695,01,1,2026-07-14,2015-10-05,"株式会社スズヒロ保険事務所",,301,"栃木県","小山市","大字羽川１２番地５５",,09,208,3230012,,,,,,,2015-10-05,0,,,,,,0
1747,7060001015695,12,1,2026-07-14,2017-04-13,"株式会社スズヒロ保険事務所",,301,"栃木県","小山市","大字喜沢６９０番地１",,09,208,3230014,,,,,,,2015-10-05,0,,,,,,0
1748,7060001015695,11,1,2026-07-14,2017-04-13,"株式会社すずひろ保険産業",,301,"栃木県","小山市","大字喜沢６９０番地１",,09,208,3230014,,,,,,,2015-10-05,1,,,,,"スズヒロホケンサンギョウ",0
1749,7060001020035,12,0,2026-07-14,2026-07-07,"株式会社特殊発條製作所",,301,"栃木県","足利市","通２丁目７番地９前三ハイツ２０１号室",,09,202,3260814,,,,,,,2015-10-05,1,,,,,"トクシュハツジョウセイサクショ",0
1750,7060001022568,21,0,2026-07-14,2026-07-06,"クローバーホーム株式会社",,301,"栃木県","那須郡那須町","大字漆塚１３３番地１",,09,407,3293221,,,2026-07-06,01,,,2015-10-05,1,,,,,"クローバーホーム",0
1751,7070001040214,12,0,2026-07-14,2026-07-03,"株式会社Ｓｅｉｎａ　Ｃｏｒｐｏｒａｔｉｏｎ",,301,"群馬県","伊勢崎市","羽黒町２８番地２",,10,204,3720844,,,,,,,2023-03-14,1,,,,,"セイナコーポレーション",0
1752,7070002017839,01,1,2026-07-14,2015-10-05,"有限会社宮通エンジニアリング",,302,"群馬県","藤岡市","上大塚１６７８番地２",,10,209,3750054,,,,,,,2015-10-05,1,,,,,"ミヤツウエンジニアリンング",0
1753,7080001015009,01,1,2026-07-14,2015-10-05,"株式会社ＡＳＣＬＥ・Ｍｅｄｉｃｈ",,301,"静岡県","焼津市","石津１２６８番地の１",,22,212,4250041,,,,,,,2015-10-05,0,,,,,"アスクレメディック",0
1754,7080001015009,12,1,2026-07-14,2026-06-17,"株式会社ＡＳＣＬＥ・Ｍｅｄｉｃｈ",,301,"静岡県","焼津市","石津１丁目１９番地の１１",,22,212,4250041,,,,,,,2015-10-05,1,,,,,"アスクレメディック",0
1755,7080001025453,12,0,2026-07-14,2026-07-06,"株式会社ＯＴＯＤＯＫＥ",,301,"静岡県","静岡市清水区","長崎新田１５０番地１ベルテイナバ２０５",,22,103,4240064,,,,,,,2023-02-07,1,,,,,"オトドケ",0
1756,7080001027490,12,0,2026-07-14,2026-07-08,"ＡＩＣＥＲＡ株式会社",,301,"静岡県","静岡市葵区","七間町５－１チサンマンション七間町１０２Ｇ",,22,101,4200035,,,,,,,2026-03-30,1,,,,,"アイセラ",0
1757,7080101012137,12,0,2026-07-14,2026-07-06,"株式会社モチヅキ美装",,301,"静岡県","富士市","国久保２丁目１０番３２号",,22,210,4170071,,,,,,,2015-10-05,1,,,,,"モチヅキビソウ",0
1758,7080401028733,01,0,2026-07-14,2026-07-14,"近代不動産株式会社",,301,"静岡県","浜松市中央区","上島５丁目５番３７号Ｋ－ＯＦＦＩＣＥ１階",,22,138,4338122,,,,,,,2026-07-14,1,,,,,"キンダイフドウサン",0
1759,7080402001516,12,0,2026-07-14,2026-07-01,"有限会社エルハンズ製作",,302,"静岡県","浜松市中央区","入野町９７９１番地の３",,22,138,4328061,,,,,,,2015-10-05,1,,,,,,0
1760,7080403005540,01,0,2026-07-14,2026-07-14,"合同会社癒楽",,305,"静岡県","湖西市","新居町新居６６６番地の１",,22,221,4310302,,,,,,,2026-07-14,1,,,,,"ユラク",0
1761,7090005006036,01,1,2026-07-14,2015-10-05,"公益財団法人粟井英朗環境財団",,399,"山梨県","富士吉田市","上吉田４９６１番地１",,19,202,4030005,,,,,,,2015-10-05,0,,,,,"アワイヒデロウカンキョウザイダン",0
1762,7090005006036,12,1,2026-07-14,2015-12-11,"公益財団法人粟井英朗環境財団",,399,"山梨県","富士吉田市","上吉田５５８７番地の１",,19,202,4030005,,,,,,,2015-10-05,0,,,,,"アワイヒデロウカンキョウザイダン",0
1763,7090005006036,12,1,2026-07-14,2021-11-09,"公益財団法人粟井英朗環境財団",,399,"山梨県","富士吉田市","新屋１丁目８番８５号",,19,202,4030006,,,,,,,2015-10-05,1,,,,,"アワイヒデロウカンキョウザイダン",0
1764,7100002018759,01,1,2026-07-14,2015-10-05,"有限会社山下商事",,302,"長野県","下高井郡山ノ内町","大字夜間瀬２６９５番地１",,20,561,3810405,,,,,,,2015-10-05,1,,,,,"ヤマシタショウジ",0
1765,7100005013369,01,1,2026-07-14,2025-07-07,"一般社団法人日本アニマルウェルフェア協会",,399,"長野県","飯田市","北方１０２３番地１",,20,205,3950151,,,,,,,2025-07-07,1,,,,,"ニホンアニマルウェルフェアキョウカイ",0
1766,7110001005047,12,0,2026-07-14,2026-06-30,"株式会社芳眞",,301,"新潟県","新潟市中央区","雪町２０２７番地３",,15,103,9518058,,,,,,,2015-10-05,0,,,,,"ホォゥシン",0
1767,7110001005047,11,0,2026-07-14,2026-06-30,"株式会社穴山眞治育栄会",,301,"新潟県","新潟市中央区","雪町２０２７番地３",,15,103,9518058,,,,,,,2015-10-05,1,,,,,"アナヤマシンジイクエイカイ",0
1768,7110002017710,01,1,2026-07-14,2015-10-05,"有限会社明和産業",,302,"新潟県","三条市","西大崎９２９番地",,15,204,9550033,,,,,,,2015-10-05,0,,,,,"メイワサンギョウ",0
1769,7110002017710,12,1,2026-07-14,2026-07-01,"有限会社明和産業",,302,"新潟県","三条市","吉田９５番地",,15,204,9550805,,,,,,,2015-10-05,1,,,,,"メイワサンギョウ",0
1770,7110002022669,01,1,2026-07-14,2015-10-05,"有限会社小林機電",,302,"新潟県","上越市","大字三ツ橋新田７４９番地１",,15,222,9420044,,,,,,,2015-10-05,1,,,,,"コバヤシキデン",0
1771,7120001038962,01,1,2026-07-14,2015-10-05,"大同株式会社",,301,"大阪府","大阪市住吉区","東粉浜２丁目５番１１号",,27,120,5580051,,,,,,,2015-10-05,0,,,,,"ダイドウ",0
1772,7120001038962,12,1,2026-07-14,2016-06-08,"大同株式会社",,301,"大阪府","大阪市阿倍野区","帝塚山１丁目２２番４４号",,27,119,5450037,,,,,,,2015-10-05,1,,,,,"ダイドウ",0
1773,7120001146286,01,1,2026-07-14,2015-10-05,"綜合ビルメンテナンス株式会社",,301,"大阪府","東大阪市","上小阪２丁目７番２９号",,27,227,5770806,,,,,,,2015-10-05,1,,,,,"ソウゴウビルメンテナンス",0
1774,7120001161376,01,1,2026-07-14,2015-10-05,"株式会社ＶＯＸ",,301,"大阪府","大阪市西区","北堀江３丁目６番６－６０２号",,27,106,5500014,,,,,,,2015-10-05,0,,,,,"ボックス",0
1775,7120001161376,12,1,2026-07-14,2018-12-27,"株式会社ＶＯＸ",,301,"大阪府","大阪市西区","新町２丁目１９－２０日宝西長堀ビル４階２．３",,27,106,5500013,,,,,,,2015-10-05,0,,,,,"ボックス",0
1776,7120001161376,12,1,2026-07-14,2020-09-01,"株式会社ＶＯＸ",,301,"大阪府","大阪市東住吉区","公園南矢田２丁目３－１８",,27,121,5460024,,,,,,,2015-10-05,1,,,,,"ボックス",0
1777,7120001201009,12,0,2026-07-14,2026-07-09,"株式会社湊",,301,"大阪府","枚方市","西牧野５番１３号",,27,210,5730000,,,,,,,2016-10-05,1,,,,,"ミナト",0
1778,7120001237829,21,0,2026-07-14,2026-07-03,"株式会社アイシェア",,301,"大阪府","大阪市中央区","宗右衛門町４番６号平の家ビル４０３号",,27,128,5420084,,,2026-07-03,01,,,2021-06-01,1,,,,,"アイシェア",0
1779,7120001241277,12,0,2026-07-14,2026-07-09,"株式会社Ｖｉｖｅ",,301,"大阪府","堺市堺区","中安井町１丁４番２４号",,27,141,5900063,,,,,,,2021-10-19,1,,,,,"ヴィヴ",0
1780,7120001243604,12,0,2026-07-14,2026-07-01,"三和新材料株式会社",,301,"愛知県","名古屋市昭和区","広路町字隼人２５－１",,23,107,4660834,,,,,,,2022-02-07,1,,,,,"サンワシンザイリョウ",0
1781,7120001271373,12,0,2026-07-14,2026-07-07,"二丸株式会社",,301,"大阪府","大阪市東住吉区","今林２丁目１番１号１階２号室",,27,121,5460001,,,,,,,2024-12-25,1,,,,,"ニマル",0
1782,7120001287634,01,0,2026-07-14,2026-07-14,"株式会社ＡＵＲＵＭ",,301,"大阪府","大阪市大正区","泉尾１丁目３１番１８号",,27,108,5510031,,,,,,,2026-07-14,1,,,,,"オーラム",0
1783,7120001287758,01,0,2026-07-14,2026-07-14,"株式会社ワンスタイル",,301,"大阪府","大阪市淀川区","東三国１丁目３０番７号",,27,123,5320002,,,,,,,2026-07-14,1,,,,,"ワンスタイル",0
1784,7120001287766,01,0,2026-07-14,2026-07-14,"株式会社ＰＵＡＮ",,301,"大阪府","大阪市淀川区","塚本２丁目３番２０号ダイケンビル６Ｆ",,27,123,5320026,,,,,,,2026-07-14,1,,,,,"プアン",0
1785,7120001287790,01,0,2026-07-14,2026-07-14,"みらいワンエナジー株式会社",,301,"大阪府","大阪市中央区","平野町４丁目７番地５",,27,128,5410046,,,,,,,2026-07-14,1,,,,,"ミライワンエナジー",0
1786,7120001287799,01,0,2026-07-14,2026-07-14,"井上興業株式会社",,301,"大阪府","守口市","大久保町３丁目１番２９号",,27,209,5700012,,,,,,,2026-07-14,1,,,,,"イノウエコウギョウ",0
1787,7120001287808,01,0,2026-07-14,2026-07-14,"株式会社エーエムアールワークス",,301,"大阪府","大阪市北区","大淀中３丁目３番１０号",,27,127,5310076,,,,,,,2026-07-14,1,,,,,"エーエムアールワークス",0
1788,7120001287849,01,0,2026-07-14,2026-07-14,"株式会社恵風満帆",,301,"大阪府","大阪市中央区","大手前１丁目３－５９",,27,128,5400008,,,,,,,2026-07-14,1,,,,,"ケイフウマンパン",0
1789,7120003030018,12,0,2026-07-14,2026-07-03,"合同会社ＫＯＹＡＭＡ　ＢＵＳＩＮＥＳＳ　ＣＯＮＳＵＬＴＩＮＧ",,305,"大阪府","大阪市福島区","鷺洲５丁目９番３号パークサイドＫ’ｓ３０１号",,27,103,5530002,,,,,,,2025-07-16,1,,,,,"コヤマビジネスコンサルティング",0
1790,7120003032831,12,0,2026-07-14,2026-07-03,"合同会社ＯＭＡ",,305,"大阪府","大阪市東住吉区","南田辺３丁目１１番１３号",,27,121,5460033,,,,,,,2026-06-17,1,,,,,"オーエムエー",0
1791,7120003033053,01,0,2026-07-14,2026-07-14,"合同会社ｉ　ｃｏｎｎｅｃｔ",,305,"大阪府","枚方市","長尾家具町２丁目２２１７番地の１０",,27,210,5730102,,,,,,,2026-07-14,1,,,,,"アイコネクト",0
1792,7120003033078,01,0,2026-07-14,2026-07-14,"合同会社Ｋｕｕ",,305,"大阪府","大阪市北区","西天満６丁目３－１９、４Ｆ",,27,127,5300047,,,,,,,2026-07-14,1,,,,,"クウ",0
1793,7120005008664,01,1,2026-07-14,2015-10-05,"野田パークマンション管理組合法人",,399,"大阪府","大阪市福島区","大開３丁目２０番地２野田パークマンション管理組合事務所内",,27,103,5530007,,,,,,,2015-10-05,1,,,,,,0
1794,7120901010979,01,1,2026-07-14,2015-10-05,"三和紙工業株式会社",,301,"大阪府","高槻市","大冠町２丁目１番６号",,27,207,5690031,,,,,,,2015-10-05,1,,,,,,0
1795,7120902010045,12,0,2026-07-14,2026-07-03,"有限会社キタ薬局",,302,"大阪府","高槻市","永楽町３番１２号",,27,207,5690083,,,,,,,2015-10-05,1,,,,,"キタヤッキョク",0
1796,7122001040725,01,0,2026-07-14,2026-07-14,"株式会社アレグリア",,301,"大阪府","八尾市","萱振町１丁目１６番地の１ファミール八尾１３０８号",,27,212,5810834,,,,,,,2026-07-14,1,,,,,"アレグリア",0
1797,7122002017037,01,1,2026-07-14,2015-10-05,"有限会社リバーパイン",,302,"大阪府","八尾市","太田７丁目６６番地の５",,27,212,5810037,,,,,,,2015-10-05,1,,,,,"リバーパイン",0
1798,7130001081540,11,0,2026-07-14,2026-07-08,"株式会社魁力屋",,301,"京都府","京都市中京区","烏丸通錦小路上る手洗水町６７０番地",,26,104,6048152,,,,,,,2026-02-05,1,,,,,"カイリキヤ",0
1799,7130001082687,01,0,2026-07-14,2026-07-14,"株式会社えみらいず",,301,"京都府","亀岡市","荒塚町鍛治ケ嶋１７－１",,26,206,6210851,,,,,,,2026-07-14,1,,,,,"エミライズ",0
1800,7140001082901,01,1,2026-07-14,2015-10-05,"株式会社佐藤企画",,301,"兵庫県","宝塚市","中山五月台５丁目６番１３号",,28,214,6650871,,,,,,,2015-10-05,1,,,,,"サトウキカク",0
1801,7140001102196,01,1,2026-07-14,2016-05-31,"株式会社Ｖｉｌｌａｇｅ　Ｒｉｃｅ　Ｆｉｅｌｄ",,301,"兵庫県","神戸市灘区","徳井町５丁目４番５－１号",,28,102,6570033,,,,,,,2016-05-31,1,,,,,"ヴィレッジライスフィールド",0
1802,7140001131088,21,0,2026-07-14,2026-07-02,"株式会社ＭＤＲツール",,301,"兵庫県","加西市","中野町１１５番地の２",,28,220,6752102,,,2026-07-02,01,,,2023-08-08,1,,,,,"エムディーアールツール",0
1803,7140001143406,01,0,2026-07-14,2026-07-14,"株式会社Ｎｙａｎｄｅｒｆｕｌ　Ｍａｒｋｅｔ",,301,"兵庫県","尼崎市","尾浜町３丁目３０番１４号",,28,202,6610022,,,,,,,2026-07-14,1,,,,,"ニャンダフルマーケット",0
1804,7140001143430,01,0,2026-07-14,2026-07-14,"株式会社ＯＮ　ＴＨＥ　ＲＯＵＴＥ",,301,"兵庫県","神戸市中央区","磯辺通１丁目１番１８号カサベラ国際プラザビル９０７",,28,110,6510084,,,,,,,2026-07-14,1,,,,,"オンザルート",0
1805,7140003009951,12,0,2026-07-14,2026-07-09,"ヘップエスピーブイ１０ジャパン株式会社",,301,"東京都","港区","浜松町２丁目１０番６号",,13,103,1050013,,,,,,,2015-10-05,1,,,,,"ヘップエスピーブイジュウジャパン",0
1806,7140003010067,12,0,2026-07-14,2026-07-09,"ヘップエスピーブイ１１ジャパン株式会社",,301,"東京都","港区","浜松町２丁目１０番６号",,13,103,1050013,,,,,,,2015-10-05,1,,,,,"ヘップエスピーブイジュウイチジャパン",0
1807,7140003018341,12,0,2026-07-14,2026-07-06,"Ｏｎｅ　Ａｎｄ　Ｏｎｌｙ　ＫＯＢＥ合同会社",,305,"兵庫県","神戸市中央区","栄町通５丁目２番２号",,28,110,6500023,,,,,,,2022-11-10,1,,,,,"ワンアンドオンリーコウベ",0
1808,7150001005118,01,1,2026-07-14,2015-10-05,"株式会社ハウジングインテリア",,301,"奈良県","生駒市","新生駒台４番１８号",,29,209,6300242,,,,,,,2015-10-05,1,,,,,"ハウジングインテリア",0
1809,7170005000047,01,1,2026-07-14,2015-10-05,"和歌山県信用農業協同組合連合会",,399,"和歌山県","和歌山市","美園町５丁目１番地の１",,30,201,6408331,,,,,,,2015-10-05,1,,,,,"ワカヤマケンシンヨウ",0
1810,7180001116696,01,1,2026-07-14,2015-10-05,"株式会社８８ＢＲＯＴＨＥＲＳ",,301,"愛知県","名古屋市東区","徳川町８０６番地",,23,102,4610023,,,,,,,2015-10-05,1,,,,,"エイティテイトブラザーズ",0
1811,7180001152171,12,0,2026-07-14,2026-07-06,"株式会社グリットパートナーズ",,301,"愛知県","名古屋市瑞穂区","甲山町２丁目２１番地の１",,23,108,4670824,,,,,,,2022-07-13,1,,,,,"グリットパートナーズ",0
1812,7180001152667,12,0,2026-07-14,2026-07-03,"株式会社ＨＹＲ＆Ｋ",,301,"岐阜県","岐阜市","弥生町３番地２中島ビル１Ｆ",,21,201,5008831,,,,,,,2022-08-18,1,,,,,"エイチワイアールアンドケイ",0
1813,7180001168762,12,0,2026-07-14,2026-07-02,"和ｍｕｓｕｂｉ　Ｍａｉｓｏｎ株式会社",,301,"東京都","渋谷区","東３丁目２２番８号サワダビル恵比寿ライズオフィス１ｓｔ２１号室",,13,113,1500011,,,,,,,2025-10-03,1,,,,,"ワムスビメゾン",0
1814,7180002056149,01,1,2026-07-14,2015-10-05,"有限会社ドーモ",,302,"愛知県","名古屋市中区","栄３丁目１３番１２号",,23,106,4600008,,,,,,,2015-10-05,1,,,,,"ドーモ",0
1815,7180002071809,21,0,2026-07-14,2026-07-02,"有限会社サン・ライフ",,302,"愛知県","瀬戸市","共栄通６丁目４０番地の１",,23,204,4890809,,,2026-07-02,01,,,2015-10-05,1,,,,,"サンライフ",0
1816,7180002083548,21,0,2026-07-14,2026-07-02,"有限会社スズキ印刷",,302,"愛知県","半田市","新居町６丁目１５２番地",,23,205,4750039,,,2026-07-02,01,,,2015-10-05,1,,,,,"スズキインサツ",0
1817,7180003022125,12,0,2026-07-14,2026-06-18,"合同会社ＭＭＦ",,305,"愛知県","名古屋市昭和区","鶴舞２丁目１３ー１８",,23,107,4660064,,,,,,,2021-02-10,1,,,,,"エムエムエフ",0
1818,7180005021612,01,0,2026-07-14,2026-07-14,"一般社団法人あんしん社会デザイン研究所",,399,"愛知県","名古屋市中区","丸の内１丁目１３番１１号",,23,106,4600002,,,,,,,2026-07-14,1,,,,,"アンシンシャカイデザインケンキュウショ",0
1819,7180301015359,21,0,2026-07-14,2026-07-10,"高山軽金属工業株式会社",,301,"愛知県","碧南市","須磨町２番地３",,23,209,4470854,,,2026-07-10,01,,,2015-10-05,1,,,,,,0
1820,7180301041207,01,0,2026-07-14,2026-07-14,"株式会社オールフィット",,301,"愛知県","岡崎市","羽根西新町２番地１６",,23,202,4440839,,,,,,,2026-07-14,1,,,,,"オールフィット",0
1821,7200002016141,01,1,2026-07-14,2015-10-05,"有限会社中央木材",,302,"岐阜県","美濃加茂市","古井町下古井４６８番地",,21,211,5050034,,,,,,,2015-10-05,1,,,,,"チュウオウモクザイ",0
1822,7210002007321,01,1,2026-07-14,2015-10-05,"有限会社シャトー",,302,"福井県","あわら市","春宮１丁目１１番３号",,18,208,9190632,,,,,,,2015-10-05,1,,,,,"シャトー",0
1823,7220001002578,21,0,2026-07-14,2026-07-10,"慶成建設株式会社",,301,"石川県","金沢市","もりの里２丁目９番地１",,17,201,9201167,,,2026-07-10,01,,,2015-10-05,1,,,,,"ケイセイケンセツ",0
1824,7220003002320,12,0,2026-07-14,2026-07-09,"デロイトトーマツｓｍｏｏｔｈ株式会社",,301,"石川県","金沢市","広岡３丁目３番１１号",,17,201,9200031,,,,,,,2017-08-28,1,,,,,"デロイトトーマツスムーズ",0
1825,7220003004325,01,0,2026-07-14,2026-07-14,"合同会社築",,305,"石川県","金沢市","本江町７番１４号",,17,201,9218012,,,,,,,2026-07-14,1,,,,,,0
1826,7230001006124,01,1,2026-07-14,2015-10-05,"マロウ株式会社",,301,"富山県","富山市","西大泉１６番地１",,16,201,9398096,,,,,,,2015-10-05,0,,,,,"マロウ",0
1827,7230001006124,12,1,2026-07-14,2026-07-06,"マロウ株式会社",,301,"富山県","富山市","中市１８番地市営住宅７棟３０１号",,16,201,9398005,,,,,,,2015-10-05,1,,,,,"マロウ",0
1828,7240001037408,12,0,2026-07-14,2026-07-03,"株式会社エコー・システム",,301,"広島県","広島市東区","二葉の里３丁目３番３号ｄ＿ｌｌＨＩＲＯＳＨＩＭＡ６Ｆ",,34,102,7320057,,,,,,,2015-10-05,1,,,,,,0
1829,7240001038034,71,0,2026-07-14,2026-06-30,"株式会社啓文社",,301,"広島県","尾道市","東尾道１０番地２６",,34,205,7220051,,,,,,"令和８年６月３０日広島県尾道市東尾道１０番地２６株式会社啓文社エンタープライズ（6240001038035）を合併",2015-10-05,1,,,,,"ケイブンシャ",0
1830,7240001062538,12,0,2026-07-14,2026-07-03,"日美商事株式会社",,301,"広島県","広島市西区","上天満町４－２０",,34,104,7330021,,,,,,,2023-12-14,1,,,,,"ニチビショウジ",0
1831,7240001066316,11,0,2026-07-14,2026-07-01,"株式会社福永建設工業",,301,"広島県","広島市西区","観音本町１丁目１６番２２号",,34,104,7330033,,,,,,,2026-03-19,1,,,,,"フクナガケンセツコウギョウ",0
1832,7240001066794,01,0,2026-07-14,2026-07-14,"株式会社相馬牧場",,301,"広島県","神石郡神石高原町","油木乙６６７３番地",,34,545,7201812,,,,,,,2026-07-14,1,,,,,"ソウマボクジョウ",0
1833,7240002030576,01,1,2026-07-14,2015-10-05,"有限会社三良坂産業",,302,"広島県","三次市","三良坂町三良坂２５４７番地",,34,209,7294304,,,,,,,2015-10-05,1,,,,,"ミラサカサンギョウ",0
1834,7240002043231,01,1,2026-07-14,2015-10-05,"三島屋木材工業有限会社",,302,"広島県","福山市","今津町２丁目３番２８号",,34,207,7290111,,,,,,,2015-10-05,1,,,,,"ミシマヤモクザイコウギョウ",0
1835,7250003004009,01,0,2026-07-14,2026-07-14,"合同会社ストライク",,305,"山口県","山口市","下市町７番１２号",,35,203,7530058,,,,,,,2026-07-14,1,,,,,"ストライク",0
1836,7260001037307,12,0,2026-07-14,2026-07-08,"株式会社ＮＩＮＴＨ",,301,"岡山県","倉敷市","阿知２丁目１８番７号プレミアム一番館３０３号室",,33,202,7100055,,,,,,,2022-10-05,1,,,,,"ナインス",0
1837,7270001009494,01,0,2026-07-14,2026-07-14,"株式会社スマートラボ",,301,"鳥取県","八頭郡八頭町","下濃２７６番地２",,31,329,6800472,,,,,,,2026-07-14,1,,,,,"スマートラボ",0
1838,7290001062921,01,1,2026-07-14,2015-10-05,"株式会社貴",,301,"福岡県","福岡市西区","十郎川団地１２番１０５号",,40,135,8190024,,,,,,,2015-10-05,0,,,,,"タカ",0
1839,7290001062921,12,1,2026-07-14,2017-04-14,"株式会社貴",,301,"山口県","下関市","一の宮町４丁目１１番１７－Ｂ－１０３号",,35,201,7510806,,,,,,,2015-10-05,0,,,,,"タカ",0
1840,7290001062921,12,1,2026-07-14,2018-08-20,"株式会社貴",,301,"山口県","下関市","前田２丁目１７番１４号",,35,201,7520997,,,,,,,2015-10-05,0,,,,,"タカ",0
1841,7290001062921,12,1,2026-07-14,2022-04-08,"株式会社貴",,301,"山口県","下関市","楠乃３丁目２番１０号",,35,201,7510804,,,,,,,2015-10-05,1,,,,,"タカ",0
1842,7290001114326,12,0,2026-07-14,2026-07-01,"福瑞株式会社",,301,"福岡県","福岡市中央区","天神２丁目３番１０－１１１４号天神パインクレスト",,40,133,8100001,,,,,,,2026-06-02,1,,,,,"フクズイ",0
1843,7290801001599,01,1,2026-07-14,2015-10-05,"安田興産株式会社",,301,"福岡県","北九州市小倉北区","鍛冶町１丁目７番１９号",,40,106,8020004,,,,,,,2015-10-05,1,,,,,,0
1844,7290801032660,01,0,2026-07-14,2026-07-14,"株式会社ＲｅｌａＳｅｅｄ",,301,"福岡県","北九州市八幡東区","川淵町８－２４",,40,108,8050012,,,,,,,2026-07-14,1,,,,,"レラシード",0
1845,7290802013718,01,1,2026-07-14,2015-10-05,"有限会社香月モータース",,302,"福岡県","北九州市八幡西区","池田１丁目３番１５号",,40,109,8071125,,,,,,,2015-10-05,1,,,,,"カツキモータース",0
1846,7290805004680,01,1,2026-07-14,2015-10-05,"宗教法人子安観音寺",,399,"福岡県","遠賀郡岡垣町","大字野間１番地の１２",,40,383,8114233,,,,,,,2015-10-05,1,,,,,"コヤスカンノンジ",0
1847,7290805009829,12,0,2026-07-14,2026-06-22,"一般社団法人ＴＳＵＮＡＧＵ",,399,"福岡県","北九州市小倉北区","魚町１丁目１番９号",,40,106,8020006,,,,,,,2025-05-22,1,,,,,"ツナグ",0
1848,7300005005189,11,0,2026-07-14,2026-07-09,"佐賀県小売酒販組合",,399,"佐賀県","唐津市","旭が丘４番１４号",,41,202,8470823,,,,,,,2015-10-05,1,,,,,"サガケンコウリ",0
1849,7320001021790,01,0,2026-07-14,2026-07-14,"株式会社Ｎｅｘ　ｅｎｇｉ",,301,"大分県","大分市","大字下郡１１３８番地の１",,44,201,8700951,,,,,,,2026-07-14,1,,,,,"ネクスエンジ",0
1850,7330001025642,12,0,2026-07-14,2026-05-11,"株式会社Ａｉｓｌｅ",,301,"熊本県","熊本市中央区","本荘３丁目２番２２号エミュ本荘２０９",,43,101,8600811,,,,,,,2018-08-31,1,,,,,"アイル",0
1851,7330001030650,21,0,2026-07-14,2026-06-15,"株式会社ピザポケット熊本",,301,"東京都","中央区","新川１丁目２８番２５号東京ダイヤビルディング３号館１１階",,13,102,1040033,,,2026-06-15,11,1150001013407,"令和８年５月２３日東京都中央区新川一丁目２８番２５号東京ダイヤビルディング３号館１１階ポケットフーズ株式会社（1150001013407）に合併し解散",2023-03-03,1,,,,,"ピザポケットクマモト",0
1852,7340001014116,12,0,2026-07-14,2026-07-01,"株式会社松下工務店",,301,"鹿児島県","肝属郡錦江町","神川２２８１番地２",,46,490,8932301,,,,,,,2015-10-05,1,,,,,"マツシタコウムテン",0
1853,7350001016400,21,0,2026-07-14,2026-06-30,"株式会社Ｒｉｇｈｔ",,301,"宮崎県","日向市","大字日知屋５５０３番地６",,45,206,8830062,,,2026-06-30,01,,,2020-05-08,1,,,,,"ライト",0
1854,7350002012836,21,0,2026-07-14,2026-07-01,"吉玉工業株式会社",,301,"宮崎県","延岡市","大武町１３８０番地",,45,203,8820024,,,2026-07-01,11,4350002012839,"令和８年７月１日宮崎県延岡市大武町１４０７番地１株式会社吉玉自動車工場（4350002012839）に合併し解散",2015-10-05,1,,,,,"ヨシタマコウギョウ",0
1855,7360001000428,71,0,2026-07-14,2026-06-03,"沖繩ツーリスト株式会社",00101158,301,"沖縄県","那覇市","松尾１丁目２番３号",,47,201,9000014,,,,,,"令和８年６月１日沖縄県那覇市松尾一丁目２番３号沖縄ツーリストホールディングス株式会社（6360001011938）を合併",2015-10-05,1,,,,,"オキナワツーリスト",0
1856,7360001005501,01,1,2026-07-14,2015-10-05,"株式会社沖縄ＴＬＯ",,301,"沖縄県","中頭郡西原町","字千原１番地琉球大学産学官連携推進機構内",,47,329,9030129,,,,,,,2015-10-05,1,,,,,,0
1857,7360001036991,01,0,2026-07-14,2026-07-14,"株式会社くろしま家電リサイクル",,301,"沖縄県","石垣市","字大浜４１５番地１１",,47,207,9070001,,,,,,,2026-07-14,1,,,,,"クロシマカデンリサイクル",0
1858,7370001053961,01,0,2026-07-14,2026-07-14,"株式会社ｅａｓｅ　ｓｔｙｌｅ",,301,"宮城県","東松島市","牛網字駅前一丁目５５番地１",,04,214,9810301,,,,,,,2026-07-14,1,,,,,"イーズスタイル",0
1859,7370001054010,01,0,2026-07-14,2026-07-14,"株式会社ケーケーコンシブ",,301,"宮城県","仙台市太白区","長町南３丁目１番４６－３０９号",,04,104,9820012,,,,,,,2026-07-14,1,,,,,"ケーケーコンシブ",0
1860,7370002000442,21,0,2026-07-14,2026-07-01,"有限会社大村会計事務所",,302,"宮城県","仙台市泉区","北中山３丁目１８番地の１６",,04,105,9813215,,,2026-07-01,01,,,2015-10-05,1,,,,,"オオムラカイケイジムショ",0
1861,7380001023030,21,0,2026-07-14,2026-07-02,"会津アグリ株式会社",,301,"福島県","会津若松市","中央３丁目１０番４０号",,07,202,9650037,,,2026-07-02,01,,,2015-10-05,1,,,,,"アイヅアグリ",0
1862,7380001027097,01,1,2026-07-14,2016-07-11,"株式会社ファゼンダ",,301,"福島県","いわき市","小名浜玉川町南６番地の１０",,07,204,9718127,,,,,,,2016-07-11,1,,,,,"ファゼンダ",0
1863,7390005000487,21,0,2026-07-14,2026-07-10,"公益社団法人山形県スポーツ振興２１世紀協会",,399,"山形県","天童市","山王１番１号",,06,210,9940000,,,2026-07-10,01,,,2015-10-05,1,,,,,"ヤマガタケンスポーツシンコウニジュウイチセイキキョウカイ",0
1864,7400502000715,01,1,2026-07-14,2015-10-05,"有限会社和興建設",,302,"岩手県","一関市","舞川字宿ノ前７番地１",,03,209,0210221,,,,,,,2015-10-05,1,,,,,"ワコウケンセツ",0
1865,7410001013036,12,0,2026-07-14,2026-07-03,"株式会社ファミループ",,301,"秋田県","秋田市","寺内油田３丁目４番２１号",,05,201,0110903,,,,,,,2021-12-13,1,,,,,"ファミループ",0
1866,7410001014042,12,0,2026-07-14,2026-07-01,"株式会社ＴＭＪ松橋設備工業",,301,"秋田県","秋田市","飯島字穀丁大谷地１番地２９",,05,201,0110911,,,,,,,2025-01-24,1,,,,,"ティーエムジェイマツハシセツビコウギョウ",0
1867,7410002000149,21,0,2026-07-14,2026-06-30,"秋臨食品有限会社",,302,"秋田県","秋田市","外旭川字待合２８番地",,05,201,0100802,,,2026-06-30,01,,,2015-10-05,1,,,,,,0
1868,7410002011030,12,0,2026-07-14,2026-07-03,"有限会社テイズ",,302,"秋田県","能代市","万町１２番２４号",,05,202,0160804,,,,,,,2015-10-05,1,,,,,"テイズ",0
1869,7410005001565,21,0,2026-07-14,2026-07-08,"特定非営利活動法人工房こすもすの会",,399,"秋田県","秋田市","濁川字堀尾田１番地１２６号",,05,201,0100821,,,2026-07-08,01,,,2015-10-05,1,,,,,"コウボウコスモスノカイ",0
1870,7430001042000,12,0,2026-07-14,2026-07-07,"株式会社Ｊ－ＷＭＣ",,301,"北海道","札幌市厚別区","厚別中央二条５丁目３番１７号クリオレジダンス新札幌駅前３０１号室",,01,108,0040052,,,,,,,2015-10-05,1,,,,,"ジェイダブリューエムシー",0
1871,7430001097300,01,0,2026-07-14,2026-07-14,"株式会社ｓｏｒａｉｒｏ",,301,"北海道","札幌市白石区","川北二条１丁目１－１０",,01,104,0030852,,,,,,,2026-07-14,1,,,,,"ソライロ",0
1872,7430002004098,01,1,2026-07-14,2015-10-05,"有限会社オクト",,302,"北海道","札幌市中央区","北六条西１５丁目３番地１",,01,101,0600006,,,,,,,2015-10-05,1,,,,,"オクト",0
1873,7430002034467,01,1,2026-07-14,2015-10-05,"有限会社大和物流",,302,"北海道","札幌市白石区","中央三条１丁目１番１３号ファミールミカミＢ－１",,01,104,0030013,,,,,,,2015-10-05,0,,,,,"ダイワブツリュウ",0
1874,7430002034467,12,1,2026-07-14,2018-04-25,"有限会社大和物流",,302,"北海道","登別市","幸町２丁目６番地４",,01,230,0590002,,,,,,,2015-10-05,0,,,,,"ダイワブツリュウ",0
1875,7430002034467,12,1,2026-07-14,2025-05-27,"有限会社大和物流",,301,"北海道","登別市","千歳町１丁目２２番地１",,01,230,0590003,,,,,,,2015-10-05,0,,,,,"ダイワブツリュウ",0
1876,7430002034467,11,1,2026-07-14,2025-05-27,"株式会社大和物流",,301,"北海道","登別市","千歳町１丁目２２番地１",,01,230,0590003,,,,,,,2015-10-05,1,,,,,"ヤマトブツリュウ",0
1877,7430003019178,01,0,2026-07-14,2026-07-14,"合同会社一会",,305,"北海道","札幌市中央区","南四条西２丁目８番７号わたなべビル４階",,01,101,0640804,,,,,,,2026-07-14,1,,,,,"イチエ",0
1878,7440001008644,01,1,2026-07-14,2020-01-23,"株式会社ハコダテミライカモン",,301,"北海道","函館市","末広町９番９号１階",,01,202,0400053,,,,,,,2020-01-23,0,,,,,"ハコダテミライカモン",0
1879,7440001008644,12,1,2026-07-14,2020-09-03,"株式会社ハコダテミライカモン",,301,"北海道","函館市","大手町３番９号２階",,01,202,0400064,,,,,,,2020-01-23,0,,,,,"ハコダテミライカモン",0
1880,7440001008644,12,1,2026-07-14,2022-05-27,"株式会社ハコダテミライカモン",,301,"北海道","函館市","旭町６番１４号",,01,202,0400037,,,,,,,2020-01-23,0,,,,,"ハコダテミライカモン",0
1881,7440001008644,12,1,2026-07-14,2023-12-27,"株式会社ハコダテミライカモン",,301,"北海道","函館市","豊川町１０番６号",,01,202,0400065,,,,,,,2020-01-23,0,,,,,"ハコダテミライカモン",0
1882,7440001008644,21,0,2026-07-14,2026-07-07,"株式会社ハコダテミライカモン",,301,"北海道","函館市","豊川町１０番６号",,01,202,0400065,,,2026-07-07,01,,,2020-01-23,1,,,,,"ハコダテミライカモン",0
1883,7440005001884,01,1,2026-07-14,2015-10-05,"特定非営利活動法人せたな共同作業所ふれんど",,399,"北海道","久遠郡せたな町","瀬棚区本町７２９番地１",,01,371,0494816,,,,,,,2015-10-05,1,,,,,,0
1884,7450002000715,12,0,2026-07-14,2026-07-09,"有限会社市木",,302,"北海道","上川郡東神楽町","北一条西４丁目２番２５号",,01,453,0711511,,,,,,,2015-10-05,1,,,,,"イチモク",0
1885,7470001017700,12,0,2026-07-14,2026-07-09,"ユーディーエヌｅ株式会社",,301,"東京都","北区","西ケ原１丁目１７番９号雅ＧａｒｄｅｎＶｉｅｗ４階",,13,117,1140024,,,,,,,2019-11-01,1,,,,,"ユーディーエヌイー",0
1886,7470005004868,21,0,2026-07-14,2026-06-24,"天理教都省勇分教会",,399,"香川県","小豆郡土庄町","見目甲１４７番１",,37,322,7614143,,,2026-06-24,11,8470005004867,"令和８年６月２４日香川県小豆郡土庄町肥土山甲１３７２番地の３天理教大鐸分教会（8470005004867）に合併し解散",2015-10-05,1,,,,,"テンリキョウミヤコセイユウブンキョウカイ",0
1887,7480002001652,21,0,2026-07-14,2026-07-08,"河野製針有限会社",,302,"徳島県","徳島市","佐古五番町１２番６号",,36,201,7700025,,,2026-07-08,01,,,2015-10-05,1,,,,,"カワノセイシン",0
1888,7480002007906,01,1,2026-07-14,2015-10-05,"立棒工業有限会社",,302,"徳島県","勝浦郡勝浦町","大字三溪字楮谷８番地",,36,301,7714307,,,,,,,2015-10-05,1,,,,,"タツボウコウギョウ",0
1889,7480002011107,01,1,2026-07-14,2015-10-05,"有限会社木内電器商会",,302,"徳島県","板野郡北島町","中村字明神下１０番地",,36,402,7710203,,,,,,,2015-10-05,1,,,,,"キノウチデンキショウカイ",0
1890,7480002016080,01,1,2026-07-14,2015-10-05,"有限会社ケイエス企画",,302,"徳島県","美馬市","脇町字拝原２７７７番地１４",,36,207,7793601,,,,,,,2015-10-05,1,,,,,"ケイエスキカク",0
1891,7480003002451,01,0,2026-07-14,2026-07-14,"合同会社縁",,305,"徳島県","徳島市","安宅２丁目６番５０－３号",,36,201,7700863,,,,,,,2026-07-14,1,,,,,"エン",0
1892,7490001010298,12,0,2026-07-14,2026-07-06,"よつばライフサポート株式会社",,301,"高知県","高知市","若松町３番１４号",,39,201,7810812,,,,,,,2022-10-03,1,,,,,"ヨツバライフサポート",0
1893,7500001024379,12,0,2026-07-14,2026-07-10,"株式会社ＫＯＴＯＨＡ",,301,"愛媛県","松山市","溝辺町５２８番地２",,38,201,7910101,,,,,,,2022-08-04,1,,,,,"コトハ",0
1894,7500002004347,01,1,2026-07-14,2015-10-05,"有限会社玉岡建設",,302,"愛媛県","松山市","和泉南２丁目１番１０号",,38,201,7900941,,,,,,,2015-10-05,1,,,,,"タマオカケンセツ",0
1895,7700150031825,21,0,2026-07-14,2026-03-31,"新旭土地改良区",,499,"滋賀県","高島市","新旭町旭１丁目１０番地１",,25,212,5201501,,,2026-03-31,31,,,2015-10-09,1,,,,,"シンアサヒトチカイリヨウク",0
1896,8010001074035,01,1,2026-07-14,2015-10-05,"株式会社ライズ",,301,"東京都","文京区","音羽１丁目８番３号",,13,105,1120013,,,,,,,2015-10-05,0,,,,,,0
1897,8010001074035,12,1,2026-07-14,2018-12-07,"株式会社ライズ",,301,"東京都","中央区","日本橋茅場町２丁目１６番７号",,13,102,1030025,,,,,,,2015-10-05,0,,,,,,0
1898,8010001074035,12,1,2026-07-14,2021-04-06,"株式会社ライズ",,301,"東京都","文京区","音羽１丁目８番３号",,13,105,1120013,,,,,,,2015-10-05,1,,,,,,0
1899,8010001088209,01,1,2026-07-14,2015-10-05,"株式会社日本證券新聞社",,301,"東京都","中央区","日本橋人形町３丁目３番１３号",,13,102,1030013,,,,,,,2015-10-05,0,,,,,"ニホンショウケンシンブンシャ",0
1900,8010001088209,12,1,2026-07-14,2016-02-04,"株式会社日本證券新聞社",,301,"東京都","中央区","日本橋茅場町２丁目１６番１号",,13,102,1030025,,,,,,,2015-10-05,0,,,,,"ニホンショウケンシンブンシャ",0
1901,8010001088209,71,1,2026-07-14,2019-10-01,"株式会社日本證券新聞社",,301,"東京都","中央区","日本橋茅場町２丁目１６番１号",,13,102,1030025,,,,,,"令和１年１０月１日東京都中央区日本橋茅場町二丁目１６番１号株式会社日本證券新聞リサーチ（4010401114476）を合併",2015-10-05,0,,,,,"ニホンショウケンシンブンシャ",0
1902,8010001088209,12,1,2026-07-14,2023-10-18,"株式会社日本證券新聞社",,301,"東京都","中央区","新川２丁目５番２号",,13,102,1040033,,,,,,,2015-10-05,0,,,,,"ニホンショウケンシンブンシャ",0
1903,8010001088209,71,1,2026-07-14,2024-05-10,"株式会社日本證券新聞社",,301,"東京都","中央区","新川２丁目５番２号",,13,102,1040033,,,,,,"令和６年５月１日東京都中央区新川二丁目５番２号株式会社トレーデクス（3010001142671）を合併",2015-10-05,1,,,,,"ニホンショウケンシンブンシャ",0
1904,8010001121695,12,0,2026-07-14,2026-07-06,"株式会社ＫＥＮパートナーズ",,301,"東京都","江東区","森下４丁目９ゴールドクレスト菊川ビル",,13,108,1350004,,,,,,,2015-10-05,1,,,,,"ケンパートナーズ",0
1905,8010001133947,01,1,2026-07-14,2015-10-05,"株式会社バリューアップ・コンサルティング",,301,"東京都","中央区","銀座２丁目１４番２０号池田ビル２階",,13,102,1040061,,,,,,,2015-10-05,0,,,,,"バリューアップコンサルティング",0
1906,8010001133947,12,1,2026-07-14,2017-03-03,"株式会社バリューアップ・コンサルティング",,301,"東京都","調布市","若葉町２丁目１１番地１パークスクエア武蔵野３０３",,13,208,1820003,,,,,,,2015-10-05,1,,,,,"バリューアップコンサルティング",0
1907,8010001171922,01,1,2026-07-14,2015-11-25,"Ｎｅｕｓｃｈｌｏｓｓ株式会社",,301,"東京都","千代田区","神田神保町１丁目１１番地さくら綜合事務所内",,13,101,1010051,,,,,,,2015-11-25,1,,,,,"ノイシュロス",0
1908,8010001207742,12,0,2026-07-14,2026-06-11,"さなえ株式会社",,301,"東京都","中央区","日本橋室町１丁目１１番地１２号日本橋水野ビル７階",,13,102,1030022,,,,,,,2020-02-25,1,,,,,"サナエ",0
1909,8010001229893,12,0,2026-07-14,2026-06-17,"株式会社ＳＹコネクト",,301,"東京都","中央区","日本橋富沢町７－１３Ｒ．ｃｏｒｅ日本橋人形町ビル９Ｆ",,13,102,1030006,,,,,,,2022-10-07,1,,,,,"エスワイコネクト",0
1910,8010001260196,71,0,2026-07-14,2026-07-01,"榊原株式会社",,301,"東京都","千代田区","大手町１丁目９番２号",,13,101,1000004,,,,,,"令和８年７月１日名古屋市中区平和一丁目１６番１４号榊原株式会社（2180001008329）を合併",2025-11-11,1,,,,,"サカキバラ",0
1911,8010001265328,12,0,2026-07-14,2026-07-10,"ＪＰＡ第４１３号株式会社",,301,"東京都","港区","赤坂１丁目８番１号",,13,103,1070052,,,,,,,2026-05-15,1,,,,,"ジェイピーエーダイヨンヒャクジュウサンゴウ",0
1912,8010001266219,01,0,2026-07-14,2026-07-14,"ＫＯＺＯＲＡ　Ｓｐｉｒｉｔｓ株式会社",,301,"東京都","中央区","銀座１丁目１２番４号Ｎ＆ＥＢＬＤ．６Ｆ",,13,102,1040061,,,,,,,2026-07-14,1,,,,,"コゾラスピリッツ",0
1913,8010001267150,01,0,2026-07-14,2026-07-14,"株式会社ＨＡＬＬＩＳ",,301,"東京都","中央区","八重洲１丁目５番１５号荘栄建物ビル５階",,13,102,1030028,,,,,,,2026-07-14,1,,,,,"ハリス",0
1914,8010001267175,01,0,2026-07-14,2026-07-14,"株式会社福寿イノベーション",,301,"東京都","中央区","晴海５丁目５番７号晴海フラッグサンビレッジＴ棟３３１０号",,13,102,1040053,,,,,,,2026-07-14,1,,,,,"フクジュイノベーション",0
1915,8010005040966,21,0,2026-07-14,2026-07-02,"サンライズ４一般社団法人",,399,"東京都","中央区","日本橋１丁目４番１号",,13,102,1030027,,,2026-07-02,01,,,2025-11-19,1,,,,,"サンライズフォー",0
1916,8010401082455,12,0,2026-07-14,2026-07-09,"株式会社ぐんぐん",,301,"東京都","港区","西新橋１丁目２２番１号須田ビル別館３階",,13,103,1050003,,,,,,,2015-10-05,1,,,,,"グングン",0
1917,8010401179796,21,0,2026-07-14,2026-07-01,"ＳＫＳ株式会社",,301,"東京都","大田区","東糀谷５丁目５番８号",,13,111,1440033,,,2026-07-01,11,4010801006059,"令和８年７月１日東京都大田区東糀谷五丁目５番８号株式会社セイコー社（4010801006059）に合併し解散",2024-01-18,1,,,,,"エスケーエス",0
1918,8010401200157,01,0,2026-07-14,2026-07-14,"Ｃｈｒｏｎｏｓｔａｓｉｓ株式会社",,301,"東京都","港区","南麻布４丁目１１番１７号インペリアル南麻布サテライト５０１",,13,103,1060047,,,,,,,2026-07-14,1,,,,,"クロノスタシス",0
1919,8010501033440,12,0,2026-07-14,2026-07-01,"株式会社ｅｖｏｌ　ｂｌｏｏｍｓ",,301,"東京都","渋谷区","鉢山町５番９号ドルチェ鉢山１０１",,13,113,1500035,,,,,,,2015-10-05,1,,,,,"イーボルブルームス",0
1920,8010501056144,01,0,2026-07-14,2026-07-14,"万星龍ホールディングス株式会社",,301,"東京都","台東区","上野２丁目１２－９－２Ｆ",,13,106,1100005,,,,,,,2026-07-14,1,,,,,"マゼロンホールディングス",0
1921,8010601056705,12,0,2026-07-14,2026-07-01,"株式会社ベストプラクティス清澄白河",,301,"東京都","墨田区","緑１丁目７番８－８０２号",,13,107,1300021,,,,,,,2020-01-10,1,,,,,"ベストプラクティスキヨスミシラカワ",0
1922,8010701018687,01,1,2026-07-14,2015-10-05,"エス・ケイ・インベスト株式会社",,301,"東京都","品川区","東五反田４丁目１番２７－２－３１４号",,13,109,1410022,,,,,,,2015-10-05,0,,,,,"エスケイインベスト",0
1923,8010701018687,12,1,2026-07-14,2015-10-16,"エス・ケイ・インベスト株式会社",,301,"東京都","品川区","北品川１丁目９番７－１０１５号",,13,109,1400001,,,,,,,2015-10-05,1,,,,,"エスケイインベスト",0
1924,8010801027753,12,0,2026-07-14,2026-07-07,"株式会社ＪＡＮＤＯ",,301,"東京都","大田区","千鳥２丁目７番１号１Ｆ",,13,111,1460083,,,,,,,2017-05-11,1,,,,,"ジャンドウ",0
1925,8010803005096,12,0,2026-07-14,2026-07-09,"ＦＵＡＮ株式会社",,301,"東京都","港区","芝１丁目１１番１６号ニチリンビル７階",,13,103,1050014,,,,,,,2024-09-11,1,,,,,"ファン",0
1926,8010803005501,12,0,2026-07-14,2026-07-10,"合同会社ロンズ",,305,"東京都","品川区","東五反田２丁目３番２号ＩＭ五反田ビル７Ｆ",,13,109,1410022,,,,,,,2025-08-12,1,,,,,"ロンズ",0
1927,8010901004933,01,1,2026-07-14,2015-10-05,"サリックコンサルティング株式会社",,301,"東京都","世田谷区","松原４丁目２９番１３号",,13,112,1560043,,,,,,,2015-10-05,1,,,,,"サリックコンサルティング",0
1928,8010901055571,12,0,2026-07-14,2026-07-01,"光リフォーム株式会社",,301,"東京都","世田谷区","経堂５丁目２３番１５号",,13,112,1560052,,,,,,,2024-07-04,1,,,,,"ヒカリリフォーム",0
1929,8010901059903,01,0,2026-07-14,2026-07-14,"辰一商事株式会社",,301,"東京都","世田谷区","祖師谷１丁目１０番１０号エテルノ祖師谷３０１",,13,112,1570072,,,,,,,2026-07-14,1,,,,,"シンイチショウジ",0
1930,8010902011945,01,1,2026-07-14,2015-10-05,"有限会社パストラル",,302,"東京都","世田谷区","玉堤１丁目１５番２９－２０９号",,13,112,1580087,,,,,,,2015-10-05,0,,,,,"パストラル",0
1931,8010902011945,12,1,2026-07-14,2026-06-30,"有限会社パストラル",,302,"東京都","世田谷区","太子堂４丁目１８番１５号マガザン三軒茶屋２・３Ｆ－３",,13,112,1540004,,,,,,,2015-10-05,1,,,,,"パストラル",0
1932,8010902015120,01,1,2026-07-14,2015-10-05,"有限会社メイフー",,302,"東京都","世田谷区","玉川台２丁目９番７号",,13,112,1580096,,,,,,,2015-10-05,1,,,,,"メイフー",0
1933,8010903011003,01,0,2026-07-14,2026-07-14,"ＡｒｋＡｎｄ合同会社",,305,"東京都","世田谷区","太子堂４丁目１８番１５号マガザン三軒茶屋２－３Ｆ－３",,13,112,1540004,,,,,,,2026-07-14,1,,,,,"アークアンド",0
1934,8010903011011,01,0,2026-07-14,2026-07-14,"ＥＸＣＥＬＬＥＮＴ　ＣＵＬＴＵＲＥ合同会社",,305,"東京都","世田谷区","下馬５丁目１９番７号",,13,112,1540002,,,,,,,2026-07-14,1,,,,,"エクセレントカルチャー",0
1935,8011001022603,01,1,2026-07-14,2015-10-05,"美澤不動産株式会社",,301,"東京都","渋谷区","千駄ヶ谷５丁目２１番５号",,13,113,1510051,,,,,,,2015-10-05,1,,,,,"ミワサフドウサン",0
1936,8011001040002,01,1,2026-07-14,2015-10-05,"株式会社松濤投資倶楽部",,301,"東京都","渋谷区","神山町２０番４６号",,13,113,1500047,,,,,,,2015-10-05,1,,,,,"ショウトウトウシクラブ",0
1937,8011001047410,01,1,2026-07-14,2015-10-05,"株式会社ユナイテッドラウンジ",,301,"東京都","渋谷区","渋谷２丁目１番５号青山第一田中ビル４階",,13,113,1500002,,,,,,,2015-10-05,0,,,,,"ユナイテッドラウンジ",0
1938,8011001047410,71,1,2026-07-14,2016-07-01,"株式会社ユナイテッドラウンジ",,301,"東京都","渋谷区","渋谷２丁目１番５号青山第一田中ビル４階",,13,113,1500002,,,,,,"平成２８年７月１日東京都渋谷区渋谷二丁目１番５号青山第一田中ビル４階株式会社ＳＰＡＣＥ（4011001057306）を合併",2015-10-05,1,,,,,"ユナイテッドラウンジ",0
1939,8011001138829,11,0,2026-07-14,2026-07-10,"株式会社ＪＡＤＥ",,301,"東京都","渋谷区","代々木３丁目５番７号",,13,113,1510053,,,,,,,2021-02-26,1,,,,,"ジェイド",0
1940,8011001179105,01,0,2026-07-14,2026-07-14,"Ｍａｉｎｆｏ　Ｃａｐｉｔａｌ株式会社",,301,"東京都","渋谷区","道玄坂１丁目１０番８号渋谷道玄坂東急ビル２Ｆ",,13,113,1500043,,,,,,,2026-07-14,1,,,,,"マイフォキャピタル",0
1941,8011001179138,01,0,2026-07-14,2026-07-14,"株式会社ＰＩＨＡＣＡ",,301,"東京都","渋谷区","道玄坂１丁目１０番８号渋谷道玄坂東急ビル２Ｆ－Ｃ",,13,113,1500043,,,,,,,2026-07-14,1,,,,,"ピハカ",0
1942,8011001179237,01,0,2026-07-14,2026-07-14,"株式会社ＳＵＭＭＥＲＥＹＥ",,301,"東京都","渋谷区","恵比寿西２丁目４番８号ウィンド恵比寿ビル８Ｆ",,13,113,1500021,,,,,,,2026-07-14,1,,,,,"サマーアイ",0
1943,8011002011646,21,0,2026-07-14,2026-07-01,"有限会社セレスト",,302,"東京都","渋谷区","神宮前３丁目３３番１７号",,13,113,1500001,,,2026-07-01,01,,,2015-10-05,1,,,,,"セレスト",0
1944,8011101100011,12,0,2026-07-14,2026-06-16,"株式会社ＬＡＮＤＳ",,301,"東京都","新宿区","北新宿１丁目２４－１１－５０７５",,13,104,1690074,,,,,,,2022-08-29,1,,,,,"ランズ",0
1945,8011101116734,01,0,2026-07-14,2026-07-14,"株式会社ｎｉｂ",,301,"東京都","新宿区","原町１丁目１０番地",,13,104,1620053,,,,,,,2026-07-14,1,,,,,"ニブ",0
1946,8011103017773,01,0,2026-07-14,2026-07-14,"プラスマールデザイン合同会社",,305,"東京都","新宿区","神楽坂６丁目８文悠ビルＢ１Ｆ",,13,104,1620825,,,,,,,2026-07-14,1,,,,,"プラスマールデザイン",0
1947,8011201025026,12,0,2026-07-14,2026-07-06,"株式会社センターグラス",,301,"東京都","豊島区","東池袋１丁目３４－５いちご東池袋ビル６階",,13,116,1700013,,,,,,,2023-11-08,1,,,,,"センターグラス",0
1948,8011301021841,01,1,2026-07-14,2015-12-09,"株式会社Ｓｔａｎｄｂｙ",,301,"東京都","杉並区","下高井戸４丁目３番１号",,13,115,1680073,,,,,,,2015-12-09,1,,,,,"スタンドバイ",0
1949,8011301029208,12,0,2026-07-14,2026-07-10,"株式会社Ｍｉｌｅｎｉｎｅ",,301,"東京都","杉並区","下高井戸４丁目３５－１０Ｓ／ＣＯＲＲＩＤＯＲＢ－１－２",,13,115,1680073,,,,,,,2023-11-29,1,,,,,"マイルナイン",0
1950,8011402007715,12,0,2026-07-14,2026-07-10,"株式会社福屋",,301,"東京都","板橋区","大山東町５８番１号",,13,119,1730014,,,,,,,2015-10-05,1,,,,,"フクヤ",0
1951,8011501001759,01,1,2026-07-14,2015-10-05,"株式会社作新商事",,301,"東京都","北区","豊島３丁目７番２０号",,13,117,1140003,,,,,,,2015-10-05,1,,,,,"サクシンショウジ",0
1952,8011502009264,01,1,2026-07-14,2015-10-05,"有限会社須長米店",,302,"東京都","荒川区","西日暮里１丁目３３番４号",,13,118,1160013,,,,,,,2015-10-05,1,,,,,"スナガコメテン",0
1953,8011503005452,12,0,2026-07-14,2026-07-03,"ｋｉｈｉ合同会社",,305,"東京都","渋谷区","道玄坂２丁目２０－２６エクシール道玄坂５０７号室",,13,113,1500043,,,,,,,2023-02-06,1,,,,,"キヒ",0
1954,8011801012035,21,0,2026-07-14,2026-07-07,"松崎電機株式会社",,301,"東京都","足立区","東綾瀬２丁目１３番５－３０９号",,13,121,1200004,,,2026-07-07,01,,,2015-10-05,1,,,,,"マツザキデンキ",0
1955,8011801044771,12,0,2026-07-14,2026-07-09,"天楽行株式会社",,301,"東京都","江東区","亀戸３丁目４５番７号－１Ｆ",,13,108,1360071,,,,,,,2024-08-30,1,,,,,"テンラクコウ",0
1956,8012301007822,21,0,2026-07-14,2026-07-10,"株式会社ＴＥＲＡＤＡ．ＬＥＮＯＮ",,301,"東京都","町田市","南町田５丁目２番２号",,13,209,1940005,,,2026-07-10,01,,,2015-10-05,1,,,,,"テラダレノン",0
1957,8012401007961,01,1,2026-07-14,2015-10-05,"炭屋橋本建設株式会社",,301,"東京都","調布市","入間町１丁目３９番３５",,13,208,1820004,,,,,,,2015-10-05,1,,,,,"スミヤハシモトケンセツ",0
1958,8012401033644,21,0,2026-07-14,2026-07-01,"株式会社ケージーエス",,301,"東京都","稲城市","百村１６３０－２０２",,13,225,2060804,,,2026-07-01,01,,,2018-02-14,1,,,,,"ケージーエス",0
1959,8012401044666,01,0,2026-07-14,2026-07-14,"株式会社ＴＯＭＩＮＡＳ",,301,"東京都","調布市","深大寺北町１丁目２２番地３",,13,208,1820011,,,,,,,2026-07-14,1,,,,,"トミナス",0
1960,8012403007860,01,0,2026-07-14,2026-07-14,"合同会社エクイベル",,305,"東京都","調布市","多摩川３丁目３８番地２７",,13,208,1820025,,,,,,,2026-07-14,1,,,,,"エクイベル",0
1961,8012801021298,12,0,2026-07-14,2026-03-26,"株式会社ｈａｃｈｉ",,301,"東京都","国分寺市","本町２丁目２番１２号コムロビル１Ｆ博多ガタクタ屋台",,13,214,1850012,,,,,,,2021-12-28,1,,,,,"ハチ",0
1962,8020001042552,01,1,2026-07-14,2015-10-05,"株式会社エム・アール・コーポレーション",,301,"神奈川県","横浜市港北区","新羽町４５９１番地１",,14,109,2230057,,,,,,,2015-10-05,1,,,,,"エムアールコーポレーション",0
1963,8020001099808,12,0,2026-07-14,2026-07-01,"株式会社ネクサス",,301,"神奈川県","横浜市西区","北幸２丁目６番１号ＯＮＥＳＴ横浜西口ビル７階",,14,103,2200004,,,,,,,2015-10-05,1,,,,,"ネクサス",0
1964,8020001106588,01,1,2026-07-14,2015-10-05,"株式会社北川商事",,301,"神奈川県","横浜市港北区","篠原東１丁目４番２９号",,14,109,2220022,,,,,,,2015-10-05,1,,,,,"キタガワショウジ",0
1965,8020001159223,12,0,2026-07-14,2026-07-09,"株式会社ＢＥＬＬＶＩＬＬＡＧＥ",,301,"神奈川県","横浜市緑区","青砥町２６５番地１",,14,113,2260022,,,,,,,2024-09-24,0,,,,,"ベルヴィレッジ",0
1966,8020001159223,11,0,2026-07-14,2026-07-09,"株式会社東神ハウジング",,301,"神奈川県","横浜市緑区","青砥町２６５番地１",,14,113,2260022,,,,,,,2024-09-24,1,,,,,"トウシンハウジング",0
1967,8020001168744,01,1,2026-07-14,2026-05-26,"株式会社ＶＥＲＴＥＸ",,301,"神奈川県","横浜市保土ケ谷区","新井町１４番地２５",,14,106,2400053,,,,,,,2026-05-26,1,,,,,"バーテックス",0
1968,8020001169486,01,0,2026-07-14,2026-07-14,"株式会社ＢｕｚｚＣｒｅａｔｅ",,301,"神奈川県","横浜市神奈川区","金港町５番１４号クアドリフォリオ８階",,14,102,2210056,,,,,,,2026-07-14,1,,,,,"バズクリエイト",0
1969,8020003031405,01,0,2026-07-14,2026-07-14,"ジュンタイコンテナ合同会社",,305,"神奈川県","横浜市中区","桜木町１丁目１番地７",,14,104,2310062,,,,,,,2026-07-14,1,,,,,"ジュンタイコンテナ",0
1970,8020003031413,01,0,2026-07-14,2026-07-14,"Ｔｈｅ４７Ｂａｓｅ合同会社",,305,"神奈川県","川崎市中原区","小杉町３丁目１５０１番地２－４３０２号",,14,133,2110063,,,,,,,2026-07-14,1,,,,,"ザヨンナナベース",0
1971,8020003031438,01,0,2026-07-14,2026-07-14,"ＶＥＲＴＥＸ　ＴＲＡＤＩＮＧ合同会社",,305,"神奈川県","横浜市中区","本牧大里町３番３４号",,14,104,2310823,,,,,,,2026-07-14,1,,,,,"バーテックストレーディング",0
1972,8020003031454,01,0,2026-07-14,2026-07-14,"ＴａｂｌｅＣｏｍｍｕｎｉｃａｔｉｏｎＷｏｒｋｓ合同会社",,305,"神奈川県","横浜市港南区","大久保２丁目７番１号ライオンズマンション上大岡第１１－１０９",,14,111,2330007,,,,,,,2026-07-14,1,,,,,"テーブルコミュニケーションワークス",0
1973,8021001001300,21,0,2026-07-14,2026-06-19,"大藤産業株式会社",,301,"神奈川県","藤沢市","西俣野９２４番地",,14,205,2520812,,,2026-06-19,01,,,2015-10-05,1,,,,,,0
1974,8021001088635,01,0,2026-07-14,2026-07-14,"株式会社レボルティオ",,301,"神奈川県","座間市","西栗原２丁目１３番３３－１０３号",,14,216,2520016,,,,,,,2026-07-14,1,,,,,"レボルティオ",0
1975,8021001088643,01,0,2026-07-14,2026-07-14,"株式会社Ｑｕｅｓｔ　Ｃａｓｔ",,301,"神奈川県","相模原市緑区","橋本台１丁目３３番２号サンクレイドル橋本４０２号",,14,151,2520132,,,,,,,2026-07-14,1,,,,,"クエストキャスト",0
1976,8021001088651,01,0,2026-07-14,2026-07-14,"草川アセット株式会社",,301,"神奈川県","藤沢市","鵠沼海岸１丁目１０番１－３０３号",,14,205,2510037,,,,,,,2026-07-14,1,,,,,"クサカワアセット",0
1977,8021001088668,01,0,2026-07-14,2026-07-14,"株式会社山雄",,301,"神奈川県","足柄下郡箱根町","湯本茶屋９０番地１",,14,382,2500312,,,,,,,2026-07-14,1,,,,,"ヤマユウ",0
1978,8021003017724,01,0,2026-07-14,2026-07-14,"合同会社ひだまりサポート",,305,"神奈川県","大和市","上和田６１３―４",,14,213,2420014,,,,,,,2026-07-14,1,,,,,"ヒダマリサポート",0
1979,8021005005033,01,1,2026-07-14,2015-10-05,"社会福祉法人ケアネット",,399,"神奈川県","海老名市","河原口字相澤１３８３番地",,14,215,2430433,,,,,,,2015-10-05,0,,,,,,0
1980,8021005005033,12,1,2026-07-14,2024-09-30,"社会福祉法人ケアネット",,399,"神奈川県","海老名市","中央４丁目１５番１号",,14,215,2430432,,,,,,,2015-10-05,1,,,,,,0
1981,8030001021456,21,0,2026-07-14,2026-06-30,"株式会社東日本基礎工業",,301,"埼玉県","戸田市","美女木１丁目１５番９号",,11,224,3350031,,,2026-06-30,01,,,2015-10-05,1,,,,,"ヒガシニホンキソコウギョウ",0
1982,8030001041173,01,1,2026-07-14,2015-10-05,"株式会社今川工務店",,301,"埼玉県","上尾市","大字上１７６６番地２",,11,219,3620001,,,,,,,2015-10-05,1,,,,,"イマガワコウムテン",0
1983,8030001136709,12,0,2026-07-14,2026-06-29,"株式会社ｋ　ｓｔｙｌｅ",,301,"埼玉県","川越市","大字平塚３５番地",,11,201,3500814,,,,,,,2020-06-04,1,,,,,"ケイスタイル",0
1984,8030001154520,12,0,2026-07-14,2026-06-30,"株式会社ＲＯＧＥＮ",,301,"埼玉県","上尾市","大字原市３８４１番地",,11,219,3620021,,,,,,,2023-06-21,1,,,,,"ローゲン",0
1985,8030002017800,21,0,2026-07-14,2026-07-07,"有限会社クルーン物産",,302,"埼玉県","さいたま市浦和区","常盤４丁目３番１１号５０３",,11,107,3300061,,,2026-07-07,01,,,2015-10-05,1,,,,,,0
1986,8030002115199,01,1,2026-07-14,2015-10-05,"有限会社ケイ企画",,302,"埼玉県","大里郡寄居町","大字保田原４４９番地３",,11,408,3691221,,,,,,,2015-10-05,1,,,,,"ケイキカク",0
1987,8030002116511,21,0,2026-07-14,2026-06-30,"有限会社大沢畜産",,302,"埼玉県","深谷市","折之口３６１番地１",,11,218,3660812,,,2026-06-30,01,,,2015-10-05,1,,,,,"オオサワチクサン",0
1988,8030002125776,21,0,2026-07-14,2026-06-30,"有限会社岡野木工所",,302,"埼玉県","比企郡ときがわ町","大字桃木３２１番地の３",,11,349,3550361,,,2026-06-30,01,,,2026-04-02,1,,,,,"オカノモッコウジョ",0
1989,8040001036362,01,1,2026-07-14,2015-10-05,"富屋株式会社",,301,"千葉県","松戸市","五香南２丁目２７番地の１４",,12,207,2702212,,,,,,,2015-10-05,1,,,,,"トミヤ",0
1990,8040001052046,01,1,2026-07-14,2015-10-05,"株式会社政印山金水産",,301,"千葉県","富津市","大堀１８１７番地の４",,12,226,2930001,,,,,,,2015-10-05,1,,,,,"マサジルシヤマキンスイサン",0
1991,8040001065758,01,1,2026-07-14,2015-10-05,"株式会社商業計画研究所",,301,"千葉県","柏市","北柏３丁目７番２",,12,217,2770832,,,,,,,2015-10-05,1,,,,,"ショウギョウケイカクケンキュウジョ",0
1992,8040001087570,01,1,2026-07-14,2015-10-05,"翔建設株式会社",,301,"千葉県","千葉市花見川区","作新台５丁目５番１０号",,12,102,2620045,,,,,,,2015-10-05,1,,,,,"ショウケンセツ",0
1993,8040001096142,21,0,2026-07-14,2026-06-25,"株式会社ＴＨ",,301,"千葉県","千葉市緑区","おゆみ野３丁目３５番地４サンクレストおゆみ野５０４号",,12,105,2660031,,,2026-06-25,01,,,2016-07-19,1,,,,,"ティーエイチ",0
1994,8040001144470,01,0,2026-07-14,2026-07-14,"株式会社ナブラフォース",,301,"千葉県","浦安市","弁天４丁目１４番３号",,12,227,2790026,,,,,,,2026-07-14,1,,,,,"ナブラフォース",0
1995,8040001144479,01,0,2026-07-14,2026-07-14,"株式会社Ｌｏｄｅｓｔａｒ　Ｅｎｅｒｇｙ",,301,"千葉県","木更津市","かずさ鎌足１丁目１番地１",,12,206,2920818,,,,,,,2026-07-14,1,,,,,"ロードスターエナジー",0
1996,8040001144520,01,0,2026-07-14,2026-07-14,"株式会社ネオヴィレッジ",,301,"千葉県","千葉市緑区","鎌取町７７番地１０",,12,105,2660011,,,,,,,2026-07-14,1,,,,,"ネオヴィレッジ",0
1997,8040001144529,01,0,2026-07-14,2026-07-14,"ＢＡＳＥ　ＰＡＲＫ株式会社",,301,"千葉県","鎌ケ谷市","佐津間１１４４番地１",,12,224,2730136,,,,,,,2026-07-14,1,,,,,"ベースパーク",0
1998,8040001144545,01,0,2026-07-14,2026-07-14,"株式会社Ｓｈｉｐｌｅｙ　ａｎｄ　Ｃｏ",,301,"千葉県","船橋市","習志野１丁目３番地６号",,12,204,2740071,,,,,,,2026-07-14,1,,,,,"シプリーアンドコー",0
1999,8040002016512,12,0,2026-07-14,2026-07-01,"有限会社Ｋ・Ｍグリーン",,302,"千葉県","千葉市花見川区","柏井町１５９０番地１３",,12,102,2620041,,,,,,,2015-10-05,1,,,,,,0
2000,8040002035140,01,1,2026-07-14,2015-10-05,"有限会社田島電気商会",,302,"千葉県","市川市","南八幡３丁目８番１２号",,12,203,2720023,,,,,,,2015-10-05,0,,,,,"タジマデンキショウカイ",0
2001,8040002035140,12,1,2026-07-14,2026-06-25,"有限会社田島電気商会",,302,"千葉県","市川市","平田２丁目１１番１５号",,12,203,2720031,,,,,,,2015-10-05,1,,,,,"タジマデンキショウカイ",0
2002,8040002082950,01,1,2026-07-14,2015-10-05,"有限会社飯島緑化",,302,"千葉県","匝瑳市","富岡７９１番地",,12,235,2892154,,,,,,,2015-10-05,1,,,,,"イイジマリョッカ",0
2003,8040002082983,01,1,2026-07-14,2015-10-05,"有限会社大川楽器店",,302,"千葉県","匝瑳市","八日市場イの２６０１番地",,12,235,2892144,,,,,,,2015-10-05,0,,,,,"オオカワガッキテン",0
2004,8040002082983,12,1,2026-07-14,2026-06-25,"有限会社大川楽器店",,302,"千葉県","旭市","ロの１５５０番地",,12,215,2892516,,,,,,,2015-10-05,1,,,,,"オオカワガッキテン",0
2005,8040002089211,01,1,2026-07-14,2015-10-05,"有限会社岡田土木工業",,302,"千葉県","柏市","伊勢原１丁目１番２３号",,12,217,2770883,,,,,,,2015-10-05,1,,,,,"オカダドボクコウギョウ",0
2006,8040002102428,01,1,2026-07-14,2015-10-05,"矢代水産設計事務所有限会社",,302,"千葉県","勝浦市","串浜１２５３番地２",,12,218,2995226,,,,,,,2015-10-05,1,,,,,"ヤシロスイサンセッケイジムショ",0
2007,8040003030322,01,0,2026-07-14,2026-07-14,"合同会社きっかけ",,305,"千葉県","船橋市","前原西２丁目１４－２津田沼駅前安田ビル別館２Ｆ－１１",,12,204,2740825,,,,,,,2026-07-14,1,,,,,"キッカケ",0
2008,8040003030347,01,0,2026-07-14,2026-07-14,"合同会社フジオートワークス",,305,"千葉県","いすみ市","新田野１００５番地３",,12,238,2980026,,,,,,,2026-07-14,1,,,,,"フジオートワークス",0
2009,8040003030371,01,0,2026-07-14,2026-07-14,"合同会社Ｋ　Ｌｉｎｋ　Ｗｏｒｋｓ",,305,"千葉県","八千代市","上高野１２６３番地６メゾンボヌール１０６号",,12,221,2760022,,,,,,,2026-07-14,1,,,,,"ケーリンクワークス",0
2010,8040005017202,01,1,2026-07-14,2015-10-05,"社会福祉法人壮健会",,399,"千葉県","佐倉市","飯重６２２番地",,12,212,2850832,,,,,,,2015-10-05,1,,,,,"ソウケンカイ",0
2011,8050002039198,12,0,2026-07-14,2026-07-01,"有限会社バディ",,302,"茨城県","牛久市","神谷１丁目１４番地１３",,08,219,3001216,,,,,,,2015-10-05,1,,,,,"バディ",0
2012,8050005011278,01,1,2026-07-14,2015-10-05,"農事組合法人柳内",,399,"茨城県","つくば市","花室８４４番",,08,220,3050025,,,,,,,2015-10-05,0,,,,,"ヤナイ",0
2013,8050005011278,11,1,2026-07-14,2026-06-05,"農事組合法人山海農園",,399,"茨城県","つくば市","花室８４４番",,08,220,3050025,,,,,,,2015-10-05,0,,,,,"ヤマウミノウエン",0
2014,8050005011278,12,1,2026-07-14,2026-06-16,"農事組合法人山海農園",,399,"長野県","佐久市","協和７１６６番地２",,20,217,3842204,,,,,,,2015-10-05,1,,,,,"ヤマウミノウエン",0
2015,8060003006147,01,0,2026-07-14,2026-07-14,"ＨＵＭＡ合同会社",,305,"栃木県","小山市","城東７丁目２２－３１コーポＭ１０１号",,09,208,3230807,,,,,,,2026-07-14,1,,,,,"フマ",0
2016,8070001024612,21,0,2026-07-14,2026-07-03,"ｉ童ｒｅａ夢株式会社",,301,"群馬県","邑楽郡邑楽町","大字石打６７５番地５",,10,525,3700604,,,2026-07-03,01,,,2015-10-05,1,,,,,"アイドリーム",0
2017,8070001032045,01,1,2026-07-14,2016-04-11,"群馬ダイワ株式会社",,301,"群馬県","伊勢崎市","長沼町２１８９番地４",,10,204,3720855,,,,,,,2016-04-11,1,,,,,"グンマダイワ",0
2018,8070001035304,12,0,2026-07-14,2026-07-03,"株式会社メディーエム",,301,"群馬県","高崎市","浜尻町２１６番地５",,10,202,3700005,,,,,,,2018-12-10,1,,,,,"メディーエム",0
2019,8070001038975,01,1,2026-07-14,2022-02-25,"株式会社ＫｅＴＳＨｉ",,301,"群馬県","太田市","龍舞町２８０７番地１",,10,205,3730806,,,,,,,2022-02-25,1,,,,,"ケットシー",0
2020,8070002000298,21,0,2026-07-14,2026-07-07,"有限会社アゼリア企画",,302,"群馬県","前橋市","大手町３丁目１番１０号",,10,201,3710026,,,2026-07-07,01,,,2015-10-05,1,,,,,"アゼリアキカク",0
2021,8070002010272,01,1,2026-07-14,2015-10-05,"篠崎商事有限会社",00025553,302,"群馬県","高崎市","吉井町小串１８６番地",,10,202,3702111,,,,,,,2015-10-05,1,,,,,"シノザキショウジ",0
2022,8070002011972,01,1,2026-07-14,2015-10-05,"有限会社穂盛製作所",,302,"群馬県","高崎市","吉井町矢田３８６番地",,10,202,3702106,,,,,,,2015-10-05,1,,,,,"ホタケセイサクジョ",0
2023,8070003006492,01,0,2026-07-14,2026-07-14,"高杉プロ合同会社",,305,"群馬県","安中市","高別当４１０番地１０",,10,211,3790132,,,,,,,2026-07-14,1,,,,,"タカスギプロ",0
2024,8080001027705,01,0,2026-07-14,2026-07-14,"株式会社ｂｅｔａ",,301,"静岡県","静岡市葵区","若松町１２５番地の１１",,22,101,4200006,,,,,,,2026-07-14,1,,,,,"ベータ",0
2025,8080001027713,01,0,2026-07-14,2026-07-14,"株式会社東京Ｃｏｍｒａｄｅ",,301,"静岡県","静岡市葵区","伝馬町８－１３フォレスト静岡伝馬町７Ｆ",,22,101,4200858,,,,,,,2026-07-14,1,,,,,"トウキョウコムレイド",0
2026,8080105006241,12,0,2026-07-14,2026-07-03,"一般社団法人ＦＳＣ",,399,"静岡県","富士市","本市場町７９２番地",,22,210,4160954,,,,,,,2022-04-06,1,,,,,"エフエスシー",0
2027,8080401028732,01,0,2026-07-14,2026-07-14,"株式会社ＲＨＬ",,301,"静岡県","浜松市浜名区","新原１６３５番地の２",,22,139,4340003,,,,,,,2026-07-14,1,,,,,"アールエイチエル",0
2028,8100001005352,12,0,2026-07-14,2026-07-09,"株式会社高山組",00069177,301,"長野県","長野市","若穂保科３０３０番地３１",,20,201,3810102,,,,,,,2015-10-05,1,,,,,"タカヤマグミ",0
2029,8100001019757,71,0,2026-07-14,2026-06-30,"株式会社丸共ユニオン",,301,"長野県","岡谷市","田中町１丁目１番１号",,20,204,3940031,,,,,,"令和８年６月３０日長野県上伊那郡辰野町大字伊那富７４６１番地３３株式会社ユニオンクリエイト（4100001021725）を合併",2015-10-05,1,,,,,"マルキョウユニオン",0
2030,8100001021242,01,1,2026-07-14,2015-10-05,"佐藤電業株式会社",,301,"長野県","駒ヶ根市","赤穂８７７７番地１８",,20,210,3994117,,,,,,,2015-10-05,1,,,,,"サトウデンギョウ",0
2031,8110002020440,12,0,2026-07-14,2026-07-03,"有限会社金井運送",,302,"新潟県","柏崎市","大字藤井字西沖１２８６番地２",,15,205,9450114,,,,,,,2015-10-05,1,,,,,"カナイウンソウ",0
2032,8110002033979,21,0,2026-07-14,2026-07-01,"有限会社モンテローザ",,302,"新潟県","魚沼市","下田字浦沢田２７４番地１",,15,225,9460107,,,2026-07-01,01,,,2015-10-05,1,,,,,"モンテローザ",0
2033,8120001027989,12,0,2026-07-14,2026-07-08,"浜中工業株式会社",,301,"大阪府","大阪市大正区","平尾５丁目１７番１２号",,27,108,5510012,,,,,,,2015-10-05,1,,,,,,0
2034,8120001152721,01,1,2026-07-14,2015-10-05,"株式会社美建",,301,"大阪府","枚方市","桜丘町８０番９号",,27,210,5730018,,,,,,,2015-10-05,1,,,,,"ビケン",0
2035,8120001183824,12,0,2026-07-14,2026-07-03,"株式会社Ｂｒｉａ",,301,"大阪府","大阪市北区","芝田２丁目６番３０号梅田清和ビル３階",,27,127,5300012,,,,,,,2015-10-05,1,,,,,"ブリア",0
2036,8120001191447,01,1,2026-07-14,2015-10-05,"株式会社リーフ",,301,"大阪府","大阪市中央区","北久宝寺町１丁目９－６－６０２",,27,128,5410057,,,,,,,2015-10-05,1,,,,,"リーフ",0
2037,8120001204712,12,0,2026-07-14,2026-07-03,"軽舟商事株式会社",,301,"大阪府","大阪市西区","靱本町３丁目１０－２２ＭＫ阿波座駅前ビル２０１号室",,27,106,5500004,,,,,,,2017-04-06,1,,,,,"ケイシュウショウジ",0
2038,8120001222185,12,0,2026-07-14,2026-07-03,"株式会社ＳＥＫＡＩ",,301,"大阪府","大阪市中央区","島之内１丁目７番１７号Ｌ－ＬＯＦＴ長堀３０２号室",,27,128,5420082,,,,,,,2019-07-03,1,,,,,"セカイ",0
2039,8120001269929,12,0,2026-07-14,2026-07-08,"Ｈｏｏｒａｙ株式会社",,301,"富山県","富山市","総曲輪１丁目８番３号",,16,201,9300083,,,,,,,2024-11-06,1,,,,,"フーレイ",0
2040,8120001276248,21,0,2026-07-14,2026-07-08,"Ｓｕｐｅｒ株式会社",,301,"大阪府","大阪市東成区","大今里３丁目１５番６号ＩｍａｚａｔｏＴｏｗｅｒ３０５Ｃ",,27,115,5370012,,,2026-07-08,01,,,2025-05-29,1,,,,,"スーパー",0
2041,8120001276363,21,0,2026-07-14,2026-07-10,"卓先株式会社",,301,"大阪府","大阪市中央区","船場中央２丁目２番５号船場センタービル５号館地下一階Ｂ１２９ＲＯＹＡＬＯＦＦＩＣＥ内",,27,128,5410055,,,2026-07-10,01,,,2025-06-03,1,,,,,"タクセン",0
2042,8120001277857,21,0,2026-07-14,2026-07-06,"粋荷株式会社",,301,"大阪府","大阪市東成区","大今里３丁目１５番６号ＩｍａｚａｔｏＴｏｗｅｒ４０７Ｆ",,27,115,5370012,,,2026-07-06,01,,,2025-07-15,1,,,,,"スイカ",0
2043,8120001277898,12,0,2026-07-14,2026-07-10,"小岩株式会社",,301,"東京都","大田区","東雪谷１丁目９番１３号Ｂｒｉｌｌｉａｉｓｔ洗足池の杜５０１号室",,13,111,1450065,,,,,,,2025-07-15,1,,,,,"コイワ",0
2044,8120001287699,01,0,2026-07-14,2026-07-14,"関西プロパティホールディングス株式会社",,301,"大阪府","大阪市淀川区","宮原２丁目７－２９－４１０",,27,123,5320003,,,,,,,2026-07-14,1,,,,,"カンサイプロパティホールディングス",0
2045,8120002030505,21,0,2026-07-14,2026-07-09,"株式会社ココサンク",,301,"大阪府","大阪市生野区","巽南５丁目１２番２９号",00136068,27,116,5440015,,,2026-07-09,01,,,2015-10-05,1,,,,,"ココサンク",0
2046,8120002077785,12,0,2026-07-14,2026-07-06,"株式会社サンライン",,301,"大阪府","摂津市","鳥飼下３丁目８番７号",,27,224,5660071,,,,,,,2015-10-05,1,,,,,"サンライン",0
2047,8120005025188,11,0,2026-07-14,2026-07-08,"一般社団法人大個協",,399,"大阪府","大阪市生野区","巽北３丁目１４番２３号プレステージＯＳビル３０１号",00140941,27,116,5440004,,,,,,,2025-10-06,1,,,,,"ダイコキョウ",0
2048,8120101055568,01,1,2026-07-14,2016-10-28,"株式会社ＨＨＩ",,301,"大阪府","和泉市","府中町６丁目１４番３２－１１２号",,27,219,5940071,,,,,,,2016-10-28,0,,,,,"エイチエイチアイ",0
2049,8120101055568,12,1,2026-07-14,2026-07-03,"株式会社ＨＨＩ",,301,"大阪府","泉大津市","二田町１丁目２０番１９号",,27,206,5950015,,,,,,,2016-10-28,1,,,,,"エイチエイチアイ",0
2050,8120105009917,21,0,2026-07-14,2026-07-03,"一般社団法人いきいきライフ協会和泉",,399,"大阪府","和泉市","和気町１丁目１０番１６号",,27,219,5940073,,,2026-07-03,01,,,2024-10-03,1,,,,,"イキイキライフキョウカイイズミ",0
2051,8120901052888,01,0,2026-07-14,2026-07-14,"株式会社ＨＡＳ",,301,"大阪府","吹田市","山田北９番８－１１０２号",,27,205,5650825,,,,,,,2026-07-14,1,,,,,"エイチエーエス",0
2052,8120905005751,11,0,2026-07-14,2026-06-29,"医療法人琢磨会",,399,"大阪府","箕面市","小野原西５丁目６番１１号タミヤビル１階",,27,220,5620032,,,,,,,2018-07-25,1,,,,,"タクマカイ",0
2053,8122001013548,12,0,2026-07-14,2026-07-09,"株式会社ジェイエフティ",,301,"大阪府","大阪市浪速区","日本橋西１丁目７－２７－５０６",,27,111,5560004,,,,,,,2015-10-05,1,,,,,"ジェイエフティ",0
2054,8122001030675,01,1,2026-07-14,2017-06-07,"株式会社山口商事",,301,"大阪府","八尾市","大字山畑３５３番地の１",,27,212,5810864,,,,,,,2017-06-07,1,,,,,"ヤマグチショウジ",0
2055,8122002013076,01,1,2026-07-14,2015-10-05,"有限会社アルバトロス",,302,"大阪府","八尾市","西山本町７丁目１２番３号大宝ココグラン山本６０１号",,27,212,5810868,,,,,,,2015-10-05,1,,,,,"アルバトロス",0
2056,8130001016314,01,1,2026-07-14,2015-10-05,"アース名刺株式会社",,301,"京都府","京都市下京区","富小路通綾小路下る塗師屋町８８番地",,26,106,6008053,,,,,,,2015-10-05,1,,,,,"アースメイシ",0
2057,8130001041097,01,1,2026-07-14,2015-10-05,"株式会社陣上館",,301,"京都府","福知山市","字天田１４０番地の１１",,26,201,6200000,,,,,,,2015-10-05,1,,,,,"ジンジョウカン",0
2058,8130001057498,01,1,2026-07-14,2016-05-19,"株式会社馬場製作所",,301,"京都府","京都市伏見区","深草下川原町１１０番地２４",,26,109,6128401,,,,,,,2016-05-19,1,,,,,"バンバセイサクショ",0
2059,8130001062465,12,0,2026-07-14,2026-06-29,"株式会社テラテック",,301,"京都府","京都市伏見区","淀樋爪町４４６番地１",,26,109,6130901,,,,,,,2018-07-12,1,,,,,"テラテック",0
2060,8140001048736,01,1,2026-07-14,2015-10-05,"株式会社コーワホーム",,301,"兵庫県","尼崎市","西御園町８５番地７",,28,202,6600868,,,,,,,2015-10-05,1,,,,,"コーワホーム",0
2061,8140001059460,12,0,2026-07-14,2026-07-09,"ＯＧＵＮＩ株式会社",,301,"東京都","港区","芝５丁目１３番１５号",,13,103,1080014,,,,,,,2015-10-05,1,,,,,"オグニ",0
2062,8140001143355,01,0,2026-07-14,2026-07-14,"株式会社ＸＬ　ＩＩＩ",,301,"兵庫県","芦屋市","竹園町４番１０号",,28,206,6590055,,,,,,,2026-07-14,1,,,,,"エックスエルスリー",0
2063,8140001143405,01,0,2026-07-14,2026-07-14,"株式会社ヤマシン",,301,"兵庫県","尼崎市","東園田町８丁目６番地の１－４０２号",,28,202,6610953,,,,,,,2026-07-14,1,,,,,"ヤマシン",0
2064,8140003009950,12,0,2026-07-14,2026-07-09,"ヘップエスピーブイ９ジャパン株式会社",,301,"東京都","港区","浜松町２丁目１０番６号",,13,103,1050013,,,,,,,2015-10-05,1,,,,,"ヘップエスピーブイキュウジャパン",0
2065,8140003023844,01,0,2026-07-14,2026-07-14,"宝塚Ｍ＆Ｂ合同会社",,305,"兵庫県","宝塚市","売布東の町２１番１号１０４",,28,214,6650867,,,,,,,2026-07-14,1,,,,,"タカラヅカエムアンドビー",0
2066,8140003023860,01,0,2026-07-14,2026-07-14,"合同会社ｍｉｎａ　ｆａｒｍ",,305,"兵庫県","丹波市","氷上町新郷７２７番地１",,28,223,6693571,,,,,,,2026-07-14,1,,,,,"ミナファーム",0
2067,8160001021096,12,0,2026-07-14,2026-07-02,"株式会社ヤマゼン・ロック・ザ・キッズ",,301,"岐阜県","郡上市","高鷲町ひるがの４６７０番地７５",,21,219,5015301,,,,,,,2018-07-30,1,,,,,"ヤマゼンロックザキッズ",0
2068,8160001027779,01,0,2026-07-14,2026-07-14,"株式会社ときわの",,301,"滋賀県","大津市","田辺町１２－３０",,25,201,5200852,,,,,,,2026-07-14,1,,,,,"トキワノ",0
2069,8160005002373,12,0,2026-07-14,2026-07-01,"特定非営利活動法人ＢＩＷＡＫＯ　ＳＰＯＲＴＳ　ＣＬＵＢ",,399,"滋賀県","大津市","木戸２７０番地",,25,201,5200514,,,,,,,2015-10-05,1,,,,,"ビワコスポーツクラブ",0
2070,8160005003405,01,1,2026-07-14,2015-10-05,"一般財団法人布施美術館",,399,"滋賀県","長浜市","高月町唐川３３９番地",,25,203,5290205,,,,,,,2015-10-05,1,,,,,"フセビジュツカン",0
2071,8170002009206,01,1,2026-07-14,2015-10-05,"有限会社辻本組",00045622,302,"和歌山県","西牟婁郡白浜町","日置１３８７番地",,30,401,6492511,,,,,,,2015-10-05,1,,,,,"ツジモトグミ",0
2072,8180001024287,01,1,2026-07-14,2015-10-05,"株式会社ホワイトハウス",,301,"愛知県","名古屋市名東区","本郷３丁目１３９番地",,23,115,4650024,,,,,,,2015-10-05,1,,,,,,0
2073,8180001062304,12,0,2026-07-14,2026-07-10,"ＡｓｉａｎＬｕｓｔｒｅ株式会社",,301,"神奈川県","横浜市西区","みなとみらい４丁目４番２号横浜ブルーアベニュー１２階",,14,103,2200012,,,,,,,2015-10-05,1,,,,,"エーシエンラスター",0
2074,8180001104980,21,0,2026-07-14,2026-07-01,"カーサカーサ株式会社",,301,"愛知県","名古屋市守山区","新守山１３０１番地",,23,113,4630070,,,2026-07-01,11,4180001070161,"令和８年７月１日名古屋市千種区北千種一丁目５番３号－２クルーズ株式会社（4180001070161）に合併し解散",2015-10-05,1,,,,,"カーサカーサ",0
2075,8180001123667,01,1,2026-07-14,2016-06-07,"Ｈ．Ｒ．Ｋ．ＤＥＮＫＩ株式会社",,301,"愛知県","日進市","竹の山２丁目９０６番地",,23,230,4700136,,,,,,,2016-06-07,1,,,,,"エイチアールケイデンキ",0
2076,8180001124384,01,1,2026-07-14,2016-08-09,"株式会社泉工房",,301,"愛知県","海部郡蟹江町","大字今字五之坪２８番地１",,23,425,4970032,,,,,,,2016-08-09,1,,,,,"イズミコウボウ",0
2077,8180001138715,21,0,2026-07-14,2026-07-01,"株式会社クルール尾張",,301,"愛知県","名古屋市中区","丸の内３丁目２０番９号三晃社ビル３階",,23,106,4600002,,,2026-07-01,11,8180001102539,"令和８年７月１日名古屋市中区丸の内三丁目２０番９号三晃社ビル３階株式会社アフェクトホールディングス（8180001102539）に合併し解散",2019-11-13,1,,,,,"クルールオワリ",0
2078,8180001160652,12,0,2026-07-14,2026-07-13,"アビココ株式会社",,301,"愛知県","名古屋市中区","丸の内２丁目１９番３２号",,23,106,4600002,,,,,,,2024-03-18,1,,,,,"アビココ",0
2079,8180001172540,01,1,2026-07-14,2026-07-01,"株式会社Ｐｒｏｖｉａ",,301,"愛知県","稲沢市","小池２丁目１２番２６－１号",,23,220,4928144,,,,,,,2026-07-01,1,,,,,"プロヴィア",0
2080,8180001172697,01,0,2026-07-14,2026-07-14,"ＪＡＳＯＮ　ＡＲＧＯ　ＪＡＰＡＮ株式会社",,301,"愛知県","名古屋市中村区","名駅３丁目２６－８ＫＤＸ名古屋駅前ビル１３Ｆ",,23,105,4500002,,,,,,,2026-07-14,1,,,,,"ジェイソンアーゴジャパン",0
2081,8180001172763,01,0,2026-07-14,2026-07-14,"株式会社ＳＵＮ",,301,"愛知県","名古屋市昭和区","御器所３丁目１０番５号",,23,107,4660051,,,,,,,2026-07-14,1,,,,,"サン",0
2082,8180001172771,01,0,2026-07-14,2026-07-14,"Ａｓｔｅｒ　Ｅｎｅｒｇｙ　Ｊａｐａｎ株式会社",,301,"愛知県","名古屋市西区","こも原町８７番地の１",,23,104,4520824,,,,,,,2026-07-14,1,,,,,"アスターエナジージャパン",0
2083,8180002020269,01,1,2026-07-14,2015-10-05,"有限会社コジマ",,302,"愛知県","名古屋市熱田区","千年１丁目２７番６号",,23,109,4560054,,,,,,,2015-10-05,1,,,,,"コジマ",0
2084,8180005015480,21,0,2026-07-14,2026-07-06,"一般社団法人グリーンサポーターズ",,399,"愛知県","知多市","八幡字小根１４番地の２９",,23,224,4780001,,,2026-07-06,01,,,2015-10-05,1,,,,,"グリーンサポーターズ",0
2085,8180301019813,01,1,2026-07-14,2015-10-05,"三好建設工業株式会社",,301,"愛知県","みよし市","三好町折坂３番地",,23,236,4700224,,,,,,,2015-10-05,1,,,,,"ミヨシケンセツコウギョウ",0
2086,8180301030258,01,1,2026-07-14,2017-04-25,"株式会社加藤エレックス",,301,"愛知県","岡崎市","矢作町字神居１番地１５",,23,202,4440943,,,,,,,2017-04-25,1,,,,,"カトウエレックス",0
2087,8180301041189,01,0,2026-07-14,2026-07-14,"株式会社１‐１Ａｒｃｈｉｔｅｃｔｓ",,301,"愛知県","刈谷市","松栄町３丁目６番地１３",,23,210,4480806,,,,,,,2026-07-14,1,,,,,"イチノイチアーキテクツ",0
2088,8190001003612,01,1,2026-07-14,2015-10-05,"株式会社大美組",,301,"三重県","津市","栗真町屋町字中浜１３１１番地２",,24,201,5140102,,,,,,,2015-10-05,0,,,,,,0
2089,8190001003612,12,1,2026-07-14,2016-05-20,"株式会社大美組",,301,"愛知県","名古屋市中区","栄２丁目６番１号",,23,106,4600008,,,,,,,2015-10-05,0,,,,,,0
2090,8190001003612,11,1,2026-07-14,2016-05-27,"ダイヨシ・コーポレーション株式会社",,301,"愛知県","名古屋市中区","栄２丁目６番１号",,23,106,4600008,,,,,,,2015-10-05,0,,,,,"ダイヨシコーポレーション",0
2091,8190001003612,12,1,2026-07-14,2019-01-04,"ダイヨシ・コーポレーション株式会社",,301,"愛知県","弥富市","荷之上町来家２９３番地１",,23,235,4980011,,,,,,,2015-10-05,0,,,,,"ダイヨシコーポレーション",0
2092,8190001003612,12,1,2026-07-14,2021-10-01,"ダイヨシ・コーポレーション株式会社",,301,"愛知県","愛西市","内佐屋町西松原４１番地１",,23,232,4960903,,,,,,,2015-10-05,1,,,,,"ダイヨシコーポレーション",0
2093,8190002017405,01,1,2026-07-14,2015-10-05,"有限会社岡本化成",,302,"三重県","桑名市","多度町福永字西福永２８６番地",,24,205,5110112,,,,,,,2015-10-05,1,,,,,"オカモトカセイ",0
2094,8200001045215,01,0,2026-07-14,2026-07-14,"株式会社ＧＲＥＦＦＩＡ",,301,"岐阜県","関市","東貸上１２番地の２",,21,205,5013213,,,,,,,2026-07-14,1,,,,,"グレフィア",0
2095,8200001045223,01,0,2026-07-14,2026-07-14,"株式会社Ｎ・Ｎ・Ｂ",,301,"岐阜県","大垣市","久徳町６１０番地",,21,202,5030982,,,,,,,2026-07-14,1,,,,,"エヌエヌビー",0
2096,8200001045231,01,0,2026-07-14,2026-07-14,"株式会社森下建築舎",,301,"岐阜県","郡上市","大和町名皿部２１６番地",,21,219,5014613,,,,,,,2026-07-14,1,,,,,"モリシタケンチクシャ",0
2097,8200001045280,01,0,2026-07-14,2026-07-14,"匠析株式会社",,301,"岐阜県","羽島市","上中町長間１６８１‐８",,21,209,5016311,,,,,,,2026-07-14,1,,,,,"タクミセキ",0
2098,8200003007411,01,0,2026-07-14,2026-07-14,"ＳＳ合同会社",,305,"岐阜県","多治見市","北丘町５丁目６番地６１",,21,204,5070064,,,,,,,2026-07-14,1,,,,,"エスエス",0
2099,8210001016537,01,1,2026-07-14,2016-11-11,"株式会社小浜酒造",,301,"福井県","小浜市","中井第１８号３４番地",,18,204,9170036,,,,,,,2016-11-11,1,,,,,"オバマシュゾウ",0
2100,8210005008596,01,1,2026-07-14,2015-10-05,"神通力如意大寶珠会",,399,"福井県","小浜市","木崎第３３号４番地",,18,204,9170025,,,,,,,2015-10-05,1,,,,,"ジンツウリキニョイダイホウジュカイ",0
2101,8220001018474,21,0,2026-07-14,2026-07-13,"クロケン株式会社",,301,"石川県","金沢市","東力４丁目１７３番地",,17,201,9218015,,,2026-07-13,01,,,2015-10-05,1,,,,,"クロケン",0
2102,8230001005876,21,0,2026-07-14,2026-07-08,"株式会社ファースト・アドバンス",,301,"富山県","富山市","石坂３０５４番地２１",,16,201,9300892,,,2026-07-08,01,,,2015-10-05,1,,,,,"ファーストアドバンス",0
2103,8230001018622,01,1,2026-07-14,2021-01-13,"株式会社ｂｉｂｉｔ",,301,"富山県","富山市","二口町４丁目７番１４号Ｓ．Ｆビル２階Ｃ",,16,201,9398211,,,,,,,2021-01-13,0,,,,,"ビビット",0
2104,8230001018622,12,1,2026-07-14,2023-03-01,"株式会社ｂｉｂｉｔ",,301,"富山県","富山市","新根塚町１丁目８番１４号",,16,201,9398205,,,,,,,2021-01-13,1,,,,,"ビビット",0
2105,8230005000064,01,1,2026-07-14,2015-10-05,"公益社団法人富山県野菜価格安定資金協会",,399,"富山県","富山市","新総曲輪２番２１号",,16,201,9300006,,,,,,,2015-10-05,1,,,,,"トヤマケンヤサイカカクアンテイシキンキョウカイ",0
2106,8240001026707,01,1,2026-07-14,2015-10-05,"リプリント広株式会社",,301,"広島県","呉市","広駅前１丁目２番３２号",,34,202,7370142,,,,,,,2015-10-05,1,,,,,"リプリントヒロ",0
2107,8240001066769,01,0,2026-07-14,2026-07-14,"株式会社Ａｓｔｏｒｉａ",,301,"広島県","府中市","府中町５９１番地２",,34,208,7260005,,,,,,,2026-07-14,1,,,,,"アストリア",0
2108,8240002001345,12,0,2026-07-14,2026-07-01,"有限会社五日市土地",,301,"広島県","広島市西区","己斐本町１丁目１５番１２号",,34,104,7330812,,,,,,,2015-10-05,0,,,,,"イツカイチトチ",0
2109,8240002001345,11,0,2026-07-14,2026-07-01,"己斐商事株式会社",,301,"広島県","広島市西区","己斐本町１丁目１５番１２号",,34,104,7330812,,,,,,,2015-10-05,1,,,,,"コイショウジ",0
2110,8240002024073,01,1,2026-07-14,2015-10-05,"有限会社吉岡自動車",,302,"広島県","広島市安佐南区","伴東８丁目７５番１１号",,34,105,7313164,,,,,,,2015-10-05,1,,,,,"ヨシオカジドウシャ",0
2111,8240002044063,21,0,2026-07-14,2026-07-06,"有限会社中國熱炉工業所",,302,"広島県","福山市","東川口町２丁目６番２５号",,34,207,7200821,,,2026-07-06,01,,,2015-10-05,1,,,,,"チュウゴクネツロコウギョウショ",0
2112,8240003007655,12,0,2026-07-14,2026-07-03,"合同会社ＹＭ",,305,"広島県","福山市","明治町１－３－４０２",,34,207,7200807,,,,,,,2026-03-31,0,,,,,"ワイエム",0
2113,8240003007655,11,0,2026-07-14,2026-07-03,"合同会社Ｙプロ",,305,"広島県","福山市","明治町１－３－４０２",,34,207,7200807,,,,,,,2026-03-31,1,,,,,"ワイプロ",0
2114,8240003007837,01,0,2026-07-14,2026-07-14,"合同会社ＲＪ　Ｌｏｔｕｓ",,305,"広島県","広島市中区","大手町５丁目９番１６号",,34,101,7300051,,,,,,,2026-07-14,1,,,,,"アールジェイロータス",0
2115,8250001001997,01,1,2026-07-14,2015-10-05,"株式会社三友",,301,"山口県","防府市","駅南町９番４３号",,35,206,7470801,,,,,,,2015-10-05,1,,,,,"サンユウ",0
2116,8250001020650,01,1,2026-07-14,2024-05-14,"ケアイノベイション株式会社",,301,"山口県","下関市","綾羅木本町４丁目７番１０号",,35,201,7510849,,,,,,,2024-05-14,1,,,,,"ケアイノベンション",0
2117,8250003004008,01,0,2026-07-14,2026-07-14,"合同会社サンアールプラス",,305,"山口県","美祢市","伊佐町堀越２５０４番地２",,35,213,7592131,,,,,,,2026-07-14,1,,,,,"サンアールプラス",0
2118,8260001010361,21,0,2026-07-14,2026-07-07,"株式会社岡山光商事",,301,"岡山県","岡山市中区","神下５４５番地の２",,33,102,7038225,,,2026-07-07,01,,,2015-10-05,1,,,,,"オカヤマヒカリショウジ",0
2119,8260001035697,12,0,2026-07-14,2026-07-08,"株式会社海の中道アスレチックパーク",,301,"神奈川県","横浜市中区","海岸通４丁目２０番地２ＹＴ馬車道ビル",,14,104,2310002,,,,,,,2021-06-29,1,,,,,"ウミノナカミチアスレチックパーク",0
2120,8280005004416,12,0,2026-07-14,2026-06-30,"ＮＰＯ法人浜田おやこ劇場",,399,"島根県","浜田市","朝日町１２７番３号",,32,202,6970033,,,,,,,2015-10-05,1,,,,,"ハマダオヤコゲキジョウ",0
2121,8290001002760,71,0,2026-07-14,2026-07-01,"株式会社大濱組",,301,"福岡県","福岡市東区","松島３丁目２３番４５号",,40,131,8130062,,,,,,"令和８年７月１日福岡市東区松島三丁目２３番４５号株式会社おおはまファーム（3290001070894）を合併",2015-10-05,1,,,,,"オオハマグミ",0
2122,8290001029507,12,0,2026-07-14,2026-07-01,"テレコールＮＥＯ株式会社",,301,"福岡県","福岡市南区","的場１丁目７番２０号",,40,134,8111314,,,,,,,2015-10-05,0,,,,,"テレコールネオ",0
2123,8290001029507,11,0,2026-07-14,2026-07-01,"ＴＥＮ　Ｎｅｔ　Ｗｏｒｋｓ株式会社",,301,"福岡県","福岡市南区","的場１丁目７番２０号",,40,134,8111314,,,,,,,2015-10-05,1,,,,,"テンネットワークス",0
2124,8290001106280,11,0,2026-07-14,2026-07-01,"株式会社ＯＨＡＮＡ",,301,"福岡県","福岡市南区","井尻２丁目３７番１０－１０３号エクセレント大和",,40,134,8111302,,,,,,,2024-07-03,1,,,,,"オハナ",0
2125,8290003002619,21,0,2026-07-14,2026-06-30,"合名会社上野工務店",,303,"福岡県","久留米市","高良内町５１６番地",,40,203,8390852,,,2026-06-30,01,,,2015-10-05,1,,,,,"ウエノコウムテン",0
2126,8290005020148,01,0,2026-07-14,2026-07-14,"ＮＰＯ法人Ｆｕｋｕｏｋａ　Ｅｍｅｒｇｅｎｃｙ　Ｍｅｄｉｃｉｎｅ　Ｒｅｓｅａｒｃｈ　Ｎｅｔｗｏｒｋ",,399,"福岡県","福岡市中央区","渡辺通５丁目２３番２－４０９号",,40,133,8100004,,,,,,,2026-07-14,1,,,,,"フクオカエマージェンシーメディシンリサーチネットワーク",0
2127,8310005000064,01,1,2026-07-14,2015-10-05,"長崎県火災共済協同組合",,399,"長崎県","長崎市","桜町４番１号",,42,201,8500031,,,,,,,2015-10-05,1,,,,,,0
2128,8320001010958,01,1,2026-07-14,2015-10-05,"ホンダ繊維株式会社",,301,"大分県","中津市","大字大貞３１６番地の４１",,44,203,8710153,,,,,,,2015-10-05,1,,,,,"ホンダセンイ",0
2129,8320002021392,11,0,2026-07-14,2026-07-01,"株式会社ＦＴの不動産",,301,"大分県","中津市","大字永添１１６５番地の１９",,44,203,8710162,,,,,,,2015-10-05,1,,,,,"エフティノフドウサン",0
2130,8330002006509,01,1,2026-07-14,2015-10-05,"有限会社たかもと",,302,"熊本県","熊本市南区","浜口町７４番地３",,43,104,8615262,,,,,,,2015-10-05,1,,,,,"タカモト",0
2131,8330005005805,01,1,2026-07-14,2015-10-05,"特定非営利活動法人環境、福祉共生・絆の会",,399,"熊本県","宇土市","入地町１５６番地１６",,43,211,8690422,,,,,,,2015-10-05,1,,,,,"カンキョウフクシキョウセイキズナノカイ",0
2132,8340001028305,01,0,2026-07-14,2026-07-14,"株式会社グランコスメ",,301,"鹿児島県","鹿児島市","甲突町２５番２－３０３号",,46,201,8920837,,,,,,,2026-07-14,1,,,,,"グランコスメ",0
2133,8340002014196,01,1,2026-07-14,2015-10-05,"有限会社妙見タクシー",,302,"鹿児島県","霧島市","隼人町嘉例川４３８５番地",,46,218,8995113,,,,,,,2015-10-05,1,,,,,"ミョウケンタクシー",0
2134,8340003001532,12,0,2026-07-14,2026-07-01,"合同会社たいよう会",,305,"鹿児島県","鹿屋市","吾平町麓３６１番地１",,46,203,8931103,,,,,,,2015-10-05,0,,,,,"タイヨウカイ",0
2135,8340003001532,11,0,2026-07-14,2026-07-01,"合同会社たいようプロダクション",,305,"鹿児島県","鹿屋市","吾平町麓３６１番地１",,46,203,8931103,,,,,,,2015-10-05,1,,,,,"タイヨウプロダクション",0
2136,8360001009724,21,0,2026-07-14,2026-06-19,"丸吉商事株式会社",,301,"沖縄県","宜野湾市","神山１丁目１５番６号",,47,205,9012207,,,2026-06-19,01,,,2015-10-05,1,,,,,"マルヨシショウジ",0
2137,8370001023047,01,1,2026-07-14,2015-10-05,"株式会社メディアジャム",,301,"宮城県","仙台市青葉区","一番町１丁目８番１０－９０２号",,04,101,9800811,,,,,,,2015-10-05,1,,,,,"メディアジャム",0
2138,8370001053985,01,0,2026-07-14,2026-07-14,"株式会社メディカル・スケッチブック",,301,"宮城県","仙台市太白区","鹿野本町１番１１号",,04,104,9820022,,,,,,,2026-07-14,1,,,,,"メディカルスケッチブック",0
2139,8370002012387,12,0,2026-07-14,2026-07-03,"有限会社エムケーコーポレーション",,302,"宮城県","仙台市青葉区","本町１丁目５－３１シエロ仙台ビル５Ｆ",,04,101,9800014,,,,,,,2015-10-05,1,,,,,"エムケーコーポレーション",0
2140,8370002017188,12,0,2026-07-14,2026-07-03,"有限会社ＣＲ介護サービス",,302,"宮城県","仙台市青葉区","花壇４－１６コープ野村花壇Ｃ棟２０１号室",,04,101,9800815,,,,,,,2015-10-05,1,,,,,,0
2141,8370003007691,01,0,2026-07-14,2026-07-14,"合同会社新山建築",,305,"宮城県","黒川郡大和町","吉田字旦ノ原３９番地の７",,04,421,9813625,,,,,,,2026-07-14,1,,,,,"ニイヤマケンチク",0
2142,8370102000837,01,1,2026-07-14,2015-10-05,"藤建商有限会社",,302,"宮城県","柴田郡大河原町","字新東１４番地１２",,04,321,9891246,,,,,,,2015-10-05,1,,,,,"フジケンショウ",0
2143,8370201003872,01,1,2026-07-14,2015-10-05,"株式会社ＲＡＨＭＡＮ　ＡＵＴＯ　ＰＡＲＴＳ",,301,"北海道","石狩市","花川北六条２丁目１３６番地",,01,235,0613216,,,,,,,2015-10-05,0,,,,,"ラハマンオートパーツ",0
2144,8370201003872,12,1,2026-07-14,2015-11-27,"株式会社ＲＡＨＭＡＮ　ＡＵＴＯ　ＰＡＲＴＳ",,301,"北海道","江別市","美原１０５６番",,01,217,0670056,,,,,,,2015-10-05,1,,,,,"ラハマンオートパーツ",0
2145,8380001004517,71,0,2026-07-14,2026-06-30,"アルファクラブ株式会社",,301,"福島県","郡山市","鶴見坦２丁目４番５号",,07,203,9638861,,,,,,"令和８年６月３０日茨城県土浦市田中一丁目６番１２号ベル守谷株式会社（9380001010051）を合併令和８年６月３０日福島県郡山市山根町８番７号アルファコスチューム株式会社（3380001009140）を合併令和８年６月３０日茨城県土浦市粕毛６３１番地１株式会社あさみ（6050001008874）を合併",2015-10-05,1,,,,,"アルファクラブ",0
2146,8380002017947,01,1,2026-07-14,2015-10-05,"有限会社島田商店",,302,"福島県","西白河郡西郷村","大字熊倉字折口原１４２番地１",,07,461,9618091,,,,,,,2015-10-05,1,,,,,"シマダショウテン",0
2147,8380005011765,01,1,2026-07-14,2016-12-27,"田村採石事業協同組合",,399,"福島県","田村市","常葉町常葉字坂ノ下１５９番地",,07,211,9634602,,,,,,,2016-12-27,0,,,,,"タムラサイセキ",0
2148,8380005011765,12,1,2026-07-14,2026-06-25,"田村採石事業協同組合",,399,"福島県","田村市","都路町岩井沢字西光地４３番地",,07,211,9634702,,,,,,,2016-12-27,1,,,,,"タムラサイセキ",0
2149,8390005007688,12,0,2026-07-14,2026-07-03,"寒河江温泉協同組合",,399,"山形県","寒河江市","元町１丁目３番地の１３",,06,206,9910053,,,,,,,2015-10-05,1,,,,,"サガエオンセン",0
2150,8400001017425,11,0,2026-07-14,2026-07-02,"株式会社プラザ企画",,301,"岩手県","奥州市","水沢佐倉河字後田２９番地",,03,215,0230003,,,,,,,2026-05-29,1,,,,,"プラザキカク",0
2151,8400601000276,11,0,2026-07-14,2026-07-02,"株式会社ＰＫ",,301,"岩手県","奥州市","水沢佐倉河字後田２９番地",,03,215,0230003,,,,,,,2015-10-05,1,,,,,"ピーケー",0
2152,8430001073515,12,0,2026-07-14,2026-07-10,"株式会社ＳｔｏｒｙＴｏｕｒ",,301,"北海道","札幌市中央区","北五条西６丁目１番２３号北海道通信ビル",,01,101,0600005,,,,,,,2017-03-16,1,,,,,"ストーリーツアー",0
2153,8430001074414,01,1,2026-07-14,2017-06-28,"株式会社ＩＦＣホールディングス",,301,"北海道","札幌市西区","西野二条４丁目３－１３",,01,107,0630032,,,,,,,2017-06-28,0,,,,,"アイエフシーホールディングス",0
2154,8430001074414,12,1,2026-07-14,2017-07-14,"株式会社ＩＦＣホールディングス",,301,"北海道","小樽市","桂岡町１０番３５号",,01,203,0470264,,,,,,,2017-06-28,1,,,,,"アイエフシーホールディングス",0
2155,8430001097340,01,0,2026-07-14,2026-07-14,"株式会社吉兵衛",,301,"北海道","石狩市","花川東一条２丁目１３番地",,01,235,0613261,,,,,,,2026-07-14,1,,,,,"ヨシベエ",0
2156,8430003015580,12,0,2026-07-14,2026-07-07,"マイルド合同会社",,305,"北海道","札幌市豊平区","月寒西一条７丁目６番９号",,01,105,0620021,,,,,,,2023-11-10,1,,,,,"マイルド",0
2157,8430003019177,01,0,2026-07-14,2026-07-14,"Ｍｕｇｅｎ　Ｇａｍｅｓ合同会社",,305,"北海道","札幌市豊平区","美園一条８丁目１番２５号ハイツエイトワン第１２号室",,01,105,0620001,,,,,,,2026-07-14,1,,,,,"ムゲンゲームス",0
2158,8440001002670,01,1,2026-07-14,2015-10-05,"株式会社マルチメディア・アンド・ネットワークサービス",,301,"北海道","函館市","本通４丁目１４番７号",,01,202,0410851,,,,,,,2015-10-05,0,,,,,"マルチメディアアンドネットワークサービス",0
2159,8440001002670,12,0,2026-07-14,2026-07-09,"株式会社マルチメディア・アンド・ネットワークサービス",,301,"北海道","札幌市中央区","南五条西９丁目１０１９",,01,101,0640805,,,,,,,2015-10-05,1,,,,,"マルチメディアアンドネットワークサービス",0
2160,8470005004867,71,0,2026-07-14,2026-06-24,"天理教大鐸分教会",,399,"香川県","小豆郡土庄町","肥土山甲１３７２番地の３",,37,322,7614151,,,,,,"香川県小豆郡土庄町見目甲１４７番１天理教都省勇分教会（7470005004868）を合併",2015-10-05,1,,,,,,0
2161,8480001000844,01,1,2026-07-14,2015-10-05,"四国ノツプ株式会社",,301,"徳島県","徳島市","金沢２丁目２番３７号",,36,201,7700871,,,,,,,2015-10-05,1,,,,,"シコクノツプ",0
2162,8480002015767,01,1,2026-07-14,2015-10-05,"有限会社東瀬建設",,302,"徳島県","三好市","東祖谷樫尾２７７番地",,36,208,7780205,,,,,,,2015-10-05,0,,,,,"ヒガシセケンセツ",0
2163,8480002015767,21,0,2026-07-14,2026-07-07,"有限会社東瀬建設",,302,"徳島県","三好市","東祖谷樫尾２７７番地",,36,208,7780205,,,2026-07-07,01,,,2015-10-05,1,,,,,"ヒガシセケンセツ",0
2164,8480005000106,12,0,2026-07-14,2026-07-07,"一般社団法人徳島県臨床検査技師会",,399,"徳島県","徳島市","蔵本町２丁目５０番地",,36,201,7700042,,,,,,,2015-10-05,1,,,,,"トクシマケンリンショウケンサギシカイ",0
2165,8490001004126,01,1,2026-07-14,2015-10-05,"株式会社ＷＩＮＳ　ＥＳＴＡＴＥ",,301,"高知県","高知市","幸町８番３号",,39,201,7800045,,,,,,,2015-10-05,1,,,,,"ウインズエステイト",0
2166,8490001010958,12,0,2026-07-14,2026-07-09,"株式会社Ｓｍｉｌｅ　ｈｏｍｅ",,301,"香川県","高松市","上天神町７８０番地６",,37,201,7618056,,,,,,,2025-02-05,1,,,,,"スマイルホーム",0
2167,8500001020749,01,1,2026-07-14,2017-07-12,"株式会社ＷＯＲＬＤＷＩＤＥ　ＳＥＲＶＩＣＥ　ＪＡＰＡＮ",,301,"愛媛県","松山市","勝山町１丁目１５番地３",,38,201,7900878,,,,,,,2017-07-12,1,,,,,"ワールドワイドサービスジャパン",0
2168,8500001024114,11,0,2026-07-14,2026-07-10,"たろうリアルエステート株式会社",,301,"愛媛県","松山市","真砂町６番地４",,38,201,7900021,,,,,,,2022-04-04,1,,,,,"タロウリアルエステート",0
2169,8700150031824,21,0,2026-07-14,2026-03-31,"安曇川沿岸土地改良区",,499,"滋賀県","高島市","安曇川町下古賀１５４３－１",,25,212,5201202,,,2026-03-31,31,,,2015-10-09,1,,,,,"アドガワエンガントチカイリヨウク",0
2170,8700150127291,21,0,2026-07-14,2025-03-31,"南飛騨アートプロジェクト実行委員会",,499,"岐阜県","岐阜市","薮田南２丁目１－１",,21,201,5008384,,,2025-03-31,31,,,2024-09-25,1,,,,,"ミナミヒダアートプロジエクトジツコウイインカイ",0
2171,8700150128281,13,0,2026-07-14,2026-07-06,"Ｒｏｕｎｄ　Ｏｎｅ　Ｄｅｌｉｃｉｏｕｓ　ＵＳＡ，Ｉｎｃ．",,401,"大阪府","大阪市中央区","難波５丁目１番６０号",,27,128,5420076,"アメリカ合衆国カリフォルニア州セリトス、スタッドベーカー・ロード３２０、１７２１５",,,,,,2024-12-16,1,,,,,"ラウンドワンデリシヤスユーエスエーインコーポレーテツド",0
2172,9010001108188,11,0,2026-07-14,2026-07-01,"株式会社北里",,301,"静岡県","富士市","柳島１００番地１０",,22,210,4160932,,,,,,,2015-10-05,1,,,,,"キタザト",0
2173,9010001231007,11,0,2026-07-14,2026-06-10,"株式会社ＣＯＲＥ　ＢＡＳＥ",,301,"東京都","港区","赤坂４丁目１３番５号２５０号室",,13,103,1070052,,,,,,,2022-11-22,1,,,,,"コアベース",0
2174,9010001248810,01,1,2026-07-14,2024-10-07,"株式会社ＳＴパーツ",,301,"東京都","中央区","日本橋浜町３丁目３５番５号",,13,102,1030007,,,,,,,2024-10-07,0,,,,,,0
2175,9010001248810,12,0,2026-07-14,2026-07-09,"株式会社ＳＴパーツ",,301,"東京都","武蔵野市","境１丁目２番４－４０３号",,13,203,1800022,,,,,,,2024-10-07,1,,,,,,0
2176,9010001265319,12,0,2026-07-14,2026-07-10,"ＪＰＡ第４０４号株式会社",,301,"東京都","港区","赤坂１丁目８番１号",,13,103,1070052,,,,,,,2026-05-15,1,,,,,"ジェイピーエーダイヨンヒャクヨンゴウ",0
2177,9010001265327,12,0,2026-07-14,2026-07-10,"ＪＰＡ第４１２号株式会社",,301,"東京都","港区","赤坂１丁目８番１号",,13,103,1070052,,,,,,,2026-05-15,1,,,,,"ジェイピーエーダイヨンヒャクジュウニゴウ",0
2178,9010001265335,12,0,2026-07-14,2026-07-10,"ＪＰＡ第４２０号株式会社",,301,"東京都","港区","赤坂１丁目８番１号",,13,103,1070052,,,,,,,2026-05-15,1,,,,,"ジェイピーエーダイヨンヒャクニジュウゴウ",0
2179,9010001267141,01,0,2026-07-14,2026-07-14,"株式会社ＫＡＩＤＡＳ",,301,"東京都","千代田区","丸の内１丁目６番５号丸の内北口ビルディング９階",,13,101,1000005,,,,,,,2026-07-14,1,,,,,"カイダス",0
2180,9010005028804,01,1,2026-07-14,2018-07-18,"一般社団法人日本宇宙安全保障研究所",,399,"東京都","千代田区","永田町２丁目１２番８号",,13,101,1000014,,,,,,,2018-07-18,0,,,,,,0
2181,9010005028804,12,1,2026-07-14,2020-10-19,"一般社団法人日本宇宙安全保障研究所",,399,"東京都","千代田区","紀尾井町３番２９号",,13,101,1020094,,,,,,,2018-07-18,1,,,,,,0
2182,9010005039033,21,0,2026-07-14,2026-07-02,"一般社団法人ＧＬＰＢＦ１",,399,"東京都","中央区","日本橋１丁目４番１号",,13,102,1030027,,,2026-07-02,01,,,2024-10-30,1,,,,,"ジーエルピービーエフワン",0
2183,9010401116674,21,0,2026-07-14,2026-07-01,"株式会社山口オフィス",,301,"新潟県","阿賀野市","北本町２１番３１号",,15,223,9592015,,,2026-07-01,01,,,2015-10-05,1,,,,,"ヤマグチオフィス",0
2184,9010401133190,11,0,2026-07-14,2026-07-03,"ＯＷＮ　ＥＸＣＬＵＳＩＶＥ　ＲＥＳＯＲＴ株式会社",,301,"東京都","港区","西新橋３丁目２３番５号御成門郵船ビルディング",,13,103,1050003,,,,,,,2017-08-09,1,,,,,"オウンエクスクルーシブリゾート",0
2185,9010401153701,01,1,2026-07-14,2020-07-03,"株式会社Ｍｉｒａｃｌｅ　Ｊａｐａｎ",,301,"東京都","港区","南麻布２丁目３－１１－１２０１",,13,103,1060047,,,,,,,2020-07-03,0,,,,,"ミラクルジャパン",0
2186,9010401153701,12,1,2026-07-14,2026-06-19,"株式会社Ｍｉｒａｃｌｅ　Ｊａｐａｎ",,301,"東京都","港区","白金１丁目２番１－Ｅ２６１４号",,13,103,1080072,,,,,,,2020-07-03,1,,,,,"ミラクルジャパン",0
2187,9010401171892,12,0,2026-07-14,2026-07-10,"エイドビューティー株式会社",,301,"東京都","世田谷区","等々力５丁目３番８号アベニュー等々力５－３０６号室",,13,112,1580082,,,,,,,2023-01-17,1,,,,,"エイドビューティー",0
2188,9010403018381,12,0,2026-07-14,2026-07-09,"合同会社ＩＴテクノロジーアパートメント",,305,"神奈川県","横浜市緑区","寺山町５０８番地１６",,14,113,2260013,,,,,,,2018-04-02,1,,,,,"アイティーテクノロジーアパートメント",0
2189,9010403020420,21,0,2026-07-14,2026-07-08,"ジャパンインターリンク合同会社",,305,"東京都","台東区","今戸２丁目２１番６号左３号室",,13,106,1110024,,,2026-07-08,01,,,2019-03-25,1,,,,,"ジャパンインターリンク",0
2190,9010502004670,12,0,2026-07-14,2026-07-10,"有限会社坂本電設",,302,"東京都","葛飾区","奥戸６丁目２３番１１号",,13,122,1240022,,,,,,,2015-10-05,1,,,,,"サカモトデンセツ",0
2191,9010503006385,12,0,2026-07-14,2026-07-08,"合同会社２ｎｄ　ｐｏｉｎｔ",,305,"東京都","豊島区","東池袋２丁目６２番８号ＢＩＧオフィスプラザ池袋１２０６",,13,116,1700013,,,,,,,2021-09-17,1,,,,,"セカンドポイント",0
2192,9010601062917,11,0,2026-07-14,2026-07-01,"カワワ株式会社",,301,"東京都","目黒区","自由が丘３丁目１７番２号",,13,110,1520035,,,,,,,2023-04-19,1,,,,,"カワワ",0
2193,9010701042174,12,0,2026-07-14,2026-07-09,"ＶＯＧＵＥ株式会社",,301,"神奈川県","横浜市神奈川区","栄町１０番地３５ザ・ヨコハマタワーズＥ２７０７号",,14,102,2210052,,,,,,,2022-02-03,1,,,,,"ヴォーグ",0
2194,9010801023792,21,0,2026-07-14,2026-07-06,"株式会社ＳＫＹ",,301,"東京都","大田区","東矢口３丁目１９－１０－２０３",,13,111,1460094,,,2026-07-06,01,,,2015-10-05,1,,,,,"スカイ",0
2195,9010901031646,21,0,2026-07-14,2026-07-02,"株式会社ケアリンク",,301,"東京都","渋谷区","渋谷３丁目１５番６号",,13,113,1500002,,,2026-07-02,01,,,2015-10-05,1,,,,,"ケアリンク",0
2196,9011001015242,21,0,2026-07-14,2026-06-11,"トゥエンティファースト株式会社",,301,"東京都","渋谷区","恵比寿西１丁目２番７号",,13,113,1500021,,,2026-06-11,11,1011001016099,"令和８年６月１１日東京都渋谷区恵比寿西一丁目２番７号トランスコーン株式会社（1011001016099）に合併し解散",2015-10-05,1,,,,,"トゥエンティファースト",0
2197,9011001038945,11,0,2026-07-14,2026-06-29,"株式会社ＮＴＴデータ・ウェーブ",,301,"東京都","渋谷区","千駄ヶ谷１丁目１４番５号",,13,113,1510051,,,,,,,2015-10-05,1,,,,,"エヌティティデータウェーブ",0
2198,9011001052954,01,1,2026-07-14,2015-10-05,"ユナイテッド・アドバイザーズ株式会社",,301,"東京都","渋谷区","代々木２丁目１１番１４号ＮＫビル",,13,113,1510053,,,,,,,2015-10-05,0,,,,,"ユナイテッドアドバーザーズ",0
2199,9011001052954,71,1,2026-07-14,2018-07-11,"ユナイテッド・アドバイザーズ株式会社",,301,"東京都","渋谷区","代々木２丁目１１番１４号ＮＫビル",,13,113,1510053,,,,,,"平成３０年７月１日東京都渋谷区代々木二丁目１１番１４号ＮＫビルＵＡビズサポート株式会社（1011001066846）を合併",2015-10-05,1,,,,,"ユナイテッドアドバーザーズ",0
2200,9011001091218,12,0,2026-07-14,2026-07-09,"株式会社エビスキチ",,301,"神奈川県","横浜市神奈川区","台町１８番地４",,14,102,2210834,,,,,,,2015-10-05,1,,,,,"エビスキチ",0
2201,9011001147234,12,0,2026-07-14,2026-07-03,"株式会社ブルーペッパージャパン",,301,"東京都","渋谷区","神宮前６丁目３１番１５号",,13,113,1500001,,,,,,,2022-04-27,1,,,,,"ブルーペッパージャパン",0
2202,9011001162877,12,0,2026-07-14,2026-06-24,"株式会社映心動",,301,"東京都","渋谷区","初台１丁目１９番１号２０１号",,13,113,1510061,,,,,,,2024-06-24,1,,,,,"エイシンドウ",0
2203,9011001179161,01,0,2026-07-14,2026-07-14,"株式会社４４Ｌａｂｓ",,301,"東京都","渋谷区","恵比寿西２丁目４番８号ウィンド恵比寿ビル８Ｆ",,13,113,1500021,,,,,,,2026-07-14,1,,,,,"ヨンヨンラボ",0
2204,9011002019085,21,0,2026-07-14,2026-07-01,"有限会社アスカ技研",,302,"東京都","渋谷区","代々木２丁目２４番７号",,13,113,1510053,,,2026-07-01,01,,,2015-10-05,1,,,,,,0
2205,9011003015637,12,0,2026-07-14,2026-07-03,"合同会社ファハラサ",,305,"東京都","渋谷区","神宮前４丁目２２番１７号ア・ルル表参道２０１号",,13,113,1500001,,,,,,,2022-11-02,1,,,,,"ファハラサ",0
2206,9011003018838,11,0,2026-07-14,2026-07-01,"レインメーカーズ株式会社",,301,"東京都","目黒区","三田２丁目１番５－２０２号",,13,110,1530062,,,,,,,2024-04-03,0,,,,,"プロジェクトラーテル",0
2207,9011003018838,71,0,2026-07-14,2026-07-01,"レインメーカーズ株式会社",,301,"東京都","目黒区","三田２丁目１番５－２０２号",,13,110,1530062,,,,,,"令和８年７月１日東京都目黒区三田二丁目１番５－２０２号レインメーカーズ株式会社（1011001160426）を合併",2024-04-03,1,,,,,"プロジェクトラーテル",0
2208,9011003024737,01,0,2026-07-14,2026-07-14,"合同会社ノーブル",,305,"東京都","目黒区","碑文谷５丁目２５番６号サンモア学芸大マンション１０１",,13,110,1520003,,,,,,,2026-07-14,1,,,,,"ノーブル",0
2209,9011003024803,01,0,2026-07-14,2026-07-14,"Ｆｏｌｋｓｐｏｔ合同会社",,305,"東京都","目黒区","八雲３丁目７番９号",,13,110,1520023,,,,,,,2026-07-14,1,,,,,"フォルクスポット",0
2210,9011003024844,01,0,2026-07-14,2026-07-14,"合同会社ＡｌｐｈａＢｅｔ",,305,"東京都","渋谷区","円山町５番５号Ｎａｖｉ渋谷Ｖ３階",,13,113,1500044,,,,,,,2026-07-14,1,,,,,"アルファベット",0
2211,9011005011551,01,0,2026-07-14,2026-07-14,"一般社団法人フロントエンドカンファレンスアソシエーション",,399,"東京都","渋谷区","円山町５番３号ＭＩＥＵＸ渋谷ビル８階",,13,113,1500044,,,,,,,2026-07-14,1,,,,,"フロントエンドカンファレンスアソシエーション",0
2212,9011101098419,12,0,2026-07-14,2026-06-17,"株式会社トータルアセットパートナーズ",,301,"東京都","中央区","日本橋富沢町７－１３Ｒ．ｃｏｒｅ日本橋人形町ビル９Ｆ",,13,102,1030006,,,,,,,2022-04-06,1,,,,,"トータルアセットパートナーズ",0
2213,9011101106593,12,0,2026-07-14,2026-06-15,"株式会社ＴＡＷ",,301,"東京都","新宿区","西新宿３丁目３番１５号新宿ワシントンホテルアネックス",,13,104,1600023,,,,,,,2024-03-19,1,,,,,"タウ",0
2214,9011101116717,01,0,2026-07-14,2026-07-14,"ＥＣＯＨＯ株式会社",,301,"東京都","新宿区","新宿５丁目１０番１０号海老沢ビル２０２",,13,104,1600022,,,,,,,2026-07-14,1,,,,,"エコホ",0
2215,9011101116758,01,0,2026-07-14,2026-07-14,"黒豆トレカ株式会社",,301,"東京都","新宿区","上落合１丁目２１番９号",,13,104,1610034,,,,,,,2026-07-14,1,,,,,"クロマメトレカ",0
2216,9011101116766,01,0,2026-07-14,2026-07-14,"株式会社ＺＥＸＴＥＲ",,301,"東京都","新宿区","西新宿３丁目３番１３号西新宿水間ビル６階",,13,104,1600023,,,,,,,2026-07-14,1,,,,,"ゼクスター",0
2217,9011105005560,21,0,2026-07-14,2026-07-09,"税理士法人ホンダ会計",,399,"東京都","新宿区","高田馬場４丁目４番１１号",,13,104,1690075,,,2026-07-09,01,,,2015-10-05,1,,,,,"ホンダカイケイ",0
2218,9011105006088,01,1,2026-07-14,2015-10-05,"弁護士法人コモンズ法律事務所",,399,"東京都","千代田区","麹町４丁目２番２号麹町陸ビル３階",,13,101,1020083,,,,,,,2015-10-05,0,,,,,"コモンズホウリツジムショ",0
2219,9011105006088,12,1,2026-07-14,2026-06-25,"弁護士法人コモンズ法律事務所",,399,"東京都","千代田区","麹町４丁目７番２号ＢＩＺＩＡ麹町ビル８階",,13,101,1020083,,,,,,,2015-10-05,1,,,,,"コモンズホウリツジムショ",0
2220,9011301031682,01,0,2026-07-14,2026-07-14,"株式会社プラセール・プラス",,301,"東京都","杉並区","永福４丁目４番２号МОＮビル４階",,13,115,1680064,,,,,,,2026-07-14,1,,,,,"プラセールプラス",0
2221,9011401005941,01,1,2026-07-14,2015-10-05,"松木相互株式会社",,301,"東京都","練馬区","春日町１丁目３３番２号",,13,120,1790074,,,,,,,2015-10-05,1,,,,,"マツキソウゴ",0
2222,9011501019486,12,0,2026-07-14,2026-07-13,"株式会社多幸会",,301,"東京都","北区","滝野川７丁目５－５",,13,117,1140023,,,,,,,2015-10-05,1,,,,,,0
2223,9011701021358,12,0,2026-07-14,2026-07-09,"株式会社東京健康国際",,301,"東京都","墨田区","錦糸１丁目２－１アルカセントラル１４Ｆ",,13,107,1300013,,,,,,,2017-12-06,1,,,,,"トウキョウケンコウコクサイ",0
2224,9011705000696,12,0,2026-07-14,2026-07-06,"特定非営利活動法人自立支援センターむく",,399,"東京都","江戸川区","新堀２丁目３０番２号",,13,123,1320001,,,,,,,2015-10-05,1,,,,,"ジリツシエンセンタームク",0
2225,9011801029714,21,0,2026-07-14,2026-07-06,"株式会社ランドクリエーション",,301,"東京都","葛飾区","立石２丁目３番１２号",,13,122,1240012,,,2026-07-06,01,,,2015-10-05,1,,,,,"ランドクリエーション",0
2226,9012301008126,01,1,2026-07-14,2015-10-05,"株式会社サムズアップ",,301,"東京都","町田市","つくし野２丁目３０番地４",,13,209,1940001,,,,,,,2015-10-05,1,,,,,"サムズアップ",0
2227,9012301014264,12,0,2026-07-14,2026-07-10,"株式会社シナジーＫ",,301,"東京都","町田市","小川２丁目２５番地１３",,13,209,1940003,,,,,,,2025-02-18,1,,,,,"シナジーケイ",0
2228,9012302008117,12,0,2026-07-14,2026-07-10,"有限会社ＥＹＥＲｉｓｅ",,302,"東京都","町田市","小山町３４４９番地７９",,13,209,1940212,,,,,,,2015-10-05,1,,,,,"アイライズ",0
2229,9012401020468,21,0,2026-07-14,2026-06-30,"桜リアルエステート株式会社",,301,"東京都","武蔵野市","境南町２丁目１番６号",,13,203,1800023,,,2026-06-30,01,,,2015-10-05,1,,,,,"サクラリアルエステート",0
2230,9012402021936,21,0,2026-07-14,2026-06-30,"有限会社ＨＡＳＨＩＤＡサービス",,302,"東京都","武蔵野市","吉祥寺南町１丁目２４番１２号",,13,203,1800003,,,2026-06-30,01,,,2015-10-05,1,,,,,"ハシダサービス",0
2231,9012703003451,12,0,2026-07-14,2026-07-09,"合同会社Ｂｏｕ",,305,"神奈川県","横浜市青葉区","荏田北１丁目１９番地２７",,14,117,2250015,,,,,,,2026-01-23,1,,,,,"ボウ",0
2232,9012801009689,12,0,2026-07-14,2026-07-10,"株式会社ＴＫロジスティクス",,301,"東京都","三鷹市","大沢５丁目１９番１４号",,13,204,1810015,,,,,,,2015-10-05,1,,,,,"ティーケーロジスティクス",0
2233,9012803004143,01,0,2026-07-14,2026-07-14,"合同会社東大和伸",,305,"東京都","東大和市","向原４丁目２番地の４２",,13,220,2070013,,,,,,,2026-07-14,1,,,,,"ヒガシヤマトシン",0
2234,9013201011624,12,0,2026-07-14,2026-07-06,"株式会社ベネ・キャピタル・アセット・マネジメント",,301,"東京都","渋谷区","本町３丁目３１番３－３０３号",,13,113,1510071,,,,,,,2015-10-05,1,,,,,"ベネキャピタルアセットマネジメント",0
2235,9013301031927,01,1,2026-07-14,2015-10-05,"ＰＧビジネスサービス株式会社",,301,"東京都","豊島区","東池袋４丁目２４番３号",,13,116,1700013,,,,,,,2015-10-05,1,,,,,,0
2236,9013401004799,01,1,2026-07-14,2015-10-05,"株式会社新城組",,301,"東京都","稲城市","押立１２５２番地",,13,225,2060811,,,,,,,2015-10-05,0,,,,,"シンジョウグミ",0
2237,9013401004799,12,1,2026-07-14,2016-07-20,"株式会社新城組",,301,"東京都","稲城市","東長沼９８１番地の５ハイム双葉１０１",,13,225,2060802,,,,,,,2015-10-05,0,,,,,"シンジョウグミ",0
2238,9013401004799,12,1,2026-07-14,2022-04-25,"株式会社新城組",,301,"東京都","稲城市","押立１１４４番地１２－１０３",,13,225,2060811,,,,,,,2015-10-05,1,,,,,"シンジョウグミ",0
2239,9020001130562,12,0,2026-07-14,2026-07-01,"株式会社ＴＥＭ",,301,"神奈川県","横浜市西区","北幸２丁目６番１号ＯＮＥＳＴ横浜西口ビル７階",,14,103,2200004,,,,,,,2019-04-04,1,,,,,"ティーイーエム",0
2240,9020001169469,01,0,2026-07-14,2026-07-14,"栄匠株式会社",,301,"神奈川県","横浜市緑区","東本郷４丁目２９番３３号",,14,113,2260002,,,,,,,2026-07-14,1,,,,,"エイショウ",0
2241,9020001169477,01,0,2026-07-14,2026-07-14,"株式会社ステラーパートナーズ",,301,"神奈川県","横浜市港北区","新横浜２丁目５番地１３加瀬２２６ビル",,14,109,2220033,,,,,,,2026-07-14,1,,,,,"ステラーパートナーズ",0
2242,9020001169485,01,0,2026-07-14,2026-07-14,"株式会社ｋａｎａｔａ",,301,"神奈川県","横浜市南区","新川町５丁目３０－２リヴシティ横濱新川町弐番館１１０２号室",,14,105,2320027,,,,,,,2026-07-14,1,,,,,"カナタ",0
2243,9020001169519,01,0,2026-07-14,2026-07-14,"株式会社ＳＫＹ　ＧＬＯＢＡＬ　ＴＲＡＤＩＮＧ",,301,"神奈川県","横浜市青葉区","新石川４丁目１１番地１７",,14,117,2250003,,,,,,,2026-07-14,1,,,,,"スカイグローバルトレーディング",0
2244,9020001169576,01,0,2026-07-14,2026-07-14,"株式会社ＳＯＲＴＥ",,301,"神奈川県","川崎市麻生区","王禅寺東４丁目１３番１５号",,14,137,2150018,,,,,,,2026-07-14,1,,,,,"ソルテ",0
2245,9020002088453,21,0,2026-07-14,2026-07-02,"有限会社緒形土建",,302,"神奈川県","川崎市高津区","末長３丁目２８番１６号",,14,134,2130013,,,2026-07-02,01,,,2015-10-05,1,,,,,"オガタドケン",0
2246,9020003031404,01,0,2026-07-14,2026-07-14,"合同会社Ｓｔａｒｓ",,305,"神奈川県","川崎市川崎区","追分町４番２－７０１号クリオ川崎伍番館",,14,131,2100835,,,,,,,2026-07-14,1,,,,,"スターズ",0
2247,9020003031412,01,0,2026-07-14,2026-07-14,"合同会社Ｓｅｇｅｎ",,305,"神奈川県","川崎市幸区","下平間１９６－２新井ビル１階",,14,132,2120053,,,,,,,2026-07-14,1,,,,,"ゼーゲン",0
2248,9020003031429,01,0,2026-07-14,2026-07-14,"合同会社Ｓ‐２",,305,"神奈川県","横浜市西区","高島２丁目１１番２号スカイメナー横浜５１９",,14,103,2200011,,,,,,,2026-07-14,1,,,,,"エスツー",0
2249,9020005017343,01,0,2026-07-14,2026-07-14,"ＪＲ東日本輸送サービス労働組合横浜地方本部",,399,"神奈川県","横浜市神奈川区","新子安１丁目２－１",,14,102,2210013,,,,,,,2026-07-14,1,,,,,"ジェイアールヒガシニホンユソウサービスロウドウクミアイヨコハマチホウホンブ",0
2250,9021001088650,01,0,2026-07-14,2026-07-14,"株式会社ＭＡＤＴＨＡＮＫＳ",,301,"神奈川県","大和市","つきみ野７丁目９番地６",,14,213,2420002,,,,,,,2026-07-14,1,,,,,"マッドサンクス",0
2251,9021002046475,01,1,2026-07-14,2015-10-05,"シンワ機材有限会社",,302,"神奈川県","綾瀬市","深谷上８丁目１８番１号",,14,218,2521108,,,,,,,2015-10-05,1,,,,,"シンワキザイ",0
2252,9021003016072,21,0,2026-07-14,2026-06-19,"ＴＩＮＡＤＯ合同会社",,305,"神奈川県","相模原市中央区","上矢部２丁目１番７－３号",,14,152,2520201,,,2026-06-19,01,,,2025-06-02,1,,,,,"ティナド",0
2253,9030001024631,21,0,2026-07-14,2026-06-30,"株式会社東建",,301,"埼玉県","所沢市","緑町２丁目７番１８号",,11,208,3591111,,,2026-06-30,01,,,2015-10-05,1,,,,,"トウケン",0
2254,9030001153174,12,0,2026-07-14,2026-06-29,"ＨＩＧＨ工業株式会社",,301,"埼玉県","越谷市","花田５丁目１９－４１",,11,222,3430015,,,,,,,2023-04-11,1,,,,,"ハイコウギョウ",0
2255,9030001173271,01,0,2026-07-14,2026-07-14,"株式会社アンフィニプロジェクト",,301,"埼玉県","さいたま市南区","白幡３丁目１２番１６号",,11,108,3360022,,,,,,,2026-07-14,1,,,,,"アンフィニプロジェクト",0
2256,9030001173321,01,0,2026-07-14,2026-07-14,"株式会社月",,301,"埼玉県","八潮市","大字西袋２８番地４",,11,234,3400833,,,,,,,2026-07-14,1,,,,,"アイ",0
2257,9030002040149,12,0,2026-07-14,2026-06-29,"株式会社中川商店",,301,"埼玉県","さいたま市見沼区","大字東門前４６８",,11,104,3370016,,,,,,,2015-10-05,1,,,,,"ナカガワショウテン",0
2258,9030002057622,12,0,2026-07-14,2026-07-08,"有限会社フランダース",,302,"埼玉県","さいたま市北区","宮原町４丁目３番１２号",,11,102,3310812,,,,,,,2015-10-05,1,,,,,"フランダース",0
2259,9030002072241,01,1,2026-07-14,2015-10-05,"有限会社石井園芸",,302,"埼玉県","川越市","大字今福３８３番地",,11,201,3501151,,,,,,,2015-10-05,1,,,,,"イシイエンゲイ",0
2260,9030005001890,12,0,2026-07-14,2026-06-30,"社会福祉法人なないろ会",,399,"埼玉県","さいたま市南区","鹿手袋７丁目１９番３２号",,11,108,3360031,,,,,,,2015-10-05,1,,,,,"ナナイロカイ",0
2261,9040001041774,12,0,2026-07-14,2026-07-02,"株式会社テイ・テック",,301,"千葉県","鎌ケ谷市","中沢３８８番地７",,12,224,2730118,,,,,,,2015-10-05,1,,,,,"テイテック",0
2262,9040001060709,12,0,2026-07-14,2026-07-01,"株式会社イールアップ",,301,"千葉県","千葉市花見川区","長作町１２３１番５２",,12,102,2620044,,,,,,,2015-10-05,1,,,,,"イールアップ",0
2263,9040001080673,01,1,2026-07-14,2015-10-05,"サンメイクリゾート株式会社",,301,"千葉県","大網白里市","上谷新田４３９番地６",,12,239,2993268,,,,,,,2015-10-05,1,,,,,"サンメイクリゾート",0
2264,9040001090623,01,1,2026-07-14,2015-10-05,"株式会社ＮＡＭＡＬ　ＴＲＡＤＩＮＧ",,301,"千葉県","野田市","船形１０１番地",,12,208,2700233,,,,,,,2015-10-05,0,,,,,"ナマルトレーディング",0
2265,9040001090623,12,1,2026-07-14,2018-09-06,"株式会社ＮＡＭＡＬ　ＴＲＡＤＩＮＧ",,301,"埼玉県","春日部市","上柳５４８番地４",,11,214,3440121,,,,,,,2015-10-05,1,,,,,"ナマルトレーディング",0
2266,9040001104721,12,0,2026-07-14,2026-06-25,"株式会社ヒノデ商会",,301,"千葉県","佐倉市","鏑木町１１５１－１３",,12,212,2850025,,,,,,,2018-05-18,1,,,,,"ヒノデショウカイ",0
2267,9040001130858,12,0,2026-07-14,2026-07-01,"株式会社明志建設",,301,"千葉県","市原市","山倉２００番地",,12,219,2900201,,,,,,,2023-11-10,1,,,,,"アカシケンセツ",0
2268,9040001144528,01,0,2026-07-14,2026-07-14,"株式会社福＿",00144286,301,"千葉県","松戸市","古ケ崎４丁目３５３７番地の７",,12,207,2710068,,,,,,,2026-07-14,1,,,,,"フクシン",0
2269,9040001144544,01,0,2026-07-14,2026-07-14,"株式会社Ｍ．Ｕ．Ｗｏｒｋｓ",,301,"千葉県","市川市","東大和田２丁目５番１号市川パークホームズ６０３号室",,12,203,2720026,,,,,,,2026-07-14,1,,,,,"エムユーワークス",0
2270,9040002015471,12,0,2026-07-14,2026-07-01,"アクセスライフ株式会社",,301,"千葉県","千葉市稲毛区","小仲台６丁目１番２号",,12,103,2630043,,,,,,,2015-10-05,1,,,,,"アクセスライフ",0
2271,9040002063520,21,0,2026-07-14,2026-06-24,"有限会社土屋産業",,302,"千葉県","八街市","四木３０３番地",,12,230,2891122,,,2026-06-24,01,,,2015-10-05,1,,,,,"ツチヤサンギョウ",0
2272,9050001043571,21,0,2026-07-14,2026-07-06,"ビーダブリュー株式会社",,301,"茨城県","水戸市","堀町２０６８番地の１７",,08,201,3100903,,,2026-07-06,01,,,2017-10-27,1,,,,,"ビーダブリュー",0
2273,9050002043645,21,0,2026-07-14,2026-07-02,"有限会社石のタケウチ",,302,"茨城県","筑西市","舟生６７２番地の２",,08,227,3080111,,,2026-07-02,01,,,2015-10-05,1,,,,,"イシノタケウチ",0
2274,9060001027739,12,0,2026-07-14,2026-07-06,"株式会社丸和",,301,"栃木県","真岡市","石島９７５番地２",,09,209,3214507,,,,,,,2015-12-02,1,,,,,"マルワ",0
2275,9060001028794,21,0,2026-07-14,2026-07-07,"日本テクノサービス株式会社",,301,"栃木県","小山市","大字雨ケ谷新田４３番地９",,09,208,3230824,,,2026-07-07,01,,,2016-11-14,1,,,,,"ニホンテクノサービス",0
2276,9060002022458,01,1,2026-07-14,2015-10-05,"有限会社豊浦石油",,302,"栃木県","那須塩原市","豊浦町１００番地４８３",,09,213,3250064,,,,,,,2015-10-05,1,,,,,"トヨウラセキユ",0
2277,9060003003242,12,0,2026-07-14,2026-07-10,"ＳＵＭＩ’ｓ工業株式会社",,301,"群馬県","館林市","大島町５３２１番地６",,10,207,3740001,,,,,,,2019-12-06,1,,,,,"スミスコウギョウ",0
2278,9060003006146,01,0,2026-07-14,2026-07-14,"北関東相続サポートセンター合同会社",,305,"栃木県","宇都宮市","中央５丁目１６番１３号ミッテ宇都宮３０１",,09,201,3200806,,,,,,,2026-07-14,1,,,,,"キタカントウソウゾクサポートセンター",0
2279,9070001032003,01,1,2026-07-14,2016-04-04,"株式会社エスケーテック",,301,"群馬県","高崎市","上大島町８５５番地８",,10,202,3703335,,,,,,,2016-04-04,1,,,,,"エスケーテック",0
2280,9070001044254,01,0,2026-07-14,2026-07-14,"株式会社ジョーカーズメイカー",,301,"群馬県","前橋市","南町３丁目５０番地２",,10,201,3710805,,,,,,,2026-07-14,1,,,,,"ジョーカーズメイカー",0
2281,9070001044312,01,0,2026-07-14,2026-07-14,"株式会社ＨＡＮＡＢＩ",,301,"群馬県","前橋市","天川原町１丁目２０番地８ラ・ベル・エキップＣ号室",,10,201,3710803,,,,,,,2026-07-14,1,,,,,,0
2282,9070001044320,01,0,2026-07-14,2026-07-14,"株式会社テンダー",,301,"群馬県","高崎市","飯塚町１７２３番地５",,10,202,3700069,,,,,,,2026-07-14,1,,,,,"テンダー",0
2283,9070002021715,21,0,2026-07-14,2026-07-06,"有限会社あいおい",,302,"群馬県","前橋市","本町２丁目９番１０号",,10,201,3710023,,,2026-07-06,01,,,2015-10-05,1,,,,,"アイオイ",0
2284,9070003006483,01,0,2026-07-14,2026-07-14,"ＳＨＡＨＩＤ合同会社",,305,"群馬県","吾妻郡中之条町","大字中之条町１２３番地１７中之条ハイツ１０１",,10,421,3770424,,,,,,,2026-07-14,1,,,,,,0
2285,9070003006509,01,0,2026-07-14,2026-07-14,"合同会社お片付けの力",,305,"群馬県","甘楽郡甘楽町","大字天引６６番地１２",,10,384,3702217,,,,,,,2026-07-14,1,,,,,,0
2286,9080001003333,12,0,2026-07-14,2026-07-10,"中部信用保証株式会社",,301,"東京都","港区","港南２丁目１５番３号",,13,103,1080075,,,,,,,2015-10-05,1,,,,,"チュウブシンヨウホショウ",0
2287,9080001027704,01,0,2026-07-14,2026-07-14,"株式会社アスタリスク",,301,"静岡県","静岡市葵区","紺屋町１７番地の１葵タワー１階",,22,101,4200852,,,,,,,2026-07-14,1,,,,,"アスタリスク",0
2288,9080001027712,01,0,2026-07-14,2026-07-14,"株式会社ＳＣＳ",,301,"静岡県","静岡市葵区","常磐町１丁目２番地の７冨井ビル３階",,22,101,4200034,,,,,,,2026-07-14,1,,,,,"エスシーエス",0
2289,9080002012928,12,0,2026-07-14,2026-07-08,"有限会社フォルム",,302,"静岡県","静岡市駿河区","中野新田７２３番地の３４０",,22,102,4228051,,,,,,,2015-10-05,1,,,,,,0
2290,9080101021937,12,0,2026-07-14,2026-07-08,"株式会社Ｃｅｅｐｏｒｔ",,301,"静岡県","駿東郡長泉町","上土狩３４番地",,22,342,4110941,,,,,,,2020-08-03,1,,,,,"シーポート",0
2291,9080101026399,01,0,2026-07-14,2026-07-14,"株式会社セレクトスギヤマ",,301,"静岡県","富士宮市","北山５４５２番地の１８",,22,207,4180112,,,,,,,2026-07-14,1,,,,,"セレクトスギヤマ",0
2292,9080401001036,01,1,2026-07-14,2015-10-05,"株式会社大庭塗装工業所",,301,"静岡県","浜松市中区","中島３丁目１２番１４号",,22,131,4300856,,,,,,,2015-10-05,0,,,,,"オオバトソウコウギョウショ",0
2293,9080401001036,12,1,2026-07-14,2024-01-04,"株式会社大庭塗装工業所",,301,"静岡県","浜松市中央区","中島３丁目１２番１４号",,22,138,4300856,,,,,,,2015-10-05,1,,,,,"オオバトソウコウギョウショ",0
2294,9080401005664,12,0,2026-07-14,2026-07-01,"株式会社ユタカ開発",,301,"静岡県","浜松市中央区","笠井新田町１３１４番地の１２",,22,138,4313105,,,,,,,2015-10-05,1,,,,,"ユタカカイハツ",0
2295,9080401024177,12,0,2026-07-14,2026-07-01,"株式会社絆",,301,"静岡県","磐田市","長須賀８９番地",,22,211,4380069,,,,,,,2020-03-11,1,,,,,"キズナ",0
2296,9090001013109,01,1,2026-07-14,2015-10-05,"甲斐保険株式会社",,301,"山梨県","都留市","夏狩２０３３番地",,19,204,4020035,,,,,,,2015-10-05,1,,,,,"カイホケン",0
2297,9090001019989,01,0,2026-07-14,2026-07-14,"株式会社フェイスリンク",,301,"山梨県","中央市","若宮１９番地１１、１Ｆ",,19,214,4093803,,,,,,,2026-07-14,1,,,,,"フェイスリンク",0
2298,9090002005534,12,0,2026-07-14,2026-07-08,"有限会社ジェイジーフードサービス",,302,"山梨県","甲府市","上石田２丁目３０番３８号",,19,201,4000041,,,,,,,2015-10-05,1,,,,,"ジェイジーフードサービス",0
2299,9090002006549,01,1,2026-07-14,2015-10-05,"有限会社太田企画",,302,"山梨県","甲府市","徳行３丁目４番１９号",,19,201,4000047,,,,,,,2015-10-05,1,,,,,"オオタキカク",0
2300,9100001039845,01,0,2026-07-14,2026-07-14,"株式会社プレシャスタイム",,301,"長野県","伊那市","西春近８１００番地１１",,20,209,3994431,,,,,,,2026-07-14,1,,,,,"プレシャスタイム",0
2301,9100002009715,21,0,2026-07-14,2026-07-10,"昭和食品有限会社",,302,"長野県","千曲市","大字磯部５０２番地",,20,218,3890806,,,2026-07-10,01,,,2015-10-05,1,,,,,"ショウワショクヒン",0
2302,9100003008848,01,0,2026-07-14,2026-07-14,"合同会社ＣｙｂｅｒＢｅａｔ",,305,"長野県","上田市","常磐城６丁目３番２４－２０７号",,20,203,3860027,,,,,,,2026-07-14,1,,,,,"サイバービート",0
2303,9100005002849,21,0,2026-07-14,2026-07-10,"特定非営利活動法人風とみどりの会",,399,"長野県","長野市","川中島町上氷鉋５００番地１",,20,201,3812233,,,2026-07-10,01,,,2015-10-05,1,,,,,"カゼトミドリノカイ",0
2304,9100005013516,01,0,2026-07-14,2026-07-14,"特定非営利活動法人とがくしの郷",,399,"長野県","長野市","戸隠豊岡字和沢２２１２番地１",,20,201,3814102,,,,,,,2026-07-14,1,,,,,"トガクシノサト",0
2305,9110001015473,01,1,2026-07-14,2015-10-05,"株式会社小幡製作所",,301,"新潟県","三条市","栗林６９３番地１",,15,204,9550085,,,,,,,2015-10-05,1,,,,,"オバタセイサクショ",0
2306,9110001028054,01,1,2026-07-14,2015-10-05,"株式会社渡辺建設",,301,"新潟県","新発田市","新栄町１丁目３番２４号",,15,206,9570063,,,,,,,2015-10-05,0,,,,,"ワタナベケンセツ",0
2307,9110001028054,21,0,2026-07-14,2026-07-01,"株式会社渡辺建設",,301,"新潟県","新発田市","新栄町１丁目３番２４号",,15,206,9570063,,,2026-07-01,01,,,2015-10-05,1,,,,,"ワタナベケンセツ",0
2308,9110005014315,01,1,2026-07-14,2015-10-05,"西方寺",,399,"新潟県","佐渡市","北田野浦１５６９番地",,15,224,9522213,,,,,,,2015-10-05,1,,,,,"サイホウジ",0
2309,9120001006983,01,1,2026-07-14,2015-10-05,"株式会社上室商店",,301,"大阪府","大阪市都島区","片町２丁目４番８号",,27,102,5340025,,,,,,,2015-10-05,1,,,,,"ウエムロショウテン",0
2310,9120001015043,12,0,2026-07-14,2026-07-08,"株式会社シギタ商会",,301,"大阪府","大阪市城東区","鴫野東２丁目１２番７号",,27,118,5360013,,,,,,,2015-10-05,1,,,,,"シギタショウカイ",0
2311,9120001230583,12,0,2026-07-14,2026-07-06,"株式会社ＡＲＫ",,301,"大阪府","大阪市中央区","南船場３丁目３番４サカイビルディング",,27,128,5420081,,,,,,,2020-07-27,1,,,,,"アーク",0
2312,9120001244674,21,0,2026-07-14,2026-07-07,"Ｒｅｇａｔｈｅｒ株式会社",,301,"大阪府","大阪市中央区","松屋町９番２０号ローレルステート松屋町８０８Ａ",,27,128,5420067,,,2026-07-07,01,,,2022-03-28,1,,,,,"リギャザー",0
2313,9120001273541,21,0,2026-07-14,2026-07-08,"物格株式会社",,301,"大阪府","大阪市大正区","三軒家西３丁目４番１６号中山ビル１０４３",,27,108,5510001,,,2026-07-08,01,,,2025-03-19,1,,,,,"ブツカク",0
2314,9120001287797,01,0,2026-07-14,2026-07-14,"株式会社まるとくフーズ",,301,"大阪府","大阪市生野区","巽東３丁目１４番２４号フェリオカーネ２０１号",,27,116,5440014,,,,,,,2026-07-14,1,,,,,"マルトクフーズ",0
2315,9120003017673,21,0,2026-07-14,2026-07-07,"ぴったり合同会社",,305,"大阪府","大阪市中央区","南船場２丁目１２－１０",,27,128,5420081,,,2026-07-07,01,,,2020-07-21,1,,,,,"ピッタリ",0
2316,9120003033027,01,0,2026-07-14,2026-07-14,"合同会社総合デザイン企画",,305,"大阪府","大阪市東住吉区","南田辺２丁目１４番１号",,27,121,5460033,,,,,,,2026-07-14,1,,,,,"ソウゴウデザインキカク",0
2317,9120003033084,01,0,2026-07-14,2026-07-14,"合同会社スタンドアップ",,305,"大阪府","大阪市港区","磯路２丁目１４番１号松下マンション４０１",,27,107,5520003,,,,,,,2026-07-14,1,,,,,"スタンドアップ",0
2318,9120005025674,01,0,2026-07-14,2026-07-14,"医療法人彩芽会",,399,"大阪府","寝屋川市","香里南之町２８番１８号エム・ケイ５香里園駅前ビル２階",,27,215,5720084,,,,,,,2026-07-14,1,,,,,"アヤメカイ",0
2319,9120101067703,12,0,2026-07-14,2026-07-08,"ＳＵＮＲＥＸ株式会社",,301,"大阪府","堺市中区","土師町４丁２５番８号",,27,142,5998238,,,,,,,2023-06-12,1,,,,,"サンレックス",0
2320,9120901029588,01,1,2026-07-14,2015-10-05,"株式会社イエラエ",,301,"大阪府","箕面市","粟生間谷西７丁目３９番１０号",,27,220,5620023,,,,,,,2015-10-05,0,,,,,,0
2321,9120901029588,11,1,2026-07-14,2015-11-25,"株式会社ＧＯＯＤ　ＬＵＣＫ",,301,"大阪府","箕面市","粟生間谷西７丁目３９番１０号",,27,220,5620023,,,,,,,2015-10-05,0,,,,,"グッドラック",0
2322,9120901029588,12,1,2026-07-14,2015-12-03,"株式会社ＧＯＯＤ　ＬＵＣＫ",,301,"神奈川県","川崎市麻生区","百合丘３丁目１２番１号ＣＷ１００３",,14,137,2150011,,,,,,,2015-10-05,1,,,,,"グッドラック",0
2323,9120901052945,01,0,2026-07-14,2026-07-14,"株式会社Ｍ＆Ｈ",,301,"大阪府","吹田市","山手町２丁目１９番１１号",,27,205,5640073,,,,,,,2026-07-14,1,,,,,"エムアンドエイチ",0
2324,9130001061152,12,0,2026-07-14,2026-06-26,"株式会社キングシャイン",,301,"京都府","京都市山科区","大宅御所田町４８番地４",,26,110,6078179,,,,,,,2017-12-20,1,,,,,"キングシャイン",0
2325,9130001069096,12,0,2026-07-14,2026-06-29,"株式会社Ｄｅ－Ｐａｓｓｏ",,301,"京都府","京都市伏見区","中島前山町１１６マリッチ赤池１０１",,26,109,6128464,,,,,,,2021-04-12,1,,,,,"ディーパッソ",0
2326,9130001074914,12,0,2026-07-14,2026-07-09,"ＨＡＲＵＫＡ株式会社",,301,"京都府","京都市中京区","三条通神泉苑西入今新在家西町３番地",,26,104,6048801,,,,,,,2023-08-09,1,"HARUKA Co.,Ltd.",,,,"ハルカ",0
2327,9130003011493,01,0,2026-07-14,2026-07-14,"合同会社ＡＫ　ｉｎｔｅｒｎａｔｉｏｎａｌ",,305,"京都府","八幡市","男山長沢１０－５－Ｂ２０５",,26,210,6148367,,,,,,,2026-07-14,1,,,,,"エーケーインターナショナル",0
2328,9130005016722,01,1,2026-07-14,2023-04-04,"一般社団法人日本呼吸器外科学会",,399,"京都府","京都市中京区","御池通高倉西入高宮町２００千代田生命京都御池ビル３Ｆ",,26,104,6040835,,,,,,,2023-04-04,1,,,,,"ニホンコキュウキゲカガッカイ",0
2329,9140001017888,01,1,2026-07-14,2015-10-05,"藤原化工株式会社",,301,"兵庫県","神戸市須磨区","青葉町４丁目１番１号",,28,107,6540038,,,,,,,2015-10-05,1,,,,,"フジワラカコウ",0
2330,9140001073980,12,0,2026-07-14,2026-07-10,"株式会社Ｂｌｏｏｍ　Ｃｏｌｏｒ　Ｓｔｕｄｉｏ",,301,"兵庫県","西宮市","門戸岡田町８－１５",,28,204,6620826,,,,,,,2015-10-05,1,,,,,"ブルームカラースタジオ",0
2331,9140001093855,12,0,2026-07-14,2026-07-06,"株式会社Ｈｏｍｅ",,301,"兵庫県","朝来市","立野１６９番地１",,28,225,6793424,,,,,,,2015-10-05,0,,,,,,0
2332,9140001093855,11,0,2026-07-14,2026-07-06,"株式会社ひらやま",,301,"兵庫県","朝来市","立野１６９番地１",,28,225,6793424,,,,,,,2015-10-05,1,,,,,"ヒラヤマ",0
2333,9140001112474,21,0,2026-07-14,2026-07-03,"田中建設株式会社",,301,"兵庫県","神戸市須磨区","白川字上側地１３４番地の２",,28,107,6540101,,,2026-07-03,01,,,2019-01-16,1,,,,,"タナカケンセツ",0
2334,9140001143379,01,0,2026-07-14,2026-07-14,"株式会社Ｌｅｅｅｆ",,301,"兵庫県","神戸市北区","西大池１丁目１７番２６号",,28,109,6511201,,,,,,,2026-07-14,1,,,,,"リーフ",0
2335,9140001143404,01,0,2026-07-14,2026-07-14,"サニテックソリューションズ株式会社",,301,"兵庫県","明石市","本町２丁目１－２９みなと明石ビル２１号室",,28,203,6730892,,,,,,,2026-07-14,1,,,,,"サニテックソリューションズ",0
2336,9140001143412,01,0,2026-07-14,2026-07-14,"株式会社ＨＩＴＯＥＮＩ",,301,"兵庫県","姫路市","安富町安志１２７１番地１",,28,201,6712401,,,,,,,2026-07-14,1,,,,,"ヒトエニ",0
2337,9140001143429,01,0,2026-07-14,2026-07-14,"スマイルエステート株式会社",,301,"兵庫県","西宮市","甲風園１丁目５番１５号ディアーナビル",,28,204,6620832,,,,,,,2026-07-14,1,,,,,"スマイルエステート",0
2338,9140002032481,01,1,2026-07-14,2015-10-05,"有限会社愛和電気設備",,302,"兵庫県","宍粟市","山崎町段２１７番地の１",,28,227,6712552,,,,,,,2015-10-05,1,,,,,"アイワデンキセツビ",0
2339,9150001010512,01,1,2026-07-14,2015-10-05,"株式会社三幸商舗",,301,"奈良県","橿原市","見瀬町１９４９番地の２",,29,205,6340064,,,,,,,2015-10-05,1,,,,,"サンコウショウホ",0
2340,9150003001880,01,1,2026-07-14,2019-01-25,"合同会社番条屋",,305,"奈良県","大和郡山市","番条町６１５番地",,29,203,6391117,,,,,,,2019-01-25,1,,,,,"バンジョウヤ",0
2341,9160005003420,21,0,2026-07-14,2026-07-10,"農事組合法人湖北町農産物直売組合",,399,"滋賀県","長浜市","湖北町今西１７３１番地１",,25,203,5290365,,,2026-07-10,01,,,2015-10-05,1,,,,,"コホクチョウノウサンブツチョクバイクミアイ",0
2342,9180001011573,12,0,2026-07-14,2026-07-09,"株式会社イズミ",,301,"愛知県","名古屋市北区","上飯田北町２丁目１番地の３",,23,103,4620802,,,,,,,2015-10-05,1,,,,,"イズミ",0
2343,9180001079330,01,1,2026-07-14,2015-10-05,"株式会社陶苑かね吉",,301,"愛知県","瀬戸市","鹿乗町４９０番地",,23,204,4890007,,,,,,,2015-10-05,1,,,,,"トウエンカネキチ",0
2344,9180001104393,21,0,2026-07-14,2026-07-06,"ＳＭＲ　Ａｕｔｏｍｏｔｉｖｅ　Ｏｐｅｒａｔｉｏｎｓ　Ｊａｐａｎ株式会社",,301,"愛知県","名古屋市中区","丸の内１丁目１６番４号",,23,106,4600002,,,2026-07-06,11,7030001060810,"令和８年４月１日群馬県藤岡市藤岡１３６０番地美里工業株式会社（7030001060810）に合併し解散",2015-10-05,1,,,,,"エスエムアールオートモーティブオペレーションズジャパン",0
2345,9180001125175,11,0,2026-07-14,2026-06-24,"聖和ワークス株式会社",,301,"三重県","桑名市","大字蛎塚新田８８７番地１（２階）",,24,205,5110861,,,,,,,2016-10-18,1,,,,,"セイワワークス",0
2346,9180001138714,21,0,2026-07-14,2026-07-01,"株式会社クルール豊田",,301,"愛知県","名古屋市中区","丸の内３丁目２０番９号三晃社ビル３階",,23,106,4600002,,,2026-07-01,11,8180001102539,"令和８年７月１日名古屋市中区丸の内三丁目２０番９号三晃社ビル３階株式会社アフェクトホールディングス（8180001102539）に合併し解散",2019-11-14,1,,,,,"クルールトヨタ",0
2347,9180001143739,11,0,2026-07-14,2026-07-06,"株式会社アイビーラボ",,301,"愛知県","名古屋市中区","千代田３丁目１４番１９号",,23,106,4600012,,,,,,,2020-11-26,1,,,,,"アイビーラボ",0
2348,9180001172746,01,0,2026-07-14,2026-07-14,"株式会社ｅｐｏｋａ",,301,"愛知県","名古屋市南区","赤坪町２４３番地１",,23,112,4570024,,,,,,,2026-07-14,1,,,,,"エポカ",0
2349,9180002004403,01,1,2026-07-14,2015-10-05,"有限会社昭栄サービス",,302,"愛知県","名古屋市千種区","松軒２丁目１番１９号",,23,101,4640084,,,,,,,2015-10-05,1,,,,,"ショウエイサービス",0
2350,9180005014812,11,0,2026-07-14,2026-07-07,"医療法人Ａｒｉｇｈｔ",,399,"愛知県","あま市","甚目寺畦田６０番地１",,23,237,4901111,,,,,,,2015-10-05,1,,,,,"アライト",0
2351,9180005021593,01,0,2026-07-14,2026-07-14,"特定非営利活動法人ブライト・エニー・カラーズ",,399,"愛知県","名古屋市千種区","東山通５丁目１０８番地",,23,101,4640807,,,,,,,2026-07-14,1,,,,,"ブライトエニーカラーズ",0
2352,9180005021602,01,0,2026-07-14,2026-07-14,"一般財団法人Ｔ．ＦＥＬＩＣＩＡ　ＪＡＰＡＮ",,399,"愛知県","名古屋市昭和区","南山町１３番地の８",,23,107,4660835,,,,,,,2026-07-14,1,,,,,"ティーフェリシアジャパン",0
2353,9180302016164,01,1,2026-07-14,2015-10-05,"有限会社テクニクス",,302,"愛知県","豊川市","三谷原町池之上１６番地３",,23,207,4420805,,,,,,,2015-10-05,0,,,,,"テクニクス",0
2354,9180302016164,12,1,2026-07-14,2026-07-03,"有限会社テクニクス",,302,"愛知県","豊川市","東豊町３丁目３番地",,23,207,4420025,,,,,,,2015-10-05,1,,,,,"テクニクス",0
2355,9180303001165,12,0,2026-07-14,2026-07-01,"合同会社ミキ土建",,305,"愛知県","岡崎市","真伝町字四反田１３番地１５７",,23,202,4443174,,,,,,,2015-10-05,1,,,,,"ミキドケン",0
2356,9190001009848,21,0,2026-07-14,2026-07-08,"小林物流株式会社",,301,"三重県","伊賀市","柘植町２７００番地",,24,216,5191402,,,2026-07-08,11,4120101002425,"令和８年６月３０日大阪府堺市西区築港新町一丁５番地１１小林運輸株式会社（4120101002425）に合併し解散",2015-10-05,1,,,,,"コバヤシブツリュウ",0
2357,9190001023576,01,1,2026-07-14,2016-04-11,"株式会社ＭＯＧＡＫＵ",,301,"三重県","名張市","つつじが丘南１番町３９番地１０",,24,208,5180421,,,,,,,2016-04-11,1,,,,,"モガク",0
2358,9200001045239,01,0,2026-07-14,2026-07-14,"株式会社つながる医療",,301,"岐阜県","岐阜市","金華町１丁目７番地２",,21,201,5020828,,,,,,,2026-07-14,1,,,,,"ツナガルイリョウ",0
2359,9200005010338,21,0,2026-07-14,2026-06-11,"桂木神社",,399,"岐阜県","飛騨市","河合町中澤上字清水４９番地",,21,217,5094306,,,2026-06-11,11,4200005010359,"令和８年６月１１日岐阜県飛騨市河合町角川字井ノ平１５３１番地神明神社（4200005010359）に合併し解散",2015-10-05,1,,,,,"カツラギジンジャ",0
2360,9210002003574,01,1,2026-07-14,2015-10-05,"有限会社丸山不動産管理事務所",,302,"福井県","福井市","丸山２丁目１７１１番地",,18,201,9100834,,,,,,,2015-10-05,1,,,,,"マルヤマフドウサンカンリジムショ",0
2361,9210005010270,01,0,2026-07-14,2026-07-14,"農事組合法人石丸ファーム",,399,"福井県","坂井市","三国町石丸第１１３号１０番地",,18,210,9130023,,,,,,,2026-07-14,1,,,,,"イシマルファーム",0
2362,9220001025692,12,0,2026-07-14,2026-07-13,"株式会社Ｐｒｏボディ",,301,"石川県","金沢市","横川１丁目１８８番地５",,17,201,9218163,,,,,,,2023-11-14,1,,,,,"プロボディ",0
2363,9220002003061,01,1,2026-07-14,2015-10-05,"有限会社ジン・デザイン・オフイス",,302,"石川県","金沢市","香林坊１丁目２番２４号",,17,201,9200961,,,,,,,2015-10-05,0,,,,,"ジンデザインオフイス",0
2364,9220002003061,12,0,2026-07-14,2026-07-13,"有限会社ジン・デザイン・オフイス",,302,"石川県","金沢市","久安５丁目２５２番地",,17,201,9218164,,,,,,,2015-10-05,1,,,,,"ジンデザインオフイス",0
2365,9230001016451,01,1,2026-07-14,2016-05-12,"株式会社ナナオ",,301,"富山県","氷見市","島尾９４番地７",,16,205,9350032,,,,,,,2016-05-12,1,,,,,"ナナオ",0
2366,9230001021518,01,0,2026-07-14,2026-07-14,"株式会社クミカエ",,301,"富山県","富山市","中冨居新町１番２８号",,16,201,9300830,,,,,,,2026-07-14,1,,,,,"クミカエ",0
2367,9230002002500,21,0,2026-07-14,2026-07-08,"有限会社富山料飲会舘",,302,"富山県","富山市","泉町１丁目６番１７号",,16,201,9300042,,,2026-07-08,01,,,2015-10-05,1,,,,,"トヤマリョウインカイカン",0
2368,9240001042983,21,0,2026-07-14,2026-07-03,"ＨＳＡ株式会社",,301,"広島県","東広島市","八本松町飯田１４０４番地",,34,212,7390141,,,2026-07-03,01,,,2015-10-05,1,,,,,"エイチエスエイ",0
2369,9240001062544,71,0,2026-07-14,2026-06-22,"株式会社ｏｗｌ",,301,"広島県","広島市安佐南区","緑井２丁目１４番２６号",,34,105,7310103,,,,,,"令和８年６月２１日広島市西区庚午北二丁目１５番１５号コーポキムラ１０１株式会社ＬｉＢ（3240001062566）を合併",2023-12-13,1,,,,,"アウル",0
2370,9240001066801,01,0,2026-07-14,2026-07-14,"株式会社Ｗｈｅｅｌｉｅ　Ｅｎｇｉｎｅｅｒｉｎｇ",,301,"広島県","広島市安佐北区","口田南４丁目４８番１１号",,34,106,7391733,,,,,,,2026-07-14,1,,,,,"ウィリーエンジニアリング",0
2371,9240005015779,12,0,2026-07-14,2026-07-13,"一般社団法人広島県中小企業家同友会",,399,"広島県","広島市中区","小町３－１９リファレンス広島小町ビル２０１号",,34,101,7300041,,,,,,,2024-06-12,1,,,,,"ヒロシマケンチュウショウキギョウカドウユウカイ",0
2372,9250001021755,01,0,2026-07-14,2026-07-14,"株式会社ＶＡＵＬＴ",,301,"山口県","下関市","川中豊町７丁目１４番６号",,35,201,7510853,,,,,,,2026-07-14,1,,,,,"ヴォルト",0
2373,9260001001590,12,0,2026-07-14,2026-07-06,"岡ビル産業株式会社",,301,"岡山県","岡山市北区","駅前町２丁目４番１０号",,33,101,7000023,,,,,,,2015-10-05,1,,,,,"オカビルサンギョウ",0
2374,9260001010121,21,0,2026-07-14,2026-07-08,"株式会社共同設備",,301,"岡山県","岡山市南区","大福８５４番地",,33,104,7010204,,,2026-07-08,01,,,2015-10-05,1,,,,,"キョウドウセツビ",0
2375,9280001009681,01,0,2026-07-14,2026-07-14,"Ｓｏｕｌ　ｂｅｉｎｇ株式会社",,301,"島根県","出雲市","今市町１４１４番地５",,32,203,6930001,,,,,,,2026-07-14,1,,,,,"ソウルビーイング",0
2376,9290001009788,71,0,2026-07-14,2026-07-01,"トラストパーク株式会社",,301,"福岡県","福岡市博多区","博多駅南５丁目１５番１８号",,40,132,8120016,,,,,,"令和８年７月１日福岡市博多区博多駅南五丁目１５番１８号株式会社グランシップ（9290001052433）を合併",2015-10-05,1,,,,,"トラストパーク",0
2377,9290001052433,21,0,2026-07-14,2026-07-01,"株式会社グランシップ",,301,"福岡県","福岡市博多区","博多駅南５丁目１５番１８号",,40,132,8120016,,,2026-07-01,11,9290001009788,"令和８年７月１日福岡市博多区博多駅南五丁目１５番１８号トラストパーク株式会社（9290001009788）に合併し解散",2015-10-05,1,,,,,"グランシップ",0
2378,9290001061814,12,0,2026-07-14,2026-07-01,"株式会社コネクト",,301,"福岡県","福岡市東区","下原４丁目１番１４号",,40,131,8130002,,,,,,,2015-10-05,1,,,,,"コネクト",0
2379,9290001067225,01,1,2026-07-14,2015-10-05,"株式会社ＯＳＡＭＵ",,301,"福岡県","筑後市","大字前津１６９５番地",,40,211,8330002,,,,,,,2015-10-05,1,,,,,"オサム",0
2380,9290001075401,12,0,2026-07-14,2026-06-29,"株式会社ＫＬＤ",,301,"福岡県","糸島市","前原北２丁目１２番３３号",,40,230,8191118,,,,,,,2016-10-06,1,,,,,"ケーエルディー",0
2381,9290001111651,12,0,2026-07-14,2026-07-01,"元来株式会社",,301,"福岡県","福岡市南区","塩原４丁目１８番１６号オダックス４０３",,40,134,8150032,,,,,,,2025-10-16,1,,,,,"ゲンライ",0
2382,9290001113532,12,0,2026-07-14,2026-07-01,"株式会社八つ葉不動産",,301,"福岡県","福岡市中央区","高砂１丁目１１番１号福岡ゼネラルビル",,40,133,8100011,,,,,,,2026-03-19,1,,,,,"ヤツバフドウサン",0
2383,9290001114753,01,0,2026-07-14,2026-07-14,"株式会社ＮＥＸＴ　ＯＮＥ",,301,"福岡県","福岡市博多区","博多駅南４丁目１１番２８号１Ｆ",,40,132,8120016,,,,,,,2026-07-14,1,,,,,"ネクストワン",0
2384,9290002053422,12,0,2026-07-14,2026-07-01,"有限会社シムタトリョウ",,302,"福岡県","大川市","大字中古賀１０３５番地３３",,40,212,8310006,,,,,,,2015-10-05,1,,,,,"シムタトリョウ",0
2385,9290801032659,01,0,2026-07-14,2026-07-14,"株式会社ＮＩＴＴＯ　ＴＲＡＤＩＮＧ",,301,"福岡県","北九州市門司区","新門司１丁目７番１号",,40,101,8000115,,,,,,,2026-07-14,1,,,,,"ニットートレーディング",0
2386,9290802005052,01,1,2026-07-14,2015-10-05,"有限会社秦工務店",,302,"福岡県","北九州市小倉北区","足原１丁目１０番８号",,40,106,8020043,,,,,,,2015-10-05,1,,,,,"ハタコウムテン",0
2387,9290805000455,01,1,2026-07-14,2015-10-05,"学校法人徳力学園",,399,"福岡県","北九州市小倉南区","徳力新町２丁目３番３２号",,40,107,8020979,,,,,,,2015-10-05,1,,,,,"トクリキガクエン",0
2388,9290805009109,01,1,2026-07-14,2018-05-23,"一般社団法人行橋未来塾",,399,"福岡県","行橋市","中央３丁目７番１号",,40,213,8240005,,,,,,,2018-05-23,0,,,,,"ユクハシミライジュク",0
2389,9290805009109,11,1,2026-07-14,2024-03-01,"一般社団法人日本るんるん協会",,399,"福岡県","行橋市","中央３丁目７番１号",,40,213,8240005,,,,,,,2018-05-23,1,,,,,"ニホンルンルンキョウカイ",0
2390,9300001014662,11,0,2026-07-14,2026-07-08,"株式会社原田技建",,301,"佐賀県","佐賀市","諸富町大字徳富１２８５番地１",,41,201,8402104,,,,,,,2026-07-06,1,,,,,"ハラダギケン",0
2391,9320005005375,11,0,2026-07-14,2026-06-30,"医療法人みずぬまクリニック",,399,"大分県","佐伯市","駅前２丁目４番９号",,44,205,8760803,,,,,,,2015-10-05,1,,,,,"ミズヌマクリニック",0
2392,9330001034476,01,0,2026-07-14,2026-07-14,"日本緑建株式会社",,301,"熊本県","熊本市東区","長嶺東６丁目１０番１０６号サンビレッジレグルスガーデンＣ棟１０２号室",,43,102,8618038,,,,,,,2026-07-14,1,,,,,"ニホンリョクケン",0
2393,9330003011671,01,0,2026-07-14,2026-07-14,"ＴＮ２合同会社",,305,"熊本県","熊本市南区","十禅寺２丁目３番１６号",,43,104,8600824,,,,,,,2026-07-14,1,,,,,"ティーエヌニ",0
2394,9340001018404,12,0,2026-07-14,2026-07-01,"株式会社ＮＥＷＳ",,301,"鹿児島県","鹿児島市","伊敷４丁目９番１５号",,46,201,8900008,,,,,,,2015-10-05,1,,,,,"ニュース",0
2395,9340005004210,21,0,2026-07-14,2026-06-29,"農事組合法人ミナミ酪農組合",,399,"鹿児島県","熊毛郡南種子町","西之１７９２番地",,46,502,8913705,,,2026-06-29,01,,,2015-10-05,1,,,,,"ミナミラクノウクミアイ",0
2396,9350001015078,01,1,2026-07-14,2017-12-20,"株式会社一",,301,"宮崎県","宮崎市","源藤町南田５０番地４",,45,201,8800927,,,,,,,2017-12-20,1,,,,,"ハジメ",0
2397,9350002016926,01,1,2026-07-14,2015-10-05,"株式会社アップフェル",,301,"宮崎県","日南市","飫肥５丁目３番２４号",,45,204,8892535,,,,,,,2015-10-05,1,,,,,"アップフェル",0
2398,9360001036981,01,0,2026-07-14,2026-07-14,"株式会社シンリョウ",,301,"沖縄県","那覇市","安謝２丁目２０番２号スプリーム１０２",,47,201,9000003,,,,,,,2026-07-14,1,,,,,"シンリョウ",0
2399,9360001036998,01,0,2026-07-14,2026-07-14,"株式会社一起ＨＤ",,301,"沖縄県","那覇市","識名１丁目１９番３３号",,47,201,9020078,,,,,,,2026-07-14,1,,,,,"イッキホールディングス",0
2400,9360003008112,01,1,2026-07-14,2017-03-29,"エイチ・フィールド合同会社",,305,"沖縄県","国頭郡本部町","字山川１０４６番地２",,47,308,9050205,,,,,,,2017-03-29,0,,,,,,0
2401,9360003008112,12,1,2026-07-14,2020-03-30,"エイチ・フィールド合同会社",,305,"沖縄県","国頭郡本部町","字浜元４７３番地ＤＣハイム３０１号",,47,308,9050216,,,,,,,2017-03-29,0,,,,,,0
2402,9360003008112,12,1,2026-07-14,2023-01-13,"エイチ・フィールド合同会社",,305,"沖縄県","名護市","字屋部５９７番地２コーポシャンティー３０１号",,47,209,9050007,,,,,,,2017-03-29,1,,,,,,0
2403,9370001054009,01,0,2026-07-14,2026-07-14,"株式会社協林ホールディングス",,301,"宮城県","仙台市若林区","大和町３丁目１４番１５号",,04,103,9840042,,,,,,,2026-07-14,1,,,,,"キョウリンホールディングス",0
2404,9380001007709,71,0,2026-07-14,2026-06-30,"アルファクラブ東北株式会社",,301,"福島県","郡山市","開成３丁目６番１５号",,07,203,9638851,,,,,,"令和８年６月３０日山形市松波四丁目１０番５号ベル山形株式会社（3390001012515）を合併令和８年６月３０日岩手県一関市花泉町涌津字二ノ町５３番地有限会社こいわ葬儀社（1400502001025）を合併令和８年６月３０日岩手県奥州市水沢佐倉河字東沖ノ目７４番地１ベル水沢株式会社（9400001004728）を合併",2015-10-05,1,,,,,"アルファクラブトウホク",0
2405,9380002022888,01,1,2026-07-14,2015-10-05,"小名浜サツシ有限会社",,302,"福島県","いわき市","小名浜大原字甲新地１０４番地の９",,07,204,9718111,,,,,,,2015-10-05,0,,,,,"オナハマサツシ",0
2406,9380002022888,12,1,2026-07-14,2015-12-21,"小名浜サツシ有限会社",,302,"福島県","いわき市","小名浜野田字田中１８番地の２",,07,204,9718126,,,,,,,2015-10-05,1,,,,,"オナハマサツシ",0
2407,9400001006179,12,0,2026-07-14,2026-07-01,"東北精密株式会社",,301,"岩手県","北上市","村崎野２３地割３０番地９",,03,206,0240004,,,,,,,2015-10-05,1,,,,,"トウホクセイミツ",0
2408,9400001016599,21,0,2026-07-14,2026-07-02,"株式会社オードリー",,301,"岩手県","盛岡市","三本柳２２地割１０７番地６",,03,201,0200831,,,2026-07-02,01,,,2024-03-22,1,,,,,"オードリー",0
2409,9400002005048,01,1,2026-07-14,2015-10-05,"有限会社田頭工務店",,302,"岩手県","盛岡市","城西町１３番６１号",,03,201,0200044,,,,,,,2015-10-05,1,,,,,"デンドウコウムテン",0
2410,9400003003703,12,0,2026-07-14,2026-07-01,"合同会社萩丸商事",,305,"岩手県","盛岡市","南仙北３丁目４番２１号",,03,201,0200863,,,,,,,2026-05-08,1,,,,,"ハギマルショウジ",0
2411,9400605000692,01,1,2026-07-14,2015-10-05,"特定非営利活動法人シチズンスポーツ奥州",,399,"岩手県","奥州市","水沢区東中通り１丁目１番１３号",,03,215,0230822,,,,,,,2015-10-05,0,,,,,"シチズンスポーツオウシュウ",0
2412,9400605000692,12,1,2026-07-14,2018-04-02,"特定非営利活動法人シチズンスポーツ奥州",,399,"岩手県","奥州市","水沢東中通り１丁目１番１３号",,03,215,0230822,,,,,,,2015-10-05,1,,,,,"シチズンスポーツオウシュウ",0
2413,9410001009214,01,1,2026-07-14,2015-10-05,"株式会社ワイズ",,301,"秋田県","横手市","十文字町上鍋倉字東坊田野１８番地９",,05,203,0190507,,,,,,,2015-10-05,0,,,,,,0
2414,9410001009214,12,1,2026-07-14,2017-10-27,"株式会社ワイズ",,301,"秋田県","横手市","十文字町宝竜１丁目１８番地",,05,203,0190518,,,,,,,2015-10-05,0,,,,,,0
2415,9410001009214,11,1,2026-07-14,2017-10-27,"株式会社あどいんべ",,301,"秋田県","横手市","十文字町宝竜１丁目１８番地",,05,203,0190518,,,,,,,2015-10-05,1,,,,,"アドインベ",0
2416,9410001012787,21,0,2026-07-14,2026-07-06,"株式会社Ｒ’ｓ＆Ｃｏｍｐａｎｙ",,301,"秋田県","能代市","落合字下大野１番地１１５",,05,202,0160014,,,2026-07-06,01,,,2021-04-06,1,,,,,"アールズアンドカンパニー",0
2417,9410002005476,21,0,2026-07-14,2026-07-03,"有限会社大羽建設",,302,"秋田県","南秋田郡井川町","浜井川字家ノ東１３３番地",,05,366,0181516,,,2026-07-03,01,,,2015-10-05,1,,,,,"オオウケンセツ",0
2418,9420001018676,12,0,2026-07-14,2026-07-01,"株式会社エクステック",,301,"青森県","三戸郡階上町","大字道仏字大蛇長根５番地１２",,02,446,0391201,,,,,,,2024-04-08,1,,,,,"エクステック",0
2419,9430001008552,71,0,2026-07-14,2026-07-01,"株式会社エネサンス北海道",,301,"北海道","札幌市中央区","大通西１８丁目２番地１０",,01,101,0600042,,,,,,"令和８年７月１日北海道苫小牧市字勇払４４番地の１１株式会社マツネン（9430002059999）を合併",2015-10-05,1,,,,,"エネサンスホッカイドウ",0
2420,9430001085575,21,0,2026-07-14,2026-07-09,"株式会社ＳＴＡＲ",,301,"北海道","札幌市中央区","南五条西５丁目２１番地３第３旭観光ビル２階",,01,101,0640805,,,2026-07-09,01,,,2021-12-20,1,,,,,"スター",0
2421,9430001094519,12,0,2026-07-14,2026-07-07,"株式会社渡瀬不動産",,301,"北海道","札幌市中央区","北一条東１３丁目１－１－５０５",,01,101,0600031,,,,,,,2025-05-29,1,,,,,"ワタセフドウサン",0
2422,9430001097216,01,0,2026-07-14,2026-07-14,"株式会社蝦夷社中",,301,"北海道","札幌市中央区","南五条西４丁目１番６号エヌスタービル９階",,01,101,0640805,,,,,,,2026-07-14,1,,,,,"エゾシャチュウ",0
2423,9430002049083,01,1,2026-07-14,2015-10-05,"有限会社岩見沢メディカル",,302,"北海道","岩見沢市","三条東２丁目６番地",,01,210,0680003,,,,,,,2015-10-05,1,,,,,"イワミザワメディカル",0
2424,9430002059999,21,0,2026-07-14,2026-07-01,"株式会社マツネン",,301,"北海道","苫小牧市","字勇払４４番地の１１",,01,213,0591372,,,2026-07-01,11,9430001008552,"令和８年７月１日札幌市中央区大通西十八丁目２番地１０株式会社エネサンス北海道（9430001008552）に合併し解散",2015-10-05,1,,,,,"マツネン",0
2425,9430003018120,01,1,2026-07-14,2025-09-17,"石狩湾新港洋上風力合同会社",,305,"北海道","札幌市中央区","大通東１丁目２番地",,01,101,0600041,,,,,,,2025-09-17,1,,,,,"イシカリワンシンコウヨウジョウフウリョク",0
2426,9440001005020,01,1,2026-07-14,2015-10-05,"株式会社ロジック",,301,"北海道","函館市","本通４丁目１４番７号",,01,202,0410851,,,,,,,2015-10-05,0,,,,,"ロジック",0
2427,9440001005020,12,0,2026-07-14,2026-07-09,"株式会社ロジック",,301,"北海道","札幌市中央区","南五条西９丁目１０１９",,01,101,0640805,,,,,,,2015-10-05,1,,,,,"ロジック",0
2428,9440005001429,01,1,2026-07-14,2015-10-05,"特定非営利活動法人地域活動支援センター夕陽が丘",,399,"北海道","函館市","鍛治２丁目４０番１４号",,01,202,0410852,,,,,,,2015-10-05,0,,,,,,0
2429,9440005001429,11,1,2026-07-14,2015-12-08,"特定非営利活動法人夕陽が丘",,399,"北海道","函館市","鍛治２丁目４０番１４号",,01,202,0410852,,,,,,,2015-10-05,1,,,,,,0
2430,9470001001207,11,0,2026-07-14,2026-07-03,"ＡＬＳＯＫ四国株式会社",,301,"香川県","高松市","田町１１番地５",,37,201,7600053,,,,,,,2015-10-05,1,,,,,"アルソックシコク",0
2431,9470001011230,01,1,2026-07-14,2015-10-05,"株式会社ハウスサービス",,301,"香川県","東かがわ市","小磯４４９番地１",,37,207,7692511,,,,,,,2015-10-05,1,,,,,"ハウスサービス",0
2432,9500005003749,21,0,2026-07-14,2026-07-10,"伊予西条小売酒販組合",,399,"愛媛県","西条市","明神木９２番地１",,38,206,7930034,,,2026-07-10,01,,,2015-10-05,1,,,,,"イヨサイジョウコウリ",0
2433,9700150009844,21,0,2026-07-14,2026-03-31,"電気通信工事担任者の会",,499,"東京都","豊島区","巣鴨１丁目４８－３白石ビル３Ｆ",,13,116,1700002,,,2026-03-31,31,,,2015-10-09,1,,,,,"デンキツウシンコウジタンニンシヤノカイ",0
2434,9700150038133,21,0,2026-07-14,2025-03-31,"久之浜児童クラブ",,499,"福島県","いわき市","久之浜町久之浜字糠塚１５久之浜第一小学校内",,07,204,9790333,,,2025-03-31,31,,,2015-10-09,1,,,,,"ヒサノハマジドウクラブ",0
2435,9700150079367,21,0,2026-07-14,2024-03-31,"ながさき児童クラブ",,499,"福島県","いわき市","永崎字川畑９５－２",,07,204,9700315,,,2024-03-31,31,,,2016-12-27,1,,,,,"ナガサキジドウクラブ",0
